Timestamp,IMU_Packages_per_sec,Odom_Packages_per_sec,Send_Packages_per_sec,Yaw_Angle,Left_Velocity_mps,Right_Velocity_mps,x,y,quaternion_yaw,Left_Velocity_LOS,Right_Velocity_LOS,theta_yaw
2026-04-22 19:10:00.423,0,9,9,0.00,-0.0001,0.0000,0.0000,0.0000,0.0000,0.0000,0.0000,0.0000
2026-04-22 19:10:00.922,0,10,10,0.00,0.0000,0.0003,0.0000,0.0000,0.0000,0.0000,0.0000,0.0000
2026-04-22 19:10:01.422,0,10,10,0.00,0.0000,0.0000,0.0000,0.0000,0.0000,0.0000,0.0000,0.0000
2026-04-22 19:10:01.923,0,10,10,0.00,0.0000,0.0003,0.0000,0.0000,0.0000,0.0000,0.0000,0.0000
2026-04-22 19:10:02.422,0,10,10,0.00,0.0001,-0.0001,0.0000,0.0000,0.0000,-0.0000,0.0000,0.0000
2026-04-22 19:10:02.924,0,10,10,0.00,0.0000,0.0000,0.0000,0.0000,0.0000,-0.0000,0.0000,0.0000
2026-04-22 19:10:03.422,0,9,10,0.00,0.0000,0.0000,0.0000,0.0000,0.0000,-0.0000,0.0000,0.0000
2026-04-22 19:10:03.926,0,10,10,0.00,0.0000,0.0000,0.0000,0.0000,0.0000,-0.0000,0.0000,0.0000
2026-04-22 19:10:04.423,0,10,10,0.00,0.0003,0.0000,0.0000,0.0000,0.0000,-0.0000,0.0000,0.0000
2026-04-22 19:10:04.924,0,10,10,0.00,0.0000,0.0000,0.0000,0.0000,0.0000,-0.0000,0.0000,0.0000
2026-04-22 19:10:05.422,0,10,10,0.00,0.0004,-0.0001,0.0000,0.0000,0.0000,-0.0000,0.0000,0.0000
2026-04-22 19:10:05.922,0,10,10,0.00,-0.0001,0.0000,0.0000,0.0000,0.0000,-0.0000,0.0000,0.0000
2026-04-22 19:10:06.422,0,10,10,0.00,0.0000,0.0003,0.0000,0.0000,0.0000,-0.0000,0.0000,0.9981
2026-04-22 19:10:06.923,0,10,10,0.00,0.0003,0.0001,0.0000,0.0000,0.0000,-0.0000,0.0000,0.9981
2026-04-22 19:10:07.422,0,10,10,0.00,0.0001,0.0000,0.0000,0.0000,0.0000,-0.0000,0.0000,0.9981
2026-04-22 19:10:07.922,0,10,10,0.00,0.0001,0.0000,0.0000,0.0000,0.0000,-0.0000,0.0000,0.9981
2026-04-22 19:10:08.422,0,10,10,0.00,0.0001,0.0000,0.0000,0.0000,0.0000,-0.0000,0.0000,0.9981
2026-04-22 19:10:08.924,0,10,10,0.00,0.0003,0.0000,0.0000,0.0000,0.0000,-0.0000,0.0000,0.9981
2026-04-22 19:10:09.422,0,10,10,0.00,0.0000,0.0000,0.0000,0.0000,0.0000,-0.0000,0.0000,0.9981
2026-04-22 19:10:09.924,0,10,10,0.00,0.0000,0.0000,0.0000,0.0000,0.0000,-0.0000,0.0000,0.9981
2026-04-22 19:10:10.423,0,10,10,0.00,0.0001,0.0000,0.0000,0.0000,0.0000,-0.0000,0.0000,0.9981
2026-04-22 19:10:10.922,0,10,10,0.00,0.0000,0.0000,0.0000,0.0000,0.0000,-0.0000,0.0000,0.9981
2026-04-22 19:10:11.423,0,10,10,0.00,0.0000,0.0000,0.0000,0.0000,0.0000,-0.0000,0.0000,0.9981
2026-04-22 19:10:11.922,0,10,10,0.00,0.0000,-0.0001,0.0000,0.0000,0.0000,-0.0000,0.0000,0.9981
2026-04-22 19:10:12.422,0,10,10,0.00,0.0001,0.0000,0.0000,0.0000,0.0000,-0.0000,0.0000,0.9981
2026-04-22 19:10:12.922,0,10,10,0.00,0.0000,0.0001,0.0000,0.0000,0.0000,-0.0000,0.0000,0.9981
2026-04-22 19:10:13.422,0,10,10,0.00,0.0005,0.0000,0.0000,0.0000,0.0000,-0.0000,0.0000,0.9981
2026-04-22 19:10:13.922,0,10,10,0.00,0.0000,0.0000,0.0000,0.0000,0.0000,-0.0000,0.0000,0.9981
2026-04-22 19:10:14.423,0,10,10,0.00,0.0000,0.0000,0.0000,0.0000,0.0000,-0.0000,0.0000,0.9981
2026-04-22 19:10:14.923,0,10,10,0.00,-0.0001,-0.0001,0.0000,0.0000,0.0000,-0.0000,0.0000,1.3244
2026-04-22 19:10:15.423,0,10,10,0.00,0.0001,0.0000,0.0000,0.0000,0.0000,-0.0000,0.0000,1.3244
2026-04-22 19:10:15.922,0,10,10,0.00,0.0000,0.0001,0.0000,0.0000,0.0000,-0.0000,0.0000,1.3244
2026-04-22 19:10:16.423,0,10,10,0.00,0.0000,0.0001,0.0000,0.0000,0.0000,-0.0000,0.0000,1.3244
2026-04-22 19:10:16.922,0,10,10,0.00,-0.0001,-0.0001,0.0000,0.0000,0.0000,-0.0000,0.0000,1.3244
2026-04-22 19:10:17.422,0,10,10,0.00,-0.0001,0.0000,0.0000,0.0000,0.0000,-0.0000,0.0000,1.3244
2026-04-22 19:10:17.922,0,10,10,0.00,0.0000,0.0000,0.0000,0.0000,0.0000,-0.0000,0.0000,1.3244
2026-04-22 19:10:18.422,0,10,10,0.00,0.0000,0.0000,0.0000,0.0000,0.0000,-0.0000,0.0000,1.3244
2026-04-22 19:10:18.922,0,10,10,0.00,0.0000,0.0005,0.0000,0.0000,0.0000,-0.0000,0.0000,1.3244
2026-04-22 19:10:19.422,0,10,10,0.00,0.0000,0.0000,0.0000,0.0000,0.0000,-0.0000,0.0000,1.3244
2026-04-22 19:10:19.922,0,10,10,0.00,0.0003,0.0000,0.0000,0.0000,0.0000,-0.0000,0.0000,1.3244
2026-04-22 19:10:20.423,0,10,10,0.00,0.0000,0.0000,0.0000,0.0000,0.0000,-0.0000,0.0000,1.3244
2026-04-22 19:10:20.922,0,10,10,0.00,0.0004,0.0000,0.0000,0.0000,0.0000,-0.0000,0.0000,1.3244
2026-04-22 19:10:21.422,0,10,10,0.00,-0.0001,0.0001,0.0000,0.0000,0.0000,-0.0000,0.0000,1.3244
2026-04-22 19:10:21.922,0,10,10,0.00,0.0000,-0.0001,0.0000,0.0000,0.0000,-0.0000,0.0000,1.3244
2026-04-22 19:10:22.422,0,10,10,0.00,0.0001,0.0000,0.0000,0.0000,0.0000,-0.0000,0.0000,1.3244
2026-04-22 19:10:22.922,0,10,10,0.00,0.0003,0.0000,0.0000,0.0000,0.0000,-0.0000,0.0000,1.3244
2026-04-22 19:10:23.422,0,10,10,0.00,0.0000,0.0001,0.0000,0.0000,0.0000,-0.0000,0.0000,1.3244
2026-04-22 19:10:23.923,0,10,10,0.00,0.0000,-0.0005,0.0000,0.0000,0.0000,-0.0000,0.0000,1.3244
2026-04-22 19:10:24.423,0,10,10,0.00,0.0000,0.0000,0.0000,0.0000,0.0000,-0.0000,0.0000,1.3244
2026-04-22 19:10:24.922,0,10,10,0.00,0.0000,-0.0003,0.0000,0.0000,0.0000,-0.0000,0.0000,1.3244
2026-04-22 19:10:25.422,0,10,10,0.00,0.0000,-0.0001,0.0000,0.0000,0.0000,-0.0000,0.0000,1.3244
2026-04-22 19:10:25.922,0,10,10,0.00,0.0001,0.0000,0.0000,0.0000,0.0000,-0.0000,0.0000,1.3244
2026-04-22 19:10:26.422,0,10,10,0.00,0.0000,0.0000,0.0000,0.0000,0.0000,-0.0000,0.0000,1.3244
2026-04-22 19:10:26.922,0,10,10,0.00,0.0000,0.0000,0.0000,0.0000,0.0000,-0.0000,0.0000,1.3244
2026-04-22 19:10:27.422,0,10,10,0.00,0.0001,0.0000,0.0000,0.0000,0.0000,-0.0000,0.0000,1.3244
2026-04-22 19:10:27.922,0,10,10,0.00,-0.0001,-0.0001,0.0000,0.0000,0.0000,-0.0000,0.0000,1.3244
2026-04-22 19:10:28.422,0,10,10,0.00,0.0000,-0.0001,0.0000,0.0000,0.0000,-0.0000,0.0000,1.3244
2026-04-22 19:10:28.923,0,10,10,0.00,-0.0001,0.0000,0.0000,0.0000,0.0000,-0.0000,0.0000,1.3244
2026-04-22 19:10:29.422,0,10,10,0.00,0.0001,0.0001,0.0000,0.0000,0.0000,-0.0000,0.0000,1.3244
2026-04-22 19:10:29.924,0,10,10,0.00,0.0003,-0.0001,0.0000,0.0000,0.0000,-0.0000,0.0000,1.3244
2026-04-22 19:10:30.422,0,10,10,0.00,0.0000,0.0001,0.0000,0.0000,0.0000,-0.0000,0.0000,1.3244
2026-04-22 19:10:30.925,0,10,10,0.00,-0.0005,0.0003,0.0000,0.0000,0.0000,-0.0000,0.0000,1.3244
2026-04-22 19:10:31.422,0,10,10,0.00,0.0000,-0.0003,0.0000,0.0000,0.0000,-0.0000,0.0000,1.3244
2026-04-22 19:10:31.923,0,10,10,0.00,-0.0001,0.0001,0.0000,0.0000,0.0000,-0.0000,0.0000,1.3244
2026-04-22 19:10:32.424,0,10,10,0.00,0.0000,0.0000,0.0000,0.0000,0.0000,-0.0000,0.0000,1.3244
2026-04-22 19:10:32.923,0,10,10,0.00,0.0001,0.0001,0.0000,0.0000,0.0000,-0.0000,0.0000,1.3244
2026-04-22 19:10:33.422,0,10,10,0.00,0.0000,-0.0001,0.0000,0.0000,0.0000,-0.0000,0.0000,1.3244
2026-04-22 19:10:33.923,0,10,10,0.00,-0.0003,-0.0001,0.0000,0.0000,0.0000,-0.0000,0.0000,1.3244
2026-04-22 19:10:34.422,0,10,10,0.00,0.0000,0.0000,0.0000,0.0000,0.0000,-0.0000,0.0000,1.3244
2026-04-22 19:10:34.922,0,10,10,0.00,0.0001,-0.0001,0.0000,0.0000,0.0000,-0.0000,0.0000,1.3244
2026-04-22 19:10:35.422,0,10,10,0.00,0.0000,0.0000,0.0000,0.0000,0.0000,-0.0000,0.0000,1.3244
2026-04-22 19:10:35.922,0,10,10,0.00,0.0000,-0.0001,0.0000,0.0000,0.0000,-0.0000,0.0000,1.3244
2026-04-22 19:10:36.422,0,9,10,0.00,-0.0001,-0.0003,0.0000,0.0000,0.0000,-0.0000,0.0000,1.3244
2026-04-22 19:10:36.922,0,9,10,0.00,0.0000,-0.0001,0.0000,0.0000,0.0000,-0.0000,0.0000,1.3244
2026-04-22 19:10:37.422,0,10,10,0.00,0.0000,-0.0001,0.0000,0.0000,0.0000,-0.0000,0.0000,1.3244
2026-04-22 19:10:37.923,0,10,10,0.00,-0.0004,0.0000,0.0000,0.0000,0.0000,-0.0000,0.0000,1.3244
2026-04-22 19:10:38.422,0,10,10,0.00,0.0001,-0.0004,0.0000,0.0000,0.0000,-0.0000,0.0000,1.3244
2026-04-22 19:10:38.923,0,10,10,0.00,-0.0001,-0.0001,0.0000,0.0000,0.0000,-0.0000,0.0000,1.3244
2026-04-22 19:10:39.422,0,10,10,0.00,0.0000,-0.0003,0.0000,0.0000,0.0000,-0.0000,0.0000,1.3244
2026-04-22 19:10:39.922,0,10,10,0.00,0.0000,-0.0001,0.0000,0.0000,0.0000,-0.0000,0.0000,1.3244
2026-04-22 19:10:40.422,0,10,10,0.00,-0.0001,0.0001,0.0000,0.0000,0.0000,-0.0000,0.0000,1.3244
2026-04-22 19:10:40.922,0,10,10,0.00,0.0000,0.0000,0.0000,0.0000,0.0000,-0.0000,0.0000,1.3244
2026-04-22 19:10:41.422,0,10,10,0.00,0.0000,0.0000,0.0000,0.0000,0.0000,-0.0000,0.0000,1.3244
2026-04-22 19:10:41.922,0,10,10,0.00,0.0003,-0.0001,0.0000,0.0000,0.0000,-0.0000,0.0000,1.3244
2026-04-22 19:10:42.424,0,10,10,0.00,-0.0003,0.0004,0.0000,0.0000,0.0000,-0.0000,0.0000,1.3244
2026-04-22 19:10:42.922,0,10,10,0.00,-0.0001,0.0000,0.0000,0.0000,0.0000,-0.0000,0.0000,1.3244
2026-04-22 19:10:43.422,0,10,10,0.00,0.0000,-0.0001,0.0000,0.0000,0.0000,-0.0000,0.0000,1.3244
2026-04-22 19:10:43.922,0,10,10,0.00,0.0000,-0.0001,0.0000,0.0000,0.0000,-0.0000,0.0000,1.3244
2026-04-22 19:10:44.422,0,10,10,0.00,-0.0001,0.0003,0.0000,0.0000,0.0000,-0.0000,0.0000,1.3244
2026-04-22 19:10:44.923,0,10,10,0.00,0.0000,-0.0001,0.0000,0.0000,0.0000,-0.0000,0.0000,1.3244
2026-04-22 19:10:45.422,0,10,10,0.00,-0.0003,0.0000,0.0000,0.0000,0.0000,-0.0000,0.0000,1.3244
2026-04-22 19:10:45.922,0,10,10,0.00,0.0000,-0.0003,0.0000,0.0000,0.0000,-0.0000,0.0000,1.3244
2026-04-22 19:10:46.423,0,10,10,0.00,0.0000,-0.0003,0.0000,0.0000,0.0000,-0.0000,0.0000,1.3244
2026-04-22 19:10:46.923,0,10,10,0.00,0.0000,0.0001,0.0000,0.0000,0.0000,-0.0000,0.0000,1.3244
2026-04-22 19:10:47.423,0,10,10,0.00,0.0000,0.0001,0.0000,0.0000,0.0000,-0.0000,0.0000,1.3244
2026-04-22 19:10:47.923,0,10,10,0.00,0.0000,0.0000,0.0000,0.0000,0.0000,-0.0000,0.0000,1.3244
2026-04-22 19:10:48.425,0,10,10,0.00,0.0000,0.0000,0.0000,0.0000,0.0000,-0.0000,0.0000,1.3244
2026-04-22 19:10:48.923,0,10,10,0.00,-0.0001,0.0000,0.0000,0.0000,0.0000,-0.0000,0.0000,1.3244
2026-04-22 19:10:49.422,0,10,10,0.00,0.0000,0.0000,0.0000,0.0000,0.0000,-0.0000,0.0000,1.3244
2026-04-22 19:10:49.923,0,10,10,0.00,-0.0003,0.0001,0.0000,0.0000,0.0000,-0.0000,0.0000,1.3244
2026-04-22 19:10:50.422,0,4,10,0.00,-0.0005,0.0000,0.0000,0.0000,0.0000,-0.0000,0.0000,1.3244
2026-04-22 19:10:50.922,0,3,10,0.00,0.0001,0.0001,0.0000,0.0000,0.0000,-0.0000,0.0000,1.3244
2026-04-22 19:10:51.422,0,10,10,0.00,-0.1145,0.0792,0.0169,-0.0001,0.0000,-0.8258,0.9001,1.3244
2026-04-22 19:10:51.922,0,10,10,0.00,-0.2670,0.2541,0.1089,-0.0030,0.0000,-0.4946,0.6563,-2.5567
2026-04-22 19:10:52.422,0,10,10,0.00,-0.3330,0.4172,0.2786,-0.0101,0.0000,-0.2965,0.5018,-4.0296
2026-04-22 19:10:52.923,0,10,10,0.00,-0.2524,0.4949,0.4640,-0.0010,0.0000,-0.3124,0.4795,0.4591
2026-04-22 19:10:53.422,0,10,10,0.00,-0.4114,0.5572,0.6719,0.0504,0.0000,-0.5668,0.5604,14.1836
2026-04-22 19:10:53.923,0,10,10,0.00,-0.5059,0.4736,0.9107,0.1372,0.0000,-0.4748,0.4091,20.6352
2026-04-22 19:10:54.425,0,10,10,0.00,-0.3665,0.3053,1.1039,0.2043,0.0000,-0.3441,0.3063,18.7110
2026-04-22 19:10:54.923,0,10,10,0.00,-0.2988,0.2856,1.2482,0.2468,0.0000,-0.2975,0.3025,15.4444
2026-04-22 19:10:55.423,0,10,10,0.00,-0.1665,0.3944,1.3842,0.2876,0.0000,-0.1459,0.4541,15.0263
2026-04-22 19:10:55.922,0,10,10,0.00,-0.0952,0.5135,1.5156,0.3587,0.0000,-0.1025,0.4975,28.3500
2026-04-22 19:10:56.423,0,10,10,0.00,-0.1281,0.4732,1.6171,0.4715,0.0000,-0.1391,0.4609,49.9537
2026-04-22 19:10:56.922,0,10,10,0.00,-0.1707,0.4321,1.6800,0.6079,0.0000,-0.1781,0.4219,67.1622
2026-04-22 19:10:57.422,0,10,10,0.00,-0.2039,0.3932,1.7107,0.7549,0.0000,-0.2104,0.3896,80.1313
2026-04-22 19:10:57.922,0,10,10,0.00,-0.2518,0.4008,1.7162,0.9065,0.0000,-0.3061,0.4316,89.5781
2026-04-22 19:10:58.422,0,10,10,0.00,-0.3715,0.4790,1.6989,1.0958,0.0000,-0.4520,0.5300,96.7318
2026-04-22 19:10:58.922,0,10,10,0.00,-0.5243,0.5979,1.6528,1.3433,0.0000,-0.6394,0.6649,102.7311
2026-04-22 19:10:59.422,0,10,10,0.00,-0.6749,0.6804,1.5748,1.6524,0.0000,-0.6625,0.6441,106.1121
2026-04-22 19:10:59.922,0,10,10,0.00,-0.6223,0.5790,1.4903,1.9646,0.0000,-0.6141,0.5473,107.5149
2026-04-22 19:11:00.422,0,10,10,0.00,-0.5829,0.4905,1.4260,2.2390,0.0000,-0.5465,0.4853,105.0836
2026-04-22 19:11:00.922,0,10,10,0.00,-0.4757,0.4677,1.3852,2.4845,0.0000,-0.4641,0.4532,100.2885
2026-04-22 19:11:01.422,0,10,10,0.00,-0.4263,0.4136,1.3526,2.7046,0.0000,-0.4190,0.3954,100.1424
2026-04-22 19:11:01.922,0,10,10,0.00,-0.3850,0.3508,1.3258,2.8989,0.0000,-0.3724,0.3501,99.4509
2026-04-22 19:11:02.422,0,10,10,0.00,-0.3362,0.3228,1.3056,3.0721,0.0000,-0.3269,0.3160,98.2712
2026-04-22 19:11:02.922,0,10,10,0.00,-0.3028,0.2985,1.2890,3.2273,0.0000,-0.3039,0.2961,97.7982
2026-04-22 19:11:03.423,0,10,10,0.00,-0.3047,0.2943,1.2741,3.3754,0.0000,-0.3026,0.2974,97.4172
2026-04-22 19:11:03.927,0,10,10,0.00,-0.3028,0.2998,1.2602,3.5240,0.0000,-0.3000,0.3000,96.9512
2026-04-22 19:11:04.424,0,10,10,0.00,-0.3003,0.3003,1.2469,3.6729,0.0000,-0.2998,0.3002,96.8517
2026-04-22 19:11:04.922,0,10,10,0.00,-0.3030,0.3042,1.2333,3.8233,0.0000,-0.3014,0.2986,97.0263
2026-04-22 19:11:05.423,0,10,10,0.00,-0.3028,0.2965,1.2198,3.9718,0.0000,-0.3011,0.2989,96.9907
2026-04-22 19:11:05.922,0,10,10,0.00,-0.3115,0.3032,1.2070,4.1204,0.0000,-0.5320,0.6483,96.4794
2026-04-22 19:11:06.424,0,10,10,0.00,-0.4393,0.4639,1.1917,4.3156,0.0000,-0.4016,0.5510,96.2004
2026-04-22 19:11:06.923,0,10,10,0.00,-0.3066,0.5220,1.1633,4.5349,0.0000,-0.3311,0.4958,98.1229
2026-04-22 19:11:07.423,0,10,10,0.00,-0.4252,0.5278,1.1014,4.7424,0.0000,-0.6498,0.6759,109.5090
2026-04-22 19:11:07.923,0,10,10,0.00,-0.5702,0.7171,0.9912,5.0028,0.0000,-0.6959,0.6753,114.9336
2026-04-22 19:11:08.423,0,10,10,0.00,-0.6237,0.5663,0.8411,5.2890,0.0000,-0.6937,0.5899,121.4134
2026-04-22 19:11:08.922,0,10,10,0.00,-0.6673,0.5494,0.7176,5.5603,0.0000,-0.4158,0.3713,116.9170
2026-04-22 19:11:09.422,0,10,10,0.00,-0.3334,0.3274,0.6373,5.7829,0.0000,-0.2803,0.3197,110.7211
2026-04-22 19:11:09.923,0,10,10,0.00,-0.2579,0.3049,0.5894,5.9188,0.0000,-0.2094,0.3906,111.5659
2026-04-22 19:11:10.423,0,10,10,0.00,-0.1195,0.4644,0.5319,6.0478,0.0000,-0.1170,0.4830,114.1936
2026-04-22 19:11:10.922,0,10,10,0.00,-0.1284,0.4800,0.4330,6.1639,0.0000,-0.1494,0.4506,133.0745
2026-04-22 19:11:11.422,0,10,10,0.00,-0.1869,0.4089,0.3065,6.2447,0.0000,-0.1978,0.4022,151.1779
2026-04-22 19:11:11.922,0,10,10,0.00,-0.2424,0.3214,0.1700,6.2967,0.0000,-0.2922,0.3078,162.8335
2026-04-22 19:11:12.422,0,10,10,0.00,-0.3125,0.3523,0.0159,6.3416,0.0000,-0.2699,0.3943,167.7242
2026-04-22 19:11:12.922,0,10,10,0.00,-0.1909,0.4156,-0.1375,6.3763,0.0000,-0.2095,0.3972,168.9997
2026-04-22 19:11:13.422,0,10,10,0.00,-0.3253,0.4698,-0.3071,6.3844,0.0000,-0.5085,0.5583,-178.9662
2026-04-22 19:11:13.922,0,10,10,0.00,-0.4748,0.6363,-0.5479,6.3624,0.0000,-0.7356,0.7018,-170.8662
2026-04-22 19:11:14.422,0,10,10,0.00,-0.6375,0.6381,-0.8502,6.2950,0.0000,-0.6330,0.4776,-162.9034
2026-04-22 19:11:14.922,0,10,10,0.00,-0.4924,0.2881,-1.1043,6.2360,0.0000,-0.4862,0.2797,-161.9388
2026-04-22 19:11:15.422,0,10,10,0.00,-0.3932,0.2461,-1.2765,6.2238,0.0000,-0.5130,0.5623,-172.3516
2026-04-22 19:11:15.923,0,10,10,0.00,-0.5121,0.4176,-1.4727,6.2394,0.0000,-0.4937,0.5700,179.1005
2026-04-22 19:11:16.422,0,10,10,0.00,-0.4441,0.5406,-1.7173,6.2714,0.0000,-0.4371,0.5315,174.5202
2026-04-22 19:11:16.923,0,10,10,0.00,-0.3594,0.4490,-1.9509,6.2843,0.0000,-0.4682,0.4034,179.0757
2026-04-22 19:11:17.422,0,10,10,0.00,-0.4640,0.3384,-2.1517,6.2850,0.0000,-0.3870,0.2130,-176.4181
2026-04-22 19:11:17.923,0,10,10,0.00,-0.3109,0.3384,-2.3270,6.2981,0.0000,-0.2919,0.4195,176.7010
2026-04-22 19:11:18.422,0,10,10,0.00,-0.2661,0.4104,-2.4957,6.3055,0.0000,-0.3620,0.2807,-179.7409
2026-04-22 19:11:18.923,0,10,10,0.00,-0.3930,0.2278,-2.6590,6.2998,0.0000,-0.3360,0.2730,-174.0168
2026-04-22 19:11:19.423,0,10,10,0.00,-0.3093,0.2892,-2.8070,6.3097,0.0000,-0.2506,0.3494,178.3123
2026-04-22 19:11:19.923,0,10,10,0.00,-0.2470,0.3646,-2.9591,6.3205,0.0000,-0.2696,0.3304,176.9276
2026-04-22 19:11:20.422,0,9,10,0.00,-0.3252,0.2838,-3.1130,6.3194,0.0000,-0.3272,0.2728,-176.4140
2026-04-22 19:11:20.922,0,10,10,0.00,-0.3164,0.2639,-3.2605,6.3220,0.0000,-0.3093,0.2907,-178.7357
2026-04-22 19:11:21.422,0,10,10,0.00,-0.2910,0.3051,-3.4078,6.3301,0.0000,-0.2936,0.3064,178.7175
2026-04-22 19:11:21.922,0,10,10,0.00,-0.3008,0.3108,-3.5594,6.3374,0.0000,-0.3041,0.2959,-179.9287
2026-04-22 19:11:22.422,0,10,10,0.00,-0.3074,0.2859,-3.7093,6.3440,0.0000,-0.3060,0.2940,179.9151
2026-04-22 19:11:22.922,0,10,10,0.00,-0.3091,0.2978,-3.8582,6.3529,0.0000,-0.3060,0.2940,178.7972
2026-04-22 19:11:23.422,0,10,10,0.00,-0.3059,0.2991,-4.0075,6.3636,0.0000,-0.0000,0.0000,178.2371
2026-04-22 19:11:23.922,0,10,10,0.00,-0.0194,0.0425,-4.0976,6.3700,0.0000,-0.0000,0.0000,178.4890
2026-04-22 19:11:24.423,0,10,10,0.00,-0.0003,0.0001,-4.0947,6.3699,0.0000,-0.0000,0.0000,179.0846
2026-04-22 19:11:24.923,0,10,10,0.00,0.0004,-0.0005,-4.0947,6.3699,0.0000,-0.0000,0.0000,179.0846
2026-04-22 19:11:25.422,0,10,10,0.00,-0.0005,0.0001,-4.0947,6.3699,0.0000,-0.0000,0.0000,179.0846
2026-04-22 19:11:25.922,0,10,10,0.00,0.0000,0.0000,-4.0947,6.3699,0.0000,-0.0000,0.0000,179.0846
2026-04-22 19:11:26.422,0,10,10,0.00,0.0000,0.0000,-4.0947,6.3699,0.0000,-0.0000,0.0000,179.0846
2026-04-22 19:11:26.922,0,10,10,0.00,0.0000,-0.0001,-4.0947,6.3699,0.0000,-0.0000,0.0000,179.0846
2026-04-22 19:11:27.423,0,10,10,0.00,0.0000,-0.0001,-4.0947,6.3699,0.0000,-0.0000,0.0000,179.0846
2026-04-22 19:11:27.923,0,10,10,0.00,0.0000,0.0000,-4.0947,6.3699,0.0000,-0.0000,0.0000,179.0846
2026-04-22 19:11:28.423,0,10,10,0.00,0.0000,-0.0001,-4.0947,6.3699,0.0000,-0.0000,0.0000,179.0846
2026-04-22 19:11:28.922,0,10,10,0.00,-0.0001,0.0001,-4.0947,6.3699,0.0000,-0.0000,0.0000,179.0846
2026-04-22 19:11:29.422,0,10,10,0.00,0.0000,0.0001,-4.0947,6.3699,0.0000,-0.0000,0.0000,179.0846
2026-04-22 19:11:29.923,0,10,10,0.00,-0.0001,-0.0001,-4.0947,6.3699,0.0000,-0.0000,0.0000,179.0846
2026-04-22 19:11:30.422,0,10,10,0.00,0.0000,0.0001,-4.0947,6.3699,0.0000,-0.0000,0.0000,179.0846
2026-04-22 19:11:30.923,0,10,10,0.00,0.0000,0.0000,-4.0947,6.3699,0.0000,-0.0000,0.0000,179.0846
2026-04-22 19:11:31.422,0,10,10,0.00,0.0000,0.0000,-4.0947,6.3699,0.0000,-0.0000,0.0000,179.0846
2026-04-22 19:11:31.922,0,10,10,0.00,0.0000,0.0000,-4.0947,6.3699,0.0000,-0.0000,0.0000,179.0846
2026-04-22 19:11:32.423,0,10,10,0.00,0.0001,0.0000,-4.0947,6.3699,0.0000,-0.0000,0.0000,179.0846
2026-04-22 19:11:32.922,0,10,10,0.00,0.0000,0.0001,-4.0947,6.3699,0.0000,-0.0000,0.0000,179.0846
2026-04-22 19:11:33.423,0,10,10,0.00,-0.0005,0.0000,-4.0947,6.3699,0.0000,-0.0000,0.0000,179.0846
2026-04-22 19:11:33.922,0,10,10,0.00,0.0000,-0.0001,-4.0947,6.3699,0.0000,-0.0000,0.0000,179.0846
2026-04-22 19:11:34.422,0,10,10,0.00,0.0005,0.0000,-4.0947,6.3699,0.0000,-0.0000,0.0000,179.0846
2026-04-22 19:11:34.924,0,10,10,0.00,0.0003,0.0000,-4.0947,6.3699,0.0000,-0.0000,0.0000,179.0846
2026-04-22 19:11:35.422,0,10,10,0.00,0.0003,0.0000,-4.0947,6.3699,0.0000,-0.0000,0.0000,179.0846
2026-04-22 19:11:35.922,0,10,10,0.00,0.0000,0.0000,-4.0947,6.3699,0.0000,-0.0000,0.0000,179.0846
2026-04-22 19:11:36.423,0,10,10,0.00,-0.0001,0.0000,-4.0947,6.3699,0.0000,-0.0000,0.0000,179.0846
2026-04-22 19:11:36.922,0,10,10,0.00,0.0000,0.0000,-4.0947,6.3699,0.0000,-0.0000,0.0000,179.0846
2026-04-22 19:11:37.423,0,10,10,0.00,0.0000,0.0000,-4.0947,6.3699,0.0000,-0.0000,0.0000,179.0846
2026-04-22 19:11:37.923,0,10,10,0.00,-0.0003,-0.0001,-4.0947,6.3699,0.0000,-0.0000,0.0000,179.0846
2026-04-22 19:11:38.422,0,10,10,0.00,0.0001,0.0000,-4.0947,6.3699,0.0000,-0.0000,0.0000,179.0846
2026-04-22 19:11:38.922,0,10,10,0.00,-0.0003,0.0000,-4.0947,6.3699,0.0000,-0.0000,0.0000,179.0846
2026-04-22 19:11:39.424,0,10,10,0.00,0.0000,0.0000,-4.0947,6.3699,0.0000,-0.0000,0.0000,179.0846
2026-04-22 19:11:39.922,0,10,10,0.00,0.0000,0.0000,-4.0947,6.3699,0.0000,-0.0000,0.0000,179.0846
2026-04-22 19:11:40.423,0,10,10,0.00,0.0001,0.0000,-4.0947,6.3699,0.0000,-0.0000,0.0000,179.0846
2026-04-22 19:11:40.922,0,10,10,0.00,0.0000,0.0001,-4.0947,6.3699,0.0000,-0.0000,0.0000,179.0846
2026-04-22 19:11:41.424,0,10,10,0.00,0.0003,-0.0003,-4.0947,6.3699,0.0000,-0.0000,0.0000,179.0846
2026-04-22 19:11:41.923,0,10,10,0.00,0.0000,0.0000,-4.0947,6.3699,0.0000,-0.0000,0.0000,179.0846
2026-04-22 19:11:42.423,0,10,10,0.00,0.0000,-0.0001,-4.0947,6.3699,0.0000,-0.0000,0.0000,179.0846
2026-04-22 19:11:42.922,0,10,10,0.00,0.0000,0.0000,-4.0947,6.3699,0.0000,-0.0000,0.0000,179.0846
2026-04-22 19:11:43.423,0,10,10,0.00,0.0004,0.0000,-4.0947,6.3699,0.0000,-0.0000,0.0000,179.0846
2026-04-22 19:11:43.923,0,10,10,0.00,0.0001,0.0000,-4.0947,6.3699,0.0000,-0.0000,0.0000,179.0846
2026-04-22 19:11:44.423,0,10,10,0.00,0.0000,0.0000,-4.0947,6.3699,0.0000,-0.0000,0.0000,179.0846
2026-04-22 19:11:44.922,0,10,10,0.00,0.0001,-0.0001,-4.0947,6.3699,0.0000,-0.0000,0.0000,179.0846
2026-04-22 19:11:45.423,0,10,10,0.00,-0.0004,0.0001,-4.0947,6.3699,0.0000,-0.0000,0.0000,179.0846
2026-04-22 19:11:45.923,0,10,10,0.00,-0.0001,0.0000,-4.0947,6.3699,0.0000,-0.0000,0.0000,179.0846
2026-04-22 19:11:46.422,0,10,10,0.00,0.0001,0.0001,-4.0947,6.3699,0.0000,-0.0000,0.0000,179.0846
2026-04-22 19:11:46.923,0,10,10,0.00,0.0001,-0.0003,-4.0947,6.3699,0.0000,-0.0000,0.0000,179.0846
2026-04-22 19:11:47.423,0,10,10,0.00,-0.0001,0.0001,-4.0947,6.3699,0.0000,-0.0000,0.0000,179.0846
2026-04-22 19:11:47.923,0,10,10,0.00,0.0000,0.0001,-4.0947,6.3699,0.0000,-0.0000,0.0000,179.0846
2026-04-22 19:11:48.422,0,10,10,0.00,-0.0003,-0.0001,-4.0947,6.3699,0.0000,-0.0000,0.0000,179.0846
2026-04-22 19:11:48.922,0,10,10,0.00,-0.0001,0.0000,-4.0947,6.3699,0.0000,-0.0000,0.0000,179.0846
2026-04-22 19:11:49.424,0,10,10,0.00,-0.0001,0.0000,-4.0947,6.3699,0.0000,-0.0000,0.0000,179.0846
2026-04-22 19:11:49.923,0,10,10,0.00,0.0000,0.0000,-4.0947,6.3699,0.0000,-0.0000,0.0000,179.0846
2026-04-22 19:11:50.422,0,10,10,0.00,0.0001,-0.0001,-4.0947,6.3699,0.0000,-0.0000,0.0000,179.0846
2026-04-22 19:11:50.922,0,10,10,0.00,0.0000,-0.0001,-4.0947,6.3699,0.0000,-0.0000,0.0000,179.0846
2026-04-22 19:11:51.422,0,10,10,0.00,0.0000,0.0000,-4.0947,6.3699,0.0000,-0.0000,0.0000,179.0846
2026-04-22 19:11:51.922,0,10,10,0.00,0.0000,0.0001,-4.0947,6.3699,0.0000,-0.0000,0.0000,179.0846
2026-04-22 19:11:52.422,0,10,10,0.00,0.0000,0.0000,-4.0947,6.3699,0.0000,-0.0000,0.0000,179.0846
2026-04-22 19:11:52.923,0,10,10,0.00,0.0000,0.0000,-4.0947,6.3699,0.0000,-0.0000,0.0000,179.0846
2026-04-22 19:11:53.422,0,10,10,0.00,0.0000,0.0001,-4.0947,6.3699,0.0000,-0.0000,0.0000,179.0846
2026-04-22 19:11:53.923,0,10,10,0.00,0.0000,0.0000,-4.0947,6.3699,0.0000,-0.0000,0.0000,179.0846
2026-04-22 19:11:54.422,0,10,10,0.00,0.0001,-0.0001,-4.0947,6.3699,0.0000,-0.0000,0.0000,179.0846
2026-04-22 19:11:54.923,0,10,10,0.00,0.0000,0.0000,-4.0947,6.3699,0.0000,-0.0000,0.0000,179.0846
2026-04-22 19:11:55.422,0,10,10,0.00,0.0000,0.0001,-4.0947,6.3699,0.0000,-0.0000,0.0000,179.0846
2026-04-22 19:11:55.923,0,10,10,0.00,0.0000,0.0004,-4.0947,6.3699,0.0000,-0.0000,0.0000,179.0846
2026-04-22 19:11:56.422,0,10,10,0.00,0.0001,0.0000,-4.0947,6.3699,0.0000,-0.0000,0.0000,179.0846
2026-04-22 19:11:56.922,0,10,10,0.00,0.0000,0.0000,-4.0947,6.3699,0.0000,-0.0000,0.0000,179.0846
2026-04-22 19:11:57.422,0,10,10,0.00,0.0000,0.0001,-4.0947,6.3699,0.0000,-0.0000,0.0000,179.0846
2026-04-22 19:11:57.922,0,10,10,0.00,-0.0001,0.0000,-4.0947,6.3699,0.0000,-0.0000,0.0000,179.0846
2026-04-22 19:11:58.422,0,10,10,0.00,0.0000,0.0000,-4.0947,6.3699,0.0000,-0.0000,0.0000,179.0846
2026-04-22 19:11:58.924,0,10,10,0.00,0.0001,-0.0001,-4.0947,6.3699,0.0000,-0.0000,0.0000,179.0846
2026-04-22 19:11:59.422,0,10,10,0.00,0.0000,-0.0001,-4.0947,6.3699,0.0000,-0.0000,0.0000,179.0846
2026-04-22 19:11:59.923,0,10,10,0.00,-0.0001,0.0000,-4.0947,6.3699,0.0000,-0.0000,0.0000,179.0846
2026-04-22 19:12:00.422,0,10,10,0.00,-0.0001,0.0004,-4.0947,6.3699,0.0000,-0.0000,0.0000,179.0846
2026-04-22 19:12:00.924,0,10,10,0.00,0.0003,0.0000,-4.0947,6.3699,0.0000,-0.0000,0.0000,179.0846
2026-04-22 19:12:01.422,0,10,10,0.00,0.0001,-0.0003,-4.0947,6.3699,0.0000,-0.0000,0.0000,179.0846
2026-04-22 19:12:01.922,0,10,10,0.00,0.0000,0.0000,-4.0947,6.3699,0.0000,-0.0000,0.0000,179.0846
2026-04-22 19:12:02.422,0,10,10,0.00,0.0004,0.0000,-4.0947,6.3699,0.0000,-0.0000,0.0000,179.0846
2026-04-22 19:12:02.923,0,10,10,0.00,-0.0009,0.0000,-4.0947,6.3699,0.0000,-0.0000,0.0000,179.0846
2026-04-22 19:12:03.423,0,10,10,0.00,0.0001,0.0000,-4.0947,6.3699,0.0000,-0.0000,0.0000,179.0846
2026-04-22 19:12:03.922,0,10,10,0.00,-0.0005,0.0000,-4.0947,6.3699,0.0000,-0.0000,0.0000,179.0846
2026-04-22 19:12:04.423,0,10,10,0.00,0.0000,-0.0001,-4.0947,6.3699,0.0000,-0.0000,0.0000,179.0846
2026-04-22 19:12:04.923,0,10,10,0.00,0.0000,-0.0004,-4.0947,6.3699,0.0000,-0.0000,0.0000,179.0846
2026-04-22 19:12:05.423,0,10,10,0.00,0.0000,0.0001,-4.0947,6.3699,0.0000,-0.0000,0.0000,179.0846
2026-04-22 19:12:05.922,0,10,10,0.00,-0.0001,0.0000,-4.0947,6.3699,0.0000,-0.0000,0.0000,179.0846
2026-04-22 19:12:06.423,0,10,10,0.00,-0.0001,-0.0001,-4.0947,6.3699,0.0000,-0.0000,0.0000,179.0846
2026-04-22 19:12:06.923,0,10,10,0.00,0.0000,0.0000,-4.0947,6.3699,0.0000,-0.0000,0.0000,179.0846
2026-04-22 19:12:07.423,0,10,10,0.00,-0.0001,0.0001,-4.0947,6.3699,0.0000,-0.0000,0.0000,179.0846
2026-04-22 19:12:07.922,0,10,10,0.00,0.0004,-0.0001,-4.0947,6.3699,0.0000,-0.0000,0.0000,179.0846
2026-04-22 19:12:08.422,0,10,10,0.00,0.0004,0.0000,-4.0947,6.3699,0.0000,-0.0000,0.0000,179.0846
2026-04-22 19:12:08.922,0,10,10,0.00,-0.0001,0.0000,-4.0947,6.3699,0.0000,-0.0000,0.0000,179.0846
2026-04-22 19:12:09.422,0,10,10,0.00,0.0001,-0.0001,-4.0947,6.3699,0.0000,-0.0000,0.0000,179.0846
2026-04-22 19:12:09.922,0,10,10,0.00,0.0004,0.0000,-4.0947,6.3699,0.0000,-0.0000,0.0000,179.0846
2026-04-22 19:12:10.423,0,10,10,0.00,0.0000,-0.0001,-4.0947,6.3699,0.0000,-0.0000,0.0000,179.0846
2026-04-22 19:12:10.922,0,10,10,0.00,0.0000,0.0000,-4.0947,6.3699,0.0000,-0.0000,0.0000,179.0846
2026-04-22 19:12:11.423,0,10,10,0.00,0.0000,-0.0001,-4.0947,6.3699,0.0000,-0.0000,0.0000,179.0846
2026-04-22 19:12:11.922,0,10,10,0.00,-0.0001,0.0000,-4.0947,6.3699,0.0000,-0.0000,0.0000,179.0846
2026-04-22 19:12:12.423,0,10,10,0.00,0.0000,0.0000,-4.0947,6.3699,0.0000,-0.0000,0.0000,179.0846
2026-04-22 19:12:12.922,0,10,10,0.00,0.0000,0.0001,-4.0947,6.3699,0.0000,-0.0000,0.0000,179.0846
2026-04-22 19:12:13.422,0,10,10,0.00,0.0000,0.0000,-4.0947,6.3699,0.0000,-0.0000,0.0000,179.0846
2026-04-22 19:12:13.922,0,10,10,0.00,0.0000,-0.0001,-4.0947,6.3699,0.0000,-0.0000,0.0000,179.0846
2026-04-22 19:12:14.423,0,10,10,0.00,0.0000,0.0000,-4.0947,6.3699,0.0000,-0.0000,0.0000,179.0846
2026-04-22 19:12:14.923,0,10,10,0.00,0.0000,0.0000,-4.0947,6.3699,0.0000,-0.0000,0.0000,179.0846
2026-04-22 19:12:15.423,0,10,10,0.00,-0.0003,0.0003,-4.0947,6.3699,0.0000,-0.0000,0.0000,179.0846
2026-04-22 19:12:15.923,0,10,10,0.00,-0.0001,0.0004,-4.0947,6.3699,0.0000,-0.0000,0.0000,179.0846
2026-04-22 19:12:16.423,0,10,10,0.00,0.0000,0.0000,-4.0947,6.3699,0.0000,-0.0000,0.0000,179.0846
2026-04-22 19:12:16.922,0,10,10,0.00,0.0000,0.0001,-4.0947,6.3699,0.0000,-0.0000,0.0000,179.0846
2026-04-22 19:12:17.423,0,10,10,0.00,0.0000,0.0003,-4.0947,6.3699,0.0000,-0.0000,0.0000,179.0846
2026-04-22 19:12:17.922,0,10,10,0.00,0.0001,0.0000,-4.0947,6.3699,0.0000,-0.0000,0.0000,179.0846
2026-04-22 19:12:18.422,0,10,10,0.00,-0.0003,0.0000,-4.0947,6.3699,0.0000,-0.0000,0.0000,179.0846
2026-04-22 19:12:18.922,0,10,10,0.00,0.0000,0.0003,-4.0947,6.3699,0.0000,-0.0000,0.0000,179.0846
2026-04-22 19:12:19.422,0,10,10,0.00,-0.0003,0.0000,-4.0947,6.3699,0.0000,-0.0000,0.0000,179.0846
2026-04-22 19:12:19.922,0,10,10,0.00,-0.0001,0.0000,-4.0947,6.3699,0.0000,-0.0000,0.0000,179.0846
2026-04-22 19:12:20.423,0,10,10,0.00,-0.0001,0.0000,-4.0947,6.3699,0.0000,-0.0000,0.0000,179.0846
2026-04-22 19:12:20.923,0,10,10,0.00,0.0001,0.0004,-4.0947,6.3699,0.0000,-0.0000,0.0000,179.0846
2026-04-22 19:12:21.422,0,10,10,0.00,0.0000,-0.0001,-4.0947,6.3699,0.0000,-0.0000,0.0000,179.0846
2026-04-22 19:12:21.922,0,10,10,0.00,0.0000,-0.0003,-4.0947,6.3699,0.0000,-0.0000,0.0000,179.0846
2026-04-22 19:12:22.422,0,10,10,0.00,0.0000,0.0001,-4.0947,6.3699,0.0000,-0.0000,0.0000,179.0846
2026-04-22 19:12:22.922,0,10,10,0.00,-0.0001,0.0003,-4.0947,6.3699,0.0000,-0.0000,0.0000,179.0846
2026-04-22 19:12:23.422,0,10,10,0.00,0.0001,-0.0009,-4.0947,6.3699,0.0000,-0.0000,0.0000,179.0846
2026-04-22 19:12:23.923,0,10,10,0.00,0.0000,0.0000,-4.0947,6.3699,0.0000,-0.0000,0.0000,179.0846
2026-04-22 19:12:24.422,0,10,10,0.00,0.0000,-0.0001,-4.0947,6.3699,0.0000,-0.0000,0.0000,179.0846
2026-04-22 19:12:24.922,0,10,10,0.00,-0.0001,-0.0003,-4.0947,6.3699,0.0000,-0.0000,0.0000,179.0846
2026-04-22 19:12:25.422,0,10,10,0.00,0.0000,-0.0003,-4.0947,6.3699,0.0000,-0.0000,0.0000,179.0846
2026-04-22 19:12:25.922,0,10,10,0.00,0.0000,0.0000,-4.0947,6.3699,0.0000,-0.0000,0.0000,179.0846
2026-04-22 19:12:26.422,0,10,10,0.00,0.0001,0.0000,-4.0947,6.3699,0.0000,-0.0000,0.0000,179.0846
2026-04-22 19:12:26.923,0,10,10,0.00,-0.0001,-0.0003,-4.0947,6.3699,0.0000,-0.0000,0.0000,179.0846
2026-04-22 19:12:27.422,0,10,10,0.00,0.0000,0.0000,-4.0947,6.3699,0.0000,-0.0000,0.0000,179.0846
2026-04-22 19:12:27.923,0,10,10,0.00,-0.0377,0.0169,-4.0968,6.3700,0.0000,-0.4113,0.1887,179.0846
2026-04-22 19:12:28.423,0,10,10,0.00,-0.2083,0.1388,-4.1553,6.3746,0.0000,-0.4897,0.1103,179.0846
2026-04-22 19:12:28.922,0,10,10,0.00,-0.3642,0.0822,-4.2548,6.3903,0.0000,-0.5155,0.0845,174.3617
2026-04-22 19:12:29.423,0,10,10,0.00,-0.5254,0.0652,-4.3736,6.4421,0.0000,-0.5239,0.0761,158.5661
2026-04-22 19:12:29.923,0,10,10,0.00,-0.5254,0.0690,-4.4772,6.5460,0.0000,-0.5267,0.0733,134.6701
2026-04-22 19:12:30.423,0,10,10,0.00,-0.5296,0.0704,-4.5329,6.6839,0.0000,-0.5276,0.0724,111.6245
2026-04-22 19:12:30.922,0,10,10,0.00,-0.5269,0.0785,-4.5306,6.8322,0.0000,-0.5279,0.0721,88.4903
2026-04-22 19:12:31.422,0,10,10,0.00,-0.5243,0.0730,-4.4705,6.9686,0.0000,-0.5280,0.0720,65.5328
2026-04-22 19:12:31.922,0,10,10,0.00,-0.5244,0.0740,-4.3620,7.0709,0.0000,-0.5280,0.0720,41.8792
2026-04-22 19:12:32.423,0,10,10,0.00,-0.5241,0.0798,-4.2227,7.1224,0.0000,-0.5207,0.0793,18.4637
2026-04-22 19:12:32.923,0,10,10,0.00,-0.4682,0.1323,-4.0712,7.1185,0.0000,-0.4516,0.1484,-3.7142
2026-04-22 19:12:33.423,0,10,10,0.00,-0.3830,0.2021,-3.9329,7.0736,0.0000,-0.3702,0.2298,-19.9584
2026-04-22 19:12:33.922,0,10,10,0.00,-0.3919,0.2894,-3.7976,7.0041,0.0000,-0.4886,0.4694,-28.2761
2026-04-22 19:12:34.422,0,10,10,0.00,-0.5596,0.4384,-3.6163,6.8880,0.0000,-0.8344,0.8562,-33.0439
2026-04-22 19:12:34.922,0,10,10,0.00,-0.6689,0.6176,-3.3837,6.7068,0.0000,-0.4570,0.6313,-38.7598
2026-04-22 19:12:35.423,0,10,10,0.00,-0.3376,0.5104,-3.1715,6.5376,0.0000,-0.1394,0.4606,-39.9347
2026-04-22 19:12:35.923,0,10,10,0.00,-0.1432,0.4227,-3.0343,6.4576,0.0000,-0.1559,0.4441,-30.2111
2026-04-22 19:12:36.423,0,10,10,0.00,-0.2113,0.4190,-2.8893,6.4153,0.0000,-0.2953,0.4317,-15.4910
2026-04-22 19:12:36.922,0,10,10,0.00,-0.3695,0.5269,-2.7028,6.3963,0.0000,-0.5536,0.5958,-5.5167
2026-04-22 19:12:37.423,0,10,10,0.00,-0.5257,0.6558,-2.4366,6.4054,0.0000,-0.6204,0.6163,2.3358
2026-04-22 19:12:37.922,0,9,10,0.00,-0.6101,0.5491,-2.1370,6.4409,0.0000,-0.5995,0.5275,7.7816
2026-04-22 19:12:38.423,0,10,10,0.00,-0.5462,0.4667,-1.8698,6.4611,0.0000,-0.5264,0.4860,4.1727
2026-04-22 19:12:38.923,0,10,10,0.00,-0.4581,0.4824,-1.6266,6.4658,0.0000,-0.4467,0.4642,0.0845
2026-04-22 19:12:39.423,0,10,10,0.00,-0.4210,0.4237,-1.4061,6.4727,0.0000,-0.4148,0.4039,2.2343
2026-04-22 19:12:39.922,0,10,10,0.00,-0.3830,0.3534,-1.2088,6.4797,0.0000,-0.3806,0.3541,2.1708
2026-04-22 19:12:40.422,0,10,10,0.00,-0.3431,0.3280,-1.0320,6.4823,0.0000,-0.3326,0.3269,0.5780
2026-04-22 19:12:40.922,0,10,10,0.00,-0.2945,0.3055,-0.8739,6.4830,0.0000,-0.2998,0.3002,0.2214
2026-04-22 19:12:41.422,0,10,10,0.00,-0.3058,0.2969,-0.7241,6.4841,0.0000,-0.3044,0.2956,0.6121
2026-04-22 19:12:41.922,0,10,10,0.00,-0.3005,0.2941,-0.5746,6.4842,0.0000,-0.2994,0.3006,0.0528
2026-04-22 19:12:42.422,0,10,10,0.00,-0.2966,0.3032,-0.4249,6.4837,0.0000,-0.2975,0.3025,-0.3156
2026-04-22 19:12:42.922,0,10,10,0.00,-0.2986,0.3012,-0.2747,6.4840,0.0000,-0.3015,0.2985,0.1601
2026-04-22 19:12:43.422,0,10,10,0.00,-0.3038,0.2920,-0.1255,6.4841,0.0000,-0.3012,0.2988,0.2134
2026-04-22 19:12:43.922,0,10,10,0.00,-0.3008,0.2998,0.0242,6.4835,0.0000,-0.2983,0.3017,-0.1719
2026-04-22 19:12:44.422,0,10,10,0.00,-0.3392,0.2579,0.1738,6.4826,0.0000,-0.4104,0.1896,-0.1966
2026-04-22 19:12:44.922,0,10,10,0.00,-0.4847,0.1186,0.3252,6.4664,0.0000,-0.4895,0.1105,-4.8794
2026-04-22 19:12:45.422,0,10,10,0.00,-0.4825,0.0775,0.4563,6.4092,0.0000,-0.4681,0.1319,-24.5240
2026-04-22 19:12:45.922,0,10,10,0.00,-0.4334,0.1517,0.5626,6.3091,0.0000,-0.4245,0.1755,-45.1794
2026-04-22 19:12:46.422,0,10,10,0.00,-0.3858,0.2139,0.6439,6.1833,0.0000,-0.3821,0.2179,-58.9603
2026-04-22 19:12:46.923,0,10,10,0.00,-0.4122,0.2708,0.7075,6.0410,0.0000,-0.4331,0.3104,-67.1974
2026-04-22 19:12:47.422,0,10,10,0.00,-0.5016,0.3943,0.7655,5.8509,0.0000,-0.5369,0.4618,-74.6043
2026-04-22 19:12:47.923,0,10,10,0.00,-0.6356,0.5570,0.8187,5.5915,0.0000,-0.6786,0.6547,-79.6763
2026-04-22 19:12:48.423,0,10,10,0.00,-0.7499,0.7012,0.8665,5.2574,0.0000,-0.7380,0.7355,-83.2350
2026-04-22 19:12:48.922,0,10,10,0.00,-0.6760,0.7358,0.9123,4.8960,0.0000,-0.6628,0.7027,-84.2150
2026-04-22 19:12:49.422,0,10,10,0.00,-0.6198,0.6279,0.9676,4.5684,0.0000,-0.6211,0.6369,-81.1281
2026-04-22 19:12:49.922,0,10,10,0.00,-0.5750,0.6015,1.0240,4.2681,0.0000,-0.5629,0.5799,-80.4407
2026-04-22 19:12:50.422,0,10,10,0.00,-0.5273,0.5495,1.0800,3.9954,0.0000,-0.5196,0.5348,-79.6846
2026-04-22 19:12:50.922,0,10,10,0.00,-0.4970,0.5105,1.1359,3.7420,0.0000,-0.4824,0.4904,-78.8161
2026-04-22 19:12:51.423,0,10,10,0.00,-0.4595,0.4578,1.1905,3.5089,0.0000,-0.4483,0.4488,-78.0630
2026-04-22 19:12:51.923,0,10,10,0.00,-0.4279,0.4271,1.2409,3.2961,0.0000,-0.4126,0.4156,-78.0874
2026-04-22 19:12:52.422,0,10,10,0.00,-0.3863,0.3982,1.2886,3.0972,0.0000,-0.3876,0.3894,-77.7387
2026-04-22 19:12:52.922,0,10,10,0.00,-0.3634,0.3523,1.3339,2.9143,0.0000,-0.3615,0.3549,-77.3940
2026-04-22 19:12:53.422,0,10,10,0.00,-0.3301,0.3362,1.3749,2.7453,0.0000,-0.3229,0.3278,-78.0531
2026-04-22 19:12:53.923,0,10,10,0.00,-0.3039,0.3087,1.4125,2.5911,0.0000,-0.3002,0.3006,-77.7731
2026-04-22 19:12:54.422,0,10,10,0.00,-0.3016,0.2941,1.4489,2.4453,0.0000,-0.3033,0.2967,-77.2959
2026-04-22 19:12:54.923,0,10,10,0.00,-0.3003,0.2985,1.4842,2.3002,0.0000,-0.2981,0.3019,-77.9200
2026-04-22 19:12:55.424,0,10,10,0.00,-0.2962,0.3025,1.5193,2.1547,0.0000,-0.2962,0.3038,-78.1429
2026-04-22 19:12:55.923,0,10,10,0.00,-0.2994,0.3021,1.5555,2.0090,0.0000,-0.3002,0.2998,-77.5977
2026-04-22 19:12:56.423,0,10,10,0.00,-0.3016,0.2957,1.5926,1.8626,0.0000,-0.3033,0.2967,-77.1246
2026-04-22 19:12:56.923,0,10,10,0.00,-0.3004,0.2970,1.6287,1.7176,0.0000,-0.2993,0.3007,-77.5968
2026-04-22 19:12:57.423,0,10,10,0.00,-0.2971,0.3064,1.6642,1.5723,0.0000,-0.2959,0.3041,-78.0557
2026-04-22 19:12:57.924,0,10,10,0.00,-0.3007,0.3101,1.7009,1.4263,0.0000,-0.3004,0.2996,-77.5170
2026-04-22 19:12:58.422,0,10,10,0.00,-0.3070,0.2947,1.7384,1.2803,0.0000,-0.3045,0.2955,-76.9625
2026-04-22 19:12:58.923,0,10,10,0.00,-0.3013,0.2905,1.7746,1.1356,0.0000,-0.3006,0.2994,-77.4739
2026-04-22 19:12:59.424,0,10,10,0.00,-0.4091,0.1928,1.8073,0.9898,0.0000,-0.4535,0.1465,-78.2752
2026-04-22 19:12:59.922,0,9,10,0.00,-0.4965,0.0814,1.8118,0.8402,0.0000,-0.5002,0.0998,-89.1212
2026-04-22 19:13:00.423,0,10,10,0.00,-0.4901,0.0908,1.7656,0.7034,0.0000,-0.4790,0.1210,-110.9716
2026-04-22 19:13:00.923,0,10,10,0.00,-0.4372,0.1356,1.6741,0.5884,0.0000,-0.4306,0.1694,-131.8750
2026-04-22 19:13:01.423,0,10,10,0.00,-0.4057,0.1918,1.5535,0.4991,0.0000,-0.3988,0.2012,-146.2162
2026-04-22 19:13:01.923,0,10,10,0.00,-0.3783,0.2207,1.4191,0.4347,0.0000,-0.4007,0.2808,-157.6775
2026-04-22 19:13:02.423,0,10,10,0.00,-0.4698,0.3422,1.2525,0.3834,0.0000,-0.5391,0.4887,-166.0322
2026-04-22 19:13:02.922,0,9,10,0.00,-0.5800,0.5004,1.0108,0.3385,0.0000,-0.4798,0.4909,-172.5318
2026-04-22 19:13:03.423,0,10,10,0.00,-0.3752,0.4597,0.7751,0.3047,0.0000,-0.3342,0.3934,-176.1592
2026-04-22 19:13:03.922,0,10,10,0.00,-0.3012,0.3034,0.6042,0.2702,0.0000,-0.3035,0.2965,-170.8347
2026-04-22 19:13:04.423,0,10,10,0.00,-0.3056,0.2793,0.4599,0.2392,0.0000,-0.3056,0.2944,-170.5937
2026-04-22 19:13:04.922,0,10,10,0.00,-0.0975,0.1305,0.3624,0.2194,0.0000,-0.0000,0.0000,-172.0186
2026-04-22 19:13:05.423,0,0,10,0.00,-0.0975,0.1305,0.3624,0.2194,0.0000,-0.0000,0.0000,-169.9406
2026-04-22 19:13:05.922,0,6,10,0.00,0.0000,0.0000,0.3624,0.2194,0.0000,-0.0000,0.0000,-169.7648
2026-04-22 19:13:06.422,0,10,10,0.00,0.0000,0.0001,0.3624,0.2194,0.0000,-0.0000,0.0000,-169.9674
2026-04-22 19:13:06.922,0,10,10,0.00,0.0000,0.0000,0.3624,0.2194,0.0000,-0.0000,0.0000,-169.7650
2026-04-22 19:13:07.422,0,10,10,0.00,0.0000,0.0000,0.3624,0.2194,0.0000,-0.0000,0.0000,-169.7650
2026-04-22 19:13:07.922,0,10,10,0.00,-0.0003,0.0000,0.3624,0.2194,0.0000,-0.0000,0.0000,-169.7650
2026-04-22 19:13:08.422,0,10,10,0.00,0.0000,-0.0001,0.3624,0.2194,0.0000,-0.0000,0.0000,-169.7650
2026-04-22 19:13:08.923,0,10,10,0.00,0.0000,-0.0005,0.3624,0.2194,0.0000,-0.0000,0.0000,-169.7650
2026-04-22 19:13:09.423,0,10,10,0.00,0.0001,-0.0003,0.3624,0.2194,0.0000,-0.0000,0.0000,-169.7650
2026-04-22 19:13:09.922,0,14,10,0.00,0.0208,0.0009,0.3629,0.2195,0.0000,-0.0000,0.0000,-169.7650
2026-04-22 19:13:10.422,0,22,10,0.00,0.1333,0.1407,0.3690,0.2210,0.0000,-0.0000,0.0000,-167.8898
2026-04-22 19:13:10.922,0,21,10,0.00,0.1258,0.1230,0.3672,0.2203,0.0000,-0.0000,0.0000,-154.4972
2026-04-22 19:13:11.422,0,20,10,0.00,0.1246,0.1210,0.3680,0.2209,0.0000,-0.0000,0.0000,-141.7449
2026-04-22 19:13:11.922,0,21,10,0.00,0.1259,0.1238,0.3683,0.2213,0.0000,-0.0000,0.0000,-129.1492
2026-04-22 19:13:12.422,0,19,10,0.00,0.1220,0.1264,0.3684,0.2215,0.0000,-0.0000,0.0000,-116.3794
2026-04-22 19:13:12.922,0,20,10,0.00,0.1232,0.1232,0.3684,0.2211,0.0000,-0.0000,0.0000,-103.6692
2026-04-22 19:13:13.422,0,19,10,0.00,0.1251,0.1268,0.3684,0.2213,0.0000,-0.0000,0.0000,-91.3089
2026-04-22 19:13:13.923,0,19,10,0.00,0.1263,0.1275,0.3685,0.2210,0.0000,-0.0000,0.0000,-78.4101
2026-04-22 19:13:14.422,0,20,10,0.00,0.1258,0.1327,0.3687,0.2205,0.0000,-0.0000,0.0000,-65.6650
2026-04-22 19:13:14.922,0,20,10,0.00,0.1258,0.1262,0.3687,0.2205,0.0000,-0.0000,0.0000,-52.8728
2026-04-22 19:13:15.422,0,19,10,0.00,0.1259,0.1285,0.3677,0.2213,0.0000,-0.0000,0.0000,-40.3120
2026-04-22 19:13:15.922,0,19,10,0.00,0.1253,0.1236,0.3676,0.2213,0.0000,-0.0000,0.0000,-27.2885
2026-04-22 19:13:16.422,0,20,10,0.00,0.1259,0.1266,0.3676,0.2214,0.0000,-0.0000,0.0000,-14.5184
2026-04-22 19:13:16.923,0,12,10,0.00,0.1258,0.1232,0.3676,0.2214,0.0000,-0.0000,0.0000,-1.6442
2026-04-22 19:13:17.422,0,0,10,0.00,0.1258,0.1232,0.3676,0.2214,0.0000,-0.0000,0.0000,5.4363
2026-04-22 19:13:17.923,0,9,10,0.00,-0.0001,-0.0003,0.3676,0.2214,0.0000,-0.0000,0.0000,5.0837
2026-04-22 19:13:18.422,0,10,10,0.00,-0.0001,-0.0001,0.3676,0.2214,0.0000,-0.0000,0.0000,5.1077
2026-04-22 19:13:18.922,0,10,10,0.00,0.0000,0.0004,0.3676,0.2214,0.0000,-0.0000,0.0000,5.1077
2026-04-22 19:13:19.422,0,10,10,0.00,0.0000,-0.0001,0.3676,0.2214,0.0000,-0.0000,0.0000,5.1077
2026-04-22 19:13:19.923,0,10,10,0.00,0.0001,0.0000,0.3676,0.2214,0.0000,-0.0000,0.0000,5.1077
2026-04-22 19:13:20.422,0,10,10,0.00,0.0001,-0.0003,0.3676,0.2214,0.0000,-0.0000,0.0000,5.1077
2026-04-22 19:13:20.922,0,10,10,0.00,0.0000,0.0001,0.3676,0.2214,0.0000,-0.0000,0.0000,5.1077
2026-04-22 19:13:21.423,0,10,10,0.00,0.0000,-0.0001,0.3676,0.2214,0.0000,-0.0000,0.0000,5.1077
2026-04-22 19:13:21.922,0,10,10,0.00,0.0001,-0.0001,0.3676,0.2214,0.0000,-0.0000,0.0000,5.1077
2026-04-22 19:13:22.422,0,10,10,0.00,-0.0001,0.0001,0.3676,0.2214,0.0000,-0.0000,0.0000,5.1077
2026-04-22 19:13:22.923,0,10,10,0.00,-0.0003,0.0000,0.3676,0.2214,0.0000,-0.0000,0.0000,5.1077
2026-04-22 19:13:23.422,0,10,10,0.00,0.0000,-0.0003,0.3676,0.2214,0.0000,-0.0000,0.0000,5.1077
2026-04-22 19:13:23.923,0,10,10,0.00,0.0000,-0.0003,0.3676,0.2214,0.0000,-0.0000,0.0000,5.1077
2026-04-22 19:13:24.422,0,10,10,0.00,-0.0001,0.0000,0.3676,0.2214,0.0000,-0.0000,0.0000,5.1077
2026-04-22 19:13:24.922,0,10,10,0.00,0.0000,-0.0004,0.3676,0.2214,0.0000,-0.0000,0.0000,5.1077
2026-04-22 19:13:25.422,0,10,10,0.00,0.0003,-0.0001,0.3676,0.2214,0.0000,-0.0000,0.0000,5.1077
2026-04-22 19:13:25.922,0,10,10,0.00,0.0000,0.0001,0.3676,0.2214,0.0000,-0.0000,0.0000,5.1077
2026-04-22 19:13:26.423,0,10,10,0.00,-0.0001,0.0000,0.3676,0.2214,0.0000,-0.0000,0.0000,5.1077
2026-04-22 19:13:26.923,0,10,10,0.00,0.0000,0.0003,0.3676,0.2214,0.0000,-0.0000,0.0000,5.1077
2026-04-22 19:13:27.422,0,10,10,0.00,0.0000,0.0000,0.3676,0.2214,0.0000,-0.0000,0.0000,5.1077
2026-04-22 19:13:27.922,0,10,10,0.00,-0.0001,0.0000,0.3676,0.2214,0.0000,-0.0000,0.0000,5.1077
2026-04-22 19:13:28.423,0,10,10,0.00,-0.0003,-0.0001,0.3676,0.2214,0.0000,-0.0000,0.0000,5.1077
2026-04-22 19:13:28.922,0,10,10,0.00,0.0003,0.0000,0.3676,0.2214,0.0000,-0.0000,0.0000,5.1077
2026-04-22 19:13:29.423,0,10,10,0.00,0.0000,0.0001,0.3676,0.2214,0.0000,-0.0000,0.0000,5.1077
2026-04-22 19:13:29.922,0,10,10,0.00,0.0000,0.0000,0.3676,0.2214,0.0000,-0.0000,0.0000,5.1077
2026-04-22 19:13:30.423,0,10,10,0.00,0.0000,0.0000,0.3676,0.2214,0.0000,-0.0000,0.0000,5.1077
2026-04-22 19:13:30.922,0,10,10,0.00,0.0000,0.0000,0.3676,0.2214,0.0000,-0.0000,0.0000,5.1077
2026-04-22 19:13:31.422,0,10,10,0.00,0.0001,0.0001,0.3676,0.2214,0.0000,-0.0000,0.0000,5.1077
2026-04-22 19:13:31.923,0,10,10,0.00,0.0000,0.0000,0.3676,0.2214,0.0000,-0.0000,0.0000,5.1077
2026-04-22 19:13:32.422,0,10,10,0.00,0.0001,0.0001,0.3676,0.2214,0.0000,-0.0000,0.0000,5.1077
2026-04-22 19:13:32.922,0,10,10,0.00,0.0000,0.0000,0.3676,0.2214,0.0000,-0.0000,0.0000,5.1077
2026-04-22 19:13:33.422,0,10,10,0.00,-0.0001,0.0001,0.3676,0.2214,0.0000,-0.0000,0.0000,5.1077
2026-04-22 19:13:33.922,0,10,10,0.00,0.0001,0.0000,0.3676,0.2214,0.0000,-0.0000,0.0000,5.1077
2026-04-22 19:13:34.422,0,10,10,0.00,0.0000,-0.0001,0.3676,0.2214,0.0000,-0.0000,0.0000,5.1077
2026-04-22 19:13:34.923,0,10,10,0.00,-0.0001,-0.0001,0.3676,0.2214,0.0000,-0.0000,0.0000,5.1077
2026-04-22 19:13:35.423,0,10,10,0.00,-0.0001,0.0000,0.3676,0.2214,0.0000,-0.0000,0.0000,5.1077
2026-04-22 19:13:35.923,0,10,10,0.00,0.0000,-0.0001,0.3676,0.2214,0.0000,-0.0000,0.0000,5.1077
2026-04-22 19:13:36.424,0,10,10,0.00,0.0003,-0.0001,0.3676,0.2214,0.0000,-0.0000,0.0000,5.1077
2026-04-22 19:13:36.922,0,10,10,0.00,0.0000,0.0000,0.3676,0.2214,0.0000,-0.0000,0.0000,5.1077
2026-04-22 19:13:37.422,0,10,10,0.00,-0.0001,0.0001,0.3676,0.2214,0.0000,-0.0000,0.0000,5.1077
2026-04-22 19:13:37.922,0,10,10,0.00,0.0001,0.0000,0.3676,0.2214,0.0000,-0.0000,0.0000,5.1077
2026-04-22 19:13:38.424,0,10,10,0.00,0.0000,0.0000,0.3676,0.2214,0.0000,-0.0000,0.0000,5.1077
2026-04-22 19:13:38.922,0,10,10,0.00,0.0000,0.0001,0.3676,0.2214,0.0000,-0.0000,0.0000,5.1077
2026-04-22 19:13:39.422,0,10,10,0.00,0.0000,0.0000,0.3676,0.2214,0.0000,-0.0000,0.0000,5.1077
2026-04-22 19:13:39.922,0,10,10,0.00,0.0000,0.0000,0.3676,0.2214,0.0000,-0.0000,0.0000,5.1077
2026-04-22 19:13:40.422,0,10,10,0.00,0.0001,0.0001,0.3676,0.2214,0.0000,-0.0000,0.0000,5.1077
2026-04-22 19:13:40.922,0,10,10,0.00,0.0000,0.0003,0.3676,0.2214,0.0000,-0.0000,0.0000,5.1077
2026-04-22 19:13:41.422,0,10,10,0.00,0.0000,-0.0001,0.3676,0.2214,0.0000,-0.0000,0.0000,5.1077
2026-04-22 19:13:41.923,0,10,10,0.00,0.0000,0.0000,0.3676,0.2214,0.0000,-0.0000,0.0000,5.1077
2026-04-22 19:13:42.422,0,10,10,0.00,0.0000,-0.0001,0.3676,0.2214,0.0000,-0.0000,0.0000,5.1077
2026-04-22 19:13:42.923,0,10,10,0.00,0.0000,0.0000,0.3676,0.2214,0.0000,-0.0000,0.0000,5.1077
2026-04-22 19:13:43.422,0,10,10,0.00,0.0000,0.0000,0.3676,0.2214,0.0000,-0.0000,0.0000,5.1077
2026-04-22 19:13:43.923,0,10,10,0.00,0.0000,0.0000,0.3676,0.2214,0.0000,-0.0000,0.0000,5.1077
2026-04-22 19:13:44.422,0,10,10,0.00,-0.0001,0.0000,0.3676,0.2214,0.0000,-0.0000,0.0000,5.1077
2026-04-22 19:13:44.922,0,10,10,0.00,-0.0004,-0.0001,0.3676,0.2214,0.0000,-0.0000,0.0000,5.1077
2026-04-22 19:13:45.423,0,10,10,0.00,0.0000,0.0000,0.3676,0.2214,0.0000,-0.0000,0.0000,5.1077
2026-04-22 19:13:45.923,0,10,10,0.00,0.0003,-0.0001,0.3676,0.2214,0.0000,-0.0000,0.0000,5.1077
2026-04-22 19:13:46.422,0,10,10,0.00,0.0000,0.0001,0.3676,0.2214,0.0000,-0.0000,0.0000,5.1077
2026-04-22 19:13:46.922,0,10,10,0.00,0.0000,0.0001,0.3676,0.2214,0.0000,-0.0000,0.0000,5.1077
2026-04-22 19:13:47.423,0,10,10,0.00,-0.0001,-0.0001,0.3676,0.2214,0.0000,-0.0000,0.0000,5.1077
2026-04-22 19:13:47.922,0,10,10,0.00,0.0004,-0.0001,0.3676,0.2214,0.0000,-0.0000,0.0000,5.1077
2026-04-22 19:13:48.422,0,10,10,0.00,0.0003,0.0000,0.3676,0.2214,0.0000,-0.0000,0.0000,5.1077
2026-04-22 19:13:48.922,0,10,10,0.00,0.0000,0.0000,0.3676,0.2214,0.0000,-0.0000,0.0000,5.1077
2026-04-22 19:13:49.422,0,10,10,0.00,0.0000,0.0000,0.3676,0.2214,0.0000,-0.0000,0.0000,5.1077
2026-04-22 19:13:49.922,0,10,10,0.00,0.0000,0.0000,0.3676,0.2214,0.0000,-0.0000,0.0000,5.1077
2026-04-22 19:13:50.424,0,10,10,0.00,0.0000,0.0000,0.3676,0.2214,0.0000,-0.0000,0.0000,5.1077
2026-04-22 19:13:50.922,0,10,10,0.00,0.0000,-0.0001,0.3676,0.2214,0.0000,-0.0000,0.0000,5.1077
2026-04-22 19:13:51.422,0,10,10,0.00,-0.0001,-0.0001,0.3676,0.2214,0.0000,-0.0000,0.0000,5.1077
2026-04-22 19:13:51.922,0,10,10,0.00,0.0000,0.0000,0.3676,0.2214,0.0000,-0.0000,0.0000,5.1077
2026-04-22 19:13:52.422,0,10,10,0.00,0.0001,0.0000,0.3676,0.2214,0.0000,-0.0000,0.0000,5.1077
2026-04-22 19:13:52.922,0,10,10,0.00,0.0001,0.0000,0.3676,0.2214,0.0000,-0.0000,0.0000,5.1077
2026-04-22 19:13:53.422,0,10,10,0.00,0.0000,0.0003,0.3676,0.2214,0.0000,-0.0000,0.0000,5.1077
2026-04-22 19:13:53.922,0,10,10,0.00,0.0000,0.0000,0.3676,0.2214,0.0000,-0.0000,0.0000,5.1077
2026-04-22 19:13:54.422,0,10,10,0.00,0.0000,-0.0001,0.3676,0.2214,0.0000,-0.0000,0.0000,5.1077
2026-04-22 19:13:54.922,0,10,10,0.00,0.0000,0.0001,0.3676,0.2214,0.0000,-0.0000,0.0000,5.1077
2026-04-22 19:13:55.423,0,10,10,0.00,0.0000,0.0000,0.3676,0.2214,0.0000,-0.0000,0.0000,5.1077
2026-04-22 19:13:55.922,0,10,10,0.00,0.0000,-0.0003,0.3676,0.2214,0.0000,-0.0000,0.0000,5.1077
2026-04-22 19:13:56.422,0,10,10,0.00,0.0001,-0.0001,0.3676,0.2214,0.0000,-0.0000,0.0000,5.1077
2026-04-22 19:13:56.922,0,10,10,0.00,0.0000,0.0000,0.3676,0.2214,0.0000,-0.0000,0.0000,5.1077
2026-04-22 19:13:57.422,0,10,10,0.00,0.0001,0.0000,0.3676,0.2214,0.0000,-0.0000,0.0000,5.1077
2026-04-22 19:13:57.922,0,10,10,0.00,0.0000,0.0001,0.3676,0.2214,0.0000,-0.0000,0.0000,5.1077
2026-04-22 19:13:58.422,0,10,10,0.00,0.0003,0.0000,0.3676,0.2214,0.0000,-0.0000,0.0000,5.1077
2026-04-22 19:13:58.922,0,10,10,0.00,-0.0001,0.0000,0.3676,0.2214,0.0000,-0.0000,0.0000,5.1077
2026-04-22 19:13:59.422,0,10,10,0.00,0.0000,0.0000,0.3676,0.2214,0.0000,-0.0000,0.0000,5.1077
2026-04-22 19:13:59.923,0,10,10,0.00,0.0001,0.0000,0.3676,0.2214,0.0000,-0.0000,0.0000,5.1077
2026-04-22 19:14:00.423,0,10,10,0.00,0.0000,0.0000,0.3676,0.2214,0.0000,-0.0000,0.0000,5.1077
2026-04-22 19:14:00.924,0,10,10,0.00,-0.0001,0.0000,0.3676,0.2214,0.0000,-0.0000,0.0000,5.1077
2026-04-22 19:14:01.422,0,10,10,0.00,0.0000,0.0000,0.3676,0.2214,0.0000,-0.0000,0.0000,5.1077
2026-04-22 19:14:01.923,0,10,10,0.00,0.0001,0.0000,0.3676,0.2214,0.0000,-0.0000,0.0000,5.1077
2026-04-22 19:14:02.422,0,10,10,0.00,0.0000,0.0000,0.3676,0.2214,0.0000,-0.0000,0.0000,5.1077
2026-04-22 19:14:02.922,0,10,10,0.00,0.0003,-0.0001,0.3676,0.2214,0.0000,-0.0000,0.0000,5.1077
2026-04-22 19:14:03.423,0,10,10,0.00,-0.0001,0.0000,0.3676,0.2214,0.0000,-0.0000,0.0000,5.1077
2026-04-22 19:14:03.923,0,10,10,0.00,0.0000,-0.0001,0.3676,0.2214,0.0000,-0.0000,0.0000,5.1077
2026-04-22 19:14:04.423,0,10,10,0.00,-0.0004,-0.0001,0.3676,0.2214,0.0000,-0.0000,0.0000,5.1077
2026-04-22 19:14:04.923,0,10,10,0.00,0.0000,0.0000,0.3676,0.2214,0.0000,-0.0000,0.0000,5.1077
2026-04-22 19:14:05.422,0,10,10,0.00,0.0000,0.0000,0.3676,0.2214,0.0000,-0.0000,0.0000,5.1077
2026-04-22 19:14:05.922,0,10,10,0.00,0.0000,0.0001,0.3676,0.2214,0.0000,-0.0000,0.0000,5.1077
2026-04-22 19:14:06.424,0,10,10,0.00,0.0001,-0.0001,0.3676,0.2214,0.0000,-0.0000,0.0000,5.1077
2026-04-22 19:14:06.923,0,10,10,0.00,0.0000,0.0003,0.3676,0.2214,0.0000,-0.0000,0.0000,5.1077
2026-04-22 19:14:07.422,0,10,10,0.00,-0.0001,0.0000,0.3676,0.2214,0.0000,-0.0000,0.0000,5.1077
2026-04-22 19:14:07.922,0,10,10,0.00,0.0000,0.0000,0.3676,0.2214,0.0000,-0.0000,0.0000,5.1077
2026-04-22 19:14:08.422,0,10,10,0.00,-0.0001,0.0001,0.3676,0.2214,0.0000,-0.0000,0.0000,5.1077
2026-04-22 19:14:08.922,0,10,10,0.00,-0.0004,0.0000,0.3676,0.2214,0.0000,-0.0000,0.0000,5.1077
2026-04-22 19:14:09.422,0,10,10,0.00,-0.1021,-0.0001,0.3786,0.2211,0.0000,-0.0000,0.0000,5.1077
2026-04-22 19:14:09.922,0,10,10,0.00,-0.0001,0.0000,0.3833,0.2208,0.0000,-0.0000,0.0000,1.9522
2026-04-22 19:14:10.422,0,10,10,0.00,0.0000,0.0000,0.3833,0.2208,0.0000,-0.0000,0.0000,1.9522
2026-04-22 19:14:10.922,0,10,10,0.00,-0.0351,0.0003,0.3847,0.2207,0.0000,-0.0000,0.0000,1.9522
2026-04-22 19:14:11.422,0,10,10,0.00,0.0001,0.0003,0.3878,0.2205,0.0000,-0.0000,0.0000,1.9522
2026-04-22 19:14:11.923,0,10,10,0.00,0.0001,0.0000,0.3878,0.2205,0.0000,-0.0000,0.0000,1.9522
2026-04-22 19:14:12.422,0,10,10,0.00,-0.0003,0.0001,0.3878,0.2205,0.0000,-0.0000,0.0000,1.9522
2026-04-22 19:14:12.922,0,10,10,0.00,-0.0001,0.0003,0.3878,0.2205,0.0000,-0.0000,0.0000,1.9522
2026-04-22 19:14:13.422,0,10,10,0.00,0.0000,0.0001,0.3878,0.2205,0.0000,-0.0000,0.0000,1.9522
2026-04-22 19:14:13.922,0,10,10,0.00,0.0000,0.0000,0.3878,0.2205,0.0000,-0.0000,0.0000,1.9522
2026-04-22 19:14:14.422,0,10,10,0.00,0.0000,0.0000,0.3878,0.2205,0.0000,-0.0000,0.0000,1.9522
2026-04-22 19:14:14.922,0,10,10,0.00,0.0000,0.0000,0.3878,0.2205,0.0000,-0.0000,0.0000,1.9522
2026-04-22 19:14:15.422,0,10,10,0.00,0.0000,-0.0003,0.3878,0.2205,0.0000,-0.0000,0.0000,1.9522
2026-04-22 19:14:15.922,0,10,10,0.00,0.0003,0.0003,0.3878,0.2205,0.0000,-0.0000,0.0000,1.9522
2026-04-22 19:14:16.422,0,10,10,0.00,0.0000,0.0000,0.3878,0.2205,0.0000,-0.0000,0.0000,1.9522
2026-04-22 19:14:16.922,0,10,10,0.00,-0.0001,0.0000,0.3878,0.2205,0.0000,-0.0000,0.0000,1.9522
2026-04-22 19:14:17.422,0,10,10,0.00,-0.0001,0.0001,0.3878,0.2205,0.0000,-0.0000,0.0000,1.9522
2026-04-22 19:14:17.922,0,10,10,0.00,0.0000,0.0003,0.3878,0.2205,0.0000,-0.0000,0.0000,1.9522
2026-04-22 19:14:18.423,0,10,10,0.00,0.0004,0.0001,0.3878,0.2205,0.0000,-0.0000,0.0000,1.9522
2026-04-22 19:14:18.922,0,10,10,0.00,0.0000,0.0001,0.3878,0.2205,0.0000,-0.0000,0.0000,1.9522
2026-04-22 19:14:19.422,0,10,10,0.00,-0.0001,0.0000,0.3878,0.2205,0.0000,-0.0000,0.0000,1.9522
2026-04-22 19:14:19.922,0,10,10,0.00,0.0000,0.0000,0.3878,0.2205,0.0000,-0.0000,0.0000,1.9522
2026-04-22 19:14:20.423,0,10,10,0.00,0.0000,-0.0001,0.3878,0.2205,0.0000,-0.0000,0.0000,1.9522
2026-04-22 19:14:20.922,0,10,10,0.00,0.0000,-0.0001,0.3878,0.2205,0.0000,-0.0000,0.0000,1.9522
2026-04-22 19:14:21.423,0,10,10,0.00,0.0004,0.0000,0.3878,0.2205,0.0000,-0.0000,0.0000,1.9522
2026-04-22 19:14:21.924,0,10,10,0.00,0.0000,0.0000,0.3878,0.2205,0.0000,-0.0000,0.0000,1.9522
2026-04-22 19:14:22.424,0,10,10,0.00,0.0000,0.0000,0.3878,0.2205,0.0000,-0.0000,0.0000,1.9522
2026-04-22 19:14:22.922,0,10,10,0.00,0.0000,0.0001,0.3878,0.2205,0.0000,-0.0000,0.0000,1.9522
2026-04-22 19:14:23.422,0,10,10,0.00,0.0000,-0.0001,0.3878,0.2205,0.0000,-0.0000,0.0000,1.9522
2026-04-22 19:14:23.922,0,10,10,0.00,0.0000,0.0000,0.3878,0.2205,0.0000,-0.0000,0.0000,1.9522
2026-04-22 19:14:24.422,0,10,10,0.00,0.0001,0.0000,0.3878,0.2205,0.0000,-0.0000,0.0000,1.9522
2026-04-22 19:14:24.923,0,10,10,0.00,0.0000,0.0001,0.3878,0.2205,0.0000,-0.0000,0.0000,1.9522
2026-04-22 19:14:25.422,0,10,10,0.00,-0.0001,0.0000,0.3878,0.2205,0.0000,-0.0000,0.0000,1.9522
2026-04-22 19:14:25.923,0,10,10,0.00,0.0000,0.0000,0.3878,0.2205,0.0000,-0.0000,0.0000,1.9522
2026-04-22 19:14:26.423,0,10,10,0.00,0.0000,-0.0001,0.3878,0.2205,0.0000,-0.0000,0.0000,1.9522
2026-04-22 19:14:26.922,0,10,10,0.00,0.0000,0.0000,0.3878,0.2205,0.0000,-0.0000,0.0000,1.9522
2026-04-22 19:14:27.422,0,10,10,0.00,0.0000,-0.0001,0.3878,0.2205,0.0000,-0.0000,0.0000,1.9522
2026-04-22 19:14:27.922,0,10,10,0.00,0.0001,0.0000,0.3878,0.2205,0.0000,-0.0000,0.0000,1.9522
2026-04-22 19:14:28.422,0,10,10,0.00,0.0000,0.0000,0.3878,0.2205,0.0000,-0.0000,0.0000,1.9522
2026-04-22 19:14:28.922,0,10,10,0.00,0.0000,0.0000,0.3878,0.2205,0.0000,-0.0000,0.0000,1.9522
2026-04-22 19:14:29.422,0,10,10,0.00,0.0003,0.0000,0.3878,0.2205,0.0000,-0.0000,0.0000,1.9522
2026-04-22 19:14:29.922,0,10,10,0.00,0.0001,0.0003,0.3878,0.2205,0.0000,-0.0000,0.0000,1.9522
2026-04-22 19:14:30.422,0,10,10,0.00,-0.0001,0.0000,0.3878,0.2205,0.0000,-0.0000,0.0000,1.9522
2026-04-22 19:14:30.923,0,10,10,0.00,0.0001,0.0000,0.3878,0.2205,0.0000,-0.0000,0.0000,1.9522
2026-04-22 19:14:31.422,0,10,10,0.00,0.0001,0.0000,0.3878,0.2205,0.0000,-0.0000,0.0000,1.9522
2026-04-22 19:14:31.922,0,10,10,0.00,-0.0001,0.0000,0.3878,0.2205,0.0000,-0.0000,0.0000,1.9522
2026-04-22 19:14:32.423,0,10,10,0.00,0.0001,0.0000,0.3878,0.2205,0.0000,-0.0000,0.0000,1.9522
2026-04-22 19:14:32.923,0,10,10,0.00,-0.0001,-0.0001,0.3878,0.2205,0.0000,-0.0000,0.0000,1.9522
2026-04-22 19:14:33.422,0,10,10,0.00,-0.0003,-0.0001,0.3878,0.2205,0.0000,-0.0000,0.0000,1.9522
2026-04-22 19:14:33.922,0,10,10,0.00,0.0000,0.0000,0.3878,0.2205,0.0000,-0.0000,0.0000,1.9522
2026-04-22 19:14:34.422,0,10,10,0.00,-0.0001,0.0001,0.3878,0.2205,0.0000,-0.0000,0.0000,1.9522
2026-04-22 19:14:34.922,0,10,10,0.00,0.0000,0.0000,0.3878,0.2205,0.0000,-0.0000,0.0000,1.9522
2026-04-22 19:14:35.422,0,10,10,0.00,0.0000,0.0000,0.3878,0.2205,0.0000,-0.0000,0.0000,1.9522
2026-04-22 19:14:35.922,0,10,10,0.00,-0.0001,0.0000,0.3878,0.2205,0.0000,-0.0000,0.0000,1.9522
2026-04-22 19:14:36.423,0,10,10,0.00,0.0001,0.0000,0.3878,0.2205,0.0000,-0.0000,0.0000,1.9522
2026-04-22 19:14:36.922,0,10,10,0.00,0.0000,0.0000,0.3878,0.2205,0.0000,-0.0000,0.0000,1.9522
2026-04-22 19:14:37.423,0,10,10,0.00,0.0000,-0.0001,0.3878,0.2205,0.0000,-0.0000,0.0000,1.9522
2026-04-22 19:14:37.924,0,10,10,0.00,-0.0001,0.0001,0.3878,0.2205,0.0000,-0.0000,0.0000,1.9522
2026-04-22 19:14:38.422,0,10,10,0.00,0.0000,-0.0001,0.3878,0.2205,0.0000,-0.0000,0.0000,1.9522
2026-04-22 19:14:38.922,0,10,10,0.00,0.0000,0.0000,0.3878,0.2205,0.0000,-0.0000,0.0000,1.9522
2026-04-22 19:14:39.424,0,10,10,0.00,0.0001,0.0000,0.3878,0.2205,0.0000,-0.0000,0.0000,1.9522
2026-04-22 19:14:39.922,0,10,10,0.00,0.0000,0.0000,0.3878,0.2205,0.0000,-0.0000,0.0000,1.9522
2026-04-22 19:14:40.422,0,10,10,0.00,-0.0001,0.0000,0.3878,0.2205,0.0000,-0.0000,0.0000,1.9522
2026-04-22 19:14:40.922,0,10,10,0.00,0.0000,0.0003,0.3878,0.2205,0.0000,-0.0000,0.0000,1.9522
2026-04-22 19:14:41.422,0,10,10,0.00,0.0000,-0.0001,0.3878,0.2205,0.0000,-0.0000,0.0000,1.9522
2026-04-22 19:14:41.922,0,10,10,0.00,0.0000,0.0000,0.3878,0.2205,0.0000,-0.0000,0.0000,1.9522
2026-04-22 19:14:42.422,0,10,10,0.00,0.0000,-0.0003,0.3878,0.2205,0.0000,-0.0000,0.0000,1.9522
2026-04-22 19:14:42.922,0,10,10,0.00,0.0000,0.0000,0.3878,0.2205,0.0000,-0.0000,0.0000,1.9522
2026-04-22 19:14:43.422,0,10,10,0.00,0.0000,-0.0001,0.3878,0.2205,0.0000,-0.0000,0.0000,1.9522
2026-04-22 19:14:43.922,0,10,10,0.00,0.0000,0.0000,0.3878,0.2205,0.0000,-0.0000,0.0000,1.9522
2026-04-22 19:14:44.422,0,10,10,0.00,0.0000,0.0000,0.3878,0.2205,0.0000,-0.0000,0.0000,1.9522
2026-04-22 19:14:44.924,0,10,10,0.00,-0.0004,0.0000,0.3878,0.2205,0.0000,-0.0000,0.0000,1.9522
2026-04-22 19:14:45.422,0,10,10,0.00,-0.0001,0.0000,0.3878,0.2205,0.0000,-0.0000,0.0000,1.9522
2026-04-22 19:14:45.922,0,10,10,0.00,-0.0003,0.0000,0.3878,0.2205,0.0000,-0.0000,0.0000,1.9522
2026-04-22 19:14:46.422,0,10,10,0.00,0.0003,0.0000,0.3878,0.2205,0.0000,-0.0000,0.0000,1.9522
2026-04-22 19:14:46.922,0,10,10,0.00,0.0001,0.0001,0.3878,0.2205,0.0000,-0.0000,0.0000,1.9522
2026-04-22 19:14:47.422,0,10,10,0.00,0.0000,0.0000,0.3878,0.2205,0.0000,-0.0000,0.0000,1.9522
2026-04-22 19:14:47.922,0,10,10,0.00,0.0000,0.0001,0.3878,0.2205,0.0000,-0.0000,0.0000,1.9522
2026-04-22 19:14:48.422,0,10,10,0.00,0.0000,0.0000,0.3878,0.2205,0.0000,-0.0000,0.0000,1.9522
2026-04-22 19:14:48.922,0,10,10,0.00,0.0000,0.0000,0.3878,0.2205,0.0000,-0.0000,0.0000,1.9522
2026-04-22 19:14:49.423,0,10,10,0.00,0.0001,-0.0001,0.3878,0.2205,0.0000,-0.0000,0.0000,1.9522
2026-04-22 19:14:49.922,0,10,10,0.00,0.0000,0.0001,0.3878,0.2205,0.0000,-0.0000,0.0000,1.9522
2026-04-22 19:14:50.422,0,10,10,0.00,-0.0001,0.0000,0.3878,0.2205,0.0000,-0.0000,0.0000,1.9522
2026-04-22 19:14:50.922,0,10,10,0.00,0.0000,0.0000,0.3878,0.2205,0.0000,-0.0000,0.0000,1.9522
2026-04-22 19:14:51.422,0,10,10,0.00,0.0000,-0.0001,0.3878,0.2205,0.0000,-0.0000,0.0000,1.9522
2026-04-22 19:14:51.922,0,10,10,0.00,0.0000,0.0000,0.3878,0.2205,0.0000,-0.0000,0.0000,1.9522
2026-04-22 19:14:52.422,0,10,10,0.00,0.0000,0.0001,0.3878,0.2205,0.0000,-0.0000,0.0000,1.9522
2026-04-22 19:14:52.922,0,10,10,0.00,-0.0001,-0.0001,0.3878,0.2205,0.0000,-0.0000,0.0000,1.9522
2026-04-22 19:14:53.422,0,10,10,0.00,0.0000,0.0000,0.3878,0.2205,0.0000,-0.0000,0.0000,1.9522
2026-04-22 19:14:53.923,0,10,10,0.00,0.0000,0.0000,0.3878,0.2205,0.0000,-0.0000,0.0000,1.9522
2026-04-22 19:14:54.422,0,10,10,0.00,0.0001,0.0000,0.3878,0.2205,0.0000,-0.0000,0.0000,1.9522
2026-04-22 19:14:54.923,0,10,10,0.00,0.0001,0.0000,0.3878,0.2205,0.0000,-0.0000,0.0000,1.9522
2026-04-22 19:14:55.423,0,10,10,0.00,-0.0001,-0.0001,0.3878,0.2205,0.0000,-0.0000,0.0000,1.9522
2026-04-22 19:14:55.922,0,10,10,0.00,0.0000,-0.0001,0.3878,0.2205,0.0000,-0.0000,0.0000,1.9522
2026-04-22 19:14:56.423,0,10,10,0.00,0.0001,0.0000,0.3878,0.2205,0.0000,-0.0000,0.0000,1.9522
2026-04-22 19:14:56.922,0,10,10,0.00,0.0000,0.0000,0.3878,0.2205,0.0000,-0.0000,0.0000,1.9522
2026-04-22 19:14:57.422,0,10,10,0.00,0.0001,0.0000,0.3878,0.2205,0.0000,-0.0000,0.0000,1.9522
2026-04-22 19:14:57.922,0,10,10,0.00,0.0000,0.0000,0.3878,0.2205,0.0000,-0.0000,0.0000,1.9522
2026-04-22 19:14:58.422,0,10,10,0.00,0.0000,0.0000,0.3878,0.2205,0.0000,-0.0000,0.0000,1.9522
2026-04-22 19:14:58.923,0,10,10,0.00,0.0000,0.0000,0.3878,0.2205,0.0000,-0.0000,0.0000,1.9522
2026-04-22 19:14:59.424,0,10,10,0.00,0.0000,-0.0001,0.3878,0.2205,0.0000,-0.0000,0.0000,1.9522
2026-04-22 19:14:59.923,0,10,10,0.00,0.0000,-0.0003,0.3878,0.2205,0.0000,-0.0000,0.0000,1.9522
2026-04-22 19:15:00.423,0,10,10,0.00,0.0001,0.0000,0.3878,0.2205,0.0000,-0.0000,0.0000,1.9522
2026-04-22 19:15:00.924,0,10,10,0.00,0.0000,0.0000,0.3878,0.2205,0.0000,-0.0000,0.0000,1.9522
2026-04-22 19:15:01.423,0,10,10,0.00,0.0000,0.0000,0.3878,0.2205,0.0000,-0.0000,0.0000,1.9522
2026-04-22 19:15:01.924,0,10,10,0.00,0.0000,-0.0001,0.3878,0.2205,0.0000,-0.0000,0.0000,1.9522
2026-04-22 19:15:02.422,0,10,10,0.00,-0.0003,0.0000,0.3878,0.2205,0.0000,-0.0000,0.0000,1.9522
2026-04-22 19:15:02.922,0,10,10,0.00,0.0000,0.0000,0.3878,0.2205,0.0000,-0.0000,0.0000,1.9522
2026-04-22 19:15:03.423,0,10,10,0.00,-0.0001,-0.0001,0.3878,0.2205,0.0000,-0.0000,0.0000,1.9522
2026-04-22 19:15:03.922,0,10,10,0.00,-0.0001,0.0000,0.3878,0.2205,0.0000,-0.0000,0.0000,1.9522
2026-04-22 19:15:04.423,0,10,10,0.00,-0.0003,-0.0001,0.3878,0.2205,0.0000,-0.0000,0.0000,1.9522
2026-04-22 19:15:04.922,0,10,10,0.00,0.0000,0.0000,0.3878,0.2205,0.0000,-0.0000,0.0000,1.9522
2026-04-22 19:15:05.422,0,10,10,0.00,0.0000,0.0000,0.3878,0.2205,0.0000,-0.0000,0.0000,1.9522
2026-04-22 19:15:05.922,0,10,10,0.00,0.0000,0.0001,0.3878,0.2205,0.0000,-0.0000,0.0000,1.9522
2026-04-22 19:15:06.422,0,10,10,0.00,0.0000,0.0000,0.3878,0.2205,0.0000,-0.0000,0.0000,1.9522
2026-04-22 19:15:06.922,0,10,10,0.00,0.0000,0.0000,0.3878,0.2205,0.0000,-0.0000,0.0000,1.9522
2026-04-22 19:15:07.423,0,10,10,0.00,0.0000,0.0000,0.3878,0.2205,0.0000,-0.0000,0.0000,1.9522
2026-04-22 19:15:07.922,0,10,10,0.00,0.0000,-0.0001,0.3878,0.2205,0.0000,-0.0000,0.0000,1.9522
2026-04-22 19:15:08.424,0,10,10,0.00,-0.0001,-0.0001,0.3878,0.2205,0.0000,-0.0000,0.0000,1.9522
2026-04-22 19:15:08.922,0,10,10,0.00,0.0000,0.0005,0.3878,0.2205,0.0000,-0.0000,0.0000,1.9522
2026-04-22 19:15:09.422,0,10,10,0.00,0.0000,-0.0003,0.3878,0.2205,0.0000,-0.0000,0.0000,1.9522
2026-04-22 19:15:09.922,0,10,10,0.00,0.0001,0.0001,0.3878,0.2205,0.0000,-0.0000,0.0000,1.9522
2026-04-22 19:15:10.424,0,10,10,0.00,0.0000,0.0001,0.3878,0.2205,0.0000,-0.0000,0.0000,1.9522
2026-04-22 19:15:10.922,0,10,10,0.00,0.0000,0.0001,0.3878,0.2205,0.0000,-0.0000,0.0000,1.9522
2026-04-22 19:15:11.422,0,10,10,0.00,0.0000,-0.0003,0.3878,0.2205,0.0000,-0.0000,0.0000,1.9522
2026-04-22 19:15:11.923,0,10,10,0.00,0.0001,0.0000,0.3878,0.2205,0.0000,-0.5842,0.6002,1.9522
2026-04-22 19:15:12.422,0,10,10,0.00,-0.0001,0.0001,0.3878,0.2205,0.0000,-0.2995,0.3005,1.9522
2026-04-22 19:15:12.922,0,10,10,0.00,-0.0001,0.0001,0.3878,0.2205,0.0000,-0.2212,0.3788,1.9522
2026-04-22 19:15:13.422,0,10,10,0.00,0.0000,0.0000,0.3878,0.2205,0.0000,-0.1953,0.4047,1.9522
2026-04-22 19:15:13.925,0,10,10,0.00,0.0000,0.0000,0.3878,0.2205,0.0000,-0.1868,0.4132,1.9522
2026-04-22 19:15:14.423,0,10,10,0.00,0.0000,0.0219,0.3884,0.2205,0.0000,-0.1840,0.4160,1.9522
2026-04-22 19:15:14.923,0,10,10,0.00,-0.0010,0.0072,0.3914,0.2203,0.0000,-0.1831,0.4169,1.9522
2026-04-22 19:15:15.424,0,10,10,0.00,0.0000,0.0094,0.3934,0.2201,0.0000,-0.1828,0.4172,1.9522
2026-04-22 19:15:15.924,0,10,10,0.00,-0.0003,0.0000,0.3947,0.2201,0.0000,-0.1827,0.4173,1.9522
2026-04-22 19:15:16.422,0,10,10,0.00,-0.0001,0.0000,0.3947,0.2201,0.0000,-0.1826,0.4174,1.9522
2026-04-22 19:15:16.923,0,9,10,0.00,0.0000,0.0000,0.3947,0.2201,0.0000,-0.1826,0.4174,1.9522
2026-04-22 19:15:17.422,0,9,10,0.00,-0.1039,0.1020,0.4125,0.2191,0.0000,-0.1826,0.4174,1.9522
2026-04-22 19:15:17.922,0,9,10,0.00,-0.1834,0.2478,0.5033,0.2140,0.0000,-0.1780,0.4220,2.3409
2026-04-22 19:15:18.423,0,10,10,0.00,-0.1788,0.4296,0.6466,0.2179,0.0000,-0.1889,0.4111,7.2480
2026-04-22 19:15:18.923,0,10,10,0.00,-0.2570,0.4365,0.8025,0.2535,0.0000,-0.4537,0.5174,17.7798
2026-04-22 19:15:19.422,0,9,10,0.00,-0.4061,0.5740,0.9783,0.3237,0.0000,-0.6702,0.6217,28.6121
2026-04-22 19:15:19.923,0,10,10,0.00,-0.5795,0.5618,1.2416,0.4690,0.0000,-0.6088,0.4344,36.6712
2026-04-22 19:15:20.423,0,10,10,0.00,-0.4665,0.2286,1.4460,0.5773,0.0000,-0.4655,0.2387,33.5491
2026-04-22 19:15:20.922,0,9,10,0.00,-0.5148,0.2693,1.5960,0.6241,0.0000,-0.5733,0.4951,21.7744
2026-04-22 19:15:21.422,0,9,10,0.00,-0.4267,0.3468,1.8091,0.6509,0.0000,-0.2384,0.3616,10.5061
2026-04-22 19:15:21.922,0,10,10,0.00,-0.1318,0.4486,1.9775,0.6674,0.0000,-0.1265,0.4735,10.9395
2026-04-22 19:15:22.423,0,10,10,0.00,-0.0907,0.5161,2.1185,0.7227,0.0000,-0.0899,0.5101,29.2962
2026-04-22 19:15:22.922,0,9,10,0.00,-0.1022,0.5083,2.2193,0.8116,0.0000,-0.1087,0.4913,51.1405
2026-04-22 19:15:23.425,0,10,10,0.00,-0.1456,0.4619,2.2991,0.9571,0.0000,-0.1525,0.4475,71.1728
2026-04-22 19:15:23.923,0,10,10,0.00,-0.1826,0.4152,2.3300,1.1028,0.0000,-0.1918,0.4082,86.2337
2026-04-22 19:15:24.422,0,10,10,0.00,-0.2255,0.3788,2.3312,1.2527,0.0000,-0.2371,0.3780,97.4297
2026-04-22 19:15:24.922,0,9,10,0.00,-0.3252,0.4507,2.3086,1.4211,0.0000,-0.4231,0.4983,105.1532
2026-04-22 19:15:25.422,0,9,10,0.00,-0.4722,0.5914,2.2596,1.6249,0.0000,-0.7265,0.7356,111.2550
2026-04-22 19:15:25.923,0,10,10,0.00,-0.6435,0.6820,2.1452,1.9461,0.0000,-0.7223,0.6239,117.5594
2026-04-22 19:15:26.423,0,10,10,0.00,-0.5756,0.4394,2.0352,2.2326,0.0000,-0.4989,0.2759,118.9382
2026-04-22 19:15:26.922,0,9,10,0.00,-0.4962,0.2926,1.9849,2.4277,0.0000,-0.4947,0.3311,112.0076
2026-04-22 19:15:27.422,0,10,10,0.00,-0.5512,0.3850,1.9689,2.6357,0.0000,-0.6558,0.6250,99.9239
2026-04-22 19:15:27.922,0,10,10,0.00,-0.4356,0.5182,1.9784,2.8794,0.0000,-0.4315,0.4898,92.6239
2026-04-22 19:15:28.422,0,10,10,0.00,-0.4160,0.4489,1.9771,3.1032,0.0000,-0.4129,0.4050,98.1569
2026-04-22 19:15:28.923,0,9,10,0.00,-0.3990,0.3293,1.9717,3.2820,0.0000,-0.3906,0.3327,99.4618
2026-04-22 19:15:29.422,0,10,10,0.00,-0.3330,0.3092,1.9747,3.4688,0.0000,-0.3215,0.3215,95.2962
2026-04-22 19:15:29.922,0,10,10,0.00,-0.2868,0.3241,1.9801,3.6233,0.0000,-0.2886,0.3114,94.5896
2026-04-22 19:15:30.422,0,9,10,0.00,-0.2999,0.3016,1.9821,3.7746,0.0000,-0.3036,0.2964,96.5166
2026-04-22 19:15:30.922,0,10,10,0.00,-0.3029,0.2923,1.9841,3.9244,0.0000,-0.3044,0.2956,96.3886
2026-04-22 19:15:31.422,0,10,10,0.00,-0.2939,0.2947,1.9876,4.0727,0.0000,-0.2966,0.3034,95.3781
2026-04-22 19:15:31.922,0,10,10,0.00,-0.2927,0.3066,1.9912,4.2217,0.0000,-0.2953,0.3047,95.3974
2026-04-22 19:15:32.423,0,10,10,0.00,-0.2970,0.3109,1.9934,4.3729,0.0000,-0.2993,0.3007,96.1693
2026-04-22 19:15:32.922,0,10,10,0.00,-0.3597,0.3373,1.9948,4.5296,0.0000,-0.5481,0.6558,96.6996
2026-04-22 19:15:33.422,0,10,10,0.00,-0.4354,0.5062,2.0001,4.7454,0.0000,-0.3917,0.5464,95.2384
2026-04-22 19:15:33.922,0,10,10,0.00,-0.2797,0.4913,1.9890,4.9563,0.0000,-0.3154,0.4859,100.3401
2026-04-22 19:15:34.422,0,10,10,0.00,-0.4439,0.5765,1.9383,5.1735,0.0000,-0.7890,0.8055,111.3698
2026-04-22 19:15:34.922,0,10,10,0.00,-0.5982,0.7202,1.8336,5.4549,0.0000,-0.6990,0.6529,118.0140
2026-04-22 19:15:35.423,0,10,10,0.00,-0.6616,0.5410,1.6999,5.7521,0.0000,-0.6195,0.4781,123.3043
2026-04-22 19:15:35.922,0,10,10,0.00,-0.6381,0.4725,1.6118,6.0071,0.0000,-0.6841,0.6269,115.1142
2026-04-22 19:15:36.422,0,10,10,0.00,-0.4142,0.4033,1.5560,6.2613,0.0000,-0.2752,0.3248,108.1872
2026-04-22 19:15:36.922,0,10,10,0.00,-0.1682,0.3702,1.5261,6.4066,0.0000,-0.1515,0.4485,107.6596
2026-04-22 19:15:37.423,0,10,10,0.00,-0.1005,0.5197,1.4680,6.5434,0.0000,-0.1021,0.4979,119.7279
2026-04-22 19:15:37.922,0,10,10,0.00,-0.1460,0.4694,1.3650,6.6557,0.0000,-0.1560,0.4440,141.7614
2026-04-22 19:15:38.422,0,10,10,0.00,-0.1730,0.4191,1.2383,6.7338,0.0000,-0.2405,0.3595,157.3685
2026-04-22 19:15:38.922,0,10,10,0.00,-0.3079,0.3214,1.1014,6.7893,0.0000,-0.3141,0.3540,167.4931
2026-04-22 19:15:39.423,0,10,10,0.00,-0.2445,0.3801,0.9493,6.8444,0.0000,-0.2191,0.3877,167.1991
2026-04-22 19:15:39.922,0,10,10,0.00,-0.2234,0.4071,0.8000,6.8785,0.0000,-0.2752,0.4258,174.8188
2026-04-22 19:15:40.422,0,10,10,0.00,-0.3922,0.5282,0.6044,6.8920,0.0000,-0.5695,0.6038,-175.7438
2026-04-22 19:15:40.922,0,10,10,0.00,-0.5464,0.7028,0.3291,6.8766,0.0000,-0.7226,0.6848,-168.5733
2026-04-22 19:15:41.422,0,10,10,0.00,-0.6654,0.5788,0.0105,6.8273,0.0000,-0.6055,0.4397,-161.7055
2026-04-22 19:15:41.922,0,10,10,0.00,-0.4896,0.2843,-0.2282,6.8013,0.0000,-0.5103,0.3357,-165.8382
2026-04-22 19:15:42.422,0,10,10,0.00,-0.4240,0.2679,-0.4044,6.8098,0.0000,-0.5435,0.5988,-175.9446
2026-04-22 19:15:42.922,0,10,10,0.00,-0.4884,0.4761,-0.6153,6.8484,0.0000,-0.4735,0.5487,177.0993
2026-04-22 19:15:43.422,0,10,10,0.00,-0.4240,0.5575,-0.8582,6.8935,0.0000,-0.4288,0.4992,176.7031
2026-04-22 19:15:43.922,0,10,10,0.00,-0.4453,0.4004,-1.0853,6.9178,0.0000,-0.4444,0.3868,-176.3501
2026-04-22 19:15:44.422,0,9,10,0.00,-0.4008,0.3414,-1.2783,6.9440,0.0000,-0.3854,0.3606,179.8714
2026-04-22 19:15:44.922,0,10,10,0.00,-0.3200,0.3661,-1.4527,6.9746,0.0000,-0.3206,0.3516,177.2141
2026-04-22 19:15:45.423,0,10,10,0.00,-0.3062,0.3211,-1.6141,6.9985,0.0000,-0.3056,0.2977,179.9770
2026-04-22 19:15:45.922,0,10,10,0.00,-0.3098,0.2754,-1.7620,7.0196,0.0000,-0.3093,0.2907,-179.9505
2026-04-22 19:15:46.422,0,10,10,0.00,-0.2905,0.3015,-1.9074,7.0438,0.0000,-0.2908,0.3092,177.7905
2026-04-22 19:15:46.922,0,10,10,0.00,-0.2858,0.3140,-2.0564,7.0674,0.0000,-0.2925,0.3075,178.6921
2026-04-22 19:15:47.422,0,10,10,0.00,-0.3055,0.2926,-2.2064,7.0880,0.0000,-0.3065,0.2935,-179.4982
2026-04-22 19:15:47.922,0,10,10,0.00,-0.3071,0.2895,-2.3532,7.1095,0.0000,-0.3013,0.2987,179.6340
2026-04-22 19:15:48.422,0,10,10,0.00,-0.2916,0.3049,-2.5003,7.1324,0.0000,-0.2920,0.3080,178.5976
2026-04-22 19:15:48.923,0,9,10,0.00,-0.2939,0.3177,-2.6481,7.1537,0.0000,-0.2931,0.3069,179.5960
2026-04-22 19:15:49.423,0,10,10,0.00,-0.0749,0.1446,-2.7618,7.1679,0.0000,-0.0000,0.0000,-179.2542
2026-04-22 19:15:49.922,0,10,10,0.00,0.0000,-0.0080,-2.7652,7.1682,0.0000,-0.0000,0.0000,-177.9823
2026-04-22 19:15:50.422,0,10,10,0.00,0.0000,0.0000,-2.7651,7.1682,0.0000,-0.0000,0.0000,-177.9823
2026-04-22 19:15:50.923,0,10,10,0.00,-0.0001,0.0001,-2.7651,7.1682,0.0000,-0.0000,0.0000,-177.9823
2026-04-22 19:15:51.422,0,10,10,0.00,0.0000,0.0000,-2.7651,7.1682,0.0000,-0.0000,0.0000,-177.9823
2026-04-22 19:15:51.923,0,10,10,0.00,0.0001,0.0000,-2.7651,7.1682,0.0000,-0.0000,0.0000,-177.9823
2026-04-22 19:15:52.424,0,10,10,0.00,0.0000,0.0000,-2.7651,7.1682,0.0000,-0.0000,0.0000,-177.9823
2026-04-22 19:15:52.922,0,10,10,0.00,0.0000,0.0000,-2.7651,7.1682,0.0000,-0.0000,0.0000,-177.9823
2026-04-22 19:15:53.423,0,10,10,0.00,0.0000,0.0000,-2.7651,7.1682,0.0000,-0.0000,0.0000,-177.9823
2026-04-22 19:15:53.922,0,10,10,0.00,-0.0005,0.0000,-2.7651,7.1682,0.0000,-0.0000,0.0000,-177.9823
2026-04-22 19:15:54.422,0,10,10,0.00,0.0004,0.0000,-2.7651,7.1682,0.0000,-0.0000,0.0000,-177.9823
2026-04-22 19:15:54.922,0,10,10,0.00,0.0000,0.0000,-2.7651,7.1682,0.0000,-0.0000,0.0000,-177.9823
2026-04-22 19:15:55.422,0,10,10,0.00,0.0000,-0.0001,-2.7651,7.1682,0.0000,-0.0000,0.0000,-177.9823
2026-04-22 19:15:55.922,0,10,10,0.00,0.0000,0.0000,-2.7651,7.1682,0.0000,-0.0000,0.0000,-177.9823
2026-04-22 19:15:56.424,0,10,10,0.00,0.0001,0.0000,-2.7651,7.1682,0.0000,-0.0000,0.0000,-177.9823
2026-04-22 19:15:56.924,0,10,10,0.00,0.0001,0.0000,-2.7651,7.1682,0.0000,-0.0000,0.0000,-177.9823
2026-04-22 19:15:57.423,0,10,10,0.00,0.0000,0.0000,-2.7651,7.1682,0.0000,-0.0000,0.0000,-177.9823
2026-04-22 19:15:57.923,0,10,10,0.00,0.0000,0.0001,-2.7651,7.1682,0.0000,-0.0000,0.0000,-177.9823
2026-04-22 19:15:58.422,0,10,10,0.00,0.0000,0.0000,-2.7651,7.1682,0.0000,-0.0000,0.0000,-177.9823
2026-04-22 19:15:58.923,0,10,10,0.00,-0.0003,0.0000,-2.7651,7.1682,0.0000,-0.0000,0.0000,-177.9823
2026-04-22 19:15:59.422,0,10,10,0.00,-0.0001,0.0000,-2.7651,7.1682,0.0000,-0.0000,0.0000,-177.9823
2026-04-22 19:15:59.922,0,10,10,0.00,0.0001,0.0001,-2.7651,7.1682,0.0000,-0.0000,0.0000,-177.9823
2026-04-22 19:16:00.422,0,10,10,0.00,0.0000,-0.0001,-2.7651,7.1682,0.0000,-0.0000,0.0000,-177.9823
2026-04-22 19:16:00.923,0,2,10,0.00,0.0007,0.0001,-2.7651,7.1682,0.0000,-0.0000,0.0000,-177.9823
2026-04-22 19:16:01.422,0,3,10,0.00,-0.0001,0.0000,-2.7651,7.1682,0.0000,-0.8507,0.9000,-177.5275
2026-04-22 19:16:01.924,0,10,10,0.00,-0.1639,0.1449,-2.7997,7.1718,0.0000,-0.2102,0.3898,-177.5542
2026-04-22 19:16:02.423,0,9,10,0.00,-0.1412,0.2848,-2.9026,7.1821,0.0000,-0.1173,0.4827,-178.0271
2026-04-22 19:16:02.923,0,9,10,0.00,-0.0884,0.4630,-3.0252,7.1761,0.0000,-0.0868,0.5132,-169.7186
2026-04-22 19:16:03.423,0,8,10,0.00,-0.0797,0.5394,-3.1778,7.1122,0.0000,-0.0824,0.5176,-148.1777
2026-04-22 19:16:03.922,0,9,10,0.00,-0.1045,0.4877,-3.2733,7.0173,0.0000,-0.1262,0.4738,-125.1253
2026-04-22 19:16:04.423,0,9,10,0.00,-0.1653,0.4479,-3.3421,6.8833,0.0000,-0.1851,0.4149,-106.3667
2026-04-22 19:16:04.923,0,9,10,0.00,-0.2193,0.3778,-3.3777,6.7369,0.0000,-0.2346,0.3670,-93.1021
2026-04-22 19:16:05.422,0,9,10,0.00,-0.3296,0.4155,-3.3935,6.5764,0.0000,-0.4118,0.4886,-85.9799
2026-04-22 19:16:05.923,0,9,10,0.00,-0.4880,0.5681,-3.3970,6.3470,0.0000,-0.6130,0.6384,-81.4868
2026-04-22 19:16:06.422,0,8,10,0.00,-0.3799,0.5260,-3.3818,6.0826,0.0000,-0.3326,0.2674,-77.2043
2026-04-22 19:16:06.922,0,9,10,0.00,-0.2517,0.2749,-3.3611,5.9261,0.0000,-0.1833,0.4167,-72.0973
2026-04-22 19:16:07.422,0,9,10,0.00,-0.1169,0.4728,-3.3359,5.7967,0.0000,-0.1085,0.4915,-71.1107
2026-04-22 19:16:07.922,0,9,10,0.00,-0.1173,0.5067,-3.2648,5.6604,0.0000,-0.1375,0.4625,-51.0274
2026-04-22 19:16:08.423,0,9,10,0.00,-0.1755,0.4214,-3.1562,5.5554,0.0000,-0.1856,0.4144,-32.0023
2026-04-22 19:16:08.922,0,9,10,0.00,-0.2011,0.3998,-3.0280,5.4775,0.0000,-0.2076,0.3924,-20.0765
2026-04-22 19:16:09.423,0,9,10,0.00,-0.2453,0.3845,-2.8867,5.4223,0.0000,-0.3035,0.4311,-10.1811
2026-04-22 19:16:09.922,0,9,10,0.00,-0.3837,0.4701,-2.7027,5.3756,0.0000,-0.4187,0.5128,-3.7089
2026-04-22 19:16:10.423,0,9,10,0.00,-0.4727,0.5486,-2.4653,5.3359,0.0000,-0.5361,0.5978,1.0704
2026-04-22 19:16:10.922,0,9,10,0.00,-0.6339,0.6642,-2.1739,5.3071,0.0000,-0.7186,0.7320,5.0486
2026-04-22 19:16:11.422,0,9,10,0.00,-0.6959,0.7231,-1.8231,5.2834,0.0000,-0.6815,0.6585,6.4516
2026-04-22 19:16:11.922,0,9,10,0.00,-0.6631,0.5993,-1.4924,5.2637,0.0000,-0.6495,0.5774,7.4371
2026-04-22 19:16:12.422,0,9,10,0.00,-0.6093,0.5527,-1.1953,5.2309,0.0000,-0.5834,0.5416,3.4762
2026-04-22 19:16:12.922,0,9,10,0.00,-0.5443,0.5188,-0.9226,5.1878,0.0000,-0.5283,0.5034,0.5404
2026-04-22 19:16:13.422,0,9,10,0.00,-0.4922,0.4795,-0.6746,5.1424,0.0000,-0.4796,0.4652,-0.9055
2026-04-22 19:16:13.931,0,10,10,0.00,-0.4489,0.4364,-0.4210,5.0932,0.0000,-0.4425,0.4227,-1.0584
2026-04-22 19:16:14.422,0,9,10,0.00,-0.4156,0.4000,-0.2384,5.0556,0.0000,-0.3997,0.3920,-2.1111
2026-04-22 19:16:14.922,0,9,10,0.00,-0.3735,0.3762,-0.0488,5.0145,0.0000,-0.3627,0.3631,-2.8353
2026-04-22 19:16:15.422,0,9,10,0.00,-0.3422,0.3422,0.1259,4.9771,0.0000,-0.3360,0.3286,-2.3624
2026-04-22 19:16:15.923,0,9,10,0.00,-0.3144,0.3037,0.2854,4.9429,0.0000,-0.3045,0.3042,-2.7712
2026-04-22 19:16:16.422,0,9,10,0.00,-0.2969,0.3000,0.4312,4.9108,0.0000,-0.2964,0.3036,-3.2653
2026-04-22 19:16:16.922,0,9,10,0.00,-0.2966,0.2992,0.5776,4.8792,0.0000,-0.2986,0.3014,-2.9055
2026-04-22 19:16:17.422,0,9,10,0.00,-0.3012,0.3009,0.7258,4.8481,0.0000,-0.3010,0.2990,-2.4284
2026-04-22 19:16:17.922,0,9,10,0.00,-0.3004,0.2913,0.8720,4.8176,0.0000,-0.2992,0.3008,-2.5265
2026-04-22 19:16:18.422,0,9,10,0.00,-0.2967,0.2999,1.0173,4.7867,0.0000,-0.2960,0.3040,-2.9451
2026-04-22 19:16:18.922,0,9,10,0.00,-0.2957,0.3000,1.1643,4.7562,0.0000,-0.2980,0.3020,-2.6380
2026-04-22 19:16:19.423,0,9,10,0.00,-0.3008,0.3041,1.3129,4.7267,0.0000,-0.3027,0.2973,-1.9527
2026-04-22 19:16:19.922,0,9,10,0.00,-0.3016,0.2806,1.4596,4.6976,0.0000,-0.3010,0.2990,-2.0710
2026-04-22 19:16:20.423,0,9,10,0.00,-0.2926,0.3004,1.6051,4.6676,0.0000,-0.2941,0.3059,-3.0057
2026-04-22 19:16:20.922,0,9,10,0.00,-0.3835,0.2219,1.7524,4.6365,0.0000,-0.4514,0.1486,-2.3141
2026-04-22 19:16:21.423,0,9,10,0.00,-0.4941,0.0893,1.8931,4.5829,0.0000,-0.5029,0.0971,-11.5647
2026-04-22 19:16:21.922,0,9,10,0.00,-0.4880,0.0974,2.0017,4.4894,0.0000,-0.4694,0.1306,-33.9204
2026-04-22 19:16:22.422,0,8,10,0.00,-0.4359,0.1590,2.0760,4.3617,0.0000,-0.4231,0.1769,-56.0408
2026-04-22 19:16:22.922,0,9,10,0.00,-0.3989,0.1994,2.1188,4.2185,0.0000,-0.3882,0.2118,-66.5860
2026-04-22 19:16:23.423,0,9,10,0.00,-0.4075,0.2554,2.1378,4.0506,0.0000,-0.4369,0.3236,-76.3673
2026-04-22 19:16:23.923,0,10,10,0.00,-0.5165,0.4287,2.1334,3.8483,0.0000,-0.5574,0.4978,-84.8893
2026-04-22 19:16:24.422,0,9,10,0.00,-0.6490,0.5512,2.1087,3.6019,0.0000,-0.7209,0.7088,-90.3142
2026-04-22 19:16:24.923,0,9,10,0.00,-0.6536,0.7087,2.0569,3.2758,0.0000,-0.6105,0.6836,-94.7326
2026-04-22 19:16:25.423,0,9,10,0.00,-0.5583,0.6565,2.0195,2.9568,0.0000,-0.5480,0.6007,-89.5815
2026-04-22 19:16:25.922,0,9,10,0.00,-0.5248,0.5347,2.0071,2.6761,0.0000,-0.5080,0.5099,-85.8658
2026-04-22 19:16:26.423,0,9,10,0.00,-0.4643,0.4769,1.9991,2.4295,0.0000,-0.4414,0.4625,-86.2421
2026-04-22 19:16:26.922,0,9,10,0.00,-0.4015,0.4462,1.9944,2.2089,0.0000,-0.3884,0.4135,-85.8319
2026-04-22 19:16:27.422,0,9,10,0.00,-0.3656,0.3801,1.9957,2.0120,0.0000,-0.3553,0.3562,-83.8288
2026-04-22 19:16:27.922,0,9,10,0.00,-0.3297,0.3266,1.9988,1.8394,0.0000,-0.3154,0.3150,-83.4009
2026-04-22 19:16:28.422,0,9,10,0.00,-0.2930,0.2893,2.0013,1.6852,0.0000,-0.2981,0.3019,-83.5040
2026-04-22 19:16:28.922,0,9,10,0.00,-0.2981,0.2985,2.0038,1.5364,0.0000,-0.2979,0.3021,-83.4187
2026-04-22 19:16:29.422,0,9,10,0.00,-0.2987,0.3063,2.0066,1.3868,0.0000,-0.2974,0.3026,-83.3905
2026-04-22 19:16:29.923,0,9,10,0.00,-0.2965,0.3055,2.0102,1.2363,0.0000,-0.2987,0.3013,-83.1535
2026-04-22 19:16:30.423,0,10,10,0.00,-0.3022,0.3063,2.0149,1.0707,0.0000,-0.3006,0.2994,-82.8471
2026-04-22 19:16:30.922,0,9,10,0.00,-0.2985,0.2974,2.0189,0.9366,0.0000,-0.2991,0.3009,-82.9764
2026-04-22 19:16:31.423,0,9,10,0.00,-0.3567,0.2386,2.0224,0.7874,0.0000,-0.4342,0.1658,-83.2744
2026-04-22 19:16:31.922,0,9,10,0.00,-0.4872,0.1080,2.0074,0.6361,0.0000,-0.4972,0.1028,-89.2970
2026-04-22 19:16:32.423,0,9,10,0.00,-0.5015,0.0800,1.9485,0.5035,0.0000,-0.4845,0.1155,-110.3355
2026-04-22 19:16:32.922,0,9,10,0.00,-0.4478,0.1427,1.8467,0.3988,0.0000,-0.4285,0.1715,-134.7552
2026-04-22 19:16:33.422,0,8,10,0.00,-0.4004,0.2015,1.7189,0.3218,0.0000,-0.3880,0.2120,-146.4442
2026-04-22 19:16:33.922,0,9,10,0.00,-0.3833,0.2415,1.5780,0.2672,0.0000,-0.4250,0.3063,-156.4315
2026-04-22 19:16:34.422,0,9,10,0.00,-0.4869,0.3808,1.3943,0.2223,0.0000,-0.5389,0.4715,-163.6539
2026-04-22 19:16:34.922,0,9,10,0.00,-0.6201,0.5456,1.1375,0.1841,0.0000,-0.6645,0.6354,-169.0065
2026-04-22 19:16:35.422,0,9,10,0.00,-0.4435,0.4729,0.8264,0.1551,0.0000,-0.3409,0.3564,-172.7193
2026-04-22 19:16:35.922,0,9,10,0.00,-0.2885,0.2808,0.6801,0.1410,0.0000,-0.2915,0.3085,-172.0033
2026-04-22 19:16:36.423,0,9,10,0.00,-0.2956,0.3064,0.5344,0.1265,0.0000,-0.2915,0.3085,-172.1671
2026-04-22 19:16:36.923,0,3,10,0.00,-0.2885,0.2995,0.4869,0.1215,0.0000,-0.2915,0.3085,-172.0609
2026-04-22 19:16:37.422,0,2,10,0.00,0.0000,-0.0069,0.4881,0.1216,0.0000,-0.0000,0.0000,-169.2201
2026-04-22 19:16:37.922,0,10,10,0.00,0.0000,-0.0001,0.4882,0.1216,0.0000,-0.0000,0.0000,-169.7737
2026-04-22 19:16:38.423,0,10,10,0.00,0.0000,0.0000,0.4882,0.1216,0.0000,-0.0000,0.0000,-169.7737
2026-04-22 19:16:38.923,0,10,10,0.00,0.0000,0.0003,0.4882,0.1216,0.0000,-0.0000,0.0000,-169.7737
2026-04-22 19:16:39.423,0,10,10,0.00,0.0000,-0.0001,0.4882,0.1216,0.0000,-0.0000,0.0000,-169.7737
2026-04-22 19:16:39.922,0,10,10,0.00,0.0000,0.0000,0.4882,0.1216,0.0000,-0.0000,0.0000,-169.7737
2026-04-22 19:16:40.422,0,10,10,0.00,0.0001,-0.0001,0.4882,0.1216,0.0000,-0.0000,0.0000,-169.7737
2026-04-22 19:16:40.924,0,10,10,0.00,0.0001,-0.0003,0.4882,0.1216,0.0000,-0.0000,0.0000,-169.7737
2026-04-22 19:16:41.422,0,10,10,0.00,-0.0001,-0.0001,0.4882,0.1216,0.0000,-0.0000,0.0000,-169.7737
2026-04-22 19:16:41.923,0,19,10,0.00,0.1071,0.0617,0.4930,0.1222,0.0000,-0.0000,0.0000,-169.7737
2026-04-22 19:16:42.423,0,22,10,0.00,0.1224,0.1217,0.4942,0.1222,0.0000,-0.0000,0.0000,-160.7803
2026-04-22 19:16:42.922,0,21,10,0.00,0.1255,0.1229,0.4946,0.1225,0.0000,-0.0000,0.0000,-148.1812
2026-04-22 19:16:43.422,0,21,10,0.00,0.1259,0.1279,0.4948,0.1226,0.0000,-0.0000,0.0000,-135.4840
2026-04-22 19:16:43.923,0,21,10,0.00,0.1270,0.1266,0.4952,0.1231,0.0000,-0.0000,0.0000,-122.8958
2026-04-22 19:16:44.422,0,20,10,0.00,0.1253,0.1258,0.4952,0.1230,0.0000,-0.0000,0.0000,-107.5396
2026-04-22 19:16:44.922,0,20,10,0.00,0.1262,0.1275,0.4951,0.1229,0.0000,-0.0000,0.0000,-96.9763
2026-04-22 19:16:45.423,0,20,10,0.00,0.1255,0.1257,0.4951,0.1225,0.0000,-0.0000,0.0000,-81.2581
2026-04-22 19:16:45.922,0,18,10,0.00,0.1253,0.1258,0.4950,0.1227,0.0000,-0.0000,0.0000,-68.4845
2026-04-22 19:16:46.422,0,19,10,0.00,0.1246,0.1309,0.4952,0.1223,0.0000,-0.0000,0.0000,-55.5361
2026-04-22 19:16:46.922,0,20,10,0.00,0.1266,0.1299,0.4953,0.1223,0.0000,-0.0000,0.0000,-42.8263
2026-04-22 19:16:47.423,0,19,10,0.00,0.1223,0.1213,0.4951,0.1223,0.0000,-0.0000,0.0000,-32.3032
2026-04-22 19:16:47.922,0,15,10,0.00,0.1300,0.1285,0.4946,0.1226,0.0000,-0.0000,0.0000,-17.6050
2026-04-22 19:16:48.422,0,0,10,0.00,0.1300,0.1285,0.4946,0.1226,0.0000,-0.0000,0.0000,-9.7162
2026-04-22 19:16:48.922,0,7,10,0.00,0.0000,0.0000,0.4946,0.1226,0.0000,-0.0000,0.0000,-10.5482
2026-04-22 19:16:49.423,0,10,10,0.00,0.0000,0.0000,0.4946,0.1226,0.0000,-0.0000,0.0000,-10.3829
2026-04-22 19:16:49.922,0,10,10,0.00,0.0001,0.0000,0.4946,0.1226,0.0000,-0.0000,0.0000,-10.3829
2026-04-22 19:16:50.422,0,10,10,0.00,0.0000,0.0000,0.4946,0.1226,0.0000,-0.0000,0.0000,-10.3829
2026-04-22 19:16:50.922,0,10,10,0.00,0.0000,0.0001,0.4946,0.1226,0.0000,-0.0000,0.0000,-10.3829
2026-04-22 19:16:51.423,0,10,10,0.00,0.0000,-0.0001,0.4946,0.1226,0.0000,-0.0000,0.0000,-10.3829
2026-04-22 19:16:51.922,0,10,10,0.00,-0.0001,0.0000,0.4946,0.1226,0.0000,-0.0000,0.0000,-10.3829
2026-04-22 19:16:52.422,0,10,10,0.00,0.0001,0.0000,0.4946,0.1226,0.0000,-0.0000,0.0000,-10.3829
2026-04-22 19:16:52.922,0,10,10,0.00,0.0000,0.0001,0.4946,0.1226,0.0000,-0.0000,0.0000,-10.3829
2026-04-22 19:16:53.422,0,10,10,0.00,0.0118,0.0001,0.4923,0.1236,0.0000,-0.0000,0.0000,-10.3829
2026-04-22 19:16:53.922,0,10,10,0.00,0.0178,0.0059,0.4861,0.1261,0.0000,-0.0000,0.0000,-10.3829
2026-04-22 19:16:54.422,0,10,10,0.00,-0.0001,0.0008,0.4822,0.1275,0.0000,-0.0000,0.0000,-7.6564
2026-04-22 19:16:54.922,0,10,10,0.00,0.0013,0.0000,0.4778,0.1291,0.0000,-0.0000,0.0000,-7.6564
2026-04-22 19:16:55.423,0,10,10,0.00,0.0038,-0.0001,0.4713,0.1312,0.0000,-0.0000,0.0000,-6.4216
2026-04-22 19:16:55.922,0,10,10,0.00,0.0000,0.0000,0.4711,0.1312,0.0000,-0.0000,0.0000,-5.0029
2026-04-22 19:16:56.423,0,10,10,0.00,-0.0001,0.0000,0.4711,0.1312,0.0000,-0.0000,0.0000,-5.0029
2026-04-22 19:16:56.922,0,10,10,0.00,-0.0001,-0.0003,0.4711,0.1312,0.0000,-0.0000,0.0000,-5.0029
2026-04-22 19:16:57.422,0,10,10,0.00,0.0000,0.0000,0.4711,0.1312,0.0000,-0.0000,0.0000,-5.0029
2026-04-22 19:16:57.923,0,10,10,0.00,-0.0001,0.0000,0.4711,0.1312,0.0000,-0.0000,0.0000,-5.0029
2026-04-22 19:16:58.423,0,10,10,0.00,-0.0001,0.0003,0.4711,0.1312,0.0000,-0.0000,0.0000,-5.0029
2026-04-22 19:16:58.922,0,10,10,0.00,-0.0003,0.0000,0.4711,0.1312,0.0000,-0.0000,0.0000,-5.0029
2026-04-22 19:16:59.422,0,10,10,0.00,0.0001,0.0001,0.4711,0.1312,0.0000,-0.0000,0.0000,-5.0029
2026-04-22 19:16:59.923,0,10,10,0.00,0.0000,0.0000,0.4711,0.1312,0.0000,-0.0000,0.0000,-5.0029
2026-04-22 19:17:00.423,0,10,10,0.00,0.0005,0.0000,0.4711,0.1312,0.0000,-0.0000,0.0000,-5.0029
2026-04-22 19:17:00.924,0,10,10,0.00,0.0000,-0.0001,0.4711,0.1312,0.0000,-0.0000,0.0000,-5.0029
2026-04-22 19:17:01.422,0,10,10,0.00,0.0000,0.0001,0.4711,0.1312,0.0000,-0.0000,0.0000,-5.0029
2026-04-22 19:17:01.923,0,10,10,0.00,0.0000,0.0000,0.4711,0.1312,0.0000,-0.0000,0.0000,-5.0029
2026-04-22 19:17:02.423,0,10,10,0.00,0.0000,0.0000,0.4711,0.1312,0.0000,-0.0000,0.0000,-5.0029
2026-04-22 19:17:02.922,0,10,10,0.00,0.0000,0.0001,0.4711,0.1312,0.0000,-0.0000,0.0000,-5.0029
2026-04-22 19:17:03.423,0,10,10,0.00,-0.0003,-0.0001,0.4711,0.1312,0.0000,-0.0000,0.0000,-5.0029
2026-04-22 19:17:03.922,0,10,10,0.00,-0.0001,0.0000,0.4711,0.1312,0.0000,-0.0000,0.0000,-5.0029
2026-04-22 19:17:04.423,0,10,10,0.00,0.0000,-0.0003,0.4711,0.1312,0.0000,-0.0000,0.0000,-5.0029
2026-04-22 19:17:04.923,0,10,10,0.00,0.0000,0.0000,0.4711,0.1312,0.0000,-0.0000,0.0000,-5.0029
2026-04-22 19:17:05.422,0,10,10,0.00,-0.0001,-0.0001,0.4711,0.1312,0.0000,-0.0000,0.0000,-5.0029
2026-04-22 19:17:05.923,0,10,10,0.00,0.0001,0.0000,0.4711,0.1312,0.0000,-0.0000,0.0000,-5.0029
2026-04-22 19:17:06.423,0,10,10,0.00,0.0001,0.0001,0.4711,0.1312,0.0000,-0.0000,0.0000,-5.0029
2026-04-22 19:17:06.922,0,10,10,0.00,0.0001,0.0000,0.4711,0.1312,0.0000,-0.0000,0.0000,-5.0029
2026-04-22 19:17:07.423,0,10,10,0.00,0.0000,0.0005,0.4711,0.1312,0.0000,-0.0000,0.0000,-5.0029
2026-04-22 19:17:07.922,0,10,10,0.00,0.0000,0.0000,0.4711,0.1312,0.0000,-0.0000,0.0000,-5.0029
2026-04-22 19:17:08.422,0,10,10,0.00,0.0000,0.0001,0.4711,0.1312,0.0000,-0.0000,0.0000,-5.0029
2026-04-22 19:17:08.922,0,10,10,0.00,0.0000,0.0000,0.4711,0.1312,0.0000,-0.0000,0.0000,-5.0029
2026-04-22 19:17:09.422,0,10,10,0.00,-0.0001,0.0001,0.4711,0.1312,0.0000,-0.0000,0.0000,-5.0029
2026-04-22 19:17:09.922,0,10,10,0.00,0.0001,0.0001,0.4711,0.1312,0.0000,-0.0000,0.0000,-5.0029
2026-04-22 19:17:10.422,0,10,10,0.00,-0.0003,-0.0001,0.4711,0.1312,0.0000,-0.0000,0.0000,-5.0029
2026-04-22 19:17:10.922,0,10,10,0.00,0.0004,-0.0001,0.4711,0.1312,0.0000,-0.0000,0.0000,-5.0029
2026-04-22 19:17:11.423,0,10,10,0.00,0.0000,0.0001,0.4711,0.1312,0.0000,-0.0000,0.0000,-5.0029
2026-04-22 19:17:11.922,0,10,10,0.00,-0.0001,0.0000,0.4711,0.1312,0.0000,-0.0000,0.0000,-5.0029
2026-04-22 19:17:12.422,0,10,10,0.00,0.0000,0.0000,0.4711,0.1312,0.0000,-0.0000,0.0000,-5.0029
2026-04-22 19:17:12.923,0,10,10,0.00,0.0000,0.0000,0.4711,0.1312,0.0000,-0.0000,0.0000,-5.0029
2026-04-22 19:17:13.422,0,10,10,0.00,0.0003,-0.0004,0.4711,0.1312,0.0000,-0.0000,0.0000,-5.0029
2026-04-22 19:17:13.922,0,10,10,0.00,0.0000,0.0000,0.4711,0.1312,0.0000,-0.0000,0.0000,-5.0029
2026-04-22 19:17:14.422,0,10,10,0.00,0.0000,0.0000,0.4711,0.1312,0.0000,-0.0000,0.0000,-5.0029
2026-04-22 19:17:14.922,0,10,10,0.00,0.0004,0.0000,0.4711,0.1312,0.0000,-0.0000,0.0000,-5.0029
2026-04-22 19:17:15.423,0,10,10,0.00,0.0000,0.0000,0.4711,0.1312,0.0000,-0.0000,0.0000,-5.0029
2026-04-22 19:17:15.922,0,10,10,0.00,0.0003,0.0000,0.4711,0.1312,0.0000,-0.0000,0.0000,-5.0029
2026-04-22 19:17:16.423,0,10,10,0.00,0.0000,-0.0001,0.4711,0.1312,0.0000,-0.0000,0.0000,-5.0029
2026-04-22 19:17:16.922,0,10,10,0.00,0.0000,0.0000,0.4711,0.1312,0.0000,-0.0000,0.0000,-5.0029
2026-04-22 19:17:17.422,0,10,10,0.00,0.0001,0.0001,0.4711,0.1312,0.0000,-0.0000,0.0000,-5.0029
2026-04-22 19:17:17.922,0,10,10,0.00,0.0000,-0.0001,0.4711,0.1312,0.0000,-0.0000,0.0000,-5.0029
2026-04-22 19:17:18.422,0,10,10,0.00,0.0000,-0.0003,0.4711,0.1312,0.0000,-0.0000,0.0000,-5.0029
2026-04-22 19:17:18.922,0,10,10,0.00,0.0000,0.0003,0.4711,0.1312,0.0000,-0.0000,0.0000,-5.0029
2026-04-22 19:17:19.422,0,10,10,0.00,0.0001,0.0001,0.4711,0.1312,0.0000,-0.0000,0.0000,-5.0029
2026-04-22 19:17:19.922,0,10,10,0.00,0.0000,0.0001,0.4711,0.1312,0.0000,-0.0000,0.0000,-5.0029
2026-04-22 19:17:20.422,0,10,10,0.00,0.0000,0.0000,0.4711,0.1312,0.0000,-0.0000,0.0000,-5.0029
2026-04-22 19:17:20.922,0,10,10,0.00,0.0000,0.0000,0.4711,0.1312,0.0000,-0.0000,0.0000,-5.0029
2026-04-22 19:17:21.422,0,10,10,0.00,0.0001,0.0001,0.4711,0.1312,0.0000,-0.0000,0.0000,-5.0029
2026-04-22 19:17:21.922,0,10,10,0.00,-0.0001,0.0000,0.4711,0.1312,0.0000,-0.0000,0.0000,-5.0029
2026-04-22 19:17:22.422,0,10,10,0.00,-0.0003,-0.0003,0.4711,0.1312,0.0000,-0.0000,0.0000,-5.0029
2026-04-22 19:17:22.922,0,10,10,0.00,0.0003,0.0000,0.4711,0.1312,0.0000,-0.0000,0.0000,-5.0029
2026-04-22 19:17:23.422,0,10,10,0.00,-0.0001,0.0000,0.4711,0.1312,0.0000,-0.0000,0.0000,-5.0029
2026-04-22 19:17:23.923,0,10,10,0.00,0.0000,-0.0001,0.4711,0.1312,0.0000,-0.0000,0.0000,-5.0029
2026-04-22 19:17:24.422,0,10,10,0.00,0.0003,0.0000,0.4711,0.1312,0.0000,-0.0000,0.0000,-5.0029
2026-04-22 19:17:24.922,0,10,10,0.00,0.0003,0.0001,0.4711,0.1312,0.0000,-0.0000,0.0000,-5.0029
2026-04-22 19:17:25.423,0,10,10,0.00,0.0000,0.0000,0.4711,0.1312,0.0000,-0.0000,0.0000,-5.0029
2026-04-22 19:17:25.922,0,10,10,0.00,-0.0003,0.0000,0.4711,0.1312,0.0000,-0.0000,0.0000,-5.0029
2026-04-22 19:17:26.422,0,10,10,0.00,0.0000,0.0000,0.4711,0.1312,0.0000,-0.0000,0.0000,-5.0029
2026-04-22 19:17:26.922,0,10,10,0.00,-0.0003,0.0003,0.4711,0.1312,0.0000,-0.0000,0.0000,-5.0029
2026-04-22 19:17:27.422,0,10,10,0.00,0.0000,0.0000,0.4711,0.1312,0.0000,-0.0000,0.0000,-5.0029
2026-04-22 19:17:27.922,0,10,10,0.00,0.0000,0.0000,0.4711,0.1312,0.0000,-0.0000,0.0000,-5.0029
2026-04-22 19:17:28.422,0,10,10,0.00,-0.0004,-0.0001,0.4711,0.1312,0.0000,-0.0000,0.0000,-5.0029
2026-04-22 19:17:28.922,0,10,10,0.00,-0.0001,-0.0003,0.4711,0.1312,0.0000,-0.0000,0.0000,-5.0029
2026-04-22 19:17:29.422,0,10,10,0.00,-0.0001,0.0001,0.4711,0.1312,0.0000,-0.0000,0.0000,-5.0029
2026-04-22 19:17:29.922,0,10,10,0.00,0.0000,0.0003,0.4711,0.1312,0.0000,-0.0000,0.0000,-5.0029
2026-04-22 19:17:30.422,0,10,10,0.00,0.0000,0.0000,0.4711,0.1312,0.0000,-0.0000,0.0000,-5.0029
2026-04-22 19:17:30.922,0,10,10,0.00,-0.0001,0.0000,0.4711,0.1312,0.0000,-0.0000,0.0000,-5.0029
2026-04-22 19:17:31.422,0,10,10,0.00,-0.0001,0.0001,0.4711,0.1312,0.0000,-0.0000,0.0000,-5.0029
2026-04-22 19:17:31.922,0,10,10,0.00,0.0000,-0.0001,0.4711,0.1312,0.0000,-0.0000,0.0000,-5.0029
2026-04-22 19:17:32.422,0,10,10,0.00,-0.0001,0.0000,0.4711,0.1312,0.0000,-0.0000,0.0000,-5.0029
2026-04-22 19:17:32.922,0,10,10,0.00,0.0000,0.0001,0.4711,0.1312,0.0000,-0.0000,0.0000,-5.0029
2026-04-22 19:17:33.422,0,10,10,0.00,0.0000,0.0000,0.4711,0.1312,0.0000,-0.0000,0.0000,-5.0029
2026-04-22 19:17:33.922,0,10,10,0.00,0.0003,0.0001,0.4711,0.1312,0.0000,-0.0000,0.0000,-5.0029
2026-04-22 19:17:34.422,0,10,10,0.00,0.0000,0.0000,0.4711,0.1312,0.0000,-0.0000,0.0000,-5.0029
2026-04-22 19:17:34.922,0,10,10,0.00,0.0001,0.0000,0.4711,0.1312,0.0000,-0.0000,0.0000,-5.0029
2026-04-22 19:17:35.423,0,10,10,0.00,-0.0001,0.0000,0.4711,0.1312,0.0000,-0.0000,0.0000,-5.0029
2026-04-22 19:17:35.923,0,10,10,0.00,0.0000,0.0000,0.4711,0.1312,0.0000,-0.0000,0.0000,-5.0029
2026-04-22 19:17:36.422,0,10,10,0.00,-0.0001,0.0001,0.4711,0.1312,0.0000,-0.0000,0.0000,-5.0029
2026-04-22 19:17:36.922,0,10,10,0.00,-0.0001,0.0001,0.4711,0.1312,0.0000,-0.0000,0.0000,-5.0029
2026-04-22 19:17:37.422,0,10,10,0.00,-0.0001,0.0000,0.4711,0.1312,0.0000,-0.0000,0.0000,-5.0029
2026-04-22 19:17:37.922,0,10,10,0.00,-0.0001,0.0001,0.4711,0.1312,0.0000,-0.0000,0.0000,-5.0029
2026-04-22 19:17:38.423,0,10,10,0.00,0.0000,0.0000,0.4711,0.1312,0.0000,-0.0000,0.0000,-5.0029
2026-04-22 19:17:38.922,0,10,10,0.00,-0.0001,0.0000,0.4711,0.1312,0.0000,-0.0000,0.0000,-5.0029
2026-04-22 19:17:39.422,0,10,10,0.00,0.0000,-0.0003,0.4711,0.1312,0.0000,-0.0000,0.0000,-5.0029
2026-04-22 19:17:39.922,0,10,10,0.00,0.0000,0.0000,0.4711,0.1312,0.0000,-0.0000,0.0000,-5.0029
2026-04-22 19:17:40.422,0,10,10,0.00,-0.0003,0.0001,0.4711,0.1312,0.0000,-0.0000,0.0000,-5.0029
2026-04-22 19:17:40.922,0,10,10,0.00,0.0000,0.0000,0.4711,0.1312,0.0000,-0.0000,0.0000,-5.0029
2026-04-22 19:17:41.423,0,10,10,0.00,0.0000,0.0000,0.4711,0.1312,0.0000,-0.0000,0.0000,-5.0029
2026-04-22 19:17:41.922,0,10,10,0.00,0.0000,0.0000,0.4711,0.1312,0.0000,-0.0000,0.0000,-5.0029
2026-04-22 19:17:42.422,0,10,10,0.00,0.0001,-0.0003,0.4711,0.1312,0.0000,-0.0000,0.0000,-5.0029
2026-04-22 19:17:42.922,0,10,10,0.00,-0.0001,0.0001,0.4711,0.1312,0.0000,-0.0000,0.0000,-5.0029
2026-04-22 19:17:43.423,0,10,10,0.00,-0.0001,-0.0001,0.4711,0.1312,0.0000,-0.0000,0.0000,-5.0029
2026-04-22 19:17:43.922,0,10,10,0.00,-0.0003,-0.0003,0.4711,0.1312,0.0000,-0.0000,0.0000,-5.0029
2026-04-22 19:17:44.422,0,10,10,0.00,0.0000,0.0003,0.4711,0.1312,0.0000,-0.0000,0.0000,-5.0029
2026-04-22 19:17:44.922,0,10,10,0.00,0.0000,0.0000,0.4711,0.1312,0.0000,-0.0000,0.0000,-5.0029
2026-04-22 19:17:45.422,0,10,10,0.00,-0.0004,0.0003,0.4711,0.1312,0.0000,-0.0000,0.0000,-5.0029
2026-04-22 19:17:45.922,0,10,10,0.00,-0.0001,0.0000,0.4711,0.1312,0.0000,-0.0000,0.0000,-5.0029
2026-04-22 19:17:46.422,0,10,10,0.00,0.0000,0.0000,0.4711,0.1312,0.0000,-0.0000,0.0000,-5.0029
2026-04-22 19:17:46.922,0,10,10,0.00,0.0000,-0.0001,0.4711,0.1312,0.0000,-0.0000,0.0000,-5.0029
2026-04-22 19:17:47.422,0,10,10,0.00,0.0000,-0.0003,0.4711,0.1312,0.0000,-0.0000,0.0000,-5.0029
2026-04-22 19:17:47.922,0,10,10,0.00,0.0000,0.0000,0.4711,0.1312,0.0000,-0.0000,0.0000,-5.0029
2026-04-22 19:17:48.422,0,10,10,0.00,0.0001,-0.0001,0.4711,0.1312,0.0000,-0.0000,0.0000,-5.0029
2026-04-22 19:17:48.923,0,10,10,0.00,-0.0243,0.0000,0.4724,0.1309,0.0000,-0.0000,0.0000,-5.0029
2026-04-22 19:17:49.422,0,10,10,0.00,0.0000,0.0001,0.4724,0.1309,0.0000,-0.0000,0.0000,-5.0029
2026-04-22 19:17:49.923,0,10,10,0.00,0.0000,0.0000,0.4717,0.1311,0.0000,-0.0000,0.0000,-5.0029
2026-04-22 19:17:50.424,0,10,10,0.00,-0.0200,0.0215,0.4772,0.1293,0.0000,-0.0000,0.0000,-5.0029
2026-04-22 19:17:50.923,0,10,10,0.00,0.0000,0.0000,0.4773,0.1293,0.0000,-0.0000,0.0000,-5.0029
2026-04-22 19:17:51.422,0,10,10,0.00,-0.0682,0.0293,0.4841,0.1270,0.0000,-0.0000,0.0000,-5.0029
2026-04-22 19:17:51.922,0,10,10,0.00,-0.2354,0.2524,0.5576,0.1013,0.0000,-0.0000,0.0000,-6.6676
2026-04-22 19:17:52.422,0,10,10,0.00,-0.3905,0.3787,0.7089,0.0485,0.0000,-0.0000,0.0000,-6.7285
2026-04-22 19:17:52.922,0,10,10,0.00,-0.4500,0.4623,0.9176,-0.0258,0.0000,-0.0000,0.0000,-6.7881
2026-04-22 19:17:53.422,0,10,10,0.00,-0.4489,0.4474,1.1308,-0.0994,0.0000,-0.0000,0.0000,-5.8848
2026-04-22 19:17:53.922,0,10,10,0.00,-0.4472,0.4466,1.3412,-0.1724,0.0000,-0.0000,0.0000,-6.5648
2026-04-22 19:17:54.422,0,10,10,0.00,-0.4426,0.2899,1.5350,-0.2433,0.0000,-0.0000,0.0000,-6.8835
2026-04-22 19:17:54.922,0,10,10,0.00,-0.4503,-0.0495,1.6467,-0.3074,0.0000,-0.0000,0.0000,-22.4965
2026-04-22 19:17:55.422,0,10,10,0.00,-0.4456,-0.2050,1.6923,-0.3710,0.0000,-0.0000,0.0000,-50.0844
2026-04-22 19:17:55.922,0,10,10,0.00,-0.4460,-0.0356,1.6946,-0.4450,0.0000,-0.0000,0.0000,-82.9913
2026-04-22 19:17:56.422,0,10,10,0.00,-0.3419,0.1775,1.6496,-0.5662,0.0000,-0.0000,0.0000,-104.5662
2026-04-22 19:17:56.923,0,10,10,0.00,-0.3274,0.3432,1.5885,-0.6830,0.0000,-0.0000,0.0000,-106.6478
2026-04-22 19:17:57.422,0,10,10,0.00,-0.2978,0.4585,1.4959,-0.8678,0.0000,-0.0000,0.0000,-106.4127
2026-04-22 19:17:57.922,0,10,10,0.00,-0.4122,0.4571,1.4272,-1.0457,0.0000,-0.0000,0.0000,-98.7566
2026-04-22 19:17:58.422,0,10,10,0.00,-0.2467,0.4462,1.3621,-1.2443,0.0000,-0.0000,0.0000,-98.3883
2026-04-22 19:17:58.922,0,10,10,0.00,-0.4146,0.4512,1.3236,-1.4301,0.0000,-0.0000,0.0000,-89.6101
2026-04-22 19:17:59.422,0,10,10,0.00,-0.2940,0.4427,1.2921,-1.6369,0.0000,-0.0000,0.0000,-88.2101
2026-04-22 19:17:59.922,0,10,10,0.00,-0.4252,0.4515,1.2818,-1.8336,0.0000,-0.0000,0.0000,-81.1230
2026-04-22 19:18:00.423,0,10,10,0.00,-0.2454,0.4373,1.2813,-2.0376,0.0000,-0.0000,0.0000,-80.1930
2026-04-22 19:18:00.922,0,10,10,0.00,-0.4329,0.4626,1.3041,-2.2334,0.0000,-0.0000,0.0000,-72.0219
2026-04-22 19:18:01.423,0,10,10,0.00,-0.4511,0.4358,1.3385,-2.4557,0.0000,-0.0000,0.0000,-70.5483
2026-04-22 19:18:01.922,0,10,10,0.00,-0.4464,0.4456,1.3707,-2.6748,0.0000,-0.0000,0.0000,-71.5897
2026-04-22 19:18:02.423,0,10,10,0.00,-0.4331,0.2608,1.3961,-2.8762,0.0000,-0.0000,0.0000,-71.4322
2026-04-22 19:18:02.922,0,10,10,0.00,-0.0768,-0.0114,1.3965,-2.9512,0.0000,-0.0000,0.0000,-84.6821
2026-04-22 19:18:03.423,0,10,10,0.00,0.0001,0.0000,1.3962,-2.9540,0.0000,-0.0000,0.0000,-86.3985
2026-04-22 19:18:03.922,0,10,10,0.00,0.0000,0.0003,1.3962,-2.9540,0.0000,-0.0000,0.0000,-86.3985
2026-04-22 19:18:04.424,0,10,10,0.00,0.0000,0.0000,1.3962,-2.9540,0.0000,-0.0000,0.0000,-86.3985
2026-04-22 19:18:04.922,0,10,10,0.00,0.0000,0.0000,1.3962,-2.9540,0.0000,-0.0000,0.0000,-86.3985
2026-04-22 19:18:05.423,0,10,10,0.00,0.0000,0.0000,1.3962,-2.9540,0.0000,-0.0000,0.0000,-86.3985
2026-04-22 19:18:05.922,0,10,10,0.00,0.0000,0.0001,1.3962,-2.9540,0.0000,-0.0000,0.0000,-86.3985
2026-04-22 19:18:06.423,0,10,10,0.00,0.0001,-0.0008,1.3962,-2.9533,0.0000,-0.0000,0.0000,-86.3985
2026-04-22 19:18:06.922,0,10,10,0.00,0.0000,0.0000,1.3963,-2.9526,0.0000,-0.0000,0.0000,-86.3985
2026-04-22 19:18:07.422,0,10,10,0.00,-0.0004,0.0000,1.3963,-2.9526,0.0000,-0.0000,0.0000,-86.3985
2026-04-22 19:18:07.923,0,10,10,0.00,0.0000,0.0000,1.3963,-2.9526,0.0000,-0.0000,0.0000,-86.3985
2026-04-22 19:18:08.422,0,10,10,0.00,-0.0003,0.0000,1.3963,-2.9526,0.0000,-0.0000,0.0000,-86.3985
2026-04-22 19:18:08.923,0,10,10,0.00,0.0000,0.0000,1.3963,-2.9526,0.0000,-0.0000,0.0000,-86.3985
2026-04-22 19:18:09.423,0,10,10,0.00,0.0000,0.0000,1.3963,-2.9526,0.0000,-0.0000,0.0000,-86.3985
2026-04-22 19:18:09.923,0,10,10,0.00,0.0000,0.0003,1.3963,-2.9526,0.0000,-0.0000,0.0000,-86.3985
2026-04-22 19:18:10.422,0,10,10,0.00,-0.0003,0.0000,1.3963,-2.9526,0.0000,-0.0000,0.0000,-86.3985
2026-04-22 19:18:10.924,0,10,10,0.00,0.0000,0.0001,1.3963,-2.9526,0.0000,-0.0000,0.0000,-86.3985
2026-04-22 19:18:11.422,0,10,10,0.00,0.0001,0.0000,1.3963,-2.9526,0.0000,-0.0000,0.0000,-86.3985
2026-04-22 19:18:11.924,0,10,10,0.00,0.0000,0.0000,1.3963,-2.9526,0.0000,-0.0000,0.0000,-86.3985
2026-04-22 19:18:12.422,0,10,10,0.00,0.0003,0.0000,1.3963,-2.9526,0.0000,-0.0000,0.0000,-86.3985
2026-04-22 19:18:12.923,0,10,10,0.00,0.0000,0.0000,1.3963,-2.9526,0.0000,-0.0000,0.0000,-86.3985
2026-04-22 19:18:13.423,0,10,10,0.00,0.0005,0.0001,1.3963,-2.9526,0.0000,-0.0000,0.0000,-86.3985
2026-04-22 19:18:13.922,0,10,10,0.00,-0.0001,-0.0001,1.3963,-2.9526,0.0000,-0.0000,0.0000,-86.3985
2026-04-22 19:18:14.422,0,10,10,0.00,0.0001,0.0000,1.3963,-2.9526,0.0000,-0.0000,0.0000,-86.3985
2026-04-22 19:18:14.923,0,10,10,0.00,0.0000,0.0000,1.3963,-2.9526,0.0000,-0.0000,0.0000,-86.3985
2026-04-22 19:18:15.422,0,10,10,0.00,0.0004,0.0000,1.3963,-2.9526,0.0000,-0.0000,0.0000,-86.3985
2026-04-22 19:18:15.923,0,10,10,0.00,-0.0001,0.0000,1.3963,-2.9526,0.0000,-0.0000,0.0000,-86.3985
2026-04-22 19:18:16.422,0,10,10,0.00,-0.0003,0.0000,1.3963,-2.9526,0.0000,-0.0000,0.0000,-86.3985
2026-04-22 19:18:16.922,0,10,10,0.00,0.0001,-0.0001,1.3963,-2.9526,0.0000,-0.0000,0.0000,-86.3985
2026-04-22 19:18:17.422,0,10,10,0.00,-0.0001,0.0000,1.3963,-2.9526,0.0000,-0.0000,0.0000,-86.3985
2026-04-22 19:18:17.922,0,10,10,0.00,0.0005,0.0000,1.3963,-2.9526,0.0000,-0.0000,0.0000,-86.3985
2026-04-22 19:18:18.422,0,10,10,0.00,-0.0001,-0.0001,1.3963,-2.9526,0.0000,-0.0000,0.0000,-86.3985
2026-04-22 19:18:18.922,0,10,10,0.00,0.0000,0.0001,1.3963,-2.9526,0.0000,-0.0000,0.0000,-86.3985
2026-04-22 19:18:19.422,0,10,10,0.00,0.0000,0.0000,1.3963,-2.9526,0.0000,-0.0000,0.0000,-86.3985
2026-04-22 19:18:19.922,0,10,10,0.00,0.0000,0.0000,1.3963,-2.9526,0.0000,-0.0000,0.0000,-86.3985
2026-04-22 19:18:20.422,0,10,10,0.00,0.0004,-0.0001,1.3963,-2.9526,0.0000,-0.0000,0.0000,-86.3985
2026-04-22 19:18:20.923,0,10,10,0.00,0.0001,-0.0003,1.3963,-2.9526,0.0000,-0.0000,0.0000,-86.3985
2026-04-22 19:18:21.423,0,10,10,0.00,0.0000,0.0000,1.3963,-2.9526,0.0000,-0.0000,0.0000,-86.3985
2026-04-22 19:18:21.923,0,10,10,0.00,0.0000,0.0000,1.3963,-2.9526,0.0000,-0.0000,0.0000,-86.3985
2026-04-22 19:18:22.423,0,10,10,0.00,-0.0001,-0.0001,1.3963,-2.9526,0.0000,-0.0000,0.0000,-86.3985
2026-04-22 19:18:22.922,0,10,10,0.00,0.0001,0.0000,1.3963,-2.9526,0.0000,-0.0000,0.0000,-86.3985
2026-04-22 19:18:23.424,0,10,10,0.00,0.0000,0.0000,1.3963,-2.9526,0.0000,-0.0000,0.0000,-86.3985
2026-04-22 19:18:23.922,0,10,10,0.00,0.0000,0.0001,1.3963,-2.9526,0.0000,-0.0000,0.0000,-86.3985
2026-04-22 19:18:24.422,0,10,10,0.00,0.0000,0.0001,1.3963,-2.9526,0.0000,-0.0000,0.0000,-86.3985
2026-04-22 19:18:24.924,0,10,10,0.00,-0.0001,-0.0001,1.3963,-2.9526,0.0000,-0.0000,0.0000,-86.3985
2026-04-22 19:18:25.424,0,10,10,0.00,0.0000,0.0000,1.3963,-2.9526,0.0000,-0.0000,0.0000,-86.3985
2026-04-22 19:18:25.924,0,10,10,0.00,0.0000,0.0000,1.3963,-2.9526,0.0000,-0.0000,0.0000,-86.3985
2026-04-22 19:18:26.424,0,10,10,0.00,-0.0003,0.0000,1.3963,-2.9526,0.0000,-0.0000,0.0000,-86.3985
2026-04-22 19:18:26.923,0,10,10,0.00,0.0001,-0.0001,1.3963,-2.9526,0.0000,-0.0000,0.0000,-86.3985
2026-04-22 19:18:27.422,0,10,10,0.00,-0.0001,0.0003,1.3963,-2.9526,0.0000,-0.0000,0.0000,-86.3985
2026-04-22 19:18:27.922,0,10,10,0.00,0.0000,0.0000,1.3963,-2.9526,0.0000,-0.0000,0.0000,-86.3985
2026-04-22 19:18:28.423,0,10,10,0.00,-0.0001,0.0000,1.3963,-2.9526,0.0000,-0.0000,0.0000,-86.3985
2026-04-22 19:18:28.922,0,10,10,0.00,0.0000,0.0000,1.3963,-2.9526,0.0000,-0.0000,0.0000,-86.3985
2026-04-22 19:18:29.422,0,10,10,0.00,0.0004,0.0003,1.3963,-2.9526,0.0000,-0.0000,0.0000,-86.3985
2026-04-22 19:18:29.923,0,10,10,0.00,0.0001,0.0000,1.3963,-2.9526,0.0000,-0.0000,0.0000,-86.3985
2026-04-22 19:18:30.423,0,10,10,0.00,0.0000,0.0001,1.3963,-2.9526,0.0000,-0.0000,0.0000,-86.3985
2026-04-22 19:18:30.922,0,10,10,0.00,-0.0001,-0.0001,1.3963,-2.9526,0.0000,-0.0000,0.0000,-86.3985
2026-04-22 19:18:31.422,0,10,10,0.00,0.0000,-0.0003,1.3963,-2.9526,0.0000,-0.0000,0.0000,-86.3985
2026-04-22 19:18:31.922,0,10,10,0.00,0.0000,0.0000,1.3963,-2.9526,0.0000,-0.0000,0.0000,-86.3985
2026-04-22 19:18:32.422,0,10,10,0.00,0.0000,0.0000,1.3963,-2.9526,0.0000,-0.0000,0.0000,-86.3985
2026-04-22 19:18:32.923,0,10,10,0.00,0.0001,0.0000,1.3963,-2.9526,0.0000,-0.0000,0.0000,-86.3985
2026-04-22 19:18:33.423,0,10,10,0.00,0.0001,-0.0003,1.3963,-2.9526,0.0000,-0.0000,0.0000,-86.3985
2026-04-22 19:18:33.922,0,10,10,0.00,0.0000,0.0000,1.3963,-2.9526,0.0000,-0.0000,0.0000,-86.3985
2026-04-22 19:18:34.422,0,10,10,0.00,0.0003,0.0000,1.3963,-2.9526,0.0000,-0.0000,0.0000,-86.3985
2026-04-22 19:18:34.922,0,10,10,0.00,0.0000,0.0000,1.3963,-2.9526,0.0000,-0.0000,0.0000,-86.3985
2026-04-22 19:18:35.423,0,10,10,0.00,0.0001,0.0000,1.3963,-2.9526,0.0000,-0.0000,0.0000,-86.3985
2026-04-22 19:18:35.923,0,10,10,0.00,-0.0615,0.0203,1.3958,-2.9570,0.0000,-0.0000,0.0000,-86.3985
2026-04-22 19:18:36.422,0,10,10,0.00,-0.2275,0.1956,1.3859,-3.0178,0.0000,-0.0000,0.0000,-89.7488
2026-04-22 19:18:36.922,0,10,10,0.00,-0.3803,0.3776,1.3579,-3.1713,0.0000,-0.0000,0.0000,-90.8771
2026-04-22 19:18:37.422,0,10,10,0.00,-0.4512,0.4584,1.3183,-3.3876,0.0000,-0.0000,0.0000,-90.9622
2026-04-22 19:18:37.924,0,10,10,0.00,-0.4475,0.4492,1.2791,-3.6093,0.0000,-0.0000,0.0000,-90.5640
2026-04-22 19:18:38.422,0,10,10,0.00,-0.4460,0.4441,1.2410,-3.8303,0.0000,-0.0000,0.0000,-90.6598
2026-04-22 19:18:38.923,0,10,10,0.00,-0.4481,0.4307,1.2025,-4.0469,0.0000,-0.0000,0.0000,-91.3977
2026-04-22 19:18:39.424,0,10,10,0.00,-0.4494,0.4405,1.1615,-4.2652,0.0000,-0.0000,0.0000,-91.9101
2026-04-22 19:18:39.922,0,10,10,0.00,-0.4470,0.4383,1.1190,-4.4837,0.0000,-0.0000,0.0000,-92.2148
2026-04-22 19:18:40.422,0,10,10,0.00,-0.4508,0.4388,1.0716,-4.7050,0.0000,-0.0000,0.0000,-93.3451
2026-04-22 19:18:40.922,0,10,10,0.00,-0.4482,0.3927,1.0236,-4.8983,0.0000,-0.0000,0.0000,-94.8193
2026-04-22 19:18:41.423,0,10,10,0.00,-0.4487,0.4533,0.9619,-5.1056,0.0000,-0.0000,0.0000,-98.3834
2026-04-22 19:18:41.922,0,10,10,0.00,-0.4487,0.4564,0.8967,-5.3219,0.0000,-0.0000,0.0000,-97.8572
2026-04-22 19:18:42.422,0,10,10,0.00,-0.4456,0.2863,0.8321,-5.5296,0.0000,-0.0000,0.0000,-98.0496
2026-04-22 19:18:42.922,0,10,10,0.00,-0.4524,0.3125,0.7618,-5.6840,0.0000,-0.0000,0.0000,-106.7312
2026-04-22 19:18:43.422,0,10,10,0.00,-0.4449,0.3104,0.6573,-5.8620,0.0000,-0.0000,0.0000,-112.3908
2026-04-22 19:18:43.922,0,10,10,0.00,-0.4477,0.0357,0.5676,-5.9778,0.0000,-0.0000,0.0000,-120.5673
2026-04-22 19:18:44.422,0,10,10,0.00,-0.4532,0.2227,0.4510,-6.0516,0.0000,-0.0000,0.0000,-141.9767
2026-04-22 19:18:44.922,0,10,10,0.00,-0.4475,0.3966,0.2695,-6.1229,0.0000,-0.0000,0.0000,-152.0270
2026-04-22 19:18:45.423,0,10,10,0.00,-0.4439,0.4686,0.0570,-6.1967,0.0000,-0.0000,0.0000,-153.4490
2026-04-22 19:18:45.923,0,10,10,0.00,-0.4477,0.4396,-0.1547,-6.2733,0.0000,-0.0000,0.0000,-152.3289
2026-04-22 19:18:46.424,0,9,10,0.00,-0.4477,0.4515,-0.3651,-6.3494,0.0000,-0.0000,0.0000,-152.4250
2026-04-22 19:18:46.923,0,10,10,0.00,-0.4494,0.4431,-0.5753,-6.4254,0.0000,-0.0000,0.0000,-152.4413
2026-04-22 19:18:47.422,0,9,10,0.00,-0.4499,0.4567,-0.7865,-6.5016,0.0000,-0.0000,0.0000,-152.5628
2026-04-22 19:18:47.922,0,10,10,0.00,-0.4499,0.4486,-0.9969,-6.5780,0.0000,-0.0000,0.0000,-152.2842
2026-04-22 19:18:48.423,0,10,10,0.00,-0.2886,0.4489,-1.1834,-6.6504,0.0000,-0.0000,0.0000,-152.1268
2026-04-22 19:18:48.922,0,10,10,0.00,-0.2913,0.4516,-1.3566,-6.7399,0.0000,-0.0000,0.0000,-144.2813
2026-04-22 19:18:49.423,0,10,10,0.00,-0.2051,0.4457,-1.5148,-6.8479,0.0000,-0.0000,0.0000,-137.0376
2026-04-22 19:18:49.922,0,10,10,0.00,-0.3172,0.4512,-1.6356,-6.9652,0.0000,-0.0000,0.0000,-126.8009
2026-04-22 19:18:50.423,0,10,10,0.00,-0.2719,0.4307,-1.7433,-7.1056,0.0000,-0.0000,0.0000,-118.8945
2026-04-22 19:18:50.922,0,10,10,0.00,-0.2585,0.4466,-1.8298,-7.2638,0.0000,-0.0000,0.0000,-109.2829
2026-04-22 19:18:51.424,0,10,10,0.00,-0.4271,0.4616,-1.8987,-7.4493,0.0000,-0.0000,0.0000,-100.4881
2026-04-22 19:18:51.923,0,10,10,0.00,-0.4486,0.4406,-1.9710,-7.6629,0.0000,-0.0000,0.0000,-99.9473
2026-04-22 19:18:52.422,0,10,10,0.00,-0.4388,0.4468,-2.0369,-7.8660,0.0000,-0.0000,0.0000,-99.2640
2026-04-22 19:18:52.922,0,10,10,0.00,-0.4434,0.4423,-2.1046,-8.0807,0.0000,-0.0000,0.0000,-98.9755
2026-04-22 19:18:53.423,0,10,10,0.00,-0.4475,0.4608,-2.1722,-8.2946,0.0000,-0.0000,0.0000,-98.8648
2026-04-22 19:18:53.922,0,10,10,0.00,-0.4491,0.4452,-2.2328,-8.5000,0.0000,-0.0000,0.0000,-97.4434
2026-04-22 19:18:54.423,0,10,10,0.00,-0.3854,0.4428,-2.2940,-8.7128,0.0000,-0.0000,0.0000,-97.6587
2026-04-22 19:18:54.922,0,10,10,0.00,-0.4517,0.4613,-2.3470,-8.9211,0.0000,-0.0000,0.0000,-94.8486
2026-04-22 19:18:55.423,0,10,10,0.00,-0.4465,0.4352,-2.3999,-9.1391,0.0000,-0.0000,0.0000,-95.1126
2026-04-22 19:18:55.922,0,10,10,0.00,-0.4494,0.4585,-2.4538,-9.3566,0.0000,-0.0000,0.0000,-95.4779
2026-04-22 19:18:56.422,0,10,10,0.00,-0.4441,0.4410,-2.5071,-9.5748,0.0000,-0.0000,0.0000,-95.2563
2026-04-22 19:18:56.922,0,9,10,0.00,-0.4504,0.4461,-2.5600,-9.7917,0.0000,-0.0000,0.0000,-95.3837
2026-04-22 19:18:57.422,0,9,10,0.00,-0.4481,0.4551,-2.6137,-10.0092,0.0000,-0.0000,0.0000,-95.4623
2026-04-22 19:18:57.922,0,10,10,0.00,-0.4409,0.4448,-2.6652,-10.2233,0.0000,-0.0000,0.0000,-95.2743
2026-04-22 19:18:58.422,0,10,10,0.00,-0.4481,0.4466,-2.7163,-10.4413,0.0000,-0.0000,0.0000,-94.9633
2026-04-22 19:18:58.922,0,10,10,0.00,-0.4494,0.4419,-2.7675,-10.6576,0.0000,-0.0000,0.0000,-94.8838
2026-04-22 19:18:59.422,0,10,10,0.00,-0.4458,0.4460,-2.8203,-10.8735,0.0000,-0.0000,0.0000,-95.5049
2026-04-22 19:18:59.923,0,10,10,0.00,-0.4474,0.4485,-2.8738,-11.0910,0.0000,-0.0000,0.0000,-95.7278
2026-04-22 19:19:00.422,0,10,10,0.00,-0.4470,0.4492,-2.9273,-11.3094,0.0000,-0.0000,0.0000,-95.4977
2026-04-22 19:19:00.923,0,10,10,0.00,-0.4495,0.4456,-2.9800,-11.5258,0.0000,-0.0000,0.0000,-95.4591
2026-04-22 19:19:01.423,0,10,10,0.00,-0.4470,0.4512,-3.0333,-11.7428,0.0000,-0.0000,0.0000,-95.7850
2026-04-22 19:19:01.923,0,10,10,0.00,-0.4457,0.4428,-3.0866,-11.9607,0.0000,-0.0000,0.0000,-95.7062
2026-04-22 19:19:02.422,0,10,10,0.00,-0.4468,0.4462,-3.1397,-12.1773,0.0000,-0.0000,0.0000,-95.8118
2026-04-22 19:19:02.922,0,10,10,0.00,-0.4452,0.4443,-3.1932,-12.3951,0.0000,-0.0000,0.0000,-95.9548
2026-04-22 19:19:03.422,0,10,10,0.00,-0.4462,0.4447,-3.2459,-12.6129,0.0000,-0.0000,0.0000,-95.7789
2026-04-22 19:19:03.922,0,10,10,0.00,-0.4507,0.4423,-3.2989,-12.8296,0.0000,-0.0000,0.0000,-95.9508
2026-04-22 19:19:04.422,0,10,10,0.00,-0.4434,0.3221,-3.3522,-13.0247,0.0000,-0.0000,0.0000,-96.7549
2026-04-22 19:19:04.924,0,10,10,0.00,-0.4508,0.4454,-3.4247,-13.2146,0.0000,-0.0000,0.0000,-104.1045
2026-04-22 19:19:05.422,0,10,10,0.00,-0.4479,0.4617,-3.5097,-13.4262,0.0000,-0.0000,0.0000,-104.0495
2026-04-22 19:19:05.922,0,10,10,0.00,-0.4511,0.4462,-3.5909,-13.6362,0.0000,-0.0000,0.0000,-103.1983
2026-04-22 19:19:06.423,0,10,10,0.00,-0.4464,0.4464,-3.6717,-13.8437,0.0000,-0.0000,0.0000,-103.3347
2026-04-22 19:19:06.923,0,10,10,0.00,-0.4483,0.4473,-3.7532,-14.0517,0.0000,-0.0000,0.0000,-103.5582
2026-04-22 19:19:07.422,0,10,10,0.00,-0.4041,0.4445,-3.8297,-14.2522,0.0000,-0.0000,0.0000,-103.2412
2026-04-22 19:19:07.922,0,10,10,0.00,-0.4574,0.4454,-3.9024,-14.4623,0.0000,-0.0000,0.0000,-100.3794
2026-04-22 19:19:08.424,0,10,10,0.00,-0.2913,0.4434,-3.9697,-14.6608,0.0000,-0.0000,0.0000,-101.0468
2026-04-22 19:19:08.922,0,10,10,0.00,-0.4466,0.4540,-4.0181,-14.8579,0.0000,-0.0000,0.0000,-93.5389
2026-04-22 19:19:09.424,0,10,10,0.00,-0.4423,0.4288,-4.0662,-15.0776,0.0000,-0.0000,0.0000,-93.5398
2026-04-22 19:19:09.922,0,10,10,0.00,-0.4473,0.4193,-4.1154,-15.2881,0.0000,-0.0000,0.0000,-94.0675
2026-04-22 19:19:10.423,0,10,10,0.00,-0.4465,0.4290,-4.1724,-15.5130,0.0000,-0.0000,0.0000,-95.4028
2026-04-22 19:19:10.922,0,10,10,0.00,-0.4469,0.4440,-4.2255,-15.7177,0.0000,-0.0000,0.0000,-95.5908
2026-04-22 19:19:11.424,0,10,10,0.00,-0.4540,0.3948,-4.2825,-15.9216,0.0000,-0.0000,0.0000,-96.2361
2026-04-22 19:19:11.922,0,10,10,0.00,-0.4482,0.4469,-4.3504,-16.1260,0.0000,-0.0000,0.0000,-100.1987
2026-04-22 19:19:12.422,0,10,10,0.00,-0.4070,0.4443,-4.4199,-16.3355,0.0000,-0.0000,0.0000,-99.8274
2026-04-22 19:19:12.922,0,10,10,0.00,-0.4528,0.4546,-4.4850,-16.5490,0.0000,-0.0000,0.0000,-98.2737
2026-04-22 19:19:13.423,0,10,10,0.00,-0.4002,0.4448,-4.5481,-16.7584,0.0000,-0.0000,0.0000,-98.4064
2026-04-22 19:19:13.923,0,10,10,0.00,-0.4570,0.4554,-4.6075,-16.9709,0.0000,-0.0000,0.0000,-96.7486
2026-04-22 19:19:14.422,0,10,10,0.00,-0.4457,0.4468,-4.6675,-17.1862,0.0000,-0.0000,0.0000,-97.1904
2026-04-22 19:19:14.922,0,10,10,0.00,-0.4470,0.4483,-4.7279,-17.4027,0.0000,-0.0000,0.0000,-97.1475
2026-04-22 19:19:15.424,0,10,10,0.00,-0.4464,0.4461,-4.7879,-17.6179,0.0000,-0.0000,0.0000,-97.1352
2026-04-22 19:19:15.922,0,10,10,0.00,-0.4482,0.4498,-4.8480,-17.8332,0.0000,-0.0000,0.0000,-97.1414
2026-04-22 19:19:16.422,0,10,10,0.00,-0.4454,0.4415,-4.9082,-18.0490,0.0000,-0.0000,0.0000,-97.0855
2026-04-22 19:19:16.922,0,10,10,0.00,-0.4469,0.4309,-4.9681,-18.2637,0.0000,-0.0000,0.0000,-97.1582
2026-04-22 19:19:17.422,0,10,10,0.00,-0.4449,0.3074,-5.0274,-18.4681,0.0000,-0.0000,0.0000,-97.4307
2026-04-22 19:19:17.922,0,10,10,0.00,-0.4470,-0.0012,-5.0848,-18.5990,0.0000,-0.0000,0.0000,-105.4800
2026-04-22 19:19:18.422,0,10,10,0.00,-0.4458,0.0001,-5.1610,-18.6730,0.0000,-0.0000,0.0000,-129.5689
2026-04-22 19:19:18.922,0,10,10,0.00,-0.4528,0.1765,-5.2837,-18.7223,0.0000,-0.0000,0.0000,-155.2348
2026-04-22 19:19:19.422,0,10,10,0.00,-0.4515,0.3516,-5.4616,-18.7493,0.0000,-0.0000,0.0000,-166.1648
2026-04-22 19:19:19.922,0,10,10,0.00,-0.4466,0.4525,-5.6790,-18.7646,0.0000,-0.0000,0.0000,-169.1519
2026-04-22 19:19:20.422,0,10,10,0.00,-0.4468,0.3646,-5.8841,-18.7735,0.0000,-0.0000,0.0000,-169.3640
2026-04-22 19:19:20.923,0,10,10,0.00,-0.4445,0.3325,-6.0847,-18.7676,0.0000,-0.0000,0.0000,-174.5734
2026-04-22 19:19:21.422,0,10,10,0.00,-0.4491,0.3767,-6.2863,-18.7442,0.0000,-0.0000,0.0000,-179.8436
2026-04-22 19:19:21.922,0,10,10,0.00,-0.4439,0.3407,-6.4776,-18.7061,0.0000,-0.0000,0.0000,176.3149
2026-04-22 19:19:22.422,0,10,10,0.00,-0.4457,0.4642,-6.6825,-18.6472,0.0000,-0.0000,0.0000,169.9929
2026-04-22 19:19:22.924,0,10,10,0.00,-0.4449,0.4532,-6.9020,-18.5846,0.0000,-0.0000,0.0000,171.4819
2026-04-22 19:19:23.422,0,10,10,0.00,-0.4464,0.4452,-7.1161,-18.5246,0.0000,-0.0000,0.0000,171.1465
2026-04-22 19:19:23.922,0,10,10,0.00,-0.4475,0.4519,-7.3326,-18.4634,0.0000,-0.0000,0.0000,171.4190
2026-04-22 19:19:24.423,0,10,10,0.00,-0.4468,0.4333,-7.5574,-18.4009,0.0000,-0.0000,0.0000,171.6052
2026-04-22 19:19:24.922,0,10,10,0.00,-0.4320,0.4475,-7.7562,-18.3478,0.0000,-0.0000,0.0000,171.6104
2026-04-22 19:19:25.422,0,10,10,0.00,-0.4470,0.4448,-7.9746,-18.2922,0.0000,-0.0000,0.0000,172.9208
2026-04-22 19:19:25.924,0,10,10,0.00,-0.4481,0.4436,-8.1902,-18.2370,0.0000,-0.0000,0.0000,172.7218
2026-04-22 19:19:26.423,0,10,10,0.00,-0.4434,0.4439,-8.4162,-18.1786,0.0000,-0.0000,0.0000,172.6071
2026-04-22 19:19:26.922,0,10,10,0.00,-0.3847,0.4456,-8.6079,-18.1354,0.0000,-0.0000,0.0000,173.9975
2026-04-22 19:19:27.422,0,10,10,0.00,-0.4527,0.4507,-8.8274,-18.0950,0.0000,-0.0000,0.0000,176.8592
2026-04-22 19:19:27.923,0,10,10,0.00,-0.4434,0.4309,-9.0442,-18.0543,0.0000,-0.0000,0.0000,176.5789
2026-04-22 19:19:28.422,0,10,10,0.00,-0.4474,0.4443,-9.2639,-18.0115,0.0000,-0.0000,0.0000,176.3134
2026-04-22 19:19:28.922,0,10,10,0.00,-0.4511,0.3587,-9.4600,-17.9659,0.0000,-0.0000,0.0000,175.0216
2026-04-22 19:19:29.423,0,10,10,0.00,-0.3152,0.4567,-9.6562,-17.9072,0.0000,-0.0000,0.0000,169.6459
2026-04-22 19:19:29.922,0,10,10,0.00,-0.4506,0.4570,-9.8616,-17.8623,0.0000,-0.0000,0.0000,177.4019
2026-04-22 19:19:30.422,0,10,10,0.00,-0.4458,0.4170,-10.0775,-17.8189,0.0000,-0.0000,0.0000,176.3032
2026-04-22 19:19:30.923,0,10,10,0.00,-0.4466,0.4597,-10.2966,-17.7714,0.0000,-0.0000,0.0000,175.3652
2026-04-22 19:19:31.423,0,10,10,0.00,-0.4502,0.4449,-10.5131,-17.7240,0.0000,-0.0000,0.0000,175.5648
2026-04-22 19:19:31.922,0,10,10,0.00,-0.4472,0.4276,-10.7234,-17.6745,0.0000,-0.0000,0.0000,174.4380
2026-04-22 19:19:32.422,0,10,10,0.00,-0.4478,0.4595,-10.9402,-17.6200,0.0000,-0.0000,0.0000,173.5352
2026-04-22 19:19:32.922,0,10,10,0.00,-0.4478,0.4402,-11.1583,-17.5665,0.0000,-0.0000,0.0000,174.1313
2026-04-22 19:19:33.422,0,10,10,0.00,-0.4445,0.4424,-11.3750,-17.5128,0.0000,-0.0000,0.0000,173.6136
2026-04-22 19:19:33.922,0,10,10,0.00,-0.4491,0.4517,-11.5927,-17.4589,0.0000,-0.0000,0.0000,173.8763
2026-04-22 19:19:34.422,0,10,10,0.00,-0.4478,0.4486,-11.8095,-17.4054,0.0000,-0.0000,0.0000,173.7472
2026-04-22 19:19:34.922,0,10,10,0.00,-0.4460,0.4458,-12.0263,-17.3514,0.0000,-0.0000,0.0000,173.5336
2026-04-22 19:19:35.424,0,9,10,0.00,-0.4472,0.4524,-12.2442,-17.2973,0.0000,-0.0000,0.0000,173.6583
2026-04-22 19:19:35.922,0,10,10,0.00,-0.4474,0.4464,-12.4616,-17.2438,0.0000,-0.0000,0.0000,173.6107
2026-04-22 19:19:36.422,0,10,10,0.00,-0.4454,0.4478,-12.6791,-17.1903,0.0000,-0.0000,0.0000,173.6045
2026-04-22 19:19:36.926,0,10,10,0.00,-0.4487,0.4485,-12.8974,-17.1372,0.0000,-0.0000,0.0000,173.9570
2026-04-22 19:19:37.423,0,10,10,0.00,-0.4498,0.4472,-13.1141,-17.0840,0.0000,-0.0000,0.0000,173.6562
2026-04-22 19:19:37.922,0,10,10,0.00,-0.4470,0.4504,-13.3313,-17.0304,0.0000,-0.0000,0.0000,173.4886
2026-04-22 19:19:38.422,0,10,10,0.00,-0.4479,0.4486,-13.5485,-16.9771,0.0000,-0.0000,0.0000,173.6729
2026-04-22 19:19:38.922,0,10,10,0.00,-0.4468,0.4558,-13.7627,-16.9250,0.0000,-0.0000,0.0000,173.5869
2026-04-22 19:19:39.422,0,10,10,0.00,-0.4466,0.4478,-13.9814,-16.8737,0.0000,-0.0000,0.0000,174.3841
2026-04-22 19:19:39.922,0,10,10,0.00,-0.4504,0.4418,-14.1986,-16.8231,0.0000,-0.0000,0.0000,174.4392
2026-04-22 19:19:40.422,0,10,10,0.00,-0.4444,0.4436,-14.4160,-16.7715,0.0000,-0.0000,0.0000,174.0843
2026-04-22 19:19:40.923,0,10,10,0.00,-0.4472,0.4554,-14.6342,-16.7197,0.0000,-0.0000,0.0000,174.3422
2026-04-22 19:19:41.423,0,10,10,0.00,-0.4449,0.4430,-14.8517,-16.6687,0.0000,-0.0000,0.0000,174.5012
2026-04-22 19:19:41.923,0,10,10,0.00,-0.4477,0.4229,-15.0681,-16.6173,0.0000,-0.0000,0.0000,174.2226
2026-04-22 19:19:42.424,0,10,10,0.00,-0.4475,0.4491,-15.2834,-16.5641,0.0000,-0.0000,0.0000,174.0526
2026-04-22 19:19:42.923,0,10,10,0.00,-0.4479,0.4440,-15.4999,-16.5102,0.0000,-0.0000,0.0000,173.8219
2026-04-22 19:19:43.422,0,10,10,0.00,-0.4448,0.4516,-15.7179,-16.4561,0.0000,-0.0000,0.0000,173.9585
2026-04-22 19:19:43.922,0,10,10,0.00,-0.4504,0.4478,-15.9354,-16.4025,0.0000,-0.0000,0.0000,174.2210
2026-04-22 19:19:44.423,0,10,10,0.00,-0.4465,0.4396,-16.1520,-16.3491,0.0000,-0.0000,0.0000,174.0734
2026-04-22 19:19:44.925,0,10,10,0.00,-0.4453,0.4288,-16.3694,-16.2951,0.0000,-0.0000,0.0000,173.9346
2026-04-22 19:19:45.422,0,10,10,0.00,-0.4469,0.4259,-16.5795,-16.2400,0.0000,-0.0000,0.0000,173.1025
2026-04-22 19:19:45.923,0,10,10,0.00,-0.4498,0.4616,-16.7948,-16.1805,0.0000,-0.0000,0.0000,172.1285
2026-04-22 19:19:46.422,0,10,10,0.00,-0.4296,0.4456,-17.0049,-16.1256,0.0000,-0.0000,0.0000,173.4886
2026-04-22 19:19:46.922,0,10,10,0.00,-0.4486,0.4452,-17.2235,-16.0723,0.0000,-0.0000,0.0000,174.1914
2026-04-22 19:19:47.422,0,10,10,0.00,-0.4033,0.4523,-17.4375,-16.0191,0.0000,-0.0000,0.0000,173.6972
2026-04-22 19:19:47.922,0,10,10,0.00,-0.4435,0.4500,-17.6455,-15.9746,0.0000,-0.0000,0.0000,176.7525
2026-04-22 19:19:48.423,0,10,10,0.00,-0.4453,0.4333,-17.8667,-15.9305,0.0000,-0.0000,0.0000,176.8155
2026-04-22 19:19:48.922,0,10,10,0.00,-0.4503,0.4509,-18.0818,-15.8847,0.0000,-0.0000,0.0000,175.7544
2026-04-22 19:19:49.422,0,10,10,0.00,-0.4498,0.3873,-18.2857,-15.8365,0.0000,-0.0000,0.0000,175.3118
2026-04-22 19:19:49.922,0,10,10,0.00,-0.4462,0.4589,-18.4946,-15.7766,0.0000,-0.0000,0.0000,171.3714
2026-04-22 19:19:50.422,0,9,10,0.00,-0.4403,0.4477,-18.7090,-15.7158,0.0000,-0.0000,0.0000,172.3229
2026-04-22 19:19:50.922,0,10,10,0.00,-0.4472,0.4523,-18.9258,-15.6569,0.0000,-0.0000,0.0000,173.1444
2026-04-22 19:19:51.422,0,10,10,0.00,-0.4494,0.4473,-19.1410,-15.5982,0.0000,-0.0000,0.0000,172.7968
2026-04-22 19:19:51.923,0,10,10,0.00,-0.4330,0.4491,-19.3506,-15.5426,0.0000,-0.0000,0.0000,172.8789
2026-04-22 19:19:52.422,0,10,10,0.00,-0.4519,0.4528,-19.5693,-15.4890,0.0000,-0.0000,0.0000,174.6786
2026-04-22 19:19:52.923,0,10,10,0.00,-0.4512,0.3862,-19.7788,-15.4366,0.0000,-0.0000,0.0000,174.2008
2026-04-22 19:19:53.422,0,10,10,0.00,-0.4474,0.4430,-19.9962,-15.3733,0.0000,-0.0000,0.0000,171.4830
2026-04-22 19:19:53.923,0,10,10,0.00,-0.4384,0.4516,-20.1974,-15.3168,0.0000,-0.0000,0.0000,172.9882
2026-04-22 19:19:54.422,0,9,10,0.00,-0.4478,0.4409,-20.4150,-15.2593,0.0000,-0.0000,0.0000,173.3976
2026-04-22 19:19:54.922,0,10,10,0.00,-0.4481,0.4477,-20.6304,-15.2014,0.0000,-0.0000,0.0000,173.1416
2026-04-22 19:19:55.422,0,10,10,0.00,-0.3834,0.4453,-20.8384,-15.1476,0.0000,-0.0000,0.0000,173.6970
2026-04-22 19:19:55.923,0,10,10,0.00,-0.4579,0.4434,-21.0536,-15.0994,0.0000,-0.0000,0.0000,176.1661
2026-04-22 19:19:56.423,0,10,10,0.00,-0.4432,0.4229,-21.2645,-15.0494,0.0000,-0.0000,0.0000,175.1024
2026-04-22 19:19:56.922,0,10,10,0.00,-0.4461,0.4482,-21.4794,-14.9949,0.0000,-0.0000,0.0000,174.1387
2026-04-22 19:19:57.422,0,10,10,0.00,-0.4485,0.4477,-21.6941,-14.9386,0.0000,-0.0000,0.0000,173.4632
2026-04-22 19:19:57.922,0,10,10,0.00,-0.4437,0.4406,-21.9103,-14.8817,0.0000,-0.0000,0.0000,173.8537
2026-04-22 19:19:58.422,0,10,10,0.00,-0.1708,0.4396,-22.0974,-14.8387,0.0000,-0.0000,0.0000,175.3599
2026-04-22 19:19:58.922,0,10,10,0.00,0.0706,0.4495,-22.2135,-14.8401,0.0000,-0.0000,0.0000,-166.8002
2026-04-22 19:19:59.422,0,10,10,0.00,0.1973,0.4388,-22.2771,-14.8716,0.0000,-0.0000,0.0000,-138.0213
2026-04-22 19:19:59.923,0,10,10,0.00,-0.0139,0.1568,-22.3124,-14.9195,0.0000,-0.0000,0.0000,-110.4706
2026-04-22 19:20:00.422,0,10,10,0.00,-0.1359,0.1490,-22.3321,-14.9571,0.0000,-0.0000,0.0000,-106.5097
2026-04-22 19:20:00.923,0,10,10,0.00,-0.2919,0.3538,-22.3870,-15.0714,0.0000,-0.0000,0.0000,-104.4797
2026-04-22 19:20:01.422,0,10,10,0.00,-0.3886,0.4156,-22.4637,-15.2529,0.0000,-0.0000,0.0000,-101.6120
2026-04-22 19:20:01.923,0,10,10,0.00,-0.0559,0.0399,-22.5041,-15.3556,0.0000,-0.0000,0.0000,-100.2288
2026-04-22 19:20:02.422,0,10,10,0.00,0.0001,-0.0009,-22.5042,-15.3558,0.0000,-0.0000,0.0000,-99.9090
2026-04-22 19:20:02.922,0,10,10,0.00,0.0000,0.0000,-22.5042,-15.3558,0.0000,-0.0000,0.0000,-99.9090
2026-04-22 19:20:03.422,0,10,10,0.00,-0.0003,0.0000,-22.5042,-15.3558,0.0000,-0.0000,0.0000,-99.9090
2026-04-22 19:20:03.922,0,10,10,0.00,0.0004,0.0000,-22.5042,-15.3558,0.0000,-0.0000,0.0000,-99.9090
2026-04-22 19:20:04.422,0,10,10,0.00,0.0000,-0.0001,-22.5042,-15.3558,0.0000,-0.0000,0.0000,-99.9090
2026-04-22 19:20:04.923,0,10,10,0.00,0.0000,-0.0001,-22.5042,-15.3558,0.0000,-0.0000,0.0000,-99.9090
2026-04-22 19:20:05.422,0,10,10,0.00,0.0003,0.0003,-22.5042,-15.3558,0.0000,-0.0000,0.0000,-99.9090
2026-04-22 19:20:05.922,0,10,10,0.00,0.0000,0.0000,-22.5042,-15.3558,0.0000,-0.0000,0.0000,-99.9090
2026-04-22 19:20:06.423,0,10,10,0.00,-0.0001,-0.0001,-22.5042,-15.3558,0.0000,-0.0000,0.0000,-99.9090
2026-04-22 19:20:06.922,0,10,10,0.00,0.0000,0.0000,-22.5042,-15.3558,0.0000,-0.0000,0.0000,-99.9090
2026-04-22 19:20:07.422,0,10,10,0.00,0.0000,0.0000,-22.5042,-15.3558,0.0000,-0.0000,0.0000,-99.9090
2026-04-22 19:20:07.923,0,10,10,0.00,0.0004,0.0000,-22.5042,-15.3558,0.0000,-0.0000,0.0000,-99.9090
2026-04-22 19:20:08.423,0,10,10,0.00,0.0000,0.0000,-22.5042,-15.3558,0.0000,-0.0000,0.0000,-99.9090
2026-04-22 19:20:08.922,0,10,10,0.00,0.0000,0.0000,-22.5042,-15.3558,0.0000,-0.0000,0.0000,-99.9090
2026-04-22 19:20:09.423,0,10,10,0.00,0.0000,0.0000,-22.5042,-15.3558,0.0000,-0.0000,0.0000,-99.9090
2026-04-22 19:20:09.923,0,10,10,0.00,0.0000,0.0001,-22.5042,-15.3558,0.0000,-0.0000,0.0000,-99.9090
2026-04-22 19:20:10.423,0,10,10,0.00,0.0000,0.0001,-22.5042,-15.3558,0.0000,-0.0000,0.0000,-99.9090
2026-04-22 19:20:10.923,0,10,10,0.00,0.0000,-0.0001,-22.5042,-15.3558,0.0000,-0.0000,0.0000,-99.9090
2026-04-22 19:20:11.422,0,10,10,0.00,0.0003,0.0000,-22.5042,-15.3558,0.0000,-0.0000,0.0000,-99.9090
2026-04-22 19:20:11.922,0,10,10,0.00,0.0003,0.0001,-22.5042,-15.3558,0.0000,-0.0000,0.0000,-99.9090
2026-04-22 19:20:12.422,0,10,10,0.00,-0.0001,0.0000,-22.5042,-15.3558,0.0000,-0.0000,0.0000,-99.9090
2026-04-22 19:20:12.922,0,10,10,0.00,0.0000,0.0000,-22.5042,-15.3558,0.0000,-0.0000,0.0000,-99.9090
2026-04-22 19:20:13.422,0,10,10,0.00,0.0001,0.0000,-22.5042,-15.3558,0.0000,-0.0000,0.0000,-99.9090
2026-04-22 19:20:13.922,0,10,10,0.00,0.0000,-0.0003,-22.5042,-15.3558,0.0000,-0.0000,0.0000,-99.9090
2026-04-22 19:20:14.422,0,10,10,0.00,-0.0001,-0.0001,-22.5042,-15.3558,0.0000,-0.0000,0.0000,-99.9090
2026-04-22 19:20:14.922,0,10,10,0.00,0.0007,0.0000,-22.5042,-15.3558,0.0000,-0.0000,0.0000,-99.9090
2026-04-22 19:20:15.422,0,10,10,0.00,0.0000,0.0000,-22.5042,-15.3558,0.0000,-0.0000,0.0000,-99.9090
2026-04-22 19:20:15.923,0,10,10,0.00,0.0000,0.0000,-22.5042,-15.3558,0.0000,-0.0000,0.0000,-99.9090
2026-04-22 19:20:16.422,0,10,10,0.00,-0.0001,-0.0003,-22.5042,-15.3558,0.0000,-0.0000,0.0000,-99.9090
2026-04-22 19:20:16.922,0,10,10,0.00,0.0003,-0.0001,-22.5042,-15.3558,0.0000,-0.0000,0.0000,-99.9090
2026-04-22 19:20:17.423,0,10,10,0.00,-0.0001,-0.0001,-22.5042,-15.3558,0.0000,-0.0000,0.0000,-99.9090
2026-04-22 19:20:17.922,0,10,10,0.00,0.0000,0.0000,-22.5042,-15.3558,0.0000,-0.0000,0.0000,-99.9090
2026-04-22 19:20:18.422,0,10,10,0.00,0.0001,0.0000,-22.5042,-15.3558,0.0000,-0.0000,0.0000,-99.9090
2026-04-22 19:20:18.922,0,10,10,0.00,0.0000,0.0000,-22.5042,-15.3558,0.0000,-0.0000,0.0000,-99.9090
2026-04-22 19:20:19.422,0,10,10,0.00,0.0000,0.0003,-22.5042,-15.3558,0.0000,-0.0000,0.0000,-99.9090
2026-04-22 19:20:19.922,0,10,10,0.00,0.0000,-0.0001,-22.5042,-15.3558,0.0000,-0.0000,0.0000,-99.9090
2026-04-22 19:20:20.423,0,10,10,0.00,0.0003,0.0000,-22.5042,-15.3558,0.0000,-0.0000,0.0000,-99.9090
2026-04-22 19:20:20.923,0,10,10,0.00,-0.0001,0.0000,-22.5042,-15.3558,0.0000,-0.0000,0.0000,-99.9090
2026-04-22 19:20:21.423,0,10,10,0.00,0.0001,0.0000,-22.5042,-15.3558,0.0000,-0.0000,0.0000,-99.9090
2026-04-22 19:20:21.922,0,10,10,0.00,0.0000,0.0003,-22.5042,-15.3558,0.0000,-0.0000,0.0000,-99.9090
2026-04-22 19:20:22.422,0,10,10,0.00,0.0000,0.0001,-22.5042,-15.3558,0.0000,-0.0000,0.0000,-99.9090
2026-04-22 19:20:22.922,0,10,10,0.00,0.0000,-0.0003,-22.5042,-15.3558,0.0000,-0.0000,0.0000,-99.9090
2026-04-22 19:20:23.422,0,10,10,0.00,0.0001,0.0003,-22.5042,-15.3558,0.0000,-0.0000,0.0000,-99.9090
2026-04-22 19:20:23.922,0,10,10,0.00,0.0004,0.0000,-22.5042,-15.3558,0.0000,-0.0000,0.0000,-99.9090
2026-04-22 19:20:24.423,0,10,10,0.00,0.0001,0.0000,-22.5042,-15.3558,0.0000,-0.0000,0.0000,-99.9090
2026-04-22 19:20:24.922,0,10,10,0.00,0.0004,-0.0003,-22.5042,-15.3558,0.0000,-0.0000,0.0000,-99.9090
2026-04-22 19:20:25.422,0,10,10,0.00,0.0003,-0.0003,-22.5042,-15.3558,0.0000,-0.0000,0.0000,-99.9090
2026-04-22 19:20:25.922,0,10,10,0.00,0.0001,0.0000,-22.5042,-15.3558,0.0000,-0.0000,0.0000,-99.9090
2026-04-22 19:20:26.422,0,10,10,0.00,0.0000,0.0000,-22.5042,-15.3558,0.0000,-0.0000,0.0000,-99.9090
2026-04-22 19:20:26.923,0,10,10,0.00,-0.0001,0.0000,-22.5042,-15.3558,0.0000,-0.0000,0.0000,-99.9090
2026-04-22 19:20:27.423,0,10,10,0.00,0.0000,0.0000,-22.5042,-15.3558,0.0000,-0.0000,0.0000,-99.9090
2026-04-22 19:20:27.922,0,10,10,0.00,0.0000,0.0001,-22.5042,-15.3558,0.0000,-0.0000,0.0000,-99.9090
2026-04-22 19:20:28.423,0,10,10,0.00,0.0005,0.0001,-22.5042,-15.3558,0.0000,-0.0000,0.0000,-99.9090
2026-04-22 19:20:28.922,0,10,10,0.00,0.0000,-0.0313,-22.5037,-15.3546,0.0000,-0.0000,0.0000,-99.9090
2026-04-22 19:20:29.424,0,10,10,0.00,-0.0079,-0.1966,-22.4933,-15.3313,0.0000,-0.0000,0.0000,-101.6618
2026-04-22 19:20:29.922,0,10,10,0.00,-0.1645,-0.3661,-22.4638,-15.2895,0.0000,-0.0000,0.0000,-115.5710
2026-04-22 19:20:30.423,0,10,10,0.00,-0.1797,-0.4627,-22.4148,-15.2661,0.0000,-0.0000,0.0000,-145.4323
2026-04-22 19:20:30.922,0,10,10,0.00,0.0010,-0.1401,-22.3476,-15.2673,0.0000,-0.0000,0.0000,-176.2796
2026-04-22 19:20:31.423,0,10,10,0.00,0.1539,-0.2467,-22.2924,-15.2780,0.0000,-0.0000,0.0000,178.7604
2026-04-22 19:20:31.922,0,10,10,0.00,0.3047,-0.4257,-22.1475,-15.3192,0.0000,-0.0000,0.0000,172.7502
2026-04-22 19:20:32.423,0,10,10,0.00,0.4481,-0.4144,-21.9516,-15.3940,0.0000,-0.0000,0.0000,167.1086
2026-04-22 19:20:32.922,0,10,10,0.00,0.4420,-0.3491,-21.7655,-15.4581,0.0000,-0.0000,0.0000,168.9176
2026-04-22 19:20:33.422,0,10,10,0.00,0.1144,-0.1503,-21.6348,-15.4940,0.0000,-0.0000,0.0000,174.5235
2026-04-22 19:20:33.922,0,10,10,0.00,-0.0025,0.0119,-21.6222,-15.4976,0.0000,-0.0000,0.0000,173.3189
2026-04-22 19:20:34.422,0,10,10,0.00,0.0000,0.0000,-21.6225,-15.4975,0.0000,-0.0000,0.0000,173.3189
2026-04-22 19:20:34.922,0,10,10,0.00,-0.0003,-0.0003,-21.6225,-15.4975,0.0000,-0.0000,0.0000,173.3189
2026-04-22 19:20:35.422,0,10,10,0.00,0.0003,0.0000,-21.6225,-15.4975,0.0000,-0.0000,0.0000,173.3189
2026-04-22 19:20:35.923,0,10,10,0.00,0.0000,0.0001,-21.6225,-15.4975,0.0000,-0.0000,0.0000,173.3189
2026-04-22 19:20:36.422,0,10,10,0.00,0.0000,0.0001,-21.6225,-15.4975,0.0000,-0.0000,0.0000,173.3189
2026-04-22 19:20:36.922,0,10,10,0.00,0.0000,-0.0001,-21.6225,-15.4975,0.0000,-0.0000,0.0000,173.3189
2026-04-22 19:20:37.422,0,10,10,0.00,0.0000,0.0000,-21.6225,-15.4975,0.0000,-0.0000,0.0000,173.3189
2026-04-22 19:20:37.922,0,10,10,0.00,0.0000,0.0001,-21.6225,-15.4975,0.0000,-0.0000,0.0000,173.3189
2026-04-22 19:20:38.422,0,10,10,0.00,0.0001,0.0000,-21.6225,-15.4975,0.0000,-0.0000,0.0000,173.3189
2026-04-22 19:20:38.922,0,10,10,0.00,0.0000,0.0000,-21.6225,-15.4975,0.0000,-0.0000,0.0000,173.3189
2026-04-22 19:20:39.422,0,10,10,0.00,0.0001,0.0000,-21.6225,-15.4975,0.0000,-0.0000,0.0000,173.3189
2026-04-22 19:20:39.922,0,10,10,0.00,0.0000,-0.0004,-21.6225,-15.4975,0.0000,-0.0000,0.0000,173.3189
2026-04-22 19:20:40.422,0,10,10,0.00,0.0000,0.0000,-21.6225,-15.4975,0.0000,-0.0000,0.0000,173.3189
2026-04-22 19:20:40.923,0,10,10,0.00,0.0000,0.0000,-21.6225,-15.4975,0.0000,-0.0000,0.0000,173.3189
2026-04-22 19:20:41.422,0,10,10,0.00,0.0001,0.0000,-21.6225,-15.4975,0.0000,-0.0000,0.0000,173.3189
2026-04-22 19:20:41.922,0,10,10,0.00,0.0003,0.0000,-21.6225,-15.4975,0.0000,-0.0000,0.0000,173.3189
2026-04-22 19:20:42.422,0,10,10,0.00,0.0003,-0.0003,-21.6225,-15.4975,0.0000,-0.0000,0.0000,173.3189
2026-04-22 19:20:42.923,0,10,10,0.00,0.0003,0.0000,-21.6225,-15.4975,0.0000,-0.0000,0.0000,173.3189
2026-04-22 19:20:43.422,0,10,10,0.00,0.0001,0.0000,-21.6225,-15.4975,0.0000,-0.0000,0.0000,173.3189
2026-04-22 19:20:43.922,0,10,10,0.00,0.0000,-0.0001,-21.6225,-15.4975,0.0000,-0.0000,0.0000,173.3189
2026-04-22 19:20:44.423,0,10,10,0.00,-0.0004,0.0000,-21.6225,-15.4975,0.0000,-0.0000,0.0000,173.3189
2026-04-22 19:20:44.922,0,10,10,0.00,-0.0003,0.0001,-21.6225,-15.4975,0.0000,-0.0000,0.0000,173.3189
2026-04-22 19:20:45.423,0,10,10,0.00,0.0001,0.0001,-21.6225,-15.4975,0.0000,-0.0000,0.0000,173.3189
2026-04-22 19:20:45.922,0,10,10,0.00,0.0000,-0.0005,-21.6225,-15.4975,0.0000,-0.0000,0.0000,173.3189
2026-04-22 19:20:46.422,0,10,10,0.00,0.0000,0.0000,-21.6225,-15.4975,0.0000,-0.0000,0.0000,173.3189
2026-04-22 19:20:46.922,0,10,10,0.00,0.0000,0.0000,-21.6225,-15.4975,0.0000,-0.0000,0.0000,173.3189
2026-04-22 19:20:47.423,0,10,10,0.00,0.0001,0.0000,-21.6225,-15.4975,0.0000,-0.0000,0.0000,173.3189
2026-04-22 19:20:47.922,0,10,10,0.00,0.0001,-0.0003,-21.6225,-15.4975,0.0000,-0.0000,0.0000,173.3189
2026-04-22 19:20:48.423,0,10,10,0.00,-0.0001,0.0000,-21.6225,-15.4975,0.0000,-0.0000,0.0000,173.3189
2026-04-22 19:20:48.922,0,10,10,0.00,0.0003,0.0000,-21.6225,-15.4975,0.0000,-0.0000,0.0000,173.3189
2026-04-22 19:20:49.423,0,10,10,0.00,0.0001,0.0003,-21.6225,-15.4975,0.0000,-0.0000,0.0000,173.3189
2026-04-22 19:20:49.922,0,10,10,0.00,-0.0003,0.0001,-21.6225,-15.4975,0.0000,-0.0000,0.0000,173.3189
2026-04-22 19:20:50.424,0,10,10,0.00,0.0001,0.0000,-21.6225,-15.4975,0.0000,-0.0000,0.0000,173.3189
2026-04-22 19:20:50.922,0,10,10,0.00,0.0000,0.0004,-21.6225,-15.4975,0.0000,-0.0000,0.0000,173.3189
2026-04-22 19:20:51.423,0,10,10,0.00,0.0000,-0.0003,-21.6225,-15.4975,0.0000,-0.0000,0.0000,173.3189
2026-04-22 19:20:51.923,0,10,10,0.00,-0.0001,0.0000,-21.6225,-15.4975,0.0000,-0.0000,0.0000,173.3189
2026-04-22 19:20:52.423,0,10,10,0.00,0.0001,0.0000,-21.6225,-15.4975,0.0000,-0.0000,0.0000,173.3189
2026-04-22 19:20:52.923,0,10,10,0.00,0.0001,0.0000,-21.6225,-15.4975,0.0000,-0.0000,0.0000,173.3189
2026-04-22 19:20:53.422,0,10,10,0.00,0.0000,0.0000,-21.6225,-15.4975,0.0000,-0.0000,0.0000,173.3189
2026-04-22 19:20:53.922,0,10,10,0.00,0.0000,0.0000,-21.6225,-15.4975,0.0000,-0.0000,0.0000,173.3189
2026-04-22 19:20:54.424,0,10,10,0.00,0.0000,0.0000,-21.6225,-15.4975,0.0000,-0.0000,0.0000,173.3189
2026-04-22 19:20:54.923,0,10,10,0.00,0.0003,0.0000,-21.6225,-15.4975,0.0000,-0.0000,0.0000,173.3189
2026-04-22 19:20:55.423,0,10,10,0.00,0.0000,0.0000,-21.6225,-15.4975,0.0000,-0.0000,0.0000,173.3189
2026-04-22 19:20:55.922,0,10,10,0.00,-0.0001,0.0000,-21.6225,-15.4975,0.0000,-0.0000,0.0000,173.2337
2026-04-22 19:20:56.422,0,10,10,0.00,0.0001,0.0000,-21.6225,-15.4975,0.0000,-0.0000,0.0000,173.2337
2026-04-22 19:20:56.922,0,10,10,0.00,0.0001,0.0001,-21.6225,-15.4975,0.0000,-0.0000,0.0000,173.2337
2026-04-22 19:20:57.422,0,10,10,0.00,0.0000,0.0000,-21.6225,-15.4975,0.0000,-0.0000,0.0000,173.2337
2026-04-22 19:20:57.922,0,10,10,0.00,-0.0001,0.0000,-21.6225,-15.4975,0.0000,-0.0000,0.0000,173.2337
2026-04-22 19:20:58.422,0,10,10,0.00,0.0000,0.0003,-21.6225,-15.4975,0.0000,-0.0000,0.0000,173.2337
2026-04-22 19:20:58.922,0,10,10,0.00,-0.0005,0.0000,-21.6225,-15.4975,0.0000,-0.0000,0.0000,173.2337
2026-04-22 19:20:59.422,0,10,10,0.00,0.0001,-0.0001,-21.6225,-15.4975,0.0000,-0.0000,0.0000,173.2337
2026-04-22 19:20:59.923,0,10,10,0.00,0.0000,0.0003,-21.6225,-15.4975,0.0000,-0.0000,0.0000,173.2337
2026-04-22 19:21:00.422,0,10,10,0.00,0.0001,0.0000,-21.6225,-15.4975,0.0000,-0.0000,0.0000,173.2337
2026-04-22 19:21:00.924,0,10,10,0.00,0.0003,0.0001,-21.6225,-15.4975,0.0000,-0.0000,0.0000,173.2337
2026-04-22 19:21:01.422,0,10,10,0.00,-0.0001,0.0000,-21.6225,-15.4975,0.0000,-0.0000,0.0000,173.2337
2026-04-22 19:21:01.923,0,10,10,0.00,0.0000,0.0000,-21.6225,-15.4975,0.0000,-0.0000,0.0000,173.2337
2026-04-22 19:21:02.424,0,10,10,0.00,0.0004,-0.0004,-21.6225,-15.4975,0.0000,-0.0000,0.0000,173.2337
2026-04-22 19:21:02.922,0,10,10,0.00,-0.0004,0.0000,-21.6225,-15.4975,0.0000,-0.0000,0.0000,173.2337
2026-04-22 19:21:03.422,0,10,10,0.00,0.0001,0.0000,-21.6225,-15.4975,0.0000,-0.0000,0.0000,173.2337
2026-04-22 19:21:03.922,0,10,10,0.00,0.0001,0.0000,-21.6225,-15.4975,0.0000,-0.0000,0.0000,173.2337
2026-04-22 19:21:04.422,0,10,10,0.00,0.0000,0.0000,-21.6225,-15.4975,0.0000,-0.0000,0.0000,173.2337
2026-04-22 19:21:04.922,0,10,10,0.00,0.0003,0.0000,-21.6225,-15.4975,0.0000,-0.0000,0.0000,173.2337
2026-04-22 19:21:05.422,0,10,10,0.00,0.0000,0.0001,-21.6225,-15.4975,0.0000,-0.0000,0.0000,173.2337
2026-04-22 19:21:05.922,0,10,10,0.00,0.0000,0.0000,-21.6225,-15.4975,0.0000,-0.0000,0.0000,173.2337
2026-04-22 19:21:06.422,0,10,10,0.00,-0.0003,0.0000,-21.6225,-15.4975,0.0000,-0.0000,0.0000,173.2337
2026-04-22 19:21:06.923,0,10,10,0.00,-0.0001,0.0001,-21.6225,-15.4975,0.0000,-0.0000,0.0000,173.2337
2026-04-22 19:21:07.423,0,10,10,0.00,0.0000,0.0003,-21.6225,-15.4975,0.0000,-0.0000,0.0000,173.2337
2026-04-22 19:21:07.922,0,10,10,0.00,0.0000,0.0000,-21.6225,-15.4975,0.0000,-0.0000,0.0000,173.2337
2026-04-22 19:21:08.422,0,10,10,0.00,0.0000,0.0000,-21.6225,-15.4975,0.0000,-0.0000,0.0000,173.2337
2026-04-22 19:21:08.922,0,10,10,0.00,0.0005,0.0000,-21.6225,-15.4975,0.0000,-0.0000,0.0000,173.2337
2026-04-22 19:21:09.422,0,10,10,0.00,0.0000,0.0000,-21.6225,-15.4975,0.0000,-0.0000,0.0000,173.2337
2026-04-22 19:21:09.922,0,10,10,0.00,-0.0001,-0.0001,-21.6225,-15.4975,0.0000,-0.0000,0.0000,173.2337
2026-04-22 19:21:10.422,0,10,10,0.00,0.0005,0.0000,-21.6225,-15.4975,0.0000,-0.0000,0.0000,173.2337
2026-04-22 19:21:10.922,0,10,10,0.00,0.0000,0.0003,-21.6225,-15.4975,0.0000,-0.0000,0.0000,173.2337
2026-04-22 19:21:11.422,0,10,10,0.00,0.0000,0.0000,-21.6225,-15.4975,0.0000,-0.0000,0.0000,173.2337
2026-04-22 19:21:11.922,0,10,10,0.00,0.0000,-0.0001,-21.6225,-15.4975,0.0000,-0.0000,0.0000,173.2337
2026-04-22 19:21:12.424,0,10,10,0.00,-0.0001,0.0000,-21.6225,-15.4975,0.0000,-0.0000,0.0000,173.2337
2026-04-22 19:21:12.924,0,10,10,0.00,-0.0001,0.0000,-21.6225,-15.4975,0.0000,-0.0000,0.0000,173.2337
2026-04-22 19:21:13.423,0,10,10,0.00,0.0000,0.0003,-21.6225,-15.4975,0.0000,-0.0000,0.0000,173.2337
2026-04-22 19:21:13.923,0,10,10,0.00,-0.0003,-0.0001,-21.6225,-15.4975,0.0000,-0.0000,0.0000,173.2337
2026-04-22 19:21:14.423,0,10,10,0.00,0.0000,0.0000,-21.6225,-15.4975,0.0000,-0.0000,0.0000,173.2337
2026-04-22 19:21:14.923,0,10,10,0.00,0.0000,0.0000,-21.6225,-15.4975,0.0000,-0.0000,0.0000,173.2337
2026-04-22 19:21:15.422,0,10,10,0.00,-0.0001,0.0000,-21.6225,-15.4975,0.0000,-0.0000,0.0000,173.2337
2026-04-22 19:21:15.924,0,10,10,0.00,0.0004,0.0000,-21.6225,-15.4975,0.0000,-0.0000,0.0000,173.2337
2026-04-22 19:21:16.422,0,10,10,0.00,0.0004,-0.0001,-21.6225,-15.4975,0.0000,-0.0000,0.0000,173.2337
2026-04-22 19:21:16.923,0,10,10,0.00,-0.0003,0.0000,-21.6225,-15.4975,0.0000,-0.0000,0.0000,173.2337
2026-04-22 19:21:17.423,0,10,10,0.00,0.0003,-0.0001,-21.6225,-15.4975,0.0000,-0.0000,0.0000,173.2337
2026-04-22 19:21:17.922,0,10,10,0.00,0.0005,0.0000,-21.6225,-15.4975,0.0000,-0.0000,0.0000,173.2337
2026-04-22 19:21:18.422,0,10,10,0.00,0.0000,0.0001,-21.6225,-15.4975,0.0000,-0.0000,0.0000,173.2337
2026-04-22 19:21:18.922,0,10,10,0.00,0.0000,0.0000,-21.6225,-15.4975,0.0000,-0.0000,0.0000,173.2337
2026-04-22 19:21:19.423,0,10,10,0.00,-0.0001,0.0001,-21.6225,-15.4975,0.0000,-0.0000,0.0000,173.2337
2026-04-22 19:21:19.922,0,10,10,0.00,-0.0003,0.0000,-21.6225,-15.4975,0.0000,-0.0000,0.0000,173.2337
2026-04-22 19:21:20.422,0,10,10,0.00,0.0000,0.0000,-21.6225,-15.4975,0.0000,-0.0000,0.0000,173.2337
2026-04-22 19:21:20.922,0,10,10,0.00,0.0000,0.0000,-21.6225,-15.4975,0.0000,-0.0000,0.0000,173.2337
2026-04-22 19:21:21.422,0,10,10,0.00,-0.0001,0.0000,-21.6225,-15.4975,0.0000,-0.0000,0.0000,173.2337
2026-04-22 19:21:21.922,0,10,10,0.00,0.0000,0.0000,-21.6225,-15.4975,0.0000,-0.0000,0.0000,173.2337
2026-04-22 19:21:22.422,0,10,10,0.00,0.0000,0.0000,-21.6225,-15.4975,0.0000,-0.0000,0.0000,173.2337
2026-04-22 19:21:22.923,0,10,10,0.00,0.0004,0.0000,-21.6225,-15.4975,0.0000,-0.0000,0.0000,173.2337
2026-04-22 19:21:23.422,0,10,10,0.00,0.0000,0.0000,-21.6225,-15.4975,0.0000,-0.0000,0.0000,173.2337
2026-04-22 19:21:23.922,0,10,10,0.00,0.0000,0.0000,-21.6225,-15.4975,0.0000,-0.0000,0.0000,173.2337
2026-04-22 19:21:24.422,0,10,10,0.00,0.0000,0.0000,-21.6225,-15.4975,0.0000,-0.0000,0.0000,173.2337
2026-04-22 19:21:24.923,0,10,10,0.00,0.0000,0.0000,-21.6225,-15.4975,0.0000,-0.0000,0.0000,173.2337
2026-04-22 19:21:25.422,0,10,10,0.00,0.0000,0.0001,-21.6225,-15.4975,0.0000,-0.0000,0.0000,173.2337
2026-04-22 19:21:25.923,0,10,10,0.00,0.0000,0.0001,-21.6225,-15.4975,0.0000,-0.0000,0.0000,173.2337
2026-04-22 19:21:26.422,0,10,10,0.00,0.0000,0.0001,-21.6225,-15.4975,0.0000,-0.0000,0.0000,173.2337
2026-04-22 19:21:26.923,0,10,10,0.00,0.0000,0.0000,-21.6225,-15.4975,0.0000,-0.0000,0.0000,173.2337
2026-04-22 19:21:27.422,0,10,10,0.00,0.0003,0.0000,-21.6225,-15.4975,0.0000,-0.0000,0.0000,173.2337
2026-04-22 19:21:27.923,0,10,10,0.00,-0.0003,0.0003,-21.6225,-15.4975,0.0000,-0.0000,0.0000,173.2337
2026-04-22 19:21:28.422,0,10,10,0.00,-0.0001,0.0000,-21.6225,-15.4975,0.0000,-0.0000,0.0000,173.2337
2026-04-22 19:21:28.922,0,10,10,0.00,0.0003,-0.0001,-21.6225,-15.4975,0.0000,-0.0000,0.0000,173.2337
2026-04-22 19:21:29.422,0,10,10,0.00,0.0000,0.0001,-21.6225,-15.4975,0.0000,-0.0000,0.0000,173.2337
2026-04-22 19:21:29.923,0,10,10,0.00,0.0000,0.0000,-21.6225,-15.4975,0.0000,-0.0000,0.0000,173.2337
2026-04-22 19:21:30.422,0,10,10,0.00,0.0000,0.0000,-21.6225,-15.4975,0.0000,-0.0000,0.0000,173.2337
2026-04-22 19:21:30.922,0,10,10,0.00,0.0000,0.0000,-21.6225,-15.4975,0.0000,-0.0000,0.0000,173.2337
2026-04-22 19:21:31.422,0,10,10,0.00,0.0000,0.0000,-21.6225,-15.4975,0.0000,-0.0000,0.0000,173.2337
2026-04-22 19:21:31.923,0,10,10,0.00,0.0000,0.0000,-21.6225,-15.4975,0.0000,-0.0000,0.0000,173.2337
2026-04-22 19:21:32.422,0,10,10,0.00,0.0000,0.0000,-21.6225,-15.4975,0.0000,-0.0000,0.0000,173.2337
2026-04-22 19:21:32.922,0,10,10,0.00,0.0000,0.0000,-21.6225,-15.4975,0.0000,-0.0000,0.0000,173.2337
2026-04-22 19:21:33.422,0,10,10,0.00,0.0000,-0.0001,-21.6225,-15.4975,0.0000,-0.0000,0.0000,173.2337
2026-04-22 19:21:33.922,0,10,10,0.00,-0.0001,0.0000,-21.6225,-15.4975,0.0000,-0.0000,0.0000,173.2337
2026-04-22 19:21:34.422,0,10,10,0.00,0.0001,-0.0001,-21.6225,-15.4975,0.0000,-0.0000,0.0000,173.2337
2026-04-22 19:21:34.922,0,10,10,0.00,0.0001,0.0000,-21.6225,-15.4975,0.0000,-0.0000,0.0000,173.2337
2026-04-22 19:21:35.424,0,10,10,0.00,0.0000,0.0001,-21.6225,-15.4975,0.0000,-0.0000,0.0000,173.2337
2026-04-22 19:21:35.922,0,10,10,0.00,0.0000,-0.0001,-21.6225,-15.4975,0.0000,-0.0000,0.0000,173.2337
2026-04-22 19:21:36.422,0,10,10,0.00,-0.0001,0.0000,-21.6225,-15.4975,0.0000,-0.0000,0.0000,173.2337
2026-04-22 19:21:36.922,0,10,10,0.00,0.0000,0.0000,-21.6225,-15.4975,0.0000,-0.0000,0.0000,173.2337
2026-04-22 19:21:37.422,0,10,10,0.00,0.0000,0.0000,-21.6225,-15.4975,0.0000,-0.0000,0.0000,173.2337
2026-04-22 19:21:37.922,0,10,10,0.00,-0.0003,0.0001,-21.6225,-15.4975,0.0000,-0.0000,0.0000,173.2337
2026-04-22 19:21:38.422,0,10,10,0.00,0.0000,0.0001,-21.6225,-15.4975,0.0000,-0.0000,0.0000,173.2337
2026-04-22 19:21:38.922,0,10,10,0.00,0.0003,0.0000,-21.6225,-15.4975,0.0000,-0.0000,0.0000,173.2337
2026-04-22 19:21:39.423,0,10,10,0.00,0.0000,0.0001,-21.6225,-15.4975,0.0000,-0.0000,0.0000,173.2337
2026-04-22 19:21:39.924,0,10,10,0.00,0.0000,0.0003,-21.6225,-15.4975,0.0000,-0.0000,0.0000,173.2337
2026-04-22 19:21:40.423,0,10,10,0.00,-0.0001,0.0001,-21.6225,-15.4975,0.0000,-0.0000,0.0000,173.2337
2026-04-22 19:21:40.923,0,10,10,0.00,0.0003,0.0000,-21.6225,-15.4975,0.0000,-0.0000,0.0000,173.2337
2026-04-22 19:21:41.422,0,10,10,0.00,0.0000,0.0000,-21.6225,-15.4975,0.0000,-0.0000,0.0000,173.2337
2026-04-22 19:21:41.922,0,10,10,0.00,0.0000,0.0000,-21.6225,-15.4975,0.0000,-0.0000,0.0000,173.2337
2026-04-22 19:21:42.422,0,10,10,0.00,0.0000,-0.0001,-21.6225,-15.4975,0.0000,-0.0000,0.0000,173.2337
2026-04-22 19:21:42.922,0,10,10,0.00,0.0000,0.0000,-21.6225,-15.4975,0.0000,-0.0000,0.0000,173.2337
2026-04-22 19:21:43.422,0,10,10,0.00,-0.0001,0.0000,-21.6225,-15.4975,0.0000,-0.0000,0.0000,173.2337
2026-04-22 19:21:43.922,0,10,10,0.00,0.0000,0.0000,-21.6225,-15.4975,0.0000,-0.0000,0.0000,173.2337
2026-04-22 19:21:44.422,0,10,10,0.00,0.0000,0.0003,-21.6225,-15.4975,0.0000,-0.0000,0.0000,173.2337
2026-04-22 19:21:44.922,0,10,10,0.00,-0.0001,0.0000,-21.6225,-15.4975,0.0000,-0.0000,0.0000,173.2337
2026-04-22 19:21:45.422,0,10,10,0.00,-0.0003,0.0000,-21.6225,-15.4975,0.0000,-0.0000,0.0000,173.2337
2026-04-22 19:21:45.922,0,10,10,0.00,0.0000,0.0000,-21.6225,-15.4975,0.0000,-0.0000,0.0000,173.2337
2026-04-22 19:21:46.422,0,10,10,0.00,-0.0004,0.0000,-21.6225,-15.4975,0.0000,-0.0000,0.0000,173.2337
2026-04-22 19:21:46.922,0,10,10,0.00,0.0001,0.0000,-21.6225,-15.4975,0.0000,-0.0000,0.0000,173.2337
2026-04-22 19:21:47.422,0,10,10,0.00,0.0001,0.0001,-21.6225,-15.4975,0.0000,-0.0000,0.0000,173.2337
2026-04-22 19:21:47.924,0,10,10,0.00,0.0000,0.0000,-21.6225,-15.4975,0.0000,-0.0000,0.0000,173.2337
2026-04-22 19:21:48.423,0,10,10,0.00,0.0000,0.0000,-21.6225,-15.4975,0.0000,-0.0000,0.0000,173.2337
2026-04-22 19:21:48.923,0,10,10,0.00,-0.0001,0.0000,-21.6225,-15.4975,0.0000,-0.0000,0.0000,173.2337
2026-04-22 19:21:49.423,0,10,10,0.00,-0.0003,0.0004,-21.6225,-15.4975,0.0000,-0.0000,0.0000,173.2337
2026-04-22 19:21:49.922,0,10,10,0.00,0.0001,0.0000,-21.6225,-15.4975,0.0000,-0.0000,0.0000,173.2337
2026-04-22 19:21:50.422,0,10,10,0.00,0.0000,0.0000,-21.6225,-15.4975,0.0000,-0.0000,0.0000,173.2337
2026-04-22 19:21:50.923,0,10,10,0.00,0.0000,0.0001,-21.6225,-15.4975,0.0000,-0.0000,0.0000,173.2337
2026-04-22 19:21:51.422,0,10,10,0.00,0.0000,0.0000,-21.6225,-15.4975,0.0000,-0.0000,0.0000,173.2337
2026-04-22 19:21:51.923,0,10,10,0.00,-0.0001,0.0004,-21.6225,-15.4975,0.0000,-0.0000,0.0000,173.2337
2026-04-22 19:21:52.423,0,10,10,0.00,0.0001,0.0000,-21.6225,-15.4975,0.0000,-0.0000,0.0000,173.2337
2026-04-22 19:21:52.922,0,10,10,0.00,0.0000,-0.0001,-21.6225,-15.4975,0.0000,-0.0000,0.0000,173.2337
2026-04-22 19:21:53.422,0,10,10,0.00,-0.0004,-0.0004,-21.6225,-15.4975,0.0000,-0.0000,0.0000,173.2337
2026-04-22 19:21:53.923,0,10,10,0.00,-0.0001,0.0000,-21.6225,-15.4975,0.0000,-0.0000,0.0000,173.2337
2026-04-22 19:21:54.422,0,10,10,0.00,0.0000,0.0000,-21.6225,-15.4975,0.0000,-0.0000,0.0000,173.2337
2026-04-22 19:21:54.923,0,10,10,0.00,0.0000,0.0000,-21.6225,-15.4975,0.0000,-0.0000,0.0000,173.2337
2026-04-22 19:21:55.424,0,10,10,0.00,0.0000,0.0001,-21.6225,-15.4975,0.0000,-0.0000,0.0000,173.2337
2026-04-22 19:21:55.923,0,10,10,0.00,0.0001,0.0000,-21.6225,-15.4975,0.0000,-0.0000,0.0000,173.2337
2026-04-22 19:21:56.422,0,10,10,0.00,0.0003,0.0000,-21.6225,-15.4975,0.0000,-0.0000,0.0000,173.2337
2026-04-22 19:21:56.923,0,10,10,0.00,-0.0003,0.0001,-21.6225,-15.4975,0.0000,-0.0000,0.0000,173.2337
2026-04-22 19:21:57.422,0,10,10,0.00,0.0000,-0.0003,-21.6225,-15.4975,0.0000,-0.0000,0.0000,173.2337
2026-04-22 19:21:57.922,0,10,10,0.00,0.0000,0.0000,-21.6225,-15.4975,0.0000,-0.0000,0.0000,173.2337
2026-04-22 19:21:58.422,0,10,10,0.00,0.0000,0.0000,-21.6225,-15.4975,0.0000,-0.0000,0.0000,173.2337
2026-04-22 19:21:58.922,0,10,10,0.00,0.0000,0.0000,-21.6225,-15.4975,0.0000,-0.0000,0.0000,173.2337
2026-04-22 19:21:59.422,0,10,10,0.00,0.0000,0.0000,-21.6225,-15.4975,0.0000,-0.0000,0.0000,173.2337
2026-04-22 19:21:59.922,0,10,10,0.00,0.0000,0.0000,-21.6225,-15.4975,0.0000,-0.0000,0.0000,173.2337
2026-04-22 19:22:00.422,0,10,10,0.00,0.0000,0.0000,-21.6225,-15.4975,0.0000,-0.0000,0.0000,173.2337
2026-04-22 19:22:00.923,0,10,10,0.00,0.0001,0.0000,-21.6225,-15.4975,0.0000,-0.0000,0.0000,173.2337
2026-04-22 19:22:01.422,0,10,10,0.00,0.0003,0.0000,-21.6225,-15.4975,0.0000,-0.0000,0.0000,173.2337
2026-04-22 19:22:01.922,0,10,10,0.00,0.0000,0.0000,-21.6225,-15.4975,0.0000,-0.0000,0.0000,173.2337
2026-04-22 19:22:02.422,0,10,10,0.00,0.0000,0.0000,-21.6225,-15.4975,0.0000,-0.0000,0.0000,173.2337
2026-04-22 19:22:02.922,0,10,10,0.00,-0.0001,0.0003,-21.6225,-15.4975,0.0000,-0.0000,0.0000,173.2337
2026-04-22 19:22:03.422,0,10,10,0.00,0.0000,0.0000,-21.6225,-15.4975,0.0000,-0.0000,0.0000,173.2337
2026-04-22 19:22:03.922,0,10,10,0.00,0.0000,0.0000,-21.6225,-15.4975,0.0000,-0.0000,0.0000,173.2337
2026-04-22 19:22:04.423,0,10,10,0.00,0.0000,-0.0001,-21.6225,-15.4975,0.0000,-0.0000,0.0000,173.2337
2026-04-22 19:22:04.922,0,10,10,0.00,0.0000,0.0001,-21.6225,-15.4975,0.0000,-0.0000,0.0000,173.2337
2026-04-22 19:22:05.422,0,10,10,0.00,-0.0001,0.0000,-21.6225,-15.4975,0.0000,-0.0000,0.0000,173.2337
2026-04-22 19:22:05.922,0,10,10,0.00,-0.0001,0.0000,-21.6225,-15.4975,0.0000,-0.0000,0.0000,173.2337
2026-04-22 19:22:06.424,0,10,10,0.00,0.0000,0.0001,-21.6225,-15.4975,0.0000,-0.0000,0.0000,173.2337
2026-04-22 19:22:06.922,0,10,10,0.00,0.0000,-0.0001,-21.6225,-15.4975,0.0000,-0.0000,0.0000,173.2337
2026-04-22 19:22:07.424,0,10,10,0.00,0.0000,0.0000,-21.6225,-15.4975,0.0000,-0.0000,0.0000,173.2337
2026-04-22 19:22:07.922,0,10,10,0.00,0.0003,-0.0003,-21.6225,-15.4975,0.0000,-0.0000,0.0000,173.2337
2026-04-22 19:22:08.423,0,10,10,0.00,0.0000,0.0000,-21.6225,-15.4975,0.0000,-0.0000,0.0000,173.2337
2026-04-22 19:22:08.922,0,10,10,0.00,-0.0001,0.0000,-21.6225,-15.4975,0.0000,-0.0000,0.0000,173.2337
2026-04-22 19:22:09.422,0,10,10,0.00,-0.0003,-0.0001,-21.6225,-15.4975,0.0000,-0.0000,0.0000,173.2337
2026-04-22 19:22:09.922,0,10,10,0.00,-0.0005,0.0000,-21.6225,-15.4975,0.0000,-0.0000,0.0000,173.2337
2026-04-22 19:22:10.423,0,10,10,0.00,-0.0001,0.0004,-21.6225,-15.4975,0.0000,-0.0000,0.0000,173.2337
2026-04-22 19:22:10.922,0,10,10,0.00,-0.0005,0.0001,-21.6225,-15.4975,0.0000,-0.0000,0.0000,173.2337
2026-04-22 19:22:11.423,0,10,10,0.00,0.0003,0.0003,-21.6225,-15.4975,0.0000,-0.0000,0.0000,173.2337
2026-04-22 19:22:11.922,0,10,10,0.00,-0.0003,-0.0001,-21.6225,-15.4975,0.0000,-0.0000,0.0000,173.2337
2026-04-22 19:22:12.422,0,10,10,0.00,-0.0003,0.0000,-21.6225,-15.4975,0.0000,-0.0000,0.0000,173.2337
2026-04-22 19:22:12.922,0,10,10,0.00,0.0000,0.0003,-21.6225,-15.4975,0.0000,-0.0000,0.0000,173.2337
2026-04-22 19:22:13.423,0,10,10,0.00,0.0000,0.0000,-21.6225,-15.4975,0.0000,-0.0000,0.0000,173.2337
2026-04-22 19:22:13.923,0,10,10,0.00,0.0000,0.0000,-21.6225,-15.4975,0.0000,-0.0000,0.0000,173.2337
2026-04-22 19:22:14.423,0,10,10,0.00,0.0000,0.0000,-21.6225,-15.4975,0.0000,-0.0000,0.0000,173.2337
2026-04-22 19:22:14.923,0,10,10,0.00,0.0000,0.0000,-21.6225,-15.4975,0.0000,-0.0000,0.0000,173.2337
2026-04-22 19:22:15.422,0,10,10,0.00,-0.0001,0.0003,-21.6225,-15.4975,0.0000,-0.0000,0.0000,173.2337
2026-04-22 19:22:15.922,0,10,10,0.00,0.0001,0.0001,-21.6225,-15.4975,0.0000,-0.0000,0.0000,173.2337
2026-04-22 19:22:16.422,0,10,10,0.00,0.0007,0.0005,-21.6225,-15.4975,0.0000,-0.0000,0.0000,173.2337
2026-04-22 19:22:16.922,0,10,10,0.00,0.0000,-0.0003,-21.6225,-15.4975,0.0000,-0.0000,0.0000,173.2337
2026-04-22 19:22:17.422,0,10,10,0.00,-0.0003,0.0000,-21.6225,-15.4975,0.0000,-0.0000,0.0000,173.2337
2026-04-22 19:22:17.922,0,10,10,0.00,0.0000,0.0000,-21.6225,-15.4975,0.0000,-0.0000,0.0000,173.2337
2026-04-22 19:22:18.422,0,10,10,0.00,-0.0001,-0.0004,-21.6225,-15.4975,0.0000,-0.0000,0.0000,173.2337
2026-04-22 19:22:18.923,0,10,10,0.00,0.0000,0.0000,-21.6225,-15.4975,0.0000,-0.0000,0.0000,173.2337
2026-04-22 19:22:19.422,0,10,10,0.00,0.0003,0.0000,-21.6225,-15.4975,0.0000,-0.0000,0.0000,173.2337
2026-04-22 19:22:19.923,0,10,10,0.00,0.0000,-0.0003,-21.6225,-15.4975,0.0000,-0.0000,0.0000,173.2337
2026-04-22 19:22:20.423,0,10,10,0.00,0.0000,0.0000,-21.6225,-15.4975,0.0000,-0.0000,0.0000,173.2337
2026-04-22 19:22:20.922,0,10,10,0.00,0.0001,0.0008,-21.6225,-15.4975,0.0000,-0.0000,0.0000,173.2337
2026-04-22 19:22:21.422,0,10,10,0.00,0.0000,0.0000,-21.6225,-15.4975,0.0000,-0.0000,0.0000,173.2337
2026-04-22 19:22:21.922,0,10,10,0.00,0.0001,0.0001,-21.6225,-15.4975,0.0000,-0.0000,0.0000,173.2337
2026-04-22 19:22:22.422,0,10,10,0.00,-0.0005,0.0000,-21.6225,-15.4975,0.0000,-0.0000,0.0000,173.2337
2026-04-22 19:22:22.922,0,10,10,0.00,0.0000,0.0000,-21.6225,-15.4975,0.0000,-0.0000,0.0000,173.2337
2026-04-22 19:22:23.423,0,10,10,0.00,0.0001,-0.0003,-21.6225,-15.4975,0.0000,-0.0000,0.0000,173.2337
2026-04-22 19:22:23.922,0,10,10,0.00,-0.0001,0.0004,-21.6225,-15.4975,0.0000,-0.0000,0.0000,173.2337
2026-04-22 19:22:24.422,0,10,10,0.00,-0.0004,0.0001,-21.6225,-15.4975,0.0000,-0.0000,0.0000,173.2337
2026-04-22 19:22:24.922,0,10,10,0.00,-0.0001,0.0000,-21.6225,-15.4975,0.0000,-0.0000,0.0000,173.2337
2026-04-22 19:22:25.422,0,10,10,0.00,0.0000,0.0000,-21.6225,-15.4975,0.0000,-0.0000,0.0000,173.2337
2026-04-22 19:22:25.922,0,10,10,0.00,0.0000,0.0000,-21.6225,-15.4975,0.0000,-0.0000,0.0000,173.2337
2026-04-22 19:22:26.422,0,10,10,0.00,0.0000,0.0001,-21.6225,-15.4975,0.0000,-0.0000,0.0000,173.2337
2026-04-22 19:22:26.922,0,10,10,0.00,-0.0003,0.0000,-21.6225,-15.4975,0.0000,-0.0000,0.0000,173.2337
2026-04-22 19:22:27.422,0,10,10,0.00,-0.0001,0.0000,-21.6225,-15.4975,0.0000,-0.0000,0.0000,173.2337
2026-04-22 19:22:27.922,0,10,10,0.00,0.0003,0.0000,-21.6225,-15.4975,0.0000,-0.0000,0.0000,173.2337
2026-04-22 19:22:28.422,0,10,10,0.00,-0.0001,0.0001,-21.6225,-15.4975,0.0000,-0.0000,0.0000,173.2337
2026-04-22 19:22:28.922,0,10,10,0.00,0.0003,0.0003,-21.6225,-15.4975,0.0000,-0.0000,0.0000,173.2337
2026-04-22 19:22:29.422,0,10,10,0.00,-0.0001,-0.0003,-21.6225,-15.4975,0.0000,-0.0000,0.0000,173.2337
2026-04-22 19:22:29.922,0,10,10,0.00,0.0000,0.0000,-21.6225,-15.4975,0.0000,-0.0000,0.0000,173.2337
2026-04-22 19:22:30.422,0,10,10,0.00,-0.0004,0.0000,-21.6225,-15.4975,0.0000,-0.0000,0.0000,173.2337
2026-04-22 19:22:30.922,0,10,10,0.00,0.0000,0.0000,-21.6225,-15.4975,0.0000,-0.0000,0.0000,173.2337
2026-04-22 19:22:31.422,0,10,10,0.00,0.0001,-0.0003,-21.6225,-15.4975,0.0000,-0.0000,0.0000,173.2337
2026-04-22 19:22:31.922,0,10,10,0.00,0.0000,0.0000,-21.6225,-15.4975,0.0000,-0.0000,0.0000,173.2337
2026-04-22 19:22:32.422,0,10,10,0.00,0.0003,0.0000,-21.6225,-15.4975,0.0000,-0.0000,0.0000,173.2337
2026-04-22 19:22:32.923,0,10,10,0.00,0.0000,0.0001,-21.6225,-15.4975,0.0000,-0.0000,0.0000,173.2337
2026-04-22 19:22:33.423,0,10,10,0.00,0.0000,0.0000,-21.6225,-15.4975,0.0000,-0.0000,0.0000,173.2337
2026-04-22 19:22:33.922,0,10,10,0.00,0.0000,0.0003,-21.6225,-15.4975,0.0000,-0.0000,0.0000,173.2337
2026-04-22 19:22:34.422,0,10,10,0.00,-0.0001,0.0000,-21.6225,-15.4975,0.0000,-0.0000,0.0000,173.2337
2026-04-22 19:22:34.922,0,10,10,0.00,-0.0003,0.0001,-21.6225,-15.4975,0.0000,-0.0000,0.0000,173.2337
2026-04-22 19:22:35.422,0,10,10,0.00,0.0001,-0.0003,-21.6225,-15.4975,0.0000,-0.0000,0.0000,173.2337
2026-04-22 19:22:35.923,0,10,10,0.00,0.0003,0.0000,-21.6225,-15.4975,0.0000,-0.0000,0.0000,173.2337
2026-04-22 19:22:36.424,0,10,10,0.00,0.0000,0.0000,-21.6225,-15.4975,0.0000,-0.0000,0.0000,173.2337
2026-04-22 19:22:36.922,0,10,10,0.00,0.0001,0.0003,-21.6225,-15.4975,0.0000,-0.0000,0.0000,173.2337
2026-04-22 19:22:37.424,0,10,10,0.00,0.0000,0.0000,-21.6225,-15.4975,0.0000,-0.0000,0.0000,173.2337
2026-04-22 19:22:37.923,0,10,10,0.00,0.0000,0.0000,-21.6225,-15.4975,0.0000,-0.0000,0.0000,173.2337
2026-04-22 19:22:38.422,0,10,10,0.00,0.0000,0.0000,-21.6225,-15.4975,0.0000,-0.0000,0.0000,173.2337
2026-04-22 19:22:38.922,0,10,10,0.00,0.0001,0.0000,-21.6225,-15.4975,0.0000,-0.0000,0.0000,173.2337
2026-04-22 19:22:39.422,0,10,10,0.00,-0.0001,0.0000,-21.6225,-15.4975,0.0000,-0.0000,0.0000,173.2337
2026-04-22 19:22:39.922,0,10,10,0.00,0.0000,-0.0001,-21.6225,-15.4975,0.0000,-0.0000,0.0000,173.2337
2026-04-22 19:22:40.424,0,10,10,0.00,0.0000,0.0001,-21.6225,-15.4975,0.0000,-0.0000,0.0000,173.2337
2026-04-22 19:22:40.923,0,10,10,0.00,0.0000,-0.0001,-21.6225,-15.4975,0.0000,-0.0000,0.0000,173.2337
2026-04-22 19:22:41.422,0,10,10,0.00,0.0003,0.0000,-21.6225,-15.4975,0.0000,-0.0000,0.0000,173.2337
2026-04-22 19:22:41.924,0,10,10,0.00,0.0001,-0.0001,-21.6225,-15.4975,0.0000,-0.0000,0.0000,173.2337
2026-04-22 19:22:42.422,0,10,10,0.00,-0.0003,0.0001,-21.6225,-15.4975,0.0000,-0.0000,0.0000,173.2337
2026-04-22 19:22:42.922,0,10,10,0.00,0.0000,-0.0001,-21.6225,-15.4975,0.0000,-0.0000,0.0000,173.2337
2026-04-22 19:22:43.422,0,10,10,0.00,0.0000,0.0000,-21.6225,-15.4975,0.0000,-0.0000,0.0000,173.2337
2026-04-22 19:22:43.922,0,10,10,0.00,0.0001,0.0001,-21.6225,-15.4975,0.0000,-0.0000,0.0000,173.2337
2026-04-22 19:22:44.422,0,10,10,0.00,0.0001,-0.0001,-21.6225,-15.4975,0.0000,-0.0000,0.0000,173.2337
2026-04-22 19:22:44.922,0,10,10,0.00,0.0001,0.0000,-21.6225,-15.4975,0.0000,-0.0000,0.0000,173.2337
2026-04-22 19:22:45.424,0,10,10,0.00,0.0001,0.0000,-21.6225,-15.4975,0.0000,-0.0000,0.0000,173.2337
2026-04-22 19:22:45.924,0,10,10,0.00,0.0001,0.0001,-21.6225,-15.4975,0.0000,-0.0000,0.0000,173.2337
2026-04-22 19:22:46.423,0,10,10,0.00,0.0000,0.0007,-21.6225,-15.4975,0.0000,-0.0000,0.0000,173.2337
2026-04-22 19:22:46.923,0,10,10,0.00,0.0003,0.0001,-21.6225,-15.4975,0.0000,-0.0000,0.0000,173.2337
2026-04-22 19:22:47.423,0,10,10,0.00,0.0000,0.0000,-21.6225,-15.4975,0.0000,-0.0000,0.0000,173.2337
2026-04-22 19:22:47.923,0,10,10,0.00,0.0000,0.0001,-21.6225,-15.4975,0.0000,-0.0000,0.0000,173.2337
2026-04-22 19:22:48.422,0,10,10,0.00,-0.0001,0.0000,-21.6225,-15.4975,0.0000,-0.0000,0.0000,173.2337
2026-04-22 19:22:48.923,0,10,10,0.00,0.0000,-0.0005,-21.6225,-15.4975,0.0000,-0.0000,0.0000,173.2337
2026-04-22 19:22:49.422,0,10,10,0.00,-0.0001,0.0000,-21.6225,-15.4975,0.0000,-0.0000,0.0000,173.2337
2026-04-22 19:22:49.923,0,10,10,0.00,0.0000,0.0000,-21.6225,-15.4975,0.0000,-0.0000,0.0000,173.2337
2026-04-22 19:22:50.424,0,10,10,0.00,-0.0001,-0.0001,-21.6225,-15.4975,0.0000,-0.0000,0.0000,173.2337
2026-04-22 19:22:50.922,0,10,10,0.00,0.0000,0.0000,-21.6225,-15.4975,0.0000,-0.0000,0.0000,173.2337
2026-04-22 19:22:51.422,0,10,10,0.00,0.0000,0.0001,-21.6225,-15.4975,0.0000,-0.0000,0.0000,173.2337
2026-04-22 19:22:51.922,0,10,10,0.00,0.0000,0.0001,-21.6225,-15.4975,0.0000,-0.0000,0.0000,173.2337
2026-04-22 19:22:52.422,0,10,10,0.00,0.0000,0.0000,-21.6225,-15.4975,0.0000,-0.0000,0.0000,173.2337
2026-04-22 19:22:52.922,0,10,10,0.00,0.0000,0.0000,-21.6225,-15.4975,0.0000,-0.0000,0.0000,173.2337
2026-04-22 19:22:53.423,0,10,10,0.00,0.0000,0.0000,-21.6225,-15.4975,0.0000,-0.0000,0.0000,173.2337
2026-04-22 19:22:53.922,0,10,10,0.00,-0.0001,0.0000,-21.6225,-15.4975,0.0000,-0.0000,0.0000,173.2337
2026-04-22 19:22:54.422,0,10,10,0.00,-0.0003,0.0000,-21.6225,-15.4975,0.0000,-0.0000,0.0000,173.2337
2026-04-22 19:22:54.923,0,10,10,0.00,0.0001,0.0000,-21.6225,-15.4975,0.0000,-0.0000,0.0000,173.2337
2026-04-22 19:22:55.422,0,10,10,0.00,0.0001,0.0000,-21.6225,-15.4975,0.0000,-0.0000,0.0000,173.2337
2026-04-22 19:22:55.922,0,10,10,0.00,-0.0001,0.0000,-21.6225,-15.4975,0.0000,-0.0000,0.0000,173.2337
2026-04-22 19:22:56.423,0,10,10,0.00,0.0000,0.0000,-21.6225,-15.4975,0.0000,-0.0000,0.0000,173.2337
2026-04-22 19:22:56.925,0,10,10,0.00,0.0003,0.0001,-21.6225,-15.4975,0.0000,-0.0000,0.0000,173.2337
2026-04-22 19:22:57.423,0,10,10,0.00,-0.0003,0.0000,-21.6225,-15.4975,0.0000,-0.0000,0.0000,173.2337
2026-04-22 19:22:57.923,0,10,10,0.00,0.0000,0.0000,-21.6225,-15.4975,0.0000,-0.0000,0.0000,173.2337
2026-04-22 19:22:58.422,0,10,10,0.00,0.0000,0.0000,-21.6225,-15.4975,0.0000,-0.0000,0.0000,173.2337
2026-04-22 19:22:58.922,0,10,10,0.00,0.0000,0.0001,-21.6225,-15.4975,0.0000,-0.0000,0.0000,173.2337
2026-04-22 19:22:59.422,0,10,10,0.00,-0.0001,0.0000,-21.6225,-15.4975,0.0000,-0.0000,0.0000,173.2337
2026-04-22 19:22:59.922,0,10,10,0.00,0.0003,0.0000,-21.6225,-15.4975,0.0000,-0.0000,0.0000,173.2337
2026-04-22 19:23:00.422,0,10,10,0.00,0.0000,0.0003,-21.6225,-15.4975,0.0000,-0.0000,0.0000,173.2337
2026-04-22 19:23:00.923,0,10,10,0.00,0.0000,0.0000,-21.6225,-15.4975,0.0000,-0.0000,0.0000,173.2337
2026-04-22 19:23:01.422,0,10,10,0.00,0.0000,0.0000,-21.6225,-15.4975,0.0000,-0.0000,0.0000,173.2337
2026-04-22 19:23:01.922,0,10,10,0.00,0.0000,0.0000,-21.6225,-15.4975,0.0000,-0.0000,0.0000,173.2337
2026-04-22 19:23:02.422,0,10,10,0.00,0.0000,0.0004,-21.6225,-15.4975,0.0000,-0.0000,0.0000,173.2337
2026-04-22 19:23:02.923,0,10,10,0.00,0.0000,0.0000,-21.6225,-15.4975,0.0000,-0.0000,0.0000,173.2337
2026-04-22 19:23:03.422,0,10,10,0.00,0.0000,0.0000,-21.6225,-15.4975,0.0000,-0.0000,0.0000,173.2337
2026-04-22 19:23:03.922,0,10,10,0.00,0.0000,0.0000,-21.6225,-15.4975,0.0000,-0.0000,0.0000,173.2337
2026-04-22 19:23:04.422,0,10,10,0.00,-0.0001,0.0000,-21.6225,-15.4975,0.0000,-0.0000,0.0000,173.2337
2026-04-22 19:23:04.922,0,10,10,0.00,0.0000,0.0003,-21.6225,-15.4975,0.0000,-0.0000,0.0000,173.2337
2026-04-22 19:23:05.422,0,10,10,0.00,-0.0001,0.0004,-21.6225,-15.4975,0.0000,-0.0000,0.0000,173.2337
2026-04-22 19:23:05.922,0,10,10,0.00,-0.0001,0.0000,-21.6225,-15.4975,0.0000,-0.0000,0.0000,173.2337
2026-04-22 19:23:06.423,0,10,10,0.00,0.0000,-0.0001,-21.6225,-15.4975,0.0000,-0.0000,0.0000,173.2337
2026-04-22 19:23:06.924,0,10,10,0.00,-0.0005,0.0000,-21.6225,-15.4975,0.0000,-0.0000,0.0000,173.2337
2026-04-22 19:23:07.422,0,10,10,0.00,0.0000,0.0000,-21.6225,-15.4975,0.0000,-0.0000,0.0000,173.2337
2026-04-22 19:23:07.922,0,10,10,0.00,-0.0003,0.0000,-21.6225,-15.4975,0.0000,-0.0000,0.0000,173.2337
2026-04-22 19:23:08.422,0,10,10,0.00,0.0001,0.0000,-21.6225,-15.4975,0.0000,-0.0000,0.0000,173.2337
2026-04-22 19:23:08.923,0,10,10,0.00,0.0001,0.0001,-21.6225,-15.4975,0.0000,-0.0000,0.0000,173.2337
2026-04-22 19:23:09.422,0,10,10,0.00,0.0000,0.0000,-21.6225,-15.4975,0.0000,-0.0000,0.0000,173.2337
2026-04-22 19:23:09.922,0,10,10,0.00,0.0000,0.0000,-21.6225,-15.4975,0.0000,-0.0000,0.0000,173.2337
2026-04-22 19:23:10.423,0,10,10,0.00,-0.0001,0.0000,-21.6225,-15.4975,0.0000,-0.0000,0.0000,173.2337
2026-04-22 19:23:10.922,0,10,10,0.00,-0.0001,-0.0001,-21.6225,-15.4975,0.0000,-0.0000,0.0000,173.2337
2026-04-22 19:23:11.423,0,10,10,0.00,0.0001,0.0000,-21.6225,-15.4975,0.0000,-0.0000,0.0000,173.2337
2026-04-22 19:23:11.922,0,10,10,0.00,-0.0001,-0.0001,-21.6225,-15.4975,0.0000,-0.0000,0.0000,173.2337
2026-04-22 19:23:12.422,0,10,10,0.00,0.0001,0.0000,-21.6225,-15.4975,0.0000,-0.0000,0.0000,173.2337
2026-04-22 19:23:12.922,0,10,10,0.00,-0.0003,-0.0001,-21.6225,-15.4975,0.0000,-0.0000,0.0000,173.2337
2026-04-22 19:23:13.422,0,10,10,0.00,-0.0001,0.0001,-21.6225,-15.4975,0.0000,-0.0000,0.0000,173.2337
2026-04-22 19:23:13.922,0,10,10,0.00,0.0001,0.0000,-21.6225,-15.4975,0.0000,-0.0000,0.0000,173.2337
2026-04-22 19:23:14.422,0,10,10,0.00,0.0003,0.0000,-21.6225,-15.4975,0.0000,-0.0000,0.0000,173.2337
2026-04-22 19:23:14.924,0,10,10,0.00,-0.0001,0.0000,-21.6225,-15.4975,0.0000,-0.0000,0.0000,173.2337
2026-04-22 19:23:15.423,0,10,10,0.00,0.0001,0.0001,-21.6225,-15.4975,0.0000,-0.0000,0.0000,173.2337
2026-04-22 19:23:15.922,0,10,10,0.00,0.0000,0.0001,-21.6225,-15.4975,0.0000,-0.0000,0.0000,173.2337
2026-04-22 19:23:16.424,0,10,10,0.00,-0.0001,0.0000,-21.6225,-15.4975,0.0000,-0.0000,0.0000,173.2337
2026-04-22 19:23:16.922,0,10,10,0.00,-0.0001,0.0000,-21.6225,-15.4975,0.0000,-0.0000,0.0000,173.2337
2026-04-22 19:23:17.423,0,10,10,0.00,0.0003,-0.0001,-21.6225,-15.4975,0.0000,-0.0000,0.0000,173.2337
2026-04-22 19:23:17.922,0,10,10,0.00,0.0000,0.0000,-21.6225,-15.4975,0.0000,-0.0000,0.0000,173.2337
2026-04-22 19:23:18.422,0,10,10,0.00,-0.0001,0.0001,-21.6225,-15.4975,0.0000,-0.0000,0.0000,173.2337
2026-04-22 19:23:18.922,0,10,10,0.00,0.0001,0.0005,-21.6225,-15.4975,0.0000,-0.0000,0.0000,173.2337
2026-04-22 19:23:19.423,0,10,10,0.00,0.0003,-0.0003,-21.6225,-15.4975,0.0000,-0.0000,0.0000,173.2337
2026-04-22 19:23:19.923,0,10,10,0.00,-0.0001,-0.0004,-21.6225,-15.4975,0.0000,-0.0000,0.0000,173.2337
2026-04-22 19:23:20.423,0,10,10,0.00,0.0000,0.0000,-21.6225,-15.4975,0.0000,-0.0000,0.0000,173.2337
2026-04-22 19:23:20.922,0,10,10,0.00,0.0003,0.0000,-21.6225,-15.4975,0.0000,-0.0000,0.0000,173.2337
2026-04-22 19:23:21.423,0,10,10,0.00,0.0000,0.0001,-21.6225,-15.4975,0.0000,-0.0000,0.0000,173.2337
2026-04-22 19:23:21.923,0,10,10,0.00,0.0003,0.0001,-21.6225,-15.4975,0.0000,-0.0000,0.0000,173.2337
2026-04-22 19:23:22.422,0,10,10,0.00,0.0000,0.0000,-21.6225,-15.4975,0.0000,-0.0000,0.0000,173.2337
2026-04-22 19:23:22.922,0,10,10,0.00,0.0000,0.0000,-21.6225,-15.4975,0.0000,-0.0000,0.0000,173.2337
2026-04-22 19:23:23.423,0,10,10,0.00,0.0001,0.0000,-21.6225,-15.4975,0.0000,-0.0000,0.0000,173.2337
2026-04-22 19:23:23.922,0,10,10,0.00,-0.0001,0.0000,-21.6225,-15.4975,0.0000,-0.0000,0.0000,173.2337
2026-04-22 19:23:24.422,0,10,10,0.00,0.0001,0.0000,-21.6225,-15.4975,0.0000,-0.0000,0.0000,173.2337
2026-04-22 19:23:24.924,0,10,10,0.00,-0.0001,0.0000,-21.6225,-15.4975,0.0000,-0.0000,0.0000,173.2337
2026-04-22 19:23:25.422,0,10,10,0.00,-0.0001,0.0003,-21.6225,-15.4975,0.0000,-0.0000,0.0000,173.2337
2026-04-22 19:23:25.922,0,10,10,0.00,0.0000,0.0000,-21.6225,-15.4975,0.0000,-0.0000,0.0000,173.2337
2026-04-22 19:23:26.422,0,10,10,0.00,0.0001,-0.0003,-21.6225,-15.4975,0.0000,-0.0000,0.0000,173.2337
2026-04-22 19:23:26.922,0,10,10,0.00,0.0003,0.0000,-21.6225,-15.4975,0.0000,-0.0000,0.0000,173.2337
