Timestamp,IMU_Packages_per_sec,Odom_Packages_per_sec,Send_Packages_per_sec,Yaw_Angle,Left_Velocity_mps,Right_Velocity_mps,x,y,quaternion_yaw,Left_Velocity_LOS,Right_Velocity_LOS,theta_yaw
2026-06-06 17:07:07.741,0,1,1,0.00,0.0000,0.0000,0.0000,0.0000,0.0000,0.0000,0.0000,0.0000
2026-06-06 17:07:07.841,0,2,2,0.00,0.0001,0.0000,0.0000,0.0000,0.0000,0.0000,0.0000,0.0000
2026-06-06 17:07:07.941,0,2,2,0.00,-0.0001,0.0000,0.0000,0.0000,0.0000,0.0000,0.0000,0.0000
2026-06-06 17:07:08.041,0,2,2,0.00,0.0001,-0.0001,0.0000,0.0000,0.0000,0.0000,0.0000,0.0000
2026-06-06 17:07:08.141,0,2,2,0.00,0.0000,0.0001,0.0000,0.0000,0.0000,0.0000,0.0000,0.0000
2026-06-06 17:07:08.241,0,1,2,0.00,0.0001,0.0000,0.0000,0.0000,0.0000,0.0000,0.0000,0.0000
2026-06-06 17:07:08.341,0,1,2,0.00,0.0000,-0.0004,0.0000,0.0000,0.0000,0.0000,0.0000,0.0000
2026-06-06 17:07:08.441,0,2,2,0.00,0.0000,0.0001,0.0000,0.0000,0.0000,0.0000,0.0000,0.0000
2026-06-06 17:07:08.541,0,1,2,0.00,0.0004,0.0000,0.0000,0.0000,0.0000,0.0000,0.0000,0.0000
2026-06-06 17:07:08.641,0,1,2,0.00,-0.0001,0.0000,0.0000,0.0000,0.0000,0.0000,0.0000,0.0000
2026-06-06 17:07:08.741,0,1,2,0.00,0.0000,0.0000,0.0000,0.0000,0.0000,0.0000,0.0000,0.0000
2026-06-06 17:07:08.841,0,2,2,0.00,0.0000,0.0000,0.0000,0.0000,0.0000,0.0000,0.0000,0.0000
2026-06-06 17:07:08.941,0,1,2,0.00,0.0005,-0.0003,0.0000,0.0000,0.0000,0.0000,0.0000,0.0000
2026-06-06 17:07:09.041,0,2,2,0.00,0.0000,0.0001,0.0000,0.0000,0.0000,0.0000,0.0000,0.0000
2026-06-06 17:07:09.141,0,1,2,0.00,0.0001,-0.0001,0.0000,0.0000,0.0000,0.0000,0.0000,0.0000
2026-06-06 17:07:09.241,0,1,2,0.00,-0.0001,0.0000,0.0000,0.0000,0.0000,0.0000,0.0000,0.0000
2026-06-06 17:07:09.342,0,1,2,0.00,-0.0001,0.0000,0.0000,0.0000,0.0000,0.0000,0.0000,0.0000
2026-06-06 17:07:09.444,0,0,1,0.00,-0.0001,0.0000,0.0000,0.0000,0.0000,0.0000,0.0000,0.0000
2026-06-06 17:07:09.543,0,1,2,0.00,-0.0001,0.0000,0.0000,0.0000,0.0000,0.0000,0.0000,0.0000
2026-06-06 17:07:09.641,0,1,2,0.00,0.0000,0.0000,0.0000,0.0000,0.0000,0.0000,0.0000,0.0000
2026-06-06 17:07:09.741,0,1,2,0.00,0.0001,0.0003,0.0000,0.0000,0.0000,0.0000,0.0000,0.0000
2026-06-06 17:07:09.841,0,1,2,0.00,-0.0004,0.0000,0.0000,0.0000,0.0000,0.0000,0.0000,0.0000
2026-06-06 17:07:09.980,0,0,1,0.00,-0.0004,0.0000,0.0000,0.0000,0.0000,0.0000,0.0000,0.0000
2026-06-06 17:07:10.091,0,0,1,0.00,0.0003,0.0000,0.0000,0.0000,0.0000,0.0000,0.0000,0.0000
2026-06-06 17:07:10.224,0,0,1,0.00,0.0000,0.0000,0.0000,0.0000,0.0000,0.0000,0.0000,0.0000
2026-06-06 17:07:10.347,0,0,1,0.00,0.0000,0.0001,0.0000,0.0000,0.0000,0.0000,0.0000,0.0000
2026-06-06 17:07:10.505,0,0,0,0.00,0.0000,0.0001,0.0000,0.0000,0.0000,0.0000,0.0000,0.0000
2026-06-06 17:07:10.550,0,0,1,0.00,0.0000,0.0001,0.0000,0.0000,0.0000,0.0000,0.0000,0.0000
2026-06-06 17:07:10.650,0,1,2,0.00,0.0000,0.0000,0.0000,0.0000,0.0000,0.0000,0.0000,0.0000
2026-06-06 17:07:10.750,0,2,2,0.00,0.0000,0.0000,0.0000,0.0000,0.0000,0.0000,0.0000,0.0000
2026-06-06 17:07:10.850,0,1,2,0.00,-0.0001,0.0001,0.0000,0.0000,0.0000,0.0000,0.0000,0.0000
2026-06-06 17:07:10.950,0,1,2,0.00,0.0001,0.0000,0.0000,0.0000,0.0000,0.0000,0.0000,0.0000
2026-06-06 17:07:11.053,0,1,2,0.00,0.0001,0.0000,0.0000,0.0000,0.0000,-0.0000,0.0000,0.0000
2026-06-06 17:07:11.150,0,2,2,0.00,-0.0003,0.0000,0.0000,0.0000,0.0000,-0.0000,0.0000,0.0000
2026-06-06 17:07:11.256,0,1,2,0.00,0.0000,0.0001,0.0000,0.0000,0.0000,-0.0000,0.0000,0.0000
2026-06-06 17:07:11.350,0,1,2,0.00,0.0001,-0.0004,0.0000,0.0000,0.0000,-0.0000,0.0000,0.0000
2026-06-06 17:07:11.450,0,1,2,0.00,0.0001,-0.0004,0.0000,0.0000,0.0000,-0.0000,0.0000,0.0000
2026-06-06 17:07:11.550,0,1,2,0.00,0.0004,0.0000,0.0000,0.0000,0.0000,-0.0000,0.0000,0.0000
2026-06-06 17:07:11.650,0,2,2,0.00,0.0000,-0.0003,0.0000,0.0000,0.0000,-0.0000,0.0000,0.0000
2026-06-06 17:07:11.750,0,1,2,0.00,-0.0003,0.0000,0.0000,0.0000,0.0000,-0.0000,0.0000,0.0000
2026-06-06 17:07:11.850,0,1,2,0.00,0.0004,0.0003,0.0000,0.0000,0.0000,-0.0000,0.0000,0.0000
2026-06-06 17:07:11.950,0,1,2,0.00,0.0000,0.0000,0.0000,0.0000,0.0000,-0.0000,0.0000,0.0000
2026-06-06 17:07:12.050,0,1,2,0.00,0.0001,0.0000,0.0000,0.0000,0.0000,-0.0000,0.0000,0.0000
2026-06-06 17:07:12.153,0,1,2,0.00,0.0000,0.0000,0.0000,0.0000,0.0000,-0.0000,0.0000,0.0000
2026-06-06 17:07:12.250,0,2,2,0.00,-0.0001,-0.0001,0.0000,0.0000,0.0000,-0.0000,0.0000,0.0000
2026-06-06 17:07:12.350,0,1,2,0.00,0.0000,0.0000,0.0000,0.0000,0.0000,-0.0000,0.0000,0.0000
2026-06-06 17:07:12.450,0,1,2,0.00,-0.0001,0.0000,0.0000,0.0000,0.0000,-0.0000,0.0000,0.0000
2026-06-06 17:07:12.550,0,1,2,0.00,0.0000,-0.0003,0.0000,0.0000,0.0000,-0.0000,0.0000,0.0000
2026-06-06 17:07:12.650,0,1,2,0.00,0.0000,0.0004,0.0000,0.0000,0.0000,-0.0000,0.0000,0.0000
2026-06-06 17:07:12.750,0,2,2,0.00,0.0000,0.0000,0.0000,0.0000,0.0000,-0.0000,0.0000,0.0000
2026-06-06 17:07:12.850,0,2,2,0.00,0.0003,-0.0001,0.0000,0.0000,0.0000,-0.0000,0.0000,0.0000
2026-06-06 17:07:12.950,0,1,2,0.00,0.0000,-0.0003,0.0000,0.0000,0.0000,-0.0000,0.0000,0.0000
2026-06-06 17:07:13.050,0,2,2,0.00,0.0000,0.0001,0.0000,0.0000,0.0000,-0.0000,0.0000,0.0000
2026-06-06 17:07:13.150,0,2,2,0.00,0.0001,0.0000,0.0000,0.0000,0.0000,-0.0000,0.0000,0.0000
2026-06-06 17:07:13.250,0,1,2,0.00,0.0000,0.0001,0.0000,0.0000,0.0000,-0.0000,0.0000,0.0000
2026-06-06 17:07:13.350,0,2,2,0.00,0.0001,0.0000,0.0000,0.0000,0.0000,-0.0000,0.0000,0.0000
2026-06-06 17:07:13.450,0,2,2,0.00,0.0000,0.0004,0.0000,0.0000,0.0000,-0.0000,0.0000,0.0000
2026-06-06 17:07:13.550,0,2,2,0.00,0.0001,0.0001,0.0000,0.0000,0.0000,-0.0000,0.0000,0.0000
2026-06-06 17:07:13.650,0,1,2,0.00,0.0000,0.0001,0.0000,0.0000,0.0000,-0.0000,0.0000,0.0000
2026-06-06 17:07:13.750,0,2,2,0.00,0.0003,-0.0001,0.0000,0.0000,0.0000,-0.0000,0.0000,0.0000
2026-06-06 17:07:13.850,0,2,2,0.00,0.0000,0.0000,0.0000,0.0000,0.0000,-0.0000,0.0000,0.0000
2026-06-06 17:07:13.950,0,1,2,0.00,0.0000,0.0005,0.0000,0.0000,0.0000,-0.0000,0.0000,0.0000
2026-06-06 17:07:14.050,0,1,2,0.00,-0.0004,0.0003,0.0000,0.0000,0.0000,-0.0000,0.0000,0.0000
2026-06-06 17:07:14.150,0,1,2,0.00,0.0000,0.0000,0.0000,0.0000,0.0000,-0.0000,0.0000,0.0000
2026-06-06 17:07:14.250,0,1,2,0.00,0.0000,-0.0001,0.0000,0.0000,0.0000,-0.0000,0.0000,0.0000
2026-06-06 17:07:14.350,0,2,2,0.00,0.0000,0.0000,0.0000,0.0000,0.0000,-0.0000,0.0000,0.0000
2026-06-06 17:07:14.451,0,2,2,0.00,-0.0003,0.0000,0.0000,0.0000,0.0000,-0.0000,0.0000,0.0000
2026-06-06 17:07:14.550,0,2,2,0.00,0.0000,0.0000,0.0000,0.0000,0.0000,-0.0000,0.0000,0.0000
2026-06-06 17:07:14.650,0,1,2,0.00,-0.0003,0.0000,0.0000,0.0000,0.0000,-0.0000,0.0000,0.0000
2026-06-06 17:07:14.750,0,2,2,0.00,0.0000,-0.0001,0.0000,0.0000,0.0000,-0.0000,0.0000,0.0000
2026-06-06 17:07:14.850,0,1,2,0.00,0.0000,-0.0003,0.0000,0.0000,0.0000,-0.0000,0.0000,0.0000
2026-06-06 17:07:14.950,0,1,2,0.00,0.0003,-0.0001,0.0000,0.0000,0.0000,-0.0000,0.0000,0.0000
2026-06-06 17:07:15.050,0,2,2,0.00,-0.0001,0.0003,0.0000,0.0000,0.0000,-0.0000,0.0000,0.0000
2026-06-06 17:07:15.150,0,2,2,0.00,-0.0001,0.0001,0.0000,0.0000,0.0000,-0.0000,0.0000,0.0000
2026-06-06 17:07:15.250,0,2,2,0.00,0.0000,0.0000,0.0000,0.0000,0.0000,-0.0000,0.0000,0.0000
2026-06-06 17:07:15.353,0,2,2,0.00,-0.0004,0.0000,0.0000,0.0000,0.0000,-0.0000,0.0000,0.0000
2026-06-06 17:07:15.450,0,2,2,0.00,0.0001,0.0000,0.0000,0.0000,0.0000,-0.0000,0.0000,0.0000
2026-06-06 17:07:15.550,0,1,2,0.00,0.0000,-0.0001,0.0000,0.0000,0.0000,-0.0000,0.0000,0.0000
2026-06-06 17:07:15.650,0,2,2,0.00,0.0000,-0.0001,0.0000,0.0000,0.0000,-0.0000,0.0000,0.0000
2026-06-06 17:07:15.750,0,1,2,0.00,0.0001,0.0000,0.0000,0.0000,0.0000,-0.0000,0.0000,0.0000
2026-06-06 17:07:15.850,0,1,2,0.00,-0.0001,-0.0001,0.0000,0.0000,0.0000,-0.0000,0.0000,0.0000
2026-06-06 17:07:15.950,0,1,2,0.00,0.0000,-0.0001,0.0000,0.0000,0.0000,-0.0000,0.0000,0.0000
2026-06-06 17:07:16.050,0,1,2,0.00,0.0000,-0.0001,0.0000,0.0000,0.0000,-0.0000,0.0000,0.0000
2026-06-06 17:07:16.151,0,1,2,0.00,0.0000,0.0000,0.0000,0.0000,0.0000,-0.0000,0.0000,0.0000
2026-06-06 17:07:16.250,0,2,2,0.00,-0.0001,0.0000,0.0000,0.0000,0.0000,-0.0000,0.0000,0.0000
2026-06-06 17:07:16.350,0,1,2,0.00,0.0000,0.0001,0.0000,0.0000,0.0000,-0.0000,0.0000,0.0000
2026-06-06 17:07:16.450,0,2,2,0.00,-0.0001,0.0000,0.0000,0.0000,0.0000,-0.0000,0.0000,0.0000
2026-06-06 17:07:16.550,0,1,2,0.00,0.0000,0.0001,0.0000,0.0000,0.0000,-0.0000,0.0000,0.0000
2026-06-06 17:07:16.650,0,1,2,0.00,0.0001,0.0000,0.0000,0.0000,0.0000,-0.0000,0.0000,0.0000
2026-06-06 17:07:16.750,0,1,2,0.00,-0.0004,0.0001,0.0000,0.0000,0.0000,-0.0000,0.0000,0.0000
2026-06-06 17:07:16.850,0,1,2,0.00,0.0000,0.0000,0.0000,0.0000,0.0000,-0.0000,0.0000,0.0000
2026-06-06 17:07:16.950,0,2,2,0.00,0.0000,0.0000,0.0000,0.0000,0.0000,-0.0000,0.0000,0.0000
2026-06-06 17:07:17.050,0,1,2,0.00,0.0001,0.0000,0.0000,0.0000,0.0000,-0.0000,0.0000,0.0000
2026-06-06 17:07:17.150,0,2,2,0.00,0.0000,0.0000,0.0000,0.0000,0.0000,-0.0000,0.0000,0.0000
2026-06-06 17:07:17.250,0,2,2,0.00,0.0001,-0.0001,0.0000,0.0000,0.0000,-0.0000,0.0000,0.0000
2026-06-06 17:07:17.350,0,1,2,0.00,-0.0001,0.0003,0.0000,0.0000,0.0000,-0.0000,0.0000,0.0000
2026-06-06 17:07:17.450,0,2,2,0.00,-0.0001,0.0000,0.0000,0.0000,0.0000,-0.0000,0.0000,0.0000
2026-06-06 17:07:17.550,0,2,2,0.00,-0.0001,-0.0001,0.0000,0.0000,0.0000,-0.0000,0.0000,0.0000
2026-06-06 17:07:17.650,0,1,2,0.00,0.0000,-0.0003,0.0000,0.0000,0.0000,-0.0000,0.0000,0.0000
2026-06-06 17:07:17.750,0,2,2,0.00,0.0000,0.0001,0.0000,0.0000,0.0000,-0.0000,0.0000,0.0000
2026-06-06 17:07:17.850,0,2,2,0.00,0.0003,0.0005,0.0000,0.0000,0.0000,-0.0000,0.0000,0.0000
2026-06-06 17:07:17.950,0,1,2,0.00,-0.0003,0.0000,0.0000,0.0000,0.0000,-0.0000,0.0000,0.0000
2026-06-06 17:07:18.050,0,2,2,0.00,-0.0001,0.0001,0.0000,0.0000,0.0000,-0.0000,0.0000,0.0000
2026-06-06 17:07:18.150,0,2,2,0.00,0.0003,0.0001,0.0000,0.0000,0.0000,-0.0000,0.0000,0.0000
2026-06-06 17:07:18.250,0,2,2,0.00,0.0003,0.0000,0.0000,0.0000,0.0000,-0.0000,0.0000,0.0000
2026-06-06 17:07:18.350,0,2,2,0.00,0.0000,-0.0001,0.0000,0.0000,0.0000,-0.0000,0.0000,0.0000
2026-06-06 17:07:18.450,0,1,2,0.00,0.0000,0.0001,0.0000,0.0000,0.0000,-0.0000,0.0000,0.0000
2026-06-06 17:07:18.550,0,2,2,0.00,0.0000,0.0000,0.0000,0.0000,0.0000,-0.0000,0.0000,0.0000
2026-06-06 17:07:18.650,0,2,2,0.00,0.0005,0.0000,0.0000,0.0000,0.0000,-0.0000,0.0000,0.0000
2026-06-06 17:07:18.750,0,2,2,0.00,-0.0001,0.0000,0.0000,0.0000,0.0000,-0.0000,0.0000,0.0000
2026-06-06 17:07:18.850,0,2,2,0.00,0.0001,0.0000,0.0000,0.0000,0.0000,-0.0000,0.0000,0.0000
2026-06-06 17:07:18.950,0,1,2,0.00,-0.0001,0.0001,0.0000,0.0000,0.0000,-0.0000,0.0000,0.0000
2026-06-06 17:07:19.050,0,2,2,0.00,-0.0001,0.0000,0.0000,0.0000,0.0000,-0.0000,0.0000,0.0000
2026-06-06 17:07:19.150,0,2,2,0.00,0.0000,0.0001,0.0000,0.0000,0.0000,-0.0000,0.0000,0.0000
2026-06-06 17:07:19.250,0,2,2,0.00,0.0001,0.0001,0.0000,0.0000,0.0000,-0.0000,0.0000,0.0000
2026-06-06 17:07:19.350,0,2,2,0.00,0.0000,-0.0001,0.0000,0.0000,0.0000,-0.0000,0.0000,0.0000
2026-06-06 17:07:19.450,0,1,2,0.00,-0.0008,0.0003,0.0000,0.0000,0.0000,-0.0000,0.0000,0.0000
2026-06-06 17:07:19.550,0,2,2,0.00,0.0000,0.0000,0.0000,0.0000,0.0000,-0.0000,0.0000,0.0000
2026-06-06 17:07:19.650,0,2,2,0.00,0.0000,0.0000,0.0000,0.0000,0.0000,-0.0000,0.0000,0.0000
2026-06-06 17:07:19.750,0,2,2,0.00,0.0000,0.0000,0.0000,0.0000,0.0000,-0.0000,0.0000,0.0000
2026-06-06 17:07:19.850,0,2,2,0.00,-0.0001,-0.0001,0.0000,0.0000,0.0000,-0.0000,0.0000,0.0000
2026-06-06 17:07:19.953,0,2,2,0.00,0.0000,0.0000,0.0000,0.0000,0.0000,-0.0000,0.0000,0.0000
2026-06-06 17:07:20.050,0,2,2,0.00,-0.0003,0.0000,0.0000,0.0000,0.0000,-0.0000,0.0000,0.0000
2026-06-06 17:07:20.150,0,2,2,0.00,-0.0001,0.0000,0.0000,0.0000,0.0000,-0.0000,0.0000,0.0000
2026-06-06 17:07:20.250,0,2,2,0.00,-0.0003,0.0000,0.0000,0.0000,0.0000,-0.0000,0.0000,0.0000
2026-06-06 17:07:20.350,0,2,2,0.00,0.0003,0.0000,0.0000,0.0000,0.0000,-0.0000,0.0000,0.0000
2026-06-06 17:07:20.450,0,2,2,0.00,0.0001,0.0003,0.0000,0.0000,0.0000,-0.0000,0.0000,0.0000
2026-06-06 17:07:20.552,0,2,2,0.00,0.0001,-0.0001,0.0000,0.0000,0.0000,-0.0000,0.0000,0.0000
2026-06-06 17:07:20.650,0,2,2,0.00,0.0001,0.0001,0.0000,0.0000,0.0000,-0.0000,0.0000,0.0000
2026-06-06 17:07:20.750,0,2,2,0.00,0.0000,0.0000,0.0000,0.0000,0.0000,-0.0000,0.0000,0.0000
2026-06-06 17:07:20.850,0,2,2,0.00,0.0000,0.0000,0.0000,0.0000,0.0000,-0.0000,0.0000,0.0000
2026-06-06 17:07:20.950,0,1,2,0.00,-0.0001,-0.0001,0.0000,0.0000,0.0000,-0.0000,0.0000,0.0000
2026-06-06 17:07:21.050,0,2,2,0.00,-0.0003,0.0000,0.0000,0.0000,0.0000,-0.0000,0.0000,0.0000
2026-06-06 17:07:21.150,0,2,2,0.00,-0.0001,-0.0004,0.0000,0.0000,0.0000,-0.0000,0.0000,0.0000
2026-06-06 17:07:21.250,0,2,2,0.00,0.0000,0.0001,0.0000,0.0000,0.0000,-0.0000,0.0000,0.0000
2026-06-06 17:07:21.350,0,2,2,0.00,0.0004,-0.0001,0.0000,0.0000,0.0000,-0.0000,0.0000,0.0000
2026-06-06 17:07:21.450,0,2,2,0.00,-0.0001,-0.0001,0.0000,0.0000,0.0000,-0.0000,0.0000,0.0000
2026-06-06 17:07:21.550,0,2,2,0.00,0.0004,0.0000,0.0000,0.0000,0.0000,-0.0000,0.0000,0.0000
2026-06-06 17:07:21.650,0,2,2,0.00,0.0000,0.0000,0.0000,0.0000,0.0000,-0.0000,0.0000,0.0000
2026-06-06 17:07:21.750,0,2,2,0.00,-0.0001,0.0000,0.0000,0.0000,0.0000,-0.0000,0.0000,0.0000
2026-06-06 17:07:21.850,0,2,2,0.00,0.0001,0.0000,0.0000,0.0000,0.0000,-0.0000,0.0000,0.0000
2026-06-06 17:07:21.950,0,2,2,0.00,-0.0003,-0.0001,0.0000,0.0000,0.0000,-0.0000,0.0000,0.0000
2026-06-06 17:07:22.050,0,2,2,0.00,-0.0003,0.0000,0.0000,0.0000,0.0000,-0.0000,0.0000,0.0000
2026-06-06 17:07:22.150,0,2,2,0.00,0.0001,0.0001,0.0000,0.0000,0.0000,-0.0000,0.0000,0.0000
2026-06-06 17:07:22.250,0,2,2,0.00,0.0000,-0.0001,0.0000,0.0000,0.0000,-0.0000,0.0000,0.0000
2026-06-06 17:07:22.350,0,2,2,0.00,-0.0004,-0.0001,0.0000,0.0000,0.0000,-0.0000,0.0000,0.0000
2026-06-06 17:07:22.450,0,2,2,0.00,-0.0003,-0.0001,0.0000,0.0000,0.0000,-0.0000,0.0000,0.0000
2026-06-06 17:07:22.550,0,2,2,0.00,0.0001,0.0000,0.0000,0.0000,0.0000,-0.0000,0.0000,0.0000
2026-06-06 17:07:22.650,0,2,2,0.00,0.0001,-0.0001,0.0000,0.0000,0.0000,-0.0000,0.0000,0.0000
2026-06-06 17:07:22.750,0,2,2,0.00,-0.0001,0.0000,0.0000,0.0000,0.0000,-0.0000,0.0000,0.0000
2026-06-06 17:07:22.850,0,2,2,0.00,0.0001,0.0001,0.0000,0.0000,0.0000,-0.0000,0.0000,0.0000
2026-06-06 17:07:22.950,0,2,2,0.00,0.0001,0.0000,0.0000,0.0000,0.0000,-0.0000,0.0000,0.0000
2026-06-06 17:07:23.050,0,2,2,0.00,-0.0001,0.0000,0.0000,0.0000,0.0000,-0.0000,0.0000,0.0000
2026-06-06 17:07:23.150,0,2,2,0.00,0.0000,0.0000,0.0000,0.0000,0.0000,-0.0000,0.0000,0.0000
2026-06-06 17:07:23.250,0,2,2,0.00,0.0001,-0.0001,0.0000,0.0000,0.0000,-0.0000,0.0000,0.0000
2026-06-06 17:07:23.350,0,2,2,0.00,-0.0001,0.0003,0.0000,0.0000,0.0000,-0.0000,0.0000,0.0000
2026-06-06 17:07:23.450,0,2,2,0.00,0.0000,0.0000,0.0000,0.0000,0.0000,-0.0000,0.0000,0.0000
2026-06-06 17:07:23.550,0,2,2,0.00,-0.0004,0.0000,0.0000,0.0000,0.0000,-0.0000,0.0000,0.0000
2026-06-06 17:07:23.650,0,2,2,0.00,0.0000,0.0000,0.0000,0.0000,0.0000,-0.0000,0.0000,0.0000
2026-06-06 17:07:23.750,0,2,2,0.00,0.0003,0.0004,0.0000,0.0000,0.0000,-0.0000,0.0000,0.0000
2026-06-06 17:07:23.850,0,2,2,0.00,-0.0004,-0.0007,0.0000,0.0000,0.0000,-0.0000,0.0000,0.0000
2026-06-06 17:07:23.950,0,2,2,0.00,0.0001,0.0001,0.0000,0.0000,0.0000,-0.0000,0.0000,0.0000
2026-06-06 17:07:24.050,0,2,2,0.00,0.0000,0.0000,0.0000,0.0000,0.0000,-0.0000,0.0000,0.0000
2026-06-06 17:07:24.150,0,2,2,0.00,0.0000,0.0004,0.0000,0.0000,0.0000,-0.0000,0.0000,0.0000
2026-06-06 17:07:24.250,0,2,2,0.00,0.0001,0.0000,0.0000,0.0000,0.0000,-0.0000,0.0000,0.0000
2026-06-06 17:07:24.350,0,2,2,0.00,-0.0001,-0.0001,0.0000,0.0000,0.0000,-0.0000,0.0000,0.0000
2026-06-06 17:07:24.450,0,2,2,0.00,0.0000,0.0001,0.0000,0.0000,0.0000,-0.0000,0.0000,0.0000
2026-06-06 17:07:24.550,0,2,2,0.00,0.0000,0.0000,0.0000,0.0000,0.0000,-0.0000,0.0000,0.0000
2026-06-06 17:07:24.650,0,2,2,0.00,0.0000,0.0000,0.0000,0.0000,0.0000,-0.0000,0.0000,0.0000
2026-06-06 17:07:24.750,0,2,2,0.00,0.0000,0.0001,0.0000,0.0000,0.0000,-0.0000,0.0000,0.0000
2026-06-06 17:07:24.850,0,2,2,0.00,0.0001,0.0000,0.0000,0.0000,0.0000,-0.0000,0.0000,0.0000
2026-06-06 17:07:24.950,0,2,2,0.00,-0.0001,0.0000,0.0000,0.0000,0.0000,-0.0000,0.0000,0.0000
2026-06-06 17:07:25.050,0,2,2,0.00,0.0000,-0.0001,0.0000,0.0000,0.0000,-0.0000,0.0000,0.0000
2026-06-06 17:07:25.150,0,2,2,0.00,0.0001,0.0000,0.0000,0.0000,0.0000,-0.0000,0.0000,0.0000
2026-06-06 17:07:25.250,0,2,2,0.00,0.0000,0.0001,0.0000,0.0000,0.0000,-0.0000,0.0000,0.0000
2026-06-06 17:07:25.350,0,2,2,0.00,0.0000,0.0000,0.0000,0.0000,0.0000,-0.0000,0.0000,0.0000
2026-06-06 17:07:25.450,0,1,2,0.00,-0.0001,0.0000,0.0000,0.0000,0.0000,-0.0000,0.0000,0.0000
2026-06-06 17:07:25.550,0,2,2,0.00,-0.0001,0.0001,0.0000,0.0000,0.0000,-0.0000,0.0000,0.0000
2026-06-06 17:07:25.650,0,2,2,0.00,0.0001,-0.0001,0.0000,0.0000,0.0000,-0.0000,0.0000,0.0000
2026-06-06 17:07:25.750,0,2,2,0.00,0.0000,0.0000,0.0000,0.0000,0.0000,-0.0000,0.0000,0.0000
2026-06-06 17:07:25.851,0,2,2,0.00,0.0000,-0.0001,0.0000,0.0000,0.0000,-0.0000,0.0000,0.0000
2026-06-06 17:07:25.950,0,2,2,0.00,0.0000,-0.0001,0.0000,0.0000,0.0000,-0.0000,0.0000,0.0000
2026-06-06 17:07:26.050,0,2,2,0.00,-0.0003,0.0000,0.0000,0.0000,0.0000,-0.0000,0.0000,0.0000
2026-06-06 17:07:26.150,0,2,2,0.00,-0.0003,-0.0001,0.0000,0.0000,0.0000,-0.0000,0.0000,0.0000
2026-06-06 17:07:26.250,0,2,2,0.00,-0.0001,0.0000,0.0000,0.0000,0.0000,-0.0000,0.0000,0.0000
2026-06-06 17:07:26.350,0,1,2,0.00,-0.0001,-0.0004,0.0000,0.0000,0.0000,-0.0000,0.0000,0.0000
2026-06-06 17:07:26.450,0,1,2,0.00,-0.0001,-0.0001,0.0000,0.0000,0.0000,-0.0000,0.0000,0.0000
2026-06-06 17:07:26.550,0,2,2,0.00,0.0000,0.0000,0.0000,0.0000,0.0000,-0.0000,0.0000,0.0000
2026-06-06 17:07:26.650,0,2,2,0.00,-0.0003,0.0000,0.0000,0.0000,0.0000,-0.0000,0.0000,0.0000
2026-06-06 17:07:26.750,0,2,2,0.00,-0.0003,0.0001,0.0000,0.0000,0.0000,-0.0000,0.0000,0.0000
2026-06-06 17:07:26.850,0,2,2,0.00,0.0004,0.0000,0.0000,0.0000,0.0000,-0.0000,0.0000,0.0000
2026-06-06 17:07:26.950,0,2,2,0.00,-0.0001,0.0001,0.0000,0.0000,0.0000,-0.0000,0.0000,0.0000
2026-06-06 17:07:27.050,0,2,2,0.00,0.0000,0.0000,0.0000,0.0000,0.0000,-0.0000,0.0000,0.0000
2026-06-06 17:07:27.150,0,2,2,0.00,0.0000,0.0000,0.0000,0.0000,0.0000,-0.0000,0.0000,0.0000
2026-06-06 17:07:27.250,0,2,2,0.00,0.0003,0.0000,0.0000,0.0000,0.0000,-0.0000,0.0000,0.0000
2026-06-06 17:07:27.350,0,2,2,0.00,0.0003,0.0003,0.0000,0.0000,0.0000,-0.0000,0.0000,0.0000
2026-06-06 17:07:27.450,0,2,2,0.00,-0.0001,0.0000,0.0000,0.0000,0.0000,-0.0000,0.0000,0.0000
2026-06-06 17:07:27.550,0,1,2,0.00,0.0001,0.0003,0.0000,0.0000,0.0000,-0.0000,0.0000,0.0000
2026-06-06 17:07:27.650,0,2,2,0.00,0.0000,0.0000,0.0000,0.0000,0.0000,-0.0000,0.0000,0.0000
2026-06-06 17:07:27.750,0,2,2,0.00,0.0000,0.0000,0.0000,0.0000,0.0000,-0.0000,0.0000,0.0000
2026-06-06 17:07:27.850,0,1,2,0.00,-0.0003,-0.0003,0.0000,0.0000,0.0000,-0.0000,0.0000,0.0000
2026-06-06 17:07:27.950,0,2,2,0.00,-0.0251,0.0007,0.0002,-0.0000,0.0000,-0.0000,0.0000,0.0000
2026-06-06 17:07:28.050,0,2,2,0.00,-0.0593,0.0199,0.0023,-0.0000,0.0000,-0.0000,0.0000,0.0000
2026-06-06 17:07:28.150,0,2,2,0.00,-0.0780,0.0535,0.0081,-0.0001,0.0000,-0.0000,0.0000,0.0000
2026-06-06 17:07:28.250,0,2,2,0.00,-0.1151,0.0482,0.0160,-0.0002,0.0000,-0.0000,0.0000,0.0000
2026-06-06 17:07:28.350,0,2,2,0.00,-0.1571,0.0596,0.0262,-0.0005,0.0000,-0.0000,0.0000,0.0000
2026-06-06 17:07:28.450,0,2,2,0.00,-0.1970,0.1140,0.0408,-0.0012,0.0000,-0.0000,0.0000,0.0000
2026-06-06 17:07:28.550,0,2,2,0.00,-0.2225,0.1762,0.0594,-0.0023,0.0000,-0.0000,0.0000,0.0000
2026-06-06 17:07:28.650,0,2,2,0.00,-0.2491,0.2630,0.0840,-0.0039,0.0000,-0.0000,0.0000,0.0000
2026-06-06 17:07:28.750,0,2,2,0.00,-0.2748,0.3123,0.1117,-0.0056,0.0000,-0.0000,0.0000,0.0000
2026-06-06 17:07:28.850,0,2,2,0.00,-0.3161,0.3519,0.1445,-0.0074,0.0000,-0.0000,0.0000,0.0000
2026-06-06 17:07:28.950,0,2,2,0.00,-0.3466,0.3720,0.1793,-0.0092,0.0000,-0.0000,0.0000,0.0000
2026-06-06 17:07:29.050,0,2,2,0.00,-0.3821,0.3932,0.2175,-0.0110,0.0000,-0.0000,0.0000,0.0000
2026-06-06 17:07:29.150,0,2,2,0.00,-0.4102,0.4151,0.2582,-0.0128,0.0000,-0.0000,0.0000,0.0000
2026-06-06 17:07:29.250,0,2,2,0.00,-0.4398,0.4434,0.3017,-0.0148,0.0000,-0.0000,0.0000,0.0000
2026-06-06 17:07:29.350,0,2,2,0.00,-0.4712,0.4608,0.3475,-0.0169,0.0000,-0.0000,0.0000,0.0000
2026-06-06 17:07:29.450,0,2,2,0.00,-0.5027,0.4867,0.3963,-0.0192,0.0000,-0.0000,0.0000,0.0000
2026-06-06 17:07:29.550,0,2,2,0.00,-0.5337,0.5062,0.4476,-0.0218,0.0000,-0.0000,0.0000,0.0000
2026-06-06 17:07:29.650,0,2,2,0.00,-0.5656,0.5265,0.5017,-0.0249,0.0000,-0.0000,0.0000,0.0000
2026-06-06 17:07:29.750,0,2,2,0.00,-0.5935,0.5533,0.5584,-0.0284,0.0000,-0.0000,0.0000,0.0000
2026-06-06 17:07:29.850,0,2,2,0.00,-0.6290,0.5921,0.6190,-0.0326,0.0000,-0.0000,0.0000,0.0000
2026-06-06 17:07:29.950,0,2,2,0.00,-0.6606,0.6363,0.6834,-0.0372,0.0000,-0.0000,0.0000,0.0000
2026-06-06 17:07:30.050,0,2,2,0.00,-0.6898,0.6605,0.7504,-0.0424,0.0000,-0.0000,0.0000,0.0000
2026-06-06 17:07:30.150,0,2,2,0.00,-0.7249,0.6881,0.8202,-0.0480,0.0000,-0.0000,0.0000,0.0000
2026-06-06 17:07:30.250,0,2,2,0.00,-0.7533,0.7354,0.8941,-0.0541,0.0000,-0.0000,0.0000,0.0000
2026-06-06 17:07:30.350,0,2,2,0.00,-0.7884,0.7709,0.9703,-0.0607,0.0000,-0.0000,0.0000,0.0000
2026-06-06 17:07:30.450,0,2,2,0.00,-0.8192,0.8109,1.0510,-0.0677,0.0000,-0.0000,0.0000,0.0000
2026-06-06 17:07:30.550,0,2,2,0.00,-0.8486,0.8385,1.1348,-0.0750,0.0000,-0.0000,0.0000,0.0000
2026-06-06 17:07:30.650,0,1,2,0.00,-0.8726,0.8566,1.2242,-0.0831,0.0000,-0.0000,0.0000,0.0000
2026-06-06 17:07:30.750,0,2,2,0.00,-0.8972,0.8972,1.3096,-0.0909,0.0000,-0.0000,0.0000,0.0000
2026-06-06 17:07:30.850,0,2,2,0.00,-0.9035,0.9074,1.3998,-0.0992,0.0000,-0.0000,0.0000,0.0000
2026-06-06 17:07:30.950,0,2,2,0.00,-0.9050,0.9071,1.4900,-0.1075,0.0000,-0.0000,0.0000,0.0000
2026-06-06 17:07:31.054,0,2,2,0.00,-0.9084,0.9234,1.5813,-0.1157,0.0000,-0.0000,0.0000,0.0000
2026-06-06 17:07:31.150,0,2,2,0.00,-0.9020,0.9416,1.6732,-0.1235,0.0000,-0.0000,0.0000,0.0000
2026-06-06 17:07:31.250,0,2,2,0.00,-0.8994,0.9262,1.7639,-0.1308,0.0000,-0.0000,0.0000,0.0000
2026-06-06 17:07:31.350,0,2,2,0.00,-0.9009,0.9215,1.8548,-0.1377,0.0000,-0.0000,0.0000,0.0000
2026-06-06 17:07:31.450,0,2,2,0.00,-0.8971,0.8930,1.9440,-0.1443,0.0000,-0.0000,0.0000,0.0000
2026-06-06 17:07:31.550,0,1,2,0.00,-0.8910,0.8819,2.0263,-0.1505,0.0000,-0.0000,0.0000,0.0000
2026-06-06 17:07:31.650,0,2,2,0.00,-0.8969,0.8812,2.1210,-0.1578,0.0000,-0.0000,0.0000,0.0000
2026-06-06 17:07:31.750,0,2,2,0.00,-0.8972,0.8913,2.2105,-0.1649,0.0000,-0.0000,0.0000,0.0000
2026-06-06 17:07:31.850,0,2,2,0.00,-0.9107,0.8985,2.3004,-0.1721,0.0000,-0.0000,0.0000,0.0000
2026-06-06 17:07:31.950,0,2,2,0.00,-0.9039,0.8974,2.3901,-0.1795,0.0000,-0.0000,0.0000,0.0000
2026-06-06 17:07:32.050,0,2,2,0.00,-0.9050,0.9070,2.4805,-0.1869,0.0000,-0.0000,0.0000,0.0000
2026-06-06 17:07:32.150,0,2,2,0.00,-0.8896,0.8796,2.5685,-0.1942,0.0000,-0.0000,0.0000,0.0000
2026-06-06 17:07:32.250,0,2,2,0.00,-0.9074,0.9087,2.6590,-0.2018,0.0000,-0.0000,0.0000,0.0000
2026-06-06 17:07:32.350,0,2,2,0.00,-0.8985,0.8968,2.7485,-0.2093,0.0000,-0.0000,0.0000,0.0000
2026-06-06 17:07:32.450,0,2,2,0.00,-0.9012,0.9269,2.8395,-0.2168,0.0000,-0.0000,0.0000,0.0000
2026-06-06 17:07:32.550,0,2,2,0.00,-0.8997,0.9075,2.9296,-0.2239,0.0000,-0.0000,0.0000,0.0000
2026-06-06 17:07:32.650,0,2,2,0.00,-0.8943,0.9028,3.0192,-0.2308,0.0000,-0.0000,0.0000,0.0000
2026-06-06 17:07:32.750,0,2,2,0.00,-0.9027,0.9168,3.1098,-0.2377,0.0000,-0.0000,0.0000,0.0000
2026-06-06 17:07:32.850,0,2,2,0.00,-0.8946,0.8876,3.2010,-0.2445,0.0000,-0.0000,0.0000,0.0000
2026-06-06 17:07:32.950,0,2,2,0.00,-0.9053,0.9073,3.2890,-0.2512,0.0000,-0.0000,0.0000,0.0000
2026-06-06 17:07:33.050,0,2,2,0.00,-0.9032,0.8961,3.3787,-0.2580,0.0000,-0.0000,0.0000,0.0000
2026-06-06 17:07:33.150,0,2,2,0.00,-0.9069,0.9155,3.4695,-0.2649,0.0000,-0.0000,0.0000,0.0000
2026-06-06 17:07:33.250,0,2,2,0.00,-0.8994,0.8916,3.5588,-0.2717,0.0000,-0.0000,0.0000,0.0000
2026-06-06 17:07:33.350,0,2,2,0.00,-0.8999,0.8991,3.6486,-0.2786,0.0000,-0.0000,0.0000,0.0000
2026-06-06 17:07:33.450,0,2,2,0.00,-0.8937,0.8888,3.7374,-0.2854,0.0000,-0.0000,0.0000,0.0000
2026-06-06 17:07:33.550,0,2,2,0.00,-0.8985,0.8878,3.8262,-0.2924,0.0000,-0.0000,0.0000,0.0000
2026-06-06 17:07:33.650,0,1,2,0.00,-0.9041,0.8968,3.9088,-0.2991,0.0000,-0.0000,0.0000,0.0000
2026-06-06 17:07:33.750,0,2,2,0.00,-0.9018,0.8905,4.0053,-0.3071,0.0000,-0.0000,0.0000,0.0000
2026-06-06 17:07:33.851,0,1,2,0.00,-0.9026,0.9187,4.0932,-0.3143,0.0000,-0.0000,0.0000,0.0000
2026-06-06 17:07:33.950,0,2,2,0.00,-0.9006,0.9080,4.1862,-0.3217,0.0000,-0.0000,0.0000,0.0000
2026-06-06 17:07:34.050,0,2,2,0.00,-0.9002,0.9069,4.2762,-0.3288,0.0000,-0.0000,0.0000,0.0000
2026-06-06 17:07:34.150,0,2,2,0.00,-0.8954,0.9037,4.3659,-0.3358,0.0000,-0.0000,0.0000,0.0000
2026-06-06 17:07:34.250,0,2,2,0.00,-0.8917,0.8955,4.4550,-0.3426,0.0000,-0.0000,0.0000,0.0000
2026-06-06 17:07:34.350,0,2,2,0.00,-0.8997,0.8963,4.5445,-0.3494,0.0000,-0.0000,0.0000,0.0000
2026-06-06 17:07:34.450,0,2,2,0.00,-0.9063,0.9050,4.6349,-0.3563,0.0000,-0.0000,0.0000,0.0000
2026-06-06 17:07:34.550,0,2,2,0.00,-0.9020,0.9046,4.7250,-0.3633,0.0000,-0.0000,0.0000,0.0000
2026-06-06 17:07:34.651,0,2,2,0.00,-0.9018,0.9039,4.8150,-0.3701,0.0000,-0.0000,0.0000,0.0000
2026-06-06 17:07:34.750,0,2,2,0.00,-0.9015,0.9049,4.9048,-0.3769,0.0000,-0.0000,0.0000,0.0000
2026-06-06 17:07:34.850,0,2,2,0.00,-0.8933,0.8882,4.9944,-0.3837,0.0000,-0.0000,0.0000,0.0000
2026-06-06 17:07:34.950,0,2,2,0.00,-0.9032,0.9070,5.0847,-0.3904,0.0000,-0.0000,0.0000,0.0000
2026-06-06 17:07:35.050,0,2,2,0.00,-0.9006,0.8851,5.1751,-0.3971,0.0000,-0.0000,0.0000,0.0000
2026-06-06 17:07:35.150,0,2,2,0.00,-0.9063,0.9086,5.2646,-0.4038,0.0000,-0.0000,0.0000,0.0000
2026-06-06 17:07:35.250,0,2,2,0.00,-0.9016,0.9002,5.3544,-0.4104,0.0000,-0.0000,0.0000,0.0000
2026-06-06 17:07:35.350,0,2,2,0.00,-0.9015,0.8977,5.4442,-0.4171,0.0000,-0.0000,0.0000,0.0000
2026-06-06 17:07:35.450,0,1,2,0.00,-0.8991,0.8995,5.5259,-0.4232,0.0000,-0.0000,0.0000,0.0000
2026-06-06 17:07:35.550,0,2,2,0.00,-0.8913,0.8816,5.6222,-0.4305,0.0000,-0.0000,0.0000,0.0000
2026-06-06 17:07:35.650,0,2,2,0.00,-0.9019,0.9043,5.7166,-0.4377,0.0000,-0.0000,0.0000,0.0000
2026-06-06 17:07:35.750,0,1,2,0.00,-0.9029,0.9043,5.7951,-0.4437,0.0000,-0.0000,0.0000,0.0000
2026-06-06 17:07:35.850,0,2,2,0.00,-0.9045,0.9022,5.8933,-0.4512,0.0000,-0.0000,0.0000,0.0000
2026-06-06 17:07:35.950,0,2,2,0.00,-0.8974,0.8957,5.9820,-0.4580,0.0000,-0.0000,0.0000,0.0000
2026-06-06 17:07:36.050,0,2,2,0.00,-0.9014,0.8999,6.0718,-0.4648,0.0000,-0.0000,0.0000,0.0000
2026-06-06 17:07:36.150,0,2,2,0.00,-0.8967,0.8973,6.1612,-0.4716,0.0000,-0.0000,0.0000,0.0000
2026-06-06 17:07:36.250,0,2,2,0.00,-0.8948,0.8963,6.2504,-0.4784,0.0000,-0.0000,0.0000,0.0000
2026-06-06 17:07:36.350,0,2,2,0.00,-0.9033,0.9035,6.3436,-0.4855,0.0000,-0.0000,0.0000,0.0000
2026-06-06 17:07:36.450,0,2,2,0.00,-0.9062,0.9115,6.4305,-0.4921,0.0000,-0.0000,0.0000,0.0000
2026-06-06 17:07:36.550,0,2,2,0.00,-0.9035,0.9023,6.5206,-0.4989,0.0000,-0.0000,0.0000,0.0000
2026-06-06 17:07:36.650,0,2,2,0.00,-0.9002,0.9024,6.6105,-0.5056,0.0000,-0.0000,0.0000,0.0000
2026-06-06 17:07:36.750,0,2,2,0.00,-0.8986,0.8961,6.7000,-0.5124,0.0000,-0.0000,0.0000,0.0000
2026-06-06 17:07:36.850,0,2,2,0.00,-0.8905,0.8820,6.7895,-0.5191,0.0000,-0.0000,0.0000,0.0000
2026-06-06 17:07:36.950,0,2,2,0.00,-0.9020,0.8986,6.8784,-0.5258,0.0000,-0.0000,0.0000,0.0000
2026-06-06 17:07:37.050,0,2,2,0.00,-0.9016,0.8998,6.9683,-0.5327,0.0000,-0.0000,0.0000,0.0000
2026-06-06 17:07:37.150,0,2,2,0.00,-0.9063,0.9125,7.0590,-0.5396,0.0000,-0.0000,0.0000,0.0000
2026-06-06 17:07:37.250,0,2,2,0.00,-0.9033,0.8944,7.1486,-0.5465,0.0000,-0.0000,0.0000,0.0000
2026-06-06 17:07:37.350,0,2,2,0.00,-0.8985,0.9054,7.2381,-0.5534,0.0000,-0.0000,0.0000,0.0000
2026-06-06 17:07:37.450,0,2,2,0.00,-0.9026,0.9019,7.3282,-0.5604,0.0000,-0.0000,0.0000,0.0000
2026-06-06 17:07:37.550,0,2,2,0.00,-0.8892,0.8760,7.4166,-0.5672,0.0000,-0.0000,0.0000,0.0000
2026-06-06 17:07:37.650,0,2,2,0.00,-0.9016,0.9048,7.5071,-0.5743,0.0000,-0.0000,0.0000,0.0000
2026-06-06 17:07:37.750,0,2,2,0.00,-0.8978,0.8968,7.5959,-0.5813,0.0000,-0.0000,0.0000,0.0000
2026-06-06 17:07:37.850,0,2,2,0.00,-0.9048,0.9057,7.6860,-0.5885,0.0000,-0.0000,0.0000,0.0000
2026-06-06 17:07:37.950,0,2,2,0.00,-0.9033,0.9044,7.7761,-0.5956,0.0000,-0.0000,0.0000,0.0000
2026-06-06 17:07:38.050,0,2,2,0.00,-0.9027,0.9053,7.8662,-0.6027,0.0000,-0.0000,0.0000,0.0000
2026-06-06 17:07:38.150,0,2,2,0.00,-0.8991,0.8916,7.9584,-0.6099,0.0000,-0.0000,0.0000,0.0000
2026-06-06 17:07:38.250,0,2,2,0.00,-0.8909,0.8878,8.0443,-0.6168,0.0000,-0.0000,0.0000,0.0000
2026-06-06 17:07:38.350,0,2,2,0.00,-0.8988,0.9006,8.1341,-0.6239,0.0000,-0.0000,0.0000,0.0000
2026-06-06 17:07:38.450,0,2,2,0.00,-0.9007,0.9079,8.2241,-0.6310,0.0000,-0.0000,0.0000,0.0000
2026-06-06 17:07:38.550,0,2,2,0.00,-0.9041,0.9065,8.3142,-0.6380,0.0000,-0.0000,0.0000,0.0000
2026-06-06 17:07:38.650,0,2,2,0.00,-0.9016,0.8988,8.4039,-0.6450,0.0000,-0.0000,0.0000,0.0000
2026-06-06 17:07:38.750,0,2,2,0.00,-0.8993,0.9011,8.4934,-0.6520,0.0000,-0.0000,0.0000,0.0000
2026-06-06 17:07:38.850,0,2,2,0.00,-0.9005,0.8931,8.5831,-0.6590,0.0000,-0.0000,0.0000,0.0000
2026-06-06 17:07:38.950,0,2,2,0.00,-0.8976,0.8895,8.6722,-0.6661,0.0000,-0.0000,0.0000,0.0000
2026-06-06 17:07:39.050,0,2,2,0.00,-0.8973,0.8961,8.7616,-0.6732,0.0000,-0.0000,0.0000,0.0000
2026-06-06 17:07:39.150,0,2,2,0.00,-0.9058,0.9188,8.8525,-0.6804,0.0000,-0.0000,0.0000,0.0000
2026-06-06 17:07:39.250,0,2,2,0.00,-0.9014,0.8871,8.9463,-0.6877,0.0000,-0.0000,0.0000,0.0000
2026-06-06 17:07:39.350,0,1,2,0.00,-0.9011,0.8871,9.0263,-0.6940,0.0000,-0.0000,0.0000,0.0000
2026-06-06 17:07:39.450,0,2,2,0.00,-0.8997,0.9033,9.1215,-0.7016,0.0000,-0.0000,0.0000,0.0000
2026-06-06 17:07:39.550,0,2,2,0.00,-0.8943,0.8882,9.2240,-0.7098,0.0000,-0.0000,0.0000,0.0000
2026-06-06 17:07:39.650,0,1,2,0.00,-0.8919,0.8724,9.2927,-0.7154,0.0000,-0.0000,0.0000,0.0000
2026-06-06 17:07:39.750,0,2,2,0.00,-0.8392,0.8294,9.3816,-0.7228,0.0000,-0.0000,0.0000,0.0000
2026-06-06 17:07:39.850,0,2,2,0.00,-0.7697,0.7935,9.4608,-0.7295,0.0000,-0.0000,0.0000,0.0000
2026-06-06 17:07:39.950,0,1,2,0.00,-0.7697,0.7935,9.5410,-0.7360,0.0000,-0.0000,0.0000,0.0000
2026-06-06 17:07:40.050,0,2,2,0.00,-0.6609,0.6627,9.6043,-0.7410,0.0000,-0.0000,0.0000,0.0000
2026-06-06 17:07:40.150,0,2,2,0.00,-0.5890,0.5976,9.6635,-0.7456,0.0000,-0.0000,0.0000,0.0000
2026-06-06 17:07:40.250,0,2,2,0.00,-0.5262,0.5317,9.7162,-0.7497,0.0000,-0.0000,0.0000,0.0000
2026-06-06 17:07:40.350,0,2,2,0.00,-0.4515,0.4389,9.7606,-0.7531,0.0000,-0.0000,0.0000,0.0000
2026-06-06 17:07:40.450,0,2,2,0.00,-0.3875,0.3666,9.7982,-0.7561,0.0000,-0.0000,0.0000,0.0000
2026-06-06 17:07:40.550,0,2,2,0.00,-0.3396,0.3115,9.8307,-0.7589,0.0000,-0.0000,0.0000,0.0000
2026-06-06 17:07:40.651,0,2,2,0.00,-0.2801,0.2453,9.8598,-0.7615,0.0000,-0.0000,0.0000,0.0000
2026-06-06 17:07:40.750,0,2,2,0.00,-0.2262,0.1920,9.8806,-0.7635,0.0000,-0.0000,0.0000,0.0000
2026-06-06 17:07:40.850,0,2,2,0.00,-0.1287,0.0969,9.8968,-0.7651,0.0000,-0.0000,0.0000,0.0000
2026-06-06 17:07:40.950,0,1,2,0.00,-0.1287,0.0969,9.9071,-0.7663,0.0000,-0.0000,0.0000,0.0000
2026-06-06 17:07:41.050,0,2,2,0.00,-0.0026,0.0001,9.9093,-0.7665,0.0000,-0.0000,0.0000,0.0000
2026-06-06 17:07:41.150,0,2,2,0.00,0.0008,-0.0009,9.9093,-0.7665,0.0000,-0.0000,0.0000,0.0000
2026-06-06 17:07:41.250,0,2,2,0.00,0.0041,-0.0144,9.9089,-0.7665,0.0000,-0.0000,0.0000,0.0000
2026-06-06 17:07:41.350,0,2,2,0.00,0.0018,-0.0092,9.9081,-0.7664,0.0000,-0.0000,0.0000,0.0000
2026-06-06 17:07:41.450,0,1,2,0.00,0.0001,-0.0034,9.9080,-0.7664,0.0000,-0.0000,0.0000,0.0000
2026-06-06 17:07:41.550,0,2,2,0.00,0.0000,0.0000,9.9079,-0.7664,0.0000,-0.0000,0.0000,0.0000
2026-06-06 17:07:41.650,0,1,2,0.00,0.0000,0.0004,9.9079,-0.7664,0.0000,-0.0000,0.0000,0.0000
2026-06-06 17:07:41.750,0,2,2,0.00,0.0224,-0.0008,9.9074,-0.7663,0.0000,-0.0000,0.0000,0.0000
2026-06-06 17:07:41.850,0,2,2,0.00,0.0492,-0.0253,9.9043,-0.7660,0.0000,-0.0000,0.0000,0.0000
2026-06-06 17:07:41.950,0,2,2,0.00,0.0792,-0.0543,9.8983,-0.7653,0.0000,-0.0000,0.0000,0.0000
2026-06-06 17:07:42.050,0,2,2,0.00,0.1156,-0.0885,9.8887,-0.7644,0.0000,-0.0000,0.0000,0.0000
2026-06-06 17:07:42.150,0,1,2,0.00,0.1546,-0.1246,9.8761,-0.7632,0.0000,-0.0000,0.0000,0.0000
2026-06-06 17:07:42.250,0,2,2,0.00,0.1872,-0.1613,9.8586,-0.7617,0.0000,-0.0000,0.0000,0.0000
2026-06-06 17:07:42.350,0,1,2,0.00,0.2178,-0.1859,9.8380,-0.7601,0.0000,-0.0000,0.0000,0.0000
2026-06-06 17:07:42.450,0,2,2,0.00,0.2467,-0.2106,9.8165,-0.7586,0.0000,-0.0000,0.0000,0.0000
2026-06-06 17:07:42.550,0,2,2,0.00,0.2738,-0.2348,9.7913,-0.7569,0.0000,-0.0000,0.0000,0.0000
2026-06-06 17:07:42.650,0,2,2,0.00,0.3002,-0.2714,9.7634,-0.7553,0.0000,-0.0000,0.0000,0.0000
2026-06-06 17:07:42.750,0,2,2,0.00,0.3343,-0.3235,9.7315,-0.7535,0.0000,-0.0000,0.0000,0.0000
2026-06-06 17:07:42.850,0,2,2,0.00,0.3699,-0.3697,9.6956,-0.7516,0.0000,-0.0000,0.0000,0.0000
2026-06-06 17:07:42.950,0,2,2,0.00,0.4074,-0.4147,9.6529,-0.7494,0.0000,-0.0000,0.0000,0.0000
2026-06-06 17:07:43.050,0,2,2,0.00,0.4392,-0.4222,9.6123,-0.7473,0.0000,-0.0000,0.0000,0.0000
2026-06-06 17:07:43.150,0,2,2,0.00,0.4711,-0.5481,9.5632,-0.7445,0.0000,-0.0000,0.0000,0.0000
2026-06-06 17:07:43.250,0,2,2,0.00,0.4924,-0.4828,9.5140,-0.7413,0.0000,-0.0000,0.0000,0.0000
2026-06-06 17:07:43.350,0,2,2,0.00,0.5243,-0.4972,9.4639,-0.7382,0.0000,-0.0000,0.0000,0.0000
2026-06-06 17:07:43.450,0,2,2,0.00,0.5673,-0.5431,9.4089,-0.7350,0.0000,-0.0000,0.0000,0.0000
2026-06-06 17:07:43.550,0,2,2,0.00,0.6015,-0.5817,9.3503,-0.7319,0.0000,-0.0000,0.0000,0.0000
2026-06-06 17:07:43.650,0,2,2,0.00,0.6274,-0.6222,9.2887,-0.7287,0.0000,-0.0000,0.0000,0.0000
2026-06-06 17:07:43.750,0,2,2,0.00,0.6537,-0.6315,9.2245,-0.7256,0.0000,-0.0000,0.0000,0.0000
2026-06-06 17:07:43.850,0,2,2,0.00,0.6825,-0.6669,9.1580,-0.7225,0.0000,-0.0000,0.0000,0.0000
2026-06-06 17:07:43.950,0,2,2,0.00,0.7162,-0.6874,9.0881,-0.7196,0.0000,-0.0000,0.0000,0.0000
2026-06-06 17:07:44.050,0,2,2,0.00,0.7474,-0.7379,9.0148,-0.7168,0.0000,-0.0000,0.0000,0.0000
2026-06-06 17:07:44.150,0,2,2,0.00,0.7724,-0.7642,8.9366,-0.7136,0.0000,-0.0000,0.0000,0.0000
2026-06-06 17:07:44.250,0,2,2,0.00,0.8103,-0.7883,8.8576,-0.7104,0.0000,-0.0000,0.0000,0.0000
2026-06-06 17:07:44.350,0,2,2,0.00,0.8484,-0.8183,8.7750,-0.7074,0.0000,-0.0000,0.0000,0.0000
2026-06-06 17:07:44.450,0,2,2,0.00,0.8876,-0.8577,8.6884,-0.7047,0.0000,-0.0000,0.0000,0.0000
2026-06-06 17:07:44.550,0,2,2,0.00,0.9009,-0.9012,8.5986,-0.7022,0.0000,-0.0000,0.0000,0.0000
2026-06-06 17:07:44.650,0,2,2,0.00,0.9015,-0.9060,8.5086,-0.6996,0.0000,-0.0000,0.0000,0.0000
2026-06-06 17:07:44.750,0,2,2,0.00,0.9062,-0.9014,8.4184,-0.6969,0.0000,-0.0000,0.0000,0.0000
2026-06-06 17:07:44.850,0,2,2,0.00,0.9023,-0.9145,8.3277,-0.6943,0.0000,-0.0000,0.0000,0.0000
2026-06-06 17:07:44.950,0,2,2,0.00,0.8995,-0.9314,8.2361,-0.6913,0.0000,-0.0000,0.0000,0.0000
2026-06-06 17:07:45.050,0,2,2,0.00,0.9012,-0.9315,8.1447,-0.6878,0.0000,-0.0000,0.0000,0.0000
2026-06-06 17:07:45.150,0,2,2,0.00,0.8995,-0.9259,8.0533,-0.6839,0.0000,-0.0000,0.0000,0.0000
2026-06-06 17:07:45.250,0,2,2,0.00,0.8955,-0.9198,7.9625,-0.6795,0.0000,-0.0000,0.0000,0.0000
2026-06-06 17:07:45.350,0,2,2,0.00,0.9029,-0.9082,7.8720,-0.6749,0.0000,-0.0000,0.0000,0.0000
2026-06-06 17:07:45.450,0,2,2,0.00,0.9009,-0.8732,7.7828,-0.6704,0.0000,-0.0000,0.0000,0.0000
2026-06-06 17:07:45.550,0,2,2,0.00,0.8972,-0.8893,7.6938,-0.6662,0.0000,-0.0000,0.0000,0.0000
2026-06-06 17:07:45.650,0,1,2,0.00,0.8973,-0.9001,7.6282,-0.6632,0.0000,-0.0000,0.0000,0.0000
2026-06-06 17:07:45.750,0,2,2,0.00,0.8978,-0.8912,7.5150,-0.6580,0.0000,-0.0000,0.0000,0.0000
2026-06-06 17:07:45.850,0,2,2,0.00,0.9031,-0.9026,7.4245,-0.6539,0.0000,-0.0000,0.0000,0.0000
2026-06-06 17:07:45.950,0,1,2,0.00,0.8963,-0.9033,7.3362,-0.6498,0.0000,-0.0000,0.0000,0.0000
2026-06-06 17:07:46.050,0,2,2,0.00,0.9053,-0.8986,7.2446,-0.6455,0.0000,-0.0000,0.0000,0.0000
2026-06-06 17:07:46.150,0,2,2,0.00,0.9028,-0.8917,7.1549,-0.6414,0.0000,-0.0000,0.0000,0.0000
2026-06-06 17:07:46.250,0,2,2,0.00,0.8946,-0.8972,7.0651,-0.6375,0.0000,-0.0000,0.0000,0.0000
2026-06-06 17:07:46.350,0,2,2,0.00,0.9002,-0.9138,6.9750,-0.6336,0.0000,-0.0000,0.0000,0.0000
2026-06-06 17:07:46.450,0,2,2,0.00,0.9016,-0.9019,6.8847,-0.6295,0.0000,-0.0000,0.0000,0.0000
2026-06-06 17:07:46.550,0,2,2,0.00,0.8982,-0.9001,6.7936,-0.6252,0.0000,-0.0000,0.0000,0.0000
2026-06-06 17:07:46.650,0,2,2,0.00,0.8978,-0.9101,6.7049,-0.6210,0.0000,-0.0000,0.0000,0.0000
2026-06-06 17:07:46.750,0,2,2,0.00,0.9011,-0.8985,6.6150,-0.6166,0.0000,-0.0000,0.0000,0.0000
2026-06-06 17:07:46.851,0,2,2,0.00,0.9075,-0.8904,6.5233,-0.6122,0.0000,-0.0000,0.0000,0.0000
2026-06-06 17:07:46.950,0,2,2,0.00,0.8950,-0.8988,6.4353,-0.6082,0.0000,-0.0000,0.0000,0.0000
2026-06-06 17:07:47.065,0,2,2,0.00,0.8957,-0.9033,6.3454,-0.6040,0.0000,-0.0000,0.0000,0.0000
2026-06-06 17:07:47.150,0,2,2,0.00,0.9015,-0.9103,6.2554,-0.5997,0.0000,-0.0000,0.0000,0.0000
2026-06-06 17:07:47.250,0,2,2,0.00,0.9009,-0.9020,6.1652,-0.5953,0.0000,-0.0000,0.0000,0.0000
2026-06-06 17:07:47.350,0,2,2,0.00,0.8986,-0.8991,6.0757,-0.5910,0.0000,-0.0000,0.0000,0.0000
2026-06-06 17:07:47.450,0,2,2,0.00,0.9027,-0.8908,5.9863,-0.5869,0.0000,-0.0000,0.0000,0.0000
2026-06-06 17:07:47.550,0,2,2,0.00,0.9056,-0.8795,5.8968,-0.5829,0.0000,-0.0000,0.0000,0.0000
2026-06-06 17:07:47.650,0,2,2,0.00,0.8938,-0.8968,5.8075,-0.5793,0.0000,-0.0000,0.0000,0.0000
2026-06-06 17:07:47.750,0,2,2,0.00,0.8963,-0.9074,5.7175,-0.5755,0.0000,-0.0000,0.0000,0.0000
2026-06-06 17:07:47.850,0,2,2,0.00,0.8956,-0.9015,5.6277,-0.5716,0.0000,-0.0000,0.0000,0.0000
2026-06-06 17:07:47.950,0,2,2,0.00,0.8796,-0.8906,5.5389,-0.5676,0.0000,-0.0000,0.0000,0.0000
2026-06-06 17:07:48.050,0,2,2,0.00,0.8159,-0.8460,5.4545,-0.5635,0.0000,-0.0000,0.0000,0.0000
2026-06-06 17:07:48.150,0,2,2,0.00,0.7593,-0.7995,5.3763,-0.5593,0.0000,-0.0000,0.0000,0.0000
2026-06-06 17:07:48.250,0,2,2,0.00,0.6995,-0.7438,5.3001,-0.5547,0.0000,-0.0000,0.0000,0.0000
2026-06-06 17:07:48.350,0,2,2,0.00,0.6259,-0.6631,5.2348,-0.5503,0.0000,-0.0000,0.0000,0.0000
2026-06-06 17:07:48.450,0,2,2,0.00,0.5675,-0.5995,5.1753,-0.5458,0.0000,-0.0000,0.0000,0.0000
2026-06-06 17:07:48.550,0,2,2,0.00,0.4902,-0.5197,5.1236,-0.5417,0.0000,-0.0000,0.0000,0.0000
2026-06-06 17:07:48.650,0,2,2,0.00,0.4358,-0.4638,5.0766,-0.5376,0.0000,-0.0000,0.0000,0.0000
2026-06-06 17:07:48.750,0,2,2,0.00,0.3623,-0.3817,5.0378,-0.5340,0.0000,-0.0000,0.0000,0.0000
2026-06-06 17:07:48.850,0,2,2,0.00,0.3084,-0.3219,5.0056,-0.5309,0.0000,-0.0000,0.0000,0.0000
2026-06-06 17:07:48.950,0,2,2,0.00,0.2426,-0.2581,4.9795,-0.5283,0.0000,-0.0000,0.0000,0.0000
2026-06-06 17:07:49.050,0,1,2,0.00,0.1916,-0.1935,4.9619,-0.5266,0.0000,-0.0000,0.0000,0.0000
2026-06-06 17:07:49.150,0,2,2,0.00,0.2157,-0.1941,4.9361,-0.5240,0.0000,-0.0000,0.0000,0.0000
2026-06-06 17:07:49.250,0,2,2,0.00,0.1758,-0.1549,4.9224,-0.5227,0.0000,-0.0000,0.0000,0.0000
2026-06-06 17:07:49.350,0,2,2,0.00,0.1278,-0.1088,4.9089,-0.5214,0.0000,-0.0000,0.0000,0.0000
2026-06-06 17:07:49.450,0,2,2,0.00,0.1552,-0.1246,4.8966,-0.5203,0.0000,-0.0000,0.0000,0.0000
2026-06-06 17:07:49.550,0,2,2,0.00,0.1827,-0.1439,4.8807,-0.5189,0.0000,-0.0000,0.0000,0.0000
2026-06-06 17:07:49.650,0,2,2,0.00,0.2079,-0.1473,4.8633,-0.5176,0.0000,-0.0000,0.0000,0.0000
2026-06-06 17:07:49.750,0,2,2,0.00,0.2495,-0.1799,4.8422,-0.5161,0.0000,-0.0000,0.0000,0.0000
2026-06-06 17:07:49.850,0,2,2,0.00,0.2884,-0.2034,4.8189,-0.5149,0.0000,-0.0000,0.0000,0.0000
2026-06-06 17:07:49.950,0,2,2,0.00,0.3235,-0.2767,4.7913,-0.5138,0.0000,-0.0000,0.0000,0.0000
2026-06-06 17:07:50.050,0,2,2,0.00,0.3560,-0.3080,4.7596,-0.5130,0.0000,-0.0000,0.0000,0.0000
2026-06-06 17:07:50.150,0,2,2,0.00,0.3767,-0.3415,4.7244,-0.5125,0.0000,-0.0000,0.0000,0.0000
2026-06-06 17:07:50.250,0,2,2,0.00,0.4131,-0.3903,4.6864,-0.5122,0.0000,-0.0000,0.0000,0.0000
2026-06-06 17:07:50.350,0,2,2,0.00,0.4384,-0.4097,4.6449,-0.5122,0.0000,-0.0000,0.0000,0.0000
2026-06-06 17:07:50.450,0,1,2,0.00,0.4630,-0.4415,4.6014,-0.5124,0.0000,-0.0000,0.0000,0.0000
2026-06-06 17:07:50.550,0,2,2,0.00,0.5047,-0.4630,4.5350,-0.5132,0.0000,-0.0000,0.0000,0.0000
2026-06-06 17:07:50.650,0,2,2,0.00,0.4786,-0.5940,4.5027,-0.5138,0.0000,-0.0000,0.0000,0.0000
2026-06-06 17:07:50.750,0,2,2,0.00,0.4239,-0.4542,4.4548,-0.5140,0.0000,-0.0000,0.0000,0.0000
2026-06-06 17:07:50.850,0,2,2,0.00,0.3585,-0.4254,4.4149,-0.5138,0.0000,-0.0000,0.0000,0.0000
2026-06-06 17:07:50.950,0,2,2,0.00,0.3173,-0.3382,4.3821,-0.5134,0.0000,-0.0000,0.0000,0.0000
2026-06-06 17:07:51.050,0,2,2,0.00,0.2424,-0.3039,4.3548,-0.5129,0.0000,-0.0000,0.0000,0.0000
2026-06-06 17:07:51.150,0,2,2,0.00,0.1590,-0.2135,4.3356,-0.5124,0.0000,-0.0000,0.0000,0.0000
2026-06-06 17:07:51.250,0,2,2,0.00,0.0975,-0.1348,4.3235,-0.5120,0.0000,-0.0000,0.0000,0.0000
2026-06-06 17:07:51.350,0,2,2,0.00,0.0589,-0.0716,4.3170,-0.5117,0.0000,-0.0000,0.0000,0.0000
2026-06-06 17:07:51.450,0,2,2,0.00,0.0762,-0.0268,4.3110,-0.5115,0.0000,-0.0000,0.0000,0.0000
2026-06-06 17:07:51.550,0,1,2,0.00,0.1136,0.0017,4.3057,-0.5113,0.0000,-0.0000,0.0000,0.0000
2026-06-06 17:07:51.650,0,2,2,0.00,0.0565,0.0051,4.3026,-0.5113,0.0000,-0.0000,0.0000,0.0000
2026-06-06 17:07:51.750,0,2,2,0.00,0.0325,0.0007,4.3006,-0.5113,0.0000,-0.0000,0.0000,0.0000
2026-06-06 17:07:51.850,0,2,2,0.00,-0.0017,-0.0119,4.3005,-0.5113,0.0000,-0.0000,0.0000,0.0000
2026-06-06 17:07:51.950,0,2,2,0.00,-0.0458,-0.0399,4.3002,-0.5113,0.0000,-0.0000,0.0000,0.0000
2026-06-06 17:07:52.053,0,2,2,0.00,-0.0686,-0.0508,4.3004,-0.5113,0.0000,-0.0000,0.0000,0.0000
2026-06-06 17:07:52.150,0,2,2,0.00,-0.0933,-0.0538,4.3024,-0.5114,0.0000,-0.0000,0.0000,0.0000
2026-06-06 17:07:52.250,0,2,2,0.00,-0.1427,-0.0937,4.3048,-0.5115,0.0000,-0.0000,0.0000,0.0000
2026-06-06 17:07:52.351,0,2,2,0.00,-0.1717,-0.1168,4.3075,-0.5118,0.0000,-0.0000,0.0000,0.0000
2026-06-06 17:07:52.450,0,2,2,0.00,-0.1935,-0.1974,4.3081,-0.5119,0.0000,-0.0000,0.0000,0.0000
2026-06-06 17:07:52.550,0,2,2,0.00,-0.1292,-0.2089,4.3051,-0.5112,0.0000,-0.0000,0.0000,0.0000
2026-06-06 17:07:52.650,0,2,2,0.00,-0.0730,-0.1721,4.3014,-0.5100,0.0000,-0.0000,0.0000,0.0000
2026-06-06 17:07:52.750,0,2,2,0.00,-0.0266,-0.1287,4.2965,-0.5083,0.0000,-0.0000,0.0000,0.0000
2026-06-06 17:07:52.850,0,2,2,0.00,0.0001,-0.0571,4.2933,-0.5071,0.0000,-0.0000,0.0000,0.0000
2026-06-06 17:07:52.950,0,2,2,0.00,0.0128,-0.0205,4.2918,-0.5066,0.0000,-0.0000,0.0000,0.0000
2026-06-06 17:07:53.050,0,2,2,0.00,0.0063,-0.0013,4.2914,-0.5064,0.0000,-0.0000,0.0000,0.0000
2026-06-06 17:07:53.150,0,2,2,0.00,0.0071,0.0089,4.2916,-0.5065,0.0000,-0.0000,0.0000,0.0000
2026-06-06 17:07:53.250,0,2,2,0.00,0.0242,0.0123,4.2915,-0.5064,0.0000,-0.0000,0.0000,0.0000
2026-06-06 17:07:53.350,0,2,2,0.00,0.0452,-0.0080,4.2895,-0.5057,0.0000,-0.0000,0.0000,0.0000
2026-06-06 17:07:53.450,0,1,2,0.00,0.0877,-0.0339,4.2839,-0.5036,0.0000,-0.0000,0.0000,0.0000
2026-06-06 17:07:53.550,0,2,2,0.00,0.1246,-0.0613,4.2752,-0.5005,0.0000,-0.0000,0.0000,0.0000
2026-06-06 17:07:53.650,0,2,2,0.00,0.1575,-0.1190,4.2629,-0.4963,0.0000,-0.0000,0.0000,0.0000
2026-06-06 17:07:53.750,0,1,2,0.00,0.1575,-0.1190,4.2468,-0.4909,0.0000,-0.0000,0.0000,0.0000
2026-06-06 17:07:53.850,0,1,2,0.00,0.2211,-0.2003,4.2332,-0.4864,0.0000,-0.0000,0.0000,0.0000
2026-06-06 17:07:53.950,0,1,2,0.00,0.2234,-0.2041,4.2120,-0.4795,0.0000,-0.0000,0.0000,0.0000
2026-06-06 17:07:54.050,0,1,2,0.00,0.2833,-0.2661,4.1864,-0.4712,0.0000,-0.0000,0.0000,0.0000
2026-06-06 17:07:54.150,0,1,2,0.00,0.3166,-0.2978,4.1525,-0.4603,0.0000,-0.0000,0.0000,0.0000
2026-06-06 17:07:54.250,0,2,2,0.00,0.3452,-0.3148,4.1240,-0.4513,0.0000,-0.0000,0.0000,0.0000
2026-06-06 17:07:54.350,0,2,2,0.00,0.3845,-0.3563,4.0911,-0.4412,0.0000,-0.0000,0.0000,0.0000
2026-06-06 17:07:54.450,0,1,2,0.00,0.4121,-0.3848,4.0534,-0.4297,0.0000,-0.0000,0.0000,0.0000
2026-06-06 17:07:54.550,0,2,2,0.00,0.4375,-0.4038,4.0139,-0.4179,0.0000,-0.0000,0.0000,0.0000
2026-06-06 17:07:54.650,0,2,2,0.00,0.4710,-0.4155,3.9716,-0.4056,0.0000,-0.0000,0.0000,0.0000
2026-06-06 17:07:54.750,0,2,2,0.00,0.5011,-0.4828,3.9253,-0.3925,0.0000,-0.0000,0.0000,0.0000
2026-06-06 17:07:54.850,0,2,2,0.00,0.5301,-0.6305,3.8731,-0.3777,0.0000,-0.0000,0.0000,0.0000
2026-06-06 17:07:54.950,0,2,2,0.00,0.5493,-0.5461,3.8206,-0.3627,0.0000,-0.0000,0.0000,0.0000
2026-06-06 17:07:55.050,0,2,2,0.00,0.5961,-0.5733,3.7648,-0.3468,0.0000,-0.0000,0.0000,0.0000
2026-06-06 17:07:55.150,0,2,2,0.00,0.6321,-0.5926,3.7063,-0.3305,0.0000,-0.0000,0.0000,0.0000
2026-06-06 17:07:55.250,0,2,2,0.00,0.6689,-0.6557,3.6428,-0.3130,0.0000,-0.0000,0.0000,0.0000
2026-06-06 17:07:55.350,0,2,2,0.00,0.6925,-0.6692,3.5775,-0.2951,0.0000,-0.0000,0.0000,0.0000
2026-06-06 17:07:55.450,0,2,2,0.00,0.7237,-0.6917,3.5095,-0.2768,0.0000,-0.0000,0.0000,0.0000
2026-06-06 17:07:55.550,0,1,2,0.00,0.7504,-0.8197,3.4549,-0.2620,0.0000,-0.0000,0.0000,0.0000
2026-06-06 17:07:55.650,0,2,2,0.00,0.7804,-0.7518,3.3606,-0.2363,0.0000,-0.0000,0.0000,0.0000
2026-06-06 17:07:55.750,0,2,2,0.00,0.8050,-0.7747,3.2848,-0.2160,0.0000,-0.0000,0.0000,0.0000
2026-06-06 17:07:55.850,0,2,2,0.00,0.8443,-0.7950,3.2059,-0.1954,0.0000,-0.0000,0.0000,0.0000
2026-06-06 17:07:55.950,0,2,2,0.00,0.8787,-0.8508,3.1227,-0.1742,0.0000,-0.0000,0.0000,0.0000
2026-06-06 17:07:56.050,0,2,2,0.00,0.9104,-0.9829,3.0312,-0.1504,0.0000,-0.0000,0.0000,0.0000
2026-06-06 17:07:56.150,0,2,2,0.00,0.9096,-0.9166,2.9414,-0.1261,0.0000,-0.0000,0.0000,0.0000
2026-06-06 17:07:56.250,0,1,2,0.00,0.9071,-0.9099,2.8774,-0.1086,0.0000,-0.0000,0.0000,0.0000
2026-06-06 17:07:56.350,0,2,2,0.00,0.8995,-0.9101,2.7664,-0.0781,0.0000,-0.0000,0.0000,0.0000
2026-06-06 17:07:56.450,0,2,2,0.00,0.9006,-0.9272,2.6790,-0.0539,0.0000,-0.0000,0.0000,0.0000
2026-06-06 17:07:56.550,0,1,2,0.00,0.8874,-0.9019,2.5920,-0.0295,0.0000,-0.0000,0.0000,0.0000
2026-06-06 17:07:56.650,0,2,2,0.00,0.8401,-0.8893,2.5093,-0.0058,0.0000,-0.0000,0.0000,0.0000
2026-06-06 17:07:56.750,0,2,2,0.00,0.7768,-0.8192,2.4311,0.0172,0.0000,-0.0000,0.0000,0.0000
2026-06-06 17:07:56.850,0,2,2,0.00,0.7264,-0.7819,2.3575,0.0398,0.0000,-0.0000,0.0000,0.0000
2026-06-06 17:07:56.950,0,2,2,0.00,0.6540,-0.7088,2.2912,0.0609,0.0000,-0.0000,0.0000,0.0000
2026-06-06 17:07:57.050,0,2,2,0.00,0.5870,-0.6510,2.2319,0.0804,0.0000,-0.0000,0.0000,0.0000
2026-06-06 17:07:57.150,0,2,2,0.00,0.5224,-0.5511,2.1794,0.0981,0.0000,-0.0000,0.0000,0.0000
2026-06-06 17:07:57.250,0,2,2,0.00,0.4555,-0.4786,2.1338,0.1138,0.0000,-0.0000,0.0000,0.0000
2026-06-06 17:07:57.350,0,2,2,0.00,0.3964,-0.4197,2.0938,0.1277,0.0000,-0.0000,0.0000,0.0000
2026-06-06 17:07:57.450,0,2,2,0.00,0.3279,-0.3435,2.0606,0.1394,0.0000,-0.0000,0.0000,0.0000
2026-06-06 17:07:57.550,0,2,2,0.00,0.2695,-0.2792,2.0340,0.1488,0.0000,-0.0000,0.0000,0.0000
2026-06-06 17:07:57.650,0,2,2,0.00,0.2068,-0.2225,2.0124,0.1565,0.0000,-0.0000,0.0000,0.0000
2026-06-06 17:07:57.750,0,2,2,0.00,0.1416,-0.1789,1.9966,0.1622,0.0000,-0.0000,0.0000,0.0000
2026-06-06 17:07:57.850,0,2,2,0.00,0.0822,-0.0952,1.9871,0.1657,0.0000,-0.0000,0.0000,0.0000
2026-06-06 17:07:57.950,0,2,2,0.00,0.0191,-0.0280,1.9838,0.1669,0.0000,-0.0000,0.0000,0.0000
2026-06-06 17:07:58.053,0,2,2,0.00,-0.0001,0.0035,1.9841,0.1668,0.0000,-0.0000,0.0000,0.0000
2026-06-06 17:07:58.150,0,2,2,0.00,-0.0034,0.0202,1.9847,0.1666,0.0000,-0.0000,0.0000,0.0000
2026-06-06 17:07:58.250,0,1,2,0.00,-0.0069,0.0154,1.9858,0.1662,0.0000,-0.0000,0.0000,0.0000
2026-06-06 17:07:58.350,0,2,2,0.00,0.0217,0.0046,1.9855,0.1663,0.0000,-0.0000,0.0000,0.0000
2026-06-06 17:07:58.450,0,2,2,0.00,0.0558,-0.0009,1.9831,0.1671,0.0000,-0.0000,0.0000,0.0000
2026-06-06 17:07:58.550,0,2,2,0.00,0.0768,-0.0254,1.9786,0.1687,0.0000,-0.0000,0.0000,0.0000
2026-06-06 17:07:58.650,0,1,2,0.00,0.1132,-0.0922,1.9675,0.1725,0.0000,-0.0000,0.0000,0.0000
2026-06-06 17:07:58.750,0,2,2,0.00,0.1228,-0.0997,1.9590,0.1753,0.0000,-0.0000,0.0000,0.0000
2026-06-06 17:07:58.850,0,2,2,0.00,0.1514,-0.1161,1.9468,0.1794,0.0000,-0.0000,0.0000,0.0000
2026-06-06 17:07:58.950,0,2,2,0.00,0.1762,-0.1613,1.9306,0.1847,0.0000,-0.0000,0.0000,0.0000
2026-06-06 17:07:59.050,0,2,2,0.00,0.1969,-0.1666,1.9141,0.1900,0.0000,-0.0000,0.0000,0.0000
2026-06-06 17:07:59.150,0,2,2,0.00,0.2314,-0.1901,1.8944,0.1963,0.0000,-0.0000,0.0000,0.0000
2026-06-06 17:07:59.250,0,2,2,0.00,0.2283,-0.2249,1.8725,0.2032,0.0000,-0.0000,0.0000,0.0000
2026-06-06 17:07:59.350,0,2,2,0.00,0.1669,-0.2151,1.8535,0.2092,0.0000,-0.0000,0.0000,0.0000
2026-06-06 17:07:59.450,0,2,2,0.00,0.1152,-0.1687,1.8387,0.2141,0.0000,-0.0000,0.0000,0.0000
2026-06-06 17:07:59.550,0,2,2,0.00,0.0343,-0.1211,1.8304,0.2169,0.0000,-0.0000,0.0000,0.0000
2026-06-06 17:07:59.650,0,2,2,0.00,-0.0005,-0.0699,1.8268,0.2182,0.0000,-0.0000,0.0000,0.0000
2026-06-06 17:07:59.750,0,2,2,0.00,-0.0403,-0.0003,1.8271,0.2181,0.0000,-0.0000,0.0000,0.0000
2026-06-06 17:07:59.850,0,2,2,0.00,-0.0789,0.0531,1.8326,0.2160,0.0000,-0.0000,0.0000,0.0000
2026-06-06 17:07:59.950,0,2,2,0.00,-0.1166,0.1059,1.8419,0.2125,0.0000,-0.0000,0.0000,0.0000
2026-06-06 17:08:00.050,0,1,2,0.00,-0.1469,0.1509,1.8562,0.2070,0.0000,-0.0000,0.0000,0.0000
2026-06-06 17:08:00.150,0,1,2,0.00,-0.0878,0.1001,1.8642,0.2040,0.0000,-0.0000,0.0000,0.0000
2026-06-06 17:08:00.250,0,2,2,0.00,-0.0242,0.0479,1.8692,0.2021,0.0000,-0.0000,0.0000,0.0000
2026-06-06 17:08:00.350,0,2,2,0.00,-0.0042,0.0614,1.8723,0.2009,0.0000,-0.0000,0.0000,0.0000
2026-06-06 17:08:00.450,0,2,2,0.00,-0.0024,0.0238,1.8741,0.2003,0.0000,-0.0000,0.0000,0.0000
2026-06-06 17:08:00.550,0,2,2,0.00,0.0025,0.0014,1.8745,0.2002,0.0000,-0.0000,0.0000,0.0000
2026-06-06 17:08:00.650,0,2,2,0.00,0.0378,-0.0361,1.8717,0.2012,0.0000,-0.0000,0.0000,0.0000
2026-06-06 17:08:00.750,0,2,2,0.00,0.0664,-0.0653,1.8659,0.2032,0.0000,-0.0000,0.0000,0.0000
2026-06-06 17:08:00.850,0,2,2,0.00,0.0899,-0.0825,1.8586,0.2058,0.0000,-0.0000,0.0000,0.0000
2026-06-06 17:08:00.950,0,2,2,0.00,0.1318,-0.1093,1.8475,0.2097,0.0000,-0.0000,0.0000,0.0000
2026-06-06 17:08:01.050,0,2,2,0.00,0.1762,-0.1367,1.8333,0.2146,0.0000,-0.0000,0.0000,0.0000
2026-06-06 17:08:01.150,0,2,2,0.00,0.2125,-0.1829,1.8158,0.2205,0.0000,-0.0000,0.0000,0.0000
2026-06-06 17:08:01.250,0,2,2,0.00,0.2389,-0.2190,1.7943,0.2276,0.0000,-0.0000,0.0000,0.0000
2026-06-06 17:08:01.350,0,2,2,0.00,0.2588,-0.2329,1.7716,0.2350,0.0000,-0.0000,0.0000,0.0000
2026-06-06 17:08:01.450,0,2,2,0.00,0.2930,-0.2766,1.7452,0.2436,0.0000,-0.0000,0.0000,0.0000
2026-06-06 17:08:01.550,0,2,2,0.00,0.3235,-0.2987,1.7161,0.2529,0.0000,-0.0000,0.0000,0.0000
2026-06-06 17:08:01.650,0,2,2,0.00,0.3598,-0.3334,1.6843,0.2628,0.0000,-0.0000,0.0000,0.0000
2026-06-06 17:08:01.750,0,2,2,0.00,0.3913,-0.3681,1.6486,0.2738,0.0000,-0.0000,0.0000,0.0000
2026-06-06 17:08:01.850,0,2,2,0.00,0.4194,-0.4034,1.6104,0.2853,0.0000,-0.0000,0.0000,0.0000
2026-06-06 17:08:01.950,0,2,2,0.00,0.4502,-0.4342,1.5686,0.2977,0.0000,-0.0000,0.0000,0.0000
2026-06-06 17:08:02.050,0,2,2,0.00,0.4817,-0.4350,1.5211,0.3116,0.0000,-0.0000,0.0000,0.0000
2026-06-06 17:08:02.150,0,2,2,0.00,0.5117,-0.6260,1.4760,0.3246,0.0000,-0.0000,0.0000,0.0000
2026-06-06 17:08:02.250,0,2,2,0.00,0.5396,-0.5093,1.4231,0.3403,0.0000,-0.0000,0.0000,0.0000
2026-06-06 17:08:02.350,0,2,2,0.00,0.5762,-0.5483,1.3699,0.3560,0.0000,-0.0000,0.0000,0.0000
2026-06-06 17:08:02.450,0,2,2,0.00,0.6160,-0.6048,1.3122,0.3728,0.0000,-0.0000,0.0000,0.0000
2026-06-06 17:08:02.550,0,2,2,0.00,0.6558,-0.6508,1.2503,0.3907,0.0000,-0.0000,0.0000,0.0000
2026-06-06 17:08:02.650,0,2,2,0.00,0.6309,-0.6576,1.1875,0.4089,0.0000,-0.0000,0.0000,0.0000
2026-06-06 17:08:02.750,0,2,2,0.00,0.5688,-0.6374,1.1290,0.4262,0.0000,-0.0000,0.0000,0.0000
2026-06-06 17:08:02.850,0,2,2,0.00,0.5286,-0.5746,1.0751,0.4427,0.0000,-0.0000,0.0000,0.0000
2026-06-06 17:08:02.950,0,2,2,0.00,0.4426,-0.5151,1.0285,0.4576,0.0000,-0.0000,0.0000,0.0000
2026-06-06 17:08:03.050,0,2,2,0.00,0.3796,-0.4472,0.9839,0.4725,0.0000,-0.0000,0.0000,0.0000
2026-06-06 17:08:03.150,0,2,2,0.00,0.3108,-0.3644,0.9513,0.4838,0.0000,-0.0000,0.0000,0.0000
2026-06-06 17:08:03.250,0,2,2,0.00,0.2431,-0.2907,0.9231,0.4940,0.0000,-0.0000,0.0000,0.0000
2026-06-06 17:08:03.350,0,2,2,0.00,0.1831,-0.2102,0.9031,0.5015,0.0000,-0.0000,0.0000,0.0000
2026-06-06 17:08:03.450,0,1,2,0.00,0.1831,-0.2102,0.8854,0.5081,0.0000,-0.0000,0.0000,0.0000
2026-06-06 17:08:03.550,0,2,2,0.00,0.0590,-0.0749,0.8777,0.5111,0.0000,-0.0000,0.0000,0.0000
2026-06-06 17:08:03.650,0,2,2,0.00,0.0018,-0.0088,0.8746,0.5123,0.0000,-0.0000,0.0000,0.0000
2026-06-06 17:08:03.750,0,2,2,0.00,-0.0003,0.0034,0.8743,0.5124,0.0000,-0.0000,0.0000,0.0000
2026-06-06 17:08:03.850,0,2,2,0.00,-0.0046,0.0225,0.8748,0.5122,0.0000,-0.0000,0.0000,0.0000
2026-06-06 17:08:03.950,0,2,2,0.00,-0.0047,0.0202,0.8761,0.5117,0.0000,-0.0000,0.0000,0.0000
2026-06-06 17:08:04.050,0,2,2,0.00,-0.0014,0.0232,0.8770,0.5114,0.0000,-0.0000,0.0000,0.0000
2026-06-06 17:08:04.150,0,2,2,0.00,-0.0004,0.0141,0.8779,0.5110,0.0000,-0.0000,0.0000,0.0000
2026-06-06 17:08:04.250,0,2,2,0.00,0.0000,0.0010,0.8783,0.5109,0.0000,-0.0000,0.0000,0.0000
2026-06-06 17:08:04.350,0,2,2,0.00,-0.0003,0.0000,0.8783,0.5109,0.0000,-0.0000,0.0000,0.0000
2026-06-06 17:08:04.450,0,2,2,0.00,0.0000,0.0000,0.8783,0.5109,0.0000,-0.0000,0.0000,0.0000
2026-06-06 17:08:04.550,0,2,2,0.00,0.0000,-0.0004,0.8783,0.5109,0.0000,-0.0000,0.0000,0.0000
2026-06-06 17:08:04.650,0,2,2,0.00,-0.0003,0.0004,0.8783,0.5109,0.0000,-0.0000,0.0000,0.0000
2026-06-06 17:08:04.750,0,2,2,0.00,0.0001,0.0000,0.8783,0.5109,0.0000,-0.0000,0.0000,0.0000
2026-06-06 17:08:04.850,0,2,2,0.00,0.0000,0.0000,0.8783,0.5109,0.0000,-0.0000,0.0000,0.0000
2026-06-06 17:08:04.950,0,2,2,0.00,-0.0001,0.0000,0.8783,0.5109,0.0000,-0.0000,0.0000,0.0000
2026-06-06 17:08:05.050,0,2,2,0.00,-0.0001,0.0000,0.8783,0.5109,0.0000,-0.0000,0.0000,0.0000
2026-06-06 17:08:05.150,0,2,2,0.00,0.0000,0.0003,0.8783,0.5109,0.0000,-0.0000,0.0000,0.0000
2026-06-06 17:08:05.250,0,2,2,0.00,0.0000,0.0000,0.8783,0.5109,0.0000,-0.0000,0.0000,0.0000
2026-06-06 17:08:05.350,0,2,2,0.00,-0.0003,0.0003,0.8783,0.5109,0.0000,-0.0000,0.0000,0.0000
2026-06-06 17:08:05.450,0,2,2,0.00,-0.0001,0.0000,0.8783,0.5109,0.0000,-0.0000,0.0000,0.0000
2026-06-06 17:08:05.550,0,2,2,0.00,0.0000,-0.0003,0.8783,0.5109,0.0000,-0.0000,0.0000,0.0000
2026-06-06 17:08:05.650,0,2,2,0.00,0.0001,0.0000,0.8783,0.5109,0.0000,-0.0000,0.0000,0.0000
2026-06-06 17:08:05.750,0,2,2,0.00,0.0000,0.0000,0.8783,0.5109,0.0000,-0.0000,0.0000,0.0000
2026-06-06 17:08:05.850,0,2,2,0.00,0.0000,-0.0003,0.8783,0.5109,0.0000,-0.0000,0.0000,0.0000
2026-06-06 17:08:05.950,0,2,2,0.00,-0.0001,-0.0001,0.8783,0.5109,0.0000,-0.0000,0.0000,0.0000
2026-06-06 17:08:06.050,0,2,2,0.00,0.0000,-0.0001,0.8783,0.5109,0.0000,-0.0000,0.0000,0.0000
2026-06-06 17:08:06.150,0,2,2,0.00,0.0000,0.0000,0.8783,0.5109,0.0000,-0.0000,0.0000,0.0000
2026-06-06 17:08:06.250,0,2,2,0.00,0.0000,0.0001,0.8783,0.5109,0.0000,-0.0000,0.0000,0.0000
2026-06-06 17:08:06.350,0,2,2,0.00,0.0000,0.0000,0.8783,0.5109,0.0000,-0.0000,0.0000,0.0000
2026-06-06 17:08:06.450,0,2,2,0.00,0.0000,0.0000,0.8783,0.5109,0.0000,-0.0000,0.0000,0.0000
2026-06-06 17:08:06.550,0,2,2,0.00,0.0000,-0.0001,0.8783,0.5109,0.0000,-0.0000,0.0000,0.0000
2026-06-06 17:08:06.650,0,2,2,0.00,0.0000,0.0004,0.8783,0.5109,0.0000,-0.0000,0.0000,0.0000
2026-06-06 17:08:06.750,0,2,2,0.00,0.0000,0.0000,0.8783,0.5109,0.0000,-0.0000,0.0000,0.0000
2026-06-06 17:08:06.850,0,2,2,0.00,-0.0001,0.0000,0.8783,0.5109,0.0000,-0.0000,0.0000,0.0000
2026-06-06 17:08:06.950,0,2,2,0.00,0.0001,-0.0001,0.8783,0.5109,0.0000,-0.0000,0.0000,0.0000
2026-06-06 17:08:07.050,0,2,2,0.00,0.0000,0.0000,0.8783,0.5109,0.0000,-0.0000,0.0000,0.0000
2026-06-06 17:08:07.150,0,2,2,0.00,0.0003,-0.0001,0.8783,0.5109,0.0000,-0.0000,0.0000,0.0000
2026-06-06 17:08:07.250,0,2,2,0.00,0.0000,0.0000,0.8783,0.5109,0.0000,-0.0000,0.0000,0.0000
2026-06-06 17:08:07.350,0,2,2,0.00,0.0000,0.0000,0.8783,0.5109,0.0000,-0.0000,0.0000,0.0000
2026-06-06 17:08:07.450,0,2,2,0.00,0.0000,-0.0005,0.8783,0.5109,0.0000,-0.0000,0.0000,0.0000
2026-06-06 17:08:07.550,0,2,2,0.00,0.0000,-0.0001,0.8783,0.5109,0.0000,-0.0000,0.0000,0.0000
2026-06-06 17:08:07.650,0,2,2,0.00,0.0000,0.0000,0.8783,0.5109,0.0000,-0.0000,0.0000,0.0000
2026-06-06 17:08:07.750,0,2,2,0.00,-0.0001,0.0000,0.8783,0.5109,0.0000,-0.0000,0.0000,0.0000
2026-06-06 17:08:07.850,0,2,2,0.00,0.0003,0.0000,0.8783,0.5109,0.0000,-0.0000,0.0000,0.0000
2026-06-06 17:08:07.950,0,2,2,0.00,0.0000,0.0000,0.8783,0.5109,0.0000,-0.0000,0.0000,0.0000
2026-06-06 17:08:08.050,0,2,2,0.00,0.0000,0.0000,0.8783,0.5109,0.0000,-0.0000,0.0000,0.0000
2026-06-06 17:08:08.150,0,2,2,0.00,-0.0001,-0.0001,0.8783,0.5109,0.0000,-0.0000,0.0000,0.0000
2026-06-06 17:08:08.250,0,2,2,0.00,0.0000,-0.0001,0.8783,0.5109,0.0000,-0.0000,0.0000,0.0000
2026-06-06 17:08:08.350,0,2,2,0.00,-0.0001,0.0000,0.8783,0.5109,0.0000,-0.0000,0.0000,0.0000
2026-06-06 17:08:08.450,0,1,2,0.00,-0.0001,0.0000,0.8783,0.5109,0.0000,-0.0000,0.0000,0.0000
2026-06-06 17:08:08.550,0,2,2,0.00,-0.0003,0.0000,0.8783,0.5109,0.0000,-0.0000,0.0000,0.0000
2026-06-06 17:08:08.650,0,2,2,0.00,0.0000,0.0000,0.8783,0.5109,0.0000,-0.0000,0.0000,0.0000
2026-06-06 17:08:08.750,0,2,2,0.00,0.0000,0.0000,0.8783,0.5109,0.0000,-0.0000,0.0000,0.0000
2026-06-06 17:08:08.850,0,2,2,0.00,-0.0001,0.0000,0.8783,0.5109,0.0000,-0.0000,0.0000,0.0000
2026-06-06 17:08:08.950,0,2,2,0.00,0.0000,0.0001,0.8783,0.5109,0.0000,-0.0000,0.0000,0.0000
2026-06-06 17:08:09.053,0,2,2,0.00,0.0000,0.0003,0.8783,0.5109,0.0000,-0.0000,0.0000,0.0000
2026-06-06 17:08:09.150,0,2,2,0.00,0.0000,0.0000,0.8783,0.5109,0.0000,-0.0000,0.0000,0.0000
2026-06-06 17:08:09.250,0,2,2,0.00,0.0000,-0.0001,0.8783,0.5109,0.0000,-0.0000,0.0000,0.0000
2026-06-06 17:08:09.350,0,2,2,0.00,0.0000,-0.0001,0.8783,0.5109,0.0000,-0.0000,0.0000,0.0000
2026-06-06 17:08:09.450,0,1,2,0.00,0.0001,0.0000,0.8783,0.5109,0.0000,-0.0000,0.0000,0.0000
2026-06-06 17:08:09.550,0,2,2,0.00,0.0000,0.0001,0.8783,0.5109,0.0000,-0.0000,0.0000,0.0000
2026-06-06 17:08:09.650,0,2,2,0.00,0.0000,0.0000,0.8783,0.5109,0.0000,-0.0000,0.0000,0.0000
2026-06-06 17:08:09.750,0,2,2,0.00,0.0003,-0.0001,0.8783,0.5109,0.0000,-0.0000,0.0000,0.0000
2026-06-06 17:08:09.850,0,2,2,0.00,0.0000,0.0001,0.8783,0.5109,0.0000,-0.0000,0.0000,0.0000
2026-06-06 17:08:09.950,0,2,2,0.00,0.0000,0.0000,0.8783,0.5109,0.0000,-0.0000,0.0000,0.0000
2026-06-06 17:08:10.050,0,2,2,0.00,-0.0001,-0.0001,0.8783,0.5109,0.0000,-0.0000,0.0000,0.0000
2026-06-06 17:08:10.150,0,2,2,0.00,-0.0003,0.0001,0.8783,0.5109,0.0000,-0.0000,0.0000,0.0000
2026-06-06 17:08:10.250,0,2,2,0.00,0.0001,0.0000,0.8783,0.5109,0.0000,-0.0000,0.0000,0.0000
2026-06-06 17:08:10.350,0,2,2,0.00,0.0000,0.0000,0.8783,0.5109,0.0000,-0.0000,0.0000,0.0000
2026-06-06 17:08:10.450,0,2,2,0.00,0.0003,-0.0001,0.8783,0.5109,0.0000,-0.0000,0.0000,0.0000
2026-06-06 17:08:10.550,0,2,2,0.00,-0.0001,0.0000,0.8783,0.5109,0.0000,-0.0000,0.0000,0.0000
2026-06-06 17:08:10.650,0,2,2,0.00,0.0000,0.0000,0.8783,0.5109,0.0000,-0.0000,0.0000,0.0000
2026-06-06 17:08:10.750,0,2,2,0.00,0.0000,0.0000,0.8783,0.5109,0.0000,-0.0000,0.0000,0.0000
2026-06-06 17:08:10.850,0,2,2,0.00,0.0003,-0.0001,0.8783,0.5109,0.0000,-0.0000,0.0000,0.0000
2026-06-06 17:08:10.950,0,2,2,0.00,0.0000,0.0000,0.8783,0.5109,0.0000,-0.0000,0.0000,0.0000
2026-06-06 17:08:11.050,0,2,2,0.00,0.0000,-0.0003,0.8783,0.5109,0.0000,-0.0000,0.0000,0.0000
2026-06-06 17:08:11.150,0,2,2,0.00,-0.0003,0.0001,0.8783,0.5109,0.0000,-0.0000,0.0000,0.0000
2026-06-06 17:08:11.250,0,2,2,0.00,0.0000,0.0000,0.8783,0.5109,0.0000,-0.0000,0.0000,0.0000
2026-06-06 17:08:11.350,0,2,2,0.00,0.0000,0.0000,0.8783,0.5109,0.0000,-0.0000,0.0000,0.0000
2026-06-06 17:08:11.450,0,1,2,0.00,0.0001,0.0000,0.8783,0.5109,0.0000,-0.0000,0.0000,0.0000
2026-06-06 17:08:11.550,0,2,2,0.00,0.0000,0.0001,0.8783,0.5109,0.0000,-0.0000,0.0000,0.0000
2026-06-06 17:08:11.650,0,2,2,0.00,0.0000,0.0001,0.8783,0.5109,0.0000,-0.0000,0.0000,0.0000
2026-06-06 17:08:11.750,0,2,2,0.00,0.0000,0.0000,0.8783,0.5109,0.0000,-0.0000,0.0000,0.0000
2026-06-06 17:08:11.850,0,2,2,0.00,0.0000,0.0000,0.8783,0.5109,0.0000,-0.0000,0.0000,0.0000
2026-06-06 17:08:11.950,0,1,2,0.00,0.0000,-0.0001,0.8783,0.5109,0.0000,-0.0000,0.0000,0.0000
2026-06-06 17:08:12.050,0,2,2,0.00,-0.0005,-0.0003,0.8783,0.5109,0.0000,-0.0000,0.0000,0.0000
2026-06-06 17:08:12.150,0,2,2,0.00,0.0000,0.0000,0.8783,0.5109,0.0000,-0.0000,0.0000,0.0000
2026-06-06 17:08:12.250,0,2,2,0.00,0.0000,0.0000,0.8783,0.5109,0.0000,-0.0000,0.0000,0.0000
2026-06-06 17:08:12.350,0,2,2,0.00,0.0001,-0.0001,0.8783,0.5109,0.0000,-0.0000,0.0000,0.0000
2026-06-06 17:08:12.450,0,2,2,0.00,-0.0003,0.0001,0.8783,0.5109,0.0000,-0.0000,0.0000,0.0000
2026-06-06 17:08:12.550,0,2,2,0.00,0.0001,0.0000,0.8783,0.5109,0.0000,-0.0000,0.0000,0.0000
2026-06-06 17:08:12.650,0,2,2,0.00,-0.0001,-0.0001,0.8783,0.5109,0.0000,-0.0000,0.0000,0.0000
2026-06-06 17:08:12.750,0,2,2,0.00,0.0000,0.0003,0.8783,0.5109,0.0000,-0.0000,0.0000,0.0000
2026-06-06 17:08:12.850,0,2,2,0.00,0.0000,0.0001,0.8783,0.5109,0.0000,-0.0000,0.0000,0.0000
2026-06-06 17:08:12.950,0,2,2,0.00,0.0000,0.0000,0.8783,0.5109,0.0000,-0.0000,0.0000,0.0000
2026-06-06 17:08:13.050,0,2,2,0.00,0.0001,0.0000,0.8783,0.5109,0.0000,-0.0000,0.0000,0.0000
2026-06-06 17:08:13.150,0,2,2,0.00,0.0000,0.0000,0.8783,0.5109,0.0000,-0.0000,0.0000,0.0000
2026-06-06 17:08:13.250,0,2,2,0.00,-0.0001,-0.0001,0.8783,0.5109,0.0000,-0.0000,0.0000,0.0000
2026-06-06 17:08:13.350,0,2,2,0.00,-0.0003,0.0000,0.8783,0.5109,0.0000,-0.0000,0.0000,0.0000
2026-06-06 17:08:13.450,0,2,2,0.00,0.0000,0.0000,0.8783,0.5109,0.0000,-0.0000,0.0000,0.0000
2026-06-06 17:08:13.550,0,2,2,0.00,0.0000,0.0000,0.8783,0.5109,0.0000,-0.0000,0.0000,0.0000
2026-06-06 17:08:13.650,0,2,2,0.00,0.0001,0.0000,0.8783,0.5109,0.0000,-0.0000,0.0000,0.0000
2026-06-06 17:08:13.750,0,2,2,0.00,-0.0001,0.0003,0.8783,0.5109,0.0000,-0.0000,0.0000,0.0000
2026-06-06 17:08:13.850,0,2,2,0.00,0.0001,0.0000,0.8783,0.5109,0.0000,-0.0000,0.0000,0.0000
2026-06-06 17:08:13.950,0,2,2,0.00,-0.0003,0.0000,0.8783,0.5109,0.0000,-0.0000,0.0000,0.0000
2026-06-06 17:08:14.050,0,2,2,0.00,-0.0003,0.0000,0.8783,0.5109,0.0000,-0.0000,0.0000,0.0000
2026-06-06 17:08:14.150,0,2,2,0.00,0.0000,0.0001,0.8783,0.5109,0.0000,-0.0000,0.0000,0.0000
2026-06-06 17:08:14.250,0,2,2,0.00,0.0000,0.0003,0.8783,0.5109,0.0000,-0.0000,0.0000,0.0000
2026-06-06 17:08:14.350,0,2,2,0.00,0.0000,-0.0001,0.8783,0.5109,0.0000,-0.0000,0.0000,0.0000
2026-06-06 17:08:14.450,0,2,2,0.00,-0.0001,0.0000,0.8783,0.5109,0.0000,-0.0000,0.0000,0.0000
2026-06-06 17:08:14.550,0,2,2,0.00,0.0001,0.0000,0.8783,0.5109,0.0000,-0.0000,0.0000,0.0000
2026-06-06 17:08:14.650,0,2,2,0.00,0.0000,0.0000,0.8783,0.5109,0.0000,-0.0000,0.0000,0.0000
2026-06-06 17:08:14.750,0,2,2,0.00,0.0001,0.0000,0.8783,0.5109,0.0000,-0.0000,0.0000,0.0000
2026-06-06 17:08:14.850,0,2,2,0.00,0.0000,0.0000,0.8783,0.5109,0.0000,-0.0000,0.0000,0.0000
2026-06-06 17:08:14.950,0,2,2,0.00,0.0000,0.0000,0.8783,0.5109,0.0000,-0.0000,0.0000,0.0000
2026-06-06 17:08:15.050,0,2,2,0.00,0.0000,0.0000,0.8783,0.5109,0.0000,-0.0000,0.0000,0.0000
2026-06-06 17:08:15.150,0,2,2,0.00,0.0000,0.0001,0.8783,0.5109,0.0000,-0.0000,0.0000,0.0000
2026-06-06 17:08:15.250,0,2,2,0.00,0.0003,0.0000,0.8783,0.5109,0.0000,-0.0000,0.0000,0.0000
2026-06-06 17:08:15.351,0,2,2,0.00,0.0001,0.0000,0.8783,0.5109,0.0000,-0.0000,0.0000,0.0000
2026-06-06 17:08:15.450,0,2,2,0.00,0.0003,0.0000,0.8783,0.5109,0.0000,-0.0000,0.0000,0.0000
2026-06-06 17:08:15.550,0,2,2,0.00,0.0001,0.0003,0.8783,0.5109,0.0000,-0.0000,0.0000,0.0000
2026-06-06 17:08:15.650,0,2,2,0.00,-0.0001,0.0003,0.8783,0.5109,0.0000,-0.0000,0.0000,0.0000
2026-06-06 17:08:15.750,0,2,2,0.00,-0.0001,0.0000,0.8783,0.5109,0.0000,-0.0000,0.0000,0.0000
2026-06-06 17:08:15.850,0,2,2,0.00,-0.0001,0.0000,0.8783,0.5109,0.0000,-0.0000,0.0000,0.0000
2026-06-06 17:08:15.950,0,2,2,0.00,0.0000,0.0001,0.8783,0.5109,0.0000,-0.0000,0.0000,0.0000
2026-06-06 17:08:16.050,0,2,2,0.00,0.0001,-0.0001,0.8783,0.5109,0.0000,-0.0000,0.0000,0.0000
2026-06-06 17:08:16.150,0,2,2,0.00,0.0000,0.0000,0.8783,0.5109,0.0000,-0.0000,0.0000,0.0000
2026-06-06 17:08:16.250,0,2,2,0.00,0.0000,-0.0003,0.8783,0.5109,0.0000,-0.0000,0.0000,0.0000
2026-06-06 17:08:16.350,0,2,2,0.00,0.0000,0.0000,0.8783,0.5109,0.0000,-0.0000,0.0000,0.0000
2026-06-06 17:08:16.450,0,2,2,0.00,0.0000,0.0001,0.8783,0.5109,0.0000,-0.0000,0.0000,0.0000
2026-06-06 17:08:16.550,0,2,2,0.00,0.0000,0.0000,0.8783,0.5109,0.0000,-0.0000,0.0000,0.0000
2026-06-06 17:08:16.650,0,2,2,0.00,0.0000,0.0000,0.8783,0.5109,0.0000,-0.0000,0.0000,0.0000
2026-06-06 17:08:16.750,0,2,2,0.00,0.0001,0.0000,0.8783,0.5109,0.0000,-0.0000,0.0000,0.0000
2026-06-06 17:08:16.850,0,2,2,0.00,0.0000,0.0000,0.8783,0.5109,0.0000,-0.0000,0.0000,0.0000
2026-06-06 17:08:16.950,0,1,2,0.00,-0.0003,0.0000,0.8783,0.5109,0.0000,-0.0000,0.0000,0.0000
2026-06-06 17:08:17.050,0,2,2,0.00,0.0000,-0.0003,0.8783,0.5109,0.0000,-0.0000,0.0000,0.0000
2026-06-06 17:08:17.150,0,1,2,0.00,0.0000,0.0000,0.8783,0.5109,0.0000,-0.0000,0.0000,0.0000
2026-06-06 17:08:17.250,0,2,2,0.00,0.0000,0.0000,0.8783,0.5109,0.0000,-0.0000,0.0000,0.0000
2026-06-06 17:08:17.350,0,2,2,0.00,-0.0001,-0.0003,0.8783,0.5109,0.0000,-0.0000,0.0000,0.0000
2026-06-06 17:08:17.450,0,2,2,0.00,-0.0001,0.0003,0.8783,0.5109,0.0000,-0.0000,0.0000,0.0000
2026-06-06 17:08:17.550,0,2,2,0.00,0.0003,-0.0001,0.8783,0.5109,0.0000,-0.0000,0.0000,0.0000
2026-06-06 17:08:17.650,0,2,2,0.00,0.0000,0.0000,0.8783,0.5109,0.0000,-0.0000,0.0000,0.0000
2026-06-06 17:08:17.750,0,2,2,0.00,0.0000,-0.0008,0.8783,0.5109,0.0000,-0.0000,0.0000,0.0000
2026-06-06 17:08:17.850,0,2,2,0.00,0.0000,0.0003,0.8783,0.5109,0.0000,-0.0000,0.0000,0.0000
2026-06-06 17:08:17.950,0,2,2,0.00,-0.0001,0.0000,0.8783,0.5109,0.0000,-0.0000,0.0000,0.0000
2026-06-06 17:08:18.050,0,2,2,0.00,0.0003,0.0000,0.8783,0.5109,0.0000,-0.0000,0.0000,0.0000
2026-06-06 17:08:18.150,0,2,2,0.00,0.0000,0.0000,0.8783,0.5109,0.0000,-0.0000,0.0000,0.0000
2026-06-06 17:08:18.250,0,2,2,0.00,0.0003,0.0000,0.8783,0.5109,0.0000,-0.0000,0.0000,0.0000
2026-06-06 17:08:18.350,0,2,2,0.00,0.0001,0.0000,0.8783,0.5109,0.0000,-0.0000,0.0000,0.0000
2026-06-06 17:08:18.450,0,2,2,0.00,0.0004,0.0000,0.8783,0.5109,0.0000,-0.0000,0.0000,0.0000
2026-06-06 17:08:18.550,0,2,2,0.00,0.0000,0.0000,0.8783,0.5109,0.0000,-0.0000,0.0000,0.0000
2026-06-06 17:08:18.650,0,2,2,0.00,-0.0003,0.0000,0.8783,0.5109,0.0000,-0.0000,0.0000,0.0000
2026-06-06 17:08:18.750,0,2,2,0.00,-0.0001,0.0000,0.8783,0.5109,0.0000,-0.0000,0.0000,0.0000
2026-06-06 17:08:18.850,0,2,2,0.00,-0.0003,0.0001,0.8783,0.5109,0.0000,-0.0000,0.0000,0.0000
2026-06-06 17:08:18.950,0,1,2,0.00,0.0000,0.0000,0.8783,0.5109,0.0000,-0.0000,0.0000,0.0000
2026-06-06 17:08:19.050,0,2,2,0.00,0.0000,0.0001,0.8783,0.5109,0.0000,-0.0000,0.0000,0.0000
2026-06-06 17:08:19.150,0,2,2,0.00,0.0001,-0.0003,0.8783,0.5109,0.0000,-0.0000,0.0000,0.0000
2026-06-06 17:08:19.250,0,2,2,0.00,0.0001,0.0003,0.8783,0.5109,0.0000,-0.0000,0.0000,0.0000
2026-06-06 17:08:19.350,0,2,2,0.00,0.0001,-0.0004,0.8783,0.5109,0.0000,-0.0000,0.0000,0.0000
2026-06-06 17:08:19.450,0,2,2,0.00,0.0004,0.0000,0.8783,0.5109,0.0000,-0.0000,0.0000,0.0000
2026-06-06 17:08:19.550,0,2,2,0.00,0.0001,0.0001,0.8783,0.5109,0.0000,-0.0000,0.0000,0.0000
2026-06-06 17:08:19.650,0,2,2,0.00,0.0001,0.0000,0.8783,0.5109,0.0000,-0.0000,0.0000,0.0000
2026-06-06 17:08:19.750,0,2,2,0.00,0.0003,0.0000,0.8783,0.5109,0.0000,-0.0000,0.0000,0.0000
2026-06-06 17:08:19.850,0,2,2,0.00,0.0000,0.0003,0.8783,0.5109,0.0000,-0.0000,0.0000,0.0000
2026-06-06 17:08:19.950,0,2,2,0.00,0.0000,-0.0001,0.8783,0.5109,0.0000,-0.0000,0.0000,0.0000
2026-06-06 17:08:20.050,0,2,2,0.00,0.0000,0.0000,0.8783,0.5109,0.0000,-0.0000,0.0000,0.0000
2026-06-06 17:08:20.150,0,2,2,0.00,-0.0004,0.0000,0.8783,0.5109,0.0000,-0.0000,0.0000,0.0000
2026-06-06 17:08:20.250,0,2,2,0.00,0.0001,-0.0001,0.8783,0.5109,0.0000,-0.0000,0.0000,0.0000
2026-06-06 17:08:20.350,0,2,2,0.00,-0.0001,0.0000,0.8783,0.5109,0.0000,-0.0000,0.0000,0.0000
2026-06-06 17:08:20.450,0,2,2,0.00,0.0001,0.0000,0.8783,0.5109,0.0000,-0.0000,0.0000,0.0000
2026-06-06 17:08:20.550,0,2,2,0.00,0.0003,0.0000,0.8783,0.5109,0.0000,-0.0000,0.0000,0.0000
2026-06-06 17:08:20.650,0,2,2,0.00,-0.0003,0.0000,0.8783,0.5109,0.0000,-0.0000,0.0000,0.0000
2026-06-06 17:08:20.750,0,2,2,0.00,0.0000,-0.0001,0.8783,0.5109,0.0000,-0.0000,0.0000,0.0000
2026-06-06 17:08:20.850,0,2,2,0.00,0.0000,0.0000,0.8783,0.5109,0.0000,-0.0000,0.0000,0.0000
2026-06-06 17:08:20.950,0,2,2,0.00,0.0000,-0.0003,0.8783,0.5109,0.0000,-0.0000,0.0000,0.0000
2026-06-06 17:08:21.050,0,2,2,0.00,0.0000,0.0001,0.8783,0.5109,0.0000,-0.0000,0.0000,0.0000
2026-06-06 17:08:21.150,0,2,2,0.00,0.0003,0.0000,0.8783,0.5109,0.0000,-0.0000,0.0000,0.0000
2026-06-06 17:08:21.250,0,2,2,0.00,0.0000,0.0000,0.8783,0.5109,0.0000,-0.0000,0.0000,0.0000
2026-06-06 17:08:21.350,0,2,2,0.00,0.0000,-0.0001,0.8783,0.5109,0.0000,-0.0000,0.0000,0.0000
2026-06-06 17:08:21.450,0,2,2,0.00,0.0000,-0.0001,0.8783,0.5109,0.0000,-0.0000,0.0000,0.0000
2026-06-06 17:08:21.550,0,2,2,0.00,-0.0003,0.0003,0.8783,0.5109,0.0000,-0.0000,0.0000,0.0000
2026-06-06 17:08:21.650,0,2,2,0.00,0.0000,-0.0001,0.8783,0.5109,0.0000,-0.0000,0.0000,0.0000
2026-06-06 17:08:21.750,0,2,2,0.00,0.0001,-0.0001,0.8783,0.5109,0.0000,-0.0000,0.0000,0.0000
2026-06-06 17:08:21.850,0,2,2,0.00,0.0004,-0.0001,0.8783,0.5109,0.0000,-0.0000,0.0000,0.0000
2026-06-06 17:08:21.950,0,1,2,0.00,0.0004,-0.0001,0.8783,0.5109,0.0000,-0.0000,0.0000,0.0000
2026-06-06 17:08:22.050,0,1,2,0.00,0.0000,-0.0001,0.8783,0.5109,0.0000,-0.0000,0.0000,0.0000
2026-06-06 17:08:22.150,0,2,2,0.00,0.0003,0.0000,0.8783,0.5109,0.0000,-0.0000,0.0000,0.0000
2026-06-06 17:08:22.250,0,2,2,0.00,0.0001,-0.0003,0.8783,0.5109,0.0000,-0.0000,0.0000,0.0000
2026-06-06 17:08:22.350,0,2,2,0.00,-0.0001,0.0000,0.8783,0.5109,0.0000,-0.0000,0.0000,0.0000
2026-06-06 17:08:22.450,0,2,2,0.00,-0.0001,0.0000,0.8783,0.5109,0.0000,-0.0000,0.0000,0.0000
2026-06-06 17:08:22.550,0,2,2,0.00,-0.0003,0.0005,0.8783,0.5109,0.0000,-0.0000,0.0000,0.0000
2026-06-06 17:08:22.650,0,2,2,0.00,0.0000,0.0000,0.8783,0.5109,0.0000,-0.0000,0.0000,0.0000
2026-06-06 17:08:22.750,0,2,2,0.00,0.0000,0.0000,0.8783,0.5109,0.0000,-0.0000,0.0000,0.0000
2026-06-06 17:08:22.850,0,2,2,0.00,0.0000,0.0000,0.8783,0.5109,0.0000,-0.0000,0.0000,0.0000
2026-06-06 17:08:22.950,0,2,2,0.00,0.0000,0.0000,0.8783,0.5109,0.0000,-0.0000,0.0000,0.0000
2026-06-06 17:08:23.050,0,2,2,0.00,0.0000,0.0000,0.8783,0.5109,0.0000,-0.0000,0.0000,0.0000
2026-06-06 17:08:23.150,0,2,2,0.00,-0.0003,0.0003,0.8783,0.5109,0.0000,-0.0000,0.0000,0.0000
2026-06-06 17:08:23.250,0,2,2,0.00,0.0000,0.0000,0.8783,0.5109,0.0000,-0.0000,0.0000,0.0000
2026-06-06 17:08:23.350,0,2,2,0.00,0.0000,-0.0001,0.8783,0.5109,0.0000,-0.0000,0.0000,0.0000
2026-06-06 17:08:23.450,0,2,2,0.00,0.0001,0.0000,0.8783,0.5109,0.0000,-0.0000,0.0000,0.0000
2026-06-06 17:08:23.550,0,2,2,0.00,0.0000,0.0001,0.8783,0.5109,0.0000,-0.0000,0.0000,0.0000
2026-06-06 17:08:23.650,0,2,2,0.00,-0.0001,-0.0001,0.8783,0.5109,0.0000,-0.0000,0.0000,0.0000
2026-06-06 17:08:23.750,0,2,2,0.00,0.0000,-0.0003,0.8783,0.5109,0.0000,-0.0000,0.0000,0.0000
2026-06-06 17:08:23.850,0,2,2,0.00,-0.0001,0.0000,0.8783,0.5109,0.0000,-0.0000,0.0000,0.0000
2026-06-06 17:08:23.950,0,2,2,0.00,0.0001,0.0000,0.8783,0.5109,0.0000,-0.0000,0.0000,0.0000
2026-06-06 17:08:24.050,0,2,2,0.00,0.0000,-0.0003,0.8783,0.5109,0.0000,-0.0000,0.0000,0.0000
2026-06-06 17:08:24.150,0,2,2,0.00,0.0000,0.0001,0.8783,0.5109,0.0000,-0.0000,0.0000,0.0000
2026-06-06 17:08:24.250,0,2,2,0.00,-0.0001,0.0000,0.8783,0.5109,0.0000,-0.0000,0.0000,0.0000
2026-06-06 17:08:24.350,0,2,2,0.00,0.0000,0.0001,0.8783,0.5109,0.0000,-0.0000,0.0000,0.0000
2026-06-06 17:08:24.450,0,2,2,0.00,0.0000,0.0003,0.8783,0.5109,0.0000,-0.0000,0.0000,0.0000
2026-06-06 17:08:24.550,0,2,2,0.00,-0.0001,0.0000,0.8783,0.5109,0.0000,-0.0000,0.0000,0.0000
2026-06-06 17:08:24.650,0,2,2,0.00,0.0000,0.0001,0.8783,0.5109,0.0000,-0.0000,0.0000,0.0000
2026-06-06 17:08:24.750,0,2,2,0.00,0.0000,-0.0003,0.8783,0.5109,0.0000,-0.0000,0.0000,0.0000
2026-06-06 17:08:24.850,0,2,2,0.00,0.0000,0.0003,0.8783,0.5109,0.0000,-0.0000,0.0000,0.0000
2026-06-06 17:08:24.950,0,1,2,0.00,0.0003,-0.0003,0.8783,0.5109,0.0000,-0.0000,0.0000,0.0000
2026-06-06 17:08:25.050,0,1,2,0.00,0.0000,0.0000,0.8783,0.5109,0.0000,-0.0000,0.0000,0.0000
2026-06-06 17:08:25.150,0,2,2,0.00,-0.0001,0.0003,0.8783,0.5109,0.0000,-0.0000,0.0000,0.0000
2026-06-06 17:08:25.250,0,2,2,0.00,-0.0001,0.0000,0.8783,0.5109,0.0000,-0.0000,0.0000,0.0000
2026-06-06 17:08:25.352,0,2,2,0.00,-0.0001,0.0005,0.8783,0.5109,0.0000,-0.0000,0.0000,0.0000
2026-06-06 17:08:25.450,0,2,2,0.00,0.0000,-0.0001,0.8783,0.5109,0.0000,-0.0000,0.0000,0.0000
2026-06-06 17:08:25.550,0,2,2,0.00,0.0000,-0.0003,0.8783,0.5109,0.0000,-0.0000,0.0000,0.0000
2026-06-06 17:08:25.650,0,2,2,0.00,0.0000,0.0000,0.8783,0.5109,0.0000,-0.0000,0.0000,0.0000
2026-06-06 17:08:25.750,0,2,2,0.00,-0.0001,0.0000,0.8783,0.5109,0.0000,-0.0000,0.0000,0.0000
2026-06-06 17:08:25.850,0,2,2,0.00,0.0000,0.0000,0.8783,0.5109,0.0000,-0.0000,0.0000,0.0000
2026-06-06 17:08:25.950,0,1,2,0.00,0.0000,0.0000,0.8783,0.5109,0.0000,-0.0000,0.0000,0.0000
2026-06-06 17:08:26.050,0,2,2,0.00,0.0000,-0.0001,0.8783,0.5109,0.0000,-0.0000,0.0000,0.0000
2026-06-06 17:08:26.150,0,2,2,0.00,0.0001,0.0000,0.8783,0.5109,0.0000,-0.0000,0.0000,0.0000
2026-06-06 17:08:26.250,0,2,2,0.00,0.0000,0.0000,0.8783,0.5109,0.0000,-0.0000,0.0000,0.0000
2026-06-06 17:08:26.350,0,2,2,0.00,0.0001,0.0000,0.8783,0.5109,0.0000,-0.0000,0.0000,0.0000
2026-06-06 17:08:26.450,0,2,2,0.00,0.0003,0.0000,0.8783,0.5109,0.0000,-0.0000,0.0000,0.0000
2026-06-06 17:08:26.553,0,1,2,0.00,0.0000,0.0001,0.8783,0.5109,0.0000,-0.0000,0.0000,0.0000
2026-06-06 17:08:26.650,0,2,2,0.00,0.0000,-0.0001,0.8783,0.5109,0.0000,-0.0000,0.0000,0.0000
2026-06-06 17:08:26.750,0,2,2,0.00,0.0000,0.0000,0.8783,0.5109,0.0000,-0.0000,0.0000,0.0000
2026-06-06 17:08:26.850,0,2,2,0.00,0.0000,0.0001,0.8783,0.5109,0.0000,-0.0000,0.0000,0.0000
2026-06-06 17:08:26.950,0,2,2,0.00,0.0000,0.0000,0.8783,0.5109,0.0000,-0.0000,0.0000,0.0000
2026-06-06 17:08:27.050,0,2,2,0.00,0.0000,0.0000,0.8783,0.5109,0.0000,-0.0000,0.0000,0.0000
2026-06-06 17:08:27.150,0,2,2,0.00,0.0000,0.0000,0.8783,0.5109,0.0000,-0.0000,0.0000,0.0000
2026-06-06 17:08:27.250,0,2,2,0.00,-0.0001,0.0000,0.8783,0.5109,0.0000,-0.0000,0.0000,0.0000
2026-06-06 17:08:27.350,0,2,2,0.00,0.0000,0.0000,0.8783,0.5109,0.0000,-0.0000,0.0000,0.0000
2026-06-06 17:08:27.450,0,2,2,0.00,0.0000,0.0000,0.8783,0.5109,0.0000,-0.0000,0.0000,0.0000
2026-06-06 17:08:27.550,0,2,2,0.00,0.0000,0.0001,0.8783,0.5109,0.0000,-0.0000,0.0000,0.0000
2026-06-06 17:08:27.650,0,2,2,0.00,0.0000,-0.0001,0.8783,0.5109,0.0000,-0.0000,0.0000,0.0000
2026-06-06 17:08:27.750,0,2,2,0.00,-0.0001,0.0001,0.8783,0.5109,0.0000,-0.0000,0.0000,0.0000
2026-06-06 17:08:27.850,0,2,2,0.00,0.0000,0.0000,0.8783,0.5109,0.0000,-0.0000,0.0000,0.0000
2026-06-06 17:08:27.950,0,2,2,0.00,0.0000,0.0000,0.8783,0.5109,0.0000,-0.0000,0.0000,0.0000
2026-06-06 17:08:28.050,0,2,2,0.00,0.0000,0.0000,0.8783,0.5109,0.0000,-0.0000,0.0000,0.0000
2026-06-06 17:08:28.150,0,2,2,0.00,0.0000,-0.0001,0.8783,0.5109,0.0000,-0.0000,0.0000,0.0000
2026-06-06 17:08:28.250,0,2,2,0.00,0.0001,0.0003,0.8783,0.5109,0.0000,-0.0000,0.0000,0.0000
2026-06-06 17:08:28.350,0,2,2,0.00,0.0001,-0.0001,0.8783,0.5109,0.0000,-0.0000,0.0000,0.0000
2026-06-06 17:08:28.450,0,2,2,0.00,-0.0001,-0.0003,0.8783,0.5109,0.0000,-0.0000,0.0000,0.0000
2026-06-06 17:08:28.550,0,2,2,0.00,-0.0001,-0.0001,0.8783,0.5109,0.0000,-0.0000,0.0000,0.0000
2026-06-06 17:08:28.650,0,2,2,0.00,0.0000,0.0000,0.8783,0.5109,0.0000,-0.0000,0.0000,0.0000
2026-06-06 17:08:28.750,0,2,2,0.00,-0.0008,-0.0003,0.8783,0.5109,0.0000,-0.0000,0.0000,0.0000
2026-06-06 17:08:28.850,0,2,2,0.00,0.0000,0.0000,0.8783,0.5109,0.0000,-0.0000,0.0000,0.0000
2026-06-06 17:08:28.950,0,2,2,0.00,0.0000,0.0004,0.8783,0.5109,0.0000,-0.0000,0.0000,0.0000
2026-06-06 17:08:29.050,0,2,2,0.00,0.0004,0.0001,0.8783,0.5109,0.0000,-0.0000,0.0000,0.0000
2026-06-06 17:08:29.150,0,2,2,0.00,0.0001,0.0000,0.8783,0.5109,0.0000,-0.0000,0.0000,0.0000
2026-06-06 17:08:29.250,0,2,2,0.00,-0.0001,-0.0001,0.8783,0.5109,0.0000,-0.0000,0.0000,0.0000
2026-06-06 17:08:29.350,0,2,2,0.00,0.0000,0.0000,0.8783,0.5109,0.0000,-0.0000,0.0000,0.0000
2026-06-06 17:08:29.450,0,2,2,0.00,0.0000,0.0001,0.8783,0.5109,0.0000,-0.0000,0.0000,0.0000
2026-06-06 17:08:29.550,0,2,2,0.00,-0.0001,0.0000,0.8783,0.5109,0.0000,-0.0000,0.0000,0.0000
2026-06-06 17:08:29.650,0,2,2,0.00,0.0000,0.0000,0.8783,0.5109,0.0000,-0.0000,0.0000,0.0000
2026-06-06 17:08:29.750,0,2,2,0.00,0.0000,0.0003,0.8783,0.5109,0.0000,-0.0000,0.0000,0.0000
2026-06-06 17:08:29.850,0,2,2,0.00,-0.0001,-0.0001,0.8783,0.5109,0.0000,-0.0000,0.0000,0.0000
2026-06-06 17:08:29.950,0,1,2,0.00,0.0001,-0.0001,0.8783,0.5109,0.0000,-0.0000,0.0000,0.0000
2026-06-06 17:08:30.050,0,2,2,0.00,0.0004,0.0000,0.8783,0.5109,0.0000,-0.0000,0.0000,0.0000
2026-06-06 17:08:30.150,0,2,2,0.00,0.0000,0.0000,0.8783,0.5109,0.0000,-0.0000,0.0000,0.0000
2026-06-06 17:08:30.250,0,2,2,0.00,-0.0001,-0.0001,0.8783,0.5109,0.0000,-0.0000,0.0000,0.0000
2026-06-06 17:08:30.350,0,2,2,0.00,-0.0001,0.0003,0.8783,0.5109,0.0000,-0.0000,0.0000,0.0000
2026-06-06 17:08:30.450,0,2,2,0.00,0.0003,0.0001,0.8783,0.5109,0.0000,-0.0000,0.0000,0.0000
2026-06-06 17:08:30.550,0,2,2,0.00,0.0000,-0.0003,0.8783,0.5109,0.0000,-0.0000,0.0000,0.0000
2026-06-06 17:08:30.650,0,2,2,0.00,0.0000,-0.0005,0.8783,0.5109,0.0000,-0.0000,0.0000,0.0000
2026-06-06 17:08:30.750,0,2,2,0.00,-0.0004,-0.0003,0.8783,0.5109,0.0000,-0.0000,0.0000,0.0000
2026-06-06 17:08:30.850,0,2,2,0.00,-0.0001,0.0000,0.8783,0.5109,0.0000,-0.0000,0.0000,0.0000
2026-06-06 17:08:30.950,0,2,2,0.00,0.0001,0.0000,0.8783,0.5109,0.0000,-0.0000,0.0000,0.0000
2026-06-06 17:08:31.050,0,2,2,0.00,0.0000,0.0000,0.8783,0.5109,0.0000,-0.0000,0.0000,0.0000
2026-06-06 17:08:31.150,0,2,2,0.00,-0.0001,0.0000,0.8783,0.5109,0.0000,-0.0000,0.0000,0.0000
2026-06-06 17:08:31.250,0,2,2,0.00,0.0000,0.0000,0.8783,0.5109,0.0000,-0.0000,0.0000,0.0000
2026-06-06 17:08:31.350,0,2,2,0.00,0.0001,0.0000,0.8783,0.5109,0.0000,-0.0000,0.0000,0.0000
2026-06-06 17:08:31.450,0,2,2,0.00,0.0001,0.0000,0.8783,0.5109,0.0000,-0.0000,0.0000,0.0000
2026-06-06 17:08:31.550,0,2,2,0.00,0.0000,-0.0001,0.8783,0.5109,0.0000,-0.0000,0.0000,0.0000
2026-06-06 17:08:31.650,0,2,2,0.00,-0.0001,0.0001,0.8783,0.5109,0.0000,-0.0000,0.0000,0.0000
2026-06-06 17:08:31.750,0,2,2,0.00,0.0000,0.0000,0.8783,0.5109,0.0000,-0.0000,0.0000,0.0000
2026-06-06 17:08:31.850,0,2,2,0.00,0.0000,-0.0001,0.8783,0.5109,0.0000,-0.0000,0.0000,0.0000
2026-06-06 17:08:31.950,0,2,2,0.00,0.0000,-0.0001,0.8783,0.5109,0.0000,-0.0000,0.0000,0.0000
2026-06-06 17:08:32.050,0,2,2,0.00,-0.0003,0.0001,0.8783,0.5109,0.0000,-0.0000,0.0000,0.0000
2026-06-06 17:08:32.150,0,2,2,0.00,0.0000,0.0000,0.8783,0.5109,0.0000,-0.0000,0.0000,0.0000
2026-06-06 17:08:32.250,0,2,2,0.00,0.0000,-0.0001,0.8783,0.5109,0.0000,-0.0000,0.0000,0.0000
2026-06-06 17:08:32.350,0,2,2,0.00,-0.0001,0.0000,0.8783,0.5109,0.0000,-0.0000,0.0000,0.0000
2026-06-06 17:08:32.450,0,2,2,0.00,0.0000,0.0000,0.8783,0.5109,0.0000,-0.0000,0.0000,0.0000
2026-06-06 17:08:32.550,0,2,2,0.00,0.0001,0.0000,0.8783,0.5109,0.0000,-0.0000,0.0000,0.0000
2026-06-06 17:08:32.650,0,2,2,0.00,0.0000,0.0000,0.8783,0.5109,0.0000,-0.0000,0.0000,0.0000
2026-06-06 17:08:32.750,0,2,2,0.00,0.0000,0.0001,0.8783,0.5109,0.0000,-0.0000,0.0000,0.0000
2026-06-06 17:08:32.850,0,2,2,0.00,0.0000,0.0000,0.8783,0.5109,0.0000,-0.0000,0.0000,0.0000
2026-06-06 17:08:32.950,0,2,2,0.00,0.0000,0.0000,0.8783,0.5109,0.0000,-0.0000,0.0000,0.0000
2026-06-06 17:08:33.050,0,2,2,0.00,0.0000,0.0000,0.8783,0.5109,0.0000,-0.0000,0.0000,0.0000
2026-06-06 17:08:33.150,0,2,2,0.00,0.0000,0.0001,0.8783,0.5109,0.0000,-0.0000,0.0000,0.0000
2026-06-06 17:08:33.250,0,2,2,0.00,0.0000,0.0001,0.8783,0.5109,0.0000,-0.0000,0.0000,0.0000
2026-06-06 17:08:33.350,0,2,2,0.00,0.0000,0.0000,0.8783,0.5109,0.0000,-0.0000,0.0000,0.0000
2026-06-06 17:08:33.450,0,2,2,0.00,0.0001,0.0000,0.8783,0.5109,0.0000,-0.0000,0.0000,0.0000
2026-06-06 17:08:33.550,0,2,2,0.00,0.0000,0.0001,0.8783,0.5109,0.0000,-0.0000,0.0000,0.0000
2026-06-06 17:08:33.650,0,2,2,0.00,0.0000,0.0000,0.8783,0.5109,0.0000,-0.0000,0.0000,0.0000
2026-06-06 17:08:33.750,0,2,2,0.00,0.0001,-0.0001,0.8783,0.5109,0.0000,-0.0000,0.0000,0.0000
2026-06-06 17:08:33.850,0,2,2,0.00,0.0000,-0.0001,0.8783,0.5109,0.0000,-0.0000,0.0000,0.0000
2026-06-06 17:08:33.950,0,2,2,0.00,0.0000,0.0000,0.8783,0.5109,0.0000,-0.0000,0.0000,0.0000
2026-06-06 17:08:34.050,0,2,2,0.00,0.0000,0.0000,0.8783,0.5109,0.0000,-0.0000,0.0000,0.0000
2026-06-06 17:08:34.150,0,2,2,0.00,-0.0001,0.0000,0.8783,0.5109,0.0000,-0.0000,0.0000,0.0000
2026-06-06 17:08:34.250,0,2,2,0.00,0.0000,0.0000,0.8783,0.5109,0.0000,-0.0000,0.0000,0.0000
2026-06-06 17:08:34.350,0,2,2,0.00,0.0004,-0.0001,0.8783,0.5109,0.0000,-0.0000,0.0000,0.0000
2026-06-06 17:08:34.450,0,2,2,0.00,0.0001,0.0001,0.8783,0.5109,0.0000,-0.0000,0.0000,0.0000
2026-06-06 17:08:34.550,0,2,2,0.00,-0.0003,0.0000,0.8783,0.5109,0.0000,-0.0000,0.0000,0.0000
2026-06-06 17:08:34.650,0,2,2,0.00,0.0003,0.0001,0.8783,0.5109,0.0000,-0.0000,0.0000,0.0000
2026-06-06 17:08:34.750,0,2,2,0.00,0.0001,0.0000,0.8783,0.5109,0.0000,-0.0000,0.0000,0.0000
2026-06-06 17:08:34.850,0,2,2,0.00,0.0000,0.0000,0.8783,0.5109,0.0000,-0.0000,0.0000,0.0000
2026-06-06 17:08:34.950,0,2,2,0.00,-0.0001,0.0000,0.8783,0.5109,0.0000,-0.0000,0.0000,0.0000
2026-06-06 17:08:35.050,0,1,2,0.00,0.0003,0.0000,0.8783,0.5109,0.0000,-0.0000,0.0000,0.0000
2026-06-06 17:08:35.150,0,2,2,0.00,0.0000,0.0000,0.8783,0.5109,0.0000,-0.0000,0.0000,0.0000
2026-06-06 17:08:35.250,0,2,2,0.00,0.0001,-0.0001,0.8783,0.5109,0.0000,-0.0000,0.0000,0.0000
2026-06-06 17:08:35.350,0,2,2,0.00,0.0000,0.0000,0.8783,0.5109,0.0000,-0.0000,0.0000,0.0000
2026-06-06 17:08:35.450,0,2,2,0.00,0.0000,-0.0001,0.8783,0.5109,0.0000,-0.0000,0.0000,0.0000
2026-06-06 17:08:35.550,0,2,2,0.00,0.0001,0.0000,0.8783,0.5109,0.0000,-0.0000,0.0000,0.0000
2026-06-06 17:08:35.650,0,2,2,0.00,0.0000,0.0000,0.8783,0.5109,0.0000,-0.0000,0.0000,0.0000
2026-06-06 17:08:35.750,0,2,2,0.00,0.0001,0.0000,0.8783,0.5109,0.0000,-0.0000,0.0000,0.0000
2026-06-06 17:08:35.850,0,2,2,0.00,-0.0001,0.0003,0.8783,0.5109,0.0000,-0.0000,0.0000,0.0000
2026-06-06 17:08:35.950,0,2,2,0.00,0.0001,0.0000,0.8783,0.5109,0.0000,-0.0000,0.0000,0.0000
2026-06-06 17:08:36.050,0,2,2,0.00,0.0000,0.0000,0.8783,0.5109,0.0000,-0.0000,0.0000,0.0000
2026-06-06 17:08:36.150,0,2,2,0.00,-0.0001,0.0000,0.8783,0.5109,0.0000,-0.0000,0.0000,0.0000
2026-06-06 17:08:36.250,0,2,2,0.00,-0.0003,0.0000,0.8783,0.5109,0.0000,-0.0000,0.0000,0.0000
2026-06-06 17:08:36.350,0,2,2,0.00,-0.0001,0.0000,0.8783,0.5109,0.0000,-0.0000,0.0000,0.0000
2026-06-06 17:08:36.450,0,2,2,0.00,-0.0003,0.0000,0.8783,0.5109,0.0000,-0.0000,0.0000,0.0000
2026-06-06 17:08:36.550,0,2,2,0.00,-0.0001,-0.0001,0.8783,0.5109,0.0000,-0.0000,0.0000,0.0000
2026-06-06 17:08:36.650,0,2,2,0.00,-0.0001,0.0000,0.8783,0.5109,0.0000,-0.0000,0.0000,0.0000
2026-06-06 17:08:36.750,0,2,2,0.00,0.0000,0.0000,0.8783,0.5109,0.0000,-0.0000,0.0000,0.0000
2026-06-06 17:08:36.852,0,2,2,0.00,0.0000,0.0000,0.8783,0.5109,0.0000,-0.0000,0.0000,0.0000
2026-06-06 17:08:36.950,0,2,2,0.00,-0.0001,0.0000,0.8783,0.5109,0.0000,-0.0000,0.0000,0.0000
2026-06-06 17:08:37.053,0,2,2,0.00,0.0001,0.0000,0.8783,0.5109,0.0000,-0.0000,0.0000,0.0000
2026-06-06 17:08:37.150,0,2,2,0.00,0.0000,0.0001,0.8783,0.5109,0.0000,-0.0000,0.0000,0.0000
2026-06-06 17:08:37.250,0,2,2,0.00,0.0000,0.0000,0.8783,0.5109,0.0000,-0.0000,0.0000,0.0000
2026-06-06 17:08:37.350,0,2,2,0.00,0.0000,0.0000,0.8783,0.5109,0.0000,-0.0000,0.0000,0.0000
2026-06-06 17:08:37.450,0,2,2,0.00,-0.0001,0.0001,0.8783,0.5109,0.0000,-0.0000,0.0000,0.0000
2026-06-06 17:08:37.550,0,2,2,0.00,0.0000,0.0000,0.8783,0.5109,0.0000,-0.0000,0.0000,0.0000
2026-06-06 17:08:37.650,0,2,2,0.00,0.0001,0.0001,0.8783,0.5109,0.0000,-0.0000,0.0000,0.0000
2026-06-06 17:08:37.750,0,2,2,0.00,0.0000,0.0001,0.8783,0.5109,0.0000,-0.0000,0.0000,0.0000
2026-06-06 17:08:37.850,0,2,2,0.00,0.0000,0.0000,0.8783,0.5109,0.0000,-0.0000,0.0000,0.0000
2026-06-06 17:08:37.950,0,2,2,0.00,0.0000,0.0000,0.8783,0.5109,0.0000,-0.0000,0.0000,0.0000
2026-06-06 17:08:38.050,0,2,2,0.00,-0.0003,0.0000,0.8783,0.5109,0.0000,-0.0000,0.0000,0.0000
2026-06-06 17:08:38.150,0,2,2,0.00,-0.0001,0.0000,0.8783,0.5109,0.0000,-0.0000,0.0000,0.0000
2026-06-06 17:08:38.250,0,2,2,0.00,0.0000,-0.0001,0.8783,0.5109,0.0000,-0.0000,0.0000,0.0000
2026-06-06 17:08:38.350,0,2,2,0.00,0.0000,0.0000,0.8783,0.5109,0.0000,-0.0000,0.0000,0.0000
2026-06-06 17:08:38.450,0,2,2,0.00,0.0000,0.0000,0.8783,0.5109,0.0000,-0.0000,0.0000,0.0000
2026-06-06 17:08:38.550,0,2,2,0.00,0.0000,-0.0001,0.8783,0.5109,0.0000,-0.0000,0.0000,0.0000
2026-06-06 17:08:38.650,0,2,2,0.00,0.0000,0.0000,0.8783,0.5109,0.0000,-0.0000,0.0000,0.0000
2026-06-06 17:08:38.750,0,2,2,0.00,0.0000,-0.0001,0.8783,0.5109,0.0000,-0.0000,0.0000,0.0000
2026-06-06 17:08:38.850,0,2,2,0.00,0.0000,0.0001,0.8783,0.5109,0.0000,-0.0000,0.0000,0.0000
2026-06-06 17:08:38.950,0,2,2,0.00,0.0000,-0.0003,0.8783,0.5109,0.0000,-0.0000,0.0000,0.0000
2026-06-06 17:08:39.050,0,2,2,0.00,0.0000,0.0000,0.8783,0.5109,0.0000,-0.0000,0.0000,0.0000
2026-06-06 17:08:39.150,0,2,2,0.00,0.0001,0.0000,0.8783,0.5109,0.0000,-0.0000,0.0000,0.0000
2026-06-06 17:08:39.250,0,2,2,0.00,-0.0003,0.0000,0.8783,0.5109,0.0000,-0.0000,0.0000,0.0000
2026-06-06 17:08:39.350,0,2,2,0.00,0.0000,0.0000,0.8783,0.5109,0.0000,-0.0000,0.0000,0.0000
2026-06-06 17:08:39.450,0,2,2,0.00,0.0001,0.0000,0.8783,0.5109,0.0000,-0.0000,0.0000,0.0000
2026-06-06 17:08:39.550,0,2,2,0.00,0.0000,0.0000,0.8783,0.5109,0.0000,-0.0000,0.0000,0.0000
2026-06-06 17:08:39.650,0,2,2,0.00,0.0000,0.0000,0.8783,0.5109,0.0000,-0.0000,0.0000,0.0000
2026-06-06 17:08:39.750,0,2,2,0.00,0.0000,0.0001,0.8783,0.5109,0.0000,-0.0000,0.0000,0.0000
2026-06-06 17:08:39.850,0,2,2,0.00,0.0000,0.0000,0.8783,0.5109,0.0000,-0.0000,0.0000,0.0000
2026-06-06 17:08:39.950,0,2,2,0.00,0.0000,0.0000,0.8783,0.5109,0.0000,-0.0000,0.0000,0.0000
2026-06-06 17:08:40.050,0,2,2,0.00,0.0000,0.0001,0.8783,0.5109,0.0000,-0.0000,0.0000,0.0000
2026-06-06 17:08:40.150,0,2,2,0.00,-0.0003,0.0001,0.8783,0.5109,0.0000,-0.0000,0.0000,0.0000
2026-06-06 17:08:40.250,0,2,2,0.00,0.0000,0.0000,0.8783,0.5109,0.0000,-0.0000,0.0000,0.0000
2026-06-06 17:08:40.350,0,1,2,0.00,0.0000,0.0000,0.8783,0.5109,0.0000,-0.0000,0.0000,0.0000
2026-06-06 17:08:40.450,0,1,2,0.00,-0.0001,0.0000,0.8783,0.5109,0.0000,-0.0000,0.0000,0.0000
2026-06-06 17:08:40.550,0,1,2,0.00,0.0001,0.0001,0.8783,0.5109,0.0000,-0.0000,0.0000,0.0000
2026-06-06 17:08:40.650,0,2,2,0.00,0.0000,0.0000,0.8783,0.5109,0.0000,-0.0000,0.0000,0.0000
2026-06-06 17:08:40.750,0,2,2,0.00,0.0000,0.0000,0.8783,0.5109,0.0000,-0.0000,0.0000,0.0000
2026-06-06 17:08:40.850,0,2,2,0.00,0.0000,0.0000,0.8783,0.5109,0.0000,-0.0000,0.0000,0.0000
2026-06-06 17:08:40.950,0,2,2,0.00,0.0000,0.0000,0.8783,0.5109,0.0000,-0.0000,0.0000,0.0000
2026-06-06 17:08:41.050,0,2,2,0.00,0.0000,0.0000,0.8783,0.5109,0.0000,-0.0000,0.0000,0.0000
2026-06-06 17:08:41.150,0,2,2,0.00,0.0000,0.0000,0.8783,0.5109,0.0000,-0.0000,0.0000,0.0000
2026-06-06 17:08:41.250,0,2,2,0.00,0.0001,0.0001,0.8783,0.5109,0.0000,-0.0000,0.0000,0.0000
2026-06-06 17:08:41.350,0,2,2,0.00,0.0000,0.0000,0.8783,0.5109,0.0000,-0.0000,0.0000,0.0000
2026-06-06 17:08:41.450,0,1,2,0.00,-0.0001,0.0000,0.8783,0.5109,0.0000,-0.0000,0.0000,0.0000
2026-06-06 17:08:41.550,0,2,2,0.00,0.0001,0.0000,0.8783,0.5109,0.0000,-0.0000,0.0000,0.0000
2026-06-06 17:08:41.650,0,2,2,0.00,0.0003,0.0000,0.8783,0.5109,0.0000,-0.0000,0.0000,0.0000
2026-06-06 17:08:41.750,0,2,2,0.00,0.0000,0.0000,0.8783,0.5109,0.0000,-0.0000,0.0000,0.0000
2026-06-06 17:08:41.850,0,2,2,0.00,0.0000,0.0000,0.8783,0.5109,0.0000,-0.0000,0.0000,0.0000
2026-06-06 17:08:41.950,0,2,2,0.00,0.0000,0.0000,0.8783,0.5109,0.0000,-0.0000,0.0000,0.0000
2026-06-06 17:08:42.050,0,2,2,0.00,0.0003,0.0000,0.8783,0.5109,0.0000,-0.0000,0.0000,0.0000
2026-06-06 17:08:42.150,0,2,2,0.00,-0.0001,0.0000,0.8783,0.5109,0.0000,-0.0000,0.0000,0.0000
2026-06-06 17:08:42.250,0,2,2,0.00,-0.0001,0.0001,0.8783,0.5109,0.0000,-0.0000,0.0000,0.0000
2026-06-06 17:08:42.350,0,2,2,0.00,0.0000,0.0001,0.8783,0.5109,0.0000,-0.0000,0.0000,0.0000
2026-06-06 17:08:42.450,0,2,2,0.00,0.0000,-0.0001,0.8783,0.5109,0.0000,-0.0000,0.0000,0.0000
2026-06-06 17:08:42.550,0,2,2,0.00,0.0000,0.0000,0.8783,0.5109,0.0000,-0.0000,0.0000,0.0000
2026-06-06 17:08:42.650,0,2,2,0.00,0.0000,0.0000,0.8783,0.5109,0.0000,-0.0000,0.0000,0.0000
2026-06-06 17:08:42.750,0,2,2,0.00,0.0000,0.0001,0.8783,0.5109,0.0000,-0.0000,0.0000,0.0000
2026-06-06 17:08:42.850,0,2,2,0.00,0.0000,0.0000,0.8783,0.5109,0.0000,-0.0000,0.0000,0.0000
2026-06-06 17:08:42.950,0,2,2,0.00,0.0000,-0.0001,0.8783,0.5109,0.0000,-0.0000,0.0000,0.0000
2026-06-06 17:08:43.050,0,2,2,0.00,0.0000,0.0000,0.8783,0.5109,0.0000,-0.0000,0.0000,0.0000
2026-06-06 17:08:43.150,0,2,2,0.00,0.0000,0.0000,0.8783,0.5109,0.0000,-0.0000,0.0000,0.0000
2026-06-06 17:08:43.250,0,2,2,0.00,0.0000,0.0000,0.8783,0.5109,0.0000,-0.0000,0.0000,0.0000
2026-06-06 17:08:43.350,0,2,2,0.00,0.0000,0.0000,0.8783,0.5109,0.0000,-0.0000,0.0000,0.0000
2026-06-06 17:08:43.450,0,1,2,0.00,-0.0001,-0.0001,0.8783,0.5109,0.0000,-0.0000,0.0000,0.0000
2026-06-06 17:08:43.550,0,2,2,0.00,0.0000,0.0000,0.8783,0.5109,0.0000,-0.0000,0.0000,0.0000
2026-06-06 17:08:43.650,0,1,2,0.00,0.0000,-0.0001,0.8783,0.5109,0.0000,-0.0000,0.0000,0.0000
2026-06-06 17:08:43.750,0,2,2,0.00,-0.0003,-0.0001,0.8783,0.5109,0.0000,-0.0000,0.0000,0.0000
2026-06-06 17:08:43.850,0,2,2,0.00,0.0000,0.0000,0.8783,0.5109,0.0000,-0.0000,0.0000,0.0000
2026-06-06 17:08:43.950,0,1,2,0.00,0.0000,0.0001,0.8783,0.5109,0.0000,-0.0000,0.0000,0.0000
2026-06-06 17:08:44.050,0,1,2,0.00,-0.0001,0.0001,0.8783,0.5109,0.0000,-0.0000,0.0000,0.0000
2026-06-06 17:08:44.150,0,1,2,0.00,-0.0001,0.0000,0.8783,0.5109,0.0000,-0.0000,0.0000,0.0000
2026-06-06 17:08:44.250,0,2,2,0.00,0.0003,0.0001,0.8783,0.5109,0.0000,-0.0000,0.0000,0.0000
2026-06-06 17:08:44.350,0,2,2,0.00,0.0000,0.0000,0.8783,0.5109,0.0000,-0.0000,0.0000,0.0000
2026-06-06 17:08:44.450,0,2,2,0.00,0.0003,0.0000,0.8783,0.5109,0.0000,-0.0000,0.0000,0.0000
2026-06-06 17:08:44.550,0,1,2,0.00,0.0001,-0.0005,0.8783,0.5109,0.0000,-0.0000,0.0000,0.0000
2026-06-06 17:08:44.650,0,1,2,0.00,0.0000,0.0000,0.8783,0.5109,0.0000,-0.0000,0.0000,0.0000
2026-06-06 17:08:44.750,0,1,2,0.00,0.0000,0.0000,0.8783,0.5109,0.0000,-0.0000,0.0000,0.0000
2026-06-06 17:08:44.850,0,2,2,0.00,0.0000,0.0000,0.8783,0.5109,0.0000,-0.0000,0.0000,0.0000
2026-06-06 17:08:44.950,0,2,2,0.00,-0.0003,-0.0004,0.8783,0.5109,0.0000,-0.0000,0.0000,0.0000
2026-06-06 17:08:45.050,0,2,2,0.00,0.0000,-0.0001,0.8783,0.5109,0.0000,-0.0000,0.0000,0.0000
2026-06-06 17:08:45.150,0,2,2,0.00,0.0001,0.0000,0.8783,0.5109,0.0000,-0.0000,0.0000,0.0000
2026-06-06 17:08:45.250,0,2,2,0.00,0.0000,-0.0001,0.8783,0.5109,0.0000,-0.0000,0.0000,0.0000
2026-06-06 17:08:45.350,0,2,2,0.00,0.0000,0.0004,0.8783,0.5109,0.0000,-0.0000,0.0000,0.0000
2026-06-06 17:08:45.450,0,1,2,0.00,0.0000,0.0000,0.8783,0.5109,0.0000,-0.0000,0.0000,0.0000
2026-06-06 17:08:45.550,0,2,2,0.00,-0.0003,0.0001,0.8783,0.5109,0.0000,-0.0000,0.0000,0.0000
2026-06-06 17:08:45.650,0,2,2,0.00,0.0003,0.0000,0.8783,0.5109,0.0000,-0.0000,0.0000,0.0000
2026-06-06 17:08:45.750,0,2,2,0.00,-0.0001,0.0000,0.8783,0.5109,0.0000,-0.0000,0.0000,0.0000
2026-06-06 17:08:45.850,0,2,2,0.00,0.0003,0.0000,0.8783,0.5109,0.0000,-0.0000,0.0000,0.0000
2026-06-06 17:08:45.950,0,1,2,0.00,0.0000,0.0000,0.8783,0.5109,0.0000,-0.0000,0.0000,0.0000
2026-06-06 17:08:46.050,0,2,2,0.00,0.0000,0.0001,0.8783,0.5109,0.0000,-0.0000,0.0000,0.0000
2026-06-06 17:08:46.150,0,1,2,0.00,0.0000,0.0000,0.8783,0.5109,0.0000,-0.0000,0.0000,0.0000
2026-06-06 17:08:46.250,0,2,2,0.00,0.0001,0.0000,0.8783,0.5109,0.0000,-0.0000,0.0000,0.0000
2026-06-06 17:08:46.350,0,2,2,0.00,0.0000,0.0000,0.8783,0.5109,0.0000,-0.0000,0.0000,0.0000
2026-06-06 17:08:46.450,0,1,2,0.00,0.0000,-0.0005,0.8783,0.5109,0.0000,-0.0000,0.0000,0.0000
2026-06-06 17:08:46.550,0,1,2,0.00,-0.0001,-0.0001,0.8783,0.5109,0.0000,-0.0000,0.0000,0.0000
2026-06-06 17:08:46.650,0,2,2,0.00,0.0001,-0.0001,0.8783,0.5109,0.0000,-0.0000,0.0000,0.0000
2026-06-06 17:08:46.750,0,2,2,0.00,0.0000,0.0000,0.8783,0.5109,0.0000,-0.0000,0.0000,0.0000
2026-06-06 17:08:46.850,0,2,2,0.00,0.0000,-0.0001,0.8783,0.5109,0.0000,-0.0000,0.0000,0.0000
2026-06-06 17:08:46.950,0,2,2,0.00,0.0003,0.0000,0.8783,0.5109,0.0000,-0.0000,0.0000,0.0000
2026-06-06 17:08:47.050,0,2,2,0.00,0.0000,0.0001,0.8783,0.5109,0.0000,-0.0000,0.0000,0.0000
2026-06-06 17:08:47.150,0,2,2,0.00,0.0001,0.0000,0.8783,0.5109,0.0000,-0.0000,0.0000,0.0000
2026-06-06 17:08:47.250,0,2,2,0.00,0.0001,0.0000,0.8783,0.5109,0.0000,-0.0000,0.0000,0.0000
2026-06-06 17:08:47.350,0,2,2,0.00,0.0000,-0.0003,0.8783,0.5109,0.0000,-0.0000,0.0000,0.0000
2026-06-06 17:08:47.450,0,1,2,0.00,0.0000,-0.0003,0.8783,0.5109,0.0000,-0.0000,0.0000,0.0000
2026-06-06 17:08:47.550,0,2,2,0.00,-0.0001,0.0001,0.8783,0.5109,0.0000,-0.0000,0.0000,0.0000
2026-06-06 17:08:47.650,0,2,2,0.00,0.0003,0.0001,0.8783,0.5109,0.0000,-0.0000,0.0000,0.0000
2026-06-06 17:08:47.750,0,2,2,0.00,0.0001,0.0000,0.8783,0.5109,0.0000,-0.0000,0.0000,0.0000
2026-06-06 17:08:47.850,0,2,2,0.00,-0.0003,-0.0001,0.8783,0.5109,0.0000,-0.0000,0.0000,0.0000
2026-06-06 17:08:47.950,0,2,2,0.00,0.0000,0.0000,0.8783,0.5109,0.0000,-0.0000,0.0000,0.0000
2026-06-06 17:08:48.050,0,2,2,0.00,0.0000,0.0000,0.8783,0.5109,0.0000,-0.0000,0.0000,0.0000
2026-06-06 17:08:48.150,0,2,2,0.00,0.0003,-0.0001,0.8783,0.5109,0.0000,-0.0000,0.0000,0.0000
2026-06-06 17:08:48.250,0,2,2,0.00,-0.0001,-0.0001,0.8783,0.5109,0.0000,-0.0000,0.0000,0.0000
2026-06-06 17:08:48.350,0,2,2,0.00,0.0000,-0.0003,0.8783,0.5109,0.0000,-0.0000,0.0000,0.0000
2026-06-06 17:08:48.450,0,2,2,0.00,0.0000,0.0000,0.8783,0.5109,0.0000,-0.0000,0.0000,0.0000
2026-06-06 17:08:48.550,0,2,2,0.00,0.0000,0.0001,0.8783,0.5109,0.0000,-0.0000,0.0000,0.0000
2026-06-06 17:08:48.650,0,2,2,0.00,0.0000,0.0000,0.8783,0.5109,0.0000,-0.0000,0.0000,0.0000
2026-06-06 17:08:48.750,0,2,2,0.00,-0.0003,-0.0001,0.8783,0.5109,0.0000,-0.0000,0.0000,0.0000
2026-06-06 17:08:48.850,0,2,2,0.00,0.0000,0.0000,0.8783,0.5109,0.0000,-0.0000,0.0000,0.0000
2026-06-06 17:08:48.950,0,2,2,0.00,0.0000,0.0000,0.8783,0.5109,0.0000,-0.0000,0.0000,0.0000
2026-06-06 17:08:49.050,0,2,2,0.00,0.0001,0.0000,0.8783,0.5109,0.0000,-0.0000,0.0000,0.0000
2026-06-06 17:08:49.150,0,2,2,0.00,0.0000,0.0000,0.8783,0.5109,0.0000,-0.0000,0.0000,0.0000
2026-06-06 17:08:49.250,0,2,2,0.00,0.0000,0.0000,0.8783,0.5109,0.0000,-0.0000,0.0000,0.0000
2026-06-06 17:08:49.350,0,2,2,0.00,0.0000,0.0001,0.8783,0.5109,0.0000,-0.0000,0.0000,0.0000
2026-06-06 17:08:49.450,0,2,2,0.00,0.0000,0.0000,0.8783,0.5109,0.0000,-0.0000,0.0000,0.0000
2026-06-06 17:08:49.550,0,2,2,0.00,0.0001,0.0001,0.8783,0.5109,0.0000,-0.0000,0.0000,0.0000
2026-06-06 17:08:49.650,0,2,2,0.00,0.0003,0.0003,0.8783,0.5109,0.0000,-0.0000,0.0000,0.0000
2026-06-06 17:08:49.750,0,2,2,0.00,0.0000,0.0000,0.8783,0.5109,0.0000,-0.0000,0.0000,0.0000
2026-06-06 17:08:49.850,0,2,2,0.00,-0.0003,0.0005,0.8783,0.5109,0.0000,-0.0000,0.0000,0.0000
2026-06-06 17:08:49.950,0,2,2,0.00,0.0000,0.0000,0.8783,0.5109,0.0000,-0.0000,0.0000,0.0000
2026-06-06 17:08:50.050,0,2,2,0.00,0.0000,0.0000,0.8783,0.5109,0.0000,-0.0000,0.0000,0.0000
2026-06-06 17:08:50.150,0,2,2,0.00,-0.0001,0.0000,0.8783,0.5109,0.0000,-0.0000,0.0000,0.0000
2026-06-06 17:08:50.250,0,2,2,0.00,0.0000,0.0000,0.8783,0.5109,0.0000,-0.0000,0.0000,0.0000
2026-06-06 17:08:50.353,0,2,2,0.00,0.0000,0.0000,0.8783,0.5109,0.0000,-0.0000,0.0000,0.0000
2026-06-06 17:08:50.450,0,2,2,0.00,0.0000,-0.0001,0.8783,0.5109,0.0000,-0.0000,0.0000,0.0000
2026-06-06 17:08:50.550,0,2,2,0.00,0.0000,0.0001,0.8783,0.5109,0.0000,-0.0000,0.0000,0.0000
2026-06-06 17:08:50.650,0,2,2,0.00,0.0000,0.0003,0.8783,0.5109,0.0000,-0.0000,0.0000,0.0000
2026-06-06 17:08:50.750,0,2,2,0.00,0.0000,0.0004,0.8783,0.5109,0.0000,-0.0000,0.0000,0.0000
2026-06-06 17:08:50.850,0,2,2,0.00,-0.0004,-0.0003,0.8783,0.5109,0.0000,-0.0000,0.0000,0.0000
2026-06-06 17:08:50.950,0,2,2,0.00,0.0000,0.0001,0.8783,0.5109,0.0000,-0.0000,0.0000,0.0000
2026-06-06 17:08:51.050,0,2,2,0.00,0.0000,0.0001,0.8783,0.5109,0.0000,-0.0000,0.0000,0.0000
2026-06-06 17:08:51.150,0,2,2,0.00,-0.0003,0.0000,0.8783,0.5109,0.0000,-0.0000,0.0000,0.0000
2026-06-06 17:08:51.250,0,2,2,0.00,-0.0001,-0.0003,0.8783,0.5109,0.0000,-0.0000,0.0000,0.0000
2026-06-06 17:08:51.350,0,2,2,0.00,-0.0001,-0.0001,0.8783,0.5109,0.0000,-0.0000,0.0000,0.0000
2026-06-06 17:08:51.450,0,1,2,0.00,0.0000,0.0000,0.8783,0.5109,0.0000,-0.0000,0.0000,0.0000
2026-06-06 17:08:51.550,0,2,2,0.00,0.0000,0.0000,0.8783,0.5109,0.0000,-0.0000,0.0000,0.0000
2026-06-06 17:08:51.650,0,2,2,0.00,-0.0001,0.0000,0.8783,0.5109,0.0000,-0.0000,0.0000,0.0000
2026-06-06 17:08:51.750,0,2,2,0.00,0.0000,0.0000,0.8783,0.5109,0.0000,-0.0000,0.0000,0.0000
2026-06-06 17:08:51.850,0,2,2,0.00,-0.0003,-0.0005,0.8783,0.5109,0.0000,-0.0000,0.0000,0.0000
2026-06-06 17:08:51.950,0,2,2,0.00,0.0001,-0.0003,0.8783,0.5109,0.0000,-0.0000,0.0000,0.0000
2026-06-06 17:08:52.051,0,2,2,0.00,0.0000,0.0001,0.8783,0.5109,0.0000,-0.0000,0.0000,0.0000
2026-06-06 17:08:52.150,0,2,2,0.00,0.0001,0.0001,0.8783,0.5109,0.0000,-0.0000,0.0000,0.0000
2026-06-06 17:08:52.250,0,2,2,0.00,0.0000,0.0003,0.8783,0.5109,0.0000,-0.0000,0.0000,0.0000
2026-06-06 17:08:52.350,0,2,2,0.00,0.0001,0.0000,0.8783,0.5109,0.0000,-0.0000,0.0000,0.0000
2026-06-06 17:08:52.450,0,2,2,0.00,-0.0001,0.0000,0.8783,0.5109,0.0000,-0.0000,0.0000,0.0000
2026-06-06 17:08:52.550,0,2,2,0.00,-0.0001,0.0001,0.8783,0.5109,0.0000,-0.0000,0.0000,0.0000
2026-06-06 17:08:52.650,0,2,2,0.00,0.0000,0.0000,0.8783,0.5109,0.0000,-0.0000,0.0000,0.0000
2026-06-06 17:08:52.750,0,2,2,0.00,0.0000,0.0000,0.8783,0.5109,0.0000,-0.0000,0.0000,0.0000
2026-06-06 17:08:52.850,0,2,2,0.00,0.0001,-0.0003,0.8783,0.5109,0.0000,-0.0000,0.0000,0.0000
2026-06-06 17:08:52.950,0,2,2,0.00,0.0000,0.0000,0.8783,0.5109,0.0000,-0.0000,0.0000,0.0000
2026-06-06 17:08:53.050,0,2,2,0.00,-0.0001,-0.0003,0.8783,0.5109,0.0000,-0.0000,0.0000,0.0000
2026-06-06 17:08:53.150,0,2,2,0.00,0.0000,-0.0001,0.8783,0.5109,0.0000,-0.0000,0.0000,0.0000
2026-06-06 17:08:53.250,0,2,2,0.00,-0.0001,0.0003,0.8783,0.5109,0.0000,-0.0000,0.0000,0.0000
2026-06-06 17:08:53.350,0,2,2,0.00,0.0000,0.0000,0.8783,0.5109,0.0000,-0.0000,0.0000,0.0000
2026-06-06 17:08:53.450,0,2,2,0.00,0.0000,0.0000,0.8783,0.5109,0.0000,-0.0000,0.0000,0.0000
2026-06-06 17:08:53.550,0,2,2,0.00,0.0000,0.0003,0.8783,0.5109,0.0000,-0.0000,0.0000,0.0000
2026-06-06 17:08:53.650,0,2,2,0.00,0.0000,0.0001,0.8783,0.5109,0.0000,-0.0000,0.0000,0.0000
2026-06-06 17:08:53.750,0,2,2,0.00,-0.0001,0.0000,0.8783,0.5109,0.0000,-0.0000,0.0000,0.0000
2026-06-06 17:08:53.850,0,2,2,0.00,-0.0001,0.0001,0.8783,0.5109,0.0000,-0.0000,0.0000,0.0000
2026-06-06 17:08:53.950,0,1,2,0.00,0.0000,0.0000,0.8783,0.5109,0.0000,-0.0000,0.0000,0.0000
2026-06-06 17:08:54.050,0,2,2,0.00,0.0003,0.0000,0.8783,0.5109,0.0000,-0.0000,0.0000,0.0000
2026-06-06 17:08:54.150,0,2,2,0.00,-0.0001,0.0000,0.8783,0.5109,0.0000,-0.0000,0.0000,0.0000
2026-06-06 17:08:54.250,0,2,2,0.00,-0.0001,0.0000,0.8783,0.5109,0.0000,-0.0000,0.0000,0.0000
2026-06-06 17:08:54.350,0,2,2,0.00,0.0001,-0.0001,0.8783,0.5109,0.0000,-0.0000,0.0000,0.0000
2026-06-06 17:08:54.450,0,2,2,0.00,0.0000,0.0001,0.8783,0.5109,0.0000,-0.0000,0.0000,0.0000
2026-06-06 17:08:54.550,0,2,2,0.00,0.0000,0.0000,0.8783,0.5109,0.0000,-0.0000,0.0000,0.0000
2026-06-06 17:08:54.650,0,2,2,0.00,-0.0003,0.0000,0.8783,0.5109,0.0000,-0.0000,0.0000,0.0000
2026-06-06 17:08:54.750,0,2,2,0.00,0.0000,0.0003,0.8783,0.5109,0.0000,-0.0000,0.0000,0.0000
2026-06-06 17:08:54.850,0,2,2,0.00,0.0001,0.0001,0.8783,0.5109,0.0000,-0.0000,0.0000,0.0000
2026-06-06 17:08:54.950,0,2,2,0.00,0.0000,-0.0003,0.8783,0.5109,0.0000,-0.0000,0.0000,0.0000
2026-06-06 17:08:55.050,0,2,2,0.00,0.0000,-0.0001,0.8783,0.5109,0.0000,-0.0000,0.0000,0.0000
2026-06-06 17:08:55.150,0,2,2,0.00,0.0000,-0.0001,0.8783,0.5109,0.0000,-0.0000,0.0000,0.0000
2026-06-06 17:08:55.250,0,2,2,0.00,-0.0001,0.0003,0.8783,0.5109,0.0000,-0.0000,0.0000,0.0000
2026-06-06 17:08:55.350,0,2,2,0.00,-0.0003,0.0000,0.8783,0.5109,0.0000,-0.0000,0.0000,0.0000
2026-06-06 17:08:55.450,0,2,2,0.00,0.0001,0.0003,0.8783,0.5109,0.0000,-0.0000,0.0000,0.0000
2026-06-06 17:08:55.550,0,2,2,0.00,0.0000,0.0000,0.8783,0.5109,0.0000,-0.0000,0.0000,0.0000
2026-06-06 17:08:55.650,0,2,2,0.00,0.0000,-0.0003,0.8783,0.5109,0.0000,-0.0000,0.0000,0.0000
2026-06-06 17:08:55.750,0,1,2,0.00,0.0001,-0.0001,0.8783,0.5109,0.0000,-0.0000,0.0000,0.0000
2026-06-06 17:08:55.850,0,2,2,0.00,0.0000,0.0000,0.8783,0.5109,0.0000,-0.0000,0.0000,0.0000
2026-06-06 17:08:55.950,0,2,2,0.00,0.0000,0.0000,0.8783,0.5109,0.0000,-0.0000,0.0000,0.0000
2026-06-06 17:08:56.050,0,1,2,0.00,0.0000,0.0003,0.8783,0.5109,0.0000,-0.0000,0.0000,0.0000
2026-06-06 17:08:56.153,0,2,2,0.00,0.0000,-0.0001,0.8783,0.5109,0.0000,-0.0000,0.0000,0.0000
2026-06-06 17:08:56.250,0,2,2,0.00,-0.0001,-0.0003,0.8783,0.5109,0.0000,-0.0000,0.0000,0.0000
2026-06-06 17:08:56.355,0,2,2,0.00,0.0001,0.0000,0.8783,0.5109,0.0000,-0.0000,0.0000,0.0000
2026-06-06 17:08:56.450,0,2,2,0.00,0.0000,0.0000,0.8783,0.5109,0.0000,-0.0000,0.0000,0.0000
2026-06-06 17:08:56.550,0,1,2,0.00,0.0001,0.0000,0.8783,0.5109,0.0000,-0.0000,0.0000,0.0000
2026-06-06 17:08:56.650,0,2,2,0.00,0.0000,0.0000,0.8783,0.5109,0.0000,-0.0000,0.0000,0.0000
2026-06-06 17:08:56.750,0,2,2,0.00,0.0000,0.0000,0.8783,0.5109,0.0000,-0.0000,0.0000,0.0000
2026-06-06 17:08:56.850,0,2,2,0.00,0.0000,0.0000,0.8783,0.5109,0.0000,-0.0000,0.0000,0.0000
2026-06-06 17:08:56.950,0,2,2,0.00,-0.0001,0.0001,0.8783,0.5109,0.0000,-0.0000,0.0000,0.0000
2026-06-06 17:08:57.050,0,1,2,0.00,0.0001,0.0000,0.8783,0.5109,0.0000,-0.0000,0.0000,0.0000
2026-06-06 17:08:57.150,0,1,2,0.00,0.0000,0.0000,0.8783,0.5109,0.0000,-0.0000,0.0000,0.0000
2026-06-06 17:08:57.250,0,1,2,0.00,0.0004,0.0000,0.8783,0.5109,0.0000,-0.0000,0.0000,0.0000
2026-06-06 17:08:57.350,0,2,2,0.00,-0.0005,0.0000,0.8783,0.5109,0.0000,-0.0000,0.0000,0.0000
2026-06-06 17:08:57.450,0,1,2,0.00,-0.0001,0.0000,0.8783,0.5109,0.0000,-0.0000,0.0000,0.0000
2026-06-06 17:08:57.550,0,1,2,0.00,-0.0001,0.0000,0.8783,0.5109,0.0000,-0.0000,0.0000,0.0000
2026-06-06 17:08:57.650,0,2,2,0.00,0.0000,0.0001,0.8783,0.5109,0.0000,-0.0000,0.0000,0.0000
2026-06-06 17:08:57.750,0,1,2,0.00,0.0000,0.0004,0.8783,0.5109,0.0000,-0.0000,0.0000,0.0000
2026-06-06 17:08:57.850,0,2,2,0.00,0.0001,0.0000,0.8783,0.5109,0.0000,-0.0000,0.0000,0.0000
2026-06-06 17:08:57.950,0,1,2,0.00,0.0001,0.0000,0.8783,0.5109,0.0000,-0.0000,0.0000,0.0000
2026-06-06 17:08:58.050,0,2,2,0.00,0.0001,0.0000,0.8783,0.5109,0.0000,-0.0000,0.0000,0.0000
2026-06-06 17:08:58.150,0,2,2,0.00,0.0001,0.0000,0.8783,0.5109,0.0000,-0.0000,0.0000,0.0000
2026-06-06 17:08:58.250,0,1,2,0.00,0.0000,0.0001,0.8783,0.5109,0.0000,-0.0000,0.0000,0.0000
2026-06-06 17:08:58.350,0,2,2,0.00,0.0000,0.0000,0.8783,0.5109,0.0000,-0.0000,0.0000,0.0000
2026-06-06 17:08:58.450,0,2,2,0.00,0.0000,0.0000,0.8783,0.5109,0.0000,-0.0000,0.0000,0.0000
2026-06-06 17:08:58.550,0,2,2,0.00,0.0001,0.0000,0.8783,0.5109,0.0000,-0.0000,0.0000,0.0000
2026-06-06 17:08:58.650,0,2,2,0.00,0.0000,-0.0001,0.8783,0.5109,0.0000,-0.0000,0.0000,0.0000
2026-06-06 17:08:58.750,0,2,2,0.00,0.0000,0.0000,0.8783,0.5109,0.0000,-0.0000,0.0000,0.0000
2026-06-06 17:08:58.850,0,2,2,0.00,0.0000,-0.0003,0.8783,0.5109,0.0000,-0.0000,0.0000,0.0000
2026-06-06 17:08:58.950,0,2,2,0.00,0.0000,0.0001,0.8783,0.5109,0.0000,-0.0000,0.0000,0.0000
2026-06-06 17:08:59.050,0,2,2,0.00,0.0000,0.0000,0.8783,0.5109,0.0000,-0.0000,0.0000,0.0000
2026-06-06 17:08:59.150,0,2,2,0.00,0.0000,-0.0001,0.8783,0.5109,0.0000,-0.0000,0.0000,0.0000
2026-06-06 17:08:59.250,0,2,2,0.00,-0.0001,0.0001,0.8783,0.5109,0.0000,-0.0000,0.0000,0.0000
2026-06-06 17:08:59.350,0,2,2,0.00,0.0000,0.0000,0.8783,0.5109,0.0000,-0.0000,0.0000,0.0000
2026-06-06 17:08:59.450,0,2,2,0.00,0.0000,0.0000,0.8783,0.5109,0.0000,-0.0000,0.0000,0.0000
2026-06-06 17:08:59.550,0,2,2,0.00,0.0001,0.0000,0.8783,0.5109,0.0000,-0.0000,0.0000,0.0000
2026-06-06 17:08:59.650,0,2,2,0.00,0.0000,0.0000,0.8783,0.5109,0.0000,-0.0000,0.0000,0.0000
2026-06-06 17:08:59.750,0,2,2,0.00,0.0001,0.0001,0.8783,0.5109,0.0000,-0.0000,0.0000,0.0000
2026-06-06 17:08:59.850,0,2,2,0.00,0.0000,-0.0001,0.8783,0.5109,0.0000,-0.0000,0.0000,0.0000
2026-06-06 17:08:59.950,0,2,2,0.00,-0.0001,0.0000,0.8783,0.5109,0.0000,-0.0000,0.0000,0.0000
2026-06-06 17:09:00.050,0,2,2,0.00,-0.0003,-0.0001,0.8783,0.5109,0.0000,-0.0000,0.0000,0.0000
2026-06-06 17:09:00.150,0,2,2,0.00,0.0000,-0.0001,0.8783,0.5109,0.0000,-0.0000,0.0000,0.0000
2026-06-06 17:09:00.250,0,2,2,0.00,0.0000,0.0001,0.8783,0.5109,0.0000,-0.0000,0.0000,0.0000
2026-06-06 17:09:00.350,0,2,2,0.00,0.0000,0.0000,0.8783,0.5109,0.0000,-0.0000,0.0000,0.0000
2026-06-06 17:09:00.450,0,2,2,0.00,0.0000,0.0000,0.8783,0.5109,0.0000,-0.0000,0.0000,0.0000
2026-06-06 17:09:00.550,0,2,2,0.00,0.0000,0.0004,0.8783,0.5109,0.0000,-0.0000,0.0000,0.0000
2026-06-06 17:09:00.650,0,1,2,0.00,-0.0001,0.0001,0.8783,0.5109,0.0000,-0.0000,0.0000,0.0000
2026-06-06 17:09:00.750,0,2,2,0.00,0.0000,0.0000,0.8783,0.5109,0.0000,-0.0000,0.0000,0.0000
2026-06-06 17:09:00.850,0,2,2,0.00,0.0001,0.0000,0.8783,0.5109,0.0000,-0.0000,0.0000,0.0000
2026-06-06 17:09:00.950,0,2,2,0.00,0.0000,0.0003,0.8783,0.5109,0.0000,-0.0000,0.0000,0.0000
2026-06-06 17:09:01.050,0,2,2,0.00,0.0000,-0.0001,0.8783,0.5109,0.0000,-0.0000,0.0000,0.0000
2026-06-06 17:09:01.150,0,2,2,0.00,-0.0001,0.0001,0.8783,0.5109,0.0000,-0.0000,0.0000,0.0000
2026-06-06 17:09:01.250,0,2,2,0.00,0.0000,0.0000,0.8783,0.5109,0.0000,-0.0000,0.0000,0.0000
2026-06-06 17:09:01.350,0,2,2,0.00,0.0000,0.0001,0.8783,0.5109,0.0000,-0.0000,0.0000,0.0000
2026-06-06 17:09:01.450,0,1,2,0.00,0.0000,0.0001,0.8783,0.5109,0.0000,-0.0000,0.0000,0.0000
2026-06-06 17:09:01.550,0,2,2,0.00,0.0000,0.0003,0.8783,0.5109,0.0000,-0.0000,0.0000,0.0000
2026-06-06 17:09:01.650,0,2,2,0.00,-0.0001,0.0000,0.8783,0.5109,0.0000,-0.0000,0.0000,0.0000
2026-06-06 17:09:01.750,0,2,2,0.00,0.0000,0.0003,0.8783,0.5109,0.0000,-0.0000,0.0000,0.0000
2026-06-06 17:09:01.850,0,2,2,0.00,0.0000,0.0000,0.8783,0.5109,0.0000,-0.0000,0.0000,0.0000
2026-06-06 17:09:01.950,0,2,2,0.00,0.0000,0.0000,0.8783,0.5109,0.0000,-0.0000,0.0000,0.0000
2026-06-06 17:09:02.050,0,2,2,0.00,0.0000,-0.0001,0.8783,0.5109,0.0000,-0.0000,0.0000,0.0000
2026-06-06 17:09:02.150,0,2,2,0.00,0.0000,0.0000,0.8783,0.5109,0.0000,-0.0000,0.0000,0.0000
2026-06-06 17:09:02.250,0,2,2,0.00,-0.0001,0.0001,0.8783,0.5109,0.0000,-0.0000,0.0000,0.0000
2026-06-06 17:09:02.350,0,2,2,0.00,-0.0001,0.0001,0.8783,0.5109,0.0000,-0.0000,0.0000,0.0000
2026-06-06 17:09:02.450,0,2,2,0.00,0.0000,0.0000,0.8783,0.5109,0.0000,-0.0000,0.0000,0.0000
2026-06-06 17:09:02.550,0,2,2,0.00,-0.0001,0.0000,0.8783,0.5109,0.0000,-0.0000,0.0000,0.0000
2026-06-06 17:09:02.650,0,2,2,0.00,0.0000,-0.0001,0.8783,0.5109,0.0000,-0.0000,0.0000,0.0000
2026-06-06 17:09:02.750,0,2,2,0.00,0.0000,0.0001,0.8783,0.5109,0.0000,-0.0000,0.0000,0.0000
2026-06-06 17:09:02.850,0,2,2,0.00,0.0000,0.0001,0.8783,0.5109,0.0000,-0.0000,0.0000,0.0000
2026-06-06 17:09:02.950,0,2,2,0.00,0.0000,-0.0001,0.8783,0.5109,0.0000,-0.0000,0.0000,0.0000
2026-06-06 17:09:03.050,0,2,2,0.00,0.0000,0.0001,0.8783,0.5109,0.0000,-0.0000,0.0000,0.0000
2026-06-06 17:09:03.150,0,2,2,0.00,0.0000,0.0000,0.8783,0.5109,0.0000,-0.0000,0.0000,0.0000
2026-06-06 17:09:03.250,0,2,2,0.00,0.0003,0.0000,0.8783,0.5109,0.0000,-0.0000,0.0000,0.0000
2026-06-06 17:09:03.350,0,2,2,0.00,0.0000,0.0000,0.8783,0.5109,0.0000,-0.0000,0.0000,0.0000
2026-06-06 17:09:03.450,0,2,2,0.00,0.0000,0.0000,0.8783,0.5109,0.0000,-0.0000,0.0000,0.0000
2026-06-06 17:09:03.550,0,2,2,0.00,-0.0001,0.0000,0.8783,0.5109,0.0000,-0.0000,0.0000,0.0000
2026-06-06 17:09:03.650,0,2,2,0.00,0.0000,-0.0001,0.8783,0.5109,0.0000,-0.0000,0.0000,0.0000
2026-06-06 17:09:03.750,0,2,2,0.00,0.0000,-0.0001,0.8783,0.5109,0.0000,-0.0000,0.0000,0.0000
2026-06-06 17:09:03.850,0,2,2,0.00,-0.0001,0.0007,0.8783,0.5109,0.0000,-0.0000,0.0000,0.0000
2026-06-06 17:09:03.950,0,2,2,0.00,0.0000,0.0001,0.8783,0.5109,0.0000,-0.0000,0.0000,0.0000
2026-06-06 17:09:04.050,0,2,2,0.00,0.0000,0.0001,0.8783,0.5109,0.0000,-0.0000,0.0000,0.0000
2026-06-06 17:09:04.150,0,2,2,0.00,0.0000,0.0003,0.8783,0.5109,0.0000,-0.0000,0.0000,0.0000
2026-06-06 17:09:04.250,0,2,2,0.00,0.0000,-0.0001,0.8783,0.5109,0.0000,-0.0000,0.0000,0.0000
2026-06-06 17:09:04.350,0,2,2,0.00,0.0000,0.0007,0.8783,0.5109,0.0000,-0.0000,0.0000,0.0000
2026-06-06 17:09:04.450,0,2,2,0.00,0.0000,0.0000,0.8783,0.5109,0.0000,-0.0000,0.0000,0.0000
2026-06-06 17:09:04.550,0,2,2,0.00,0.0000,0.0000,0.8783,0.5109,0.0000,-0.0000,0.0000,0.0000
2026-06-06 17:09:04.650,0,2,2,0.00,-0.0001,-0.0001,0.8783,0.5109,0.0000,-0.0000,0.0000,0.0000
2026-06-06 17:09:04.750,0,2,2,0.00,0.0000,-0.0004,0.8783,0.5109,0.0000,-0.0000,0.0000,0.0000
2026-06-06 17:09:04.850,0,2,2,0.00,-0.0001,0.0000,0.8783,0.5109,0.0000,-0.0000,0.0000,0.0000
2026-06-06 17:09:04.950,0,2,2,0.00,0.0000,0.0003,0.8783,0.5109,0.0000,-0.0000,0.0000,0.0000
2026-06-06 17:09:05.050,0,2,2,0.00,0.0000,0.0001,0.8783,0.5109,0.0000,-0.0000,0.0000,0.0000
2026-06-06 17:09:05.150,0,2,2,0.00,0.0000,0.0001,0.8783,0.5109,0.0000,-0.0000,0.0000,0.0000
2026-06-06 17:09:05.250,0,2,2,0.00,0.0000,0.0001,0.8783,0.5109,0.0000,-0.0000,0.0000,0.0000
2026-06-06 17:09:05.350,0,2,2,0.00,0.0000,0.0001,0.8783,0.5109,0.0000,-0.0000,0.0000,0.0000
2026-06-06 17:09:05.450,0,2,2,0.00,0.0000,0.0001,0.8783,0.5109,0.0000,-0.0000,0.0000,0.0000
2026-06-06 17:09:05.550,0,2,2,0.00,0.0000,0.0001,0.8783,0.5109,0.0000,-0.0000,0.0000,0.0000
2026-06-06 17:09:05.650,0,2,2,0.00,0.0000,0.0000,0.8783,0.5109,0.0000,-0.0000,0.0000,0.0000
2026-06-06 17:09:05.750,0,2,2,0.00,0.0000,-0.0003,0.8783,0.5109,0.0000,-0.0000,0.0000,0.0000
2026-06-06 17:09:05.850,0,2,2,0.00,0.0000,0.0000,0.8783,0.5109,0.0000,-0.0000,0.0000,0.0000
2026-06-06 17:09:05.950,0,2,2,0.00,0.0001,0.0000,0.8783,0.5109,0.0000,-0.0000,0.0000,0.0000
2026-06-06 17:09:06.050,0,2,2,0.00,0.0000,0.0001,0.8783,0.5109,0.0000,-0.0000,0.0000,0.0000
2026-06-06 17:09:06.150,0,2,2,0.00,-0.0001,0.0001,0.8783,0.5109,0.0000,-0.0000,0.0000,0.0000
2026-06-06 17:09:06.250,0,2,2,0.00,0.0000,0.0000,0.8783,0.5109,0.0000,-0.0000,0.0000,0.0000
2026-06-06 17:09:06.350,0,2,2,0.00,0.0000,0.0001,0.8783,0.5109,0.0000,-0.0000,0.0000,0.0000
2026-06-06 17:09:06.450,0,2,2,0.00,0.0001,0.0001,0.8783,0.5109,0.0000,-0.0000,0.0000,0.0000
2026-06-06 17:09:06.550,0,2,2,0.00,0.0000,0.0000,0.8783,0.5109,0.0000,-0.0000,0.0000,0.0000
2026-06-06 17:09:06.650,0,1,2,0.00,0.0000,0.0000,0.8783,0.5109,0.0000,-0.0000,0.0000,0.0000
2026-06-06 17:09:06.750,0,2,2,0.00,0.0000,0.0000,0.8783,0.5109,0.0000,-0.0000,0.0000,0.0000
2026-06-06 17:09:06.850,0,2,2,0.00,0.0000,0.0000,0.8783,0.5109,0.0000,-0.0000,0.0000,0.0000
2026-06-06 17:09:06.950,0,2,2,0.00,0.0000,0.0000,0.8783,0.5109,0.0000,-0.0000,0.0000,0.0000
2026-06-06 17:09:07.050,0,2,2,0.00,0.0000,0.0000,0.8783,0.5109,0.0000,-0.0000,0.0000,0.0000
2026-06-06 17:09:07.150,0,1,2,0.00,-0.0001,-0.0003,0.8783,0.5109,0.0000,-0.0000,0.0000,0.0000
2026-06-06 17:09:07.250,0,2,2,0.00,-0.0003,0.0000,0.8783,0.5109,0.0000,-0.0000,0.0000,0.0000
2026-06-06 17:09:07.350,0,2,2,0.00,0.0001,0.0005,0.8783,0.5109,0.0000,-0.0000,0.0000,0.0000
2026-06-06 17:09:07.450,0,2,2,0.00,0.0000,0.0000,0.8783,0.5109,0.0000,-0.0000,0.0000,0.0000
2026-06-06 17:09:07.550,0,2,2,0.00,-0.0001,-0.0001,0.8783,0.5109,0.0000,-0.0000,0.0000,0.0000
2026-06-06 17:09:07.650,0,2,2,0.00,0.0000,0.0001,0.8783,0.5109,0.0000,-0.0000,0.0000,0.0000
2026-06-06 17:09:07.750,0,2,2,0.00,0.0000,0.0000,0.8783,0.5109,0.0000,-0.0000,0.0000,0.0000
2026-06-06 17:09:07.850,0,2,2,0.00,0.0003,0.0000,0.8783,0.5109,0.0000,-0.0000,0.0000,0.0000
2026-06-06 17:09:07.950,0,1,2,0.00,0.0000,0.0000,0.8783,0.5109,0.0000,-0.0000,0.0000,0.0000
2026-06-06 17:09:08.050,0,2,2,0.00,0.0000,0.0000,0.8783,0.5109,0.0000,-0.0000,0.0000,0.0000
2026-06-06 17:09:08.150,0,2,2,0.00,0.0000,0.0003,0.8783,0.5109,0.0000,-0.0000,0.0000,0.0000
2026-06-06 17:09:08.250,0,2,2,0.00,0.0000,0.0000,0.8783,0.5109,0.0000,-0.0000,0.0000,0.0000
2026-06-06 17:09:08.350,0,2,2,0.00,0.0000,0.0001,0.8783,0.5109,0.0000,-0.0000,0.0000,0.0000
2026-06-06 17:09:08.450,0,2,2,0.00,-0.0001,0.0000,0.8783,0.5109,0.0000,-0.0000,0.0000,0.0000
2026-06-06 17:09:08.550,0,2,2,0.00,0.0000,-0.0001,0.8783,0.5109,0.0000,-0.0000,0.0000,0.0000
2026-06-06 17:09:08.650,0,1,2,0.00,-0.0001,0.0000,0.8783,0.5109,0.0000,-0.0000,0.0000,0.0000
2026-06-06 17:09:08.750,0,2,2,0.00,-0.0003,0.0000,0.8783,0.5109,0.0000,-0.0000,0.0000,0.0000
2026-06-06 17:09:08.850,0,2,2,0.00,-0.0001,0.0000,0.8783,0.5109,0.0000,-0.0000,0.0000,0.0000
2026-06-06 17:09:08.950,0,2,2,0.00,0.0000,-0.0004,0.8783,0.5109,0.0000,-0.0000,0.0000,0.0000
2026-06-06 17:09:09.050,0,2,2,0.00,0.0000,0.0001,0.8783,0.5109,0.0000,-0.0000,0.0000,0.0000
2026-06-06 17:09:09.150,0,2,2,0.00,-0.0001,0.0000,0.8783,0.5109,0.0000,-0.0000,0.0000,0.0000
2026-06-06 17:09:09.250,0,2,2,0.00,-0.0004,0.0000,0.8783,0.5109,0.0000,-0.0000,0.0000,0.0000
2026-06-06 17:09:09.350,0,2,2,0.00,0.0000,0.0000,0.8783,0.5109,0.0000,-0.0000,0.0000,0.0000
2026-06-06 17:09:09.450,0,2,2,0.00,0.0000,0.0001,0.8783,0.5109,0.0000,-0.0000,0.0000,0.0000
2026-06-06 17:09:09.550,0,2,2,0.00,0.0000,0.0000,0.8783,0.5109,0.0000,-0.0000,0.0000,0.0000
2026-06-06 17:09:09.650,0,2,2,0.00,-0.0001,0.0000,0.8783,0.5109,0.0000,-0.0000,0.0000,0.0000
2026-06-06 17:09:09.750,0,2,2,0.00,-0.0003,0.0000,0.8783,0.5109,0.0000,-0.0000,0.0000,0.0000
2026-06-06 17:09:09.850,0,2,2,0.00,0.0000,0.0001,0.8783,0.5109,0.0000,-0.0000,0.0000,0.0000
2026-06-06 17:09:09.950,0,2,2,0.00,0.0001,-0.0001,0.8783,0.5109,0.0000,-0.0000,0.0000,0.0000
2026-06-06 17:09:10.053,0,2,2,0.00,-0.0001,0.0000,0.8783,0.5109,0.0000,-0.0000,0.0000,0.0000
2026-06-06 17:09:10.150,0,2,2,0.00,0.0001,0.0003,0.8783,0.5109,0.0000,-0.0000,0.0000,0.0000
2026-06-06 17:09:10.250,0,2,2,0.00,0.0000,0.0001,0.8783,0.5109,0.0000,-0.0000,0.0000,0.0000
2026-06-06 17:09:10.350,0,2,2,0.00,0.0001,0.0000,0.8783,0.5109,0.0000,-0.0000,0.0000,0.0000
2026-06-06 17:09:10.450,0,2,2,0.00,-0.0001,-0.0001,0.8783,0.5109,0.0000,-0.0000,0.0000,0.0000
2026-06-06 17:09:10.550,0,2,2,0.00,-0.0001,0.0000,0.8783,0.5109,0.0000,-0.0000,0.0000,0.0000
2026-06-06 17:09:10.650,0,2,2,0.00,0.0000,0.0000,0.8783,0.5109,0.0000,-0.0000,0.0000,0.0000
2026-06-06 17:09:10.750,0,2,2,0.00,-0.0001,0.0000,0.8783,0.5109,0.0000,-0.0000,0.0000,0.0000
2026-06-06 17:09:10.850,0,2,2,0.00,0.0000,0.0000,0.8783,0.5109,0.0000,-0.0000,0.0000,0.0000
2026-06-06 17:09:10.950,0,1,2,0.00,0.0000,0.0000,0.8783,0.5109,0.0000,-0.0000,0.0000,0.0000
2026-06-06 17:09:11.050,0,1,2,0.00,0.0000,0.0001,0.8783,0.5109,0.0000,-0.0000,0.0000,0.0000
2026-06-06 17:09:11.150,0,1,2,0.00,0.0000,0.0000,0.8783,0.5109,0.0000,-0.0000,0.0000,0.0000
2026-06-06 17:09:11.250,0,2,2,0.00,0.0000,0.0000,0.8783,0.5109,0.0000,-0.0000,0.0000,0.0000
2026-06-06 17:09:11.350,0,2,2,0.00,0.0000,-0.0001,0.8783,0.5109,0.0000,-0.0000,0.0000,0.0000
2026-06-06 17:09:11.450,0,2,2,0.00,0.0000,0.0001,0.8783,0.5109,0.0000,-0.0000,0.0000,0.0000
2026-06-06 17:09:11.550,0,2,2,0.00,0.0003,0.0000,0.8783,0.5109,0.0000,-0.0000,0.0000,0.0000
2026-06-06 17:09:11.650,0,2,2,0.00,-0.0001,0.0004,0.8783,0.5109,0.0000,-0.0000,0.0000,0.0000
2026-06-06 17:09:11.750,0,2,2,0.00,-0.0003,0.0000,0.8783,0.5109,0.0000,-0.0000,0.0000,0.0000
2026-06-06 17:09:11.850,0,2,2,0.00,0.0000,0.0004,0.8783,0.5109,0.0000,-0.0000,0.0000,0.0000
2026-06-06 17:09:11.950,0,2,2,0.00,-0.0003,0.0000,0.8783,0.5109,0.0000,-0.0000,0.0000,0.0000
2026-06-06 17:09:12.050,0,2,2,0.00,0.0000,-0.0001,0.8783,0.5109,0.0000,-0.0000,0.0000,0.0000
2026-06-06 17:09:12.150,0,2,2,0.00,0.0001,-0.0004,0.8783,0.5109,0.0000,-0.0000,0.0000,0.0000
2026-06-06 17:09:12.250,0,2,2,0.00,-0.0001,0.0001,0.8783,0.5109,0.0000,-0.0000,0.0000,0.0000
2026-06-06 17:09:12.350,0,2,2,0.00,-0.0001,0.0001,0.8783,0.5109,0.0000,-0.0000,0.0000,0.0000
2026-06-06 17:09:12.450,0,2,2,0.00,0.0000,0.0000,0.8783,0.5109,0.0000,-0.0000,0.0000,0.0000
2026-06-06 17:09:12.550,0,1,2,0.00,0.0000,0.0000,0.8783,0.5109,0.0000,-0.0000,0.0000,0.0000
2026-06-06 17:09:12.650,0,2,2,0.00,0.0000,0.0001,0.8783,0.5109,0.0000,-0.0000,0.0000,0.0000
2026-06-06 17:09:12.750,0,1,2,0.00,-0.0001,0.0001,0.8783,0.5109,0.0000,-0.0000,0.0000,0.0000
2026-06-06 17:09:12.850,0,2,2,0.00,0.0001,0.0001,0.8783,0.5109,0.0000,-0.0000,0.0000,0.0000
2026-06-06 17:09:12.954,0,2,2,0.00,0.0000,0.0001,0.8783,0.5109,0.0000,-0.0000,0.0000,0.0000
2026-06-06 17:09:13.050,0,2,2,0.00,-0.0001,0.0000,0.8783,0.5109,0.0000,-0.0000,0.0000,0.0000
2026-06-06 17:09:13.150,0,2,2,0.00,0.0003,0.0001,0.8783,0.5109,0.0000,-0.0000,0.0000,0.0000
2026-06-06 17:09:13.250,0,2,2,0.00,0.0000,0.0001,0.8783,0.5109,0.0000,-0.0000,0.0000,0.0000
2026-06-06 17:09:13.350,0,2,2,0.00,0.0001,0.0003,0.8783,0.5109,0.0000,-0.0000,0.0000,0.0000
2026-06-06 17:09:13.450,0,2,2,0.00,-0.0001,0.0004,0.8783,0.5109,0.0000,-0.0000,0.0000,0.0000
2026-06-06 17:09:13.550,0,2,2,0.00,-0.0004,-0.0001,0.8783,0.5109,0.0000,-0.0000,0.0000,0.0000
2026-06-06 17:09:13.650,0,2,2,0.00,0.0000,0.0000,0.8783,0.5109,0.0000,-0.0000,0.0000,0.0000
2026-06-06 17:09:13.750,0,2,2,0.00,0.0000,0.0000,0.8783,0.5109,0.0000,-0.0000,0.0000,0.0000
2026-06-06 17:09:13.850,0,2,2,0.00,0.0000,0.0001,0.8783,0.5109,0.0000,-0.0000,0.0000,0.0000
2026-06-06 17:09:13.950,0,2,2,0.00,0.0000,0.0000,0.8783,0.5109,0.0000,-0.0000,0.0000,0.0000
2026-06-06 17:09:14.050,0,2,2,0.00,-0.0001,-0.0001,0.8783,0.5109,0.0000,-0.0000,0.0000,0.0000
2026-06-06 17:09:14.150,0,2,2,0.00,0.0000,0.0001,0.8783,0.5109,0.0000,-0.0000,0.0000,0.0000
2026-06-06 17:09:14.250,0,2,2,0.00,0.0000,0.0000,0.8783,0.5109,0.0000,-0.0000,0.0000,0.0000
2026-06-06 17:09:14.350,0,2,2,0.00,0.0000,-0.0001,0.8783,0.5109,0.0000,-0.0000,0.0000,0.0000
2026-06-06 17:09:14.450,0,2,2,0.00,0.0000,0.0000,0.8783,0.5109,0.0000,-0.0000,0.0000,0.0000
2026-06-06 17:09:14.550,0,2,2,0.00,-0.0001,0.0000,0.8783,0.5109,0.0000,-0.0000,0.0000,0.0000
2026-06-06 17:09:14.650,0,2,2,0.00,0.0000,0.0008,0.8783,0.5109,0.0000,-0.0000,0.0000,0.0000
2026-06-06 17:09:14.750,0,2,2,0.00,0.0000,0.0000,0.8783,0.5109,0.0000,-0.0000,0.0000,0.0000
2026-06-06 17:09:14.850,0,2,2,0.00,-0.0001,0.0001,0.8783,0.5109,0.0000,-0.0000,0.0000,0.0000
2026-06-06 17:09:14.950,0,2,2,0.00,0.0000,0.0003,0.8783,0.5109,0.0000,-0.0000,0.0000,0.0000
2026-06-06 17:09:15.050,0,2,2,0.00,-0.0003,0.0003,0.8783,0.5109,0.0000,-0.0000,0.0000,0.0000
2026-06-06 17:09:15.150,0,2,2,0.00,0.0000,0.0000,0.8783,0.5109,0.0000,-0.0000,0.0000,0.0000
2026-06-06 17:09:15.250,0,1,2,0.00,0.0000,-0.0001,0.8783,0.5109,0.0000,-0.0000,0.0000,0.0000
2026-06-06 17:09:15.350,0,2,2,0.00,0.0000,0.0000,0.8783,0.5109,0.0000,-0.0000,0.0000,0.0000
2026-06-06 17:09:15.450,0,1,2,0.00,0.0000,0.0000,0.8783,0.5109,0.0000,-0.0000,0.0000,0.0000
2026-06-06 17:09:15.550,0,2,2,0.00,0.0000,0.0000,0.8783,0.5109,0.0000,-0.0000,0.0000,0.0000
2026-06-06 17:09:15.650,0,2,2,0.00,0.0000,-0.0001,0.8783,0.5109,0.0000,-0.0000,0.0000,0.0000
2026-06-06 17:09:15.750,0,2,2,0.00,0.0000,0.0001,0.8783,0.5109,0.0000,-0.0000,0.0000,0.0000
2026-06-06 17:09:15.850,0,2,2,0.00,0.0000,0.0001,0.8783,0.5109,0.0000,-0.0000,0.0000,0.0000
2026-06-06 17:09:15.950,0,2,2,0.00,-0.0003,-0.0004,0.8783,0.5109,0.0000,-0.0000,0.0000,0.0000
2026-06-06 17:09:16.050,0,2,2,0.00,0.0000,0.0001,0.8783,0.5109,0.0000,-0.0000,0.0000,0.0000
2026-06-06 17:09:16.150,0,2,2,0.00,0.0000,-0.0004,0.8783,0.5109,0.0000,-0.0000,0.0000,0.0000
2026-06-06 17:09:16.250,0,2,2,0.00,-0.0001,-0.0001,0.8783,0.5109,0.0000,-0.0000,0.0000,0.0000
2026-06-06 17:09:16.350,0,2,2,0.00,0.0000,0.0000,0.8783,0.5109,0.0000,-0.0000,0.0000,0.0000
2026-06-06 17:09:16.450,0,1,2,0.00,0.0000,-0.0001,0.8783,0.5109,0.0000,-0.0000,0.0000,0.0000
2026-06-06 17:09:16.550,0,2,2,0.00,0.0000,0.0000,0.8783,0.5109,0.0000,-0.0000,0.0000,0.0000
2026-06-06 17:09:16.650,0,2,2,0.00,-0.0001,-0.0004,0.8783,0.5109,0.0000,-0.0000,0.0000,0.0000
2026-06-06 17:09:16.750,0,2,2,0.00,0.0000,-0.0001,0.8783,0.5109,0.0000,-0.0000,0.0000,0.0000
2026-06-06 17:09:16.850,0,2,2,0.00,-0.0003,-0.0001,0.8783,0.5109,0.0000,-0.0000,0.0000,0.0000
2026-06-06 17:09:16.950,0,2,2,0.00,0.0000,0.0000,0.8783,0.5109,0.0000,-0.0000,0.0000,0.0000
2026-06-06 17:09:17.050,0,2,2,0.00,-0.0001,-0.0001,0.8783,0.5109,0.0000,-0.0000,0.0000,0.0000
2026-06-06 17:09:17.150,0,2,2,0.00,-0.0003,0.0000,0.8783,0.5109,0.0000,-0.0000,0.0000,0.0000
2026-06-06 17:09:17.250,0,2,2,0.00,0.0000,0.0000,0.8783,0.5109,0.0000,-0.0000,0.0000,0.0000
2026-06-06 17:09:17.350,0,2,2,0.00,0.0000,-0.0001,0.8783,0.5109,0.0000,-0.0000,0.0000,0.0000
2026-06-06 17:09:17.450,0,2,2,0.00,0.0000,-0.0001,0.8783,0.5109,0.0000,-0.0000,0.0000,0.0000
2026-06-06 17:09:17.550,0,2,2,0.00,0.0000,0.0000,0.8783,0.5109,0.0000,-0.0000,0.0000,0.0000
2026-06-06 17:09:17.650,0,1,2,0.00,0.0000,0.0001,0.8783,0.5109,0.0000,-0.0000,0.0000,0.0000
2026-06-06 17:09:17.750,0,2,2,0.00,-0.0001,0.0000,0.8783,0.5109,0.0000,-0.0000,0.0000,0.0000
2026-06-06 17:09:17.850,0,2,2,0.00,0.0000,0.0000,0.8783,0.5109,0.0000,-0.0000,0.0000,0.0000
2026-06-06 17:09:17.950,0,2,2,0.00,0.0000,-0.0003,0.8783,0.5109,0.0000,-0.0000,0.0000,0.0000
2026-06-06 17:09:18.050,0,2,2,0.00,0.0000,-0.0001,0.8783,0.5109,0.0000,-0.0000,0.0000,0.0000
2026-06-06 17:09:18.150,0,2,2,0.00,-0.0004,0.0001,0.8783,0.5109,0.0000,-0.0000,0.0000,0.0000
2026-06-06 17:09:18.250,0,2,2,0.00,-0.0003,0.0000,0.8783,0.5109,0.0000,-0.0000,0.0000,0.0000
2026-06-06 17:09:18.350,0,2,2,0.00,0.0000,-0.0001,0.8783,0.5109,0.0000,-0.0000,0.0000,0.0000
2026-06-06 17:09:18.450,0,2,2,0.00,0.0000,0.0000,0.8783,0.5109,0.0000,-0.0000,0.0000,0.0000
2026-06-06 17:09:18.550,0,2,2,0.00,0.0000,0.0000,0.8783,0.5109,0.0000,-0.0000,0.0000,0.0000
2026-06-06 17:09:18.650,0,2,2,0.00,-0.0001,0.0000,0.8783,0.5109,0.0000,-0.0000,0.0000,0.0000
2026-06-06 17:09:18.750,0,2,2,0.00,-0.0001,0.0003,0.8783,0.5109,0.0000,-0.0000,0.0000,0.0000
2026-06-06 17:09:18.850,0,2,2,0.00,0.0000,0.0001,0.8783,0.5109,0.0000,-0.0000,0.0000,0.0000
2026-06-06 17:09:18.950,0,2,2,0.00,0.0000,0.0000,0.8783,0.5109,0.0000,-0.0000,0.0000,0.0000
2026-06-06 17:09:19.050,0,2,2,0.00,0.0000,0.0000,0.8783,0.5109,0.0000,-0.0000,0.0000,0.0000
2026-06-06 17:09:19.150,0,1,2,0.00,0.0000,0.0000,0.8783,0.5109,0.0000,-0.0000,0.0000,0.0000
2026-06-06 17:09:19.250,0,2,2,0.00,-0.0001,0.0000,0.8783,0.5109,0.0000,-0.0000,0.0000,0.0000
2026-06-06 17:09:19.350,0,2,2,0.00,0.0000,0.0001,0.8783,0.5109,0.0000,-0.0000,0.0000,0.0000
2026-06-06 17:09:19.450,0,1,2,0.00,0.0000,0.0001,0.8783,0.5109,0.0000,-0.0000,0.0000,0.0000
2026-06-06 17:09:19.550,0,2,2,0.00,0.0000,0.0000,0.8783,0.5109,0.0000,-0.0000,0.0000,0.0000
2026-06-06 17:09:19.650,0,2,2,0.00,0.0001,0.0001,0.8783,0.5109,0.0000,-0.0000,0.0000,0.0000
2026-06-06 17:09:19.750,0,2,2,0.00,0.0000,0.0000,0.8783,0.5109,0.0000,-0.0000,0.0000,0.0000
2026-06-06 17:09:19.854,0,2,2,0.00,0.0000,0.0000,0.8783,0.5109,0.0000,-0.0000,0.0000,0.0000
2026-06-06 17:09:19.950,0,2,2,0.00,0.0000,0.0000,0.8783,0.5109,0.0000,-0.0000,0.0000,0.0000
2026-06-06 17:09:20.050,0,2,2,0.00,0.0000,0.0000,0.8783,0.5109,0.0000,-0.0000,0.0000,0.0000
2026-06-06 17:09:20.150,0,2,2,0.00,0.0000,0.0000,0.8783,0.5109,0.0000,-0.0000,0.0000,0.0000
2026-06-06 17:09:20.250,0,2,2,0.00,0.0000,0.0005,0.8783,0.5109,0.0000,-0.0000,0.0000,0.0000
2026-06-06 17:09:20.350,0,2,2,0.00,0.0000,0.0003,0.8783,0.5109,0.0000,-0.0000,0.0000,0.0000
2026-06-06 17:09:20.450,0,2,2,0.00,0.0000,0.0000,0.8783,0.5109,0.0000,-0.0000,0.0000,0.0000
2026-06-06 17:09:20.550,0,2,2,0.00,0.0000,0.0003,0.8783,0.5109,0.0000,-0.0000,0.0000,0.0000
2026-06-06 17:09:20.650,0,2,2,0.00,0.0000,0.0001,0.8783,0.5109,0.0000,-0.0000,0.0000,0.0000
2026-06-06 17:09:20.750,0,2,2,0.00,0.0000,-0.0003,0.8783,0.5109,0.0000,-0.0000,0.0000,0.0000
2026-06-06 17:09:20.850,0,2,2,0.00,0.0000,0.0001,0.8783,0.5109,0.0000,-0.0000,0.0000,0.0000
2026-06-06 17:09:20.950,0,2,2,0.00,0.0000,0.0000,0.8783,0.5109,0.0000,-0.0000,0.0000,0.0000
2026-06-06 17:09:21.050,0,2,2,0.00,0.0000,0.0000,0.8783,0.5109,0.0000,-0.0000,0.0000,0.0000
2026-06-06 17:09:21.150,0,2,2,0.00,0.0000,0.0000,0.8783,0.5109,0.0000,-0.0000,0.0000,0.0000
2026-06-06 17:09:21.250,0,2,2,0.00,0.0000,0.0005,0.8783,0.5109,0.0000,-0.0000,0.0000,0.0000
2026-06-06 17:09:21.350,0,2,2,0.00,-0.0001,0.0003,0.8783,0.5109,0.0000,-0.0000,0.0000,0.0000
2026-06-06 17:09:21.450,0,2,2,0.00,0.0000,-0.0003,0.8783,0.5109,0.0000,-0.0000,0.0000,0.0000
2026-06-06 17:09:21.550,0,2,2,0.00,-0.0003,0.0000,0.8783,0.5109,0.0000,-0.0000,0.0000,0.0000
2026-06-06 17:09:21.650,0,1,2,0.00,0.0000,0.0000,0.8783,0.5109,0.0000,-0.0000,0.0000,0.0000
2026-06-06 17:09:21.750,0,2,2,0.00,0.0000,-0.0003,0.8783,0.5109,0.0000,-0.0000,0.0000,0.0000
2026-06-06 17:09:21.850,0,2,2,0.00,0.0003,0.0000,0.8783,0.5109,0.0000,-0.0000,0.0000,0.0000
2026-06-06 17:09:21.950,0,2,2,0.00,0.0000,0.0003,0.8783,0.5109,0.0000,-0.0000,0.0000,0.0000
2026-06-06 17:09:22.050,0,2,2,0.00,0.0000,0.0000,0.8783,0.5109,0.0000,-0.0000,0.0000,0.0000
2026-06-06 17:09:22.150,0,2,2,0.00,0.0000,0.0001,0.8783,0.5109,0.0000,-0.0000,0.0000,0.0000
2026-06-06 17:09:22.250,0,2,2,0.00,0.0000,0.0000,0.8783,0.5109,0.0000,-0.0000,0.0000,0.0000
2026-06-06 17:09:22.350,0,2,2,0.00,0.0000,0.0003,0.8783,0.5109,0.0000,-0.0000,0.0000,0.0000
2026-06-06 17:09:22.450,0,2,2,0.00,0.0000,0.0001,0.8783,0.5109,0.0000,-0.0000,0.0000,0.0000
2026-06-06 17:09:22.550,0,2,2,0.00,-0.0001,0.0000,0.8783,0.5109,0.0000,-0.0000,0.0000,0.0000
2026-06-06 17:09:22.650,0,2,2,0.00,0.0000,0.0000,0.8783,0.5109,0.0000,-0.0000,0.0000,0.0000
2026-06-06 17:09:22.750,0,2,2,0.00,0.0000,0.0000,0.8783,0.5109,0.0000,-0.0000,0.0000,0.0000
2026-06-06 17:09:22.850,0,2,2,0.00,0.0000,0.0001,0.8783,0.5109,0.0000,-0.0000,0.0000,0.0000
2026-06-06 17:09:22.950,0,1,2,0.00,0.0000,0.0000,0.8783,0.5109,0.0000,-0.0000,0.0000,0.0000
2026-06-06 17:09:23.050,0,2,2,0.00,0.0000,0.0004,0.8783,0.5109,0.0000,-0.0000,0.0000,0.0000
2026-06-06 17:09:23.150,0,2,2,0.00,0.0003,0.0000,0.8783,0.5109,0.0000,-0.0000,0.0000,0.0000
2026-06-06 17:09:23.250,0,2,2,0.00,0.0000,0.0000,0.8783,0.5109,0.0000,-0.0000,0.0000,0.0000
2026-06-06 17:09:23.350,0,2,2,0.00,0.0000,0.0000,0.8783,0.5109,0.0000,-0.0000,0.0000,0.0000
2026-06-06 17:09:23.450,0,2,2,0.00,-0.0003,0.0000,0.8783,0.5109,0.0000,-0.0000,0.0000,0.0000
2026-06-06 17:09:23.550,0,2,2,0.00,0.0000,0.0003,0.8783,0.5109,0.0000,-0.0000,0.0000,0.0000
2026-06-06 17:09:23.650,0,2,2,0.00,-0.0001,0.0001,0.8783,0.5109,0.0000,-0.0000,0.0000,0.0000
2026-06-06 17:09:23.750,0,2,2,0.00,0.0000,-0.0001,0.8783,0.5109,0.0000,-0.0000,0.0000,0.0000
2026-06-06 17:09:23.850,0,2,2,0.00,0.0000,0.0003,0.8783,0.5109,0.0000,-0.0000,0.0000,0.0000
2026-06-06 17:09:23.950,0,2,2,0.00,0.0000,0.0000,0.8783,0.5109,0.0000,-0.0000,0.0000,0.0000
2026-06-06 17:09:24.050,0,2,2,0.00,-0.0003,-0.0001,0.8783,0.5109,0.0000,-0.0000,0.0000,0.0000
2026-06-06 17:09:24.150,0,2,2,0.00,0.0001,0.0000,0.8783,0.5109,0.0000,-0.0000,0.0000,0.0000
2026-06-06 17:09:24.250,0,2,2,0.00,0.0000,0.0000,0.8783,0.5109,0.0000,-0.0000,0.0000,0.0000
2026-06-06 17:09:24.350,0,2,2,0.00,0.0000,0.0000,0.8783,0.5109,0.0000,-0.0000,0.0000,0.0000
2026-06-06 17:09:24.450,0,2,2,0.00,0.0000,0.0000,0.8783,0.5109,0.0000,-0.0000,0.0000,0.0000
2026-06-06 17:09:24.550,0,2,2,0.00,0.0000,-0.0003,0.8783,0.5109,0.0000,-0.0000,0.0000,0.0000
2026-06-06 17:09:24.650,0,2,2,0.00,0.0001,0.0000,0.8783,0.5109,0.0000,-0.0000,0.0000,0.0000
2026-06-06 17:09:24.750,0,2,2,0.00,-0.0001,0.0000,0.8783,0.5109,0.0000,-0.0000,0.0000,0.0000
2026-06-06 17:09:24.850,0,2,2,0.00,0.0003,0.0001,0.8783,0.5109,0.0000,-0.0000,0.0000,0.0000
2026-06-06 17:09:24.950,0,2,2,0.00,0.0000,0.0000,0.8783,0.5109,0.0000,-0.0000,0.0000,0.0000
2026-06-06 17:09:25.050,0,2,2,0.00,0.0000,0.0000,0.8783,0.5109,0.0000,-0.0000,0.0000,0.0000
2026-06-06 17:09:25.150,0,2,2,0.00,0.0000,0.0000,0.8783,0.5109,0.0000,-0.0000,0.0000,0.0000
2026-06-06 17:09:25.250,0,2,2,0.00,-0.0005,0.0000,0.8783,0.5109,0.0000,-0.0000,0.0000,0.0000
2026-06-06 17:09:25.350,0,2,2,0.00,0.0000,0.0001,0.8783,0.5109,0.0000,-0.0000,0.0000,0.0000
2026-06-06 17:09:25.450,0,2,2,0.00,0.0001,0.0001,0.8783,0.5109,0.0000,-0.0000,0.0000,0.0000
2026-06-06 17:09:25.550,0,2,2,0.00,-0.0003,0.0000,0.8783,0.5109,0.0000,-0.0000,0.0000,0.0000
2026-06-06 17:09:25.650,0,2,2,0.00,0.0000,-0.0001,0.8783,0.5109,0.0000,-0.0000,0.0000,0.0000
2026-06-06 17:09:25.750,0,2,2,0.00,0.0001,-0.0001,0.8783,0.5109,0.0000,-0.0000,0.0000,0.0000
2026-06-06 17:09:25.851,0,2,2,0.00,-0.0004,0.0000,0.8783,0.5109,0.0000,-0.0000,0.0000,0.0000
2026-06-06 17:09:25.950,0,2,2,0.00,0.0000,-0.0001,0.8783,0.5109,0.0000,-0.0000,0.0000,0.0000
2026-06-06 17:09:26.050,0,2,2,0.00,0.0000,0.0001,0.8783,0.5109,0.0000,-0.0000,0.0000,0.0000
2026-06-06 17:09:26.150,0,2,2,0.00,0.0000,0.0000,0.8783,0.5109,0.0000,-0.0000,0.0000,0.0000
2026-06-06 17:09:26.250,0,2,2,0.00,0.0000,0.0000,0.8783,0.5109,0.0000,-0.0000,0.0000,0.0000
2026-06-06 17:09:26.350,0,2,2,0.00,-0.0005,0.0000,0.8783,0.5109,0.0000,-0.0000,0.0000,0.0000
2026-06-06 17:09:26.450,0,2,2,0.00,0.0000,-0.0001,0.8783,0.5109,0.0000,-0.0000,0.0000,0.0000
2026-06-06 17:09:26.550,0,2,2,0.00,0.0001,0.0001,0.8783,0.5109,0.0000,-0.0000,0.0000,0.0000
2026-06-06 17:09:26.650,0,2,2,0.00,0.0000,0.0001,0.8783,0.5109,0.0000,-0.0000,0.0000,0.0000
2026-06-06 17:09:26.750,0,1,2,0.00,0.0000,-0.0001,0.8783,0.5109,0.0000,-0.0000,0.0000,0.0000
2026-06-06 17:09:26.850,0,2,2,0.00,0.0001,0.0000,0.8783,0.5109,0.0000,-0.0000,0.0000,0.0000
2026-06-06 17:09:26.950,0,1,2,0.00,-0.0003,-0.0003,0.8783,0.5109,0.0000,-0.0000,0.0000,0.0000
2026-06-06 17:09:27.050,0,2,2,0.00,0.0000,0.0000,0.8783,0.5109,0.0000,-0.0000,0.0000,0.0000
2026-06-06 17:09:27.150,0,2,2,0.00,0.0001,0.0000,0.8783,0.5109,0.0000,-0.0000,0.0000,0.0000
2026-06-06 17:09:27.250,0,2,2,0.00,-0.0001,0.0000,0.8783,0.5109,0.0000,-0.0000,0.0000,0.0000
2026-06-06 17:09:27.350,0,2,2,0.00,0.0001,-0.0001,0.8783,0.5109,0.0000,-0.0000,0.0000,0.0000
2026-06-06 17:09:27.450,0,2,2,0.00,0.0000,0.0001,0.8783,0.5109,0.0000,-0.0000,0.0000,0.0000
2026-06-06 17:09:27.550,0,2,2,0.00,0.0001,0.0001,0.8783,0.5109,0.0000,-0.0000,0.0000,0.0000
2026-06-06 17:09:27.650,0,2,2,0.00,0.0000,0.0000,0.8783,0.5109,0.0000,-0.0000,0.0000,0.0000
2026-06-06 17:09:27.750,0,2,2,0.00,0.0000,0.0005,0.8783,0.5109,0.0000,-0.0000,0.0000,0.0000
2026-06-06 17:09:27.850,0,2,2,0.00,0.0001,-0.0003,0.8783,0.5109,0.0000,-0.0000,0.0000,0.0000
2026-06-06 17:09:27.950,0,2,2,0.00,0.0001,0.0000,0.8783,0.5109,0.0000,-0.0000,0.0000,0.0000
2026-06-06 17:09:28.050,0,2,2,0.00,0.0003,0.0000,0.8783,0.5109,0.0000,-0.0000,0.0000,0.0000
2026-06-06 17:09:28.150,0,2,2,0.00,0.0000,0.0000,0.8783,0.5109,0.0000,-0.0000,0.0000,0.0000
2026-06-06 17:09:28.250,0,2,2,0.00,0.0000,-0.0001,0.8783,0.5109,0.0000,-0.0000,0.0000,0.0000
2026-06-06 17:09:28.350,0,2,2,0.00,-0.0001,0.0000,0.8783,0.5109,0.0000,-0.0000,0.0000,0.0000
2026-06-06 17:09:28.450,0,1,2,0.00,0.0001,0.0001,0.8783,0.5109,0.0000,-0.0000,0.0000,0.0000
2026-06-06 17:09:28.550,0,2,2,0.00,0.0000,0.0001,0.8783,0.5109,0.0000,-0.0000,0.0000,0.0000
2026-06-06 17:09:28.650,0,2,2,0.00,-0.0001,0.0000,0.8783,0.5109,0.0000,-0.0000,0.0000,0.0000
2026-06-06 17:09:28.750,0,2,2,0.00,0.0001,0.0001,0.8783,0.5109,0.0000,-0.0000,0.0000,0.0000
2026-06-06 17:09:28.850,0,2,2,0.00,0.0000,0.0001,0.8783,0.5109,0.0000,-0.0000,0.0000,0.0000
2026-06-06 17:09:28.950,0,2,2,0.00,0.0000,0.0000,0.8783,0.5109,0.0000,-0.0000,0.0000,0.0000
2026-06-06 17:09:29.050,0,2,2,0.00,-0.0001,0.0000,0.8783,0.5109,0.0000,-0.0000,0.0000,0.0000
2026-06-06 17:09:29.150,0,2,2,0.00,0.0001,0.0000,0.8783,0.5109,0.0000,-0.0000,0.0000,0.0000
2026-06-06 17:09:29.250,0,2,2,0.00,0.0001,0.0000,0.8783,0.5109,0.0000,-0.0000,0.0000,0.0000
2026-06-06 17:09:29.350,0,2,2,0.00,0.0000,0.0000,0.8783,0.5109,0.0000,-0.0000,0.0000,0.0000
2026-06-06 17:09:29.450,0,2,2,0.00,-0.0001,0.0000,0.8783,0.5109,0.0000,-0.0000,0.0000,0.0000
2026-06-06 17:09:29.557,0,2,2,0.00,0.0000,0.0001,0.8783,0.5109,0.0000,-0.0000,0.0000,0.0000
2026-06-06 17:09:29.650,0,2,2,0.00,0.0000,-0.0001,0.8783,0.5109,0.0000,-0.0000,0.0000,0.0000
2026-06-06 17:09:29.750,0,2,2,0.00,0.0004,0.0000,0.8783,0.5109,0.0000,-0.0000,0.0000,0.0000
2026-06-06 17:09:29.850,0,2,2,0.00,0.0001,0.0005,0.8783,0.5109,0.0000,-0.0000,0.0000,0.0000
2026-06-06 17:09:29.950,0,2,2,0.00,0.0000,0.0000,0.8783,0.5109,0.0000,-0.0000,0.0000,0.0000
2026-06-06 17:09:30.050,0,2,2,0.00,0.0000,0.0000,0.8783,0.5109,0.0000,-0.0000,0.0000,0.0000
2026-06-06 17:09:30.150,0,2,2,0.00,0.0001,0.0000,0.8783,0.5109,0.0000,-0.0000,0.0000,0.0000
2026-06-06 17:09:30.250,0,2,2,0.00,0.0000,-0.0001,0.8783,0.5109,0.0000,-0.0000,0.0000,0.0000
2026-06-06 17:09:30.351,0,2,2,0.00,-0.0004,0.0000,0.8783,0.5109,0.0000,-0.0000,0.0000,0.0000
2026-06-06 17:09:30.450,0,2,2,0.00,0.0001,0.0000,0.8783,0.5109,0.0000,-0.0000,0.0000,0.0000
2026-06-06 17:09:30.550,0,2,2,0.00,0.0000,0.0000,0.8783,0.5109,0.0000,-0.0000,0.0000,0.0000
2026-06-06 17:09:30.650,0,2,2,0.00,0.0000,0.0000,0.8783,0.5109,0.0000,-0.0000,0.0000,0.0000
2026-06-06 17:09:30.750,0,2,2,0.00,0.0000,0.0003,0.8783,0.5109,0.0000,-0.0000,0.0000,0.0000
2026-06-06 17:09:30.850,0,2,2,0.00,-0.0003,0.0000,0.8783,0.5109,0.0000,-0.0000,0.0000,0.0000
2026-06-06 17:09:30.950,0,2,2,0.00,-0.0001,0.0003,0.8783,0.5109,0.0000,-0.0000,0.0000,0.0000
2026-06-06 17:09:31.050,0,2,2,0.00,-0.0003,0.0000,0.8783,0.5109,0.0000,-0.0000,0.0000,0.0000
2026-06-06 17:09:31.150,0,2,2,0.00,0.0000,0.0001,0.8783,0.5109,0.0000,-0.0000,0.0000,0.0000
2026-06-06 17:09:31.250,0,2,2,0.00,-0.0001,0.0000,0.8783,0.5109,0.0000,-0.0000,0.0000,0.0000
2026-06-06 17:09:31.350,0,2,2,0.00,0.0003,0.0000,0.8783,0.5109,0.0000,-0.0000,0.0000,0.0000
2026-06-06 17:09:31.450,0,2,2,0.00,0.0000,0.0004,0.8783,0.5109,0.0000,-0.0000,0.0000,0.0000
2026-06-06 17:09:31.550,0,2,2,0.00,0.0001,0.0000,0.8783,0.5109,0.0000,-0.0000,0.0000,0.0000
2026-06-06 17:09:31.650,0,2,2,0.00,0.0000,0.0000,0.8783,0.5109,0.0000,-0.0000,0.0000,0.0000
2026-06-06 17:09:31.750,0,2,2,0.00,0.0000,0.0000,0.8783,0.5109,0.0000,-0.0000,0.0000,0.0000
2026-06-06 17:09:31.850,0,2,2,0.00,0.0001,0.0000,0.8783,0.5109,0.0000,-0.0000,0.0000,0.0000
2026-06-06 17:09:31.950,0,1,2,0.00,0.0003,0.0001,0.8783,0.5109,0.0000,-0.0000,0.0000,0.0000
2026-06-06 17:09:32.050,0,2,2,0.00,0.0000,0.0001,0.8783,0.5109,0.0000,-0.0000,0.0000,0.0000
2026-06-06 17:09:32.150,0,2,2,0.00,0.0000,0.0001,0.8783,0.5109,0.0000,-0.0000,0.0000,0.0000
2026-06-06 17:09:32.250,0,2,2,0.00,0.0001,0.0000,0.8783,0.5109,0.0000,-0.0000,0.0000,0.0000
2026-06-06 17:09:32.350,0,2,2,0.00,0.0000,0.0000,0.8783,0.5109,0.0000,-0.0000,0.0000,0.0000
2026-06-06 17:09:32.450,0,2,2,0.00,0.0001,-0.0001,0.8783,0.5109,0.0000,-0.0000,0.0000,0.0000
2026-06-06 17:09:32.550,0,2,2,0.00,-0.0001,0.0000,0.8783,0.5109,0.0000,-0.0000,0.0000,0.0000
2026-06-06 17:09:32.650,0,2,2,0.00,0.0000,0.0001,0.8783,0.5109,0.0000,-0.0000,0.0000,0.0000
2026-06-06 17:09:32.750,0,2,2,0.00,0.0003,0.0003,0.8783,0.5109,0.0000,-0.0000,0.0000,0.0000
2026-06-06 17:09:32.850,0,2,2,0.00,0.0000,0.0000,0.8783,0.5109,0.0000,-0.0000,0.0000,0.0000
2026-06-06 17:09:32.950,0,2,2,0.00,0.0001,0.0000,0.8783,0.5109,0.0000,-0.0000,0.0000,0.0000
2026-06-06 17:09:33.050,0,2,2,0.00,0.0000,0.0000,0.8783,0.5109,0.0000,-0.0000,0.0000,0.0000
2026-06-06 17:09:33.150,0,2,2,0.00,0.0000,0.0000,0.8783,0.5109,0.0000,-0.0000,0.0000,0.0000
2026-06-06 17:09:33.250,0,2,2,0.00,0.0001,0.0000,0.8783,0.5109,0.0000,-0.0000,0.0000,0.0000
2026-06-06 17:09:33.350,0,2,2,0.00,0.0001,0.0005,0.8783,0.5109,0.0000,-0.0000,0.0000,0.0000
2026-06-06 17:09:33.450,0,2,2,0.00,0.0001,-0.0001,0.8783,0.5109,0.0000,-0.0000,0.0000,0.0000
2026-06-06 17:09:33.550,0,2,2,0.00,-0.0001,0.0000,0.8783,0.5109,0.0000,-0.0000,0.0000,0.0000
2026-06-06 17:09:33.650,0,2,2,0.00,0.0000,0.0000,0.8783,0.5109,0.0000,-0.0000,0.0000,0.0000
2026-06-06 17:09:33.750,0,2,2,0.00,-0.0001,0.0000,0.8783,0.5109,0.0000,-0.0000,0.0000,0.0000
2026-06-06 17:09:33.850,0,2,2,0.00,0.0001,0.0001,0.8783,0.5109,0.0000,-0.0000,0.0000,0.0000
2026-06-06 17:09:33.950,0,1,2,0.00,0.0000,0.0001,0.8783,0.5109,0.0000,-0.0000,0.0000,0.0000
2026-06-06 17:09:34.050,0,2,2,0.00,0.0000,-0.0001,0.8783,0.5109,0.0000,-0.0000,0.0000,0.0000
2026-06-06 17:09:34.150,0,2,2,0.00,0.0000,0.0000,0.8783,0.5109,0.0000,-0.0000,0.0000,0.0000
2026-06-06 17:09:34.250,0,2,2,0.00,-0.0001,-0.0001,0.8783,0.5109,0.0000,-0.0000,0.0000,0.0000
2026-06-06 17:09:34.350,0,2,2,0.00,0.0000,0.0001,0.8783,0.5109,0.0000,-0.0000,0.0000,0.0000
2026-06-06 17:09:34.450,0,2,2,0.00,0.0000,-0.0003,0.8783,0.5109,0.0000,-0.0000,0.0000,0.0000
2026-06-06 17:09:34.550,0,2,2,0.00,0.0003,0.0000,0.8783,0.5109,0.0000,-0.0000,0.0000,0.0000
2026-06-06 17:09:34.650,0,2,2,0.00,0.0000,0.0000,0.8783,0.5109,0.0000,-0.0000,0.0000,0.0000
2026-06-06 17:09:34.750,0,2,2,0.00,0.0000,0.0001,0.8783,0.5109,0.0000,-0.0000,0.0000,0.0000
2026-06-06 17:09:34.850,0,2,2,0.00,0.0000,0.0000,0.8783,0.5109,0.0000,-0.0000,0.0000,0.0000
2026-06-06 17:09:34.950,0,2,2,0.00,0.0000,0.0000,0.8783,0.5109,0.0000,-0.0000,0.0000,0.0000
2026-06-06 17:09:35.050,0,2,2,0.00,0.0001,0.0000,0.8783,0.5109,0.0000,-0.0000,0.0000,0.0000
2026-06-06 17:09:35.150,0,2,2,0.00,-0.0001,0.0000,0.8783,0.5109,0.0000,-0.0000,0.0000,0.0000
2026-06-06 17:09:35.250,0,2,2,0.00,0.0000,0.0000,0.8783,0.5109,0.0000,-0.0000,0.0000,0.0000
2026-06-06 17:09:35.350,0,2,2,0.00,0.0000,0.0001,0.8783,0.5109,0.0000,-0.0000,0.0000,0.0000
2026-06-06 17:09:35.450,0,2,2,0.00,0.0001,0.0000,0.8783,0.5109,0.0000,-0.0000,0.0000,0.0000
2026-06-06 17:09:35.550,0,2,2,0.00,-0.0001,-0.0001,0.8783,0.5109,0.0000,-0.0000,0.0000,0.0000
2026-06-06 17:09:35.650,0,2,2,0.00,-0.0001,0.0000,0.8783,0.5109,0.0000,-0.0000,0.0000,0.0000
2026-06-06 17:09:35.750,0,2,2,0.00,0.0004,0.0000,0.8783,0.5109,0.0000,-0.0000,0.0000,0.0000
2026-06-06 17:09:35.850,0,2,2,0.00,0.0000,0.0000,0.8783,0.5109,0.0000,-0.0000,0.0000,0.0000
2026-06-06 17:09:35.950,0,2,2,0.00,0.0003,0.0001,0.8783,0.5109,0.0000,-0.0000,0.0000,0.0000
2026-06-06 17:09:36.050,0,2,2,0.00,0.0000,-0.0001,0.8783,0.5109,0.0000,-0.0000,0.0000,0.0000
2026-06-06 17:09:36.150,0,1,2,0.00,0.0000,0.0000,0.8783,0.5109,0.0000,-0.0000,0.0000,0.0000
2026-06-06 17:09:36.250,0,2,2,0.00,0.0000,-0.0001,0.8783,0.5109,0.0000,-0.0000,0.0000,0.0000
2026-06-06 17:09:36.350,0,2,2,0.00,-0.0001,0.0000,0.8783,0.5109,0.0000,-0.0000,0.0000,0.0000
2026-06-06 17:09:36.450,0,1,2,0.00,0.0000,-0.0003,0.8783,0.5109,0.0000,-0.0000,0.0000,0.0000
2026-06-06 17:09:36.550,0,2,2,0.00,0.0000,0.0000,0.8783,0.5109,0.0000,-0.0000,0.0000,0.0000
2026-06-06 17:09:36.650,0,2,2,0.00,0.0003,0.0001,0.8783,0.5109,0.0000,-0.0000,0.0000,0.0000
2026-06-06 17:09:36.750,0,2,2,0.00,-0.0001,0.0000,0.8783,0.5109,0.0000,-0.0000,0.0000,0.0000
2026-06-06 17:09:36.850,0,2,2,0.00,0.0001,0.0003,0.8783,0.5109,0.0000,-0.0000,0.0000,0.0000
2026-06-06 17:09:36.950,0,1,2,0.00,0.0000,-0.0003,0.8783,0.5109,0.0000,-0.0000,0.0000,0.0000
2026-06-06 17:09:37.050,0,2,2,0.00,0.0000,0.0004,0.8783,0.5109,0.0000,-0.0000,0.0000,0.0000
2026-06-06 17:09:37.150,0,2,2,0.00,0.0001,0.0000,0.8783,0.5109,0.0000,-0.0000,0.0000,0.0000
2026-06-06 17:09:37.250,0,2,2,0.00,0.0000,0.0001,0.8783,0.5109,0.0000,-0.0000,0.0000,0.0000
2026-06-06 17:09:37.350,0,2,2,0.00,0.0000,0.0001,0.8783,0.5109,0.0000,-0.0000,0.0000,0.0000
2026-06-06 17:09:37.450,0,2,2,0.00,0.0000,0.0000,0.8783,0.5109,0.0000,-0.0000,0.0000,0.0000
2026-06-06 17:09:37.550,0,2,2,0.00,-0.0003,-0.0001,0.8783,0.5109,0.0000,-0.0000,0.0000,0.0000
2026-06-06 17:09:37.650,0,2,2,0.00,0.0000,0.0000,0.8783,0.5109,0.0000,-0.0000,0.0000,0.0000
2026-06-06 17:09:37.750,0,2,2,0.00,0.0003,0.0000,0.8783,0.5109,0.0000,-0.0000,0.0000,0.0000
2026-06-06 17:09:37.850,0,2,2,0.00,0.0000,0.0001,0.8783,0.5109,0.0000,-0.0000,0.0000,0.0000
2026-06-06 17:09:37.950,0,2,2,0.00,-0.0001,0.0001,0.8783,0.5109,0.0000,-0.0000,0.0000,0.0000
2026-06-06 17:09:38.053,0,2,2,0.00,0.0000,0.0000,0.8783,0.5109,0.0000,-0.0000,0.0000,0.0000
2026-06-06 17:09:38.150,0,2,2,0.00,0.0000,0.0000,0.8783,0.5109,0.0000,-0.0000,0.0000,0.0000
2026-06-06 17:09:38.250,0,2,2,0.00,0.0003,0.0000,0.8783,0.5109,0.0000,-0.0000,0.0000,0.0000
2026-06-06 17:09:38.350,0,2,2,0.00,0.0001,0.0000,0.8783,0.5109,0.0000,-0.0000,0.0000,0.0000
2026-06-06 17:09:38.450,0,2,2,0.00,0.0000,0.0001,0.8783,0.5109,0.0000,-0.0000,0.0000,0.0000
2026-06-06 17:09:38.550,0,2,2,0.00,0.0003,0.0000,0.8783,0.5109,0.0000,-0.0000,0.0000,0.0000
2026-06-06 17:09:38.650,0,2,2,0.00,0.0001,0.0000,0.8783,0.5109,0.0000,-0.0000,0.0000,0.0000
2026-06-06 17:09:38.750,0,2,2,0.00,-0.0001,0.0001,0.8783,0.5109,0.0000,-0.0000,0.0000,0.0000
2026-06-06 17:09:38.850,0,2,2,0.00,-0.0003,0.0000,0.8783,0.5109,0.0000,-0.0000,0.0000,0.0000
2026-06-06 17:09:38.950,0,2,2,0.00,0.0005,-0.0001,0.8783,0.5109,0.0000,-0.0000,0.0000,0.0000
2026-06-06 17:09:39.050,0,2,2,0.00,0.0000,0.0000,0.8783,0.5109,0.0000,-0.0000,0.0000,0.0000
2026-06-06 17:09:39.150,0,2,2,0.00,0.0000,0.0001,0.8783,0.5109,0.0000,-0.0000,0.0000,0.0000
2026-06-06 17:09:39.250,0,2,2,0.00,0.0000,-0.0001,0.8783,0.5109,0.0000,-0.0000,0.0000,0.0000
2026-06-06 17:09:39.350,0,2,2,0.00,0.0000,0.0001,0.8783,0.5109,0.0000,-0.0000,0.0000,0.0000
2026-06-06 17:09:39.450,0,2,2,0.00,0.0003,0.0000,0.8783,0.5109,0.0000,-0.0000,0.0000,0.0000
2026-06-06 17:09:39.550,0,2,2,0.00,0.0000,0.0001,0.8783,0.5109,0.0000,-0.0000,0.0000,0.0000
2026-06-06 17:09:39.650,0,2,2,0.00,0.0000,-0.0003,0.8783,0.5109,0.0000,-0.0000,0.0000,0.0000
2026-06-06 17:09:39.753,0,2,2,0.00,-0.0001,0.0000,0.8783,0.5109,0.0000,-0.0000,0.0000,0.0000
2026-06-06 17:09:39.850,0,2,2,0.00,0.0000,-0.0001,0.8783,0.5109,0.0000,-0.0000,0.0000,0.0000
2026-06-06 17:09:39.950,0,2,2,0.00,-0.0003,0.0000,0.8783,0.5109,0.0000,-0.0000,0.0000,0.0000
2026-06-06 17:09:40.050,0,2,2,0.00,0.0001,0.0000,0.8783,0.5109,0.0000,-0.0000,0.0000,0.0000
2026-06-06 17:09:40.150,0,2,2,0.00,0.0000,0.0000,0.8783,0.5109,0.0000,-0.0000,0.0000,0.0000
2026-06-06 17:09:40.251,0,2,2,0.00,0.0000,0.0000,0.8783,0.5109,0.0000,-0.0000,0.0000,0.0000
2026-06-06 17:09:40.350,0,2,2,0.00,0.0001,0.0000,0.8783,0.5109,0.0000,-0.0000,0.0000,0.0000
2026-06-06 17:09:40.450,0,2,2,0.00,0.0001,0.0000,0.8783,0.5109,0.0000,-0.0000,0.0000,0.0000
2026-06-06 17:09:40.550,0,2,2,0.00,0.0004,-0.0001,0.8783,0.5109,0.0000,-0.0000,0.0000,0.0000
2026-06-06 17:09:40.650,0,2,2,0.00,0.0000,0.0000,0.8783,0.5109,0.0000,-0.0000,0.0000,0.0000
2026-06-06 17:09:40.750,0,2,2,0.00,0.0000,-0.0003,0.8783,0.5109,0.0000,-0.0000,0.0000,0.0000
2026-06-06 17:09:40.850,0,2,2,0.00,-0.0001,0.0000,0.8783,0.5109,0.0000,-0.0000,0.0000,0.0000
2026-06-06 17:09:40.950,0,2,2,0.00,0.0000,-0.0001,0.8783,0.5109,0.0000,-0.0000,0.0000,0.0000
2026-06-06 17:09:41.050,0,2,2,0.00,0.0000,0.0000,0.8783,0.5109,0.0000,-0.0000,0.0000,0.0000
2026-06-06 17:09:41.150,0,2,2,0.00,0.0000,-0.0001,0.8783,0.5109,0.0000,-0.0000,0.0000,0.0000
2026-06-06 17:09:41.250,0,2,2,0.00,-0.0001,0.0001,0.8783,0.5109,0.0000,-0.0000,0.0000,0.0000
2026-06-06 17:09:41.350,0,2,2,0.00,-0.0003,0.0000,0.8783,0.5109,0.0000,-0.0000,0.0000,0.0000
2026-06-06 17:09:41.450,0,2,2,0.00,0.0003,0.0000,0.8783,0.5109,0.0000,-0.0000,0.0000,0.0000
2026-06-06 17:09:41.550,0,2,2,0.00,-0.0001,0.0001,0.8783,0.5109,0.0000,-0.0000,0.0000,0.0000
2026-06-06 17:09:41.650,0,2,2,0.00,0.0003,0.0000,0.8783,0.5109,0.0000,-0.0000,0.0000,0.0000
2026-06-06 17:09:41.750,0,2,2,0.00,0.0001,-0.0005,0.8783,0.5109,0.0000,-0.0000,0.0000,0.0000
2026-06-06 17:09:41.850,0,2,2,0.00,-0.0001,0.0000,0.8783,0.5109,0.0000,-0.0000,0.0000,0.0000
2026-06-06 17:09:41.950,0,2,2,0.00,0.0001,0.0000,0.8783,0.5109,0.0000,-0.0000,0.0000,0.0000
2026-06-06 17:09:42.050,0,2,2,0.00,0.0000,0.0000,0.8783,0.5109,0.0000,-0.0000,0.0000,0.0000
2026-06-06 17:09:42.150,0,2,2,0.00,0.0000,0.0000,0.8783,0.5109,0.0000,-0.0000,0.0000,0.0000
2026-06-06 17:09:42.250,0,2,2,0.00,-0.0001,-0.0001,0.8783,0.5109,0.0000,-0.0000,0.0000,0.0000
2026-06-06 17:09:42.350,0,2,2,0.00,-0.0001,0.0000,0.8783,0.5109,0.0000,-0.0000,0.0000,0.0000
2026-06-06 17:09:42.450,0,2,2,0.00,0.0003,0.0000,0.8783,0.5109,0.0000,-0.0000,0.0000,0.0000
2026-06-06 17:09:42.553,0,2,2,0.00,0.0001,0.0000,0.8783,0.5109,0.0000,-0.0000,0.0000,0.0000
2026-06-06 17:09:42.650,0,2,2,0.00,-0.0001,0.0000,0.8783,0.5109,0.0000,-0.0000,0.0000,0.0000
2026-06-06 17:09:42.750,0,2,2,0.00,0.0001,0.0001,0.8783,0.5109,0.0000,-0.0000,0.0000,0.0000
2026-06-06 17:09:42.850,0,2,2,0.00,0.0000,0.0000,0.8783,0.5109,0.0000,-0.0000,0.0000,0.0000
2026-06-06 17:09:42.950,0,2,2,0.00,0.0000,0.0000,0.8783,0.5109,0.0000,-0.0000,0.0000,0.0000
2026-06-06 17:09:43.053,0,2,2,0.00,0.0001,0.0000,0.8783,0.5109,0.0000,-0.0000,0.0000,0.0000
2026-06-06 17:09:43.150,0,1,2,0.00,0.0000,0.0000,0.8783,0.5109,0.0000,-0.0000,0.0000,0.0000
2026-06-06 17:09:43.250,0,2,2,0.00,0.0001,0.0001,0.8783,0.5109,0.0000,-0.0000,0.0000,0.0000
2026-06-06 17:09:43.350,0,2,2,0.00,0.0000,-0.0001,0.8783,0.5109,0.0000,-0.0000,0.0000,0.0000
2026-06-06 17:09:43.450,0,2,2,0.00,-0.0001,0.0000,0.8783,0.5109,0.0000,-0.0000,0.0000,0.0000
2026-06-06 17:09:43.550,0,2,2,0.00,0.0000,0.0000,0.8783,0.5109,0.0000,-0.0000,0.0000,0.0000
2026-06-06 17:09:43.650,0,2,2,0.00,0.0003,0.0000,0.8783,0.5109,0.0000,-0.0000,0.0000,0.0000
2026-06-06 17:09:43.750,0,2,2,0.00,0.0000,0.0000,0.8783,0.5109,0.0000,-0.0000,0.0000,0.0000
2026-06-06 17:09:43.850,0,2,2,0.00,0.0000,0.0000,0.8783,0.5109,0.0000,-0.0000,0.0000,0.0000
2026-06-06 17:09:43.950,0,1,2,0.00,-0.0001,0.0000,0.8783,0.5109,0.0000,-0.0000,0.0000,0.0000
2026-06-06 17:09:44.050,0,2,2,0.00,0.0000,0.0000,0.8783,0.5109,0.0000,-0.0000,0.0000,0.0000
2026-06-06 17:09:44.150,0,2,2,0.00,-0.0005,0.0000,0.8783,0.5109,0.0000,-0.0000,0.0000,0.0000
2026-06-06 17:09:44.250,0,2,2,0.00,-0.0001,0.0000,0.8783,0.5109,0.0000,-0.0000,0.0000,0.0000
2026-06-06 17:09:44.350,0,2,2,0.00,0.0000,-0.0001,0.8783,0.5109,0.0000,-0.0000,0.0000,0.0000
2026-06-06 17:09:44.450,0,2,2,0.00,0.0000,0.0000,0.8783,0.5109,0.0000,-0.0000,0.0000,0.0000
2026-06-06 17:09:44.550,0,2,2,0.00,-0.0007,0.0001,0.8783,0.5109,0.0000,-0.0000,0.0000,0.0000
2026-06-06 17:09:44.650,0,2,2,0.00,-0.0001,0.0000,0.8783,0.5109,0.0000,-0.0000,0.0000,0.0000
2026-06-06 17:09:44.750,0,2,2,0.00,0.0001,0.0001,0.8783,0.5109,0.0000,-0.0000,0.0000,0.0000
2026-06-06 17:09:44.850,0,2,2,0.00,0.0000,-0.0001,0.8783,0.5109,0.0000,-0.0000,0.0000,0.0000
2026-06-06 17:09:44.950,0,1,2,0.00,0.0001,0.0003,0.8783,0.5109,0.0000,-0.0000,0.0000,0.0000
2026-06-06 17:09:45.050,0,2,2,0.00,-0.0003,0.0000,0.8783,0.5109,0.0000,-0.0000,0.0000,0.0000
2026-06-06 17:09:45.150,0,2,2,0.00,-0.0001,0.0001,0.8783,0.5109,0.0000,-0.0000,0.0000,0.0000
2026-06-06 17:09:45.250,0,2,2,0.00,-0.0001,0.0000,0.8783,0.5109,0.0000,-0.0000,0.0000,0.0000
2026-06-06 17:09:45.350,0,2,2,0.00,0.0000,0.0000,0.8783,0.5109,0.0000,-0.0000,0.0000,0.0000
2026-06-06 17:09:45.450,0,2,2,0.00,0.0000,0.0001,0.8783,0.5109,0.0000,-0.0000,0.0000,0.0000
2026-06-06 17:09:45.550,0,2,2,0.00,-0.0001,0.0001,0.8783,0.5109,0.0000,-0.0000,0.0000,0.0000
2026-06-06 17:09:45.650,0,2,2,0.00,0.0001,0.0001,0.8783,0.5109,0.0000,-0.0000,0.0000,0.0000
2026-06-06 17:09:45.750,0,2,2,0.00,0.0001,-0.0003,0.8783,0.5109,0.0000,-0.0000,0.0000,0.0000
2026-06-06 17:09:45.850,0,2,2,0.00,0.0000,0.0001,0.8783,0.5109,0.0000,-0.0000,0.0000,0.0000
2026-06-06 17:09:45.950,0,2,2,0.00,-0.0001,0.0000,0.8783,0.5109,0.0000,-0.0000,0.0000,0.0000
2026-06-06 17:09:46.050,0,2,2,0.00,-0.0001,0.0000,0.8783,0.5109,0.0000,-0.0000,0.0000,0.0000
2026-06-06 17:09:46.150,0,1,2,0.00,-0.0001,0.0000,0.8783,0.5109,0.0000,-0.0000,0.0000,0.0000
2026-06-06 17:09:46.250,0,2,2,0.00,-0.0001,0.0001,0.8783,0.5109,0.0000,-0.0000,0.0000,0.0000
2026-06-06 17:09:46.350,0,2,2,0.00,-0.0001,0.0000,0.8783,0.5109,0.0000,-0.0000,0.0000,0.0000
2026-06-06 17:09:46.450,0,1,2,0.00,-0.0001,0.0000,0.8783,0.5109,0.0000,-0.0000,0.0000,0.0000
2026-06-06 17:09:46.551,0,2,2,0.00,0.0000,0.0000,0.8783,0.5109,0.0000,-0.0000,0.0000,0.0000
2026-06-06 17:09:46.650,0,2,2,0.00,0.0000,0.0000,0.8783,0.5109,0.0000,-0.0000,0.0000,0.0000
2026-06-06 17:09:46.750,0,2,2,0.00,-0.0003,0.0001,0.8783,0.5109,0.0000,-0.0000,0.0000,0.0000
2026-06-06 17:09:46.850,0,1,2,0.00,-0.0003,0.0000,0.8783,0.5109,0.0000,-0.0000,0.0000,0.0000
2026-06-06 17:09:46.950,0,2,2,0.00,-0.0001,0.0000,0.8783,0.5109,0.0000,-0.0000,0.0000,0.0000
2026-06-06 17:09:47.050,0,2,2,0.00,0.0000,0.0003,0.8783,0.5109,0.0000,-0.0000,0.0000,0.0000
2026-06-06 17:09:47.150,0,2,2,0.00,0.0000,0.0004,0.8783,0.5109,0.0000,-0.0000,0.0000,0.0000
2026-06-06 17:09:47.250,0,1,2,0.00,0.0000,0.0004,0.8783,0.5109,0.0000,-0.0000,0.0000,0.0000
2026-06-06 17:09:47.350,0,2,2,0.00,0.0000,0.0004,0.8783,0.5109,0.0000,-0.0000,0.0000,0.0000
2026-06-06 17:09:47.450,0,2,2,0.00,0.0000,0.0004,0.8783,0.5109,0.0000,-0.0000,0.0000,0.0000
2026-06-06 17:09:47.550,0,2,2,0.00,0.0000,0.0004,0.8783,0.5109,0.0000,-0.0000,0.0000,0.0000
2026-06-06 17:09:47.650,0,2,2,0.00,0.0000,0.0004,0.8783,0.5109,0.0000,-0.0000,0.0000,0.0000
2026-06-06 17:09:47.750,0,2,2,0.00,0.0000,0.0004,0.8783,0.5109,0.0000,-0.0000,0.0000,0.0000
2026-06-06 17:09:47.850,0,2,2,0.00,0.0000,0.0004,0.8783,0.5109,0.0000,-0.0000,0.0000,0.0000
2026-06-06 17:09:47.950,0,2,2,0.00,0.0000,0.0004,0.8783,0.5109,0.0000,-0.0000,0.0000,0.0000
2026-06-06 17:09:48.050,0,2,2,0.00,0.0000,0.0004,0.8783,0.5109,0.0000,-0.0000,0.0000,0.0000
2026-06-06 17:09:48.150,0,2,2,0.00,0.0000,0.0004,0.8783,0.5109,0.0000,-0.0000,0.0000,0.0000
2026-06-06 17:09:48.250,0,2,2,0.00,0.0000,0.0004,0.8783,0.5109,0.0000,-0.0000,0.0000,0.0000
2026-06-06 17:09:48.350,0,2,2,0.00,0.0000,0.0004,0.8783,0.5109,0.0000,-0.0000,0.0000,0.0000
2026-06-06 17:09:48.450,0,2,2,0.00,0.0000,0.0004,0.8783,0.5109,0.0000,-0.0000,0.0000,0.0000
2026-06-06 17:09:48.550,0,2,2,0.00,0.0000,0.0004,0.8783,0.5109,0.0000,-0.0000,0.0000,0.0000
2026-06-06 17:09:48.650,0,2,2,0.00,0.0000,0.0004,0.8783,0.5109,0.0000,-0.0000,0.0000,0.0000
2026-06-06 17:09:48.750,0,2,2,0.00,0.0000,0.0004,0.8783,0.5109,0.0000,-0.0000,0.0000,0.0000
2026-06-06 17:09:48.850,0,2,2,0.00,0.0000,0.0004,0.8783,0.5109,0.0000,-0.0000,0.0000,0.0000
2026-06-06 17:09:48.950,0,2,2,0.00,0.0000,0.0004,0.8783,0.5109,0.0000,-0.0000,0.0000,0.0000
2026-06-06 17:09:49.050,0,2,2,0.00,0.0000,0.0004,0.8783,0.5109,0.0000,-0.0000,0.0000,0.0000
2026-06-06 17:09:49.150,0,2,2,0.00,0.0000,0.0004,0.8783,0.5109,0.0000,-0.0000,0.0000,0.0000
2026-06-06 17:09:49.250,0,1,2,0.00,0.0000,0.0004,0.8783,0.5109,0.0000,-0.0000,0.0000,0.0000
2026-06-06 17:09:49.350,0,2,2,0.00,0.0000,0.0004,0.8783,0.5109,0.0000,-0.0000,0.0000,0.0000
2026-06-06 17:09:49.450,0,2,2,0.00,0.0000,0.0004,0.8783,0.5109,0.0000,-0.0000,0.0000,0.0000
2026-06-06 17:09:49.550,0,2,2,0.00,0.0000,0.0004,0.8783,0.5109,0.0000,-0.0000,0.0000,0.0000
2026-06-06 17:09:49.650,0,2,2,0.00,0.0000,0.0004,0.8783,0.5109,0.0000,-0.0000,0.0000,0.0000
2026-06-06 17:09:49.750,0,2,2,0.00,0.0000,0.0004,0.8783,0.5109,0.0000,-0.0000,0.0000,0.0000
2026-06-06 17:09:49.850,0,2,2,0.00,0.0000,0.0004,0.8783,0.5109,0.0000,-0.0000,0.0000,0.0000
2026-06-06 17:09:49.950,0,2,2,0.00,0.0000,0.0004,0.8783,0.5109,0.0000,-0.0000,0.0000,0.0000
2026-06-06 17:09:50.050,0,2,2,0.00,0.0000,0.0004,0.8783,0.5109,0.0000,-0.0000,0.0000,0.0000
2026-06-06 17:09:50.150,0,2,2,0.00,0.0000,0.0004,0.8783,0.5109,0.0000,-0.0000,0.0000,0.0000
2026-06-06 17:09:50.250,0,2,2,0.00,0.0000,0.0004,0.8783,0.5109,0.0000,-0.0000,0.0000,0.0000
2026-06-06 17:09:50.350,0,2,2,0.00,0.0000,0.0004,0.8783,0.5109,0.0000,-0.0000,0.0000,0.0000
2026-06-06 17:09:50.450,0,2,2,0.00,0.0000,0.0004,0.8783,0.5109,0.0000,-0.0000,0.0000,0.0000
2026-06-06 17:09:50.551,0,2,2,0.00,0.0000,0.0004,0.8783,0.5109,0.0000,-0.0000,0.0000,0.0000
2026-06-06 17:09:50.650,0,2,2,0.00,0.0000,0.0004,0.8783,0.5109,0.0000,-0.0000,0.0000,0.0000
2026-06-06 17:09:50.750,0,2,2,0.00,0.0000,0.0004,0.8783,0.5109,0.0000,-0.0000,0.0000,0.0000
2026-06-06 17:09:50.850,0,2,2,0.00,0.0000,0.0004,0.8783,0.5109,0.0000,-0.0000,0.0000,0.0000
2026-06-06 17:09:50.950,0,2,2,0.00,0.0000,0.0004,0.8783,0.5109,0.0000,-0.0000,0.0000,0.0000
2026-06-06 17:09:51.050,0,2,2,0.00,0.0000,0.0004,0.8783,0.5109,0.0000,-0.0000,0.0000,0.0000
2026-06-06 17:09:51.150,0,2,2,0.00,0.0000,0.0004,0.8783,0.5109,0.0000,-0.0000,0.0000,0.0000
2026-06-06 17:09:51.250,0,2,2,0.00,0.0000,0.0004,0.8783,0.5109,0.0000,-0.0000,0.0000,0.0000
2026-06-06 17:09:51.350,0,2,2,0.00,0.0000,0.0004,0.8783,0.5109,0.0000,-0.0000,0.0000,0.0000
2026-06-06 17:09:51.450,0,2,2,0.00,0.0000,0.0004,0.8783,0.5109,0.0000,-0.0000,0.0000,0.0000
2026-06-06 17:09:51.550,0,2,2,0.00,0.0000,0.0004,0.8783,0.5109,0.0000,-0.0000,0.0000,0.0000
2026-06-06 17:09:51.650,0,1,2,0.00,0.0000,0.0004,0.8783,0.5109,0.0000,-0.0000,0.0000,0.0000
2026-06-06 17:09:51.750,0,1,2,0.00,0.0000,0.0004,0.8783,0.5109,0.0000,-0.0000,0.0000,0.0000
2026-06-06 17:09:51.850,0,2,2,0.00,0.0000,0.0004,0.8783,0.5109,0.0000,-0.0000,0.0000,0.0000
2026-06-06 17:09:51.950,0,2,2,0.00,0.0000,0.0004,0.8783,0.5109,0.0000,-0.0000,0.0000,0.0000
2026-06-06 17:09:52.050,0,1,2,0.00,0.0000,0.0004,0.8783,0.5109,0.0000,-0.0000,0.0000,0.0000
2026-06-06 17:09:52.150,0,2,2,0.00,0.0000,0.0004,0.8783,0.5109,0.0000,-0.0000,0.0000,0.0000
2026-06-06 17:09:52.250,0,2,2,0.00,0.0000,0.0004,0.8783,0.5109,0.0000,-0.0000,0.0000,0.0000
2026-06-06 17:09:52.350,0,2,2,0.00,0.0000,0.0004,0.8783,0.5109,0.0000,-0.0000,0.0000,0.0000
2026-06-06 17:09:52.450,0,2,2,0.00,0.0000,0.0004,0.8783,0.5109,0.0000,-0.0000,0.0000,0.0000
2026-06-06 17:09:52.550,0,2,2,0.00,0.0000,0.0004,0.8783,0.5109,0.0000,-0.0000,0.0000,0.0000
2026-06-06 17:09:52.650,0,2,2,0.00,0.0000,0.0004,0.8783,0.5109,0.0000,-0.0000,0.0000,0.0000
2026-06-06 17:09:52.750,0,2,2,0.00,0.0000,0.0004,0.8783,0.5109,0.0000,-0.0000,0.0000,0.0000
2026-06-06 17:09:52.850,0,2,2,0.00,0.0000,0.0004,0.8783,0.5109,0.0000,-0.0000,0.0000,0.0000
2026-06-06 17:09:52.950,0,2,2,0.00,0.0000,0.0004,0.8783,0.5109,0.0000,-0.0000,0.0000,0.0000
2026-06-06 17:09:53.050,0,2,2,0.00,0.0000,0.0004,0.8783,0.5109,0.0000,-0.0000,0.0000,0.0000
2026-06-06 17:09:53.150,0,2,2,0.00,0.0000,0.0004,0.8783,0.5109,0.0000,-0.0000,0.0000,0.0000
2026-06-06 17:09:53.250,0,2,2,0.00,0.0000,0.0004,0.8783,0.5109,0.0000,-0.0000,0.0000,0.0000
2026-06-06 17:09:53.350,0,2,2,0.00,0.0000,0.0004,0.8783,0.5109,0.0000,-0.0000,0.0000,0.0000
2026-06-06 17:09:53.450,0,2,2,0.00,0.0000,0.0004,0.8783,0.5109,0.0000,-0.0000,0.0000,0.0000
2026-06-06 17:09:53.550,0,2,2,0.00,0.0000,0.0004,0.8783,0.5109,0.0000,-0.0000,0.0000,0.0000
2026-06-06 17:09:53.650,0,2,2,0.00,0.0000,0.0004,0.8783,0.5109,0.0000,-0.0000,0.0000,0.0000
2026-06-06 17:09:53.750,0,2,2,0.00,0.0000,0.0004,0.8783,0.5109,0.0000,-0.0000,0.0000,0.0000
2026-06-06 17:09:53.850,0,2,2,0.00,0.0000,0.0004,0.8783,0.5109,0.0000,-0.0000,0.0000,0.0000
2026-06-06 17:09:53.950,0,2,2,0.00,0.0000,0.0004,0.8783,0.5109,0.0000,-0.0000,0.0000,0.0000
2026-06-06 17:09:54.050,0,2,2,0.00,0.0000,0.0004,0.8783,0.5109,0.0000,-0.0000,0.0000,0.0000
2026-06-06 17:09:54.165,0,2,2,0.00,0.0000,0.0004,0.8783,0.5109,0.0000,-0.0000,0.0000,0.0000
2026-06-06 17:09:54.250,0,1,2,0.00,0.0000,0.0004,0.8783,0.5109,0.0000,-0.0000,0.0000,0.0000
2026-06-06 17:09:54.352,0,2,2,0.00,0.0000,0.0004,0.8783,0.5109,0.0000,-0.0000,0.0000,0.0000
2026-06-06 17:09:54.450,0,2,2,0.00,0.0000,0.0004,0.8783,0.5109,0.0000,-0.0000,0.0000,0.0000
2026-06-06 17:09:54.550,0,2,2,0.00,0.0000,0.0004,0.8783,0.5109,0.0000,-0.0000,0.0000,0.0000
2026-06-06 17:09:54.650,0,2,2,0.00,0.0000,0.0004,0.8783,0.5109,0.0000,-0.0000,0.0000,0.0000
2026-06-06 17:09:54.750,0,2,2,0.00,0.0000,0.0004,0.8783,0.5109,0.0000,-0.0000,0.0000,0.0000
2026-06-06 17:09:54.850,0,2,2,0.00,0.0000,0.0004,0.8783,0.5109,0.0000,-0.0000,0.0000,0.0000
2026-06-06 17:09:54.950,0,2,2,0.00,0.0000,0.0004,0.8783,0.5109,0.0000,-0.0000,0.0000,0.0000
2026-06-06 17:09:55.050,0,2,2,0.00,0.0000,0.0004,0.8783,0.5109,0.0000,-0.0000,0.0000,0.0000
2026-06-06 17:09:55.150,0,2,2,0.00,0.0000,0.0004,0.8783,0.5109,0.0000,-0.0000,0.0000,0.0000
2026-06-06 17:09:55.250,0,2,2,0.00,0.0000,0.0004,0.8783,0.5109,0.0000,-0.0000,0.0000,0.0000
2026-06-06 17:09:55.350,0,2,2,0.00,0.0000,0.0004,0.8783,0.5109,0.0000,-0.0000,0.0000,0.0000
2026-06-06 17:09:55.450,0,2,2,0.00,0.0000,0.0004,0.8783,0.5109,0.0000,-0.0000,0.0000,0.0000
2026-06-06 17:09:55.550,0,2,2,0.00,0.0000,0.0004,0.8783,0.5109,0.0000,-0.0000,0.0000,0.0000
2026-06-06 17:09:55.650,0,2,2,0.00,0.0000,0.0004,0.8783,0.5109,0.0000,-0.0000,0.0000,0.0000
2026-06-06 17:09:55.750,0,2,2,0.00,0.0000,0.0004,0.8783,0.5109,0.0000,-0.0000,0.0000,0.0000
2026-06-06 17:09:55.850,0,2,2,0.00,0.0000,0.0004,0.8783,0.5109,0.0000,-0.0000,0.0000,0.0000
2026-06-06 17:09:55.950,0,2,2,0.00,0.0000,0.0004,0.8783,0.5109,0.0000,-0.0000,0.0000,0.0000
2026-06-06 17:09:56.050,0,2,2,0.00,0.0000,0.0004,0.8783,0.5109,0.0000,-0.0000,0.0000,0.0000
2026-06-06 17:09:56.150,0,2,2,0.00,0.0000,0.0004,0.8783,0.5109,0.0000,-0.0000,0.0000,0.0000
2026-06-06 17:09:56.250,0,2,2,0.00,0.0000,0.0004,0.8783,0.5109,0.0000,-0.0000,0.0000,0.0000
2026-06-06 17:09:56.350,0,2,2,0.00,0.0000,0.0004,0.8783,0.5109,0.0000,-0.0000,0.0000,0.0000
2026-06-06 17:09:56.450,0,2,2,0.00,0.0000,0.0004,0.8783,0.5109,0.0000,-0.0000,0.0000,0.0000
2026-06-06 17:09:56.550,0,2,2,0.00,0.0000,0.0004,0.8783,0.5109,0.0000,-0.0000,0.0000,0.0000
2026-06-06 17:09:56.650,0,2,2,0.00,0.0000,0.0004,0.8783,0.5109,0.0000,-0.0000,0.0000,0.0000
2026-06-06 17:09:56.750,0,2,2,0.00,0.0000,0.0004,0.8783,0.5109,0.0000,-0.0000,0.0000,0.0000
2026-06-06 17:09:56.850,0,2,2,0.00,0.0000,0.0004,0.8783,0.5109,0.0000,-0.0000,0.0000,0.0000
2026-06-06 17:09:56.950,0,2,2,0.00,0.0000,0.0004,0.8783,0.5109,0.0000,-0.0000,0.0000,0.0000
2026-06-06 17:09:57.050,0,2,2,0.00,0.0000,0.0004,0.8783,0.5109,0.0000,-0.0000,0.0000,0.0000
2026-06-06 17:09:57.150,0,2,2,0.00,0.0000,0.0004,0.8783,0.5109,0.0000,-0.0000,0.0000,0.0000
2026-06-06 17:09:57.250,0,2,2,0.00,0.0000,0.0004,0.8783,0.5109,0.0000,-0.0000,0.0000,0.0000
2026-06-06 17:09:57.350,0,2,2,0.00,0.0000,0.0004,0.8783,0.5109,0.0000,-0.0000,0.0000,0.0000
2026-06-06 17:09:57.450,0,1,2,0.00,0.0000,0.0004,0.8783,0.5109,0.0000,-0.0000,0.0000,0.0000
2026-06-06 17:09:57.550,0,2,2,0.00,0.0000,0.0004,0.8783,0.5109,0.0000,-0.0000,0.0000,0.0000
2026-06-06 17:09:57.650,0,2,2,0.00,0.0000,0.0004,0.8783,0.5109,0.0000,-0.0000,0.0000,0.0000
2026-06-06 17:09:57.750,0,2,2,0.00,0.0000,0.0004,0.8783,0.5109,0.0000,-0.0000,0.0000,0.0000
2026-06-06 17:09:57.850,0,2,2,0.00,0.0000,0.0004,0.8783,0.5109,0.0000,-0.0000,0.0000,0.0000
2026-06-06 17:09:57.950,0,2,2,0.00,0.0000,0.0004,0.8783,0.5109,0.0000,-0.0000,0.0000,0.0000
2026-06-06 17:09:58.050,0,2,2,0.00,0.0000,0.0004,0.8783,0.5109,0.0000,-0.0000,0.0000,0.0000
2026-06-06 17:09:58.150,0,2,2,0.00,0.0000,0.0004,0.8783,0.5109,0.0000,-0.0000,0.0000,0.0000
2026-06-06 17:09:58.250,0,2,2,0.00,0.0000,0.0004,0.8783,0.5109,0.0000,-0.0000,0.0000,0.0000
2026-06-06 17:09:58.350,0,2,2,0.00,0.0000,0.0004,0.8783,0.5109,0.0000,-0.0000,0.0000,0.0000
2026-06-06 17:09:58.450,0,2,2,0.00,0.0000,0.0004,0.8783,0.5109,0.0000,-0.0000,0.0000,0.0000
2026-06-06 17:09:58.550,0,2,2,0.00,0.0000,0.0004,0.8783,0.5109,0.0000,-0.0000,0.0000,0.0000
2026-06-06 17:09:58.650,0,2,2,0.00,0.0000,0.0004,0.8783,0.5109,0.0000,-0.0000,0.0000,0.0000
2026-06-06 17:09:58.750,0,2,2,0.00,0.0000,0.0004,0.8783,0.5109,0.0000,-0.0000,0.0000,0.0000
2026-06-06 17:09:58.850,0,2,2,0.00,0.0000,0.0004,0.8783,0.5109,0.0000,-0.0000,0.0000,0.0000
2026-06-06 17:09:58.950,0,2,2,0.00,0.0000,0.0004,0.8783,0.5109,0.0000,-0.0000,0.0000,0.0000
2026-06-06 17:09:59.050,0,2,2,0.00,0.0000,0.0004,0.8783,0.5109,0.0000,-0.0000,0.0000,0.0000
2026-06-06 17:09:59.150,0,2,2,0.00,0.0000,0.0004,0.8783,0.5109,0.0000,-0.0000,0.0000,0.0000
2026-06-06 17:09:59.250,0,2,2,0.00,0.0000,0.0004,0.8783,0.5109,0.0000,-0.0000,0.0000,0.0000
2026-06-06 17:09:59.350,0,2,2,0.00,0.0000,0.0004,0.8783,0.5109,0.0000,-0.0000,0.0000,0.0000
2026-06-06 17:09:59.450,0,2,2,0.00,0.0000,0.0004,0.8783,0.5109,0.0000,-0.0000,0.0000,0.0000
2026-06-06 17:09:59.550,0,2,2,0.00,0.0000,0.0004,0.8783,0.5109,0.0000,-0.0000,0.0000,0.0000
2026-06-06 17:09:59.650,0,2,2,0.00,0.0000,0.0004,0.8783,0.5109,0.0000,-0.0000,0.0000,0.0000
2026-06-06 17:09:59.750,0,2,2,0.00,0.0000,0.0004,0.8783,0.5109,0.0000,-0.0000,0.0000,0.0000
2026-06-06 17:09:59.851,0,2,2,0.00,0.0000,0.0004,0.8783,0.5109,0.0000,-0.0000,0.0000,0.0000
2026-06-06 17:09:59.950,0,2,2,0.00,0.0000,0.0004,0.8783,0.5109,0.0000,-0.0000,0.0000,0.0000
2026-06-06 17:10:00.050,0,2,2,0.00,0.0000,0.0004,0.8783,0.5109,0.0000,-0.0000,0.0000,0.0000
2026-06-06 17:10:00.150,0,2,2,0.00,0.0000,0.0004,0.8783,0.5109,0.0000,-0.0000,0.0000,0.0000
2026-06-06 17:10:00.250,0,2,2,0.00,0.0000,0.0004,0.8783,0.5109,0.0000,-0.0000,0.0000,0.0000
2026-06-06 17:10:00.350,0,2,2,0.00,0.0000,0.0004,0.8783,0.5109,0.0000,-0.0000,0.0000,0.0000
2026-06-06 17:10:00.450,0,2,2,0.00,0.0000,0.0004,0.8783,0.5109,0.0000,-0.0000,0.0000,0.0000
2026-06-06 17:10:00.550,0,2,2,0.00,0.0000,0.0004,0.8783,0.5109,0.0000,-0.0000,0.0000,0.0000
2026-06-06 17:10:00.650,0,2,2,0.00,0.0000,0.0004,0.8783,0.5109,0.0000,-0.0000,0.0000,0.0000
2026-06-06 17:10:00.750,0,2,2,0.00,0.0000,0.0004,0.8783,0.5109,0.0000,-0.0000,0.0000,0.0000
2026-06-06 17:10:00.850,0,2,2,0.00,0.0000,0.0004,0.8783,0.5109,0.0000,-0.0000,0.0000,0.0000
2026-06-06 17:10:00.950,0,2,2,0.00,0.0000,0.0004,0.8783,0.5109,0.0000,-0.0000,0.0000,0.0000
2026-06-06 17:10:01.050,0,2,2,0.00,0.0000,0.0004,0.8783,0.5109,0.0000,-0.0000,0.0000,0.0000
2026-06-06 17:10:01.150,0,2,2,0.00,0.0000,0.0004,0.8783,0.5109,0.0000,-0.0000,0.0000,0.0000
2026-06-06 17:10:01.250,0,2,2,0.00,0.0000,0.0004,0.8783,0.5109,0.0000,-0.0000,0.0000,0.0000
2026-06-06 17:10:01.350,0,2,2,0.00,0.0000,0.0004,0.8783,0.5109,0.0000,-0.0000,0.0000,0.0000
2026-06-06 17:10:01.450,0,2,2,0.00,0.0000,0.0004,0.8783,0.5109,0.0000,-0.0000,0.0000,0.0000
2026-06-06 17:10:01.550,0,1,2,0.00,0.0000,0.0004,0.8783,0.5109,0.0000,-0.0000,0.0000,0.0000
2026-06-06 17:10:01.650,0,2,2,0.00,0.0000,0.0004,0.8783,0.5109,0.0000,-0.0000,0.0000,0.0000
2026-06-06 17:10:01.750,0,2,2,0.00,0.0000,0.0004,0.8783,0.5109,0.0000,-0.0000,0.0000,0.0000
2026-06-06 17:10:01.850,0,2,2,0.00,0.0000,0.0004,0.8783,0.5109,0.0000,-0.0000,0.0000,0.0000
2026-06-06 17:10:01.950,0,2,2,0.00,0.0000,0.0004,0.8783,0.5109,0.0000,-0.0000,0.0000,0.0000
2026-06-06 17:10:02.050,0,2,2,0.00,0.0000,0.0004,0.8783,0.5109,0.0000,-0.0000,0.0000,0.0000
2026-06-06 17:10:02.150,0,2,2,0.00,0.0000,0.0004,0.8783,0.5109,0.0000,-0.0000,0.0000,0.0000
2026-06-06 17:10:02.253,0,2,2,0.00,0.0000,0.0004,0.8783,0.5109,0.0000,-0.0000,0.0000,0.0000
2026-06-06 17:10:02.350,0,2,2,0.00,0.0000,0.0004,0.8783,0.5109,0.0000,-0.0000,0.0000,0.0000
2026-06-06 17:10:02.450,0,2,2,0.00,0.0000,0.0004,0.8783,0.5109,0.0000,-0.0000,0.0000,0.0000
2026-06-06 17:10:02.550,0,2,2,0.00,0.0000,0.0004,0.8783,0.5109,0.0000,-0.0000,0.0000,0.0000
2026-06-06 17:10:02.650,0,2,2,0.00,0.0000,0.0004,0.8783,0.5109,0.0000,-0.0000,0.0000,0.0000
2026-06-06 17:10:02.750,0,1,2,0.00,0.0000,0.0004,0.8783,0.5109,0.0000,-0.0000,0.0000,0.0000
2026-06-06 17:10:02.850,0,2,2,0.00,0.0000,0.0004,0.8783,0.5109,0.0000,-0.0000,0.0000,0.0000
2026-06-06 17:10:02.950,0,2,2,0.00,0.0000,0.0004,0.8783,0.5109,0.0000,-0.0000,0.0000,0.0000
2026-06-06 17:10:03.050,0,2,2,0.00,0.0000,0.0004,0.8783,0.5109,0.0000,-0.0000,0.0000,0.0000
2026-06-06 17:10:03.150,0,2,2,0.00,0.0000,0.0004,0.8783,0.5109,0.0000,-0.0000,0.0000,0.0000
2026-06-06 17:10:03.250,0,2,2,0.00,0.0000,0.0004,0.8783,0.5109,0.0000,-0.0000,0.0000,0.0000
2026-06-06 17:10:03.350,0,2,2,0.00,0.0000,0.0004,0.8783,0.5109,0.0000,-0.0000,0.0000,0.0000
2026-06-06 17:10:03.450,0,1,2,0.00,0.0000,0.0004,0.8783,0.5109,0.0000,-0.0000,0.0000,0.0000
2026-06-06 17:10:03.550,0,2,2,0.00,0.0000,0.0004,0.8783,0.5109,0.0000,-0.0000,0.0000,0.0000
2026-06-06 17:10:03.650,0,2,2,0.00,0.0000,0.0004,0.8783,0.5109,0.0000,-0.0000,0.0000,0.0000
2026-06-06 17:10:03.750,0,2,2,0.00,0.0000,0.0004,0.8783,0.5109,0.0000,-0.0000,0.0000,0.0000
2026-06-06 17:10:03.850,0,2,2,0.00,0.0000,0.0004,0.8783,0.5109,0.0000,-0.0000,0.0000,0.0000
2026-06-06 17:10:03.950,0,2,2,0.00,0.0000,0.0004,0.8783,0.5109,0.0000,-0.0000,0.0000,0.0000
2026-06-06 17:10:04.050,0,2,2,0.00,0.0000,0.0004,0.8783,0.5109,0.0000,-0.0000,0.0000,0.0000
2026-06-06 17:10:04.150,0,2,2,0.00,0.0000,0.0004,0.8783,0.5109,0.0000,-0.0000,0.0000,0.0000
2026-06-06 17:10:04.250,0,2,2,0.00,0.0000,0.0004,0.8783,0.5109,0.0000,-0.0000,0.0000,0.0000
2026-06-06 17:10:04.350,0,2,2,0.00,0.0000,0.0004,0.8783,0.5109,0.0000,-0.0000,0.0000,0.0000
2026-06-06 17:10:04.450,0,2,2,0.00,0.0000,0.0004,0.8783,0.5109,0.0000,-0.0000,0.0000,0.0000
2026-06-06 17:10:04.550,0,2,2,0.00,0.0000,0.0004,0.8783,0.5109,0.0000,-0.0000,0.0000,0.0000
2026-06-06 17:10:04.650,0,2,2,0.00,0.0000,0.0004,0.8783,0.5109,0.0000,-0.0000,0.0000,0.0000
2026-06-06 17:10:04.750,0,2,2,0.00,0.0000,0.0004,0.8783,0.5109,0.0000,-0.0000,0.0000,0.0000
2026-06-06 17:10:04.850,0,2,2,0.00,0.0000,0.0004,0.8783,0.5109,0.0000,-0.0000,0.0000,0.0000
2026-06-06 17:10:04.950,0,2,2,0.00,0.0000,0.0004,0.8783,0.5109,0.0000,-0.0000,0.0000,0.0000
2026-06-06 17:10:05.050,0,2,2,0.00,0.0000,0.0004,0.8783,0.5109,0.0000,-0.0000,0.0000,0.0000
2026-06-06 17:10:05.150,0,2,2,0.00,0.0000,0.0004,0.8783,0.5109,0.0000,-0.0000,0.0000,0.0000
2026-06-06 17:10:05.250,0,2,2,0.00,0.0000,0.0004,0.8783,0.5109,0.0000,-0.0000,0.0000,0.0000
2026-06-06 17:10:05.350,0,2,2,0.00,0.0000,0.0004,0.8783,0.5109,0.0000,-0.0000,0.0000,0.0000
2026-06-06 17:10:05.450,0,2,2,0.00,0.0000,0.0004,0.8783,0.5109,0.0000,-0.0000,0.0000,0.0000
2026-06-06 17:10:05.550,0,2,2,0.00,0.0000,0.0004,0.8783,0.5109,0.0000,-0.0000,0.0000,0.0000
2026-06-06 17:10:05.650,0,2,2,0.00,0.0000,0.0004,0.8783,0.5109,0.0000,-0.0000,0.0000,0.0000
2026-06-06 17:10:05.750,0,2,2,0.00,0.0000,0.0004,0.8783,0.5109,0.0000,-0.0000,0.0000,0.0000
2026-06-06 17:10:05.850,0,2,2,0.00,0.0000,0.0004,0.8783,0.5109,0.0000,-0.0000,0.0000,0.0000
2026-06-06 17:10:05.950,0,2,2,0.00,0.0000,0.0004,0.8783,0.5109,0.0000,-0.0000,0.0000,0.0000
2026-06-06 17:10:06.050,0,2,2,0.00,0.0000,0.0004,0.8783,0.5109,0.0000,-0.0000,0.0000,0.0000
2026-06-06 17:10:06.150,0,2,2,0.00,0.0000,0.0004,0.8783,0.5109,0.0000,-0.0000,0.0000,0.0000
2026-06-06 17:10:06.265,0,2,2,0.00,0.0000,0.0004,0.8783,0.5109,0.0000,-0.0000,0.0000,0.0000
2026-06-06 17:10:06.350,0,1,2,0.00,0.0000,0.0004,0.8783,0.5109,0.0000,-0.0000,0.0000,0.0000
2026-06-06 17:10:06.450,0,2,2,0.00,0.0000,0.0004,0.8783,0.5109,0.0000,-0.0000,0.0000,0.0000
2026-06-06 17:10:06.550,0,2,2,0.00,0.0000,0.0004,0.8783,0.5109,0.0000,-0.0000,0.0000,0.0000
2026-06-06 17:10:06.659,0,0,1,0.00,0.0000,0.0004,0.8783,0.5109,0.0000,-0.0000,0.0000,0.0000
2026-06-06 17:10:06.750,0,2,2,0.00,0.0000,0.0004,0.8783,0.5109,0.0000,-0.0000,0.0000,0.0000
2026-06-06 17:10:06.850,0,2,2,0.00,0.0000,0.0004,0.8783,0.5109,0.0000,-0.0000,0.0000,0.0000
2026-06-06 17:10:06.950,0,2,2,0.00,0.0000,0.0004,0.8783,0.5109,0.0000,-0.0000,0.0000,0.0000
2026-06-06 17:10:07.050,0,2,2,0.00,0.0000,0.0004,0.8783,0.5109,0.0000,-0.0000,0.0000,0.0000
2026-06-06 17:10:07.150,0,2,2,0.00,0.0000,0.0004,0.8783,0.5109,0.0000,-0.0000,0.0000,0.0000
2026-06-06 17:10:07.250,0,2,2,0.00,0.0000,0.0004,0.8783,0.5109,0.0000,-0.0000,0.0000,0.0000
2026-06-06 17:10:07.350,0,2,2,0.00,0.0000,0.0004,0.8783,0.5109,0.0000,-0.0000,0.0000,0.0000
2026-06-06 17:10:07.450,0,2,2,0.00,0.0000,0.0004,0.8783,0.5109,0.0000,-0.0000,0.0000,0.0000
2026-06-06 17:10:07.550,0,2,2,0.00,0.0000,0.0004,0.8783,0.5109,0.0000,-0.0000,0.0000,0.0000
2026-06-06 17:10:07.650,0,2,2,0.00,0.0000,0.0004,0.8783,0.5109,0.0000,-0.0000,0.0000,0.0000
2026-06-06 17:10:07.750,0,2,2,0.00,0.0000,0.0004,0.8783,0.5109,0.0000,-0.0000,0.0000,0.0000
2026-06-06 17:10:07.850,0,2,2,0.00,0.0000,0.0004,0.8783,0.5109,0.0000,-0.0000,0.0000,0.0000
2026-06-06 17:10:07.950,0,2,2,0.00,0.0000,0.0004,0.8783,0.5109,0.0000,-0.0000,0.0000,0.0000
2026-06-06 17:10:08.050,0,2,2,0.00,0.0000,0.0004,0.8783,0.5109,0.0000,-0.0000,0.0000,0.0000
2026-06-06 17:10:08.150,0,2,2,0.00,0.0000,0.0004,0.8783,0.5109,0.0000,-0.0000,0.0000,0.0000
2026-06-06 17:10:08.250,0,2,2,0.00,0.0000,0.0004,0.8783,0.5109,0.0000,-0.0000,0.0000,0.0000
2026-06-06 17:10:08.350,0,2,2,0.00,0.0000,0.0004,0.8783,0.5109,0.0000,-0.0000,0.0000,0.0000
2026-06-06 17:10:08.450,0,2,2,0.00,0.0000,0.0004,0.8783,0.5109,0.0000,-0.0000,0.0000,0.0000
2026-06-06 17:10:08.550,0,2,2,0.00,0.0000,0.0004,0.8783,0.5109,0.0000,-0.0000,0.0000,0.0000
2026-06-06 17:10:08.650,0,2,2,0.00,0.0000,0.0004,0.8783,0.5109,0.0000,-0.0000,0.0000,0.0000
2026-06-06 17:10:08.750,0,2,2,0.00,0.0000,0.0004,0.8783,0.5109,0.0000,-0.0000,0.0000,0.0000
2026-06-06 17:10:08.850,0,2,2,0.00,0.0000,0.0004,0.8783,0.5109,0.0000,-0.0000,0.0000,0.0000
2026-06-06 17:10:08.950,0,2,2,0.00,0.0000,0.0004,0.8783,0.5109,0.0000,-0.0000,0.0000,0.0000
2026-06-06 17:10:09.050,0,2,2,0.00,0.0000,0.0004,0.8783,0.5109,0.0000,-0.0000,0.0000,0.0000
2026-06-06 17:10:09.150,0,2,2,0.00,0.0000,0.0004,0.8783,0.5109,0.0000,-0.0000,0.0000,0.0000
2026-06-06 17:10:09.250,0,2,2,0.00,0.0000,0.0004,0.8783,0.5109,0.0000,-0.0000,0.0000,0.0000
2026-06-06 17:10:09.350,0,2,2,0.00,0.0000,0.0004,0.8783,0.5109,0.0000,-0.0000,0.0000,0.0000
2026-06-06 17:10:09.450,0,2,2,0.00,0.0000,0.0004,0.8783,0.5109,0.0000,-0.0000,0.0000,0.0000
2026-06-06 17:10:09.550,0,2,2,0.00,0.0000,0.0004,0.8783,0.5109,0.0000,-0.0000,0.0000,0.0000
2026-06-06 17:10:09.650,0,2,2,0.00,0.0000,0.0004,0.8783,0.5109,0.0000,-0.0000,0.0000,0.0000
2026-06-06 17:10:09.750,0,2,2,0.00,0.0000,0.0004,0.8783,0.5109,0.0000,-0.0000,0.0000,0.0000
2026-06-06 17:10:09.850,0,2,2,0.00,0.0000,0.0004,0.8783,0.5109,0.0000,-0.0000,0.0000,0.0000
2026-06-06 17:10:09.950,0,2,2,0.00,0.0000,0.0004,0.8783,0.5109,0.0000,-0.0000,0.0000,0.0000
2026-06-06 17:10:10.050,0,2,2,0.00,0.0000,0.0004,0.8783,0.5109,0.0000,-0.0000,0.0000,0.0000
2026-06-06 17:10:10.150,0,2,2,0.00,0.0000,0.0004,0.8783,0.5109,0.0000,-0.0000,0.0000,0.0000
2026-06-06 17:10:10.250,0,2,2,0.00,0.0000,0.0004,0.8783,0.5109,0.0000,-0.0000,0.0000,0.0000
2026-06-06 17:10:10.350,0,2,2,0.00,0.0000,0.0004,0.8783,0.5109,0.0000,-0.0000,0.0000,0.0000
2026-06-06 17:10:10.450,0,2,2,0.00,0.0000,0.0004,0.8783,0.5109,0.0000,-0.0000,0.0000,0.0000
2026-06-06 17:10:10.550,0,2,2,0.00,0.0000,0.0004,0.8783,0.5109,0.0000,-0.0000,0.0000,0.0000
2026-06-06 17:10:10.650,0,2,2,0.00,0.0000,0.0004,0.8783,0.5109,0.0000,-0.0000,0.0000,0.0000
2026-06-06 17:10:10.750,0,2,2,0.00,0.0000,0.0004,0.8783,0.5109,0.0000,-0.0000,0.0000,0.0000
2026-06-06 17:10:10.850,0,2,2,0.00,0.0000,0.0004,0.8783,0.5109,0.0000,-0.0000,0.0000,0.0000
2026-06-06 17:10:10.950,0,2,2,0.00,0.0000,0.0004,0.8783,0.5109,0.0000,-0.0000,0.0000,0.0000
2026-06-06 17:10:11.050,0,2,2,0.00,0.0000,0.0004,0.8783,0.5109,0.0000,-0.0000,0.0000,0.0000
2026-06-06 17:10:11.150,0,2,2,0.00,0.0000,0.0004,0.8783,0.5109,0.0000,-0.0000,0.0000,0.0000
2026-06-06 17:10:11.250,0,2,2,0.00,0.0000,0.0004,0.8783,0.5109,0.0000,-0.0000,0.0000,0.0000
2026-06-06 17:10:11.350,0,2,2,0.00,0.0000,0.0004,0.8783,0.5109,0.0000,-0.0000,0.0000,0.0000
2026-06-06 17:10:11.450,0,2,2,0.00,0.0000,0.0004,0.8783,0.5109,0.0000,-0.0000,0.0000,0.0000
2026-06-06 17:10:11.550,0,2,2,0.00,0.0000,0.0004,0.8783,0.5109,0.0000,-0.0000,0.0000,0.0000
2026-06-06 17:10:11.650,0,2,2,0.00,0.0000,0.0004,0.8783,0.5109,0.0000,-0.0000,0.0000,0.0000
2026-06-06 17:10:11.750,0,2,2,0.00,0.0000,0.0004,0.8783,0.5109,0.0000,-0.0000,0.0000,0.0000
2026-06-06 17:10:11.850,0,2,2,0.00,0.0000,0.0004,0.8783,0.5109,0.0000,-0.0000,0.0000,0.0000
2026-06-06 17:10:11.950,0,2,2,0.00,0.0000,0.0004,0.8783,0.5109,0.0000,-0.0000,0.0000,0.0000
2026-06-06 17:10:12.050,0,2,2,0.00,0.0000,0.0004,0.8783,0.5109,0.0000,-0.0000,0.0000,0.0000
2026-06-06 17:10:12.150,0,2,2,0.00,0.0000,0.0004,0.8783,0.5109,0.0000,-0.0000,0.0000,0.0000
2026-06-06 17:10:12.250,0,2,2,0.00,0.0000,0.0004,0.8783,0.5109,0.0000,-0.0000,0.0000,0.0000
2026-06-06 17:10:12.350,0,2,2,0.00,0.0000,0.0004,0.8783,0.5109,0.0000,-0.0000,0.0000,0.0000
2026-06-06 17:10:12.450,0,2,2,0.00,0.0000,0.0004,0.8783,0.5109,0.0000,-0.0000,0.0000,0.0000
2026-06-06 17:10:12.550,0,2,2,0.00,0.0000,0.0004,0.8783,0.5109,0.0000,-0.0000,0.0000,0.0000
2026-06-06 17:10:12.650,0,2,2,0.00,0.0000,0.0004,0.8783,0.5109,0.0000,-0.0000,0.0000,0.0000
2026-06-06 17:10:12.750,0,2,2,0.00,0.0000,0.0004,0.8783,0.5109,0.0000,-0.0000,0.0000,0.0000
2026-06-06 17:10:12.850,0,2,2,0.00,0.0000,0.0004,0.8783,0.5109,0.0000,-0.0000,0.0000,0.0000
2026-06-06 17:10:12.950,0,2,2,0.00,0.0000,0.0004,0.8783,0.5109,0.0000,-0.0000,0.0000,0.0000
2026-06-06 17:10:13.050,0,2,2,0.00,0.0000,0.0004,0.8783,0.5109,0.0000,-0.0000,0.0000,0.0000
2026-06-06 17:10:13.150,0,2,2,0.00,0.0000,0.0004,0.8783,0.5109,0.0000,-0.0000,0.0000,0.0000
2026-06-06 17:10:13.250,0,2,2,0.00,0.0000,0.0004,0.8783,0.5109,0.0000,-0.0000,0.0000,0.0000
2026-06-06 17:10:13.350,0,2,2,0.00,0.0000,0.0004,0.8783,0.5109,0.0000,-0.0000,0.0000,0.0000
2026-06-06 17:10:13.450,0,2,2,0.00,0.0000,0.0004,0.8783,0.5109,0.0000,-0.0000,0.0000,0.0000
2026-06-06 17:10:13.551,0,2,2,0.00,0.0000,0.0004,0.8783,0.5109,0.0000,-0.0000,0.0000,0.0000
2026-06-06 17:10:13.650,0,2,2,0.00,0.0000,0.0004,0.8783,0.5109,0.0000,-0.0000,0.0000,0.0000
2026-06-06 17:10:13.750,0,2,2,0.00,0.0000,0.0004,0.8783,0.5109,0.0000,-0.0000,0.0000,0.0000
2026-06-06 17:10:13.850,0,2,2,0.00,0.0000,0.0004,0.8783,0.5109,0.0000,-0.0000,0.0000,0.0000
2026-06-06 17:10:13.950,0,2,2,0.00,0.0000,0.0004,0.8783,0.5109,0.0000,-0.0000,0.0000,0.0000
2026-06-06 17:10:14.050,0,2,2,0.00,0.0000,0.0004,0.8783,0.5109,0.0000,-0.0000,0.0000,0.0000
2026-06-06 17:10:14.150,0,1,2,0.00,0.0000,0.0004,0.8783,0.5109,0.0000,-0.0000,0.0000,0.0000
2026-06-06 17:10:14.250,0,2,2,0.00,0.0000,0.0004,0.8783,0.5109,0.0000,-0.0000,0.0000,0.0000
2026-06-06 17:10:14.350,0,2,2,0.00,0.0000,0.0004,0.8783,0.5109,0.0000,-0.0000,0.0000,0.0000
2026-06-06 17:10:14.450,0,2,2,0.00,0.0000,0.0004,0.8783,0.5109,0.0000,-0.0000,0.0000,0.0000
2026-06-06 17:10:14.550,0,2,2,0.00,0.0000,0.0004,0.8783,0.5109,0.0000,-0.0000,0.0000,0.0000
2026-06-06 17:10:14.650,0,2,2,0.00,0.0000,0.0004,0.8783,0.5109,0.0000,-0.0000,0.0000,0.0000
2026-06-06 17:10:14.750,0,2,2,0.00,0.0000,0.0004,0.8783,0.5109,0.0000,-0.0000,0.0000,0.0000
2026-06-06 17:10:14.850,0,2,2,0.00,0.0000,0.0004,0.8783,0.5109,0.0000,-0.0000,0.0000,0.0000
2026-06-06 17:10:14.950,0,2,2,0.00,0.0000,0.0004,0.8783,0.5109,0.0000,-0.0000,0.0000,0.0000
2026-06-06 17:10:15.050,0,2,2,0.00,0.0000,0.0004,0.8783,0.5109,0.0000,-0.0000,0.0000,0.0000
2026-06-06 17:10:15.151,0,2,2,0.00,0.0000,0.0004,0.8783,0.5109,0.0000,-0.0000,0.0000,0.0000
2026-06-06 17:10:15.250,0,2,2,0.00,0.0000,0.0004,0.8783,0.5109,0.0000,-0.0000,0.0000,0.0000
2026-06-06 17:10:15.350,0,2,2,0.00,0.0000,0.0004,0.8783,0.5109,0.0000,-0.0000,0.0000,0.0000
2026-06-06 17:10:15.450,0,2,2,0.00,0.0000,0.0004,0.8783,0.5109,0.0000,-0.0000,0.0000,0.0000
2026-06-06 17:10:15.550,0,2,2,0.00,0.0000,0.0004,0.8783,0.5109,0.0000,-0.0000,0.0000,0.0000
2026-06-06 17:10:15.653,0,2,2,0.00,0.0000,0.0004,0.8783,0.5109,0.0000,-0.0000,0.0000,0.0000
2026-06-06 17:10:15.750,0,2,2,0.00,0.0000,0.0004,0.8783,0.5109,0.0000,-0.0000,0.0000,0.0000
2026-06-06 17:10:15.850,0,2,2,0.00,0.0000,0.0004,0.8783,0.5109,0.0000,-0.0000,0.0000,0.0000
2026-06-06 17:10:15.950,0,2,2,0.00,0.0000,0.0004,0.8783,0.5109,0.0000,-0.0000,0.0000,0.0000
2026-06-06 17:10:16.050,0,2,2,0.00,0.0000,0.0004,0.8783,0.5109,0.0000,-0.0000,0.0000,0.0000
2026-06-06 17:10:16.150,0,2,2,0.00,0.0000,0.0004,0.8783,0.5109,0.0000,-0.0000,0.0000,0.0000
2026-06-06 17:10:16.250,0,2,2,0.00,0.0000,0.0004,0.8783,0.5109,0.0000,-0.0000,0.0000,0.0000
2026-06-06 17:10:16.350,0,2,2,0.00,0.0000,0.0004,0.8783,0.5109,0.0000,-0.0000,0.0000,0.0000
2026-06-06 17:10:16.450,0,2,2,0.00,0.0000,0.0004,0.8783,0.5109,0.0000,-0.0000,0.0000,0.0000
2026-06-06 17:10:16.550,0,2,2,0.00,0.0000,0.0004,0.8783,0.5109,0.0000,-0.0000,0.0000,0.0000
2026-06-06 17:10:16.653,0,2,2,0.00,0.0000,0.0004,0.8783,0.5109,0.0000,-0.0000,0.0000,0.0000
2026-06-06 17:10:16.751,0,2,2,0.00,0.0000,0.0004,0.8783,0.5109,0.0000,-0.0000,0.0000,0.0000
2026-06-06 17:10:16.850,0,2,2,0.00,0.0000,0.0004,0.8783,0.5109,0.0000,-0.0000,0.0000,0.0000
2026-06-06 17:10:16.950,0,2,2,0.00,0.0000,0.0004,0.8783,0.5109,0.0000,-0.0000,0.0000,0.0000
2026-06-06 17:10:17.050,0,2,2,0.00,0.0000,0.0004,0.8783,0.5109,0.0000,-0.0000,0.0000,0.0000
2026-06-06 17:10:17.150,0,2,2,0.00,0.0000,0.0004,0.8783,0.5109,0.0000,-0.0000,0.0000,0.0000
2026-06-06 17:10:17.250,0,2,2,0.00,0.0000,0.0004,0.8783,0.5109,0.0000,-0.0000,0.0000,0.0000
2026-06-06 17:10:17.350,0,2,2,0.00,0.0000,0.0004,0.8783,0.5109,0.0000,-0.0000,0.0000,0.0000
2026-06-06 17:10:17.450,0,2,2,0.00,0.0000,0.0004,0.8783,0.5109,0.0000,-0.0000,0.0000,0.0000
2026-06-06 17:10:17.550,0,2,2,0.00,0.0000,0.0004,0.8783,0.5109,0.0000,-0.0000,0.0000,0.0000
2026-06-06 17:10:17.650,0,2,2,0.00,0.0000,0.0004,0.8783,0.5109,0.0000,-0.0000,0.0000,0.0000
2026-06-06 17:10:17.750,0,2,2,0.00,0.0000,0.0004,0.8783,0.5109,0.0000,-0.0000,0.0000,0.0000
2026-06-06 17:10:17.850,0,2,2,0.00,0.0000,0.0004,0.8783,0.5109,0.0000,-0.0000,0.0000,0.0000
2026-06-06 17:10:17.950,0,2,2,0.00,0.0000,0.0004,0.8783,0.5109,0.0000,-0.0000,0.0000,0.0000
2026-06-06 17:10:18.050,0,2,2,0.00,0.0000,0.0004,0.8783,0.5109,0.0000,-0.0000,0.0000,0.0000
2026-06-06 17:10:18.150,0,2,2,0.00,0.0000,0.0004,0.8783,0.5109,0.0000,-0.0000,0.0000,0.0000
2026-06-06 17:10:18.250,0,2,2,0.00,0.0000,0.0004,0.8783,0.5109,0.0000,-0.0000,0.0000,0.0000
2026-06-06 17:10:18.350,0,2,2,0.00,0.0000,0.0004,0.8783,0.5109,0.0000,-0.0000,0.0000,0.0000
2026-06-06 17:10:18.450,0,2,2,0.00,0.0000,0.0004,0.8783,0.5109,0.0000,-0.0000,0.0000,0.0000
2026-06-06 17:10:18.550,0,2,2,0.00,0.0000,0.0004,0.8783,0.5109,0.0000,-0.0000,0.0000,0.0000
2026-06-06 17:10:18.650,0,2,2,0.00,0.0000,0.0004,0.8783,0.5109,0.0000,-0.0000,0.0000,0.0000
2026-06-06 17:10:18.750,0,2,2,0.00,0.0000,0.0004,0.8783,0.5109,0.0000,-0.0000,0.0000,0.0000
2026-06-06 17:10:18.850,0,2,2,0.00,0.0000,0.0004,0.8783,0.5109,0.0000,-0.0000,0.0000,0.0000
2026-06-06 17:10:18.950,0,2,2,0.00,0.0000,0.0004,0.8783,0.5109,0.0000,-0.0000,0.0000,0.0000
2026-06-06 17:10:19.053,0,2,2,0.00,0.0000,0.0004,0.8783,0.5109,0.0000,-0.0000,0.0000,0.0000
2026-06-06 17:10:19.150,0,2,2,0.00,0.0000,0.0004,0.8783,0.5109,0.0000,-0.0000,0.0000,0.0000
2026-06-06 17:10:19.250,0,2,2,0.00,0.0000,0.0004,0.8783,0.5109,0.0000,-0.0000,0.0000,0.0000
2026-06-06 17:10:19.350,0,2,2,0.00,0.0000,0.0004,0.8783,0.5109,0.0000,-0.0000,0.0000,0.0000
2026-06-06 17:10:19.450,0,2,2,0.00,0.0000,0.0004,0.8783,0.5109,0.0000,-0.0000,0.0000,0.0000
2026-06-06 17:10:19.550,0,2,2,0.00,0.0000,0.0004,0.8783,0.5109,0.0000,-0.0000,0.0000,0.0000
2026-06-06 17:10:19.650,0,2,2,0.00,0.0000,0.0004,0.8783,0.5109,0.0000,-0.0000,0.0000,0.0000
2026-06-06 17:10:19.750,0,2,2,0.00,0.0000,0.0004,0.8783,0.5109,0.0000,-0.0000,0.0000,0.0000
2026-06-06 17:10:19.850,0,2,2,0.00,0.0000,0.0004,0.8783,0.5109,0.0000,-0.0000,0.0000,0.0000
2026-06-06 17:10:19.950,0,2,2,0.00,0.0000,0.0004,0.8783,0.5109,0.0000,-0.0000,0.0000,0.0000
2026-06-06 17:10:20.050,0,2,2,0.00,0.0000,0.0004,0.8783,0.5109,0.0000,-0.0000,0.0000,0.0000
2026-06-06 17:10:20.150,0,2,2,0.00,0.0000,0.0004,0.8783,0.5109,0.0000,-0.0000,0.0000,0.0000
2026-06-06 17:10:20.250,0,2,2,0.00,0.0000,0.0004,0.8783,0.5109,0.0000,-0.0000,0.0000,0.0000
2026-06-06 17:10:20.350,0,2,2,0.00,0.0000,0.0004,0.8783,0.5109,0.0000,-0.0000,0.0000,0.0000
2026-06-06 17:10:20.450,0,2,2,0.00,0.0000,0.0004,0.8783,0.5109,0.0000,-0.0000,0.0000,0.0000
2026-06-06 17:10:20.550,0,2,2,0.00,0.0000,0.0004,0.8783,0.5109,0.0000,-0.0000,0.0000,0.0000
2026-06-06 17:10:20.650,0,2,2,0.00,0.0000,0.0004,0.8783,0.5109,0.0000,-0.0000,0.0000,0.0000
2026-06-06 17:10:20.750,0,2,2,0.00,0.0000,0.0004,0.8783,0.5109,0.0000,-0.0000,0.0000,0.0000
2026-06-06 17:10:20.850,0,2,2,0.00,0.0000,0.0004,0.8783,0.5109,0.0000,-0.0000,0.0000,0.0000
2026-06-06 17:10:20.950,0,2,2,0.00,0.0000,0.0004,0.8783,0.5109,0.0000,-0.0000,0.0000,0.0000
2026-06-06 17:10:21.050,0,2,2,0.00,0.0000,0.0004,0.8783,0.5109,0.0000,-0.0000,0.0000,0.0000
2026-06-06 17:10:21.150,0,2,2,0.00,0.0000,0.0004,0.8783,0.5109,0.0000,-0.0000,0.0000,0.0000
2026-06-06 17:10:21.250,0,2,2,0.00,0.0000,0.0004,0.8783,0.5109,0.0000,-0.0000,0.0000,0.0000
2026-06-06 17:10:21.350,0,2,2,0.00,0.0000,0.0004,0.8783,0.5109,0.0000,-0.0000,0.0000,0.0000
2026-06-06 17:10:21.450,0,2,2,0.00,0.0000,0.0004,0.8783,0.5109,0.0000,-0.0000,0.0000,0.0000
2026-06-06 17:10:21.550,0,2,2,0.00,0.0000,0.0004,0.8783,0.5109,0.0000,-0.0000,0.0000,0.0000
2026-06-06 17:10:21.650,0,2,2,0.00,0.0000,0.0004,0.8783,0.5109,0.0000,-0.0000,0.0000,0.0000
2026-06-06 17:10:21.750,0,2,2,0.00,0.0000,0.0004,0.8783,0.5109,0.0000,-0.0000,0.0000,0.0000
2026-06-06 17:10:21.850,0,2,2,0.00,0.0000,0.0004,0.8783,0.5109,0.0000,-0.0000,0.0000,0.0000
2026-06-06 17:10:21.950,0,2,2,0.00,0.0000,0.0004,0.8783,0.5109,0.0000,-0.0000,0.0000,0.0000
2026-06-06 17:10:22.050,0,2,2,0.00,0.0000,0.0004,0.8783,0.5109,0.0000,-0.0000,0.0000,0.0000
2026-06-06 17:10:22.150,0,2,2,0.00,0.0000,0.0004,0.8783,0.5109,0.0000,-0.0000,0.0000,0.0000
2026-06-06 17:10:22.250,0,2,2,0.00,0.0000,0.0004,0.8783,0.5109,0.0000,-0.0000,0.0000,0.0000
2026-06-06 17:10:22.351,0,2,2,0.00,0.0000,0.0004,0.8783,0.5109,0.0000,-0.0000,0.0000,0.0000
2026-06-06 17:10:22.450,0,2,2,0.00,0.0000,0.0004,0.8783,0.5109,0.0000,-0.0000,0.0000,0.0000
2026-06-06 17:10:22.550,0,2,2,0.00,0.0000,0.0004,0.8783,0.5109,0.0000,-0.0000,0.0000,0.0000
2026-06-06 17:10:22.652,0,2,2,0.00,0.0000,0.0004,0.8783,0.5109,0.0000,-0.0000,0.0000,0.0000
2026-06-06 17:10:22.750,0,2,2,0.00,0.0000,0.0004,0.8783,0.5109,0.0000,-0.0000,0.0000,0.0000
2026-06-06 17:10:22.850,0,2,2,0.00,0.0000,0.0004,0.8783,0.5109,0.0000,-0.0000,0.0000,0.0000
2026-06-06 17:10:22.950,0,2,2,0.00,0.0000,0.0004,0.8783,0.5109,0.0000,-0.0000,0.0000,0.0000
2026-06-06 17:10:23.050,0,2,2,0.00,0.0000,0.0004,0.8783,0.5109,0.0000,-0.0000,0.0000,0.0000
2026-06-06 17:10:23.150,0,1,2,0.00,0.0000,0.0004,0.8783,0.5109,0.0000,-0.0000,0.0000,0.0000
2026-06-06 17:10:23.250,0,1,2,0.00,0.0000,0.0004,0.8783,0.5109,0.0000,-0.0000,0.0000,0.0000
2026-06-06 17:10:23.350,0,2,2,0.00,0.0000,0.0004,0.8783,0.5109,0.0000,-0.0000,0.0000,0.0000
2026-06-06 17:10:23.450,0,2,2,0.00,0.0000,0.0004,0.8783,0.5109,0.0000,-0.0000,0.0000,0.0000
2026-06-06 17:10:23.550,0,2,2,0.00,0.0000,0.0004,0.8783,0.5109,0.0000,-0.0000,0.0000,0.0000
2026-06-06 17:10:23.650,0,2,2,0.00,0.0000,0.0004,0.8783,0.5109,0.0000,-0.0000,0.0000,0.0000
2026-06-06 17:10:23.750,0,2,2,0.00,0.0000,0.0004,0.8783,0.5109,0.0000,-0.0000,0.0000,0.0000
2026-06-06 17:10:23.850,0,2,2,0.00,0.0000,0.0004,0.8783,0.5109,0.0000,-0.0000,0.0000,0.0000
2026-06-06 17:10:23.950,0,2,2,0.00,0.0000,0.0004,0.8783,0.5109,0.0000,-0.0000,0.0000,0.0000
2026-06-06 17:10:24.050,0,2,2,0.00,0.0000,0.0004,0.8783,0.5109,0.0000,-0.0000,0.0000,0.0000
2026-06-06 17:10:24.150,0,2,2,0.00,0.0000,0.0004,0.8783,0.5109,0.0000,-0.0000,0.0000,0.0000
2026-06-06 17:10:24.250,0,2,2,0.00,0.0000,0.0004,0.8783,0.5109,0.0000,-0.0000,0.0000,0.0000
2026-06-06 17:10:24.350,0,2,2,0.00,0.0000,0.0004,0.8783,0.5109,0.0000,-0.0000,0.0000,0.0000
2026-06-06 17:10:24.450,0,2,2,0.00,0.0000,0.0004,0.8783,0.5109,0.0000,-0.0000,0.0000,0.0000
2026-06-06 17:10:24.550,0,2,2,0.00,0.0000,0.0004,0.8783,0.5109,0.0000,-0.0000,0.0000,0.0000
2026-06-06 17:10:24.650,0,2,2,0.00,0.0000,0.0004,0.8783,0.5109,0.0000,-0.0000,0.0000,0.0000
2026-06-06 17:10:24.750,0,2,2,0.00,0.0000,0.0004,0.8783,0.5109,0.0000,-0.0000,0.0000,0.0000
2026-06-06 17:10:24.850,0,2,2,0.00,0.0000,0.0004,0.8783,0.5109,0.0000,-0.0000,0.0000,0.0000
2026-06-06 17:10:24.950,0,1,2,0.00,0.0000,0.0004,0.8783,0.5109,0.0000,-0.0000,0.0000,0.0000
2026-06-06 17:10:25.050,0,2,2,0.00,0.0000,0.0004,0.8783,0.5109,0.0000,-0.0000,0.0000,0.0000
2026-06-06 17:10:25.150,0,2,2,0.00,0.0000,0.0004,0.8783,0.5109,0.0000,-0.0000,0.0000,0.0000
2026-06-06 17:10:25.250,0,2,2,0.00,0.0000,0.0004,0.8783,0.5109,0.0000,-0.0000,0.0000,0.0000
2026-06-06 17:10:25.350,0,2,2,0.00,0.0000,0.0004,0.8783,0.5109,0.0000,-0.0000,0.0000,0.0000
2026-06-06 17:10:25.450,0,2,2,0.00,0.0000,0.0004,0.8783,0.5109,0.0000,-0.0000,0.0000,0.0000
2026-06-06 17:10:25.550,0,2,2,0.00,0.0000,0.0004,0.8783,0.5109,0.0000,-0.0000,0.0000,0.0000
2026-06-06 17:10:25.650,0,2,2,0.00,0.0000,0.0004,0.8783,0.5109,0.0000,-0.0000,0.0000,0.0000
2026-06-06 17:10:25.750,0,2,2,0.00,0.0000,0.0004,0.8783,0.5109,0.0000,-0.0000,0.0000,0.0000
2026-06-06 17:10:25.850,0,2,2,0.00,0.0000,0.0004,0.8783,0.5109,0.0000,-0.0000,0.0000,0.0000
2026-06-06 17:10:25.950,0,2,2,0.00,0.0000,0.0004,0.8783,0.5109,0.0000,-0.0000,0.0000,0.0000
2026-06-06 17:10:26.050,0,2,2,0.00,0.0000,0.0004,0.8783,0.5109,0.0000,-0.0000,0.0000,0.0000
2026-06-06 17:10:26.150,0,2,2,0.00,0.0000,0.0004,0.8783,0.5109,0.0000,-0.0000,0.0000,0.0000
2026-06-06 17:10:26.250,0,2,2,0.00,0.0000,0.0004,0.8783,0.5109,0.0000,-0.0000,0.0000,0.0000
2026-06-06 17:10:26.350,0,2,2,0.00,0.0000,0.0004,0.8783,0.5109,0.0000,-0.0000,0.0000,0.0000
2026-06-06 17:10:26.450,0,2,2,0.00,0.0000,0.0004,0.8783,0.5109,0.0000,-0.0000,0.0000,0.0000
2026-06-06 17:10:26.550,0,2,2,0.00,0.0000,0.0004,0.8783,0.5109,0.0000,-0.0000,0.0000,0.0000
2026-06-06 17:10:26.650,0,2,2,0.00,0.0000,0.0004,0.8783,0.5109,0.0000,-0.0000,0.0000,0.0000
2026-06-06 17:10:26.750,0,2,2,0.00,0.0000,0.0004,0.8783,0.5109,0.0000,-0.0000,0.0000,0.0000
2026-06-06 17:10:26.850,0,2,2,0.00,0.0000,0.0004,0.8783,0.5109,0.0000,-0.0000,0.0000,0.0000
2026-06-06 17:10:26.950,0,2,2,0.00,0.0000,0.0004,0.8783,0.5109,0.0000,-0.0000,0.0000,0.0000
2026-06-06 17:10:27.050,0,2,2,0.00,0.0000,0.0004,0.8783,0.5109,0.0000,-0.0000,0.0000,0.0000
2026-06-06 17:10:27.150,0,2,2,0.00,0.0000,0.0004,0.8783,0.5109,0.0000,-0.0000,0.0000,0.0000
2026-06-06 17:10:27.250,0,2,2,0.00,0.0000,0.0004,0.8783,0.5109,0.0000,-0.0000,0.0000,0.0000
2026-06-06 17:10:27.350,0,2,2,0.00,0.0000,0.0004,0.8783,0.5109,0.0000,-0.0000,0.0000,0.0000
2026-06-06 17:10:27.450,0,2,2,0.00,0.0000,0.0004,0.8783,0.5109,0.0000,-0.0000,0.0000,0.0000
2026-06-06 17:10:27.550,0,2,2,0.00,0.0000,0.0004,0.8783,0.5109,0.0000,-0.0000,0.0000,0.0000
2026-06-06 17:10:27.650,0,2,2,0.00,0.0000,0.0004,0.8783,0.5109,0.0000,-0.0000,0.0000,0.0000
2026-06-06 17:10:27.750,0,2,2,0.00,0.0000,0.0004,0.8783,0.5109,0.0000,-0.0000,0.0000,0.0000
2026-06-06 17:10:27.850,0,2,2,0.00,0.0000,0.0004,0.8783,0.5109,0.0000,-0.0000,0.0000,0.0000
2026-06-06 17:10:27.950,0,2,2,0.00,0.0000,0.0004,0.8783,0.5109,0.0000,-0.0000,0.0000,0.0000
2026-06-06 17:10:28.050,0,2,2,0.00,0.0000,0.0004,0.8783,0.5109,0.0000,-0.0000,0.0000,0.0000
2026-06-06 17:10:28.150,0,2,2,0.00,0.0000,0.0004,0.8783,0.5109,0.0000,-0.0000,0.0000,0.0000
2026-06-06 17:10:28.250,0,2,2,0.00,0.0000,0.0004,0.8783,0.5109,0.0000,-0.0000,0.0000,0.0000
2026-06-06 17:10:28.350,0,2,2,0.00,0.0000,0.0004,0.8783,0.5109,0.0000,-0.0000,0.0000,0.0000
2026-06-06 17:10:28.450,0,2,2,0.00,0.0000,0.0004,0.8783,0.5109,0.0000,-0.0000,0.0000,0.0000
2026-06-06 17:10:28.550,0,2,2,0.00,0.0000,0.0004,0.8783,0.5109,0.0000,-0.0000,0.0000,0.0000
2026-06-06 17:10:28.650,0,2,2,0.00,0.0000,0.0004,0.8783,0.5109,0.0000,-0.0000,0.0000,0.0000
2026-06-06 17:10:28.750,0,2,2,0.00,0.0000,0.0004,0.8783,0.5109,0.0000,-0.0000,0.0000,0.0000
2026-06-06 17:10:28.850,0,2,2,0.00,0.0000,0.0004,0.8783,0.5109,0.0000,-0.0000,0.0000,0.0000
2026-06-06 17:10:28.950,0,2,2,0.00,0.0000,0.0004,0.8783,0.5109,0.0000,-0.0000,0.0000,0.0000
2026-06-06 17:10:29.050,0,2,2,0.00,0.0000,0.0004,0.8783,0.5109,0.0000,-0.0000,0.0000,0.0000
2026-06-06 17:10:29.150,0,2,2,0.00,0.0000,0.0004,0.8783,0.5109,0.0000,-0.0000,0.0000,0.0000
2026-06-06 17:10:29.250,0,2,2,0.00,0.0000,0.0004,0.8783,0.5109,0.0000,-0.0000,0.0000,0.0000
2026-06-06 17:10:29.350,0,2,2,0.00,0.0000,0.0004,0.8783,0.5109,0.0000,-0.0000,0.0000,0.0000
2026-06-06 17:10:29.450,0,2,2,0.00,0.0000,0.0004,0.8783,0.5109,0.0000,-0.0000,0.0000,0.0000
2026-06-06 17:10:29.550,0,2,2,0.00,0.0000,0.0004,0.8783,0.5109,0.0000,-0.0000,0.0000,0.0000
2026-06-06 17:10:29.650,0,2,2,0.00,0.0000,0.0004,0.8783,0.5109,0.0000,-0.0000,0.0000,0.0000
2026-06-06 17:10:29.750,0,2,2,0.00,0.0000,0.0004,0.8783,0.5109,0.0000,-0.0000,0.0000,0.0000
2026-06-06 17:10:29.850,0,2,2,0.00,0.0000,0.0004,0.8783,0.5109,0.0000,-0.0000,0.0000,0.0000
2026-06-06 17:10:29.950,0,2,2,0.00,0.0000,0.0004,0.8783,0.5109,0.0000,-0.0000,0.0000,0.0000
2026-06-06 17:10:30.050,0,2,2,0.00,0.0000,0.0004,0.8783,0.5109,0.0000,-0.0000,0.0000,0.0000
2026-06-06 17:10:30.150,0,2,2,0.00,0.0000,0.0004,0.8783,0.5109,0.0000,-0.0000,0.0000,0.0000
2026-06-06 17:10:30.250,0,2,2,0.00,0.0000,0.0004,0.8783,0.5109,0.0000,-0.0000,0.0000,0.0000
2026-06-06 17:10:30.350,0,2,2,0.00,0.0000,0.0004,0.8783,0.5109,0.0000,-0.0000,0.0000,0.0000
2026-06-06 17:10:30.450,0,2,2,0.00,0.0000,0.0004,0.8783,0.5109,0.0000,-0.0000,0.0000,0.0000
2026-06-06 17:10:30.550,0,2,2,0.00,0.0000,0.0004,0.8783,0.5109,0.0000,-0.0000,0.0000,0.0000
2026-06-06 17:10:30.650,0,2,2,0.00,0.0000,0.0004,0.8783,0.5109,0.0000,-0.0000,0.0000,0.0000
2026-06-06 17:10:30.750,0,2,2,0.00,0.0000,0.0004,0.8783,0.5109,0.0000,-0.0000,0.0000,0.0000
2026-06-06 17:10:30.850,0,2,2,0.00,0.0000,0.0004,0.8783,0.5109,0.0000,-0.0000,0.0000,0.0000
2026-06-06 17:10:30.950,0,2,2,0.00,0.0000,0.0004,0.8783,0.5109,0.0000,-0.0000,0.0000,0.0000
2026-06-06 17:10:31.053,0,2,2,0.00,0.0000,0.0004,0.8783,0.5109,0.0000,-0.0000,0.0000,0.0000
2026-06-06 17:10:31.150,0,2,2,0.00,0.0000,0.0004,0.8783,0.5109,0.0000,-0.0000,0.0000,0.0000
2026-06-06 17:10:31.250,0,2,2,0.00,0.0000,0.0004,0.8783,0.5109,0.0000,-0.0000,0.0000,0.0000
2026-06-06 17:10:31.351,0,2,2,0.00,0.0000,0.0004,0.8783,0.5109,0.0000,-0.0000,0.0000,0.0000
2026-06-06 17:10:31.450,0,2,2,0.00,0.0000,0.0004,0.8783,0.5109,0.0000,-0.0000,0.0000,0.0000
2026-06-06 17:10:31.550,0,2,2,0.00,0.0000,0.0004,0.8783,0.5109,0.0000,-0.0000,0.0000,0.0000
2026-06-06 17:10:31.650,0,2,2,0.00,0.0000,0.0004,0.8783,0.5109,0.0000,-0.0000,0.0000,0.0000
2026-06-06 17:10:31.750,0,2,2,0.00,0.0000,0.0004,0.8783,0.5109,0.0000,-0.0000,0.0000,0.0000
2026-06-06 17:10:31.850,0,2,2,0.00,0.0000,0.0004,0.8783,0.5109,0.0000,-0.0000,0.0000,0.0000
2026-06-06 17:10:31.950,0,2,2,0.00,0.0000,0.0004,0.8783,0.5109,0.0000,-0.0000,0.0000,0.0000
2026-06-06 17:10:32.050,0,2,2,0.00,0.0000,0.0004,0.8783,0.5109,0.0000,-0.0000,0.0000,0.0000
2026-06-06 17:10:32.150,0,2,2,0.00,0.0000,0.0004,0.8783,0.5109,0.0000,-0.0000,0.0000,0.0000
2026-06-06 17:10:32.250,0,2,2,0.00,0.0000,0.0004,0.8783,0.5109,0.0000,-0.0000,0.0000,0.0000
2026-06-06 17:10:32.350,0,2,2,0.00,0.0000,0.0004,0.8783,0.5109,0.0000,-0.0000,0.0000,0.0000
2026-06-06 17:10:32.450,0,2,2,0.00,0.0000,0.0004,0.8783,0.5109,0.0000,-0.0000,0.0000,0.0000
2026-06-06 17:10:32.550,0,2,2,0.00,0.0000,0.0004,0.8783,0.5109,0.0000,-0.0000,0.0000,0.0000
2026-06-06 17:10:32.650,0,2,2,0.00,0.0000,0.0004,0.8783,0.5109,0.0000,-0.0000,0.0000,0.0000
2026-06-06 17:10:32.750,0,2,2,0.00,0.0000,0.0004,0.8783,0.5109,0.0000,-0.0000,0.0000,0.0000
2026-06-06 17:10:32.850,0,2,2,0.00,0.0000,0.0004,0.8783,0.5109,0.0000,-0.0000,0.0000,0.0000
2026-06-06 17:10:32.950,0,2,2,0.00,0.0000,0.0004,0.8783,0.5109,0.0000,-0.0000,0.0000,0.0000
2026-06-06 17:10:33.050,0,2,2,0.00,0.0000,0.0004,0.8783,0.5109,0.0000,-0.0000,0.0000,0.0000
2026-06-06 17:10:33.150,0,2,2,0.00,0.0000,0.0004,0.8783,0.5109,0.0000,-0.0000,0.0000,0.0000
2026-06-06 17:10:33.250,0,2,2,0.00,0.0000,0.0004,0.8783,0.5109,0.0000,-0.0000,0.0000,0.0000
2026-06-06 17:10:33.350,0,2,2,0.00,0.0000,0.0004,0.8783,0.5109,0.0000,-0.0000,0.0000,0.0000
2026-06-06 17:10:33.450,0,2,2,0.00,0.0000,0.0004,0.8783,0.5109,0.0000,-0.0000,0.0000,0.0000
2026-06-06 17:10:33.550,0,2,2,0.00,0.0000,0.0004,0.8783,0.5109,0.0000,-0.0000,0.0000,0.0000
2026-06-06 17:10:33.650,0,2,2,0.00,0.0000,0.0004,0.8783,0.5109,0.0000,-0.0000,0.0000,0.0000
2026-06-06 17:10:33.750,0,2,2,0.00,0.0000,0.0004,0.8783,0.5109,0.0000,-0.0000,0.0000,0.0000
2026-06-06 17:10:33.850,0,2,2,0.00,0.0000,0.0004,0.8783,0.5109,0.0000,-0.0000,0.0000,0.0000
2026-06-06 17:10:33.950,0,2,2,0.00,0.0000,0.0004,0.8783,0.5109,0.0000,-0.0000,0.0000,0.0000
2026-06-06 17:10:34.050,0,2,2,0.00,0.0000,0.0004,0.8783,0.5109,0.0000,-0.0000,0.0000,0.0000
2026-06-06 17:10:34.150,0,2,2,0.00,0.0000,0.0004,0.8783,0.5109,0.0000,-0.0000,0.0000,0.0000
2026-06-06 17:10:34.250,0,2,2,0.00,0.0000,0.0004,0.8783,0.5109,0.0000,-0.0000,0.0000,0.0000
2026-06-06 17:10:34.350,0,2,2,0.00,0.0000,0.0004,0.8783,0.5109,0.0000,-0.0000,0.0000,0.0000
2026-06-06 17:10:34.450,0,2,2,0.00,0.0000,0.0004,0.8783,0.5109,0.0000,-0.0000,0.0000,0.0000
2026-06-06 17:10:34.550,0,2,2,0.00,0.0000,0.0004,0.8783,0.5109,0.0000,-0.0000,0.0000,0.0000
2026-06-06 17:10:34.650,0,2,2,0.00,0.0000,0.0004,0.8783,0.5109,0.0000,-0.0000,0.0000,0.0000
2026-06-06 17:10:34.750,0,2,2,0.00,0.0000,0.0004,0.8783,0.5109,0.0000,-0.0000,0.0000,0.0000
2026-06-06 17:10:34.850,0,2,2,0.00,0.0000,0.0004,0.8783,0.5109,0.0000,-0.0000,0.0000,0.0000
2026-06-06 17:10:34.950,0,2,2,0.00,0.0000,0.0004,0.8783,0.5109,0.0000,-0.0000,0.0000,0.0000
2026-06-06 17:10:35.050,0,2,2,0.00,0.0000,0.0004,0.8783,0.5109,0.0000,-0.0000,0.0000,0.0000
2026-06-06 17:10:35.150,0,2,2,0.00,0.0000,0.0004,0.8783,0.5109,0.0000,-0.0000,0.0000,0.0000
2026-06-06 17:10:35.250,0,2,2,0.00,0.0000,0.0004,0.8783,0.5109,0.0000,-0.0000,0.0000,0.0000
2026-06-06 17:10:35.350,0,2,2,0.00,0.0000,0.0004,0.8783,0.5109,0.0000,-0.0000,0.0000,0.0000
2026-06-06 17:10:35.450,0,2,2,0.00,0.0000,0.0004,0.8783,0.5109,0.0000,-0.0000,0.0000,0.0000
2026-06-06 17:10:35.550,0,2,2,0.00,0.0000,0.0004,0.8783,0.5109,0.0000,-0.0000,0.0000,0.0000
2026-06-06 17:10:35.650,0,2,2,0.00,0.0000,0.0004,0.8783,0.5109,0.0000,-0.0000,0.0000,0.0000
2026-06-06 17:10:35.750,0,2,2,0.00,0.0000,0.0004,0.8783,0.5109,0.0000,-0.0000,0.0000,0.0000
2026-06-06 17:10:35.850,0,2,2,0.00,0.0000,0.0004,0.8783,0.5109,0.0000,-0.0000,0.0000,0.0000
2026-06-06 17:10:35.950,0,2,2,0.00,0.0000,0.0004,0.8783,0.5109,0.0000,-0.0000,0.0000,0.0000
2026-06-06 17:10:36.050,0,2,2,0.00,0.0000,0.0004,0.8783,0.5109,0.0000,-0.0000,0.0000,0.0000
2026-06-06 17:10:36.150,0,2,2,0.00,0.0000,0.0004,0.8783,0.5109,0.0000,-0.0000,0.0000,0.0000
2026-06-06 17:10:36.250,0,2,2,0.00,0.0000,0.0004,0.8783,0.5109,0.0000,-0.0000,0.0000,0.0000
2026-06-06 17:10:36.350,0,2,2,0.00,0.0000,0.0004,0.8783,0.5109,0.0000,-0.0000,0.0000,0.0000
2026-06-06 17:10:36.450,0,2,2,0.00,0.0000,0.0004,0.8783,0.5109,0.0000,-0.0000,0.0000,0.0000
2026-06-06 17:10:36.550,0,2,2,0.00,0.0000,0.0004,0.8783,0.5109,0.0000,-0.0000,0.0000,0.0000
2026-06-06 17:10:36.650,0,1,2,0.00,0.0000,0.0004,0.8783,0.5109,0.0000,-0.0000,0.0000,0.0000
2026-06-06 17:10:36.750,0,2,2,0.00,0.0000,0.0004,0.8783,0.5109,0.0000,-0.0000,0.0000,0.0000
2026-06-06 17:10:36.850,0,2,2,0.00,0.0000,0.0004,0.8783,0.5109,0.0000,-0.0000,0.0000,0.0000
2026-06-06 17:10:36.950,0,2,2,0.00,0.0000,0.0004,0.8783,0.5109,0.0000,-0.0000,0.0000,0.0000
2026-06-06 17:10:37.050,0,2,2,0.00,0.0000,0.0004,0.8783,0.5109,0.0000,-0.0000,0.0000,0.0000
2026-06-06 17:10:37.150,0,2,2,0.00,0.0000,0.0004,0.8783,0.5109,0.0000,-0.0000,0.0000,0.0000
2026-06-06 17:10:37.250,0,2,2,0.00,0.0000,0.0004,0.8783,0.5109,0.0000,-0.0000,0.0000,0.0000
2026-06-06 17:10:37.350,0,2,2,0.00,0.0000,0.0004,0.8783,0.5109,0.0000,-0.0000,0.0000,0.0000
2026-06-06 17:10:37.450,0,1,2,0.00,0.0000,0.0004,0.8783,0.5109,0.0000,-0.0000,0.0000,0.0000
2026-06-06 17:10:37.550,0,2,2,0.00,0.0000,0.0004,0.8783,0.5109,0.0000,-0.0000,0.0000,0.0000
2026-06-06 17:10:37.650,0,2,2,0.00,0.0000,0.0004,0.8783,0.5109,0.0000,-0.0000,0.0000,0.0000
2026-06-06 17:10:37.750,0,2,2,0.00,0.0000,0.0004,0.8783,0.5109,0.0000,-0.0000,0.0000,0.0000
2026-06-06 17:10:37.850,0,2,2,0.00,0.0000,0.0004,0.8783,0.5109,0.0000,-0.0000,0.0000,0.0000
2026-06-06 17:10:37.950,0,2,2,0.00,0.0000,0.0004,0.8783,0.5109,0.0000,-0.0000,0.0000,0.0000
2026-06-06 17:10:38.050,0,2,2,0.00,0.0000,0.0004,0.8783,0.5109,0.0000,-0.0000,0.0000,0.0000
2026-06-06 17:10:38.150,0,2,2,0.00,0.0000,0.0004,0.8783,0.5109,0.0000,-0.0000,0.0000,0.0000
2026-06-06 17:10:38.250,0,2,2,0.00,0.0000,0.0004,0.8783,0.5109,0.0000,-0.0000,0.0000,0.0000
2026-06-06 17:10:38.350,0,2,2,0.00,0.0000,0.0004,0.8783,0.5109,0.0000,-0.0000,0.0000,0.0000
2026-06-06 17:10:38.450,0,2,2,0.00,0.0000,0.0004,0.8783,0.5109,0.0000,-0.0000,0.0000,0.0000
2026-06-06 17:10:38.550,0,2,2,0.00,0.0000,0.0004,0.8783,0.5109,0.0000,-0.0000,0.0000,0.0000
2026-06-06 17:10:38.650,0,2,2,0.00,0.0000,0.0004,0.8783,0.5109,0.0000,-0.0000,0.0000,0.0000
2026-06-06 17:10:38.750,0,2,2,0.00,0.0000,0.0004,0.8783,0.5109,0.0000,-0.0000,0.0000,0.0000
2026-06-06 17:10:38.850,0,2,2,0.00,0.0000,0.0004,0.8783,0.5109,0.0000,-0.0000,0.0000,0.0000
2026-06-06 17:10:38.954,0,2,2,0.00,0.0000,0.0004,0.8783,0.5109,0.0000,-0.0000,0.0000,0.0000
2026-06-06 17:10:39.050,0,2,2,0.00,0.0000,0.0004,0.8783,0.5109,0.0000,-0.0000,0.0000,0.0000
2026-06-06 17:10:39.150,0,2,2,0.00,0.0000,0.0004,0.8783,0.5109,0.0000,-0.0000,0.0000,0.0000
2026-06-06 17:10:39.250,0,2,2,0.00,0.0000,0.0004,0.8783,0.5109,0.0000,-0.0000,0.0000,0.0000
2026-06-06 17:10:39.350,0,2,2,0.00,0.0000,0.0004,0.8783,0.5109,0.0000,-0.0000,0.0000,0.0000
2026-06-06 17:10:39.450,0,2,2,0.00,0.0000,0.0004,0.8783,0.5109,0.0000,-0.0000,0.0000,0.0000
2026-06-06 17:10:39.550,0,2,2,0.00,0.0000,0.0004,0.8783,0.5109,0.0000,-0.0000,0.0000,0.0000
2026-06-06 17:10:39.650,0,2,2,0.00,0.0000,0.0004,0.8783,0.5109,0.0000,-0.0000,0.0000,0.0000
2026-06-06 17:10:39.750,0,2,2,0.00,0.0000,0.0004,0.8783,0.5109,0.0000,-0.0000,0.0000,0.0000
2026-06-06 17:10:39.850,0,2,2,0.00,0.0000,0.0004,0.8783,0.5109,0.0000,-0.0000,0.0000,0.0000
2026-06-06 17:10:39.950,0,2,2,0.00,0.0000,0.0004,0.8783,0.5109,0.0000,-0.0000,0.0000,0.0000
2026-06-06 17:10:40.053,0,2,2,0.00,0.0000,0.0004,0.8783,0.5109,0.0000,-0.0000,0.0000,0.0000
2026-06-06 17:10:40.150,0,2,2,0.00,0.0000,0.0004,0.8783,0.5109,0.0000,-0.0000,0.0000,0.0000
2026-06-06 17:10:40.250,0,2,2,0.00,0.0000,0.0004,0.8783,0.5109,0.0000,-0.0000,0.0000,0.0000
2026-06-06 17:10:40.350,0,2,2,0.00,0.0000,0.0004,0.8783,0.5109,0.0000,-0.0000,0.0000,0.0000
2026-06-06 17:10:40.450,0,2,2,0.00,0.0000,0.0004,0.8783,0.5109,0.0000,-0.0000,0.0000,0.0000
2026-06-06 17:10:40.550,0,2,2,0.00,0.0000,0.0004,0.8783,0.5109,0.0000,-0.0000,0.0000,0.0000
2026-06-06 17:10:40.650,0,2,2,0.00,0.0000,0.0004,0.8783,0.5109,0.0000,-0.0000,0.0000,0.0000
2026-06-06 17:10:40.750,0,2,2,0.00,0.0000,0.0004,0.8783,0.5109,0.0000,-0.0000,0.0000,0.0000
2026-06-06 17:10:40.850,0,2,2,0.00,0.0000,0.0004,0.8783,0.5109,0.0000,-0.0000,0.0000,0.0000
2026-06-06 17:10:40.950,0,2,2,0.00,0.0000,0.0004,0.8783,0.5109,0.0000,-0.0000,0.0000,0.0000
2026-06-06 17:10:41.050,0,2,2,0.00,0.0000,0.0004,0.8783,0.5109,0.0000,-0.0000,0.0000,0.0000
2026-06-06 17:10:41.150,0,2,2,0.00,0.0000,0.0004,0.8783,0.5109,0.0000,-0.0000,0.0000,0.0000
2026-06-06 17:10:41.250,0,2,2,0.00,0.0000,0.0004,0.8783,0.5109,0.0000,-0.0000,0.0000,0.0000
2026-06-06 17:10:41.350,0,2,2,0.00,0.0000,0.0004,0.8783,0.5109,0.0000,-0.0000,0.0000,0.0000
2026-06-06 17:10:41.450,0,2,2,0.00,0.0000,0.0004,0.8783,0.5109,0.0000,-0.0000,0.0000,0.0000
2026-06-06 17:10:41.550,0,2,2,0.00,0.0000,0.0004,0.8783,0.5109,0.0000,-0.0000,0.0000,0.0000
2026-06-06 17:10:41.650,0,2,2,0.00,0.0000,0.0004,0.8783,0.5109,0.0000,-0.0000,0.0000,0.0000
2026-06-06 17:10:41.750,0,2,2,0.00,0.0000,0.0004,0.8783,0.5109,0.0000,-0.0000,0.0000,0.0000
2026-06-06 17:10:41.850,0,2,2,0.00,0.0000,0.0004,0.8783,0.5109,0.0000,-0.0000,0.0000,0.0000
2026-06-06 17:10:41.950,0,2,2,0.00,0.0000,0.0004,0.8783,0.5109,0.0000,-0.0000,0.0000,0.0000
2026-06-06 17:10:42.050,0,2,2,0.00,0.0000,0.0004,0.8783,0.5109,0.0000,-0.0000,0.0000,0.0000
2026-06-06 17:10:42.150,0,2,2,0.00,0.0000,0.0004,0.8783,0.5109,0.0000,-0.0000,0.0000,0.0000
2026-06-06 17:10:42.250,0,2,2,0.00,0.0000,0.0004,0.8783,0.5109,0.0000,-0.0000,0.0000,0.0000
2026-06-06 17:10:42.350,0,2,2,0.00,0.0000,0.0004,0.8783,0.5109,0.0000,-0.0000,0.0000,0.0000
2026-06-06 17:10:42.450,0,2,2,0.00,0.0000,0.0004,0.8783,0.5109,0.0000,-0.0000,0.0000,0.0000
2026-06-06 17:10:42.550,0,2,2,0.00,0.0000,0.0004,0.8783,0.5109,0.0000,-0.0000,0.0000,0.0000
2026-06-06 17:10:42.650,0,2,2,0.00,0.0000,0.0004,0.8783,0.5109,0.0000,-0.0000,0.0000,0.0000
2026-06-06 17:10:42.750,0,2,2,0.00,0.0000,0.0004,0.8783,0.5109,0.0000,-0.0000,0.0000,0.0000
2026-06-06 17:10:42.850,0,2,2,0.00,0.0000,0.0004,0.8783,0.5109,0.0000,-0.0000,0.0000,0.0000
2026-06-06 17:10:42.950,0,2,2,0.00,0.0000,0.0004,0.8783,0.5109,0.0000,-0.0000,0.0000,0.0000
2026-06-06 17:10:43.050,0,2,2,0.00,0.0000,0.0004,0.8783,0.5109,0.0000,-0.0000,0.0000,0.0000
2026-06-06 17:10:43.150,0,2,2,0.00,0.0000,0.0004,0.8783,0.5109,0.0000,-0.0000,0.0000,0.0000
2026-06-06 17:10:43.250,0,2,2,0.00,0.0000,0.0004,0.8783,0.5109,0.0000,-0.0000,0.0000,0.0000
2026-06-06 17:10:43.350,0,2,2,0.00,0.0000,0.0004,0.8783,0.5109,0.0000,-0.0000,0.0000,0.0000
2026-06-06 17:10:43.450,0,2,2,0.00,0.0000,0.0004,0.8783,0.5109,0.0000,-0.0000,0.0000,0.0000
2026-06-06 17:10:43.550,0,2,2,0.00,0.0000,0.0004,0.8783,0.5109,0.0000,-0.0000,0.0000,0.0000
2026-06-06 17:10:43.650,0,2,2,0.00,0.0000,0.0004,0.8783,0.5109,0.0000,-0.0000,0.0000,0.0000
2026-06-06 17:10:43.750,0,2,2,0.00,0.0000,0.0004,0.8783,0.5109,0.0000,-0.0000,0.0000,0.0000
2026-06-06 17:10:43.850,0,2,2,0.00,0.0000,0.0004,0.8783,0.5109,0.0000,-0.0000,0.0000,0.0000
2026-06-06 17:10:43.950,0,2,2,0.00,0.0000,0.0004,0.8783,0.5109,0.0000,-0.0000,0.0000,0.0000
2026-06-06 17:10:44.050,0,2,2,0.00,0.0000,0.0004,0.8783,0.5109,0.0000,-0.0000,0.0000,0.0000
2026-06-06 17:10:44.150,0,2,2,0.00,0.0000,0.0004,0.8783,0.5109,0.0000,-0.0000,0.0000,0.0000
2026-06-06 17:10:44.250,0,2,2,0.00,0.0000,0.0004,0.8783,0.5109,0.0000,-0.0000,0.0000,0.0000
2026-06-06 17:10:44.350,0,2,2,0.00,0.0000,0.0004,0.8783,0.5109,0.0000,-0.0000,0.0000,0.0000
2026-06-06 17:10:44.450,0,2,2,0.00,0.0000,0.0004,0.8783,0.5109,0.0000,-0.0000,0.0000,0.0000
2026-06-06 17:10:44.553,0,2,2,0.00,0.0000,0.0004,0.8783,0.5109,0.0000,-0.0000,0.0000,0.0000
2026-06-06 17:10:44.650,0,2,2,0.00,0.0000,0.0004,0.8783,0.5109,0.0000,-0.0000,0.0000,0.0000
2026-06-06 17:10:44.752,0,2,2,0.00,0.0000,0.0004,0.8783,0.5109,0.0000,-0.0000,0.0000,0.0000
2026-06-06 17:10:44.850,0,2,2,0.00,0.0000,0.0004,0.8783,0.5109,0.0000,-0.0000,0.0000,0.0000
2026-06-06 17:10:44.950,0,2,2,0.00,0.0000,0.0004,0.8783,0.5109,0.0000,-0.0000,0.0000,0.0000
2026-06-06 17:10:45.050,0,2,2,0.00,0.0000,0.0004,0.8783,0.5109,0.0000,-0.0000,0.0000,0.0000
2026-06-06 17:10:45.150,0,2,2,0.00,0.0000,0.0004,0.8783,0.5109,0.0000,-0.0000,0.0000,0.0000
2026-06-06 17:10:45.250,0,2,2,0.00,0.0000,0.0004,0.8783,0.5109,0.0000,-0.0000,0.0000,0.0000
2026-06-06 17:10:45.350,0,2,2,0.00,0.0000,0.0004,0.8783,0.5109,0.0000,-0.0000,0.0000,0.0000
2026-06-06 17:10:45.450,0,2,2,0.00,0.0000,0.0004,0.8783,0.5109,0.0000,-0.0000,0.0000,0.0000
2026-06-06 17:10:45.550,0,2,2,0.00,0.0000,0.0004,0.8783,0.5109,0.0000,-0.0000,0.0000,0.0000
2026-06-06 17:10:45.650,0,2,2,0.00,0.0000,0.0004,0.8783,0.5109,0.0000,-0.0000,0.0000,0.0000
2026-06-06 17:10:45.750,0,2,2,0.00,0.0000,0.0004,0.8783,0.5109,0.0000,-0.0000,0.0000,0.0000
2026-06-06 17:10:45.850,0,2,2,0.00,0.0000,0.0004,0.8783,0.5109,0.0000,-0.0000,0.0000,0.0000
2026-06-06 17:10:45.950,0,2,2,0.00,0.0000,0.0004,0.8783,0.5109,0.0000,-0.0000,0.0000,0.0000
2026-06-06 17:10:46.050,0,2,2,0.00,0.0000,0.0004,0.8783,0.5109,0.0000,-0.0000,0.0000,0.0000
2026-06-06 17:10:46.150,0,2,2,0.00,0.0000,0.0004,0.8783,0.5109,0.0000,-0.0000,0.0000,0.0000
2026-06-06 17:10:46.250,0,2,2,0.00,0.0000,0.0004,0.8783,0.5109,0.0000,-0.0000,0.0000,0.0000
2026-06-06 17:10:46.350,0,2,2,0.00,0.0000,0.0004,0.8783,0.5109,0.0000,-0.0000,0.0000,0.0000
2026-06-06 17:10:46.450,0,2,2,0.00,0.0000,0.0004,0.8783,0.5109,0.0000,-0.0000,0.0000,0.0000
2026-06-06 17:10:46.550,0,2,2,0.00,0.0000,0.0004,0.8783,0.5109,0.0000,-0.0000,0.0000,0.0000
2026-06-06 17:10:46.651,0,2,2,0.00,0.0000,0.0004,0.8783,0.5109,0.0000,-0.0000,0.0000,0.0000
2026-06-06 17:10:46.750,0,2,2,0.00,0.0000,0.0004,0.8783,0.5109,0.0000,-0.0000,0.0000,0.0000
2026-06-06 17:10:46.850,0,2,2,0.00,0.0000,0.0004,0.8783,0.5109,0.0000,-0.0000,0.0000,0.0000
2026-06-06 17:10:46.950,0,2,2,0.00,0.0000,0.0004,0.8783,0.5109,0.0000,-0.0000,0.0000,0.0000
2026-06-06 17:10:47.050,0,2,2,0.00,0.0000,0.0004,0.8783,0.5109,0.0000,-0.0000,0.0000,0.0000
2026-06-06 17:10:47.150,0,2,2,0.00,0.0000,0.0004,0.8783,0.5109,0.0000,-0.0000,0.0000,0.0000
2026-06-06 17:10:47.250,0,2,2,0.00,0.0000,0.0004,0.8783,0.5109,0.0000,-0.0000,0.0000,0.0000
2026-06-06 17:10:47.350,0,2,2,0.00,0.0000,0.0004,0.8783,0.5109,0.0000,-0.0000,0.0000,0.0000
2026-06-06 17:10:47.450,0,2,2,0.00,0.0000,0.0004,0.8783,0.5109,0.0000,-0.0000,0.0000,0.0000
2026-06-06 17:10:47.550,0,2,2,0.00,0.0000,0.0004,0.8783,0.5109,0.0000,-0.0000,0.0000,0.0000
2026-06-06 17:10:47.650,0,2,2,0.00,0.0000,0.0004,0.8783,0.5109,0.0000,-0.0000,0.0000,0.0000
2026-06-06 17:10:47.750,0,2,2,0.00,0.0000,0.0004,0.8783,0.5109,0.0000,-0.0000,0.0000,0.0000
2026-06-06 17:10:47.850,0,2,2,0.00,0.0000,0.0004,0.8783,0.5109,0.0000,-0.0000,0.0000,0.0000
2026-06-06 17:10:47.950,0,2,2,0.00,0.0000,0.0004,0.8783,0.5109,0.0000,-0.0000,0.0000,0.0000
2026-06-06 17:10:48.050,0,2,2,0.00,0.0000,0.0004,0.8783,0.5109,0.0000,-0.0000,0.0000,0.0000
2026-06-06 17:10:48.150,0,2,2,0.00,0.0000,0.0004,0.8783,0.5109,0.0000,-0.0000,0.0000,0.0000
2026-06-06 17:10:48.250,0,2,2,0.00,0.0000,0.0004,0.8783,0.5109,0.0000,-0.0000,0.0000,0.0000
2026-06-06 17:10:48.350,0,2,2,0.00,0.0000,0.0004,0.8783,0.5109,0.0000,-0.0000,0.0000,0.0000
2026-06-06 17:10:48.450,0,2,2,0.00,0.0000,0.0004,0.8783,0.5109,0.0000,-0.0000,0.0000,0.0000
2026-06-06 17:10:48.550,0,2,2,0.00,0.0000,0.0004,0.8783,0.5109,0.0000,-0.0000,0.0000,0.0000
2026-06-06 17:10:48.650,0,2,2,0.00,0.0000,0.0004,0.8783,0.5109,0.0000,-0.0000,0.0000,0.0000
2026-06-06 17:10:48.750,0,2,2,0.00,0.0000,0.0004,0.8783,0.5109,0.0000,-0.0000,0.0000,0.0000
2026-06-06 17:10:48.850,0,2,2,0.00,0.0000,0.0004,0.8783,0.5109,0.0000,-0.0000,0.0000,0.0000
2026-06-06 17:10:48.950,0,2,2,0.00,0.0000,0.0004,0.8783,0.5109,0.0000,-0.0000,0.0000,0.0000
2026-06-06 17:10:49.050,0,2,2,0.00,0.0000,0.0004,0.8783,0.5109,0.0000,-0.0000,0.0000,0.0000
2026-06-06 17:10:49.150,0,2,2,0.00,0.0000,0.0004,0.8783,0.5109,0.0000,-0.0000,0.0000,0.0000
2026-06-06 17:10:49.250,0,2,2,0.00,0.0000,0.0004,0.8783,0.5109,0.0000,-0.0000,0.0000,0.0000
2026-06-06 17:10:49.350,0,2,2,0.00,0.0000,0.0004,0.8783,0.5109,0.0000,-0.0000,0.0000,0.0000
2026-06-06 17:10:49.450,0,2,2,0.00,0.0000,0.0004,0.8783,0.5109,0.0000,-0.0000,0.0000,0.0000
2026-06-06 17:10:49.550,0,2,2,0.00,0.0000,0.0004,0.8783,0.5109,0.0000,-0.0000,0.0000,0.0000
2026-06-06 17:10:49.650,0,2,2,0.00,0.0000,0.0004,0.8783,0.5109,0.0000,-0.0000,0.0000,0.0000
2026-06-06 17:10:49.750,0,2,2,0.00,0.0000,0.0004,0.8783,0.5109,0.0000,-0.0000,0.0000,0.0000
2026-06-06 17:10:49.850,0,2,2,0.00,0.0000,0.0004,0.8783,0.5109,0.0000,-0.0000,0.0000,0.0000
2026-06-06 17:10:49.950,0,2,2,0.00,0.0000,0.0004,0.8783,0.5109,0.0000,-0.0000,0.0000,0.0000
2026-06-06 17:10:50.050,0,2,2,0.00,0.0000,0.0004,0.8783,0.5109,0.0000,-0.0000,0.0000,0.0000
2026-06-06 17:10:50.150,0,2,2,0.00,0.0000,0.0004,0.8783,0.5109,0.0000,-0.0000,0.0000,0.0000
2026-06-06 17:10:50.250,0,2,2,0.00,0.0000,0.0004,0.8783,0.5109,0.0000,-0.0000,0.0000,0.0000
2026-06-06 17:10:50.350,0,2,2,0.00,0.0000,0.0004,0.8783,0.5109,0.0000,-0.0000,0.0000,0.0000
2026-06-06 17:10:50.450,0,2,2,0.00,0.0000,0.0004,0.8783,0.5109,0.0000,-0.0000,0.0000,0.0000
2026-06-06 17:10:50.553,0,2,2,0.00,0.0000,0.0004,0.8783,0.5109,0.0000,-0.0000,0.0000,0.0000
2026-06-06 17:10:50.650,0,2,2,0.00,0.0000,0.0004,0.8783,0.5109,0.0000,-0.0000,0.0000,0.0000
2026-06-06 17:10:50.750,0,2,2,0.00,0.0000,0.0004,0.8783,0.5109,0.0000,-0.0000,0.0000,0.0000
2026-06-06 17:10:50.850,0,2,2,0.00,0.0000,0.0004,0.8783,0.5109,0.0000,-0.0000,0.0000,0.0000
2026-06-06 17:10:50.950,0,2,2,0.00,0.0000,0.0004,0.8783,0.5109,0.0000,-0.0000,0.0000,0.0000
2026-06-06 17:10:51.050,0,2,2,0.00,0.0000,0.0004,0.8783,0.5109,0.0000,-0.0000,0.0000,0.0000
2026-06-06 17:10:51.152,0,2,2,0.00,0.0000,0.0004,0.8783,0.5109,0.0000,-0.0000,0.0000,0.0000
2026-06-06 17:10:51.250,0,2,2,0.00,0.0000,0.0004,0.8783,0.5109,0.0000,-0.0000,0.0000,0.0000
2026-06-06 17:10:51.350,0,2,2,0.00,0.0000,0.0004,0.8783,0.5109,0.0000,-0.0000,0.0000,0.0000
2026-06-06 17:10:51.450,0,2,2,0.00,0.0000,0.0004,0.8783,0.5109,0.0000,-0.0000,0.0000,0.0000
2026-06-06 17:10:51.550,0,2,2,0.00,0.0000,0.0004,0.8783,0.5109,0.0000,-0.0000,0.0000,0.0000
2026-06-06 17:10:51.650,0,2,2,0.00,0.0000,0.0004,0.8783,0.5109,0.0000,-0.0000,0.0000,0.0000
2026-06-06 17:10:51.750,0,2,2,0.00,0.0000,0.0004,0.8783,0.5109,0.0000,-0.0000,0.0000,0.0000
2026-06-06 17:10:51.850,0,2,2,0.00,0.0000,0.0004,0.8783,0.5109,0.0000,-0.0000,0.0000,0.0000
2026-06-06 17:10:51.950,0,2,2,0.00,0.0000,0.0004,0.8783,0.5109,0.0000,-0.0000,0.0000,0.0000
2026-06-06 17:10:52.050,0,2,2,0.00,0.0000,0.0004,0.8783,0.5109,0.0000,-0.0000,0.0000,0.0000
2026-06-06 17:10:52.150,0,2,2,0.00,0.0000,0.0004,0.8783,0.5109,0.0000,-0.0000,0.0000,0.0000
2026-06-06 17:10:52.250,0,2,2,0.00,0.0000,0.0004,0.8783,0.5109,0.0000,-0.0000,0.0000,0.0000
2026-06-06 17:10:52.350,0,2,2,0.00,0.0000,0.0004,0.8783,0.5109,0.0000,-0.0000,0.0000,0.0000
2026-06-06 17:10:52.450,0,2,2,0.00,0.0000,0.0004,0.8783,0.5109,0.0000,-0.0000,0.0000,0.0000
2026-06-06 17:10:52.550,0,2,2,0.00,0.0000,0.0004,0.8783,0.5109,0.0000,-0.0000,0.0000,0.0000
2026-06-06 17:10:52.650,0,2,2,0.00,0.0000,0.0004,0.8783,0.5109,0.0000,-0.0000,0.0000,0.0000
2026-06-06 17:10:52.750,0,2,2,0.00,0.0000,0.0004,0.8783,0.5109,0.0000,-0.0000,0.0000,0.0000
2026-06-06 17:10:52.850,0,2,2,0.00,0.0000,0.0004,0.8783,0.5109,0.0000,-0.0000,0.0000,0.0000
2026-06-06 17:10:52.950,0,2,2,0.00,0.0000,0.0004,0.8783,0.5109,0.0000,-0.0000,0.0000,0.0000
2026-06-06 17:10:53.050,0,2,2,0.00,0.0000,0.0004,0.8783,0.5109,0.0000,-0.0000,0.0000,0.0000
2026-06-06 17:10:53.150,0,2,2,0.00,0.0000,0.0004,0.8783,0.5109,0.0000,-0.0000,0.0000,0.0000
2026-06-06 17:10:53.250,0,2,2,0.00,0.0000,0.0004,0.8783,0.5109,0.0000,-0.0000,0.0000,0.0000
2026-06-06 17:10:53.350,0,2,2,0.00,0.0000,0.0004,0.8783,0.5109,0.0000,-0.0000,0.0000,0.0000
2026-06-06 17:10:53.450,0,2,2,0.00,0.0000,0.0004,0.8783,0.5109,0.0000,-0.0000,0.0000,0.0000
2026-06-06 17:10:53.552,0,2,2,0.00,0.0000,0.0004,0.8783,0.5109,0.0000,-0.0000,0.0000,0.0000
2026-06-06 17:10:53.650,0,2,2,0.00,0.0000,0.0004,0.8783,0.5109,0.0000,-0.0000,0.0000,0.0000
2026-06-06 17:10:53.750,0,2,2,0.00,0.0000,0.0004,0.8783,0.5109,0.0000,-0.0000,0.0000,0.0000
2026-06-06 17:10:53.850,0,2,2,0.00,0.0000,0.0004,0.8783,0.5109,0.0000,-0.0000,0.0000,0.0000
2026-06-06 17:10:53.950,0,2,2,0.00,0.0000,0.0004,0.8783,0.5109,0.0000,-0.0000,0.0000,0.0000
2026-06-06 17:10:54.050,0,2,2,0.00,0.0000,0.0004,0.8783,0.5109,0.0000,-0.0000,0.0000,0.0000
2026-06-06 17:10:54.150,0,2,2,0.00,0.0000,0.0004,0.8783,0.5109,0.0000,-0.0000,0.0000,0.0000
2026-06-06 17:10:54.250,0,2,2,0.00,0.0000,0.0004,0.8783,0.5109,0.0000,-0.0000,0.0000,0.0000
2026-06-06 17:10:54.351,0,2,2,0.00,0.0000,0.0004,0.8783,0.5109,0.0000,-0.0000,0.0000,0.0000
2026-06-06 17:10:54.450,0,2,2,0.00,0.0000,0.0004,0.8783,0.5109,0.0000,-0.0000,0.0000,0.0000
2026-06-06 17:10:54.550,0,2,2,0.00,0.0000,0.0004,0.8783,0.5109,0.0000,-0.0000,0.0000,0.0000
2026-06-06 17:10:54.650,0,2,2,0.00,0.0000,0.0004,0.8783,0.5109,0.0000,-0.0000,0.0000,0.0000
2026-06-06 17:10:54.750,0,2,2,0.00,0.0000,0.0004,0.8783,0.5109,0.0000,-0.0000,0.0000,0.0000
2026-06-06 17:10:54.850,0,2,2,0.00,0.0000,0.0004,0.8783,0.5109,0.0000,-0.0000,0.0000,0.0000
2026-06-06 17:10:54.950,0,2,2,0.00,0.0000,0.0004,0.8783,0.5109,0.0000,-0.0000,0.0000,0.0000
2026-06-06 17:10:55.050,0,2,2,0.00,0.0000,0.0004,0.8783,0.5109,0.0000,-0.0000,0.0000,0.0000
2026-06-06 17:10:55.150,0,2,2,0.00,0.0000,0.0004,0.8783,0.5109,0.0000,-0.0000,0.0000,0.0000
2026-06-06 17:10:55.250,0,2,2,0.00,0.0000,0.0004,0.8783,0.5109,0.0000,-0.0000,0.0000,0.0000
2026-06-06 17:10:55.350,0,2,2,0.00,0.0000,0.0004,0.8783,0.5109,0.0000,-0.0000,0.0000,0.0000
2026-06-06 17:10:55.450,0,2,2,0.00,0.0000,0.0004,0.8783,0.5109,0.0000,-0.0000,0.0000,0.0000
2026-06-06 17:10:55.550,0,2,2,0.00,0.0000,0.0004,0.8783,0.5109,0.0000,-0.0000,0.0000,0.0000
2026-06-06 17:10:55.650,0,2,2,0.00,0.0000,0.0004,0.8783,0.5109,0.0000,-0.0000,0.0000,0.0000
2026-06-06 17:10:55.750,0,2,2,0.00,0.0000,0.0004,0.8783,0.5109,0.0000,-0.0000,0.0000,0.0000
2026-06-06 17:10:55.850,0,2,2,0.00,0.0000,0.0004,0.8783,0.5109,0.0000,-0.0000,0.0000,0.0000
2026-06-06 17:10:55.950,0,2,2,0.00,0.0000,0.0004,0.8783,0.5109,0.0000,-0.0000,0.0000,0.0000
2026-06-06 17:10:56.050,0,2,2,0.00,0.0000,0.0004,0.8783,0.5109,0.0000,-0.0000,0.0000,0.0000
2026-06-06 17:10:56.150,0,2,2,0.00,0.0000,0.0004,0.8783,0.5109,0.0000,-0.0000,0.0000,0.0000
2026-06-06 17:10:56.250,0,2,2,0.00,0.0000,0.0004,0.8783,0.5109,0.0000,-0.0000,0.0000,0.0000
2026-06-06 17:10:56.350,0,2,2,0.00,0.0000,0.0004,0.8783,0.5109,0.0000,-0.0000,0.0000,0.0000
2026-06-06 17:10:56.450,0,2,2,0.00,0.0000,0.0004,0.8783,0.5109,0.0000,-0.0000,0.0000,0.0000
2026-06-06 17:10:56.550,0,2,2,0.00,0.0000,0.0004,0.8783,0.5109,0.0000,-0.0000,0.0000,0.0000
2026-06-06 17:10:56.650,0,2,2,0.00,0.0000,0.0004,0.8783,0.5109,0.0000,-0.0000,0.0000,0.0000
2026-06-06 17:10:56.750,0,2,2,0.00,0.0000,0.0004,0.8783,0.5109,0.0000,-0.0000,0.0000,0.0000
2026-06-06 17:10:56.850,0,2,2,0.00,0.0000,0.0004,0.8783,0.5109,0.0000,-0.0000,0.0000,0.0000
2026-06-06 17:10:56.950,0,2,2,0.00,0.0000,0.0004,0.8783,0.5109,0.0000,-0.0000,0.0000,0.0000
2026-06-06 17:10:57.050,0,2,2,0.00,0.0000,0.0004,0.8783,0.5109,0.0000,-0.0000,0.0000,0.0000
2026-06-06 17:10:57.150,0,2,2,0.00,0.0000,0.0004,0.8783,0.5109,0.0000,-0.0000,0.0000,0.0000
2026-06-06 17:10:57.250,0,2,2,0.00,0.0000,0.0004,0.8783,0.5109,0.0000,-0.0000,0.0000,0.0000
2026-06-06 17:10:57.350,0,2,2,0.00,0.0000,0.0004,0.8783,0.5109,0.0000,-0.0000,0.0000,0.0000
2026-06-06 17:10:57.450,0,2,2,0.00,0.0000,0.0004,0.8783,0.5109,0.0000,-0.0000,0.0000,0.0000
2026-06-06 17:10:57.550,0,2,2,0.00,0.0000,0.0004,0.8783,0.5109,0.0000,-0.0000,0.0000,0.0000
2026-06-06 17:10:57.650,0,2,2,0.00,0.0000,0.0004,0.8783,0.5109,0.0000,-0.0000,0.0000,0.0000
2026-06-06 17:10:57.750,0,2,2,0.00,0.0000,0.0004,0.8783,0.5109,0.0000,-0.0000,0.0000,0.0000
2026-06-06 17:10:57.850,0,2,2,0.00,0.0000,0.0004,0.8783,0.5109,0.0000,-0.0000,0.0000,0.0000
2026-06-06 17:10:57.950,0,2,2,0.00,0.0000,0.0004,0.8783,0.5109,0.0000,-0.0000,0.0000,0.0000
2026-06-06 17:10:58.050,0,2,2,0.00,0.0000,0.0004,0.8783,0.5109,0.0000,-0.0000,0.0000,0.0000
2026-06-06 17:10:58.155,0,2,2,0.00,0.0000,0.0004,0.8783,0.5109,0.0000,-0.0000,0.0000,0.0000
2026-06-06 17:10:58.250,0,2,2,0.00,0.0000,0.0004,0.8783,0.5109,0.0000,-0.0000,0.0000,0.0000
2026-06-06 17:10:58.350,0,2,2,0.00,0.0000,0.0004,0.8783,0.5109,0.0000,-0.0000,0.0000,0.0000
2026-06-06 17:10:58.450,0,2,2,0.00,0.0000,0.0004,0.8783,0.5109,0.0000,-0.0000,0.0000,0.0000
2026-06-06 17:10:58.550,0,2,2,0.00,0.0000,0.0004,0.8783,0.5109,0.0000,-0.0000,0.0000,0.0000
2026-06-06 17:10:58.650,0,2,2,0.00,0.0000,0.0004,0.8783,0.5109,0.0000,-0.0000,0.0000,0.0000
2026-06-06 17:10:58.750,0,2,2,0.00,0.0000,0.0004,0.8783,0.5109,0.0000,-0.0000,0.0000,0.0000
2026-06-06 17:10:58.850,0,2,2,0.00,0.0000,0.0004,0.8783,0.5109,0.0000,-0.0000,0.0000,0.0000
2026-06-06 17:10:58.950,0,2,2,0.00,0.0000,0.0004,0.8783,0.5109,0.0000,-0.0000,0.0000,0.0000
2026-06-06 17:10:59.050,0,2,2,0.00,0.0000,0.0004,0.8783,0.5109,0.0000,-0.0000,0.0000,0.0000
2026-06-06 17:10:59.150,0,2,2,0.00,0.0000,0.0004,0.8783,0.5109,0.0000,-0.0000,0.0000,0.0000
2026-06-06 17:10:59.250,0,2,2,0.00,0.0000,0.0004,0.8783,0.5109,0.0000,-0.0000,0.0000,0.0000
2026-06-06 17:10:59.350,0,2,2,0.00,0.0000,0.0004,0.8783,0.5109,0.0000,-0.0000,0.0000,0.0000
2026-06-06 17:10:59.450,0,2,2,0.00,0.0000,0.0004,0.8783,0.5109,0.0000,-0.0000,0.0000,0.0000
2026-06-06 17:10:59.551,0,2,2,0.00,0.0000,0.0004,0.8783,0.5109,0.0000,-0.0000,0.0000,0.0000
2026-06-06 17:10:59.650,0,2,2,0.00,0.0000,0.0004,0.8783,0.5109,0.0000,-0.0000,0.0000,0.0000
2026-06-06 17:10:59.750,0,2,2,0.00,0.0000,0.0004,0.8783,0.5109,0.0000,-0.0000,0.0000,0.0000
2026-06-06 17:10:59.854,0,2,2,0.00,0.0000,0.0004,0.8783,0.5109,0.0000,-0.0000,0.0000,0.0000
2026-06-06 17:10:59.950,0,1,2,0.00,0.0000,0.0004,0.8783,0.5109,0.0000,-0.0000,0.0000,0.0000
2026-06-06 17:11:00.050,0,2,2,0.00,0.0000,0.0004,0.8783,0.5109,0.0000,-0.0000,0.0000,0.0000
2026-06-06 17:11:00.150,0,2,2,0.00,0.0000,0.0004,0.8783,0.5109,0.0000,-0.0000,0.0000,0.0000
2026-06-06 17:11:00.253,0,2,2,0.00,0.0000,0.0004,0.8783,0.5109,0.0000,-0.0000,0.0000,0.0000
2026-06-06 17:11:00.350,0,2,2,0.00,0.0000,0.0004,0.8783,0.5109,0.0000,-0.0000,0.0000,0.0000
2026-06-06 17:11:00.450,0,2,2,0.00,0.0000,0.0004,0.8783,0.5109,0.0000,-0.0000,0.0000,0.0000
2026-06-06 17:11:00.550,0,2,2,0.00,0.0000,0.0004,0.8783,0.5109,0.0000,-0.0000,0.0000,0.0000
2026-06-06 17:11:00.650,0,2,2,0.00,0.0000,0.0004,0.8783,0.5109,0.0000,-0.0000,0.0000,0.0000
2026-06-06 17:11:00.750,0,2,2,0.00,0.0000,0.0004,0.8783,0.5109,0.0000,-0.0000,0.0000,0.0000
2026-06-06 17:11:00.850,0,2,2,0.00,0.0000,0.0004,0.8783,0.5109,0.0000,-0.0000,0.0000,0.0000
2026-06-06 17:11:00.950,0,2,2,0.00,0.0000,0.0004,0.8783,0.5109,0.0000,-0.0000,0.0000,0.0000
2026-06-06 17:11:01.050,0,2,2,0.00,0.0000,0.0004,0.8783,0.5109,0.0000,-0.0000,0.0000,0.0000
2026-06-06 17:11:01.150,0,2,2,0.00,0.0000,0.0004,0.8783,0.5109,0.0000,-0.0000,0.0000,0.0000
2026-06-06 17:11:01.250,0,2,2,0.00,0.0000,0.0004,0.8783,0.5109,0.0000,-0.0000,0.0000,0.0000
2026-06-06 17:11:01.350,0,2,2,0.00,0.0000,0.0004,0.8783,0.5109,0.0000,-0.0000,0.0000,0.0000
2026-06-06 17:11:01.450,0,2,2,0.00,0.0000,0.0004,0.8783,0.5109,0.0000,-0.0000,0.0000,0.0000
2026-06-06 17:11:01.550,0,2,2,0.00,0.0000,0.0004,0.8783,0.5109,0.0000,-0.0000,0.0000,0.0000
2026-06-06 17:11:01.650,0,2,2,0.00,0.0000,0.0004,0.8783,0.5109,0.0000,-0.0000,0.0000,0.0000
2026-06-06 17:11:01.750,0,2,2,0.00,0.0000,0.0004,0.8783,0.5109,0.0000,-0.0000,0.0000,0.0000
2026-06-06 17:11:01.850,0,2,2,0.00,0.0000,0.0004,0.8783,0.5109,0.0000,-0.0000,0.0000,0.0000
2026-06-06 17:11:01.950,0,2,2,0.00,0.0000,0.0004,0.8783,0.5109,0.0000,-0.0000,0.0000,0.0000
2026-06-06 17:11:02.050,0,2,2,0.00,0.0000,0.0004,0.8783,0.5109,0.0000,-0.0000,0.0000,0.0000
2026-06-06 17:11:02.150,0,2,2,0.00,0.0000,0.0004,0.8783,0.5109,0.0000,-0.0000,0.0000,0.0000
2026-06-06 17:11:02.250,0,2,2,0.00,0.0000,0.0004,0.8783,0.5109,0.0000,-0.0000,0.0000,0.0000
2026-06-06 17:11:02.350,0,2,2,0.00,0.0000,0.0004,0.8783,0.5109,0.0000,-0.0000,0.0000,0.0000
2026-06-06 17:11:02.450,0,2,2,0.00,0.0000,0.0004,0.8783,0.5109,0.0000,-0.0000,0.0000,0.0000
2026-06-06 17:11:02.550,0,2,2,0.00,0.0000,0.0004,0.8783,0.5109,0.0000,-0.0000,0.0000,0.0000
2026-06-06 17:11:02.650,0,2,2,0.00,0.0000,0.0004,0.8783,0.5109,0.0000,-0.0000,0.0000,0.0000
2026-06-06 17:11:02.750,0,2,2,0.00,0.0000,0.0004,0.8783,0.5109,0.0000,-0.0000,0.0000,0.0000
2026-06-06 17:11:02.851,0,2,2,0.00,0.0000,0.0004,0.8783,0.5109,0.0000,-0.0000,0.0000,0.0000
2026-06-06 17:11:02.950,0,2,2,0.00,0.0000,0.0004,0.8783,0.5109,0.0000,-0.0000,0.0000,0.0000
2026-06-06 17:11:03.050,0,2,2,0.00,0.0000,0.0004,0.8783,0.5109,0.0000,-0.0000,0.0000,0.0000
2026-06-06 17:11:03.150,0,2,2,0.00,0.0000,0.0004,0.8783,0.5109,0.0000,-0.0000,0.0000,0.0000
2026-06-06 17:11:03.250,0,2,2,0.00,0.0000,0.0004,0.8783,0.5109,0.0000,-0.0000,0.0000,0.0000
2026-06-06 17:11:03.350,0,2,2,0.00,0.0000,0.0004,0.8783,0.5109,0.0000,-0.0000,0.0000,0.0000
2026-06-06 17:11:03.450,0,2,2,0.00,0.0000,0.0004,0.8783,0.5109,0.0000,-0.0000,0.0000,0.0000
2026-06-06 17:11:03.553,0,2,2,0.00,0.0000,0.0004,0.8783,0.5109,0.0000,-0.0000,0.0000,0.0000
2026-06-06 17:11:03.650,0,2,2,0.00,0.0000,0.0004,0.8783,0.5109,0.0000,-0.0000,0.0000,0.0000
2026-06-06 17:11:03.750,0,2,2,0.00,0.0000,0.0004,0.8783,0.5109,0.0000,-0.0000,0.0000,0.0000
2026-06-06 17:11:03.850,0,2,2,0.00,0.0000,0.0004,0.8783,0.5109,0.0000,-0.0000,0.0000,0.0000
2026-06-06 17:11:03.950,0,2,2,0.00,0.0000,0.0004,0.8783,0.5109,0.0000,-0.0000,0.0000,0.0000
2026-06-06 17:11:04.053,0,2,2,0.00,0.0000,0.0004,0.8783,0.5109,0.0000,-0.0000,0.0000,0.0000
2026-06-06 17:11:04.150,0,2,2,0.00,0.0000,0.0004,0.8783,0.5109,0.0000,-0.0000,0.0000,0.0000
2026-06-06 17:11:04.250,0,2,2,0.00,0.0000,0.0004,0.8783,0.5109,0.0000,-0.0000,0.0000,0.0000
2026-06-06 17:11:04.350,0,2,2,0.00,0.0000,0.0004,0.8783,0.5109,0.0000,-0.0000,0.0000,0.0000
2026-06-06 17:11:04.450,0,2,2,0.00,0.0000,0.0004,0.8783,0.5109,0.0000,-0.0000,0.0000,0.0000
2026-06-06 17:11:04.550,0,2,2,0.00,0.0000,0.0004,0.8783,0.5109,0.0000,-0.0000,0.0000,0.0000
2026-06-06 17:11:04.650,0,2,2,0.00,0.0000,0.0004,0.8783,0.5109,0.0000,-0.0000,0.0000,0.0000
2026-06-06 17:11:04.750,0,2,2,0.00,0.0000,0.0004,0.8783,0.5109,0.0000,-0.0000,0.0000,0.0000
2026-06-06 17:11:04.850,0,2,2,0.00,0.0000,0.0004,0.8783,0.5109,0.0000,-0.0000,0.0000,0.0000
2026-06-06 17:11:04.950,0,2,2,0.00,0.0000,0.0004,0.8783,0.5109,0.0000,-0.0000,0.0000,0.0000
2026-06-06 17:11:05.050,0,2,2,0.00,0.0000,0.0004,0.8783,0.5109,0.0000,-0.0000,0.0000,0.0000
2026-06-06 17:11:05.150,0,2,2,0.00,0.0000,0.0004,0.8783,0.5109,0.0000,-0.0000,0.0000,0.0000
2026-06-06 17:11:05.250,0,2,2,0.00,0.0000,0.0004,0.8783,0.5109,0.0000,-0.0000,0.0000,0.0000
2026-06-06 17:11:05.350,0,2,2,0.00,0.0000,0.0004,0.8783,0.5109,0.0000,-0.0000,0.0000,0.0000
2026-06-06 17:11:05.450,0,2,2,0.00,0.0000,0.0004,0.8783,0.5109,0.0000,-0.0000,0.0000,0.0000
2026-06-06 17:11:05.550,0,2,2,0.00,0.0000,0.0004,0.8783,0.5109,0.0000,-0.0000,0.0000,0.0000
2026-06-06 17:11:05.650,0,2,2,0.00,0.0000,0.0004,0.8783,0.5109,0.0000,-0.0000,0.0000,0.0000
2026-06-06 17:11:05.750,0,2,2,0.00,0.0000,0.0004,0.8783,0.5109,0.0000,-0.0000,0.0000,0.0000
2026-06-06 17:11:05.850,0,2,2,0.00,0.0000,0.0004,0.8783,0.5109,0.0000,-0.0000,0.0000,0.0000
2026-06-06 17:11:05.950,0,2,2,0.00,0.0000,0.0004,0.8783,0.5109,0.0000,-0.0000,0.0000,0.0000
2026-06-06 17:11:06.050,0,2,2,0.00,0.0000,0.0004,0.8783,0.5109,0.0000,-0.0000,0.0000,0.0000
2026-06-06 17:11:06.150,0,2,2,0.00,0.0000,0.0004,0.8783,0.5109,0.0000,-0.0000,0.0000,0.0000
2026-06-06 17:11:06.250,0,2,2,0.00,0.0000,0.0004,0.8783,0.5109,0.0000,-0.0000,0.0000,0.0000
2026-06-06 17:11:06.350,0,2,2,0.00,0.0000,0.0004,0.8783,0.5109,0.0000,-0.0000,0.0000,0.0000
2026-06-06 17:11:06.450,0,2,2,0.00,0.0000,0.0004,0.8783,0.5109,0.0000,-0.0000,0.0000,0.0000
2026-06-06 17:11:06.550,0,2,2,0.00,0.0000,0.0004,0.8783,0.5109,0.0000,-0.0000,0.0000,0.0000
2026-06-06 17:11:06.650,0,2,2,0.00,0.0000,0.0004,0.8783,0.5109,0.0000,-0.0000,0.0000,0.0000
2026-06-06 17:11:06.750,0,2,2,0.00,0.0000,0.0004,0.8783,0.5109,0.0000,-0.0000,0.0000,0.0000
2026-06-06 17:11:06.850,0,2,2,0.00,0.0000,0.0004,0.8783,0.5109,0.0000,-0.0000,0.0000,0.0000
2026-06-06 17:11:06.950,0,2,2,0.00,0.0000,0.0004,0.8783,0.5109,0.0000,-0.0000,0.0000,0.0000
2026-06-06 17:11:07.050,0,2,2,0.00,0.0000,0.0004,0.8783,0.5109,0.0000,-0.0000,0.0000,0.0000
2026-06-06 17:11:07.150,0,2,2,0.00,0.0000,0.0004,0.8783,0.5109,0.0000,-0.0000,0.0000,0.0000
2026-06-06 17:11:07.250,0,2,2,0.00,0.0000,0.0004,0.8783,0.5109,0.0000,-0.0000,0.0000,0.0000
2026-06-06 17:11:07.350,0,2,2,0.00,0.0000,0.0004,0.8783,0.5109,0.0000,-0.0000,0.0000,0.0000
2026-06-06 17:11:07.450,0,2,2,0.00,0.0000,0.0004,0.8783,0.5109,0.0000,-0.0000,0.0000,0.0000
2026-06-06 17:11:07.550,0,2,2,0.00,0.0000,0.0004,0.8783,0.5109,0.0000,-0.0000,0.0000,0.0000
2026-06-06 17:11:07.650,0,2,2,0.00,0.0000,0.0004,0.8783,0.5109,0.0000,-0.0000,0.0000,0.0000
2026-06-06 17:11:07.750,0,2,2,0.00,0.0000,0.0004,0.8783,0.5109,0.0000,-0.0000,0.0000,0.0000
2026-06-06 17:11:07.850,0,2,2,0.00,0.0000,0.0004,0.8783,0.5109,0.0000,-0.0000,0.0000,0.0000
2026-06-06 17:11:07.950,0,2,2,0.00,0.0000,0.0004,0.8783,0.5109,0.0000,-0.0000,0.0000,0.0000
2026-06-06 17:11:08.050,0,2,2,0.00,0.0000,0.0004,0.8783,0.5109,0.0000,-0.0000,0.0000,0.0000
2026-06-06 17:11:08.150,0,2,2,0.00,0.0000,0.0004,0.8783,0.5109,0.0000,-0.0000,0.0000,0.0000
2026-06-06 17:11:08.250,0,2,2,0.00,0.0000,0.0004,0.8783,0.5109,0.0000,-0.0000,0.0000,0.0000
2026-06-06 17:11:08.350,0,2,2,0.00,0.0000,0.0004,0.8783,0.5109,0.0000,-0.0000,0.0000,0.0000
2026-06-06 17:11:08.450,0,2,2,0.00,0.0000,0.0004,0.8783,0.5109,0.0000,-0.0000,0.0000,0.0000
2026-06-06 17:11:08.550,0,2,2,0.00,0.0000,0.0004,0.8783,0.5109,0.0000,-0.0000,0.0000,0.0000
2026-06-06 17:11:08.650,0,2,2,0.00,0.0000,0.0004,0.8783,0.5109,0.0000,-0.0000,0.0000,0.0000
2026-06-06 17:11:08.750,0,2,2,0.00,0.0000,0.0004,0.8783,0.5109,0.0000,-0.0000,0.0000,0.0000
2026-06-06 17:11:08.850,0,2,2,0.00,0.0000,0.0004,0.8783,0.5109,0.0000,-0.0000,0.0000,0.0000
2026-06-06 17:11:08.950,0,2,2,0.00,0.0000,0.0004,0.8783,0.5109,0.0000,-0.0000,0.0000,0.0000
2026-06-06 17:11:09.050,0,2,2,0.00,0.0000,0.0004,0.8783,0.5109,0.0000,-0.0000,0.0000,0.0000
2026-06-06 17:11:09.150,0,2,2,0.00,0.0000,0.0004,0.8783,0.5109,0.0000,-0.0000,0.0000,0.0000
2026-06-06 17:11:09.250,0,2,2,0.00,0.0000,0.0004,0.8783,0.5109,0.0000,-0.0000,0.0000,0.0000
2026-06-06 17:11:09.350,0,2,2,0.00,0.0000,0.0004,0.8783,0.5109,0.0000,-0.0000,0.0000,0.0000
2026-06-06 17:11:09.450,0,2,2,0.00,0.0000,0.0004,0.8783,0.5109,0.0000,-0.0000,0.0000,0.0000
2026-06-06 17:11:09.561,0,2,2,0.00,0.0000,0.0004,0.8783,0.5109,0.0000,-0.0000,0.0000,0.0000
2026-06-06 17:11:09.650,0,2,2,0.00,0.0000,0.0004,0.8783,0.5109,0.0000,-0.0000,0.0000,0.0000
2026-06-06 17:11:09.750,0,2,2,0.00,0.0000,0.0004,0.8783,0.5109,0.0000,-0.0000,0.0000,0.0000
2026-06-06 17:11:09.850,0,2,2,0.00,0.0000,0.0004,0.8783,0.5109,0.0000,-0.0000,0.0000,0.0000
2026-06-06 17:11:09.950,0,2,2,0.00,0.0000,0.0004,0.8783,0.5109,0.0000,-0.0000,0.0000,0.0000
2026-06-06 17:11:10.050,0,2,2,0.00,0.0000,0.0004,0.8783,0.5109,0.0000,-0.0000,0.0000,0.0000
2026-06-06 17:11:10.150,0,2,2,0.00,0.0000,0.0004,0.8783,0.5109,0.0000,-0.0000,0.0000,0.0000
2026-06-06 17:11:10.250,0,2,2,0.00,0.0000,0.0004,0.8783,0.5109,0.0000,-0.0000,0.0000,0.0000
2026-06-06 17:11:10.350,0,2,2,0.00,0.0000,0.0004,0.8783,0.5109,0.0000,-0.0000,0.0000,0.0000
2026-06-06 17:11:10.450,0,2,2,0.00,0.0000,0.0004,0.8783,0.5109,0.0000,-0.0000,0.0000,0.0000
2026-06-06 17:11:10.550,0,2,2,0.00,0.0000,0.0004,0.8783,0.5109,0.0000,-0.0000,0.0000,0.0000
2026-06-06 17:11:10.653,0,2,2,0.00,0.0000,0.0004,0.8783,0.5109,0.0000,-0.0000,0.0000,0.0000
2026-06-06 17:11:10.750,0,2,2,0.00,0.0000,0.0004,0.8783,0.5109,0.0000,-0.0000,0.0000,0.0000
2026-06-06 17:11:10.850,0,2,2,0.00,0.0000,0.0004,0.8783,0.5109,0.0000,-0.0000,0.0000,0.0000
2026-06-06 17:11:10.950,0,2,2,0.00,0.0000,0.0004,0.8783,0.5109,0.0000,-0.0000,0.0000,0.0000
2026-06-06 17:11:11.050,0,2,2,0.00,0.0000,0.0004,0.8783,0.5109,0.0000,-0.0000,0.0000,0.0000
2026-06-06 17:11:11.150,0,2,2,0.00,0.0000,0.0004,0.8783,0.5109,0.0000,-0.0000,0.0000,0.0000
2026-06-06 17:11:11.250,0,2,2,0.00,0.0000,0.0004,0.8783,0.5109,0.0000,-0.0000,0.0000,0.0000
2026-06-06 17:11:11.350,0,2,2,0.00,0.0000,0.0004,0.8783,0.5109,0.0000,-0.0000,0.0000,0.0000
2026-06-06 17:11:11.450,0,2,2,0.00,0.0000,0.0004,0.8783,0.5109,0.0000,-0.0000,0.0000,0.0000
2026-06-06 17:11:11.550,0,2,2,0.00,0.0000,0.0004,0.8783,0.5109,0.0000,-0.0000,0.0000,0.0000
2026-06-06 17:11:11.650,0,2,2,0.00,0.0000,0.0004,0.8783,0.5109,0.0000,-0.0000,0.0000,0.0000
2026-06-06 17:11:11.750,0,2,2,0.00,0.0000,0.0004,0.8783,0.5109,0.0000,-0.0000,0.0000,0.0000
2026-06-06 17:11:11.850,0,2,2,0.00,0.0000,0.0004,0.8783,0.5109,0.0000,-0.0000,0.0000,0.0000
2026-06-06 17:11:11.950,0,2,2,0.00,0.0000,0.0004,0.8783,0.5109,0.0000,-0.0000,0.0000,0.0000
2026-06-06 17:11:12.050,0,2,2,0.00,0.0000,0.0004,0.8783,0.5109,0.0000,-0.0000,0.0000,0.0000
2026-06-06 17:11:12.150,0,2,2,0.00,0.0000,0.0004,0.8783,0.5109,0.0000,-0.0000,0.0000,0.0000
2026-06-06 17:11:12.250,0,2,2,0.00,0.0000,0.0004,0.8783,0.5109,0.0000,-0.0000,0.0000,0.0000
2026-06-06 17:11:12.350,0,2,2,0.00,0.0000,0.0004,0.8783,0.5109,0.0000,-0.0000,0.0000,0.0000
2026-06-06 17:11:12.450,0,2,2,0.00,0.0000,0.0004,0.8783,0.5109,0.0000,-0.0000,0.0000,0.0000
2026-06-06 17:11:12.550,0,2,2,0.00,0.0000,0.0004,0.8783,0.5109,0.0000,-0.0000,0.0000,0.0000
2026-06-06 17:11:12.650,0,2,2,0.00,0.0000,0.0004,0.8783,0.5109,0.0000,-0.0000,0.0000,0.0000
2026-06-06 17:11:12.750,0,2,2,0.00,0.0000,0.0004,0.8783,0.5109,0.0000,-0.0000,0.0000,0.0000
2026-06-06 17:11:12.850,0,2,2,0.00,0.0000,0.0004,0.8783,0.5109,0.0000,-0.0000,0.0000,0.0000
2026-06-06 17:11:12.950,0,2,2,0.00,0.0000,0.0004,0.8783,0.5109,0.0000,-0.0000,0.0000,0.0000
2026-06-06 17:11:13.050,0,2,2,0.00,0.0000,0.0004,0.8783,0.5109,0.0000,-0.0000,0.0000,0.0000
2026-06-06 17:11:13.150,0,2,2,0.00,0.0000,0.0004,0.8783,0.5109,0.0000,-0.0000,0.0000,0.0000
2026-06-06 17:11:13.250,0,2,2,0.00,0.0000,0.0004,0.8783,0.5109,0.0000,-0.0000,0.0000,0.0000
2026-06-06 17:11:13.350,0,2,2,0.00,0.0000,0.0004,0.8783,0.5109,0.0000,-0.0000,0.0000,0.0000
2026-06-06 17:11:13.450,0,2,2,0.00,0.0000,0.0004,0.8783,0.5109,0.0000,-0.0000,0.0000,0.0000
2026-06-06 17:11:13.553,0,2,2,0.00,0.0000,0.0004,0.8783,0.5109,0.0000,-0.0000,0.0000,0.0000
2026-06-06 17:11:13.650,0,2,2,0.00,0.0000,0.0004,0.8783,0.5109,0.0000,-0.0000,0.0000,0.0000
2026-06-06 17:11:13.750,0,2,2,0.00,0.0000,0.0004,0.8783,0.5109,0.0000,-0.0000,0.0000,0.0000
2026-06-06 17:11:13.850,0,2,2,0.00,0.0000,0.0004,0.8783,0.5109,0.0000,-0.0000,0.0000,0.0000
2026-06-06 17:11:13.950,0,2,2,0.00,0.0000,0.0004,0.8783,0.5109,0.0000,-0.0000,0.0000,0.0000
2026-06-06 17:11:14.050,0,2,2,0.00,0.0000,0.0004,0.8783,0.5109,0.0000,-0.0000,0.0000,0.0000
2026-06-06 17:11:14.150,0,2,2,0.00,0.0000,0.0004,0.8783,0.5109,0.0000,-0.0000,0.0000,0.0000
2026-06-06 17:11:14.250,0,2,2,0.00,0.0000,0.0004,0.8783,0.5109,0.0000,-0.0000,0.0000,0.0000
2026-06-06 17:11:14.350,0,2,2,0.00,0.0000,0.0004,0.8783,0.5109,0.0000,-0.0000,0.0000,0.0000
2026-06-06 17:11:14.450,0,2,2,0.00,0.0000,0.0004,0.8783,0.5109,0.0000,-0.0000,0.0000,0.0000
2026-06-06 17:11:14.550,0,2,2,0.00,0.0000,0.0004,0.8783,0.5109,0.0000,-0.0000,0.0000,0.0000
2026-06-06 17:11:14.650,0,2,2,0.00,0.0000,0.0004,0.8783,0.5109,0.0000,-0.0000,0.0000,0.0000
2026-06-06 17:11:14.751,0,2,2,0.00,0.0000,0.0004,0.8783,0.5109,0.0000,-0.0000,0.0000,0.0000
2026-06-06 17:11:14.850,0,2,2,0.00,0.0000,0.0004,0.8783,0.5109,0.0000,-0.0000,0.0000,0.0000
2026-06-06 17:11:14.950,0,2,2,0.00,0.0000,0.0004,0.8783,0.5109,0.0000,-0.0000,0.0000,0.0000
2026-06-06 17:11:15.050,0,2,2,0.00,0.0000,0.0004,0.8783,0.5109,0.0000,-0.0000,0.0000,0.0000
2026-06-06 17:11:15.150,0,2,2,0.00,0.0000,0.0004,0.8783,0.5109,0.0000,-0.0000,0.0000,0.0000
2026-06-06 17:11:15.250,0,2,2,0.00,0.0000,0.0004,0.8783,0.5109,0.0000,-0.0000,0.0000,0.0000
2026-06-06 17:11:15.350,0,2,2,0.00,0.0000,0.0004,0.8783,0.5109,0.0000,-0.0000,0.0000,0.0000
2026-06-06 17:11:15.450,0,2,2,0.00,0.0000,0.0004,0.8783,0.5109,0.0000,-0.0000,0.0000,0.0000
2026-06-06 17:11:15.550,0,2,2,0.00,0.0000,0.0004,0.8783,0.5109,0.0000,-0.0000,0.0000,0.0000
2026-06-06 17:11:15.650,0,2,2,0.00,0.0000,0.0004,0.8783,0.5109,0.0000,-0.0000,0.0000,0.0000
2026-06-06 17:11:15.750,0,2,2,0.00,0.0000,0.0004,0.8783,0.5109,0.0000,-0.0000,0.0000,0.0000
2026-06-06 17:11:15.850,0,2,2,0.00,0.0000,0.0004,0.8783,0.5109,0.0000,-0.0000,0.0000,0.0000
2026-06-06 17:11:15.950,0,2,2,0.00,0.0000,0.0004,0.8783,0.5109,0.0000,-0.0000,0.0000,0.0000
2026-06-06 17:11:16.050,0,2,2,0.00,0.0000,0.0004,0.8783,0.5109,0.0000,-0.0000,0.0000,0.0000
2026-06-06 17:11:16.150,0,2,2,0.00,0.0000,0.0004,0.8783,0.5109,0.0000,-0.0000,0.0000,0.0000
2026-06-06 17:11:16.250,0,2,2,0.00,0.0000,0.0004,0.8783,0.5109,0.0000,-0.0000,0.0000,0.0000
2026-06-06 17:11:16.350,0,2,2,0.00,0.0000,0.0004,0.8783,0.5109,0.0000,-0.0000,0.0000,0.0000
2026-06-06 17:11:16.450,0,2,2,0.00,0.0000,0.0004,0.8783,0.5109,0.0000,-0.0000,0.0000,0.0000
2026-06-06 17:11:16.550,0,2,2,0.00,0.0000,0.0004,0.8783,0.5109,0.0000,-0.0000,0.0000,0.0000
2026-06-06 17:11:16.650,0,2,2,0.00,0.0000,0.0004,0.8783,0.5109,0.0000,-0.0000,0.0000,0.0000
2026-06-06 17:11:16.750,0,2,2,0.00,0.0000,0.0004,0.8783,0.5109,0.0000,-0.0000,0.0000,0.0000
2026-06-06 17:11:16.850,0,2,2,0.00,0.0000,0.0004,0.8783,0.5109,0.0000,-0.0000,0.0000,0.0000
2026-06-06 17:11:16.950,0,2,2,0.00,0.0000,0.0004,0.8783,0.5109,0.0000,-0.0000,0.0000,0.0000
2026-06-06 17:11:17.050,0,2,2,0.00,0.0000,0.0004,0.8783,0.5109,0.0000,-0.0000,0.0000,0.0000
2026-06-06 17:11:17.150,0,2,2,0.00,0.0000,0.0004,0.8783,0.5109,0.0000,-0.0000,0.0000,0.0000
2026-06-06 17:11:17.250,0,2,2,0.00,0.0000,0.0004,0.8783,0.5109,0.0000,-0.0000,0.0000,0.0000
2026-06-06 17:11:17.350,0,2,2,0.00,0.0000,0.0004,0.8783,0.5109,0.0000,-0.0000,0.0000,0.0000
2026-06-06 17:11:17.450,0,2,2,0.00,0.0000,0.0004,0.8783,0.5109,0.0000,-0.0000,0.0000,0.0000
2026-06-06 17:11:17.550,0,2,2,0.00,0.0000,0.0004,0.8783,0.5109,0.0000,-0.0000,0.0000,0.0000
2026-06-06 17:11:17.650,0,2,2,0.00,0.0000,0.0004,0.8783,0.5109,0.0000,-0.0000,0.0000,0.0000
2026-06-06 17:11:17.750,0,2,2,0.00,0.0000,0.0004,0.8783,0.5109,0.0000,-0.0000,0.0000,0.0000
2026-06-06 17:11:17.850,0,2,2,0.00,0.0000,0.0004,0.8783,0.5109,0.0000,-0.0000,0.0000,0.0000
2026-06-06 17:11:17.950,0,2,2,0.00,0.0000,0.0004,0.8783,0.5109,0.0000,-0.0000,0.0000,0.0000
2026-06-06 17:11:18.050,0,2,2,0.00,0.0000,0.0004,0.8783,0.5109,0.0000,-0.0000,0.0000,0.0000
2026-06-06 17:11:18.150,0,2,2,0.00,0.0000,0.0004,0.8783,0.5109,0.0000,-0.0000,0.0000,0.0000
2026-06-06 17:11:18.250,0,2,2,0.00,0.0000,0.0004,0.8783,0.5109,0.0000,-0.0000,0.0000,0.0000
2026-06-06 17:11:18.350,0,2,2,0.00,0.0000,0.0004,0.8783,0.5109,0.0000,-0.0000,0.0000,0.0000
2026-06-06 17:11:18.450,0,2,2,0.00,0.0000,0.0004,0.8783,0.5109,0.0000,-0.0000,0.0000,0.0000
2026-06-06 17:11:18.550,0,2,2,0.00,0.0000,0.0004,0.8783,0.5109,0.0000,-0.0000,0.0000,0.0000
2026-06-06 17:11:18.650,0,2,2,0.00,0.0000,0.0004,0.8783,0.5109,0.0000,-0.0000,0.0000,0.0000
2026-06-06 17:11:18.750,0,2,2,0.00,0.0000,0.0004,0.8783,0.5109,0.0000,-0.0000,0.0000,0.0000
2026-06-06 17:11:18.850,0,2,2,0.00,0.0000,0.0004,0.8783,0.5109,0.0000,-0.0000,0.0000,0.0000
2026-06-06 17:11:18.950,0,2,2,0.00,0.0000,0.0004,0.8783,0.5109,0.0000,-0.0000,0.0000,0.0000
2026-06-06 17:11:19.050,0,2,2,0.00,0.0000,0.0004,0.8783,0.5109,0.0000,-0.0000,0.0000,0.0000
2026-06-06 17:11:19.150,0,2,2,0.00,0.0000,0.0004,0.8783,0.5109,0.0000,-0.0000,0.0000,0.0000
2026-06-06 17:11:19.250,0,2,2,0.00,0.0000,0.0004,0.8783,0.5109,0.0000,-0.0000,0.0000,0.0000
2026-06-06 17:11:19.350,0,2,2,0.00,0.0000,0.0004,0.8783,0.5109,0.0000,-0.0000,0.0000,0.0000
2026-06-06 17:11:19.450,0,2,2,0.00,0.0000,0.0004,0.8783,0.5109,0.0000,-0.0000,0.0000,0.0000
2026-06-06 17:11:19.550,0,2,2,0.00,0.0000,0.0004,0.8783,0.5109,0.0000,-0.0000,0.0000,0.0000
2026-06-06 17:11:19.650,0,2,2,0.00,0.0000,0.0004,0.8783,0.5109,0.0000,-0.0000,0.0000,0.0000
2026-06-06 17:11:19.750,0,2,2,0.00,0.0000,0.0004,0.8783,0.5109,0.0000,-0.0000,0.0000,0.0000
2026-06-06 17:11:19.850,0,2,2,0.00,0.0000,0.0004,0.8783,0.5109,0.0000,-0.0000,0.0000,0.0000
2026-06-06 17:11:19.950,0,2,2,0.00,0.0000,0.0004,0.8783,0.5109,0.0000,-0.0000,0.0000,0.0000
2026-06-06 17:11:20.050,0,2,2,0.00,0.0000,0.0004,0.8783,0.5109,0.0000,-0.0000,0.0000,0.0000
2026-06-06 17:11:20.150,0,2,2,0.00,0.0000,0.0004,0.8783,0.5109,0.0000,-0.0000,0.0000,0.0000
2026-06-06 17:11:20.250,0,2,2,0.00,0.0000,0.0004,0.8783,0.5109,0.0000,-0.0000,0.0000,0.0000
2026-06-06 17:11:20.350,0,2,2,0.00,0.0000,0.0004,0.8783,0.5109,0.0000,-0.0000,0.0000,0.0000
2026-06-06 17:11:20.450,0,2,2,0.00,0.0000,0.0004,0.8783,0.5109,0.0000,-0.0000,0.0000,0.0000
2026-06-06 17:11:20.553,0,2,2,0.00,0.0000,0.0004,0.8783,0.5109,0.0000,-0.0000,0.0000,0.0000
2026-06-06 17:11:20.650,0,2,2,0.00,0.0000,0.0004,0.8783,0.5109,0.0000,-0.0000,0.0000,0.0000
2026-06-06 17:11:20.750,0,2,2,0.00,0.0000,0.0004,0.8783,0.5109,0.0000,-0.0000,0.0000,0.0000
2026-06-06 17:11:20.850,0,2,2,0.00,0.0000,0.0004,0.8783,0.5109,0.0000,-0.0000,0.0000,0.0000
2026-06-06 17:11:20.950,0,2,2,0.00,0.0000,0.0004,0.8783,0.5109,0.0000,-0.0000,0.0000,0.0000
2026-06-06 17:11:21.050,0,2,2,0.00,0.0000,0.0004,0.8783,0.5109,0.0000,-0.0000,0.0000,0.0000
2026-06-06 17:11:21.150,0,2,2,0.00,0.0000,0.0004,0.8783,0.5109,0.0000,-0.0000,0.0000,0.0000
2026-06-06 17:11:21.250,0,2,2,0.00,0.0000,0.0004,0.8783,0.5109,0.0000,-0.0000,0.0000,0.0000
2026-06-06 17:11:21.350,0,2,2,0.00,0.0000,0.0004,0.8783,0.5109,0.0000,-0.0000,0.0000,0.0000
2026-06-06 17:11:21.450,0,1,2,0.00,0.0000,0.0004,0.8783,0.5109,0.0000,-0.0000,0.0000,0.0000
2026-06-06 17:11:21.550,0,2,2,0.00,0.0000,0.0004,0.8783,0.5109,0.0000,-0.0000,0.0000,0.0000
2026-06-06 17:11:21.650,0,2,2,0.00,0.0000,0.0004,0.8783,0.5109,0.0000,-0.0000,0.0000,0.0000
2026-06-06 17:11:21.750,0,2,2,0.00,0.0000,0.0004,0.8783,0.5109,0.0000,-0.0000,0.0000,0.0000
2026-06-06 17:11:21.850,0,2,2,0.00,0.0000,0.0004,0.8783,0.5109,0.0000,-0.0000,0.0000,0.0000
2026-06-06 17:11:21.950,0,2,2,0.00,0.0000,0.0004,0.8783,0.5109,0.0000,-0.0000,0.0000,0.0000
2026-06-06 17:11:22.050,0,2,2,0.00,0.0000,0.0004,0.8783,0.5109,0.0000,-0.0000,0.0000,0.0000
2026-06-06 17:11:22.150,0,2,2,0.00,0.0000,0.0004,0.8783,0.5109,0.0000,-0.0000,0.0000,0.0000
2026-06-06 17:11:22.250,0,2,2,0.00,0.0000,0.0004,0.8783,0.5109,0.0000,-0.0000,0.0000,0.0000
2026-06-06 17:11:22.351,0,2,2,0.00,0.0000,0.0004,0.8783,0.5109,0.0000,-0.0000,0.0000,0.0000
2026-06-06 17:11:22.450,0,2,2,0.00,0.0000,0.0004,0.8783,0.5109,0.0000,-0.0000,0.0000,0.0000
2026-06-06 17:11:22.550,0,2,2,0.00,0.0000,0.0004,0.8783,0.5109,0.0000,-0.0000,0.0000,0.0000
2026-06-06 17:11:22.650,0,2,2,0.00,0.0000,0.0004,0.8783,0.5109,0.0000,-0.0000,0.0000,0.0000
2026-06-06 17:11:22.750,0,2,2,0.00,0.0000,0.0004,0.8783,0.5109,0.0000,-0.0000,0.0000,0.0000
2026-06-06 17:11:22.850,0,2,2,0.00,0.0000,0.0004,0.8783,0.5109,0.0000,-0.0000,0.0000,0.0000
2026-06-06 17:11:22.950,0,2,2,0.00,0.0000,0.0004,0.8783,0.5109,0.0000,-0.0000,0.0000,0.0000
2026-06-06 17:11:23.050,0,2,2,0.00,0.0000,0.0004,0.8783,0.5109,0.0000,-0.0000,0.0000,0.0000
2026-06-06 17:11:23.150,0,2,2,0.00,0.0000,0.0004,0.8783,0.5109,0.0000,-0.0000,0.0000,0.0000
2026-06-06 17:11:23.250,0,2,2,0.00,0.0000,0.0004,0.8783,0.5109,0.0000,-0.0000,0.0000,0.0000
2026-06-06 17:11:23.350,0,2,2,0.00,0.0000,0.0004,0.8783,0.5109,0.0000,-0.0000,0.0000,0.0000
2026-06-06 17:11:23.450,0,2,2,0.00,0.0000,0.0004,0.8783,0.5109,0.0000,-0.0000,0.0000,0.0000
2026-06-06 17:11:23.550,0,2,2,0.00,0.0000,0.0004,0.8783,0.5109,0.0000,-0.0000,0.0000,0.0000
2026-06-06 17:11:23.650,0,2,2,0.00,0.0000,0.0004,0.8783,0.5109,0.0000,-0.0000,0.0000,0.0000
2026-06-06 17:11:23.750,0,2,2,0.00,0.0000,0.0004,0.8783,0.5109,0.0000,-0.0000,0.0000,0.0000
2026-06-06 17:11:23.850,0,2,2,0.00,0.0000,0.0004,0.8783,0.5109,0.0000,-0.0000,0.0000,0.0000
2026-06-06 17:11:23.950,0,2,2,0.00,0.0000,0.0004,0.8783,0.5109,0.0000,-0.0000,0.0000,0.0000
2026-06-06 17:11:24.050,0,2,2,0.00,0.0000,0.0004,0.8783,0.5109,0.0000,-0.0000,0.0000,0.0000
2026-06-06 17:11:24.150,0,2,2,0.00,0.0000,0.0004,0.8783,0.5109,0.0000,-0.0000,0.0000,0.0000
2026-06-06 17:11:24.250,0,2,2,0.00,0.0000,0.0004,0.8783,0.5109,0.0000,-0.0000,0.0000,0.0000
2026-06-06 17:11:24.350,0,2,2,0.00,0.0000,0.0004,0.8783,0.5109,0.0000,-0.0000,0.0000,0.0000
2026-06-06 17:11:24.450,0,2,2,0.00,0.0000,0.0004,0.8783,0.5109,0.0000,-0.0000,0.0000,0.0000
2026-06-06 17:11:24.550,0,2,2,0.00,0.0000,0.0004,0.8783,0.5109,0.0000,-0.0000,0.0000,0.0000
2026-06-06 17:11:24.650,0,2,2,0.00,0.0000,0.0004,0.8783,0.5109,0.0000,-0.0000,0.0000,0.0000
2026-06-06 17:11:24.750,0,2,2,0.00,0.0000,0.0004,0.8783,0.5109,0.0000,-0.0000,0.0000,0.0000
2026-06-06 17:11:24.850,0,2,2,0.00,0.0000,0.0004,0.8783,0.5109,0.0000,-0.0000,0.0000,0.0000
2026-06-06 17:11:24.950,0,2,2,0.00,0.0000,0.0004,0.8783,0.5109,0.0000,-0.0000,0.0000,0.0000
2026-06-06 17:11:25.050,0,2,2,0.00,0.0000,0.0004,0.8783,0.5109,0.0000,-0.0000,0.0000,0.0000
2026-06-06 17:11:25.150,0,2,2,0.00,0.0000,0.0004,0.8783,0.5109,0.0000,-0.0000,0.0000,0.0000
2026-06-06 17:11:25.250,0,2,2,0.00,0.0000,0.0004,0.8783,0.5109,0.0000,-0.0000,0.0000,0.0000
2026-06-06 17:11:25.350,0,2,2,0.00,0.0000,0.0004,0.8783,0.5109,0.0000,-0.0000,0.0000,0.0000
2026-06-06 17:11:25.450,0,2,2,0.00,0.0000,0.0004,0.8783,0.5109,0.0000,-0.0000,0.0000,0.0000
2026-06-06 17:11:25.550,0,2,2,0.00,0.0000,0.0004,0.8783,0.5109,0.0000,-0.0000,0.0000,0.0000
2026-06-06 17:11:25.650,0,2,2,0.00,0.0000,0.0004,0.8783,0.5109,0.0000,-0.0000,0.0000,0.0000
2026-06-06 17:11:25.750,0,2,2,0.00,0.0000,0.0004,0.8783,0.5109,0.0000,-0.0000,0.0000,0.0000
2026-06-06 17:11:25.850,0,2,2,0.00,0.0000,0.0004,0.8783,0.5109,0.0000,-0.0000,0.0000,0.0000
2026-06-06 17:11:25.950,0,2,2,0.00,0.0000,0.0004,0.8783,0.5109,0.0000,-0.0000,0.0000,0.0000
2026-06-06 17:11:26.050,0,2,2,0.00,0.0000,0.0004,0.8783,0.5109,0.0000,-0.0000,0.0000,0.0000
2026-06-06 17:11:26.150,0,2,2,0.00,0.0000,0.0004,0.8783,0.5109,0.0000,-0.0000,0.0000,0.0000
2026-06-06 17:11:26.250,0,2,2,0.00,0.0000,0.0004,0.8783,0.5109,0.0000,-0.0000,0.0000,0.0000
2026-06-06 17:11:26.350,0,2,2,0.00,0.0000,0.0004,0.8783,0.5109,0.0000,-0.0000,0.0000,0.0000
2026-06-06 17:11:26.450,0,2,2,0.00,0.0000,0.0004,0.8783,0.5109,0.0000,-0.0000,0.0000,0.0000
2026-06-06 17:11:26.550,0,2,2,0.00,0.0000,0.0004,0.8783,0.5109,0.0000,-0.0000,0.0000,0.0000
2026-06-06 17:11:26.650,0,2,2,0.00,0.0000,0.0004,0.8783,0.5109,0.0000,-0.0000,0.0000,0.0000
2026-06-06 17:11:26.750,0,2,2,0.00,0.0000,0.0004,0.8783,0.5109,0.0000,-0.0000,0.0000,0.0000
2026-06-06 17:11:26.850,0,2,2,0.00,0.0000,0.0004,0.8783,0.5109,0.0000,-0.0000,0.0000,0.0000
2026-06-06 17:11:26.950,0,2,2,0.00,0.0000,0.0004,0.8783,0.5109,0.0000,-0.0000,0.0000,0.0000
2026-06-06 17:11:27.050,0,2,2,0.00,0.0000,0.0004,0.8783,0.5109,0.0000,-0.0000,0.0000,0.0000
2026-06-06 17:11:27.153,0,2,2,0.00,0.0000,0.0004,0.8783,0.5109,0.0000,-0.0000,0.0000,0.0000
2026-06-06 17:11:27.250,0,2,2,0.00,0.0000,0.0004,0.8783,0.5109,0.0000,-0.0000,0.0000,0.0000
2026-06-06 17:11:27.350,0,2,2,0.00,0.0000,0.0004,0.8783,0.5109,0.0000,-0.0000,0.0000,0.0000
2026-06-06 17:11:27.451,0,2,2,0.00,0.0000,0.0004,0.8783,0.5109,0.0000,-0.0000,0.0000,0.0000
2026-06-06 17:11:27.550,0,2,2,0.00,0.0000,0.0004,0.8783,0.5109,0.0000,-0.0000,0.0000,0.0000
2026-06-06 17:11:27.650,0,2,2,0.00,0.0000,0.0004,0.8783,0.5109,0.0000,-0.0000,0.0000,0.0000
2026-06-06 17:11:27.750,0,2,2,0.00,0.0000,0.0004,0.8783,0.5109,0.0000,-0.0000,0.0000,0.0000
2026-06-06 17:11:27.850,0,2,2,0.00,0.0000,0.0004,0.8783,0.5109,0.0000,-0.0000,0.0000,0.0000
2026-06-06 17:11:27.950,0,2,2,0.00,0.0000,0.0004,0.8783,0.5109,0.0000,-0.0000,0.0000,0.0000
2026-06-06 17:11:28.050,0,2,2,0.00,0.0000,0.0004,0.8783,0.5109,0.0000,-0.0000,0.0000,0.0000
2026-06-06 17:11:28.150,0,2,2,0.00,0.0000,0.0004,0.8783,0.5109,0.0000,-0.0000,0.0000,0.0000
2026-06-06 17:11:28.250,0,2,2,0.00,0.0000,0.0004,0.8783,0.5109,0.0000,-0.0000,0.0000,0.0000
2026-06-06 17:11:28.350,0,2,2,0.00,0.0000,0.0004,0.8783,0.5109,0.0000,-0.0000,0.0000,0.0000
2026-06-06 17:11:28.450,0,2,2,0.00,0.0000,0.0004,0.8783,0.5109,0.0000,-0.0000,0.0000,0.0000
2026-06-06 17:11:28.550,0,2,2,0.00,0.0000,0.0004,0.8783,0.5109,0.0000,-0.0000,0.0000,0.0000
2026-06-06 17:11:28.653,0,2,2,0.00,0.0000,0.0004,0.8783,0.5109,0.0000,-0.0000,0.0000,0.0000
2026-06-06 17:11:28.750,0,2,2,0.00,0.0000,0.0004,0.8783,0.5109,0.0000,-0.0000,0.0000,0.0000
2026-06-06 17:11:28.850,0,2,2,0.00,0.0000,0.0004,0.8783,0.5109,0.0000,-0.0000,0.0000,0.0000
2026-06-06 17:11:28.950,0,2,2,0.00,0.0000,0.0004,0.8783,0.5109,0.0000,-0.0000,0.0000,0.0000
2026-06-06 17:11:29.051,0,2,2,0.00,0.0000,0.0004,0.8783,0.5109,0.0000,-0.0000,0.0000,0.0000
2026-06-06 17:11:29.150,0,2,2,0.00,0.0000,0.0004,0.8783,0.5109,0.0000,-0.0000,0.0000,0.0000
2026-06-06 17:11:29.250,0,2,2,0.00,0.0000,0.0004,0.8783,0.5109,0.0000,-0.0000,0.0000,0.0000
2026-06-06 17:11:29.350,0,2,2,0.00,0.0000,0.0004,0.8783,0.5109,0.0000,-0.0000,0.0000,0.0000
2026-06-06 17:11:29.450,0,2,2,0.00,0.0000,0.0004,0.8783,0.5109,0.0000,-0.0000,0.0000,0.0000
2026-06-06 17:11:29.550,0,2,2,0.00,0.0000,0.0004,0.8783,0.5109,0.0000,-0.0000,0.0000,0.0000
2026-06-06 17:11:29.650,0,2,2,0.00,0.0000,0.0004,0.8783,0.5109,0.0000,-0.0000,0.0000,0.0000
2026-06-06 17:11:29.750,0,2,2,0.00,0.0000,0.0004,0.8783,0.5109,0.0000,-0.0000,0.0000,0.0000
2026-06-06 17:11:29.850,0,2,2,0.00,0.0000,0.0004,0.8783,0.5109,0.0000,-0.0000,0.0000,0.0000
2026-06-06 17:11:29.950,0,2,2,0.00,0.0000,0.0004,0.8783,0.5109,0.0000,-0.0000,0.0000,0.0000
2026-06-06 17:11:30.050,0,2,2,0.00,0.0000,0.0004,0.8783,0.5109,0.0000,-0.0000,0.0000,0.0000
2026-06-06 17:11:30.150,0,2,2,0.00,0.0000,0.0004,0.8783,0.5109,0.0000,-0.0000,0.0000,0.0000
2026-06-06 17:11:30.250,0,2,2,0.00,0.0000,0.0004,0.8783,0.5109,0.0000,-0.0000,0.0000,0.0000
2026-06-06 17:11:30.350,0,2,2,0.00,0.0000,0.0004,0.8783,0.5109,0.0000,-0.0000,0.0000,0.0000
2026-06-06 17:11:30.450,0,2,2,0.00,0.0000,0.0004,0.8783,0.5109,0.0000,-0.0000,0.0000,0.0000
2026-06-06 17:11:30.550,0,2,2,0.00,0.0000,0.0004,0.8783,0.5109,0.0000,-0.0000,0.0000,0.0000
2026-06-06 17:11:30.650,0,2,2,0.00,0.0000,0.0004,0.8783,0.5109,0.0000,-0.0000,0.0000,0.0000
2026-06-06 17:11:30.750,0,2,2,0.00,0.0000,0.0004,0.8783,0.5109,0.0000,-0.0000,0.0000,0.0000
2026-06-06 17:11:30.850,0,2,2,0.00,0.0000,0.0004,0.8783,0.5109,0.0000,-0.0000,0.0000,0.0000
2026-06-06 17:11:30.950,0,2,2,0.00,0.0000,0.0004,0.8783,0.5109,0.0000,-0.0000,0.0000,0.0000
2026-06-06 17:11:31.050,0,2,2,0.00,0.0000,0.0004,0.8783,0.5109,0.0000,-0.0000,0.0000,0.0000
2026-06-06 17:11:31.150,0,2,2,0.00,0.0000,0.0004,0.8783,0.5109,0.0000,-0.0000,0.0000,0.0000
2026-06-06 17:11:31.250,0,2,2,0.00,0.0000,0.0004,0.8783,0.5109,0.0000,-0.0000,0.0000,0.0000
2026-06-06 17:11:31.350,0,2,2,0.00,0.0000,0.0004,0.8783,0.5109,0.0000,-0.0000,0.0000,0.0000
2026-06-06 17:11:31.450,0,2,2,0.00,0.0000,0.0004,0.8783,0.5109,0.0000,-0.0000,0.0000,0.0000
2026-06-06 17:11:31.550,0,2,2,0.00,0.0000,0.0004,0.8783,0.5109,0.0000,-0.0000,0.0000,0.0000
2026-06-06 17:11:31.650,0,2,2,0.00,0.0000,0.0004,0.8783,0.5109,0.0000,-0.0000,0.0000,0.0000
2026-06-06 17:11:31.750,0,2,2,0.00,0.0000,0.0004,0.8783,0.5109,0.0000,-0.0000,0.0000,0.0000
2026-06-06 17:11:31.850,0,2,2,0.00,0.0000,0.0004,0.8783,0.5109,0.0000,-0.0000,0.0000,0.0000
2026-06-06 17:11:31.950,0,2,2,0.00,0.0000,0.0004,0.8783,0.5109,0.0000,-0.0000,0.0000,0.0000
2026-06-06 17:11:32.050,0,2,2,0.00,0.0000,0.0004,0.8783,0.5109,0.0000,-0.0000,0.0000,0.0000
2026-06-06 17:11:32.150,0,2,2,0.00,0.0000,0.0004,0.8783,0.5109,0.0000,-0.0000,0.0000,0.0000
2026-06-06 17:11:32.250,0,2,2,0.00,0.0000,0.0004,0.8783,0.5109,0.0000,-0.0000,0.0000,0.0000
2026-06-06 17:11:32.350,0,2,2,0.00,0.0000,0.0004,0.8783,0.5109,0.0000,-0.0000,0.0000,0.0000
2026-06-06 17:11:32.450,0,2,2,0.00,0.0000,0.0004,0.8783,0.5109,0.0000,-0.0000,0.0000,0.0000
2026-06-06 17:11:32.550,0,2,2,0.00,0.0000,0.0004,0.8783,0.5109,0.0000,-0.0000,0.0000,0.0000
2026-06-06 17:11:32.650,0,2,2,0.00,0.0000,0.0004,0.8783,0.5109,0.0000,-0.0000,0.0000,0.0000
2026-06-06 17:11:32.750,0,2,2,0.00,0.0000,0.0004,0.8783,0.5109,0.0000,-0.0000,0.0000,0.0000
2026-06-06 17:11:32.850,0,2,2,0.00,0.0000,0.0004,0.8783,0.5109,0.0000,-0.0000,0.0000,0.0000
2026-06-06 17:11:32.952,0,2,2,0.00,0.0000,0.0004,0.8783,0.5109,0.0000,-0.0000,0.0000,0.0000
2026-06-06 17:11:33.050,0,2,2,0.00,0.0000,0.0004,0.8783,0.5109,0.0000,-0.0000,0.0000,0.0000
2026-06-06 17:11:33.150,0,2,2,0.00,0.0000,0.0004,0.8783,0.5109,0.0000,-0.0000,0.0000,0.0000
2026-06-06 17:11:33.250,0,2,2,0.00,0.0000,0.0004,0.8783,0.5109,0.0000,-0.0000,0.0000,0.0000
2026-06-06 17:11:33.350,0,2,2,0.00,0.0000,0.0004,0.8783,0.5109,0.0000,-0.0000,0.0000,0.0000
2026-06-06 17:11:33.450,0,2,2,0.00,0.0000,0.0004,0.8783,0.5109,0.0000,-0.0000,0.0000,0.0000
2026-06-06 17:11:33.550,0,2,2,0.00,0.0000,0.0004,0.8783,0.5109,0.0000,-0.0000,0.0000,0.0000
2026-06-06 17:11:33.650,0,2,2,0.00,0.0000,0.0004,0.8783,0.5109,0.0000,-0.0000,0.0000,0.0000
2026-06-06 17:11:33.750,0,2,2,0.00,0.0000,0.0004,0.8783,0.5109,0.0000,-0.0000,0.0000,0.0000
2026-06-06 17:11:33.850,0,2,2,0.00,0.0000,0.0004,0.8783,0.5109,0.0000,-0.0000,0.0000,0.0000
2026-06-06 17:11:33.950,0,2,2,0.00,0.0000,0.0004,0.8783,0.5109,0.0000,-0.0000,0.0000,0.0000
2026-06-06 17:11:34.053,0,2,2,0.00,0.0000,0.0004,0.8783,0.5109,0.0000,-0.0000,0.0000,0.0000
2026-06-06 17:11:34.150,0,2,2,0.00,0.0000,0.0004,0.8783,0.5109,0.0000,-0.0000,0.0000,0.0000
2026-06-06 17:11:34.250,0,2,2,0.00,0.0000,0.0004,0.8783,0.5109,0.0000,-0.0000,0.0000,0.0000
2026-06-06 17:11:34.350,0,2,2,0.00,0.0000,0.0004,0.8783,0.5109,0.0000,-0.0000,0.0000,0.0000
2026-06-06 17:11:34.450,0,2,2,0.00,0.0000,0.0004,0.8783,0.5109,0.0000,-0.0000,0.0000,0.0000
2026-06-06 17:11:34.550,0,2,2,0.00,0.0000,0.0004,0.8783,0.5109,0.0000,-0.0000,0.0000,0.0000
2026-06-06 17:11:34.651,0,2,2,0.00,0.0000,0.0004,0.8783,0.5109,0.0000,-0.0000,0.0000,0.0000
2026-06-06 17:11:34.750,0,2,2,0.00,0.0000,0.0004,0.8783,0.5109,0.0000,-0.0000,0.0000,0.0000
2026-06-06 17:11:34.850,0,2,2,0.00,0.0000,0.0004,0.8783,0.5109,0.0000,-0.0000,0.0000,0.0000
2026-06-06 17:11:34.950,0,2,2,0.00,0.0000,0.0004,0.8783,0.5109,0.0000,-0.0000,0.0000,0.0000
2026-06-06 17:11:35.050,0,2,2,0.00,0.0000,0.0004,0.8783,0.5109,0.0000,-0.0000,0.0000,0.0000
2026-06-06 17:11:35.150,0,2,2,0.00,0.0000,0.0004,0.8783,0.5109,0.0000,-0.0000,0.0000,0.0000
2026-06-06 17:11:35.250,0,2,2,0.00,0.0000,0.0004,0.8783,0.5109,0.0000,-0.0000,0.0000,0.0000
2026-06-06 17:11:35.350,0,2,2,0.00,0.0000,0.0004,0.8783,0.5109,0.0000,-0.0000,0.0000,0.0000
2026-06-06 17:11:35.450,0,2,2,0.00,0.0000,0.0004,0.8783,0.5109,0.0000,-0.0000,0.0000,0.0000
2026-06-06 17:11:35.550,0,2,2,0.00,0.0000,0.0004,0.8783,0.5109,0.0000,-0.0000,0.0000,0.0000
2026-06-06 17:11:35.650,0,2,2,0.00,0.0000,0.0004,0.8783,0.5109,0.0000,-0.0000,0.0000,0.0000
2026-06-06 17:11:35.750,0,2,2,0.00,0.0000,0.0004,0.8783,0.5109,0.0000,-0.0000,0.0000,0.0000
2026-06-06 17:11:35.850,0,2,2,0.00,0.0000,0.0004,0.8783,0.5109,0.0000,-0.0000,0.0000,0.0000
2026-06-06 17:11:35.950,0,2,2,0.00,0.0000,0.0004,0.8783,0.5109,0.0000,-0.0000,0.0000,0.0000
2026-06-06 17:11:36.050,0,2,2,0.00,0.0000,0.0004,0.8783,0.5109,0.0000,-0.0000,0.0000,0.0000
2026-06-06 17:11:36.150,0,2,2,0.00,0.0000,0.0004,0.8783,0.5109,0.0000,-0.0000,0.0000,0.0000
2026-06-06 17:11:36.250,0,2,2,0.00,0.0000,0.0004,0.8783,0.5109,0.0000,-0.0000,0.0000,0.0000
2026-06-06 17:11:36.350,0,2,2,0.00,0.0000,0.0004,0.8783,0.5109,0.0000,-0.0000,0.0000,0.0000
2026-06-06 17:11:36.450,0,2,2,0.00,0.0000,0.0004,0.8783,0.5109,0.0000,-0.0000,0.0000,0.0000
2026-06-06 17:11:36.550,0,2,2,0.00,0.0000,0.0004,0.8783,0.5109,0.0000,-0.0000,0.0000,0.0000
2026-06-06 17:11:36.650,0,2,2,0.00,0.0000,0.0004,0.8783,0.5109,0.0000,-0.0000,0.0000,0.0000
2026-06-06 17:11:36.750,0,2,2,0.00,0.0000,0.0004,0.8783,0.5109,0.0000,-0.0000,0.0000,0.0000
2026-06-06 17:11:36.850,0,2,2,0.00,0.0000,0.0004,0.8783,0.5109,0.0000,-0.0000,0.0000,0.0000
2026-06-06 17:11:36.950,0,2,2,0.00,0.0000,0.0004,0.8783,0.5109,0.0000,-0.0000,0.0000,0.0000
2026-06-06 17:11:37.050,0,2,2,0.00,0.0000,0.0004,0.8783,0.5109,0.0000,-0.0000,0.0000,0.0000
2026-06-06 17:11:37.150,0,2,2,0.00,0.0000,0.0004,0.8783,0.5109,0.0000,-0.0000,0.0000,0.0000
2026-06-06 17:11:37.250,0,2,2,0.00,0.0000,0.0004,0.8783,0.5109,0.0000,-0.0000,0.0000,0.0000
2026-06-06 17:11:37.350,0,2,2,0.00,0.0000,0.0004,0.8783,0.5109,0.0000,-0.0000,0.0000,0.0000
2026-06-06 17:11:37.450,0,2,2,0.00,0.0000,0.0004,0.8783,0.5109,0.0000,-0.0000,0.0000,0.0000
2026-06-06 17:11:37.550,0,2,2,0.00,0.0000,0.0004,0.8783,0.5109,0.0000,-0.0000,0.0000,0.0000
2026-06-06 17:11:37.650,0,2,2,0.00,0.0000,0.0004,0.8783,0.5109,0.0000,-0.0000,0.0000,0.0000
2026-06-06 17:11:37.750,0,2,2,0.00,0.0000,0.0004,0.8783,0.5109,0.0000,-0.0000,0.0000,0.0000
2026-06-06 17:11:37.850,0,2,2,0.00,0.0000,0.0004,0.8783,0.5109,0.0000,-0.0000,0.0000,0.0000
2026-06-06 17:11:37.950,0,2,2,0.00,0.0000,0.0004,0.8783,0.5109,0.0000,-0.0000,0.0000,0.0000
2026-06-06 17:11:38.050,0,2,2,0.00,0.0000,0.0004,0.8783,0.5109,0.0000,-0.0000,0.0000,0.0000
2026-06-06 17:11:38.150,0,2,2,0.00,0.0000,0.0004,0.8783,0.5109,0.0000,-0.0000,0.0000,0.0000
2026-06-06 17:11:38.250,0,2,2,0.00,0.0000,0.0004,0.8783,0.5109,0.0000,-0.0000,0.0000,0.0000
2026-06-06 17:11:38.351,0,2,2,0.00,0.0000,0.0004,0.8783,0.5109,0.0000,-0.0000,0.0000,0.0000
2026-06-06 17:11:38.450,0,2,2,0.00,0.0000,0.0004,0.8783,0.5109,0.0000,-0.0000,0.0000,0.0000
2026-06-06 17:11:38.550,0,2,2,0.00,0.0000,0.0004,0.8783,0.5109,0.0000,-0.0000,0.0000,0.0000
2026-06-06 17:11:38.654,0,2,2,0.00,0.0000,0.0004,0.8783,0.5109,0.0000,-0.0000,0.0000,0.0000
2026-06-06 17:11:38.750,0,2,2,0.00,0.0000,0.0004,0.8783,0.5109,0.0000,-0.0000,0.0000,0.0000
2026-06-06 17:11:38.850,0,2,2,0.00,0.0000,0.0004,0.8783,0.5109,0.0000,-0.0000,0.0000,0.0000
2026-06-06 17:11:38.950,0,2,2,0.00,0.0000,0.0004,0.8783,0.5109,0.0000,-0.0000,0.0000,0.0000
2026-06-06 17:11:39.050,0,2,2,0.00,0.0000,0.0004,0.8783,0.5109,0.0000,-0.0000,0.0000,0.0000
2026-06-06 17:11:39.150,0,2,2,0.00,0.0000,0.0004,0.8783,0.5109,0.0000,-0.0000,0.0000,0.0000
2026-06-06 17:11:39.250,0,2,2,0.00,0.0000,0.0004,0.8783,0.5109,0.0000,-0.0000,0.0000,0.0000
2026-06-06 17:11:39.350,0,2,2,0.00,0.0000,0.0004,0.8783,0.5109,0.0000,-0.0000,0.0000,0.0000
2026-06-06 17:11:39.450,0,2,2,0.00,0.0000,0.0004,0.8783,0.5109,0.0000,-0.0000,0.0000,0.0000
2026-06-06 17:11:39.550,0,2,2,0.00,0.0000,0.0004,0.8783,0.5109,0.0000,-0.0000,0.0000,0.0000
2026-06-06 17:11:39.650,0,2,2,0.00,0.0000,0.0004,0.8783,0.5109,0.0000,-0.0000,0.0000,0.0000
2026-06-06 17:11:39.750,0,2,2,0.00,0.0000,0.0004,0.8783,0.5109,0.0000,-0.0000,0.0000,0.0000
2026-06-06 17:11:39.850,0,2,2,0.00,0.0000,0.0004,0.8783,0.5109,0.0000,-0.0000,0.0000,0.0000
2026-06-06 17:11:39.950,0,2,2,0.00,0.0000,0.0004,0.8783,0.5109,0.0000,-0.0000,0.0000,0.0000
2026-06-06 17:11:40.050,0,2,2,0.00,0.0000,0.0004,0.8783,0.5109,0.0000,-0.0000,0.0000,0.0000
2026-06-06 17:11:40.153,0,2,2,0.00,0.0000,0.0004,0.8783,0.5109,0.0000,-0.0000,0.0000,0.0000
2026-06-06 17:11:40.250,0,1,2,0.00,0.0000,0.0004,0.8783,0.5109,0.0000,-0.0000,0.0000,0.0000
2026-06-06 17:11:40.350,0,2,2,0.00,0.0000,0.0004,0.8783,0.5109,0.0000,-0.0000,0.0000,0.0000
2026-06-06 17:11:40.450,0,1,2,0.00,0.0000,0.0004,0.8783,0.5109,0.0000,-0.0000,0.0000,0.0000
2026-06-06 17:11:40.550,0,2,2,0.00,0.0000,0.0004,0.8783,0.5109,0.0000,-0.0000,0.0000,0.0000
2026-06-06 17:11:40.650,0,2,2,0.00,0.0000,0.0004,0.8783,0.5109,0.0000,-0.0000,0.0000,0.0000
2026-06-06 17:11:40.750,0,2,2,0.00,0.0000,0.0004,0.8783,0.5109,0.0000,-0.0000,0.0000,0.0000
2026-06-06 17:11:40.850,0,2,2,0.00,0.0000,0.0004,0.8783,0.5109,0.0000,-0.0000,0.0000,0.0000
2026-06-06 17:11:40.950,0,1,2,0.00,0.0000,0.0004,0.8783,0.5109,0.0000,-0.0000,0.0000,0.0000
2026-06-06 17:11:41.050,0,2,2,0.00,0.0000,0.0004,0.8783,0.5109,0.0000,-0.0000,0.0000,0.0000
2026-06-06 17:11:41.150,0,2,2,0.00,0.0000,0.0004,0.8783,0.5109,0.0000,-0.0000,0.0000,0.0000
2026-06-06 17:11:41.250,0,2,2,0.00,0.0000,0.0004,0.8783,0.5109,0.0000,-0.0000,0.0000,0.0000
2026-06-06 17:11:41.350,0,2,2,0.00,0.0000,0.0004,0.8783,0.5109,0.0000,-0.0000,0.0000,0.0000
2026-06-06 17:11:41.450,0,2,2,0.00,0.0000,0.0004,0.8783,0.5109,0.0000,-0.0000,0.0000,0.0000
2026-06-06 17:11:41.552,0,2,2,0.00,0.0000,0.0004,0.8783,0.5109,0.0000,-0.0000,0.0000,0.0000
2026-06-06 17:11:41.650,0,2,2,0.00,0.0000,0.0004,0.8783,0.5109,0.0000,-0.0000,0.0000,0.0000
2026-06-06 17:11:41.750,0,2,2,0.00,0.0000,0.0004,0.8783,0.5109,0.0000,-0.0000,0.0000,0.0000
2026-06-06 17:11:41.850,0,2,2,0.00,0.0000,0.0004,0.8783,0.5109,0.0000,-0.0000,0.0000,0.0000
2026-06-06 17:11:41.950,0,2,2,0.00,0.0000,0.0004,0.8783,0.5109,0.0000,-0.0000,0.0000,0.0000
2026-06-06 17:11:42.050,0,2,2,0.00,0.0000,0.0004,0.8783,0.5109,0.0000,-0.0000,0.0000,0.0000
2026-06-06 17:11:42.150,0,2,2,0.00,0.0000,0.0004,0.8783,0.5109,0.0000,-0.0000,0.0000,0.0000
2026-06-06 17:11:42.250,0,2,2,0.00,0.0000,0.0004,0.8783,0.5109,0.0000,-0.0000,0.0000,0.0000
2026-06-06 17:11:42.350,0,2,2,0.00,0.0000,0.0004,0.8783,0.5109,0.0000,-0.0000,0.0000,0.0000
2026-06-06 17:11:42.450,0,2,2,0.00,0.0000,0.0004,0.8783,0.5109,0.0000,-0.0000,0.0000,0.0000
2026-06-06 17:11:42.550,0,2,2,0.00,0.0000,0.0004,0.8783,0.5109,0.0000,-0.0000,0.0000,0.0000
2026-06-06 17:11:42.650,0,2,2,0.00,0.0000,0.0004,0.8783,0.5109,0.0000,-0.0000,0.0000,0.0000
2026-06-06 17:11:42.750,0,2,2,0.00,0.0000,0.0004,0.8783,0.5109,0.0000,-0.0000,0.0000,0.0000
2026-06-06 17:11:42.850,0,2,2,0.00,0.0000,0.0004,0.8783,0.5109,0.0000,-0.0000,0.0000,0.0000
2026-06-06 17:11:42.950,0,2,2,0.00,0.0000,0.0004,0.8783,0.5109,0.0000,-0.0000,0.0000,0.0000
2026-06-06 17:11:43.050,0,2,2,0.00,0.0000,0.0004,0.8783,0.5109,0.0000,-0.0000,0.0000,0.0000
2026-06-06 17:11:43.150,0,2,2,0.00,0.0000,0.0004,0.8783,0.5109,0.0000,-0.0000,0.0000,0.0000
2026-06-06 17:11:43.250,0,2,2,0.00,0.0000,0.0004,0.8783,0.5109,0.0000,-0.0000,0.0000,0.0000
2026-06-06 17:11:43.350,0,2,2,0.00,0.0000,0.0004,0.8783,0.5109,0.0000,-0.0000,0.0000,0.0000
2026-06-06 17:11:43.450,0,2,2,0.00,0.0000,0.0004,0.8783,0.5109,0.0000,-0.0000,0.0000,0.0000
2026-06-06 17:11:43.550,0,2,2,0.00,0.0000,0.0004,0.8783,0.5109,0.0000,-0.0000,0.0000,0.0000
2026-06-06 17:11:43.650,0,2,2,0.00,0.0000,0.0004,0.8783,0.5109,0.0000,-0.0000,0.0000,0.0000
2026-06-06 17:11:43.750,0,2,2,0.00,0.0000,0.0004,0.8783,0.5109,0.0000,-0.0000,0.0000,0.0000
2026-06-06 17:11:43.850,0,2,2,0.00,0.0000,0.0004,0.8783,0.5109,0.0000,-0.0000,0.0000,0.0000
2026-06-06 17:11:43.950,0,2,2,0.00,0.0000,0.0004,0.8783,0.5109,0.0000,-0.0000,0.0000,0.0000
2026-06-06 17:11:44.050,0,2,2,0.00,0.0000,0.0004,0.8783,0.5109,0.0000,-0.0000,0.0000,0.0000
2026-06-06 17:11:44.150,0,2,2,0.00,0.0000,0.0004,0.8783,0.5109,0.0000,-0.0000,0.0000,0.0000
2026-06-06 17:11:44.250,0,2,2,0.00,0.0000,0.0004,0.8783,0.5109,0.0000,-0.0000,0.0000,0.0000
2026-06-06 17:11:44.350,0,2,2,0.00,0.0000,0.0004,0.8783,0.5109,0.0000,-0.0000,0.0000,0.0000
2026-06-06 17:11:44.450,0,2,2,0.00,0.0000,0.0004,0.8783,0.5109,0.0000,-0.0000,0.0000,0.0000
2026-06-06 17:11:44.550,0,2,2,0.00,0.0000,0.0004,0.8783,0.5109,0.0000,-0.0000,0.0000,0.0000
2026-06-06 17:11:44.650,0,2,2,0.00,0.0000,0.0004,0.8783,0.5109,0.0000,-0.0000,0.0000,0.0000
2026-06-06 17:11:44.750,0,2,2,0.00,0.0000,0.0004,0.8783,0.5109,0.0000,-0.0000,0.0000,0.0000
2026-06-06 17:11:44.850,0,2,2,0.00,0.0000,0.0004,0.8783,0.5109,0.0000,-0.0000,0.0000,0.0000
2026-06-06 17:11:44.950,0,2,2,0.00,0.0000,0.0004,0.8783,0.5109,0.0000,-0.0000,0.0000,0.0000
2026-06-06 17:11:45.050,0,2,2,0.00,0.0000,0.0004,0.8783,0.5109,0.0000,-0.0000,0.0000,0.0000
2026-06-06 17:11:45.150,0,2,2,0.00,0.0000,0.0004,0.8783,0.5109,0.0000,-0.0000,0.0000,0.0000
2026-06-06 17:11:45.250,0,2,2,0.00,0.0000,0.0004,0.8783,0.5109,0.0000,-0.0000,0.0000,0.0000
2026-06-06 17:11:45.350,0,2,2,0.00,0.0000,0.0004,0.8783,0.5109,0.0000,-0.0000,0.0000,0.0000
2026-06-06 17:11:45.450,0,2,2,0.00,0.0000,0.0004,0.8783,0.5109,0.0000,-0.0000,0.0000,0.0000
2026-06-06 17:11:45.550,0,2,2,0.00,0.0000,0.0004,0.8783,0.5109,0.0000,-0.0000,0.0000,0.0000
2026-06-06 17:11:45.650,0,2,2,0.00,0.0000,0.0004,0.8783,0.5109,0.0000,-0.0000,0.0000,0.0000
2026-06-06 17:11:45.750,0,2,2,0.00,0.0000,0.0004,0.8783,0.5109,0.0000,-0.0000,0.0000,0.0000
2026-06-06 17:11:45.850,0,2,2,0.00,0.0000,0.0004,0.8783,0.5109,0.0000,-0.0000,0.0000,0.0000
2026-06-06 17:11:45.950,0,2,2,0.00,0.0000,0.0004,0.8783,0.5109,0.0000,-0.0000,0.0000,0.0000
2026-06-06 17:11:46.051,0,2,2,0.00,0.0000,0.0004,0.8783,0.5109,0.0000,-0.0000,0.0000,0.0000
2026-06-06 17:11:46.150,0,2,2,0.00,0.0000,0.0004,0.8783,0.5109,0.0000,-0.0000,0.0000,0.0000
2026-06-06 17:11:46.250,0,2,2,0.00,0.0000,0.0004,0.8783,0.5109,0.0000,-0.0000,0.0000,0.0000
2026-06-06 17:11:46.350,0,2,2,0.00,0.0000,0.0004,0.8783,0.5109,0.0000,-0.0000,0.0000,0.0000
2026-06-06 17:11:46.450,0,2,2,0.00,0.0000,0.0004,0.8783,0.5109,0.0000,-0.0000,0.0000,0.0000
2026-06-06 17:11:46.550,0,2,2,0.00,0.0000,0.0004,0.8783,0.5109,0.0000,-0.0000,0.0000,0.0000
2026-06-06 17:11:46.650,0,2,2,0.00,0.0000,0.0004,0.8783,0.5109,0.0000,-0.0000,0.0000,0.0000
2026-06-06 17:11:46.750,0,2,2,0.00,0.0000,0.0004,0.8783,0.5109,0.0000,-0.0000,0.0000,0.0000
2026-06-06 17:11:46.850,0,2,2,0.00,0.0000,0.0004,0.8783,0.5109,0.0000,-0.0000,0.0000,0.0000
2026-06-06 17:11:46.950,0,2,2,0.00,0.0000,0.0004,0.8783,0.5109,0.0000,-0.0000,0.0000,0.0000
2026-06-06 17:11:47.050,0,2,2,0.00,0.0000,0.0004,0.8783,0.5109,0.0000,-0.0000,0.0000,0.0000
2026-06-06 17:11:47.150,0,2,2,0.00,0.0000,0.0004,0.8783,0.5109,0.0000,-0.0000,0.0000,0.0000
2026-06-06 17:11:47.250,0,2,2,0.00,0.0000,0.0004,0.8783,0.5109,0.0000,-0.0000,0.0000,0.0000
2026-06-06 17:11:47.350,0,2,2,0.00,0.0000,0.0004,0.8783,0.5109,0.0000,-0.0000,0.0000,0.0000
2026-06-06 17:11:47.450,0,2,2,0.00,0.0000,0.0004,0.8783,0.5109,0.0000,-0.0000,0.0000,0.0000
2026-06-06 17:11:47.550,0,2,2,0.00,0.0000,0.0004,0.8783,0.5109,0.0000,-0.0000,0.0000,0.0000
2026-06-06 17:11:47.650,0,2,2,0.00,0.0000,0.0004,0.8783,0.5109,0.0000,-0.0000,0.0000,0.0000
2026-06-06 17:11:47.750,0,2,2,0.00,0.0000,0.0004,0.8783,0.5109,0.0000,-0.0000,0.0000,0.0000
2026-06-06 17:11:47.850,0,2,2,0.00,0.0000,0.0004,0.8783,0.5109,0.0000,-0.0000,0.0000,0.0000
2026-06-06 17:11:47.950,0,2,2,0.00,0.0000,0.0004,0.8783,0.5109,0.0000,-0.0000,0.0000,0.0000
2026-06-06 17:11:48.050,0,2,2,0.00,0.0000,0.0004,0.8783,0.5109,0.0000,-0.0000,0.0000,0.0000
2026-06-06 17:11:48.150,0,2,2,0.00,0.0000,0.0004,0.8783,0.5109,0.0000,-0.0000,0.0000,0.0000
2026-06-06 17:11:48.250,0,2,2,0.00,0.0000,0.0004,0.8783,0.5109,0.0000,-0.0000,0.0000,0.0000
2026-06-06 17:11:48.350,0,2,2,0.00,0.0000,0.0004,0.8783,0.5109,0.0000,-0.0000,0.0000,0.0000
2026-06-06 17:11:48.450,0,2,2,0.00,0.0000,0.0004,0.8783,0.5109,0.0000,-0.0000,0.0000,0.0000
2026-06-06 17:11:48.550,0,2,2,0.00,0.0000,0.0004,0.8783,0.5109,0.0000,-0.0000,0.0000,0.0000
2026-06-06 17:11:48.650,0,2,2,0.00,0.0000,0.0004,0.8783,0.5109,0.0000,-0.0000,0.0000,0.0000
2026-06-06 17:11:48.750,0,2,2,0.00,0.0000,0.0004,0.8783,0.5109,0.0000,-0.0000,0.0000,0.0000
2026-06-06 17:11:48.850,0,2,2,0.00,0.0000,0.0004,0.8783,0.5109,0.0000,-0.0000,0.0000,0.0000
2026-06-06 17:11:48.950,0,2,2,0.00,0.0000,0.0004,0.8783,0.5109,0.0000,-0.0000,0.0000,0.0000
2026-06-06 17:11:49.050,0,2,2,0.00,0.0000,0.0004,0.8783,0.5109,0.0000,-0.0000,0.0000,0.0000
2026-06-06 17:11:49.150,0,2,2,0.00,0.0000,0.0004,0.8783,0.5109,0.0000,-0.0000,0.0000,0.0000
2026-06-06 17:11:49.250,0,2,2,0.00,0.0000,0.0004,0.8783,0.5109,0.0000,-0.0000,0.0000,0.0000
2026-06-06 17:11:49.350,0,2,2,0.00,0.0000,0.0004,0.8783,0.5109,0.0000,-0.0000,0.0000,0.0000
2026-06-06 17:11:49.450,0,2,2,0.00,0.0000,0.0004,0.8783,0.5109,0.0000,-0.0000,0.0000,0.0000
2026-06-06 17:11:49.550,0,2,2,0.00,0.0000,0.0004,0.8783,0.5109,0.0000,-0.0000,0.0000,0.0000
2026-06-06 17:11:49.650,0,2,2,0.00,0.0000,0.0004,0.8783,0.5109,0.0000,-0.0000,0.0000,0.0000
2026-06-06 17:11:49.750,0,2,2,0.00,0.0000,0.0004,0.8783,0.5109,0.0000,-0.0000,0.0000,0.0000
2026-06-06 17:11:49.850,0,2,2,0.00,0.0000,0.0004,0.8783,0.5109,0.0000,-0.0000,0.0000,0.0000
2026-06-06 17:11:49.950,0,2,2,0.00,0.0000,0.0004,0.8783,0.5109,0.0000,-0.0000,0.0000,0.0000
2026-06-06 17:11:50.050,0,2,2,0.00,0.0000,0.0004,0.8783,0.5109,0.0000,-0.0000,0.0000,0.0000
2026-06-06 17:11:50.150,0,2,2,0.00,0.0000,0.0004,0.8783,0.5109,0.0000,-0.0000,0.0000,0.0000
2026-06-06 17:11:50.250,0,2,2,0.00,0.0000,0.0004,0.8783,0.5109,0.0000,-0.0000,0.0000,0.0000
2026-06-06 17:11:50.350,0,2,2,0.00,0.0000,0.0004,0.8783,0.5109,0.0000,-0.0000,0.0000,0.0000
2026-06-06 17:11:50.450,0,2,2,0.00,0.0000,0.0004,0.8783,0.5109,0.0000,-0.0000,0.0000,0.0000
2026-06-06 17:11:50.550,0,2,2,0.00,0.0000,0.0004,0.8783,0.5109,0.0000,-0.0000,0.0000,0.0000
2026-06-06 17:11:50.650,0,2,2,0.00,0.0000,0.0004,0.8783,0.5109,0.0000,-0.0000,0.0000,0.0000
2026-06-06 17:11:50.750,0,2,2,0.00,0.0000,0.0004,0.8783,0.5109,0.0000,-0.0000,0.0000,0.0000
2026-06-06 17:11:50.850,0,2,2,0.00,0.0000,0.0004,0.8783,0.5109,0.0000,-0.0000,0.0000,0.0000
2026-06-06 17:11:50.950,0,2,2,0.00,0.0000,0.0004,0.8783,0.5109,0.0000,-0.0000,0.0000,0.0000
2026-06-06 17:11:51.050,0,2,2,0.00,0.0000,0.0004,0.8783,0.5109,0.0000,-0.0000,0.0000,0.0000
2026-06-06 17:11:51.150,0,2,2,0.00,0.0000,0.0004,0.8783,0.5109,0.0000,-0.0000,0.0000,0.0000
2026-06-06 17:11:51.250,0,2,2,0.00,0.0000,0.0004,0.8783,0.5109,0.0000,-0.0000,0.0000,0.0000
2026-06-06 17:11:51.350,0,2,2,0.00,0.0000,0.0004,0.8783,0.5109,0.0000,-0.0000,0.0000,0.0000
2026-06-06 17:11:51.450,0,2,2,0.00,0.0000,0.0004,0.8783,0.5109,0.0000,-0.0000,0.0000,0.0000
2026-06-06 17:11:51.550,0,2,2,0.00,0.0000,0.0004,0.8783,0.5109,0.0000,-0.0000,0.0000,0.0000
2026-06-06 17:11:51.650,0,2,2,0.00,0.0000,0.0004,0.8783,0.5109,0.0000,-0.0000,0.0000,0.0000
2026-06-06 17:11:51.750,0,2,2,0.00,0.0000,0.0004,0.8783,0.5109,0.0000,-0.0000,0.0000,0.0000
2026-06-06 17:11:51.850,0,2,2,0.00,0.0000,0.0004,0.8783,0.5109,0.0000,-0.0000,0.0000,0.0000
2026-06-06 17:11:51.950,0,2,2,0.00,0.0000,0.0004,0.8783,0.5109,0.0000,-0.0000,0.0000,0.0000
2026-06-06 17:11:52.050,0,2,2,0.00,0.0000,0.0004,0.8783,0.5109,0.0000,-0.0000,0.0000,0.0000
2026-06-06 17:11:52.150,0,2,2,0.00,0.0000,0.0004,0.8783,0.5109,0.0000,-0.0000,0.0000,0.0000
2026-06-06 17:11:52.250,0,2,2,0.00,0.0000,0.0004,0.8783,0.5109,0.0000,-0.0000,0.0000,0.0000
2026-06-06 17:11:52.350,0,2,2,0.00,0.0000,0.0004,0.8783,0.5109,0.0000,-0.0000,0.0000,0.0000
2026-06-06 17:11:52.450,0,2,2,0.00,0.0000,0.0004,0.8783,0.5109,0.0000,-0.0000,0.0000,0.0000
2026-06-06 17:11:52.550,0,2,2,0.00,0.0000,0.0004,0.8783,0.5109,0.0000,-0.0000,0.0000,0.0000
2026-06-06 17:11:52.650,0,2,2,0.00,0.0000,0.0004,0.8783,0.5109,0.0000,-0.0000,0.0000,0.0000
2026-06-06 17:11:52.750,0,2,2,0.00,0.0000,0.0004,0.8783,0.5109,0.0000,-0.0000,0.0000,0.0000
2026-06-06 17:11:52.850,0,2,2,0.00,0.0000,0.0004,0.8783,0.5109,0.0000,-0.0000,0.0000,0.0000
2026-06-06 17:11:52.950,0,2,2,0.00,0.0000,0.0004,0.8783,0.5109,0.0000,-0.0000,0.0000,0.0000
2026-06-06 17:11:53.050,0,2,2,0.00,0.0000,0.0004,0.8783,0.5109,0.0000,-0.0000,0.0000,0.0000
2026-06-06 17:11:53.150,0,2,2,0.00,0.0000,0.0004,0.8783,0.5109,0.0000,-0.0000,0.0000,0.0000
2026-06-06 17:11:53.250,0,2,2,0.00,0.0000,0.0004,0.8783,0.5109,0.0000,-0.0000,0.0000,0.0000
2026-06-06 17:11:53.350,0,2,2,0.00,0.0000,0.0004,0.8783,0.5109,0.0000,-0.0000,0.0000,0.0000
2026-06-06 17:11:53.450,0,2,2,0.00,0.0000,0.0004,0.8783,0.5109,0.0000,-0.0000,0.0000,0.0000
2026-06-06 17:11:53.552,0,2,2,0.00,0.0000,0.0004,0.8783,0.5109,0.0000,-0.0000,0.0000,0.0000
2026-06-06 17:11:53.650,0,2,2,0.00,0.0000,0.0004,0.8783,0.5109,0.0000,-0.0000,0.0000,0.0000
2026-06-06 17:11:53.750,0,2,2,0.00,0.0000,0.0004,0.8783,0.5109,0.0000,-0.0000,0.0000,0.0000
2026-06-06 17:11:53.850,0,2,2,0.00,0.0000,0.0004,0.8783,0.5109,0.0000,-0.0000,0.0000,0.0000
2026-06-06 17:11:53.950,0,2,2,0.00,0.0000,0.0004,0.8783,0.5109,0.0000,-0.0000,0.0000,0.0000
2026-06-06 17:11:54.050,0,2,2,0.00,0.0000,0.0004,0.8783,0.5109,0.0000,-0.0000,0.0000,0.0000
2026-06-06 17:11:54.150,0,2,2,0.00,0.0000,0.0004,0.8783,0.5109,0.0000,-0.0000,0.0000,0.0000
2026-06-06 17:11:54.250,0,2,2,0.00,0.0000,0.0004,0.8783,0.5109,0.0000,-0.0000,0.0000,0.0000
2026-06-06 17:11:54.350,0,2,2,0.00,0.0000,0.0004,0.8783,0.5109,0.0000,-0.0000,0.0000,0.0000
2026-06-06 17:11:54.450,0,2,2,0.00,0.0000,0.0004,0.8783,0.5109,0.0000,-0.0000,0.0000,0.0000
2026-06-06 17:11:54.550,0,2,2,0.00,0.0000,0.0004,0.8783,0.5109,0.0000,-0.0000,0.0000,0.0000
2026-06-06 17:11:54.651,0,2,2,0.00,0.0000,0.0004,0.8783,0.5109,0.0000,-0.0000,0.0000,0.0000
2026-06-06 17:11:54.750,0,2,2,0.00,0.0000,0.0004,0.8783,0.5109,0.0000,-0.0000,0.0000,0.0000
2026-06-06 17:11:54.850,0,2,2,0.00,0.0000,0.0004,0.8783,0.5109,0.0000,-0.0000,0.0000,0.0000
2026-06-06 17:11:54.950,0,2,2,0.00,0.0000,0.0004,0.8783,0.5109,0.0000,-0.0000,0.0000,0.0000
2026-06-06 17:11:55.050,0,2,2,0.00,0.0000,0.0004,0.8783,0.5109,0.0000,-0.0000,0.0000,0.0000
2026-06-06 17:11:55.150,0,2,2,0.00,0.0000,0.0004,0.8783,0.5109,0.0000,-0.0000,0.0000,0.0000
2026-06-06 17:11:55.250,0,2,2,0.00,0.0000,0.0004,0.8783,0.5109,0.0000,-0.0000,0.0000,0.0000
2026-06-06 17:11:55.350,0,2,2,0.00,0.0000,0.0004,0.8783,0.5109,0.0000,-0.0000,0.0000,0.0000
2026-06-06 17:11:55.450,0,2,2,0.00,0.0000,0.0004,0.8783,0.5109,0.0000,-0.0000,0.0000,0.0000
2026-06-06 17:11:55.550,0,2,2,0.00,0.0000,0.0004,0.8783,0.5109,0.0000,-0.0000,0.0000,0.0000
2026-06-06 17:11:55.650,0,2,2,0.00,0.0000,0.0004,0.8783,0.5109,0.0000,-0.0000,0.0000,0.0000
2026-06-06 17:11:55.750,0,2,2,0.00,0.0000,0.0004,0.8783,0.5109,0.0000,-0.0000,0.0000,0.0000
2026-06-06 17:11:55.850,0,2,2,0.00,0.0000,0.0004,0.8783,0.5109,0.0000,-0.0000,0.0000,0.0000
2026-06-06 17:11:55.950,0,2,2,0.00,0.0000,0.0004,0.8783,0.5109,0.0000,-0.0000,0.0000,0.0000
2026-06-06 17:11:56.050,0,2,2,0.00,0.0000,0.0004,0.8783,0.5109,0.0000,-0.0000,0.0000,0.0000
2026-06-06 17:11:56.150,0,2,2,0.00,0.0000,0.0004,0.8783,0.5109,0.0000,-0.0000,0.0000,0.0000
2026-06-06 17:11:56.250,0,2,2,0.00,0.0000,0.0004,0.8783,0.5109,0.0000,-0.0000,0.0000,0.0000
2026-06-06 17:11:56.350,0,2,2,0.00,0.0000,0.0004,0.8783,0.5109,0.0000,-0.0000,0.0000,0.0000
2026-06-06 17:11:56.453,0,2,2,0.00,0.0000,0.0004,0.8783,0.5109,0.0000,-0.0000,0.0000,0.0000
2026-06-06 17:11:56.550,0,2,2,0.00,0.0000,0.0004,0.8783,0.5109,0.0000,-0.0000,0.0000,0.0000
2026-06-06 17:11:56.650,0,2,2,0.00,0.0000,0.0004,0.8783,0.5109,0.0000,-0.0000,0.0000,0.0000
2026-06-06 17:11:56.750,0,2,2,0.00,0.0000,0.0004,0.8783,0.5109,0.0000,-0.0000,0.0000,0.0000
2026-06-06 17:11:56.850,0,2,2,0.00,0.0000,0.0004,0.8783,0.5109,0.0000,-0.0000,0.0000,0.0000
2026-06-06 17:11:56.950,0,2,2,0.00,0.0000,0.0004,0.8783,0.5109,0.0000,-0.0000,0.0000,0.0000
2026-06-06 17:11:57.050,0,2,2,0.00,0.0000,0.0004,0.8783,0.5109,0.0000,-0.0000,0.0000,0.0000
2026-06-06 17:11:57.150,0,2,2,0.00,0.0000,0.0004,0.8783,0.5109,0.0000,-0.0000,0.0000,0.0000
2026-06-06 17:11:57.250,0,2,2,0.00,0.0000,0.0004,0.8783,0.5109,0.0000,-0.0000,0.0000,0.0000
2026-06-06 17:11:57.350,0,2,2,0.00,0.0000,0.0004,0.8783,0.5109,0.0000,-0.0000,0.0000,0.0000
2026-06-06 17:11:57.450,0,2,2,0.00,0.0000,0.0004,0.8783,0.5109,0.0000,-0.0000,0.0000,0.0000
2026-06-06 17:11:57.550,0,2,2,0.00,0.0000,0.0004,0.8783,0.5109,0.0000,-0.0000,0.0000,0.0000
2026-06-06 17:11:57.650,0,2,2,0.00,0.0000,0.0004,0.8783,0.5109,0.0000,-0.0000,0.0000,0.0000
2026-06-06 17:11:57.750,0,2,2,0.00,0.0000,0.0004,0.8783,0.5109,0.0000,-0.0000,0.0000,0.0000
2026-06-06 17:11:57.850,0,2,2,0.00,0.0000,0.0004,0.8783,0.5109,0.0000,-0.0000,0.0000,0.0000
2026-06-06 17:11:57.950,0,2,2,0.00,0.0000,0.0004,0.8783,0.5109,0.0000,-0.0000,0.0000,0.0000
2026-06-06 17:11:58.050,0,2,2,0.00,0.0000,0.0004,0.8783,0.5109,0.0000,-0.0000,0.0000,0.0000
2026-06-06 17:11:58.150,0,2,2,0.00,0.0000,0.0004,0.8783,0.5109,0.0000,-0.0000,0.0000,0.0000
2026-06-06 17:11:58.250,0,2,2,0.00,0.0000,0.0004,0.8783,0.5109,0.0000,-0.0000,0.0000,0.0000
2026-06-06 17:11:58.350,0,2,2,0.00,0.0000,0.0004,0.8783,0.5109,0.0000,-0.0000,0.0000,0.0000
2026-06-06 17:11:58.450,0,2,2,0.00,0.0000,0.0004,0.8783,0.5109,0.0000,-0.0000,0.0000,0.0000
2026-06-06 17:11:58.550,0,2,2,0.00,0.0000,0.0004,0.8783,0.5109,0.0000,-0.0000,0.0000,0.0000
2026-06-06 17:11:58.650,0,2,2,0.00,0.0000,0.0004,0.8783,0.5109,0.0000,-0.0000,0.0000,0.0000
2026-06-06 17:11:58.750,0,2,2,0.00,0.0000,0.0004,0.8783,0.5109,0.0000,-0.0000,0.0000,0.0000
2026-06-06 17:11:58.850,0,2,2,0.00,0.0000,0.0004,0.8783,0.5109,0.0000,-0.0000,0.0000,0.0000
2026-06-06 17:11:58.950,0,2,2,0.00,0.0000,0.0004,0.8783,0.5109,0.0000,-0.0000,0.0000,0.0000
2026-06-06 17:11:59.050,0,2,2,0.00,0.0000,0.0004,0.8783,0.5109,0.0000,-0.0000,0.0000,0.0000
2026-06-06 17:11:59.150,0,2,2,0.00,0.0000,0.0004,0.8783,0.5109,0.0000,-0.0000,0.0000,0.0000
2026-06-06 17:11:59.250,0,2,2,0.00,0.0000,0.0004,0.8783,0.5109,0.0000,-0.0000,0.0000,0.0000
2026-06-06 17:11:59.350,0,2,2,0.00,0.0000,0.0004,0.8783,0.5109,0.0000,-0.0000,0.0000,0.0000
2026-06-06 17:11:59.450,0,2,2,0.00,0.0000,0.0004,0.8783,0.5109,0.0000,-0.0000,0.0000,0.0000
2026-06-06 17:11:59.550,0,2,2,0.00,0.0000,0.0004,0.8783,0.5109,0.0000,-0.0000,0.0000,0.0000
2026-06-06 17:11:59.650,0,2,2,0.00,0.0000,0.0004,0.8783,0.5109,0.0000,-0.0000,0.0000,0.0000
2026-06-06 17:11:59.750,0,2,2,0.00,0.0000,0.0004,0.8783,0.5109,0.0000,-0.0000,0.0000,0.0000
2026-06-06 17:11:59.850,0,2,2,0.00,0.0000,0.0004,0.8783,0.5109,0.0000,-0.0000,0.0000,0.0000
2026-06-06 17:11:59.950,0,2,2,0.00,0.0000,0.0004,0.8783,0.5109,0.0000,-0.0000,0.0000,0.0000
2026-06-06 17:12:00.050,0,2,2,0.00,0.0000,0.0004,0.8783,0.5109,0.0000,-0.0000,0.0000,0.0000
2026-06-06 17:12:00.150,0,2,2,0.00,0.0000,0.0004,0.8783,0.5109,0.0000,-0.0000,0.0000,0.0000
2026-06-06 17:12:00.250,0,2,2,0.00,0.0000,0.0004,0.8783,0.5109,0.0000,-0.0000,0.0000,0.0000
2026-06-06 17:12:00.350,0,2,2,0.00,0.0000,0.0004,0.8783,0.5109,0.0000,-0.0000,0.0000,0.0000
2026-06-06 17:12:00.450,0,1,2,0.00,0.0000,0.0004,0.8783,0.5109,0.0000,-0.0000,0.0000,0.0000
2026-06-06 17:12:00.550,0,2,2,0.00,0.0000,0.0004,0.8783,0.5109,0.0000,-0.0000,0.0000,0.0000
2026-06-06 17:12:00.650,0,2,2,0.00,0.0000,0.0004,0.8783,0.5109,0.0000,-0.0000,0.0000,0.0000
2026-06-06 17:12:00.750,0,2,2,0.00,0.0000,0.0004,0.8783,0.5109,0.0000,-0.0000,0.0000,0.0000
2026-06-06 17:12:00.850,0,2,2,0.00,0.0000,0.0004,0.8783,0.5109,0.0000,-0.0000,0.0000,0.0000
2026-06-06 17:12:00.950,0,2,2,0.00,0.0000,0.0004,0.8783,0.5109,0.0000,-0.0000,0.0000,0.0000
2026-06-06 17:12:01.050,0,2,2,0.00,0.0000,0.0004,0.8783,0.5109,0.0000,-0.0000,0.0000,0.0000
2026-06-06 17:12:01.150,0,2,2,0.00,0.0000,0.0004,0.8783,0.5109,0.0000,-0.0000,0.0000,0.0000
2026-06-06 17:12:01.250,0,2,2,0.00,0.0000,0.0004,0.8783,0.5109,0.0000,-0.0000,0.0000,0.0000
2026-06-06 17:12:01.350,0,2,2,0.00,0.0000,0.0004,0.8783,0.5109,0.0000,-0.0000,0.0000,0.0000
2026-06-06 17:12:01.450,0,2,2,0.00,0.0000,0.0004,0.8783,0.5109,0.0000,-0.0000,0.0000,0.0000
2026-06-06 17:12:01.550,0,2,2,0.00,0.0000,0.0004,0.8783,0.5109,0.0000,-0.0000,0.0000,0.0000
2026-06-06 17:12:01.650,0,2,2,0.00,0.0000,0.0004,0.8783,0.5109,0.0000,-0.0000,0.0000,0.0000
2026-06-06 17:12:01.750,0,2,2,0.00,0.0000,0.0004,0.8783,0.5109,0.0000,-0.0000,0.0000,0.0000
2026-06-06 17:12:01.850,0,2,2,0.00,0.0000,0.0004,0.8783,0.5109,0.0000,-0.0000,0.0000,0.0000
2026-06-06 17:12:01.950,0,2,2,0.00,0.0000,0.0004,0.8783,0.5109,0.0000,-0.0000,0.0000,0.0000
2026-06-06 17:12:02.050,0,2,2,0.00,0.0000,0.0004,0.8783,0.5109,0.0000,-0.0000,0.0000,0.0000
2026-06-06 17:12:02.150,0,2,2,0.00,0.0000,0.0004,0.8783,0.5109,0.0000,-0.0000,0.0000,0.0000
2026-06-06 17:12:02.250,0,2,2,0.00,0.0000,0.0004,0.8783,0.5109,0.0000,-0.0000,0.0000,0.0000
2026-06-06 17:12:02.350,0,2,2,0.00,0.0000,0.0004,0.8783,0.5109,0.0000,-0.0000,0.0000,0.0000
2026-06-06 17:12:02.450,0,2,2,0.00,0.0000,0.0004,0.8783,0.5109,0.0000,-0.0000,0.0000,0.0000
2026-06-06 17:12:02.550,0,2,2,0.00,0.0000,0.0004,0.8783,0.5109,0.0000,-0.0000,0.0000,0.0000
2026-06-06 17:12:02.650,0,2,2,0.00,0.0000,0.0004,0.8783,0.5109,0.0000,-0.0000,0.0000,0.0000
2026-06-06 17:12:02.750,0,2,2,0.00,0.0000,0.0004,0.8783,0.5109,0.0000,-0.0000,0.0000,0.0000
2026-06-06 17:12:02.850,0,2,2,0.00,0.0000,0.0004,0.8783,0.5109,0.0000,-0.0000,0.0000,0.0000
2026-06-06 17:12:02.950,0,2,2,0.00,0.0000,0.0004,0.8783,0.5109,0.0000,-0.0000,0.0000,0.0000
2026-06-06 17:12:03.050,0,2,2,0.00,0.0000,0.0004,0.8783,0.5109,0.0000,-0.0000,0.0000,0.0000
2026-06-06 17:12:03.150,0,2,2,0.00,0.0000,0.0004,0.8783,0.5109,0.0000,-0.0000,0.0000,0.0000
2026-06-06 17:12:03.250,0,2,2,0.00,0.0000,0.0004,0.8783,0.5109,0.0000,-0.0000,0.0000,0.0000
2026-06-06 17:12:03.350,0,2,2,0.00,0.0000,0.0004,0.8783,0.5109,0.0000,-0.0000,0.0000,0.0000
2026-06-06 17:12:03.450,0,2,2,0.00,0.0000,0.0004,0.8783,0.5109,0.0000,-0.0000,0.0000,0.0000
2026-06-06 17:12:03.550,0,2,2,0.00,0.0000,0.0004,0.8783,0.5109,0.0000,-0.0000,0.0000,0.0000
2026-06-06 17:12:03.650,0,2,2,0.00,0.0000,0.0004,0.8783,0.5109,0.0000,-0.0000,0.0000,0.0000
2026-06-06 17:12:03.750,0,2,2,0.00,0.0000,0.0004,0.8783,0.5109,0.0000,-0.0000,0.0000,0.0000
2026-06-06 17:12:03.850,0,2,2,0.00,0.0000,0.0004,0.8783,0.5109,0.0000,-0.0000,0.0000,0.0000
2026-06-06 17:12:03.950,0,2,2,0.00,0.0000,0.0004,0.8783,0.5109,0.0000,-0.0000,0.0000,0.0000
2026-06-06 17:12:04.050,0,2,2,0.00,0.0000,0.0004,0.8783,0.5109,0.0000,-0.0000,0.0000,0.0000
2026-06-06 17:12:04.150,0,2,2,0.00,0.0000,0.0004,0.8783,0.5109,0.0000,-0.0000,0.0000,0.0000
2026-06-06 17:12:04.250,0,2,2,0.00,0.0000,0.0004,0.8783,0.5109,0.0000,-0.0000,0.0000,0.0000
2026-06-06 17:12:04.350,0,2,2,0.00,0.0000,0.0004,0.8783,0.5109,0.0000,-0.0000,0.0000,0.0000
2026-06-06 17:12:04.450,0,2,2,0.00,0.0000,0.0004,0.8783,0.5109,0.0000,-0.0000,0.0000,0.0000
2026-06-06 17:12:04.550,0,2,2,0.00,0.0000,0.0004,0.8783,0.5109,0.0000,-0.0000,0.0000,0.0000
2026-06-06 17:12:04.650,0,2,2,0.00,0.0000,0.0004,0.8783,0.5109,0.0000,-0.0000,0.0000,0.0000
2026-06-06 17:12:04.750,0,2,2,0.00,0.0000,0.0004,0.8783,0.5109,0.0000,-0.0000,0.0000,0.0000
2026-06-06 17:12:04.850,0,2,2,0.00,0.0000,0.0004,0.8783,0.5109,0.0000,-0.0000,0.0000,0.0000
2026-06-06 17:12:04.950,0,1,2,0.00,0.0000,0.0004,0.8783,0.5109,0.0000,-0.0000,0.0000,0.0000
2026-06-06 17:12:05.050,0,2,2,0.00,0.0000,0.0004,0.8783,0.5109,0.0000,-0.0000,0.0000,0.0000
2026-06-06 17:12:05.150,0,2,2,0.00,0.0000,0.0004,0.8783,0.5109,0.0000,-0.0000,0.0000,0.0000
2026-06-06 17:12:05.253,0,2,2,0.00,0.0000,0.0004,0.8783,0.5109,0.0000,-0.0000,0.0000,0.0000
2026-06-06 17:12:05.350,0,2,2,0.00,0.0000,0.0004,0.8783,0.5109,0.0000,-0.0000,0.0000,0.0000
2026-06-06 17:12:05.451,0,2,2,0.00,0.0000,0.0004,0.8783,0.5109,0.0000,-0.0000,0.0000,0.0000
2026-06-06 17:12:05.551,0,2,2,0.00,0.0000,0.0004,0.8783,0.5109,0.0000,-0.0000,0.0000,0.0000
2026-06-06 17:12:05.650,0,2,2,0.00,0.0000,0.0004,0.8783,0.5109,0.0000,-0.0000,0.0000,0.0000
2026-06-06 17:12:05.750,0,2,2,0.00,0.0000,0.0004,0.8783,0.5109,0.0000,-0.0000,0.0000,0.0000
2026-06-06 17:12:05.850,0,2,2,0.00,0.0000,0.0004,0.8783,0.5109,0.0000,-0.0000,0.0000,0.0000
2026-06-06 17:12:05.950,0,2,2,0.00,0.0000,0.0004,0.8783,0.5109,0.0000,-0.0000,0.0000,0.0000
2026-06-06 17:12:06.050,0,2,2,0.00,0.0000,0.0004,0.8783,0.5109,0.0000,-0.0000,0.0000,0.0000
2026-06-06 17:12:06.150,0,2,2,0.00,0.0000,0.0004,0.8783,0.5109,0.0000,-0.0000,0.0000,0.0000
2026-06-06 17:12:06.250,0,2,2,0.00,0.0000,0.0004,0.8783,0.5109,0.0000,-0.0000,0.0000,0.0000
2026-06-06 17:12:06.350,0,2,2,0.00,0.0000,0.0004,0.8783,0.5109,0.0000,-0.0000,0.0000,0.0000
2026-06-06 17:12:06.450,0,2,2,0.00,0.0000,0.0004,0.8783,0.5109,0.0000,-0.0000,0.0000,0.0000
2026-06-06 17:12:06.550,0,2,2,0.00,0.0000,0.0004,0.8783,0.5109,0.0000,-0.0000,0.0000,0.0000
2026-06-06 17:12:06.650,0,2,2,0.00,0.0000,0.0004,0.8783,0.5109,0.0000,-0.0000,0.0000,0.0000
2026-06-06 17:12:06.750,0,2,2,0.00,0.0000,0.0004,0.8783,0.5109,0.0000,-0.0000,0.0000,0.0000
2026-06-06 17:12:06.850,0,2,2,0.00,0.0000,0.0004,0.8783,0.5109,0.0000,-0.0000,0.0000,0.0000
2026-06-06 17:12:06.950,0,2,2,0.00,0.0000,0.0004,0.8783,0.5109,0.0000,-0.0000,0.0000,0.0000
2026-06-06 17:12:07.050,0,2,2,0.00,0.0000,0.0004,0.8783,0.5109,0.0000,-0.0000,0.0000,0.0000
2026-06-06 17:12:07.150,0,2,2,0.00,0.0000,0.0004,0.8783,0.5109,0.0000,-0.0000,0.0000,0.0000
2026-06-06 17:12:07.250,0,2,2,0.00,0.0000,0.0004,0.8783,0.5109,0.0000,-0.0000,0.0000,0.0000
2026-06-06 17:12:07.350,0,2,2,0.00,0.0000,0.0004,0.8783,0.5109,0.0000,-0.0000,0.0000,0.0000
2026-06-06 17:12:07.450,0,2,2,0.00,0.0000,0.0004,0.8783,0.5109,0.0000,-0.0000,0.0000,0.0000
2026-06-06 17:12:07.550,0,2,2,0.00,0.0000,0.0004,0.8783,0.5109,0.0000,-0.0000,0.0000,0.0000
2026-06-06 17:12:07.650,0,2,2,0.00,0.0000,0.0004,0.8783,0.5109,0.0000,-0.0000,0.0000,0.0000
2026-06-06 17:12:07.750,0,2,2,0.00,0.0000,0.0004,0.8783,0.5109,0.0000,-0.0000,0.0000,0.0000
2026-06-06 17:12:07.850,0,2,2,0.00,0.0000,0.0004,0.8783,0.5109,0.0000,-0.0000,0.0000,0.0000
2026-06-06 17:12:07.950,0,2,2,0.00,0.0000,0.0004,0.8783,0.5109,0.0000,-0.0000,0.0000,0.0000
2026-06-06 17:12:08.050,0,2,2,0.00,0.0000,0.0004,0.8783,0.5109,0.0000,-0.0000,0.0000,0.0000
2026-06-06 17:12:08.150,0,2,2,0.00,0.0000,0.0004,0.8783,0.5109,0.0000,-0.0000,0.0000,0.0000
2026-06-06 17:12:08.250,0,2,2,0.00,0.0000,0.0004,0.8783,0.5109,0.0000,-0.0000,0.0000,0.0000
2026-06-06 17:12:08.350,0,2,2,0.00,0.0000,0.0004,0.8783,0.5109,0.0000,-0.0000,0.0000,0.0000
2026-06-06 17:12:08.450,0,2,2,0.00,0.0000,0.0004,0.8783,0.5109,0.0000,-0.0000,0.0000,0.0000
2026-06-06 17:12:08.550,0,2,2,0.00,0.0000,0.0004,0.8783,0.5109,0.0000,-0.0000,0.0000,0.0000
2026-06-06 17:12:08.650,0,2,2,0.00,0.0000,0.0004,0.8783,0.5109,0.0000,-0.0000,0.0000,0.0000
2026-06-06 17:12:08.750,0,2,2,0.00,0.0000,0.0004,0.8783,0.5109,0.0000,-0.0000,0.0000,0.0000
2026-06-06 17:12:08.850,0,2,2,0.00,0.0000,0.0004,0.8783,0.5109,0.0000,-0.0000,0.0000,0.0000
2026-06-06 17:12:08.950,0,2,2,0.00,0.0000,0.0004,0.8783,0.5109,0.0000,-0.0000,0.0000,0.0000
2026-06-06 17:12:09.050,0,2,2,0.00,0.0000,0.0004,0.8783,0.5109,0.0000,-0.0000,0.0000,0.0000
2026-06-06 17:12:09.150,0,2,2,0.00,0.0000,0.0004,0.8783,0.5109,0.0000,-0.0000,0.0000,0.0000
2026-06-06 17:12:09.250,0,2,2,0.00,0.0000,0.0004,0.8783,0.5109,0.0000,-0.0000,0.0000,0.0000
2026-06-06 17:12:09.350,0,2,2,0.00,0.0000,0.0004,0.8783,0.5109,0.0000,-0.0000,0.0000,0.0000
2026-06-06 17:12:09.450,0,2,2,0.00,0.0000,0.0004,0.8783,0.5109,0.0000,-0.0000,0.0000,0.0000
2026-06-06 17:12:09.550,0,2,2,0.00,0.0000,0.0004,0.8783,0.5109,0.0000,-0.0000,0.0000,0.0000
2026-06-06 17:12:09.650,0,2,2,0.00,0.0000,0.0004,0.8783,0.5109,0.0000,-0.0000,0.0000,0.0000
2026-06-06 17:12:09.750,0,2,2,0.00,0.0000,0.0004,0.8783,0.5109,0.0000,-0.0000,0.0000,0.0000
2026-06-06 17:12:09.850,0,2,2,0.00,0.0000,0.0004,0.8783,0.5109,0.0000,-0.0000,0.0000,0.0000
2026-06-06 17:12:09.950,0,2,2,0.00,0.0000,0.0004,0.8783,0.5109,0.0000,-0.0000,0.0000,0.0000
2026-06-06 17:12:10.050,0,2,2,0.00,0.0000,0.0004,0.8783,0.5109,0.0000,-0.0000,0.0000,0.0000
2026-06-06 17:12:10.150,0,2,2,0.00,0.0000,0.0004,0.8783,0.5109,0.0000,-0.0000,0.0000,0.0000
2026-06-06 17:12:10.250,0,2,2,0.00,0.0000,0.0004,0.8783,0.5109,0.0000,-0.0000,0.0000,0.0000
2026-06-06 17:12:10.350,0,2,2,0.00,0.0000,0.0004,0.8783,0.5109,0.0000,-0.0000,0.0000,0.0000
2026-06-06 17:12:10.450,0,2,2,0.00,0.0000,0.0004,0.8783,0.5109,0.0000,-0.0000,0.0000,0.0000
2026-06-06 17:12:10.550,0,2,2,0.00,0.0000,0.0004,0.8783,0.5109,0.0000,-0.0000,0.0000,0.0000
2026-06-06 17:12:10.650,0,2,2,0.00,0.0000,0.0004,0.8783,0.5109,0.0000,-0.0000,0.0000,0.0000
2026-06-06 17:12:10.750,0,2,2,0.00,0.0000,0.0004,0.8783,0.5109,0.0000,-0.0000,0.0000,0.0000
2026-06-06 17:12:10.850,0,2,2,0.00,0.0000,0.0004,0.8783,0.5109,0.0000,-0.0000,0.0000,0.0000
2026-06-06 17:12:10.950,0,2,2,0.00,0.0000,0.0004,0.8783,0.5109,0.0000,-0.0000,0.0000,0.0000
2026-06-06 17:12:11.050,0,2,2,0.00,0.0000,0.0004,0.8783,0.5109,0.0000,-0.0000,0.0000,0.0000
2026-06-06 17:12:11.150,0,2,2,0.00,0.0000,0.0004,0.8783,0.5109,0.0000,-0.0000,0.0000,0.0000
2026-06-06 17:12:11.250,0,2,2,0.00,0.0000,0.0004,0.8783,0.5109,0.0000,-0.0000,0.0000,0.0000
2026-06-06 17:12:11.350,0,2,2,0.00,0.0000,0.0004,0.8783,0.5109,0.0000,-0.0000,0.0000,0.0000
2026-06-06 17:12:11.450,0,2,2,0.00,0.0000,0.0004,0.8783,0.5109,0.0000,-0.0000,0.0000,0.0000
2026-06-06 17:12:11.550,0,2,2,0.00,0.0000,0.0004,0.8783,0.5109,0.0000,-0.0000,0.0000,0.0000
2026-06-06 17:12:11.650,0,2,2,0.00,0.0000,0.0004,0.8783,0.5109,0.0000,-0.0000,0.0000,0.0000
2026-06-06 17:12:11.750,0,1,2,0.00,0.0000,0.0004,0.8783,0.5109,0.0000,-0.0000,0.0000,0.0000
2026-06-06 17:12:11.851,0,2,2,0.00,0.0000,0.0004,0.8783,0.5109,0.0000,-0.0000,0.0000,0.0000
2026-06-06 17:12:11.950,0,2,2,0.00,0.0000,0.0004,0.8783,0.5109,0.0000,-0.0000,0.0000,0.0000
2026-06-06 17:12:12.050,0,2,2,0.00,0.0000,0.0004,0.8783,0.5109,0.0000,-0.0000,0.0000,0.0000
2026-06-06 17:12:12.151,0,2,2,0.00,0.0000,0.0004,0.8783,0.5109,0.0000,-0.0000,0.0000,0.0000
2026-06-06 17:12:12.250,0,2,2,0.00,0.0000,0.0004,0.8783,0.5109,0.0000,-0.0000,0.0000,0.0000
2026-06-06 17:12:12.350,0,2,2,0.00,0.0000,0.0004,0.8783,0.5109,0.0000,-0.0000,0.0000,0.0000
2026-06-06 17:12:12.450,0,2,2,0.00,0.0000,0.0004,0.8783,0.5109,0.0000,-0.0000,0.0000,0.0000
2026-06-06 17:12:12.550,0,2,2,0.00,0.0000,0.0004,0.8783,0.5109,0.0000,-0.0000,0.0000,0.0000
2026-06-06 17:12:12.650,0,2,2,0.00,0.0000,0.0004,0.8783,0.5109,0.0000,-0.0000,0.0000,0.0000
2026-06-06 17:12:12.750,0,2,2,0.00,0.0000,0.0004,0.8783,0.5109,0.0000,-0.0000,0.0000,0.0000
2026-06-06 17:12:12.850,0,2,2,0.00,0.0000,0.0004,0.8783,0.5109,0.0000,-0.0000,0.0000,0.0000
2026-06-06 17:12:12.950,0,2,2,0.00,0.0000,0.0004,0.8783,0.5109,0.0000,-0.0000,0.0000,0.0000
2026-06-06 17:12:13.050,0,2,2,0.00,0.0000,0.0004,0.8783,0.5109,0.0000,-0.0000,0.0000,0.0000
2026-06-06 17:12:13.150,0,2,2,0.00,0.0000,0.0004,0.8783,0.5109,0.0000,-0.0000,0.0000,0.0000
2026-06-06 17:12:13.250,0,2,2,0.00,0.0000,0.0004,0.8783,0.5109,0.0000,-0.0000,0.0000,0.0000
2026-06-06 17:12:13.350,0,2,2,0.00,0.0000,0.0004,0.8783,0.5109,0.0000,-0.0000,0.0000,0.0000
2026-06-06 17:12:13.450,0,2,2,0.00,0.0000,0.0004,0.8783,0.5109,0.0000,-0.0000,0.0000,0.0000
2026-06-06 17:12:13.550,0,2,2,0.00,0.0000,0.0004,0.8783,0.5109,0.0000,-0.0000,0.0000,0.0000
2026-06-06 17:12:13.650,0,2,2,0.00,0.0000,0.0004,0.8783,0.5109,0.0000,-0.0000,0.0000,0.0000
2026-06-06 17:12:13.750,0,2,2,0.00,0.0000,0.0004,0.8783,0.5109,0.0000,-0.0000,0.0000,0.0000
2026-06-06 17:12:13.850,0,2,2,0.00,0.0000,0.0004,0.8783,0.5109,0.0000,-0.0000,0.0000,0.0000
2026-06-06 17:12:13.950,0,2,2,0.00,0.0000,0.0004,0.8783,0.5109,0.0000,-0.0000,0.0000,0.0000
2026-06-06 17:12:14.050,0,2,2,0.00,0.0000,0.0004,0.8783,0.5109,0.0000,-0.0000,0.0000,0.0000
2026-06-06 17:12:14.150,0,2,2,0.00,0.0000,0.0004,0.8783,0.5109,0.0000,-0.0000,0.0000,0.0000
2026-06-06 17:12:14.250,0,2,2,0.00,0.0000,0.0004,0.8783,0.5109,0.0000,-0.0000,0.0000,0.0000
2026-06-06 17:12:14.351,0,2,2,0.00,0.0000,0.0004,0.8783,0.5109,0.0000,-0.0000,0.0000,0.0000
2026-06-06 17:12:14.450,0,2,2,0.00,0.0000,0.0004,0.8783,0.5109,0.0000,-0.0000,0.0000,0.0000
2026-06-06 17:12:14.550,0,2,2,0.00,0.0000,0.0004,0.8783,0.5109,0.0000,-0.0000,0.0000,0.0000
2026-06-06 17:12:14.650,0,2,2,0.00,0.0000,0.0004,0.8783,0.5109,0.0000,-0.0000,0.0000,0.0000
2026-06-06 17:12:14.750,0,2,2,0.00,0.0000,0.0004,0.8783,0.5109,0.0000,-0.0000,0.0000,0.0000
2026-06-06 17:12:14.850,0,2,2,0.00,0.0000,0.0004,0.8783,0.5109,0.0000,-0.0000,0.0000,0.0000
2026-06-06 17:12:14.950,0,1,2,0.00,0.0000,0.0004,0.8783,0.5109,0.0000,-0.0000,0.0000,0.0000
2026-06-06 17:12:15.050,0,2,2,0.00,0.0000,0.0004,0.8783,0.5109,0.0000,-0.0000,0.0000,0.0000
2026-06-06 17:12:15.150,0,2,2,0.00,0.0000,0.0004,0.8783,0.5109,0.0000,-0.0000,0.0000,0.0000
2026-06-06 17:12:15.250,0,2,2,0.00,0.0000,0.0004,0.8783,0.5109,0.0000,-0.0000,0.0000,0.0000
2026-06-06 17:12:15.350,0,2,2,0.00,0.0000,0.0004,0.8783,0.5109,0.0000,-0.0000,0.0000,0.0000
2026-06-06 17:12:15.450,0,2,2,0.00,0.0000,0.0004,0.8783,0.5109,0.0000,-0.0000,0.0000,0.0000
2026-06-06 17:12:15.550,0,2,2,0.00,0.0000,0.0004,0.8783,0.5109,0.0000,-0.0000,0.0000,0.0000
2026-06-06 17:12:15.650,0,2,2,0.00,0.0000,0.0004,0.8783,0.5109,0.0000,-0.0000,0.0000,0.0000
2026-06-06 17:12:15.750,0,2,2,0.00,0.0000,0.0004,0.8783,0.5109,0.0000,-0.0000,0.0000,0.0000
2026-06-06 17:12:15.850,0,2,2,0.00,0.0000,0.0004,0.8783,0.5109,0.0000,-0.0000,0.0000,0.0000
2026-06-06 17:12:15.950,0,2,2,0.00,0.0000,0.0004,0.8783,0.5109,0.0000,-0.0000,0.0000,0.0000
2026-06-06 17:12:16.057,0,2,2,0.00,0.0000,0.0004,0.8783,0.5109,0.0000,-0.0000,0.0000,0.0000
2026-06-06 17:12:16.150,0,2,2,0.00,0.0000,0.0004,0.8783,0.5109,0.0000,-0.0000,0.0000,0.0000
2026-06-06 17:12:16.250,0,2,2,0.00,0.0000,0.0004,0.8783,0.5109,0.0000,-0.0000,0.0000,0.0000
2026-06-06 17:12:16.350,0,2,2,0.00,0.0000,0.0004,0.8783,0.5109,0.0000,-0.0000,0.0000,0.0000
2026-06-06 17:12:16.450,0,2,2,0.00,0.0000,0.0004,0.8783,0.5109,0.0000,-0.0000,0.0000,0.0000
2026-06-06 17:12:16.550,0,2,2,0.00,0.0000,0.0004,0.8783,0.5109,0.0000,-0.0000,0.0000,0.0000
2026-06-06 17:12:16.650,0,2,2,0.00,0.0000,0.0004,0.8783,0.5109,0.0000,-0.0000,0.0000,0.0000
2026-06-06 17:12:16.750,0,2,2,0.00,0.0000,0.0004,0.8783,0.5109,0.0000,-0.0000,0.0000,0.0000
2026-06-06 17:12:16.850,0,2,2,0.00,0.0000,0.0004,0.8783,0.5109,0.0000,-0.0000,0.0000,0.0000
2026-06-06 17:12:16.950,0,2,2,0.00,0.0000,0.0004,0.8783,0.5109,0.0000,-0.0000,0.0000,0.0000
2026-06-06 17:12:17.050,0,2,2,0.00,0.0000,0.0004,0.8783,0.5109,0.0000,-0.0000,0.0000,0.0000
2026-06-06 17:12:17.150,0,2,2,0.00,0.0000,0.0004,0.8783,0.5109,0.0000,-0.0000,0.0000,0.0000
2026-06-06 17:12:17.250,0,2,2,0.00,0.0000,0.0004,0.8783,0.5109,0.0000,-0.0000,0.0000,0.0000
2026-06-06 17:12:17.350,0,2,2,0.00,0.0000,0.0004,0.8783,0.5109,0.0000,-0.0000,0.0000,0.0000
2026-06-06 17:12:17.450,0,2,2,0.00,0.0000,0.0004,0.8783,0.5109,0.0000,-0.0000,0.0000,0.0000
2026-06-06 17:12:17.550,0,2,2,0.00,0.0000,0.0004,0.8783,0.5109,0.0000,-0.0000,0.0000,0.0000
2026-06-06 17:12:17.650,0,2,2,0.00,0.0000,0.0004,0.8783,0.5109,0.0000,-0.0000,0.0000,0.0000
2026-06-06 17:12:17.750,0,2,2,0.00,0.0000,0.0004,0.8783,0.5109,0.0000,-0.0000,0.0000,0.0000
2026-06-06 17:12:17.850,0,2,2,0.00,0.0000,0.0004,0.8783,0.5109,0.0000,-0.0000,0.0000,0.0000
2026-06-06 17:12:17.950,0,2,2,0.00,0.0000,0.0004,0.8783,0.5109,0.0000,-0.0000,0.0000,0.0000
2026-06-06 17:12:18.050,0,2,2,0.00,0.0000,0.0004,0.8783,0.5109,0.0000,-0.0000,0.0000,0.0000
2026-06-06 17:12:18.150,0,2,2,0.00,0.0000,0.0004,0.8783,0.5109,0.0000,-0.0000,0.0000,0.0000
2026-06-06 17:12:18.250,0,2,2,0.00,0.0000,0.0004,0.8783,0.5109,0.0000,-0.0000,0.0000,0.0000
2026-06-06 17:12:18.350,0,2,2,0.00,0.0000,0.0004,0.8783,0.5109,0.0000,-0.0000,0.0000,0.0000
2026-06-06 17:12:18.450,0,2,2,0.00,0.0000,0.0004,0.8783,0.5109,0.0000,-0.0000,0.0000,0.0000
2026-06-06 17:12:18.550,0,2,2,0.00,0.0000,0.0004,0.8783,0.5109,0.0000,-0.0000,0.0000,0.0000
2026-06-06 17:12:18.650,0,2,2,0.00,0.0000,0.0004,0.8783,0.5109,0.0000,-0.0000,0.0000,0.0000
2026-06-06 17:12:18.750,0,2,2,0.00,0.0000,0.0004,0.8783,0.5109,0.0000,-0.0000,0.0000,0.0000
2026-06-06 17:12:18.850,0,2,2,0.00,0.0000,0.0004,0.8783,0.5109,0.0000,-0.0000,0.0000,0.0000
2026-06-06 17:12:18.950,0,2,2,0.00,0.0000,0.0004,0.8783,0.5109,0.0000,-0.0000,0.0000,0.0000
2026-06-06 17:12:19.050,0,2,2,0.00,0.0000,0.0004,0.8783,0.5109,0.0000,-0.0000,0.0000,0.0000
2026-06-06 17:12:19.150,0,2,2,0.00,0.0000,0.0004,0.8783,0.5109,0.0000,-0.0000,0.0000,0.0000
2026-06-06 17:12:19.250,0,2,2,0.00,0.0000,0.0004,0.8783,0.5109,0.0000,-0.0000,0.0000,0.0000
2026-06-06 17:12:19.350,0,2,2,0.00,0.0000,0.0004,0.8783,0.5109,0.0000,-0.0000,0.0000,0.0000
2026-06-06 17:12:19.450,0,2,2,0.00,0.0000,0.0004,0.8783,0.5109,0.0000,-0.0000,0.0000,0.0000
2026-06-06 17:12:19.550,0,2,2,0.00,0.0000,0.0004,0.8783,0.5109,0.0000,-0.0000,0.0000,0.0000
2026-06-06 17:12:19.650,0,2,2,0.00,0.0000,0.0004,0.8783,0.5109,0.0000,-0.0000,0.0000,0.0000
2026-06-06 17:12:19.750,0,2,2,0.00,0.0000,0.0004,0.8783,0.5109,0.0000,-0.0000,0.0000,0.0000
2026-06-06 17:12:19.850,0,2,2,0.00,0.0000,0.0004,0.8783,0.5109,0.0000,-0.0000,0.0000,0.0000
2026-06-06 17:12:19.950,0,2,2,0.00,0.0000,0.0004,0.8783,0.5109,0.0000,-0.0000,0.0000,0.0000
2026-06-06 17:12:20.050,0,2,2,0.00,0.0000,0.0004,0.8783,0.5109,0.0000,-0.0000,0.0000,0.0000
2026-06-06 17:12:20.150,0,2,2,0.00,0.0000,0.0004,0.8783,0.5109,0.0000,-0.0000,0.0000,0.0000
2026-06-06 17:12:20.250,0,2,2,0.00,0.0000,0.0004,0.8783,0.5109,0.0000,-0.0000,0.0000,0.0000
2026-06-06 17:12:20.350,0,2,2,0.00,0.0000,0.0004,0.8783,0.5109,0.0000,-0.0000,0.0000,0.0000
2026-06-06 17:12:20.450,0,2,2,0.00,0.0000,0.0004,0.8783,0.5109,0.0000,-0.0000,0.0000,0.0000
2026-06-06 17:12:20.551,0,2,2,0.00,0.0000,0.0004,0.8783,0.5109,0.0000,-0.0000,0.0000,0.0000
2026-06-06 17:12:20.650,0,2,2,0.00,0.0000,0.0004,0.8783,0.5109,0.0000,-0.0000,0.0000,0.0000
2026-06-06 17:12:20.750,0,2,2,0.00,0.0000,0.0004,0.8783,0.5109,0.0000,-0.0000,0.0000,0.0000
2026-06-06 17:12:20.850,0,2,2,0.00,0.0000,0.0004,0.8783,0.5109,0.0000,-0.0000,0.0000,0.0000
2026-06-06 17:12:20.950,0,2,2,0.00,0.0000,0.0004,0.8783,0.5109,0.0000,-0.0000,0.0000,0.0000
2026-06-06 17:12:21.050,0,2,2,0.00,0.0000,0.0004,0.8783,0.5109,0.0000,-0.0000,0.0000,0.0000
2026-06-06 17:12:21.150,0,2,2,0.00,0.0000,0.0004,0.8783,0.5109,0.0000,-0.0000,0.0000,0.0000
2026-06-06 17:12:21.250,0,2,2,0.00,0.0000,0.0004,0.8783,0.5109,0.0000,-0.0000,0.0000,0.0000
2026-06-06 17:12:21.350,0,2,2,0.00,0.0000,0.0004,0.8783,0.5109,0.0000,-0.0000,0.0000,0.0000
2026-06-06 17:12:21.450,0,2,2,0.00,0.0000,0.0004,0.8783,0.5109,0.0000,-0.0000,0.0000,0.0000
2026-06-06 17:12:21.550,0,2,2,0.00,0.0000,0.0004,0.8783,0.5109,0.0000,-0.0000,0.0000,0.0000
2026-06-06 17:12:21.650,0,2,2,0.00,0.0000,0.0004,0.8783,0.5109,0.0000,-0.0000,0.0000,0.0000
2026-06-06 17:12:21.750,0,2,2,0.00,0.0000,0.0004,0.8783,0.5109,0.0000,-0.0000,0.0000,0.0000
2026-06-06 17:12:21.850,0,2,2,0.00,0.0000,0.0004,0.8783,0.5109,0.0000,-0.0000,0.0000,0.0000
2026-06-06 17:12:21.950,0,2,2,0.00,0.0000,0.0004,0.8783,0.5109,0.0000,-0.0000,0.0000,0.0000
2026-06-06 17:12:22.050,0,2,2,0.00,0.0000,0.0004,0.8783,0.5109,0.0000,-0.0000,0.0000,0.0000
2026-06-06 17:12:22.150,0,2,2,0.00,0.0000,0.0004,0.8783,0.5109,0.0000,-0.0000,0.0000,0.0000
2026-06-06 17:12:22.250,0,2,2,0.00,0.0000,0.0004,0.8783,0.5109,0.0000,-0.0000,0.0000,0.0000
2026-06-06 17:12:22.350,0,2,2,0.00,0.0000,0.0004,0.8783,0.5109,0.0000,-0.0000,0.0000,0.0000
2026-06-06 17:12:22.450,0,2,2,0.00,0.0000,0.0004,0.8783,0.5109,0.0000,-0.0000,0.0000,0.0000
2026-06-06 17:12:22.550,0,2,2,0.00,0.0000,0.0004,0.8783,0.5109,0.0000,-0.0000,0.0000,0.0000
2026-06-06 17:12:22.650,0,2,2,0.00,0.0000,0.0004,0.8783,0.5109,0.0000,-0.0000,0.0000,0.0000
2026-06-06 17:12:22.750,0,2,2,0.00,0.0000,0.0004,0.8783,0.5109,0.0000,-0.0000,0.0000,0.0000
2026-06-06 17:12:22.850,0,2,2,0.00,0.0000,0.0004,0.8783,0.5109,0.0000,-0.0000,0.0000,0.0000
2026-06-06 17:12:22.950,0,2,2,0.00,0.0000,0.0004,0.8783,0.5109,0.0000,-0.0000,0.0000,0.0000
2026-06-06 17:12:23.050,0,2,2,0.00,0.0000,0.0004,0.8783,0.5109,0.0000,-0.0000,0.0000,0.0000
2026-06-06 17:12:23.150,0,2,2,0.00,0.0000,0.0004,0.8783,0.5109,0.0000,-0.0000,0.0000,0.0000
2026-06-06 17:12:23.250,0,2,2,0.00,0.0000,0.0004,0.8783,0.5109,0.0000,-0.0000,0.0000,0.0000
2026-06-06 17:12:23.350,0,2,2,0.00,0.0000,0.0004,0.8783,0.5109,0.0000,-0.0000,0.0000,0.0000
2026-06-06 17:12:23.450,0,2,2,0.00,0.0000,0.0004,0.8783,0.5109,0.0000,-0.0000,0.0000,0.0000
2026-06-06 17:12:23.550,0,2,2,0.00,0.0000,0.0004,0.8783,0.5109,0.0000,-0.0000,0.0000,0.0000
2026-06-06 17:12:23.650,0,2,2,0.00,0.0000,0.0004,0.8783,0.5109,0.0000,-0.0000,0.0000,0.0000
2026-06-06 17:12:23.750,0,2,2,0.00,0.0000,0.0004,0.8783,0.5109,0.0000,-0.0000,0.0000,0.0000
2026-06-06 17:12:23.850,0,2,2,0.00,0.0000,0.0004,0.8783,0.5109,0.0000,-0.0000,0.0000,0.0000
2026-06-06 17:12:23.950,0,2,2,0.00,0.0000,0.0004,0.8783,0.5109,0.0000,-0.0000,0.0000,0.0000
2026-06-06 17:12:24.050,0,2,2,0.00,0.0000,0.0004,0.8783,0.5109,0.0000,-0.0000,0.0000,0.0000
2026-06-06 17:12:24.150,0,2,2,0.00,0.0000,0.0004,0.8783,0.5109,0.0000,-0.0000,0.0000,0.0000
2026-06-06 17:12:24.250,0,2,2,0.00,0.0000,0.0004,0.8783,0.5109,0.0000,-0.0000,0.0000,0.0000
2026-06-06 17:12:24.350,0,2,2,0.00,0.0000,0.0004,0.8783,0.5109,0.0000,-0.0000,0.0000,0.0000
2026-06-06 17:12:24.450,0,2,2,0.00,0.0000,0.0004,0.8783,0.5109,0.0000,-0.0000,0.0000,0.0000
2026-06-06 17:12:24.550,0,2,2,0.00,0.0000,0.0004,0.8783,0.5109,0.0000,-0.0000,0.0000,0.0000
2026-06-06 17:12:24.650,0,2,2,0.00,0.0000,0.0004,0.8783,0.5109,0.0000,-0.0000,0.0000,0.0000
2026-06-06 17:12:24.750,0,2,2,0.00,0.0000,0.0004,0.8783,0.5109,0.0000,-0.0000,0.0000,0.0000
2026-06-06 17:12:24.850,0,2,2,0.00,0.0000,0.0004,0.8783,0.5109,0.0000,-0.0000,0.0000,0.0000
2026-06-06 17:12:24.950,0,2,2,0.00,0.0000,0.0004,0.8783,0.5109,0.0000,-0.0000,0.0000,0.0000
2026-06-06 17:12:25.050,0,2,2,0.00,0.0000,0.0004,0.8783,0.5109,0.0000,-0.0000,0.0000,0.0000
2026-06-06 17:12:25.150,0,2,2,0.00,0.0000,0.0004,0.8783,0.5109,0.0000,-0.0000,0.0000,0.0000
2026-06-06 17:12:25.250,0,2,2,0.00,0.0000,0.0004,0.8783,0.5109,0.0000,-0.0000,0.0000,0.0000
2026-06-06 17:12:25.352,0,2,2,0.00,0.0000,0.0004,0.8783,0.5109,0.0000,-0.0000,0.0000,0.0000
2026-06-06 17:12:25.450,0,2,2,0.00,0.0000,0.0004,0.8783,0.5109,0.0000,-0.0000,0.0000,0.0000
2026-06-06 17:12:25.550,0,2,2,0.00,0.0000,0.0004,0.8783,0.5109,0.0000,-0.0000,0.0000,0.0000
2026-06-06 17:12:25.650,0,2,2,0.00,0.0000,0.0004,0.8783,0.5109,0.0000,-0.0000,0.0000,0.0000
2026-06-06 17:12:25.750,0,2,2,0.00,0.0000,0.0004,0.8783,0.5109,0.0000,-0.0000,0.0000,0.0000
2026-06-06 17:12:25.850,0,2,2,0.00,0.0000,0.0004,0.8783,0.5109,0.0000,-0.0000,0.0000,0.0000
2026-06-06 17:12:25.950,0,2,2,0.00,0.0000,0.0004,0.8783,0.5109,0.0000,-0.0000,0.0000,0.0000
2026-06-06 17:12:26.050,0,2,2,0.00,0.0000,0.0004,0.8783,0.5109,0.0000,-0.0000,0.0000,0.0000
2026-06-06 17:12:26.150,0,2,2,0.00,0.0000,0.0004,0.8783,0.5109,0.0000,-0.0000,0.0000,0.0000
2026-06-06 17:12:26.250,0,2,2,0.00,0.0000,0.0004,0.8783,0.5109,0.0000,-0.0000,0.0000,0.0000
2026-06-06 17:12:26.350,0,2,2,0.00,0.0000,0.0004,0.8783,0.5109,0.0000,-0.0000,0.0000,0.0000
2026-06-06 17:12:26.450,0,2,2,0.00,0.0000,0.0004,0.8783,0.5109,0.0000,-0.0000,0.0000,0.0000
2026-06-06 17:12:26.550,0,2,2,0.00,0.0000,0.0004,0.8783,0.5109,0.0000,-0.0000,0.0000,0.0000
2026-06-06 17:12:26.650,0,2,2,0.00,0.0000,0.0004,0.8783,0.5109,0.0000,-0.0000,0.0000,0.0000
2026-06-06 17:12:26.750,0,2,2,0.00,0.0000,0.0004,0.8783,0.5109,0.0000,-0.0000,0.0000,0.0000
2026-06-06 17:12:26.850,0,2,2,0.00,0.0000,0.0004,0.8783,0.5109,0.0000,-0.0000,0.0000,0.0000
2026-06-06 17:12:26.950,0,2,2,0.00,0.0000,0.0004,0.8783,0.5109,0.0000,-0.0000,0.0000,0.0000
2026-06-06 17:12:27.050,0,2,2,0.00,0.0000,0.0004,0.8783,0.5109,0.0000,-0.0000,0.0000,0.0000
2026-06-06 17:12:27.150,0,2,2,0.00,0.0000,0.0004,0.8783,0.5109,0.0000,-0.0000,0.0000,0.0000
2026-06-06 17:12:27.250,0,2,2,0.00,0.0000,0.0004,0.8783,0.5109,0.0000,-0.0000,0.0000,0.0000
2026-06-06 17:12:27.350,0,2,2,0.00,0.0000,0.0004,0.8783,0.5109,0.0000,-0.0000,0.0000,0.0000
2026-06-06 17:12:27.450,0,2,2,0.00,0.0000,0.0004,0.8783,0.5109,0.0000,-0.0000,0.0000,0.0000
2026-06-06 17:12:27.550,0,2,2,0.00,0.0000,0.0004,0.8783,0.5109,0.0000,-0.0000,0.0000,0.0000
2026-06-06 17:12:27.650,0,2,2,0.00,0.0000,0.0004,0.8783,0.5109,0.0000,-0.0000,0.0000,0.0000
2026-06-06 17:12:27.750,0,2,2,0.00,0.0000,0.0004,0.8783,0.5109,0.0000,-0.0000,0.0000,0.0000
2026-06-06 17:12:27.850,0,2,2,0.00,0.0000,0.0004,0.8783,0.5109,0.0000,-0.0000,0.0000,0.0000
2026-06-06 17:12:27.950,0,2,2,0.00,0.0000,0.0004,0.8783,0.5109,0.0000,-0.0000,0.0000,0.0000
2026-06-06 17:12:28.050,0,2,2,0.00,0.0000,0.0004,0.8783,0.5109,0.0000,-0.0000,0.0000,0.0000
2026-06-06 17:12:28.150,0,2,2,0.00,0.0000,0.0004,0.8783,0.5109,0.0000,-0.0000,0.0000,0.0000
2026-06-06 17:12:28.250,0,2,2,0.00,0.0000,0.0004,0.8783,0.5109,0.0000,-0.0000,0.0000,0.0000
2026-06-06 17:12:28.350,0,2,2,0.00,0.0000,0.0004,0.8783,0.5109,0.0000,-0.0000,0.0000,0.0000
2026-06-06 17:12:28.450,0,2,2,0.00,0.0000,0.0004,0.8783,0.5109,0.0000,-0.0000,0.0000,0.0000
2026-06-06 17:12:28.550,0,2,2,0.00,0.0000,0.0004,0.8783,0.5109,0.0000,-0.0000,0.0000,0.0000
2026-06-06 17:12:28.650,0,2,2,0.00,0.0000,0.0004,0.8783,0.5109,0.0000,-0.0000,0.0000,0.0000
2026-06-06 17:12:28.750,0,2,2,0.00,0.0000,0.0004,0.8783,0.5109,0.0000,-0.0000,0.0000,0.0000
2026-06-06 17:12:28.850,0,2,2,0.00,0.0000,0.0004,0.8783,0.5109,0.0000,-0.0000,0.0000,0.0000
2026-06-06 17:12:28.950,0,2,2,0.00,0.0000,0.0004,0.8783,0.5109,0.0000,-0.0000,0.0000,0.0000
2026-06-06 17:12:29.050,0,2,2,0.00,0.0000,0.0004,0.8783,0.5109,0.0000,-0.0000,0.0000,0.0000
2026-06-06 17:12:29.150,0,2,2,0.00,0.0000,0.0004,0.8783,0.5109,0.0000,-0.0000,0.0000,0.0000
2026-06-06 17:12:29.250,0,2,2,0.00,0.0000,0.0004,0.8783,0.5109,0.0000,-0.0000,0.0000,0.0000
2026-06-06 17:12:29.350,0,2,2,0.00,0.0000,0.0004,0.8783,0.5109,0.0000,-0.0000,0.0000,0.0000
2026-06-06 17:12:29.450,0,2,2,0.00,0.0000,0.0004,0.8783,0.5109,0.0000,-0.0000,0.0000,0.0000
2026-06-06 17:12:29.550,0,2,2,0.00,0.0000,0.0004,0.8783,0.5109,0.0000,-0.0000,0.0000,0.0000
2026-06-06 17:12:29.650,0,2,2,0.00,0.0000,0.0004,0.8783,0.5109,0.0000,-0.0000,0.0000,0.0000
2026-06-06 17:12:29.750,0,2,2,0.00,0.0000,0.0004,0.8783,0.5109,0.0000,-0.0000,0.0000,0.0000
2026-06-06 17:12:29.850,0,2,2,0.00,0.0000,0.0004,0.8783,0.5109,0.0000,-0.0000,0.0000,0.0000
2026-06-06 17:12:29.950,0,1,2,0.00,0.0000,0.0004,0.8783,0.5109,0.0000,-0.0000,0.0000,0.0000
2026-06-06 17:12:30.050,0,2,2,0.00,0.0000,0.0004,0.8783,0.5109,0.0000,-0.0000,0.0000,0.0000
2026-06-06 17:12:30.150,0,2,2,0.00,0.0000,0.0004,0.8783,0.5109,0.0000,-0.0000,0.0000,0.0000
2026-06-06 17:12:30.250,0,2,2,0.00,0.0000,0.0004,0.8783,0.5109,0.0000,-0.0000,0.0000,0.0000
2026-06-06 17:12:30.350,0,2,2,0.00,0.0000,0.0004,0.8783,0.5109,0.0000,-0.0000,0.0000,0.0000
2026-06-06 17:12:30.450,0,2,2,0.00,0.0000,0.0004,0.8783,0.5109,0.0000,-0.0000,0.0000,0.0000
2026-06-06 17:12:30.550,0,2,2,0.00,0.0000,0.0004,0.8783,0.5109,0.0000,-0.0000,0.0000,0.0000
2026-06-06 17:12:30.650,0,2,2,0.00,0.0000,0.0004,0.8783,0.5109,0.0000,-0.0000,0.0000,0.0000
2026-06-06 17:12:30.750,0,2,2,0.00,0.0000,0.0004,0.8783,0.5109,0.0000,-0.0000,0.0000,0.0000
2026-06-06 17:12:30.850,0,2,2,0.00,0.0000,0.0004,0.8783,0.5109,0.0000,-0.0000,0.0000,0.0000
2026-06-06 17:12:30.950,0,2,2,0.00,0.0000,0.0004,0.8783,0.5109,0.0000,-0.0000,0.0000,0.0000
2026-06-06 17:12:31.050,0,2,2,0.00,0.0000,0.0004,0.8783,0.5109,0.0000,-0.0000,0.0000,0.0000
2026-06-06 17:12:31.150,0,2,2,0.00,0.0000,0.0004,0.8783,0.5109,0.0000,-0.0000,0.0000,0.0000
2026-06-06 17:12:31.250,0,2,2,0.00,0.0000,0.0004,0.8783,0.5109,0.0000,-0.0000,0.0000,0.0000
2026-06-06 17:12:31.350,0,2,2,0.00,0.0000,0.0004,0.8783,0.5109,0.0000,-0.0000,0.0000,0.0000
2026-06-06 17:12:31.450,0,2,2,0.00,0.0000,0.0004,0.8783,0.5109,0.0000,-0.0000,0.0000,0.0000
2026-06-06 17:12:31.550,0,2,2,0.00,0.0000,0.0004,0.8783,0.5109,0.0000,-0.0000,0.0000,0.0000
2026-06-06 17:12:31.650,0,2,2,0.00,0.0000,0.0004,0.8783,0.5109,0.0000,-0.0000,0.0000,0.0000
2026-06-06 17:12:31.750,0,2,2,0.00,0.0000,0.0004,0.8783,0.5109,0.0000,-0.0000,0.0000,0.0000
2026-06-06 17:12:31.850,0,2,2,0.00,0.0000,0.0004,0.8783,0.5109,0.0000,-0.0000,0.0000,0.0000
2026-06-06 17:12:31.950,0,2,2,0.00,0.0000,0.0004,0.8783,0.5109,0.0000,-0.0000,0.0000,0.0000
2026-06-06 17:12:32.050,0,2,2,0.00,0.0000,0.0004,0.8783,0.5109,0.0000,-0.0000,0.0000,0.0000
2026-06-06 17:12:32.150,0,2,2,0.00,0.0000,0.0004,0.8783,0.5109,0.0000,-0.0000,0.0000,0.0000
2026-06-06 17:12:32.250,0,2,2,0.00,0.0000,0.0004,0.8783,0.5109,0.0000,-0.0000,0.0000,0.0000
2026-06-06 17:12:32.350,0,2,2,0.00,0.0000,0.0004,0.8783,0.5109,0.0000,-0.0000,0.0000,0.0000
2026-06-06 17:12:32.450,0,2,2,0.00,0.0000,0.0004,0.8783,0.5109,0.0000,-0.0000,0.0000,0.0000
2026-06-06 17:12:32.550,0,2,2,0.00,0.0000,0.0004,0.8783,0.5109,0.0000,-0.0000,0.0000,0.0000
2026-06-06 17:12:32.650,0,2,2,0.00,0.0000,0.0004,0.8783,0.5109,0.0000,-0.0000,0.0000,0.0000
2026-06-06 17:12:32.750,0,2,2,0.00,0.0000,0.0004,0.8783,0.5109,0.0000,-0.0000,0.0000,0.0000
2026-06-06 17:12:32.851,0,2,2,0.00,0.0000,0.0004,0.8783,0.5109,0.0000,-0.0000,0.0000,0.0000
2026-06-06 17:12:32.950,0,2,2,0.00,0.0000,0.0004,0.8783,0.5109,0.0000,-0.0000,0.0000,0.0000
2026-06-06 17:12:33.050,0,2,2,0.00,0.0000,0.0004,0.8783,0.5109,0.0000,-0.0000,0.0000,0.0000
2026-06-06 17:12:33.150,0,2,2,0.00,0.0000,0.0004,0.8783,0.5109,0.0000,-0.0000,0.0000,0.0000
2026-06-06 17:12:33.250,0,2,2,0.00,0.0000,0.0004,0.8783,0.5109,0.0000,-0.0000,0.0000,0.0000
2026-06-06 17:12:33.350,0,2,2,0.00,0.0000,0.0004,0.8783,0.5109,0.0000,-0.0000,0.0000,0.0000
2026-06-06 17:12:33.450,0,2,2,0.00,0.0000,0.0004,0.8783,0.5109,0.0000,-0.0000,0.0000,0.0000
2026-06-06 17:12:33.550,0,2,2,0.00,0.0000,0.0004,0.8783,0.5109,0.0000,-0.0000,0.0000,0.0000
2026-06-06 17:12:33.650,0,2,2,0.00,0.0000,0.0004,0.8783,0.5109,0.0000,-0.0000,0.0000,0.0000
2026-06-06 17:12:33.750,0,2,2,0.00,0.0000,0.0004,0.8783,0.5109,0.0000,-0.0000,0.0000,0.0000
2026-06-06 17:12:33.850,0,2,2,0.00,0.0000,0.0004,0.8783,0.5109,0.0000,-0.0000,0.0000,0.0000
2026-06-06 17:12:33.950,0,2,2,0.00,0.0000,0.0004,0.8783,0.5109,0.0000,-0.0000,0.0000,0.0000
2026-06-06 17:12:34.050,0,2,2,0.00,0.0000,0.0004,0.8783,0.5109,0.0000,-0.0000,0.0000,0.0000
2026-06-06 17:12:34.150,0,2,2,0.00,0.0000,0.0004,0.8783,0.5109,0.0000,-0.0000,0.0000,0.0000
2026-06-06 17:12:34.250,0,2,2,0.00,0.0000,0.0004,0.8783,0.5109,0.0000,-0.0000,0.0000,0.0000
2026-06-06 17:12:34.350,0,2,2,0.00,0.0000,0.0004,0.8783,0.5109,0.0000,-0.0000,0.0000,0.0000
2026-06-06 17:12:34.450,0,2,2,0.00,0.0000,0.0004,0.8783,0.5109,0.0000,-0.0000,0.0000,0.0000
2026-06-06 17:12:34.550,0,2,2,0.00,0.0000,0.0004,0.8783,0.5109,0.0000,-0.0000,0.0000,0.0000
2026-06-06 17:12:34.650,0,2,2,0.00,0.0000,0.0004,0.8783,0.5109,0.0000,-0.0000,0.0000,0.0000
2026-06-06 17:12:34.750,0,2,2,0.00,0.0000,0.0004,0.8783,0.5109,0.0000,-0.0000,0.0000,0.0000
2026-06-06 17:12:34.850,0,2,2,0.00,0.0000,0.0004,0.8783,0.5109,0.0000,-0.0000,0.0000,0.0000
2026-06-06 17:12:34.950,0,2,2,0.00,0.0000,0.0004,0.8783,0.5109,0.0000,-0.0000,0.0000,0.0000
2026-06-06 17:12:35.050,0,2,2,0.00,0.0000,0.0004,0.8783,0.5109,0.0000,-0.0000,0.0000,0.0000
2026-06-06 17:12:35.150,0,2,2,0.00,0.0000,0.0004,0.8783,0.5109,0.0000,-0.0000,0.0000,0.0000
2026-06-06 17:12:35.250,0,2,2,0.00,0.0000,0.0004,0.8783,0.5109,0.0000,-0.0000,0.0000,0.0000
2026-06-06 17:12:35.350,0,2,2,0.00,0.0000,0.0004,0.8783,0.5109,0.0000,-0.0000,0.0000,0.0000
2026-06-06 17:12:35.450,0,2,2,0.00,0.0000,0.0004,0.8783,0.5109,0.0000,-0.0000,0.0000,0.0000
2026-06-06 17:12:35.550,0,2,2,0.00,0.0000,0.0004,0.8783,0.5109,0.0000,-0.0000,0.0000,0.0000
2026-06-06 17:12:35.650,0,2,2,0.00,0.0000,0.0004,0.8783,0.5109,0.0000,-0.0000,0.0000,0.0000
2026-06-06 17:12:35.750,0,2,2,0.00,0.0000,0.0004,0.8783,0.5109,0.0000,-0.0000,0.0000,0.0000
2026-06-06 17:12:35.850,0,2,2,0.00,0.0000,0.0004,0.8783,0.5109,0.0000,-0.0000,0.0000,0.0000
2026-06-06 17:12:35.950,0,2,2,0.00,0.0000,0.0004,0.8783,0.5109,0.0000,-0.0000,0.0000,0.0000
2026-06-06 17:12:36.050,0,2,2,0.00,0.0000,0.0004,0.8783,0.5109,0.0000,-0.0000,0.0000,0.0000
2026-06-06 17:12:36.150,0,2,2,0.00,0.0000,0.0004,0.8783,0.5109,0.0000,-0.0000,0.0000,0.0000
2026-06-06 17:12:36.250,0,2,2,0.00,0.0000,0.0004,0.8783,0.5109,0.0000,-0.0000,0.0000,0.0000
2026-06-06 17:12:36.350,0,2,2,0.00,0.0000,0.0004,0.8783,0.5109,0.0000,-0.0000,0.0000,0.0000
2026-06-06 17:12:36.450,0,2,2,0.00,0.0000,0.0004,0.8783,0.5109,0.0000,-0.0000,0.0000,0.0000
2026-06-06 17:12:36.550,0,2,2,0.00,0.0000,0.0004,0.8783,0.5109,0.0000,-0.0000,0.0000,0.0000
2026-06-06 17:12:36.650,0,2,2,0.00,0.0000,0.0004,0.8783,0.5109,0.0000,-0.0000,0.0000,0.0000
2026-06-06 17:12:36.750,0,2,2,0.00,0.0000,0.0004,0.8783,0.5109,0.0000,-0.0000,0.0000,0.0000
2026-06-06 17:12:36.850,0,2,2,0.00,0.0000,0.0004,0.8783,0.5109,0.0000,-0.0000,0.0000,0.0000
2026-06-06 17:12:36.950,0,2,2,0.00,0.0000,0.0004,0.8783,0.5109,0.0000,-0.0000,0.0000,0.0000
2026-06-06 17:12:37.050,0,2,2,0.00,0.0000,0.0004,0.8783,0.5109,0.0000,-0.0000,0.0000,0.0000
2026-06-06 17:12:37.150,0,2,2,0.00,0.0000,0.0004,0.8783,0.5109,0.0000,-0.0000,0.0000,0.0000
2026-06-06 17:12:37.250,0,2,2,0.00,0.0000,0.0004,0.8783,0.5109,0.0000,-0.0000,0.0000,0.0000
2026-06-06 17:12:37.350,0,2,2,0.00,0.0000,0.0004,0.8783,0.5109,0.0000,-0.0000,0.0000,0.0000
2026-06-06 17:12:37.450,0,2,2,0.00,0.0000,0.0004,0.8783,0.5109,0.0000,-0.0000,0.0000,0.0000
2026-06-06 17:12:37.550,0,2,2,0.00,0.0000,0.0004,0.8783,0.5109,0.0000,-0.0000,0.0000,0.0000
2026-06-06 17:12:37.650,0,2,2,0.00,0.0000,0.0004,0.8783,0.5109,0.0000,-0.0000,0.0000,0.0000
2026-06-06 17:12:37.750,0,2,2,0.00,0.0000,0.0004,0.8783,0.5109,0.0000,-0.0000,0.0000,0.0000
2026-06-06 17:12:37.850,0,2,2,0.00,0.0000,0.0004,0.8783,0.5109,0.0000,-0.0000,0.0000,0.0000
2026-06-06 17:12:37.950,0,2,2,0.00,0.0000,0.0004,0.8783,0.5109,0.0000,-0.0000,0.0000,0.0000
2026-06-06 17:12:38.050,0,2,2,0.00,0.0000,0.0004,0.8783,0.5109,0.0000,-0.0000,0.0000,0.0000
2026-06-06 17:12:38.150,0,2,2,0.00,0.0000,0.0004,0.8783,0.5109,0.0000,-0.0000,0.0000,0.0000
2026-06-06 17:12:38.250,0,2,2,0.00,0.0000,0.0004,0.8783,0.5109,0.0000,-0.0000,0.0000,0.0000
2026-06-06 17:12:38.350,0,2,2,0.00,0.0000,0.0004,0.8783,0.5109,0.0000,-0.0000,0.0000,0.0000
2026-06-06 17:12:38.450,0,2,2,0.00,0.0000,0.0004,0.8783,0.5109,0.0000,-0.0000,0.0000,0.0000
2026-06-06 17:12:38.550,0,2,2,0.00,0.0000,0.0004,0.8783,0.5109,0.0000,-0.0000,0.0000,0.0000
2026-06-06 17:12:38.650,0,2,2,0.00,0.0000,0.0004,0.8783,0.5109,0.0000,-0.0000,0.0000,0.0000
2026-06-06 17:12:38.750,0,2,2,0.00,0.0000,0.0004,0.8783,0.5109,0.0000,-0.0000,0.0000,0.0000
2026-06-06 17:12:38.853,0,2,2,0.00,0.0000,0.0004,0.8783,0.5109,0.0000,-0.0000,0.0000,0.0000
2026-06-06 17:12:38.950,0,2,2,0.00,0.0000,0.0004,0.8783,0.5109,0.0000,-0.0000,0.0000,0.0000
2026-06-06 17:12:39.050,0,2,2,0.00,0.0000,0.0004,0.8783,0.5109,0.0000,-0.0000,0.0000,0.0000
2026-06-06 17:12:39.150,0,2,2,0.00,0.0000,0.0004,0.8783,0.5109,0.0000,-0.0000,0.0000,0.0000
2026-06-06 17:12:39.250,0,2,2,0.00,0.0000,0.0004,0.8783,0.5109,0.0000,-0.0000,0.0000,0.0000
2026-06-06 17:12:39.350,0,2,2,0.00,0.0000,0.0004,0.8783,0.5109,0.0000,-0.0000,0.0000,0.0000
2026-06-06 17:12:39.451,0,2,2,0.00,0.0000,0.0004,0.8783,0.5109,0.0000,-0.0000,0.0000,0.0000
2026-06-06 17:12:39.550,0,2,2,0.00,0.0000,0.0004,0.8783,0.5109,0.0000,-0.0000,0.0000,0.0000
2026-06-06 17:12:39.650,0,2,2,0.00,0.0000,0.0004,0.8783,0.5109,0.0000,-0.0000,0.0000,0.0000
2026-06-06 17:12:39.750,0,2,2,0.00,0.0000,0.0004,0.8783,0.5109,0.0000,-0.0000,0.0000,0.0000
2026-06-06 17:12:39.851,0,2,2,0.00,0.0000,0.0004,0.8783,0.5109,0.0000,-0.0000,0.0000,0.0000
2026-06-06 17:12:39.950,0,2,2,0.00,0.0000,0.0004,0.8783,0.5109,0.0000,-0.0000,0.0000,0.0000
2026-06-06 17:12:40.050,0,2,2,0.00,0.0000,0.0004,0.8783,0.5109,0.0000,-0.0000,0.0000,0.0000
2026-06-06 17:12:40.150,0,2,2,0.00,0.0000,0.0004,0.8783,0.5109,0.0000,-0.0000,0.0000,0.0000
2026-06-06 17:12:40.250,0,2,2,0.00,0.0000,0.0004,0.8783,0.5109,0.0000,-0.0000,0.0000,0.0000
2026-06-06 17:12:40.350,0,2,2,0.00,0.0000,0.0004,0.8783,0.5109,0.0000,-0.0000,0.0000,0.0000
2026-06-06 17:12:40.450,0,2,2,0.00,0.0000,0.0004,0.8783,0.5109,0.0000,-0.0000,0.0000,0.0000
2026-06-06 17:12:40.550,0,2,2,0.00,0.0000,0.0004,0.8783,0.5109,0.0000,-0.0000,0.0000,0.0000
2026-06-06 17:12:40.652,0,2,2,0.00,0.0000,0.0004,0.8783,0.5109,0.0000,-0.0000,0.0000,0.0000
2026-06-06 17:12:40.750,0,2,2,0.00,0.0000,0.0004,0.8783,0.5109,0.0000,-0.0000,0.0000,0.0000
2026-06-06 17:12:40.850,0,2,2,0.00,0.0000,0.0004,0.8783,0.5109,0.0000,-0.0000,0.0000,0.0000
2026-06-06 17:12:40.950,0,2,2,0.00,0.0000,0.0004,0.8783,0.5109,0.0000,-0.0000,0.0000,0.0000
2026-06-06 17:12:41.050,0,2,2,0.00,0.0000,0.0004,0.8783,0.5109,0.0000,-0.0000,0.0000,0.0000
2026-06-06 17:12:41.150,0,2,2,0.00,0.0000,0.0004,0.8783,0.5109,0.0000,-0.0000,0.0000,0.0000
2026-06-06 17:12:41.250,0,2,2,0.00,0.0000,0.0004,0.8783,0.5109,0.0000,-0.0000,0.0000,0.0000
2026-06-06 17:12:41.350,0,2,2,0.00,0.0000,0.0004,0.8783,0.5109,0.0000,-0.0000,0.0000,0.0000
2026-06-06 17:12:41.450,0,2,2,0.00,0.0000,0.0004,0.8783,0.5109,0.0000,-0.0000,0.0000,0.0000
2026-06-06 17:12:41.550,0,2,2,0.00,0.0000,0.0004,0.8783,0.5109,0.0000,-0.0000,0.0000,0.0000
2026-06-06 17:12:41.650,0,2,2,0.00,0.0000,0.0004,0.8783,0.5109,0.0000,-0.0000,0.0000,0.0000
2026-06-06 17:12:41.750,0,2,2,0.00,0.0000,0.0004,0.8783,0.5109,0.0000,-0.0000,0.0000,0.0000
2026-06-06 17:12:41.850,0,2,2,0.00,0.0000,0.0004,0.8783,0.5109,0.0000,-0.0000,0.0000,0.0000
2026-06-06 17:12:41.950,0,2,2,0.00,0.0000,0.0004,0.8783,0.5109,0.0000,-0.0000,0.0000,0.0000
2026-06-06 17:12:42.050,0,0,2,0.00,0.0000,0.0004,0.8783,0.5109,0.0000,-0.0000,0.0000,0.0000
2026-06-06 17:12:42.150,0,0,2,0.00,0.0000,0.0004,0.8783,0.5109,0.0000,-0.0000,0.0000,0.0000
2026-06-06 17:12:42.250,0,0,2,0.00,0.0000,0.0004,0.8783,0.5109,0.0000,-0.0000,0.0000,0.0000
2026-06-06 17:12:42.350,0,0,2,0.00,0.0000,0.0004,0.8783,0.5109,0.0000,-0.0000,0.0000,0.0000
2026-06-06 17:12:42.450,0,0,2,0.00,0.0000,0.0004,0.8783,0.5109,0.0000,-0.0000,0.0000,0.0000
2026-06-06 17:12:42.550,0,0,2,0.00,0.0000,0.0004,0.8783,0.5109,0.0000,-0.0000,0.0000,0.0000
2026-06-06 17:12:42.650,0,0,2,0.00,0.0000,0.0004,0.8783,0.5109,0.0000,-0.0000,0.0000,0.0000
2026-06-06 17:12:42.750,0,0,2,0.00,0.0000,0.0004,0.8783,0.5109,0.0000,-0.0000,0.0000,0.0000
2026-06-06 17:12:42.850,0,0,2,0.00,0.0000,0.0004,0.8783,0.5109,0.0000,-0.0000,0.0000,0.0000
2026-06-06 17:12:42.950,0,0,2,0.00,0.0000,0.0004,0.8783,0.5109,0.0000,-0.0000,0.0000,0.0000
2026-06-06 17:12:43.050,0,0,2,0.00,0.0000,0.0004,0.8783,0.5109,0.0000,-0.0000,0.0000,0.0000
2026-06-06 17:12:43.150,0,0,2,0.00,0.0000,0.0004,0.8783,0.5109,0.0000,-0.0000,0.0000,0.0000
2026-06-06 17:12:43.250,0,0,2,0.00,0.0000,0.0004,0.8783,0.5109,0.0000,-0.0000,0.0000,0.0000
2026-06-06 17:12:43.350,0,0,2,0.00,0.0000,0.0004,0.8783,0.5109,0.0000,-0.0000,0.0000,0.0000
2026-06-06 17:12:43.450,0,0,2,0.00,0.0000,0.0004,0.8783,0.5109,0.0000,-0.0000,0.0000,0.0000
2026-06-06 17:12:43.550,0,0,2,0.00,0.0000,0.0004,0.8783,0.5109,0.0000,-0.0000,0.0000,0.0000
2026-06-06 17:12:43.650,0,0,2,0.00,0.0000,0.0004,0.8783,0.5109,0.0000,-0.0000,0.0000,0.0000
2026-06-06 17:12:43.750,0,0,2,0.00,0.0000,0.0004,0.8783,0.5109,0.0000,-0.0000,0.0000,0.0000
2026-06-06 17:12:43.850,0,0,2,0.00,0.0000,0.0004,0.8783,0.5109,0.0000,-0.0000,0.0000,0.0000
2026-06-06 17:12:43.950,0,0,2,0.00,0.0000,0.0004,0.8783,0.5109,0.0000,-0.0000,0.0000,0.0000
2026-06-06 17:12:44.050,0,0,2,0.00,0.0000,0.0004,0.8783,0.5109,0.0000,-0.0000,0.0000,0.0000
2026-06-06 17:12:44.150,0,0,2,0.00,0.0000,0.0004,0.8783,0.5109,0.0000,-0.0000,0.0000,0.0000
2026-06-06 17:12:44.250,0,0,2,0.00,0.0000,0.0004,0.8783,0.5109,0.0000,-0.0000,0.0000,0.0000
2026-06-06 17:12:44.350,0,0,2,0.00,0.0000,0.0004,0.8783,0.5109,0.0000,-0.0000,0.0000,0.0000
2026-06-06 17:12:44.450,0,0,2,0.00,0.0000,0.0004,0.8783,0.5109,0.0000,-0.0000,0.0000,0.0000
2026-06-06 17:12:44.550,0,1,2,0.00,0.0000,0.0000,0.8783,0.5109,0.0000,-0.0000,0.0000,0.0000
2026-06-06 17:12:44.650,0,2,2,0.00,0.0000,0.0000,0.8783,0.5109,0.0000,-0.0000,0.0000,0.0000
2026-06-06 17:12:44.750,0,2,2,0.00,0.0000,0.0000,0.8783,0.5109,0.0000,-0.0000,0.0000,0.0000
2026-06-06 17:12:44.850,0,2,2,0.00,0.0000,0.0000,0.8783,0.5109,0.0000,-0.0000,0.0000,0.0000
2026-06-06 17:12:44.950,0,2,2,0.00,0.0000,0.0000,0.8783,0.5109,0.0000,-0.0000,0.0000,0.0000
2026-06-06 17:12:45.050,0,2,2,0.00,0.0000,0.0000,0.8783,0.5109,0.0000,-0.0000,0.0000,0.0000
2026-06-06 17:12:45.150,0,2,2,0.00,0.0000,0.0000,0.8783,0.5109,0.0000,-0.0000,0.0000,0.0000
2026-06-06 17:12:45.250,0,2,2,0.00,0.0000,0.0000,0.8783,0.5109,0.0000,-0.0000,0.0000,0.0000
2026-06-06 17:12:45.350,0,2,2,0.00,0.0000,0.0000,0.8783,0.5109,0.0000,-0.0000,0.0000,0.0000
2026-06-06 17:12:45.450,0,2,2,0.00,0.0000,0.0000,0.8783,0.5109,0.0000,-0.0000,0.0000,0.0000
2026-06-06 17:12:45.550,0,2,2,0.00,0.0000,0.0000,0.8783,0.5109,0.0000,-0.0000,0.0000,0.0000
2026-06-06 17:12:45.650,0,2,2,0.00,0.0000,0.0000,0.8783,0.5109,0.0000,-0.0000,0.0000,0.0000
2026-06-06 17:12:45.750,0,2,2,0.00,0.0000,0.0000,0.8783,0.5109,0.0000,-0.0000,0.0000,0.0000
2026-06-06 17:12:45.850,0,2,2,0.00,0.0000,0.0000,0.8783,0.5109,0.0000,-0.0000,0.0000,0.0000
2026-06-06 17:12:45.950,0,2,2,0.00,0.0000,0.0000,0.8783,0.5109,0.0000,-0.0000,0.0000,0.0000
2026-06-06 17:12:46.050,0,2,2,0.00,0.0000,0.0000,0.8783,0.5109,0.0000,-0.0000,0.0000,0.0000
2026-06-06 17:12:46.150,0,2,2,0.00,0.0000,0.0000,0.8783,0.5109,0.0000,-0.0000,0.0000,0.0000
2026-06-06 17:12:46.250,0,2,2,0.00,0.0000,0.0000,0.8783,0.5109,0.0000,-0.0000,0.0000,0.0000
2026-06-06 17:12:46.351,0,2,2,0.00,0.0000,0.0000,0.8783,0.5109,0.0000,-0.0000,0.0000,0.0000
2026-06-06 17:12:46.450,0,2,2,0.00,0.0000,0.0000,0.8783,0.5109,0.0000,-0.0000,0.0000,0.0000
2026-06-06 17:12:46.550,0,2,2,0.00,0.0000,0.0000,0.8783,0.5109,0.0000,-0.0000,0.0000,0.0000
2026-06-06 17:12:46.650,0,2,2,0.00,0.0000,0.0000,0.8783,0.5109,0.0000,-0.0000,0.0000,0.0000
2026-06-06 17:12:46.750,0,2,2,0.00,0.0000,0.0000,0.8783,0.5109,0.0000,-0.0000,0.0000,0.0000
2026-06-06 17:12:46.850,0,2,2,0.00,0.0000,0.0000,0.8783,0.5109,0.0000,-0.0000,0.0000,0.0000
2026-06-06 17:12:46.950,0,2,2,0.00,0.0000,0.0000,0.8783,0.5109,0.0000,-0.0000,0.0000,0.0000
2026-06-06 17:12:47.050,0,2,2,0.00,0.0000,0.0000,0.8783,0.5109,0.0000,-0.0000,0.0000,0.0000
2026-06-06 17:12:47.150,0,2,2,0.00,0.0000,0.0000,0.8783,0.5109,0.0000,-0.0000,0.0000,0.0000
2026-06-06 17:12:47.250,0,2,2,0.00,0.0000,0.0000,0.8783,0.5109,0.0000,-0.0000,0.0000,0.0000
2026-06-06 17:12:47.350,0,2,2,0.00,0.0000,0.0000,0.8783,0.5109,0.0000,-0.0000,0.0000,0.0000
2026-06-06 17:12:47.450,0,2,2,0.00,0.0000,0.0000,0.8783,0.5109,0.0000,-0.0000,0.0000,0.0000
2026-06-06 17:12:47.550,0,2,2,0.00,0.0000,0.0000,0.8783,0.5109,0.0000,-0.0000,0.0000,0.0000
2026-06-06 17:12:47.650,0,2,2,0.00,0.0000,0.0000,0.8783,0.5109,0.0000,-0.0000,0.0000,0.0000
2026-06-06 17:12:47.750,0,2,2,0.00,0.0000,0.0000,0.8783,0.5109,0.0000,-0.0000,0.0000,0.0000
2026-06-06 17:12:47.850,0,2,2,0.00,0.0000,0.0000,0.8783,0.5109,0.0000,-0.0000,0.0000,0.0000
2026-06-06 17:12:47.950,0,2,2,0.00,0.0000,0.0000,0.8783,0.5109,0.0000,-0.0000,0.0000,0.0000
2026-06-06 17:12:48.050,0,2,2,0.00,0.0000,0.0000,0.8783,0.5109,0.0000,-0.0000,0.0000,0.0000
2026-06-06 17:12:48.150,0,2,2,0.00,0.0000,0.0000,0.8783,0.5109,0.0000,-0.0000,0.0000,0.0000
2026-06-06 17:12:48.250,0,2,2,0.00,0.0000,0.0000,0.8783,0.5109,0.0000,-0.0000,0.0000,0.0000
2026-06-06 17:12:48.350,0,2,2,0.00,0.0000,0.0000,0.8783,0.5109,0.0000,-0.0000,0.0000,0.0000
2026-06-06 17:12:48.450,0,2,2,0.00,0.0000,0.0000,0.8783,0.5109,0.0000,-0.0000,0.0000,0.0000
2026-06-06 17:12:48.550,0,2,2,0.00,0.0000,0.0000,0.8783,0.5109,0.0000,-0.0000,0.0000,0.0000
2026-06-06 17:12:48.650,0,2,2,0.00,0.0000,0.0000,0.8783,0.5109,0.0000,-0.0000,0.0000,0.0000
2026-06-06 17:12:48.750,0,2,2,0.00,0.0000,0.0000,0.8783,0.5109,0.0000,-0.0000,0.0000,0.0000
2026-06-06 17:12:48.850,0,2,2,0.00,0.0000,0.0000,0.8783,0.5109,0.0000,-0.0000,0.0000,0.0000
2026-06-06 17:12:48.950,0,2,2,0.00,0.0000,0.0000,0.8783,0.5109,0.0000,-0.0000,0.0000,0.0000
2026-06-06 17:12:49.050,0,2,2,0.00,0.0000,0.0000,0.8783,0.5109,0.0000,-0.0000,0.0000,0.0000
2026-06-06 17:12:49.150,0,2,2,0.00,0.0000,0.0000,0.8783,0.5109,0.0000,-0.0000,0.0000,0.0000
2026-06-06 17:12:49.250,0,2,2,0.00,0.0000,0.0000,0.8783,0.5109,0.0000,-0.0000,0.0000,0.0000
2026-06-06 17:12:49.353,0,2,2,0.00,0.0000,0.0000,0.8783,0.5109,0.0000,-0.0000,0.0000,0.0000
2026-06-06 17:12:49.450,0,2,2,0.00,0.0000,0.0000,0.8783,0.5109,0.0000,-0.0000,0.0000,0.0000
2026-06-06 17:12:49.551,0,2,2,0.00,0.0000,0.0000,0.8783,0.5109,0.0000,-0.0000,0.0000,0.0000
2026-06-06 17:12:49.650,0,2,2,0.00,0.0000,0.0000,0.8783,0.5109,0.0000,-0.0000,0.0000,0.0000
2026-06-06 17:12:49.750,0,2,2,0.00,0.0000,0.0000,0.8783,0.5109,0.0000,-0.0000,0.0000,0.0000
2026-06-06 17:12:49.850,0,2,2,0.00,0.0000,0.0000,0.8783,0.5109,0.0000,-0.0000,0.0000,0.0000
2026-06-06 17:12:49.950,0,2,2,0.00,0.0000,0.0000,0.8783,0.5109,0.0000,-0.0000,0.0000,0.0000
2026-06-06 17:12:50.053,0,2,2,0.00,0.0000,0.0000,0.8783,0.5109,0.0000,-0.0000,0.0000,0.0000
2026-06-06 17:12:50.150,0,2,2,0.00,0.0000,0.0000,0.8783,0.5109,0.0000,-0.0000,0.0000,0.0000
2026-06-06 17:12:50.250,0,2,2,0.00,0.0000,0.0000,0.8783,0.5109,0.0000,-0.0000,0.0000,0.0000
2026-06-06 17:12:50.350,0,2,2,0.00,0.0000,0.0000,0.8783,0.5109,0.0000,-0.0000,0.0000,0.0000
2026-06-06 17:12:50.450,0,2,2,0.00,0.0000,0.0000,0.8783,0.5109,0.0000,-0.0000,0.0000,0.0000
2026-06-06 17:12:50.550,0,2,2,0.00,0.0000,0.0000,0.8783,0.5109,0.0000,-0.0000,0.0000,0.0000
2026-06-06 17:12:50.650,0,2,2,0.00,0.0000,0.0000,0.8783,0.5109,0.0000,-0.0000,0.0000,0.0000
2026-06-06 17:12:50.750,0,2,2,0.00,0.0000,0.0000,0.8783,0.5109,0.0000,-0.0000,0.0000,0.0000
2026-06-06 17:12:50.850,0,2,2,0.00,0.0000,0.0000,0.8783,0.5109,0.0000,-0.0000,0.0000,0.0000
2026-06-06 17:12:50.950,0,2,2,0.00,0.0000,0.0000,0.8783,0.5109,0.0000,-0.0000,0.0000,0.0000
2026-06-06 17:12:51.050,0,2,2,0.00,0.0000,0.0000,0.8783,0.5109,0.0000,-0.0000,0.0000,0.0000
2026-06-06 17:12:51.150,0,2,2,0.00,0.0000,0.0000,0.8783,0.5109,0.0000,-0.0000,0.0000,0.0000
2026-06-06 17:12:51.250,0,2,2,0.00,0.0000,0.0000,0.8783,0.5109,0.0000,-0.0000,0.0000,0.0000
2026-06-06 17:12:51.350,0,2,2,0.00,0.0000,0.0000,0.8783,0.5109,0.0000,-0.0000,0.0000,0.0000
2026-06-06 17:12:51.450,0,2,2,0.00,0.0000,0.0000,0.8783,0.5109,0.0000,-0.0000,0.0000,0.0000
2026-06-06 17:12:51.550,0,2,2,0.00,0.0000,0.0000,0.8783,0.5109,0.0000,-0.0000,0.0000,0.0000
2026-06-06 17:12:51.650,0,2,2,0.00,0.0000,0.0000,0.8783,0.5109,0.0000,-0.0000,0.0000,0.0000
2026-06-06 17:12:51.752,0,2,2,0.00,0.0000,0.0000,0.8783,0.5109,0.0000,-0.0000,0.0000,0.0000
2026-06-06 17:12:51.850,0,2,2,0.00,0.0000,0.0000,0.8783,0.5109,0.0000,-0.0000,0.0000,0.0000
2026-06-06 17:12:51.950,0,2,2,0.00,0.0000,0.0000,0.8783,0.5109,0.0000,-0.0000,0.0000,0.0000
2026-06-06 17:12:52.050,0,2,2,0.00,0.0000,0.0000,0.8783,0.5109,0.0000,-0.0000,0.0000,0.0000
2026-06-06 17:12:52.150,0,2,2,0.00,0.0000,0.0000,0.8783,0.5109,0.0000,-0.0000,0.0000,0.0000
2026-06-06 17:12:52.250,0,2,2,0.00,0.0000,0.0000,0.8783,0.5109,0.0000,-0.0000,0.0000,0.0000
2026-06-06 17:12:52.350,0,2,2,0.00,0.0000,0.0000,0.8783,0.5109,0.0000,-0.0000,0.0000,0.0000
2026-06-06 17:12:52.450,0,2,2,0.00,0.0000,0.0000,0.8783,0.5109,0.0000,-0.0000,0.0000,0.0000
2026-06-06 17:12:52.550,0,2,2,0.00,0.0000,0.0000,0.8783,0.5109,0.0000,-0.0000,0.0000,0.0000
2026-06-06 17:12:52.650,0,2,2,0.00,0.0000,0.0000,0.8783,0.5109,0.0000,-0.0000,0.0000,0.0000
2026-06-06 17:12:52.750,0,2,2,0.00,0.0000,0.0000,0.8783,0.5109,0.0000,-0.0000,0.0000,0.0000
2026-06-06 17:12:52.850,0,2,2,0.00,0.0000,0.0000,0.8783,0.5109,0.0000,-0.0000,0.0000,0.0000
2026-06-06 17:12:52.950,0,2,2,0.00,0.0000,0.0000,0.8783,0.5109,0.0000,-0.0000,0.0000,0.0000
2026-06-06 17:12:53.050,0,2,2,0.00,0.0000,0.0000,0.8783,0.5109,0.0000,-0.0000,0.0000,0.0000
2026-06-06 17:12:53.150,0,2,2,0.00,0.0000,0.0000,0.8783,0.5109,0.0000,-0.0000,0.0000,0.0000
2026-06-06 17:12:53.250,0,2,2,0.00,0.0000,0.0000,0.8783,0.5109,0.0000,-0.0000,0.0000,0.0000
2026-06-06 17:12:53.350,0,2,2,0.00,0.0000,0.0000,0.8783,0.5109,0.0000,-0.0000,0.0000,0.0000
2026-06-06 17:12:53.450,0,2,2,0.00,0.0000,0.0000,0.8783,0.5109,0.0000,-0.0000,0.0000,0.0000
2026-06-06 17:12:53.550,0,2,2,0.00,0.0000,0.0000,0.8783,0.5109,0.0000,-0.0000,0.0000,0.0000
2026-06-06 17:12:53.650,0,2,2,0.00,0.0000,0.0000,0.8783,0.5109,0.0000,-0.0000,0.0000,0.0000
2026-06-06 17:12:53.750,0,2,2,0.00,0.0000,0.0000,0.8783,0.5109,0.0000,-0.0000,0.0000,0.0000
2026-06-06 17:12:53.850,0,2,2,0.00,0.0000,0.0000,0.8783,0.5109,0.0000,-0.0000,0.0000,0.0000
2026-06-06 17:12:53.950,0,2,2,0.00,0.0000,0.0000,0.8783,0.5109,0.0000,-0.0000,0.0000,0.0000
2026-06-06 17:12:54.050,0,2,2,0.00,0.0000,0.0000,0.8783,0.5109,0.0000,-0.0000,0.0000,0.0000
2026-06-06 17:12:54.150,0,2,2,0.00,0.0000,0.0000,0.8783,0.5109,0.0000,-0.0000,0.0000,0.0000
2026-06-06 17:12:54.250,0,2,2,0.00,0.0000,0.0000,0.8783,0.5109,0.0000,-0.0000,0.0000,0.0000
2026-06-06 17:12:54.351,0,2,2,0.00,0.0000,0.0000,0.8783,0.5109,0.0000,-0.0000,0.0000,0.0000
2026-06-06 17:12:54.450,0,2,2,0.00,0.0000,0.0000,0.8783,0.5109,0.0000,-0.0000,0.0000,0.0000
2026-06-06 17:12:54.550,0,2,2,0.00,0.0000,0.0000,0.8783,0.5109,0.0000,-0.0000,0.0000,0.0000
2026-06-06 17:12:54.650,0,2,2,0.00,0.0000,0.0000,0.8783,0.5109,0.0000,-0.0000,0.0000,0.0000
2026-06-06 17:12:54.750,0,2,2,0.00,0.0000,0.0000,0.8783,0.5109,0.0000,-0.0000,0.0000,0.0000
2026-06-06 17:12:54.850,0,2,2,0.00,0.0000,0.0000,0.8783,0.5109,0.0000,-0.0000,0.0000,0.0000
2026-06-06 17:12:54.950,0,2,2,0.00,0.0000,0.0000,0.8783,0.5109,0.0000,-0.0000,0.0000,0.0000
2026-06-06 17:12:55.050,0,2,2,0.00,0.0000,0.0000,0.8783,0.5109,0.0000,-0.0000,0.0000,0.0000
2026-06-06 17:12:55.150,0,2,2,0.00,0.0000,0.0000,0.8783,0.5109,0.0000,-0.0000,0.0000,0.0000
2026-06-06 17:12:55.250,0,2,2,0.00,0.0000,0.0000,0.8783,0.5109,0.0000,-0.0000,0.0000,0.0000
2026-06-06 17:12:55.350,0,2,2,0.00,0.0000,0.0000,0.8783,0.5109,0.0000,-0.0000,0.0000,0.0000
2026-06-06 17:12:55.450,0,2,2,0.00,0.0000,0.0000,0.8783,0.5109,0.0000,-0.0000,0.0000,0.0000
2026-06-06 17:12:55.550,0,2,2,0.00,0.0000,0.0000,0.8783,0.5109,0.0000,-0.0000,0.0000,0.0000
2026-06-06 17:12:55.650,0,2,2,0.00,0.0000,0.0000,0.8783,0.5109,0.0000,-0.0000,0.0000,0.0000
2026-06-06 17:12:55.750,0,2,2,0.00,0.0000,0.0000,0.8783,0.5109,0.0000,-0.0000,0.0000,0.0000
2026-06-06 17:12:55.850,0,2,2,0.00,0.0000,0.0000,0.8783,0.5109,0.0000,-0.0000,0.0000,0.0000
2026-06-06 17:12:55.951,0,2,2,0.00,0.0000,0.0000,0.8783,0.5109,0.0000,-0.0000,0.0000,0.0000
2026-06-06 17:12:56.050,0,2,2,0.00,0.0000,0.0000,0.8783,0.5109,0.0000,-0.0000,0.0000,0.0000
2026-06-06 17:12:56.150,0,2,2,0.00,0.0000,0.0000,0.8783,0.5109,0.0000,-0.0000,0.0000,0.0000
2026-06-06 17:12:56.250,0,2,2,0.00,0.0000,0.0000,0.8783,0.5109,0.0000,-0.0000,0.0000,0.0000
2026-06-06 17:12:56.350,0,2,2,0.00,0.0000,0.0000,0.8783,0.5109,0.0000,-0.0000,0.0000,0.0000
2026-06-06 17:12:56.450,0,2,2,0.00,0.0000,0.0000,0.8783,0.5109,0.0000,-0.0000,0.0000,0.0000
2026-06-06 17:12:56.550,0,2,2,0.00,0.0000,0.0000,0.8783,0.5109,0.0000,-0.0000,0.0000,0.0000
2026-06-06 17:12:56.650,0,2,2,0.00,0.0000,0.0000,0.8783,0.5109,0.0000,-0.0000,0.0000,0.0000
2026-06-06 17:12:56.750,0,2,2,0.00,0.0000,0.0000,0.8783,0.5109,0.0000,-0.0000,0.0000,0.0000
2026-06-06 17:12:56.850,0,2,2,0.00,0.0000,0.0000,0.8783,0.5109,0.0000,-0.0000,0.0000,0.0000
2026-06-06 17:12:56.950,0,2,2,0.00,0.0000,0.0000,0.8783,0.5109,0.0000,-0.0000,0.0000,0.0000
2026-06-06 17:12:57.050,0,2,2,0.00,0.0000,0.0000,0.8783,0.5109,0.0000,-0.0000,0.0000,0.0000
2026-06-06 17:12:57.150,0,2,2,0.00,0.0000,0.0000,0.8783,0.5109,0.0000,-0.0000,0.0000,0.0000
2026-06-06 17:12:57.250,0,2,2,0.00,0.0000,0.0000,0.8783,0.5109,0.0000,-0.0000,0.0000,0.0000
2026-06-06 17:12:57.350,0,2,2,0.00,0.0000,0.0000,0.8783,0.5109,0.0000,-0.0000,0.0000,0.0000
2026-06-06 17:12:57.450,0,2,2,0.00,0.0000,0.0000,0.8783,0.5109,0.0000,-0.0000,0.0000,0.0000
2026-06-06 17:12:57.550,0,2,2,0.00,0.0000,0.0000,0.8783,0.5109,0.0000,-0.0000,0.0000,0.0000
2026-06-06 17:12:57.650,0,2,2,0.00,0.0000,0.0000,0.8783,0.5109,0.0000,-0.0000,0.0000,0.0000
2026-06-06 17:12:57.750,0,2,2,0.00,0.0000,0.0000,0.8783,0.5109,0.0000,-0.0000,0.0000,0.0000
2026-06-06 17:12:57.850,0,2,2,0.00,0.0000,0.0000,0.8783,0.5109,0.0000,-0.0000,0.0000,0.0000
2026-06-06 17:12:57.950,0,2,2,0.00,0.0000,0.0000,0.8783,0.5109,0.0000,-0.0000,0.0000,0.0000
2026-06-06 17:12:58.050,0,2,2,0.00,0.0000,0.0000,0.8783,0.5109,0.0000,-0.0000,0.0000,0.0000
2026-06-06 17:12:58.150,0,1,2,0.00,0.0000,0.0000,0.8783,0.5109,0.0000,-0.0000,0.0000,0.0000
2026-06-06 17:12:58.250,0,2,2,0.00,0.0000,0.0000,0.8783,0.5109,0.0000,-0.0000,0.0000,0.0000
2026-06-06 17:12:58.350,0,2,2,0.00,0.0000,0.0000,0.8783,0.5109,0.0000,-0.0000,0.0000,0.0000
2026-06-06 17:12:58.450,0,2,2,0.00,0.0000,0.0000,0.8783,0.5109,0.0000,-0.0000,0.0000,0.0000
2026-06-06 17:12:58.550,0,2,2,0.00,0.0000,0.0000,0.8783,0.5109,0.0000,-0.0000,0.0000,0.0000
2026-06-06 17:12:58.650,0,2,2,0.00,0.0000,0.0000,0.8783,0.5109,0.0000,-0.0000,0.0000,0.0000
2026-06-06 17:12:58.750,0,2,2,0.00,0.0000,0.0000,0.8783,0.5109,0.0000,-0.0000,0.0000,0.0000
2026-06-06 17:12:58.850,0,2,2,0.00,0.0000,0.0000,0.8783,0.5109,0.0000,-0.0000,0.0000,0.0000
2026-06-06 17:12:58.950,0,2,2,0.00,0.0000,0.0000,0.8783,0.5109,0.0000,-0.0000,0.0000,0.0000
2026-06-06 17:12:59.050,0,2,2,0.00,0.0000,0.0000,0.8783,0.5109,0.0000,-0.0000,0.0000,0.0000
2026-06-06 17:12:59.150,0,2,2,0.00,0.0000,0.0000,0.8783,0.5109,0.0000,-0.0000,0.0000,0.0000
2026-06-06 17:12:59.250,0,2,2,0.00,0.0000,0.0000,0.8783,0.5109,0.0000,-0.0000,0.0000,0.0000
2026-06-06 17:12:59.355,0,2,2,0.00,0.0000,0.0000,0.8783,0.5109,0.0000,-0.0000,0.0000,0.0000
2026-06-06 17:12:59.450,0,2,2,0.00,0.0000,0.0000,0.8783,0.5109,0.0000,-0.0000,0.0000,0.0000
2026-06-06 17:12:59.550,0,2,2,0.00,0.0000,0.0000,0.8783,0.5109,0.0000,-0.0000,0.0000,0.0000
2026-06-06 17:12:59.650,0,2,2,0.00,0.0000,0.0000,0.8783,0.5109,0.0000,-0.0000,0.0000,0.0000
2026-06-06 17:12:59.751,0,2,2,0.00,0.0000,0.0000,0.8783,0.5109,0.0000,-0.0000,0.0000,0.0000
2026-06-06 17:12:59.850,0,2,2,0.00,0.0000,0.0000,0.8783,0.5109,0.0000,-0.0000,0.0000,0.0000
2026-06-06 17:12:59.950,0,2,2,0.00,0.0000,0.0000,0.8783,0.5109,0.0000,-0.0000,0.0000,0.0000
2026-06-06 17:13:00.050,0,2,2,0.00,0.0000,0.0000,0.8783,0.5109,0.0000,-0.0000,0.0000,0.0000
2026-06-06 17:13:00.150,0,2,2,0.00,0.0000,0.0000,0.8783,0.5109,0.0000,-0.0000,0.0000,0.0000
2026-06-06 17:13:00.250,0,2,2,0.00,0.0000,0.0000,0.8783,0.5109,0.0000,-0.0000,0.0000,0.0000
2026-06-06 17:13:00.350,0,2,2,0.00,0.0000,0.0000,0.8783,0.5109,0.0000,-0.0000,0.0000,0.0000
2026-06-06 17:13:00.450,0,2,2,0.00,0.0000,0.0000,0.8783,0.5109,0.0000,-0.0000,0.0000,0.0000
2026-06-06 17:13:00.550,0,2,2,0.00,0.0000,0.0000,0.8783,0.5109,0.0000,-0.0000,0.0000,0.0000
2026-06-06 17:13:00.650,0,2,2,0.00,0.0000,0.0000,0.8783,0.5109,0.0000,-0.0000,0.0000,0.0000
2026-06-06 17:13:00.750,0,2,2,0.00,0.0000,0.0000,0.8783,0.5109,0.0000,-0.0000,0.0000,0.0000
2026-06-06 17:13:00.850,0,2,2,0.00,0.0000,0.0000,0.8783,0.5109,0.0000,-0.0000,0.0000,0.0000
2026-06-06 17:13:00.950,0,2,2,0.00,0.0000,0.0000,0.8783,0.5109,0.0000,-0.0000,0.0000,0.0000
2026-06-06 17:13:01.050,0,2,2,0.00,0.0000,0.0000,0.8783,0.5109,0.0000,-0.0000,0.0000,0.0000
2026-06-06 17:13:01.150,0,2,2,0.00,0.0000,0.0000,0.8783,0.5109,0.0000,-0.0000,0.0000,0.0000
2026-06-06 17:13:01.250,0,2,2,0.00,0.0000,0.0000,0.8783,0.5109,0.0000,-0.0000,0.0000,0.0000
2026-06-06 17:13:01.350,0,2,2,0.00,0.0000,0.0000,0.8783,0.5109,0.0000,-0.0000,0.0000,0.0000
2026-06-06 17:13:01.450,0,2,2,0.00,0.0000,0.0000,0.8783,0.5109,0.0000,-0.0000,0.0000,0.0000
2026-06-06 17:13:01.550,0,2,2,0.00,0.0000,0.0000,0.8783,0.5109,0.0000,-0.0000,0.0000,0.0000
2026-06-06 17:13:01.650,0,2,2,0.00,0.0000,0.0000,0.8783,0.5109,0.0000,-0.0000,0.0000,0.0000
2026-06-06 17:13:01.750,0,2,2,0.00,0.0000,0.0000,0.8783,0.5109,0.0000,-0.0000,0.0000,0.0000
2026-06-06 17:13:01.850,0,2,2,0.00,0.0000,0.0000,0.8783,0.5109,0.0000,-0.0000,0.0000,0.0000
2026-06-06 17:13:01.950,0,2,2,0.00,0.0000,0.0000,0.8783,0.5109,0.0000,-0.0000,0.0000,0.0000
2026-06-06 17:13:02.050,0,2,2,0.00,0.0000,0.0000,0.8783,0.5109,0.0000,-0.0000,0.0000,0.0000
2026-06-06 17:13:02.150,0,2,2,0.00,0.0000,0.0000,0.8783,0.5109,0.0000,-0.0000,0.0000,0.0000
2026-06-06 17:13:02.250,0,2,2,0.00,0.0000,0.0000,0.8783,0.5109,0.0000,-0.0000,0.0000,0.0000
2026-06-06 17:13:02.350,0,2,2,0.00,0.0000,0.0000,0.8783,0.5109,0.0000,-0.0000,0.0000,0.0000
2026-06-06 17:13:02.450,0,2,2,0.00,0.0000,0.0000,0.8783,0.5109,0.0000,-0.0000,0.0000,0.0000
2026-06-06 17:13:02.553,0,2,2,0.00,0.0000,0.0000,0.8783,0.5109,0.0000,-0.0000,0.0000,0.0000
2026-06-06 17:13:02.650,0,2,2,0.00,0.0000,0.0000,0.8783,0.5109,0.0000,-0.0000,0.0000,0.0000
2026-06-06 17:13:02.750,0,2,2,0.00,0.0000,0.0000,0.8783,0.5109,0.0000,-0.0000,0.0000,0.0000
2026-06-06 17:13:02.850,0,2,2,0.00,0.0000,0.0000,0.8783,0.5109,0.0000,-0.0000,0.0000,0.0000
2026-06-06 17:13:02.950,0,2,2,0.00,0.0000,0.0000,0.8783,0.5109,0.0000,-0.0000,0.0000,0.0000
2026-06-06 17:13:03.050,0,2,2,0.00,0.0000,0.0000,0.8783,0.5109,0.0000,-0.0000,0.0000,0.0000
2026-06-06 17:13:03.150,0,2,2,0.00,0.0000,0.0000,0.8783,0.5109,0.0000,-0.0000,0.0000,0.0000
2026-06-06 17:13:03.250,0,2,2,0.00,0.0000,0.0000,0.8783,0.5109,0.0000,-0.0000,0.0000,0.0000
2026-06-06 17:13:03.350,0,2,2,0.00,0.0000,0.0000,0.8783,0.5109,0.0000,-0.0000,0.0000,0.0000
2026-06-06 17:13:03.450,0,2,2,0.00,0.0000,0.0000,0.8783,0.5109,0.0000,-0.0000,0.0000,0.0000
2026-06-06 17:13:03.550,0,2,2,0.00,0.0000,0.0000,0.8783,0.5109,0.0000,-0.0000,0.0000,0.0000
2026-06-06 17:13:03.650,0,2,2,0.00,0.0000,0.0000,0.8783,0.5109,0.0000,-0.0000,0.0000,0.0000
2026-06-06 17:13:03.750,0,2,2,0.00,0.0000,0.0000,0.8783,0.5109,0.0000,-0.0000,0.0000,0.0000
2026-06-06 17:13:03.850,0,2,2,0.00,0.0000,0.0000,0.8783,0.5109,0.0000,-0.0000,0.0000,0.0000
2026-06-06 17:13:03.950,0,1,2,0.00,0.0000,0.0000,0.8783,0.5109,0.0000,-0.0000,0.0000,0.0000
2026-06-06 17:13:04.050,0,2,2,0.00,0.0000,0.0000,0.8783,0.5109,0.0000,-0.0000,0.0000,0.0000
2026-06-06 17:13:04.150,0,2,2,0.00,0.0000,0.0000,0.8783,0.5109,0.0000,-0.0000,0.0000,0.0000
2026-06-06 17:13:04.250,0,2,2,0.00,0.0000,0.0000,0.8783,0.5109,0.0000,-0.0000,0.0000,0.0000
2026-06-06 17:13:04.350,0,2,2,0.00,0.0000,0.0000,0.8783,0.5109,0.0000,-0.0000,0.0000,0.0000
2026-06-06 17:13:04.450,0,2,2,0.00,0.0000,0.0000,0.8783,0.5109,0.0000,-0.0000,0.0000,0.0000
2026-06-06 17:13:04.550,0,2,2,0.00,0.0000,0.0000,0.8783,0.5109,0.0000,-0.0000,0.0000,0.0000
2026-06-06 17:13:04.650,0,2,2,0.00,0.0000,0.0000,0.8783,0.5109,0.0000,-0.0000,0.0000,0.0000
2026-06-06 17:13:04.750,0,2,2,0.00,0.0000,0.0000,0.8783,0.5109,0.0000,-0.0000,0.0000,0.0000
2026-06-06 17:13:04.850,0,2,2,0.00,0.0000,0.0000,0.8783,0.5109,0.0000,-0.0000,0.0000,0.0000
2026-06-06 17:13:04.950,0,2,2,0.00,0.0000,0.0000,0.8783,0.5109,0.0000,-0.0000,0.0000,0.0000
2026-06-06 17:13:05.050,0,2,2,0.00,0.0000,0.0000,0.8783,0.5109,0.0000,-0.0000,0.0000,0.0000
2026-06-06 17:13:05.150,0,2,2,0.00,0.0000,0.0000,0.8783,0.5109,0.0000,-0.0000,0.0000,0.0000
2026-06-06 17:13:05.250,0,2,2,0.00,0.0000,0.0000,0.8783,0.5109,0.0000,-0.0000,0.0000,0.0000
2026-06-06 17:13:05.350,0,2,2,0.00,0.0000,0.0000,0.8783,0.5109,0.0000,-0.0000,0.0000,0.0000
2026-06-06 17:13:05.450,0,2,2,0.00,0.0000,0.0000,0.8783,0.5109,0.0000,-0.0000,0.0000,0.0000
2026-06-06 17:13:05.550,0,2,2,0.00,0.0000,0.0000,0.8783,0.5109,0.0000,-0.0000,0.0000,0.0000
2026-06-06 17:13:05.650,0,2,2,0.00,0.0000,0.0000,0.8783,0.5109,0.0000,-0.0000,0.0000,0.0000
2026-06-06 17:13:05.750,0,2,2,0.00,0.0000,0.0000,0.8783,0.5109,0.0000,-0.0000,0.0000,0.0000
2026-06-06 17:13:05.850,0,2,2,0.00,0.0000,0.0000,0.8783,0.5109,0.0000,-0.0000,0.0000,0.0000
2026-06-06 17:13:05.950,0,2,2,0.00,0.0000,0.0000,0.8783,0.5109,0.0000,-0.0000,0.0000,0.0000
2026-06-06 17:13:06.050,0,2,2,0.00,0.0000,0.0000,0.8783,0.5109,0.0000,-0.0000,0.0000,0.0000
2026-06-06 17:13:06.150,0,2,2,0.00,0.0000,0.0000,0.8783,0.5109,0.0000,-0.0000,0.0000,0.0000
2026-06-06 17:13:06.250,0,2,2,0.00,0.0000,0.0000,0.8783,0.5109,0.0000,-0.0000,0.0000,0.0000
2026-06-06 17:13:06.350,0,2,2,0.00,0.0000,0.0000,0.8783,0.5109,0.0000,-0.0000,0.0000,0.0000
2026-06-06 17:13:06.450,0,2,2,0.00,0.0000,0.0000,0.8783,0.5109,0.0000,-0.0000,0.0000,0.0000
2026-06-06 17:13:06.550,0,2,2,0.00,0.0000,0.0000,0.8783,0.5109,0.0000,-0.0000,0.0000,0.0000
2026-06-06 17:13:06.650,0,2,2,0.00,0.0000,0.0000,0.8783,0.5109,0.0000,-0.0000,0.0000,0.0000
2026-06-06 17:13:06.750,0,2,2,0.00,0.0000,0.0000,0.8783,0.5109,0.0000,-0.0000,0.0000,0.0000
2026-06-06 17:13:06.850,0,2,2,0.00,0.0000,0.0000,0.8783,0.5109,0.0000,-0.0000,0.0000,0.0000
2026-06-06 17:13:06.950,0,2,2,0.00,0.0000,0.0000,0.8783,0.5109,0.0000,-0.0000,0.0000,0.0000
2026-06-06 17:13:07.050,0,2,2,0.00,0.0000,0.0000,0.8783,0.5109,0.0000,-0.0000,0.0000,0.0000
2026-06-06 17:13:07.150,0,2,2,0.00,0.0000,0.0000,0.8783,0.5109,0.0000,-0.0000,0.0000,0.0000
2026-06-06 17:13:07.250,0,2,2,0.00,0.0000,0.0000,0.8783,0.5109,0.0000,-0.0000,0.0000,0.0000
2026-06-06 17:13:07.350,0,2,2,0.00,0.0000,0.0000,0.8783,0.5109,0.0000,-0.0000,0.0000,0.0000
2026-06-06 17:13:07.450,0,2,2,0.00,0.0000,0.0000,0.8783,0.5109,0.0000,-0.0000,0.0000,0.0000
2026-06-06 17:13:07.550,0,2,2,0.00,0.0000,0.0000,0.8783,0.5109,0.0000,-0.0000,0.0000,0.0000
2026-06-06 17:13:07.650,0,2,2,0.00,0.0000,0.0000,0.8783,0.5109,0.0000,-0.0000,0.0000,0.0000
2026-06-06 17:13:07.750,0,2,2,0.00,0.0000,0.0000,0.8783,0.5109,0.0000,-0.0000,0.0000,0.0000
2026-06-06 17:13:07.850,0,2,2,0.00,0.0000,0.0000,0.8783,0.5109,0.0000,-0.0000,0.0000,0.0000
2026-06-06 17:13:07.950,0,2,2,0.00,0.0000,0.0000,0.8783,0.5109,0.0000,-0.0000,0.0000,0.0000
2026-06-06 17:13:08.050,0,2,2,0.00,0.0000,0.0000,0.8783,0.5109,0.0000,-0.0000,0.0000,0.0000
2026-06-06 17:13:08.150,0,2,2,0.00,0.0000,0.0000,0.8783,0.5109,0.0000,-0.0000,0.0000,0.0000
2026-06-06 17:13:08.250,0,2,2,0.00,0.0000,0.0000,0.8783,0.5109,0.0000,-0.0000,0.0000,0.0000
2026-06-06 17:13:08.350,0,2,2,0.00,0.0000,0.0000,0.8783,0.5109,0.0000,-0.0000,0.0000,0.0000
2026-06-06 17:13:08.450,0,2,2,0.00,0.0000,0.0000,0.8783,0.5109,0.0000,-0.0000,0.0000,0.0000
2026-06-06 17:13:08.550,0,2,2,0.00,0.0000,0.0000,0.8783,0.5109,0.0000,-0.0000,0.0000,0.0000
2026-06-06 17:13:08.650,0,2,2,0.00,0.0000,0.0000,0.8783,0.5109,0.0000,-0.0000,0.0000,0.0000
2026-06-06 17:13:08.750,0,2,2,0.00,0.0000,0.0000,0.8783,0.5109,0.0000,-0.0000,0.0000,0.0000
2026-06-06 17:13:08.850,0,2,2,0.00,0.0000,0.0000,0.8783,0.5109,0.0000,-0.0000,0.0000,0.0000
2026-06-06 17:13:08.950,0,1,2,0.00,0.0000,0.0000,0.8783,0.5109,0.0000,-0.0000,0.0000,0.0000
2026-06-06 17:13:09.050,0,2,2,0.00,0.0000,0.0000,0.8783,0.5109,0.0000,-0.0000,0.0000,0.0000
2026-06-06 17:13:09.150,0,2,2,0.00,0.0000,0.0000,0.8783,0.5109,0.0000,-0.0000,0.0000,0.0000
2026-06-06 17:13:09.250,0,2,2,0.00,0.0000,0.0000,0.8783,0.5109,0.0000,-0.0000,0.0000,0.0000
2026-06-06 17:13:09.350,0,2,2,0.00,0.0000,0.0000,0.8783,0.5109,0.0000,-0.0000,0.0000,0.0000
2026-06-06 17:13:09.450,0,2,2,0.00,0.0000,0.0000,0.8783,0.5109,0.0000,-0.0000,0.0000,0.0000
2026-06-06 17:13:09.550,0,2,2,0.00,0.0000,0.0000,0.8783,0.5109,0.0000,-0.0000,0.0000,0.0000
2026-06-06 17:13:09.650,0,2,2,0.00,0.0000,0.0000,0.8783,0.5109,0.0000,-0.0000,0.0000,0.0000
2026-06-06 17:13:09.750,0,2,2,0.00,0.0000,0.0000,0.8783,0.5109,0.0000,-0.0000,0.0000,0.0000
2026-06-06 17:13:09.850,0,2,2,0.00,0.0000,0.0000,0.8783,0.5109,0.0000,-0.0000,0.0000,0.0000
2026-06-06 17:13:09.950,0,2,2,0.00,0.0000,0.0000,0.8783,0.5109,0.0000,-0.0000,0.0000,0.0000
2026-06-06 17:13:10.050,0,2,2,0.00,0.0000,0.0000,0.8783,0.5109,0.0000,-0.0000,0.0000,0.0000
2026-06-06 17:13:10.150,0,2,2,0.00,0.0000,0.0000,0.8783,0.5109,0.0000,-0.0000,0.0000,0.0000
2026-06-06 17:13:10.250,0,2,2,0.00,0.0000,0.0000,0.8783,0.5109,0.0000,-0.0000,0.0000,0.0000
2026-06-06 17:13:10.350,0,2,2,0.00,0.0000,0.0000,0.8783,0.5109,0.0000,-0.0000,0.0000,0.0000
2026-06-06 17:13:10.450,0,2,2,0.00,0.0000,0.0000,0.8783,0.5109,0.0000,-0.0000,0.0000,0.0000
2026-06-06 17:13:10.550,0,2,2,0.00,0.0000,0.0000,0.8783,0.5109,0.0000,-0.0000,0.0000,0.0000
2026-06-06 17:13:10.651,0,2,2,0.00,0.0000,0.0000,0.8783,0.5109,0.0000,-0.0000,0.0000,0.0000
2026-06-06 17:13:10.750,0,2,2,0.00,0.0000,0.0000,0.8783,0.5109,0.0000,-0.0000,0.0000,0.0000
2026-06-06 17:13:10.850,0,2,2,0.00,0.0000,0.0000,0.8783,0.5109,0.0000,-0.0000,0.0000,0.0000
2026-06-06 17:13:10.950,0,2,2,0.00,0.0000,0.0000,0.8783,0.5109,0.0000,-0.0000,0.0000,0.0000
2026-06-06 17:13:11.050,0,2,2,0.00,0.0000,0.0000,0.8783,0.5109,0.0000,-0.0000,0.0000,0.0000
2026-06-06 17:13:11.150,0,2,2,0.00,0.0000,0.0000,0.8783,0.5109,0.0000,-0.0000,0.0000,0.0000
2026-06-06 17:13:11.250,0,2,2,0.00,0.0000,0.0000,0.8783,0.5109,0.0000,-0.0000,0.0000,0.0000
2026-06-06 17:13:11.350,0,2,2,0.00,0.0000,0.0000,0.8783,0.5109,0.0000,-0.0000,0.0000,0.0000
2026-06-06 17:13:11.450,0,2,2,0.00,0.0000,0.0000,0.8783,0.5109,0.0000,-0.0000,0.0000,0.0000
2026-06-06 17:13:11.550,0,2,2,0.00,0.0000,0.0000,0.8783,0.5109,0.0000,-0.0000,0.0000,0.0000
2026-06-06 17:13:11.650,0,2,2,0.00,0.0000,0.0000,0.8783,0.5109,0.0000,-0.0000,0.0000,0.0000
2026-06-06 17:13:11.750,0,2,2,0.00,0.0000,0.0000,0.8783,0.5109,0.0000,-0.0000,0.0000,0.0000
2026-06-06 17:13:11.850,0,2,2,0.00,0.0000,0.0000,0.8783,0.5109,0.0000,-0.0000,0.0000,0.0000
2026-06-06 17:13:11.950,0,2,2,0.00,0.0000,0.0000,0.8783,0.5109,0.0000,-0.0000,0.0000,0.0000
2026-06-06 17:13:12.050,0,2,2,0.00,0.0000,0.0000,0.8783,0.5109,0.0000,-0.0000,0.0000,0.0000
2026-06-06 17:13:12.150,0,2,2,0.00,0.0000,0.0000,0.8783,0.5109,0.0000,-0.0000,0.0000,0.0000
2026-06-06 17:13:12.250,0,2,2,0.00,0.0000,0.0000,0.8783,0.5109,0.0000,-0.0000,0.0000,0.0000
2026-06-06 17:13:12.350,0,2,2,0.00,0.0000,0.0000,0.8783,0.5109,0.0000,-0.0000,0.0000,0.0000
2026-06-06 17:13:12.450,0,2,2,0.00,0.0000,0.0000,0.8783,0.5109,0.0000,-0.0000,0.0000,0.0000
2026-06-06 17:13:12.550,0,2,2,0.00,0.0000,0.0000,0.8783,0.5109,0.0000,-0.0000,0.0000,0.0000
2026-06-06 17:13:12.650,0,2,2,0.00,0.0000,0.0000,0.8783,0.5109,0.0000,-0.0000,0.0000,0.0000
2026-06-06 17:13:12.753,0,2,2,0.00,0.0000,0.0000,0.8783,0.5109,0.0000,-0.0000,0.0000,0.0000
2026-06-06 17:13:12.850,0,2,2,0.00,0.0000,0.0000,0.8783,0.5109,0.0000,-0.0000,0.0000,0.0000
2026-06-06 17:13:12.950,0,2,2,0.00,0.0000,0.0000,0.8783,0.5109,0.0000,-0.0000,0.0000,0.0000
2026-06-06 17:13:13.050,0,2,2,0.00,0.0000,0.0000,0.8783,0.5109,0.0000,-0.0000,0.0000,0.0000
2026-06-06 17:13:13.150,0,1,2,0.00,0.0000,0.0000,0.8783,0.5109,0.0000,-0.0000,0.0000,0.0000
2026-06-06 17:13:13.250,0,2,2,0.00,0.0000,0.0000,0.8783,0.5109,0.0000,-0.0000,0.0000,0.0000
2026-06-06 17:13:13.350,0,2,2,0.00,0.0000,0.0000,0.8783,0.5109,0.0000,-0.0000,0.0000,0.0000
2026-06-06 17:13:13.450,0,2,2,0.00,0.0000,0.0000,0.8783,0.5109,0.0000,-0.0000,0.0000,0.0000
2026-06-06 17:13:13.550,0,2,2,0.00,0.0000,0.0000,0.8783,0.5109,0.0000,-0.0000,0.0000,0.0000
2026-06-06 17:13:13.650,0,2,2,0.00,0.0000,0.0000,0.8783,0.5109,0.0000,-0.0000,0.0000,0.0000
2026-06-06 17:13:13.750,0,2,2,0.00,0.0000,0.0000,0.8783,0.5109,0.0000,-0.0000,0.0000,0.0000
2026-06-06 17:13:13.850,0,2,2,0.00,0.0000,0.0000,0.8783,0.5109,0.0000,-0.0000,0.0000,0.0000
2026-06-06 17:13:13.950,0,2,2,0.00,0.0000,0.0000,0.8783,0.5109,0.0000,-0.0000,0.0000,0.0000
2026-06-06 17:13:14.050,0,2,2,0.00,0.0000,0.0000,0.8783,0.5109,0.0000,-0.0000,0.0000,0.0000
2026-06-06 17:13:14.150,0,2,2,0.00,0.0000,0.0000,0.8783,0.5109,0.0000,-0.0000,0.0000,0.0000
2026-06-06 17:13:14.250,0,2,2,0.00,0.0000,0.0000,0.8783,0.5109,0.0000,-0.0000,0.0000,0.0000
2026-06-06 17:13:14.350,0,2,2,0.00,0.0000,0.0000,0.8783,0.5109,0.0000,-0.0000,0.0000,0.0000
2026-06-06 17:13:14.450,0,2,2,0.00,0.0000,0.0000,0.8783,0.5109,0.0000,-0.0000,0.0000,0.0000
2026-06-06 17:13:14.550,0,2,2,0.00,0.0000,0.0000,0.8783,0.5109,0.0000,-0.0000,0.0000,0.0000
2026-06-06 17:13:14.650,0,2,2,0.00,0.0000,0.0000,0.8783,0.5109,0.0000,-0.0000,0.0000,0.0000
2026-06-06 17:13:14.750,0,2,2,0.00,0.0000,0.0000,0.8783,0.5109,0.0000,-0.0000,0.0000,0.0000
2026-06-06 17:13:14.850,0,2,2,0.00,0.0000,0.0000,0.8783,0.5109,0.0000,-0.0000,0.0000,0.0000
2026-06-06 17:13:14.957,0,2,2,0.00,0.0000,0.0000,0.8783,0.5109,0.0000,-0.0000,0.0000,0.0000
2026-06-06 17:13:15.050,0,2,2,0.00,0.0000,0.0000,0.8783,0.5109,0.0000,-0.0000,0.0000,0.0000
2026-06-06 17:13:15.151,0,2,2,0.00,0.0000,0.0000,0.8783,0.5109,0.0000,-0.0000,0.0000,0.0000
2026-06-06 17:13:15.255,0,2,2,0.00,0.0000,0.0000,0.8783,0.5109,0.0000,-0.0000,0.0000,0.0000
2026-06-06 17:13:15.350,0,2,2,0.00,0.0000,0.0000,0.8783,0.5109,0.0000,-0.0000,0.0000,0.0000
2026-06-06 17:13:15.450,0,2,2,0.00,0.0000,0.0000,0.8783,0.5109,0.0000,-0.0000,0.0000,0.0000
2026-06-06 17:13:15.550,0,2,2,0.00,0.0000,0.0000,0.8783,0.5109,0.0000,-0.0000,0.0000,0.0000
2026-06-06 17:13:15.650,0,2,2,0.00,0.0000,0.0000,0.8783,0.5109,0.0000,-0.0000,0.0000,0.0000
2026-06-06 17:13:15.750,0,2,2,0.00,0.0000,0.0000,0.8783,0.5109,0.0000,-0.0000,0.0000,0.0000
2026-06-06 17:13:15.850,0,2,2,0.00,0.0000,0.0000,0.8783,0.5109,0.0000,-0.0000,0.0000,0.0000
2026-06-06 17:13:15.950,0,2,2,0.00,0.0000,0.0000,0.8783,0.5109,0.0000,-0.0000,0.0000,0.0000
2026-06-06 17:13:16.050,0,2,2,0.00,0.0000,0.0000,0.8783,0.5109,0.0000,-0.0000,0.0000,0.0000
2026-06-06 17:13:16.150,0,2,2,0.00,0.0000,0.0000,0.8783,0.5109,0.0000,-0.0000,0.0000,0.0000
2026-06-06 17:13:16.250,0,2,2,0.00,0.0000,0.0000,0.8783,0.5109,0.0000,-0.0000,0.0000,0.0000
2026-06-06 17:13:16.350,0,2,2,0.00,0.0000,0.0000,0.8783,0.5109,0.0000,-0.0000,0.0000,0.0000
2026-06-06 17:13:16.450,0,2,2,0.00,0.0000,0.0000,0.8783,0.5109,0.0000,-0.0000,0.0000,0.0000
2026-06-06 17:13:16.550,0,2,2,0.00,0.0000,0.0000,0.8783,0.5109,0.0000,-0.0000,0.0000,0.0000
2026-06-06 17:13:16.650,0,2,2,0.00,0.0000,0.0000,0.8783,0.5109,0.0000,-0.0000,0.0000,0.0000
2026-06-06 17:13:16.750,0,2,2,0.00,0.0000,0.0000,0.8783,0.5109,0.0000,-0.0000,0.0000,0.0000
2026-06-06 17:13:16.850,0,2,2,0.00,0.0000,0.0000,0.8783,0.5109,0.0000,-0.0000,0.0000,0.0000
2026-06-06 17:13:16.950,0,2,2,0.00,0.0000,0.0000,0.8783,0.5109,0.0000,-0.0000,0.0000,0.0000
2026-06-06 17:13:17.050,0,2,2,0.00,0.0000,0.0000,0.8783,0.5109,0.0000,-0.0000,0.0000,0.0000
2026-06-06 17:13:17.150,0,2,2,0.00,0.0000,0.0000,0.8783,0.5109,0.0000,-0.0000,0.0000,0.0000
2026-06-06 17:13:17.250,0,2,2,0.00,0.0000,0.0000,0.8783,0.5109,0.0000,-0.0000,0.0000,0.0000
2026-06-06 17:13:17.350,0,2,2,0.00,0.0000,0.0000,0.8783,0.5109,0.0000,-0.0000,0.0000,0.0000
2026-06-06 17:13:17.450,0,2,2,0.00,0.0000,0.0000,0.8783,0.5109,0.0000,-0.0000,0.0000,0.0000
2026-06-06 17:13:17.552,0,2,2,0.00,0.0000,0.0000,0.8783,0.5109,0.0000,-0.0000,0.0000,0.0000
2026-06-06 17:13:17.650,0,2,2,0.00,0.0000,0.0000,0.8783,0.5109,0.0000,-0.0000,0.0000,0.0000
2026-06-06 17:13:17.750,0,2,2,0.00,0.0000,0.0000,0.8783,0.5109,0.0000,-0.0000,0.0000,0.0000
2026-06-06 17:13:17.850,0,2,2,0.00,0.0000,0.0000,0.8783,0.5109,0.0000,-0.0000,0.0000,0.0000
2026-06-06 17:13:17.950,0,2,2,0.00,0.0000,0.0000,0.8783,0.5109,0.0000,-0.0000,0.0000,0.0000
2026-06-06 17:13:18.050,0,2,2,0.00,0.0000,0.0000,0.8783,0.5109,0.0000,-0.0000,0.0000,0.0000
2026-06-06 17:13:18.150,0,2,2,0.00,0.0000,0.0000,0.8783,0.5109,0.0000,-0.0000,0.0000,0.0000
2026-06-06 17:13:18.250,0,2,2,0.00,0.0000,0.0000,0.8783,0.5109,0.0000,-0.0000,0.0000,0.0000
2026-06-06 17:13:18.350,0,2,2,0.00,0.0000,0.0000,0.8783,0.5109,0.0000,-0.0000,0.0000,0.0000
2026-06-06 17:13:18.450,0,2,2,0.00,0.0000,0.0000,0.8783,0.5109,0.0000,-0.0000,0.0000,0.0000
2026-06-06 17:13:18.550,0,2,2,0.00,0.0000,0.0000,0.8783,0.5109,0.0000,-0.0000,0.0000,0.0000
2026-06-06 17:13:18.650,0,2,2,0.00,0.0000,0.0000,0.8783,0.5109,0.0000,-0.0000,0.0000,0.0000
2026-06-06 17:13:18.750,0,2,2,0.00,0.0000,0.0000,0.8783,0.5109,0.0000,-0.0000,0.0000,0.0000
2026-06-06 17:13:18.850,0,2,2,0.00,0.0000,0.0000,0.8783,0.5109,0.0000,-0.0000,0.0000,0.0000
2026-06-06 17:13:18.950,0,2,2,0.00,0.0000,0.0000,0.8783,0.5109,0.0000,-0.0000,0.0000,0.0000
2026-06-06 17:13:19.050,0,2,2,0.00,0.0000,0.0000,0.8783,0.5109,0.0000,-0.0000,0.0000,0.0000
2026-06-06 17:13:19.150,0,2,2,0.00,0.0000,0.0000,0.8783,0.5109,0.0000,-0.0000,0.0000,0.0000
2026-06-06 17:13:19.250,0,2,2,0.00,0.0000,0.0000,0.8783,0.5109,0.0000,-0.0000,0.0000,0.0000
2026-06-06 17:13:19.350,0,2,2,0.00,0.0000,0.0000,0.8783,0.5109,0.0000,-0.0000,0.0000,0.0000
2026-06-06 17:13:19.450,0,2,2,0.00,0.0000,0.0000,0.8783,0.5109,0.0000,-0.0000,0.0000,0.0000
2026-06-06 17:13:19.550,0,2,2,0.00,0.0000,0.0000,0.8783,0.5109,0.0000,-0.0000,0.0000,0.0000
2026-06-06 17:13:19.650,0,2,2,0.00,0.0000,0.0000,0.8783,0.5109,0.0000,-0.0000,0.0000,0.0000
2026-06-06 17:13:19.750,0,2,2,0.00,0.0000,0.0000,0.8783,0.5109,0.0000,-0.0000,0.0000,0.0000
2026-06-06 17:13:19.850,0,2,2,0.00,0.0000,0.0000,0.8783,0.5109,0.0000,-0.0000,0.0000,0.0000
2026-06-06 17:13:19.950,0,2,2,0.00,0.0000,0.0000,0.8783,0.5109,0.0000,-0.0000,0.0000,0.0000
2026-06-06 17:13:20.050,0,2,2,0.00,0.0000,0.0000,0.8783,0.5109,0.0000,-0.0000,0.0000,0.0000
2026-06-06 17:13:20.150,0,2,2,0.00,0.0000,0.0000,0.8783,0.5109,0.0000,-0.0000,0.0000,0.0000
2026-06-06 17:13:20.250,0,2,2,0.00,0.0000,0.0000,0.8783,0.5109,0.0000,-0.0000,0.0000,0.0000
2026-06-06 17:13:20.350,0,2,2,0.00,0.0000,0.0000,0.8783,0.5109,0.0000,-0.0000,0.0000,0.0000
2026-06-06 17:13:20.450,0,2,2,0.00,0.0000,0.0000,0.8783,0.5109,0.0000,-0.0000,0.0000,0.0000
2026-06-06 17:13:20.550,0,2,2,0.00,0.0000,0.0000,0.8783,0.5109,0.0000,-0.0000,0.0000,0.0000
2026-06-06 17:13:20.650,0,2,2,0.00,0.0000,0.0000,0.8783,0.5109,0.0000,-0.0000,0.0000,0.0000
2026-06-06 17:13:20.750,0,2,2,0.00,0.0000,0.0000,0.8783,0.5109,0.0000,-0.0000,0.0000,0.0000
2026-06-06 17:13:20.850,0,2,2,0.00,0.0000,0.0000,0.8783,0.5109,0.0000,-0.0000,0.0000,0.0000
2026-06-06 17:13:20.950,0,2,2,0.00,0.0000,0.0000,0.8783,0.5109,0.0000,-0.0000,0.0000,0.0000
2026-06-06 17:13:21.050,0,2,2,0.00,0.0000,0.0000,0.8783,0.5109,0.0000,-0.0000,0.0000,0.0000
2026-06-06 17:13:21.150,0,2,2,0.00,0.0000,0.0000,0.8783,0.5109,0.0000,-0.0000,0.0000,0.0000
2026-06-06 17:13:21.250,0,2,2,0.00,0.0000,0.0000,0.8783,0.5109,0.0000,-0.0000,0.0000,0.0000
2026-06-06 17:13:21.350,0,2,2,0.00,0.0000,0.0000,0.8783,0.5109,0.0000,-0.0000,0.0000,0.0000
2026-06-06 17:13:21.450,0,2,2,0.00,0.0000,0.0000,0.8783,0.5109,0.0000,-0.0000,0.0000,0.0000
2026-06-06 17:13:21.550,0,2,2,0.00,0.0000,0.0000,0.8783,0.5109,0.0000,-0.0000,0.0000,0.0000
2026-06-06 17:13:21.650,0,2,2,0.00,0.0000,0.0000,0.8783,0.5109,0.0000,-0.0000,0.0000,0.0000
2026-06-06 17:13:21.750,0,0,2,0.00,0.0000,0.0000,0.8783,0.5109,0.0000,-0.0000,0.0000,0.0000
2026-06-06 17:13:21.850,0,0,2,0.00,0.0000,0.0000,0.8783,0.5109,0.0000,-0.0000,0.0000,0.0000
2026-06-06 17:13:21.950,0,0,2,0.00,0.0000,0.0000,0.8783,0.5109,0.0000,-0.0000,0.0000,0.0000
2026-06-06 17:13:22.050,0,0,2,0.00,0.0000,0.0000,0.8783,0.5109,0.0000,-0.0000,0.0000,0.0000
2026-06-06 17:13:22.150,0,0,2,0.00,0.0000,0.0000,0.8783,0.5109,0.0000,-0.0000,0.0000,0.0000
2026-06-06 17:13:22.250,0,0,2,0.00,0.0000,0.0000,0.8783,0.5109,0.0000,-0.0000,0.0000,0.0000
2026-06-06 17:13:22.351,0,0,2,0.00,0.0000,0.0000,0.8783,0.5109,0.0000,-0.0000,0.0000,0.0000
2026-06-06 17:13:22.450,0,0,2,0.00,0.0000,0.0000,0.8783,0.5109,0.0000,-0.0000,0.0000,0.0000
2026-06-06 17:13:22.550,0,0,2,0.00,0.0000,0.0000,0.8783,0.5109,0.0000,-0.0000,0.0000,0.0000
2026-06-06 17:13:22.650,0,0,2,0.00,0.0000,0.0000,0.8783,0.5109,0.0000,-0.0000,0.0000,0.0000
2026-06-06 17:13:22.750,0,0,2,0.00,0.0000,0.0000,0.8783,0.5109,0.0000,-0.0000,0.0000,0.0000
2026-06-06 17:13:22.850,0,0,2,0.00,0.0000,0.0000,0.8783,0.5109,0.0000,-0.0000,0.0000,0.0000
2026-06-06 17:13:22.950,0,0,2,0.00,0.0000,0.0000,0.8783,0.5109,0.0000,-0.0000,0.0000,0.0000
2026-06-06 17:13:23.050,0,0,2,0.00,0.0000,0.0000,0.8783,0.5109,0.0000,-0.0000,0.0000,0.0000
2026-06-06 17:13:23.150,0,0,2,0.00,0.0000,0.0000,0.8783,0.5109,0.0000,-0.0000,0.0000,0.0000
2026-06-06 17:13:23.250,0,0,2,0.00,0.0000,0.0000,0.8783,0.5109,0.0000,-0.0000,0.0000,0.0000
2026-06-06 17:13:23.350,0,0,2,0.00,0.0000,0.0000,0.8783,0.5109,0.0000,-0.0000,0.0000,0.0000
2026-06-06 17:13:23.450,0,0,2,0.00,0.0000,0.0000,0.8783,0.5109,0.0000,-0.0000,0.0000,0.0000
2026-06-06 17:13:23.550,0,0,2,0.00,0.0000,0.0000,0.8783,0.5109,0.0000,-0.0000,0.0000,0.0000
2026-06-06 17:13:23.651,0,0,2,0.00,0.0000,0.0000,0.8783,0.5109,0.0000,-0.0000,0.0000,0.0000
2026-06-06 17:13:23.750,0,0,2,0.00,0.0000,0.0000,0.8783,0.5109,0.0000,-0.0000,0.0000,0.0000
2026-06-06 17:13:23.850,0,0,2,0.00,0.0000,0.0000,0.8783,0.5109,0.0000,-0.0000,0.0000,0.0000
2026-06-06 17:13:23.950,0,0,2,0.00,0.0000,0.0000,0.8783,0.5109,0.0000,-0.0000,0.0000,0.0000
2026-06-06 17:13:24.050,0,0,2,0.00,0.0000,0.0000,0.8783,0.5109,0.0000,-0.0000,0.0000,0.0000
2026-06-06 17:13:24.150,0,0,2,0.00,0.0000,0.0000,0.8783,0.5109,0.0000,-0.0000,0.0000,0.0000
2026-06-06 17:13:24.250,0,2,2,0.00,0.0000,0.0000,0.8783,0.5109,0.0000,-0.0000,0.0000,0.0000
2026-06-06 17:13:24.350,0,0,2,0.00,0.0000,0.0000,0.8783,0.5109,0.0000,-0.0000,0.0000,0.0000
2026-06-06 17:13:24.450,0,0,2,0.00,0.0000,0.0000,0.8783,0.5109,0.0000,-0.0000,0.0000,0.0000
2026-06-06 17:13:24.550,0,0,2,0.00,0.0000,0.0000,0.8783,0.5109,0.0000,-0.0000,0.0000,0.0000
2026-06-06 17:13:24.650,0,0,2,0.00,0.0000,0.0000,0.8783,0.5109,0.0000,-0.0000,0.0000,0.0000
2026-06-06 17:13:24.750,0,0,2,0.00,0.0000,0.0000,0.8783,0.5109,0.0000,-0.0000,0.0000,0.0000
2026-06-06 17:13:24.850,0,0,2,0.00,0.0000,0.0000,0.8783,0.5109,0.0000,-0.0000,0.0000,0.0000
2026-06-06 17:13:24.950,0,0,2,0.00,0.0000,0.0000,0.8783,0.5109,0.0000,-0.0000,0.0000,0.0000
2026-06-06 17:13:25.050,0,0,2,0.00,0.0000,0.0000,0.8783,0.5109,0.0000,-0.0000,0.0000,0.0000
2026-06-06 17:13:25.150,0,0,2,0.00,0.0000,0.0000,0.8783,0.5109,0.0000,-0.0000,0.0000,0.0000
2026-06-06 17:13:25.250,0,0,2,0.00,0.0000,0.0000,0.8783,0.5109,0.0000,-0.0000,0.0000,0.0000
2026-06-06 17:13:25.350,0,0,2,0.00,0.0000,0.0000,0.8783,0.5109,0.0000,-0.0000,0.0000,0.0000
2026-06-06 17:13:25.450,0,0,2,0.00,0.0000,0.0000,0.8783,0.5109,0.0000,-0.0000,0.0000,0.0000
2026-06-06 17:13:25.550,0,0,2,0.00,0.0000,0.0000,0.8783,0.5109,0.0000,-0.0000,0.0000,0.0000
2026-06-06 17:13:25.650,0,0,2,0.00,0.0000,0.0000,0.8783,0.5109,0.0000,-0.0000,0.0000,0.0000
2026-06-06 17:13:25.750,0,0,2,0.00,0.0000,0.0000,0.8783,0.5109,0.0000,-0.0000,0.0000,0.0000
2026-06-06 17:13:25.850,0,0,2,0.00,0.0000,0.0000,0.8783,0.5109,0.0000,-0.0000,0.0000,0.0000
2026-06-06 17:13:25.950,0,0,2,0.00,0.0000,0.0000,0.8783,0.5109,0.0000,-0.0000,0.0000,0.0000
2026-06-06 17:13:26.050,0,0,2,0.00,0.0000,0.0000,0.8783,0.5109,0.0000,-0.0000,0.0000,0.0000
2026-06-06 17:13:26.150,0,0,2,0.00,0.0000,0.0000,0.8783,0.5109,0.0000,-0.0000,0.0000,0.0000
2026-06-06 17:13:26.250,0,0,2,0.00,0.0000,0.0000,0.8783,0.5109,0.0000,-0.0000,0.0000,0.0000
2026-06-06 17:13:26.350,0,0,2,0.00,0.0000,0.0000,0.8783,0.5109,0.0000,-0.0000,0.0000,0.0000
2026-06-06 17:13:26.450,0,0,2,0.00,0.0000,0.0000,0.8783,0.5109,0.0000,-0.0000,0.0000,0.0000
2026-06-06 17:13:26.550,0,0,2,0.00,0.0000,0.0000,0.8783,0.5109,0.0000,-0.0000,0.0000,0.0000
2026-06-06 17:13:26.650,0,0,2,0.00,0.0000,0.0000,0.8783,0.5109,0.0000,-0.0000,0.0000,0.0000
2026-06-06 17:13:26.750,0,0,2,0.00,0.0000,0.0000,0.8783,0.5109,0.0000,-0.0000,0.0000,0.0000
2026-06-06 17:13:26.850,0,1,2,0.00,0.0000,0.0000,0.8783,0.5109,0.0000,-0.0000,0.0000,0.0000
2026-06-06 17:13:26.950,0,2,2,0.00,0.0000,0.0000,0.8783,0.5109,0.0000,-0.0000,0.0000,0.0000
2026-06-06 17:13:27.050,0,2,2,0.00,0.0000,0.0000,0.8783,0.5109,0.0000,-0.0000,0.0000,0.0000
2026-06-06 17:13:27.150,0,0,2,0.00,0.0000,0.0000,0.8783,0.5109,0.0000,-0.0000,0.0000,0.0000
2026-06-06 17:13:27.250,0,0,2,0.00,0.0000,0.0000,0.8783,0.5109,0.0000,-0.0000,0.0000,0.0000
2026-06-06 17:13:27.350,0,0,2,0.00,0.0000,0.0000,0.8783,0.5109,0.0000,-0.0000,0.0000,0.0000
2026-06-06 17:13:27.450,0,0,2,0.00,0.0000,0.0000,0.8783,0.5109,0.0000,-0.0000,0.0000,0.0000
2026-06-06 17:13:27.550,0,0,2,0.00,0.0000,0.0000,0.8783,0.5109,0.0000,-0.0000,0.0000,0.0000
2026-06-06 17:13:27.650,0,0,2,0.00,0.0000,0.0000,0.8783,0.5109,0.0000,-0.0000,0.0000,0.0000
2026-06-06 17:13:27.750,0,0,2,0.00,0.0000,0.0000,0.8783,0.5109,0.0000,-0.0000,0.0000,0.0000
2026-06-06 17:13:27.850,0,0,2,0.00,0.0000,0.0000,0.8783,0.5109,0.0000,-0.0000,0.0000,0.0000
2026-06-06 17:13:27.950,0,0,2,0.00,0.0000,0.0000,0.8783,0.5109,0.0000,-0.0000,0.0000,0.0000
2026-06-06 17:13:28.050,0,0,2,0.00,0.0000,0.0000,0.8783,0.5109,0.0000,-0.0000,0.0000,0.0000
2026-06-06 17:13:28.150,0,0,2,0.00,0.0000,0.0000,0.8783,0.5109,0.0000,-0.0000,0.0000,0.0000
2026-06-06 17:13:28.250,0,0,2,0.00,0.0000,0.0000,0.8783,0.5109,0.0000,-0.0000,0.0000,0.0000
2026-06-06 17:13:28.350,0,0,2,0.00,0.0000,0.0000,0.8783,0.5109,0.0000,-0.0000,0.0000,0.0000
2026-06-06 17:13:28.450,0,0,2,0.00,0.0000,0.0000,0.8783,0.5109,0.0000,-0.0000,0.0000,0.0000
2026-06-06 17:13:28.550,0,0,2,0.00,0.0000,0.0000,0.8783,0.5109,0.0000,-0.0000,0.0000,0.0000
2026-06-06 17:13:28.650,0,0,2,0.00,0.0000,0.0000,0.8783,0.5109,0.0000,-0.0000,0.0000,0.0000
2026-06-06 17:13:28.750,0,0,2,0.00,0.0000,0.0000,0.8783,0.5109,0.0000,-0.0000,0.0000,0.0000
2026-06-06 17:13:28.850,0,0,2,0.00,0.0000,0.0000,0.8783,0.5109,0.0000,-0.0000,0.0000,0.0000
2026-06-06 17:13:28.950,0,0,2,0.00,0.0000,0.0000,0.8783,0.5109,0.0000,-0.0000,0.0000,0.0000
2026-06-06 17:13:29.050,0,0,2,0.00,0.0000,0.0000,0.8783,0.5109,0.0000,-0.0000,0.0000,0.0000
2026-06-06 17:13:29.150,0,0,2,0.00,0.0000,0.0000,0.8783,0.5109,0.0000,-0.0000,0.0000,0.0000
2026-06-06 17:13:29.250,0,0,2,0.00,0.0000,0.0000,0.8783,0.5109,0.0000,-0.0000,0.0000,0.0000
2026-06-06 17:13:29.350,0,0,2,0.00,0.0000,0.0000,0.8783,0.5109,0.0000,-0.0000,0.0000,0.0000
2026-06-06 17:13:29.450,0,0,2,0.00,0.0000,0.0000,0.8783,0.5109,0.0000,-0.0000,0.0000,0.0000
2026-06-06 17:13:29.550,0,0,2,0.00,0.0000,0.0000,0.8783,0.5109,0.0000,-0.0000,0.0000,0.0000
2026-06-06 17:13:29.650,0,2,2,0.00,0.0000,0.0000,0.8783,0.5109,0.0000,-0.0000,0.0000,0.0000
2026-06-06 17:13:29.750,0,2,2,0.00,0.0000,0.0000,0.8783,0.5109,0.0000,-0.0000,0.0000,0.0000
2026-06-06 17:13:29.850,0,2,2,0.00,0.0000,0.0000,0.8783,0.5109,0.0000,-0.0000,0.0000,0.0000
2026-06-06 17:13:29.950,0,2,2,0.00,0.0000,0.0000,0.8783,0.5109,0.0000,-0.0000,0.0000,0.0000
2026-06-06 17:13:30.050,0,2,2,0.00,0.0000,0.0000,0.8783,0.5109,0.0000,-0.0000,0.0000,0.0000
2026-06-06 17:13:30.150,0,2,2,0.00,0.0000,0.0000,0.8783,0.5109,0.0000,-0.0000,0.0000,0.0000
2026-06-06 17:13:30.250,0,2,2,0.00,0.0000,0.0000,0.8783,0.5109,0.0000,-0.0000,0.0000,0.0000
2026-06-06 17:13:30.350,0,2,2,0.00,0.0000,0.0000,0.8783,0.5109,0.0000,-0.0000,0.0000,0.0000
2026-06-06 17:13:30.450,0,2,2,0.00,0.0000,0.0000,0.8783,0.5109,0.0000,-0.0000,0.0000,0.0000
2026-06-06 17:13:30.550,0,2,2,0.00,0.0000,0.0000,0.8783,0.5109,0.0000,-0.0000,0.0000,0.0000
2026-06-06 17:13:30.650,0,2,2,0.00,0.0000,0.0000,0.8783,0.5109,0.0000,-0.0000,0.0000,0.0000
2026-06-06 17:13:30.750,0,2,2,0.00,0.0000,0.0000,0.8783,0.5109,0.0000,-0.0000,0.0000,0.0000
2026-06-06 17:13:30.850,0,2,2,0.00,0.0000,0.0000,0.8783,0.5109,0.0000,-0.0000,0.0000,0.0000
2026-06-06 17:13:30.950,0,2,2,0.00,0.0000,0.0000,0.8783,0.5109,0.0000,-0.0000,0.0000,0.0000
2026-06-06 17:13:31.050,0,2,2,0.00,0.0000,0.0000,0.8783,0.5109,0.0000,-0.0000,0.0000,0.0000
2026-06-06 17:13:31.150,0,2,2,0.00,0.0000,0.0000,0.8783,0.5109,0.0000,-0.0000,0.0000,0.0000
2026-06-06 17:13:31.250,0,2,2,0.00,0.0000,0.0000,0.8783,0.5109,0.0000,-0.0000,0.0000,0.0000
2026-06-06 17:13:31.350,0,2,2,0.00,0.0000,0.0000,0.8783,0.5109,0.0000,-0.0000,0.0000,0.0000
2026-06-06 17:13:31.450,0,2,2,0.00,0.0000,0.0000,0.8783,0.5109,0.0000,-0.0000,0.0000,0.0000
2026-06-06 17:13:31.550,0,2,2,0.00,0.0000,0.0000,0.8783,0.5109,0.0000,-0.0000,0.0000,0.0000
2026-06-06 17:13:31.650,0,2,2,0.00,0.0000,0.0000,0.8783,0.5109,0.0000,-0.0000,0.0000,0.0000
2026-06-06 17:13:31.750,0,2,2,0.00,0.0000,0.0000,0.8783,0.5109,0.0000,-0.0000,0.0000,0.0000
2026-06-06 17:13:31.850,0,2,2,0.00,0.0000,0.0000,0.8783,0.5109,0.0000,-0.0000,0.0000,0.0000
2026-06-06 17:13:31.950,0,2,2,0.00,0.0000,0.0000,0.8783,0.5109,0.0000,-0.0000,0.0000,0.0000
2026-06-06 17:13:32.050,0,2,2,0.00,0.0000,0.0000,0.8783,0.5109,0.0000,-0.0000,0.0000,0.0000
2026-06-06 17:13:32.150,0,2,2,0.00,0.0000,0.0000,0.8783,0.5109,0.0000,-0.0000,0.0000,0.0000
2026-06-06 17:13:32.250,0,2,2,0.00,0.0000,0.0000,0.8783,0.5109,0.0000,-0.0000,0.0000,0.0000
2026-06-06 17:13:32.350,0,2,2,0.00,0.0000,0.0000,0.8783,0.5109,0.0000,-0.0000,0.0000,0.0000
2026-06-06 17:13:32.450,0,2,2,0.00,0.0000,0.0000,0.8783,0.5109,0.0000,-0.0000,0.0000,0.0000
2026-06-06 17:13:32.550,0,2,2,0.00,0.0000,0.0000,0.8783,0.5109,0.0000,-0.0000,0.0000,0.0000
2026-06-06 17:13:32.650,0,2,2,0.00,0.0000,0.0000,0.8783,0.5109,0.0000,-0.0000,0.0000,0.0000
2026-06-06 17:13:32.750,0,2,2,0.00,0.0000,0.0000,0.8783,0.5109,0.0000,-0.0000,0.0000,0.0000
2026-06-06 17:13:32.850,0,2,2,0.00,0.0000,0.0000,0.8783,0.5109,0.0000,-0.0000,0.0000,0.0000
2026-06-06 17:13:32.950,0,2,2,0.00,0.0000,0.0000,0.8783,0.5109,0.0000,-0.0000,0.0000,0.0000
2026-06-06 17:13:33.050,0,2,2,0.00,0.0000,0.0000,0.8783,0.5109,0.0000,-0.0000,0.0000,0.0000
2026-06-06 17:13:33.150,0,2,2,0.00,0.0000,0.0000,0.8783,0.5109,0.0000,-0.0000,0.0000,0.0000
2026-06-06 17:13:33.250,0,2,2,0.00,0.0000,0.0000,0.8783,0.5109,0.0000,-0.0000,0.0000,0.0000
2026-06-06 17:13:33.350,0,2,2,0.00,0.0000,0.0000,0.8783,0.5109,0.0000,-0.0000,0.0000,0.0000
2026-06-06 17:13:33.450,0,2,2,0.00,0.0000,0.0000,0.8783,0.5109,0.0000,-0.0000,0.0000,0.0000
2026-06-06 17:13:33.550,0,2,2,0.00,0.0000,0.0000,0.8783,0.5109,0.0000,-0.0000,0.0000,0.0000
2026-06-06 17:13:33.650,0,2,2,0.00,0.0000,0.0000,0.8783,0.5109,0.0000,-0.0000,0.0000,0.0000
2026-06-06 17:13:33.750,0,2,2,0.00,0.0000,0.0000,0.8783,0.5109,0.0000,-0.0000,0.0000,0.0000
2026-06-06 17:13:33.850,0,2,2,0.00,0.0000,0.0000,0.8783,0.5109,0.0000,-0.0000,0.0000,0.0000
2026-06-06 17:13:33.950,0,2,2,0.00,0.0000,0.0000,0.8783,0.5109,0.0000,-0.0000,0.0000,0.0000
2026-06-06 17:13:34.050,0,2,2,0.00,0.0000,0.0000,0.8783,0.5109,0.0000,-0.0000,0.0000,0.0000
2026-06-06 17:13:34.150,0,2,2,0.00,0.0000,0.0000,0.8783,0.5109,0.0000,-0.0000,0.0000,0.0000
2026-06-06 17:13:34.250,0,2,2,0.00,0.0000,0.0000,0.8783,0.5109,0.0000,-0.0000,0.0000,0.0000
2026-06-06 17:13:34.350,0,2,2,0.00,0.0000,0.0000,0.8783,0.5109,0.0000,-0.0000,0.0000,0.0000
2026-06-06 17:13:34.450,0,2,2,0.00,0.0000,0.0000,0.8783,0.5109,0.0000,-0.0000,0.0000,0.0000
2026-06-06 17:13:34.550,0,2,2,0.00,0.0000,0.0000,0.8783,0.5109,0.0000,-0.0000,0.0000,0.0000
2026-06-06 17:13:34.650,0,2,2,0.00,0.0000,0.0000,0.8783,0.5109,0.0000,-0.0000,0.0000,0.0000
2026-06-06 17:13:34.750,0,2,2,0.00,0.0000,0.0000,0.8783,0.5109,0.0000,-0.0000,0.0000,0.0000
2026-06-06 17:13:34.850,0,2,2,0.00,0.0000,0.0000,0.8783,0.5109,0.0000,-0.0000,0.0000,0.0000
2026-06-06 17:13:34.950,0,2,2,0.00,0.0000,0.0000,0.8783,0.5109,0.0000,-0.0000,0.0000,0.0000
2026-06-06 17:13:35.050,0,2,2,0.00,0.0000,0.0000,0.8783,0.5109,0.0000,-0.0000,0.0000,0.0000
2026-06-06 17:13:35.150,0,2,2,0.00,0.0000,0.0000,0.8783,0.5109,0.0000,-0.0000,0.0000,0.0000
2026-06-06 17:13:35.250,0,2,2,0.00,0.0000,0.0000,0.8783,0.5109,0.0000,-0.0000,0.0000,0.0000
2026-06-06 17:13:35.350,0,2,2,0.00,0.0000,0.0000,0.8783,0.5109,0.0000,-0.0000,0.0000,0.0000
2026-06-06 17:13:35.450,0,2,2,0.00,0.0000,0.0000,0.8783,0.5109,0.0000,-0.0000,0.0000,0.0000
2026-06-06 17:13:35.550,0,2,2,0.00,0.0000,0.0000,0.8783,0.5109,0.0000,-0.0000,0.0000,0.0000
2026-06-06 17:13:35.650,0,2,2,0.00,0.0000,0.0000,0.8783,0.5109,0.0000,-0.0000,0.0000,0.0000
2026-06-06 17:13:35.750,0,2,2,0.00,0.0000,0.0000,0.8783,0.5109,0.0000,-0.0000,0.0000,0.0000
2026-06-06 17:13:35.850,0,2,2,0.00,0.0000,0.0000,0.8783,0.5109,0.0000,-0.0000,0.0000,0.0000
2026-06-06 17:13:35.950,0,2,2,0.00,0.0000,0.0000,0.8783,0.5109,0.0000,-0.0000,0.0000,0.0000
2026-06-06 17:13:36.050,0,2,2,0.00,0.0000,0.0000,0.8783,0.5109,0.0000,-0.0000,0.0000,0.0000
2026-06-06 17:13:36.150,0,2,2,0.00,0.0000,0.0000,0.8783,0.5109,0.0000,-0.0000,0.0000,0.0000
2026-06-06 17:13:36.250,0,2,2,0.00,0.0000,0.0000,0.8783,0.5109,0.0000,-0.0000,0.0000,0.0000
2026-06-06 17:13:36.350,0,2,2,0.00,0.0000,0.0000,0.8783,0.5109,0.0000,-0.0000,0.0000,0.0000
2026-06-06 17:13:36.450,0,2,2,0.00,0.0000,0.0000,0.8783,0.5109,0.0000,-0.0000,0.0000,0.0000
2026-06-06 17:13:36.550,0,2,2,0.00,0.0000,0.0000,0.8783,0.5109,0.0000,-0.0000,0.0000,0.0000
2026-06-06 17:13:36.650,0,2,2,0.00,0.0000,0.0000,0.8783,0.5109,0.0000,-0.0000,0.0000,0.0000
2026-06-06 17:13:36.750,0,2,2,0.00,0.0000,0.0000,0.8783,0.5109,0.0000,-0.0000,0.0000,0.0000
2026-06-06 17:13:36.850,0,2,2,0.00,0.0000,0.0000,0.8783,0.5109,0.0000,-0.0000,0.0000,0.0000
2026-06-06 17:13:36.950,0,2,2,0.00,0.0000,0.0000,0.8783,0.5109,0.0000,-0.0000,0.0000,0.0000
2026-06-06 17:13:37.050,0,2,2,0.00,0.0000,0.0000,0.8783,0.5109,0.0000,-0.0000,0.0000,0.0000
2026-06-06 17:13:37.150,0,2,2,0.00,0.0000,0.0000,0.8783,0.5109,0.0000,-0.0000,0.0000,0.0000
2026-06-06 17:13:37.250,0,2,2,0.00,0.0000,0.0000,0.8783,0.5109,0.0000,-0.0000,0.0000,0.0000
2026-06-06 17:13:37.350,0,2,2,0.00,0.0000,0.0000,0.8783,0.5109,0.0000,-0.0000,0.0000,0.0000
2026-06-06 17:13:37.450,0,2,2,0.00,0.0000,0.0000,0.8783,0.5109,0.0000,-0.0000,0.0000,0.0000
2026-06-06 17:13:37.550,0,2,2,0.00,0.0000,0.0000,0.8783,0.5109,0.0000,-0.0000,0.0000,0.0000
2026-06-06 17:13:37.650,0,2,2,0.00,0.0000,0.0000,0.8783,0.5109,0.0000,-0.0000,0.0000,0.0000
2026-06-06 17:13:37.750,0,2,2,0.00,0.0000,0.0000,0.8783,0.5109,0.0000,-0.0000,0.0000,0.0000
2026-06-06 17:13:37.850,0,2,2,0.00,0.0000,0.0000,0.8783,0.5109,0.0000,-0.0000,0.0000,0.0000
2026-06-06 17:13:37.950,0,2,2,0.00,0.0000,0.0000,0.8783,0.5109,0.0000,-0.0000,0.0000,0.0000
2026-06-06 17:13:38.050,0,2,2,0.00,0.0000,0.0000,0.8783,0.5109,0.0000,-0.0000,0.0000,0.0000
2026-06-06 17:13:38.150,0,2,2,0.00,0.0000,0.0000,0.8783,0.5109,0.0000,-0.0000,0.0000,0.0000
2026-06-06 17:13:38.250,0,2,2,0.00,0.0000,0.0000,0.8783,0.5109,0.0000,-0.0000,0.0000,0.0000
2026-06-06 17:13:38.350,0,2,2,0.00,0.0000,0.0000,0.8783,0.5109,0.0000,-0.0000,0.0000,0.0000
2026-06-06 17:13:38.450,0,2,2,0.00,0.0000,0.0000,0.8783,0.5109,0.0000,-0.0000,0.0000,0.0000
2026-06-06 17:13:38.550,0,2,2,0.00,0.0000,0.0000,0.8783,0.5109,0.0000,-0.0000,0.0000,0.0000
2026-06-06 17:13:38.650,0,2,2,0.00,0.0000,0.0000,0.8783,0.5109,0.0000,-0.0000,0.0000,0.0000
2026-06-06 17:13:38.750,0,2,2,0.00,0.0000,0.0000,0.8783,0.5109,0.0000,-0.0000,0.0000,0.0000
2026-06-06 17:13:38.850,0,2,2,0.00,0.0000,0.0000,0.8783,0.5109,0.0000,-0.0000,0.0000,0.0000
2026-06-06 17:13:38.950,0,2,2,0.00,0.0000,0.0000,0.8783,0.5109,0.0000,-0.0000,0.0000,0.0000
2026-06-06 17:13:39.050,0,2,2,0.00,0.0000,0.0000,0.8783,0.5109,0.0000,-0.0000,0.0000,0.0000
2026-06-06 17:13:39.150,0,2,2,0.00,0.0000,0.0000,0.8783,0.5109,0.0000,-0.0000,0.0000,0.0000
2026-06-06 17:13:39.250,0,2,2,0.00,0.0000,0.0000,0.8783,0.5109,0.0000,-0.0000,0.0000,0.0000
2026-06-06 17:13:39.350,0,2,2,0.00,0.0000,0.0000,0.8783,0.5109,0.0000,-0.0000,0.0000,0.0000
2026-06-06 17:13:39.450,0,2,2,0.00,0.0000,0.0000,0.8783,0.5109,0.0000,-0.0000,0.0000,0.0000
2026-06-06 17:13:39.550,0,2,2,0.00,0.0000,0.0000,0.8783,0.5109,0.0000,-0.0000,0.0000,0.0000
2026-06-06 17:13:39.650,0,2,2,0.00,0.0000,0.0000,0.8783,0.5109,0.0000,-0.0000,0.0000,0.0000
2026-06-06 17:13:39.750,0,2,2,0.00,0.0000,0.0000,0.8783,0.5109,0.0000,-0.0000,0.0000,0.0000
2026-06-06 17:13:39.850,0,2,2,0.00,0.0000,0.0000,0.8783,0.5109,0.0000,-0.0000,0.0000,0.0000
2026-06-06 17:13:39.950,0,2,2,0.00,0.0000,0.0000,0.8783,0.5109,0.0000,-0.0000,0.0000,0.0000
2026-06-06 17:13:40.050,0,2,2,0.00,0.0000,0.0000,0.8783,0.5109,0.0000,-0.0000,0.0000,0.0000
2026-06-06 17:13:40.150,0,2,2,0.00,0.0000,0.0000,0.8783,0.5109,0.0000,-0.0000,0.0000,0.0000
2026-06-06 17:13:40.250,0,2,2,0.00,0.0000,0.0000,0.8783,0.5109,0.0000,-0.0000,0.0000,0.0000
2026-06-06 17:13:40.350,0,2,2,0.00,0.0000,0.0000,0.8783,0.5109,0.0000,-0.0000,0.0000,0.0000
2026-06-06 17:13:40.450,0,2,2,0.00,0.0000,0.0000,0.8783,0.5109,0.0000,-0.0000,0.0000,0.0000
2026-06-06 17:13:40.550,0,2,2,0.00,0.0000,0.0000,0.8783,0.5109,0.0000,-0.0000,0.0000,0.0000
2026-06-06 17:13:40.650,0,2,2,0.00,0.0000,0.0000,0.8783,0.5109,0.0000,-0.0000,0.0000,0.0000
2026-06-06 17:13:40.750,0,2,2,0.00,0.0000,0.0000,0.8783,0.5109,0.0000,-0.0000,0.0000,0.0000
2026-06-06 17:13:40.850,0,2,2,0.00,0.0000,0.0000,0.8783,0.5109,0.0000,-0.0000,0.0000,0.0000
2026-06-06 17:13:40.950,0,2,2,0.00,0.0000,0.0000,0.8783,0.5109,0.0000,-0.0000,0.0000,0.0000
2026-06-06 17:13:41.052,0,2,2,0.00,0.0000,0.0000,0.8783,0.5109,0.0000,-0.0000,0.0000,0.0000
2026-06-06 17:13:41.150,0,2,2,0.00,0.0000,0.0000,0.8783,0.5109,0.0000,-0.0000,0.0000,0.0000
2026-06-06 17:13:41.250,0,2,2,0.00,0.0000,0.0000,0.8783,0.5109,0.0000,-0.0000,0.0000,0.0000
2026-06-06 17:13:41.350,0,2,2,0.00,0.0000,0.0000,0.8783,0.5109,0.0000,-0.0000,0.0000,0.0000
2026-06-06 17:13:41.450,0,2,2,0.00,0.0000,0.0000,0.8783,0.5109,0.0000,-0.0000,0.0000,0.0000
2026-06-06 17:13:41.550,0,2,2,0.00,0.0000,0.0000,0.8783,0.5109,0.0000,-0.0000,0.0000,0.0000
2026-06-06 17:13:41.650,0,2,2,0.00,0.0000,0.0000,0.8783,0.5109,0.0000,-0.0000,0.0000,0.0000
2026-06-06 17:13:41.750,0,2,2,0.00,0.0000,0.0000,0.8783,0.5109,0.0000,-0.0000,0.0000,0.0000
2026-06-06 17:13:41.850,0,2,2,0.00,0.0000,0.0000,0.8783,0.5109,0.0000,-0.0000,0.0000,0.0000
2026-06-06 17:13:41.950,0,2,2,0.00,0.0000,0.0000,0.8783,0.5109,0.0000,-0.0000,0.0000,0.0000
2026-06-06 17:13:42.050,0,2,2,0.00,0.0000,0.0000,0.8783,0.5109,0.0000,-0.0000,0.0000,0.0000
2026-06-06 17:13:42.150,0,2,2,0.00,0.0000,0.0000,0.8783,0.5109,0.0000,-0.0000,0.0000,0.0000
2026-06-06 17:13:42.250,0,2,2,0.00,0.0000,0.0000,0.8783,0.5109,0.0000,-0.0000,0.0000,0.0000
2026-06-06 17:13:42.350,0,2,2,0.00,0.0000,0.0000,0.8783,0.5109,0.0000,-0.0000,0.0000,0.0000
2026-06-06 17:13:42.450,0,2,2,0.00,0.0000,0.0000,0.8783,0.5109,0.0000,-0.0000,0.0000,0.0000
2026-06-06 17:13:42.550,0,2,2,0.00,0.0000,0.0000,0.8783,0.5109,0.0000,-0.0000,0.0000,0.0000
2026-06-06 17:13:42.650,0,2,2,0.00,0.0000,0.0000,0.8783,0.5109,0.0000,-0.0000,0.0000,0.0000
2026-06-06 17:13:42.750,0,2,2,0.00,0.0000,0.0000,0.8783,0.5109,0.0000,-0.0000,0.0000,0.0000
2026-06-06 17:13:42.850,0,2,2,0.00,0.0000,0.0000,0.8783,0.5109,0.0000,-0.0000,0.0000,0.0000
2026-06-06 17:13:42.950,0,2,2,0.00,0.0000,0.0000,0.8783,0.5109,0.0000,-0.0000,0.0000,0.0000
2026-06-06 17:13:43.050,0,2,2,0.00,0.0000,0.0000,0.8783,0.5109,0.0000,-0.0000,0.0000,0.0000
2026-06-06 17:13:43.150,0,2,2,0.00,0.0000,0.0000,0.8783,0.5109,0.0000,-0.0000,0.0000,0.0000
2026-06-06 17:13:43.250,0,2,2,0.00,0.0000,0.0000,0.8783,0.5109,0.0000,-0.0000,0.0000,0.0000
2026-06-06 17:13:43.350,0,2,2,0.00,0.0000,0.0000,0.8783,0.5109,0.0000,-0.0000,0.0000,0.0000
2026-06-06 17:13:43.450,0,2,2,0.00,0.0000,0.0000,0.8783,0.5109,0.0000,-0.0000,0.0000,0.0000
2026-06-06 17:13:43.550,0,2,2,0.00,0.0000,0.0000,0.8783,0.5109,0.0000,-0.0000,0.0000,0.0000
2026-06-06 17:13:43.650,0,2,2,0.00,0.0000,0.0000,0.8783,0.5109,0.0000,-0.0000,0.0000,0.0000
2026-06-06 17:13:43.750,0,2,2,0.00,0.0000,0.0000,0.8783,0.5109,0.0000,-0.0000,0.0000,0.0000
2026-06-06 17:13:43.850,0,2,2,0.00,0.0000,0.0000,0.8783,0.5109,0.0000,-0.0000,0.0000,0.0000
2026-06-06 17:13:43.950,0,2,2,0.00,0.0000,0.0000,0.8783,0.5109,0.0000,-0.0000,0.0000,0.0000
2026-06-06 17:13:44.050,0,2,2,0.00,0.0000,0.0000,0.8783,0.5109,0.0000,-0.0000,0.0000,0.0000
2026-06-06 17:13:44.151,0,2,2,0.00,0.0000,0.0000,0.8783,0.5109,0.0000,-0.0000,0.0000,0.0000
2026-06-06 17:13:44.250,0,2,2,0.00,0.0000,0.0000,0.8783,0.5109,0.0000,-0.0000,0.0000,0.0000
2026-06-06 17:13:44.350,0,2,2,0.00,0.0000,0.0000,0.8783,0.5109,0.0000,-0.0000,0.0000,0.0000
2026-06-06 17:13:44.450,0,2,2,0.00,0.0000,0.0000,0.8783,0.5109,0.0000,-0.0000,0.0000,0.0000
2026-06-06 17:13:44.550,0,2,2,0.00,0.0000,0.0000,0.8783,0.5109,0.0000,-0.0000,0.0000,0.0000
2026-06-06 17:13:44.650,0,2,2,0.00,0.0000,0.0000,0.8783,0.5109,0.0000,-0.0000,0.0000,0.0000
2026-06-06 17:13:44.750,0,2,2,0.00,0.0000,0.0000,0.8783,0.5109,0.0000,-0.0000,0.0000,0.0000
2026-06-06 17:13:44.850,0,2,2,0.00,0.0000,0.0000,0.8783,0.5109,0.0000,-0.0000,0.0000,0.0000
2026-06-06 17:13:44.950,0,2,2,0.00,0.0000,0.0000,0.8783,0.5109,0.0000,-0.0000,0.0000,0.0000
2026-06-06 17:13:45.050,0,2,2,0.00,0.0000,0.0000,0.8783,0.5109,0.0000,-0.0000,0.0000,0.0000
2026-06-06 17:13:45.150,0,2,2,0.00,0.0000,0.0000,0.8783,0.5109,0.0000,-0.0000,0.0000,0.0000
2026-06-06 17:13:45.250,0,2,2,0.00,0.0000,0.0000,0.8783,0.5109,0.0000,-0.0000,0.0000,0.0000
2026-06-06 17:13:45.350,0,2,2,0.00,0.0000,0.0000,0.8783,0.5109,0.0000,-0.0000,0.0000,0.0000
2026-06-06 17:13:45.450,0,2,2,0.00,0.0000,0.0000,0.8783,0.5109,0.0000,-0.0000,0.0000,0.0000
2026-06-06 17:13:45.550,0,2,2,0.00,0.0000,0.0000,0.8783,0.5109,0.0000,-0.0000,0.0000,0.0000
2026-06-06 17:13:45.650,0,2,2,0.00,0.0000,0.0000,0.8783,0.5109,0.0000,-0.0000,0.0000,0.0000
2026-06-06 17:13:45.750,0,2,2,0.00,0.0000,0.0000,0.8783,0.5109,0.0000,-0.0000,0.0000,0.0000
2026-06-06 17:13:45.851,0,2,2,0.00,0.0000,0.0000,0.8783,0.5109,0.0000,-0.0000,0.0000,0.0000
2026-06-06 17:13:45.950,0,2,2,0.00,0.0000,0.0000,0.8783,0.5109,0.0000,-0.0000,0.0000,0.0000
2026-06-06 17:13:46.050,0,2,2,0.00,0.0000,0.0000,0.8783,0.5109,0.0000,-0.0000,0.0000,0.0000
2026-06-06 17:13:46.150,0,2,2,0.00,0.0000,0.0000,0.8783,0.5109,0.0000,-0.0000,0.0000,0.0000
2026-06-06 17:13:46.250,0,2,2,0.00,0.0000,0.0000,0.8783,0.5109,0.0000,-0.0000,0.0000,0.0000
2026-06-06 17:13:46.350,0,2,2,0.00,0.0000,0.0000,0.8783,0.5109,0.0000,-0.0000,0.0000,0.0000
2026-06-06 17:13:46.450,0,2,2,0.00,0.0000,0.0000,0.8783,0.5109,0.0000,-0.0000,0.0000,0.0000
2026-06-06 17:13:46.550,0,2,2,0.00,0.0000,0.0000,0.8783,0.5109,0.0000,-0.0000,0.0000,0.0000
2026-06-06 17:13:46.650,0,2,2,0.00,0.0000,0.0000,0.8783,0.5109,0.0000,-0.0000,0.0000,0.0000
2026-06-06 17:13:46.750,0,2,2,0.00,0.0000,0.0000,0.8783,0.5109,0.0000,-0.0000,0.0000,0.0000
2026-06-06 17:13:46.853,0,2,2,0.00,0.0000,0.0000,0.8783,0.5109,0.0000,-0.0000,0.0000,0.0000
2026-06-06 17:13:46.950,0,2,2,0.00,0.0000,0.0000,0.8783,0.5109,0.0000,-0.0000,0.0000,0.0000
2026-06-06 17:13:47.050,0,2,2,0.00,0.0000,0.0000,0.8783,0.5109,0.0000,-0.0000,0.0000,0.0000
2026-06-06 17:13:47.150,0,2,2,0.00,0.0000,0.0000,0.8783,0.5109,0.0000,-0.0000,0.0000,0.0000
2026-06-06 17:13:47.250,0,2,2,0.00,0.0000,0.0000,0.8783,0.5109,0.0000,-0.0000,0.0000,0.0000
2026-06-06 17:13:47.350,0,2,2,0.00,0.0000,0.0000,0.8783,0.5109,0.0000,-0.0000,0.0000,0.0000
2026-06-06 17:13:47.450,0,2,2,0.00,0.0000,0.0000,0.8783,0.5109,0.0000,-0.0000,0.0000,0.0000
2026-06-06 17:13:47.550,0,2,2,0.00,0.0000,0.0000,0.8783,0.5109,0.0000,-0.0000,0.0000,0.0000
2026-06-06 17:13:47.650,0,2,2,0.00,0.0000,0.0000,0.8783,0.5109,0.0000,-0.0000,0.0000,0.0000
2026-06-06 17:13:47.750,0,2,2,0.00,0.0000,0.0000,0.8783,0.5109,0.0000,-0.0000,0.0000,0.0000
2026-06-06 17:13:47.850,0,2,2,0.00,0.0000,0.0000,0.8783,0.5109,0.0000,-0.0000,0.0000,0.0000
2026-06-06 17:13:47.950,0,2,2,0.00,0.0000,0.0000,0.8783,0.5109,0.0000,-0.0000,0.0000,0.0000
2026-06-06 17:13:48.050,0,2,2,0.00,0.0000,0.0000,0.8783,0.5109,0.0000,-0.0000,0.0000,0.0000
2026-06-06 17:13:48.150,0,2,2,0.00,0.0000,0.0000,0.8783,0.5109,0.0000,-0.0000,0.0000,0.0000
2026-06-06 17:13:48.250,0,2,2,0.00,0.0000,0.0000,0.8783,0.5109,0.0000,-0.0000,0.0000,0.0000
2026-06-06 17:13:48.350,0,2,2,0.00,0.0000,0.0000,0.8783,0.5109,0.0000,-0.0000,0.0000,0.0000
2026-06-06 17:13:48.450,0,2,2,0.00,0.0000,0.0000,0.8783,0.5109,0.0000,-0.0000,0.0000,0.0000
2026-06-06 17:13:48.550,0,2,2,0.00,0.0000,0.0000,0.8783,0.5109,0.0000,-0.0000,0.0000,0.0000
2026-06-06 17:13:48.650,0,2,2,0.00,0.0000,0.0000,0.8783,0.5109,0.0000,-0.0000,0.0000,0.0000
2026-06-06 17:13:48.750,0,2,2,0.00,0.0000,0.0000,0.8783,0.5109,0.0000,-0.0000,0.0000,0.0000
2026-06-06 17:13:48.850,0,2,2,0.00,0.0000,0.0000,0.8783,0.5109,0.0000,-0.0000,0.0000,0.0000
2026-06-06 17:13:48.950,0,2,2,0.00,0.0000,0.0000,0.8783,0.5109,0.0000,-0.0000,0.0000,0.0000
2026-06-06 17:13:49.050,0,2,2,0.00,0.0000,0.0000,0.8783,0.5109,0.0000,-0.0000,0.0000,0.0000
2026-06-06 17:13:49.150,0,2,2,0.00,0.0000,0.0000,0.8783,0.5109,0.0000,-0.0000,0.0000,0.0000
2026-06-06 17:13:49.250,0,2,2,0.00,0.0000,0.0000,0.8783,0.5109,0.0000,-0.0000,0.0000,0.0000
2026-06-06 17:13:49.350,0,2,2,0.00,0.0000,0.0000,0.8783,0.5109,0.0000,-0.0000,0.0000,0.0000
2026-06-06 17:13:49.450,0,2,2,0.00,0.0000,0.0000,0.8783,0.5109,0.0000,-0.0000,0.0000,0.0000
2026-06-06 17:13:49.550,0,2,2,0.00,0.0000,0.0000,0.8783,0.5109,0.0000,-0.0000,0.0000,0.0000
2026-06-06 17:13:49.650,0,2,2,0.00,0.0000,0.0000,0.8783,0.5109,0.0000,-0.0000,0.0000,0.0000
2026-06-06 17:13:49.750,0,2,2,0.00,0.0000,0.0000,0.8783,0.5109,0.0000,-0.0000,0.0000,0.0000
2026-06-06 17:13:49.850,0,2,2,0.00,0.0000,0.0000,0.8783,0.5109,0.0000,-0.0000,0.0000,0.0000
2026-06-06 17:13:49.950,0,2,2,0.00,0.0000,0.0000,0.8783,0.5109,0.0000,-0.0000,0.0000,0.0000
2026-06-06 17:13:50.050,0,2,2,0.00,0.0000,0.0000,0.8783,0.5109,0.0000,-0.0000,0.0000,0.0000
2026-06-06 17:13:50.150,0,2,2,0.00,0.0000,0.0000,0.8783,0.5109,0.0000,-0.0000,0.0000,0.0000
2026-06-06 17:13:50.252,0,2,2,0.00,0.0000,0.0000,0.8783,0.5109,0.0000,-0.0000,0.0000,0.0000
2026-06-06 17:13:50.350,0,2,2,0.00,0.0000,0.0000,0.8783,0.5109,0.0000,-0.0000,0.0000,0.0000
2026-06-06 17:13:50.450,0,2,2,0.00,0.0000,0.0000,0.8783,0.5109,0.0000,-0.0000,0.0000,0.0000
2026-06-06 17:13:50.550,0,2,2,0.00,0.0000,0.0000,0.8783,0.5109,0.0000,-0.0000,0.0000,0.0000
2026-06-06 17:13:50.650,0,2,2,0.00,0.0000,0.0000,0.8783,0.5109,0.0000,-0.0000,0.0000,0.0000
2026-06-06 17:13:50.750,0,2,2,0.00,0.0000,0.0000,0.8783,0.5109,0.0000,-0.0000,0.0000,0.0000
2026-06-06 17:13:50.850,0,2,2,0.00,0.0000,0.0000,0.8783,0.5109,0.0000,-0.0000,0.0000,0.0000
2026-06-06 17:13:50.950,0,2,2,0.00,0.0000,0.0000,0.8783,0.5109,0.0000,-0.0000,0.0000,0.0000
2026-06-06 17:13:51.050,0,2,2,0.00,0.0000,0.0000,0.8783,0.5109,0.0000,-0.0000,0.0000,0.0000
2026-06-06 17:13:51.150,0,2,2,0.00,0.0000,0.0000,0.8783,0.5109,0.0000,-0.0000,0.0000,0.0000
2026-06-06 17:13:51.250,0,2,2,0.00,0.0000,0.0000,0.8783,0.5109,0.0000,-0.0000,0.0000,0.0000
2026-06-06 17:13:51.350,0,2,2,0.00,0.0000,0.0000,0.8783,0.5109,0.0000,-0.0000,0.0000,0.0000
2026-06-06 17:13:51.450,0,2,2,0.00,0.0000,0.0000,0.8783,0.5109,0.0000,-0.0000,0.0000,0.0000
2026-06-06 17:13:51.550,0,2,2,0.00,0.0000,0.0000,0.8783,0.5109,0.0000,-0.0000,0.0000,0.0000
2026-06-06 17:13:51.650,0,2,2,0.00,0.0000,0.0000,0.8783,0.5109,0.0000,-0.0000,0.0000,0.0000
2026-06-06 17:13:51.750,0,2,2,0.00,0.0000,0.0000,0.8783,0.5109,0.0000,-0.0000,0.0000,0.0000
2026-06-06 17:13:51.850,0,2,2,0.00,0.0000,0.0000,0.8783,0.5109,0.0000,-0.0000,0.0000,0.0000
2026-06-06 17:13:51.950,0,2,2,0.00,0.0000,0.0000,0.8783,0.5109,0.0000,-0.0000,0.0000,0.0000
2026-06-06 17:13:52.050,0,2,2,0.00,0.0000,0.0000,0.8783,0.5109,0.0000,-0.0000,0.0000,0.0000
2026-06-06 17:13:52.150,0,2,2,0.00,0.0000,0.0000,0.8783,0.5109,0.0000,-0.0000,0.0000,0.0000
2026-06-06 17:13:52.250,0,2,2,0.00,0.0000,0.0000,0.8783,0.5109,0.0000,-0.0000,0.0000,0.0000
2026-06-06 17:13:52.351,0,2,2,0.00,0.0000,0.0000,0.8783,0.5109,0.0000,-0.0000,0.0000,0.0000
2026-06-06 17:13:52.450,0,2,2,0.00,0.0000,0.0000,0.8783,0.5109,0.0000,-0.0000,0.0000,0.0000
2026-06-06 17:13:52.550,0,2,2,0.00,0.0000,0.0000,0.8783,0.5109,0.0000,-0.0000,0.0000,0.0000
2026-06-06 17:13:52.650,0,2,2,0.00,0.0000,0.0000,0.8783,0.5109,0.0000,-0.0000,0.0000,0.0000
2026-06-06 17:13:52.750,0,2,2,0.00,0.0000,0.0000,0.8783,0.5109,0.0000,-0.0000,0.0000,0.0000
2026-06-06 17:13:52.850,0,2,2,0.00,0.0000,0.0000,0.8783,0.5109,0.0000,-0.0000,0.0000,0.0000
2026-06-06 17:13:52.950,0,2,2,0.00,0.0000,0.0000,0.8783,0.5109,0.0000,-0.0000,0.0000,0.0000
2026-06-06 17:13:53.050,0,2,2,0.00,0.0000,0.0000,0.8783,0.5109,0.0000,-0.0000,0.0000,0.0000
2026-06-06 17:13:53.150,0,2,2,0.00,0.0000,0.0000,0.8783,0.5109,0.0000,-0.0000,0.0000,0.0000
2026-06-06 17:13:53.250,0,2,2,0.00,0.0000,0.0000,0.8783,0.5109,0.0000,-0.0000,0.0000,0.0000
2026-06-06 17:13:53.350,0,2,2,0.00,0.0000,0.0000,0.8783,0.5109,0.0000,-0.0000,0.0000,0.0000
2026-06-06 17:13:53.450,0,2,2,0.00,0.0000,0.0000,0.8783,0.5109,0.0000,-0.0000,0.0000,0.0000
2026-06-06 17:13:53.550,0,2,2,0.00,0.0000,0.0000,0.8783,0.5109,0.0000,-0.0000,0.0000,0.0000
2026-06-06 17:13:53.650,0,2,2,0.00,0.0000,0.0000,0.8783,0.5109,0.0000,-0.0000,0.0000,0.0000
2026-06-06 17:13:53.750,0,2,2,0.00,0.0000,0.0000,0.8783,0.5109,0.0000,-0.0000,0.0000,0.0000
2026-06-06 17:13:53.850,0,2,2,0.00,0.0000,0.0000,0.8783,0.5109,0.0000,-0.0000,0.0000,0.0000
2026-06-06 17:13:53.950,0,2,2,0.00,0.0000,0.0000,0.8783,0.5109,0.0000,-0.0000,0.0000,0.0000
2026-06-06 17:13:54.050,0,2,2,0.00,0.0000,0.0000,0.8783,0.5109,0.0000,-0.0000,0.0000,0.0000
2026-06-06 17:13:54.150,0,2,2,0.00,0.0000,0.0000,0.8783,0.5109,0.0000,-0.0000,0.0000,0.0000
2026-06-06 17:13:54.250,0,2,2,0.00,0.0000,0.0000,0.8783,0.5109,0.0000,-0.0000,0.0000,0.0000
2026-06-06 17:13:54.350,0,2,2,0.00,0.0000,0.0000,0.8783,0.5109,0.0000,-0.0000,0.0000,0.0000
2026-06-06 17:13:54.450,0,2,2,0.00,0.0000,0.0000,0.8783,0.5109,0.0000,-0.0000,0.0000,0.0000
2026-06-06 17:13:54.550,0,2,2,0.00,0.0000,0.0000,0.8783,0.5109,0.0000,-0.0000,0.0000,0.0000
2026-06-06 17:13:54.650,0,2,2,0.00,0.0000,0.0000,0.8783,0.5109,0.0000,-0.0000,0.0000,0.0000
2026-06-06 17:13:54.750,0,2,2,0.00,0.0000,0.0000,0.8783,0.5109,0.0000,-0.0000,0.0000,0.0000
2026-06-06 17:13:54.850,0,2,2,0.00,0.0000,0.0000,0.8783,0.5109,0.0000,-0.0000,0.0000,0.0000
2026-06-06 17:13:54.950,0,2,2,0.00,0.0000,0.0000,0.8783,0.5109,0.0000,-0.0000,0.0000,0.0000
2026-06-06 17:13:55.050,0,2,2,0.00,0.0000,0.0000,0.8783,0.5109,0.0000,-0.0000,0.0000,0.0000
2026-06-06 17:13:55.150,0,2,2,0.00,0.0000,0.0000,0.8783,0.5109,0.0000,-0.0000,0.0000,0.0000
2026-06-06 17:13:55.250,0,2,2,0.00,0.0000,0.0000,0.8783,0.5109,0.0000,-0.0000,0.0000,0.0000
2026-06-06 17:13:55.350,0,2,2,0.00,0.0000,0.0000,0.8783,0.5109,0.0000,-0.0000,0.0000,0.0000
2026-06-06 17:13:55.450,0,2,2,0.00,0.0000,0.0000,0.8783,0.5109,0.0000,-0.0000,0.0000,0.0000
2026-06-06 17:13:55.550,0,2,2,0.00,0.0000,0.0000,0.8783,0.5109,0.0000,-0.0000,0.0000,0.0000
2026-06-06 17:13:55.650,0,2,2,0.00,0.0000,0.0000,0.8783,0.5109,0.0000,-0.0000,0.0000,0.0000
2026-06-06 17:13:55.750,0,2,2,0.00,0.0000,0.0000,0.8783,0.5109,0.0000,-0.0000,0.0000,0.0000
2026-06-06 17:13:55.850,0,2,2,0.00,0.0000,0.0000,0.8783,0.5109,0.0000,-0.0000,0.0000,0.0000
2026-06-06 17:13:55.950,0,2,2,0.00,0.0000,0.0000,0.8783,0.5109,0.0000,-0.0000,0.0000,0.0000
2026-06-06 17:13:56.050,0,2,2,0.00,0.0000,0.0000,0.8783,0.5109,0.0000,-0.0000,0.0000,0.0000
2026-06-06 17:13:56.150,0,2,2,0.00,0.0000,0.0000,0.8783,0.5109,0.0000,-0.0000,0.0000,0.0000
2026-06-06 17:13:56.250,0,2,2,0.00,0.0000,0.0000,0.8783,0.5109,0.0000,-0.0000,0.0000,0.0000
2026-06-06 17:13:56.350,0,2,2,0.00,0.0000,0.0000,0.8783,0.5109,0.0000,-0.0000,0.0000,0.0000
2026-06-06 17:13:56.450,0,2,2,0.00,0.0000,0.0000,0.8783,0.5109,0.0000,-0.0000,0.0000,0.0000
2026-06-06 17:13:56.550,0,2,2,0.00,0.0000,0.0000,0.8783,0.5109,0.0000,-0.0000,0.0000,0.0000
2026-06-06 17:13:56.650,0,2,2,0.00,0.0000,0.0000,0.8783,0.5109,0.0000,-0.0000,0.0000,0.0000
2026-06-06 17:13:56.750,0,2,2,0.00,0.0000,0.0000,0.8783,0.5109,0.0000,-0.0000,0.0000,0.0000
2026-06-06 17:13:56.850,0,2,2,0.00,0.0000,0.0000,0.8783,0.5109,0.0000,-0.0000,0.0000,0.0000
2026-06-06 17:13:56.950,0,2,2,0.00,0.0000,0.0000,0.8783,0.5109,0.0000,-0.0000,0.0000,0.0000
2026-06-06 17:13:57.050,0,2,2,0.00,0.0000,0.0000,0.8783,0.5109,0.0000,-0.0000,0.0000,0.0000
2026-06-06 17:13:57.150,0,2,2,0.00,0.0000,0.0000,0.8783,0.5109,0.0000,-0.0000,0.0000,0.0000
2026-06-06 17:13:57.250,0,2,2,0.00,0.0000,0.0000,0.8783,0.5109,0.0000,-0.0000,0.0000,0.0000
2026-06-06 17:13:57.350,0,2,2,0.00,0.0000,0.0000,0.8783,0.5109,0.0000,-0.0000,0.0000,0.0000
2026-06-06 17:13:57.450,0,2,2,0.00,0.0000,0.0000,0.8783,0.5109,0.0000,-0.0000,0.0000,0.0000
2026-06-06 17:13:57.550,0,2,2,0.00,0.0000,0.0000,0.8783,0.5109,0.0000,-0.0000,0.0000,0.0000
2026-06-06 17:13:57.650,0,2,2,0.00,0.0000,0.0000,0.8783,0.5109,0.0000,-0.0000,0.0000,0.0000
2026-06-06 17:13:57.750,0,2,2,0.00,0.0000,0.0000,0.8783,0.5109,0.0000,-0.0000,0.0000,0.0000
2026-06-06 17:13:57.850,0,2,2,0.00,0.0000,0.0000,0.8783,0.5109,0.0000,-0.0000,0.0000,0.0000
2026-06-06 17:13:57.950,0,2,2,0.00,0.0000,0.0000,0.8783,0.5109,0.0000,-0.0000,0.0000,0.0000
2026-06-06 17:13:58.050,0,2,2,0.00,0.0000,0.0000,0.8783,0.5109,0.0000,-0.0000,0.0000,0.0000
2026-06-06 17:13:58.150,0,2,2,0.00,0.0000,0.0000,0.8783,0.5109,0.0000,-0.0000,0.0000,0.0000
2026-06-06 17:13:58.250,0,2,2,0.00,0.0000,0.0000,0.8783,0.5109,0.0000,-0.0000,0.0000,0.0000
2026-06-06 17:13:58.350,0,2,2,0.00,0.0000,0.0000,0.8783,0.5109,0.0000,-0.0000,0.0000,0.0000
2026-06-06 17:13:58.450,0,2,2,0.00,0.0000,0.0000,0.8783,0.5109,0.0000,-0.0000,0.0000,0.0000
2026-06-06 17:13:58.550,0,2,2,0.00,0.0000,0.0000,0.8783,0.5109,0.0000,-0.0000,0.0000,0.0000
2026-06-06 17:13:58.650,0,2,2,0.00,0.0000,0.0000,0.8783,0.5109,0.0000,-0.0000,0.0000,0.0000
2026-06-06 17:13:58.750,0,2,2,0.00,0.0000,0.0000,0.8783,0.5109,0.0000,-0.0000,0.0000,0.0000
2026-06-06 17:13:58.850,0,2,2,0.00,0.0000,0.0000,0.8783,0.5109,0.0000,-0.0000,0.0000,0.0000
2026-06-06 17:13:58.950,0,2,2,0.00,0.0000,0.0000,0.8783,0.5109,0.0000,-0.0000,0.0000,0.0000
2026-06-06 17:13:59.050,0,2,2,0.00,0.0000,0.0000,0.8783,0.5109,0.0000,-0.0000,0.0000,0.0000
2026-06-06 17:13:59.151,0,2,2,0.00,0.0000,0.0000,0.8783,0.5109,0.0000,-0.0000,0.0000,0.0000
2026-06-06 17:13:59.250,0,1,2,0.00,0.0000,0.0000,0.8783,0.5109,0.0000,-0.0000,0.0000,0.0000
2026-06-06 17:13:59.350,0,2,2,0.00,0.0000,0.0000,0.8783,0.5109,0.0000,-0.0000,0.0000,0.0000
2026-06-06 17:13:59.450,0,2,2,0.00,0.0000,0.0000,0.8783,0.5109,0.0000,-0.0000,0.0000,0.0000
2026-06-06 17:13:59.550,0,2,2,0.00,0.0000,0.0000,0.8783,0.5109,0.0000,-0.0000,0.0000,0.0000
2026-06-06 17:13:59.650,0,2,2,0.00,0.0000,0.0000,0.8783,0.5109,0.0000,-0.0000,0.0000,0.0000
2026-06-06 17:13:59.750,0,2,2,0.00,0.0000,0.0000,0.8783,0.5109,0.0000,-0.0000,0.0000,0.0000
2026-06-06 17:13:59.850,0,2,2,0.00,0.0000,0.0000,0.8783,0.5109,0.0000,-0.0000,0.0000,0.0000
2026-06-06 17:13:59.950,0,2,2,0.00,0.0000,0.0000,0.8783,0.5109,0.0000,-0.0000,0.0000,0.0000
2026-06-06 17:14:00.050,0,2,2,0.00,0.0000,0.0000,0.8783,0.5109,0.0000,-0.0000,0.0000,0.0000
2026-06-06 17:14:00.150,0,2,2,0.00,0.0000,0.0000,0.8783,0.5109,0.0000,-0.0000,0.0000,0.0000
2026-06-06 17:14:00.250,0,2,2,0.00,0.0000,0.0000,0.8783,0.5109,0.0000,-0.0000,0.0000,0.0000
2026-06-06 17:14:00.350,0,2,2,0.00,0.0000,0.0000,0.8783,0.5109,0.0000,-0.0000,0.0000,0.0000
2026-06-06 17:14:00.450,0,2,2,0.00,0.0000,0.0000,0.8783,0.5109,0.0000,-0.0000,0.0000,0.0000
2026-06-06 17:14:00.550,0,2,2,0.00,0.0000,0.0000,0.8783,0.5109,0.0000,-0.0000,0.0000,0.0000
2026-06-06 17:14:00.650,0,2,2,0.00,0.0000,0.0000,0.8783,0.5109,0.0000,-0.0000,0.0000,0.0000
2026-06-06 17:14:00.750,0,2,2,0.00,0.0000,0.0000,0.8783,0.5109,0.0000,-0.0000,0.0000,0.0000
2026-06-06 17:14:00.850,0,2,2,0.00,0.0000,0.0000,0.8783,0.5109,0.0000,-0.0000,0.0000,0.0000
2026-06-06 17:14:00.950,0,2,2,0.00,0.0000,0.0000,0.8783,0.5109,0.0000,-0.0000,0.0000,0.0000
2026-06-06 17:14:01.050,0,2,2,0.00,0.0000,0.0000,0.8783,0.5109,0.0000,-0.0000,0.0000,0.0000
2026-06-06 17:14:01.150,0,2,2,0.00,0.0000,0.0000,0.8783,0.5109,0.0000,-0.0000,0.0000,0.0000
2026-06-06 17:14:01.250,0,2,2,0.00,0.0000,0.0000,0.8783,0.5109,0.0000,-0.0000,0.0000,0.0000
2026-06-06 17:14:01.350,0,2,2,0.00,0.0000,0.0000,0.8783,0.5109,0.0000,-0.0000,0.0000,0.0000
2026-06-06 17:14:01.450,0,2,2,0.00,0.0000,0.0000,0.8783,0.5109,0.0000,-0.0000,0.0000,0.0000
2026-06-06 17:14:01.550,0,2,2,0.00,0.0000,0.0000,0.8783,0.5109,0.0000,-0.0000,0.0000,0.0000
2026-06-06 17:14:01.650,0,2,2,0.00,0.0000,0.0000,0.8783,0.5109,0.0000,-0.0000,0.0000,0.0000
2026-06-06 17:14:01.750,0,2,2,0.00,0.0000,0.0000,0.8783,0.5109,0.0000,-0.0000,0.0000,0.0000
2026-06-06 17:14:01.850,0,2,2,0.00,0.0000,0.0000,0.8783,0.5109,0.0000,-0.0000,0.0000,0.0000
2026-06-06 17:14:01.950,0,2,2,0.00,0.0000,0.0000,0.8783,0.5109,0.0000,-0.0000,0.0000,0.0000
2026-06-06 17:14:02.050,0,2,2,0.00,0.0000,0.0000,0.8783,0.5109,0.0000,-0.0000,0.0000,0.0000
2026-06-06 17:14:02.150,0,2,2,0.00,0.0000,0.0000,0.8783,0.5109,0.0000,-0.0000,0.0000,0.0000
2026-06-06 17:14:02.250,0,2,2,0.00,0.0000,0.0000,0.8783,0.5109,0.0000,-0.0000,0.0000,0.0000
2026-06-06 17:14:02.350,0,2,2,0.00,0.0000,0.0000,0.8783,0.5109,0.0000,-0.0000,0.0000,0.0000
2026-06-06 17:14:02.450,0,2,2,0.00,0.0000,0.0000,0.8783,0.5109,0.0000,-0.0000,0.0000,0.0000
2026-06-06 17:14:02.550,0,2,2,0.00,0.0000,0.0000,0.8783,0.5109,0.0000,-0.0000,0.0000,0.0000
2026-06-06 17:14:02.650,0,2,2,0.00,0.0000,0.0000,0.8783,0.5109,0.0000,-0.0000,0.0000,0.0000
2026-06-06 17:14:02.750,0,2,2,0.00,0.0000,0.0000,0.8783,0.5109,0.0000,-0.0000,0.0000,0.0000
2026-06-06 17:14:02.850,0,2,2,0.00,0.0000,0.0000,0.8783,0.5109,0.0000,-0.0000,0.0000,0.0000
2026-06-06 17:14:02.950,0,2,2,0.00,0.0000,0.0000,0.8783,0.5109,0.0000,-0.0000,0.0000,0.0000
2026-06-06 17:14:03.050,0,2,2,0.00,0.0000,0.0000,0.8783,0.5109,0.0000,-0.0000,0.0000,0.0000
2026-06-06 17:14:03.150,0,2,2,0.00,0.0000,0.0000,0.8783,0.5109,0.0000,-0.0000,0.0000,0.0000
2026-06-06 17:14:03.250,0,2,2,0.00,0.0000,0.0000,0.8783,0.5109,0.0000,-0.0000,0.0000,0.0000
2026-06-06 17:14:03.350,0,2,2,0.00,0.0000,0.0000,0.8783,0.5109,0.0000,-0.0000,0.0000,0.0000
2026-06-06 17:14:03.450,0,2,2,0.00,0.0000,0.0000,0.8783,0.5109,0.0000,-0.0000,0.0000,0.0000
2026-06-06 17:14:03.550,0,2,2,0.00,0.0000,0.0000,0.8783,0.5109,0.0000,-0.0000,0.0000,0.0000
2026-06-06 17:14:03.650,0,2,2,0.00,0.0000,0.0000,0.8783,0.5109,0.0000,-0.0000,0.0000,0.0000
2026-06-06 17:14:03.750,0,2,2,0.00,0.0000,0.0000,0.8783,0.5109,0.0000,-0.0000,0.0000,0.0000
2026-06-06 17:14:03.850,0,2,2,0.00,0.0000,0.0000,0.8783,0.5109,0.0000,-0.0000,0.0000,0.0000
2026-06-06 17:14:03.950,0,2,2,0.00,0.0000,0.0000,0.8783,0.5109,0.0000,-0.0000,0.0000,0.0000
2026-06-06 17:14:04.050,0,2,2,0.00,0.0000,0.0000,0.8783,0.5109,0.0000,-0.0000,0.0000,0.0000
2026-06-06 17:14:04.150,0,2,2,0.00,0.0000,0.0000,0.8783,0.5109,0.0000,-0.0000,0.0000,0.0000
2026-06-06 17:14:04.250,0,2,2,0.00,0.0000,0.0000,0.8783,0.5109,0.0000,-0.0000,0.0000,0.0000
2026-06-06 17:14:04.350,0,2,2,0.00,0.0000,0.0000,0.8783,0.5109,0.0000,-0.0000,0.0000,0.0000
2026-06-06 17:14:04.450,0,2,2,0.00,0.0000,0.0000,0.8783,0.5109,0.0000,-0.0000,0.0000,0.0000
2026-06-06 17:14:04.550,0,2,2,0.00,0.0000,0.0000,0.8783,0.5109,0.0000,-0.0000,0.0000,0.0000
2026-06-06 17:14:04.650,0,2,2,0.00,0.0000,0.0000,0.8783,0.5109,0.0000,-0.0000,0.0000,0.0000
2026-06-06 17:14:04.750,0,2,2,0.00,0.0000,0.0000,0.8783,0.5109,0.0000,-0.0000,0.0000,0.0000
2026-06-06 17:14:04.850,0,2,2,0.00,0.0000,0.0000,0.8783,0.5109,0.0000,-0.0000,0.0000,0.0000
2026-06-06 17:14:04.950,0,2,2,0.00,0.0000,0.0000,0.8783,0.5109,0.0000,-0.0000,0.0000,0.0000
2026-06-06 17:14:05.050,0,2,2,0.00,0.0000,0.0000,0.8783,0.5109,0.0000,-0.0000,0.0000,0.0000
2026-06-06 17:14:05.150,0,2,2,0.00,0.0000,0.0000,0.8783,0.5109,0.0000,-0.0000,0.0000,0.0000
2026-06-06 17:14:05.250,0,2,2,0.00,0.0000,0.0000,0.8783,0.5109,0.0000,-0.0000,0.0000,0.0000
2026-06-06 17:14:05.350,0,2,2,0.00,0.0000,0.0000,0.8783,0.5109,0.0000,-0.0000,0.0000,0.0000
2026-06-06 17:14:05.450,0,2,2,0.00,0.0000,0.0000,0.8783,0.5109,0.0000,-0.0000,0.0000,0.0000
2026-06-06 17:14:05.550,0,2,2,0.00,0.0000,0.0000,0.8783,0.5109,0.0000,-0.0000,0.0000,0.0000
2026-06-06 17:14:05.650,0,2,2,0.00,0.0000,0.0000,0.8783,0.5109,0.0000,-0.0000,0.0000,0.0000
2026-06-06 17:14:05.750,0,2,2,0.00,0.0000,0.0000,0.8783,0.5109,0.0000,-0.0000,0.0000,0.0000
2026-06-06 17:14:05.850,0,2,2,0.00,0.0000,0.0000,0.8783,0.5109,0.0000,-0.0000,0.0000,0.0000
2026-06-06 17:14:05.950,0,2,2,0.00,0.0000,0.0000,0.8783,0.5109,0.0000,-0.0000,0.0000,0.0000
2026-06-06 17:14:06.050,0,2,2,0.00,0.0000,0.0000,0.8783,0.5109,0.0000,-0.0000,0.0000,0.0000
2026-06-06 17:14:06.150,0,2,2,0.00,0.0000,0.0000,0.8783,0.5109,0.0000,-0.0000,0.0000,0.0000
2026-06-06 17:14:06.250,0,2,2,0.00,0.0000,0.0000,0.8783,0.5109,0.0000,-0.0000,0.0000,0.0000
2026-06-06 17:14:06.350,0,2,2,0.00,0.0000,0.0000,0.8783,0.5109,0.0000,-0.0000,0.0000,0.0000
2026-06-06 17:14:06.450,0,2,2,0.00,0.0000,0.0000,0.8783,0.5109,0.0000,-0.0000,0.0000,0.0000
2026-06-06 17:14:06.550,0,2,2,0.00,0.0000,0.0000,0.8783,0.5109,0.0000,-0.0000,0.0000,0.0000
2026-06-06 17:14:06.650,0,2,2,0.00,0.0000,0.0000,0.8783,0.5109,0.0000,-0.0000,0.0000,0.0000
2026-06-06 17:14:06.750,0,2,2,0.00,0.0000,0.0000,0.8783,0.5109,0.0000,-0.0000,0.0000,0.0000
2026-06-06 17:14:06.850,0,2,2,0.00,0.0000,0.0000,0.8783,0.5109,0.0000,-0.0000,0.0000,0.0000
2026-06-06 17:14:06.950,0,2,2,0.00,0.0000,0.0000,0.8783,0.5109,0.0000,-0.0000,0.0000,0.0000
2026-06-06 17:14:07.053,0,2,2,0.00,0.0000,0.0000,0.8783,0.5109,0.0000,-0.0000,0.0000,0.0000
2026-06-06 17:14:07.150,0,2,2,0.00,0.0000,0.0000,0.8783,0.5109,0.0000,-0.0000,0.0000,0.0000
2026-06-06 17:14:07.250,0,2,2,0.00,0.0000,0.0000,0.8783,0.5109,0.0000,-0.0000,0.0000,0.0000
2026-06-06 17:14:07.350,0,2,2,0.00,0.0000,0.0000,0.8783,0.5109,0.0000,-0.0000,0.0000,0.0000
2026-06-06 17:14:07.450,0,2,2,0.00,0.0000,0.0000,0.8783,0.5109,0.0000,-0.0000,0.0000,0.0000
2026-06-06 17:14:07.550,0,2,2,0.00,0.0000,0.0000,0.8783,0.5109,0.0000,-0.0000,0.0000,0.0000
2026-06-06 17:14:07.650,0,2,2,0.00,0.0000,0.0000,0.8783,0.5109,0.0000,-0.0000,0.0000,0.0000
2026-06-06 17:14:07.750,0,2,2,0.00,0.0000,0.0000,0.8783,0.5109,0.0000,-0.0000,0.0000,0.0000
2026-06-06 17:14:07.850,0,2,2,0.00,0.0000,0.0000,0.8783,0.5109,0.0000,-0.0000,0.0000,0.0000
2026-06-06 17:14:07.950,0,2,2,0.00,0.0000,0.0000,0.8783,0.5109,0.0000,-0.0000,0.0000,0.0000
2026-06-06 17:14:08.051,0,2,2,0.00,0.0000,0.0000,0.8783,0.5109,0.0000,-0.0000,0.0000,0.0000
2026-06-06 17:14:08.153,0,2,2,0.00,0.0000,0.0000,0.8783,0.5109,0.0000,-0.0000,0.0000,0.0000
2026-06-06 17:14:08.250,0,2,2,0.00,0.0000,0.0000,0.8783,0.5109,0.0000,-0.0000,0.0000,0.0000
2026-06-06 17:14:08.351,0,2,2,0.00,0.0000,0.0000,0.8783,0.5109,0.0000,-0.0000,0.0000,0.0000
2026-06-06 17:14:08.450,0,2,2,0.00,0.0000,0.0000,0.8783,0.5109,0.0000,-0.0000,0.0000,0.0000
2026-06-06 17:14:08.550,0,2,2,0.00,0.0000,0.0000,0.8783,0.5109,0.0000,-0.0000,0.0000,0.0000
2026-06-06 17:14:08.650,0,2,2,0.00,0.0000,0.0000,0.8783,0.5109,0.0000,-0.0000,0.0000,0.0000
2026-06-06 17:14:08.750,0,2,2,0.00,0.0000,0.0000,0.8783,0.5109,0.0000,-0.0000,0.0000,0.0000
2026-06-06 17:14:08.850,0,2,2,0.00,0.0000,0.0000,0.8783,0.5109,0.0000,-0.0000,0.0000,0.0000
2026-06-06 17:14:08.950,0,2,2,0.00,0.0000,0.0000,0.8783,0.5109,0.0000,-0.0000,0.0000,0.0000
2026-06-06 17:14:09.050,0,2,2,0.00,0.0000,0.0000,0.8783,0.5109,0.0000,-0.0000,0.0000,0.0000
2026-06-06 17:14:09.150,0,2,2,0.00,0.0000,0.0000,0.8783,0.5109,0.0000,-0.0000,0.0000,0.0000
2026-06-06 17:14:09.250,0,2,2,0.00,0.0000,0.0000,0.8783,0.5109,0.0000,-0.0000,0.0000,0.0000
2026-06-06 17:14:09.350,0,2,2,0.00,0.0000,0.0000,0.8783,0.5109,0.0000,-0.0000,0.0000,0.0000
2026-06-06 17:14:09.450,0,2,2,0.00,0.0000,0.0000,0.8783,0.5109,0.0000,-0.0000,0.0000,0.0000
2026-06-06 17:14:09.550,0,2,2,0.00,0.0000,0.0000,0.8783,0.5109,0.0000,-0.0000,0.0000,0.0000
2026-06-06 17:14:09.650,0,2,2,0.00,0.0000,0.0000,0.8783,0.5109,0.0000,-0.0000,0.0000,0.0000
2026-06-06 17:14:09.750,0,2,2,0.00,0.0000,0.0000,0.8783,0.5109,0.0000,-0.0000,0.0000,0.0000
2026-06-06 17:14:09.850,0,2,2,0.00,0.0000,0.0000,0.8783,0.5109,0.0000,-0.0000,0.0000,0.0000
2026-06-06 17:14:09.950,0,2,2,0.00,0.0000,0.0000,0.8783,0.5109,0.0000,-0.0000,0.0000,0.0000
2026-06-06 17:14:10.050,0,2,2,0.00,0.0000,0.0000,0.8783,0.5109,0.0000,-0.0000,0.0000,0.0000
2026-06-06 17:14:10.150,0,2,2,0.00,0.0000,0.0000,0.8783,0.5109,0.0000,-0.0000,0.0000,0.0000
2026-06-06 17:14:10.250,0,2,2,0.00,0.0000,0.0000,0.8783,0.5109,0.0000,-0.0000,0.0000,0.0000
2026-06-06 17:14:10.350,0,2,2,0.00,0.0000,0.0000,0.8783,0.5109,0.0000,-0.0000,0.0000,0.0000
2026-06-06 17:14:10.450,0,2,2,0.00,0.0000,0.0000,0.8783,0.5109,0.0000,-0.0000,0.0000,0.0000
2026-06-06 17:14:10.550,0,2,2,0.00,0.0000,0.0000,0.8783,0.5109,0.0000,-0.0000,0.0000,0.0000
2026-06-06 17:14:10.650,0,2,2,0.00,0.0000,0.0000,0.8783,0.5109,0.0000,-0.0000,0.0000,0.0000
2026-06-06 17:14:10.750,0,2,2,0.00,0.0000,0.0000,0.8783,0.5109,0.0000,-0.0000,0.0000,0.0000
2026-06-06 17:14:10.850,0,2,2,0.00,0.0000,0.0000,0.8783,0.5109,0.0000,-0.0000,0.0000,0.0000
2026-06-06 17:14:10.950,0,2,2,0.00,0.0000,0.0000,0.8783,0.5109,0.0000,-0.0000,0.0000,0.0000
2026-06-06 17:14:11.050,0,2,2,0.00,0.0000,0.0000,0.8783,0.5109,0.0000,-0.0000,0.0000,0.0000
2026-06-06 17:14:11.150,0,2,2,0.00,0.0000,0.0000,0.8783,0.5109,0.0000,-0.0000,0.0000,0.0000
2026-06-06 17:14:11.250,0,2,2,0.00,0.0000,0.0000,0.8783,0.5109,0.0000,-0.0000,0.0000,0.0000
2026-06-06 17:14:11.350,0,2,2,0.00,0.0000,0.0000,0.8783,0.5109,0.0000,-0.0000,0.0000,0.0000
2026-06-06 17:14:11.450,0,2,2,0.00,0.0000,0.0000,0.8783,0.5109,0.0000,-0.0000,0.0000,0.0000
2026-06-06 17:14:11.550,0,2,2,0.00,0.0000,0.0000,0.8783,0.5109,0.0000,-0.0000,0.0000,0.0000
2026-06-06 17:14:11.650,0,2,2,0.00,0.0000,0.0000,0.8783,0.5109,0.0000,-0.0000,0.0000,0.0000
2026-06-06 17:14:11.750,0,2,2,0.00,0.0000,0.0000,0.8783,0.5109,0.0000,-0.0000,0.0000,0.0000
2026-06-06 17:14:11.850,0,2,2,0.00,0.0000,0.0000,0.8783,0.5109,0.0000,-0.0000,0.0000,0.0000
2026-06-06 17:14:11.950,0,2,2,0.00,0.0000,0.0000,0.8783,0.5109,0.0000,-0.0000,0.0000,0.0000
2026-06-06 17:14:12.050,0,2,2,0.00,0.0000,0.0000,0.8783,0.5109,0.0000,-0.0000,0.0000,0.0000
2026-06-06 17:14:12.150,0,2,2,0.00,0.0000,0.0000,0.8783,0.5109,0.0000,-0.0000,0.0000,0.0000
2026-06-06 17:14:12.250,0,2,2,0.00,0.0000,0.0000,0.8783,0.5109,0.0000,-0.0000,0.0000,0.0000
2026-06-06 17:14:12.350,0,2,2,0.00,0.0000,0.0000,0.8783,0.5109,0.0000,-0.0000,0.0000,0.0000
2026-06-06 17:14:12.450,0,2,2,0.00,0.0000,0.0000,0.8783,0.5109,0.0000,-0.0000,0.0000,0.0000
2026-06-06 17:14:12.550,0,2,2,0.00,0.0000,0.0000,0.8783,0.5109,0.0000,-0.0000,0.0000,0.0000
2026-06-06 17:14:12.650,0,2,2,0.00,0.0000,0.0000,0.8783,0.5109,0.0000,-0.0000,0.0000,0.0000
2026-06-06 17:14:12.750,0,2,2,0.00,0.0000,0.0000,0.8783,0.5109,0.0000,-0.0000,0.0000,0.0000
2026-06-06 17:14:12.850,0,2,2,0.00,0.0000,0.0000,0.8783,0.5109,0.0000,-0.0000,0.0000,0.0000
2026-06-06 17:14:12.950,0,2,2,0.00,0.0000,0.0000,0.8783,0.5109,0.0000,-0.0000,0.0000,0.0000
2026-06-06 17:14:13.051,0,2,2,0.00,0.0000,0.0000,0.8783,0.5109,0.0000,-0.0000,0.0000,0.0000
2026-06-06 17:14:13.150,0,2,2,0.00,0.0000,0.0000,0.8783,0.5109,0.0000,-0.0000,0.0000,0.0000
2026-06-06 17:14:13.250,0,2,2,0.00,0.0000,0.0000,0.8783,0.5109,0.0000,-0.0000,0.0000,0.0000
2026-06-06 17:14:13.350,0,2,2,0.00,0.0000,0.0000,0.8783,0.5109,0.0000,-0.0000,0.0000,0.0000
2026-06-06 17:14:13.450,0,2,2,0.00,0.0000,0.0000,0.8783,0.5109,0.0000,-0.0000,0.0000,0.0000
2026-06-06 17:14:13.550,0,2,2,0.00,0.0000,0.0000,0.8783,0.5109,0.0000,-0.0000,0.0000,0.0000
2026-06-06 17:14:13.650,0,2,2,0.00,0.0000,0.0000,0.8783,0.5109,0.0000,-0.0000,0.0000,0.0000
2026-06-06 17:14:13.750,0,2,2,0.00,0.0000,0.0000,0.8783,0.5109,0.0000,-0.0000,0.0000,0.0000
2026-06-06 17:14:13.850,0,2,2,0.00,0.0000,0.0000,0.8783,0.5109,0.0000,-0.0000,0.0000,0.0000
2026-06-06 17:14:13.950,0,2,2,0.00,0.0000,0.0000,0.8783,0.5109,0.0000,-0.0000,0.0000,0.0000
2026-06-06 17:14:14.050,0,2,2,0.00,0.0000,0.0000,0.8783,0.5109,0.0000,-0.0000,0.0000,0.0000
2026-06-06 17:14:14.155,0,2,2,0.00,0.0000,0.0000,0.8783,0.5109,0.0000,-0.0000,0.0000,0.0000
2026-06-06 17:14:14.250,0,1,2,0.00,0.0000,0.0000,0.8783,0.5109,0.0000,-0.0000,0.0000,0.0000
2026-06-06 17:14:14.350,0,2,2,0.00,0.0000,0.0000,0.8783,0.5109,0.0000,-0.0000,0.0000,0.0000
2026-06-06 17:14:14.450,0,1,2,0.00,0.0000,0.0000,0.8783,0.5109,0.0000,-0.0000,0.0000,0.0000
2026-06-06 17:14:14.550,0,2,2,0.00,0.0000,0.0000,0.8783,0.5109,0.0000,-0.0000,0.0000,0.0000
2026-06-06 17:14:14.650,0,2,2,0.00,0.0000,0.0000,0.8783,0.5109,0.0000,-0.0000,0.0000,0.0000
2026-06-06 17:14:14.750,0,2,2,0.00,0.0000,0.0000,0.8783,0.5109,0.0000,-0.0000,0.0000,0.0000
2026-06-06 17:14:14.852,0,2,2,0.00,0.0000,0.0000,0.8783,0.5109,0.0000,-0.0000,0.0000,0.0000
2026-06-06 17:14:14.953,0,2,2,0.00,0.0000,0.0000,0.8783,0.5109,0.0000,-0.0000,0.0000,0.0000
2026-06-06 17:14:15.050,0,2,2,0.00,0.0000,0.0000,0.8783,0.5109,0.0000,-0.0000,0.0000,0.0000
2026-06-06 17:14:15.150,0,2,2,0.00,0.0000,0.0000,0.8783,0.5109,0.0000,-0.0000,0.0000,0.0000
2026-06-06 17:14:15.250,0,2,2,0.00,0.0000,0.0000,0.8783,0.5109,0.0000,-0.0000,0.0000,0.0000
2026-06-06 17:14:15.350,0,2,2,0.00,0.0000,0.0000,0.8783,0.5109,0.0000,-0.0000,0.0000,0.0000
2026-06-06 17:14:15.450,0,2,2,0.00,0.0000,0.0000,0.8783,0.5109,0.0000,-0.0000,0.0000,0.0000
2026-06-06 17:14:15.550,0,2,2,0.00,0.0000,0.0000,0.8783,0.5109,0.0000,-0.0000,0.0000,0.0000
2026-06-06 17:14:15.650,0,2,2,0.00,0.0000,0.0000,0.8783,0.5109,0.0000,-0.0000,0.0000,0.0000
2026-06-06 17:14:15.750,0,2,2,0.00,0.0000,0.0000,0.8783,0.5109,0.0000,-0.0000,0.0000,0.0000
2026-06-06 17:14:15.850,0,2,2,0.00,0.0000,0.0000,0.8783,0.5109,0.0000,-0.0000,0.0000,0.0000
2026-06-06 17:14:15.950,0,2,2,0.00,0.0000,0.0000,0.8783,0.5109,0.0000,-0.0000,0.0000,0.0000
2026-06-06 17:14:16.053,0,2,2,0.00,0.0000,0.0000,0.8783,0.5109,0.0000,-0.0000,0.0000,0.0000
2026-06-06 17:14:16.150,0,2,2,0.00,0.0000,0.0000,0.8783,0.5109,0.0000,-0.0000,0.0000,0.0000
2026-06-06 17:14:16.250,0,2,2,0.00,0.0000,0.0000,0.8783,0.5109,0.0000,-0.0000,0.0000,0.0000
2026-06-06 17:14:16.350,0,2,2,0.00,0.0000,0.0000,0.8783,0.5109,0.0000,-0.0000,0.0000,0.0000
2026-06-06 17:14:16.450,0,2,2,0.00,0.0000,0.0000,0.8783,0.5109,0.0000,-0.0000,0.0000,0.0000
2026-06-06 17:14:16.550,0,2,2,0.00,0.0000,0.0000,0.8783,0.5109,0.0000,-0.0000,0.0000,0.0000
2026-06-06 17:14:16.650,0,2,2,0.00,0.0000,0.0000,0.8783,0.5109,0.0000,-0.0000,0.0000,0.0000
2026-06-06 17:14:16.750,0,2,2,0.00,0.0000,0.0000,0.8783,0.5109,0.0000,-0.0000,0.0000,0.0000
2026-06-06 17:14:16.850,0,2,2,0.00,0.0000,0.0000,0.8783,0.5109,0.0000,-0.0000,0.0000,0.0000
2026-06-06 17:14:16.950,0,2,2,0.00,0.0000,0.0000,0.8783,0.5109,0.0000,-0.0000,0.0000,0.0000
2026-06-06 17:14:17.051,0,2,2,0.00,0.0000,0.0000,0.8783,0.5109,0.0000,-0.0000,0.0000,0.0000
2026-06-06 17:14:17.150,0,2,2,0.00,0.0000,0.0000,0.8783,0.5109,0.0000,-0.0000,0.0000,0.0000
2026-06-06 17:14:17.250,0,2,2,0.00,0.0000,0.0000,0.8783,0.5109,0.0000,-0.0000,0.0000,0.0000
2026-06-06 17:14:17.350,0,2,2,0.00,0.0000,0.0000,0.8783,0.5109,0.0000,-0.0000,0.0000,0.0000
2026-06-06 17:14:17.450,0,2,2,0.00,0.0000,0.0000,0.8783,0.5109,0.0000,-0.0000,0.0000,0.0000
2026-06-06 17:14:17.551,0,2,2,0.00,0.0000,0.0000,0.8783,0.5109,0.0000,-0.0000,0.0000,0.0000
2026-06-06 17:14:17.651,0,2,2,0.00,0.0000,0.0000,0.8783,0.5109,0.0000,-0.0000,0.0000,0.0000
2026-06-06 17:14:17.750,0,2,2,0.00,0.0000,0.0000,0.8783,0.5109,0.0000,-0.0000,0.0000,0.0000
2026-06-06 17:14:17.850,0,1,2,0.00,0.0000,0.0000,0.8783,0.5109,0.0000,-0.0000,0.0000,0.0000
2026-06-06 17:14:17.950,0,1,2,0.00,0.0000,0.0000,0.8783,0.5109,0.0000,-0.0000,0.0000,0.0000
2026-06-06 17:14:18.050,0,2,2,0.00,0.0000,0.0000,0.8783,0.5109,0.0000,-0.0000,0.0000,0.0000
2026-06-06 17:14:18.150,0,1,2,0.00,0.0000,0.0000,0.8783,0.5109,0.0000,-0.0000,0.0000,0.0000
2026-06-06 17:14:18.250,0,2,2,0.00,0.0000,0.0000,0.8783,0.5109,0.0000,-0.0000,0.0000,0.0000
2026-06-06 17:14:18.350,0,2,2,0.00,0.0000,0.0000,0.8783,0.5109,0.0000,-0.0000,0.0000,0.0000
2026-06-06 17:14:18.450,0,1,2,0.00,0.0000,0.0000,0.8783,0.5109,0.0000,-0.0000,0.0000,0.0000
2026-06-06 17:14:18.550,0,2,2,0.00,0.0000,0.0000,0.8783,0.5109,0.0000,-0.0000,0.0000,0.0000
2026-06-06 17:14:18.650,0,2,2,0.00,0.0000,0.0000,0.8783,0.5109,0.0000,-0.0000,0.0000,0.0000
2026-06-06 17:14:18.750,0,1,2,0.00,0.0000,0.0000,0.8783,0.5109,0.0000,-0.0000,0.0000,0.0000
2026-06-06 17:14:18.850,0,2,2,0.00,0.0000,0.0000,0.8783,0.5109,0.0000,-0.0000,0.0000,0.0000
2026-06-06 17:14:18.950,0,1,2,0.00,0.0000,0.0000,0.8783,0.5109,0.0000,-0.0000,0.0000,0.0000
2026-06-06 17:14:19.050,0,2,2,0.00,0.0000,0.0000,0.8783,0.5109,0.0000,-0.0000,0.0000,0.0000
2026-06-06 17:14:19.150,0,1,2,0.00,0.0000,0.0000,0.8783,0.5109,0.0000,-0.0000,0.0000,0.0000
2026-06-06 17:14:19.250,0,2,2,0.00,0.0000,0.0000,0.8783,0.5109,0.0000,-0.0000,0.0000,0.0000
2026-06-06 17:14:19.350,0,2,2,0.00,0.0000,0.0000,0.8783,0.5109,0.0000,-0.0000,0.0000,0.0000
2026-06-06 17:14:19.450,0,2,2,0.00,0.0000,0.0000,0.8783,0.5109,0.0000,-0.0000,0.0000,0.0000
2026-06-06 17:14:19.550,0,2,2,0.00,0.0000,0.0000,0.8783,0.5109,0.0000,-0.0000,0.0000,0.0000
2026-06-06 17:14:19.650,0,2,2,0.00,0.0000,0.0000,0.8783,0.5109,0.0000,-0.0000,0.0000,0.0000
2026-06-06 17:14:19.750,0,2,2,0.00,0.0000,0.0000,0.8783,0.5109,0.0000,-0.0000,0.0000,0.0000
2026-06-06 17:14:19.850,0,2,2,0.00,0.0000,0.0000,0.8783,0.5109,0.0000,-0.0000,0.0000,0.0000
2026-06-06 17:14:19.950,0,2,2,0.00,0.0000,0.0000,0.8783,0.5109,0.0000,-0.0000,0.0000,0.0000
2026-06-06 17:14:20.050,0,1,2,0.00,0.0000,0.0000,0.8783,0.5109,0.0000,-0.0000,0.0000,0.0000
2026-06-06 17:14:20.150,0,2,2,0.00,0.0000,0.0000,0.8783,0.5109,0.0000,-0.0000,0.0000,0.0000
2026-06-06 17:14:20.250,0,2,2,0.00,0.0000,0.0000,0.8783,0.5109,0.0000,-0.0000,0.0000,0.0000
2026-06-06 17:14:20.350,0,2,2,0.00,0.0000,0.0000,0.8783,0.5109,0.0000,-0.0000,0.0000,0.0000
2026-06-06 17:14:20.450,0,2,2,0.00,0.0000,0.0000,0.8783,0.5109,0.0000,-0.0000,0.0000,0.0000
2026-06-06 17:14:20.550,0,2,2,0.00,0.0000,0.0000,0.8783,0.5109,0.0000,-0.0000,0.0000,0.0000
2026-06-06 17:14:20.650,0,2,2,0.00,0.0000,0.0000,0.8783,0.5109,0.0000,-0.0000,0.0000,0.0000
2026-06-06 17:14:20.750,0,2,2,0.00,0.0000,0.0000,0.8783,0.5109,0.0000,-0.0000,0.0000,0.0000
2026-06-06 17:14:20.850,0,2,2,0.00,0.0000,0.0000,0.8783,0.5109,0.0000,-0.0000,0.0000,0.0000
2026-06-06 17:14:20.950,0,1,2,0.00,0.0000,0.0000,0.8783,0.5109,0.0000,-0.0000,0.0000,0.0000
2026-06-06 17:14:21.050,0,1,2,0.00,0.0000,0.0000,0.8783,0.5109,0.0000,-0.0000,0.0000,0.0000
2026-06-06 17:14:21.150,0,2,2,0.00,0.0000,0.0000,0.8783,0.5109,0.0000,-0.0000,0.0000,0.0000
2026-06-06 17:14:21.250,0,2,2,0.00,0.0000,0.0000,0.8783,0.5109,0.0000,-0.0000,0.0000,0.0000
2026-06-06 17:14:21.350,0,2,2,0.00,0.0000,0.0000,0.8783,0.5109,0.0000,-0.0000,0.0000,0.0000
2026-06-06 17:14:21.450,0,2,2,0.00,0.0000,0.0000,0.8783,0.5109,0.0000,-0.0000,0.0000,0.0000
2026-06-06 17:14:21.550,0,2,2,0.00,0.0000,0.0000,0.8783,0.5109,0.0000,-0.0000,0.0000,0.0000
2026-06-06 17:14:21.650,0,2,2,0.00,0.0000,0.0000,0.8783,0.5109,0.0000,-0.0000,0.0000,0.0000
2026-06-06 17:14:21.750,0,2,2,0.00,0.0000,0.0000,0.8783,0.5109,0.0000,-0.0000,0.0000,0.0000
2026-06-06 17:14:21.850,0,2,2,0.00,0.0000,0.0000,0.8783,0.5109,0.0000,-0.0000,0.0000,0.0000
2026-06-06 17:14:21.950,0,2,2,0.00,0.0000,0.0000,0.8783,0.5109,0.0000,-0.0000,0.0000,0.0000
2026-06-06 17:14:22.050,0,2,2,0.00,0.0000,0.0000,0.8783,0.5109,0.0000,-0.0000,0.0000,0.0000
2026-06-06 17:14:22.150,0,2,2,0.00,0.0000,0.0000,0.8783,0.5109,0.0000,-0.0000,0.0000,0.0000
2026-06-06 17:14:22.250,0,2,2,0.00,0.0000,0.0000,0.8783,0.5109,0.0000,-0.0000,0.0000,0.0000
2026-06-06 17:14:22.350,0,2,2,0.00,0.0000,0.0000,0.8783,0.5109,0.0000,-0.0000,0.0000,0.0000
2026-06-06 17:14:22.450,0,2,2,0.00,0.0000,0.0000,0.8783,0.5109,0.0000,-0.0000,0.0000,0.0000
2026-06-06 17:14:22.550,0,2,2,0.00,0.0000,0.0000,0.8783,0.5109,0.0000,-0.0000,0.0000,0.0000
2026-06-06 17:14:22.650,0,2,2,0.00,0.0000,0.0000,0.8783,0.5109,0.0000,-0.0000,0.0000,0.0000
2026-06-06 17:14:22.750,0,2,2,0.00,0.0000,0.0000,0.8783,0.5109,0.0000,-0.0000,0.0000,0.0000
2026-06-06 17:14:22.850,0,2,2,0.00,0.0000,0.0000,0.8783,0.5109,0.0000,-0.0000,0.0000,0.0000
2026-06-06 17:14:22.950,0,1,2,0.00,0.0000,0.0000,0.8783,0.5109,0.0000,-0.0000,0.0000,0.0000
2026-06-06 17:14:23.050,0,2,2,0.00,0.0000,0.0000,0.8783,0.5109,0.0000,-0.0000,0.0000,0.0000
2026-06-06 17:14:23.150,0,2,2,0.00,0.0000,0.0000,0.8783,0.5109,0.0000,-0.0000,0.0000,0.0000
2026-06-06 17:14:23.250,0,2,2,0.00,0.0000,0.0000,0.8783,0.5109,0.0000,-0.0000,0.0000,0.0000
2026-06-06 17:14:23.350,0,2,2,0.00,0.0000,0.0000,0.8783,0.5109,0.0000,-0.0000,0.0000,0.0000
2026-06-06 17:14:23.450,0,2,2,0.00,0.0000,0.0000,0.8783,0.5109,0.0000,-0.0000,0.0000,0.0000
2026-06-06 17:14:23.550,0,2,2,0.00,0.0000,0.0000,0.8783,0.5109,0.0000,-0.0000,0.0000,0.0000
2026-06-06 17:14:23.650,0,2,2,0.00,0.0000,0.0000,0.8783,0.5109,0.0000,-0.0000,0.0000,0.0000
2026-06-06 17:14:23.750,0,2,2,0.00,0.0000,0.0000,0.8783,0.5109,0.0000,-0.0000,0.0000,0.0000
2026-06-06 17:14:23.850,0,2,2,0.00,0.0000,0.0000,0.8783,0.5109,0.0000,-0.0000,0.0000,0.0000
2026-06-06 17:14:23.950,0,2,2,0.00,0.0000,0.0000,0.8783,0.5109,0.0000,-0.0000,0.0000,0.0000
2026-06-06 17:14:24.050,0,2,2,0.00,0.0000,0.0000,0.8783,0.5109,0.0000,-0.0000,0.0000,0.0000
2026-06-06 17:14:24.150,0,2,2,0.00,0.0000,0.0000,0.8783,0.5109,0.0000,-0.0000,0.0000,0.0000
2026-06-06 17:14:24.250,0,2,2,0.00,0.0000,0.0000,0.8783,0.5109,0.0000,-0.0000,0.0000,0.0000
2026-06-06 17:14:24.350,0,2,2,0.00,0.0000,0.0000,0.8783,0.5109,0.0000,-0.0000,0.0000,0.0000
2026-06-06 17:14:24.450,0,2,2,0.00,0.0000,0.0000,0.8783,0.5109,0.0000,-0.0000,0.0000,0.0000
2026-06-06 17:14:24.550,0,2,2,0.00,0.0000,0.0000,0.8783,0.5109,0.0000,-0.0000,0.0000,0.0000
2026-06-06 17:14:24.650,0,2,2,0.00,0.0000,0.0000,0.8783,0.5109,0.0000,-0.0000,0.0000,0.0000
2026-06-06 17:14:24.750,0,2,2,0.00,0.0000,0.0000,0.8783,0.5109,0.0000,-0.0000,0.0000,0.0000
2026-06-06 17:14:24.850,0,2,2,0.00,0.0000,0.0000,0.8783,0.5109,0.0000,-0.0000,0.0000,0.0000
2026-06-06 17:14:24.950,0,2,2,0.00,0.0000,0.0000,0.8783,0.5109,0.0000,-0.0000,0.0000,0.0000
2026-06-06 17:14:25.050,0,2,2,0.00,0.0000,0.0000,0.8783,0.5109,0.0000,-0.0000,0.0000,0.0000
2026-06-06 17:14:25.150,0,2,2,0.00,0.0000,0.0000,0.8783,0.5109,0.0000,-0.0000,0.0000,0.0000
2026-06-06 17:14:25.250,0,2,2,0.00,0.0000,0.0000,0.8783,0.5109,0.0000,-0.0000,0.0000,0.0000
2026-06-06 17:14:25.350,0,2,2,0.00,0.0000,0.0000,0.8783,0.5109,0.0000,-0.0000,0.0000,0.0000
2026-06-06 17:14:25.450,0,2,2,0.00,0.0000,0.0000,0.8783,0.5109,0.0000,-0.0000,0.0000,0.0000
2026-06-06 17:14:25.550,0,2,2,0.00,0.0000,0.0000,0.8783,0.5109,0.0000,-0.0000,0.0000,0.0000
2026-06-06 17:14:25.650,0,2,2,0.00,0.0000,0.0000,0.8783,0.5109,0.0000,-0.0000,0.0000,0.0000
2026-06-06 17:14:25.750,0,2,2,0.00,0.0000,0.0000,0.8783,0.5109,0.0000,-0.0000,0.0000,0.0000
2026-06-06 17:14:25.850,0,2,2,0.00,0.0000,0.0000,0.8783,0.5109,0.0000,-0.0000,0.0000,0.0000
2026-06-06 17:14:25.950,0,2,2,0.00,0.0000,0.0000,0.8783,0.5109,0.0000,-0.0000,0.0000,0.0000
2026-06-06 17:14:26.050,0,2,2,0.00,0.0000,0.0000,0.8783,0.5109,0.0000,-0.0000,0.0000,0.0000
2026-06-06 17:14:26.150,0,2,2,0.00,0.0000,0.0000,0.8783,0.5109,0.0000,-0.0000,0.0000,0.0000
2026-06-06 17:14:26.250,0,2,2,0.00,0.0000,0.0000,0.8783,0.5109,0.0000,-0.0000,0.0000,0.0000
2026-06-06 17:14:26.350,0,2,2,0.00,0.0000,0.0000,0.8783,0.5109,0.0000,-0.0000,0.0000,0.0000
2026-06-06 17:14:26.450,0,2,2,0.00,0.0000,0.0000,0.8783,0.5109,0.0000,-0.0000,0.0000,0.0000
2026-06-06 17:14:26.553,0,2,2,0.00,0.0000,0.0000,0.8783,0.5109,0.0000,-0.0000,0.0000,0.0000
2026-06-06 17:14:26.650,0,2,2,0.00,0.0000,0.0000,0.8783,0.5109,0.0000,-0.0000,0.0000,0.0000
2026-06-06 17:14:26.750,0,2,2,0.00,0.0000,0.0000,0.8783,0.5109,0.0000,-0.0000,0.0000,0.0000
2026-06-06 17:14:26.850,0,2,2,0.00,0.0000,0.0000,0.8783,0.5109,0.0000,-0.0000,0.0000,0.0000
2026-06-06 17:14:26.950,0,2,2,0.00,0.0000,0.0000,0.8783,0.5109,0.0000,-0.0000,0.0000,0.0000
2026-06-06 17:14:27.050,0,2,2,0.00,0.0000,0.0000,0.8783,0.5109,0.0000,-0.0000,0.0000,0.0000
2026-06-06 17:14:27.150,0,2,2,0.00,0.0000,0.0000,0.8783,0.5109,0.0000,-0.0000,0.0000,0.0000
2026-06-06 17:14:27.250,0,2,2,0.00,0.0000,0.0000,0.8783,0.5109,0.0000,-0.0000,0.0000,0.0000
2026-06-06 17:14:27.350,0,2,2,0.00,0.0000,0.0000,0.8783,0.5109,0.0000,-0.0000,0.0000,0.0000
2026-06-06 17:14:27.450,0,2,2,0.00,0.0000,0.0000,0.8783,0.5109,0.0000,-0.0000,0.0000,0.0000
2026-06-06 17:14:27.550,0,2,2,0.00,0.0000,0.0000,0.8783,0.5109,0.0000,-0.0000,0.0000,0.0000
2026-06-06 17:14:27.650,0,2,2,0.00,0.0000,0.0000,0.8783,0.5109,0.0000,-0.0000,0.0000,0.0000
2026-06-06 17:14:27.750,0,2,2,0.00,0.0000,0.0000,0.8783,0.5109,0.0000,-0.0000,0.0000,0.0000
2026-06-06 17:14:27.850,0,2,2,0.00,0.0000,0.0000,0.8783,0.5109,0.0000,-0.0000,0.0000,0.0000
2026-06-06 17:14:27.950,0,2,2,0.00,0.0000,0.0000,0.8783,0.5109,0.0000,-0.0000,0.0000,0.0000
2026-06-06 17:14:28.050,0,1,2,0.00,0.0000,0.0000,0.8783,0.5109,0.0000,-0.0000,0.0000,0.0000
2026-06-06 17:14:28.150,0,2,2,0.00,0.0000,0.0000,0.8783,0.5109,0.0000,-0.0000,0.0000,0.0000
2026-06-06 17:14:28.250,0,2,2,0.00,0.0000,0.0000,0.8783,0.5109,0.0000,-0.0000,0.0000,0.0000
2026-06-06 17:14:28.350,0,2,2,0.00,0.0000,0.0000,0.8783,0.5109,0.0000,-0.0000,0.0000,0.0000
2026-06-06 17:14:28.454,0,2,2,0.00,0.0000,0.0000,0.8783,0.5109,0.0000,-0.0000,0.0000,0.0000
2026-06-06 17:14:28.550,0,2,2,0.00,0.0000,0.0000,0.8783,0.5109,0.0000,-0.0000,0.0000,0.0000
2026-06-06 17:14:28.650,0,2,2,0.00,0.0000,0.0000,0.8783,0.5109,0.0000,-0.0000,0.0000,0.0000
2026-06-06 17:14:28.750,0,2,2,0.00,0.0000,0.0000,0.8783,0.5109,0.0000,-0.0000,0.0000,0.0000
2026-06-06 17:14:28.850,0,2,2,0.00,0.0000,0.0000,0.8783,0.5109,0.0000,-0.0000,0.0000,0.0000
2026-06-06 17:14:28.950,0,2,2,0.00,0.0000,0.0000,0.8783,0.5109,0.0000,-0.0000,0.0000,0.0000
2026-06-06 17:14:29.050,0,2,2,0.00,0.0000,0.0000,0.8783,0.5109,0.0000,-0.0000,0.0000,0.0000
2026-06-06 17:14:29.150,0,2,2,0.00,0.0000,0.0000,0.8783,0.5109,0.0000,-0.0000,0.0000,0.0000
2026-06-06 17:14:29.250,0,2,2,0.00,0.0000,0.0000,0.8783,0.5109,0.0000,-0.0000,0.0000,0.0000
2026-06-06 17:14:29.350,0,2,2,0.00,0.0000,0.0000,0.8783,0.5109,0.0000,-0.0000,0.0000,0.0000
2026-06-06 17:14:29.450,0,2,2,0.00,0.0000,0.0000,0.8783,0.5109,0.0000,-0.0000,0.0000,0.0000
2026-06-06 17:14:29.550,0,2,2,0.00,0.0000,0.0000,0.8783,0.5109,0.0000,-0.0000,0.0000,0.0000
2026-06-06 17:14:29.650,0,2,2,0.00,0.0000,0.0000,0.8783,0.5109,0.0000,-0.0000,0.0000,0.0000
2026-06-06 17:14:29.750,0,1,2,0.00,0.0000,0.0000,0.8783,0.5109,0.0000,-0.0000,0.0000,0.0000
2026-06-06 17:14:29.850,0,2,2,0.00,0.0000,0.0000,0.8783,0.5109,0.0000,-0.0000,0.0000,0.0000
2026-06-06 17:14:29.950,0,2,2,0.00,0.0000,0.0000,0.8783,0.5109,0.0000,-0.0000,0.0000,0.0000
2026-06-06 17:14:30.050,0,2,2,0.00,0.0000,0.0000,0.8783,0.5109,0.0000,-0.0000,0.0000,0.0000
2026-06-06 17:14:30.150,0,1,2,0.00,0.0000,0.0000,0.8783,0.5109,0.0000,-0.0000,0.0000,0.0000
2026-06-06 17:14:30.250,0,2,2,0.00,0.0000,0.0000,0.8783,0.5109,0.0000,-0.0000,0.0000,0.0000
2026-06-06 17:14:30.350,0,2,2,0.00,0.0000,0.0000,0.8783,0.5109,0.0000,-0.0000,0.0000,0.0000
2026-06-06 17:14:30.450,0,2,2,0.00,0.0000,0.0000,0.8783,0.5109,0.0000,-0.0000,0.0000,0.0000
2026-06-06 17:14:30.550,0,2,2,0.00,0.0000,0.0000,0.8783,0.5109,0.0000,-0.0000,0.0000,0.0000
2026-06-06 17:14:30.650,0,2,2,0.00,0.0000,0.0000,0.8783,0.5109,0.0000,-0.0000,0.0000,0.0000
2026-06-06 17:14:30.750,0,2,2,0.00,0.0000,0.0000,0.8783,0.5109,0.0000,-0.0000,0.0000,0.0000
2026-06-06 17:14:30.850,0,2,2,0.00,0.0000,0.0000,0.8783,0.5109,0.0000,-0.0000,0.0000,0.0000
2026-06-06 17:14:30.951,0,2,2,0.00,0.0000,0.0000,0.8783,0.5109,0.0000,-0.0000,0.0000,0.0000
2026-06-06 17:14:31.050,0,2,2,0.00,0.0000,0.0000,0.8783,0.5109,0.0000,-0.0000,0.0000,0.0000
2026-06-06 17:14:31.150,0,2,2,0.00,0.0000,0.0000,0.8783,0.5109,0.0000,-0.0000,0.0000,0.0000
2026-06-06 17:14:31.250,0,2,2,0.00,0.0000,0.0000,0.8783,0.5109,0.0000,-0.0000,0.0000,0.0000
2026-06-06 17:14:31.350,0,2,2,0.00,0.0000,0.0000,0.8783,0.5109,0.0000,-0.0000,0.0000,0.0000
2026-06-06 17:14:31.450,0,1,2,0.00,0.0000,0.0000,0.8783,0.5109,0.0000,-0.0000,0.0000,0.0000
2026-06-06 17:14:31.550,0,2,2,0.00,0.0000,0.0000,0.8783,0.5109,0.0000,-0.0000,0.0000,0.0000
2026-06-06 17:14:31.650,0,2,2,0.00,0.0000,0.0000,0.8783,0.5109,0.0000,-0.0000,0.0000,0.0000
2026-06-06 17:14:31.750,0,2,2,0.00,0.0000,0.0000,0.8783,0.5109,0.0000,-0.0000,0.0000,0.0000
2026-06-06 17:14:31.850,0,2,2,0.00,0.0000,0.0000,0.8783,0.5109,0.0000,-0.0000,0.0000,0.0000
2026-06-06 17:14:31.950,0,2,2,0.00,0.0000,0.0000,0.8783,0.5109,0.0000,-0.0000,0.0000,0.0000
2026-06-06 17:14:32.050,0,2,2,0.00,0.0000,0.0000,0.8783,0.5109,0.0000,-0.0000,0.0000,0.0000
2026-06-06 17:14:32.150,0,2,2,0.00,0.0000,0.0000,0.8783,0.5109,0.0000,-0.0000,0.0000,0.0000
2026-06-06 17:14:32.250,0,2,2,0.00,0.0000,0.0000,0.8783,0.5109,0.0000,-0.0000,0.0000,0.0000
2026-06-06 17:14:32.350,0,2,2,0.00,0.0000,0.0000,0.8783,0.5109,0.0000,-0.0000,0.0000,0.0000
2026-06-06 17:14:32.450,0,2,2,0.00,0.0000,0.0000,0.8783,0.5109,0.0000,-0.0000,0.0000,0.0000
2026-06-06 17:14:32.550,0,2,2,0.00,0.0000,0.0000,0.8783,0.5109,0.0000,-0.0000,0.0000,0.0000
2026-06-06 17:14:32.650,0,2,2,0.00,0.0000,0.0000,0.8783,0.5109,0.0000,-0.0000,0.0000,0.0000
2026-06-06 17:14:32.750,0,2,2,0.00,0.0000,0.0000,0.8783,0.5109,0.0000,-0.0000,0.0000,0.0000
2026-06-06 17:14:32.850,0,2,2,0.00,0.0000,0.0000,0.8783,0.5109,0.0000,-0.0000,0.0000,0.0000
2026-06-06 17:14:32.950,0,2,2,0.00,0.0000,0.0000,0.8783,0.5109,0.0000,-0.0000,0.0000,0.0000
2026-06-06 17:14:33.050,0,2,2,0.00,0.0000,0.0000,0.8783,0.5109,0.0000,-0.0000,0.0000,0.0000
2026-06-06 17:14:33.150,0,2,2,0.00,0.0000,0.0000,0.8783,0.5109,0.0000,-0.0000,0.0000,0.0000
2026-06-06 17:14:33.250,0,2,2,0.00,0.0000,0.0000,0.8783,0.5109,0.0000,-0.0000,0.0000,0.0000
2026-06-06 17:14:33.350,0,2,2,0.00,0.0000,0.0000,0.8783,0.5109,0.0000,-0.0000,0.0000,0.0000
2026-06-06 17:14:33.450,0,2,2,0.00,0.0000,0.0000,0.8783,0.5109,0.0000,-0.0000,0.0000,0.0000
2026-06-06 17:14:33.550,0,2,2,0.00,0.0000,0.0000,0.8783,0.5109,0.0000,-0.0000,0.0000,0.0000
2026-06-06 17:14:33.650,0,2,2,0.00,0.0000,0.0000,0.8783,0.5109,0.0000,-0.0000,0.0000,0.0000
2026-06-06 17:14:33.750,0,2,2,0.00,0.0000,0.0000,0.8783,0.5109,0.0000,-0.0000,0.0000,0.0000
2026-06-06 17:14:33.850,0,2,2,0.00,0.0000,0.0000,0.8783,0.5109,0.0000,-0.0000,0.0000,0.0000
2026-06-06 17:14:33.953,0,2,2,0.00,0.0000,0.0000,0.8783,0.5109,0.0000,-0.0000,0.0000,0.0000
2026-06-06 17:14:34.050,0,2,2,0.00,0.0000,0.0000,0.8783,0.5109,0.0000,-0.0000,0.0000,0.0000
2026-06-06 17:14:34.150,0,2,2,0.00,0.0000,0.0000,0.8783,0.5109,0.0000,-0.0000,0.0000,0.0000
2026-06-06 17:14:34.250,0,2,2,0.00,0.0000,0.0000,0.8783,0.5109,0.0000,-0.0000,0.0000,0.0000
2026-06-06 17:14:34.350,0,2,2,0.00,0.0000,0.0000,0.8783,0.5109,0.0000,-0.0000,0.0000,0.0000
2026-06-06 17:14:34.450,0,2,2,0.00,0.0000,0.0000,0.8783,0.5109,0.0000,-0.0000,0.0000,0.0000
2026-06-06 17:14:34.550,0,2,2,0.00,0.0000,0.0000,0.8783,0.5109,0.0000,-0.0000,0.0000,0.0000
2026-06-06 17:14:34.650,0,2,2,0.00,0.0000,0.0000,0.8783,0.5109,0.0000,-0.0000,0.0000,0.0000
2026-06-06 17:14:34.750,0,2,2,0.00,0.0000,0.0000,0.8783,0.5109,0.0000,-0.0000,0.0000,0.0000
2026-06-06 17:14:34.850,0,2,2,0.00,0.0000,0.0000,0.8783,0.5109,0.0000,-0.0000,0.0000,0.0000
2026-06-06 17:14:34.950,0,2,2,0.00,0.0000,0.0000,0.8783,0.5109,0.0000,-0.0000,0.0000,0.0000
2026-06-06 17:14:35.050,0,2,2,0.00,0.0000,0.0000,0.8783,0.5109,0.0000,-0.0000,0.0000,0.0000
2026-06-06 17:14:35.150,0,2,2,0.00,0.0000,0.0000,0.8783,0.5109,0.0000,-0.0000,0.0000,0.0000
2026-06-06 17:14:35.250,0,2,2,0.00,0.0000,0.0000,0.8783,0.5109,0.0000,-0.0000,0.0000,0.0000
2026-06-06 17:14:35.350,0,2,2,0.00,0.0000,0.0000,0.8783,0.5109,0.0000,-0.0000,0.0000,0.0000
2026-06-06 17:14:35.450,0,2,2,0.00,0.0000,0.0000,0.8783,0.5109,0.0000,-0.0000,0.0000,0.0000
2026-06-06 17:14:35.550,0,2,2,0.00,0.0000,0.0000,0.8783,0.5109,0.0000,-0.0000,0.0000,0.0000
2026-06-06 17:14:35.650,0,2,2,0.00,0.0000,0.0000,0.8783,0.5109,0.0000,-0.0000,0.0000,0.0000
2026-06-06 17:14:35.750,0,2,2,0.00,0.0000,0.0000,0.8783,0.5109,0.0000,-0.0000,0.0000,0.0000
2026-06-06 17:14:35.850,0,2,2,0.00,0.0000,0.0000,0.8783,0.5109,0.0000,-0.0000,0.0000,0.0000
2026-06-06 17:14:35.950,0,2,2,0.00,0.0000,0.0000,0.8783,0.5109,0.0000,-0.0000,0.0000,0.0000
2026-06-06 17:14:36.050,0,2,2,0.00,0.0000,0.0000,0.8783,0.5109,0.0000,-0.0000,0.0000,0.0000
2026-06-06 17:14:36.150,0,2,2,0.00,0.0000,0.0000,0.8783,0.5109,0.0000,-0.0000,0.0000,0.0000
2026-06-06 17:14:36.250,0,2,2,0.00,0.0000,0.0000,0.8783,0.5109,0.0000,-0.0000,0.0000,0.0000
2026-06-06 17:14:36.350,0,2,2,0.00,0.0000,0.0000,0.8783,0.5109,0.0000,-0.0000,0.0000,0.0000
2026-06-06 17:14:36.450,0,2,2,0.00,0.0000,0.0000,0.8783,0.5109,0.0000,-0.0000,0.0000,0.0000
2026-06-06 17:14:36.550,0,2,2,0.00,0.0000,0.0000,0.8783,0.5109,0.0000,-0.0000,0.0000,0.0000
2026-06-06 17:14:36.650,0,2,2,0.00,0.0000,0.0000,0.8783,0.5109,0.0000,-0.0000,0.0000,0.0000
2026-06-06 17:14:36.750,0,2,2,0.00,0.0000,0.0000,0.8783,0.5109,0.0000,-0.0000,0.0000,0.0000
2026-06-06 17:14:36.850,0,2,2,0.00,0.0000,0.0000,0.8783,0.5109,0.0000,-0.0000,0.0000,0.0000
2026-06-06 17:14:36.950,0,2,2,0.00,0.0000,0.0000,0.8783,0.5109,0.0000,-0.0000,0.0000,0.0000
2026-06-06 17:14:37.050,0,2,2,0.00,0.0000,0.0000,0.8783,0.5109,0.0000,-0.0000,0.0000,0.0000
2026-06-06 17:14:37.150,0,2,2,0.00,0.0000,0.0000,0.8783,0.5109,0.0000,-0.0000,0.0000,0.0000
2026-06-06 17:14:37.250,0,2,2,0.00,0.0000,0.0000,0.8783,0.5109,0.0000,-0.0000,0.0000,0.0000
2026-06-06 17:14:37.350,0,2,2,0.00,0.0000,0.0000,0.8783,0.5109,0.0000,-0.0000,0.0000,0.0000
2026-06-06 17:14:37.450,0,2,2,0.00,0.0000,0.0000,0.8783,0.5109,0.0000,-0.0000,0.0000,0.0000
2026-06-06 17:14:37.550,0,2,2,0.00,0.0000,0.0000,0.8783,0.5109,0.0000,-0.0000,0.0000,0.0000
2026-06-06 17:14:37.650,0,2,2,0.00,0.0000,0.0000,0.8783,0.5109,0.0000,-0.0000,0.0000,0.0000
2026-06-06 17:14:37.750,0,2,2,0.00,0.0000,0.0000,0.8783,0.5109,0.0000,-0.0000,0.0000,0.0000
2026-06-06 17:14:37.850,0,2,2,0.00,0.0000,0.0000,0.8783,0.5109,0.0000,-0.0000,0.0000,0.0000
2026-06-06 17:14:37.950,0,2,2,0.00,0.0000,0.0000,0.8783,0.5109,0.0000,-0.0000,0.0000,0.0000
2026-06-06 17:14:38.050,0,2,2,0.00,0.0000,0.0000,0.8783,0.5109,0.0000,-0.0000,0.0000,0.0000
2026-06-06 17:14:38.150,0,2,2,0.00,0.0000,0.0000,0.8783,0.5109,0.0000,-0.0000,0.0000,0.0000
2026-06-06 17:14:38.250,0,2,2,0.00,0.0000,0.0000,0.8783,0.5109,0.0000,-0.0000,0.0000,0.0000
2026-06-06 17:14:38.350,0,2,2,0.00,0.0000,0.0000,0.8783,0.5109,0.0000,-0.0000,0.0000,0.0000
2026-06-06 17:14:38.450,0,2,2,0.00,0.0000,0.0000,0.8783,0.5109,0.0000,-0.0000,0.0000,0.0000
2026-06-06 17:14:38.550,0,2,2,0.00,0.0000,0.0000,0.8783,0.5109,0.0000,-0.0000,0.0000,0.0000
2026-06-06 17:14:38.650,0,2,2,0.00,0.0000,0.0000,0.8783,0.5109,0.0000,-0.0000,0.0000,0.0000
2026-06-06 17:14:38.750,0,2,2,0.00,0.0000,0.0000,0.8783,0.5109,0.0000,-0.0000,0.0000,0.0000
2026-06-06 17:14:38.850,0,2,2,0.00,0.0000,0.0000,0.8783,0.5109,0.0000,-0.0000,0.0000,0.0000
2026-06-06 17:14:38.950,0,2,2,0.00,0.0000,0.0000,0.8783,0.5109,0.0000,-0.0000,0.0000,0.0000
2026-06-06 17:14:39.050,0,2,2,0.00,0.0000,0.0000,0.8783,0.5109,0.0000,-0.0000,0.0000,0.0000
2026-06-06 17:14:39.150,0,2,2,0.00,0.0000,0.0000,0.8783,0.5109,0.0000,-0.0000,0.0000,0.0000
2026-06-06 17:14:39.250,0,2,2,0.00,0.0000,0.0000,0.8783,0.5109,0.0000,-0.0000,0.0000,0.0000
2026-06-06 17:14:39.350,0,2,2,0.00,0.0000,0.0000,0.8783,0.5109,0.0000,-0.0000,0.0000,0.0000
2026-06-06 17:14:39.451,0,2,2,0.00,0.0000,0.0000,0.8783,0.5109,0.0000,-0.0000,0.0000,0.0000
2026-06-06 17:14:39.550,0,2,2,0.00,0.0000,0.0000,0.8783,0.5109,0.0000,-0.0000,0.0000,0.0000
2026-06-06 17:14:39.650,0,2,2,0.00,0.0000,0.0000,0.8783,0.5109,0.0000,-0.0000,0.0000,0.0000
2026-06-06 17:14:39.750,0,2,2,0.00,0.0000,0.0000,0.8783,0.5109,0.0000,-0.0000,0.0000,0.0000
2026-06-06 17:14:39.850,0,2,2,0.00,0.0000,0.0000,0.8783,0.5109,0.0000,-0.0000,0.0000,0.0000
2026-06-06 17:14:39.950,0,2,2,0.00,0.0000,0.0000,0.8783,0.5109,0.0000,-0.0000,0.0000,0.0000
2026-06-06 17:14:40.050,0,2,2,0.00,0.0000,0.0000,0.8783,0.5109,0.0000,-0.0000,0.0000,0.0000
2026-06-06 17:14:40.150,0,2,2,0.00,0.0000,0.0000,0.8783,0.5109,0.0000,-0.0000,0.0000,0.0000
2026-06-06 17:14:40.250,0,2,2,0.00,0.0000,0.0000,0.8783,0.5109,0.0000,-0.0000,0.0000,0.0000
2026-06-06 17:14:40.350,0,2,2,0.00,0.0000,0.0000,0.8783,0.5109,0.0000,-0.0000,0.0000,0.0000
2026-06-06 17:14:40.450,0,1,2,0.00,0.0000,0.0000,0.8783,0.5109,0.0000,-0.0000,0.0000,0.0000
2026-06-06 17:14:40.550,0,2,2,0.00,0.0000,0.0000,0.8783,0.5109,0.0000,-0.0000,0.0000,0.0000
2026-06-06 17:14:40.650,0,2,2,0.00,0.0000,0.0000,0.8783,0.5109,0.0000,-0.0000,0.0000,0.0000
2026-06-06 17:14:40.750,0,2,2,0.00,0.0000,0.0000,0.8783,0.5109,0.0000,-0.0000,0.0000,0.0000
2026-06-06 17:14:40.850,0,2,2,0.00,0.0000,0.0000,0.8783,0.5109,0.0000,-0.0000,0.0000,0.0000
2026-06-06 17:14:40.950,0,2,2,0.00,0.0000,0.0000,0.8783,0.5109,0.0000,-0.0000,0.0000,0.0000
2026-06-06 17:14:41.050,0,2,2,0.00,0.0000,0.0000,0.8783,0.5109,0.0000,-0.0000,0.0000,0.0000
2026-06-06 17:14:41.150,0,2,2,0.00,0.0000,0.0000,0.8783,0.5109,0.0000,-0.0000,0.0000,0.0000
2026-06-06 17:14:41.250,0,2,2,0.00,0.0000,0.0000,0.8783,0.5109,0.0000,-0.0000,0.0000,0.0000
2026-06-06 17:14:41.350,0,2,2,0.00,0.0000,0.0000,0.8783,0.5109,0.0000,-0.0000,0.0000,0.0000
2026-06-06 17:14:41.450,0,2,2,0.00,0.0000,0.0000,0.8783,0.5109,0.0000,-0.0000,0.0000,0.0000
2026-06-06 17:14:41.550,0,2,2,0.00,0.0000,0.0000,0.8783,0.5109,0.0000,-0.0000,0.0000,0.0000
2026-06-06 17:14:41.650,0,2,2,0.00,0.0000,0.0000,0.8783,0.5109,0.0000,-0.0000,0.0000,0.0000
2026-06-06 17:14:41.750,0,2,2,0.00,0.0000,0.0000,0.8783,0.5109,0.0000,-0.0000,0.0000,0.0000
2026-06-06 17:14:41.850,0,2,2,0.00,0.0000,0.0000,0.8783,0.5109,0.0000,-0.0000,0.0000,0.0000
2026-06-06 17:14:41.950,0,2,2,0.00,0.0000,0.0000,0.8783,0.5109,0.0000,-0.0000,0.0000,0.0000
2026-06-06 17:14:42.050,0,2,2,0.00,0.0000,0.0000,0.8783,0.5109,0.0000,-0.0000,0.0000,0.0000
2026-06-06 17:14:42.150,0,2,2,0.00,0.0000,0.0000,0.8783,0.5109,0.0000,-0.0000,0.0000,0.0000
2026-06-06 17:14:42.250,0,2,2,0.00,0.0000,0.0000,0.8783,0.5109,0.0000,-0.0000,0.0000,0.0000
2026-06-06 17:14:42.350,0,2,2,0.00,0.0000,0.0000,0.8783,0.5109,0.0000,-0.0000,0.0000,0.0000
2026-06-06 17:14:42.450,0,2,2,0.00,0.0000,0.0000,0.8783,0.5109,0.0000,-0.0000,0.0000,0.0000
2026-06-06 17:14:42.550,0,2,2,0.00,0.0000,0.0000,0.8783,0.5109,0.0000,-0.0000,0.0000,0.0000
2026-06-06 17:14:42.650,0,2,2,0.00,0.0000,0.0000,0.8783,0.5109,0.0000,-0.0000,0.0000,0.0000
2026-06-06 17:14:42.750,0,2,2,0.00,0.0000,0.0000,0.8783,0.5109,0.0000,-0.0000,0.0000,0.0000
2026-06-06 17:14:42.850,0,2,2,0.00,0.0000,0.0000,0.8783,0.5109,0.0000,-0.0000,0.0000,0.0000
2026-06-06 17:14:42.950,0,2,2,0.00,0.0000,0.0000,0.8783,0.5109,0.0000,-0.0000,0.0000,0.0000
2026-06-06 17:14:43.050,0,2,2,0.00,0.0000,0.0000,0.8783,0.5109,0.0000,-0.0000,0.0000,0.0000
2026-06-06 17:14:43.150,0,2,2,0.00,0.0000,0.0000,0.8783,0.5109,0.0000,-0.0000,0.0000,0.0000
2026-06-06 17:14:43.250,0,2,2,0.00,0.0000,0.0000,0.8783,0.5109,0.0000,-0.0000,0.0000,0.0000
2026-06-06 17:14:43.350,0,1,2,0.00,0.0000,0.0000,0.8783,0.5109,0.0000,-0.0000,0.0000,0.0000
2026-06-06 17:14:43.450,0,2,2,0.00,0.0000,0.0000,0.8783,0.5109,0.0000,-0.0000,0.0000,0.0000
2026-06-06 17:14:43.550,0,2,2,0.00,0.0000,0.0000,0.8783,0.5109,0.0000,-0.0000,0.0000,0.0000
2026-06-06 17:14:43.650,0,2,2,0.00,0.0000,0.0000,0.8783,0.5109,0.0000,-0.0000,0.0000,0.0000
2026-06-06 17:14:43.750,0,2,2,0.00,0.0000,0.0000,0.8783,0.5109,0.0000,-0.0000,0.0000,0.0000
2026-06-06 17:14:43.850,0,2,2,0.00,0.0000,0.0000,0.8783,0.5109,0.0000,-0.0000,0.0000,0.0000
2026-06-06 17:14:43.950,0,2,2,0.00,0.0000,0.0000,0.8783,0.5109,0.0000,-0.0000,0.0000,0.0000
2026-06-06 17:14:44.050,0,2,2,0.00,0.0000,0.0000,0.8783,0.5109,0.0000,-0.0000,0.0000,0.0000
2026-06-06 17:14:44.150,0,2,2,0.00,0.0000,0.0000,0.8783,0.5109,0.0000,-0.0000,0.0000,0.0000
2026-06-06 17:14:44.250,0,2,2,0.00,0.0000,0.0000,0.8783,0.5109,0.0000,-0.0000,0.0000,0.0000
2026-06-06 17:14:44.350,0,2,2,0.00,0.0000,0.0000,0.8783,0.5109,0.0000,-0.0000,0.0000,0.0000
2026-06-06 17:14:44.450,0,2,2,0.00,0.0000,0.0000,0.8783,0.5109,0.0000,-0.0000,0.0000,0.0000
2026-06-06 17:14:44.553,0,2,2,0.00,0.0000,0.0000,0.8783,0.5109,0.0000,-0.0000,0.0000,0.0000
2026-06-06 17:14:44.650,0,2,2,0.00,0.0000,0.0000,0.8783,0.5109,0.0000,-0.0000,0.0000,0.0000
2026-06-06 17:14:44.750,0,2,2,0.00,0.0000,0.0000,0.8783,0.5109,0.0000,-0.0000,0.0000,0.0000
2026-06-06 17:14:44.850,0,2,2,0.00,0.0000,0.0000,0.8783,0.5109,0.0000,-0.0000,0.0000,0.0000
2026-06-06 17:14:44.950,0,2,2,0.00,0.0000,0.0000,0.8783,0.5109,0.0000,-0.0000,0.0000,0.0000
2026-06-06 17:14:45.050,0,2,2,0.00,0.0000,0.0000,0.8783,0.5109,0.0000,-0.0000,0.0000,0.0000
2026-06-06 17:14:45.150,0,2,2,0.00,0.0000,0.0000,0.8783,0.5109,0.0000,-0.0000,0.0000,0.0000
2026-06-06 17:14:45.250,0,2,2,0.00,0.0000,0.0000,0.8783,0.5109,0.0000,-0.0000,0.0000,0.0000
2026-06-06 17:14:45.350,0,2,2,0.00,0.0000,0.0000,0.8783,0.5109,0.0000,-0.0000,0.0000,0.0000
2026-06-06 17:14:45.450,0,2,2,0.00,0.0000,0.0000,0.8783,0.5109,0.0000,-0.0000,0.0000,0.0000
2026-06-06 17:14:45.550,0,2,2,0.00,0.0000,0.0000,0.8783,0.5109,0.0000,-0.0000,0.0000,0.0000
2026-06-06 17:14:45.650,0,2,2,0.00,0.0000,0.0000,0.8783,0.5109,0.0000,-0.0000,0.0000,0.0000
2026-06-06 17:14:45.750,0,2,2,0.00,0.0000,0.0000,0.8783,0.5109,0.0000,-0.0000,0.0000,0.0000
2026-06-06 17:14:45.850,0,2,2,0.00,0.0000,0.0000,0.8783,0.5109,0.0000,-0.0000,0.0000,0.0000
2026-06-06 17:14:45.950,0,2,2,0.00,0.0000,0.0000,0.8783,0.5109,0.0000,-0.0000,0.0000,0.0000
2026-06-06 17:14:46.050,0,2,2,0.00,0.0000,0.0000,0.8783,0.5109,0.0000,-0.0000,0.0000,0.0000
2026-06-06 17:14:46.150,0,2,2,0.00,0.0000,0.0000,0.8783,0.5109,0.0000,-0.0000,0.0000,0.0000
2026-06-06 17:14:46.250,0,2,2,0.00,0.0000,0.0000,0.8783,0.5109,0.0000,-0.0000,0.0000,0.0000
2026-06-06 17:14:46.350,0,2,2,0.00,0.0000,0.0000,0.8783,0.5109,0.0000,-0.0000,0.0000,0.0000
2026-06-06 17:14:46.450,0,2,2,0.00,0.0000,0.0000,0.8783,0.5109,0.0000,-0.0000,0.0000,0.0000
2026-06-06 17:14:46.550,0,2,2,0.00,0.0000,0.0000,0.8783,0.5109,0.0000,-0.0000,0.0000,0.0000
2026-06-06 17:14:46.650,0,2,2,0.00,0.0000,0.0000,0.8783,0.5109,0.0000,-0.0000,0.0000,0.0000
2026-06-06 17:14:46.750,0,2,2,0.00,0.0000,0.0000,0.8783,0.5109,0.0000,-0.0000,0.0000,0.0000
2026-06-06 17:14:46.850,0,2,2,0.00,0.0000,0.0000,0.8783,0.5109,0.0000,-0.0000,0.0000,0.0000
2026-06-06 17:14:46.951,0,2,2,0.00,0.0000,0.0000,0.8783,0.5109,0.0000,-0.0000,0.0000,0.0000
2026-06-06 17:14:47.050,0,2,2,0.00,0.0000,0.0000,0.8783,0.5109,0.0000,-0.0000,0.0000,0.0000
2026-06-06 17:14:47.150,0,2,2,0.00,0.0000,0.0000,0.8783,0.5109,0.0000,-0.0000,0.0000,0.0000
2026-06-06 17:14:47.250,0,2,2,0.00,0.0000,0.0000,0.8783,0.5109,0.0000,-0.0000,0.0000,0.0000
2026-06-06 17:14:47.350,0,2,2,0.00,0.0000,0.0000,0.8783,0.5109,0.0000,-0.0000,0.0000,0.0000
2026-06-06 17:14:47.450,0,2,2,0.00,0.0000,0.0000,0.8783,0.5109,0.0000,-0.0000,0.0000,0.0000
2026-06-06 17:14:47.550,0,2,2,0.00,0.0000,0.0000,0.8783,0.5109,0.0000,-0.0000,0.0000,0.0000
2026-06-06 17:14:47.650,0,2,2,0.00,0.0000,0.0000,0.8783,0.5109,0.0000,-0.0000,0.0000,0.0000
2026-06-06 17:14:47.750,0,2,2,0.00,0.0000,0.0000,0.8783,0.5109,0.0000,-0.0000,0.0000,0.0000
2026-06-06 17:14:47.850,0,2,2,0.00,0.0000,0.0000,0.8783,0.5109,0.0000,-0.0000,0.0000,0.0000
2026-06-06 17:14:47.950,0,2,2,0.00,0.0000,0.0000,0.8783,0.5109,0.0000,-0.0000,0.0000,0.0000
2026-06-06 17:14:48.050,0,2,2,0.00,0.0000,0.0000,0.8783,0.5109,0.0000,-0.0000,0.0000,0.0000
2026-06-06 17:14:48.150,0,2,2,0.00,0.0000,0.0000,0.8783,0.5109,0.0000,-0.0000,0.0000,0.0000
2026-06-06 17:14:48.250,0,2,2,0.00,0.0000,0.0000,0.8783,0.5109,0.0000,-0.0000,0.0000,0.0000
2026-06-06 17:14:48.350,0,2,2,0.00,0.0000,0.0000,0.8783,0.5109,0.0000,-0.0000,0.0000,0.0000
2026-06-06 17:14:48.450,0,2,2,0.00,0.0000,0.0000,0.8783,0.5109,0.0000,-0.0000,0.0000,0.0000
2026-06-06 17:14:48.550,0,2,2,0.00,0.0000,0.0000,0.8783,0.5109,0.0000,-0.0000,0.0000,0.0000
2026-06-06 17:14:48.650,0,2,2,0.00,0.0000,0.0000,0.8783,0.5109,0.0000,-0.0000,0.0000,0.0000
2026-06-06 17:14:48.750,0,2,2,0.00,0.0000,0.0000,0.8783,0.5109,0.0000,-0.0000,0.0000,0.0000
2026-06-06 17:14:48.850,0,2,2,0.00,0.0000,0.0000,0.8783,0.5109,0.0000,-0.0000,0.0000,0.0000
2026-06-06 17:14:48.950,0,2,2,0.00,0.0000,0.0000,0.8783,0.5109,0.0000,-0.0000,0.0000,0.0000
2026-06-06 17:14:49.050,0,2,2,0.00,0.0000,0.0000,0.8783,0.5109,0.0000,-0.0000,0.0000,0.0000
2026-06-06 17:14:49.150,0,2,2,0.00,0.0000,0.0000,0.8783,0.5109,0.0000,-0.0000,0.0000,0.0000
2026-06-06 17:14:49.250,0,2,2,0.00,0.0000,0.0000,0.8783,0.5109,0.0000,-0.0000,0.0000,0.0000
2026-06-06 17:14:49.350,0,2,2,0.00,0.0000,0.0000,0.8783,0.5109,0.0000,-0.0000,0.0000,0.0000
2026-06-06 17:14:49.450,0,2,2,0.00,0.0000,0.0000,0.8783,0.5109,0.0000,-0.0000,0.0000,0.0000
2026-06-06 17:14:49.550,0,2,2,0.00,0.0000,0.0000,0.8783,0.5109,0.0000,-0.0000,0.0000,0.0000
2026-06-06 17:14:49.650,0,2,2,0.00,0.0000,0.0000,0.8783,0.5109,0.0000,-0.0000,0.0000,0.0000
2026-06-06 17:14:49.750,0,2,2,0.00,0.0000,0.0000,0.8783,0.5109,0.0000,-0.0000,0.0000,0.0000
2026-06-06 17:14:49.850,0,2,2,0.00,0.0000,0.0000,0.8783,0.5109,0.0000,-0.0000,0.0000,0.0000
2026-06-06 17:14:49.950,0,2,2,0.00,0.0000,0.0000,0.8783,0.5109,0.0000,-0.0000,0.0000,0.0000
2026-06-06 17:14:50.050,0,2,2,0.00,0.0000,0.0000,0.8783,0.5109,0.0000,-0.0000,0.0000,0.0000
2026-06-06 17:14:50.150,0,2,2,0.00,0.0000,0.0000,0.8783,0.5109,0.0000,-0.0000,0.0000,0.0000
2026-06-06 17:14:50.250,0,2,2,0.00,0.0000,0.0000,0.8783,0.5109,0.0000,-0.0000,0.0000,0.0000
2026-06-06 17:14:50.350,0,2,2,0.00,0.0000,0.0000,0.8783,0.5109,0.0000,-0.0000,0.0000,0.0000
2026-06-06 17:14:50.450,0,2,2,0.00,0.0000,0.0000,0.8783,0.5109,0.0000,-0.0000,0.0000,0.0000
2026-06-06 17:14:50.550,0,2,2,0.00,0.0000,0.0000,0.8783,0.5109,0.0000,-0.0000,0.0000,0.0000
2026-06-06 17:14:50.650,0,2,2,0.00,0.0000,0.0000,0.8783,0.5109,0.0000,-0.0000,0.0000,0.0000
2026-06-06 17:14:50.750,0,2,2,0.00,0.0000,0.0000,0.8783,0.5109,0.0000,-0.0000,0.0000,0.0000
2026-06-06 17:14:50.855,0,2,2,0.00,0.0000,0.0000,0.8783,0.5109,0.0000,-0.0000,0.0000,0.0000
2026-06-06 17:14:50.950,0,2,2,0.00,0.0000,0.0000,0.8783,0.5109,0.0000,-0.0000,0.0000,0.0000
2026-06-06 17:14:51.050,0,2,2,0.00,0.0000,0.0000,0.8783,0.5109,0.0000,-0.0000,0.0000,0.0000
2026-06-06 17:14:51.150,0,2,2,0.00,0.0000,0.0000,0.8783,0.5109,0.0000,-0.0000,0.0000,0.0000
2026-06-06 17:14:51.250,0,2,2,0.00,0.0000,0.0000,0.8783,0.5109,0.0000,-0.0000,0.0000,0.0000
2026-06-06 17:14:51.350,0,2,2,0.00,0.0000,0.0000,0.8783,0.5109,0.0000,-0.0000,0.0000,0.0000
2026-06-06 17:14:51.450,0,2,2,0.00,0.0000,0.0000,0.8783,0.5109,0.0000,-0.0000,0.0000,0.0000
2026-06-06 17:14:51.550,0,2,2,0.00,0.0000,0.0000,0.8783,0.5109,0.0000,-0.0000,0.0000,0.0000
2026-06-06 17:14:51.650,0,2,2,0.00,0.0000,0.0000,0.8783,0.5109,0.0000,-0.0000,0.0000,0.0000
2026-06-06 17:14:51.750,0,2,2,0.00,0.0000,0.0000,0.8783,0.5109,0.0000,-0.0000,0.0000,0.0000
2026-06-06 17:14:51.850,0,2,2,0.00,0.0000,0.0000,0.8783,0.5109,0.0000,-0.0000,0.0000,0.0000
2026-06-06 17:14:51.950,0,2,2,0.00,0.0000,0.0000,0.8783,0.5109,0.0000,-0.0000,0.0000,0.0000
2026-06-06 17:14:52.050,0,1,2,0.00,0.0000,0.0000,0.8783,0.5109,0.0000,-0.0000,0.0000,0.0000
2026-06-06 17:14:52.150,0,2,2,0.00,0.0000,0.0000,0.8783,0.5109,0.0000,-0.0000,0.0000,0.0000
2026-06-06 17:14:52.250,0,2,2,0.00,0.0000,0.0000,0.8783,0.5109,0.0000,-0.0000,0.0000,0.0000
2026-06-06 17:14:52.350,0,2,2,0.00,0.0000,0.0000,0.8783,0.5109,0.0000,-0.0000,0.0000,0.0000
2026-06-06 17:14:52.450,0,2,2,0.00,0.0000,0.0000,0.8783,0.5109,0.0000,-0.0000,0.0000,0.0000
2026-06-06 17:14:52.550,0,2,2,0.00,0.0000,0.0000,0.8783,0.5109,0.0000,-0.0000,0.0000,0.0000
2026-06-06 17:14:52.650,0,2,2,0.00,0.0000,0.0000,0.8783,0.5109,0.0000,-0.0000,0.0000,0.0000
2026-06-06 17:14:52.750,0,2,2,0.00,0.0000,0.0000,0.8783,0.5109,0.0000,-0.0000,0.0000,0.0000
2026-06-06 17:14:52.850,0,2,2,0.00,0.0000,0.0000,0.8783,0.5109,0.0000,-0.0000,0.0000,0.0000
2026-06-06 17:14:52.950,0,2,2,0.00,0.0000,0.0000,0.8783,0.5109,0.0000,-0.0000,0.0000,0.0000
2026-06-06 17:14:53.050,0,2,2,0.00,0.0000,0.0000,0.8783,0.5109,0.0000,-0.0000,0.0000,0.0000
2026-06-06 17:14:53.150,0,2,2,0.00,0.0000,0.0000,0.8783,0.5109,0.0000,-0.0000,0.0000,0.0000
2026-06-06 17:14:53.250,0,2,2,0.00,0.0000,0.0000,0.8783,0.5109,0.0000,-0.0000,0.0000,0.0000
2026-06-06 17:14:53.350,0,2,2,0.00,0.0000,0.0000,0.8783,0.5109,0.0000,-0.0000,0.0000,0.0000
2026-06-06 17:14:53.450,0,2,2,0.00,0.0000,0.0000,0.8783,0.5109,0.0000,-0.0000,0.0000,0.0000
2026-06-06 17:14:53.550,0,2,2,0.00,0.0000,0.0000,0.8783,0.5109,0.0000,-0.0000,0.0000,0.0000
2026-06-06 17:14:53.650,0,2,2,0.00,0.0000,0.0000,0.8783,0.5109,0.0000,-0.0000,0.0000,0.0000
2026-06-06 17:14:53.750,0,2,2,0.00,0.0000,0.0000,0.8783,0.5109,0.0000,-0.0000,0.0000,0.0000
2026-06-06 17:14:53.851,0,2,2,0.00,0.0000,0.0000,0.8783,0.5109,0.0000,-0.0000,0.0000,0.0000
2026-06-06 17:14:53.950,0,2,2,0.00,0.0000,0.0000,0.8783,0.5109,0.0000,-0.0000,0.0000,0.0000
2026-06-06 17:14:54.050,0,2,2,0.00,0.0000,0.0000,0.8783,0.5109,0.0000,-0.0000,0.0000,0.0000
2026-06-06 17:14:54.150,0,2,2,0.00,0.0000,0.0000,0.8783,0.5109,0.0000,-0.0000,0.0000,0.0000
2026-06-06 17:14:54.250,0,2,2,0.00,0.0000,0.0000,0.8783,0.5109,0.0000,-0.0000,0.0000,0.0000
2026-06-06 17:14:54.350,0,2,2,0.00,0.0000,0.0000,0.8783,0.5109,0.0000,-0.0000,0.0000,0.0000
2026-06-06 17:14:54.450,0,2,2,0.00,0.0000,0.0000,0.8783,0.5109,0.0000,-0.0000,0.0000,0.0000
2026-06-06 17:14:54.550,0,2,2,0.00,0.0000,0.0000,0.8783,0.5109,0.0000,-0.0000,0.0000,0.0000
2026-06-06 17:14:54.650,0,2,2,0.00,0.0000,0.0000,0.8783,0.5109,0.0000,-0.0000,0.0000,0.0000
2026-06-06 17:14:54.750,0,2,2,0.00,0.0000,0.0000,0.8783,0.5109,0.0000,-0.0000,0.0000,0.0000
2026-06-06 17:14:54.850,0,2,2,0.00,0.0000,0.0000,0.8783,0.5109,0.0000,-0.0000,0.0000,0.0000
2026-06-06 17:14:54.952,0,2,2,0.00,0.0000,0.0000,0.8783,0.5109,0.0000,-0.0000,0.0000,0.0000
2026-06-06 17:14:55.050,0,2,2,0.00,0.0000,0.0000,0.8783,0.5109,0.0000,-0.0000,0.0000,0.0000
2026-06-06 17:14:55.150,0,2,2,0.00,0.0000,0.0000,0.8783,0.5109,0.0000,-0.0000,0.0000,0.0000
2026-06-06 17:14:55.250,0,2,2,0.00,0.0000,0.0000,0.8783,0.5109,0.0000,-0.0000,0.0000,0.0000
2026-06-06 17:14:55.350,0,2,2,0.00,0.0000,0.0000,0.8783,0.5109,0.0000,-0.0000,0.0000,0.0000
2026-06-06 17:14:55.450,0,2,2,0.00,0.0000,0.0000,0.8783,0.5109,0.0000,-0.0000,0.0000,0.0000
2026-06-06 17:14:55.550,0,2,2,0.00,0.0000,0.0000,0.8783,0.5109,0.0000,-0.0000,0.0000,0.0000
2026-06-06 17:14:55.650,0,2,2,0.00,0.0000,0.0000,0.8783,0.5109,0.0000,-0.0000,0.0000,0.0000
2026-06-06 17:14:55.750,0,2,2,0.00,0.0000,0.0000,0.8783,0.5109,0.0000,-0.0000,0.0000,0.0000
2026-06-06 17:14:55.850,0,2,2,0.00,0.0000,0.0000,0.8783,0.5109,0.0000,-0.0000,0.0000,0.0000
2026-06-06 17:14:55.950,0,2,2,0.00,0.0000,0.0000,0.8783,0.5109,0.0000,-0.0000,0.0000,0.0000
2026-06-06 17:14:56.050,0,2,2,0.00,0.0000,0.0000,0.8783,0.5109,0.0000,-0.0000,0.0000,0.0000
2026-06-06 17:14:56.150,0,2,2,0.00,0.0000,0.0000,0.8783,0.5109,0.0000,-0.0000,0.0000,0.0000
2026-06-06 17:14:56.250,0,2,2,0.00,0.0000,0.0000,0.8783,0.5109,0.0000,-0.0000,0.0000,0.0000
2026-06-06 17:14:56.350,0,2,2,0.00,0.0000,0.0000,0.8783,0.5109,0.0000,-0.0000,0.0000,0.0000
2026-06-06 17:14:56.450,0,2,2,0.00,0.0000,0.0000,0.8783,0.5109,0.0000,-0.0000,0.0000,0.0000
2026-06-06 17:14:56.550,0,2,2,0.00,0.0000,0.0000,0.8783,0.5109,0.0000,-0.0000,0.0000,0.0000
2026-06-06 17:14:56.650,0,2,2,0.00,0.0000,0.0000,0.8783,0.5109,0.0000,-0.0000,0.0000,0.0000
2026-06-06 17:14:56.750,0,2,2,0.00,0.0000,0.0000,0.8783,0.5109,0.0000,-0.0000,0.0000,0.0000
2026-06-06 17:14:56.850,0,2,2,0.00,0.0000,0.0000,0.8783,0.5109,0.0000,-0.0000,0.0000,0.0000
2026-06-06 17:14:56.950,0,2,2,0.00,0.0000,0.0000,0.8783,0.5109,0.0000,-0.0000,0.0000,0.0000
2026-06-06 17:14:57.050,0,1,2,0.00,0.0000,0.0000,0.8783,0.5109,0.0000,-0.0000,0.0000,0.0000
2026-06-06 17:14:57.150,0,1,2,0.00,0.0000,0.0000,0.8783,0.5109,0.0000,-0.0000,0.0000,0.0000
2026-06-06 17:14:57.250,0,1,2,0.00,0.0000,0.0000,0.8783,0.5109,0.0000,-0.0000,0.0000,0.0000
2026-06-06 17:14:57.350,0,1,2,0.00,0.0000,0.0000,0.8783,0.5109,0.0000,-0.0000,0.0000,0.0000
2026-06-06 17:14:57.450,0,1,2,0.00,0.0000,0.0000,0.8783,0.5109,0.0000,-0.0000,0.0000,0.0000
2026-06-06 17:14:57.552,0,1,2,0.00,0.0000,0.0000,0.8783,0.5109,0.0000,-0.0000,0.0000,0.0000
2026-06-06 17:14:57.662,0,1,2,0.00,0.0000,0.0000,0.8783,0.5109,0.0000,-0.0000,0.0000,0.0000
2026-06-06 17:14:57.813,0,1,1,0.00,0.0000,0.0000,0.8783,0.5109,0.0000,-0.0000,0.0000,0.0000
2026-06-06 17:14:57.948,0,0,1,0.00,0.0000,0.0000,0.8783,0.5109,0.0000,-0.0000,0.0000,0.0000
2026-06-06 17:14:58.085,0,0,1,0.00,0.0000,0.0000,0.8783,0.5109,0.0000,-0.0000,0.0000,0.0000
2026-06-06 17:14:58.150,0,0,0,0.00,0.0000,0.0000,0.8783,0.5109,0.0000,-0.0000,0.0000,0.0000
2026-06-06 17:14:58.213,0,0,1,0.00,0.0000,0.0000,0.8783,0.5109,0.0000,-0.0000,0.0000,0.0000
2026-06-06 17:14:58.301,0,1,1,0.00,0.0000,0.0000,0.8783,0.5109,0.0000,-0.0000,0.0000,0.0000
2026-06-06 17:14:58.351,0,1,2,0.00,0.0000,0.0000,0.8783,0.5109,0.0000,-0.0000,0.0000,0.0000
2026-06-06 17:14:58.450,0,2,2,0.00,0.0000,0.0000,0.8783,0.5109,0.0000,-0.0000,0.0000,0.0000
2026-06-06 17:14:58.550,0,2,2,0.00,0.0000,0.0000,0.8783,0.5109,0.0000,-0.0000,0.0000,0.0000
2026-06-06 17:14:58.650,0,2,2,0.00,0.0000,0.0000,0.8783,0.5109,0.0000,-0.0000,0.0000,0.0000
2026-06-06 17:14:58.750,0,2,2,0.00,0.0000,0.0000,0.8783,0.5109,0.0000,-0.0000,0.0000,0.0000
2026-06-06 17:14:58.850,0,2,2,0.00,0.0000,0.0000,0.8783,0.5109,0.0000,-0.0000,0.0000,0.0000
2026-06-06 17:14:58.950,0,2,2,0.00,0.0000,0.0000,0.8783,0.5109,0.0000,-0.0000,0.0000,0.0000
2026-06-06 17:14:59.050,0,2,2,0.00,0.0000,0.0000,0.8783,0.5109,0.0000,-0.0000,0.0000,0.0000
2026-06-06 17:14:59.150,0,2,2,0.00,0.0000,0.0000,0.8783,0.5109,0.0000,-0.0000,0.0000,0.0000
2026-06-06 17:14:59.250,0,2,2,0.00,0.0000,0.0000,0.8783,0.5109,0.0000,-0.0000,0.0000,0.0000
2026-06-06 17:14:59.350,0,2,2,0.00,0.0000,0.0000,0.8783,0.5109,0.0000,-0.0000,0.0000,0.0000
2026-06-06 17:14:59.450,0,2,2,0.00,0.0000,0.0000,0.8783,0.5109,0.0000,-0.0000,0.0000,0.0000
2026-06-06 17:14:59.550,0,2,2,0.00,0.0000,0.0000,0.8783,0.5109,0.0000,-0.0000,0.0000,0.0000
2026-06-06 17:14:59.650,0,2,2,0.00,0.0000,0.0000,0.8783,0.5109,0.0000,-0.0000,0.0000,0.0000
2026-06-06 17:14:59.750,0,2,2,0.00,0.0000,0.0000,0.8783,0.5109,0.0000,-0.0000,0.0000,0.0000
2026-06-06 17:14:59.850,0,2,2,0.00,0.0000,0.0000,0.8783,0.5109,0.0000,-0.0000,0.0000,0.0000
2026-06-06 17:14:59.950,0,2,2,0.00,0.0000,0.0000,0.8783,0.5109,0.0000,-0.0000,0.0000,0.0000
2026-06-06 17:15:00.050,0,2,2,0.00,0.0000,0.0000,0.8783,0.5109,0.0000,-0.0000,0.0000,0.0000
2026-06-06 17:15:00.150,0,2,2,0.00,0.0000,0.0000,0.8783,0.5109,0.0000,-0.0000,0.0000,0.0000
2026-06-06 17:15:00.250,0,2,2,0.00,0.0000,0.0000,0.8783,0.5109,0.0000,-0.0000,0.0000,0.0000
2026-06-06 17:15:00.350,0,2,2,0.00,0.0000,0.0000,0.8783,0.5109,0.0000,-0.0000,0.0000,0.0000
2026-06-06 17:15:00.450,0,2,2,0.00,0.0000,0.0000,0.8783,0.5109,0.0000,-0.0000,0.0000,0.0000
2026-06-06 17:15:00.550,0,2,2,0.00,0.0000,0.0000,0.8783,0.5109,0.0000,-0.0000,0.0000,0.0000
2026-06-06 17:15:00.650,0,2,2,0.00,0.0000,0.0000,0.8783,0.5109,0.0000,-0.0000,0.0000,0.0000
2026-06-06 17:15:00.750,0,2,2,0.00,0.0000,0.0000,0.8783,0.5109,0.0000,-0.0000,0.0000,0.0000
2026-06-06 17:15:00.850,0,2,2,0.00,0.0000,0.0000,0.8783,0.5109,0.0000,-0.0000,0.0000,0.0000
2026-06-06 17:15:00.950,0,2,2,0.00,0.0000,0.0000,0.8783,0.5109,0.0000,-0.0000,0.0000,0.0000
2026-06-06 17:15:01.050,0,2,2,0.00,0.0000,0.0000,0.8783,0.5109,0.0000,-0.0000,0.0000,0.0000
2026-06-06 17:15:01.150,0,2,2,0.00,0.0000,0.0000,0.8783,0.5109,0.0000,-0.0000,0.0000,0.0000
2026-06-06 17:15:01.250,0,2,2,0.00,0.0000,0.0000,0.8783,0.5109,0.0000,-0.0000,0.0000,0.0000
2026-06-06 17:15:01.350,0,2,2,0.00,0.0000,0.0000,0.8783,0.5109,0.0000,-0.0000,0.0000,0.0000
2026-06-06 17:15:01.450,0,2,2,0.00,0.0000,0.0000,0.8783,0.5109,0.0000,-0.0000,0.0000,0.0000
2026-06-06 17:15:01.550,0,2,2,0.00,0.0000,0.0000,0.8783,0.5109,0.0000,-0.0000,0.0000,0.0000
2026-06-06 17:15:01.650,0,2,2,0.00,0.0000,0.0000,0.8783,0.5109,0.0000,-0.0000,0.0000,0.0000
2026-06-06 17:15:01.750,0,2,2,0.00,0.0000,0.0000,0.8783,0.5109,0.0000,-0.0000,0.0000,0.0000
2026-06-06 17:15:01.850,0,2,2,0.00,0.0000,0.0000,0.8783,0.5109,0.0000,-0.0000,0.0000,0.0000
2026-06-06 17:15:01.950,0,2,2,0.00,0.0000,0.0000,0.8783,0.5109,0.0000,-0.0000,0.0000,0.0000
2026-06-06 17:15:02.050,0,2,2,0.00,0.0000,0.0000,0.8783,0.5109,0.0000,-0.0000,0.0000,0.0000
2026-06-06 17:15:02.150,0,2,2,0.00,0.0000,0.0000,0.8783,0.5109,0.0000,-0.0000,0.0000,0.0000
2026-06-06 17:15:02.250,0,2,2,0.00,0.0000,0.0000,0.8783,0.5109,0.0000,-0.0000,0.0000,0.0000
2026-06-06 17:15:02.350,0,2,2,0.00,0.0000,0.0000,0.8783,0.5109,0.0000,-0.0000,0.0000,0.0000
2026-06-06 17:15:02.450,0,2,2,0.00,0.0000,0.0000,0.8783,0.5109,0.0000,-0.0000,0.0000,0.0000
2026-06-06 17:15:02.550,0,2,2,0.00,0.0000,0.0000,0.8783,0.5109,0.0000,-0.0000,0.0000,0.0000
2026-06-06 17:15:02.650,0,2,2,0.00,0.0000,0.0000,0.8783,0.5109,0.0000,-0.0000,0.0000,0.0000
2026-06-06 17:15:02.750,0,2,2,0.00,0.0000,0.0000,0.8783,0.5109,0.0000,-0.0000,0.0000,0.0000
2026-06-06 17:15:02.850,0,2,2,0.00,0.0000,0.0000,0.8783,0.5109,0.0000,-0.0000,0.0000,0.0000
2026-06-06 17:15:02.950,0,2,2,0.00,0.0000,0.0000,0.8783,0.5109,0.0000,-0.0000,0.0000,0.0000
2026-06-06 17:15:03.050,0,2,2,0.00,0.0000,0.0000,0.8783,0.5109,0.0000,-0.0000,0.0000,0.0000
2026-06-06 17:15:03.150,0,2,2,0.00,0.0000,0.0000,0.8783,0.5109,0.0000,-0.0000,0.0000,0.0000
2026-06-06 17:15:03.250,0,2,2,0.00,0.0000,0.0000,0.8783,0.5109,0.0000,-0.0000,0.0000,0.0000
2026-06-06 17:15:03.350,0,2,2,0.00,0.0000,0.0000,0.8783,0.5109,0.0000,-0.0000,0.0000,0.0000
2026-06-06 17:15:03.450,0,2,2,0.00,0.0000,0.0000,0.8783,0.5109,0.0000,-0.0000,0.0000,0.0000
2026-06-06 17:15:03.550,0,2,2,0.00,0.0000,0.0000,0.8783,0.5109,0.0000,-0.0000,0.0000,0.0000
2026-06-06 17:15:03.650,0,2,2,0.00,0.0000,0.0000,0.8783,0.5109,0.0000,-0.0000,0.0000,0.0000
2026-06-06 17:15:03.750,0,2,2,0.00,0.0000,0.0000,0.8783,0.5109,0.0000,-0.0000,0.0000,0.0000
2026-06-06 17:15:03.850,0,2,2,0.00,0.0000,0.0000,0.8783,0.5109,0.0000,-0.0000,0.0000,0.0000
2026-06-06 17:15:03.950,0,2,2,0.00,0.0000,0.0000,0.8783,0.5109,0.0000,-0.0000,0.0000,0.0000
2026-06-06 17:15:04.050,0,2,2,0.00,0.0000,0.0000,0.8783,0.5109,0.0000,-0.0000,0.0000,0.0000
2026-06-06 17:15:04.150,0,2,2,0.00,0.0000,0.0000,0.8783,0.5109,0.0000,-0.0000,0.0000,0.0000
2026-06-06 17:15:04.250,0,2,2,0.00,0.0000,0.0000,0.8783,0.5109,0.0000,-0.0000,0.0000,0.0000
2026-06-06 17:15:04.350,0,2,2,0.00,0.0000,0.0000,0.8783,0.5109,0.0000,-0.0000,0.0000,0.0000
2026-06-06 17:15:04.450,0,2,2,0.00,0.0000,0.0000,0.8783,0.5109,0.0000,-0.0000,0.0000,0.0000
2026-06-06 17:15:04.550,0,2,2,0.00,0.0000,0.0000,0.8783,0.5109,0.0000,-0.0000,0.0000,0.0000
2026-06-06 17:15:04.650,0,2,2,0.00,0.0000,0.0000,0.8783,0.5109,0.0000,-0.0000,0.0000,0.0000
2026-06-06 17:15:04.750,0,2,2,0.00,0.0000,0.0000,0.8783,0.5109,0.0000,-0.0000,0.0000,0.0000
2026-06-06 17:15:04.850,0,2,2,0.00,0.0000,0.0000,0.8783,0.5109,0.0000,-0.0000,0.0000,0.0000
2026-06-06 17:15:04.950,0,2,2,0.00,0.0000,0.0000,0.8783,0.5109,0.0000,-0.0000,0.0000,0.0000
2026-06-06 17:15:05.050,0,2,2,0.00,0.0000,0.0000,0.8783,0.5109,0.0000,-0.0000,0.0000,0.0000
2026-06-06 17:15:05.150,0,2,2,0.00,0.0000,0.0000,0.8783,0.5109,0.0000,-0.0000,0.0000,0.0000
2026-06-06 17:15:05.250,0,2,2,0.00,0.0000,0.0000,0.8783,0.5109,0.0000,-0.0000,0.0000,0.0000
2026-06-06 17:15:05.350,0,2,2,0.00,0.0000,0.0000,0.8783,0.5109,0.0000,-0.0000,0.0000,0.0000
2026-06-06 17:15:05.450,0,2,2,0.00,0.0000,0.0000,0.8783,0.5109,0.0000,-0.0000,0.0000,0.0000
2026-06-06 17:15:05.550,0,2,2,0.00,0.0000,0.0000,0.8783,0.5109,0.0000,-0.0000,0.0000,0.0000
2026-06-06 17:15:05.650,0,2,2,0.00,0.0000,0.0000,0.8783,0.5109,0.0000,-0.0000,0.0000,0.0000
2026-06-06 17:15:05.750,0,2,2,0.00,0.0000,0.0000,0.8783,0.5109,0.0000,-0.0000,0.0000,0.0000
2026-06-06 17:15:05.850,0,2,2,0.00,0.0000,0.0000,0.8783,0.5109,0.0000,-0.0000,0.0000,0.0000
2026-06-06 17:15:05.950,0,2,2,0.00,0.0000,0.0000,0.8783,0.5109,0.0000,-0.0000,0.0000,0.0000
2026-06-06 17:15:06.050,0,2,2,0.00,0.0000,0.0000,0.8783,0.5109,0.0000,-0.0000,0.0000,0.0000
2026-06-06 17:15:06.154,0,2,2,0.00,0.0000,0.0000,0.8783,0.5109,0.0000,-0.0000,0.0000,0.0000
2026-06-06 17:15:06.250,0,2,2,0.00,0.0000,0.0000,0.8783,0.5109,0.0000,-0.0000,0.0000,0.0000
2026-06-06 17:15:06.350,0,2,2,0.00,0.0000,0.0000,0.8783,0.5109,0.0000,-0.0000,0.0000,0.0000
2026-06-06 17:15:06.450,0,2,2,0.00,0.0000,0.0000,0.8783,0.5109,0.0000,-0.0000,0.0000,0.0000
2026-06-06 17:15:06.550,0,2,2,0.00,0.0000,0.0000,0.8783,0.5109,0.0000,-0.0000,0.0000,0.0000
2026-06-06 17:15:06.650,0,2,2,0.00,0.0000,0.0000,0.8783,0.5109,0.0000,-0.0000,0.0000,0.0000
2026-06-06 17:15:06.750,0,2,2,0.00,0.0000,0.0000,0.8783,0.5109,0.0000,-0.0000,0.0000,0.0000
2026-06-06 17:15:06.850,0,2,2,0.00,0.0000,0.0000,0.8783,0.5109,0.0000,-0.0000,0.0000,0.0000
2026-06-06 17:15:06.950,0,2,2,0.00,0.0000,0.0000,0.8783,0.5109,0.0000,-0.0000,0.0000,0.0000
2026-06-06 17:15:07.050,0,2,2,0.00,0.0000,0.0000,0.8783,0.5109,0.0000,-0.0000,0.0000,0.0000
2026-06-06 17:15:07.150,0,2,2,0.00,0.0000,0.0000,0.8783,0.5109,0.0000,-0.0000,0.0000,0.0000
2026-06-06 17:15:07.250,0,2,2,0.00,0.0000,0.0000,0.8783,0.5109,0.0000,-0.0000,0.0000,0.0000
2026-06-06 17:15:07.350,0,2,2,0.00,0.0000,0.0000,0.8783,0.5109,0.0000,-0.0000,0.0000,0.0000
2026-06-06 17:15:07.450,0,2,2,0.00,0.0000,0.0000,0.8783,0.5109,0.0000,-0.0000,0.0000,0.0000
2026-06-06 17:15:07.550,0,1,2,0.00,0.0000,0.0000,0.8783,0.5109,0.0000,-0.0000,0.0000,0.0000
2026-06-06 17:15:07.650,0,2,2,0.00,0.0000,0.0000,0.8783,0.5109,0.0000,-0.0000,0.0000,0.0000
2026-06-06 17:15:07.750,0,2,2,0.00,0.0000,0.0000,0.8783,0.5109,0.0000,-0.0000,0.0000,0.0000
2026-06-06 17:15:07.850,0,2,2,0.00,0.0000,0.0000,0.8783,0.5109,0.0000,-0.0000,0.0000,0.0000
2026-06-06 17:15:07.950,0,2,2,0.00,0.0000,0.0000,0.8783,0.5109,0.0000,-0.0000,0.0000,0.0000
2026-06-06 17:15:08.050,0,2,2,0.00,0.0000,0.0000,0.8783,0.5109,0.0000,-0.0000,0.0000,0.0000
2026-06-06 17:15:08.150,0,2,2,0.00,0.0000,0.0000,0.8783,0.5109,0.0000,-0.0000,0.0000,0.0000
2026-06-06 17:15:08.250,0,2,2,0.00,0.0000,0.0000,0.8783,0.5109,0.0000,-0.0000,0.0000,0.0000
2026-06-06 17:15:08.350,0,2,2,0.00,0.0000,0.0000,0.8783,0.5109,0.0000,-0.0000,0.0000,0.0000
2026-06-06 17:15:08.450,0,2,2,0.00,0.0000,0.0000,0.8783,0.5109,0.0000,-0.0000,0.0000,0.0000
2026-06-06 17:15:08.550,0,2,2,0.00,0.0000,0.0000,0.8783,0.5109,0.0000,-0.0000,0.0000,0.0000
2026-06-06 17:15:08.650,0,2,2,0.00,0.0000,0.0000,0.8783,0.5109,0.0000,-0.0000,0.0000,0.0000
2026-06-06 17:15:08.750,0,2,2,0.00,0.0000,0.0000,0.8783,0.5109,0.0000,-0.0000,0.0000,0.0000
2026-06-06 17:15:08.850,0,2,2,0.00,0.0000,0.0000,0.8783,0.5109,0.0000,-0.0000,0.0000,0.0000
2026-06-06 17:15:08.950,0,2,2,0.00,0.0000,0.0000,0.8783,0.5109,0.0000,-0.0000,0.0000,0.0000
2026-06-06 17:15:09.050,0,2,2,0.00,0.0000,0.0000,0.8783,0.5109,0.0000,-0.0000,0.0000,0.0000
2026-06-06 17:15:09.150,0,2,2,0.00,0.0000,0.0000,0.8783,0.5109,0.0000,-0.0000,0.0000,0.0000
2026-06-06 17:15:09.250,0,2,2,0.00,0.0000,0.0000,0.8783,0.5109,0.0000,-0.0000,0.0000,0.0000
2026-06-06 17:15:09.350,0,2,2,0.00,0.0000,0.0000,0.8783,0.5109,0.0000,-0.0000,0.0000,0.0000
2026-06-06 17:15:09.450,0,2,2,0.00,0.0000,0.0000,0.8783,0.5109,0.0000,-0.0000,0.0000,0.0000
2026-06-06 17:15:09.550,0,2,2,0.00,0.0000,0.0000,0.8783,0.5109,0.0000,-0.0000,0.0000,0.0000
2026-06-06 17:15:09.650,0,2,2,0.00,0.0000,0.0000,0.8783,0.5109,0.0000,-0.0000,0.0000,0.0000
2026-06-06 17:15:09.750,0,2,2,0.00,0.0000,0.0000,0.8783,0.5109,0.0000,-0.0000,0.0000,0.0000
2026-06-06 17:15:09.850,0,2,2,0.00,0.0000,0.0000,0.8783,0.5109,0.0000,-0.0000,0.0000,0.0000
2026-06-06 17:15:09.950,0,2,2,0.00,0.0000,0.0000,0.8783,0.5109,0.0000,-0.0000,0.0000,0.0000
2026-06-06 17:15:10.050,0,2,2,0.00,0.0000,0.0000,0.8783,0.5109,0.0000,-0.0000,0.0000,0.0000
2026-06-06 17:15:10.150,0,2,2,0.00,0.0000,0.0000,0.8783,0.5109,0.0000,-0.0000,0.0000,0.0000
2026-06-06 17:15:10.250,0,2,2,0.00,0.0000,0.0000,0.8783,0.5109,0.0000,-0.0000,0.0000,0.0000
2026-06-06 17:15:10.350,0,2,2,0.00,0.0000,0.0000,0.8783,0.5109,0.0000,-0.0000,0.0000,0.0000
2026-06-06 17:15:10.450,0,2,2,0.00,0.0000,0.0000,0.8783,0.5109,0.0000,-0.0000,0.0000,0.0000
2026-06-06 17:15:10.550,0,2,2,0.00,0.0000,0.0000,0.8783,0.5109,0.0000,-0.0000,0.0000,0.0000
2026-06-06 17:15:10.650,0,2,2,0.00,0.0000,0.0000,0.8783,0.5109,0.0000,-0.0000,0.0000,0.0000
2026-06-06 17:15:10.750,0,2,2,0.00,0.0000,0.0000,0.8783,0.5109,0.0000,-0.0000,0.0000,0.0000
2026-06-06 17:15:10.850,0,2,2,0.00,0.0000,0.0000,0.8783,0.5109,0.0000,-0.0000,0.0000,0.0000
2026-06-06 17:15:10.950,0,2,2,0.00,0.0000,0.0000,0.8783,0.5109,0.0000,-0.0000,0.0000,0.0000
2026-06-06 17:15:11.052,0,2,2,0.00,0.0000,0.0000,0.8783,0.5109,0.0000,-0.0000,0.0000,0.0000
2026-06-06 17:15:11.150,0,2,2,0.00,0.0000,0.0000,0.8783,0.5109,0.0000,-0.0000,0.0000,0.0000
2026-06-06 17:15:11.250,0,2,2,0.00,0.0000,0.0000,0.8783,0.5109,0.0000,-0.0000,0.0000,0.0000
2026-06-06 17:15:11.350,0,2,2,0.00,0.0000,0.0000,0.8783,0.5109,0.0000,-0.0000,0.0000,0.0000
2026-06-06 17:15:11.450,0,2,2,0.00,0.0000,0.0000,0.8783,0.5109,0.0000,-0.0000,0.0000,0.0000
2026-06-06 17:15:11.550,0,2,2,0.00,0.0000,0.0000,0.8783,0.5109,0.0000,-0.0000,0.0000,0.0000
2026-06-06 17:15:11.650,0,2,2,0.00,0.0000,0.0000,0.8783,0.5109,0.0000,-0.0000,0.0000,0.0000
2026-06-06 17:15:11.750,0,2,2,0.00,0.0000,0.0000,0.8783,0.5109,0.0000,-0.0000,0.0000,0.0000
2026-06-06 17:15:11.850,0,2,2,0.00,0.0000,0.0000,0.8783,0.5109,0.0000,-0.0000,0.0000,0.0000
2026-06-06 17:15:11.950,0,2,2,0.00,0.0000,0.0000,0.8783,0.5109,0.0000,-0.0000,0.0000,0.0000
