Timestamp,IMU_Packages_per_sec,Odom_Packages_per_sec,Send_Packages_per_sec,Yaw_Angle,Left_Velocity_mps,Right_Velocity_mps,x,y,quaternion_yaw,Left_Velocity_LOS,Right_Velocity_LOS,theta_yaw
2026-05-03 17:38:44.185,0,8,9,0.00,-0.0003,0.0000,0.0000,0.0000,0.0000,0.0000,0.0000,0.0000
2026-05-03 17:38:44.684,0,10,10,0.00,0.0003,0.0003,0.0000,0.0000,0.0000,0.0000,0.0000,0.0000
2026-05-03 17:38:45.184,0,9,10,0.00,0.0000,0.0000,0.0000,0.0000,0.0000,0.0000,0.0000,0.0000
2026-05-03 17:38:45.684,0,10,10,0.00,0.0000,0.0001,0.0000,0.0000,0.0000,0.0000,0.0000,0.0000
2026-05-03 17:38:46.185,0,10,10,0.00,0.0001,0.0000,0.0000,0.0000,0.0000,-0.0000,0.0000,0.0000
2026-05-03 17:38:46.684,0,10,10,0.00,0.0000,0.0000,0.0000,0.0000,0.0000,-0.0000,0.0000,0.0000
2026-05-03 17:38:47.184,0,10,10,0.00,0.0000,0.0000,0.0000,0.0000,0.0000,-0.0000,0.0000,0.0000
2026-05-03 17:38:47.684,0,9,10,0.00,0.0000,0.0000,0.0000,0.0000,0.0000,-0.0000,0.0000,0.0000
2026-05-03 17:38:48.184,0,10,10,0.00,-0.0001,0.0000,0.0000,0.0000,0.0000,-0.0000,0.0000,0.0000
2026-05-03 17:38:48.684,0,10,10,0.00,0.0000,0.0000,0.0000,0.0000,0.0000,-0.0000,0.0000,0.0000
2026-05-03 17:38:49.184,0,10,10,0.00,0.0001,0.0000,0.0000,0.0000,0.0000,-0.0000,0.0000,1.0377
2026-05-03 17:38:49.684,0,10,10,0.00,0.0003,-0.0001,0.0000,0.0000,0.0000,-0.0000,0.0000,1.0377
2026-05-03 17:38:50.184,0,9,10,0.00,0.0000,-0.0001,0.0000,0.0000,0.0000,-0.0000,0.0000,1.0377
2026-05-03 17:38:50.684,0,9,10,0.00,0.0000,0.0000,0.0000,0.0000,0.0000,-0.0000,0.0000,1.0377
2026-05-03 17:38:51.184,0,9,10,0.00,0.0000,0.0000,0.0000,0.0000,0.0000,-0.0000,0.0000,1.0377
2026-05-03 17:38:51.684,0,10,10,0.00,-0.0001,0.0000,0.0000,0.0000,0.0000,-0.0000,0.0000,1.0377
2026-05-03 17:38:52.184,0,10,10,0.00,0.0001,0.0000,0.0000,0.0000,0.0000,-0.0000,0.0000,1.0377
2026-05-03 17:38:52.684,0,10,10,0.00,-0.0001,0.0000,0.0000,0.0000,0.0000,-0.0000,0.0000,1.0377
2026-05-03 17:38:53.184,0,10,10,0.00,0.0001,0.0001,0.0000,0.0000,0.0000,-0.0000,0.0000,1.0377
2026-05-03 17:38:53.684,0,10,10,0.00,0.0001,0.0000,0.0000,0.0000,0.0000,-0.0000,0.0000,1.0377
2026-05-03 17:38:54.184,0,10,10,0.00,0.0000,0.0000,0.0000,0.0000,0.0000,-0.0000,0.0000,1.0377
2026-05-03 17:38:54.684,0,10,10,0.00,0.0000,0.0000,0.0000,0.0000,0.0000,-0.0000,0.0000,1.0377
2026-05-03 17:38:55.184,0,10,10,0.00,0.0000,0.0000,0.0000,0.0000,0.0000,-0.0000,0.0000,1.0377
2026-05-03 17:38:55.684,0,10,10,0.00,0.0000,0.0000,0.0000,0.0000,0.0000,-0.0000,0.0000,1.0377
2026-05-03 17:38:56.184,0,10,10,0.00,0.0003,0.0000,0.0000,0.0000,0.0000,-0.0000,0.0000,1.0377
2026-05-03 17:38:56.684,0,10,10,0.00,0.0000,0.0000,0.0000,0.0000,0.0000,-0.0000,0.0000,1.0377
2026-05-03 17:38:57.184,0,10,10,0.00,0.0000,0.0001,0.0000,0.0000,0.0000,-0.0000,0.0000,1.0377
2026-05-03 17:38:57.684,0,10,10,0.00,-0.0003,0.0000,0.0000,0.0000,0.0000,-0.0000,0.0000,1.0377
2026-05-03 17:38:58.185,0,10,10,0.00,0.0001,-0.0001,0.0000,0.0000,0.0000,-0.0000,0.0000,1.0377
2026-05-03 17:38:58.684,0,10,10,0.00,0.0000,-0.0001,0.0000,0.0000,0.0000,-0.0000,0.0000,1.0377
2026-05-03 17:38:59.184,0,10,10,0.00,0.0000,0.0000,0.0000,0.0000,0.0000,-0.0000,0.0000,1.0377
2026-05-03 17:38:59.684,0,10,10,0.00,0.0000,0.0000,0.0000,0.0000,0.0000,-0.0000,0.0000,1.0377
2026-05-03 17:39:00.184,0,9,10,0.00,0.0000,0.0000,0.0000,0.0000,0.0000,-0.0000,0.0000,1.0377
2026-05-03 17:39:00.684,0,10,10,0.00,-0.0001,0.0000,0.0000,0.0000,0.0000,-0.0000,0.0000,1.0377
2026-05-03 17:39:01.184,0,10,10,0.00,0.0000,0.0000,0.0000,0.0000,0.0000,-0.0000,0.0000,1.0377
2026-05-03 17:39:01.684,0,10,10,0.00,-0.0001,0.0000,0.0000,0.0000,0.0000,-0.0000,0.0000,1.0377
2026-05-03 17:39:02.184,0,10,10,0.00,0.0000,0.0000,0.0000,0.0000,0.0000,-0.0000,0.0000,1.0377
2026-05-03 17:39:02.684,0,10,10,0.00,-0.0004,0.0000,0.0000,0.0000,0.0000,-0.0000,0.0000,1.0377
2026-05-03 17:39:03.184,0,10,10,0.00,0.0000,0.0000,0.0000,0.0000,0.0000,-0.0000,0.0000,1.0377
2026-05-03 17:39:03.684,0,10,10,0.00,-0.0003,0.0000,0.0000,0.0000,0.0000,-0.0000,0.0000,1.0377
2026-05-03 17:39:04.184,0,10,10,0.00,0.0003,0.0000,0.0000,0.0000,0.0000,-0.0000,0.0000,1.0377
2026-05-03 17:39:04.684,0,10,10,0.00,0.0003,0.0000,0.0000,0.0000,0.0000,-0.0000,0.0000,1.0377
2026-05-03 17:39:05.184,0,10,10,0.00,0.0000,0.0000,0.0000,0.0000,0.0000,-0.0000,0.0000,1.0377
2026-05-03 17:39:05.684,0,10,10,0.00,0.0000,0.0000,0.0000,0.0000,0.0000,-0.0000,0.0000,1.0377
2026-05-03 17:39:06.184,0,9,10,0.00,-0.0001,-0.0001,0.0000,0.0000,0.0000,-0.0000,0.0000,1.0377
2026-05-03 17:39:06.684,0,9,10,0.00,0.0001,0.0000,0.0000,0.0000,0.0000,-0.0000,0.0000,1.0377
2026-05-03 17:39:07.184,0,9,10,0.00,-0.0003,0.0003,0.0000,0.0000,0.0000,-0.0000,0.0000,1.0377
2026-05-03 17:39:07.684,0,10,10,0.00,0.0003,0.0000,0.0000,0.0000,0.0000,-0.0000,0.0000,1.0377
2026-05-03 17:39:08.184,0,9,10,0.00,0.0003,0.0001,0.0000,0.0000,0.0000,-0.0000,0.0000,1.0377
2026-05-03 17:39:08.684,0,9,10,0.00,0.0001,0.0000,0.0000,0.0000,0.0000,-0.0000,0.0000,1.0377
2026-05-03 17:39:09.184,0,9,10,0.00,0.0000,0.0000,0.0000,0.0000,0.0000,-0.0000,0.0000,1.0377
2026-05-03 17:39:09.684,0,9,10,0.00,0.0003,-0.0001,0.0000,0.0000,0.0000,-0.0000,0.0000,1.0377
2026-05-03 17:39:10.184,0,9,10,0.00,0.0004,0.0004,0.0000,0.0000,0.0000,-0.0000,0.0000,1.0377
2026-05-03 17:39:10.684,0,9,10,0.00,0.0003,0.0000,0.0000,0.0000,0.0000,-0.0000,0.0000,1.0377
2026-05-03 17:39:11.184,0,9,10,0.00,0.0000,0.0000,0.0000,0.0000,0.0000,-0.0000,0.0000,1.0377
2026-05-03 17:39:11.684,0,9,10,0.00,0.0000,0.0000,0.0000,0.0000,0.0000,-0.0000,0.0000,1.0377
2026-05-03 17:39:12.184,0,9,10,0.00,-0.0001,0.0001,0.0000,0.0000,0.0000,-0.0000,0.0000,1.0377
2026-05-03 17:39:12.684,0,10,10,0.00,0.0000,0.0000,0.0000,0.0000,0.0000,-0.0000,0.0000,1.0377
2026-05-03 17:39:13.184,0,9,10,0.00,0.0000,-0.0001,0.0000,0.0000,0.0000,-0.0000,0.0000,1.0377
2026-05-03 17:39:13.684,0,9,10,0.00,-0.0001,0.0000,0.0000,0.0000,0.0000,-0.0000,0.0000,1.0377
2026-05-03 17:39:14.184,0,9,10,0.00,0.0000,0.0001,0.0000,0.0000,0.0000,-0.0000,0.0000,1.0377
2026-05-03 17:39:14.684,0,9,10,0.00,-0.0001,0.0001,0.0000,0.0000,0.0000,-0.0000,0.0000,1.0377
2026-05-03 17:39:15.184,0,9,10,0.00,0.0001,0.0000,0.0000,0.0000,0.0000,-0.0000,0.0000,1.0377
2026-05-03 17:39:15.684,0,9,10,0.00,0.0000,-0.0001,0.0000,0.0000,0.0000,-0.0000,0.0000,1.0377
2026-05-03 17:39:16.184,0,9,10,0.00,-0.0001,0.0000,0.0000,0.0000,0.0000,-0.0000,0.0000,1.0377
2026-05-03 17:39:16.684,0,9,10,0.00,-0.0003,0.0001,0.0000,0.0000,0.0000,-0.0000,0.0000,1.0377
2026-05-03 17:39:17.184,0,9,10,0.00,-0.0001,0.0004,0.0000,0.0000,0.0000,-0.0000,0.0000,1.0377
2026-05-03 17:39:17.684,0,9,10,0.00,0.0000,0.0000,0.0000,0.0000,0.0000,-0.0000,0.0000,1.0377
2026-05-03 17:39:18.184,0,9,10,0.00,0.0003,0.0001,0.0000,0.0000,0.0000,-0.0000,0.0000,1.0377
2026-05-03 17:39:18.684,0,9,10,0.00,0.0000,-0.0001,0.0000,0.0000,0.0000,-0.0000,0.0000,1.0377
2026-05-03 17:39:19.184,0,9,10,0.00,-0.0001,0.0000,0.0000,0.0000,0.0000,-0.0000,0.0000,1.0377
2026-05-03 17:39:19.684,0,9,10,0.00,-0.0001,0.0000,0.0000,0.0000,0.0000,-0.0000,0.0000,1.0377
2026-05-03 17:39:20.184,0,9,10,0.00,0.0004,0.0000,0.0000,0.0000,0.0000,-0.0000,0.0000,1.0377
2026-05-03 17:39:20.684,0,9,10,0.00,0.0001,-0.0001,0.0000,0.0000,0.0000,-0.0000,0.0000,1.0377
2026-05-03 17:39:21.184,0,9,10,0.00,0.0000,-0.0001,0.0000,0.0000,0.0000,-0.0000,0.0000,1.0377
2026-05-03 17:39:21.684,0,9,10,0.00,0.0000,0.0001,0.0000,0.0000,0.0000,-0.0000,0.0000,1.0377
2026-05-03 17:39:22.184,0,8,10,0.00,0.0005,0.0000,0.0000,0.0000,0.0000,-0.0000,0.0000,1.0377
2026-05-03 17:39:22.684,0,9,10,0.00,0.0000,0.0000,0.0000,0.0000,0.0000,-0.0000,0.0000,1.0377
2026-05-03 17:39:23.184,0,9,10,0.00,0.0004,0.0001,0.0000,0.0000,0.0000,-0.0000,0.0000,1.0377
2026-05-03 17:39:23.684,0,9,10,0.00,0.0000,0.0000,0.0000,0.0000,0.0000,-0.0000,0.0000,1.0377
2026-05-03 17:39:24.184,0,9,10,0.00,-0.0004,0.0001,0.0000,0.0000,0.0000,-0.0000,0.0000,1.0377
2026-05-03 17:39:24.684,0,9,10,0.00,0.0000,0.0001,0.0000,0.0000,0.0000,-0.0000,0.0000,1.0377
2026-05-03 17:39:25.184,0,9,10,0.00,0.0000,-0.0001,0.0000,0.0000,0.0000,-0.0000,0.0000,1.0377
2026-05-03 17:39:25.684,0,9,10,0.00,0.0000,0.0001,0.0000,0.0000,0.0000,-0.0000,0.0000,1.0377
2026-05-03 17:39:26.184,0,9,10,0.00,0.0000,0.0000,0.0001,0.0000,0.0000,-0.0000,0.0000,1.0377
2026-05-03 17:39:26.684,0,9,10,0.00,0.0004,-0.0001,0.0001,0.0000,0.0000,-0.0000,0.0000,1.0377
2026-05-03 17:39:27.184,0,9,10,0.00,0.0000,-0.0004,0.0001,0.0000,0.0000,-0.0000,0.0000,1.0377
2026-05-03 17:39:27.684,0,9,10,0.00,-0.0003,0.0001,0.0001,0.0000,0.0000,-0.0000,0.0000,1.0377
2026-05-03 17:39:28.184,0,9,10,0.00,0.0001,-0.0001,0.0001,0.0000,0.0000,-0.0000,0.0000,1.0377
2026-05-03 17:39:28.684,0,9,10,0.00,0.0001,0.0000,0.0001,0.0000,0.0000,-0.0000,0.0000,1.0377
2026-05-03 17:39:29.184,0,9,10,0.00,0.0000,0.0000,0.0001,0.0000,0.0000,-0.0000,0.0000,1.0377
2026-05-03 17:39:29.684,0,9,10,0.00,0.0004,0.0000,0.0001,0.0000,0.0000,-0.0000,0.0000,1.0377
2026-05-03 17:39:30.184,0,9,10,0.00,-0.0008,0.0000,0.0001,0.0000,0.0000,-0.0000,0.0000,1.0377
2026-05-03 17:39:30.684,0,9,10,0.00,0.0000,0.0000,0.0001,0.0000,0.0000,-0.0000,0.0000,1.0377
2026-05-03 17:39:31.184,0,9,10,0.00,-0.0001,0.0001,0.0001,0.0000,0.0000,-0.0000,0.0000,1.0377
2026-05-03 17:39:31.684,0,9,10,0.00,-0.0003,0.0000,0.0001,0.0000,0.0000,-0.0000,0.0000,1.0377
2026-05-03 17:39:32.184,0,9,10,0.00,0.0000,0.0000,0.0001,0.0000,0.0000,-0.0000,0.0000,1.0377
2026-05-03 17:39:32.684,0,9,10,0.00,0.0000,0.0000,0.0001,0.0000,0.0000,-0.0000,0.0000,1.0377
2026-05-03 17:39:33.184,0,9,10,0.00,0.0003,-0.0001,0.0001,0.0000,0.0000,-0.0000,0.0000,1.0377
2026-05-03 17:39:33.684,0,9,10,0.00,0.0000,-0.0001,0.0001,0.0000,0.0000,-0.0000,0.0000,1.0377
2026-05-03 17:39:34.184,0,9,10,0.00,0.0000,0.0000,0.0001,0.0000,0.0000,-0.0000,0.0000,1.0377
2026-05-03 17:39:34.684,0,9,10,0.00,0.0000,-0.0004,0.0001,0.0000,0.0000,-0.0000,0.0000,1.0377
2026-05-03 17:39:35.184,0,9,10,0.00,0.0000,0.0000,0.0001,0.0000,0.0000,-0.0000,0.0000,1.0377
2026-05-03 17:39:35.684,0,9,10,0.00,0.0003,0.0001,0.0001,0.0000,0.0000,-0.0000,0.0000,1.0377
2026-05-03 17:39:36.184,0,9,10,0.00,-0.0001,-0.0003,0.0001,0.0000,0.0000,-0.0000,0.0000,1.0377
2026-05-03 17:39:36.684,0,9,10,0.00,-0.0001,0.0000,0.0001,0.0000,0.0000,-0.0000,0.0000,1.0377
2026-05-03 17:39:37.184,0,9,10,0.00,0.0000,0.0000,0.0001,0.0000,0.0000,-0.0000,0.0000,1.0377
2026-05-03 17:39:37.684,0,9,10,0.00,-0.0003,0.0000,0.0001,0.0000,0.0000,-0.0000,0.0000,1.0377
2026-05-03 17:39:38.184,0,9,10,0.00,-0.0001,0.0001,0.0001,0.0000,0.0000,-0.0000,0.0000,1.0377
2026-05-03 17:39:38.684,0,9,10,0.00,0.0000,0.0000,0.0001,0.0000,0.0000,-0.0000,0.0000,1.0377
2026-05-03 17:39:39.184,0,10,10,0.00,0.0000,-0.0003,0.0001,0.0000,0.0000,-0.0000,0.0000,1.0377
2026-05-03 17:39:39.684,0,9,10,0.00,-0.0003,0.0001,0.0001,0.0000,0.0000,-0.0000,0.0000,1.0377
2026-05-03 17:39:40.184,0,9,10,0.00,0.0001,0.0004,0.0001,0.0000,0.0000,-0.0000,0.0000,1.0377
2026-05-03 17:39:40.684,0,9,10,0.00,0.0000,0.0000,0.0001,0.0000,0.0000,-0.0000,0.0000,1.0377
2026-05-03 17:39:41.184,0,10,10,0.00,0.0000,0.0003,0.0001,0.0000,0.0000,-0.0000,0.0000,1.0377
2026-05-03 17:39:41.684,0,10,10,0.00,0.0001,0.0000,0.0001,0.0000,0.0000,-0.0000,0.0000,1.0377
2026-05-03 17:39:42.184,0,10,10,0.00,-0.0001,0.0003,0.0001,0.0000,0.0000,-0.0000,0.0000,1.0377
2026-05-03 17:39:42.684,0,10,10,0.00,0.0001,0.0001,0.0001,0.0000,0.0000,-0.0000,0.0000,1.0377
2026-05-03 17:39:43.184,0,10,10,0.00,-0.0001,0.0000,0.0001,0.0000,0.0000,-0.0000,0.0000,1.0377
2026-05-03 17:39:43.684,0,10,10,0.00,0.0000,0.0000,0.0001,0.0000,0.0000,-0.0000,0.0000,1.0377
2026-05-03 17:39:44.184,0,10,10,0.00,0.0001,0.0000,0.0001,0.0000,0.0000,-0.0000,0.0000,1.0377
2026-05-03 17:39:44.684,0,10,10,0.00,0.0000,0.0000,0.0001,0.0000,0.0000,-0.0000,0.0000,1.0377
2026-05-03 17:39:45.184,0,10,10,0.00,0.0000,-0.0003,0.0001,0.0000,0.0000,-0.0000,0.0000,1.0377
2026-05-03 17:39:45.684,0,10,10,0.00,0.0000,0.0000,0.0001,0.0000,0.0000,-0.0000,0.0000,1.0377
2026-05-03 17:39:46.184,0,10,10,0.00,0.0003,0.0001,0.0001,0.0000,0.0000,-0.0000,0.0000,1.0377
2026-05-03 17:39:46.684,0,10,10,0.00,0.0000,0.0000,0.0001,0.0000,0.0000,-0.0000,0.0000,1.0377
2026-05-03 17:39:47.184,0,10,10,0.00,0.0003,0.0000,0.0001,0.0000,0.0000,-0.0000,0.0000,1.0377
2026-05-03 17:39:47.684,0,10,10,0.00,0.0000,0.0000,0.0001,0.0000,0.0000,-0.0000,0.0000,1.0377
2026-05-03 17:39:48.184,0,10,10,0.00,-0.0005,-0.0001,0.0001,0.0000,0.0000,-0.0000,0.0000,1.0377
2026-05-03 17:39:48.684,0,10,10,0.00,0.0000,0.0000,0.0001,0.0000,0.0000,-0.0000,0.0000,1.0377
2026-05-03 17:39:49.184,0,9,10,0.00,-0.0001,-0.0001,0.0001,0.0000,0.0000,-0.0000,0.0000,1.0377
2026-05-03 17:39:49.684,0,10,10,0.00,0.0000,0.0000,0.0001,0.0000,0.0000,-0.0000,0.0000,1.0377
2026-05-03 17:39:50.184,0,10,10,0.00,0.0003,-0.0001,0.0001,0.0000,0.0000,-0.0000,0.0000,1.0377
2026-05-03 17:39:50.684,0,10,10,0.00,0.0001,-0.0001,0.0001,0.0000,0.0000,-0.0000,0.0000,1.0377
2026-05-03 17:39:51.184,0,10,10,0.00,0.0000,0.0000,0.0001,0.0000,0.0000,-0.0000,0.0000,1.0377
2026-05-03 17:39:51.684,0,10,10,0.00,-0.0001,-0.0001,0.0001,0.0000,0.0000,-0.0000,0.0000,1.0377
2026-05-03 17:39:52.184,0,10,10,0.00,-0.0003,0.0000,0.0001,0.0000,0.0000,-0.0000,0.0000,1.0377
2026-05-03 17:39:52.684,0,10,10,0.00,0.0001,0.0000,0.0001,0.0000,0.0000,-0.0000,0.0000,1.0377
2026-05-03 17:39:53.184,0,10,10,0.00,0.0000,0.0000,0.0001,0.0000,0.0000,-0.0000,0.0000,1.0377
2026-05-03 17:39:53.684,0,10,10,0.00,-0.0001,-0.0001,0.0001,0.0000,0.0000,-0.0000,0.0000,1.0377
2026-05-03 17:39:54.184,0,10,10,0.00,0.0000,0.0001,0.0001,0.0000,0.0000,-0.0000,0.0000,1.0377
2026-05-03 17:39:54.684,0,10,10,0.00,0.0001,0.0000,0.0001,0.0000,0.0000,-0.0000,0.0000,1.0377
2026-05-03 17:39:55.184,0,10,10,0.00,-0.0003,0.0001,0.0001,0.0000,0.0000,-0.0000,0.0000,1.0377
2026-05-03 17:39:55.684,0,10,10,0.00,0.0000,-0.0001,0.0001,0.0000,0.0000,-0.0000,0.0000,1.0377
2026-05-03 17:39:56.184,0,10,10,0.00,0.0001,-0.0001,0.0001,0.0000,0.0000,-0.0000,0.0000,1.0377
2026-05-03 17:39:56.684,0,10,10,0.00,0.0003,0.0003,0.0001,0.0000,0.0000,-0.0000,0.0000,1.0377
2026-05-03 17:39:57.184,0,10,10,0.00,0.0000,-0.0001,0.0001,0.0000,0.0000,-0.0000,0.0000,1.0377
2026-05-03 17:39:57.684,0,10,10,0.00,0.0000,0.0004,0.0001,0.0000,0.0000,-0.0000,0.0000,1.0377
2026-05-03 17:39:58.184,0,10,10,0.00,0.0000,0.0000,0.0001,0.0000,0.0000,-0.0000,0.0000,1.0377
2026-05-03 17:39:58.684,0,10,10,0.00,0.0001,0.0001,0.0001,0.0000,0.0000,-0.0000,0.0000,1.0377
2026-05-03 17:39:59.184,0,10,10,0.00,0.0000,0.0000,0.0001,0.0000,0.0000,-0.0000,0.0000,1.0377
2026-05-03 17:39:59.684,0,10,10,0.00,-0.0003,0.0001,0.0001,0.0000,0.0000,-0.0000,0.0000,1.0377
2026-05-03 17:40:00.184,0,10,10,0.00,0.0001,0.0003,0.0001,0.0000,0.0000,-0.0000,0.0000,1.0377
2026-05-03 17:40:00.684,0,10,10,0.00,0.0001,0.0000,0.0001,0.0000,0.0000,-0.0000,0.0000,1.0377
2026-05-03 17:40:01.184,0,10,10,0.00,-0.0003,0.0000,0.0001,0.0000,0.0000,-0.0000,0.0000,1.0377
2026-05-03 17:40:01.684,0,10,10,0.00,-0.0003,0.0000,0.0001,0.0000,0.0000,-0.0000,0.0000,1.0377
2026-05-03 17:40:02.184,0,10,10,0.00,0.0000,0.0000,0.0001,0.0000,0.0000,-0.0000,0.0000,1.0377
2026-05-03 17:40:02.684,0,10,10,0.00,0.0000,0.0000,0.0001,0.0000,0.0000,-0.0000,0.0000,1.0377
2026-05-03 17:40:03.184,0,10,10,0.00,0.0003,-0.0003,0.0001,0.0000,0.0000,-0.0000,0.0000,1.0377
2026-05-03 17:40:03.684,0,10,10,0.00,-0.0001,0.0000,0.0001,0.0000,0.0000,-0.0000,0.0000,1.0377
2026-05-03 17:40:04.184,0,10,10,0.00,0.0000,0.0003,0.0001,0.0000,0.0000,-0.0000,0.0000,1.0377
2026-05-03 17:40:04.684,0,10,10,0.00,-0.0003,0.0001,0.0001,0.0000,0.0000,-0.0000,0.0000,1.0377
2026-05-03 17:40:05.184,0,10,10,0.00,-0.0001,0.0000,0.0001,0.0000,0.0000,-0.0000,0.0000,1.0377
2026-05-03 17:40:05.684,0,10,10,0.00,-0.0001,0.0000,0.0001,0.0000,0.0000,-0.0000,0.0000,1.0377
2026-05-03 17:40:06.184,0,10,10,0.00,-0.0003,0.0001,0.0001,0.0000,0.0000,-0.0000,0.0000,1.0377
2026-05-03 17:40:06.684,0,10,10,0.00,0.0000,0.0000,0.0001,0.0000,0.0000,-0.0000,0.0000,1.0377
2026-05-03 17:40:07.184,0,10,10,0.00,0.0000,-0.0003,0.0001,0.0000,0.0000,-0.0000,0.0000,1.0377
2026-05-03 17:40:07.684,0,10,10,0.00,0.0000,0.0000,0.0001,0.0000,0.0000,-0.0000,0.0000,1.0377
2026-05-03 17:40:08.185,0,10,10,0.00,-0.0003,0.0000,0.0001,0.0000,0.0000,-0.0000,0.0000,1.0377
2026-05-03 17:40:08.684,0,10,10,0.00,-0.0005,0.0000,0.0001,0.0000,0.0000,-0.0000,0.0000,1.0377
2026-05-03 17:40:09.184,0,10,10,0.00,0.0000,0.0003,0.0001,0.0000,0.0000,-0.0000,0.0000,1.0377
2026-05-03 17:40:09.684,0,10,10,0.00,0.0000,0.0000,0.0001,0.0000,0.0000,-0.0000,0.0000,1.0377
2026-05-03 17:40:10.184,0,10,10,0.00,-0.0001,0.0001,0.0001,0.0000,0.0000,-0.0000,0.0000,1.0377
2026-05-03 17:40:10.684,0,10,10,0.00,0.0000,0.0000,0.0001,0.0000,0.0000,-0.0000,0.0000,1.0377
2026-05-03 17:40:11.184,0,10,10,0.00,0.0001,-0.0003,0.0001,0.0000,0.0000,-0.0000,0.0000,1.0377
2026-05-03 17:40:11.684,0,10,10,0.00,0.0001,0.0000,0.0001,0.0000,0.0000,-0.0000,0.0000,1.0377
2026-05-03 17:40:12.184,0,10,10,0.00,0.0000,0.0000,0.0001,0.0000,0.0000,-0.0000,0.0000,1.0377
2026-05-03 17:40:12.684,0,10,10,0.00,0.0000,-0.0001,0.0001,0.0000,0.0000,-0.0000,0.0000,1.0377
2026-05-03 17:40:13.184,0,10,10,0.00,0.0000,-0.0003,0.0001,0.0000,0.0000,-0.0000,0.0000,1.0377
2026-05-03 17:40:13.684,0,10,10,0.00,-0.0001,0.0001,0.0001,0.0000,0.0000,-0.0000,0.0000,1.0377
2026-05-03 17:40:14.184,0,10,10,0.00,0.0001,-0.0001,0.0001,0.0000,0.0000,-0.0000,0.0000,1.0377
2026-05-03 17:40:14.684,0,10,10,0.00,0.0003,-0.0003,0.0001,0.0000,0.0000,-0.0000,0.0000,1.0377
2026-05-03 17:40:15.184,0,10,10,0.00,0.0001,-0.0001,0.0001,0.0000,0.0000,-0.0000,0.0000,1.0377
2026-05-03 17:40:15.684,0,10,10,0.00,0.0000,0.0001,0.0001,0.0000,0.0000,-0.0000,0.0000,1.0377
2026-05-03 17:40:16.184,0,10,10,0.00,0.0000,0.0001,0.0001,0.0000,0.0000,-0.0000,0.0000,1.0377
2026-05-03 17:40:16.684,0,10,10,0.00,0.0000,0.0003,0.0001,0.0000,0.0000,-0.0000,0.0000,1.0377
2026-05-03 17:40:17.184,0,10,10,0.00,0.0000,0.0000,0.0001,0.0000,0.0000,-0.0000,0.0000,1.0377
2026-05-03 17:40:17.684,0,10,10,0.00,-0.0001,-0.0001,0.0001,0.0000,0.0000,-0.0000,0.0000,1.0377
2026-05-03 17:40:18.184,0,10,10,0.00,0.0003,-0.0001,0.0001,0.0000,0.0000,-0.0000,0.0000,1.0377
2026-05-03 17:40:18.684,0,10,10,0.00,-0.0001,0.0000,0.0001,0.0000,0.0000,-0.0000,0.0000,1.0377
2026-05-03 17:40:19.184,0,10,10,0.00,0.0000,0.0000,0.0001,0.0000,0.0000,-0.0000,0.0000,1.0377
2026-05-03 17:40:19.684,0,10,10,0.00,0.0000,-0.0001,0.0001,0.0000,0.0000,-0.0000,0.0000,1.0377
2026-05-03 17:40:20.184,0,10,10,0.00,-0.0001,0.0001,0.0001,0.0000,0.0000,-0.0000,0.0000,1.0377
2026-05-03 17:40:20.684,0,10,10,0.00,0.0003,0.0000,0.0001,0.0000,0.0000,-0.0000,0.0000,1.0377
2026-05-03 17:40:21.184,0,10,10,0.00,0.0000,0.0001,0.0001,0.0000,0.0000,-0.0000,0.0000,1.0377
2026-05-03 17:40:21.684,0,10,10,0.00,0.0000,0.0000,0.0001,0.0000,0.0000,-0.0000,0.0000,1.0377
2026-05-03 17:40:22.184,0,10,10,0.00,-0.0001,0.0000,0.0001,0.0000,0.0000,-0.0000,0.0000,1.0377
2026-05-03 17:40:22.684,0,10,10,0.00,-0.0003,-0.0001,0.0001,0.0000,0.0000,-0.0000,0.0000,1.0377
2026-05-03 17:40:23.184,0,10,10,0.00,0.0001,-0.0003,0.0001,0.0000,0.0000,-0.0000,0.0000,1.0377
2026-05-03 17:40:23.684,0,10,10,0.00,0.0000,0.0000,0.0001,0.0000,0.0000,-0.0000,0.0000,1.0377
2026-05-03 17:40:24.184,0,10,10,0.00,0.0000,0.0000,0.0001,0.0000,0.0000,-0.0000,0.0000,1.0377
2026-05-03 17:40:24.684,0,10,10,0.00,0.0001,0.0000,0.0001,0.0000,0.0000,-0.0000,0.0000,1.0377
2026-05-03 17:40:25.184,0,10,10,0.00,0.0000,0.0000,0.0001,0.0000,0.0000,-0.0000,0.0000,1.0377
2026-05-03 17:40:25.684,0,10,10,0.00,0.0000,0.0000,0.0001,0.0000,0.0000,-0.0000,0.0000,1.0377
2026-05-03 17:40:26.184,0,10,10,0.00,0.0001,-0.0001,0.0001,0.0000,0.0000,-0.0000,0.0000,1.0377
2026-05-03 17:40:26.684,0,10,10,0.00,0.0001,0.0001,0.0001,0.0000,0.0000,-0.0000,0.0000,1.0377
2026-05-03 17:40:27.184,0,10,10,0.00,0.0003,-0.0001,0.0001,0.0000,0.0000,-0.0000,0.0000,1.0377
2026-05-03 17:40:27.684,0,10,10,0.00,0.0000,0.0000,0.0001,0.0000,0.0000,-0.0000,0.0000,1.0377
2026-05-03 17:40:28.184,0,10,10,0.00,0.0000,-0.0001,0.0001,0.0000,0.0000,-0.0000,0.0000,1.0377
2026-05-03 17:40:28.684,0,10,10,0.00,0.0000,0.0000,0.0001,0.0000,0.0000,-0.0000,0.0000,1.0377
2026-05-03 17:40:29.184,0,10,10,0.00,0.0000,0.0000,0.0001,0.0000,0.0000,-0.0000,0.0000,1.0377
2026-05-03 17:40:29.684,0,10,10,0.00,0.0001,0.0000,0.0001,0.0000,0.0000,-0.0000,0.0000,1.0377
2026-05-03 17:40:30.184,0,10,10,0.00,0.0000,-0.0001,0.0001,0.0000,0.0000,-0.0000,0.0000,1.0377
2026-05-03 17:40:30.684,0,10,10,0.00,0.0000,0.0000,0.0001,0.0000,0.0000,-0.0000,0.0000,1.0377
2026-05-03 17:40:31.184,0,10,10,0.00,-0.0003,0.0000,0.0001,0.0000,0.0000,-0.0000,0.0000,1.0377
2026-05-03 17:40:31.684,0,10,10,0.00,-0.0001,0.0000,0.0001,0.0000,0.0000,-0.0000,0.0000,1.0377
2026-05-03 17:40:32.184,0,10,10,0.00,0.0000,0.0003,0.0001,0.0000,0.0000,-0.0000,0.0000,1.0377
2026-05-03 17:40:32.684,0,10,10,0.00,0.0000,0.0000,0.0001,0.0000,0.0000,-0.0000,0.0000,1.0377
2026-05-03 17:40:33.184,0,10,10,0.00,-0.0001,0.0001,0.0001,0.0000,0.0000,-0.0000,0.0000,1.0377
2026-05-03 17:40:33.684,0,10,10,0.00,-0.0001,0.0000,0.0001,0.0000,0.0000,-0.0000,0.0000,1.0377
2026-05-03 17:40:34.184,0,10,10,0.00,-0.0003,0.0000,0.0001,0.0000,0.0000,-0.0000,0.0000,1.0377
2026-05-03 17:40:34.684,0,10,10,0.00,0.0000,0.0003,0.0001,0.0000,0.0000,-0.0000,0.0000,1.0377
2026-05-03 17:40:35.184,0,10,10,0.00,0.0000,0.0001,0.0001,0.0000,0.0000,-0.0000,0.0000,1.0377
2026-05-03 17:40:35.684,0,10,10,0.00,0.0000,-0.0003,0.0001,0.0000,0.0000,-0.0000,0.0000,1.0377
2026-05-03 17:40:36.184,0,10,10,0.00,-0.0001,0.0000,0.0001,0.0000,0.0000,-0.0000,0.0000,1.0377
2026-05-03 17:40:36.684,0,10,10,0.00,0.0001,0.0001,0.0001,0.0000,0.0000,-0.0000,0.0000,1.0377
2026-05-03 17:40:37.184,0,10,10,0.00,0.0000,0.0000,0.0001,0.0000,0.0000,-0.0000,0.0000,1.0377
2026-05-03 17:40:37.684,0,10,10,0.00,0.0001,0.0001,0.0001,0.0000,0.0000,-0.0000,0.0000,1.0377
2026-05-03 17:40:38.184,0,10,10,0.00,0.0003,0.0000,0.0001,0.0000,0.0000,-0.0000,0.0000,1.0377
2026-05-03 17:40:38.684,0,10,10,0.00,0.0001,-0.0003,0.0001,0.0000,0.0000,-0.0000,0.0000,1.0377
2026-05-03 17:40:39.184,0,10,10,0.00,0.0001,0.0001,0.0001,0.0000,0.0000,-0.0000,0.0000,1.0377
2026-05-03 17:40:39.684,0,10,10,0.00,0.0003,0.0000,0.0001,0.0000,0.0000,-0.0000,0.0000,1.0377
2026-05-03 17:40:40.184,0,10,10,0.00,0.0001,0.0000,0.0001,0.0000,0.0000,-0.0000,0.0000,1.0377
2026-05-03 17:40:40.684,0,10,10,0.00,0.0003,-0.0003,0.0001,0.0000,0.0000,-0.0000,0.0000,1.0377
2026-05-03 17:40:41.184,0,10,10,0.00,0.0000,-0.0001,0.0001,0.0000,0.0000,-0.0000,0.0000,1.0377
2026-05-03 17:40:41.684,0,10,10,0.00,-0.0001,0.0000,0.0001,0.0000,0.0000,-0.0000,0.0000,1.0377
2026-05-03 17:40:42.184,0,10,10,0.00,0.0000,0.0000,0.0001,0.0000,0.0000,-0.0000,0.0000,1.0377
2026-05-03 17:40:42.684,0,10,10,0.00,0.0000,0.0000,0.0001,0.0000,0.0000,-0.0000,0.0000,1.0377
2026-05-03 17:40:43.184,0,10,10,0.00,0.0000,0.0004,0.0001,0.0000,0.0000,-0.0000,0.0000,1.0321
2026-05-03 17:40:43.684,0,10,10,0.00,0.0000,0.0000,0.0001,0.0000,0.0000,-0.0000,0.0000,1.0321
2026-05-03 17:40:44.184,0,10,10,0.00,0.0000,0.0000,0.0001,0.0000,0.0000,-0.0000,0.0000,1.0321
2026-05-03 17:40:44.684,0,10,10,0.00,-0.0001,0.0000,0.0001,0.0000,0.0000,-0.0000,0.0000,1.0321
2026-05-03 17:40:45.184,0,10,10,0.00,0.0000,0.0001,0.0001,0.0000,0.0000,-0.0000,0.0000,1.0321
2026-05-03 17:40:45.684,0,10,10,0.00,0.0000,-0.0003,0.0001,0.0000,0.0000,-0.0000,0.0000,1.0321
2026-05-03 17:40:46.184,0,10,10,0.00,0.0000,0.0000,0.0001,0.0000,0.0000,-0.0000,0.0000,1.0321
2026-05-03 17:40:46.684,0,10,10,0.00,-0.0001,0.0001,-0.0006,0.0000,0.0000,-0.0000,0.0000,1.0321
2026-05-03 17:40:47.184,0,10,10,0.00,0.0000,0.0000,-0.0006,0.0000,0.0000,-0.0000,0.0000,1.0321
2026-05-03 17:40:47.684,0,10,10,0.00,0.0001,0.0001,-0.0006,0.0000,0.0000,-0.0000,0.0000,1.0321
2026-05-03 17:40:48.184,0,10,10,0.00,-0.0001,0.0004,-0.0006,0.0000,0.0000,-0.0000,0.0000,1.0321
2026-05-03 17:40:48.684,0,10,10,0.00,0.0000,0.0000,-0.0006,0.0000,0.0000,-0.0000,0.0000,1.0321
2026-05-03 17:40:49.184,0,10,10,0.00,0.0000,0.0000,-0.0006,0.0000,0.0000,-0.0000,0.0000,1.0321
2026-05-03 17:40:49.684,0,10,10,0.00,0.0001,0.0001,-0.0006,0.0000,0.0000,-0.0000,0.0000,1.0321
2026-05-03 17:40:50.184,0,10,10,0.00,0.0000,0.0000,-0.0006,0.0000,0.0000,-0.0000,0.0000,1.0321
2026-05-03 17:40:50.684,0,10,10,0.00,-0.0001,0.0000,-0.0006,0.0000,0.0000,-0.0000,0.0000,1.0321
2026-05-03 17:40:51.184,0,10,10,0.00,0.0000,0.0004,-0.0006,0.0000,0.0000,-0.0000,0.0000,1.0321
2026-05-03 17:40:51.684,0,10,10,0.00,0.0000,0.0000,-0.0006,0.0000,0.0000,-0.0000,0.0000,1.0321
2026-05-03 17:40:52.184,0,10,10,0.00,0.0001,0.0001,-0.0006,0.0000,0.0000,-0.0000,0.0000,1.0321
2026-05-03 17:40:52.684,0,10,10,0.00,0.0000,0.0003,-0.0006,0.0000,0.0000,-0.0000,0.0000,1.0321
2026-05-03 17:40:53.184,0,10,10,0.00,-0.0001,-0.0001,-0.0006,0.0000,0.0000,-0.0000,0.0000,1.0321
2026-05-03 17:40:53.684,0,10,10,0.00,0.0000,0.0005,-0.0006,0.0000,0.0000,-0.0000,0.0000,1.0321
2026-05-03 17:40:54.184,0,10,10,0.00,-0.0001,0.0000,-0.0006,0.0000,0.0000,-0.0000,0.0000,1.0321
2026-05-03 17:40:54.685,0,10,10,0.00,0.0000,-0.0001,-0.0006,0.0000,0.0000,-0.0000,0.0000,1.0321
2026-05-03 17:40:55.184,0,10,10,0.00,0.0000,0.0003,-0.0006,0.0000,0.0000,-0.0000,0.0000,1.0321
2026-05-03 17:40:55.684,0,10,10,0.00,0.0000,0.0000,-0.0006,0.0000,0.0000,-0.0000,0.0000,1.0321
2026-05-03 17:40:56.184,0,10,10,0.00,-0.0003,0.0000,-0.0006,0.0000,0.0000,-0.0000,0.0000,1.0321
2026-05-03 17:40:56.684,0,10,10,0.00,0.0001,0.0003,-0.0006,0.0000,0.0000,-0.0000,0.0000,1.0321
2026-05-03 17:40:57.184,0,10,10,0.00,-0.0001,0.0000,-0.0006,0.0000,0.0000,-0.0000,0.0000,1.0321
2026-05-03 17:40:57.684,0,10,10,0.00,0.0001,0.0000,-0.0006,0.0000,0.0000,-0.0000,0.0000,1.0321
2026-05-03 17:40:58.184,0,10,10,0.00,0.0000,0.0000,-0.0006,0.0000,0.0000,-0.0000,0.0000,1.0321
2026-05-03 17:40:58.684,0,10,10,0.00,0.0001,0.0000,-0.0006,0.0000,0.0000,-0.0000,0.0000,1.0321
2026-05-03 17:40:59.184,0,10,10,0.00,0.0000,0.0000,-0.0006,0.0000,0.0000,-0.0000,0.0000,1.0321
2026-05-03 17:40:59.684,0,10,10,0.00,0.0000,-0.0001,-0.0006,0.0000,0.0000,-0.0000,0.0000,1.0321
2026-05-03 17:41:00.184,0,10,10,0.00,0.0001,0.0008,-0.0006,0.0000,0.0000,-0.0000,0.0000,1.0321
2026-05-03 17:41:00.684,0,10,10,0.00,0.0004,0.0001,-0.0006,0.0000,0.0000,-0.0000,0.0000,1.0321
2026-05-03 17:41:01.184,0,10,10,0.00,0.0000,0.0000,-0.0006,0.0000,0.0000,-0.0000,0.0000,1.0321
2026-05-03 17:41:01.684,0,10,10,0.00,0.0000,0.0000,-0.0006,0.0000,0.0000,-0.0000,0.0000,1.0321
2026-05-03 17:41:02.184,0,10,10,0.00,-0.0001,0.0000,-0.0006,0.0000,0.0000,-0.0000,0.0000,1.0321
2026-05-03 17:41:02.684,0,10,10,0.00,0.0000,0.0000,-0.0006,0.0000,0.0000,-0.0000,0.0000,1.0321
2026-05-03 17:41:03.184,0,10,10,0.00,-0.0001,-0.0001,-0.0006,0.0000,0.0000,-0.0000,0.0000,1.0321
2026-05-03 17:41:03.684,0,10,10,0.00,0.0001,0.0000,-0.0006,0.0000,0.0000,-0.0000,0.0000,1.0321
2026-05-03 17:41:04.184,0,10,10,0.00,0.0001,0.0000,-0.0006,0.0000,0.0000,-0.0000,0.0000,1.0321
2026-05-03 17:41:04.684,0,10,10,0.00,0.0000,-0.0001,-0.0006,0.0000,0.0000,-0.0000,0.0000,1.0321
2026-05-03 17:41:05.184,0,10,10,0.00,0.0003,-0.0001,-0.0006,0.0000,0.0000,-0.0000,0.0000,1.0321
2026-05-03 17:41:05.684,0,10,10,0.00,0.0000,0.0003,-0.0006,0.0000,0.0000,-0.0000,0.0000,1.0321
2026-05-03 17:41:06.184,0,10,10,0.00,-0.0001,0.0000,-0.0006,0.0000,0.0000,-0.0000,0.0000,1.0321
2026-05-03 17:41:06.684,0,10,10,0.00,0.0001,0.0000,-0.0006,0.0000,0.0000,-0.0000,0.0000,1.0321
2026-05-03 17:41:07.184,0,10,10,0.00,0.0005,0.0000,-0.0006,0.0000,0.0000,-0.0000,0.0000,1.0321
2026-05-03 17:41:07.684,0,10,10,0.00,0.0001,-0.0001,-0.0006,0.0000,0.0000,-0.0000,0.0000,1.0321
2026-05-03 17:41:08.184,0,10,10,0.00,0.0001,0.0000,-0.0006,0.0000,0.0000,-0.0000,0.0000,1.0321
2026-05-03 17:41:08.684,0,10,10,0.00,0.0000,0.0003,-0.0006,0.0000,0.0000,-0.0000,0.0000,1.0321
2026-05-03 17:41:09.184,0,10,10,0.00,0.0001,0.0000,-0.0006,0.0000,0.0000,-0.0000,0.0000,1.0321
2026-05-03 17:41:09.684,0,10,10,0.00,0.0000,0.0000,-0.0006,0.0000,0.0000,-0.0000,0.0000,1.0321
2026-05-03 17:41:10.184,0,10,10,0.00,0.0000,-0.0001,-0.0006,0.0000,0.0000,-0.0000,0.0000,1.0321
2026-05-03 17:41:10.684,0,10,10,0.00,0.0001,0.0000,-0.0006,0.0000,0.0000,-0.0000,0.0000,1.0321
2026-05-03 17:41:11.184,0,10,10,0.00,-0.0001,0.0000,-0.0006,0.0000,0.0000,-0.0000,0.0000,1.0321
2026-05-03 17:41:11.684,0,10,10,0.00,0.0001,0.0000,-0.0006,0.0000,0.0000,-0.0000,0.0000,1.0321
2026-05-03 17:41:12.184,0,10,10,0.00,-0.0001,0.0001,-0.0006,0.0000,0.0000,-0.0000,0.0000,1.0321
2026-05-03 17:41:12.684,0,10,10,0.00,-0.0001,-0.0003,-0.0006,0.0000,0.0000,-0.0000,0.0000,1.0321
2026-05-03 17:41:13.184,0,10,10,0.00,0.0001,0.0000,-0.0006,0.0000,0.0000,-0.0000,0.0000,1.0321
2026-05-03 17:41:13.684,0,10,10,0.00,0.0001,-0.0001,-0.0006,0.0000,0.0000,-0.0000,0.0000,1.0321
2026-05-03 17:41:14.184,0,10,10,0.00,0.0000,-0.0001,-0.0006,0.0000,0.0000,-0.0000,0.0000,1.0321
2026-05-03 17:41:14.684,0,10,10,0.00,-0.0001,0.0003,-0.0006,0.0000,0.0000,-0.0000,0.0000,1.0321
2026-05-03 17:41:15.184,0,10,10,0.00,-0.0004,0.0001,-0.0006,0.0000,0.0000,-0.0000,0.0000,1.0321
2026-05-03 17:41:15.684,0,10,10,0.00,0.0000,0.0000,-0.0006,0.0000,0.0000,-0.0000,0.0000,1.0321
2026-05-03 17:41:16.184,0,10,10,0.00,0.0000,0.0003,-0.0006,0.0000,0.0000,-0.0000,0.0000,1.0321
2026-05-03 17:41:16.684,0,10,10,0.00,0.0001,0.0001,-0.0006,0.0000,0.0000,-0.0000,0.0000,1.0321
2026-05-03 17:41:17.184,0,10,10,0.00,0.0000,-0.0001,-0.0006,0.0000,0.0000,-0.0000,0.0000,1.0321
2026-05-03 17:41:17.684,0,10,10,0.00,0.0000,-0.0001,-0.0006,0.0000,0.0000,-0.0000,0.0000,1.0321
2026-05-03 17:41:18.184,0,10,10,0.00,0.0000,-0.0003,-0.0006,0.0000,0.0000,-0.0000,0.0000,1.0321
2026-05-03 17:41:18.684,0,10,10,0.00,-0.0001,0.0000,-0.0006,0.0000,0.0000,-0.0000,0.0000,1.0321
2026-05-03 17:41:19.184,0,10,10,0.00,0.0000,0.0000,-0.0006,0.0000,0.0000,-0.0000,0.0000,1.0321
2026-05-03 17:41:19.684,0,10,10,0.00,0.0000,0.0000,-0.0006,0.0000,0.0000,-0.0000,0.0000,1.0321
2026-05-03 17:41:20.184,0,10,10,0.00,0.0000,-0.0001,-0.0006,0.0000,0.0000,-0.0000,0.0000,1.0321
2026-05-03 17:41:20.684,0,10,10,0.00,0.0000,0.0000,-0.0006,0.0000,0.0000,-0.0000,0.0000,1.0321
2026-05-03 17:41:21.184,0,10,10,0.00,0.0000,0.0000,-0.0006,0.0000,0.0000,-0.0000,0.0000,1.0321
2026-05-03 17:41:21.684,0,10,10,0.00,0.0000,0.0000,-0.0006,0.0000,0.0000,-0.0000,0.0000,1.0321
2026-05-03 17:41:22.184,0,10,10,0.00,0.0000,0.0000,-0.0006,0.0000,0.0000,-0.0000,0.0000,1.0321
2026-05-03 17:41:22.684,0,10,10,0.00,0.0000,-0.0001,-0.0006,0.0000,0.0000,-0.0000,0.0000,1.0321
2026-05-03 17:41:23.184,0,10,10,0.00,0.0000,0.0001,-0.0006,0.0000,0.0000,-0.0000,0.0000,1.0321
2026-05-03 17:41:23.684,0,10,10,0.00,0.0001,0.0000,-0.0006,0.0000,0.0000,-0.0000,0.0000,1.0321
2026-05-03 17:41:24.184,0,10,10,0.00,0.0000,0.0000,-0.0006,0.0000,0.0000,-0.0000,0.0000,1.0321
2026-05-03 17:41:24.684,0,10,10,0.00,0.0000,0.0001,-0.0006,0.0000,0.0000,-0.0000,0.0000,1.0321
2026-05-03 17:41:25.184,0,10,10,0.00,-0.0001,0.0000,-0.0006,0.0000,0.0000,-0.0000,0.0000,1.0321
2026-05-03 17:41:25.684,0,10,10,0.00,0.0000,-0.0001,-0.0006,0.0000,0.0000,-0.0000,0.0000,1.0321
2026-05-03 17:41:26.184,0,10,10,0.00,0.0000,0.0000,-0.0006,0.0000,0.0000,-0.0000,0.0000,1.0321
2026-05-03 17:41:26.684,0,10,10,0.00,0.0003,0.0003,-0.0006,0.0000,0.0000,-0.0000,0.0000,1.0321
2026-05-03 17:41:27.184,0,10,10,0.00,-0.0003,0.0000,-0.0006,0.0000,0.0000,-0.0000,0.0000,1.0321
2026-05-03 17:41:27.684,0,10,10,0.00,0.0000,0.0000,-0.0006,0.0000,0.0000,-0.0000,0.0000,1.0321
2026-05-03 17:41:28.184,0,10,10,0.00,0.0000,0.0000,-0.0006,0.0000,0.0000,-0.0000,0.0000,1.0321
2026-05-03 17:41:28.684,0,10,10,0.00,0.0000,0.0000,-0.0006,0.0000,0.0000,-0.0000,0.0000,1.0321
2026-05-03 17:41:29.184,0,10,10,0.00,0.0000,-0.0003,-0.0006,0.0000,0.0000,-0.0000,0.0000,1.0321
2026-05-03 17:41:29.684,0,10,10,0.00,0.0000,-0.0001,-0.0006,0.0000,0.0000,-0.0000,0.0000,1.0321
2026-05-03 17:41:30.184,0,10,10,0.00,0.0001,0.0003,-0.0006,0.0000,0.0000,-0.0000,0.0000,1.0321
2026-05-03 17:41:30.684,0,10,10,0.00,0.0000,0.0000,-0.0006,0.0000,0.0000,-0.0000,0.0000,1.0321
2026-05-03 17:41:31.184,0,10,10,0.00,-0.0001,0.0000,-0.0006,0.0000,0.0000,-0.0000,0.0000,1.0321
2026-05-03 17:41:31.684,0,10,10,0.00,-0.0001,0.0000,-0.0006,0.0000,0.0000,-0.0000,0.0000,1.0321
2026-05-03 17:41:32.184,0,10,10,0.00,0.0001,-0.0001,-0.0006,0.0000,0.0000,-0.0000,0.0000,1.0321
2026-05-03 17:41:32.684,0,10,10,0.00,0.0001,-0.0001,-0.0006,0.0000,0.0000,-0.0000,0.0000,1.0321
2026-05-03 17:41:33.184,0,10,10,0.00,0.0000,-0.0001,-0.0006,0.0000,0.0000,-0.0000,0.0000,1.0321
2026-05-03 17:41:33.684,0,10,10,0.00,0.0000,0.0005,-0.0006,0.0000,0.0000,-0.0000,0.0000,1.0321
2026-05-03 17:41:34.184,0,10,10,0.00,0.0001,0.0000,-0.0006,0.0000,0.0000,-0.0000,0.0000,1.0321
2026-05-03 17:41:34.684,0,10,10,0.00,0.0000,0.0000,-0.0006,0.0000,0.0000,-0.0000,0.0000,1.0321
2026-05-03 17:41:35.184,0,10,10,0.00,0.0000,-0.0001,-0.0006,0.0000,0.0000,-0.0000,0.0000,1.0321
2026-05-03 17:41:35.684,0,10,10,0.00,0.0000,0.0003,-0.0006,0.0000,0.0000,-0.0000,0.0000,1.0321
2026-05-03 17:41:36.184,0,10,10,0.00,-0.0003,0.0000,-0.0006,0.0000,0.0000,-0.0000,0.0000,1.0321
2026-05-03 17:41:36.684,0,10,10,0.00,0.0001,0.0000,-0.0006,0.0000,0.0000,-0.0000,0.0000,1.0321
2026-05-03 17:41:37.184,0,10,10,0.00,-0.0001,0.0000,-0.0006,0.0000,0.0000,-0.0000,0.0000,1.0321
2026-05-03 17:41:37.684,0,10,10,0.00,0.0000,-0.0003,-0.0006,0.0000,0.0000,-0.0000,0.0000,1.0321
2026-05-03 17:41:38.184,0,10,10,0.00,-0.0003,0.0000,-0.0006,0.0000,0.0000,-0.0000,0.0000,1.0321
2026-05-03 17:41:38.684,0,10,10,0.00,0.0000,0.0004,-0.0006,0.0000,0.0000,-0.0000,0.0000,1.0321
2026-05-03 17:41:39.184,0,10,10,0.00,0.0000,0.0000,-0.0006,0.0000,0.0000,-0.0000,0.0000,1.0321
2026-05-03 17:41:39.684,0,10,10,0.00,0.0001,0.0000,-0.0006,0.0000,0.0000,-0.0000,0.0000,1.0321
2026-05-03 17:41:40.188,0,10,10,0.00,0.0001,0.0003,-0.0006,0.0000,0.0000,-0.0000,0.0000,1.0321
2026-05-03 17:41:40.684,0,10,10,0.00,-0.0004,0.0000,-0.0006,0.0000,0.0000,-0.0000,0.0000,1.0321
2026-05-03 17:41:41.184,0,10,10,0.00,0.0001,-0.0001,-0.0006,0.0000,0.0000,-0.0000,0.0000,1.0321
2026-05-03 17:41:41.684,0,10,10,0.00,0.0000,0.0000,-0.0006,0.0000,0.0000,-0.0000,0.0000,1.0321
2026-05-03 17:41:42.184,0,10,10,0.00,0.0000,0.0003,-0.0006,0.0000,0.0000,-0.0000,0.0000,1.0321
2026-05-03 17:41:42.684,0,10,10,0.00,0.0000,-0.0004,-0.0006,0.0000,0.0000,-0.0000,0.0000,1.0321
2026-05-03 17:41:43.184,0,10,10,0.00,0.0000,0.0000,-0.0006,0.0000,0.0000,-0.0000,0.0000,1.0321
2026-05-03 17:41:43.684,0,10,10,0.00,0.0000,-0.0001,-0.0006,0.0000,0.0000,-0.0000,0.0000,1.0321
2026-05-03 17:41:44.184,0,10,10,0.00,0.0000,-0.0003,-0.0006,0.0000,0.0000,-0.0000,0.0000,1.0321
2026-05-03 17:41:44.684,0,10,10,0.00,0.0000,0.0001,-0.0006,0.0000,0.0000,-0.0000,0.0000,1.0321
2026-05-03 17:41:45.184,0,10,10,0.00,0.0000,0.0001,-0.0006,0.0000,0.0000,-0.0000,0.0000,1.0321
2026-05-03 17:41:45.684,0,10,10,0.00,0.0000,0.0000,-0.0006,0.0000,0.0000,-0.0000,0.0000,1.0321
2026-05-03 17:41:46.184,0,10,10,0.00,0.0001,0.0003,-0.0006,0.0000,0.0000,-0.0000,0.0000,1.0321
2026-05-03 17:41:46.684,0,10,10,0.00,0.0000,0.0000,-0.0006,0.0000,0.0000,-0.0000,0.0000,1.0321
2026-05-03 17:41:47.184,0,10,10,0.00,0.0000,0.0001,-0.0006,0.0000,0.0000,-0.0000,0.0000,1.0321
2026-05-03 17:41:47.684,0,10,10,0.00,0.0000,0.0000,-0.0006,0.0000,0.0000,-0.0000,0.0000,1.0321
2026-05-03 17:41:48.184,0,10,10,0.00,0.0000,0.0000,-0.0006,0.0000,0.0000,-0.0000,0.0000,1.0321
2026-05-03 17:41:48.684,0,10,10,0.00,0.0001,0.0000,-0.0006,0.0000,0.0000,-0.0000,0.0000,1.0321
2026-05-03 17:41:49.184,0,10,10,0.00,0.0000,0.0000,-0.0006,0.0000,0.0000,-0.0000,0.0000,1.0321
2026-05-03 17:41:49.684,0,10,10,0.00,0.0000,0.0003,-0.0006,0.0000,0.0000,-0.0000,0.0000,1.0321
2026-05-03 17:41:50.184,0,10,10,0.00,0.0000,-0.0001,-0.0006,0.0000,0.0000,-0.0000,0.0000,1.0321
2026-05-03 17:41:50.684,0,10,10,0.00,0.0003,0.0000,-0.0006,0.0000,0.0000,-0.0000,0.0000,1.0321
2026-05-03 17:41:51.184,0,10,10,0.00,0.0000,-0.0001,-0.0006,0.0000,0.0000,-0.0000,0.0000,1.0321
2026-05-03 17:41:51.684,0,10,10,0.00,0.0000,0.0000,-0.0006,0.0000,0.0000,-0.0000,0.0000,1.0321
2026-05-03 17:41:52.184,0,10,10,0.00,0.0000,-0.0004,-0.0006,0.0000,0.0000,-0.0000,0.0000,1.0321
2026-05-03 17:41:52.684,0,10,10,0.00,0.0001,0.0000,-0.0006,0.0000,0.0000,-0.0000,0.0000,1.0321
2026-05-03 17:41:53.184,0,10,10,0.00,0.0000,0.0001,-0.0006,0.0000,0.0000,-0.0000,0.0000,1.0321
2026-05-03 17:41:53.684,0,10,10,0.00,0.0000,0.0001,-0.0006,0.0000,0.0000,-0.0000,0.0000,1.0321
2026-05-03 17:41:54.184,0,10,10,0.00,0.0000,-0.0001,-0.0006,0.0000,0.0000,-0.0000,0.0000,1.0321
2026-05-03 17:41:54.684,0,10,10,0.00,0.0000,0.0000,-0.0006,0.0000,0.0000,-0.0000,0.0000,1.0321
2026-05-03 17:41:55.184,0,10,10,0.00,0.0000,0.0000,-0.0006,0.0000,0.0000,-0.0000,0.0000,1.0321
2026-05-03 17:41:55.684,0,10,10,0.00,0.0000,-0.0001,-0.0006,0.0000,0.0000,-0.0000,0.0000,1.0321
2026-05-03 17:41:56.184,0,10,10,0.00,0.0001,0.0004,-0.0006,0.0000,0.0000,-0.0000,0.0000,1.0321
2026-05-03 17:41:56.684,0,10,10,0.00,0.0001,0.0001,-0.0006,0.0000,0.0000,-0.0000,0.0000,1.0321
2026-05-03 17:41:57.184,0,10,10,0.00,0.0000,-0.0001,-0.0006,0.0000,0.0000,-0.0000,0.0000,1.0321
2026-05-03 17:41:57.684,0,10,10,0.00,0.0000,0.0000,-0.0006,0.0000,0.0000,-0.0000,0.0000,1.0321
2026-05-03 17:41:58.184,0,10,10,0.00,0.0000,0.0000,-0.0006,0.0000,0.0000,-0.0000,0.0000,1.0321
2026-05-03 17:41:58.684,0,10,10,0.00,0.0000,0.0001,-0.0006,0.0000,0.0000,-0.0000,0.0000,1.0321
2026-05-03 17:41:59.184,0,10,10,0.00,-0.0001,0.0000,-0.0006,0.0000,0.0000,-0.0000,0.0000,1.0321
2026-05-03 17:41:59.684,0,10,10,0.00,-0.0001,0.0000,-0.0006,0.0000,0.0000,-0.0000,0.0000,1.0321
2026-05-03 17:42:00.184,0,10,10,0.00,0.0000,0.0000,-0.0006,0.0000,0.0000,-0.0000,0.0000,1.0321
2026-05-03 17:42:00.684,0,10,10,0.00,0.0000,0.0000,-0.0006,0.0000,0.0000,-0.0000,0.0000,1.0321
2026-05-03 17:42:01.184,0,10,10,0.00,0.0000,0.0000,-0.0006,0.0000,0.0000,-0.0000,0.0000,1.0321
2026-05-03 17:42:01.684,0,10,10,0.00,0.0000,0.0000,-0.0006,0.0000,0.0000,-0.0000,0.0000,1.0321
2026-05-03 17:42:02.184,0,10,10,0.00,0.0000,0.0000,-0.0006,0.0000,0.0000,-0.0000,0.0000,1.0321
2026-05-03 17:42:02.684,0,10,10,0.00,0.0001,-0.0001,-0.0006,0.0000,0.0000,-0.0000,0.0000,1.0321
2026-05-03 17:42:03.184,0,10,10,0.00,0.0000,0.0000,-0.0006,0.0000,0.0000,-0.0000,0.0000,1.0321
2026-05-03 17:42:03.684,0,10,10,0.00,0.0000,0.0000,-0.0006,0.0000,0.0000,-0.0000,0.0000,1.0321
2026-05-03 17:42:04.184,0,10,10,0.00,0.0000,0.0000,-0.0006,0.0000,0.0000,-0.0000,0.0000,1.0321
2026-05-03 17:42:04.684,0,10,10,0.00,0.0000,0.0001,-0.0006,0.0000,0.0000,-0.0000,0.0000,1.0321
2026-05-03 17:42:05.184,0,10,10,0.00,-0.0001,0.0000,-0.0006,0.0000,0.0000,-0.0000,0.0000,1.0321
2026-05-03 17:42:05.684,0,10,10,0.00,-0.0001,0.0000,-0.0006,0.0000,0.0000,-0.0000,0.0000,1.0321
2026-05-03 17:42:06.184,0,10,10,0.00,-0.0001,-0.0001,-0.0006,0.0000,0.0000,-0.0000,0.0000,1.0321
2026-05-03 17:42:06.684,0,10,10,0.00,-0.0003,0.0000,-0.0006,0.0000,0.0000,-0.0000,0.0000,1.0321
2026-05-03 17:42:07.184,0,10,10,0.00,0.0000,-0.0001,-0.0006,0.0000,0.0000,-0.0000,0.0000,1.0321
2026-05-03 17:42:07.684,0,10,10,0.00,0.0000,-0.0001,-0.0006,0.0000,0.0000,-0.0000,0.0000,1.0321
2026-05-03 17:42:08.184,0,10,10,0.00,0.0000,0.0000,-0.0006,0.0000,0.0000,-0.0000,0.0000,1.0321
2026-05-03 17:42:08.684,0,10,10,0.00,0.0000,0.0000,-0.0006,0.0000,0.0000,-0.0000,0.0000,1.0321
2026-05-03 17:42:09.184,0,10,10,0.00,0.0000,0.0000,-0.0006,0.0000,0.0000,-0.0000,0.0000,1.0321
2026-05-03 17:42:09.684,0,10,10,0.00,0.0000,0.0001,-0.0006,0.0000,0.0000,-0.0000,0.0000,1.0321
2026-05-03 17:42:10.184,0,10,10,0.00,0.0000,0.0003,-0.0006,0.0000,0.0000,-0.0000,0.0000,1.0321
2026-05-03 17:42:10.684,0,10,10,0.00,0.0001,0.0000,-0.0006,0.0000,0.0000,-0.0000,0.0000,1.0321
2026-05-03 17:42:11.184,0,10,10,0.00,0.0000,-0.0001,-0.0006,0.0000,0.0000,-0.0000,0.0000,1.0321
2026-05-03 17:42:11.684,0,10,10,0.00,0.0000,0.0000,-0.0006,0.0000,0.0000,-0.0000,0.0000,1.0321
2026-05-03 17:42:12.184,0,10,10,0.00,0.0000,0.0001,-0.0006,0.0000,0.0000,-0.0000,0.0000,1.0321
2026-05-03 17:42:12.684,0,10,10,0.00,0.0000,0.0003,-0.0006,0.0000,0.0000,-0.0000,0.0000,1.0321
2026-05-03 17:42:13.184,0,10,10,0.00,0.0000,0.0000,-0.0006,0.0000,0.0000,-0.0000,0.0000,1.0321
2026-05-03 17:42:13.684,0,10,10,0.00,0.0001,0.0000,-0.0006,0.0000,0.0000,-0.0000,0.0000,1.0321
2026-05-03 17:42:14.184,0,10,10,0.00,0.0000,-0.0003,-0.0006,0.0000,0.0000,-0.0000,0.0000,1.0321
2026-05-03 17:42:14.684,0,10,10,0.00,0.0000,0.0000,-0.0006,0.0000,0.0000,-0.0000,0.0000,1.0321
2026-05-03 17:42:15.184,0,10,10,0.00,0.0000,-0.0001,-0.0006,0.0000,0.0000,-0.0000,0.0000,1.0321
2026-05-03 17:42:15.684,0,10,10,0.00,0.0001,0.0003,-0.0006,0.0000,0.0000,-0.0000,0.0000,1.0321
2026-05-03 17:42:16.184,0,10,10,0.00,-0.0001,-0.0001,-0.0006,0.0000,0.0000,-0.0000,0.0000,1.0321
2026-05-03 17:42:16.684,0,10,10,0.00,0.0001,-0.0001,-0.0006,0.0000,0.0000,-0.0000,0.0000,1.0321
2026-05-03 17:42:17.184,0,10,10,0.00,0.0001,0.0003,-0.0006,0.0000,0.0000,-0.0000,0.0000,1.0321
2026-05-03 17:42:17.684,0,10,10,0.00,-0.0003,0.0000,-0.0006,0.0000,0.0000,-0.0000,0.0000,1.0321
2026-05-03 17:42:18.184,0,10,10,0.00,-0.0001,0.0001,-0.0006,0.0000,0.0000,-0.0000,0.0000,1.0321
2026-05-03 17:42:18.684,0,9,10,0.00,0.0003,0.0000,-0.0006,0.0000,0.0000,-0.0000,0.0000,1.0321
2026-05-03 17:42:19.184,0,10,10,0.00,-0.0001,-0.0001,-0.0006,0.0000,0.0000,-0.0000,0.0000,1.0321
2026-05-03 17:42:19.684,0,10,10,0.00,0.0000,0.0000,-0.0006,0.0000,0.0000,-0.0000,0.0000,1.0321
2026-05-03 17:42:20.184,0,10,10,0.00,0.0001,0.0003,-0.0006,0.0000,0.0000,-0.0000,0.0000,1.0321
2026-05-03 17:42:20.684,0,10,10,0.00,0.0000,0.0005,-0.0006,0.0000,0.0000,-0.0000,0.0000,1.0321
2026-05-03 17:42:21.184,0,10,10,0.00,-0.0001,0.0000,-0.0006,0.0000,0.0000,-0.0000,0.0000,1.0321
2026-05-03 17:42:21.684,0,10,10,0.00,0.0000,-0.0001,-0.0006,0.0000,0.0000,-0.0000,0.0000,1.0321
2026-05-03 17:42:22.184,0,10,10,0.00,0.0000,0.0001,-0.0006,0.0000,0.0000,-0.0000,0.0000,1.0321
2026-05-03 17:42:22.684,0,10,10,0.00,0.0001,-0.0001,-0.0006,0.0000,0.0000,-0.0000,0.0000,1.0321
2026-05-03 17:42:23.184,0,10,10,0.00,-0.0001,0.0000,-0.0006,0.0000,0.0000,-0.0000,0.0000,1.0321
2026-05-03 17:42:23.684,0,10,10,0.00,0.0001,0.0000,-0.0006,0.0000,0.0000,-0.0000,0.0000,1.0321
2026-05-03 17:42:24.184,0,10,10,0.00,0.0000,-0.0001,-0.0006,0.0000,0.0000,-0.0000,0.0000,1.0321
2026-05-03 17:42:24.684,0,10,10,0.00,0.0000,0.0001,-0.0006,0.0000,0.0000,-0.0000,0.0000,1.0321
2026-05-03 17:42:25.184,0,10,10,0.00,0.0000,0.0001,-0.0006,0.0000,0.0000,-0.0000,0.0000,1.0321
2026-05-03 17:42:25.684,0,10,10,0.00,0.0001,0.0000,-0.0006,0.0000,0.0000,-0.0000,0.0000,1.0321
2026-05-03 17:42:26.184,0,10,10,0.00,0.0000,0.0000,-0.0006,0.0000,0.0000,-0.0000,0.0000,1.0321
2026-05-03 17:42:26.684,0,10,10,0.00,-0.0003,-0.0001,-0.0006,0.0000,0.0000,-0.0000,0.0000,1.0321
2026-05-03 17:42:27.184,0,10,10,0.00,-0.0001,0.0000,-0.0006,0.0000,0.0000,-0.0000,0.0000,1.0321
2026-05-03 17:42:27.684,0,10,10,0.00,0.0000,-0.0001,-0.0006,0.0000,0.0000,-0.0000,0.0000,1.0321
2026-05-03 17:42:28.184,0,10,10,0.00,-0.0001,0.0001,-0.0006,0.0000,0.0000,-0.0000,0.0000,1.0321
2026-05-03 17:42:28.684,0,10,10,0.00,0.0000,0.0001,-0.0006,0.0000,0.0000,-0.0000,0.0000,1.0321
2026-05-03 17:42:29.184,0,10,10,0.00,0.0000,0.0003,-0.0006,0.0000,0.0000,-0.0000,0.0000,1.0321
2026-05-03 17:42:29.684,0,10,10,0.00,-0.0001,0.0003,-0.0006,0.0000,0.0000,-0.0000,0.0000,1.0321
2026-05-03 17:42:30.184,0,10,10,0.00,0.0001,0.0009,-0.0005,0.0000,0.0000,-0.0000,0.0000,1.0321
2026-05-03 17:42:30.684,0,9,10,0.00,0.0000,0.0001,-0.0005,0.0000,0.0000,-0.0000,0.0000,1.0321
2026-05-03 17:42:31.184,0,10,10,0.00,0.0000,0.0000,-0.0005,0.0000,0.0000,-0.0000,0.0000,1.0321
2026-05-03 17:42:31.684,0,9,10,0.00,0.0000,0.0000,-0.0005,0.0000,0.0000,-0.0000,0.0000,1.0321
2026-05-03 17:42:32.184,0,10,10,0.00,0.0000,0.0000,-0.0005,0.0000,0.0000,-0.0000,0.0000,1.0321
2026-05-03 17:42:32.684,0,10,10,0.00,0.0000,0.0003,-0.0005,0.0000,0.0000,-0.0000,0.0000,1.0321
2026-05-03 17:42:33.184,0,9,10,0.00,0.0000,0.0004,-0.0004,0.0000,0.0000,-0.0000,0.0000,1.0321
2026-05-03 17:42:33.684,0,10,10,0.00,-0.0001,0.0012,-0.0001,-0.0000,0.0000,-0.0000,0.0000,1.0321
2026-05-03 17:42:34.184,0,10,10,0.00,-0.0001,-0.0001,-0.0001,-0.0000,0.0000,-0.0000,0.0000,1.0321
2026-05-03 17:42:34.684,0,10,10,0.00,-0.0001,0.0000,-0.0001,-0.0000,0.0000,-0.0000,0.0000,1.0321
2026-05-03 17:42:35.184,0,9,10,0.00,0.0000,0.0000,-0.0001,-0.0000,0.0000,-0.0000,0.0000,1.0321
2026-05-03 17:42:35.684,0,9,10,0.00,-0.0001,-0.0003,-0.0001,-0.0000,0.0000,-0.0000,0.0000,1.0321
2026-05-03 17:42:36.184,0,9,10,0.00,0.0000,0.0003,-0.0001,-0.0000,0.0000,-0.0000,0.0000,1.0321
2026-05-03 17:42:36.684,0,9,10,0.00,-0.0003,-0.0001,0.0003,0.0000,0.0000,-0.0000,0.0000,1.0321
2026-05-03 17:42:37.184,0,9,10,0.00,0.0001,0.0004,0.0003,0.0000,0.0000,-0.0000,0.0000,1.0321
2026-05-03 17:42:37.684,0,9,10,0.00,0.0001,-0.0001,0.0003,0.0000,0.0000,-0.0000,0.0000,1.0321
2026-05-03 17:42:38.184,0,10,10,0.00,0.0000,0.0000,0.0003,0.0000,0.0000,-0.0000,0.0000,1.0321
2026-05-03 17:42:38.684,0,10,10,0.00,0.0001,-0.0001,0.0003,0.0000,0.0000,-0.0000,0.0000,1.0321
2026-05-03 17:42:39.184,0,9,10,0.00,0.0003,0.0000,0.0003,0.0000,0.0000,-0.0000,0.0000,1.0321
2026-05-03 17:42:39.684,0,9,10,0.00,0.0000,0.0000,0.0003,0.0000,0.0000,-0.0000,0.0000,1.0321
2026-05-03 17:42:40.184,0,10,10,0.00,-0.0001,0.0003,0.0003,0.0000,0.0000,-0.0000,0.0000,1.0321
2026-05-03 17:42:40.684,0,9,10,0.00,0.0001,0.0001,0.0003,0.0000,0.0000,-0.0000,0.0000,1.0321
2026-05-03 17:42:41.184,0,10,10,0.00,0.0000,-0.0001,0.0003,0.0000,0.0000,-0.0000,0.0000,1.0321
2026-05-03 17:42:41.684,0,9,10,0.00,0.0000,-0.0001,0.0003,0.0000,0.0000,-0.0000,0.0000,1.0321
2026-05-03 17:42:42.184,0,9,10,0.00,0.0001,0.0000,0.0003,0.0000,0.0000,-0.0000,0.0000,1.0321
2026-05-03 17:42:42.684,0,9,10,0.00,0.0001,0.0000,0.0003,0.0000,0.0000,-0.0000,0.0000,1.0321
2026-05-03 17:42:43.184,0,9,10,0.00,0.0000,0.0003,0.0003,0.0000,0.0000,-0.0000,0.0000,1.0321
2026-05-03 17:42:43.684,0,9,10,0.00,-0.0001,0.0000,0.0003,0.0000,0.0000,-0.0000,0.0000,1.0321
2026-05-03 17:42:44.184,0,9,10,0.00,-0.0003,0.0003,-0.0003,0.0000,0.0000,-0.0000,0.0000,1.0321
2026-05-03 17:42:44.684,0,9,10,0.00,0.0001,0.0000,-0.0003,0.0000,0.0000,-0.0000,0.0000,1.0321
2026-05-03 17:42:45.184,0,9,10,0.00,-0.0001,-0.0004,-0.0003,0.0000,0.0000,-0.0000,0.0000,1.0321
2026-05-03 17:42:45.684,0,9,10,0.00,-0.0001,0.0000,-0.0003,0.0000,0.0000,-0.0000,0.0000,1.0321
2026-05-03 17:42:46.187,0,9,10,0.00,0.0003,0.0000,-0.0003,0.0000,0.0000,-0.0000,0.0000,1.0321
2026-05-03 17:42:46.687,0,9,10,0.00,0.0003,0.0000,-0.0003,0.0000,0.0000,-0.0000,0.0000,1.0321
2026-05-03 17:42:47.184,0,9,10,0.00,-0.0003,0.0000,-0.0003,0.0000,0.0000,-0.0000,0.0000,1.0321
2026-05-03 17:42:47.684,0,9,10,0.00,0.0001,-0.0001,-0.0003,0.0000,0.0000,-0.0000,0.0000,1.0321
2026-05-03 17:42:48.184,0,9,10,0.00,0.0000,-0.0004,-0.0003,0.0000,0.0000,-0.0000,0.0000,1.0321
2026-05-03 17:42:48.684,0,9,10,0.00,0.0000,0.0000,-0.0003,0.0000,0.0000,-0.0000,0.0000,1.0321
2026-05-03 17:42:49.184,0,9,10,0.00,0.0000,0.0000,-0.0003,0.0000,0.0000,-0.0000,0.0000,1.0321
2026-05-03 17:42:49.684,0,9,10,0.00,0.0003,-0.0001,-0.0003,0.0000,0.0000,-0.0000,0.0000,1.0321
2026-05-03 17:42:50.184,0,9,10,0.00,0.0000,0.0001,-0.0003,0.0000,0.0000,-0.0000,0.0000,1.0321
2026-05-03 17:42:50.684,0,9,10,0.00,0.0000,-0.0001,-0.0003,0.0000,0.0000,-0.0000,0.0000,1.0321
2026-05-03 17:42:51.184,0,9,10,0.00,0.0000,0.0000,-0.0003,0.0000,0.0000,-0.0000,0.0000,1.0321
2026-05-03 17:42:51.684,0,9,10,0.00,0.0000,-0.0003,-0.0003,0.0000,0.0000,-0.0000,0.0000,1.0321
2026-05-03 17:42:52.187,0,9,10,0.00,-0.0003,0.0000,-0.0003,0.0000,0.0000,-0.0000,0.0000,1.0321
2026-05-03 17:42:52.684,0,9,10,0.00,0.0000,-0.0001,-0.0003,0.0000,0.0000,-0.0000,0.0000,1.0321
2026-05-03 17:42:53.184,0,9,10,0.00,0.0003,0.0000,-0.0003,0.0000,0.0000,-0.0000,0.0000,1.0321
2026-05-03 17:42:53.684,0,9,10,0.00,-0.0003,0.0000,-0.0003,0.0000,0.0000,-0.0000,0.0000,1.0321
2026-05-03 17:42:54.184,0,9,10,0.00,-0.0001,0.0000,-0.0003,0.0000,0.0000,-0.0000,0.0000,1.0321
2026-05-03 17:42:54.684,0,9,10,0.00,0.0000,0.0003,-0.0003,0.0000,0.0000,-0.0000,0.0000,1.0321
2026-05-03 17:42:55.184,0,9,10,0.00,0.0000,0.0000,-0.0003,0.0000,0.0000,-0.0000,0.0000,1.0321
2026-05-03 17:42:55.684,0,9,10,0.00,-0.0001,-0.0001,-0.0003,0.0000,0.0000,-0.0000,0.0000,1.0321
2026-05-03 17:42:56.184,0,9,10,0.00,0.0000,0.0000,-0.0003,0.0000,0.0000,-0.0000,0.0000,1.0321
2026-05-03 17:42:56.684,0,9,10,0.00,-0.0001,-0.0001,-0.0003,0.0000,0.0000,-0.0000,0.0000,1.0321
2026-05-03 17:42:57.184,0,9,10,0.00,6588.3975,0.0000,-0.2688,-0.1886,0.0000,-0.0000,0.0000,1.0321
2026-05-03 17:42:57.684,0,9,10,0.00,0.0000,0.0000,-0.2688,-0.1886,0.0000,-0.0000,0.0000,-51.2878
2026-05-03 17:42:58.184,0,9,10,0.00,0.0001,0.0000,-0.2688,-0.1886,0.0000,-0.0000,0.0000,-51.1402
2026-05-03 17:42:58.684,0,9,10,0.00,0.0000,0.0000,-0.2688,-0.1886,0.0000,-0.0000,0.0000,-51.3502
2026-05-03 17:42:59.184,0,9,10,0.00,0.0000,0.0000,-0.2688,-0.1886,0.0000,-0.0000,0.0000,-51.3982
2026-05-03 17:42:59.684,0,9,10,0.00,0.0001,-0.0001,-0.2688,-0.1886,0.0000,-0.0000,0.0000,-51.3982
2026-05-03 17:43:00.184,0,9,10,0.00,0.0000,-0.0001,-0.2688,-0.1886,0.0000,-0.0000,0.0000,-51.3982
2026-05-03 17:43:00.684,0,9,10,0.00,0.0000,0.0000,-0.2688,-0.1886,0.0000,-0.0000,0.0000,-51.3982
2026-05-03 17:43:01.184,0,9,10,0.00,0.0001,-0.0001,-0.2688,-0.1886,0.0000,-0.0000,0.0000,-50.7320
2026-05-03 17:43:01.684,0,9,10,0.00,0.0000,0.0000,-0.2688,-0.1886,0.0000,-0.0000,0.0000,-50.7320
2026-05-03 17:43:02.184,0,9,10,0.00,-0.0001,0.0000,-0.2688,-0.1886,0.0000,-0.0000,0.0000,-50.7320
2026-05-03 17:43:02.684,0,9,10,0.00,0.0000,0.0000,-0.2688,-0.1886,0.0000,-0.0000,0.0000,-50.7320
2026-05-03 17:43:03.184,0,9,10,0.00,0.0000,0.0000,-0.2688,-0.1886,0.0000,-0.0000,0.0000,-50.7320
2026-05-03 17:43:03.684,0,9,10,0.00,-0.0001,0.0000,-0.2688,-0.1886,0.0000,-0.0000,0.0000,-50.7320
2026-05-03 17:43:04.184,0,9,10,0.00,0.0003,0.0000,-0.2688,-0.1886,0.0000,-0.0000,0.0000,-50.7320
2026-05-03 17:43:04.684,0,10,10,0.00,-0.0001,0.0000,-0.2688,-0.1886,0.0000,-0.0000,0.0000,-50.7320
2026-05-03 17:43:05.184,0,9,10,0.00,0.0004,0.0000,-0.2688,-0.1886,0.0000,-0.0000,0.0000,-50.7320
2026-05-03 17:43:05.684,0,9,10,0.00,0.0000,0.0001,-0.2688,-0.1886,0.0000,-0.0000,0.0000,-50.7320
2026-05-03 17:43:06.184,0,9,10,0.00,0.0000,0.0000,-0.2688,-0.1886,0.0000,-0.0000,0.0000,-50.7320
2026-05-03 17:43:06.684,0,9,10,0.00,0.0001,0.0000,-0.2688,-0.1886,0.0000,-0.0000,0.0000,-50.7320
2026-05-03 17:43:07.184,0,9,10,0.00,-0.0001,0.0000,-0.2688,-0.1886,0.0000,-0.0000,0.0000,-50.7320
2026-05-03 17:43:07.684,0,9,10,0.00,0.0000,0.0000,-0.2688,-0.1886,0.0000,-0.0000,0.0000,-50.7320
2026-05-03 17:43:08.184,0,9,10,0.00,0.0000,0.0000,-0.2688,-0.1886,0.0000,-0.0000,0.0000,-50.7320
2026-05-03 17:43:08.684,0,9,10,0.00,0.0004,0.0000,-0.2688,-0.1886,0.0000,-0.0000,0.0000,-50.7320
2026-05-03 17:43:09.184,0,9,10,0.00,0.0000,-0.0001,-0.2688,-0.1886,0.0000,-0.0000,0.0000,-50.7320
2026-05-03 17:43:09.684,0,9,10,0.00,-0.0001,0.0000,-0.2688,-0.1886,0.0000,-0.0000,0.0000,-50.7320
2026-05-03 17:43:10.184,0,9,10,0.00,-0.0004,0.0000,-0.2688,-0.1886,0.0000,-0.0000,0.0000,-50.7320
2026-05-03 17:43:10.684,0,9,10,0.00,-0.0001,0.0000,-0.2688,-0.1886,0.0000,-0.0000,0.0000,-50.7320
2026-05-03 17:43:11.184,0,9,10,0.00,0.0000,0.0000,-0.2688,-0.1886,0.0000,-0.0000,0.0000,-50.7320
2026-05-03 17:43:11.684,0,9,10,0.00,0.0000,-0.0001,-0.2688,-0.1886,0.0000,-0.0000,0.0000,-50.7320
2026-05-03 17:43:12.184,0,9,10,0.00,0.0000,0.0000,-0.2688,-0.1886,0.0000,-0.0000,0.0000,-50.7320
2026-05-03 17:43:12.684,0,9,10,0.00,0.0001,0.0000,-0.2688,-0.1886,0.0000,-0.0000,0.0000,-50.7320
2026-05-03 17:43:13.184,0,9,10,0.00,0.0003,0.0000,-0.2688,-0.1886,0.0000,-0.0000,0.0000,-50.7320
2026-05-03 17:43:13.684,0,9,10,0.00,0.0000,0.0000,-0.2688,-0.1886,0.0000,-0.0000,0.0000,-50.7320
2026-05-03 17:43:14.184,0,9,10,0.00,0.0001,-0.0003,-0.2688,-0.1886,0.0000,-0.0000,0.0000,-50.7320
2026-05-03 17:43:14.684,0,9,10,0.00,0.0000,0.0000,-0.2688,-0.1886,0.0000,-0.0000,0.0000,-50.7320
2026-05-03 17:43:15.184,0,9,10,0.00,0.0000,0.0000,-0.2688,-0.1886,0.0000,-0.0000,0.0000,-50.7320
2026-05-03 17:43:15.684,0,9,10,0.00,0.0000,-0.0001,-0.2688,-0.1886,0.0000,-0.0000,0.0000,-50.7320
2026-05-03 17:43:16.184,0,9,10,0.00,0.0003,0.0000,-0.2688,-0.1886,0.0000,-0.0000,0.0000,-50.7320
2026-05-03 17:43:16.688,0,9,10,0.00,-0.0001,0.0000,-0.2688,-0.1886,0.0000,-0.0000,0.0000,-50.7320
2026-05-03 17:43:17.184,0,9,10,0.00,-0.0001,0.0000,-0.2688,-0.1886,0.0000,-0.0000,0.0000,-50.7320
2026-05-03 17:43:17.684,0,9,10,0.00,0.0001,0.0000,-0.2688,-0.1886,0.0000,-0.0000,0.0000,-50.7320
2026-05-03 17:43:18.184,0,9,10,0.00,-0.0005,0.0000,-0.2688,-0.1886,0.0000,-0.0000,0.0000,-50.7320
2026-05-03 17:43:18.684,0,9,10,0.00,0.0001,0.0001,-0.2688,-0.1886,0.0000,-0.0000,0.0000,-50.7320
2026-05-03 17:43:19.184,0,9,10,0.00,0.0003,0.0000,-0.2688,-0.1886,0.0000,-0.0000,0.0000,-50.7320
2026-05-03 17:43:19.684,0,9,10,0.00,0.0004,-0.0003,-0.2688,-0.1886,0.0000,-0.0000,0.0000,-50.7320
2026-05-03 17:43:20.184,0,9,10,0.00,0.0000,-0.0001,-0.2688,-0.1886,0.0000,-0.0000,0.0000,-50.7320
2026-05-03 17:43:20.684,0,9,10,0.00,0.0004,0.0000,-0.2688,-0.1886,0.0000,-0.0000,0.0000,-50.7320
2026-05-03 17:43:21.184,0,9,10,0.00,-0.0001,0.0000,-0.2688,-0.1886,0.0000,-0.0000,0.0000,-50.7320
2026-05-03 17:43:21.684,0,9,10,0.00,0.0000,0.0000,-0.2688,-0.1886,0.0000,-0.0000,0.0000,-50.7320
2026-05-03 17:43:22.184,0,9,10,0.00,0.0000,-0.0001,-0.2688,-0.1886,0.0000,-0.0000,0.0000,-50.7320
2026-05-03 17:43:22.684,0,9,10,0.00,0.0000,0.0000,-0.2688,-0.1886,0.0000,-0.0000,0.0000,-50.7320
2026-05-03 17:43:23.184,0,9,10,0.00,0.0000,-0.0001,-0.2688,-0.1886,0.0000,-0.0000,0.0000,-50.7320
2026-05-03 17:43:23.684,0,9,10,0.00,0.0000,0.0000,-0.2689,-0.1888,0.0000,-0.0000,0.0000,-50.7320
2026-05-03 17:43:24.184,0,9,10,0.00,0.0000,0.0000,-0.2689,-0.1888,0.0000,-0.0000,0.0000,-50.7320
2026-05-03 17:43:24.684,0,9,10,0.00,0.0000,0.0000,-0.2689,-0.1888,0.0000,-0.0000,0.0000,-50.7320
2026-05-03 17:43:25.184,0,9,10,0.00,0.0003,-0.0003,-0.2689,-0.1888,0.0000,-0.0000,0.0000,-50.7320
2026-05-03 17:43:25.684,0,9,10,0.00,0.0000,0.0000,-0.2689,-0.1888,0.0000,-0.0000,0.0000,-50.7320
2026-05-03 17:43:26.184,0,9,10,0.00,0.0003,0.0000,-0.2689,-0.1888,0.0000,-0.0000,0.0000,-50.7320
2026-05-03 17:43:26.684,0,9,10,0.00,0.0000,-0.0003,-0.2689,-0.1888,0.0000,-0.0000,0.0000,-50.7320
2026-05-03 17:43:27.184,0,9,10,0.00,0.0000,0.0001,-0.2689,-0.1888,0.0000,-0.0000,0.0000,-50.7320
2026-05-03 17:43:27.684,0,9,10,0.00,0.0000,-0.0001,-0.2689,-0.1888,0.0000,-0.0000,0.0000,-50.7320
2026-05-03 17:43:28.184,0,9,10,0.00,0.0000,0.0000,-0.2689,-0.1888,0.0000,-0.0000,0.0000,-50.7320
2026-05-03 17:43:28.684,0,9,10,0.00,0.0003,0.0000,-0.2689,-0.1888,0.0000,-0.0000,0.0000,-50.7320
2026-05-03 17:43:29.184,0,9,10,0.00,0.0001,-0.0001,-0.2689,-0.1888,0.0000,-0.0000,0.0000,-50.7320
2026-05-03 17:43:29.684,0,9,10,0.00,0.0001,0.0000,-0.2689,-0.1888,0.0000,-0.0000,0.0000,-50.7320
2026-05-03 17:43:30.184,0,9,10,0.00,0.0000,0.0000,-0.2689,-0.1888,0.0000,-0.0000,0.0000,-50.7320
2026-05-03 17:43:30.684,0,9,10,0.00,-0.0003,-0.0001,-0.2689,-0.1888,0.0000,-0.0000,0.0000,-50.7320
2026-05-03 17:43:31.184,0,9,10,0.00,-0.0004,0.0000,-0.2689,-0.1888,0.0000,-0.0000,0.0000,-50.7320
2026-05-03 17:43:31.684,0,9,10,0.00,0.0000,0.0000,-0.2689,-0.1888,0.0000,-0.0000,0.0000,-50.7320
2026-05-03 17:43:32.184,0,10,10,0.00,0.0001,0.0000,-0.2689,-0.1888,0.0000,-0.0000,0.0000,-50.7320
2026-05-03 17:43:32.684,0,9,10,0.00,0.0000,0.0000,-0.2689,-0.1888,0.0000,-0.0000,0.0000,-50.7320
2026-05-03 17:43:33.184,0,9,10,0.00,0.0001,0.0001,-0.2689,-0.1888,0.0000,-0.0000,0.0000,-50.7320
2026-05-03 17:43:33.684,0,9,10,0.00,-0.0001,0.0000,-0.2689,-0.1888,0.0000,-0.0000,0.0000,-50.7320
2026-05-03 17:43:34.184,0,9,10,0.00,0.0001,0.0000,-0.2689,-0.1888,0.0000,-0.0000,0.0000,-50.7320
2026-05-03 17:43:34.684,0,9,10,0.00,0.0000,0.0000,-0.2689,-0.1888,0.0000,-0.0000,0.0000,-50.7320
2026-05-03 17:43:35.184,0,10,10,0.00,-0.0001,0.0000,-0.2689,-0.1888,0.0000,-0.0000,0.0000,-50.7320
2026-05-03 17:43:35.684,0,10,10,0.00,0.0000,0.0001,-0.2689,-0.1888,0.0000,-0.0000,0.0000,-50.7320
2026-05-03 17:43:36.184,0,10,10,0.00,0.0000,0.0000,-0.2689,-0.1888,0.0000,-0.0000,0.0000,-50.7320
2026-05-03 17:43:36.684,0,10,10,0.00,-0.0003,0.0001,-0.2689,-0.1888,0.0000,-0.0000,0.0000,-50.7320
2026-05-03 17:43:37.184,0,10,10,0.00,0.0000,0.0001,-0.2689,-0.1888,0.0000,-0.0000,0.0000,-50.7320
2026-05-03 17:43:37.684,0,10,10,0.00,0.0004,0.0003,-0.2689,-0.1888,0.0000,-0.0000,0.0000,-50.7320
2026-05-03 17:43:38.184,0,10,10,0.00,0.0001,-0.0001,-0.2689,-0.1888,0.0000,-0.0000,0.0000,-50.7320
2026-05-03 17:43:38.684,0,10,10,0.00,-0.0003,-0.0003,-0.2689,-0.1888,0.0000,-0.0000,0.0000,-50.7320
2026-05-03 17:43:39.184,0,10,10,0.00,0.0000,0.0000,-0.2689,-0.1888,0.0000,-0.0000,0.0000,-50.7320
2026-05-03 17:43:39.684,0,10,10,0.00,0.0004,0.0003,-0.2689,-0.1888,0.0000,-0.0000,0.0000,-50.7320
2026-05-03 17:43:40.184,0,10,10,0.00,-0.0001,0.0000,-0.2689,-0.1888,0.0000,-0.0000,0.0000,-50.7320
2026-05-03 17:43:40.684,0,10,10,0.00,-0.0004,0.0001,-0.2689,-0.1888,0.0000,-0.0000,0.0000,-50.7320
2026-05-03 17:43:41.184,0,10,10,0.00,0.0000,-0.0003,-0.2689,-0.1888,0.0000,-0.0000,0.0000,-50.7320
2026-05-03 17:43:41.684,0,10,10,0.00,0.0000,0.0000,-0.2689,-0.1888,0.0000,-0.0000,0.0000,-50.7320
2026-05-03 17:43:42.184,0,10,10,0.00,0.0000,0.0001,-0.2689,-0.1888,0.0000,-0.0000,0.0000,-50.7320
2026-05-03 17:43:42.684,0,10,10,0.00,0.0000,0.0001,-0.2689,-0.1888,0.0000,-0.0000,0.0000,-50.7320
2026-05-03 17:43:43.184,0,10,10,0.00,0.0000,0.0000,-0.2689,-0.1888,0.0000,-0.0000,0.0000,-50.7320
2026-05-03 17:43:43.684,0,10,10,0.00,0.0001,0.0001,-0.2689,-0.1888,0.0000,-0.0000,0.0000,-50.7320
2026-05-03 17:43:44.184,0,10,10,0.00,0.0000,0.0000,-0.2689,-0.1888,0.0000,-0.0000,0.0000,-50.7320
2026-05-03 17:43:44.684,0,10,10,0.00,-0.0001,0.0001,-0.2689,-0.1888,0.0000,-0.0000,0.0000,-50.7320
2026-05-03 17:43:45.184,0,10,10,0.00,0.0001,0.0000,-0.2689,-0.1888,0.0000,-0.0000,0.0000,-50.7320
2026-05-03 17:43:45.684,0,10,10,0.00,0.0001,0.0000,-0.2689,-0.1888,0.0000,-0.0000,0.0000,-50.7320
2026-05-03 17:43:46.184,0,10,10,0.00,-0.0001,0.0000,-0.2689,-0.1888,0.0000,-0.0000,0.0000,-50.7320
2026-05-03 17:43:46.684,0,10,10,0.00,0.0001,0.0000,-0.2689,-0.1888,0.0000,-0.0000,0.0000,-50.7320
2026-05-03 17:43:47.184,0,10,10,0.00,-0.0001,0.0001,-0.2689,-0.1888,0.0000,-0.0000,0.0000,-50.7320
2026-05-03 17:43:47.684,0,10,10,0.00,0.0001,-0.0003,-0.2689,-0.1888,0.0000,-0.0000,0.0000,-50.7320
2026-05-03 17:43:48.184,0,10,10,0.00,-0.0001,0.0000,-0.2689,-0.1888,0.0000,-0.0000,0.0000,-50.7320
2026-05-03 17:43:48.684,0,10,10,0.00,0.0000,0.0000,-0.2689,-0.1888,0.0000,-0.0000,0.0000,-50.7320
2026-05-03 17:43:49.184,0,10,10,0.00,0.0000,-0.0003,-0.2689,-0.1888,0.0000,-0.0000,0.0000,-50.7320
2026-05-03 17:43:49.684,0,10,10,0.00,-0.0003,0.0001,-0.2689,-0.1888,0.0000,-0.0000,0.0000,-50.7320
2026-05-03 17:43:50.184,0,10,10,0.00,0.0001,0.0001,-0.2689,-0.1888,0.0000,-0.0000,0.0000,-50.7320
2026-05-03 17:43:50.684,0,10,10,0.00,0.0000,0.0000,-0.2689,-0.1888,0.0000,-0.0000,0.0000,-50.7320
2026-05-03 17:43:51.184,0,10,10,0.00,-0.0001,-0.0001,-0.2689,-0.1888,0.0000,-0.0000,0.0000,-50.7320
2026-05-03 17:43:51.684,0,10,10,0.00,0.0001,0.0000,-0.2689,-0.1888,0.0000,-0.0000,0.0000,-50.7320
2026-05-03 17:43:52.184,0,10,10,0.00,-0.0001,0.0000,-0.2689,-0.1888,0.0000,-0.0000,0.0000,-50.7320
2026-05-03 17:43:52.684,0,10,10,0.00,0.0003,0.0000,-0.2689,-0.1888,0.0000,-0.0000,0.0000,-50.7320
2026-05-03 17:43:53.184,0,10,10,0.00,0.0000,-0.0001,-0.2689,-0.1888,0.0000,-0.0000,0.0000,-50.7320
2026-05-03 17:43:53.684,0,10,10,0.00,-0.0003,0.0001,-0.2689,-0.1888,0.0000,-0.0000,0.0000,-50.7320
2026-05-03 17:43:54.184,0,10,10,0.00,0.0000,0.0000,-0.2689,-0.1888,0.0000,-0.0000,0.0000,-50.7320
2026-05-03 17:43:54.684,0,10,10,0.00,0.0000,0.0000,-0.2689,-0.1888,0.0000,-0.0000,0.0000,-50.7320
2026-05-03 17:43:55.184,0,10,10,0.00,0.0000,0.0000,-0.2689,-0.1888,0.0000,-0.0000,0.0000,-50.7320
2026-05-03 17:43:55.684,0,10,10,0.00,0.0003,0.0000,-0.2689,-0.1888,0.0000,-0.0000,0.0000,-50.7320
2026-05-03 17:43:56.184,0,10,10,0.00,0.0000,0.0003,-0.2689,-0.1888,0.0000,-0.0000,0.0000,-50.7320
2026-05-03 17:43:56.684,0,10,10,0.00,0.0001,0.0000,-0.2689,-0.1888,0.0000,-0.0000,0.0000,-50.7320
2026-05-03 17:43:57.184,0,10,10,0.00,-0.0001,0.0000,-0.2689,-0.1888,0.0000,-0.0000,0.0000,-50.7320
2026-05-03 17:43:57.684,0,10,10,0.00,0.0003,0.0000,-0.2689,-0.1888,0.0000,-0.0000,0.0000,-50.7320
2026-05-03 17:43:58.184,0,10,10,0.00,-0.0001,0.0000,-0.2689,-0.1888,0.0000,-0.0000,0.0000,-50.7320
2026-05-03 17:43:58.684,0,10,10,0.00,0.0001,0.0000,-0.2689,-0.1888,0.0000,-0.0000,0.0000,-50.7320
2026-05-03 17:43:59.184,0,10,10,0.00,0.0000,0.0000,-0.2689,-0.1888,0.0000,-0.0000,0.0000,-50.7320
2026-05-03 17:43:59.684,0,10,10,0.00,0.0000,0.0000,-0.2689,-0.1888,0.0000,-0.0000,0.0000,-50.7320
2026-05-03 17:44:00.184,0,10,10,0.00,0.0000,-0.0003,-0.2689,-0.1888,0.0000,-0.0000,0.0000,-50.7320
2026-05-03 17:44:00.684,0,10,10,0.00,0.0000,0.0000,-0.2689,-0.1888,0.0000,-0.0000,0.0000,-50.7320
2026-05-03 17:44:01.184,0,10,10,0.00,0.0000,0.0001,-0.2689,-0.1888,0.0000,-0.0000,0.0000,-50.7320
2026-05-03 17:44:01.684,0,10,10,0.00,0.0000,0.0000,-0.2689,-0.1888,0.0000,-0.0000,0.0000,-50.7320
2026-05-03 17:44:02.184,0,10,10,0.00,-0.0001,0.0003,-0.2689,-0.1888,0.0000,-0.0000,0.0000,-50.7320
2026-05-03 17:44:02.684,0,10,10,0.00,0.0001,0.0000,-0.2689,-0.1888,0.0000,-0.0000,0.0000,-50.7320
2026-05-03 17:44:03.184,0,10,10,0.00,0.0000,0.0003,-0.2689,-0.1888,0.0000,-0.0000,0.0000,-50.7320
2026-05-03 17:44:03.684,0,10,10,0.00,-0.0005,0.0000,-0.2689,-0.1888,0.0000,-0.0000,0.0000,-50.7320
2026-05-03 17:44:04.184,0,10,10,0.00,-0.0001,0.0000,-0.2689,-0.1888,0.0000,-0.0000,0.0000,-50.7320
2026-05-03 17:44:04.684,0,10,10,0.00,-0.0001,-0.0001,-0.2689,-0.1888,0.0000,-0.0000,0.0000,-50.7320
2026-05-03 17:44:05.184,0,10,10,0.00,0.0001,0.0000,-0.2689,-0.1888,0.0000,-0.0000,0.0000,-50.7320
2026-05-03 17:44:05.684,0,10,10,0.00,-0.0001,0.0003,-0.2689,-0.1888,0.0000,-0.0000,0.0000,-50.7320
2026-05-03 17:44:06.184,0,10,10,0.00,-0.0001,0.0000,-0.2689,-0.1888,0.0000,-0.0000,0.0000,-50.7320
2026-05-03 17:44:06.684,0,10,10,0.00,0.0000,-0.0001,-0.2689,-0.1888,0.0000,-0.0000,0.0000,-50.7320
2026-05-03 17:44:07.184,0,10,10,0.00,0.0000,-0.0001,-0.2689,-0.1888,0.0000,-0.0000,0.0000,-50.7320
2026-05-03 17:44:07.684,0,10,10,0.00,-0.0001,-0.0001,-0.2689,-0.1888,0.0000,-0.0000,0.0000,-50.7320
2026-05-03 17:44:08.184,0,10,10,0.00,0.0000,0.0001,-0.2689,-0.1888,0.0000,-0.0000,0.0000,-50.7320
2026-05-03 17:44:08.684,0,10,10,0.00,-0.0001,0.0000,-0.2689,-0.1888,0.0000,-0.0000,0.0000,-50.7320
2026-05-03 17:44:09.184,0,10,10,0.00,0.0001,0.0001,-0.2689,-0.1888,0.0000,-0.0000,0.0000,-50.7320
2026-05-03 17:44:09.684,0,10,10,0.00,0.0001,0.0004,-0.2689,-0.1888,0.0000,-0.0000,0.0000,-50.7320
2026-05-03 17:44:10.184,0,10,10,0.00,0.0000,0.0001,-0.2689,-0.1888,0.0000,-0.0000,0.0000,-50.7320
2026-05-03 17:44:10.684,0,10,10,0.00,0.0001,0.0000,-0.2689,-0.1888,0.0000,-0.0000,0.0000,-50.7320
2026-05-03 17:44:11.184,0,10,10,0.00,-0.0001,0.0000,-0.2689,-0.1888,0.0000,-0.0000,0.0000,-50.7320
2026-05-03 17:44:11.684,0,10,10,0.00,-0.0001,-0.0001,-0.2689,-0.1888,0.0000,-0.0000,0.0000,-50.7320
2026-05-03 17:44:12.184,0,10,10,0.00,-0.0003,0.0000,-0.2689,-0.1888,0.0000,-0.0000,0.0000,-50.7320
2026-05-03 17:44:12.684,0,10,10,0.00,-0.0001,0.0000,-0.2689,-0.1888,0.0000,-0.0000,0.0000,-50.7320
2026-05-03 17:44:13.184,0,10,10,0.00,0.0000,-0.0001,-0.2689,-0.1888,0.0000,-0.0000,0.0000,-50.7320
2026-05-03 17:44:13.684,0,10,10,0.00,0.0000,0.0000,-0.2689,-0.1888,0.0000,-0.0000,0.0000,-50.7320
2026-05-03 17:44:14.184,0,10,10,0.00,0.0000,-0.0005,-0.2689,-0.1888,0.0000,-0.0000,0.0000,-50.7320
2026-05-03 17:44:14.684,0,10,10,0.00,0.0000,0.0000,-0.2689,-0.1888,0.0000,-0.0000,0.0000,-50.7320
2026-05-03 17:44:15.184,0,10,10,0.00,-0.0005,0.0000,-0.2689,-0.1888,0.0000,-0.0000,0.0000,-50.7320
2026-05-03 17:44:15.684,0,10,10,0.00,0.0001,0.0003,-0.2689,-0.1888,0.0000,-0.0000,0.0000,-50.7320
2026-05-03 17:44:16.184,0,10,10,0.00,0.0001,0.0000,-0.2689,-0.1888,0.0000,-0.0000,0.0000,-50.7320
2026-05-03 17:44:16.684,0,10,10,0.00,0.0000,0.0000,-0.2689,-0.1888,0.0000,-0.0000,0.0000,-50.7320
2026-05-03 17:44:17.184,0,10,10,0.00,0.0003,0.0001,-0.2689,-0.1888,0.0000,-0.0000,0.0000,-50.7320
2026-05-03 17:44:17.684,0,10,10,0.00,-0.0001,0.0001,-0.2689,-0.1888,0.0000,-0.0000,0.0000,-50.7320
2026-05-03 17:44:18.184,0,10,10,0.00,-0.0001,0.0001,-0.2689,-0.1888,0.0000,-0.0000,0.0000,-50.7320
2026-05-03 17:44:18.684,0,10,10,0.00,-0.0001,0.0000,-0.2689,-0.1888,0.0000,-0.0000,0.0000,-50.7320
2026-05-03 17:44:19.184,0,10,10,0.00,0.0000,0.0000,-0.2689,-0.1888,0.0000,-0.0000,0.0000,-50.7320
2026-05-03 17:44:19.684,0,10,10,0.00,0.0000,0.0001,-0.2689,-0.1888,0.0000,-0.0000,0.0000,-50.7320
2026-05-03 17:44:20.184,0,10,10,0.00,0.0000,-0.0003,-0.2689,-0.1888,0.0000,-0.0000,0.0000,-50.7320
2026-05-03 17:44:20.684,0,10,10,0.00,-0.0001,0.0000,-0.2689,-0.1888,0.0000,-0.0000,0.0000,-50.7320
2026-05-03 17:44:21.184,0,10,10,0.00,-0.0003,0.0000,-0.2689,-0.1888,0.0000,-0.0000,0.0000,-50.7320
2026-05-03 17:44:21.684,0,10,10,0.00,-0.0001,0.0000,-0.2689,-0.1888,0.0000,-0.0000,0.0000,-50.7320
2026-05-03 17:44:22.184,0,10,10,0.00,0.0000,0.0000,-0.2689,-0.1888,0.0000,-0.0000,0.0000,-50.7320
2026-05-03 17:44:22.684,0,10,10,0.00,0.0000,0.0000,-0.2689,-0.1888,0.0000,-0.0000,0.0000,-50.7320
2026-05-03 17:44:23.184,0,10,10,0.00,0.0000,0.0001,-0.2689,-0.1888,0.0000,-0.0000,0.0000,-50.7320
2026-05-03 17:44:23.684,0,10,10,0.00,0.0000,-0.0001,-0.2689,-0.1888,0.0000,-0.0000,0.0000,-50.7320
2026-05-03 17:44:24.184,0,10,10,0.00,-0.0001,0.0000,-0.2689,-0.1888,0.0000,-0.0000,0.0000,-50.7320
2026-05-03 17:44:24.684,0,10,10,0.00,0.0003,-0.0001,-0.2689,-0.1888,0.0000,-0.0000,0.0000,-50.7320
2026-05-03 17:44:25.184,0,10,10,0.00,0.0003,-0.0003,-0.2689,-0.1888,0.0000,-0.0000,0.0000,-50.7320
2026-05-03 17:44:25.684,0,10,10,0.00,0.0000,0.0000,-0.2689,-0.1888,0.0000,-0.0000,0.0000,-50.7320
2026-05-03 17:44:26.184,0,10,10,0.00,0.0000,0.0000,-0.2689,-0.1888,0.0000,-0.0000,0.0000,-50.7320
2026-05-03 17:44:26.684,0,10,10,0.00,0.0000,0.0000,-0.2689,-0.1888,0.0000,-0.0000,0.0000,-50.7320
2026-05-03 17:44:27.184,0,10,10,0.00,0.0003,0.0001,-0.2689,-0.1888,0.0000,-0.0000,0.0000,-50.7320
2026-05-03 17:44:27.684,0,10,10,0.00,0.0001,0.0000,-0.2689,-0.1888,0.0000,-0.0000,0.0000,-50.7320
2026-05-03 17:44:28.184,0,10,10,0.00,0.0000,0.0000,-0.2689,-0.1888,0.0000,-0.0000,0.0000,-50.7320
2026-05-03 17:44:28.684,0,10,10,0.00,0.0000,0.0000,-0.2689,-0.1888,0.0000,-0.0000,0.0000,-50.7320
2026-05-03 17:44:29.184,0,10,10,0.00,0.0001,0.0000,-0.2689,-0.1888,0.0000,-0.0000,0.0000,-50.7320
2026-05-03 17:44:29.684,0,10,10,0.00,0.0001,0.0000,-0.2689,-0.1888,0.0000,-0.0000,0.0000,-50.7320
2026-05-03 17:44:30.184,0,10,10,0.00,-0.0001,0.0000,-0.2689,-0.1888,0.0000,-0.0000,0.0000,-50.7320
2026-05-03 17:44:30.684,0,10,10,0.00,0.0000,0.0000,-0.2689,-0.1888,0.0000,-0.0000,0.0000,-50.7320
2026-05-03 17:44:31.184,0,10,10,0.00,-0.0001,0.0000,-0.2689,-0.1888,0.0000,-0.0000,0.0000,-50.7320
2026-05-03 17:44:31.684,0,10,10,0.00,0.0000,0.0000,-0.2689,-0.1888,0.0000,-0.0000,0.0000,-50.7320
2026-05-03 17:44:32.184,0,10,10,0.00,0.0000,0.0000,-0.2689,-0.1888,0.0000,-0.0000,0.0000,-50.7320
2026-05-03 17:44:32.684,0,10,10,0.00,0.0000,0.0000,-0.2689,-0.1888,0.0000,-0.0000,0.0000,-50.7320
2026-05-03 17:44:33.184,0,10,10,0.00,0.0000,0.0001,-0.2689,-0.1888,0.0000,-0.0000,0.0000,-50.7320
2026-05-03 17:44:33.684,0,10,10,0.00,0.0003,0.0000,-0.2689,-0.1888,0.0000,-0.0000,0.0000,-50.7320
2026-05-03 17:44:34.184,0,10,10,0.00,0.0000,0.0001,-0.2689,-0.1888,0.0000,-0.0000,0.0000,-50.7320
2026-05-03 17:44:34.684,0,10,10,0.00,0.0000,0.0000,-0.2689,-0.1888,0.0000,-0.0000,0.0000,-50.7320
2026-05-03 17:44:35.184,0,10,10,0.00,0.0000,-0.0005,-0.2689,-0.1888,0.0000,-0.0000,0.0000,-50.7320
2026-05-03 17:44:35.684,0,10,10,0.00,0.0000,0.0000,-0.2689,-0.1888,0.0000,-0.0000,0.0000,-50.7320
2026-05-03 17:44:36.184,0,10,10,0.00,0.0001,0.0000,-0.2689,-0.1888,0.0000,-0.0000,0.0000,-50.7320
2026-05-03 17:44:36.684,0,10,10,0.00,0.0000,0.0000,-0.2689,-0.1888,0.0000,-0.0000,0.0000,-50.7320
2026-05-03 17:44:37.184,0,10,10,0.00,0.0000,0.0000,-0.2689,-0.1888,0.0000,-0.0000,0.0000,-50.7320
2026-05-03 17:44:37.684,0,10,10,0.00,0.0003,0.0000,-0.2689,-0.1888,0.0000,-0.0000,0.0000,-50.7320
2026-05-03 17:44:38.184,0,10,10,0.00,0.0000,-0.0001,-0.2689,-0.1888,0.0000,-0.0000,0.0000,-50.7320
2026-05-03 17:44:38.684,0,10,10,0.00,0.0007,-0.0001,-0.2689,-0.1888,0.0000,-0.0000,0.0000,-50.7320
2026-05-03 17:44:39.184,0,10,10,0.00,0.0003,0.0000,-0.2689,-0.1888,0.0000,-0.0000,0.0000,-50.7320
2026-05-03 17:44:39.684,0,10,10,0.00,-0.0001,0.0000,-0.2689,-0.1888,0.0000,-0.0000,0.0000,-50.7320
2026-05-03 17:44:40.184,0,10,10,0.00,-0.0001,0.0000,-0.2689,-0.1888,0.0000,-0.0000,0.0000,-50.7320
2026-05-03 17:44:40.684,0,10,10,0.00,0.0003,0.0000,-0.2689,-0.1888,0.0000,-0.0000,0.0000,-50.7320
2026-05-03 17:44:41.184,0,10,10,0.00,-0.0003,-0.0001,-0.2689,-0.1888,0.0000,-0.0000,0.0000,-50.7320
2026-05-03 17:44:41.684,0,10,10,0.00,0.0003,0.0000,-0.2689,-0.1888,0.0000,-0.0000,0.0000,-50.7320
2026-05-03 17:44:42.184,0,10,10,0.00,0.0000,-0.0001,-0.2689,-0.1888,0.0000,-0.0000,0.0000,-50.7320
2026-05-03 17:44:42.684,0,10,10,0.00,-0.0001,-0.0001,-0.2689,-0.1888,0.0000,-0.0000,0.0000,-50.7320
2026-05-03 17:44:43.184,0,10,10,0.00,-0.0001,0.0000,-0.2689,-0.1888,0.0000,-0.0000,0.0000,-50.7320
2026-05-03 17:44:43.684,0,10,10,0.00,0.0000,0.0000,-0.2689,-0.1888,0.0000,-0.0000,0.0000,-50.7320
2026-05-03 17:44:44.184,0,10,10,0.00,0.0000,0.0000,-0.2689,-0.1888,0.0000,-0.0000,0.0000,-50.7320
2026-05-03 17:44:44.684,0,10,10,0.00,-0.0001,0.0001,-0.2689,-0.1888,0.0000,-0.0000,0.0000,-50.7320
2026-05-03 17:44:45.184,0,10,10,0.00,0.0001,0.0000,-0.2689,-0.1888,0.0000,-0.0000,0.0000,-50.7320
2026-05-03 17:44:45.684,0,10,10,0.00,0.0000,0.0001,-0.2689,-0.1888,0.0000,-0.0000,0.0000,-50.7320
2026-05-03 17:44:46.184,0,10,10,0.00,-0.0004,0.0001,-0.2689,-0.1888,0.0000,-0.0000,0.0000,-50.7320
2026-05-03 17:44:46.684,0,10,10,0.00,-0.0001,-0.0003,-0.2689,-0.1888,0.0000,-0.0000,0.0000,-50.7320
2026-05-03 17:44:47.184,0,10,10,0.00,-0.0003,-0.0004,-0.2689,-0.1888,0.0000,-0.0000,0.0000,-50.7320
2026-05-03 17:44:47.684,0,10,10,0.00,0.0001,0.0000,-0.2689,-0.1888,0.0000,-0.0000,0.0000,-50.7320
2026-05-03 17:44:48.184,0,10,10,0.00,-0.0003,0.0000,-0.2689,-0.1888,0.0000,-0.0000,0.0000,-50.7320
2026-05-03 17:44:48.684,0,10,10,0.00,0.0000,-0.0001,-0.2689,-0.1888,0.0000,-0.0000,0.0000,-50.7320
2026-05-03 17:44:49.184,0,10,10,0.00,0.0000,0.0000,-0.2689,-0.1888,0.0000,-0.0000,0.0000,-50.7320
2026-05-03 17:44:49.684,0,10,10,0.00,0.0000,0.0000,-0.2689,-0.1888,0.0000,-0.0000,0.0000,-50.7320
2026-05-03 17:44:50.184,0,10,10,0.00,0.0003,0.0001,-0.2689,-0.1888,0.0000,-0.0000,0.0000,-50.7320
2026-05-03 17:44:50.684,0,10,10,0.00,-0.0001,-0.0001,-0.2689,-0.1888,0.0000,-0.0000,0.0000,-50.7320
2026-05-03 17:44:51.184,0,10,10,0.00,0.0000,-0.0005,-0.2689,-0.1888,0.0000,-0.0000,0.0000,-50.7320
2026-05-03 17:44:51.684,0,10,10,0.00,0.0000,0.0000,-0.2689,-0.1888,0.0000,-0.0000,0.0000,-50.7320
2026-05-03 17:44:52.184,0,10,10,0.00,0.0000,0.0000,-0.2689,-0.1888,0.0000,-0.0000,0.0000,-50.7320
2026-05-03 17:44:52.684,0,10,10,0.00,0.0003,0.0000,-0.2689,-0.1888,0.0000,-0.0000,0.0000,-50.7320
2026-05-03 17:44:53.184,0,10,10,0.00,-0.0001,0.0000,-0.2689,-0.1888,0.0000,-0.0000,0.0000,-50.7320
2026-05-03 17:44:53.684,0,10,10,0.00,-0.0001,0.0000,-0.2689,-0.1888,0.0000,-0.0000,0.0000,-50.7320
2026-05-03 17:44:54.184,0,10,10,0.00,0.0001,-0.0001,-0.2689,-0.1888,0.0000,-0.0000,0.0000,-50.7320
2026-05-03 17:44:54.684,0,10,10,0.00,0.0001,0.0000,-0.2689,-0.1888,0.0000,-0.0000,0.0000,-50.7320
2026-05-03 17:44:55.184,0,10,10,0.00,0.0000,0.0001,-0.2689,-0.1888,0.0000,-0.0000,0.0000,-50.7320
2026-05-03 17:44:55.684,0,10,10,0.00,-0.0003,0.0000,-0.2689,-0.1888,0.0000,-0.0000,0.0000,-50.7320
2026-05-03 17:44:56.184,0,10,10,0.00,-0.0001,-0.0003,-0.2689,-0.1888,0.0000,-0.0000,0.0000,-50.7320
2026-05-03 17:44:56.684,0,10,10,0.00,0.0000,0.0003,-0.2689,-0.1888,0.0000,-0.0000,0.0000,-50.7320
2026-05-03 17:44:57.184,0,10,10,0.00,0.0000,0.0003,-0.2689,-0.1888,0.0000,-0.0000,0.0000,-50.7320
2026-05-03 17:44:57.684,0,10,10,0.00,0.0003,0.0000,-0.2689,-0.1888,0.0000,-0.0000,0.0000,-50.7320
2026-05-03 17:44:58.184,0,10,10,0.00,0.0001,0.0003,-0.2689,-0.1888,0.0000,-0.0000,0.0000,-50.7320
2026-05-03 17:44:58.684,0,10,10,0.00,0.0004,0.0003,-0.2689,-0.1888,0.0000,-0.0000,0.0000,-50.7320
2026-05-03 17:44:59.184,0,10,10,0.00,-0.0001,0.0000,-0.2689,-0.1888,0.0000,-0.0000,0.0000,-50.7320
2026-05-03 17:44:59.684,0,10,10,0.00,-0.0001,0.0000,-0.2689,-0.1888,0.0000,-0.0000,0.0000,-50.7320
2026-05-03 17:45:00.184,0,10,10,0.00,0.0001,0.0000,-0.2689,-0.1888,0.0000,-0.0000,0.0000,-50.7320
2026-05-03 17:45:00.684,0,10,10,0.00,0.0000,0.0003,-0.2689,-0.1888,0.0000,-0.0000,0.0000,-50.7320
2026-05-03 17:45:01.184,0,10,10,0.00,0.0001,0.0000,-0.2689,-0.1888,0.0000,-0.0000,0.0000,-50.7320
2026-05-03 17:45:01.684,0,10,10,0.00,-0.0001,0.0000,-0.2689,-0.1888,0.0000,-0.0000,0.0000,-50.7320
2026-05-03 17:45:02.184,0,10,10,0.00,-0.0001,0.0003,-0.2689,-0.1888,0.0000,-0.0000,0.0000,-50.7320
2026-05-03 17:45:02.684,0,10,10,0.00,0.0000,-0.0001,-0.2689,-0.1888,0.0000,-0.0000,0.0000,-50.7320
2026-05-03 17:45:03.184,0,10,10,0.00,-0.0003,0.0001,-0.2689,-0.1888,0.0000,-0.0000,0.0000,-50.7320
2026-05-03 17:45:03.684,0,10,10,0.00,0.0003,0.0000,-0.2689,-0.1888,0.0000,-0.0000,0.0000,-50.7320
2026-05-03 17:45:04.184,0,10,10,0.00,0.0001,0.0000,-0.2689,-0.1888,0.0000,-0.0000,0.0000,-50.7320
2026-05-03 17:45:04.686,0,10,10,0.00,-0.0001,-0.0001,-0.2689,-0.1888,0.0000,-0.0000,0.0000,-50.7320
2026-05-03 17:45:05.184,0,10,10,0.00,0.0000,-0.0001,-0.2689,-0.1888,0.0000,-0.0000,0.0000,-50.7320
2026-05-03 17:45:05.684,0,10,10,0.00,0.0000,0.0000,-0.2689,-0.1888,0.0000,-0.0000,0.0000,-50.7320
2026-05-03 17:45:06.184,0,10,10,0.00,0.0000,0.0000,-0.2689,-0.1888,0.0000,-0.0000,0.0000,-50.7320
2026-05-03 17:45:06.684,0,10,10,0.00,0.0003,-0.0001,-0.2689,-0.1888,0.0000,-0.0000,0.0000,-50.7320
2026-05-03 17:45:07.184,0,10,10,0.00,0.0001,0.0000,-0.2689,-0.1888,0.0000,-0.0000,0.0000,-50.7320
2026-05-03 17:45:07.684,0,10,10,0.00,0.0000,0.0000,-0.2689,-0.1888,0.0000,-0.0000,0.0000,-50.7320
2026-05-03 17:45:08.184,0,10,10,0.00,0.0000,0.0000,-0.2689,-0.1888,0.0000,-0.0000,0.0000,-50.7320
2026-05-03 17:45:08.684,0,10,10,0.00,0.0001,0.0000,-0.2689,-0.1888,0.0000,-0.0000,0.0000,-50.7320
2026-05-03 17:45:09.184,0,10,10,0.00,-0.0001,0.0000,-0.2689,-0.1888,0.0000,-0.0000,0.0000,-50.7320
2026-05-03 17:45:09.684,0,10,10,0.00,0.0003,0.0000,-0.2689,-0.1888,0.0000,-0.0000,0.0000,-50.7320
2026-05-03 17:45:10.184,0,10,10,0.00,-0.0001,0.0001,-0.2689,-0.1888,0.0000,-0.0000,0.0000,-50.7320
2026-05-03 17:45:10.684,0,10,10,0.00,0.0000,-0.0003,-0.2689,-0.1888,0.0000,-0.0000,0.0000,-50.7320
2026-05-03 17:45:11.184,0,10,10,0.00,0.0001,0.0000,-0.2689,-0.1888,0.0000,-0.0000,0.0000,-50.7320
2026-05-03 17:45:11.684,0,10,10,0.00,-0.0005,0.0000,-0.2689,-0.1888,0.0000,-0.0000,0.0000,-50.7320
2026-05-03 17:45:12.184,0,10,10,0.00,-0.0004,0.0000,-0.2689,-0.1888,0.0000,-0.0000,0.0000,-50.7320
2026-05-03 17:45:12.684,0,10,10,0.00,0.0000,0.0001,-0.2689,-0.1888,0.0000,-0.0000,0.0000,-50.7320
2026-05-03 17:45:13.184,0,10,10,0.00,0.0004,0.0001,-0.2689,-0.1888,0.0000,-0.0000,0.0000,-50.7320
2026-05-03 17:45:13.684,0,10,10,0.00,0.0001,0.0000,-0.2689,-0.1888,0.0000,-0.0000,0.0000,-50.7320
2026-05-03 17:45:14.184,0,10,10,0.00,0.0000,0.0003,-0.2689,-0.1888,0.0000,-0.0000,0.0000,-50.7320
2026-05-03 17:45:14.684,0,10,10,0.00,0.0003,0.0000,-0.2689,-0.1888,0.0000,-0.0000,0.0000,-50.7320
2026-05-03 17:45:15.184,0,10,10,0.00,0.0000,-0.0001,-0.2689,-0.1888,0.0000,-0.0000,0.0000,-50.7320
2026-05-03 17:45:15.684,0,10,10,0.00,-0.0003,0.0000,-0.2689,-0.1888,0.0000,-0.0000,0.0000,-50.7320
2026-05-03 17:45:16.184,0,10,10,0.00,0.0000,0.0000,-0.2689,-0.1888,0.0000,-0.0000,0.0000,-50.7320
2026-05-03 17:45:16.684,0,10,10,0.00,0.0000,0.0000,-0.2689,-0.1888,0.0000,-0.0000,0.0000,-50.7320
2026-05-03 17:45:17.184,0,10,10,0.00,-0.0003,0.0000,-0.2689,-0.1888,0.0000,-0.0000,0.0000,-50.7320
2026-05-03 17:45:17.684,0,10,10,0.00,0.0000,0.0000,-0.2689,-0.1888,0.0000,-0.0000,0.0000,-50.7320
2026-05-03 17:45:18.184,0,10,10,0.00,0.0001,0.0005,-0.2689,-0.1888,0.0000,-0.0000,0.0000,-50.7320
2026-05-03 17:45:18.684,0,10,10,0.00,0.0000,0.0001,-0.2689,-0.1888,0.0000,-0.0000,0.0000,-50.7320
2026-05-03 17:45:19.184,0,10,10,0.00,0.0000,0.0003,-0.2689,-0.1888,0.0000,-0.0000,0.0000,-50.7320
2026-05-03 17:45:19.684,0,10,10,0.00,-0.0001,0.0001,-0.2689,-0.1888,0.0000,-0.0000,0.0000,-50.7320
2026-05-03 17:45:20.184,0,10,10,0.00,0.0000,0.0000,-0.2689,-0.1888,0.0000,-0.0000,0.0000,-50.7320
2026-05-03 17:45:20.684,0,10,10,0.00,-0.0001,-0.0001,-0.2689,-0.1888,0.0000,-0.0000,0.0000,-50.7320
2026-05-03 17:45:21.184,0,10,10,0.00,-0.0001,0.0005,-0.2689,-0.1888,0.0000,-0.0000,0.0000,-50.7320
2026-05-03 17:45:21.684,0,10,10,0.00,0.0000,0.0000,-0.2689,-0.1888,0.0000,-0.0000,0.0000,-50.7320
2026-05-03 17:45:22.184,0,10,10,0.00,-0.0001,-0.0001,-0.2689,-0.1888,0.0000,-0.0000,0.0000,-50.7320
2026-05-03 17:45:22.684,0,10,10,0.00,0.0000,0.0003,-0.2689,-0.1888,0.0000,-0.0000,0.0000,-50.7320
2026-05-03 17:45:23.185,0,10,10,0.00,-0.0001,-0.0001,-0.2689,-0.1888,0.0000,-0.0000,0.0000,-50.7320
2026-05-03 17:45:23.684,0,10,10,0.00,0.0003,-0.0003,-0.2689,-0.1888,0.0000,-0.0000,0.0000,-50.7320
2026-05-03 17:45:24.184,0,10,10,0.00,0.0001,0.0001,-0.2689,-0.1888,0.0000,-0.0000,0.0000,-50.7320
2026-05-03 17:45:24.684,0,10,10,0.00,0.0000,-0.0001,-0.2689,-0.1888,0.0000,-0.0000,0.0000,-50.7320
2026-05-03 17:45:25.184,0,10,10,0.00,0.0003,0.0000,-0.2689,-0.1888,0.0000,-0.0000,0.0000,-50.7320
2026-05-03 17:45:25.684,0,10,10,0.00,0.0000,0.0000,-0.2689,-0.1888,0.0000,-0.0000,0.0000,-50.7320
2026-05-03 17:45:26.184,0,10,10,0.00,0.0000,0.0000,-0.2689,-0.1888,0.0000,-0.0000,0.0000,-50.7320
2026-05-03 17:45:26.684,0,10,10,0.00,0.0001,0.0000,-0.2689,-0.1888,0.0000,-0.0000,0.0000,-50.7320
2026-05-03 17:45:27.184,0,10,10,0.00,-0.0001,0.0000,-0.2689,-0.1888,0.0000,-0.0000,0.0000,-50.7320
2026-05-03 17:45:27.684,0,10,10,0.00,0.0000,0.0000,-0.2689,-0.1888,0.0000,-0.0000,0.0000,-50.7320
2026-05-03 17:45:28.184,0,10,10,0.00,0.0000,-0.0001,-0.2689,-0.1888,0.0000,-0.0000,0.0000,-50.7320
2026-05-03 17:45:28.684,0,10,10,0.00,0.0000,-0.0001,-0.2689,-0.1888,0.0000,-0.0000,0.0000,-50.7320
2026-05-03 17:45:29.184,0,10,10,0.00,0.0001,0.0000,-0.2689,-0.1888,0.0000,-0.0000,0.0000,-50.7320
2026-05-03 17:45:29.684,0,10,10,0.00,0.0000,0.0004,-0.2689,-0.1888,0.0000,-0.0000,0.0000,-50.7320
2026-05-03 17:45:30.184,0,10,10,0.00,0.0000,0.0000,-0.2689,-0.1888,0.0000,-0.0000,0.0000,-50.7320
2026-05-03 17:45:30.684,0,10,10,0.00,0.0001,-0.0003,-0.2689,-0.1888,0.0000,-0.0000,0.0000,-50.7320
2026-05-03 17:45:31.184,0,10,10,0.00,0.0001,0.0000,-0.2689,-0.1888,0.0000,-0.0000,0.0000,-50.7320
2026-05-03 17:45:31.684,0,10,10,0.00,0.0001,0.0000,-0.2689,-0.1888,0.0000,-0.0000,0.0000,-50.7320
2026-05-03 17:45:32.184,0,10,10,0.00,-0.0001,0.0000,-0.2689,-0.1888,0.0000,-0.0000,0.0000,-50.7320
2026-05-03 17:45:32.684,0,10,10,0.00,0.0000,-0.0004,-0.2689,-0.1888,0.0000,-0.0000,0.0000,-50.7320
2026-05-03 17:45:33.184,0,10,10,0.00,-0.0001,0.0000,-0.2689,-0.1888,0.0000,-0.0000,0.0000,-50.7320
2026-05-03 17:45:33.684,0,10,10,0.00,0.0003,-0.0001,-0.2689,-0.1888,0.0000,-0.0000,0.0000,-50.7320
2026-05-03 17:45:34.184,0,10,10,0.00,0.0000,0.0000,-0.2689,-0.1888,0.0000,-0.0000,0.0000,-50.7320
2026-05-03 17:45:34.684,0,10,10,0.00,0.0000,0.0000,-0.2689,-0.1888,0.0000,-0.0000,0.0000,-50.7320
2026-05-03 17:45:35.184,0,10,10,0.00,0.0000,-0.0004,-0.2689,-0.1888,0.0000,-0.0000,0.0000,-50.7320
2026-05-03 17:45:35.684,0,10,10,0.00,0.0000,0.0000,-0.2689,-0.1888,0.0000,-0.0000,0.0000,-50.7320
2026-05-03 17:45:36.184,0,10,10,0.00,-0.0001,0.0001,-0.2689,-0.1888,0.0000,-0.0000,0.0000,-50.7320
2026-05-03 17:45:36.684,0,10,10,0.00,0.0000,0.0000,-0.2689,-0.1888,0.0000,-0.0000,0.0000,-50.7320
2026-05-03 17:45:37.184,0,10,10,0.00,0.0000,0.0004,-0.2689,-0.1888,0.0000,-0.0000,0.0000,-50.7320
2026-05-03 17:45:37.684,0,10,10,0.00,-0.0003,0.0000,-0.2689,-0.1888,0.0000,-0.0000,0.0000,-50.7320
2026-05-03 17:45:38.184,0,10,10,0.00,0.0005,0.0000,-0.2689,-0.1888,0.0000,-0.0000,0.0000,-50.7320
2026-05-03 17:45:38.684,0,10,10,0.00,0.0003,0.0000,-0.2689,-0.1888,0.0000,-0.0000,0.0000,-50.7320
2026-05-03 17:45:39.184,0,10,10,0.00,0.0000,0.0000,-0.2689,-0.1888,0.0000,-0.0000,0.0000,-50.7320
2026-05-03 17:45:39.684,0,10,10,0.00,-0.0004,0.0000,-0.2689,-0.1888,0.0000,-0.0000,0.0000,-50.7320
2026-05-03 17:45:40.184,0,10,10,0.00,-0.0003,0.0000,-0.2689,-0.1888,0.0000,-0.0000,0.0000,-50.7320
2026-05-03 17:45:40.684,0,10,10,0.00,0.0000,0.0000,-0.2689,-0.1888,0.0000,-0.0000,0.0000,-50.7320
2026-05-03 17:45:41.184,0,10,10,0.00,0.0000,-0.0003,-0.2689,-0.1888,0.0000,-0.0000,0.0000,-50.7320
2026-05-03 17:45:41.684,0,10,10,0.00,-0.0001,0.0000,-0.2689,-0.1888,0.0000,-0.0000,0.0000,-50.7320
2026-05-03 17:45:42.184,0,10,10,0.00,0.0000,0.0001,-0.2689,-0.1888,0.0000,-0.0000,0.0000,-50.7320
2026-05-03 17:45:42.684,0,10,10,0.00,0.0000,-0.0003,-0.2689,-0.1888,0.0000,-0.0000,0.0000,-50.7320
2026-05-03 17:45:43.184,0,10,10,0.00,-0.0001,0.0000,-0.2689,-0.1888,0.0000,-0.0000,0.0000,-50.7320
2026-05-03 17:45:43.684,0,10,10,0.00,0.0000,0.0000,-0.2689,-0.1888,0.0000,-0.0000,0.0000,-50.7320
2026-05-03 17:45:44.184,0,10,10,0.00,0.0001,0.0001,-0.2689,-0.1888,0.0000,-0.0000,0.0000,-50.7320
2026-05-03 17:45:44.684,0,10,10,0.00,0.0000,-0.0001,-0.2689,-0.1888,0.0000,-0.0000,0.0000,-50.7320
2026-05-03 17:45:45.184,0,10,10,0.00,0.0000,0.0000,-0.2689,-0.1888,0.0000,-0.0000,0.0000,-50.7320
2026-05-03 17:45:45.684,0,10,10,0.00,-0.0003,0.0000,-0.2689,-0.1888,0.0000,-0.0000,0.0000,-50.7320
2026-05-03 17:45:46.184,0,10,10,0.00,0.0000,-0.0001,-0.2689,-0.1888,0.0000,-0.0000,0.0000,-50.7320
2026-05-03 17:45:46.684,0,10,10,0.00,0.0000,0.0003,-0.2689,-0.1888,0.0000,-0.0000,0.0000,-50.7320
2026-05-03 17:45:47.184,0,10,10,0.00,0.0000,0.0000,-0.2689,-0.1888,0.0000,-0.0000,0.0000,-50.7320
2026-05-03 17:45:47.684,0,10,10,0.00,0.0000,0.0001,-0.2689,-0.1888,0.0000,-0.0000,0.0000,-50.7320
2026-05-03 17:45:48.184,0,10,10,0.00,0.0000,0.0003,-0.2689,-0.1888,0.0000,-0.0000,0.0000,-50.7320
2026-05-03 17:45:48.684,0,10,10,0.00,0.0001,-0.0001,-0.2689,-0.1888,0.0000,-0.0000,0.0000,-50.7320
2026-05-03 17:45:49.184,0,10,10,0.00,0.0000,0.0001,-0.2689,-0.1888,0.0000,-0.0000,0.0000,-50.7320
2026-05-03 17:45:49.684,0,10,10,0.00,-0.0001,0.0000,-0.2689,-0.1888,0.0000,-0.0000,0.0000,-50.7320
2026-05-03 17:45:50.184,0,10,10,0.00,0.0000,0.0000,-0.2689,-0.1888,0.0000,-0.0000,0.0000,-50.7320
2026-05-03 17:45:50.684,0,10,10,0.00,0.0000,-0.0001,-0.2689,-0.1888,0.0000,-0.0000,0.0000,-50.7320
2026-05-03 17:45:51.184,0,10,10,0.00,0.0000,0.0000,-0.2689,-0.1888,0.0000,-0.0000,0.0000,-50.7320
2026-05-03 17:45:51.684,0,10,10,0.00,0.0000,0.0000,-0.2689,-0.1888,0.0000,-0.0000,0.0000,-50.7320
2026-05-03 17:45:52.184,0,10,10,0.00,0.0001,0.0000,-0.2689,-0.1888,0.0000,-0.0000,0.0000,-50.7320
2026-05-03 17:45:52.684,0,10,10,0.00,-0.0003,-0.0001,-0.2689,-0.1888,0.0000,-0.0000,0.0000,-50.7320
2026-05-03 17:45:53.184,0,10,10,0.00,0.0001,-0.0003,-0.2689,-0.1888,0.0000,-0.0000,0.0000,-50.7320
2026-05-03 17:45:53.684,0,10,10,0.00,0.0000,0.0004,-0.2689,-0.1888,0.0000,-0.0000,0.0000,-50.7320
2026-05-03 17:45:54.184,0,10,10,0.00,0.0000,-0.0001,-0.2689,-0.1888,0.0000,-0.0000,0.0000,-50.7320
2026-05-03 17:45:54.684,0,10,10,0.00,0.0000,-0.0001,-0.2689,-0.1888,0.0000,-0.0000,0.0000,-50.7320
2026-05-03 17:45:55.184,0,10,10,0.00,0.0001,0.0000,-0.2689,-0.1888,0.0000,-0.0000,0.0000,-50.7320
2026-05-03 17:45:55.684,0,10,10,0.00,0.0003,0.0000,-0.2689,-0.1888,0.0000,-0.0000,0.0000,-50.7320
2026-05-03 17:45:56.184,0,10,10,0.00,-0.0001,0.0000,-0.2689,-0.1888,0.0000,-0.0000,0.0000,-50.7320
2026-05-03 17:45:56.684,0,10,10,0.00,-0.0004,0.0003,-0.2689,-0.1888,0.0000,-0.0000,0.0000,-50.7320
2026-05-03 17:45:57.184,0,10,10,0.00,0.0000,0.0000,-0.2689,-0.1888,0.0000,-0.0000,0.0000,-50.7320
2026-05-03 17:45:57.684,0,10,10,0.00,0.0000,-0.0001,-0.2689,-0.1888,0.0000,-0.0000,0.0000,-50.7320
2026-05-03 17:45:58.184,0,10,10,0.00,0.0000,0.0001,-0.2689,-0.1888,0.0000,-0.0000,0.0000,-50.7320
2026-05-03 17:45:58.684,0,10,10,0.00,0.0000,-0.0001,-0.2689,-0.1888,0.0000,-0.0000,0.0000,-50.7320
2026-05-03 17:45:59.184,0,10,10,0.00,0.0003,0.0000,-0.2689,-0.1888,0.0000,-0.0000,0.0000,-50.7320
2026-05-03 17:45:59.684,0,10,10,0.00,0.0000,0.0004,-0.2689,-0.1888,0.0000,-0.0000,0.0000,-50.7320
2026-05-03 17:46:00.184,0,10,10,0.00,0.0003,0.0000,-0.2689,-0.1888,0.0000,-0.0000,0.0000,-50.7320
2026-05-03 17:46:00.684,0,10,10,0.00,0.0000,0.0000,-0.2689,-0.1888,0.0000,-0.0000,0.0000,-50.7320
2026-05-03 17:46:01.184,0,10,10,0.00,-0.0005,-0.0003,-0.2689,-0.1888,0.0000,-0.0000,0.0000,-50.7320
2026-05-03 17:46:01.684,0,10,10,0.00,0.0000,-0.0001,-0.2689,-0.1888,0.0000,-0.0000,0.0000,-50.7320
2026-05-03 17:46:02.184,0,10,10,0.00,0.0000,0.0000,-0.2689,-0.1888,0.0000,-0.0000,0.0000,-50.7320
2026-05-03 17:46:02.684,0,10,10,0.00,0.0000,0.0001,-0.2689,-0.1888,0.0000,-0.0000,0.0000,-50.7320
2026-05-03 17:46:03.184,0,10,10,0.00,0.0000,0.0001,-0.2689,-0.1888,0.0000,-0.0000,0.0000,-50.7320
2026-05-03 17:46:03.684,0,10,10,0.00,0.0000,0.0001,-0.2689,-0.1888,0.0000,-0.0000,0.0000,-50.7320
2026-05-03 17:46:04.184,0,10,10,0.00,0.0000,0.0000,-0.2689,-0.1888,0.0000,-0.0000,0.0000,-50.7320
2026-05-03 17:46:04.684,0,10,10,0.00,0.0005,0.0000,-0.2689,-0.1888,0.0000,-0.0000,0.0000,-50.7320
2026-05-03 17:46:05.184,0,10,10,0.00,-0.0001,0.0000,-0.2689,-0.1888,0.0000,-0.0000,0.0000,-50.7320
2026-05-03 17:46:05.684,0,10,10,0.00,0.0000,0.0000,-0.2689,-0.1888,0.0000,-0.0000,0.0000,-50.7320
2026-05-03 17:46:06.184,0,10,10,0.00,0.0000,0.0000,-0.2689,-0.1888,0.0000,-0.0000,0.0000,-50.7320
2026-05-03 17:46:06.684,0,10,10,0.00,-0.0003,0.0001,-0.2689,-0.1888,0.0000,-0.0000,0.0000,-50.7320
2026-05-03 17:46:07.184,0,10,10,0.00,0.0001,0.0003,-0.2689,-0.1888,0.0000,-0.0000,0.0000,-50.7320
2026-05-03 17:46:07.684,0,10,10,0.00,-0.0001,-0.0001,-0.2689,-0.1888,0.0000,-0.0000,0.0000,-50.7320
2026-05-03 17:46:08.184,0,10,10,0.00,0.0000,0.0000,-0.2689,-0.1888,0.0000,-0.0000,0.0000,-50.7320
2026-05-03 17:46:08.684,0,10,10,0.00,0.0000,0.0000,-0.2689,-0.1888,0.0000,-0.0000,0.0000,-50.7320
2026-05-03 17:46:09.184,0,10,10,0.00,-0.0007,0.0000,-0.2689,-0.1888,0.0000,-0.0000,0.0000,-50.7320
2026-05-03 17:46:09.684,0,10,10,0.00,0.0000,-0.0001,-0.2689,-0.1888,0.0000,-0.0000,0.0000,-50.7320
2026-05-03 17:46:10.184,0,10,10,0.00,0.0000,0.0000,-0.2689,-0.1888,0.0000,-0.0000,0.0000,-50.7320
2026-05-03 17:46:10.684,0,10,10,0.00,0.0000,0.0001,-0.2689,-0.1888,0.0000,-0.0000,0.0000,-50.7320
2026-05-03 17:46:11.184,0,10,10,0.00,0.0000,0.0000,-0.2689,-0.1888,0.0000,-0.0000,0.0000,-50.7320
2026-05-03 17:46:11.684,0,10,10,0.00,0.0000,0.0001,-0.2689,-0.1888,0.0000,-0.0000,0.0000,-50.7320
2026-05-03 17:46:12.184,0,10,10,0.00,0.0000,0.0000,-0.2689,-0.1888,0.0000,-0.0000,0.0000,-50.7320
2026-05-03 17:46:12.684,0,10,10,0.00,0.0000,0.0000,-0.2689,-0.1888,0.0000,-0.0000,0.0000,-50.7320
2026-05-03 17:46:13.184,0,10,10,0.00,0.0001,0.0000,-0.2689,-0.1888,0.0000,-0.0000,0.0000,-50.7320
2026-05-03 17:46:13.684,0,10,10,0.00,0.0000,0.0001,-0.2689,-0.1888,0.0000,-0.0000,0.0000,-50.7320
2026-05-03 17:46:14.184,0,10,10,0.00,0.0000,0.0000,-0.2689,-0.1888,0.0000,-0.0000,0.0000,-50.7320
2026-05-03 17:46:14.684,0,10,10,0.00,-0.0001,0.0001,-0.2689,-0.1888,0.0000,-0.0000,0.0000,-50.7320
2026-05-03 17:46:15.184,0,10,10,0.00,0.0000,0.0000,-0.2689,-0.1888,0.0000,-0.0000,0.0000,-50.7320
2026-05-03 17:46:15.684,0,10,10,0.00,0.0000,0.0000,-0.2689,-0.1888,0.0000,-0.0000,0.0000,-50.7320
2026-05-03 17:46:16.184,0,10,10,0.00,0.0000,0.0000,-0.2689,-0.1888,0.0000,-0.0000,0.0000,-50.7320
2026-05-03 17:46:16.685,0,10,10,0.00,0.0001,0.0000,-0.2689,-0.1888,0.0000,-0.0000,0.0000,-50.7320
2026-05-03 17:46:17.184,0,10,10,0.00,-0.0001,0.0000,-0.2689,-0.1888,0.0000,-0.0000,0.0000,-50.7320
2026-05-03 17:46:17.684,0,10,10,0.00,-0.0005,-0.0001,-0.2689,-0.1888,0.0000,-0.0000,0.0000,-50.7320
2026-05-03 17:46:18.184,0,10,10,0.00,0.0005,0.0003,-0.2689,-0.1888,0.0000,-0.0000,0.0000,-50.7320
2026-05-03 17:46:18.684,0,10,10,0.00,0.0000,-0.0001,-0.2689,-0.1888,0.0000,-0.0000,0.0000,-50.7320
2026-05-03 17:46:19.184,0,10,10,0.00,0.0000,0.0000,-0.2689,-0.1888,0.0000,-0.0000,0.0000,-50.7320
2026-05-03 17:46:19.684,0,10,10,0.00,-0.0001,-0.0003,-0.2689,-0.1888,0.0000,-0.0000,0.0000,-50.7320
2026-05-03 17:46:20.184,0,10,10,0.00,0.0000,0.0000,-0.2689,-0.1888,0.0000,-0.0000,0.0000,-50.7320
2026-05-03 17:46:20.684,0,10,10,0.00,-0.0001,0.0000,-0.2689,-0.1888,0.0000,-0.0000,0.0000,-50.7320
2026-05-03 17:46:21.184,0,10,10,0.00,0.0000,0.0003,-0.2689,-0.1888,0.0000,-0.0000,0.0000,-50.7320
2026-05-03 17:46:21.684,0,10,10,0.00,0.0000,0.0000,-0.2689,-0.1888,0.0000,-0.0000,0.0000,-50.7320
2026-05-03 17:46:22.184,0,10,10,0.00,0.0000,0.0000,-0.2689,-0.1888,0.0000,-0.0000,0.0000,-50.7320
2026-05-03 17:46:22.684,0,10,10,0.00,0.0001,0.0000,-0.2689,-0.1888,0.0000,-0.0000,0.0000,-50.7320
2026-05-03 17:46:23.184,0,10,10,0.00,-0.0001,0.0000,-0.2689,-0.1888,0.0000,-0.0000,0.0000,-50.7320
2026-05-03 17:46:23.684,0,10,10,0.00,0.0000,-0.0001,-0.2689,-0.1888,0.0000,-0.0000,0.0000,-50.7320
2026-05-03 17:46:24.184,0,10,10,0.00,0.0001,0.0000,-0.2689,-0.1888,0.0000,-0.0000,0.0000,-50.7320
2026-05-03 17:46:24.685,0,10,10,0.00,0.0000,0.0000,-0.2689,-0.1888,0.0000,-0.0000,0.0000,-50.7320
2026-05-03 17:46:25.184,0,10,10,0.00,0.0001,0.0000,-0.2689,-0.1888,0.0000,-0.0000,0.0000,-50.7320
2026-05-03 17:46:25.684,0,10,10,0.00,-0.0001,0.0000,-0.2689,-0.1888,0.0000,-0.0000,0.0000,-50.7320
2026-05-03 17:46:26.184,0,10,10,0.00,0.0000,0.0000,-0.2689,-0.1888,0.0000,-0.0000,0.0000,-50.7320
2026-05-03 17:46:26.684,0,10,10,0.00,0.0000,0.0000,-0.2689,-0.1888,0.0000,-0.0000,0.0000,-50.7320
2026-05-03 17:46:27.184,0,10,10,0.00,0.0000,0.0000,-0.2689,-0.1888,0.0000,-0.0000,0.0000,-50.7320
2026-05-03 17:46:27.684,0,10,10,0.00,0.0000,0.0000,-0.2689,-0.1888,0.0000,-0.0000,0.0000,-50.7320
2026-05-03 17:46:28.184,0,10,10,0.00,0.0000,0.0000,-0.2689,-0.1888,0.0000,-0.0000,0.0000,-50.7320
2026-05-03 17:46:28.684,0,10,10,0.00,0.0000,-0.0005,-0.2689,-0.1888,0.0000,-0.0000,0.0000,-50.7320
2026-05-03 17:46:29.184,0,10,10,0.00,-0.0003,-0.0001,-0.2689,-0.1888,0.0000,-0.0000,0.0000,-50.7320
2026-05-03 17:46:29.684,0,10,10,0.00,0.0000,0.0000,-0.2689,-0.1888,0.0000,-0.0000,0.0000,-50.7320
2026-05-03 17:46:30.184,0,10,10,0.00,-0.0001,-0.0001,-0.2689,-0.1888,0.0000,-0.0000,0.0000,-50.7320
2026-05-03 17:46:30.684,0,10,10,0.00,0.0000,0.0000,-0.2689,-0.1888,0.0000,-0.0000,0.0000,-50.7320
2026-05-03 17:46:31.184,0,10,10,0.00,0.0000,-0.0004,-0.2689,-0.1888,0.0000,-0.0000,0.0000,-50.7320
2026-05-03 17:46:31.684,0,10,10,0.00,0.0004,0.0000,-0.2689,-0.1888,0.0000,-0.0000,0.0000,-50.7320
2026-05-03 17:46:32.184,0,10,10,0.00,0.0000,-0.0001,-0.2689,-0.1888,0.0000,-0.0000,0.0000,-50.7320
2026-05-03 17:46:32.684,0,10,10,0.00,0.0003,-0.0001,-0.2689,-0.1888,0.0000,-0.0000,0.0000,-50.7320
2026-05-03 17:46:33.184,0,10,10,0.00,0.0001,0.0000,-0.2689,-0.1888,0.0000,-0.0000,0.0000,-50.7320
2026-05-03 17:46:33.684,0,10,10,0.00,0.0000,0.0001,-0.2689,-0.1888,0.0000,-0.0000,0.0000,-50.7320
2026-05-03 17:46:34.184,0,10,10,0.00,-0.0001,0.0000,-0.2689,-0.1888,0.0000,-0.0000,0.0000,-50.7320
2026-05-03 17:46:34.684,0,10,10,0.00,0.0000,0.0000,-0.2689,-0.1888,0.0000,-0.0000,0.0000,-50.7320
2026-05-03 17:46:35.184,0,10,10,0.00,0.0001,-0.0001,-0.2689,-0.1888,0.0000,-0.0000,0.0000,-50.7320
2026-05-03 17:46:35.684,0,10,10,0.00,-0.0001,-0.0001,-0.2689,-0.1888,0.0000,-0.0000,0.0000,-50.7320
2026-05-03 17:46:36.184,0,10,10,0.00,0.0003,0.0000,-0.2689,-0.1888,0.0000,-0.0000,0.0000,-50.7320
2026-05-03 17:46:36.684,0,10,10,0.00,0.0000,0.0000,-0.2689,-0.1888,0.0000,-0.0000,0.0000,-50.7320
2026-05-03 17:46:37.184,0,10,10,0.00,0.0001,0.0000,-0.2689,-0.1888,0.0000,-0.0000,0.0000,-50.7320
2026-05-03 17:46:37.684,0,10,10,0.00,0.0001,-0.0003,-0.2689,-0.1888,0.0000,-0.0000,0.0000,-50.7320
2026-05-03 17:46:38.184,0,10,10,0.00,0.0000,-0.0001,-0.2689,-0.1888,0.0000,-0.0000,0.0000,-50.7320
2026-05-03 17:46:38.684,0,10,10,0.00,-0.0001,0.0000,-0.2689,-0.1888,0.0000,-0.0000,0.0000,-50.7320
2026-05-03 17:46:39.184,0,10,10,0.00,0.0000,0.0000,-0.2689,-0.1888,0.0000,-0.0000,0.0000,-50.7320
2026-05-03 17:46:39.684,0,10,10,0.00,0.0000,0.0000,-0.2689,-0.1888,0.0000,-0.0000,0.0000,-50.7320
2026-05-03 17:46:40.184,0,10,10,0.00,0.0000,0.0000,-0.2689,-0.1888,0.0000,-0.0000,0.0000,-50.7320
2026-05-03 17:46:40.684,0,10,10,0.00,0.0000,-0.0003,-0.2689,-0.1888,0.0000,-0.0000,0.0000,-50.7320
2026-05-03 17:46:41.184,0,10,10,0.00,0.0001,0.0000,-0.2689,-0.1888,0.0000,-0.0000,0.0000,-50.7320
2026-05-03 17:46:41.684,0,10,10,0.00,0.0000,0.0000,-0.2689,-0.1888,0.0000,-0.0000,0.0000,-50.7320
2026-05-03 17:46:42.184,0,10,10,0.00,-0.0001,0.0000,-0.2689,-0.1888,0.0000,-0.0000,0.0000,-50.7320
2026-05-03 17:46:42.684,0,10,10,0.00,0.0001,-0.0001,-0.2689,-0.1888,0.0000,-0.0000,0.0000,-50.7320
2026-05-03 17:46:43.184,0,10,10,0.00,-0.0003,0.0000,-0.2689,-0.1888,0.0000,-0.0000,0.0000,-50.7320
2026-05-03 17:46:43.684,0,10,10,0.00,-0.0001,-0.0001,-0.2689,-0.1888,0.0000,-0.0000,0.0000,-50.7320
2026-05-03 17:46:44.184,0,10,10,0.00,-0.0003,0.0000,-0.2689,-0.1888,0.0000,-0.0000,0.0000,-50.7320
2026-05-03 17:46:44.684,0,10,10,0.00,0.0000,0.0000,-0.2689,-0.1888,0.0000,-0.0000,0.0000,-50.7320
2026-05-03 17:46:45.184,0,10,10,0.00,-0.0003,0.0000,-0.2689,-0.1888,0.0000,-0.0000,0.0000,-50.7320
2026-05-03 17:46:45.684,0,10,10,0.00,0.0000,0.0000,-0.2689,-0.1888,0.0000,-0.0000,0.0000,-50.7320
2026-05-03 17:46:46.184,0,10,10,0.00,0.0003,0.0001,-0.2689,-0.1888,0.0000,-0.0000,0.0000,-50.7320
2026-05-03 17:46:46.684,0,10,10,0.00,0.0001,-0.0001,-0.2689,-0.1888,0.0000,-0.0000,0.0000,-50.7320
2026-05-03 17:46:47.184,0,10,10,0.00,0.0000,0.0003,-0.2689,-0.1888,0.0000,-0.0000,0.0000,-50.7320
2026-05-03 17:46:47.684,0,10,10,0.00,-0.0001,0.0000,-0.2689,-0.1888,0.0000,-0.0000,0.0000,-50.7320
2026-05-03 17:46:48.184,0,10,10,0.00,0.0000,0.0000,-0.2689,-0.1888,0.0000,-0.0000,0.0000,-50.7320
2026-05-03 17:46:48.684,0,10,10,0.00,-0.0003,-0.0001,-0.2689,-0.1888,0.0000,-0.0000,0.0000,-50.7320
2026-05-03 17:46:49.184,0,10,10,0.00,0.0001,0.0000,-0.2689,-0.1888,0.0000,-0.0000,0.0000,-50.7320
2026-05-03 17:46:49.684,0,10,10,0.00,0.0000,-0.0001,-0.2689,-0.1888,0.0000,-0.0000,0.0000,-50.7320
2026-05-03 17:46:50.184,0,10,10,0.00,0.0000,0.0000,-0.2689,-0.1888,0.0000,-0.0000,0.0000,-50.7320
2026-05-03 17:46:50.684,0,10,10,0.00,0.0000,-0.0003,-0.2689,-0.1888,0.0000,-0.0000,0.0000,-50.7320
2026-05-03 17:46:51.184,0,10,10,0.00,0.0000,0.0001,-0.2689,-0.1888,0.0000,-0.0000,0.0000,-50.7320
2026-05-03 17:46:51.684,0,10,10,0.00,0.0000,0.0001,-0.2689,-0.1888,0.0000,-0.0000,0.0000,-50.7320
2026-05-03 17:46:52.184,0,10,10,0.00,0.0001,-0.0001,-0.2689,-0.1888,0.0000,-0.0000,0.0000,-50.7320
2026-05-03 17:46:52.684,0,10,10,0.00,-0.0001,0.0001,-0.2689,-0.1888,0.0000,-0.0000,0.0000,-50.7320
2026-05-03 17:46:53.184,0,10,10,0.00,0.0000,0.0000,-0.2689,-0.1888,0.0000,-0.0000,0.0000,-50.7320
2026-05-03 17:46:53.684,0,10,10,0.00,0.0001,-0.0001,-0.2689,-0.1888,0.0000,-0.0000,0.0000,-50.7320
2026-05-03 17:46:54.184,0,10,10,0.00,0.0000,-0.0001,-0.2689,-0.1888,0.0000,-0.0000,0.0000,-50.7320
2026-05-03 17:46:54.684,0,10,10,0.00,0.0001,0.0001,-0.2689,-0.1888,0.0000,-0.0000,0.0000,-50.7320
2026-05-03 17:46:55.184,0,10,10,0.00,-0.0003,0.0000,-0.2689,-0.1888,0.0000,-0.0000,0.0000,-50.7320
2026-05-03 17:46:55.684,0,10,10,0.00,0.0000,0.0003,-0.2689,-0.1888,0.0000,-0.0000,0.0000,-50.7320
2026-05-03 17:46:56.184,0,10,10,0.00,0.0001,-0.0001,-0.2689,-0.1888,0.0000,-0.0000,0.0000,-50.7320
2026-05-03 17:46:56.684,0,10,10,0.00,0.0000,0.0001,-0.2689,-0.1888,0.0000,-0.0000,0.0000,-50.7320
2026-05-03 17:46:57.184,0,10,10,0.00,0.0001,0.0000,-0.2689,-0.1888,0.0000,-0.0000,0.0000,-50.7320
2026-05-03 17:46:57.684,0,10,10,0.00,0.0001,0.0000,-0.2689,-0.1888,0.0000,-0.0000,0.0000,-50.7320
2026-05-03 17:46:58.184,0,10,10,0.00,-0.0003,0.0003,-0.2689,-0.1888,0.0000,-0.0000,0.0000,-50.7320
2026-05-03 17:46:58.684,0,10,10,0.00,-0.0001,0.0000,-0.2689,-0.1888,0.0000,-0.0000,0.0000,-50.7320
2026-05-03 17:46:59.184,0,10,10,0.00,0.0000,0.0000,-0.2689,-0.1888,0.0000,-0.0000,0.0000,-50.7320
2026-05-03 17:46:59.684,0,10,10,0.00,0.0000,0.0000,-0.2689,-0.1888,0.0000,-0.0000,0.0000,-50.7320
2026-05-03 17:47:00.184,0,10,10,0.00,-0.0003,0.0000,-0.2689,-0.1888,0.0000,-0.0000,0.0000,-50.7320
2026-05-03 17:47:00.684,0,10,10,0.00,0.0000,-0.0001,-0.2689,-0.1888,0.0000,-0.0000,0.0000,-50.7320
2026-05-03 17:47:01.184,0,10,10,0.00,-0.0003,0.0000,-0.2689,-0.1888,0.0000,-0.0000,0.0000,-50.7320
2026-05-03 17:47:01.684,0,10,10,0.00,-0.0004,0.0001,-0.2689,-0.1888,0.0000,-0.0000,0.0000,-50.7320
2026-05-03 17:47:02.184,0,10,10,0.00,0.0003,-0.0001,-0.2689,-0.1888,0.0000,-0.0000,0.0000,-50.7320
2026-05-03 17:47:02.684,0,10,10,0.00,0.0000,0.0000,-0.2689,-0.1888,0.0000,-0.0000,0.0000,-50.7320
2026-05-03 17:47:03.184,0,10,10,0.00,0.0000,0.0000,-0.2689,-0.1888,0.0000,-0.0000,0.0000,-50.7320
2026-05-03 17:47:03.684,0,10,10,0.00,-0.0001,-0.0003,-0.2689,-0.1888,0.0000,-0.0000,0.0000,-50.7320
2026-05-03 17:47:04.184,0,10,10,0.00,0.0000,0.0000,-0.2689,-0.1888,0.0000,-0.0000,0.0000,-50.7320
2026-05-03 17:47:04.684,0,10,10,0.00,-0.0001,-0.0001,-0.2689,-0.1888,0.0000,-0.0000,0.0000,-50.7320
2026-05-03 17:47:05.184,0,10,10,0.00,0.0000,0.0000,-0.2689,-0.1888,0.0000,-0.0000,0.0000,-50.7320
2026-05-03 17:47:05.684,0,10,10,0.00,0.0000,0.0000,-0.2689,-0.1888,0.0000,-0.0000,0.0000,-50.7320
2026-05-03 17:47:06.184,0,10,10,0.00,0.0001,0.0001,-0.2689,-0.1888,0.0000,-0.0000,0.0000,-50.7320
2026-05-03 17:47:06.684,0,10,10,0.00,-0.0001,0.0000,-0.2689,-0.1888,0.0000,-0.0000,0.0000,-50.7320
2026-05-03 17:47:07.184,0,10,10,0.00,0.0000,-0.0001,-0.2689,-0.1888,0.0000,-0.0000,0.0000,-50.7320
2026-05-03 17:47:07.684,0,10,10,0.00,-0.0001,0.0000,-0.2689,-0.1888,0.0000,-0.0000,0.0000,-50.7320
2026-05-03 17:47:08.184,0,10,10,0.00,0.0000,0.0000,-0.2689,-0.1888,0.0000,-0.0000,0.0000,-50.7320
2026-05-03 17:47:08.684,0,10,10,0.00,0.0001,0.0000,-0.2689,-0.1888,0.0000,-0.0000,0.0000,-50.7320
2026-05-03 17:47:09.184,0,10,10,0.00,0.0000,-0.0001,-0.2689,-0.1888,0.0000,-0.0000,0.0000,-50.7320
2026-05-03 17:47:09.684,0,10,10,0.00,0.0001,-0.0001,-0.2689,-0.1888,0.0000,-0.0000,0.0000,-50.7320
2026-05-03 17:47:10.184,0,10,10,0.00,0.0001,0.0000,-0.2689,-0.1888,0.0000,-0.0000,0.0000,-50.7320
2026-05-03 17:47:10.684,0,10,10,0.00,0.0001,0.0001,-0.2689,-0.1888,0.0000,-0.0000,0.0000,-50.7320
2026-05-03 17:47:11.184,0,10,10,0.00,0.0000,0.0000,-0.2689,-0.1888,0.0000,-0.0000,0.0000,-50.7320
2026-05-03 17:47:11.684,0,10,10,0.00,0.0000,-0.0001,-0.2689,-0.1888,0.0000,-0.0000,0.0000,-50.7320
2026-05-03 17:47:12.184,0,10,10,0.00,0.0000,0.0001,-0.2689,-0.1888,0.0000,-0.0000,0.0000,-50.7320
2026-05-03 17:47:12.684,0,10,10,0.00,-0.0001,0.0001,-0.2689,-0.1888,0.0000,-0.0000,0.0000,-50.7320
2026-05-03 17:47:13.184,0,10,10,0.00,0.0000,-0.0001,-0.2689,-0.1888,0.0000,-0.0000,0.0000,-50.7320
2026-05-03 17:47:13.684,0,10,10,0.00,0.0001,-0.0001,-0.2689,-0.1888,0.0000,-0.0000,0.0000,-50.7320
2026-05-03 17:47:14.184,0,10,10,0.00,0.0000,0.0000,-0.2689,-0.1888,0.0000,-0.0000,0.0000,-50.7320
2026-05-03 17:47:14.684,0,10,10,0.00,-0.0003,-0.0004,-0.2689,-0.1888,0.0000,-0.0000,0.0000,-50.7320
2026-05-03 17:47:15.184,0,10,10,0.00,-0.0001,0.0000,-0.2689,-0.1888,0.0000,-0.0000,0.0000,-50.7320
2026-05-03 17:47:15.684,0,10,10,0.00,-0.0001,0.0001,-0.2689,-0.1888,0.0000,-0.0000,0.0000,-50.7320
2026-05-03 17:47:16.184,0,10,10,0.00,0.0000,0.0000,-0.2689,-0.1888,0.0000,-0.0000,0.0000,-50.7320
2026-05-03 17:47:16.684,0,10,10,0.00,0.0000,0.0000,-0.2689,-0.1888,0.0000,-0.0000,0.0000,-50.7320
2026-05-03 17:47:17.184,0,9,10,0.00,0.0001,0.0000,-0.2689,-0.1888,0.0000,-0.0000,0.0000,-50.7320
2026-05-03 17:47:17.684,0,10,10,0.00,0.0000,-0.0001,-0.2689,-0.1888,0.0000,-0.0000,0.0000,-50.7320
2026-05-03 17:47:18.184,0,10,10,0.00,-0.0001,0.0000,-0.2689,-0.1888,0.0000,-0.0000,0.0000,-50.7320
2026-05-03 17:47:18.684,0,10,10,0.00,-0.0005,-0.0001,-0.2689,-0.1888,0.0000,-0.0000,0.0000,-50.7320
2026-05-03 17:47:19.184,0,10,10,0.00,0.0000,-0.0001,-0.2689,-0.1888,0.0000,-0.0000,0.0000,-50.7320
2026-05-03 17:47:19.684,0,10,10,0.00,0.0000,-0.0003,-0.2689,-0.1888,0.0000,-0.0000,0.0000,-50.7320
2026-05-03 17:47:20.184,0,10,10,0.00,0.0000,-0.0003,-0.2689,-0.1888,0.0000,-0.0000,0.0000,-50.7320
2026-05-03 17:47:20.684,0,10,10,0.00,0.0000,-0.0005,-0.2689,-0.1888,0.0000,-0.0000,0.0000,-50.7320
2026-05-03 17:47:21.184,0,10,10,0.00,-0.0001,0.0000,-0.2689,-0.1888,0.0000,-0.0000,0.0000,-50.7320
2026-05-03 17:47:21.684,0,10,10,0.00,0.0000,0.0000,-0.2689,-0.1888,0.0000,-0.0000,0.0000,-50.7320
2026-05-03 17:47:22.184,0,10,10,0.00,-0.0001,0.0000,-0.2689,-0.1888,0.0000,-0.0000,0.0000,-50.7320
2026-05-03 17:47:22.684,0,10,10,0.00,0.0001,-0.0001,-0.2689,-0.1888,0.0000,-0.0000,0.0000,-50.7320
2026-05-03 17:47:23.184,0,10,10,0.00,-0.0001,0.0001,-0.2689,-0.1888,0.0000,-0.0000,0.0000,-50.7320
2026-05-03 17:47:23.684,0,10,10,0.00,0.0001,0.0000,-0.2689,-0.1888,0.0000,-0.0000,0.0000,-50.7320
2026-05-03 17:47:24.184,0,10,10,0.00,-0.0001,0.0000,-0.2689,-0.1888,0.0000,-0.0000,0.0000,-50.7320
2026-05-03 17:47:24.684,0,10,10,0.00,0.0001,0.0003,-0.2689,-0.1888,0.0000,-0.0000,0.0000,-50.7320
2026-05-03 17:47:25.184,0,10,10,0.00,-0.0003,0.0000,-0.2689,-0.1888,0.0000,-0.0000,0.0000,-50.7320
2026-05-03 17:47:25.684,0,10,10,0.00,0.0000,0.0000,-0.2689,-0.1888,0.0000,-0.0000,0.0000,-50.7320
2026-05-03 17:47:26.184,0,10,10,0.00,0.0000,0.0001,-0.2689,-0.1888,0.0000,-0.0000,0.0000,-50.7320
2026-05-03 17:47:26.684,0,10,10,0.00,0.0001,0.0000,-0.2689,-0.1888,0.0000,-0.0000,0.0000,-50.7320
2026-05-03 17:47:27.184,0,10,10,0.00,0.0004,-0.0001,-0.2689,-0.1888,0.0000,-0.0000,0.0000,-50.7320
2026-05-03 17:47:27.684,0,10,10,0.00,0.0001,0.0000,-0.2689,-0.1888,0.0000,-0.0000,0.0000,-50.7320
2026-05-03 17:47:28.184,0,10,10,0.00,0.0001,0.0000,-0.2689,-0.1888,0.0000,-0.0000,0.0000,-50.7320
2026-05-03 17:47:28.684,0,10,10,0.00,0.0000,-0.0003,-0.2689,-0.1888,0.0000,-0.0000,0.0000,-50.7320
2026-05-03 17:47:29.184,0,10,10,0.00,0.0004,-0.0001,-0.2689,-0.1888,0.0000,-0.0000,0.0000,-50.7320
2026-05-03 17:47:29.684,0,10,10,0.00,-0.0003,0.0000,-0.2689,-0.1888,0.0000,-0.0000,0.0000,-50.7320
2026-05-03 17:47:30.184,0,10,10,0.00,0.0000,0.0000,-0.2689,-0.1888,0.0000,-0.0000,0.0000,-50.7320
2026-05-03 17:47:30.684,0,10,10,0.00,-0.0001,0.0000,-0.2689,-0.1888,0.0000,-0.0000,0.0000,-50.7320
2026-05-03 17:47:31.184,0,10,10,0.00,0.0000,0.0000,-0.2689,-0.1888,0.0000,-0.0000,0.0000,-50.7320
2026-05-03 17:47:31.684,0,10,10,0.00,0.0000,0.0001,-0.2689,-0.1888,0.0000,-0.0000,0.0000,-50.7320
2026-05-03 17:47:32.184,0,10,10,0.00,0.0000,-0.0001,-0.2689,-0.1888,0.0000,-0.0000,0.0000,-50.7320
2026-05-03 17:47:32.684,0,10,10,0.00,0.0000,0.0000,-0.2689,-0.1888,0.0000,-0.0000,0.0000,-50.7320
2026-05-03 17:47:33.184,0,10,10,0.00,0.0001,0.0001,-0.2689,-0.1888,0.0000,-0.0000,0.0000,-50.7320
2026-05-03 17:47:33.684,0,10,10,0.00,0.0000,0.0000,-0.2689,-0.1888,0.0000,-0.0000,0.0000,-50.7320
2026-05-03 17:47:34.184,0,10,10,0.00,0.0001,0.0000,-0.2689,-0.1888,0.0000,-0.0000,0.0000,-50.7320
2026-05-03 17:47:34.684,0,10,10,0.00,0.0000,0.0000,-0.2689,-0.1888,0.0000,-0.0000,0.0000,-50.7320
2026-05-03 17:47:35.184,0,10,10,0.00,0.0000,0.0000,-0.2689,-0.1888,0.0000,-0.0000,0.0000,-50.7320
2026-05-03 17:47:35.684,0,10,10,0.00,-0.0001,0.0000,-0.2689,-0.1888,0.0000,-0.0000,0.0000,-50.7320
2026-05-03 17:47:36.184,0,10,10,0.00,-0.0001,0.0000,-0.2689,-0.1888,0.0000,-0.0000,0.0000,-50.7320
2026-05-03 17:47:36.684,0,10,10,0.00,0.0000,0.0003,-0.2689,-0.1888,0.0000,-0.0000,0.0000,-50.7320
2026-05-03 17:47:37.184,0,10,10,0.00,0.0001,0.0000,-0.2689,-0.1888,0.0000,-0.0000,0.0000,-50.7320
2026-05-03 17:47:37.684,0,10,10,0.00,0.0000,0.0001,-0.2689,-0.1888,0.0000,-0.0000,0.0000,-50.7320
2026-05-03 17:47:38.184,0,10,10,0.00,0.0000,0.0000,-0.2689,-0.1888,0.0000,-0.0000,0.0000,-50.7320
2026-05-03 17:47:38.684,0,10,10,0.00,0.0003,-0.0001,-0.2689,-0.1888,0.0000,-0.0000,0.0000,-50.7320
2026-05-03 17:47:39.184,0,10,10,0.00,-0.0001,-0.0001,-0.2689,-0.1888,0.0000,-0.0000,0.0000,-50.7320
2026-05-03 17:47:39.684,0,10,10,0.00,-0.0001,-0.0001,-0.2689,-0.1888,0.0000,-0.0000,0.0000,-50.7320
2026-05-03 17:47:40.184,0,10,10,0.00,-0.0003,0.0000,-0.2689,-0.1888,0.0000,-0.0000,0.0000,-50.7320
2026-05-03 17:47:40.684,0,10,10,0.00,-0.0003,0.0000,-0.2689,-0.1888,0.0000,-0.0000,0.0000,-50.7320
2026-05-03 17:47:41.184,0,10,10,0.00,0.0000,0.0000,-0.2689,-0.1888,0.0000,-0.0000,0.0000,-50.7320
2026-05-03 17:47:41.684,0,10,10,0.00,0.0000,0.0000,-0.2689,-0.1888,0.0000,-0.0000,0.0000,-50.7320
2026-05-03 17:47:42.184,0,10,10,0.00,0.0000,0.0000,-0.2689,-0.1888,0.0000,-0.0000,0.0000,-50.7320
2026-05-03 17:47:42.684,0,10,10,0.00,-0.0001,0.0000,-0.2689,-0.1888,0.0000,-0.0000,0.0000,-50.7320
2026-05-03 17:47:43.184,0,10,10,0.00,0.0000,0.0000,-0.2689,-0.1888,0.0000,-0.0000,0.0000,-50.7320
2026-05-03 17:47:43.684,0,10,10,0.00,0.0000,0.0001,-0.2689,-0.1888,0.0000,-0.0000,0.0000,-50.7320
2026-05-03 17:47:44.184,0,10,10,0.00,0.0000,-0.0001,-0.2689,-0.1888,0.0000,-0.0000,0.0000,-50.7320
2026-05-03 17:47:44.684,0,10,10,0.00,0.0000,-0.0003,-0.2689,-0.1888,0.0000,-0.0000,0.0000,-50.7320
2026-05-03 17:47:45.184,0,10,10,0.00,0.0000,0.0003,-0.2689,-0.1888,0.0000,-0.0000,0.0000,-50.7320
2026-05-03 17:47:45.684,0,10,10,0.00,0.0000,0.0001,-0.2689,-0.1888,0.0000,-0.0000,0.0000,-50.7320
2026-05-03 17:47:46.184,0,10,10,0.00,0.0000,0.0000,-0.2689,-0.1888,0.0000,-0.0000,0.0000,-50.7320
2026-05-03 17:47:46.684,0,10,10,0.00,0.0000,0.0000,-0.2689,-0.1888,0.0000,-0.0000,0.0000,-50.7320
2026-05-03 17:47:47.184,0,10,10,0.00,0.0000,-0.0003,-0.2689,-0.1888,0.0000,-0.0000,0.0000,-50.7320
2026-05-03 17:47:47.684,0,10,10,0.00,0.0000,0.0000,-0.2689,-0.1888,0.0000,-0.0000,0.0000,-50.7320
2026-05-03 17:47:48.184,0,10,10,0.00,0.0000,0.0001,-0.2689,-0.1888,0.0000,-0.0000,0.0000,-50.7320
2026-05-03 17:47:48.684,0,10,10,0.00,0.0000,0.0001,-0.2689,-0.1888,0.0000,-0.0000,0.0000,-50.7320
2026-05-03 17:47:49.184,0,10,10,0.00,0.0000,-0.0003,-0.2689,-0.1888,0.0000,-0.0000,0.0000,-50.7320
2026-05-03 17:47:49.684,0,10,10,0.00,0.0000,0.0000,-0.2689,-0.1888,0.0000,-0.0000,0.0000,-50.7320
2026-05-03 17:47:50.184,0,10,10,0.00,-0.0001,0.0000,-0.2689,-0.1888,0.0000,-0.0000,0.0000,-50.7320
2026-05-03 17:47:50.684,0,10,10,0.00,0.0000,-0.0001,-0.2689,-0.1888,0.0000,-0.0000,0.0000,-50.7320
2026-05-03 17:47:51.184,0,10,10,0.00,0.0000,0.0000,-0.2689,-0.1888,0.0000,-0.0000,0.0000,-50.7320
2026-05-03 17:47:51.684,0,10,10,0.00,0.0000,-0.0001,-0.2689,-0.1888,0.0000,-0.0000,0.0000,-50.7320
2026-05-03 17:47:52.185,0,10,10,0.00,-0.0001,-0.0001,-0.2689,-0.1888,0.0000,-0.0000,0.0000,-50.7320
2026-05-03 17:47:52.684,0,10,10,0.00,0.0001,0.0003,-0.2689,-0.1888,0.0000,-0.0000,0.0000,-50.7320
2026-05-03 17:47:53.184,0,10,10,0.00,0.0000,0.0000,-0.2689,-0.1888,0.0000,-0.0000,0.0000,-50.7320
2026-05-03 17:47:53.684,0,10,10,0.00,0.0000,0.0000,-0.2689,-0.1888,0.0000,-0.0000,0.0000,-50.7320
2026-05-03 17:47:54.184,0,10,10,0.00,-0.0001,0.0000,-0.2689,-0.1888,0.0000,-0.0000,0.0000,-50.7320
2026-05-03 17:47:54.684,0,10,10,0.00,-0.0001,0.0000,-0.2689,-0.1888,0.0000,-0.0000,0.0000,-50.7320
2026-05-03 17:47:55.184,0,10,10,0.00,-0.0005,0.0000,-0.2689,-0.1888,0.0000,-0.0000,0.0000,-50.7320
2026-05-03 17:47:55.684,0,10,10,0.00,0.0003,-0.0001,-0.2689,-0.1888,0.0000,-0.0000,0.0000,-50.7320
2026-05-03 17:47:56.184,0,10,10,0.00,0.0001,0.0000,-0.2689,-0.1888,0.0000,-0.0000,0.0000,-50.7320
2026-05-03 17:47:56.684,0,10,10,0.00,0.0001,-0.0001,-0.2689,-0.1888,0.0000,-0.0000,0.0000,-50.7320
2026-05-03 17:47:57.184,0,10,10,0.00,0.0000,0.0000,-0.2689,-0.1888,0.0000,-0.0000,0.0000,-50.7320
2026-05-03 17:47:57.684,0,10,10,0.00,0.0000,0.0001,-0.2689,-0.1888,0.0000,-0.0000,0.0000,-50.7320
2026-05-03 17:47:58.184,0,10,10,0.00,0.0000,0.0001,-0.2689,-0.1888,0.0000,-0.0000,0.0000,-50.7320
2026-05-03 17:47:58.684,0,9,10,0.00,0.0001,0.0005,-0.2689,-0.1888,0.0000,-0.0000,0.0000,-50.7320
2026-05-03 17:47:59.184,0,10,10,0.00,0.0001,0.0000,-0.2689,-0.1888,0.0000,-0.0000,0.0000,-50.7320
2026-05-03 17:47:59.684,0,10,10,0.00,-0.0001,0.0001,-0.2689,-0.1888,0.0000,-0.0000,0.0000,-50.7320
2026-05-03 17:48:00.184,0,10,10,0.00,-0.0001,0.0000,-0.2689,-0.1888,0.0000,-0.0000,0.0000,-50.7320
2026-05-03 17:48:00.684,0,10,10,0.00,-0.0001,0.0001,-0.2689,-0.1888,0.0000,-0.0000,0.0000,-50.7320
2026-05-03 17:48:01.184,0,10,10,0.00,0.0000,0.0000,-0.2689,-0.1888,0.0000,-0.0000,0.0000,-50.7320
2026-05-03 17:48:01.684,0,10,10,0.00,-0.0001,0.0000,-0.2689,-0.1888,0.0000,-0.0000,0.0000,-50.7320
2026-05-03 17:48:02.184,0,10,10,0.00,0.0003,0.0000,-0.2689,-0.1888,0.0000,-0.0000,0.0000,-50.7320
2026-05-03 17:48:02.684,0,10,10,0.00,-0.0005,0.0000,-0.2689,-0.1888,0.0000,-0.0000,0.0000,-50.7320
2026-05-03 17:48:03.184,0,10,10,0.00,-0.0001,0.0000,-0.2689,-0.1888,0.0000,-0.0000,0.0000,-50.7320
2026-05-03 17:48:03.684,0,10,10,0.00,0.0000,0.0003,-0.2689,-0.1888,0.0000,-0.0000,0.0000,-50.7320
2026-05-03 17:48:04.184,0,10,10,0.00,0.0000,0.0000,-0.2689,-0.1888,0.0000,-0.0000,0.0000,-50.7320
2026-05-03 17:48:04.684,0,10,10,0.00,-0.0001,0.0001,-0.2689,-0.1888,0.0000,-0.0000,0.0000,-50.7320
2026-05-03 17:48:05.184,0,10,10,0.00,0.0000,0.0000,-0.2689,-0.1888,0.0000,-0.0000,0.0000,-50.7320
2026-05-03 17:48:05.684,0,10,10,0.00,-0.0001,0.0001,-0.2689,-0.1888,0.0000,-0.0000,0.0000,-50.7320
2026-05-03 17:48:06.184,0,10,10,0.00,0.0003,0.0000,-0.2689,-0.1888,0.0000,-0.0000,0.0000,-50.7320
2026-05-03 17:48:06.684,0,10,10,0.00,0.0001,-0.0001,-0.2689,-0.1888,0.0000,-0.0000,0.0000,-50.7320
2026-05-03 17:48:07.184,0,9,10,0.00,0.0000,-0.0001,-0.2689,-0.1888,0.0000,-0.0000,0.0000,-50.7320
2026-05-03 17:48:07.684,0,10,10,0.00,0.0003,0.0001,-0.2689,-0.1888,0.0000,-0.0000,0.0000,-50.7320
2026-05-03 17:48:08.184,0,10,10,0.00,0.0000,-0.0001,-0.2689,-0.1888,0.0000,-0.0000,0.0000,-50.7320
2026-05-03 17:48:08.684,0,10,10,0.00,0.0000,0.0000,-0.2689,-0.1888,0.0000,-0.0000,0.0000,-50.7320
2026-05-03 17:48:09.184,0,10,10,0.00,0.0000,-0.0001,-0.2689,-0.1888,0.0000,-0.0000,0.0000,-50.7320
2026-05-03 17:48:09.684,0,10,10,0.00,-0.0001,0.0000,-0.2689,-0.1888,0.0000,-0.0000,0.0000,-50.7320
2026-05-03 17:48:10.184,0,10,10,0.00,0.0000,0.0001,-0.2689,-0.1888,0.0000,-0.0000,0.0000,-50.7320
2026-05-03 17:48:10.684,0,10,10,0.00,0.0000,0.0000,-0.2689,-0.1888,0.0000,-0.0000,0.0000,-50.7320
2026-05-03 17:48:11.184,0,10,10,0.00,0.0000,0.0000,-0.2689,-0.1888,0.0000,-0.0000,0.0000,-50.7320
2026-05-03 17:48:11.684,0,10,10,0.00,0.0000,0.0000,-0.2689,-0.1888,0.0000,-0.0000,0.0000,-50.7320
2026-05-03 17:48:12.184,0,10,10,0.00,0.0000,-0.0001,-0.2689,-0.1888,0.0000,-0.0000,0.0000,-50.7320
2026-05-03 17:48:12.684,0,10,10,0.00,0.0000,0.0001,-0.2689,-0.1888,0.0000,-0.0000,0.0000,-50.7320
2026-05-03 17:48:13.184,0,10,10,0.00,0.0000,-0.0001,-0.2689,-0.1888,0.0000,-0.0000,0.0000,-50.7320
2026-05-03 17:48:13.684,0,10,10,0.00,0.0000,0.0000,-0.2689,-0.1888,0.0000,-0.0000,0.0000,-50.7320
2026-05-03 17:48:14.184,0,10,10,0.00,0.0000,0.0000,-0.2689,-0.1888,0.0000,-0.0000,0.0000,-50.7320
2026-05-03 17:48:14.684,0,10,10,0.00,0.0000,-0.0005,-0.2689,-0.1888,0.0000,-0.0000,0.0000,-50.7320
2026-05-03 17:48:15.184,0,10,10,0.00,0.0000,-0.0004,-0.2689,-0.1888,0.0000,-0.0000,0.0000,-50.7320
2026-05-03 17:48:15.684,0,10,10,0.00,0.0003,0.0001,-0.2689,-0.1888,0.0000,-0.0000,0.0000,-50.7320
2026-05-03 17:48:16.184,0,10,10,0.00,-0.0001,-0.0001,-0.2689,-0.1888,0.0000,-0.0000,0.0000,-50.7320
2026-05-03 17:48:16.684,0,10,10,0.00,0.0000,0.0000,-0.2689,-0.1888,0.0000,-0.0000,0.0000,-50.7320
2026-05-03 17:48:17.184,0,10,10,0.00,0.0003,0.0001,-0.2689,-0.1888,0.0000,-0.0000,0.0000,-50.7320
2026-05-03 17:48:17.684,0,10,10,0.00,0.0001,0.0000,-0.2689,-0.1888,0.0000,-0.0000,0.0000,-50.7320
2026-05-03 17:48:18.184,0,10,10,0.00,-0.0001,-0.0003,-0.2689,-0.1888,0.0000,-0.0000,0.0000,-50.7320
2026-05-03 17:48:18.684,0,10,10,0.00,0.0000,0.0000,-0.2689,-0.1888,0.0000,-0.0000,0.0000,-50.7320
2026-05-03 17:48:19.184,0,10,10,0.00,0.0000,0.0000,-0.2689,-0.1888,0.0000,-0.0000,0.0000,-50.7320
2026-05-03 17:48:19.688,0,10,10,0.00,0.0000,0.0001,-0.2689,-0.1888,0.0000,-0.0000,0.0000,-50.7320
2026-05-03 17:48:20.184,0,10,10,0.00,0.0000,0.0000,-0.2689,-0.1888,0.0000,-0.0000,0.0000,-50.7320
2026-05-03 17:48:20.684,0,10,10,0.00,0.0000,0.0000,-0.2689,-0.1888,0.0000,-0.0000,0.0000,-50.7320
2026-05-03 17:48:21.184,0,10,10,0.00,-0.0001,-0.0001,-0.2689,-0.1888,0.0000,-0.0000,0.0000,-50.7320
2026-05-03 17:48:21.684,0,10,10,0.00,-0.0001,-0.0001,-0.2689,-0.1888,0.0000,-0.0000,0.0000,-50.7320
2026-05-03 17:48:22.184,0,10,10,0.00,0.0001,0.0000,-0.2689,-0.1888,0.0000,-0.0000,0.0000,-50.7320
2026-05-03 17:48:22.684,0,10,10,0.00,0.0000,-0.0001,-0.2689,-0.1888,0.0000,-0.0000,0.0000,-50.7320
2026-05-03 17:48:23.184,0,10,10,0.00,-0.0001,0.0000,-0.2689,-0.1888,0.0000,-0.0000,0.0000,-50.7320
2026-05-03 17:48:23.684,0,10,10,0.00,0.0000,-0.0001,-0.2689,-0.1888,0.0000,-0.0000,0.0000,-50.7320
2026-05-03 17:48:24.184,0,10,10,0.00,-0.0003,-0.0001,-0.2689,-0.1888,0.0000,-0.0000,0.0000,-50.7320
2026-05-03 17:48:24.684,0,10,10,0.00,0.0000,0.0000,-0.2689,-0.1888,0.0000,-0.0000,0.0000,-50.7320
2026-05-03 17:48:25.184,0,10,10,0.00,0.0000,0.0000,-0.2689,-0.1888,0.0000,-0.0000,0.0000,-50.7320
2026-05-03 17:48:25.684,0,10,10,0.00,0.0001,0.0000,-0.2689,-0.1888,0.0000,-0.0000,0.0000,-50.7320
2026-05-03 17:48:26.184,0,10,10,0.00,0.0000,0.0004,-0.2689,-0.1888,0.0000,-0.0000,0.0000,-50.7320
2026-05-03 17:48:26.684,0,10,10,0.00,0.0000,0.0001,-0.2689,-0.1888,0.0000,-0.0000,0.0000,-50.7320
2026-05-03 17:48:27.184,0,10,10,0.00,0.0000,0.0000,-0.2689,-0.1888,0.0000,-0.0000,0.0000,-50.7320
2026-05-03 17:48:27.684,0,10,10,0.00,0.0000,-0.0001,-0.2689,-0.1888,0.0000,-0.0000,0.0000,-50.7320
2026-05-03 17:48:28.184,0,10,10,0.00,0.0000,0.0003,-0.2689,-0.1888,0.0000,-0.0000,0.0000,-50.7320
2026-05-03 17:48:28.684,0,10,10,0.00,0.0000,0.0000,-0.2689,-0.1888,0.0000,-0.0000,0.0000,-50.7320
2026-05-03 17:48:29.184,0,10,10,0.00,0.0000,0.0000,-0.2689,-0.1888,0.0000,-0.0000,0.0000,-50.7320
2026-05-03 17:48:29.684,0,10,10,0.00,0.0000,0.0000,-0.2689,-0.1888,0.0000,-0.0000,0.0000,-50.7320
2026-05-03 17:48:30.184,0,10,10,0.00,-0.0001,0.0003,-0.2689,-0.1888,0.0000,-0.0000,0.0000,-50.7320
2026-05-03 17:48:30.684,0,10,10,0.00,-0.0001,0.0001,-0.2689,-0.1888,0.0000,-0.0000,0.0000,-50.7320
2026-05-03 17:48:31.184,0,10,10,0.00,-0.0001,0.0000,-0.2689,-0.1888,0.0000,-0.0000,0.0000,-50.7320
2026-05-03 17:48:31.684,0,10,10,0.00,0.0000,0.0003,-0.2689,-0.1888,0.0000,-0.0000,0.0000,-50.7320
2026-05-03 17:48:32.184,0,10,10,0.00,0.0000,0.0004,-0.2689,-0.1888,0.0000,-0.0000,0.0000,-50.7320
2026-05-03 17:48:32.684,0,10,10,0.00,0.0001,0.0000,-0.2689,-0.1888,0.0000,-0.0000,0.0000,-50.7320
2026-05-03 17:48:33.184,0,10,10,0.00,0.0004,0.0000,-0.2689,-0.1888,0.0000,-0.0000,0.0000,-50.7320
2026-05-03 17:48:33.684,0,10,10,0.00,0.0001,0.0001,-0.2689,-0.1888,0.0000,-0.0000,0.0000,-50.7320
2026-05-03 17:48:34.184,0,9,10,0.00,0.0001,-0.0001,-0.2689,-0.1888,0.0000,-0.0000,0.0000,-50.7320
2026-05-03 17:48:34.684,0,9,10,0.00,0.0000,0.0000,-0.2689,-0.1888,0.0000,-0.0000,0.0000,-50.7320
2026-05-03 17:48:35.184,0,10,10,0.00,0.0001,-0.0003,-0.2689,-0.1888,0.0000,-0.0000,0.0000,-50.7320
2026-05-03 17:48:35.684,0,9,10,0.00,0.0001,-0.0001,-0.2689,-0.1888,0.0000,-0.0000,0.0000,-50.7320
2026-05-03 17:48:36.184,0,10,10,0.00,0.0000,-0.0001,-0.2689,-0.1888,0.0000,-0.0000,0.0000,-50.7320
2026-05-03 17:48:36.684,0,9,10,0.00,0.0000,-0.0001,-0.2689,-0.1888,0.0000,-0.0000,0.0000,-50.7320
2026-05-03 17:48:37.184,0,9,10,0.00,0.0000,-0.0001,-0.2689,-0.1888,0.0000,-0.0000,0.0000,-50.7320
2026-05-03 17:48:37.684,0,9,10,0.00,-0.0003,0.0003,-0.2689,-0.1888,0.0000,-0.0000,0.0000,-50.7320
2026-05-03 17:48:38.184,0,9,10,0.00,-0.0001,-0.0001,-0.2689,-0.1888,0.0000,-0.0000,0.0000,-50.7320
2026-05-03 17:48:38.684,0,9,10,0.00,0.0000,0.0000,-0.2689,-0.1888,0.0000,-0.0000,0.0000,-50.7320
2026-05-03 17:48:39.184,0,10,10,0.00,0.0000,0.0001,-0.2689,-0.1888,0.0000,-0.0000,0.0000,-50.7320
2026-05-03 17:48:39.684,0,9,10,0.00,0.0001,-0.0001,-0.2689,-0.1888,0.0000,-0.0000,0.0000,-50.7320
2026-05-03 17:48:40.184,0,9,10,0.00,-0.0001,0.0000,-0.2689,-0.1888,0.0000,-0.0000,0.0000,-50.7320
2026-05-03 17:48:40.684,0,9,10,0.00,0.0000,0.0000,-0.2689,-0.1888,0.0000,-0.0000,0.0000,-50.7320
2026-05-03 17:48:41.184,0,9,10,0.00,0.0000,-0.0001,-0.2689,-0.1888,0.0000,-0.0000,0.0000,-50.7320
2026-05-03 17:48:41.684,0,9,10,0.00,0.0003,0.0000,-0.2689,-0.1888,0.0000,-0.0000,0.0000,-50.7320
2026-05-03 17:48:42.184,0,10,10,0.00,0.0000,0.0000,-0.2689,-0.1888,0.0000,-0.0000,0.0000,-50.7320
2026-05-03 17:48:42.684,0,9,10,0.00,0.0000,0.0001,-0.2689,-0.1888,0.0000,-0.0000,0.0000,-50.7320
2026-05-03 17:48:43.184,0,9,10,0.00,0.0000,0.0000,-0.2689,-0.1888,0.0000,-0.0000,0.0000,-50.7320
2026-05-03 17:48:43.684,0,9,10,0.00,0.0000,0.0003,-0.2689,-0.1888,0.0000,-0.0000,0.0000,-50.7320
2026-05-03 17:48:44.184,0,9,10,0.00,0.0000,0.0000,-0.2689,-0.1888,0.0000,-0.0000,0.0000,-50.7320
2026-05-03 17:48:44.684,0,9,10,0.00,-0.0001,-0.0001,-0.2689,-0.1888,0.0000,-0.0000,0.0000,-50.7320
2026-05-03 17:48:45.184,0,9,10,0.00,0.0000,-0.0003,-0.2689,-0.1888,0.0000,-0.0000,0.0000,-50.7320
2026-05-03 17:48:45.684,0,9,10,0.00,-0.0001,0.0000,-0.2689,-0.1888,0.0000,-0.0000,0.0000,-50.7320
2026-05-03 17:48:46.184,0,9,10,0.00,-0.0001,0.0001,-0.2689,-0.1888,0.0000,-0.0000,0.0000,-50.7320
2026-05-03 17:48:46.684,0,9,10,0.00,0.0000,-0.0003,-0.2689,-0.1888,0.0000,-0.0000,0.0000,-50.7320
2026-05-03 17:48:47.184,0,9,10,0.00,0.0000,-0.0003,-0.2689,-0.1888,0.0000,-0.0000,0.0000,-50.7320
2026-05-03 17:48:47.684,0,9,10,0.00,-0.0003,0.0000,-0.2689,-0.1888,0.0000,-0.0000,0.0000,-50.7320
2026-05-03 17:48:48.184,0,9,10,0.00,0.0000,-0.0001,-0.2689,-0.1888,0.0000,-0.0000,0.0000,-50.7320
2026-05-03 17:48:48.684,0,9,10,0.00,-0.0001,-0.0001,-0.2689,-0.1888,0.0000,-0.0000,0.0000,-50.7320
2026-05-03 17:48:49.184,0,9,10,0.00,0.0001,0.0001,-0.2689,-0.1888,0.0000,-0.0000,0.0000,-50.7320
2026-05-03 17:48:49.684,0,9,10,0.00,0.0000,0.0001,-0.2689,-0.1888,0.0000,-0.0000,0.0000,-50.7320
2026-05-03 17:48:50.184,0,9,10,0.00,0.0001,-0.0003,-0.2689,-0.1888,0.0000,-0.0000,0.0000,-50.7320
2026-05-03 17:48:50.684,0,9,10,0.00,0.0000,0.0000,-0.2689,-0.1888,0.0000,-0.0000,0.0000,-50.7320
2026-05-03 17:48:51.184,0,9,10,0.00,-0.0003,0.0000,-0.2689,-0.1888,0.0000,-0.0000,0.0000,-50.7320
2026-05-03 17:48:51.684,0,9,10,0.00,-0.0003,-0.0001,-0.2689,-0.1888,0.0000,-0.0000,0.0000,-50.7320
2026-05-03 17:48:52.184,0,10,10,0.00,-0.0001,-0.0003,-0.2689,-0.1888,0.0000,-0.0000,0.0000,-50.7320
2026-05-03 17:48:52.684,0,9,10,0.00,-0.0001,-0.0001,-0.2689,-0.1888,0.0000,-0.0000,0.0000,-50.7320
2026-05-03 17:48:53.184,0,9,10,0.00,0.0000,0.0001,-0.2689,-0.1888,0.0000,-0.0000,0.0000,-50.7320
2026-05-03 17:48:53.684,0,9,10,0.00,0.0000,0.0003,-0.2689,-0.1888,0.0000,-0.0000,0.0000,-50.7320
2026-05-03 17:48:54.184,0,9,10,0.00,0.0000,0.0000,-0.2689,-0.1888,0.0000,-0.0000,0.0000,-50.7320
2026-05-03 17:48:54.684,0,9,10,0.00,0.0003,0.0001,-0.2689,-0.1888,0.0000,-0.0000,0.0000,-50.7320
2026-05-03 17:48:55.184,0,9,10,0.00,0.0003,0.0005,-0.2689,-0.1889,0.0000,-0.0000,0.0000,-50.7320
2026-05-03 17:48:55.684,0,9,10,0.00,-0.0001,0.0000,-0.2689,-0.1889,0.0000,-0.0000,0.0000,-50.7320
2026-05-03 17:48:56.184,0,9,10,0.00,0.0000,0.0000,-0.2689,-0.1889,0.0000,-0.0000,0.0000,-50.7320
2026-05-03 17:48:56.684,0,9,10,0.00,0.0001,0.0000,-0.2689,-0.1889,0.0000,-0.0000,0.0000,-50.7320
2026-05-03 17:48:57.184,0,9,10,0.00,-0.0001,0.0001,-0.2689,-0.1889,0.0000,-0.0000,0.0000,-50.7320
2026-05-03 17:48:57.684,0,9,10,0.00,0.0000,-0.0001,-0.2689,-0.1889,0.0000,-0.0000,0.0000,-50.7320
2026-05-03 17:48:58.184,0,9,10,0.00,0.0000,0.0000,-0.2689,-0.1889,0.0000,-0.0000,0.0000,-50.7320
2026-05-03 17:48:58.684,0,9,10,0.00,0.0003,0.0001,-0.2689,-0.1889,0.0000,-0.0000,0.0000,-50.7320
2026-05-03 17:48:59.184,0,9,10,0.00,0.0000,-0.0001,-0.2689,-0.1889,0.0000,-0.0000,0.0000,-50.7320
2026-05-03 17:48:59.684,0,9,10,0.00,0.0001,0.0000,-0.2689,-0.1889,0.0000,-0.0000,0.0000,-50.7320
2026-05-03 17:49:00.184,0,9,10,0.00,0.0001,0.0000,-0.2689,-0.1889,0.0000,-0.0000,0.0000,-50.7320
2026-05-03 17:49:00.684,0,9,10,0.00,0.0000,0.0000,-0.2689,-0.1889,0.0000,-0.0000,0.0000,-50.7320
2026-05-03 17:49:01.184,0,9,10,0.00,0.0000,0.0000,-0.2689,-0.1889,0.0000,-0.0000,0.0000,-50.7320
2026-05-03 17:49:01.684,0,9,10,0.00,0.0000,0.0000,-0.2689,-0.1889,0.0000,-0.0000,0.0000,-50.7320
2026-05-03 17:49:02.184,0,9,10,0.00,0.0000,0.0001,-0.2689,-0.1889,0.0000,-0.0000,0.0000,-50.7320
2026-05-03 17:49:02.684,0,10,10,0.00,-0.0001,-0.0001,-0.2689,-0.1889,0.0000,-0.0000,0.0000,-50.7320
2026-05-03 17:49:03.184,0,9,10,0.00,0.0000,0.0000,-0.2689,-0.1889,0.0000,-0.0000,0.0000,-50.7320
2026-05-03 17:49:03.684,0,9,10,0.00,0.0000,0.0000,-0.2689,-0.1889,0.0000,-0.0000,0.0000,-50.7320
2026-05-03 17:49:04.184,0,9,10,0.00,0.0000,0.0000,-0.2689,-0.1889,0.0000,-0.0000,0.0000,-50.7320
2026-05-03 17:49:04.684,0,9,10,0.00,0.0000,-0.0001,-0.2689,-0.1889,0.0000,-0.0000,0.0000,-50.7320
2026-05-03 17:49:05.184,0,9,10,0.00,0.0000,-0.0001,-0.2689,-0.1889,0.0000,-0.0000,0.0000,-50.7320
2026-05-03 17:49:05.684,0,9,10,0.00,0.0000,0.0000,-0.2689,-0.1889,0.0000,-0.0000,0.0000,-50.7320
2026-05-03 17:49:06.184,0,9,10,0.00,0.0000,0.0000,-0.2689,-0.1889,0.0000,-0.0000,0.0000,-50.7320
2026-05-03 17:49:06.684,0,9,10,0.00,0.0000,0.0000,-0.2689,-0.1889,0.0000,-0.0000,0.0000,-50.7320
2026-05-03 17:49:07.184,0,9,10,0.00,0.0001,0.0003,-0.2689,-0.1889,0.0000,-0.0000,0.0000,-50.7320
2026-05-03 17:49:07.684,0,9,10,0.00,0.0000,0.0001,-0.2689,-0.1889,0.0000,-0.0000,0.0000,-50.7320
2026-05-03 17:49:08.184,0,9,10,0.00,-0.0001,0.0001,-0.2689,-0.1889,0.0000,-0.0000,0.0000,-50.7320
2026-05-03 17:49:08.684,0,9,10,0.00,0.0000,0.0000,-0.2689,-0.1889,0.0000,-0.0000,0.0000,-50.7320
2026-05-03 17:49:09.184,0,9,10,0.00,0.0000,0.0000,-0.2689,-0.1889,0.0000,-0.0000,0.0000,-50.7320
2026-05-03 17:49:09.684,0,9,10,0.00,0.0000,0.0004,-0.2689,-0.1889,0.0000,-0.0000,0.0000,-50.7320
2026-05-03 17:49:10.184,0,9,10,0.00,0.0000,0.0003,-0.2689,-0.1889,0.0000,-0.0000,0.0000,-50.7320
2026-05-03 17:49:10.684,0,9,10,0.00,0.0001,0.0003,-0.2689,-0.1889,0.0000,-0.0000,0.0000,-50.7320
2026-05-03 17:49:11.184,0,9,10,0.00,0.0000,0.0000,-0.2689,-0.1889,0.0000,-0.0000,0.0000,-50.7320
2026-05-03 17:49:11.684,0,9,10,0.00,-0.0001,-0.0001,-0.2689,-0.1889,0.0000,-0.0000,0.0000,-50.7320
2026-05-03 17:49:12.184,0,9,10,0.00,0.0000,-0.0001,-0.2689,-0.1889,0.0000,-0.0000,0.0000,-50.7320
2026-05-03 17:49:12.684,0,9,10,0.00,0.0000,0.0000,-0.2689,-0.1889,0.0000,-0.0000,0.0000,-50.7320
2026-05-03 17:49:13.184,0,9,10,0.00,0.0000,0.0001,-0.2689,-0.1889,0.0000,-0.0000,0.0000,-50.7320
2026-05-03 17:49:13.684,0,9,10,0.00,0.0000,0.0000,-0.2689,-0.1889,0.0000,-0.0000,0.0000,-50.7320
2026-05-03 17:49:14.184,0,9,10,0.00,0.0001,0.0000,-0.2689,-0.1889,0.0000,-0.0000,0.0000,-50.7320
2026-05-03 17:49:14.684,0,9,10,0.00,-0.0001,0.0001,-0.2689,-0.1889,0.0000,-0.0000,0.0000,-50.7320
2026-05-03 17:49:15.184,0,9,10,0.00,0.0000,-0.0001,-0.2689,-0.1889,0.0000,-0.0000,0.0000,-50.7320
2026-05-03 17:49:15.684,0,9,10,0.00,0.0001,0.0000,-0.2689,-0.1889,0.0000,-0.0000,0.0000,-50.7320
2026-05-03 17:49:16.184,0,9,10,0.00,0.0000,0.0003,-0.2689,-0.1889,0.0000,-0.0000,0.0000,-50.7320
2026-05-03 17:49:16.684,0,9,10,0.00,-0.0001,0.0000,-0.2689,-0.1889,0.0000,-0.0000,0.0000,-50.7320
2026-05-03 17:49:17.184,0,9,10,0.00,-0.0001,0.0000,-0.2689,-0.1889,0.0000,-0.0000,0.0000,-50.7320
2026-05-03 17:49:17.684,0,9,10,0.00,0.0000,0.0001,-0.2689,-0.1889,0.0000,-0.0000,0.0000,-50.7320
2026-05-03 17:49:18.184,0,9,10,0.00,0.0000,0.0001,-0.2689,-0.1889,0.0000,-0.0000,0.0000,-50.7320
2026-05-03 17:49:18.685,0,9,10,0.00,-0.0001,0.0001,-0.2689,-0.1889,0.0000,-0.0000,0.0000,-50.7320
2026-05-03 17:49:19.184,0,9,10,0.00,-0.0001,-0.0001,-0.2689,-0.1889,0.0000,-0.0000,0.0000,-50.7320
2026-05-03 17:49:19.684,0,9,10,0.00,-0.0003,-0.0003,-0.2689,-0.1889,0.0000,-0.0000,0.0000,-50.7320
2026-05-03 17:49:20.184,0,9,10,0.00,0.0000,0.0001,-0.2689,-0.1889,0.0000,-0.0000,0.0000,-50.7320
2026-05-03 17:49:20.684,0,9,10,0.00,0.0001,-0.0001,-0.2689,-0.1889,0.0000,-0.0000,0.0000,-50.7320
2026-05-03 17:49:21.184,0,9,10,0.00,-0.0004,0.0000,-0.2689,-0.1889,0.0000,-0.0000,0.0000,-50.7320
2026-05-03 17:49:21.684,0,9,10,0.00,0.0000,-0.0001,-0.2689,-0.1889,0.0000,-0.0000,0.0000,-50.7320
2026-05-03 17:49:22.184,0,9,10,0.00,0.0000,0.0000,-0.2689,-0.1889,0.0000,-0.0000,0.0000,-50.7320
2026-05-03 17:49:22.684,0,9,10,0.00,-0.0003,0.0000,-0.2689,-0.1889,0.0000,-0.0000,0.0000,-50.7320
2026-05-03 17:49:23.184,0,9,10,0.00,0.0000,-0.0005,-0.2689,-0.1889,0.0000,-0.0000,0.0000,-50.7320
2026-05-03 17:49:23.684,0,9,10,0.00,0.0001,0.0000,-0.2689,-0.1889,0.0000,-0.0000,0.0000,-50.7320
2026-05-03 17:49:24.184,0,10,10,0.00,0.0000,-0.0001,-0.2689,-0.1889,0.0000,-0.0000,0.0000,-50.7320
2026-05-03 17:49:24.684,0,9,10,0.00,0.0000,0.0003,-0.2689,-0.1889,0.0000,-0.0000,0.0000,-50.7320
2026-05-03 17:49:25.184,0,9,10,0.00,0.0000,0.0001,-0.2689,-0.1889,0.0000,-0.0000,0.0000,-50.7320
2026-05-03 17:49:25.684,0,9,10,0.00,0.0000,0.0000,-0.2689,-0.1889,0.0000,-0.0000,0.0000,-50.7320
2026-05-03 17:49:26.184,0,9,10,0.00,-0.0001,0.0000,-0.2689,-0.1889,0.0000,-0.0000,0.0000,-50.7320
2026-05-03 17:49:26.684,0,9,10,0.00,0.0000,0.0000,-0.2689,-0.1889,0.0000,-0.0000,0.0000,-50.7320
2026-05-03 17:49:27.184,0,9,10,0.00,-0.0001,0.0000,-0.2689,-0.1889,0.0000,-0.0000,0.0000,-50.7320
2026-05-03 17:49:27.684,0,9,10,0.00,0.0001,0.0000,-0.2689,-0.1889,0.0000,-0.0000,0.0000,-50.7320
2026-05-03 17:49:28.184,0,9,10,0.00,0.0000,0.0000,-0.2689,-0.1889,0.0000,-0.0000,0.0000,-50.7320
2026-05-03 17:49:28.684,0,9,10,0.00,0.0000,-0.0003,-0.2689,-0.1889,0.0000,-0.0000,0.0000,-50.7320
2026-05-03 17:49:29.184,0,9,10,0.00,-0.0001,0.0004,-0.2689,-0.1889,0.0000,-0.0000,0.0000,-50.7320
2026-05-03 17:49:29.684,0,9,10,0.00,0.0000,0.0001,-0.2689,-0.1889,0.0000,-0.0000,0.0000,-50.7320
2026-05-03 17:49:30.184,0,9,10,0.00,0.0000,0.0000,-0.2689,-0.1889,0.0000,-0.0000,0.0000,-50.7320
2026-05-03 17:49:30.684,0,9,10,0.00,0.0000,0.0000,-0.2689,-0.1889,0.0000,-0.0000,0.0000,-50.7320
2026-05-03 17:49:31.184,0,9,10,0.00,-0.0001,0.0001,-0.2689,-0.1889,0.0000,-0.0000,0.0000,-50.7320
2026-05-03 17:49:31.684,0,9,10,0.00,0.0001,0.0001,-0.2689,-0.1889,0.0000,-0.0000,0.0000,-50.7320
2026-05-03 17:49:32.184,0,9,10,0.00,0.0001,-0.0004,-0.2689,-0.1889,0.0000,-0.0000,0.0000,-50.7320
2026-05-03 17:49:32.684,0,9,10,0.00,0.0000,0.0001,-0.2689,-0.1889,0.0000,-0.0000,0.0000,-50.7320
2026-05-03 17:49:33.184,0,9,10,0.00,0.0000,0.0000,-0.2689,-0.1889,0.0000,-0.0000,0.0000,-50.7320
2026-05-03 17:49:33.684,0,9,10,0.00,-0.0001,-0.0001,-0.2689,-0.1889,0.0000,-0.0000,0.0000,-50.7320
2026-05-03 17:49:34.184,0,9,10,0.00,0.0000,0.0001,-0.2689,-0.1889,0.0000,-0.0000,0.0000,-50.7320
2026-05-03 17:49:34.684,0,9,10,0.00,0.0003,0.0000,-0.2689,-0.1889,0.0000,-0.0000,0.0000,-50.7320
2026-05-03 17:49:35.184,0,9,10,0.00,-0.0003,0.0000,-0.2689,-0.1889,0.0000,-0.0000,0.0000,-50.7320
2026-05-03 17:49:35.684,0,9,10,0.00,0.0000,0.0000,-0.2689,-0.1889,0.0000,-0.0000,0.0000,-50.7320
2026-05-03 17:49:36.184,0,9,10,0.00,0.0000,-0.0001,-0.2689,-0.1889,0.0000,-0.0000,0.0000,-50.7320
2026-05-03 17:49:36.684,0,9,10,0.00,0.0000,0.0000,-0.2689,-0.1889,0.0000,-0.0000,0.0000,-50.7320
2026-05-03 17:49:37.184,0,9,10,0.00,0.0000,0.0003,-0.2689,-0.1889,0.0000,-0.0000,0.0000,-50.7320
2026-05-03 17:49:37.684,0,9,10,0.00,0.0000,0.0000,-0.2689,-0.1889,0.0000,-0.0000,0.0000,-50.7320
2026-05-03 17:49:38.184,0,9,10,0.00,0.0000,0.0000,-0.2689,-0.1889,0.0000,-0.0000,0.0000,-50.7320
2026-05-03 17:49:38.684,0,9,10,0.00,0.0000,0.0000,-0.2689,-0.1889,0.0000,-0.0000,0.0000,-50.7320
2026-05-03 17:49:39.184,0,9,10,0.00,-0.0005,0.0000,-0.2689,-0.1889,0.0000,-0.0000,0.0000,-50.7320
2026-05-03 17:49:39.684,0,9,10,0.00,0.0000,0.0000,-0.2689,-0.1889,0.0000,-0.0000,0.0000,-50.7320
2026-05-03 17:49:40.184,0,9,10,0.00,0.0003,0.0000,-0.2689,-0.1889,0.0000,-0.0000,0.0000,-50.7320
2026-05-03 17:49:40.684,0,9,10,0.00,0.0000,-0.0001,-0.2689,-0.1889,0.0000,-0.0000,0.0000,-50.7320
2026-05-03 17:49:41.184,0,9,10,0.00,-0.0001,0.0003,-0.2689,-0.1889,0.0000,-0.0000,0.0000,-50.7320
2026-05-03 17:49:41.684,0,9,10,0.00,0.0000,0.0000,-0.2689,-0.1889,0.0000,-0.0000,0.0000,-50.7320
2026-05-03 17:49:42.184,0,9,10,0.00,0.0000,-0.0001,-0.2689,-0.1889,0.0000,-0.0000,0.0000,-50.7320
2026-05-03 17:49:42.684,0,9,10,0.00,0.0000,0.0000,-0.2689,-0.1889,0.0000,-0.0000,0.0000,-50.7320
2026-05-03 17:49:43.184,0,9,10,0.00,0.0000,0.0000,-0.2689,-0.1889,0.0000,-0.0000,0.0000,-50.7320
2026-05-03 17:49:43.684,0,9,10,0.00,-0.0001,0.0000,-0.2689,-0.1889,0.0000,-0.0000,0.0000,-50.7320
2026-05-03 17:49:44.184,0,9,10,0.00,-0.0001,0.0001,-0.2689,-0.1889,0.0000,-0.0000,0.0000,-50.7320
2026-05-03 17:49:44.684,0,9,10,0.00,0.0000,0.0000,-0.2689,-0.1889,0.0000,-0.0000,0.0000,-50.7320
2026-05-03 17:49:45.184,0,9,10,0.00,0.0000,0.0000,-0.2689,-0.1889,0.0000,-0.0000,0.0000,-50.7320
2026-05-03 17:49:45.684,0,9,10,0.00,0.0000,0.0001,-0.2689,-0.1889,0.0000,-0.0000,0.0000,-50.7320
2026-05-03 17:49:46.184,0,9,10,0.00,0.0000,-0.0001,-0.2689,-0.1889,0.0000,-0.0000,0.0000,-50.7320
2026-05-03 17:49:46.684,0,9,10,0.00,-0.0001,0.0000,-0.2689,-0.1889,0.0000,-0.0000,0.0000,-50.7320
2026-05-03 17:49:47.184,0,9,10,0.00,0.0001,0.0000,-0.2689,-0.1889,0.0000,-0.0000,0.0000,-50.7320
2026-05-03 17:49:47.684,0,9,10,0.00,0.0000,0.0000,-0.2689,-0.1889,0.0000,-0.0000,0.0000,-50.7320
2026-05-03 17:49:48.184,0,9,10,0.00,0.0000,0.0000,-0.2689,-0.1889,0.0000,-0.0000,0.0000,-50.7320
2026-05-03 17:49:48.684,0,9,10,0.00,0.0000,-0.0003,-0.2689,-0.1889,0.0000,-0.0000,0.0000,-50.7320
2026-05-03 17:49:49.184,0,9,10,0.00,0.0000,0.0000,-0.2689,-0.1889,0.0000,-0.0000,0.0000,-50.7320
2026-05-03 17:49:49.684,0,9,10,0.00,0.0000,0.0000,-0.2689,-0.1889,0.0000,-0.0000,0.0000,-50.7320
2026-05-03 17:49:50.184,0,9,10,0.00,0.0000,-0.0003,-0.2689,-0.1889,0.0000,-0.0000,0.0000,-50.7320
2026-05-03 17:49:50.684,0,9,10,0.00,-0.0003,0.0000,-0.2689,-0.1889,0.0000,-0.0000,0.0000,-50.7320
2026-05-03 17:49:51.184,0,10,10,0.00,0.0000,-0.0005,-0.2689,-0.1889,0.0000,-0.0000,0.0000,-50.7320
2026-05-03 17:49:51.684,0,10,10,0.00,0.0000,-0.0003,-0.2689,-0.1889,0.0000,-0.0000,0.0000,-50.7320
2026-05-03 17:49:52.184,0,10,10,0.00,-0.0001,0.0000,-0.2689,-0.1889,0.0000,-0.0000,0.0000,-50.7320
2026-05-03 17:49:52.684,0,10,10,0.00,0.0000,0.0000,-0.2689,-0.1889,0.0000,-0.0000,0.0000,-50.7320
2026-05-03 17:49:53.184,0,9,10,0.00,0.0000,0.0000,-0.2689,-0.1889,0.0000,-0.0000,0.0000,-50.7320
2026-05-03 17:49:53.684,0,9,10,0.00,0.0000,0.0003,-0.2689,-0.1889,0.0000,-0.0000,0.0000,-50.7320
2026-05-03 17:49:54.184,0,10,10,0.00,0.0000,0.0000,-0.2689,-0.1889,0.0000,-0.0000,0.0000,-50.7320
2026-05-03 17:49:54.684,0,10,10,0.00,0.0000,0.0000,-0.2689,-0.1889,0.0000,-0.0000,0.0000,-50.7320
2026-05-03 17:49:55.184,0,10,10,0.00,0.0000,0.0000,-0.2689,-0.1889,0.0000,-0.0000,0.0000,-50.7320
2026-05-03 17:49:55.684,0,10,10,0.00,-0.0001,-0.0001,-0.2689,-0.1889,0.0000,-0.0000,0.0000,-50.7320
2026-05-03 17:49:56.184,0,10,10,0.00,0.0000,0.0000,-0.2689,-0.1889,0.0000,-0.0000,0.0000,-50.7320
2026-05-03 17:49:56.684,0,10,10,0.00,0.0000,0.0000,-0.2689,-0.1889,0.0000,-0.0000,0.0000,-50.7320
2026-05-03 17:49:57.184,0,10,10,0.00,0.0000,0.0001,-0.2689,-0.1889,0.0000,-0.0000,0.0000,-50.7320
2026-05-03 17:49:57.684,0,10,10,0.00,0.0000,0.0000,-0.2689,-0.1889,0.0000,-0.0000,0.0000,-50.7320
2026-05-03 17:49:58.184,0,10,10,0.00,0.0000,0.0000,-0.2689,-0.1889,0.0000,-0.0000,0.0000,-50.7320
2026-05-03 17:49:58.684,0,10,10,0.00,0.0000,-0.0001,-0.2689,-0.1889,0.0000,-0.0000,0.0000,-50.7320
2026-05-03 17:49:59.184,0,10,10,0.00,0.0000,0.0000,-0.2689,-0.1889,0.0000,-0.0000,0.0000,-50.7320
2026-05-03 17:49:59.684,0,10,10,0.00,0.0000,0.0001,-0.2689,-0.1889,0.0000,-0.0000,0.0000,-50.7320
2026-05-03 17:50:00.184,0,10,10,0.00,0.0000,0.0003,-0.2689,-0.1889,0.0000,-0.0000,0.0000,-50.7320
2026-05-03 17:50:00.684,0,10,10,0.00,0.0000,-0.0001,-0.2689,-0.1889,0.0000,-0.0000,0.0000,-50.7320
2026-05-03 17:50:01.184,0,10,10,0.00,0.0000,0.0000,-0.2689,-0.1889,0.0000,-0.0000,0.0000,-50.7320
2026-05-03 17:50:01.684,0,10,10,0.00,0.0000,-0.0001,-0.2689,-0.1889,0.0000,-0.0000,0.0000,-50.7320
2026-05-03 17:50:02.184,0,10,10,0.00,0.0000,0.0004,-0.2689,-0.1889,0.0000,-0.0000,0.0000,-50.7320
2026-05-03 17:50:02.684,0,10,10,0.00,0.0000,0.0000,-0.2689,-0.1889,0.0000,-0.0000,0.0000,-50.7320
2026-05-03 17:50:03.184,0,10,10,0.00,0.0000,0.0000,-0.2689,-0.1889,0.0000,-0.0000,0.0000,-50.7320
2026-05-03 17:50:03.684,0,10,10,0.00,0.0000,0.0000,-0.2689,-0.1889,0.0000,-0.0000,0.0000,-50.7320
2026-05-03 17:50:04.184,0,10,10,0.00,0.0000,0.0000,-0.2689,-0.1889,0.0000,-0.0000,0.0000,-50.7320
2026-05-03 17:50:04.684,0,10,10,0.00,0.0000,0.0001,-0.2689,-0.1889,0.0000,-0.0000,0.0000,-50.7320
2026-05-03 17:50:05.184,0,10,10,0.00,0.0003,-0.0001,-0.2690,-0.1891,0.0000,-0.0000,0.0000,-50.7320
2026-05-03 17:50:05.684,0,10,10,0.00,0.0003,0.0086,-0.2692,-0.1898,0.0000,-0.0000,0.0000,-50.7320
2026-05-03 17:50:06.184,0,10,10,0.00,0.0004,0.0001,-0.2691,-0.1894,0.0000,-0.0000,0.0000,-50.7320
2026-05-03 17:50:06.684,0,10,10,0.00,0.0000,0.0000,-0.2691,-0.1894,0.0000,-0.0000,0.0000,-50.7320
2026-05-03 17:50:07.184,0,10,10,0.00,0.0000,-0.0007,-0.2692,-0.1896,0.0000,-0.0000,0.0000,-50.7320
2026-05-03 17:50:07.684,0,10,10,0.00,0.0001,0.0001,-0.2692,-0.1896,0.0000,-0.0000,0.0000,-50.7320
2026-05-03 17:50:08.184,0,10,10,0.00,0.0000,-0.0038,-0.2692,-0.1897,0.0000,-0.0000,0.0000,-50.7320
2026-05-03 17:50:08.684,0,10,10,0.00,0.0000,-0.0001,-0.2692,-0.1897,0.0000,-0.0000,0.0000,-50.7320
2026-05-03 17:50:09.184,0,10,10,0.00,0.0001,0.0000,-0.2692,-0.1897,0.0000,-0.0000,0.0000,-50.7320
2026-05-03 17:50:09.684,0,10,10,0.00,0.0000,-0.0003,-0.2692,-0.1897,0.0000,-0.0000,0.0000,-50.7320
2026-05-03 17:50:10.184,0,10,10,0.00,0.0000,0.0000,-0.2692,-0.1897,0.0000,-0.0000,0.0000,-50.7320
2026-05-03 17:50:10.684,0,10,10,0.00,-0.0003,-0.0001,-0.2692,-0.1897,0.0000,-0.0000,0.0000,-50.7320
2026-05-03 17:50:11.184,0,10,10,0.00,0.0000,0.0003,-0.2692,-0.1897,0.0000,-0.0000,0.0000,-50.7320
2026-05-03 17:50:11.684,0,10,10,0.00,-0.0001,0.0000,-0.2692,-0.1897,0.0000,-0.0000,0.0000,-50.7320
2026-05-03 17:50:12.184,0,10,10,0.00,0.0000,-0.0003,-0.2692,-0.1897,0.0000,-0.0000,0.0000,-50.7320
2026-05-03 17:50:12.684,0,10,10,0.00,0.0000,0.0000,-0.2692,-0.1897,0.0000,-0.0000,0.0000,-50.7320
2026-05-03 17:50:13.184,0,10,10,0.00,0.0001,0.0001,-0.2692,-0.1897,0.0000,-0.0000,0.0000,-50.7320
2026-05-03 17:50:13.684,0,10,10,0.00,0.0000,0.0001,-0.2692,-0.1897,0.0000,-0.0000,0.0000,-50.7320
2026-05-03 17:50:14.184,0,10,10,0.00,0.0000,0.0000,-0.2692,-0.1897,0.0000,-0.0000,0.0000,-50.7320
2026-05-03 17:50:14.684,0,10,10,0.00,0.0001,0.0000,-0.2692,-0.1897,0.0000,-0.0000,0.0000,-50.7320
2026-05-03 17:50:15.184,0,10,10,0.00,0.0000,0.0000,-0.2692,-0.1897,0.0000,-0.0000,0.0000,-50.7320
2026-05-03 17:50:15.684,0,10,10,0.00,0.0001,0.0000,-0.2692,-0.1897,0.0000,-0.0000,0.0000,-50.7320
2026-05-03 17:50:16.184,0,10,10,0.00,0.0000,0.0000,-0.2692,-0.1897,0.0000,-0.0000,0.0000,-50.7320
2026-05-03 17:50:16.684,0,10,10,0.00,0.0001,0.0005,-0.2693,-0.1898,0.0000,-0.0000,0.0000,-50.7320
2026-05-03 17:50:17.184,0,10,10,0.00,0.0000,0.0003,-0.2693,-0.1898,0.0000,-0.0000,0.0000,-50.7320
2026-05-03 17:50:17.684,0,10,10,0.00,0.0000,0.0001,-0.2693,-0.1898,0.0000,-0.0000,0.0000,-50.7320
2026-05-03 17:50:18.184,0,10,10,0.00,0.0000,0.0001,-0.2693,-0.1898,0.0000,-0.0000,0.0000,-50.7320
2026-05-03 17:50:18.684,0,10,10,0.00,0.0000,0.0000,-0.2693,-0.1898,0.0000,-0.0000,0.0000,-50.7320
2026-05-03 17:50:19.184,0,10,10,0.00,0.0001,0.0000,-0.2693,-0.1898,0.0000,-0.0000,0.0000,-50.7320
2026-05-03 17:50:19.684,0,10,10,0.00,0.0000,-0.0003,-0.2693,-0.1898,0.0000,-0.0000,0.0000,-50.7320
2026-05-03 17:50:20.184,0,10,10,0.00,-0.0003,0.0000,-0.2693,-0.1898,0.0000,-0.0000,0.0000,-50.7320
2026-05-03 17:50:20.684,0,10,10,0.00,-0.0001,0.0001,-0.2693,-0.1898,0.0000,-0.0000,0.0000,-50.7320
2026-05-03 17:50:21.184,0,10,10,0.00,0.0001,0.0000,-0.2693,-0.1898,0.0000,-0.0000,0.0000,-50.7320
2026-05-03 17:50:21.684,0,10,10,0.00,0.0000,-0.0003,-0.2693,-0.1898,0.0000,-0.0000,0.0000,-50.7320
2026-05-03 17:50:22.184,0,10,10,0.00,0.0000,-0.0001,-0.2693,-0.1898,0.0000,-0.0000,0.0000,-50.7320
2026-05-03 17:50:22.684,0,10,10,0.00,0.0000,0.0000,-0.2693,-0.1898,0.0000,-0.0000,0.0000,-50.7320
2026-05-03 17:50:23.184,0,10,10,0.00,0.0001,-0.0001,-0.2693,-0.1898,0.0000,-0.0000,0.0000,-50.7320
2026-05-03 17:50:23.684,0,10,10,0.00,0.0000,0.0001,-0.2693,-0.1898,0.0000,-0.0000,0.0000,-50.7320
2026-05-03 17:50:24.184,0,10,10,0.00,-0.0001,-0.0007,-0.2693,-0.1898,0.0000,-0.0000,0.0000,-50.7320
2026-05-03 17:50:24.684,0,10,10,0.00,0.0001,0.0001,-0.2693,-0.1898,0.0000,-0.0000,0.0000,-50.7320
2026-05-03 17:50:25.184,0,10,10,0.00,0.0000,0.0000,-0.2693,-0.1898,0.0000,-0.0000,0.0000,-50.7320
2026-05-03 17:50:25.684,0,10,10,0.00,0.0000,0.0001,-0.2693,-0.1898,0.0000,-0.0000,0.0000,-50.7320
2026-05-03 17:50:26.184,0,10,10,0.00,-0.0001,-0.0001,-0.2693,-0.1898,0.0000,-0.0000,0.0000,-50.7320
2026-05-03 17:50:26.684,0,10,10,0.00,0.0000,-0.0001,-0.2693,-0.1898,0.0000,-0.0000,0.0000,-50.7320
2026-05-03 17:50:27.184,0,10,10,0.00,0.0000,0.0000,-0.2693,-0.1898,0.0000,-0.0000,0.0000,-50.7320
2026-05-03 17:50:27.684,0,10,10,0.00,0.0001,0.0000,-0.2693,-0.1898,0.0000,-0.0000,0.0000,-50.7320
2026-05-03 17:50:28.184,0,10,10,0.00,0.0000,-0.0001,-0.2693,-0.1898,0.0000,-0.0000,0.0000,-50.7320
2026-05-03 17:50:28.684,0,10,10,0.00,0.0000,0.0000,-0.2693,-0.1898,0.0000,-0.0000,0.0000,-50.7320
2026-05-03 17:50:29.184,0,10,10,0.00,0.0000,-0.0001,-0.2693,-0.1898,0.0000,-0.0000,0.0000,-50.7320
2026-05-03 17:50:29.684,0,10,10,0.00,0.0000,0.0000,-0.2693,-0.1898,0.0000,-0.0000,0.0000,-50.7320
2026-05-03 17:50:30.184,0,10,10,0.00,0.0000,0.0000,-0.2693,-0.1898,0.0000,-0.0000,0.0000,-50.7320
2026-05-03 17:50:30.684,0,10,10,0.00,0.0000,0.0001,-0.2693,-0.1898,0.0000,-0.0000,0.0000,-50.7320
2026-05-03 17:50:31.184,0,10,10,0.00,-0.0003,0.0000,-0.2693,-0.1898,0.0000,-0.0000,0.0000,-50.7320
2026-05-03 17:50:31.684,0,10,10,0.00,0.0000,0.0003,-0.2693,-0.1898,0.0000,-0.0000,0.0000,-50.7320
2026-05-03 17:50:32.184,0,10,10,0.00,-0.0001,0.0001,-0.2693,-0.1898,0.0000,-0.0000,0.0000,-50.7320
2026-05-03 17:50:32.684,0,10,10,0.00,0.0000,-0.0003,-0.2693,-0.1898,0.0000,-0.0000,0.0000,-50.7320
2026-05-03 17:50:33.184,0,10,10,0.00,-0.0001,0.0000,-0.2693,-0.1898,0.0000,-0.0000,0.0000,-50.7320
2026-05-03 17:50:33.684,0,10,10,0.00,0.0001,0.0000,-0.2693,-0.1898,0.0000,-0.0000,0.0000,-50.7320
2026-05-03 17:50:34.184,0,10,10,0.00,-0.0001,0.0001,-0.2693,-0.1898,0.0000,-0.0000,0.0000,-50.7320
2026-05-03 17:50:34.684,0,10,10,0.00,-0.0003,0.0000,-0.2693,-0.1898,0.0000,-0.0000,0.0000,-50.7320
2026-05-03 17:50:35.184,0,10,10,0.00,0.0001,0.0000,-0.2693,-0.1898,0.0000,-0.0000,0.0000,-50.7320
2026-05-03 17:50:35.684,0,10,10,0.00,0.0001,0.0001,-0.2693,-0.1898,0.0000,-0.0000,0.0000,-50.7320
2026-05-03 17:50:36.184,0,10,10,0.00,-0.0001,-0.0001,-0.2693,-0.1898,0.0000,-0.0000,0.0000,-50.7320
2026-05-03 17:50:36.684,0,10,10,0.00,0.0000,0.0000,-0.2693,-0.1898,0.0000,-0.0000,0.0000,-50.7320
2026-05-03 17:50:37.184,0,10,10,0.00,0.0000,0.0000,-0.2693,-0.1898,0.0000,-0.0000,0.0000,-50.7320
2026-05-03 17:50:37.684,0,10,10,0.00,-0.0001,0.0000,-0.2693,-0.1898,0.0000,-0.0000,0.0000,-50.7320
2026-05-03 17:50:38.184,0,10,10,0.00,0.0000,0.0000,-0.2693,-0.1898,0.0000,-0.0000,0.0000,-50.7320
2026-05-03 17:50:38.684,0,10,10,0.00,0.0000,-0.0001,-0.2693,-0.1898,0.0000,-0.0000,0.0000,-50.7320
2026-05-03 17:50:39.184,0,10,10,0.00,0.0000,0.0000,-0.2693,-0.1898,0.0000,-0.0000,0.0000,-50.7320
2026-05-03 17:50:39.684,0,10,10,0.00,0.0001,0.0000,-0.2693,-0.1898,0.0000,-0.0000,0.0000,-50.7320
2026-05-03 17:50:40.184,0,10,10,0.00,0.0000,0.0000,-0.2693,-0.1898,0.0000,-0.0000,0.0000,-50.7320
2026-05-03 17:50:40.684,0,10,10,0.00,-0.0001,-0.0001,-0.2693,-0.1898,0.0000,-0.0000,0.0000,-50.7320
2026-05-03 17:50:41.184,0,10,10,0.00,0.0001,0.0000,-0.2693,-0.1898,0.0000,-0.0000,0.0000,-50.7320
2026-05-03 17:50:41.684,0,10,10,0.00,0.0000,0.0001,-0.2693,-0.1898,0.0000,-0.0000,0.0000,-50.7320
2026-05-03 17:50:42.184,0,10,10,0.00,0.0000,-0.0001,-0.2693,-0.1898,0.0000,-0.0000,0.0000,-50.7320
2026-05-03 17:50:42.684,0,10,10,0.00,0.0000,0.0000,-0.2693,-0.1898,0.0000,-0.0000,0.0000,-50.7320
2026-05-03 17:50:43.184,0,10,10,0.00,0.0001,-0.0003,-0.2693,-0.1898,0.0000,-0.0000,0.0000,-50.7320
2026-05-03 17:50:43.684,0,10,10,0.00,0.0000,0.0000,-0.2693,-0.1898,0.0000,-0.0000,0.0000,-50.7320
2026-05-03 17:50:44.184,0,10,10,0.00,0.0000,0.0000,-0.2693,-0.1898,0.0000,-0.0000,0.0000,-50.7320
2026-05-03 17:50:44.684,0,10,10,0.00,0.0000,0.0000,-0.2693,-0.1898,0.0000,-0.0000,0.0000,-50.7320
2026-05-03 17:50:45.184,0,10,10,0.00,0.0001,0.0000,-0.2693,-0.1898,0.0000,-0.0000,0.0000,-50.7320
2026-05-03 17:50:45.684,0,10,10,0.00,0.0000,0.0000,-0.2693,-0.1898,0.0000,-0.0000,0.0000,-50.7320
2026-05-03 17:50:46.184,0,10,10,0.00,0.0000,0.0000,-0.2693,-0.1898,0.0000,-0.0000,0.0000,-50.7320
2026-05-03 17:50:46.684,0,10,10,0.00,-0.0004,0.0004,-0.2693,-0.1898,0.0000,-0.0000,0.0000,-50.7320
2026-05-03 17:50:47.184,0,10,10,0.00,0.0001,0.0000,-0.2693,-0.1898,0.0000,-0.0000,0.0000,-50.7320
2026-05-03 17:50:47.684,0,10,10,0.00,0.0001,0.0001,-0.2693,-0.1898,0.0000,-0.0000,0.0000,-50.7320
2026-05-03 17:50:48.184,0,10,10,0.00,0.0004,0.0001,-0.2693,-0.1898,0.0000,-0.0000,0.0000,-50.7320
2026-05-03 17:50:48.684,0,10,10,0.00,-0.0001,-0.0001,-0.2693,-0.1898,0.0000,-0.0000,0.0000,-50.7320
2026-05-03 17:50:49.184,0,10,10,0.00,-0.0001,-0.0001,-0.2693,-0.1898,0.0000,-0.0000,0.0000,-50.7320
2026-05-03 17:50:49.684,0,10,10,0.00,0.0000,-0.0001,-0.2693,-0.1898,0.0000,-0.0000,0.0000,-50.7320
2026-05-03 17:50:50.184,0,10,10,0.00,0.0000,0.0003,-0.2693,-0.1898,0.0000,-0.0000,0.0000,-50.7320
2026-05-03 17:50:50.684,0,10,10,0.00,-0.0001,0.0003,-0.2693,-0.1898,0.0000,-0.0000,0.0000,-50.7320
2026-05-03 17:50:51.184,0,10,10,0.00,0.0000,0.0000,-0.2693,-0.1898,0.0000,-0.0000,0.0000,-50.7320
2026-05-03 17:50:51.684,0,10,10,0.00,-0.0001,0.0001,-0.2693,-0.1898,0.0000,-0.0000,0.0000,-50.7320
2026-05-03 17:50:52.184,0,10,10,0.00,0.0003,0.0000,-0.2693,-0.1898,0.0000,-0.0000,0.0000,-50.7320
2026-05-03 17:50:52.684,0,10,10,0.00,-0.0001,-0.0001,-0.2693,-0.1898,0.0000,-0.0000,0.0000,-50.7320
2026-05-03 17:50:53.184,0,10,10,0.00,-0.0001,0.0003,-0.2693,-0.1899,0.0000,-0.0000,0.0000,-50.7320
2026-05-03 17:50:53.684,0,10,10,0.00,0.0000,0.0000,-0.2693,-0.1899,0.0000,-0.0000,0.0000,-50.7320
2026-05-03 17:50:54.184,0,10,10,0.00,-0.0003,0.0000,-0.2693,-0.1899,0.0000,-0.0000,0.0000,-50.7320
2026-05-03 17:50:54.684,0,10,10,0.00,-0.0003,0.0000,-0.2693,-0.1899,0.0000,-0.0000,0.0000,-50.7320
2026-05-03 17:50:55.184,0,10,10,0.00,-0.0003,-0.0001,-0.2693,-0.1899,0.0000,-0.0000,0.0000,-50.7320
2026-05-03 17:50:55.684,0,10,10,0.00,-0.0001,-0.0001,-0.2693,-0.1899,0.0000,-0.0000,0.0000,-50.7320
2026-05-03 17:50:56.184,0,10,10,0.00,0.0000,0.0001,-0.2693,-0.1899,0.0000,-0.0000,0.0000,-50.7320
2026-05-03 17:50:56.684,0,10,10,0.00,-0.0001,0.0000,-0.2693,-0.1899,0.0000,-0.0000,0.0000,-50.7320
2026-05-03 17:50:57.184,0,10,10,0.00,-0.0001,0.0000,-0.2693,-0.1899,0.0000,-0.0000,0.0000,-50.7320
2026-05-03 17:50:57.684,0,10,10,0.00,0.0000,0.0000,-0.2693,-0.1899,0.0000,-0.0000,0.0000,-50.7320
2026-05-03 17:50:58.184,0,10,10,0.00,-0.0005,-0.0001,-0.2693,-0.1899,0.0000,-0.0000,0.0000,-50.7320
2026-05-03 17:50:58.684,0,10,10,0.00,0.0001,0.0000,-0.2693,-0.1899,0.0000,-0.0000,0.0000,-50.7320
2026-05-03 17:50:59.184,0,10,10,0.00,-0.0001,0.0001,-0.2693,-0.1899,0.0000,-0.0000,0.0000,-50.7320
2026-05-03 17:50:59.684,0,10,10,0.00,0.0000,-0.0001,-0.2692,-0.1897,0.0000,-0.0000,0.0000,-50.7320
2026-05-03 17:51:00.184,0,10,10,0.00,0.0000,0.0001,-0.2692,-0.1897,0.0000,-0.0000,0.0000,-50.7320
2026-05-03 17:51:00.684,0,10,10,0.00,0.0005,-0.0003,-0.2692,-0.1897,0.0000,-0.0000,0.0000,-50.7320
2026-05-03 17:51:01.184,0,10,10,0.00,0.0000,-0.0003,-0.2692,-0.1897,0.0000,-0.0000,0.0000,-50.7320
2026-05-03 17:51:01.684,0,10,10,0.00,0.0000,0.0003,-0.2692,-0.1897,0.0000,-0.0000,0.0000,-50.7320
2026-05-03 17:51:02.184,0,10,10,0.00,0.0000,0.0000,-0.2692,-0.1897,0.0000,-0.0000,0.0000,-50.7320
2026-05-03 17:51:02.684,0,10,10,0.00,0.0001,-0.0001,-0.2692,-0.1897,0.0000,-0.0000,0.0000,-50.7320
2026-05-03 17:51:03.184,0,10,10,0.00,0.0000,0.0001,-0.2692,-0.1897,0.0000,-0.0000,0.0000,-50.7320
2026-05-03 17:51:03.684,0,10,10,0.00,0.0000,0.0000,-0.2692,-0.1897,0.0000,-0.0000,0.0000,-50.7320
2026-05-03 17:51:04.184,0,10,10,0.00,0.0000,0.0000,-0.2692,-0.1897,0.0000,-0.0000,0.0000,-50.7320
2026-05-03 17:51:04.684,0,10,10,0.00,0.0000,0.0000,-0.2692,-0.1897,0.0000,-0.0000,0.0000,-50.7320
2026-05-03 17:51:05.184,0,10,10,0.00,0.0000,-0.0001,-0.2692,-0.1897,0.0000,-0.0000,0.0000,-50.7320
2026-05-03 17:51:05.684,0,10,10,0.00,0.0000,-0.0001,-0.2692,-0.1897,0.0000,-0.0000,0.0000,-50.7320
2026-05-03 17:51:06.184,0,10,10,0.00,0.0001,0.0000,-0.2692,-0.1897,0.0000,-0.0000,0.0000,-50.7320
2026-05-03 17:51:06.684,0,10,10,0.00,0.0003,0.0001,-0.2692,-0.1897,0.0000,-0.0000,0.0000,-50.7320
2026-05-03 17:51:07.184,0,10,10,0.00,0.0000,0.0001,-0.2692,-0.1897,0.0000,-0.0000,0.0000,-50.7320
2026-05-03 17:51:07.684,0,10,10,0.00,-0.0001,0.0003,-0.2692,-0.1897,0.0000,-0.0000,0.0000,-50.7320
2026-05-03 17:51:08.184,0,10,10,0.00,0.0000,0.0000,-0.2692,-0.1897,0.0000,-0.0000,0.0000,-50.7320
2026-05-03 17:51:08.684,0,10,10,0.00,0.0000,0.0003,-0.2692,-0.1897,0.0000,-0.0000,0.0000,-50.7320
2026-05-03 17:51:09.184,0,10,10,0.00,-0.0003,-0.0001,-0.2692,-0.1897,0.0000,-0.0000,0.0000,-50.7320
2026-05-03 17:51:09.684,0,10,10,0.00,0.0003,0.0001,-0.2692,-0.1897,0.0000,-0.0000,0.0000,-50.7320
2026-05-03 17:51:10.184,0,10,10,0.00,0.0000,-0.0001,-0.2692,-0.1897,0.0000,-0.0000,0.0000,-50.7320
2026-05-03 17:51:10.684,0,10,10,0.00,0.0000,0.0000,-0.2692,-0.1897,0.0000,-0.0000,0.0000,-50.7320
2026-05-03 17:51:11.184,0,10,10,0.00,0.0003,0.0000,-0.2692,-0.1897,0.0000,-0.0000,0.0000,-50.7320
2026-05-03 17:51:11.684,0,10,10,0.00,0.0004,0.0000,-0.2692,-0.1897,0.0000,-0.0000,0.0000,-50.7320
2026-05-03 17:51:12.184,0,10,10,0.00,0.0000,0.0000,-0.2692,-0.1897,0.0000,-0.0000,0.0000,-50.7320
2026-05-03 17:51:12.684,0,10,10,0.00,0.0000,0.0000,-0.2692,-0.1897,0.0000,-0.0000,0.0000,-50.7320
2026-05-03 17:51:13.184,0,10,10,0.00,0.0000,0.0003,-0.2692,-0.1897,0.0000,-0.0000,0.0000,-50.7320
2026-05-03 17:51:13.684,0,10,10,0.00,0.0001,0.0000,-0.2692,-0.1897,0.0000,-0.0000,0.0000,-50.7320
2026-05-03 17:51:14.184,0,10,10,0.00,0.0000,0.0000,-0.2692,-0.1897,0.0000,-0.0000,0.0000,-50.7320
2026-05-03 17:51:14.684,0,10,10,0.00,-0.0001,0.0000,-0.2692,-0.1897,0.0000,-0.0000,0.0000,-50.7320
2026-05-03 17:51:15.184,0,10,10,0.00,0.0001,0.0000,-0.2692,-0.1897,0.0000,-0.0000,0.0000,-50.7320
2026-05-03 17:51:15.684,0,10,10,0.00,0.0000,0.0003,-0.2692,-0.1897,0.0000,-0.0000,0.0000,-50.7320
2026-05-03 17:51:16.184,0,10,10,0.00,0.0000,-0.0001,-0.2692,-0.1897,0.0000,-0.0000,0.0000,-50.7320
2026-05-03 17:51:16.684,0,10,10,0.00,0.0001,0.0003,-0.2692,-0.1897,0.0000,-0.0000,0.0000,-50.7320
2026-05-03 17:51:17.184,0,10,10,0.00,0.0000,-0.0001,-0.2692,-0.1897,0.0000,-0.0000,0.0000,-50.7320
2026-05-03 17:51:17.684,0,10,10,0.00,0.0003,0.0001,-0.2692,-0.1897,0.0000,-0.0000,0.0000,-50.7320
2026-05-03 17:51:18.184,0,10,10,0.00,0.0000,0.0000,-0.2692,-0.1897,0.0000,-0.0000,0.0000,-50.7320
2026-05-03 17:51:18.684,0,10,10,0.00,0.0000,0.0001,-0.2692,-0.1897,0.0000,-0.0000,0.0000,-50.7320
2026-05-03 17:51:19.184,0,10,10,0.00,0.0000,0.0000,-0.2692,-0.1897,0.0000,-0.0000,0.0000,-50.7320
2026-05-03 17:51:19.684,0,10,10,0.00,0.0001,-0.0003,-0.2692,-0.1897,0.0000,-0.0000,0.0000,-50.7320
2026-05-03 17:51:20.184,0,10,10,0.00,0.0000,0.0001,-0.2692,-0.1897,0.0000,-0.0000,0.0000,-50.7320
2026-05-03 17:51:20.684,0,10,10,0.00,-0.0001,-0.0005,-0.2692,-0.1897,0.0000,-0.0000,0.0000,-50.7320
2026-05-03 17:51:21.184,0,10,10,0.00,0.0001,0.0001,-0.2692,-0.1897,0.0000,-0.0000,0.0000,-50.7320
2026-05-03 17:51:21.684,0,10,10,0.00,0.0000,-0.0001,-0.2692,-0.1897,0.0000,-0.0000,0.0000,-50.7320
2026-05-03 17:51:22.184,0,10,10,0.00,0.0000,0.0000,-0.2692,-0.1897,0.0000,-0.0000,0.0000,-50.7320
2026-05-03 17:51:22.684,0,10,10,0.00,-0.0001,-0.0003,-0.2692,-0.1897,0.0000,-0.0000,0.0000,-50.7320
2026-05-03 17:51:23.184,0,10,10,0.00,-0.0001,0.0001,-0.2692,-0.1897,0.0000,-0.0000,0.0000,-50.7320
2026-05-03 17:51:23.684,0,10,10,0.00,0.0000,0.0003,-0.2692,-0.1897,0.0000,-0.0000,0.0000,-50.7320
2026-05-03 17:51:24.184,0,10,10,0.00,0.0001,0.0000,-0.2692,-0.1897,0.0000,-0.0000,0.0000,-50.7320
2026-05-03 17:51:24.684,0,10,10,0.00,-0.0003,0.0001,-0.2692,-0.1897,0.0000,-0.0000,0.0000,-50.7320
2026-05-03 17:51:25.184,0,10,10,0.00,0.0000,-0.0001,-0.2692,-0.1897,0.0000,-0.0000,0.0000,-50.7320
2026-05-03 17:51:25.684,0,10,10,0.00,-0.0001,0.0000,-0.2692,-0.1897,0.0000,-0.0000,0.0000,-50.7320
2026-05-03 17:51:26.184,0,10,10,0.00,0.0000,0.0003,-0.2692,-0.1897,0.0000,-0.0000,0.0000,-50.7320
2026-05-03 17:51:26.684,0,10,10,0.00,0.0001,-0.0001,-0.2692,-0.1897,0.0000,-0.0000,0.0000,-50.7320
2026-05-03 17:51:27.184,0,10,10,0.00,0.0000,0.0000,-0.2692,-0.1897,0.0000,-0.0000,0.0000,-50.7320
2026-05-03 17:51:27.684,0,10,10,0.00,-0.0001,0.0001,-0.2692,-0.1897,0.0000,-0.0000,0.0000,-50.7320
2026-05-03 17:51:28.184,0,10,10,0.00,0.0000,0.0000,-0.2692,-0.1897,0.0000,-0.0000,0.0000,-50.7320
2026-05-03 17:51:28.684,0,10,10,0.00,0.0000,0.0000,-0.2692,-0.1897,0.0000,-0.0000,0.0000,-50.7320
2026-05-03 17:51:29.184,0,10,10,0.00,0.0004,0.0000,-0.2692,-0.1897,0.0000,-0.0000,0.0000,-50.7320
2026-05-03 17:51:29.684,0,10,10,0.00,0.0003,-0.0001,-0.2692,-0.1897,0.0000,-0.0000,0.0000,-50.7320
2026-05-03 17:51:30.184,0,10,10,0.00,0.0004,0.0003,-0.2692,-0.1897,0.0000,-0.0000,0.0000,-50.7320
2026-05-03 17:51:30.684,0,10,10,0.00,0.0000,0.0000,-0.2692,-0.1897,0.0000,-0.0000,0.0000,-50.7320
2026-05-03 17:51:31.184,0,10,10,0.00,-0.0001,0.0000,-0.2692,-0.1897,0.0000,-0.0000,0.0000,-50.7320
2026-05-03 17:51:31.684,0,10,10,0.00,0.0000,0.0000,-0.2692,-0.1897,0.0000,-0.0000,0.0000,-50.7320
2026-05-03 17:51:32.184,0,10,10,0.00,0.0000,0.0001,-0.2692,-0.1897,0.0000,-0.0000,0.0000,-50.7320
2026-05-03 17:51:32.684,0,10,10,0.00,-0.0001,0.0000,-0.2692,-0.1897,0.0000,-0.0000,0.0000,-50.7320
2026-05-03 17:51:33.184,0,10,10,0.00,-0.0001,0.0001,-0.2692,-0.1897,0.0000,-0.0000,0.0000,-50.7320
2026-05-03 17:51:33.684,0,10,10,0.00,0.0001,0.0000,-0.2692,-0.1897,0.0000,-0.0000,0.0000,-50.7320
2026-05-03 17:51:34.184,0,10,10,0.00,0.0000,0.0000,-0.2692,-0.1897,0.0000,-0.0000,0.0000,-50.7320
2026-05-03 17:51:34.684,0,10,10,0.00,-0.0001,0.0001,-0.2692,-0.1897,0.0000,-0.0000,0.0000,-50.7320
2026-05-03 17:51:35.184,0,10,10,0.00,0.0000,0.0003,-0.2692,-0.1897,0.0000,-0.0000,0.0000,-50.7320
2026-05-03 17:51:35.684,0,10,10,0.00,0.0001,0.0000,-0.2692,-0.1897,0.0000,-0.0000,0.0000,-50.7320
2026-05-03 17:51:36.184,0,10,10,0.00,0.0000,0.0000,-0.2692,-0.1897,0.0000,-0.0000,0.0000,-50.7320
2026-05-03 17:51:36.684,0,10,10,0.00,0.0000,0.0001,-0.2692,-0.1897,0.0000,-0.0000,0.0000,-50.7320
2026-05-03 17:51:37.184,0,10,10,0.00,0.0000,0.0000,-0.2692,-0.1897,0.0000,-0.0000,0.0000,-50.7320
2026-05-03 17:51:37.684,0,10,10,0.00,0.0001,0.0000,-0.2692,-0.1897,0.0000,-0.0000,0.0000,-50.7320
2026-05-03 17:51:38.184,0,10,10,0.00,0.0000,0.0000,-0.2692,-0.1897,0.0000,-0.0000,0.0000,-50.7320
2026-05-03 17:51:38.684,0,10,10,0.00,-0.0001,0.0001,-0.2692,-0.1897,0.0000,-0.0000,0.0000,-50.7320
2026-05-03 17:51:39.185,0,10,10,0.00,0.0000,0.0000,-0.2692,-0.1897,0.0000,-0.0000,0.0000,-50.7320
2026-05-03 17:51:39.684,0,10,10,0.00,0.0000,-0.0001,-0.2692,-0.1897,0.0000,-0.0000,0.0000,-50.7320
2026-05-03 17:51:40.184,0,10,10,0.00,0.0000,0.0000,-0.2692,-0.1897,0.0000,-0.0000,0.0000,-50.7320
2026-05-03 17:51:40.684,0,10,10,0.00,0.0000,-0.0005,-0.2692,-0.1897,0.0000,-0.0000,0.0000,-50.7320
2026-05-03 17:51:41.184,0,10,10,0.00,0.0000,0.0000,-0.2692,-0.1897,0.0000,-0.0000,0.0000,-50.7320
2026-05-03 17:51:41.684,0,10,10,0.00,0.0001,0.0000,-0.2692,-0.1897,0.0000,-0.0000,0.0000,-50.7320
2026-05-03 17:51:42.184,0,10,10,0.00,0.0001,0.0000,-0.2692,-0.1897,0.0000,-0.0000,0.0000,-50.7320
2026-05-03 17:51:42.684,0,10,10,0.00,-0.0003,0.0000,-0.2692,-0.1897,0.0000,-0.0000,0.0000,-50.7320
2026-05-03 17:51:43.184,0,10,10,0.00,0.0000,0.0000,-0.2692,-0.1897,0.0000,-0.0000,0.0000,-50.7320
2026-05-03 17:51:43.684,0,10,10,0.00,0.0000,-0.0003,-0.2692,-0.1897,0.0000,-0.0000,0.0000,-50.7320
2026-05-03 17:51:44.184,0,10,10,0.00,0.0000,0.0001,-0.2692,-0.1897,0.0000,-0.0000,0.0000,-50.7320
2026-05-03 17:51:44.684,0,10,10,0.00,-0.0003,0.0000,-0.2692,-0.1897,0.0000,-0.0000,0.0000,-50.7320
2026-05-03 17:51:45.184,0,10,10,0.00,-0.0001,0.0000,-0.2692,-0.1897,0.0000,-0.0000,0.0000,-50.7320
2026-05-03 17:51:45.684,0,10,10,0.00,0.0000,-0.0001,-0.2692,-0.1897,0.0000,-0.0000,0.0000,-50.7320
2026-05-03 17:51:46.184,0,10,10,0.00,0.0003,-0.0003,-0.2692,-0.1897,0.0000,-0.0000,0.0000,-50.7320
2026-05-03 17:51:46.684,0,10,10,0.00,0.0001,0.0000,-0.2692,-0.1897,0.0000,-0.0000,0.0000,-50.7320
2026-05-03 17:51:47.184,0,10,10,0.00,0.0000,0.0000,-0.2692,-0.1897,0.0000,-0.0000,0.0000,-50.7320
2026-05-03 17:51:47.684,0,10,10,0.00,0.0001,-0.0001,-0.2692,-0.1897,0.0000,-0.0000,0.0000,-50.7320
2026-05-03 17:51:48.184,0,10,10,0.00,-0.0005,0.0001,-0.2692,-0.1897,0.0000,-0.0000,0.0000,-50.7320
2026-05-03 17:51:48.684,0,10,10,0.00,-0.0003,0.0000,-0.2692,-0.1897,0.0000,-0.0000,0.0000,-50.7320
2026-05-03 17:51:49.184,0,10,10,0.00,0.0003,0.0004,-0.2692,-0.1897,0.0000,-0.0000,0.0000,-50.7320
2026-05-03 17:51:49.684,0,10,10,0.00,-0.0001,0.0003,-0.2692,-0.1897,0.0000,-0.0000,0.0000,-50.7320
2026-05-03 17:51:50.184,0,10,10,0.00,0.0000,0.0000,-0.2692,-0.1897,0.0000,-0.0000,0.0000,-50.7320
2026-05-03 17:51:50.684,0,10,10,0.00,0.0001,-0.0004,-0.2692,-0.1897,0.0000,-0.0000,0.0000,-50.7320
2026-05-03 17:51:51.184,0,10,10,0.00,0.0001,0.0003,-0.2692,-0.1897,0.0000,-0.0000,0.0000,-50.7320
2026-05-03 17:51:51.684,0,10,10,0.00,-0.0003,0.0000,-0.2692,-0.1897,0.0000,-0.0000,0.0000,-50.7320
2026-05-03 17:51:52.184,0,10,10,0.00,0.0003,0.0000,-0.2692,-0.1897,0.0000,-0.0000,0.0000,-50.7320
2026-05-03 17:51:52.684,0,10,10,0.00,0.0001,-0.0001,-0.2692,-0.1897,0.0000,-0.0000,0.0000,-50.7320
2026-05-03 17:51:53.184,0,10,10,0.00,0.0000,0.0000,-0.2692,-0.1897,0.0000,-0.0000,0.0000,-50.7320
2026-05-03 17:51:53.684,0,10,10,0.00,0.0000,0.0003,-0.2692,-0.1897,0.0000,-0.0000,0.0000,-50.7320
2026-05-03 17:51:54.184,0,10,10,0.00,-0.0001,0.0003,-0.2692,-0.1897,0.0000,-0.0000,0.0000,-50.7320
2026-05-03 17:51:54.684,0,10,10,0.00,-0.0003,-0.0001,-0.2692,-0.1897,0.0000,-0.0000,0.0000,-50.7320
2026-05-03 17:51:55.184,0,10,10,0.00,-0.0003,-0.0004,-0.2692,-0.1897,0.0000,-0.0000,0.0000,-50.7320
2026-05-03 17:51:55.684,0,10,10,0.00,0.0000,0.0000,-0.2692,-0.1897,0.0000,-0.0000,0.0000,-50.7320
2026-05-03 17:51:56.184,0,10,10,0.00,0.0000,0.0003,-0.2692,-0.1897,0.0000,-0.0000,0.0000,-50.7320
2026-05-03 17:51:56.684,0,10,10,0.00,-0.0001,-0.0004,-0.2692,-0.1897,0.0000,-0.0000,0.0000,-50.7320
2026-05-03 17:51:57.184,0,10,10,0.00,0.0005,0.0001,-0.2692,-0.1897,0.0000,-0.0000,0.0000,-50.7320
2026-05-03 17:51:57.684,0,10,10,0.00,0.0001,0.0000,-0.2692,-0.1897,0.0000,-0.0000,0.0000,-50.7320
2026-05-03 17:51:58.184,0,10,10,0.00,0.0000,0.0001,-0.2692,-0.1897,0.0000,-0.0000,0.0000,-50.7320
2026-05-03 17:51:58.684,0,10,10,0.00,0.0000,0.0000,-0.2692,-0.1897,0.0000,-0.0000,0.0000,-50.7320
2026-05-03 17:51:59.184,0,10,10,0.00,-0.0001,0.0000,-0.2692,-0.1897,0.0000,-0.0000,0.0000,-50.7320
2026-05-03 17:51:59.684,0,10,10,0.00,0.0003,0.0000,-0.2692,-0.1897,0.0000,-0.0000,0.0000,-50.7320
2026-05-03 17:52:00.184,0,10,10,0.00,0.0000,0.0000,-0.2692,-0.1897,0.0000,-0.0000,0.0000,-50.7320
2026-05-03 17:52:00.684,0,10,10,0.00,0.0001,0.0000,-0.2692,-0.1897,0.0000,-0.0000,0.0000,-50.7320
2026-05-03 17:52:01.184,0,10,10,0.00,0.0000,0.0000,-0.2692,-0.1897,0.0000,-0.0000,0.0000,-50.7320
2026-05-03 17:52:01.684,0,10,10,0.00,-0.0001,0.0000,-0.2692,-0.1897,0.0000,-0.0000,0.0000,-50.7320
2026-05-03 17:52:02.184,0,10,10,0.00,-0.0001,0.0001,-0.2692,-0.1897,0.0000,-0.0000,0.0000,-50.7320
2026-05-03 17:52:02.684,0,10,10,0.00,0.0000,0.0000,-0.2692,-0.1897,0.0000,-0.0000,0.0000,-50.7320
2026-05-03 17:52:03.184,0,10,10,0.00,0.0005,0.0000,-0.2692,-0.1897,0.0000,-0.0000,0.0000,-50.7320
2026-05-03 17:52:03.684,0,10,10,0.00,0.0000,0.0000,-0.2692,-0.1897,0.0000,-0.0000,0.0000,-50.7320
2026-05-03 17:52:04.184,0,10,10,0.00,0.0000,0.0001,-0.2692,-0.1897,0.0000,-0.0000,0.0000,-173.3345
2026-05-03 17:52:04.684,0,10,10,0.00,0.0003,0.0000,-0.2692,-0.1897,0.0000,-0.0000,0.0000,-173.3345
2026-05-03 17:52:05.184,0,10,10,0.00,0.0000,0.0000,-0.2692,-0.1897,0.0000,-0.0000,0.0000,-173.3345
2026-05-03 17:52:05.684,0,10,10,0.00,0.0000,0.0001,-0.2692,-0.1897,0.0000,-0.0000,0.0000,-173.3345
2026-05-03 17:52:06.184,0,10,10,0.00,0.0001,-0.0001,-0.2692,-0.1897,0.0000,-0.0000,0.0000,-173.3345
2026-05-03 17:52:06.684,0,10,10,0.00,0.0001,-0.0001,-0.2692,-0.1897,0.0000,-0.0000,0.0000,-173.3345
2026-05-03 17:52:07.184,0,10,10,0.00,0.0000,0.0000,-0.2692,-0.1897,0.0000,-0.0000,0.0000,-173.3345
2026-05-03 17:52:07.684,0,10,10,0.00,-0.0001,-0.0001,-0.2692,-0.1897,0.0000,-0.0000,0.0000,-173.3345
2026-05-03 17:52:08.184,0,10,10,0.00,0.0000,0.0000,-0.2692,-0.1897,0.0000,-0.0000,0.0000,-173.3345
2026-05-03 17:52:08.684,0,10,10,0.00,-0.0001,0.0000,-0.2692,-0.1897,0.0000,-0.0000,0.0000,-173.3345
2026-05-03 17:52:09.184,0,10,10,0.00,0.0000,0.0000,-0.2692,-0.1897,0.0000,-0.0000,0.0000,-173.3345
2026-05-03 17:52:09.684,0,10,10,0.00,0.0001,0.0000,-0.2692,-0.1897,0.0000,-0.0000,0.0000,-173.3345
2026-05-03 17:52:10.184,0,10,10,0.00,0.0000,0.0000,-0.2692,-0.1897,0.0000,-0.0000,0.0000,-173.3345
2026-05-03 17:52:10.684,0,10,10,0.00,-0.0001,0.0003,-0.2692,-0.1897,0.0000,-0.0000,0.0000,-173.3345
2026-05-03 17:52:11.184,0,10,10,0.00,0.0000,0.0000,-0.2692,-0.1897,0.0000,-0.0000,0.0000,-173.3345
2026-05-03 17:52:11.684,0,10,10,0.00,0.0000,0.0003,-0.2692,-0.1897,0.0000,-0.0000,0.0000,-173.3345
2026-05-03 17:52:12.184,0,10,10,0.00,0.0004,0.0000,-0.2692,-0.1897,0.0000,-0.0000,0.0000,-173.3345
2026-05-03 17:52:12.684,0,10,10,0.00,0.0000,-0.0004,-0.2692,-0.1897,0.0000,-0.0000,0.0000,-173.3345
2026-05-03 17:52:13.184,0,10,10,0.00,-0.0004,0.0000,-0.2693,-0.1900,0.0000,-0.0000,0.0000,-173.3345
2026-05-03 17:52:13.684,0,10,10,0.00,0.0000,0.0000,-0.2693,-0.1900,0.0000,-0.0000,0.0000,-173.3345
2026-05-03 17:52:14.184,0,10,10,0.00,-0.0001,0.0000,-0.2693,-0.1900,0.0000,-0.0000,0.0000,-173.3345
2026-05-03 17:52:14.684,0,10,10,0.00,0.0000,0.0000,-0.2693,-0.1900,0.0000,-0.0000,0.0000,-173.3345
2026-05-03 17:52:15.184,0,10,10,0.00,0.0003,0.0001,-0.2693,-0.1900,0.0000,-0.0000,0.0000,-173.3345
2026-05-03 17:52:15.684,0,10,10,0.00,0.0000,-0.0001,-0.2693,-0.1900,0.0000,-0.0000,0.0000,-173.3345
2026-05-03 17:52:16.184,0,10,10,0.00,0.0000,0.0000,-0.2693,-0.1900,0.0000,-0.0000,0.0000,-173.3345
2026-05-03 17:52:16.684,0,10,10,0.00,-0.0001,0.0001,-0.2693,-0.1900,0.0000,-0.0000,0.0000,-173.3345
2026-05-03 17:52:17.184,0,10,10,0.00,-0.0001,0.0000,-0.2693,-0.1900,0.0000,-0.0000,0.0000,-173.3345
2026-05-03 17:52:17.684,0,10,10,0.00,0.0000,-0.0004,-0.2693,-0.1900,0.0000,-0.0000,0.0000,-173.3345
2026-05-03 17:52:18.184,0,10,10,0.00,-0.0001,0.0001,-0.2693,-0.1900,0.0000,-0.0000,0.0000,-173.3345
2026-05-03 17:52:18.684,0,10,10,0.00,-0.0001,0.0000,-0.2693,-0.1900,0.0000,-0.0000,0.0000,-173.3345
2026-05-03 17:52:19.184,0,10,10,0.00,0.0000,-0.0001,-0.2693,-0.1900,0.0000,-0.0000,0.0000,-173.3345
2026-05-03 17:52:19.684,0,10,10,0.00,0.0000,0.0000,-0.2693,-0.1900,0.0000,-0.0000,0.0000,-173.3345
2026-05-03 17:52:20.184,0,10,10,0.00,0.0000,0.0000,-0.2693,-0.1900,0.0000,-0.0000,0.0000,-173.3345
2026-05-03 17:52:20.684,0,10,10,0.00,0.0000,0.0001,-0.2693,-0.1900,0.0000,-0.0000,0.0000,-173.3345
2026-05-03 17:52:21.184,0,10,10,0.00,-0.0001,0.0000,-0.2693,-0.1900,0.0000,-0.0000,0.0000,-173.3345
2026-05-03 17:52:21.684,0,10,10,0.00,0.0000,0.0003,-0.2693,-0.1900,0.0000,-0.0000,0.0000,-173.3345
2026-05-03 17:52:22.184,0,10,10,0.00,0.0001,0.0000,-0.2693,-0.1901,0.0000,-0.0000,0.0000,-173.3345
2026-05-03 17:52:22.684,0,10,10,0.00,-0.0001,0.0007,-0.2693,-0.1900,0.0000,-0.0000,0.0000,-173.3345
2026-05-03 17:52:23.184,0,10,10,0.00,-0.0001,0.0004,-0.2693,-0.1900,0.0000,-0.0000,0.0000,-173.3345
2026-05-03 17:52:23.684,0,10,10,0.00,0.0003,-0.0001,-0.2693,-0.1900,0.0000,-0.0000,0.0000,-173.3345
2026-05-03 17:52:24.184,0,10,10,0.00,0.0005,0.0000,-0.2693,-0.1899,0.0000,-0.0000,0.0000,-173.3345
2026-05-03 17:52:24.684,0,10,10,0.00,0.0001,0.0000,-0.2693,-0.1899,0.0000,-0.0000,0.0000,-173.3345
2026-05-03 17:52:25.184,0,10,10,0.00,0.0000,0.0000,-0.2691,-0.1895,0.0000,-0.0000,0.0000,-173.3345
2026-05-03 17:52:25.684,0,10,10,0.00,0.0003,0.0001,-0.2691,-0.1895,0.0000,-0.0000,0.0000,-173.3345
2026-05-03 17:52:26.184,0,10,10,0.00,-0.0001,0.0000,-0.2691,-0.1895,0.0000,-0.0000,0.0000,-173.3345
2026-05-03 17:52:26.684,0,10,10,0.00,0.0000,-0.0005,-0.2691,-0.1895,0.0000,-0.0000,0.0000,-173.3345
2026-05-03 17:52:27.184,0,10,10,0.00,0.0001,-0.0001,-0.2691,-0.1895,0.0000,-0.0000,0.0000,-173.3345
2026-05-03 17:52:27.684,0,10,10,0.00,-0.0001,0.0000,-0.2691,-0.1895,0.0000,-0.0000,0.0000,-173.3345
2026-05-03 17:52:28.184,0,10,10,0.00,0.0000,-0.0003,-0.2691,-0.1895,0.0000,-0.0000,0.0000,-173.3345
2026-05-03 17:52:28.684,0,10,10,0.00,0.0000,0.0000,-0.2691,-0.1895,0.0000,-0.0000,0.0000,-173.3345
2026-05-03 17:52:29.184,0,10,10,0.00,-0.0001,0.0000,-0.2691,-0.1895,0.0000,-0.0000,0.0000,-173.3345
2026-05-03 17:52:29.684,0,10,10,0.00,-0.0001,0.0003,-0.2691,-0.1895,0.0000,-0.0000,0.0000,-173.3345
2026-05-03 17:52:30.184,0,10,10,0.00,0.0000,0.0001,-0.2691,-0.1895,0.0000,-0.0000,0.0000,-173.3345
2026-05-03 17:52:30.684,0,10,10,0.00,-0.0001,0.0000,-0.2691,-0.1895,0.0000,-0.0000,0.0000,-173.3345
2026-05-03 17:52:31.184,0,10,10,0.00,-0.0001,0.0000,-0.2691,-0.1895,0.0000,-0.0000,0.0000,-173.3345
2026-05-03 17:52:31.684,0,10,10,0.00,-0.0003,0.0000,-0.2691,-0.1895,0.0000,-0.0000,0.0000,-173.3345
2026-05-03 17:52:32.184,0,10,10,0.00,-0.0001,0.0000,-0.2691,-0.1895,0.0000,-0.0000,0.0000,-173.3345
2026-05-03 17:52:32.684,0,10,10,0.00,0.0001,0.0000,-0.2691,-0.1895,0.0000,-0.0000,0.0000,-173.3345
2026-05-03 17:52:33.184,0,10,10,0.00,0.0000,0.0000,-0.2691,-0.1895,0.0000,-0.0000,0.0000,-173.3345
2026-05-03 17:52:33.684,0,10,10,0.00,0.0000,-0.0004,-0.2691,-0.1895,0.0000,-0.0000,0.0000,-173.3345
2026-05-03 17:52:34.184,0,10,10,0.00,0.0000,-0.0003,-0.2691,-0.1895,0.0000,-0.0000,0.0000,-173.3345
2026-05-03 17:52:34.684,0,10,10,0.00,-0.0001,0.0000,-0.2691,-0.1895,0.0000,-0.0000,0.0000,-173.3345
2026-05-03 17:52:35.184,0,10,10,0.00,-0.0001,0.0000,-0.2691,-0.1895,0.0000,-0.0000,0.0000,-173.3345
2026-05-03 17:52:35.684,0,10,10,0.00,0.0000,-0.0001,-0.2691,-0.1895,0.0000,-0.0000,0.0000,-173.3345
2026-05-03 17:52:36.184,0,10,10,0.00,0.0000,0.0004,-0.2691,-0.1895,0.0000,-0.0000,0.0000,-173.3345
2026-05-03 17:52:36.684,0,10,10,0.00,0.0003,0.0001,-0.2691,-0.1895,0.0000,-0.0000,0.0000,-173.3345
2026-05-03 17:52:37.184,0,10,10,0.00,0.0000,0.0001,-0.2691,-0.1895,0.0000,-0.0000,0.0000,-173.3345
2026-05-03 17:52:37.684,0,10,10,0.00,-0.0004,0.0000,-0.2691,-0.1895,0.0000,-0.0000,0.0000,-173.3345
2026-05-03 17:52:38.184,0,10,10,0.00,0.0000,0.0000,-0.2691,-0.1895,0.0000,-0.0000,0.0000,-173.3345
2026-05-03 17:52:38.684,0,10,10,0.00,-0.0001,0.0001,-0.2691,-0.1895,0.0000,-0.0000,0.0000,-173.3345
2026-05-03 17:52:39.184,0,10,10,0.00,0.0000,0.0000,-0.2691,-0.1895,0.0000,-0.0000,0.0000,-173.3345
2026-05-03 17:52:39.684,0,10,10,0.00,-0.0001,0.0000,-0.2691,-0.1895,0.0000,-0.0000,0.0000,-173.3345
2026-05-03 17:52:40.184,0,10,10,0.00,0.0000,0.0000,-0.2691,-0.1895,0.0000,-0.0000,0.0000,-173.3345
2026-05-03 17:52:40.684,0,10,10,0.00,0.0000,0.0000,-0.2691,-0.1895,0.0000,-0.0000,0.0000,-173.3345
2026-05-03 17:52:41.184,0,10,10,0.00,0.0001,0.0001,-0.2691,-0.1895,0.0000,-0.0000,0.0000,-173.3345
2026-05-03 17:52:41.684,0,10,10,0.00,0.0003,0.0000,-0.2691,-0.1895,0.0000,-0.0000,0.0000,-173.3345
2026-05-03 17:52:42.184,0,10,10,0.00,0.0001,0.0001,-0.2691,-0.1895,0.0000,-0.0000,0.0000,-173.3345
2026-05-03 17:52:42.684,0,10,10,0.00,-0.0001,0.0000,-0.2691,-0.1895,0.0000,-0.0000,0.0000,-173.3345
2026-05-03 17:52:43.184,0,10,10,0.00,0.0000,-0.0003,-0.2691,-0.1895,0.0000,-0.0000,0.0000,-173.3345
2026-05-03 17:52:43.684,0,10,10,0.00,0.0000,0.0001,-0.2691,-0.1895,0.0000,-0.0000,0.0000,-173.3345
2026-05-03 17:52:44.184,0,10,10,0.00,0.0000,0.0000,-0.2691,-0.1895,0.0000,-0.0000,0.0000,-173.3345
2026-05-03 17:52:44.684,0,10,10,0.00,0.0000,0.0000,-0.2691,-0.1895,0.0000,-0.0000,0.0000,-173.3345
2026-05-03 17:52:45.184,0,10,10,0.00,0.0000,0.0001,-0.2691,-0.1895,0.0000,-0.0000,0.0000,-173.3345
2026-05-03 17:52:45.684,0,10,10,0.00,0.0001,0.0000,-0.2691,-0.1895,0.0000,-0.0000,0.0000,-173.3345
2026-05-03 17:52:46.184,0,10,10,0.00,-0.0003,0.0000,-0.2691,-0.1895,0.0000,-0.0000,0.0000,-173.3345
2026-05-03 17:52:46.684,0,10,10,0.00,0.0000,0.0000,-0.2691,-0.1895,0.0000,-0.0000,0.0000,-173.3345
2026-05-03 17:52:47.184,0,10,10,0.00,0.0001,0.0000,-0.2691,-0.1895,0.0000,-0.0000,0.0000,-173.3345
2026-05-03 17:52:47.684,0,10,10,0.00,-0.0001,0.0000,-0.2691,-0.1895,0.0000,-0.0000,0.0000,-173.3345
2026-05-03 17:52:48.184,0,10,10,0.00,0.0000,0.0000,-0.2691,-0.1895,0.0000,-0.0000,0.0000,-173.3345
2026-05-03 17:52:48.684,0,10,10,0.00,0.0000,0.0000,-0.2691,-0.1895,0.0000,-0.0000,0.0000,-173.3345
2026-05-03 17:52:49.184,0,10,10,0.00,0.0003,0.0000,-0.2691,-0.1895,0.0000,-0.0000,0.0000,-173.3345
2026-05-03 17:52:49.684,0,10,10,0.00,0.0000,0.0000,-0.2691,-0.1895,0.0000,-0.0000,0.0000,-173.3345
2026-05-03 17:52:50.184,0,10,10,0.00,0.0000,-0.0003,-0.2691,-0.1895,0.0000,-0.0000,0.0000,-173.3345
2026-05-03 17:52:50.684,0,10,10,0.00,0.0001,0.0001,-0.2691,-0.1895,0.0000,-0.0000,0.0000,-173.3345
2026-05-03 17:52:51.184,0,10,10,0.00,0.0000,0.0000,-0.2691,-0.1895,0.0000,-0.0000,0.0000,-173.3345
2026-05-03 17:52:51.684,0,10,10,0.00,-0.0001,0.0001,-0.2691,-0.1895,0.0000,-0.0000,0.0000,-173.3345
2026-05-03 17:52:52.184,0,10,10,0.00,0.0003,0.0000,-0.2691,-0.1895,0.0000,-0.0000,0.0000,-173.3345
2026-05-03 17:52:52.684,0,10,10,0.00,0.0000,0.0000,-0.2691,-0.1895,0.0000,-0.0000,0.0000,-173.3345
2026-05-03 17:52:53.184,0,10,10,0.00,-0.0004,0.0001,-0.2691,-0.1895,0.0000,-0.0000,0.0000,-173.3345
2026-05-03 17:52:53.684,0,10,10,0.00,0.0001,-0.0003,-0.2691,-0.1895,0.0000,-0.0000,0.0000,-173.3345
2026-05-03 17:52:54.184,0,10,10,0.00,-0.0001,0.0000,-0.2691,-0.1895,0.0000,-0.0000,0.0000,-173.3345
2026-05-03 17:52:54.684,0,10,10,0.00,0.0000,-0.0001,-0.2691,-0.1895,0.0000,-0.0000,0.0000,-173.3345
2026-05-03 17:52:55.184,0,10,10,0.00,0.0000,0.0000,-0.2691,-0.1895,0.0000,-0.0000,0.0000,-173.3345
2026-05-03 17:52:55.684,0,10,10,0.00,0.0001,0.0000,-0.2691,-0.1895,0.0000,-0.0000,0.0000,-173.3345
2026-05-03 17:52:56.184,0,10,10,0.00,0.0000,0.0001,-0.2691,-0.1895,0.0000,-0.0000,0.0000,-173.3345
2026-05-03 17:52:56.684,0,10,10,0.00,0.0001,0.0001,-0.2691,-0.1895,0.0000,-0.0000,0.0000,-173.3345
2026-05-03 17:52:57.184,0,10,10,0.00,0.0003,0.0000,-0.2691,-0.1895,0.0000,-0.0000,0.0000,-173.3345
2026-05-03 17:52:57.684,0,10,10,0.00,0.0000,-0.0003,-0.2691,-0.1895,0.0000,-0.0000,0.0000,-173.3345
2026-05-03 17:52:58.184,0,10,10,0.00,0.0003,-0.0001,-0.2691,-0.1895,0.0000,-0.0000,0.0000,-173.3345
2026-05-03 17:52:58.684,0,10,10,0.00,0.0000,0.0000,-0.2691,-0.1895,0.0000,-0.0000,0.0000,-173.3345
2026-05-03 17:52:59.184,0,10,10,0.00,0.0001,-0.0001,-0.2691,-0.1895,0.0000,-0.0000,0.0000,-173.3345
2026-05-03 17:52:59.684,0,10,10,0.00,-0.0001,0.0001,-0.2691,-0.1895,0.0000,-0.0000,0.0000,-173.3345
2026-05-03 17:53:00.184,0,10,10,0.00,0.0000,-0.0001,-0.2691,-0.1895,0.0000,-0.0000,0.0000,-173.3345
2026-05-03 17:53:00.684,0,10,10,0.00,0.0000,0.0000,-0.2691,-0.1895,0.0000,-0.0000,0.0000,-173.3345
2026-05-03 17:53:01.184,0,10,10,0.00,0.0000,0.0000,-0.2691,-0.1895,0.0000,-0.0000,0.0000,-173.3345
2026-05-03 17:53:01.684,0,10,10,0.00,0.0000,0.0000,-0.2691,-0.1895,0.0000,-0.0000,0.0000,-173.3345
2026-05-03 17:53:02.184,0,10,10,0.00,-0.0001,0.0000,-0.2691,-0.1895,0.0000,-0.0000,0.0000,-173.3345
2026-05-03 17:53:02.684,0,10,10,0.00,0.0001,-0.0001,-0.2691,-0.1895,0.0000,-0.0000,0.0000,-173.3345
2026-05-03 17:53:03.184,0,10,10,0.00,0.0000,0.0000,-0.2691,-0.1895,0.0000,-0.0000,0.0000,-173.3345
2026-05-03 17:53:03.684,0,10,10,0.00,0.0000,0.0000,-0.2691,-0.1895,0.0000,-0.0000,0.0000,-173.3345
2026-05-03 17:53:04.184,0,10,10,0.00,0.0003,0.0000,-0.2691,-0.1895,0.0000,-0.0000,0.0000,-173.3345
2026-05-03 17:53:04.684,0,10,10,0.00,0.0001,0.0000,-0.2691,-0.1895,0.0000,-0.0000,0.0000,-173.3345
2026-05-03 17:53:05.184,0,10,10,0.00,0.0000,0.0003,-0.2692,-0.1895,0.0000,-0.0000,0.0000,-173.3345
2026-05-03 17:53:05.684,0,10,10,0.00,-0.0005,-0.0003,-0.2691,-0.1895,0.0000,-0.0000,0.0000,-173.3345
2026-05-03 17:53:06.184,0,10,10,0.00,0.0000,-0.0009,-0.2691,-0.1895,0.0000,-0.0000,0.0000,-173.3345
2026-05-03 17:53:06.684,0,10,10,0.00,-0.0003,0.0001,-0.2691,-0.1895,0.0000,-0.0000,0.0000,-173.3345
2026-05-03 17:53:07.184,0,10,10,0.00,0.0003,0.0001,-0.2691,-0.1895,0.0000,-0.0000,0.0000,-173.3345
2026-05-03 17:53:07.684,0,10,10,0.00,0.0001,-0.0004,-0.2691,-0.1895,0.0000,-0.0000,0.0000,-173.3345
2026-05-03 17:53:08.184,0,10,10,0.00,-0.0001,0.0000,-0.2691,-0.1895,0.0000,-0.0000,0.0000,-173.3345
2026-05-03 17:53:08.684,0,10,10,0.00,0.0001,0.0003,-0.2691,-0.1895,0.0000,-0.0000,0.0000,-173.3345
2026-05-03 17:53:09.184,0,10,10,0.00,-0.0001,0.0005,-0.2691,-0.1895,0.0000,-0.0000,0.0000,-173.3345
2026-05-03 17:53:09.684,0,9,10,0.00,0.0000,0.0000,-0.2691,-0.1895,0.0000,-0.0000,0.0000,-173.3345
2026-05-03 17:53:10.184,0,10,10,0.00,0.0001,0.0000,-0.2691,-0.1895,0.0000,-0.0000,0.0000,-173.3345
2026-05-03 17:53:10.684,0,10,10,0.00,-0.0001,0.0000,-0.2691,-0.1895,0.0000,-0.0000,0.0000,-173.3345
2026-05-03 17:53:11.184,0,10,10,0.00,0.0000,0.0000,-0.2691,-0.1895,0.0000,-0.0000,0.0000,-173.3345
2026-05-03 17:53:11.684,0,10,10,0.00,0.0000,0.0000,-0.2691,-0.1895,0.0000,-0.0000,0.0000,-173.3345
2026-05-03 17:53:12.184,0,9,10,0.00,-0.0001,-0.0001,-0.2691,-0.1895,0.0000,-0.0000,0.0000,-173.3345
2026-05-03 17:53:12.684,0,10,10,0.00,0.0000,-0.0001,-0.2691,-0.1895,0.0000,-0.0000,0.0000,-173.3345
2026-05-03 17:53:13.184,0,10,10,0.00,0.0000,0.0000,-0.2691,-0.1895,0.0000,-0.0000,0.0000,-173.3345
2026-05-03 17:53:13.684,0,10,10,0.00,0.0001,0.0000,-0.2691,-0.1895,0.0000,-0.0000,0.0000,-173.3345
2026-05-03 17:53:14.184,0,10,10,0.00,0.0000,0.0000,-0.2692,-0.1895,0.0000,-0.0000,0.0000,-173.3345
2026-05-03 17:53:14.684,0,10,10,0.00,-0.0003,-0.0003,-0.2692,-0.1896,0.0000,-0.0000,0.0000,-173.3345
2026-05-03 17:53:15.184,0,10,10,0.00,0.0000,-0.0004,-0.2693,-0.1901,0.0000,-0.0000,0.0000,-173.3345
2026-05-03 17:53:15.684,0,10,10,0.00,0.0000,0.0001,-0.2693,-0.1901,0.0000,-0.0000,0.0000,-173.3345
2026-05-03 17:53:16.184,0,10,10,0.00,0.0000,0.0001,-0.2693,-0.1901,0.0000,-0.0000,0.0000,-173.3345
2026-05-03 17:53:16.684,0,10,10,0.00,-0.0003,0.0004,-0.2693,-0.1901,0.0000,-0.0000,0.0000,-173.3345
2026-05-03 17:53:17.184,0,10,10,0.00,0.0000,-0.0001,-0.2693,-0.1901,0.0000,-0.0000,0.0000,-173.3345
2026-05-03 17:53:17.684,0,10,10,0.00,0.0001,0.0001,-0.2693,-0.1901,0.0000,-0.0000,0.0000,-173.3345
2026-05-03 17:53:18.184,0,10,10,0.00,0.0000,0.0000,-0.2693,-0.1901,0.0000,-0.0000,0.0000,-173.3345
2026-05-03 17:53:18.684,0,10,10,0.00,-0.0003,0.0000,-0.2693,-0.1901,0.0000,-0.0000,0.0000,-173.3345
2026-05-03 17:53:19.184,0,10,10,0.00,-0.0001,0.0000,-0.2693,-0.1901,0.0000,-0.0000,0.0000,-173.3345
2026-05-03 17:53:19.684,0,10,10,0.00,-0.0001,0.0000,-0.2693,-0.1901,0.0000,-0.0000,0.0000,-173.3345
2026-05-03 17:53:20.184,0,10,10,0.00,-0.0001,-0.0001,-0.2693,-0.1901,0.0000,-0.0000,0.0000,-173.3345
2026-05-03 17:53:20.684,0,10,10,0.00,-0.0007,-0.0004,-0.2694,-0.1901,0.0000,-0.0000,0.0000,0.3135
2026-05-03 17:53:21.184,0,10,10,0.00,0.0000,0.0012,-0.2692,-0.1897,0.0000,-0.0000,0.0000,0.3135
2026-05-03 17:53:21.684,0,10,10,0.00,-0.0001,0.0000,-0.2692,-0.1896,0.0000,-0.0000,0.0000,0.3135
2026-05-03 17:53:22.184,0,10,10,0.00,0.0001,0.0000,-0.2692,-0.1896,0.0000,-0.0000,0.0000,0.3135
2026-05-03 17:53:22.684,0,10,10,0.00,-0.0004,0.0001,-0.2692,-0.1896,0.0000,-0.0000,0.0000,0.3135
2026-05-03 17:53:23.184,0,10,10,0.00,-0.0001,0.0003,-0.2692,-0.1896,0.0000,-0.0000,0.0000,0.3135
2026-05-03 17:53:23.684,0,10,10,0.00,-0.0004,0.0000,-0.2692,-0.1896,0.0000,-0.0000,0.0000,0.3135
2026-05-03 17:53:24.184,0,10,10,0.00,0.0001,0.0001,-0.2692,-0.1896,0.0000,-0.0000,0.0000,0.3135
2026-05-03 17:53:24.684,0,10,10,0.00,0.0000,-0.0001,-0.2692,-0.1896,0.0000,-0.0000,0.0000,0.3135
2026-05-03 17:53:25.184,0,10,10,0.00,0.0000,-0.0001,-0.2692,-0.1896,0.0000,-0.0000,0.0000,0.3135
2026-05-03 17:53:25.684,0,10,10,0.00,0.0000,0.0001,-0.2692,-0.1896,0.0000,-0.0000,0.0000,0.3135
2026-05-03 17:53:26.184,0,10,10,0.00,0.0001,0.0000,-0.2692,-0.1896,0.0000,-0.0000,0.0000,0.3135
2026-05-03 17:53:26.684,0,10,10,0.00,0.0001,0.0000,-0.2692,-0.1896,0.0000,-0.0000,0.0000,0.3135
2026-05-03 17:53:27.184,0,10,10,0.00,0.0000,-0.0003,-0.2692,-0.1896,0.0000,-0.0000,0.0000,0.3135
2026-05-03 17:53:27.684,0,10,10,0.00,0.0004,0.0001,-0.2692,-0.1896,0.0000,-0.0000,0.0000,0.3135
2026-05-03 17:53:28.184,0,10,10,0.00,0.0001,-0.0004,-0.2692,-0.1896,0.0000,-0.0000,0.0000,0.3135
2026-05-03 17:53:28.684,0,9,10,0.00,0.0000,0.0000,-0.2692,-0.1896,0.0000,-0.0000,0.0000,0.3135
2026-05-03 17:53:29.184,0,10,10,0.00,-0.0001,0.0001,-0.2692,-0.1896,0.0000,-0.0000,0.0000,0.3135
2026-05-03 17:53:29.684,0,10,10,0.00,0.0000,0.0000,-0.2692,-0.1896,0.0000,-0.0000,0.0000,0.3135
2026-05-03 17:53:30.184,0,10,10,0.00,0.0001,0.0001,-0.2692,-0.1896,0.0000,-0.0000,0.0000,0.3135
2026-05-03 17:53:30.684,0,10,10,0.00,-0.0343,0.0113,-0.2685,-0.1879,0.0000,-0.0000,0.0000,0.3135
2026-05-03 17:53:31.184,0,10,10,0.00,-0.2054,0.1533,-0.2498,-0.1405,0.0000,-0.0000,0.0000,-0.8328
2026-05-03 17:53:31.684,0,10,10,0.00,-0.0986,0.1249,-0.2110,-0.0502,0.0000,-0.0000,0.0000,-2.8631
2026-05-03 17:53:32.184,0,10,10,0.00,0.0788,-0.0838,-0.2133,-0.0564,0.0000,-0.0000,0.0000,-0.6358
2026-05-03 17:53:32.684,0,10,10,0.00,0.2517,-0.2555,-0.2455,-0.1390,0.0000,-0.0000,0.0000,0.2522
2026-05-03 17:53:33.184,0,10,10,0.00,0.1484,-0.2072,-0.2937,-0.2618,0.0000,-0.0000,0.0000,0.4102
2026-05-03 17:53:33.684,0,10,10,0.00,-0.0386,0.0698,-0.3010,-0.2789,0.0000,-0.0000,0.0000,-4.1898
2026-05-03 17:53:34.184,0,10,10,0.00,-0.0910,0.1550,-0.2775,-0.2285,0.0000,-0.0000,0.0000,-3.9263
2026-05-03 17:53:34.684,0,10,10,0.00,0.0008,0.0277,-0.2712,-0.2145,0.0000,-0.0000,0.0000,-2.3004
2026-05-03 17:53:35.184,0,10,10,0.00,0.0000,0.0334,-0.2670,-0.2039,0.0000,-0.0000,0.0000,-0.8905
2026-05-03 17:53:35.684,0,10,10,0.00,0.0001,0.0000,-0.2664,-0.2023,0.0000,-0.0000,0.0000,0.3127
2026-05-03 17:53:36.184,0,10,10,0.00,0.0000,0.0000,-0.2664,-0.2023,0.0000,-0.0000,0.0000,0.3127
2026-05-03 17:53:36.684,0,10,10,0.00,0.0001,-0.0001,-0.2664,-0.2023,0.0000,-0.0000,0.0000,0.3127
2026-05-03 17:53:37.184,0,10,10,0.00,0.0003,-0.0001,-0.2664,-0.2023,0.0000,-0.0000,0.0000,0.3127
2026-05-03 17:53:37.684,0,10,10,0.00,0.0003,0.0000,-0.2664,-0.2023,0.0000,-0.0000,0.0000,0.3127
2026-05-03 17:53:38.184,0,10,10,0.00,0.0001,-0.0001,-0.2664,-0.2023,0.0000,-0.0000,0.0000,0.3127
2026-05-03 17:53:38.684,0,10,10,0.00,-0.0001,0.0000,-0.2664,-0.2023,0.0000,-0.0000,0.0000,0.3127
2026-05-03 17:53:39.184,0,10,10,0.00,0.0000,0.0001,-0.2664,-0.2023,0.0000,-0.0000,0.0000,0.3127
2026-05-03 17:53:39.684,0,10,10,0.00,0.0000,0.0000,-0.2664,-0.2023,0.0000,-0.0000,0.0000,0.3127
2026-05-03 17:53:40.184,0,10,10,0.00,0.0001,0.0001,-0.2664,-0.2023,0.0000,-0.0000,0.0000,0.3127
2026-05-03 17:53:40.684,0,10,10,0.00,0.0003,-0.0001,-0.2664,-0.2023,0.0000,-0.0000,0.0000,0.3127
2026-05-03 17:53:41.184,0,10,10,0.00,0.0000,0.0000,-0.2664,-0.2023,0.0000,-0.0000,0.0000,0.3127
2026-05-03 17:53:41.684,0,10,10,0.00,0.0000,0.0000,-0.2664,-0.2023,0.0000,-0.0000,0.0000,0.3127
2026-05-03 17:53:42.184,0,10,10,0.00,0.0000,-0.0001,-0.2664,-0.2023,0.0000,-0.0000,0.0000,0.3127
2026-05-03 17:53:42.684,0,10,10,0.00,0.0000,-0.0001,-0.2664,-0.2023,0.0000,-0.0000,0.0000,0.3127
2026-05-03 17:53:43.184,0,10,10,0.00,0.0001,0.0003,-0.2664,-0.2023,0.0000,-0.0000,0.0000,0.3127
2026-05-03 17:53:43.684,0,10,10,0.00,-0.0001,-0.0004,-0.2664,-0.2023,0.0000,-0.0000,0.0000,0.3127
2026-05-03 17:53:44.184,0,10,10,0.00,-0.0440,0.0216,-0.2655,-0.1996,0.0000,-0.3239,0.2761,0.3127
2026-05-03 17:53:44.684,0,10,10,0.00,-0.2122,0.2029,-0.2442,-0.1439,0.0000,-0.4037,0.1963,0.7121
2026-05-03 17:53:45.184,0,10,10,0.00,-0.3631,0.1901,-0.1961,-0.0290,0.0000,-0.4298,0.1702,-0.8859
2026-05-03 17:53:45.684,0,10,10,0.00,-0.4376,0.1440,-0.1190,0.0968,0.0000,-0.4383,0.1617,-10.0712
2026-05-03 17:53:46.184,0,10,10,0.00,-0.4415,0.1477,-0.0146,0.1981,0.0000,-0.4411,0.1589,-25.9822
2026-05-03 17:53:46.684,0,10,10,0.00,-0.4426,0.1614,0.1156,0.2716,0.0000,-0.4421,0.1579,-42.0033
2026-05-03 17:53:47.184,0,10,10,0.00,-0.4388,0.1587,0.2608,0.3118,0.0000,-0.4424,0.1576,-56.4923
2026-05-03 17:53:47.684,0,9,10,0.00,-0.4305,0.1600,0.4100,0.3153,0.0000,-0.4322,0.1678,-70.9636
2026-05-03 17:53:48.184,0,10,10,0.00,-0.4216,0.1744,0.5550,0.2832,0.0000,-0.4126,0.1874,-85.5278
2026-05-03 17:53:48.684,0,10,10,0.00,-0.3698,0.2258,0.6900,0.2220,0.0000,-0.3639,0.2361,-97.9256
2026-05-03 17:53:49.184,0,10,10,0.00,-0.3957,0.2990,0.8230,0.1396,0.0000,-0.4362,0.3752,-104.8882
2026-05-03 17:53:49.684,0,10,10,0.00,-0.5434,0.4578,0.9941,0.0113,0.0000,-0.6923,0.7133,-109.9571
2026-05-03 17:53:50.184,0,10,10,0.00,-0.6295,0.6210,1.2130,-0.1798,0.0000,-0.4484,0.5981,-114.3795
2026-05-03 17:53:50.684,0,10,10,0.00,-0.3324,0.4727,1.4105,-0.3523,0.0000,-0.1797,0.4203,-114.9852
2026-05-03 17:53:51.184,0,9,10,0.00,-0.1846,0.3720,1.5350,-0.4371,0.0000,-0.1976,0.4024,-106.7854
2026-05-03 17:53:51.684,0,10,10,0.00,-0.2771,0.4371,1.6781,-0.5015,0.0000,-0.3528,0.4567,-96.7452
2026-05-03 17:53:52.184,0,10,10,0.00,-0.4355,0.5240,1.8807,-0.5623,0.0000,-0.5004,0.5534,-88.5105
2026-05-03 17:53:52.684,0,10,10,0.00,-0.5347,0.5894,2.1420,-0.6205,0.0000,-0.5279,0.5849,-84.5840
2026-05-03 17:53:53.184,0,10,10,0.00,-0.5377,0.6020,2.4177,-0.6675,0.0000,-0.5690,0.6157,-81.6555
2026-05-03 17:53:53.684,0,10,10,0.00,-0.5189,0.5388,2.6937,-0.7007,0.0000,-0.5137,0.5271,-78.6280
2026-05-03 17:53:54.184,0,10,10,0.00,-0.4982,0.4962,2.9469,-0.7259,0.0000,-0.4954,0.4912,-77.4836
2026-05-03 17:53:54.684,0,10,10,0.00,-0.4813,0.4697,3.1884,-0.7500,0.0000,-0.4727,0.4625,-77.4415
2026-05-03 17:53:55.184,0,10,10,0.00,-0.4502,0.4434,3.4171,-0.7744,0.0000,-0.4446,0.4415,-78.2793
2026-05-03 17:53:55.684,0,10,10,0.00,-0.4246,0.4214,3.6338,-0.7980,0.0000,-0.4253,0.4145,-78.1460
2026-05-03 17:53:56.184,0,10,10,0.00,-0.4127,0.3989,3.8387,-0.8214,0.0000,-0.4031,0.3929,-78.4889
2026-05-03 17:53:56.684,0,10,10,0.00,-0.3784,0.3869,4.0318,-0.8458,0.0000,-0.3751,0.3798,-79.7814
2026-05-03 17:53:57.184,0,10,10,0.00,-0.3618,0.3551,4.2164,-0.8682,0.0000,-0.3621,0.3533,-79.0126
2026-05-03 17:53:57.684,0,10,10,0.00,-0.3498,0.3300,4.3910,-0.8897,0.0000,-0.3451,0.3329,-78.9088
2026-05-03 17:53:58.184,0,9,10,0.00,-0.3199,0.3119,4.5537,-0.9119,0.0000,-0.3175,0.3248,-80.3229
2026-05-03 17:53:58.684,0,10,10,0.00,-0.3029,0.3172,4.7106,-0.9333,0.0000,-0.3033,0.3062,-80.0168
2026-05-03 17:53:59.184,0,10,10,0.00,-0.3051,0.2979,4.8613,-0.9526,0.0000,-0.3062,0.2938,-79.2227
2026-05-03 17:53:59.684,0,10,10,0.00,-0.3076,0.2864,5.0096,-0.9723,0.0000,-0.3046,0.2954,-79.4417
2026-05-03 17:54:00.184,0,9,10,0.00,-0.2967,0.2987,5.1551,-0.9939,0.0000,-0.2933,0.3067,-81.0109
2026-05-03 17:54:00.684,0,9,10,0.00,-0.2933,0.3146,5.3038,-1.0153,0.0000,-0.2968,0.3032,-80.7210
2026-05-03 17:54:01.184,0,8,10,0.00,-0.3049,0.3021,5.4384,-1.0326,0.0000,-0.3066,0.2934,-79.2694
2026-05-03 17:54:01.684,0,9,10,0.00,-0.3029,0.2855,5.6004,-1.0545,0.0000,-0.3027,0.2973,-79.7523
2026-05-03 17:54:02.184,0,9,10,0.00,-0.2970,0.3056,5.7474,-1.0761,0.0000,-0.2945,0.3055,-80.9088
2026-05-03 17:54:02.684,0,9,10,0.00,-0.2944,0.3097,5.8946,-1.0973,0.0000,-0.2968,0.3032,-80.7475
2026-05-03 17:54:03.184,0,9,10,0.00,-0.3026,0.3087,6.0447,-1.1172,0.0000,-0.3043,0.2957,-79.6658
2026-05-03 17:54:03.684,0,9,10,0.00,-0.3060,0.2889,6.1933,-1.1367,0.0000,-0.3061,0.2939,-79.2819
2026-05-03 17:54:04.184,0,9,10,0.00,-0.3008,0.2949,6.3390,-1.1580,0.0000,-0.2968,0.3032,-80.5457
2026-05-03 17:54:04.684,0,9,10,0.00,-0.2910,0.3114,6.4869,-1.1799,0.0000,-0.2941,0.3059,-81.0218
2026-05-03 17:54:05.184,0,9,10,0.00,-0.3032,0.3068,6.6361,-1.2000,0.0000,-0.3038,0.2962,-79.7518
2026-05-03 17:54:05.684,0,9,10,0.00,-0.3081,0.2843,6.7848,-1.2197,0.0000,-0.3056,0.2944,-79.3644
2026-05-03 17:54:06.184,0,9,10,0.00,-0.3003,0.2985,6.9312,-1.2412,0.0000,-0.2955,0.3045,-80.7142
2026-05-03 17:54:06.684,0,9,10,0.00,-0.2950,0.3165,7.0798,-1.2632,0.0000,-0.2943,0.3057,-80.9573
2026-05-03 17:54:07.184,0,8,10,0.00,-0.2956,0.3071,7.2301,-1.2828,0.0000,-0.3045,0.2955,-79.5998
2026-05-03 17:54:07.684,0,9,10,0.00,-0.3033,0.2897,7.3802,-1.3013,0.0000,-0.3071,0.2929,-78.7860
2026-05-03 17:54:08.186,0,10,10,0.00,-0.3047,0.2850,7.5419,-1.3236,0.0000,-0.3071,0.2929,-79.1953
2026-05-03 17:54:08.684,0,9,10,0.00,-0.3098,0.2966,7.6748,-1.3445,0.0000,-0.3071,0.2929,-81.5138
2026-05-03 17:54:09.184,0,9,10,0.00,-0.2471,0.2525,7.8193,-1.3688,0.0000,-0.0000,0.0000,-82.0810
2026-05-03 17:54:09.684,0,9,10,0.00,0.0008,-0.0060,7.8666,-1.3767,0.0000,-0.0000,0.0000,-80.5168
2026-05-03 17:54:10.184,0,9,10,0.00,0.0003,-0.0001,7.8645,-1.3764,0.0000,-0.0000,0.0000,-80.5168
2026-05-03 17:54:10.684,0,9,10,0.00,0.0000,0.0000,7.8645,-1.3764,0.0000,-0.0000,0.0000,-80.5168
2026-05-03 17:54:11.184,0,9,10,0.00,0.0000,0.0000,8.0422,-1.4790,0.0000,-0.0000,0.0000,-133.0971
2026-05-03 17:54:11.684,0,9,10,0.00,0.0003,0.0001,8.0422,-1.4790,0.0000,-0.0000,0.0000,-1.8709
2026-05-03 17:54:12.184,0,9,10,0.00,0.0000,0.0000,8.0422,-1.4790,0.0000,-0.0000,0.0000,-133.0774
2026-05-03 17:54:12.684,0,9,10,0.00,0.0000,0.0000,8.0422,-1.4790,0.0000,-0.0000,0.0000,-1.8570
2026-05-03 17:54:13.184,0,9,10,0.00,-0.0003,-0.0004,8.0422,-1.4790,0.0000,-0.0000,0.0000,-1.8704
2026-05-03 17:54:13.684,0,9,10,0.00,0.0000,0.0000,8.0422,-1.4790,0.0000,-0.0000,0.0000,-1.9135
2026-05-03 17:54:14.184,0,9,10,0.00,0.0001,-0.0003,8.0422,-1.4790,0.0000,-0.0000,0.0000,-1.9135
2026-05-03 17:54:14.684,0,9,10,0.00,0.0001,0.0000,8.0422,-1.4790,0.0000,-0.0000,0.0000,-1.9135
2026-05-03 17:54:15.184,0,9,10,0.00,0.0003,0.0000,8.0422,-1.4790,0.0000,-0.0000,0.0000,-1.9135
2026-05-03 17:54:15.684,0,9,10,0.00,0.0000,0.0000,8.0422,-1.4790,0.0000,-0.0000,0.0000,-1.9135
2026-05-03 17:54:16.184,0,9,10,0.00,0.0000,0.0000,8.0422,-1.4790,0.0000,-0.0000,0.0000,-1.9135
2026-05-03 17:54:16.684,0,9,10,0.00,0.0000,0.0000,8.0422,-1.4790,0.0000,-0.0000,0.0000,-1.9135
2026-05-03 17:54:17.184,0,9,10,0.00,-0.0003,0.0000,8.0422,-1.4790,0.0000,-0.0000,0.0000,-1.9135
2026-05-03 17:54:17.684,0,9,10,0.00,0.0000,-0.0001,8.0422,-1.4790,0.0000,-0.0000,0.0000,-1.9135
2026-05-03 17:54:18.184,0,9,10,0.00,0.0000,0.0000,8.0422,-1.4790,0.0000,-0.0000,0.0000,-1.9135
2026-05-03 17:54:18.684,0,9,10,0.00,0.0000,0.0000,8.0422,-1.4790,0.0000,-0.0000,0.0000,-1.9135
2026-05-03 17:54:19.184,0,9,10,0.00,-0.0001,0.0000,8.0422,-1.4790,0.0000,-0.0000,0.0000,-1.9009
2026-05-03 17:54:19.684,0,9,10,0.00,0.0001,0.0000,8.0422,-1.4790,0.0000,-0.0000,0.0000,-1.9009
2026-05-03 17:54:20.184,0,10,10,0.00,0.0003,-0.0003,8.0422,-1.4790,0.0000,-0.0000,0.0000,-1.9009
2026-05-03 17:54:20.684,0,10,10,0.00,0.0232,-0.0105,8.0415,-1.4782,0.0000,-0.0000,0.0000,-1.9009
2026-05-03 17:54:21.184,0,10,10,0.00,0.1839,-0.1488,8.0142,-1.4457,0.0000,-0.0000,0.0000,-0.8388
2026-05-03 17:54:21.684,0,10,10,0.00,0.2268,-0.3270,7.9318,-1.3520,0.0000,-0.0000,0.0000,-135.0606
2026-05-03 17:54:22.184,0,10,10,0.00,0.2720,-0.4716,7.8352,-1.2192,0.0000,-0.0000,0.0000,-141.5612
2026-05-03 17:54:22.684,0,10,10,0.00,-0.0020,-0.1780,7.7841,-1.1226,0.0000,-0.0000,0.0000,-14.1568
2026-05-03 17:54:23.184,0,10,10,0.00,-0.0001,0.0042,7.7820,-1.1170,0.0000,-0.0000,0.0000,-18.5025
2026-05-03 17:54:23.684,0,10,10,0.00,-0.0001,0.0000,7.7821,-1.1174,0.0000,-0.0000,0.0000,-18.4395
2026-05-03 17:54:24.184,0,10,10,0.00,0.0000,0.0000,7.7821,-1.1174,0.0000,-0.0000,0.0000,-18.4395
2026-05-03 17:54:24.684,0,10,10,0.00,0.0000,0.0000,7.7821,-1.1174,0.0000,-0.0000,0.0000,-18.4395
2026-05-03 17:54:25.184,0,10,10,0.00,0.0000,0.0000,7.7821,-1.1174,0.0000,-0.0000,0.0000,-18.4395
2026-05-03 17:54:25.684,0,10,10,0.00,0.0001,0.0004,7.7821,-1.1174,0.0000,-0.0000,0.0000,-18.4395
2026-05-03 17:54:26.184,0,10,10,0.00,0.0000,-0.0004,7.7821,-1.1174,0.0000,-0.0000,0.0000,-18.4395
2026-05-03 17:54:26.684,0,10,10,0.00,0.0000,-0.0003,7.7821,-1.1174,0.0000,-0.0000,0.0000,-18.4395
2026-05-03 17:54:27.184,0,9,10,0.00,0.0000,-0.0001,7.7821,-1.1174,0.0000,-0.0000,0.0000,-18.4395
2026-05-03 17:54:27.684,0,10,10,0.00,0.0001,-0.0001,7.7821,-1.1174,0.0000,-0.0000,0.0000,-85.6483
2026-05-03 17:54:28.184,0,10,10,0.00,-0.0003,-0.0001,7.7821,-1.1174,0.0000,-0.0000,0.0000,-85.6483
2026-05-03 17:54:28.684,0,10,10,0.00,0.0001,-0.0001,7.7821,-1.1174,0.0000,-0.0000,0.0000,-85.6483
2026-05-03 17:54:29.184,0,10,10,0.00,0.0000,0.0000,7.7820,-1.1172,0.0000,-0.0000,0.0000,-85.6483
2026-05-03 17:54:29.684,0,10,10,0.00,0.1309,-0.0878,7.7734,-1.0950,0.0000,-0.0000,0.0000,-85.6483
2026-05-03 17:54:30.184,0,10,10,0.00,0.2949,-0.2763,7.7315,-0.9950,0.0000,-0.0000,0.0000,-92.9761
2026-05-03 17:54:30.684,0,10,10,0.00,0.4437,-0.3797,7.6582,-0.8255,0.0000,-0.0000,0.0000,-93.3349
2026-05-03 17:54:31.184,0,10,10,0.00,0.4452,-0.4167,7.5667,-0.6302,0.0000,-0.0000,0.0000,-90.2486
2026-05-03 17:54:31.684,0,10,10,0.00,0.4276,-0.4219,7.4694,-0.4293,0.0000,-0.0000,0.0000,-89.5279
2026-05-03 17:54:32.184,0,10,10,0.00,0.3998,-0.1310,7.3968,-0.2862,0.0000,-0.0000,0.0000,-89.1721
2026-05-03 17:54:32.684,0,10,10,0.00,0.4490,0.0869,7.3260,-0.2050,0.0000,-0.0000,0.0000,-69.8927
2026-05-03 17:54:33.184,0,10,10,0.00,0.3939,0.2769,7.2694,-0.1811,0.0000,-0.0000,0.0000,-39.1125
2026-05-03 17:54:33.684,0,10,10,0.00,0.0729,0.4554,7.3006,-0.1694,0.0000,-0.0000,0.0000,-5.4374
2026-05-03 17:54:34.184,0,10,10,0.00,0.0000,0.4612,7.3931,-0.0987,0.0000,-0.0000,0.0000,18.8562
2026-05-03 17:54:34.684,0,10,10,0.00,-0.0495,0.4525,7.4491,0.0007,0.0000,-0.0000,0.0000,43.6134
2026-05-03 17:54:35.184,0,10,10,0.00,-0.2190,0.4500,7.4750,0.1483,0.0000,-0.0000,0.0000,62.3682
2026-05-03 17:54:35.684,0,10,10,0.00,-0.3784,0.4530,7.4712,0.3363,0.0000,-0.0000,0.0000,72.1999
2026-05-03 17:54:36.184,0,10,10,0.00,-0.4521,0.4325,7.4533,0.5557,0.0000,-0.0000,0.0000,73.7773
2026-05-03 17:54:36.684,0,10,10,0.00,-0.4424,0.4410,7.4362,0.7778,0.0000,-0.0000,0.0000,72.6936
2026-05-03 17:54:37.184,0,10,10,0.00,-0.4479,0.4434,7.4192,1.0007,0.0000,-0.0000,0.0000,72.6737
2026-05-03 17:54:37.684,0,10,10,0.00,-0.4492,0.4516,7.4025,1.2244,0.0000,-0.0000,0.0000,72.5947
2026-05-03 17:54:38.184,0,10,10,0.00,-0.4401,0.2448,7.3889,1.4307,0.0000,-0.0000,0.0000,72.1569
2026-05-03 17:54:38.684,0,10,10,0.00,-0.4495,-0.0463,7.4016,1.5647,0.0000,-0.0000,0.0000,59.9411
2026-05-03 17:54:39.184,0,10,10,0.00,-0.4417,-0.1958,7.4411,1.6339,0.0000,-0.0000,0.0000,32.9452
2026-05-03 17:54:39.684,0,10,10,0.00,-0.4460,-0.3563,7.4757,1.6536,0.0000,-0.0000,0.0000,-1.5195
2026-05-03 17:54:40.184,0,10,10,0.00,-0.4521,-0.4546,7.4801,1.6538,0.0000,-0.0000,0.0000,-43.7919
2026-05-03 17:54:40.684,0,10,10,0.00,-0.1509,-0.1995,7.4742,1.6636,0.0000,-0.0000,0.0000,-88.0415
2026-05-03 17:54:41.184,0,10,10,0.00,-0.0001,0.0115,7.4741,1.6637,0.0000,-0.0000,0.0000,-97.9764
2026-05-03 17:54:41.684,0,10,10,0.00,-0.0853,-0.0373,7.4760,1.6578,0.0000,-0.0000,0.0000,-97.3889
2026-05-03 17:54:42.184,0,10,10,0.00,-0.2452,-0.1960,7.4788,1.6432,0.0000,-0.0000,0.0000,-107.7660
2026-05-03 17:54:42.684,0,10,10,0.00,-0.2024,-0.2609,7.4803,1.6419,0.0000,-0.0000,0.0000,-135.1367
2026-05-03 17:54:43.184,0,10,10,0.00,0.0017,0.0169,7.4869,1.6523,0.0000,-0.0000,0.0000,-153.9936
2026-05-03 17:54:43.684,0,10,10,0.00,-0.0024,-0.0003,7.4859,1.6509,0.0000,-0.0000,0.0000,-152.6798
2026-05-03 17:54:44.184,0,10,10,0.00,-0.0105,-0.0260,7.4845,1.6488,0.0000,-0.0000,0.0000,-154.2827
2026-05-03 17:54:44.684,0,10,10,0.00,0.0000,0.0123,7.4852,1.6497,0.0000,-0.0000,0.0000,-157.4978
2026-05-03 17:54:45.184,0,10,10,0.00,0.1526,0.1906,7.4828,1.6464,0.0000,-0.0000,0.0000,-154.7292
2026-05-03 17:54:45.684,0,10,10,0.00,0.2911,0.3223,7.4804,1.6407,0.0000,-0.0000,0.0000,-133.6571
2026-05-03 17:54:46.184,0,10,10,0.00,-0.0085,0.0652,7.4827,1.6211,0.0000,-0.0000,0.0000,-105.7456
2026-05-03 17:54:46.684,0,10,10,0.00,-0.1033,-0.0399,7.4846,1.6119,0.0000,-0.0000,0.0000,-102.7446
2026-05-03 17:54:47.184,0,10,10,0.00,-0.2651,-0.2335,7.4858,1.5974,0.0000,-0.0000,0.0000,-114.4157
2026-05-03 17:54:47.684,0,10,10,0.00,-0.1884,-0.2159,7.4866,1.5973,0.0000,-0.0000,0.0000,-143.7735
2026-05-03 17:54:48.184,0,10,10,0.00,0.0007,0.0232,7.4898,1.6016,0.0000,-0.0000,0.0000,-160.7744
2026-05-03 17:54:48.684,0,10,10,0.00,0.0656,0.0514,7.4892,1.6009,0.0000,-0.0000,0.0000,-159.2545
2026-05-03 17:54:49.184,0,10,10,0.00,0.2377,0.2206,7.4893,1.6012,0.0000,-0.0000,0.0000,-147.7150
2026-05-03 17:54:49.684,0,9,10,0.00,0.2125,0.2839,7.4900,1.5968,0.0000,-0.0000,0.0000,-119.5964
2026-05-03 17:54:50.184,0,10,10,0.00,-0.0052,-0.0001,7.4936,1.5819,0.0000,-0.0000,0.0000,-100.5161
2026-05-03 17:54:50.684,0,10,10,0.00,0.0000,-0.0001,7.4933,1.5829,0.0000,-0.0000,0.0000,-100.5161
2026-05-03 17:54:51.184,0,10,10,0.00,-0.0001,0.0000,7.4933,1.5829,0.0000,-0.0000,0.0000,-100.5161
2026-05-03 17:54:51.684,0,10,10,0.00,0.0001,0.0001,7.4933,1.5829,0.0000,-0.0000,0.0000,-100.5161
2026-05-03 17:54:52.184,0,10,10,0.00,0.0000,0.0000,7.4933,1.5829,0.0000,-0.0000,0.0000,-100.5161
2026-05-03 17:54:52.684,0,10,10,0.00,-0.0001,0.0000,7.4933,1.5829,0.0000,-0.0000,0.0000,-100.5161
2026-05-03 17:54:53.184,0,10,10,0.00,-0.0001,0.0000,7.4933,1.5829,0.0000,-0.0000,0.0000,-100.5161
2026-05-03 17:54:53.684,0,10,10,0.00,0.0000,0.0001,7.4933,1.5829,0.0000,-0.0000,0.0000,-100.5161
2026-05-03 17:54:54.184,0,10,10,0.00,0.0000,0.0000,7.4933,1.5829,0.0000,-0.0000,0.0000,-100.5161
2026-05-03 17:54:54.684,0,10,10,0.00,-0.0001,0.0001,7.4933,1.5829,0.0000,-0.0000,0.0000,-100.5161
2026-05-03 17:54:55.184,0,10,10,0.00,0.0000,0.0000,7.4933,1.5829,0.0000,-0.0000,0.0000,-100.5161
2026-05-03 17:54:55.684,0,10,10,0.00,0.0000,0.0000,7.4933,1.5829,0.0000,-0.0000,0.0000,-100.5161
2026-05-03 17:54:56.184,0,10,10,0.00,0.0000,0.0003,7.4933,1.5829,0.0000,-0.0000,0.0000,-100.5161
2026-05-03 17:54:56.684,0,10,10,0.00,-0.0870,0.0543,7.4961,1.5725,0.0000,-0.0000,0.0000,-100.5161
2026-05-03 17:54:57.184,0,10,10,0.00,0.0022,0.0160,7.5014,1.5507,0.0000,-0.0000,0.0000,-102.2847
2026-05-03 17:54:57.684,0,10,10,0.00,-0.0003,-0.0001,7.5014,1.5508,0.0000,-0.0000,0.0000,-102.2847
2026-05-03 17:54:58.184,0,10,10,0.00,0.0000,-0.0381,7.5009,1.5527,0.0000,-0.0000,0.0000,-102.2847
2026-05-03 17:54:58.684,0,10,10,0.00,-0.0001,-0.0003,7.5009,1.5529,0.0000,-0.0000,0.0000,-102.2847
2026-05-03 17:54:59.184,0,10,10,0.00,-0.0432,0.0199,7.5015,1.5503,0.0000,-0.0000,0.0000,-102.2847
2026-05-03 17:54:59.684,0,10,10,0.00,-0.2104,0.1823,7.5142,1.4915,0.0000,-0.0000,0.0000,-103.3763
2026-05-03 17:55:00.184,0,10,10,0.00,-0.3678,0.3377,7.5416,1.3516,0.0000,-0.0000,0.0000,-106.1070
2026-05-03 17:55:00.690,0,10,10,0.00,-0.4532,0.4716,7.5817,1.1375,0.0000,-0.0000,0.0000,-106.3820
2026-05-03 17:55:01.184,0,10,10,0.00,-0.4466,0.4424,7.6253,0.9172,0.0000,-0.0000,0.0000,-106.3175
2026-05-03 17:55:01.684,0,10,10,0.00,-0.3464,0.4228,7.6681,0.7039,0.0000,-0.0000,0.0000,-106.1053
2026-05-03 17:55:02.184,0,10,10,0.00,-0.0245,0.1107,7.6946,0.5992,0.0000,-0.0000,0.0000,-101.3190
2026-05-03 17:55:02.684,0,9,10,0.00,0.0001,-0.0052,7.6948,0.5986,0.0000,-0.0000,0.0000,-99.4193
2026-05-03 17:55:03.184,0,10,10,0.00,0.0000,0.0000,7.6948,0.5986,0.0000,-0.0000,0.0000,-99.4193
2026-05-03 17:55:03.684,0,10,10,0.00,0.0000,0.0000,7.6948,0.5986,0.0000,-0.0000,0.0000,-99.4193
2026-05-03 17:55:04.184,0,10,10,0.00,0.0001,0.0000,7.6948,0.5986,0.0000,-0.0000,0.0000,-99.4193
2026-05-03 17:55:04.684,0,10,10,0.00,0.0001,0.0000,7.6948,0.5986,0.0000,-0.0000,0.0000,-99.4193
2026-05-03 17:55:05.184,0,10,10,0.00,0.0001,0.0000,7.6948,0.5986,0.0000,-0.0000,0.0000,-99.4193
2026-05-03 17:55:05.684,0,10,10,0.00,0.0000,0.0001,7.6948,0.5986,0.0000,-0.0000,0.0000,-99.4193
2026-05-03 17:55:06.184,0,10,10,0.00,0.0000,0.0000,7.6948,0.5986,0.0000,-0.0000,0.0000,-99.4193
2026-05-03 17:55:06.684,0,10,10,0.00,0.0001,-0.0001,7.6948,0.5986,0.0000,-0.0000,0.0000,-99.4193
2026-05-03 17:55:07.184,0,10,10,0.00,0.0000,0.0000,7.6948,0.5986,0.0000,-0.0000,0.0000,-99.4193
2026-05-03 17:55:07.684,0,10,10,0.00,0.0000,-0.0001,7.6948,0.5986,0.0000,-0.0000,0.0000,-89.2079
2026-05-03 17:55:08.184,0,10,10,0.00,-0.0001,0.0000,7.6948,0.5986,0.0000,-0.0000,0.0000,-89.2079
2026-05-03 17:55:08.684,0,10,10,0.00,0.0001,-0.0001,7.6948,0.5986,0.0000,-0.0000,0.0000,-89.2079
2026-05-03 17:55:09.184,0,10,10,0.00,0.1395,-0.0999,7.6866,0.6236,0.0000,-0.0000,0.0000,-89.2079
2026-05-03 17:55:09.684,0,10,10,0.00,0.2926,-0.1088,7.6581,0.6951,0.0000,-0.0000,0.0000,-92.8805
2026-05-03 17:55:10.184,0,10,10,0.00,0.4479,-0.2905,7.5827,0.8248,0.0000,-0.0000,0.0000,-84.6432
2026-05-03 17:55:10.684,0,9,10,0.00,0.4451,-0.4275,7.4612,0.9890,0.0000,-0.0000,0.0000,-78.0379
2026-05-03 17:55:11.184,0,10,10,0.00,0.4458,-0.4405,7.3225,1.1702,0.0000,-0.0000,0.0000,-78.1129
2026-05-03 17:55:11.684,0,10,10,0.00,0.4494,-0.4420,7.1878,1.3489,0.0000,-0.0000,0.0000,-77.3045
2026-05-03 17:55:12.184,0,10,10,0.00,0.4051,-0.4427,7.0576,1.5222,0.0000,-0.0000,0.0000,-77.5684
2026-05-03 17:55:12.684,0,10,10,0.00,0.3914,-0.4661,6.9344,1.6961,0.0000,-0.0000,0.0000,-79.5442
2026-05-03 17:55:13.184,0,10,10,0.00,0.4236,-0.4462,6.8236,1.8736,0.0000,-0.0000,0.0000,-82.6831
2026-05-03 17:55:13.684,0,10,10,0.00,0.3983,-0.4502,6.7182,2.0573,0.0000,-0.0000,0.0000,-83.7713
2026-05-03 17:55:14.184,0,10,10,0.00,0.4308,-0.4674,6.6188,2.2490,0.0000,-0.0000,0.0000,-87.4574
2026-05-03 17:55:14.684,0,10,10,0.00,0.4492,-0.4423,6.5206,2.4498,0.0000,-0.0000,0.0000,-87.7841
2026-05-03 17:55:15.184,0,10,10,0.00,0.3632,-0.3960,6.4252,2.6424,0.0000,-0.0000,0.0000,-87.3313
2026-05-03 17:55:15.684,0,10,10,0.00,0.0420,-0.0699,6.3833,2.7312,0.0000,-0.0000,0.0000,-90.3263
2026-05-03 17:55:16.184,0,10,10,0.00,-0.1305,0.1130,6.3956,2.7028,0.0000,-0.0000,0.0000,-90.3263
2026-05-03 17:55:16.684,0,10,10,0.00,-0.3101,0.2602,6.4365,2.6039,0.0000,-0.0000,0.0000,-92.5459
2026-05-03 17:55:17.184,0,10,10,0.00,-0.4513,0.4663,6.5063,2.4257,0.0000,-0.0000,0.0000,-93.6932
2026-05-03 17:55:17.684,0,10,10,0.00,-0.4492,0.4457,6.5916,2.2140,0.0000,-0.0000,0.0000,-94.2622
2026-05-03 17:55:18.184,0,10,10,0.00,-0.4479,0.4472,6.6747,2.0078,0.0000,-0.0000,0.0000,-94.8380
2026-05-03 17:55:18.684,0,10,10,0.00,-0.4490,0.4547,6.7581,1.7998,0.0000,-0.0000,0.0000,-95.0468
2026-05-03 17:55:19.184,0,10,10,0.00,-0.4470,0.4486,6.8429,1.5910,0.0000,-0.0000,0.0000,-94.2412
2026-05-03 17:55:19.684,0,10,10,0.00,-0.4409,0.4359,6.9267,1.3930,0.0000,-0.0000,0.0000,-94.1491
2026-05-03 17:55:20.184,0,10,10,0.00,-0.2948,0.4490,7.0127,1.1974,0.0000,-0.0000,0.0000,-93.5130
2026-05-03 17:55:20.684,0,10,10,0.00,-0.4244,0.4460,7.1085,1.0259,0.0000,-0.0000,0.0000,-85.9315
2026-05-03 17:55:21.184,0,10,10,0.00,-0.4466,0.4211,7.2243,0.8326,0.0000,-0.0000,0.0000,-85.7300
2026-05-03 17:55:21.684,0,9,10,0.00,-0.4498,0.4420,7.3346,0.6430,0.0000,-0.0000,0.0000,-86.4567
2026-05-03 17:55:22.184,0,10,10,0.00,-0.4538,0.3813,7.4392,0.4570,0.0000,-0.0000,0.0000,-86.5692
2026-05-03 17:55:22.684,0,10,10,0.00,-0.2572,0.2106,7.5151,0.3020,0.0000,-0.0000,0.0000,-92.1649
2026-05-03 17:55:23.184,0,9,10,0.00,0.0012,-0.0064,7.5301,0.2682,0.0000,-0.0000,0.0000,-93.1102
2026-05-03 17:55:23.684,0,9,10,0.00,0.0995,-0.0821,7.5227,0.2850,0.0000,-0.0000,0.0000,-92.5454
2026-05-03 17:55:24.184,0,10,10,0.00,0.2702,-0.2418,7.4835,0.3717,0.0000,-0.0000,0.0000,-92.0838
2026-05-03 17:55:24.684,0,10,10,0.00,0.4279,-0.4291,7.4091,0.5296,0.0000,-0.0000,0.0000,-90.9746
2026-05-03 17:55:25.184,0,9,10,0.00,0.4456,-0.4532,7.3121,0.7348,0.0000,-0.0000,0.0000,-91.1572
2026-05-03 17:55:25.684,0,10,10,0.00,0.4423,-0.4317,7.2181,0.9374,0.0000,-0.0000,0.0000,-91.3715
2026-05-03 17:55:26.184,0,10,10,0.00,0.4474,-0.4578,7.1233,1.1408,0.0000,-0.0000,0.0000,-91.9056
2026-05-03 17:55:26.684,0,10,10,0.00,0.4509,-0.4369,7.0296,1.3424,0.0000,-0.0000,0.0000,-91.5082
2026-05-03 17:55:27.184,0,10,10,0.00,0.4457,-0.4558,6.9345,1.5435,0.0000,-0.0000,0.0000,-91.2994
2026-05-03 17:55:27.684,0,10,10,0.00,0.4462,-0.4465,6.8388,1.7480,0.0000,-0.0000,0.0000,-92.1306
2026-05-03 17:55:28.184,0,10,10,0.00,0.4473,-0.4380,6.7445,1.9495,0.0000,-0.0000,0.0000,-91.4750
2026-05-03 17:55:28.684,0,10,10,0.00,0.2306,-0.2648,6.6637,2.1222,0.0000,-0.0000,0.0000,-91.8032
2026-05-03 17:55:29.184,0,10,10,0.00,-0.0380,0.0411,6.6463,2.1623,0.0000,-0.0000,0.0000,-94.3685
2026-05-03 17:55:29.684,0,10,10,0.00,-0.1530,0.1763,6.6658,2.1153,0.0000,-0.0000,0.0000,-95.0315
2026-05-03 17:55:30.184,0,10,10,0.00,-0.3199,0.3615,6.7161,1.9969,0.0000,-0.0000,0.0000,-95.1903
2026-05-03 17:55:30.684,0,10,10,0.00,-0.3771,0.4748,6.8005,1.8209,0.0000,-0.0000,0.0000,-92.9061
2026-05-03 17:55:31.184,0,10,10,0.00,-0.4512,0.4474,6.9089,1.6230,0.0000,-0.0000,0.0000,-90.6033
2026-05-03 17:55:31.688,0,10,10,0.00,-0.4506,0.4409,7.0153,1.4283,0.0000,-0.0000,0.0000,-91.5145
2026-05-03 17:55:32.184,0,10,10,0.00,-0.4447,0.4444,7.1224,1.2307,0.0000,-0.0000,0.0000,-91.7674
2026-05-03 17:55:32.684,0,10,10,0.00,-0.4472,0.4453,7.2291,1.0347,0.0000,-0.0000,0.0000,-91.3299
2026-05-03 17:55:33.184,0,10,10,0.00,-0.4534,0.4533,7.3355,0.8380,0.0000,-0.0000,0.0000,-92.0762
2026-05-03 17:55:33.684,0,10,10,0.00,-0.4466,0.4534,7.4417,0.6413,0.0000,-0.0000,0.0000,-91.9199
2026-05-03 17:55:34.184,0,10,10,0.00,-0.4453,0.4318,7.5485,0.4444,0.0000,-0.0000,0.0000,-91.8402
2026-05-03 17:55:34.684,0,10,10,0.00,-0.3681,0.3998,7.6515,0.2534,0.0000,-0.0000,0.0000,-92.6925
2026-05-03 17:55:35.184,0,10,10,0.00,-0.0473,0.0661,7.7037,0.1604,0.0000,-0.0000,0.0000,-89.7836
2026-05-03 17:55:35.684,0,9,10,0.00,0.1052,0.0766,7.7006,0.1654,0.0000,-0.0000,0.0000,-88.8614
2026-05-03 17:55:36.184,0,10,10,0.00,0.2700,0.2617,7.6960,0.1712,0.0000,-0.0000,0.0000,-78.6606
2026-05-03 17:55:36.684,0,10,10,0.00,0.4284,0.4136,7.6922,0.1727,0.0000,-0.0000,0.0000,-49.4695
2026-05-03 17:55:37.184,0,10,10,0.00,0.4525,0.4568,7.6932,0.1736,0.0000,-0.0000,0.0000,-5.5966
2026-05-03 17:55:37.684,0,10,10,0.00,0.4507,0.4527,7.6927,0.1731,0.0000,-0.0000,0.0000,39.7732
2026-05-03 17:55:38.184,0,10,10,0.00,0.4456,0.4574,7.6920,0.1742,0.0000,-0.0000,0.0000,86.6977
2026-05-03 17:55:38.684,0,10,10,0.00,0.4495,0.4452,7.6934,0.1738,0.0000,-0.0000,0.0000,135.4816
2026-05-03 17:55:39.184,0,10,10,0.00,0.4477,0.4481,7.6925,0.1739,0.0000,-0.0000,0.0000,-176.8452
2026-05-03 17:55:39.684,0,10,10,0.00,0.4464,0.4485,7.6929,0.1747,0.0000,-0.0000,0.0000,-129.9614
2026-05-03 17:55:40.184,0,9,10,0.00,0.3163,0.3635,7.6950,0.1716,0.0000,-0.0000,0.0000,-82.8811
2026-05-03 17:55:40.684,0,10,10,0.00,0.0052,0.0245,7.7031,0.1651,0.0000,-0.0000,0.0000,-52.7257
2026-05-03 17:55:41.184,0,10,10,0.00,0.0000,0.0000,7.7032,0.1650,0.0000,-0.0000,0.0000,-51.7739
2026-05-03 17:55:41.684,0,10,10,0.00,-0.0001,0.0001,7.7032,0.1650,0.0000,-0.0000,0.0000,-51.7739
2026-05-03 17:55:42.184,0,10,10,0.00,0.0000,0.0000,7.7032,0.1650,0.0000,-0.0000,0.0000,-51.7739
2026-05-03 17:55:42.684,0,10,10,0.00,-0.0001,0.0001,7.7032,0.1650,0.0000,-0.0000,0.0000,-51.7739
2026-05-03 17:55:43.184,0,10,10,0.00,-0.0003,0.0001,7.7032,0.1650,0.0000,-0.0000,0.0000,-51.7739
2026-05-03 17:55:43.684,0,10,10,0.00,-0.0153,-0.0007,7.7036,0.1648,0.0000,-0.0000,0.0000,-51.7739
2026-05-03 17:55:44.184,0,10,10,0.00,-0.1741,-0.1274,7.7088,0.1609,0.0000,-0.0000,0.0000,-55.5707
2026-05-03 17:55:44.684,0,10,10,0.00,-0.3237,-0.3352,7.7122,0.1576,0.0000,-0.0000,0.0000,-75.0881
2026-05-03 17:55:45.184,0,10,10,0.00,-0.4532,-0.4627,7.7122,0.1594,0.0000,-0.0000,0.0000,-112.2887
2026-05-03 17:55:45.684,0,10,10,0.00,-0.4464,-0.4523,7.7156,0.1635,0.0000,-0.0000,0.0000,-162.3863
2026-05-03 17:55:46.184,0,10,10,0.00,-0.4449,-0.4371,7.7128,0.1634,0.0000,-0.0000,0.0000,150.8167
2026-05-03 17:55:46.687,0,10,10,0.00,-0.4477,-0.4530,7.7131,0.1628,0.0000,-0.0000,0.0000,104.3372
2026-05-03 17:55:47.185,0,10,10,0.00,-0.4475,-0.4430,7.7134,0.1624,0.0000,-0.0000,0.0000,57.5986
2026-05-03 17:55:47.684,0,10,10,0.00,-0.4483,-0.4495,7.7138,0.1630,0.0000,-0.0000,0.0000,12.1309
2026-05-03 17:55:48.184,0,10,10,0.00,-0.3064,-0.2995,7.7132,0.1629,0.0000,-0.0000,0.0000,-37.4826
2026-05-03 17:55:48.684,0,10,10,0.00,0.0003,0.0007,7.7193,0.1602,0.0000,-0.0000,0.0000,-62.8548
2026-05-03 17:55:49.184,0,10,10,0.00,0.0000,0.0000,7.7205,0.1596,0.0000,-0.0000,0.0000,-62.3499
2026-05-03 17:55:49.684,0,10,10,0.00,0.0000,0.0001,7.7205,0.1596,0.0000,-0.0000,0.0000,-62.3499
2026-05-03 17:55:50.184,0,10,10,0.00,0.0001,0.0000,7.7205,0.1596,0.0000,-0.0000,0.0000,-62.3499
2026-05-03 17:55:50.684,0,10,10,0.00,0.0000,0.0001,7.7205,0.1596,0.0000,-0.0000,0.0000,-62.3499
2026-05-03 17:55:51.184,0,10,10,0.00,0.0000,0.0001,7.7205,0.1596,0.0000,-0.0000,0.0000,-62.3499
2026-05-03 17:55:51.684,0,10,10,0.00,0.0000,0.0000,7.7205,0.1596,0.0000,-0.0000,0.0000,-62.3499
2026-05-03 17:55:52.184,0,10,10,0.00,0.0000,0.0000,7.7205,0.1596,0.0000,-0.0000,0.0000,-62.3499
2026-05-03 17:55:52.684,0,10,10,0.00,0.0000,0.0001,7.7205,0.1596,0.0000,-0.0000,0.0000,-62.3499
2026-05-03 17:55:53.184,0,10,10,0.00,0.0000,0.0005,7.7205,0.1596,0.0000,-0.0000,0.0000,-62.3499
2026-05-03 17:55:53.684,0,10,10,0.00,-0.0001,0.0005,7.7205,0.1596,0.0000,-0.0000,0.0000,-62.3499
2026-05-03 17:55:54.184,0,10,10,0.00,-0.0003,-0.0001,7.7205,0.1596,0.0000,-0.0000,0.0000,-62.3499
2026-05-03 17:55:54.684,0,10,10,0.00,-0.0001,0.0001,7.7205,0.1596,0.0000,-0.0000,0.0000,-62.3499
2026-05-03 17:55:55.184,0,10,10,0.00,-0.0001,-0.0003,7.7205,0.1596,0.0000,-0.0000,0.0000,-62.3499
2026-05-03 17:55:55.684,0,10,10,0.00,0.0004,0.0001,7.7205,0.1596,0.0000,-0.0000,0.0000,-62.3499
2026-05-03 17:55:56.184,0,10,10,0.00,0.0001,0.0000,7.7205,0.1596,0.0000,-0.0000,0.0000,-62.3499
2026-05-03 17:55:56.684,0,10,10,0.00,0.0000,0.0000,7.7205,0.1596,0.0000,-0.0000,0.0000,-62.3499
2026-05-03 17:55:57.184,0,10,10,0.00,-0.0001,0.0000,7.7205,0.1596,0.0000,-0.0000,0.0000,-62.3499
2026-05-03 17:55:57.684,0,10,10,0.00,-0.0001,0.0000,7.7205,0.1596,0.0000,-0.0000,0.0000,-62.3499
2026-05-03 17:55:58.184,0,10,10,0.00,-0.0001,0.0000,7.7205,0.1596,0.0000,-0.0000,0.0000,-62.3499
2026-05-03 17:55:58.684,0,10,10,0.00,0.0000,0.0000,7.7205,0.1596,0.0000,-0.0000,0.0000,-62.3499
2026-05-03 17:55:59.184,0,10,10,0.00,-0.0003,0.0000,7.7205,0.1596,0.0000,-0.0000,0.0000,-62.3499
2026-05-03 17:55:59.684,0,10,10,0.00,0.0000,0.0000,7.7205,0.1596,0.0000,-0.0000,0.0000,-62.3499
2026-05-03 17:56:00.184,0,10,10,0.00,-0.0003,0.0001,7.7205,0.1596,0.0000,-0.0000,0.0000,-62.3499
2026-05-03 17:56:00.684,0,10,10,0.00,0.0001,-0.0001,7.7205,0.1596,0.0000,-0.0000,0.0000,-62.3499
2026-05-03 17:56:01.184,0,10,10,0.00,-0.0001,-0.0001,7.7205,0.1596,0.0000,-0.0000,0.0000,-62.3499
2026-05-03 17:56:01.684,0,10,10,0.00,-0.0003,0.0000,7.7205,0.1596,0.0000,-0.0000,0.0000,-62.3499
2026-05-03 17:56:02.184,0,10,10,0.00,0.0000,0.0001,7.7205,0.1596,0.0000,-0.0000,0.0000,-62.3499
2026-05-03 17:56:02.684,0,10,10,0.00,0.0000,0.0003,7.7205,0.1596,0.0000,-0.0000,0.0000,-62.3499
2026-05-03 17:56:03.184,0,10,10,0.00,0.0003,0.0003,7.7205,0.1596,0.0000,-0.0000,0.0000,-62.3499
2026-05-03 17:56:03.684,0,10,10,0.00,-0.0001,0.0001,7.7205,0.1596,0.0000,-0.0000,0.0000,-62.3499
2026-05-03 17:56:04.184,0,10,10,0.00,0.0001,0.0001,7.7205,0.1596,0.0000,-0.0000,0.0000,-62.3499
2026-05-03 17:56:04.684,0,10,10,0.00,0.0000,0.0000,7.7205,0.1596,0.0000,-0.0000,0.0000,-62.3499
2026-05-03 17:56:05.184,0,10,10,0.00,-0.0004,0.0001,7.7205,0.1596,0.0000,-0.0000,0.0000,-62.3499
2026-05-03 17:56:05.684,0,10,10,0.00,0.0003,0.0000,7.7205,0.1596,0.0000,-0.0000,0.0000,-62.3499
2026-05-03 17:56:06.184,0,10,10,0.00,0.0000,0.0000,7.7205,0.1596,0.0000,-0.0000,0.0000,-62.3499
2026-05-03 17:56:06.684,0,10,10,0.00,0.0003,0.0000,7.7205,0.1596,0.0000,-0.0000,0.0000,-62.3499
2026-05-03 17:56:07.184,0,10,10,0.00,0.0000,0.0000,7.7205,0.1596,0.0000,-0.0000,0.0000,-62.3499
2026-05-03 17:56:07.684,0,10,10,0.00,0.0000,0.0000,7.7205,0.1596,0.0000,-0.0000,0.0000,-62.3499
2026-05-03 17:56:08.184,0,10,10,0.00,0.0000,-0.0001,7.7205,0.1596,0.0000,-0.0000,0.0000,-62.3499
2026-05-03 17:56:08.684,0,10,10,0.00,0.0001,-0.0001,7.7205,0.1596,0.0000,-0.0000,0.0000,-62.3499
2026-05-03 17:56:09.184,0,10,10,0.00,-0.0001,0.0000,7.7205,0.1596,0.0000,-0.0000,0.0000,-62.3499
2026-05-03 17:56:09.684,0,10,10,0.00,0.0001,0.0001,7.7205,0.1596,0.0000,-0.0000,0.0000,-62.3499
2026-05-03 17:56:10.184,0,10,10,0.00,-0.0001,-0.0001,7.7205,0.1596,0.0000,-0.0000,0.0000,-62.3499
2026-05-03 17:56:10.684,0,10,10,0.00,0.0003,0.0000,7.7205,0.1596,0.0000,-0.0000,0.0000,-62.3499
2026-05-03 17:56:11.184,0,10,10,0.00,0.0000,0.0001,7.7205,0.1596,0.0000,-0.0000,0.0000,-62.3499
2026-05-03 17:56:11.684,0,10,10,0.00,-0.0004,0.0000,7.7205,0.1596,0.0000,-0.0000,0.0000,-62.3499
2026-05-03 17:56:12.184,0,10,10,0.00,0.0000,0.0000,7.7205,0.1596,0.0000,-0.0000,0.0000,-62.3499
2026-05-03 17:56:12.684,0,10,10,0.00,0.0001,0.0000,7.7205,0.1596,0.0000,-0.0000,0.0000,-62.3499
2026-05-03 17:56:13.184,0,10,10,0.00,0.0000,0.0001,7.7205,0.1596,0.0000,-0.0000,0.0000,-62.3499
2026-05-03 17:56:13.684,0,10,10,0.00,-0.0005,0.0000,7.7205,0.1596,0.0000,-0.0000,0.0000,-62.3499
2026-05-03 17:56:14.184,0,10,10,0.00,0.0000,0.0001,7.7205,0.1596,0.0000,-0.0000,0.0000,-61.7936
2026-05-03 17:56:14.684,0,10,10,0.00,0.0000,0.0001,7.7205,0.1596,0.0000,-0.0000,0.0000,-61.7936
2026-05-03 17:56:15.184,0,10,10,0.00,-0.0003,0.0000,7.7205,0.1596,0.0000,-0.0000,0.0000,-61.7936
2026-05-03 17:56:15.684,0,10,10,0.00,0.0001,-0.0001,7.7205,0.1596,0.0000,-0.0000,0.0000,-61.7936
2026-05-03 17:56:16.184,0,10,10,0.00,0.0003,0.0000,7.7205,0.1596,0.0000,-0.0000,0.0000,-61.7936
2026-05-03 17:56:16.684,0,10,10,0.00,-0.0001,0.0000,7.7205,0.1596,0.0000,-0.0000,0.0000,-61.7936
2026-05-03 17:56:17.184,0,10,10,0.00,0.0000,0.0003,7.7205,0.1596,0.0000,-0.0000,0.0000,-61.7936
2026-05-03 17:56:17.684,0,10,10,0.00,0.0001,-0.0001,7.7205,0.1596,0.0000,-0.0000,0.0000,-61.7936
2026-05-03 17:56:18.184,0,10,10,0.00,0.0001,0.0000,7.7205,0.1596,0.0000,-0.0000,0.0000,-61.7936
2026-05-03 17:56:18.684,0,10,10,0.00,-0.0001,0.0000,7.7205,0.1596,0.0000,-0.0000,0.0000,-61.7936
2026-05-03 17:56:19.184,0,10,10,0.00,-0.0001,0.0000,7.7205,0.1596,0.0000,-0.0000,0.0000,-61.7936
2026-05-03 17:56:19.684,0,10,10,0.00,0.0000,0.0001,7.7205,0.1596,0.0000,-0.0000,0.0000,-61.7936
2026-05-03 17:56:20.184,0,10,10,0.00,0.0000,0.0001,7.7205,0.1596,0.0000,-0.0000,0.0000,-61.7936
2026-05-03 17:56:20.684,0,10,10,0.00,0.0000,0.0000,7.7205,0.1596,0.0000,-0.0000,0.0000,-61.7936
2026-05-03 17:56:21.184,0,10,10,0.00,0.0001,-0.0001,7.7205,0.1596,0.0000,-0.0000,0.0000,-61.7936
2026-05-03 17:56:21.684,0,10,10,0.00,-0.0001,0.0000,7.7205,0.1596,0.0000,-0.0000,0.0000,-61.7936
2026-05-03 17:56:22.184,0,10,10,0.00,-0.0001,0.0000,7.7205,0.1596,0.0000,-0.0000,0.0000,-61.7936
2026-05-03 17:56:22.684,0,10,10,0.00,-0.0003,0.0000,7.7205,0.1596,0.0000,-0.0000,0.0000,-61.7936
2026-05-03 17:56:23.184,0,10,10,0.00,0.0000,0.0000,7.7205,0.1596,0.0000,-0.0000,0.0000,-61.7936
2026-05-03 17:56:23.684,0,10,10,0.00,-0.0003,0.0000,7.7205,0.1596,0.0000,-0.0000,0.0000,-61.7936
2026-05-03 17:56:24.184,0,10,10,0.00,0.0000,0.0000,7.7205,0.1596,0.0000,-0.0000,0.0000,-61.7936
2026-05-03 17:56:24.684,0,10,10,0.00,0.0000,0.0000,7.7205,0.1596,0.0000,-0.0000,0.0000,-61.7936
2026-05-03 17:56:25.184,0,10,10,0.00,0.0001,0.0000,7.7205,0.1596,0.0000,-0.0000,0.0000,-61.7936
2026-05-03 17:56:25.684,0,10,10,0.00,-0.0001,0.0000,7.7205,0.1596,0.0000,-0.0000,0.0000,-61.7936
2026-05-03 17:56:26.184,0,10,10,0.00,-0.0001,0.0000,7.7205,0.1596,0.0000,-0.0000,0.0000,-61.7936
2026-05-03 17:56:26.684,0,10,10,0.00,0.0001,-0.0001,7.7205,0.1596,0.0000,-0.0000,0.0000,-61.7936
2026-05-03 17:56:27.184,0,10,10,0.00,0.0001,-0.0001,7.7205,0.1596,0.0000,-0.0000,0.0000,-61.7936
2026-05-03 17:56:27.684,0,10,10,0.00,-0.0001,0.0000,7.7205,0.1596,0.0000,-0.0000,0.0000,-61.7936
2026-05-03 17:56:28.184,0,10,10,0.00,0.0448,-0.0745,7.7091,0.1656,0.0000,-0.0000,0.0000,-61.7936
2026-05-03 17:56:28.684,0,9,10,0.00,0.2054,-0.3384,7.6286,0.2150,0.0000,-0.0000,0.0000,-65.8167
2026-05-03 17:56:29.184,0,10,10,0.00,0.3588,-0.4355,7.4912,0.3191,0.0000,-0.0000,0.0000,-71.1184
2026-05-03 17:56:29.684,0,10,10,0.00,0.4536,-0.3220,7.3367,0.4425,0.0000,-0.0000,0.0000,-71.3055
2026-05-03 17:56:30.184,0,10,10,0.00,0.4500,-0.4299,7.1636,0.5590,0.0000,-0.0000,0.0000,-63.9951
2026-05-03 17:56:30.684,0,10,10,0.00,0.4513,-0.4576,6.9751,0.6801,0.0000,-0.0000,0.0000,-63.3313
2026-05-03 17:56:31.184,0,10,10,0.00,0.4515,-0.4601,6.7856,0.8038,0.0000,-0.0000,0.0000,-63.9218
2026-05-03 17:56:31.684,0,10,10,0.00,0.4473,-0.4432,6.5986,0.9267,0.0000,-0.0000,0.0000,-64.0644
2026-05-03 17:56:32.184,0,10,10,0.00,0.4063,-0.4465,6.4135,1.0477,0.0000,-0.0000,0.0000,-63.9005
2026-05-03 17:56:32.684,0,10,10,0.00,0.3079,-0.4402,6.2646,1.1589,0.0000,-0.0000,0.0000,-68.4148
2026-05-03 17:56:33.184,0,10,10,0.00,0.4568,-0.4613,6.1058,1.3049,0.0000,-0.0000,0.0000,-74.0109
2026-05-03 17:56:33.684,0,10,10,0.00,0.2893,-0.4397,5.9644,1.4439,0.0000,-0.0000,0.0000,-74.5371
2026-05-03 17:56:34.184,0,9,10,0.00,0.3533,-0.4451,5.8578,1.5785,0.0000,-0.0000,0.0000,-83.6998
2026-05-03 17:56:34.684,0,10,10,0.00,0.4536,-0.4517,5.7345,1.7598,0.0000,-0.0000,0.0000,-86.7496
2026-05-03 17:56:35.184,0,10,10,0.00,0.3835,-0.4431,5.6121,1.9423,0.0000,-0.0000,0.0000,-86.4101
2026-05-03 17:56:35.684,0,10,10,0.00,0.4529,-0.4585,5.4924,2.1291,0.0000,-0.0000,0.0000,-88.3607
2026-05-03 17:56:36.184,0,10,10,0.00,0.4487,-0.4342,5.3727,2.3170,0.0000,-0.0000,0.0000,-87.6501
2026-05-03 17:56:36.684,0,10,10,0.00,0.4456,-0.4636,5.2514,2.5056,0.0000,-0.0000,0.0000,-87.6105
2026-05-03 17:56:37.184,0,10,10,0.00,0.4479,-0.4500,5.1304,2.6957,0.0000,-0.0000,0.0000,-88.3430
2026-05-03 17:56:37.684,0,10,10,0.00,0.4462,-0.4356,5.0110,2.8833,0.0000,-0.0000,0.0000,-87.7309
2026-05-03 17:56:38.184,0,10,10,0.00,0.4491,-0.4557,4.8901,3.0717,0.0000,-0.0000,0.0000,-88.0259
2026-05-03 17:56:38.684,0,10,10,0.00,0.4485,-0.4451,4.7695,3.2617,0.0000,-0.0000,0.0000,-88.4390
2026-05-03 17:56:39.184,0,10,10,0.00,0.4498,-0.4422,4.6499,3.4489,0.0000,-0.0000,0.0000,-87.5158
2026-05-03 17:56:39.684,0,10,10,0.00,0.4495,-0.4647,4.5285,3.6376,0.0000,-0.0000,0.0000,-88.2521
2026-05-03 17:56:40.184,0,10,10,0.00,0.4506,-0.3284,4.4126,3.8178,0.0000,-0.0000,0.0000,-88.3186
2026-05-03 17:56:40.684,0,10,10,0.00,0.4479,-0.3350,4.2921,3.9801,0.0000,-0.0000,0.0000,-83.8887
2026-05-03 17:56:41.184,0,10,10,0.00,0.4482,-0.2714,4.1704,4.1098,0.0000,-0.0000,0.0000,-77.7507
2026-05-03 17:56:41.684,0,10,10,0.00,0.4462,-0.3002,4.0214,4.2289,0.0000,-0.0000,0.0000,-67.8774
2026-05-03 17:56:42.184,0,10,10,0.00,0.4475,-0.3244,3.8621,4.3260,0.0000,-0.0000,0.0000,-61.0696
2026-05-03 17:56:42.684,0,10,10,0.00,0.4478,-0.4599,3.6684,4.4230,0.0000,-0.0000,0.0000,-56.2339
2026-05-03 17:56:43.184,0,10,10,0.00,0.4513,-0.4130,3.4660,4.5266,0.0000,-0.0000,0.0000,-55.9958
2026-05-03 17:56:43.684,0,10,10,0.00,0.4456,-0.3033,3.2913,4.6059,0.0000,-0.0000,0.0000,-53.3883
2026-05-03 17:56:44.184,0,10,10,0.00,0.4508,-0.3657,3.1008,4.6687,0.0000,-0.0000,0.0000,-45.1298
2026-05-03 17:56:44.684,0,10,10,0.00,0.3068,-0.0880,2.9459,4.7033,0.0000,-0.0000,0.0000,-40.3452
2026-05-03 17:56:45.184,0,10,10,0.00,0.0008,0.0090,2.9155,4.7057,0.0000,-0.0000,0.0000,-30.8907
2026-05-03 17:56:45.684,0,10,10,0.00,-0.0039,0.0001,2.9203,4.7056,0.0000,-0.0000,0.0000,-29.2462
2026-05-03 17:56:46.184,0,10,10,0.00,0.0000,0.0001,2.9208,4.7056,0.0000,-0.0000,0.0000,-30.2432
2026-05-03 17:56:46.684,0,10,10,0.00,0.0003,0.0004,2.9184,4.7056,0.0000,-0.0000,0.0000,-30.2432
2026-05-03 17:56:47.184,0,10,10,0.00,0.0001,0.0538,2.9235,4.7056,0.0000,-0.0000,0.0000,-30.2432
2026-05-03 17:56:47.684,0,10,10,0.00,-0.0001,0.1573,2.9551,4.7072,0.0000,-0.0000,0.0000,-24.7324
2026-05-03 17:56:48.184,0,10,10,0.00,0.0003,0.1691,3.0068,4.7176,0.0000,-0.0000,0.0000,-14.2728
2026-05-03 17:56:48.684,0,10,10,0.00,0.0003,-0.0280,3.0168,4.7208,0.0000,-0.0000,0.0000,-7.7051
2026-05-03 17:56:49.184,0,10,10,0.00,0.0467,-0.1677,2.9933,4.7138,0.0000,-0.0000,0.0000,-9.2521
2026-05-03 17:56:49.684,0,10,10,0.00,0.2135,-0.2308,2.9032,4.6952,0.0000,-0.0000,0.0000,-15.7240
2026-05-03 17:56:50.184,0,10,10,0.00,0.1056,-0.0204,2.8329,4.6808,0.0000,-0.0000,0.0000,-17.0968
2026-05-03 17:56:50.684,0,10,10,0.00,0.2710,0.0000,2.7899,4.6659,0.0000,-0.0000,0.0000,-9.8841
2026-05-03 17:56:51.184,0,10,10,0.00,0.0411,0.0178,2.7509,4.6449,0.0000,-0.0000,0.0000,4.0272
2026-05-03 17:56:51.684,0,10,10,0.00,-0.1327,0.2257,2.7897,4.6720,0.0000,-0.0000,0.0000,6.8418
2026-05-03 17:56:52.184,0,10,10,0.00,-0.2991,0.2008,2.8895,4.7505,0.0000,-0.0000,0.0000,11.3547
2026-05-03 17:56:52.684,0,10,10,0.00,-0.0027,-0.0213,2.9338,4.7836,0.0000,-0.0000,0.0000,7.1530
2026-05-03 17:56:53.184,0,10,10,0.00,0.0000,0.0000,2.9326,4.7827,0.0000,-0.0000,0.0000,7.1530
2026-05-03 17:56:53.684,0,10,10,0.00,0.0003,-0.1147,2.9235,4.7770,0.0000,-0.0000,0.0000,7.1530
2026-05-03 17:56:54.184,0,10,10,0.00,-0.0221,-0.0416,2.9030,4.7656,0.0000,-0.0000,0.0000,-0.6487
2026-05-03 17:56:54.684,0,10,10,0.00,0.0000,0.0204,2.9064,4.7672,0.0000,-0.0000,0.0000,-2.0177
2026-05-03 17:56:55.184,0,10,10,0.00,-0.0018,0.0267,2.9196,4.7741,0.0000,-0.0000,0.0000,-0.8363
2026-05-03 17:56:55.684,0,9,10,0.00,-0.0141,0.0000,2.9264,4.7777,0.0000,-0.0000,0.0000,0.6867
2026-05-03 17:56:56.184,0,10,10,0.00,0.0000,0.0000,2.9267,4.7779,0.0000,-0.0000,0.0000,-0.7232
2026-05-03 17:56:56.684,0,10,10,0.00,0.0000,0.0001,2.9267,4.7779,0.0000,-0.0000,0.0000,-0.7232
2026-05-03 17:56:57.184,0,10,10,0.00,-0.0001,0.0000,2.9267,4.7779,0.0000,-0.0000,0.0000,-0.7232
2026-05-03 17:56:57.684,0,10,10,0.00,0.0000,0.0000,2.9267,4.7779,0.0000,-0.0000,0.0000,-0.7232
2026-05-03 17:56:58.184,0,9,10,0.00,-0.0001,0.0001,2.9267,4.7779,0.0000,-0.0000,0.0000,-0.7232
2026-05-03 17:56:58.684,0,9,10,0.00,0.0000,-0.0001,2.9267,4.7779,0.0000,-0.0000,0.0000,-0.7232
2026-05-03 17:56:59.184,0,9,10,0.00,-0.0001,0.0001,2.9267,4.7779,0.0000,-0.0000,0.0000,-0.7232
2026-05-03 17:56:59.684,0,10,10,0.00,0.0000,0.0000,2.9267,4.7779,0.0000,-0.0000,0.0000,-0.7232
2026-05-03 17:57:00.184,0,10,10,0.00,0.0000,-0.0003,2.9267,4.7779,0.0000,-0.0000,0.0000,-0.7232
