Timestamp,IMU_Packages_per_sec,Odom_Packages_per_sec,Send_Packages_per_sec,Yaw_Angle,Left_Velocity_mps,Right_Velocity_mps,qx,qy,qz,qw,x,y,quaternion_yaw
2025-11-27 11:45:06.507,19,19,19,0.00,0.0000,-0.0026,0.0073,0.0076,0.0021,0.9999,0.0000,0.0000,0.0043
2025-11-27 11:45:07.504,20,20,20,0.00,0.0000,0.0000,0.0073,0.0076,0.0021,0.9999,0.0000,0.0000,0.0043
2025-11-27 11:45:08.507,20,20,20,0.00,0.0000,-0.0052,0.0067,0.0078,0.0017,0.9999,0.0000,0.0000,0.0035
2025-11-27 11:45:09.506,20,20,20,0.00,0.0052,0.0000,0.0067,0.0078,0.0017,0.9999,0.0000,0.0000,0.0035
2025-11-27 11:45:10.504,20,20,20,0.00,0.0000,0.0000,0.0065,0.0075,0.0017,0.9999,-0.0000,-0.0000,0.0035
2025-11-27 11:45:11.506,20,20,20,0.00,0.0000,0.0000,0.0065,0.0075,0.0017,0.9999,0.0000,0.0000,0.0035
2025-11-27 11:45:12.504,20,20,20,0.00,0.0000,0.0000,0.0065,0.0075,0.0017,0.9999,0.0000,0.0000,0.0035
2025-11-27 11:45:13.505,20,20,20,0.00,-0.0026,0.0000,0.0065,0.0075,0.0017,0.9999,0.0000,0.0000,0.0035
2025-11-27 11:45:14.505,20,20,20,0.00,0.0000,0.0000,0.0065,0.0075,0.0017,0.9999,0.0000,0.0000,0.0035
2025-11-27 11:45:15.505,20,20,20,0.00,0.0000,0.0000,0.0065,0.0075,0.0017,0.9999,0.0000,0.0000,0.0035
2025-11-27 11:45:16.505,20,20,20,0.00,0.0000,0.0000,0.0065,0.0075,0.0017,0.9999,0.0000,0.0000,0.0035
2025-11-27 11:45:17.505,18,20,20,0.00,-0.0026,0.0000,0.0065,0.0075,0.0017,0.9999,0.0000,0.0000,0.0035
2025-11-27 11:45:18.505,20,20,20,0.00,0.0000,0.0000,0.0065,0.0075,0.0017,0.9999,0.0000,0.0000,0.0035
2025-11-27 11:45:19.504,20,20,20,0.00,0.0052,-0.0026,0.0065,0.0075,0.0017,0.9999,0.0000,0.0000,0.0035
2025-11-27 11:45:20.505,20,20,20,0.00,-0.0026,0.0000,0.0065,0.0075,0.0017,0.9999,0.0000,0.0000,0.0035
2025-11-27 11:45:21.506,20,20,20,0.00,0.0000,0.0026,0.0065,0.0075,0.0017,0.9999,0.0000,0.0000,0.0035
2025-11-27 11:45:22.505,20,20,20,0.00,0.0000,0.0026,0.0065,0.0075,0.0017,0.9999,0.0000,0.0000,0.0035
2025-11-27 11:45:23.504,20,20,20,0.00,0.0000,-0.0026,0.0065,0.0075,0.0017,0.9999,0.0000,0.0000,0.0035
2025-11-27 11:45:24.505,20,20,20,0.00,0.0000,0.0000,0.0065,0.0075,0.0017,0.9999,0.0000,0.0000,0.0035
2025-11-27 11:45:25.506,20,20,20,0.00,0.0000,-0.0052,0.0065,0.0075,0.0017,0.9999,0.0000,0.0000,0.0035
2025-11-27 11:45:26.505,20,20,20,0.00,0.0000,0.0026,0.0065,0.0075,0.0017,0.9999,0.0000,0.0000,0.0035
2025-11-27 11:45:27.505,20,20,20,0.00,0.0000,-0.0026,0.0065,0.0075,0.0017,0.9999,0.0000,0.0000,0.0035
2025-11-27 11:45:28.504,20,20,20,0.00,0.0000,0.0026,0.0065,0.0075,0.0017,0.9999,0.0000,0.0000,0.0035
2025-11-27 11:45:29.505,19,20,20,0.00,0.0000,-0.0104,0.0065,0.0075,0.0017,0.9999,0.0000,0.0000,0.0035
2025-11-27 11:45:30.504,18,20,20,0.00,0.0000,0.0000,0.0065,0.0075,0.0017,0.9999,0.0000,0.0000,0.0035
2025-11-27 11:45:31.504,19,20,20,0.00,0.0000,0.0000,0.0065,0.0075,0.0017,0.9999,0.0000,0.0000,0.0035
2025-11-27 11:45:32.505,20,20,20,0.00,0.0000,-0.0026,0.0065,0.0075,0.0017,0.9999,0.0000,0.0000,0.0035
2025-11-27 11:45:33.504,20,20,20,0.00,-0.0026,0.0000,0.0070,0.0065,0.0084,0.9999,-0.0001,-0.0000,0.0169
2025-11-27 11:45:34.505,20,20,20,0.00,-0.0026,0.0000,0.0065,0.0073,0.0068,0.9999,-0.0001,-0.0000,0.0137
2025-11-27 11:45:35.504,20,20,20,0.00,-0.0026,0.0000,0.0065,0.0073,0.0068,0.9999,-0.0001,-0.0000,0.0137
2025-11-27 11:45:36.506,20,20,20,0.00,-0.0026,-0.3403,0.0064,0.0073,0.0061,0.9999,-0.0008,-0.0000,0.0123
2025-11-27 11:45:37.504,20,20,20,0.00,0.0000,0.0000,0.0083,0.0062,-0.0386,0.9992,-0.0242,0.0009,-0.0771
2025-11-27 11:45:38.504,20,20,20,0.00,0.5838,0.0000,0.0077,0.0066,-0.0385,0.9992,-0.0309,0.0014,-0.0769
2025-11-27 11:45:39.505,20,20,20,0.00,-0.2749,-0.0026,0.0075,0.0069,-0.0256,0.9996,-0.0435,0.0022,-0.0511
2025-11-27 11:45:40.504,20,20,20,0.00,-0.8456,0.0000,0.0075,0.0070,-0.0259,0.9996,-0.0317,0.0016,-0.0517
2025-11-27 11:45:41.504,20,19,20,0.00,-0.0079,0.3324,0.0070,0.0070,-0.0329,0.9993,-0.0270,0.0013,-0.0657
2025-11-27 11:45:42.504,20,20,20,0.00,-0.0026,-0.0052,0.0064,0.0075,-0.0272,0.9995,-0.0204,0.0009,-0.0543
2025-11-27 11:45:43.504,20,20,20,0.00,0.0000,0.0000,0.0064,0.0075,-0.0272,0.9995,-0.0203,0.0009,-0.0543
2025-11-27 11:45:44.505,20,20,20,0.00,-0.0026,0.0000,0.0064,0.0075,-0.0272,0.9995,-0.0203,0.0009,-0.0543
2025-11-27 11:45:45.504,20,20,20,0.00,0.0000,-0.0079,0.0064,0.0075,-0.0272,0.9995,-0.0204,0.0009,-0.0543
2025-11-27 11:45:46.506,20,20,20,0.00,0.0000,-3.4374,0.0039,0.0097,-0.0865,0.9962,-0.0584,0.0055,-0.1732
2025-11-27 11:45:47.504,20,20,20,0.00,2.5604,0.5393,0.0070,0.0043,-0.1875,0.9822,-0.1391,0.0323,-0.3772
2025-11-27 11:45:48.506,20,20,20,0.00,-0.0680,3.8772,0.0126,0.0024,-0.0231,0.9996,-0.1323,0.0369,-0.0461
2025-11-27 11:45:49.505,20,20,20,0.00,-1.5969,-0.0026,0.0071,0.0093,0.1390,0.9902,-0.0356,0.0511,0.2791
2025-11-27 11:45:50.504,20,20,20,0.00,-4.7647,1.2723,0.0091,0.0112,0.0009,0.9998,0.0470,0.0599,0.0020
2025-11-27 11:45:51.504,20,20,20,0.00,0.0707,-0.3508,-0.0032,0.0053,-0.1242,0.9922,0.1249,0.0514,-0.2491
2025-11-27 11:45:52.506,20,20,20,0.00,0.0000,-2.2331,0.0027,0.0072,-0.1513,0.9884,0.1082,0.0562,-0.3038
2025-11-27 11:45:53.505,20,20,20,0.00,-0.0026,0.0052,0.0097,0.0012,-0.2265,0.9739,0.0717,0.0712,-0.4570
2025-11-27 11:45:54.505,20,20,20,0.00,0.0000,-0.0026,0.0090,0.0034,-0.2255,0.9738,0.0717,0.0712,-0.4550
2025-11-27 11:45:55.505,20,20,20,0.00,0.0000,0.0000,0.0090,0.0036,-0.2255,0.9738,0.0717,0.0712,-0.4550
2025-11-27 11:45:56.505,20,20,20,0.00,0.0000,-0.0026,0.0090,0.0036,-0.2255,0.9738,0.0717,0.0712,-0.4550
2025-11-27 11:45:57.505,20,20,20,0.00,0.0026,0.0000,0.0090,0.0036,-0.2255,0.9738,0.0717,0.0712,-0.4550
2025-11-27 11:45:58.505,20,20,20,0.00,-0.0052,0.0026,0.0090,0.0036,-0.2255,0.9738,0.0717,0.0712,-0.4550
2025-11-27 11:45:59.506,20,20,20,0.00,0.0000,-0.0026,0.0090,0.0036,-0.2255,0.9738,0.0717,0.0712,-0.4550
2025-11-27 11:46:00.504,20,20,20,0.00,0.0026,-0.0052,0.0090,0.0036,-0.2255,0.9738,0.0717,0.0712,-0.4550
2025-11-27 11:46:01.505,20,20,20,0.00,-0.0026,-0.0052,0.0090,0.0036,-0.2255,0.9738,0.0717,0.0712,-0.4550
2025-11-27 11:46:02.505,19,20,20,0.00,0.0000,0.0000,0.0090,0.0036,-0.2255,0.9738,0.0717,0.0712,-0.4550
2025-11-27 11:46:03.505,20,20,20,0.00,0.0000,0.0000,0.0090,0.0036,-0.2255,0.9738,0.0717,0.0712,-0.4550
2025-11-27 11:46:04.504,20,20,20,0.00,0.0026,0.0000,0.0090,0.0036,-0.2255,0.9738,0.0717,0.0712,-0.4550
2025-11-27 11:46:05.505,20,20,20,0.00,0.0000,-0.0026,0.0090,0.0036,-0.2255,0.9738,0.0717,0.0712,-0.4550
2025-11-27 11:46:06.505,20,20,20,0.00,0.0026,0.0000,0.0090,0.0036,-0.2255,0.9738,0.0717,0.0712,-0.4550
2025-11-27 11:46:07.505,20,20,20,0.00,0.0000,0.0000,0.0090,0.0036,-0.2255,0.9738,0.0717,0.0712,-0.4550
2025-11-27 11:46:08.504,20,20,20,0.00,0.0000,0.0000,0.0090,0.0036,-0.2255,0.9738,0.0717,0.0712,-0.4550
2025-11-27 11:46:09.504,19,20,20,0.00,0.0000,0.0026,0.0090,0.0036,-0.2255,0.9738,0.0717,0.0712,-0.4550
2025-11-27 11:46:10.504,20,20,20,0.00,0.0000,0.0000,0.0090,0.0036,-0.2255,0.9738,0.0717,0.0712,-0.4550
2025-11-27 11:46:11.505,20,20,20,0.00,-0.0026,-0.0026,0.0090,0.0036,-0.2255,0.9738,0.0717,0.0712,-0.4550
2025-11-27 11:46:12.505,20,20,20,0.00,0.0000,0.0026,0.0090,0.0036,-0.2255,0.9738,0.0717,0.0712,-0.4550
2025-11-27 11:46:13.504,20,20,20,0.00,0.0026,-0.0052,0.0090,0.0036,-0.2255,0.9738,0.0717,0.0712,-0.4550
2025-11-27 11:46:14.504,20,20,20,0.00,0.0000,0.0000,0.0090,0.0036,-0.2255,0.9738,0.0717,0.0712,-0.4550
2025-11-27 11:46:15.504,20,20,20,0.00,0.0000,0.0000,0.0090,0.0036,-0.2255,0.9738,0.0717,0.0712,-0.4550
2025-11-27 11:46:16.504,20,20,20,0.00,0.0026,0.0026,0.0090,0.0036,-0.2255,0.9738,0.0717,0.0712,-0.4550
2025-11-27 11:46:17.505,19,20,20,0.00,0.0026,0.0000,0.0090,0.0036,-0.2255,0.9738,0.0717,0.0712,-0.4550
2025-11-27 11:46:18.505,20,20,20,0.00,0.0026,0.0000,0.0090,0.0036,-0.2255,0.9738,0.0717,0.0712,-0.4550
2025-11-27 11:46:19.504,20,20,20,0.00,0.0000,0.0000,0.0090,0.0036,-0.2255,0.9738,0.0717,0.0712,-0.4550
2025-11-27 11:46:20.504,19,20,20,0.00,-0.0026,0.0000,0.0090,0.0036,-0.2255,0.9738,0.0717,0.0712,-0.4550
2025-11-27 11:46:21.504,20,20,20,0.00,0.0000,0.0000,0.0090,0.0036,-0.2255,0.9738,0.0717,0.0712,-0.4550
2025-11-27 11:46:22.505,20,20,20,0.00,-0.0026,0.0000,0.0090,0.0036,-0.2255,0.9738,0.0717,0.0712,-0.4550
2025-11-27 11:46:23.504,20,20,20,0.00,0.0079,0.0026,0.0090,0.0036,-0.2255,0.9738,0.0717,0.0712,-0.4550
2025-11-27 11:46:24.505,19,20,20,0.00,0.0000,0.0026,0.0090,0.0036,-0.2255,0.9738,0.0717,0.0712,-0.4550
2025-11-27 11:46:25.505,20,20,20,0.00,-0.0052,0.0000,0.0090,0.0036,-0.2255,0.9738,0.0717,0.0712,-0.4550
2025-11-27 11:46:26.504,20,20,20,0.00,0.0104,0.0000,0.0090,0.0036,-0.2255,0.9738,0.0717,0.0712,-0.4550
2025-11-27 11:46:27.504,20,20,20,0.00,0.0026,-0.0026,0.0090,0.0036,-0.2255,0.9738,0.0717,0.0712,-0.4550
2025-11-27 11:46:28.505,20,20,20,0.00,0.0026,0.0000,0.0090,0.0036,-0.2255,0.9738,0.0717,0.0712,-0.4550
2025-11-27 11:46:29.505,20,20,20,0.00,0.0000,0.0000,0.0090,0.0036,-0.2255,0.9738,0.0718,0.0712,-0.4550
2025-11-27 11:46:30.504,20,20,20,0.00,0.0026,-0.0026,0.0090,0.0036,-0.2255,0.9738,0.0718,0.0712,-0.4550
2025-11-27 11:46:31.505,20,20,20,0.00,0.0000,0.0026,0.0090,0.0036,-0.2255,0.9738,0.0718,0.0712,-0.4550
2025-11-27 11:46:32.505,20,20,20,0.00,0.0000,0.0000,0.0090,0.0036,-0.2255,0.9738,0.0718,0.0712,-0.4550
2025-11-27 11:46:33.504,20,20,20,0.00,0.0000,0.0026,0.0090,0.0036,-0.2255,0.9738,0.0718,0.0712,-0.4550
2025-11-27 11:46:34.504,19,20,20,0.00,0.0000,0.0000,0.0090,0.0036,-0.2255,0.9738,0.0718,0.0712,-0.4550
2025-11-27 11:46:35.504,20,20,20,0.00,-0.0026,0.0000,0.0090,0.0036,-0.2255,0.9738,0.0718,0.0712,-0.4550
2025-11-27 11:46:36.505,20,20,20,0.00,0.0000,0.0026,0.0090,0.0036,-0.2255,0.9738,0.0717,0.0712,-0.4550
2025-11-27 11:46:37.504,20,20,20,0.00,0.0026,0.0000,0.0090,0.0036,-0.2255,0.9738,0.0717,0.0712,-0.4550
2025-11-27 11:46:38.505,20,20,20,0.00,-0.0026,0.0000,0.0090,0.0036,-0.2255,0.9738,0.0717,0.0712,-0.4550
2025-11-27 11:46:39.505,20,20,20,0.00,-0.0026,0.0000,0.0090,0.0036,-0.2255,0.9738,0.0718,0.0712,-0.4550
2025-11-27 11:46:40.504,20,20,20,0.00,0.0000,0.0026,0.0090,0.0036,-0.2255,0.9738,0.0718,0.0712,-0.4550
2025-11-27 11:46:41.504,19,20,20,0.00,0.0000,0.0000,0.0090,0.0036,-0.2255,0.9738,0.0718,0.0712,-0.4550
2025-11-27 11:46:42.505,20,20,20,0.00,0.0000,0.0000,0.0090,0.0036,-0.2255,0.9738,0.0718,0.0712,-0.4550
2025-11-27 11:46:43.504,20,20,20,0.00,0.0000,0.0000,0.0090,0.0036,-0.2255,0.9738,0.0718,0.0712,-0.4550
2025-11-27 11:46:44.504,20,20,20,0.00,0.0000,0.0000,0.0090,0.0036,-0.2255,0.9738,0.0718,0.0712,-0.4550
2025-11-27 11:46:45.504,20,20,20,0.00,-0.0026,0.0000,0.0090,0.0036,-0.2255,0.9738,0.0718,0.0712,-0.4550
2025-11-27 11:46:46.505,20,20,20,0.00,0.0052,0.0000,0.0090,0.0036,-0.2255,0.9738,0.0718,0.0712,-0.4550
2025-11-27 11:46:47.504,20,20,20,0.00,-0.0026,0.0000,0.0090,0.0036,-0.2255,0.9738,0.0718,0.0712,-0.4550
2025-11-27 11:46:48.504,19,20,20,0.00,0.0000,0.0000,0.0090,0.0036,-0.2255,0.9738,0.0718,0.0712,-0.4550
2025-11-27 11:46:49.504,20,20,20,0.00,0.0026,-0.0026,0.0090,0.0036,-0.2255,0.9738,0.0718,0.0712,-0.4550
2025-11-27 11:46:50.504,20,20,20,0.00,0.0000,0.0026,0.0090,0.0036,-0.2255,0.9738,0.0718,0.0712,-0.4550
2025-11-27 11:46:51.504,20,20,20,0.00,0.0000,0.0026,0.0090,0.0036,-0.2255,0.9738,0.0718,0.0712,-0.4550
2025-11-27 11:46:52.505,20,20,20,0.00,0.0000,0.0052,0.0090,0.0036,-0.2255,0.9738,0.0718,0.0712,-0.4550
2025-11-27 11:46:53.505,20,20,20,0.00,0.0026,0.0000,0.0090,0.0036,-0.2255,0.9738,0.0717,0.0712,-0.4550
2025-11-27 11:46:54.504,20,19,20,0.00,-0.0026,0.0000,0.0090,0.0036,-0.2255,0.9738,0.0717,0.0712,-0.4550
2025-11-27 11:46:55.504,20,20,20,0.00,0.0000,0.0000,0.0090,0.0036,-0.2255,0.9738,0.0717,0.0712,-0.4550
2025-11-27 11:46:56.505,20,20,20,0.00,0.0000,0.0026,0.0090,0.0036,-0.2255,0.9738,0.0717,0.0712,-0.4550
2025-11-27 11:46:57.504,20,20,20,0.00,0.0026,0.0000,0.0090,0.0036,-0.2255,0.9738,0.0717,0.0712,-0.4550
2025-11-27 11:46:58.504,20,20,20,0.00,0.0000,0.0026,0.0090,0.0036,-0.2255,0.9738,0.0717,0.0712,-0.4550
2025-11-27 11:46:59.504,20,20,20,0.00,0.0000,-0.0052,0.0090,0.0036,-0.2255,0.9738,0.0717,0.0712,-0.4550
2025-11-27 11:47:00.504,19,20,20,0.00,0.0000,0.0026,0.0090,0.0036,-0.2255,0.9738,0.0717,0.0712,-0.4550
2025-11-27 11:47:01.504,20,20,20,0.00,0.0000,0.0000,0.0090,0.0036,-0.2255,0.9738,0.0717,0.0712,-0.4550
2025-11-27 11:47:02.505,19,20,20,0.00,0.0026,0.0000,0.0090,0.0036,-0.2255,0.9738,0.0717,0.0712,-0.4550
2025-11-27 11:47:03.504,19,20,20,0.00,0.0000,0.0026,0.0090,0.0036,-0.2255,0.9738,0.0717,0.0712,-0.4550
2025-11-27 11:47:04.504,20,20,20,0.00,0.0000,0.0000,0.0090,0.0036,-0.2255,0.9738,0.0717,0.0712,-0.4550
2025-11-27 11:47:05.504,20,20,20,0.00,0.0000,0.0000,0.0090,0.0036,-0.2255,0.9738,0.0717,0.0712,-0.4550
2025-11-27 11:47:06.504,20,20,20,0.00,0.0000,-0.0026,0.0090,0.0036,-0.2255,0.9738,0.0717,0.0712,-0.4550
2025-11-27 11:47:07.504,20,20,20,0.00,0.0000,0.0000,0.0090,0.0036,-0.2255,0.9738,0.0717,0.0712,-0.4550
2025-11-27 11:47:08.505,19,20,20,0.00,0.0000,0.0026,0.0090,0.0036,-0.2255,0.9738,0.0717,0.0712,-0.4550
2025-11-27 11:47:09.504,20,20,20,0.00,0.0000,0.0000,0.0090,0.0036,-0.2255,0.9738,0.0717,0.0712,-0.4550
2025-11-27 11:47:10.505,20,20,20,0.00,0.0026,0.0000,0.0090,0.0036,-0.2255,0.9738,0.0717,0.0712,-0.4550
2025-11-27 11:47:11.504,20,20,20,0.00,-0.0026,0.0000,0.0090,0.0036,-0.2255,0.9738,0.0717,0.0712,-0.4550
2025-11-27 11:47:12.504,18,20,20,0.00,-0.0026,0.0052,0.0090,0.0036,-0.2255,0.9738,0.0717,0.0712,-0.4550
2025-11-27 11:47:13.505,19,20,20,0.00,0.0000,0.0000,0.0090,0.0036,-0.2255,0.9738,0.0717,0.0712,-0.4550
2025-11-27 11:47:14.505,20,20,20,0.00,0.0052,0.0000,0.0090,0.0036,-0.2255,0.9738,0.0717,0.0712,-0.4550
2025-11-27 11:47:15.505,19,20,20,0.00,0.0026,0.0000,0.0090,0.0036,-0.2255,0.9738,0.0717,0.0712,-0.4550
2025-11-27 11:47:16.505,19,20,20,0.00,0.0026,-0.0026,0.0090,0.0036,-0.2255,0.9738,0.0717,0.0712,-0.4550
2025-11-27 11:47:17.505,20,20,20,0.00,0.0000,0.0026,0.0090,0.0036,-0.2255,0.9738,0.0717,0.0712,-0.4550
2025-11-27 11:47:18.504,20,20,20,0.00,-0.0026,0.0026,0.0090,0.0036,-0.2255,0.9738,0.0717,0.0712,-0.4550
2025-11-27 11:47:19.505,20,20,20,0.00,0.0026,0.0000,0.0090,0.0036,-0.2255,0.9738,0.0717,0.0712,-0.4550
2025-11-27 11:47:20.505,20,20,20,0.00,-0.0026,0.0026,0.0090,0.0036,-0.2255,0.9738,0.0717,0.0712,-0.4550
2025-11-27 11:47:21.504,20,20,20,0.00,0.0000,0.0000,0.0090,0.0036,-0.2255,0.9738,0.0717,0.0712,-0.4550
2025-11-27 11:47:22.504,20,20,20,0.00,0.0000,0.0026,0.0090,0.0036,-0.2255,0.9738,0.0717,0.0712,-0.4550
2025-11-27 11:47:23.504,20,20,20,0.00,0.0026,0.0000,0.0090,0.0036,-0.2255,0.9738,0.0716,0.0712,-0.4550
2025-11-27 11:47:24.505,20,20,20,0.00,0.0000,0.0000,0.0090,0.0036,-0.2255,0.9738,0.0716,0.0712,-0.4550
2025-11-27 11:47:25.505,20,20,20,0.00,0.0000,-0.0026,0.0090,0.0036,-0.2255,0.9738,0.0716,0.0712,-0.4550
2025-11-27 11:47:26.505,20,20,20,0.00,0.0000,0.0052,0.0090,0.0036,-0.2255,0.9738,0.0716,0.0712,-0.4550
2025-11-27 11:47:27.504,20,20,20,0.00,0.0000,-0.0026,0.0090,0.0036,-0.2255,0.9738,0.0716,0.0712,-0.4550
2025-11-27 11:47:28.504,20,20,20,0.00,0.0000,0.0000,0.0090,0.0036,-0.2255,0.9738,0.0716,0.0712,-0.4550
2025-11-27 11:47:29.505,19,20,20,0.00,-0.0026,0.0000,0.0090,0.0036,-0.2255,0.9738,0.0716,0.0712,-0.4550
2025-11-27 11:47:30.505,20,20,20,0.00,0.0000,0.0000,0.0090,0.0036,-0.2255,0.9738,0.0716,0.0712,-0.4550
2025-11-27 11:47:31.504,20,20,20,0.00,0.0000,0.0026,0.0090,0.0036,-0.2255,0.9738,0.0716,0.0712,-0.4550
2025-11-27 11:47:32.504,20,20,20,0.00,-0.0026,-0.0052,0.0090,0.0036,-0.2255,0.9738,0.0716,0.0712,-0.4550
2025-11-27 11:47:33.504,20,20,20,0.00,0.0000,0.0000,0.0090,0.0036,-0.2255,0.9738,0.0716,0.0712,-0.4550
2025-11-27 11:47:34.504,20,20,20,0.00,0.0026,0.0000,0.0090,0.0036,-0.2255,0.9738,0.0716,0.0712,-0.4550
2025-11-27 11:47:35.505,19,20,20,0.00,-0.0026,0.0052,0.0090,0.0036,-0.2255,0.9738,0.0716,0.0713,-0.4550
2025-11-27 11:47:36.505,20,20,20,0.00,0.0000,0.0000,0.0090,0.0036,-0.2255,0.9738,0.0716,0.0712,-0.4550
2025-11-27 11:47:37.505,19,20,20,0.00,0.0026,0.0000,0.0090,0.0036,-0.2255,0.9738,0.0716,0.0712,-0.4550
2025-11-27 11:47:38.504,19,20,20,0.00,0.0026,-0.0052,0.0090,0.0036,-0.2255,0.9738,0.0716,0.0712,-0.4550
2025-11-27 11:47:39.505,20,20,20,0.00,0.0000,0.0000,0.0090,0.0036,-0.2255,0.9738,0.0716,0.0713,-0.4550
2025-11-27 11:47:40.504,20,20,20,0.00,0.0026,0.0000,0.0090,0.0036,-0.2255,0.9738,0.0716,0.0713,-0.4550
2025-11-27 11:47:41.504,20,20,20,0.00,0.0000,-0.0052,0.0090,0.0036,-0.2255,0.9738,0.0716,0.0713,-0.4550
2025-11-27 11:47:42.504,20,20,20,0.00,0.0026,0.0000,0.0090,0.0036,-0.2255,0.9738,0.0716,0.0713,-0.4550
2025-11-27 11:47:43.505,19,20,20,0.00,0.0026,0.0000,0.0090,0.0036,-0.2255,0.9738,0.0716,0.0713,-0.4550
2025-11-27 11:47:44.504,20,20,20,0.00,0.0000,0.0000,0.0090,0.0036,-0.2255,0.9738,0.0716,0.0712,-0.4550
2025-11-27 11:47:45.505,20,20,20,0.00,0.0052,-0.0026,0.0090,0.0036,-0.2255,0.9738,0.0716,0.0713,-0.4550
2025-11-27 11:47:46.505,20,20,20,0.00,0.0000,0.0000,0.0090,0.0036,-0.2255,0.9738,0.0716,0.0713,-0.4550
2025-11-27 11:47:47.505,20,20,20,0.00,0.0026,0.0000,0.0090,0.0036,-0.2255,0.9738,0.0716,0.0713,-0.4550
2025-11-27 11:47:48.504,20,20,20,0.00,-0.0052,-0.0026,0.0090,0.0036,-0.2255,0.9738,0.0716,0.0713,-0.4550
2025-11-27 11:47:49.505,20,20,20,0.00,-0.0026,0.0000,0.0090,0.0036,-0.2255,0.9738,0.0716,0.0713,-0.4550
2025-11-27 11:47:50.505,20,20,20,0.00,0.0026,0.0000,0.0090,0.0036,-0.2255,0.9738,0.0716,0.0713,-0.4550
2025-11-27 11:47:51.504,20,20,20,0.00,0.0000,0.0026,0.0090,0.0036,-0.2255,0.9738,0.0716,0.0713,-0.4550
2025-11-27 11:47:52.505,20,20,20,0.00,0.0000,0.0026,0.0090,0.0036,-0.2255,0.9738,0.0716,0.0713,-0.4550
2025-11-27 11:47:53.504,19,20,20,0.00,0.0000,0.0000,0.0090,0.0036,-0.2255,0.9738,0.0716,0.0713,-0.4550
2025-11-27 11:47:54.504,20,20,20,0.00,0.0000,0.0000,0.0090,0.0036,-0.2255,0.9738,0.0716,0.0713,-0.4550
2025-11-27 11:47:55.504,20,20,20,0.00,-0.0052,-0.0026,0.0090,0.0036,-0.2255,0.9738,0.0716,0.0712,-0.4550
2025-11-27 11:47:56.505,20,20,20,0.00,0.0000,0.0000,0.0090,0.0036,-0.2255,0.9738,0.0716,0.0712,-0.4550
2025-11-27 11:47:57.506,20,20,20,0.00,0.0026,0.0000,0.0090,0.0036,-0.2255,0.9738,0.0716,0.0712,-0.4550
2025-11-27 11:47:58.506,20,20,20,0.00,0.0000,0.0026,0.0090,0.0036,-0.2255,0.9738,0.0716,0.0712,-0.4550
2025-11-27 11:47:59.505,20,20,20,0.00,0.0000,-0.0026,0.0090,0.0036,-0.2255,0.9738,0.0716,0.0712,-0.4550
2025-11-27 11:48:00.504,20,20,20,0.00,0.0000,0.0000,0.0090,0.0036,-0.2255,0.9738,0.0716,0.0712,-0.4550
2025-11-27 11:48:01.505,20,20,20,0.00,0.0000,-0.0026,0.0090,0.0036,-0.2255,0.9738,0.0716,0.0712,-0.4550
2025-11-27 11:48:02.504,20,20,20,0.00,0.0026,0.0000,0.0000,0.0000,0.0000,0.0000,0.0717,0.0712,nan
2025-11-27 11:48:03.505,20,20,20,0.00,-0.0026,0.0000,0.0090,0.0036,-0.2255,0.9738,0.0717,0.0712,-0.4550
2025-11-27 11:48:04.504,20,20,20,0.00,-0.0026,0.0000,0.0090,0.0036,-0.2255,0.9738,0.0717,0.0712,-0.4550
2025-11-27 11:48:05.505,20,20,20,0.00,0.0026,0.0026,0.0090,0.0036,-0.2255,0.9738,0.0716,0.0712,-0.4550
2025-11-27 11:48:06.505,20,20,20,0.00,0.0000,0.0026,0.0090,0.0036,-0.2255,0.9738,0.0716,0.0712,-0.4550
2025-11-27 11:48:07.505,20,20,20,0.00,0.0000,0.0000,0.0090,0.0036,-0.2255,0.9738,0.0716,0.0712,-0.4550
2025-11-27 11:48:08.504,20,20,20,0.00,-0.0026,0.0000,0.0090,0.0036,-0.2255,0.9738,0.0716,0.0712,-0.4550
2025-11-27 11:48:09.504,20,20,20,0.00,0.0026,0.0026,0.0090,0.0036,-0.2255,0.9738,0.0716,0.0712,-0.4550
2025-11-27 11:48:10.505,20,20,20,0.00,0.0000,0.0026,0.0090,0.0036,-0.2255,0.9738,0.0716,0.0712,-0.4550
2025-11-27 11:48:11.506,20,20,20,0.00,0.0000,0.0000,0.0090,0.0036,-0.2255,0.9738,0.0716,0.0712,-0.4550
2025-11-27 11:48:12.504,20,20,20,0.00,-0.0026,0.0000,0.0090,0.0036,-0.2255,0.9738,0.0716,0.0712,-0.4550
2025-11-27 11:48:13.505,20,20,20,0.00,0.0000,0.0026,0.0090,0.0036,-0.2255,0.9738,0.0717,0.0712,-0.4550
2025-11-27 11:48:14.504,20,20,20,0.00,0.0000,0.0026,0.0090,0.0036,-0.2255,0.9738,0.0717,0.0712,-0.4550
2025-11-27 11:48:15.506,20,20,20,0.00,0.0052,0.0026,0.0090,0.0036,-0.2255,0.9738,0.0717,0.0712,-0.4550
2025-11-27 11:48:16.506,19,20,20,0.00,0.0000,0.0000,0.0090,0.0036,-0.2255,0.9738,0.0717,0.0712,-0.4550
2025-11-27 11:48:17.505,20,20,20,0.00,-0.0026,0.0000,0.0090,0.0036,-0.2255,0.9738,0.0717,0.0712,-0.4550
2025-11-27 11:48:18.504,20,20,20,0.00,0.0000,-0.0026,0.0090,0.0036,-0.2255,0.9738,0.0717,0.0712,-0.4550
2025-11-27 11:48:19.504,20,20,20,0.00,0.0026,0.0000,0.0090,0.0036,-0.2255,0.9738,0.0717,0.0712,-0.4550
2025-11-27 11:48:20.505,20,20,20,0.00,-0.0026,-0.0026,0.0090,0.0036,-0.2255,0.9738,0.0717,0.0712,-0.4550
2025-11-27 11:48:21.505,20,20,20,0.00,-0.0026,0.0026,0.0090,0.0036,-0.2255,0.9738,0.0717,0.0712,-0.4550
2025-11-27 11:48:22.505,20,20,20,0.00,0.0000,-0.0052,0.0090,0.0036,-0.2255,0.9738,0.0717,0.0712,-0.4550
2025-11-27 11:48:23.504,20,20,20,0.00,0.0026,0.0026,0.0090,0.0036,-0.2255,0.9738,0.0717,0.0712,-0.4550
2025-11-27 11:48:24.505,19,20,20,0.00,0.0000,0.0000,0.0090,0.0036,-0.2255,0.9738,0.0717,0.0712,-0.4550
2025-11-27 11:48:25.504,20,20,20,0.00,0.0000,0.0000,0.0090,0.0036,-0.2255,0.9738,0.0717,0.0712,-0.4550
2025-11-27 11:48:26.505,20,20,20,0.00,0.0000,0.0052,0.0090,0.0036,-0.2255,0.9738,0.0717,0.0712,-0.4550
2025-11-27 11:48:27.505,20,20,20,0.00,-0.0026,0.0026,0.0090,0.0036,-0.2255,0.9738,0.0717,0.0712,-0.4550
2025-11-27 11:48:28.505,19,20,20,0.00,0.0026,0.0000,0.0090,0.0036,-0.2255,0.9738,0.0718,0.0712,-0.4550
2025-11-27 11:48:29.505,20,20,20,0.00,0.0000,-0.0079,0.0090,0.0036,-0.2255,0.9738,0.0718,0.0712,-0.4550
2025-11-27 11:48:30.504,20,20,20,0.00,0.0000,0.0026,0.0090,0.0036,-0.2255,0.9738,0.0718,0.0712,-0.4550
2025-11-27 11:48:31.505,20,20,20,0.00,-0.0026,-0.0026,0.0090,0.0036,-0.2255,0.9738,0.0717,0.0712,-0.4550
2025-11-27 11:48:32.504,20,20,20,0.00,0.0052,-0.0026,0.0090,0.0036,-0.2255,0.9738,0.0717,0.0712,-0.4550
2025-11-27 11:48:33.505,20,20,20,0.00,0.0000,0.0000,0.0090,0.0036,-0.2255,0.9738,0.0717,0.0712,-0.4550
2025-11-27 11:48:34.504,19,20,20,0.00,0.0026,0.0000,0.0090,0.0036,-0.2255,0.9738,0.0717,0.0712,-0.4550
2025-11-27 11:48:35.505,20,20,20,0.00,0.0104,0.0000,0.0090,0.0036,-0.2255,0.9738,0.0717,0.0712,-0.4550
2025-11-27 11:48:36.504,20,20,20,0.00,-0.0052,-0.0052,0.0090,0.0036,-0.2255,0.9738,0.0717,0.0712,-0.4550
2025-11-27 11:48:37.504,20,20,20,0.00,0.0000,0.0000,0.0090,0.0036,-0.2255,0.9738,0.0717,0.0712,-0.4550
2025-11-27 11:48:38.504,20,20,20,0.00,0.0000,-0.0026,0.0090,0.0036,-0.2255,0.9738,0.0717,0.0712,-0.4550
2025-11-27 11:48:39.505,20,20,20,0.00,0.0000,-0.0026,0.0090,0.0036,-0.2255,0.9738,0.0717,0.0712,-0.4550
2025-11-27 11:48:40.505,19,20,20,0.00,0.0000,0.0000,0.0090,0.0036,-0.2255,0.9738,0.0717,0.0712,-0.4550
2025-11-27 11:48:41.505,20,20,20,0.00,0.0052,0.0026,0.0090,0.0036,-0.2255,0.9738,0.0717,0.0712,-0.4550
2025-11-27 11:48:42.504,20,20,20,0.00,-0.0052,0.0000,0.0090,0.0036,-0.2255,0.9738,0.0717,0.0712,-0.4550
2025-11-27 11:48:43.504,20,20,20,0.00,0.0000,0.0026,0.0090,0.0036,-0.2255,0.9738,0.0716,0.0712,-0.4550
2025-11-27 11:48:44.504,20,20,20,0.00,-0.0026,0.0026,0.0090,0.0036,-0.2255,0.9738,0.0716,0.0712,-0.4550
2025-11-27 11:48:45.505,20,20,20,0.00,-0.0026,-0.0026,0.0090,0.0036,-0.2255,0.9738,0.0716,0.0712,-0.4550
2025-11-27 11:48:46.504,20,20,20,0.00,-0.0026,0.0000,0.0090,0.0036,-0.2255,0.9738,0.0716,0.0712,-0.4550
2025-11-27 11:48:47.505,20,20,20,0.00,0.0026,0.0000,0.0090,0.0036,-0.2255,0.9738,0.0716,0.0712,-0.4550
2025-11-27 11:48:48.505,20,20,20,0.00,0.0000,-0.0052,0.0090,0.0036,-0.2255,0.9738,0.0716,0.0712,-0.4550
2025-11-27 11:48:49.504,20,20,20,0.00,0.0000,0.0000,0.0090,0.0036,-0.2255,0.9738,0.0716,0.0712,-0.4550
2025-11-27 11:48:50.504,20,20,20,0.00,0.0000,0.0052,0.0090,0.0036,-0.2255,0.9738,0.0716,0.0712,-0.4550
2025-11-27 11:48:51.504,20,20,20,0.00,0.0000,0.0000,0.0090,0.0036,-0.2255,0.9738,0.0716,0.0712,-0.4550
2025-11-27 11:48:52.504,19,20,20,0.00,0.0000,0.0000,0.0090,0.0036,-0.2255,0.9738,0.0716,0.0712,-0.4550
2025-11-27 11:48:53.505,20,20,20,0.00,0.0026,0.0000,0.0090,0.0036,-0.2255,0.9738,0.0717,0.0712,-0.4550
2025-11-27 11:48:54.504,20,20,20,0.00,0.0000,0.0000,0.0090,0.0036,-0.2255,0.9738,0.0717,0.0712,-0.4550
2025-11-27 11:48:55.504,20,20,20,0.00,0.0000,0.0000,0.0090,0.0036,-0.2255,0.9738,0.0717,0.0712,-0.4550
2025-11-27 11:48:56.505,20,20,20,0.00,0.0000,0.0052,0.0090,0.0036,-0.2255,0.9738,0.0717,0.0712,-0.4550
2025-11-27 11:48:57.505,20,20,20,0.00,0.0079,-0.0052,0.0090,0.0036,-0.2255,0.9738,0.0717,0.0712,-0.4550
2025-11-27 11:48:58.504,20,20,20,0.00,-0.0026,0.0026,0.0090,0.0036,-0.2255,0.9738,0.0717,0.0712,-0.4550
2025-11-27 11:48:59.504,20,20,20,0.00,0.0026,0.0000,0.0090,0.0036,-0.2255,0.9738,0.0717,0.0712,-0.4550
2025-11-27 11:49:00.504,20,20,20,0.00,0.0000,0.0052,0.0090,0.0036,-0.2255,0.9738,0.0717,0.0712,-0.4550
2025-11-27 11:49:01.505,20,20,20,0.00,0.0052,0.0000,0.0090,0.0036,-0.2255,0.9738,0.0717,0.0712,-0.4550
2025-11-27 11:49:02.505,20,20,20,0.00,0.0052,0.0000,0.0090,0.0036,-0.2255,0.9738,0.0717,0.0712,-0.4550
2025-11-27 11:49:03.504,20,20,20,0.00,0.0000,0.0000,0.0090,0.0036,-0.2255,0.9738,0.0717,0.0712,-0.4550
2025-11-27 11:49:04.504,20,20,20,0.00,0.0052,0.0000,0.0090,0.0036,-0.2255,0.9738,0.0717,0.0712,-0.4550
2025-11-27 11:49:05.504,20,20,20,0.00,0.0026,0.0000,0.0090,0.0036,-0.2255,0.9738,0.0717,0.0712,-0.4550
2025-11-27 11:49:06.504,20,20,20,0.00,-0.0052,0.0026,0.0090,0.0036,-0.2255,0.9738,0.0717,0.0712,-0.4550
2025-11-27 11:49:07.504,20,20,20,0.00,0.0079,0.0052,0.0090,0.0036,-0.2255,0.9738,0.0717,0.0712,-0.4550
2025-11-27 11:49:08.504,20,20,20,0.00,0.0000,-0.0026,0.0090,0.0036,-0.2255,0.9738,0.0717,0.0712,-0.4550
2025-11-27 11:49:09.504,20,20,20,0.00,-0.0026,-0.0026,0.0090,0.0036,-0.2255,0.9738,0.0717,0.0712,-0.4550
2025-11-27 11:49:10.504,19,20,20,0.00,0.0026,-0.0026,0.0090,0.0036,-0.2255,0.9738,0.0717,0.0712,-0.4550
2025-11-27 11:49:11.504,20,20,20,0.00,0.0026,0.0000,0.0090,0.0036,-0.2255,0.9738,0.0717,0.0712,-0.4550
2025-11-27 11:49:12.505,20,20,20,0.00,0.0026,0.0026,0.0090,0.0036,-0.2255,0.9738,0.0717,0.0712,-0.4550
2025-11-27 11:49:13.504,20,20,20,0.00,-0.0026,-0.0026,0.0090,0.0036,-0.2255,0.9738,0.0717,0.0712,-0.4550
2025-11-27 11:49:14.504,20,20,20,0.00,0.0026,0.0000,0.0090,0.0036,-0.2255,0.9738,0.0717,0.0712,-0.4550
2025-11-27 11:49:15.505,19,20,20,0.00,0.0000,0.0000,0.0090,0.0036,-0.2255,0.9738,0.0717,0.0712,-0.4550
2025-11-27 11:49:16.505,20,20,20,0.00,0.0000,-0.0026,0.0090,0.0036,-0.2255,0.9738,0.0718,0.0712,-0.4550
2025-11-27 11:49:17.505,19,20,20,0.00,0.0000,0.0000,0.0090,0.0036,-0.2255,0.9738,0.0718,0.0712,-0.4550
2025-11-27 11:49:18.504,20,20,20,0.00,-0.0026,0.0000,0.0090,0.0036,-0.2255,0.9738,0.0718,0.0712,-0.4550
2025-11-27 11:49:19.504,20,20,20,0.00,-0.0026,0.0000,0.0090,0.0036,-0.2255,0.9738,0.0717,0.0712,-0.4550
2025-11-27 11:49:20.505,20,20,20,0.00,0.0052,0.0026,0.0090,0.0036,-0.2255,0.9738,0.0718,0.0712,-0.4550
2025-11-27 11:49:21.506,20,20,20,0.00,0.0000,0.0000,0.0090,0.0036,-0.2255,0.9738,0.0718,0.0712,-0.4550
2025-11-27 11:49:22.504,20,20,20,0.00,-0.0104,0.0079,0.0090,0.0036,-0.2255,0.9738,0.0718,0.0712,-0.4550
2025-11-27 11:49:23.504,19,20,20,0.00,0.0000,0.0000,0.0090,0.0036,-0.2255,0.9738,0.0718,0.0712,-0.4550
2025-11-27 11:49:24.505,20,20,20,0.00,0.0000,0.0052,0.0090,0.0036,-0.2255,0.9738,0.0718,0.0712,-0.4550
2025-11-27 11:49:25.505,20,20,20,0.00,-0.0026,0.0000,0.0090,0.0036,-0.2255,0.9738,0.0718,0.0712,-0.4550
2025-11-27 11:49:26.505,20,20,20,0.00,0.0000,-0.0026,0.0090,0.0036,-0.2255,0.9738,0.0718,0.0711,-0.4550
2025-11-27 11:49:27.504,20,20,20,0.00,0.0000,0.0000,0.0090,0.0036,-0.2255,0.9738,0.0718,0.0712,-0.4550
2025-11-27 11:49:28.505,20,20,20,0.00,-0.0026,0.0026,0.0090,0.0036,-0.2255,0.9738,0.0718,0.0712,-0.4550
2025-11-27 11:49:29.504,20,20,20,0.00,-0.0052,0.0000,0.0090,0.0036,-0.2255,0.9738,0.0718,0.0712,-0.4550
2025-11-27 11:49:30.504,20,20,20,0.00,0.0000,0.0000,0.0090,0.0036,-0.2255,0.9738,0.0718,0.0711,-0.4550
2025-11-27 11:49:31.505,18,20,20,0.00,0.0000,0.0000,0.0090,0.0036,-0.2255,0.9738,0.0718,0.0711,-0.4550
2025-11-27 11:49:32.504,20,20,20,0.00,0.0000,0.0104,0.0090,0.0036,-0.2255,0.9738,0.0718,0.0711,-0.4550
2025-11-27 11:49:33.505,20,20,20,0.00,0.0026,0.0000,0.0090,0.0036,-0.2255,0.9738,0.0718,0.0711,-0.4550
2025-11-27 11:49:34.505,20,20,20,0.00,0.0000,0.0000,0.0090,0.0036,-0.2255,0.9738,0.0718,0.0711,-0.4550
2025-11-27 11:49:35.504,20,20,20,0.00,0.0000,0.0026,0.0090,0.0036,-0.2255,0.9738,0.0718,0.0711,-0.4550
2025-11-27 11:49:36.504,20,20,20,0.00,0.0000,0.0000,0.0090,0.0036,-0.2255,0.9738,0.0719,0.0711,-0.4550
2025-11-27 11:49:37.505,19,20,20,0.00,-0.0026,-0.0104,0.0090,0.0036,-0.2255,0.9738,0.0719,0.0711,-0.4550
2025-11-27 11:49:38.504,20,20,20,0.00,0.0000,0.0052,0.0090,0.0036,-0.2255,0.9738,0.0719,0.0711,-0.4550
2025-11-27 11:49:39.505,20,20,20,0.00,-0.0104,0.0000,0.0090,0.0036,-0.2255,0.9738,0.0719,0.0711,-0.4550
2025-11-27 11:49:40.504,20,20,20,0.00,0.0000,0.0000,0.0090,0.0036,-0.2255,0.9738,0.0719,0.0711,-0.4550
2025-11-27 11:49:41.504,20,20,20,0.00,0.0026,0.0000,0.0090,0.0036,-0.2255,0.9738,0.0719,0.0711,-0.4550
2025-11-27 11:49:42.505,20,20,20,0.00,0.0000,0.0000,0.0090,0.0036,-0.2255,0.9738,0.0719,0.0711,-0.4550
2025-11-27 11:49:43.504,20,20,20,0.00,0.0104,-0.0026,0.0090,0.0036,-0.2255,0.9738,0.0719,0.0711,-0.4550
2025-11-27 11:49:44.504,20,20,20,0.00,0.0000,0.0026,0.0090,0.0036,-0.2255,0.9738,0.0719,0.0711,-0.4550
2025-11-27 11:49:45.505,20,20,20,0.00,-0.0052,0.0000,0.0090,0.0036,-0.2255,0.9738,0.0719,0.0711,-0.4550
2025-11-27 11:49:46.504,20,20,20,0.00,0.0000,0.0000,0.0090,0.0036,-0.2255,0.9738,0.0719,0.0711,-0.4550
2025-11-27 11:49:47.504,20,20,20,0.00,0.0000,0.0026,0.0090,0.0036,-0.2255,0.9738,0.0719,0.0711,-0.4550
2025-11-27 11:49:48.505,20,20,20,0.00,0.0000,0.0000,0.0090,0.0036,-0.2255,0.9738,0.0719,0.0711,-0.4550
2025-11-27 11:49:49.505,20,20,20,0.00,0.0026,-0.0026,0.0090,0.0036,-0.2255,0.9738,0.0719,0.0711,-0.4550
2025-11-27 11:49:50.504,19,20,20,0.00,0.0000,-0.0104,0.0090,0.0036,-0.2255,0.9738,0.0718,0.0711,-0.4550
2025-11-27 11:49:51.504,20,20,20,0.00,0.0026,0.0000,0.0090,0.0036,-0.2255,0.9738,0.0718,0.0711,-0.4550
2025-11-27 11:49:52.504,19,20,20,0.00,0.0052,-0.0026,0.0090,0.0036,-0.2255,0.9738,0.0718,0.0711,-0.4550
2025-11-27 11:49:53.505,20,20,20,0.00,0.0026,0.0000,0.0090,0.0036,-0.2255,0.9738,0.0718,0.0711,-0.4550
2025-11-27 11:49:54.504,20,20,20,0.00,0.0026,0.0026,0.0090,0.0036,-0.2255,0.9738,0.0718,0.0711,-0.4550
2025-11-27 11:49:55.504,20,20,20,0.00,0.0052,0.0000,0.0090,0.0036,-0.2255,0.9738,0.0718,0.0711,-0.4550
2025-11-27 11:49:56.504,20,20,20,0.00,-0.0052,0.0000,0.0090,0.0036,-0.2255,0.9738,0.0718,0.0711,-0.4550
2025-11-27 11:49:57.504,20,20,20,0.00,0.0026,-0.0026,0.0090,0.0036,-0.2255,0.9738,0.0719,0.0711,-0.4550
2025-11-27 11:49:58.504,20,20,20,0.00,-0.0026,-0.0026,0.0090,0.0036,-0.2255,0.9738,0.0719,0.0711,-0.4550
2025-11-27 11:49:59.505,20,20,20,0.00,0.0000,0.0000,0.0090,0.0036,-0.2255,0.9738,0.0719,0.0711,-0.4550
2025-11-27 11:50:00.504,20,20,20,0.00,-0.0026,-0.0026,0.0090,0.0036,-0.2255,0.9738,0.0719,0.0711,-0.4550
2025-11-27 11:50:01.504,20,20,20,0.00,-0.0026,-0.0026,0.0090,0.0036,-0.2255,0.9738,0.0719,0.0711,-0.4550
2025-11-27 11:50:02.504,20,20,20,0.00,-0.0079,0.0000,0.0090,0.0036,-0.2255,0.9738,0.0719,0.0711,-0.4550
2025-11-27 11:50:03.505,20,20,20,0.00,0.0000,0.0000,0.0090,0.0036,-0.2255,0.9738,0.0719,0.0711,-0.4550
2025-11-27 11:50:04.504,20,20,20,0.00,0.0026,0.0000,0.0090,0.0036,-0.2255,0.9738,0.0719,0.0711,-0.4550
2025-11-27 11:50:05.504,16,20,20,0.00,0.0000,0.0026,0.0090,0.0036,-0.2255,0.9738,0.0719,0.0711,-0.4550
2025-11-27 11:50:06.504,7,20,20,0.00,0.0000,-0.0026,0.0090,0.0036,-0.2255,0.9738,0.0718,0.0711,-0.4550
2025-11-27 11:50:07.504,18,20,20,0.00,-0.0026,0.0000,0.0090,0.0036,-0.2255,0.9738,0.0718,0.0711,-0.4550
2025-11-27 11:50:08.504,20,20,20,0.00,0.0104,0.0104,0.0090,0.0036,-0.2255,0.9738,0.0718,0.0711,-0.4550
2025-11-27 11:50:09.505,20,20,20,0.00,0.0079,-0.0026,0.0090,0.0036,-0.2255,0.9738,0.0718,0.0711,-0.4550
2025-11-27 11:50:10.505,20,20,20,0.00,0.0000,-0.0026,0.0090,0.0036,-0.2255,0.9738,0.0718,0.0711,-0.4550
2025-11-27 11:50:11.505,20,20,20,0.00,0.0026,0.0026,0.0090,0.0036,-0.2255,0.9738,0.0718,0.0711,-0.4550
2025-11-27 11:50:12.505,20,20,20,0.00,0.0000,0.0000,0.0090,0.0036,-0.2255,0.9738,0.0718,0.0711,-0.4550
2025-11-27 11:50:13.504,19,20,20,0.00,0.0000,0.0000,0.0090,0.0036,-0.2255,0.9738,0.0719,0.0711,-0.4550
2025-11-27 11:50:14.504,20,20,20,0.00,0.0000,-0.0026,0.0090,0.0036,-0.2255,0.9738,0.0719,0.0711,-0.4550
2025-11-27 11:50:15.504,20,20,20,0.00,-0.0026,0.0000,0.0090,0.0036,-0.2255,0.9738,0.0719,0.0711,-0.4550
2025-11-27 11:50:16.505,20,20,20,0.00,0.0000,0.0000,0.0090,0.0036,-0.2255,0.9738,0.0719,0.0711,-0.4550
2025-11-27 11:50:17.504,20,20,20,0.00,0.0000,0.0000,0.0090,0.0036,-0.2255,0.9738,0.0719,0.0711,-0.4550
2025-11-27 11:50:18.504,20,20,20,0.00,0.0079,0.0000,0.0090,0.0036,-0.2255,0.9738,0.0719,0.0711,-0.4550
2025-11-27 11:50:19.504,20,20,20,0.00,-0.0131,0.0000,0.0090,0.0036,-0.2255,0.9738,0.0719,0.0711,-0.4550
2025-11-27 11:50:20.504,20,20,20,0.00,0.0026,0.0000,0.0090,0.0036,-0.2255,0.9738,0.0719,0.0711,-0.4550
2025-11-27 11:50:21.505,20,20,20,0.00,0.0000,0.0000,0.0090,0.0036,-0.2255,0.9738,0.0718,0.0711,-0.4550
2025-11-27 11:50:22.504,20,20,20,0.00,-0.0026,-0.0026,0.0090,0.0036,-0.2255,0.9738,0.0718,0.0711,-0.4550
2025-11-27 11:50:23.504,18,20,20,0.00,0.0000,0.0000,0.0090,0.0036,-0.2255,0.9738,0.0718,0.0711,-0.4550
2025-11-27 11:50:24.504,20,20,20,0.00,0.0026,0.0000,0.0090,0.0036,-0.2255,0.9738,0.0718,0.0711,-0.4550
2025-11-27 11:50:25.504,20,20,20,0.00,0.0052,0.0000,0.0090,0.0036,-0.2255,0.9738,0.0718,0.0711,-0.4550
2025-11-27 11:50:26.505,20,20,20,0.00,0.0026,0.0000,0.0090,0.0036,-0.2255,0.9738,0.0718,0.0711,-0.4550
2025-11-27 11:50:27.504,20,20,20,0.00,0.0000,0.0026,0.0090,0.0036,-0.2255,0.9738,0.0718,0.0711,-0.4550
2025-11-27 11:50:28.504,20,20,20,0.00,-0.0026,0.0026,0.0090,0.0036,-0.2255,0.9738,0.0719,0.0711,-0.4550
2025-11-27 11:50:29.505,19,20,20,0.00,-0.0079,-0.0052,0.0090,0.0036,-0.2255,0.9738,0.0719,0.0711,-0.4550
2025-11-27 11:50:30.505,20,20,20,0.00,-0.0131,0.0026,0.0090,0.0036,-0.2255,0.9738,0.0719,0.0711,-0.4550
2025-11-27 11:50:31.504,20,20,20,0.00,0.0000,-0.0026,0.0090,0.0036,-0.2255,0.9738,0.0719,0.0711,-0.4550
2025-11-27 11:50:32.504,20,20,20,0.00,0.0000,0.0000,0.0090,0.0036,-0.2255,0.9738,0.0719,0.0711,-0.4550
2025-11-27 11:50:33.505,20,20,20,0.00,0.0000,0.0000,0.0090,0.0036,-0.2255,0.9738,0.0719,0.0711,-0.4550
2025-11-27 11:50:34.505,20,20,20,0.00,0.0000,0.0000,0.0090,0.0036,-0.2255,0.9738,0.0719,0.0711,-0.4550
2025-11-27 11:50:35.504,20,20,20,0.00,-0.0026,0.0000,0.0090,0.0036,-0.2255,0.9738,0.0719,0.0711,-0.4550
2025-11-27 11:50:36.504,20,20,20,0.00,0.0000,0.0000,0.0090,0.0036,-0.2255,0.9738,0.0719,0.0711,-0.4550
2025-11-27 11:50:37.505,20,20,20,0.00,0.0026,0.0026,0.0000,0.0000,0.0000,0.0000,0.0719,0.0711,nan
2025-11-27 11:50:38.504,20,20,20,0.00,-0.0052,0.0026,0.0090,0.0036,-0.2255,0.9738,0.0719,0.0711,-0.4550
2025-11-27 11:50:39.504,19,20,20,0.00,-0.0026,-0.0052,0.0090,0.0036,-0.2255,0.9738,0.0719,0.0711,-0.4550
2025-11-27 11:50:40.504,20,20,20,0.00,-0.0026,0.0079,0.0090,0.0036,-0.2255,0.9738,0.0719,0.0711,-0.4550
2025-11-27 11:50:41.505,20,20,20,0.00,0.0000,0.0026,0.0090,0.0036,-0.2255,0.9738,0.0719,0.0711,-0.4550
2025-11-27 11:50:42.504,20,20,20,0.00,0.0000,0.0000,0.0090,0.0036,-0.2255,0.9738,0.0719,0.0711,-0.4550
2025-11-27 11:50:43.505,20,20,20,0.00,-0.0026,0.0000,0.0090,0.0036,-0.2255,0.9738,0.0720,0.0711,-0.4550
2025-11-27 11:50:44.505,20,20,20,0.00,0.0052,0.0000,0.0090,0.0036,-0.2255,0.9738,0.0720,0.0711,-0.4550
2025-11-27 11:50:45.504,19,20,20,0.00,0.0000,-0.0052,0.0090,0.0036,-0.2255,0.9738,0.0720,0.0711,-0.4550
2025-11-27 11:50:46.504,19,20,20,0.00,0.0000,-0.0026,0.0090,0.0036,-0.2255,0.9738,0.0720,0.0711,-0.4550
2025-11-27 11:50:47.505,20,20,20,0.00,0.0000,0.0026,0.0090,0.0036,-0.2255,0.9738,0.0719,0.0711,-0.4550
2025-11-27 11:50:48.504,20,20,20,0.00,-0.0079,0.0026,0.0090,0.0036,-0.2255,0.9738,0.0719,0.0711,-0.4550
2025-11-27 11:50:49.505,20,20,20,0.00,0.0000,-0.0026,0.0090,0.0036,-0.2255,0.9738,0.0719,0.0711,-0.4550
2025-11-27 11:50:50.504,20,20,20,0.00,-0.0026,-0.0026,0.0090,0.0036,-0.2255,0.9738,0.0719,0.0711,-0.4550
2025-11-27 11:50:51.505,20,20,20,0.00,0.0000,0.0000,0.0090,0.0036,-0.2255,0.9738,0.0719,0.0711,-0.4550
2025-11-27 11:50:52.505,20,20,20,0.00,0.0000,0.0000,0.0090,0.0036,-0.2255,0.9738,0.0719,0.0711,-0.4550
2025-11-27 11:50:53.505,20,20,20,0.00,0.0000,0.0026,0.0090,0.0036,-0.2255,0.9738,0.0719,0.0711,-0.4550
2025-11-27 11:50:54.504,20,20,20,0.00,0.0026,0.0000,0.0090,0.0036,-0.2255,0.9738,0.0719,0.0711,-0.4550
2025-11-27 11:50:55.504,20,20,20,0.00,0.0000,0.0000,0.0090,0.0036,-0.2255,0.9738,0.0719,0.0711,-0.4550
2025-11-27 11:50:56.505,20,20,20,0.00,0.0000,-0.0026,0.0090,0.0036,-0.2255,0.9738,0.0719,0.0711,-0.4550
2025-11-27 11:50:57.504,20,20,20,0.00,0.0000,-0.0026,0.0090,0.0036,-0.2255,0.9738,0.0719,0.0711,-0.4550
2025-11-27 11:50:58.504,20,20,20,0.00,0.0026,-0.0026,0.0090,0.0036,-0.2255,0.9738,0.0719,0.0711,-0.4550
2025-11-27 11:50:59.505,19,20,20,0.00,0.0000,0.0000,0.0090,0.0036,-0.2255,0.9738,0.0719,0.0711,-0.4550
2025-11-27 11:51:00.504,20,20,20,0.00,0.0000,0.0026,0.0090,0.0036,-0.2255,0.9738,0.0719,0.0711,-0.4550
2025-11-27 11:51:01.505,19,20,20,0.00,0.0000,-0.0026,0.0090,0.0036,-0.2255,0.9738,0.0719,0.0711,-0.4550
2025-11-27 11:51:02.504,20,20,20,0.00,0.0000,0.0026,0.0090,0.0036,-0.2255,0.9738,0.0719,0.0711,-0.4550
2025-11-27 11:51:03.505,20,20,20,0.00,0.0157,0.0026,0.0090,0.0036,-0.2255,0.9738,0.0719,0.0711,-0.4550
2025-11-27 11:51:04.505,20,20,20,0.00,0.0000,0.0000,0.0090,0.0036,-0.2255,0.9738,0.0719,0.0711,-0.4550
2025-11-27 11:51:05.505,20,20,20,0.00,-0.0026,0.0026,0.0090,0.0036,-0.2255,0.9738,0.0719,0.0711,-0.4550
2025-11-27 11:51:06.504,19,20,20,0.00,0.0052,0.0000,0.0090,0.0036,-0.2255,0.9738,0.0719,0.0711,-0.4550
2025-11-27 11:51:07.504,20,20,20,0.00,0.0000,0.0026,0.0090,0.0036,-0.2255,0.9738,0.0719,0.0711,-0.4550
2025-11-27 11:51:08.504,20,20,20,0.00,0.0000,0.0000,0.0090,0.0036,-0.2255,0.9738,0.0719,0.0711,-0.4550
2025-11-27 11:51:09.504,19,20,20,0.00,0.0000,0.0000,0.0090,0.0036,-0.2255,0.9738,0.0719,0.0711,-0.4550
2025-11-27 11:51:10.504,20,20,20,0.00,0.0000,-0.0026,0.0090,0.0036,-0.2255,0.9738,0.0719,0.0711,-0.4550
2025-11-27 11:51:11.504,20,20,20,0.00,-0.0026,0.0000,0.0090,0.0036,-0.2255,0.9738,0.0719,0.0711,-0.4550
2025-11-27 11:51:12.505,19,20,20,0.00,0.0000,-0.0052,0.0090,0.0036,-0.2255,0.9738,0.0719,0.0711,-0.4550
2025-11-27 11:51:13.504,20,20,20,0.00,-0.0026,-0.0026,0.0090,0.0036,-0.2255,0.9738,0.0719,0.0711,-0.4550
2025-11-27 11:51:14.504,20,20,20,0.00,0.0000,0.0026,0.0090,0.0036,-0.2255,0.9738,0.0719,0.0711,-0.4550
2025-11-27 11:51:15.505,20,20,20,0.00,0.0000,0.0000,0.0090,0.0036,-0.2255,0.9738,0.0719,0.0711,-0.4550
2025-11-27 11:51:16.505,20,20,20,0.00,-0.0026,-0.0026,0.0090,0.0036,-0.2255,0.9738,0.0719,0.0711,-0.4550
2025-11-27 11:51:17.506,20,20,20,0.00,0.0000,0.0000,0.0090,0.0036,-0.2255,0.9738,0.0719,0.0711,-0.4550
2025-11-27 11:51:18.504,20,20,20,0.00,0.0026,-0.0026,0.0090,0.0036,-0.2255,0.9738,0.0719,0.0711,-0.4550
2025-11-27 11:51:19.504,20,20,20,0.00,0.0000,0.0026,0.0090,0.0036,-0.2255,0.9738,0.0719,0.0711,-0.4550
2025-11-27 11:51:20.504,20,20,20,0.00,0.0026,-0.0052,0.0090,0.0036,-0.2255,0.9738,0.0719,0.0711,-0.4550
2025-11-27 11:51:21.505,20,20,20,0.00,-0.0026,0.0000,0.0090,0.0036,-0.2255,0.9738,0.0719,0.0711,-0.4550
2025-11-27 11:51:22.505,19,20,20,0.00,0.0000,0.0000,0.0090,0.0036,-0.2255,0.9738,0.0719,0.0711,-0.4550
2025-11-27 11:51:23.506,20,20,20,0.00,0.0079,0.0000,0.0090,0.0036,-0.2255,0.9738,0.0719,0.0711,-0.4550
2025-11-27 11:51:24.504,20,20,20,0.00,0.0026,0.0000,0.0090,0.0036,-0.2255,0.9738,0.0719,0.0711,-0.4550
2025-11-27 11:51:25.505,20,20,20,0.00,0.0000,0.0000,0.0090,0.0036,-0.2255,0.9738,0.0719,0.0711,-0.4550
2025-11-27 11:51:26.505,20,20,20,0.00,0.0000,0.0026,0.0090,0.0036,-0.2255,0.9738,0.0719,0.0711,-0.4550
2025-11-27 11:51:27.504,20,20,20,0.00,0.0000,0.0000,0.0090,0.0036,-0.2255,0.9738,0.0719,0.0711,-0.4550
2025-11-27 11:51:28.505,20,20,20,0.00,0.0000,0.0000,0.0090,0.0036,-0.2255,0.9738,0.0719,0.0711,-0.4550
2025-11-27 11:51:29.505,20,20,20,0.00,0.0000,0.0026,0.0090,0.0036,-0.2255,0.9738,0.0719,0.0711,-0.4550
2025-11-27 11:51:30.504,20,20,20,0.00,-0.0026,-0.0026,0.0090,0.0036,-0.2255,0.9738,0.0719,0.0711,-0.4550
2025-11-27 11:51:31.505,20,20,20,0.00,-0.0026,0.0000,0.0090,0.0036,-0.2255,0.9738,0.0719,0.0711,-0.4550
2025-11-27 11:51:32.505,20,20,20,0.00,0.0026,-0.0052,0.0090,0.0036,-0.2255,0.9738,0.0719,0.0711,-0.4550
2025-11-27 11:51:33.504,20,20,20,0.00,0.0000,0.0000,0.0090,0.0036,-0.2255,0.9738,0.0719,0.0711,-0.4550
2025-11-27 11:51:34.504,20,20,20,0.00,0.0000,0.0052,0.0090,0.0036,-0.2255,0.9738,0.0719,0.0711,-0.4550
2025-11-27 11:51:35.504,20,20,20,0.00,0.0026,0.0000,0.0090,0.0036,-0.2255,0.9738,0.0719,0.0711,-0.4550
2025-11-27 11:51:36.505,20,20,20,0.00,0.0000,0.0000,0.0090,0.0036,-0.2255,0.9738,0.0719,0.0711,-0.4550
2025-11-27 11:51:37.505,20,20,20,0.00,-0.0026,0.0026,0.0000,0.0000,0.0000,0.9738,0.0719,0.0711,0.0000
2025-11-27 11:51:38.504,20,20,20,0.00,-0.0026,0.0026,0.0090,0.0036,-0.2255,0.9738,0.0719,0.0711,-0.4550
2025-11-27 11:51:39.505,20,20,20,0.00,-0.0026,0.0026,0.0090,0.0036,-0.2255,0.9738,0.0719,0.0711,-0.4550
2025-11-27 11:51:40.504,20,20,20,0.00,0.0026,0.0000,0.0090,0.0036,-0.2255,0.9738,0.0719,0.0711,-0.4550
2025-11-27 11:51:41.504,20,20,20,0.00,0.0000,0.0026,0.0090,0.0036,-0.2255,0.9738,0.0719,0.0711,-0.4550
2025-11-27 11:51:42.505,20,20,20,0.00,0.0026,0.0000,0.0090,0.0036,-0.2255,0.9738,0.0719,0.0711,-0.4550
2025-11-27 11:51:43.504,20,20,20,0.00,-0.0026,0.0000,0.0090,0.0036,-0.2255,0.9738,0.0719,0.0711,-0.4550
2025-11-27 11:51:44.504,20,20,20,0.00,0.0000,0.0000,0.0090,0.0036,-0.2255,0.9738,0.0719,0.0711,-0.4550
2025-11-27 11:51:45.505,20,20,20,0.00,0.0000,-0.0026,0.0090,0.0036,-0.2255,0.9738,0.0719,0.0711,-0.4550
2025-11-27 11:51:46.504,20,20,20,0.00,0.0000,-0.0026,0.0090,0.0036,-0.2255,0.9738,0.0719,0.0711,-0.4550
2025-11-27 11:51:47.505,20,20,20,0.00,-0.0079,0.0052,0.0090,0.0036,-0.2255,0.9738,0.0719,0.0711,-0.4550
2025-11-27 11:51:48.504,20,20,20,0.00,-0.0026,-0.0026,0.0090,0.0036,-0.2255,0.9738,0.0719,0.0711,-0.4550
2025-11-27 11:51:49.504,19,20,20,0.00,0.0000,0.0026,0.0090,0.0036,-0.2255,0.9738,0.0719,0.0711,-0.4550
2025-11-27 11:51:50.504,20,20,20,0.00,-0.0026,0.0052,0.0090,0.0036,-0.2255,0.9738,0.0719,0.0711,-0.4550
2025-11-27 11:51:51.504,20,20,20,0.00,-0.0079,0.0000,0.0090,0.0036,-0.2255,0.9738,0.0719,0.0711,-0.4550
2025-11-27 11:51:52.505,20,20,20,0.00,0.0000,0.0104,0.0090,0.0036,-0.2255,0.9738,0.0719,0.0711,-0.4550
2025-11-27 11:51:53.504,20,20,20,0.00,0.0000,0.0000,0.0090,0.0036,-0.2255,0.9738,0.0719,0.0711,-0.4550
2025-11-27 11:51:54.504,20,20,20,0.00,0.0000,0.0000,0.0090,0.0036,-0.2255,0.9738,0.0719,0.0711,-0.4550
2025-11-27 11:51:55.505,20,20,20,0.00,-0.0052,-0.0052,0.0090,0.0036,-0.2255,0.9738,0.0719,0.0711,-0.4550
2025-11-27 11:51:56.505,20,20,20,0.00,0.0000,-0.0026,0.0090,0.0036,-0.2255,0.9738,0.0719,0.0711,-0.4550
2025-11-27 11:51:57.504,20,20,20,0.00,0.0000,0.0000,0.0090,0.0036,-0.2255,0.9738,0.0719,0.0711,-0.4550
2025-11-27 11:51:58.504,20,20,20,0.00,0.0000,-0.0026,0.0090,0.0036,-0.2255,0.9738,0.0719,0.0711,-0.4550
2025-11-27 11:51:59.505,20,20,20,0.00,0.0000,0.0000,0.0090,0.0036,-0.2255,0.9738,0.0719,0.0711,-0.4550
2025-11-27 11:52:00.505,19,20,20,0.00,0.0026,0.0000,0.0090,0.0036,-0.2255,0.9738,0.0719,0.0711,-0.4550
2025-11-27 11:52:01.505,20,20,20,0.00,-0.0026,0.0000,0.0090,0.0036,-0.2255,0.9738,0.0719,0.0711,-0.4550
2025-11-27 11:52:02.505,20,20,20,0.00,0.0052,0.0026,0.0090,0.0036,-0.2255,0.9738,0.0719,0.0711,-0.4550
2025-11-27 11:52:03.505,20,20,20,0.00,-0.0026,0.0026,0.0090,0.0036,-0.2255,0.9738,0.0719,0.0711,-0.4550
2025-11-27 11:52:04.504,20,20,20,0.00,0.0026,0.0026,0.0090,0.0036,-0.2255,0.9738,0.0719,0.0711,-0.4550
2025-11-27 11:52:05.506,20,20,20,0.00,-0.0079,0.0000,0.0090,0.0036,-0.2255,0.9738,0.0719,0.0711,-0.4550
2025-11-27 11:52:06.504,19,20,20,0.00,-0.0026,-0.0026,0.0090,0.0036,-0.2255,0.9738,0.0719,0.0711,-0.4550
2025-11-27 11:52:07.505,20,20,20,0.00,-0.0026,0.0000,0.0090,0.0036,-0.2255,0.9738,0.0719,0.0711,-0.4550
2025-11-27 11:52:08.505,20,20,20,0.00,0.0000,0.0026,0.0090,0.0036,-0.2255,0.9738,0.0719,0.0711,-0.4550
2025-11-27 11:52:09.505,20,20,20,0.00,0.0000,0.0026,0.0090,0.0036,-0.2255,0.9738,0.0719,0.0711,-0.4550
2025-11-27 11:52:10.504,20,20,20,0.00,-0.0052,-0.0026,0.0090,0.0036,-0.2255,0.9738,0.0719,0.0711,-0.4550
2025-11-27 11:52:11.504,20,20,20,0.00,0.0000,0.0000,0.0090,0.0036,-0.2255,0.9738,0.0719,0.0711,-0.4550
2025-11-27 11:52:12.504,20,20,20,0.00,0.0000,0.0000,0.0090,0.0036,-0.2255,0.9738,0.0719,0.0711,-0.4550
2025-11-27 11:52:13.505,20,20,20,0.00,0.0052,0.0026,0.0090,0.0036,-0.2255,0.9738,0.0719,0.0711,-0.4550
2025-11-27 11:52:14.504,20,20,20,0.00,0.0000,-0.0026,0.0090,0.0036,-0.2255,0.9738,0.0719,0.0711,-0.4550
2025-11-27 11:52:15.504,20,20,20,0.00,-0.0052,0.0000,0.0090,0.0036,-0.2255,0.9738,0.0719,0.0711,-0.4550
2025-11-27 11:52:16.505,20,20,20,0.00,0.0026,-0.0026,0.0090,0.0036,-0.2255,0.9738,0.0719,0.0711,-0.4550
2025-11-27 11:52:17.504,20,20,20,0.00,-0.0052,0.0000,0.0090,0.0036,-0.2255,0.9738,0.0719,0.0711,-0.4550
2025-11-27 11:52:18.505,20,20,20,0.00,-0.0104,0.0000,0.0090,0.0036,-0.2255,0.9738,0.0719,0.0711,-0.4550
2025-11-27 11:52:19.504,20,20,20,0.00,0.0026,0.0000,0.0090,0.0036,-0.2255,0.9738,0.0719,0.0711,-0.4550
2025-11-27 11:52:20.504,20,20,20,0.00,0.0000,0.0026,0.0090,0.0036,-0.2255,0.9738,0.0719,0.0711,-0.4550
2025-11-27 11:52:21.504,20,20,20,0.00,0.0000,-0.0026,0.0090,0.0036,-0.2255,0.9738,0.0719,0.0711,-0.4550
2025-11-27 11:52:22.504,20,20,20,0.00,-0.0026,0.0000,0.0090,0.0036,-0.2255,0.9738,0.0719,0.0711,-0.4550
2025-11-27 11:52:23.506,20,20,20,0.00,0.0104,0.0052,0.0090,0.0036,-0.2255,0.9738,0.0719,0.0711,-0.4550
2025-11-27 11:52:24.505,20,20,20,0.00,0.0000,0.0026,0.0090,0.0036,-0.2255,0.9738,0.0719,0.0711,-0.4550
2025-11-27 11:52:25.506,19,20,20,0.00,-0.0052,0.0000,0.0090,0.0036,-0.2255,0.9738,0.0719,0.0711,-0.4550
2025-11-27 11:52:26.504,20,20,20,0.00,0.0026,0.0000,0.0090,0.0036,-0.2255,0.9738,0.0719,0.0711,-0.4550
2025-11-27 11:52:27.504,20,20,20,0.00,0.0000,0.0000,0.0090,0.0036,-0.2255,0.9738,0.0719,0.0711,-0.4550
2025-11-27 11:52:28.506,19,20,20,0.00,0.0000,0.0000,0.0090,0.0036,-0.2255,0.9738,0.0719,0.0711,-0.4550
2025-11-27 11:52:29.504,20,20,20,0.00,0.0000,-0.0026,0.0090,0.0043,-0.2255,0.9738,0.0719,0.0711,-0.4550
2025-11-27 11:52:30.505,19,20,20,0.00,0.0000,0.0026,0.0086,0.0056,-0.2255,0.9738,0.0719,0.0711,-0.4550
2025-11-27 11:52:31.504,20,20,20,0.00,0.1178,-0.0104,0.0116,0.0071,-0.1906,0.9815,0.0660,0.0735,-0.3834
2025-11-27 11:52:32.504,20,20,20,0.00,0.0183,-0.0026,0.0111,0.0069,-0.1854,0.9825,0.0644,0.0742,-0.3728
2025-11-27 11:52:33.504,20,20,20,0.00,-0.1701,0.0000,0.0092,0.0075,-0.1893,0.9818,0.0663,0.0734,-0.3808
2025-11-27 11:52:34.504,20,19,20,0.00,-0.0026,0.0026,0.0089,0.0073,-0.1909,0.9815,0.0671,0.0731,-0.3841
2025-11-27 11:52:35.504,20,20,20,0.00,-0.0026,0.0000,0.0089,0.0073,-0.1909,0.9815,0.0670,0.0731,-0.3841
2025-11-27 11:52:36.504,20,20,20,0.00,-0.0026,0.0000,0.0089,0.0073,-0.1909,0.9815,0.0670,0.0731,-0.3841
2025-11-27 11:52:37.504,20,20,20,0.00,0.0052,-0.0026,0.0089,0.0073,-0.1909,0.9815,0.0670,0.0731,-0.3841
2025-11-27 11:52:38.505,20,20,20,0.00,0.0026,0.0000,0.0089,0.0073,0.0000,0.9815,0.0670,0.0731,0.0001
2025-11-27 11:52:39.505,20,20,20,0.00,0.0000,0.0000,0.0089,0.0073,-0.1909,0.9815,0.0670,0.0731,-0.3841
2025-11-27 11:52:40.504,20,20,20,0.00,0.0000,0.0026,0.0089,0.0073,-0.1909,0.9815,0.0670,0.0731,-0.3841
2025-11-27 11:52:41.504,19,20,20,0.00,0.0026,0.0026,0.0089,0.0073,-0.1909,0.9815,0.0670,0.0731,-0.3841
2025-11-27 11:52:42.505,19,20,20,0.00,0.0000,0.0000,0.0089,0.0073,-0.1909,0.9815,0.0671,0.0731,-0.3841
2025-11-27 11:52:43.504,20,20,20,0.00,0.0026,-0.0026,0.0089,0.0073,-0.1909,0.9815,0.0671,0.0731,-0.3841
2025-11-27 11:52:44.504,20,20,20,0.00,-0.0026,0.0000,0.0089,0.0073,-0.1909,0.9815,0.0671,0.0731,-0.3841
2025-11-27 11:52:45.504,20,20,20,0.00,0.0026,0.0000,0.0089,0.0073,-0.1909,0.9815,0.0671,0.0731,-0.3841
2025-11-27 11:52:46.504,20,20,20,0.00,0.0000,0.0000,0.0089,0.0073,-0.1909,0.9815,0.0670,0.0731,-0.3841
2025-11-27 11:52:47.504,20,19,20,0.00,0.0026,0.0000,0.0089,0.0073,-0.1909,0.9815,0.0670,0.0731,-0.3841
2025-11-27 11:52:48.504,20,20,20,0.00,-0.0026,0.0052,0.0090,0.0070,-0.1909,0.9815,0.0670,0.0731,-0.3841
2025-11-27 11:52:49.505,20,20,20,0.00,0.0000,-0.0052,0.0089,0.0069,-0.1909,0.9815,0.0670,0.0731,-0.3841
2025-11-27 11:52:50.504,18,20,20,0.00,0.0000,0.0000,0.0089,0.0069,-0.1909,0.9815,0.0670,0.0731,-0.3841
2025-11-27 11:52:51.506,18,20,20,0.00,0.0000,0.0026,0.0089,0.0069,-0.1909,0.9815,0.0670,0.0731,-0.3841
2025-11-27 11:52:52.505,20,20,20,0.00,-0.0026,0.0026,0.0089,0.0069,-0.1909,0.9815,0.0670,0.0731,-0.3841
2025-11-27 11:52:53.504,19,20,20,0.00,0.0000,0.0000,0.0089,0.0069,-0.1909,0.9815,0.0670,0.0731,-0.3841
2025-11-27 11:52:54.504,20,20,20,0.00,0.0000,0.0026,0.0089,0.0069,-0.1909,0.9815,0.0670,0.0731,-0.3841
2025-11-27 11:52:55.504,20,20,20,0.00,0.0000,-0.0052,0.0089,0.0069,-0.1909,0.9815,0.0670,0.0731,-0.3841
2025-11-27 11:52:56.504,20,20,20,0.00,0.0000,-0.0026,0.0089,0.0069,-0.1909,0.9815,0.0670,0.0731,-0.3841
2025-11-27 11:52:57.505,19,20,20,0.00,0.0000,0.0000,0.0089,0.0069,-0.1909,0.9815,0.0670,0.0731,-0.3841
2025-11-27 11:52:58.506,20,20,20,0.00,0.0000,0.0000,0.0089,0.0069,-0.1909,0.9815,0.0670,0.0731,-0.3841
2025-11-27 11:52:59.504,20,20,20,0.00,0.0000,0.0000,0.0089,0.0069,-0.1909,0.9815,0.0670,0.0731,-0.3841
2025-11-27 11:53:00.504,20,20,20,0.00,-0.0026,0.0000,0.0089,0.0069,-0.1909,0.9815,0.0670,0.0731,-0.3841
2025-11-27 11:53:01.505,20,20,20,0.00,0.0052,0.0052,0.0086,0.0070,-0.1909,0.9815,0.0670,0.0731,-0.3841
2025-11-27 11:53:02.504,20,20,20,0.00,0.0000,-0.0026,0.0086,0.0071,-0.1909,0.9815,0.0670,0.0731,-0.3841
2025-11-27 11:53:03.505,19,20,20,0.00,0.0026,0.0000,0.0086,0.0070,-0.1909,0.9815,0.0670,0.0731,-0.3841
2025-11-27 11:53:04.504,20,19,20,0.00,0.0000,0.0000,0.0083,0.0075,-0.1907,0.9815,0.0670,0.0731,-0.3837
2025-11-27 11:53:05.504,20,20,20,0.00,0.0000,0.0000,0.0082,0.0071,-0.1907,0.9815,0.0670,0.0731,-0.3837
2025-11-27 11:53:06.504,20,20,20,0.00,-0.0026,-0.0079,0.0082,0.0072,-0.1907,0.9815,0.0671,0.0731,-0.3837
2025-11-27 11:53:07.504,20,20,20,0.00,0.0000,-0.0026,0.0082,0.0072,-0.1907,0.9815,0.0671,0.0731,-0.3837
2025-11-27 11:53:08.505,20,20,20,0.00,0.0026,0.0000,0.0082,0.0072,-0.1907,0.9815,0.0671,0.0731,-0.3837
2025-11-27 11:53:09.505,19,20,20,0.00,0.0000,0.0026,0.0082,0.0072,-0.1907,0.9815,0.0671,0.0731,-0.3837
2025-11-27 11:53:10.504,20,20,20,0.00,0.0000,0.0000,0.0082,0.0072,-0.1907,0.9815,0.0671,0.0731,-0.3837
2025-11-27 11:53:11.504,20,20,20,0.00,0.0000,0.0000,0.0082,0.0072,-0.1907,0.9815,0.0671,0.0731,-0.3837
2025-11-27 11:53:12.505,18,20,20,0.00,0.0026,0.0000,0.0082,0.0072,-0.1907,0.9815,0.0670,0.0731,-0.3837
2025-11-27 11:53:13.504,19,20,20,0.00,0.0000,0.0000,0.0082,0.0072,-0.1907,0.9815,0.0670,0.0731,-0.3837
2025-11-27 11:53:14.504,20,20,20,0.00,-0.0026,0.0000,0.0082,0.0072,-0.1907,0.9815,0.0670,0.0731,-0.3837
2025-11-27 11:53:15.504,20,20,20,0.00,0.0026,0.0000,0.0082,0.0072,-0.1907,0.9815,0.0670,0.0731,-0.3837
2025-11-27 11:53:16.504,20,20,20,0.00,0.0000,0.0000,0.0082,0.0072,-0.1907,0.9815,0.0670,0.0731,-0.3837
2025-11-27 11:53:17.504,20,20,20,0.00,0.0000,0.0026,0.0082,0.0072,-0.1907,0.9815,0.0670,0.0731,-0.3837
2025-11-27 11:53:18.504,20,20,20,0.00,-0.0026,-0.0026,0.0082,0.0072,-0.1907,0.9815,0.0670,0.0731,-0.3837
2025-11-27 11:53:19.505,20,20,20,0.00,0.0000,0.0026,0.0082,0.0072,-0.1907,0.9815,0.0670,0.0731,-0.3837
2025-11-27 11:53:20.505,20,20,20,0.00,0.0000,-0.0026,0.0082,0.0072,-0.1907,0.9815,0.0671,0.0731,-0.3837
2025-11-27 11:53:21.505,20,20,20,0.00,0.0000,0.0052,0.0082,0.0072,-0.1907,0.9815,0.0671,0.0731,-0.3837
2025-11-27 11:53:22.505,20,20,20,0.00,0.0000,0.0000,0.0082,0.0072,-0.1907,0.9815,0.0671,0.0731,-0.3837
2025-11-27 11:53:23.504,20,20,20,0.00,0.0000,-0.0026,0.0082,0.0072,-0.1907,0.9815,0.0671,0.0731,-0.3837
2025-11-27 11:53:24.504,20,20,20,0.00,0.0000,0.0000,0.0082,0.0072,-0.1907,0.9815,0.0671,0.0731,-0.3837
2025-11-27 11:53:25.505,20,20,20,0.00,0.0026,0.0052,0.0082,0.0072,-0.1907,0.9815,0.0671,0.0731,-0.3837
2025-11-27 11:53:26.504,20,20,20,0.00,0.0079,0.0000,0.0082,0.0072,-0.1907,0.9815,0.0671,0.0731,-0.3837
2025-11-27 11:53:27.504,20,20,20,0.00,0.0026,0.0000,0.0082,0.0072,-0.1907,0.9815,0.0671,0.0731,-0.3837
2025-11-27 11:53:28.505,20,20,20,0.00,0.0000,0.0000,0.0082,0.0072,-0.1907,0.9815,0.0671,0.0731,-0.3837
2025-11-27 11:53:29.505,20,20,20,0.00,0.0000,-0.0052,0.0082,0.0072,-0.1907,0.9815,0.0671,0.0731,-0.3837
2025-11-27 11:53:30.505,20,20,20,0.00,-0.0026,0.0000,0.0082,0.0072,-0.1907,0.9815,0.0671,0.0731,-0.3837
2025-11-27 11:53:31.504,20,20,20,0.00,-0.0026,0.0000,0.0082,0.0072,-0.1907,0.9815,0.0671,0.0731,-0.3837
2025-11-27 11:53:32.505,20,20,20,0.00,0.0000,0.0026,0.0082,0.0072,-0.1907,0.9815,0.0671,0.0731,-0.3837
2025-11-27 11:53:33.505,19,20,20,0.00,-0.0026,0.0000,0.0082,0.0072,-0.1907,0.9815,0.0671,0.0731,-0.3837
2025-11-27 11:53:34.505,20,20,20,0.00,0.0000,0.0000,0.0082,0.0072,-0.1907,0.9815,0.0671,0.0731,-0.3837
2025-11-27 11:53:35.505,20,20,20,0.00,0.0026,0.0000,0.0082,0.0072,-0.1907,0.9815,0.0671,0.0731,-0.3837
2025-11-27 11:53:36.504,20,20,20,0.00,-0.0052,0.0000,0.0082,0.0072,-0.1907,0.9815,0.0671,0.0731,-0.3837
2025-11-27 11:53:37.504,20,20,20,0.00,0.0052,0.0079,0.0082,0.0072,-0.1907,0.9815,0.0670,0.0731,-0.3837
2025-11-27 11:53:38.504,19,20,20,0.00,0.0000,-0.0052,0.0082,0.0072,-0.1907,0.9815,0.0670,0.0731,-0.3837
2025-11-27 11:53:39.504,19,20,20,0.00,0.0000,0.0000,0.0082,0.0072,-0.1907,0.9815,0.0670,0.0731,-0.3837
2025-11-27 11:53:40.505,20,20,20,0.00,-0.0026,0.0000,0.0082,0.0072,-0.1907,0.9815,0.0670,0.0731,-0.3837
2025-11-27 11:53:41.504,20,20,20,0.00,0.0026,-0.0026,0.0082,0.0072,-0.1907,0.9815,0.0670,0.0731,-0.3837
2025-11-27 11:53:42.505,20,20,20,0.00,0.0026,0.0000,0.0082,0.0072,-0.1907,0.9815,0.0670,0.0731,-0.3837
2025-11-27 11:53:43.504,20,20,20,0.00,0.0026,0.0079,0.0082,0.0072,-0.1907,0.9815,0.0670,0.0731,-0.3837
2025-11-27 11:53:44.504,20,20,20,0.00,0.0000,0.0026,0.0082,0.0072,-0.1907,0.9815,0.0670,0.0731,-0.3837
2025-11-27 11:53:45.504,20,20,20,0.00,0.0052,0.0000,0.0082,0.0072,-0.1907,0.9815,0.0671,0.0731,-0.3837
2025-11-27 11:53:46.504,20,20,20,0.00,0.0000,0.0026,0.0082,0.0072,-0.1907,0.9815,0.0671,0.0731,-0.3837
2025-11-27 11:53:47.505,19,20,20,0.00,-0.0026,-0.0026,0.0082,0.0072,-0.1907,0.9815,0.0671,0.0731,-0.3837
2025-11-27 11:53:48.505,20,20,20,0.00,-0.0052,0.0052,0.0082,0.0072,-0.1907,0.9815,0.0671,0.0731,-0.3837
2025-11-27 11:53:49.505,20,20,20,0.00,-0.0026,-0.0052,0.0082,0.0072,-0.1907,0.9815,0.0670,0.0731,-0.3837
2025-11-27 11:53:50.505,20,20,20,0.00,0.0000,-0.0026,0.0082,0.0072,-0.1907,0.9815,0.0671,0.0731,-0.3837
2025-11-27 11:53:51.504,20,20,20,0.00,0.0000,-0.0026,0.0082,0.0072,-0.1907,0.9815,0.0671,0.0731,-0.3837
2025-11-27 11:53:52.504,20,20,20,0.00,-0.0026,0.0000,0.0082,0.0072,-0.1907,0.9815,0.0671,0.0731,-0.3837
2025-11-27 11:53:53.504,19,20,20,0.00,0.0000,-0.0026,0.0082,0.0072,-0.1907,0.9815,0.0671,0.0731,-0.3837
2025-11-27 11:53:54.504,20,20,20,0.00,-0.0026,0.0000,0.0082,0.0072,-0.1907,0.9815,0.0671,0.0731,-0.3837
2025-11-27 11:53:55.505,20,20,20,0.00,0.0000,0.0000,0.0082,0.0072,-0.1907,0.9815,0.0671,0.0731,-0.3837
2025-11-27 11:53:56.505,20,20,20,0.00,0.0000,0.0026,0.0082,0.0072,-0.1907,0.9815,0.0671,0.0731,-0.3837
2025-11-27 11:53:57.505,20,20,20,0.00,0.0000,0.0000,0.0082,0.0072,-0.1907,0.9815,0.0671,0.0731,-0.3837
2025-11-27 11:53:58.504,20,20,20,0.00,-0.0079,-0.0052,0.0082,0.0072,-0.1907,0.9815,0.0671,0.0731,-0.3837
2025-11-27 11:53:59.504,20,20,20,0.00,-0.0052,0.0000,0.0082,0.0072,-0.1907,0.9815,0.0671,0.0731,-0.3837
2025-11-27 11:54:00.504,20,20,20,0.00,0.0000,0.0000,0.0082,0.0072,-0.1907,0.9815,0.0671,0.0731,-0.3837
2025-11-27 11:54:01.505,20,20,20,0.00,0.0000,-0.0026,0.0082,0.0072,-0.1907,0.9815,0.0671,0.0731,-0.3837
2025-11-27 11:54:02.505,20,20,20,0.00,-0.0052,0.0000,0.0082,0.0072,-0.1907,0.9815,0.0671,0.0731,-0.3837
2025-11-27 11:54:03.504,19,20,20,0.00,0.0026,0.0052,0.0082,0.0072,-0.1907,0.9815,0.0671,0.0731,-0.3837
2025-11-27 11:54:04.504,20,20,20,0.00,0.0000,0.0000,0.0082,0.0072,-0.1907,0.9815,0.0670,0.0731,-0.3837
2025-11-27 11:54:05.504,20,20,20,0.00,0.0052,0.0000,0.0082,0.0072,-0.1907,0.9815,0.0670,0.0731,-0.3837
2025-11-27 11:54:06.504,20,20,20,0.00,-0.0026,0.0026,0.0082,0.0072,-0.1907,0.9815,0.0670,0.0731,-0.3837
2025-11-27 11:54:07.504,20,20,20,0.00,-0.0026,0.0026,0.0082,0.0072,-0.1907,0.9815,0.0670,0.0731,-0.3837
2025-11-27 11:54:08.511,20,20,20,0.00,0.0000,0.0000,0.0082,0.0072,-0.1907,0.9815,0.0670,0.0731,-0.3837
2025-11-27 11:54:09.505,20,20,20,0.00,0.0000,0.0026,0.0082,0.0072,-0.1907,0.9815,0.0670,0.0731,-0.3837
2025-11-27 11:54:10.505,20,20,20,0.00,0.0026,-0.0026,0.0082,0.0072,-0.1907,0.9815,0.0670,0.0731,-0.3837
2025-11-27 11:54:11.505,20,20,20,0.00,-0.0026,0.0000,0.0082,0.0072,-0.1907,0.9815,0.0670,0.0731,-0.3837
2025-11-27 11:54:12.504,20,20,20,0.00,-0.0026,0.0000,0.0082,0.0072,-0.1907,0.9815,0.0671,0.0731,-0.3837
2025-11-27 11:54:13.504,19,20,20,0.00,-0.0052,0.0000,0.0082,0.0072,-0.1907,0.9815,0.0671,0.0731,-0.3837
2025-11-27 11:54:14.504,20,20,20,0.00,-0.0026,0.0026,0.0082,0.0072,-0.1907,0.9815,0.0671,0.0731,-0.3837
2025-11-27 11:54:15.504,19,20,20,0.00,-0.0026,0.0000,0.0082,0.0072,-0.1907,0.9815,0.0671,0.0731,-0.3837
2025-11-27 11:54:16.504,20,20,20,0.00,0.0000,-0.0026,0.0082,0.0072,-0.1907,0.9815,0.0671,0.0731,-0.3837
2025-11-27 11:54:17.505,20,20,20,0.00,0.0000,0.0026,0.0082,0.0072,-0.1907,0.9815,0.0671,0.0731,-0.3837
2025-11-27 11:54:18.505,20,20,20,0.00,0.0052,0.0000,0.0082,0.0072,-0.1907,0.9815,0.0671,0.0731,-0.3837
2025-11-27 11:54:19.505,20,20,20,0.00,0.0000,-0.0026,0.0082,0.0072,-0.1907,0.9815,0.0671,0.0731,-0.3837
2025-11-27 11:54:20.504,20,20,20,0.00,0.0000,0.0026,0.0082,0.0072,-0.1907,0.9815,0.0671,0.0731,-0.3837
2025-11-27 11:54:21.505,20,20,20,0.00,0.0000,0.0000,0.0082,0.0072,-0.1907,0.9815,0.0670,0.0731,-0.3837
2025-11-27 11:54:22.504,20,20,20,0.00,0.0000,0.0000,0.0082,0.0072,-0.1907,0.9815,0.0670,0.0731,-0.3837
2025-11-27 11:54:23.504,20,20,20,0.00,0.0000,0.0052,0.0082,0.0072,-0.1907,0.9815,0.0670,0.0731,-0.3837
2025-11-27 11:54:24.504,20,20,20,0.00,0.0000,0.0000,0.0082,0.0072,-0.1907,0.9815,0.0670,0.0731,-0.3837
2025-11-27 11:54:25.504,20,20,20,0.00,-0.0052,0.0000,0.0082,0.0072,-0.1907,0.9815,0.0670,0.0731,-0.3837
2025-11-27 11:54:26.504,20,20,20,0.00,0.0026,0.0000,0.0082,0.0072,-0.1907,0.9815,0.0670,0.0731,-0.3837
2025-11-27 11:54:27.504,20,20,20,0.00,0.0000,-0.0052,0.0082,0.0072,-0.1907,0.9815,0.0670,0.0731,-0.3837
2025-11-27 11:54:28.504,20,20,20,0.00,0.0000,0.0000,0.0082,0.0072,-0.1907,0.9815,0.0670,0.0731,-0.3837
2025-11-27 11:54:29.505,20,20,20,0.00,0.0000,0.0000,0.0082,0.0072,-0.1907,0.9815,0.0670,0.0731,-0.3837
2025-11-27 11:54:30.504,20,20,20,0.00,0.0000,-0.0026,0.0082,0.0072,-0.1907,0.9815,0.0670,0.0731,-0.3837
2025-11-27 11:54:31.505,20,20,20,0.00,0.0000,0.0052,0.0082,0.0072,-0.1907,0.9815,0.0670,0.0731,-0.3837
2025-11-27 11:54:32.505,20,20,20,0.00,0.0000,-0.0026,0.0082,0.0072,-0.1907,0.9815,0.0670,0.0731,-0.3837
2025-11-27 11:54:33.504,20,20,20,0.00,0.0000,0.0000,0.0082,0.0072,-0.1907,0.9815,0.0670,0.0731,-0.3837
2025-11-27 11:54:34.505,20,20,20,0.00,-0.0052,-0.0026,0.0082,0.0072,-0.1907,0.9815,0.0670,0.0731,-0.3837
2025-11-27 11:54:35.505,20,20,20,0.00,0.0000,0.0000,0.0082,0.0072,-0.1907,0.9815,0.0670,0.0731,-0.3837
2025-11-27 11:54:36.504,19,20,20,0.00,0.0000,-0.0052,0.0082,0.0072,-0.1907,0.9815,0.0670,0.0731,-0.3837
2025-11-27 11:54:37.505,20,20,20,0.00,0.0026,0.0000,0.0082,0.0072,-0.1907,0.9815,0.0670,0.0731,-0.3837
2025-11-27 11:54:38.505,19,20,20,0.00,0.0026,0.0000,0.0082,0.0072,-0.1907,0.9815,0.0670,0.0731,-0.3837
2025-11-27 11:54:39.504,20,20,20,0.00,0.0000,-0.0026,0.0082,0.0072,-0.1907,0.9815,0.0670,0.0731,-0.3837
2025-11-27 11:54:40.505,20,20,20,0.00,0.0000,0.0000,0.0082,0.0072,-0.1907,0.9815,0.0670,0.0731,-0.3837
2025-11-27 11:54:41.506,20,20,20,0.00,0.0000,0.0000,0.0082,0.0072,-0.1907,0.9815,0.0670,0.0731,-0.3837
2025-11-27 11:54:42.504,20,20,20,0.00,0.0000,0.0000,0.0082,0.0072,-0.1907,0.9815,0.0670,0.0731,-0.3837
2025-11-27 11:54:43.505,20,20,20,0.00,0.0000,0.0026,0.0082,0.0072,-0.1907,0.9815,0.0670,0.0731,-0.3837
2025-11-27 11:54:44.504,20,20,20,0.00,0.0052,0.0000,0.0082,0.0072,-0.1907,0.9815,0.0670,0.0731,-0.3837
2025-11-27 11:54:45.504,20,20,20,0.00,0.0000,0.0000,0.0082,0.0072,-0.1907,0.9815,0.0670,0.0731,-0.3837
2025-11-27 11:54:46.504,20,20,20,0.00,0.0026,-0.0052,0.0082,0.0072,-0.1907,0.9815,0.0670,0.0731,-0.3837
2025-11-27 11:54:47.505,20,20,20,0.00,0.0000,0.0000,0.0082,0.0072,-0.1907,0.9815,0.0670,0.0731,-0.3837
2025-11-27 11:54:48.504,20,20,20,0.00,-0.0026,-0.0026,0.0082,0.0072,-0.1907,0.9815,0.0670,0.0731,-0.3837
2025-11-27 11:54:49.504,20,20,20,0.00,-0.0026,0.0026,0.0082,0.0072,-0.1907,0.9815,0.0670,0.0731,-0.3837
2025-11-27 11:54:50.505,20,20,20,0.00,0.0000,0.0000,0.0082,0.0072,-0.1907,0.9815,0.0670,0.0731,-0.3837
2025-11-27 11:54:51.504,20,20,20,0.00,0.0000,-0.0079,0.0082,0.0072,-0.1907,0.9815,0.0670,0.0731,-0.3837
2025-11-27 11:54:52.504,20,20,20,0.00,-0.0052,-0.0026,0.0082,0.0072,-0.1907,0.9815,0.0670,0.0731,-0.3837
2025-11-27 11:54:53.504,20,20,20,0.00,0.0000,0.0026,0.0082,0.0072,-0.1907,0.9815,0.0670,0.0731,-0.3837
2025-11-27 11:54:54.504,20,20,20,0.00,0.0000,0.0000,0.0082,0.0072,-0.1907,0.9815,0.0670,0.0731,-0.3837
2025-11-27 11:54:55.505,19,20,20,0.00,-0.0026,-0.0026,0.0082,0.0072,-0.1907,0.9815,0.0671,0.0731,-0.3837
2025-11-27 11:54:56.505,19,20,20,0.00,0.0000,-0.0026,0.0082,0.0072,-0.1907,0.9815,0.0671,0.0731,-0.3837
2025-11-27 11:54:57.504,20,20,20,0.00,0.0000,0.0000,0.0082,0.0072,-0.1907,0.9815,0.0671,0.0731,-0.3837
2025-11-27 11:54:58.504,20,20,20,0.00,0.0000,0.0079,0.0082,0.0072,-0.1907,0.9815,0.0670,0.0731,-0.3837
2025-11-27 11:54:59.504,20,20,20,0.00,0.0000,-0.0104,0.0082,0.0072,-0.1907,0.9815,0.0670,0.0731,-0.3837
2025-11-27 11:55:00.505,20,20,20,0.00,0.0000,0.0000,0.0082,0.0072,-0.1907,0.9815,0.0671,0.0731,-0.3837
2025-11-27 11:55:01.505,20,20,20,0.00,0.0000,0.0000,0.0082,0.0072,-0.1907,0.9815,0.0671,0.0731,-0.3837
2025-11-27 11:55:02.505,20,20,20,0.00,0.0026,-0.0026,0.0082,0.0072,-0.1907,0.9815,0.0671,0.0731,-0.3837
2025-11-27 11:55:03.504,20,20,20,0.00,0.0000,0.0000,0.0082,0.0072,-0.1907,0.9815,0.0671,0.0731,-0.3837
2025-11-27 11:55:04.504,20,20,20,0.00,-0.0026,-0.0026,0.0082,0.0072,-0.1907,0.9815,0.0671,0.0731,-0.3837
2025-11-27 11:55:05.505,20,20,20,0.00,0.0000,0.0026,0.0082,0.0072,-0.1907,0.9815,0.0671,0.0731,-0.3837
2025-11-27 11:55:06.505,20,20,20,0.00,0.0000,0.0026,0.0082,0.0072,-0.1907,0.9815,0.0671,0.0731,-0.3837
2025-11-27 11:55:07.505,20,20,20,0.00,0.0000,-0.0026,0.0082,0.0072,-0.1907,0.9815,0.0671,0.0731,-0.3837
2025-11-27 11:55:08.504,20,20,20,0.00,-0.0026,0.0026,0.0082,0.0072,-0.1907,0.9815,0.0671,0.0731,-0.3837
2025-11-27 11:55:09.505,20,20,20,0.00,-0.0026,0.0026,0.0082,0.0072,-0.1907,0.9815,0.0671,0.0731,-0.3837
2025-11-27 11:55:10.504,20,20,20,0.00,-0.0052,0.0000,0.0082,0.0072,-0.1907,0.9815,0.0671,0.0731,-0.3837
2025-11-27 11:55:11.504,20,20,20,0.00,0.0026,0.0026,0.0082,0.0072,-0.1907,0.9815,0.0671,0.0731,-0.3837
2025-11-27 11:55:12.505,20,20,20,0.00,0.0000,0.0000,0.0082,0.0072,-0.1907,0.9815,0.0671,0.0731,-0.3837
2025-11-27 11:55:13.504,20,20,20,0.00,0.0000,0.0000,0.0082,0.0072,-0.1907,0.9815,0.0671,0.0731,-0.3837
2025-11-27 11:55:14.504,19,20,20,0.00,0.0000,0.0052,0.0082,0.0072,-0.1907,0.9815,0.0671,0.0731,-0.3837
2025-11-27 11:55:15.505,20,20,20,0.00,0.0000,0.0026,0.0082,0.0072,-0.1907,0.9815,0.0671,0.0731,-0.3837
2025-11-27 11:55:16.505,20,20,20,0.00,0.0000,0.0026,0.0082,0.0072,-0.1907,0.9815,0.0671,0.0731,-0.3837
2025-11-27 11:55:17.505,20,20,20,0.00,0.0000,-0.0026,0.0082,0.0072,-0.1907,0.9815,0.0671,0.0731,-0.3837
2025-11-27 11:55:18.505,20,20,20,0.00,-0.0026,-0.0026,0.0082,0.0072,-0.1907,0.9815,0.0672,0.0731,-0.3837
2025-11-27 11:55:19.504,20,20,20,0.00,0.0000,0.0000,0.0082,0.0072,-0.1907,0.9815,0.0671,0.0731,-0.3837
2025-11-27 11:55:20.504,20,20,20,0.00,0.0000,0.0000,0.0082,0.0072,-0.1907,0.9815,0.0671,0.0731,-0.3837
2025-11-27 11:55:21.505,20,20,20,0.00,-0.0026,0.0026,0.0082,0.0072,-0.1907,0.9815,0.0671,0.0731,-0.3837
2025-11-27 11:55:22.504,19,20,20,0.00,0.0000,-0.0026,0.0082,0.0072,-0.1907,0.9815,0.0671,0.0731,-0.3837
2025-11-27 11:55:23.504,20,20,20,0.00,0.0000,0.0000,0.0082,0.0072,-0.1907,0.9815,0.0672,0.0731,-0.3837
2025-11-27 11:55:24.505,20,20,20,0.00,0.0000,0.0000,0.0082,0.0072,-0.1907,0.9815,0.0672,0.0731,-0.3837
2025-11-27 11:55:25.504,19,20,20,0.00,0.0000,0.0000,0.0082,0.0072,-0.1907,0.9815,0.0672,0.0731,-0.3837
2025-11-27 11:55:26.505,20,20,20,0.00,0.0052,0.0026,0.0082,0.0072,-0.1907,0.9815,0.0672,0.0731,-0.3837
2025-11-27 11:55:27.504,20,20,20,0.00,-0.0104,0.0000,0.0082,0.0072,-0.1907,0.9815,0.0672,0.0731,-0.3837
2025-11-27 11:55:28.504,20,20,20,0.00,-0.0026,0.0026,0.0082,0.0072,-0.1907,0.9815,0.0672,0.0731,-0.3837
2025-11-27 11:55:29.504,19,20,20,0.00,-0.0052,0.0000,0.0082,0.0072,-0.1907,0.9815,0.0672,0.0731,-0.3837
2025-11-27 11:55:30.505,20,20,20,0.00,-0.0052,0.0104,0.0082,0.0072,-0.1907,0.9815,0.0672,0.0731,-0.3837
2025-11-27 11:55:31.505,20,20,20,0.00,0.0000,0.0000,0.0082,0.0072,-0.1907,0.9815,0.0672,0.0731,-0.3837
2025-11-27 11:55:32.505,20,20,20,0.00,0.0000,-0.0079,0.0082,0.0072,-0.1907,0.9815,0.0672,0.0731,-0.3837
2025-11-27 11:55:33.505,19,20,20,0.00,0.0000,-0.0052,0.0082,0.0072,-0.1907,0.9815,0.0672,0.0731,-0.3837
2025-11-27 11:55:34.504,20,20,20,0.00,0.0000,-0.0026,0.0082,0.0072,-0.1907,0.9815,0.0672,0.0731,-0.3837
2025-11-27 11:55:35.505,20,20,20,0.00,-0.0079,0.0000,0.0082,0.0072,-0.1907,0.9815,0.0673,0.0730,-0.3837
2025-11-27 11:55:36.505,18,20,20,0.00,0.0052,0.0000,0.0082,0.0072,-0.1907,0.9815,0.0673,0.0730,-0.3837
2025-11-27 11:55:37.504,20,20,20,0.00,0.0026,-0.0052,0.0082,0.0072,-0.1907,0.9815,0.0673,0.0730,-0.3837
2025-11-27 11:55:38.505,20,20,20,0.00,0.0000,0.0026,0.0082,0.0072,-0.1907,0.9815,0.0673,0.0730,-0.3837
2025-11-27 11:55:39.505,20,20,20,0.00,0.0026,0.0000,0.0082,0.0072,-0.1907,0.9815,0.0673,0.0730,-0.3837
2025-11-27 11:55:40.505,20,20,20,0.00,-0.0026,0.0000,0.0082,0.0072,-0.1907,0.9815,0.0673,0.0730,-0.3837
2025-11-27 11:55:41.504,20,20,20,0.00,0.0052,0.0000,0.0082,0.0072,-0.1907,0.9815,0.0672,0.0730,-0.3837
2025-11-27 11:55:42.505,20,20,20,0.00,0.0000,0.0026,0.0082,0.0072,-0.1907,0.9815,0.0672,0.0731,-0.3837
2025-11-27 11:55:43.504,20,20,20,0.00,0.0000,0.0026,0.0082,0.0072,-0.1907,0.9815,0.0672,0.0731,-0.3837
2025-11-27 11:55:44.504,20,20,20,0.00,-0.0026,0.0026,0.0082,0.0072,-0.1907,0.9815,0.0672,0.0730,-0.3837
2025-11-27 11:55:45.506,20,20,20,0.00,0.0026,0.0000,0.0082,0.0072,-0.1907,0.9815,0.0672,0.0731,-0.3837
2025-11-27 11:55:46.504,19,20,20,0.00,-0.0026,0.0000,0.0082,0.0072,-0.1907,0.9815,0.0672,0.0731,-0.3837
2025-11-27 11:55:47.505,20,20,20,0.00,-0.0026,0.0079,0.0082,0.0072,-0.1907,0.9815,0.0672,0.0731,-0.3837
2025-11-27 11:55:48.504,20,20,20,0.00,0.0000,0.0000,0.0082,0.0072,-0.1907,0.9815,0.0672,0.0731,-0.3837
2025-11-27 11:55:49.504,19,20,20,0.00,0.0026,-0.0026,0.0082,0.0072,-0.1907,0.9815,0.0672,0.0731,-0.3837
2025-11-27 11:55:50.504,20,20,20,0.00,0.0000,0.0157,0.0082,0.0072,-0.1907,0.9815,0.0672,0.0730,-0.3837
2025-11-27 11:55:51.504,20,20,20,0.00,-0.0052,-0.0052,0.0082,0.0072,-0.1907,0.9815,0.0672,0.0730,-0.3837
2025-11-27 11:55:52.505,20,20,20,0.00,0.0000,-0.0079,0.0082,0.0072,-0.1907,0.9815,0.0672,0.0730,-0.3837
2025-11-27 11:55:53.504,19,20,20,0.00,0.0000,0.0052,0.0082,0.0072,-0.1907,0.9815,0.0672,0.0730,-0.3837
2025-11-27 11:55:54.505,20,20,20,0.00,-0.0026,0.0026,0.0082,0.0072,-0.1907,0.9815,0.0672,0.0730,-0.3837
2025-11-27 11:55:55.504,20,20,20,0.00,0.0026,-0.0026,0.0082,0.0072,-0.1907,0.9815,0.0672,0.0730,-0.3837
2025-11-27 11:55:56.504,20,20,20,0.00,0.0000,0.0026,0.0082,0.0072,-0.1907,0.9815,0.0672,0.0730,-0.3837
2025-11-27 11:55:57.505,20,20,20,0.00,0.0052,0.0000,0.0082,0.0072,-0.1907,0.9815,0.0672,0.0730,-0.3837
2025-11-27 11:55:58.505,20,20,20,0.00,-0.0026,-0.0026,0.0082,0.0072,-0.1907,0.9815,0.0673,0.0730,-0.3837
2025-11-27 11:55:59.505,20,20,20,0.00,0.0000,-0.0052,0.0082,0.0072,-0.1907,0.9815,0.0673,0.0730,-0.3837
2025-11-27 11:56:00.504,20,20,20,0.00,0.0000,0.0026,0.0082,0.0072,-0.1907,0.9815,0.0672,0.0730,-0.3837
2025-11-27 11:56:01.504,20,20,20,0.00,0.0000,-0.0026,0.0082,0.0072,-0.1907,0.9815,0.0672,0.0730,-0.3837
2025-11-27 11:56:02.504,20,20,20,0.00,-0.0026,-0.0026,0.0082,0.0072,-0.1907,0.9815,0.0672,0.0730,-0.3837
2025-11-27 11:56:03.504,19,20,20,0.00,0.0000,0.0026,0.0082,0.0072,-0.1907,0.9815,0.0672,0.0730,-0.3837
2025-11-27 11:56:04.504,13,20,20,0.00,0.0000,0.0000,0.0082,0.0072,-0.1907,0.9815,0.0673,0.0730,-0.3837
2025-11-27 11:56:05.504,17,20,20,0.00,0.0026,0.0000,0.0082,0.0072,-0.1907,0.9815,0.0673,0.0730,-0.3837
2025-11-27 11:56:06.505,20,20,20,0.00,-0.0026,0.0026,0.0082,0.0072,-0.1907,0.9815,0.0673,0.0730,-0.3837
2025-11-27 11:56:07.504,20,20,20,0.00,0.0000,0.0026,0.0082,0.0072,-0.1907,0.9815,0.0673,0.0730,-0.3837
2025-11-27 11:56:08.505,20,20,20,0.00,0.0026,0.0000,0.0082,0.0072,-0.1907,0.9815,0.0673,0.0730,-0.3837
2025-11-27 11:56:09.505,20,20,20,0.00,0.0026,0.0052,0.0082,0.0072,-0.1907,0.9815,0.0673,0.0730,-0.3837
2025-11-27 11:56:10.505,19,20,20,0.00,0.0000,-0.0026,0.0082,0.0072,-0.1907,0.9815,0.0673,0.0730,-0.3837
2025-11-27 11:56:11.505,20,20,20,0.00,0.0026,0.0000,0.0082,0.0072,-0.1907,0.9815,0.0673,0.0730,-0.3837
2025-11-27 11:56:12.505,20,20,20,0.00,0.0026,0.0052,0.0082,0.0072,-0.1907,0.9815,0.0673,0.0730,-0.3837
2025-11-27 11:56:13.505,20,20,20,0.00,0.0000,-0.0052,0.0082,0.0072,-0.1907,0.9815,0.0673,0.0730,-0.3837
2025-11-27 11:56:14.504,20,20,20,0.00,0.0000,-0.0026,0.0082,0.0072,-0.1907,0.9815,0.0673,0.0730,-0.3837
2025-11-27 11:56:15.504,20,20,20,0.00,-0.0026,0.0000,0.0082,0.0072,-0.1907,0.9815,0.0673,0.0730,-0.3837
2025-11-27 11:56:16.504,20,20,20,0.00,0.0000,0.0026,0.0082,0.0072,-0.1907,0.9815,0.0673,0.0730,-0.3837
2025-11-27 11:56:17.504,20,20,20,0.00,0.0000,0.0000,0.0082,0.0072,-0.1907,0.9815,0.0673,0.0730,-0.3837
2025-11-27 11:56:18.505,19,20,20,0.00,0.0000,0.0026,0.0082,0.0072,-0.1907,0.9815,0.0673,0.0730,-0.3837
2025-11-27 11:56:19.504,20,20,20,0.00,0.0000,0.0000,0.0082,0.0072,-0.1907,0.9815,0.0673,0.0730,-0.3837
2025-11-27 11:56:20.505,20,20,20,0.00,-0.0026,-0.0026,0.0082,0.0072,-0.1907,0.9815,0.0673,0.0730,-0.3837
2025-11-27 11:56:21.504,19,20,20,0.00,0.0026,-0.0026,0.0082,0.0072,-0.1907,0.9815,0.0673,0.0730,-0.3837
2025-11-27 11:56:22.504,20,20,20,0.00,0.0000,0.0000,0.0082,0.0072,-0.1907,0.9815,0.0673,0.0730,-0.3837
2025-11-27 11:56:23.504,20,20,20,0.00,0.0000,0.0052,0.0082,0.0072,-0.1907,0.9815,0.0673,0.0730,-0.3837
2025-11-27 11:56:24.505,20,20,20,0.00,0.0000,0.0000,0.0082,0.0072,-0.1907,0.9815,0.0673,0.0730,-0.3837
2025-11-27 11:56:25.504,20,20,20,0.00,-0.0052,0.0000,0.0082,0.0072,-0.1907,0.9815,0.0673,0.0730,-0.3837
2025-11-27 11:56:26.504,20,20,20,0.00,-0.0026,0.0000,0.0082,0.0072,-0.1907,0.9815,0.0673,0.0730,-0.3837
2025-11-27 11:56:27.504,20,20,20,0.00,0.0000,-0.0052,0.0082,0.0072,-0.1907,0.9815,0.0673,0.0730,-0.3837
2025-11-27 11:56:28.504,20,20,20,0.00,-0.0079,0.0000,0.0082,0.0072,-0.1907,0.9815,0.0673,0.0730,-0.3837
2025-11-27 11:56:29.504,20,20,20,0.00,0.0000,-0.0026,0.0082,0.0072,-0.1907,0.9815,0.0673,0.0730,-0.3837
2025-11-27 11:56:30.504,18,20,20,0.00,0.0000,0.0000,0.0082,0.0072,-0.1907,0.9815,0.0673,0.0730,-0.3837
2025-11-27 11:56:31.504,20,20,20,0.00,0.0000,0.0026,0.0082,0.0072,-0.1907,0.9815,0.0673,0.0730,-0.3837
2025-11-27 11:56:32.506,20,20,20,0.00,0.0000,0.0026,0.0082,0.0072,-0.1907,0.9815,0.0673,0.0730,-0.3837
2025-11-27 11:56:33.506,20,20,20,0.00,0.0000,0.0000,0.0082,0.0072,-0.1907,0.9815,0.0673,0.0730,-0.3837
2025-11-27 11:56:34.506,20,20,20,0.00,0.0026,-0.0026,0.0082,0.0072,-0.1907,0.9815,0.0673,0.0730,-0.3837
2025-11-27 11:56:35.505,19,20,20,0.00,0.0000,0.0000,0.0082,0.0072,-0.1907,0.9815,0.0673,0.0730,-0.3837
2025-11-27 11:56:36.504,20,20,20,0.00,0.0000,-0.0026,0.0082,0.0072,-0.1907,0.9815,0.0673,0.0730,-0.3837
2025-11-27 11:56:37.504,20,20,20,0.00,0.0000,0.0000,0.0082,0.0072,-0.1907,0.9815,0.0673,0.0730,-0.3837
2025-11-27 11:56:38.504,20,20,20,0.00,0.0026,0.0000,0.0082,0.0072,-0.1907,0.9815,0.0673,0.0730,-0.3837
2025-11-27 11:56:39.504,20,20,20,0.00,0.0026,0.0000,0.0082,0.0072,-0.1907,0.9815,0.0673,0.0730,-0.3837
2025-11-27 11:56:40.506,20,20,20,0.00,-0.0026,-0.0079,0.0082,0.0072,-0.1907,0.9815,0.0673,0.0730,-0.3837
2025-11-27 11:56:41.504,20,20,20,0.00,0.0052,-0.0026,0.0082,0.0072,-0.1907,0.9815,0.0673,0.0730,-0.3837
2025-11-27 11:56:42.505,20,20,20,0.00,0.0026,0.0000,0.0082,0.0072,-0.1907,0.9815,0.0673,0.0730,-0.3837
2025-11-27 11:56:43.505,19,20,20,0.00,0.0000,0.0026,0.0082,0.0072,-0.1907,0.9815,0.0673,0.0730,-0.3837
2025-11-27 11:56:44.505,20,20,20,0.00,0.0000,0.0000,0.0082,0.0072,-0.1907,0.9815,0.0673,0.0730,-0.3837
2025-11-27 11:56:45.505,20,20,20,0.00,0.0052,0.0026,0.0082,0.0072,-0.1907,0.9815,0.0673,0.0730,-0.3837
2025-11-27 11:56:46.506,19,20,20,0.00,0.0000,0.0026,0.0082,0.0072,-0.1907,0.9815,0.0673,0.0730,-0.3837
2025-11-27 11:56:47.505,20,20,20,0.00,0.0000,0.0000,0.0082,0.0072,-0.1907,0.9815,0.0673,0.0730,-0.3837
2025-11-27 11:56:48.504,20,20,20,0.00,-0.0026,0.0026,0.0082,0.0072,-0.1907,0.9815,0.0673,0.0730,-0.3837
2025-11-27 11:56:49.504,20,20,20,0.00,0.0000,-0.0026,0.0082,0.0072,-0.1907,0.9815,0.0673,0.0730,-0.3837
2025-11-27 11:56:50.505,20,20,20,0.00,0.0052,0.0000,0.0082,0.0072,-0.1907,0.9815,0.0673,0.0730,-0.3837
2025-11-27 11:56:51.505,20,20,20,0.00,-0.0026,-0.0026,0.0082,0.0072,-0.1907,0.9815,0.0673,0.0730,-0.3837
2025-11-27 11:56:52.505,20,20,20,0.00,0.0000,0.0000,0.0082,0.0072,-0.1907,0.9815,0.0673,0.0730,-0.3837
2025-11-27 11:56:53.505,20,20,20,0.00,-0.0026,-0.0026,0.0082,0.0072,-0.1907,0.9815,0.0673,0.0730,-0.3837
2025-11-27 11:56:54.504,20,20,20,0.00,0.0000,-0.0026,0.0082,0.0072,-0.1907,0.9815,0.0673,0.0730,-0.3837
2025-11-27 11:56:55.505,20,20,20,0.00,-0.0026,0.0000,0.0082,0.0072,-0.1907,0.9815,0.0673,0.0730,-0.3837
2025-11-27 11:56:56.504,20,20,20,0.00,0.0000,0.0000,0.0082,0.0072,-0.1907,0.9815,0.0674,0.0730,-0.3837
2025-11-27 11:56:57.505,20,20,20,0.00,0.0000,0.0000,0.0082,0.0072,-0.1907,0.9815,0.0674,0.0730,-0.3837
2025-11-27 11:56:58.504,20,20,20,0.00,0.0000,0.0026,0.0082,0.0072,-0.1907,0.9815,0.0674,0.0730,-0.3837
2025-11-27 11:56:59.504,20,20,20,0.00,0.0000,0.0052,0.0082,0.0072,-0.1907,0.9815,0.0673,0.0730,-0.3837
2025-11-27 11:57:00.504,20,20,20,0.00,-0.0026,0.0079,0.0082,0.0072,-0.1907,0.9815,0.0673,0.0730,-0.3837
2025-11-27 11:57:01.505,20,20,20,0.00,0.0000,0.0000,0.0082,0.0072,-0.1907,0.9815,0.0673,0.0730,-0.3837
2025-11-27 11:57:02.505,20,20,20,0.00,0.0000,0.0000,0.0082,0.0072,-0.1907,0.9815,0.0673,0.0730,-0.3837
2025-11-27 11:57:03.504,20,20,20,0.00,0.0000,0.0026,0.0082,0.0072,-0.1907,0.9815,0.0673,0.0730,-0.3837
2025-11-27 11:57:04.505,20,20,20,0.00,0.0000,0.0000,0.0082,0.0072,-0.1907,0.9815,0.0673,0.0730,-0.3837
2025-11-27 11:57:05.505,20,20,20,0.00,0.0026,0.0000,0.0082,0.0072,-0.1907,0.9815,0.0673,0.0730,-0.3837
2025-11-27 11:57:06.504,20,20,20,0.00,0.0000,0.0000,0.0082,0.0072,-0.1907,0.9815,0.0673,0.0730,-0.3837
2025-11-27 11:57:07.504,20,20,20,0.00,0.0026,-0.0052,0.0082,0.0072,-0.1907,0.9815,0.0673,0.0730,-0.3837
2025-11-27 11:57:08.505,20,20,20,0.00,0.0000,-0.0026,0.0082,0.0072,-0.1907,0.9815,0.0673,0.0730,-0.3837
2025-11-27 11:57:09.504,20,20,20,0.00,0.0026,-0.0026,0.0082,0.0072,-0.1907,0.9815,0.0673,0.0730,-0.3837
2025-11-27 11:57:10.504,20,20,20,0.00,0.0000,0.0000,0.0082,0.0072,-0.1907,0.9815,0.0673,0.0730,-0.3837
2025-11-27 11:57:11.504,20,20,20,0.00,0.0026,0.0000,0.0082,0.0072,-0.1907,0.9815,0.0673,0.0730,-0.3837
2025-11-27 11:57:12.504,20,20,20,0.00,-0.0026,0.0000,0.0082,0.0072,-0.1907,0.9815,0.0673,0.0730,-0.3837
2025-11-27 11:57:13.505,20,20,20,0.00,-0.0026,0.0026,0.0082,0.0072,-0.1907,0.9815,0.0673,0.0730,-0.3837
2025-11-27 11:57:14.504,20,20,20,0.00,0.0026,0.0000,0.0082,0.0072,-0.1907,0.9815,0.0673,0.0730,-0.3837
2025-11-27 11:57:15.504,19,20,20,0.00,0.0000,-0.0026,0.0082,0.0072,-0.1907,0.9815,0.0673,0.0730,-0.3837
2025-11-27 11:57:16.505,19,20,20,0.00,0.0052,0.0000,0.0082,0.0072,-0.1907,0.9815,0.0673,0.0730,-0.3837
2025-11-27 11:57:17.506,20,20,20,0.00,-0.0026,0.0000,0.0082,0.0072,-0.1907,0.9815,0.0673,0.0730,-0.3837
2025-11-27 11:57:18.504,20,20,20,0.00,0.0000,0.0052,0.0082,0.0072,-0.1907,0.9815,0.0673,0.0730,-0.3837
2025-11-27 11:57:19.505,20,20,20,0.00,0.0000,-0.0026,0.0082,0.0072,-0.1907,0.9815,0.0673,0.0730,-0.3837
2025-11-27 11:57:20.505,20,20,20,0.00,0.0000,-0.0026,0.0082,0.0072,-0.1907,0.9815,0.0673,0.0730,-0.3837
2025-11-27 11:57:21.504,20,20,20,0.00,0.0000,0.0000,0.0082,0.0072,-0.1907,0.9815,0.0673,0.0730,-0.3837
2025-11-27 11:57:22.504,20,20,20,0.00,0.0000,0.0000,0.0082,0.0072,-0.1907,0.9815,0.0673,0.0730,-0.3837
2025-11-27 11:57:23.504,19,20,20,0.00,-0.0026,0.0000,0.0082,0.0072,-0.1907,0.9815,0.0673,0.0730,-0.3837
2025-11-27 11:57:24.505,19,20,20,0.00,0.0000,-0.0052,0.0082,0.0072,-0.1907,0.9815,0.0673,0.0730,-0.3837
2025-11-27 11:57:25.505,20,20,20,0.00,-0.0026,0.0000,0.0082,0.0072,-0.1907,0.9815,0.0673,0.0730,-0.3837
2025-11-27 11:57:26.505,20,20,20,0.00,0.0026,0.0000,0.0082,0.0072,-0.1907,0.9815,0.0673,0.0730,-0.3837
2025-11-27 11:57:27.505,20,20,20,0.00,0.0000,-0.0052,0.0082,0.0072,-0.1907,0.9815,0.0673,0.0730,-0.3837
2025-11-27 11:57:28.505,20,20,20,0.00,0.0052,0.0026,0.0082,0.0072,-0.1907,0.9815,0.0673,0.0730,-0.3837
2025-11-27 11:57:29.504,20,20,20,0.00,0.0026,0.0000,0.0082,0.0072,-0.1907,0.9815,0.0673,0.0730,-0.3837
2025-11-27 11:57:30.504,20,20,20,0.00,0.0000,0.0000,0.0082,0.0072,-0.1907,0.9815,0.0673,0.0730,-0.3837
2025-11-27 11:57:31.504,20,20,20,0.00,0.0026,0.0000,0.0082,0.0072,-0.1907,0.9815,0.0673,0.0730,-0.3837
2025-11-27 11:57:32.505,20,20,20,0.00,0.0000,-0.0026,0.0082,0.0072,-0.1907,0.9815,0.0673,0.0730,-0.3837
2025-11-27 11:57:33.504,20,20,20,0.00,0.0026,0.0000,0.0082,0.0072,-0.1907,0.9815,0.0673,0.0730,-0.3837
2025-11-27 11:57:34.504,19,20,20,0.00,0.0000,0.0000,0.0082,0.0072,-0.1907,0.9815,0.0673,0.0730,-0.3837
2025-11-27 11:57:35.504,20,20,20,0.00,0.0000,-0.0026,0.0082,0.0072,-0.1907,0.9815,0.0673,0.0730,-0.3837
2025-11-27 11:57:36.504,19,20,20,0.00,-0.0052,0.0000,0.0082,0.0072,-0.1907,0.9815,0.0673,0.0730,-0.3837
2025-11-27 11:57:37.505,20,20,20,0.00,0.0000,0.0026,0.0082,0.0072,-0.1907,0.9815,0.0673,0.0730,-0.3837
2025-11-27 11:57:38.504,20,20,20,0.00,0.0000,0.0026,0.0082,0.0072,-0.1907,0.9815,0.0673,0.0730,-0.3837
2025-11-27 11:57:39.504,20,20,20,0.00,0.0000,0.0000,0.0082,0.0072,-0.1907,0.9815,0.0673,0.0730,-0.3837
2025-11-27 11:57:40.505,20,20,20,0.00,0.0000,0.0079,0.0082,0.0072,-0.1907,0.9815,0.0673,0.0730,-0.3837
2025-11-27 11:57:41.504,20,20,20,0.00,0.0000,-0.0026,0.0082,0.0072,-0.1907,0.9815,0.0673,0.0730,-0.3837
2025-11-27 11:57:42.504,19,20,20,0.00,0.0000,0.0000,0.0082,0.0072,-0.1907,0.9815,0.0673,0.0730,-0.3837
2025-11-27 11:57:43.505,20,20,20,0.00,0.0026,0.0000,0.0082,0.0072,-0.1907,0.9815,0.0673,0.0730,-0.3837
2025-11-27 11:57:44.504,20,20,20,0.00,0.0000,-0.0026,0.0082,0.0072,-0.1907,0.9815,0.0672,0.0730,-0.3837
2025-11-27 11:57:45.504,20,20,20,0.00,-0.0052,0.0000,0.0082,0.0072,-0.1907,0.9815,0.0672,0.0730,-0.3837
2025-11-27 11:57:46.504,20,20,20,0.00,0.0000,0.0000,0.0082,0.0072,-0.1907,0.9815,0.0672,0.0730,-0.3837
2025-11-27 11:57:47.504,20,20,20,0.00,0.0000,-0.0052,0.0082,0.0072,-0.1907,0.9815,0.0673,0.0730,-0.3837
2025-11-27 11:57:48.504,19,20,20,0.00,-0.0052,-0.0026,0.0082,0.0072,-0.1907,0.9815,0.0673,0.0730,-0.3837
2025-11-27 11:57:49.504,20,20,20,0.00,0.0000,0.0052,0.0082,0.0072,-0.1907,0.9815,0.0673,0.0730,-0.3837
2025-11-27 11:57:50.504,20,20,20,0.00,0.0000,0.0000,0.0082,0.0072,-0.1907,0.9815,0.0672,0.0731,-0.3837
2025-11-27 11:57:51.505,20,20,20,0.00,0.0000,0.0026,0.0082,0.0072,-0.1907,0.9815,0.0672,0.0730,-0.3837
2025-11-27 11:57:52.505,20,20,20,0.00,-0.0026,0.0000,0.0082,0.0072,-0.1907,0.9815,0.0673,0.0730,-0.3837
2025-11-27 11:57:53.505,20,20,20,0.00,0.0000,0.0000,0.0082,0.0072,-0.1907,0.9815,0.0673,0.0730,-0.3837
2025-11-27 11:57:54.505,20,20,20,0.00,-0.0026,0.0000,0.0082,0.0072,-0.1907,0.9815,0.0673,0.0730,-0.3837
2025-11-27 11:57:55.504,20,20,20,0.00,0.0000,0.0026,0.0082,0.0072,-0.1907,0.9815,0.0672,0.0730,-0.3837
2025-11-27 11:57:56.504,19,20,20,0.00,0.0026,0.0026,0.0082,0.0072,-0.1907,0.9815,0.0672,0.0730,-0.3837
2025-11-27 11:57:57.504,20,20,20,0.00,-0.0026,-0.0026,0.0082,0.0072,-0.1907,0.9815,0.0672,0.0730,-0.3837
2025-11-27 11:57:58.505,20,20,20,0.00,-0.0079,0.0052,0.0082,0.0072,-0.1907,0.9815,0.0672,0.0730,-0.3837
2025-11-27 11:57:59.504,20,20,20,0.00,0.0026,-0.0026,0.0082,0.0072,-0.1907,0.9815,0.0673,0.0730,-0.3837
2025-11-27 11:58:00.504,19,20,20,0.00,-0.0026,0.0104,0.0082,0.0072,-0.1907,0.9815,0.0673,0.0730,-0.3837
2025-11-27 11:58:01.504,19,20,20,0.00,-0.0052,0.0000,0.0082,0.0072,-0.1907,0.9815,0.0673,0.0730,-0.3837
2025-11-27 11:58:02.504,20,20,20,0.00,0.0000,0.0000,0.0082,0.0072,-0.1907,0.9815,0.0673,0.0730,-0.3837
2025-11-27 11:58:03.504,20,20,20,0.00,0.0000,0.0026,0.0082,0.0072,-0.1907,0.9815,0.0673,0.0730,-0.3837
2025-11-27 11:58:04.505,20,20,20,0.00,0.0000,0.0000,0.0082,0.0072,-0.1907,0.9815,0.0673,0.0730,-0.3837
2025-11-27 11:58:05.504,20,20,20,0.00,0.0000,0.0026,0.0082,0.0072,-0.1907,0.9815,0.0673,0.0730,-0.3837
2025-11-27 11:58:06.504,20,20,20,0.00,-0.0052,0.0000,0.0082,0.0072,-0.1907,0.9815,0.0673,0.0730,-0.3837
2025-11-27 11:58:07.504,20,20,20,0.00,-0.0026,0.0000,0.0082,0.0072,-0.1907,0.9815,0.0673,0.0730,-0.3837
2025-11-27 11:58:08.504,20,20,20,0.00,-0.0026,0.0000,0.0082,0.0072,-0.1907,0.9815,0.0672,0.0730,-0.3837
2025-11-27 11:58:09.505,20,20,20,0.00,0.0000,0.0000,0.0082,0.0072,-0.1907,0.9815,0.0672,0.0730,-0.3837
2025-11-27 11:58:10.504,20,20,20,0.00,0.0000,0.0000,0.0082,0.0072,-0.1907,0.9815,0.0672,0.0730,-0.3837
2025-11-27 11:58:11.504,20,20,20,0.00,0.0026,-0.0026,0.0082,0.0072,-0.1907,0.9815,0.0672,0.0731,-0.3837
2025-11-27 11:58:12.504,20,20,20,0.00,-0.0026,-0.0052,0.0082,0.0072,-0.1907,0.9815,0.0672,0.0731,-0.3837
2025-11-27 11:58:13.505,19,20,20,0.00,0.0000,0.0026,0.0082,0.0072,-0.1907,0.9815,0.0672,0.0731,-0.3837
2025-11-27 11:58:14.505,19,20,20,0.00,0.0026,-0.0026,0.0082,0.0072,-0.1907,0.9815,0.0672,0.0731,-0.3837
2025-11-27 11:58:15.504,20,20,20,0.00,0.0000,0.0000,0.0082,0.0072,-0.1907,0.9815,0.0672,0.0731,-0.3837
2025-11-27 11:58:16.506,20,20,20,0.00,0.0000,0.0000,0.0082,0.0072,-0.1907,0.9815,0.0672,0.0731,-0.3837
2025-11-27 11:58:17.504,20,20,20,0.00,0.0026,0.0000,0.0082,0.0072,-0.1907,0.9815,0.0672,0.0731,-0.3837
2025-11-27 11:58:18.504,20,20,20,0.00,0.0000,0.0000,0.0082,0.0072,-0.1907,0.9815,0.0672,0.0731,-0.3837
2025-11-27 11:58:19.504,20,20,20,0.00,0.0000,0.0052,0.0082,0.0072,-0.1907,0.9815,0.0672,0.0731,-0.3837
2025-11-27 11:58:20.504,20,20,20,0.00,0.0000,0.0000,0.0082,0.0072,-0.1907,0.9815,0.0672,0.0731,-0.3837
2025-11-27 11:58:21.504,20,20,20,0.00,0.0026,0.0000,0.0082,0.0072,-0.1907,0.9815,0.0672,0.0731,-0.3837
2025-11-27 11:58:22.505,20,20,20,0.00,0.0000,0.0000,0.0082,0.0072,-0.1907,0.9815,0.0672,0.0731,-0.3837
2025-11-27 11:58:23.504,20,20,20,0.00,0.0000,0.0000,0.0082,0.0072,-0.1907,0.9815,0.0672,0.0731,-0.3837
2025-11-27 11:58:24.506,20,20,20,0.00,0.0000,0.0000,0.0082,0.0072,-0.1907,0.9815,0.0672,0.0731,-0.3837
2025-11-27 11:58:25.504,20,20,20,0.00,-0.0026,0.0000,0.0082,0.0072,-0.1907,0.9815,0.0672,0.0731,-0.3837
2025-11-27 11:58:26.504,20,20,20,0.00,0.0000,0.0000,0.0082,0.0072,-0.1907,0.9815,0.0672,0.0731,-0.3837
2025-11-27 11:58:27.504,20,20,20,0.00,-0.0052,0.0000,0.0082,0.0072,-0.1907,0.9815,0.0672,0.0731,-0.3837
2025-11-27 11:58:28.504,19,20,20,0.00,0.0000,0.0000,0.0082,0.0072,-0.1907,0.9815,0.0672,0.0731,-0.3837
2025-11-27 11:58:29.504,20,20,20,0.00,0.0000,-0.0026,0.0082,0.0072,-0.1907,0.9815,0.0672,0.0731,-0.3837
2025-11-27 11:58:30.505,20,20,20,0.00,-0.0052,0.0000,0.0082,0.0072,-0.1907,0.9815,0.0672,0.0731,-0.3837
2025-11-27 11:58:31.505,20,20,20,0.00,0.0000,0.0026,0.0082,0.0072,-0.1907,0.9815,0.0672,0.0731,-0.3837
2025-11-27 11:58:32.504,20,20,20,0.00,0.0000,0.0000,0.0082,0.0072,-0.1907,0.9815,0.0672,0.0731,-0.3837
2025-11-27 11:58:33.505,20,20,20,0.00,0.0026,0.0026,0.0082,0.0072,-0.1907,0.9815,0.0672,0.0731,-0.3837
2025-11-27 11:58:34.504,20,20,20,0.00,0.0000,0.0000,0.0082,0.0072,-0.1907,0.9815,0.0672,0.0731,-0.3837
2025-11-27 11:58:35.504,20,20,20,0.00,0.0000,0.0000,0.0082,0.0072,-0.1907,0.9815,0.0672,0.0731,-0.3837
2025-11-27 11:58:36.504,20,20,20,0.00,0.0000,-0.0052,0.0082,0.0072,-0.1907,0.9815,0.0672,0.0731,-0.3837
2025-11-27 11:58:37.504,20,20,20,0.00,0.0000,0.0000,0.0082,0.0072,-0.1907,0.9815,0.0672,0.0730,-0.3837
2025-11-27 11:58:38.505,20,20,20,0.00,0.0026,-0.0026,0.0082,0.0072,-0.1907,0.9815,0.0672,0.0731,-0.3837
2025-11-27 11:58:39.504,20,20,20,0.00,0.0000,0.0000,0.0082,0.0072,-0.1907,0.9815,0.0672,0.0731,-0.3837
2025-11-27 11:58:40.506,20,20,20,0.00,0.0026,-0.0026,0.0082,0.0072,-0.1907,0.9815,0.0672,0.0731,-0.3837
2025-11-27 11:58:41.504,20,20,20,0.00,0.0026,-0.0026,0.0082,0.0072,-0.1907,0.9815,0.0672,0.0731,-0.3837
2025-11-27 11:58:42.504,20,20,20,0.00,0.0052,0.0000,0.0082,0.0072,-0.1907,0.9815,0.0672,0.0731,-0.3837
2025-11-27 11:58:43.505,19,20,20,0.00,0.0000,0.0000,0.0082,0.0072,-0.1907,0.9815,0.0672,0.0731,-0.3837
2025-11-27 11:58:44.505,20,20,20,0.00,0.0000,0.0000,0.0082,0.0072,-0.1907,0.9815,0.0672,0.0731,-0.3837
2025-11-27 11:58:45.504,19,20,20,0.00,0.0079,0.0000,0.0082,0.0072,-0.1907,0.9815,0.0671,0.0731,-0.3837
2025-11-27 11:58:46.504,20,20,20,0.00,-0.0052,-0.0052,0.0082,0.0072,-0.1907,0.9815,0.0671,0.0731,-0.3837
2025-11-27 11:58:47.504,20,20,20,0.00,0.0000,-0.0079,0.0082,0.0072,-0.1907,0.9815,0.0671,0.0731,-0.3837
2025-11-27 11:58:48.504,20,20,20,0.00,0.0000,0.0000,0.0082,0.0072,-0.1907,0.9815,0.0671,0.0731,-0.3837
2025-11-27 11:58:49.505,20,20,20,0.00,0.0026,0.0000,0.0082,0.0072,-0.1907,0.9815,0.0671,0.0731,-0.3837
2025-11-27 11:58:50.504,20,20,20,0.00,0.0026,0.0026,0.0082,0.0072,-0.1907,0.9815,0.0671,0.0731,-0.3837
2025-11-27 11:58:51.504,20,20,20,0.00,-0.0026,0.0000,0.0082,0.0072,-0.1907,0.9815,0.0671,0.0731,-0.3837
2025-11-27 11:58:52.505,20,20,20,0.00,-0.0026,0.0000,0.0082,0.0072,-0.1907,0.9815,0.0671,0.0731,-0.3837
2025-11-27 11:58:53.504,20,20,20,0.00,0.0000,0.0000,0.0082,0.0072,-0.1907,0.9815,0.0671,0.0731,-0.3837
2025-11-27 11:58:54.505,19,20,20,0.00,0.0000,0.0000,0.0082,0.0072,-0.1907,0.9815,0.0671,0.0731,-0.3837
2025-11-27 11:58:55.504,20,20,20,0.00,0.0000,0.0000,0.0082,0.0072,-0.1907,0.9815,0.0671,0.0731,-0.3837
2025-11-27 11:58:56.507,20,20,20,0.00,0.0000,-0.0026,0.0082,0.0072,-0.1907,0.9815,0.0671,0.0731,-0.3837
2025-11-27 11:58:57.504,20,20,20,0.00,0.0000,-0.0026,0.0082,0.0072,-0.1907,0.9815,0.0671,0.0731,-0.3837
2025-11-27 11:58:58.504,20,20,20,0.00,0.0000,-0.0079,0.0082,0.0072,-0.1907,0.9815,0.0671,0.0731,-0.3837
2025-11-27 11:58:59.504,20,20,20,0.00,0.0000,0.0000,0.0082,0.0072,-0.1907,0.9815,0.0671,0.0731,-0.3837
2025-11-27 11:59:00.504,19,20,20,0.00,0.0000,0.0000,0.0082,0.0072,-0.1907,0.9815,0.0671,0.0731,-0.3837
2025-11-27 11:59:01.504,20,20,20,0.00,0.0000,0.0000,0.0082,0.0072,-0.1907,0.9815,0.0671,0.0731,-0.3837
2025-11-27 11:59:02.504,20,20,20,0.00,0.0000,-0.0052,0.0082,0.0072,-0.1907,0.9815,0.0671,0.0731,-0.3837
2025-11-27 11:59:03.504,19,20,20,0.00,0.0026,-0.0026,0.0082,0.0072,-0.1907,0.9815,0.0671,0.0731,-0.3837
2025-11-27 11:59:04.504,20,20,20,0.00,-0.0052,0.0026,0.0082,0.0072,-0.1907,0.9815,0.0671,0.0731,-0.3837
2025-11-27 11:59:05.504,19,20,20,0.00,0.0052,-0.0026,0.0082,0.0072,-0.1907,0.9815,0.0671,0.0731,-0.3837
2025-11-27 11:59:06.504,20,20,20,0.00,0.0000,-0.0104,0.0082,0.0072,-0.1907,0.9815,0.0671,0.0731,-0.3837
2025-11-27 11:59:07.504,19,20,20,0.00,-0.0052,0.0026,0.0082,0.0072,-0.1907,0.9815,0.0671,0.0731,-0.3837
2025-11-27 11:59:08.505,20,20,20,0.00,0.0000,-0.0052,0.0082,0.0072,-0.1907,0.9815,0.0671,0.0731,-0.3837
2025-11-27 11:59:09.505,20,20,20,0.00,-0.0052,0.0052,0.0082,0.0072,-0.1907,0.9815,0.0671,0.0731,-0.3837
2025-11-27 11:59:10.505,20,20,20,0.00,0.0000,0.0000,0.0082,0.0072,-0.1907,0.9815,0.0671,0.0731,-0.3837
2025-11-27 11:59:11.505,20,20,20,0.00,0.0000,0.0000,0.0082,0.0072,-0.1907,0.9815,0.0671,0.0731,-0.3837
2025-11-27 11:59:12.504,19,20,20,0.00,0.0000,0.0026,0.0082,0.0072,-0.1907,0.9815,0.0671,0.0731,-0.3837
2025-11-27 11:59:13.505,19,20,20,0.00,-0.0026,0.0104,0.0082,0.0072,-0.1907,0.9815,0.0671,0.0731,-0.3837
2025-11-27 11:59:14.505,20,20,20,0.00,0.0000,0.0000,0.0082,0.0072,-0.1907,0.9815,0.0671,0.0731,-0.3837
2025-11-27 11:59:15.505,20,20,20,0.00,0.0000,0.0000,0.0082,0.0072,-0.1907,0.9815,0.0671,0.0731,-0.3837
2025-11-27 11:59:16.504,19,20,20,0.00,0.0000,0.0000,0.0082,0.0072,-0.1907,0.9815,0.0671,0.0731,-0.3837
2025-11-27 11:59:17.504,20,20,20,0.00,-0.0026,0.0000,0.0082,0.0072,-0.1907,0.9815,0.0671,0.0731,-0.3837
2025-11-27 11:59:18.504,20,20,20,0.00,0.0000,-0.0026,0.0082,0.0072,-0.1907,0.9815,0.0671,0.0731,-0.3837
2025-11-27 11:59:19.504,20,20,20,0.00,0.0000,0.0000,0.0082,0.0072,-0.1907,0.9815,0.0671,0.0731,-0.3837
2025-11-27 11:59:20.504,20,20,20,0.00,0.0026,-0.0052,0.0082,0.0072,-0.1907,0.9815,0.0671,0.0731,-0.3837
2025-11-27 11:59:21.504,20,20,20,0.00,0.0000,-0.0052,0.0082,0.0072,-0.1907,0.9815,0.0671,0.0731,-0.3837
2025-11-27 11:59:22.504,20,20,20,0.00,0.0000,-0.0026,0.0082,0.0072,-0.1907,0.9815,0.0671,0.0731,-0.3837
2025-11-27 11:59:23.505,20,20,20,0.00,-0.0026,0.0000,0.0082,0.0072,-0.1907,0.9815,0.0671,0.0731,-0.3837
2025-11-27 11:59:24.505,20,20,20,0.00,-0.0026,0.0000,0.0082,0.0072,-0.1907,0.9815,0.0671,0.0731,-0.3837
2025-11-27 11:59:25.505,20,20,20,0.00,0.0026,-0.0052,0.0082,0.0072,-0.1907,0.9815,0.0671,0.0731,-0.3837
2025-11-27 11:59:26.505,19,20,20,0.00,0.0052,-0.0026,0.0082,0.0072,-0.1907,0.9815,0.0671,0.0731,-0.3837
2025-11-27 11:59:27.504,20,20,20,0.00,0.0052,0.0000,0.0082,0.0072,-0.1907,0.9815,0.0671,0.0731,-0.3837
2025-11-27 11:59:28.504,20,20,20,0.00,0.0000,0.0000,0.0082,0.0072,-0.1907,0.9815,0.0671,0.0731,-0.3837
2025-11-27 11:59:29.504,20,20,20,0.00,0.0000,-0.0026,0.0082,0.0072,-0.1907,0.9815,0.0671,0.0731,-0.3837
2025-11-27 11:59:30.504,20,20,20,0.00,-0.0026,0.0000,0.0082,0.0072,-0.1907,0.9815,0.0671,0.0731,-0.3837
2025-11-27 11:59:31.504,20,20,20,0.00,0.0000,0.0026,0.0082,0.0072,-0.1907,0.9815,0.0671,0.0731,-0.3837
2025-11-27 11:59:32.505,19,20,20,0.00,0.0000,0.0026,0.0082,0.0072,-0.1907,0.9815,0.0671,0.0731,-0.3837
2025-11-27 11:59:33.504,20,20,20,0.00,0.0000,0.0000,0.0082,0.0072,-0.1907,0.9815,0.0671,0.0731,-0.3837
2025-11-27 11:59:34.505,20,20,20,0.00,0.0000,0.0000,0.0082,0.0072,-0.1907,0.9815,0.0671,0.0731,-0.3837
2025-11-27 11:59:35.505,20,20,20,0.00,0.0000,-0.0026,0.0082,0.0072,-0.1907,0.9815,0.0671,0.0731,-0.3837
2025-11-27 11:59:36.504,20,20,20,0.00,0.0000,0.0000,0.0082,0.0072,-0.1907,0.9815,0.0671,0.0731,-0.3837
2025-11-27 11:59:37.505,20,20,20,0.00,0.0000,0.0000,0.0082,0.0072,-0.1907,0.9815,0.0671,0.0731,-0.3837
2025-11-27 11:59:38.505,20,20,20,0.00,0.0000,0.0026,0.0082,0.0072,-0.1907,0.9815,0.0671,0.0731,-0.3837
2025-11-27 11:59:39.505,20,20,20,0.00,0.0000,0.0000,0.0082,0.0072,-0.1907,0.9815,0.0671,0.0731,-0.3837
2025-11-27 11:59:40.504,20,20,20,0.00,0.0000,-0.0026,0.0082,0.0072,-0.1907,0.9815,0.0671,0.0731,-0.3837
2025-11-27 11:59:41.504,20,20,20,0.00,0.0000,0.0000,0.0082,0.0072,-0.1907,0.9815,0.0671,0.0731,-0.3837
2025-11-27 11:59:42.504,20,20,20,0.00,-0.0052,0.0026,0.0082,0.0072,-0.1907,0.9815,0.0671,0.0731,-0.3837
2025-11-27 11:59:43.505,20,20,20,0.00,0.0000,-0.0026,0.0082,0.0072,-0.1907,0.9815,0.0671,0.0731,-0.3837
2025-11-27 11:59:44.505,20,20,20,0.00,0.0026,0.0000,0.0082,0.0072,-0.1907,0.9815,0.0671,0.0731,-0.3837
2025-11-27 11:59:45.504,20,20,20,0.00,0.0052,-0.0026,0.0082,0.0072,-0.1907,0.9815,0.0671,0.0731,-0.3837
2025-11-27 11:59:46.504,19,20,20,0.00,-0.0052,0.0000,0.0082,0.0072,-0.1907,0.9815,0.0671,0.0731,-0.3837
2025-11-27 11:59:47.504,20,20,20,0.00,0.0026,0.0000,0.0082,0.0072,-0.1907,0.9815,0.0671,0.0731,-0.3837
2025-11-27 11:59:48.505,19,20,20,0.00,0.0000,0.0104,0.0082,0.0072,-0.1907,0.9815,0.0671,0.0731,-0.3837
2025-11-27 11:59:49.505,20,20,20,0.00,0.0026,-0.0079,0.0082,0.0072,-0.1907,0.9815,0.0671,0.0731,-0.3837
2025-11-27 11:59:50.504,19,20,20,0.00,0.0000,-0.0026,0.0082,0.0072,-0.1907,0.9815,0.0671,0.0731,-0.3837
2025-11-27 11:59:51.504,19,20,20,0.00,0.0000,-0.0052,0.0082,0.0072,-0.1907,0.9815,0.0671,0.0731,-0.3837
2025-11-27 11:59:52.504,20,20,20,0.00,0.0000,-0.0052,0.0082,0.0072,-0.1907,0.9815,0.0671,0.0731,-0.3837
2025-11-27 11:59:53.504,20,20,20,0.00,0.0000,0.0052,0.0082,0.0072,-0.1907,0.9815,0.0671,0.0731,-0.3837
2025-11-27 11:59:54.504,20,20,20,0.00,0.0000,0.0000,0.0082,0.0072,-0.1907,0.9815,0.0671,0.0731,-0.3837
2025-11-27 11:59:55.504,20,20,20,0.00,-0.0026,0.0000,0.0082,0.0072,-0.1907,0.9815,0.0671,0.0731,-0.3837
2025-11-27 11:59:56.505,19,20,20,0.00,-0.0026,0.0052,0.0082,0.0072,-0.1907,0.9815,0.0671,0.0731,-0.3837
2025-11-27 11:59:57.505,20,20,20,0.00,-0.0026,0.0052,0.0082,0.0072,-0.1907,0.9815,0.0671,0.0731,-0.3837
2025-11-27 11:59:58.505,20,20,20,0.00,0.0000,0.0079,0.0082,0.0072,-0.1907,0.9815,0.0671,0.0731,-0.3837
2025-11-27 11:59:59.505,20,20,20,0.00,-0.0052,0.0000,0.0082,0.0072,-0.1907,0.9815,0.0671,0.0731,-0.3837
2025-11-27 12:00:00.505,20,20,20,0.00,0.0026,0.0026,0.0082,0.0072,-0.1907,0.9815,0.0671,0.0731,-0.3837
2025-11-27 12:00:01.505,20,20,20,0.00,-0.0026,-0.0026,0.0082,0.0072,-0.1907,0.9815,0.0671,0.0731,-0.3837
2025-11-27 12:00:02.504,20,20,20,0.00,0.0000,0.0000,0.0082,0.0072,-0.1907,0.9815,0.0671,0.0731,-0.3837
2025-11-27 12:00:03.505,20,20,20,0.00,-0.0026,0.0000,0.0082,0.0072,-0.1907,0.9815,0.0671,0.0731,-0.3837
2025-11-27 12:00:04.505,20,20,20,0.00,0.0000,0.0000,0.0082,0.0072,-0.1907,0.9815,0.0671,0.0731,-0.3837
2025-11-27 12:00:05.505,20,20,20,0.00,0.0000,0.0000,0.0082,0.0072,-0.1907,0.9815,0.0671,0.0731,-0.3837
2025-11-27 12:00:06.505,20,20,20,0.00,0.0052,0.0052,0.0082,0.0072,-0.1907,0.9815,0.0671,0.0731,-0.3837
2025-11-27 12:00:07.504,20,20,20,0.00,0.0000,0.0000,0.0082,0.0072,-0.1907,0.9815,0.0671,0.0731,-0.3837
2025-11-27 12:00:08.504,20,20,20,0.00,0.0000,-0.0026,0.0082,0.0072,-0.1907,0.9815,0.0671,0.0731,-0.3837
2025-11-27 12:00:09.504,20,20,20,0.00,0.0079,0.0026,0.0082,0.0072,-0.1907,0.9815,0.0671,0.0731,-0.3837
2025-11-27 12:00:10.505,18,20,20,0.00,-0.0026,-0.0026,0.0082,0.0072,-0.1907,0.9815,0.0671,0.0731,-0.3837
2025-11-27 12:00:11.504,19,20,20,0.00,0.0000,0.0026,0.0082,0.0072,-0.1907,0.9815,0.0671,0.0731,-0.3837
2025-11-27 12:00:12.504,20,20,20,0.00,-0.0026,0.0026,0.0082,0.0072,-0.1907,0.9815,0.0671,0.0731,-0.3837
2025-11-27 12:00:13.505,20,19,20,0.00,0.0000,0.0000,0.0082,0.0072,-0.1907,0.9815,0.0671,0.0731,-0.3837
2025-11-27 12:00:14.504,20,19,20,0.00,0.0000,0.0131,0.0082,0.0072,-0.1907,0.9815,0.0671,0.0731,-0.3837
2025-11-27 12:00:15.505,20,19,20,0.00,0.0000,0.0000,0.0082,0.0072,-0.1907,0.9815,0.0671,0.0731,-0.3837
2025-11-27 12:00:16.504,20,20,20,0.00,-0.0026,0.0000,0.0082,0.0072,-0.1907,0.9815,0.0671,0.0731,-0.3837
2025-11-27 12:00:17.504,20,20,20,0.00,0.0000,0.0000,0.0082,0.0072,-0.1907,0.9815,0.0671,0.0731,-0.3837
2025-11-27 12:00:18.504,20,20,20,0.00,0.0000,0.0052,0.0082,0.0072,-0.1907,0.9815,0.0671,0.0731,-0.3837
2025-11-27 12:00:19.504,20,20,20,0.00,-0.0052,0.0052,0.0082,0.0072,-0.1907,0.9815,0.0671,0.0731,-0.3837
2025-11-27 12:00:20.504,19,20,20,0.00,0.0000,0.0000,0.0082,0.0072,-0.1907,0.9815,0.0671,0.0731,-0.3837
2025-11-27 12:00:21.504,20,20,20,0.00,0.0000,-0.0026,0.0082,0.0072,-0.1907,0.9815,0.0671,0.0731,-0.3837
2025-11-27 12:00:22.505,20,20,20,0.00,0.0026,-0.0026,0.0082,0.0072,-0.1907,0.9815,0.0671,0.0731,-0.3837
2025-11-27 12:00:23.504,20,20,20,0.00,0.0000,0.0000,0.0082,0.0072,-0.1907,0.9815,0.0671,0.0731,-0.3837
2025-11-27 12:00:24.505,20,20,20,0.00,0.0000,0.0000,0.0082,0.0072,-0.1907,0.9815,0.0671,0.0731,-0.3837
2025-11-27 12:00:25.505,20,20,20,0.00,0.0026,0.0000,0.0082,0.0072,-0.1907,0.9815,0.0671,0.0731,-0.3837
2025-11-27 12:00:26.504,20,20,20,0.00,0.0000,0.0000,0.0082,0.0072,-0.1907,0.9815,0.0671,0.0731,-0.3837
2025-11-27 12:00:27.505,20,20,20,0.00,0.0026,0.0000,0.0082,0.0072,-0.1907,0.9815,0.0671,0.0731,-0.3837
2025-11-27 12:00:28.505,20,20,20,0.00,-0.0052,0.0000,0.0082,0.0072,-0.1907,0.9815,0.0671,0.0731,-0.3837
2025-11-27 12:00:29.504,20,20,20,0.00,0.0026,0.0000,0.0082,0.0072,-0.1907,0.9815,0.0671,0.0731,-0.3837
2025-11-27 12:00:30.504,19,20,20,0.00,-0.0026,0.0026,0.0082,0.0072,-0.1907,0.9815,0.0671,0.0731,-0.3837
2025-11-27 12:00:31.504,20,20,20,0.00,-0.0026,0.0000,0.0082,0.0072,-0.1907,0.9815,0.0671,0.0731,-0.3837
2025-11-27 12:00:32.504,20,20,20,0.00,0.0026,-0.0026,0.0082,0.0072,-0.1907,0.9815,0.0671,0.0731,-0.3837
2025-11-27 12:00:33.505,20,20,20,0.00,-0.0026,0.0026,0.0082,0.0072,-0.1907,0.9815,0.0671,0.0731,-0.3837
2025-11-27 12:00:34.504,20,20,20,0.00,0.0026,0.0052,0.0082,0.0072,-0.1907,0.9815,0.0671,0.0731,-0.3837
2025-11-27 12:00:35.505,20,20,20,0.00,0.0000,0.0026,0.0082,0.0072,-0.1907,0.9815,0.0671,0.0731,-0.3837
2025-11-27 12:00:36.505,20,20,20,0.00,0.0000,0.0000,0.0082,0.0072,-0.1907,0.9815,0.0671,0.0731,-0.3837
2025-11-27 12:00:37.504,20,20,20,0.00,0.0000,0.0079,0.0082,0.0072,-0.1907,0.9815,0.0671,0.0731,-0.3837
2025-11-27 12:00:38.504,20,20,20,0.00,0.0000,-0.0026,0.0082,0.0072,-0.1907,0.9815,0.0671,0.0731,-0.3837
2025-11-27 12:00:39.505,20,20,20,0.00,-0.0052,0.0000,0.0082,0.0072,-0.1907,0.9815,0.0671,0.0731,-0.3837
2025-11-27 12:00:40.505,20,20,20,0.00,0.0000,0.0000,0.0082,0.0072,0.0000,0.9815,0.0671,0.0731,0.0001
2025-11-27 12:00:41.505,20,20,20,0.00,0.0052,0.0052,0.0082,0.0072,-0.1907,0.9815,0.0671,0.0731,-0.3837
2025-11-27 12:00:42.505,20,20,20,0.00,0.0000,-0.0052,0.0082,0.0072,-0.1907,0.9815,0.0671,0.0731,-0.3837
2025-11-27 12:00:43.504,19,20,20,0.00,0.0000,0.0052,0.0082,0.0072,-0.1907,0.9815,0.0671,0.0731,-0.3837
2025-11-27 12:00:44.504,20,20,20,0.00,0.0026,0.0000,0.0082,0.0072,-0.1907,0.9815,0.0671,0.0731,-0.3837
2025-11-27 12:00:45.504,20,20,20,0.00,0.0000,-0.0026,0.0082,0.0072,-0.1907,0.9815,0.0671,0.0731,-0.3837
2025-11-27 12:00:46.505,19,20,20,0.00,-0.0026,0.0000,0.0082,0.0072,-0.1907,0.9815,0.0671,0.0731,-0.3837
2025-11-27 12:00:47.505,20,20,20,0.00,0.0000,0.0000,0.0082,0.0072,-0.1907,0.9815,0.0671,0.0731,-0.3837
2025-11-27 12:00:48.505,20,20,20,0.00,-0.0026,0.0000,0.0082,0.0072,-0.1907,0.9815,0.0672,0.0731,-0.3837
2025-11-27 12:00:49.505,20,20,20,0.00,0.0000,0.0000,0.0082,0.0072,-0.1907,0.9815,0.0672,0.0731,-0.3837
2025-11-27 12:00:50.505,20,20,20,0.00,0.0000,0.0000,0.0082,0.0072,-0.1907,0.9815,0.0671,0.0731,-0.3837
2025-11-27 12:00:51.505,20,20,20,0.00,0.0026,0.0000,0.0082,0.0072,-0.1907,0.9815,0.0671,0.0731,-0.3837
2025-11-27 12:00:52.505,19,20,20,0.00,0.0000,0.0026,0.0082,0.0072,-0.1907,0.9815,0.0671,0.0731,-0.3837
2025-11-27 12:00:53.504,19,20,20,0.00,0.0000,-0.0026,0.0082,0.0072,-0.1907,0.9815,0.0671,0.0731,-0.3837
2025-11-27 12:00:54.505,19,20,20,0.00,0.0052,0.0026,0.0082,0.0072,-0.1907,0.9815,0.0671,0.0731,-0.3837
2025-11-27 12:00:55.504,20,20,20,0.00,0.0052,0.0000,0.0082,0.0072,-0.1907,0.9815,0.0671,0.0731,-0.3837
2025-11-27 12:00:56.505,20,20,20,0.00,0.0000,0.0000,0.0082,0.0072,-0.1907,0.9815,0.0671,0.0731,-0.3837
2025-11-27 12:00:57.504,20,20,20,0.00,0.0000,0.0000,0.0082,0.0072,-0.1907,0.9815,0.0671,0.0731,-0.3837
2025-11-27 12:00:58.505,20,20,20,0.00,0.0026,0.0000,0.0082,0.0072,-0.1907,0.9815,0.0671,0.0731,-0.3837
2025-11-27 12:00:59.505,20,20,20,0.00,0.0000,0.0000,0.0082,0.0072,-0.1907,0.9815,0.0671,0.0731,-0.3837
2025-11-27 12:01:00.504,19,20,20,0.00,0.0026,-0.0026,0.0082,0.0072,-0.1907,0.9815,0.0671,0.0731,-0.3837
2025-11-27 12:01:01.505,20,20,20,0.00,0.0104,0.0000,0.0082,0.0072,-0.1907,0.9815,0.0671,0.0731,-0.3837
2025-11-27 12:01:02.504,19,20,20,0.00,-0.0026,0.0000,0.0082,0.0072,-0.1907,0.9815,0.0671,0.0731,-0.3837
2025-11-27 12:01:03.504,20,20,20,0.00,0.0026,0.0000,0.0082,0.0072,-0.1907,0.9815,0.0670,0.0731,-0.3837
2025-11-27 12:01:04.504,20,20,20,0.00,-0.0026,-0.0026,0.0082,0.0072,-0.1907,0.9815,0.0670,0.0731,-0.3837
2025-11-27 12:01:05.505,20,20,20,0.00,0.0000,-0.0026,0.0082,0.0072,-0.1907,0.9815,0.0670,0.0731,-0.3837
2025-11-27 12:01:06.504,20,20,20,0.00,0.0000,-0.0026,0.0082,0.0072,-0.1907,0.9815,0.0670,0.0731,-0.3837
2025-11-27 12:01:07.505,19,20,20,0.00,0.0000,0.0000,0.0082,0.0072,-0.1907,0.9815,0.0670,0.0731,-0.3837
2025-11-27 12:01:08.505,20,20,20,0.00,0.0026,-0.0026,0.0082,0.0072,-0.1907,0.9815,0.0670,0.0731,-0.3837
2025-11-27 12:01:09.505,20,20,20,0.00,0.0026,0.0000,0.0082,0.0072,-0.1907,0.9815,0.0670,0.0731,-0.3837
2025-11-27 12:01:10.505,20,20,20,0.00,0.0052,-0.0052,0.0082,0.0072,-0.1907,0.9815,0.0670,0.0731,-0.3837
2025-11-27 12:01:11.505,20,20,20,0.00,0.0052,-0.0026,0.0082,0.0072,-0.1907,0.9815,0.0670,0.0731,-0.3837
2025-11-27 12:01:12.504,20,20,20,0.00,0.0000,-0.0052,0.0082,0.0072,-0.1907,0.9815,0.0670,0.0731,-0.3837
2025-11-27 12:01:13.504,20,20,20,0.00,0.0000,0.0000,0.0082,0.0072,-0.1907,0.9815,0.0670,0.0731,-0.3837
2025-11-27 12:01:14.505,20,20,20,0.00,0.0000,0.0000,0.0082,0.0072,-0.1907,0.9815,0.0670,0.0731,-0.3837
2025-11-27 12:01:15.505,19,20,20,0.00,-0.0026,0.0026,0.0082,0.0072,-0.1907,0.9815,0.0670,0.0731,-0.3837
2025-11-27 12:01:16.504,20,20,20,0.00,0.0000,0.0000,0.0082,0.0072,-0.1907,0.9815,0.0670,0.0731,-0.3837
2025-11-27 12:01:17.505,20,20,20,0.00,0.0000,0.0000,0.0082,0.0072,-0.1907,0.9815,0.0670,0.0731,-0.3837
2025-11-27 12:01:18.505,20,20,20,0.00,0.0026,0.0000,0.0082,0.0072,-0.1907,0.9815,0.0670,0.0731,-0.3837
2025-11-27 12:01:19.504,20,20,20,0.00,0.0026,0.0000,0.0082,0.0072,-0.1907,0.9815,0.0670,0.0731,-0.3837
2025-11-27 12:01:20.504,20,20,20,0.00,-0.0079,-0.0052,0.0082,0.0072,-0.1907,0.9815,0.0670,0.0731,-0.3837
2025-11-27 12:01:21.504,20,20,20,0.00,0.0000,0.0000,0.0082,0.0072,-0.1907,0.9815,0.0670,0.0731,-0.3837
2025-11-27 12:01:22.505,20,20,20,0.00,0.0000,0.0026,0.0082,0.0072,-0.1907,0.9815,0.0670,0.0731,-0.3837
2025-11-27 12:01:23.504,20,20,20,0.00,0.0000,0.0000,0.0082,0.0072,-0.1907,0.9815,0.0670,0.0731,-0.3837
2025-11-27 12:01:24.505,20,20,20,0.00,0.0026,0.0000,0.0082,0.0072,-0.1907,0.9815,0.0670,0.0731,-0.3837
2025-11-27 12:01:25.505,20,20,20,0.00,0.0000,-0.0079,0.0082,0.0072,-0.1907,0.9815,0.0670,0.0731,-0.3837
2025-11-27 12:01:26.504,20,20,20,0.00,0.0000,0.0000,0.0082,0.0072,-0.1907,0.9815,0.0670,0.0731,-0.3837
2025-11-27 12:01:27.504,20,20,20,0.00,0.0000,0.0000,0.0082,0.0072,-0.1907,0.9815,0.0670,0.0731,-0.3837
2025-11-27 12:01:28.505,20,20,20,0.00,0.0000,0.0052,0.0082,0.0072,-0.1907,0.9815,0.0670,0.0731,-0.3837
2025-11-27 12:01:29.504,20,20,20,0.00,0.0000,-0.0079,0.0082,0.0072,-0.1907,0.9815,0.0670,0.0731,-0.3837
2025-11-27 12:01:30.505,20,20,20,0.00,0.0000,0.0000,0.0082,0.0072,-0.1907,0.9815,0.0670,0.0732,-0.3837
2025-11-27 12:01:31.505,20,20,20,0.00,0.0026,0.0000,0.0082,0.0072,-0.1907,0.9815,0.0670,0.0732,-0.3837
2025-11-27 12:01:32.505,20,20,20,0.00,0.0000,0.0000,0.0082,0.0072,-0.1907,0.9815,0.0670,0.0732,-0.3837
2025-11-27 12:01:33.504,20,20,20,0.00,0.0000,-0.0026,0.0082,0.0072,-0.1907,0.9815,0.0670,0.0731,-0.3837
2025-11-27 12:01:34.504,20,20,20,0.00,-0.0026,0.0000,0.0082,0.0072,-0.1907,0.9815,0.0670,0.0731,-0.3837
2025-11-27 12:01:35.504,20,20,20,0.00,0.0026,-0.0026,0.0082,0.0072,-0.1907,0.9815,0.0670,0.0731,-0.3837
2025-11-27 12:01:36.505,20,20,20,0.00,0.0000,0.0000,0.0082,0.0072,-0.1907,0.9815,0.0670,0.0731,-0.3837
2025-11-27 12:01:37.506,20,20,20,0.00,0.0026,0.0026,0.0082,0.0072,-0.1907,0.9815,0.0670,0.0731,-0.3837
2025-11-27 12:01:38.505,20,20,20,0.00,-0.0026,0.0000,0.0082,0.0072,-0.1907,0.9815,0.0670,0.0731,-0.3837
2025-11-27 12:01:39.505,20,20,20,0.00,0.0000,0.0000,0.0082,0.0072,-0.1907,0.9815,0.0670,0.0731,-0.3837
2025-11-27 12:01:40.505,20,20,20,0.00,0.0000,0.0026,0.0082,0.0072,-0.1907,0.9815,0.0670,0.0731,-0.3837
2025-11-27 12:01:41.505,20,20,20,0.00,0.0000,0.0026,0.0082,0.0072,-0.1907,0.9815,0.0670,0.0731,-0.3837
2025-11-27 12:01:42.506,20,20,20,0.00,0.0026,0.0000,0.0082,0.0072,-0.1907,0.9815,0.0670,0.0731,-0.3837
2025-11-27 12:01:43.504,20,20,20,0.00,0.0000,-0.0052,0.0082,0.0072,-0.1907,0.9815,0.0670,0.0731,-0.3837
2025-11-27 12:01:44.506,20,20,20,0.00,0.0000,0.0052,0.0082,0.0072,-0.1907,0.9815,0.0670,0.0731,-0.3837
2025-11-27 12:01:45.505,20,20,20,0.00,-0.0026,0.0000,0.0082,0.0072,-0.1907,0.9815,0.0670,0.0731,-0.3837
2025-11-27 12:01:46.505,20,20,20,0.00,0.0000,0.0000,0.0082,0.0072,-0.1907,0.9815,0.0670,0.0731,-0.3837
2025-11-27 12:01:47.506,20,20,20,0.00,0.0000,-0.0026,0.0082,0.0072,-0.1907,0.9815,0.0670,0.0731,-0.3837
2025-11-27 12:01:48.505,20,20,20,0.00,0.0026,0.0000,0.0082,0.0072,-0.1907,0.9815,0.0670,0.0731,-0.3837
2025-11-27 12:01:49.506,19,20,20,0.00,-0.0026,-0.0026,0.0082,0.0072,-0.1907,0.9815,0.0670,0.0731,-0.3837
2025-11-27 12:01:50.505,20,20,20,0.00,0.0000,0.0026,0.0082,0.0072,-0.1907,0.9815,0.0670,0.0731,-0.3837
2025-11-27 12:01:51.506,20,20,20,0.00,0.0000,-0.0026,0.0082,0.0072,-0.1907,0.9815,0.0670,0.0731,-0.3837
2025-11-27 12:01:52.504,20,20,20,0.00,0.0026,0.0000,0.0082,0.0072,-0.1907,0.9815,0.0670,0.0731,-0.3837
2025-11-27 12:01:53.504,20,20,20,0.00,0.0000,0.0052,0.0082,0.0072,-0.1907,0.9815,0.0670,0.0731,-0.3837
2025-11-27 12:01:54.505,20,20,20,0.00,0.0052,0.0000,0.0082,0.0072,-0.1907,0.9815,0.0670,0.0731,-0.3837
2025-11-27 12:01:55.504,19,20,20,0.00,0.0026,0.0026,0.0082,0.0072,-0.1907,0.9815,0.0670,0.0731,-0.3837
2025-11-27 12:01:56.504,18,20,20,0.00,0.0000,-0.0026,0.0082,0.0072,-0.1907,0.9815,0.0670,0.0731,-0.3837
2025-11-27 12:01:57.504,18,20,20,0.00,0.0026,0.0052,0.0082,0.0072,-0.1907,0.9815,0.0670,0.0731,-0.3837
2025-11-27 12:01:58.505,19,20,20,0.00,0.0000,0.0000,0.0082,0.0072,-0.1907,0.9815,0.0670,0.0731,-0.3837
2025-11-27 12:01:59.506,17,20,20,0.00,0.0026,0.0000,0.0082,0.0072,-0.1907,0.9815,0.0670,0.0731,-0.3837
2025-11-27 12:02:00.505,19,20,20,0.00,0.0000,0.0000,0.0082,0.0072,-0.1907,0.9815,0.0670,0.0731,-0.3837
2025-11-27 12:02:01.505,20,20,20,0.00,-0.0026,-0.0026,0.0082,0.0072,-0.1907,0.9815,0.0670,0.0731,-0.3837
2025-11-27 12:02:02.505,20,20,20,0.00,0.0026,0.0000,0.0082,0.0072,-0.1907,0.9815,0.0670,0.0731,-0.3837
2025-11-27 12:02:03.504,20,20,20,0.00,0.0000,-0.0026,0.0082,0.0072,-0.1907,0.9815,0.0670,0.0731,-0.3837
2025-11-27 12:02:04.505,20,20,20,0.00,0.0000,0.0026,0.0082,0.0072,-0.1907,0.9815,0.0670,0.0731,-0.3837
2025-11-27 12:02:05.504,19,20,20,0.00,0.0000,-0.0026,0.0082,0.0072,-0.1907,0.9815,0.0670,0.0731,-0.3837
2025-11-27 12:02:06.504,20,20,20,0.00,0.0000,0.0026,0.0082,0.0072,-0.1907,0.9815,0.0670,0.0731,-0.3837
2025-11-27 12:02:07.505,20,20,20,0.00,-0.0026,0.0000,0.0082,0.0072,-0.1907,0.9815,0.0670,0.0731,-0.3837
2025-11-27 12:02:08.504,20,20,20,0.00,0.0000,0.0026,0.0082,0.0072,-0.1907,0.9815,0.0670,0.0731,-0.3837
2025-11-27 12:02:09.504,20,20,20,0.00,-0.0052,-0.0026,0.0082,0.0072,-0.1907,0.9815,0.0670,0.0731,-0.3837
2025-11-27 12:02:10.505,20,20,20,0.00,0.0000,0.0000,0.0082,0.0072,-0.1907,0.9815,0.0670,0.0731,-0.3837
2025-11-27 12:02:11.504,20,20,20,0.00,0.0000,0.0026,0.0082,0.0072,-0.1907,0.9815,0.0670,0.0731,-0.3837
2025-11-27 12:02:12.506,20,20,20,0.00,0.0000,0.0000,0.0082,0.0072,-0.1907,0.9815,0.0670,0.0731,-0.3837
2025-11-27 12:02:13.506,19,20,20,0.00,0.0000,-0.0079,0.0082,0.0072,-0.1907,0.9815,0.0670,0.0731,-0.3837
2025-11-27 12:02:14.504,20,20,20,0.00,0.0000,0.0000,0.0082,0.0072,-0.1907,0.9815,0.0670,0.0731,-0.3837
2025-11-27 12:02:15.505,20,20,20,0.00,0.0000,0.0000,0.0082,0.0072,-0.1907,0.9815,0.0670,0.0731,-0.3837
2025-11-27 12:02:16.504,20,20,20,0.00,0.0026,0.0000,0.0082,0.0072,-0.1907,0.9815,0.0670,0.0731,-0.3837
2025-11-27 12:02:17.504,20,20,20,0.00,0.0052,-0.0026,0.0082,0.0072,-0.1907,0.9815,0.0670,0.0731,-0.3837
2025-11-27 12:02:18.505,20,20,20,0.00,0.0000,-0.0052,0.0082,0.0072,-0.1907,0.9815,0.0670,0.0731,-0.3837
2025-11-27 12:02:19.505,20,20,20,0.00,0.0000,0.0026,0.0082,0.0072,-0.1907,0.9815,0.0670,0.0731,-0.3837
2025-11-27 12:02:20.505,20,20,20,0.00,0.0000,0.0026,0.0082,0.0072,-0.1907,0.9815,0.0670,0.0731,-0.3837
2025-11-27 12:02:21.504,20,20,20,0.00,0.0000,0.0000,0.0082,0.0072,-0.1907,0.9815,0.0670,0.0731,-0.3837
2025-11-27 12:02:22.504,20,20,20,0.00,0.0000,0.0000,0.0082,0.0072,-0.1907,0.9815,0.0670,0.0731,-0.3837
2025-11-27 12:02:23.504,20,20,20,0.00,0.0026,0.0026,0.0082,0.0072,-0.1907,0.9815,0.0670,0.0731,-0.3837
2025-11-27 12:02:24.504,20,20,20,0.00,0.0104,0.0000,0.0082,0.0072,-0.1907,0.9815,0.0670,0.0731,-0.3837
2025-11-27 12:02:25.504,20,20,20,0.00,0.0000,-0.0026,0.0082,0.0072,-0.1907,0.9815,0.0670,0.0731,-0.3837
2025-11-27 12:02:26.504,20,20,20,0.00,0.0000,-0.0026,0.0082,0.0072,-0.1907,0.9815,0.0671,0.0731,-0.3837
2025-11-27 12:02:27.505,20,20,20,0.00,0.0000,0.0000,0.0082,0.0072,-0.1907,0.9815,0.0671,0.0731,-0.3837
2025-11-27 12:02:28.505,20,20,20,0.00,0.0000,0.0026,0.0082,0.0072,-0.1907,0.9815,0.0671,0.0731,-0.3837
2025-11-27 12:02:29.505,20,20,20,0.00,0.0000,0.0000,0.0082,0.0072,-0.1907,0.9815,0.0671,0.0731,-0.3837
2025-11-27 12:02:30.506,20,20,20,0.00,0.0000,-0.0052,0.0082,0.0072,-0.1907,0.9815,0.0671,0.0731,-0.3837
2025-11-27 12:02:31.505,20,20,20,0.00,0.0000,0.0000,0.0082,0.0072,-0.1907,0.9815,0.0670,0.0731,-0.3837
2025-11-27 12:02:32.504,20,20,20,0.00,0.0000,0.0026,0.0082,0.0072,-0.1907,0.9815,0.0671,0.0731,-0.3837
2025-11-27 12:02:33.505,20,20,20,0.00,0.0000,0.0000,0.0082,0.0072,-0.1907,0.9815,0.0671,0.0731,-0.3837
2025-11-27 12:02:34.504,20,20,20,0.00,0.0026,-0.0026,0.0082,0.0072,-0.1907,0.9815,0.0671,0.0731,-0.3837
2025-11-27 12:02:35.506,20,20,20,0.00,0.0000,0.0000,0.0082,0.0072,-0.1907,0.9815,0.0671,0.0731,-0.3837
2025-11-27 12:02:36.506,20,20,20,0.00,0.0000,0.0000,0.0082,0.0072,-0.1907,0.9815,0.0671,0.0731,-0.3837
2025-11-27 12:02:37.504,20,20,20,0.00,0.0000,0.0000,0.0082,0.0072,-0.1907,0.9815,0.0671,0.0731,-0.3837
2025-11-27 12:02:38.505,20,20,20,0.00,0.0000,0.0000,0.0082,0.0072,-0.1907,0.9815,0.0671,0.0731,-0.3837
2025-11-27 12:02:39.504,20,20,20,0.00,0.0000,0.0000,0.0082,0.0072,-0.1907,0.9815,0.0671,0.0731,-0.3837
2025-11-27 12:02:40.505,20,20,20,0.00,0.0000,0.0000,0.0082,0.0072,-0.1907,0.9815,0.0671,0.0731,-0.3837
2025-11-27 12:02:41.504,20,20,20,0.00,0.0000,0.0000,0.0082,0.0072,-0.1907,0.9815,0.0671,0.0731,-0.3837
2025-11-27 12:02:42.505,20,20,20,0.00,0.0026,-0.0026,0.0082,0.0072,-0.1907,0.9815,0.0671,0.0731,-0.3837
2025-11-27 12:02:43.506,20,20,20,0.00,0.0000,-0.0026,0.0082,0.0072,-0.1907,0.9815,0.0671,0.0731,-0.3837
2025-11-27 12:02:44.505,20,20,20,0.00,0.0000,0.0000,0.0082,0.0072,-0.1907,0.9815,0.0671,0.0731,-0.3837
2025-11-27 12:02:45.505,20,20,20,0.00,-0.0026,0.0052,0.0082,0.0072,-0.1907,0.9815,0.0671,0.0731,-0.3837
2025-11-27 12:02:46.505,20,20,20,0.00,0.0000,-0.0026,0.0082,0.0072,-0.1907,0.9815,0.0671,0.0731,-0.3837
2025-11-27 12:02:47.505,20,20,20,0.00,0.0000,0.0079,0.0082,0.0072,-0.1907,0.9815,0.0671,0.0731,-0.3837
2025-11-27 12:02:48.505,20,20,20,0.00,0.0000,-0.0026,0.0082,0.0072,-0.1907,0.9815,0.0671,0.0731,-0.3837
2025-11-27 12:02:49.505,20,20,20,0.00,0.0000,0.0000,0.0082,0.0072,-0.1907,0.9815,0.0671,0.0731,-0.3837
2025-11-27 12:02:50.505,20,20,20,0.00,0.0026,0.0000,0.0082,0.0072,-0.1907,0.9815,0.0671,0.0731,-0.3837
2025-11-27 12:02:51.505,20,20,20,0.00,0.0000,0.0000,0.0082,0.0072,-0.1907,0.9815,0.0671,0.0731,-0.3837
2025-11-27 12:02:52.505,20,20,20,0.00,0.0000,-0.0026,0.0082,0.0072,-0.1907,0.9815,0.0671,0.0731,-0.3837
2025-11-27 12:02:53.505,20,20,20,0.00,0.0000,0.0000,0.0082,0.0072,-0.1907,0.9815,0.0671,0.0731,-0.3837
2025-11-27 12:02:54.504,20,20,20,0.00,0.0000,0.0000,0.0082,0.0072,-0.1907,0.9815,0.0671,0.0731,-0.3837
2025-11-27 12:02:55.505,20,20,20,0.00,-0.0026,0.0000,0.0082,0.0072,-0.1907,0.9815,0.0672,0.0731,-0.3837
2025-11-27 12:02:56.504,19,20,20,0.00,0.0000,0.0000,0.0082,0.0072,-0.1907,0.9815,0.0672,0.0731,-0.3837
2025-11-27 12:02:57.504,20,20,20,0.00,0.0000,0.0000,0.0082,0.0072,-0.1907,0.9815,0.0672,0.0731,-0.3837
2025-11-27 12:02:58.504,20,20,20,0.00,0.0052,0.0000,0.0082,0.0072,-0.1907,0.9815,0.0672,0.0731,-0.3837
2025-11-27 12:02:59.505,20,20,20,0.00,0.0026,-0.0026,0.0082,0.0072,-0.1907,0.9815,0.0672,0.0731,-0.3837
2025-11-27 12:03:00.504,20,20,20,0.00,0.0000,0.0000,0.0082,0.0072,-0.1907,0.9815,0.0672,0.0731,-0.3837
2025-11-27 12:03:01.505,20,20,20,0.00,0.0000,0.0000,0.0082,0.0072,-0.1907,0.9815,0.0672,0.0731,-0.3837
2025-11-27 12:03:02.504,20,20,20,0.00,-0.0026,-0.0026,0.0082,0.0072,-0.1907,0.9815,0.0672,0.0731,-0.3837
2025-11-27 12:03:03.505,20,20,20,0.00,0.0000,0.0026,0.0082,0.0072,-0.1907,0.9815,0.0672,0.0731,-0.3837
2025-11-27 12:03:04.504,20,20,20,0.00,-0.0026,0.0000,0.0082,0.0072,-0.1907,0.9815,0.0672,0.0731,-0.3837
2025-11-27 12:03:05.505,20,20,20,0.00,0.0000,-0.0052,0.0082,0.0072,-0.1907,0.9815,0.0671,0.0731,-0.3837
2025-11-27 12:03:06.504,20,20,20,0.00,0.0000,0.0000,0.0082,0.0072,-0.1907,0.9815,0.0671,0.0731,-0.3837
2025-11-27 12:03:07.504,20,20,20,0.00,0.0000,-0.0026,0.0082,0.0072,-0.1907,0.9815,0.0671,0.0731,-0.3837
2025-11-27 12:03:08.504,20,20,20,0.00,0.0000,0.0026,0.0082,0.0072,-0.1907,0.9815,0.0671,0.0731,-0.3837
2025-11-27 12:03:09.505,20,20,20,0.00,0.0000,-0.0026,0.0082,0.0072,-0.1907,0.9815,0.0671,0.0731,-0.3837
2025-11-27 12:03:10.505,20,20,20,0.00,0.0000,0.0079,0.0082,0.0072,-0.1907,0.9815,0.0671,0.0731,-0.3837
2025-11-27 12:03:11.504,20,20,20,0.00,0.0052,0.0026,0.0082,0.0072,-0.1907,0.9815,0.0672,0.0731,-0.3837
2025-11-27 12:03:12.505,20,20,20,0.00,0.0000,0.0026,0.0082,0.0072,-0.1907,0.9815,0.0672,0.0731,-0.3837
2025-11-27 12:03:13.504,20,20,20,0.00,0.0000,0.0026,0.0082,0.0072,-0.1907,0.9815,0.0672,0.0731,-0.3837
2025-11-27 12:03:14.504,19,20,20,0.00,0.0000,0.0026,0.0082,0.0072,-0.1907,0.9815,0.0672,0.0731,-0.3837
2025-11-27 12:03:15.504,19,20,20,0.00,0.0026,0.0026,0.0082,0.0072,-0.1907,0.9815,0.0671,0.0731,-0.3837
2025-11-27 12:03:16.505,20,20,20,0.00,-0.0026,0.0000,0.0082,0.0072,-0.1907,0.9815,0.0671,0.0731,-0.3837
2025-11-27 12:03:17.505,20,20,20,0.00,0.0026,-0.0026,0.0082,0.0072,-0.1907,0.9815,0.0671,0.0731,-0.3837
2025-11-27 12:03:18.505,20,20,20,0.00,0.0000,-0.0026,0.0082,0.0072,-0.1907,0.9815,0.0671,0.0731,-0.3837
2025-11-27 12:03:19.506,20,20,20,0.00,0.0000,0.0000,0.0082,0.0072,-0.1907,0.9815,0.0671,0.0731,-0.3837
2025-11-27 12:03:20.504,20,20,20,0.00,0.0000,-0.0026,0.0082,0.0072,-0.1907,0.9815,0.0671,0.0731,-0.3837
2025-11-27 12:03:21.504,20,20,20,0.00,0.0052,0.0026,0.0082,0.0072,-0.1907,0.9815,0.0672,0.0731,-0.3837
2025-11-27 12:03:22.507,20,20,20,0.00,0.0000,0.0000,0.0082,0.0072,-0.1907,0.9815,0.0672,0.0731,-0.3837
2025-11-27 12:03:23.505,20,20,20,0.00,0.0026,0.0000,0.0082,0.0072,-0.1907,0.9815,0.0672,0.0731,-0.3837
2025-11-27 12:03:24.506,20,20,20,0.00,0.0000,0.0052,0.0082,0.0072,-0.1907,0.9815,0.0672,0.0731,-0.3837
2025-11-27 12:03:25.505,20,20,20,0.00,0.0000,0.0000,0.0082,0.0072,-0.1907,0.9815,0.0671,0.0731,-0.3837
2025-11-27 12:03:26.505,20,20,20,0.00,-0.0026,0.0000,0.0082,0.0072,-0.1907,0.9815,0.0671,0.0731,-0.3837
2025-11-27 12:03:27.504,20,20,20,0.00,0.0026,0.0000,0.0082,0.0072,-0.1907,0.9815,0.0671,0.0731,-0.3837
2025-11-27 12:03:28.505,20,20,20,0.00,0.0026,0.0000,0.0082,0.0072,-0.1907,0.9815,0.0671,0.0731,-0.3837
2025-11-27 12:03:29.505,19,20,20,0.00,0.0000,-0.0026,0.0082,0.0072,-0.1907,0.9815,0.0671,0.0731,-0.3837
2025-11-27 12:03:30.505,20,20,20,0.00,0.0026,0.0000,0.0082,0.0072,-0.1907,0.9815,0.0671,0.0731,-0.3837
2025-11-27 12:03:31.504,20,20,20,0.00,0.0000,0.0000,0.0082,0.0072,-0.1907,0.9815,0.0671,0.0731,-0.3837
2025-11-27 12:03:32.505,20,20,20,0.00,-0.0052,0.0079,0.0082,0.0072,-0.1907,0.9815,0.0672,0.0731,-0.3837
2025-11-27 12:03:33.505,20,20,20,0.00,0.0026,0.0000,0.0082,0.0072,-0.1907,0.9815,0.0672,0.0731,-0.3837
2025-11-27 12:03:34.505,20,20,20,0.00,0.0000,0.0079,0.0082,0.0072,-0.1907,0.9815,0.0672,0.0731,-0.3837
2025-11-27 12:03:35.504,20,20,20,0.00,0.0052,-0.0026,0.0082,0.0072,-0.1907,0.9815,0.0672,0.0731,-0.3837
2025-11-27 12:03:36.505,20,20,20,0.00,-0.0026,-0.0026,0.0082,0.0072,-0.1907,0.9815,0.0672,0.0731,-0.3837
2025-11-27 12:03:37.504,20,20,20,0.00,0.0026,0.0000,0.0082,0.0072,-0.1907,0.9815,0.0672,0.0731,-0.3837
2025-11-27 12:03:38.504,20,20,20,0.00,-0.0026,-0.0026,0.0082,0.0072,-0.1907,0.9815,0.0672,0.0731,-0.3837
2025-11-27 12:03:39.505,20,20,20,0.00,-0.0052,0.0052,0.0082,0.0072,-0.1907,0.9815,0.0672,0.0731,-0.3837
2025-11-27 12:03:40.505,20,20,20,0.00,0.0079,0.0026,0.0082,0.0072,-0.1907,0.9815,0.0672,0.0731,-0.3837
2025-11-27 12:03:41.504,19,20,20,0.00,0.0000,0.0104,0.0082,0.0072,-0.1907,0.9815,0.0672,0.0731,-0.3837
2025-11-27 12:03:42.504,20,20,20,0.00,0.0026,0.0026,0.0082,0.0072,-0.1907,0.9815,0.0672,0.0731,-0.3837
2025-11-27 12:03:43.504,20,20,20,0.00,0.0026,0.0026,0.0082,0.0072,-0.1907,0.9815,0.0672,0.0731,-0.3837
2025-11-27 12:03:44.504,20,20,20,0.00,0.0026,-0.0026,0.0082,0.0072,-0.1907,0.9815,0.0672,0.0731,-0.3837
2025-11-27 12:03:45.504,20,20,20,0.00,0.0000,0.0000,0.0082,0.0072,-0.1907,0.9815,0.0672,0.0731,-0.3837
2025-11-27 12:03:46.504,20,20,20,0.00,0.0000,0.0026,0.0082,0.0072,-0.1907,0.9815,0.0672,0.0731,-0.3837
2025-11-27 12:03:47.504,20,20,20,0.00,0.0000,-0.0052,0.0082,0.0072,-0.1907,0.9815,0.0672,0.0731,-0.3837
2025-11-27 12:03:48.504,20,20,20,0.00,0.0000,-0.0026,0.0082,0.0072,-0.1907,0.9815,0.0672,0.0731,-0.3837
2025-11-27 12:03:49.504,19,20,20,0.00,0.0000,0.0026,0.0082,0.0072,-0.1907,0.9815,0.0672,0.0731,-0.3837
2025-11-27 12:03:50.505,20,20,20,0.00,0.0026,0.0000,0.0082,0.0072,-0.1907,0.9815,0.0672,0.0731,-0.3837
2025-11-27 12:03:51.505,20,20,20,0.00,0.0000,-0.0026,0.0082,0.0072,-0.1907,0.9815,0.0672,0.0731,-0.3837
2025-11-27 12:03:52.504,20,20,20,0.00,0.0000,0.0000,0.0082,0.0072,-0.1907,0.9815,0.0672,0.0731,-0.3837
2025-11-27 12:03:53.505,20,20,20,0.00,0.0026,0.0026,0.0082,0.0072,-0.1907,0.9815,0.0672,0.0730,-0.3837
2025-11-27 12:03:54.505,20,20,20,0.00,0.0026,0.0000,0.0082,0.0072,-0.1907,0.9815,0.0672,0.0730,-0.3837
2025-11-27 12:03:55.505,20,20,20,0.00,0.0000,0.0000,0.0082,0.0072,-0.1907,0.9815,0.0672,0.0730,-0.3837
2025-11-27 12:03:56.505,20,20,20,0.00,0.0000,-0.0052,0.0082,0.0072,-0.1907,0.9815,0.0672,0.0730,-0.3837
2025-11-27 12:03:57.504,20,20,20,0.00,0.0000,0.0000,0.0082,0.0072,-0.1907,0.9815,0.0672,0.0730,-0.3837
2025-11-27 12:03:58.504,20,20,20,0.00,0.0000,0.0000,0.0082,0.0072,-0.1907,0.9815,0.0672,0.0730,-0.3837
2025-11-27 12:03:59.505,20,20,20,0.00,-0.0026,0.0026,0.0082,0.0072,-0.1907,0.9815,0.0672,0.0730,-0.3837
2025-11-27 12:04:00.505,20,20,20,0.00,0.0000,0.0052,0.0082,0.0072,-0.1907,0.9815,0.0672,0.0730,-0.3837
2025-11-27 12:04:01.504,20,20,20,0.00,0.0000,0.0000,0.0082,0.0072,-0.1907,0.9815,0.0672,0.0730,-0.3837
2025-11-27 12:04:02.505,20,20,20,0.00,0.0000,-0.0026,0.0082,0.0072,-0.1907,0.9815,0.0672,0.0730,-0.3837
2025-11-27 12:04:03.506,20,20,20,0.00,0.0052,0.0000,0.0082,0.0072,-0.1907,0.9815,0.0672,0.0730,-0.3837
2025-11-27 12:04:04.504,19,20,20,0.00,0.0000,0.0026,0.0082,0.0072,-0.1907,0.9815,0.0672,0.0730,-0.3837
2025-11-27 12:04:05.504,20,20,20,0.00,-0.0026,0.0000,0.0082,0.0072,-0.1907,0.9815,0.0672,0.0730,-0.3837
2025-11-27 12:04:06.504,20,20,20,0.00,0.0000,0.0052,0.0082,0.0072,-0.1907,0.9815,0.0672,0.0730,-0.3837
2025-11-27 12:04:07.504,20,20,20,0.00,0.0000,0.0000,0.0082,0.0072,-0.1907,0.9815,0.0673,0.0730,-0.3837
2025-11-27 12:04:08.504,20,20,20,0.00,0.0000,-0.0052,0.0082,0.0072,-0.1907,0.9815,0.0673,0.0730,-0.3837
2025-11-27 12:04:09.505,20,20,20,0.00,0.0000,0.0000,0.0082,0.0072,-0.1907,0.9815,0.0673,0.0730,-0.3837
2025-11-27 12:04:10.504,20,20,20,0.00,0.0026,0.0079,0.0082,0.0072,-0.1907,0.9815,0.0673,0.0730,-0.3837
2025-11-27 12:04:11.504,20,20,20,0.00,0.0000,-0.0026,0.0082,0.0072,-0.1907,0.9815,0.0673,0.0730,-0.3837
2025-11-27 12:04:12.504,20,20,20,0.00,0.0000,-0.0026,0.0082,0.0072,-0.1907,0.9815,0.0673,0.0730,-0.3837
2025-11-27 12:04:13.505,20,20,20,0.00,0.0000,0.0052,0.0082,0.0072,-0.1907,0.9815,0.0673,0.0730,-0.3837
2025-11-27 12:04:14.505,20,20,20,0.00,0.0000,0.0000,0.0082,0.0072,-0.1907,0.9815,0.0673,0.0730,-0.3837
2025-11-27 12:04:15.505,20,20,20,0.00,0.0000,0.0026,0.0082,0.0072,-0.1907,0.9815,0.0673,0.0730,-0.3837
2025-11-27 12:04:16.506,20,20,20,0.00,0.0000,-0.0052,0.0082,0.0072,-0.1907,0.9815,0.0673,0.0730,-0.3837
2025-11-27 12:04:17.504,20,20,20,0.00,0.0000,0.0000,0.0082,0.0072,-0.1907,0.9815,0.0673,0.0730,-0.3837
2025-11-27 12:04:18.505,20,20,20,0.00,0.0026,0.0000,0.0082,0.0072,-0.1907,0.9815,0.0673,0.0730,-0.3837
2025-11-27 12:04:19.505,20,20,20,0.00,0.0000,-0.0026,0.0082,0.0072,-0.1907,0.9815,0.0673,0.0730,-0.3837
2025-11-27 12:04:20.504,20,20,20,0.00,0.0000,0.0000,0.0082,0.0072,-0.1907,0.9815,0.0673,0.0730,-0.3837
2025-11-27 12:04:21.504,20,20,20,0.00,0.0052,0.0000,0.0082,0.0072,-0.1907,0.9815,0.0673,0.0730,-0.3837
2025-11-27 12:04:22.505,20,20,20,0.00,0.0000,0.0026,0.0082,0.0072,-0.1907,0.9815,0.0673,0.0730,-0.3837
2025-11-27 12:04:23.504,19,20,20,0.00,-0.0052,0.0000,0.0082,0.0072,-0.1907,0.9815,0.0673,0.0730,-0.3837
2025-11-27 12:04:24.504,20,20,20,0.00,0.0026,0.0000,0.0082,0.0072,-0.1907,0.9815,0.0674,0.0730,-0.3837
2025-11-27 12:04:25.504,20,20,20,0.00,0.0000,-0.0026,0.0082,0.0072,-0.1907,0.9815,0.0674,0.0730,-0.3837
2025-11-27 12:04:26.504,20,20,20,0.00,0.0000,-0.0052,0.0082,0.0072,-0.1907,0.9815,0.0674,0.0730,-0.3837
2025-11-27 12:04:27.504,20,20,20,0.00,-0.0026,0.0000,0.0082,0.0072,-0.1907,0.9815,0.0674,0.0730,-0.3837
2025-11-27 12:04:28.506,20,20,20,0.00,0.0000,0.0026,0.0082,0.0072,-0.1907,0.9815,0.0673,0.0730,-0.3837
2025-11-27 12:04:29.505,20,20,20,0.00,-0.0026,0.0052,0.0082,0.0072,-0.1907,0.9815,0.0674,0.0730,-0.3837
2025-11-27 12:04:30.504,19,20,20,0.00,-0.0026,0.0052,0.0082,0.0072,-0.1907,0.9815,0.0674,0.0730,-0.3837
2025-11-27 12:04:31.504,20,20,20,0.00,0.0000,0.0052,0.0082,0.0072,-0.1907,0.9815,0.0674,0.0730,-0.3837
2025-11-27 12:04:32.505,20,20,20,0.00,0.0026,0.0000,0.0082,0.0072,-0.1907,0.9815,0.0674,0.0730,-0.3837
2025-11-27 12:04:33.504,20,20,20,0.00,-0.0052,0.0026,0.0082,0.0072,-0.1907,0.9815,0.0673,0.0730,-0.3837
2025-11-27 12:04:34.504,20,20,20,0.00,0.0000,-0.0104,0.0082,0.0072,-0.1907,0.9815,0.0673,0.0730,-0.3837
2025-11-27 12:04:35.504,20,20,20,0.00,0.0000,0.0052,0.0082,0.0072,-0.1907,0.9815,0.0673,0.0730,-0.3837
2025-11-27 12:04:36.505,20,20,20,0.00,0.0000,0.0000,0.0082,0.0072,-0.1907,0.9815,0.0674,0.0730,-0.3837
2025-11-27 12:04:37.504,19,20,20,0.00,-0.0026,0.0026,0.0082,0.0072,-0.1907,0.9815,0.0674,0.0730,-0.3837
2025-11-27 12:04:38.504,20,20,20,0.00,0.0000,-0.0052,0.0082,0.0072,-0.1907,0.9815,0.0674,0.0730,-0.3837
2025-11-27 12:04:39.504,20,20,20,0.00,0.0000,-0.0052,0.0082,0.0072,-0.1907,0.9815,0.0674,0.0730,-0.3837
2025-11-27 12:04:40.504,20,20,20,0.00,0.0000,0.0000,0.0082,0.0072,-0.1907,0.9815,0.0674,0.0730,-0.3837
2025-11-27 12:04:41.504,20,20,20,0.00,0.0000,-0.0052,0.0082,0.0072,-0.1907,0.9815,0.0674,0.0730,-0.3837
2025-11-27 12:04:42.504,20,20,20,0.00,0.0000,0.0052,0.0082,0.0072,-0.1907,0.9815,0.0674,0.0730,-0.3837
2025-11-27 12:04:43.505,20,20,20,0.00,-0.0026,0.0052,0.0082,0.0072,-0.1907,0.9815,0.0673,0.0730,-0.3837
2025-11-27 12:04:44.505,20,20,20,0.00,0.0026,0.0000,0.0082,0.0072,-0.1907,0.9815,0.0673,0.0730,-0.3837
2025-11-27 12:04:45.505,20,20,20,0.00,0.0000,0.0052,0.0082,0.0072,-0.1907,0.9815,0.0673,0.0730,-0.3837
2025-11-27 12:04:46.505,18,20,20,0.00,0.0000,-0.0079,0.0082,0.0072,-0.1907,0.9815,0.0674,0.0730,-0.3837
2025-11-27 12:04:47.504,20,20,20,0.00,0.0026,-0.0026,0.0082,0.0072,-0.1907,0.9815,0.0674,0.0730,-0.3837
2025-11-27 12:04:48.504,19,20,20,0.00,0.0000,-0.0026,0.0082,0.0072,-0.1907,0.9815,0.0674,0.0730,-0.3837
2025-11-27 12:04:49.504,20,20,20,0.00,0.0000,0.0000,0.0082,0.0072,-0.1907,0.9815,0.0674,0.0730,-0.3837
2025-11-27 12:04:50.504,20,20,20,0.00,-0.0026,0.0000,0.0082,0.0072,-0.1907,0.9815,0.0674,0.0730,-0.3837
2025-11-27 12:04:51.504,20,20,20,0.00,-0.0026,0.0000,0.0082,0.0072,-0.1907,0.9815,0.0674,0.0730,-0.3837
2025-11-27 12:04:52.504,20,20,20,0.00,0.0000,-0.0026,0.0082,0.0072,-0.1907,0.9815,0.0674,0.0730,-0.3837
2025-11-27 12:04:53.504,20,20,20,0.00,0.0000,-0.0026,0.0082,0.0072,-0.1907,0.9815,0.0674,0.0730,-0.3837
2025-11-27 12:04:54.505,20,20,20,0.00,0.0000,0.0026,0.0082,0.0072,-0.1907,0.9815,0.0674,0.0730,-0.3837
2025-11-27 12:04:55.504,20,20,20,0.00,0.0000,0.0000,0.0082,0.0072,-0.1907,0.9815,0.0674,0.0730,-0.3837
2025-11-27 12:04:56.506,20,20,20,0.00,-0.0026,-0.0026,0.0082,0.0072,-0.1907,0.9815,0.0674,0.0730,-0.3837
2025-11-27 12:04:57.505,20,20,20,0.00,0.0000,0.0000,0.0082,0.0072,-0.1907,0.9815,0.0674,0.0730,-0.3837
2025-11-27 12:04:58.504,19,20,20,0.00,-0.0052,0.0000,0.0082,0.0072,-0.1907,0.9815,0.0674,0.0730,-0.3837
2025-11-27 12:04:59.504,20,20,20,0.00,0.0000,0.0000,0.0082,0.0072,-0.1907,0.9815,0.0674,0.0730,-0.3837
2025-11-27 12:05:00.504,20,20,20,0.00,0.0026,0.0000,0.0082,0.0072,-0.1907,0.9815,0.0674,0.0730,-0.3837
2025-11-27 12:05:01.504,19,20,20,0.00,0.0000,0.0000,0.0082,0.0072,-0.1907,0.9815,0.0674,0.0730,-0.3837
2025-11-27 12:05:02.504,18,20,20,0.00,-0.0052,-0.0052,0.0082,0.0072,-0.1907,0.9815,0.0674,0.0730,-0.3837
2025-11-27 12:05:03.506,9,20,20,0.00,0.0000,0.0000,0.0082,0.0072,-0.1907,0.9815,0.0674,0.0730,-0.3837
2025-11-27 12:05:04.505,20,20,20,0.00,-0.0052,0.0052,0.0082,0.0072,-0.1907,0.9815,0.0674,0.0730,-0.3837
2025-11-27 12:05:05.504,19,20,20,0.00,0.0000,0.0000,0.0082,0.0072,-0.1907,0.9815,0.0675,0.0730,-0.3837
2025-11-27 12:05:06.504,19,20,20,0.00,0.0026,0.0000,0.0082,0.0072,-0.1907,0.9815,0.0675,0.0730,-0.3837
2025-11-27 12:05:07.504,20,20,20,0.00,0.0000,0.0052,0.0082,0.0072,-0.1907,0.9815,0.0675,0.0730,-0.3837
2025-11-27 12:05:08.509,20,20,20,0.00,0.0000,0.0000,0.0082,0.0072,-0.1907,0.9815,0.0675,0.0729,-0.3837
2025-11-27 12:05:09.504,18,20,20,0.00,0.0000,0.0026,0.0082,0.0072,-0.1907,0.9815,0.0675,0.0729,-0.3837
2025-11-27 12:05:10.504,20,20,20,0.00,0.0026,0.0052,0.0082,0.0072,-0.1907,0.9815,0.0675,0.0729,-0.3837
2025-11-27 12:05:11.504,20,20,20,0.00,0.0000,0.0000,0.0082,0.0072,-0.1907,0.9815,0.0675,0.0729,-0.3837
2025-11-27 12:05:12.504,20,20,20,0.00,0.0000,-0.0026,0.0082,0.0072,-0.1907,0.9815,0.0675,0.0729,-0.3837
2025-11-27 12:05:13.504,18,20,20,0.00,0.0000,-0.0026,0.0082,0.0072,-0.1907,0.9815,0.0675,0.0729,-0.3837
2025-11-27 12:05:14.505,20,20,20,0.00,0.0026,0.0000,0.0082,0.0072,-0.1907,0.9815,0.0675,0.0729,-0.3837
2025-11-27 12:05:15.505,20,20,20,0.00,0.0000,0.0000,0.0082,0.0072,-0.1907,0.9815,0.0675,0.0729,-0.3837
2025-11-27 12:05:16.504,18,20,20,0.00,0.0000,0.0000,0.0082,0.0072,-0.1907,0.9815,0.0675,0.0729,-0.3837
2025-11-27 12:05:17.505,18,20,20,0.00,-0.0026,0.0000,0.0082,0.0072,-0.1907,0.9815,0.0675,0.0729,-0.3837
2025-11-27 12:05:18.504,20,20,20,0.00,0.0000,-0.0026,0.0082,0.0072,-0.1907,0.9815,0.0675,0.0729,-0.3837
2025-11-27 12:05:19.505,20,20,20,0.00,0.0026,0.0052,0.0082,0.0072,-0.1907,0.9815,0.0675,0.0729,-0.3837
2025-11-27 12:05:20.505,20,20,20,0.00,0.0026,-0.0052,0.0082,0.0072,-0.1907,0.9815,0.0675,0.0729,-0.3837
2025-11-27 12:05:21.505,19,20,20,0.00,0.0026,0.0000,0.0000,0.0000,0.0000,0.9815,0.0675,0.0729,0.0000
2025-11-27 12:05:22.505,20,20,20,0.00,0.0000,-0.0026,0.0082,0.0072,-0.1907,0.9815,0.0675,0.0729,-0.3837
2025-11-27 12:05:23.504,19,20,20,0.00,0.0000,0.0000,0.0082,0.0072,-0.1907,0.9815,0.0675,0.0729,-0.3837
2025-11-27 12:05:24.504,20,20,20,0.00,-0.0026,-0.0026,0.0082,0.0072,-0.1907,0.9815,0.0675,0.0729,-0.3837
2025-11-27 12:05:25.504,20,20,20,0.00,0.0026,0.0026,0.0082,0.0072,-0.1907,0.9815,0.0675,0.0729,-0.3837
2025-11-27 12:05:26.505,20,20,20,0.00,0.0000,-0.0026,0.0082,0.0072,-0.1907,0.9815,0.0675,0.0729,-0.3837
2025-11-27 12:05:27.504,20,20,20,0.00,0.0079,0.0000,0.0082,0.0072,-0.1907,0.9815,0.0675,0.0729,-0.3837
2025-11-27 12:05:28.504,17,20,20,0.00,0.0000,0.0052,0.0082,0.0072,-0.1907,0.9815,0.0675,0.0729,-0.3837
2025-11-27 12:05:29.504,20,20,20,0.00,0.0000,-0.0026,0.0082,0.0072,-0.1907,0.9815,0.0676,0.0729,-0.3837
2025-11-27 12:05:30.504,20,20,20,0.00,0.0000,0.0026,0.0081,0.0068,-0.1907,0.9815,0.0676,0.0729,-0.3837
2025-11-27 12:05:31.504,20,20,20,0.00,-0.0026,-0.0026,0.0082,0.0068,-0.1912,0.9815,0.0676,0.0729,-0.3847
2025-11-27 12:05:32.504,20,20,20,0.00,-0.0052,-0.0026,0.0081,0.0070,-0.1912,0.9815,0.0676,0.0729,-0.3847
2025-11-27 12:05:33.505,20,20,20,0.00,0.0000,0.0000,0.0081,0.0070,-0.1912,0.9815,0.0676,0.0729,-0.3847
2025-11-27 12:05:34.504,20,20,20,0.00,-0.0026,-0.0026,0.0081,0.0070,-0.1912,0.9815,0.0676,0.0729,-0.3847
2025-11-27 12:05:35.504,20,20,20,0.00,0.0000,0.0000,0.0081,0.0070,-0.1912,0.9815,0.0676,0.0729,-0.3847
2025-11-27 12:05:36.506,20,20,20,0.00,-0.0026,-0.0026,0.0081,0.0070,-0.1912,0.9815,0.0676,0.0729,-0.3847
2025-11-27 12:05:37.505,19,20,20,0.00,-0.0052,0.0000,0.0081,0.0070,-0.1912,0.9815,0.0676,0.0729,-0.3847
2025-11-27 12:05:38.505,19,20,20,0.00,-0.0026,0.0000,0.0081,0.0070,-0.1912,0.9815,0.0676,0.0729,-0.3847
2025-11-27 12:05:39.505,20,20,20,0.00,0.0026,0.0000,0.0081,0.0070,-0.1912,0.9815,0.0676,0.0729,-0.3847
2025-11-27 12:05:40.505,20,20,20,0.00,-0.0026,0.0000,0.0081,0.0070,-0.1912,0.9815,0.0676,0.0729,-0.3847
2025-11-27 12:05:41.504,20,20,20,0.00,0.0026,0.0000,0.0081,0.0070,-0.1912,0.9815,0.0676,0.0729,-0.3847
2025-11-27 12:05:42.504,20,20,20,0.00,0.0026,0.0000,0.0081,0.0070,-0.1912,0.9815,0.0676,0.0729,-0.3847
2025-11-27 12:05:43.505,20,20,20,0.00,0.0000,-0.0026,0.0081,0.0070,-0.1912,0.9815,0.0676,0.0729,-0.3847
2025-11-27 12:05:44.504,20,20,20,0.00,0.0052,0.0000,0.0081,0.0070,-0.1912,0.9815,0.0676,0.0729,-0.3847
2025-11-27 12:05:45.505,20,20,20,0.00,-0.0026,0.0000,0.0081,0.0070,-0.1912,0.9815,0.0676,0.0729,-0.3847
2025-11-27 12:05:46.505,20,20,20,0.00,0.0000,0.0000,0.0081,0.0070,-0.1912,0.9815,0.0676,0.0729,-0.3847
2025-11-27 12:05:47.504,20,20,20,0.00,0.0000,0.0000,0.0081,0.0070,-0.1912,0.9815,0.0676,0.0729,-0.3847
2025-11-27 12:05:48.504,20,20,20,0.00,-0.0052,-0.0026,0.0081,0.0070,-0.1912,0.9815,0.0676,0.0729,-0.3847
2025-11-27 12:05:49.505,20,20,20,0.00,0.0000,-0.0026,0.0081,0.0070,-0.1912,0.9815,0.0676,0.0729,-0.3847
2025-11-27 12:05:50.504,20,20,20,0.00,0.0000,0.0026,0.0081,0.0070,-0.1912,0.9815,0.0676,0.0729,-0.3847
2025-11-27 12:05:51.506,20,20,20,0.00,0.0000,0.0000,0.0081,0.0070,-0.1912,0.9815,0.0676,0.0729,-0.3847
2025-11-27 12:05:52.506,19,20,20,0.00,0.0026,0.0026,0.0081,0.0070,-0.1912,0.9815,0.0677,0.0729,-0.3847
2025-11-27 12:05:53.504,19,20,20,0.00,0.0000,0.0000,0.0081,0.0070,-0.1912,0.9815,0.0677,0.0729,-0.3847
2025-11-27 12:05:54.504,19,20,20,0.00,-0.0079,-0.0052,0.0081,0.0070,-0.1912,0.9815,0.0677,0.0729,-0.3847
2025-11-27 12:05:55.505,20,20,20,0.00,0.0079,0.0000,0.0081,0.0070,-0.1912,0.9815,0.0677,0.0729,-0.3847
2025-11-27 12:05:56.504,20,20,20,0.00,0.0000,0.0000,0.0081,0.0070,-0.1912,0.9815,0.0677,0.0729,-0.3847
2025-11-27 12:05:57.505,20,20,20,0.00,0.0026,0.0000,0.0081,0.0070,-0.1912,0.9815,0.0677,0.0729,-0.3847
2025-11-27 12:05:58.504,20,20,20,0.00,-0.0026,0.0000,0.0081,0.0070,-0.1912,0.9815,0.0677,0.0729,-0.3847
2025-11-27 12:05:59.505,19,20,20,0.00,-0.0026,0.0000,0.0081,0.0070,-0.1912,0.9815,0.0677,0.0729,-0.3847
2025-11-27 12:06:00.504,20,20,20,0.00,-0.0026,0.0000,0.0081,0.0070,-0.1912,0.9815,0.0677,0.0729,-0.3847
2025-11-27 12:06:01.504,20,20,20,0.00,0.0000,0.0000,0.0081,0.0070,-0.1912,0.9815,0.0677,0.0729,-0.3847
2025-11-27 12:06:02.505,20,20,20,0.00,-0.0026,0.0026,0.0081,0.0070,-0.1912,0.9815,0.0677,0.0729,-0.3847
2025-11-27 12:06:03.504,20,20,20,0.00,0.0026,0.0026,0.0081,0.0070,-0.1912,0.9815,0.0677,0.0729,-0.3847
2025-11-27 12:06:04.504,20,20,20,0.00,0.0000,0.0026,0.0081,0.0070,-0.1912,0.9815,0.0677,0.0729,-0.3847
2025-11-27 12:06:05.504,20,20,20,0.00,0.0000,0.0000,0.0081,0.0070,-0.1912,0.9815,0.0677,0.0729,-0.3847
2025-11-27 12:06:06.505,20,20,20,0.00,0.0000,-0.0026,0.0081,0.0070,-0.1912,0.9815,0.0677,0.0729,-0.3847
2025-11-27 12:06:07.504,20,20,20,0.00,0.0000,0.0000,0.0081,0.0070,-0.1912,0.9815,0.0677,0.0729,-0.3847
2025-11-27 12:06:08.504,20,20,20,0.00,0.0000,0.0026,0.0081,0.0070,-0.1912,0.9815,0.0677,0.0729,-0.3847
2025-11-27 12:06:09.504,20,20,20,0.00,-0.0052,0.0000,0.0081,0.0070,-0.1912,0.9815,0.0676,0.0729,-0.3847
2025-11-27 12:06:10.504,20,20,20,0.00,0.0000,0.0052,0.0081,0.0070,-0.1912,0.9815,0.0676,0.0729,-0.3847
2025-11-27 12:06:11.504,20,20,20,0.00,0.0000,-0.0052,0.0081,0.0070,-0.1912,0.9815,0.0676,0.0729,-0.3847
2025-11-27 12:06:12.504,20,20,20,0.00,0.0000,0.0026,0.0081,0.0070,-0.1912,0.9815,0.0676,0.0729,-0.3847
2025-11-27 12:06:13.510,20,20,20,0.00,0.0000,0.0052,0.0081,0.0070,-0.1912,0.9815,0.0676,0.0729,-0.3847
2025-11-27 12:06:14.505,20,20,20,0.00,0.0000,-0.0026,0.0081,0.0070,-0.1912,0.9815,0.0676,0.0729,-0.3847
2025-11-27 12:06:15.505,20,20,20,0.00,0.0000,0.0000,0.0081,0.0070,-0.1912,0.9815,0.0676,0.0729,-0.3847
2025-11-27 12:06:16.504,19,20,20,0.00,0.0000,0.0026,0.0081,0.0070,-0.1912,0.9815,0.0676,0.0729,-0.3847
2025-11-27 12:06:17.505,19,20,20,0.00,0.0000,0.0000,0.0081,0.0070,-0.1912,0.9815,0.0677,0.0729,-0.3847
2025-11-27 12:06:18.504,19,20,20,0.00,0.0000,0.0000,0.0081,0.0070,-0.1912,0.9815,0.0676,0.0729,-0.3847
2025-11-27 12:06:19.504,20,20,20,0.00,0.0000,0.0000,0.0081,0.0070,-0.1912,0.9815,0.0676,0.0729,-0.3847
2025-11-27 12:06:20.504,20,20,20,0.00,0.0000,0.0026,0.0081,0.0070,-0.1912,0.9815,0.0676,0.0729,-0.3847
2025-11-27 12:06:21.504,20,20,20,0.00,-0.0026,-0.0026,0.0081,0.0070,-0.1912,0.9815,0.0676,0.0729,-0.3847
2025-11-27 12:06:22.504,20,20,20,0.00,0.0000,0.0026,0.0081,0.0070,-0.1912,0.9815,0.0676,0.0729,-0.3847
2025-11-27 12:06:23.505,20,20,20,0.00,0.0000,0.0026,0.0081,0.0070,-0.1912,0.9815,0.0677,0.0729,-0.3847
2025-11-27 12:06:24.504,20,20,20,0.00,0.0026,0.0026,0.0081,0.0070,-0.1912,0.9815,0.0677,0.0729,-0.3847
2025-11-27 12:06:25.504,19,20,20,0.00,0.0000,0.0000,0.0081,0.0070,-0.1912,0.9815,0.0677,0.0729,-0.3847
2025-11-27 12:06:26.504,20,20,20,0.00,-0.0079,0.0000,0.0081,0.0070,-0.1912,0.9815,0.0677,0.0729,-0.3847
2025-11-27 12:06:27.504,20,20,20,0.00,-0.0052,0.0000,0.0081,0.0070,-0.1912,0.9815,0.0676,0.0729,-0.3847
2025-11-27 12:06:28.504,20,20,20,0.00,-0.0026,0.0000,0.0081,0.0070,-0.1912,0.9815,0.0676,0.0729,-0.3847
2025-11-27 12:06:29.505,20,20,20,0.00,0.0000,-0.0052,0.0081,0.0070,-0.1912,0.9815,0.0676,0.0729,-0.3847
2025-11-27 12:06:30.504,20,20,20,0.00,0.0000,0.0000,0.0081,0.0070,-0.1912,0.9815,0.0676,0.0729,-0.3847
2025-11-27 12:06:31.504,20,20,20,0.00,0.0000,-0.0026,0.0081,0.0070,-0.1912,0.9815,0.0676,0.0729,-0.3847
2025-11-27 12:06:32.504,20,20,20,0.00,0.0000,0.0000,0.0081,0.0070,-0.1912,0.9815,0.0676,0.0729,-0.3847
2025-11-27 12:06:33.505,20,20,20,0.00,0.0026,-0.0079,0.0081,0.0070,-0.1912,0.9815,0.0676,0.0729,-0.3847
2025-11-27 12:06:34.504,20,20,20,0.00,0.0000,0.0026,0.0081,0.0070,-0.1912,0.9815,0.0676,0.0729,-0.3847
2025-11-27 12:06:35.504,20,20,20,0.00,-0.0026,-0.0026,0.0081,0.0070,-0.1912,0.9815,0.0676,0.0729,-0.3847
2025-11-27 12:06:36.504,20,20,20,0.00,0.0000,0.0026,0.0081,0.0070,-0.1912,0.9815,0.0676,0.0729,-0.3847
2025-11-27 12:06:37.505,20,20,20,0.00,0.0000,-0.0026,0.0081,0.0070,-0.1912,0.9815,0.0676,0.0729,-0.3847
2025-11-27 12:06:38.504,20,20,20,0.00,-0.0079,0.0026,0.0081,0.0070,-0.1912,0.9815,0.0676,0.0729,-0.3847
2025-11-27 12:06:39.504,20,20,20,0.00,-0.0026,0.0000,0.0081,0.0070,-0.1912,0.9815,0.0676,0.0729,-0.3847
2025-11-27 12:06:40.504,20,20,20,0.00,0.0000,0.0026,0.0081,0.0070,-0.1912,0.9815,0.0676,0.0729,-0.3847
2025-11-27 12:06:41.504,20,20,20,0.00,-0.0026,0.0052,0.0081,0.0070,-0.1912,0.9815,0.0676,0.0729,-0.3847
2025-11-27 12:06:42.505,20,20,20,0.00,0.0052,0.0000,0.0081,0.0070,-0.1912,0.9815,0.0676,0.0729,-0.3847
2025-11-27 12:06:43.504,20,20,20,0.00,0.0000,-0.0026,0.0081,0.0070,-0.1912,0.9815,0.0676,0.0729,-0.3847
2025-11-27 12:06:44.505,20,20,20,0.00,0.0000,0.0000,0.0081,0.0070,-0.1912,0.9815,0.0676,0.0729,-0.3847
2025-11-27 12:06:45.504,20,20,20,0.00,0.0000,-0.0026,0.0081,0.0070,-0.1912,0.9815,0.0676,0.0729,-0.3847
2025-11-27 12:06:46.504,20,20,20,0.00,-0.0026,0.0000,0.0081,0.0070,-0.1912,0.9815,0.0676,0.0729,-0.3847
2025-11-27 12:06:47.504,20,20,20,0.00,0.0000,0.0000,0.0081,0.0070,-0.1912,0.9815,0.0676,0.0729,-0.3847
2025-11-27 12:06:48.505,19,20,20,0.00,0.0000,-0.0052,0.0081,0.0070,-0.1912,0.9815,0.0676,0.0729,-0.3847
2025-11-27 12:06:49.504,20,20,20,0.00,0.0000,0.0052,0.0081,0.0070,-0.1912,0.9815,0.0676,0.0729,-0.3847
2025-11-27 12:06:50.504,20,20,20,0.00,-0.0026,0.0000,0.0081,0.0070,-0.1912,0.9815,0.0676,0.0729,-0.3847
2025-11-27 12:06:51.504,20,20,20,0.00,-0.0026,-0.0026,0.0081,0.0070,-0.1912,0.9815,0.0676,0.0729,-0.3847
2025-11-27 12:06:52.504,20,20,20,0.00,0.0000,-0.0026,0.0081,0.0070,-0.1912,0.9815,0.0676,0.0729,-0.3847
2025-11-27 12:06:53.504,20,20,20,0.00,0.0000,0.0026,0.0081,0.0070,-0.1912,0.9815,0.0676,0.0729,-0.3847
2025-11-27 12:06:54.504,20,20,20,0.00,0.0000,0.0052,0.0081,0.0070,-0.1912,0.9815,0.0676,0.0729,-0.3847
2025-11-27 12:06:55.504,20,20,20,0.00,0.0000,0.0000,0.0081,0.0070,-0.1912,0.9815,0.0676,0.0729,-0.3847
2025-11-27 12:06:56.504,20,20,20,0.00,0.0000,0.0000,0.0081,0.0070,-0.1912,0.9815,0.0676,0.0729,-0.3847
2025-11-27 12:06:57.504,20,20,20,0.00,0.0000,0.0000,0.0081,0.0070,-0.1912,0.9815,0.0676,0.0729,-0.3847
2025-11-27 12:06:58.504,20,20,20,0.00,0.0000,-0.0026,0.0081,0.0070,-0.1912,0.9815,0.0676,0.0729,-0.3847
2025-11-27 12:06:59.504,20,20,20,0.00,-0.0026,-0.0026,0.0081,0.0070,-0.1912,0.9815,0.0676,0.0729,-0.3847
2025-11-27 12:07:00.504,20,20,20,0.00,0.0026,0.0000,0.0081,0.0070,-0.1912,0.9815,0.0676,0.0729,-0.3847
2025-11-27 12:07:01.505,20,20,20,0.00,0.0000,0.0000,0.0081,0.0070,-0.1912,0.9815,0.0676,0.0729,-0.3847
2025-11-27 12:07:02.504,20,20,20,0.00,-0.0026,0.0000,0.0081,0.0070,-0.1912,0.9815,0.0676,0.0729,-0.3847
2025-11-27 12:07:03.504,20,20,20,0.00,0.0000,0.0026,0.0081,0.0070,-0.1912,0.9815,0.0676,0.0729,-0.3847
2025-11-27 12:07:04.504,20,20,20,0.00,-0.0026,0.0000,0.0081,0.0070,-0.1912,0.9815,0.0676,0.0729,-0.3847
2025-11-27 12:07:05.504,19,20,20,0.00,0.0026,0.0052,0.0081,0.0070,-0.1912,0.9815,0.0676,0.0729,-0.3847
2025-11-27 12:07:06.505,20,20,20,0.00,0.0000,0.0000,0.0081,0.0070,-0.1912,0.9815,0.0676,0.0729,-0.3847
2025-11-27 12:07:07.505,20,20,20,0.00,0.0052,-0.0026,0.0081,0.0070,-0.1912,0.9815,0.0676,0.0729,-0.3847
2025-11-27 12:07:08.504,20,20,20,0.00,-0.0026,0.0000,0.0081,0.0070,-0.1912,0.9815,0.0676,0.0729,-0.3847
2025-11-27 12:07:09.505,20,20,20,0.00,0.0000,0.0000,0.0081,0.0070,-0.1912,0.9815,0.0676,0.0729,-0.3847
2025-11-27 12:07:10.504,20,20,20,0.00,0.0000,0.0000,0.0081,0.0070,-0.1912,0.9815,0.0676,0.0729,-0.3847
2025-11-27 12:07:11.504,19,20,20,0.00,-0.0026,0.0000,0.0081,0.0070,-0.1912,0.9815,0.0676,0.0729,-0.3847
2025-11-27 12:07:12.504,20,20,20,0.00,0.0000,0.0000,0.0081,0.0070,-0.1912,0.9815,0.0676,0.0729,-0.3847
2025-11-27 12:07:13.504,20,20,20,0.00,0.0000,0.0026,0.0081,0.0070,-0.1912,0.9815,0.0676,0.0729,-0.3847
2025-11-27 12:07:14.504,20,20,20,0.00,0.0026,0.0000,0.0081,0.0070,-0.1912,0.9815,0.0676,0.0729,-0.3847
2025-11-27 12:07:15.505,20,20,20,0.00,0.0000,0.0026,0.0081,0.0070,-0.1912,0.9815,0.0676,0.0729,-0.3847
2025-11-27 12:07:16.504,19,20,20,0.00,0.0000,-0.0052,0.0081,0.0070,-0.1912,0.9815,0.0676,0.0729,-0.3847
2025-11-27 12:07:17.505,20,20,20,0.00,-0.0026,-0.0026,0.0081,0.0070,-0.1912,0.9815,0.0676,0.0729,-0.3847
2025-11-27 12:07:18.504,20,20,20,0.00,-0.0026,-0.0026,0.0081,0.0070,-0.1912,0.9815,0.0676,0.0729,-0.3847
2025-11-27 12:07:19.504,20,20,20,0.00,0.0000,0.0000,0.0081,0.0070,-0.1912,0.9815,0.0676,0.0729,-0.3847
2025-11-27 12:07:20.504,19,20,20,0.00,0.0000,-0.0079,0.0081,0.0070,-0.1912,0.9815,0.0676,0.0729,-0.3847
2025-11-27 12:07:21.504,20,20,20,0.00,0.0000,0.0079,0.0081,0.0070,-0.1912,0.9815,0.0676,0.0729,-0.3847
2025-11-27 12:07:22.505,20,20,20,0.00,0.0026,-0.0026,0.0081,0.0070,-0.1912,0.9815,0.0676,0.0729,-0.3847
2025-11-27 12:07:23.504,20,20,20,0.00,0.0052,0.0079,0.0081,0.0070,-0.1912,0.9815,0.0676,0.0729,-0.3847
2025-11-27 12:07:24.504,20,20,20,0.00,0.0000,0.0052,0.0081,0.0070,-0.1912,0.9815,0.0676,0.0729,-0.3847
2025-11-27 12:07:25.504,20,20,20,0.00,0.0026,-0.0026,0.0081,0.0070,-0.1912,0.9815,0.0676,0.0729,-0.3847
2025-11-27 12:07:26.504,20,20,20,0.00,0.0000,0.0000,0.0081,0.0070,-0.1912,0.9815,0.0676,0.0729,-0.3847
2025-11-27 12:07:27.504,20,20,20,0.00,0.0026,0.0000,0.0081,0.0070,-0.1912,0.9815,0.0676,0.0729,-0.3847
2025-11-27 12:07:28.505,20,20,20,0.00,0.0000,-0.0026,0.0081,0.0070,-0.1912,0.9815,0.0676,0.0729,-0.3847
2025-11-27 12:07:29.504,20,20,20,0.00,0.0000,0.0026,0.0081,0.0070,-0.1912,0.9815,0.0676,0.0729,-0.3847
2025-11-27 12:07:30.505,20,20,20,0.00,0.0000,0.0000,0.0081,0.0070,-0.1912,0.9815,0.0676,0.0729,-0.3847
2025-11-27 12:07:31.504,20,20,20,0.00,0.0000,0.0000,0.0081,0.0070,-0.1912,0.9815,0.0676,0.0729,-0.3847
2025-11-27 12:07:32.504,20,20,20,0.00,0.0000,0.0026,0.0081,0.0070,-0.1912,0.9815,0.0676,0.0729,-0.3847
2025-11-27 12:07:33.504,20,20,20,0.00,0.0052,0.0026,0.0081,0.0070,-0.1912,0.9815,0.0676,0.0729,-0.3847
2025-11-27 12:07:34.504,20,20,20,0.00,-0.0026,-0.0026,0.0081,0.0070,-0.1912,0.9815,0.0676,0.0729,-0.3847
2025-11-27 12:07:35.505,20,20,20,0.00,0.0000,-0.0026,0.0081,0.0070,-0.1912,0.9815,0.0676,0.0729,-0.3847
2025-11-27 12:07:36.504,20,20,20,0.00,0.0000,0.0000,0.0081,0.0070,-0.1912,0.9815,0.0676,0.0729,-0.3847
2025-11-27 12:07:37.505,20,20,20,0.00,0.0000,-0.0026,0.0081,0.0070,-0.1912,0.9815,0.0676,0.0729,-0.3847
2025-11-27 12:07:38.504,19,20,20,0.00,0.0026,-0.0052,0.0081,0.0070,-0.1912,0.9815,0.0676,0.0729,-0.3847
2025-11-27 12:07:39.505,20,20,20,0.00,0.0026,0.0000,0.0081,0.0070,-0.1912,0.9815,0.0676,0.0729,-0.3847
2025-11-27 12:07:40.505,20,20,20,0.00,0.0000,-0.0026,0.0081,0.0070,-0.1912,0.9815,0.0676,0.0729,-0.3847
2025-11-27 12:07:41.504,20,20,20,0.00,0.0000,-0.0026,0.0081,0.0070,-0.1912,0.9815,0.0676,0.0729,-0.3847
2025-11-27 12:07:42.505,20,20,20,0.00,0.0000,0.0000,0.0081,0.0070,-0.1912,0.9815,0.0676,0.0729,-0.3847
2025-11-27 12:07:43.504,20,20,20,0.00,0.0052,0.0000,0.0081,0.0070,-0.1912,0.9815,0.0676,0.0729,-0.3847
2025-11-27 12:07:44.504,20,20,20,0.00,-0.0026,0.0000,0.0081,0.0070,-0.1912,0.9815,0.0677,0.0729,-0.3847
2025-11-27 12:07:45.505,20,20,20,0.00,0.0000,-0.0052,0.0081,0.0070,-0.1912,0.9815,0.0676,0.0729,-0.3847
2025-11-27 12:07:46.505,20,20,20,0.00,0.0000,0.0000,0.0081,0.0070,-0.1912,0.9815,0.0676,0.0729,-0.3847
2025-11-27 12:07:47.506,20,20,20,0.00,0.0026,0.0000,0.0081,0.0070,-0.1912,0.9815,0.0676,0.0729,-0.3847
2025-11-27 12:07:48.505,20,20,20,0.00,-0.0026,-0.0026,0.0081,0.0070,-0.1912,0.9815,0.0676,0.0729,-0.3847
2025-11-27 12:07:49.504,20,20,20,0.00,0.0026,0.0000,0.0081,0.0070,-0.1912,0.9815,0.0676,0.0729,-0.3847
2025-11-27 12:07:50.505,20,20,20,0.00,0.0026,0.0000,0.0081,0.0070,-0.1912,0.9815,0.0676,0.0729,-0.3847
2025-11-27 12:07:51.505,19,20,20,0.00,0.0052,0.0026,0.0081,0.0070,-0.1912,0.9815,0.0676,0.0729,-0.3847
2025-11-27 12:07:52.504,20,20,20,0.00,0.0026,0.0000,0.0081,0.0070,-0.1912,0.9815,0.0676,0.0729,-0.3847
2025-11-27 12:07:53.504,20,20,20,0.00,0.0000,-0.0079,0.0081,0.0070,-0.1912,0.9815,0.0676,0.0729,-0.3847
2025-11-27 12:07:54.504,20,20,20,0.00,-0.0026,0.0000,0.0081,0.0070,-0.1912,0.9815,0.0676,0.0729,-0.3847
2025-11-27 12:07:55.505,20,20,20,0.00,0.0000,0.0000,0.0081,0.0070,-0.1912,0.9815,0.0676,0.0729,-0.3847
2025-11-27 12:07:56.504,20,20,20,0.00,-0.0052,-0.0104,0.0081,0.0070,-0.1912,0.9815,0.0675,0.0729,-0.3847
2025-11-27 12:07:57.504,19,20,20,0.00,0.0026,0.0026,0.0081,0.0070,-0.1912,0.9815,0.0675,0.0729,-0.3847
2025-11-27 12:07:58.504,20,20,20,0.00,0.0026,0.0026,0.0081,0.0070,-0.1912,0.9815,0.0675,0.0729,-0.3847
2025-11-27 12:07:59.506,19,20,20,0.00,0.0052,-0.0026,0.0081,0.0070,-0.1912,0.9815,0.0675,0.0729,-0.3847
2025-11-27 12:08:00.504,20,20,20,0.00,-0.0079,0.0026,0.0081,0.0070,-0.1912,0.9815,0.0675,0.0729,-0.3847
2025-11-27 12:08:01.504,20,20,20,0.00,-0.0052,0.0000,0.0081,0.0070,-0.1912,0.9815,0.0675,0.0729,-0.3847
2025-11-27 12:08:02.504,20,20,20,0.00,0.0026,-0.0026,0.0081,0.0070,-0.1912,0.9815,0.0676,0.0729,-0.3847
2025-11-27 12:08:03.505,20,20,20,0.00,0.0052,0.0000,0.0081,0.0070,-0.1912,0.9815,0.0676,0.0729,-0.3847
2025-11-27 12:08:04.504,20,20,20,0.00,0.0000,0.0026,0.0081,0.0070,-0.1912,0.9815,0.0676,0.0729,-0.3847
2025-11-27 12:08:05.505,20,20,20,0.00,0.0026,0.0000,0.0081,0.0070,-0.1912,0.9815,0.0676,0.0729,-0.3847
2025-11-27 12:08:06.505,20,20,20,0.00,-0.0026,0.0000,0.0000,0.0000,0.0000,0.9815,0.0676,0.0729,0.0000
2025-11-27 12:08:07.505,11,20,20,0.00,0.0000,0.0000,0.0081,0.0070,-0.1912,0.9815,0.0676,0.0729,-0.3847
2025-11-27 12:08:08.505,20,20,20,0.00,0.0000,-0.0026,0.0081,0.0070,-0.1912,0.9815,0.0676,0.0729,-0.3847
2025-11-27 12:08:09.505,20,20,20,0.00,0.0052,0.0079,0.0081,0.0070,-0.1912,0.9815,0.0676,0.0729,-0.3847
2025-11-27 12:08:10.504,20,20,20,0.00,0.0026,0.0000,0.0081,0.0070,-0.1912,0.9815,0.0676,0.0729,-0.3847
2025-11-27 12:08:11.504,20,20,20,0.00,0.0000,0.0052,0.0081,0.0070,-0.1912,0.9815,0.0676,0.0729,-0.3847
2025-11-27 12:08:12.505,20,20,20,0.00,0.0000,0.0079,0.0081,0.0070,-0.1912,0.9815,0.0676,0.0729,-0.3847
2025-11-27 12:08:13.504,20,20,20,0.00,0.0026,0.0000,0.0081,0.0070,-0.1912,0.9815,0.0676,0.0729,-0.3847
2025-11-27 12:08:14.504,20,20,20,0.00,0.0026,-0.0026,0.0081,0.0070,-0.1912,0.9815,0.0676,0.0729,-0.3847
2025-11-27 12:08:15.504,20,20,20,0.00,-0.0026,0.0000,0.0081,0.0070,-0.1912,0.9815,0.0676,0.0729,-0.3847
2025-11-27 12:08:16.504,20,20,20,0.00,0.0131,0.0026,0.0081,0.0070,-0.1912,0.9815,0.0676,0.0729,-0.3847
2025-11-27 12:08:17.505,20,20,20,0.00,0.0000,0.0000,0.0081,0.0070,-0.1912,0.9815,0.0676,0.0729,-0.3847
2025-11-27 12:08:18.505,20,20,20,0.00,0.0026,-0.0026,0.0081,0.0070,-0.1912,0.9815,0.0676,0.0729,-0.3847
2025-11-27 12:08:19.504,20,20,20,0.00,-0.0052,0.0026,0.0081,0.0070,-0.1912,0.9815,0.0676,0.0729,-0.3847
2025-11-27 12:08:20.505,19,20,20,0.00,0.0000,0.0000,0.0081,0.0070,-0.1912,0.9815,0.0676,0.0729,-0.3847
2025-11-27 12:08:21.505,20,20,20,0.00,0.0000,0.0000,0.0081,0.0070,-0.1912,0.9815,0.0676,0.0729,-0.3847
2025-11-27 12:08:22.504,20,20,20,0.00,0.0000,0.0026,0.0081,0.0070,-0.1912,0.9815,0.0676,0.0729,-0.3847
2025-11-27 12:08:23.504,20,20,20,0.00,0.0026,0.0000,0.0081,0.0070,-0.1912,0.9815,0.0676,0.0729,-0.3847
2025-11-27 12:08:24.505,20,20,20,0.00,0.0000,0.0000,0.0081,0.0070,-0.1912,0.9815,0.0676,0.0729,-0.3847
2025-11-27 12:08:25.504,20,20,20,0.00,0.0026,0.0026,0.0081,0.0070,-0.1912,0.9815,0.0676,0.0729,-0.3847
2025-11-27 12:08:26.504,20,20,20,0.00,0.0026,0.0026,0.0081,0.0070,-0.1912,0.9815,0.0676,0.0729,-0.3847
2025-11-27 12:08:27.504,20,20,20,0.00,0.0000,0.0000,0.0081,0.0070,-0.1912,0.9815,0.0676,0.0729,-0.3847
2025-11-27 12:08:28.504,19,20,20,0.00,-0.0026,-0.0026,0.0081,0.0070,-0.1912,0.9815,0.0676,0.0729,-0.3847
2025-11-27 12:08:29.505,20,20,20,0.00,-0.0026,0.0000,0.0081,0.0070,-0.1912,0.9815,0.0676,0.0729,-0.3847
2025-11-27 12:08:30.505,20,20,20,0.00,0.0000,0.0052,0.0081,0.0070,-0.1912,0.9815,0.0676,0.0729,-0.3847
2025-11-27 12:08:31.505,20,20,20,0.00,0.0000,0.0000,0.0081,0.0070,-0.1912,0.9815,0.0676,0.0729,-0.3847
2025-11-27 12:08:32.505,20,20,20,0.00,0.0000,-0.0052,0.0081,0.0070,-0.1912,0.9815,0.0676,0.0729,-0.3847
2025-11-27 12:08:33.504,20,20,20,0.00,-0.0026,0.0000,0.0081,0.0070,-0.1912,0.9815,0.0676,0.0729,-0.3847
2025-11-27 12:08:34.504,19,20,20,0.00,0.0026,0.0000,0.0081,0.0070,-0.1912,0.9815,0.0676,0.0729,-0.3847
2025-11-27 12:08:35.505,20,20,20,0.00,0.0026,0.0026,0.0081,0.0070,-0.1912,0.9815,0.0676,0.0729,-0.3847
2025-11-27 12:08:36.504,20,20,20,0.00,0.0000,-0.0026,0.0081,0.0070,-0.1912,0.9815,0.0676,0.0729,-0.3847
2025-11-27 12:08:37.504,20,20,20,0.00,0.0000,0.0000,0.0081,0.0070,-0.1912,0.9815,0.0675,0.0729,-0.3847
2025-11-27 12:08:38.505,20,20,20,0.00,0.0000,0.0052,0.0000,0.0000,0.0000,0.9815,0.0675,0.0729,0.0000
2025-11-27 12:08:39.504,20,20,20,0.00,0.0079,0.0000,0.0081,0.0070,-0.1912,0.9815,0.0675,0.0729,-0.3847
2025-11-27 12:08:40.504,18,20,20,0.00,0.0052,0.0052,0.0081,0.0070,-0.1912,0.9815,0.0675,0.0729,-0.3847
2025-11-27 12:08:41.505,20,20,20,0.00,-0.0026,-0.0026,0.0081,0.0070,-0.1912,0.9815,0.0675,0.0729,-0.3847
2025-11-27 12:08:42.504,20,20,20,0.00,-0.0026,0.0000,0.0081,0.0070,-0.1912,0.9815,0.0675,0.0729,-0.3847
2025-11-27 12:08:43.505,19,20,20,0.00,0.0000,0.0000,0.0081,0.0070,-0.1912,0.9815,0.0675,0.0729,-0.3847
2025-11-27 12:08:44.504,19,20,20,0.00,0.0000,-0.0052,0.0081,0.0070,-0.1912,0.9815,0.0676,0.0729,-0.3847
2025-11-27 12:08:45.504,20,20,20,0.00,-0.0026,-0.0026,0.0081,0.0070,-0.1912,0.9815,0.0675,0.0729,-0.3847
2025-11-27 12:08:46.505,20,20,20,0.00,-0.0026,0.0000,0.0081,0.0070,-0.1912,0.9815,0.0675,0.0729,-0.3847
2025-11-27 12:08:47.505,20,20,20,0.00,0.0000,-0.0026,0.0081,0.0070,-0.1912,0.9815,0.0675,0.0729,-0.3847
2025-11-27 12:08:48.505,20,20,20,0.00,-0.0026,0.0026,0.0081,0.0070,-0.1912,0.9815,0.0675,0.0729,-0.3847
2025-11-27 12:08:49.504,20,20,20,0.00,0.0000,0.0000,0.0081,0.0070,-0.1912,0.9815,0.0675,0.0729,-0.3847
2025-11-27 12:08:50.505,20,20,20,0.00,-0.0052,0.0000,0.0081,0.0070,-0.1912,0.9815,0.0675,0.0729,-0.3847
2025-11-27 12:08:51.505,20,20,20,0.00,0.0026,0.0000,0.0081,0.0070,-0.1912,0.9815,0.0675,0.0729,-0.3847
2025-11-27 12:08:52.505,20,20,20,0.00,0.0000,0.0000,0.0081,0.0070,-0.1912,0.9815,0.0675,0.0729,-0.3847
2025-11-27 12:08:53.505,20,20,20,0.00,-0.0026,0.0000,0.0081,0.0070,-0.1912,0.9815,0.0675,0.0729,-0.3847
2025-11-27 12:08:54.506,20,20,20,0.00,0.0000,0.0026,0.0081,0.0070,-0.1912,0.9815,0.0675,0.0729,-0.3847
2025-11-27 12:08:55.505,20,20,20,0.00,0.0000,0.0000,0.0081,0.0070,-0.1912,0.9815,0.0675,0.0729,-0.3847
2025-11-27 12:08:56.505,20,20,20,0.00,-0.0026,0.0052,0.0081,0.0070,-0.1912,0.9815,0.0675,0.0729,-0.3847
2025-11-27 12:08:57.505,20,20,20,0.00,0.0000,0.0000,0.0081,0.0070,-0.1912,0.9815,0.0675,0.0729,-0.3847
2025-11-27 12:08:58.504,20,20,20,0.00,-0.0052,0.0000,0.0081,0.0070,-0.1912,0.9815,0.0675,0.0729,-0.3847
2025-11-27 12:08:59.505,20,20,20,0.00,0.0026,0.0000,0.0081,0.0070,-0.1912,0.9815,0.0675,0.0729,-0.3847
2025-11-27 12:09:00.504,20,20,20,0.00,0.0000,0.0026,0.0081,0.0070,-0.1912,0.9815,0.0675,0.0729,-0.3847
2025-11-27 12:09:01.505,16,20,20,0.00,0.0000,0.0026,0.0081,0.0070,-0.1912,0.9815,0.0675,0.0729,-0.3847
2025-11-27 12:09:02.504,11,20,20,0.00,0.0000,-0.0026,0.0081,0.0070,-0.1912,0.9815,0.0675,0.0729,-0.3847
2025-11-27 12:09:03.506,6,20,20,0.00,0.0000,0.0000,0.0081,0.0070,-0.1912,0.9815,0.0675,0.0729,-0.3847
2025-11-27 12:09:04.506,20,20,20,0.00,-0.0026,0.0052,0.0081,0.0070,-0.1912,0.9815,0.0675,0.0729,-0.3847
2025-11-27 12:09:05.504,19,20,20,0.00,-0.0026,0.0000,0.0081,0.0070,-0.1912,0.9815,0.0675,0.0729,-0.3847
2025-11-27 12:09:06.505,20,20,20,0.00,0.0079,0.0000,0.0081,0.0070,-0.1912,0.9815,0.0675,0.0729,-0.3847
2025-11-27 12:09:07.504,20,20,20,0.00,0.0026,0.0052,0.0081,0.0070,-0.1912,0.9815,0.0675,0.0729,-0.3847
2025-11-27 12:09:08.506,20,20,20,0.00,0.0000,0.0000,0.0081,0.0070,-0.1912,0.9815,0.0675,0.0729,-0.3847
2025-11-27 12:09:09.504,20,20,20,0.00,0.0000,0.0079,0.0081,0.0070,-0.1912,0.9815,0.0675,0.0729,-0.3847
2025-11-27 12:09:10.506,20,20,20,0.00,0.0026,0.0000,0.0081,0.0070,-0.1912,0.9815,0.0675,0.0729,-0.3847
2025-11-27 12:09:11.505,20,20,20,0.00,0.0000,0.0000,0.0081,0.0070,-0.1912,0.9815,0.0675,0.0729,-0.3847
2025-11-27 12:09:12.504,20,20,20,0.00,-0.0026,0.0000,0.0081,0.0070,-0.1912,0.9815,0.0675,0.0729,-0.3847
2025-11-27 12:09:13.505,20,20,20,0.00,-0.0026,0.0000,0.0081,0.0070,-0.1912,0.9815,0.0675,0.0729,-0.3847
2025-11-27 12:09:14.504,20,20,20,0.00,-0.0026,0.0026,0.0081,0.0070,-0.1912,0.9815,0.0675,0.0729,-0.3847
2025-11-27 12:09:15.504,20,20,20,0.00,0.0000,0.0000,0.0081,0.0070,-0.1912,0.9815,0.0675,0.0729,-0.3847
2025-11-27 12:09:16.505,20,20,20,0.00,0.0000,0.0000,0.0081,0.0070,-0.1912,0.9815,0.0675,0.0729,-0.3847
2025-11-27 12:09:17.504,20,20,20,0.00,0.0000,0.0000,0.0081,0.0070,-0.1912,0.9815,0.0675,0.0729,-0.3847
2025-11-27 12:09:18.504,20,20,20,0.00,-0.0052,-0.0026,0.0081,0.0070,-0.1912,0.9815,0.0675,0.0729,-0.3847
2025-11-27 12:09:19.504,19,20,20,0.00,0.0000,-0.0026,0.0081,0.0070,-0.1912,0.9815,0.0675,0.0729,-0.3847
2025-11-27 12:09:20.504,20,20,20,0.00,0.0000,-0.0026,0.0081,0.0070,-0.1912,0.9815,0.0675,0.0729,-0.3847
2025-11-27 12:09:21.504,20,20,20,0.00,-0.0026,0.0000,0.0081,0.0070,-0.1912,0.9815,0.0675,0.0729,-0.3847
2025-11-27 12:09:22.504,20,20,20,0.00,0.0026,0.0000,0.0081,0.0070,-0.1912,0.9815,0.0675,0.0729,-0.3847
2025-11-27 12:09:23.504,20,20,20,0.00,0.0000,-0.0026,0.0081,0.0070,-0.1912,0.9815,0.0675,0.0729,-0.3847
2025-11-27 12:09:24.504,20,20,20,0.00,-0.0052,0.0000,0.0081,0.0070,-0.1912,0.9815,0.0675,0.0729,-0.3847
2025-11-27 12:09:25.505,20,20,20,0.00,0.0026,0.0026,0.0081,0.0070,-0.1912,0.9815,0.0675,0.0729,-0.3847
2025-11-27 12:09:26.507,20,20,20,0.00,0.0000,0.0000,0.0081,0.0070,-0.1912,0.9815,0.0675,0.0729,-0.3847
2025-11-27 12:09:27.504,19,20,20,0.00,0.0026,-0.0026,0.0081,0.0070,-0.1912,0.9815,0.0676,0.0729,-0.3847
2025-11-27 12:09:28.505,20,20,20,0.00,0.0000,0.0000,0.0081,0.0070,-0.1912,0.9815,0.0676,0.0729,-0.3847
2025-11-27 12:09:29.505,20,20,20,0.00,0.0026,0.0026,0.0081,0.0070,-0.1912,0.9815,0.0676,0.0729,-0.3847
2025-11-27 12:09:30.505,20,20,20,0.00,0.0000,0.0000,0.0081,0.0070,-0.1912,0.9815,0.0676,0.0729,-0.3847
2025-11-27 12:09:31.505,19,20,20,0.00,0.0000,0.0000,0.0081,0.0070,-0.1912,0.9815,0.0676,0.0729,-0.3847
2025-11-27 12:09:32.504,20,20,20,0.00,-0.0026,0.0000,0.0081,0.0070,-0.1912,0.9815,0.0675,0.0729,-0.3847
2025-11-27 12:09:33.505,19,20,20,0.00,0.0000,0.0000,0.0081,0.0070,-0.1912,0.9815,0.0675,0.0729,-0.3847
2025-11-27 12:09:34.505,20,20,20,0.00,0.0000,0.0000,0.0081,0.0070,-0.1912,0.9815,0.0675,0.0729,-0.3847
2025-11-27 12:09:35.504,19,20,20,0.00,0.0000,0.0000,0.0081,0.0070,-0.1912,0.9815,0.0675,0.0729,-0.3847
2025-11-27 12:09:36.505,20,20,20,0.00,0.0000,0.0000,0.0081,0.0070,-0.1912,0.9815,0.0675,0.0729,-0.3847
2025-11-27 12:09:37.504,19,20,20,0.00,0.0000,-0.0026,0.0081,0.0070,-0.1912,0.9815,0.0675,0.0729,-0.3847
2025-11-27 12:09:38.506,20,20,20,0.00,0.0000,0.0000,0.0081,0.0070,-0.1912,0.9815,0.0675,0.0729,-0.3847
2025-11-27 12:09:39.505,20,20,20,0.00,0.0000,0.0026,0.0081,0.0070,-0.1912,0.9815,0.0675,0.0729,-0.3847
2025-11-27 12:09:40.505,20,20,20,0.00,0.0000,0.0000,0.0081,0.0070,-0.1912,0.9815,0.0675,0.0729,-0.3847
2025-11-27 12:09:41.506,20,20,20,0.00,-0.0026,0.0000,0.0081,0.0070,-0.1912,0.9815,0.0675,0.0729,-0.3847
2025-11-27 12:09:42.504,20,20,20,0.00,0.0000,0.0052,0.0081,0.0070,-0.1912,0.9815,0.0675,0.0729,-0.3847
2025-11-27 12:09:43.504,20,20,20,0.00,-0.0026,0.0000,0.0081,0.0070,-0.1912,0.9815,0.0675,0.0729,-0.3847
2025-11-27 12:09:44.504,20,20,20,0.00,0.0000,-0.0026,0.0081,0.0070,-0.1912,0.9815,0.0675,0.0729,-0.3847
2025-11-27 12:09:45.505,20,20,20,0.00,-0.0052,0.0052,0.0081,0.0070,-0.1912,0.9815,0.0675,0.0729,-0.3847
2025-11-27 12:09:46.506,20,20,20,0.00,0.0000,0.0000,0.0081,0.0070,-0.1912,0.9815,0.0675,0.0729,-0.3847
2025-11-27 12:09:47.504,20,20,20,0.00,0.0026,0.0000,0.0081,0.0070,-0.1912,0.9815,0.0675,0.0729,-0.3847
2025-11-27 12:09:48.505,20,20,20,0.00,0.0000,0.0026,0.0081,0.0070,-0.1912,0.9815,0.0675,0.0729,-0.3847
2025-11-27 12:09:49.506,20,20,20,0.00,-0.0052,0.0000,0.0081,0.0070,-0.1912,0.9815,0.0675,0.0729,-0.3847
2025-11-27 12:09:50.504,20,20,20,0.00,0.0052,0.0000,0.0081,0.0070,-0.1912,0.9815,0.0675,0.0729,-0.3847
2025-11-27 12:09:51.505,20,20,20,0.00,0.0000,0.0000,0.0081,0.0070,-0.1912,0.9815,0.0675,0.0729,-0.3847
2025-11-27 12:09:52.505,20,20,20,0.00,-0.0026,0.0052,0.0081,0.0070,-0.1912,0.9815,0.0675,0.0729,-0.3847
2025-11-27 12:09:53.504,19,20,20,0.00,0.0000,-0.0052,0.0081,0.0070,-0.1912,0.9815,0.0675,0.0729,-0.3847
2025-11-27 12:09:54.505,20,20,20,0.00,0.0000,0.0000,0.0081,0.0070,-0.1912,0.9815,0.0675,0.0729,-0.3847
2025-11-27 12:09:55.505,19,20,20,0.00,0.0000,0.0000,0.0081,0.0070,-0.1912,0.9815,0.0675,0.0729,-0.3847
2025-11-27 12:09:56.504,19,20,20,0.00,0.0000,0.0026,0.0081,0.0070,-0.1912,0.9815,0.0675,0.0729,-0.3847
2025-11-27 12:09:57.504,20,20,20,0.00,0.0052,0.0000,0.0081,0.0070,-0.1912,0.9815,0.0675,0.0729,-0.3847
2025-11-27 12:09:58.505,20,20,20,0.00,0.0000,0.0000,0.0081,0.0070,-0.1912,0.9815,0.0675,0.0729,-0.3847
2025-11-27 12:09:59.504,20,20,20,0.00,0.0000,-0.0026,0.0081,0.0070,-0.1912,0.9815,0.0675,0.0729,-0.3847
2025-11-27 12:10:00.505,19,20,20,0.00,0.0000,0.0026,0.0081,0.0070,-0.1912,0.9815,0.0675,0.0729,-0.3847
2025-11-27 12:10:01.504,19,20,20,0.00,0.0000,-0.0052,0.0081,0.0070,-0.1912,0.9815,0.0675,0.0729,-0.3847
2025-11-27 12:10:02.505,20,20,20,0.00,0.0026,0.0000,0.0081,0.0070,-0.1912,0.9815,0.0675,0.0729,-0.3847
2025-11-27 12:10:03.504,20,20,20,0.00,0.0000,0.0000,0.0081,0.0070,-0.1912,0.9815,0.0676,0.0729,-0.3847
2025-11-27 12:10:04.504,20,20,20,0.00,0.0000,0.0000,0.0081,0.0070,-0.1912,0.9815,0.0676,0.0729,-0.3847
2025-11-27 12:10:05.505,20,20,20,0.00,0.0000,0.0026,0.0081,0.0070,-0.1912,0.9815,0.0676,0.0729,-0.3847
2025-11-27 12:10:06.504,20,20,20,0.00,0.0000,0.0000,0.0081,0.0070,-0.1912,0.9815,0.0676,0.0729,-0.3847
2025-11-27 12:10:07.504,20,20,20,0.00,0.0000,0.0000,0.0081,0.0070,-0.1912,0.9815,0.0676,0.0729,-0.3847
2025-11-27 12:10:08.505,20,20,20,0.00,0.0000,0.0000,0.0081,0.0070,-0.1912,0.9815,0.0676,0.0729,-0.3847
2025-11-27 12:10:09.504,20,20,20,0.00,0.0000,0.0000,0.0081,0.0070,-0.1912,0.9815,0.0676,0.0729,-0.3847
2025-11-27 12:10:10.505,20,20,20,0.00,0.0000,0.0000,0.0081,0.0070,-0.1912,0.9815,0.0676,0.0729,-0.3847
2025-11-27 12:10:11.504,20,20,20,0.00,0.0000,0.0052,0.0081,0.0070,-0.1912,0.9815,0.0676,0.0729,-0.3847
2025-11-27 12:10:12.504,20,20,20,0.00,0.0026,0.0104,0.0081,0.0070,-0.1912,0.9815,0.0676,0.0729,-0.3847
2025-11-27 12:10:13.505,20,20,20,0.00,0.0000,-0.0026,0.0081,0.0070,-0.1912,0.9815,0.0676,0.0729,-0.3847
2025-11-27 12:10:14.506,19,20,20,0.00,0.0000,0.0000,0.0081,0.0070,-0.1912,0.9815,0.0676,0.0729,-0.3847
2025-11-27 12:10:15.504,20,20,20,0.00,-0.0026,-0.0026,0.0081,0.0070,-0.1912,0.9815,0.0676,0.0729,-0.3847
2025-11-27 12:10:16.504,20,20,20,0.00,0.0000,0.0000,0.0081,0.0070,-0.1912,0.9815,0.0676,0.0729,-0.3847
2025-11-27 12:10:17.504,20,20,20,0.00,0.0000,-0.0026,0.0081,0.0070,-0.1912,0.9815,0.0676,0.0729,-0.3847
2025-11-27 12:10:18.505,19,20,20,0.00,0.0000,0.0079,0.0081,0.0070,-0.1912,0.9815,0.0676,0.0729,-0.3847
2025-11-27 12:10:19.504,19,20,20,0.00,-0.0026,0.0000,0.0081,0.0070,-0.1912,0.9815,0.0676,0.0729,-0.3847
2025-11-27 12:10:20.506,20,20,20,0.00,0.0000,0.0000,0.0081,0.0070,-0.1912,0.9815,0.0676,0.0729,-0.3847
2025-11-27 12:10:21.504,20,20,20,0.00,0.0026,0.0000,0.0081,0.0070,-0.1912,0.9815,0.0676,0.0729,-0.3847
2025-11-27 12:10:22.505,20,20,20,0.00,0.0026,-0.0026,0.0081,0.0070,-0.1912,0.9815,0.0676,0.0729,-0.3847
2025-11-27 12:10:23.505,20,20,20,0.00,0.0000,-0.0026,0.0081,0.0070,-0.1912,0.9815,0.0676,0.0729,-0.3847
2025-11-27 12:10:24.505,20,20,20,0.00,0.0000,-0.0026,0.0081,0.0070,-0.1912,0.9815,0.0676,0.0729,-0.3847
2025-11-27 12:10:25.505,20,20,20,0.00,-0.0026,0.0026,0.0081,0.0070,-0.1912,0.9815,0.0676,0.0729,-0.3847
2025-11-27 12:10:26.506,20,20,20,0.00,0.0026,0.0079,0.0081,0.0070,-0.1912,0.9815,0.0676,0.0729,-0.3847
2025-11-27 12:10:27.505,20,20,20,0.00,0.0026,0.0000,0.0081,0.0070,-0.1912,0.9815,0.0676,0.0729,-0.3847
2025-11-27 12:10:28.504,20,20,20,0.00,0.0000,0.0052,0.0081,0.0070,-0.1912,0.9815,0.0676,0.0729,-0.3847
2025-11-27 12:10:29.504,20,20,20,0.00,0.0026,0.0052,0.0081,0.0070,-0.1912,0.9815,0.0676,0.0729,-0.3847
2025-11-27 12:10:30.505,20,20,20,0.00,0.0000,0.0000,0.0081,0.0070,-0.1912,0.9815,0.0676,0.0729,-0.3847
2025-11-27 12:10:31.505,20,20,20,0.00,0.0000,0.0000,0.0081,0.0070,-0.1912,0.9815,0.0676,0.0729,-0.3847
2025-11-27 12:10:32.506,20,20,20,0.00,0.0000,-0.0026,0.0081,0.0070,-0.1912,0.9815,0.0676,0.0729,-0.3847
2025-11-27 12:10:33.504,19,20,20,0.00,0.0026,-0.0026,0.0081,0.0070,-0.1912,0.9815,0.0676,0.0729,-0.3847
2025-11-27 12:10:34.507,20,20,20,0.00,0.0026,0.0026,0.0081,0.0070,-0.1912,0.9815,0.0676,0.0729,-0.3847
2025-11-27 12:10:35.505,20,20,20,0.00,0.0000,-0.0052,0.0081,0.0070,-0.1912,0.9815,0.0676,0.0729,-0.3847
2025-11-27 12:10:36.504,20,20,20,0.00,0.0052,0.0000,0.0081,0.0070,-0.1912,0.9815,0.0676,0.0729,-0.3847
2025-11-27 12:10:37.504,20,20,20,0.00,0.0000,-0.0026,0.0081,0.0070,-0.1912,0.9815,0.0676,0.0729,-0.3847
2025-11-27 12:10:38.505,20,20,20,0.00,-0.0052,-0.0052,0.0081,0.0070,-0.1912,0.9815,0.0676,0.0729,-0.3847
2025-11-27 12:10:39.504,20,20,20,0.00,0.0000,0.0000,0.0081,0.0070,-0.1912,0.9815,0.0677,0.0729,-0.3847
2025-11-27 12:10:40.504,20,20,20,0.00,0.0000,0.0079,0.0081,0.0070,-0.1912,0.9815,0.0677,0.0729,-0.3847
2025-11-27 12:10:41.505,19,20,20,0.00,0.0000,0.0000,0.0081,0.0070,-0.1912,0.9815,0.0677,0.0728,-0.3847
2025-11-27 12:10:42.504,20,20,20,0.00,0.0026,-0.0104,0.0081,0.0070,-0.1912,0.9815,0.0677,0.0728,-0.3847
2025-11-27 12:10:43.504,20,20,20,0.00,-0.0052,0.0000,0.0081,0.0070,-0.1912,0.9815,0.0677,0.0729,-0.3847
2025-11-27 12:10:44.505,20,20,20,0.00,0.0000,0.0079,0.0081,0.0070,-0.1912,0.9815,0.0677,0.0729,-0.3847
2025-11-27 12:10:45.505,20,20,20,0.00,0.0000,0.0000,0.0081,0.0070,-0.1912,0.9815,0.0677,0.0729,-0.3847
2025-11-27 12:10:46.504,20,20,20,0.00,0.0000,-0.0026,0.0081,0.0070,-0.1912,0.9815,0.0677,0.0729,-0.3847
2025-11-27 12:10:47.504,20,20,20,0.00,0.0000,0.0000,0.0081,0.0070,-0.1912,0.9815,0.0677,0.0729,-0.3847
2025-11-27 12:10:48.505,20,20,20,0.00,-0.0026,0.0000,0.0081,0.0070,-0.1912,0.9815,0.0677,0.0729,-0.3847
2025-11-27 12:10:49.504,20,20,20,0.00,0.0000,0.0052,0.0081,0.0070,-0.1912,0.9815,0.0677,0.0729,-0.3847
2025-11-27 12:10:50.504,20,20,20,0.00,0.0026,0.0052,0.0081,0.0070,-0.1912,0.9815,0.0676,0.0729,-0.3847
2025-11-27 12:10:51.505,20,20,20,0.00,-0.0026,0.0000,0.0081,0.0070,-0.1912,0.9815,0.0677,0.0729,-0.3847
2025-11-27 12:10:52.505,20,20,20,0.00,-0.0079,0.0026,0.0081,0.0070,-0.1912,0.9815,0.0677,0.0729,-0.3847
2025-11-27 12:10:53.504,20,20,20,0.00,0.0000,-0.0026,0.0081,0.0070,-0.1912,0.9815,0.0676,0.0729,-0.3847
2025-11-27 12:10:54.505,20,20,20,0.00,0.0000,-0.0052,0.0081,0.0070,-0.1912,0.9815,0.0676,0.0729,-0.3847
2025-11-27 12:10:55.505,20,20,20,0.00,0.0000,0.0000,0.0081,0.0070,-0.1912,0.9815,0.0676,0.0729,-0.3847
2025-11-27 12:10:56.505,20,20,20,0.00,0.0000,-0.0026,0.0081,0.0070,-0.1912,0.9815,0.0676,0.0729,-0.3847
2025-11-27 12:10:57.504,20,20,20,0.00,0.0000,0.0000,0.0081,0.0070,-0.1912,0.9815,0.0676,0.0729,-0.3847
2025-11-27 12:10:58.505,20,20,20,0.00,-0.0026,-0.0157,0.0081,0.0070,-0.1912,0.9815,0.0676,0.0729,-0.3847
2025-11-27 12:10:59.504,20,20,20,0.00,0.0000,0.0000,0.0081,0.0070,-0.1912,0.9815,0.0676,0.0729,-0.3847
2025-11-27 12:11:00.506,20,20,20,0.00,0.0000,0.0000,0.0081,0.0070,-0.1912,0.9815,0.0676,0.0729,-0.3847
2025-11-27 12:11:01.505,20,20,20,0.00,0.0000,0.0000,0.0081,0.0070,-0.1912,0.9815,0.0676,0.0729,-0.3847
2025-11-27 12:11:02.505,20,20,20,0.00,0.0000,0.0026,0.0081,0.0070,-0.1912,0.9815,0.0676,0.0729,-0.3847
2025-11-27 12:11:03.504,20,20,20,0.00,-0.0026,0.0000,0.0081,0.0070,-0.1912,0.9815,0.0676,0.0729,-0.3847
2025-11-27 12:11:04.505,20,20,20,0.00,0.0000,0.0000,0.0081,0.0070,-0.1912,0.9815,0.0676,0.0729,-0.3847
2025-11-27 12:11:05.504,20,20,20,0.00,0.0000,0.0000,0.0081,0.0070,-0.1912,0.9815,0.0676,0.0729,-0.3847
2025-11-27 12:11:06.504,19,20,20,0.00,0.0026,0.0026,0.0081,0.0070,-0.1912,0.9815,0.0676,0.0729,-0.3847
2025-11-27 12:11:07.505,20,20,20,0.00,0.0000,0.0026,0.0081,0.0070,-0.1912,0.9815,0.0676,0.0729,-0.3847
2025-11-27 12:11:08.506,20,20,20,0.00,-0.0026,0.0000,0.0081,0.0070,-0.1912,0.9815,0.0676,0.0729,-0.3847
2025-11-27 12:11:09.504,20,20,20,0.00,0.0000,-0.0026,0.0081,0.0070,-0.1912,0.9815,0.0676,0.0729,-0.3847
2025-11-27 12:11:10.505,19,20,20,0.00,-0.0026,-0.0026,0.0081,0.0070,-0.1912,0.9815,0.0676,0.0729,-0.3847
2025-11-27 12:11:11.505,20,20,20,0.00,-0.0026,-0.0052,0.0081,0.0070,-0.1912,0.9815,0.0676,0.0729,-0.3847
2025-11-27 12:11:12.504,20,20,20,0.00,0.0000,-0.0026,0.0081,0.0070,-0.1912,0.9815,0.0676,0.0729,-0.3847
2025-11-27 12:11:13.504,20,20,20,0.00,0.0000,-0.0026,0.0081,0.0070,-0.1912,0.9815,0.0676,0.0729,-0.3847
2025-11-27 12:11:14.505,20,20,20,0.00,-0.0026,0.0000,0.0081,0.0070,-0.1912,0.9815,0.0676,0.0729,-0.3847
2025-11-27 12:11:15.504,20,20,20,0.00,0.0000,0.0026,0.0081,0.0070,-0.1912,0.9815,0.0676,0.0729,-0.3847
2025-11-27 12:11:16.506,20,20,20,0.00,0.0000,0.0000,0.0081,0.0070,-0.1912,0.9815,0.0676,0.0729,-0.3847
2025-11-27 12:11:17.504,19,20,20,0.00,0.0000,0.0026,0.0081,0.0070,-0.1912,0.9815,0.0676,0.0729,-0.3847
2025-11-27 12:11:18.504,20,20,20,0.00,0.0026,0.0000,0.0081,0.0070,-0.1912,0.9815,0.0676,0.0729,-0.3847
2025-11-27 12:11:19.505,20,20,20,0.00,0.0000,0.0000,0.0081,0.0070,-0.1912,0.9815,0.0676,0.0729,-0.3847
2025-11-27 12:11:20.505,20,20,20,0.00,-0.0026,-0.0026,0.0081,0.0070,-0.1912,0.9815,0.0676,0.0729,-0.3847
2025-11-27 12:11:21.504,20,20,20,0.00,-0.0026,0.0000,0.0081,0.0070,-0.1912,0.9815,0.0676,0.0729,-0.3847
2025-11-27 12:11:22.504,20,20,20,0.00,-0.0052,0.0000,0.0081,0.0070,-0.1912,0.9815,0.0676,0.0729,-0.3847
2025-11-27 12:11:23.504,20,20,20,0.00,0.0000,-0.0026,0.0081,0.0070,-0.1912,0.9815,0.0676,0.0729,-0.3847
2025-11-27 12:11:24.504,20,20,20,0.00,0.0000,0.0000,0.0081,0.0070,-0.1912,0.9815,0.0676,0.0729,-0.3847
2025-11-27 12:11:25.504,20,20,20,0.00,0.0000,0.0000,0.0081,0.0070,-0.1912,0.9815,0.0676,0.0729,-0.3847
2025-11-27 12:11:26.504,20,20,20,0.00,0.0026,-0.0079,0.0081,0.0070,-0.1912,0.9815,0.0676,0.0729,-0.3847
2025-11-27 12:11:27.504,20,20,20,0.00,0.0000,-0.0026,0.0081,0.0070,-0.1912,0.9815,0.0676,0.0729,-0.3847
2025-11-27 12:11:28.504,19,20,20,0.00,0.0000,-0.0026,0.0081,0.0070,-0.1912,0.9815,0.0676,0.0729,-0.3847
2025-11-27 12:11:29.504,20,20,20,0.00,0.0000,0.0000,0.0081,0.0070,-0.1912,0.9815,0.0676,0.0729,-0.3847
2025-11-27 12:11:30.504,19,20,20,0.00,0.0000,0.0000,0.0081,0.0070,-0.1912,0.9815,0.0676,0.0729,-0.3847
2025-11-27 12:11:31.504,20,20,20,0.00,0.0000,0.0000,0.0081,0.0070,-0.1912,0.9815,0.0676,0.0729,-0.3847
2025-11-27 12:11:32.505,20,20,20,0.00,0.0000,0.0052,0.0081,0.0070,-0.1912,0.9815,0.0676,0.0729,-0.3847
2025-11-27 12:11:33.504,19,20,20,0.00,0.0000,-0.0026,0.0081,0.0070,-0.1912,0.9815,0.0676,0.0729,-0.3847
2025-11-27 12:11:34.504,19,20,20,0.00,-0.0052,0.0000,0.0081,0.0070,-0.1912,0.9815,0.0676,0.0729,-0.3847
2025-11-27 12:11:35.504,20,20,20,0.00,0.0000,0.0000,0.0081,0.0070,-0.1912,0.9815,0.0676,0.0729,-0.3847
2025-11-27 12:11:36.504,20,20,20,0.00,0.0000,-0.0026,0.0081,0.0070,-0.1912,0.9815,0.0676,0.0729,-0.3847
2025-11-27 12:11:37.504,19,20,20,0.00,-0.0052,-0.0104,0.0081,0.0070,-0.1912,0.9815,0.0676,0.0729,-0.3847
2025-11-27 12:11:38.504,17,20,20,0.00,0.0026,0.0026,0.0081,0.0070,-0.1912,0.9815,0.0675,0.0729,-0.3847
2025-11-27 12:11:39.504,20,20,20,0.00,0.0000,0.0000,0.0081,0.0070,-0.1912,0.9815,0.0676,0.0729,-0.3847
2025-11-27 12:11:40.504,20,20,20,0.00,0.0026,0.0026,0.0081,0.0070,-0.1912,0.9815,0.0676,0.0729,-0.3847
2025-11-27 12:11:41.504,20,20,20,0.00,0.0026,-0.0026,0.0081,0.0070,-0.1912,0.9815,0.0676,0.0729,-0.3847
2025-11-27 12:11:42.504,20,20,20,0.00,0.0000,0.0000,0.0081,0.0070,-0.1912,0.9815,0.0676,0.0729,-0.3847
2025-11-27 12:11:43.505,20,20,20,0.00,0.0000,0.0000,0.0081,0.0070,-0.1912,0.9815,0.0676,0.0729,-0.3847
2025-11-27 12:11:44.504,20,20,20,0.00,0.0000,0.0000,0.0081,0.0070,-0.1912,0.9815,0.0676,0.0729,-0.3847
2025-11-27 12:11:45.504,20,20,20,0.00,0.0000,-0.0052,0.0081,0.0070,-0.1912,0.9815,0.0675,0.0729,-0.3847
2025-11-27 12:11:46.505,20,20,20,0.00,0.0000,0.0000,0.0081,0.0070,-0.1912,0.9815,0.0675,0.0729,-0.3847
2025-11-27 12:11:47.505,20,20,20,0.00,0.0000,0.0000,0.0081,0.0070,-0.1912,0.9815,0.0676,0.0729,-0.3847
2025-11-27 12:11:48.504,20,20,20,0.00,0.0000,-0.0026,0.0081,0.0070,-0.1912,0.9815,0.0675,0.0729,-0.3847
2025-11-27 12:11:49.504,20,20,20,0.00,-0.0026,0.0000,0.0081,0.0070,-0.1912,0.9815,0.0675,0.0729,-0.3847
2025-11-27 12:11:50.504,20,20,20,0.00,0.0026,0.0000,0.0081,0.0070,-0.1912,0.9815,0.0675,0.0729,-0.3847
2025-11-27 12:11:51.504,20,20,20,0.00,0.0000,0.0052,0.0081,0.0070,-0.1912,0.9815,0.0675,0.0729,-0.3847
2025-11-27 12:11:52.504,20,20,20,0.00,-0.0052,-0.0026,0.0081,0.0070,-0.1912,0.9815,0.0675,0.0729,-0.3847
2025-11-27 12:11:53.504,20,20,20,0.00,0.0026,0.0000,0.0081,0.0070,-0.1912,0.9815,0.0675,0.0729,-0.3847
2025-11-27 12:11:54.504,20,20,20,0.00,-0.0026,0.0000,0.0081,0.0070,-0.1912,0.9815,0.0675,0.0729,-0.3847
2025-11-27 12:11:55.505,20,20,20,0.00,0.0052,0.0052,0.0081,0.0070,-0.1912,0.9815,0.0675,0.0729,-0.3847
2025-11-27 12:11:56.504,20,20,20,0.00,0.0026,-0.0026,0.0081,0.0070,-0.1912,0.9815,0.0675,0.0729,-0.3847
2025-11-27 12:11:57.505,20,20,20,0.00,0.0052,-0.0052,0.0081,0.0070,-0.1912,0.9815,0.0675,0.0729,-0.3847
2025-11-27 12:11:58.505,20,20,20,0.00,0.0026,0.0000,0.0081,0.0070,-0.1912,0.9815,0.0675,0.0729,-0.3847
2025-11-27 12:11:59.505,20,20,20,0.00,0.0000,0.0000,0.0081,0.0070,-0.1912,0.9815,0.0675,0.0729,-0.3847
2025-11-27 12:12:00.504,19,20,20,0.00,0.0000,0.0000,0.0081,0.0070,-0.1912,0.9815,0.0675,0.0729,-0.3847
2025-11-27 12:12:01.504,20,20,20,0.00,-0.0026,-0.0052,0.0081,0.0070,-0.1912,0.9815,0.0675,0.0729,-0.3847
2025-11-27 12:12:02.504,20,20,20,0.00,0.0000,0.0026,0.0081,0.0070,-0.1912,0.9815,0.0675,0.0729,-0.3847
2025-11-27 12:12:03.505,19,20,20,0.00,0.0000,-0.0026,0.0081,0.0070,-0.1912,0.9815,0.0674,0.0730,-0.3847
2025-11-27 12:12:04.505,20,20,20,0.00,-0.0026,0.0079,0.0081,0.0070,-0.1912,0.9815,0.0675,0.0730,-0.3847
2025-11-27 12:12:05.505,20,20,20,0.00,-0.0104,0.0000,0.0081,0.0070,-0.1912,0.9815,0.0675,0.0729,-0.3847
2025-11-27 12:12:06.504,18,20,20,0.00,0.0000,0.0000,0.0081,0.0070,-0.1912,0.9815,0.0675,0.0729,-0.3847
2025-11-27 12:12:07.505,20,20,20,0.00,0.0000,-0.0052,0.0082,0.0070,-0.1915,0.9814,0.0675,0.0729,-0.3853
2025-11-27 12:12:08.504,20,20,20,0.00,-0.0026,-0.0052,0.0083,0.0070,-0.1912,0.9815,0.0675,0.0730,-0.3847
2025-11-27 12:12:09.504,19,20,20,0.00,0.0052,0.0000,0.0081,0.0070,-0.1912,0.9815,0.0675,0.0730,-0.3847
2025-11-27 12:12:10.504,19,20,20,0.00,-0.0026,0.0000,0.0081,0.0070,-0.1912,0.9815,0.0675,0.0730,-0.3847
2025-11-27 12:12:11.504,20,20,20,0.00,0.0000,0.0000,0.0081,0.0070,-0.1912,0.9815,0.0674,0.0730,-0.3847
2025-11-27 12:12:12.504,20,20,20,0.00,0.0000,0.0000,0.0081,0.0070,-0.1912,0.9815,0.0674,0.0730,-0.3847
2025-11-27 12:12:13.504,20,20,20,0.00,-0.0026,-0.0052,0.0081,0.0070,-0.1912,0.9815,0.0674,0.0730,-0.3847
2025-11-27 12:12:14.504,20,20,20,0.00,0.0000,0.0000,0.0081,0.0070,-0.1912,0.9815,0.0674,0.0730,-0.3847
2025-11-27 12:12:15.504,20,20,20,0.00,0.0000,-0.0026,0.0081,0.0070,-0.1912,0.9815,0.0674,0.0730,-0.3847
2025-11-27 12:12:16.504,20,20,20,0.00,0.0026,0.0000,0.0081,0.0070,-0.1912,0.9815,0.0674,0.0730,-0.3847
2025-11-27 12:12:17.505,20,20,20,0.00,0.0000,-0.0026,0.0081,0.0070,-0.1912,0.9815,0.0674,0.0730,-0.3847
2025-11-27 12:12:18.504,20,20,20,0.00,0.0000,0.0026,0.0081,0.0070,-0.1912,0.9815,0.0674,0.0730,-0.3847
2025-11-27 12:12:19.504,20,20,20,0.00,-0.0052,-0.0026,0.0081,0.0070,-0.1912,0.9815,0.0674,0.0730,-0.3847
2025-11-27 12:12:20.504,20,20,20,0.00,0.0000,-0.0052,0.0081,0.0070,-0.1912,0.9815,0.0674,0.0730,-0.3847
2025-11-27 12:12:21.504,20,20,20,0.00,0.0000,0.0000,0.0081,0.0070,-0.1912,0.9815,0.0674,0.0730,-0.3847
2025-11-27 12:12:22.504,20,20,20,0.00,-0.0026,0.0079,0.0081,0.0070,-0.1912,0.9815,0.0674,0.0730,-0.3847
2025-11-27 12:12:23.505,19,20,20,0.00,-0.0026,0.0026,0.0081,0.0070,-0.1912,0.9815,0.0674,0.0730,-0.3847
2025-11-27 12:12:24.505,20,20,20,0.00,-0.0104,-0.0052,0.0081,0.0070,-0.1912,0.9815,0.0674,0.0730,-0.3847
2025-11-27 12:12:25.504,19,20,20,0.00,0.0000,0.0026,0.0081,0.0070,-0.1912,0.9815,0.0674,0.0730,-0.3847
2025-11-27 12:12:26.504,20,20,20,0.00,0.0000,-0.0026,0.0081,0.0070,-0.1912,0.9815,0.0674,0.0730,-0.3847
2025-11-27 12:12:27.504,20,20,20,0.00,0.0000,0.0052,0.0081,0.0070,-0.1912,0.9815,0.0674,0.0730,-0.3847
2025-11-27 12:12:28.504,20,20,20,0.00,0.0052,-0.0052,0.0081,0.0070,-0.1912,0.9815,0.0674,0.0730,-0.3847
2025-11-27 12:12:29.504,20,20,20,0.00,-0.0052,0.0000,0.0081,0.0070,-0.1912,0.9815,0.0674,0.0730,-0.3847
2025-11-27 12:12:30.506,19,20,20,0.00,-0.0052,0.0052,0.0081,0.0070,-0.1912,0.9815,0.0674,0.0730,-0.3847
2025-11-27 12:12:31.504,20,20,20,0.00,0.0000,0.0000,0.0081,0.0070,-0.1912,0.9815,0.0674,0.0730,-0.3847
2025-11-27 12:12:32.504,20,20,20,0.00,0.0000,0.0000,0.0081,0.0070,-0.1912,0.9815,0.0674,0.0730,-0.3847
2025-11-27 12:12:33.504,20,20,20,0.00,0.0026,0.0052,0.0081,0.0070,-0.1912,0.9815,0.0674,0.0730,-0.3847
2025-11-27 12:12:34.504,20,20,20,0.00,0.0000,-0.0026,0.0081,0.0070,-0.1912,0.9815,0.0674,0.0730,-0.3847
2025-11-27 12:12:35.504,20,20,20,0.00,0.0026,0.0000,0.0081,0.0070,-0.1912,0.9815,0.0674,0.0730,-0.3847
2025-11-27 12:12:36.504,20,20,20,0.00,-0.0052,0.0000,0.0081,0.0070,-0.1912,0.9815,0.0674,0.0730,-0.3847
2025-11-27 12:12:37.505,20,20,20,0.00,0.0052,0.0000,0.0081,0.0070,-0.1912,0.9815,0.0674,0.0730,-0.3847
2025-11-27 12:12:38.504,20,20,20,0.00,0.0000,0.0000,0.0081,0.0070,-0.1912,0.9815,0.0674,0.0730,-0.3847
2025-11-27 12:12:39.505,20,20,20,0.00,0.0000,0.0052,0.0081,0.0070,-0.1912,0.9815,0.0674,0.0730,-0.3847
2025-11-27 12:12:40.506,20,20,20,0.00,0.0000,0.0000,0.0081,0.0070,-0.1912,0.9815,0.0674,0.0730,-0.3847
2025-11-27 12:12:41.506,20,20,20,0.00,-0.0052,0.0026,0.0081,0.0070,-0.1912,0.9815,0.0674,0.0730,-0.3847
2025-11-27 12:12:42.504,20,20,20,0.00,0.0000,0.0000,0.0081,0.0070,-0.1912,0.9815,0.0674,0.0730,-0.3847
2025-11-27 12:12:43.505,20,20,20,0.00,0.0000,-0.0052,0.0081,0.0070,-0.1912,0.9815,0.0674,0.0730,-0.3847
2025-11-27 12:12:44.505,20,20,20,0.00,-0.0026,0.0000,0.0081,0.0070,-0.1912,0.9815,0.0674,0.0730,-0.3847
2025-11-27 12:12:45.504,20,20,20,0.00,0.0079,0.0000,0.0081,0.0070,-0.1912,0.9815,0.0674,0.0730,-0.3847
2025-11-27 12:12:46.505,20,20,20,0.00,-0.0026,0.0000,0.0081,0.0070,-0.1912,0.9815,0.0674,0.0730,-0.3847
2025-11-27 12:12:47.505,19,20,20,0.00,-0.0026,0.0000,0.0081,0.0070,-0.1912,0.9815,0.0674,0.0730,-0.3847
2025-11-27 12:12:48.505,20,20,20,0.00,0.0000,0.0000,0.0081,0.0070,-0.1912,0.9815,0.0674,0.0730,-0.3847
2025-11-27 12:12:49.505,20,20,20,0.00,0.0000,0.0000,0.0081,0.0070,-0.1912,0.9815,0.0674,0.0730,-0.3847
2025-11-27 12:12:50.504,20,20,20,0.00,0.0000,0.0000,0.0081,0.0070,-0.1912,0.9815,0.0674,0.0730,-0.3847
2025-11-27 12:12:51.504,20,20,20,0.00,-0.0026,0.0000,0.0081,0.0070,-0.1912,0.9815,0.0673,0.0730,-0.3847
2025-11-27 12:12:52.505,20,20,20,0.00,0.0000,-0.0079,0.0081,0.0070,-0.1912,0.9815,0.0673,0.0730,-0.3847
2025-11-27 12:12:53.505,20,20,20,0.00,0.0000,0.0000,0.0081,0.0070,-0.1912,0.9815,0.0673,0.0730,-0.3847
2025-11-27 12:12:54.505,20,20,20,0.00,0.0000,0.0000,0.0081,0.0070,-0.1912,0.9815,0.0673,0.0730,-0.3847
2025-11-27 12:12:55.504,20,20,20,0.00,0.0000,-0.0104,0.0081,0.0070,-0.1912,0.9815,0.0673,0.0730,-0.3847
2025-11-27 12:12:56.505,20,20,20,0.00,0.0000,-0.0052,0.0081,0.0070,-0.1912,0.9815,0.0674,0.0730,-0.3847
2025-11-27 12:12:57.504,20,20,20,0.00,0.0000,0.0000,0.0081,0.0070,-0.1912,0.9815,0.0674,0.0730,-0.3847
2025-11-27 12:12:58.505,20,20,20,0.00,-0.0052,0.0000,0.0081,0.0070,-0.1912,0.9815,0.0673,0.0730,-0.3847
2025-11-27 12:12:59.505,20,20,20,0.00,-0.0026,-0.0052,0.0081,0.0070,-0.1912,0.9815,0.0673,0.0730,-0.3847
2025-11-27 12:13:00.505,19,20,20,0.00,0.0000,0.0000,0.0081,0.0070,-0.1912,0.9815,0.0673,0.0730,-0.3847
2025-11-27 12:13:01.504,20,20,20,0.00,-0.0026,0.0000,0.0081,0.0070,-0.1912,0.9815,0.0673,0.0730,-0.3847
2025-11-27 12:13:02.504,20,20,20,0.00,-0.0026,0.0026,0.0081,0.0070,-0.1912,0.9815,0.0673,0.0730,-0.3847
2025-11-27 12:13:03.504,20,20,20,0.00,-0.0026,0.0000,0.0081,0.0070,-0.1912,0.9815,0.0673,0.0730,-0.3847
2025-11-27 12:13:04.504,20,20,20,0.00,0.0026,-0.0026,0.0081,0.0070,-0.1912,0.9815,0.0673,0.0730,-0.3847
2025-11-27 12:13:05.504,19,20,20,0.00,0.0079,0.0000,0.0081,0.0070,-0.1912,0.9815,0.0673,0.0730,-0.3847
2025-11-27 12:13:06.505,20,20,20,0.00,-0.0104,0.0000,0.0081,0.0070,-0.1912,0.9815,0.0673,0.0730,-0.3847
2025-11-27 12:13:07.505,20,20,20,0.00,0.0000,0.0052,0.0081,0.0070,-0.1912,0.9815,0.0673,0.0730,-0.3847
2025-11-27 12:13:08.505,20,20,20,0.00,0.0000,-0.0079,0.0081,0.0070,-0.1912,0.9815,0.0673,0.0730,-0.3847
2025-11-27 12:13:09.504,20,20,20,0.00,0.0000,0.0000,0.0081,0.0070,-0.1912,0.9815,0.0674,0.0730,-0.3847
2025-11-27 12:13:10.504,20,20,20,0.00,0.0000,-0.0026,0.0081,0.0070,-0.1912,0.9815,0.0674,0.0730,-0.3847
2025-11-27 12:13:11.504,20,20,20,0.00,0.0000,0.0000,0.0081,0.0070,-0.1912,0.9815,0.0674,0.0730,-0.3847
2025-11-27 12:13:12.504,20,20,20,0.00,0.0000,-0.0052,0.0081,0.0070,-0.1912,0.9815,0.0674,0.0730,-0.3847
2025-11-27 12:13:13.504,19,20,20,0.00,0.0000,-0.0026,0.0081,0.0070,-0.1912,0.9815,0.0674,0.0730,-0.3847
2025-11-27 12:13:14.505,20,20,20,0.00,0.0000,-0.0052,0.0081,0.0070,-0.1912,0.9815,0.0674,0.0730,-0.3847
2025-11-27 12:13:15.504,20,20,20,0.00,-0.0026,0.0026,0.0081,0.0070,-0.1912,0.9815,0.0674,0.0730,-0.3847
2025-11-27 12:13:16.504,20,20,20,0.00,0.0000,-0.0026,0.0081,0.0070,-0.1912,0.9815,0.0674,0.0730,-0.3847
2025-11-27 12:13:17.504,19,20,20,0.00,0.0000,0.0000,0.0081,0.0070,-0.1912,0.9815,0.0674,0.0730,-0.3847
2025-11-27 12:13:18.505,20,20,20,0.00,0.0000,0.0000,0.0081,0.0070,-0.1912,0.9815,0.0674,0.0730,-0.3847
2025-11-27 12:13:19.504,20,20,20,0.00,-0.0052,-0.0026,0.0081,0.0070,-0.1912,0.9815,0.0674,0.0730,-0.3847
2025-11-27 12:13:20.504,20,20,20,0.00,0.0026,0.0026,0.0081,0.0070,-0.1912,0.9815,0.0674,0.0730,-0.3847
2025-11-27 12:13:21.504,20,20,20,0.00,0.0000,0.0026,0.0081,0.0070,-0.1912,0.9815,0.0674,0.0730,-0.3847
2025-11-27 12:13:22.505,20,20,20,0.00,0.0000,-0.0026,0.0081,0.0070,-0.1912,0.9815,0.0674,0.0730,-0.3847
2025-11-27 12:13:23.504,20,20,20,0.00,0.0000,0.0000,0.0081,0.0070,-0.1912,0.9815,0.0674,0.0730,-0.3847
2025-11-27 12:13:24.505,20,20,20,0.00,-0.0026,-0.0026,0.0081,0.0070,-0.1912,0.9815,0.0674,0.0730,-0.3847
2025-11-27 12:13:25.505,20,20,20,0.00,-0.0026,0.0000,0.0081,0.0070,-0.1912,0.9815,0.0674,0.0730,-0.3847
2025-11-27 12:13:26.504,20,20,20,0.00,0.0000,0.0052,0.0081,0.0070,-0.1912,0.9815,0.0674,0.0730,-0.3847
2025-11-27 12:13:27.504,20,20,20,0.00,-0.0026,0.0000,0.0081,0.0070,-0.1912,0.9815,0.0674,0.0730,-0.3847
2025-11-27 12:13:28.504,20,20,20,0.00,0.0000,0.0000,0.0081,0.0070,-0.1912,0.9815,0.0674,0.0730,-0.3847
2025-11-27 12:13:29.504,20,20,20,0.00,-0.0026,0.0026,0.0081,0.0070,-0.1912,0.9815,0.0674,0.0730,-0.3847
2025-11-27 12:13:30.504,20,20,20,0.00,0.0000,0.0000,0.0081,0.0070,-0.1912,0.9815,0.0674,0.0730,-0.3847
2025-11-27 12:13:31.504,20,20,20,0.00,0.0000,0.0000,0.0081,0.0070,-0.1912,0.9815,0.0674,0.0730,-0.3847
2025-11-27 12:13:32.504,20,20,20,0.00,0.0052,0.0000,0.0081,0.0070,-0.1912,0.9815,0.0673,0.0730,-0.3847
2025-11-27 12:13:33.504,20,20,20,0.00,-0.0026,0.0026,0.0081,0.0070,-0.1912,0.9815,0.0673,0.0730,-0.3847
2025-11-27 12:13:34.504,20,20,20,0.00,0.0000,-0.0052,0.0081,0.0070,-0.1912,0.9815,0.0673,0.0730,-0.3847
2025-11-27 12:13:35.505,20,20,20,0.00,0.0052,-0.0052,0.0081,0.0070,-0.1912,0.9815,0.0673,0.0730,-0.3847
2025-11-27 12:13:36.506,20,20,20,0.00,-0.0026,0.0000,0.0081,0.0070,-0.1912,0.9815,0.0673,0.0730,-0.3847
2025-11-27 12:13:37.504,20,20,20,0.00,0.0052,-0.0052,0.0081,0.0070,-0.1912,0.9815,0.0674,0.0730,-0.3847
2025-11-27 12:13:38.505,20,20,20,0.00,0.0052,0.0000,0.0081,0.0070,-0.1912,0.9815,0.0674,0.0730,-0.3847
2025-11-27 12:13:39.504,19,20,20,0.00,0.0000,0.0052,0.0081,0.0070,-0.1912,0.9815,0.0674,0.0730,-0.3847
2025-11-27 12:13:40.504,20,20,20,0.00,-0.0052,0.0000,0.0081,0.0070,-0.1912,0.9815,0.0674,0.0730,-0.3847
2025-11-27 12:13:41.504,19,20,20,0.00,0.0026,0.0026,0.0081,0.0070,-0.1912,0.9815,0.0674,0.0730,-0.3847
2025-11-27 12:13:42.505,20,20,20,0.00,0.0000,-0.0026,0.0081,0.0070,-0.1912,0.9815,0.0674,0.0730,-0.3847
2025-11-27 12:13:43.505,20,20,20,0.00,-0.0026,0.0000,0.0081,0.0070,-0.1912,0.9815,0.0674,0.0730,-0.3847
2025-11-27 12:13:44.505,20,20,20,0.00,0.0000,0.0000,0.0081,0.0070,-0.1912,0.9815,0.0674,0.0730,-0.3847
2025-11-27 12:13:45.504,20,20,20,0.00,0.0026,0.0000,0.0081,0.0070,-0.1912,0.9815,0.0674,0.0730,-0.3847
2025-11-27 12:13:46.504,20,20,20,0.00,-0.0026,0.0052,0.0081,0.0070,-0.1912,0.9815,0.0674,0.0730,-0.3847
2025-11-27 12:13:47.504,20,20,20,0.00,-0.0079,0.0026,0.0081,0.0070,-0.1912,0.9815,0.0674,0.0730,-0.3847
2025-11-27 12:13:48.505,20,20,20,0.00,0.0026,0.0000,0.0081,0.0070,-0.1912,0.9815,0.0674,0.0730,-0.3847
2025-11-27 12:13:49.504,20,20,20,0.00,0.0000,-0.0052,0.0081,0.0070,-0.1912,0.9815,0.0674,0.0730,-0.3847
2025-11-27 12:13:50.505,20,20,20,0.00,0.0026,0.0026,0.0081,0.0070,-0.1912,0.9815,0.0674,0.0730,-0.3847
2025-11-27 12:13:51.505,20,20,20,0.00,0.0000,-0.0026,0.0081,0.0070,-0.1912,0.9815,0.0674,0.0730,-0.3847
2025-11-27 12:13:52.504,20,20,20,0.00,0.0000,0.0000,0.0081,0.0070,-0.1912,0.9815,0.0674,0.0730,-0.3847
2025-11-27 12:13:53.504,20,20,20,0.00,0.0026,0.0000,0.0081,0.0070,-0.1912,0.9815,0.0674,0.0730,-0.3847
2025-11-27 12:13:54.504,20,20,20,0.00,0.0000,0.0000,0.0081,0.0070,-0.1912,0.9815,0.0674,0.0730,-0.3847
2025-11-27 12:13:55.505,20,20,20,0.00,-0.0026,0.0000,0.0081,0.0070,-0.1912,0.9815,0.0674,0.0730,-0.3847
2025-11-27 12:13:56.505,20,20,20,0.00,0.0000,0.0000,0.0081,0.0070,-0.1912,0.9815,0.0674,0.0730,-0.3847
2025-11-27 12:13:57.504,20,20,20,0.00,0.0079,0.0000,0.0081,0.0070,-0.1912,0.9815,0.0674,0.0730,-0.3847
2025-11-27 12:13:58.504,20,20,20,0.00,0.0000,0.0026,0.0081,0.0070,-0.1912,0.9815,0.0674,0.0730,-0.3847
2025-11-27 12:13:59.504,20,20,20,0.00,0.0000,0.0000,0.0081,0.0070,-0.1912,0.9815,0.0674,0.0730,-0.3847
2025-11-27 12:14:00.504,20,20,20,0.00,0.0000,0.0000,0.0081,0.0070,-0.1912,0.9815,0.0674,0.0730,-0.3847
2025-11-27 12:14:01.504,20,20,20,0.00,0.0000,0.0026,0.0081,0.0070,-0.1912,0.9815,0.0674,0.0730,-0.3847
2025-11-27 12:14:02.504,20,20,20,0.00,-0.0026,0.0000,0.0081,0.0070,-0.1912,0.9815,0.0674,0.0730,-0.3847
2025-11-27 12:14:03.504,20,20,20,0.00,0.0052,0.0052,0.0081,0.0070,-0.1912,0.9815,0.0674,0.0730,-0.3847
2025-11-27 12:14:04.505,19,20,20,0.00,0.0052,0.0000,0.0081,0.0070,-0.1912,0.9815,0.0674,0.0730,-0.3847
2025-11-27 12:14:05.504,20,20,20,0.00,0.0026,-0.0026,0.0081,0.0070,-0.1912,0.9815,0.0674,0.0730,-0.3847
2025-11-27 12:14:06.505,20,20,20,0.00,-0.0026,0.0000,0.0081,0.0070,-0.1912,0.9815,0.0674,0.0730,-0.3847
2025-11-27 12:14:07.505,20,20,20,0.00,0.0026,0.0026,0.0081,0.0070,-0.1912,0.9815,0.0674,0.0730,-0.3847
2025-11-27 12:14:08.504,20,20,20,0.00,0.0079,0.0000,0.0081,0.0070,-0.1912,0.9815,0.0674,0.0730,-0.3847
2025-11-27 12:14:09.504,20,20,20,0.00,-0.0026,0.0000,0.0081,0.0070,-0.1912,0.9815,0.0674,0.0730,-0.3847
2025-11-27 12:14:10.505,20,20,20,0.00,0.0026,0.0000,0.0081,0.0070,-0.1912,0.9815,0.0674,0.0730,-0.3847
2025-11-27 12:14:11.504,20,20,20,0.00,-0.0026,0.0052,0.0081,0.0070,-0.1912,0.9815,0.0674,0.0730,-0.3847
2025-11-27 12:14:12.504,20,20,20,0.00,0.0000,0.0000,0.0081,0.0070,-0.1912,0.9815,0.0674,0.0730,-0.3847
2025-11-27 12:14:13.505,20,20,20,0.00,0.0000,0.0052,0.0081,0.0070,-0.1912,0.9815,0.0674,0.0730,-0.3847
2025-11-27 12:14:14.505,20,20,20,0.00,-0.0052,0.0000,0.0081,0.0070,-0.1912,0.9815,0.0674,0.0730,-0.3847
2025-11-27 12:14:15.505,20,20,20,0.00,0.0104,-0.0026,0.0081,0.0070,-0.1912,0.9815,0.0674,0.0730,-0.3847
2025-11-27 12:14:16.505,20,20,20,0.00,0.0000,0.0000,0.0081,0.0070,-0.1912,0.9815,0.0674,0.0730,-0.3847
2025-11-27 12:14:17.504,20,20,20,0.00,0.0000,0.0000,0.0081,0.0070,-0.1912,0.9815,0.0674,0.0730,-0.3847
2025-11-27 12:14:18.504,19,20,20,0.00,0.0000,-0.0052,0.0081,0.0070,-0.1912,0.9815,0.0674,0.0730,-0.3847
2025-11-27 12:14:19.504,20,20,20,0.00,0.0052,-0.0026,0.0081,0.0070,-0.1912,0.9815,0.0674,0.0730,-0.3847
2025-11-27 12:14:20.504,20,20,20,0.00,-0.0026,0.0026,0.0081,0.0070,-0.1912,0.9815,0.0674,0.0730,-0.3847
2025-11-27 12:14:21.505,19,20,20,0.00,0.0000,0.0000,0.0081,0.0070,-0.1912,0.9815,0.0674,0.0730,-0.3847
2025-11-27 12:14:22.505,20,20,20,0.00,0.0026,0.0026,0.0081,0.0070,-0.1912,0.9815,0.0674,0.0730,-0.3847
2025-11-27 12:14:23.504,20,20,20,0.00,-0.0026,0.0026,0.0081,0.0070,-0.1912,0.9815,0.0674,0.0730,-0.3847
2025-11-27 12:14:24.505,20,20,20,0.00,0.0000,0.0000,0.0081,0.0070,-0.1912,0.9815,0.0674,0.0730,-0.3847
2025-11-27 12:14:25.504,20,20,20,0.00,0.0000,0.0000,0.0081,0.0070,-0.1912,0.9815,0.0674,0.0730,-0.3847
2025-11-27 12:14:26.504,19,20,20,0.00,0.0000,-0.0026,0.0081,0.0070,-0.1912,0.9815,0.0674,0.0730,-0.3847
2025-11-27 12:14:27.504,20,20,20,0.00,0.0000,-0.0026,0.0081,0.0070,-0.1912,0.9815,0.0674,0.0730,-0.3847
2025-11-27 12:14:28.505,20,20,20,0.00,-0.0052,0.0000,0.0081,0.0070,-0.1912,0.9815,0.0674,0.0730,-0.3847
2025-11-27 12:14:29.505,20,20,20,0.00,0.0000,0.0000,0.0081,0.0070,-0.1912,0.9815,0.0674,0.0730,-0.3847
2025-11-27 12:14:30.505,20,20,20,0.00,0.0000,0.0026,0.0081,0.0070,-0.1912,0.9815,0.0674,0.0730,-0.3847
2025-11-27 12:14:31.505,20,20,20,0.00,0.0000,0.0000,0.0081,0.0070,-0.1912,0.9815,0.0674,0.0730,-0.3847
2025-11-27 12:14:32.505,20,20,20,0.00,-0.0026,0.0026,0.0081,0.0070,-0.1912,0.9815,0.0674,0.0730,-0.3847
2025-11-27 12:14:33.504,20,20,20,0.00,-0.0026,0.0026,0.0081,0.0070,-0.1912,0.9815,0.0674,0.0730,-0.3847
2025-11-27 12:14:34.505,18,20,20,0.00,0.0000,0.0000,0.0081,0.0070,-0.1912,0.9815,0.0674,0.0730,-0.3847
2025-11-27 12:14:35.504,20,20,20,0.00,-0.0026,0.0000,0.0081,0.0070,-0.1912,0.9815,0.0674,0.0730,-0.3847
2025-11-27 12:14:36.504,20,20,20,0.00,0.0000,0.0000,0.0081,0.0070,-0.1912,0.9815,0.0674,0.0730,-0.3847
2025-11-27 12:14:37.504,19,20,20,0.00,-0.0052,0.0000,0.0081,0.0070,-0.1912,0.9815,0.0674,0.0730,-0.3847
2025-11-27 12:14:38.504,20,20,20,0.00,0.0000,0.0000,0.0081,0.0070,-0.1912,0.9815,0.0674,0.0730,-0.3847
2025-11-27 12:14:39.504,20,20,20,0.00,0.0000,-0.0026,0.0081,0.0070,-0.1912,0.9815,0.0674,0.0730,-0.3847
2025-11-27 12:14:40.504,20,20,20,0.00,0.0000,0.0026,0.0081,0.0070,-0.1912,0.9815,0.0674,0.0730,-0.3847
2025-11-27 12:14:41.505,20,20,20,0.00,0.0000,-0.0026,0.0081,0.0070,-0.1912,0.9815,0.0674,0.0730,-0.3847
2025-11-27 12:14:42.504,20,20,20,0.00,0.0026,0.0052,0.0081,0.0070,-0.1912,0.9815,0.0674,0.0730,-0.3847
2025-11-27 12:14:43.504,20,20,20,0.00,0.0000,0.0000,0.0081,0.0070,-0.1912,0.9815,0.0674,0.0730,-0.3847
2025-11-27 12:14:44.504,20,20,20,0.00,0.0000,0.0000,0.0081,0.0070,-0.1912,0.9815,0.0674,0.0730,-0.3847
2025-11-27 12:14:45.504,20,20,20,0.00,0.0000,0.0000,0.0081,0.0070,-0.1912,0.9815,0.0674,0.0730,-0.3847
2025-11-27 12:14:46.505,20,20,20,0.00,0.0000,0.0052,0.0081,0.0070,-0.1912,0.9815,0.0674,0.0730,-0.3847
2025-11-27 12:14:47.504,20,20,20,0.00,0.0000,0.0000,0.0081,0.0070,-0.1912,0.9815,0.0674,0.0730,-0.3847
2025-11-27 12:14:48.504,20,20,20,0.00,0.0026,0.0026,0.0081,0.0070,-0.1912,0.9815,0.0674,0.0730,-0.3847
2025-11-27 12:14:49.504,20,20,20,0.00,0.0000,0.0000,0.0081,0.0070,-0.1912,0.9815,0.0674,0.0730,-0.3847
2025-11-27 12:14:50.505,20,20,20,0.00,0.0000,0.0000,0.0081,0.0070,-0.1912,0.9815,0.0674,0.0730,-0.3847
2025-11-27 12:14:51.504,19,20,20,0.00,0.0000,-0.0026,0.0081,0.0070,-0.1912,0.9815,0.0674,0.0730,-0.3847
2025-11-27 12:14:52.505,20,20,20,0.00,0.0000,0.0000,0.0081,0.0070,-0.1912,0.9815,0.0674,0.0730,-0.3847
2025-11-27 12:14:53.505,20,20,20,0.00,0.0000,0.0000,0.0081,0.0070,-0.1912,0.9815,0.0674,0.0730,-0.3847
2025-11-27 12:14:54.505,20,20,20,0.00,0.0052,0.0026,0.0081,0.0070,-0.1912,0.9815,0.0674,0.0730,-0.3847
2025-11-27 12:14:55.504,20,20,20,0.00,-0.0026,0.0026,0.0081,0.0070,-0.1912,0.9815,0.0674,0.0730,-0.3847
2025-11-27 12:14:56.505,20,20,20,0.00,0.0000,0.0000,0.0081,0.0070,-0.1912,0.9815,0.0674,0.0730,-0.3847
2025-11-27 12:14:57.504,20,20,20,0.00,-0.0026,-0.0026,0.0081,0.0070,-0.1912,0.9815,0.0674,0.0730,-0.3847
2025-11-27 12:14:58.505,20,20,20,0.00,0.0000,0.0000,0.0081,0.0070,-0.1912,0.9815,0.0674,0.0730,-0.3847
2025-11-27 12:14:59.504,20,20,20,0.00,-0.0026,0.0000,0.0081,0.0070,-0.1912,0.9815,0.0674,0.0730,-0.3847
2025-11-27 12:15:00.504,20,20,20,0.00,0.0000,0.0000,0.0081,0.0070,-0.1912,0.9815,0.0674,0.0730,-0.3847
2025-11-27 12:15:01.505,20,20,20,0.00,-0.0104,0.0000,0.0081,0.0070,-0.1912,0.9815,0.0674,0.0730,-0.3847
2025-11-27 12:15:02.505,19,20,20,0.00,-0.0026,-0.0104,0.0081,0.0070,-0.1912,0.9815,0.0674,0.0730,-0.3847
2025-11-27 12:15:03.504,20,20,20,0.00,-0.0026,-0.0052,0.0081,0.0070,-0.1912,0.9815,0.0674,0.0730,-0.3847
2025-11-27 12:15:04.504,20,20,20,0.00,-0.0026,0.0000,0.0000,0.0000,0.0000,0.0000,0.0674,0.0730,nan
2025-11-27 12:15:05.504,20,20,20,0.00,0.0000,0.0000,0.0081,0.0070,-0.1912,0.9815,0.0674,0.0730,-0.3847
2025-11-27 12:15:06.504,20,20,20,0.00,-0.0026,0.0052,0.0081,0.0070,-0.1912,0.9815,0.0674,0.0730,-0.3847
2025-11-27 12:15:07.504,20,20,20,0.00,-0.0026,0.0026,0.0081,0.0070,-0.1912,0.9815,0.0674,0.0730,-0.3847
2025-11-27 12:15:08.505,20,20,20,0.00,0.0000,0.0026,0.0081,0.0070,-0.1912,0.9815,0.0674,0.0730,-0.3847
2025-11-27 12:15:09.504,20,20,20,0.00,0.0000,0.0000,0.0081,0.0070,-0.1912,0.9815,0.0674,0.0730,-0.3847
2025-11-27 12:15:10.505,20,20,20,0.00,0.0000,0.0026,0.0081,0.0070,-0.1912,0.9815,0.0674,0.0730,-0.3847
2025-11-27 12:15:11.505,20,20,20,0.00,0.0000,0.0000,0.0081,0.0070,-0.1912,0.9815,0.0674,0.0730,-0.3847
2025-11-27 12:15:12.504,19,20,20,0.00,-0.0026,0.0000,0.0081,0.0070,-0.1912,0.9815,0.0674,0.0730,-0.3847
2025-11-27 12:15:13.505,20,20,20,0.00,0.0000,0.0026,0.0081,0.0070,-0.1912,0.9815,0.0674,0.0730,-0.3847
2025-11-27 12:15:14.504,20,20,20,0.00,0.0000,-0.0026,0.0081,0.0070,-0.1912,0.9815,0.0674,0.0730,-0.3847
2025-11-27 12:15:15.505,19,20,20,0.00,0.0026,-0.0026,0.0081,0.0070,-0.1912,0.9815,0.0674,0.0730,-0.3847
2025-11-27 12:15:16.505,20,20,20,0.00,0.0000,0.0000,0.0081,0.0070,-0.1912,0.9815,0.0674,0.0730,-0.3847
2025-11-27 12:15:17.504,20,20,20,0.00,0.0000,0.0000,0.0081,0.0070,-0.1912,0.9815,0.0674,0.0730,-0.3847
2025-11-27 12:15:18.504,20,20,20,0.00,-0.0026,0.0000,0.0081,0.0070,-0.1912,0.9815,0.0674,0.0730,-0.3847
2025-11-27 12:15:19.504,20,20,20,0.00,-0.0026,0.0026,0.0081,0.0070,-0.1912,0.9815,0.0674,0.0730,-0.3847
2025-11-27 12:15:20.504,20,20,20,0.00,0.0026,0.0000,0.0081,0.0070,-0.1912,0.9815,0.0674,0.0730,-0.3847
2025-11-27 12:15:21.505,20,20,20,0.00,0.0000,0.0000,0.0081,0.0070,-0.1912,0.9815,0.0674,0.0730,-0.3847
2025-11-27 12:15:22.504,20,20,20,0.00,-0.0079,0.0000,0.0081,0.0070,-0.1912,0.9815,0.0674,0.0730,-0.3847
2025-11-27 12:15:23.505,19,20,20,0.00,0.0000,0.0000,0.0081,0.0070,-0.1912,0.9815,0.0674,0.0730,-0.3847
2025-11-27 12:15:24.504,20,20,20,0.00,0.0000,-0.0026,0.0081,0.0070,-0.1912,0.9815,0.0674,0.0730,-0.3847
2025-11-27 12:15:25.504,19,20,20,0.00,0.0000,0.0000,0.0081,0.0070,-0.1912,0.9815,0.0674,0.0730,-0.3847
2025-11-27 12:15:26.504,20,20,20,0.00,0.0000,0.0000,0.0081,0.0070,-0.1912,0.9815,0.0674,0.0730,-0.3847
2025-11-27 12:15:27.504,20,20,20,0.00,0.0104,-0.0026,0.0081,0.0070,-0.1912,0.9815,0.0674,0.0730,-0.3847
2025-11-27 12:15:28.504,20,20,20,0.00,0.0000,0.0000,0.0081,0.0070,-0.1912,0.9815,0.0674,0.0730,-0.3847
2025-11-27 12:15:29.504,20,20,20,0.00,0.0000,-0.0052,0.0081,0.0070,-0.1912,0.9815,0.0674,0.0730,-0.3847
2025-11-27 12:15:30.504,20,20,20,0.00,-0.0052,0.0000,0.0081,0.0070,-0.1912,0.9815,0.0674,0.0730,-0.3847
2025-11-27 12:15:31.504,20,20,20,0.00,0.0000,0.0000,0.0081,0.0070,-0.1912,0.9815,0.0674,0.0730,-0.3847
2025-11-27 12:15:32.505,20,20,20,0.00,0.0000,0.0000,0.0081,0.0070,-0.1912,0.9815,0.0674,0.0730,-0.3847
2025-11-27 12:15:33.505,20,20,20,0.00,0.0000,0.0000,0.0081,0.0070,-0.1912,0.9815,0.0674,0.0730,-0.3847
2025-11-27 12:15:34.506,20,20,20,0.00,0.0000,0.0052,0.0081,0.0070,-0.1912,0.9815,0.0674,0.0730,-0.3847
2025-11-27 12:15:35.504,20,20,20,0.00,-0.0026,-0.0026,0.0081,0.0070,-0.1912,0.9815,0.0674,0.0730,-0.3847
2025-11-27 12:15:36.504,20,20,20,0.00,0.0000,0.0000,0.0081,0.0070,-0.1912,0.9815,0.0674,0.0730,-0.3847
2025-11-27 12:15:37.504,19,20,20,0.00,0.0000,0.0000,0.0081,0.0070,-0.1912,0.9815,0.0674,0.0730,-0.3847
2025-11-27 12:15:38.505,20,20,20,0.00,0.0000,0.0026,0.0081,0.0070,-0.1912,0.9815,0.0674,0.0730,-0.3847
2025-11-27 12:15:39.504,20,20,20,0.00,0.0000,0.0000,0.0081,0.0070,-0.1912,0.9815,0.0674,0.0730,-0.3847
2025-11-27 12:15:40.505,20,20,20,0.00,0.0026,0.0000,0.0081,0.0070,-0.1912,0.9815,0.0674,0.0730,-0.3847
2025-11-27 12:15:41.504,20,20,20,0.00,0.0000,0.0000,0.0081,0.0070,-0.1912,0.9815,0.0674,0.0730,-0.3847
2025-11-27 12:15:42.506,20,20,20,0.00,-0.0026,0.0000,0.0081,0.0070,-0.1912,0.9815,0.0674,0.0730,-0.3847
2025-11-27 12:15:43.504,20,20,20,0.00,0.0000,0.0052,0.0081,0.0070,-0.1912,0.9815,0.0674,0.0730,-0.3847
2025-11-27 12:15:44.504,19,20,20,0.00,0.0000,0.0052,0.0081,0.0070,-0.1912,0.9815,0.0674,0.0730,-0.3847
2025-11-27 12:15:45.504,20,20,20,0.00,0.0000,0.0026,0.0081,0.0070,-0.1912,0.9815,0.0673,0.0730,-0.3847
2025-11-27 12:15:46.504,20,20,20,0.00,0.0000,-0.0052,0.0081,0.0070,-0.1912,0.9815,0.0673,0.0730,-0.3847
2025-11-27 12:15:47.505,20,20,20,0.00,0.0000,0.0000,0.0081,0.0070,-0.1912,0.9815,0.0673,0.0730,-0.3847
2025-11-27 12:15:48.505,20,20,20,0.00,0.0026,0.0000,0.0081,0.0070,-0.1912,0.9815,0.0673,0.0730,-0.3847
2025-11-27 12:15:49.505,19,20,20,0.00,0.0000,0.0026,0.0081,0.0070,-0.1912,0.9815,0.0673,0.0730,-0.3847
2025-11-27 12:15:50.504,20,20,20,0.00,0.0000,-0.0026,0.0081,0.0070,-0.1912,0.9815,0.0673,0.0730,-0.3847
2025-11-27 12:15:51.505,20,20,20,0.00,0.0000,0.0000,0.0081,0.0070,-0.1912,0.9815,0.0673,0.0730,-0.3847
2025-11-27 12:15:52.504,20,20,20,0.00,0.0000,0.0026,0.0081,0.0070,-0.1912,0.9815,0.0673,0.0730,-0.3847
2025-11-27 12:15:53.504,18,20,20,0.00,0.0000,0.0000,0.0081,0.0070,-0.1912,0.9815,0.0673,0.0730,-0.3847
2025-11-27 12:15:54.504,20,20,20,0.00,-0.0026,0.0026,0.0081,0.0070,-0.1912,0.9815,0.0673,0.0730,-0.3847
2025-11-27 12:15:55.505,20,20,20,0.00,0.0026,0.0052,0.0081,0.0070,-0.1912,0.9815,0.0673,0.0730,-0.3847
2025-11-27 12:15:56.506,20,20,20,0.00,-0.0026,-0.0026,0.0081,0.0070,-0.1912,0.9815,0.0673,0.0730,-0.3847
2025-11-27 12:15:57.505,19,20,20,0.00,0.0000,-0.0026,0.0081,0.0070,-0.1912,0.9815,0.0673,0.0730,-0.3847
2025-11-27 12:15:58.505,19,20,20,0.00,0.0000,0.0000,0.0081,0.0070,-0.1912,0.9815,0.0673,0.0730,-0.3847
2025-11-27 12:15:59.505,20,20,20,0.00,0.0026,0.0000,0.0081,0.0070,-0.1912,0.9815,0.0673,0.0730,-0.3847
2025-11-27 12:16:00.506,20,20,20,0.00,-0.0104,0.0000,0.0081,0.0070,-0.1912,0.9815,0.0673,0.0730,-0.3847
2025-11-27 12:16:01.506,20,20,20,0.00,0.0026,-0.0052,0.0081,0.0070,-0.1912,0.9815,0.0673,0.0730,-0.3847
2025-11-27 12:16:02.505,20,20,20,0.00,0.0000,-0.0026,0.0081,0.0070,-0.1912,0.9815,0.0673,0.0730,-0.3847
2025-11-27 12:16:03.505,20,20,20,0.00,0.0000,0.0000,0.0081,0.0070,-0.1912,0.9815,0.0673,0.0730,-0.3847
2025-11-27 12:16:04.506,20,20,20,0.00,-0.0026,0.0026,0.0081,0.0070,-0.1912,0.9815,0.0673,0.0730,-0.3847
2025-11-27 12:16:05.506,20,20,20,0.00,0.0000,0.0000,0.0081,0.0070,-0.1912,0.9815,0.0673,0.0730,-0.3847
2025-11-27 12:16:06.504,20,20,20,0.00,0.0000,0.0000,0.0081,0.0070,-0.1912,0.9815,0.0673,0.0730,-0.3847
2025-11-27 12:16:07.504,20,20,20,0.00,0.0000,0.0000,0.0081,0.0070,-0.1912,0.9815,0.0673,0.0730,-0.3847
2025-11-27 12:16:08.505,20,20,20,0.00,0.0026,0.0000,0.0081,0.0070,-0.1912,0.9815,0.0673,0.0730,-0.3847
2025-11-27 12:16:09.504,20,20,20,0.00,0.0026,-0.0026,0.0081,0.0070,-0.1912,0.9815,0.0673,0.0730,-0.3847
2025-11-27 12:16:10.504,20,20,20,0.00,-0.0026,0.0000,0.0081,0.0070,-0.1912,0.9815,0.0673,0.0730,-0.3847
2025-11-27 12:16:11.504,20,20,20,0.00,0.0000,-0.0026,0.0081,0.0070,-0.1912,0.9815,0.0673,0.0730,-0.3847
2025-11-27 12:16:12.505,20,20,20,0.00,0.0000,0.0000,0.0081,0.0070,-0.1912,0.9815,0.0673,0.0730,-0.3847
2025-11-27 12:16:13.505,19,20,20,0.00,0.0000,0.0000,0.0081,0.0070,-0.1912,0.9815,0.0673,0.0730,-0.3847
2025-11-27 12:16:14.504,20,20,20,0.00,0.0000,0.0000,0.0081,0.0070,-0.1912,0.9815,0.0673,0.0730,-0.3847
2025-11-27 12:16:15.505,20,20,20,0.00,0.0000,-0.0026,0.0081,0.0070,-0.1912,0.9815,0.0673,0.0730,-0.3847
2025-11-27 12:16:16.506,20,20,20,0.00,0.0000,0.0026,0.0081,0.0070,-0.1912,0.9815,0.0673,0.0730,-0.3847
2025-11-27 12:16:17.505,20,20,20,0.00,-0.0026,0.0000,0.0081,0.0070,-0.1912,0.9815,0.0673,0.0730,-0.3847
2025-11-27 12:16:18.505,20,20,20,0.00,0.0026,0.0026,0.0081,0.0070,-0.1912,0.9815,0.0673,0.0730,-0.3847
2025-11-27 12:16:19.505,20,20,20,0.00,0.0026,0.0000,0.0081,0.0070,-0.1912,0.9815,0.0673,0.0730,-0.3847
2025-11-27 12:16:20.504,19,20,20,0.00,0.0000,0.0000,0.0081,0.0070,-0.1912,0.9815,0.0673,0.0730,-0.3847
2025-11-27 12:16:21.504,19,20,20,0.00,0.0000,0.0026,0.0081,0.0070,-0.1912,0.9815,0.0673,0.0730,-0.3847
2025-11-27 12:16:22.505,20,20,20,0.00,0.0000,0.0026,0.0081,0.0070,-0.1912,0.9815,0.0673,0.0730,-0.3847
2025-11-27 12:16:23.506,20,20,20,0.00,0.0000,0.0000,0.0081,0.0070,-0.1912,0.9815,0.0673,0.0730,-0.3847
2025-11-27 12:16:24.506,20,20,20,0.00,-0.0052,0.0000,0.0081,0.0070,-0.1912,0.9815,0.0673,0.0730,-0.3847
2025-11-27 12:16:25.505,20,20,20,0.00,0.0052,0.0000,0.0081,0.0070,-0.1912,0.9815,0.0673,0.0730,-0.3847
2025-11-27 12:16:26.505,20,20,20,0.00,-0.0052,0.0000,0.0081,0.0070,-0.1912,0.9815,0.0673,0.0730,-0.3847
2025-11-27 12:16:27.505,20,20,20,0.00,-0.0026,0.0000,0.0081,0.0070,-0.1912,0.9815,0.0673,0.0730,-0.3847
2025-11-27 12:16:28.505,20,20,20,0.00,0.0000,0.0026,0.0081,0.0070,-0.1912,0.9815,0.0673,0.0730,-0.3847
2025-11-27 12:16:29.505,19,20,20,0.00,0.0026,0.0026,0.0081,0.0070,-0.1912,0.9815,0.0673,0.0730,-0.3847
2025-11-27 12:16:30.505,20,20,20,0.00,-0.0052,0.0000,0.0081,0.0070,-0.1912,0.9815,0.0673,0.0730,-0.3847
2025-11-27 12:16:31.505,20,20,20,0.00,0.0000,0.0000,0.0081,0.0070,-0.1912,0.9815,0.0673,0.0730,-0.3847
2025-11-27 12:16:32.504,20,20,20,0.00,-0.0026,-0.0026,0.0081,0.0070,-0.1912,0.9815,0.0673,0.0730,-0.3847
2025-11-27 12:16:33.506,20,20,20,0.00,0.0000,0.0000,0.0081,0.0070,-0.1912,0.9815,0.0673,0.0730,-0.3847
2025-11-27 12:16:34.505,20,20,20,0.00,0.0000,0.0000,0.0081,0.0070,-0.1912,0.9815,0.0673,0.0730,-0.3847
2025-11-27 12:16:35.504,20,20,20,0.00,0.0000,0.0000,0.0081,0.0070,-0.1912,0.9815,0.0673,0.0730,-0.3847
2025-11-27 12:16:36.504,20,20,20,0.00,0.0000,0.0000,0.0081,0.0070,-0.1912,0.9815,0.0673,0.0730,-0.3847
2025-11-27 12:16:37.504,20,20,20,0.00,-0.0052,0.0000,0.0081,0.0070,-0.1912,0.9815,0.0673,0.0730,-0.3847
2025-11-27 12:16:38.504,20,20,20,0.00,-0.0052,0.0052,0.0081,0.0070,-0.1912,0.9815,0.0673,0.0730,-0.3847
2025-11-27 12:16:39.505,19,20,20,0.00,0.0000,0.0000,0.0081,0.0070,-0.1912,0.9815,0.0673,0.0730,-0.3847
2025-11-27 12:16:40.505,19,20,20,0.00,0.0000,0.0000,0.0081,0.0070,-0.1912,0.9815,0.0673,0.0730,-0.3847
2025-11-27 12:16:41.504,20,20,20,0.00,0.0000,0.0026,0.0081,0.0070,-0.1912,0.9815,0.0673,0.0730,-0.3847
2025-11-27 12:16:42.504,19,20,20,0.00,0.0026,0.0026,0.0081,0.0070,-0.1912,0.9815,0.0673,0.0730,-0.3847
2025-11-27 12:16:43.504,20,20,20,0.00,0.0000,0.0000,0.0081,0.0070,-0.1912,0.9815,0.0673,0.0730,-0.3847
2025-11-27 12:16:44.504,20,20,20,0.00,0.0000,0.0026,0.0081,0.0070,-0.1912,0.9815,0.0673,0.0730,-0.3847
2025-11-27 12:16:45.505,20,20,20,0.00,0.0000,0.0026,0.0081,0.0070,-0.1912,0.9815,0.0674,0.0730,-0.3847
2025-11-27 12:16:46.505,18,20,20,0.00,-0.0026,0.0000,0.0081,0.0070,-0.1912,0.9815,0.0674,0.0730,-0.3847
2025-11-27 12:16:47.506,20,20,20,0.00,0.0000,-0.0079,0.0081,0.0070,-0.1912,0.9815,0.0674,0.0730,-0.3847
2025-11-27 12:16:48.504,20,20,20,0.00,0.0000,0.0000,0.0081,0.0070,-0.1912,0.9815,0.0674,0.0730,-0.3847
2025-11-27 12:16:49.504,20,20,20,0.00,0.0000,0.0052,0.0081,0.0070,-0.1912,0.9815,0.0674,0.0730,-0.3847
2025-11-27 12:16:50.504,20,20,20,0.00,0.0052,0.0000,0.0081,0.0070,-0.1912,0.9815,0.0674,0.0730,-0.3847
2025-11-27 12:16:51.505,20,20,20,0.00,0.0000,-0.0026,0.0081,0.0070,-0.1912,0.9815,0.0674,0.0730,-0.3847
2025-11-27 12:16:52.505,20,20,20,0.00,0.0026,0.0000,0.0081,0.0070,-0.1912,0.9815,0.0674,0.0730,-0.3847
2025-11-27 12:16:53.505,19,20,20,0.00,-0.0026,0.0000,0.0081,0.0072,-0.1912,0.9815,0.0674,0.0730,-0.3847
2025-11-27 12:16:54.504,20,20,20,0.00,-0.0026,0.0000,0.0079,0.0072,-0.1912,0.9815,0.0674,0.0730,-0.3847
2025-11-27 12:16:55.504,20,20,20,0.00,0.0000,0.0000,0.0078,0.0072,-0.1912,0.9815,0.0674,0.0730,-0.3847
2025-11-27 12:16:56.505,20,20,20,0.00,0.0602,-0.0288,0.0081,0.0066,-0.1903,0.9816,0.0507,0.0797,-0.3829
2025-11-27 12:16:57.504,20,20,20,0.00,0.9189,-0.1466,0.0078,0.0063,-0.1580,0.9873,0.0278,0.0882,-0.3173
2025-11-27 12:16:58.504,20,20,20,0.00,1.1178,0.0026,0.0095,0.0069,-0.1469,0.9890,0.0194,0.0908,-0.2948
2025-11-27 12:16:59.504,19,20,20,0.00,0.5943,-0.2435,0.0101,0.0075,-0.0679,0.9976,-0.0148,0.0989,-0.1358
2025-11-27 12:17:00.505,20,20,20,0.00,0.0000,-0.5864,0.0097,0.0083,-0.0715,0.9973,-0.0221,0.0999,-0.1430
2025-11-27 12:17:01.505,20,20,20,0.00,0.1989,-0.0707,0.0091,0.0078,-0.0787,0.9968,-0.0277,0.1007,-0.1574
2025-11-27 12:17:02.504,20,20,20,0.00,0.0000,-0.0393,0.0086,0.0075,-0.0727,0.9972,-0.0394,0.1025,-0.1454
2025-11-27 12:17:03.504,19,20,20,0.00,0.0000,-0.0052,0.0086,0.0075,-0.0727,0.9972,-0.0395,0.1025,-0.1454
2025-11-27 12:17:04.504,19,20,20,0.00,0.0000,0.0000,0.0086,0.0075,-0.0727,0.9972,-0.0395,0.1025,-0.1454
2025-11-27 12:17:05.504,20,20,20,0.00,0.0000,0.0000,0.0086,0.0075,-0.0727,0.9972,-0.0395,0.1025,-0.1454
2025-11-27 12:17:06.504,19,20,20,0.00,0.0000,0.0079,0.0086,0.0075,-0.0727,0.9972,-0.0395,0.1025,-0.1454
2025-11-27 12:17:07.504,20,20,20,0.00,0.0052,0.0000,0.0086,0.0075,-0.0727,0.9972,-0.0395,0.1025,-0.1454
2025-11-27 12:17:08.504,20,20,20,0.00,0.0000,-0.0052,0.0086,0.0075,-0.0727,0.9972,-0.0395,0.1025,-0.1454
2025-11-27 12:17:09.504,20,20,20,0.00,0.0000,-0.0052,0.0086,0.0075,-0.0727,0.9972,-0.0395,0.1025,-0.1454
2025-11-27 12:17:10.505,20,20,20,0.00,0.0000,0.0000,0.0086,0.0075,-0.0727,0.9972,-0.0395,0.1025,-0.1454
2025-11-27 12:17:11.504,20,20,20,0.00,0.0000,0.0000,0.0086,0.0075,-0.0727,0.9972,-0.0395,0.1025,-0.1454
2025-11-27 12:17:12.504,20,20,20,0.00,-0.0026,0.0000,0.0086,0.0075,-0.0727,0.9972,-0.0395,0.1025,-0.1454
2025-11-27 12:17:13.504,20,20,20,0.00,0.0000,0.0000,0.0086,0.0075,-0.0727,0.9972,-0.0395,0.1025,-0.1454
2025-11-27 12:17:14.505,19,20,20,0.00,0.0026,0.0000,0.0086,0.0075,-0.0727,0.9972,-0.0396,0.1025,-0.1454
2025-11-27 12:17:15.504,20,20,20,0.00,0.0000,-0.0052,0.0086,0.0075,-0.0727,0.9972,-0.0396,0.1025,-0.1454
2025-11-27 12:17:16.505,19,20,20,0.00,0.0026,0.0052,0.0086,0.0075,-0.0727,0.9972,-0.0396,0.1025,-0.1454
2025-11-27 12:17:17.504,20,20,20,0.00,0.0000,0.0000,0.0086,0.0075,-0.0727,0.9972,-0.0396,0.1025,-0.1454
2025-11-27 12:17:18.505,20,20,20,0.00,0.0026,0.0000,0.0086,0.0075,-0.0727,0.9972,-0.0396,0.1025,-0.1454
2025-11-27 12:17:19.506,20,20,20,0.00,-0.0026,0.0000,0.0086,0.0075,-0.0727,0.9972,-0.0396,0.1025,-0.1454
2025-11-27 12:17:20.505,20,20,20,0.00,0.0000,-0.0026,0.0086,0.0075,-0.0727,0.9972,-0.0396,0.1025,-0.1454
2025-11-27 12:17:21.504,20,20,20,0.00,0.0000,0.0000,0.0086,0.0075,-0.0727,0.9972,-0.0396,0.1025,-0.1454
2025-11-27 12:17:22.504,20,20,20,0.00,0.0000,0.0026,0.0086,0.0075,-0.0727,0.9972,-0.0396,0.1025,-0.1454
2025-11-27 12:17:23.504,20,20,20,0.00,0.0026,-0.0026,0.0086,0.0075,-0.0727,0.9972,-0.0396,0.1025,-0.1454
2025-11-27 12:17:24.505,20,20,20,0.00,0.0000,0.0000,0.0086,0.0075,-0.0727,0.9972,-0.0396,0.1025,-0.1454
2025-11-27 12:17:25.504,20,20,20,0.00,0.0026,0.0000,0.0086,0.0075,-0.0727,0.9972,-0.0396,0.1025,-0.1454
2025-11-27 12:17:26.504,20,20,20,0.00,0.0026,0.0000,0.0086,0.0075,-0.0727,0.9972,-0.0396,0.1025,-0.1454
2025-11-27 12:17:27.504,20,20,20,0.00,0.0000,-0.0052,0.0086,0.0075,-0.0727,0.9972,-0.0396,0.1025,-0.1454
2025-11-27 12:17:28.505,20,20,20,0.00,0.0000,0.0000,0.0086,0.0075,-0.0727,0.9972,-0.0396,0.1025,-0.1454
2025-11-27 12:17:29.504,20,20,20,0.00,0.0026,0.0026,0.0086,0.0075,-0.0727,0.9972,-0.0396,0.1025,-0.1454
2025-11-27 12:17:30.506,20,17,20,0.00,0.0052,0.0000,0.0086,0.0075,-0.0727,0.9972,-0.0396,0.1025,-0.1454
2025-11-27 12:17:31.505,11,20,20,0.00,0.0052,-0.0026,0.0086,0.0075,-0.0727,0.9972,-0.0396,0.1025,-0.1454
2025-11-27 12:17:32.504,20,20,20,0.00,0.0000,0.0000,0.0086,0.0075,-0.0727,0.9972,-0.0396,0.1025,-0.1454
2025-11-27 12:17:33.506,20,20,20,0.00,0.0026,0.0000,0.0086,0.0075,-0.0727,0.9972,-0.0396,0.1025,-0.1454
2025-11-27 12:17:34.506,20,20,20,0.00,-0.0026,-0.0026,0.0086,0.0075,-0.0727,0.9972,-0.0396,0.1025,-0.1454
2025-11-27 12:17:35.505,20,20,20,0.00,-0.0026,0.0026,0.0086,0.0075,-0.0727,0.9972,-0.0396,0.1025,-0.1454
2025-11-27 12:17:36.505,20,20,20,0.00,0.0000,0.0026,0.0086,0.0075,-0.0727,0.9972,-0.0396,0.1025,-0.1454
2025-11-27 12:17:37.506,20,20,20,0.00,0.0000,-0.0026,0.0086,0.0075,-0.0727,0.9972,-0.0396,0.1025,-0.1454
2025-11-27 12:17:38.505,20,20,20,0.00,0.0026,0.0000,0.0086,0.0075,-0.0727,0.9972,-0.0396,0.1025,-0.1454
2025-11-27 12:17:39.505,20,20,20,0.00,0.0000,-0.0052,0.0086,0.0075,-0.0727,0.9972,-0.0396,0.1025,-0.1454
2025-11-27 12:17:40.505,20,20,20,0.00,0.0052,0.0000,0.0086,0.0075,-0.0727,0.9972,-0.0396,0.1025,-0.1454
2025-11-27 12:17:41.504,19,20,20,0.00,0.0000,0.0000,0.0086,0.0075,-0.0727,0.9972,-0.0396,0.1025,-0.1454
2025-11-27 12:17:42.505,19,20,20,0.00,0.0026,0.0000,0.0086,0.0075,-0.0727,0.9972,-0.0396,0.1026,-0.1454
2025-11-27 12:17:43.505,20,20,20,0.00,0.0000,0.0000,0.0086,0.0075,-0.0727,0.9972,-0.0396,0.1026,-0.1454
2025-11-27 12:17:44.505,19,20,20,0.00,0.0000,0.0052,0.0086,0.0075,-0.0727,0.9972,-0.0396,0.1026,-0.1454
2025-11-27 12:17:45.505,20,20,20,0.00,0.0026,0.0000,0.0086,0.0075,-0.0727,0.9972,-0.0396,0.1026,-0.1454
2025-11-27 12:17:46.505,20,20,20,0.00,-0.0026,0.0000,0.0086,0.0075,-0.0727,0.9972,-0.0396,0.1026,-0.1454
2025-11-27 12:17:47.504,20,20,20,0.00,-0.0026,-0.0026,0.0086,0.0075,-0.0727,0.9972,-0.0396,0.1026,-0.1454
2025-11-27 12:17:48.504,20,20,20,0.00,0.0000,0.0000,0.0086,0.0075,-0.0727,0.9972,-0.0396,0.1026,-0.1454
2025-11-27 12:17:49.505,20,20,20,0.00,-0.0026,0.0026,0.0086,0.0075,-0.0727,0.9972,-0.0397,0.1026,-0.1454
2025-11-27 12:17:50.504,20,20,20,0.00,0.0000,0.0000,0.0086,0.0075,-0.0727,0.9972,-0.0397,0.1026,-0.1454
2025-11-27 12:17:51.504,19,20,20,0.00,0.0000,0.0000,0.0086,0.0075,-0.0727,0.9972,-0.0397,0.1026,-0.1454
2025-11-27 12:17:52.504,20,20,20,0.00,0.0026,0.0000,0.0086,0.0075,-0.0727,0.9972,-0.0397,0.1026,-0.1454
2025-11-27 12:17:53.504,20,20,20,0.00,-0.0079,0.0000,0.0086,0.0075,-0.0727,0.9972,-0.0397,0.1026,-0.1454
2025-11-27 12:17:54.505,20,20,20,0.00,0.0026,-0.0026,0.0086,0.0075,-0.0727,0.9972,-0.0397,0.1026,-0.1454
2025-11-27 12:17:55.504,19,20,20,0.00,0.0052,0.0000,0.0086,0.0075,-0.0727,0.9972,-0.0397,0.1026,-0.1454
2025-11-27 12:17:56.504,20,20,20,0.00,0.0000,-0.0026,0.0086,0.0075,-0.0727,0.9972,-0.0397,0.1026,-0.1454
2025-11-27 12:17:57.504,19,20,20,0.00,0.0000,-0.0052,0.0086,0.0075,-0.0727,0.9972,-0.0397,0.1026,-0.1454
2025-11-27 12:17:58.504,18,20,20,0.00,0.0000,0.0000,0.0086,0.0075,-0.0727,0.9972,-0.0397,0.1026,-0.1454
2025-11-27 12:17:59.506,20,20,20,0.00,0.0026,-0.0026,0.0086,0.0075,-0.0727,0.9972,-0.0397,0.1026,-0.1454
2025-11-27 12:18:00.504,19,20,20,0.00,0.0000,-0.0026,0.0086,0.0075,-0.0727,0.9972,-0.0397,0.1026,-0.1454
2025-11-27 12:18:01.505,20,20,20,0.00,0.0052,0.0000,0.0086,0.0075,-0.0727,0.9972,-0.0397,0.1026,-0.1454
2025-11-27 12:18:02.504,20,20,20,0.00,0.0026,-0.0052,0.0086,0.0075,-0.0727,0.9972,-0.0397,0.1026,-0.1454
2025-11-27 12:18:03.504,20,20,20,0.00,0.0131,0.0000,0.0086,0.0075,-0.0727,0.9972,-0.0397,0.1026,-0.1454
2025-11-27 12:18:04.505,20,20,20,0.00,0.0000,-0.0026,0.0086,0.0075,-0.0727,0.9972,-0.0398,0.1026,-0.1454
2025-11-27 12:18:05.504,20,20,20,0.00,0.0000,0.0026,0.0086,0.0075,-0.0727,0.9972,-0.0398,0.1026,-0.1454
2025-11-27 12:18:06.504,20,20,20,0.00,-0.0026,0.0000,0.0086,0.0075,-0.0727,0.9972,-0.0398,0.1026,-0.1454
2025-11-27 12:18:07.505,20,20,20,0.00,0.0000,0.0026,0.0086,0.0075,-0.0727,0.9972,-0.0398,0.1026,-0.1454
2025-11-27 12:18:08.504,19,20,20,0.00,0.0000,0.0000,0.0086,0.0075,-0.0727,0.9972,-0.0398,0.1026,-0.1454
2025-11-27 12:18:09.505,20,20,20,0.00,0.0000,0.0000,0.0086,0.0075,-0.0727,0.9972,-0.0398,0.1026,-0.1454
2025-11-27 12:18:10.505,20,20,20,0.00,0.0026,0.0000,0.0086,0.0075,-0.0727,0.9972,-0.0398,0.1026,-0.1454
2025-11-27 12:18:11.505,20,20,20,0.00,0.0026,0.0000,0.0086,0.0075,-0.0727,0.9972,-0.0398,0.1026,-0.1454
2025-11-27 12:18:12.504,20,20,20,0.00,-0.0079,0.0000,0.0086,0.0075,-0.0727,0.9972,-0.0398,0.1026,-0.1454
2025-11-27 12:18:13.504,20,20,20,0.00,0.0000,-0.0026,0.0086,0.0075,-0.0727,0.9972,-0.0398,0.1026,-0.1454
2025-11-27 12:18:14.504,20,20,20,0.00,-0.0026,-0.0026,0.0086,0.0075,-0.0727,0.9972,-0.0398,0.1026,-0.1454
2025-11-27 12:18:15.504,20,20,20,0.00,0.0052,0.0000,0.0086,0.0075,-0.0727,0.9972,-0.0398,0.1026,-0.1454
2025-11-27 12:18:16.505,20,20,20,0.00,0.0000,0.0026,0.0086,0.0075,-0.0727,0.9972,-0.0398,0.1026,-0.1454
2025-11-27 12:18:17.504,20,20,20,0.00,0.0026,0.0000,0.0086,0.0075,-0.0727,0.9972,-0.0398,0.1026,-0.1454
2025-11-27 12:18:18.504,20,20,20,0.00,0.0000,0.0000,0.0086,0.0075,-0.0727,0.9972,-0.0398,0.1026,-0.1454
2025-11-27 12:18:19.504,20,20,20,0.00,0.0000,-0.0079,0.0086,0.0075,-0.0727,0.9972,-0.0398,0.1026,-0.1454
2025-11-27 12:18:20.504,19,20,20,0.00,-0.0026,0.0000,0.0086,0.0075,-0.0727,0.9972,-0.0398,0.1026,-0.1454
2025-11-27 12:18:21.505,20,20,20,0.00,0.0052,0.0000,0.0086,0.0075,-0.0727,0.9972,-0.0398,0.1026,-0.1454
2025-11-27 12:18:22.505,20,20,20,0.00,0.0026,0.0000,0.0086,0.0075,-0.0727,0.9972,-0.0398,0.1026,-0.1454
2025-11-27 12:18:23.504,20,20,20,0.00,0.0000,-0.0052,0.0086,0.0075,-0.0727,0.9972,-0.0398,0.1026,-0.1454
2025-11-27 12:18:24.505,20,20,20,0.00,-0.0026,0.0026,0.0086,0.0075,-0.0727,0.9972,-0.0398,0.1026,-0.1454
2025-11-27 12:18:25.504,20,20,20,0.00,0.0026,0.0052,0.0086,0.0075,-0.0727,0.9972,-0.0398,0.1026,-0.1454
2025-11-27 12:18:26.504,20,20,20,0.00,0.0000,0.0000,0.0086,0.0075,-0.0727,0.9972,-0.0398,0.1026,-0.1454
2025-11-27 12:18:27.504,20,20,20,0.00,-0.0026,0.0000,0.0086,0.0075,-0.0727,0.9972,-0.0398,0.1026,-0.1454
2025-11-27 12:18:28.504,20,20,20,0.00,0.0000,0.0000,0.0086,0.0075,-0.0727,0.9972,-0.0398,0.1026,-0.1454
2025-11-27 12:18:29.504,20,20,20,0.00,0.0000,0.0000,0.0086,0.0075,-0.0727,0.9972,-0.0398,0.1026,-0.1454
2025-11-27 12:18:30.504,20,20,20,0.00,0.0052,0.0026,0.0086,0.0075,-0.0727,0.9972,-0.0398,0.1026,-0.1454
2025-11-27 12:18:31.504,20,20,20,0.00,-0.0052,0.0000,0.0086,0.0075,-0.0727,0.9972,-0.0398,0.1026,-0.1454
2025-11-27 12:18:32.505,20,20,20,0.00,0.0026,0.0000,0.0086,0.0075,-0.0727,0.9972,-0.0398,0.1026,-0.1454
2025-11-27 12:18:33.504,20,20,20,0.00,0.0000,0.0000,0.0086,0.0075,-0.0727,0.9972,-0.0398,0.1026,-0.1454
2025-11-27 12:18:34.504,20,20,20,0.00,0.0000,0.0026,0.0086,0.0075,-0.0727,0.9972,-0.0398,0.1026,-0.1454
2025-11-27 12:18:35.504,19,20,20,0.00,0.0026,-0.0026,0.0086,0.0075,-0.0727,0.9972,-0.0398,0.1026,-0.1454
2025-11-27 12:18:36.504,19,20,20,0.00,0.0026,0.0000,0.0086,0.0075,-0.0727,0.9972,-0.0398,0.1026,-0.1454
2025-11-27 12:18:37.505,20,20,20,0.00,0.0026,0.0000,0.0086,0.0075,-0.0727,0.9972,-0.0398,0.1026,-0.1454
2025-11-27 12:18:38.504,20,20,20,0.00,0.0000,0.0000,0.0086,0.0075,-0.0727,0.9972,-0.0398,0.1026,-0.1454
2025-11-27 12:18:39.505,20,20,20,0.00,0.0104,0.0000,0.0086,0.0075,-0.0727,0.9972,-0.0398,0.1026,-0.1454
2025-11-27 12:18:40.504,20,20,20,0.00,0.0000,0.0000,0.0086,0.0075,-0.0727,0.9972,-0.0398,0.1026,-0.1454
2025-11-27 12:18:41.504,20,20,20,0.00,0.0000,0.0026,0.0086,0.0075,-0.0727,0.9972,-0.0398,0.1026,-0.1454
2025-11-27 12:18:42.505,20,20,20,0.00,0.0026,-0.0026,0.0086,0.0075,-0.0727,0.9972,-0.0398,0.1026,-0.1454
2025-11-27 12:18:43.505,20,20,20,0.00,0.0000,-0.0052,0.0086,0.0075,-0.0727,0.9972,-0.0398,0.1026,-0.1454
2025-11-27 12:18:44.505,20,20,20,0.00,0.0000,0.0000,0.0086,0.0075,-0.0727,0.9972,-0.0398,0.1026,-0.1454
2025-11-27 12:18:45.505,20,20,20,0.00,0.0000,0.0000,0.0086,0.0075,-0.0727,0.9972,-0.0398,0.1026,-0.1454
2025-11-27 12:18:46.504,20,20,20,0.00,0.0000,0.0052,0.0086,0.0075,-0.0727,0.9972,-0.0398,0.1026,-0.1454
2025-11-27 12:18:47.504,20,20,20,0.00,0.0000,-0.0026,0.0086,0.0075,-0.0727,0.9972,-0.0398,0.1026,-0.1454
2025-11-27 12:18:48.504,19,20,20,0.00,0.0000,0.0000,0.0086,0.0075,-0.0727,0.9972,-0.0398,0.1026,-0.1454
2025-11-27 12:18:49.504,20,20,20,0.00,0.0000,0.0000,0.0086,0.0075,-0.0727,0.9972,-0.0398,0.1026,-0.1454
2025-11-27 12:18:50.505,20,20,20,0.00,0.0000,-0.0026,0.0086,0.0075,-0.0727,0.9972,-0.0397,0.1026,-0.1454
2025-11-27 12:18:51.504,20,20,20,0.00,-0.0026,0.0000,0.0086,0.0075,-0.0727,0.9972,-0.0397,0.1026,-0.1454
2025-11-27 12:18:52.505,20,20,20,0.00,0.0000,-0.0052,0.0086,0.0075,-0.0727,0.9972,-0.0397,0.1026,-0.1454
2025-11-27 12:18:53.504,20,20,20,0.00,0.0026,0.0000,0.0086,0.0075,-0.0727,0.9972,-0.0398,0.1026,-0.1454
2025-11-27 12:18:54.505,20,20,20,0.00,0.0026,0.0026,0.0086,0.0075,-0.0727,0.9972,-0.0398,0.1026,-0.1454
2025-11-27 12:18:55.504,19,20,20,0.00,0.0000,0.0000,0.0086,0.0075,-0.0727,0.9972,-0.0398,0.1026,-0.1454
2025-11-27 12:18:56.504,20,20,20,0.00,0.0000,0.0000,0.0086,0.0075,-0.0727,0.9972,-0.0398,0.1026,-0.1454
2025-11-27 12:18:57.505,20,20,20,0.00,0.0000,0.0000,0.0086,0.0075,-0.0727,0.9972,-0.0398,0.1026,-0.1454
2025-11-27 12:18:58.504,18,20,20,0.00,0.0000,-0.0026,0.0086,0.0075,-0.0727,0.9972,-0.0398,0.1026,-0.1454
2025-11-27 12:18:59.504,20,20,20,0.00,0.0000,0.0000,0.0086,0.0075,-0.0727,0.9972,-0.0398,0.1026,-0.1454
2025-11-27 12:19:00.505,20,20,20,0.00,0.0000,0.0000,0.0086,0.0075,-0.0727,0.9972,-0.0398,0.1026,-0.1454
2025-11-27 12:19:01.505,19,20,20,0.00,0.0000,-0.0052,0.0086,0.0075,-0.0727,0.9972,-0.0398,0.1026,-0.1454
2025-11-27 12:19:02.504,20,20,20,0.00,0.0026,0.0000,0.0086,0.0075,-0.0727,0.9972,-0.0398,0.1026,-0.1454
2025-11-27 12:19:03.504,20,20,20,0.00,0.0026,0.0026,0.0086,0.0075,-0.0727,0.9972,-0.0398,0.1026,-0.1454
2025-11-27 12:19:04.504,20,20,20,0.00,0.0000,0.0000,0.0086,0.0075,-0.0727,0.9972,-0.0398,0.1026,-0.1454
2025-11-27 12:19:05.504,20,20,20,0.00,-0.0079,0.0000,0.0086,0.0075,-0.0727,0.9972,-0.0398,0.1026,-0.1454
2025-11-27 12:19:06.504,20,20,20,0.00,0.0000,-0.0026,0.0086,0.0075,-0.0727,0.9972,-0.0398,0.1026,-0.1454
2025-11-27 12:19:07.504,20,20,20,0.00,0.0026,0.0000,0.0086,0.0075,-0.0727,0.9972,-0.0398,0.1026,-0.1454
2025-11-27 12:19:08.505,20,20,20,0.00,0.0026,0.0000,0.0086,0.0075,-0.0727,0.9972,-0.0397,0.1026,-0.1454
2025-11-27 12:19:09.504,20,20,20,0.00,0.0026,0.0052,0.0086,0.0075,-0.0727,0.9972,-0.0397,0.1026,-0.1454
2025-11-27 12:19:10.505,20,20,20,0.00,0.0000,0.0000,0.0086,0.0075,-0.0727,0.9972,-0.0398,0.1026,-0.1454
2025-11-27 12:19:11.505,20,20,20,0.00,-0.0026,-0.0026,0.0086,0.0075,-0.0727,0.9972,-0.0398,0.1026,-0.1454
2025-11-27 12:19:12.505,20,20,20,0.00,0.0000,0.0026,0.0086,0.0075,-0.0727,0.9972,-0.0398,0.1026,-0.1454
2025-11-27 12:19:13.505,20,20,20,0.00,-0.0026,0.0052,0.0086,0.0075,-0.0727,0.9972,-0.0398,0.1026,-0.1454
2025-11-27 12:19:14.504,20,20,20,0.00,0.0000,-0.0026,0.0086,0.0075,-0.0727,0.9972,-0.0398,0.1026,-0.1454
2025-11-27 12:19:15.505,20,20,20,0.00,0.0000,-0.0104,0.0086,0.0075,-0.0727,0.9972,-0.0398,0.1026,-0.1454
2025-11-27 12:19:16.505,20,20,20,0.00,0.0000,-0.0026,0.0086,0.0075,-0.0727,0.9972,-0.0398,0.1026,-0.1454
2025-11-27 12:19:17.504,19,20,20,0.00,-0.0052,0.0000,0.0086,0.0075,-0.0727,0.9972,-0.0398,0.1026,-0.1454
2025-11-27 12:19:18.504,20,20,20,0.00,-0.0026,0.0000,0.0086,0.0075,-0.0727,0.9972,-0.0398,0.1026,-0.1454
2025-11-27 12:19:19.505,20,20,20,0.00,-0.0052,-0.0052,0.0086,0.0075,-0.0727,0.9972,-0.0398,0.1026,-0.1454
2025-11-27 12:19:20.505,20,20,20,0.00,-0.0079,-0.0026,0.0086,0.0075,-0.0727,0.9972,-0.0398,0.1026,-0.1454
2025-11-27 12:19:21.504,20,20,20,0.00,0.0026,0.0026,0.0086,0.0075,-0.0727,0.9972,-0.0398,0.1026,-0.1454
2025-11-27 12:19:22.505,20,20,20,0.00,0.0000,0.0026,0.0086,0.0075,-0.0727,0.9972,-0.0398,0.1026,-0.1454
2025-11-27 12:19:23.505,20,20,20,0.00,-0.0026,-0.0104,0.0086,0.0075,-0.0727,0.9972,-0.0398,0.1026,-0.1454
2025-11-27 12:19:24.506,20,20,20,0.00,0.0000,0.0026,0.0086,0.0075,-0.0727,0.9972,-0.0398,0.1026,-0.1454
2025-11-27 12:19:25.505,20,20,20,0.00,0.0026,0.0000,0.0086,0.0075,-0.0727,0.9972,-0.0398,0.1026,-0.1454
2025-11-27 12:19:26.504,20,20,20,0.00,0.0000,-0.0026,0.0086,0.0075,-0.0727,0.9972,-0.0398,0.1026,-0.1454
2025-11-27 12:19:27.504,20,20,20,0.00,0.0026,-0.0026,0.0086,0.0075,-0.0727,0.9972,-0.0398,0.1026,-0.1454
2025-11-27 12:19:28.505,20,20,20,0.00,0.0079,0.0026,0.0086,0.0075,-0.0727,0.9972,-0.0398,0.1026,-0.1454
2025-11-27 12:19:29.504,19,20,20,0.00,0.0000,0.0000,0.0086,0.0075,-0.0727,0.9972,-0.0398,0.1026,-0.1454
2025-11-27 12:19:30.505,20,20,20,0.00,0.0000,0.0000,0.0086,0.0075,-0.0727,0.9972,-0.0398,0.1026,-0.1454
2025-11-27 12:19:31.504,20,20,20,0.00,0.0026,0.0026,0.0086,0.0075,-0.0727,0.9972,-0.0398,0.1026,-0.1454
2025-11-27 12:19:32.504,20,20,20,0.00,0.0000,0.0000,0.0086,0.0075,-0.0727,0.9972,-0.0398,0.1026,-0.1454
2025-11-27 12:19:33.505,19,20,20,0.00,0.0000,0.0000,0.0086,0.0075,-0.0727,0.9972,-0.0398,0.1026,-0.1454
2025-11-27 12:19:34.504,20,20,20,0.00,0.0026,-0.0026,0.0086,0.0075,-0.0727,0.9972,-0.0399,0.1026,-0.1454
2025-11-27 12:19:35.505,20,20,20,0.00,-0.0026,0.0000,0.0086,0.0075,-0.0727,0.9972,-0.0399,0.1026,-0.1454
2025-11-27 12:19:36.504,20,20,20,0.00,0.0000,-0.0026,0.0086,0.0075,-0.0727,0.9972,-0.0399,0.1026,-0.1454
2025-11-27 12:19:37.505,20,20,20,0.00,-0.0026,0.0000,0.0086,0.0075,-0.0727,0.9972,-0.0399,0.1026,-0.1454
2025-11-27 12:19:38.505,20,20,20,0.00,0.0026,0.0000,0.0086,0.0075,-0.0727,0.9972,-0.0399,0.1026,-0.1454
2025-11-27 12:19:39.504,20,20,20,0.00,0.0000,0.0000,0.0086,0.0075,-0.0727,0.9972,-0.0399,0.1026,-0.1454
2025-11-27 12:19:40.504,20,20,20,0.00,0.0000,-0.0026,0.0086,0.0075,-0.0727,0.9972,-0.0399,0.1026,-0.1454
2025-11-27 12:19:41.506,20,20,20,0.00,0.0026,0.0026,0.0086,0.0075,-0.0727,0.9972,-0.0399,0.1026,-0.1454
2025-11-27 12:19:42.504,19,20,20,0.00,0.0000,-0.0026,0.0086,0.0075,-0.0727,0.9972,-0.0398,0.1026,-0.1454
2025-11-27 12:19:43.505,20,20,20,0.00,0.0026,0.0000,0.0086,0.0075,-0.0727,0.9972,-0.0398,0.1026,-0.1454
2025-11-27 12:19:44.504,20,20,20,0.00,0.0000,0.0000,0.0086,0.0075,-0.0727,0.9972,-0.0399,0.1026,-0.1454
2025-11-27 12:19:45.504,20,20,20,0.00,0.0000,0.0000,0.0086,0.0075,-0.0727,0.9972,-0.0399,0.1026,-0.1454
2025-11-27 12:19:46.504,20,20,20,0.00,-0.0026,-0.0026,0.0086,0.0075,-0.0727,0.9972,-0.0399,0.1026,-0.1454
2025-11-27 12:19:47.505,20,20,20,0.00,-0.0026,0.0000,0.0086,0.0075,-0.0727,0.9972,-0.0398,0.1026,-0.1454
2025-11-27 12:19:48.504,20,20,20,0.00,0.0026,-0.0026,0.0086,0.0075,-0.0727,0.9972,-0.0398,0.1026,-0.1454
2025-11-27 12:19:49.504,20,20,20,0.00,0.0104,-0.0026,0.0086,0.0075,-0.0727,0.9972,-0.0398,0.1026,-0.1454
2025-11-27 12:19:50.505,20,20,20,0.00,0.0000,0.0000,0.0086,0.0075,-0.0727,0.9972,-0.0398,0.1026,-0.1454
2025-11-27 12:19:51.505,20,20,20,0.00,0.0026,0.0000,0.0086,0.0075,-0.0727,0.9972,-0.0398,0.1026,-0.1454
2025-11-27 12:19:52.505,20,20,20,0.00,0.0000,0.0000,0.0086,0.0075,-0.0727,0.9972,-0.0398,0.1026,-0.1454
2025-11-27 12:19:53.504,20,20,20,0.00,0.0000,0.0000,0.0086,0.0075,-0.0727,0.9972,-0.0399,0.1026,-0.1454
2025-11-27 12:19:54.504,20,20,20,0.00,0.0000,0.0000,0.0086,0.0075,-0.0727,0.9972,-0.0399,0.1026,-0.1454
2025-11-27 12:19:55.505,20,20,20,0.00,0.0026,0.0000,0.0086,0.0075,-0.0727,0.9972,-0.0398,0.1026,-0.1454
2025-11-27 12:19:56.504,19,20,20,0.00,0.0000,0.0000,0.0086,0.0075,-0.0727,0.9972,-0.0398,0.1026,-0.1454
2025-11-27 12:19:57.505,20,20,20,0.00,0.0026,0.0104,0.0086,0.0075,-0.0727,0.9972,-0.0398,0.1026,-0.1454
2025-11-27 12:19:58.504,20,20,20,0.00,0.0000,0.0000,0.0086,0.0075,-0.0727,0.9972,-0.0398,0.1026,-0.1454
2025-11-27 12:19:59.505,20,20,20,0.00,0.0000,0.0052,0.0086,0.0075,-0.0727,0.9972,-0.0399,0.1026,-0.1454
2025-11-27 12:20:00.504,20,20,20,0.00,0.0000,0.0000,0.0086,0.0075,-0.0727,0.9972,-0.0399,0.1026,-0.1454
2025-11-27 12:20:01.505,20,19,20,0.00,0.0000,0.0000,0.0086,0.0075,-0.0727,0.9972,-0.0399,0.1026,-0.1454
2025-11-27 12:20:02.504,20,20,20,0.00,0.0052,0.0000,0.0086,0.0075,-0.0727,0.9972,-0.0399,0.1026,-0.1454
2025-11-27 12:20:03.504,20,20,20,0.00,-0.0052,0.0000,0.0086,0.0075,-0.0727,0.9972,-0.0399,0.1026,-0.1454
2025-11-27 12:20:04.504,20,20,20,0.00,0.0026,-0.0052,0.0086,0.0075,-0.0727,0.9972,-0.0399,0.1026,-0.1454
2025-11-27 12:20:05.507,20,20,20,0.00,0.0000,0.0026,0.0086,0.0075,-0.0727,0.9972,-0.0399,0.1026,-0.1454
2025-11-27 12:20:06.504,19,20,20,0.00,0.0000,0.0026,0.0086,0.0075,-0.0727,0.9972,-0.0399,0.1026,-0.1454
2025-11-27 12:20:07.505,20,20,20,0.00,-0.0026,0.0000,0.0086,0.0075,-0.0727,0.9972,-0.0399,0.1026,-0.1454
2025-11-27 12:20:08.504,20,20,20,0.00,0.0000,0.0000,0.0086,0.0075,-0.0727,0.9972,-0.0399,0.1026,-0.1454
2025-11-27 12:20:09.505,20,20,20,0.00,0.0026,0.0000,0.0086,0.0075,-0.0727,0.9972,-0.0399,0.1026,-0.1454
2025-11-27 12:20:10.505,19,19,20,0.00,0.0000,0.0079,0.0086,0.0075,-0.0727,0.9972,-0.0399,0.1026,-0.1454
2025-11-27 12:20:11.504,20,20,20,0.00,0.0000,0.0000,0.0086,0.0075,-0.0727,0.9972,-0.0399,0.1026,-0.1454
2025-11-27 12:20:12.504,20,20,20,0.00,0.0000,0.0000,0.0086,0.0075,-0.0727,0.9972,-0.0400,0.1026,-0.1454
2025-11-27 12:20:13.504,20,20,20,0.00,0.0000,-0.0026,0.0086,0.0075,-0.0727,0.9972,-0.0400,0.1026,-0.1454
2025-11-27 12:20:14.505,20,20,20,0.00,0.0000,0.0026,0.0086,0.0075,-0.0727,0.9972,-0.0400,0.1026,-0.1454
2025-11-27 12:20:15.505,20,20,20,0.00,-0.0026,0.0000,0.0086,0.0075,-0.0727,0.9972,-0.0400,0.1026,-0.1454
2025-11-27 12:20:16.504,20,20,20,0.00,0.0052,0.0026,0.0086,0.0075,-0.0727,0.9972,-0.0400,0.1026,-0.1454
2025-11-27 12:20:17.505,20,20,20,0.00,-0.0026,0.0026,0.0086,0.0075,-0.0727,0.9972,-0.0400,0.1026,-0.1454
2025-11-27 12:20:18.505,20,20,20,0.00,0.0000,0.0026,0.0086,0.0075,-0.0727,0.9972,-0.0400,0.1026,-0.1454
2025-11-27 12:20:19.505,20,20,20,0.00,0.0000,0.0026,0.0086,0.0075,-0.0727,0.9972,-0.0400,0.1026,-0.1454
2025-11-27 12:20:20.504,19,20,20,0.00,0.0000,0.0000,0.0086,0.0075,-0.0727,0.9972,-0.0400,0.1026,-0.1454
2025-11-27 12:20:21.504,20,20,20,0.00,0.0000,-0.0026,0.0086,0.0075,-0.0727,0.9972,-0.0400,0.1026,-0.1454
2025-11-27 12:20:22.505,20,20,20,0.00,0.0000,0.0000,0.0086,0.0075,-0.0727,0.9972,-0.0400,0.1026,-0.1454
2025-11-27 12:20:23.504,20,20,20,0.00,0.0000,-0.0026,0.0086,0.0075,-0.0727,0.9972,-0.0400,0.1026,-0.1454
2025-11-27 12:20:24.505,20,20,20,0.00,0.0026,0.0000,0.0086,0.0075,-0.0727,0.9972,-0.0400,0.1026,-0.1454
2025-11-27 12:20:25.504,20,20,20,0.00,0.0000,0.0026,0.0086,0.0075,-0.0727,0.9972,-0.0400,0.1026,-0.1454
2025-11-27 12:20:26.504,20,20,20,0.00,0.0052,0.0000,0.0086,0.0075,-0.0727,0.9972,-0.0400,0.1026,-0.1454
2025-11-27 12:20:27.504,20,20,20,0.00,0.0000,0.0026,0.0086,0.0075,-0.0727,0.9972,-0.0400,0.1026,-0.1454
2025-11-27 12:20:28.505,20,20,20,0.00,0.0000,0.0026,0.0086,0.0075,-0.0727,0.9972,-0.0400,0.1026,-0.1454
2025-11-27 12:20:29.504,20,20,20,0.00,0.0026,0.0026,0.0086,0.0075,-0.0727,0.9972,-0.0400,0.1026,-0.1454
2025-11-27 12:20:30.505,20,20,20,0.00,0.0000,0.0000,0.0086,0.0075,-0.0727,0.9972,-0.0400,0.1026,-0.1454
2025-11-27 12:20:31.505,20,20,20,0.00,0.0000,0.0000,0.0086,0.0075,-0.0727,0.9972,-0.0400,0.1026,-0.1454
2025-11-27 12:20:32.504,20,20,20,0.00,0.0000,-0.0052,0.0086,0.0075,-0.0727,0.9972,-0.0400,0.1026,-0.1454
2025-11-27 12:20:33.505,20,20,20,0.00,0.0000,0.0000,0.0086,0.0075,-0.0727,0.9972,-0.0400,0.1026,-0.1454
2025-11-27 12:20:34.505,20,20,20,0.00,0.0052,-0.0052,0.0086,0.0075,-0.0727,0.9972,-0.0400,0.1026,-0.1454
2025-11-27 12:20:35.505,20,20,20,0.00,-0.0052,0.0000,0.0086,0.0075,-0.0727,0.9972,-0.0400,0.1026,-0.1454
2025-11-27 12:20:36.504,20,20,20,0.00,-0.0026,0.0079,0.0086,0.0075,-0.0727,0.9972,-0.0400,0.1026,-0.1454
2025-11-27 12:20:37.505,20,20,20,0.00,-0.0026,0.0000,0.0086,0.0075,-0.0727,0.9972,-0.0400,0.1026,-0.1454
2025-11-27 12:20:38.505,20,20,20,0.00,0.0026,0.0026,0.0086,0.0075,-0.0727,0.9972,-0.0400,0.1026,-0.1454
2025-11-27 12:20:39.505,20,20,20,0.00,-0.0026,0.0000,0.0086,0.0075,-0.0727,0.9972,-0.0400,0.1026,-0.1454
2025-11-27 12:20:40.504,20,20,20,0.00,0.0000,-0.0026,0.0086,0.0075,-0.0727,0.9972,-0.0400,0.1026,-0.1454
2025-11-27 12:20:41.505,20,20,20,0.00,0.0000,0.0026,0.0086,0.0075,-0.0727,0.9972,-0.0400,0.1026,-0.1454
2025-11-27 12:20:42.505,19,20,20,0.00,0.0000,-0.0026,0.0086,0.0075,-0.0727,0.9972,-0.0400,0.1026,-0.1454
2025-11-27 12:20:43.504,20,20,20,0.00,0.0000,0.0000,0.0086,0.0075,-0.0727,0.9972,-0.0400,0.1026,-0.1454
2025-11-27 12:20:44.504,20,20,20,0.00,0.0000,0.0052,0.0086,0.0075,-0.0727,0.9972,-0.0400,0.1026,-0.1454
2025-11-27 12:20:45.504,20,20,20,0.00,0.0026,0.0000,0.0086,0.0075,-0.0727,0.9972,-0.0400,0.1026,-0.1454
2025-11-27 12:20:46.504,19,20,20,0.00,0.0000,0.0000,0.0086,0.0075,-0.0727,0.9972,-0.0400,0.1026,-0.1454
2025-11-27 12:20:47.504,20,20,20,0.00,-0.0026,-0.0079,0.0086,0.0075,-0.0727,0.9972,-0.0400,0.1026,-0.1454
2025-11-27 12:20:48.505,20,20,20,0.00,0.0052,-0.0052,0.0086,0.0075,-0.0727,0.9972,-0.0400,0.1026,-0.1454
2025-11-27 12:20:49.505,20,20,20,0.00,-0.0026,0.0000,0.0086,0.0075,-0.0727,0.9972,-0.0400,0.1026,-0.1454
2025-11-27 12:20:50.504,20,20,20,0.00,0.0026,0.0026,0.0086,0.0075,-0.0727,0.9972,-0.0400,0.1026,-0.1454
2025-11-27 12:20:51.504,19,20,20,0.00,0.0000,0.0026,0.0086,0.0075,-0.0727,0.9972,-0.0400,0.1026,-0.1454
2025-11-27 12:20:52.504,20,20,20,0.00,-0.0026,0.0026,0.0086,0.0075,-0.0727,0.9972,-0.0400,0.1026,-0.1454
2025-11-27 12:20:53.505,20,20,20,0.00,0.0000,0.0052,0.0086,0.0075,-0.0727,0.9972,-0.0399,0.1026,-0.1454
2025-11-27 12:20:54.504,20,20,20,0.00,0.0000,0.0026,0.0086,0.0075,-0.0727,0.9972,-0.0399,0.1026,-0.1454
2025-11-27 12:20:55.504,20,20,20,0.00,-0.0026,0.0000,0.0086,0.0075,-0.0727,0.9972,-0.0400,0.1026,-0.1454
2025-11-27 12:20:56.504,20,20,20,0.00,0.0026,0.0026,0.0086,0.0075,-0.0727,0.9972,-0.0400,0.1026,-0.1454
2025-11-27 12:20:57.504,19,20,20,0.00,-0.0026,0.0026,0.0086,0.0075,-0.0727,0.9972,-0.0400,0.1026,-0.1454
2025-11-27 12:20:58.504,20,20,20,0.00,-0.0026,0.0000,0.0086,0.0075,-0.0727,0.9972,-0.0400,0.1026,-0.1454
2025-11-27 12:20:59.505,20,20,20,0.00,0.0000,0.0000,0.0086,0.0075,-0.0727,0.9972,-0.0400,0.1026,-0.1454
2025-11-27 12:21:00.505,20,20,20,0.00,0.0000,0.0000,0.0086,0.0075,-0.0727,0.9972,-0.0400,0.1026,-0.1454
2025-11-27 12:21:01.505,20,20,20,0.00,0.0000,0.0000,0.0086,0.0075,-0.0727,0.9972,-0.0400,0.1026,-0.1454
2025-11-27 12:21:02.505,20,20,20,0.00,-0.0026,0.0000,0.0086,0.0075,-0.0727,0.9972,-0.0400,0.1026,-0.1454
2025-11-27 12:21:03.504,20,20,20,0.00,0.0000,-0.0026,0.0086,0.0075,-0.0727,0.9972,-0.0400,0.1026,-0.1454
2025-11-27 12:21:04.505,19,20,20,0.00,-0.0052,0.0000,0.0086,0.0075,-0.0727,0.9972,-0.0400,0.1026,-0.1454
2025-11-27 12:21:05.505,19,20,20,0.00,0.0000,-0.0052,0.0086,0.0075,-0.0727,0.9972,-0.0400,0.1026,-0.1454
2025-11-27 12:21:06.504,20,20,20,0.00,0.0026,-0.0026,0.0086,0.0075,-0.0727,0.9972,-0.0400,0.1026,-0.1454
2025-11-27 12:21:07.505,19,20,20,0.00,0.0026,-0.0026,0.0086,0.0075,-0.0727,0.9972,-0.0400,0.1026,-0.1454
2025-11-27 12:21:08.504,20,20,20,0.00,0.0000,0.0000,0.0086,0.0075,-0.0727,0.9972,-0.0400,0.1026,-0.1454
2025-11-27 12:21:09.504,20,20,20,0.00,0.0000,0.0000,0.0086,0.0075,-0.0727,0.9972,-0.0400,0.1026,-0.1454
2025-11-27 12:21:10.504,20,20,20,0.00,0.0000,0.0052,0.0086,0.0075,-0.0727,0.9972,-0.0400,0.1026,-0.1454
2025-11-27 12:21:11.504,20,20,20,0.00,0.0026,-0.0104,0.0086,0.0075,-0.0727,0.9972,-0.0400,0.1026,-0.1454
2025-11-27 12:21:12.504,20,20,20,0.00,0.0000,0.0000,0.0086,0.0075,-0.0727,0.9972,-0.0400,0.1026,-0.1454
2025-11-27 12:21:13.504,20,20,20,0.00,0.0000,0.0000,0.0086,0.0075,-0.0727,0.9972,-0.0400,0.1026,-0.1454
2025-11-27 12:21:14.504,20,20,20,0.00,0.0000,0.0000,0.0086,0.0075,-0.0727,0.9972,-0.0400,0.1026,-0.1454
2025-11-27 12:21:15.505,20,20,20,0.00,0.0000,0.0000,0.0086,0.0075,-0.0727,0.9972,-0.0400,0.1026,-0.1454
2025-11-27 12:21:16.505,20,20,20,0.00,0.0000,0.0000,0.0086,0.0075,-0.0727,0.9972,-0.0400,0.1026,-0.1454
2025-11-27 12:21:17.504,20,20,20,0.00,0.0052,0.0000,0.0086,0.0075,-0.0727,0.9972,-0.0400,0.1026,-0.1454
2025-11-27 12:21:18.504,20,20,20,0.00,-0.0026,0.0000,0.0086,0.0075,-0.0727,0.9972,-0.0400,0.1026,-0.1454
2025-11-27 12:21:19.505,20,20,20,0.00,0.0026,0.0000,0.0086,0.0075,-0.0727,0.9972,-0.0400,0.1026,-0.1454
2025-11-27 12:21:20.504,19,20,20,0.00,0.0079,0.0000,0.0086,0.0075,-0.0727,0.9972,-0.0400,0.1026,-0.1454
2025-11-27 12:21:21.505,20,20,20,0.00,0.0026,0.0000,0.0086,0.0075,-0.0727,0.9972,-0.0400,0.1026,-0.1454
2025-11-27 12:21:22.504,20,20,20,0.00,-0.0026,0.0000,0.0086,0.0075,-0.0727,0.9972,-0.0400,0.1026,-0.1454
2025-11-27 12:21:23.504,20,20,20,0.00,0.0052,0.0000,0.0086,0.0075,-0.0727,0.9972,-0.0400,0.1026,-0.1454
2025-11-27 12:21:24.504,19,19,20,0.00,0.0000,0.0026,0.0086,0.0075,-0.0727,0.9972,-0.0400,0.1026,-0.1454
2025-11-27 12:21:25.504,20,20,20,0.00,-0.0026,-0.0026,0.0086,0.0075,-0.0727,0.9972,-0.0400,0.1026,-0.1454
2025-11-27 12:21:26.505,20,20,20,0.00,0.0000,0.0026,0.0086,0.0075,-0.0727,0.9972,-0.0400,0.1026,-0.1454
2025-11-27 12:21:27.504,20,20,20,0.00,0.0000,0.0000,0.0086,0.0075,-0.0727,0.9972,-0.0400,0.1026,-0.1454
2025-11-27 12:21:28.505,20,20,20,0.00,0.0026,-0.0026,0.0086,0.0075,-0.0727,0.9972,-0.0400,0.1026,-0.1454
2025-11-27 12:21:29.504,20,20,20,0.00,0.0000,0.0000,0.0086,0.0075,-0.0727,0.9972,-0.0400,0.1026,-0.1454
2025-11-27 12:21:30.504,20,20,20,0.00,0.0000,0.0000,0.0086,0.0075,-0.0727,0.9972,-0.0400,0.1026,-0.1454
2025-11-27 12:21:31.505,19,20,20,0.00,-0.0026,0.0000,0.0086,0.0075,-0.0727,0.9972,-0.0400,0.1026,-0.1454
2025-11-27 12:21:32.505,20,20,20,0.00,0.0000,0.0000,0.0086,0.0075,-0.0727,0.9972,-0.0400,0.1026,-0.1454
2025-11-27 12:21:33.504,20,20,20,0.00,0.0000,0.0052,0.0086,0.0075,-0.0727,0.9972,-0.0400,0.1026,-0.1454
2025-11-27 12:21:34.505,20,20,20,0.00,0.0000,-0.0026,0.0086,0.0075,-0.0727,0.9972,-0.0400,0.1026,-0.1454
2025-11-27 12:21:35.504,20,20,20,0.00,0.0000,0.0000,0.0086,0.0075,-0.0727,0.9972,-0.0400,0.1026,-0.1454
2025-11-27 12:21:36.505,20,20,20,0.00,0.0000,0.0026,0.0086,0.0075,-0.0727,0.9972,-0.0400,0.1026,-0.1454
2025-11-27 12:21:37.504,19,20,20,0.00,0.0000,-0.0026,0.0086,0.0075,-0.0727,0.9972,-0.0400,0.1026,-0.1454
2025-11-27 12:21:38.505,20,20,20,0.00,-0.0026,0.0026,0.0086,0.0075,-0.0727,0.9972,-0.0400,0.1026,-0.1454
2025-11-27 12:21:39.505,20,20,20,0.00,0.0000,-0.0026,0.0086,0.0075,-0.0727,0.9972,-0.0400,0.1026,-0.1454
2025-11-27 12:21:40.504,20,20,20,0.00,-0.0026,0.0000,0.0086,0.0075,-0.0727,0.9972,-0.0400,0.1026,-0.1454
2025-11-27 12:21:41.504,20,20,20,0.00,0.0000,0.0000,0.0086,0.0075,-0.0727,0.9972,-0.0401,0.1026,-0.1454
2025-11-27 12:21:42.505,20,20,20,0.00,0.0026,0.0000,0.0086,0.0075,-0.0727,0.9972,-0.0401,0.1026,-0.1454
2025-11-27 12:21:43.504,20,20,20,0.00,-0.0079,0.0026,0.0086,0.0075,-0.0727,0.9972,-0.0401,0.1026,-0.1454
2025-11-27 12:21:44.505,20,20,20,0.00,0.0000,-0.0026,0.0086,0.0075,-0.0727,0.9972,-0.0401,0.1026,-0.1454
2025-11-27 12:21:45.505,20,20,20,0.00,-0.0026,0.0000,0.0086,0.0075,-0.0727,0.9972,-0.0401,0.1026,-0.1454
2025-11-27 12:21:46.505,20,20,20,0.00,0.0000,0.0000,0.0086,0.0075,-0.0727,0.9972,-0.0401,0.1026,-0.1454
2025-11-27 12:21:47.504,20,20,20,0.00,0.0026,0.0026,0.0086,0.0075,-0.0727,0.9972,-0.0401,0.1026,-0.1454
2025-11-27 12:21:48.505,20,20,20,0.00,0.0000,-0.0052,0.0086,0.0075,-0.0727,0.9972,-0.0400,0.1026,-0.1454
2025-11-27 12:21:49.504,20,20,20,0.00,0.0000,-0.0026,0.0086,0.0075,-0.0727,0.9972,-0.0400,0.1026,-0.1454
2025-11-27 12:21:50.504,20,20,20,0.00,0.0000,-0.0052,0.0086,0.0075,-0.0727,0.9972,-0.0400,0.1026,-0.1454
2025-11-27 12:21:51.504,19,20,20,0.00,0.0000,0.0000,0.0086,0.0075,-0.0727,0.9972,-0.0401,0.1026,-0.1454
2025-11-27 12:21:52.505,20,20,20,0.00,0.0052,0.0000,0.0086,0.0075,-0.0727,0.9972,-0.0401,0.1026,-0.1454
2025-11-27 12:21:53.504,20,20,20,0.00,0.0000,0.0026,0.0086,0.0075,-0.0727,0.9972,-0.0401,0.1026,-0.1454
2025-11-27 12:21:54.504,20,20,20,0.00,0.0000,-0.0026,0.0086,0.0075,-0.0727,0.9972,-0.0401,0.1026,-0.1454
2025-11-27 12:21:55.504,20,20,20,0.00,0.0000,-0.0052,0.0086,0.0075,-0.0727,0.9972,-0.0401,0.1026,-0.1454
2025-11-27 12:21:56.504,20,20,20,0.00,-0.0026,-0.0026,0.0086,0.0075,-0.0727,0.9972,-0.0401,0.1026,-0.1454
2025-11-27 12:21:57.504,20,20,20,0.00,-0.0052,0.0026,0.0086,0.0075,-0.0727,0.9972,-0.0401,0.1026,-0.1454
2025-11-27 12:21:58.504,20,20,20,0.00,0.0000,0.0000,0.0086,0.0075,-0.0727,0.9972,-0.0401,0.1026,-0.1454
2025-11-27 12:21:59.504,20,20,20,0.00,0.0000,0.0000,0.0086,0.0075,-0.0727,0.9972,-0.0400,0.1026,-0.1454
2025-11-27 12:22:00.504,20,20,20,0.00,0.0000,-0.0052,0.0086,0.0075,-0.0727,0.9972,-0.0400,0.1026,-0.1454
2025-11-27 12:22:01.504,20,20,20,0.00,0.0000,-0.0052,0.0086,0.0075,-0.0727,0.9972,-0.0400,0.1026,-0.1454
2025-11-27 12:22:02.504,20,20,20,0.00,-0.0026,0.0000,0.0086,0.0075,-0.0727,0.9972,-0.0400,0.1026,-0.1454
2025-11-27 12:22:03.505,20,20,20,0.00,0.0000,-0.0026,0.0086,0.0075,-0.0727,0.9972,-0.0401,0.1026,-0.1454
2025-11-27 12:22:04.504,20,20,20,0.00,0.0000,0.0000,0.0086,0.0075,-0.0727,0.9972,-0.0401,0.1026,-0.1454
2025-11-27 12:22:05.504,20,20,20,0.00,0.0000,0.0000,0.0086,0.0075,-0.0727,0.9972,-0.0401,0.1026,-0.1454
2025-11-27 12:22:06.504,20,20,20,0.00,0.0000,0.0079,0.0086,0.0075,-0.0727,0.9972,-0.0401,0.1026,-0.1454
2025-11-27 12:22:07.505,20,20,20,0.00,0.0052,0.0000,0.0086,0.0075,-0.0727,0.9972,-0.0401,0.1026,-0.1454
2025-11-27 12:22:08.504,20,20,20,0.00,-0.0026,0.0026,0.0086,0.0075,-0.0727,0.9972,-0.0401,0.1026,-0.1454
2025-11-27 12:22:09.504,20,20,20,0.00,0.0026,0.0000,0.0086,0.0075,-0.0727,0.9972,-0.0401,0.1026,-0.1454
2025-11-27 12:22:10.504,20,20,20,0.00,-0.0052,0.0026,0.0086,0.0075,-0.0727,0.9972,-0.0401,0.1026,-0.1454
2025-11-27 12:22:11.504,20,20,20,0.00,0.0000,0.0000,0.0086,0.0075,-0.0727,0.9972,-0.0400,0.1026,-0.1454
2025-11-27 12:22:12.504,20,20,20,0.00,0.0000,0.0000,0.0086,0.0075,-0.0727,0.9972,-0.0400,0.1026,-0.1454
2025-11-27 12:22:13.505,20,20,20,0.00,0.0000,0.0000,0.0086,0.0075,-0.0727,0.9972,-0.0400,0.1026,-0.1454
2025-11-27 12:22:14.504,20,20,20,0.00,-0.0052,0.0052,0.0086,0.0075,-0.0727,0.9972,-0.0400,0.1026,-0.1454
2025-11-27 12:22:15.504,19,20,20,0.00,-0.0052,0.0026,0.0086,0.0075,-0.0727,0.9972,-0.0400,0.1026,-0.1454
2025-11-27 12:22:16.504,20,20,20,0.00,0.0000,-0.0026,0.0086,0.0075,-0.0727,0.9972,-0.0400,0.1026,-0.1454
2025-11-27 12:22:17.505,19,20,20,0.00,0.0000,0.0000,0.0086,0.0075,-0.0727,0.9972,-0.0400,0.1026,-0.1454
2025-11-27 12:22:18.505,20,20,20,0.00,0.0000,0.0026,0.0086,0.0075,-0.0727,0.9972,-0.0400,0.1026,-0.1454
2025-11-27 12:22:19.504,20,20,20,0.00,0.0000,0.0000,0.0086,0.0075,-0.0727,0.9972,-0.0400,0.1026,-0.1454
2025-11-27 12:22:20.504,20,20,20,0.00,0.0000,0.0026,0.0086,0.0075,-0.0727,0.9972,-0.0400,0.1026,-0.1454
2025-11-27 12:22:21.504,20,19,20,0.00,0.0000,0.0000,0.0086,0.0075,-0.0727,0.9972,-0.0400,0.1026,-0.1454
2025-11-27 12:22:22.506,20,20,20,0.00,0.0026,0.0000,0.0086,0.0075,-0.0727,0.9972,-0.0400,0.1026,-0.1454
2025-11-27 12:22:23.504,20,20,20,0.00,0.0000,-0.0026,0.0086,0.0075,-0.0727,0.9972,-0.0400,0.1026,-0.1454
2025-11-27 12:22:24.504,20,20,20,0.00,0.0000,0.0079,0.0086,0.0075,-0.0727,0.9972,-0.0400,0.1026,-0.1454
2025-11-27 12:22:25.504,20,20,20,0.00,0.0000,0.0026,0.0086,0.0075,-0.0727,0.9972,-0.0400,0.1026,-0.1454
2025-11-27 12:22:26.504,20,20,20,0.00,0.0000,0.0000,0.0086,0.0075,-0.0727,0.9972,-0.0400,0.1026,-0.1454
2025-11-27 12:22:27.505,20,20,20,0.00,0.0000,0.0000,0.0086,0.0075,-0.0727,0.9972,-0.0400,0.1026,-0.1454
2025-11-27 12:22:28.504,20,20,20,0.00,-0.0026,0.0000,0.0086,0.0075,-0.0727,0.9972,-0.0400,0.1026,-0.1454
2025-11-27 12:22:29.505,20,20,20,0.00,0.0000,-0.0026,0.0086,0.0075,-0.0727,0.9972,-0.0400,0.1026,-0.1454
2025-11-27 12:22:30.504,20,20,20,0.00,0.0026,0.0000,0.0086,0.0075,-0.0727,0.9972,-0.0400,0.1026,-0.1454
2025-11-27 12:22:31.504,20,20,20,0.00,-0.0026,0.0000,0.0086,0.0075,-0.0727,0.9972,-0.0400,0.1026,-0.1454
2025-11-27 12:22:32.504,20,20,20,0.00,-0.0052,0.0000,0.0086,0.0075,-0.0727,0.9972,-0.0400,0.1026,-0.1454
2025-11-27 12:22:33.505,20,20,20,0.00,0.0000,0.0000,0.0086,0.0075,-0.0727,0.9972,-0.0400,0.1026,-0.1454
2025-11-27 12:22:34.507,20,20,20,0.00,-0.0026,-0.0026,0.0086,0.0075,-0.0727,0.9972,-0.0400,0.1026,-0.1454
2025-11-27 12:22:35.505,20,20,20,0.00,0.0000,0.0000,0.0086,0.0075,-0.0727,0.9972,-0.0400,0.1026,-0.1454
2025-11-27 12:22:36.504,19,20,20,0.00,0.0052,0.0000,0.0086,0.0075,-0.0727,0.9972,-0.0400,0.1026,-0.1454
2025-11-27 12:22:37.504,20,20,20,0.00,0.0026,0.0000,0.0086,0.0075,-0.0727,0.9972,-0.0400,0.1026,-0.1454
2025-11-27 12:22:38.504,20,20,20,0.00,-0.0026,-0.0052,0.0086,0.0075,-0.0727,0.9972,-0.0400,0.1026,-0.1454
2025-11-27 12:22:39.504,20,20,20,0.00,0.0026,-0.0026,0.0086,0.0075,-0.0727,0.9972,-0.0400,0.1026,-0.1454
2025-11-27 12:22:40.505,18,20,20,0.00,0.0000,0.0026,0.0086,0.0075,-0.0727,0.9972,-0.0400,0.1026,-0.1454
2025-11-27 12:22:41.505,20,20,20,0.00,0.0000,0.0000,0.0086,0.0075,-0.0727,0.9972,-0.0400,0.1026,-0.1454
2025-11-27 12:22:42.504,20,20,20,0.00,0.0000,0.0000,0.0086,0.0075,-0.0727,0.9972,-0.0400,0.1026,-0.1454
2025-11-27 12:22:43.504,20,20,20,0.00,0.0026,-0.0026,0.0086,0.0075,-0.0727,0.9972,-0.0400,0.1026,-0.1454
2025-11-27 12:22:44.506,20,20,20,0.00,0.0000,0.0000,0.0086,0.0075,-0.0727,0.9972,-0.0400,0.1026,-0.1454
2025-11-27 12:22:45.505,20,20,20,0.00,0.0000,-0.0026,0.0086,0.0075,-0.0727,0.9972,-0.0400,0.1026,-0.1454
2025-11-27 12:22:46.504,20,20,20,0.00,0.0000,-0.0052,0.0086,0.0075,-0.0727,0.9972,-0.0400,0.1026,-0.1454
2025-11-27 12:22:47.504,20,20,20,0.00,0.0000,-0.0026,0.0086,0.0075,-0.0727,0.9972,-0.0400,0.1026,-0.1454
2025-11-27 12:22:48.506,20,20,20,0.00,0.0052,0.0000,0.0086,0.0075,-0.0727,0.9972,-0.0400,0.1026,-0.1454
2025-11-27 12:22:49.506,20,20,20,0.00,-0.0026,0.0000,0.0086,0.0075,-0.0727,0.9972,-0.0400,0.1026,-0.1454
2025-11-27 12:22:50.505,20,20,20,0.00,0.0000,-0.0026,0.0086,0.0075,-0.0727,0.9972,-0.0400,0.1026,-0.1454
2025-11-27 12:22:51.505,20,20,20,0.00,0.0000,0.0026,0.0086,0.0075,-0.0727,0.9972,-0.0400,0.1026,-0.1454
2025-11-27 12:22:52.505,19,20,20,0.00,-0.0026,0.0000,0.0086,0.0075,-0.0727,0.9972,-0.0400,0.1026,-0.1454
2025-11-27 12:22:53.505,19,20,20,0.00,0.0000,0.0000,0.0086,0.0075,-0.0727,0.9972,-0.0400,0.1026,-0.1454
2025-11-27 12:22:54.505,19,20,20,0.00,-0.0026,0.0000,0.0086,0.0075,-0.0727,0.9972,-0.0400,0.1026,-0.1454
2025-11-27 12:22:55.504,20,20,20,0.00,0.0000,0.0026,0.0086,0.0075,-0.0727,0.9972,-0.0401,0.1026,-0.1454
2025-11-27 12:22:56.504,19,20,20,0.00,-0.0052,0.0000,0.0086,0.0075,-0.0727,0.9972,-0.0401,0.1026,-0.1454
2025-11-27 12:22:57.504,19,20,20,0.00,0.0000,0.0000,0.0086,0.0075,-0.0727,0.9972,-0.0401,0.1026,-0.1454
2025-11-27 12:22:58.504,19,20,20,0.00,0.0000,0.0000,0.0086,0.0075,-0.0727,0.9972,-0.0401,0.1026,-0.1454
2025-11-27 12:22:59.504,20,20,20,0.00,-0.0026,0.0000,0.0086,0.0075,-0.0727,0.9972,-0.0401,0.1026,-0.1454
2025-11-27 12:23:00.505,20,20,20,0.00,0.0026,0.0000,0.0086,0.0075,-0.0727,0.9972,-0.0401,0.1026,-0.1454
2025-11-27 12:23:01.504,20,20,20,0.00,0.0052,0.0000,0.0086,0.0075,-0.0727,0.9972,-0.0401,0.1026,-0.1454
2025-11-27 12:23:02.505,20,20,20,0.00,0.0000,-0.0026,0.0086,0.0075,-0.0727,0.9972,-0.0401,0.1026,-0.1454
2025-11-27 12:23:03.504,20,20,20,0.00,0.0000,0.0000,0.0086,0.0075,-0.0727,0.9972,-0.0401,0.1026,-0.1454
2025-11-27 12:23:04.505,20,20,20,0.00,0.0000,0.0000,0.0086,0.0075,-0.0727,0.9972,-0.0401,0.1026,-0.1454
2025-11-27 12:23:05.505,20,20,20,0.00,-0.0026,0.0000,0.0086,0.0075,-0.0727,0.9972,-0.0401,0.1026,-0.1454
2025-11-27 12:23:06.505,20,20,20,0.00,-0.0026,0.0000,0.0086,0.0075,-0.0727,0.9972,-0.0401,0.1026,-0.1454
2025-11-27 12:23:07.504,20,20,20,0.00,0.0000,0.0000,0.0086,0.0075,-0.0727,0.9972,-0.0401,0.1026,-0.1454
2025-11-27 12:23:08.505,19,20,20,0.00,0.0026,0.0000,0.0086,0.0075,-0.0727,0.9972,-0.0401,0.1026,-0.1454
2025-11-27 12:23:09.504,20,20,20,0.00,0.0000,0.0026,0.0086,0.0075,-0.0727,0.9972,-0.0401,0.1026,-0.1454
2025-11-27 12:23:10.508,19,20,20,0.00,0.0000,0.0000,0.0086,0.0075,-0.0727,0.9972,-0.0401,0.1026,-0.1454
2025-11-27 12:23:11.504,20,20,20,0.00,-0.0026,0.0000,0.0086,0.0075,-0.0727,0.9972,-0.0401,0.1026,-0.1454
2025-11-27 12:23:12.504,20,20,20,0.00,0.0052,0.0000,0.0086,0.0075,-0.0727,0.9972,-0.0401,0.1026,-0.1454
2025-11-27 12:23:13.504,20,20,20,0.00,0.0026,0.0000,0.0086,0.0075,-0.0727,0.9972,-0.0401,0.1026,-0.1454
2025-11-27 12:23:14.504,20,20,20,0.00,0.0026,0.0000,0.0086,0.0075,-0.0727,0.9972,-0.0401,0.1026,-0.1454
2025-11-27 12:23:15.504,20,20,20,0.00,-0.0026,0.0000,0.0086,0.0075,-0.0727,0.9972,-0.0401,0.1026,-0.1454
2025-11-27 12:23:16.505,20,20,20,0.00,0.0000,0.0000,0.0086,0.0075,-0.0727,0.9972,-0.0401,0.1026,-0.1454
2025-11-27 12:23:17.504,20,20,20,0.00,0.0026,-0.0052,0.0086,0.0075,-0.0727,0.9972,-0.0401,0.1026,-0.1454
2025-11-27 12:23:18.505,19,20,20,0.00,-0.0026,0.0000,0.0086,0.0075,-0.0727,0.9972,-0.0401,0.1026,-0.1454
2025-11-27 12:23:19.504,20,20,20,0.00,0.0000,0.0000,0.0086,0.0075,-0.0727,0.9972,-0.0401,0.1026,-0.1454
2025-11-27 12:23:20.504,20,20,20,0.00,0.0000,0.0000,0.0086,0.0075,-0.0727,0.9972,-0.0401,0.1026,-0.1454
2025-11-27 12:23:21.505,20,20,20,0.00,-0.0052,0.0000,0.0086,0.0075,-0.0727,0.9972,-0.0401,0.1026,-0.1454
2025-11-27 12:23:22.504,14,20,20,0.00,-0.0026,0.0000,0.0086,0.0075,-0.0727,0.9972,-0.0401,0.1026,-0.1454
2025-11-27 12:23:23.505,20,20,20,0.00,0.0000,0.0000,0.0086,0.0075,-0.0727,0.9972,-0.0401,0.1026,-0.1454
2025-11-27 12:23:24.505,20,20,20,0.00,0.0000,-0.0026,0.0086,0.0075,-0.0727,0.9972,-0.0401,0.1026,-0.1454
2025-11-27 12:23:25.505,20,20,20,0.00,0.0000,0.0000,0.0086,0.0075,-0.0727,0.9972,-0.0401,0.1026,-0.1454
2025-11-27 12:23:26.504,20,20,20,0.00,0.0000,0.0000,0.0086,0.0075,-0.0727,0.9972,-0.0401,0.1026,-0.1454
2025-11-27 12:23:27.505,20,20,20,0.00,0.0026,0.0000,0.0086,0.0075,-0.0727,0.9972,-0.0401,0.1026,-0.1454
2025-11-27 12:23:28.505,19,20,20,0.00,0.0000,-0.0104,0.0086,0.0075,-0.0727,0.9972,-0.0401,0.1026,-0.1454
2025-11-27 12:23:29.506,20,20,20,0.00,0.0000,0.0000,0.0086,0.0075,-0.0727,0.9972,-0.0401,0.1026,-0.1454
2025-11-27 12:23:30.505,20,20,20,0.00,0.0052,0.0000,0.0086,0.0075,-0.0727,0.9972,-0.0401,0.1026,-0.1454
2025-11-27 12:23:31.504,19,20,20,0.00,0.0000,0.0026,0.0086,0.0075,-0.0727,0.9972,-0.0401,0.1026,-0.1454
2025-11-27 12:23:32.504,20,20,20,0.00,0.0000,0.0000,0.0086,0.0075,-0.0727,0.9972,-0.0401,0.1026,-0.1454
2025-11-27 12:23:33.504,20,20,20,0.00,-0.0052,0.0000,0.0086,0.0075,-0.0727,0.9972,-0.0401,0.1026,-0.1454
2025-11-27 12:23:34.504,20,20,20,0.00,-0.0026,0.0000,0.0086,0.0075,-0.0727,0.9972,-0.0401,0.1026,-0.1454
2025-11-27 12:23:35.504,18,20,20,0.00,0.0000,0.0026,0.0086,0.0075,-0.0727,0.9972,-0.0401,0.1026,-0.1454
2025-11-27 12:23:36.504,20,20,20,0.00,0.0000,0.0000,0.0086,0.0075,-0.0727,0.9972,-0.0401,0.1026,-0.1454
2025-11-27 12:23:37.505,20,20,20,0.00,0.0026,0.0000,0.0086,0.0075,-0.0727,0.9972,-0.0400,0.1026,-0.1454
2025-11-27 12:23:38.505,20,20,20,0.00,0.0000,-0.0079,0.0086,0.0075,-0.0727,0.9972,-0.0400,0.1026,-0.1454
2025-11-27 12:23:39.506,19,20,20,0.00,0.0000,0.0000,0.0086,0.0075,-0.0727,0.9972,-0.0400,0.1026,-0.1454
2025-11-27 12:23:40.504,20,20,20,0.00,0.0000,-0.0026,0.0086,0.0075,-0.0727,0.9972,-0.0400,0.1026,-0.1454
2025-11-27 12:23:41.505,20,20,20,0.00,0.0026,0.0000,0.0086,0.0075,-0.0727,0.9972,-0.0400,0.1026,-0.1454
2025-11-27 12:23:42.504,20,20,20,0.00,0.0000,0.0000,0.0086,0.0075,-0.0727,0.9972,-0.0400,0.1026,-0.1454
2025-11-27 12:23:43.504,20,20,20,0.00,0.0026,0.0026,0.0086,0.0075,-0.0727,0.9972,-0.0400,0.1026,-0.1454
2025-11-27 12:23:44.504,20,20,20,0.00,-0.0026,-0.0026,0.0086,0.0075,-0.0727,0.9972,-0.0400,0.1026,-0.1454
2025-11-27 12:23:45.506,20,20,20,0.00,-0.0052,0.0026,0.0086,0.0075,-0.0727,0.9972,-0.0400,0.1026,-0.1454
2025-11-27 12:23:46.504,20,20,20,0.00,0.0026,0.0000,0.0086,0.0075,-0.0727,0.9972,-0.0400,0.1026,-0.1454
2025-11-27 12:23:47.504,20,20,20,0.00,0.0000,-0.0026,0.0086,0.0075,-0.0727,0.9972,-0.0400,0.1026,-0.1454
2025-11-27 12:23:48.506,19,20,20,0.00,0.0000,0.0000,0.0086,0.0075,-0.0727,0.9972,-0.0400,0.1026,-0.1454
2025-11-27 12:23:49.504,20,20,20,0.00,0.0000,0.0000,0.0086,0.0075,-0.0727,0.9972,-0.0400,0.1026,-0.1454
2025-11-27 12:23:50.504,20,20,20,0.00,-0.0026,0.0000,0.0086,0.0075,-0.0727,0.9972,-0.0400,0.1026,-0.1454
2025-11-27 12:23:51.505,20,20,20,0.00,0.0000,0.0052,0.0086,0.0075,-0.0727,0.9972,-0.0400,0.1026,-0.1454
2025-11-27 12:23:52.504,20,20,20,0.00,0.0000,0.0000,0.0086,0.0075,-0.0727,0.9972,-0.0400,0.1026,-0.1454
2025-11-27 12:23:53.504,20,20,20,0.00,0.0000,0.0000,0.0086,0.0075,-0.0727,0.9972,-0.0400,0.1026,-0.1454
2025-11-27 12:23:54.505,20,20,20,0.00,0.0000,0.0000,0.0086,0.0075,-0.0727,0.9972,-0.0400,0.1026,-0.1454
2025-11-27 12:23:55.504,20,20,20,0.00,0.0000,0.0026,0.0086,0.0075,-0.0727,0.9972,-0.0400,0.1026,-0.1454
2025-11-27 12:23:56.505,20,20,20,0.00,-0.0079,0.0026,0.0086,0.0075,-0.0727,0.9972,-0.0400,0.1026,-0.1454
2025-11-27 12:23:57.505,20,20,20,0.00,0.0026,0.0000,0.0086,0.0075,-0.0727,0.9972,-0.0400,0.1026,-0.1454
2025-11-27 12:23:58.504,20,20,20,0.00,0.0000,0.0000,0.0086,0.0075,-0.0727,0.9972,-0.0400,0.1026,-0.1454
2025-11-27 12:23:59.505,19,20,20,0.00,0.0000,0.0000,0.0086,0.0075,-0.0727,0.9972,-0.0400,0.1026,-0.1454
2025-11-27 12:24:00.505,20,20,20,0.00,-0.0026,0.0000,0.0086,0.0075,-0.0727,0.9972,-0.0400,0.1026,-0.1454
2025-11-27 12:24:01.504,20,20,20,0.00,0.0000,0.0000,0.0086,0.0075,-0.0727,0.9972,-0.0400,0.1026,-0.1454
2025-11-27 12:24:02.505,20,20,20,0.00,0.0026,0.0026,0.0086,0.0075,-0.0727,0.9972,-0.0400,0.1026,-0.1454
2025-11-27 12:24:03.504,20,20,20,0.00,0.0000,-0.0104,0.0086,0.0075,-0.0727,0.9972,-0.0400,0.1026,-0.1454
2025-11-27 12:24:04.504,20,20,20,0.00,0.0026,0.0000,0.0086,0.0075,-0.0727,0.9972,-0.0401,0.1026,-0.1454
2025-11-27 12:24:05.505,20,20,20,0.00,0.0000,0.0000,0.0086,0.0075,-0.0727,0.9972,-0.0401,0.1026,-0.1454
2025-11-27 12:24:06.506,19,20,20,0.00,0.0000,0.0026,0.0086,0.0075,-0.0727,0.9972,-0.0401,0.1026,-0.1454
2025-11-27 12:24:07.505,20,20,20,0.00,0.0000,0.0000,0.0086,0.0075,-0.0727,0.9972,-0.0401,0.1026,-0.1454
2025-11-27 12:24:08.505,20,20,20,0.00,0.0000,0.0000,0.0086,0.0075,-0.0727,0.9972,-0.0400,0.1026,-0.1454
2025-11-27 12:24:09.505,20,20,20,0.00,0.0000,0.0000,0.0086,0.0075,-0.0727,0.9972,-0.0400,0.1026,-0.1454
2025-11-27 12:24:10.506,20,20,20,0.00,0.0000,-0.0026,0.0086,0.0075,-0.0727,0.9972,-0.0400,0.1026,-0.1454
2025-11-27 12:24:11.504,20,20,20,0.00,0.0000,0.0000,0.0086,0.0075,-0.0727,0.9972,-0.0400,0.1026,-0.1454
2025-11-27 12:24:12.505,20,20,20,0.00,0.0000,0.0000,0.0086,0.0075,-0.0727,0.9972,-0.0400,0.1026,-0.1454
2025-11-27 12:24:13.505,19,20,20,0.00,0.0000,0.0000,0.0086,0.0075,-0.0727,0.9972,-0.0400,0.1026,-0.1454
2025-11-27 12:24:14.504,20,20,20,0.00,0.0000,0.0000,0.0086,0.0075,-0.0727,0.9972,-0.0400,0.1026,-0.1454
2025-11-27 12:24:15.504,20,20,20,0.00,0.0000,0.0026,0.0086,0.0075,-0.0727,0.9972,-0.0400,0.1026,-0.1454
2025-11-27 12:24:16.504,20,20,20,0.00,-0.0026,-0.0026,0.0086,0.0075,-0.0727,0.9972,-0.0400,0.1026,-0.1454
2025-11-27 12:24:17.504,20,20,20,0.00,0.0000,0.0000,0.0086,0.0075,-0.0727,0.9972,-0.0401,0.1026,-0.1454
2025-11-27 12:24:18.504,19,20,20,0.00,0.0000,0.0000,0.0086,0.0075,-0.0727,0.9972,-0.0401,0.1026,-0.1454
2025-11-27 12:24:19.505,20,20,20,0.00,0.0000,0.0000,0.0086,0.0075,-0.0727,0.9972,-0.0401,0.1026,-0.1454
2025-11-27 12:24:20.505,20,20,20,0.00,0.0026,0.0000,0.0086,0.0075,-0.0727,0.9972,-0.0401,0.1026,-0.1454
2025-11-27 12:24:21.505,20,20,20,0.00,0.0000,0.0000,0.0086,0.0075,-0.0727,0.9972,-0.0401,0.1026,-0.1454
2025-11-27 12:24:22.504,20,20,20,0.00,0.0000,0.0026,0.0086,0.0075,-0.0727,0.9972,-0.0401,0.1026,-0.1454
2025-11-27 12:24:23.504,20,20,20,0.00,0.0000,0.0000,0.0086,0.0075,-0.0727,0.9972,-0.0401,0.1026,-0.1454
2025-11-27 12:24:24.504,20,20,20,0.00,0.0000,0.0000,0.0086,0.0075,-0.0727,0.9972,-0.0401,0.1026,-0.1454
2025-11-27 12:24:25.505,20,20,20,0.00,0.0000,0.0000,0.0086,0.0075,-0.0727,0.9972,-0.0400,0.1026,-0.1454
2025-11-27 12:24:26.505,20,20,20,0.00,0.0000,0.0000,0.0086,0.0075,-0.0727,0.9972,-0.0400,0.1026,-0.1454
2025-11-27 12:24:27.505,20,20,20,0.00,0.0000,0.0000,0.0086,0.0075,-0.0727,0.9972,-0.0400,0.1026,-0.1454
2025-11-27 12:24:28.506,20,20,20,0.00,0.0000,0.0000,0.0086,0.0075,-0.0727,0.9972,-0.0400,0.1026,-0.1454
2025-11-27 12:24:29.505,19,20,20,0.00,-0.0052,0.0000,0.0086,0.0075,-0.0727,0.9972,-0.0400,0.1026,-0.1454
2025-11-27 12:24:30.504,20,20,20,0.00,0.0000,0.0000,0.0086,0.0075,-0.0727,0.9972,-0.0400,0.1026,-0.1454
2025-11-27 12:24:31.505,20,20,20,0.00,0.0026,-0.0026,0.0086,0.0075,-0.0727,0.9972,-0.0401,0.1026,-0.1454
2025-11-27 12:24:32.504,20,20,20,0.00,0.0000,0.0000,0.0086,0.0075,-0.0727,0.9972,-0.0401,0.1026,-0.1454
2025-11-27 12:24:33.504,20,20,20,0.00,0.0026,0.0000,0.0086,0.0075,-0.0727,0.9972,-0.0401,0.1026,-0.1454
2025-11-27 12:24:34.504,20,20,20,0.00,0.0000,0.0000,0.0086,0.0075,-0.0727,0.9972,-0.0401,0.1026,-0.1454
2025-11-27 12:24:35.505,20,20,20,0.00,0.0000,-0.0026,0.0086,0.0075,-0.0727,0.9972,-0.0401,0.1026,-0.1454
2025-11-27 12:24:36.505,20,20,20,0.00,-0.0026,0.0079,0.0086,0.0075,-0.0727,0.9972,-0.0401,0.1026,-0.1454
2025-11-27 12:24:37.505,20,20,20,0.00,0.0000,0.0026,0.0086,0.0075,-0.0727,0.9972,-0.0401,0.1026,-0.1454
2025-11-27 12:24:38.504,19,20,20,0.00,0.0000,0.0000,0.0086,0.0075,-0.0727,0.9972,-0.0401,0.1026,-0.1454
2025-11-27 12:24:39.505,20,20,20,0.00,0.0000,0.0026,0.0086,0.0075,-0.0727,0.9972,-0.0401,0.1026,-0.1454
2025-11-27 12:24:40.505,20,20,20,0.00,-0.0131,0.0026,0.0086,0.0075,-0.0727,0.9972,-0.0400,0.1026,-0.1454
2025-11-27 12:24:41.504,20,20,20,0.00,-0.0052,-0.0052,0.0086,0.0075,-0.0727,0.9972,-0.0400,0.1026,-0.1454
2025-11-27 12:24:42.504,20,20,20,0.00,-0.0052,0.0000,0.0086,0.0075,-0.0727,0.9972,-0.0400,0.1026,-0.1454
2025-11-27 12:24:43.505,20,20,20,0.00,-0.0026,-0.0026,0.0086,0.0075,-0.0727,0.9972,-0.0400,0.1026,-0.1454
2025-11-27 12:24:44.505,20,20,20,0.00,0.0000,0.0000,0.0086,0.0075,-0.0727,0.9972,-0.0400,0.1026,-0.1454
2025-11-27 12:24:45.504,20,20,20,0.00,-0.0026,-0.0052,0.0086,0.0075,-0.0727,0.9972,-0.0400,0.1026,-0.1454
2025-11-27 12:24:46.504,20,20,20,0.00,0.0026,0.0026,0.0086,0.0075,-0.0727,0.9972,-0.0400,0.1026,-0.1454
2025-11-27 12:24:47.506,20,20,20,0.00,0.0000,0.0026,0.0086,0.0075,-0.0727,0.9972,-0.0400,0.1026,-0.1454
2025-11-27 12:24:48.504,20,20,20,0.00,0.0000,-0.0026,0.0086,0.0075,-0.0727,0.9972,-0.0400,0.1026,-0.1454
2025-11-27 12:24:49.505,20,20,20,0.00,0.0000,0.0000,0.0086,0.0075,-0.0727,0.9972,-0.0400,0.1026,-0.1454
2025-11-27 12:24:50.504,20,20,20,0.00,0.0000,0.0000,0.0086,0.0075,-0.0727,0.9972,-0.0400,0.1026,-0.1454
2025-11-27 12:24:51.505,20,20,20,0.00,0.0000,0.0000,0.0086,0.0075,-0.0727,0.9972,-0.0400,0.1026,-0.1454
2025-11-27 12:24:52.504,20,20,20,0.00,-0.0026,-0.0104,0.0086,0.0075,-0.0727,0.9972,-0.0400,0.1026,-0.1454
2025-11-27 12:24:53.505,19,20,20,0.00,0.0026,0.0000,0.0086,0.0075,-0.0727,0.9972,-0.0400,0.1026,-0.1454
2025-11-27 12:24:54.504,19,20,20,0.00,0.0026,0.0000,0.0086,0.0075,-0.0727,0.9972,-0.0400,0.1026,-0.1454
2025-11-27 12:24:55.505,20,20,20,0.00,0.0026,-0.0026,0.0086,0.0075,-0.0727,0.9972,-0.0400,0.1026,-0.1454
2025-11-27 12:24:56.504,20,20,20,0.00,0.0026,0.0000,0.0086,0.0075,-0.0727,0.9972,-0.0400,0.1026,-0.1454
2025-11-27 12:24:57.504,20,20,20,0.00,0.0052,0.0000,0.0086,0.0075,-0.0727,0.9972,-0.0400,0.1026,-0.1454
2025-11-27 12:24:58.504,20,20,20,0.00,0.0000,0.0000,0.0086,0.0075,-0.0727,0.9972,-0.0400,0.1026,-0.1454
2025-11-27 12:24:59.504,20,20,20,0.00,0.0000,0.0000,0.0000,0.0000,0.0000,0.9972,-0.0401,0.1026,0.0000
2025-11-27 12:25:00.504,20,20,20,0.00,0.0000,0.0000,0.0086,0.0075,-0.0727,0.9972,-0.0401,0.1026,-0.1454
2025-11-27 12:25:01.504,19,20,20,0.00,0.0052,0.0157,0.0086,0.0075,-0.0727,0.9972,-0.0401,0.1026,-0.1454
2025-11-27 12:25:02.505,20,20,20,0.00,0.0052,0.0026,0.0086,0.0075,-0.0727,0.9972,-0.0400,0.1026,-0.1454
2025-11-27 12:25:03.504,20,20,20,0.00,-0.0079,0.0000,0.0086,0.0075,-0.0727,0.9972,-0.0400,0.1026,-0.1454
2025-11-27 12:25:04.504,20,20,20,0.00,0.0000,0.0104,0.0086,0.0075,-0.0727,0.9972,-0.0400,0.1026,-0.1454
2025-11-27 12:25:05.505,20,20,20,0.00,0.0000,0.0000,0.0086,0.0075,-0.0727,0.9972,-0.0400,0.1026,-0.1454
2025-11-27 12:25:06.504,20,20,20,0.00,-0.0026,0.0026,0.0086,0.0075,-0.0727,0.9972,-0.0400,0.1026,-0.1454
2025-11-27 12:25:07.504,20,20,20,0.00,0.0000,0.0000,0.0086,0.0075,-0.0727,0.9972,-0.0400,0.1026,-0.1454
2025-11-27 12:25:08.505,20,20,20,0.00,0.0026,0.0000,0.0086,0.0075,-0.0727,0.9972,-0.0400,0.1026,-0.1454
2025-11-27 12:25:09.504,20,20,20,0.00,0.0000,0.0026,0.0086,0.0075,-0.0727,0.9972,-0.0400,0.1026,-0.1454
2025-11-27 12:25:10.504,20,20,20,0.00,0.0000,-0.0026,0.0086,0.0075,-0.0727,0.9972,-0.0400,0.1026,-0.1454
2025-11-27 12:25:11.504,20,20,20,0.00,-0.0026,0.0000,0.0086,0.0075,-0.0727,0.9972,-0.0400,0.1026,-0.1454
2025-11-27 12:25:12.504,20,20,20,0.00,0.0000,0.0026,0.0086,0.0075,-0.0727,0.9972,-0.0400,0.1026,-0.1454
2025-11-27 12:25:13.505,20,20,20,0.00,0.0000,0.0000,0.0086,0.0075,-0.0727,0.9972,-0.0400,0.1026,-0.1454
2025-11-27 12:25:14.504,20,20,20,0.00,-0.0026,-0.0104,0.0086,0.0075,-0.0727,0.9972,-0.0400,0.1026,-0.1454
2025-11-27 12:25:15.504,20,20,20,0.00,0.0000,-0.0052,0.0086,0.0075,-0.0727,0.9972,-0.0400,0.1026,-0.1454
2025-11-27 12:25:16.504,18,20,20,0.00,0.0000,0.0000,0.0000,0.0000,0.0000,0.9972,-0.0400,0.1026,0.0000
2025-11-27 12:25:17.504,20,20,20,0.00,0.0026,0.0000,0.0086,0.0075,-0.0727,0.9972,-0.0400,0.1026,-0.1454
2025-11-27 12:25:18.504,20,20,20,0.00,-0.0026,0.0000,0.0086,0.0075,-0.0727,0.9972,-0.0400,0.1026,-0.1454
2025-11-27 12:25:19.504,20,20,20,0.00,0.0052,0.0000,0.0086,0.0075,-0.0727,0.9972,-0.0400,0.1026,-0.1454
2025-11-27 12:25:20.505,20,20,20,0.00,0.0026,0.0000,0.0086,0.0075,-0.0727,0.9972,-0.0400,0.1026,-0.1454
2025-11-27 12:25:21.504,20,20,20,0.00,0.0000,-0.0052,0.0086,0.0075,-0.0727,0.9972,-0.0400,0.1026,-0.1454
2025-11-27 12:25:22.504,19,20,20,0.00,0.0026,0.0000,0.0086,0.0075,-0.0727,0.9972,-0.0400,0.1026,-0.1454
2025-11-27 12:25:23.504,19,20,20,0.00,0.0000,0.0000,0.0086,0.0075,-0.0727,0.9972,-0.0400,0.1026,-0.1454
2025-11-27 12:25:24.504,20,20,20,0.00,0.0000,0.0000,0.0086,0.0075,-0.0727,0.9972,-0.0400,0.1026,-0.1454
2025-11-27 12:25:25.505,20,20,20,0.00,0.0000,0.0000,0.0086,0.0075,-0.0727,0.9972,-0.0400,0.1026,-0.1454
2025-11-27 12:25:26.504,17,20,20,0.00,0.0026,-0.0104,0.0086,0.0075,-0.0727,0.9972,-0.0401,0.1026,-0.1454
2025-11-27 12:25:27.504,20,20,20,0.00,0.0000,0.0026,0.0086,0.0075,-0.0727,0.9972,-0.0401,0.1026,-0.1454
2025-11-27 12:25:28.504,20,20,20,0.00,-0.0052,-0.0026,0.0086,0.0075,-0.0727,0.9972,-0.0401,0.1026,-0.1454
2025-11-27 12:25:29.504,18,20,20,0.00,0.0000,-0.0026,0.0086,0.0075,-0.0727,0.9972,-0.0401,0.1026,-0.1454
2025-11-27 12:25:30.504,20,20,20,0.00,-0.0026,0.0000,0.0086,0.0075,-0.0727,0.9972,-0.0401,0.1026,-0.1454
2025-11-27 12:25:31.505,20,20,20,0.00,0.0000,0.0000,0.0086,0.0075,-0.0727,0.9972,-0.0401,0.1026,-0.1454
2025-11-27 12:25:32.504,20,20,20,0.00,0.0000,0.0000,0.0086,0.0075,-0.0727,0.9972,-0.0401,0.1026,-0.1454
2025-11-27 12:25:33.504,20,20,20,0.00,0.0000,0.0000,0.0086,0.0075,-0.0727,0.9972,-0.0401,0.1026,-0.1454
2025-11-27 12:25:34.505,20,20,20,0.00,0.0052,-0.0026,0.0086,0.0075,-0.0727,0.9972,-0.0401,0.1026,-0.1454
2025-11-27 12:25:35.505,19,20,20,0.00,-0.0052,-0.0052,0.0086,0.0075,-0.0727,0.9972,-0.0401,0.1026,-0.1454
2025-11-27 12:25:36.504,20,20,20,0.00,-0.0026,-0.0026,0.0086,0.0075,-0.0727,0.9972,-0.0401,0.1026,-0.1454
2025-11-27 12:25:37.504,20,20,20,0.00,0.0026,0.0026,0.0086,0.0075,-0.0727,0.9972,-0.0401,0.1026,-0.1454
2025-11-27 12:25:38.505,20,20,20,0.00,0.0026,0.0026,0.0086,0.0075,-0.0727,0.9972,-0.0401,0.1026,-0.1454
2025-11-27 12:25:39.504,20,20,20,0.00,-0.0026,0.0000,0.0086,0.0075,-0.0727,0.9972,-0.0401,0.1026,-0.1454
2025-11-27 12:25:40.505,20,20,20,0.00,-0.0026,0.0052,0.0086,0.0075,-0.0727,0.9972,-0.0401,0.1026,-0.1454
2025-11-27 12:25:41.504,20,20,20,0.00,-0.0026,0.0000,0.0086,0.0075,-0.0727,0.9972,-0.0401,0.1026,-0.1454
2025-11-27 12:25:42.504,20,20,20,0.00,0.0000,0.0052,0.0086,0.0075,-0.0727,0.9972,-0.0401,0.1026,-0.1454
2025-11-27 12:25:43.505,20,20,20,0.00,0.0000,0.0000,0.0086,0.0075,-0.0727,0.9972,-0.0401,0.1026,-0.1454
2025-11-27 12:25:44.505,20,20,20,0.00,0.0026,0.0052,0.0086,0.0075,-0.0727,0.9972,-0.0401,0.1026,-0.1454
2025-11-27 12:25:45.505,19,20,20,0.00,-0.0026,0.0000,0.0086,0.0075,-0.0727,0.9972,-0.0401,0.1026,-0.1454
2025-11-27 12:25:46.505,20,20,20,0.00,0.0026,-0.0026,0.0086,0.0075,-0.0727,0.9972,-0.0401,0.1026,-0.1454
2025-11-27 12:25:47.504,20,20,20,0.00,0.0000,0.0000,0.0086,0.0075,-0.0727,0.9972,-0.0401,0.1026,-0.1454
2025-11-27 12:25:48.504,19,20,20,0.00,0.0000,-0.0026,0.0086,0.0075,-0.0727,0.9972,-0.0400,0.1026,-0.1454
2025-11-27 12:25:49.505,20,20,20,0.00,0.0000,0.0000,0.0086,0.0075,-0.0727,0.9972,-0.0400,0.1026,-0.1454
2025-11-27 12:25:50.507,20,20,20,0.00,-0.0026,0.0000,0.0086,0.0075,-0.0727,0.9972,-0.0400,0.1026,-0.1454
2025-11-27 12:25:51.504,20,20,20,0.00,-0.0026,-0.0026,0.0086,0.0075,-0.0727,0.9972,-0.0400,0.1026,-0.1454
2025-11-27 12:25:52.505,20,20,20,0.00,0.0000,0.0000,0.0086,0.0075,-0.0727,0.9972,-0.0400,0.1026,-0.1454
2025-11-27 12:25:53.504,20,20,20,0.00,0.0000,0.0000,0.0086,0.0075,-0.0727,0.9972,-0.0400,0.1026,-0.1454
2025-11-27 12:25:54.505,19,20,20,0.00,0.0000,-0.0079,0.0086,0.0075,-0.0727,0.9972,-0.0400,0.1026,-0.1454
2025-11-27 12:25:55.504,19,20,20,0.00,0.0000,0.0000,0.0086,0.0075,-0.0727,0.9972,-0.0400,0.1026,-0.1454
2025-11-27 12:25:56.504,19,20,20,0.00,-0.0026,0.0052,0.0086,0.0075,-0.0727,0.9972,-0.0400,0.1026,-0.1454
2025-11-27 12:25:57.505,20,20,20,0.00,0.0000,0.0000,0.0086,0.0075,-0.0727,0.9972,-0.0400,0.1026,-0.1454
2025-11-27 12:25:58.504,20,20,20,0.00,0.0000,-0.0026,0.0086,0.0075,-0.0727,0.9972,-0.0400,0.1026,-0.1454
2025-11-27 12:25:59.505,20,20,20,0.00,0.0000,0.0000,0.0086,0.0075,-0.0727,0.9972,-0.0400,0.1026,-0.1454
2025-11-27 12:26:00.504,20,20,20,0.00,0.0000,0.0000,0.0086,0.0075,-0.0727,0.9972,-0.0400,0.1026,-0.1454
2025-11-27 12:26:01.504,20,20,20,0.00,-0.0026,0.0000,0.0086,0.0075,-0.0727,0.9972,-0.0400,0.1026,-0.1454
2025-11-27 12:26:02.504,19,20,20,0.00,0.0000,0.0000,0.0086,0.0075,-0.0727,0.9972,-0.0400,0.1026,-0.1454
2025-11-27 12:26:03.504,20,20,20,0.00,0.0000,0.0000,0.0086,0.0075,-0.0727,0.9972,-0.0400,0.1026,-0.1454
2025-11-27 12:26:04.504,20,20,20,0.00,0.0026,0.0000,0.0086,0.0075,-0.0727,0.9972,-0.0400,0.1026,-0.1454
2025-11-27 12:26:05.504,20,20,20,0.00,0.0026,-0.0052,0.0086,0.0075,-0.0727,0.9972,-0.0400,0.1026,-0.1454
2025-11-27 12:26:06.504,19,20,20,0.00,0.0000,0.0000,0.0086,0.0075,-0.0727,0.9972,-0.0400,0.1026,-0.1454
2025-11-27 12:26:07.506,20,20,20,0.00,0.0000,0.0000,0.0086,0.0075,-0.0727,0.9972,-0.0400,0.1026,-0.1454
2025-11-27 12:26:08.505,20,20,20,0.00,0.0000,0.0000,0.0086,0.0075,-0.0727,0.9972,-0.0400,0.1026,-0.1454
2025-11-27 12:26:09.505,19,20,20,0.00,0.0000,0.0000,0.0086,0.0075,-0.0727,0.9972,-0.0400,0.1026,-0.1454
2025-11-27 12:26:10.504,20,20,20,0.00,0.0052,0.0026,0.0086,0.0075,-0.0727,0.9972,-0.0400,0.1026,-0.1454
2025-11-27 12:26:11.504,19,20,20,0.00,0.0000,0.0026,0.0086,0.0075,-0.0727,0.9972,-0.0400,0.1026,-0.1454
2025-11-27 12:26:12.504,20,20,20,0.00,0.0000,-0.0026,0.0086,0.0075,-0.0727,0.9972,-0.0401,0.1026,-0.1454
2025-11-27 12:26:13.505,20,20,20,0.00,-0.0026,0.0000,0.0086,0.0075,-0.0727,0.9972,-0.0401,0.1026,-0.1454
2025-11-27 12:26:14.504,20,20,20,0.00,0.0000,-0.0026,0.0086,0.0075,-0.0727,0.9972,-0.0401,0.1026,-0.1454
2025-11-27 12:26:15.504,20,20,20,0.00,0.0000,0.0000,0.0086,0.0075,-0.0727,0.9972,-0.0401,0.1026,-0.1454
2025-11-27 12:26:16.505,20,20,20,0.00,0.0000,-0.0052,0.0086,0.0075,-0.0727,0.9972,-0.0401,0.1026,-0.1454
2025-11-27 12:26:17.505,20,20,20,0.00,0.0000,0.0000,0.0086,0.0075,-0.0727,0.9972,-0.0401,0.1026,-0.1454
2025-11-27 12:26:18.504,20,20,20,0.00,0.0000,0.0000,0.0086,0.0075,-0.0727,0.9972,-0.0401,0.1026,-0.1454
2025-11-27 12:26:19.505,20,20,20,0.00,0.0000,0.0000,0.0086,0.0075,-0.0727,0.9972,-0.0401,0.1026,-0.1454
2025-11-27 12:26:20.505,20,20,20,0.00,0.0000,0.0000,0.0086,0.0075,-0.0727,0.9972,-0.0400,0.1026,-0.1454
2025-11-27 12:26:21.505,20,20,20,0.00,0.0000,-0.0052,0.0086,0.0075,-0.0727,0.9972,-0.0400,0.1026,-0.1454
2025-11-27 12:26:22.504,20,20,20,0.00,0.0000,0.0052,0.0086,0.0075,-0.0727,0.9972,-0.0400,0.1026,-0.1454
2025-11-27 12:26:23.504,20,20,20,0.00,0.0000,-0.0026,0.0086,0.0075,-0.0727,0.9972,-0.0401,0.1026,-0.1454
2025-11-27 12:26:24.504,18,20,20,0.00,0.0000,0.0000,0.0086,0.0075,-0.0727,0.9972,-0.0401,0.1026,-0.1454
2025-11-27 12:26:25.504,20,20,20,0.00,0.0000,0.0000,0.0086,0.0075,-0.0727,0.9972,-0.0401,0.1026,-0.1454
2025-11-27 12:26:26.505,20,20,20,0.00,0.0079,0.0000,0.0086,0.0075,-0.0727,0.9972,-0.0401,0.1026,-0.1454
2025-11-27 12:26:27.504,20,20,20,0.00,0.0000,0.0000,0.0086,0.0075,-0.0727,0.9972,-0.0401,0.1026,-0.1454
2025-11-27 12:26:28.504,19,20,20,0.00,-0.0026,0.0000,0.0086,0.0075,-0.0727,0.9972,-0.0401,0.1026,-0.1454
2025-11-27 12:26:29.504,20,20,20,0.00,0.0000,-0.0026,0.0086,0.0075,-0.0727,0.9972,-0.0401,0.1026,-0.1454
2025-11-27 12:26:30.504,20,20,20,0.00,-0.0026,0.0000,0.0086,0.0075,-0.0727,0.9972,-0.0401,0.1026,-0.1454
2025-11-27 12:26:31.504,20,20,20,0.00,0.0000,0.0000,0.0086,0.0075,-0.0727,0.9972,-0.0400,0.1026,-0.1454
2025-11-27 12:26:32.505,20,20,20,0.00,0.0026,0.0000,0.0086,0.0075,-0.0727,0.9972,-0.0400,0.1026,-0.1454
2025-11-27 12:26:33.504,20,20,20,0.00,0.0000,0.0000,0.0086,0.0075,-0.0727,0.9972,-0.0400,0.1026,-0.1454
2025-11-27 12:26:34.504,19,20,20,0.00,0.0000,0.0000,0.0086,0.0075,-0.0727,0.9972,-0.0400,0.1026,-0.1454
2025-11-27 12:26:35.504,19,20,20,0.00,-0.0079,0.0000,0.0086,0.0075,-0.0727,0.9972,-0.0401,0.1026,-0.1454
2025-11-27 12:26:36.505,20,20,20,0.00,0.0026,0.0000,0.0086,0.0075,-0.0727,0.9972,-0.0401,0.1026,-0.1454
2025-11-27 12:26:37.504,20,20,20,0.00,0.0000,0.0000,0.0086,0.0075,-0.0727,0.9972,-0.0401,0.1026,-0.1454
2025-11-27 12:26:38.505,20,20,20,0.00,-0.0026,0.0000,0.0086,0.0075,-0.0727,0.9972,-0.0401,0.1026,-0.1454
2025-11-27 12:26:39.505,19,20,20,0.00,-0.0052,0.0000,0.0086,0.0075,-0.0727,0.9972,-0.0400,0.1026,-0.1454
2025-11-27 12:26:40.504,20,20,20,0.00,-0.0026,0.0000,0.0086,0.0075,-0.0727,0.9972,-0.0400,0.1026,-0.1454
2025-11-27 12:26:41.504,19,20,20,0.00,0.0000,0.0000,0.0086,0.0075,-0.0727,0.9972,-0.0400,0.1026,-0.1454
2025-11-27 12:26:42.504,20,20,20,0.00,0.0000,0.0026,0.0086,0.0075,-0.0727,0.9972,-0.0400,0.1026,-0.1454
2025-11-27 12:26:43.504,20,20,20,0.00,0.0026,-0.0026,0.0086,0.0075,-0.0727,0.9972,-0.0400,0.1026,-0.1454
2025-11-27 12:26:44.504,20,20,20,0.00,0.0000,0.0000,0.0086,0.0075,-0.0727,0.9972,-0.0400,0.1026,-0.1454
2025-11-27 12:26:45.504,20,20,20,0.00,-0.0026,0.0079,0.0086,0.0075,-0.0727,0.9972,-0.0400,0.1026,-0.1454
2025-11-27 12:26:46.504,19,20,20,0.00,0.0026,0.0000,0.0086,0.0075,-0.0727,0.9972,-0.0400,0.1026,-0.1454
2025-11-27 12:26:47.504,20,20,20,0.00,0.0000,0.0000,0.0086,0.0075,-0.0727,0.9972,-0.0400,0.1026,-0.1454
2025-11-27 12:26:48.505,20,20,20,0.00,0.0000,-0.0079,0.0086,0.0075,-0.0727,0.9972,-0.0400,0.1026,-0.1454
2025-11-27 12:26:49.505,20,20,20,0.00,0.0026,0.0000,0.0086,0.0075,-0.0727,0.9972,-0.0400,0.1026,-0.1454
2025-11-27 12:26:50.504,20,20,20,0.00,0.0000,0.0000,0.0086,0.0075,-0.0727,0.9972,-0.0400,0.1026,-0.1454
2025-11-27 12:26:51.504,20,20,20,0.00,-0.0026,0.0026,0.0086,0.0075,-0.0727,0.9972,-0.0400,0.1026,-0.1454
2025-11-27 12:26:52.504,19,20,20,0.00,-0.0052,0.0000,0.0086,0.0075,-0.0727,0.9972,-0.0400,0.1026,-0.1454
2025-11-27 12:26:53.504,20,20,20,0.00,-0.0026,-0.0026,0.0086,0.0075,-0.0727,0.9972,-0.0400,0.1026,-0.1454
2025-11-27 12:26:54.504,19,20,20,0.00,0.0000,0.0000,0.0086,0.0075,-0.0727,0.9972,-0.0400,0.1026,-0.1454
2025-11-27 12:26:55.504,20,20,20,0.00,-0.0052,-0.0026,0.0086,0.0075,-0.0727,0.9972,-0.0400,0.1026,-0.1454
2025-11-27 12:26:56.504,19,20,20,0.00,0.0000,0.0052,0.0086,0.0075,-0.0727,0.9972,-0.0401,0.1026,-0.1454
2025-11-27 12:26:57.505,20,20,20,0.00,0.0000,0.0000,0.0086,0.0075,-0.0727,0.9972,-0.0401,0.1026,-0.1454
2025-11-27 12:26:58.504,20,20,20,0.00,0.0026,0.0000,0.0086,0.0075,-0.0727,0.9972,-0.0401,0.1026,-0.1454
2025-11-27 12:26:59.504,20,20,20,0.00,-0.0026,0.0000,0.0086,0.0075,-0.0727,0.9972,-0.0401,0.1026,-0.1454
2025-11-27 12:27:00.504,19,20,20,0.00,0.0000,0.0079,0.0086,0.0075,-0.0727,0.9972,-0.0401,0.1026,-0.1454
2025-11-27 12:27:01.504,20,20,20,0.00,0.0000,0.0000,0.0086,0.0075,-0.0727,0.9972,-0.0401,0.1026,-0.1454
2025-11-27 12:27:02.505,20,20,20,0.00,0.0026,0.0000,0.0086,0.0075,-0.0727,0.9972,-0.0401,0.1026,-0.1454
2025-11-27 12:27:03.504,20,20,20,0.00,0.0000,0.0000,0.0086,0.0075,-0.0727,0.9972,-0.0401,0.1026,-0.1454
2025-11-27 12:27:04.505,20,20,20,0.00,0.0026,-0.0052,0.0086,0.0075,-0.0727,0.9972,-0.0401,0.1026,-0.1454
2025-11-27 12:27:05.505,20,20,20,0.00,-0.0026,0.0026,0.0086,0.0075,-0.0727,0.9972,-0.0401,0.1026,-0.1454
2025-11-27 12:27:06.504,20,20,20,0.00,-0.0052,0.0026,0.0086,0.0075,-0.0727,0.9972,-0.0401,0.1026,-0.1454
2025-11-27 12:27:07.504,20,20,20,0.00,0.0000,0.0000,0.0086,0.0075,-0.0727,0.9972,-0.0401,0.1026,-0.1454
2025-11-27 12:27:08.505,20,20,20,0.00,0.0026,0.0000,0.0086,0.0075,-0.0727,0.9972,-0.0401,0.1026,-0.1454
2025-11-27 12:27:09.504,20,20,20,0.00,-0.0104,0.0000,0.0086,0.0075,-0.0727,0.9972,-0.0400,0.1026,-0.1454
2025-11-27 12:27:10.504,20,20,20,0.00,0.0026,0.0000,0.0086,0.0075,-0.0727,0.9972,-0.0401,0.1026,-0.1454
2025-11-27 12:27:11.504,20,20,20,0.00,0.0000,0.0026,0.0086,0.0075,-0.0727,0.9972,-0.0401,0.1026,-0.1454
2025-11-27 12:27:12.504,19,20,20,0.00,0.0000,-0.0052,0.0086,0.0075,-0.0727,0.9972,-0.0401,0.1026,-0.1454
2025-11-27 12:27:13.505,20,20,20,0.00,0.0000,0.0000,0.0086,0.0075,-0.0727,0.9972,-0.0401,0.1026,-0.1454
2025-11-27 12:27:14.504,19,20,20,0.00,0.0000,0.0026,0.0086,0.0075,-0.0727,0.9972,-0.0401,0.1026,-0.1454
2025-11-27 12:27:15.504,20,20,20,0.00,0.0000,0.0000,0.0086,0.0075,-0.0727,0.9972,-0.0401,0.1026,-0.1454
2025-11-27 12:27:16.504,20,20,20,0.00,0.0026,0.0000,0.0086,0.0075,-0.0727,0.9972,-0.0401,0.1026,-0.1454
2025-11-27 12:27:17.504,20,20,20,0.00,0.0000,0.0000,0.0086,0.0075,-0.0727,0.9972,-0.0401,0.1026,-0.1454
2025-11-27 12:27:18.504,20,20,20,0.00,0.0000,0.0026,0.0086,0.0075,-0.0727,0.9972,-0.0401,0.1026,-0.1454
2025-11-27 12:27:19.504,20,20,20,0.00,0.0000,-0.0026,0.0086,0.0075,-0.0727,0.9972,-0.0400,0.1026,-0.1454
2025-11-27 12:27:20.505,20,20,20,0.00,0.0000,-0.0026,0.0086,0.0075,-0.0727,0.9972,-0.0400,0.1026,-0.1454
2025-11-27 12:27:21.504,20,20,20,0.00,0.0000,0.0026,0.0086,0.0075,-0.0727,0.9972,-0.0401,0.1026,-0.1454
2025-11-27 12:27:22.504,20,20,20,0.00,0.0000,0.0000,0.0086,0.0075,-0.0727,0.9972,-0.0400,0.1026,-0.1454
2025-11-27 12:27:23.504,20,20,20,0.00,-0.0026,0.0000,0.0086,0.0075,-0.0727,0.9972,-0.0400,0.1026,-0.1454
2025-11-27 12:27:24.504,20,20,20,0.00,-0.0026,0.0000,0.0086,0.0075,-0.0727,0.9972,-0.0400,0.1026,-0.1454
2025-11-27 12:27:25.504,20,20,20,0.00,-0.0026,0.0026,0.0086,0.0075,-0.0727,0.9972,-0.0400,0.1026,-0.1454
2025-11-27 12:27:26.504,20,20,20,0.00,0.0000,-0.0052,0.0086,0.0075,-0.0727,0.9972,-0.0400,0.1026,-0.1454
2025-11-27 12:27:27.505,20,20,20,0.00,0.0000,0.0000,0.0086,0.0075,-0.0727,0.9972,-0.0400,0.1026,-0.1454
2025-11-27 12:27:28.504,20,20,20,0.00,0.0000,0.0000,0.0086,0.0075,-0.0727,0.9972,-0.0400,0.1026,-0.1454
2025-11-27 12:27:29.505,18,20,20,0.00,0.0000,-0.0052,0.0086,0.0075,-0.0727,0.9972,-0.0400,0.1026,-0.1454
2025-11-27 12:27:30.505,20,20,20,0.00,-0.0026,0.0026,0.0086,0.0075,-0.0727,0.9972,-0.0400,0.1026,-0.1454
2025-11-27 12:27:31.505,20,20,20,0.00,-0.0026,0.0000,0.0086,0.0075,-0.0727,0.9972,-0.0400,0.1026,-0.1454
2025-11-27 12:27:32.504,19,20,20,0.00,0.0000,-0.0026,0.0086,0.0075,-0.0727,0.9972,-0.0400,0.1026,-0.1454
2025-11-27 12:27:33.504,20,20,20,0.00,-0.0026,0.0000,0.0086,0.0075,-0.0727,0.9972,-0.0400,0.1026,-0.1454
2025-11-27 12:27:34.505,20,20,20,0.00,0.0000,0.0000,0.0086,0.0075,-0.0727,0.9972,-0.0400,0.1026,-0.1454
2025-11-27 12:27:35.504,18,20,20,0.00,-0.0052,0.0026,0.0086,0.0075,-0.0727,0.9972,-0.0400,0.1026,-0.1454
2025-11-27 12:27:36.504,13,20,20,0.00,0.0000,0.0000,0.0086,0.0075,-0.0727,0.9972,-0.0400,0.1026,-0.1454
2025-11-27 12:27:37.504,19,19,20,0.00,0.0026,0.0026,0.0086,0.0075,-0.0727,0.9972,-0.0400,0.1026,-0.1454
2025-11-27 12:27:38.504,20,20,20,0.00,0.0000,0.0079,0.0086,0.0075,-0.0727,0.9972,-0.0400,0.1026,-0.1454
2025-11-27 12:27:39.504,20,20,20,0.00,0.0026,-0.0026,0.0086,0.0075,-0.0727,0.9972,-0.0400,0.1026,-0.1454
2025-11-27 12:27:40.504,20,20,20,0.00,0.0052,0.0000,0.0086,0.0075,-0.0727,0.9972,-0.0400,0.1026,-0.1454
2025-11-27 12:27:41.505,19,20,20,0.00,0.0000,0.0026,0.0086,0.0075,-0.0727,0.9972,-0.0400,0.1026,-0.1454
2025-11-27 12:27:42.505,20,20,20,0.00,-0.0052,0.0000,0.0086,0.0075,-0.0727,0.9972,-0.0400,0.1026,-0.1454
2025-11-27 12:27:43.505,20,20,20,0.00,0.0026,-0.0236,0.0086,0.0075,-0.0727,0.9972,-0.0400,0.1026,-0.1454
2025-11-27 12:27:44.504,20,20,20,0.00,0.0000,0.0000,0.0086,0.0075,-0.0727,0.9972,-0.0401,0.1026,-0.1454
2025-11-27 12:27:45.504,20,20,20,0.00,0.0000,0.0026,0.0086,0.0075,-0.0727,0.9972,-0.0401,0.1026,-0.1454
2025-11-27 12:27:46.505,20,20,20,0.00,0.0026,0.0000,0.0086,0.0075,-0.0727,0.9972,-0.0401,0.1026,-0.1454
2025-11-27 12:27:47.504,20,20,20,0.00,0.0000,0.0000,0.0086,0.0075,-0.0727,0.9972,-0.0401,0.1026,-0.1454
2025-11-27 12:27:48.505,20,20,20,0.00,-0.0026,0.0000,0.0086,0.0075,-0.0727,0.9972,-0.0401,0.1026,-0.1454
2025-11-27 12:27:49.504,20,20,20,0.00,-0.0026,0.0000,0.0086,0.0075,-0.0727,0.9972,-0.0401,0.1026,-0.1454
2025-11-27 12:27:50.505,20,20,20,0.00,0.0000,0.0000,0.0086,0.0075,-0.0727,0.9972,-0.0401,0.1026,-0.1454
2025-11-27 12:27:51.504,20,20,20,0.00,0.0000,0.0026,0.0086,0.0075,-0.0727,0.9972,-0.0401,0.1026,-0.1454
2025-11-27 12:27:52.504,20,20,20,0.00,0.0000,0.0000,0.0086,0.0075,-0.0727,0.9972,-0.0401,0.1026,-0.1454
2025-11-27 12:27:53.504,18,20,20,0.00,0.0000,0.0000,0.0086,0.0075,-0.0727,0.9972,-0.0401,0.1026,-0.1454
2025-11-27 12:27:54.505,20,20,20,0.00,0.0026,0.0000,0.0086,0.0075,-0.0727,0.9972,-0.0401,0.1026,-0.1454
2025-11-27 12:27:55.505,20,20,20,0.00,0.0000,0.0026,0.0086,0.0075,-0.0727,0.9972,-0.0401,0.1026,-0.1454
2025-11-27 12:27:56.504,20,20,20,0.00,0.0026,0.0000,0.0086,0.0075,-0.0727,0.9972,-0.0401,0.1026,-0.1454
2025-11-27 12:27:57.505,19,20,20,0.00,0.0000,0.0000,0.0086,0.0075,-0.0727,0.9972,-0.0401,0.1026,-0.1454
2025-11-27 12:27:58.505,20,20,20,0.00,-0.0026,0.0000,0.0086,0.0075,-0.0727,0.9972,-0.0401,0.1026,-0.1454
2025-11-27 12:27:59.504,19,20,20,0.00,0.0000,0.0000,0.0086,0.0075,-0.0727,0.9972,-0.0401,0.1026,-0.1454
2025-11-27 12:28:00.504,20,20,20,0.00,0.0000,0.0000,0.0086,0.0075,-0.0727,0.9972,-0.0401,0.1026,-0.1454
2025-11-27 12:28:01.505,20,20,20,0.00,0.0000,0.0000,0.0086,0.0075,-0.0727,0.9972,-0.0401,0.1026,-0.1454
2025-11-27 12:28:02.504,20,20,20,0.00,0.0000,0.0052,0.0086,0.0075,-0.0727,0.9972,-0.0401,0.1026,-0.1454
2025-11-27 12:28:03.504,20,20,20,0.00,-0.0052,-0.0052,0.0086,0.0075,-0.0727,0.9972,-0.0400,0.1026,-0.1454
2025-11-27 12:28:04.504,19,20,20,0.00,0.0000,0.0000,0.0086,0.0075,-0.0727,0.9972,-0.0400,0.1026,-0.1454
2025-11-27 12:28:05.504,20,20,20,0.00,0.0000,0.0026,0.0086,0.0075,-0.0727,0.9972,-0.0400,0.1026,-0.1454
2025-11-27 12:28:06.504,20,20,20,0.00,-0.0052,-0.0026,0.0086,0.0075,-0.0727,0.9972,-0.0400,0.1026,-0.1454
2025-11-27 12:28:07.506,20,20,20,0.00,0.0000,0.0000,0.0086,0.0075,-0.0727,0.9972,-0.0400,0.1026,-0.1454
2025-11-27 12:28:08.504,20,20,20,0.00,0.0000,0.0000,0.0086,0.0075,-0.0727,0.9972,-0.0400,0.1026,-0.1454
2025-11-27 12:28:09.505,20,20,20,0.00,0.0000,0.0000,0.0086,0.0075,-0.0727,0.9972,-0.0400,0.1026,-0.1454
2025-11-27 12:28:10.504,20,20,20,0.00,0.0000,0.0000,0.0086,0.0075,-0.0727,0.9972,-0.0400,0.1026,-0.1454
2025-11-27 12:28:11.504,19,20,20,0.00,0.0026,0.0000,0.0086,0.0075,-0.0727,0.9972,-0.0400,0.1026,-0.1454
2025-11-27 12:28:12.504,20,20,20,0.00,0.0000,0.0026,0.0086,0.0075,-0.0727,0.9972,-0.0400,0.1026,-0.1454
2025-11-27 12:28:13.504,20,20,20,0.00,0.0000,-0.0026,0.0086,0.0075,-0.0727,0.9972,-0.0400,0.1026,-0.1454
2025-11-27 12:28:14.505,20,20,20,0.00,-0.0026,0.0026,0.0086,0.0075,-0.0727,0.9972,-0.0400,0.1026,-0.1454
2025-11-27 12:28:15.505,20,20,20,0.00,0.0000,0.0026,0.0086,0.0075,-0.0727,0.9972,-0.0400,0.1026,-0.1454
2025-11-27 12:28:16.505,20,20,20,0.00,0.0000,0.0000,0.0086,0.0075,-0.0727,0.9972,-0.0400,0.1026,-0.1454
2025-11-27 12:28:17.505,20,20,20,0.00,0.0000,-0.0026,0.0086,0.0075,-0.0727,0.9972,-0.0400,0.1026,-0.1454
2025-11-27 12:28:18.504,20,20,20,0.00,-0.0026,0.0000,0.0086,0.0075,-0.0727,0.9972,-0.0400,0.1026,-0.1454
2025-11-27 12:28:19.504,20,20,20,0.00,-0.0026,-0.0026,0.0086,0.0075,-0.0727,0.9972,-0.0400,0.1026,-0.1454
2025-11-27 12:28:20.504,20,20,20,0.00,0.0000,-0.0026,0.0086,0.0075,-0.0727,0.9972,-0.0400,0.1026,-0.1454
2025-11-27 12:28:21.504,20,20,20,0.00,0.0000,0.0000,0.0086,0.0075,-0.0727,0.9972,-0.0400,0.1026,-0.1454
2025-11-27 12:28:22.504,20,20,20,0.00,0.0000,-0.0052,0.0086,0.0075,-0.0727,0.9972,-0.0400,0.1026,-0.1454
2025-11-27 12:28:23.504,20,20,20,0.00,0.0000,0.0000,0.0086,0.0075,-0.0727,0.9972,-0.0400,0.1026,-0.1454
2025-11-27 12:28:24.505,20,20,20,0.00,0.0000,0.0000,0.0086,0.0075,-0.0727,0.9972,-0.0400,0.1026,-0.1454
2025-11-27 12:28:25.504,20,20,20,0.00,0.0052,0.0052,0.0086,0.0075,-0.0727,0.9972,-0.0400,0.1026,-0.1454
2025-11-27 12:28:26.504,19,19,20,0.00,0.0000,0.0052,0.0086,0.0075,-0.0727,0.9972,-0.0400,0.1026,-0.1454
2025-11-27 12:28:27.504,20,20,20,0.00,0.0000,0.0000,0.0086,0.0075,-0.0727,0.9972,-0.0400,0.1026,-0.1454
2025-11-27 12:28:28.504,20,20,20,0.00,-0.0052,0.0000,0.0086,0.0075,-0.0727,0.9972,-0.0400,0.1026,-0.1454
2025-11-27 12:28:29.505,19,20,20,0.00,0.0000,0.0026,0.0086,0.0075,-0.0727,0.9972,-0.0400,0.1026,-0.1454
2025-11-27 12:28:30.505,20,20,20,0.00,-0.0026,-0.0079,0.0086,0.0075,-0.0727,0.9972,-0.0400,0.1026,-0.1454
2025-11-27 12:28:31.504,20,20,20,0.00,0.0000,0.0000,0.0086,0.0075,-0.0727,0.9972,-0.0400,0.1026,-0.1454
2025-11-27 12:28:32.505,20,20,20,0.00,0.0026,0.0026,0.0086,0.0075,-0.0727,0.9972,-0.0400,0.1026,-0.1454
2025-11-27 12:28:33.505,20,20,20,0.00,0.0052,0.0000,0.0086,0.0075,-0.0727,0.9972,-0.0400,0.1026,-0.1454
2025-11-27 12:28:34.504,20,20,20,0.00,0.0026,0.0000,0.0086,0.0075,-0.0727,0.9972,-0.0400,0.1026,-0.1454
2025-11-27 12:28:35.504,20,20,20,0.00,0.0000,0.0000,0.0086,0.0075,-0.0727,0.9972,-0.0400,0.1026,-0.1454
2025-11-27 12:28:36.504,20,20,20,0.00,-0.0052,0.0000,0.0086,0.0075,-0.0727,0.9972,-0.0400,0.1026,-0.1454
2025-11-27 12:28:37.505,20,20,20,0.00,-0.0052,-0.0026,0.0086,0.0075,-0.0727,0.9972,-0.0400,0.1026,-0.1454
2025-11-27 12:28:38.504,20,20,20,0.00,0.0000,0.0000,0.0086,0.0075,-0.0727,0.9972,-0.0400,0.1026,-0.1454
2025-11-27 12:28:39.505,20,20,20,0.00,0.0000,0.0000,0.0086,0.0075,-0.0727,0.9972,-0.0400,0.1026,-0.1454
2025-11-27 12:28:40.504,20,20,20,0.00,0.0000,0.0000,0.0086,0.0075,-0.0727,0.9972,-0.0400,0.1026,-0.1454
2025-11-27 12:28:41.505,20,20,20,0.00,0.0026,0.0000,0.0086,0.0075,-0.0727,0.9972,-0.0400,0.1026,-0.1454
2025-11-27 12:28:42.505,19,20,20,0.00,-0.0026,0.0000,0.0086,0.0075,-0.0727,0.9972,-0.0400,0.1026,-0.1454
2025-11-27 12:28:43.505,20,20,20,0.00,0.0052,0.0000,0.0086,0.0075,-0.0727,0.9972,-0.0400,0.1026,-0.1454
2025-11-27 12:28:44.504,20,20,20,0.00,0.0026,-0.0104,0.0086,0.0075,-0.0727,0.9972,-0.0400,0.1026,-0.1454
2025-11-27 12:28:45.505,20,20,20,0.00,0.0000,0.0026,0.0086,0.0075,-0.0727,0.9972,-0.0400,0.1026,-0.1454
2025-11-27 12:28:46.505,20,20,20,0.00,0.0000,0.0000,0.0086,0.0075,-0.0727,0.9972,-0.0401,0.1026,-0.1454
2025-11-27 12:28:47.505,20,20,20,0.00,0.0000,0.0000,0.0086,0.0075,-0.0727,0.9972,-0.0401,0.1026,-0.1454
2025-11-27 12:28:48.505,19,20,20,0.00,0.0000,0.0000,0.0086,0.0075,-0.0727,0.9972,-0.0401,0.1026,-0.1454
2025-11-27 12:28:49.505,20,20,20,0.00,0.0000,0.0000,0.0086,0.0075,-0.0727,0.9972,-0.0401,0.1026,-0.1454
2025-11-27 12:28:50.505,20,20,20,0.00,0.0000,0.0052,0.0086,0.0075,-0.0727,0.9972,-0.0401,0.1026,-0.1454
2025-11-27 12:28:51.505,20,20,20,0.00,-0.0026,0.0000,0.0086,0.0075,-0.0727,0.9972,-0.0401,0.1026,-0.1454
2025-11-27 12:28:52.505,20,20,20,0.00,0.0000,0.0000,0.0086,0.0075,-0.0727,0.9972,-0.0401,0.1026,-0.1454
2025-11-27 12:28:53.505,20,20,20,0.00,0.0000,-0.0026,0.0086,0.0075,-0.0727,0.9972,-0.0401,0.1026,-0.1454
2025-11-27 12:28:54.505,20,20,20,0.00,0.0000,0.0000,0.0086,0.0075,-0.0727,0.9972,-0.0401,0.1026,-0.1454
2025-11-27 12:28:55.504,20,20,20,0.00,-0.0026,-0.0026,0.0086,0.0075,-0.0727,0.9972,-0.0400,0.1026,-0.1454
2025-11-27 12:28:56.506,20,20,20,0.00,0.0000,0.0000,0.0086,0.0075,-0.0727,0.9972,-0.0400,0.1026,-0.1454
2025-11-27 12:28:57.504,20,20,20,0.00,0.0000,0.0000,0.0086,0.0075,-0.0727,0.9972,-0.0400,0.1026,-0.1454
2025-11-27 12:28:58.505,20,20,20,0.00,0.0000,0.0052,0.0086,0.0075,-0.0727,0.9972,-0.0400,0.1026,-0.1454
2025-11-27 12:28:59.505,20,20,20,0.00,0.0000,0.0000,0.0086,0.0075,-0.0727,0.9972,-0.0400,0.1026,-0.1454
2025-11-27 12:29:00.504,20,20,20,0.00,-0.0026,-0.0183,0.0086,0.0075,-0.0727,0.9972,-0.0400,0.1026,-0.1454
2025-11-27 12:29:01.505,20,20,20,0.00,-0.0026,0.0000,0.0086,0.0075,-0.0727,0.9972,-0.0400,0.1026,-0.1454
2025-11-27 12:29:02.505,20,20,20,0.00,-0.0026,-0.0026,0.0086,0.0075,-0.0727,0.9972,-0.0400,0.1026,-0.1454
2025-11-27 12:29:03.505,20,20,20,0.00,0.0000,-0.0026,0.0086,0.0075,-0.0727,0.9972,-0.0400,0.1026,-0.1454
2025-11-27 12:29:04.504,20,20,20,0.00,-0.0026,0.0000,0.0086,0.0075,-0.0727,0.9972,-0.0400,0.1026,-0.1454
2025-11-27 12:29:05.505,20,20,20,0.00,0.0000,0.0000,0.0086,0.0075,-0.0727,0.9972,-0.0400,0.1026,-0.1454
2025-11-27 12:29:06.504,20,20,20,0.00,0.0000,0.0000,0.0086,0.0075,-0.0727,0.9972,-0.0400,0.1026,-0.1454
2025-11-27 12:29:07.505,20,20,20,0.00,-0.0026,-0.0052,0.0086,0.0075,-0.0727,0.9972,-0.0400,0.1026,-0.1454
2025-11-27 12:29:08.504,20,20,20,0.00,0.0000,0.0000,0.0086,0.0075,-0.0727,0.9972,-0.0400,0.1026,-0.1454
2025-11-27 12:29:09.505,19,20,20,0.00,0.0000,0.0000,0.0086,0.0075,-0.0727,0.9972,-0.0400,0.1026,-0.1454
2025-11-27 12:29:10.504,20,20,20,0.00,0.0000,0.0000,0.0086,0.0075,-0.0727,0.9972,-0.0400,0.1026,-0.1454
2025-11-27 12:29:11.504,20,20,20,0.00,0.0000,0.0000,0.0086,0.0075,-0.0727,0.9972,-0.0400,0.1026,-0.1454
2025-11-27 12:29:12.504,20,20,20,0.00,-0.0026,-0.0026,0.0086,0.0075,-0.0727,0.9972,-0.0400,0.1026,-0.1454
2025-11-27 12:29:13.505,20,20,20,0.00,-0.0052,0.0000,0.0086,0.0075,-0.0727,0.9972,-0.0400,0.1026,-0.1454
2025-11-27 12:29:14.504,20,20,20,0.00,0.0000,-0.0052,0.0086,0.0075,-0.0727,0.9972,-0.0400,0.1026,-0.1454
2025-11-27 12:29:15.505,20,20,20,0.00,0.0000,0.0052,0.0086,0.0075,-0.0727,0.9972,-0.0400,0.1026,-0.1454
2025-11-27 12:29:16.505,20,20,20,0.00,0.0000,-0.0052,0.0086,0.0075,-0.0727,0.9972,-0.0400,0.1026,-0.1454
2025-11-27 12:29:17.504,20,20,20,0.00,0.0000,0.0000,0.0086,0.0075,-0.0727,0.9972,-0.0400,0.1026,-0.1454
2025-11-27 12:29:18.505,20,20,20,0.00,0.0052,0.0000,0.0086,0.0075,-0.0727,0.9972,-0.0400,0.1026,-0.1454
2025-11-27 12:29:19.505,20,20,20,0.00,0.0000,0.0000,0.0086,0.0075,-0.0727,0.9972,-0.0400,0.1026,-0.1454
2025-11-27 12:29:20.504,19,20,20,0.00,0.0000,0.0000,0.0086,0.0075,-0.0727,0.9972,-0.0400,0.1026,-0.1454
2025-11-27 12:29:21.504,20,20,20,0.00,0.0000,0.0000,0.0086,0.0075,-0.0727,0.9972,-0.0400,0.1026,-0.1454
2025-11-27 12:29:22.504,19,20,20,0.00,0.0000,0.0000,0.0086,0.0075,-0.0727,0.9972,-0.0400,0.1026,-0.1454
2025-11-27 12:29:23.504,20,20,20,0.00,-0.0026,0.0000,0.0086,0.0075,-0.0727,0.9972,-0.0400,0.1026,-0.1454
2025-11-27 12:29:24.504,20,20,20,0.00,0.0052,-0.0026,0.0086,0.0075,-0.0727,0.9972,-0.0400,0.1026,-0.1454
2025-11-27 12:29:25.504,20,20,20,0.00,0.0000,0.0000,0.0086,0.0075,-0.0727,0.9972,-0.0400,0.1026,-0.1454
2025-11-27 12:29:26.505,20,20,20,0.00,0.0026,0.0000,0.0086,0.0075,-0.0727,0.9972,-0.0400,0.1026,-0.1454
2025-11-27 12:29:27.504,20,20,20,0.00,-0.0026,0.0000,0.0086,0.0075,-0.0727,0.9972,-0.0400,0.1026,-0.1454
2025-11-27 12:29:28.504,20,20,20,0.00,0.0026,0.0000,0.0086,0.0075,-0.0727,0.9972,-0.0400,0.1026,-0.1454
2025-11-27 12:29:29.504,20,20,20,0.00,0.0000,0.0026,0.0086,0.0075,-0.0727,0.9972,-0.0400,0.1026,-0.1454
2025-11-27 12:29:30.504,20,20,20,0.00,-0.0052,0.0000,0.0086,0.0075,-0.0727,0.9972,-0.0400,0.1026,-0.1454
2025-11-27 12:29:31.504,20,20,20,0.00,0.0000,-0.0026,0.0086,0.0075,-0.0727,0.9972,-0.0400,0.1026,-0.1454
2025-11-27 12:29:32.505,20,20,20,0.00,0.0000,0.0026,0.0086,0.0075,-0.0727,0.9972,-0.0400,0.1026,-0.1454
2025-11-27 12:29:33.504,19,20,20,0.00,-0.0026,0.0000,0.0086,0.0075,-0.0727,0.9972,-0.0399,0.1026,-0.1454
2025-11-27 12:29:34.504,20,20,20,0.00,-0.0026,0.0052,0.0086,0.0075,-0.0727,0.9972,-0.0399,0.1026,-0.1454
2025-11-27 12:29:35.505,19,20,20,0.00,0.0000,0.0000,0.0086,0.0075,-0.0727,0.9972,-0.0399,0.1026,-0.1454
2025-11-27 12:29:36.505,20,20,20,0.00,0.0052,0.0000,0.0086,0.0075,-0.0727,0.9972,-0.0399,0.1026,-0.1454
2025-11-27 12:29:37.505,20,20,20,0.00,0.0000,0.0000,0.0086,0.0075,-0.0727,0.9972,-0.0399,0.1026,-0.1454
2025-11-27 12:29:38.505,20,20,20,0.00,0.0000,-0.0026,0.0086,0.0075,-0.0727,0.9972,-0.0399,0.1026,-0.1454
2025-11-27 12:29:39.504,20,20,20,0.00,0.0026,0.0000,0.0086,0.0075,-0.0727,0.9972,-0.0400,0.1026,-0.1454
2025-11-27 12:29:40.506,20,20,20,0.00,0.0000,0.0000,0.0086,0.0075,-0.0727,0.9972,-0.0400,0.1026,-0.1454
2025-11-27 12:29:41.505,20,20,20,0.00,0.0000,0.0000,0.0086,0.0075,-0.0727,0.9972,-0.0400,0.1026,-0.1454
2025-11-27 12:29:42.507,20,20,20,0.00,0.0000,0.0052,0.0086,0.0075,-0.0727,0.9972,-0.0400,0.1026,-0.1454
2025-11-27 12:29:43.505,19,20,20,0.00,0.0052,0.0000,0.0086,0.0075,-0.0727,0.9972,-0.0400,0.1026,-0.1454
2025-11-27 12:29:44.505,20,20,20,0.00,0.0000,0.0026,0.0086,0.0075,-0.0727,0.9972,-0.0400,0.1026,-0.1454
2025-11-27 12:29:45.504,20,20,20,0.00,0.0000,0.0000,0.0086,0.0075,-0.0727,0.9972,-0.0400,0.1026,-0.1454
2025-11-27 12:29:46.505,20,20,20,0.00,0.0026,0.0000,0.0086,0.0075,-0.0727,0.9972,-0.0400,0.1026,-0.1454
2025-11-27 12:29:47.506,20,20,20,0.00,0.0000,0.0052,0.0086,0.0075,-0.0727,0.9972,-0.0400,0.1026,-0.1454
2025-11-27 12:29:48.505,20,20,20,0.00,0.0026,0.0000,0.0086,0.0075,-0.0727,0.9972,-0.0400,0.1026,-0.1454
2025-11-27 12:29:49.504,20,20,20,0.00,0.0000,0.0000,0.0086,0.0075,-0.0727,0.9972,-0.0400,0.1026,-0.1454
2025-11-27 12:29:50.505,20,20,20,0.00,0.0000,-0.0026,0.0086,0.0075,-0.0727,0.9972,-0.0400,0.1026,-0.1454
2025-11-27 12:29:51.505,20,20,20,0.00,0.0000,0.0000,0.0086,0.0075,-0.0727,0.9972,-0.0400,0.1026,-0.1454
2025-11-27 12:29:52.508,19,20,20,0.00,-0.0026,0.0000,0.0086,0.0075,-0.0727,0.9972,-0.0400,0.1026,-0.1454
2025-11-27 12:29:53.505,20,20,20,0.00,0.0052,0.0000,0.0086,0.0075,-0.0727,0.9972,-0.0400,0.1026,-0.1454
2025-11-27 12:29:54.505,20,20,20,0.00,0.0000,0.0000,0.0086,0.0075,-0.0727,0.9972,-0.0400,0.1026,-0.1454
2025-11-27 12:29:55.504,20,20,20,0.00,0.0000,-0.0026,0.0086,0.0075,-0.0727,0.9972,-0.0400,0.1026,-0.1454
2025-11-27 12:29:56.504,20,20,20,0.00,0.0000,0.0000,0.0086,0.0075,-0.0727,0.9972,-0.0400,0.1026,-0.1454
2025-11-27 12:29:57.504,20,20,20,0.00,0.0079,0.0000,0.0086,0.0075,-0.0727,0.9972,-0.0400,0.1026,-0.1454
2025-11-27 12:29:58.505,20,20,20,0.00,0.0026,0.0000,0.0086,0.0075,-0.0727,0.9972,-0.0400,0.1026,-0.1454
2025-11-27 12:29:59.505,20,20,20,0.00,0.0000,0.0026,0.0086,0.0075,-0.0727,0.9972,-0.0400,0.1026,-0.1454
2025-11-27 12:30:00.506,20,20,20,0.00,0.0000,0.0000,0.0086,0.0075,-0.0727,0.9972,-0.0400,0.1026,-0.1454
2025-11-27 12:30:01.504,20,20,20,0.00,0.0000,0.0000,0.0086,0.0075,-0.0727,0.9972,-0.0400,0.1026,-0.1454
2025-11-27 12:30:02.505,20,20,20,0.00,0.0079,0.0000,0.0086,0.0075,-0.0727,0.9972,-0.0400,0.1026,-0.1454
2025-11-27 12:30:03.505,20,20,20,0.00,0.0000,0.0000,0.0086,0.0075,-0.0727,0.9972,-0.0400,0.1026,-0.1454
2025-11-27 12:30:04.504,20,20,20,0.00,0.0052,0.0000,0.0086,0.0075,-0.0727,0.9972,-0.0400,0.1026,-0.1454
2025-11-27 12:30:05.505,20,20,20,0.00,0.0000,0.0000,0.0086,0.0075,-0.0727,0.9972,-0.0400,0.1026,-0.1454
2025-11-27 12:30:06.505,19,20,20,0.00,0.0000,0.0000,0.0086,0.0075,-0.0727,0.9972,-0.0400,0.1026,-0.1454
2025-11-27 12:30:07.505,20,20,20,0.00,0.0000,0.0079,0.0086,0.0075,-0.0727,0.9972,-0.0400,0.1026,-0.1454
2025-11-27 12:30:08.506,18,20,20,0.00,0.0052,0.0000,0.0086,0.0075,-0.0727,0.9972,-0.0400,0.1026,-0.1454
2025-11-27 12:30:09.505,20,20,20,0.00,0.0026,0.0000,0.0086,0.0075,-0.0727,0.9972,-0.0400,0.1026,-0.1454
2025-11-27 12:30:10.504,20,20,20,0.00,0.0052,0.0000,0.0086,0.0075,-0.0727,0.9972,-0.0400,0.1026,-0.1454
2025-11-27 12:30:11.506,20,20,20,0.00,-0.0026,0.0000,0.0086,0.0075,-0.0727,0.9972,-0.0400,0.1026,-0.1454
2025-11-27 12:30:12.504,20,20,20,0.00,0.0026,0.0000,0.0086,0.0075,-0.0727,0.9972,-0.0400,0.1026,-0.1454
2025-11-27 12:30:13.505,19,20,20,0.00,0.0000,0.0026,0.0086,0.0075,-0.0727,0.9972,-0.0400,0.1026,-0.1454
2025-11-27 12:30:14.505,20,20,20,0.00,0.0052,0.0000,0.0086,0.0075,-0.0727,0.9972,-0.0400,0.1026,-0.1454
2025-11-27 12:30:15.506,19,20,20,0.00,0.0000,0.0000,0.0086,0.0075,-0.0727,0.9972,-0.0400,0.1026,-0.1454
2025-11-27 12:30:16.505,20,20,20,0.00,-0.0026,0.0000,0.0086,0.0075,-0.0727,0.9972,-0.0400,0.1026,-0.1454
2025-11-27 12:30:17.506,19,20,20,0.00,0.0000,0.0000,0.0086,0.0075,-0.0727,0.9972,-0.0400,0.1026,-0.1454
2025-11-27 12:30:18.505,20,20,20,0.00,0.0000,0.0000,0.0086,0.0075,-0.0727,0.9972,-0.0400,0.1026,-0.1454
2025-11-27 12:30:19.506,19,20,20,0.00,0.0026,0.0000,0.0086,0.0075,-0.0727,0.9972,-0.0400,0.1026,-0.1454
2025-11-27 12:30:20.506,20,20,20,0.00,0.0000,0.0000,0.0086,0.0075,-0.0727,0.9972,-0.0400,0.1026,-0.1454
2025-11-27 12:30:21.505,20,20,20,0.00,0.0026,0.0000,0.0086,0.0075,-0.0727,0.9972,-0.0400,0.1026,-0.1454
2025-11-27 12:30:22.506,20,20,20,0.00,-0.0026,0.0000,0.0086,0.0075,-0.0727,0.9972,-0.0400,0.1026,-0.1454
2025-11-27 12:30:23.505,19,20,20,0.00,0.0000,0.0000,0.0086,0.0075,-0.0727,0.9972,-0.0400,0.1026,-0.1454
2025-11-27 12:30:24.504,20,20,20,0.00,0.0000,0.0000,0.0086,0.0075,-0.0727,0.9972,-0.0400,0.1026,-0.1454
2025-11-27 12:30:25.504,20,20,20,0.00,0.0026,0.0000,0.0086,0.0075,-0.0727,0.9972,-0.0400,0.1026,-0.1454
2025-11-27 12:30:26.504,20,20,20,0.00,0.0000,-0.0026,0.0086,0.0075,-0.0727,0.9972,-0.0400,0.1026,-0.1454
2025-11-27 12:30:27.505,20,20,20,0.00,-0.0052,0.0000,0.0086,0.0075,-0.0727,0.9972,-0.0400,0.1026,-0.1454
2025-11-27 12:30:28.506,20,20,20,0.00,0.0000,0.0026,0.0086,0.0075,-0.0727,0.9972,-0.0400,0.1026,-0.1454
2025-11-27 12:30:29.504,20,20,20,0.00,0.0000,0.0000,0.0086,0.0075,-0.0727,0.9972,-0.0401,0.1026,-0.1454
2025-11-27 12:30:30.506,20,20,20,0.00,0.0000,0.0000,0.0086,0.0075,-0.0727,0.9972,-0.0401,0.1026,-0.1454
2025-11-27 12:30:31.506,20,20,20,0.00,0.0000,-0.0026,0.0086,0.0075,-0.0727,0.9972,-0.0401,0.1026,-0.1454
2025-11-27 12:30:32.504,20,20,20,0.00,0.0000,0.0000,0.0086,0.0075,-0.0727,0.9972,-0.0401,0.1026,-0.1454
2025-11-27 12:30:33.505,20,20,20,0.00,-0.0026,0.0000,0.0086,0.0075,-0.0727,0.9972,-0.0401,0.1026,-0.1454
2025-11-27 12:30:34.504,20,20,20,0.00,0.0000,-0.0026,0.0086,0.0075,-0.0727,0.9972,-0.0401,0.1026,-0.1454
2025-11-27 12:30:35.504,20,20,20,0.00,0.0026,0.0026,0.0086,0.0075,-0.0727,0.9972,-0.0401,0.1026,-0.1454
2025-11-27 12:30:36.506,20,20,20,0.00,-0.0026,0.0000,0.0086,0.0075,-0.0727,0.9972,-0.0401,0.1026,-0.1454
2025-11-27 12:30:37.504,20,20,20,0.00,-0.0026,0.0000,0.0086,0.0075,-0.0727,0.9972,-0.0401,0.1026,-0.1454
2025-11-27 12:30:38.504,20,20,20,0.00,-0.0026,-0.0052,0.0086,0.0075,-0.0727,0.9972,-0.0401,0.1026,-0.1454
2025-11-27 12:30:39.505,20,20,20,0.00,0.0000,0.0052,0.0086,0.0075,-0.0727,0.9972,-0.0401,0.1026,-0.1454
2025-11-27 12:30:40.505,20,20,20,0.00,0.0026,-0.0026,0.0086,0.0075,-0.0727,0.9972,-0.0400,0.1026,-0.1454
2025-11-27 12:30:41.505,20,20,20,0.00,-0.0026,-0.0026,0.0086,0.0075,-0.0727,0.9972,-0.0400,0.1026,-0.1454
2025-11-27 12:30:42.504,19,20,20,0.00,0.0000,0.0000,0.0086,0.0075,-0.0727,0.9972,-0.0400,0.1026,-0.1454
2025-11-27 12:30:43.504,20,20,20,0.00,0.0000,0.0000,0.0086,0.0075,-0.0727,0.9972,-0.0400,0.1026,-0.1454
2025-11-27 12:30:44.506,20,20,20,0.00,0.0052,0.0052,0.0086,0.0075,-0.0727,0.9972,-0.0400,0.1026,-0.1454
2025-11-27 12:30:45.504,20,20,20,0.00,0.0026,0.0000,0.0086,0.0075,-0.0727,0.9972,-0.0400,0.1026,-0.1454
2025-11-27 12:30:46.504,20,20,20,0.00,0.0000,0.0026,0.0086,0.0075,-0.0727,0.9972,-0.0400,0.1026,-0.1454
2025-11-27 12:30:47.505,20,20,20,0.00,0.0000,0.0052,0.0086,0.0075,-0.0727,0.9972,-0.0400,0.1026,-0.1454
2025-11-27 12:30:48.504,20,20,20,0.00,0.0000,-0.0026,0.0086,0.0075,-0.0727,0.9972,-0.0400,0.1026,-0.1454
2025-11-27 12:30:49.504,20,20,20,0.00,0.0000,0.0000,0.0086,0.0075,-0.0727,0.9972,-0.0400,0.1026,-0.1454
2025-11-27 12:30:50.504,20,20,20,0.00,-0.0026,0.0026,0.0086,0.0075,-0.0727,0.9972,-0.0400,0.1026,-0.1454
2025-11-27 12:30:51.505,20,20,20,0.00,0.0000,0.0052,0.0086,0.0075,-0.0727,0.9972,-0.0400,0.1026,-0.1454
2025-11-27 12:30:52.504,20,20,20,0.00,-0.0026,0.0000,0.0086,0.0075,-0.0727,0.9972,-0.0400,0.1026,-0.1454
2025-11-27 12:30:53.505,20,20,20,0.00,0.0000,0.0000,0.0086,0.0075,-0.0727,0.9972,-0.0400,0.1026,-0.1454
2025-11-27 12:30:54.504,20,20,20,0.00,0.0000,0.0000,0.0086,0.0075,-0.0727,0.9972,-0.0400,0.1026,-0.1454
2025-11-27 12:30:55.505,20,20,20,0.00,0.0000,0.0026,0.0086,0.0075,-0.0727,0.9972,-0.0400,0.1026,-0.1454
2025-11-27 12:30:56.506,20,20,20,0.00,-0.0052,0.0000,0.0086,0.0075,-0.0727,0.9972,-0.0400,0.1026,-0.1454
2025-11-27 12:30:57.504,20,20,20,0.00,-0.0026,0.0026,0.0086,0.0075,-0.0727,0.9972,-0.0400,0.1026,-0.1454
2025-11-27 12:30:58.505,20,20,20,0.00,0.0026,0.0000,0.0086,0.0075,-0.0727,0.9972,-0.0400,0.1026,-0.1454
2025-11-27 12:30:59.504,20,20,20,0.00,0.0026,0.0026,0.0086,0.0075,-0.0727,0.9972,-0.0400,0.1026,-0.1454
2025-11-27 12:31:00.505,20,20,20,0.00,0.0000,0.0104,0.0086,0.0075,-0.0727,0.9972,-0.0400,0.1026,-0.1454
2025-11-27 12:31:01.504,20,20,20,0.00,0.0026,-0.0026,0.0086,0.0075,-0.0727,0.9972,-0.0400,0.1026,-0.1454
2025-11-27 12:31:02.504,20,20,20,0.00,0.0000,0.0026,0.0086,0.0075,-0.0727,0.9972,-0.0400,0.1026,-0.1454
2025-11-27 12:31:03.504,20,20,20,0.00,-0.0026,0.0026,0.0086,0.0075,-0.0727,0.9972,-0.0400,0.1026,-0.1454
2025-11-27 12:31:04.504,20,20,20,0.00,0.0000,0.0000,0.0086,0.0075,-0.0727,0.9972,-0.0400,0.1026,-0.1454
2025-11-27 12:31:05.505,20,20,20,0.00,-0.0104,0.0000,0.0086,0.0075,-0.0727,0.9972,-0.0400,0.1026,-0.1454
2025-11-27 12:31:06.504,18,20,20,0.00,-0.0026,0.0000,0.0086,0.0075,-0.0727,0.9972,-0.0400,0.1026,-0.1454
2025-11-27 12:31:07.504,20,20,20,0.00,0.0000,0.0000,0.0086,0.0075,-0.0727,0.9972,-0.0400,0.1026,-0.1454
2025-11-27 12:31:08.504,20,20,20,0.00,-0.0052,0.0000,0.0086,0.0075,-0.0727,0.9972,-0.0400,0.1026,-0.1454
2025-11-27 12:31:09.504,20,20,20,0.00,0.0000,0.0000,0.0086,0.0075,-0.0727,0.9972,-0.0400,0.1026,-0.1454
2025-11-27 12:31:10.505,20,20,20,0.00,0.0000,0.0052,0.0086,0.0075,-0.0727,0.9972,-0.0400,0.1026,-0.1454
2025-11-27 12:31:11.504,20,20,20,0.00,0.0000,0.0026,0.0086,0.0075,-0.0727,0.9972,-0.0400,0.1026,-0.1454
2025-11-27 12:31:12.504,20,20,20,0.00,0.0000,0.0000,0.0086,0.0075,-0.0727,0.9972,-0.0400,0.1026,-0.1454
2025-11-27 12:31:13.504,20,20,20,0.00,0.0026,0.0000,0.0086,0.0075,-0.0727,0.9972,-0.0400,0.1026,-0.1454
2025-11-27 12:31:14.505,19,20,20,0.00,-0.0026,0.0000,0.0086,0.0075,-0.0727,0.9972,-0.0400,0.1026,-0.1454
2025-11-27 12:31:15.504,20,20,20,0.00,0.0052,0.0026,0.0086,0.0075,-0.0727,0.9972,-0.0400,0.1026,-0.1454
2025-11-27 12:31:16.505,20,20,20,0.00,0.0000,0.0000,0.0086,0.0075,-0.0727,0.9972,-0.0400,0.1026,-0.1454
2025-11-27 12:31:17.505,20,18,20,0.00,0.0131,-0.0026,0.0086,0.0075,-0.0727,0.9972,-0.0400,0.1026,-0.1454
2025-11-27 12:31:18.504,20,20,20,0.00,0.0000,0.0000,0.0086,0.0075,-0.0727,0.9972,-0.0400,0.1026,-0.1454
2025-11-27 12:31:19.504,20,20,20,0.00,0.0000,0.0052,0.0086,0.0075,-0.0727,0.9972,-0.0401,0.1026,-0.1454
2025-11-27 12:31:20.505,20,20,20,0.00,0.0000,0.0000,0.0086,0.0075,-0.0727,0.9972,-0.0401,0.1026,-0.1454
2025-11-27 12:31:21.505,20,20,20,0.00,-0.0026,0.0026,0.0086,0.0075,-0.0727,0.9972,-0.0401,0.1026,-0.1454
2025-11-27 12:31:22.504,20,20,20,0.00,0.0000,-0.0026,0.0000,0.0000,0.0000,0.0000,-0.0401,0.1026,nan
2025-11-27 12:31:23.504,20,20,20,0.00,0.0000,0.0000,0.0086,0.0075,-0.0727,0.9972,-0.0401,0.1026,-0.1454
2025-11-27 12:31:24.504,20,20,20,0.00,0.0000,0.0026,0.0086,0.0075,-0.0727,0.9972,-0.0401,0.1026,-0.1454
2025-11-27 12:31:25.504,20,20,20,0.00,0.0026,0.0000,0.0086,0.0075,-0.0727,0.9972,-0.0401,0.1026,-0.1454
2025-11-27 12:31:26.504,20,20,20,0.00,0.0000,0.0000,0.0086,0.0075,-0.0727,0.9972,-0.0401,0.1026,-0.1454
2025-11-27 12:31:27.504,20,20,20,0.00,0.0000,0.0000,0.0086,0.0075,-0.0727,0.9972,-0.0401,0.1026,-0.1454
2025-11-27 12:31:28.506,20,20,20,0.00,0.0026,-0.0026,0.0086,0.0075,-0.0727,0.9972,-0.0401,0.1026,-0.1454
2025-11-27 12:31:29.505,20,20,20,0.00,0.0000,0.0000,0.0086,0.0075,-0.0727,0.9972,-0.0401,0.1026,-0.1454
2025-11-27 12:31:30.505,20,20,20,0.00,0.0000,0.0000,0.0086,0.0075,-0.0727,0.9972,-0.0401,0.1026,-0.1454
2025-11-27 12:31:31.506,20,20,20,0.00,0.0026,0.0000,0.0086,0.0075,-0.0727,0.9972,-0.0401,0.1026,-0.1454
2025-11-27 12:31:32.504,20,20,20,0.00,0.0000,-0.0026,0.0086,0.0075,-0.0727,0.9972,-0.0401,0.1026,-0.1454
2025-11-27 12:31:33.505,20,20,20,0.00,0.0000,-0.0026,0.0086,0.0075,-0.0727,0.9972,-0.0401,0.1026,-0.1454
2025-11-27 12:31:34.504,20,20,20,0.00,0.0026,0.0000,0.0086,0.0075,-0.0727,0.9972,-0.0401,0.1026,-0.1454
2025-11-27 12:31:35.504,20,20,20,0.00,0.0000,0.0052,0.0086,0.0075,-0.0727,0.9972,-0.0401,0.1026,-0.1454
2025-11-27 12:31:36.506,20,20,20,0.00,0.0026,0.0000,0.0086,0.0075,-0.0727,0.9972,-0.0401,0.1026,-0.1454
2025-11-27 12:31:37.504,20,20,20,0.00,0.0000,0.0026,0.0086,0.0075,-0.0727,0.9972,-0.0401,0.1026,-0.1454
2025-11-27 12:31:38.504,20,20,20,0.00,0.0026,0.0000,0.0086,0.0075,-0.0727,0.9972,-0.0401,0.1026,-0.1454
2025-11-27 12:31:39.504,20,20,20,0.00,0.0104,0.0000,0.0086,0.0075,-0.0727,0.9972,-0.0401,0.1026,-0.1454
2025-11-27 12:31:40.504,20,20,20,0.00,0.0052,0.0000,0.0086,0.0075,-0.0727,0.9972,-0.0401,0.1026,-0.1454
2025-11-27 12:31:41.505,20,20,20,0.00,0.0026,0.0026,0.0086,0.0075,-0.0727,0.9972,-0.0402,0.1026,-0.1454
2025-11-27 12:31:42.505,20,20,20,0.00,0.0026,-0.0026,0.0086,0.0075,-0.0727,0.9972,-0.0402,0.1026,-0.1454
2025-11-27 12:31:43.504,20,20,20,0.00,0.0000,-0.0026,0.0086,0.0075,-0.0727,0.9972,-0.0402,0.1026,-0.1454
2025-11-27 12:31:44.505,20,20,20,0.00,0.0000,0.0000,0.0086,0.0075,-0.0727,0.9972,-0.0402,0.1026,-0.1454
2025-11-27 12:31:45.504,20,20,20,0.00,0.0052,-0.0052,0.0086,0.0075,-0.0727,0.9972,-0.0402,0.1026,-0.1454
2025-11-27 12:31:46.504,20,20,20,0.00,0.0000,0.0000,0.0086,0.0075,-0.0727,0.9972,-0.0402,0.1026,-0.1454
2025-11-27 12:31:47.505,19,20,20,0.00,0.0000,0.0000,0.0086,0.0075,-0.0727,0.9972,-0.0402,0.1026,-0.1454
2025-11-27 12:31:48.505,20,20,20,0.00,0.0000,-0.0026,0.0086,0.0075,-0.0727,0.9972,-0.0402,0.1026,-0.1454
2025-11-27 12:31:49.504,20,20,20,0.00,0.0026,0.0026,0.0086,0.0075,-0.0727,0.9972,-0.0402,0.1026,-0.1454
2025-11-27 12:31:50.504,20,20,20,0.00,0.0000,0.0000,0.0086,0.0075,-0.0727,0.9972,-0.0402,0.1026,-0.1454
2025-11-27 12:31:51.504,20,20,20,0.00,-0.0026,0.0000,0.0086,0.0075,-0.0727,0.9972,-0.0402,0.1026,-0.1454
2025-11-27 12:31:52.504,20,20,20,0.00,0.0000,0.0000,0.0086,0.0075,-0.0727,0.9972,-0.0402,0.1026,-0.1454
2025-11-27 12:31:53.504,20,20,20,0.00,0.0000,0.0000,0.0086,0.0075,-0.0727,0.9972,-0.0402,0.1026,-0.1454
2025-11-27 12:31:54.506,20,20,20,0.00,0.0000,0.0000,0.0086,0.0075,-0.0727,0.9972,-0.0402,0.1026,-0.1454
2025-11-27 12:31:55.504,20,20,20,0.00,-0.0052,0.0000,0.0086,0.0075,-0.0727,0.9972,-0.0402,0.1026,-0.1454
2025-11-27 12:31:56.506,20,20,20,0.00,0.0026,0.0000,0.0086,0.0075,-0.0727,0.9972,-0.0402,0.1026,-0.1454
2025-11-27 12:31:57.505,20,20,20,0.00,0.0000,-0.0026,0.0086,0.0075,-0.0727,0.9972,-0.0402,0.1026,-0.1454
2025-11-27 12:31:58.504,20,20,20,0.00,0.0000,0.0026,0.0086,0.0075,-0.0727,0.9972,-0.0402,0.1026,-0.1454
2025-11-27 12:31:59.505,20,20,20,0.00,-0.0026,0.0000,0.0086,0.0075,-0.0727,0.9972,-0.0402,0.1026,-0.1454
2025-11-27 12:32:00.504,20,20,20,0.00,0.0000,0.0000,0.0086,0.0075,-0.0727,0.9972,-0.0402,0.1026,-0.1454
2025-11-27 12:32:01.504,20,20,20,0.00,0.0000,0.0000,0.0086,0.0075,-0.0727,0.9972,-0.0402,0.1026,-0.1454
2025-11-27 12:32:02.504,19,20,20,0.00,0.0000,0.0000,0.0086,0.0075,-0.0727,0.9972,-0.0402,0.1026,-0.1454
2025-11-27 12:32:03.504,20,20,20,0.00,0.0000,0.0000,0.0086,0.0075,-0.0727,0.9972,-0.0402,0.1026,-0.1454
2025-11-27 12:32:04.505,19,20,20,0.00,0.0026,0.0000,0.0086,0.0075,-0.0727,0.9972,-0.0402,0.1026,-0.1454
2025-11-27 12:32:05.504,20,20,20,0.00,0.0000,0.0000,0.0086,0.0075,-0.0727,0.9972,-0.0402,0.1026,-0.1454
2025-11-27 12:32:06.504,20,20,20,0.00,0.0000,0.0026,0.0086,0.0075,-0.0727,0.9972,-0.0402,0.1026,-0.1454
2025-11-27 12:32:07.504,20,20,20,0.00,0.0026,0.0000,0.0086,0.0075,-0.0727,0.9972,-0.0402,0.1026,-0.1454
2025-11-27 12:32:08.504,20,20,20,0.00,0.0000,0.0000,0.0086,0.0075,-0.0727,0.9972,-0.0402,0.1026,-0.1454
2025-11-27 12:32:09.504,20,20,20,0.00,0.0000,0.0000,0.0086,0.0075,-0.0727,0.9972,-0.0402,0.1026,-0.1454
2025-11-27 12:32:10.504,20,20,20,0.00,0.0026,-0.0026,0.0000,0.0000,0.0000,0.9972,-0.0402,0.1026,0.0000
2025-11-27 12:32:11.504,20,20,20,0.00,0.0000,0.0000,0.0086,0.0075,-0.0727,0.9972,-0.0403,0.1026,-0.1454
2025-11-27 12:32:12.504,20,20,20,0.00,0.0104,0.0026,0.0086,0.0075,-0.0727,0.9972,-0.0403,0.1027,-0.1454
2025-11-27 12:32:13.504,20,20,20,0.00,0.0000,-0.0052,0.0086,0.0075,-0.0727,0.9972,-0.0403,0.1027,-0.1454
2025-11-27 12:32:14.504,20,20,20,0.00,0.0000,0.0000,0.0086,0.0075,-0.0727,0.9972,-0.0403,0.1027,-0.1454
2025-11-27 12:32:15.505,20,20,20,0.00,0.0000,0.0000,0.0086,0.0075,-0.0727,0.9972,-0.0403,0.1027,-0.1454
2025-11-27 12:32:16.504,20,20,20,0.00,-0.0052,0.0000,0.0086,0.0075,-0.0727,0.9972,-0.0403,0.1027,-0.1454
2025-11-27 12:32:17.505,20,20,20,0.00,0.0000,0.0026,0.0086,0.0075,-0.0727,0.9972,-0.0403,0.1027,-0.1454
2025-11-27 12:32:18.505,20,20,20,0.00,0.0026,0.0052,0.0086,0.0075,-0.0727,0.9972,-0.0403,0.1027,-0.1454
2025-11-27 12:32:19.504,20,20,20,0.00,0.0104,0.0026,0.0086,0.0075,-0.0727,0.9972,-0.0403,0.1027,-0.1454
2025-11-27 12:32:20.504,20,20,20,0.00,0.0000,0.0000,0.0086,0.0075,-0.0727,0.9972,-0.0403,0.1027,-0.1454
2025-11-27 12:32:21.504,20,20,20,0.00,0.0000,0.0000,0.0086,0.0075,-0.0727,0.9972,-0.0404,0.1027,-0.1454
2025-11-27 12:32:22.504,20,20,20,0.00,0.0026,0.0000,0.0086,0.0075,-0.0727,0.9972,-0.0404,0.1027,-0.1454
2025-11-27 12:32:23.505,20,20,20,0.00,0.0052,0.0026,0.0086,0.0075,-0.0727,0.9972,-0.0404,0.1027,-0.1454
2025-11-27 12:32:24.505,20,20,20,0.00,0.0000,0.0052,0.0086,0.0075,-0.0727,0.9972,-0.0404,0.1027,-0.1454
2025-11-27 12:32:25.505,20,20,20,0.00,0.0026,0.0000,0.0086,0.0075,-0.0727,0.9972,-0.0404,0.1027,-0.1454
2025-11-27 12:32:26.505,19,20,20,0.00,0.0000,0.0000,0.0086,0.0075,-0.0727,0.9972,-0.0404,0.1027,-0.1454
2025-11-27 12:32:27.504,20,20,20,0.00,0.0000,0.0000,0.0086,0.0075,-0.0727,0.9972,-0.0404,0.1027,-0.1454
2025-11-27 12:32:28.504,20,20,20,0.00,0.0052,0.0026,0.0086,0.0075,-0.0727,0.9972,-0.0404,0.1027,-0.1454
2025-11-27 12:32:29.504,20,20,20,0.00,-0.0026,0.0026,0.0086,0.0075,-0.0727,0.9972,-0.0404,0.1027,-0.1454
2025-11-27 12:32:30.504,20,20,20,0.00,0.0000,0.0000,0.0086,0.0075,-0.0727,0.9972,-0.0404,0.1027,-0.1454
2025-11-27 12:32:31.504,20,20,20,0.00,0.0026,0.0026,0.0086,0.0075,-0.0727,0.9972,-0.0403,0.1027,-0.1454
2025-11-27 12:32:32.505,20,19,20,0.00,0.0026,0.0026,0.0086,0.0075,-0.0727,0.9972,-0.0403,0.1027,-0.1454
2025-11-27 12:32:33.504,19,20,20,0.00,0.0000,-0.0026,0.0086,0.0075,-0.0727,0.9972,-0.0403,0.1027,-0.1454
2025-11-27 12:32:34.504,20,20,20,0.00,0.0000,-0.0026,0.0086,0.0075,-0.0727,0.9972,-0.0404,0.1027,-0.1454
2025-11-27 12:32:35.505,20,20,20,0.00,-0.0026,0.0000,0.0086,0.0075,-0.0727,0.9972,-0.0404,0.1027,-0.1454
2025-11-27 12:32:36.505,19,20,20,0.00,0.0000,0.0052,0.0086,0.0075,-0.0727,0.9972,-0.0404,0.1027,-0.1454
2025-11-27 12:32:37.505,20,20,20,0.00,0.0026,0.0026,0.0086,0.0075,-0.0727,0.9972,-0.0404,0.1027,-0.1454
2025-11-27 12:32:38.505,20,20,20,0.00,0.0026,0.0104,0.0086,0.0075,-0.0727,0.9972,-0.0403,0.1027,-0.1454
2025-11-27 12:32:39.505,20,20,20,0.00,0.0000,0.0026,0.0086,0.0075,-0.0727,0.9972,-0.0403,0.1027,-0.1454
2025-11-27 12:32:40.505,19,20,20,0.00,0.0000,-0.0026,0.0086,0.0075,-0.0727,0.9972,-0.0403,0.1027,-0.1454
2025-11-27 12:32:41.505,20,20,20,0.00,0.0000,0.0000,0.0086,0.0075,-0.0727,0.9972,-0.0403,0.1027,-0.1454
2025-11-27 12:32:42.504,20,20,20,0.00,0.0000,-0.0026,0.0086,0.0075,-0.0727,0.9972,-0.0403,0.1027,-0.1454
2025-11-27 12:32:43.504,20,20,20,0.00,0.0000,0.0052,0.0086,0.0075,-0.0727,0.9972,-0.0403,0.1027,-0.1454
2025-11-27 12:32:44.505,19,20,20,0.00,0.0000,-0.0026,0.0086,0.0075,-0.0727,0.9972,-0.0404,0.1027,-0.1454
2025-11-27 12:32:45.504,20,20,20,0.00,0.0026,0.0000,0.0086,0.0075,-0.0727,0.9972,-0.0404,0.1027,-0.1454
2025-11-27 12:32:46.504,20,20,20,0.00,0.0079,0.0000,0.0086,0.0075,-0.0727,0.9972,-0.0404,0.1027,-0.1454
2025-11-27 12:32:47.505,20,20,20,0.00,0.0026,-0.0026,0.0086,0.0075,-0.0727,0.9972,-0.0404,0.1027,-0.1454
2025-11-27 12:32:48.504,18,20,20,0.00,-0.0026,0.0026,0.0086,0.0075,-0.0727,0.9972,-0.0404,0.1027,-0.1454
2025-11-27 12:32:49.504,20,20,20,0.00,0.0000,0.0000,0.0086,0.0075,-0.0727,0.9972,-0.0404,0.1027,-0.1454
2025-11-27 12:32:50.504,19,20,20,0.00,0.0000,0.0000,0.0086,0.0075,-0.0727,0.9972,-0.0404,0.1027,-0.1454
2025-11-27 12:32:51.504,20,20,20,0.00,0.0026,0.0052,0.0086,0.0075,-0.0727,0.9972,-0.0404,0.1027,-0.1454
2025-11-27 12:32:52.504,20,20,20,0.00,0.0104,0.0000,0.0086,0.0075,-0.0727,0.9972,-0.0404,0.1027,-0.1454
2025-11-27 12:32:53.505,20,20,20,0.00,0.0000,0.0000,0.0086,0.0075,-0.0727,0.9972,-0.0404,0.1027,-0.1454
2025-11-27 12:32:54.504,20,20,20,0.00,0.0000,0.0000,0.0086,0.0075,-0.0727,0.9972,-0.0404,0.1027,-0.1454
2025-11-27 12:32:55.505,20,20,20,0.00,0.0000,0.0000,0.0086,0.0075,-0.0727,0.9972,-0.0404,0.1027,-0.1454
2025-11-27 12:32:56.504,20,20,20,0.00,-0.0026,0.0000,0.0086,0.0075,-0.0728,0.9972,-0.0404,0.1027,-0.1456
2025-11-27 12:32:57.505,20,20,20,0.00,0.0052,0.0000,0.0084,0.0073,-0.0726,0.9973,-0.0403,0.1027,-0.1452
2025-11-27 12:32:58.505,20,20,20,0.00,0.0209,0.0026,0.0075,0.0073,-0.0707,0.9974,-0.0404,0.1027,-0.1414
2025-11-27 12:32:59.505,20,20,20,0.00,0.0000,-0.0079,0.0084,0.0079,-0.0558,0.9983,-0.0470,0.1034,-0.1115
2025-11-27 12:33:00.505,18,20,20,0.00,0.0026,0.0026,0.0075,0.0082,-0.1085,0.9940,-0.0468,0.1034,-0.2173
2025-11-27 12:33:01.504,17,20,20,0.00,0.0000,0.0000,0.0075,0.0042,-0.0531,0.9985,-0.0493,0.1038,-0.1062
2025-11-27 12:33:02.504,20,20,20,0.00,-0.1544,0.0026,0.0073,0.0057,-0.0623,0.9979,-0.0461,0.1034,-0.1246
2025-11-27 12:33:03.504,20,20,20,0.00,0.0052,0.0026,0.0073,0.0062,-0.0626,0.9979,-0.0461,0.1034,-0.1252
2025-11-27 12:33:04.504,20,20,20,0.00,0.0052,0.0000,0.0073,0.0062,-0.0626,0.9979,-0.0461,0.1034,-0.1252
2025-11-27 12:33:05.504,20,20,20,0.00,0.0000,0.0000,0.0073,0.0062,-0.0626,0.9979,-0.0461,0.1034,-0.1252
2025-11-27 12:33:06.505,20,20,20,0.00,0.0052,0.0000,0.0073,0.0062,-0.0626,0.9979,-0.0461,0.1034,-0.1252
2025-11-27 12:33:07.505,20,20,20,0.00,0.0000,0.0000,0.0073,0.0062,-0.0626,0.9979,-0.0461,0.1034,-0.1252
2025-11-27 12:33:08.505,20,20,20,0.00,-0.0157,0.0000,0.0073,0.0062,-0.0626,0.9979,-0.0461,0.1034,-0.1252
2025-11-27 12:33:09.505,19,20,20,0.00,-0.0026,0.0000,0.0073,0.0062,-0.0626,0.9979,-0.0461,0.1034,-0.1252
2025-11-27 12:33:10.505,20,20,20,0.00,-0.0026,0.0000,0.0073,0.0062,-0.0626,0.9979,-0.0461,0.1034,-0.1252
2025-11-27 12:33:11.505,20,20,20,0.00,0.0000,0.0000,0.0073,0.0062,-0.0626,0.9979,-0.0461,0.1034,-0.1252
2025-11-27 12:33:12.505,20,20,20,0.00,-0.0026,-0.0026,0.0073,0.0062,-0.0626,0.9979,-0.0460,0.1034,-0.1252
2025-11-27 12:33:13.504,20,20,20,0.00,0.0000,0.0000,0.0073,0.0062,-0.0626,0.9979,-0.0460,0.1034,-0.1252
2025-11-27 12:33:14.505,20,20,20,0.00,0.0000,-0.0079,0.0073,0.0062,-0.0626,0.9979,-0.0460,0.1034,-0.1252
2025-11-27 12:33:15.504,20,20,20,0.00,0.0000,0.0000,0.0073,0.0062,-0.0626,0.9979,-0.0460,0.1034,-0.1252
2025-11-27 12:33:16.505,20,20,20,0.00,-0.0026,0.0052,0.0073,0.0062,-0.0626,0.9979,-0.0460,0.1034,-0.1252
2025-11-27 12:33:17.504,20,20,20,0.00,0.0026,0.0052,0.0073,0.0062,-0.0626,0.9979,-0.0460,0.1034,-0.1252
2025-11-27 12:33:18.505,20,20,20,0.00,0.0000,0.0104,0.0073,0.0062,-0.0626,0.9979,-0.0460,0.1034,-0.1252
2025-11-27 12:33:19.504,20,20,20,0.00,-0.0026,-0.0026,0.0073,0.0062,-0.0626,0.9979,-0.0460,0.1034,-0.1252
2025-11-27 12:33:20.505,20,20,20,0.00,0.0000,0.0000,0.0073,0.0062,-0.0626,0.9979,-0.0460,0.1034,-0.1252
2025-11-27 12:33:21.504,20,20,20,0.00,-0.0026,0.0000,0.0073,0.0062,-0.0626,0.9979,-0.0460,0.1034,-0.1252
2025-11-27 12:33:22.504,20,20,20,0.00,-0.0026,0.0000,0.0073,0.0062,-0.0626,0.9979,-0.0460,0.1034,-0.1252
2025-11-27 12:33:23.504,20,20,20,0.00,-0.0026,0.0000,0.0073,0.0062,-0.0626,0.9979,-0.0460,0.1034,-0.1252
2025-11-27 12:33:24.505,20,20,20,0.00,0.0000,0.0000,0.0073,0.0062,-0.0626,0.9979,-0.0460,0.1034,-0.1252
2025-11-27 12:33:25.504,20,20,20,0.00,0.0000,0.0052,0.0073,0.0062,-0.0626,0.9979,-0.0460,0.1034,-0.1252
2025-11-27 12:33:26.504,20,20,20,0.00,0.0052,0.0026,0.0073,0.0062,-0.0626,0.9979,-0.0460,0.1034,-0.1252
2025-11-27 12:33:27.505,20,20,20,0.00,0.0000,0.0000,0.0073,0.0062,-0.0626,0.9979,-0.0460,0.1034,-0.1252
2025-11-27 12:33:28.504,20,20,20,0.00,-0.0026,0.0000,0.0073,0.0062,-0.0626,0.9979,-0.0460,0.1034,-0.1252
2025-11-27 12:33:29.504,17,20,20,0.00,0.0026,0.0000,0.0073,0.0062,-0.0626,0.9979,-0.0460,0.1034,-0.1252
2025-11-27 12:33:30.504,19,20,20,0.00,-0.0026,-0.0026,0.0073,0.0062,-0.0626,0.9979,-0.0460,0.1034,-0.1252
2025-11-27 12:33:31.504,19,20,20,0.00,-0.0079,-0.0026,0.0073,0.0062,-0.0626,0.9979,-0.0460,0.1034,-0.1252
2025-11-27 12:33:32.505,20,20,20,0.00,-0.0026,0.0026,0.0073,0.0062,-0.0626,0.9979,-0.0460,0.1034,-0.1252
2025-11-27 12:33:33.505,20,20,20,0.00,0.0026,0.0157,0.0073,0.0062,-0.0626,0.9979,-0.0460,0.1034,-0.1252
2025-11-27 12:33:34.504,20,20,20,0.00,0.0000,0.0000,0.0073,0.0062,-0.0626,0.9979,-0.0460,0.1034,-0.1252
2025-11-27 12:33:35.504,18,20,20,0.00,0.0026,0.0000,0.0073,0.0062,-0.0626,0.9979,-0.0460,0.1034,-0.1252
2025-11-27 12:33:36.504,20,20,20,0.00,0.0000,0.0000,0.0073,0.0062,-0.0626,0.9979,-0.0460,0.1034,-0.1252
2025-11-27 12:33:37.504,20,20,20,0.00,0.0052,0.0026,0.0073,0.0062,-0.0626,0.9979,-0.0460,0.1034,-0.1252
2025-11-27 12:33:38.505,20,20,20,0.00,0.0000,0.0000,0.0073,0.0062,-0.0626,0.9979,-0.0460,0.1034,-0.1252
2025-11-27 12:33:39.505,20,20,20,0.00,0.0000,0.0000,0.0073,0.0062,-0.0626,0.9979,-0.0460,0.1034,-0.1252
2025-11-27 12:33:40.504,19,20,20,0.00,0.0026,0.0000,0.0073,0.0062,-0.0626,0.9979,-0.0460,0.1034,-0.1252
2025-11-27 12:33:41.504,19,20,20,0.00,-0.0052,0.0052,0.0073,0.0062,-0.0626,0.9979,-0.0460,0.1034,-0.1252
2025-11-27 12:33:42.504,20,20,20,0.00,-0.0026,0.0000,0.0073,0.0062,-0.0626,0.9979,-0.0460,0.1034,-0.1252
2025-11-27 12:33:43.504,20,20,20,0.00,0.0000,0.0000,0.0073,0.0062,-0.0626,0.9979,-0.0460,0.1034,-0.1252
2025-11-27 12:33:44.504,20,20,20,0.00,0.0000,-0.0026,0.0073,0.0062,-0.0626,0.9979,-0.0460,0.1034,-0.1252
2025-11-27 12:33:45.504,20,20,20,0.00,0.0000,0.0000,0.0073,0.0062,-0.0626,0.9979,-0.0460,0.1034,-0.1252
2025-11-27 12:33:46.504,20,20,20,0.00,-0.0026,-0.0104,0.0073,0.0062,-0.0626,0.9979,-0.0460,0.1034,-0.1252
2025-11-27 12:33:47.504,20,20,20,0.00,0.0026,0.0052,0.0073,0.0062,-0.0626,0.9979,-0.0460,0.1034,-0.1252
2025-11-27 12:33:48.504,20,20,20,0.00,0.0000,0.0000,0.0073,0.0062,-0.0626,0.9979,-0.0460,0.1034,-0.1252
2025-11-27 12:33:49.505,20,20,20,0.00,0.0000,0.0026,0.0073,0.0062,-0.0626,0.9979,-0.0460,0.1034,-0.1252
2025-11-27 12:33:50.505,20,20,20,0.00,0.0000,0.0000,0.0073,0.0062,-0.0626,0.9979,-0.0460,0.1034,-0.1252
2025-11-27 12:33:51.505,20,20,20,0.00,0.0000,0.0000,0.0073,0.0062,-0.0626,0.9979,-0.0460,0.1034,-0.1252
2025-11-27 12:33:52.504,20,20,20,0.00,-0.0026,-0.0026,0.0073,0.0062,-0.0626,0.9979,-0.0460,0.1034,-0.1252
2025-11-27 12:33:53.506,20,20,20,0.00,0.0000,-0.0026,0.0073,0.0062,-0.0626,0.9979,-0.0460,0.1034,-0.1252
2025-11-27 12:33:54.504,20,20,20,0.00,0.0000,0.0000,0.0073,0.0062,-0.0626,0.9979,-0.0460,0.1034,-0.1252
2025-11-27 12:33:55.505,20,20,20,0.00,0.0026,0.0000,0.0073,0.0062,-0.0626,0.9979,-0.0460,0.1034,-0.1252
2025-11-27 12:33:56.505,20,20,20,0.00,-0.0026,0.0000,0.0073,0.0062,-0.0626,0.9979,-0.0460,0.1034,-0.1252
2025-11-27 12:33:57.506,20,20,20,0.00,0.0000,0.0000,0.0073,0.0062,-0.0626,0.9979,-0.0460,0.1034,-0.1252
2025-11-27 12:33:58.504,20,20,20,0.00,-0.0052,0.0026,0.0073,0.0062,-0.0626,0.9979,-0.0460,0.1034,-0.1252
2025-11-27 12:33:59.504,20,20,20,0.00,0.0000,-0.0026,0.0073,0.0062,-0.0626,0.9979,-0.0460,0.1034,-0.1252
2025-11-27 12:34:00.505,20,20,20,0.00,0.0000,0.0000,0.0073,0.0062,-0.0626,0.9979,-0.0460,0.1034,-0.1252
2025-11-27 12:34:01.504,20,20,20,0.00,0.0000,0.0026,0.0073,0.0062,-0.0626,0.9979,-0.0460,0.1034,-0.1252
2025-11-27 12:34:02.504,20,20,20,0.00,0.0026,0.0000,0.0073,0.0062,-0.0626,0.9979,-0.0460,0.1034,-0.1252
2025-11-27 12:34:03.505,20,20,20,0.00,-0.0052,0.0000,0.0073,0.0062,-0.0626,0.9979,-0.0460,0.1034,-0.1252
2025-11-27 12:34:04.504,20,20,20,0.00,0.0000,0.0052,0.0073,0.0062,-0.0626,0.9979,-0.0459,0.1034,-0.1252
2025-11-27 12:34:05.504,20,20,20,0.00,0.0000,0.0000,0.0073,0.0062,-0.0626,0.9979,-0.0459,0.1034,-0.1252
2025-11-27 12:34:06.504,20,20,20,0.00,0.0000,-0.0026,0.0073,0.0062,-0.0626,0.9979,-0.0459,0.1034,-0.1252
2025-11-27 12:34:07.504,20,20,20,0.00,0.0000,-0.0026,0.0073,0.0062,-0.0626,0.9979,-0.0459,0.1034,-0.1252
2025-11-27 12:34:08.504,20,20,20,0.00,-0.0052,0.0000,0.0073,0.0062,-0.0626,0.9979,-0.0459,0.1034,-0.1252
2025-11-27 12:34:09.504,20,20,20,0.00,-0.0026,0.0000,0.0073,0.0062,-0.0626,0.9979,-0.0459,0.1034,-0.1252
2025-11-27 12:34:10.505,20,20,20,0.00,0.0000,0.0000,0.0073,0.0062,-0.0626,0.9979,-0.0459,0.1034,-0.1252
2025-11-27 12:34:11.505,20,20,20,0.00,0.0052,0.0000,0.0073,0.0062,-0.0626,0.9979,-0.0459,0.1034,-0.1252
2025-11-27 12:34:12.505,20,20,20,0.00,0.0000,0.0026,0.0073,0.0062,-0.0626,0.9979,-0.0460,0.1034,-0.1252
2025-11-27 12:34:13.505,20,20,20,0.00,0.0026,0.0000,0.0073,0.0062,-0.0626,0.9979,-0.0460,0.1034,-0.1252
2025-11-27 12:34:14.504,20,20,20,0.00,0.0026,0.0000,0.0073,0.0062,-0.0626,0.9979,-0.0460,0.1034,-0.1252
2025-11-27 12:34:15.504,18,20,20,0.00,0.0000,0.0000,0.0073,0.0062,-0.0626,0.9979,-0.0459,0.1034,-0.1252
2025-11-27 12:34:16.505,20,20,20,0.00,0.0000,-0.0026,0.0073,0.0062,-0.0626,0.9979,-0.0459,0.1034,-0.1252
2025-11-27 12:34:17.504,20,20,20,0.00,0.0000,-0.0026,0.0073,0.0062,-0.0626,0.9979,-0.0459,0.1034,-0.1252
2025-11-27 12:34:18.504,20,20,20,0.00,0.0000,0.0000,0.0073,0.0062,-0.0626,0.9979,-0.0459,0.1034,-0.1252
2025-11-27 12:34:19.504,20,20,20,0.00,0.0000,0.0000,0.0073,0.0062,-0.0626,0.9979,-0.0459,0.1034,-0.1252
2025-11-27 12:34:20.504,20,20,20,0.00,-0.0026,0.0026,0.0073,0.0062,-0.0626,0.9979,-0.0459,0.1034,-0.1252
2025-11-27 12:34:21.505,20,20,20,0.00,-0.0026,0.0052,0.0073,0.0062,-0.0626,0.9979,-0.0459,0.1034,-0.1252
2025-11-27 12:34:22.504,20,20,20,0.00,0.0000,0.0052,0.0073,0.0062,-0.0626,0.9979,-0.0459,0.1034,-0.1252
2025-11-27 12:34:23.505,20,20,20,0.00,0.0000,-0.0052,0.0073,0.0062,-0.0626,0.9979,-0.0459,0.1034,-0.1252
2025-11-27 12:34:24.505,17,20,20,0.00,-0.0026,0.0000,0.0073,0.0062,-0.0626,0.9979,-0.0459,0.1034,-0.1252
2025-11-27 12:34:25.504,20,20,20,0.00,0.0052,0.0000,0.0073,0.0062,-0.0626,0.9979,-0.0459,0.1034,-0.1252
2025-11-27 12:34:26.505,20,20,20,0.00,0.0052,-0.0026,0.0073,0.0062,-0.0626,0.9979,-0.0459,0.1034,-0.1252
2025-11-27 12:34:27.505,20,20,20,0.00,-0.0026,0.0000,0.0073,0.0062,-0.0626,0.9979,-0.0459,0.1034,-0.1252
2025-11-27 12:34:28.504,20,20,20,0.00,-0.0026,-0.0052,0.0073,0.0062,-0.0626,0.9979,-0.0459,0.1034,-0.1252
2025-11-27 12:34:29.504,20,20,20,0.00,0.0000,0.0026,0.0073,0.0062,-0.0626,0.9979,-0.0459,0.1034,-0.1252
2025-11-27 12:34:30.504,20,20,20,0.00,0.0000,0.0000,0.0073,0.0062,-0.0626,0.9979,-0.0459,0.1034,-0.1252
2025-11-27 12:34:31.504,20,20,20,0.00,0.0000,0.0000,0.0073,0.0062,-0.0626,0.9979,-0.0460,0.1034,-0.1252
2025-11-27 12:34:32.505,20,20,20,0.00,0.0000,0.0000,0.0073,0.0062,-0.0626,0.9979,-0.0460,0.1034,-0.1252
2025-11-27 12:34:33.504,19,20,20,0.00,-0.0026,0.0000,0.0073,0.0062,-0.0626,0.9979,-0.0460,0.1034,-0.1252
2025-11-27 12:34:34.504,19,20,20,0.00,0.0000,0.0000,0.0073,0.0062,-0.0626,0.9979,-0.0460,0.1034,-0.1252
2025-11-27 12:34:35.505,20,20,20,0.00,0.0026,0.0000,0.0073,0.0062,-0.0626,0.9979,-0.0460,0.1034,-0.1252
2025-11-27 12:34:36.505,20,20,20,0.00,-0.0026,0.0000,0.0073,0.0062,-0.0626,0.9979,-0.0460,0.1034,-0.1252
2025-11-27 12:34:37.504,20,20,20,0.00,0.0000,0.0026,0.0073,0.0062,-0.0626,0.9979,-0.0460,0.1034,-0.1252
2025-11-27 12:34:38.505,20,20,20,0.00,0.0000,0.0026,0.0073,0.0062,-0.0626,0.9979,-0.0460,0.1034,-0.1252
2025-11-27 12:34:39.505,20,20,20,0.00,0.0000,0.0000,0.0073,0.0062,-0.0626,0.9979,-0.0460,0.1034,-0.1252
2025-11-27 12:34:40.504,20,20,20,0.00,-0.0026,0.0000,0.0073,0.0062,-0.0626,0.9979,-0.0460,0.1034,-0.1252
2025-11-27 12:34:41.504,19,20,20,0.00,-0.0079,0.0000,0.0073,0.0062,-0.0626,0.9979,-0.0460,0.1034,-0.1252
2025-11-27 12:34:42.506,20,20,20,0.00,0.0000,0.0000,0.0073,0.0062,-0.0626,0.9979,-0.0460,0.1034,-0.1252
2025-11-27 12:34:43.504,19,20,20,0.00,0.0052,0.0000,0.0073,0.0062,-0.0626,0.9979,-0.0459,0.1034,-0.1252
2025-11-27 12:34:44.504,20,20,20,0.00,0.0000,0.0026,0.0073,0.0062,-0.0626,0.9979,-0.0459,0.1034,-0.1252
2025-11-27 12:34:45.504,20,20,20,0.00,0.0000,0.0026,0.0073,0.0062,-0.0626,0.9979,-0.0459,0.1034,-0.1252
2025-11-27 12:34:46.505,19,20,20,0.00,0.0104,0.0000,0.0073,0.0062,-0.0626,0.9979,-0.0459,0.1034,-0.1252
2025-11-27 12:34:47.505,20,20,20,0.00,0.0026,0.0000,0.0073,0.0062,-0.0626,0.9979,-0.0460,0.1034,-0.1252
2025-11-27 12:34:48.504,19,19,20,0.00,0.0000,0.0000,0.0073,0.0062,-0.0626,0.9979,-0.0459,0.1034,-0.1252
2025-11-27 12:34:49.504,20,20,20,0.00,0.0000,0.0052,0.0073,0.0062,-0.0626,0.9979,-0.0459,0.1034,-0.1252
2025-11-27 12:34:50.504,20,20,20,0.00,-0.0052,0.0052,0.0073,0.0062,-0.0626,0.9979,-0.0459,0.1034,-0.1252
2025-11-27 12:34:51.504,20,20,20,0.00,-0.0052,0.0000,0.0073,0.0062,-0.0626,0.9979,-0.0459,0.1034,-0.1252
2025-11-27 12:34:52.505,20,20,20,0.00,-0.0026,-0.0026,0.0073,0.0062,-0.0626,0.9979,-0.0459,0.1034,-0.1252
2025-11-27 12:34:53.504,20,20,20,0.00,-0.0026,0.0000,0.0073,0.0062,-0.0626,0.9979,-0.0459,0.1034,-0.1252
2025-11-27 12:34:54.504,20,20,20,0.00,0.0026,0.0000,0.0073,0.0062,-0.0626,0.9979,-0.0459,0.1034,-0.1252
2025-11-27 12:34:55.504,20,20,20,0.00,0.0026,-0.0052,0.0073,0.0062,-0.0626,0.9979,-0.0459,0.1034,-0.1252
2025-11-27 12:34:56.505,19,20,20,0.00,0.0000,0.0000,0.0073,0.0062,-0.0626,0.9979,-0.0459,0.1034,-0.1252
2025-11-27 12:34:57.504,20,20,20,0.00,0.0026,-0.0026,0.0073,0.0062,-0.0626,0.9979,-0.0459,0.1034,-0.1252
2025-11-27 12:34:58.505,20,20,20,0.00,0.0000,0.0026,0.0073,0.0062,-0.0626,0.9979,-0.0459,0.1034,-0.1252
2025-11-27 12:34:59.504,20,20,20,0.00,0.0000,0.0000,0.0073,0.0062,-0.0626,0.9979,-0.0459,0.1034,-0.1252
2025-11-27 12:35:00.505,20,20,20,0.00,-0.0026,0.0026,0.0073,0.0062,-0.0626,0.9979,-0.0459,0.1034,-0.1252
2025-11-27 12:35:01.505,20,20,20,0.00,-0.0026,-0.0052,0.0073,0.0062,-0.0626,0.9979,-0.0459,0.1034,-0.1252
2025-11-27 12:35:02.505,19,20,20,0.00,0.0000,0.0000,0.0073,0.0062,-0.0626,0.9979,-0.0459,0.1034,-0.1252
2025-11-27 12:35:03.504,20,20,20,0.00,0.0000,0.0000,0.0073,0.0062,-0.0626,0.9979,-0.0459,0.1034,-0.1252
2025-11-27 12:35:04.505,20,20,20,0.00,0.0000,0.0000,0.0073,0.0062,-0.0626,0.9979,-0.0459,0.1034,-0.1252
2025-11-27 12:35:05.504,20,20,20,0.00,0.0000,0.0052,0.0073,0.0062,-0.0626,0.9979,-0.0459,0.1034,-0.1252
2025-11-27 12:35:06.504,20,20,20,0.00,0.0000,0.0000,0.0073,0.0062,-0.0626,0.9979,-0.0459,0.1034,-0.1252
2025-11-27 12:35:07.504,20,20,20,0.00,0.0000,0.0000,0.0073,0.0062,-0.0626,0.9979,-0.0459,0.1034,-0.1252
2025-11-27 12:35:08.505,20,20,20,0.00,0.0000,0.0000,0.0073,0.0062,-0.0626,0.9979,-0.0459,0.1034,-0.1252
2025-11-27 12:35:09.504,19,20,20,0.00,0.0000,0.0000,0.0073,0.0062,-0.0626,0.9979,-0.0459,0.1034,-0.1252
2025-11-27 12:35:10.504,19,20,20,0.00,0.0000,0.0000,0.0073,0.0062,-0.0626,0.9979,-0.0459,0.1034,-0.1252
2025-11-27 12:35:11.505,19,20,20,0.00,-0.0104,0.0000,0.0073,0.0062,-0.0626,0.9979,-0.0459,0.1034,-0.1252
2025-11-27 12:35:12.504,20,20,20,0.00,-0.0052,0.0052,0.0073,0.0062,-0.0626,0.9979,-0.0459,0.1034,-0.1252
2025-11-27 12:35:13.504,20,20,20,0.00,0.0000,0.0000,0.0073,0.0062,-0.0626,0.9979,-0.0459,0.1034,-0.1252
2025-11-27 12:35:14.504,20,20,20,0.00,0.0000,0.0000,0.0073,0.0062,-0.0626,0.9979,-0.0459,0.1034,-0.1252
2025-11-27 12:35:15.504,20,20,20,0.00,0.0000,0.0000,0.0073,0.0062,-0.0626,0.9979,-0.0459,0.1034,-0.1252
2025-11-27 12:35:16.505,20,20,20,0.00,-0.0026,0.0026,0.0073,0.0062,-0.0626,0.9979,-0.0459,0.1034,-0.1252
2025-11-27 12:35:17.505,20,20,20,0.00,0.0000,0.0026,0.0073,0.0062,-0.0626,0.9979,-0.0459,0.1034,-0.1252
2025-11-27 12:35:18.504,20,20,20,0.00,0.0000,0.0000,0.0073,0.0062,-0.0626,0.9979,-0.0459,0.1034,-0.1252
2025-11-27 12:35:19.504,20,20,20,0.00,0.0000,0.0000,0.0073,0.0062,-0.0626,0.9979,-0.0459,0.1034,-0.1252
2025-11-27 12:35:20.504,20,20,20,0.00,0.0079,0.0026,0.0073,0.0062,-0.0626,0.9979,-0.0458,0.1034,-0.1252
2025-11-27 12:35:21.506,20,20,20,0.00,0.0000,-0.0026,0.0073,0.0062,-0.0626,0.9979,-0.0459,0.1034,-0.1252
2025-11-27 12:35:22.504,20,20,20,0.00,0.0000,0.0026,0.0073,0.0062,-0.0626,0.9979,-0.0459,0.1034,-0.1252
2025-11-27 12:35:23.504,20,20,20,0.00,0.0000,0.0000,0.0073,0.0062,-0.0626,0.9979,-0.0459,0.1034,-0.1252
2025-11-27 12:35:24.504,20,20,20,0.00,0.0000,0.0000,0.0073,0.0062,-0.0626,0.9979,-0.0459,0.1034,-0.1252
2025-11-27 12:35:25.505,20,20,20,0.00,-0.0026,0.0000,0.0073,0.0062,-0.0626,0.9979,-0.0459,0.1034,-0.1252
2025-11-27 12:35:26.505,20,20,20,0.00,0.0000,-0.0026,0.0073,0.0062,-0.0626,0.9979,-0.0459,0.1034,-0.1252
2025-11-27 12:35:27.504,20,20,20,0.00,0.0052,0.0026,0.0073,0.0062,-0.0626,0.9979,-0.0459,0.1034,-0.1252
2025-11-27 12:35:28.504,20,20,20,0.00,-0.0026,-0.0026,0.0073,0.0062,-0.0626,0.9979,-0.0459,0.1034,-0.1252
2025-11-27 12:35:29.505,20,20,20,0.00,0.0000,-0.0026,0.0073,0.0062,-0.0626,0.9979,-0.0459,0.1034,-0.1252
2025-11-27 12:35:30.504,20,20,20,0.00,0.0000,-0.0026,0.0073,0.0062,-0.0626,0.9979,-0.0459,0.1034,-0.1252
2025-11-27 12:35:31.504,20,20,20,0.00,0.0000,-0.0052,0.0073,0.0062,-0.0626,0.9979,-0.0459,0.1034,-0.1252
2025-11-27 12:35:32.504,20,20,20,0.00,0.0052,0.0157,0.0073,0.0062,-0.0626,0.9979,-0.0459,0.1034,-0.1252
2025-11-27 12:35:33.504,20,20,20,0.00,0.0000,0.0000,0.0073,0.0062,-0.0626,0.9979,-0.0459,0.1034,-0.1252
2025-11-27 12:35:34.504,20,20,20,0.00,0.0026,0.0052,0.0073,0.0062,-0.0626,0.9979,-0.0459,0.1034,-0.1252
2025-11-27 12:35:35.504,19,20,20,0.00,0.0000,0.0000,0.0073,0.0062,-0.0626,0.9979,-0.0459,0.1034,-0.1252
2025-11-27 12:35:36.505,19,20,20,0.00,-0.0079,0.0000,0.0073,0.0062,-0.0626,0.9979,-0.0459,0.1034,-0.1252
2025-11-27 12:35:37.506,20,20,20,0.00,0.0000,0.0026,0.0073,0.0062,-0.0626,0.9979,-0.0459,0.1034,-0.1252
2025-11-27 12:35:38.505,15,20,20,0.00,0.0000,0.0000,0.0073,0.0062,-0.0626,0.9979,-0.0459,0.1034,-0.1252
2025-11-27 12:35:39.505,20,20,20,0.00,0.0000,-0.0026,0.0073,0.0062,-0.0626,0.9979,-0.0459,0.1034,-0.1252
2025-11-27 12:35:40.504,20,20,20,0.00,-0.0026,0.0000,0.0073,0.0062,-0.0626,0.9979,-0.0459,0.1034,-0.1252
2025-11-27 12:35:41.505,19,20,20,0.00,0.0000,0.0000,0.0073,0.0062,-0.0626,0.9979,-0.0459,0.1034,-0.1252
2025-11-27 12:35:42.505,20,20,20,0.00,-0.0026,0.0000,0.0073,0.0062,-0.0626,0.9979,-0.0459,0.1034,-0.1252
2025-11-27 12:35:43.504,20,20,20,0.00,0.0000,0.0000,0.0073,0.0062,-0.0626,0.9979,-0.0459,0.1034,-0.1252
2025-11-27 12:35:44.504,20,20,20,0.00,0.0000,0.0026,0.0073,0.0062,-0.0626,0.9979,-0.0459,0.1034,-0.1252
2025-11-27 12:35:45.505,20,20,20,0.00,0.0000,0.0026,0.0073,0.0062,-0.0626,0.9979,-0.0459,0.1034,-0.1252
2025-11-27 12:35:46.504,20,20,20,0.00,-0.0026,0.0000,0.0073,0.0062,-0.0626,0.9979,-0.0459,0.1034,-0.1252
2025-11-27 12:35:47.504,19,20,20,0.00,0.0000,0.0026,0.0073,0.0062,-0.0626,0.9979,-0.0459,0.1034,-0.1252
2025-11-27 12:35:48.505,20,20,20,0.00,-0.0026,0.0000,0.0073,0.0062,-0.0626,0.9979,-0.0459,0.1034,-0.1252
2025-11-27 12:35:49.505,20,20,20,0.00,0.0000,0.0000,0.0073,0.0062,-0.0626,0.9979,-0.0459,0.1034,-0.1252
2025-11-27 12:35:50.504,20,20,20,0.00,-0.0026,0.0000,0.0073,0.0062,-0.0626,0.9979,-0.0459,0.1034,-0.1252
2025-11-27 12:35:51.505,20,20,20,0.00,0.0052,0.0000,0.0073,0.0062,-0.0626,0.9979,-0.0459,0.1034,-0.1252
2025-11-27 12:35:52.504,20,20,20,0.00,-0.0079,0.0000,0.0073,0.0062,-0.0626,0.9979,-0.0459,0.1034,-0.1252
2025-11-27 12:35:53.505,20,20,20,0.00,-0.0026,-0.0026,0.0073,0.0062,-0.0626,0.9979,-0.0459,0.1034,-0.1252
2025-11-27 12:35:54.504,20,20,20,0.00,0.0000,-0.0026,0.0073,0.0062,-0.0626,0.9979,-0.0459,0.1034,-0.1252
2025-11-27 12:35:55.506,20,20,20,0.00,0.0079,0.0000,0.0073,0.0062,-0.0626,0.9979,-0.0459,0.1034,-0.1252
2025-11-27 12:35:56.504,20,20,20,0.00,0.0000,0.0000,0.0073,0.0062,-0.0626,0.9979,-0.0459,0.1034,-0.1252
2025-11-27 12:35:57.504,20,20,20,0.00,0.0000,0.0000,0.0073,0.0062,-0.0626,0.9979,-0.0459,0.1034,-0.1252
2025-11-27 12:35:58.504,20,20,20,0.00,0.0000,0.0000,0.0073,0.0062,-0.0626,0.9979,-0.0459,0.1034,-0.1252
2025-11-27 12:35:59.505,20,20,20,0.00,0.0000,-0.0026,0.0073,0.0062,-0.0626,0.9979,-0.0459,0.1034,-0.1252
2025-11-27 12:36:00.504,20,20,20,0.00,0.0052,0.0026,0.0073,0.0062,-0.0626,0.9979,-0.0459,0.1034,-0.1252
2025-11-27 12:36:01.504,19,20,20,0.00,0.0026,0.0000,0.0073,0.0062,-0.0626,0.9979,-0.0459,0.1034,-0.1252
2025-11-27 12:36:02.505,20,20,20,0.00,0.0000,0.0026,0.0073,0.0062,-0.0626,0.9979,-0.0459,0.1034,-0.1252
2025-11-27 12:36:03.505,20,20,20,0.00,-0.0052,0.0000,0.0073,0.0062,-0.0626,0.9979,-0.0459,0.1034,-0.1252
2025-11-27 12:36:04.505,20,20,20,0.00,-0.0026,-0.0052,0.0073,0.0062,-0.0626,0.9979,-0.0459,0.1034,-0.1252
2025-11-27 12:36:05.505,20,20,20,0.00,0.0000,0.0000,0.0073,0.0062,-0.0626,0.9979,-0.0459,0.1034,-0.1252
2025-11-27 12:36:06.505,20,20,20,0.00,-0.0026,0.0026,0.0073,0.0062,-0.0626,0.9979,-0.0459,0.1034,-0.1252
2025-11-27 12:36:07.505,20,20,20,0.00,0.0000,-0.0052,0.0073,0.0062,-0.0626,0.9979,-0.0459,0.1034,-0.1252
2025-11-27 12:36:08.504,20,20,20,0.00,0.0000,0.0000,0.0073,0.0062,-0.0626,0.9979,-0.0459,0.1034,-0.1252
2025-11-27 12:36:09.504,20,20,20,0.00,0.0052,-0.0026,0.0073,0.0062,-0.0626,0.9979,-0.0459,0.1034,-0.1252
2025-11-27 12:36:10.504,20,20,20,0.00,0.0000,0.0000,0.0073,0.0062,-0.0626,0.9979,-0.0459,0.1034,-0.1252
2025-11-27 12:36:11.504,20,20,20,0.00,0.0000,-0.0026,0.0073,0.0062,-0.0626,0.9979,-0.0459,0.1034,-0.1252
2025-11-27 12:36:12.504,19,20,20,0.00,0.0000,-0.0079,0.0073,0.0062,-0.0626,0.9979,-0.0459,0.1034,-0.1252
2025-11-27 12:36:13.504,20,20,20,0.00,0.0000,0.0000,0.0073,0.0062,-0.0626,0.9979,-0.0459,0.1034,-0.1252
2025-11-27 12:36:14.504,20,20,20,0.00,0.0000,0.0000,0.0073,0.0062,-0.0626,0.9979,-0.0459,0.1034,-0.1252
2025-11-27 12:36:15.505,20,20,20,0.00,0.0000,0.0026,0.0073,0.0062,-0.0626,0.9979,-0.0459,0.1034,-0.1252
2025-11-27 12:36:16.505,19,20,20,0.00,0.0000,0.0000,0.0073,0.0062,-0.0626,0.9979,-0.0459,0.1034,-0.1252
2025-11-27 12:36:17.504,20,20,20,0.00,-0.0026,0.0000,0.0073,0.0062,-0.0626,0.9979,-0.0459,0.1034,-0.1252
2025-11-27 12:36:18.505,20,20,20,0.00,0.0052,-0.0026,0.0073,0.0062,-0.0626,0.9979,-0.0459,0.1034,-0.1252
2025-11-27 12:36:19.504,20,20,20,0.00,0.0000,0.0000,0.0073,0.0062,-0.0626,0.9979,-0.0459,0.1034,-0.1252
2025-11-27 12:36:20.504,20,20,20,0.00,0.0000,0.0000,0.0073,0.0062,-0.0626,0.9979,-0.0459,0.1034,-0.1252
2025-11-27 12:36:21.504,20,20,20,0.00,0.0000,-0.0052,0.0073,0.0062,-0.0626,0.9979,-0.0459,0.1034,-0.1252
2025-11-27 12:36:22.505,20,20,20,0.00,0.0026,0.0052,0.0073,0.0062,-0.0626,0.9979,-0.0459,0.1034,-0.1252
2025-11-27 12:36:23.505,20,20,20,0.00,0.0104,0.0000,0.0073,0.0062,-0.0626,0.9979,-0.0459,0.1034,-0.1252
2025-11-27 12:36:24.505,20,20,20,0.00,0.0026,0.0000,0.0073,0.0062,-0.0626,0.9979,-0.0459,0.1034,-0.1252
2025-11-27 12:36:25.505,20,20,20,0.00,-0.0052,0.0026,0.0073,0.0062,-0.0626,0.9979,-0.0459,0.1034,-0.1252
2025-11-27 12:36:26.504,20,20,20,0.00,0.0000,0.0000,0.0073,0.0062,-0.0626,0.9979,-0.0459,0.1034,-0.1252
2025-11-27 12:36:27.505,20,20,20,0.00,0.0026,0.0026,0.0073,0.0062,-0.0626,0.9979,-0.0459,0.1034,-0.1252
2025-11-27 12:36:28.505,20,20,20,0.00,-0.0026,0.0079,0.0073,0.0062,-0.0626,0.9979,-0.0459,0.1034,-0.1252
2025-11-27 12:36:29.505,20,20,20,0.00,-0.0026,0.0026,0.0073,0.0062,-0.0626,0.9979,-0.0459,0.1034,-0.1252
2025-11-27 12:36:30.504,20,20,20,0.00,0.0000,-0.0026,0.0073,0.0062,-0.0626,0.9979,-0.0459,0.1034,-0.1252
2025-11-27 12:36:31.505,20,20,20,0.00,0.0000,-0.0052,0.0073,0.0062,-0.0626,0.9979,-0.0459,0.1034,-0.1252
2025-11-27 12:36:32.505,16,20,20,0.00,0.0000,0.0000,0.0073,0.0062,-0.0626,0.9979,-0.0459,0.1034,-0.1252
2025-11-27 12:36:33.504,16,20,20,0.00,0.0000,0.0052,0.0073,0.0062,-0.0626,0.9979,-0.0458,0.1034,-0.1252
2025-11-27 12:36:34.504,15,20,20,0.00,0.0000,0.0000,0.0073,0.0062,-0.0626,0.9979,-0.0458,0.1034,-0.1252
2025-11-27 12:36:35.504,20,20,20,0.00,0.0026,-0.0026,0.0073,0.0062,-0.0626,0.9979,-0.0458,0.1034,-0.1252
2025-11-27 12:36:36.504,20,20,20,0.00,0.0000,0.0052,0.0073,0.0062,-0.0626,0.9979,-0.0459,0.1034,-0.1252
2025-11-27 12:36:37.504,20,20,20,0.00,0.0026,0.0000,0.0073,0.0062,-0.0626,0.9979,-0.0459,0.1034,-0.1252
2025-11-27 12:36:38.505,20,20,20,0.00,0.0000,0.0000,0.0073,0.0062,-0.0626,0.9979,-0.0459,0.1034,-0.1252
2025-11-27 12:36:39.505,20,20,20,0.00,0.0000,0.0000,0.0073,0.0062,-0.0626,0.9979,-0.0459,0.1034,-0.1252
2025-11-27 12:36:40.504,20,20,20,0.00,0.0026,0.0000,0.0073,0.0062,-0.0626,0.9979,-0.0459,0.1034,-0.1252
2025-11-27 12:36:41.504,20,20,20,0.00,-0.0026,0.0000,0.0073,0.0062,-0.0626,0.9979,-0.0459,0.1034,-0.1252
2025-11-27 12:36:42.504,20,20,20,0.00,0.0026,0.0000,0.0073,0.0062,-0.0626,0.9979,-0.0459,0.1034,-0.1252
2025-11-27 12:36:43.504,20,20,20,0.00,0.0000,0.0000,0.0073,0.0062,-0.0626,0.9979,-0.0459,0.1034,-0.1252
2025-11-27 12:36:44.504,20,20,20,0.00,-0.0026,0.0052,0.0073,0.0062,-0.0626,0.9979,-0.0459,0.1034,-0.1252
2025-11-27 12:36:45.505,20,20,20,0.00,-0.0026,-0.0026,0.0073,0.0062,-0.0626,0.9979,-0.0459,0.1034,-0.1252
2025-11-27 12:36:46.504,20,20,20,0.00,0.0000,0.0000,0.0073,0.0062,-0.0626,0.9979,-0.0458,0.1034,-0.1252
2025-11-27 12:36:47.506,20,20,20,0.00,0.0026,0.0000,0.0073,0.0062,-0.0626,0.9979,-0.0458,0.1034,-0.1252
2025-11-27 12:36:48.505,19,20,20,0.00,0.0000,0.0026,0.0073,0.0062,-0.0626,0.9979,-0.0458,0.1034,-0.1252
2025-11-27 12:36:49.505,20,20,20,0.00,0.0000,0.0000,0.0073,0.0062,-0.0626,0.9979,-0.0458,0.1034,-0.1252
2025-11-27 12:36:50.506,20,20,20,0.00,0.0052,0.0052,0.0073,0.0062,-0.0626,0.9979,-0.0458,0.1034,-0.1252
2025-11-27 12:36:51.505,20,20,20,0.00,0.0000,0.0026,0.0077,0.0064,-0.0627,0.9979,-0.0458,0.1034,-0.1254
2025-11-27 12:36:52.504,20,20,20,0.00,0.0000,0.0000,0.0076,0.0065,-0.0626,0.9979,-0.0458,0.1034,-0.1252
2025-11-27 12:36:53.506,20,20,20,0.00,0.0026,0.0000,0.0076,0.0065,-0.0626,0.9979,-0.0458,0.1034,-0.1252
2025-11-27 12:36:54.504,20,20,20,0.00,0.0000,0.0000,0.0076,0.0065,-0.0626,0.9979,-0.0458,0.1034,-0.1252
2025-11-27 12:36:55.506,20,20,20,0.00,0.0000,0.0026,0.0076,0.0065,-0.0626,0.9979,-0.0458,0.1034,-0.1252
2025-11-27 12:36:56.505,19,20,20,0.00,-0.0026,-0.0026,0.0076,0.0065,-0.0626,0.9979,-0.0458,0.1034,-0.1252
2025-11-27 12:36:57.507,20,20,20,0.00,0.0000,0.0052,0.0076,0.0065,-0.0626,0.9979,-0.0458,0.1034,-0.1252
2025-11-27 12:36:58.505,18,20,20,0.00,0.0000,0.0000,0.0077,0.0066,-0.0625,0.9979,-0.0458,0.1034,-0.1250
2025-11-27 12:36:59.505,20,20,20,0.00,0.0000,0.0000,0.0075,0.0066,-0.0625,0.9979,-0.0458,0.1033,-0.1250
2025-11-27 12:37:00.505,20,20,20,0.00,0.0026,-0.0026,0.0075,0.0066,-0.0625,0.9979,-0.0458,0.1033,-0.1250
2025-11-27 12:37:01.504,20,20,20,0.00,0.0052,0.0026,0.0075,0.0066,-0.0625,0.9979,-0.0458,0.1034,-0.1250
2025-11-27 12:37:02.506,19,20,20,0.00,0.0000,-0.0026,0.0075,0.0066,-0.0625,0.9979,-0.0458,0.1034,-0.1250
2025-11-27 12:37:03.505,20,20,20,0.00,0.0079,0.0000,0.0075,0.0066,-0.0625,0.9979,-0.0458,0.1034,-0.1250
2025-11-27 12:37:04.506,20,20,20,0.00,0.0000,0.0000,0.0075,0.0066,-0.0623,0.9979,-0.0458,0.1034,-0.1246
2025-11-27 12:37:05.505,20,20,20,0.00,0.0026,0.0052,0.0075,0.0066,-0.0623,0.9979,-0.0458,0.1034,-0.1246
2025-11-27 12:37:06.504,20,20,20,0.00,0.0000,0.0026,0.0075,0.0066,-0.0623,0.9979,-0.0458,0.1034,-0.1246
2025-11-27 12:37:07.504,20,20,20,0.00,0.0000,0.0052,0.0075,0.0066,-0.0623,0.9979,-0.0458,0.1034,-0.1246
2025-11-27 12:37:08.504,20,20,20,0.00,0.0000,0.0000,0.0075,0.0066,-0.0623,0.9979,-0.0458,0.1034,-0.1246
2025-11-27 12:37:09.505,20,20,20,0.00,0.0026,0.0000,0.0075,0.0066,-0.0623,0.9979,-0.0458,0.1034,-0.1246
2025-11-27 12:37:10.505,20,20,20,0.00,0.0026,0.0052,0.0075,0.0066,-0.0623,0.9979,-0.0458,0.1033,-0.1246
2025-11-27 12:37:11.504,20,20,20,0.00,-0.0026,0.0000,0.0075,0.0066,-0.0623,0.9979,-0.0458,0.1034,-0.1246
2025-11-27 12:37:12.505,20,20,20,0.00,0.0000,0.0000,0.0075,0.0066,-0.0623,0.9979,-0.0458,0.1034,-0.1246
2025-11-27 12:37:13.504,20,20,20,0.00,0.0000,0.0000,0.0075,0.0066,-0.0623,0.9979,-0.0458,0.1034,-0.1246
2025-11-27 12:37:14.504,20,20,20,0.00,0.0026,0.0000,0.0075,0.0066,-0.0623,0.9979,-0.0458,0.1034,-0.1246
2025-11-27 12:37:15.504,20,20,20,0.00,0.0000,-0.0026,0.0075,0.0066,-0.0623,0.9979,-0.0458,0.1034,-0.1246
2025-11-27 12:37:16.504,20,20,20,0.00,0.0026,0.0026,0.0075,0.0066,-0.0623,0.9979,-0.0458,0.1034,-0.1246
2025-11-27 12:37:17.504,20,20,20,0.00,0.0000,0.0000,0.0075,0.0066,-0.0623,0.9979,-0.0458,0.1034,-0.1246
2025-11-27 12:37:18.504,20,20,20,0.00,-0.0052,0.0000,0.0075,0.0066,-0.0623,0.9979,-0.0458,0.1034,-0.1246
2025-11-27 12:37:19.505,19,20,20,0.00,-0.0026,-0.0026,0.0075,0.0066,-0.0623,0.9979,-0.0458,0.1034,-0.1246
2025-11-27 12:37:20.506,18,20,20,0.00,0.0026,-0.0052,0.0075,0.0066,-0.0623,0.9979,-0.0458,0.1034,-0.1246
2025-11-27 12:37:21.506,20,20,20,0.00,0.0000,0.0000,0.0075,0.0066,-0.0623,0.9979,-0.0458,0.1034,-0.1246
2025-11-27 12:37:22.504,20,20,20,0.00,-0.0026,0.0000,0.0078,0.0067,-0.0624,0.9979,-0.0458,0.1034,-0.1248
2025-11-27 12:37:23.506,19,20,20,0.00,0.0000,0.0000,0.0078,0.0068,-0.0624,0.9979,-0.0458,0.1034,-0.1248
2025-11-27 12:37:24.506,20,20,20,0.00,-0.0026,0.0000,0.0078,0.0068,-0.0624,0.9979,-0.0458,0.1034,-0.1248
2025-11-27 12:37:25.504,20,20,20,0.00,0.0000,0.0000,0.0078,0.0068,-0.0624,0.9979,-0.0458,0.1034,-0.1248
2025-11-27 12:37:26.506,20,20,20,0.00,0.0000,0.0000,0.0079,0.0070,-0.0624,0.9979,-0.0458,0.1034,-0.1248
2025-11-27 12:37:27.504,20,20,20,0.00,0.0000,0.0000,0.0077,0.0070,-0.0625,0.9979,-0.0458,0.1034,-0.1250
2025-11-27 12:37:28.504,20,20,20,0.00,0.0000,0.0026,0.0077,0.0070,-0.0625,0.9979,-0.0458,0.1034,-0.1250
2025-11-27 12:37:29.504,20,20,20,0.00,0.0000,-0.0026,0.0077,0.0070,-0.0625,0.9979,-0.0458,0.1034,-0.1250
2025-11-27 12:37:30.504,20,20,20,0.00,0.0000,0.0000,0.0077,0.0070,-0.0625,0.9979,-0.0458,0.1034,-0.1250
2025-11-27 12:37:31.504,20,20,20,0.00,-0.0026,0.0000,0.0077,0.0070,-0.0625,0.9979,-0.0458,0.1034,-0.1250
2025-11-27 12:37:32.504,20,20,20,0.00,0.0000,0.0000,0.0077,0.0070,-0.0625,0.9979,-0.0458,0.1034,-0.1250
2025-11-27 12:37:33.506,20,20,20,0.00,0.0026,0.0000,0.0077,0.0070,-0.0625,0.9979,-0.0458,0.1034,-0.1250
2025-11-27 12:37:34.504,20,20,20,0.00,0.0000,-0.0026,0.0077,0.0070,-0.0625,0.9979,-0.0458,0.1034,-0.1250
2025-11-27 12:37:35.507,20,20,20,0.00,0.0000,0.0000,0.0077,0.0070,-0.0625,0.9979,-0.0458,0.1034,-0.1250
2025-11-27 12:37:36.505,20,20,20,0.00,0.0052,0.0000,0.0077,0.0070,-0.0625,0.9979,-0.0458,0.1034,-0.1250
2025-11-27 12:37:37.504,20,20,20,0.00,0.0000,0.0000,0.0077,0.0070,-0.0625,0.9979,-0.0458,0.1034,-0.1250
2025-11-27 12:37:38.507,18,20,20,0.00,0.0000,0.0026,0.0077,0.0070,-0.0625,0.9979,-0.0458,0.1034,-0.1250
2025-11-27 12:37:39.505,20,20,20,0.00,0.0000,0.0104,0.0077,0.0070,-0.0625,0.9979,-0.0458,0.1034,-0.1250
2025-11-27 12:37:40.504,20,20,20,0.00,0.0000,0.0000,0.0077,0.0070,-0.0625,0.9979,-0.0458,0.1034,-0.1250
2025-11-27 12:37:41.504,20,20,20,0.00,0.0000,0.0000,0.0077,0.0070,-0.0625,0.9979,-0.0458,0.1034,-0.1250
2025-11-27 12:37:42.505,20,20,20,0.00,-0.0026,0.0052,0.0077,0.0070,-0.0625,0.9979,-0.0458,0.1034,-0.1250
2025-11-27 12:37:43.506,20,20,20,0.00,0.0000,0.0000,0.0077,0.0070,-0.0625,0.9979,-0.0458,0.1034,-0.1250
2025-11-27 12:37:44.505,18,20,20,0.00,0.0000,0.0000,0.0077,0.0070,-0.0625,0.9979,-0.0458,0.1034,-0.1250
2025-11-27 12:37:45.505,19,20,20,0.00,0.0000,0.0000,0.0077,0.0070,-0.0625,0.9979,-0.0458,0.1034,-0.1250
2025-11-27 12:37:46.504,20,20,20,0.00,0.0052,0.0000,0.0077,0.0070,-0.0625,0.9979,-0.0458,0.1034,-0.1250
2025-11-27 12:37:47.504,19,20,20,0.00,-0.0026,0.0000,0.0077,0.0070,-0.0625,0.9979,-0.0458,0.1034,-0.1250
2025-11-27 12:37:48.504,20,20,20,0.00,0.0000,0.0000,0.0077,0.0070,-0.0625,0.9979,-0.0458,0.1034,-0.1250
2025-11-27 12:37:49.504,19,20,20,0.00,0.0000,0.0026,0.0077,0.0070,-0.0625,0.9979,-0.0458,0.1034,-0.1250
2025-11-27 12:37:50.504,20,20,20,0.00,0.0000,0.0000,0.0077,0.0070,-0.0625,0.9979,-0.0458,0.1034,-0.1250
2025-11-27 12:37:51.507,20,20,20,0.00,0.0000,0.0000,0.0077,0.0070,-0.0625,0.9979,-0.0458,0.1034,-0.1250
2025-11-27 12:37:52.505,19,20,20,0.00,0.0026,0.0000,0.0077,0.0070,-0.0625,0.9979,-0.0458,0.1034,-0.1250
2025-11-27 12:37:53.505,20,20,20,0.00,0.0000,0.0000,0.0077,0.0070,-0.0625,0.9979,-0.0458,0.1034,-0.1250
2025-11-27 12:37:54.504,20,20,20,0.00,0.0000,0.0000,0.0077,0.0070,-0.0625,0.9979,-0.0458,0.1034,-0.1250
2025-11-27 12:37:55.504,20,20,20,0.00,-0.0026,0.0000,0.0077,0.0070,-0.0625,0.9979,-0.0458,0.1034,-0.1250
2025-11-27 12:37:56.504,20,20,20,0.00,0.0026,-0.0026,0.0077,0.0070,-0.0625,0.9979,-0.0458,0.1034,-0.1250
2025-11-27 12:37:57.505,20,20,20,0.00,0.0000,0.0000,0.0077,0.0070,-0.0625,0.9979,-0.0458,0.1034,-0.1250
2025-11-27 12:37:58.504,20,20,20,0.00,0.0000,0.0000,0.0077,0.0070,-0.0625,0.9979,-0.0458,0.1034,-0.1250
2025-11-27 12:37:59.504,20,20,20,0.00,0.0000,0.0000,0.0077,0.0070,-0.0625,0.9979,-0.0458,0.1034,-0.1250
2025-11-27 12:38:00.505,20,20,20,0.00,0.0000,0.0000,0.0077,0.0070,-0.0625,0.9979,-0.0458,0.1034,-0.1250
2025-11-27 12:38:01.504,20,20,20,0.00,0.0000,0.0000,0.0077,0.0070,-0.0625,0.9979,-0.0458,0.1034,-0.1250
2025-11-27 12:38:02.505,19,20,20,0.00,0.0000,0.0026,0.0077,0.0070,-0.0625,0.9979,-0.0458,0.1034,-0.1250
2025-11-27 12:38:03.504,20,20,20,0.00,0.0000,-0.0052,0.0077,0.0070,-0.0625,0.9979,-0.0458,0.1034,-0.1250
2025-11-27 12:38:04.505,20,20,20,0.00,-0.0052,0.0000,0.0077,0.0070,-0.0625,0.9979,-0.0458,0.1034,-0.1250
2025-11-27 12:38:05.504,20,20,20,0.00,-0.0026,-0.0052,0.0077,0.0070,-0.0625,0.9979,-0.0458,0.1034,-0.1250
2025-11-27 12:38:06.505,20,20,20,0.00,0.0000,0.0000,0.0077,0.0070,-0.0625,0.9979,-0.0458,0.1034,-0.1250
2025-11-27 12:38:07.504,19,20,20,0.00,0.0000,0.0000,0.0077,0.0070,-0.0625,0.9979,-0.0458,0.1034,-0.1250
2025-11-27 12:38:08.504,20,20,20,0.00,0.0000,0.0026,0.0077,0.0070,-0.0625,0.9979,-0.0458,0.1034,-0.1250
2025-11-27 12:38:09.504,19,20,20,0.00,-0.0052,0.0000,0.0077,0.0070,-0.0625,0.9979,-0.0458,0.1034,-0.1250
2025-11-27 12:38:10.504,20,20,20,0.00,0.0000,-0.0026,0.0077,0.0070,-0.0625,0.9979,-0.0458,0.1034,-0.1250
2025-11-27 12:38:11.504,20,20,20,0.00,0.0000,0.0079,0.0077,0.0070,-0.0625,0.9979,-0.0458,0.1034,-0.1250
2025-11-27 12:38:12.504,20,20,20,0.00,0.0000,-0.0026,0.0077,0.0070,-0.0625,0.9979,-0.0458,0.1034,-0.1250
2025-11-27 12:38:13.506,20,20,20,0.00,0.0026,-0.0026,0.0077,0.0070,-0.0625,0.9979,-0.0458,0.1034,-0.1250
2025-11-27 12:38:14.505,20,20,20,0.00,0.0000,0.0079,0.0077,0.0070,-0.0625,0.9979,-0.0458,0.1034,-0.1250
2025-11-27 12:38:15.505,20,20,20,0.00,0.0000,-0.0026,0.0077,0.0070,-0.0625,0.9979,-0.0458,0.1034,-0.1250
2025-11-27 12:38:16.505,19,20,20,0.00,-0.0026,0.0026,0.0077,0.0070,-0.0625,0.9979,-0.0458,0.1034,-0.1250
2025-11-27 12:38:17.504,20,20,20,0.00,0.0000,-0.0026,0.0077,0.0070,-0.0625,0.9979,-0.0458,0.1034,-0.1250
2025-11-27 12:38:18.505,20,20,20,0.00,0.0000,0.0000,0.0077,0.0070,-0.0625,0.9979,-0.0458,0.1034,-0.1250
2025-11-27 12:38:19.505,20,20,20,0.00,-0.0026,0.0000,0.0077,0.0070,-0.0625,0.9979,-0.0458,0.1034,-0.1250
2025-11-27 12:38:20.504,20,20,20,0.00,0.0026,0.0000,0.0077,0.0070,-0.0625,0.9979,-0.0458,0.1034,-0.1250
2025-11-27 12:38:21.504,20,20,20,0.00,0.0000,0.0000,0.0077,0.0070,-0.0625,0.9979,-0.0458,0.1034,-0.1250
2025-11-27 12:38:22.505,20,20,20,0.00,0.0000,0.0000,0.0077,0.0070,-0.0625,0.9979,-0.0458,0.1034,-0.1250
2025-11-27 12:38:23.504,20,20,20,0.00,0.0000,0.0000,0.0077,0.0070,-0.0625,0.9979,-0.0458,0.1034,-0.1250
2025-11-27 12:38:24.504,20,20,20,0.00,0.0000,0.0000,0.0077,0.0070,-0.0625,0.9979,-0.0458,0.1034,-0.1250
2025-11-27 12:38:25.505,20,20,20,0.00,0.0000,-0.0052,0.0073,0.0070,-0.0626,0.9979,-0.0458,0.1034,-0.1252
2025-11-27 12:38:26.504,20,20,20,0.00,0.0000,0.0000,0.0076,0.0071,-0.0626,0.9979,-0.0458,0.1034,-0.1252
2025-11-27 12:38:27.505,20,20,20,0.00,-0.0026,-0.0026,0.0076,0.0072,-0.0626,0.9979,-0.0458,0.1034,-0.1252
2025-11-27 12:38:28.505,20,20,20,0.00,0.0079,0.0000,0.0076,0.0072,-0.0626,0.9979,-0.0458,0.1034,-0.1252
2025-11-27 12:38:29.504,20,20,20,0.00,0.0000,-0.0104,0.0076,0.0072,-0.0626,0.9979,-0.0458,0.1034,-0.1252
2025-11-27 12:38:30.505,20,20,20,0.00,0.0000,-0.0026,0.0076,0.0072,-0.0626,0.9979,-0.0458,0.1034,-0.1252
2025-11-27 12:38:31.505,19,20,20,0.00,0.0000,0.0026,0.0076,0.0072,-0.0626,0.9979,-0.0458,0.1034,-0.1252
2025-11-27 12:38:32.505,20,20,20,0.00,-0.0026,0.0000,0.0076,0.0072,-0.0626,0.9979,-0.0458,0.1034,-0.1252
2025-11-27 12:38:33.504,20,20,20,0.00,0.0000,0.0000,0.0076,0.0072,-0.0626,0.9979,-0.0458,0.1034,-0.1252
2025-11-27 12:38:34.506,20,20,20,0.00,0.0000,0.0000,0.0076,0.0072,-0.0626,0.9979,-0.0458,0.1034,-0.1252
2025-11-27 12:38:35.505,19,20,20,0.00,0.0079,0.0000,0.0076,0.0072,-0.0626,0.9979,-0.0458,0.1034,-0.1252
2025-11-27 12:38:36.504,20,20,20,0.00,0.0000,0.0000,0.0076,0.0072,-0.0626,0.9979,-0.0458,0.1034,-0.1252
2025-11-27 12:38:37.504,20,20,20,0.00,0.0052,0.0000,0.0076,0.0072,-0.0626,0.9979,-0.0458,0.1033,-0.1252
2025-11-27 12:38:38.504,20,20,20,0.00,-0.0026,0.0026,0.0076,0.0072,-0.0626,0.9979,-0.0458,0.1034,-0.1252
2025-11-27 12:38:39.504,20,20,20,0.00,0.0000,0.0052,0.0076,0.0072,-0.0626,0.9979,-0.0458,0.1034,-0.1252
2025-11-27 12:38:40.505,20,20,20,0.00,0.0000,0.0026,0.0076,0.0072,-0.0626,0.9979,-0.0458,0.1034,-0.1252
2025-11-27 12:38:41.504,19,20,20,0.00,0.0000,0.0000,0.0076,0.0072,-0.0626,0.9979,-0.0458,0.1034,-0.1252
2025-11-27 12:38:42.504,20,20,20,0.00,0.6100,-2.7646,0.0048,0.0081,-0.0853,0.9962,-0.0767,0.1080,-0.1708
2025-11-27 12:38:43.504,19,20,20,0.00,3.3746,-5.8616,0.0041,0.0090,-0.1855,0.9826,-0.2201,0.1510,-0.3731
2025-11-27 12:38:44.505,20,20,20,0.00,-0.0052,0.6100,0.0057,0.0081,-0.1868,0.9823,-0.3608,0.2169,-0.3758
2025-11-27 12:38:45.505,20,20,20,0.00,-3.7123,4.2621,0.0114,0.0067,-0.1579,0.9873,-0.2606,0.1813,-0.3170
2025-11-27 12:38:46.505,20,20,20,0.00,-2.1441,7.0921,0.0119,0.0042,-0.0047,0.9998,-0.0750,0.1434,-0.0093
2025-11-27 12:38:47.504,20,20,20,0.00,-3.2620,6.8827,0.0122,0.0054,0.1844,0.9827,0.1605,0.1975,0.3711
2025-11-27 12:38:48.505,20,20,20,0.00,-6.6575,0.5890,0.0107,0.0095,0.2263,0.9739,0.4012,0.3261,0.4568
2025-11-27 12:38:49.505,20,20,20,0.00,0.0942,-0.1047,0.0046,0.0023,0.1058,0.9943,0.4433,0.3404,0.2120
2025-11-27 12:38:50.504,20,20,20,0.00,-1.2749,-0.6833,0.0062,0.0059,0.1034,0.9945,0.4482,0.3414,0.2073
2025-11-27 12:38:51.505,20,20,20,0.00,0.0052,0.0000,0.0082,0.0041,-0.0502,0.9987,0.4453,0.3423,-0.1004
2025-11-27 12:38:52.504,20,20,20,0.00,3.3746,-2.0708,0.0045,0.0053,-0.0437,0.9990,0.3714,0.3487,-0.0874
2025-11-27 12:38:53.504,20,20,20,0.00,0.0000,0.0026,0.0116,0.0059,0.0254,0.9995,0.3249,0.3507,0.0509
2025-11-27 12:38:54.505,20,20,20,0.00,1.1755,0.0000,0.0108,0.0058,0.0278,0.9995,0.3202,0.3505,0.0557
2025-11-27 12:38:55.504,20,20,20,0.00,0.0000,0.0000,0.0114,0.0065,0.0433,0.9989,0.3105,0.3498,0.0868
2025-11-27 12:38:56.505,20,20,20,0.00,0.0000,0.0026,0.0112,0.0066,0.0433,0.9989,0.3105,0.3498,0.0868
2025-11-27 12:38:57.505,20,20,20,0.00,1.2017,1.7514,0.0112,0.0059,0.0578,0.9982,0.3125,0.3500,0.1158
2025-11-27 12:38:58.504,19,20,20,0.00,-1.4844,-1.1781,0.0099,0.0098,0.1004,0.9948,0.3224,0.3519,0.2014
2025-11-27 12:38:59.504,20,20,20,0.00,-4.7124,-4.3171,0.0095,0.0137,-0.1552,0.9877,0.3317,0.3513,-0.3115
2025-11-27 12:39:00.504,20,20,20,0.00,0.0000,0.0000,0.0072,0.0043,-0.2835,0.9589,0.3326,0.3508,-0.5749
2025-11-27 12:39:01.504,20,20,20,0.00,0.0026,0.0052,0.0081,0.0045,-0.2849,0.9584,0.3326,0.3508,-0.5778
2025-11-27 12:39:02.504,20,20,20,0.00,3.2332,0.5393,0.0071,0.0029,-0.2427,0.9700,0.3038,0.3680,-0.4903
2025-11-27 12:39:03.504,20,20,20,0.00,5.5318,3.3641,0.0110,-0.0022,0.0499,0.9986,0.2503,0.3798,0.0998
2025-11-27 12:39:04.505,20,20,20,0.00,7.0790,-1.6467,0.0104,-0.0046,0.3759,0.9265,0.1348,0.3079,0.7707
2025-11-27 12:39:05.504,20,19,20,0.00,6.8696,-4.0029,0.0089,-0.0021,0.5414,0.8406,0.0068,0.1083,1.1443
2025-11-27 12:39:06.504,19,20,20,0.00,7.6131,-6.1549,0.0099,-0.0029,0.6525,0.7576,-0.0706,-0.1598,1.4219
2025-11-27 12:39:07.504,20,20,20,0.00,10.5348,-6.8460,0.0077,-0.0087,0.7382,0.6744,-0.0688,-0.4813,1.6611
2025-11-27 12:39:08.504,20,19,20,0.00,7.6864,-6.6680,-0.0090,-0.0285,0.7371,0.6750,-0.0382,-0.8102,1.6594
2025-11-27 12:39:09.505,19,20,20,0.00,0.1742,-0.1021,0.0115,-0.0045,0.7379,0.6748,-0.0216,-0.9972,1.6600
2025-11-27 12:39:10.504,20,20,20,0.00,0.0000,0.0052,0.0093,0.0004,0.7377,0.6749,-0.0213,-0.9999,1.6596
2025-11-27 12:39:11.504,20,20,20,0.00,0.0000,0.0000,0.0067,0.0043,0.7377,0.6749,-0.0213,-0.9999,1.6596
2025-11-27 12:39:12.504,20,20,20,0.00,-3.0499,1.8509,0.0046,0.0098,0.7208,0.6929,-0.0234,-0.9642,1.6103
2025-11-27 12:39:13.504,20,20,20,0.00,0.3796,-0.1125,-0.0007,0.0074,0.7288,0.6846,-0.0256,-0.8813,1.6334
2025-11-27 12:39:14.504,20,20,20,0.00,-0.8220,0.0000,0.0010,0.0093,0.7329,0.6802,-0.0256,-0.8818,1.6454
2025-11-27 12:39:15.504,19,20,20,0.00,-4.5893,2.4033,0.0046,0.0147,0.6959,0.7179,-0.0269,-0.7952,1.5399
2025-11-27 12:39:16.504,20,20,20,0.00,-7.1000,1.1571,0.0016,0.0161,0.5236,0.8518,0.0129,-0.6313,1.1026
2025-11-27 12:39:17.504,20,20,20,0.00,-6.9586,-0.0052,0.0034,0.0115,0.3078,0.9513,0.1474,-0.4775,0.6260
2025-11-27 12:39:18.504,20,20,20,0.00,0.1439,0.0000,-0.0023,0.0016,0.1695,0.9855,0.2020,-0.4503,0.3406
2025-11-27 12:39:19.504,20,20,20,0.00,0.0052,0.1701,0.0037,0.0050,0.1778,0.9840,0.2041,-0.4495,0.3576
2025-11-27 12:39:20.505,19,20,20,0.00,0.0052,0.0654,0.0039,0.0053,0.2048,0.9787,0.2216,-0.4424,0.4126
2025-11-27 12:39:21.504,20,20,20,0.00,-0.0026,0.5288,0.0056,0.0059,0.2058,0.9785,0.2234,-0.4416,0.4147
2025-11-27 12:39:22.504,20,20,20,0.00,0.0000,2.4687,0.0074,0.0056,0.3082,0.9512,0.2750,-0.4116,0.6267
2025-11-27 12:39:23.504,20,19,20,0.00,-2.4792,1.9137,0.0107,0.0101,0.2606,0.9412,0.3140,-0.3838,0.5404
2025-11-27 12:39:24.504,20,20,20,0.00,-0.9713,0.0000,0.0079,0.0086,0.3209,0.9470,0.3452,-0.3633,0.6535
2025-11-27 12:39:25.504,19,20,20,0.00,0.0000,-2.1572,0.0048,0.0088,0.2909,0.9566,0.3392,-0.3658,0.5905
2025-11-27 12:39:26.504,20,20,20,0.00,-0.0026,-1.3954,0.0050,0.0086,0.1441,0.9895,0.2685,-0.3986,0.2893
2025-11-27 12:39:27.504,20,20,20,0.00,0.0026,0.0026,0.0072,0.0077,0.1477,0.9889,0.2669,-0.3991,0.2966
2025-11-27 12:39:28.505,20,20,20,0.00,0.0000,-0.5419,0.0073,0.0075,0.1475,0.9890,0.2651,-0.3997,0.2962
2025-11-27 12:39:29.504,20,20,20,0.00,-0.1780,-4.0579,0.0043,0.0095,0.0219,0.9996,0.2183,-0.4067,0.0439
2025-11-27 12:39:30.505,19,20,20,0.00,0.3874,-7.0581,0.0023,0.0133,-0.2154,0.9764,0.0797,-0.3748,-0.4343
2025-11-27 12:39:31.504,20,20,20,0.00,0.0026,-6.9298,0.0026,0.0148,-0.4970,0.8675,-0.0442,-0.2559,-1.0407
2025-11-27 12:39:32.504,20,20,20,0.00,-0.0261,-4.5841,0.0057,0.0108,-0.7289,0.6844,-0.0782,-0.0951,-1.6338
2025-11-27 12:39:33.504,20,20,20,0.00,-0.0445,-4.5553,0.0062,0.0093,-0.8130,0.5820,-0.0627,-0.0268,-1.8991
2025-11-27 12:39:34.504,19,20,20,0.00,0.1717,-7.0686,0.0063,0.0094,-0.9272,0.3743,0.0293,0.1067,-2.3743
2025-11-27 12:39:35.506,20,20,20,0.00,0.0052,-6.7780,0.0087,0.0076,-0.9945,0.1032,0.1859,0.1836,-2.9349
2025-11-27 12:39:36.504,20,20,20,0.00,-0.0026,0.1717,0.0000,-0.0106,-0.9999,-0.0052,0.2317,0.1875,3.1312
2025-11-27 12:39:37.504,20,20,20,0.00,-0.0052,0.0052,0.0017,-0.0084,-0.9999,-0.0038,0.2313,0.1875,3.1340
2025-11-27 12:39:38.505,20,20,20,0.00,0.0000,2.0996,0.0015,-0.0084,-0.9998,0.0181,0.2150,0.1872,-3.1054
2025-11-27 12:39:39.504,19,20,20,0.00,-0.0052,0.2618,0.0056,-0.0026,-0.9956,0.0933,0.1772,0.1827,-2.9547
2025-11-27 12:39:40.504,20,20,20,0.00,-0.8770,3.5761,0.0051,-0.0089,-0.9937,0.1112,0.1128,0.1694,-2.9186
2025-11-27 12:39:41.504,20,20,20,0.00,3.0604,6.5921,-0.0017,-0.0076,-0.9311,0.3645,0.0242,0.1272,-2.3954
2025-11-27 12:39:42.504,20,20,20,0.00,-1.0446,7.0162,0.0036,-0.0135,-0.6995,0.7144,-0.0074,0.0073,-1.5499
2025-11-27 12:39:43.507,20,20,20,0.00,-1.5655,6.9219,0.0029,-0.0125,-0.5464,0.8374,0.0538,-0.2164,-1.1564
2025-11-27 12:39:44.505,19,20,20,0.00,-1.3509,6.6549,0.0087,-0.0056,-0.2960,0.9551,0.1760,-0.3618,-0.6011
2025-11-27 12:39:45.505,19,20,20,0.00,-0.0026,6.8303,0.0057,-0.0032,-0.0734,0.9972,0.3607,-0.4357,-0.1470
2025-11-27 12:39:46.504,20,20,20,0.00,0.0000,-0.1178,0.0002,0.0116,0.0860,0.9962,0.4310,-0.4336,0.1723
2025-11-27 12:39:47.504,20,20,20,0.00,0.0000,0.0000,0.0045,0.0092,0.0859,0.9962,0.4308,-0.4337,0.1721
2025-11-27 12:39:48.504,20,20,20,0.00,0.0026,0.0000,0.0053,0.0087,0.0859,0.9962,0.4307,-0.4337,0.1721
2025-11-27 12:39:49.504,19,20,20,0.00,0.0052,0.0000,0.0053,0.0087,0.0859,0.9962,0.4307,-0.4337,0.1721
2025-11-27 12:39:50.504,20,20,20,0.00,0.0026,0.0052,0.0053,0.0087,0.0859,0.9962,0.4307,-0.4337,0.1721
2025-11-27 12:39:51.504,20,20,20,0.00,0.0079,0.0000,0.0053,0.0087,0.0859,0.9962,0.4307,-0.4337,0.1721
2025-11-27 12:39:52.505,20,20,20,0.00,0.0000,-0.0026,0.0053,0.0087,0.0859,0.9962,0.4307,-0.4337,0.1721
2025-11-27 12:39:53.504,20,20,20,0.00,-0.0026,0.0000,0.0056,0.0087,0.0000,0.9962,0.4307,-0.4337,0.0001
2025-11-27 12:39:54.504,20,20,20,0.00,0.0000,0.0000,0.0069,0.0082,0.0860,0.9962,0.4307,-0.4337,0.1723
2025-11-27 12:39:55.506,19,20,20,0.00,0.0000,0.0026,0.0070,0.0081,0.0860,0.9962,0.4308,-0.4337,0.1723
2025-11-27 12:39:56.505,20,20,20,0.00,-0.0026,0.0000,0.0070,0.0081,0.0860,0.9962,0.4308,-0.4337,0.1723
2025-11-27 12:39:57.504,20,20,20,0.00,0.0000,0.0026,0.0070,0.0081,0.0860,0.9962,0.4308,-0.4337,0.1723
2025-11-27 12:39:58.504,20,20,20,0.00,0.0000,0.0000,0.0070,0.0081,0.0860,0.9962,0.4308,-0.4337,0.1723
2025-11-27 12:39:59.505,20,20,20,0.00,0.0000,0.0000,0.0070,0.0081,0.0860,0.9962,0.4308,-0.4337,0.1723
2025-11-27 12:40:00.505,20,20,20,0.00,0.0000,-0.0079,0.0070,0.0081,0.0860,0.9962,0.4308,-0.4337,0.1723
2025-11-27 12:40:01.504,20,20,20,0.00,-0.0026,-0.0026,0.0070,0.0081,0.0860,0.9962,0.4308,-0.4337,0.1723
2025-11-27 12:40:02.504,20,20,20,0.00,0.0000,-0.0026,0.0070,0.0081,0.0860,0.9962,0.4308,-0.4337,0.1723
2025-11-27 12:40:03.504,19,20,20,0.00,0.0026,0.0026,0.0070,0.0081,0.0860,0.9962,0.4308,-0.4337,0.1723
2025-11-27 12:40:04.505,20,20,20,0.00,0.0000,0.0000,0.0070,0.0081,0.0860,0.9962,0.4308,-0.4337,0.1723
2025-11-27 12:40:05.505,20,20,20,0.00,0.0000,0.0000,0.0070,0.0081,0.0860,0.9962,0.4308,-0.4337,0.1723
2025-11-27 12:40:06.504,20,20,20,0.00,0.0000,0.0000,0.0070,0.0081,0.0860,0.9962,0.4308,-0.4337,0.1723
2025-11-27 12:40:07.505,20,20,20,0.00,0.0052,0.0000,0.0070,0.0081,0.0860,0.9962,0.4308,-0.4337,0.1723
2025-11-27 12:40:08.505,20,20,20,0.00,0.0000,0.0000,0.0070,0.0081,0.0860,0.9962,0.4308,-0.4337,0.1723
2025-11-27 12:40:09.505,20,20,20,0.00,0.0000,0.0000,0.0070,0.0081,0.0860,0.9962,0.4308,-0.4337,0.1723
2025-11-27 12:40:10.504,20,20,20,0.00,-0.0026,-0.0079,0.0070,0.0081,0.0860,0.9962,0.4308,-0.4337,0.1723
2025-11-27 12:40:11.505,19,20,20,0.00,-0.0026,0.0000,0.0070,0.0081,0.0860,0.9962,0.4308,-0.4337,0.1723
2025-11-27 12:40:12.504,20,20,20,0.00,0.0026,-0.0079,0.0070,0.0081,0.0860,0.9962,0.4308,-0.4337,0.1723
2025-11-27 12:40:13.505,20,20,20,0.00,0.0000,0.0000,0.0070,0.0081,0.0860,0.9962,0.4313,-0.4336,0.1723
2025-11-27 12:40:14.504,20,20,20,0.00,-3.0081,-2.3850,0.0081,0.0114,0.0230,0.9996,0.4369,-0.4330,0.0462
2025-11-27 12:40:15.504,20,20,20,0.00,-2.6127,-3.8249,0.0070,0.0150,-0.3392,0.9405,0.4381,-0.4303,-0.6922
2025-11-27 12:40:16.505,20,20,20,0.00,0.7199,0.3115,0.0087,0.0072,-0.4088,0.9125,0.4310,-0.4228,-0.8423
2025-11-27 12:40:17.505,20,20,20,0.00,4.5213,3.4976,0.0086,0.0011,-0.2317,0.9727,0.4185,-0.4138,-0.4676
2025-11-27 12:40:18.504,20,20,20,0.00,7.0188,6.7858,0.0142,-0.0070,0.2514,0.9677,0.4005,-0.4131,0.5081
2025-11-27 12:40:19.504,20,20,20,0.00,6.8434,6.8958,0.0167,-0.0045,0.7716,0.6357,0.4012,-0.4147,1.7631
2025-11-27 12:40:20.504,20,20,20,0.00,-0.0497,0.0026,-0.0046,0.0087,0.9652,0.2613,0.3915,-0.4069,2.6129
2025-11-27 12:40:21.504,20,20,20,0.00,0.0000,0.0000,-0.0023,0.0076,0.9620,0.2728,0.3906,-0.4064,2.5890
2025-11-27 12:40:22.505,20,20,20,0.00,-1.3640,1.1545,-0.0021,0.0083,0.9619,0.2730,0.3809,-0.4004,2.5886
2025-11-27 12:40:23.504,19,20,20,0.00,-0.9398,-1.0105,-0.0038,0.0039,0.9558,0.2937,0.3469,-0.3789,2.5454
2025-11-27 12:40:24.504,20,20,20,0.00,0.0000,0.0026,0.0020,0.0025,0.9165,0.3999,0.3434,-0.3759,2.3187
2025-11-27 12:40:25.504,20,20,20,0.00,0.0079,0.0000,0.0014,0.0040,0.9176,0.3975,0.3434,-0.3759,2.3240
2025-11-27 12:40:26.504,20,20,20,0.00,0.0000,3.1102,0.0034,0.0072,0.9334,0.3587,0.3234,-0.3565,2.4078
2025-11-27 12:40:27.506,20,20,20,0.00,0.6205,6.0658,0.0036,0.0076,0.9862,0.1652,0.2348,-0.3060,2.8096
2025-11-27 12:40:28.506,20,20,20,0.00,4.4401,-1.2069,-0.0045,-0.0046,0.9995,-0.0314,0.2368,-0.2969,-3.0788
2025-11-27 12:40:29.504,18,20,20,0.00,5.8224,-4.6521,-0.0057,-0.0019,0.9917,-0.1280,0.4283,-0.2591,-2.8849
2025-11-27 12:40:30.505,20,20,20,0.00,6.5685,-7.1707,-0.0081,0.0006,0.9918,-0.1270,0.7115,-0.1765,-2.8869
2025-11-27 12:40:31.505,18,20,20,0.00,-0.7304,0.9555,-0.0078,0.0115,0.9943,-0.1055,0.9115,-0.1329,-2.9300
2025-11-27 12:40:32.506,20,20,20,0.00,-3.8118,3.5159,-0.0074,0.0119,0.9954,-0.0948,0.8097,-0.1534,-2.9515
2025-11-27 12:40:33.504,20,20,20,0.00,-7.0188,2.6337,-0.0103,0.0106,0.9992,-0.0350,0.5899,-0.1921,-3.0713
2025-11-27 12:40:34.504,20,20,20,0.00,-6.9141,-0.0838,-0.0087,0.0064,0.9890,0.1473,0.3489,-0.1614,2.8460
2025-11-27 12:40:35.505,20,20,20,0.00,-2.6782,-3.5421,-0.0083,0.0026,0.8702,0.4925,0.2620,-0.1047,2.1115
2025-11-27 12:40:36.504,19,20,20,0.00,-0.7644,-6.8984,-0.0055,0.0014,0.7257,0.6878,0.2857,-0.2094,1.6244
2025-11-27 12:40:37.504,20,20,20,0.00,-5.1024,-2.8222,-0.0045,0.0114,0.3669,0.9301,0.2661,-0.2853,0.7515
2025-11-27 12:40:38.505,20,20,20,0.00,1.2357,2.5656,0.0001,0.0067,0.2995,0.9540,0.3073,-0.2591,0.6084
2025-11-27 12:40:39.504,19,20,20,0.00,4.8642,5.5161,0.0092,0.0044,0.5765,0.8169,0.3220,-0.2428,1.2291
2025-11-27 12:40:40.504,17,20,20,0.00,-0.0418,-0.0576,0.0099,0.0054,0.7683,0.6400,0.3202,-0.2150,1.7524
2025-11-27 12:40:41.505,20,20,20,0.00,0.0000,0.0000,0.0073,0.0067,0.7669,0.6416,0.3203,-0.2151,1.7482
2025-11-27 12:40:42.504,20,20,20,0.00,0.0000,0.0026,0.0062,0.0071,0.7670,0.6414,0.3203,-0.2151,1.7487
2025-11-27 12:40:43.504,20,20,20,0.00,1.2645,0.0000,0.0049,0.0081,0.7669,0.6416,0.3222,-0.2260,1.7483
2025-11-27 12:40:44.505,20,20,20,0.00,-0.3717,0.0000,0.0045,0.0115,0.8089,0.5877,0.3292,-0.2550,1.8850
2025-11-27 12:40:45.504,20,20,20,0.00,-0.4031,0.0000,0.0031,0.0102,0.7563,0.6540,0.3196,-0.2146,1.7157
2025-11-27 12:40:46.505,20,20,20,0.00,0.0052,0.0000,0.0030,0.0081,0.7505,0.6607,0.3194,-0.2135,1.6979
2025-11-27 12:40:47.504,20,20,20,0.00,0.0000,-0.0026,0.0030,0.0081,0.7505,0.6607,0.3194,-0.2135,1.6979
2025-11-27 12:40:48.505,20,20,20,0.00,0.0000,0.0000,0.0030,0.0081,0.7505,0.6607,0.3194,-0.2134,1.6979
2025-11-27 12:40:49.505,20,20,20,0.00,0.0000,0.0026,0.0030,0.0081,0.7505,0.6607,0.3194,-0.2134,1.6979
2025-11-27 12:40:50.505,20,20,20,0.00,-0.0026,0.0026,0.0030,0.0081,0.7505,0.6607,0.3194,-0.2134,1.6979
2025-11-27 12:40:51.505,20,20,20,0.00,-0.0026,-0.0026,0.0030,0.0081,0.7505,0.6607,0.3194,-0.2134,1.6979
2025-11-27 12:40:52.504,20,20,20,0.00,0.0000,0.0000,0.0030,0.0081,0.7505,0.6607,0.3194,-0.2134,1.6979
2025-11-27 12:40:53.505,20,20,20,0.00,0.0026,0.0000,0.0030,0.0081,0.7505,0.6607,0.3194,-0.2134,1.6979
2025-11-27 12:40:54.504,20,20,20,0.00,0.0052,0.0000,0.0030,0.0081,0.7505,0.6607,0.3194,-0.2134,1.6979
2025-11-27 12:40:55.505,20,20,20,0.00,-0.0026,0.0000,0.0030,0.0081,0.7505,0.6607,0.3194,-0.2134,1.6979
2025-11-27 12:40:56.505,20,20,20,0.00,-0.0026,0.0000,0.0030,0.0081,0.7505,0.6607,0.3194,-0.2134,1.6979
2025-11-27 12:40:57.504,20,20,20,0.00,0.0000,0.0000,0.0030,0.0081,0.7505,0.6607,0.3194,-0.2134,1.6979
2025-11-27 12:40:58.504,20,20,20,0.00,0.0000,0.0026,0.0030,0.0081,0.7505,0.6607,0.3194,-0.2135,1.6979
2025-11-27 12:40:59.504,18,20,20,0.00,0.0000,-0.0026,0.0030,0.0081,0.7505,0.6607,0.3194,-0.2135,1.6979
2025-11-27 12:41:00.504,19,20,20,0.00,0.0000,0.0052,0.0030,0.0081,0.7505,0.6607,0.3194,-0.2135,1.6979
2025-11-27 12:41:01.504,20,20,20,0.00,0.0000,0.0000,0.0030,0.0081,0.7505,0.6607,0.3194,-0.2135,1.6979
2025-11-27 12:41:02.505,20,20,20,0.00,0.0052,0.0000,0.0030,0.0081,0.7505,0.6607,0.3194,-0.2135,1.6979
2025-11-27 12:41:03.504,20,20,20,0.00,0.0052,-0.0026,0.0030,0.0081,0.7505,0.6607,0.3194,-0.2135,1.6979
2025-11-27 12:41:04.505,20,20,20,0.00,-0.0052,0.0000,0.0030,0.0081,0.7505,0.6607,0.3194,-0.2135,1.6979
2025-11-27 12:41:05.504,19,20,20,0.00,-0.0052,0.0000,0.0030,0.0081,0.7505,0.6607,0.3194,-0.2135,1.6979
2025-11-27 12:41:06.504,20,20,20,0.00,0.0000,-0.0079,0.0030,0.0081,0.7505,0.6607,0.3194,-0.2135,1.6979
2025-11-27 12:41:07.504,20,20,20,0.00,0.0000,0.0000,0.0030,0.0081,0.7505,0.6607,0.3194,-0.2135,1.6979
2025-11-27 12:41:08.504,20,20,20,0.00,0.0026,0.0000,0.0030,0.0081,0.7505,0.6607,0.3194,-0.2135,1.6979
2025-11-27 12:41:09.504,20,20,20,0.00,0.0000,0.0000,0.0030,0.0081,0.7505,0.6607,0.3194,-0.2135,1.6979
2025-11-27 12:41:10.504,20,20,20,0.00,0.0000,0.0000,0.0030,0.0081,0.7505,0.6607,0.3194,-0.2135,1.6979
2025-11-27 12:41:11.504,20,20,20,0.00,0.0000,0.0052,0.0030,0.0081,0.7505,0.6607,0.3194,-0.2135,1.6979
2025-11-27 12:41:12.505,18,20,20,0.00,-0.0026,-0.0026,0.0030,0.0081,0.7505,0.6607,0.3194,-0.2135,1.6979
2025-11-27 12:41:13.505,20,20,20,0.00,0.0026,0.0026,0.0030,0.0081,0.7505,0.6607,0.3194,-0.2136,1.6979
2025-11-27 12:41:14.505,19,20,20,0.00,0.0000,-0.0026,0.0030,0.0081,0.7505,0.6607,0.3194,-0.2135,1.6979
2025-11-27 12:41:15.504,20,20,20,0.00,0.0026,0.0000,0.0030,0.0081,0.7505,0.6607,0.3194,-0.2135,1.6979
2025-11-27 12:41:16.505,20,20,20,0.00,0.0000,0.0000,0.0030,0.0081,0.7505,0.6607,0.3194,-0.2135,1.6979
2025-11-27 12:41:17.504,20,20,20,0.00,0.0000,0.0000,0.0030,0.0081,0.7505,0.6607,0.3194,-0.2136,1.6979
2025-11-27 12:41:18.504,20,20,20,0.00,0.0052,-0.0026,0.0030,0.0081,0.7505,0.6607,0.3194,-0.2136,1.6979
2025-11-27 12:41:19.504,20,20,20,0.00,0.0026,0.0000,0.0030,0.0081,0.7505,0.6607,0.3194,-0.2136,1.6979
2025-11-27 12:41:20.505,20,20,20,0.00,0.0026,0.0026,0.0030,0.0081,0.7505,0.6607,0.3194,-0.2136,1.6979
2025-11-27 12:41:21.506,19,20,20,0.00,0.0000,0.0000,0.0030,0.0081,0.7505,0.6607,0.3194,-0.2136,1.6979
2025-11-27 12:41:22.504,20,20,20,0.00,0.0026,-0.0026,0.0030,0.0081,0.7505,0.6607,0.3194,-0.2136,1.6979
2025-11-27 12:41:23.505,20,20,20,0.00,0.0026,0.0000,0.0030,0.0081,0.7505,0.6607,0.3194,-0.2136,1.6979
2025-11-27 12:41:24.504,20,20,20,0.00,0.0000,0.0000,0.0030,0.0081,0.7505,0.6607,0.3194,-0.2136,1.6979
2025-11-27 12:41:25.504,20,20,20,0.00,0.0000,0.0026,0.0030,0.0081,0.7505,0.6607,0.3194,-0.2136,1.6979
2025-11-27 12:41:26.504,20,20,20,0.00,0.0079,-0.0052,0.0029,0.0083,0.7506,0.6607,0.3194,-0.2136,1.6981
2025-11-27 12:41:27.504,20,20,20,0.00,-1.1335,0.4293,0.0030,0.0090,0.7493,0.6620,0.3182,-0.2036,1.6944
2025-11-27 12:41:28.504,20,20,20,0.00,1.0210,3.4715,0.0070,0.0062,0.7758,0.6307,0.3096,-0.1360,1.7764
2025-11-27 12:41:29.504,20,20,20,0.00,0.3324,0.0000,0.0031,0.0106,0.8576,0.5140,0.3208,-0.1594,2.0618
2025-11-27 12:41:30.504,20,20,20,0.00,0.0026,3.1677,0.0047,0.0094,0.8776,0.4793,0.3069,-0.1353,2.1418
2025-11-27 12:41:31.504,20,20,20,0.00,-0.3403,2.5263,0.0011,0.0087,0.9440,0.3295,0.2154,-0.0485,2.4700
2025-11-27 12:41:32.504,20,20,20,0.00,0.9241,-0.5681,-0.0039,0.0037,0.9431,0.3323,0.2162,-0.0482,2.4641
2025-11-27 12:41:33.504,19,20,20,0.00,5.1077,-1.7540,-0.0033,0.0011,0.9602,0.2791,0.3242,-0.1234,2.5758
2025-11-27 12:41:34.505,20,20,20,0.00,7.2387,-2.3745,0.0014,0.0050,0.9935,0.1134,0.5196,-0.2037,2.9143
2025-11-27 12:41:35.504,19,20,20,0.00,6.8879,-5.2752,0.0007,0.0038,0.9990,-0.0438,0.7807,-0.2107,-3.0540
2025-11-27 12:41:36.505,19,20,20,0.00,6.8460,-7.1026,-0.0025,0.0042,0.9994,-0.0320,1.1035,-0.1810,-3.0776
2025-11-27 12:41:37.505,20,20,20,0.00,6.8748,-6.6680,-0.0020,0.0043,0.9986,-0.0518,1.4390,-0.1553,-3.0379
2025-11-27 12:41:38.504,20,20,20,0.00,2.4714,0.0314,-0.0023,0.0049,0.9921,-0.1248,1.7064,-0.1204,-2.8913
2025-11-27 12:41:39.504,20,20,20,0.00,-1.5315,0.0000,-0.0078,0.0065,0.9895,-0.1443,1.7086,-0.1201,-2.8519
2025-11-27 12:41:40.505,19,20,20,0.00,-1.8928,2.2070,-0.0073,0.0086,0.9910,-0.1328,1.6754,-0.1288,-2.8751
2025-11-27 12:41:41.504,20,20,20,0.00,-0.1518,0.0000,-0.0073,0.0045,0.9906,-0.1365,1.6296,-0.1418,-2.8677
2025-11-27 12:41:42.504,19,20,20,0.00,-0.6073,2.7384,-0.0058,0.0078,0.9877,-0.1559,1.6090,-0.1480,-2.8284
2025-11-27 12:41:43.505,20,20,20,0.00,-3.8877,0.8587,-0.0111,0.0069,0.9857,-0.1676,1.5304,-0.1790,-2.8046
2025-11-27 12:41:44.505,20,20,20,0.00,-0.0026,0.6021,-0.0067,0.0048,0.9909,-0.1338,1.4399,-0.2015,-2.8731
2025-11-27 12:41:45.504,20,20,20,0.00,0.0052,0.0000,-0.0065,0.0051,0.9912,-0.1317,1.4383,-0.2020,-2.8773
2025-11-27 12:41:46.505,20,20,20,0.00,-0.0026,0.0000,-0.0065,0.0051,0.9912,-0.1317,1.4383,-0.2020,-2.8773
2025-11-27 12:41:47.504,20,20,20,0.00,0.0000,0.0026,-0.0065,0.0051,0.9912,-0.1317,1.4383,-0.2020,-2.8773
2025-11-27 12:41:48.504,20,20,20,0.00,-0.0026,0.0000,-0.0065,0.0051,0.9912,-0.1317,1.4383,-0.2020,-2.8773
2025-11-27 12:41:49.504,20,20,20,0.00,-0.0026,0.0000,-0.0065,0.0051,0.9912,-0.1317,1.4383,-0.2020,-2.8773
2025-11-27 12:41:50.504,20,20,20,0.00,0.0000,0.0026,-0.0065,0.0051,0.9912,-0.1317,1.4382,-0.2020,-2.8773
2025-11-27 12:41:51.504,20,20,20,0.00,0.0079,0.0000,-0.0065,0.0051,0.9912,-0.1317,1.4382,-0.2020,-2.8773
2025-11-27 12:41:52.505,20,20,20,0.00,0.0000,0.0000,-0.0065,0.0051,0.9912,-0.1317,1.4382,-0.2020,-2.8773
2025-11-27 12:41:53.505,20,20,20,0.00,0.0026,0.0000,-0.0065,0.0051,0.9912,-0.1317,1.4382,-0.2020,-2.8773
2025-11-27 12:41:54.505,20,20,20,0.00,-0.0104,0.0052,-0.0065,0.0051,0.9912,-0.1317,1.4382,-0.2020,-2.8773
2025-11-27 12:41:55.504,20,20,20,0.00,0.0000,0.0000,-0.0065,0.0051,0.9912,-0.1317,1.4382,-0.2020,-2.8773
2025-11-27 12:41:56.504,20,20,20,0.00,0.0000,0.0000,-0.0065,0.0051,0.9912,-0.1317,1.4382,-0.2020,-2.8773
2025-11-27 12:41:57.504,20,20,20,0.00,0.0000,0.0079,-0.0065,0.0051,0.9912,-0.1317,1.4382,-0.2020,-2.8773
2025-11-27 12:41:58.504,20,20,20,0.00,0.0026,0.0000,-0.0065,0.0051,0.9912,-0.1317,1.4382,-0.2020,-2.8773
2025-11-27 12:41:59.504,20,20,20,0.00,0.0000,0.0026,-0.0065,0.0051,0.9912,-0.1317,1.4382,-0.2020,-2.8773
2025-11-27 12:42:00.504,20,20,20,0.00,0.0026,0.0052,-0.0065,0.0051,0.9912,-0.1317,1.4382,-0.2020,-2.8773
2025-11-27 12:42:01.505,20,20,20,0.00,-0.0052,0.0104,-0.0065,0.0051,0.9912,-0.1317,1.4382,-0.2020,-2.8773
2025-11-27 12:42:02.504,20,20,20,0.00,-0.0026,0.0026,-0.0065,0.0051,0.9912,-0.1317,1.4381,-0.2020,-2.8773
2025-11-27 12:42:03.505,20,20,20,0.00,0.0104,0.0000,-0.0065,0.0051,0.9912,-0.1317,1.4382,-0.2020,-2.8773
2025-11-27 12:42:04.504,20,20,20,0.00,0.0026,-0.0026,-0.0065,0.0051,0.9912,-0.1317,1.4382,-0.2020,-2.8773
2025-11-27 12:42:05.505,20,20,20,0.00,0.0000,0.0026,-0.0065,0.0051,0.9912,-0.1317,1.4382,-0.2020,-2.8773
2025-11-27 12:42:06.506,19,20,20,0.00,0.0000,0.0000,-0.0065,0.0051,0.9912,-0.1317,1.4382,-0.2020,-2.8773
2025-11-27 12:42:07.505,20,20,20,0.00,-0.0052,0.0000,-0.0065,0.0051,0.9912,-0.1317,1.4381,-0.2020,-2.8773
2025-11-27 12:42:08.505,20,19,20,0.00,0.0000,0.0104,-0.0065,0.0051,0.9912,-0.1317,1.4381,-0.2020,-2.8773
2025-11-27 12:42:09.504,20,20,20,0.00,0.0000,-0.0026,-0.0065,0.0051,0.9912,-0.1317,1.4381,-0.2020,-2.8773
2025-11-27 12:42:10.505,20,20,20,0.00,0.0000,0.0026,-0.0065,0.0051,0.9912,-0.1317,1.4381,-0.2020,-2.8773
2025-11-27 12:42:11.504,20,20,20,0.00,0.0000,0.0000,-0.0065,0.0051,0.9912,-0.1317,1.4381,-0.2020,-2.8773
2025-11-27 12:42:12.505,20,20,20,0.00,-0.0026,0.0026,-0.0065,0.0051,0.9912,-0.1317,1.4381,-0.2020,-2.8773
2025-11-27 12:42:13.504,20,20,20,0.00,0.0000,0.0000,-0.0065,0.0051,0.9912,-0.1317,1.4381,-0.2020,-2.8773
2025-11-27 12:42:14.505,20,20,20,0.00,-0.0026,-0.0079,-0.0065,0.0051,0.9912,-0.1317,1.4381,-0.2020,-2.8773
2025-11-27 12:42:15.504,20,20,20,0.00,0.1466,-0.1911,-0.0065,0.0051,0.9912,-0.1317,1.4382,-0.2020,-2.8773
2025-11-27 12:42:16.504,20,20,20,0.00,3.9531,-3.7280,-0.0053,0.0007,0.9895,-0.1440,1.5256,-0.1770,-2.8526
2025-11-27 12:42:17.504,20,20,20,0.00,3.1599,-6.6131,-0.0065,0.0000,0.9909,-0.1339,1.7518,-0.1102,-2.8729
2025-11-27 12:42:18.504,20,20,20,0.00,4.8720,-7.0397,-0.0091,-0.0007,0.9979,0.0635,1.9770,-0.1025,3.0145
2025-11-27 12:42:19.504,19,20,20,0.00,0.0079,0.2618,-0.0079,0.0020,0.9965,0.0831,2.1810,-0.1397,2.9752
2025-11-27 12:42:20.505,20,20,20,0.00,-1.9059,3.6338,-0.0047,0.0043,0.9984,0.0552,2.1079,-0.1284,3.0312
2025-11-27 12:42:21.504,20,20,20,0.00,-3.2987,6.8068,-0.0054,0.0096,0.9967,-0.0805,1.9301,-0.1351,-2.9803
2025-11-27 12:42:22.504,20,20,20,0.00,-6.6261,5.1208,-0.0101,0.0086,0.9892,-0.1456,1.6632,-0.2094,-2.8491
2025-11-27 12:42:23.505,20,20,20,0.00,-6.9455,6.9403,-0.0067,0.0083,0.9963,-0.0849,1.3392,-0.2732,-2.9715
2025-11-27 12:42:24.504,20,20,20,0.00,-7.1890,6.9638,-0.0065,0.0097,0.9982,-0.0576,1.0211,-0.3209,-3.0262
2025-11-27 12:42:25.504,20,20,20,0.00,-3.4715,4.3956,-0.0065,0.0054,0.9984,-0.0557,0.6961,-0.3568,-3.0301
2025-11-27 12:42:26.505,18,20,20,0.00,0.0000,-0.0026,-0.0050,-0.0003,0.9990,-0.0427,0.6665,-0.3594,-3.0562
2025-11-27 12:42:27.504,20,20,20,0.00,0.0026,-0.0026,-0.0051,0.0015,0.9990,-0.0426,0.6665,-0.3594,-3.0563
2025-11-27 12:42:28.505,20,20,20,0.00,0.0052,0.0026,-0.0050,0.0020,0.9990,-0.0426,0.6665,-0.3594,-3.0563
2025-11-27 12:42:29.504,20,20,20,0.00,0.0026,-0.0104,-0.0050,0.0020,0.9990,-0.0426,0.6665,-0.3594,-3.0563
2025-11-27 12:42:30.505,20,20,20,0.00,0.0000,0.0026,-0.0050,0.0020,0.9990,-0.0426,0.6665,-0.3594,-3.0563
2025-11-27 12:42:31.504,20,20,20,0.00,0.0026,0.0052,-0.0050,0.0020,0.9990,-0.0426,0.6665,-0.3594,-3.0563
2025-11-27 12:42:32.504,20,20,20,0.00,0.0000,0.0000,-0.0050,0.0020,0.9990,-0.0426,0.6665,-0.3594,-3.0563
2025-11-27 12:42:33.504,19,20,20,0.00,0.0052,0.0000,-0.0050,0.0020,0.9990,-0.0426,0.6665,-0.3594,-3.0563
2025-11-27 12:42:34.504,20,20,20,0.00,-0.0026,0.0026,-0.0050,0.0020,0.9990,-0.0426,0.6665,-0.3594,-3.0563
2025-11-27 12:42:35.505,20,20,20,0.00,0.0026,-0.0052,-0.0050,0.0020,0.9990,-0.0426,0.6665,-0.3594,-3.0563
2025-11-27 12:42:36.504,20,20,20,0.00,0.0000,0.0000,-0.0050,0.0020,0.9990,-0.0426,0.6665,-0.3594,-3.0563
2025-11-27 12:42:37.505,20,20,20,0.00,0.0000,0.0052,-0.0050,0.0020,0.9990,-0.0426,0.6665,-0.3594,-3.0563
2025-11-27 12:42:38.504,19,20,20,0.00,0.0026,0.0000,-0.0050,0.0020,0.9990,-0.0426,0.6665,-0.3594,-3.0563
2025-11-27 12:42:39.504,16,20,20,0.00,0.0000,0.0000,-0.0050,0.0020,0.9990,-0.0426,0.6665,-0.3594,-3.0563
2025-11-27 12:42:40.504,20,20,20,0.00,0.0052,0.0026,-0.0050,0.0020,0.9990,-0.0426,0.6665,-0.3594,-3.0563
2025-11-27 12:42:41.505,19,20,20,0.00,0.0026,0.0000,-0.0050,0.0020,0.9990,-0.0426,0.6665,-0.3594,-3.0563
2025-11-27 12:42:42.504,20,20,20,0.00,0.0000,-0.0052,-0.0050,0.0020,0.9990,-0.0426,0.6665,-0.3594,-3.0563
2025-11-27 12:42:43.505,20,20,20,0.00,0.0000,0.0000,-0.0050,0.0020,0.9990,-0.0426,0.6665,-0.3594,-3.0563
2025-11-27 12:42:44.504,20,20,20,0.00,0.0052,0.0000,-0.0050,0.0020,0.9990,-0.0426,0.6665,-0.3594,-3.0563
2025-11-27 12:42:45.505,20,20,20,0.00,-0.0026,0.0000,-0.0050,0.0020,0.9990,-0.0426,0.6666,-0.3594,-3.0563
2025-11-27 12:42:46.504,20,20,20,0.00,0.0000,0.0000,-0.0048,0.0023,0.9990,-0.0434,0.6666,-0.3594,-3.0547
2025-11-27 12:42:47.505,20,20,20,0.00,0.0785,-0.0026,-0.0050,0.0038,0.9987,-0.0505,0.6694,-0.3591,-3.0405
2025-11-27 12:42:48.505,20,20,20,0.00,0.0000,0.0000,-0.0052,0.0051,0.9985,-0.0531,0.6716,-0.3589,-3.0353
2025-11-27 12:42:49.504,20,20,20,0.00,0.0000,0.0000,-0.0051,0.0054,0.9985,-0.0531,0.6716,-0.3589,-3.0353
2025-11-27 12:42:50.504,20,20,20,0.00,0.0000,0.0000,-0.0053,0.0060,0.9985,-0.0531,0.6716,-0.3589,-3.0353
2025-11-27 12:42:51.504,20,20,20,0.00,0.0000,0.0026,-0.0047,0.0059,0.9985,-0.0534,0.6755,-0.3584,-3.0347
2025-11-27 12:42:52.504,20,20,20,0.00,-0.0104,0.0079,-0.0050,0.0078,0.9984,-0.0549,0.6778,-0.3582,-3.0317
2025-11-27 12:42:53.505,20,20,20,0.00,-0.0497,0.0026,-0.0051,0.0065,0.9985,-0.0520,0.6749,-0.3585,-3.0375
2025-11-27 12:42:54.505,20,20,20,0.00,1.1362,-0.9058,-0.0051,0.0065,0.9985,-0.0520,0.6838,-0.3575,-3.0375
2025-11-27 12:42:55.505,20,20,20,0.00,4.5789,-2.1415,-0.0023,0.0036,0.9974,-0.0708,0.7958,-0.3464,-2.9998
2025-11-27 12:42:56.505,20,19,20,0.00,6.6313,-5.3511,-0.0020,0.0030,0.9827,-0.1851,1.0324,-0.2783,-2.7692
2025-11-27 12:42:57.504,19,20,20,0.00,5.5580,-7.1759,-0.0060,0.0026,0.9915,-0.1293,1.3044,-0.1776,-2.8822
2025-11-27 12:42:58.505,20,20,20,0.00,5.4035,-6.6785,0.0000,0.0000,0.0000,-0.0127,1.6055,-0.1011,0.0000
2025-11-27 12:42:59.505,20,20,20,0.00,6.0135,-7.0712,-0.0069,0.0026,0.9960,-0.0882,1.9275,-0.0324,-2.9649
2025-11-27 12:43:00.505,20,20,20,0.00,7.1026,-6.9403,-0.0075,0.0035,0.9976,-0.0671,2.2626,0.0167,-3.0072
2025-11-27 12:43:01.504,20,20,20,0.00,6.7858,-6.1863,-0.0051,0.0069,0.9965,-0.0820,2.5969,0.0671,-2.9773
2025-11-27 12:43:02.504,19,20,20,0.00,7.0607,-5.8407,-0.0058,0.0081,0.9942,-0.1063,2.9342,0.1314,-2.9285
2025-11-27 12:43:03.504,19,20,20,0.00,7.0921,-7.1550,-0.0053,0.0110,0.9888,-0.1483,3.2574,0.2238,-2.8438
2025-11-27 12:43:04.505,19,20,20,0.00,6.7099,-6.9298,-0.0058,0.0067,0.9933,-0.1145,3.5909,0.3137,-2.9120
2025-11-27 12:43:05.504,20,20,20,0.00,6.3120,-6.9481,-0.0061,0.0073,0.9946,-0.1028,3.9229,0.3875,-2.9355
2025-11-27 12:43:06.505,19,20,20,0.00,-0.0026,0.1754,-0.0075,0.0037,0.9983,-0.0569,4.0445,0.4083,-3.0277
2025-11-27 12:43:07.504,20,20,20,0.00,0.0183,-0.2618,-0.0068,0.0067,0.9996,-0.0239,4.0633,0.4099,-3.0937
2025-11-27 12:43:08.504,19,20,20,0.00,-0.0026,0.0000,-0.0067,0.0072,0.9995,-0.0266,4.0638,0.4099,-3.0883
2025-11-27 12:43:09.505,20,20,20,0.00,0.0000,0.0131,-0.0072,0.0070,0.9995,-0.0266,4.0635,0.4099,-3.0883
2025-11-27 12:43:10.505,20,20,20,0.00,0.0000,0.0131,-0.0071,0.0070,0.9995,-0.0267,4.0632,0.4099,-3.0881
2025-11-27 12:43:11.504,20,20,20,0.00,0.0000,0.0131,-0.0071,0.0070,0.9995,-0.0265,4.0628,0.4098,-3.0885
2025-11-27 12:43:12.506,20,20,20,0.00,0.0000,0.0131,-0.0073,0.0069,0.9995,-0.0275,4.0625,0.4098,-3.0865
2025-11-27 12:43:13.504,20,20,20,0.00,0.0000,0.0131,-0.0072,0.0070,0.9995,-0.0275,4.0622,0.4098,-3.0865
2025-11-27 12:43:14.504,20,20,20,0.00,0.0000,0.0131,-0.0072,0.0070,0.9995,-0.0276,4.0619,0.4098,-3.0863
2025-11-27 12:43:15.504,20,20,20,0.00,0.0000,0.0131,-0.0072,0.0070,0.9995,-0.0275,4.0615,0.4098,-3.0865
2025-11-27 12:43:16.505,19,20,20,0.00,0.0000,0.0131,-0.0072,0.0070,0.9995,-0.0272,4.0612,0.4098,-3.0871
2025-11-27 12:43:17.504,20,20,20,0.00,0.0000,0.0131,-0.0039,0.0055,0.9864,-0.1638,4.0609,0.4097,-2.8124
2025-11-27 12:43:18.504,19,20,20,0.00,0.0000,0.0131,-0.0046,0.0075,0.9768,-0.2135,4.0606,0.4096,-2.7112
2025-11-27 12:43:19.504,20,20,20,0.00,0.0000,0.0131,-0.0090,0.0051,0.9969,-0.0776,4.0603,0.4095,-2.9861
2025-11-27 12:43:20.506,20,20,20,0.00,0.0000,0.0131,-0.0064,0.0064,0.9979,-0.0631,4.0600,0.4094,-3.0152
2025-11-27 12:43:21.504,20,20,20,0.00,0.0000,0.0131,-0.0070,0.0064,0.9975,-0.0692,4.0597,0.4094,-3.0030
2025-11-27 12:43:22.505,20,20,20,0.00,0.0000,0.0131,-0.0063,0.0059,0.9970,-0.0762,4.0593,0.4093,-2.9890
2025-11-27 12:43:23.504,20,20,20,0.00,0.0000,0.0131,-0.0076,0.0059,0.9962,-0.0854,4.0590,0.4093,-2.9705
2025-11-27 12:43:24.506,20,20,20,0.00,0.0000,0.0131,-0.0084,0.0048,0.9981,-0.0593,4.0587,0.4092,-3.0228
2025-11-27 12:43:25.504,20,20,20,0.00,0.0000,0.0131,-0.0059,0.0026,0.9974,-0.0707,4.0584,0.4092,-3.0000
2025-11-27 12:43:26.505,20,20,20,0.00,0.0000,0.0131,-0.0026,-0.0206,0.9970,-0.0745,4.0580,0.4092,-2.9926
2025-11-27 12:43:27.504,20,20,20,0.00,0.0000,0.0131,0.0086,0.0307,0.9973,-0.0651,4.0577,0.4091,-3.0119
2025-11-27 12:43:28.504,19,20,20,0.00,0.0000,0.0131,-0.0089,-0.0078,0.9993,-0.0333,4.0574,0.4091,-3.0751
2025-11-27 12:43:29.504,20,20,20,0.00,0.0000,0.0131,-0.0012,0.0175,0.9995,-0.0261,4.0571,0.4091,-3.0894
2025-11-27 12:43:30.504,20,20,20,0.00,0.0000,0.0131,-0.0026,0.0177,0.9995,-0.0264,4.0568,0.4090,-3.0887
2025-11-27 12:43:31.504,20,20,20,0.00,0.0000,0.0131,-0.0043,0.0177,0.9995,-0.0264,4.0564,0.4090,-3.0886
2025-11-27 12:43:32.505,20,20,20,0.00,0.0000,0.0131,-0.0031,0.0170,0.9989,-0.0418,4.0561,0.4090,-3.0579
2025-11-27 12:43:33.504,20,20,20,0.00,0.0000,0.0131,0.0033,0.0171,0.9608,-0.2764,4.0558,0.4089,-2.5816
2025-11-27 12:43:34.504,20,20,20,0.00,0.0000,0.0131,0.0075,0.0171,0.8547,-0.5186,4.0556,0.4087,-2.0512
2025-11-27 12:43:35.504,20,20,20,0.00,0.0000,0.0000,0.0005,0.0114,0.8193,-0.5731,4.0550,0.4070,-1.9209
2025-11-27 12:43:36.504,20,20,20,0.00,0.0000,0.0052,-0.0014,0.0106,0.8203,-0.5718,4.0550,0.4070,-1.9242
2025-11-27 12:43:37.505,20,20,20,0.00,0.0000,0.0000,-0.0036,0.0102,0.8198,-0.5725,4.0550,0.4070,-1.9224
2025-11-27 12:43:38.505,20,20,20,0.00,0.0000,0.0000,-0.0042,0.0097,0.8198,-0.5724,4.0550,0.4070,-1.9226
2025-11-27 12:43:39.506,20,20,20,0.00,0.0000,0.0026,-0.0042,0.0097,0.8198,-0.5724,4.0550,0.4070,-1.9226
2025-11-27 12:43:40.504,20,20,20,0.00,0.0000,0.0000,-0.0042,0.0097,0.8198,-0.5724,4.0550,0.4070,-1.9226
2025-11-27 12:43:41.505,20,20,20,0.00,0.0026,-0.0026,-0.0042,0.0097,0.8198,-0.5724,4.0550,0.4070,-1.9226
2025-11-27 12:43:42.504,20,20,20,0.00,0.0000,0.0000,-0.0042,0.0097,0.8198,-0.5724,4.0550,0.4070,-1.9226
2025-11-27 12:43:43.505,20,20,20,0.00,0.0000,0.0000,-0.0042,0.0097,0.8198,-0.5724,4.0550,0.4070,-1.9226
2025-11-27 12:43:44.505,20,20,20,0.00,0.0000,0.0026,-0.0042,0.0097,0.8198,-0.5724,4.0550,0.4070,-1.9226
2025-11-27 12:43:45.505,19,20,20,0.00,0.0000,-0.0026,-0.0042,0.0097,0.8198,-0.5724,4.0550,0.4071,-1.9226
2025-11-27 12:43:46.504,20,20,20,0.00,0.0000,0.0000,-0.0042,0.0097,0.8198,-0.5724,4.0550,0.4071,-1.9226
2025-11-27 12:43:47.506,20,20,20,0.00,-0.0079,-0.0026,-0.0042,0.0097,0.8198,-0.5724,4.0550,0.4070,-1.9226
2025-11-27 12:43:48.504,20,20,20,0.00,0.0026,0.0026,-0.0042,0.0097,0.8198,-0.5724,4.0550,0.4070,-1.9226
2025-11-27 12:43:49.506,20,20,20,0.00,0.0000,0.0000,-0.0042,0.0097,0.8198,-0.5724,4.0550,0.4070,-1.9226
2025-11-27 12:43:50.506,20,20,20,0.00,0.0000,0.0000,-0.0042,0.0097,0.8198,-0.5724,4.0550,0.4070,-1.9226
2025-11-27 12:43:51.504,20,20,20,0.00,-0.0052,0.0000,-0.0042,0.0097,0.8198,-0.5724,4.0550,0.4070,-1.9226
2025-11-27 12:43:52.504,20,20,20,0.00,0.0000,-0.0026,-0.0042,0.0097,0.8198,-0.5724,4.0550,0.4070,-1.9226
2025-11-27 12:43:53.504,20,20,20,0.00,0.0026,-0.0026,-0.0042,0.0097,0.8198,-0.5724,4.0550,0.4071,-1.9226
2025-11-27 12:43:54.505,20,20,20,0.00,-0.0104,-0.0026,-0.0042,0.0097,0.8198,-0.5724,4.0550,0.4071,-1.9226
2025-11-27 12:43:55.505,20,20,20,0.00,-0.0026,0.0000,-0.0042,0.0097,0.8198,-0.5724,4.0550,0.4071,-1.9226
2025-11-27 12:43:56.507,20,20,20,0.00,0.0000,0.0000,-0.0042,0.0097,0.8198,-0.5724,4.0550,0.4071,-1.9226
2025-11-27 12:43:57.504,20,20,20,0.00,0.0000,-0.0026,-0.0042,0.0097,0.8198,-0.5724,4.0550,0.4071,-1.9226
2025-11-27 12:43:58.505,20,19,20,0.00,0.0000,-0.0026,-0.0042,0.0097,0.8198,-0.5724,4.0550,0.4071,-1.9226
2025-11-27 12:43:59.504,20,20,20,0.00,-0.0157,0.0052,-0.0042,0.0097,0.8198,-0.5724,4.0550,0.4070,-1.9226
2025-11-27 12:44:00.506,20,20,20,0.00,0.0000,-0.0026,-0.0042,0.0097,0.8198,-0.5724,4.0550,0.4070,-1.9226
2025-11-27 12:44:01.505,20,20,20,0.00,-0.0026,0.0000,-0.0042,0.0097,0.8198,-0.5724,4.0550,0.4070,-1.9226
2025-11-27 12:44:02.505,19,20,20,0.00,0.0052,0.0000,-0.0042,0.0097,0.8198,-0.5724,4.0550,0.4070,-1.9226
2025-11-27 12:44:03.506,20,20,20,0.00,0.0000,0.0000,-0.0042,0.0097,0.8198,-0.5724,4.0550,0.4070,-1.9226
2025-11-27 12:44:04.504,20,20,20,0.00,-0.0052,0.0052,-0.0042,0.0097,0.8198,-0.5724,4.0550,0.4070,-1.9226
2025-11-27 12:44:05.506,20,20,20,0.00,0.0000,-0.0026,-0.0042,0.0097,0.8198,-0.5724,4.0550,0.4070,-1.9226
2025-11-27 12:44:06.505,20,20,20,0.00,-0.0026,0.0052,-0.0042,0.0097,0.8198,-0.5724,4.0550,0.4070,-1.9226
2025-11-27 12:44:07.504,20,20,20,0.00,-0.0026,0.0052,-0.0042,0.0097,0.8198,-0.5724,4.0550,0.4070,-1.9226
2025-11-27 12:44:08.505,20,20,20,0.00,0.0026,0.0026,-0.0042,0.0097,0.8198,-0.5724,4.0550,0.4070,-1.9226
2025-11-27 12:44:09.504,20,20,20,0.00,0.0000,0.0000,-0.0042,0.0097,0.8198,-0.5724,4.0550,0.4070,-1.9226
2025-11-27 12:44:10.505,19,20,20,0.00,0.0000,0.0000,-0.0042,0.0097,0.8198,-0.5724,4.0550,0.4070,-1.9226
2025-11-27 12:44:11.506,20,20,20,0.00,0.0000,0.0000,-0.0042,0.0097,0.8198,-0.5724,4.0550,0.4070,-1.9226
2025-11-27 12:44:12.504,20,20,20,0.00,0.0000,-0.0026,-0.0042,0.0097,0.8198,-0.5724,4.0550,0.4070,-1.9226
2025-11-27 12:44:13.504,20,20,20,0.00,0.0026,0.0000,-0.0042,0.0097,0.8198,-0.5724,4.0550,0.4070,-1.9226
2025-11-27 12:44:14.505,20,20,20,0.00,0.0000,-0.0026,-0.0042,0.0097,0.8198,-0.5724,4.0550,0.4070,-1.9226
2025-11-27 12:44:15.506,20,20,20,0.00,0.0026,0.0000,-0.0042,0.0097,0.8198,-0.5724,4.0550,0.4070,-1.9226
2025-11-27 12:44:16.505,20,20,20,0.00,-0.0026,0.0000,-0.0042,0.0097,0.8198,-0.5724,4.0550,0.4070,-1.9226
2025-11-27 12:44:17.504,19,20,20,0.00,-0.0052,0.0000,-0.0042,0.0097,0.8198,-0.5724,4.0550,0.4070,-1.9226
2025-11-27 12:44:18.504,20,20,20,0.00,-0.0026,0.0052,-0.0042,0.0097,0.8198,-0.5724,4.0550,0.4070,-1.9226
2025-11-27 12:44:19.504,20,20,20,0.00,0.0000,0.0026,-0.0042,0.0097,0.8198,-0.5724,4.0550,0.4070,-1.9226
2025-11-27 12:44:20.507,20,20,20,0.00,0.0000,0.0026,-0.0042,0.0097,0.8198,-0.5724,4.0550,0.4070,-1.9226
2025-11-27 12:44:21.504,20,20,20,0.00,0.0026,0.0000,-0.0042,0.0097,0.8198,-0.5724,4.0550,0.4070,-1.9226
2025-11-27 12:44:22.504,20,20,20,0.00,0.0000,0.0026,-0.0042,0.0097,0.8198,-0.5724,4.0550,0.4070,-1.9226
2025-11-27 12:44:23.505,20,20,20,0.00,0.0000,0.0000,-0.0042,0.0097,0.8198,-0.5724,4.0550,0.4070,-1.9226
2025-11-27 12:44:24.504,20,20,20,0.00,0.0000,-0.0026,-0.0042,0.0097,0.8198,-0.5724,4.0550,0.4070,-1.9226
2025-11-27 12:44:25.504,20,20,20,0.00,0.0026,0.0000,-0.0042,0.0097,0.8198,-0.5724,4.0550,0.4071,-1.9226
2025-11-27 12:44:26.504,20,20,20,0.00,0.0000,0.0000,-0.0042,0.0097,0.8198,-0.5724,4.0550,0.4071,-1.9226
2025-11-27 12:44:27.505,20,20,20,0.00,0.0000,0.0026,-0.0042,0.0097,0.8198,-0.5724,4.0550,0.4071,-1.9226
2025-11-27 12:44:28.507,20,20,20,0.00,0.0000,0.0000,-0.0042,0.0097,0.8198,-0.5724,4.0550,0.4071,-1.9226
2025-11-27 12:44:29.504,20,20,20,0.00,0.0000,0.0000,-0.0042,0.0097,0.8198,-0.5724,4.0550,0.4071,-1.9226
2025-11-27 12:44:30.504,20,20,20,0.00,-0.0026,0.0000,-0.0042,0.0097,0.8198,-0.5724,4.0550,0.4071,-1.9226
2025-11-27 12:44:31.504,17,20,20,0.00,0.0000,0.0000,-0.0042,0.0097,0.8198,-0.5724,4.0550,0.4071,-1.9226
2025-11-27 12:44:32.507,20,20,20,0.00,-0.0026,0.0026,-0.0042,0.0097,0.8198,-0.5724,4.0550,0.4071,-1.9226
2025-11-27 12:44:33.505,20,20,20,0.00,0.0104,-0.0026,-0.0042,0.0097,0.8198,-0.5724,4.0550,0.4071,-1.9226
2025-11-27 12:44:34.505,20,20,20,0.00,0.0000,0.0000,-0.0042,0.0097,0.8198,-0.5724,4.0550,0.4071,-1.9226
2025-11-27 12:44:35.505,20,20,20,0.00,-0.0026,0.0000,-0.0042,0.0097,0.8198,-0.5724,4.0550,0.4071,-1.9226
2025-11-27 12:44:36.505,20,20,20,0.00,0.0000,0.0000,-0.0042,0.0097,0.8198,-0.5724,4.0550,0.4071,-1.9226
2025-11-27 12:44:37.505,20,20,20,0.00,0.0000,-0.0052,-0.0042,0.0097,0.8198,-0.5724,4.0550,0.4071,-1.9226
2025-11-27 12:44:38.506,20,20,20,0.00,0.0000,0.0026,-0.0042,0.0097,0.8198,-0.5724,4.0550,0.4071,-1.9226
2025-11-27 12:44:39.505,19,20,20,0.00,0.0026,0.0000,-0.0042,0.0097,0.8198,-0.5724,4.0550,0.4071,-1.9226
2025-11-27 12:44:40.504,20,8,20,0.00,0.0026,0.0000,-0.0042,0.0097,0.8198,-0.5724,4.0550,0.4071,-1.9226
2025-11-27 12:44:41.505,20,0,20,0.00,0.0026,0.0000,-0.0042,0.0097,0.8198,-0.5724,4.0550,0.4071,-1.9226
2025-11-27 12:44:42.506,20,0,20,0.00,0.0026,0.0000,-0.0042,0.0097,0.8198,-0.5724,4.0550,0.4071,-1.9226
2025-11-27 12:44:43.505,20,19,20,0.00,0.0026,-0.0026,-0.0042,0.0097,0.8198,-0.5724,4.0550,0.4071,-1.9226
2025-11-27 12:44:44.504,20,19,20,0.00,3.2044,-3.0918,-0.0006,0.0051,0.8370,-0.5471,4.0807,0.4686,-1.9837
2025-11-27 12:44:45.504,20,20,20,0.00,3.7568,0.0000,-0.0015,0.0111,0.7522,-0.6587,4.1112,0.5803,-1.7033
2025-11-27 12:44:46.505,20,20,20,0.00,1.1310,0.7330,-0.0054,0.0104,0.7178,-0.6961,4.1124,0.6018,-1.6016
2025-11-27 12:44:47.505,20,20,20,0.00,0.0000,0.0000,-0.0097,0.0094,0.6378,-0.7700,4.1122,0.6079,-1.3836
2025-11-27 12:44:48.505,20,20,20,0.00,0.0000,0.0000,-0.0093,0.0090,0.6417,-0.7670,4.1122,0.6079,-1.3934
2025-11-27 12:44:49.504,20,20,20,0.00,0.0026,0.0000,-0.0093,0.0090,0.6417,-0.7670,4.1122,0.6079,-1.3934
2025-11-27 12:44:50.505,20,20,20,0.00,-0.0052,0.0000,-0.0099,0.0089,0.6431,-0.7656,4.1122,0.6079,-1.3973
2025-11-27 12:44:51.506,20,20,20,0.00,0.0026,0.0000,-0.0087,0.0080,0.6419,-0.7670,4.1122,0.6079,-1.3937
2025-11-27 12:44:52.504,20,20,20,0.00,0.0000,0.0052,-0.0087,0.0079,0.6419,-0.7670,4.1122,0.6079,-1.3937
2025-11-27 12:44:53.504,19,20,20,0.00,0.0000,-0.0026,-0.0087,0.0079,0.6419,-0.7670,4.1122,0.6079,-1.3937
2025-11-27 12:44:54.504,20,20,20,0.00,0.0000,0.0000,-0.0087,0.0079,0.6423,-0.7662,4.1120,0.6089,-1.3953
2025-11-27 12:44:55.505,20,20,20,0.00,0.0000,-1.4923,-0.0075,0.0048,0.6713,-0.7410,4.1088,0.6327,-1.4721
2025-11-27 12:44:56.504,20,20,20,0.00,0.0000,-1.2199,-0.0061,0.0053,0.6809,-0.7322,4.1078,0.6462,-1.4982
2025-11-27 12:44:57.505,20,20,20,0.00,0.0052,-0.7409,-0.0076,0.0062,0.7208,-0.6929,4.1074,0.6783,-1.6102
2025-11-27 12:44:58.505,20,19,20,0.00,0.0000,-0.4136,-0.0087,0.0119,0.7591,-0.6506,4.1106,0.7104,-1.7245
2025-11-27 12:44:59.505,19,20,20,0.00,0.0000,-0.9686,-0.0095,0.0078,0.8062,-0.5915,4.1204,0.7528,-1.8756
2025-11-27 12:45:00.506,20,20,20,0.00,0.0000,-2.8379,-0.0098,0.0064,0.8315,-0.5552,4.1309,0.7811,-1.9640
2025-11-27 12:45:01.504,20,20,20,0.00,-1.8168,1.5708,-0.0103,0.0138,0.8529,-0.5216,4.1313,0.7833,-2.0438
2025-11-27 12:45:02.506,20,20,20,0.00,-1.2357,-0.0026,-0.0068,0.0090,0.8643,-0.5026,4.0997,0.7247,-2.0881
2025-11-27 12:45:03.504,20,20,20,0.00,-0.9189,0.0000,-0.0068,0.0072,0.9006,-0.4345,4.0784,0.6920,-2.2425
2025-11-27 12:45:04.505,20,20,20,0.00,-3.3144,0.0026,-0.0120,0.0099,0.9270,-0.3746,4.0476,0.6568,-2.3733
2025-11-27 12:45:05.505,20,20,20,0.00,-0.9293,0.0000,-0.0046,0.0071,0.9395,-0.3422,4.0319,0.6433,-2.4430
2025-11-27 12:45:06.505,20,20,20,0.00,-0.4188,0.0000,-0.0053,0.0077,0.9521,-0.3054,4.0186,0.6329,-2.5208
2025-11-27 12:45:07.506,19,20,20,0.00,-0.7540,0.0000,-0.0058,0.0081,0.9519,-0.3061,4.0147,0.6301,-2.5193
2025-11-27 12:45:08.505,20,20,20,0.00,-0.2932,0.0000,-0.0059,0.0079,0.9597,-0.2808,4.0014,0.6212,-2.5722
2025-11-27 12:45:09.505,19,20,20,0.00,-1.3116,0.0000,-0.0071,0.0087,0.9666,-0.2559,3.9889,0.6136,-2.6239
2025-11-27 12:45:10.505,20,20,20,0.00,-0.1335,-0.0052,-0.0077,0.0095,0.9747,-0.2227,3.9725,0.6052,-2.6922
2025-11-27 12:45:11.505,19,20,20,0.00,-0.0838,0.0000,-0.0076,0.0093,0.9750,-0.2213,3.9714,0.6046,-2.6951
2025-11-27 12:45:12.504,20,20,20,0.00,0.0000,0.0000,-0.0076,0.0094,0.9757,-0.2183,3.9697,0.6039,-2.7013
2025-11-27 12:45:13.504,20,20,20,0.00,-0.4581,0.0026,-0.0067,0.0081,0.9852,-0.1704,3.9460,0.5941,-2.7990
2025-11-27 12:45:14.504,20,20,20,0.00,-0.0026,0.7566,-0.0065,0.0104,0.9774,-0.2105,3.9220,0.5844,-2.7172
2025-11-27 12:45:15.504,20,20,20,0.00,-1.2042,0.9765,-0.0087,0.0119,0.9750,-0.2213,3.8822,0.5657,-2.6950
2025-11-27 12:45:16.505,20,20,20,0.00,-0.8168,0.0000,-0.0097,0.0086,0.9829,-0.1835,3.8536,0.5530,-2.7723
2025-11-27 12:45:17.504,20,20,20,0.00,-0.3115,0.4660,-0.0098,0.0122,0.9874,-0.1571,3.8157,0.5398,-2.8258
2025-11-27 12:45:18.504,20,20,20,0.00,-0.2723,0.0838,-0.0074,0.0100,0.9898,-0.1417,3.7927,0.5327,-2.8571
2025-11-27 12:45:19.505,20,20,20,0.00,-1.2645,0.0314,-0.0097,0.0119,0.9933,-0.1141,3.7732,0.5276,-2.9126
2025-11-27 12:45:20.505,20,20,20,0.00,-0.4136,0.0000,-0.0087,0.0114,0.9961,-0.0862,3.7582,0.5246,-2.9688
2025-11-27 12:45:21.505,19,20,20,0.00,-0.5471,-0.0026,-0.0093,0.0118,0.9974,-0.0686,3.7481,0.5231,-3.0040
2025-11-27 12:45:22.504,20,20,20,0.00,0.0000,0.0000,-0.0079,0.0109,0.9978,-0.0650,3.7462,0.5228,-3.0113
2025-11-27 12:45:23.505,20,20,20,0.00,0.0000,0.0000,-0.0080,0.0110,0.9978,-0.0650,3.7462,0.5228,-3.0113
2025-11-27 12:45:24.504,20,20,20,0.00,0.0000,0.0000,-0.0080,0.0110,0.9978,-0.0650,3.7462,0.5228,-3.0113
2025-11-27 12:45:25.504,20,20,20,0.00,-0.0026,-0.0026,-0.0080,0.0110,0.9978,-0.0650,3.7462,0.5228,-3.0113
2025-11-27 12:45:26.506,20,20,20,0.00,0.0000,-0.0026,-0.0080,0.0110,0.9978,-0.0650,3.7462,0.5228,-3.0113
2025-11-27 12:45:27.505,20,20,20,0.00,0.0026,0.0000,-0.0080,0.0110,0.9978,-0.0650,3.7462,0.5228,-3.0113
2025-11-27 12:45:28.505,19,20,20,0.00,0.0000,0.0000,-0.0080,0.0110,0.9978,-0.0650,3.7462,0.5228,-3.0113
2025-11-27 12:45:29.505,20,20,20,0.00,-0.0052,-0.0026,-0.0080,0.0110,0.9978,-0.0650,3.7462,0.5228,-3.0113
2025-11-27 12:45:30.504,20,20,20,0.00,0.0000,0.0000,-0.0080,0.0110,0.9978,-0.0650,3.7462,0.5228,-3.0113
2025-11-27 12:45:31.504,20,20,20,0.00,0.0000,-0.0026,-0.0080,0.0110,0.9978,-0.0650,3.7462,0.5228,-3.0113
2025-11-27 12:45:32.507,20,20,20,0.00,0.0000,-0.0052,-0.0080,0.0110,0.9978,-0.0650,3.7462,0.5228,-3.0113
2025-11-27 12:45:33.505,20,20,20,0.00,-0.0026,0.0104,-0.0080,0.0110,0.9978,-0.0650,3.7462,0.5228,-3.0113
2025-11-27 12:45:34.504,20,20,20,0.00,0.0000,-0.0026,-0.0080,0.0110,0.9978,-0.0650,3.7462,0.5228,-3.0113
2025-11-27 12:45:35.505,19,20,20,0.00,0.0000,0.0000,-0.0079,0.0112,0.9978,-0.0650,3.7462,0.5228,-3.0113
2025-11-27 12:45:36.507,20,20,20,0.00,0.0000,0.0026,-0.0079,0.0114,0.9978,-0.0650,3.7462,0.5228,-3.0113
2025-11-27 12:45:37.504,20,20,20,0.00,-0.0026,0.0000,-0.0079,0.0114,0.9978,-0.0650,3.7462,0.5228,-3.0113
2025-11-27 12:45:38.504,20,20,20,0.00,-0.0026,-0.0026,-0.0079,0.0114,0.9978,-0.0650,3.7462,0.5228,-3.0113
2025-11-27 12:45:39.504,19,20,20,0.00,-0.0026,-0.0026,-0.0079,0.0114,0.9978,-0.0650,3.7462,0.5228,-3.0113
2025-11-27 12:45:40.504,20,20,20,0.00,-0.0026,0.0000,-0.0079,0.0114,0.9978,-0.0650,3.7462,0.5228,-3.0113
2025-11-27 12:45:41.505,20,20,20,0.00,0.0026,0.0000,-0.0079,0.0114,0.9978,-0.0650,3.7462,0.5228,-3.0113
2025-11-27 12:45:42.504,20,20,20,0.00,0.0000,-0.0026,-0.0079,0.0114,0.9978,-0.0650,3.7462,0.5228,-3.0113
2025-11-27 12:45:43.505,20,20,20,0.00,0.0000,0.0000,-0.0079,0.0114,0.9978,-0.0650,3.7462,0.5228,-3.0113
2025-11-27 12:45:44.506,20,20,20,0.00,0.0000,0.0052,-0.0079,0.0114,0.9978,-0.0650,3.7462,0.5228,-3.0113
2025-11-27 12:45:45.505,19,19,20,0.00,0.0000,0.0026,-0.0080,0.0115,0.9978,-0.0650,3.7462,0.5228,-3.0113
2025-11-27 12:45:46.505,20,20,20,0.00,0.0052,0.0000,-0.0079,0.0115,0.9978,-0.0650,3.7462,0.5228,-3.0113
2025-11-27 12:45:47.504,20,20,20,0.00,-0.0104,0.0000,-0.0079,0.0115,0.9978,-0.0650,3.7462,0.5228,-3.0113
2025-11-27 12:45:48.504,19,20,20,0.00,-0.0026,-0.0052,-0.0079,0.0115,0.9978,-0.0650,3.7462,0.5228,-3.0113
2025-11-27 12:45:49.504,20,20,20,0.00,0.0000,-0.0026,-0.0079,0.0115,0.9978,-0.0650,3.7462,0.5228,-3.0113
2025-11-27 12:45:50.505,19,20,20,0.00,-0.0026,0.0026,-0.0079,0.0115,0.9978,-0.0650,3.7462,0.5228,-3.0113
2025-11-27 12:45:51.504,20,20,20,0.00,-0.0052,0.0000,-0.0079,0.0115,0.9978,-0.0650,3.7462,0.5228,-3.0113
2025-11-27 12:45:52.505,20,20,20,0.00,0.0026,-0.0052,-0.0079,0.0115,0.9978,-0.0650,3.7462,0.5228,-3.0113
2025-11-27 12:45:53.504,20,20,20,0.00,-0.0052,0.0000,-0.0079,0.0115,0.9978,-0.0650,3.7461,0.5228,-3.0113
2025-11-27 12:45:54.504,20,20,20,0.00,0.0000,-0.0052,-0.0079,0.0115,0.9978,-0.0650,3.7461,0.5228,-3.0113
2025-11-27 12:45:55.504,20,20,20,0.00,-0.0026,0.0000,-0.0079,0.0115,0.9978,-0.0650,3.7461,0.5228,-3.0113
2025-11-27 12:45:56.504,20,20,20,0.00,0.0000,0.0026,-0.0079,0.0115,0.9978,-0.0650,3.7461,0.5228,-3.0113
2025-11-27 12:45:57.505,20,20,20,0.00,0.0079,0.0052,-0.0079,0.0115,0.9978,-0.0650,3.7462,0.5228,-3.0113
2025-11-27 12:45:58.504,20,20,20,0.00,-0.0079,0.0000,-0.0079,0.0115,0.9978,-0.0650,3.7462,0.5228,-3.0113
2025-11-27 12:45:59.505,20,20,20,0.00,0.0000,0.0000,-0.0079,0.0115,0.9978,-0.0650,3.7462,0.5228,-3.0113
2025-11-27 12:46:00.505,20,20,20,0.00,-0.0052,-0.0026,-0.0079,0.0115,0.9978,-0.0650,3.7462,0.5228,-3.0113
2025-11-27 12:46:01.505,20,20,20,0.00,-0.0026,0.0000,-0.0079,0.0115,0.9978,-0.0650,3.7462,0.5228,-3.0113
2025-11-27 12:46:02.504,17,20,20,0.00,0.0052,0.0026,-0.0079,0.0115,0.9978,-0.0650,3.7462,0.5228,-3.0113
2025-11-27 12:46:03.505,18,20,20,0.00,0.0000,0.0000,-0.0079,0.0115,0.9978,-0.0650,3.7462,0.5228,-3.0113
2025-11-27 12:46:04.504,18,20,20,0.00,0.0000,0.0026,-0.0079,0.0115,0.9978,-0.0650,3.7462,0.5228,-3.0113
2025-11-27 12:46:05.505,20,20,20,0.00,0.0000,-0.0052,-0.0079,0.0115,0.9978,-0.0650,3.7462,0.5228,-3.0113
2025-11-27 12:46:06.505,20,20,20,0.00,-0.0026,0.0000,-0.0079,0.0115,0.9978,-0.0650,3.7462,0.5228,-3.0113
2025-11-27 12:46:07.505,20,20,20,0.00,0.0000,-0.0026,-0.0079,0.0115,0.9978,-0.0650,3.7462,0.5228,-3.0113
2025-11-27 12:46:08.504,20,20,20,0.00,0.0026,0.0000,-0.0079,0.0115,0.9978,-0.0650,3.7462,0.5228,-3.0113
2025-11-27 12:46:09.505,20,20,20,0.00,0.0000,0.0079,-0.0079,0.0115,0.9978,-0.0650,3.7461,0.5228,-3.0113
2025-11-27 12:46:10.505,19,20,20,0.00,0.0000,0.0000,-0.0079,0.0115,0.9978,-0.0650,3.7461,0.5228,-3.0113
2025-11-27 12:46:11.504,20,20,20,0.00,-0.0026,0.0000,-0.0079,0.0115,0.9978,-0.0650,3.7461,0.5228,-3.0113
2025-11-27 12:46:12.505,20,20,20,0.00,0.0000,0.0000,-0.0079,0.0115,0.9978,-0.0650,3.7461,0.5228,-3.0113
2025-11-27 12:46:13.504,20,20,20,0.00,0.0026,0.0026,-0.0079,0.0115,0.9978,-0.0650,3.7461,0.5228,-3.0113
2025-11-27 12:46:14.504,20,20,20,0.00,0.0000,0.0000,-0.0079,0.0115,0.9978,-0.0650,3.7461,0.5228,-3.0113
2025-11-27 12:46:15.505,19,20,20,0.00,0.0000,0.0000,-0.0079,0.0115,0.9978,-0.0650,3.7461,0.5228,-3.0113
2025-11-27 12:46:16.504,20,20,20,0.00,0.0026,0.0000,-0.0079,0.0115,0.9978,-0.0650,3.7461,0.5228,-3.0113
2025-11-27 12:46:17.504,20,20,20,0.00,-0.0052,0.0000,-0.0079,0.0115,0.9978,-0.0650,3.7461,0.5228,-3.0113
2025-11-27 12:46:18.505,20,20,20,0.00,-0.0026,0.0000,-0.0079,0.0115,0.9978,-0.0650,3.7461,0.5228,-3.0113
2025-11-27 12:46:19.504,20,20,20,0.00,0.0000,0.0000,-0.0079,0.0115,0.9978,-0.0650,3.7461,0.5228,-3.0113
2025-11-27 12:46:20.505,19,20,20,0.00,0.0000,0.0052,-0.0079,0.0115,0.9978,-0.0650,3.7461,0.5228,-3.0113
2025-11-27 12:46:21.505,20,20,20,0.00,0.0000,0.0104,-0.0079,0.0115,0.9978,-0.0650,3.7462,0.5228,-3.0113
2025-11-27 12:46:22.504,20,20,20,0.00,-0.0026,0.0000,-0.0079,0.0115,0.9978,-0.0650,3.7461,0.5228,-3.0113
2025-11-27 12:46:23.505,20,20,20,0.00,-0.0026,0.0026,-0.0079,0.0115,0.9978,-0.0650,3.7462,0.5228,-3.0113
2025-11-27 12:46:24.505,20,20,20,0.00,0.0000,0.0026,-0.0079,0.0115,0.9978,-0.0650,3.7462,0.5228,-3.0113
2025-11-27 12:46:25.505,20,20,20,0.00,-0.0026,0.0000,-0.0079,0.0115,0.9978,-0.0650,3.7462,0.5228,-3.0113
2025-11-27 12:46:26.504,20,20,20,0.00,-0.0026,0.0000,-0.0079,0.0115,0.9978,-0.0650,3.7462,0.5228,-3.0113
2025-11-27 12:46:27.504,20,20,20,0.00,-0.0052,0.0000,-0.0079,0.0115,0.9978,-0.0650,3.7462,0.5228,-3.0113
2025-11-27 12:46:28.504,20,20,20,0.00,0.0000,-0.0052,-0.0079,0.0115,0.9978,-0.0650,3.7462,0.5228,-3.0113
2025-11-27 12:46:29.504,19,20,20,0.00,0.0000,0.0000,-0.0079,0.0115,0.9978,-0.0650,3.7462,0.5228,-3.0113
2025-11-27 12:46:30.504,19,20,20,0.00,0.0052,0.0000,-0.0079,0.0115,0.9978,-0.0650,3.7462,0.5228,-3.0113
2025-11-27 12:46:31.505,20,20,20,0.00,0.0000,0.0000,-0.0079,0.0115,0.9978,-0.0650,3.7462,0.5228,-3.0113
2025-11-27 12:46:32.504,20,20,20,0.00,0.0000,0.0052,-0.0079,0.0115,0.9978,-0.0650,3.7462,0.5228,-3.0113
2025-11-27 12:46:33.504,18,20,20,0.00,0.0000,0.0026,-0.0079,0.0115,0.9978,-0.0650,3.7462,0.5228,-3.0113
2025-11-27 12:46:34.505,20,20,20,0.00,-0.0026,-0.0026,-0.0079,0.0115,0.9978,-0.0650,3.7462,0.5228,-3.0113
2025-11-27 12:46:35.504,20,20,20,0.00,0.0052,0.0000,-0.0079,0.0115,0.9978,-0.0650,3.7462,0.5228,-3.0113
2025-11-27 12:46:36.504,20,20,20,0.00,0.0000,0.0000,-0.0079,0.0115,0.9978,-0.0650,3.7462,0.5228,-3.0113
2025-11-27 12:46:37.504,20,20,20,0.00,-0.0026,-0.0052,-0.0079,0.0115,0.9978,-0.0650,3.7462,0.5228,-3.0113
2025-11-27 12:46:38.504,20,20,20,0.00,0.0000,0.0000,-0.0079,0.0115,0.9978,-0.0650,3.7462,0.5228,-3.0113
2025-11-27 12:46:39.504,20,20,20,0.00,-0.0026,0.0026,-0.0079,0.0115,0.9978,-0.0650,3.7462,0.5228,-3.0113
2025-11-27 12:46:40.505,20,20,20,0.00,0.0000,0.0000,-0.0079,0.0115,0.9978,-0.0650,3.7462,0.5228,-3.0113
2025-11-27 12:46:41.504,20,20,20,0.00,0.0000,-0.0052,-0.0079,0.0115,0.9978,-0.0650,3.7463,0.5228,-3.0113
2025-11-27 12:46:42.505,20,20,20,0.00,-0.0026,0.0000,-0.0079,0.0115,0.9978,-0.0650,3.7462,0.5228,-3.0113
2025-11-27 12:46:43.504,20,20,20,0.00,0.0000,-0.0052,-0.0079,0.0115,0.9978,-0.0650,3.7462,0.5228,-3.0113
2025-11-27 12:46:44.504,20,20,20,0.00,0.0000,-0.0026,-0.0079,0.0115,0.9978,-0.0650,3.7462,0.5228,-3.0113
2025-11-27 12:46:45.504,20,20,20,0.00,-0.0026,0.0026,-0.0079,0.0115,0.9978,-0.0650,3.7462,0.5228,-3.0113
2025-11-27 12:46:46.504,20,20,20,0.00,0.0000,0.0026,-0.0079,0.0115,0.9978,-0.0650,3.7462,0.5228,-3.0113
2025-11-27 12:46:47.504,19,20,20,0.00,0.0000,0.0000,-0.0079,0.0115,0.9978,-0.0650,3.7462,0.5228,-3.0113
2025-11-27 12:46:48.504,20,20,20,0.00,-0.0026,0.0000,-0.0079,0.0115,0.9978,-0.0650,3.7462,0.5228,-3.0113
2025-11-27 12:46:49.504,20,20,20,0.00,0.0026,0.0000,-0.0079,0.0115,0.9978,-0.0650,3.7462,0.5228,-3.0113
2025-11-27 12:46:50.504,20,20,20,0.00,0.0000,0.0000,-0.0079,0.0115,0.9978,-0.0650,3.7462,0.5228,-3.0113
2025-11-27 12:46:51.504,20,20,20,0.00,-0.0026,0.0000,-0.0079,0.0115,0.9978,-0.0650,3.7463,0.5228,-3.0113
2025-11-27 12:46:52.504,20,20,20,0.00,0.0000,0.0000,-0.0079,0.0115,0.9978,-0.0650,3.7463,0.5228,-3.0113
2025-11-27 12:46:53.504,20,20,20,0.00,0.0026,0.0000,-0.0079,0.0115,0.9978,-0.0650,3.7463,0.5228,-3.0113
2025-11-27 12:46:54.504,20,20,20,0.00,0.0000,-0.0026,-0.0079,0.0115,0.9978,-0.0650,3.7463,0.5228,-3.0113
2025-11-27 12:46:55.504,20,20,20,0.00,0.0000,0.0026,-0.0079,0.0115,0.9978,-0.0650,3.7463,0.5228,-3.0113
2025-11-27 12:46:56.504,20,20,20,0.00,0.0000,0.0026,-0.0079,0.0115,0.9978,-0.0650,3.7463,0.5228,-3.0113
2025-11-27 12:46:57.505,20,20,20,0.00,-0.0052,-0.0026,-0.0079,0.0115,0.9978,-0.0650,3.7463,0.5228,-3.0113
2025-11-27 12:46:58.504,20,20,20,0.00,0.0000,0.0026,-0.0079,0.0115,0.9978,-0.0650,3.7463,0.5228,-3.0113
2025-11-27 12:46:59.504,20,20,20,0.00,-0.0026,0.0026,-0.0079,0.0115,0.9978,-0.0650,3.7463,0.5228,-3.0113
2025-11-27 12:47:00.504,20,20,20,0.00,-0.0026,0.0026,-0.0079,0.0115,0.9978,-0.0650,3.7463,0.5228,-3.0113
2025-11-27 12:47:01.504,20,20,20,0.00,0.0000,0.0000,-0.0079,0.0115,0.9978,-0.0650,3.7463,0.5228,-3.0113
2025-11-27 12:47:02.504,20,20,20,0.00,0.0000,0.0026,-0.0079,0.0115,0.9978,-0.0650,3.7463,0.5228,-3.0113
2025-11-27 12:47:03.504,20,20,20,0.00,0.0000,0.0026,-0.0079,0.0115,0.9978,-0.0650,3.7463,0.5228,-3.0113
2025-11-27 12:47:04.504,20,20,20,0.00,0.0000,0.0000,-0.0079,0.0115,0.9978,-0.0650,3.7463,0.5228,-3.0113
2025-11-27 12:47:05.504,20,20,20,0.00,0.0000,0.0000,-0.0079,0.0115,0.9978,-0.0650,3.7463,0.5228,-3.0113
2025-11-27 12:47:06.504,20,20,20,0.00,0.0000,0.0026,-0.0079,0.0115,0.9978,-0.0650,3.7463,0.5228,-3.0113
2025-11-27 12:47:07.504,20,20,20,0.00,-0.0026,-0.0026,-0.0079,0.0115,0.9978,-0.0650,3.7463,0.5228,-3.0113
2025-11-27 12:47:08.505,20,20,20,0.00,0.0026,0.0000,-0.0079,0.0115,0.9978,-0.0650,3.7463,0.5228,-3.0113
2025-11-27 12:47:09.504,20,20,20,0.00,0.0052,0.0026,-0.0079,0.0115,0.9978,-0.0650,3.7463,0.5228,-3.0113
2025-11-27 12:47:10.504,20,20,20,0.00,-0.0026,0.0000,-0.0079,0.0115,0.9978,-0.0650,3.7463,0.5228,-3.0113
2025-11-27 12:47:11.505,20,20,20,0.00,0.0000,0.0104,-0.0079,0.0115,0.9978,-0.0650,3.7463,0.5228,-3.0113
2025-11-27 12:47:12.504,20,20,20,0.00,0.0000,0.0000,-0.0079,0.0115,0.9978,-0.0650,3.7463,0.5228,-3.0113
2025-11-27 12:47:13.504,20,20,20,0.00,0.0000,0.0026,-0.0079,0.0115,0.9978,-0.0650,3.7463,0.5228,-3.0113
2025-11-27 12:47:14.504,20,20,20,0.00,-0.0026,-0.0052,-0.0079,0.0115,0.9978,-0.0650,3.7463,0.5228,-3.0113
2025-11-27 12:47:15.504,20,20,20,0.00,-0.0052,0.0000,-0.0079,0.0115,0.9978,-0.0650,3.7463,0.5228,-3.0113
2025-11-27 12:47:16.505,20,20,20,0.00,0.0000,0.0000,-0.0079,0.0115,0.9978,-0.0650,3.7463,0.5228,-3.0113
2025-11-27 12:47:17.504,20,20,20,0.00,0.0000,0.0000,-0.0079,0.0115,0.9978,-0.0650,3.7463,0.5228,-3.0113
2025-11-27 12:47:18.504,20,20,20,0.00,-0.0052,0.0026,-0.0079,0.0115,0.9978,-0.0650,3.7463,0.5228,-3.0113
2025-11-27 12:47:19.504,20,20,20,0.00,0.0000,0.0000,-0.0079,0.0115,0.9978,-0.0650,3.7463,0.5228,-3.0113
2025-11-27 12:47:20.504,19,20,20,0.00,0.0026,0.0000,-0.0079,0.0115,0.9978,-0.0650,3.7463,0.5228,-3.0113
2025-11-27 12:47:21.505,20,20,20,0.00,-0.0026,-0.0052,-0.0079,0.0115,0.9978,-0.0650,3.7463,0.5228,-3.0113
2025-11-27 12:47:22.505,20,20,20,0.00,0.0000,-0.0026,-0.0079,0.0115,0.9978,-0.0650,3.7463,0.5228,-3.0113
2025-11-27 12:47:23.504,20,20,20,0.00,0.0000,0.0026,-0.0079,0.0115,0.9978,-0.0650,3.7463,0.5228,-3.0113
2025-11-27 12:47:24.505,20,20,20,0.00,-0.0079,0.0026,-0.0079,0.0115,0.9978,-0.0650,3.7463,0.5228,-3.0113
2025-11-27 12:47:25.505,20,20,20,0.00,-0.0052,0.0026,-0.0079,0.0115,0.9978,-0.0650,3.7463,0.5228,-3.0113
2025-11-27 12:47:26.504,20,20,20,0.00,0.0079,0.0000,-0.0079,0.0115,0.9978,-0.0650,3.7463,0.5228,-3.0113
2025-11-27 12:47:27.504,20,20,20,0.00,-0.0026,0.0000,-0.0079,0.0115,0.9978,-0.0650,3.7463,0.5228,-3.0113
2025-11-27 12:47:28.504,20,20,20,0.00,0.0000,0.0000,-0.0079,0.0115,0.9978,-0.0650,3.7463,0.5228,-3.0113
2025-11-27 12:47:29.504,20,20,20,0.00,0.0026,0.0000,-0.0079,0.0115,0.9978,-0.0650,3.7463,0.5228,-3.0113
2025-11-27 12:47:30.504,18,20,20,0.00,0.0000,0.0000,-0.0079,0.0115,0.9978,-0.0650,3.7463,0.5228,-3.0113
2025-11-27 12:47:31.504,20,20,20,0.00,0.0000,0.0000,-0.0079,0.0115,0.9978,-0.0650,3.7463,0.5228,-3.0113
2025-11-27 12:47:32.504,20,20,20,0.00,0.0000,0.0000,-0.0079,0.0115,0.9978,-0.0650,3.7463,0.5228,-3.0113
2025-11-27 12:47:33.504,20,20,20,0.00,0.0000,0.0000,-0.0079,0.0115,0.9978,-0.0650,3.7463,0.5228,-3.0113
2025-11-27 12:47:34.505,20,20,20,0.00,0.0000,-0.0026,-0.0079,0.0115,0.9978,-0.0650,3.7463,0.5228,-3.0113
2025-11-27 12:47:35.504,19,20,20,0.00,0.0000,0.0000,-0.0079,0.0115,0.9978,-0.0650,3.7463,0.5228,-3.0113
2025-11-27 12:47:36.504,20,20,20,0.00,0.0052,0.0026,-0.0079,0.0115,0.9978,-0.0650,3.7463,0.5228,-3.0113
2025-11-27 12:47:37.504,20,20,20,0.00,-0.0026,0.0000,-0.0079,0.0115,0.9978,-0.0650,3.7463,0.5228,-3.0113
2025-11-27 12:47:38.505,20,20,20,0.00,0.0026,0.0000,-0.0079,0.0115,0.9978,-0.0650,3.7463,0.5228,-3.0113
2025-11-27 12:47:39.505,20,20,20,0.00,0.0052,0.0000,-0.0079,0.0115,0.9978,-0.0650,3.7463,0.5228,-3.0113
2025-11-27 12:47:40.504,20,20,20,0.00,0.0000,0.0026,-0.0079,0.0115,0.9978,-0.0650,3.7463,0.5228,-3.0113
2025-11-27 12:47:41.504,20,20,20,0.00,0.0000,0.0000,-0.0079,0.0115,0.9978,-0.0650,3.7463,0.5228,-3.0113
2025-11-27 12:47:42.505,20,20,20,0.00,-0.0052,-0.0026,-0.0079,0.0115,0.9978,-0.0650,3.7463,0.5228,-3.0113
2025-11-27 12:47:43.504,20,20,20,0.00,-0.0026,0.0026,-0.0079,0.0115,0.9978,-0.0650,3.7463,0.5228,-3.0113
2025-11-27 12:47:44.504,20,20,20,0.00,0.0026,-0.0104,-0.0079,0.0115,0.9978,-0.0650,3.7463,0.5228,-3.0113
2025-11-27 12:47:45.505,20,20,20,0.00,0.0000,0.0000,-0.0079,0.0115,0.9978,-0.0650,3.7464,0.5228,-3.0113
2025-11-27 12:47:46.504,20,20,20,0.00,-0.0026,-0.0052,-0.0079,0.0115,0.9978,-0.0650,3.7463,0.5228,-3.0113
2025-11-27 12:47:47.504,19,20,20,0.00,-0.0026,-0.0079,-0.0079,0.0115,0.9978,-0.0650,3.7464,0.5228,-3.0113
2025-11-27 12:47:48.505,20,20,20,0.00,-0.0026,0.0026,-0.0079,0.0115,0.9978,-0.0650,3.7464,0.5228,-3.0113
2025-11-27 12:47:49.504,19,20,20,0.00,-0.0026,0.0000,-0.0079,0.0115,0.9978,-0.0650,3.7464,0.5228,-3.0113
2025-11-27 12:47:50.505,20,20,20,0.00,0.0052,0.0000,-0.0079,0.0115,0.9978,-0.0650,3.7464,0.5228,-3.0113
2025-11-27 12:47:51.504,20,20,20,0.00,-0.0052,-0.0079,-0.0079,0.0115,0.9978,-0.0650,3.7463,0.5228,-3.0113
2025-11-27 12:47:52.505,20,20,20,0.00,0.0000,-0.0026,-0.0079,0.0115,0.9978,-0.0650,3.7463,0.5228,-3.0113
2025-11-27 12:47:53.505,20,20,20,0.00,0.0000,-0.0026,-0.0079,0.0115,0.9978,-0.0650,3.7463,0.5228,-3.0113
2025-11-27 12:47:54.504,19,20,20,0.00,0.0000,-0.0026,-0.0079,0.0115,0.9978,-0.0650,3.7463,0.5228,-3.0113
2025-11-27 12:47:55.504,20,20,20,0.00,0.0026,0.0000,-0.0079,0.0115,0.9978,-0.0650,3.7464,0.5228,-3.0113
2025-11-27 12:47:56.505,20,20,20,0.00,0.0026,-0.0026,-0.0079,0.0115,0.9978,-0.0650,3.7464,0.5228,-3.0113
2025-11-27 12:47:57.505,20,20,20,0.00,0.0026,0.0000,-0.0079,0.0115,0.9978,-0.0650,3.7463,0.5228,-3.0113
2025-11-27 12:47:58.504,20,20,20,0.00,0.0000,0.0000,-0.0079,0.0115,0.9978,-0.0650,3.7463,0.5228,-3.0113
2025-11-27 12:47:59.504,20,20,20,0.00,0.0000,-0.0052,-0.0079,0.0115,0.9978,-0.0650,3.7463,0.5228,-3.0113
2025-11-27 12:48:00.504,20,20,20,0.00,0.0000,0.0000,-0.0079,0.0115,0.9978,-0.0650,3.7463,0.5228,-3.0113
2025-11-27 12:48:01.504,20,20,20,0.00,0.0000,0.0000,-0.0079,0.0115,0.9978,-0.0650,3.7463,0.5228,-3.0113
2025-11-27 12:48:02.504,19,20,20,0.00,0.0000,-0.0079,-0.0079,0.0115,0.9978,-0.0650,3.7463,0.5228,-3.0113
2025-11-27 12:48:03.505,20,20,20,0.00,-0.0026,0.0000,-0.0079,0.0115,0.9978,-0.0650,3.7463,0.5228,-3.0113
2025-11-27 12:48:04.504,20,20,20,0.00,0.0000,-0.0104,-0.0079,0.0115,0.9978,-0.0650,3.7463,0.5228,-3.0113
2025-11-27 12:48:05.505,20,20,20,0.00,-0.0026,-0.0052,-0.0079,0.0115,0.9978,-0.0650,3.7463,0.5228,-3.0113
2025-11-27 12:48:06.504,20,20,20,0.00,-0.0052,-0.0052,-0.0079,0.0115,0.9978,-0.0650,3.7463,0.5228,-3.0113
2025-11-27 12:48:07.505,20,20,20,0.00,0.0000,0.0000,-0.0079,0.0115,0.9978,-0.0650,3.7463,0.5228,-3.0113
2025-11-27 12:48:08.505,20,20,20,0.00,0.0000,0.0000,-0.0079,0.0115,0.9978,-0.0650,3.7464,0.5228,-3.0113
2025-11-27 12:48:09.505,20,20,20,0.00,0.0000,0.0000,-0.0079,0.0115,0.9978,-0.0650,3.7464,0.5228,-3.0113
2025-11-27 12:48:10.505,20,20,20,0.00,0.0000,0.0000,-0.0079,0.0115,0.9978,-0.0650,3.7464,0.5228,-3.0113
2025-11-27 12:48:11.505,20,20,20,0.00,-0.0079,-0.0026,-0.0079,0.0115,0.9978,-0.0650,3.7464,0.5228,-3.0113
2025-11-27 12:48:12.504,20,20,20,0.00,0.0079,0.0000,-0.0079,0.0115,0.9978,-0.0650,3.7464,0.5228,-3.0113
2025-11-27 12:48:13.504,19,20,20,0.00,0.0000,-0.0104,-0.0079,0.0115,0.9978,-0.0650,3.7464,0.5228,-3.0113
2025-11-27 12:48:14.505,20,20,20,0.00,-0.0052,-0.0026,-0.0079,0.0115,0.9978,-0.0650,3.7464,0.5228,-3.0113
2025-11-27 12:48:15.505,20,20,20,0.00,0.0026,0.0000,-0.0079,0.0115,0.9978,-0.0650,3.7464,0.5228,-3.0113
2025-11-27 12:48:16.505,20,20,20,0.00,0.0026,0.0000,-0.0079,0.0115,0.9978,-0.0650,3.7464,0.5228,-3.0113
2025-11-27 12:48:17.505,20,20,20,0.00,0.0026,-0.0052,-0.0079,0.0115,0.9978,-0.0650,3.7464,0.5228,-3.0113
2025-11-27 12:48:18.504,20,20,20,0.00,-0.0026,0.0052,-0.0079,0.0115,0.9978,-0.0650,3.7464,0.5228,-3.0113
2025-11-27 12:48:19.504,20,20,20,0.00,0.0026,0.0000,-0.0079,0.0115,0.9978,-0.0650,3.7464,0.5228,-3.0113
2025-11-27 12:48:20.505,20,20,20,0.00,-0.0026,-0.0026,-0.0079,0.0115,0.9978,-0.0650,3.7464,0.5228,-3.0113
2025-11-27 12:48:21.506,20,20,20,0.00,-0.0026,0.0026,-0.0079,0.0115,0.9978,-0.0650,3.7464,0.5228,-3.0113
2025-11-27 12:48:22.504,20,20,20,0.00,0.0000,-0.0052,-0.0079,0.0115,0.9978,-0.0650,3.7464,0.5228,-3.0113
2025-11-27 12:48:23.505,20,20,20,0.00,-0.0026,0.0000,-0.0079,0.0115,0.9978,-0.0650,3.7464,0.5228,-3.0113
2025-11-27 12:48:24.505,20,20,20,0.00,-0.0026,-0.0052,-0.0079,0.0115,0.9978,-0.0650,3.7464,0.5228,-3.0113
2025-11-27 12:48:25.505,20,20,20,0.00,0.0000,-0.0026,-0.0079,0.0115,0.9978,-0.0650,3.7464,0.5228,-3.0113
2025-11-27 12:48:26.506,20,20,20,0.00,0.0052,-0.0026,-0.0079,0.0115,0.9978,-0.0650,3.7464,0.5228,-3.0113
2025-11-27 12:48:27.504,20,20,20,0.00,0.0000,0.0000,-0.0079,0.0115,0.9978,-0.0650,3.7464,0.5228,-3.0113
2025-11-27 12:48:28.504,19,20,20,0.00,-0.0026,0.0052,-0.0079,0.0115,0.9978,-0.0650,3.7464,0.5228,-3.0113
2025-11-27 12:48:29.505,20,20,20,0.00,0.0000,0.0026,-0.0079,0.0115,0.9978,-0.0650,3.7464,0.5228,-3.0113
2025-11-27 12:48:30.505,20,20,20,0.00,0.0000,0.0000,-0.0079,0.0115,0.9978,-0.0650,3.7463,0.5228,-3.0113
2025-11-27 12:48:31.505,20,20,20,0.00,-0.0026,0.0052,-0.0079,0.0115,0.9978,-0.0650,3.7464,0.5228,-3.0113
2025-11-27 12:48:32.504,20,20,20,0.00,0.0000,-0.0026,-0.0079,0.0115,0.9978,-0.0650,3.7464,0.5228,-3.0113
2025-11-27 12:48:33.505,18,20,20,0.00,0.0000,-0.0026,-0.0079,0.0115,0.9978,-0.0650,3.7464,0.5228,-3.0113
2025-11-27 12:48:34.504,20,20,20,0.00,0.0000,0.0026,-0.0079,0.0115,0.9978,-0.0650,3.7464,0.5228,-3.0113
2025-11-27 12:48:35.504,20,20,20,0.00,0.0000,0.0000,-0.0079,0.0115,0.9978,-0.0650,3.7464,0.5228,-3.0113
2025-11-27 12:48:36.505,19,20,20,0.00,0.0026,0.0000,-0.0079,0.0115,0.9978,-0.0650,3.7464,0.5228,-3.0113
2025-11-27 12:48:37.504,19,20,20,0.00,0.0000,-0.0052,-0.0079,0.0115,0.9978,-0.0650,3.7464,0.5228,-3.0113
2025-11-27 12:48:38.504,19,20,20,0.00,-0.0026,0.0026,-0.0079,0.0115,0.9978,-0.0650,3.7464,0.5228,-3.0113
2025-11-27 12:48:39.505,20,20,20,0.00,0.0052,0.0000,-0.0079,0.0115,0.9978,-0.0650,3.7464,0.5228,-3.0113
2025-11-27 12:48:40.505,20,20,20,0.00,-0.0026,0.0000,-0.0079,0.0115,0.9978,-0.0650,3.7464,0.5228,-3.0113
2025-11-27 12:48:41.504,20,20,20,0.00,0.0000,-0.0026,-0.0079,0.0115,0.9978,-0.0650,3.7464,0.5228,-3.0113
2025-11-27 12:48:42.505,20,20,20,0.00,0.0000,-0.0052,-0.0079,0.0115,0.9978,-0.0650,3.7464,0.5228,-3.0113
2025-11-27 12:48:43.504,20,20,20,0.00,0.0026,-0.0026,-0.0079,0.0115,0.9978,-0.0650,3.7464,0.5228,-3.0113
2025-11-27 12:48:44.504,20,20,20,0.00,0.0000,0.0000,-0.0079,0.0115,0.9978,-0.0650,3.7464,0.5228,-3.0113
2025-11-27 12:48:45.504,20,20,20,0.00,0.0026,0.0000,-0.0079,0.0115,0.9978,-0.0650,3.7464,0.5228,-3.0113
2025-11-27 12:48:46.504,20,20,20,0.00,0.0052,-0.0026,-0.0079,0.0115,0.9978,-0.0650,3.7463,0.5228,-3.0113
2025-11-27 12:48:47.505,20,20,20,0.00,0.0000,0.0000,-0.0079,0.0115,0.9978,-0.0650,3.7463,0.5228,-3.0113
2025-11-27 12:48:48.504,20,20,20,0.00,0.0000,0.0000,-0.0079,0.0115,0.9978,-0.0650,3.7463,0.5228,-3.0113
2025-11-27 12:48:49.504,20,20,20,0.00,-0.0104,0.0000,-0.0079,0.0115,0.9978,-0.0650,3.7463,0.5228,-3.0113
2025-11-27 12:48:50.505,20,20,20,0.00,0.0026,0.0000,-0.0079,0.0115,0.9978,-0.0650,3.7463,0.5228,-3.0113
2025-11-27 12:48:51.504,19,20,20,0.00,0.0000,0.0000,-0.0079,0.0115,0.9978,-0.0650,3.7463,0.5228,-3.0113
2025-11-27 12:48:52.505,20,20,20,0.00,0.0026,0.0000,-0.0079,0.0115,0.9978,-0.0650,3.7463,0.5228,-3.0113
2025-11-27 12:48:53.504,19,20,20,0.00,0.0000,0.0026,-0.0079,0.0115,0.9978,-0.0650,3.7463,0.5228,-3.0113
2025-11-27 12:48:54.504,20,20,20,0.00,0.0000,-0.0026,-0.0079,0.0115,0.9978,-0.0650,3.7463,0.5228,-3.0113
2025-11-27 12:48:55.505,20,20,20,0.00,0.0000,0.0000,-0.0079,0.0115,0.9978,-0.0650,3.7463,0.5228,-3.0113
2025-11-27 12:48:56.505,20,20,20,0.00,0.0026,0.0026,-0.0079,0.0115,0.9978,-0.0650,3.7463,0.5228,-3.0113
2025-11-27 12:48:57.504,20,20,20,0.00,0.0000,0.0000,-0.0079,0.0115,0.9978,-0.0650,3.7463,0.5228,-3.0113
2025-11-27 12:48:58.505,20,20,20,0.00,0.0000,0.0052,-0.0079,0.0115,0.9978,-0.0650,3.7463,0.5228,-3.0113
2025-11-27 12:48:59.504,20,20,20,0.00,0.0026,0.0026,-0.0079,0.0115,0.9978,-0.0650,3.7463,0.5228,-3.0113
2025-11-27 12:49:00.505,20,20,20,0.00,-0.0026,0.0000,-0.0079,0.0115,0.9978,-0.0650,3.7463,0.5228,-3.0113
2025-11-27 12:49:01.505,20,20,20,0.00,0.0000,0.0026,-0.0079,0.0115,0.9978,-0.0650,3.7463,0.5228,-3.0113
2025-11-27 12:49:02.505,20,20,20,0.00,-0.0052,0.0000,-0.0079,0.0115,0.9978,-0.0650,3.7463,0.5228,-3.0113
2025-11-27 12:49:03.504,20,20,20,0.00,0.0000,0.0052,-0.0079,0.0115,0.9978,-0.0650,3.7463,0.5228,-3.0113
2025-11-27 12:49:04.504,20,20,20,0.00,0.0026,0.0000,-0.0079,0.0115,0.9978,-0.0650,3.7463,0.5228,-3.0113
2025-11-27 12:49:05.504,20,20,20,0.00,0.0000,-0.0026,-0.0079,0.0115,0.9978,-0.0650,3.7463,0.5228,-3.0113
2025-11-27 12:49:06.506,20,20,20,0.00,0.0000,-0.0026,-0.0079,0.0115,0.9978,-0.0650,3.7463,0.5228,-3.0113
2025-11-27 12:49:07.504,20,20,20,0.00,0.0026,0.0000,-0.0079,0.0115,0.9978,-0.0650,3.7463,0.5228,-3.0113
2025-11-27 12:49:08.505,19,20,20,0.00,0.0000,-0.0026,-0.0079,0.0115,0.9978,-0.0650,3.7463,0.5228,-3.0113
2025-11-27 12:49:09.505,20,20,20,0.00,0.0000,0.0026,-0.0079,0.0115,0.9978,-0.0650,3.7463,0.5228,-3.0113
2025-11-27 12:49:10.504,20,20,20,0.00,0.0000,0.0000,-0.0079,0.0115,0.9978,-0.0650,3.7462,0.5228,-3.0113
2025-11-27 12:49:11.504,18,20,20,0.00,0.0000,0.0000,-0.0079,0.0115,0.9978,-0.0650,3.7462,0.5228,-3.0113
2025-11-27 12:49:12.505,20,20,20,0.00,0.0000,0.0000,-0.0079,0.0115,0.9978,-0.0650,3.7462,0.5228,-3.0113
2025-11-27 12:49:13.504,20,20,20,0.00,0.0000,0.0000,-0.0079,0.0115,0.9978,-0.0650,3.7462,0.5228,-3.0113
2025-11-27 12:49:14.504,20,20,20,0.00,0.0000,0.0000,-0.0079,0.0115,0.9978,-0.0650,3.7462,0.5228,-3.0113
2025-11-27 12:49:15.505,20,20,20,0.00,0.0052,0.0026,-0.0079,0.0115,0.9978,-0.0650,3.7462,0.5228,-3.0113
2025-11-27 12:49:16.504,20,20,20,0.00,0.0000,0.0000,-0.0079,0.0115,0.9978,-0.0650,3.7462,0.5228,-3.0113
2025-11-27 12:49:17.504,20,20,20,0.00,0.0052,0.0000,-0.0079,0.0115,0.9978,-0.0650,3.7462,0.5228,-3.0113
2025-11-27 12:49:18.504,20,20,20,0.00,-0.0026,0.0000,-0.0079,0.0115,0.9978,-0.0650,3.7462,0.5228,-3.0113
2025-11-27 12:49:19.505,20,20,20,0.00,0.0000,-0.0026,-0.0079,0.0115,0.9978,-0.0650,3.7462,0.5228,-3.0113
2025-11-27 12:49:20.504,20,20,20,0.00,0.0000,-0.0052,-0.0079,0.0115,0.9978,-0.0650,3.7462,0.5228,-3.0113
2025-11-27 12:49:21.505,20,20,20,0.00,0.0026,0.0000,-0.0079,0.0115,0.9978,-0.0650,3.7462,0.5228,-3.0113
2025-11-27 12:49:22.504,20,20,20,0.00,0.0000,0.0000,-0.0079,0.0115,0.9978,-0.0650,3.7462,0.5228,-3.0113
2025-11-27 12:49:23.504,20,20,20,0.00,-0.0026,0.0026,-0.0079,0.0115,0.9978,-0.0650,3.7462,0.5228,-3.0113
2025-11-27 12:49:24.506,20,20,20,0.00,0.0052,0.0000,-0.0079,0.0115,0.9978,-0.0650,3.7462,0.5228,-3.0113
2025-11-27 12:49:25.505,20,20,20,0.00,0.0052,0.0000,-0.0079,0.0115,0.9978,-0.0650,3.7462,0.5228,-3.0113
2025-11-27 12:49:26.505,20,20,20,0.00,0.0026,0.0026,-0.0079,0.0115,0.9978,-0.0650,3.7462,0.5228,-3.0113
2025-11-27 12:49:27.505,19,20,20,0.00,0.0000,0.0000,-0.0079,0.0115,0.9978,-0.0650,3.7462,0.5228,-3.0113
2025-11-27 12:49:28.504,20,20,20,0.00,-0.0079,-0.0052,-0.0079,0.0115,0.9978,-0.0650,3.7462,0.5228,-3.0113
2025-11-27 12:49:29.504,20,20,20,0.00,0.0000,0.0000,-0.0079,0.0115,0.9978,-0.0650,3.7462,0.5228,-3.0113
2025-11-27 12:49:30.505,20,20,20,0.00,0.0000,0.0000,-0.0079,0.0115,0.9978,-0.0650,3.7462,0.5228,-3.0113
2025-11-27 12:49:31.504,20,20,20,0.00,0.0026,0.0000,-0.0079,0.0115,0.9978,-0.0650,3.7461,0.5228,-3.0113
2025-11-27 12:49:32.504,19,20,20,0.00,0.0052,0.0000,-0.0079,0.0115,0.9978,-0.0650,3.7461,0.5228,-3.0113
2025-11-27 12:49:33.504,20,20,20,0.00,0.0000,0.0000,-0.0079,0.0115,0.9978,-0.0650,3.7461,0.5228,-3.0113
2025-11-27 12:49:34.504,20,20,20,0.00,0.0000,0.0000,-0.0079,0.0115,0.9978,-0.0650,3.7461,0.5228,-3.0113
2025-11-27 12:49:35.505,19,20,20,0.00,-0.0052,-0.0026,-0.0079,0.0115,0.9978,-0.0650,3.7461,0.5228,-3.0113
2025-11-27 12:49:36.504,20,20,20,0.00,0.0000,-0.0026,-0.0079,0.0115,0.9978,-0.0650,3.7461,0.5228,-3.0113
2025-11-27 12:49:37.504,20,20,20,0.00,0.0000,0.0000,-0.0079,0.0115,0.9978,-0.0650,3.7462,0.5228,-3.0113
2025-11-27 12:49:38.504,20,20,20,0.00,0.0000,0.0000,-0.0079,0.0115,0.9978,-0.0650,3.7462,0.5228,-3.0113
2025-11-27 12:49:39.504,20,20,20,0.00,0.0000,0.0052,-0.0079,0.0115,0.9978,-0.0650,3.7462,0.5228,-3.0113
2025-11-27 12:49:40.505,19,20,20,0.00,0.0026,0.0026,-0.0079,0.0115,0.9978,-0.0650,3.7462,0.5228,-3.0113
2025-11-27 12:49:41.504,20,20,20,0.00,0.0000,0.0000,-0.0079,0.0115,0.9978,-0.0650,3.7462,0.5228,-3.0113
2025-11-27 12:49:42.505,20,20,20,0.00,-0.0026,0.0000,-0.0079,0.0115,0.9978,-0.0650,3.7462,0.5228,-3.0113
2025-11-27 12:49:43.505,20,20,20,0.00,0.0026,0.0026,-0.0079,0.0115,0.9978,-0.0650,3.7462,0.5228,-3.0113
2025-11-27 12:49:44.504,20,20,20,0.00,0.0000,-0.0026,-0.0079,0.0115,0.9978,-0.0650,3.7461,0.5228,-3.0113
2025-11-27 12:49:45.505,20,20,20,0.00,0.0052,0.0079,-0.0079,0.0115,0.9978,-0.0650,3.7461,0.5228,-3.0113
2025-11-27 12:49:46.504,20,20,20,0.00,0.0000,0.0000,-0.0079,0.0115,0.9978,-0.0650,3.7461,0.5228,-3.0113
2025-11-27 12:49:47.505,20,20,20,0.00,0.0000,0.0000,-0.0079,0.0115,0.9978,-0.0650,3.7462,0.5228,-3.0113
2025-11-27 12:49:48.504,19,20,20,0.00,0.0079,0.0000,-0.0079,0.0115,0.9978,-0.0650,3.7462,0.5228,-3.0113
2025-11-27 12:49:49.504,19,20,20,0.00,0.0000,0.0000,-0.0079,0.0115,0.9978,-0.0650,3.7462,0.5228,-3.0113
2025-11-27 12:49:50.505,20,20,20,0.00,-0.0026,0.0026,-0.0079,0.0115,0.9978,-0.0650,3.7462,0.5228,-3.0113
2025-11-27 12:49:51.505,20,20,20,0.00,-0.0052,0.0000,-0.0079,0.0115,0.9978,-0.0650,3.7462,0.5228,-3.0113
2025-11-27 12:49:52.506,19,20,20,0.00,0.0026,0.0052,-0.0079,0.0115,0.9978,-0.0650,3.7462,0.5228,-3.0113
2025-11-27 12:49:53.504,20,20,20,0.00,0.0000,0.0000,-0.0079,0.0115,0.9978,-0.0650,3.7461,0.5228,-3.0113
2025-11-27 12:49:54.504,20,20,20,0.00,0.0052,0.0000,-0.0079,0.0115,0.9978,-0.0650,3.7461,0.5228,-3.0113
2025-11-27 12:49:55.504,20,20,20,0.00,-0.0026,0.0000,-0.0079,0.0115,0.9978,-0.0650,3.7461,0.5228,-3.0113
2025-11-27 12:49:56.504,19,20,20,0.00,0.0000,-0.0026,-0.0079,0.0115,0.9978,-0.0650,3.7461,0.5228,-3.0113
2025-11-27 12:49:57.507,19,20,20,0.00,-0.0026,0.0000,-0.0079,0.0115,0.9978,-0.0650,3.7461,0.5228,-3.0113
2025-11-27 12:49:58.505,20,20,20,0.00,0.0052,0.0000,-0.0079,0.0115,0.9978,-0.0650,3.7461,0.5228,-3.0113
2025-11-27 12:49:59.505,20,20,20,0.00,0.0026,0.0000,-0.0079,0.0115,0.9978,-0.0650,3.7461,0.5228,-3.0113
2025-11-27 12:50:00.504,20,20,20,0.00,0.0026,0.0052,-0.0079,0.0115,0.9978,-0.0650,3.7461,0.5228,-3.0113
2025-11-27 12:50:01.505,20,20,20,0.00,0.0000,0.0000,-0.0079,0.0115,0.9978,-0.0650,3.7461,0.5228,-3.0113
2025-11-27 12:50:02.504,19,20,20,0.00,0.0026,0.0052,-0.0079,0.0115,0.9978,-0.0650,3.7461,0.5228,-3.0113
2025-11-27 12:50:03.504,20,20,20,0.00,-0.0026,0.0000,-0.0079,0.0115,0.9978,-0.0650,3.7461,0.5228,-3.0113
2025-11-27 12:50:04.505,20,20,20,0.00,0.0000,0.0052,-0.0079,0.0115,0.9978,-0.0650,3.7460,0.5228,-3.0113
2025-11-27 12:50:05.505,20,20,20,0.00,0.0000,0.0026,-0.0079,0.0115,0.9978,-0.0650,3.7460,0.5228,-3.0113
2025-11-27 12:50:06.505,20,20,20,0.00,-0.0026,0.0000,-0.0079,0.0115,0.9978,-0.0650,3.7460,0.5228,-3.0113
2025-11-27 12:50:07.505,20,20,20,0.00,0.0000,0.0000,-0.0079,0.0115,0.9978,-0.0650,3.7461,0.5228,-3.0113
2025-11-27 12:50:08.504,20,20,20,0.00,-0.0026,0.0000,-0.0079,0.0115,0.9978,-0.0650,3.7461,0.5228,-3.0113
2025-11-27 12:50:09.505,20,20,20,0.00,-0.0052,-0.0026,-0.0079,0.0115,0.9978,-0.0650,3.7461,0.5228,-3.0113
2025-11-27 12:50:10.505,20,20,20,0.00,0.0026,0.0000,-0.0079,0.0115,0.9978,-0.0650,3.7461,0.5228,-3.0113
2025-11-27 12:50:11.505,20,20,20,0.00,0.0052,0.0000,-0.0079,0.0115,0.9978,-0.0650,3.7460,0.5228,-3.0113
2025-11-27 12:50:12.505,20,20,20,0.00,0.0000,0.0000,-0.0079,0.0115,0.9978,-0.0650,3.7460,0.5228,-3.0113
2025-11-27 12:50:13.505,20,20,20,0.00,-0.0026,0.0000,-0.0079,0.0115,0.9978,-0.0650,3.7460,0.5228,-3.0113
2025-11-27 12:50:14.505,19,20,20,0.00,-0.0026,-0.0026,-0.0079,0.0115,0.9978,-0.0650,3.7460,0.5228,-3.0113
2025-11-27 12:50:15.506,20,20,20,0.00,-0.0026,0.0000,-0.0079,0.0115,0.9978,-0.0650,3.7460,0.5228,-3.0113
2025-11-27 12:50:16.505,20,20,20,0.00,0.0026,0.0000,-0.0079,0.0115,0.9978,-0.0650,3.7460,0.5228,-3.0113
2025-11-27 12:50:17.505,20,20,20,0.00,0.0000,0.0052,-0.0079,0.0115,0.9978,-0.0650,3.7460,0.5228,-3.0113
2025-11-27 12:50:18.504,20,20,20,0.00,0.0000,0.0000,-0.0079,0.0115,0.9978,-0.0650,3.7460,0.5228,-3.0113
2025-11-27 12:50:19.505,20,20,20,0.00,0.0000,0.0079,-0.0079,0.0115,0.9978,-0.0650,3.7461,0.5228,-3.0113
2025-11-27 12:50:20.505,20,20,20,0.00,0.0000,0.0000,-0.0079,0.0115,0.9978,-0.0650,3.7461,0.5228,-3.0113
2025-11-27 12:50:21.504,20,20,20,0.00,0.0000,0.0079,-0.0079,0.0115,0.9978,-0.0650,3.7461,0.5228,-3.0113
2025-11-27 12:50:22.505,20,20,20,0.00,0.0000,0.0000,-0.0079,0.0115,0.9978,-0.0650,3.7460,0.5228,-3.0113
2025-11-27 12:50:23.504,20,20,20,0.00,0.0000,0.0000,-0.0079,0.0115,0.9978,-0.0650,3.7460,0.5228,-3.0113
2025-11-27 12:50:24.505,20,20,20,0.00,0.0026,0.0000,-0.0079,0.0115,0.9978,-0.0650,3.7460,0.5228,-3.0113
2025-11-27 12:50:25.505,20,20,20,0.00,-0.0026,0.0026,-0.0079,0.0115,0.9978,-0.0650,3.7460,0.5228,-3.0113
2025-11-27 12:50:26.505,20,20,20,0.00,0.0000,-0.0052,-0.0079,0.0115,0.9978,-0.0650,3.7460,0.5228,-3.0113
2025-11-27 12:50:27.504,20,20,20,0.00,0.0000,-0.0026,-0.0079,0.0115,0.9978,-0.0650,3.7460,0.5228,-3.0113
2025-11-27 12:50:28.506,20,20,20,0.00,0.0000,0.0052,-0.0079,0.0115,0.9978,-0.0650,3.7460,0.5228,-3.0113
2025-11-27 12:50:29.504,18,20,20,0.00,0.0000,0.0000,-0.0079,0.0115,0.9978,-0.0650,3.7460,0.5228,-3.0113
2025-11-27 12:50:30.504,20,20,20,0.00,0.0026,0.0000,-0.0079,0.0115,0.9978,-0.0650,3.7460,0.5228,-3.0113
2025-11-27 12:50:31.505,20,20,20,0.00,0.0000,0.0000,-0.0079,0.0115,0.9978,-0.0650,3.7460,0.5228,-3.0113
2025-11-27 12:50:32.504,20,20,20,0.00,0.0026,0.0026,-0.0079,0.0115,0.9978,-0.0650,3.7460,0.5228,-3.0113
2025-11-27 12:50:33.505,20,20,20,0.00,0.0000,0.0026,-0.0079,0.0115,0.9978,-0.0650,3.7460,0.5228,-3.0113
2025-11-27 12:50:34.507,20,20,20,0.00,0.0000,0.0026,-0.0079,0.0115,0.9978,-0.0650,3.7460,0.5228,-3.0113
2025-11-27 12:50:35.505,20,20,20,0.00,0.0026,0.0026,-0.0079,0.0115,0.9978,-0.0650,3.7460,0.5228,-3.0113
2025-11-27 12:50:36.504,20,20,20,0.00,0.0104,0.0000,-0.0079,0.0115,0.9978,-0.0650,3.7460,0.5228,-3.0113
2025-11-27 12:50:37.505,20,20,20,0.00,0.0000,0.0052,-0.0079,0.0115,0.9978,-0.0650,3.7460,0.5228,-3.0113
2025-11-27 12:50:38.505,20,20,20,0.00,0.0000,0.0026,-0.0079,0.0115,0.9978,-0.0650,3.7460,0.5228,-3.0113
2025-11-27 12:50:39.506,20,20,20,0.00,-0.0026,0.0026,-0.0079,0.0115,0.9978,-0.0650,3.7460,0.5228,-3.0113
2025-11-27 12:50:40.505,20,20,20,0.00,0.0052,0.0000,-0.0079,0.0115,0.9978,-0.0650,3.7460,0.5228,-3.0113
2025-11-27 12:50:41.505,20,20,20,0.00,-0.0026,0.0026,-0.0079,0.0115,0.9978,-0.0650,3.7460,0.5228,-3.0113
2025-11-27 12:50:42.505,19,20,20,0.00,0.0000,0.0026,-0.0079,0.0115,0.9978,-0.0650,3.7460,0.5228,-3.0113
2025-11-27 12:50:43.505,20,20,20,0.00,0.0000,0.0052,-0.0079,0.0115,0.9978,-0.0650,3.7460,0.5228,-3.0113
2025-11-27 12:50:44.504,20,20,20,0.00,-0.0026,0.0000,-0.0079,0.0115,0.9978,-0.0650,3.7461,0.5228,-3.0113
2025-11-27 12:50:45.504,20,20,20,0.00,-0.0026,0.0079,-0.0079,0.0115,0.9978,-0.0650,3.7461,0.5228,-3.0113
2025-11-27 12:50:46.505,20,20,20,0.00,0.0000,0.0000,-0.0079,0.0115,0.9978,-0.0650,3.7461,0.5228,-3.0113
2025-11-27 12:50:47.506,20,20,20,0.00,0.0000,0.0000,-0.0079,0.0115,0.9978,-0.0650,3.7461,0.5228,-3.0113
2025-11-27 12:50:48.504,20,20,20,0.00,0.0052,0.0026,-0.0079,0.0115,0.9978,-0.0650,3.7460,0.5228,-3.0113
2025-11-27 12:50:49.505,19,20,20,0.00,0.0000,0.0000,-0.0079,0.0115,0.9978,-0.0650,3.7460,0.5228,-3.0113
2025-11-27 12:50:50.506,20,20,20,0.00,0.0052,-0.0026,-0.0079,0.0115,0.9978,-0.0650,3.7460,0.5228,-3.0113
2025-11-27 12:50:51.504,20,20,20,0.00,0.0000,0.0026,-0.0079,0.0115,0.9978,-0.0650,3.7460,0.5228,-3.0113
2025-11-27 12:50:52.504,20,20,20,0.00,0.0000,0.0000,-0.0079,0.0115,0.9978,-0.0650,3.7460,0.5228,-3.0113
2025-11-27 12:50:53.504,20,20,20,0.00,0.0000,0.0000,-0.0079,0.0115,0.9978,-0.0650,3.7460,0.5228,-3.0113
2025-11-27 12:50:54.504,20,20,20,0.00,0.0026,0.0000,-0.0079,0.0115,0.9978,-0.0650,3.7460,0.5228,-3.0113
2025-11-27 12:50:55.505,20,20,20,0.00,0.0026,0.0026,-0.0079,0.0115,0.9978,-0.0650,3.7460,0.5228,-3.0113
2025-11-27 12:50:56.504,20,20,20,0.00,0.0000,0.0000,-0.0079,0.0115,0.9978,-0.0650,3.7460,0.5228,-3.0113
2025-11-27 12:50:57.504,20,20,20,0.00,0.0026,0.0026,-0.0079,0.0115,0.9978,-0.0650,3.7460,0.5228,-3.0113
2025-11-27 12:50:58.505,20,20,20,0.00,-0.0026,-0.0104,-0.0079,0.0115,0.9978,-0.0650,3.7461,0.5228,-3.0113
2025-11-27 12:50:59.504,20,20,20,0.00,0.0000,0.0000,-0.0079,0.0115,0.9978,-0.0650,3.7460,0.5228,-3.0113
2025-11-27 12:51:00.505,20,20,20,0.00,0.0026,0.0026,-0.0079,0.0115,0.9978,-0.0650,3.7460,0.5228,-3.0113
2025-11-27 12:51:01.504,20,20,20,0.00,0.0000,0.0000,-0.0079,0.0115,0.9978,-0.0650,3.7460,0.5228,-3.0113
2025-11-27 12:51:02.504,20,20,20,0.00,0.0000,0.0000,-0.0079,0.0115,0.9978,-0.0650,3.7460,0.5228,-3.0113
2025-11-27 12:51:03.504,20,20,20,0.00,0.0000,0.0000,-0.0079,0.0115,0.9978,-0.0650,3.7460,0.5228,-3.0113
2025-11-27 12:51:04.504,20,20,20,0.00,0.0000,0.0000,-0.0079,0.0115,0.9978,-0.0650,3.7460,0.5228,-3.0113
2025-11-27 12:51:05.505,19,20,20,0.00,0.0000,0.0026,-0.0079,0.0115,0.9978,-0.0650,3.7460,0.5228,-3.0113
2025-11-27 12:51:06.504,20,20,20,0.00,-0.0026,0.0052,-0.0079,0.0115,0.9978,-0.0650,3.7460,0.5228,-3.0113
2025-11-27 12:51:07.504,20,20,20,0.00,0.0000,0.0000,-0.0079,0.0115,0.9978,-0.0650,3.7460,0.5228,-3.0113
2025-11-27 12:51:08.504,20,20,20,0.00,0.0026,-0.0052,-0.0079,0.0115,0.9978,-0.0650,3.7460,0.5228,-3.0113
2025-11-27 12:51:09.505,20,20,20,0.00,0.0000,0.0026,-0.0079,0.0115,0.9978,-0.0650,3.7460,0.5228,-3.0113
2025-11-27 12:51:10.505,20,20,20,0.00,-0.0026,-0.0026,-0.0079,0.0115,0.9978,-0.0650,3.7460,0.5228,-3.0113
2025-11-27 12:51:11.505,20,20,20,0.00,0.0000,0.0000,-0.0079,0.0115,0.9978,-0.0650,3.7460,0.5228,-3.0113
2025-11-27 12:51:12.505,20,20,20,0.00,-0.0052,0.0052,-0.0079,0.0115,0.9978,-0.0650,3.7460,0.5228,-3.0113
2025-11-27 12:51:13.504,20,20,20,0.00,0.0000,0.0052,-0.0079,0.0115,0.9978,-0.0650,3.7460,0.5228,-3.0113
2025-11-27 12:51:14.505,20,20,20,0.00,0.0026,0.0000,-0.0079,0.0115,0.9978,-0.0650,3.7460,0.5228,-3.0113
2025-11-27 12:51:15.504,19,20,20,0.00,0.0079,0.0000,-0.0079,0.0115,0.9978,-0.0650,3.7460,0.5228,-3.0113
2025-11-27 12:51:16.505,20,20,20,0.00,-0.0026,0.0000,-0.0079,0.0115,0.9978,-0.0650,3.7460,0.5228,-3.0113
2025-11-27 12:51:17.504,20,20,20,0.00,0.0000,0.0000,-0.0079,0.0115,0.9978,-0.0650,3.7460,0.5228,-3.0113
2025-11-27 12:51:18.504,20,20,20,0.00,0.0000,0.0026,-0.0079,0.0115,0.9978,-0.0650,3.7460,0.5228,-3.0113
2025-11-27 12:51:19.504,20,20,20,0.00,-0.0026,0.0000,-0.0079,0.0115,0.9978,-0.0650,3.7460,0.5228,-3.0113
2025-11-27 12:51:20.504,20,20,20,0.00,0.0000,0.0000,-0.0079,0.0115,0.9978,-0.0650,3.7460,0.5228,-3.0113
2025-11-27 12:51:21.504,20,20,20,0.00,0.0000,0.0052,-0.0079,0.0115,0.9978,-0.0650,3.7460,0.5228,-3.0113
2025-11-27 12:51:22.505,20,20,20,0.00,-0.0026,0.0079,-0.0079,0.0115,0.9978,-0.0650,3.7460,0.5228,-3.0113
2025-11-27 12:51:23.505,20,20,20,0.00,0.0000,0.0026,-0.0079,0.0115,0.9978,-0.0650,3.7460,0.5228,-3.0113
2025-11-27 12:51:24.504,20,20,20,0.00,0.0000,0.0052,-0.0079,0.0115,0.9978,-0.0650,3.7460,0.5228,-3.0113
2025-11-27 12:51:25.504,20,20,20,0.00,0.0000,-0.0026,-0.0079,0.0115,0.9978,-0.0650,3.7460,0.5228,-3.0113
2025-11-27 12:51:26.505,20,20,20,0.00,0.0000,-0.0026,-0.0079,0.0115,0.9978,-0.0650,3.7460,0.5228,-3.0113
2025-11-27 12:51:27.504,20,20,20,0.00,0.0026,0.0026,-0.0079,0.0114,0.9978,-0.0650,3.7460,0.5228,-3.0113
2025-11-27 12:51:28.506,20,20,20,0.00,0.0026,0.0000,-0.0079,0.0114,0.9978,-0.0650,3.7460,0.5228,-3.0113
2025-11-27 12:51:29.505,18,20,20,0.00,0.0000,0.0000,-0.0079,0.0114,0.9978,-0.0650,3.7460,0.5228,-3.0113
2025-11-27 12:51:30.505,19,20,20,0.00,-0.0026,0.0000,-0.0079,0.0114,0.9978,-0.0650,3.7460,0.5228,-3.0113
2025-11-27 12:51:31.504,20,20,20,0.00,-0.0026,-0.0026,-0.0079,0.0114,0.9978,-0.0650,3.7460,0.5228,-3.0113
2025-11-27 12:51:32.504,20,20,20,0.00,0.0000,-0.0026,-0.0079,0.0114,0.9978,-0.0650,3.7460,0.5228,-3.0113
2025-11-27 12:51:33.504,20,20,20,0.00,0.0000,0.0000,-0.0079,0.0114,0.9978,-0.0650,3.7460,0.5228,-3.0113
2025-11-27 12:51:34.504,20,20,20,0.00,-0.0026,-0.0026,-0.0079,0.0114,0.9978,-0.0650,3.7460,0.5228,-3.0113
2025-11-27 12:51:35.505,20,20,20,0.00,0.0000,0.0026,-0.0079,0.0114,0.9978,-0.0650,3.7460,0.5228,-3.0113
2025-11-27 12:51:36.504,19,20,20,0.00,0.0000,0.0052,-0.0079,0.0114,0.9978,-0.0650,3.7460,0.5228,-3.0113
2025-11-27 12:51:37.504,20,20,20,0.00,0.0000,0.0026,-0.0079,0.0114,0.9978,-0.0650,3.7460,0.5228,-3.0113
2025-11-27 12:51:38.505,19,20,20,0.00,0.0000,0.0000,-0.0079,0.0114,0.9978,-0.0650,3.7460,0.5228,-3.0113
2025-11-27 12:51:39.505,20,20,20,0.00,0.0026,0.0052,-0.0079,0.0114,0.9978,-0.0650,3.7460,0.5228,-3.0113
2025-11-27 12:51:40.505,20,20,20,0.00,0.0000,0.0000,-0.0079,0.0114,0.9978,-0.0650,3.7460,0.5228,-3.0113
2025-11-27 12:51:41.504,20,20,20,0.00,0.0026,0.0000,-0.0079,0.0114,0.9978,-0.0650,3.7460,0.5228,-3.0113
2025-11-27 12:51:42.504,20,20,20,0.00,0.0000,0.0000,-0.0079,0.0114,0.9978,-0.0650,3.7460,0.5228,-3.0113
2025-11-27 12:51:43.504,20,20,20,0.00,-0.0026,-0.0052,-0.0079,0.0114,0.9978,-0.0650,3.7460,0.5228,-3.0113
2025-11-27 12:51:44.505,19,20,20,0.00,-0.0026,-0.0052,-0.0079,0.0114,0.9978,-0.0650,3.7460,0.5228,-3.0113
2025-11-27 12:51:45.506,20,20,20,0.00,0.0026,0.0026,-0.0079,0.0114,0.9978,-0.0650,3.7460,0.5228,-3.0113
2025-11-27 12:51:46.504,20,20,20,0.00,-0.0026,0.0000,-0.0079,0.0114,0.9978,-0.0650,3.7460,0.5228,-3.0113
2025-11-27 12:51:47.507,20,20,20,0.00,0.0000,0.0000,-0.0079,0.0114,0.9978,-0.0650,3.7460,0.5228,-3.0113
2025-11-27 12:51:48.504,20,20,20,0.00,0.0000,0.0000,-0.0079,0.0114,0.9978,-0.0650,3.7460,0.5228,-3.0113
2025-11-27 12:51:49.504,20,20,20,0.00,-0.0079,0.0052,-0.0079,0.0114,0.9978,-0.0650,3.7460,0.5228,-3.0113
2025-11-27 12:51:50.504,20,20,20,0.00,0.0000,0.0000,-0.0079,0.0114,0.9978,-0.0650,3.7459,0.5228,-3.0113
2025-11-27 12:51:51.505,20,20,20,0.00,0.0026,0.0052,-0.0079,0.0114,0.9978,-0.0650,3.7459,0.5228,-3.0113
2025-11-27 12:51:52.505,20,20,20,0.00,-0.0026,0.0026,-0.0079,0.0114,0.9978,-0.0650,3.7459,0.5228,-3.0113
2025-11-27 12:51:53.504,20,20,20,0.00,-0.0026,0.0026,-0.0079,0.0114,0.9978,-0.0650,3.7459,0.5228,-3.0113
2025-11-27 12:51:54.504,20,20,20,0.00,0.0000,0.0026,-0.0079,0.0114,0.9978,-0.0650,3.7459,0.5228,-3.0113
2025-11-27 12:51:55.505,20,20,20,0.00,-0.0026,0.0000,-0.0079,0.0114,0.9978,-0.0650,3.7459,0.5228,-3.0113
2025-11-27 12:51:56.505,20,20,20,0.00,0.0079,0.0052,-0.0079,0.0114,0.9978,-0.0650,3.7459,0.5228,-3.0113
2025-11-27 12:51:57.504,20,20,20,0.00,-0.0026,0.0000,-0.0079,0.0114,0.9978,-0.0650,3.7459,0.5228,-3.0113
2025-11-27 12:51:58.505,20,20,20,0.00,0.0026,0.0052,-0.0079,0.0114,0.9978,-0.0650,3.7459,0.5228,-3.0113
2025-11-27 12:51:59.507,20,20,20,0.00,0.0000,0.0026,-0.0079,0.0114,0.9978,-0.0650,3.7459,0.5228,-3.0113
