Timestamp,IMU_Packages_per_sec,Odom_Packages_per_sec,Send_Packages_per_sec,Yaw_Angle,Left_Velocity_mps,Right_Velocity_mps,x,y,quaternion_yaw,Left_Velocity_LOS,Right_Velocity_LOS,theta_yaw
2026-05-06 17:54:27.722,0,9,9,0.00,-0.0001,-0.0003,0.0000,0.0000,0.0000,0.0000,0.0000,0.0000
2026-05-06 17:54:28.223,0,10,10,0.00,0.0000,0.0000,0.0000,0.0000,0.0000,0.0000,0.0000,0.0000
2026-05-06 17:54:28.722,0,10,10,0.00,0.0000,0.0001,0.0000,0.0000,0.0000,0.0000,0.0000,0.0000
2026-05-06 17:54:29.222,0,10,10,0.00,0.0000,0.0000,0.0000,0.0000,0.0000,0.0000,0.0000,0.0000
2026-05-06 17:54:29.722,0,10,10,0.00,0.0001,0.0000,0.0000,0.0000,0.0000,-0.0000,0.0000,0.0000
2026-05-06 17:54:30.222,0,10,10,0.00,0.0000,0.0000,0.0000,0.0000,0.0000,-0.0000,0.0000,0.0000
2026-05-06 17:54:30.723,0,10,10,0.00,-0.0003,0.0000,0.0000,0.0000,0.0000,-0.0000,0.0000,0.0000
2026-05-06 17:54:31.224,0,10,10,0.00,0.0000,0.0001,0.0000,0.0000,0.0000,-0.0000,0.0000,0.0000
2026-05-06 17:54:31.723,0,10,10,0.00,0.0001,0.0001,0.0000,0.0000,0.0000,-0.0000,0.0000,0.0000
2026-05-06 17:54:32.222,0,10,10,0.00,0.0000,-0.0001,0.0000,0.0000,0.0000,-0.0000,0.0000,0.0000
2026-05-06 17:54:32.722,0,10,10,0.00,0.0000,0.0000,0.0000,0.0000,0.0000,-0.0000,0.0000,0.0000
2026-05-06 17:54:33.223,0,10,10,0.00,0.0003,-0.0001,0.0000,0.0000,0.0000,-0.0000,0.0000,1.0446
2026-05-06 17:54:33.722,0,10,10,0.00,-0.0003,0.0000,0.0000,0.0000,0.0000,-0.0000,0.0000,1.0446
2026-05-06 17:54:34.222,0,10,10,0.00,0.0000,0.0000,0.0000,0.0000,0.0000,-0.0000,0.0000,1.0446
2026-05-06 17:54:34.722,0,10,10,0.00,0.0001,0.0001,0.0000,0.0000,0.0000,-0.0000,0.0000,1.0446
2026-05-06 17:54:35.222,0,10,10,0.00,-0.0001,0.0000,0.0000,0.0000,0.0000,-0.0000,0.0000,1.0446
2026-05-06 17:54:35.722,0,10,10,0.00,0.0001,-0.0001,0.0000,0.0000,0.0000,-0.0000,0.0000,1.0446
2026-05-06 17:54:36.222,0,10,10,0.00,0.0001,0.0004,0.0000,0.0000,0.0000,-0.0000,0.0000,1.0446
2026-05-06 17:54:36.722,0,10,10,0.00,0.0000,0.0001,0.0000,0.0000,0.0000,-0.0000,0.0000,1.0446
2026-05-06 17:54:37.222,0,10,10,0.00,0.0000,0.0005,0.0000,0.0000,0.0000,-0.0000,0.0000,1.0446
2026-05-06 17:54:37.722,0,10,10,0.00,0.0000,-0.0001,0.0000,0.0000,0.0000,-0.0000,0.0000,1.0446
2026-05-06 17:54:38.222,0,10,10,0.00,0.0004,0.0000,0.0000,0.0000,0.0000,-0.0000,0.0000,1.0446
2026-05-06 17:54:38.722,0,10,10,0.00,0.0000,-0.0001,0.0000,0.0000,0.0000,-0.0000,0.0000,1.0446
2026-05-06 17:54:39.222,0,10,10,0.00,-0.0001,0.0000,0.0000,0.0000,0.0000,-0.0000,0.0000,1.0446
2026-05-06 17:54:39.722,0,10,10,0.00,-0.0003,-0.0001,0.0000,0.0000,0.0000,-0.0000,0.0000,1.0446
2026-05-06 17:54:40.222,0,10,10,0.00,0.0000,0.0000,0.0000,0.0000,0.0000,-0.0000,0.0000,3.9872
2026-05-06 17:54:40.722,0,10,10,0.00,0.0000,-0.0003,0.0000,0.0000,0.0000,-0.0000,0.0000,3.9872
2026-05-06 17:54:41.222,0,10,10,0.00,0.0000,0.0000,0.0000,0.0000,0.0000,-0.0000,0.0000,3.9872
2026-05-06 17:54:41.722,0,10,10,0.00,0.0001,0.0000,0.0000,0.0000,0.0000,-0.0000,0.0000,3.9872
2026-05-06 17:54:42.222,0,10,10,0.00,-0.0005,0.0003,0.0000,0.0000,0.0000,-0.0000,0.0000,3.9872
2026-05-06 17:54:42.723,0,10,10,0.00,0.0000,-0.0001,0.0000,0.0000,0.0000,-0.0000,0.0000,3.9872
2026-05-06 17:54:43.222,0,10,10,0.00,-0.0001,0.0001,0.0000,0.0000,0.0000,-0.0000,0.0000,3.9872
2026-05-06 17:54:43.722,0,10,10,0.00,0.0514,-0.0164,-0.0023,-0.0000,0.0000,-0.0000,0.0000,3.9872
2026-05-06 17:54:44.222,0,10,10,0.00,0.2138,-0.1678,-0.0611,-0.0021,0.0000,-0.0000,0.0000,5.0023
2026-05-06 17:54:44.722,0,10,10,0.00,0.3694,-0.1851,-0.1730,-0.0146,0.0000,-0.0000,0.0000,8.8655
2026-05-06 17:54:45.222,0,10,10,0.00,0.2932,-0.3478,-0.3335,-0.0556,0.0000,-0.0000,0.0000,18.8770
2026-05-06 17:54:45.722,0,10,10,0.00,0.1991,-0.3543,-0.4993,-0.0951,0.0000,-0.0000,0.0000,14.8826
2026-05-06 17:54:46.222,0,8,10,0.00,-0.0436,0.0000,-0.5460,-0.1016,0.0000,-0.0000,0.0000,6.6505
2026-05-06 17:54:46.722,0,10,10,0.00,-0.1501,0.1306,-0.5117,-0.0998,0.0000,-0.0000,0.0000,5.4302
2026-05-06 17:54:47.222,0,10,10,0.00,-0.2304,0.3149,-0.4008,-0.0941,0.0000,-0.0000,0.0000,4.9097
2026-05-06 17:54:47.722,0,10,10,0.00,-0.3889,0.4667,-0.2243,-0.0739,0.0000,-0.0000,0.0000,9.7845
2026-05-06 17:54:48.222,0,10,10,0.00,-0.3449,0.3303,-0.0163,-0.0398,0.0000,-0.0000,0.0000,11.8806
2026-05-06 17:54:48.722,0,10,10,0.00,-0.0238,0.0073,0.0641,-0.0268,0.0000,-0.0000,0.0000,11.4117
2026-05-06 17:54:49.222,0,10,10,0.00,-0.0004,-0.1046,0.0485,-0.0288,0.0000,-0.0000,0.0000,11.4117
2026-05-06 17:54:49.722,0,10,10,0.00,0.0738,-0.0266,0.0320,-0.0301,0.0000,-0.0000,0.0000,6.5830
2026-05-06 17:54:50.222,0,10,10,0.00,0.0000,-0.0147,0.0124,-0.0318,0.0000,-0.0000,0.0000,7.8405
2026-05-06 17:54:50.722,0,10,10,0.00,0.0001,-0.0003,0.0109,-0.0319,0.0000,-0.0000,0.0000,7.8405
2026-05-06 17:54:51.222,0,10,10,0.00,0.0030,-0.0360,0.0014,-0.0326,0.0000,-0.0000,0.0000,6.5273
2026-05-06 17:54:51.722,0,10,10,0.00,-0.0326,0.0003,0.0009,-0.0326,0.0000,-0.0000,0.0000,5.3061
2026-05-06 17:54:52.222,0,10,10,0.00,-0.0351,0.0001,0.0037,-0.0325,0.0000,-0.0000,0.0000,5.3061
2026-05-06 17:54:52.722,0,10,10,0.00,0.0001,-0.0003,0.0050,-0.0325,0.0000,-0.0000,0.0000,4.1413
2026-05-06 17:54:53.222,0,10,10,0.00,-0.0003,0.0003,0.0046,-0.0325,0.0000,-0.0000,0.0000,4.1413
2026-05-06 17:54:53.722,0,10,10,0.00,-0.0068,-0.0001,0.0078,-0.0324,0.0000,-0.0000,0.0000,4.1413
2026-05-06 17:54:54.222,0,10,10,0.00,0.0010,-0.0004,0.0078,-0.0324,0.0000,-0.0000,0.0000,4.1413
2026-05-06 17:54:54.722,0,10,10,0.00,0.0001,-0.0001,0.0066,-0.0324,0.0000,-0.0000,0.0000,4.1413
2026-05-06 17:54:55.222,0,10,10,0.00,0.0003,0.0000,0.0059,-0.0325,0.0000,-0.0000,0.0000,4.1413
2026-05-06 17:54:55.722,0,10,10,0.00,0.0001,0.0000,0.0059,-0.0325,0.0000,-0.0000,0.0000,4.1413
2026-05-06 17:54:56.222,0,10,10,0.00,0.0000,-0.0003,0.0059,-0.0325,0.0000,-0.0000,0.0000,4.1413
2026-05-06 17:54:56.722,0,10,10,0.00,-0.0001,0.0000,0.0059,-0.0325,0.0000,-0.0000,0.0000,4.1413
2026-05-06 17:54:57.222,0,10,10,0.00,0.0000,-0.0001,0.0059,-0.0325,0.0000,-0.0000,0.0000,4.1413
2026-05-06 17:54:57.722,0,10,10,0.00,0.0001,0.0000,0.0059,-0.0325,0.0000,-0.0000,0.0000,4.1413
2026-05-06 17:54:58.222,0,9,10,0.00,-0.0001,0.0000,0.0059,-0.0325,0.0000,-0.0000,0.0000,4.1413
2026-05-06 17:54:58.722,0,9,10,0.00,0.0004,0.0003,0.0059,-0.0325,0.0000,-0.0000,0.0000,4.1413
2026-05-06 17:54:59.222,0,10,10,0.00,0.0000,-0.0001,0.0059,-0.0325,0.0000,-0.0000,0.0000,4.1413
2026-05-06 17:54:59.722,0,10,10,0.00,0.0000,0.0000,0.0059,-0.0325,0.0000,-0.0000,0.0000,4.1413
2026-05-06 17:55:00.222,0,10,10,0.00,0.0001,-0.0003,0.0059,-0.0325,0.0000,-0.0000,0.0000,4.1413
2026-05-06 17:55:00.722,0,10,10,0.00,0.0000,0.0000,0.0059,-0.0325,0.0000,-0.0000,0.0000,4.1413
2026-05-06 17:55:01.222,0,10,10,0.00,0.0000,0.0000,0.0059,-0.0325,0.0000,-0.0000,0.0000,4.1413
2026-05-06 17:55:01.722,0,9,10,0.00,0.0000,0.0001,0.0059,-0.0325,0.0000,-0.0000,0.0000,4.1413
2026-05-06 17:55:02.222,0,10,10,0.00,-0.0001,0.0000,0.0059,-0.0325,0.0000,-0.0000,0.0000,4.1413
2026-05-06 17:55:02.722,0,8,10,0.00,-0.0001,0.0000,0.0059,-0.0325,0.0000,-0.0000,0.0000,4.1413
2026-05-06 17:55:03.222,0,10,10,0.00,-0.0001,0.0000,0.0059,-0.0325,0.0000,-0.0000,0.0000,4.1413
2026-05-06 17:55:03.722,0,9,10,0.00,0.0001,0.0000,0.0059,-0.0325,0.0000,-0.0000,0.0000,4.1413
2026-05-06 17:55:04.222,0,9,10,0.00,0.0001,0.0003,0.0059,-0.0325,0.0000,-0.0000,0.0000,4.1413
2026-05-06 17:55:04.722,0,9,10,0.00,0.0000,0.0000,0.0059,-0.0325,0.0000,-0.0000,0.0000,4.1413
2026-05-06 17:55:05.222,0,10,10,0.00,-0.0001,0.0000,0.0059,-0.0325,0.0000,-0.0000,0.0000,4.1413
2026-05-06 17:55:05.722,0,9,10,0.00,0.0001,0.0001,0.0059,-0.0325,0.0000,-0.0000,0.0000,4.1413
2026-05-06 17:55:06.222,0,9,10,0.00,0.0000,-0.0001,0.0059,-0.0325,0.0000,-0.0000,0.0000,4.1413
2026-05-06 17:55:06.722,0,9,10,0.00,0.0000,-0.0003,0.0059,-0.0325,0.0000,-0.0000,0.0000,4.1413
2026-05-06 17:55:07.222,0,9,10,0.00,0.0000,-0.0001,0.0059,-0.0325,0.0000,-0.0000,0.0000,4.1413
2026-05-06 17:55:07.722,0,9,10,0.00,0.0000,-0.0003,0.0059,-0.0325,0.0000,-0.0000,0.0000,4.1413
2026-05-06 17:55:08.222,0,9,10,0.00,0.0003,-0.0001,0.0059,-0.0325,0.0000,-0.0000,0.0000,4.1413
2026-05-06 17:55:08.722,0,9,10,0.00,0.0000,0.0000,0.0059,-0.0325,0.0000,-0.0000,0.0000,4.1413
2026-05-06 17:55:09.222,0,9,10,0.00,0.0003,0.0000,0.0059,-0.0325,0.0000,-0.0000,0.0000,4.1413
2026-05-06 17:55:09.722,0,9,10,0.00,0.0000,-0.0001,0.0059,-0.0325,0.0000,-0.0000,0.0000,4.1413
2026-05-06 17:55:10.222,0,9,10,0.00,0.0000,0.0000,0.0059,-0.0325,0.0000,-0.0000,0.0000,4.1413
2026-05-06 17:55:10.722,0,9,10,0.00,0.0000,0.0000,0.0059,-0.0325,0.0000,-0.0000,0.0000,4.1413
2026-05-06 17:55:11.222,0,9,10,0.00,0.0001,0.0001,0.0059,-0.0325,0.0000,-0.0000,0.0000,4.1413
2026-05-06 17:55:11.722,0,9,10,0.00,0.0000,0.0000,0.0059,-0.0325,0.0000,-0.0000,0.0000,4.1413
2026-05-06 17:55:12.223,0,9,10,0.00,0.0000,0.0000,0.0059,-0.0325,0.0000,-0.0000,0.0000,4.1413
2026-05-06 17:55:12.722,0,9,10,0.00,0.0000,-0.0001,0.0059,-0.0325,0.0000,-0.0000,0.0000,4.1413
2026-05-06 17:55:13.222,0,9,10,0.00,-0.0001,0.0000,0.0059,-0.0325,0.0000,-0.0000,0.0000,4.1413
2026-05-06 17:55:13.723,0,9,10,0.00,0.0000,0.0000,0.0059,-0.0325,0.0000,-0.0000,0.0000,4.1413
2026-05-06 17:55:14.222,0,9,10,0.00,-0.0001,0.0000,0.0059,-0.0325,0.0000,-0.0000,0.0000,4.1413
2026-05-06 17:55:14.722,0,9,10,0.00,0.0000,0.0000,0.0059,-0.0325,0.0000,-0.0000,0.0000,4.1413
2026-05-06 17:55:15.222,0,9,10,0.00,0.0000,-0.0001,0.0059,-0.0325,0.0000,-0.0000,0.0000,4.1413
2026-05-06 17:55:15.722,0,9,10,0.00,-0.0003,-0.0001,0.0059,-0.0325,0.0000,-0.0000,0.0000,4.1413
2026-05-06 17:55:16.222,0,9,10,0.00,0.0000,0.0001,0.0059,-0.0325,0.0000,-0.0000,0.0000,4.1413
2026-05-06 17:55:16.723,0,9,10,0.00,-0.0001,0.0001,0.0059,-0.0325,0.0000,-0.0000,0.0000,4.1413
2026-05-06 17:55:17.222,0,9,10,0.00,-0.0001,0.0000,0.0059,-0.0325,0.0000,-0.0000,0.0000,4.1413
2026-05-06 17:55:17.722,0,9,10,0.00,0.0000,0.0000,0.0059,-0.0325,0.0000,-0.0000,0.0000,4.1413
2026-05-06 17:55:18.222,0,9,10,0.00,-0.0001,-0.0001,0.0059,-0.0325,0.0000,-0.0000,0.0000,4.1413
2026-05-06 17:55:18.722,0,9,10,0.00,0.0000,-0.0001,0.0059,-0.0325,0.0000,-0.0000,0.0000,4.1413
2026-05-06 17:55:19.222,0,9,10,0.00,0.0001,-0.0001,0.0059,-0.0325,0.0000,-0.0000,0.0000,4.1413
2026-05-06 17:55:19.722,0,9,10,0.00,0.0000,0.0000,0.0059,-0.0325,0.0000,-0.0000,0.0000,4.1413
2026-05-06 17:55:20.222,0,9,10,0.00,0.0000,0.0000,0.0059,-0.0325,0.0000,-0.0000,0.0000,4.1413
2026-05-06 17:55:20.722,0,8,10,0.00,-0.0003,0.0000,0.0059,-0.0325,0.0000,-0.0000,0.0000,4.1413
2026-05-06 17:55:21.222,0,9,10,0.00,-0.0003,0.0001,0.0059,-0.0325,0.0000,-0.0000,0.0000,4.1413
2026-05-06 17:55:21.722,0,9,10,0.00,0.0000,0.0000,0.0059,-0.0325,0.0000,-0.0000,0.0000,4.1413
2026-05-06 17:55:22.222,0,10,10,0.00,0.0003,0.0000,0.0059,-0.0325,0.0000,-0.0000,0.0000,4.1413
2026-05-06 17:55:22.722,0,9,10,0.00,0.0000,0.0000,0.0059,-0.0325,0.0000,-0.0000,0.0000,4.1413
2026-05-06 17:55:23.222,0,10,10,0.00,0.0000,0.0000,0.0059,-0.0325,0.0000,-0.0000,0.0000,4.1413
2026-05-06 17:55:23.722,0,9,10,0.00,0.0000,-0.0001,0.0059,-0.0325,0.0000,-0.0000,0.0000,4.1413
2026-05-06 17:55:24.222,0,10,10,0.00,0.0000,0.0000,0.0059,-0.0325,0.0000,-0.0000,0.0000,4.1413
2026-05-06 17:55:24.722,0,10,10,0.00,-0.0001,0.0000,0.0059,-0.0325,0.0000,-0.0000,0.0000,4.1413
2026-05-06 17:55:25.222,0,10,10,0.00,0.0000,0.0001,0.0059,-0.0325,0.0000,-0.0000,0.0000,4.1413
2026-05-06 17:55:25.722,0,10,10,0.00,0.0003,-0.0003,0.0059,-0.0325,0.0000,-0.0000,0.0000,4.1413
2026-05-06 17:55:26.222,0,10,10,0.00,0.0000,0.0000,0.0059,-0.0325,0.0000,-0.0000,0.0000,4.1413
2026-05-06 17:55:26.725,0,10,10,0.00,0.0000,0.0004,0.0059,-0.0325,0.0000,-0.0000,0.0000,4.1413
2026-05-06 17:55:27.222,0,10,10,0.00,0.0000,-0.0001,0.0059,-0.0325,0.0000,-0.0000,0.0000,4.1413
2026-05-06 17:55:27.722,0,10,10,0.00,-0.0001,0.0000,0.0059,-0.0325,0.0000,-0.0000,0.0000,4.1413
2026-05-06 17:55:28.223,0,10,10,0.00,0.0000,-0.0001,0.0059,-0.0325,0.0000,-0.0000,0.0000,4.1413
2026-05-06 17:55:28.722,0,10,10,0.00,0.0000,0.0000,0.0059,-0.0325,0.0000,-0.0000,0.0000,4.1413
2026-05-06 17:55:29.223,0,10,10,0.00,0.0000,-0.0001,0.0059,-0.0325,0.0000,-0.0000,0.0000,4.1413
2026-05-06 17:55:29.722,0,10,10,0.00,0.0000,0.0000,0.0059,-0.0325,0.0000,-0.0000,0.0000,4.1413
2026-05-06 17:55:30.222,0,10,10,0.00,0.0000,-0.0003,0.0059,-0.0325,0.0000,-0.0000,0.0000,4.1413
2026-05-06 17:55:30.722,0,10,10,0.00,0.0001,0.0000,0.0059,-0.0325,0.0000,-0.0000,0.0000,4.1413
2026-05-06 17:55:31.222,0,10,10,0.00,0.0000,0.0000,0.0059,-0.0325,0.0000,-0.0000,0.0000,4.1413
2026-05-06 17:55:31.722,0,10,10,0.00,0.0000,-0.0001,0.0059,-0.0325,0.0000,-0.0000,0.0000,4.1413
2026-05-06 17:55:32.222,0,10,10,0.00,-0.0001,-0.0001,0.0059,-0.0325,0.0000,-0.0000,0.0000,4.1413
2026-05-06 17:55:32.722,0,10,10,0.00,0.0000,0.0000,0.0059,-0.0325,0.0000,-0.0000,0.0000,4.1413
2026-05-06 17:55:33.222,0,10,10,0.00,0.0000,0.0001,0.0059,-0.0325,0.0000,-0.0000,0.0000,4.1413
2026-05-06 17:55:33.722,0,10,10,0.00,-0.0007,0.0000,0.0059,-0.0325,0.0000,-0.0000,0.0000,4.1413
2026-05-06 17:55:34.222,0,10,10,0.00,0.0000,0.0000,0.0059,-0.0325,0.0000,-0.0000,0.0000,4.1413
2026-05-06 17:55:34.722,0,10,10,0.00,0.0000,-0.0003,0.0059,-0.0325,0.0000,-0.0000,0.0000,4.1413
2026-05-06 17:55:35.222,0,10,10,0.00,0.0000,0.0000,0.0059,-0.0325,0.0000,-0.0000,0.0000,4.1413
2026-05-06 17:55:35.722,0,10,10,0.00,0.0001,0.0000,0.0059,-0.0325,0.0000,-0.0000,0.0000,4.1413
2026-05-06 17:55:36.222,0,10,10,0.00,-0.0001,-0.0001,0.0059,-0.0325,0.0000,-0.0000,0.0000,4.1413
2026-05-06 17:55:36.722,0,10,10,0.00,0.0001,0.0000,0.0059,-0.0325,0.0000,-0.0000,0.0000,4.1413
2026-05-06 17:55:37.222,0,10,10,0.00,-0.0001,0.0000,0.0059,-0.0325,0.0000,-0.0000,0.0000,4.1413
2026-05-06 17:55:37.722,0,10,10,0.00,0.0000,0.0000,0.0059,-0.0325,0.0000,-0.0000,0.0000,4.1413
2026-05-06 17:55:38.222,0,10,10,0.00,0.0000,0.0000,0.0059,-0.0325,0.0000,-0.0000,0.0000,4.1413
2026-05-06 17:55:38.722,0,10,10,0.00,0.0001,0.0000,0.0059,-0.0325,0.0000,-0.0000,0.0000,4.1413
2026-05-06 17:55:39.222,0,10,10,0.00,0.0001,0.0000,0.0059,-0.0325,0.0000,-0.0000,0.0000,4.1413
2026-05-06 17:55:39.723,0,10,10,0.00,0.0000,0.0000,0.0059,-0.0325,0.0000,-0.0000,0.0000,4.1413
2026-05-06 17:55:40.222,0,10,10,0.00,-0.0001,-0.0004,0.0059,-0.0325,0.0000,-0.0000,0.0000,4.1413
2026-05-06 17:55:40.722,0,10,10,0.00,0.0000,-0.0001,0.0059,-0.0325,0.0000,-0.0000,0.0000,4.1413
2026-05-06 17:55:41.222,0,10,10,0.00,0.0000,-0.0003,0.0059,-0.0325,0.0000,-0.0000,0.0000,4.1413
2026-05-06 17:55:41.722,0,10,10,0.00,-0.0001,0.0000,0.0059,-0.0325,0.0000,-0.0000,0.0000,4.1413
2026-05-06 17:55:42.222,0,10,10,0.00,0.0003,0.0001,0.0059,-0.0325,0.0000,-0.0000,0.0000,4.1413
2026-05-06 17:55:42.722,0,10,10,0.00,0.0000,0.0000,0.0059,-0.0325,0.0000,-0.0000,0.0000,4.1413
2026-05-06 17:55:43.223,0,10,10,0.00,0.0000,0.0000,0.0059,-0.0325,0.0000,-0.0000,0.0000,4.1413
2026-05-06 17:55:43.722,0,10,10,0.00,0.0001,0.0001,0.0059,-0.0325,0.0000,-0.0000,0.0000,4.1413
2026-05-06 17:55:44.222,0,10,10,0.00,0.0001,0.0000,0.0059,-0.0325,0.0000,-0.0000,0.0000,4.1413
2026-05-06 17:55:44.722,0,10,10,0.00,0.0000,0.0000,0.0059,-0.0325,0.0000,-0.0000,0.0000,4.1413
2026-05-06 17:55:45.222,0,10,10,0.00,0.0001,-0.0001,0.0059,-0.0325,0.0000,-0.0000,0.0000,4.1413
2026-05-06 17:55:45.722,0,10,10,0.00,0.0000,0.0000,0.0059,-0.0325,0.0000,-0.0000,0.0000,4.1413
2026-05-06 17:55:46.222,0,10,10,0.00,0.0003,0.0000,0.0059,-0.0325,0.0000,-0.0000,0.0000,4.1413
2026-05-06 17:55:46.723,0,10,10,0.00,0.0000,-0.0003,0.0059,-0.0325,0.0000,-0.0000,0.0000,4.1413
2026-05-06 17:55:47.222,0,10,10,0.00,0.0003,0.0000,0.0059,-0.0325,0.0000,-0.0000,0.0000,4.1413
2026-05-06 17:55:47.722,0,10,10,0.00,-0.0004,0.0000,0.0059,-0.0325,0.0000,-0.0000,0.0000,4.1413
2026-05-06 17:55:48.222,0,10,10,0.00,0.0001,0.0000,0.0059,-0.0325,0.0000,-0.0000,0.0000,4.1413
2026-05-06 17:55:48.722,0,10,10,0.00,-0.0004,0.0000,0.0059,-0.0325,0.0000,-0.0000,0.0000,4.1413
2026-05-06 17:55:49.222,0,10,10,0.00,0.0000,0.0000,0.0059,-0.0325,0.0000,-0.0000,0.0000,4.1413
2026-05-06 17:55:49.722,0,10,10,0.00,0.0000,0.0000,0.0059,-0.0325,0.0000,-0.0000,0.0000,4.1413
2026-05-06 17:55:50.223,0,10,10,0.00,0.0001,0.0000,0.0059,-0.0325,0.0000,-0.0000,0.0000,4.1413
2026-05-06 17:55:50.722,0,10,10,0.00,-0.0001,-0.0003,0.0059,-0.0325,0.0000,-0.0000,0.0000,4.1413
2026-05-06 17:55:51.222,0,10,10,0.00,0.0000,0.0000,0.0059,-0.0325,0.0000,-0.0000,0.0000,4.1413
2026-05-06 17:55:51.722,0,10,10,0.00,0.0000,0.0000,0.0059,-0.0325,0.0000,-0.0000,0.0000,4.1413
2026-05-06 17:55:52.222,0,10,10,0.00,0.0000,0.0000,0.0059,-0.0325,0.0000,-0.0000,0.0000,4.1413
2026-05-06 17:55:52.722,0,10,10,0.00,0.0000,0.0004,0.0059,-0.0325,0.0000,-0.0000,0.0000,4.1413
2026-05-06 17:55:53.222,0,10,10,0.00,0.0000,0.0001,0.0059,-0.0325,0.0000,-0.0000,0.0000,4.1413
2026-05-06 17:55:53.722,0,10,10,0.00,0.0000,0.0000,0.0059,-0.0325,0.0000,-0.0000,0.0000,4.1413
2026-05-06 17:55:54.223,0,10,10,0.00,0.0000,-0.0001,0.0059,-0.0325,0.0000,-0.0000,0.0000,4.1413
2026-05-06 17:55:54.722,0,10,10,0.00,0.0000,0.0000,0.0059,-0.0325,0.0000,-0.0000,0.0000,4.1413
2026-05-06 17:55:55.222,0,10,10,0.00,0.0000,0.0000,0.0059,-0.0325,0.0000,-0.0000,0.0000,4.1413
2026-05-06 17:55:55.722,0,10,10,0.00,0.0000,0.0003,0.0059,-0.0325,0.0000,-0.0000,0.0000,4.1413
2026-05-06 17:55:56.222,0,10,10,0.00,0.0003,0.0000,0.0059,-0.0325,0.0000,-0.0000,0.0000,4.1413
2026-05-06 17:55:56.722,0,10,10,0.00,-0.0001,0.0004,0.0059,-0.0325,0.0000,-0.0000,0.0000,4.1413
2026-05-06 17:55:57.222,0,10,10,0.00,-0.0001,0.0000,0.0059,-0.0325,0.0000,-0.0000,0.0000,4.1413
2026-05-06 17:55:57.722,0,10,10,0.00,0.0003,0.0001,0.0059,-0.0325,0.0000,-0.0000,0.0000,4.1413
2026-05-06 17:55:58.222,0,10,10,0.00,0.0005,0.0000,0.0059,-0.0325,0.0000,-0.0000,0.0000,4.1413
2026-05-06 17:55:58.722,0,10,10,0.00,0.0004,-0.0001,0.0059,-0.0325,0.0000,-0.0000,0.0000,4.1413
2026-05-06 17:55:59.222,0,10,10,0.00,0.0000,0.0001,0.0059,-0.0325,0.0000,-0.0000,0.0000,4.1413
2026-05-06 17:55:59.722,0,10,10,0.00,0.0000,-0.0003,0.0059,-0.0325,0.0000,-0.0000,0.0000,4.1413
2026-05-06 17:56:00.222,0,10,10,0.00,0.0004,0.0001,0.0059,-0.0325,0.0000,-0.0000,0.0000,4.1413
2026-05-06 17:56:00.722,0,10,10,0.00,0.0000,0.0000,0.0059,-0.0325,0.0000,-0.0000,0.0000,4.1413
2026-05-06 17:56:01.222,0,10,10,0.00,-0.0001,0.0003,0.0059,-0.0325,0.0000,-0.0000,0.0000,4.1413
2026-05-06 17:56:01.722,0,10,10,0.00,0.0000,0.0001,0.0059,-0.0325,0.0000,-0.0000,0.0000,4.1413
2026-05-06 17:56:02.222,0,10,10,0.00,0.0000,0.0003,0.0059,-0.0325,0.0000,-0.0000,0.0000,4.1413
2026-05-06 17:56:02.722,0,10,10,0.00,0.0001,0.0000,0.0059,-0.0325,0.0000,-0.0000,0.0000,4.1413
2026-05-06 17:56:03.222,0,10,10,0.00,0.0000,0.0000,0.0059,-0.0325,0.0000,-0.0000,0.0000,4.1413
2026-05-06 17:56:03.722,0,10,10,0.00,0.0000,0.0004,0.0059,-0.0325,0.0000,-0.0000,0.0000,4.1413
2026-05-06 17:56:04.222,0,10,10,0.00,0.0000,-0.0001,0.0059,-0.0325,0.0000,-0.0000,0.0000,4.1413
2026-05-06 17:56:04.722,0,10,10,0.00,-0.0001,-0.0001,0.0059,-0.0325,0.0000,-0.0000,0.0000,4.1413
2026-05-06 17:56:05.222,0,10,10,0.00,-0.0003,0.0000,0.0059,-0.0325,0.0000,-0.0000,0.0000,4.1413
2026-05-06 17:56:05.722,0,10,10,0.00,0.0003,0.0000,0.0059,-0.0325,0.0000,-0.0000,0.0000,4.1413
2026-05-06 17:56:06.222,0,10,10,0.00,-0.0003,0.0001,0.0059,-0.0325,0.0000,-0.0000,0.0000,4.1413
2026-05-06 17:56:06.722,0,10,10,0.00,0.0003,0.0000,0.0059,-0.0325,0.0000,-0.0000,0.0000,4.1413
2026-05-06 17:56:07.222,0,10,10,0.00,0.0000,0.0000,0.0059,-0.0325,0.0000,-0.0000,0.0000,4.1413
2026-05-06 17:56:07.722,0,10,10,0.00,-0.0003,0.0000,0.0059,-0.0325,0.0000,-0.0000,0.0000,4.1413
2026-05-06 17:56:08.222,0,10,10,0.00,-0.0001,0.0000,0.0059,-0.0325,0.0000,-0.0000,0.0000,4.1413
2026-05-06 17:56:08.722,0,10,10,0.00,0.0000,-0.0001,0.0059,-0.0325,0.0000,-0.0000,0.0000,4.1413
2026-05-06 17:56:09.222,0,10,10,0.00,0.0001,0.0000,0.0059,-0.0325,0.0000,-0.0000,0.0000,4.1413
2026-05-06 17:56:09.722,0,10,10,0.00,0.0000,0.0001,0.0059,-0.0325,0.0000,-0.0000,0.0000,4.1413
2026-05-06 17:56:10.222,0,10,10,0.00,0.0000,0.0001,0.0059,-0.0325,0.0000,-0.0000,0.0000,4.1413
2026-05-06 17:56:10.722,0,10,10,0.00,0.0000,0.0000,0.0059,-0.0325,0.0000,-0.0000,0.0000,4.1413
2026-05-06 17:56:11.222,0,10,10,0.00,-0.0001,-0.0003,0.0059,-0.0325,0.0000,-0.0000,0.0000,4.1413
2026-05-06 17:56:11.722,0,9,10,0.00,0.0000,0.0000,0.0059,-0.0325,0.0000,-0.0000,0.0000,4.1413
2026-05-06 17:56:12.222,0,10,10,0.00,0.0000,0.0000,0.0059,-0.0325,0.0000,-0.0000,0.0000,4.1413
2026-05-06 17:56:12.722,0,10,10,0.00,0.0000,0.0001,0.0059,-0.0325,0.0000,-0.0000,0.0000,4.1413
2026-05-06 17:56:13.222,0,9,10,0.00,0.0000,0.0000,0.0059,-0.0325,0.0000,-0.0000,0.0000,4.1413
2026-05-06 17:56:13.722,0,10,10,0.00,0.0000,0.0000,0.0059,-0.0325,0.0000,-0.0000,0.0000,4.1413
2026-05-06 17:56:14.222,0,10,10,0.00,0.0000,-0.0001,0.0059,-0.0325,0.0000,-0.0000,0.0000,4.1413
2026-05-06 17:56:14.722,0,10,10,0.00,0.0000,0.0000,0.0059,-0.0325,0.0000,-0.0000,0.0000,4.1413
2026-05-06 17:56:15.222,0,10,10,0.00,0.0000,0.0000,0.0059,-0.0325,0.0000,-0.0000,0.0000,4.1413
2026-05-06 17:56:15.722,0,10,10,0.00,0.0000,0.0000,0.0059,-0.0325,0.0000,-0.0000,0.0000,4.1413
2026-05-06 17:56:16.222,0,10,10,0.00,0.0000,0.0003,0.0059,-0.0325,0.0000,-0.0000,0.0000,4.1413
2026-05-06 17:56:16.722,0,10,10,0.00,0.0000,0.0001,0.0059,-0.0325,0.0000,-0.0000,0.0000,4.1413
2026-05-06 17:56:17.222,0,10,10,0.00,0.0001,0.0003,0.0059,-0.0325,0.0000,-0.0000,0.0000,4.1413
2026-05-06 17:56:17.722,0,10,10,0.00,0.0000,0.0001,0.0059,-0.0325,0.0000,-0.0000,0.0000,4.1413
2026-05-06 17:56:18.222,0,10,10,0.00,-0.0001,0.0001,0.0059,-0.0325,0.0000,-0.0000,0.0000,4.1413
2026-05-06 17:56:18.722,0,10,10,0.00,-0.0001,-0.0001,0.0059,-0.0325,0.0000,-0.0000,0.0000,4.1413
2026-05-06 17:56:19.222,0,10,10,0.00,0.0003,0.0000,0.0059,-0.0325,0.0000,-0.0000,0.0000,4.1413
2026-05-06 17:56:19.722,0,10,10,0.00,0.0000,-0.0001,0.0059,-0.0325,0.0000,-0.0000,0.0000,4.1413
2026-05-06 17:56:20.222,0,10,10,0.00,0.0000,0.0000,0.0059,-0.0325,0.0000,-0.0000,0.0000,4.1413
2026-05-06 17:56:20.722,0,10,10,0.00,0.0003,0.0000,0.0059,-0.0325,0.0000,-0.0000,0.0000,4.1413
2026-05-06 17:56:21.222,0,10,10,0.00,0.0004,0.0000,0.0059,-0.0325,0.0000,-0.0000,0.0000,4.1413
2026-05-06 17:56:21.722,0,10,10,0.00,0.0001,0.0000,0.0059,-0.0325,0.0000,-0.0000,0.0000,4.1413
2026-05-06 17:56:22.222,0,10,10,0.00,-0.0001,-0.0001,0.0059,-0.0325,0.0000,-0.0000,0.0000,4.1413
2026-05-06 17:56:22.722,0,10,10,0.00,0.0000,0.0001,0.0059,-0.0325,0.0000,-0.0000,0.0000,4.1413
2026-05-06 17:56:23.222,0,10,10,0.00,0.0000,-0.0001,0.0059,-0.0325,0.0000,-0.0000,0.0000,4.1413
2026-05-06 17:56:23.722,0,10,10,0.00,-0.0003,0.0000,0.0059,-0.0325,0.0000,-0.0000,0.0000,4.1413
2026-05-06 17:56:24.222,0,10,10,0.00,-0.0001,-0.0001,0.0059,-0.0325,0.0000,-0.0000,0.0000,4.1413
2026-05-06 17:56:24.722,0,10,10,0.00,-0.0001,0.0000,0.0059,-0.0325,0.0000,-0.0000,0.0000,4.1413
2026-05-06 17:56:25.222,0,10,10,0.00,0.0001,-0.0001,0.0059,-0.0325,0.0000,-0.0000,0.0000,4.1413
2026-05-06 17:56:25.722,0,10,10,0.00,0.0003,0.0000,0.0059,-0.0325,0.0000,-0.0000,0.0000,4.1413
2026-05-06 17:56:26.222,0,10,10,0.00,0.0000,0.0000,0.0059,-0.0325,0.0000,-0.0000,0.0000,4.1413
2026-05-06 17:56:26.722,0,10,10,0.00,0.0000,0.0000,0.0059,-0.0325,0.0000,-0.0000,0.0000,4.1413
2026-05-06 17:56:27.222,0,10,10,0.00,-0.0001,0.0000,0.0059,-0.0325,0.0000,-0.0000,0.0000,4.1413
2026-05-06 17:56:27.722,0,10,10,0.00,-0.0003,0.0000,0.0059,-0.0325,0.0000,-0.0000,0.0000,4.1413
2026-05-06 17:56:28.222,0,10,10,0.00,0.0003,0.0000,0.0059,-0.0325,0.0000,-0.0000,0.0000,4.1413
2026-05-06 17:56:28.722,0,10,10,0.00,0.0000,0.0001,0.0059,-0.0325,0.0000,-0.0000,0.0000,4.1413
2026-05-06 17:56:29.222,0,10,10,0.00,0.0001,-0.0001,0.0059,-0.0325,0.0000,-0.0000,0.0000,4.1413
2026-05-06 17:56:29.723,0,10,10,0.00,0.0000,-0.0003,0.0059,-0.0325,0.0000,-0.0000,0.0000,4.1413
2026-05-06 17:56:30.222,0,10,10,0.00,0.0000,0.0000,0.0059,-0.0325,0.0000,-0.0000,0.0000,4.1413
2026-05-06 17:56:30.723,0,10,10,0.00,0.0000,-0.0001,0.0059,-0.0325,0.0000,-0.0000,0.0000,4.1413
2026-05-06 17:56:31.222,0,10,10,0.00,0.0001,0.0003,0.0059,-0.0325,0.0000,-0.0000,0.0000,4.1413
2026-05-06 17:56:31.722,0,10,10,0.00,0.0000,-0.0003,0.0059,-0.0325,0.0000,-0.0000,0.0000,4.1413
2026-05-06 17:56:32.222,0,10,10,0.00,0.0001,0.0000,0.0059,-0.0325,0.0000,-0.0000,0.0000,4.1413
2026-05-06 17:56:32.722,0,10,10,0.00,0.0000,0.0000,0.0059,-0.0325,0.0000,-0.0000,0.0000,4.1413
2026-05-06 17:56:33.222,0,10,10,0.00,0.0001,0.0000,0.0059,-0.0325,0.0000,-0.0000,0.0000,4.1413
2026-05-06 17:56:33.722,0,10,10,0.00,-0.0004,-0.0001,0.0059,-0.0325,0.0000,-0.0000,0.0000,4.1413
2026-05-06 17:56:34.222,0,10,10,0.00,0.0000,0.0000,0.0059,-0.0325,0.0000,-0.0000,0.0000,4.1413
2026-05-06 17:56:34.722,0,10,10,0.00,0.0001,-0.0003,0.0059,-0.0325,0.0000,-0.0000,0.0000,4.1413
2026-05-06 17:56:35.222,0,10,10,0.00,0.0001,0.0000,0.0059,-0.0325,0.0000,-0.0000,0.0000,4.1413
2026-05-06 17:56:35.722,0,9,10,0.00,0.0000,0.0000,0.0059,-0.0325,0.0000,-0.0000,0.0000,4.1413
2026-05-06 17:56:36.222,0,10,10,0.00,0.0001,0.0003,0.0059,-0.0325,0.0000,-0.0000,0.0000,4.1413
2026-05-06 17:56:36.722,0,10,10,0.00,0.0000,0.0000,0.0059,-0.0325,0.0000,-0.0000,0.0000,4.1413
2026-05-06 17:56:37.222,0,10,10,0.00,0.0000,0.0001,0.0059,-0.0325,0.0000,-0.0000,0.0000,4.1413
2026-05-06 17:56:37.722,0,10,10,0.00,-0.0003,0.0000,0.0059,-0.0325,0.0000,-0.0000,0.0000,4.1413
2026-05-06 17:56:38.222,0,10,10,0.00,0.0000,0.0003,0.0059,-0.0325,0.0000,-0.0000,0.0000,4.1413
2026-05-06 17:56:38.722,0,10,10,0.00,-0.0001,-0.0005,0.0059,-0.0325,0.0000,-0.0000,0.0000,4.1413
2026-05-06 17:56:39.222,0,10,10,0.00,0.0000,0.0000,0.0059,-0.0325,0.0000,-0.0000,0.0000,4.1413
2026-05-06 17:56:39.722,0,10,10,0.00,0.0000,0.0000,0.0059,-0.0325,0.0000,-0.0000,0.0000,4.1413
2026-05-06 17:56:40.222,0,10,10,0.00,0.0001,0.0001,0.0059,-0.0325,0.0000,-0.0000,0.0000,4.1413
2026-05-06 17:56:40.722,0,10,10,0.00,0.0001,0.0003,0.0059,-0.0325,0.0000,-0.0000,0.0000,4.1413
2026-05-06 17:56:41.222,0,10,10,0.00,0.0000,0.0001,0.0059,-0.0325,0.0000,-0.0000,0.0000,4.1413
2026-05-06 17:56:41.723,0,10,10,0.00,0.0001,-0.0005,0.0059,-0.0325,0.0000,-0.0000,0.0000,4.1413
2026-05-06 17:56:42.222,0,10,10,0.00,-0.0001,0.0000,0.0059,-0.0325,0.0000,-0.0000,0.0000,4.1413
2026-05-06 17:56:42.722,0,10,10,0.00,-0.0001,0.0000,0.0059,-0.0325,0.0000,-0.0000,0.0000,4.1413
2026-05-06 17:56:43.222,0,10,10,0.00,0.0001,0.0000,0.0059,-0.0325,0.0000,-0.0000,0.0000,4.1413
2026-05-06 17:56:43.722,0,10,10,0.00,0.0000,0.0000,0.0059,-0.0325,0.0000,-0.0000,0.0000,4.1413
2026-05-06 17:56:44.222,0,10,10,0.00,0.0000,0.0001,0.0059,-0.0325,0.0000,-0.0000,0.0000,4.1413
2026-05-06 17:56:44.722,0,10,10,0.00,-0.0001,0.0001,0.0059,-0.0325,0.0000,-0.0000,0.0000,4.1413
2026-05-06 17:56:45.222,0,10,10,0.00,0.0000,0.0000,0.0059,-0.0325,0.0000,-0.0000,0.0000,4.1413
2026-05-06 17:56:45.723,0,10,10,0.00,0.0000,0.0000,0.0059,-0.0325,0.0000,-0.0000,0.0000,4.1413
2026-05-06 17:56:46.222,0,10,10,0.00,0.0001,0.0000,0.0059,-0.0325,0.0000,-0.0000,0.0000,4.1413
2026-05-06 17:56:46.722,0,10,10,0.00,0.0000,0.0000,0.0059,-0.0325,0.0000,-0.0000,0.0000,4.1413
2026-05-06 17:56:47.222,0,10,10,0.00,-0.0001,0.0001,0.0059,-0.0325,0.0000,-0.0000,0.0000,4.1413
2026-05-06 17:56:47.722,0,10,10,0.00,-0.0001,0.0000,0.0059,-0.0325,0.0000,-0.0000,0.0000,4.1413
2026-05-06 17:56:48.222,0,10,10,0.00,-0.0003,-0.0001,0.0059,-0.0325,0.0000,-0.0000,0.0000,4.1413
2026-05-06 17:56:48.722,0,10,10,0.00,0.0003,0.0000,0.0059,-0.0325,0.0000,-0.0000,0.0000,4.1413
2026-05-06 17:56:49.222,0,9,10,0.00,-0.0001,0.0003,0.0059,-0.0325,0.0000,-0.0000,0.0000,4.1413
2026-05-06 17:56:49.722,0,10,10,0.00,-0.0001,-0.0001,0.0059,-0.0325,0.0000,-0.0000,0.0000,4.1413
2026-05-06 17:56:50.222,0,10,10,0.00,0.0000,0.0000,0.0059,-0.0325,0.0000,-0.0000,0.0000,4.1413
2026-05-06 17:56:50.722,0,10,10,0.00,0.0000,0.0000,0.0059,-0.0325,0.0000,-0.0000,0.0000,4.1413
2026-05-06 17:56:51.223,0,10,10,0.00,0.0000,0.0003,0.0059,-0.0325,0.0000,-0.0000,0.0000,4.1413
2026-05-06 17:56:51.722,0,10,10,0.00,0.0001,0.0000,0.0059,-0.0325,0.0000,-0.0000,0.0000,4.1413
2026-05-06 17:56:52.222,0,10,10,0.00,0.0000,0.0000,0.0059,-0.0325,0.0000,-0.0000,0.0000,4.1413
2026-05-06 17:56:52.722,0,10,10,0.00,0.0000,-0.0001,0.0059,-0.0325,0.0000,-0.0000,0.0000,4.1413
2026-05-06 17:56:53.222,0,10,10,0.00,-0.0001,-0.0001,0.0059,-0.0325,0.0000,-0.0000,0.0000,4.1413
2026-05-06 17:56:53.722,0,10,10,0.00,0.0000,0.0000,0.0059,-0.0325,0.0000,-0.0000,0.0000,4.1413
2026-05-06 17:56:54.222,0,10,10,0.00,-0.0501,0.0277,0.0098,-0.0324,0.0000,-0.2669,0.3331,4.1413
2026-05-06 17:56:54.722,0,10,10,0.00,-0.2227,0.2100,0.0756,-0.0331,0.0000,-0.4470,0.4549,1.2598
2026-05-06 17:56:55.222,0,11,10,0.00,-0.3354,0.3571,0.2225,-0.0367,0.0000,-0.3368,0.4473,0.2766
2026-05-06 17:56:55.722,0,20,10,0.00,-0.0911,0.1364,0.3432,-0.0373,0.0000,-0.3324,0.4569,0.8387
2026-05-06 17:56:56.222,0,19,10,0.00,0.0904,0.1177,0.3669,-0.0362,0.0000,-0.4407,0.5183,4.1961
2026-05-06 17:56:56.722,0,19,10,0.00,0.1251,0.1203,0.3687,-0.0359,0.0000,-0.7065,0.6328,16.9896
2026-05-06 17:56:57.222,0,20,10,0.00,0.1227,0.1216,0.3678,-0.0363,0.0000,-0.4666,0.2567,29.5854
2026-05-06 17:56:57.722,0,21,10,0.00,0.1229,0.1229,0.3676,-0.0364,0.0000,-0.4302,0.1698,42.4821
2026-05-06 17:56:58.222,0,20,10,0.00,0.1272,0.1278,0.3674,-0.0366,0.0000,-0.4385,0.1615,55.3234
2026-05-06 17:56:58.722,0,6,10,0.00,0.1253,0.1227,0.3674,-0.0366,0.0000,-0.4412,0.1588,68.3309
2026-05-06 17:56:59.223,0,2,10,0.00,-0.0128,0.0115,0.3677,-0.0360,0.0000,-0.4421,0.1579,70.5322
2026-05-06 17:56:59.722,0,10,10,0.00,-0.1833,0.1517,0.3898,0.0038,0.0000,-0.4424,0.1576,70.5337
2026-05-06 17:57:00.223,0,9,10,0.00,-0.3312,0.1792,0.4458,0.0960,0.0000,-0.3606,0.2394,68.3673
2026-05-06 17:57:00.722,0,10,10,0.00,-0.3468,0.2539,0.5345,0.2109,0.0000,-0.3422,0.2578,60.5747
2026-05-06 17:57:01.222,0,10,10,0.00,-0.4639,0.3757,0.6532,0.3388,0.0000,-0.4884,0.4563,55.9725
2026-05-06 17:57:01.722,0,10,10,0.00,-0.6189,0.5282,0.8375,0.5094,0.0000,-0.7245,0.8001,51.0023
2026-05-06 17:57:02.222,0,10,10,0.00,-0.4975,0.5639,1.0688,0.7004,0.0000,-0.2442,0.4527,47.0441
2026-05-06 17:57:02.722,0,10,10,0.00,-0.1805,0.3817,1.2073,0.8275,0.0000,-0.1700,0.4300,51.8195
2026-05-06 17:57:03.222,0,10,10,0.00,-0.1761,0.4367,1.2951,0.9438,0.0000,-0.1898,0.4102,62.0720
2026-05-06 17:57:03.722,0,10,10,0.00,-0.2816,0.3974,1.3629,1.0869,0.0000,-0.3571,0.4432,75.1088
2026-05-06 17:57:04.222,0,10,10,0.00,-0.4417,0.5215,1.4306,1.2858,0.0000,-0.4690,0.5294,80.6492
2026-05-06 17:57:04.722,0,10,10,0.00,-0.5033,0.5651,1.4971,1.5360,0.0000,-0.5027,0.5652,84.6198
2026-05-06 17:57:05.222,0,10,10,0.00,-0.5371,0.5851,1.5526,1.8042,0.0000,-0.5506,0.6019,87.8950
2026-05-06 17:57:05.722,0,10,10,0.00,-0.4846,0.5401,1.5963,2.0765,0.0000,-0.4747,0.5055,90.1650
2026-05-06 17:57:06.222,0,10,10,0.00,-0.4389,0.4358,1.6242,2.3067,0.0000,-0.4324,0.4196,93.1132
2026-05-06 17:57:06.722,0,10,10,0.00,-0.3880,0.3677,1.6488,2.5053,0.0000,-0.3782,0.3648,92.3317
2026-05-06 17:57:07.222,0,10,10,0.00,-0.3283,0.3352,1.6728,2.6789,0.0000,-0.3222,0.3260,91.1441
2026-05-06 17:57:07.722,0,10,10,0.00,-0.3009,0.3011,1.6935,2.8322,0.0000,-0.3021,0.2979,91.6330
2026-05-06 17:57:08.222,0,9,10,0.00,-0.3042,0.2958,1.7137,2.9809,0.0000,-0.3043,0.2957,91.6177
2026-05-06 17:57:08.722,0,10,10,0.00,-0.3008,0.2971,1.7350,3.1292,0.0000,-0.3016,0.2984,91.0248
2026-05-06 17:57:09.222,0,10,10,0.00,-0.3973,0.3773,1.7594,3.2894,0.0000,-0.7984,0.8000,90.5392
2026-05-06 17:57:09.722,0,10,10,0.00,-0.5523,0.5439,1.7988,3.5250,0.0000,-0.7882,0.8000,89.6636
2026-05-06 17:57:10.223,0,9,10,0.00,-0.7113,0.6949,1.8539,3.8377,0.0000,-0.7819,0.8000,89.0817
2026-05-06 17:57:10.722,0,10,10,0.00,-0.7753,0.8273,1.9229,4.2192,0.0000,-0.7709,0.8000,88.5663
2026-05-06 17:57:11.222,0,10,10,0.00,-0.7426,0.7854,1.9815,4.6056,0.0000,-0.7008,0.7144,90.4378
2026-05-06 17:57:11.722,0,10,10,0.00,-0.5371,0.5333,2.0199,4.9225,0.0000,-0.5103,0.4891,92.4177
2026-05-06 17:57:12.222,0,9,10,0.00,-0.3954,0.3532,2.0458,5.1380,0.0000,-0.3950,0.3537,92.6193
2026-05-06 17:57:12.726,0,10,10,0.00,-0.3350,0.3093,2.0739,5.3165,0.0000,-0.0000,0.0000,90.2288
2026-05-06 17:57:13.222,0,10,10,0.00,-0.0126,0.0058,2.0874,5.3916,0.0000,-0.0000,0.0000,88.5540
2026-05-06 17:57:13.722,0,10,10,0.00,0.0000,-0.0001,2.0874,5.3914,0.0000,-0.0000,0.0000,88.5540
2026-05-06 17:57:14.223,0,10,10,0.00,0.0000,-0.0001,2.0874,5.3914,0.0000,-0.0000,0.0000,88.5540
2026-05-06 17:57:14.723,0,10,10,0.00,0.0000,0.0000,2.0874,5.3914,0.0000,-0.0000,0.0000,88.5540
2026-05-06 17:57:15.222,0,10,10,0.00,0.0005,-0.0001,2.0874,5.3914,0.0000,-0.0000,0.0000,88.5540
2026-05-06 17:57:15.722,0,10,10,0.00,-0.0004,0.0000,2.0874,5.3914,0.0000,-0.0000,0.0000,88.5540
2026-05-06 17:57:16.222,0,10,10,0.00,-0.0763,-0.0463,2.0880,5.3945,0.0000,-0.0000,0.0000,88.5540
2026-05-06 17:57:16.722,0,10,10,0.00,-0.2496,-0.2487,2.0894,5.3991,0.0000,-0.0000,0.0000,79.0316
2026-05-06 17:57:17.222,0,10,10,0.00,-0.4043,-0.4059,2.0895,5.3993,0.0000,-0.0000,0.0000,51.9254
2026-05-06 17:57:17.722,0,9,10,0.00,-0.4434,-0.4697,2.0863,5.3995,0.0000,-0.0000,0.0000,7.5869
2026-05-06 17:57:18.222,0,10,10,0.00,-0.4434,-0.4457,2.0844,5.4009,0.0000,-0.0000,0.0000,-42.0768
2026-05-06 17:57:18.722,0,10,10,0.00,-0.1330,-0.1905,2.0839,5.4067,0.0000,-0.0000,0.0000,-85.0477
2026-05-06 17:57:19.222,0,10,10,0.00,-0.0001,0.0012,2.0843,5.4107,0.0000,-0.0000,0.0000,-93.7394
2026-05-06 17:57:19.722,0,10,10,0.00,-0.0001,0.0000,2.0843,5.4107,0.0000,-0.0000,0.0000,-92.8859
2026-05-06 17:57:20.222,0,10,10,0.00,0.0001,0.0000,2.0843,5.4107,0.0000,-0.0000,0.0000,-92.8859
2026-05-06 17:57:20.723,0,10,10,0.00,0.0000,0.0000,2.0843,5.4107,0.0000,-0.0000,0.0000,-92.8859
2026-05-06 17:57:21.222,0,10,10,0.00,-0.0005,0.0000,2.0843,5.4107,0.0000,-0.0000,0.0000,-92.8859
2026-05-06 17:57:21.722,0,10,10,0.00,-0.0003,0.0001,2.0843,5.4107,0.0000,-0.0000,0.0000,-92.8859
2026-05-06 17:57:22.223,0,10,10,0.00,0.0000,0.0001,2.0843,5.4107,0.0000,-0.0000,0.0000,-92.8859
2026-05-06 17:57:22.722,0,8,10,0.00,0.0000,0.0000,2.0843,5.4107,0.0000,-0.0000,0.0000,-92.8859
2026-05-06 17:57:23.222,0,9,10,0.00,-0.0686,0.0368,2.0834,5.4026,0.0000,-0.5826,0.5056,-92.8859
2026-05-06 17:57:23.722,0,9,10,0.00,-0.2361,0.2119,2.0737,5.3313,0.0000,-0.4451,0.3083,-94.3812
2026-05-06 17:57:24.223,0,2,10,0.00,-0.2532,0.2538,2.0711,5.3134,0.0000,-0.4630,0.3371,-94.5156
2026-05-06 17:57:24.722,0,5,10,0.00,0.0001,-0.0003,2.0713,5.3145,0.0000,-0.4515,0.3115,-92.3836
2026-05-06 17:57:25.222,0,10,10,0.00,0.0003,0.0000,2.0713,5.3145,0.0000,-0.4546,0.3168,-92.3706
2026-05-06 17:57:25.722,0,10,10,0.00,0.0000,0.0000,2.0713,5.3145,0.0000,-0.4549,0.3165,-92.3706
2026-05-06 17:57:26.222,0,10,10,0.00,-0.0001,0.0000,2.0713,5.3145,0.0000,-0.4550,0.3164,-92.3706
2026-05-06 17:57:26.722,0,10,10,0.00,0.0001,0.0000,2.0713,5.3145,0.0000,-0.4550,0.3164,-92.3706
2026-05-06 17:57:27.222,0,10,10,0.00,0.0001,0.0001,2.0713,5.3145,0.0000,-0.4550,0.3164,-92.3706
2026-05-06 17:57:27.722,0,10,10,0.00,0.0000,0.0000,2.0713,5.3145,0.0000,-0.4550,0.3164,-92.3706
2026-05-06 17:57:28.222,0,10,10,0.00,0.0000,-0.0001,2.0713,5.3145,0.0000,-0.4550,0.3164,-92.3706
2026-05-06 17:57:28.722,0,10,10,0.00,-0.1293,0.0988,2.0679,5.2939,0.0000,-0.4550,0.3164,-92.3706
2026-05-06 17:57:29.222,0,12,10,0.00,-0.2780,0.2742,2.0494,5.1873,0.0000,-0.4676,0.3447,-93.1633
2026-05-06 17:57:29.722,0,12,10,0.00,-0.1639,0.1871,2.0384,5.1244,0.0000,-0.4986,0.3987,-93.8311
2026-05-06 17:57:30.222,0,0,10,0.00,-0.1639,0.1871,2.0384,5.1244,0.0000,-0.5013,0.3948,-92.9107
2026-05-06 17:57:30.722,0,9,10,0.00,-0.1237,0.1045,2.0346,5.1034,0.0000,-0.5057,0.3983,-93.0289
2026-05-06 17:57:31.223,0,10,10,0.00,-0.2822,0.2690,2.0150,5.0015,0.0000,-0.5183,0.4216,-93.9055
2026-05-06 17:57:31.722,0,5,10,0.00,-0.3568,0.3499,1.9987,4.9200,0.0000,-0.2770,0.3230,-94.8580
2026-05-06 17:57:32.222,0,0,10,0.00,-0.3568,0.3499,1.9987,4.9200,0.0000,-0.1967,0.4033,-92.2219
2026-05-06 17:57:32.722,0,10,10,0.00,-0.1463,0.1215,1.9929,4.8932,0.0000,-0.1703,0.4297,-92.5846
2026-05-06 17:57:33.222,0,10,10,0.00,-0.1623,0.2826,1.9730,4.8003,0.0000,-0.1617,0.4383,-93.4325
2026-05-06 17:57:33.722,0,9,10,0.00,-0.1556,0.4066,1.9613,4.7068,0.0000,-0.1589,0.4411,-86.8242
2026-05-06 17:57:34.222,0,0,10,0.00,-0.1556,0.4066,1.9613,4.7068,0.0000,-0.1580,0.4420,-72.2740
2026-05-06 17:57:34.722,0,8,10,0.00,-0.1001,0.0654,1.9604,4.6922,0.0000,-0.1576,0.4424,-70.9908
2026-05-06 17:57:35.222,0,10,10,0.00,-0.1585,0.2473,1.9543,4.6072,0.0000,-0.1575,0.4425,-71.9210
2026-05-06 17:57:35.722,0,10,10,0.00,-0.1554,0.4193,1.9571,4.4830,0.0000,-0.1575,0.4425,-64.8513
2026-05-06 17:57:36.222,0,10,10,0.00,-0.1552,0.4444,1.9936,4.3356,0.0000,-0.1575,0.4425,-53.0335
2026-05-06 17:57:36.722,0,10,10,0.00,-0.1567,0.4355,2.0647,4.2048,0.0000,-0.1575,0.4425,-38.1750
2026-05-06 17:57:37.222,0,10,10,0.00,-0.1681,0.4358,2.1670,4.0945,0.0000,-0.1696,0.4304,-23.2811
2026-05-06 17:57:37.722,0,10,10,0.00,-0.1924,0.3998,2.2916,4.0102,0.0000,-0.2152,0.3848,-7.4282
2026-05-06 17:57:38.222,0,10,10,0.00,-0.2337,0.3665,2.4277,3.9490,0.0000,-0.2427,0.3573,1.7923
2026-05-06 17:57:38.722,0,9,10,0.00,-0.3117,0.4050,2.5808,3.9010,0.0000,-0.4200,0.4680,7.1991
2026-05-06 17:57:39.222,0,10,10,0.00,-0.4754,0.5563,2.7994,3.8522,0.0000,-0.6984,0.6821,12.2106
2026-05-06 17:57:39.722,0,10,10,0.00,-0.6328,0.6302,3.0937,3.8089,0.0000,-0.6765,0.5735,16.4330
2026-05-06 17:57:40.222,0,10,10,0.00,-0.5100,0.3634,3.3671,3.7681,0.0000,-0.5089,0.3565,17.0482
2026-05-06 17:57:40.722,0,10,10,0.00,-0.5499,0.4034,3.5741,3.7100,0.0000,-0.5616,0.4865,7.3966
2026-05-06 17:57:41.222,0,10,10,0.00,-0.4821,0.5038,3.8131,3.6109,0.0000,-0.4250,0.4472,1.0495
2026-05-06 17:57:41.722,0,10,10,0.00,-0.3801,0.3900,4.0053,3.5312,0.0000,-0.3833,0.3699,1.8956
2026-05-06 17:57:42.222,0,10,10,0.00,-0.3503,0.3139,4.1706,3.4635,0.0000,-0.3398,0.3177,2.1013
2026-05-06 17:57:42.722,0,10,10,0.00,-0.2986,0.3049,4.3137,3.4001,0.0000,-0.2968,0.3032,-0.2063
2026-05-06 17:57:43.222,0,10,10,0.00,-0.2970,0.3032,4.4508,3.3394,0.0000,-0.2997,0.3003,0.3433
2026-05-06 17:57:43.722,0,10,10,0.00,-0.3074,0.2909,4.5893,3.2790,0.0000,-0.3072,0.2928,0.9174
2026-05-06 17:57:44.222,0,10,10,0.00,-0.2745,0.3058,4.7246,3.2186,0.0000,-0.2513,0.3487,-0.1479
2026-05-06 17:57:44.722,0,10,10,0.00,-0.1899,0.4112,4.8609,3.1658,0.0000,-0.1883,0.4117,1.5331
2026-05-06 17:57:45.222,0,10,10,0.00,-0.1666,0.4352,5.0100,3.1383,0.0000,-0.1676,0.4324,13.5108
2026-05-06 17:57:45.722,0,10,10,0.00,-0.1576,0.4303,5.1588,3.1458,0.0000,-0.1608,0.4392,29.9037
2026-05-06 17:57:46.222,0,10,10,0.00,-0.1589,0.4483,5.3022,3.1888,0.0000,-0.1586,0.4414,41.3518
2026-05-06 17:57:46.722,0,10,10,0.00,-0.1577,0.4403,5.4310,3.2663,0.0000,-0.1579,0.4421,56.3255
2026-05-06 17:57:47.222,0,10,10,0.00,-0.1990,0.4087,5.5365,3.3724,0.0000,-0.1941,0.4059,70.8758
2026-05-06 17:57:47.722,0,10,10,0.00,-0.1678,0.4295,5.6177,3.4960,0.0000,-0.1695,0.4305,84.7493
2026-05-06 17:57:48.222,0,10,10,0.00,-0.1636,0.4418,5.6703,3.6371,0.0000,-0.1614,0.4386,95.8250
2026-05-06 17:57:48.722,0,10,10,0.00,-0.1601,0.4389,5.6874,3.7846,0.0000,-0.1588,0.4412,112.9503
2026-05-06 17:57:49.222,0,10,10,0.00,-0.1587,0.4503,5.6678,3.9336,0.0000,-0.1579,0.4421,127.5970
2026-05-06 17:57:49.722,0,10,10,0.00,-0.0656,0.2898,5.6349,4.0225,0.0000,-0.1576,0.4424,139.6856
2026-05-06 17:57:50.222,0,10,10,0.00,-0.0656,0.2898,5.5881,4.0977,0.0000,-0.1575,0.4425,142.1972
2026-05-06 17:57:50.722,0,10,10,0.00,-0.0656,0.2898,5.5272,4.1625,0.0000,-0.1575,0.4425,141.8846
2026-05-06 17:57:51.222,0,10,10,0.00,-0.0656,0.2898,5.4552,4.2140,0.0000,-0.1575,0.4425,141.4557
2026-05-06 17:57:51.722,0,10,10,0.00,-0.0656,0.2898,5.3743,4.2504,0.0000,-0.1575,0.4425,143.9523
2026-05-06 17:57:52.222,0,10,10,0.00,-0.0656,0.2898,5.2877,4.2704,0.0000,-0.1575,0.4425,154.3899
2026-05-06 17:57:52.722,0,10,10,0.00,-0.0656,0.2898,5.1991,4.2731,0.0000,-0.1575,0.4425,158.3293
2026-05-06 17:57:53.222,0,10,10,0.00,-0.0656,0.2898,5.1116,4.2584,0.0000,-0.1575,0.4425,166.8934
2026-05-06 17:57:53.722,0,10,10,0.00,-0.0656,0.2898,5.0287,4.2268,0.0000,-0.1683,0.4317,-179.8453
2026-05-06 17:57:54.222,0,10,10,0.00,-0.0656,0.2898,4.9535,4.1797,0.0000,-0.2216,0.3784,-166.8992
2026-05-06 17:57:54.722,0,10,10,0.00,-0.0656,0.2898,4.8892,4.1189,0.0000,-0.4518,0.4684,-154.2771
2026-05-06 17:57:55.222,0,10,10,0.00,-0.0656,0.2898,4.8377,4.0464,0.0000,-0.6530,0.6232,-152.0507
2026-05-06 17:57:55.722,0,10,10,0.00,-0.0656,0.2898,4.8015,3.9655,0.0000,-0.5280,0.5944,-158.8340
2026-05-06 17:57:56.222,0,10,10,0.00,-0.0656,0.2898,4.7818,3.8791,0.0000,-0.5333,0.5955,-159.8619
2026-05-06 17:57:56.722,0,10,10,0.00,-0.0656,0.2898,4.7794,3.7904,0.0000,-0.6143,0.5750,-153.3697
2026-05-06 17:57:57.222,0,10,10,0.00,-0.0656,0.2898,4.7943,3.7030,0.0000,-0.6148,0.5395,-154.2016
2026-05-06 17:57:57.722,0,10,10,0.00,-0.0656,0.2898,4.8260,3.6202,0.0000,-0.6140,0.5383,-155.2182
2026-05-06 17:57:58.223,0,10,10,0.00,-0.0656,0.2898,4.8734,3.5451,0.0000,-0.4282,0.2354,-146.8828
2026-05-06 17:57:58.722,0,10,10,0.00,-0.0656,0.2898,4.9346,3.4807,0.0000,-0.4274,0.1726,-137.8804
2026-05-06 17:57:59.223,0,10,10,0.00,-0.0656,0.2898,5.0070,3.4296,0.0000,-0.4375,0.1625,-137.4414
2026-05-06 17:57:59.722,0,10,10,0.00,-0.0656,0.2898,5.0881,3.3936,0.0000,-0.3839,0.2161,-143.0582
2026-05-06 17:58:00.222,0,10,10,0.00,-0.0656,0.2898,5.1746,3.3741,0.0000,-0.3995,0.2005,-145.8224
2026-05-06 17:58:00.722,0,10,10,0.00,-0.0656,0.2898,5.2632,3.3719,0.0000,-0.4284,0.1716,-147.6376
2026-05-06 17:58:01.222,0,10,10,0.00,-0.0656,0.2898,5.3506,3.3871,0.0000,-0.4379,0.1621,-147.2647
2026-05-06 17:58:01.722,0,10,10,0.00,-0.0656,0.2898,5.4333,3.4191,0.0000,-0.4410,0.1590,-137.0695
2026-05-06 17:58:02.222,0,10,10,0.00,-0.0656,0.2898,5.5082,3.4666,0.0000,-0.4420,0.1580,-135.3269
2026-05-06 17:58:02.723,0,10,10,0.00,-0.0656,0.2898,5.5725,3.5279,0.0000,-0.4423,0.1577,-132.9143
2026-05-06 17:58:03.222,0,10,10,0.00,-0.0656,0.0000,5.5922,3.5517,0.0000,-0.4424,0.1576,-130.9591
2026-05-06 17:58:03.722,0,10,10,0.00,0.0000,0.0000,5.5922,3.5517,0.0000,-0.4425,0.1575,-128.3647
2026-05-06 17:58:04.222,0,10,10,0.00,0.0000,0.0000,5.5922,3.5517,0.0000,-0.4425,0.1575,-125.3811
2026-05-06 17:58:04.722,0,10,10,0.00,0.0000,0.0000,5.5922,3.5517,0.0000,-0.4425,0.1575,-125.3811
2026-05-06 17:58:05.222,0,10,10,0.00,0.0000,0.6787,5.6440,3.6385,0.0000,-0.4425,0.1575,-115.6805
2026-05-06 17:58:05.722,0,10,10,0.00,0.0000,0.6787,5.6545,3.8054,0.0000,-0.4425,0.1575,-106.6680
2026-05-06 17:58:06.222,0,10,10,0.00,0.0000,0.6787,5.5695,3.9494,0.0000,-0.4425,0.1575,-106.0914
2026-05-06 17:58:06.722,0,10,10,0.00,0.0000,-0.0004,5.5695,3.9494,0.0000,-0.4425,0.1575,-106.0975
2026-05-06 17:58:07.222,0,10,10,0.00,0.0000,-0.0003,5.5695,3.9494,0.0000,-0.4425,0.1575,-106.0875
2026-05-06 17:58:07.722,0,10,10,0.00,0.0000,0.0000,5.5695,3.9494,0.0000,-0.4425,0.1575,-106.0875
2026-05-06 17:58:08.222,0,10,10,0.00,-0.0003,0.0000,5.5695,3.9494,0.0000,-0.4425,0.1575,-106.0875
2026-05-06 17:58:08.722,0,10,10,0.00,0.0000,0.0000,5.5695,3.9494,0.0000,-0.4425,0.1575,-106.0875
2026-05-06 17:58:09.223,0,10,10,0.00,0.0000,0.0000,5.5695,3.9494,0.0000,-0.4425,0.1575,-106.0875
2026-05-06 17:58:09.722,0,9,10,0.00,-0.0001,-0.0003,5.5695,3.9494,0.0000,-0.4425,0.1575,-106.0875
2026-05-06 17:58:10.222,0,9,10,0.00,0.0001,0.0001,5.5695,3.9494,0.0000,-0.4425,0.1575,-106.0875
2026-05-06 17:58:10.722,0,9,10,0.00,-0.0001,0.0000,5.5695,3.9494,0.0000,-0.4425,0.1575,-106.0875
2026-05-06 17:58:11.222,0,9,10,0.00,0.0000,0.0000,5.5695,3.9494,0.0000,-0.4425,0.1575,-106.0875
2026-05-06 17:58:11.722,0,9,10,0.00,0.0003,0.0001,5.5695,3.9494,0.0000,-0.4425,0.1575,-106.0875
2026-05-06 17:58:12.222,0,9,10,0.00,-0.0003,0.0003,5.5695,3.9494,0.0000,-0.4425,0.1575,-106.0875
2026-05-06 17:58:12.722,0,9,10,0.00,-0.0001,-0.0001,5.5694,3.9495,0.0000,-0.4425,0.1575,-106.0875
2026-05-06 17:58:13.222,0,10,10,0.00,-0.0001,-0.0001,5.5694,3.9495,0.0000,-0.4425,0.1575,-106.0875
2026-05-06 17:58:13.722,0,9,10,0.00,0.0001,0.0000,5.5694,3.9495,0.0000,-0.4425,0.1575,-106.0875
2026-05-06 17:58:14.222,0,10,10,0.00,0.0000,0.0000,5.5694,3.9495,0.0000,-0.4425,0.1575,-106.0875
2026-05-06 17:58:14.722,0,9,10,0.00,0.0001,0.0000,5.5694,3.9495,0.0000,-0.4425,0.1575,-106.0875
2026-05-06 17:58:15.222,0,9,10,0.00,0.0000,0.0000,5.5694,3.9495,0.0000,-0.4425,0.1575,-106.0875
2026-05-06 17:58:15.722,0,9,10,0.00,0.0001,-0.0001,5.5694,3.9495,0.0000,-0.4425,0.1575,-106.0875
2026-05-06 17:58:16.222,0,0,10,0.00,0.0001,-0.0001,5.5694,3.9495,0.0000,-0.4425,0.1575,-106.0875
2026-05-06 17:58:16.722,0,0,10,0.00,0.0001,-0.0001,5.5694,3.9495,0.0000,-0.4425,0.1575,-106.0875
2026-05-06 17:58:17.222,0,0,10,0.00,0.0001,-0.0001,5.5694,3.9495,0.0000,-0.4425,0.1575,-106.0875
2026-05-06 17:58:17.722,0,0,10,0.00,0.0001,-0.0001,5.5694,3.9495,0.0000,-0.4425,0.1575,-106.0875
2026-05-06 17:58:18.222,0,0,10,0.00,0.0001,-0.0001,5.5694,3.9495,0.0000,-0.4425,0.1575,-106.0875
2026-05-06 17:58:18.722,0,5,10,0.00,0.0001,0.0000,5.5694,3.9495,0.0000,-0.4425,0.1575,-106.0875
2026-05-06 17:58:19.222,0,10,10,0.00,0.0000,0.0000,5.5694,3.9495,0.0000,-0.4425,0.1575,-106.0875
2026-05-06 17:58:19.722,0,10,10,0.00,0.0674,0.0003,5.5797,3.9405,0.0000,-0.4425,0.1575,-106.0875
2026-05-06 17:58:20.222,0,10,10,0.00,-0.0466,0.0466,5.5757,3.9438,0.0000,-0.4425,0.1575,-102.5503
2026-05-06 17:58:20.722,0,10,10,0.00,-0.2185,0.2657,5.5137,3.9934,0.0000,-0.4425,0.1575,-101.5117
2026-05-06 17:58:21.222,0,10,10,0.00,-0.3746,0.4110,5.3864,4.0893,0.0000,-0.4425,0.1575,-99.5607
2026-05-06 17:58:21.722,0,10,10,0.00,-0.3907,0.4618,5.2046,4.2196,0.0000,-0.4425,0.1575,-97.7086
2026-05-06 17:58:22.222,0,10,10,0.00,-0.4557,0.4447,5.0270,4.3398,0.0000,-0.4425,0.1575,-96.4471
2026-05-06 17:58:22.722,0,9,10,0.00,-0.4487,0.3570,4.8650,4.4588,0.0000,-0.4425,0.1575,-99.3424
2026-05-06 17:58:23.222,0,10,10,0.00,-0.4496,0.4697,4.6969,4.5994,0.0000,-0.4425,0.1575,-103.1746
2026-05-06 17:58:23.722,0,10,10,0.00,-0.4466,0.4407,4.5225,4.7433,0.0000,-0.4425,0.1575,-102.2202
2026-05-06 17:58:24.222,0,10,10,0.00,-0.4486,0.4473,4.3503,4.8856,0.0000,-0.4425,0.1575,-102.5803
2026-05-06 17:58:24.722,0,10,10,0.00,-0.3927,0.4502,4.1787,5.0270,0.0000,-0.4425,0.1575,-102.3020
2026-05-06 17:58:25.222,0,10,10,0.00,-0.2752,0.4495,4.0318,5.1309,0.0000,-0.3855,0.2145,-97.1880
2026-05-06 17:58:25.722,0,10,10,0.00,-0.4481,0.4536,3.8469,5.2292,0.0000,-0.2322,0.3678,-89.5109
2026-05-06 17:58:26.222,0,10,10,0.00,-0.1899,0.4486,3.6694,5.3144,0.0000,-0.1820,0.4180,-89.1256
2026-05-06 17:58:26.722,0,10,10,0.00,0.0024,0.4436,3.5492,5.3430,0.0000,-0.1655,0.4345,-73.0346
2026-05-06 17:58:27.222,0,10,10,0.00,0.0001,0.3761,3.4427,5.3265,0.0000,-0.1601,0.4399,-48.8657
2026-05-06 17:58:27.723,0,10,10,0.00,-0.0520,0.2090,3.3870,5.2993,0.0000,-0.1584,0.4416,-31.9040
2026-05-06 17:58:28.222,0,9,10,0.00,-0.0152,0.2195,3.3149,5.2471,0.0000,-0.1578,0.4422,-23.3505
2026-05-06 17:58:28.722,0,10,10,0.00,0.0382,-0.0243,3.3040,5.2370,0.0000,-0.1576,0.4424,-16.5948
2026-05-06 17:58:29.222,0,10,10,0.00,0.0327,-0.1854,3.3375,5.2712,0.0000,-0.1575,0.4425,-15.2298
2026-05-06 17:58:29.722,0,10,10,0.00,0.1734,-0.3496,3.4109,5.3308,0.0000,-0.1575,0.4425,-22.4873
2026-05-06 17:58:30.223,0,10,10,0.00,0.3261,-0.2795,3.5227,5.4040,0.0000,-0.1575,0.4425,-29.3530
2026-05-06 17:58:30.723,0,10,10,0.00,0.4555,-0.3032,3.6609,5.5058,0.0000,-0.1575,0.4425,-23.7571
2026-05-06 17:58:31.223,0,10,10,0.00,0.4486,-0.2693,3.7944,5.6337,0.0000,-0.1575,0.4425,-15.6706
2026-05-06 17:58:31.722,0,10,10,0.00,0.2981,0.0000,3.8743,5.7400,0.0000,-0.1575,0.4425,-5.9012
2026-05-06 17:58:32.222,0,10,10,0.00,0.0014,-0.0560,3.8884,5.7699,0.0000,-0.1575,0.4425,5.8123
2026-05-06 17:58:32.722,0,10,10,0.00,0.0024,-0.2191,3.9035,5.8002,0.0000,-0.1575,0.4425,3.9805
2026-05-06 17:58:33.222,0,10,10,0.00,0.0000,0.0001,3.9144,5.8177,0.0000,-0.1575,0.4425,-4.3599
2026-05-06 17:58:33.722,0,10,10,0.00,0.0916,0.0000,3.9191,5.8250,0.0000,-0.1575,0.4425,-4.3599
2026-05-06 17:58:34.222,0,10,10,0.00,0.0499,0.0003,3.9240,5.8330,0.0000,-0.1575,0.4425,-2.4575
2026-05-06 17:58:34.722,0,10,10,0.00,0.0111,0.0003,3.9272,5.8388,0.0000,-0.1575,0.4425,-0.6985
2026-05-06 17:58:35.222,0,10,10,0.00,0.0005,-0.0187,3.9308,5.8454,0.0000,-0.1575,0.4425,0.8544
2026-05-06 17:58:35.723,0,10,10,0.00,0.0029,-0.0293,3.9359,5.8546,0.0000,-0.1575,0.4425,0.8544
2026-05-06 17:58:36.223,0,10,10,0.00,0.0001,-0.0195,3.9370,5.8565,0.0000,-0.1575,0.4425,-0.2434
2026-05-06 17:58:36.722,0,10,10,0.00,0.0000,-0.0134,3.9406,5.8624,0.0000,-0.1575,0.4425,-1.7388
2026-05-06 17:58:37.222,0,10,10,0.00,-0.0001,0.0001,3.9409,5.8629,0.0000,-0.1575,0.4425,-1.7388
2026-05-06 17:58:37.722,0,10,10,0.00,-0.0003,0.0000,3.9409,5.8629,0.0000,-0.1575,0.4425,-1.7388
2026-05-06 17:58:38.222,0,10,10,0.00,0.0000,0.0000,3.9409,5.8629,0.0000,-0.1575,0.4425,-1.7388
2026-05-06 17:58:38.722,0,10,10,0.00,-0.0004,-0.0001,3.9409,5.8629,0.0000,-0.1575,0.4425,-1.7388
2026-05-06 17:58:39.222,0,10,10,0.00,0.0000,0.0000,3.9409,5.8629,0.0000,-0.1575,0.4425,-1.7388
2026-05-06 17:58:39.722,0,10,10,0.00,0.0000,0.0000,3.9409,5.8629,0.0000,-0.1575,0.4425,-1.7388
2026-05-06 17:58:40.222,0,10,10,0.00,0.0001,-0.0001,3.9409,5.8629,0.0000,-0.1575,0.4425,-1.7388
2026-05-06 17:58:40.722,0,10,10,0.00,0.0000,-0.0003,3.9409,5.8629,0.0000,-0.1575,0.4425,-1.7388
2026-05-06 17:58:41.222,0,10,10,0.00,0.0000,0.0000,3.9409,5.8629,0.0000,-0.1575,0.4425,-1.7388
2026-05-06 17:58:41.722,0,10,10,0.00,0.0001,-0.0003,3.9409,5.8629,0.0000,-0.1575,0.4425,-1.7388
2026-05-06 17:58:42.222,0,10,10,0.00,0.0003,-0.0003,3.9409,5.8629,0.0000,-0.1575,0.4425,-1.7388
2026-05-06 17:58:42.722,0,10,10,0.00,0.0003,-0.0001,3.9409,5.8629,0.0000,-0.1575,0.4425,-1.7388
2026-05-06 17:58:43.222,0,10,10,0.00,-0.0001,0.0000,3.9409,5.8629,0.0000,-0.1575,0.4425,-1.7388
2026-05-06 17:58:43.722,0,10,10,0.00,0.0000,0.0000,3.9409,5.8629,0.0000,-0.1575,0.4425,-1.7388
2026-05-06 17:58:44.222,0,10,10,0.00,-0.0001,0.0000,3.9409,5.8629,0.0000,-0.1575,0.4425,-1.7388
2026-05-06 17:58:44.722,0,10,10,0.00,0.0000,0.0000,3.9409,5.8629,0.0000,-0.1575,0.4425,-1.7388
2026-05-06 17:58:45.222,0,10,10,0.00,0.0000,0.0000,3.9409,5.8629,0.0000,-0.1575,0.4425,-1.7388
2026-05-06 17:58:45.723,0,10,10,0.00,0.0000,-0.0003,3.9409,5.8629,0.0000,-0.1575,0.4425,-1.7388
2026-05-06 17:58:46.222,0,10,10,0.00,0.0001,0.0000,3.9409,5.8629,0.0000,-0.1575,0.4425,-1.7388
2026-05-06 17:58:46.722,0,10,10,0.00,0.0000,0.0001,3.9409,5.8629,0.0000,-0.1575,0.4425,-1.7388
2026-05-06 17:58:47.222,0,10,10,0.00,-0.0001,0.0000,3.9409,5.8629,0.0000,-0.1575,0.4425,-1.7388
2026-05-06 17:58:47.722,0,10,10,0.00,0.0003,0.0000,3.9409,5.8629,0.0000,-0.1575,0.4425,-1.7388
2026-05-06 17:58:48.222,0,10,10,0.00,0.0000,0.0000,3.9409,5.8629,0.0000,-0.1575,0.4425,-1.7388
2026-05-06 17:58:48.722,0,10,10,0.00,0.0000,0.0000,3.9409,5.8629,0.0000,-0.1575,0.4425,-1.7388
2026-05-06 17:58:49.222,0,10,10,0.00,0.0000,0.0000,3.9409,5.8629,0.0000,-0.1575,0.4425,-1.7388
2026-05-06 17:58:49.722,0,10,10,0.00,0.0000,0.0000,3.9409,5.8629,0.0000,-0.1575,0.4425,-1.7388
2026-05-06 17:58:50.222,0,10,10,0.00,0.0001,-0.0001,3.9409,5.8629,0.0000,-0.1575,0.4425,-1.7388
2026-05-06 17:58:50.722,0,10,10,0.00,0.0001,0.0001,3.9409,5.8629,0.0000,-0.1575,0.4425,-1.7388
2026-05-06 17:58:51.223,0,10,10,0.00,0.0000,0.0000,3.9409,5.8629,0.0000,-0.1575,0.4425,-1.7388
2026-05-06 17:58:51.722,0,10,10,0.00,0.0000,0.0000,3.9409,5.8629,0.0000,-0.1575,0.4425,-1.7388
2026-05-06 17:58:52.222,0,10,10,0.00,0.0000,0.0000,3.9409,5.8629,0.0000,-0.1575,0.4425,-1.7388
2026-05-06 17:58:52.722,0,10,10,0.00,-0.0001,0.0000,3.9409,5.8629,0.0000,-0.1575,0.4425,-1.7388
2026-05-06 17:58:53.222,0,10,10,0.00,0.0001,0.0000,3.9409,5.8629,0.0000,-0.1575,0.4425,-1.7388
2026-05-06 17:58:53.722,0,10,10,0.00,0.0001,0.0000,3.9409,5.8629,0.0000,-0.1575,0.4425,-1.7388
2026-05-06 17:58:54.222,0,10,10,0.00,0.0000,0.0001,3.9409,5.8629,0.0000,-0.1575,0.4425,-1.7388
2026-05-06 17:58:54.722,0,10,10,0.00,0.0000,0.0000,3.9409,5.8629,0.0000,-0.1575,0.4425,-1.7388
2026-05-06 17:58:55.222,0,10,10,0.00,0.0001,0.0004,3.9409,5.8629,0.0000,-0.1575,0.4425,-1.7388
2026-05-06 17:58:55.723,0,10,10,0.00,0.0000,-0.0003,3.9409,5.8629,0.0000,-0.1575,0.4425,-1.7388
2026-05-06 17:58:56.222,0,10,10,0.00,0.0000,-0.0001,3.9409,5.8629,0.0000,-0.1575,0.4425,-1.7388
2026-05-06 17:58:56.722,0,10,10,0.00,0.0000,-0.0001,3.9409,5.8629,0.0000,-0.1575,0.4425,-1.7388
2026-05-06 17:58:57.222,0,10,10,0.00,0.0001,0.0003,3.9409,5.8629,0.0000,-0.1575,0.4425,-1.7388
2026-05-06 17:58:57.722,0,10,10,0.00,0.0000,-0.0001,3.9409,5.8629,0.0000,-0.1575,0.4425,-1.7388
2026-05-06 17:58:58.222,0,10,10,0.00,0.0001,0.0000,3.9409,5.8629,0.0000,-0.1575,0.4425,-1.7388
2026-05-06 17:58:58.722,0,10,10,0.00,0.0000,0.0000,3.9409,5.8629,0.0000,-0.1575,0.4425,-1.7388
2026-05-06 17:58:59.222,0,10,10,0.00,0.0000,0.0005,3.9409,5.8629,0.0000,-0.1575,0.4425,-1.7388
2026-05-06 17:58:59.722,0,10,10,0.00,0.0000,0.0000,3.9409,5.8629,0.0000,-0.1575,0.4425,-1.7388
2026-05-06 17:59:00.223,0,10,10,0.00,0.0000,0.0000,3.9409,5.8629,0.0000,-0.1575,0.4425,-1.7388
2026-05-06 17:59:00.722,0,10,10,0.00,0.0000,-0.0001,3.9409,5.8629,0.0000,-0.1575,0.4425,-1.7388
2026-05-06 17:59:01.222,0,10,10,0.00,0.0000,0.0000,3.9409,5.8629,0.0000,-0.1575,0.4425,-1.7388
2026-05-06 17:59:01.722,0,10,10,0.00,-0.0001,0.0000,3.9409,5.8629,0.0000,-0.1575,0.4425,-1.7388
2026-05-06 17:59:02.222,0,10,10,0.00,0.0000,0.0001,3.9409,5.8629,0.0000,-0.1575,0.4425,-1.7388
2026-05-06 17:59:02.722,0,10,10,0.00,0.0000,0.0000,3.9409,5.8629,0.0000,-0.1575,0.4425,-1.7388
2026-05-06 17:59:03.222,0,10,10,0.00,-0.0001,0.0003,3.9409,5.8629,0.0000,-0.1575,0.4425,-1.7388
2026-05-06 17:59:03.722,0,10,10,0.00,-0.0003,0.0000,3.9409,5.8629,0.0000,-0.1575,0.4425,-1.7388
2026-05-06 17:59:04.222,0,10,10,0.00,0.0000,0.0000,3.9409,5.8629,0.0000,-0.1575,0.4425,-1.7388
2026-05-06 17:59:04.722,0,10,10,0.00,0.0000,-0.0001,3.9409,5.8629,0.0000,-0.1575,0.4425,-1.7388
2026-05-06 17:59:05.222,0,10,10,0.00,0.0000,-0.0001,3.9409,5.8629,0.0000,-0.1575,0.4425,-1.7388
2026-05-06 17:59:05.722,0,10,10,0.00,0.0000,0.0001,3.9409,5.8629,0.0000,-0.1575,0.4425,-1.7388
2026-05-06 17:59:06.222,0,10,10,0.00,0.0000,0.0000,3.9409,5.8629,0.0000,-0.1575,0.4425,-1.7388
2026-05-06 17:59:06.722,0,10,10,0.00,-0.0001,-0.0001,3.9409,5.8629,0.0000,-0.1575,0.4425,-1.7388
2026-05-06 17:59:07.222,0,10,10,0.00,-0.0001,0.0000,3.9409,5.8629,0.0000,-0.1575,0.4425,-1.7388
2026-05-06 17:59:07.722,0,10,10,0.00,0.0000,-0.0003,3.9409,5.8629,0.0000,-0.1575,0.4425,-1.7388
2026-05-06 17:59:08.222,0,10,10,0.00,0.0000,-0.0003,3.9409,5.8629,0.0000,-0.1575,0.4425,-1.7388
2026-05-06 17:59:08.722,0,10,10,0.00,-0.0001,0.0001,3.9409,5.8629,0.0000,-0.1575,0.4425,-1.7388
2026-05-06 17:59:09.222,0,10,10,0.00,0.0000,0.0001,3.9409,5.8629,0.0000,-0.1575,0.4425,-1.7388
2026-05-06 17:59:09.723,0,10,10,0.00,0.0000,0.0000,3.9409,5.8629,0.0000,-0.1575,0.4425,-1.7388
2026-05-06 17:59:10.222,0,10,10,0.00,0.0003,0.0000,3.9409,5.8629,0.0000,-0.1575,0.4425,-1.7388
2026-05-06 17:59:10.723,0,10,10,0.00,0.0000,0.0001,3.9409,5.8629,0.0000,-0.1575,0.4425,-1.7388
2026-05-06 17:59:11.222,0,10,10,0.00,0.0000,0.0001,3.9409,5.8629,0.0000,-0.1575,0.4425,-1.7388
2026-05-06 17:59:11.723,0,10,10,0.00,0.0000,0.0000,3.9409,5.8629,0.0000,-0.1575,0.4425,-1.7388
2026-05-06 17:59:12.222,0,10,10,0.00,0.0001,-0.0001,3.9409,5.8629,0.0000,-0.1575,0.4425,-1.7388
2026-05-06 17:59:12.722,0,10,10,0.00,0.0000,0.0000,3.9409,5.8629,0.0000,-0.1575,0.4425,-1.7388
2026-05-06 17:59:13.223,0,10,10,0.00,0.0000,0.0001,3.9409,5.8629,0.0000,-0.1575,0.4425,-1.7388
2026-05-06 17:59:13.722,0,10,10,0.00,0.0001,-0.0004,3.9409,5.8629,0.0000,-0.1575,0.4425,-1.7388
2026-05-06 17:59:14.222,0,10,10,0.00,0.0000,0.0000,3.9409,5.8629,0.0000,-0.1575,0.4425,-1.7388
2026-05-06 17:59:14.722,0,10,10,0.00,-0.0001,-0.0001,3.9409,5.8629,0.0000,-0.1575,0.4425,-1.7388
2026-05-06 17:59:15.222,0,10,10,0.00,-0.0001,0.0001,3.9409,5.8629,0.0000,-0.1575,0.4425,-1.7388
2026-05-06 17:59:15.723,0,10,10,0.00,0.0000,0.0000,3.9409,5.8629,0.0000,-0.1575,0.4425,-1.7388
2026-05-06 17:59:16.222,0,10,10,0.00,0.0000,-0.0001,3.9409,5.8629,0.0000,-0.1575,0.4425,-1.7388
2026-05-06 17:59:16.722,0,10,10,0.00,0.0000,0.0000,3.9409,5.8629,0.0000,-0.1575,0.4425,-1.7388
2026-05-06 17:59:17.222,0,10,10,0.00,-0.0003,0.0000,3.9409,5.8629,0.0000,-0.1575,0.4425,-1.7388
2026-05-06 17:59:17.723,0,10,10,0.00,-0.0001,0.0000,3.9409,5.8629,0.0000,-0.1575,0.4425,-1.7388
2026-05-06 17:59:18.222,0,9,10,0.00,0.0001,0.0000,3.9409,5.8629,0.0000,-0.1575,0.4425,-1.7388
2026-05-06 17:59:18.722,0,10,10,0.00,0.0004,0.0000,3.9409,5.8629,0.0000,-0.1575,0.4425,-1.7388
2026-05-06 17:59:19.222,0,10,10,0.00,0.0000,0.0000,3.9409,5.8629,0.0000,-0.1575,0.4425,-1.7388
2026-05-06 17:59:19.722,0,10,10,0.00,0.0000,-0.0001,3.9409,5.8629,0.0000,-0.1575,0.4425,-1.7388
2026-05-06 17:59:20.222,0,10,10,0.00,0.0000,0.0000,3.9409,5.8629,0.0000,-0.1575,0.4425,-1.7388
2026-05-06 17:59:20.722,0,10,10,0.00,0.0000,0.0000,3.9409,5.8629,0.0000,-0.1575,0.4425,-1.7388
2026-05-06 17:59:21.222,0,10,10,0.00,0.0000,0.0001,3.9409,5.8629,0.0000,-0.1575,0.4425,-1.7388
2026-05-06 17:59:21.722,0,10,10,0.00,0.0000,0.0001,3.9409,5.8629,0.0000,-0.1575,0.4425,-1.7388
2026-05-06 17:59:22.222,0,10,10,0.00,0.0000,-0.0001,3.9409,5.8629,0.0000,-0.1575,0.4425,-1.7388
2026-05-06 17:59:22.722,0,10,10,0.00,-0.0001,0.0000,3.9409,5.8629,0.0000,-0.1575,0.4425,-1.7388
2026-05-06 17:59:23.222,0,10,10,0.00,0.0000,-0.0003,3.9409,5.8629,0.0000,-0.1575,0.4425,-1.7388
2026-05-06 17:59:23.722,0,10,10,0.00,0.0003,0.0003,3.9409,5.8629,0.0000,-0.1575,0.4425,-1.7388
2026-05-06 17:59:24.222,0,10,10,0.00,0.0001,0.0000,3.9409,5.8629,0.0000,-0.1575,0.4425,-1.7388
2026-05-06 17:59:24.722,0,10,10,0.00,0.0000,0.0001,3.9409,5.8629,0.0000,-0.1575,0.4425,-1.7388
2026-05-06 17:59:25.222,0,10,10,0.00,-0.0001,-0.0004,3.9409,5.8629,0.0000,-0.1575,0.4425,-1.7388
2026-05-06 17:59:25.722,0,10,10,0.00,-0.0001,0.0000,3.9409,5.8629,0.0000,-0.1575,0.4425,-1.7388
2026-05-06 17:59:26.222,0,10,10,0.00,0.0000,0.0000,3.9409,5.8629,0.0000,-0.1575,0.4425,-1.7388
2026-05-06 17:59:26.722,0,10,10,0.00,0.0000,0.0000,3.9409,5.8629,0.0000,-0.1575,0.4425,-1.7388
2026-05-06 17:59:27.222,0,10,10,0.00,0.0001,0.0000,3.9409,5.8629,0.0000,-0.1575,0.4425,-1.7388
2026-05-06 17:59:27.722,0,10,10,0.00,-0.0001,0.0003,3.9409,5.8629,0.0000,-0.1575,0.4425,-1.7388
2026-05-06 17:59:28.222,0,10,10,0.00,0.0000,0.0000,3.9409,5.8629,0.0000,-0.1575,0.4425,-1.7388
2026-05-06 17:59:28.723,0,10,10,0.00,0.0003,0.0000,3.9409,5.8629,0.0000,-0.1575,0.4425,-1.7388
2026-05-06 17:59:29.222,0,10,10,0.00,0.0000,0.0000,3.9409,5.8629,0.0000,-0.1575,0.4425,-1.7388
2026-05-06 17:59:29.722,0,10,10,0.00,0.0000,-0.0001,3.9409,5.8629,0.0000,-0.1575,0.4425,-1.7388
2026-05-06 17:59:30.222,0,10,10,0.00,0.0000,0.0000,3.9409,5.8629,0.0000,-0.1575,0.4425,-1.7388
2026-05-06 17:59:30.722,0,10,10,0.00,-0.0001,0.0000,3.9409,5.8629,0.0000,-0.1575,0.4425,-1.7388
2026-05-06 17:59:31.222,0,10,10,0.00,0.0000,0.0000,3.9409,5.8629,0.0000,-0.1575,0.4425,-1.7388
2026-05-06 17:59:31.722,0,10,10,0.00,0.0000,0.0001,3.9409,5.8629,0.0000,-0.1575,0.4425,-1.7388
2026-05-06 17:59:32.222,0,10,10,0.00,-0.0001,0.0000,3.9409,5.8629,0.0000,-0.1575,0.4425,-1.7388
2026-05-06 17:59:32.722,0,10,10,0.00,-0.0001,0.0000,3.9409,5.8629,0.0000,-0.1575,0.4425,-1.7388
2026-05-06 17:59:33.222,0,10,10,0.00,0.0001,0.0000,3.9409,5.8629,0.0000,-0.1575,0.4425,-1.7388
2026-05-06 17:59:33.722,0,10,10,0.00,0.0000,0.0001,3.9409,5.8629,0.0000,-0.1575,0.4425,-1.7388
2026-05-06 17:59:34.222,0,10,10,0.00,0.0001,-0.0001,3.9409,5.8629,0.0000,-0.1575,0.4425,-1.7388
2026-05-06 17:59:34.722,0,10,10,0.00,0.0000,0.0003,3.9409,5.8629,0.0000,-0.1575,0.4425,-1.7388
2026-05-06 17:59:35.222,0,10,10,0.00,0.0000,0.0000,3.9409,5.8629,0.0000,-0.1575,0.4425,-1.7388
2026-05-06 17:59:35.723,0,10,10,0.00,0.0001,-0.0001,3.9409,5.8629,0.0000,-0.1575,0.4425,-1.7388
2026-05-06 17:59:36.222,0,10,10,0.00,0.0001,0.0000,3.9409,5.8629,0.0000,-0.1575,0.4425,-1.7388
2026-05-06 17:59:36.722,0,10,10,0.00,0.0000,-0.0001,3.9409,5.8629,0.0000,-0.1575,0.4425,-1.7388
2026-05-06 17:59:37.222,0,10,10,0.00,0.0000,0.0000,3.9409,5.8629,0.0000,-0.1575,0.4425,-1.7388
2026-05-06 17:59:37.722,0,10,10,0.00,0.0000,0.0001,3.9409,5.8629,0.0000,-0.1575,0.4425,-1.7388
2026-05-06 17:59:38.222,0,10,10,0.00,0.0000,0.0000,3.9409,5.8629,0.0000,-0.1575,0.4425,-1.7388
2026-05-06 17:59:38.723,0,10,10,0.00,-0.0001,-0.0005,3.9409,5.8629,0.0000,-0.1575,0.4425,-1.7388
2026-05-06 17:59:39.222,0,10,10,0.00,-0.0001,0.0000,3.9409,5.8629,0.0000,-0.1575,0.4425,-1.7388
2026-05-06 17:59:39.722,0,10,10,0.00,0.0000,0.0000,3.9409,5.8629,0.0000,-0.1575,0.4425,-1.7388
2026-05-06 17:59:40.223,0,10,10,0.00,0.0001,0.0001,3.9409,5.8629,0.0000,-0.1575,0.4425,-1.7388
2026-05-06 17:59:40.722,0,10,10,0.00,0.0000,0.0000,3.9409,5.8629,0.0000,-0.1575,0.4425,-1.7388
2026-05-06 17:59:41.222,0,10,10,0.00,0.0000,0.0000,3.9409,5.8629,0.0000,-0.1575,0.4425,-1.7388
2026-05-06 17:59:41.722,0,10,10,0.00,0.0000,0.0000,3.9409,5.8629,0.0000,-0.1575,0.4425,-1.7388
2026-05-06 17:59:42.222,0,10,10,0.00,-0.0001,0.0000,3.9409,5.8629,0.0000,-0.1575,0.4425,-1.7388
2026-05-06 17:59:42.722,0,10,10,0.00,-0.0003,0.0000,3.9409,5.8629,0.0000,-0.1575,0.4425,-1.7388
2026-05-06 17:59:43.222,0,10,10,0.00,0.0000,0.0000,3.9409,5.8629,0.0000,-0.1575,0.4425,-1.7388
2026-05-06 17:59:43.722,0,10,10,0.00,0.0001,0.0000,3.9409,5.8629,0.0000,-0.1575,0.4425,-1.7388
2026-05-06 17:59:44.222,0,10,10,0.00,0.0000,0.0004,3.9409,5.8629,0.0000,-0.1575,0.4425,-1.7388
2026-05-06 17:59:44.722,0,10,10,0.00,-0.0001,0.0001,3.9409,5.8629,0.0000,-0.1575,0.4425,-1.7388
2026-05-06 17:59:45.222,0,10,10,0.00,0.0000,0.0001,3.9409,5.8629,0.0000,-0.1575,0.4425,-1.7388
2026-05-06 17:59:45.722,0,10,10,0.00,0.0000,0.0000,3.9409,5.8629,0.0000,-0.1575,0.4425,-1.7388
2026-05-06 17:59:46.222,0,10,10,0.00,0.0000,0.0001,3.9409,5.8629,0.0000,-0.1575,0.4425,-1.7388
2026-05-06 17:59:46.723,0,10,10,0.00,-0.0001,0.0001,3.9409,5.8629,0.0000,-0.1575,0.4425,-1.7388
2026-05-06 17:59:47.222,0,10,10,0.00,0.0003,0.0000,3.9409,5.8629,0.0000,-0.1575,0.4425,-1.7388
2026-05-06 17:59:47.722,0,10,10,0.00,0.0000,0.0000,3.9409,5.8629,0.0000,-0.1575,0.4425,-1.7388
2026-05-06 17:59:48.222,0,10,10,0.00,0.0001,0.0000,3.9409,5.8629,0.0000,-0.1575,0.4425,-1.7388
2026-05-06 17:59:48.723,0,10,10,0.00,-0.0001,0.0000,3.9409,5.8629,0.0000,-0.1575,0.4425,-1.7388
2026-05-06 17:59:49.223,0,10,10,0.00,-0.0003,0.0000,3.9409,5.8629,0.0000,-0.1575,0.4425,-1.7388
2026-05-06 17:59:49.722,0,10,10,0.00,0.0000,0.0001,3.9409,5.8629,0.0000,-0.1575,0.4425,-1.7388
2026-05-06 17:59:50.222,0,10,10,0.00,0.0000,0.0000,3.9409,5.8629,0.0000,-0.1575,0.4425,-1.7388
2026-05-06 17:59:50.723,0,10,10,0.00,0.0000,0.0000,3.9409,5.8629,0.0000,-0.1575,0.4425,-1.7388
2026-05-06 17:59:51.222,0,10,10,0.00,0.0001,0.0000,3.9409,5.8629,0.0000,-0.1575,0.4425,-1.7388
2026-05-06 17:59:51.722,0,10,10,0.00,0.0000,0.0000,3.9409,5.8629,0.0000,-0.1575,0.4425,-1.7388
2026-05-06 17:59:52.222,0,10,10,0.00,0.0000,0.0001,3.9409,5.8629,0.0000,-0.1575,0.4425,-1.7388
2026-05-06 17:59:52.722,0,10,10,0.00,-0.0003,0.0000,3.9409,5.8629,0.0000,-0.1575,0.4425,-1.7388
2026-05-06 17:59:53.223,0,10,10,0.00,0.0000,0.0001,3.9409,5.8629,0.0000,-0.1575,0.4425,-1.7388
2026-05-06 17:59:53.722,0,10,10,0.00,0.0000,0.0001,3.9409,5.8629,0.0000,-0.1575,0.4425,-1.7388
2026-05-06 17:59:54.222,0,10,10,0.00,-0.0001,0.0000,3.9409,5.8629,0.0000,-0.1575,0.4425,-1.7388
2026-05-06 17:59:54.722,0,10,10,0.00,0.0001,0.0000,3.9409,5.8629,0.0000,-0.1575,0.4425,-1.7388
2026-05-06 17:59:55.222,0,10,10,0.00,0.0000,-0.0001,3.9409,5.8629,0.0000,-0.1575,0.4425,-1.7388
2026-05-06 17:59:55.722,0,10,10,0.00,0.0003,0.0000,3.9409,5.8629,0.0000,-0.1575,0.4425,-1.7388
2026-05-06 17:59:56.222,0,10,10,0.00,0.0001,0.0000,3.9409,5.8629,0.0000,-0.1575,0.4425,-1.7388
2026-05-06 17:59:56.722,0,10,10,0.00,0.0000,0.0000,3.9409,5.8629,0.0000,-0.1575,0.4425,-1.7388
2026-05-06 17:59:57.222,0,10,10,0.00,-0.0001,0.0000,3.9409,5.8629,0.0000,-0.1575,0.4425,-1.7388
2026-05-06 17:59:57.722,0,10,10,0.00,0.0000,-0.0001,3.9409,5.8629,0.0000,-0.1575,0.4425,-1.7388
2026-05-06 17:59:58.222,0,10,10,0.00,0.0001,-0.0003,3.9409,5.8629,0.0000,-0.1575,0.4425,-1.7388
2026-05-06 17:59:58.722,0,10,10,0.00,0.0000,0.0000,3.9409,5.8629,0.0000,-0.1575,0.4425,-1.7388
2026-05-06 17:59:59.223,0,10,10,0.00,0.0001,0.0003,3.9409,5.8629,0.0000,-0.1575,0.4425,-1.7388
2026-05-06 17:59:59.722,0,10,10,0.00,0.0000,0.0000,3.9409,5.8629,0.0000,-0.1575,0.4425,-1.7388
2026-05-06 18:00:00.222,0,10,10,0.00,0.0000,0.0001,3.9409,5.8629,0.0000,-0.1575,0.4425,-1.7388
2026-05-06 18:00:00.722,0,10,10,0.00,0.0000,0.0000,3.9409,5.8629,0.0000,-0.1575,0.4425,-1.7388
2026-05-06 18:00:01.222,0,10,10,0.00,0.0000,0.0003,3.9409,5.8629,0.0000,-0.1575,0.4425,-1.7388
2026-05-06 18:00:01.722,0,10,10,0.00,-0.0001,0.0000,3.9409,5.8629,0.0000,-0.1575,0.4425,-1.7388
2026-05-06 18:00:02.222,0,10,10,0.00,0.0000,0.0001,3.9409,5.8629,0.0000,-0.1575,0.4425,-1.7388
2026-05-06 18:00:02.722,0,10,10,0.00,0.0000,0.0000,3.9409,5.8629,0.0000,-0.1575,0.4425,-1.7388
2026-05-06 18:00:03.222,0,10,10,0.00,-0.0001,0.0001,3.9409,5.8629,0.0000,-0.1575,0.4425,-1.7388
2026-05-06 18:00:03.722,0,10,10,0.00,-0.0001,0.0005,3.9409,5.8629,0.0000,-0.1575,0.4425,-1.7388
2026-05-06 18:00:04.222,0,10,10,0.00,0.0000,0.0000,3.9409,5.8629,0.0000,-0.1575,0.4425,-1.7388
2026-05-06 18:00:04.722,0,10,10,0.00,0.0000,0.0001,3.9409,5.8629,0.0000,-0.1575,0.4425,-1.7388
2026-05-06 18:00:05.222,0,10,10,0.00,0.0000,-0.0001,3.9409,5.8629,0.0000,-0.1575,0.4425,-1.7388
2026-05-06 18:00:05.722,0,10,10,0.00,0.0000,0.0000,3.9409,5.8629,0.0000,-0.1575,0.4425,-1.7388
2026-05-06 18:00:06.222,0,10,10,0.00,0.0000,0.0000,3.9409,5.8629,0.0000,-0.1575,0.4425,-1.7388
2026-05-06 18:00:06.722,0,10,10,0.00,0.0000,0.0000,3.9409,5.8629,0.0000,-0.1575,0.4425,-1.7388
2026-05-06 18:00:07.222,0,10,10,0.00,0.0001,0.0000,3.9409,5.8629,0.0000,-0.1575,0.4425,-1.7388
2026-05-06 18:00:07.722,0,10,10,0.00,-0.0001,-0.0001,3.9409,5.8629,0.0000,-0.1575,0.4425,-1.7388
2026-05-06 18:00:08.222,0,10,10,0.00,0.0001,0.0001,3.9409,5.8629,0.0000,-0.1575,0.4425,-1.7388
2026-05-06 18:00:08.722,0,10,10,0.00,-0.0001,0.0001,3.9409,5.8629,0.0000,-0.1575,0.4425,-1.7388
2026-05-06 18:00:09.223,0,10,10,0.00,0.0000,0.0000,3.9409,5.8629,0.0000,-0.1575,0.4425,-1.7388
2026-05-06 18:00:09.736,0,10,10,0.00,0.0000,0.0003,3.9409,5.8629,0.0000,-0.1575,0.4425,-1.7388
2026-05-06 18:00:10.222,0,10,10,0.00,0.0000,0.0000,3.9409,5.8629,0.0000,-0.1575,0.4425,-1.7388
2026-05-06 18:00:10.723,0,10,10,0.00,0.0000,0.0000,3.9409,5.8629,0.0000,-0.1575,0.4425,-1.7388
2026-05-06 18:00:11.222,0,10,10,0.00,0.0000,-0.0001,3.9409,5.8629,0.0000,-0.1575,0.4425,-1.7388
2026-05-06 18:00:11.722,0,10,10,0.00,0.0000,-0.0003,3.9409,5.8629,0.0000,-0.1575,0.4425,-1.7388
2026-05-06 18:00:12.223,0,10,10,0.00,0.0000,0.0000,3.9409,5.8629,0.0000,-0.1575,0.4425,-1.7388
2026-05-06 18:00:12.722,0,10,10,0.00,0.0000,-0.0001,3.9409,5.8629,0.0000,-0.1575,0.4425,-1.7388
2026-05-06 18:00:13.222,0,10,10,0.00,-0.0001,0.0003,3.9409,5.8629,0.0000,-0.1575,0.4425,-1.7388
2026-05-06 18:00:13.722,0,10,10,0.00,-0.0001,0.0000,3.9409,5.8629,0.0000,-0.1575,0.4425,-1.7388
2026-05-06 18:00:14.222,0,10,10,0.00,0.0000,-0.0001,3.9409,5.8629,0.0000,-0.1575,0.4425,-1.7388
2026-05-06 18:00:14.722,0,10,10,0.00,0.0000,0.0000,3.9409,5.8629,0.0000,-0.1575,0.4425,-1.7388
2026-05-06 18:00:15.222,0,10,10,0.00,-0.0001,-0.0003,3.9409,5.8629,0.0000,-0.1575,0.4425,-1.7388
2026-05-06 18:00:15.722,0,10,10,0.00,-0.0001,0.0000,3.9409,5.8629,0.0000,-0.1575,0.4425,-1.7388
2026-05-06 18:00:16.222,0,10,10,0.00,0.0004,0.0001,3.9409,5.8629,0.0000,-0.1575,0.4425,-1.7388
2026-05-06 18:00:16.722,0,10,10,0.00,-0.0001,0.0000,3.9409,5.8629,0.0000,-0.1575,0.4425,-1.7388
2026-05-06 18:00:17.226,0,10,10,0.00,0.0001,0.0000,3.9409,5.8629,0.0000,-0.1575,0.4425,-1.7388
2026-05-06 18:00:17.722,0,10,10,0.00,0.0000,-0.0001,3.9409,5.8629,0.0000,-0.1575,0.4425,-1.7388
2026-05-06 18:00:18.222,0,10,10,0.00,-0.0003,0.0000,3.9409,5.8629,0.0000,-0.1575,0.4425,-1.7388
2026-05-06 18:00:18.722,0,10,10,0.00,0.0000,0.0000,3.9409,5.8629,0.0000,-0.1575,0.4425,-1.7388
2026-05-06 18:00:19.223,0,10,10,0.00,-0.0004,-0.0001,3.9409,5.8629,0.0000,-0.1575,0.4425,-1.7388
2026-05-06 18:00:19.722,0,10,10,0.00,0.0000,0.0000,3.9409,5.8629,0.0000,-0.1575,0.4425,-1.7388
2026-05-06 18:00:20.222,0,10,10,0.00,-0.0004,0.0000,3.9409,5.8629,0.0000,-0.1575,0.4425,-1.7388
2026-05-06 18:00:20.722,0,10,10,0.00,-0.0001,0.0000,3.9409,5.8629,0.0000,-0.1575,0.4425,-1.7388
2026-05-06 18:00:21.222,0,10,10,0.00,0.0001,0.0001,3.9409,5.8629,0.0000,-0.1575,0.4425,-1.7388
2026-05-06 18:00:21.722,0,10,10,0.00,0.0000,-0.0001,3.9409,5.8629,0.0000,-0.1575,0.4425,-1.7388
2026-05-06 18:00:22.223,0,10,10,0.00,0.0000,0.0001,3.9409,5.8629,0.0000,-0.1575,0.4425,-1.7388
2026-05-06 18:00:22.722,0,10,10,0.00,0.0001,0.0000,3.9409,5.8629,0.0000,-0.1575,0.4425,-1.7388
2026-05-06 18:00:23.222,0,10,10,0.00,0.0001,0.0000,3.9409,5.8629,0.0000,-0.1575,0.4425,-1.7388
2026-05-06 18:00:23.722,0,10,10,0.00,0.0001,0.0001,3.9409,5.8629,0.0000,-0.1575,0.4425,-1.7388
2026-05-06 18:00:24.223,0,10,10,0.00,0.0000,0.0000,3.9409,5.8629,0.0000,-0.1575,0.4425,-1.7388
2026-05-06 18:00:24.722,0,10,10,0.00,0.0003,0.0001,3.9409,5.8629,0.0000,-0.1575,0.4425,-1.7388
2026-05-06 18:00:25.223,0,10,10,0.00,0.0001,0.0001,3.9409,5.8629,0.0000,-0.1575,0.4425,-1.7388
2026-05-06 18:00:25.722,0,10,10,0.00,0.0000,-0.0001,3.9409,5.8629,0.0000,-0.1575,0.4425,-1.7388
2026-05-06 18:00:26.222,0,10,10,0.00,0.0000,0.0001,3.9409,5.8629,0.0000,-0.1575,0.4425,-1.7388
2026-05-06 18:00:26.722,0,10,10,0.00,0.0000,0.0000,3.9409,5.8629,0.0000,-0.1575,0.4425,-1.7388
2026-05-06 18:00:27.222,0,10,10,0.00,0.0000,0.0000,3.9409,5.8629,0.0000,-0.1575,0.4425,-1.7388
2026-05-06 18:00:27.722,0,10,10,0.00,0.0000,0.0000,3.9409,5.8629,0.0000,-0.1575,0.4425,-1.7388
2026-05-06 18:00:28.222,0,10,10,0.00,0.0005,0.0000,3.9409,5.8629,0.0000,-0.1575,0.4425,-1.7388
2026-05-06 18:00:28.722,0,10,10,0.00,0.0000,-0.0001,3.9409,5.8629,0.0000,-0.1575,0.4425,-1.7388
2026-05-06 18:00:29.222,0,10,10,0.00,-0.0001,-0.0001,3.9409,5.8629,0.0000,-0.1575,0.4425,-1.7388
2026-05-06 18:00:29.722,0,10,10,0.00,0.0000,0.0001,3.9409,5.8629,0.0000,-0.1575,0.4425,-1.7388
2026-05-06 18:00:30.222,0,10,10,0.00,0.0000,0.0000,3.9409,5.8629,0.0000,-0.1575,0.4425,-1.7388
2026-05-06 18:00:30.722,0,10,10,0.00,0.0000,0.0000,3.9409,5.8629,0.0000,-0.1575,0.4425,-1.7388
2026-05-06 18:00:31.222,0,10,10,0.00,-0.0003,-0.0003,3.9409,5.8629,0.0000,-0.1575,0.4425,-1.7388
2026-05-06 18:00:31.722,0,10,10,0.00,0.0000,0.0000,3.9409,5.8629,0.0000,-0.1575,0.4425,-1.7388
2026-05-06 18:00:32.222,0,10,10,0.00,-0.0001,-0.0003,3.9409,5.8629,0.0000,-0.1575,0.4425,-1.7388
2026-05-06 18:00:32.722,0,10,10,0.00,-0.0003,0.0000,3.9409,5.8629,0.0000,-0.1575,0.4425,-1.7388
2026-05-06 18:00:33.222,0,10,10,0.00,0.0000,0.0001,3.9409,5.8629,0.0000,-0.1575,0.4425,-1.7388
2026-05-06 18:00:33.723,0,10,10,0.00,0.0003,-0.0003,3.9409,5.8629,0.0000,-0.1575,0.4425,-1.7388
2026-05-06 18:00:34.222,0,10,10,0.00,-0.0003,0.0003,3.9409,5.8629,0.0000,-0.1575,0.4425,-1.7388
2026-05-06 18:00:34.722,0,10,10,0.00,0.0003,0.0000,3.9409,5.8629,0.0000,-0.1575,0.4425,-1.7388
2026-05-06 18:00:35.222,0,10,10,0.00,0.0000,0.0000,3.9409,5.8629,0.0000,-0.1575,0.4425,-1.7388
2026-05-06 18:00:35.722,0,10,10,0.00,-0.0001,0.0000,3.9409,5.8629,0.0000,-0.1575,0.4425,-1.7388
2026-05-06 18:00:36.222,0,10,10,0.00,-0.0001,0.0003,3.9409,5.8629,0.0000,-0.1575,0.4425,-1.7388
2026-05-06 18:00:36.722,0,10,10,0.00,0.0000,0.0001,3.9409,5.8629,0.0000,-0.1575,0.4425,-1.7388
2026-05-06 18:00:37.222,0,10,10,0.00,0.0000,-0.0001,3.9409,5.8629,0.0000,-0.1575,0.4425,-1.7388
2026-05-06 18:00:37.722,0,10,10,0.00,0.0000,0.0000,3.9409,5.8629,0.0000,-0.1575,0.4425,-1.7388
2026-05-06 18:00:38.222,0,10,10,0.00,0.0001,0.0000,3.9409,5.8629,0.0000,-0.1575,0.4425,-1.7388
2026-05-06 18:00:38.722,0,10,10,0.00,0.0005,0.0001,3.9409,5.8629,0.0000,-0.1575,0.4425,-1.7388
2026-05-06 18:00:39.222,0,10,10,0.00,0.0000,0.0001,3.9409,5.8629,0.0000,-0.1575,0.4425,-1.7388
2026-05-06 18:00:39.723,0,10,10,0.00,0.0000,0.0001,3.9409,5.8629,0.0000,-0.1575,0.4425,-1.7388
2026-05-06 18:00:40.225,0,10,10,0.00,0.0000,0.0000,3.9409,5.8629,0.0000,-0.1575,0.4425,-1.7388
2026-05-06 18:00:40.722,0,10,10,0.00,0.0001,0.0000,3.9409,5.8629,0.0000,-0.1575,0.4425,-1.7388
2026-05-06 18:00:41.222,0,10,10,0.00,0.0000,0.0000,3.9409,5.8629,0.0000,-0.1575,0.4425,-1.7388
2026-05-06 18:00:41.722,0,10,10,0.00,-0.0001,0.0000,3.9409,5.8629,0.0000,-0.1575,0.4425,-1.7388
2026-05-06 18:00:42.222,0,10,10,0.00,0.0003,0.0001,3.9409,5.8629,0.0000,-0.1575,0.4425,-1.7388
2026-05-06 18:00:42.722,0,10,10,0.00,-0.0003,-0.0003,3.9409,5.8629,0.0000,-0.1575,0.4425,-1.7388
2026-05-06 18:00:43.231,0,10,10,0.00,0.0003,-0.0001,3.9409,5.8629,0.0000,-0.1575,0.4425,-1.7388
2026-05-06 18:00:43.722,0,10,10,0.00,0.0000,0.0000,3.9409,5.8629,0.0000,-0.1575,0.4425,-1.7388
2026-05-06 18:00:44.223,0,10,10,0.00,-0.0003,0.0001,3.9409,5.8629,0.0000,-0.1575,0.4425,-1.7388
2026-05-06 18:00:44.722,0,10,10,0.00,0.0001,0.0000,3.9409,5.8629,0.0000,-0.1575,0.4425,-1.7388
2026-05-06 18:00:45.229,0,10,10,0.00,0.0000,-0.0003,3.9409,5.8629,0.0000,-0.1575,0.4425,-1.7388
2026-05-06 18:00:45.722,0,10,10,0.00,-0.0001,0.0001,3.9409,5.8629,0.0000,-0.1575,0.4425,-1.7388
2026-05-06 18:00:46.222,0,10,10,0.00,-0.0003,0.0000,3.9409,5.8629,0.0000,-0.1575,0.4425,-1.7388
2026-05-06 18:00:46.722,0,10,10,0.00,-0.0005,0.0000,3.9409,5.8629,0.0000,-0.1575,0.4425,-1.7388
2026-05-06 18:00:47.223,0,10,10,0.00,0.0000,0.0000,3.9409,5.8629,0.0000,-0.1575,0.4425,-1.7388
2026-05-06 18:00:47.722,0,10,10,0.00,-0.0001,-0.0001,3.9409,5.8629,0.0000,-0.1575,0.4425,-1.7388
2026-05-06 18:00:48.222,0,10,10,0.00,0.0000,0.0000,3.9409,5.8629,0.0000,-0.1575,0.4425,-1.7388
2026-05-06 18:00:48.722,0,10,10,0.00,0.0000,-0.0001,3.9409,5.8629,0.0000,-0.1575,0.4425,-1.7388
2026-05-06 18:00:49.223,0,10,10,0.00,0.0003,0.0000,3.9409,5.8629,0.0000,-0.1575,0.4425,-1.7388
2026-05-06 18:00:49.722,0,10,10,0.00,0.0003,0.0000,3.9409,5.8629,0.0000,-0.1575,0.4425,-1.7388
2026-05-06 18:00:50.223,0,10,10,0.00,0.0000,0.0000,3.9409,5.8629,0.0000,-0.1575,0.4425,-1.7388
2026-05-06 18:00:50.722,0,10,10,0.00,-0.0004,0.0000,3.9409,5.8629,0.0000,-0.1575,0.4425,-1.7388
2026-05-06 18:00:51.222,0,10,10,0.00,0.0001,0.0000,3.9409,5.8629,0.0000,-0.1575,0.4425,-1.7388
2026-05-06 18:00:51.722,0,10,10,0.00,-0.0001,0.0000,3.9409,5.8629,0.0000,-0.1575,0.4425,-1.7388
2026-05-06 18:00:52.222,0,10,10,0.00,0.0000,-0.0001,3.9409,5.8629,0.0000,-0.1575,0.4425,-1.7388
2026-05-06 18:00:52.722,0,10,10,0.00,0.0000,0.0000,3.9409,5.8629,0.0000,-0.1575,0.4425,-1.7388
2026-05-06 18:00:53.222,0,10,10,0.00,0.0000,-0.0001,3.9409,5.8629,0.0000,-0.1575,0.4425,-1.7388
2026-05-06 18:00:53.722,0,10,10,0.00,-0.0003,0.0001,3.9409,5.8629,0.0000,-0.1575,0.4425,-1.7388
2026-05-06 18:00:54.222,0,10,10,0.00,0.0001,-0.0001,3.9409,5.8629,0.0000,-0.1575,0.4425,-1.7388
2026-05-06 18:00:54.722,0,10,10,0.00,-0.0001,-0.0005,3.9409,5.8629,0.0000,-0.1575,0.4425,-1.7388
2026-05-06 18:00:55.222,0,10,10,0.00,0.0000,0.0000,3.9409,5.8629,0.0000,-0.1575,0.4425,-1.7388
2026-05-06 18:00:55.722,0,10,10,0.00,-0.0003,-0.0001,3.9409,5.8629,0.0000,-0.1575,0.4425,-1.7388
2026-05-06 18:00:56.222,0,10,10,0.00,-0.0001,-0.0001,3.9409,5.8629,0.0000,-0.1575,0.4425,-1.7388
2026-05-06 18:00:56.722,0,10,10,0.00,-0.0004,-0.0001,3.9409,5.8629,0.0000,-0.1575,0.4425,-1.7388
2026-05-06 18:00:57.222,0,10,10,0.00,-0.0001,0.0001,3.9409,5.8629,0.0000,-0.1575,0.4425,-1.7388
2026-05-06 18:00:57.722,0,10,10,0.00,-0.0003,0.0000,3.9409,5.8629,0.0000,-0.1575,0.4425,-1.7388
2026-05-06 18:00:58.222,0,9,10,0.00,-0.0001,0.0001,3.9409,5.8629,0.0000,-0.1575,0.4425,-1.7388
2026-05-06 18:00:58.722,0,10,10,0.00,-0.0001,0.0000,3.9409,5.8629,0.0000,-0.1575,0.4425,-1.7388
2026-05-06 18:00:59.222,0,10,10,0.00,-0.0001,-0.0001,3.9409,5.8629,0.0000,-0.1575,0.4425,-1.7388
2026-05-06 18:00:59.722,0,10,10,0.00,0.0004,-0.0001,3.9409,5.8629,0.0000,-0.1575,0.4425,-1.7388
2026-05-06 18:01:00.222,0,10,10,0.00,0.0001,0.0001,3.9409,5.8629,0.0000,-0.1575,0.4425,-1.7388
2026-05-06 18:01:00.722,0,10,10,0.00,0.0000,0.0000,3.9409,5.8629,0.0000,-0.1575,0.4425,-1.7388
2026-05-06 18:01:01.222,0,10,10,0.00,-0.0001,0.0000,3.9409,5.8629,0.0000,-0.1575,0.4425,-1.7388
2026-05-06 18:01:01.722,0,10,10,0.00,0.0000,0.0000,3.9409,5.8629,0.0000,-0.1575,0.4425,-1.7388
2026-05-06 18:01:02.222,0,10,10,0.00,0.0000,-0.0003,3.9409,5.8629,0.0000,-0.1575,0.4425,-1.7388
2026-05-06 18:01:02.740,0,10,10,0.00,-0.0003,0.0001,3.9409,5.8629,0.0000,-0.1575,0.4425,-1.7388
2026-05-06 18:01:03.222,0,10,10,0.00,-0.0003,-0.0001,3.9409,5.8629,0.0000,-0.1575,0.4425,-1.7388
2026-05-06 18:01:03.722,0,10,10,0.00,0.0001,0.0000,3.9409,5.8629,0.0000,-0.1575,0.4425,-1.7388
2026-05-06 18:01:04.222,0,10,10,0.00,-0.0003,0.0001,3.9409,5.8629,0.0000,-0.1575,0.4425,-1.7388
2026-05-06 18:01:04.722,0,10,10,0.00,0.0000,-0.0007,3.9409,5.8629,0.0000,-0.1575,0.4425,-1.7388
2026-05-06 18:01:05.222,0,10,10,0.00,0.0000,-0.0003,3.9409,5.8629,0.0000,-0.1575,0.4425,-1.7388
2026-05-06 18:01:05.722,0,10,10,0.00,0.0005,0.0000,3.9409,5.8629,0.0000,-0.1575,0.4425,-1.7388
2026-05-06 18:01:06.222,0,10,10,0.00,0.0000,0.0000,3.9409,5.8629,0.0000,-0.1575,0.4425,-1.7388
2026-05-06 18:01:06.722,0,10,10,0.00,-0.0001,0.0000,3.9409,5.8629,0.0000,-0.1575,0.4425,-1.7388
2026-05-06 18:01:07.222,0,10,10,0.00,0.0000,-0.0004,3.9409,5.8629,0.0000,-0.1575,0.4425,-1.7388
2026-05-06 18:01:07.722,0,10,10,0.00,0.0001,0.0000,3.9409,5.8629,0.0000,-0.1575,0.4425,-1.7388
2026-05-06 18:01:08.222,0,10,10,0.00,0.0000,0.0003,3.9409,5.8629,0.0000,-0.1575,0.4425,-1.7388
2026-05-06 18:01:08.724,0,10,10,0.00,0.0001,-0.0001,3.9409,5.8629,0.0000,-0.1575,0.4425,-1.7388
2026-05-06 18:01:09.222,0,10,10,0.00,0.0001,0.0000,3.9409,5.8629,0.0000,-0.1575,0.4425,-1.7388
2026-05-06 18:01:09.723,0,10,10,0.00,0.0000,0.0000,3.9409,5.8629,0.0000,-0.1575,0.4425,-1.7388
2026-05-06 18:01:10.222,0,10,10,0.00,0.0000,0.0000,3.9409,5.8629,0.0000,-0.1575,0.4425,-1.7388
2026-05-06 18:01:10.722,0,10,10,0.00,0.0001,0.0000,3.9409,5.8629,0.0000,-0.1575,0.4425,-1.7388
2026-05-06 18:01:11.222,0,10,10,0.00,0.0000,0.0000,3.9409,5.8629,0.0000,-0.1575,0.4425,-1.7388
2026-05-06 18:01:11.722,0,10,10,0.00,0.0003,0.0001,3.9409,5.8629,0.0000,-0.1575,0.4425,-1.7388
2026-05-06 18:01:12.222,0,10,10,0.00,0.0001,0.0001,3.9409,5.8629,0.0000,-0.1575,0.4425,-1.7388
2026-05-06 18:01:12.722,0,10,10,0.00,-0.0003,0.0001,3.9409,5.8629,0.0000,-0.1575,0.4425,-1.7388
2026-05-06 18:01:13.222,0,10,10,0.00,0.0000,0.0000,3.9409,5.8629,0.0000,-0.1575,0.4425,-1.7388
2026-05-06 18:01:13.722,0,10,10,0.00,0.0000,0.0000,3.9409,5.8629,0.0000,-0.1575,0.4425,-1.7388
2026-05-06 18:01:14.222,0,10,10,0.00,0.0000,0.0000,3.9409,5.8629,0.0000,-0.1575,0.4425,-1.7388
2026-05-06 18:01:14.722,0,10,10,0.00,0.0000,0.0000,3.9409,5.8629,0.0000,-0.1575,0.4425,-1.7388
2026-05-06 18:01:15.222,0,10,10,0.00,-0.0001,0.0001,3.9409,5.8629,0.0000,-0.1575,0.4425,-1.7388
2026-05-06 18:01:15.723,0,10,10,0.00,-0.0003,0.0004,3.9409,5.8629,0.0000,-0.1575,0.4425,-1.7388
2026-05-06 18:01:16.222,0,10,10,0.00,0.0001,-0.0001,3.9409,5.8629,0.0000,-0.1575,0.4425,-1.7388
2026-05-06 18:01:16.722,0,10,10,0.00,0.0000,-0.0003,3.9409,5.8629,0.0000,-0.1575,0.4425,-1.7388
2026-05-06 18:01:17.222,0,10,10,0.00,0.0000,-0.0001,3.9409,5.8629,0.0000,-0.1575,0.4425,-1.7388
2026-05-06 18:01:17.722,0,10,10,0.00,0.0000,-0.0001,3.9409,5.8629,0.0000,-0.1575,0.4425,-1.7388
2026-05-06 18:01:18.222,0,10,10,0.00,-0.0001,-0.0001,3.9409,5.8629,0.0000,-0.1575,0.4425,-1.7388
2026-05-06 18:01:18.722,0,10,10,0.00,0.0000,0.0000,3.9409,5.8629,0.0000,-0.1575,0.4425,-1.7388
2026-05-06 18:01:19.222,0,10,10,0.00,0.0000,0.0001,3.9409,5.8629,0.0000,-0.1575,0.4425,-1.7388
2026-05-06 18:01:19.722,0,10,10,0.00,0.0000,0.0000,3.9409,5.8629,0.0000,-0.1575,0.4425,-1.7388
2026-05-06 18:01:20.222,0,10,10,0.00,0.0001,0.0000,3.9409,5.8629,0.0000,-0.1575,0.4425,-1.7388
2026-05-06 18:01:20.722,0,10,10,0.00,0.0000,-0.0001,3.9409,5.8629,0.0000,-0.1575,0.4425,-1.7388
2026-05-06 18:01:21.222,0,10,10,0.00,0.0000,0.0000,3.9409,5.8629,0.0000,-0.1575,0.4425,-1.7388
2026-05-06 18:01:21.722,0,10,10,0.00,0.0001,0.0001,3.9409,5.8629,0.0000,-0.1575,0.4425,-1.7388
2026-05-06 18:01:22.222,0,10,10,0.00,-0.0003,0.0001,3.9409,5.8629,0.0000,-0.1575,0.4425,-1.7388
2026-05-06 18:01:22.722,0,10,10,0.00,-0.0003,-0.0001,3.9409,5.8629,0.0000,-0.1575,0.4425,-1.7388
2026-05-06 18:01:23.222,0,10,10,0.00,-0.0001,0.0000,3.9409,5.8629,0.0000,-0.1575,0.4425,-1.7388
2026-05-06 18:01:23.723,0,10,10,0.00,0.0000,0.0000,3.9409,5.8629,0.0000,-0.1575,0.4425,-1.7388
2026-05-06 18:01:24.222,0,10,10,0.00,0.0000,0.0001,3.9409,5.8629,0.0000,-0.1575,0.4425,-1.7388
2026-05-06 18:01:24.722,0,10,10,0.00,-0.0004,0.0001,3.9409,5.8629,0.0000,-0.1575,0.4425,-1.7388
2026-05-06 18:01:25.222,0,10,10,0.00,-0.0001,0.0000,3.9409,5.8629,0.0000,-0.1575,0.4425,-1.7388
2026-05-06 18:01:25.722,0,10,10,0.00,0.0000,0.0000,3.9409,5.8629,0.0000,-0.1575,0.4425,-1.7388
2026-05-06 18:01:26.222,0,10,10,0.00,0.0001,0.0000,3.9409,5.8629,0.0000,-0.1575,0.4425,-1.7388
2026-05-06 18:01:26.723,0,10,10,0.00,0.0000,0.0003,3.9409,5.8629,0.0000,-0.1575,0.4425,-1.7388
2026-05-06 18:01:27.222,0,10,10,0.00,0.0000,0.0001,3.9409,5.8629,0.0000,-0.1575,0.4425,-1.7388
2026-05-06 18:01:27.722,0,10,10,0.00,-0.0001,0.0000,3.9409,5.8629,0.0000,-0.1575,0.4425,-1.7388
2026-05-06 18:01:28.222,0,10,10,0.00,0.0000,0.0000,3.9409,5.8629,0.0000,-0.1575,0.4425,-1.7388
2026-05-06 18:01:28.722,0,10,10,0.00,0.0003,0.0000,3.9409,5.8629,0.0000,-0.1575,0.4425,-1.7388
2026-05-06 18:01:29.222,0,10,10,0.00,0.0000,-0.0001,3.9409,5.8629,0.0000,-0.1575,0.4425,-1.7388
2026-05-06 18:01:29.722,0,10,10,0.00,-0.0001,0.0000,3.9409,5.8629,0.0000,-0.1575,0.4425,-1.7388
2026-05-06 18:01:30.222,0,10,10,0.00,-0.0001,0.0005,3.9409,5.8629,0.0000,-0.1575,0.4425,-1.7388
2026-05-06 18:01:30.722,0,10,10,0.00,0.0000,-0.0001,3.9409,5.8629,0.0000,-0.1575,0.4425,-1.7388
2026-05-06 18:01:31.222,0,10,10,0.00,0.0000,0.0000,3.9409,5.8629,0.0000,-0.1575,0.4425,-1.7388
2026-05-06 18:01:31.722,0,10,10,0.00,0.0001,0.0000,3.9409,5.8629,0.0000,-0.1575,0.4425,-1.7388
2026-05-06 18:01:32.222,0,10,10,0.00,-0.0004,-0.0001,3.9409,5.8629,0.0000,-0.1575,0.4425,-1.7388
2026-05-06 18:01:32.722,0,10,10,0.00,-0.0003,0.0000,3.9409,5.8629,0.0000,-0.1575,0.4425,-1.7388
2026-05-06 18:01:33.222,0,10,10,0.00,-0.0001,-0.0001,3.9409,5.8629,0.0000,-0.1575,0.4425,-1.7388
2026-05-06 18:01:33.722,0,10,10,0.00,0.0000,0.0000,3.9409,5.8629,0.0000,-0.1575,0.4425,-1.7388
2026-05-06 18:01:34.222,0,10,10,0.00,-0.0003,-0.0001,3.9409,5.8629,0.0000,-0.1575,0.4425,-1.7388
2026-05-06 18:01:34.722,0,10,10,0.00,0.0000,0.0000,3.9409,5.8629,0.0000,-0.1575,0.4425,-1.7388
2026-05-06 18:01:35.222,0,10,10,0.00,0.0003,-0.0004,3.9409,5.8629,0.0000,-0.1575,0.4425,-1.7388
2026-05-06 18:01:35.722,0,10,10,0.00,-0.0003,0.0000,3.9409,5.8629,0.0000,-0.1575,0.4425,-1.7388
2026-05-06 18:01:36.222,0,10,10,0.00,0.0000,-0.0001,3.9409,5.8629,0.0000,-0.1575,0.4425,-1.7388
2026-05-06 18:01:36.722,0,10,10,0.00,-0.0001,0.0000,3.9409,5.8629,0.0000,-0.1575,0.4425,-1.7388
2026-05-06 18:01:37.222,0,10,10,0.00,0.0000,0.0000,3.9409,5.8629,0.0000,-0.1575,0.4425,-1.7388
2026-05-06 18:01:37.722,0,10,10,0.00,0.0000,-0.0003,3.9409,5.8629,0.0000,-0.1575,0.4425,-1.7388
2026-05-06 18:01:38.223,0,10,10,0.00,0.0001,-0.0003,3.9409,5.8629,0.0000,-0.1575,0.4425,-1.7388
2026-05-06 18:01:38.722,0,10,10,0.00,-0.0003,0.0000,3.9409,5.8629,0.0000,-0.1575,0.4425,-1.7388
2026-05-06 18:01:39.222,0,10,10,0.00,0.0001,0.0000,3.9409,5.8629,0.0000,-0.1575,0.4425,-1.7388
2026-05-06 18:01:39.722,0,10,10,0.00,0.0000,-0.0001,3.9409,5.8629,0.0000,-0.1575,0.4425,-1.7388
2026-05-06 18:01:40.222,0,10,10,0.00,0.0000,-0.0001,3.9409,5.8629,0.0000,-0.1575,0.4425,-1.7388
2026-05-06 18:01:40.722,0,10,10,0.00,-0.0001,0.0000,3.9409,5.8629,0.0000,-0.1575,0.4425,-1.7388
2026-05-06 18:01:41.222,0,10,10,0.00,-0.0003,-0.0001,3.9409,5.8629,0.0000,-0.1575,0.4425,-1.7388
2026-05-06 18:01:41.722,0,10,10,0.00,0.0000,0.0000,3.9409,5.8629,0.0000,-0.1575,0.4425,-1.7388
2026-05-06 18:01:42.222,0,10,10,0.00,-0.0001,-0.0001,3.9409,5.8629,0.0000,-0.1575,0.4425,-1.7388
2026-05-06 18:01:42.722,0,10,10,0.00,0.0000,0.0000,3.9409,5.8629,0.0000,-0.1575,0.4425,-1.7388
2026-05-06 18:01:43.222,0,10,10,0.00,0.0000,0.0000,3.9409,5.8629,0.0000,-0.1575,0.4425,-1.7388
2026-05-06 18:01:43.722,0,10,10,0.00,-0.0001,0.0000,3.9409,5.8629,0.0000,-0.1575,0.4425,-1.7388
2026-05-06 18:01:44.222,0,10,10,0.00,0.0001,0.0000,3.9409,5.8629,0.0000,-0.1575,0.4425,-1.7388
2026-05-06 18:01:44.722,0,10,10,0.00,0.0001,0.0001,3.9409,5.8629,0.0000,-0.1575,0.4425,-1.7388
2026-05-06 18:01:45.222,0,10,10,0.00,0.0001,-0.0001,3.9409,5.8629,0.0000,-0.1575,0.4425,-1.7388
2026-05-06 18:01:45.723,0,10,10,0.00,0.0001,0.0001,3.9409,5.8629,0.0000,-0.1575,0.4425,-1.7388
2026-05-06 18:01:46.222,0,10,10,0.00,0.0000,-0.0003,3.9409,5.8629,0.0000,-0.1575,0.4425,-1.7388
2026-05-06 18:01:46.722,0,10,10,0.00,0.0000,-0.0001,3.9409,5.8629,0.0000,-0.1575,0.4425,-1.7388
2026-05-06 18:01:47.222,0,10,10,0.00,0.0000,0.0000,3.9409,5.8629,0.0000,-0.1575,0.4425,-1.7388
2026-05-06 18:01:47.722,0,10,10,0.00,0.0000,0.0003,3.9409,5.8629,0.0000,-0.1575,0.4425,-1.7388
2026-05-06 18:01:48.222,0,10,10,0.00,-0.0001,0.0000,3.9409,5.8629,0.0000,-0.1575,0.4425,-1.7388
2026-05-06 18:01:48.722,0,10,10,0.00,-0.0001,0.0000,3.9409,5.8629,0.0000,-0.1575,0.4425,-1.7388
2026-05-06 18:01:49.222,0,10,10,0.00,-0.0001,-0.0008,3.9409,5.8629,0.0000,-0.1575,0.4425,-1.7388
2026-05-06 18:01:49.722,0,10,10,0.00,-0.0003,0.0000,3.9409,5.8629,0.0000,-0.1575,0.4425,-1.7388
2026-05-06 18:01:50.222,0,10,10,0.00,0.0000,0.0000,3.9409,5.8629,0.0000,-0.1575,0.4425,-1.7388
2026-05-06 18:01:50.722,0,10,10,0.00,-0.0001,0.0001,3.9409,5.8629,0.0000,-0.1575,0.4425,-1.7388
2026-05-06 18:01:51.222,0,10,10,0.00,0.0000,0.0000,3.9409,5.8629,0.0000,-0.1575,0.4425,-1.7388
2026-05-06 18:01:51.722,0,10,10,0.00,0.0000,0.0000,3.9409,5.8629,0.0000,-0.1575,0.4425,-1.7388
2026-05-06 18:01:52.222,0,10,10,0.00,0.0001,0.0004,3.9409,5.8629,0.0000,-0.1575,0.4425,-1.7388
2026-05-06 18:01:52.722,0,10,10,0.00,0.0003,0.0000,3.9409,5.8629,0.0000,-0.1575,0.4425,-1.7388
2026-05-06 18:01:53.222,0,10,10,0.00,-0.0001,0.0000,3.9409,5.8629,0.0000,-0.1575,0.4425,-1.7388
2026-05-06 18:01:53.722,0,10,10,0.00,0.0001,0.0000,3.9409,5.8629,0.0000,-0.1575,0.4425,-1.7388
2026-05-06 18:01:54.222,0,10,10,0.00,0.0000,-0.0003,3.9409,5.8629,0.0000,-0.1575,0.4425,-1.7388
2026-05-06 18:01:54.722,0,10,10,0.00,0.0001,-0.0001,3.9409,5.8629,0.0000,-0.1575,0.4425,-1.7388
2026-05-06 18:01:55.222,0,10,10,0.00,0.0000,0.0000,3.9409,5.8629,0.0000,-0.1575,0.4425,-1.7388
2026-05-06 18:01:55.722,0,10,10,0.00,0.0001,0.0000,3.9409,5.8629,0.0000,-0.1575,0.4425,-1.7388
2026-05-06 18:01:56.222,0,10,10,0.00,0.0000,0.0000,3.9409,5.8629,0.0000,-0.1575,0.4425,-1.7388
2026-05-06 18:01:56.722,0,10,10,0.00,0.0000,0.0001,3.9409,5.8629,0.0000,-0.1575,0.4425,-1.7388
2026-05-06 18:01:57.222,0,10,10,0.00,0.0000,-0.0001,3.9409,5.8629,0.0000,-0.1575,0.4425,-1.7388
2026-05-06 18:01:57.722,0,10,10,0.00,0.0000,-0.0001,3.9409,5.8629,0.0000,-0.1575,0.4425,-1.7388
2026-05-06 18:01:58.222,0,10,10,0.00,-0.0004,-0.0003,3.9409,5.8629,0.0000,-0.1575,0.4425,-1.7388
2026-05-06 18:01:58.722,0,10,10,0.00,0.0001,0.0000,3.9409,5.8629,0.0000,-0.1575,0.4425,-1.7388
2026-05-06 18:01:59.222,0,10,10,0.00,-0.0001,0.0000,3.9409,5.8629,0.0000,-0.1575,0.4425,-1.7388
2026-05-06 18:01:59.722,0,10,10,0.00,0.0001,-0.0001,3.9409,5.8629,0.0000,-0.1575,0.4425,-1.7388
2026-05-06 18:02:00.222,0,10,10,0.00,-0.0003,-0.0001,3.9409,5.8629,0.0000,-0.1575,0.4425,-1.7388
2026-05-06 18:02:00.722,0,10,10,0.00,0.0000,0.0000,3.9409,5.8629,0.0000,-0.1575,0.4425,-1.7388
2026-05-06 18:02:01.222,0,10,10,0.00,-0.0003,0.0000,3.9409,5.8629,0.0000,-0.1575,0.4425,-1.7388
2026-05-06 18:02:01.722,0,10,10,0.00,-0.0001,0.0000,3.9409,5.8629,0.0000,-0.1575,0.4425,-1.7388
2026-05-06 18:02:02.222,0,10,10,0.00,0.0000,0.0001,3.9409,5.8629,0.0000,-0.1575,0.4425,-1.7388
2026-05-06 18:02:02.722,0,10,10,0.00,0.0000,0.0000,3.9409,5.8629,0.0000,-0.1575,0.4425,-1.7388
2026-05-06 18:02:03.222,0,10,10,0.00,0.0000,-0.0001,3.9409,5.8629,0.0000,-0.1575,0.4425,-1.7388
2026-05-06 18:02:03.722,0,10,10,0.00,0.0000,0.0000,3.9409,5.8629,0.0000,-0.1575,0.4425,-1.7388
2026-05-06 18:02:04.222,0,10,10,0.00,0.0000,0.0000,3.9409,5.8629,0.0000,-0.1575,0.4425,-1.7388
2026-05-06 18:02:04.722,0,10,10,0.00,0.0000,0.0000,3.9409,5.8629,0.0000,-0.1575,0.4425,-1.7388
2026-05-06 18:02:05.222,0,10,10,0.00,0.0000,0.0001,3.9409,5.8629,0.0000,-0.1575,0.4425,-1.7388
2026-05-06 18:02:05.722,0,10,10,0.00,0.0000,0.0000,3.9409,5.8629,0.0000,-0.1575,0.4425,-1.7388
2026-05-06 18:02:06.223,0,10,10,0.00,0.0000,0.0001,3.9409,5.8629,0.0000,-0.1575,0.4425,-1.7388
2026-05-06 18:02:06.722,0,10,10,0.00,0.0000,0.0003,3.9409,5.8629,0.0000,-0.1575,0.4425,-1.7388
2026-05-06 18:02:07.222,0,10,10,0.00,0.0000,-0.0003,3.9409,5.8629,0.0000,-0.1575,0.4425,-1.7388
2026-05-06 18:02:07.722,0,10,10,0.00,0.0000,-0.0001,3.9409,5.8629,0.0000,-0.1575,0.4425,-1.7388
2026-05-06 18:02:08.222,0,10,10,0.00,0.0001,0.0000,3.9409,5.8629,0.0000,-0.1575,0.4425,-1.7388
2026-05-06 18:02:08.723,0,10,10,0.00,0.0000,0.0003,3.9409,5.8629,0.0000,-0.1575,0.4425,-1.7388
2026-05-06 18:02:09.222,0,10,10,0.00,-0.0008,-0.0003,3.9409,5.8629,0.0000,-0.1575,0.4425,-1.7388
2026-05-06 18:02:09.722,0,10,10,0.00,-0.0001,0.0001,3.9409,5.8629,0.0000,-0.1575,0.4425,-1.7388
2026-05-06 18:02:10.222,0,10,10,0.00,-0.0001,-0.0001,3.9409,5.8629,0.0000,-0.1575,0.4425,-1.7388
2026-05-06 18:02:10.722,0,10,10,0.00,0.0000,0.0001,3.9409,5.8629,0.0000,-0.1575,0.4425,-1.7388
2026-05-06 18:02:11.222,0,10,10,0.00,-0.0001,0.0000,3.9409,5.8629,0.0000,-0.1575,0.4425,-1.7388
2026-05-06 18:02:11.722,0,10,10,0.00,0.0000,0.0001,3.9409,5.8629,0.0000,-0.1575,0.4425,-1.7388
2026-05-06 18:02:12.222,0,10,10,0.00,-0.0001,0.0001,3.9409,5.8629,0.0000,-0.1575,0.4425,-1.7388
2026-05-06 18:02:12.722,0,10,10,0.00,0.0000,0.0000,3.9409,5.8629,0.0000,-0.1575,0.4425,-1.7388
2026-05-06 18:02:13.222,0,10,10,0.00,0.0001,0.0000,3.9409,5.8629,0.0000,-0.1575,0.4425,-1.7388
2026-05-06 18:02:13.722,0,10,10,0.00,0.0000,-0.0001,3.9409,5.8629,0.0000,-0.1575,0.4425,-1.7388
2026-05-06 18:02:14.222,0,10,10,0.00,-0.0001,0.0001,3.9409,5.8629,0.0000,-0.1575,0.4425,-1.7388
2026-05-06 18:02:14.722,0,10,10,0.00,-0.0003,-0.0001,3.9409,5.8629,0.0000,-0.1575,0.4425,-1.7388
2026-05-06 18:02:15.222,0,10,10,0.00,0.0000,-0.0001,3.9409,5.8629,0.0000,-0.1575,0.4425,-1.7388
2026-05-06 18:02:15.722,0,10,10,0.00,0.0000,0.0003,3.9409,5.8629,0.0000,-0.1575,0.4425,-1.7388
2026-05-06 18:02:16.222,0,10,10,0.00,-0.0003,0.0000,3.9409,5.8629,0.0000,-0.1575,0.4425,-1.7388
2026-05-06 18:02:16.722,0,10,10,0.00,0.0000,0.0000,3.9409,5.8629,0.0000,-0.1575,0.4425,-1.7388
2026-05-06 18:02:17.222,0,10,10,0.00,-0.0001,0.0001,3.9409,5.8629,0.0000,-0.1575,0.4425,-1.7388
2026-05-06 18:02:17.722,0,10,10,0.00,0.0000,0.0000,3.9409,5.8629,0.0000,-0.1575,0.4425,-1.7388
2026-05-06 18:02:18.222,0,10,10,0.00,0.0001,0.0000,3.9409,5.8629,0.0000,-0.1575,0.4425,-1.7388
2026-05-06 18:02:18.722,0,10,10,0.00,0.0000,0.0000,3.9409,5.8629,0.0000,-0.1575,0.4425,-1.7388
2026-05-06 18:02:19.222,0,10,10,0.00,0.0000,0.0000,3.9409,5.8629,0.0000,-0.1575,0.4425,-1.7388
2026-05-06 18:02:19.722,0,10,10,0.00,0.0000,-0.0001,3.9409,5.8629,0.0000,-0.1575,0.4425,-1.7388
2026-05-06 18:02:20.222,0,10,10,0.00,0.0000,0.0000,3.9409,5.8629,0.0000,-0.1575,0.4425,-1.7388
2026-05-06 18:02:20.722,0,10,10,0.00,0.0003,-0.0001,3.9409,5.8629,0.0000,-0.1575,0.4425,-1.7388
2026-05-06 18:02:21.222,0,10,10,0.00,-0.0003,-0.0001,3.9409,5.8629,0.0000,-0.1575,0.4425,-1.7388
2026-05-06 18:02:21.722,0,10,10,0.00,-0.0001,0.0001,3.9409,5.8629,0.0000,-0.1575,0.4425,-1.7388
2026-05-06 18:02:22.222,0,10,10,0.00,0.0001,-0.0001,3.9409,5.8629,0.0000,-0.1575,0.4425,-1.7388
2026-05-06 18:02:22.722,0,10,10,0.00,0.0000,-0.0001,3.9409,5.8629,0.0000,-0.1575,0.4425,-1.7388
2026-05-06 18:02:23.222,0,10,10,0.00,0.0000,0.0000,3.9409,5.8629,0.0000,-0.1575,0.4425,-1.7388
2026-05-06 18:02:23.722,0,10,10,0.00,0.0000,0.0001,3.9409,5.8629,0.0000,-0.1575,0.4425,-1.7388
2026-05-06 18:02:24.222,0,10,10,0.00,-0.0001,0.0000,3.9409,5.8629,0.0000,-0.1575,0.4425,-1.7388
2026-05-06 18:02:24.722,0,10,10,0.00,0.0000,0.0003,3.9409,5.8629,0.0000,-0.1575,0.4425,-1.7388
2026-05-06 18:02:25.222,0,10,10,0.00,0.0000,0.0000,3.9409,5.8629,0.0000,-0.1575,0.4425,-1.7388
2026-05-06 18:02:25.722,0,10,10,0.00,0.0000,0.0001,3.9409,5.8629,0.0000,-0.1575,0.4425,-1.7388
2026-05-06 18:02:26.222,0,10,10,0.00,0.0000,0.0000,3.9409,5.8629,0.0000,-0.1575,0.4425,-1.7388
2026-05-06 18:02:26.722,0,10,10,0.00,-0.0001,0.0003,3.9409,5.8629,0.0000,-0.1575,0.4425,-1.7388
2026-05-06 18:02:27.222,0,10,10,0.00,0.0000,-0.0001,3.9409,5.8629,0.0000,-0.1575,0.4425,-1.7388
2026-05-06 18:02:27.722,0,10,10,0.00,0.0003,-0.0003,3.9409,5.8629,0.0000,-0.1575,0.4425,-1.7388
2026-05-06 18:02:28.222,0,10,10,0.00,-0.0001,0.0001,3.9409,5.8629,0.0000,-0.1575,0.4425,-1.7388
2026-05-06 18:02:28.722,0,10,10,0.00,-0.0001,0.0003,3.9409,5.8629,0.0000,-0.1575,0.4425,-1.7388
2026-05-06 18:02:29.222,0,10,10,0.00,0.0000,0.0000,3.9409,5.8629,0.0000,-0.1575,0.4425,-1.7388
2026-05-06 18:02:29.722,0,10,10,0.00,0.0000,0.0000,3.9409,5.8629,0.0000,-0.1575,0.4425,-1.7388
2026-05-06 18:02:30.222,0,10,10,0.00,0.0000,0.0003,3.9409,5.8629,0.0000,-0.1575,0.4425,-1.7388
2026-05-06 18:02:30.722,0,10,10,0.00,0.0001,0.0000,3.9409,5.8629,0.0000,-0.1575,0.4425,-1.7388
2026-05-06 18:02:31.222,0,10,10,0.00,0.0000,0.0000,3.9409,5.8629,0.0000,-0.1575,0.4425,-1.7388
2026-05-06 18:02:31.722,0,10,10,0.00,0.0000,0.0000,3.9409,5.8629,0.0000,-0.1575,0.4425,-1.7388
2026-05-06 18:02:32.222,0,10,10,0.00,0.0000,0.0000,3.9409,5.8629,0.0000,-0.1575,0.4425,-1.7388
2026-05-06 18:02:32.722,0,10,10,0.00,-0.0001,0.0000,3.9409,5.8629,0.0000,-0.1575,0.4425,-1.7388
2026-05-06 18:02:33.222,0,10,10,0.00,-0.0001,-0.0001,3.9409,5.8629,0.0000,-0.1575,0.4425,-1.7388
2026-05-06 18:02:33.722,0,10,10,0.00,0.0000,0.0001,3.9409,5.8629,0.0000,-0.1575,0.4425,-1.7388
2026-05-06 18:02:34.222,0,10,10,0.00,-0.0001,0.0001,3.9409,5.8629,0.0000,-0.1575,0.4425,-1.7388
2026-05-06 18:02:34.722,0,10,10,0.00,-0.0001,0.0000,3.9409,5.8629,0.0000,-0.1575,0.4425,-1.7388
2026-05-06 18:02:35.222,0,10,10,0.00,0.0000,0.0000,3.9409,5.8629,0.0000,-0.1575,0.4425,-1.7388
2026-05-06 18:02:35.723,0,10,10,0.00,0.0003,-0.0001,3.9409,5.8629,0.0000,-0.1575,0.4425,-1.7388
2026-05-06 18:02:36.222,0,10,10,0.00,0.0003,0.0000,3.9409,5.8629,0.0000,-0.1575,0.4425,-1.7388
2026-05-06 18:02:36.722,0,10,10,0.00,0.0000,0.0000,3.9409,5.8629,0.0000,-0.1575,0.4425,-1.7388
2026-05-06 18:02:37.222,0,10,10,0.00,0.0004,0.0000,3.9409,5.8629,0.0000,-0.1575,0.4425,-1.7388
2026-05-06 18:02:37.722,0,10,10,0.00,-0.0001,-0.0001,3.9409,5.8629,0.0000,-0.1575,0.4425,-1.7388
2026-05-06 18:02:38.222,0,10,10,0.00,-0.0001,0.0000,3.9409,5.8629,0.0000,-0.1575,0.4425,-1.7388
2026-05-06 18:02:38.722,0,10,10,0.00,-0.0001,0.0001,3.9409,5.8629,0.0000,-0.1575,0.4425,-1.7388
2026-05-06 18:02:39.222,0,10,10,0.00,0.0004,0.0000,3.9409,5.8629,0.0000,-0.1575,0.4425,-1.7388
2026-05-06 18:02:39.722,0,10,10,0.00,0.0001,0.0000,3.9409,5.8629,0.0000,-0.1575,0.4425,-1.7388
2026-05-06 18:02:40.222,0,10,10,0.00,0.0001,-0.0001,3.9409,5.8629,0.0000,-0.1575,0.4425,-1.7388
2026-05-06 18:02:40.722,0,10,10,0.00,-0.0001,0.0000,3.9409,5.8629,0.0000,-0.1575,0.4425,-1.7388
2026-05-06 18:02:41.222,0,10,10,0.00,-0.0001,0.0000,3.9409,5.8629,0.0000,-0.1575,0.4425,-1.7388
2026-05-06 18:02:41.722,0,10,10,0.00,-0.0001,0.0000,3.9409,5.8629,0.0000,-0.1575,0.4425,-1.7388
2026-05-06 18:02:42.222,0,10,10,0.00,0.0001,-0.0001,3.9409,5.8629,0.0000,-0.1575,0.4425,-1.7388
2026-05-06 18:02:42.722,0,10,10,0.00,-0.0003,0.0000,3.9409,5.8629,0.0000,-0.1575,0.4425,-1.7388
2026-05-06 18:02:43.222,0,10,10,0.00,0.0003,-0.0003,3.9409,5.8629,0.0000,-0.1575,0.4425,-1.7388
2026-05-06 18:02:43.722,0,10,10,0.00,-0.0001,0.0000,3.9409,5.8629,0.0000,-0.1575,0.4425,-1.7388
2026-05-06 18:02:44.222,0,10,10,0.00,0.0000,0.0000,3.9409,5.8629,0.0000,-0.1575,0.4425,-1.7388
2026-05-06 18:02:44.722,0,10,10,0.00,0.0000,0.0000,3.9409,5.8629,0.0000,-0.1575,0.4425,-1.7388
2026-05-06 18:02:45.222,0,10,10,0.00,0.0000,0.0000,3.9409,5.8629,0.0000,-0.1575,0.4425,-1.7388
2026-05-06 18:02:45.722,0,10,10,0.00,0.0000,-0.0001,3.9409,5.8629,0.0000,-0.1575,0.4425,-1.7388
2026-05-06 18:02:46.222,0,10,10,0.00,0.0003,0.0000,3.9409,5.8629,0.0000,-0.1575,0.4425,-1.7388
2026-05-06 18:02:46.722,0,10,10,0.00,0.0000,0.0000,3.9409,5.8629,0.0000,-0.1575,0.4425,-1.7388
2026-05-06 18:02:47.222,0,10,10,0.00,0.0000,-0.0001,3.9409,5.8629,0.0000,-0.1575,0.4425,-1.7388
2026-05-06 18:02:47.722,0,10,10,0.00,0.0000,0.0000,3.9409,5.8629,0.0000,-0.1575,0.4425,-1.7388
2026-05-06 18:02:48.222,0,10,10,0.00,0.0000,0.0000,3.9409,5.8629,0.0000,-0.1575,0.4425,-1.7388
2026-05-06 18:02:48.722,0,10,10,0.00,0.0000,0.0000,3.9409,5.8629,0.0000,-0.1575,0.4425,-1.7388
2026-05-06 18:02:49.222,0,10,10,0.00,0.0000,0.0000,3.9409,5.8629,0.0000,-0.1575,0.4425,-1.7388
2026-05-06 18:02:49.722,0,10,10,0.00,0.0000,0.0000,3.9409,5.8629,0.0000,-0.1575,0.4425,-1.7388
2026-05-06 18:02:50.222,0,10,10,0.00,0.0000,0.0003,3.9409,5.8629,0.0000,-0.1575,0.4425,-1.7388
2026-05-06 18:02:50.722,0,10,10,0.00,0.0000,0.0000,3.9409,5.8629,0.0000,-0.1575,0.4425,-1.7388
2026-05-06 18:02:51.222,0,10,10,0.00,-0.0001,0.0000,3.9409,5.8629,0.0000,-0.1575,0.4425,-1.7388
2026-05-06 18:02:51.723,0,10,10,0.00,-0.0001,-0.0003,3.9409,5.8629,0.0000,-0.1575,0.4425,-1.7388
2026-05-06 18:02:52.222,0,10,10,0.00,0.0000,0.0000,3.9409,5.8629,0.0000,-0.1791,0.4209,3.7380
2026-05-06 18:02:52.722,0,10,10,0.00,0.0001,0.0000,3.9409,5.8629,0.0000,-0.1646,0.4354,3.7380
2026-05-06 18:02:53.222,0,10,10,0.00,-0.0001,0.0000,3.9409,5.8629,0.0000,-0.1598,0.4402,3.7380
2026-05-06 18:02:53.723,0,10,10,0.00,0.0001,-0.0001,3.9409,5.8629,0.0000,-0.1583,0.4417,3.7380
2026-05-06 18:02:54.222,0,10,10,0.00,0.0000,-0.0001,3.9409,5.8629,0.0000,-0.1577,0.4423,3.7380
2026-05-06 18:02:54.722,0,10,10,0.00,0.0000,0.0000,3.9409,5.8629,0.0000,-0.1576,0.4424,3.7380
2026-05-06 18:02:55.222,0,10,10,0.00,0.0000,0.0000,3.9409,5.8629,0.0000,-0.1575,0.4425,3.7380
2026-05-06 18:02:55.722,0,10,10,0.00,-0.0001,0.0000,3.9409,5.8629,0.0000,-0.1575,0.4425,3.7380
2026-05-06 18:02:56.222,0,10,10,0.00,0.0001,-0.0001,3.9409,5.8629,0.0000,-0.1575,0.4425,3.7380
2026-05-06 18:02:56.722,0,10,10,0.00,0.0004,0.0000,3.9409,5.8629,0.0000,-0.1575,0.4425,3.7380
2026-05-06 18:02:57.222,0,10,10,0.00,0.0000,0.0000,3.9409,5.8629,0.0000,-0.1575,0.4425,3.7380
2026-05-06 18:02:57.722,0,10,10,0.00,-0.0001,0.0000,3.9409,5.8629,0.0000,-0.1575,0.4425,3.7380
2026-05-06 18:02:58.222,0,10,10,0.00,-0.0001,-0.0001,3.9409,5.8629,0.0000,-0.1575,0.4425,3.7380
2026-05-06 18:02:58.722,0,10,10,0.00,-0.0001,0.0000,3.9409,5.8629,0.0000,-0.1575,0.4425,3.7380
2026-05-06 18:02:59.222,0,10,10,0.00,0.0001,0.0000,3.9409,5.8629,0.0000,-0.1575,0.4425,3.7380
2026-05-06 18:02:59.722,0,10,10,0.00,-0.0001,0.0001,3.9409,5.8629,0.0000,-0.1575,0.4425,3.7380
2026-05-06 18:03:00.222,0,10,10,0.00,0.0001,0.0000,3.9409,5.8629,0.0000,-0.1575,0.4425,3.7380
2026-05-06 18:03:00.722,0,10,10,0.00,0.0000,-0.0001,3.9409,5.8629,0.0000,-0.1575,0.4425,3.7380
2026-05-06 18:03:01.222,0,10,10,0.00,-0.0001,0.0000,3.9409,5.8629,0.0000,-0.1575,0.4425,3.7380
2026-05-06 18:03:01.723,0,10,10,0.00,0.0000,0.0000,3.9409,5.8629,0.0000,-0.1575,0.4425,3.7380
2026-05-06 18:03:02.222,0,10,10,0.00,0.0000,-0.0001,3.9409,5.8629,0.0000,-0.1575,0.4425,3.7380
2026-05-06 18:03:02.722,0,10,10,0.00,0.0000,-0.0001,3.9409,5.8629,0.0000,-0.1575,0.4425,3.7380
2026-05-06 18:03:03.222,0,10,10,0.00,0.0000,0.0000,3.9409,5.8629,0.0000,-0.1575,0.4425,3.7380
2026-05-06 18:03:03.722,0,10,10,0.00,0.0000,-0.0001,3.9409,5.8629,0.0000,-0.1575,0.4425,3.7380
2026-05-06 18:03:04.222,0,10,10,0.00,0.0000,0.0000,3.9409,5.8629,0.0000,-0.1575,0.4425,3.7380
2026-05-06 18:03:04.723,0,10,10,0.00,-0.0001,0.0000,3.9409,5.8629,0.0000,-0.1575,0.4425,3.7380
2026-05-06 18:03:05.222,0,10,10,0.00,0.0000,0.0000,3.9409,5.8629,0.0000,-0.1575,0.4425,3.7380
2026-05-06 18:03:05.722,0,10,10,0.00,-0.0001,0.0000,3.9409,5.8629,0.0000,-0.1575,0.4425,3.7380
2026-05-06 18:03:06.222,0,10,10,0.00,0.0001,0.0000,3.9409,5.8629,0.0000,-0.1575,0.4425,3.7380
2026-05-06 18:03:06.722,0,10,10,0.00,0.0000,0.0000,3.9409,5.8629,0.0000,-0.1575,0.4425,3.7380
2026-05-06 18:03:07.222,0,10,10,0.00,0.0000,0.0000,3.9409,5.8629,0.0000,-0.1575,0.4425,3.7380
2026-05-06 18:03:07.723,0,10,10,0.00,0.0000,0.0000,3.9409,5.8629,0.0000,-0.1575,0.4425,3.7380
2026-05-06 18:03:08.222,0,10,10,0.00,-0.0003,0.0000,3.9409,5.8629,0.0000,-0.1575,0.4425,3.7380
2026-05-06 18:03:08.722,0,10,10,0.00,0.0000,-0.0001,3.9409,5.8629,0.0000,-0.1575,0.4425,3.7380
2026-05-06 18:03:09.224,0,10,10,0.00,-0.0001,-0.0003,3.9409,5.8629,0.0000,-0.1575,0.4425,3.7380
2026-05-06 18:03:09.723,0,10,10,0.00,0.0000,0.0000,3.9409,5.8629,0.0000,-0.1575,0.4425,3.7380
2026-05-06 18:03:10.222,0,10,10,0.00,0.0001,-0.0003,3.9409,5.8629,0.0000,-0.1575,0.4425,3.7380
2026-05-06 18:03:10.722,0,10,10,0.00,0.0003,0.0001,3.9409,5.8629,0.0000,-0.1575,0.4425,3.7380
2026-05-06 18:03:11.223,0,10,10,0.00,0.0000,0.0000,3.9409,5.8629,0.0000,-0.1575,0.4425,3.7380
2026-05-06 18:03:11.722,0,10,10,0.00,0.0004,-0.0001,3.9409,5.8629,0.0000,-0.1575,0.4425,3.7380
2026-05-06 18:03:12.222,0,10,10,0.00,0.0000,-0.0003,3.9409,5.8629,0.0000,-0.1575,0.4425,3.7380
2026-05-06 18:03:12.722,0,10,10,0.00,0.0000,0.0001,3.9409,5.8629,0.0000,-0.1575,0.4425,3.7380
2026-05-06 18:03:13.222,0,10,10,0.00,0.0000,0.0000,3.9409,5.8629,0.0000,-0.1575,0.4425,3.7380
2026-05-06 18:03:13.723,0,10,10,0.00,0.0000,0.0000,3.9409,5.8629,0.0000,-0.1575,0.4425,3.7380
2026-05-06 18:03:14.222,0,10,10,0.00,0.0000,0.0001,3.9409,5.8629,0.0000,-0.1575,0.4425,3.7380
2026-05-06 18:03:14.722,0,10,10,0.00,0.0001,0.0000,3.9409,5.8629,0.0000,-0.1575,0.4425,3.7380
2026-05-06 18:03:15.223,0,10,10,0.00,0.1340,-0.0088,3.9515,5.8813,0.0000,-0.1575,0.4425,3.7380
2026-05-06 18:03:15.723,0,10,10,0.00,0.2923,-0.0008,3.9732,5.9329,0.0000,-0.1575,0.4425,10.2624
2026-05-06 18:03:16.222,0,10,10,0.00,0.2809,-0.0003,3.9861,6.0162,0.0000,-0.1920,0.4080,27.2615
2026-05-06 18:03:16.722,0,10,10,0.00,-0.0131,0.0000,3.9850,6.0417,0.0000,-0.1802,0.4198,38.9461
2026-05-06 18:03:17.222,0,10,10,0.00,-0.1809,0.0000,3.9860,6.0152,0.0000,-0.1649,0.4351,37.4447
2026-05-06 18:03:17.723,0,10,10,0.00,-0.3348,-0.0033,3.9779,5.9499,0.0000,-0.1599,0.4401,25.7020
2026-05-06 18:03:18.222,0,10,10,0.00,-0.4523,-0.0004,3.9355,5.8556,0.0000,-0.1583,0.4417,6.3808
2026-05-06 18:03:18.722,0,10,10,0.00,-0.1326,0.0000,3.8890,5.8035,0.0000,-0.1578,0.4422,-15.5257
2026-05-06 18:03:19.223,0,10,10,0.00,0.0533,-0.0003,3.8870,5.8018,0.0000,-0.1576,0.4424,-20.1639
2026-05-06 18:03:19.722,0,10,10,0.00,0.2148,-0.0005,3.9130,5.8269,0.0000,-0.1575,0.4425,-15.9043
2026-05-06 18:03:20.222,0,10,10,0.00,-0.0010,-0.0020,3.9358,5.8556,0.0000,-0.1575,0.4425,-4.0293
2026-05-06 18:03:20.722,0,10,10,0.00,0.1212,-0.0004,3.9420,5.8648,0.0000,-0.1575,0.4425,-2.7982
2026-05-06 18:03:21.223,0,10,10,0.00,-0.0021,-0.0005,3.9531,5.8835,0.0000,-0.1575,0.4425,2.6671
2026-05-06 18:03:21.722,0,10,10,0.00,-0.0637,0.0000,3.9497,5.8775,0.0000,-0.1575,0.4425,2.6671
2026-05-06 18:03:22.222,0,10,10,0.00,0.0000,-0.0195,3.9487,5.8758,0.0000,-0.1575,0.4425,1.3604
2026-05-06 18:03:22.722,0,10,10,0.00,-0.0442,0.0001,3.9474,5.8737,0.0000,-0.1575,0.4425,1.3604
2026-05-06 18:03:23.222,0,10,10,0.00,0.0000,0.0000,3.9468,5.8726,0.0000,-0.1575,0.4425,0.0360
2026-05-06 18:03:23.722,0,10,10,0.00,0.0001,-0.0003,3.9468,5.8726,0.0000,-0.1575,0.4425,0.0360
2026-05-06 18:03:24.222,0,10,10,0.00,0.0000,-0.0003,3.9468,5.8726,0.0000,-0.1575,0.4425,0.0360
2026-05-06 18:03:24.723,0,10,10,0.00,-0.0001,0.0000,3.9468,5.8726,0.0000,-0.1575,0.4425,0.0360
2026-05-06 18:03:25.222,0,10,10,0.00,0.0000,0.0000,3.9468,5.8726,0.0000,-0.1575,0.4425,0.0360
2026-05-06 18:03:25.722,0,10,10,0.00,0.0000,-0.0001,3.9468,5.8726,0.0000,-0.1575,0.4425,0.0360
2026-05-06 18:03:26.222,0,10,10,0.00,0.0001,0.0001,3.9468,5.8726,0.0000,-0.1575,0.4425,0.0360
2026-05-06 18:03:26.722,0,10,10,0.00,0.0000,0.0000,3.9468,5.8726,0.0000,-0.1575,0.4425,0.0360
2026-05-06 18:03:27.222,0,10,10,0.00,0.0001,0.0000,3.9468,5.8726,0.0000,-0.1575,0.4425,0.0360
2026-05-06 18:03:27.722,0,10,10,0.00,0.0001,-0.0001,3.9468,5.8726,0.0000,-0.1575,0.4425,0.0360
2026-05-06 18:03:28.222,0,10,10,0.00,0.0003,0.0001,3.9468,5.8726,0.0000,-0.1575,0.4425,0.0360
2026-05-06 18:03:28.722,0,10,10,0.00,0.0000,-0.0003,3.9468,5.8726,0.0000,-0.1575,0.4425,0.0360
2026-05-06 18:03:29.222,0,10,10,0.00,0.0000,0.0000,3.9468,5.8726,0.0000,-0.1575,0.4425,0.0360
2026-05-06 18:03:29.722,0,10,10,0.00,-0.0001,0.0001,3.9468,5.8726,0.0000,-0.1575,0.4425,0.0360
2026-05-06 18:03:30.222,0,10,10,0.00,-0.0001,0.0000,3.9468,5.8726,0.0000,-0.1575,0.4425,0.0360
2026-05-06 18:03:30.722,0,10,10,0.00,0.0000,0.0001,3.9468,5.8726,0.0000,-0.1575,0.4425,0.0360
2026-05-06 18:03:31.222,0,10,10,0.00,0.0000,-0.0001,3.9468,5.8726,0.0000,-0.1575,0.4425,0.0360
2026-05-06 18:03:31.722,0,10,10,0.00,0.0001,0.0001,3.9468,5.8726,0.0000,-0.1575,0.4425,0.0360
2026-05-06 18:03:32.222,0,10,10,0.00,-0.0001,0.0000,3.9468,5.8726,0.0000,-0.1575,0.4425,0.0360
2026-05-06 18:03:32.722,0,10,10,0.00,0.0000,0.0000,3.9468,5.8726,0.0000,-0.1575,0.4425,0.0360
2026-05-06 18:03:33.222,0,10,10,0.00,0.0000,-0.0001,3.9468,5.8726,0.0000,-0.1575,0.4425,0.0360
2026-05-06 18:03:33.722,0,10,10,0.00,0.0000,0.0000,3.9468,5.8726,0.0000,-0.1575,0.4425,0.0360
2026-05-06 18:03:34.222,0,10,10,0.00,0.0000,0.0000,3.9468,5.8726,0.0000,-0.1575,0.4425,0.0360
2026-05-06 18:03:34.722,0,10,10,0.00,0.0000,-0.0001,3.9468,5.8726,0.0000,-0.1575,0.4425,0.0360
2026-05-06 18:03:35.222,0,10,10,0.00,0.0000,-0.0001,3.9468,5.8726,0.0000,-0.1575,0.4425,0.0360
2026-05-06 18:03:35.722,0,10,10,0.00,0.0001,-0.0001,3.9468,5.8726,0.0000,-0.1575,0.4425,0.0360
2026-05-06 18:03:36.222,0,10,10,0.00,0.0000,0.0000,3.9468,5.8726,0.0000,-0.1575,0.4425,0.0360
2026-05-06 18:03:36.722,0,10,10,0.00,-0.0001,-0.0004,3.9468,5.8726,0.0000,-0.1575,0.4425,0.0360
2026-05-06 18:03:37.222,0,10,10,0.00,0.0003,0.0001,3.9468,5.8726,0.0000,-0.1575,0.4425,0.0360
2026-05-06 18:03:37.722,0,10,10,0.00,0.0001,0.0000,3.9468,5.8726,0.0000,-0.1575,0.4425,0.0360
2026-05-06 18:03:38.222,0,10,10,0.00,0.0000,0.0001,3.9468,5.8726,0.0000,-0.1575,0.4425,0.0360
2026-05-06 18:03:38.722,0,10,10,0.00,0.0000,-0.0003,3.9468,5.8726,0.0000,-0.1575,0.4425,0.0360
2026-05-06 18:03:39.222,0,10,10,0.00,0.0000,0.0001,3.9468,5.8726,0.0000,-0.1575,0.4425,0.0360
2026-05-06 18:03:39.722,0,10,10,0.00,0.0000,0.0001,3.9468,5.8726,0.0000,-0.1575,0.4425,0.0360
2026-05-06 18:03:40.222,0,10,10,0.00,0.0000,0.0001,3.9468,5.8726,0.0000,-0.1575,0.4425,0.0360
2026-05-06 18:03:40.722,0,10,10,0.00,-0.0003,0.0003,3.9468,5.8726,0.0000,-0.1575,0.4425,0.0360
2026-05-06 18:03:41.222,0,10,10,0.00,-0.0003,0.0000,3.9468,5.8726,0.0000,-0.1575,0.4425,0.0360
2026-05-06 18:03:41.722,0,10,10,0.00,-0.0001,-0.0001,3.9468,5.8726,0.0000,-0.1575,0.4425,0.0360
2026-05-06 18:03:42.222,0,10,10,0.00,0.0000,0.0000,3.9468,5.8726,0.0000,-0.1575,0.4425,0.0360
2026-05-06 18:03:42.722,0,10,10,0.00,0.0000,0.0000,3.9468,5.8726,0.0000,-0.1575,0.4425,0.0360
2026-05-06 18:03:43.223,0,10,10,0.00,0.0000,0.0000,3.9468,5.8726,0.0000,-0.1575,0.4425,0.0360
2026-05-06 18:03:43.722,0,10,10,0.00,0.0003,0.0000,3.9468,5.8726,0.0000,-0.1575,0.4425,0.0360
2026-05-06 18:03:44.223,0,10,10,0.00,-0.0005,0.0000,3.9468,5.8726,0.0000,-0.1575,0.4425,0.0360
2026-05-06 18:03:44.722,0,10,10,0.00,0.0000,-0.0001,3.9468,5.8726,0.0000,-0.1575,0.4425,0.0360
2026-05-06 18:03:45.222,0,10,10,0.00,0.0000,0.0000,3.9468,5.8726,0.0000,-0.1575,0.4425,0.0360
2026-05-06 18:03:45.722,0,10,10,0.00,0.0000,0.0001,3.9468,5.8726,0.0000,-0.1575,0.4425,0.0360
2026-05-06 18:03:46.222,0,10,10,0.00,0.0003,-0.0004,3.9468,5.8726,0.0000,-0.1575,0.4425,0.0360
2026-05-06 18:03:46.722,0,10,10,0.00,0.0000,0.0000,3.9468,5.8726,0.0000,-0.1575,0.4425,0.0360
2026-05-06 18:03:47.222,0,10,10,0.00,-0.0001,0.0000,3.9468,5.8726,0.0000,-0.1575,0.4425,0.0360
2026-05-06 18:03:47.722,0,10,10,0.00,0.0000,0.0001,3.9468,5.8726,0.0000,-0.1575,0.4425,0.0360
2026-05-06 18:03:48.222,0,10,10,0.00,0.0001,0.0000,3.9468,5.8726,0.0000,-0.1575,0.4425,0.0360
2026-05-06 18:03:48.722,0,10,10,0.00,0.0003,0.0000,3.9468,5.8726,0.0000,-0.1575,0.4425,0.0360
2026-05-06 18:03:49.222,0,10,10,0.00,-0.0001,0.0000,3.9468,5.8726,0.0000,-0.1575,0.4425,0.0360
2026-05-06 18:03:49.722,0,10,10,0.00,0.0001,0.0001,3.9468,5.8726,0.0000,-0.1575,0.4425,0.0360
2026-05-06 18:03:50.222,0,10,10,0.00,-0.0003,0.0000,3.9468,5.8726,0.0000,-0.1575,0.4425,0.0360
2026-05-06 18:03:50.722,0,10,10,0.00,-0.0001,0.0003,3.9468,5.8726,0.0000,-0.1575,0.4425,0.0360
2026-05-06 18:03:51.222,0,10,10,0.00,0.0000,-0.0001,3.9468,5.8726,0.0000,-0.1575,0.4425,0.0360
2026-05-06 18:03:51.722,0,10,10,0.00,0.0001,0.0000,3.9468,5.8726,0.0000,-0.1575,0.4425,0.0360
2026-05-06 18:03:52.222,0,10,10,0.00,0.0003,-0.0016,3.9472,5.8734,0.0000,-0.1575,0.4425,0.0360
2026-05-06 18:03:52.722,0,10,10,0.00,0.0001,-0.0001,3.9472,5.8734,0.0000,-0.1575,0.4425,0.0360
2026-05-06 18:03:53.222,0,10,10,0.00,0.0003,0.0001,3.9472,5.8734,0.0000,-0.1575,0.4425,0.0360
2026-05-06 18:03:53.722,0,10,10,0.00,0.0000,0.0000,3.9472,5.8734,0.0000,-0.1575,0.4425,0.0360
2026-05-06 18:03:54.222,0,10,10,0.00,0.0000,-0.0001,3.9472,5.8734,0.0000,-0.1575,0.4425,0.0360
2026-05-06 18:03:54.722,0,10,10,0.00,0.0000,0.0000,3.9472,5.8734,0.0000,-0.1575,0.4425,0.0360
2026-05-06 18:03:55.222,0,10,10,0.00,0.0000,0.0000,3.9472,5.8734,0.0000,-0.1575,0.4425,0.0360
2026-05-06 18:03:55.722,0,10,10,0.00,-0.0001,0.0000,3.9472,5.8734,0.0000,-0.1575,0.4425,0.0360
2026-05-06 18:03:56.222,0,10,10,0.00,0.0000,0.0000,3.9472,5.8734,0.0000,-0.1575,0.4425,0.0360
2026-05-06 18:03:56.722,0,10,10,0.00,-0.0001,0.0004,3.9472,5.8734,0.0000,-0.1575,0.4425,0.0360
2026-05-06 18:03:57.222,0,10,10,0.00,-0.0003,-0.0001,3.9472,5.8734,0.0000,-0.1575,0.4425,0.0360
2026-05-06 18:03:57.722,0,10,10,0.00,-0.0001,0.0000,3.9472,5.8734,0.0000,-0.1575,0.4425,0.0360
2026-05-06 18:03:58.222,0,10,10,0.00,0.0000,-0.0001,3.9472,5.8734,0.0000,-0.1575,0.4425,0.0360
2026-05-06 18:03:58.722,0,10,10,0.00,0.0000,-0.0003,3.9472,5.8734,0.0000,-0.1575,0.4425,0.0360
2026-05-06 18:03:59.222,0,10,10,0.00,0.0000,0.0000,3.9472,5.8734,0.0000,-0.1575,0.4425,0.0360
2026-05-06 18:03:59.722,0,10,10,0.00,0.0000,0.0000,3.9472,5.8734,0.0000,-0.1575,0.4425,0.0360
2026-05-06 18:04:00.222,0,10,10,0.00,0.0000,-0.0001,3.9472,5.8734,0.0000,-0.1575,0.4425,0.0360
2026-05-06 18:04:00.722,0,10,10,0.00,0.0001,0.0000,3.9472,5.8734,0.0000,-0.1575,0.4425,0.0360
2026-05-06 18:04:01.222,0,10,10,0.00,0.0000,-0.0001,3.9472,5.8734,0.0000,-0.1575,0.4425,0.0360
2026-05-06 18:04:01.722,0,10,10,0.00,0.0004,0.0001,3.9472,5.8734,0.0000,-0.1575,0.4425,0.0360
2026-05-06 18:04:02.222,0,10,10,0.00,0.0001,0.0000,3.9472,5.8734,0.0000,-0.1575,0.4425,0.0360
2026-05-06 18:04:02.722,0,10,10,0.00,-0.0001,0.0000,3.9472,5.8734,0.0000,-0.1575,0.4425,0.0360
2026-05-06 18:04:03.222,0,10,10,0.00,0.0000,-0.0005,3.9472,5.8734,0.0000,-0.1575,0.4425,0.0360
2026-05-06 18:04:03.722,0,10,10,0.00,0.0000,0.0000,3.9472,5.8734,0.0000,-0.1575,0.4425,0.0360
2026-05-06 18:04:04.222,0,10,10,0.00,0.0000,0.0000,3.9472,5.8734,0.0000,-0.1575,0.4425,0.0360
2026-05-06 18:04:04.722,0,10,10,0.00,0.0000,0.0000,3.9472,5.8734,0.0000,-0.1575,0.4425,0.0360
2026-05-06 18:04:05.222,0,10,10,0.00,0.0000,0.0003,3.9472,5.8734,0.0000,-0.1575,0.4425,0.0360
2026-05-06 18:04:05.722,0,10,10,0.00,0.0001,0.0001,3.9472,5.8734,0.0000,-0.1575,0.4425,0.0360
2026-05-06 18:04:06.222,0,10,10,0.00,0.0000,-0.0003,3.9472,5.8734,0.0000,-0.1575,0.4425,0.0360
2026-05-06 18:04:06.722,0,10,10,0.00,0.0000,0.0000,3.9472,5.8734,0.0000,-0.1575,0.4425,0.0360
2026-05-06 18:04:07.222,0,10,10,0.00,0.0000,0.0000,3.9472,5.8734,0.0000,-0.1575,0.4425,0.0360
2026-05-06 18:04:07.722,0,10,10,0.00,-0.0003,0.0000,3.9472,5.8734,0.0000,-0.1575,0.4425,0.0360
2026-05-06 18:04:08.222,0,10,10,0.00,0.0000,0.0000,3.9472,5.8734,0.0000,-0.1575,0.4425,0.0360
2026-05-06 18:04:08.722,0,10,10,0.00,-0.0001,0.0000,3.9472,5.8734,0.0000,-0.1575,0.4425,0.0360
2026-05-06 18:04:09.222,0,10,10,0.00,0.0001,-0.0001,3.9472,5.8734,0.0000,-0.1575,0.4425,0.0360
2026-05-06 18:04:09.722,0,10,10,0.00,0.0005,0.0000,3.9472,5.8734,0.0000,-0.1575,0.4425,0.0360
2026-05-06 18:04:10.222,0,10,10,0.00,-0.0001,0.0000,3.9472,5.8734,0.0000,-0.1575,0.4425,0.0360
2026-05-06 18:04:10.722,0,10,10,0.00,0.0000,0.0005,3.9472,5.8734,0.0000,-0.1575,0.4425,0.0360
2026-05-06 18:04:11.223,0,10,10,0.00,0.0000,0.0000,3.9472,5.8734,0.0000,-0.1575,0.4425,0.0360
2026-05-06 18:04:11.722,0,10,10,0.00,-0.0003,0.0000,3.9472,5.8734,0.0000,-0.1575,0.4425,0.0360
2026-05-06 18:04:12.222,0,10,10,0.00,0.0000,0.0000,3.9472,5.8734,0.0000,-0.1575,0.4425,0.0360
2026-05-06 18:04:12.722,0,10,10,0.00,0.0000,0.0000,3.9472,5.8734,0.0000,-0.1575,0.4425,0.0360
2026-05-06 18:04:13.222,0,10,10,0.00,-0.0003,-0.0001,3.9472,5.8734,0.0000,-0.1575,0.4425,0.0360
2026-05-06 18:04:13.722,0,10,10,0.00,-0.0001,-0.0001,3.9472,5.8734,0.0000,-0.1575,0.4425,0.0360
2026-05-06 18:04:14.222,0,10,10,0.00,0.0000,0.0000,3.9472,5.8734,0.0000,-0.1575,0.4425,0.0360
2026-05-06 18:04:14.722,0,10,10,0.00,0.0000,0.0004,3.9472,5.8734,0.0000,-0.1575,0.4425,0.0360
2026-05-06 18:04:15.222,0,10,10,0.00,0.0000,0.0000,3.9472,5.8734,0.0000,-0.1575,0.4425,0.0360
2026-05-06 18:04:15.722,0,10,10,0.00,0.0000,0.0001,3.9472,5.8734,0.0000,-0.1575,0.4425,0.0360
2026-05-06 18:04:16.222,0,10,10,0.00,0.0000,0.0000,3.9472,5.8734,0.0000,-0.1575,0.4425,0.0360
2026-05-06 18:04:16.722,0,10,10,0.00,0.0003,0.0001,3.9472,5.8734,0.0000,-0.1575,0.4425,0.0360
2026-05-06 18:04:17.222,0,10,10,0.00,-0.0001,-0.0001,3.9472,5.8734,0.0000,-0.1575,0.4425,0.0360
2026-05-06 18:04:17.722,0,10,10,0.00,-0.0003,0.0003,3.9472,5.8734,0.0000,-0.1575,0.4425,0.0360
2026-05-06 18:04:18.222,0,10,10,0.00,0.0000,0.0001,3.9472,5.8734,0.0000,-0.1575,0.4425,0.0360
2026-05-06 18:04:18.722,0,10,10,0.00,0.0000,0.0000,3.9472,5.8734,0.0000,-0.1575,0.4425,0.0360
2026-05-06 18:04:19.222,0,10,10,0.00,0.0000,0.0000,3.9472,5.8734,0.0000,-0.1575,0.4425,0.0360
2026-05-06 18:04:19.722,0,10,10,0.00,0.0000,0.0000,3.9472,5.8734,0.0000,-0.1575,0.4425,0.0360
2026-05-06 18:04:20.222,0,10,10,0.00,0.0000,-0.0003,3.9472,5.8734,0.0000,-0.1575,0.4425,0.0360
2026-05-06 18:04:20.722,0,10,10,0.00,-0.0003,0.0000,3.9472,5.8734,0.0000,-0.1575,0.4425,0.0360
2026-05-06 18:04:21.222,0,10,10,0.00,0.0003,0.0001,3.9472,5.8734,0.0000,-0.1575,0.4425,0.0360
2026-05-06 18:04:21.722,0,10,10,0.00,0.0000,-0.0001,3.9472,5.8734,0.0000,-0.1575,0.4425,0.0360
2026-05-06 18:04:22.222,0,10,10,0.00,0.0000,0.0000,3.9472,5.8734,0.0000,-0.1575,0.4425,0.0360
2026-05-06 18:04:22.722,0,10,10,0.00,0.0000,-0.0001,3.9472,5.8734,0.0000,-0.1575,0.4425,0.0360
2026-05-06 18:04:23.222,0,10,10,0.00,0.0000,0.0003,3.9472,5.8734,0.0000,-0.1575,0.4425,0.0360
2026-05-06 18:04:23.722,0,10,10,0.00,0.0001,0.0001,3.9472,5.8734,0.0000,-0.1575,0.4425,0.0360
2026-05-06 18:04:24.222,0,10,10,0.00,0.0001,0.0000,3.9472,5.8734,0.0000,-0.1575,0.4425,0.0360
2026-05-06 18:04:24.722,0,10,10,0.00,0.0000,0.0000,3.9472,5.8734,0.0000,-0.1575,0.4425,0.0360
2026-05-06 18:04:25.223,0,10,10,0.00,0.0000,0.0003,3.9472,5.8734,0.0000,-0.1575,0.4425,0.0360
2026-05-06 18:04:25.722,0,10,10,0.00,0.0000,0.0000,3.9472,5.8734,0.0000,-0.1575,0.4425,0.0360
2026-05-06 18:04:26.222,0,10,10,0.00,0.0000,0.0000,3.9472,5.8734,0.0000,-0.1575,0.4425,0.0360
2026-05-06 18:04:26.722,0,10,10,0.00,0.0000,0.0000,3.9472,5.8734,0.0000,-0.1575,0.4425,0.0360
2026-05-06 18:04:27.222,0,10,10,0.00,0.0001,0.0003,3.9472,5.8734,0.0000,-0.1575,0.4425,0.0360
2026-05-06 18:04:27.722,0,10,10,0.00,0.0001,0.0000,3.9472,5.8734,0.0000,-0.1575,0.4425,0.0360
2026-05-06 18:04:28.222,0,10,10,0.00,-0.0003,0.0000,3.9472,5.8734,0.0000,-0.1575,0.4425,0.0360
2026-05-06 18:04:28.723,0,10,10,0.00,-0.0001,0.0000,3.9472,5.8734,0.0000,-0.1575,0.4425,0.0360
2026-05-06 18:04:29.222,0,10,10,0.00,-0.0001,0.0001,3.9472,5.8734,0.0000,-0.1575,0.4425,0.0360
2026-05-06 18:04:29.722,0,10,10,0.00,0.0000,0.0000,3.9472,5.8734,0.0000,-0.1575,0.4425,0.0360
2026-05-06 18:04:30.222,0,10,10,0.00,-0.0001,0.0000,3.9472,5.8734,0.0000,-0.1575,0.4425,0.0360
2026-05-06 18:04:30.722,0,10,10,0.00,0.0001,0.0000,3.9472,5.8734,0.0000,-0.1575,0.4425,0.0360
2026-05-06 18:04:31.222,0,10,10,0.00,0.0000,0.0001,3.9472,5.8734,0.0000,-0.1575,0.4425,0.0360
2026-05-06 18:04:31.722,0,10,10,0.00,-0.0001,0.0000,3.9472,5.8734,0.0000,-0.1575,0.4425,0.0360
2026-05-06 18:04:32.222,0,10,10,0.00,0.0000,-0.0001,3.9472,5.8734,0.0000,-0.1575,0.4425,0.0360
2026-05-06 18:04:32.722,0,10,10,0.00,0.0000,0.0000,3.9472,5.8734,0.0000,-0.1575,0.4425,0.0360
2026-05-06 18:04:33.222,0,10,10,0.00,-0.0001,0.0000,3.9472,5.8734,0.0000,-0.1575,0.4425,0.0360
2026-05-06 18:04:33.722,0,10,10,0.00,0.0000,0.0001,3.9472,5.8734,0.0000,-0.1575,0.4425,0.0360
2026-05-06 18:04:34.222,0,10,10,0.00,0.0001,-0.0001,3.9475,5.8738,0.0000,-0.1575,0.4425,0.0360
2026-05-06 18:04:34.722,0,10,10,0.00,0.0001,0.0000,3.9475,5.8738,0.0000,-0.1575,0.4425,0.0360
2026-05-06 18:04:35.222,0,10,10,0.00,-0.0001,0.0003,3.9475,5.8738,0.0000,-0.1575,0.4425,0.0360
2026-05-06 18:04:35.722,0,10,10,0.00,0.0000,0.0001,3.9475,5.8738,0.0000,-0.1575,0.4425,0.0360
2026-05-06 18:04:36.222,0,10,10,0.00,0.0003,0.0000,3.9475,5.8738,0.0000,-0.1575,0.4425,0.0360
2026-05-06 18:04:36.722,0,10,10,0.00,0.0000,0.0000,3.9475,5.8738,0.0000,-0.1575,0.4425,0.0360
2026-05-06 18:04:37.222,0,10,10,0.00,0.0001,0.0000,3.9475,5.8738,0.0000,-0.1575,0.4425,0.0360
2026-05-06 18:04:37.722,0,10,10,0.00,0.0003,0.0000,3.9475,5.8738,0.0000,-0.1575,0.4425,0.0360
2026-05-06 18:04:38.222,0,10,10,0.00,0.0004,-0.0001,3.9475,5.8738,0.0000,-0.1575,0.4425,0.0360
2026-05-06 18:04:38.722,0,10,10,0.00,0.0000,0.0000,3.9475,5.8738,0.0000,-0.1575,0.4425,0.0360
2026-05-06 18:04:39.223,0,10,10,0.00,0.0000,-0.0001,3.9475,5.8738,0.0000,-0.1575,0.4425,0.0360
2026-05-06 18:04:39.722,0,10,10,0.00,0.0000,0.0000,3.9475,5.8738,0.0000,-0.1575,0.4425,0.0360
2026-05-06 18:04:40.222,0,10,10,0.00,-0.0001,0.0000,3.9475,5.8738,0.0000,-0.1575,0.4425,0.0360
2026-05-06 18:04:40.722,0,10,10,0.00,0.0137,0.0000,3.9477,5.8741,0.0000,-0.1575,0.4425,0.0360
2026-05-06 18:04:41.222,0,10,10,0.00,0.0000,0.0000,3.9491,5.8763,0.0000,-0.1575,0.4425,0.0360
2026-05-06 18:04:41.722,0,10,10,0.00,0.0001,0.0003,3.9491,5.8763,0.0000,-0.1575,0.4425,0.0360
2026-05-06 18:04:42.222,0,10,10,0.00,-0.0001,0.0000,3.9491,5.8763,0.0000,-0.1575,0.4425,0.0360
2026-05-06 18:04:42.722,0,10,10,0.00,0.0000,-0.0003,3.9491,5.8763,0.0000,-0.1575,0.4425,0.0360
2026-05-06 18:04:43.222,0,10,10,0.00,0.0001,0.0001,3.9491,5.8763,0.0000,-0.1575,0.4425,0.0360
2026-05-06 18:04:43.722,0,10,10,0.00,0.0003,0.0001,3.9491,5.8763,0.0000,-0.1575,0.4425,0.0360
2026-05-06 18:04:44.222,0,10,10,0.00,-0.0001,-0.0001,3.9491,5.8763,0.0000,-0.1575,0.4425,0.0360
2026-05-06 18:04:44.722,0,10,10,0.00,-0.0003,0.0000,3.9491,5.8763,0.0000,-0.1575,0.4425,0.0360
2026-05-06 18:04:45.223,0,10,10,0.00,0.0000,0.0000,3.9491,5.8763,0.0000,-0.1575,0.4425,0.0360
2026-05-06 18:04:45.722,0,7,10,0.00,-0.0004,0.0000,3.9491,5.8763,0.0000,-0.1575,0.4425,0.0360
2026-05-06 18:04:46.223,0,1,10,0.00,-0.0005,0.0000,3.9491,5.8763,0.0000,-0.1575,0.4425,-0.0972
2026-05-06 18:04:46.722,0,10,10,0.00,0.0000,-0.0004,3.9491,5.8763,0.0000,-0.1575,0.4425,-0.0972
2026-05-06 18:04:47.222,0,10,10,0.00,0.0001,0.0000,3.9491,5.8763,0.0000,-0.1575,0.4425,-0.0972
2026-05-06 18:04:47.722,0,10,10,0.00,0.0000,-0.0001,3.9491,5.8763,0.0000,-0.1575,0.4425,-0.0972
2026-05-06 18:04:48.222,0,10,10,0.00,0.0000,0.0000,3.9491,5.8763,0.0000,-0.1575,0.4425,-0.0972
2026-05-06 18:04:48.722,0,10,10,0.00,0.0000,-0.0003,3.9491,5.8763,0.0000,-0.1575,0.4425,-0.0972
2026-05-06 18:04:49.222,0,10,10,0.00,0.0001,0.0000,3.9491,5.8763,0.0000,-0.1575,0.4425,-0.0972
2026-05-06 18:04:49.723,0,10,10,0.00,0.0847,-0.0046,3.9553,5.8869,0.0000,-0.1575,0.4425,-0.0972
2026-05-06 18:04:50.222,0,10,10,0.00,-0.0016,-0.0001,3.9566,5.8893,0.0000,-0.1575,0.4425,2.8828
2026-05-06 18:04:50.723,0,10,10,0.00,-0.0005,0.0000,3.9566,5.8893,0.0000,-0.1575,0.4425,2.8828
2026-05-06 18:04:51.222,0,10,10,0.00,0.0001,0.0000,3.9566,5.8893,0.0000,-0.1575,0.4425,2.8828
2026-05-06 18:04:51.723,0,10,10,0.00,0.0001,0.0000,3.9566,5.8893,0.0000,-0.1575,0.4425,2.8828
2026-05-06 18:04:52.222,0,10,10,0.00,-0.0001,0.0003,3.9566,5.8893,0.0000,-0.1575,0.4425,2.8828
2026-05-06 18:04:52.723,0,10,10,0.00,-0.1575,0.0915,3.9406,5.8616,0.0000,-0.1575,0.4425,1.4891
2026-05-06 18:04:53.223,0,10,10,0.00,-0.1579,0.3128,3.8919,5.7768,0.0000,-0.1575,0.4425,0.3088
2026-05-06 18:04:53.722,0,10,10,0.00,-0.1551,0.4464,3.8413,5.6495,0.0000,-0.1575,0.4425,9.5510
2026-05-06 18:04:54.222,0,9,10,0.00,-0.1556,0.4470,3.8202,5.4982,0.0000,-0.1575,0.4425,25.9597
2026-05-06 18:04:54.722,0,10,10,0.00,-0.1618,0.4407,3.8379,5.3493,0.0000,-0.1632,0.4368,42.0161
2026-05-06 18:04:55.222,0,10,10,0.00,-0.1986,0.4057,3.8897,5.2090,0.0000,-0.2045,0.3955,56.2221
2026-05-06 18:04:55.722,0,10,10,0.00,-0.2571,0.3859,3.9673,5.0770,0.0000,-0.3652,0.3520,66.8005
2026-05-06 18:04:56.222,0,10,10,0.00,-0.3962,0.2143,4.0565,4.9455,0.0000,-0.3957,0.2043,71.1293
2026-05-06 18:04:56.722,0,10,10,0.00,-0.3926,0.2177,4.1211,4.8150,0.0000,-0.4240,0.3328,60.7889
2026-05-06 18:04:57.222,0,10,10,0.00,-0.5493,0.3986,4.1801,4.6245,0.0000,-0.7894,0.8000,51.7591
2026-05-06 18:04:57.723,0,10,10,0.00,-0.7066,0.5729,4.2284,4.3465,0.0000,-0.7081,0.8001,44.1552
2026-05-06 18:04:58.222,0,10,10,0.00,-0.5024,0.5614,4.2545,4.0397,0.0000,-0.3407,0.5096,37.6762
2026-05-06 18:04:58.722,0,10,10,0.00,-0.3321,0.4597,4.2829,3.8296,0.0000,-0.3663,0.4943,41.1809
2026-05-06 18:04:59.222,0,10,10,0.00,-0.4935,0.5877,4.3415,3.6003,0.0000,-0.7734,0.8000,48.6598
2026-05-06 18:04:59.722,0,10,10,0.00,-0.6523,0.7480,4.4438,3.3027,0.0000,-0.7991,0.8000,53.0463
2026-05-06 18:05:00.222,0,10,10,0.00,-0.7981,0.7990,4.5939,2.9534,0.0000,-0.8000,0.7781,58.0985
2026-05-06 18:05:00.723,0,10,10,0.00,-0.8091,0.7583,4.7374,2.6063,0.0000,-0.7640,0.8000,53.8789
2026-05-06 18:05:01.222,0,10,10,0.00,-0.6932,0.9201,4.8914,2.2424,0.0000,-0.1983,0.4017,17.4818
2026-05-06 18:05:01.727,0,10,10,0.00,-0.6932,0.9201,5.1153,1.9070,0.0000,-0.1709,0.4291,5.4287
2026-05-06 18:05:02.222,0,10,10,0.00,-0.6932,0.9201,5.4006,1.6231,0.0000,-0.1619,0.4381,5.4727
2026-05-06 18:05:02.723,0,10,10,0.00,-0.6932,0.9201,5.7360,1.4013,0.0000,-0.1589,0.4411,5.4847
2026-05-06 18:05:03.222,0,10,10,0.00,-0.6932,0.9201,6.1097,1.2498,0.0000,-0.1580,0.4420,5.4791
2026-05-06 18:05:03.723,0,10,10,0.00,-0.6932,0.9201,6.5050,1.1754,0.0000,-0.1577,0.4423,5.4794
2026-05-06 18:05:04.222,0,10,10,0.00,-0.6932,0.9201,6.9077,1.1805,0.0000,-0.1576,0.4424,5.4842
2026-05-06 18:05:04.723,0,10,10,0.00,-0.6932,0.9201,7.3017,1.2652,0.0000,-0.3491,0.2509,5.4985
2026-05-06 18:05:05.222,0,10,10,0.00,-0.6932,0.9201,7.6703,1.4258,0.0000,-0.4119,0.1881,5.5134
2026-05-06 18:05:05.722,0,10,10,0.00,-0.6932,0.9201,8.0008,1.6566,0.0000,-0.4325,0.1675,5.5571
2026-05-06 18:05:06.223,0,10,10,0.00,-0.6932,0.9201,8.2787,1.9479,0.0000,-0.4392,0.1608,10.1640
2026-05-06 18:05:06.722,0,10,10,0.00,-0.6932,0.9201,8.4936,2.2882,0.0000,-0.4414,0.1586,29.2441
2026-05-06 18:05:07.222,0,10,10,0.00,-0.6932,0.9201,8.6369,2.6643,0.0000,-0.2505,0.3495,56.6887
2026-05-06 18:05:07.727,0,10,10,0.00,-0.6932,0.9201,8.7032,3.0619,0.0000,-0.1880,0.4120,75.8142
2026-05-06 18:05:08.222,0,10,10,0.00,-0.6932,0.9201,8.6895,3.4641,0.0000,-0.1675,0.4325,77.8194
2026-05-06 18:05:08.722,0,10,10,0.00,-0.6932,0.9201,8.5968,3.8556,0.0000,-0.1608,0.4392,77.5221
2026-05-06 18:05:09.222,0,10,10,0.00,-0.6932,0.9201,8.4282,4.2214,0.0000,-0.1586,0.4414,77.4801
2026-05-06 18:05:09.723,0,10,10,0.00,-0.6932,0.9201,8.1906,4.5468,0.0000,-0.1579,0.4421,77.4411
2026-05-06 18:05:10.222,0,10,10,0.00,-0.6932,0.9201,7.8933,4.8188,0.0000,-0.1576,0.4424,77.4708
2026-05-06 18:05:10.723,0,10,10,0.00,-0.6932,0.9201,7.5486,5.0263,0.0000,-0.1575,0.4425,77.4810
2026-05-06 18:05:11.222,0,10,10,0.00,-0.6932,0.9201,7.1694,5.1617,0.0000,-0.1575,0.4425,77.6519
2026-05-06 18:05:11.723,0,10,10,0.00,-0.6932,0.9201,6.7706,5.2195,0.0000,-0.1575,0.4425,77.7696
2026-05-06 18:05:12.222,0,10,10,0.00,-0.6932,0.9201,6.3690,5.1974,0.0000,-0.1575,0.4425,77.7769
2026-05-06 18:05:12.722,0,10,10,0.00,-0.6932,0.9201,5.9790,5.0962,0.0000,-0.1575,0.4425,77.7402
2026-05-06 18:05:13.223,0,10,10,0.00,-0.6932,0.9201,5.6173,4.9202,0.0000,-0.1575,0.4425,77.7151
2026-05-06 18:05:13.723,0,10,10,0.00,-0.6932,0.9201,5.2968,4.6756,0.0000,-0.1575,0.4425,77.5417
2026-05-06 18:05:14.223,0,10,10,0.00,-0.6932,0.9201,5.0316,4.3731,0.0000,-0.1575,0.4425,77.5663
2026-05-06 18:05:14.723,0,10,10,0.00,-0.6932,0.9201,4.8313,4.0242,0.0000,-0.1575,0.4425,77.5769
2026-05-06 18:05:15.222,0,10,10,0.00,-0.6932,0.9201,4.7038,3.6423,0.0000,-0.1575,0.4425,77.4370
2026-05-06 18:05:15.722,0,10,10,0.00,-0.6932,0.9201,4.6543,3.2426,0.0000,-0.1575,0.4425,77.2784
2026-05-06 18:05:16.222,0,10,10,0.00,-0.6932,0.9201,4.6848,2.8411,0.0000,-0.1575,0.4425,77.2787
2026-05-06 18:05:16.723,0,10,10,0.00,-0.6932,0.9201,4.7941,2.4535,0.0000,-0.1575,0.4425,77.2621
2026-05-06 18:05:17.223,0,8,10,0.00,-0.0003,0.0000,4.9152,2.1989,0.0000,-0.1575,0.4425,77.2402
2026-05-06 18:05:17.722,0,0,10,0.00,-0.0003,0.0000,4.9152,2.1989,0.0000,-0.1575,0.4425,77.2736
2026-05-06 18:05:18.222,0,0,10,0.00,-0.0003,0.0000,4.9152,2.1989,0.0000,-0.1575,0.4425,77.3543
2026-05-06 18:05:18.722,0,6,10,0.00,-0.0729,0.0372,4.9189,2.1922,0.0000,-0.2031,0.3969,77.3282
2026-05-06 18:05:19.223,0,9,10,0.00,-0.1754,0.2478,4.9545,2.1254,0.0000,-0.1724,0.4276,77.1047
2026-05-06 18:05:19.723,0,10,10,0.00,-0.1631,0.3779,5.0180,2.0231,0.0000,-0.1624,0.4376,80.2966
2026-05-06 18:05:20.222,0,10,10,0.00,-0.1568,0.4592,5.1130,1.9191,0.0000,-0.1591,0.4409,91.8469
2026-05-06 18:05:20.722,0,10,10,0.00,-0.1590,0.4384,5.2389,1.8355,0.0000,-0.1580,0.4420,107.2359
2026-05-06 18:05:21.222,0,10,10,0.00,-0.1632,0.4321,5.3801,1.7859,0.0000,-0.1595,0.4405,121.8109
2026-05-06 18:05:21.722,0,10,10,0.00,-0.1632,0.4321,5.5281,1.7711,0.0000,-0.1581,0.4419,130.9891
2026-05-06 18:05:22.222,0,10,10,0.00,-0.1632,0.4321,5.6751,1.7913,0.0000,-0.1577,0.4423,131.6439
2026-05-06 18:05:22.722,0,10,10,0.00,0.0000,-0.0001,5.7596,1.8197,0.0000,-0.1576,0.4424,131.6840
2026-05-06 18:05:23.223,0,10,10,0.00,0.0000,0.0001,5.7596,1.8197,0.0000,-0.1575,0.4425,131.6840
2026-05-06 18:05:23.722,0,10,10,0.00,0.0000,0.0003,5.7596,1.8197,0.0000,-0.1575,0.4425,131.6813
2026-05-06 18:05:24.222,0,10,10,0.00,0.0000,-0.0001,5.7596,1.8197,0.0000,-0.1575,0.4425,131.6813
2026-05-06 18:05:24.722,0,10,10,0.00,0.0000,0.0001,5.7596,1.8197,0.0000,-0.1575,0.4425,131.6813
2026-05-06 18:05:25.222,0,10,10,0.00,0.0000,-0.0001,5.7596,1.8197,0.0000,-0.1575,0.4425,131.6813
2026-05-06 18:05:25.723,0,10,10,0.00,0.0000,0.0000,5.7596,1.8197,0.0000,-0.1575,0.4425,131.6813
2026-05-06 18:05:26.222,0,10,10,0.00,0.0001,0.0001,5.7596,1.8197,0.0000,-0.1575,0.4425,131.6813
2026-05-06 18:05:26.722,0,10,10,0.00,0.0000,0.0000,5.7596,1.8197,0.0000,-0.1575,0.4425,131.6813
2026-05-06 18:05:27.222,0,10,10,0.00,0.0000,-0.0001,5.7596,1.8197,0.0000,-0.1575,0.4425,131.6813
2026-05-06 18:05:27.722,0,10,10,0.00,-0.0001,0.0000,5.7596,1.8197,0.0000,-0.1575,0.4425,131.6813
2026-05-06 18:05:28.222,0,10,10,0.00,-0.0001,0.0000,5.7596,1.8197,0.0000,-0.1575,0.4425,131.6813
2026-05-06 18:05:28.722,0,10,10,0.00,0.0001,-0.0001,5.7596,1.8197,0.0000,-0.1575,0.4425,131.6813
2026-05-06 18:05:29.222,0,10,10,0.00,0.0000,0.0000,5.7596,1.8197,0.0000,-0.1575,0.4425,131.6813
2026-05-06 18:05:29.722,0,10,10,0.00,0.0003,0.0000,5.7596,1.8197,0.0000,-0.1575,0.4425,131.6813
2026-05-06 18:05:30.222,0,10,10,0.00,0.0000,0.0000,5.7596,1.8197,0.0000,-0.1575,0.4425,131.6813
2026-05-06 18:05:30.723,0,10,10,0.00,0.0000,0.0003,5.7596,1.8197,0.0000,-0.1575,0.4425,131.6813
2026-05-06 18:05:31.222,0,7,10,0.00,-0.0001,0.0001,5.7596,1.8197,0.0000,-0.1575,0.4425,131.6813
2026-05-06 18:05:31.722,0,0,10,0.00,-0.0001,0.0001,5.7596,1.8197,0.0000,-0.1575,0.4425,131.6813
2026-05-06 18:05:32.222,0,0,10,0.00,-0.0001,0.0001,5.7596,1.8197,0.0000,-0.1575,0.4425,131.6813
2026-05-06 18:05:32.722,0,0,10,0.00,-0.0001,0.0001,5.7596,1.8197,0.0000,-0.1575,0.4425,131.6742
2026-05-06 18:05:33.222,0,0,10,0.00,-0.0001,0.0001,5.7596,1.8197,0.0000,-0.1575,0.4425,131.6742
2026-05-06 18:05:33.723,0,0,10,0.00,-0.0001,0.0001,5.7596,1.8197,0.0000,-0.1575,0.4425,131.6922
2026-05-06 18:05:34.222,0,8,10,0.00,0.0000,-0.0001,5.7596,1.8197,0.0000,-0.1575,0.4425,131.5914
2026-05-06 18:05:34.722,0,10,10,0.00,0.0007,0.0001,5.7596,1.8197,0.0000,-0.1575,0.4425,131.5584
2026-05-06 18:05:35.222,0,10,10,0.00,0.1492,-0.0003,5.7381,1.8097,0.0000,-0.1575,0.4425,134.6274
2026-05-06 18:05:35.722,0,10,10,0.00,0.0007,0.0000,5.7147,1.7961,0.0000,-0.1575,0.4425,143.2021
2026-05-06 18:05:36.223,0,10,10,0.00,0.0000,-0.0254,5.7139,1.7955,0.0000,-0.1575,0.4425,143.2021
2026-05-06 18:05:36.722,0,10,10,0.00,0.0014,-0.2034,5.6887,1.7812,0.0000,-0.1575,0.4425,139.2692
2026-05-06 18:05:37.222,0,10,10,0.00,0.0000,-0.3685,5.6180,1.7567,0.0000,-0.1575,0.4425,125.6648
2026-05-06 18:05:37.722,0,10,10,0.00,0.0792,-0.4710,5.5028,1.7561,0.0000,-0.1575,0.4425,105.5714
2026-05-06 18:05:38.222,0,10,10,0.00,0.2376,-0.4593,5.3579,1.8037,0.0000,-0.1575,0.4425,89.2090
2026-05-06 18:05:38.722,0,10,10,0.00,0.3771,-0.4454,5.1900,1.8959,0.0000,-0.1575,0.4425,80.7591
2026-05-06 18:05:39.222,0,9,10,0.00,0.4511,-0.4538,5.0196,2.0012,0.0000,-0.1575,0.4425,80.2545
2026-05-06 18:05:39.722,0,10,10,0.00,0.4470,-0.4513,4.8100,2.1312,0.0000,-0.1575,0.4425,80.2834
2026-05-06 18:05:40.222,0,10,10,0.00,0.4482,-0.4388,4.6205,2.2488,0.0000,-0.1575,0.4425,80.4214
2026-05-06 18:05:40.722,0,10,10,0.00,0.4482,-0.4508,4.4303,2.3659,0.0000,-0.1575,0.4425,80.4460
2026-05-06 18:05:41.222,0,10,10,0.00,0.4511,-0.4533,4.2385,2.4843,0.0000,-0.1575,0.4425,80.2582
2026-05-06 18:05:41.722,0,10,10,0.00,0.4436,-0.4409,4.0497,2.6012,0.0000,-0.1575,0.4425,80.4283
2026-05-06 18:05:42.222,0,10,10,0.00,0.4483,-0.4551,3.8582,2.7192,0.0000,-0.1575,0.4425,80.6097
2026-05-06 18:05:42.722,0,10,10,0.00,0.3701,-0.4444,3.6727,2.8356,0.0000,-0.1575,0.4425,80.3867
2026-05-06 18:05:43.222,0,10,10,0.00,0.2373,-0.4386,3.5426,2.9366,0.0000,-0.1575,0.4425,71.7112
2026-05-06 18:05:43.722,0,10,10,0.00,0.1355,-0.4584,3.4319,3.0623,0.0000,-0.1575,0.4425,61.2559
2026-05-06 18:05:44.222,0,10,10,0.00,0.0099,-0.4088,3.3861,3.1666,0.0000,-0.1575,0.4425,39.8251
2026-05-06 18:05:44.722,0,10,10,0.00,0.1636,-0.4453,3.3784,3.2955,0.0000,-0.1575,0.4425,21.2351
2026-05-06 18:05:45.222,0,10,10,0.00,0.3233,-0.4233,3.4100,3.4710,0.0000,-0.1575,0.4425,9.0813
2026-05-06 18:05:45.722,0,10,10,0.00,0.4517,-0.4486,3.4671,3.6714,0.0000,-0.1575,0.4425,6.7349
2026-05-06 18:05:46.223,0,10,10,0.00,0.3453,-0.4435,3.5280,3.8798,0.0000,-0.1575,0.4425,7.0482
2026-05-06 18:05:46.722,0,10,10,0.00,0.3987,-0.4575,3.5965,4.0606,0.0000,-0.2601,0.3399,0.3275
2026-05-06 18:05:47.222,0,10,10,0.00,0.4464,-0.4161,3.6863,4.2650,0.0000,-0.3827,0.2173,-0.5603
2026-05-06 18:05:47.722,0,10,10,0.00,0.1517,-0.0847,3.7424,4.4013,0.0000,-0.4229,0.1771,0.9511
2026-05-06 18:05:48.222,0,10,10,0.00,0.2627,-0.1787,3.7655,4.4681,0.0000,-0.4361,0.1639,3.7952
2026-05-06 18:05:48.722,0,10,10,0.00,-0.0004,-0.0463,3.7876,4.5397,0.0000,-0.3013,0.2987,5.7714
2026-05-06 18:05:49.222,0,10,10,0.00,0.0000,-0.0615,3.7889,4.5435,0.0000,-0.3437,0.2563,4.5387
2026-05-06 18:05:49.722,0,10,10,0.00,0.0000,0.0001,3.7906,4.5485,0.0000,-0.4101,0.1899,3.4292
2026-05-06 18:05:50.222,0,10,10,0.00,0.0000,0.0000,3.7906,4.5485,0.0000,-0.4319,0.1681,3.4292
2026-05-06 18:05:50.722,0,10,10,0.00,0.0000,0.0001,3.7906,4.5485,0.0000,-0.4390,0.1610,3.4292
2026-05-06 18:05:51.222,0,10,10,0.00,0.0000,0.0000,3.7906,4.5485,0.0000,-0.4414,0.1586,3.4292
2026-05-06 18:05:51.723,0,10,10,0.00,0.0001,0.0000,3.7906,4.5485,0.0000,-0.4421,0.1579,3.4292
2026-05-06 18:05:52.222,0,10,10,0.00,0.0000,0.0000,3.7906,4.5485,0.0000,-0.4424,0.1576,3.4292
2026-05-06 18:05:52.722,0,10,10,0.00,0.0000,0.0000,3.7906,4.5485,0.0000,-0.4425,0.1575,3.4292
2026-05-06 18:05:53.222,0,10,10,0.00,0.0000,0.0000,3.7906,4.5485,0.0000,-0.4425,0.1575,3.4292
2026-05-06 18:05:53.722,0,10,10,0.00,-0.0001,0.0000,3.7906,4.5485,0.0000,-0.4425,0.1575,3.4292
2026-05-06 18:05:54.222,0,10,10,0.00,-0.0001,-0.0001,3.7906,4.5485,0.0000,-0.4425,0.1575,3.4292
2026-05-06 18:05:54.722,0,10,10,0.00,0.0000,0.0003,3.7906,4.5485,0.0000,-0.4425,0.1575,3.4292
2026-05-06 18:05:55.222,0,10,10,0.00,0.0000,-0.0001,3.7906,4.5485,0.0000,-0.4425,0.1575,3.4292
2026-05-06 18:05:55.722,0,10,10,0.00,0.0000,0.0000,3.7906,4.5485,0.0000,-0.4425,0.1575,3.4292
2026-05-06 18:05:56.222,0,10,10,0.00,-0.0001,0.0000,3.7906,4.5485,0.0000,-0.4425,0.1575,3.4292
2026-05-06 18:05:56.722,0,10,10,0.00,0.0000,0.0003,3.7906,4.5485,0.0000,-0.4425,0.1575,3.4292
2026-05-06 18:05:57.222,0,10,10,0.00,0.0000,0.0000,3.7906,4.5485,0.0000,-0.4425,0.1575,3.4292
2026-05-06 18:05:57.722,0,10,10,0.00,0.0001,-0.0003,3.7906,4.5485,0.0000,-0.4425,0.1575,3.4292
2026-05-06 18:05:58.222,0,10,10,0.00,0.0000,0.0001,3.7906,4.5485,0.0000,-0.4425,0.1575,3.4292
2026-05-06 18:05:58.722,0,10,10,0.00,-0.0001,0.0001,3.7906,4.5485,0.0000,-0.4425,0.1575,3.4292
2026-05-06 18:05:59.222,0,10,10,0.00,0.0003,0.0000,3.7906,4.5485,0.0000,-0.4425,0.1575,3.4292
2026-05-06 18:05:59.722,0,10,10,0.00,0.0000,0.0000,3.7906,4.5485,0.0000,-0.4425,0.1575,3.4292
2026-05-06 18:06:00.222,0,10,10,0.00,0.0000,0.0000,3.7906,4.5485,0.0000,-0.4425,0.1575,3.4292
