Timestamp,IMU_Packages_per_sec,Odom_Packages_per_sec,Send_Packages_per_sec,Yaw_Angle,Left_Velocity_mps,Right_Velocity_mps,x,y,quaternion_yaw,Left_Velocity_LOS,Right_Velocity_LOS,theta_yaw
2026-05-20 18:36:47.504,0,8,9,0.00,0.0001,0.0001,0.0000,0.0000,0.0000,0.0000,0.0000,0.0000
2026-05-20 18:36:48.004,0,10,10,0.00,0.0000,0.0000,0.0000,0.0000,0.0000,0.0000,0.0000,0.0000
2026-05-20 18:36:48.504,0,10,10,0.00,-0.0001,0.0000,0.0000,0.0000,0.0000,0.0000,0.0000,0.0000
2026-05-20 18:36:49.004,0,10,10,0.00,0.0001,0.0000,0.0000,0.0000,0.0000,0.0000,0.0000,0.0000
2026-05-20 18:36:49.504,0,10,10,0.00,0.0000,0.0000,0.0000,0.0000,0.0000,0.0000,0.0000,0.0000
2026-05-20 18:36:50.004,0,10,10,0.00,-0.0001,0.0001,0.0000,0.0000,0.0000,-0.0000,0.0000,0.0000
2026-05-20 18:36:50.504,0,10,10,0.00,0.0001,0.0000,0.0000,0.0000,0.0000,-0.0000,0.0000,0.0000
2026-05-20 18:36:51.004,0,10,10,0.00,0.0000,0.0000,0.0000,0.0000,0.0000,-0.0000,0.0000,0.0000
2026-05-20 18:36:51.504,0,10,10,0.00,0.0000,0.0000,0.0000,0.0000,0.0000,-0.0000,0.0000,0.0000
2026-05-20 18:36:52.004,0,10,10,0.00,0.0001,-0.0001,0.0000,0.0000,0.0000,-0.0000,0.0000,0.0000
2026-05-20 18:36:52.504,0,10,10,0.00,0.0000,-0.0003,0.0000,0.0000,0.0000,-0.0000,0.0000,1.0136
2026-05-20 18:36:53.004,0,10,10,0.00,0.0000,0.0004,0.0000,0.0000,0.0000,-0.0000,0.0000,1.0136
2026-05-20 18:36:53.504,0,10,10,0.00,0.0000,0.0000,0.0000,0.0000,0.0000,-0.0000,0.0000,1.0136
2026-05-20 18:36:54.004,0,10,10,0.00,0.0000,0.0000,0.0000,0.0000,0.0000,-0.0000,0.0000,1.0136
2026-05-20 18:36:54.504,0,10,10,0.00,0.0000,-0.0001,0.0000,0.0000,0.0000,-0.0000,0.0000,1.0136
2026-05-20 18:36:55.004,0,10,10,0.00,-0.0001,0.0001,0.0000,0.0000,0.0000,-0.0000,0.0000,1.0136
2026-05-20 18:36:55.504,0,10,10,0.00,0.0000,0.0000,0.0000,0.0000,0.0000,-0.0000,0.0000,1.0136
2026-05-20 18:36:56.004,0,10,10,0.00,-0.0001,0.0003,0.0000,0.0000,0.0000,-0.0000,0.0000,1.0136
2026-05-20 18:36:56.504,0,10,10,0.00,0.0000,0.0001,0.0000,0.0000,0.0000,-0.0000,0.0000,1.0136
2026-05-20 18:36:57.004,0,10,10,0.00,0.0000,0.0000,0.0000,0.0000,0.0000,-0.0000,0.0000,1.0136
2026-05-20 18:36:57.504,0,10,10,0.00,0.0000,0.0000,0.0000,0.0000,0.0000,-0.0000,0.0000,1.0136
2026-05-20 18:36:58.004,0,10,10,0.00,0.0000,0.0000,0.0000,0.0000,0.0000,-0.0000,0.0000,1.0136
2026-05-20 18:36:58.504,0,10,10,0.00,0.0000,0.0000,0.0000,0.0000,0.0000,-0.0000,0.0000,1.0136
2026-05-20 18:36:59.004,0,10,10,0.00,0.0000,0.0001,0.0000,0.0000,0.0000,-0.0000,0.0000,1.0136
2026-05-20 18:36:59.504,0,10,10,0.00,0.0000,0.0000,0.0000,0.0000,0.0000,-0.0000,0.0000,1.0136
2026-05-20 18:37:00.004,0,10,10,0.00,0.0000,0.0000,0.0000,0.0000,0.0000,-0.0000,0.0000,1.0136
2026-05-20 18:37:00.504,0,10,10,0.00,-0.0003,0.0000,0.0000,0.0000,0.0000,-0.0000,0.0000,1.0136
2026-05-20 18:37:01.004,0,10,10,0.00,0.0001,0.0001,0.0000,0.0000,0.0000,-0.0000,0.0000,1.0136
2026-05-20 18:37:01.504,0,10,10,0.00,0.0001,0.0000,0.0000,0.0000,0.0000,-0.0000,0.0000,1.0136
2026-05-20 18:37:02.004,0,10,10,0.00,0.0000,0.0000,0.0000,0.0000,0.0000,-0.0000,0.0000,1.0136
2026-05-20 18:37:02.504,0,10,10,0.00,0.0000,0.0001,0.0000,0.0000,0.0000,-0.0000,0.0000,1.0136
2026-05-20 18:37:03.004,0,10,10,0.00,0.0000,0.0000,0.0000,0.0000,0.0000,-0.0000,0.0000,1.0136
2026-05-20 18:37:03.504,0,10,10,0.00,0.0000,-0.0005,0.0000,0.0000,0.0000,-0.0000,0.0000,1.0136
2026-05-20 18:37:04.004,0,10,10,0.00,-0.0003,0.0000,0.0000,0.0000,0.0000,-0.0000,0.0000,1.0136
2026-05-20 18:37:04.504,0,10,10,0.00,0.0001,0.0000,0.0000,0.0000,0.0000,-0.0000,0.0000,1.0136
2026-05-20 18:37:05.004,0,10,10,0.00,0.0000,0.0000,0.0000,0.0000,0.0000,-0.0000,0.0000,1.0136
2026-05-20 18:37:05.504,0,10,10,0.00,0.0000,0.0003,0.0000,0.0000,0.0000,-0.0000,0.0000,1.0136
2026-05-20 18:37:06.004,0,10,10,0.00,-0.0001,-0.0001,0.0000,0.0000,0.0000,-0.0000,0.0000,1.0136
2026-05-20 18:37:06.504,0,10,10,0.00,0.0000,-0.0001,0.0000,0.0000,0.0000,-0.0000,0.0000,1.0136
2026-05-20 18:37:07.004,0,10,10,0.00,0.0000,0.0000,0.0000,0.0000,0.0000,-0.0000,0.0000,1.0136
2026-05-20 18:37:07.505,0,10,10,0.00,0.0000,0.0003,0.0000,0.0000,0.0000,-0.0000,0.0000,1.0136
2026-05-20 18:37:08.004,0,10,10,0.00,0.0000,0.0000,0.0000,0.0000,0.0000,-0.0000,0.0000,1.0136
2026-05-20 18:37:08.504,0,10,10,0.00,0.0003,0.0001,0.0000,0.0000,0.0000,-0.0000,0.0000,1.0136
2026-05-20 18:37:09.004,0,10,10,0.00,0.0000,0.0000,0.0000,0.0000,0.0000,-0.0000,0.0000,1.0136
2026-05-20 18:37:09.504,0,10,10,0.00,0.0001,-0.0004,0.0000,0.0000,0.0000,-0.0000,0.0000,1.0136
2026-05-20 18:37:10.004,0,10,10,0.00,0.0001,-0.0001,0.0000,0.0000,0.0000,-0.0000,0.0000,1.0136
2026-05-20 18:37:10.504,0,10,10,0.00,0.0000,-0.0003,0.0000,0.0000,0.0000,-0.0000,0.0000,1.0136
2026-05-20 18:37:11.004,0,10,10,0.00,-0.0001,0.0001,0.0000,0.0000,0.0000,-0.0000,0.0000,1.0136
2026-05-20 18:37:11.504,0,10,10,0.00,-0.0001,0.0000,0.0000,0.0000,0.0000,-0.0000,0.0000,1.0136
2026-05-20 18:37:12.004,0,10,10,0.00,0.0000,0.0000,0.0000,0.0000,0.0000,-0.0000,0.0000,1.0136
2026-05-20 18:37:12.504,0,10,10,0.00,0.0000,0.0000,0.0000,0.0000,0.0000,-0.0000,0.0000,1.0136
2026-05-20 18:37:13.004,0,10,10,0.00,0.0003,-0.0003,0.0000,0.0000,0.0000,-0.0000,0.0000,1.0136
2026-05-20 18:37:13.504,0,10,10,0.00,-0.0003,0.0001,0.0000,0.0000,0.0000,-0.0000,0.0000,1.0136
2026-05-20 18:37:14.004,0,10,10,0.00,0.0003,-0.0001,0.0000,0.0000,0.0000,-0.0000,0.0000,1.0136
2026-05-20 18:37:14.504,0,10,10,0.00,0.0003,-0.0001,0.0000,0.0000,0.0000,-0.0000,0.0000,1.0136
2026-05-20 18:37:15.004,0,10,10,0.00,0.0000,0.0004,0.0000,0.0000,0.0000,-0.0000,0.0000,1.0136
2026-05-20 18:37:15.503,0,10,10,0.00,-0.0001,-0.0001,0.0000,0.0000,0.0000,-0.0000,0.0000,1.0136
2026-05-20 18:37:16.004,0,10,10,0.00,0.0000,0.0000,0.0000,0.0000,0.0000,-0.0000,0.0000,1.0136
2026-05-20 18:37:16.504,0,10,10,0.00,0.0000,0.0000,0.0000,0.0000,0.0000,-0.0000,0.0000,1.0136
2026-05-20 18:37:17.004,0,10,10,0.00,0.0000,-0.0001,0.0000,0.0000,0.0000,-0.0000,0.0000,1.0136
2026-05-20 18:37:17.504,0,10,10,0.00,-0.0001,-0.0001,0.0000,0.0000,0.0000,-0.0000,0.0000,1.0136
2026-05-20 18:37:18.004,0,10,10,0.00,0.0001,0.0000,0.0000,0.0000,0.0000,-0.0000,0.0000,1.0136
2026-05-20 18:37:18.504,0,10,10,0.00,0.0001,0.0003,0.0000,0.0000,0.0000,-0.0000,0.0000,1.0136
2026-05-20 18:37:19.004,0,10,10,0.00,-0.0001,0.0000,0.0000,0.0000,0.0000,-0.0000,0.0000,1.0136
2026-05-20 18:37:19.504,0,10,10,0.00,-0.0001,0.0000,0.0000,0.0000,0.0000,-0.0000,0.0000,1.0136
2026-05-20 18:37:20.004,0,10,10,0.00,-0.0001,0.0004,0.0000,0.0000,0.0000,-0.0000,0.0000,1.0136
2026-05-20 18:37:20.504,0,10,10,0.00,0.0000,-0.0001,0.0000,0.0000,0.0000,-0.0000,0.0000,1.0136
2026-05-20 18:37:21.004,0,10,10,0.00,0.0003,-0.0001,0.0000,0.0000,0.0000,-0.0000,0.0000,1.0136
2026-05-20 18:37:21.504,0,10,10,0.00,-0.0003,0.0000,0.0000,0.0000,0.0000,-0.0000,0.0000,1.0136
2026-05-20 18:37:22.004,0,10,10,0.00,0.0003,0.0000,0.0000,0.0000,0.0000,-0.0000,0.0000,1.0136
2026-05-20 18:37:22.504,0,10,10,0.00,0.0000,-0.0005,0.0000,0.0000,0.0000,-0.0000,0.0000,1.0136
2026-05-20 18:37:23.004,0,10,10,0.00,-0.0001,0.0003,0.0000,0.0000,0.0000,-0.0000,0.0000,1.0136
2026-05-20 18:37:23.504,0,10,10,0.00,0.0000,0.0000,0.0000,0.0000,0.0000,-0.0000,0.0000,1.0136
2026-05-20 18:37:24.004,0,10,10,0.00,0.0001,0.0001,0.0000,0.0000,0.0000,-0.0000,0.0000,1.0136
2026-05-20 18:37:24.504,0,10,10,0.00,0.0000,0.0000,0.0000,0.0000,0.0000,-0.0000,0.0000,1.0136
2026-05-20 18:37:25.004,0,10,10,0.00,0.0000,0.0000,0.0000,0.0000,0.0000,-0.0000,0.0000,1.0136
2026-05-20 18:37:25.504,0,10,10,0.00,0.0000,0.0000,0.0000,0.0000,0.0000,-0.0000,0.0000,1.0136
2026-05-20 18:37:26.004,0,10,10,0.00,0.0000,0.0001,0.0000,0.0000,0.0000,-0.0000,0.0000,1.0136
2026-05-20 18:37:26.504,0,10,10,0.00,0.0000,0.0001,0.0000,0.0000,0.0000,-0.0000,0.0000,1.0136
2026-05-20 18:37:27.003,0,10,10,0.00,0.0000,0.0000,0.0000,0.0000,0.0000,-0.0000,0.0000,1.0136
2026-05-20 18:37:27.504,0,10,10,0.00,0.0001,0.0000,0.0000,0.0000,0.0000,-0.0000,0.0000,1.0136
2026-05-20 18:37:28.004,0,10,10,0.00,0.0000,0.0001,0.0000,0.0000,0.0000,-0.0000,0.0000,1.0136
2026-05-20 18:37:28.504,0,10,10,0.00,0.0000,-0.0001,0.0000,0.0000,0.0000,-0.0000,0.0000,1.0136
2026-05-20 18:37:29.004,0,10,10,0.00,0.0000,0.0000,0.0000,0.0000,0.0000,-0.0000,0.0000,1.0136
2026-05-20 18:37:29.504,0,10,10,0.00,0.0000,0.0001,0.0000,0.0000,0.0000,-0.0000,0.0000,1.0136
2026-05-20 18:37:30.004,0,10,10,0.00,0.0000,0.0000,0.0000,0.0000,0.0000,-0.0000,0.0000,1.0136
2026-05-20 18:37:30.504,0,10,10,0.00,0.0001,0.0001,0.0000,0.0000,0.0000,-0.0000,0.0000,1.0136
2026-05-20 18:37:31.004,0,10,10,0.00,0.0000,-0.0001,0.0000,0.0000,0.0000,-0.0000,0.0000,1.0136
2026-05-20 18:37:31.504,0,10,10,0.00,0.0000,-0.0001,0.0000,0.0000,0.0000,-0.0000,0.0000,1.0136
2026-05-20 18:37:32.004,0,10,10,0.00,0.0003,0.0000,0.0000,0.0000,0.0000,-0.0000,0.0000,1.0136
2026-05-20 18:37:32.504,0,10,10,0.00,0.0000,0.0000,0.0000,0.0000,0.0000,-0.0000,0.0000,1.0136
2026-05-20 18:37:33.003,0,10,10,0.00,0.0001,0.0001,0.0000,0.0000,0.0000,-0.0000,0.0000,1.0136
2026-05-20 18:37:33.504,0,10,10,0.00,0.0000,0.0000,0.0000,0.0000,0.0000,-0.0000,0.0000,1.0136
2026-05-20 18:37:34.004,0,10,10,0.00,0.0003,0.0000,0.0000,0.0000,0.0000,-0.0000,0.0000,1.0136
2026-05-20 18:37:34.504,0,10,10,0.00,0.0000,0.0000,0.0000,0.0000,0.0000,-0.0000,0.0000,1.0136
2026-05-20 18:37:35.004,0,10,10,0.00,-0.0003,0.0001,0.0000,0.0000,0.0000,-0.0000,0.0000,1.0136
2026-05-20 18:37:35.504,0,10,10,0.00,0.0003,0.0000,0.0000,0.0000,0.0000,-0.0000,0.0000,1.0136
2026-05-20 18:37:36.004,0,10,10,0.00,0.0000,0.0000,0.0000,0.0000,0.0000,-0.0000,0.0000,1.0136
2026-05-20 18:37:36.504,0,10,10,0.00,0.0000,0.0001,0.0000,0.0000,0.0000,-0.0000,0.0000,1.0136
2026-05-20 18:37:37.004,0,10,10,0.00,-0.0001,0.0000,0.0000,0.0000,0.0000,-0.0000,0.0000,1.0136
2026-05-20 18:37:37.503,0,10,10,0.00,0.0000,0.0000,0.0000,0.0000,0.0000,-0.0000,0.0000,1.0136
2026-05-20 18:37:38.004,0,10,10,0.00,0.0001,-0.0001,0.0000,0.0000,0.0000,-0.0000,0.0000,1.0136
2026-05-20 18:37:38.504,0,10,10,0.00,0.0000,0.0000,0.0000,0.0000,0.0000,-0.0000,0.0000,1.0136
2026-05-20 18:37:39.004,0,10,10,0.00,-0.0003,0.0001,0.0000,0.0000,0.0000,-0.0000,0.0000,1.0136
2026-05-20 18:37:39.504,0,10,10,0.00,0.0000,0.0000,0.0000,0.0000,0.0000,-0.0000,0.0000,1.0136
2026-05-20 18:37:40.004,0,10,10,0.00,0.0000,0.0000,0.0000,0.0000,0.0000,-0.0000,0.0000,1.0136
2026-05-20 18:37:40.504,0,10,10,0.00,0.0000,0.0001,0.0000,0.0000,0.0000,-0.0000,0.0000,1.0136
2026-05-20 18:37:41.003,0,10,10,0.00,-0.0001,0.0000,0.0000,0.0000,0.0000,-0.0000,0.0000,1.0136
2026-05-20 18:37:41.504,0,10,10,0.00,0.0000,-0.0003,0.0000,0.0000,0.0000,-0.0000,0.0000,1.0136
2026-05-20 18:37:42.004,0,10,10,0.00,-0.0001,0.0000,0.0000,0.0000,0.0000,-0.0000,0.0000,1.0136
2026-05-20 18:37:42.504,0,10,10,0.00,0.0001,0.0000,0.0000,0.0000,0.0000,-0.0000,0.0000,1.0136
2026-05-20 18:37:43.004,0,10,10,0.00,0.0003,0.0000,0.0000,0.0000,0.0000,-0.0000,0.0000,1.0136
2026-05-20 18:37:43.503,0,10,10,0.00,-0.0001,0.0003,0.0000,0.0000,0.0000,-0.0000,0.0000,1.0136
2026-05-20 18:37:44.004,0,10,10,0.00,-0.0001,0.0001,0.0000,0.0000,0.0000,-0.0000,0.0000,1.0136
2026-05-20 18:37:44.504,0,10,10,0.00,0.0003,0.0001,0.0000,0.0000,0.0000,-0.0000,0.0000,1.0136
2026-05-20 18:37:45.004,0,10,10,0.00,-0.0003,0.0000,0.0000,0.0000,0.0000,-0.0000,0.0000,1.0136
2026-05-20 18:37:45.504,0,10,10,0.00,-0.0004,0.0000,0.0000,0.0000,0.0000,-0.0000,0.0000,1.0136
2026-05-20 18:37:46.004,0,10,10,0.00,-0.0003,-0.0001,0.0000,0.0000,0.0000,-0.0000,0.0000,1.0136
2026-05-20 18:37:46.504,0,10,10,0.00,0.0000,0.0000,0.0000,0.0000,0.0000,-0.0000,0.0000,1.0136
2026-05-20 18:37:47.004,0,10,10,0.00,0.0003,-0.0001,0.0000,0.0000,0.0000,-0.0000,0.0000,1.0136
2026-05-20 18:37:47.504,0,10,10,0.00,0.0001,0.0001,0.0000,0.0000,0.0000,-0.0000,0.0000,1.0136
2026-05-20 18:37:48.004,0,10,10,0.00,0.0001,0.0000,0.0000,0.0000,0.0000,-0.0000,0.0000,1.0136
2026-05-20 18:37:48.504,0,10,10,0.00,0.0001,0.0003,0.0000,0.0000,0.0000,-0.0000,0.0000,1.0136
2026-05-20 18:37:49.004,0,10,10,0.00,0.0000,0.0001,0.0000,0.0000,0.0000,-0.0000,0.0000,1.0136
2026-05-20 18:37:49.504,0,10,10,0.00,-0.0003,0.0000,0.0000,0.0000,0.0000,-0.0000,0.0000,1.0136
2026-05-20 18:37:50.004,0,10,10,0.00,-0.0001,0.0001,0.0000,0.0000,0.0000,-0.0000,0.0000,1.0136
2026-05-20 18:37:50.504,0,10,10,0.00,-0.0001,0.0000,0.0000,0.0000,0.0000,-0.0000,0.0000,1.0136
2026-05-20 18:37:51.004,0,10,10,0.00,-0.0001,0.0004,0.0000,0.0000,0.0000,-0.0000,0.0000,1.0136
2026-05-20 18:37:51.504,0,10,10,0.00,0.0000,-0.0001,0.0000,0.0000,0.0000,-0.0000,0.0000,1.0136
2026-05-20 18:37:52.004,0,10,10,0.00,0.0000,0.0000,0.0000,0.0000,0.0000,-0.0000,0.0000,1.0136
2026-05-20 18:37:52.504,0,10,10,0.00,-0.0001,0.0000,0.0000,0.0000,0.0000,-0.0000,0.0000,1.0136
2026-05-20 18:37:53.004,0,10,10,0.00,0.0000,0.0001,0.0000,0.0000,0.0000,-0.0000,0.0000,1.0136
2026-05-20 18:37:53.504,0,10,10,0.00,0.0000,-0.0001,0.0000,0.0000,0.0000,-0.0000,0.0000,1.0136
2026-05-20 18:37:54.004,0,10,10,0.00,0.0000,0.0003,0.0000,0.0000,0.0000,-0.0000,0.0000,1.0136
2026-05-20 18:37:54.504,0,10,10,0.00,-0.0001,0.0000,0.0000,0.0000,0.0000,-0.0000,0.0000,1.0136
2026-05-20 18:37:55.004,0,10,10,0.00,-0.0003,0.0000,0.0000,0.0000,0.0000,-0.0000,0.0000,1.0136
2026-05-20 18:37:55.504,0,10,10,0.00,-0.0001,0.0000,0.0000,0.0000,0.0000,-0.0000,0.0000,1.0136
2026-05-20 18:37:56.004,0,10,10,0.00,0.0000,0.0001,0.0000,0.0000,0.0000,-0.0000,0.0000,1.0136
2026-05-20 18:37:56.504,0,10,10,0.00,0.0003,0.0000,0.0000,0.0000,0.0000,-0.0000,0.0000,1.0136
2026-05-20 18:37:57.004,0,10,10,0.00,-0.0001,-0.0001,0.0000,0.0000,0.0000,-0.0000,0.0000,1.0136
2026-05-20 18:37:57.504,0,10,10,0.00,-0.0003,0.0000,0.0000,0.0000,0.0000,-0.0000,0.0000,1.0136
2026-05-20 18:37:58.004,0,10,10,0.00,-0.0001,-0.0001,0.0000,0.0000,0.0000,-0.0000,0.0000,1.0136
2026-05-20 18:37:58.504,0,10,10,0.00,0.0004,-0.0001,0.0000,0.0000,0.0000,-0.0000,0.0000,1.0136
2026-05-20 18:37:59.004,0,10,10,0.00,0.0004,0.0003,0.0000,0.0000,0.0000,-0.0000,0.0000,1.0136
2026-05-20 18:37:59.504,0,10,10,0.00,0.0001,0.0000,0.0000,0.0000,0.0000,-0.0000,0.0000,1.0136
2026-05-20 18:38:00.004,0,10,10,0.00,0.0000,0.0000,0.0000,0.0000,0.0000,-0.0000,0.0000,1.0136
2026-05-20 18:38:00.504,0,10,10,0.00,0.0000,0.0000,0.0000,0.0000,0.0000,-0.0000,0.0000,1.0136
2026-05-20 18:38:01.004,0,10,10,0.00,0.0000,0.0000,0.0000,0.0000,0.0000,-0.0000,0.0000,1.0136
2026-05-20 18:38:01.504,0,10,10,0.00,0.0000,0.0000,0.0000,0.0000,0.0000,-0.0000,0.0000,1.0136
2026-05-20 18:38:02.004,0,10,10,0.00,0.0000,0.0001,0.0000,0.0000,0.0000,-0.0000,0.0000,1.0136
2026-05-20 18:38:02.503,0,10,10,0.00,0.0001,0.0001,0.0000,0.0000,0.0000,-0.0000,0.0000,1.0136
2026-05-20 18:38:03.004,0,10,10,0.00,0.0000,-0.0001,0.0000,0.0000,0.0000,-0.0000,0.0000,1.0136
2026-05-20 18:38:03.504,0,10,10,0.00,0.0000,0.0000,0.0000,0.0000,0.0000,-0.0000,0.0000,1.0136
2026-05-20 18:38:04.004,0,10,10,0.00,0.0003,0.0001,0.0000,0.0000,0.0000,-0.0000,0.0000,1.0136
2026-05-20 18:38:04.504,0,10,10,0.00,-0.0001,0.0000,0.0000,0.0000,0.0000,-0.0000,0.0000,1.0136
2026-05-20 18:38:05.004,0,10,10,0.00,-0.0004,0.0000,0.0000,0.0000,0.0000,-0.0000,0.0000,1.0136
2026-05-20 18:38:05.504,0,10,10,0.00,0.0001,0.0000,0.0000,0.0000,0.0000,-0.0000,0.0000,1.0136
2026-05-20 18:38:06.004,0,10,10,0.00,0.0000,0.0001,0.0000,0.0000,0.0000,-0.0000,0.0000,1.0136
2026-05-20 18:38:06.504,0,10,10,0.00,0.0000,0.0000,0.0000,0.0000,0.0000,-0.0000,0.0000,1.0136
2026-05-20 18:38:07.004,0,10,10,0.00,0.0000,0.0001,0.0000,0.0000,0.0000,-0.0000,0.0000,1.0136
2026-05-20 18:38:07.504,0,10,10,0.00,-0.0001,0.0000,0.0000,0.0000,0.0000,-0.0000,0.0000,1.0136
2026-05-20 18:38:08.004,0,10,10,0.00,0.0001,-0.0001,0.0000,0.0000,0.0000,-0.0000,0.0000,1.0136
2026-05-20 18:38:08.504,0,10,10,0.00,-0.0004,0.0000,0.0000,0.0000,0.0000,-0.0000,0.0000,1.0136
2026-05-20 18:38:09.004,0,10,10,0.00,-0.0004,0.0000,0.0000,0.0000,0.0000,-0.0000,0.0000,1.0136
2026-05-20 18:38:09.504,0,10,10,0.00,0.0001,-0.0003,0.0000,0.0000,0.0000,-0.0000,0.0000,1.0136
2026-05-20 18:38:10.004,0,10,10,0.00,0.0003,0.0000,0.0000,0.0000,0.0000,-0.0000,0.0000,1.0136
2026-05-20 18:38:10.504,0,10,10,0.00,0.0000,0.0000,0.0000,0.0000,0.0000,-0.0000,0.0000,1.0136
2026-05-20 18:38:11.004,0,10,10,0.00,0.0001,0.0001,0.0000,0.0000,0.0000,-0.0000,0.0000,1.0136
2026-05-20 18:38:11.504,0,10,10,0.00,-0.0001,-0.0003,0.0000,0.0000,0.0000,-0.0000,0.0000,1.0136
2026-05-20 18:38:12.004,0,10,10,0.00,0.0003,-0.0001,0.0000,0.0000,0.0000,-0.0000,0.0000,1.0136
2026-05-20 18:38:12.504,0,10,10,0.00,0.0001,0.0001,0.0000,0.0000,0.0000,-0.0000,0.0000,1.0136
2026-05-20 18:38:13.004,0,10,10,0.00,0.0000,0.0000,0.0000,0.0000,0.0000,-0.0000,0.0000,1.0136
2026-05-20 18:38:13.504,0,10,10,0.00,-0.0001,0.0000,0.0000,0.0000,0.0000,-0.0000,0.0000,1.0136
2026-05-20 18:38:14.004,0,10,10,0.00,-0.0001,0.0000,0.0000,0.0000,0.0000,-0.0000,0.0000,1.0136
2026-05-20 18:38:14.504,0,10,10,0.00,-0.0001,0.0000,0.0000,0.0000,0.0000,-0.0000,0.0000,1.0136
2026-05-20 18:38:15.004,0,10,10,0.00,-0.0001,0.0000,0.0000,0.0000,0.0000,-0.0000,0.0000,1.0136
2026-05-20 18:38:15.504,0,10,10,0.00,0.0000,0.0000,0.0000,0.0000,0.0000,-0.0000,0.0000,1.0136
2026-05-20 18:38:16.004,0,10,10,0.00,0.0001,-0.0001,0.0000,0.0000,0.0000,-0.0000,0.0000,1.0136
2026-05-20 18:38:16.504,0,10,10,0.00,0.0000,0.0000,0.0000,0.0000,0.0000,-0.0000,0.0000,1.0136
2026-05-20 18:38:17.004,0,10,10,0.00,0.0001,0.0001,0.0000,0.0000,0.0000,-0.0000,0.0000,1.0136
2026-05-20 18:38:17.504,0,10,10,0.00,-0.0004,0.0000,0.0000,0.0000,0.0000,-0.0000,0.0000,1.0136
2026-05-20 18:38:18.004,0,10,10,0.00,0.0000,0.0000,0.0000,0.0000,0.0000,-0.0000,0.0000,1.0136
2026-05-20 18:38:18.504,0,10,10,0.00,0.0000,0.0000,0.0000,0.0000,0.0000,-0.0000,0.0000,1.0136
2026-05-20 18:38:19.004,0,10,10,0.00,0.0001,0.0000,0.0000,0.0000,0.0000,-0.0000,0.0000,1.0136
2026-05-20 18:38:19.504,0,10,10,0.00,-0.0001,0.0001,0.0000,0.0000,0.0000,-0.0000,0.0000,1.0136
2026-05-20 18:38:20.004,0,10,10,0.00,0.0001,0.0001,0.0000,0.0000,0.0000,-0.0000,0.0000,1.0136
2026-05-20 18:38:20.504,0,10,10,0.00,0.0003,0.0000,0.0000,0.0000,0.0000,-0.0000,0.0000,1.0136
2026-05-20 18:38:21.004,0,10,10,0.00,0.0000,-0.0001,0.0000,0.0000,0.0000,-0.0000,0.0000,1.0136
2026-05-20 18:38:21.504,0,10,10,0.00,0.0000,0.0000,0.0000,0.0000,0.0000,-0.0000,0.0000,1.0136
2026-05-20 18:38:22.004,0,10,10,0.00,0.0000,0.0001,0.0000,0.0000,0.0000,-0.0000,0.0000,1.0136
2026-05-20 18:38:22.504,0,10,10,0.00,0.0001,0.0000,0.0000,0.0000,0.0000,-0.0000,0.0000,1.0136
2026-05-20 18:38:23.004,0,10,10,0.00,0.0001,0.0000,0.0000,0.0000,0.0000,-0.0000,0.0000,1.0136
2026-05-20 18:38:23.504,0,10,10,0.00,-0.0001,-0.0004,0.0000,0.0000,0.0000,-0.0000,0.0000,1.0136
2026-05-20 18:38:24.004,0,10,10,0.00,-0.0001,0.0000,0.0000,0.0000,0.0000,-0.0000,0.0000,1.0136
2026-05-20 18:38:24.504,0,10,10,0.00,-0.0001,0.0003,0.0000,0.0000,0.0000,-0.0000,0.0000,1.0136
2026-05-20 18:38:25.004,0,10,10,0.00,0.0000,-0.0003,0.0000,0.0000,0.0000,-0.0000,0.0000,1.0136
2026-05-20 18:38:25.504,0,10,10,0.00,0.0001,0.0000,0.0000,0.0000,0.0000,-0.0000,0.0000,1.0136
2026-05-20 18:38:26.004,0,10,10,0.00,0.0000,0.0004,0.0000,0.0000,0.0000,-0.0000,0.0000,1.0136
2026-05-20 18:38:26.504,0,10,10,0.00,0.0001,0.0000,0.0000,0.0000,0.0000,-0.0000,0.0000,1.0136
2026-05-20 18:38:27.004,0,10,10,0.00,-0.0001,0.0000,0.0000,0.0000,0.0000,-0.0000,0.0000,1.0136
2026-05-20 18:38:27.504,0,10,10,0.00,0.0001,0.0000,0.0000,0.0000,0.0000,-0.0000,0.0000,1.0136
2026-05-20 18:38:28.004,0,10,10,0.00,0.0004,-0.0001,0.0000,0.0000,0.0000,-0.0000,0.0000,1.0136
2026-05-20 18:38:28.504,0,10,10,0.00,-0.0003,-0.0001,0.0000,0.0000,0.0000,-0.0000,0.0000,1.0136
2026-05-20 18:38:29.004,0,10,10,0.00,0.0001,-0.0001,0.0000,0.0000,0.0000,-0.0000,0.0000,1.0136
2026-05-20 18:38:29.504,0,10,10,0.00,0.0001,0.0000,0.0000,0.0000,0.0000,-0.0000,0.0000,1.0136
2026-05-20 18:38:30.004,0,10,10,0.00,0.0000,0.0001,0.0000,0.0000,0.0000,-0.0000,0.0000,1.0136
2026-05-20 18:38:30.504,0,10,10,0.00,-0.0001,-0.0001,0.0000,0.0000,0.0000,-0.0000,0.0000,1.0136
2026-05-20 18:38:31.004,0,10,10,0.00,0.0000,0.0000,0.0000,0.0000,0.0000,-0.0000,0.0000,1.0136
2026-05-20 18:38:31.504,0,10,10,0.00,0.0000,0.0001,0.0000,0.0000,0.0000,-0.0000,0.0000,1.0136
2026-05-20 18:38:32.003,0,10,10,0.00,0.0000,0.0000,0.0000,0.0000,0.0000,-0.0000,0.0000,1.0136
2026-05-20 18:38:32.504,0,10,10,0.00,0.0000,0.0000,0.0000,0.0000,0.0000,-0.0000,0.0000,1.0136
2026-05-20 18:38:33.004,0,10,10,0.00,0.0001,0.0001,0.0000,0.0000,0.0000,-0.0000,0.0000,1.0136
2026-05-20 18:38:33.504,0,10,10,0.00,0.0003,-0.0001,0.0000,0.0000,0.0000,-0.0000,0.0000,1.0136
2026-05-20 18:38:34.004,0,10,10,0.00,0.0001,0.0001,0.0000,0.0000,0.0000,-0.0000,0.0000,1.0136
2026-05-20 18:38:34.504,0,10,10,0.00,-0.0001,-0.0001,0.0000,0.0000,0.0000,-0.0000,0.0000,1.0136
2026-05-20 18:38:35.004,0,10,10,0.00,0.0000,-0.0001,0.0000,0.0000,0.0000,-0.0000,0.0000,1.0136
2026-05-20 18:38:35.503,0,10,10,0.00,0.0000,0.0000,0.0000,0.0000,0.0000,-0.0000,0.0000,1.0136
2026-05-20 18:38:36.004,0,10,10,0.00,-0.0004,0.0000,0.0000,0.0000,0.0000,-0.0000,0.0000,1.0136
2026-05-20 18:38:36.504,0,10,10,0.00,0.0000,0.0000,0.0000,0.0000,0.0000,-0.0000,0.0000,1.0136
2026-05-20 18:38:37.003,0,10,10,0.00,0.0001,0.0000,0.0000,0.0000,0.0000,-0.0000,0.0000,1.0136
2026-05-20 18:38:37.504,0,10,10,0.00,0.0000,-0.0001,0.0000,0.0000,0.0000,-0.0000,0.0000,1.0136
2026-05-20 18:38:38.004,0,10,10,0.00,0.0000,0.0001,0.0000,0.0000,0.0000,-0.0000,0.0000,1.0136
2026-05-20 18:38:38.504,0,10,10,0.00,0.0000,0.0000,0.0000,0.0000,0.0000,-0.0000,0.0000,1.0136
2026-05-20 18:38:39.004,0,10,10,0.00,0.0001,0.0000,0.0000,0.0000,0.0000,-0.0000,0.0000,1.0136
2026-05-20 18:38:39.504,0,10,10,0.00,0.0000,0.0000,0.0000,0.0000,0.0000,-0.0000,0.0000,1.0136
2026-05-20 18:38:40.004,0,10,10,0.00,-0.0001,-0.0001,0.0000,0.0000,0.0000,-0.0000,0.0000,1.0136
2026-05-20 18:38:40.504,0,10,10,0.00,-0.0001,0.0000,0.0000,0.0000,0.0000,-0.0000,0.0000,1.0136
2026-05-20 18:38:41.004,0,10,10,0.00,-0.0003,0.0000,0.0000,0.0000,0.0000,-0.0000,0.0000,1.0136
2026-05-20 18:38:41.504,0,10,10,0.00,0.0001,0.0000,0.0000,0.0000,0.0000,-0.0000,0.0000,1.0136
2026-05-20 18:38:42.004,0,10,10,0.00,0.0001,0.0000,0.0000,0.0000,0.0000,-0.0000,0.0000,1.0136
2026-05-20 18:38:42.504,0,10,10,0.00,0.0000,0.0000,0.0000,0.0000,0.0000,-0.0000,0.0000,1.0136
2026-05-20 18:38:43.004,0,10,10,0.00,0.0000,-0.0003,0.0000,0.0000,0.0000,-0.0000,0.0000,1.0136
2026-05-20 18:38:43.504,0,10,10,0.00,0.0001,0.0000,0.0000,0.0000,0.0000,-0.0000,0.0000,1.0136
2026-05-20 18:38:44.004,0,10,10,0.00,-0.0005,0.0000,0.0000,0.0000,0.0000,-0.0000,0.0000,1.0136
2026-05-20 18:38:44.504,0,10,10,0.00,0.0003,-0.0001,0.0000,0.0000,0.0000,-0.0000,0.0000,1.0136
2026-05-20 18:38:45.004,0,10,10,0.00,0.0000,-0.0003,0.0000,0.0000,0.0000,-0.0000,0.0000,1.0136
2026-05-20 18:38:45.504,0,10,10,0.00,0.0000,-0.0001,0.0000,0.0000,0.0000,-0.0000,0.0000,1.0136
2026-05-20 18:38:46.004,0,10,10,0.00,0.0000,0.0001,0.0000,0.0000,0.0000,-0.0000,0.0000,1.0136
2026-05-20 18:38:46.504,0,10,10,0.00,-0.0001,0.0000,0.0000,0.0000,0.0000,-0.0000,0.0000,1.0136
2026-05-20 18:38:47.004,0,10,10,0.00,0.0000,0.0001,0.0000,0.0000,0.0000,-0.0000,0.0000,1.0136
2026-05-20 18:38:47.504,0,10,10,0.00,-0.0001,-0.0001,0.0000,0.0000,0.0000,-0.0000,0.0000,1.0136
2026-05-20 18:38:48.004,0,10,10,0.00,0.0000,0.0000,0.0000,0.0000,0.0000,-0.0000,0.0000,1.0136
2026-05-20 18:38:48.504,0,10,10,0.00,0.0001,0.0001,0.0000,0.0000,0.0000,-0.0000,0.0000,1.0136
2026-05-20 18:38:49.004,0,10,10,0.00,0.0000,0.0003,0.0000,0.0000,0.0000,-0.0000,0.0000,1.0136
2026-05-20 18:38:49.504,0,10,10,0.00,0.0000,0.0000,0.0000,0.0000,0.0000,-0.0000,0.0000,1.0136
2026-05-20 18:38:50.004,0,10,10,0.00,-0.1437,0.0768,0.0236,-0.0004,0.0000,-0.0000,0.0000,1.0136
2026-05-20 18:38:50.504,0,10,10,0.00,-0.2924,0.2931,0.1277,-0.0057,0.0000,-0.0000,0.0000,-2.7660
2026-05-20 18:38:51.004,0,10,10,0.00,-0.4536,0.4558,0.3166,-0.0171,0.0000,-0.0000,0.0000,-2.9834
2026-05-20 18:38:51.504,0,10,10,0.00,-0.4483,0.4591,0.5464,-0.0302,0.0000,-0.0000,0.0000,-2.7434
2026-05-20 18:38:52.004,0,10,10,0.00,-0.4553,0.4564,0.7734,-0.0410,0.0000,-0.0000,0.0000,-1.7469
2026-05-20 18:38:52.504,0,9,10,0.00,-0.4520,0.4477,0.9985,-0.0515,0.0000,-0.0000,0.0000,-1.6579
2026-05-20 18:38:53.004,0,10,10,0.00,-0.4530,0.4554,1.2236,-0.0627,0.0000,-0.0000,0.0000,-1.8600
2026-05-20 18:38:53.504,0,10,10,0.00,-0.3969,0.4631,1.4483,-0.0740,0.0000,-0.0000,0.0000,-1.8193
2026-05-20 18:38:54.004,0,10,10,0.00,-0.0681,0.4300,1.6141,-0.0697,0.0000,-0.0000,0.0000,1.8063
2026-05-20 18:38:54.504,0,10,10,0.00,0.0005,0.1314,1.6837,-0.0502,0.0000,-0.0000,0.0000,20.8035
2026-05-20 18:38:55.004,0,10,10,0.00,-0.0101,-0.0149,1.6905,-0.0473,0.0000,-0.0000,0.0000,25.4363
2026-05-20 18:38:55.504,0,10,10,0.00,-0.1257,0.0726,1.7082,-0.0407,0.0000,-0.0000,0.0000,23.8504
2026-05-20 18:38:56.004,0,10,10,0.00,-0.2889,0.2488,1.8007,-0.0086,0.0000,-0.0000,0.0000,21.7200
2026-05-20 18:38:56.504,0,10,10,0.00,-0.4423,0.4333,1.9705,0.0455,0.0000,-0.0000,0.0000,20.2305
2026-05-20 18:38:57.004,0,10,10,0.00,-0.4534,0.4710,2.1904,0.1133,0.0000,-0.0000,0.0000,19.7757
2026-05-20 18:38:57.504,0,10,10,0.00,-0.4525,0.4561,2.4059,0.1819,0.0000,-0.0000,0.0000,20.6032
2026-05-20 18:38:58.004,0,10,10,0.00,-0.4528,0.4472,2.6219,0.2513,0.0000,-0.0000,0.0000,20.7945
2026-05-20 18:38:58.504,0,10,10,0.00,-0.4520,0.4439,2.8378,0.3209,0.0000,-0.0000,0.0000,20.5337
2026-05-20 18:38:59.004,0,10,10,0.00,-0.4506,0.4647,3.0518,0.3886,0.0000,-0.0000,0.0000,20.2723
2026-05-20 18:38:59.504,0,9,10,0.00,-0.4512,0.4439,3.2683,0.4581,0.0000,-0.0000,0.0000,20.6897
2026-05-20 18:39:00.004,0,10,10,0.00,-0.4492,0.4516,3.4832,0.5261,0.0000,-0.0000,0.0000,20.1526
2026-05-20 18:39:00.504,0,10,10,0.00,-0.4537,0.4602,3.6995,0.5949,0.0000,-0.0000,0.0000,20.3035
2026-05-20 18:39:01.004,0,10,10,0.00,-0.4554,0.4507,3.9151,0.6641,0.0000,-0.0000,0.0000,20.3702
2026-05-20 18:39:01.504,0,10,10,0.00,-0.3519,0.4494,4.1246,0.7314,0.0000,-0.0000,0.0000,20.0976
2026-05-20 18:39:02.003,0,10,10,0.00,-0.0350,0.4634,4.2682,0.7942,0.0000,-0.0000,0.0000,26.2150
2026-05-20 18:39:02.504,0,10,10,0.00,0.1046,0.4253,4.3370,0.8607,0.0000,-0.0000,0.0000,49.9370
2026-05-20 18:39:03.004,0,10,10,0.00,-0.0080,0.1330,4.3642,0.9231,0.0000,-0.0000,0.0000,75.8651
2026-05-20 18:39:03.504,0,10,10,0.00,0.0711,0.0503,4.3646,0.9244,0.0000,-0.0000,0.0000,80.0142
2026-05-20 18:39:04.004,0,9,10,0.00,0.0000,0.0369,4.3656,0.9317,0.0000,-0.0000,0.0000,89.7715
2026-05-20 18:39:04.504,0,10,10,0.00,-0.1611,0.1388,4.3706,0.9671,0.0000,-0.0000,0.0000,88.4154
2026-05-20 18:39:05.004,0,10,10,0.00,-0.3163,0.3046,4.3888,1.0873,0.0000,-0.0000,0.0000,87.9110
2026-05-20 18:39:05.503,0,10,10,0.00,-0.4529,0.4498,4.4202,1.2813,0.0000,-0.0000,0.0000,86.6723
2026-05-20 18:39:06.004,0,10,10,0.00,-0.4513,0.4660,4.4573,1.5084,0.0000,-0.0000,0.0000,86.3601
2026-05-20 18:39:06.503,0,10,10,0.00,-0.4575,0.4606,4.4922,1.7320,0.0000,-0.0000,0.0000,87.5314
2026-05-20 18:39:07.004,0,10,10,0.00,-0.4530,0.4557,4.5268,1.9566,0.0000,-0.0000,0.0000,87.3431
2026-05-20 18:39:07.504,0,10,10,0.00,-0.4553,0.4432,4.5608,2.1789,0.0000,-0.0000,0.0000,87.5647
2026-05-20 18:39:08.004,0,10,10,0.00,-0.2261,0.4610,4.5890,2.3823,0.0000,-0.0000,0.0000,87.3900
2026-05-20 18:39:08.504,0,10,10,0.00,0.0047,0.3707,4.5829,2.5052,0.0000,-0.0000,0.0000,104.5419
2026-05-20 18:39:09.004,0,10,10,0.00,-0.0675,0.1766,4.5647,2.5583,0.0000,-0.0000,0.0000,117.3130
2026-05-20 18:39:09.504,0,10,10,0.00,-0.2394,0.4377,4.5183,2.6549,0.0000,-0.0000,0.0000,121.7626
2026-05-20 18:39:10.004,0,10,10,0.00,-0.3978,0.4760,4.4065,2.8233,0.0000,-0.0000,0.0000,134.6173
2026-05-20 18:39:10.503,0,10,10,0.00,-0.4587,0.2246,4.2863,2.9872,0.0000,-0.0000,0.0000,133.4922
2026-05-20 18:39:11.004,0,10,10,0.00,-0.3422,-0.0175,4.2363,3.0954,0.0000,-0.0000,0.0000,115.2745
2026-05-20 18:39:11.504,0,10,10,0.00,-0.2780,0.0289,4.2286,3.1587,0.0000,-0.0000,0.0000,98.7174
2026-05-20 18:39:12.003,0,10,10,0.00,-0.4496,0.2398,4.2416,3.2869,0.0000,-0.0000,0.0000,85.9786
2026-05-20 18:39:12.504,0,10,10,0.00,-0.2679,0.4055,4.2848,3.4608,0.0000,-0.0000,0.0000,77.7151
2026-05-20 18:39:13.004,0,10,10,0.00,-0.0004,0.3566,4.3009,3.5824,0.0000,-0.0000,0.0000,87.8573
2026-05-20 18:39:13.504,0,10,10,0.00,-0.1686,0.4324,4.2831,3.6879,0.0000,-0.0000,0.0000,108.6020
2026-05-20 18:39:14.004,0,10,10,0.00,-0.1102,0.2520,4.2409,3.7956,0.0000,-0.0000,0.0000,122.5910
2026-05-20 18:39:14.504,0,10,10,0.00,-0.2827,-0.0589,4.2133,3.8520,0.0000,-0.0000,0.0000,125.2050
2026-05-20 18:39:15.004,0,10,10,0.00,-0.1397,-0.0551,4.2041,3.8949,0.0000,-0.0000,0.0000,105.8958
2026-05-20 18:39:15.504,0,10,10,0.00,0.0016,0.0000,4.2039,3.8981,0.0000,-0.0000,0.0000,96.6319
2026-05-20 18:39:16.004,0,10,10,0.00,0.1359,-0.0935,4.2049,3.8726,0.0000,-0.0000,0.0000,96.6319
2026-05-20 18:39:16.504,0,10,10,0.00,0.0022,-0.0118,4.2059,3.8446,0.0000,-0.0000,0.0000,97.1913
2026-05-20 18:39:17.004,0,10,10,0.00,0.0017,-0.0168,4.2059,3.8446,0.0000,-0.0000,0.0000,97.1913
2026-05-20 18:39:17.504,0,10,10,0.00,0.0569,-0.1641,4.2059,3.8024,0.0000,-0.0000,0.0000,95.9105
2026-05-20 18:39:18.004,0,10,10,0.00,-0.0357,-0.0030,4.2054,3.7892,0.0000,-0.0000,0.0000,92.7070
2026-05-20 18:39:18.504,0,10,10,0.00,-0.0116,-0.0461,4.2049,3.7874,0.0000,-0.0000,0.0000,86.9309
2026-05-20 18:39:19.004,0,10,10,0.00,0.0001,0.0005,4.2042,3.7837,0.0000,-0.0000,0.0000,83.4552
2026-05-20 18:39:19.504,0,10,10,0.00,-0.0962,0.0632,4.2073,3.7991,0.0000,-0.0000,0.0000,83.4552
2026-05-20 18:39:20.004,0,10,10,0.00,-0.2763,0.2642,4.2290,3.8888,0.0000,-0.0000,0.0000,80.9942
2026-05-20 18:39:20.504,0,10,10,0.00,-0.4352,0.4458,4.2730,4.0638,0.0000,-0.0000,0.0000,81.4091
2026-05-20 18:39:21.004,0,10,10,0.00,-0.4609,0.4767,4.3270,4.2885,0.0000,-0.0000,0.0000,82.1431
2026-05-20 18:39:21.504,0,10,10,0.00,-0.4477,0.4401,4.3783,4.5088,0.0000,-0.0000,0.0000,82.3863
2026-05-20 18:39:22.004,0,10,10,0.00,-0.4502,0.4597,4.4295,4.7291,0.0000,-0.0000,0.0000,82.6582
2026-05-20 18:39:22.503,0,10,10,0.00,-0.4265,0.4533,4.4800,4.9518,0.0000,-0.0000,0.0000,83.2944
2026-05-20 18:39:23.004,0,10,10,0.00,-0.0988,0.4118,4.5090,5.1218,0.0000,-0.0000,0.0000,84.8324
2026-05-20 18:39:23.503,0,10,10,0.00,0.0000,0.0645,4.5070,5.1879,0.0000,-0.0000,0.0000,103.2154
2026-05-20 18:39:24.004,0,10,10,0.00,-0.1467,-0.0511,4.5057,5.2006,0.0000,-0.0000,0.0000,103.7922
2026-05-20 18:39:24.504,0,10,10,0.00,-0.0681,0.0207,4.5055,5.2133,0.0000,-0.0000,0.0000,97.0556
2026-05-20 18:39:25.004,0,10,10,0.00,-0.2300,0.1920,4.5077,5.2776,0.0000,-0.0000,0.0000,93.4940
2026-05-20 18:39:25.504,0,10,10,0.00,-0.3601,0.3358,4.5171,5.4296,0.0000,-0.0000,0.0000,92.6107
2026-05-20 18:39:26.004,0,10,10,0.00,-0.4563,0.4831,4.5343,5.6513,0.0000,-0.0000,0.0000,91.4769
2026-05-20 18:39:26.504,0,9,10,0.00,-0.4525,0.4634,4.5479,5.8568,0.0000,-0.0000,0.0000,93.1352
2026-05-20 18:39:27.004,0,10,10,0.00,-0.4534,0.4564,4.5648,6.1018,0.0000,-0.0000,0.0000,93.0759
2026-05-20 18:39:27.504,0,10,10,0.00,-0.4495,0.4580,4.5816,6.3271,0.0000,-0.0000,0.0000,92.6004
2026-05-20 18:39:28.004,0,10,10,0.00,-0.4530,0.4757,4.5986,6.5541,0.0000,-0.0000,0.0000,92.5797
2026-05-20 18:39:28.504,0,10,10,0.00,-0.4563,0.4555,4.6140,6.7811,0.0000,-0.0000,0.0000,93.1737
2026-05-20 18:39:29.004,0,10,10,0.00,-0.4516,0.4478,4.6295,7.0042,0.0000,-0.0000,0.0000,92.8442
2026-05-20 18:39:29.504,0,10,10,0.00,-0.4562,0.4684,4.6457,7.2324,0.0000,-0.0000,0.0000,93.4988
2026-05-20 18:39:30.004,0,10,10,0.00,-0.4540,0.4420,4.6597,7.4588,0.0000,-0.0000,0.0000,93.6630
2026-05-20 18:39:30.504,0,10,10,0.00,-0.4511,0.4460,4.6748,7.6832,0.0000,-0.0000,0.0000,92.7057
2026-05-20 18:39:31.003,0,10,10,0.00,-0.4530,0.4499,4.6902,7.9093,0.0000,-0.0000,0.0000,93.0048
2026-05-20 18:39:31.503,0,10,10,0.00,-0.4538,0.4523,4.7054,8.1354,0.0000,-0.0000,0.0000,92.4816
2026-05-20 18:39:32.004,0,10,10,0.00,-0.4496,0.4447,4.7208,8.3609,0.0000,-0.0000,0.0000,92.3685
2026-05-20 18:39:32.504,0,10,10,0.00,-0.4529,0.4549,4.7353,8.5878,0.0000,-0.0000,0.0000,93.2241
2026-05-20 18:39:33.004,0,10,10,0.00,-0.4544,0.4453,4.7494,8.8121,0.0000,-0.0000,0.0000,93.1398
2026-05-20 18:39:33.504,0,10,10,0.00,-0.4530,0.4584,4.7645,9.0376,0.0000,-0.0000,0.0000,92.8448
2026-05-20 18:39:34.004,0,10,10,0.00,-0.4583,0.4609,4.7798,9.2616,0.0000,-0.0000,0.0000,92.7419
2026-05-20 18:39:34.503,0,10,10,0.00,-0.4448,0.4424,4.7955,9.4869,0.0000,-0.0000,0.0000,92.5986
2026-05-20 18:39:35.004,0,10,10,0.00,-0.4509,0.4609,4.8109,9.7147,0.0000,-0.0000,0.0000,92.8697
2026-05-20 18:39:35.504,0,10,10,0.00,-0.4593,0.4199,4.8257,9.9378,0.0000,-0.0000,0.0000,92.8659
2026-05-20 18:39:36.004,0,10,10,0.00,-0.4537,0.4719,4.8428,10.1633,0.0000,-0.0000,0.0000,91.8149
2026-05-20 18:39:36.507,0,10,10,0.00,-0.4579,0.4688,4.8592,10.3904,0.0000,-0.0000,0.0000,92.7686
2026-05-20 18:39:37.004,0,10,10,0.00,-0.4529,0.4393,4.8749,10.6150,0.0000,-0.0000,0.0000,92.5540
2026-05-20 18:39:37.504,0,10,10,0.00,-0.4478,0.4562,4.8913,10.8401,0.0000,-0.0000,0.0000,92.3638
2026-05-20 18:39:38.004,0,10,10,0.00,-0.4479,0.4566,4.9072,11.0662,0.0000,-0.0000,0.0000,92.4791
2026-05-20 18:39:38.504,0,10,10,0.00,-0.4585,0.4566,4.9230,11.2913,0.0000,-0.0000,0.0000,92.4800
2026-05-20 18:39:39.004,0,10,10,0.00,-0.4502,0.4588,4.9392,11.5168,0.0000,-0.0000,0.0000,92.4169
2026-05-20 18:39:39.504,0,10,10,0.00,-0.4528,0.4499,4.9547,11.7435,0.0000,-0.0000,0.0000,92.6589
2026-05-20 18:39:40.003,0,10,10,0.00,-0.4516,0.4410,4.9702,11.9682,0.0000,-0.0000,0.0000,92.4113
2026-05-20 18:39:40.504,0,10,10,0.00,-0.4544,0.4554,4.9859,12.1953,0.0000,-0.0000,0.0000,92.5057
2026-05-20 18:39:41.004,0,10,10,0.00,-0.4470,0.4170,5.0008,12.4197,0.0000,-0.0000,0.0000,92.5915
2026-05-20 18:39:41.504,0,10,10,0.00,-0.4534,0.4464,5.0174,12.6438,0.0000,-0.0000,0.0000,91.9776
2026-05-20 18:39:42.003,0,10,10,0.00,-0.4523,0.4667,5.0343,12.8712,0.0000,-0.0000,0.0000,92.0670
2026-05-20 18:39:42.504,0,10,10,0.00,-0.4533,0.4494,5.0500,13.0970,0.0000,-0.0000,0.0000,92.1854
2026-05-20 18:39:43.004,0,10,10,0.00,-0.4544,0.4585,5.0665,13.3206,0.0000,-0.0000,0.0000,91.8611
2026-05-20 18:39:43.504,0,10,10,0.00,-0.4536,0.4538,5.0831,13.5472,0.0000,-0.0000,0.0000,91.9185
2026-05-20 18:39:44.004,0,10,10,0.00,-0.4546,0.4489,5.0990,13.7730,0.0000,-0.0000,0.0000,91.9374
2026-05-20 18:39:44.504,0,10,10,0.00,-0.4513,0.4589,5.1154,13.9988,0.0000,-0.0000,0.0000,91.9419
2026-05-20 18:39:45.004,0,10,10,0.00,-0.4515,0.4541,5.1311,14.2248,0.0000,-0.0000,0.0000,92.1245
2026-05-20 18:39:45.504,0,10,10,0.00,-0.4487,0.3358,5.1471,14.4424,0.0000,-0.0000,0.0000,91.9517
2026-05-20 18:39:46.004,0,10,10,0.00,-0.4513,-0.0003,5.1753,14.5919,0.0000,-0.0000,0.0000,82.5859
2026-05-20 18:39:46.503,0,10,10,0.00,-0.4547,-0.1550,5.2233,14.6674,0.0000,-0.0000,0.0000,56.7981
2026-05-20 18:39:47.004,0,10,10,0.00,-0.1712,0.0016,5.2746,14.6993,0.0000,-0.0000,0.0000,28.6823
2026-05-20 18:39:47.504,0,9,10,0.00,-0.0275,0.0132,5.2860,14.7040,0.0000,-0.0000,0.0000,24.4639
2026-05-20 18:39:48.004,0,10,10,0.00,-0.1948,0.1707,5.3361,14.7227,0.0000,-0.0000,0.0000,23.4387
2026-05-20 18:39:48.504,0,10,10,0.00,-0.3343,0.3299,5.4654,14.7693,0.0000,-0.0000,0.0000,22.8566
2026-05-20 18:39:49.004,0,10,10,0.00,-0.4588,0.4731,5.6646,14.8405,0.0000,-0.0000,0.0000,22.8311
2026-05-20 18:39:49.504,0,10,10,0.00,-0.4487,0.4583,5.8798,14.9199,0.0000,-0.0000,0.0000,23.7100
2026-05-20 18:39:50.004,0,10,10,0.00,-0.4520,0.4534,6.0916,14.9988,0.0000,-0.0000,0.0000,23.8034
2026-05-20 18:39:50.504,0,10,10,0.00,-0.4462,0.2104,6.2905,15.0684,0.0000,-0.0000,0.0000,22.8274
2026-05-20 18:39:51.004,0,10,10,0.00,-0.1427,-0.0147,6.3686,15.0832,0.0000,-0.0000,0.0000,8.2179
2026-05-20 18:39:51.504,0,10,10,0.00,0.0034,0.0062,6.3767,15.0835,0.0000,-0.0000,0.0000,4.7008
2026-05-20 18:39:52.004,0,10,10,0.00,-0.1081,0.0613,6.3913,15.0843,0.0000,-0.0000,0.0000,4.7008
2026-05-20 18:39:52.504,0,10,10,0.00,-0.2498,0.2405,6.4820,15.0861,0.0000,-0.0000,0.0000,2.9592
2026-05-20 18:39:53.004,0,10,10,0.00,-0.4225,0.4182,6.6569,15.0882,0.0000,-0.0000,0.0000,2.5861
2026-05-20 18:39:53.504,0,10,10,0.00,-0.4502,0.4667,6.8875,15.0918,0.0000,-0.0000,0.0000,2.7225
2026-05-20 18:39:54.004,0,10,10,0.00,-0.4536,0.4504,7.1141,15.0980,0.0000,-0.0000,0.0000,3.6777
2026-05-20 18:39:54.504,0,10,10,0.00,-0.4551,0.4538,7.3384,15.1033,0.0000,-0.0000,0.0000,2.8200
2026-05-20 18:39:55.004,0,10,10,0.00,-0.4534,0.4525,7.5663,15.1088,0.0000,-0.0000,0.0000,3.1179
2026-05-20 18:39:55.504,0,10,10,0.00,-0.4500,0.4396,7.7916,15.1148,0.0000,-0.0000,0.0000,3.2489
2026-05-20 18:39:56.004,0,10,10,0.00,-0.4516,0.4579,8.0176,15.1201,0.0000,-0.0000,0.0000,2.9075
2026-05-20 18:39:56.504,0,10,10,0.00,-0.4512,0.4558,8.2450,15.1260,0.0000,-0.0000,0.0000,3.1168
2026-05-20 18:39:57.004,0,10,10,0.00,-0.4524,0.4481,8.4704,15.1322,0.0000,-0.0000,0.0000,3.1468
2026-05-20 18:39:57.504,0,10,10,0.00,-0.4550,0.4506,8.6969,15.1382,0.0000,-0.0000,0.0000,3.0698
2026-05-20 18:39:58.004,0,10,10,0.00,-0.4540,0.4490,8.9240,15.1445,0.0000,-0.0000,0.0000,3.1292
2026-05-20 18:39:58.504,0,10,10,0.00,-0.4533,0.4575,9.1487,15.1504,0.0000,-0.0000,0.0000,3.0780
2026-05-20 18:39:59.004,0,10,10,0.00,-0.4530,0.4576,9.3749,15.1564,0.0000,-0.0000,0.0000,3.0848
2026-05-20 18:39:59.504,0,10,10,0.00,-0.4500,0.4410,9.6012,15.1627,0.0000,-0.0000,0.0000,3.1248
2026-05-20 18:40:00.004,0,10,10,0.00,-0.4551,0.4553,9.8276,15.1684,0.0000,-0.0000,0.0000,2.8164
2026-05-20 18:40:00.504,0,10,10,0.00,-0.4546,0.4500,10.0531,15.1744,0.0000,-0.0000,0.0000,2.9496
2026-05-20 18:40:01.004,0,10,10,0.00,-0.4529,0.4448,10.2787,15.1803,0.0000,-0.0000,0.0000,2.9061
2026-05-20 18:40:01.504,0,10,10,0.00,-0.4428,0.4474,10.5039,15.1855,0.0000,-0.0000,0.0000,2.5832
2026-05-20 18:40:02.004,0,10,10,0.00,-0.4520,0.4580,10.7324,15.1913,0.0000,-0.0000,0.0000,2.9365
2026-05-20 18:40:02.504,0,10,10,0.00,-0.4568,0.4609,10.9575,15.1972,0.0000,-0.0000,0.0000,2.7164
2026-05-20 18:40:03.004,0,10,10,0.00,-0.4533,0.4579,11.1832,15.2026,0.0000,-0.0000,0.0000,2.7348
2026-05-20 18:40:03.504,0,10,10,0.00,-0.4511,0.4575,11.4106,15.2086,0.0000,-0.0000,0.0000,2.9154
2026-05-20 18:40:04.004,0,10,10,0.00,-0.4502,0.4472,11.6351,15.2143,0.0000,-0.0000,0.0000,2.6940
2026-05-20 18:40:04.504,0,10,10,0.00,-0.4527,0.4610,11.8626,15.2200,0.0000,-0.0000,0.0000,2.6903
2026-05-20 18:40:05.004,0,10,10,0.00,-0.4583,0.4571,12.0884,15.2266,0.0000,-0.0000,0.0000,2.9936
2026-05-20 18:40:05.503,0,10,10,0.00,-0.4482,0.4443,12.3132,15.2326,0.0000,-0.0000,0.0000,2.7810
2026-05-20 18:40:06.004,0,10,10,0.00,-0.4533,0.4558,12.5399,15.2382,0.0000,-0.0000,0.0000,3.0043
2026-05-20 18:40:06.504,0,10,10,0.00,-0.4534,0.4482,12.7645,15.2439,0.0000,-0.0000,0.0000,3.1707
2026-05-20 18:40:07.004,0,9,10,0.00,-0.4547,0.4554,12.9906,15.2489,0.0000,-0.0000,0.0000,3.0112
2026-05-20 18:40:07.503,0,10,10,0.00,-0.4547,0.4550,13.2179,15.2545,0.0000,-0.0000,0.0000,3.2045
2026-05-20 18:40:08.005,0,10,10,0.00,-0.4506,0.4472,13.4433,15.2605,0.0000,-0.0000,0.0000,3.2562
2026-05-20 18:40:08.503,0,10,10,0.00,-0.4500,0.4511,13.6682,15.2656,0.0000,-0.0000,0.0000,2.9508
2026-05-20 18:40:09.004,0,10,10,0.00,-0.4469,0.4394,13.8957,15.2710,0.0000,-0.0000,0.0000,3.1546
2026-05-20 18:40:09.504,0,10,10,0.00,-0.4487,0.4261,14.1202,15.2765,0.0000,-0.0000,0.0000,3.1824
2026-05-20 18:40:10.004,0,10,10,0.00,-0.4508,0.4538,14.3462,15.2808,0.0000,-0.0000,0.0000,2.9051
2026-05-20 18:40:10.504,0,10,10,0.00,-0.4574,0.4684,14.5734,15.2860,0.0000,-0.0000,0.0000,3.2625
2026-05-20 18:40:11.004,0,10,10,0.00,-0.4540,0.4486,14.7979,15.2909,0.0000,-0.0000,0.0000,3.1016
2026-05-20 18:40:11.504,0,9,10,0.00,-0.4550,0.4648,15.0251,15.2954,0.0000,-0.0000,0.0000,3.0950
2026-05-20 18:40:12.004,0,10,10,0.00,-0.4527,0.4478,15.2514,15.3008,0.0000,-0.0000,0.0000,3.4556
2026-05-20 18:40:12.504,0,10,10,0.00,-0.4525,0.3473,15.4680,15.3044,0.0000,-0.0000,0.0000,3.1279
2026-05-20 18:40:13.004,0,10,10,0.00,-0.2461,0.0208,15.5964,15.2943,0.0000,-0.0000,0.0000,-5.3970
2026-05-20 18:40:13.504,0,10,10,0.00,0.0001,0.1579,15.6330,15.2859,0.0000,-0.0000,0.0000,-12.9892
2026-05-20 18:40:14.004,0,10,10,0.00,-0.0810,0.0812,15.6675,15.2811,0.0000,-0.0000,0.0000,-5.5993
2026-05-20 18:40:14.504,0,10,10,0.00,-0.2509,0.2562,15.7515,15.2714,0.0000,-0.0000,0.0000,-4.5668
2026-05-20 18:40:15.004,0,10,10,0.00,-0.3994,0.4034,15.9164,15.2532,0.0000,-0.0000,0.0000,-4.3414
2026-05-20 18:40:15.504,0,10,10,0.00,-0.4538,0.4778,16.1418,15.2292,0.0000,-0.0000,0.0000,-4.2235
2026-05-20 18:40:16.004,0,10,10,0.00,-0.4507,0.4447,16.3686,15.2076,0.0000,-0.0000,0.0000,-3.4510
2026-05-20 18:40:16.504,0,10,10,0.00,-0.4512,0.4427,16.5935,15.1865,0.0000,-0.0000,0.0000,-3.4193
2026-05-20 18:40:17.004,0,10,10,0.00,-0.4529,0.4550,16.8186,15.1652,0.0000,-0.0000,0.0000,-3.6178
2026-05-20 18:40:17.504,0,10,10,0.00,-0.4516,0.4561,17.0459,15.1444,0.0000,-0.0000,0.0000,-3.2142
2026-05-20 18:40:18.004,0,10,10,0.00,-0.4564,0.4474,17.2702,15.1245,0.0000,-0.0000,0.0000,-3.0000
2026-05-20 18:40:18.504,0,10,10,0.00,-0.4491,0.4462,17.4935,15.1036,0.0000,-0.0000,0.0000,-3.3804
2026-05-20 18:40:19.004,0,10,10,0.00,-0.4502,0.4581,17.7214,15.0826,0.0000,-0.0000,0.0000,-3.0871
2026-05-20 18:40:19.504,0,9,10,0.00,-0.4532,0.4400,17.9454,15.0627,0.0000,-0.0000,0.0000,-3.1094
2026-05-20 18:40:20.004,0,10,10,0.00,-0.4554,0.4610,18.1711,15.0419,0.0000,-0.0000,0.0000,-3.2348
2026-05-20 18:40:20.504,0,10,10,0.00,-0.4534,0.4567,18.3965,15.0218,0.0000,-0.0000,0.0000,-2.9112
2026-05-20 18:40:21.003,0,10,10,0.00,-0.4519,0.4490,18.6210,15.0015,0.0000,-0.0000,0.0000,-3.3332
2026-05-20 18:40:21.504,0,10,10,0.00,-0.4513,0.4519,18.8473,14.9809,0.0000,-0.0000,0.0000,-3.3146
2026-05-20 18:40:22.004,0,10,10,0.00,-0.4528,0.4474,19.0716,14.9605,0.0000,-0.0000,0.0000,-3.2234
2026-05-20 18:40:22.504,0,10,10,0.00,-0.4527,0.4554,19.2967,14.9394,0.0000,-0.0000,0.0000,-3.5828
2026-05-20 18:40:23.004,0,10,10,0.00,-0.4513,0.4540,19.5232,14.9187,0.0000,-0.0000,0.0000,-3.4149
2026-05-20 18:40:23.504,0,10,10,0.00,-0.4521,0.4466,19.7478,14.8985,0.0000,-0.0000,0.0000,-3.2601
2026-05-20 18:40:24.004,0,9,10,0.00,-0.4499,0.4587,19.9724,14.8772,0.0000,-0.0000,0.0000,-3.6886
2026-05-20 18:40:24.504,0,10,10,0.00,-0.4536,0.4527,20.1988,14.8565,0.0000,-0.0000,0.0000,-3.2636
2026-05-20 18:40:25.004,0,10,10,0.00,-0.4530,0.4472,20.4238,14.8361,0.0000,-0.0000,0.0000,-3.3847
2026-05-20 18:40:25.504,0,10,10,0.00,-0.1923,0.4365,20.6204,14.8229,0.0000,-0.0000,0.0000,-2.5985
2026-05-20 18:40:26.004,0,10,10,0.00,-0.0141,0.0979,20.7000,14.8301,0.0000,-0.0000,0.0000,11.4194
2026-05-20 18:40:26.504,0,10,10,0.00,-0.1789,-0.0203,20.7220,14.8337,0.0000,-0.0000,0.0000,13.1948
2026-05-20 18:40:27.004,0,10,10,0.00,-0.0378,0.0003,20.7349,14.8347,0.0000,-0.0000,0.0000,5.2284
2026-05-20 18:40:27.504,0,10,10,0.00,-0.2085,0.1433,20.7853,14.8359,0.0000,-0.0000,0.0000,3.6869
2026-05-20 18:40:28.004,0,10,10,0.00,-0.3618,0.3401,20.9229,14.8338,0.0000,-0.0000,0.0000,0.5771
2026-05-20 18:40:28.503,0,10,10,0.00,-0.4600,0.4761,21.1365,14.8271,0.0000,-0.0000,0.0000,-0.5925
2026-05-20 18:40:29.004,0,10,10,0.00,-0.4508,0.4610,21.3675,14.8219,0.0000,-0.0000,0.0000,0.4318
2026-05-20 18:40:29.504,0,10,10,0.00,-0.4506,0.4430,21.5923,14.8184,0.0000,-0.0000,0.0000,0.9138
2026-05-20 18:40:30.004,0,10,10,0.00,-0.4534,0.4587,21.8174,14.8137,0.0000,-0.0000,0.0000,0.2123
2026-05-20 18:40:30.504,0,10,10,0.00,-0.4516,0.4578,22.0452,14.8091,0.0000,-0.0000,0.0000,0.3738
2026-05-20 18:40:31.004,0,10,10,0.00,-0.4546,0.4485,22.2706,14.8053,0.0000,-0.0000,0.0000,0.7253
2026-05-20 18:40:31.504,0,10,10,0.00,-0.4521,0.4554,22.4963,14.8006,0.0000,-0.0000,0.0000,0.4518
2026-05-20 18:40:32.004,0,10,10,0.00,-0.4486,0.4482,22.7229,14.7962,0.0000,-0.0000,0.0000,0.5884
2026-05-20 18:40:32.504,0,10,10,0.00,-0.4558,0.4513,22.9481,14.7918,0.0000,-0.0000,0.0000,0.5219
2026-05-20 18:40:33.004,0,10,10,0.00,-0.4542,0.4585,23.1752,14.7869,0.0000,-0.0000,0.0000,0.5121
2026-05-20 18:40:33.504,0,10,10,0.00,-0.4528,0.4508,23.4014,14.7824,0.0000,-0.0000,0.0000,0.6603
2026-05-20 18:40:34.004,0,9,10,0.00,-0.4546,0.4568,23.6266,14.7776,0.0000,-0.0000,0.0000,0.3858
2026-05-20 18:40:34.504,0,10,10,0.00,-0.4546,0.4549,23.8532,14.7728,0.0000,-0.0000,0.0000,0.4503
2026-05-20 18:40:35.004,0,10,10,0.00,-0.4507,0.4447,24.0792,14.7685,0.0000,-0.0000,0.0000,0.6166
2026-05-20 18:40:35.504,0,10,10,0.00,-0.4532,0.4527,24.3046,14.7633,0.0000,-0.0000,0.0000,0.2074
2026-05-20 18:40:36.004,0,10,10,0.00,-0.4537,0.4570,24.5360,14.7582,0.0000,-0.0000,0.0000,0.3062
2026-05-20 18:40:36.504,0,10,10,0.00,-0.4519,0.4499,24.7568,14.7535,0.0000,-0.0000,0.0000,0.4221
2026-05-20 18:40:37.004,0,10,10,0.00,-0.4515,0.4580,24.9832,14.7483,0.0000,-0.0000,0.0000,0.2345
2026-05-20 18:40:37.504,0,10,10,0.00,-0.4507,0.4520,25.2097,14.7434,0.0000,-0.0000,0.0000,0.3055
2026-05-20 18:40:38.004,0,10,10,0.00,-0.4551,0.4473,25.4349,14.7384,0.0000,-0.0000,0.0000,0.3572
2026-05-20 18:40:38.504,0,10,10,0.00,-0.4555,0.4588,25.6611,14.7330,0.0000,-0.0000,0.0000,0.1122
2026-05-20 18:40:39.005,0,10,10,0.00,-0.4500,0.4472,25.8878,14.7278,0.0000,-0.0000,0.0000,0.1374
2026-05-20 18:40:39.504,0,10,10,0.00,-0.4500,0.4525,26.1128,14.7223,0.0000,-0.0000,0.0000,0.1316
2026-05-20 18:40:40.004,0,10,10,0.00,-0.4521,0.4622,26.3399,14.7166,0.0000,-0.0000,0.0000,0.0702
2026-05-20 18:40:40.504,0,10,10,0.00,-0.3842,0.4479,26.5605,14.7128,0.0000,-0.0000,0.0000,0.5679
2026-05-20 18:40:41.004,0,10,10,0.00,-0.0569,0.3812,26.7211,14.7232,0.0000,-0.0000,0.0000,4.9882
2026-05-20 18:40:41.504,0,10,10,0.00,-0.0893,0.0441,26.7803,14.7407,0.0000,-0.0000,0.0000,22.1279
2026-05-20 18:40:42.004,0,9,10,0.00,-0.1160,0.0007,26.8159,14.7506,0.0000,-0.0000,0.0000,17.9235
2026-05-20 18:40:42.504,0,10,10,0.00,-0.2749,0.0975,26.8759,14.7586,0.0000,-0.0000,0.0000,10.2358
2026-05-20 18:40:43.004,0,10,10,0.00,-0.4248,0.3262,27.0230,14.7601,0.0000,-0.0000,0.0000,1.6402
2026-05-20 18:40:43.503,0,10,10,0.00,-0.4553,0.4585,27.2372,14.7465,0.0000,-0.0000,0.0000,-3.0060
2026-05-20 18:40:44.005,0,10,10,0.00,-0.4572,0.4740,27.4670,14.7315,0.0000,-0.0000,0.0000,-1.9657
2026-05-20 18:40:44.504,0,10,10,0.00,-0.4496,0.4436,27.6935,14.7194,0.0000,-0.0000,0.0000,-0.9618
2026-05-20 18:40:45.004,0,10,10,0.00,-0.4527,0.4499,27.9178,14.7064,0.0000,-0.0000,0.0000,-1.2741
2026-05-20 18:40:45.504,0,10,10,0.00,-0.4512,0.4601,28.1440,14.6929,0.0000,-0.0000,0.0000,-1.0832
2026-05-20 18:40:46.004,0,10,10,0.00,-0.4549,0.4485,28.3705,14.6803,0.0000,-0.0000,0.0000,-0.7490
2026-05-20 18:40:46.504,0,10,10,0.00,-0.4541,0.4482,28.5958,14.6676,0.0000,-0.0000,0.0000,-0.9412
2026-05-20 18:40:47.004,0,10,10,0.00,-0.4536,0.4605,28.8217,14.6543,0.0000,-0.0000,0.0000,-0.9175
2026-05-20 18:40:47.504,0,10,10,0.00,-0.4279,0.4575,29.0470,14.6416,0.0000,-0.0000,0.0000,-0.6286
2026-05-20 18:40:48.004,0,9,10,0.00,-0.1399,0.1865,29.1895,14.6363,0.0000,-0.0000,0.0000,0.1271
2026-05-20 18:40:48.504,0,10,10,0.00,-0.0001,0.0962,29.2305,14.6377,0.0000,-0.0000,0.0000,4.5872
2026-05-20 18:40:49.004,0,10,10,0.00,-0.0567,0.0234,29.2389,14.6386,0.0000,-0.0000,0.0000,7.6981
2026-05-20 18:40:49.504,0,10,10,0.00,-0.2251,0.2139,29.3079,14.6443,0.0000,-0.0000,0.0000,7.9245
2026-05-20 18:40:50.004,0,10,10,0.00,-0.3934,0.3563,29.4589,14.6544,0.0000,-0.0000,0.0000,6.9212
2026-05-20 18:40:50.504,0,10,10,0.00,-0.4554,0.4621,29.6765,14.6652,0.0000,-0.0000,0.0000,5.8670
2026-05-20 18:40:51.004,0,10,10,0.00,-0.4492,0.4572,29.9035,14.6774,0.0000,-0.0000,0.0000,6.2884
2026-05-20 18:40:51.504,0,10,10,0.00,-0.4532,0.4551,30.1306,14.6905,0.0000,-0.0000,0.0000,6.4958
2026-05-20 18:40:52.004,0,10,10,0.00,-0.4489,0.4406,30.3556,14.7035,0.0000,-0.0000,0.0000,6.3978
2026-05-20 18:40:52.504,0,10,10,0.00,-0.4504,0.4604,30.5809,14.7158,0.0000,-0.0000,0.0000,5.8402
2026-05-20 18:40:53.004,0,10,10,0.00,-0.4564,0.4593,30.8077,14.7289,0.0000,-0.0000,0.0000,6.0873
2026-05-20 18:40:53.504,0,10,10,0.00,-0.4511,0.4362,31.0324,14.7418,0.0000,-0.0000,0.0000,5.9937
2026-05-20 18:40:54.004,0,10,10,0.00,-0.4519,0.4580,31.2591,14.7541,0.0000,-0.0000,0.0000,5.6929
2026-05-20 18:40:54.504,0,10,10,0.00,-0.4512,0.4550,31.4855,14.7672,0.0000,-0.0000,0.0000,5.9728
2026-05-20 18:40:55.003,0,10,10,0.00,-0.4533,0.4519,31.7102,14.7802,0.0000,-0.0000,0.0000,5.9283
2026-05-20 18:40:55.504,0,10,10,0.00,-0.4541,0.4595,31.9366,14.7931,0.0000,-0.0000,0.0000,5.7958
2026-05-20 18:40:56.004,0,10,10,0.00,-0.4519,0.4486,32.1632,14.8065,0.0000,-0.0000,0.0000,5.8750
2026-05-20 18:40:56.504,0,10,10,0.00,-0.4554,0.4525,32.3873,14.8194,0.0000,-0.0000,0.0000,5.7444
2026-05-20 18:40:57.004,0,10,10,0.00,-0.4515,0.4530,32.6136,14.8321,0.0000,-0.0000,0.0000,5.6730
2026-05-20 18:40:57.504,0,10,10,0.00,-0.4512,0.4477,32.8391,14.8451,0.0000,-0.0000,0.0000,5.8429
2026-05-20 18:40:58.003,0,10,10,0.00,-0.4520,0.4503,33.0639,14.8573,0.0000,-0.0000,0.0000,5.5422
2026-05-20 18:40:58.504,0,10,10,0.00,-0.4549,0.4613,33.2909,14.8697,0.0000,-0.0000,0.0000,5.7149
2026-05-20 18:40:59.003,0,10,10,0.00,-0.4517,0.4415,33.5160,14.8826,0.0000,-0.0000,0.0000,5.8757
2026-05-20 18:40:59.504,0,10,10,0.00,-0.4483,0.4520,33.7411,14.8946,0.0000,-0.0000,0.0000,5.5413
2026-05-20 18:41:00.004,0,10,10,0.00,-0.4508,0.4559,33.9673,14.9068,0.0000,-0.0000,0.0000,5.7008
2026-05-20 18:41:00.504,0,10,10,0.00,-0.4553,0.4550,34.1931,14.9189,0.0000,-0.0000,0.0000,5.7101
2026-05-20 18:41:01.004,0,10,10,0.00,-0.4494,0.4601,34.4197,14.9312,0.0000,-0.0000,0.0000,5.8272
2026-05-20 18:41:01.504,0,10,10,0.00,-0.4512,0.4521,34.6461,14.9444,0.0000,-0.0000,0.0000,6.4504
2026-05-20 18:41:02.004,0,9,10,0.00,-0.4547,0.4546,34.8713,14.9572,0.0000,-0.0000,0.0000,6.3230
2026-05-20 18:41:02.504,0,10,10,0.00,-0.4524,0.4597,35.0979,14.9701,0.0000,-0.0000,0.0000,6.5211
2026-05-20 18:41:03.004,0,10,10,0.00,-0.4489,0.4422,35.3233,14.9835,0.0000,-0.0000,0.0000,6.6539
2026-05-20 18:41:03.504,0,10,10,0.00,-0.4537,0.4529,35.5482,14.9961,0.0000,-0.0000,0.0000,6.3135
2026-05-20 18:41:04.004,0,10,10,0.00,-0.4537,0.4487,35.7743,15.0084,0.0000,-0.0000,0.0000,6.2814
2026-05-20 18:41:04.504,0,10,10,0.00,-0.4519,0.4515,35.9999,15.0207,0.0000,-0.0000,0.0000,6.3249
2026-05-20 18:41:05.003,0,10,10,0.00,-0.4496,0.4550,36.2261,15.0331,0.0000,-0.0000,0.0000,6.2785
2026-05-20 18:41:05.504,0,10,10,0.00,-0.4538,0.4584,36.4530,15.0462,0.0000,-0.0000,0.0000,6.4025
2026-05-20 18:41:06.003,0,10,10,0.00,-0.4533,0.4445,36.6777,15.0592,0.0000,-0.0000,0.0000,6.4833
2026-05-20 18:41:06.503,0,10,10,0.00,-0.4509,0.4555,36.9039,15.0719,0.0000,-0.0000,0.0000,6.2530
2026-05-20 18:41:07.004,0,10,10,0.00,-0.4495,0.4477,37.1300,15.0852,0.0000,-0.0000,0.0000,6.5210
2026-05-20 18:41:07.503,0,10,10,0.00,-0.4528,0.4554,37.3546,15.0979,0.0000,-0.0000,0.0000,6.4063
2026-05-20 18:41:08.004,0,10,10,0.00,-0.4525,0.4587,37.5810,15.1106,0.0000,-0.0000,0.0000,6.3978
2026-05-20 18:41:08.504,0,9,10,0.00,-0.4544,0.4502,37.8066,15.1237,0.0000,-0.0000,0.0000,6.6525
2026-05-20 18:41:09.004,0,10,10,0.00,-0.4589,0.4592,38.0315,15.1365,0.0000,-0.0000,0.0000,6.3312
2026-05-20 18:41:09.504,0,10,10,0.00,-0.4506,0.4496,38.2591,15.1494,0.0000,-0.0000,0.0000,6.3013
2026-05-20 18:41:10.007,0,10,10,0.00,-0.4534,0.4482,38.4846,15.1627,0.0000,-0.0000,0.0000,6.6829
2026-05-20 18:41:10.503,0,10,10,0.00,-0.4547,0.4579,38.7092,15.1753,0.0000,-0.0000,0.0000,6.1762
2026-05-20 18:41:11.004,0,10,10,0.00,-0.4532,0.4597,38.9363,15.1883,0.0000,-0.0000,0.0000,6.4218
2026-05-20 18:41:11.504,0,10,10,0.00,-0.4509,0.4413,39.1609,15.2013,0.0000,-0.0000,0.0000,6.4117
2026-05-20 18:41:12.004,0,10,10,0.00,-0.4508,0.4619,39.3871,15.2137,0.0000,-0.0000,0.0000,6.1848
2026-05-20 18:41:12.504,0,10,10,0.00,-0.4530,0.4504,39.6136,15.2267,0.0000,-0.0000,0.0000,6.4027
2026-05-20 18:41:13.004,0,9,10,0.00,-0.1952,0.1839,39.7802,15.2357,0.0000,-0.0000,0.0000,6.0571
2026-05-20 18:41:13.504,0,10,10,0.00,0.0001,-0.0047,39.8011,15.2368,0.0000,-0.0000,0.0000,5.5899
2026-05-20 18:41:14.004,0,10,10,0.00,0.0000,0.0000,39.8009,15.2368,0.0000,-0.0000,0.0000,5.5899
2026-05-20 18:41:14.504,0,10,10,0.00,-0.0001,0.0000,39.8009,15.2368,0.0000,-0.0000,0.0000,5.5899
2026-05-20 18:41:15.004,0,10,10,0.00,0.0000,0.0000,39.8009,15.2368,0.0000,-0.0000,0.0000,5.5899
2026-05-20 18:41:15.504,0,10,10,0.00,-0.0001,0.0000,39.8009,15.2368,0.0000,-0.0000,0.0000,5.5899
2026-05-20 18:41:16.004,0,10,10,0.00,-0.0001,0.0001,39.8009,15.2368,0.0000,-0.0000,0.0000,5.5899
2026-05-20 18:41:16.504,0,10,10,0.00,0.0003,-0.0004,39.8009,15.2368,0.0000,-0.0000,0.0000,5.5899
2026-05-20 18:41:17.004,0,10,10,0.00,0.0000,-0.0001,39.8009,15.2368,0.0000,-0.0000,0.0000,5.5899
2026-05-20 18:41:17.504,0,10,10,0.00,0.0000,0.0003,39.8009,15.2368,0.0000,-0.0000,0.0000,5.5899
2026-05-20 18:41:18.004,0,10,10,0.00,0.0000,0.0004,39.8009,15.2368,0.0000,-0.0000,0.0000,5.5899
2026-05-20 18:41:18.504,0,10,10,0.00,0.0001,0.0000,39.8009,15.2368,0.0000,-0.0000,0.0000,5.5899
2026-05-20 18:41:19.004,0,10,10,0.00,0.0001,0.0000,39.8009,15.2368,0.0000,-0.0000,0.0000,5.5899
2026-05-20 18:41:19.504,0,10,10,0.00,-0.0003,0.0001,39.8009,15.2368,0.0000,-0.0000,0.0000,5.5899
2026-05-20 18:41:20.004,0,10,10,0.00,-0.0001,0.0000,39.8009,15.2368,0.0000,-0.0000,0.0000,5.5899
2026-05-20 18:41:20.504,0,10,10,0.00,0.0000,-0.0001,39.8009,15.2368,0.0000,-0.0000,0.0000,5.5899
2026-05-20 18:41:21.004,0,10,10,0.00,-0.0001,0.0000,39.8009,15.2368,0.0000,-0.0000,0.0000,5.5899
2026-05-20 18:41:21.504,0,10,10,0.00,0.0000,0.0000,39.8009,15.2368,0.0000,-0.0000,0.0000,5.5899
2026-05-20 18:41:22.004,0,10,10,0.00,-0.0003,-0.0004,39.8009,15.2368,0.0000,-0.0000,0.0000,5.5899
2026-05-20 18:41:22.504,0,10,10,0.00,0.0000,0.0003,39.8009,15.2368,0.0000,-0.0000,0.0000,5.5899
2026-05-20 18:41:23.004,0,10,10,0.00,0.0000,0.0001,39.8009,15.2368,0.0000,-0.0000,0.0000,5.5899
2026-05-20 18:41:23.504,0,10,10,0.00,0.0000,0.0000,39.8009,15.2368,0.0000,-0.0000,0.0000,5.5899
2026-05-20 18:41:24.004,0,10,10,0.00,0.0000,0.0000,39.8009,15.2368,0.0000,-0.0000,0.0000,5.5899
2026-05-20 18:41:24.504,0,10,10,0.00,0.0000,0.0000,39.8009,15.2368,0.0000,-0.0000,0.0000,5.5899
2026-05-20 18:41:25.004,0,10,10,0.00,0.0000,-0.0001,39.8009,15.2368,0.0000,-0.0000,0.0000,5.5899
2026-05-20 18:41:25.504,0,10,10,0.00,0.0000,0.0000,39.8009,15.2368,0.0000,-0.0000,0.0000,5.5899
2026-05-20 18:41:26.004,0,10,10,0.00,-0.0001,0.0000,39.8009,15.2368,0.0000,-0.0000,0.0000,5.5899
2026-05-20 18:41:26.504,0,10,10,0.00,0.0003,0.0000,39.8009,15.2368,0.0000,-0.0000,0.0000,5.5899
2026-05-20 18:41:27.004,0,10,10,0.00,0.0000,0.0000,39.8009,15.2368,0.0000,-0.0000,0.0000,5.5899
2026-05-20 18:41:27.504,0,10,10,0.00,0.0000,0.0000,39.8009,15.2368,0.0000,-0.0000,0.0000,5.5899
2026-05-20 18:41:28.003,0,10,10,0.00,0.0001,0.0000,39.8009,15.2368,0.0000,-0.0000,0.0000,5.5899
2026-05-20 18:41:28.507,0,10,10,0.00,-0.0003,-0.0001,39.8009,15.2368,0.0000,-0.0000,0.0000,5.5899
2026-05-20 18:41:29.004,0,10,10,0.00,0.0000,-0.0001,39.8009,15.2368,0.0000,-0.0000,0.0000,5.5899
2026-05-20 18:41:29.504,0,10,10,0.00,0.0000,0.0000,39.8009,15.2368,0.0000,-0.0000,0.0000,5.5899
2026-05-20 18:41:30.004,0,10,10,0.00,0.0000,0.0000,39.8009,15.2368,0.0000,-0.0000,0.0000,5.5899
2026-05-20 18:41:30.504,0,10,10,0.00,-0.0001,-0.0001,39.8009,15.2368,0.0000,-0.0000,0.0000,5.5899
2026-05-20 18:41:31.003,0,10,10,0.00,-0.0001,0.0000,39.8009,15.2368,0.0000,-0.0000,0.0000,5.5899
2026-05-20 18:41:31.504,0,10,10,0.00,0.0001,0.0000,39.8009,15.2368,0.0000,-0.0000,0.0000,5.5899
2026-05-20 18:41:32.004,0,10,10,0.00,0.0000,0.0000,39.8009,15.2368,0.0000,-0.0000,0.0000,5.5899
2026-05-20 18:41:32.504,0,10,10,0.00,-0.0003,0.0000,39.8009,15.2368,0.0000,-0.0000,0.0000,5.5899
2026-05-20 18:41:33.004,0,10,10,0.00,0.0000,-0.0001,39.8009,15.2368,0.0000,-0.0000,0.0000,5.5899
2026-05-20 18:41:33.504,0,10,10,0.00,0.0001,0.0000,39.8009,15.2368,0.0000,-0.0000,0.0000,5.5899
2026-05-20 18:41:34.004,0,10,10,0.00,0.0000,-0.0001,39.8009,15.2368,0.0000,-0.0000,0.0000,5.5899
2026-05-20 18:41:34.504,0,10,10,0.00,0.0001,0.0001,39.8009,15.2368,0.0000,-0.0000,0.0000,5.5899
2026-05-20 18:41:35.004,0,10,10,0.00,-0.0001,0.0004,39.8009,15.2368,0.0000,-0.0000,0.0000,5.5899
2026-05-20 18:41:35.504,0,10,10,0.00,0.0000,0.0000,39.8009,15.2368,0.0000,-0.0000,0.0000,5.5899
2026-05-20 18:41:36.003,0,10,10,0.00,0.0001,0.0000,39.8009,15.2368,0.0000,-0.0000,0.0000,5.5899
2026-05-20 18:41:36.504,0,10,10,0.00,0.0000,-0.0001,39.8009,15.2368,0.0000,-0.0000,0.0000,5.5899
2026-05-20 18:41:37.004,0,10,10,0.00,-0.0003,0.0003,39.8009,15.2368,0.0000,-0.0000,0.0000,5.5899
2026-05-20 18:41:37.504,0,10,10,0.00,0.0001,0.0000,39.8009,15.2368,0.0000,-0.0000,0.0000,5.5899
2026-05-20 18:41:38.004,0,10,10,0.00,-0.0001,0.0003,39.8009,15.2368,0.0000,-0.0000,0.0000,5.5899
2026-05-20 18:41:38.503,0,10,10,0.00,0.0000,0.0000,39.8009,15.2368,0.0000,-0.0000,0.0000,5.5899
2026-05-20 18:41:39.004,0,10,10,0.00,0.0000,0.0001,39.8009,15.2368,0.0000,-0.0000,0.0000,5.5899
2026-05-20 18:41:39.504,0,10,10,0.00,0.0001,0.0000,39.8009,15.2368,0.0000,-0.0000,0.0000,5.5899
2026-05-20 18:41:40.004,0,10,10,0.00,-0.0004,-0.0001,39.8009,15.2368,0.0000,-0.0000,0.0000,5.5899
2026-05-20 18:41:40.504,0,10,10,0.00,0.0000,-0.0005,39.8009,15.2368,0.0000,-0.0000,0.0000,5.5899
2026-05-20 18:41:41.004,0,10,10,0.00,0.0000,0.0000,39.8009,15.2368,0.0000,-0.0000,0.0000,5.5899
2026-05-20 18:41:41.504,0,10,10,0.00,0.0000,0.0000,39.8009,15.2368,0.0000,-0.0000,0.0000,5.5899
2026-05-20 18:41:42.004,0,10,10,0.00,0.0743,0.0457,39.7984,15.2366,0.0000,-0.0000,0.0000,5.5899
2026-05-20 18:41:42.504,0,10,10,0.00,0.2375,0.2492,39.7947,15.2364,0.0000,-0.0000,0.0000,17.6216
2026-05-20 18:41:43.004,0,10,10,0.00,0.3911,0.3965,39.7945,15.2359,0.0000,-0.0000,0.0000,47.4431
2026-05-20 18:41:43.504,0,10,10,0.00,0.4629,0.4176,39.7936,15.2324,0.0000,-0.0000,0.0000,91.8635
2026-05-20 18:41:44.004,0,10,10,0.00,0.3940,0.4694,39.7906,15.2344,0.0000,-0.0000,0.0000,138.7013
2026-05-20 18:41:44.504,0,10,10,0.00,0.0641,0.1042,39.7742,15.2398,0.0000,-0.0000,0.0000,178.0010
2026-05-20 18:41:45.004,0,9,10,0.00,-0.0508,-0.0530,39.7701,15.2403,0.0000,-0.0000,0.0000,-179.2971
2026-05-20 18:41:45.504,0,10,10,0.00,0.0745,0.0234,39.7747,15.2395,0.0000,-0.0000,0.0000,177.6894
2026-05-20 18:41:46.004,0,10,10,0.00,-0.0393,0.0347,39.7689,15.2400,0.0000,-0.0000,0.0000,-177.7365
2026-05-20 18:41:46.504,0,10,10,0.00,-0.1949,0.1727,39.7211,15.2460,0.0000,-0.0000,0.0000,-178.5571
2026-05-20 18:41:47.004,0,10,10,0.00,-0.3394,0.3134,39.5851,15.2656,0.0000,-0.0000,0.0000,-179.4971
2026-05-20 18:41:47.504,0,10,10,0.00,-0.4608,0.4617,39.3800,15.2990,0.0000,-0.0000,0.0000,178.9032
2026-05-20 18:41:48.004,0,10,10,0.00,-0.4498,0.4593,39.1522,15.3361,0.0000,-0.0000,0.0000,179.8317
2026-05-20 18:41:48.504,0,10,10,0.00,-0.4536,0.4516,38.9278,15.3702,0.0000,-0.0000,0.0000,179.9881
2026-05-20 18:41:49.004,0,10,10,0.00,-0.4511,0.4516,38.7052,15.4044,0.0000,-0.0000,0.0000,179.3055
2026-05-20 18:41:49.504,0,10,10,0.00,-0.4506,0.4597,38.4816,15.4394,0.0000,-0.0000,0.0000,179.2216
2026-05-20 18:41:50.004,0,10,10,0.00,-0.4521,0.4498,38.2583,15.4737,0.0000,-0.0000,0.0000,179.3914
2026-05-20 18:41:50.503,0,10,10,0.00,-0.4558,0.4489,38.0348,15.5083,0.0000,-0.0000,0.0000,179.0959
2026-05-20 18:41:51.004,0,10,10,0.00,-0.4545,0.4631,37.8107,15.5434,0.0000,-0.0000,0.0000,179.1362
2026-05-20 18:41:51.504,0,10,10,0.00,-0.4520,0.4499,37.5874,15.5776,0.0000,-0.0000,0.0000,179.1817
2026-05-20 18:41:52.004,0,10,10,0.00,-0.4491,0.4477,37.3647,15.6124,0.0000,-0.0000,0.0000,178.7737
2026-05-20 18:41:52.504,0,10,10,0.00,-0.4516,0.4570,37.1403,15.6473,0.0000,-0.0000,0.0000,178.8887
2026-05-20 18:41:53.004,0,10,10,0.00,-0.4523,0.4490,36.9173,15.6818,0.0000,-0.0000,0.0000,178.9249
2026-05-20 18:41:53.504,0,10,10,0.00,-0.4538,0.4568,36.6937,15.7168,0.0000,-0.0000,0.0000,178.7067
2026-05-20 18:41:54.004,0,10,10,0.00,-0.4513,0.4557,36.4704,15.7517,0.0000,-0.0000,0.0000,178.8313
2026-05-20 18:41:54.504,0,10,10,0.00,-0.4523,0.4482,36.2470,15.7866,0.0000,-0.0000,0.0000,178.8132
2026-05-20 18:41:55.003,0,10,10,0.00,-0.4555,0.4633,36.0228,15.8216,0.0000,-0.0000,0.0000,178.7492
2026-05-20 18:41:55.504,0,10,10,0.00,-0.4545,0.4523,35.7996,15.8559,0.0000,-0.0000,0.0000,178.8696
2026-05-20 18:41:56.004,0,10,10,0.00,-0.4536,0.4506,35.5774,15.8905,0.0000,-0.0000,0.0000,178.5431
2026-05-20 18:41:56.504,0,10,10,0.00,-0.4487,0.4578,35.3534,15.9259,0.0000,-0.0000,0.0000,178.5745
2026-05-20 18:41:57.004,0,10,10,0.00,-0.4540,0.4529,35.1292,15.9605,0.0000,-0.0000,0.0000,178.8984
2026-05-20 18:41:57.504,0,10,10,0.00,-0.4544,0.4456,34.9071,15.9951,0.0000,-0.0000,0.0000,178.5109
2026-05-20 18:41:58.004,0,10,10,0.00,-0.4533,0.4542,34.6836,16.0305,0.0000,-0.0000,0.0000,178.7066
2026-05-20 18:41:58.504,0,10,10,0.00,-0.4500,0.4449,34.4595,16.0653,0.0000,-0.0000,0.0000,178.6377
2026-05-20 18:41:59.004,0,10,10,0.00,-0.4545,0.4597,34.2364,16.1004,0.0000,-0.0000,0.0000,178.5135
2026-05-20 18:41:59.504,0,10,10,0.00,-0.4486,0.4567,34.0126,16.1352,0.0000,-0.0000,0.0000,178.8562
2026-05-20 18:42:00.004,0,9,10,0.00,-0.4509,0.4470,33.7895,16.1697,0.0000,-0.0000,0.0000,178.7386
2026-05-20 18:42:00.504,0,10,10,0.00,-0.4532,0.4568,33.5656,16.2048,0.0000,-0.0000,0.0000,178.6099
2026-05-20 18:42:01.004,0,10,10,0.00,-0.4563,0.4619,33.3391,16.2395,0.0000,-0.0000,0.0000,179.1678
2026-05-20 18:42:01.504,0,10,10,0.00,-0.4496,0.4443,33.1182,16.2730,0.0000,-0.0000,0.0000,179.0446
2026-05-20 18:42:02.004,0,10,10,0.00,-0.4168,0.3796,32.8985,16.3073,0.0000,-0.0000,0.0000,178.7021
2026-05-20 18:42:02.504,0,10,10,0.00,-0.0914,0.0321,32.7845,16.3267,0.0000,-0.0000,0.0000,177.4928
2026-05-20 18:42:03.003,0,10,10,0.00,0.0335,0.0134,32.7827,16.3270,0.0000,-0.0000,0.0000,176.8719
2026-05-20 18:42:03.504,0,10,10,0.00,0.0008,0.0000,32.7803,16.3274,0.0000,-0.0000,0.0000,176.8719
2026-05-20 18:42:04.004,0,9,10,0.00,0.0793,0.0932,32.7847,16.3268,0.0000,-0.0000,0.0000,178.0699
2026-05-20 18:42:04.504,0,10,10,0.00,-0.0592,0.0357,32.7721,16.3275,0.0000,-0.0000,0.0000,-174.5640
2026-05-20 18:42:05.004,0,10,10,0.00,-0.2272,0.2238,32.7008,16.3328,0.0000,-0.0000,0.0000,-175.9915
2026-05-20 18:42:05.504,0,10,10,0.00,-0.3817,0.3651,32.5484,16.3454,0.0000,-0.0000,0.0000,-176.6732
2026-05-20 18:42:06.004,0,10,10,0.00,-0.4546,0.4837,32.3285,16.3661,0.0000,-0.0000,0.0000,-177.8070
2026-05-20 18:42:06.504,0,10,10,0.00,-0.4504,0.4452,32.1005,16.3850,0.0000,-0.0000,0.0000,-176.5629
2026-05-20 18:42:07.004,0,10,10,0.00,-0.4538,0.4449,31.8774,16.4036,0.0000,-0.0000,0.0000,-176.9166
2026-05-20 18:42:07.504,0,10,10,0.00,-0.4511,0.4570,31.6519,16.4235,0.0000,-0.0000,0.0000,-177.2520
2026-05-20 18:42:08.004,0,10,10,0.00,-0.4516,0.4472,31.4252,16.4426,0.0000,-0.0000,0.0000,-176.7118
2026-05-20 18:42:08.504,0,10,10,0.00,-0.4515,0.4468,31.2011,16.4616,0.0000,-0.0000,0.0000,-177.1152
2026-05-20 18:42:09.004,0,10,10,0.00,-0.4498,0.4477,30.9753,16.4810,0.0000,-0.0000,0.0000,-176.9845
2026-05-20 18:42:09.504,0,10,10,0.00,-0.3715,0.4426,30.7593,16.4971,0.0000,-0.0000,0.0000,-176.5616
2026-05-20 18:42:10.004,0,10,10,0.00,-0.0615,0.2690,30.6295,16.5004,0.0000,-0.0000,0.0000,-173.5720
2026-05-20 18:42:10.504,0,10,10,0.00,0.0013,0.1596,30.5659,16.4904,0.0000,-0.0000,0.0000,-160.4153
2026-05-20 18:42:11.004,0,10,10,0.00,-0.0992,0.0377,30.5479,16.4852,0.0000,-0.0000,0.0000,-155.6054
2026-05-20 18:42:11.504,0,10,10,0.00,-0.2682,0.2368,30.4625,16.4649,0.0000,-0.0000,0.0000,-157.4782
2026-05-20 18:42:12.004,0,10,10,0.00,-0.4296,0.3708,30.3000,16.4323,0.0000,-0.0000,0.0000,-159.0550
2026-05-20 18:42:12.504,0,10,10,0.00,-0.4504,0.4783,30.0784,16.3953,0.0000,-0.0000,0.0000,-160.6936
2026-05-20 18:42:13.004,0,10,10,0.00,-0.4532,0.4672,29.8519,16.3545,0.0000,-0.0000,0.0000,-158.8579
2026-05-20 18:42:13.504,0,10,10,0.00,-0.4557,0.4521,29.6302,16.3134,0.0000,-0.0000,0.0000,-158.8435
2026-05-20 18:42:14.004,0,10,10,0.00,-0.4574,0.4716,29.4082,16.2735,0.0000,-0.0000,0.0000,-159.5004
2026-05-20 18:42:14.504,0,10,10,0.00,-0.4521,0.4540,29.1846,16.2325,0.0000,-0.0000,0.0000,-159.1046
2026-05-20 18:42:15.004,0,10,10,0.00,-0.4504,0.2657,28.9798,16.1978,0.0000,-0.0000,0.0000,-159.7574
2026-05-20 18:42:15.504,0,10,10,0.00,-0.2501,-0.0093,28.8675,16.1953,0.0000,-0.0000,0.0000,-172.5573
2026-05-20 18:42:16.004,0,10,10,0.00,-0.0685,0.0010,28.8460,16.1992,0.0000,-0.0000,0.0000,176.1418
2026-05-20 18:42:16.504,0,10,10,0.00,-0.2295,0.1583,28.7903,16.2148,0.0000,-0.0000,0.0000,172.6851
2026-05-20 18:42:17.003,0,10,10,0.00,0.0139,0.3513,28.6956,16.2421,0.0000,-0.0000,0.0000,170.5239
2026-05-20 18:42:17.504,0,10,10,0.00,-0.0055,0.2357,28.6164,16.2437,0.0000,-0.0000,0.0000,-168.3205
2026-05-20 18:42:18.004,0,10,10,0.00,-0.1732,-0.0518,28.5812,16.2389,0.0000,-0.0000,0.0000,-160.2630
2026-05-20 18:42:18.504,0,10,10,0.00,0.0021,0.0001,28.5657,16.2383,0.0000,-0.0000,0.0000,-170.9353
2026-05-20 18:42:19.004,0,10,10,0.00,-0.1643,0.0728,28.5389,16.2388,0.0000,-0.0000,0.0000,-170.9353
2026-05-20 18:42:19.504,0,10,10,0.00,-0.3097,0.3098,28.4257,16.2453,0.0000,-0.0000,0.0000,-173.8956
2026-05-20 18:42:20.004,0,10,10,0.00,-0.4544,0.4521,28.2298,16.2570,0.0000,-0.0000,0.0000,-173.8543
2026-05-20 18:42:20.504,0,9,10,0.00,-0.4507,0.4627,27.9984,16.2693,0.0000,-0.0000,0.0000,-173.1198
2026-05-20 18:42:21.003,0,10,10,0.00,-0.4521,0.4485,27.7722,16.2790,0.0000,-0.0000,0.0000,-172.0495
2026-05-20 18:42:21.504,0,10,10,0.00,-0.4512,0.4567,27.5473,16.2893,0.0000,-0.0000,0.0000,-172.5995
2026-05-20 18:42:22.004,0,10,10,0.00,-0.4512,0.4468,27.3210,16.2998,0.0000,-0.0000,0.0000,-172.5678
2026-05-20 18:42:22.504,0,10,10,0.00,-0.4525,0.4454,27.0957,16.3098,0.0000,-0.0000,0.0000,-172.3093
2026-05-20 18:42:23.004,0,10,10,0.00,-0.4512,0.3125,26.8836,16.3220,0.0000,-0.0000,0.0000,-172.8625
2026-05-20 18:42:23.504,0,10,10,0.00,-0.1374,-0.0134,26.7780,16.3391,0.0000,-0.0000,0.0000,177.7698
2026-05-20 18:42:24.004,0,10,10,0.00,0.0692,0.0702,26.7696,16.3417,0.0000,-0.0000,0.0000,171.5456
2026-05-20 18:42:24.504,0,10,10,0.00,0.0005,0.0369,26.7602,16.3433,0.0000,-0.0000,0.0000,179.7377
2026-05-20 18:42:25.004,0,10,10,0.00,-0.1179,0.0958,26.7377,16.3466,0.0000,-0.0000,0.0000,-179.0351
2026-05-20 18:42:25.504,0,10,10,0.00,-0.2838,0.2685,26.6346,16.3637,0.0000,-0.0000,0.0000,-179.1765
2026-05-20 18:42:26.004,0,10,10,0.00,-0.4432,0.4176,26.4571,16.3962,0.0000,-0.0000,0.0000,179.5411
2026-05-20 18:42:26.504,0,10,10,0.00,-0.4511,0.4653,26.2313,16.4394,0.0000,-0.0000,0.0000,178.8223
2026-05-20 18:42:27.004,0,10,10,0.00,-0.4530,0.4597,26.0070,16.4797,0.0000,-0.0000,0.0000,-179.9535
2026-05-20 18:42:27.504,0,10,10,0.00,-0.4529,0.4468,25.7844,16.5185,0.0000,-0.0000,0.0000,-179.7891
2026-05-20 18:42:28.004,0,10,10,0.00,-0.4551,0.4479,25.5630,16.5583,0.0000,-0.0000,0.0000,179.5915
2026-05-20 18:42:28.504,0,10,10,0.00,-0.4490,0.4527,25.3397,16.5987,0.0000,-0.0000,0.0000,179.8194
2026-05-20 18:42:29.004,0,10,10,0.00,-0.4485,0.4371,25.1172,16.6381,0.0000,-0.0000,0.0000,-179.9178
2026-05-20 18:42:29.504,0,10,10,0.00,-0.4525,0.4576,24.8953,16.6786,0.0000,-0.0000,0.0000,179.3064
2026-05-20 18:42:30.004,0,10,10,0.00,-0.4530,0.4555,24.6729,16.7192,0.0000,-0.0000,0.0000,179.6047
2026-05-20 18:42:30.504,0,10,10,0.00,-0.4547,0.4504,24.4508,16.7596,0.0000,-0.0000,0.0000,179.6822
2026-05-20 18:42:31.004,0,10,10,0.00,-0.4498,0.4551,24.2277,16.8004,0.0000,-0.0000,0.0000,179.5151
2026-05-20 18:42:31.504,0,10,10,0.00,-0.4536,0.4538,24.0051,16.8406,0.0000,-0.0000,0.0000,179.9195
2026-05-20 18:42:32.004,0,10,10,0.00,-0.4541,0.4482,23.7839,16.8811,0.0000,-0.0000,0.0000,179.5240
2026-05-20 18:42:32.504,0,10,10,0.00,-0.4500,0.4561,23.5595,16.9225,0.0000,-0.0000,0.0000,179.4222
2026-05-20 18:42:33.004,0,10,10,0.00,-0.4525,0.4426,23.3368,16.9625,0.0000,-0.0000,0.0000,179.8806
2026-05-20 18:42:33.504,0,10,10,0.00,-0.4540,0.4557,23.1162,17.0030,0.0000,-0.0000,0.0000,179.3464
2026-05-20 18:42:34.004,0,10,10,0.00,-0.4500,0.4504,22.8931,17.0441,0.0000,-0.0000,0.0000,179.4639
2026-05-20 18:42:34.503,0,10,10,0.00,-0.2991,0.4432,22.6836,17.0804,0.0000,-0.0000,0.0000,179.7068
2026-05-20 18:42:35.004,0,10,10,0.00,0.0000,0.2395,22.5679,17.0870,0.0000,-0.0000,0.0000,-171.9093
2026-05-20 18:42:35.504,0,10,10,0.00,-0.1200,-0.0486,22.5424,17.0845,0.0000,-0.0000,0.0000,-163.8339
2026-05-20 18:42:36.004,0,9,10,0.00,-0.0446,0.0106,22.5345,17.0842,0.0000,-0.0000,0.0000,-168.2106
2026-05-20 18:42:36.504,0,10,10,0.00,-0.2140,0.1750,22.4778,17.0844,0.0000,-0.0000,0.0000,-169.8810
2026-05-20 18:42:37.003,0,10,10,0.00,-0.3659,0.3669,22.3335,17.0881,0.0000,-0.0000,0.0000,-171.9247
2026-05-20 18:42:37.504,0,10,10,0.00,-0.4568,0.4828,22.1158,17.0937,0.0000,-0.0000,0.0000,-172.0062
2026-05-20 18:42:38.004,0,10,10,0.00,-0.4504,0.4532,21.8871,17.0975,0.0000,-0.0000,0.0000,-171.5587
2026-05-20 18:42:38.504,0,10,10,0.00,-0.4540,0.4519,21.6609,17.1005,0.0000,-0.0000,0.0000,-171.4481
2026-05-20 18:42:39.004,0,10,10,0.00,-0.4540,0.4487,21.4357,17.1038,0.0000,-0.0000,0.0000,-171.6106
2026-05-20 18:42:39.504,0,10,10,0.00,-0.4517,0.4499,21.2095,17.1077,0.0000,-0.0000,0.0000,-171.7887
2026-05-20 18:42:40.004,0,10,10,0.00,-0.4517,0.4549,20.9834,17.1116,0.0000,-0.0000,0.0000,-171.6888
2026-05-20 18:42:40.504,0,10,10,0.00,-0.4527,0.4527,20.7577,17.1153,0.0000,-0.0000,0.0000,-171.7480
2026-05-20 18:42:41.004,0,10,10,0.00,-0.4536,0.4525,20.5315,17.1192,0.0000,-0.0000,0.0000,-171.8138
2026-05-20 18:42:41.504,0,10,10,0.00,-0.4492,0.4517,20.3051,17.1230,0.0000,-0.0000,0.0000,-171.8065
2026-05-20 18:42:42.004,0,10,10,0.00,-0.4547,0.4606,20.0790,17.1266,0.0000,-0.0000,0.0000,-171.7973
2026-05-20 18:42:42.504,0,10,10,0.00,-0.4512,0.4592,19.8512,17.1302,0.0000,-0.0000,0.0000,-171.8990
2026-05-20 18:42:43.003,0,10,10,0.00,-0.4517,0.4521,19.6253,17.1332,0.0000,-0.0000,0.0000,-171.7336
2026-05-20 18:42:43.504,0,10,10,0.00,-0.4559,0.4507,19.3994,17.1366,0.0000,-0.0000,0.0000,-171.9860
2026-05-20 18:42:44.004,0,10,10,0.00,-0.4524,0.4506,19.1726,17.1400,0.0000,-0.0000,0.0000,-172.0320
2026-05-20 18:42:44.504,0,10,10,0.00,-0.4530,0.4458,18.9460,17.1426,0.0000,-0.0000,0.0000,-171.7935
2026-05-20 18:42:45.004,0,9,10,0.00,-0.4529,0.4566,18.7205,17.1460,0.0000,-0.0000,0.0000,-172.1818
2026-05-20 18:42:45.504,0,10,10,0.00,-0.4506,0.4587,18.4940,17.1494,0.0000,-0.0000,0.0000,-172.1979
2026-05-20 18:42:46.004,0,10,10,0.00,-0.4554,0.4537,18.2677,17.1525,0.0000,-0.0000,0.0000,-172.1409
2026-05-20 18:42:46.504,0,10,10,0.00,-0.2551,0.2363,18.0814,17.1556,0.0000,-0.0000,0.0000,-172.4564
2026-05-20 18:42:47.004,0,10,10,0.00,-0.0613,-0.0432,18.0404,17.1566,0.0000,-0.0000,0.0000,-174.0394
2026-05-20 18:42:47.504,0,9,10,0.00,-0.0001,-0.0001,18.0418,17.1565,0.0000,-0.0000,0.0000,-175.4859
2026-05-20 18:42:48.004,0,10,10,0.00,-0.1085,0.0602,18.0280,17.1577,0.0000,-0.0000,0.0000,-175.4859
2026-05-20 18:42:48.504,0,10,10,0.00,-0.2666,0.2287,17.9476,17.1682,0.0000,-0.0000,0.0000,-178.7033
2026-05-20 18:42:49.004,0,10,10,0.00,-0.3409,0.4135,17.7875,17.1922,0.0000,-0.0000,0.0000,179.3972
2026-05-20 18:42:49.504,0,10,10,0.00,-0.4579,0.4843,17.5671,17.2143,0.0000,-0.0000,0.0000,-177.0210
2026-05-20 18:42:50.003,0,10,10,0.00,-0.4509,0.4485,17.3403,17.2326,0.0000,-0.0000,0.0000,-176.2874
2026-05-20 18:42:50.504,0,10,10,0.00,-0.4516,0.4444,17.1160,17.2513,0.0000,-0.0000,0.0000,-176.6323
2026-05-20 18:42:51.003,0,10,10,0.00,-0.4506,0.4434,16.8918,17.2707,0.0000,-0.0000,0.0000,-176.8512
2026-05-20 18:42:51.504,0,10,10,0.00,-0.4491,0.4506,16.6659,17.2907,0.0000,-0.0000,0.0000,-176.9455
2026-05-20 18:42:52.004,0,10,10,0.00,-0.4544,0.4580,16.4409,17.3103,0.0000,-0.0000,0.0000,-176.8567
2026-05-20 18:42:52.503,0,10,10,0.00,-0.4545,0.4545,16.2152,17.3299,0.0000,-0.0000,0.0000,-176.9929
2026-05-20 18:42:53.003,0,10,10,0.00,-0.4491,0.4525,15.9882,17.3490,0.0000,-0.0000,0.0000,-176.8737
2026-05-20 18:42:53.504,0,10,10,0.00,-0.4511,0.4432,15.7636,17.3671,0.0000,-0.0000,0.0000,-176.4860
2026-05-20 18:42:54.003,0,10,10,0.00,-0.4551,0.4564,15.5391,17.3862,0.0000,-0.0000,0.0000,-176.9534
2026-05-20 18:42:54.504,0,10,10,0.00,-0.4512,0.4509,15.3138,17.4056,0.0000,-0.0000,0.0000,-177.0903
2026-05-20 18:42:55.003,0,10,10,0.00,-0.4512,0.4529,15.0885,17.4249,0.0000,-0.0000,0.0000,-177.1119
2026-05-20 18:42:55.504,0,10,10,0.00,-0.4538,0.4512,14.8630,17.4442,0.0000,-0.0000,0.0000,-177.1326
2026-05-20 18:42:56.004,0,10,10,0.00,-0.4483,0.4498,14.6374,17.4633,0.0000,-0.0000,0.0000,-177.0500
2026-05-20 18:42:56.503,0,10,10,0.00,-0.4541,0.4498,14.4123,17.4822,0.0000,-0.0000,0.0000,-177.1237
2026-05-20 18:42:57.003,0,10,10,0.00,-0.4524,0.4542,14.1860,17.5013,0.0000,-0.0000,0.0000,-177.1267
2026-05-20 18:42:57.504,0,10,10,0.00,-0.4541,0.4492,13.9605,17.5199,0.0000,-0.0000,0.0000,-176.9787
2026-05-20 18:42:58.004,0,10,10,0.00,-0.4511,0.4445,13.7365,17.5384,0.0000,-0.0000,0.0000,-177.2486
2026-05-20 18:42:58.504,0,10,10,0.00,-0.4520,0.4591,13.5107,17.5574,0.0000,-0.0000,0.0000,-177.2652
2026-05-20 18:42:59.003,0,10,10,0.00,-0.4524,0.4443,13.2860,17.5757,0.0000,-0.0000,0.0000,-177.0000
2026-05-20 18:42:59.504,0,10,10,0.00,-0.4549,0.4496,13.0615,17.5948,0.0000,-0.0000,0.0000,-177.4870
2026-05-20 18:43:00.004,0,10,10,0.00,-0.4520,0.4563,12.8357,17.6142,0.0000,-0.0000,0.0000,-177.3809
2026-05-20 18:43:00.504,0,10,10,0.00,-0.4512,0.4483,12.6107,17.6331,0.0000,-0.0000,0.0000,-177.2902
2026-05-20 18:43:01.004,0,10,10,0.00,-0.4527,0.4559,12.3847,17.6527,0.0000,-0.0000,0.0000,-177.5263
2026-05-20 18:43:01.504,0,10,10,0.00,-0.4540,0.4515,12.1592,17.6718,0.0000,-0.0000,0.0000,-177.3461
2026-05-20 18:43:02.004,0,10,10,0.00,-0.4536,0.4490,11.9343,17.6906,0.0000,-0.0000,0.0000,-177.2831
2026-05-20 18:43:02.504,0,10,10,0.00,-0.4516,0.4555,11.7081,17.7098,0.0000,-0.0000,0.0000,-177.3582
2026-05-20 18:43:03.003,0,10,10,0.00,-0.4525,0.4516,11.4826,17.7285,0.0000,-0.0000,0.0000,-177.1143
2026-05-20 18:43:03.504,0,10,10,0.00,-0.4547,0.4570,11.2577,17.7471,0.0000,-0.0000,0.0000,-177.1375
2026-05-20 18:43:04.004,0,10,10,0.00,-0.4496,0.4481,11.0316,17.7656,0.0000,-0.0000,0.0000,-177.2195
2026-05-20 18:43:04.504,0,10,10,0.00,-0.4530,0.4481,10.8066,17.7836,0.0000,-0.0000,0.0000,-176.9989
2026-05-20 18:43:05.004,0,10,10,0.00,-0.4550,0.4538,10.5820,17.8024,0.0000,-0.0000,0.0000,-177.3134
2026-05-20 18:43:05.504,0,10,10,0.00,-0.4512,0.4612,10.3558,17.8212,0.0000,-0.0000,0.0000,-176.9215
2026-05-20 18:43:06.003,0,10,10,0.00,-0.4513,0.4424,10.1305,17.8390,0.0000,-0.0000,0.0000,-176.8910
2026-05-20 18:43:06.503,0,10,10,0.00,-0.4541,0.4550,9.9052,17.8577,0.0000,-0.0000,0.0000,-177.2336
2026-05-20 18:43:07.003,0,10,10,0.00,-0.4496,0.4511,9.6796,17.8762,0.0000,-0.0000,0.0000,-176.8417
2026-05-20 18:43:07.504,0,10,10,0.00,-0.4453,0.4318,9.4552,17.8945,0.0000,-0.0000,0.0000,-177.1375
2026-05-20 18:43:08.004,0,10,10,0.00,-0.4524,0.4581,9.2297,17.9139,0.0000,-0.0000,0.0000,-177.3799
2026-05-20 18:43:08.504,0,10,10,0.00,-0.4516,0.4512,9.0042,17.9327,0.0000,-0.0000,0.0000,-176.9564
2026-05-20 18:43:09.004,0,10,10,0.00,-0.4547,0.4428,8.7797,17.9515,0.0000,-0.0000,0.0000,-177.2851
2026-05-20 18:43:09.504,0,10,10,0.00,-0.4528,0.4580,8.5542,17.9711,0.0000,-0.0000,0.0000,-177.3602
2026-05-20 18:43:10.004,0,10,10,0.00,-0.4538,0.4466,8.3287,17.9901,0.0000,-0.0000,0.0000,-177.0293
2026-05-20 18:43:10.504,0,10,10,0.00,-0.4512,0.4553,8.1037,18.0092,0.0000,-0.0000,0.0000,-177.1577
2026-05-20 18:43:11.004,0,10,10,0.00,-0.4491,0.4511,7.8775,18.0284,0.0000,-0.0000,0.0000,-177.1069
2026-05-20 18:43:11.504,0,10,10,0.00,-0.4558,0.4581,7.6524,18.0472,0.0000,-0.0000,0.0000,-177.1467
2026-05-20 18:43:12.004,0,10,10,0.00,-0.4557,0.4537,7.4276,18.0663,0.0000,-0.0000,0.0000,-177.2517
2026-05-20 18:43:12.504,0,10,10,0.00,-0.4533,0.4544,7.2012,18.0852,0.0000,-0.0000,0.0000,-176.7377
2026-05-20 18:43:13.004,0,10,10,0.00,-0.4529,0.4469,6.9767,18.1036,0.0000,-0.0000,0.0000,-177.0773
2026-05-20 18:43:13.504,0,10,10,0.00,-0.4524,0.4572,6.7509,18.1231,0.0000,-0.0000,0.0000,-177.3161
2026-05-20 18:43:14.004,0,10,10,0.00,-0.4512,0.4495,6.5251,18.1418,0.0000,-0.0000,0.0000,-176.8234
2026-05-20 18:43:14.504,0,10,10,0.00,-0.3470,0.4454,6.2977,18.1602,0.0000,-0.0000,0.0000,-177.2068
2026-05-20 18:43:15.004,0,10,10,0.00,-0.0355,0.4561,6.1471,18.1573,0.0000,-0.0000,0.0000,-169.4386
2026-05-20 18:43:15.504,0,9,10,0.00,0.0046,0.2812,6.0577,18.1255,0.0000,-0.0000,0.0000,-150.9138
2026-05-20 18:43:16.004,0,10,10,0.00,-0.0664,0.0446,6.0321,18.1094,0.0000,-0.0000,0.0000,-137.5653
2026-05-20 18:43:16.504,0,10,10,0.00,-0.2354,0.2448,5.9654,18.0662,0.0000,-0.0000,0.0000,-138.0613
2026-05-20 18:43:17.004,0,10,10,0.00,0.0022,0.4081,5.8628,17.9931,0.0000,-0.0000,0.0000,-136.4911
2026-05-20 18:43:17.504,0,10,10,0.00,-0.0008,0.1905,5.8176,17.9384,0.0000,-0.0000,0.0000,-114.1316
2026-05-20 18:43:18.004,0,10,10,0.00,-0.0302,0.0007,5.8135,17.9317,0.0000,-0.0000,0.0000,-109.9585
2026-05-20 18:43:18.503,0,10,10,0.00,-0.1983,0.1804,5.7858,17.8879,0.0000,-0.0000,0.0000,-111.8573
2026-05-20 18:43:19.004,0,10,10,0.00,-0.3525,0.3269,5.7115,17.7748,0.0000,-0.0000,0.0000,-113.6095
2026-05-20 18:43:19.504,0,10,10,0.00,-0.4576,0.4643,5.5932,17.6018,0.0000,-0.0000,0.0000,-115.5282
2026-05-20 18:43:20.004,0,10,10,0.00,-0.4489,0.4579,5.4637,17.4105,0.0000,-0.0000,0.0000,-115.1505
2026-05-20 18:43:20.504,0,10,10,0.00,-0.4525,0.4462,5.3387,17.2220,0.0000,-0.0000,0.0000,-114.4316
2026-05-20 18:43:21.004,0,10,10,0.00,-0.4551,0.4613,5.2137,17.0349,0.0000,-0.0000,0.0000,-114.7971
2026-05-20 18:43:21.504,0,10,10,0.00,-0.2854,0.3610,5.1015,16.8654,0.0000,-0.0000,0.0000,-114.9396
2026-05-20 18:43:22.004,0,9,10,0.00,-0.0039,0.3029,5.0498,16.7704,0.0000,-0.0000,0.0000,-107.6664
2026-05-20 18:43:22.504,0,10,10,0.00,0.0034,0.1097,5.0373,16.7270,0.0000,-0.0000,0.0000,-93.9664
2026-05-20 18:43:23.004,0,10,10,0.00,0.0699,0.0292,5.0370,16.7255,0.0000,-0.0000,0.0000,-91.0552
2026-05-20 18:43:23.504,0,10,10,0.00,0.0043,0.0190,5.0369,16.7223,0.0000,-0.0000,0.0000,-83.7159
2026-05-20 18:43:24.004,0,10,10,0.00,-0.0761,-0.0517,5.0367,16.7193,0.0000,-0.0000,0.0000,-83.7159
2026-05-20 18:43:24.504,0,10,10,0.00,-0.0001,0.0000,5.0359,16.7130,0.0000,-0.0000,0.0000,-90.7019
2026-05-20 18:43:25.004,0,9,10,0.00,-0.0809,0.0522,5.0339,16.7013,0.0000,-0.0000,0.0000,-90.7019
2026-05-20 18:43:25.504,0,10,10,0.00,-0.2530,0.2369,5.0175,16.6154,0.0000,-0.0000,0.0000,-92.1804
2026-05-20 18:43:26.004,0,10,10,0.00,-0.4142,0.4006,4.9837,16.4527,0.0000,-0.0000,0.0000,-93.5389
2026-05-20 18:43:26.504,0,10,10,0.00,-0.2348,0.4541,4.9440,16.2512,0.0000,-0.0000,0.0000,-93.3040
2026-05-20 18:43:27.004,0,10,10,0.00,0.0003,0.1049,4.9389,16.1630,0.0000,-0.0000,0.0000,-80.3296
2026-05-20 18:43:27.504,0,10,10,0.00,-0.0873,0.1410,4.9408,16.1379,0.0000,-0.0000,0.0000,-77.3668
2026-05-20 18:43:28.004,0,10,10,0.00,-0.2549,0.3380,4.9552,16.0243,0.0000,-0.0000,0.0000,-72.8091
2026-05-20 18:43:28.504,0,10,10,0.00,-0.4233,0.4634,4.9938,15.8304,0.0000,-0.0000,0.0000,-67.9016
2026-05-20 18:43:29.004,0,10,10,0.00,-0.4524,0.1833,5.0311,15.6444,0.0000,-0.0000,0.0000,-68.4587
2026-05-20 18:43:29.504,0,10,10,0.00,-0.1861,-0.0157,5.0323,15.5589,0.0000,-0.0000,0.0000,-83.2289
2026-05-20 18:43:30.004,0,10,10,0.00,-0.0242,0.0352,5.0286,15.5370,0.0000,-0.0000,0.0000,-91.8152
2026-05-20 18:43:30.504,0,10,10,0.00,0.0424,0.2127,5.0259,15.5143,0.0000,-0.0000,0.0000,-89.6377
2026-05-20 18:43:31.004,0,10,10,0.00,-0.0649,0.0242,5.0261,15.4871,0.0000,-0.0000,0.0000,-77.9624
2026-05-20 18:43:31.504,0,10,10,0.00,-0.2419,0.2225,5.0265,15.4149,0.0000,-0.0000,0.0000,-79.8005
2026-05-20 18:43:32.004,0,10,10,0.00,-0.3928,0.3596,5.0235,15.2621,0.0000,-0.0000,0.0000,-81.7803
2026-05-20 18:43:32.504,0,10,10,0.00,-0.4610,0.4918,5.0141,15.0415,0.0000,-0.0000,0.0000,-83.4281
2026-05-20 18:43:33.004,0,10,10,0.00,-0.4461,0.4447,5.0059,14.8129,0.0000,-0.0000,0.0000,-83.3313
2026-05-20 18:43:33.504,0,10,10,0.00,-0.4503,0.4672,4.9985,14.5862,0.0000,-0.0000,0.0000,-82.5934
2026-05-20 18:43:34.004,0,10,10,0.00,-0.4504,0.4426,4.9917,14.3615,0.0000,-0.0000,0.0000,-82.3834
2026-05-20 18:43:34.504,0,10,10,0.00,-0.4523,0.4572,4.9839,14.1361,0.0000,-0.0000,0.0000,-82.5386
2026-05-20 18:43:35.004,0,10,10,0.00,-0.4495,0.4520,4.9765,13.9093,0.0000,-0.0000,0.0000,-82.5262
2026-05-20 18:43:35.503,0,10,10,0.00,-0.4559,0.4365,4.9688,13.6839,0.0000,-0.0000,0.0000,-82.6581
2026-05-20 18:43:36.004,0,10,10,0.00,-0.3220,0.2185,4.9603,13.4989,0.0000,-0.0000,0.0000,-83.3623
2026-05-20 18:43:36.504,0,10,10,0.00,-0.2927,-0.0247,4.9438,13.3965,0.0000,-0.0000,0.0000,-93.9183
2026-05-20 18:43:37.004,0,10,10,0.00,-0.0038,-0.0003,4.9333,13.3701,0.0000,-0.0000,0.0000,-105.9786
2026-05-20 18:43:37.504,0,10,10,0.00,0.0315,0.0486,4.9336,13.3708,0.0000,-0.0000,0.0000,-106.8133
2026-05-20 18:43:38.004,0,10,10,0.00,0.0000,0.0001,4.9333,13.3701,0.0000,-0.0000,0.0000,-104.7208
2026-05-20 18:43:38.503,0,10,10,0.00,-0.1528,0.1200,4.9214,13.3419,0.0000,-0.0000,0.0000,-104.7208
2026-05-20 18:43:39.004,0,9,10,0.00,-0.3166,0.3310,4.8717,13.2245,0.0000,-0.0000,0.0000,-104.4534
2026-05-20 18:43:39.503,0,10,10,0.00,-0.4414,0.4024,4.7978,13.0449,0.0000,-0.0000,0.0000,-103.6576
2026-05-20 18:43:40.004,0,10,10,0.00,-0.4402,0.4795,4.7087,12.8340,0.0000,-0.0000,0.0000,-105.0628
2026-05-20 18:43:40.504,0,10,10,0.00,-0.4494,0.4355,4.6226,12.6214,0.0000,-0.0000,0.0000,-103.8366
2026-05-20 18:43:41.004,0,10,10,0.00,-0.4313,0.4503,4.5380,12.4132,0.0000,-0.0000,0.0000,-103.6430
2026-05-20 18:43:41.504,0,10,10,0.00,-0.1060,0.1402,4.4866,12.2819,0.0000,-0.0000,0.0000,-102.9572
2026-05-20 18:43:42.004,0,10,10,0.00,0.0001,-0.0063,4.4837,12.2740,0.0000,-0.0000,0.0000,-101.8546
2026-05-20 18:43:42.504,0,10,10,0.00,0.0001,0.0000,4.4838,12.2741,0.0000,-0.0000,0.0000,-101.8546
2026-05-20 18:43:43.004,0,10,10,0.00,0.0000,-0.0004,4.4838,12.2741,0.0000,-0.0000,0.0000,-101.8546
2026-05-20 18:43:43.504,0,10,10,0.00,0.0000,0.0001,4.4838,12.2741,0.0000,-0.0000,0.0000,-101.8546
2026-05-20 18:43:44.004,0,10,10,0.00,-0.0004,0.0000,4.4838,12.2741,0.0000,-0.0000,0.0000,-101.8546
2026-05-20 18:43:44.503,0,10,10,0.00,-0.0946,0.1085,4.4768,12.2554,0.0000,-0.0000,0.0000,-101.8546
2026-05-20 18:43:45.004,0,10,10,0.00,-0.2320,0.2820,4.4471,12.1717,0.0000,-0.0000,0.0000,-101.0055
2026-05-20 18:43:45.504,0,10,10,0.00,-0.3038,0.4335,4.4047,12.0220,0.0000,-0.0000,0.0000,-96.5597
2026-05-20 18:43:46.004,0,10,10,0.00,-0.4605,0.4673,4.3655,11.8093,0.0000,-0.0000,0.0000,-89.9188
2026-05-20 18:43:46.504,0,10,10,0.00,-0.3259,0.4418,4.3337,11.6025,0.0000,-0.0000,0.0000,-89.7358
2026-05-20 18:43:47.004,0,10,10,0.00,-0.4697,0.4699,4.3157,11.3893,0.0000,-0.0000,0.0000,-84.3200
2026-05-20 18:43:47.504,0,10,10,0.00,-0.4498,0.4394,4.2988,11.1633,0.0000,-0.0000,0.0000,-85.4799
2026-05-20 18:43:48.004,0,10,10,0.00,-0.4553,0.4729,4.2809,10.9376,0.0000,-0.0000,0.0000,-85.1732
2026-05-20 18:43:48.504,0,10,10,0.00,-0.4536,0.4511,4.2644,10.7109,0.0000,-0.0000,0.0000,-84.6806
2026-05-20 18:43:49.004,0,10,10,0.00,-0.4524,0.4581,4.2478,10.4853,0.0000,-0.0000,0.0000,-84.7075
2026-05-20 18:43:49.504,0,10,10,0.00,-0.4507,0.4555,4.2317,10.2582,0.0000,-0.0000,0.0000,-84.8120
2026-05-20 18:43:50.004,0,10,10,0.00,-0.4540,0.4559,4.2155,10.0334,0.0000,-0.0000,0.0000,-84.9716
2026-05-20 18:43:50.504,0,10,10,0.00,-0.4512,0.4490,4.1992,9.8093,0.0000,-0.0000,0.0000,-84.8413
2026-05-20 18:43:51.004,0,10,10,0.00,-0.4533,0.4496,4.1823,9.5822,0.0000,-0.0000,0.0000,-84.9302
2026-05-20 18:43:51.504,0,10,10,0.00,-0.4533,0.4333,4.1658,9.3584,0.0000,-0.0000,0.0000,-85.2148
2026-05-20 18:43:52.004,0,10,10,0.00,-0.4555,0.4544,4.1475,9.1346,0.0000,-0.0000,0.0000,-85.7443
2026-05-20 18:43:52.504,0,10,10,0.00,-0.4517,0.4567,4.1287,8.9111,0.0000,-0.0000,0.0000,-86.1343
2026-05-20 18:43:53.004,0,10,10,0.00,-0.4494,0.4233,4.1094,8.6842,0.0000,-0.0000,0.0000,-86.5488
2026-05-20 18:43:53.504,0,10,10,0.00,-0.4468,0.4568,4.0902,8.4582,0.0000,-0.0000,0.0000,-86.4714
2026-05-20 18:43:54.004,0,10,10,0.00,-0.4520,0.4669,4.0725,8.2321,0.0000,-0.0000,0.0000,-85.8331
2026-05-20 18:43:54.504,0,10,10,0.00,-0.4524,0.4407,4.0560,8.0050,0.0000,-0.0000,0.0000,-85.5459
2026-05-20 18:43:55.004,0,10,10,0.00,-0.4498,0.4517,4.0388,7.7820,0.0000,-0.0000,0.0000,-86.2759
2026-05-20 18:43:55.504,0,10,10,0.00,-0.4530,0.4460,4.0217,7.5536,0.0000,-0.0000,0.0000,-86.0383
2026-05-20 18:43:56.004,0,10,10,0.00,-0.4576,0.4830,4.0039,7.3296,0.0000,-0.0000,0.0000,-86.3869
2026-05-20 18:43:56.504,0,10,10,0.00,-0.4495,0.4474,3.9867,7.1042,0.0000,-0.0000,0.0000,-86.2106
2026-05-20 18:43:57.004,0,10,10,0.00,-0.4481,0.4447,3.9696,6.8787,0.0000,-0.0000,0.0000,-86.4820
2026-05-20 18:43:57.504,0,10,10,0.00,-0.4583,0.4629,3.9516,6.6541,0.0000,-0.0000,0.0000,-86.5999
2026-05-20 18:43:58.004,0,10,10,0.00,-0.4558,0.4561,3.9338,6.4273,0.0000,-0.0000,0.0000,-86.9298
2026-05-20 18:43:58.503,0,10,10,0.00,-0.4507,0.4486,3.9163,6.2019,0.0000,-0.0000,0.0000,-87.3810
2026-05-20 18:43:59.004,0,10,10,0.00,-0.4527,0.4669,3.8974,5.9794,0.0000,-0.0000,0.0000,-87.4676
2026-05-20 18:43:59.504,0,10,10,0.00,-0.4563,0.4486,3.8792,5.7493,0.0000,-0.0000,0.0000,-86.9250
2026-05-20 18:44:00.004,0,10,10,0.00,-0.4532,0.4419,3.8631,5.5249,0.0000,-0.0000,0.0000,-87.1892
2026-05-20 18:44:00.504,0,10,10,0.00,-0.4567,0.4660,3.8461,5.2992,0.0000,-0.0000,0.0000,-87.3213
2026-05-20 18:44:01.004,0,10,10,0.00,-0.4506,0.4263,3.8306,5.0712,0.0000,-0.0000,0.0000,-86.8457
2026-05-20 18:44:01.504,0,10,10,0.00,-0.4500,0.2881,3.8077,4.8815,0.0000,-0.0000,0.0000,-90.5679
2026-05-20 18:44:02.004,0,9,10,0.00,-0.4489,0.3928,3.7581,4.6829,0.0000,-0.0000,0.0000,-99.0587
2026-05-20 18:44:02.504,0,10,10,0.00,-0.4581,0.0792,3.7026,4.5195,0.0000,-0.0000,0.0000,-102.3957
2026-05-20 18:44:03.004,0,9,10,0.00,-0.4563,0.1859,3.6223,4.4082,0.0000,-0.0000,0.0000,-122.5320
2026-05-20 18:44:03.504,0,10,10,0.00,-0.4513,0.1809,3.4985,4.3036,0.0000,-0.0000,0.0000,-136.2430
2026-05-20 18:44:04.004,0,10,10,0.00,-0.4525,0.2783,3.3495,4.2283,0.0000,-0.0000,0.0000,-150.9592
2026-05-20 18:44:04.504,0,10,10,0.00,-0.4515,0.2365,3.1829,4.1789,0.0000,-0.0000,0.0000,-160.5932
2026-05-20 18:44:05.004,0,10,10,0.00,-0.4538,0.4032,2.9946,4.1574,0.0000,-0.0000,0.0000,-171.7923
2026-05-20 18:44:05.503,0,10,10,0.00,-0.4519,0.4927,2.7652,4.1425,0.0000,-0.0000,0.0000,-173.2234
2026-05-20 18:44:06.004,0,10,10,0.00,-0.4541,0.4350,2.5384,4.1229,0.0000,-0.0000,0.0000,-171.3865
2026-05-20 18:44:06.503,0,10,10,0.00,-0.4515,0.4595,2.3141,4.1049,0.0000,-0.0000,0.0000,-172.3751
2026-05-20 18:44:07.004,0,10,10,0.00,-0.4483,0.4538,2.0882,4.0864,0.0000,-0.0000,0.0000,-171.9438
2026-05-20 18:44:07.504,0,10,10,0.00,-0.4541,0.4490,1.8635,4.0680,0.0000,-0.0000,0.0000,-172.1430
2026-05-20 18:44:08.004,0,10,10,0.00,-0.4544,0.4509,1.6374,4.0497,0.0000,-0.0000,0.0000,-172.1864
2026-05-20 18:44:08.504,0,10,10,0.00,-0.4509,0.4417,1.4124,4.0311,0.0000,-0.0000,0.0000,-172.0179
2026-05-20 18:44:09.004,0,10,10,0.00,-0.4500,0.4570,1.1873,4.0129,0.0000,-0.0000,0.0000,-172.3425
2026-05-20 18:44:09.504,0,10,10,0.00,-0.4529,0.4597,0.9605,3.9943,0.0000,-0.0000,0.0000,-172.2428
2026-05-20 18:44:10.004,0,10,10,0.00,-0.4562,0.4000,0.7434,3.9778,0.0000,-0.0000,0.0000,-172.2634
2026-05-20 18:44:10.504,0,10,10,0.00,-0.4523,0.4426,0.5248,3.9695,0.0000,-0.0000,0.0000,-175.4790
2026-05-20 18:44:11.004,0,10,10,0.00,-0.4504,0.4661,0.2961,3.9622,0.0000,-0.0000,0.0000,-175.2410
2026-05-20 18:44:11.504,0,10,10,0.00,-0.4528,0.3237,0.0807,3.9554,0.0000,-0.0000,0.0000,-174.6440
2026-05-20 18:44:12.004,0,10,10,0.00,-0.4558,-0.0102,-0.0613,3.9704,0.0000,-0.0000,0.0000,175.7305
2026-05-20 18:44:12.504,0,10,10,0.00,-0.4544,-0.1746,-0.1379,4.0124,0.0000,-0.0000,0.0000,150.4474
2026-05-20 18:44:13.004,0,10,10,0.00,-0.4511,-0.3368,-0.1618,4.0523,0.0000,-0.0000,0.0000,116.6193
2026-05-20 18:44:13.504,0,10,10,0.00,-0.4482,-0.4643,-0.1621,4.0612,0.0000,-0.0000,0.0000,74.4958
2026-05-20 18:44:14.004,0,10,10,0.00,-0.3515,-0.3975,-0.1679,4.0583,0.0000,-0.0000,0.0000,26.1508
2026-05-20 18:44:14.504,0,10,10,0.00,-0.0480,-0.0251,-0.1714,4.0578,0.0000,-0.0000,0.0000,-8.9928
2026-05-20 18:44:15.004,0,10,10,0.00,-0.2166,0.1124,-0.1260,4.0509,0.0000,-0.0000,0.0000,-13.1902
2026-05-20 18:44:15.504,0,10,10,0.00,-0.0042,0.1725,-0.0450,4.0349,0.0000,-0.0000,0.0000,-18.3768
2026-05-20 18:44:16.004,0,10,10,0.00,-0.0001,-0.0357,-0.0373,4.0339,0.0000,-0.0000,0.0000,-11.9646
2026-05-20 18:44:16.504,0,10,10,0.00,0.0004,-0.0424,-0.0497,4.0356,0.0000,-0.0000,0.0000,-13.3873
2026-05-20 18:44:17.004,0,10,10,0.00,0.0003,0.0000,-0.0514,4.0359,0.0000,-0.0000,0.0000,-14.7580
2026-05-20 18:44:17.504,0,10,10,0.00,0.0007,0.1330,-0.0380,4.0340,0.0000,-0.0000,0.0000,-14.7580
2026-05-20 18:44:18.004,0,10,10,0.00,-0.0003,0.2055,0.0160,4.0328,0.0000,-0.0000,0.0000,-6.3952
2026-05-20 18:44:18.504,0,10,10,0.00,-0.0001,-0.0041,0.0330,4.0346,0.0000,-0.0000,0.0000,2.4007
2026-05-20 18:44:19.004,0,10,10,0.00,0.0000,-0.0450,0.0225,4.0334,0.0000,-0.0000,0.0000,2.4007
2026-05-20 18:44:19.504,0,10,10,0.00,0.0003,-0.0009,0.0189,4.0331,0.0000,-0.0000,0.0000,-0.3469
2026-05-20 18:44:20.004,0,10,10,0.00,-0.0001,0.0110,0.0224,4.0334,0.0000,-0.0000,0.0000,-0.3469
2026-05-20 18:44:20.504,0,10,10,0.00,0.0000,-0.0001,0.0245,4.0336,0.0000,-0.0000,0.0000,-0.3469
2026-05-20 18:44:21.005,0,10,10,0.00,0.0000,0.0000,0.0245,4.0336,0.0000,-0.0000,0.0000,-0.3469
2026-05-20 18:44:21.504,0,10,10,0.00,0.0003,0.0000,0.0245,4.0336,0.0000,-0.0000,0.0000,-0.3469
2026-05-20 18:44:22.003,0,10,10,0.00,0.0000,-0.0001,0.0245,4.0336,0.0000,-0.0000,0.0000,-0.3469
2026-05-20 18:44:22.504,0,10,10,0.00,0.0000,-0.0003,0.0245,4.0336,0.0000,-0.0000,0.0000,-0.3469
2026-05-20 18:44:23.004,0,10,10,0.00,0.0000,0.0000,0.0245,4.0336,0.0000,-0.0000,0.0000,-0.3469
2026-05-20 18:44:23.504,0,10,10,0.00,0.0000,0.0003,0.0245,4.0336,0.0000,-0.0000,0.0000,-0.3469
2026-05-20 18:44:24.004,0,10,10,0.00,-0.0001,0.0001,0.0245,4.0336,0.0000,-0.0000,0.0000,-0.3469
2026-05-20 18:44:24.504,0,10,10,0.00,-0.0001,0.0000,0.0245,4.0336,0.0000,-0.0000,0.0000,-0.3469
2026-05-20 18:44:25.004,0,10,10,0.00,0.0000,0.0000,0.0245,4.0336,0.0000,-0.0000,0.0000,-0.3469
2026-05-20 18:44:25.504,0,10,10,0.00,0.0001,0.0001,0.0245,4.0336,0.0000,-0.0000,0.0000,-0.3469
2026-05-20 18:44:26.003,0,10,10,0.00,-0.0003,0.0000,0.0245,4.0336,0.0000,-0.0000,0.0000,-0.3469
2026-05-20 18:44:26.504,0,10,10,0.00,-0.0001,0.0000,0.0245,4.0336,0.0000,-0.0000,0.0000,-0.3469
2026-05-20 18:44:27.004,0,9,10,0.00,0.0000,0.0000,0.0245,4.0336,0.0000,-0.0000,0.0000,-0.3469
2026-05-20 18:44:27.504,0,0,10,0.00,0.0000,0.0000,0.0245,4.0336,0.0000,-0.0000,0.0000,-0.3469
2026-05-20 18:44:28.004,0,0,10,0.00,0.0000,0.0000,0.0245,4.0336,0.0000,-0.0000,0.0000,0.5004
2026-05-20 18:44:28.504,0,0,10,0.00,0.0000,0.0000,0.0245,4.0336,0.0000,-0.0000,0.0000,0.4988
2026-05-20 18:44:29.004,0,0,10,0.00,0.0000,0.0000,0.0245,4.0336,0.0000,-0.0000,0.0000,0.3873
2026-05-20 18:44:29.504,0,0,10,0.00,0.0000,0.0000,0.0245,4.0336,0.0000,-0.0000,0.0000,0.4148
2026-05-20 18:44:30.004,0,4,10,0.00,-0.0001,0.0000,0.0245,4.0336,0.0000,-0.0000,0.0000,0.3923
2026-05-20 18:44:30.504,0,10,10,0.00,0.0001,0.0000,0.0245,4.0336,0.0000,-0.0000,0.0000,0.3383
2026-05-20 18:44:31.003,0,10,10,0.00,-0.0001,0.0000,0.0245,4.0336,0.0000,-0.0000,0.0000,0.0028
2026-05-20 18:44:31.504,0,10,10,0.00,0.0000,0.0000,0.0245,4.0336,0.0000,-0.0000,0.0000,0.0028
2026-05-20 18:44:32.004,0,10,10,0.00,0.0001,0.0000,0.0245,4.0336,0.0000,-0.0000,0.0000,0.0028
2026-05-20 18:44:32.504,0,10,10,0.00,-0.0001,-0.0001,0.0245,4.0336,0.0000,-0.0000,0.0000,0.0028
2026-05-20 18:44:33.004,0,10,10,0.00,0.0003,0.0000,0.0245,4.0336,0.0000,-0.0000,0.0000,0.0028
2026-05-20 18:44:33.504,0,10,10,0.00,0.0005,0.0000,0.0245,4.0336,0.0000,-0.0000,0.0000,0.0028
2026-05-20 18:44:34.004,0,10,10,0.00,0.0001,0.0000,0.0245,4.0336,0.0000,-0.0000,0.0000,0.0028
2026-05-20 18:44:34.504,0,10,10,0.00,0.0000,-0.0001,0.0245,4.0336,0.0000,-0.0000,0.0000,0.0028
2026-05-20 18:44:35.004,0,10,10,0.00,-0.0001,0.0000,0.0245,4.0336,0.0000,-0.0000,0.0000,0.0028
2026-05-20 18:44:35.504,0,10,10,0.00,0.0000,0.0000,0.0245,4.0336,0.0000,-0.0000,0.0000,0.0028
2026-05-20 18:44:36.004,0,10,10,0.00,0.0000,0.0000,0.0245,4.0336,0.0000,-0.0000,0.0000,0.0028
2026-05-20 18:44:36.504,0,10,10,0.00,-0.0003,0.0003,0.0245,4.0336,0.0000,-0.0000,0.0000,0.0028
2026-05-20 18:44:37.004,0,10,10,0.00,0.0000,0.0000,0.0245,4.0336,0.0000,-0.0000,0.0000,0.0028
2026-05-20 18:44:37.504,0,10,10,0.00,0.0001,-0.0003,0.0245,4.0336,0.0000,-0.0000,0.0000,0.0028
2026-05-20 18:44:38.004,0,10,10,0.00,0.0000,0.0000,0.0245,4.0336,0.0000,-0.0000,0.0000,0.0028
2026-05-20 18:44:38.504,0,10,10,0.00,0.0001,0.0000,0.0245,4.0336,0.0000,-0.0000,0.0000,0.0028
2026-05-20 18:44:39.004,0,10,10,0.00,-0.0001,0.0000,0.0245,4.0336,0.0000,-0.0000,0.0000,0.0028
2026-05-20 18:44:39.504,0,10,10,0.00,0.0000,0.0000,0.0245,4.0336,0.0000,-0.0000,0.0000,0.0028
2026-05-20 18:44:40.004,0,10,10,0.00,-0.0001,0.0000,0.0245,4.0336,0.0000,-0.0000,0.0000,0.0028
2026-05-20 18:44:40.504,0,10,10,0.00,0.0000,-0.0001,0.0245,4.0336,0.0000,-0.0000,0.0000,0.0028
2026-05-20 18:44:41.004,0,10,10,0.00,0.0000,0.0000,0.0245,4.0336,0.0000,-0.0000,0.0000,0.0028
2026-05-20 18:44:41.504,0,10,10,0.00,0.0000,0.0000,0.0245,4.0336,0.0000,-0.0000,0.0000,0.0028
2026-05-20 18:44:42.004,0,10,10,0.00,0.0000,-0.0001,0.0245,4.0336,0.0000,-0.0000,0.0000,0.0028
2026-05-20 18:44:42.504,0,10,10,0.00,0.0001,0.0000,0.0245,4.0336,0.0000,-0.0000,0.0000,0.0028
2026-05-20 18:44:43.004,0,10,10,0.00,-0.0003,-0.0001,0.0245,4.0336,0.0000,-0.0000,0.0000,0.0028
2026-05-20 18:44:43.504,0,10,10,0.00,0.0000,0.0001,0.0245,4.0336,0.0000,-0.0000,0.0000,0.0028
2026-05-20 18:44:44.004,0,10,10,0.00,-0.0003,0.0001,0.0245,4.0336,0.0000,-0.0000,0.0000,0.0028
2026-05-20 18:44:44.504,0,10,10,0.00,0.0001,0.0000,0.0245,4.0336,0.0000,-0.0000,0.0000,0.0028
2026-05-20 18:44:45.004,0,10,10,0.00,0.0319,0.0001,0.0232,4.0335,0.0000,-0.0000,0.0000,0.0028
2026-05-20 18:44:45.504,0,10,10,0.00,0.2021,0.0027,-0.0061,4.0287,0.0000,-0.0000,0.0000,3.0010
2026-05-20 18:44:46.004,0,10,10,0.00,0.0243,0.0000,-0.0422,4.0182,0.0000,-0.0000,0.0000,14.6727
2026-05-20 18:44:46.504,0,10,10,0.00,-0.0542,0.0000,-0.0390,4.0193,0.0000,-0.0000,0.0000,14.5332
2026-05-20 18:44:47.004,0,10,10,0.00,-0.2068,0.1462,0.0057,4.0327,0.0000,-0.0000,0.0000,11.4625
2026-05-20 18:44:47.504,0,10,10,0.00,-0.3719,0.3214,0.1394,4.0657,0.0000,-0.0000,0.0000,9.3427
2026-05-20 18:44:48.004,0,10,10,0.00,-0.4559,0.3614,0.3290,4.1004,0.0000,-0.0000,0.0000,4.9559
2026-05-20 18:44:48.504,0,10,10,0.00,-0.4477,0.4723,0.5491,4.1270,0.0000,-0.0000,0.0000,1.8568
2026-05-20 18:44:49.003,0,10,10,0.00,-0.4517,0.4567,0.7788,4.1579,0.0000,-0.0000,0.0000,3.9350
2026-05-20 18:44:49.504,0,10,10,0.00,-0.4530,0.4439,1.0013,4.1893,0.0000,-0.0000,0.0000,3.6715
2026-05-20 18:44:50.004,0,10,10,0.00,-0.4529,0.4613,1.2242,4.2192,0.0000,-0.0000,0.0000,3.1395
2026-05-20 18:44:50.503,0,10,10,0.00,-0.4489,0.4528,1.4495,4.2498,0.0000,-0.0000,0.0000,3.2936
2026-05-20 18:44:51.004,0,10,10,0.00,-0.4527,0.4182,1.6684,4.2787,0.0000,-0.0000,0.0000,2.7572
2026-05-20 18:44:51.504,0,10,10,0.00,-0.4541,0.4589,1.8899,4.3030,0.0000,-0.0000,0.0000,1.1126
2026-05-20 18:44:52.003,0,10,10,0.00,-0.4527,0.4546,2.1178,4.3286,0.0000,-0.0000,0.0000,1.8270
2026-05-20 18:44:52.504,0,10,10,0.00,-0.4513,0.4532,2.3416,4.3544,0.0000,-0.0000,0.0000,1.7997
2026-05-20 18:44:53.004,0,10,10,0.00,-0.4525,0.4561,2.5663,4.3798,0.0000,-0.0000,0.0000,1.5499
2026-05-20 18:44:53.504,0,10,10,0.00,-0.4490,0.4405,2.7913,4.4056,0.0000,-0.0000,0.0000,1.6167
2026-05-20 18:44:54.004,0,10,10,0.00,-0.4562,0.4521,3.0149,4.4309,0.0000,-0.0000,0.0000,1.4400
2026-05-20 18:44:54.504,0,10,10,0.00,-0.4532,0.4561,3.2408,4.4566,0.0000,-0.0000,0.0000,1.5419
2026-05-20 18:44:55.004,0,10,10,0.00,-0.1724,0.4532,3.4327,4.4848,0.0000,-0.0000,0.0000,2.7783
2026-05-20 18:44:55.504,0,10,10,0.00,-0.3457,0.4748,3.5982,4.5416,0.0000,-0.0000,0.0000,17.1039
2026-05-20 18:44:56.004,0,9,10,0.00,-0.0292,0.4420,3.7403,4.6170,0.0000,-0.0000,0.0000,25.5885
2026-05-20 18:44:56.504,0,10,10,0.00,-0.1172,0.4507,3.8208,4.7056,0.0000,-0.0000,0.0000,48.8318
2026-05-20 18:44:57.004,0,10,10,0.00,-0.1389,0.4676,3.8914,4.8500,0.0000,-0.0000,0.0000,65.2518
2026-05-20 18:44:57.504,0,10,10,0.00,-0.2622,0.4520,3.9247,5.0083,0.0000,-0.0000,0.0000,79.5027
2026-05-20 18:44:58.004,0,10,10,0.00,-0.4211,0.4470,3.9357,5.2108,0.0000,-0.0000,0.0000,86.3641
2026-05-20 18:44:58.504,0,10,10,0.00,-0.4524,0.4440,3.9413,5.4372,0.0000,-0.0000,0.0000,86.2854
2026-05-20 18:44:59.004,0,10,10,0.00,-0.4078,0.4613,3.9445,5.6516,0.0000,-0.0000,0.0000,87.1103
2026-05-20 18:44:59.504,0,10,10,0.00,-0.4495,0.4634,3.9406,5.8741,0.0000,-0.0000,0.0000,89.3969
2026-05-20 18:45:00.004,0,10,10,0.00,-0.4541,0.4685,3.9348,6.1010,0.0000,-0.0000,0.0000,89.6509
2026-05-20 18:45:00.504,0,9,10,0.00,-0.3398,0.4487,3.9268,6.3170,0.0000,-0.0000,0.0000,90.5486
2026-05-20 18:45:01.004,0,10,10,0.00,-0.4447,0.4545,3.9080,6.5299,0.0000,-0.0000,0.0000,93.3605
2026-05-20 18:45:01.503,0,10,10,0.00,-0.4530,0.4616,3.8858,6.7576,0.0000,-0.0000,0.0000,93.6087
2026-05-20 18:45:02.004,0,9,10,0.00,-0.4499,0.4402,3.8638,6.9799,0.0000,-0.0000,0.0000,93.7439
2026-05-20 18:45:02.503,0,10,10,0.00,-0.4542,0.4520,3.8434,7.2038,0.0000,-0.0000,0.0000,92.8742
2026-05-20 18:45:03.004,0,10,10,0.00,-0.4515,0.4626,3.8220,7.4333,0.0000,-0.0000,0.0000,93.5792
2026-05-20 18:45:03.504,0,10,10,0.00,-0.4502,0.4345,3.7995,7.6579,0.0000,-0.0000,0.0000,94.0299
2026-05-20 18:45:04.004,0,10,10,0.00,-0.4477,0.4549,3.7783,7.8821,0.0000,-0.0000,0.0000,93.5452
2026-05-20 18:45:04.504,0,10,10,0.00,-0.4606,0.4589,3.7557,8.1087,0.0000,-0.0000,0.0000,94.3431
2026-05-20 18:45:05.004,0,10,10,0.00,-0.4528,0.4434,3.7336,8.3328,0.0000,-0.0000,0.0000,93.9022
2026-05-20 18:45:05.504,0,10,10,0.00,-0.3918,0.4537,3.7126,8.5556,0.0000,-0.0000,0.0000,93.5442
2026-05-20 18:45:06.004,0,10,10,0.00,-0.4512,0.4457,3.6870,8.7751,0.0000,-0.0000,0.0000,95.4793
2026-05-20 18:45:06.504,0,10,10,0.00,-0.4508,0.4445,3.6599,9.0001,0.0000,-0.0000,0.0000,95.3214
2026-05-20 18:45:07.004,0,10,10,0.00,-0.4490,0.4733,3.6327,9.2271,0.0000,-0.0000,0.0000,96.2421
2026-05-20 18:45:07.504,0,10,10,0.00,-0.4532,0.4420,3.6047,9.4496,0.0000,-0.0000,0.0000,96.2411
2026-05-20 18:45:08.004,0,10,10,0.00,-0.4547,0.4405,3.5796,9.6707,0.0000,-0.0000,0.0000,94.9688
2026-05-20 18:45:08.504,0,10,10,0.00,-0.4507,0.4415,3.5527,9.8997,0.0000,-0.0000,0.0000,95.4880
2026-05-20 18:45:09.004,0,10,10,0.00,-0.4558,0.4487,3.5265,10.1216,0.0000,-0.0000,0.0000,95.0834
2026-05-20 18:45:09.504,0,10,10,0.00,-0.4515,0.4486,3.5012,10.3463,0.0000,-0.0000,0.0000,94.5558
2026-05-20 18:45:10.004,0,10,10,0.00,-0.4554,0.4538,3.4754,10.5717,0.0000,-0.0000,0.0000,95.4680
2026-05-20 18:45:10.504,0,10,10,0.00,-0.4393,0.4444,3.4497,10.7946,0.0000,-0.0000,0.0000,94.9267
2026-05-20 18:45:11.004,0,10,10,0.00,-0.4499,0.4599,3.4235,11.0218,0.0000,-0.0000,0.0000,95.1624
2026-05-20 18:45:11.504,0,10,10,0.00,-0.4506,0.4515,3.3962,11.2464,0.0000,-0.0000,0.0000,95.8489
2026-05-20 18:45:12.004,0,9,10,0.00,-0.4538,0.4458,3.3697,11.4697,0.0000,-0.0000,0.0000,95.2002
2026-05-20 18:45:12.504,0,10,10,0.00,-0.4516,0.4201,3.3429,11.6960,0.0000,-0.0000,0.0000,95.7000
2026-05-20 18:45:13.004,0,10,10,0.00,-0.4528,0.4376,3.3186,11.9161,0.0000,-0.0000,0.0000,94.7638
2026-05-20 18:45:13.504,0,10,10,0.00,-0.4553,0.4731,3.2968,12.1394,0.0000,-0.0000,0.0000,93.9549
2026-05-20 18:45:14.004,0,10,10,0.00,-0.4511,0.4504,3.2739,12.3666,0.0000,-0.0000,0.0000,94.6289
2026-05-20 18:45:14.504,0,10,10,0.00,-0.4541,0.4580,3.2512,12.5912,0.0000,-0.0000,0.0000,94.5488
2026-05-20 18:45:15.004,0,10,10,0.00,-0.4523,0.4554,3.2283,12.8164,0.0000,-0.0000,0.0000,94.7076
2026-05-20 18:45:15.504,0,10,10,0.00,-0.4547,0.4528,3.2047,13.0425,0.0000,-0.0000,0.0000,94.8772
2026-05-20 18:45:16.004,0,10,10,0.00,-0.4562,0.4062,3.1858,13.2575,0.0000,-0.0000,0.0000,93.6147
2026-05-20 18:45:16.504,0,10,10,0.00,-0.4511,0.4673,3.1712,13.4843,0.0000,-0.0000,0.0000,92.0958
2026-05-20 18:45:17.004,0,10,10,0.00,-0.4528,0.4555,3.1534,13.7117,0.0000,-0.0000,0.0000,93.5664
2026-05-20 18:45:17.504,0,10,10,0.00,-0.4521,0.4409,3.1358,13.9353,0.0000,-0.0000,0.0000,93.1385
2026-05-20 18:45:18.003,0,9,10,0.00,-0.4575,0.4922,3.1209,14.1585,0.0000,-0.0000,0.0000,92.3941
2026-05-20 18:45:18.504,0,10,10,0.00,-0.4437,0.4343,3.1048,14.3867,0.0000,-0.0000,0.0000,93.2052
2026-05-20 18:45:19.003,0,10,10,0.00,-0.3945,0.4419,3.0883,14.6070,0.0000,-0.0000,0.0000,92.6357
2026-05-20 18:45:19.504,0,10,10,0.00,-0.4532,0.4536,3.0675,14.8291,0.0000,-0.0000,0.0000,94.6998
2026-05-20 18:45:20.004,0,9,10,0.00,-0.4486,0.4394,3.0474,15.0325,0.0000,-0.0000,0.0000,94.4547
2026-05-20 18:45:20.504,0,10,10,0.00,-0.4528,0.4636,3.0244,15.2787,0.0000,-0.0000,0.0000,93.9960
2026-05-20 18:45:21.004,0,10,10,0.00,-0.4536,0.4448,3.0025,15.5053,0.0000,-0.0000,0.0000,94.4689
2026-05-20 18:45:21.504,0,10,10,0.00,-0.4558,0.4538,2.9807,15.7297,0.0000,-0.0000,0.0000,94.2786
2026-05-20 18:45:22.003,0,10,10,0.00,-0.4507,0.4599,2.9593,15.9563,0.0000,-0.0000,0.0000,94.1884
2026-05-20 18:45:22.503,0,10,10,0.00,-0.4566,0.4599,2.9367,16.1824,0.0000,-0.0000,0.0000,94.9201
2026-05-20 18:45:23.003,0,10,10,0.00,-0.4564,0.4452,2.9140,16.4058,0.0000,-0.0000,0.0000,94.6723
2026-05-20 18:45:23.504,0,10,10,0.00,-0.4537,0.4449,2.8942,16.6265,0.0000,-0.0000,0.0000,93.9291
2026-05-20 18:45:24.004,0,10,10,0.00,-0.4503,0.4517,2.8759,16.8514,0.0000,-0.0000,0.0000,93.3016
2026-05-20 18:45:24.504,0,10,10,0.00,-0.4396,0.4424,2.8559,17.0703,0.0000,-0.0000,0.0000,93.7941
2026-05-20 18:45:25.004,0,10,10,0.00,-0.4550,0.4583,2.8314,17.2968,0.0000,-0.0000,0.0000,95.1978
2026-05-20 18:45:25.504,0,10,10,0.00,-0.4496,0.2799,2.8122,17.5020,0.0000,-0.0000,0.0000,94.5452
2026-05-20 18:45:26.004,0,10,10,0.00,-0.4498,0.1490,2.8204,17.6683,0.0000,-0.0000,0.0000,83.8210
2026-05-20 18:45:26.504,0,10,10,0.00,-0.4525,0.2477,2.8666,17.8198,0.0000,-0.0000,0.0000,68.8005
2026-05-20 18:45:27.003,0,10,10,0.00,-0.4521,0.4461,2.9568,18.0033,0.0000,-0.0000,0.0000,59.5724
2026-05-20 18:45:27.504,0,10,10,0.00,-0.4507,0.3971,3.0593,18.2025,0.0000,-0.0000,0.0000,60.4885
2026-05-20 18:45:28.004,0,10,10,0.00,-0.4547,0.3430,3.1599,18.3767,0.0000,-0.0000,0.0000,56.6613
2026-05-20 18:45:28.504,0,10,10,0.00,-0.4523,0.3970,3.2795,18.5453,0.0000,-0.0000,0.0000,50.4076
2026-05-20 18:45:29.004,0,10,10,0.00,-0.4528,0.2979,3.4045,18.6978,0.0000,-0.0000,0.0000,47.4910
2026-05-20 18:45:29.504,0,10,10,0.00,-0.4489,0.2618,3.5358,18.8194,0.0000,-0.0000,0.0000,38.0467
2026-05-20 18:45:30.004,0,10,10,0.00,-0.4529,0.3126,3.6921,18.9246,0.0000,-0.0000,0.0000,28.4595
2026-05-20 18:45:30.504,0,10,10,0.00,-0.4490,0.2740,3.8612,19.0117,0.0000,-0.0000,0.0000,22.0845
2026-05-20 18:45:31.004,0,10,10,0.00,-0.4544,0.3469,4.0388,19.0732,0.0000,-0.0000,0.0000,13.5120
2026-05-20 18:45:31.504,0,10,10,0.00,-0.4517,0.4879,4.2544,19.1298,0.0000,-0.0000,0.0000,9.0326
2026-05-20 18:45:32.004,0,10,10,0.00,-0.4540,0.4161,4.4749,19.1913,0.0000,-0.0000,0.0000,11.2219
2026-05-20 18:45:32.504,0,10,10,0.00,-0.4536,0.3358,4.6678,19.2366,0.0000,-0.0000,0.0000,8.4771
2026-05-20 18:45:33.004,0,10,10,0.00,-0.4512,0.4621,4.8805,19.2665,0.0000,-0.0000,0.0000,1.5248
2026-05-20 18:45:33.504,0,9,10,0.00,-0.4520,0.4693,5.0860,19.2955,0.0000,-0.0000,0.0000,3.2729
2026-05-20 18:45:34.004,0,10,10,0.00,-0.4487,0.3614,5.3264,19.3309,0.0000,-0.0000,0.0000,3.5906
2026-05-20 18:45:34.504,0,10,10,0.00,-0.4542,0.4074,5.5349,19.3511,0.0000,-0.0000,0.0000,-0.0231
2026-05-20 18:45:35.004,0,10,10,0.00,-0.4034,0.4756,5.7598,19.3659,0.0000,-0.0000,0.0000,-1.9030
2026-05-20 18:45:35.504,0,10,10,0.00,-0.4549,0.4591,5.9753,19.3900,0.0000,-0.0000,0.0000,1.6715
2026-05-20 18:45:36.004,0,10,10,0.00,-0.4511,0.4386,6.2006,19.4184,0.0000,-0.0000,0.0000,1.8932
2026-05-20 18:45:36.504,0,10,10,0.00,-0.4544,0.4600,6.4243,19.4451,0.0000,-0.0000,0.0000,1.5068
2026-05-20 18:45:37.004,0,10,10,0.00,-0.4554,0.4533,6.6502,19.4729,0.0000,-0.0000,0.0000,1.8574
2026-05-20 18:45:37.504,0,10,10,0.00,-0.4500,0.4468,6.8737,19.5006,0.0000,-0.0000,0.0000,1.8315
2026-05-20 18:45:38.004,0,10,10,0.00,-0.4527,0.4596,7.0981,19.5277,0.0000,-0.0000,0.0000,1.6494
2026-05-20 18:45:38.504,0,10,10,0.00,-0.4529,0.4592,7.3238,19.5554,0.0000,-0.0000,0.0000,1.7513
2026-05-20 18:45:39.004,0,10,10,0.00,-0.4547,0.4472,7.5464,19.5828,0.0000,-0.0000,0.0000,1.6968
2026-05-20 18:45:39.504,0,10,10,0.00,-0.4508,0.4511,7.7712,19.6098,0.0000,-0.0000,0.0000,1.3482
2026-05-20 18:45:40.004,0,10,10,0.00,-0.4509,0.4555,7.9966,19.6373,0.0000,-0.0000,0.0000,1.4676
2026-05-20 18:45:40.504,0,10,10,0.00,-0.4567,0.4533,8.2200,19.6643,0.0000,-0.0000,0.0000,1.3981
2026-05-20 18:45:41.004,0,10,10,0.00,-0.4537,0.4627,8.4475,19.6916,0.0000,-0.0000,0.0000,1.2870
2026-05-20 18:45:41.504,0,10,10,0.00,-0.4540,0.4537,8.6700,19.7192,0.0000,-0.0000,0.0000,1.4008
2026-05-20 18:45:42.004,0,10,10,0.00,-0.4527,0.4492,8.8935,19.7467,0.0000,-0.0000,0.0000,1.2246
2026-05-20 18:45:42.504,0,10,10,0.00,-0.4542,0.4575,9.1185,19.7741,0.0000,-0.0000,0.0000,1.1822
2026-05-20 18:45:43.004,0,10,10,0.00,-0.4554,0.4529,9.3430,19.8016,0.0000,-0.0000,0.0000,1.2896
2026-05-20 18:45:43.504,0,10,10,0.00,-0.4542,0.4513,9.5677,19.8292,0.0000,-0.0000,0.0000,1.2369
2026-05-20 18:45:44.004,0,10,10,0.00,-0.4527,0.4507,9.7927,19.8571,0.0000,-0.0000,0.0000,1.3090
2026-05-20 18:45:44.503,0,10,10,0.00,-0.4506,0.4453,10.0166,19.8851,0.0000,-0.0000,0.0000,1.3611
2026-05-20 18:45:45.004,0,10,10,0.00,-0.4538,0.4600,10.2408,19.9126,0.0000,-0.0000,0.0000,1.2260
2026-05-20 18:45:45.504,0,10,10,0.00,-0.4512,0.4503,10.4664,19.9409,0.0000,-0.0000,0.0000,1.4338
2026-05-20 18:45:46.004,0,10,10,0.00,-0.3960,0.4457,10.6851,19.9682,0.0000,-0.0000,0.0000,1.2439
2026-05-20 18:45:46.504,0,10,10,0.00,-0.4570,0.4634,10.9057,20.0002,0.0000,-0.0000,0.0000,2.9848
2026-05-20 18:45:47.004,0,10,10,0.00,-0.4520,0.4385,11.1299,20.0344,0.0000,-0.0000,0.0000,3.1556
2026-05-20 18:45:47.508,0,10,10,0.00,-0.4554,0.4558,11.3523,20.0669,0.0000,-0.0000,0.0000,2.6116
2026-05-20 18:45:48.004,0,10,10,0.00,-0.4533,0.4554,11.5775,20.0999,0.0000,-0.0000,0.0000,2.9295
2026-05-20 18:45:48.504,0,10,10,0.00,-0.4544,0.4512,11.8008,20.1331,0.0000,-0.0000,0.0000,3.2014
2026-05-20 18:45:49.004,0,10,10,0.00,-0.4540,0.4348,12.0194,20.1639,0.0000,-0.0000,0.0000,2.8436
2026-05-20 18:45:49.504,0,10,10,0.00,-0.4536,0.4617,12.2416,20.1910,0.0000,-0.0000,0.0000,1.3714
2026-05-20 18:45:50.004,0,9,10,0.00,-0.4527,0.4536,12.4665,20.2183,0.0000,-0.0000,0.0000,1.7042
2026-05-20 18:45:50.504,0,10,10,0.00,-0.4536,0.4554,12.6914,20.2460,0.0000,-0.0000,0.0000,1.8089
2026-05-20 18:45:51.004,0,10,10,0.00,-0.4529,0.4478,12.9160,20.2741,0.0000,-0.0000,0.0000,1.8094
2026-05-20 18:45:51.504,0,10,10,0.00,-0.4498,0.4474,13.1395,20.3018,0.0000,-0.0000,0.0000,1.7879
2026-05-20 18:45:52.004,0,10,10,0.00,-0.4511,0.4584,13.3642,20.3291,0.0000,-0.0000,0.0000,1.5304
2026-05-20 18:45:52.504,0,10,10,0.00,-0.3858,0.4479,13.5807,20.3577,0.0000,-0.0000,0.0000,2.1659
2026-05-20 18:45:53.004,0,10,10,0.00,-0.4626,0.4588,13.7984,20.3936,0.0000,-0.0000,0.0000,4.6566
2026-05-20 18:45:53.504,0,10,10,0.00,-0.4515,0.4591,14.0228,20.4308,0.0000,-0.0000,0.0000,4.1921
2026-05-20 18:45:54.004,0,10,10,0.00,-0.4500,0.4502,14.2468,20.4684,0.0000,-0.0000,0.0000,4.4009
2026-05-20 18:45:54.504,0,10,10,0.00,-0.4540,0.4536,14.4688,20.5055,0.0000,-0.0000,0.0000,4.3538
2026-05-20 18:45:55.004,0,10,10,0.00,-0.4509,0.4394,14.6922,20.5431,0.0000,-0.0000,0.0000,4.6142
2026-05-20 18:45:55.504,0,10,10,0.00,-0.4516,0.4468,14.9154,20.5809,0.0000,-0.0000,0.0000,4.5479
2026-05-20 18:45:56.004,0,10,10,0.00,-0.4541,0.4625,15.1382,20.6178,0.0000,-0.0000,0.0000,4.3518
2026-05-20 18:45:56.504,0,10,10,0.00,-0.4540,0.4431,15.3561,20.6524,0.0000,-0.0000,0.0000,4.5867
2026-05-20 18:45:57.004,0,10,10,0.00,-0.4532,0.4407,15.5733,20.6814,0.0000,-0.0000,0.0000,2.7406
2026-05-20 18:45:57.504,0,10,10,0.00,-0.4517,0.4646,15.7986,20.7089,0.0000,-0.0000,0.0000,2.0765
2026-05-20 18:45:58.004,0,10,10,0.00,-0.4547,0.4557,16.0242,20.7381,0.0000,-0.0000,0.0000,2.7579
2026-05-20 18:45:58.503,0,10,10,0.00,-0.4528,0.4436,16.2470,20.7669,0.0000,-0.0000,0.0000,2.6702
2026-05-20 18:45:59.003,0,10,10,0.00,-0.4521,0.4503,16.4721,20.7951,0.0000,-0.0000,0.0000,2.3712
2026-05-20 18:45:59.503,0,10,10,0.00,-0.4517,0.4530,16.6973,20.8239,0.0000,-0.0000,0.0000,2.4833
2026-05-20 18:46:00.004,0,10,10,0.00,-0.4546,0.4529,16.9211,20.8526,0.0000,-0.0000,0.0000,2.4684
2026-05-20 18:46:00.504,0,10,10,0.00,-0.4517,0.4559,17.1458,20.8812,0.0000,-0.0000,0.0000,2.4383
2026-05-20 18:46:01.003,0,10,10,0.00,-0.4507,0.4402,17.3701,20.9103,0.0000,-0.0000,0.0000,2.5389
2026-05-20 18:46:01.503,0,10,10,0.00,-0.4529,0.4566,17.5942,20.9387,0.0000,-0.0000,0.0000,2.1933
2026-05-20 18:46:02.003,0,10,10,0.00,-0.4545,0.4566,17.8196,20.9676,0.0000,-0.0000,0.0000,2.4049
2026-05-20 18:46:02.503,0,10,10,0.00,-0.4546,0.4462,18.0438,20.9969,0.0000,-0.0000,0.0000,2.6776
2026-05-20 18:46:03.004,0,10,10,0.00,-0.4486,0.4517,18.2678,21.0259,0.0000,-0.0000,0.0000,2.4812
2026-05-20 18:46:03.504,0,10,10,0.00,-0.4529,0.4601,18.4931,21.0555,0.0000,-0.0000,0.0000,2.5415
2026-05-20 18:46:04.004,0,10,10,0.00,-0.4511,0.4466,18.7161,21.0847,0.0000,-0.0000,0.0000,2.5744
2026-05-20 18:46:04.504,0,10,10,0.00,-0.4500,0.4486,18.9400,21.1137,0.0000,-0.0000,0.0000,2.4771
2026-05-20 18:46:05.004,0,10,10,0.00,-0.4527,0.4506,19.1649,21.1428,0.0000,-0.0000,0.0000,2.4565
2026-05-20 18:46:05.503,0,10,10,0.00,-0.4525,0.4506,19.3882,21.1716,0.0000,-0.0000,0.0000,2.4310
2026-05-20 18:46:06.004,0,10,10,0.00,-0.4515,0.4592,19.6135,21.2005,0.0000,-0.0000,0.0000,2.6130
2026-05-20 18:46:06.504,0,10,10,0.00,-0.4499,0.4428,19.8379,21.2302,0.0000,-0.0000,0.0000,2.8538
2026-05-20 18:46:07.004,0,10,10,0.00,-0.4527,0.4430,20.0611,21.2590,0.0000,-0.0000,0.0000,2.4392
2026-05-20 18:46:07.504,0,10,10,0.00,-0.4561,0.4605,20.2859,21.2877,0.0000,-0.0000,0.0000,2.5444
2026-05-20 18:46:08.004,0,10,10,0.00,-0.4534,0.4492,20.5102,21.3172,0.0000,-0.0000,0.0000,2.7603
2026-05-20 18:46:08.504,0,10,10,0.00,-0.4504,0.4486,20.7339,21.3458,0.0000,-0.0000,0.0000,2.3255
2026-05-20 18:46:09.004,0,10,10,0.00,-0.4513,0.4547,20.9597,21.3751,0.0000,-0.0000,0.0000,2.6358
2026-05-20 18:46:09.504,0,10,10,0.00,-0.4529,0.4499,21.1840,21.4051,0.0000,-0.0000,0.0000,2.7966
2026-05-20 18:46:10.004,0,10,10,0.00,-0.4544,0.4634,21.4074,21.4341,0.0000,-0.0000,0.0000,2.5808
2026-05-20 18:46:10.504,0,10,10,0.00,-0.4550,0.4557,21.6321,21.4635,0.0000,-0.0000,0.0000,2.7018
2026-05-20 18:46:11.004,0,10,10,0.00,-0.4473,0.4368,21.8553,21.4927,0.0000,-0.0000,0.0000,2.7201
2026-05-20 18:46:11.504,0,10,10,0.00,-0.4508,0.4564,22.0807,21.5220,0.0000,-0.0000,0.0000,2.6348
2026-05-20 18:46:12.004,0,10,10,0.00,-0.4519,0.4545,22.3053,21.5516,0.0000,-0.0000,0.0000,2.7328
2026-05-20 18:46:12.504,0,10,10,0.00,-0.4545,0.4523,22.5285,21.5809,0.0000,-0.0000,0.0000,2.6792
2026-05-20 18:46:13.004,0,10,10,0.00,-0.4472,0.4454,22.7529,21.6098,0.0000,-0.0000,0.0000,2.3943
2026-05-20 18:46:13.503,0,10,10,0.00,-0.4498,0.4523,22.9782,21.6396,0.0000,-0.0000,0.0000,2.7773
2026-05-20 18:46:14.003,0,10,10,0.00,-0.4534,0.4529,23.2010,21.6687,0.0000,-0.0000,0.0000,2.5837
2026-05-20 18:46:14.504,0,10,10,0.00,-0.4542,0.4575,23.4259,21.6978,0.0000,-0.0000,0.0000,2.5047
2026-05-20 18:46:15.003,0,10,10,0.00,-0.4515,0.4456,23.6501,21.7275,0.0000,-0.0000,0.0000,2.6298
2026-05-20 18:46:15.503,0,10,10,0.00,-0.4521,0.4528,23.8742,21.7566,0.0000,-0.0000,0.0000,2.3720
2026-05-20 18:46:16.004,0,10,10,0.00,-0.4513,0.4561,24.0995,21.7862,0.0000,-0.0000,0.0000,2.5315
2026-05-20 18:46:16.503,0,10,10,0.00,-0.4521,0.4495,24.3228,21.8158,0.0000,-0.0000,0.0000,2.4552
2026-05-20 18:46:17.004,0,10,10,0.00,-0.4494,0.4532,24.5469,21.8451,0.0000,-0.0000,0.0000,2.2872
2026-05-20 18:46:17.503,0,10,10,0.00,-0.4520,0.4469,24.7721,21.8750,0.0000,-0.0000,0.0000,2.3569
2026-05-20 18:46:18.003,0,10,10,0.00,-0.4538,0.4509,24.9954,21.9045,0.0000,-0.0000,0.0000,2.1896
2026-05-20 18:46:18.504,0,10,10,0.00,-0.4542,0.4575,25.2200,21.9339,0.0000,-0.0000,0.0000,2.1600
2026-05-20 18:46:19.003,0,10,10,0.00,-0.4474,0.4377,25.4442,21.9637,0.0000,-0.0000,0.0000,2.2244
2026-05-20 18:46:19.503,0,10,10,0.00,-0.4533,0.4578,25.6680,21.9930,0.0000,-0.0000,0.0000,2.0472
2026-05-20 18:46:20.004,0,10,10,0.00,-0.4574,0.4644,25.8932,22.0227,0.0000,-0.0000,0.0000,2.1811
2026-05-20 18:46:20.503,0,10,10,0.00,-0.4557,0.4492,26.1172,22.0530,0.0000,-0.0000,0.0000,2.4760
2026-05-20 18:46:21.003,0,10,10,0.00,-0.3335,0.3623,26.3290,22.0812,0.0000,-0.0000,0.0000,2.0168
2026-05-20 18:46:21.503,0,10,10,0.00,-0.0140,0.0241,26.4149,22.0944,0.0000,-0.0000,0.0000,4.2394
2026-05-20 18:46:22.004,0,10,10,0.00,0.0000,-0.0009,26.4137,22.0941,0.0000,-0.0000,0.0000,4.2394
2026-05-20 18:46:22.504,0,10,10,0.00,-0.0003,-0.0001,26.4137,22.0941,0.0000,-0.0000,0.0000,4.2394
2026-05-20 18:46:23.004,0,10,10,0.00,-0.0001,0.0000,26.4137,22.0941,0.0000,-0.0000,0.0000,4.2394
2026-05-20 18:46:23.504,0,10,10,0.00,0.0000,-0.0001,26.4137,22.0941,0.0000,-0.0000,0.0000,4.2394
2026-05-20 18:46:24.004,0,10,10,0.00,0.0000,0.0001,26.4137,22.0941,0.0000,-0.0000,0.0000,4.2394
2026-05-20 18:46:24.504,0,10,10,0.00,-0.0001,-0.0007,26.4137,22.0941,0.0000,-0.0000,0.0000,4.2394
2026-05-20 18:46:25.004,0,10,10,0.00,-0.0001,0.0000,26.4137,22.0941,0.0000,-0.0000,0.0000,4.2394
2026-05-20 18:46:25.504,0,10,10,0.00,0.0000,-0.0001,26.4137,22.0941,0.0000,-0.0000,0.0000,4.2394
2026-05-20 18:46:26.004,0,10,10,0.00,-0.0001,-0.0001,26.4137,22.0941,0.0000,-0.0000,0.0000,4.2394
2026-05-20 18:46:26.504,0,10,10,0.00,0.0000,0.0000,26.4137,22.0941,0.0000,-0.0000,0.0000,4.2394
2026-05-20 18:46:27.004,0,10,10,0.00,0.0001,0.0000,26.4137,22.0941,0.0000,-0.0000,0.0000,4.2394
2026-05-20 18:46:27.504,0,10,10,0.00,0.0001,0.0001,26.4137,22.0941,0.0000,-0.0000,0.0000,4.2394
2026-05-20 18:46:28.004,0,10,10,0.00,0.0000,0.0001,26.4137,22.0941,0.0000,-0.0000,0.0000,4.2394
2026-05-20 18:46:28.504,0,10,10,0.00,-0.0001,-0.0001,26.4137,22.0941,0.0000,-0.0000,0.0000,4.2394
2026-05-20 18:46:29.004,0,10,10,0.00,-0.0003,-0.0001,26.4137,22.0941,0.0000,-0.0000,0.0000,4.2394
2026-05-20 18:46:29.504,0,10,10,0.00,0.0000,0.0000,26.4137,22.0941,0.0000,-0.0000,0.0000,4.2394
2026-05-20 18:46:30.004,0,10,10,0.00,0.0000,-0.0001,26.4137,22.0941,0.0000,-0.0000,0.0000,4.2394
2026-05-20 18:46:30.504,0,10,10,0.00,-0.0001,-0.0001,26.4137,22.0941,0.0000,-0.0000,0.0000,4.2394
2026-05-20 18:46:31.004,0,10,10,0.00,-0.0001,-0.0001,26.4137,22.0941,0.0000,-0.0000,0.0000,4.2394
2026-05-20 18:46:31.504,0,10,10,0.00,0.0001,0.0000,26.4137,22.0941,0.0000,-0.0000,0.0000,4.2394
2026-05-20 18:46:32.004,0,10,10,0.00,0.0000,0.0000,26.4137,22.0941,0.0000,-0.0000,0.0000,4.2394
2026-05-20 18:46:32.504,0,10,10,0.00,0.0000,0.0000,26.4137,22.0941,0.0000,-0.0000,0.0000,4.2394
2026-05-20 18:46:33.004,0,10,10,0.00,0.0001,0.0003,26.4137,22.0941,0.0000,-0.0000,0.0000,4.2394
2026-05-20 18:46:33.504,0,10,10,0.00,-0.0003,0.0000,26.4137,22.0941,0.0000,-0.0000,0.0000,4.2394
2026-05-20 18:46:34.004,0,10,10,0.00,0.0001,-0.0001,26.4137,22.0941,0.0000,-0.0000,0.0000,4.2394
2026-05-20 18:46:34.504,0,10,10,0.00,0.0000,-0.0004,26.4137,22.0941,0.0000,-0.0000,0.0000,4.2394
2026-05-20 18:46:35.004,0,10,10,0.00,-0.0001,0.0000,26.4137,22.0941,0.0000,-0.0000,0.0000,4.2394
2026-05-20 18:46:35.503,0,10,10,0.00,0.0000,-0.0001,26.4137,22.0941,0.0000,-0.0000,0.0000,4.2394
2026-05-20 18:46:36.004,0,10,10,0.00,0.0000,0.0000,26.4137,22.0941,0.0000,-0.0000,0.0000,4.2394
2026-05-20 18:46:36.504,0,10,10,0.00,0.0000,0.0000,26.4137,22.0941,0.0000,-0.0000,0.0000,4.2394
2026-05-20 18:46:37.004,0,10,10,0.00,0.0000,0.0003,26.4137,22.0941,0.0000,-0.0000,0.0000,4.2394
2026-05-20 18:46:37.504,0,10,10,0.00,0.0001,0.0000,26.4137,22.0941,0.0000,-0.0000,0.0000,4.2394
2026-05-20 18:46:38.004,0,10,10,0.00,0.0000,0.0000,26.4137,22.0941,0.0000,-0.0000,0.0000,4.2394
2026-05-20 18:46:38.504,0,10,10,0.00,0.0004,-0.0003,26.4137,22.0941,0.0000,-0.0000,0.0000,4.2394
2026-05-20 18:46:39.004,0,10,10,0.00,0.0001,-0.0001,26.4137,22.0941,0.0000,-0.0000,0.0000,4.2394
2026-05-20 18:46:39.504,0,10,10,0.00,0.0000,-0.0001,26.4137,22.0941,0.0000,-0.0000,0.0000,4.2394
2026-05-20 18:46:40.004,0,10,10,0.00,-0.0001,0.0000,26.4137,22.0941,0.0000,-0.0000,0.0000,4.2394
2026-05-20 18:46:40.504,0,10,10,0.00,0.0000,0.0001,26.4137,22.0941,0.0000,-0.0000,0.0000,4.2394
2026-05-20 18:46:41.004,0,10,10,0.00,0.0001,0.0000,26.4137,22.0941,0.0000,-0.0000,0.0000,4.2394
2026-05-20 18:46:41.504,0,10,10,0.00,0.0000,0.0000,26.4137,22.0941,0.0000,-0.0000,0.0000,4.2394
2026-05-20 18:46:42.004,0,10,10,0.00,-0.0001,0.0001,26.4137,22.0941,0.0000,-0.0000,0.0000,4.2394
2026-05-20 18:46:42.504,0,10,10,0.00,0.0000,-0.0001,26.4137,22.0941,0.0000,-0.0000,0.0000,4.2394
2026-05-20 18:46:43.004,0,10,10,0.00,0.0003,0.0001,26.4137,22.0941,0.0000,-0.0000,0.0000,4.2394
2026-05-20 18:46:43.504,0,10,10,0.00,-0.0001,0.0000,26.4137,22.0941,0.0000,-0.0000,0.0000,4.2394
2026-05-20 18:46:44.004,0,10,10,0.00,0.0003,0.0000,26.4137,22.0941,0.0000,-0.0000,0.0000,4.2394
2026-05-20 18:46:44.504,0,10,10,0.00,-0.0003,0.0001,26.4137,22.0941,0.0000,-0.0000,0.0000,4.2394
2026-05-20 18:46:45.004,0,10,10,0.00,0.0424,-0.0090,26.4116,22.0938,0.0000,-0.0000,0.0000,4.2394
2026-05-20 18:46:45.504,0,10,10,0.00,0.2012,-0.1694,26.3568,22.0833,0.0000,-0.0000,0.0000,5.3077
2026-05-20 18:46:46.004,0,10,10,0.00,0.3542,-0.3448,26.2205,22.0534,0.0000,-0.0000,0.0000,7.4176
2026-05-20 18:46:46.504,0,10,10,0.00,0.4530,-0.4744,26.0092,22.0053,0.0000,-0.0000,0.0000,7.3693
2026-05-20 18:46:47.004,0,10,10,0.00,0.4499,-0.4540,25.7853,21.9567,0.0000,-0.0000,0.0000,6.6413
2026-05-20 18:46:47.504,0,10,10,0.00,0.4571,-0.4593,25.5602,21.9081,0.0000,-0.0000,0.0000,6.9565
2026-05-20 18:46:48.004,0,10,10,0.00,0.4417,-0.4402,25.3549,21.8688,0.0000,-0.0000,0.0000,6.0595
2026-05-20 18:46:48.504,0,10,10,0.00,0.4585,-0.4527,25.1314,21.8306,0.0000,-0.0000,0.0000,4.2984
2026-05-20 18:46:49.004,0,10,10,0.00,0.2165,-0.3143,24.9438,21.8010,0.0000,-0.0000,0.0000,4.4677
2026-05-20 18:46:49.504,0,10,10,0.00,-0.0043,0.0009,24.8952,21.7965,0.0000,-0.0000,0.0000,-0.8335
2026-05-20 18:46:50.004,0,10,10,0.00,-0.0003,0.0020,24.8999,21.7967,0.0000,-0.0000,0.0000,-2.2758
2026-05-20 18:46:50.504,0,10,10,0.00,-0.0007,0.0143,24.9055,21.7971,0.0000,-0.0000,0.0000,-1.2078
2026-05-20 18:46:51.004,0,10,10,0.00,-0.0081,0.0016,24.9103,21.7975,0.0000,-0.0000,0.0000,-1.2078
2026-05-20 18:46:51.504,0,10,10,0.00,0.0920,-0.0555,24.8957,21.7964,0.0000,-0.0000,0.0000,-1.2078
2026-05-20 18:46:52.004,0,10,10,0.00,0.2007,-0.2672,24.8004,21.7865,0.0000,-0.0000,0.0000,-0.1273
2026-05-20 18:46:52.504,0,9,10,0.00,0.3022,-0.3822,24.6599,21.7769,0.0000,-0.0000,0.0000,-2.5500
2026-05-20 18:46:53.004,0,10,10,0.00,0.4591,-0.4733,24.4451,21.7752,0.0000,-0.0000,0.0000,-5.3531
2026-05-20 18:46:53.504,0,10,10,0.00,0.4513,-0.4623,24.2117,21.7799,0.0000,-0.0000,0.0000,-6.0634
2026-05-20 18:46:54.004,0,10,10,0.00,0.4504,-0.4055,23.9886,21.7866,0.0000,-0.0000,0.0000,-6.3845
2026-05-20 18:46:54.504,0,10,10,0.00,0.4506,-0.3763,23.7854,21.7823,0.0000,-0.0000,0.0000,-2.9657
2026-05-20 18:46:55.004,0,10,10,0.00,0.4506,-0.4625,23.5655,21.7652,0.0000,-0.0000,0.0000,1.0307
2026-05-20 18:46:55.504,0,10,10,0.00,0.4520,-0.4494,23.3382,21.7482,0.0000,-0.0000,0.0000,-0.0270
2026-05-20 18:46:56.004,0,10,10,0.00,0.4516,-0.4307,23.1177,21.7306,0.0000,-0.0000,0.0000,0.7682
2026-05-20 18:46:56.504,0,10,10,0.00,0.4532,-0.4574,22.8940,21.7087,0.0000,-0.0000,0.0000,1.8101
2026-05-20 18:46:57.004,0,10,10,0.00,0.4557,-0.4575,22.6701,21.6865,0.0000,-0.0000,0.0000,1.4955
2026-05-20 18:46:57.504,0,10,10,0.00,0.4553,-0.4631,22.4446,21.6637,0.0000,-0.0000,0.0000,1.7910
2026-05-20 18:46:58.004,0,10,10,0.00,0.4483,-0.4498,22.2198,21.6412,0.0000,-0.0000,0.0000,1.4394
2026-05-20 18:46:58.504,0,10,10,0.00,0.4509,-0.4452,21.9957,21.6185,0.0000,-0.0000,0.0000,1.9172
2026-05-20 18:46:59.004,0,10,10,0.00,0.4521,-0.4595,21.7696,21.5951,0.0000,-0.0000,0.0000,2.2132
2026-05-20 18:46:59.504,0,10,10,0.00,0.4495,-0.4430,21.5447,21.5729,0.0000,-0.0000,0.0000,1.8303
2026-05-20 18:47:00.004,0,10,10,0.00,0.4537,-0.4452,21.3204,21.5499,0.0000,-0.0000,0.0000,2.4125
2026-05-20 18:47:00.504,0,10,10,0.00,0.4567,-0.4592,21.0976,21.5255,0.0000,-0.0000,0.0000,2.6426
2026-05-20 18:47:01.004,0,10,10,0.00,0.4521,-0.4495,20.8739,21.5007,0.0000,-0.0000,0.0000,2.5408
2026-05-20 18:47:01.504,0,10,10,0.00,0.4520,-0.4575,20.6492,21.4749,0.0000,-0.0000,0.0000,3.1288
2026-05-20 18:47:02.004,0,10,10,0.00,0.4483,-0.4555,20.4234,21.4495,0.0000,-0.0000,0.0000,2.8299
2026-05-20 18:47:02.504,0,10,10,0.00,0.4555,-0.4495,20.1991,21.4248,0.0000,-0.0000,0.0000,2.5233
2026-05-20 18:47:03.004,0,10,10,0.00,0.4528,-0.4530,19.9751,21.3994,0.0000,-0.0000,0.0000,3.1530
2026-05-20 18:47:03.504,0,10,10,0.00,0.4474,-0.4538,19.7502,21.3736,0.0000,-0.0000,0.0000,2.9467
2026-05-20 18:47:04.004,0,10,10,0.00,0.4555,-0.4533,19.5260,21.3480,0.0000,-0.0000,0.0000,2.8239
2026-05-20 18:47:04.504,0,10,10,0.00,0.4533,-0.4513,19.3017,21.3217,0.0000,-0.0000,0.0000,3.2060
2026-05-20 18:47:05.004,0,10,10,0.00,0.4512,-0.4521,19.0766,21.2956,0.0000,-0.0000,0.0000,2.7335
2026-05-20 18:47:05.503,0,10,10,0.00,0.4567,-0.4502,18.8527,21.2699,0.0000,-0.0000,0.0000,2.9809
2026-05-20 18:47:06.004,0,10,10,0.00,0.4498,-0.4558,18.6284,21.2434,0.0000,-0.0000,0.0000,3.2093
2026-05-20 18:47:06.504,0,10,10,0.00,0.4490,-0.4466,18.4042,21.2173,0.0000,-0.0000,0.0000,2.8554
2026-05-20 18:47:07.004,0,10,10,0.00,0.4496,-0.4464,18.1803,21.1904,0.0000,-0.0000,0.0000,3.6313
2026-05-20 18:47:07.504,0,10,10,0.00,0.4547,-0.4439,17.9565,21.1631,0.0000,-0.0000,0.0000,3.2243
2026-05-20 18:47:08.003,0,9,10,0.00,0.4597,-0.4571,17.7350,21.1347,0.0000,-0.0000,0.0000,3.4399
2026-05-20 18:47:08.504,0,10,10,0.00,0.4537,-0.4468,17.5131,21.1044,0.0000,-0.0000,0.0000,4.2656
2026-05-20 18:47:09.004,0,10,10,0.00,0.4525,-0.4542,17.2885,21.0723,0.0000,-0.0000,0.0000,4.3195
2026-05-20 18:47:09.504,0,10,10,0.00,0.4551,-0.4567,17.0645,21.0404,0.0000,-0.0000,0.0000,4.0726
2026-05-20 18:47:10.003,0,10,10,0.00,0.4527,-0.4557,16.8410,21.0082,0.0000,-0.0000,0.0000,4.4910
2026-05-20 18:47:10.504,0,10,10,0.00,0.4512,-0.4554,16.6164,20.9762,0.0000,-0.0000,0.0000,4.1742
2026-05-20 18:47:11.004,0,10,10,0.00,0.4469,-0.4483,16.3995,20.9479,0.0000,-0.0000,0.0000,3.9468
2026-05-20 18:47:11.504,0,10,10,0.00,0.4563,-0.4559,16.1743,20.9211,0.0000,-0.0000,0.0000,3.2715
2026-05-20 18:47:12.004,0,10,10,0.00,0.3962,-0.4464,15.9478,20.8946,0.0000,-0.0000,0.0000,2.8681
2026-05-20 18:47:12.504,0,10,10,0.00,0.4555,-0.4254,15.7351,20.8732,0.0000,-0.0000,0.0000,2.1567
2026-05-20 18:47:13.004,0,10,10,0.00,0.4530,-0.4269,15.5196,20.8467,0.0000,-0.0000,0.0000,3.3621
2026-05-20 18:47:13.503,0,10,10,0.00,0.4506,-0.4534,15.2972,20.8149,0.0000,-0.0000,0.0000,4.5196
2026-05-20 18:47:14.004,0,10,10,0.00,0.4506,-0.4498,15.0734,20.7828,0.0000,-0.0000,0.0000,4.6788
2026-05-20 18:47:14.504,0,10,10,0.00,0.4541,-0.4591,14.8481,20.7509,0.0000,-0.0000,0.0000,4.4641
2026-05-20 18:47:15.004,0,10,10,0.00,0.4516,-0.4453,14.6249,20.7201,0.0000,-0.0000,0.0000,4.0760
2026-05-20 18:47:15.504,0,10,10,0.00,0.4524,-0.4524,14.4023,20.6881,0.0000,-0.0000,0.0000,4.9505
2026-05-20 18:47:16.004,0,10,10,0.00,0.4529,-0.4601,14.1732,20.6551,0.0000,-0.0000,0.0000,4.5665
2026-05-20 18:47:16.504,0,10,10,0.00,0.4576,-0.4266,13.9605,20.6226,0.0000,-0.0000,0.0000,4.7878
2026-05-20 18:47:17.014,0,10,10,0.00,0.4528,-0.4520,13.7372,20.5848,0.0000,-0.0000,0.0000,6.4899
2026-05-20 18:47:17.503,0,10,10,0.00,0.4472,-0.4506,13.5153,20.5492,0.0000,-0.0000,0.0000,5.7608
2026-05-20 18:47:18.004,0,10,10,0.00,0.4561,-0.4580,13.2921,20.5156,0.0000,-0.0000,0.0000,5.0532
2026-05-20 18:47:18.504,0,10,10,0.00,0.4126,-0.4564,13.0699,20.4817,0.0000,-0.0000,0.0000,5.3283
2026-05-20 18:47:19.004,0,10,10,0.00,0.4406,-0.4465,12.8585,20.4572,0.0000,-0.0000,0.0000,3.7887
2026-05-20 18:47:19.504,0,10,10,0.00,0.4578,-0.4554,12.6337,20.4345,0.0000,-0.0000,0.0000,2.5975
2026-05-20 18:47:20.003,0,10,10,0.00,0.4525,-0.4588,12.4085,20.4115,0.0000,-0.0000,0.0000,2.8143
2026-05-20 18:47:20.504,0,10,10,0.00,0.4483,-0.4428,12.1833,20.3892,0.0000,-0.0000,0.0000,2.3517
2026-05-20 18:47:21.004,0,10,10,0.00,0.4524,-0.4466,11.9584,20.3665,0.0000,-0.0000,0.0000,2.9388
2026-05-20 18:47:21.504,0,10,10,0.00,0.4532,-0.4698,11.7317,20.3435,0.0000,-0.0000,0.0000,2.9927
2026-05-20 18:47:22.004,0,10,10,0.00,0.4605,-0.4499,11.5075,20.3218,0.0000,-0.0000,0.0000,2.6786
2026-05-20 18:47:22.504,0,10,10,0.00,0.4538,-0.4677,11.2823,20.2987,0.0000,-0.0000,0.0000,3.2837
2026-05-20 18:47:23.004,0,10,10,0.00,0.4525,-0.4502,11.0567,20.2764,0.0000,-0.0000,0.0000,2.6516
2026-05-20 18:47:23.504,0,10,10,0.00,0.4597,-0.4449,10.8326,20.2544,0.0000,-0.0000,0.0000,2.4410
2026-05-20 18:47:24.003,0,10,10,0.00,0.4520,-0.4532,10.6082,20.2312,0.0000,-0.0000,0.0000,3.2697
2026-05-20 18:47:24.503,0,10,10,0.00,0.4494,-0.4519,10.3817,20.2085,0.0000,-0.0000,0.0000,2.6831
2026-05-20 18:47:25.003,0,10,10,0.00,0.4576,-0.4551,10.1568,20.1864,0.0000,-0.0000,0.0000,3.0299
2026-05-20 18:47:25.504,0,10,10,0.00,0.4530,-0.4625,9.9312,20.1637,0.0000,-0.0000,0.0000,3.1724
2026-05-20 18:47:26.004,0,10,10,0.00,0.4524,-0.4511,9.7056,20.1419,0.0000,-0.0000,0.0000,2.4988
2026-05-20 18:47:26.503,0,10,10,0.00,0.4530,-0.4494,9.4818,20.1198,0.0000,-0.0000,0.0000,3.1873
2026-05-20 18:47:27.004,0,9,10,0.00,0.4536,-0.4663,9.2504,20.0971,0.0000,-0.0000,0.0000,3.0870
2026-05-20 18:47:27.504,0,10,10,0.00,0.4532,-0.4290,9.0371,20.0746,0.0000,-0.0000,0.0000,3.6092
2026-05-20 18:47:28.004,0,10,10,0.00,0.4496,-0.4613,8.8134,20.0472,0.0000,-0.0000,0.0000,4.7722
2026-05-20 18:47:28.504,0,10,10,0.00,0.4491,-0.3958,8.5891,20.0207,0.0000,-0.0000,0.0000,3.9948
2026-05-20 18:47:29.003,0,10,10,0.00,0.4570,-0.4341,8.3714,19.9915,0.0000,-0.0000,0.0000,5.4216
2026-05-20 18:47:29.504,0,10,10,0.00,0.4542,-0.4627,8.1475,19.9583,0.0000,-0.0000,0.0000,6.2359
2026-05-20 18:47:30.004,0,10,10,0.00,0.4562,-0.4564,7.9218,19.9263,0.0000,-0.0000,0.0000,5.3990
2026-05-20 18:47:30.504,0,10,10,0.00,0.4567,-0.4511,7.6985,19.8951,0.0000,-0.0000,0.0000,5.4755
2026-05-20 18:47:31.004,0,10,10,0.00,0.4525,-0.4504,7.4745,19.8632,0.0000,-0.0000,0.0000,5.8017
2026-05-20 18:47:31.504,0,10,10,0.00,0.4482,-0.4454,7.2503,19.8316,0.0000,-0.0000,0.0000,5.2092
2026-05-20 18:47:32.004,0,10,10,0.00,0.4555,-0.4461,7.0265,19.8000,0.0000,-0.0000,0.0000,5.8284
2026-05-20 18:47:32.504,0,10,10,0.00,0.4541,-0.4568,6.8024,19.7681,0.0000,-0.0000,0.0000,5.7764
2026-05-20 18:47:33.003,0,9,10,0.00,0.4500,-0.4465,6.5786,19.7370,0.0000,-0.0000,0.0000,5.0963
2026-05-20 18:47:33.504,0,10,10,0.00,0.4519,-0.4523,6.3557,19.7053,0.0000,-0.0000,0.0000,5.9889
2026-05-20 18:47:34.003,0,10,10,0.00,0.4525,-0.4571,6.1312,19.6726,0.0000,-0.0000,0.0000,5.6112
2026-05-20 18:47:34.504,0,10,10,0.00,0.4295,-0.4326,5.8977,19.6397,0.0000,-0.0000,0.0000,5.1818
2026-05-20 18:47:35.004,0,10,10,0.00,0.4532,-0.4545,5.6873,19.6094,0.0000,-0.0000,0.0000,5.6850
2026-05-20 18:47:35.504,0,10,10,0.00,0.4517,-0.4551,5.4615,19.5773,0.0000,-0.0000,0.0000,5.1846
2026-05-20 18:47:36.004,0,10,10,0.00,0.4551,-0.4481,5.2383,19.5462,0.0000,-0.0000,0.0000,5.2212
2026-05-20 18:47:36.504,0,10,10,0.00,0.4541,-0.4626,5.0148,19.5141,0.0000,-0.0000,0.0000,5.6957
2026-05-20 18:47:37.004,0,10,10,0.00,0.4485,-0.4515,4.7905,19.4823,0.0000,-0.0000,0.0000,5.1763
2026-05-20 18:47:37.504,0,10,10,0.00,0.4561,-0.4549,4.5671,19.4506,0.0000,-0.0000,0.0000,5.4622
2026-05-20 18:47:38.004,0,10,10,0.00,0.4538,-0.4512,4.3436,19.4182,0.0000,-0.0000,0.0000,5.7839
2026-05-20 18:47:38.504,0,10,10,0.00,0.4525,-0.4581,4.1195,19.3861,0.0000,-0.0000,0.0000,5.2024
2026-05-20 18:47:39.004,0,9,10,0.00,0.3855,-0.4155,3.8999,19.3546,0.0000,-0.0000,0.0000,5.7480
2026-05-20 18:47:39.504,0,10,10,0.00,0.0651,-0.0821,3.7843,19.3398,0.0000,-0.0000,0.0000,4.9397
2026-05-20 18:47:40.004,0,10,10,0.00,0.0213,-0.0003,3.7811,19.3395,0.0000,-0.0000,0.0000,3.9902
2026-05-20 18:47:40.504,0,10,10,0.00,0.1962,-0.0390,3.7508,19.3347,0.0000,-0.0000,0.0000,5.4405
2026-05-20 18:47:41.004,0,10,10,0.00,0.3308,-0.1876,3.6567,19.3079,0.0000,-0.0000,0.0000,14.1264
2026-05-20 18:47:41.504,0,9,10,0.00,0.0010,-0.0041,3.5945,19.2845,0.0000,-0.0000,0.0000,20.1996
2026-05-20 18:47:42.004,0,10,10,0.00,0.0000,-0.0001,3.5964,19.2852,0.0000,-0.0000,0.0000,20.1996
2026-05-20 18:47:42.504,0,10,10,0.00,0.0001,0.0001,3.5964,19.2852,0.0000,-0.0000,0.0000,20.1996
2026-05-20 18:47:43.004,0,10,10,0.00,0.0580,-0.0007,3.5930,19.2838,0.0000,-0.0000,0.0000,20.1996
2026-05-20 18:47:43.503,0,10,10,0.00,0.2246,-0.1356,3.5428,19.2604,0.0000,-0.0000,0.0000,22.5623
2026-05-20 18:47:44.004,0,10,10,0.00,0.3796,-0.3108,3.4257,19.1953,0.0000,-0.0000,0.0000,27.7642
2026-05-20 18:47:44.504,0,10,10,0.00,0.4554,-0.3779,3.2545,19.0863,0.0000,-0.0000,0.0000,31.6691
2026-05-20 18:47:45.003,0,10,10,0.00,0.4508,-0.2936,3.1046,18.9689,0.0000,-0.0000,0.0000,37.0974
2026-05-20 18:47:45.504,0,10,10,0.00,0.4509,-0.3314,2.9791,18.8365,0.0000,-0.0000,0.0000,46.8569
2026-05-20 18:47:46.004,0,10,10,0.00,0.4521,-0.3663,2.8476,18.6700,0.0000,-0.0000,0.0000,50.8974
2026-05-20 18:47:46.503,0,10,10,0.00,0.4608,-0.2156,2.7472,18.5180,0.0000,-0.0000,0.0000,56.4992
2026-05-20 18:47:47.004,0,10,10,0.00,0.4479,-0.1463,2.6919,18.3766,0.0000,-0.0000,0.0000,70.9744
2026-05-20 18:47:47.504,0,10,10,0.00,0.4499,-0.3155,2.6694,18.2046,0.0000,-0.0000,0.0000,85.0222
2026-05-20 18:47:48.004,0,10,10,0.00,0.4550,-0.4839,2.6641,17.9865,0.0000,-0.0000,0.0000,88.3145
2026-05-20 18:47:48.503,0,10,10,0.00,0.4508,-0.3894,2.6581,17.7642,0.0000,-0.0000,0.0000,86.8527
2026-05-20 18:47:49.003,0,10,10,0.00,0.4513,-0.4280,2.6621,17.5520,0.0000,-0.0000,0.0000,90.6574
2026-05-20 18:47:49.504,0,10,10,0.00,0.4547,-0.4852,2.6721,17.3243,0.0000,-0.0000,0.0000,91.4222
2026-05-20 18:47:50.004,0,10,10,0.00,0.4567,-0.4708,2.6793,17.0961,0.0000,-0.0000,0.0000,90.7862
2026-05-20 18:47:50.504,0,10,10,0.00,0.4504,-0.3194,2.6875,16.8843,0.0000,-0.0000,0.0000,90.9410
2026-05-20 18:47:51.004,0,9,10,0.00,0.4561,-0.3500,2.7145,16.6959,0.0000,-0.0000,0.0000,98.8057
2026-05-20 18:47:51.504,0,10,10,0.00,0.3885,-0.4028,2.7621,16.4893,0.0000,-0.0000,0.0000,103.5516
2026-05-20 18:47:52.004,0,10,10,0.00,0.4287,-0.5047,2.8036,16.2824,0.0000,-0.0000,0.0000,103.2721
2026-05-20 18:47:52.504,0,10,10,0.00,0.3744,-0.4746,2.8253,16.0663,0.0000,-0.0000,0.0000,96.9564
2026-05-20 18:47:53.004,0,10,10,0.00,0.4612,-0.4534,2.8304,15.8446,0.0000,-0.0000,0.0000,92.9935
2026-05-20 18:47:53.504,0,10,10,0.00,0.4541,-0.4633,2.8369,15.6189,0.0000,-0.0000,0.0000,93.7009
2026-05-20 18:47:54.004,0,10,10,0.00,0.4527,-0.4454,2.8420,15.3902,0.0000,-0.0000,0.0000,93.1250
2026-05-20 18:47:54.504,0,10,10,0.00,0.4529,-0.4377,2.8475,15.1679,0.0000,-0.0000,0.0000,93.4883
2026-05-20 18:47:55.004,0,10,10,0.00,0.4546,-0.4780,2.8550,14.9413,0.0000,-0.0000,0.0000,93.6398
2026-05-20 18:47:55.504,0,10,10,0.00,0.4513,-0.4274,2.8604,14.7147,0.0000,-0.0000,0.0000,68.2086
2026-05-20 18:47:56.004,0,10,10,0.00,0.4486,-0.4351,2.8671,14.4906,0.0000,-0.0000,0.0000,23.0010
2026-05-20 18:47:56.504,0,10,10,0.00,0.4644,-0.4812,2.8738,14.2624,0.0000,-0.0000,0.0000,-1.8082
2026-05-20 18:47:57.004,0,10,10,0.00,0.4475,-0.4494,2.8795,14.0355,0.0000,-0.0000,0.0000,-10.8592
2026-05-20 18:47:57.504,0,10,10,0.00,0.4538,-0.4601,2.8865,13.8125,0.0000,-0.0000,0.0000,-12.8492
2026-05-20 18:47:58.004,0,10,10,0.00,0.4583,-0.4775,2.8933,13.5824,0.0000,-0.0000,0.0000,-11.6794
2026-05-20 18:47:58.504,0,10,10,0.00,0.4591,-0.4396,2.8987,13.3576,0.0000,-0.0000,0.0000,-9.9480
2026-05-20 18:47:59.004,0,10,10,0.00,0.4504,-0.4619,2.9069,13.1356,0.0000,-0.0000,0.0000,-8.1973
2026-05-20 18:47:59.504,0,10,10,0.00,0.4515,-0.4579,2.9138,12.9051,0.0000,-0.0000,0.0000,-6.3923
2026-05-20 18:48:00.004,0,10,10,0.00,0.4528,-0.4198,2.9197,12.6823,0.0000,-0.0000,0.0000,-4.9998
2026-05-20 18:48:00.504,0,10,10,0.00,0.4530,-0.4801,2.9285,12.4574,0.0000,-0.0000,0.0000,-3.9816
2026-05-20 18:48:01.004,0,10,10,0.00,0.4533,-0.4580,2.9349,12.2267,0.0000,-0.0000,0.0000,-3.1405
2026-05-20 18:48:01.504,0,10,10,0.00,0.4504,-0.4397,2.9411,12.0025,0.0000,-0.0000,0.0000,-2.2184
2026-05-20 18:48:02.004,0,10,10,0.00,0.4529,-0.4631,2.9480,11.7760,0.0000,-0.0000,0.0000,-1.9418
2026-05-20 18:48:02.504,0,10,10,0.00,0.4532,-0.4261,2.9541,11.5506,0.0000,-0.0000,0.0000,-1.6200
2026-05-20 18:48:03.004,0,10,10,0.00,0.4533,-0.4588,2.9620,11.3243,0.0000,-0.0000,0.0000,-1.3703
2026-05-20 18:48:03.504,0,10,10,0.00,0.4685,-0.4555,2.9680,11.0972,0.0000,-0.0000,0.0000,-1.2055
2026-05-20 18:48:04.003,0,10,10,0.00,0.4489,-0.4317,2.9745,10.8727,0.0000,-0.0000,0.0000,-1.0660
2026-05-20 18:48:04.504,0,10,10,0.00,0.4435,-0.4368,2.9820,10.6478,0.0000,-0.0000,0.0000,-0.9958
2026-05-20 18:48:05.004,0,10,10,0.00,0.4491,-0.4397,2.9881,10.4192,0.0000,-0.0000,0.0000,-0.8985
2026-05-20 18:48:05.504,0,10,10,0.00,0.4500,-0.3766,2.9950,10.1998,0.0000,-0.0000,0.0000,-0.8333
2026-05-20 18:48:06.003,0,10,10,0.00,0.4271,-0.4180,3.0081,9.9801,0.0000,-0.0000,0.0000,-0.7804
2026-05-20 18:48:06.504,0,10,10,0.00,0.4562,-0.4699,3.0223,9.7465,0.0000,-0.0000,0.0000,-0.7517
2026-05-20 18:48:07.004,0,10,10,0.00,0.4545,-0.4575,3.0314,9.5125,0.0000,-0.0000,0.0000,-0.7273
2026-05-20 18:48:07.504,0,10,10,0.00,0.4400,-0.4680,3.0350,9.3072,0.0000,-0.0000,0.0000,-0.6955
2026-05-20 18:48:08.004,0,10,10,0.00,0.4516,-0.4622,3.0340,9.0777,0.0000,-0.0000,0.0000,-0.6733
2026-05-20 18:48:08.504,0,9,10,0.00,0.4566,-0.4393,3.0331,8.8775,0.0000,-0.0000,0.0000,-0.6669
2026-05-20 18:48:09.004,0,10,10,0.00,0.4423,-0.4593,3.0323,8.6256,0.0000,-0.0000,0.0000,-0.6590
2026-05-20 18:48:09.504,0,10,10,0.00,0.4468,-0.4304,3.0291,8.3994,0.0000,-0.0000,0.0000,-0.6515
2026-05-20 18:48:10.004,0,10,10,0.00,0.4545,-0.4689,3.0281,8.1746,0.0000,-0.0000,0.0000,-0.6397
2026-05-20 18:48:10.504,0,10,10,0.00,0.4568,-0.4585,3.0258,7.9462,0.0000,-0.0000,0.0000,-0.6307
2026-05-20 18:48:11.004,0,10,10,0.00,0.4579,-0.4519,3.0230,7.7207,0.0000,-0.0000,0.0000,-0.6531
2026-05-20 18:48:11.504,0,9,10,0.00,0.4432,-0.4718,3.0207,7.4942,0.0000,-0.0000,0.0000,-0.6347
2026-05-20 18:48:12.004,0,10,10,0.00,0.4468,-0.4485,3.0166,7.2666,0.0000,-0.0000,0.0000,-0.6738
2026-05-20 18:48:12.504,0,10,10,0.00,0.4591,-0.4155,3.0135,7.0450,0.0000,-0.0000,0.0000,-0.6692
2026-05-20 18:48:13.004,0,10,10,0.00,0.4554,-0.4105,3.0160,6.8281,0.0000,-0.0000,0.0000,-0.6874
2026-05-20 18:48:13.504,0,10,10,0.00,0.4538,-0.4884,3.0199,6.5945,0.0000,-0.0000,0.0000,-0.6823
2026-05-20 18:48:14.004,0,10,10,0.00,0.4530,-0.4487,3.0199,6.3684,0.0000,-0.0000,0.0000,-0.6846
2026-05-20 18:48:14.503,0,10,10,0.00,0.3432,-0.4777,3.0212,6.1489,0.0000,-0.0000,0.0000,-0.6988
2026-05-20 18:48:15.004,0,10,10,0.00,0.4258,-0.4612,3.0056,5.9394,0.0000,-0.0000,0.0000,-0.6829
2026-05-20 18:48:15.504,0,10,10,0.00,0.2824,-0.4479,2.9794,5.7290,0.0000,-0.0000,0.0000,-0.7290
2026-05-20 18:48:16.004,0,10,10,0.00,0.1060,-0.4529,2.9390,5.5941,0.0000,-0.0000,0.0000,-0.7008
2026-05-20 18:48:16.504,0,10,10,0.00,0.0668,-0.4326,2.8619,5.4787,0.0000,-0.0000,0.0000,-0.7007
2026-05-20 18:48:17.004,0,10,10,0.00,0.1954,-0.4595,2.7522,5.3922,0.0000,-0.0000,0.0000,-0.7214
2026-05-20 18:48:17.504,0,10,10,0.00,0.3562,-0.4760,2.5777,5.3083,0.0000,-0.0000,0.0000,-0.7057
2026-05-20 18:48:18.004,0,10,10,0.00,0.4575,-0.4483,2.3700,5.2306,0.0000,-0.0000,0.0000,-0.7110
2026-05-20 18:48:18.505,0,10,10,0.00,0.2662,-0.4420,2.1808,5.1641,0.0000,-0.0000,0.0000,-0.7155
2026-05-20 18:48:19.004,0,10,10,0.00,0.4400,-0.4777,1.9850,5.1197,0.0000,-0.0000,0.0000,-0.6894
2026-05-20 18:48:19.504,0,10,10,0.00,0.4530,-0.4457,1.7594,5.0778,0.0000,-0.0000,0.0000,-0.7027
2026-05-20 18:48:20.004,0,9,10,0.00,0.4532,-0.4623,1.5604,5.0403,0.0000,-0.0000,0.0000,-0.7144
2026-05-20 18:48:20.504,0,10,10,0.00,0.4527,-0.4422,1.3161,4.9946,0.0000,-0.0000,0.0000,-0.7354
2026-05-20 18:48:21.004,0,10,10,0.00,0.4525,-0.4589,1.0954,4.9522,0.0000,-0.0000,0.0000,-0.7007
2026-05-20 18:48:21.504,0,10,10,0.00,0.4492,-0.4597,0.8724,4.9094,0.0000,-0.0000,0.0000,-0.7260
2026-05-20 18:48:22.004,0,10,10,0.00,0.4588,-0.4490,0.6497,4.8676,0.0000,-0.0000,0.0000,-0.7227
2026-05-20 18:48:22.504,0,10,10,0.00,0.4562,-0.4665,0.4283,4.8250,0.0000,-0.0000,0.0000,-0.7477
2026-05-20 18:48:23.004,0,10,10,0.00,0.4449,-0.4371,0.2057,4.7826,0.0000,-0.0000,0.0000,-0.7254
2026-05-20 18:48:23.504,0,10,10,0.00,0.4492,-0.4380,-0.0092,4.7388,0.0000,-0.0000,0.0000,-0.7106
2026-05-20 18:48:24.004,0,9,10,0.00,0.3139,-0.4472,-0.2133,4.6943,0.0000,-0.0000,0.0000,-0.6588
2026-05-20 18:48:24.504,0,10,10,0.00,0.3740,-0.4728,-0.4006,4.6716,0.0000,-0.0000,0.0000,-0.6597
2026-05-20 18:48:25.004,0,10,10,0.00,0.3491,-0.4465,-0.6173,4.6661,0.0000,-0.0000,0.0000,-0.6473
2026-05-20 18:48:25.504,0,10,10,0.00,0.2361,-0.4165,-0.7802,4.6814,0.0000,-0.0000,0.0000,-0.6596
2026-05-20 18:48:26.004,0,9,10,0.00,0.4095,-0.4974,-0.9748,4.7304,0.0000,-0.0000,0.0000,-0.6278
2026-05-20 18:48:26.504,0,10,10,0.00,0.4528,-0.3767,-1.1906,4.8001,0.0000,-0.0000,0.0000,-0.6909
2026-05-20 18:48:27.004,0,10,10,0.00,0.1681,-0.0559,-1.3193,4.8365,0.0000,-0.0000,0.0000,-0.6546
2026-05-20 18:48:27.504,0,10,10,0.00,0.0000,0.0008,-1.3279,4.8383,0.0000,-0.0000,0.0000,-0.6315
2026-05-20 18:48:28.004,0,10,10,0.00,-0.0351,0.0416,-1.3234,4.8374,0.0000,-0.0000,0.0000,-0.6315
2026-05-20 18:48:28.504,0,10,10,0.00,-0.0953,0.2778,-1.2605,4.8267,0.0000,-0.0000,0.0000,-0.6388
2026-05-20 18:48:29.004,0,10,10,0.00,-0.2483,0.4168,-1.1271,4.8210,0.0000,-0.0000,0.0000,-0.7511
2026-05-20 18:48:29.504,0,10,10,0.00,-0.3981,0.4341,-0.9464,4.8342,0.0000,-0.0000,0.0000,-0.7168
2026-05-20 18:48:30.004,0,10,10,0.00,-0.1238,0.2380,-0.7897,4.8525,0.0000,-0.0000,0.0000,-0.7135
2026-05-20 18:48:30.504,0,10,10,0.00,0.0003,-0.0195,-0.7726,4.8554,0.0000,-0.0000,0.0000,-0.5501
2026-05-20 18:48:31.004,0,10,10,0.00,0.0010,-0.0761,-0.7891,4.8528,0.0000,-0.0000,0.0000,-0.5501
2026-05-20 18:48:31.504,0,10,10,0.00,0.0001,-0.0766,-0.8063,4.8511,0.0000,-0.0000,0.0000,-0.5660
2026-05-20 18:48:32.004,0,10,10,0.00,0.0000,-0.0330,-0.8224,4.8505,0.0000,-0.0000,0.0000,-0.6128
2026-05-20 18:48:32.503,0,10,10,0.00,0.0000,0.0000,-0.8239,4.8505,0.0000,-0.0000,0.0000,-0.6128
2026-05-20 18:48:33.004,0,10,10,0.00,-0.0001,0.0000,-0.8239,4.8505,0.0000,-0.0000,0.0000,-0.6128
2026-05-20 18:48:33.503,0,10,10,0.00,0.0003,0.0000,-0.8239,4.8505,0.0000,-0.0000,0.0000,-0.6128
2026-05-20 18:48:34.004,0,10,10,0.00,0.0001,-0.0001,-0.8239,4.8505,0.0000,-0.0000,0.0000,-0.6128
2026-05-20 18:48:34.504,0,10,10,0.00,0.0003,-0.0001,-0.8239,4.8505,0.0000,-0.0000,0.0000,-0.6128
2026-05-20 18:48:35.004,0,10,10,0.00,0.0000,0.0000,-0.8239,4.8505,0.0000,-0.0000,0.0000,-0.6128
2026-05-20 18:48:35.504,0,10,10,0.00,-0.0001,0.0000,-0.8239,4.8505,0.0000,-0.0000,0.0000,-0.6128
2026-05-20 18:48:36.004,0,10,10,0.00,-0.0001,0.0000,-0.8239,4.8505,0.0000,-0.0000,0.0000,-0.6128
2026-05-20 18:48:36.504,0,10,10,0.00,0.0000,0.0000,-0.8239,4.8505,0.0000,-0.0000,0.0000,-0.6128
2026-05-20 18:48:37.004,0,10,10,0.00,-0.0001,0.0000,-0.8239,4.8505,0.0000,-0.0000,0.0000,-0.6128
2026-05-20 18:48:37.504,0,10,10,0.00,0.0000,0.0000,-0.8239,4.8505,0.0000,-0.0000,0.0000,-0.6128
2026-05-20 18:48:38.004,0,10,10,0.00,0.0000,-0.0001,-0.8239,4.8505,0.0000,-0.0000,0.0000,-0.6128
2026-05-20 18:48:38.504,0,10,10,0.00,0.0000,0.0000,-0.8239,4.8505,0.0000,-0.0000,0.0000,-0.6128
2026-05-20 18:48:39.004,0,10,10,0.00,-0.0003,-0.0005,-0.8239,4.8505,0.0000,-0.0000,0.0000,-0.6128
2026-05-20 18:48:39.504,0,10,10,0.00,0.0001,0.0000,-0.8239,4.8505,0.0000,-0.0000,0.0000,-0.6128
2026-05-20 18:48:40.004,0,10,10,0.00,-0.0001,0.0000,-0.8239,4.8505,0.0000,-0.0000,0.0000,-0.6128
2026-05-20 18:48:40.504,0,10,10,0.00,-0.0003,0.0001,-0.8239,4.8505,0.0000,-0.0000,0.0000,-0.6128
2026-05-20 18:48:41.004,0,10,10,0.00,0.0000,0.0000,-0.8239,4.8505,0.0000,-0.0000,0.0000,-0.6128
2026-05-20 18:48:41.504,0,10,10,0.00,0.0000,0.0001,-0.8239,4.8505,0.0000,-0.0000,0.0000,-0.6128
2026-05-20 18:48:42.004,0,10,10,0.00,0.0000,0.0000,-0.8239,4.8505,0.0000,-0.0000,0.0000,-0.6128
2026-05-20 18:48:42.504,0,10,10,0.00,0.0000,0.0000,-0.8239,4.8505,0.0000,-0.0000,0.0000,-0.6128
2026-05-20 18:48:43.004,0,10,10,0.00,0.0000,0.0000,-0.8239,4.8505,0.0000,-0.0000,0.0000,-0.6128
2026-05-20 18:48:43.504,0,10,10,0.00,0.0000,0.0000,-0.8239,4.8505,0.0000,-0.0000,0.0000,-0.6128
2026-05-20 18:48:44.004,0,10,10,0.00,0.0000,0.0000,-0.8239,4.8505,0.0000,-0.0000,0.0000,-0.6128
2026-05-20 18:48:44.504,0,10,10,0.00,0.0001,0.0000,-0.8239,4.8505,0.0000,-0.0000,0.0000,-0.6128
2026-05-20 18:48:45.004,0,10,10,0.00,0.0000,0.0001,-0.8239,4.8505,0.0000,-0.0000,0.0000,-0.6128
2026-05-20 18:48:45.504,0,10,10,0.00,0.0000,0.0000,-0.8239,4.8505,0.0000,-0.0000,0.0000,-0.6128
2026-05-20 18:48:46.004,0,10,10,0.00,-0.0001,0.0000,-0.8239,4.8505,0.0000,-0.0000,0.0000,-0.6128
2026-05-20 18:48:46.504,0,10,10,0.00,0.0000,0.0001,-0.8239,4.8505,0.0000,-0.0000,0.0000,-0.6128
2026-05-20 18:48:47.004,0,10,10,0.00,0.0000,0.0001,-0.8239,4.8505,0.0000,-0.0000,0.0000,-0.6128
2026-05-20 18:48:47.504,0,10,10,0.00,-0.0003,-0.0001,-0.8239,4.8505,0.0000,-0.0000,0.0000,-0.6128
2026-05-20 18:48:48.004,0,10,10,0.00,0.0001,0.0000,-0.8239,4.8505,0.0000,-0.0000,0.0000,-0.6128
2026-05-20 18:48:48.504,0,10,10,0.00,0.0000,0.0001,-0.8239,4.8505,0.0000,-0.0000,0.0000,-0.6128
2026-05-20 18:48:49.004,0,10,10,0.00,0.0000,-0.0001,-0.8239,4.8505,0.0000,-0.0000,0.0000,-0.6128
2026-05-20 18:48:49.504,0,10,10,0.00,0.0000,0.0000,-0.8239,4.8505,0.0000,-0.0000,0.0000,-0.6128
2026-05-20 18:48:50.004,0,10,10,0.00,-0.0001,-0.0003,-0.8239,4.8505,0.0000,-0.0000,0.0000,-0.6128
2026-05-20 18:48:50.504,0,10,10,0.00,0.0000,0.0000,-0.8239,4.8505,0.0000,-0.0000,0.0000,-0.6128
2026-05-20 18:48:51.004,0,10,10,0.00,-0.0001,0.0001,-0.8239,4.8505,0.0000,-0.0000,0.0000,-0.6128
2026-05-20 18:48:51.504,0,10,10,0.00,0.0005,-0.0003,-0.8239,4.8505,0.0000,-0.0000,0.0000,-0.6128
2026-05-20 18:48:52.004,0,10,10,0.00,0.0000,-0.0001,-0.8239,4.8505,0.0000,-0.0000,0.0000,-0.6128
2026-05-20 18:48:52.504,0,10,10,0.00,0.0001,0.0000,-0.8239,4.8505,0.0000,-0.0000,0.0000,-0.6128
2026-05-20 18:48:53.004,0,10,10,0.00,0.0000,-0.0001,-0.8239,4.8505,0.0000,-0.0000,0.0000,-0.6128
2026-05-20 18:48:53.504,0,10,10,0.00,0.0001,-0.0001,-0.8239,4.8505,0.0000,-0.0000,0.0000,-0.6128
2026-05-20 18:48:54.003,0,10,10,0.00,-0.0001,-0.0003,-0.8239,4.8505,0.0000,-0.0000,0.0000,-0.6128
2026-05-20 18:48:54.504,0,10,10,0.00,-0.0001,0.0000,-0.8239,4.8505,0.0000,-0.0000,0.0000,-0.6128
2026-05-20 18:48:55.004,0,10,10,0.00,-0.0001,0.0000,-0.8239,4.8505,0.0000,-0.0000,0.0000,-0.6128
2026-05-20 18:48:55.504,0,10,10,0.00,0.0001,-0.0003,-0.8239,4.8505,0.0000,-0.0000,0.0000,-0.6128
2026-05-20 18:48:56.004,0,10,10,0.00,0.0000,-0.0001,-0.8239,4.8505,0.0000,-0.0000,0.0000,-0.6128
2026-05-20 18:48:56.504,0,10,10,0.00,0.0000,0.0003,-0.8239,4.8505,0.0000,-0.0000,0.0000,-0.6128
2026-05-20 18:48:57.004,0,10,10,0.00,-0.0001,0.0000,-0.8239,4.8505,0.0000,-0.0000,0.0000,-0.6128
2026-05-20 18:48:57.504,0,10,10,0.00,-0.0001,0.0000,-0.8239,4.8505,0.0000,-0.0000,0.0000,-0.6128
2026-05-20 18:48:58.004,0,10,10,0.00,0.0000,-0.0001,-0.8239,4.8505,0.0000,-0.0000,0.0000,-0.6128
2026-05-20 18:48:58.504,0,10,10,0.00,-0.0003,0.0003,-0.8239,4.8505,0.0000,-0.0000,0.0000,-0.6128
2026-05-20 18:48:59.004,0,10,10,0.00,-0.0001,0.0000,-0.8239,4.8505,0.0000,-0.0000,0.0000,-0.6128
2026-05-20 18:48:59.504,0,10,10,0.00,-0.0001,0.0000,-0.8239,4.8505,0.0000,-0.0000,0.0000,-0.6128
2026-05-20 18:49:00.004,0,10,10,0.00,0.0000,0.0001,-0.8239,4.8505,0.0000,-0.0000,0.0000,-0.6128
2026-05-20 18:49:00.504,0,10,10,0.00,0.0000,0.0000,-0.8239,4.8505,0.0000,-0.0000,0.0000,-0.6128
2026-05-20 18:49:01.004,0,10,10,0.00,-0.0001,-0.0001,-0.8239,4.8505,0.0000,-0.0000,0.0000,-0.6128
2026-05-20 18:49:01.504,0,10,10,0.00,0.0000,0.0000,-0.8239,4.8505,0.0000,-0.0000,0.0000,-0.6128
2026-05-20 18:49:02.004,0,10,10,0.00,0.0000,-0.0001,-0.8239,4.8505,0.0000,-0.0000,0.0000,-0.6128
2026-05-20 18:49:02.504,0,10,10,0.00,0.0001,0.0000,-0.8239,4.8505,0.0000,-0.0000,0.0000,-0.6128
2026-05-20 18:49:03.004,0,10,10,0.00,0.0000,0.0001,-0.8239,4.8505,0.0000,-0.0000,0.0000,-0.6128
2026-05-20 18:49:03.504,0,10,10,0.00,0.0001,0.0000,-0.8239,4.8505,0.0000,-0.0000,0.0000,-0.6128
2026-05-20 18:49:04.004,0,10,10,0.00,-0.0001,-0.0001,-0.8239,4.8505,0.0000,-0.0000,0.0000,-0.6128
2026-05-20 18:49:04.504,0,10,10,0.00,0.0000,0.0000,-0.8239,4.8505,0.0000,-0.0000,0.0000,-0.6128
2026-05-20 18:49:05.004,0,10,10,0.00,-0.0001,0.0000,-0.8239,4.8505,0.0000,-0.0000,0.0000,-0.6128
2026-05-20 18:49:05.504,0,10,10,0.00,0.0001,0.0001,-0.8239,4.8505,0.0000,-0.0000,0.0000,-0.6128
2026-05-20 18:49:06.004,0,10,10,0.00,-0.0005,0.0000,-0.8239,4.8505,0.0000,-0.0000,0.0000,-0.6128
2026-05-20 18:49:06.504,0,10,10,0.00,-0.0001,0.0000,-0.8239,4.8505,0.0000,-0.0000,0.0000,-0.6128
2026-05-20 18:49:07.004,0,10,10,0.00,-0.0001,0.0000,-0.8239,4.8505,0.0000,-0.0000,0.0000,-0.6128
2026-05-20 18:49:07.504,0,10,10,0.00,-0.0001,0.0000,-0.8239,4.8505,0.0000,-0.0000,0.0000,-0.6128
2026-05-20 18:49:08.004,0,10,10,0.00,0.0000,0.0001,-0.8239,4.8505,0.0000,-0.0000,0.0000,-0.6128
2026-05-20 18:49:08.504,0,10,10,0.00,0.0003,0.0000,-0.8239,4.8505,0.0000,-0.0000,0.0000,-0.6128
2026-05-20 18:49:09.004,0,10,10,0.00,0.0000,0.0000,-0.8239,4.8505,0.0000,-0.0000,0.0000,-0.6128
2026-05-20 18:49:09.504,0,10,10,0.00,-0.0001,0.0000,-0.8239,4.8505,0.0000,-0.0000,0.0000,-0.6128
2026-05-20 18:49:10.004,0,10,10,0.00,0.0000,0.0001,-0.8239,4.8505,0.0000,-0.0000,0.0000,-0.6128
2026-05-20 18:49:10.504,0,10,10,0.00,-0.0004,-0.0001,-0.8239,4.8505,0.0000,-0.0000,0.0000,-0.6128
2026-05-20 18:49:11.004,0,10,10,0.00,-0.0003,0.0000,-0.8239,4.8505,0.0000,-0.0000,0.0000,-0.6128
2026-05-20 18:49:11.504,0,10,10,0.00,0.0000,-0.0003,-0.8239,4.8505,0.0000,-0.0000,0.0000,-0.6128
2026-05-20 18:49:12.004,0,10,10,0.00,-0.0001,0.0000,-0.8239,4.8505,0.0000,-0.0000,0.0000,-0.6128
2026-05-20 18:49:12.504,0,10,10,0.00,0.0001,0.0000,-0.8239,4.8505,0.0000,-0.0000,0.0000,-0.6128
2026-05-20 18:49:13.004,0,10,10,0.00,0.0001,0.0000,-0.8239,4.8505,0.0000,-0.0000,0.0000,-0.6128
2026-05-20 18:49:13.504,0,10,10,0.00,0.0000,0.0000,-0.8239,4.8505,0.0000,-0.0000,0.0000,-0.6128
2026-05-20 18:49:14.004,0,10,10,0.00,0.0000,0.0000,-0.8239,4.8505,0.0000,-0.0000,0.0000,-0.6128
2026-05-20 18:49:14.504,0,10,10,0.00,0.0000,-0.0001,-0.8239,4.8505,0.0000,-0.0000,0.0000,-0.6128
2026-05-20 18:49:15.004,0,10,10,0.00,0.0000,-0.0001,-0.8239,4.8505,0.0000,-0.0000,0.0000,-0.6128
2026-05-20 18:49:15.504,0,10,10,0.00,0.0000,-0.0001,-0.8239,4.8505,0.0000,-0.0000,0.0000,-0.6128
2026-05-20 18:49:16.004,0,10,10,0.00,0.0000,-0.0003,-0.8239,4.8505,0.0000,-0.0000,0.0000,-0.6128
2026-05-20 18:49:16.504,0,10,10,0.00,0.0000,-0.0001,-0.8239,4.8505,0.0000,-0.0000,0.0000,-0.6128
2026-05-20 18:49:17.004,0,10,10,0.00,0.0000,0.0001,-0.8239,4.8505,0.0000,-0.0000,0.0000,-0.6128
2026-05-20 18:49:17.504,0,10,10,0.00,0.0001,-0.0001,-0.8239,4.8505,0.0000,-0.0000,0.0000,-0.6128
2026-05-20 18:49:18.004,0,10,10,0.00,-0.0005,-0.0003,-0.8239,4.8505,0.0000,-0.0000,0.0000,-0.6128
2026-05-20 18:49:18.504,0,10,10,0.00,-0.0001,-0.0001,-0.8239,4.8505,0.0000,-0.0000,0.0000,-0.6128
2026-05-20 18:49:19.004,0,10,10,0.00,-0.0001,0.0000,-0.8239,4.8505,0.0000,-0.0000,0.0000,-0.6128
2026-05-20 18:49:19.504,0,10,10,0.00,0.0001,0.0000,-0.8239,4.8505,0.0000,-0.0000,0.0000,-0.6128
2026-05-20 18:49:20.004,0,10,10,0.00,-0.0003,-0.0001,-0.8239,4.8505,0.0000,-0.0000,0.0000,-0.6128
2026-05-20 18:49:20.504,0,10,10,0.00,0.0000,0.0003,-0.8239,4.8505,0.0000,-0.0000,0.0000,-0.6128
2026-05-20 18:49:21.004,0,10,10,0.00,-0.0001,0.0000,-0.8239,4.8505,0.0000,-0.0000,0.0000,-0.6128
2026-05-20 18:49:21.504,0,10,10,0.00,0.0000,0.0000,-0.8239,4.8505,0.0000,-0.0000,0.0000,-0.6128
2026-05-20 18:49:22.004,0,10,10,0.00,0.0000,0.0000,-0.8239,4.8505,0.0000,-0.0000,0.0000,-0.6128
2026-05-20 18:49:22.504,0,10,10,0.00,-0.0003,0.0000,-0.8239,4.8505,0.0000,-0.0000,0.0000,-0.6128
2026-05-20 18:49:23.004,0,10,10,0.00,0.0000,-0.0004,-0.8239,4.8505,0.0000,-0.0000,0.0000,-0.6128
2026-05-20 18:49:23.504,0,10,10,0.00,0.0000,0.0000,-0.8239,4.8505,0.0000,-0.0000,0.0000,-0.6128
2026-05-20 18:49:24.004,0,10,10,0.00,0.0000,0.0000,-0.8239,4.8505,0.0000,-0.0000,0.0000,-0.6128
2026-05-20 18:49:24.504,0,10,10,0.00,0.0000,-0.0001,-0.8239,4.8505,0.0000,-0.0000,0.0000,-0.6128
2026-05-20 18:49:25.003,0,10,10,0.00,0.0001,0.0000,-0.8239,4.8505,0.0000,-0.0000,0.0000,-0.6128
2026-05-20 18:49:25.503,0,10,10,0.00,0.0000,0.0001,-0.8239,4.8505,0.0000,-0.0000,0.0000,-0.6128
2026-05-20 18:49:26.003,0,10,10,0.00,0.0000,0.0001,-0.8239,4.8505,0.0000,-0.0000,0.0000,-0.6128
2026-05-20 18:49:26.503,0,10,10,0.00,-0.0003,0.0000,-0.8239,4.8505,0.0000,-0.0000,0.0000,-0.6128
2026-05-20 18:49:27.004,0,10,10,0.00,0.0000,0.0001,-0.8239,4.8505,0.0000,-0.0000,0.0000,-0.6128
2026-05-20 18:49:27.504,0,10,10,0.00,0.0000,0.0000,-0.8239,4.8505,0.0000,-0.0000,0.0000,-0.6128
2026-05-20 18:49:28.004,0,10,10,0.00,0.0000,0.0001,-0.8239,4.8505,0.0000,-0.0000,0.0000,-0.6128
2026-05-20 18:49:28.503,0,10,10,0.00,0.0000,0.0001,-0.8239,4.8505,0.0000,-0.0000,0.0000,-0.6128
2026-05-20 18:49:29.004,0,10,10,0.00,0.0000,0.0000,-0.8239,4.8505,0.0000,-0.0000,0.0000,-0.6128
2026-05-20 18:49:29.504,0,10,10,0.00,0.0005,0.0001,-0.8239,4.8505,0.0000,-0.0000,0.0000,-0.6128
2026-05-20 18:49:30.004,0,10,10,0.00,0.0000,-0.0001,-0.8239,4.8505,0.0000,-0.0000,0.0000,-0.6128
2026-05-20 18:49:30.504,0,10,10,0.00,0.0001,0.0000,-0.8239,4.8505,0.0000,-0.0000,0.0000,-0.6128
2026-05-20 18:49:31.004,0,10,10,0.00,0.0000,0.0001,-0.8239,4.8505,0.0000,-0.0000,0.0000,-0.6128
2026-05-20 18:49:31.504,0,10,10,0.00,-0.0004,0.0000,-0.8239,4.8505,0.0000,-0.0000,0.0000,-0.6128
2026-05-20 18:49:32.004,0,10,10,0.00,0.0000,0.0001,-0.8239,4.8505,0.0000,-0.0000,0.0000,-0.6128
2026-05-20 18:49:32.503,0,10,10,0.00,-0.0001,0.0000,-0.8239,4.8505,0.0000,-0.0000,0.0000,-0.6128
2026-05-20 18:49:33.004,0,10,10,0.00,-0.0003,0.0000,-0.8239,4.8505,0.0000,-0.0000,0.0000,-0.6128
2026-05-20 18:49:33.504,0,10,10,0.00,0.0000,-0.0003,-0.8239,4.8505,0.0000,-0.0000,0.0000,-0.6128
2026-05-20 18:49:34.004,0,10,10,0.00,0.0000,0.0000,-0.8239,4.8505,0.0000,-0.0000,0.0000,-0.6128
2026-05-20 18:49:34.504,0,10,10,0.00,0.0001,0.0001,-0.8239,4.8505,0.0000,-0.0000,0.0000,-0.6128
2026-05-20 18:49:35.004,0,10,10,0.00,0.0000,0.0000,-0.8239,4.8505,0.0000,-0.0000,0.0000,-0.6128
2026-05-20 18:49:35.504,0,10,10,0.00,-0.0001,0.0000,-0.8239,4.8505,0.0000,-0.0000,0.0000,-0.6128
2026-05-20 18:49:36.004,0,10,10,0.00,-0.0001,0.0001,-0.8239,4.8505,0.0000,-0.0000,0.0000,-0.6128
2026-05-20 18:49:36.504,0,10,10,0.00,0.0003,0.0000,-0.8239,4.8505,0.0000,-0.0000,0.0000,-0.6128
2026-05-20 18:49:37.004,0,10,10,0.00,0.0000,0.0000,-0.8239,4.8505,0.0000,-0.0000,0.0000,-0.6128
2026-05-20 18:49:37.504,0,10,10,0.00,0.0000,0.0000,-0.8239,4.8505,0.0000,-0.0000,0.0000,-0.6128
2026-05-20 18:49:38.004,0,10,10,0.00,0.0000,0.0000,-0.8239,4.8505,0.0000,-0.0000,0.0000,-0.6128
2026-05-20 18:49:38.504,0,10,10,0.00,0.0000,-0.0001,-0.8239,4.8505,0.0000,-0.0000,0.0000,-0.6128
2026-05-20 18:49:39.004,0,10,10,0.00,0.0001,0.0000,-0.8239,4.8505,0.0000,-0.0000,0.0000,-0.6128
2026-05-20 18:49:39.504,0,10,10,0.00,0.0000,0.0000,-0.8239,4.8505,0.0000,-0.0000,0.0000,-0.6128
2026-05-20 18:49:40.004,0,10,10,0.00,0.0000,0.0000,-0.8239,4.8505,0.0000,-0.0000,0.0000,-0.6128
2026-05-20 18:49:40.504,0,10,10,0.00,0.0000,-0.0001,-0.8239,4.8505,0.0000,-0.0000,0.0000,-0.6128
2026-05-20 18:49:41.004,0,10,10,0.00,0.0000,0.0000,-0.8239,4.8505,0.0000,-0.0000,0.0000,-0.6128
2026-05-20 18:49:41.504,0,10,10,0.00,0.0000,0.0000,-0.8239,4.8505,0.0000,-0.0000,0.0000,-0.6128
2026-05-20 18:49:42.004,0,10,10,0.00,-0.0001,-0.0001,-0.8239,4.8505,0.0000,-0.0000,0.0000,-0.6128
2026-05-20 18:49:42.504,0,10,10,0.00,-0.0004,0.0000,-0.8239,4.8505,0.0000,-0.0000,0.0000,-0.6128
2026-05-20 18:49:43.004,0,10,10,0.00,-0.0001,0.0000,-0.8239,4.8505,0.0000,-0.0000,0.0000,-0.6128
2026-05-20 18:49:43.504,0,10,10,0.00,-0.0001,-0.0001,-0.8239,4.8505,0.0000,-0.0000,0.0000,-0.6128
2026-05-20 18:49:44.004,0,10,10,0.00,-0.0003,0.0004,-0.8239,4.8505,0.0000,-0.0000,0.0000,-0.6128
2026-05-20 18:49:44.504,0,10,10,0.00,-0.0003,0.0000,-0.8239,4.8505,0.0000,-0.0000,0.0000,-0.6128
2026-05-20 18:49:45.004,0,10,10,0.00,-0.0001,0.0000,-0.8239,4.8505,0.0000,-0.0000,0.0000,-0.6128
2026-05-20 18:49:45.504,0,10,10,0.00,0.0000,-0.0001,-0.8239,4.8505,0.0000,-0.0000,0.0000,-0.6128
2026-05-20 18:49:46.004,0,10,10,0.00,-0.0001,0.0000,-0.8239,4.8505,0.0000,-0.0000,0.0000,-0.6128
2026-05-20 18:49:46.504,0,10,10,0.00,-0.0001,0.0000,-0.8239,4.8505,0.0000,-0.0000,0.0000,-0.6128
2026-05-20 18:49:47.004,0,10,10,0.00,0.0000,0.0001,-0.8239,4.8505,0.0000,-0.0000,0.0000,-0.6128
2026-05-20 18:49:47.504,0,10,10,0.00,0.0000,0.0000,-0.8239,4.8505,0.0000,-0.0000,0.0000,-0.6128
2026-05-20 18:49:48.004,0,10,10,0.00,-0.0001,0.0000,-0.8239,4.8505,0.0000,-0.0000,0.0000,-0.6128
2026-05-20 18:49:48.504,0,10,10,0.00,-0.0001,0.0001,-0.8239,4.8505,0.0000,-0.0000,0.0000,-0.6128
2026-05-20 18:49:49.004,0,10,10,0.00,-0.0001,0.0000,-0.8239,4.8505,0.0000,-0.0000,0.0000,-0.6128
2026-05-20 18:49:49.504,0,10,10,0.00,0.0000,0.0001,-0.8239,4.8505,0.0000,-0.0000,0.0000,-0.6128
2026-05-20 18:49:50.004,0,10,10,0.00,0.0000,0.0001,-0.8239,4.8505,0.0000,-0.0000,0.0000,-0.6128
2026-05-20 18:49:50.504,0,10,10,0.00,0.0000,-0.0001,-0.8239,4.8505,0.0000,-0.0000,0.0000,-0.6128
2026-05-20 18:49:51.004,0,10,10,0.00,0.0003,0.0001,-0.8239,4.8505,0.0000,-0.0000,0.0000,-0.6128
2026-05-20 18:49:51.504,0,10,10,0.00,0.0001,-0.0001,-0.8239,4.8505,0.0000,-0.0000,0.0000,-0.6128
2026-05-20 18:49:52.004,0,10,10,0.00,-0.0001,0.0000,-0.8239,4.8505,0.0000,-0.0000,0.0000,-0.6128
2026-05-20 18:49:52.504,0,10,10,0.00,0.0000,0.0000,-0.8239,4.8505,0.0000,-0.0000,0.0000,-0.6128
2026-05-20 18:49:53.004,0,10,10,0.00,-0.0001,0.0000,-0.8239,4.8505,0.0000,-0.0000,0.0000,-0.6128
2026-05-20 18:49:53.503,0,10,10,0.00,0.0001,0.0003,-0.8239,4.8505,0.0000,-0.0000,0.0000,-0.6128
2026-05-20 18:49:54.004,0,10,10,0.00,0.0000,-0.0005,-0.8239,4.8505,0.0000,-0.0000,0.0000,-0.6128
2026-05-20 18:49:54.504,0,10,10,0.00,0.0003,0.0000,-0.8239,4.8505,0.0000,-0.0000,0.0000,-0.6128
2026-05-20 18:49:55.004,0,10,10,0.00,0.0000,-0.0001,-0.8239,4.8505,0.0000,-0.0000,0.0000,-0.6128
2026-05-20 18:49:55.504,0,10,10,0.00,0.0005,-0.0001,-0.8239,4.8505,0.0000,-0.0000,0.0000,-0.6128
2026-05-20 18:49:56.004,0,10,10,0.00,0.0000,0.0000,-0.8239,4.8505,0.0000,-0.0000,0.0000,-0.6128
2026-05-20 18:49:56.504,0,10,10,0.00,0.0000,0.0000,-0.8239,4.8505,0.0000,-0.0000,0.0000,-0.6128
2026-05-20 18:49:57.004,0,10,10,0.00,0.0000,0.0000,-0.8239,4.8505,0.0000,-0.0000,0.0000,-0.6128
2026-05-20 18:49:57.504,0,10,10,0.00,0.0000,-0.0001,-0.8239,4.8505,0.0000,-0.0000,0.0000,-0.6128
2026-05-20 18:49:58.004,0,10,10,0.00,0.0000,-0.0003,-0.8239,4.8505,0.0000,-0.0000,0.0000,-0.6128
2026-05-20 18:49:58.504,0,10,10,0.00,0.0000,0.0000,-0.8239,4.8505,0.0000,-0.0000,0.0000,-0.6128
2026-05-20 18:49:59.004,0,10,10,0.00,0.0000,0.0000,-0.8239,4.8505,0.0000,-0.0000,0.0000,-0.6128
2026-05-20 18:49:59.504,0,10,10,0.00,0.0000,0.0000,-0.8239,4.8505,0.0000,-0.0000,0.0000,-0.6128
2026-05-20 18:50:00.004,0,10,10,0.00,0.0000,0.0000,-0.8239,4.8505,0.0000,-0.0000,0.0000,-0.6128
2026-05-20 18:50:00.504,0,10,10,0.00,-0.0001,-0.0001,-0.8239,4.8505,0.0000,-0.0000,0.0000,-0.6128
2026-05-20 18:50:01.004,0,10,10,0.00,0.0000,0.0003,-0.8239,4.8505,0.0000,-0.0000,0.0000,-0.6128
2026-05-20 18:50:01.504,0,10,10,0.00,-0.0003,0.0000,-0.8239,4.8505,0.0000,-0.0000,0.0000,-0.6128
2026-05-20 18:50:02.004,0,10,10,0.00,0.0001,0.0000,-0.8239,4.8505,0.0000,-0.0000,0.0000,-0.6128
2026-05-20 18:50:02.504,0,10,10,0.00,0.0000,0.0000,-0.8239,4.8505,0.0000,-0.0000,0.0000,-0.6128
2026-05-20 18:50:03.004,0,10,10,0.00,0.0000,0.0000,-0.8239,4.8505,0.0000,-0.0000,0.0000,-0.6128
2026-05-20 18:50:03.504,0,10,10,0.00,0.0003,-0.0003,-0.8239,4.8505,0.0000,-0.0000,0.0000,-0.6128
2026-05-20 18:50:04.004,0,10,10,0.00,-0.0001,0.0003,-0.8239,4.8505,0.0000,-0.0000,0.0000,-0.6128
2026-05-20 18:50:04.504,0,10,10,0.00,0.0000,0.0000,-0.8239,4.8505,0.0000,-0.0000,0.0000,-0.6128
2026-05-20 18:50:05.004,0,10,10,0.00,-0.0001,0.0000,-0.8239,4.8505,0.0000,-0.0000,0.0000,-0.6128
2026-05-20 18:50:05.504,0,10,10,0.00,0.0001,0.0000,-0.8239,4.8505,0.0000,-0.0000,0.0000,-0.6128
2026-05-20 18:50:06.004,0,10,10,0.00,0.0001,0.0000,-0.8239,4.8505,0.0000,-0.0000,0.0000,-0.6128
2026-05-20 18:50:06.504,0,10,10,0.00,0.0000,0.0000,-0.8239,4.8505,0.0000,-0.0000,0.0000,-0.6128
2026-05-20 18:50:07.004,0,10,10,0.00,0.0003,0.0001,-0.8239,4.8505,0.0000,-0.0000,0.0000,-0.6128
2026-05-20 18:50:07.504,0,10,10,0.00,-0.0004,0.0000,-0.8239,4.8505,0.0000,-0.0000,0.0000,-0.6128
2026-05-20 18:50:08.004,0,10,10,0.00,0.0003,0.0000,-0.8239,4.8505,0.0000,-0.0000,0.0000,-0.6128
2026-05-20 18:50:08.504,0,10,10,0.00,0.0000,0.0000,-0.8239,4.8505,0.0000,-0.0000,0.0000,-0.6128
2026-05-20 18:50:09.004,0,10,10,0.00,0.0001,-0.0001,-0.8239,4.8505,0.0000,-0.0000,0.0000,-0.6128
2026-05-20 18:50:09.504,0,10,10,0.00,0.0000,0.0001,-0.8239,4.8505,0.0000,-0.0000,0.0000,-0.6128
2026-05-20 18:50:10.004,0,10,10,0.00,0.0000,0.0000,-0.8239,4.8505,0.0000,-0.0000,0.0000,-0.6128
2026-05-20 18:50:10.504,0,10,10,0.00,0.0000,0.0001,-0.8239,4.8505,0.0000,-0.0000,0.0000,-0.6128
2026-05-20 18:50:11.004,0,10,10,0.00,0.0001,0.0001,-0.8239,4.8505,0.0000,-0.0000,0.0000,-0.6128
2026-05-20 18:50:11.504,0,10,10,0.00,0.0001,0.0001,-0.8239,4.8505,0.0000,-0.0000,0.0000,-0.6128
2026-05-20 18:50:12.004,0,10,10,0.00,0.0000,0.0000,-0.8239,4.8505,0.0000,-0.0000,0.0000,-0.6128
2026-05-20 18:50:12.504,0,10,10,0.00,0.0000,0.0001,-0.8239,4.8505,0.0000,-0.0000,0.0000,-0.6128
2026-05-20 18:50:13.004,0,10,10,0.00,0.0000,0.0000,-0.8239,4.8505,0.0000,-0.0000,0.0000,-0.6128
2026-05-20 18:50:13.504,0,10,10,0.00,0.0000,-0.0003,-0.8239,4.8505,0.0000,-0.0000,0.0000,-0.6128
2026-05-20 18:50:14.004,0,10,10,0.00,0.0001,0.0000,-0.8239,4.8505,0.0000,-0.0000,0.0000,-0.6128
2026-05-20 18:50:14.504,0,10,10,0.00,0.0000,0.0000,-0.8239,4.8505,0.0000,-0.0000,0.0000,-0.6128
2026-05-20 18:50:15.004,0,10,10,0.00,0.0000,0.0001,-0.8239,4.8505,0.0000,-0.0000,0.0000,-0.6128
2026-05-20 18:50:15.504,0,10,10,0.00,0.0000,0.0000,-0.8239,4.8505,0.0000,-0.0000,0.0000,-0.6128
2026-05-20 18:50:16.004,0,10,10,0.00,0.0001,0.0000,-0.8239,4.8505,0.0000,-0.0000,0.0000,-0.6128
2026-05-20 18:50:16.504,0,10,10,0.00,0.0000,0.0001,-0.8239,4.8505,0.0000,-0.0000,0.0000,-0.6128
2026-05-20 18:50:17.004,0,10,10,0.00,0.0000,0.0000,-0.8239,4.8505,0.0000,-0.0000,0.0000,-0.6128
2026-05-20 18:50:17.504,0,10,10,0.00,0.0001,0.0000,-0.8239,4.8505,0.0000,-0.0000,0.0000,-0.6128
2026-05-20 18:50:18.004,0,10,10,0.00,-0.0001,0.0001,-0.8239,4.8505,0.0000,-0.0000,0.0000,-0.6128
2026-05-20 18:50:18.504,0,10,10,0.00,-0.0003,-0.0003,-0.8239,4.8505,0.0000,-0.0000,0.0000,-0.6128
2026-05-20 18:50:19.004,0,10,10,0.00,0.0000,-0.0001,-0.8239,4.8505,0.0000,-0.0000,0.0000,-0.6128
2026-05-20 18:50:19.504,0,10,10,0.00,0.0000,0.0000,-0.8239,4.8505,0.0000,-0.0000,0.0000,-0.6128
2026-05-20 18:50:20.004,0,10,10,0.00,0.0000,0.0000,-0.8239,4.8505,0.0000,-0.0000,0.0000,-0.6128
2026-05-20 18:50:20.504,0,10,10,0.00,0.0000,0.0000,-0.8239,4.8505,0.0000,-0.0000,0.0000,-0.6128
2026-05-20 18:50:21.004,0,10,10,0.00,0.0000,-0.0001,-0.8239,4.8505,0.0000,-0.0000,0.0000,-0.6128
2026-05-20 18:50:21.504,0,10,10,0.00,0.0000,0.0000,-0.8239,4.8505,0.0000,-0.0000,0.0000,-0.6128
2026-05-20 18:50:22.004,0,10,10,0.00,0.0003,-0.0001,-0.8239,4.8505,0.0000,-0.0000,0.0000,-0.6128
2026-05-20 18:50:22.504,0,10,10,0.00,0.0000,-0.0003,-0.8239,4.8505,0.0000,-0.0000,0.0000,-0.6128
2026-05-20 18:50:23.004,0,10,10,0.00,-0.0001,0.0000,-0.8239,4.8505,0.0000,-0.0000,0.0000,-0.6128
2026-05-20 18:50:23.504,0,10,10,0.00,0.0000,-0.0001,-0.8239,4.8505,0.0000,-0.0000,0.0000,-0.6128
2026-05-20 18:50:24.004,0,10,10,0.00,0.0000,0.0000,-0.8239,4.8505,0.0000,-0.0000,0.0000,-0.6128
2026-05-20 18:50:24.504,0,10,10,0.00,0.0000,0.0000,-0.8239,4.8505,0.0000,-0.0000,0.0000,-0.6128
2026-05-20 18:50:25.004,0,10,10,0.00,0.0000,0.0003,-0.8239,4.8505,0.0000,-0.0000,0.0000,-0.6128
2026-05-20 18:50:25.504,0,10,10,0.00,0.0000,0.0000,-0.8239,4.8505,0.0000,-0.0000,0.0000,-0.6128
2026-05-20 18:50:26.004,0,10,10,0.00,0.0000,-0.0003,-0.8239,4.8505,0.0000,-0.0000,0.0000,-0.6128
2026-05-20 18:50:26.504,0,10,10,0.00,0.0000,-0.0001,-0.8239,4.8505,0.0000,-0.0000,0.0000,-0.6128
2026-05-20 18:50:27.004,0,10,10,0.00,0.0000,0.0000,-0.8239,4.8505,0.0000,-0.0000,0.0000,-0.6128
2026-05-20 18:50:27.504,0,10,10,0.00,0.0000,-0.0001,-0.8239,4.8505,0.0000,-0.0000,0.0000,-0.6128
2026-05-20 18:50:28.004,0,10,10,0.00,0.0000,0.0001,-0.8239,4.8505,0.0000,-0.0000,0.0000,-0.6128
2026-05-20 18:50:28.504,0,10,10,0.00,-0.0005,0.0001,-0.8239,4.8505,0.0000,-0.0000,0.0000,-0.6128
2026-05-20 18:50:29.004,0,10,10,0.00,0.0000,-0.0001,-0.8239,4.8505,0.0000,-0.0000,0.0000,-0.6128
2026-05-20 18:50:29.504,0,10,10,0.00,0.0001,-0.0003,-0.8239,4.8505,0.0000,-0.0000,0.0000,-0.6128
2026-05-20 18:50:30.004,0,10,10,0.00,0.0003,0.0001,-0.8239,4.8505,0.0000,-0.0000,0.0000,-0.6128
2026-05-20 18:50:30.504,0,10,10,0.00,-0.0003,-0.0001,-0.8239,4.8505,0.0000,-0.0000,0.0000,-0.6128
2026-05-20 18:50:31.004,0,10,10,0.00,0.0000,0.0000,-0.8239,4.8505,0.0000,-0.0000,0.0000,-0.6128
2026-05-20 18:50:31.504,0,10,10,0.00,0.0000,0.0000,-0.8239,4.8505,0.0000,-0.0000,0.0000,-0.6128
2026-05-20 18:50:32.004,0,10,10,0.00,0.0004,0.0000,-0.8239,4.8505,0.0000,-0.0000,0.0000,-0.6128
2026-05-20 18:50:32.504,0,10,10,0.00,0.0000,-0.0004,-0.8239,4.8505,0.0000,-0.0000,0.0000,-0.6128
2026-05-20 18:50:33.004,0,10,10,0.00,0.0000,0.0001,-0.8239,4.8505,0.0000,-0.0000,0.0000,-0.6128
2026-05-20 18:50:33.504,0,10,10,0.00,-0.0001,-0.0001,-0.8239,4.8505,0.0000,-0.0000,0.0000,-0.6128
2026-05-20 18:50:34.004,0,10,10,0.00,0.0000,0.0000,-0.8239,4.8505,0.0000,-0.0000,0.0000,-0.6128
2026-05-20 18:50:34.504,0,10,10,0.00,0.0000,-0.0004,-0.8239,4.8505,0.0000,-0.0000,0.0000,-0.6128
2026-05-20 18:50:35.004,0,10,10,0.00,-0.0001,-0.0001,-0.8239,4.8505,0.0000,-0.0000,0.0000,-0.6128
2026-05-20 18:50:35.504,0,10,10,0.00,0.0000,0.0001,-0.8239,4.8505,0.0000,-0.0000,0.0000,-0.6128
2026-05-20 18:50:36.004,0,10,10,0.00,-0.0001,0.0000,-0.8239,4.8505,0.0000,-0.0000,0.0000,-0.6128
2026-05-20 18:50:36.504,0,10,10,0.00,0.0001,-0.0003,-0.8239,4.8505,0.0000,-0.0000,0.0000,-0.6128
2026-05-20 18:50:37.004,0,10,10,0.00,-0.0003,-0.0001,-0.8239,4.8505,0.0000,-0.0000,0.0000,-0.6128
2026-05-20 18:50:37.504,0,10,10,0.00,0.0001,-0.0005,-0.8239,4.8505,0.0000,-0.0000,0.0000,-0.6128
2026-05-20 18:50:38.004,0,10,10,0.00,0.0001,0.0000,-0.8239,4.8505,0.0000,-0.0000,0.0000,-0.6128
2026-05-20 18:50:38.504,0,10,10,0.00,0.0001,0.0000,-0.8239,4.8505,0.0000,-0.0000,0.0000,-0.6128
2026-05-20 18:50:39.004,0,10,10,0.00,0.0000,0.0000,-0.8239,4.8505,0.0000,-0.0000,0.0000,-0.6128
2026-05-20 18:50:39.504,0,10,10,0.00,0.0000,0.0000,-0.8239,4.8505,0.0000,-0.0000,0.0000,-0.6128
2026-05-20 18:50:40.004,0,10,10,0.00,0.0000,0.0000,-0.8239,4.8505,0.0000,-0.0000,0.0000,-0.6128
2026-05-20 18:50:40.504,0,10,10,0.00,0.0001,0.0000,-0.8239,4.8505,0.0000,-0.0000,0.0000,-0.6128
2026-05-20 18:50:41.004,0,10,10,0.00,0.0000,0.0000,-0.8239,4.8505,0.0000,-0.0000,0.0000,-0.6128
2026-05-20 18:50:41.504,0,10,10,0.00,0.0000,0.0003,-0.8239,4.8505,0.0000,-0.0000,0.0000,-0.6128
2026-05-20 18:50:42.004,0,10,10,0.00,-0.0001,0.0000,-0.8239,4.8505,0.0000,-0.0000,0.0000,-0.6128
2026-05-20 18:50:42.504,0,10,10,0.00,0.0000,0.0000,-0.8239,4.8505,0.0000,-0.0000,0.0000,-0.6128
2026-05-20 18:50:43.004,0,10,10,0.00,0.0001,0.0000,-0.8239,4.8505,0.0000,-0.0000,0.0000,-0.6128
2026-05-20 18:50:43.504,0,10,10,0.00,0.0001,-0.0001,-0.8239,4.8505,0.0000,-0.0000,0.0000,-0.6128
2026-05-20 18:50:44.004,0,10,10,0.00,0.0000,0.0000,-0.8239,4.8505,0.0000,-0.0000,0.0000,-0.6128
2026-05-20 18:50:44.504,0,10,10,0.00,-0.0003,0.0000,-0.8239,4.8505,0.0000,-0.0000,0.0000,-0.6128
2026-05-20 18:50:45.004,0,10,10,0.00,-0.0001,0.0000,-0.8239,4.8505,0.0000,-0.0000,0.0000,-0.6128
2026-05-20 18:50:45.504,0,10,10,0.00,0.0000,0.0003,-0.8239,4.8505,0.0000,-0.0000,0.0000,-0.6128
2026-05-20 18:50:46.004,0,10,10,0.00,0.0000,0.0000,-0.8239,4.8505,0.0000,-0.0000,0.0000,-0.6128
2026-05-20 18:50:46.504,0,10,10,0.00,0.0000,-0.0001,-0.8239,4.8505,0.0000,-0.0000,0.0000,-0.6128
2026-05-20 18:50:47.004,0,10,10,0.00,0.0000,0.0000,-0.8239,4.8505,0.0000,-0.0000,0.0000,-0.6128
2026-05-20 18:50:47.504,0,10,10,0.00,0.0001,0.0000,-0.8239,4.8505,0.0000,-0.0000,0.0000,-0.6128
2026-05-20 18:50:48.004,0,10,10,0.00,0.0000,-0.0001,-0.8239,4.8505,0.0000,-0.0000,0.0000,-0.6128
2026-05-20 18:50:48.504,0,10,10,0.00,0.0003,0.0000,-0.8239,4.8505,0.0000,-0.0000,0.0000,-0.6128
2026-05-20 18:50:49.004,0,10,10,0.00,0.0000,0.0000,-0.8239,4.8505,0.0000,-0.0000,0.0000,-0.6128
2026-05-20 18:50:49.504,0,10,10,0.00,0.0000,0.0000,-0.8239,4.8505,0.0000,-0.0000,0.0000,-0.6128
2026-05-20 18:50:50.004,0,10,10,0.00,0.0001,-0.0001,-0.8239,4.8505,0.0000,-0.0000,0.0000,-0.6128
2026-05-20 18:50:50.503,0,10,10,0.00,-0.0001,-0.0001,-0.8239,4.8505,0.0000,-0.0000,0.0000,-0.6128
2026-05-20 18:50:51.004,0,10,10,0.00,0.0000,0.0001,-0.8239,4.8505,0.0000,-0.0000,0.0000,-0.6128
2026-05-20 18:50:51.504,0,10,10,0.00,0.0003,0.0001,-0.8239,4.8505,0.0000,-0.0000,0.0000,-0.6128
2026-05-20 18:50:52.004,0,10,10,0.00,0.0000,0.0000,-0.8239,4.8505,0.0000,-0.0000,0.0000,-0.6128
2026-05-20 18:50:52.504,0,10,10,0.00,0.0000,0.0000,-0.8239,4.8505,0.0000,-0.0000,0.0000,-0.6128
2026-05-20 18:50:53.004,0,10,10,0.00,0.0000,-0.0001,-0.8239,4.8505,0.0000,-0.0000,0.0000,-0.6128
2026-05-20 18:50:53.504,0,10,10,0.00,0.0001,-0.0001,-0.8239,4.8505,0.0000,-0.0000,0.0000,-0.6128
2026-05-20 18:50:54.004,0,10,10,0.00,0.0000,0.0000,-0.8239,4.8505,0.0000,-0.0000,0.0000,-0.6128
2026-05-20 18:50:54.504,0,10,10,0.00,0.0001,0.0001,-0.8239,4.8505,0.0000,-0.0000,0.0000,-0.6128
2026-05-20 18:50:55.004,0,10,10,0.00,-0.0003,0.0000,-0.8239,4.8505,0.0000,-0.0000,0.0000,-0.6128
2026-05-20 18:50:55.504,0,10,10,0.00,-0.0001,0.0000,-0.8239,4.8505,0.0000,-0.0000,0.0000,-0.6128
2026-05-20 18:50:56.004,0,10,10,0.00,-0.0001,-0.0001,-0.8239,4.8505,0.0000,-0.0000,0.0000,-0.6128
2026-05-20 18:50:56.504,0,10,10,0.00,0.0001,0.0000,-0.8239,4.8505,0.0000,-0.0000,0.0000,-0.6128
2026-05-20 18:50:57.004,0,10,10,0.00,0.0003,0.0000,-0.8239,4.8505,0.0000,-0.0000,0.0000,-0.6128
2026-05-20 18:50:57.504,0,10,10,0.00,0.0000,-0.0001,-0.8239,4.8505,0.0000,-0.0000,0.0000,-0.6128
2026-05-20 18:50:58.004,0,10,10,0.00,-0.0001,0.0000,-0.8239,4.8505,0.0000,-0.0000,0.0000,-0.6128
2026-05-20 18:50:58.504,0,10,10,0.00,-0.0005,0.0000,-0.8239,4.8505,0.0000,-0.0000,0.0000,-0.6128
2026-05-20 18:50:59.004,0,10,10,0.00,0.0000,0.0001,-0.8239,4.8505,0.0000,-0.0000,0.0000,-0.6128
2026-05-20 18:50:59.504,0,10,10,0.00,0.0003,0.0000,-0.8239,4.8505,0.0000,-0.0000,0.0000,-0.6128
2026-05-20 18:51:00.003,0,10,10,0.00,0.0000,0.0000,-0.8239,4.8505,0.0000,-0.0000,0.0000,-0.6128
2026-05-20 18:51:00.504,0,10,10,0.00,-0.0001,-0.0001,-0.8239,4.8505,0.0000,-0.0000,0.0000,-0.6128
2026-05-20 18:51:01.004,0,10,10,0.00,-0.0001,-0.0003,-0.8239,4.8505,0.0000,-0.0000,0.0000,-0.6128
2026-05-20 18:51:01.504,0,10,10,0.00,-0.0001,0.0000,-0.8239,4.8505,0.0000,-0.0000,0.0000,-0.6128
2026-05-20 18:51:02.004,0,10,10,0.00,0.0000,0.0000,-0.8239,4.8505,0.0000,-0.0000,0.0000,-0.6128
2026-05-20 18:51:02.503,0,10,10,0.00,0.0000,-0.0001,-0.8239,4.8505,0.0000,-0.0000,0.0000,-0.6128
2026-05-20 18:51:03.004,0,10,10,0.00,0.0003,0.0000,-0.8239,4.8505,0.0000,-0.0000,0.0000,-0.6128
2026-05-20 18:51:03.504,0,10,10,0.00,0.0000,0.0004,-0.8239,4.8505,0.0000,-0.0000,0.0000,-0.6128
2026-05-20 18:51:04.004,0,10,10,0.00,0.0000,0.0001,-0.8239,4.8505,0.0000,-0.0000,0.0000,-0.6128
2026-05-20 18:51:04.504,0,10,10,0.00,0.0000,0.0000,-0.8239,4.8505,0.0000,-0.0000,0.0000,-0.6128
2026-05-20 18:51:05.004,0,10,10,0.00,-0.0001,0.0000,-0.8239,4.8505,0.0000,-0.0000,0.0000,-0.6128
2026-05-20 18:51:05.504,0,10,10,0.00,-0.0001,-0.0001,-0.8239,4.8505,0.0000,-0.0000,0.0000,-0.6128
2026-05-20 18:51:06.009,0,10,10,0.00,0.0001,-0.0001,-0.8239,4.8505,0.0000,-0.0000,0.0000,-0.6128
2026-05-20 18:51:06.504,0,10,10,0.00,0.0000,0.0000,-0.8239,4.8505,0.0000,-0.0000,0.0000,-0.6128
2026-05-20 18:51:07.004,0,10,10,0.00,-0.0003,0.0000,-0.8239,4.8505,0.0000,-0.0000,0.0000,-0.6128
2026-05-20 18:51:07.504,0,10,10,0.00,0.0000,0.0000,-0.8239,4.8505,0.0000,-0.0000,0.0000,-0.6128
2026-05-20 18:51:08.004,0,10,10,0.00,0.0000,0.0001,-0.8239,4.8505,0.0000,-0.0000,0.0000,-0.6128
2026-05-20 18:51:08.504,0,10,10,0.00,0.0000,0.0000,-0.8239,4.8505,0.0000,-0.0000,0.0000,-0.6128
2026-05-20 18:51:09.004,0,10,10,0.00,-0.0001,0.0000,-0.8239,4.8505,0.0000,-0.0000,0.0000,-0.6128
2026-05-20 18:51:09.504,0,10,10,0.00,0.0004,0.0000,-0.8239,4.8505,0.0000,-0.0000,0.0000,-0.6128
2026-05-20 18:51:10.004,0,10,10,0.00,0.0000,0.0000,-0.8239,4.8505,0.0000,-0.0000,0.0000,-0.6128
2026-05-20 18:51:10.504,0,10,10,0.00,0.0001,0.0000,-0.8239,4.8505,0.0000,-0.0000,0.0000,-0.6128
2026-05-20 18:51:11.004,0,10,10,0.00,0.0000,-0.0001,-0.8239,4.8505,0.0000,-0.0000,0.0000,-0.6128
2026-05-20 18:51:11.504,0,10,10,0.00,0.0000,-0.0001,-0.8239,4.8505,0.0000,-0.0000,0.0000,-0.6128
2026-05-20 18:51:12.003,0,10,10,0.00,0.0000,-0.0001,-0.8239,4.8505,0.0000,-0.0000,0.0000,-0.6128
2026-05-20 18:51:12.504,0,10,10,0.00,0.0004,0.0000,-0.8239,4.8505,0.0000,-0.0000,0.0000,-0.6128
2026-05-20 18:51:13.004,0,10,10,0.00,0.0001,0.0000,-0.8239,4.8505,0.0000,-0.0000,0.0000,-0.6128
2026-05-20 18:51:13.508,0,10,10,0.00,0.0001,0.0000,-0.8239,4.8505,0.0000,-0.0000,0.0000,-0.6128
2026-05-20 18:51:14.004,0,10,10,0.00,0.0000,0.0000,-0.8239,4.8505,0.0000,-0.0000,0.0000,-0.6128
2026-05-20 18:51:14.504,0,10,10,0.00,-0.0003,0.0000,-0.8239,4.8505,0.0000,-0.0000,0.0000,-0.6128
2026-05-20 18:51:15.004,0,10,10,0.00,0.0000,-0.0005,-0.8239,4.8505,0.0000,-0.0000,0.0000,-0.6128
2026-05-20 18:51:15.504,0,10,10,0.00,-0.0003,0.0000,-0.8239,4.8505,0.0000,-0.0000,0.0000,-0.6128
2026-05-20 18:51:16.004,0,10,10,0.00,-0.0001,-0.0003,-0.8239,4.8505,0.0000,-0.0000,0.0000,-0.6128
2026-05-20 18:51:16.504,0,10,10,0.00,0.0000,0.0000,-0.8239,4.8505,0.0000,-0.0000,0.0000,-0.6128
2026-05-20 18:51:17.004,0,10,10,0.00,0.0001,-0.0003,-0.8239,4.8505,0.0000,-0.0000,0.0000,-0.6128
2026-05-20 18:51:17.504,0,10,10,0.00,-0.0001,0.0000,-0.8239,4.8505,0.0000,-0.0000,0.0000,-0.6128
2026-05-20 18:51:18.004,0,10,10,0.00,0.0000,0.0000,-0.8239,4.8505,0.0000,-0.0000,0.0000,-0.6128
2026-05-20 18:51:18.504,0,10,10,0.00,0.0001,0.0003,-0.8239,4.8505,0.0000,-0.0000,0.0000,-0.6128
2026-05-20 18:51:19.004,0,10,10,0.00,-0.0001,0.0000,-0.8239,4.8505,0.0000,-0.0000,0.0000,-0.6128
2026-05-20 18:51:19.504,0,10,10,0.00,0.0000,0.0001,-0.8239,4.8505,0.0000,-0.0000,0.0000,-0.6128
2026-05-20 18:51:20.003,0,10,10,0.00,0.0000,0.0001,-0.8239,4.8505,0.0000,-0.0000,0.0000,-0.6128
2026-05-20 18:51:20.503,0,10,10,0.00,0.0000,-0.0005,-0.8239,4.8505,0.0000,-0.0000,0.0000,-0.6128
2026-05-20 18:51:21.004,0,10,10,0.00,-0.0003,0.0000,-0.8239,4.8505,0.0000,-0.0000,0.0000,-0.6128
2026-05-20 18:51:21.504,0,10,10,0.00,0.0001,0.0000,-0.8239,4.8505,0.0000,-0.0000,0.0000,-0.6128
2026-05-20 18:51:22.004,0,10,10,0.00,-0.0001,0.0001,-0.8239,4.8505,0.0000,-0.0000,0.0000,-0.6128
2026-05-20 18:51:22.504,0,10,10,0.00,0.0003,0.0001,-0.8239,4.8505,0.0000,-0.0000,0.0000,-0.6128
2026-05-20 18:51:23.004,0,10,10,0.00,-0.0001,0.0000,-0.8239,4.8505,0.0000,-0.0000,0.0000,-0.6128
2026-05-20 18:51:23.504,0,10,10,0.00,0.0001,0.0001,-0.8239,4.8505,0.0000,-0.0000,0.0000,-0.6128
2026-05-20 18:51:24.004,0,10,10,0.00,-0.0004,-0.0001,-0.8239,4.8505,0.0000,-0.0000,0.0000,-0.6128
2026-05-20 18:51:24.504,0,10,10,0.00,0.0000,0.0000,-0.8239,4.8505,0.0000,-0.0000,0.0000,-0.6128
2026-05-20 18:51:25.003,0,10,10,0.00,-0.0003,0.0003,-0.8239,4.8505,0.0000,-0.0000,0.0000,-0.6128
2026-05-20 18:51:25.504,0,10,10,0.00,-0.0003,0.0000,-0.8239,4.8505,0.0000,-0.0000,0.0000,-0.6128
2026-05-20 18:51:26.004,0,10,10,0.00,0.0001,0.0001,-0.8239,4.8505,0.0000,-0.0000,0.0000,-0.6128
2026-05-20 18:51:26.504,0,10,10,0.00,0.0001,0.0001,-0.8239,4.8505,0.0000,-0.0000,0.0000,-0.6128
2026-05-20 18:51:27.004,0,10,10,0.00,0.0001,0.0001,-0.8239,4.8505,0.0000,-0.0000,0.0000,-0.6128
2026-05-20 18:51:27.504,0,10,10,0.00,0.0000,0.0000,-0.8239,4.8505,0.0000,-0.0000,0.0000,-0.6128
2026-05-20 18:51:28.004,0,10,10,0.00,-0.0001,0.0001,-0.8239,4.8505,0.0000,-0.0000,0.0000,-0.6128
2026-05-20 18:51:28.511,0,10,10,0.00,0.0003,0.0000,-0.8239,4.8505,0.0000,-0.0000,0.0000,-0.6128
2026-05-20 18:51:29.004,0,10,10,0.00,0.0001,0.0000,-0.8239,4.8505,0.0000,-0.0000,0.0000,-0.6128
2026-05-20 18:51:29.504,0,10,10,0.00,-0.0003,0.0000,-0.8239,4.8505,0.0000,-0.0000,0.0000,-0.6128
2026-05-20 18:51:30.004,0,10,10,0.00,0.0000,-0.0003,-0.8239,4.8505,0.0000,-0.0000,0.0000,-0.6128
2026-05-20 18:51:30.504,0,10,10,0.00,0.0000,0.0000,-0.8239,4.8505,0.0000,-0.0000,0.0000,-0.6128
2026-05-20 18:51:31.004,0,10,10,0.00,0.0001,0.0000,-0.8239,4.8505,0.0000,-0.0000,0.0000,-0.6128
2026-05-20 18:51:31.504,0,10,10,0.00,0.0000,-0.0001,-0.8239,4.8505,0.0000,-0.0000,0.0000,-0.6128
2026-05-20 18:51:32.004,0,10,10,0.00,-0.0001,0.0000,-0.8239,4.8505,0.0000,-0.0000,0.0000,-0.6128
2026-05-20 18:51:32.504,0,10,10,0.00,0.0001,-0.0003,-0.8239,4.8505,0.0000,-0.0000,0.0000,-0.6128
2026-05-20 18:51:33.004,0,10,10,0.00,0.0000,0.0000,-0.8239,4.8505,0.0000,-0.0000,0.0000,-0.6128
2026-05-20 18:51:33.503,0,10,10,0.00,-0.0003,-0.0003,-0.8239,4.8505,0.0000,-0.0000,0.0000,-0.6128
2026-05-20 18:51:34.003,0,10,10,0.00,-0.0001,0.0000,-0.8239,4.8505,0.0000,-0.0000,0.0000,-0.6128
2026-05-20 18:51:34.504,0,10,10,0.00,0.0001,0.0000,-0.8239,4.8505,0.0000,-0.0000,0.0000,-0.6128
2026-05-20 18:51:35.004,0,10,10,0.00,0.0000,0.0000,-0.8239,4.8505,0.0000,-0.0000,0.0000,-0.6128
2026-05-20 18:51:35.504,0,10,10,0.00,0.0000,0.0000,-0.8239,4.8505,0.0000,-0.0000,0.0000,-0.6128
2026-05-20 18:51:36.004,0,10,10,0.00,-0.0001,0.0001,-0.8239,4.8505,0.0000,-0.0000,0.0000,-0.6128
2026-05-20 18:51:36.504,0,10,10,0.00,-0.0003,0.0000,-0.8239,4.8505,0.0000,-0.0000,0.0000,-0.6128
2026-05-20 18:51:37.004,0,10,10,0.00,0.0000,0.0000,-0.8239,4.8505,0.0000,-0.0000,0.0000,-0.6128
2026-05-20 18:51:37.503,0,10,10,0.00,0.0000,0.0000,-0.8239,4.8505,0.0000,-0.0000,0.0000,-0.6128
2026-05-20 18:51:38.004,0,10,10,0.00,0.0001,0.0000,-0.8239,4.8505,0.0000,-0.0000,0.0000,-0.6128
2026-05-20 18:51:38.504,0,10,10,0.00,0.0000,-0.0003,-0.8239,4.8505,0.0000,-0.0000,0.0000,-0.6128
2026-05-20 18:51:39.004,0,10,10,0.00,0.0001,-0.0003,-0.8239,4.8505,0.0000,-0.0000,0.0000,-0.6128
2026-05-20 18:51:39.504,0,10,10,0.00,0.0000,-0.0004,-0.8239,4.8505,0.0000,-0.0000,0.0000,-0.6128
2026-05-20 18:51:40.003,0,10,10,0.00,0.0000,0.0001,-0.8239,4.8505,0.0000,-0.0000,0.0000,-0.6128
2026-05-20 18:51:40.504,0,10,10,0.00,0.0000,0.0000,-0.8239,4.8505,0.0000,-0.0000,0.0000,-0.6128
2026-05-20 18:51:41.004,0,10,10,0.00,0.0001,0.0003,-0.8239,4.8505,0.0000,-0.0000,0.0000,-0.6128
2026-05-20 18:51:41.504,0,10,10,0.00,0.0001,0.0000,-0.8239,4.8505,0.0000,-0.0000,0.0000,-0.6128
2026-05-20 18:51:42.004,0,10,10,0.00,0.0000,0.0000,-0.8239,4.8505,0.0000,-0.0000,0.0000,-0.6128
2026-05-20 18:51:42.504,0,10,10,0.00,-0.0001,0.0001,-0.8239,4.8505,0.0000,-0.0000,0.0000,-0.6128
2026-05-20 18:51:43.004,0,10,10,0.00,-0.0001,0.0000,-0.8239,4.8505,0.0000,-0.0000,0.0000,-0.6128
2026-05-20 18:51:43.504,0,10,10,0.00,-0.0005,0.0000,-0.8239,4.8505,0.0000,-0.0000,0.0000,-0.6128
2026-05-20 18:51:44.004,0,10,10,0.00,0.0000,-0.0001,-0.8239,4.8505,0.0000,-0.0000,0.0000,-0.6128
2026-05-20 18:51:44.504,0,10,10,0.00,0.0007,0.0001,-0.8239,4.8505,0.0000,-0.0000,0.0000,-0.6128
2026-05-20 18:51:45.004,0,10,10,0.00,-0.0001,-0.0001,-0.8239,4.8505,0.0000,-0.0000,0.0000,-0.6128
2026-05-20 18:51:45.504,0,10,10,0.00,-0.0001,0.0001,-0.8239,4.8505,0.0000,-0.0000,0.0000,-0.6128
2026-05-20 18:51:46.004,0,10,10,0.00,0.0000,0.0001,-0.8239,4.8505,0.0000,-0.0000,0.0000,-0.6128
2026-05-20 18:51:46.504,0,10,10,0.00,-0.0001,0.0000,-0.8239,4.8505,0.0000,-0.0000,0.0000,-0.6128
2026-05-20 18:51:47.004,0,10,10,0.00,0.0001,0.0000,-0.8239,4.8505,0.0000,-0.0000,0.0000,-0.6128
2026-05-20 18:51:47.503,0,10,10,0.00,0.0000,0.0000,-0.8239,4.8505,0.0000,-0.0000,0.0000,-0.6128
2026-05-20 18:51:48.004,0,10,10,0.00,0.0001,0.0000,-0.8239,4.8505,0.0000,-0.0000,0.0000,-0.6128
2026-05-20 18:51:48.503,0,10,10,0.00,0.0000,0.0000,-0.8239,4.8505,0.0000,-0.0000,0.0000,-0.6128
2026-05-20 18:51:49.003,0,10,10,0.00,0.0000,-0.0004,-0.8239,4.8505,0.0000,-0.0000,0.0000,-0.6128
2026-05-20 18:51:49.504,0,10,10,0.00,0.0001,0.0001,-0.8239,4.8505,0.0000,-0.0000,0.0000,-0.6128
2026-05-20 18:51:50.004,0,10,10,0.00,0.0000,0.0003,-0.8239,4.8505,0.0000,-0.0000,0.0000,-0.6128
2026-05-20 18:51:50.504,0,10,10,0.00,0.0000,-0.0003,-0.8239,4.8505,0.0000,-0.0000,0.0000,-0.6128
2026-05-20 18:51:51.004,0,10,10,0.00,-0.0001,0.0000,-0.8239,4.8505,0.0000,-0.0000,0.0000,-0.6128
2026-05-20 18:51:51.504,0,10,10,0.00,0.0000,0.0000,-0.8239,4.8505,0.0000,-0.0000,0.0000,-0.6128
2026-05-20 18:51:52.004,0,10,10,0.00,-0.0001,0.0000,-0.8239,4.8505,0.0000,-0.0000,0.0000,-0.6128
2026-05-20 18:51:52.504,0,10,10,0.00,-0.0001,0.0003,-0.8239,4.8505,0.0000,-0.0000,0.0000,-0.6128
2026-05-20 18:51:53.004,0,10,10,0.00,0.0001,0.0000,-0.8239,4.8505,0.0000,-0.0000,0.0000,-0.6128
2026-05-20 18:51:53.504,0,10,10,0.00,0.0000,-0.0001,-0.8239,4.8505,0.0000,-0.0000,0.0000,-0.6128
2026-05-20 18:51:54.004,0,10,10,0.00,0.0000,0.0000,-0.8239,4.8505,0.0000,-0.0000,0.0000,-0.6128
2026-05-20 18:51:54.504,0,10,10,0.00,-0.0004,0.0000,-0.8239,4.8505,0.0000,-0.0000,0.0000,-0.6128
2026-05-20 18:51:55.004,0,10,10,0.00,-0.0001,0.0000,-0.8239,4.8505,0.0000,-0.0000,0.0000,-0.6128
2026-05-20 18:51:55.503,0,10,10,0.00,0.0000,0.0000,-0.8239,4.8505,0.0000,-0.0000,0.0000,-0.6128
2026-05-20 18:51:56.004,0,10,10,0.00,0.0000,0.0000,-0.8239,4.8505,0.0000,-0.0000,0.0000,-0.6128
2026-05-20 18:51:56.504,0,10,10,0.00,0.0003,0.0000,-0.8239,4.8505,0.0000,-0.0000,0.0000,-0.6128
2026-05-20 18:51:57.004,0,10,10,0.00,0.0001,0.0000,-0.8239,4.8505,0.0000,-0.0000,0.0000,-0.6128
2026-05-20 18:51:57.504,0,10,10,0.00,0.0000,-0.0003,-0.8239,4.8505,0.0000,-0.0000,0.0000,-0.6128
2026-05-20 18:51:58.004,0,10,10,0.00,0.0000,-0.0003,-0.8239,4.8505,0.0000,-0.0000,0.0000,-0.6128
2026-05-20 18:51:58.504,0,10,10,0.00,0.0003,-0.0003,-0.8239,4.8505,0.0000,-0.0000,0.0000,-0.6128
2026-05-20 18:51:59.004,0,10,10,0.00,0.0001,-0.0004,-0.8239,4.8505,0.0000,-0.0000,0.0000,-0.6128
2026-05-20 18:51:59.504,0,10,10,0.00,0.0001,-0.0001,-0.8239,4.8505,0.0000,-0.0000,0.0000,-0.6128
2026-05-20 18:52:00.004,0,10,10,0.00,-0.0003,0.0000,-0.8239,4.8505,0.0000,-0.0000,0.0000,-0.6128
2026-05-20 18:52:00.504,0,10,10,0.00,-0.0001,0.0001,-0.8239,4.8505,0.0000,-0.0000,0.0000,-0.6128
2026-05-20 18:52:01.004,0,10,10,0.00,-0.0001,0.0000,-0.8239,4.8505,0.0000,-0.0000,0.0000,-0.6128
2026-05-20 18:52:01.504,0,10,10,0.00,0.0000,-0.0001,-0.8239,4.8505,0.0000,-0.0000,0.0000,-0.6128
2026-05-20 18:52:02.004,0,10,10,0.00,0.0000,0.0000,-0.8239,4.8505,0.0000,-0.0000,0.0000,-0.6128
2026-05-20 18:52:02.504,0,10,10,0.00,0.0000,-0.0003,-0.8239,4.8505,0.0000,-0.0000,0.0000,-0.6128
2026-05-20 18:52:03.004,0,10,10,0.00,0.0000,-0.0004,-0.8239,4.8505,0.0000,-0.0000,0.0000,-0.6128
2026-05-20 18:52:03.503,0,10,10,0.00,0.0000,0.0003,-0.8239,4.8505,0.0000,-0.0000,0.0000,-0.6128
2026-05-20 18:52:04.004,0,10,10,0.00,0.0000,0.0000,-0.8239,4.8505,0.0000,-0.0000,0.0000,-0.6128
2026-05-20 18:52:04.504,0,10,10,0.00,0.0000,0.0000,-0.8239,4.8505,0.0000,-0.0000,0.0000,-0.6128
2026-05-20 18:52:05.004,0,10,10,0.00,0.0000,0.0003,-0.8239,4.8505,0.0000,-0.0000,0.0000,-0.6128
2026-05-20 18:52:05.504,0,10,10,0.00,0.0001,0.0003,-0.8239,4.8505,0.0000,-0.0000,0.0000,-0.6128
2026-05-20 18:52:06.004,0,10,10,0.00,-0.0001,0.0000,-0.8239,4.8505,0.0000,-0.0000,0.0000,-0.6128
2026-05-20 18:52:06.504,0,10,10,0.00,0.0005,0.0000,-0.8239,4.8505,0.0000,-0.0000,0.0000,-0.6128
2026-05-20 18:52:07.004,0,10,10,0.00,0.0000,0.0000,-0.8239,4.8505,0.0000,-0.0000,0.0000,-0.6128
2026-05-20 18:52:07.504,0,10,10,0.00,0.0003,0.0001,-0.8239,4.8505,0.0000,-0.0000,0.0000,-0.6128
2026-05-20 18:52:08.004,0,10,10,0.00,0.0000,-0.0003,-0.8239,4.8505,0.0000,-0.0000,0.0000,-0.6128
2026-05-20 18:52:08.504,0,10,10,0.00,0.0000,0.0000,-0.8239,4.8505,0.0000,-0.0000,0.0000,-0.6128
2026-05-20 18:52:09.004,0,10,10,0.00,0.0000,0.0000,-0.8239,4.8505,0.0000,-0.0000,0.0000,-0.6128
2026-05-20 18:52:09.504,0,10,10,0.00,-0.0001,0.0001,-0.8239,4.8505,0.0000,-0.0000,0.0000,-0.6128
2026-05-20 18:52:10.004,0,10,10,0.00,0.0000,0.0003,-0.8239,4.8505,0.0000,-0.0000,0.0000,-0.6128
2026-05-20 18:52:10.504,0,10,10,0.00,0.0001,0.0001,-0.8239,4.8505,0.0000,-0.0000,0.0000,-0.6128
2026-05-20 18:52:11.004,0,10,10,0.00,0.0000,-0.0001,-0.8239,4.8505,0.0000,-0.0000,0.0000,-0.6128
2026-05-20 18:52:11.504,0,10,10,0.00,-0.0001,0.0000,-0.8239,4.8505,0.0000,-0.0000,0.0000,-0.6128
2026-05-20 18:52:12.004,0,10,10,0.00,-0.0001,-0.0001,-0.8239,4.8505,0.0000,-0.0000,0.0000,-0.6128
2026-05-20 18:52:12.504,0,10,10,0.00,0.0001,0.0000,-0.8239,4.8505,0.0000,-0.0000,0.0000,-0.6128
2026-05-20 18:52:13.004,0,10,10,0.00,0.0000,-0.0001,-0.8239,4.8505,0.0000,-0.0000,0.0000,-0.6128
2026-05-20 18:52:13.504,0,10,10,0.00,0.0000,-0.0001,-0.8239,4.8505,0.0000,-0.0000,0.0000,-0.6128
2026-05-20 18:52:14.004,0,10,10,0.00,0.0000,0.0000,-0.8239,4.8505,0.0000,-0.0000,0.0000,-0.6128
2026-05-20 18:52:14.504,0,10,10,0.00,0.0000,-0.0001,-0.8239,4.8505,0.0000,-0.0000,0.0000,-0.6128
2026-05-20 18:52:15.004,0,10,10,0.00,0.0000,-0.0001,-0.8239,4.8505,0.0000,-0.0000,0.0000,-0.6128
2026-05-20 18:52:15.504,0,10,10,0.00,0.0001,0.0000,-0.8239,4.8505,0.0000,-0.0000,0.0000,-0.6128
2026-05-20 18:52:16.004,0,10,10,0.00,0.0000,-0.0004,-0.8239,4.8505,0.0000,-0.0000,0.0000,-0.6128
2026-05-20 18:52:16.504,0,10,10,0.00,0.0000,0.0000,-0.8239,4.8505,0.0000,-0.0000,0.0000,-0.6128
2026-05-20 18:52:17.004,0,10,10,0.00,0.0001,0.0003,-0.8239,4.8505,0.0000,-0.0000,0.0000,-0.6128
2026-05-20 18:52:17.504,0,10,10,0.00,0.0001,0.0001,-0.8239,4.8505,0.0000,-0.0000,0.0000,-0.6128
2026-05-20 18:52:18.004,0,10,10,0.00,-0.0004,-0.0001,-0.8239,4.8505,0.0000,-0.0000,0.0000,-0.6128
2026-05-20 18:52:18.504,0,10,10,0.00,0.0000,-0.0001,-0.8239,4.8505,0.0000,-0.0000,0.0000,-0.6128
2026-05-20 18:52:19.003,0,10,10,0.00,0.0001,0.0001,-0.8239,4.8505,0.0000,-0.0000,0.0000,-0.6128
2026-05-20 18:52:19.504,0,10,10,0.00,-0.0003,0.0000,-0.8239,4.8505,0.0000,-0.0000,0.0000,-0.6128
2026-05-20 18:52:20.004,0,10,10,0.00,0.0000,0.0000,-0.8239,4.8505,0.0000,-0.0000,0.0000,-0.6128
2026-05-20 18:52:20.504,0,10,10,0.00,0.0001,0.0003,-0.8239,4.8505,0.0000,-0.0000,0.0000,-0.6128
2026-05-20 18:52:21.004,0,10,10,0.00,0.0000,0.0000,-0.8239,4.8505,0.0000,-0.0000,0.0000,-0.6128
2026-05-20 18:52:21.504,0,10,10,0.00,0.0000,0.0000,-0.8239,4.8505,0.0000,-0.0000,0.0000,-0.6128
2026-05-20 18:52:22.004,0,10,10,0.00,0.0000,0.0000,-0.8239,4.8505,0.0000,-0.0000,0.0000,-0.6128
2026-05-20 18:52:22.504,0,10,10,0.00,-0.0003,0.0000,-0.8239,4.8505,0.0000,-0.0000,0.0000,-0.6128
2026-05-20 18:52:23.004,0,10,10,0.00,-0.0003,0.0000,-0.8239,4.8505,0.0000,-0.0000,0.0000,-0.6128
2026-05-20 18:52:23.504,0,10,10,0.00,0.0000,0.0001,-0.8239,4.8505,0.0000,-0.0000,0.0000,-0.6128
2026-05-20 18:52:24.004,0,10,10,0.00,-0.0001,0.0000,-0.8239,4.8505,0.0000,-0.0000,0.0000,-0.6128
2026-05-20 18:52:24.504,0,10,10,0.00,0.0003,0.0000,-0.8239,4.8505,0.0000,-0.0000,0.0000,-0.6128
2026-05-20 18:52:25.004,0,10,10,0.00,0.0000,0.0000,-0.8239,4.8505,0.0000,-0.0000,0.0000,-0.6128
2026-05-20 18:52:25.504,0,10,10,0.00,-0.0001,0.0001,-0.8239,4.8505,0.0000,-0.0000,0.0000,-0.6128
2026-05-20 18:52:26.004,0,10,10,0.00,0.0000,0.0000,-0.8239,4.8505,0.0000,-0.0000,0.0000,-0.6128
2026-05-20 18:52:26.504,0,10,10,0.00,0.0000,-0.0003,-0.8239,4.8505,0.0000,-0.0000,0.0000,-0.6128
2026-05-20 18:52:27.004,0,10,10,0.00,0.0005,0.0000,-0.8239,4.8505,0.0000,-0.0000,0.0000,-0.6128
2026-05-20 18:52:27.504,0,10,10,0.00,-0.0003,0.0000,-0.8239,4.8505,0.0000,-0.0000,0.0000,-0.6128
2026-05-20 18:52:28.004,0,10,10,0.00,0.0000,0.0003,-0.8239,4.8505,0.0000,-0.0000,0.0000,-0.6128
2026-05-20 18:52:28.504,0,10,10,0.00,-0.0003,-0.0001,-0.8239,4.8505,0.0000,-0.0000,0.0000,-0.6128
2026-05-20 18:52:29.004,0,10,10,0.00,0.0000,0.0001,-0.8239,4.8505,0.0000,-0.0000,0.0000,-0.6128
2026-05-20 18:52:29.504,0,10,10,0.00,0.0000,-0.0003,-0.8239,4.8505,0.0000,-0.0000,0.0000,-0.6128
2026-05-20 18:52:30.004,0,10,10,0.00,0.0001,-0.0003,-0.8239,4.8505,0.0000,-0.0000,0.0000,-0.6128
2026-05-20 18:52:30.504,0,10,10,0.00,-0.0004,0.0000,-0.8239,4.8505,0.0000,-0.0000,0.0000,-0.6128
2026-05-20 18:52:31.004,0,10,10,0.00,0.0000,0.0000,-0.8239,4.8505,0.0000,-0.0000,0.0000,-0.6128
2026-05-20 18:52:31.504,0,10,10,0.00,0.0000,0.0000,-0.8239,4.8505,0.0000,-0.0000,0.0000,-0.6128
2026-05-20 18:52:32.004,0,10,10,0.00,0.0000,-0.0001,-0.8239,4.8505,0.0000,-0.0000,0.0000,-0.6128
2026-05-20 18:52:32.504,0,10,10,0.00,0.0000,0.0000,-0.8239,4.8505,0.0000,-0.0000,0.0000,-0.6128
2026-05-20 18:52:33.004,0,10,10,0.00,0.0001,-0.0035,-0.8240,4.8505,0.0000,-0.0000,0.0000,-0.6128
2026-05-20 18:52:33.504,0,10,10,0.00,0.0001,-0.0003,-0.8240,4.8505,0.0000,-0.0000,0.0000,-0.6128
2026-05-20 18:52:34.004,0,10,10,0.00,0.0000,0.0003,-0.8241,4.8505,0.0000,-0.0000,0.0000,-0.6128
2026-05-20 18:52:34.504,0,10,10,0.00,0.0000,0.0000,-0.8241,4.8505,0.0000,-0.0000,0.0000,-0.6128
2026-05-20 18:52:35.004,0,10,10,0.00,0.0000,-0.0001,-0.8241,4.8505,0.0000,-0.0000,0.0000,-0.6128
2026-05-20 18:52:35.504,0,10,10,0.00,0.0000,0.0003,-0.8241,4.8505,0.0000,-0.0000,0.0000,-0.6128
2026-05-20 18:52:36.004,0,10,10,0.00,0.0001,-0.0001,-0.8241,4.8505,0.0000,-0.0000,0.0000,-0.6128
2026-05-20 18:52:36.504,0,10,10,0.00,0.0000,0.0000,-0.8241,4.8505,0.0000,-0.0000,0.0000,-0.6128
2026-05-20 18:52:37.004,0,10,10,0.00,0.0001,0.0000,-0.8241,4.8505,0.0000,-0.0000,0.0000,-0.6128
2026-05-20 18:52:37.504,0,10,10,0.00,0.0000,0.0001,-0.8241,4.8505,0.0000,-0.0000,0.0000,-0.6128
2026-05-20 18:52:38.004,0,10,10,0.00,0.0000,0.0000,-0.8241,4.8505,0.0000,-0.0000,0.0000,-0.6128
2026-05-20 18:52:38.503,0,10,10,0.00,0.0000,-0.0003,-0.8241,4.8505,0.0000,-0.0000,0.0000,-0.6128
2026-05-20 18:52:39.004,0,10,10,0.00,0.0000,0.0000,-0.8241,4.8505,0.0000,-0.0000,0.0000,-0.6128
2026-05-20 18:52:39.504,0,10,10,0.00,0.0000,0.0000,-0.8241,4.8505,0.0000,-0.0000,0.0000,-0.6128
2026-05-20 18:52:40.004,0,10,10,0.00,-0.0001,-0.0001,-0.8241,4.8505,0.0000,-0.0000,0.0000,-0.6128
2026-05-20 18:52:40.504,0,10,10,0.00,0.0003,-0.0001,-0.8241,4.8505,0.0000,-0.0000,0.0000,-0.6128
2026-05-20 18:52:41.004,0,10,10,0.00,0.1064,0.0648,-0.8292,4.8503,0.0000,-0.0000,0.0000,-0.6128
2026-05-20 18:52:41.504,0,10,10,0.00,-0.0004,0.0259,-0.8249,4.8513,0.0000,-0.0000,0.0000,-0.6128
2026-05-20 18:52:42.004,0,10,10,0.00,0.0001,0.0000,-0.8234,4.8516,0.0000,-0.0000,0.0000,-0.6128
2026-05-20 18:52:42.504,0,10,10,0.00,-0.0003,0.0004,-0.8233,4.8516,0.0000,-0.0000,0.0000,-0.6128
2026-05-20 18:52:43.004,0,10,10,0.00,0.0001,0.0001,-0.8233,4.8516,0.0000,-0.0000,0.0000,-0.6128
2026-05-20 18:52:43.503,0,10,10,0.00,0.0001,0.0005,-0.8233,4.8516,0.0000,-0.0000,0.0000,-0.6128
2026-05-20 18:52:44.004,0,10,10,0.00,-0.0003,0.0000,-0.8233,4.8516,0.0000,-0.0000,0.0000,-0.6128
2026-05-20 18:52:44.504,0,10,10,0.00,0.0000,0.0003,-0.8233,4.8516,0.0000,-0.0000,0.0000,-0.6128
2026-05-20 18:52:45.004,0,10,10,0.00,0.0001,0.0000,-0.8233,4.8516,0.0000,-0.0000,0.0000,-0.6128
2026-05-20 18:52:45.504,0,10,10,0.00,-0.0003,0.0003,-0.8233,4.8516,0.0000,-0.0000,0.0000,-0.6128
2026-05-20 18:52:46.004,0,10,10,0.00,0.0000,0.0001,-0.8233,4.8516,0.0000,-0.0000,0.0000,-0.6128
2026-05-20 18:52:46.504,0,10,10,0.00,0.0000,0.0001,-0.8233,4.8516,0.0000,-0.0000,0.0000,-0.6128
2026-05-20 18:52:47.004,0,10,10,0.00,0.0000,0.0000,-0.8233,4.8516,0.0000,-0.0000,0.0000,-0.6128
2026-05-20 18:52:47.504,0,10,10,0.00,0.0000,-0.0001,-0.8233,4.8516,0.0000,-0.0000,0.0000,-0.6128
2026-05-20 18:52:48.004,0,10,10,0.00,0.0000,0.0000,-0.8233,4.8516,0.0000,-0.0000,0.0000,-0.6128
2026-05-20 18:52:48.504,0,10,10,0.00,0.0000,0.0000,-0.8233,4.8516,0.0000,-0.0000,0.0000,-0.6128
2026-05-20 18:52:49.004,0,10,10,0.00,0.0001,0.0000,-0.8233,4.8516,0.0000,-0.0000,0.0000,-0.6128
2026-05-20 18:52:49.504,0,10,10,0.00,0.0003,0.0000,-0.8233,4.8516,0.0000,-0.0000,0.0000,-0.6128
2026-05-20 18:52:50.004,0,10,10,0.00,0.0000,0.0000,-0.8233,4.8516,0.0000,-0.0000,0.0000,-0.6128
2026-05-20 18:52:50.504,0,10,10,0.00,0.0000,0.0000,-0.8233,4.8516,0.0000,-0.0000,0.0000,-0.6128
2026-05-20 18:52:51.004,0,10,10,0.00,0.0245,0.0007,-0.8240,4.8514,0.0000,-0.0000,0.0000,-0.6128
2026-05-20 18:52:51.504,0,9,10,0.00,0.1999,0.1681,-0.8333,4.8490,0.0000,-0.0000,0.0000,-0.6128
2026-05-20 18:52:52.004,0,10,10,0.00,0.2385,0.2625,-0.8333,4.8497,0.0000,-0.0000,0.0000,-0.6128
2026-05-20 18:52:52.504,0,10,10,0.00,-0.0213,0.0003,-0.8217,4.8645,0.0000,-0.0000,0.0000,-0.6128
2026-05-20 18:52:53.004,0,9,10,0.00,0.0381,0.0191,-0.8220,4.8641,0.0000,-0.0000,0.0000,-0.6128
2026-05-20 18:52:53.504,0,10,10,0.00,0.0238,0.1227,-0.8233,4.8627,0.0000,-0.0000,0.0000,-0.6128
2026-05-20 18:52:54.004,0,10,10,0.00,0.0000,-0.0001,-0.8201,4.8693,0.0000,-0.0000,0.0000,-0.6128
2026-05-20 18:52:54.504,0,9,10,0.00,0.0068,0.0295,-0.8206,4.8685,0.0000,-0.0000,0.0000,-0.6128
2026-05-20 18:52:55.003,0,10,10,0.00,0.0678,0.0421,-0.8210,4.8674,0.0000,-0.0000,0.0000,-0.6128
2026-05-20 18:52:55.503,0,10,10,0.00,0.1528,0.1844,-0.8220,4.8641,0.0000,-0.0000,0.0000,-0.6128
2026-05-20 18:52:56.004,0,10,10,0.00,-0.0186,-0.0012,-0.8218,4.8737,0.0000,-0.0000,0.0000,-0.6128
2026-05-20 18:52:56.504,0,10,10,0.00,-0.1326,-0.1283,-0.8217,4.8747,0.0000,-0.0000,0.0000,-0.6128
2026-05-20 18:52:57.004,0,10,10,0.00,-0.0093,0.0005,-0.8230,4.8683,0.0000,-0.0000,0.0000,-0.6128
2026-05-20 18:52:57.504,0,10,10,0.00,-0.1954,0.1322,-0.8133,4.9075,0.0000,-0.0000,0.0000,-0.6165
2026-05-20 18:52:58.003,0,10,10,0.00,-0.3354,0.3416,-0.7778,5.0326,0.0000,-0.0000,0.0000,-0.7395
2026-05-20 18:52:58.504,0,10,10,0.00,-0.4584,0.4686,-0.7208,5.2334,0.0000,-0.0000,0.0000,-0.7502
2026-05-20 18:52:59.004,0,10,10,0.00,-0.4499,0.4566,-0.6600,5.4554,0.0000,-0.0000,0.0000,-0.7478
2026-05-20 18:52:59.504,0,10,10,0.00,-0.4524,0.4477,-0.6013,5.6735,0.0000,-0.0000,0.0000,-0.7524
2026-05-20 18:53:00.004,0,10,10,0.00,-0.4538,0.4623,-0.5418,5.8911,0.0000,-0.0000,0.0000,-0.7583
2026-05-20 18:53:00.504,0,10,10,0.00,-0.4516,0.4567,-0.4826,6.1103,0.0000,-0.0000,0.0000,-0.7622
2026-05-20 18:53:01.004,0,10,10,0.00,-0.4509,0.4445,-0.4242,6.3280,0.0000,-0.0000,0.0000,-0.7825
2026-05-20 18:53:01.504,0,10,10,0.00,-0.1919,0.4554,-0.3764,6.5220,0.0000,-0.0000,0.0000,-0.8031
2026-05-20 18:53:02.004,0,10,10,0.00,0.0606,0.4547,-0.3740,6.6427,0.0000,-0.0000,0.0000,-0.8086
2026-05-20 18:53:02.504,0,10,10,0.00,0.2149,0.4482,-0.4042,6.7108,0.0000,-0.0000,0.0000,-0.8084
2026-05-20 18:53:03.004,0,10,10,0.00,0.3666,0.4523,-0.4351,6.7316,0.0000,-0.0000,0.0000,-0.8298
2026-05-20 18:53:03.504,0,10,10,0.00,0.4558,0.4403,-0.4376,6.7324,0.0000,-0.0000,0.0000,-0.8298
2026-05-20 18:53:04.004,0,10,10,0.00,0.1466,0.2189,-0.4419,6.7251,0.0000,-0.0000,0.0000,-0.8298
2026-05-20 18:53:04.503,0,10,10,0.00,0.0022,0.0001,-0.4447,6.7179,0.0000,-0.0000,0.0000,-0.8289
2026-05-20 18:53:05.004,0,10,10,0.00,0.0270,0.0065,-0.4445,6.7187,0.0000,-0.0000,0.0000,-0.8289
2026-05-20 18:53:05.504,0,10,10,0.00,0.0064,0.0329,-0.4443,6.7185,0.0000,-0.0000,0.0000,-0.8289
2026-05-20 18:53:06.004,0,10,10,0.00,-0.0026,-0.0001,-0.4446,6.7176,0.0000,-0.0000,0.0000,-0.8289
2026-05-20 18:53:06.504,0,10,10,0.00,-0.1694,0.1558,-0.4543,6.6813,0.0000,-0.0000,0.0000,-0.8310
2026-05-20 18:53:07.004,0,10,10,0.00,-0.3186,0.2930,-0.4877,6.5598,0.0000,-0.0000,0.0000,-0.7505
2026-05-20 18:53:07.504,0,10,10,0.00,-0.4346,0.4452,-0.5424,6.3682,0.0000,-0.0000,0.0000,-0.8183
2026-05-20 18:53:08.004,0,10,10,0.00,-0.1047,0.1408,-0.5802,6.2296,0.0000,-0.0000,0.0000,-0.7568
2026-05-20 18:53:08.504,0,9,10,0.00,0.0694,-0.0565,-0.5797,6.2315,0.0000,-0.0000,0.0000,-0.7551
2026-05-20 18:53:09.004,0,10,10,0.00,0.0690,-0.2089,-0.5646,6.2976,0.0000,-0.0000,0.0000,-0.7585
2026-05-20 18:53:09.504,0,10,10,0.00,-0.0021,-0.0448,-0.5544,6.3312,0.0000,-0.0000,0.0000,-0.7505
2026-05-20 18:53:10.004,0,10,10,0.00,0.0399,0.0209,-0.5540,6.3323,0.0000,-0.0000,0.0000,-0.7505
2026-05-20 18:53:10.504,0,10,10,0.00,0.0589,0.0796,-0.5523,6.3380,0.0000,-0.0000,0.0000,-0.7504
2026-05-20 18:53:11.004,0,10,10,0.00,-0.0031,0.0000,-0.5529,6.3344,0.0000,-0.0000,0.0000,-0.7504
2026-05-20 18:53:11.504,0,10,10,0.00,0.0978,0.0322,-0.5519,6.3411,0.0000,-0.0000,0.0000,-0.7504
2026-05-20 18:53:12.004,0,10,10,0.00,0.0021,0.0035,-0.5510,6.3482,0.0000,-0.0000,0.0000,-0.7504
2026-05-20 18:53:12.503,0,10,10,0.00,0.0236,-0.0009,-0.5510,6.3487,0.0000,-0.0000,0.0000,-0.7504
2026-05-20 18:53:13.004,0,10,10,0.00,0.0948,-0.1377,-0.5494,6.3864,0.0000,-0.0000,0.0000,-0.7475
2026-05-20 18:53:13.504,0,10,10,0.00,-0.0055,-0.0203,-0.5477,6.4135,0.0000,-0.0000,0.0000,-0.7550
2026-05-20 18:53:14.004,0,10,10,0.00,0.0825,0.0370,-0.5471,6.4196,0.0000,-0.0000,0.0000,-0.7550
2026-05-20 18:53:14.504,0,10,10,0.00,0.0132,0.0399,-0.5468,6.4258,0.0000,-0.0000,0.0000,-0.7550
2026-05-20 18:53:15.004,0,10,10,0.00,0.0003,0.0001,-0.5467,6.4236,0.0000,-0.0000,0.0000,-0.7550
2026-05-20 18:53:15.504,0,10,10,0.00,-0.0658,0.0414,-0.5463,6.4156,0.0000,-0.0000,0.0000,-0.7550
2026-05-20 18:53:16.004,0,10,10,0.00,-0.0747,0.1291,-0.5445,6.3515,0.0000,-0.0000,0.0000,-0.7604
2026-05-20 18:53:16.504,0,10,10,0.00,-0.0013,-0.0274,-0.5440,6.3415,0.0000,-0.0000,0.0000,-0.7580
2026-05-20 18:53:17.004,0,10,10,0.00,-0.1014,-0.0772,-0.5441,6.3376,0.0000,-0.0000,0.0000,-0.7580
2026-05-20 18:53:17.504,0,10,10,0.00,0.0052,0.0000,-0.5440,6.3387,0.0000,-0.0000,0.0000,-0.7565
2026-05-20 18:53:18.004,0,10,10,0.00,-0.1206,-0.0389,-0.5452,6.3291,0.0000,-0.0000,0.0000,-0.7565
2026-05-20 18:53:18.504,0,10,10,0.00,0.0035,0.0004,-0.5471,6.3191,0.0000,-0.0000,0.0000,-0.7565
2026-05-20 18:53:19.004,0,10,10,0.00,-0.0359,-0.0098,-0.5472,6.3184,0.0000,-0.0000,0.0000,-0.7565
2026-05-20 18:53:19.504,0,10,10,0.00,0.0000,-0.0003,-0.5477,6.3167,0.0000,-0.0000,0.0000,-0.7968
2026-05-20 18:53:20.004,0,10,10,0.00,0.0182,-0.0154,-0.5474,6.3175,0.0000,-0.0000,0.0000,-0.7968
2026-05-20 18:53:20.504,0,10,10,0.00,0.0009,-0.0096,-0.5473,6.3181,0.0000,-0.0000,0.0000,-0.7968
2026-05-20 18:53:21.004,0,10,10,0.00,-0.0001,-0.0229,-0.5443,6.3300,0.0000,-0.0000,0.0000,-0.7968
2026-05-20 18:53:21.504,0,10,10,0.00,0.0295,-0.0275,-0.5434,6.3333,0.0000,-0.0000,0.0000,-0.7968
2026-05-20 18:53:22.004,0,10,10,0.00,0.0000,-0.0149,-0.5392,6.3490,0.0000,-0.0000,0.0000,-0.7534
2026-05-20 18:53:22.504,0,10,10,0.00,0.0322,0.0065,-0.5387,6.3508,0.0000,-0.0000,0.0000,-0.7534
2026-05-20 18:53:23.004,0,10,10,0.00,0.0000,0.0003,-0.5382,6.3529,0.0000,-0.0000,0.0000,-0.7534
2026-05-20 18:53:23.504,0,10,10,0.00,0.0376,0.0419,-0.5383,6.3524,0.0000,-0.0000,0.0000,-0.7534
2026-05-20 18:53:24.004,0,10,10,0.00,0.0000,0.0001,-0.5385,6.3515,0.0000,-0.0000,0.0000,-0.7534
2026-05-20 18:53:24.504,0,10,10,0.00,0.0086,0.0096,-0.5382,6.3527,0.0000,-0.0000,0.0000,-0.7534
2026-05-20 18:53:25.004,0,10,10,0.00,-0.0003,0.0003,-0.5383,6.3523,0.0000,-0.0000,0.0000,-0.7534
2026-05-20 18:53:25.504,0,10,10,0.00,0.0000,0.0000,-0.5383,6.3523,0.0000,-0.0000,0.0000,-0.7534
2026-05-20 18:53:26.004,0,10,10,0.00,0.0000,0.0004,-0.5383,6.3523,0.0000,-0.0000,0.0000,-0.7534
2026-05-20 18:53:26.504,0,10,10,0.00,0.0000,0.0000,-0.5383,6.3523,0.0000,-0.0000,0.0000,-0.7534
2026-05-20 18:53:27.004,0,10,10,0.00,0.0000,0.0000,-0.5383,6.3523,0.0000,-0.0000,0.0000,-0.7534
2026-05-20 18:53:27.504,0,10,10,0.00,0.0001,0.0000,-0.5383,6.3523,0.0000,-0.0000,0.0000,-0.7534
2026-05-20 18:53:28.004,0,10,10,0.00,0.0000,0.0000,-0.5383,6.3523,0.0000,-0.0000,0.0000,-0.7534
2026-05-20 18:53:28.504,0,10,10,0.00,-0.0001,0.0003,-0.5383,6.3523,0.0000,-0.0000,0.0000,-0.7534
2026-05-20 18:53:29.004,0,10,10,0.00,0.0001,0.0000,-0.5383,6.3523,0.0000,-0.0000,0.0000,-0.7534
2026-05-20 18:53:29.504,0,10,10,0.00,0.0001,0.0000,-0.5383,6.3523,0.0000,-0.0000,0.0000,-0.7534
2026-05-20 18:53:30.004,0,10,10,0.00,0.0000,0.0001,-0.5383,6.3523,0.0000,-0.0000,0.0000,-0.7534
2026-05-20 18:53:30.504,0,10,10,0.00,0.0000,0.0000,-0.5383,6.3523,0.0000,-0.0000,0.0000,-0.7534
2026-05-20 18:53:31.004,0,10,10,0.00,0.0000,0.0000,-0.5383,6.3523,0.0000,-0.0000,0.0000,-0.7534
2026-05-20 18:53:31.504,0,10,10,0.00,0.0000,0.0000,-0.5383,6.3523,0.0000,-0.0000,0.0000,-0.7534
2026-05-20 18:53:32.004,0,10,10,0.00,0.0000,0.0000,-0.5383,6.3523,0.0000,-0.0000,0.0000,-0.7534
2026-05-20 18:53:32.504,0,10,10,0.00,0.0000,0.0000,-0.5383,6.3523,0.0000,-0.0000,0.0000,-0.7534
2026-05-20 18:53:33.004,0,10,10,0.00,0.0000,0.0000,-0.5383,6.3523,0.0000,-0.0000,0.0000,-0.7534
2026-05-20 18:53:33.503,0,10,10,0.00,0.0000,0.0000,-0.5383,6.3523,0.0000,-0.0000,0.0000,-0.7534
2026-05-20 18:53:34.004,0,10,10,0.00,0.0000,0.0004,-0.5383,6.3523,0.0000,-0.0000,0.0000,-0.7534
2026-05-20 18:53:34.504,0,10,10,0.00,0.0005,-0.0001,-0.5383,6.3523,0.0000,-0.0000,0.0000,-0.7534
2026-05-20 18:53:35.004,0,10,10,0.00,0.0001,0.0000,-0.5383,6.3523,0.0000,-0.0000,0.0000,-0.7534
2026-05-20 18:53:35.504,0,10,10,0.00,0.0000,0.0000,-0.5383,6.3523,0.0000,-0.0000,0.0000,-0.7534
2026-05-20 18:53:36.004,0,10,10,0.00,0.0000,0.0001,-0.5383,6.3523,0.0000,-0.0000,0.0000,-0.7534
2026-05-20 18:53:36.504,0,10,10,0.00,0.0000,0.0000,-0.5383,6.3523,0.0000,-0.0000,0.0000,-0.7534
2026-05-20 18:53:37.004,0,10,10,0.00,0.0001,0.0000,-0.5383,6.3523,0.0000,-0.0000,0.0000,-0.7534
2026-05-20 18:53:37.504,0,10,10,0.00,-0.0001,0.0000,-0.5383,6.3523,0.0000,-0.0000,0.0000,-0.7534
2026-05-20 18:53:38.004,0,10,10,0.00,-0.0001,0.0000,-0.5383,6.3523,0.0000,-0.0000,0.0000,-0.7534
2026-05-20 18:53:38.504,0,10,10,0.00,0.0000,0.0000,-0.5383,6.3523,0.0000,-0.0000,0.0000,-0.7534
2026-05-20 18:53:39.004,0,10,10,0.00,0.0000,0.0000,-0.5383,6.3523,0.0000,-0.0000,0.0000,-0.7534
2026-05-20 18:53:39.505,0,10,10,0.00,0.0000,-0.0001,-0.5383,6.3523,0.0000,-0.0000,0.0000,-0.7534
2026-05-20 18:53:40.004,0,10,10,0.00,-0.0001,0.0000,-0.5383,6.3523,0.0000,-0.0000,0.0000,-0.7534
2026-05-20 18:53:40.504,0,10,10,0.00,-0.0003,0.0003,-0.5383,6.3523,0.0000,-0.0000,0.0000,-0.7534
2026-05-20 18:53:41.004,0,10,10,0.00,-0.0003,-0.0001,-0.5383,6.3523,0.0000,-0.0000,0.0000,-0.7534
2026-05-20 18:53:41.504,0,10,10,0.00,0.0000,-0.0001,-0.5383,6.3523,0.0000,-0.0000,0.0000,-0.7534
2026-05-20 18:53:42.004,0,10,10,0.00,0.0000,-0.0001,-0.5383,6.3523,0.0000,-0.0000,0.0000,-0.7534
2026-05-20 18:53:42.504,0,10,10,0.00,0.0001,-0.0001,-0.5383,6.3523,0.0000,-0.0000,0.0000,-0.7534
2026-05-20 18:53:43.004,0,10,10,0.00,0.0004,0.0000,-0.5383,6.3523,0.0000,-0.0000,0.0000,-0.7534
2026-05-20 18:53:43.504,0,10,10,0.00,0.0003,-0.0001,-0.5383,6.3523,0.0000,-0.0000,0.0000,-0.7534
2026-05-20 18:53:44.004,0,10,10,0.00,0.0000,0.0000,-0.5383,6.3523,0.0000,-0.0000,0.0000,-0.7534
2026-05-20 18:53:44.504,0,10,10,0.00,0.0000,0.0000,-0.5383,6.3523,0.0000,-0.0000,0.0000,-0.7534
2026-05-20 18:53:45.004,0,10,10,0.00,0.0000,0.0000,-0.5383,6.3523,0.0000,-0.0000,0.0000,-0.7534
2026-05-20 18:53:45.504,0,10,10,0.00,0.0000,0.0000,-0.5383,6.3523,0.0000,-0.0000,0.0000,-0.7534
2026-05-20 18:53:46.004,0,10,10,0.00,0.0000,-0.0003,-0.5383,6.3523,0.0000,-0.0000,0.0000,-0.7534
2026-05-20 18:53:46.504,0,10,10,0.00,0.0000,0.0001,-0.5383,6.3523,0.0000,-0.0000,0.0000,-0.7534
2026-05-20 18:53:47.004,0,10,10,0.00,0.0000,0.0000,-0.5383,6.3523,0.0000,-0.0000,0.0000,-0.7534
2026-05-20 18:53:47.504,0,10,10,0.00,0.0000,0.0000,-0.5383,6.3523,0.0000,-0.0000,0.0000,-0.7534
2026-05-20 18:53:48.004,0,10,10,0.00,0.0000,-0.0003,-0.5383,6.3523,0.0000,-0.0000,0.0000,-0.7534
2026-05-20 18:53:48.504,0,9,10,0.00,-0.0266,0.0145,-0.5386,6.3507,0.0000,-0.0000,0.0000,-0.7534
2026-05-20 18:53:49.004,0,10,10,0.00,-0.0089,0.0452,-0.5442,6.3215,0.0000,-0.0000,0.0000,-0.7534
2026-05-20 18:53:49.504,0,9,10,0.00,-0.0297,0.0165,-0.5449,6.3175,0.0000,-0.0000,0.0000,-0.7568
2026-05-20 18:53:50.004,0,10,10,0.00,-0.0174,0.0687,-0.5510,6.2844,0.0000,-0.0000,0.0000,-0.7535
2026-05-20 18:53:50.504,0,10,10,0.00,-0.0236,-0.0085,-0.5520,6.2783,0.0000,-0.0000,0.0000,-0.7508
2026-05-20 18:53:51.004,0,9,10,0.00,-0.0089,-0.0161,-0.5525,6.2753,0.0000,-0.0000,0.0000,-0.7508
2026-05-20 18:53:51.504,0,10,10,0.00,-0.0001,-0.0014,-0.5523,6.2760,0.0000,-0.0000,0.0000,-0.7508
2026-05-20 18:53:52.004,0,10,10,0.00,0.0000,-0.0001,-0.5523,6.2760,0.0000,-0.0000,0.0000,-0.7508
2026-05-20 18:53:52.504,0,10,10,0.00,0.0001,-0.0001,-0.5523,6.2760,0.0000,-0.0000,0.0000,-0.7508
2026-05-20 18:53:53.004,0,10,10,0.00,0.0001,-0.0001,-0.5523,6.2760,0.0000,-0.0000,0.0000,-0.7508
2026-05-20 18:53:53.504,0,10,10,0.00,0.0000,0.0000,-0.5523,6.2760,0.0000,-0.0000,0.0000,-0.7508
2026-05-20 18:53:54.004,0,10,10,0.00,-0.0001,0.0004,-0.5523,6.2760,0.0000,-0.0000,0.0000,-0.7508
2026-05-20 18:53:54.504,0,10,10,0.00,0.0000,0.0000,-0.5523,6.2760,0.0000,-0.0000,0.0000,-0.7508
2026-05-20 18:53:55.004,0,10,10,0.00,0.0000,0.0000,-0.5523,6.2760,0.0000,-0.0000,0.0000,-0.7508
2026-05-20 18:53:55.504,0,10,10,0.00,0.0004,0.0000,-0.5523,6.2760,0.0000,-0.0000,0.0000,-0.7508
2026-05-20 18:53:56.004,0,10,10,0.00,0.0004,-0.0001,-0.5523,6.2760,0.0000,-0.0000,0.0000,-0.7508
2026-05-20 18:53:56.504,0,10,10,0.00,-0.0001,0.0000,-0.5523,6.2760,0.0000,-0.0000,0.0000,-0.7508
2026-05-20 18:53:57.004,0,10,10,0.00,0.0001,0.0000,-0.5523,6.2760,0.0000,-0.0000,0.0000,-0.7508
2026-05-20 18:53:57.504,0,10,10,0.00,0.0001,0.0001,-0.5523,6.2760,0.0000,-0.0000,0.0000,-0.7508
2026-05-20 18:53:58.004,0,10,10,0.00,0.0000,0.0000,-0.5523,6.2760,0.0000,-0.0000,0.0000,-0.7508
2026-05-20 18:53:58.504,0,10,10,0.00,0.0001,0.0001,-0.5523,6.2760,0.0000,-0.0000,0.0000,-0.7508
2026-05-20 18:53:59.004,0,10,10,0.00,0.0000,0.0001,-0.5523,6.2760,0.0000,-0.0000,0.0000,-0.7508
2026-05-20 18:53:59.503,0,10,10,0.00,0.0000,0.0001,-0.5523,6.2760,0.0000,-0.0000,0.0000,-0.7508
2026-05-20 18:54:00.004,0,10,10,0.00,0.0000,-0.0001,-0.5523,6.2760,0.0000,-0.0000,0.0000,-0.7508
2026-05-20 18:54:00.503,0,10,10,0.00,-0.0001,0.0000,-0.5523,6.2760,0.0000,-0.0000,0.0000,-0.7508
2026-05-20 18:54:01.004,0,10,10,0.00,0.0000,0.0000,-0.5523,6.2760,0.0000,-0.0000,0.0000,-0.7508
2026-05-20 18:54:01.504,0,10,10,0.00,0.0003,0.0000,-0.5523,6.2760,0.0000,-0.0000,0.0000,-0.7508
2026-05-20 18:54:02.004,0,10,10,0.00,0.0000,-0.0001,-0.5523,6.2760,0.0000,-0.0000,0.0000,-0.7508
2026-05-20 18:54:02.504,0,10,10,0.00,-0.0003,0.0000,-0.5523,6.2760,0.0000,-0.0000,0.0000,-0.7508
2026-05-20 18:54:03.004,0,10,10,0.00,-0.0001,0.0000,-0.5523,6.2760,0.0000,-0.0000,0.0000,-0.7508
2026-05-20 18:54:03.504,0,10,10,0.00,0.0001,0.0000,-0.5523,6.2760,0.0000,-0.0000,0.0000,-0.7508
2026-05-20 18:54:04.004,0,10,10,0.00,-0.0005,0.0000,-0.5523,6.2760,0.0000,-0.0000,0.0000,-0.7508
2026-05-20 18:54:04.504,0,10,10,0.00,0.0000,0.0000,-0.5523,6.2760,0.0000,-0.0000,0.0000,-0.7508
2026-05-20 18:54:05.004,0,10,10,0.00,0.0000,0.0000,-0.5523,6.2760,0.0000,-0.0000,0.0000,-0.7508
2026-05-20 18:54:05.504,0,10,10,0.00,0.0000,0.0000,-0.5523,6.2760,0.0000,-0.0000,0.0000,-0.7508
2026-05-20 18:54:06.004,0,10,10,0.00,0.0000,0.0000,-0.5523,6.2760,0.0000,-0.0000,0.0000,-0.7508
2026-05-20 18:54:06.504,0,10,10,0.00,0.0000,0.0000,-0.5523,6.2760,0.0000,-0.0000,0.0000,-0.7508
2026-05-20 18:54:07.004,0,10,10,0.00,-0.0001,0.0000,-0.5523,6.2760,0.0000,-0.0000,0.0000,-0.7508
2026-05-20 18:54:07.503,0,10,10,0.00,0.0001,0.0003,-0.5523,6.2760,0.0000,-0.0000,0.0000,-0.7508
2026-05-20 18:54:08.007,0,10,10,0.00,-0.0003,0.0000,-0.5523,6.2760,0.0000,-0.0000,0.0000,-0.7508
2026-05-20 18:54:08.504,0,10,10,0.00,0.0001,-0.0001,-0.5523,6.2760,0.0000,-0.0000,0.0000,-0.7508
2026-05-20 18:54:09.004,0,10,10,0.00,0.0000,-0.0003,-0.5523,6.2760,0.0000,-0.0000,0.0000,-0.7508
2026-05-20 18:54:09.504,0,10,10,0.00,0.0001,-0.0003,-0.5523,6.2760,0.0000,-0.0000,0.0000,-0.7508
2026-05-20 18:54:10.004,0,10,10,0.00,0.0003,0.0000,-0.5523,6.2760,0.0000,-0.0000,0.0000,-0.7508
2026-05-20 18:54:10.503,0,10,10,0.00,0.0000,0.0001,-0.5523,6.2760,0.0000,-0.0000,0.0000,-0.7508
2026-05-20 18:54:11.004,0,10,10,0.00,-0.0001,0.0000,-0.5523,6.2760,0.0000,-0.0000,0.0000,-0.7508
2026-05-20 18:54:11.504,0,10,10,0.00,0.0001,-0.0001,-0.5523,6.2760,0.0000,-0.0000,0.0000,-0.7508
2026-05-20 18:54:12.004,0,10,10,0.00,0.0003,0.0000,-0.5523,6.2760,0.0000,-0.0000,0.0000,-0.7508
2026-05-20 18:54:12.504,0,10,10,0.00,0.0003,0.0003,-0.5523,6.2760,0.0000,-0.0000,0.0000,-0.7508
2026-05-20 18:54:13.004,0,10,10,0.00,0.0000,0.0000,-0.5523,6.2760,0.0000,-0.0000,0.0000,-0.7508
2026-05-20 18:54:13.504,0,10,10,0.00,0.0000,-0.0003,-0.5523,6.2760,0.0000,-0.0000,0.0000,-0.7508
2026-05-20 18:54:14.004,0,10,10,0.00,0.0000,-0.0003,-0.5523,6.2760,0.0000,-0.0000,0.0000,-0.7508
2026-05-20 18:54:14.504,0,10,10,0.00,0.0000,0.0000,-0.5523,6.2760,0.0000,-0.0000,0.0000,-0.7508
2026-05-20 18:54:15.004,0,10,10,0.00,-0.0001,0.0000,-0.5523,6.2760,0.0000,-0.0000,0.0000,-0.7508
2026-05-20 18:54:15.504,0,10,10,0.00,0.0001,-0.0001,-0.5523,6.2760,0.0000,-0.0000,0.0000,-0.7508
2026-05-20 18:54:16.004,0,10,10,0.00,-0.0001,0.0000,-0.5523,6.2760,0.0000,-0.0000,0.0000,-0.7508
2026-05-20 18:54:16.504,0,10,10,0.00,0.0000,0.0000,-0.5523,6.2760,0.0000,-0.0000,0.0000,-0.7508
2026-05-20 18:54:17.004,0,10,10,0.00,0.0000,-0.0001,-0.5523,6.2760,0.0000,-0.0000,0.0000,-0.7508
2026-05-20 18:54:17.503,0,10,10,0.00,-0.0003,0.0001,-0.5523,6.2760,0.0000,-0.0000,0.0000,-0.7508
2026-05-20 18:54:18.004,0,10,10,0.00,0.0003,-0.0003,-0.5523,6.2760,0.0000,-0.0000,0.0000,-0.7508
2026-05-20 18:54:18.504,0,10,10,0.00,0.0000,0.0000,-0.5523,6.2760,0.0000,-0.0000,0.0000,-0.7508
2026-05-20 18:54:19.004,0,10,10,0.00,0.0000,0.0001,-0.5523,6.2760,0.0000,-0.0000,0.0000,-0.7508
2026-05-20 18:54:19.504,0,10,10,0.00,0.0003,0.0001,-0.5523,6.2760,0.0000,-0.0000,0.0000,-0.7508
2026-05-20 18:54:20.004,0,10,10,0.00,-0.0001,0.0000,-0.5523,6.2760,0.0000,-0.0000,0.0000,-0.7508
2026-05-20 18:54:20.504,0,10,10,0.00,0.0000,0.0003,-0.5523,6.2760,0.0000,-0.0000,0.0000,-0.7508
2026-05-20 18:54:21.004,0,10,10,0.00,0.0004,0.0001,-0.5523,6.2760,0.0000,-0.0000,0.0000,-0.7508
2026-05-20 18:54:21.504,0,10,10,0.00,-0.0001,0.0000,-0.5523,6.2760,0.0000,-0.0000,0.0000,-0.7508
2026-05-20 18:54:22.003,0,10,10,0.00,0.0001,0.0000,-0.5523,6.2760,0.0000,-0.0000,0.0000,-0.7508
2026-05-20 18:54:22.504,0,10,10,0.00,0.0000,0.0001,-0.5523,6.2760,0.0000,-0.0000,0.0000,-0.7508
2026-05-20 18:54:23.004,0,10,10,0.00,0.0000,0.0003,-0.5523,6.2760,0.0000,-0.0000,0.0000,-0.7508
2026-05-20 18:54:23.504,0,10,10,0.00,-0.0004,0.0000,-0.5523,6.2760,0.0000,-0.0000,0.0000,-0.7508
2026-05-20 18:54:24.004,0,10,10,0.00,0.0000,-0.0001,-0.5523,6.2760,0.0000,-0.0000,0.0000,-0.7508
2026-05-20 18:54:24.504,0,10,10,0.00,0.0000,0.0000,-0.5523,6.2760,0.0000,-0.0000,0.0000,-0.7508
2026-05-20 18:54:25.004,0,10,10,0.00,-0.0001,-0.0001,-0.5523,6.2760,0.0000,-0.0000,0.0000,-0.7508
2026-05-20 18:54:25.504,0,10,10,0.00,0.0001,0.0000,-0.5523,6.2760,0.0000,-0.0000,0.0000,-0.7508
2026-05-20 18:54:26.004,0,10,10,0.00,-0.0001,0.0000,-0.5523,6.2760,0.0000,-0.0000,0.0000,-0.7508
2026-05-20 18:54:26.504,0,10,10,0.00,0.0000,0.0000,-0.5523,6.2760,0.0000,-0.0000,0.0000,-87.1926
2026-05-20 18:54:27.004,0,10,10,0.00,0.0000,0.0000,-0.5523,6.2760,0.0000,-0.0000,0.0000,-87.1926
2026-05-20 18:54:27.504,0,10,10,0.00,0.0000,0.0001,-0.5523,6.2760,0.0000,-0.0000,0.0000,-87.1926
2026-05-20 18:54:28.004,0,10,10,0.00,0.0000,0.0000,-0.5523,6.2760,0.0000,-0.0000,0.0000,-87.1926
2026-05-20 18:54:28.504,0,10,10,0.00,0.0000,-0.0001,-0.5523,6.2760,0.0000,-0.0000,0.0000,-87.1926
2026-05-20 18:54:29.004,0,10,10,0.00,0.0000,0.0000,-0.5523,6.2760,0.0000,-0.0000,0.0000,-87.1926
2026-05-20 18:54:29.504,0,10,10,0.00,0.0017,-0.0001,-0.5523,6.2761,0.0000,-0.0000,0.0000,-87.1926
2026-05-20 18:54:30.004,0,10,10,0.00,0.1672,-0.1423,-0.5439,6.3132,0.0000,-0.0000,0.0000,-88.9017
2026-05-20 18:54:30.504,0,10,10,0.00,0.2052,-0.3151,-0.5201,6.4215,0.0000,-0.0000,0.0000,-88.2666
2026-05-20 18:54:31.004,0,10,10,0.00,0.3694,-0.4397,-0.4691,6.5872,0.0000,-0.0000,0.0000,-92.3255
2026-05-20 18:54:31.507,0,10,10,0.00,0.4525,-0.4767,-0.3897,6.8006,0.0000,-0.0000,0.0000,-94.6749
2026-05-20 18:54:32.004,0,10,10,0.00,0.1814,-0.1734,-0.3314,6.9508,0.0000,-0.0000,0.0000,-96.1026
2026-05-20 18:54:32.504,0,10,10,0.00,0.0000,0.0622,-0.3267,6.9628,0.0000,-0.0000,0.0000,-96.3921
2026-05-20 18:54:33.004,0,10,10,0.00,0.0001,0.0161,-0.3313,6.9492,0.0000,-0.0000,0.0000,-96.3921
2026-05-20 18:54:33.503,0,10,10,0.00,0.0000,0.0009,-0.3317,6.9480,0.0000,-0.0000,0.0000,-96.3921
2026-05-20 18:54:34.004,0,10,10,0.00,0.1151,-0.0708,-0.3267,6.9646,0.0000,-0.0000,0.0000,-96.3921
2026-05-20 18:54:34.504,0,10,10,0.00,0.2678,-0.2858,-0.3020,7.0561,0.0000,-0.0000,0.0000,-95.4844
2026-05-20 18:54:35.004,0,10,10,0.00,0.4377,-0.4550,-0.2473,7.2512,0.0000,-0.0000,0.0000,-93.4636
2026-05-20 18:54:35.504,0,9,10,0.00,0.1501,-0.2242,-0.2048,7.3898,0.0000,-0.0000,0.0000,-92.7158
2026-05-20 18:54:36.004,0,9,10,0.00,-0.0733,0.0670,-0.2027,7.3961,0.0000,-0.0000,0.0000,-92.7336
2026-05-20 18:54:36.504,0,10,10,0.00,-0.2486,0.1872,-0.2290,7.3273,0.0000,-0.0000,0.0000,-93.0454
2026-05-20 18:54:37.004,0,10,10,0.00,-0.3944,0.4038,-0.2904,7.1818,0.0000,-0.0000,0.0000,-96.4807
2026-05-20 18:54:37.504,0,10,10,0.00,-0.4193,0.4800,-0.3819,6.9646,0.0000,-0.0000,0.0000,-96.5149
2026-05-20 18:54:38.004,0,10,10,0.00,-0.3792,0.4051,-0.4582,6.7712,0.0000,-0.0000,0.0000,-96.5181
2026-05-20 18:54:38.503,0,10,10,0.00,-0.0457,0.0944,-0.4976,6.6630,0.0000,-0.0000,0.0000,-96.5206
2026-05-20 18:54:39.004,0,10,10,0.00,0.0003,-0.0513,-0.4962,6.6671,0.0000,-0.0000,0.0000,-96.5169
2026-05-20 18:54:39.504,0,10,10,0.00,0.0004,-0.0334,-0.4948,6.6712,0.0000,-0.0000,0.0000,-96.5169
2026-05-20 18:54:40.004,0,10,10,0.00,0.0000,-0.0137,-0.4928,6.6765,0.0000,-0.0000,0.0000,-96.5169
2026-05-20 18:54:40.504,0,10,10,0.00,0.0000,0.0186,-0.4930,6.6761,0.0000,-0.0000,0.0000,-96.5169
2026-05-20 18:54:41.004,0,10,10,0.00,-0.0005,0.1797,-0.5003,6.6543,0.0000,-0.0000,0.0000,-96.5169
2026-05-20 18:54:41.504,0,10,10,0.00,-0.0007,0.2816,-0.5115,6.5815,0.0000,-0.0000,0.0000,-96.5181
2026-05-20 18:54:42.004,0,10,10,0.00,0.0001,-0.0342,-0.5110,6.5580,0.0000,-0.0000,0.0000,-96.5173
2026-05-20 18:54:42.504,0,10,10,0.00,0.1018,0.0003,-0.5121,6.5726,0.0000,-0.0000,0.0000,-96.5173
2026-05-20 18:54:43.004,0,10,10,0.00,-0.0001,-0.0005,-0.5125,6.5771,0.0000,-0.0000,0.0000,-96.5173
2026-05-20 18:54:43.504,0,10,10,0.00,-0.0271,-0.0001,-0.5124,6.5754,0.0000,-0.0000,0.0000,-96.5173
2026-05-20 18:54:44.004,0,10,10,0.00,-0.2070,0.1711,-0.5092,6.5260,0.0000,-0.0000,0.0000,-96.5173
2026-05-20 18:54:44.504,0,10,10,0.00,-0.0500,0.0000,-0.5077,6.4613,0.0000,-0.0000,0.0000,-96.5134
2026-05-20 18:54:45.004,0,10,10,0.00,0.0338,0.0000,-0.5077,6.4657,0.0000,-0.0000,0.0000,-96.5134
2026-05-20 18:54:45.504,0,10,10,0.00,0.0077,-0.0154,-0.5080,6.4836,0.0000,-0.0000,0.0000,-96.5134
2026-05-20 18:54:46.004,0,10,10,0.00,-0.0026,0.0000,-0.5079,6.4817,0.0000,-0.0000,0.0000,-96.5134
2026-05-20 18:54:46.504,0,10,10,0.00,-0.1300,0.0065,-0.5078,6.4665,0.0000,-0.0000,0.0000,-96.5134
2026-05-20 18:54:47.004,0,10,10,0.00,-0.1429,0.0000,-0.5125,6.4185,0.0000,-0.0000,0.0000,-96.5146
2026-05-20 18:54:47.504,0,10,10,0.00,-0.0360,0.0259,-0.5144,6.4092,0.0000,-0.0000,0.0000,-96.5133
2026-05-20 18:54:48.004,0,10,10,0.00,-0.1517,0.1703,-0.5281,6.3519,0.0000,-0.0000,0.0000,-96.5206
2026-05-20 18:54:48.504,0,10,10,0.00,0.0123,-0.0009,-0.5343,6.3259,0.0000,-0.0000,0.0000,-96.5208
2026-05-20 18:54:49.004,0,10,10,0.00,0.0044,-0.0060,-0.5320,6.3378,0.0000,-0.0000,0.0000,-96.5208
2026-05-20 18:54:49.504,0,10,10,0.00,0.0000,0.0094,-0.5320,6.3377,0.0000,-0.0000,0.0000,-96.5208
2026-05-20 18:54:50.004,0,10,10,0.00,0.0000,0.0280,-0.5322,6.3364,0.0000,-0.0000,0.0000,-96.5208
2026-05-20 18:54:50.504,0,10,10,0.00,0.0004,-0.0003,-0.5337,6.3276,0.0000,-0.0000,0.0000,-96.5208
2026-05-20 18:54:51.004,0,10,10,0.00,-0.0001,-0.0174,-0.5320,6.3374,0.0000,-0.0000,0.0000,-96.5208
2026-05-20 18:54:51.504,0,10,10,0.00,-0.0001,-0.0005,-0.5320,6.3377,0.0000,-0.0000,0.0000,-96.5208
2026-05-20 18:54:52.004,0,10,10,0.00,-0.0001,-0.0005,-0.5320,6.3377,0.0000,-0.0000,0.0000,-96.5208
2026-05-20 18:54:52.504,0,10,10,0.00,0.0001,0.0004,-0.5320,6.3377,0.0000,-0.0000,0.0000,-96.5208
2026-05-20 18:54:53.004,0,9,10,0.00,0.0001,0.0000,-0.5320,6.3377,0.0000,-0.0000,0.0000,-96.5208
2026-05-20 18:54:53.504,0,9,10,0.00,0.1267,-0.0764,-0.5282,6.3588,0.0000,-0.0000,0.0000,-96.5208
2026-05-20 18:54:54.004,0,10,10,0.00,0.2821,-0.2856,-0.5123,6.4624,0.0000,-0.0000,0.0000,-96.5339
2026-05-20 18:54:54.504,0,10,10,0.00,0.4472,-0.4163,-0.4852,6.6444,0.0000,-0.0000,0.0000,-96.5329
2026-05-20 18:54:55.004,0,10,10,0.00,0.4359,-0.4773,-0.4513,6.8658,0.0000,-0.0000,0.0000,-96.5238
2026-05-20 18:54:55.504,0,10,10,0.00,0.4534,-0.4583,-0.4101,7.0887,0.0000,-0.0000,0.0000,-96.5064
2026-05-20 18:54:56.004,0,10,10,0.00,0.4529,-0.4457,-0.3695,7.3100,0.0000,-0.0000,0.0000,-96.5070
2026-05-20 18:54:56.504,0,10,10,0.00,0.4064,-0.4422,-0.3301,7.5299,0.0000,-0.0000,0.0000,-96.5414
2026-05-20 18:54:57.004,0,10,10,0.00,0.0559,-0.1224,-0.3053,7.6497,0.0000,-0.0000,0.0000,-96.5302
2026-05-20 18:54:57.504,0,10,10,0.00,-0.0017,0.0539,-0.3059,7.6469,0.0000,-0.0000,0.0000,-96.5219
2026-05-20 18:54:58.004,0,10,10,0.00,0.0000,0.0101,-0.3072,7.6411,0.0000,-0.0000,0.0000,-96.5219
2026-05-20 18:54:58.504,0,10,10,0.00,0.0000,0.0046,-0.3076,7.6391,0.0000,-0.0000,0.0000,-96.5219
2026-05-20 18:54:59.003,0,9,10,0.00,0.0001,0.0268,-0.3092,7.6306,0.0000,-0.0000,0.0000,-96.5219
2026-05-20 18:54:59.504,0,10,10,0.00,-0.0001,0.0001,-0.3092,7.6305,0.0000,-0.0000,0.0000,-96.5219
2026-05-20 18:55:00.004,0,10,10,0.00,-0.0132,0.0678,-0.3146,7.6010,0.0000,-0.0000,0.0000,-96.5593
2026-05-20 18:55:00.504,0,10,10,0.00,0.0003,-0.0755,-0.3141,7.6036,0.0000,-0.0000,0.0000,-96.5704
2026-05-20 18:55:01.004,0,10,10,0.00,0.0001,-0.0550,-0.3090,7.6256,0.0000,-0.0000,0.0000,-96.5704
2026-05-20 18:55:01.504,0,10,10,0.00,-0.0144,0.0077,-0.3088,7.6263,0.0000,-0.0000,0.0000,-96.5656
2026-05-20 18:55:02.004,0,10,10,0.00,-0.0833,0.1583,-0.3165,7.5963,0.0000,-0.0000,0.0000,-96.5656
2026-05-20 18:55:02.504,0,10,10,0.00,-0.2536,0.3232,-0.3365,7.4890,0.0000,-0.0000,0.0000,-96.5142
2026-05-20 18:55:03.004,0,10,10,0.00,-0.3970,0.4883,-0.3571,7.3014,0.0000,-0.0000,0.0000,-96.5106
2026-05-20 18:55:03.504,0,10,10,0.00,-0.4541,0.4146,-0.3686,7.0710,0.0000,-0.0000,0.0000,-96.5439
2026-05-20 18:55:04.004,0,10,10,0.00,-0.4474,0.2977,-0.3829,6.8626,0.0000,-0.0000,0.0000,-96.5175
2026-05-20 18:55:04.504,0,10,10,0.00,-0.4554,0.2186,-0.4167,6.6956,0.0000,-0.0000,0.0000,-96.5268
2026-05-20 18:55:05.004,0,10,10,0.00,-0.4491,0.4098,-0.4886,6.5166,0.0000,-0.0000,0.0000,-96.5245
2026-05-20 18:55:05.504,0,10,10,0.00,-0.2551,0.3797,-0.5691,6.3264,0.0000,-0.0000,0.0000,-96.5245
2026-05-20 18:55:06.004,0,10,10,0.00,0.0339,-0.0027,-0.5869,6.2732,0.0000,-0.0000,0.0000,-96.5097
2026-05-20 18:55:06.504,0,10,10,0.00,0.0851,-0.1402,-0.5794,6.2982,0.0000,-0.0000,0.0000,-96.5097
2026-05-20 18:55:07.004,0,10,10,0.00,0.2529,-0.2907,-0.5477,6.3924,0.0000,-0.0000,0.0000,-96.5086
2026-05-20 18:55:07.504,0,10,10,0.00,0.2079,-0.0842,-0.5090,6.5085,0.0000,-0.0000,0.0000,-96.5259
2026-05-20 18:55:08.004,0,10,10,0.00,-0.0067,0.0000,-0.5053,6.5229,0.0000,-0.0000,0.0000,-96.4852
2026-05-20 18:55:08.504,0,10,10,0.00,-0.0008,-0.0139,-0.5049,6.5248,0.0000,-0.0000,0.0000,-96.4852
2026-05-20 18:55:09.004,0,10,10,0.00,0.0001,-0.0071,-0.5033,6.5315,0.0000,-0.0000,0.0000,-96.4852
2026-05-20 18:55:09.504,0,10,10,0.00,0.0000,-0.0695,-0.5003,6.5423,0.0000,-0.0000,0.0000,-96.4852
2026-05-20 18:55:10.004,0,10,10,0.00,-0.0001,0.0001,-0.4986,6.5477,0.0000,-0.0000,0.0000,-96.5005
2026-05-20 18:55:10.504,0,10,10,0.00,-0.0631,0.0901,-0.5026,6.5350,0.0000,-0.0000,0.0000,-96.5005
2026-05-20 18:55:11.004,0,10,10,0.00,-0.2464,0.2960,-0.5299,6.4433,0.0000,-0.0000,0.0000,-96.4977
2026-05-20 18:55:11.504,0,10,10,0.00,0.0096,0.1335,-0.5498,6.3618,0.0000,-0.0000,0.0000,-96.5035
2026-05-20 18:55:12.003,0,10,10,0.00,-0.0243,-0.0003,-0.5507,6.3560,0.0000,-0.0000,0.0000,-96.4971
2026-05-20 18:55:12.504,0,10,10,0.00,-0.1423,-0.0079,-0.5554,6.3312,0.0000,-0.0000,0.0000,-96.5006
2026-05-20 18:55:13.004,0,10,10,0.00,0.0000,0.0141,-0.5569,6.3254,0.0000,-0.0000,0.0000,-96.5006
2026-05-20 18:55:13.504,0,10,10,0.00,0.0009,0.0158,-0.5586,6.3184,0.0000,-0.0000,0.0000,-96.5011
2026-05-20 18:55:14.004,0,10,10,0.00,0.0008,0.0000,-0.5572,6.3247,0.0000,-0.0000,0.0000,-96.5011
2026-05-20 18:55:14.504,0,10,10,0.00,0.0292,0.0000,-0.5568,6.3268,0.0000,-0.0000,0.0000,-96.5011
2026-05-20 18:55:15.004,0,10,10,0.00,0.0000,-0.0001,-0.5567,6.3271,0.0000,-0.0000,0.0000,-96.5011
2026-05-20 18:55:15.504,0,10,10,0.00,0.0000,0.0000,-0.5567,6.3271,0.0000,-0.0000,0.0000,-96.5011
2026-05-20 18:55:16.004,0,10,10,0.00,0.0000,0.0000,-0.5567,6.3271,0.0000,-0.0000,0.0000,-96.5011
2026-05-20 18:55:16.504,0,10,10,0.00,0.0000,0.0000,-0.5567,6.3271,0.0000,-0.0000,0.0000,-96.5011
2026-05-20 18:55:17.004,0,10,10,0.00,0.0000,0.0000,-0.5567,6.3271,0.0000,-0.0000,0.0000,-96.5011
2026-05-20 18:55:17.504,0,10,10,0.00,0.0000,0.0000,-0.5567,6.3271,0.0000,-0.0000,0.0000,-96.5011
2026-05-20 18:55:18.004,0,10,10,0.00,0.0001,0.0000,-0.5567,6.3271,0.0000,-0.0000,0.0000,-96.5011
2026-05-20 18:55:18.504,0,10,10,0.00,-0.0001,-0.0001,-0.5567,6.3271,0.0000,-0.0000,0.0000,-96.5011
2026-05-20 18:55:19.004,0,10,10,0.00,0.0000,0.0001,-0.5567,6.3271,0.0000,-0.0000,0.0000,-96.5011
2026-05-20 18:55:19.504,0,10,10,0.00,0.0000,0.0000,-0.5567,6.3271,0.0000,-0.0000,0.0000,-96.5011
2026-05-20 18:55:20.004,0,10,10,0.00,0.0001,0.0000,-0.5567,6.3271,0.0000,-0.0000,0.0000,-96.5011
2026-05-20 18:55:20.504,0,10,10,0.00,0.0000,0.0003,-0.5567,6.3271,0.0000,-0.0000,0.0000,-96.5011
2026-05-20 18:55:21.004,0,10,10,0.00,0.0001,0.0005,-0.5567,6.3271,0.0000,-0.0000,0.0000,-96.5011
2026-05-20 18:55:21.504,0,10,10,0.00,-0.0001,0.0003,-0.5567,6.3271,0.0000,-0.0000,0.0000,-96.5011
2026-05-20 18:55:22.004,0,10,10,0.00,0.0001,0.0000,-0.5567,6.3271,0.0000,-0.0000,0.0000,-96.5011
2026-05-20 18:55:22.504,0,10,10,0.00,0.0000,0.0000,-0.5567,6.3271,0.0000,-0.0000,0.0000,-96.5011
2026-05-20 18:55:23.004,0,10,10,0.00,0.0000,0.0001,-0.5567,6.3271,0.0000,-0.0000,0.0000,-96.5011
2026-05-20 18:55:23.504,0,10,10,0.00,-0.0001,0.0000,-0.5567,6.3271,0.0000,-0.0000,0.0000,-86.2938
2026-05-20 18:55:24.004,0,10,10,0.00,0.0000,-0.0001,-0.5567,6.3271,0.0000,-0.0000,0.0000,-86.2938
2026-05-20 18:55:24.504,0,10,10,0.00,0.0003,0.0001,-0.5567,6.3271,0.0000,-0.0000,0.0000,-86.2938
2026-05-20 18:55:25.004,0,10,10,0.00,0.0001,0.0000,-0.5567,6.3271,0.0000,-0.0000,0.0000,-86.2938
2026-05-20 18:55:25.504,0,10,10,0.00,0.0759,-0.0711,-0.5543,6.3388,0.0000,-0.0000,0.0000,-86.2938
2026-05-20 18:55:26.004,0,10,10,0.00,0.2369,-0.2704,-0.5370,6.4242,0.0000,-0.0000,0.0000,-87.7788
2026-05-20 18:55:26.504,0,10,10,0.00,0.3898,-0.4049,-0.4986,6.5902,0.0000,-0.0000,0.0000,-89.4115
2026-05-20 18:55:27.010,0,10,10,0.00,0.4487,-0.4955,-0.4418,6.8153,0.0000,-0.0000,0.0000,-89.5375
2026-05-20 18:55:27.504,0,10,10,0.00,0.1301,-0.1693,-0.4007,6.9607,0.0000,-0.0000,0.0000,-89.8901
2026-05-20 18:55:28.004,0,10,10,0.00,-0.0012,0.0623,-0.3986,6.9673,0.0000,-0.0000,0.0000,-90.0666
2026-05-20 18:55:28.504,0,10,10,0.00,0.0004,0.0284,-0.4028,6.9517,0.0000,-0.0000,0.0000,-90.0666
2026-05-20 18:55:29.003,0,10,10,0.00,0.0001,-0.0001,-0.4029,6.9513,0.0000,-0.0000,0.0000,-90.0921
2026-05-20 18:55:29.504,0,10,10,0.00,0.0003,-0.0636,-0.4010,6.9588,0.0000,-0.0000,0.0000,-90.0921
2026-05-20 18:55:30.004,0,10,10,0.00,0.0022,-0.0312,-0.3984,6.9679,0.0000,-0.0000,0.0000,-90.0921
2026-05-20 18:55:30.504,0,10,10,0.00,0.0005,-0.0233,-0.3952,6.9781,0.0000,-0.0000,0.0000,-90.1232
2026-05-20 18:55:31.004,0,10,10,0.00,-0.0266,0.0260,-0.3956,6.9768,0.0000,-0.0000,0.0000,-90.1232
2026-05-20 18:55:31.504,0,10,10,0.00,-0.1097,0.1936,-0.4084,6.9357,0.0000,-0.0000,0.0000,-90.1232
2026-05-20 18:55:32.004,0,10,10,0.00,-0.2804,0.2498,-0.4361,6.8237,0.0000,-0.0000,0.0000,-90.1206
2026-05-20 18:55:32.504,0,10,10,0.00,-0.4314,0.3702,-0.4775,6.6629,0.0000,-0.0000,0.0000,-90.1845
2026-05-20 18:55:33.004,0,10,10,0.00,-0.4400,0.4838,-0.5411,6.4484,0.0000,-0.0000,0.0000,-90.2366
2026-05-20 18:55:33.504,0,10,10,0.00,-0.1047,0.1344,-0.5799,6.3043,0.0000,-0.0000,0.0000,-90.2553
2026-05-20 18:55:34.004,0,10,10,0.00,0.0191,-0.0585,-0.5804,6.3019,0.0000,-0.0000,0.0000,-90.2611
2026-05-20 18:55:34.504,0,10,10,0.00,0.0736,-0.2008,-0.5677,6.3449,0.0000,-0.0000,0.0000,-90.3081
2026-05-20 18:55:35.004,0,10,10,0.00,0.2462,-0.3888,-0.5208,6.4529,0.0000,-0.0000,0.0000,-90.5681
2026-05-20 18:55:35.504,0,10,10,0.00,0.0945,-0.1101,-0.4638,6.5587,0.0000,-0.0000,0.0000,-90.6621
2026-05-20 18:55:36.004,0,10,10,0.00,-0.0068,0.0594,-0.4652,6.5560,0.0000,-0.0000,0.0000,-90.6603
2026-05-20 18:55:36.504,0,10,10,0.00,0.0000,0.0961,-0.4775,6.5307,0.0000,-0.0000,0.0000,-90.6603
2026-05-20 18:55:37.004,0,10,10,0.00,-0.0829,0.0342,-0.4838,6.5153,0.0000,-0.0000,0.0000,-90.8950
2026-05-20 18:55:37.504,0,10,10,0.00,-0.0439,0.2117,-0.5106,6.4521,0.0000,-0.0000,0.0000,-91.4173
2026-05-20 18:55:38.004,0,10,10,0.00,0.0001,-0.0001,-0.5171,6.4331,0.0000,-0.0000,0.0000,-91.4919
2026-05-20 18:55:38.504,0,10,10,0.00,0.0001,-0.0550,-0.5157,6.4376,0.0000,-0.0000,0.0000,-91.4919
2026-05-20 18:55:39.004,0,10,10,0.00,-0.0005,-0.0410,-0.5085,6.4577,0.0000,-0.0000,0.0000,-91.4919
2026-05-20 18:55:39.504,0,10,10,0.00,-0.0001,0.0283,-0.5089,6.4566,0.0000,-0.0000,0.0000,-91.4919
2026-05-20 18:55:40.004,0,10,10,0.00,0.0000,0.1435,-0.5164,6.4354,0.0000,-0.0000,0.0000,-91.4919
2026-05-20 18:55:40.504,0,10,10,0.00,-0.0408,0.0081,-0.5206,6.4207,0.0000,-0.0000,0.0000,-91.5627
2026-05-20 18:55:41.004,0,10,10,0.00,-0.1605,0.1734,-0.5365,6.3666,0.0000,-0.0000,0.0000,-91.5011
2026-05-20 18:55:41.504,0,10,10,0.00,0.0082,-0.0052,-0.5429,6.3449,0.0000,-0.0000,0.0000,-91.5959
2026-05-20 18:55:42.004,0,10,10,0.00,0.0000,0.0618,-0.5437,6.3418,0.0000,-0.0000,0.0000,-91.5959
2026-05-20 18:55:42.503,0,10,10,0.00,0.0000,-0.0001,-0.5456,6.3342,0.0000,-0.0000,0.0000,-91.5959
2026-05-20 18:55:43.004,0,10,10,0.00,0.0001,0.0000,-0.5456,6.3342,0.0000,-0.0000,0.0000,-91.6991
2026-05-20 18:55:43.504,0,10,10,0.00,-0.0001,0.0000,-0.5464,6.3309,0.0000,-0.0000,0.0000,-91.6991
2026-05-20 18:55:44.004,0,10,10,0.00,0.0610,0.0000,-0.5456,6.3347,0.0000,-0.0000,0.0000,-91.6991
2026-05-20 18:55:44.504,0,10,10,0.00,0.2282,0.0106,-0.5406,6.3723,0.0000,-0.0000,0.0000,-91.6991
2026-05-20 18:55:45.004,0,10,10,0.00,0.0370,-0.0003,-0.5412,6.4129,0.0000,-0.0000,0.0000,-91.4957
2026-05-20 18:55:45.504,0,10,10,0.00,0.0001,0.0000,-0.5411,6.4118,0.0000,-0.0000,0.0000,-91.4957
2026-05-20 18:55:46.004,0,10,10,0.00,0.0000,0.0000,-0.5411,6.4118,0.0000,-0.0000,0.0000,-91.4957
2026-05-20 18:55:46.504,0,10,10,0.00,0.0000,0.0001,-0.5411,6.4118,0.0000,-0.0000,0.0000,-91.4957
2026-05-20 18:55:47.004,0,10,10,0.00,0.0000,-0.0003,-0.5411,6.4118,0.0000,-0.0000,0.0000,-91.4957
2026-05-20 18:55:47.504,0,10,10,0.00,-0.0001,-0.0003,-0.5411,6.4118,0.0000,-0.0000,0.0000,-91.4957
2026-05-20 18:55:48.004,0,10,10,0.00,0.0001,0.0000,-0.5411,6.4118,0.0000,-0.0000,0.0000,-91.4957
2026-05-20 18:55:48.503,0,10,10,0.00,0.0000,0.0001,-0.5411,6.4118,0.0000,-0.0000,0.0000,-91.4957
2026-05-20 18:55:49.004,0,10,10,0.00,-0.0001,0.0001,-0.5411,6.4118,0.0000,-0.0000,0.0000,-91.4957
2026-05-20 18:55:49.504,0,10,10,0.00,0.0000,0.0001,-0.5411,6.4118,0.0000,-0.0000,0.0000,-91.4957
2026-05-20 18:55:50.004,0,10,10,0.00,-0.0001,0.0000,-0.5411,6.4118,0.0000,-0.0000,0.0000,-91.4957
2026-05-20 18:55:50.504,0,10,10,0.00,-0.0001,0.0000,-0.5411,6.4118,0.0000,-0.0000,0.0000,-91.4957
2026-05-20 18:55:51.004,0,10,10,0.00,-0.0003,0.0000,-0.5411,6.4118,0.0000,-0.0000,0.0000,-91.4957
2026-05-20 18:55:51.507,0,10,10,0.00,0.0000,-0.0001,-0.5411,6.4118,0.0000,-0.0000,0.0000,-91.4957
2026-05-20 18:55:52.004,0,10,10,0.00,0.0000,0.0000,-0.5411,6.4118,0.0000,-0.0000,0.0000,-91.4957
2026-05-20 18:55:52.504,0,10,10,0.00,0.0000,0.0001,-0.5411,6.4118,0.0000,-0.0000,0.0000,-91.4957
2026-05-20 18:55:53.004,0,10,10,0.00,-0.0001,0.0001,-0.5411,6.4118,0.0000,-0.0000,0.0000,-91.4957
2026-05-20 18:55:53.505,0,10,10,0.00,0.0001,0.0000,-0.5411,6.4118,0.0000,-0.0000,0.0000,-91.4957
2026-05-20 18:55:54.004,0,10,10,0.00,0.0000,-0.0001,-0.5411,6.4118,0.0000,-0.0000,0.0000,-91.4957
2026-05-20 18:55:54.504,0,10,10,0.00,-0.0004,0.0000,-0.5411,6.4118,0.0000,-0.0000,0.0000,-91.4957
2026-05-20 18:55:55.004,0,10,10,0.00,0.0000,-0.0001,-0.5411,6.4118,0.0000,-0.0000,0.0000,-91.4957
2026-05-20 18:55:55.504,0,10,10,0.00,-0.0001,0.0001,-0.5411,6.4118,0.0000,-0.0000,0.0000,-91.4957
2026-05-20 18:55:56.004,0,10,10,0.00,0.0000,0.0000,-0.5411,6.4118,0.0000,-0.0000,0.0000,-91.4957
2026-05-20 18:55:56.504,0,10,10,0.00,0.0001,-0.0001,-0.5411,6.4118,0.0000,-0.0000,0.0000,-91.4957
2026-05-20 18:55:57.004,0,10,10,0.00,0.0000,0.0000,-0.5411,6.4118,0.0000,-0.0000,0.0000,-91.4957
2026-05-20 18:55:57.504,0,10,10,0.00,0.0000,-0.1172,-0.5419,6.4253,0.0000,-0.0000,0.0000,-91.4957
2026-05-20 18:55:58.010,0,10,10,0.00,-0.0001,-0.1198,-0.5396,6.4736,0.0000,-0.0000,0.0000,-91.5799
2026-05-20 18:55:58.504,0,10,10,0.00,-0.0001,0.0118,-0.5388,6.4791,0.0000,-0.0000,0.0000,-91.5310
2026-05-20 18:55:59.004,0,10,10,0.00,0.0986,-0.1224,-0.5351,6.5030,0.0000,-0.0000,0.0000,-91.5310
2026-05-20 18:55:59.509,0,10,10,0.00,0.1238,-0.2778,-0.5194,6.5792,0.0000,-0.0000,0.0000,-90.3423
2026-05-20 18:56:00.004,0,10,10,0.00,0.2894,-0.4530,-0.4706,6.7173,0.0000,-0.0000,0.0000,-90.2747
2026-05-20 18:56:00.504,0,10,10,0.00,0.4469,-0.4075,-0.3714,6.9108,0.0000,-0.0000,0.0000,-90.2858
2026-05-20 18:56:01.004,0,10,10,0.00,0.1580,-0.1546,-0.3007,7.0415,0.0000,-0.0000,0.0000,-90.4040
2026-05-20 18:56:01.504,0,10,10,0.00,-0.0767,0.0648,-0.2979,7.0467,0.0000,-0.0000,0.0000,-90.4405
2026-05-20 18:56:02.005,0,10,10,0.00,-0.1267,0.2278,-0.3296,6.9886,0.0000,-0.0000,0.0000,-90.9903
2026-05-20 18:56:02.505,0,10,10,0.00,-0.2732,0.3826,-0.3814,6.8759,0.0000,-0.0000,0.0000,-90.3499
2026-05-20 18:56:03.004,0,10,10,0.00,-0.3296,0.4737,-0.4476,6.6864,0.0000,-0.0000,0.0000,-91.5266
2026-05-20 18:56:03.504,0,10,10,0.00,-0.4367,0.4136,-0.4963,6.4805,0.0000,-0.0000,0.0000,-90.4943
2026-05-20 18:56:04.005,0,9,10,0.00,-0.0712,0.0757,-0.5211,6.3650,0.0000,-0.0000,0.0000,-90.4353
2026-05-20 18:56:04.504,0,10,10,0.00,0.0001,-0.0046,-0.5214,6.3632,0.0000,-0.0000,0.0000,-90.3769
2026-05-20 18:56:05.004,0,10,10,0.00,0.0000,-0.0008,-0.5214,6.3633,0.0000,-0.0000,0.0000,-90.3769
2026-05-20 18:56:05.504,0,10,10,0.00,0.0000,0.0000,-0.5214,6.3633,0.0000,-0.0000,0.0000,-90.3769
2026-05-20 18:56:06.005,0,10,10,0.00,0.0000,0.0000,-0.5214,6.3633,0.0000,-0.0000,0.0000,-90.3769
2026-05-20 18:56:06.504,0,10,10,0.00,0.0000,-0.0001,-0.5214,6.3633,0.0000,-0.0000,0.0000,-90.3769
2026-05-20 18:56:07.004,0,10,10,0.00,0.0001,0.0000,-0.5214,6.3633,0.0000,-0.0000,0.0000,-90.3769
2026-05-20 18:56:07.504,0,10,10,0.00,0.0001,0.0000,-0.5214,6.3633,0.0000,-0.0000,0.0000,-90.3769
2026-05-20 18:56:08.004,0,10,10,0.00,0.0000,0.0001,-0.5214,6.3633,0.0000,-0.0000,0.0000,-90.3769
2026-05-20 18:56:08.504,0,10,10,0.00,0.0000,0.0001,-0.5214,6.3633,0.0000,-0.0000,0.0000,-90.3769
2026-05-20 18:56:09.009,0,10,10,0.00,0.0001,-0.0001,-0.5214,6.3633,0.0000,-0.0000,0.0000,-90.3769
2026-05-20 18:56:09.504,0,10,10,0.00,0.0000,-0.0007,-0.5214,6.3633,0.0000,-0.0000,0.0000,-90.3769
2026-05-20 18:56:10.004,0,10,10,0.00,-0.0001,0.0000,-0.5214,6.3633,0.0000,-0.0000,0.0000,-90.3769
2026-05-20 18:56:10.505,0,10,10,0.00,0.0000,-0.0001,-0.5214,6.3633,0.0000,-0.0000,0.0000,-90.3769
2026-05-20 18:56:11.004,0,10,10,0.00,-0.0001,0.0000,-0.5214,6.3633,0.0000,-0.0000,0.0000,-90.3769
2026-05-20 18:56:11.504,0,10,10,0.00,0.0003,0.0001,-0.5214,6.3633,0.0000,-0.0000,0.0000,-90.3769
2026-05-20 18:56:12.004,0,10,10,0.00,0.0000,-0.0003,-0.5214,6.3633,0.0000,-0.0000,0.0000,-90.3769
2026-05-20 18:56:12.504,0,10,10,0.00,-0.0003,0.0000,-0.5214,6.3633,0.0000,-0.0000,0.0000,-90.3769
2026-05-20 18:56:13.004,0,10,10,0.00,-0.0001,0.0001,-0.5214,6.3633,0.0000,-0.0000,0.0000,-90.3769
2026-05-20 18:56:13.504,0,10,10,0.00,0.0000,0.0001,-0.5214,6.3633,0.0000,-0.0000,0.0000,-90.3769
2026-05-20 18:56:14.004,0,10,10,0.00,0.0000,0.0003,-0.5214,6.3633,0.0000,-0.0000,0.0000,-90.3769
2026-05-20 18:56:14.504,0,10,10,0.00,0.0000,0.0000,-0.5214,6.3633,0.0000,-0.0000,0.0000,-90.3769
2026-05-20 18:56:15.004,0,10,10,0.00,0.0000,0.0001,-0.5214,6.3633,0.0000,-0.0000,0.0000,-90.3769
2026-05-20 18:56:15.504,0,10,10,0.00,0.0001,-0.0001,-0.5214,6.3633,0.0000,-0.0000,0.0000,-90.3769
2026-05-20 18:56:16.004,0,10,10,0.00,-0.0001,0.0000,-0.5214,6.3633,0.0000,-0.0000,0.0000,-90.3769
2026-05-20 18:56:16.504,0,10,10,0.00,0.0000,0.0000,-0.5214,6.3633,0.0000,-0.0000,0.0000,-90.3769
2026-05-20 18:56:17.004,0,10,10,0.00,0.0001,0.0000,-0.5214,6.3633,0.0000,-0.0000,0.0000,-90.3769
2026-05-20 18:56:17.503,0,10,10,0.00,0.0000,0.0000,-0.5214,6.3633,0.0000,-0.0000,0.0000,-90.3769
2026-05-20 18:56:18.004,0,10,10,0.00,0.0004,0.0003,-0.5214,6.3633,0.0000,-0.0000,0.0000,-90.3769
2026-05-20 18:56:18.504,0,10,10,0.00,-0.0001,0.0000,-0.5214,6.3633,0.0000,-0.0000,0.0000,-90.3769
2026-05-20 18:56:19.004,0,10,10,0.00,0.0000,0.0000,-0.5214,6.3633,0.0000,-0.0000,0.0000,-90.3769
2026-05-20 18:56:19.504,0,10,10,0.00,0.0000,0.0000,-0.5214,6.3633,0.0000,-0.0000,0.0000,-90.3769
2026-05-20 18:56:20.004,0,10,10,0.00,-0.0003,-0.0001,-0.5214,6.3633,0.0000,-0.0000,0.0000,-90.3769
2026-05-20 18:56:20.504,0,10,10,0.00,0.0001,-0.0001,-0.5214,6.3633,0.0000,-0.0000,0.0000,-90.3769
2026-05-20 18:56:21.004,0,10,10,0.00,0.0000,0.0000,-0.5214,6.3633,0.0000,-0.0000,0.0000,-90.3769
2026-05-20 18:56:21.503,0,10,10,0.00,0.0000,0.0000,-0.5214,6.3633,0.0000,-0.0000,0.0000,-90.3769
2026-05-20 18:56:22.004,0,10,10,0.00,0.0000,0.0000,-0.5214,6.3633,0.0000,-0.0000,0.0000,-90.3769
2026-05-20 18:56:22.504,0,10,10,0.00,0.0000,-0.0003,-0.5214,6.3633,0.0000,-0.0000,0.0000,-90.3769
2026-05-20 18:56:23.007,0,10,10,0.00,0.0000,-0.0004,-0.5214,6.3633,0.0000,-0.0000,0.0000,-90.3769
2026-05-20 18:56:23.504,0,10,10,0.00,-0.0001,0.0000,-0.5214,6.3633,0.0000,-0.0000,0.0000,-90.3769
2026-05-20 18:56:24.004,0,10,10,0.00,0.0000,0.0000,-0.5214,6.3633,0.0000,-0.0000,0.0000,-90.3769
2026-05-20 18:56:24.504,0,10,10,0.00,0.0000,0.0000,-0.5214,6.3633,0.0000,-0.0000,0.0000,-90.3769
2026-05-20 18:56:25.004,0,10,10,0.00,0.0000,0.0000,-0.5214,6.3633,0.0000,-0.0000,0.0000,-90.3769
2026-05-20 18:56:25.504,0,10,10,0.00,0.0000,0.0003,-0.5214,6.3633,0.0000,-0.0000,0.0000,-90.3769
2026-05-20 18:56:26.004,0,10,10,0.00,0.0000,0.0000,-0.5214,6.3633,0.0000,-0.0000,0.0000,-90.3769
2026-05-20 18:56:26.504,0,10,10,0.00,0.0000,0.0001,-0.5214,6.3633,0.0000,-0.0000,0.0000,-90.3769
2026-05-20 18:56:27.004,0,10,10,0.00,-0.0003,-0.0001,-0.5214,6.3633,0.0000,-0.0000,0.0000,-90.3769
2026-05-20 18:56:27.508,0,10,10,0.00,0.0000,0.0000,-0.5214,6.3633,0.0000,-0.0000,0.0000,-90.3769
2026-05-20 18:56:28.004,0,10,10,0.00,0.0000,0.0000,-0.5214,6.3633,0.0000,-0.0000,0.0000,-90.3769
2026-05-20 18:56:28.503,0,10,10,0.00,0.0000,0.0000,-0.5214,6.3633,0.0000,-0.0000,0.0000,-90.3769
2026-05-20 18:56:29.003,0,10,10,0.00,0.0000,0.0000,-0.5214,6.3633,0.0000,-0.0000,0.0000,-90.3769
2026-05-20 18:56:29.508,0,10,10,0.00,0.0000,0.0000,-0.5214,6.3633,0.0000,-0.0000,0.0000,-90.3769
2026-05-20 18:56:30.004,0,10,10,0.00,0.0000,-0.0001,-0.5214,6.3633,0.0000,-0.0000,0.0000,-90.3769
2026-05-20 18:56:30.504,0,10,10,0.00,0.0000,0.0000,-0.5214,6.3633,0.0000,-0.0000,0.0000,-90.3769
2026-05-20 18:56:31.004,0,10,10,0.00,-0.0001,0.0000,-0.5214,6.3633,0.0000,-0.0000,0.0000,-90.3769
2026-05-20 18:56:31.504,0,10,10,0.00,0.0000,0.0000,-0.5214,6.3633,0.0000,-0.0000,0.0000,-90.3769
2026-05-20 18:56:32.004,0,10,10,0.00,0.0001,0.0001,-0.5214,6.3633,0.0000,-0.0000,0.0000,-90.3769
2026-05-20 18:56:32.504,0,10,10,0.00,0.0001,-0.0001,-0.5214,6.3633,0.0000,-0.0000,0.0000,-90.3769
2026-05-20 18:56:33.004,0,10,10,0.00,0.0001,0.0000,-0.5214,6.3633,0.0000,-0.0000,0.0000,-90.3769
2026-05-20 18:56:33.504,0,10,10,0.00,0.0000,0.0000,-0.5214,6.3633,0.0000,-0.0000,0.0000,-90.3769
2026-05-20 18:56:34.004,0,10,10,0.00,0.0000,-0.0005,-0.5214,6.3633,0.0000,-0.0000,0.0000,-90.3769
2026-05-20 18:56:34.507,0,10,10,0.00,0.0001,0.0000,-0.5214,6.3633,0.0000,-0.0000,0.0000,-90.3769
2026-05-20 18:56:35.004,0,10,10,0.00,-0.0001,0.0000,-0.5214,6.3633,0.0000,-0.0000,0.0000,-90.3769
2026-05-20 18:56:35.504,0,10,10,0.00,0.0000,0.0000,-0.5214,6.3633,0.0000,-0.0000,0.0000,-90.3769
2026-05-20 18:56:36.004,0,10,10,0.00,0.0000,0.0000,-0.5214,6.3633,0.0000,-0.0000,0.0000,-90.3769
