Timestamp,IMU_Packages_per_sec,Odom_Packages_per_sec,Send_Packages_per_sec,Yaw_Angle,Left_Velocity_mps,Right_Velocity_mps,x,y,quaternion_yaw,Left_Velocity_LOS,Right_Velocity_LOS,theta_yaw
2023-03-02 20:02:01.739,0,9,9,0.00,0.0001,-0.0003,0.0000,0.0000,0.0000,0.0000,0.0000,0.0000
2023-03-02 20:02:02.239,0,10,10,0.00,0.0000,0.0000,0.0000,0.0000,0.0000,0.0000,0.0000,0.0000
2023-03-02 20:02:02.739,0,10,10,0.00,-0.0001,-0.0001,0.0000,0.0000,0.0000,0.0000,0.0000,0.0000
2023-03-02 20:02:03.239,0,10,10,0.00,-0.0001,0.0000,0.0000,0.0000,0.0000,0.0000,0.0000,0.0000
2023-03-02 20:02:03.739,0,10,10,0.00,-0.0001,0.0000,0.0000,0.0000,0.0000,0.0000,0.0000,0.0000
2023-03-02 20:02:04.239,0,10,10,0.00,0.0001,-0.0001,0.0000,0.0000,0.0000,-0.0000,0.0000,0.0000
2023-03-02 20:02:04.739,0,10,10,0.00,0.0001,-0.0001,0.0000,0.0000,0.0000,-0.0000,0.0000,0.0000
2023-03-02 20:02:05.239,0,10,10,0.00,0.0003,-0.0001,0.0000,0.0000,0.0000,-0.0000,0.0000,0.0000
2023-03-02 20:02:05.739,0,10,10,0.00,-0.0003,0.0003,0.0000,0.0000,0.0000,-0.0000,0.0000,0.0000
2023-03-02 20:02:06.239,0,10,10,0.00,0.0000,0.0000,0.0000,0.0000,0.0000,-0.0000,0.0000,0.0000
2023-03-02 20:02:06.739,0,10,10,0.00,-0.0001,0.0003,0.0000,0.0000,0.0000,-0.0000,0.0000,0.0000
2023-03-02 20:02:07.239,0,9,10,0.00,0.0000,0.0000,0.0000,0.0000,0.0000,-0.0000,0.0000,0.0000
2023-03-02 20:02:07.739,0,10,10,0.00,0.0001,-0.0001,0.0000,0.0000,0.0000,-0.0000,0.0000,0.0000
2023-03-02 20:02:08.239,0,10,10,0.00,0.0001,0.0000,0.0000,0.0000,0.0000,-0.0000,0.0000,0.0000
2023-03-02 20:02:08.739,0,10,10,0.00,0.0000,-0.0001,0.0000,0.0000,0.0000,-0.0000,0.0000,0.0000
2023-03-02 20:02:09.239,0,10,10,0.00,-0.0001,0.0001,0.0000,0.0000,0.0000,-0.0000,0.0000,0.0000
2023-03-02 20:02:09.739,0,10,10,0.00,0.0000,0.0000,0.0000,0.0000,0.0000,-0.0000,0.0000,0.0000
2023-03-02 20:02:10.239,0,10,10,0.00,0.0001,-0.0001,0.0000,0.0000,0.0000,-0.0000,0.0000,0.0000
2023-03-02 20:02:10.739,0,10,10,0.00,-0.0001,0.0001,0.0000,0.0000,0.0000,-0.0000,0.0000,0.0000
2023-03-02 20:02:11.239,0,10,10,0.00,0.0003,0.0000,0.0000,0.0000,0.0000,-0.0000,0.0000,0.0000
2023-03-02 20:02:11.739,0,10,10,0.00,0.0000,0.0000,0.0000,0.0000,0.0000,-0.0000,0.0000,0.0000
2023-03-02 20:02:12.239,0,10,10,0.00,0.0000,0.0000,0.0000,0.0000,0.0000,-0.0000,0.0000,0.0000
2023-03-02 20:02:12.739,0,10,10,0.00,0.0000,-0.0001,0.0000,0.0000,0.0000,-0.0000,0.0000,0.0000
2023-03-02 20:02:13.239,0,10,10,0.00,0.0003,0.0000,0.0000,0.0000,0.0000,-0.0000,0.0000,0.0000
2023-03-02 20:02:13.739,0,10,10,0.00,0.0000,0.0001,0.0000,0.0000,0.0000,-0.0000,0.0000,0.0000
2023-03-02 20:02:14.239,0,10,10,0.00,0.0000,-0.0001,0.0000,0.0000,0.0000,-0.0000,0.0000,0.0000
2023-03-02 20:02:14.739,0,10,10,0.00,-0.0001,-0.0001,0.0000,0.0000,0.0000,-0.0000,0.0000,0.0000
2023-03-02 20:02:15.239,0,10,10,0.00,0.0000,0.0000,0.0000,0.0000,0.0000,-0.0000,0.0000,0.0000
2023-03-02 20:02:15.739,0,10,10,0.00,-0.0003,0.0001,0.0000,0.0000,0.0000,-0.0000,0.0000,0.0000
2023-03-02 20:02:16.239,0,10,10,0.00,-0.0001,0.0000,0.0000,0.0000,0.0000,-0.0000,0.0000,2.0301
2023-03-02 20:02:16.739,0,10,10,0.00,0.0000,0.0000,0.0000,0.0000,0.0000,-0.0000,0.0000,2.0301
2023-03-02 20:02:17.239,0,10,10,0.00,0.0000,0.0000,0.0000,0.0000,0.0000,-0.0000,0.0000,2.0301
2023-03-02 20:02:17.739,0,10,10,0.00,0.0000,0.0001,0.0000,0.0000,0.0000,-0.0000,0.0000,2.0301
2023-03-02 20:02:18.239,0,10,10,0.00,0.0000,0.0000,0.0000,0.0000,0.0000,-0.0000,0.0000,2.0301
2023-03-02 20:02:18.739,0,10,10,0.00,0.0001,0.0000,0.0000,0.0000,0.0000,-0.0000,0.0000,2.0301
2023-03-02 20:02:19.239,0,10,10,0.00,-0.0003,-0.0001,0.0000,0.0000,0.0000,-0.0000,0.0000,2.0301
2023-03-02 20:02:19.739,0,10,10,0.00,0.0000,0.0000,0.0000,0.0000,0.0000,-0.0000,0.0000,2.0301
2023-03-02 20:02:20.239,0,10,10,0.00,0.0000,-0.0003,0.0000,0.0000,0.0000,-0.0000,0.0000,2.0301
2023-03-02 20:02:20.739,0,10,10,0.00,0.0000,0.0000,0.0000,0.0000,0.0000,-0.0000,0.0000,2.0301
2023-03-02 20:02:21.239,0,10,10,0.00,-0.0001,0.0000,0.0000,0.0000,0.0000,-0.0000,0.0000,2.0301
2023-03-02 20:02:21.739,0,10,10,0.00,0.0001,0.0003,0.0000,0.0000,0.0000,-0.0000,0.0000,3.7661
2023-03-02 20:02:22.240,0,10,10,0.00,0.0001,0.0004,0.0000,0.0000,0.0000,-0.0000,0.0000,3.7661
2023-03-02 20:02:22.739,0,10,10,0.00,0.0000,0.0003,0.0000,0.0000,0.0000,-0.0000,0.0000,3.7661
2023-03-02 20:02:23.239,0,10,10,0.00,0.0000,-0.0003,0.0000,0.0000,0.0000,-0.0000,0.0000,3.7661
2023-03-02 20:02:23.739,0,10,10,0.00,0.0001,0.0000,0.0000,0.0000,0.0000,-0.0000,0.0000,3.7661
2023-03-02 20:02:24.239,0,10,10,0.00,0.0000,0.0000,0.0000,0.0000,0.0000,-0.0000,0.0000,3.7661
2023-03-02 20:02:24.739,0,10,10,0.00,-0.0003,-0.0004,0.0000,0.0000,0.0000,-0.0000,0.0000,3.7661
2023-03-02 20:02:25.240,0,10,10,0.00,0.0000,-0.0001,0.0000,0.0000,0.0000,-0.0000,0.0000,3.7661
2023-03-02 20:02:25.739,0,10,10,0.00,0.0000,0.0000,0.0000,0.0000,0.0000,-0.0000,0.0000,3.7661
2023-03-02 20:02:26.239,0,10,10,0.00,-0.0001,0.0000,0.0000,0.0000,0.0000,-0.0000,0.0000,3.7661
2023-03-02 20:02:26.739,0,10,10,0.00,0.0000,0.0004,0.0000,0.0000,0.0000,-0.0000,0.0000,3.7661
2023-03-02 20:02:27.239,0,10,10,0.00,0.0000,0.0001,0.0000,0.0000,0.0000,-0.0000,0.0000,3.7661
2023-03-02 20:02:27.739,0,10,10,0.00,-0.0001,0.0003,0.0000,0.0000,0.0000,-0.0000,0.0000,3.7661
2023-03-02 20:02:28.239,0,10,10,0.00,0.0000,0.0001,0.0000,0.0000,0.0000,-0.0000,0.0000,3.7661
2023-03-02 20:02:28.739,0,10,10,0.00,0.0000,0.0001,0.0000,0.0000,0.0000,-0.0000,0.0000,3.7661
2023-03-02 20:02:29.239,0,10,10,0.00,-0.0001,0.0000,0.0000,0.0000,0.0000,-0.0000,0.0000,3.7661
2023-03-02 20:02:29.739,0,10,10,0.00,0.0000,0.0000,0.0000,0.0000,0.0000,-0.0000,0.0000,3.7661
2023-03-02 20:02:30.239,0,10,10,0.00,-0.0001,0.0000,0.0000,0.0000,0.0000,-0.0000,0.0000,3.7661
2023-03-02 20:02:30.739,0,10,10,0.00,0.0003,-0.0001,0.0000,0.0000,0.0000,-0.0000,0.0000,3.7661
2023-03-02 20:02:31.239,0,10,10,0.00,-0.0001,0.0000,0.0000,0.0000,0.0000,-0.0000,0.0000,3.7661
2023-03-02 20:02:31.739,0,10,10,0.00,0.0001,0.0000,0.0000,0.0000,0.0000,-0.0000,0.0000,3.7661
2023-03-02 20:02:32.239,0,10,10,0.00,0.0000,0.0000,0.0000,0.0000,0.0000,-0.0000,0.0000,3.7661
2023-03-02 20:02:32.739,0,10,10,0.00,0.0001,-0.0001,0.0000,0.0000,0.0000,-0.0000,0.0000,96.0557
2023-03-02 20:02:33.239,0,10,10,0.00,0.0000,0.0000,0.0000,0.0000,0.0000,-0.0000,0.0000,96.0557
2023-03-02 20:02:33.739,0,10,10,0.00,0.0000,0.0001,0.0000,0.0000,0.0000,-0.0000,0.0000,96.0557
2023-03-02 20:02:34.239,0,10,10,0.00,0.0000,0.0000,0.0000,0.0000,0.0000,-0.0000,0.0000,96.0557
2023-03-02 20:02:34.741,0,10,10,0.00,0.0001,-0.0003,0.0000,0.0000,0.0000,-0.0000,0.0000,96.0557
2023-03-02 20:02:35.239,0,10,10,0.00,0.0000,0.0001,0.0000,0.0000,0.0000,-0.0000,0.0000,96.0557
2023-03-02 20:02:35.739,0,10,10,0.00,0.0000,-0.0003,0.0000,0.0000,0.0000,-0.0000,0.0000,96.0557
2026-05-07 18:23:04.925,0,9,10,0.00,0.0000,0.0000,0.0000,0.0000,0.0000,-0.0000,0.0000,96.0557
2026-05-07 18:23:04.960,0,1,1,0.00,-0.0001,0.0000,0.0000,0.0000,0.0000,-0.0000,0.0000,96.0557
2026-05-07 18:23:05.452,0,10,10,0.00,0.0001,0.0000,0.0009,0.0000,0.0000,-0.0000,0.0000,96.0557
2026-05-07 18:23:05.952,0,10,10,0.00,-0.0001,-0.0242,-0.0005,0.0000,0.0000,-0.0000,0.0000,96.0557
2026-05-07 18:23:06.452,0,10,10,0.00,-0.0001,-0.2004,-0.0308,0.0017,0.0000,-0.0000,0.0000,89.3375
2026-05-07 18:23:06.952,0,10,10,0.00,0.0000,-0.3553,-0.1054,0.0202,0.0000,-0.0000,0.0000,73.5557
2026-05-07 18:23:07.452,0,10,10,0.00,0.0000,-0.1610,-0.1681,0.0548,0.0000,-0.0000,0.0000,56.3000
2026-05-07 18:23:07.956,0,10,10,0.00,0.0000,0.0143,-0.1738,0.0591,0.0000,-0.0000,0.0000,51.9592
2026-05-07 18:23:08.453,0,10,10,0.00,0.0003,0.0000,-0.1736,0.0590,0.0000,-0.0000,0.0000,52.4697
2026-05-07 18:23:08.952,0,10,10,0.00,0.0000,0.0000,-0.1736,0.0590,0.0000,-0.0000,0.0000,52.4697
2026-05-07 18:23:09.452,0,10,10,0.00,0.0001,0.0000,-0.1736,0.0590,0.0000,-0.0000,0.0000,52.4697
2026-05-07 18:23:09.952,0,10,10,0.00,-0.0001,0.0001,-0.1736,0.0590,0.0000,-0.0000,0.0000,52.4697
2026-05-07 18:23:10.451,0,10,10,0.00,0.0000,0.0001,-0.1736,0.0590,0.0000,-0.0000,0.0000,52.4697
2026-05-07 18:23:10.952,0,10,10,0.00,0.0000,0.0001,-0.1736,0.0590,0.0000,-0.0000,0.0000,52.4697
2026-05-07 18:23:11.452,0,10,10,0.00,0.0000,0.0000,-0.1736,0.0590,0.0000,-0.0000,0.0000,52.4697
2026-05-07 18:23:11.951,0,10,10,0.00,-0.0001,0.0001,-0.1736,0.0590,0.0000,-0.0000,0.0000,52.4697
2026-05-07 18:23:12.451,0,10,10,0.00,0.0000,0.0000,-0.1736,0.0590,0.0000,-0.0000,0.0000,52.4697
2026-05-07 18:23:12.952,0,10,10,0.00,0.0000,0.0003,-0.1736,0.0590,0.0000,-0.0000,0.0000,52.4697
2026-05-07 18:23:13.451,0,10,10,0.00,0.0003,0.0001,-0.1736,0.0590,0.0000,-0.0000,0.0000,52.4697
2026-05-07 18:23:13.952,0,10,10,0.00,0.0000,0.0003,-0.1736,0.0590,0.0000,-0.0000,0.0000,52.4697
2026-05-07 18:23:14.452,0,10,10,0.00,0.0000,0.0000,-0.1736,0.0590,0.0000,-0.0000,0.0000,52.4697
2026-05-07 18:23:14.952,0,10,10,0.00,0.0000,0.0001,-0.1736,0.0590,0.0000,-0.0000,0.0000,52.4697
2026-05-07 18:23:15.452,0,10,10,0.00,0.0000,0.0000,-0.1736,0.0590,0.0000,-0.0000,0.0000,52.4697
2026-05-07 18:23:15.952,0,10,10,0.00,0.0001,0.0001,-0.1736,0.0590,0.0000,-0.0000,0.0000,52.4697
2026-05-07 18:23:16.452,0,10,10,0.00,0.0000,0.0000,-0.1736,0.0590,0.0000,-0.0000,0.0000,52.4697
2026-05-07 18:23:16.952,0,10,10,0.00,0.0000,0.0001,-0.1736,0.0590,0.0000,-0.0000,0.0000,52.4697
2026-05-07 18:23:17.452,0,10,10,0.00,0.0000,0.0001,-0.1736,0.0590,0.0000,-0.0000,0.0000,52.4697
2026-05-07 18:23:17.952,0,10,10,0.00,-0.0003,0.0000,-0.1736,0.0590,0.0000,-0.0000,0.0000,52.4697
2026-05-07 18:23:18.452,0,10,10,0.00,0.0000,0.0000,-0.1736,0.0590,0.0000,-0.0000,0.0000,52.4697
2026-05-07 18:23:18.951,0,10,10,0.00,-0.0003,0.0000,-0.1736,0.0590,0.0000,-0.0000,0.0000,52.4697
2026-05-07 18:23:19.452,0,10,10,0.00,-0.0001,0.0000,-0.1736,0.0590,0.0000,-0.0000,0.0000,52.4697
2026-05-07 18:23:19.952,0,10,10,0.00,0.0000,0.0003,-0.1736,0.0590,0.0000,-0.0000,0.0000,52.4697
2026-05-07 18:23:20.452,0,10,10,0.00,-0.0001,0.0000,-0.1736,0.0590,0.0000,-0.0000,0.0000,52.4697
2026-05-07 18:23:20.952,0,10,10,0.00,0.0000,0.0000,-0.1736,0.0590,0.0000,-0.0000,0.0000,52.4697
2026-05-07 18:23:21.451,0,10,10,0.00,0.0000,0.0004,-0.1736,0.0590,0.0000,-0.0000,0.0000,52.4697
2026-05-07 18:23:21.952,0,10,10,0.00,0.0000,0.0001,-0.1736,0.0590,0.0000,-0.0000,0.0000,52.4697
2026-05-07 18:23:22.452,0,10,10,0.00,0.0000,0.0000,-0.1736,0.0590,0.0000,-0.0000,0.0000,52.4697
2026-05-07 18:23:22.951,0,10,10,0.00,0.0000,0.0000,-0.1736,0.0590,0.0000,-0.0000,0.0000,52.4697
2026-05-07 18:23:23.452,0,10,10,0.00,0.0000,0.0000,-0.1736,0.0590,0.0000,-0.0000,0.0000,52.4697
2026-05-07 18:23:23.952,0,10,10,0.00,0.0000,0.0000,-0.1736,0.0590,0.0000,-0.0000,0.0000,52.4697
2026-05-07 18:23:24.452,0,10,10,0.00,0.0000,0.0000,-0.1736,0.0590,0.0000,-0.0000,0.0000,52.4697
2026-05-07 18:23:24.952,0,10,10,0.00,0.0000,0.0000,-0.1736,0.0590,0.0000,-0.0000,0.0000,52.4697
2026-05-07 18:23:25.452,0,10,10,0.00,0.0000,0.0000,-0.1736,0.0590,0.0000,-0.0000,0.0000,52.4697
2026-05-07 18:23:25.952,0,10,10,0.00,0.0000,0.0004,-0.1736,0.0590,0.0000,-0.0000,0.0000,52.4697
2026-05-07 18:23:26.451,0,10,10,0.00,0.0000,0.0000,-0.1736,0.0590,0.0000,-0.0000,0.0000,52.4697
2026-05-07 18:23:26.951,0,10,10,0.00,0.0000,0.0000,-0.1736,0.0590,0.0000,-0.0000,0.0000,52.4697
2026-05-07 18:23:27.452,0,10,10,0.00,0.0000,0.0001,-0.1736,0.0590,0.0000,-0.0000,0.0000,52.4697
2026-05-07 18:23:27.951,0,10,10,0.00,0.0001,0.0001,-0.1736,0.0590,0.0000,-0.0000,0.0000,52.4697
2026-05-07 18:23:28.452,0,10,10,0.00,0.1110,0.0000,-0.1817,0.0650,0.0000,-0.0000,0.0000,52.4697
2026-05-07 18:23:28.951,0,10,10,0.00,0.2706,0.0000,-0.2252,0.0905,0.0000,-0.0000,0.0000,60.3675
2026-05-07 18:23:29.452,0,10,10,0.00,0.3583,-0.0393,-0.3085,0.1156,0.0000,-0.0000,0.0000,76.8009
2026-05-07 18:23:29.952,0,10,10,0.00,0.2021,-0.1059,-0.4135,0.1213,0.0000,-0.0000,0.0000,91.7533
2026-05-07 18:23:30.451,0,10,10,0.00,0.0000,-0.0115,-0.4322,0.1209,0.0000,-0.0000,0.0000,94.5259
2026-05-07 18:23:30.952,0,10,10,0.00,0.0018,-0.1991,-0.4572,0.1214,0.0000,-0.0000,0.0000,93.7369
2026-05-07 18:23:31.452,0,10,10,0.00,0.1660,-0.3588,-0.5499,0.1365,0.0000,-0.0000,0.0000,82.1402
2026-05-07 18:23:31.952,0,10,10,0.00,0.3221,-0.3543,-0.6974,0.1823,0.0000,-0.0000,0.0000,73.0870
2026-05-07 18:23:32.451,0,10,10,0.00,0.1021,-0.2178,-0.8232,0.2278,0.0000,-0.0000,0.0000,72.1581
2026-05-07 18:23:32.952,0,10,10,0.00,0.0000,0.0178,-0.8437,0.2366,0.0000,-0.0000,0.0000,67.3407
2026-05-07 18:23:33.451,0,10,10,0.00,-0.0004,0.1693,-0.8216,0.2273,0.0000,-0.0000,0.0000,68.7478
2026-05-07 18:23:33.952,0,10,10,0.00,0.0004,0.3367,-0.7575,0.2114,0.0000,-0.0000,0.0000,79.5531
2026-05-07 18:23:34.452,0,10,10,0.00,0.0000,0.0673,-0.6997,0.2099,0.0000,-0.0000,0.0000,97.3762
2026-05-07 18:23:34.952,0,10,10,0.00,0.0001,-0.0776,-0.7076,0.2094,0.0000,-0.0000,0.0000,99.1123
2026-05-07 18:23:35.452,0,10,10,0.00,0.0000,-0.0308,-0.7322,0.2093,0.0000,-0.0000,0.0000,92.8270
2026-05-07 18:23:35.951,0,10,10,0.00,-0.1470,0.0696,-0.7116,0.2080,0.0000,-0.0000,0.0000,92.8270
2026-05-07 18:23:36.451,0,10,10,0.00,-0.2990,0.2104,-0.6150,0.1972,0.0000,-0.0000,0.0000,87.5774
2026-05-07 18:23:36.952,0,10,10,0.00,-0.3546,0.2211,-0.4825,0.1693,0.0000,-0.0000,0.0000,81.1511
2026-05-07 18:23:37.452,0,10,10,0.00,-0.2865,0.3767,-0.3276,0.1204,0.0000,-0.0000,0.0000,75.3010
2026-05-07 18:23:37.952,0,10,10,0.00,-0.3576,0.3589,-0.1703,0.0784,0.0000,-0.0000,0.0000,80.1545
2026-05-07 18:23:38.452,0,10,10,0.00,-0.2179,0.2461,-0.0134,0.0407,0.0000,-0.0000,0.0000,80.5734
2026-05-07 18:23:38.952,0,10,10,0.00,0.0352,-0.0233,0.0175,0.0336,0.0000,-0.0000,0.0000,81.7321
2026-05-07 18:23:39.452,0,10,10,0.00,0.2127,-0.0573,-0.0261,0.0413,0.0000,-0.0000,0.0000,83.4158
2026-05-07 18:23:39.952,0,9,10,0.00,0.3557,-0.2321,-0.1349,0.0457,0.0000,-0.0000,0.0000,92.6995
2026-05-07 18:23:40.452,0,10,10,0.00,0.3516,-0.3584,-0.2997,0.0381,0.0000,-0.0000,0.0000,98.6691
2026-05-07 18:23:40.952,0,10,10,0.00,0.0420,-0.1494,-0.4211,0.0343,0.0000,-0.0000,0.0000,97.9575
2026-05-07 18:23:41.452,0,10,10,0.00,0.0173,0.0000,-0.4301,0.0346,0.0000,-0.0000,0.0000,94.8219
2026-05-07 18:23:41.952,0,10,10,0.00,-0.0177,0.0007,-0.4297,0.0346,0.0000,-0.0000,0.0000,94.8219
2026-05-07 18:23:42.452,0,10,10,0.00,-0.1821,0.1505,-0.3834,0.0320,0.0000,-0.0000,0.0000,94.1311
2026-05-07 18:23:42.952,0,10,10,0.00,-0.3351,0.3003,-0.2540,0.0219,0.0000,-0.0000,0.0000,92.3485
2026-05-07 18:23:43.452,0,9,10,0.00,-0.0170,0.0000,-0.1765,0.0148,0.0000,-0.0000,0.0000,91.7195
2026-05-07 18:23:43.952,0,10,10,0.00,0.0080,-0.0058,-0.1882,0.0158,0.0000,-0.0000,0.0000,91.7195
2026-05-07 18:23:44.451,0,10,10,0.00,-0.0606,0.0000,-0.1845,0.0155,0.0000,-0.0000,0.0000,93.2267
2026-05-07 18:23:44.953,0,10,10,0.00,0.0030,-0.0005,-0.1730,0.0143,0.0000,-0.0000,0.0000,91.1307
2026-05-07 18:23:45.452,0,10,10,0.00,-0.1323,0.0952,-0.1491,0.0111,0.0000,-0.0000,0.0000,89.6471
2026-05-07 18:23:45.952,0,10,10,0.00,-0.2266,0.2500,-0.0476,-0.0048,0.0000,-0.0000,0.0000,87.6102
2026-05-07 18:23:46.452,0,9,10,0.00,0.0069,-0.0003,-0.0033,-0.0113,0.0000,-0.0000,0.0000,88.1680
2026-05-07 18:23:46.952,0,10,10,0.00,0.0330,-0.0221,-0.0242,-0.0089,0.0000,-0.0000,0.0000,89.5569
2026-05-07 18:23:47.452,0,9,10,0.00,-0.0001,0.0000,-0.0253,-0.0087,0.0000,-0.0000,0.0000,89.5569
2026-05-07 18:23:47.952,0,10,10,0.00,0.0080,0.0000,-0.0298,-0.0083,0.0000,-0.0000,0.0000,90.7521
2026-05-07 18:23:48.451,0,10,10,0.00,-0.0681,-0.0001,-0.0259,-0.0087,0.0000,-0.0000,0.0000,90.7521
2026-05-07 18:23:48.952,0,10,10,0.00,-0.0030,-0.0001,-0.0241,-0.0089,0.0000,-0.0000,0.0000,90.7521
2026-05-07 18:23:49.452,0,10,10,0.00,-0.0021,-0.0001,-0.0188,-0.0095,0.0000,-0.0000,0.0000,90.7521
2026-05-07 18:23:49.952,0,10,10,0.00,0.0509,-0.0001,-0.0246,-0.0088,0.0000,-0.0000,0.0000,89.5948
2026-05-07 18:23:50.452,0,10,10,0.00,0.0001,0.0000,-0.0261,-0.0086,0.0000,-0.0000,0.0000,90.8979
2026-05-07 18:23:50.951,0,10,10,0.00,-0.0059,-0.0003,-0.0260,-0.0087,0.0000,-0.0000,0.0000,90.8979
2026-05-07 18:23:51.452,0,10,10,0.00,0.0014,0.0000,-0.0228,-0.0090,0.0000,-0.0000,0.0000,90.8979
2026-05-07 18:23:51.952,0,10,10,0.00,0.0001,0.0000,-0.0232,-0.0090,0.0000,-0.0000,0.0000,90.8979
2026-05-07 18:23:52.452,0,10,10,0.00,0.0000,0.0000,-0.0232,-0.0090,0.0000,-0.0000,0.0000,90.8979
2026-05-07 18:23:52.952,0,10,10,0.00,0.0001,0.0000,-0.0232,-0.0090,0.0000,-0.0000,0.0000,90.8979
2026-05-07 18:23:53.451,0,10,10,0.00,0.0000,0.0001,-0.0232,-0.0090,0.0000,-0.0000,0.0000,90.8979
2026-05-07 18:23:53.951,0,10,10,0.00,0.0001,-0.0001,-0.0232,-0.0090,0.0000,-0.0000,0.0000,90.8979
2026-05-07 18:23:54.452,0,10,10,0.00,-0.0001,0.0000,-0.0232,-0.0090,0.0000,-0.0000,0.0000,90.8979
2026-05-07 18:23:54.952,0,10,10,0.00,0.0000,0.0000,-0.0232,-0.0090,0.0000,-0.0000,0.0000,90.8979
2026-05-07 18:23:55.452,0,10,10,0.00,-0.0001,0.0000,-0.0232,-0.0090,0.0000,-0.0000,0.0000,90.8979
2026-05-07 18:23:55.952,0,10,10,0.00,0.0000,0.0001,-0.0232,-0.0090,0.0000,-0.0000,0.0000,90.8979
2026-05-07 18:23:56.452,0,10,10,0.00,0.0001,0.0003,-0.0232,-0.0090,0.0000,-0.0000,0.0000,90.8979
2026-05-07 18:23:56.951,0,10,10,0.00,0.0000,-0.0003,-0.0232,-0.0090,0.0000,-0.0000,0.0000,90.8979
2026-05-07 18:23:57.452,0,10,10,0.00,0.0000,0.0000,-0.0232,-0.0090,0.0000,-0.0000,0.0000,90.8979
2026-05-07 18:23:57.951,0,10,10,0.00,0.0005,0.0000,-0.0232,-0.0090,0.0000,-0.0000,0.0000,90.8979
2026-05-07 18:23:58.452,0,10,10,0.00,0.0000,0.0000,-0.0232,-0.0090,0.0000,-0.0000,0.0000,90.8979
2026-05-07 18:23:58.951,0,10,10,0.00,0.0000,-0.0003,-0.0232,-0.0090,0.0000,-0.0000,0.0000,90.8979
2026-05-07 18:23:59.452,0,10,10,0.00,0.0000,0.0000,-0.0232,-0.0090,0.0000,-0.0000,0.0000,90.8979
2026-05-07 18:23:59.952,0,10,10,0.00,0.0000,0.0000,-0.0232,-0.0090,0.0000,-0.0000,0.0000,90.8979
2026-05-07 18:24:00.452,0,10,10,0.00,0.0003,0.0007,-0.0232,-0.0090,0.0000,-0.0000,0.0000,90.8979
2026-05-07 18:24:00.952,0,10,10,0.00,0.0000,0.0000,-0.0232,-0.0090,0.0000,-0.0000,0.0000,90.8979
2026-05-07 18:24:01.452,0,10,10,0.00,-0.0003,0.0000,-0.0232,-0.0090,0.0000,-0.0000,0.0000,90.8979
2026-05-07 18:24:01.952,0,10,10,0.00,0.0000,0.0003,-0.0232,-0.0090,0.0000,-0.0000,0.0000,90.8979
2026-05-07 18:24:02.452,0,10,10,0.00,0.0003,0.0000,-0.0232,-0.0090,0.0000,-0.0000,0.0000,90.8979
2026-05-07 18:24:02.952,0,10,10,0.00,0.0000,0.0000,-0.0232,-0.0090,0.0000,-0.0000,0.0000,90.8979
2026-05-07 18:24:03.452,0,10,10,0.00,-0.0005,0.0001,-0.0232,-0.0090,0.0000,-0.0000,0.0000,90.8979
2026-05-07 18:24:03.952,0,10,10,0.00,-0.0003,0.0000,-0.0232,-0.0090,0.0000,-0.0000,0.0000,90.8979
2026-05-07 18:24:04.452,0,10,10,0.00,-0.0001,-0.0001,-0.0232,-0.0090,0.0000,-0.0000,0.0000,90.8979
2026-05-07 18:24:04.952,0,10,10,0.00,0.0000,0.0000,-0.0232,-0.0090,0.0000,-0.0000,0.0000,90.8979
2026-05-07 18:24:05.451,0,10,10,0.00,0.0001,0.0000,-0.0232,-0.0090,0.0000,-0.0000,0.0000,90.8979
2026-05-07 18:24:05.952,0,10,10,0.00,0.0000,0.0000,-0.0232,-0.0090,0.0000,-0.0000,0.0000,90.8979
2026-05-07 18:24:06.452,0,10,10,0.00,-0.0001,-0.0003,-0.0232,-0.0090,0.0000,-0.0000,0.0000,90.8979
2026-05-07 18:24:06.952,0,10,10,0.00,0.0000,0.0000,-0.0232,-0.0090,0.0000,-0.0000,0.0000,90.8979
2026-05-07 18:24:07.452,0,10,10,0.00,-0.0005,-0.0001,-0.0232,-0.0090,0.0000,-0.0000,0.0000,90.8979
2026-05-07 18:24:07.952,0,10,10,0.00,0.0000,0.0000,-0.0232,-0.0090,0.0000,-0.0000,0.0000,90.8979
2026-05-07 18:24:08.452,0,10,10,0.00,0.0005,0.0000,-0.0232,-0.0090,0.0000,-0.0000,0.0000,90.8979
2026-05-07 18:24:08.952,0,10,10,0.00,0.0000,-0.0001,-0.0232,-0.0090,0.0000,-0.0000,0.0000,90.8979
2026-05-07 18:24:09.452,0,10,10,0.00,0.0001,0.0000,-0.0232,-0.0090,0.0000,-0.0000,0.0000,90.8979
2026-05-07 18:24:09.952,0,10,10,0.00,0.0001,0.0000,-0.0232,-0.0090,0.0000,-0.0000,0.0000,90.8979
2026-05-07 18:24:10.452,0,10,10,0.00,0.0001,0.0000,-0.0232,-0.0090,0.0000,-0.0000,0.0000,90.8979
2026-05-07 18:24:10.952,0,10,10,0.00,0.0000,0.0000,-0.0232,-0.0090,0.0000,-0.0000,0.0000,90.8979
2026-05-07 18:24:11.452,0,10,10,0.00,0.0001,0.0000,-0.0232,-0.0090,0.0000,-0.0000,0.0000,90.8979
2026-05-07 18:24:11.952,0,10,10,0.00,-0.0001,-0.0005,-0.0232,-0.0090,0.0000,-0.0000,0.0000,90.8979
2026-05-07 18:24:12.452,0,10,10,0.00,0.0000,0.0000,-0.0232,-0.0090,0.0000,-0.0000,0.0000,90.8979
2026-05-07 18:24:12.952,0,10,10,0.00,0.0000,0.0001,-0.0232,-0.0090,0.0000,-0.0000,0.0000,90.8979
2026-05-07 18:24:13.452,0,10,10,0.00,0.0000,-0.0001,-0.0232,-0.0090,0.0000,-0.0000,0.0000,90.8979
2026-05-07 18:24:13.952,0,10,10,0.00,0.0001,0.0000,-0.0232,-0.0090,0.0000,-0.0000,0.0000,90.8979
2026-05-07 18:24:14.451,0,10,10,0.00,0.0000,-0.0001,-0.0232,-0.0090,0.0000,-0.0000,0.0000,90.8979
2026-05-07 18:24:14.952,0,10,10,0.00,-0.0005,0.0000,-0.0232,-0.0090,0.0000,-0.0000,0.0000,90.8979
2026-05-07 18:24:15.452,0,10,10,0.00,0.0000,0.0000,-0.0232,-0.0090,0.0000,-0.0000,0.0000,90.8979
2026-05-07 18:24:15.952,0,10,10,0.00,-0.0001,-0.0003,-0.0232,-0.0090,0.0000,-0.0000,0.0000,90.8979
2026-05-07 18:24:16.452,0,10,10,0.00,0.0001,0.0000,-0.0232,-0.0090,0.0000,-0.0000,0.0000,90.8979
2026-05-07 18:24:16.952,0,10,10,0.00,-0.0003,0.0000,-0.0232,-0.0090,0.0000,-0.0000,0.0000,90.8979
2026-05-07 18:24:17.451,0,10,10,0.00,0.0001,0.0000,-0.0232,-0.0090,0.0000,-0.0000,0.0000,90.8979
2026-05-07 18:24:17.952,0,10,10,0.00,0.0000,0.0000,-0.0232,-0.0090,0.0000,-0.0000,0.0000,90.8979
2026-05-07 18:24:18.451,0,10,10,0.00,0.0001,0.0000,-0.0232,-0.0090,0.0000,-0.0000,0.0000,90.8979
2026-05-07 18:24:18.952,0,10,10,0.00,0.0000,0.0000,-0.0232,-0.0090,0.0000,-0.0000,0.0000,90.8979
2026-05-07 18:24:19.452,0,10,10,0.00,0.0001,0.0004,-0.0232,-0.0090,0.0000,-0.0000,0.0000,90.8979
2026-05-07 18:24:19.952,0,10,10,0.00,0.0000,-0.0001,-0.0232,-0.0090,0.0000,-0.0000,0.0000,90.8979
2026-05-07 18:24:20.452,0,10,10,0.00,-0.0001,-0.0001,-0.0232,-0.0090,0.0000,-0.0000,0.0000,90.8979
2026-05-07 18:24:20.951,0,10,10,0.00,0.0001,0.0000,-0.0232,-0.0090,0.0000,-0.0000,0.0000,90.8979
2026-05-07 18:24:21.452,0,10,10,0.00,0.0000,0.0000,-0.0232,-0.0090,0.0000,-0.0000,0.0000,90.8979
2026-05-07 18:24:21.952,0,10,10,0.00,0.0000,0.0000,-0.0232,-0.0090,0.0000,-0.0000,0.0000,90.8979
2026-05-07 18:24:22.452,0,10,10,0.00,0.0000,-0.0001,-0.0232,-0.0090,0.0000,-0.0000,0.0000,90.8979
2026-05-07 18:24:22.952,0,10,10,0.00,-0.0001,-0.0001,-0.0232,-0.0090,0.0000,-0.0000,0.0000,90.8979
2026-05-07 18:24:23.452,0,10,10,0.00,0.0000,0.0000,-0.0232,-0.0090,0.0000,-0.0000,0.0000,90.8979
2026-05-07 18:24:23.952,0,10,10,0.00,0.0000,0.0000,-0.0232,-0.0090,0.0000,-0.0000,0.0000,90.8979
2026-05-07 18:24:24.452,0,10,10,0.00,0.0000,0.0000,-0.0232,-0.0090,0.0000,-0.0000,0.0000,90.8979
2026-05-07 18:24:24.952,0,10,10,0.00,0.0000,-0.0001,-0.0232,-0.0090,0.0000,-0.0000,0.0000,90.8979
2026-05-07 18:24:25.452,0,10,10,0.00,0.0001,0.0000,-0.0232,-0.0090,0.0000,-0.0000,0.0000,90.8979
2026-05-07 18:24:25.952,0,10,10,0.00,0.0003,0.0004,-0.0232,-0.0090,0.0000,-0.0000,0.0000,90.8979
2026-05-07 18:24:26.452,0,10,10,0.00,0.0000,0.0000,-0.0232,-0.0090,0.0000,-0.0000,0.0000,90.8979
2026-05-07 18:24:26.952,0,10,10,0.00,0.0000,0.0000,-0.0232,-0.0090,0.0000,-0.0000,0.0000,90.8979
2026-05-07 18:24:27.452,0,10,10,0.00,0.0000,0.0000,-0.0232,-0.0090,0.0000,-0.0000,0.0000,90.8979
2026-05-07 18:24:27.952,0,10,10,0.00,0.0000,0.0000,-0.0232,-0.0090,0.0000,-0.0000,0.0000,90.8979
2026-05-07 18:24:28.452,0,10,10,0.00,0.0000,0.0003,-0.0232,-0.0090,0.0000,-0.0000,0.0000,90.8979
2026-05-07 18:24:28.952,0,10,10,0.00,0.0000,-0.0001,-0.0232,-0.0090,0.0000,-0.0000,0.0000,90.8979
2026-05-07 18:24:29.452,0,10,10,0.00,0.0000,0.0000,-0.0232,-0.0090,0.0000,-0.0000,0.0000,90.8979
2026-05-07 18:24:29.952,0,10,10,0.00,0.0001,0.0000,-0.0232,-0.0090,0.0000,-0.0000,0.0000,90.8979
2026-05-07 18:24:30.451,0,10,10,0.00,0.0001,0.0000,-0.0232,-0.0090,0.0000,-0.0000,0.0000,90.8979
2026-05-07 18:24:30.951,0,10,10,0.00,0.0001,0.0001,-0.0232,-0.0090,0.0000,-0.0000,0.0000,90.8979
2026-05-07 18:24:31.452,0,10,10,0.00,0.0772,0.0003,-0.0283,-0.0084,0.0000,-0.0000,0.0000,90.8979
2026-05-07 18:24:31.952,0,10,10,0.00,0.2432,-0.0001,-0.0680,-0.0073,0.0000,-0.0000,0.0000,96.6999
2026-05-07 18:24:32.452,0,10,10,0.00,0.2262,0.0306,-0.1380,-0.0191,0.0000,-0.0000,0.0000,107.5277
2026-05-07 18:24:32.952,0,10,10,0.00,-0.0005,0.2193,-0.1300,-0.0142,0.0000,-0.0000,0.0000,121.2125
2026-05-07 18:24:33.452,0,10,10,0.00,-0.0781,0.3631,-0.0608,0.0338,0.0000,-0.0000,0.0000,136.9923
2026-05-07 18:24:33.952,0,10,10,0.00,-0.2551,0.2241,0.0249,0.1226,0.0000,-0.0000,0.0000,149.2983
2026-05-07 18:24:34.452,0,10,10,0.00,-0.3488,-0.0054,0.0948,0.1872,0.0000,-0.0000,0.0000,139.5925
2026-05-07 18:24:34.951,0,10,10,0.00,-0.2808,0.0000,0.1699,0.2230,0.0000,-0.0000,0.0000,120.6925
2026-05-07 18:24:35.452,0,10,10,0.00,0.0272,-0.0001,0.1895,0.2282,0.0000,-0.0000,0.0000,112.1256
2026-05-07 18:24:35.952,0,10,10,0.00,0.0157,-0.0003,0.1756,0.2247,0.0000,-0.0000,0.0000,114.3014
2026-05-07 18:24:36.452,0,10,10,0.00,0.0000,-0.0004,0.1758,0.2247,0.0000,-0.0000,0.0000,114.3014
2026-05-07 18:24:36.951,0,10,10,0.00,-0.0003,0.0000,0.1758,0.2247,0.0000,-0.0000,0.0000,114.3014
2026-05-07 18:24:37.452,0,10,10,0.00,0.0000,-0.0001,0.1758,0.2247,0.0000,-0.0000,0.0000,114.3014
2026-05-07 18:24:37.951,0,10,10,0.00,-0.0001,0.0001,0.1758,0.2247,0.0000,-0.0000,0.0000,114.3014
2026-05-07 18:24:38.451,0,10,10,0.00,-0.0004,0.0001,0.1758,0.2247,0.0000,-0.0000,0.0000,114.3014
2026-05-07 18:24:38.952,0,10,10,0.00,0.0003,0.0000,0.1758,0.2247,0.0000,-0.0000,0.0000,114.3014
2026-05-07 18:24:39.452,0,10,10,0.00,0.0001,0.0001,0.1758,0.2247,0.0000,-0.0000,0.0000,114.3014
2026-05-07 18:24:39.952,0,10,10,0.00,0.0000,-0.0001,0.1758,0.2247,0.0000,-0.0000,0.0000,114.3014
2026-05-07 18:24:40.452,0,10,10,0.00,-0.0319,0.0000,0.1770,0.2251,0.0000,-0.0000,0.0000,114.3014
2026-05-07 18:24:40.952,0,10,10,0.00,-0.1793,0.0000,0.2059,0.2315,0.0000,-0.0000,0.0000,111.4274
2026-05-07 18:24:41.452,0,10,10,0.00,0.0051,0.0003,0.2178,0.2333,0.0000,-0.0000,0.0000,104.6149
2026-05-07 18:24:41.952,0,10,10,0.00,-0.0001,0.0000,0.2176,0.2333,0.0000,-0.0000,0.0000,104.6149
2026-05-07 18:24:42.451,0,10,10,0.00,0.0000,0.0000,0.2176,0.2333,0.0000,-0.0000,0.0000,104.6149
2026-05-07 18:24:42.951,0,10,10,0.00,-0.1199,0.0890,0.2393,0.2360,0.0000,-0.0000,0.0000,104.6149
2026-05-07 18:24:43.452,0,10,10,0.00,-0.2694,0.3053,0.3454,0.2500,0.0000,-0.0000,0.0000,105.1983
2026-05-07 18:24:43.952,0,10,10,0.00,-0.2080,0.2725,0.4989,0.2740,0.0000,-0.0000,0.0000,106.8222
2026-05-07 18:24:44.452,0,10,10,0.00,0.0003,-0.0116,0.5278,0.2793,0.0000,-0.0000,0.0000,107.6176
2026-05-07 18:24:44.952,0,10,10,0.00,0.0027,-0.1381,0.5110,0.2766,0.0000,-0.0000,0.0000,107.6176
2026-05-07 18:24:45.452,0,10,10,0.00,0.0000,-0.0001,0.4970,0.2751,0.0000,-0.0000,0.0000,102.8848
2026-05-07 18:24:45.952,0,10,10,0.00,-0.0001,-0.0310,0.4951,0.2750,0.0000,-0.0000,0.0000,102.8848
2026-05-07 18:24:46.452,0,10,10,0.00,-0.0001,-0.1467,0.4686,0.2742,0.0000,-0.0000,0.0000,99.3307
2026-05-07 18:24:46.952,0,10,10,0.00,0.0200,0.0003,0.4590,0.2746,0.0000,-0.0000,0.0000,94.6250
2026-05-07 18:24:47.451,0,10,10,0.00,0.0575,-0.0001,0.4375,0.2748,0.0000,-0.0000,0.0000,96.6752
2026-05-07 18:24:47.952,0,9,10,0.00,-0.0009,0.0060,0.4384,0.2749,0.0000,-0.0000,0.0000,99.4946
2026-05-07 18:24:48.451,0,10,10,0.00,-0.0920,0.0861,0.4542,0.2754,0.0000,-0.0000,0.0000,99.4946
2026-05-07 18:24:48.952,0,10,10,0.00,-0.2521,0.0610,0.5191,0.2751,0.0000,-0.0000,0.0000,97.6314
2026-05-07 18:24:49.452,0,10,10,0.00,0.0076,-0.0001,0.5544,0.2714,0.0000,-0.0000,0.0000,88.5302
2026-05-07 18:24:49.952,0,10,10,0.00,0.0031,-0.0003,0.5515,0.2718,0.0000,-0.0000,0.0000,88.5302
2026-05-07 18:24:50.451,0,10,10,0.00,0.0645,-0.0001,0.5472,0.2723,0.0000,-0.0000,0.0000,88.5302
2026-05-07 18:24:50.951,0,10,10,0.00,0.0001,0.0000,0.5416,0.2729,0.0000,-0.0000,0.0000,91.1523
2026-05-07 18:24:51.451,0,10,10,0.00,-0.0003,-0.0003,0.5416,0.2729,0.0000,-0.0000,0.0000,91.1523
2026-05-07 18:24:51.951,0,10,10,0.00,0.0000,0.0001,0.5416,0.2729,0.0000,-0.0000,0.0000,91.1523
2026-05-07 18:24:52.452,0,10,10,0.00,0.0000,0.0003,0.5416,0.2729,0.0000,-0.0000,0.0000,91.1523
2026-05-07 18:24:52.952,0,10,10,0.00,0.0000,-0.0001,0.5416,0.2729,0.0000,-0.0000,0.0000,91.1523
2026-05-07 18:24:53.452,0,10,10,0.00,0.0000,-0.0001,0.5416,0.2729,0.0000,-0.0000,0.0000,91.1523
2026-05-07 18:24:53.951,0,10,10,0.00,0.0003,0.0004,0.5416,0.2729,0.0000,-0.0000,0.0000,91.1523
2026-05-07 18:24:54.451,0,10,10,0.00,0.0000,0.0001,0.5416,0.2729,0.0000,-0.0000,0.0000,91.1523
2026-05-07 18:24:54.952,0,10,10,0.00,0.0001,-0.0001,0.5416,0.2729,0.0000,-0.0000,0.0000,91.1523
2026-05-07 18:24:55.452,0,10,10,0.00,-0.0005,0.0001,0.5416,0.2729,0.0000,-0.0000,0.0000,91.1523
2026-05-07 18:24:55.951,0,10,10,0.00,0.0000,0.0003,0.5416,0.2729,0.0000,-0.0000,0.0000,91.1523
2026-05-07 18:24:56.452,0,10,10,0.00,-0.0001,0.0000,0.5416,0.2729,0.0000,-0.0000,0.0000,91.1523
2026-05-07 18:24:56.952,0,10,10,0.00,0.0000,0.0000,0.5416,0.2729,0.0000,-0.0000,0.0000,91.1523
2026-05-07 18:24:57.452,0,10,10,0.00,0.0000,-0.0001,0.5416,0.2729,0.0000,-0.0000,0.0000,91.1523
2026-05-07 18:24:57.952,0,10,10,0.00,0.0000,-0.0001,0.5416,0.2729,0.0000,-0.0000,0.0000,91.1523
2026-05-07 18:24:58.451,0,10,10,0.00,-0.0001,0.0000,0.5416,0.2729,0.0000,-0.0000,0.0000,91.1523
2026-05-07 18:24:58.952,0,10,10,0.00,0.0000,0.0000,0.5416,0.2729,0.0000,-0.0000,0.0000,91.1523
2026-05-07 18:24:59.452,0,10,10,0.00,-0.0001,0.0000,0.5416,0.2729,0.0000,-0.0000,0.0000,91.1523
2026-05-07 18:24:59.952,0,10,10,0.00,0.0000,0.0000,0.5416,0.2729,0.0000,-0.0000,0.0000,91.1523
2026-05-07 18:25:00.452,0,10,10,0.00,0.0000,0.0000,0.5416,0.2729,0.0000,-0.0000,0.0000,91.1523
2026-05-07 18:25:00.952,0,10,10,0.00,0.0000,0.0000,0.5416,0.2729,0.0000,-0.0000,0.0000,91.1523
2026-05-07 18:25:01.451,0,10,10,0.00,0.0001,0.0000,0.5416,0.2729,0.0000,-0.0000,0.0000,91.1523
2026-05-07 18:25:01.952,0,10,10,0.00,0.0000,-0.0001,0.5416,0.2729,0.0000,-0.0000,0.0000,91.1523
2026-05-07 18:25:02.451,0,10,10,0.00,-0.0001,0.0000,0.5416,0.2729,0.0000,-0.0000,0.0000,91.1523
2026-05-07 18:25:02.952,0,10,10,0.00,0.0000,0.0000,0.5416,0.2729,0.0000,-0.0000,0.0000,91.1523
2026-05-07 18:25:03.451,0,10,10,0.00,0.0001,0.0000,0.5416,0.2729,0.0000,-0.0000,0.0000,91.1523
2026-05-07 18:25:03.952,0,10,10,0.00,-0.0004,0.0000,0.5416,0.2729,0.0000,-0.0000,0.0000,91.1523
2026-05-07 18:25:04.452,0,10,10,0.00,0.0000,-0.0001,0.5416,0.2729,0.0000,-0.0000,0.0000,91.1523
2026-05-07 18:25:04.952,0,10,10,0.00,-0.0001,0.0001,0.5416,0.2729,0.0000,-0.0000,0.0000,91.1523
2026-05-07 18:25:05.452,0,10,10,0.00,0.0001,0.0000,0.5416,0.2729,0.0000,-0.0000,0.0000,91.1523
2026-05-07 18:25:05.952,0,10,10,0.00,0.0000,0.0000,0.5416,0.2729,0.0000,-0.0000,0.0000,91.1523
2026-05-07 18:25:06.452,0,10,10,0.00,0.0000,0.0003,0.5416,0.2729,0.0000,-0.0000,0.0000,91.1523
2026-05-07 18:25:06.952,0,9,10,0.00,-0.0661,0.0254,0.5473,0.2723,0.0000,-0.0000,0.0000,91.1523
2026-05-07 18:25:07.452,0,10,10,0.00,0.0387,0.0005,0.5593,0.2709,0.0000,-0.0000,0.0000,89.8593
2026-05-07 18:25:07.952,0,10,10,0.00,0.0000,0.0001,0.5543,0.2714,0.0000,-0.0000,0.0000,91.1375
2026-05-07 18:25:08.452,0,10,10,0.00,0.0000,0.0000,0.5547,0.2714,0.0000,-0.0000,0.0000,91.1375
2026-05-07 18:25:08.952,0,10,10,0.00,-0.1325,0.1216,0.5833,0.2686,0.0000,-0.0000,0.0000,91.1375
2026-05-07 18:25:09.452,0,10,10,0.00,-0.2902,0.2890,0.6932,0.2574,0.0000,-0.0000,0.0000,92.2153
2026-05-07 18:25:09.952,0,10,10,0.00,-0.1666,0.2381,0.8368,0.2430,0.0000,-0.0000,0.0000,93.1539
2026-05-07 18:25:10.452,0,10,10,0.00,-0.0001,-0.0079,0.8534,0.2417,0.0000,-0.0000,0.0000,93.6875
2026-05-07 18:25:10.952,0,10,10,0.00,0.0000,-0.0747,0.8446,0.2425,0.0000,-0.0000,0.0000,93.6875
2026-05-07 18:25:11.452,0,10,10,0.00,0.0135,-0.0001,0.8412,0.2429,0.0000,-0.0000,0.0000,92.0068
2026-05-07 18:25:11.952,0,10,10,0.00,-0.0001,-0.0094,0.8399,0.2430,0.0000,-0.0000,0.0000,92.0068
2026-05-07 18:25:12.452,0,10,10,0.00,-0.0852,0.0287,0.8475,0.2420,0.0000,-0.0000,0.0000,92.0068
2026-05-07 18:25:12.952,0,10,10,0.00,-0.2466,0.1941,0.9197,0.2295,0.0000,-0.0000,0.0000,88.5805
2026-05-07 18:25:13.452,0,10,10,0.00,0.0030,0.1066,1.0040,0.2156,0.0000,-0.0000,0.0000,88.9256
2026-05-07 18:25:13.952,0,10,10,0.00,-0.0001,-0.0192,1.0073,0.2153,0.0000,-0.0000,0.0000,93.0698
2026-05-07 18:25:14.452,0,10,10,0.00,0.0001,-0.0086,0.9990,0.2161,0.0000,-0.0000,0.0000,91.7940
2026-05-07 18:25:14.952,0,10,10,0.00,-0.0730,0.0564,1.0102,0.2148,0.0000,-0.0000,0.0000,91.7940
2026-05-07 18:25:15.452,0,10,10,0.00,-0.2318,0.2394,1.0955,0.2029,0.0000,-0.0000,0.0000,89.7274
2026-05-07 18:25:15.952,0,10,10,0.00,0.0077,-0.0001,1.1389,0.1972,0.0000,-0.0000,0.0000,89.9659
2026-05-07 18:25:16.452,0,10,10,0.00,0.0013,-0.0228,1.1282,0.1986,0.0000,-0.0000,0.0000,90.2858
2026-05-07 18:25:16.952,0,10,10,0.00,0.0003,-0.0165,1.1260,0.1989,0.0000,-0.0000,0.0000,90.2858
2026-05-07 18:25:17.452,0,10,10,0.00,-0.0001,0.0217,1.1261,0.1988,0.0000,-0.0000,0.0000,90.2858
2026-05-07 18:25:17.952,0,10,10,0.00,0.0001,0.0000,1.1291,0.1984,0.0000,-0.0000,0.0000,90.2858
2026-05-07 18:25:18.451,0,10,10,0.00,0.0001,-0.0192,1.1249,0.1990,0.0000,-0.0000,0.0000,90.2858
2026-05-07 18:25:18.952,0,10,10,0.00,0.0000,0.0254,1.1251,0.1990,0.0000,-0.0000,0.0000,88.9321
2026-05-07 18:25:19.451,0,10,10,0.00,0.0000,0.0001,1.1289,0.1985,0.0000,-0.0000,0.0000,88.9321
2026-05-07 18:25:19.952,0,10,10,0.00,-0.0001,0.0196,1.1341,0.1978,0.0000,-0.0000,0.0000,88.9321
2026-05-07 18:25:20.452,0,10,10,0.00,-0.0775,0.0539,1.1440,0.1966,0.0000,-0.0000,0.0000,88.9321
2026-05-07 18:25:20.952,0,9,10,0.00,-0.0584,0.0877,1.2055,0.1886,0.0000,-0.0000,0.0000,89.5109
2026-05-07 18:25:21.452,0,10,10,0.00,0.0001,0.0000,1.2091,0.1881,0.0000,-0.0000,0.0000,89.0443
2026-05-07 18:25:21.952,0,10,10,0.00,-0.0067,0.0603,1.2206,0.1868,0.0000,-0.0000,0.0000,89.0443
2026-05-07 18:25:22.452,0,10,10,0.00,-0.0005,0.0000,1.2239,0.1865,0.0000,-0.0000,0.0000,89.9348
2026-05-07 18:25:22.952,0,10,10,0.00,-0.0437,0.0001,1.2261,0.1863,0.0000,-0.0000,0.0000,89.9348
2026-05-07 18:25:23.452,0,10,10,0.00,0.0253,0.0000,1.2260,0.1863,0.0000,-0.0000,0.0000,89.9348
2026-05-07 18:25:23.952,0,10,10,0.00,0.0000,0.0001,1.2244,0.1864,0.0000,-0.0000,0.0000,89.9348
2026-05-07 18:25:24.452,0,10,10,0.00,-0.0003,0.0031,1.2284,0.1860,0.0000,-0.0000,0.0000,89.9348
2026-05-07 18:25:24.952,0,10,10,0.00,0.0003,0.0031,1.2295,0.1859,0.0000,-0.0000,0.0000,89.9348
2026-05-07 18:25:25.452,0,10,10,0.00,-0.0001,0.0000,1.2297,0.1859,0.0000,-0.0000,0.0000,89.9348
2026-05-07 18:25:25.952,0,10,10,0.00,0.0003,0.0000,1.2297,0.1859,0.0000,-0.0000,0.0000,89.9348
2026-05-07 18:25:26.452,0,10,10,0.00,0.0000,0.0000,1.2297,0.1859,0.0000,-0.0000,0.0000,89.9348
2026-05-07 18:25:26.952,0,10,10,0.00,0.0000,-0.0001,1.2297,0.1859,0.0000,-0.0000,0.0000,89.9348
2026-05-07 18:25:27.452,0,10,10,0.00,0.0000,0.0000,1.2297,0.1859,0.0000,-0.0000,0.0000,89.9348
2026-05-07 18:25:27.952,0,10,10,0.00,0.0000,0.0000,1.2297,0.1859,0.0000,-0.0000,0.0000,89.9348
2026-05-07 18:25:28.452,0,10,10,0.00,0.0000,0.0000,1.2297,0.1859,0.0000,-0.0000,0.0000,89.9348
2026-05-07 18:25:28.952,0,10,10,0.00,0.0003,0.0001,1.2297,0.1859,0.0000,-0.0000,0.0000,89.9348
2026-05-07 18:25:29.452,0,10,10,0.00,0.0000,-0.0001,1.2297,0.1859,0.0000,-0.0000,0.0000,89.9348
2026-05-07 18:25:29.952,0,10,10,0.00,-0.0001,0.0000,1.2297,0.1859,0.0000,-0.0000,0.0000,89.9348
2026-05-07 18:25:30.452,0,10,10,0.00,0.0000,0.0001,1.2297,0.1859,0.0000,-0.0000,0.0000,89.9348
2026-05-07 18:25:30.952,0,10,10,0.00,0.0000,-0.0001,1.2297,0.1859,0.0000,-0.0000,0.0000,89.9348
2026-05-07 18:25:31.452,0,10,10,0.00,-0.0003,0.0000,1.2297,0.1859,0.0000,-0.0000,0.0000,89.9348
2026-05-07 18:25:31.952,0,10,10,0.00,0.0000,0.0003,1.2297,0.1859,0.0000,-0.0000,0.0000,89.9348
2026-05-07 18:25:32.452,0,10,10,0.00,-0.0001,0.0001,1.2297,0.1859,0.0000,-0.0000,0.0000,89.9348
2026-05-07 18:25:32.952,0,10,10,0.00,0.0000,-0.0001,1.2297,0.1859,0.0000,-0.0000,0.0000,89.9348
2026-05-07 18:25:33.451,0,10,10,0.00,0.0003,0.0000,1.2297,0.1859,0.0000,-0.0000,0.0000,89.9348
2026-05-07 18:25:33.952,0,10,10,0.00,-0.0003,0.0000,1.2297,0.1859,0.0000,-0.0000,0.0000,89.9348
2026-05-07 18:25:34.451,0,10,10,0.00,0.0003,-0.0001,1.2297,0.1859,0.0000,-0.0000,0.0000,89.9348
2026-05-07 18:25:34.951,0,10,10,0.00,0.0000,-0.0003,1.2297,0.1859,0.0000,-0.0000,0.0000,89.9348
2026-05-07 18:25:35.452,0,10,10,0.00,0.0001,0.0000,1.2297,0.1859,0.0000,-0.0000,0.0000,89.9348
2026-05-07 18:25:35.952,0,10,10,0.00,0.0000,0.0001,1.2297,0.1859,0.0000,-0.0000,0.0000,89.9348
2026-05-07 18:25:36.452,0,10,10,0.00,0.0001,-0.0001,1.2297,0.1859,0.0000,-0.0000,0.0000,89.9348
2026-05-07 18:25:36.952,0,10,10,0.00,0.0000,0.0000,1.2297,0.1859,0.0000,-0.0000,0.0000,89.9348
2026-05-07 18:25:37.452,0,10,10,0.00,0.0001,0.0001,1.2297,0.1859,0.0000,-0.0000,0.0000,89.9348
2026-05-07 18:25:37.952,0,10,10,0.00,-0.0004,0.0000,1.2297,0.1859,0.0000,-0.0000,0.0000,89.9348
2026-05-07 18:25:38.451,0,10,10,0.00,0.0000,0.0000,1.2297,0.1859,0.0000,-0.0000,0.0000,89.9348
2026-05-07 18:25:38.952,0,10,10,0.00,0.0000,0.0000,1.2297,0.1859,0.0000,-0.0000,0.0000,89.9348
2026-05-07 18:25:39.451,0,10,10,0.00,0.0001,0.0000,1.2297,0.1859,0.0000,-0.0000,0.0000,89.9348
2026-05-07 18:25:39.952,0,10,10,0.00,-0.0003,0.0000,1.2297,0.1859,0.0000,-0.0000,0.0000,89.9348
2026-05-07 18:25:40.452,0,10,10,0.00,0.0001,-0.0001,1.2297,0.1859,0.0000,-0.0000,0.0000,89.9348
2026-05-07 18:25:40.952,0,10,10,0.00,0.0000,0.0000,1.2297,0.1859,0.0000,-0.0000,0.0000,89.9348
2026-05-07 18:25:41.451,0,10,10,0.00,0.0000,0.0000,1.2297,0.1859,0.0000,-0.0000,0.0000,89.9348
2026-05-07 18:25:41.952,0,10,10,0.00,0.0000,0.0001,1.2297,0.1859,0.0000,-0.0000,0.0000,89.9348
2026-05-07 18:25:42.452,0,10,10,0.00,-0.0004,0.0001,1.2297,0.1859,0.0000,-0.0000,0.0000,89.9348
2026-05-07 18:25:42.952,0,10,10,0.00,-0.0001,-0.0001,1.2297,0.1859,0.0000,-0.0000,0.0000,89.9348
2026-05-07 18:25:43.451,0,10,10,0.00,0.0000,0.0001,1.2297,0.1859,0.0000,-0.0000,0.0000,89.9348
2026-05-07 18:25:43.951,0,10,10,0.00,0.0000,0.0000,1.2297,0.1859,0.0000,-0.0000,0.0000,89.9348
2026-05-07 18:25:44.452,0,10,10,0.00,0.0000,0.0000,1.2297,0.1859,0.0000,-0.0000,0.0000,89.9348
2026-05-07 18:25:44.952,0,10,10,0.00,0.0001,0.0001,1.2297,0.1859,0.0000,-0.0000,0.0000,89.9348
2026-05-07 18:25:45.451,0,10,10,0.00,-0.0001,0.0000,1.2297,0.1859,0.0000,-0.0000,0.0000,89.9348
2026-05-07 18:25:45.952,0,10,10,0.00,0.0000,0.0000,1.2297,0.1859,0.0000,-0.0000,0.0000,89.9348
2026-05-07 18:25:46.452,0,10,10,0.00,0.0001,0.0000,1.2297,0.1859,0.0000,-0.0000,0.0000,89.9348
2026-05-07 18:25:46.952,0,10,10,0.00,0.0000,0.0000,1.2297,0.1859,0.0000,-0.0000,0.0000,89.9348
2026-05-07 18:25:47.452,0,10,10,0.00,0.0000,0.0000,1.2297,0.1859,0.0000,-0.0000,0.0000,89.9348
2026-05-07 18:25:47.952,0,10,10,0.00,0.0000,-0.0001,1.2297,0.1859,0.0000,-0.0000,0.0000,89.9348
2026-05-07 18:25:48.451,0,10,10,0.00,0.0000,-0.0001,1.2297,0.1859,0.0000,-0.0000,0.0000,89.9348
2026-05-07 18:25:48.951,0,10,10,0.00,0.0001,0.0000,1.2297,0.1859,0.0000,-0.0000,0.0000,89.9348
2026-05-07 18:25:49.452,0,10,10,0.00,0.0000,0.0000,1.2297,0.1859,0.0000,-0.0000,0.0000,89.9348
2026-05-07 18:25:49.952,0,10,10,0.00,0.0000,0.0000,1.2297,0.1859,0.0000,-0.0000,0.0000,89.9348
2026-05-07 18:25:50.452,0,10,10,0.00,0.0000,0.0000,1.2297,0.1859,0.0000,-0.0000,0.0000,89.9348
2026-05-07 18:25:50.952,0,10,10,0.00,0.0000,0.0000,1.2297,0.1859,0.0000,-0.0000,0.0000,89.9348
2026-05-07 18:25:51.452,0,10,10,0.00,-0.0003,0.0000,1.2297,0.1859,0.0000,-0.0000,0.0000,89.9348
2026-05-07 18:25:51.952,0,10,10,0.00,0.0000,0.0000,1.2297,0.1859,0.0000,-0.0000,0.0000,89.9348
2026-05-07 18:25:52.452,0,10,10,0.00,0.0000,0.0000,1.2297,0.1859,0.0000,-0.0000,0.0000,89.9348
2026-05-07 18:25:52.952,0,10,10,0.00,-0.0003,-0.0003,1.2297,0.1859,0.0000,-0.0000,0.0000,89.9348
2026-05-07 18:25:53.452,0,10,10,0.00,0.0000,0.0001,1.2297,0.1859,0.0000,-0.0000,0.0000,89.9348
2026-05-07 18:25:53.952,0,10,10,0.00,-0.0001,0.0000,1.2297,0.1859,0.0000,-0.0000,0.0000,89.9348
2026-05-07 18:25:54.452,0,10,10,0.00,-0.0005,-0.0001,1.2297,0.1859,0.0000,-0.0000,0.0000,89.9348
2026-05-07 18:25:54.952,0,10,10,0.00,0.0001,0.0000,1.2297,0.1859,0.0000,-0.0000,0.0000,89.9348
2026-05-07 18:25:55.452,0,10,10,0.00,-0.0001,0.0001,1.2297,0.1859,0.0000,-0.0000,0.0000,89.9348
2026-05-07 18:25:55.952,0,10,10,0.00,-0.0001,0.0000,1.2297,0.1859,0.0000,-0.0000,0.0000,89.9348
2026-05-07 18:25:56.452,0,10,10,0.00,-0.0001,0.0000,1.2297,0.1859,0.0000,-0.0000,0.0000,89.9348
2026-05-07 18:25:56.952,0,10,10,0.00,0.0000,-0.0001,1.2297,0.1859,0.0000,-0.0000,0.0000,89.9348
2026-05-07 18:25:57.452,0,10,10,0.00,0.0000,-0.0001,1.2297,0.1859,0.0000,-0.0000,0.0000,89.9348
2026-05-07 18:25:57.952,0,10,10,0.00,0.0000,-0.0001,1.2297,0.1859,0.0000,-0.0000,0.0000,89.9348
2026-05-07 18:25:58.452,0,10,10,0.00,0.0000,0.0000,1.2297,0.1859,0.0000,-0.0000,0.0000,89.9348
2026-05-07 18:25:58.952,0,10,10,0.00,0.0000,0.0001,1.2297,0.1859,0.0000,-0.0000,0.0000,89.9348
2026-05-07 18:25:59.452,0,10,10,0.00,-0.0001,0.0000,1.2297,0.1859,0.0000,-0.0000,0.0000,89.9348
2026-05-07 18:25:59.952,0,10,10,0.00,0.0003,0.0000,1.2297,0.1859,0.0000,-0.0000,0.0000,89.9348
2026-05-07 18:26:00.452,0,10,10,0.00,0.0000,0.0000,1.2297,0.1859,0.0000,-0.0000,0.0000,89.9348
2026-05-07 18:26:00.952,0,10,10,0.00,0.0000,0.0000,1.2297,0.1859,0.0000,-0.0000,0.0000,89.9348
2026-05-07 18:26:01.452,0,10,10,0.00,0.0000,-0.0001,1.2297,0.1859,0.0000,-0.0000,0.0000,89.9348
2026-05-07 18:26:01.952,0,10,10,0.00,-0.0001,0.0003,1.2297,0.1859,0.0000,-0.0000,0.0000,89.9348
2026-05-07 18:26:02.452,0,10,10,0.00,-0.0001,0.0000,1.2297,0.1859,0.0000,-0.0000,0.0000,89.9348
2026-05-07 18:26:02.952,0,10,10,0.00,0.0000,0.0000,1.2297,0.1859,0.0000,-0.0000,0.0000,89.9348
2026-05-07 18:26:03.452,0,10,10,0.00,0.0000,0.0001,1.2297,0.1859,0.0000,-0.0000,0.0000,89.9348
2026-05-07 18:26:03.951,0,10,10,0.00,0.0001,0.0000,1.2297,0.1859,0.0000,-0.0000,0.0000,89.9348
2026-05-07 18:26:04.452,0,10,10,0.00,-0.0004,0.0000,1.2297,0.1859,0.0000,-0.0000,0.0000,89.9348
2026-05-07 18:26:04.952,0,10,10,0.00,0.0003,-0.0003,1.2297,0.1859,0.0000,-0.0000,0.0000,89.9348
2026-05-07 18:26:05.452,0,10,10,0.00,0.0000,0.0009,1.2297,0.1859,0.0000,-0.0000,0.0000,89.9348
2026-05-07 18:26:05.952,0,10,10,0.00,0.0001,0.0001,1.2297,0.1859,0.0000,-0.0000,0.0000,89.9348
2026-05-07 18:26:06.452,0,10,10,0.00,-0.0001,-0.0004,1.2297,0.1859,0.0000,-0.0000,0.0000,89.9348
2026-05-07 18:26:06.952,0,10,10,0.00,-0.0001,0.0000,1.2297,0.1859,0.0000,-0.0000,0.0000,89.9348
2026-05-07 18:26:07.452,0,10,10,0.00,-0.0001,0.0001,1.2297,0.1859,0.0000,-0.0000,0.0000,89.9348
2026-05-07 18:26:07.952,0,10,10,0.00,0.0000,-0.0001,1.2297,0.1859,0.0000,-0.0000,0.0000,89.9348
2026-05-07 18:26:08.451,0,10,10,0.00,0.0000,0.0000,1.2297,0.1859,0.0000,-0.0000,0.0000,89.9348
2026-05-07 18:26:08.952,0,10,10,0.00,0.0000,0.0000,1.2297,0.1859,0.0000,-0.0000,0.0000,89.9348
2026-05-07 18:26:09.452,0,10,10,0.00,0.0000,0.0000,1.2297,0.1859,0.0000,-0.0000,0.0000,89.9348
2026-05-07 18:26:09.951,0,10,10,0.00,0.0000,0.0000,1.2297,0.1859,0.0000,-0.0000,0.0000,89.9348
2026-05-07 18:26:10.451,0,10,10,0.00,0.0000,-0.0003,1.2297,0.1859,0.0000,-0.0000,0.0000,89.9348
2026-05-07 18:26:10.951,0,10,10,0.00,0.0000,0.0003,1.2297,0.1859,0.0000,-0.0000,0.0000,89.9348
2026-05-07 18:26:11.452,0,10,10,0.00,0.0000,0.0003,1.2297,0.1859,0.0000,-0.0000,0.0000,89.9348
2026-05-07 18:26:11.952,0,10,10,0.00,0.0000,0.0001,1.2297,0.1859,0.0000,-0.0000,0.0000,89.9348
2026-05-07 18:26:12.452,0,10,10,0.00,-0.0004,0.0001,1.2297,0.1859,0.0000,-0.0000,0.0000,89.9348
2026-05-07 18:26:12.952,0,10,10,0.00,0.0000,0.0000,1.2297,0.1859,0.0000,-0.0000,0.0000,89.9348
2026-05-07 18:26:13.451,0,10,10,0.00,0.0000,0.0000,1.2297,0.1859,0.0000,-0.0000,0.0000,89.9348
2026-05-07 18:26:13.952,0,10,10,0.00,0.0003,0.0000,1.2297,0.1859,0.0000,-0.0000,0.0000,89.9348
2026-05-07 18:26:14.452,0,10,10,0.00,0.0000,0.0000,1.2297,0.1859,0.0000,-0.0000,0.0000,89.9348
2026-05-07 18:26:14.952,0,10,10,0.00,0.0001,0.0000,1.2297,0.1859,0.0000,-0.0000,0.0000,89.9348
2026-05-07 18:26:15.452,0,10,10,0.00,-0.0003,0.0000,1.2297,0.1859,0.0000,-0.0000,0.0000,89.9348
2026-05-07 18:26:15.952,0,10,10,0.00,-0.0004,0.0000,1.2297,0.1859,0.0000,-0.0000,0.0000,89.9348
2026-05-07 18:26:16.452,0,10,10,0.00,0.0000,0.0000,1.2297,0.1859,0.0000,-0.0000,0.0000,89.9348
2026-05-07 18:26:16.952,0,10,10,0.00,0.0000,0.0000,1.2297,0.1859,0.0000,-0.0000,0.0000,89.9348
2026-05-07 18:26:17.452,0,10,10,0.00,-0.0001,0.0000,1.2297,0.1859,0.0000,-0.0000,0.0000,89.9348
2026-05-07 18:26:17.952,0,10,10,0.00,-0.0001,0.0000,1.2297,0.1859,0.0000,-0.0000,0.0000,89.9348
2026-05-07 18:26:18.452,0,10,10,0.00,0.0000,0.0000,1.2297,0.1859,0.0000,-0.0000,0.0000,89.9348
2026-05-07 18:26:18.952,0,10,10,0.00,-0.0004,0.0000,1.2297,0.1859,0.0000,-0.0000,0.0000,89.9348
2026-05-07 18:26:19.452,0,10,10,0.00,0.0001,0.0000,1.2297,0.1859,0.0000,-0.0000,0.0000,89.9348
2026-05-07 18:26:19.952,0,10,10,0.00,0.0000,-0.0001,1.2297,0.1859,0.0000,-0.0000,0.0000,89.9348
2026-05-07 18:26:20.452,0,10,10,0.00,-0.0001,-0.0003,1.2297,0.1859,0.0000,-0.0000,0.0000,89.9348
2026-05-07 18:26:20.952,0,10,10,0.00,0.0001,0.0001,1.2297,0.1859,0.0000,-0.0000,0.0000,89.9348
2026-05-07 18:26:21.452,0,10,10,0.00,0.0003,0.0003,1.2297,0.1859,0.0000,-0.0000,0.0000,89.9348
2026-05-07 18:26:21.952,0,10,10,0.00,0.0000,0.0000,1.2297,0.1859,0.0000,-0.0000,0.0000,89.9348
2026-05-07 18:26:22.452,0,10,10,0.00,0.0000,0.0001,1.2297,0.1859,0.0000,-0.0000,0.0000,89.9348
2026-05-07 18:26:22.952,0,10,10,0.00,0.0000,0.0000,1.2297,0.1859,0.0000,-0.0000,0.0000,89.9348
2026-05-07 18:26:23.452,0,10,10,0.00,0.0000,0.0003,1.2297,0.1859,0.0000,-0.0000,0.0000,89.9348
2026-05-07 18:26:23.952,0,10,10,0.00,-0.0003,0.0000,1.2297,0.1859,0.0000,-0.0000,0.0000,89.9348
2026-05-07 18:26:24.453,0,10,10,0.00,-0.0001,0.0000,1.2297,0.1859,0.0000,-0.0000,0.0000,89.9348
2026-05-07 18:26:24.952,0,10,10,0.00,0.0000,0.0001,1.2297,0.1859,0.0000,-0.0000,0.0000,89.9348
2026-05-07 18:26:25.452,0,10,10,0.00,-0.0001,0.0000,1.2297,0.1859,0.0000,-0.0000,0.0000,89.9348
2026-05-07 18:26:25.952,0,10,10,0.00,0.0001,-0.0001,1.2297,0.1859,0.0000,-0.0000,0.0000,89.9348
2026-05-07 18:26:26.452,0,10,10,0.00,0.0000,0.0000,1.2297,0.1859,0.0000,-0.0000,0.0000,89.9348
2026-05-07 18:26:26.952,0,10,10,0.00,-0.0003,0.0001,1.2297,0.1859,0.0000,-0.0000,0.0000,89.9348
2026-05-07 18:26:27.452,0,10,10,0.00,0.0000,0.0001,1.2297,0.1859,0.0000,-0.0000,0.0000,89.9348
2026-05-07 18:26:27.952,0,10,10,0.00,0.0000,-0.0001,1.2297,0.1859,0.0000,-0.0000,0.0000,89.9348
2026-05-07 18:26:28.452,0,10,10,0.00,-0.0003,0.0000,1.2297,0.1859,0.0000,-0.0000,0.0000,89.9348
2026-05-07 18:26:28.952,0,10,10,0.00,0.0001,-0.0001,1.2297,0.1859,0.0000,-0.0000,0.0000,89.9348
2026-05-07 18:26:29.452,0,10,10,0.00,0.0005,-0.0001,1.2297,0.1859,0.0000,-0.0000,0.0000,89.9348
2026-05-07 18:26:29.952,0,10,10,0.00,0.0000,0.0000,1.2297,0.1859,0.0000,-0.0000,0.0000,89.9348
2026-05-07 18:26:30.452,0,10,10,0.00,0.0001,0.0000,1.2297,0.1859,0.0000,-0.0000,0.0000,89.9348
2026-05-07 18:26:30.952,0,10,10,0.00,0.0004,0.0000,1.2297,0.1859,0.0000,-0.0000,0.0000,89.9348
2026-05-07 18:26:31.452,0,10,10,0.00,-0.0001,0.0001,1.2297,0.1859,0.0000,-0.0000,0.0000,89.9348
2026-05-07 18:26:31.952,0,10,10,0.00,0.0003,-0.0001,1.2297,0.1859,0.0000,-0.0000,0.0000,89.9348
2026-05-07 18:26:32.452,0,10,10,0.00,-0.0001,-0.0003,1.2297,0.1859,0.0000,-0.0000,0.0000,89.9348
2026-05-07 18:26:32.952,0,10,10,0.00,0.0003,0.0000,1.2297,0.1859,0.0000,-0.0000,0.0000,89.9348
2026-05-07 18:26:33.452,0,10,10,0.00,0.0003,0.0001,1.2297,0.1859,0.0000,-0.0000,0.0000,89.9348
2026-05-07 18:26:33.952,0,10,10,0.00,0.0000,0.0000,1.2297,0.1859,0.0000,-0.0000,0.0000,89.9348
2026-05-07 18:26:34.452,0,10,10,0.00,0.0000,0.0000,1.2297,0.1859,0.0000,-0.0000,0.0000,89.9348
2026-05-07 18:26:34.951,0,10,10,0.00,0.0000,0.0000,1.2297,0.1859,0.0000,-0.0000,0.0000,89.9348
2026-05-07 18:26:35.452,0,10,10,0.00,-0.0004,0.0000,1.2297,0.1859,0.0000,-0.0000,0.0000,89.9348
2026-05-07 18:26:35.952,0,10,10,0.00,-0.0001,0.0000,1.2297,0.1859,0.0000,-0.0000,0.0000,89.9348
2026-05-07 18:26:36.452,0,10,10,0.00,0.0000,0.0003,1.2297,0.1859,0.0000,-0.0000,0.0000,89.9348
2026-05-07 18:26:36.952,0,10,10,0.00,0.0005,0.0000,1.2297,0.1859,0.0000,-0.0000,0.0000,89.9348
2026-05-07 18:26:37.452,0,10,10,0.00,-0.0001,0.0000,1.2297,0.1859,0.0000,-0.0000,0.0000,89.9348
2026-05-07 18:26:37.952,0,10,10,0.00,-0.0001,0.0001,1.2297,0.1859,0.0000,-0.0000,0.0000,89.9348
2026-05-07 18:26:38.452,0,10,10,0.00,-0.0001,0.0000,1.2297,0.1859,0.0000,-0.0000,0.0000,89.9348
2026-05-07 18:26:38.952,0,10,10,0.00,0.0001,-0.0001,1.2297,0.1859,0.0000,-0.0000,0.0000,90.2027
2026-05-07 18:26:39.452,0,10,10,0.00,-0.0005,0.0000,1.2297,0.1859,0.0000,-0.0000,0.0000,90.2027
2026-05-07 18:26:39.952,0,10,10,0.00,0.0001,0.0000,1.2297,0.1859,0.0000,-0.0000,0.0000,90.2027
2026-05-07 18:26:40.452,0,10,10,0.00,0.0000,0.0000,1.2297,0.1859,0.0000,-0.0000,0.0000,90.2027
2026-05-07 18:26:40.952,0,10,10,0.00,0.0000,0.0001,1.2297,0.1859,0.0000,-0.0000,0.0000,90.2027
2026-05-07 18:26:41.451,0,10,10,0.00,0.0003,0.0000,1.2297,0.1859,0.0000,-0.0000,0.0000,90.2027
2026-05-07 18:26:41.952,0,10,10,0.00,-0.0003,0.0000,1.2297,0.1859,0.0000,-0.0000,0.0000,90.2027
2026-05-07 18:26:42.452,0,10,10,0.00,0.0000,0.0000,1.2297,0.1859,0.0000,-0.0000,0.0000,90.2027
2026-05-07 18:26:42.952,0,10,10,0.00,0.0000,0.0001,1.2297,0.1859,0.0000,-0.0000,0.0000,90.2027
2026-05-07 18:26:43.452,0,10,10,0.00,-0.0001,0.0000,1.2297,0.1859,0.0000,-0.0000,0.0000,90.2027
2026-05-07 18:26:43.952,0,10,10,0.00,0.0000,0.0000,1.2297,0.1859,0.0000,-0.0000,0.0000,90.2027
2026-05-07 18:26:44.452,0,10,10,0.00,0.0000,0.0004,1.2297,0.1859,0.0000,-0.0000,0.0000,90.2027
2026-05-07 18:26:44.952,0,10,10,0.00,0.0000,0.0000,1.2297,0.1859,0.0000,-0.0000,0.0000,90.2027
2026-05-07 18:26:45.452,0,10,10,0.00,-0.0001,0.0000,1.2297,0.1859,0.0000,-0.0000,0.0000,90.2027
2026-05-07 18:26:45.952,0,10,10,0.00,0.0000,-0.0003,1.2297,0.1859,0.0000,-0.0000,0.0000,90.2027
2026-05-07 18:26:46.452,0,10,10,0.00,0.0003,-0.0001,1.2297,0.1859,0.0000,-0.0000,0.0000,90.2027
2026-05-07 18:26:46.952,0,10,10,0.00,0.0005,0.0001,1.2297,0.1859,0.0000,-0.0000,0.0000,90.2027
2026-05-07 18:26:47.452,0,10,10,0.00,-0.0003,0.0000,1.2297,0.1859,0.0000,-0.0000,0.0000,90.2027
2026-05-07 18:26:47.952,0,10,10,0.00,0.0000,0.0000,1.2297,0.1859,0.0000,-0.0000,0.0000,90.2027
2026-05-07 18:26:48.452,0,10,10,0.00,0.0000,0.0000,1.2297,0.1859,0.0000,-0.0000,0.0000,90.2027
2026-05-07 18:26:48.952,0,10,10,0.00,0.0000,-0.0001,1.2297,0.1859,0.0000,-0.0000,0.0000,90.2027
2026-05-07 18:26:49.452,0,10,10,0.00,0.0000,0.0000,1.2297,0.1859,0.0000,-0.0000,0.0000,90.2027
2026-05-07 18:26:49.952,0,10,10,0.00,0.0000,0.0000,1.2297,0.1859,0.0000,-0.0000,0.0000,90.2027
2026-05-07 18:26:50.452,0,10,10,0.00,0.0003,0.0003,1.2297,0.1859,0.0000,-0.0000,0.0000,90.2027
2026-05-07 18:26:50.952,0,10,10,0.00,0.0000,0.0000,1.2297,0.1859,0.0000,-0.0000,0.0000,90.2027
2026-05-07 18:26:51.452,0,10,10,0.00,-0.0001,0.0000,1.2297,0.1859,0.0000,-0.0000,0.0000,90.2027
2026-05-07 18:26:51.952,0,10,10,0.00,0.0000,0.0001,1.2297,0.1859,0.0000,-0.0000,0.0000,90.2027
2026-05-07 18:26:52.452,0,10,10,0.00,-0.0004,-0.0003,1.2297,0.1859,0.0000,-0.0000,0.0000,90.2027
2026-05-07 18:26:52.952,0,10,10,0.00,-0.0001,0.0000,1.2297,0.1859,0.0000,-0.0000,0.0000,90.2027
2026-05-07 18:26:53.451,0,10,10,0.00,0.0000,0.0000,1.2297,0.1859,0.0000,-0.0000,0.0000,90.2027
2026-05-07 18:26:53.952,0,10,10,0.00,0.0000,0.0000,1.2297,0.1859,0.0000,-0.0000,0.0000,90.2027
2026-05-07 18:26:54.452,0,10,10,0.00,0.0001,0.0000,1.2297,0.1859,0.0000,-0.0000,0.0000,90.2027
2026-05-07 18:26:54.952,0,10,10,0.00,-0.0003,0.0000,1.2297,0.1859,0.0000,-0.0000,0.0000,90.2027
2026-05-07 18:26:55.452,0,10,10,0.00,0.0001,0.0000,1.2297,0.1859,0.0000,-0.0000,0.0000,90.2027
2026-05-07 18:26:55.952,0,10,10,0.00,0.0000,0.0000,1.2297,0.1859,0.0000,-0.0000,0.0000,90.2027
2026-05-07 18:26:56.452,0,10,10,0.00,0.0004,0.0000,1.2297,0.1859,0.0000,-0.0000,0.0000,90.2027
2026-05-07 18:26:56.951,0,10,10,0.00,-0.0003,-0.0003,1.2297,0.1859,0.0000,-0.0000,0.0000,90.2027
2026-05-07 18:26:57.452,0,10,10,0.00,0.0004,-0.0001,1.2297,0.1859,0.0000,-0.0000,0.0000,90.2027
2026-05-07 18:26:57.952,0,10,10,0.00,0.0000,0.0001,1.2297,0.1859,0.0000,-0.0000,0.0000,90.2027
2026-05-07 18:26:58.451,0,10,10,0.00,0.0000,0.0000,1.2297,0.1859,0.0000,-0.0000,0.0000,90.2027
2026-05-07 18:26:58.952,0,10,10,0.00,-0.0001,0.0000,1.2297,0.1859,0.0000,-0.0000,0.0000,90.2027
2026-05-07 18:26:59.452,0,10,10,0.00,0.0000,-0.0001,1.2297,0.1859,0.0000,-0.0000,0.0000,90.2027
2026-05-07 18:26:59.952,0,10,10,0.00,0.0005,-0.0001,1.2297,0.1859,0.0000,-0.0000,0.0000,90.2027
2026-05-07 18:27:00.452,0,10,10,0.00,0.0000,0.0000,1.2297,0.1859,0.0000,-0.0000,0.0000,90.2027
2026-05-07 18:27:00.952,0,10,10,0.00,0.0000,0.0000,1.2297,0.1859,0.0000,-0.0000,0.0000,90.2027
2026-05-07 18:27:01.452,0,10,10,0.00,-0.0003,0.0000,1.2297,0.1859,0.0000,-0.0000,0.0000,90.2027
2026-05-07 18:27:01.952,0,10,10,0.00,0.0001,0.0000,1.2297,0.1859,0.0000,-0.0000,0.0000,90.2027
2026-05-07 18:27:02.452,0,10,10,0.00,0.0001,0.0003,1.2297,0.1859,0.0000,-0.0000,0.0000,90.2027
2026-05-07 18:27:02.951,0,10,10,0.00,0.0001,0.0000,1.2297,0.1859,0.0000,-0.0000,0.0000,90.2027
2026-05-07 18:27:03.452,0,10,10,0.00,-0.0001,0.0000,1.2297,0.1859,0.0000,-0.0000,0.0000,90.2027
2026-05-07 18:27:03.952,0,10,10,0.00,0.0000,0.0000,1.2297,0.1859,0.0000,-0.0000,0.0000,90.2027
2026-05-07 18:27:04.452,0,10,10,0.00,0.0007,0.0000,1.2297,0.1859,0.0000,-0.0000,0.0000,90.2027
2026-05-07 18:27:04.952,0,10,10,0.00,0.0001,0.0001,1.2297,0.1859,0.0000,-0.0000,0.0000,90.2027
2026-05-07 18:27:05.452,0,10,10,0.00,-0.0004,0.0004,1.2297,0.1859,0.0000,-0.0000,0.0000,90.2027
2026-05-07 18:27:05.951,0,10,10,0.00,-0.0001,0.0001,1.2297,0.1859,0.0000,-0.0000,0.0000,90.2027
2026-05-07 18:27:06.452,0,10,10,0.00,0.0001,0.0001,1.2297,0.1859,0.0000,-0.0000,0.0000,90.2027
2026-05-07 18:27:06.952,0,10,10,0.00,0.0003,0.0001,1.2297,0.1859,0.0000,-0.0000,0.0000,90.2027
2026-05-07 18:27:07.452,0,10,10,0.00,0.0001,0.0001,1.2297,0.1859,0.0000,-0.0000,0.0000,90.2027
2026-05-07 18:27:07.952,0,10,10,0.00,0.0000,0.0000,1.2297,0.1859,0.0000,-0.0000,0.0000,90.2027
2026-05-07 18:27:08.452,0,10,10,0.00,-0.0001,0.0000,1.2297,0.1859,0.0000,-0.0000,0.0000,90.2027
2026-05-07 18:27:08.952,0,10,10,0.00,0.0004,0.0000,1.2297,0.1859,0.0000,-0.0000,0.0000,90.2027
2026-05-07 18:27:09.452,0,10,10,0.00,0.0004,0.0000,1.2297,0.1859,0.0000,-0.0000,0.0000,90.2027
2026-05-07 18:27:09.952,0,10,10,0.00,0.0000,-0.0001,1.2297,0.1859,0.0000,-0.0000,0.0000,90.2027
2026-05-07 18:27:10.452,0,10,10,0.00,0.0001,0.0000,1.2297,0.1859,0.0000,-0.0000,0.0000,90.2027
2026-05-07 18:27:10.952,0,10,10,0.00,-0.0001,0.0000,1.2297,0.1859,0.0000,-0.0000,0.0000,90.2027
2026-05-07 18:27:11.452,0,10,10,0.00,0.0001,-0.0001,1.2297,0.1859,0.0000,-0.0000,0.0000,90.2027
2026-05-07 18:27:11.952,0,10,10,0.00,0.0000,0.0003,1.2297,0.1859,0.0000,-0.0000,0.0000,90.2027
2026-05-07 18:27:12.452,0,10,10,0.00,0.0000,-0.0005,1.2297,0.1859,0.0000,-0.0000,0.0000,90.2027
2026-05-07 18:27:12.952,0,10,10,0.00,0.0003,0.0000,1.2297,0.1859,0.0000,-0.0000,0.0000,90.2027
2026-05-07 18:27:13.452,0,10,10,0.00,0.0001,0.0000,1.2297,0.1859,0.0000,-0.0000,0.0000,90.2027
2026-05-07 18:27:13.951,0,10,10,0.00,-0.0003,0.0000,1.2297,0.1859,0.0000,-0.0000,0.0000,90.2027
2026-05-07 18:27:14.452,0,10,10,0.00,-0.0001,-0.0003,1.2297,0.1859,0.0000,-0.0000,0.0000,90.2027
2026-05-07 18:27:14.952,0,10,10,0.00,-0.0005,0.0000,1.2297,0.1859,0.0000,-0.0000,0.0000,90.2027
2026-05-07 18:27:15.452,0,10,10,0.00,-0.0003,0.0000,1.2297,0.1859,0.0000,-0.0000,0.0000,90.2027
2026-05-07 18:27:15.952,0,10,10,0.00,0.0000,0.0000,1.2297,0.1859,0.0000,-0.0000,0.0000,90.2027
2026-05-07 18:27:16.452,0,10,10,0.00,-0.0001,-0.0001,1.2297,0.1859,0.0000,-0.0000,0.0000,90.2027
2026-05-07 18:27:16.952,0,10,10,0.00,0.0000,-0.0003,1.2297,0.1859,0.0000,-0.0000,0.0000,90.2027
2026-05-07 18:27:17.451,0,10,10,0.00,0.0000,0.0000,1.2297,0.1859,0.0000,-0.0000,0.0000,90.2027
2026-05-07 18:27:17.952,0,10,10,0.00,-0.0001,-0.0003,1.2297,0.1859,0.0000,-0.0000,0.0000,90.2027
2026-05-07 18:27:18.452,0,10,10,0.00,0.0004,0.0000,1.2297,0.1859,0.0000,-0.0000,0.0000,90.2027
2026-05-07 18:27:18.952,0,10,10,0.00,0.0003,0.0003,1.2297,0.1859,0.0000,-0.0000,0.0000,90.2027
2026-05-07 18:27:19.452,0,10,10,0.00,0.0001,0.0000,1.2297,0.1859,0.0000,-0.0000,0.0000,90.2027
2026-05-07 18:27:19.952,0,10,10,0.00,0.0000,0.0003,1.2297,0.1859,0.0000,-0.0000,0.0000,90.2027
2026-05-07 18:27:20.452,0,10,10,0.00,-0.0001,0.0000,1.2297,0.1859,0.0000,-0.0000,0.0000,90.2027
2026-05-07 18:27:20.952,0,10,10,0.00,0.0000,0.0000,1.2297,0.1859,0.0000,-0.0000,0.0000,90.2027
2026-05-07 18:27:21.452,0,10,10,0.00,0.0000,-0.0001,1.2297,0.1859,0.0000,-0.0000,0.0000,90.2027
2026-05-07 18:27:21.952,0,10,10,0.00,0.0000,-0.0001,1.2297,0.1859,0.0000,-0.0000,0.0000,90.2027
2026-05-07 18:27:22.452,0,10,10,0.00,-0.0001,0.0000,1.2297,0.1859,0.0000,-0.0000,0.0000,90.2027
2026-05-07 18:27:22.952,0,10,10,0.00,0.0000,0.0000,1.2297,0.1859,0.0000,-0.0000,0.0000,90.2027
2026-05-07 18:27:23.451,0,10,10,0.00,0.0000,0.0000,1.2297,0.1859,0.0000,-0.0000,0.0000,90.2027
2026-05-07 18:27:23.952,0,10,10,0.00,0.0000,-0.0001,1.2297,0.1859,0.0000,-0.0000,0.0000,90.2027
2026-05-07 18:27:24.452,0,10,10,0.00,0.0000,0.0000,1.2297,0.1859,0.0000,-0.0000,0.0000,90.2027
2026-05-07 18:27:24.952,0,10,10,0.00,0.0001,0.0001,1.2297,0.1859,0.0000,-0.0000,0.0000,90.2027
2026-05-07 18:27:25.452,0,10,10,0.00,0.0000,0.0001,1.2297,0.1859,0.0000,-0.0000,0.0000,90.2027
2026-05-07 18:27:25.952,0,10,10,0.00,-0.0003,0.0000,1.2297,0.1859,0.0000,-0.0000,0.0000,90.2027
2026-05-07 18:27:26.452,0,10,10,0.00,0.0000,0.0000,1.2297,0.1859,0.0000,-0.0000,0.0000,90.2027
2026-05-07 18:27:26.952,0,10,10,0.00,0.0000,0.0000,1.2297,0.1859,0.0000,-0.0000,0.0000,90.2027
2026-05-07 18:27:27.452,0,10,10,0.00,0.0000,0.0000,1.2297,0.1859,0.0000,-0.0000,0.0000,90.2027
2026-05-07 18:27:27.952,0,10,10,0.00,0.0005,0.0000,1.2297,0.1859,0.0000,-0.0000,0.0000,90.2027
2026-05-07 18:27:28.452,0,10,10,0.00,0.0001,0.0000,1.2297,0.1859,0.0000,-0.0000,0.0000,90.2027
2026-05-07 18:27:28.952,0,10,10,0.00,0.0000,0.0000,1.2297,0.1859,0.0000,-0.0000,0.0000,90.2027
2026-05-07 18:27:29.452,0,10,10,0.00,0.0000,0.0000,1.2297,0.1859,0.0000,-0.0000,0.0000,90.2027
2026-05-07 18:27:29.951,0,10,10,0.00,-0.0001,0.0000,1.2297,0.1859,0.0000,-0.0000,0.0000,90.2027
2026-05-07 18:27:30.452,0,10,10,0.00,-0.0001,0.0000,1.2297,0.1859,0.0000,-0.0000,0.0000,90.2027
2026-05-07 18:27:30.952,0,10,10,0.00,-0.0003,0.0000,1.2297,0.1859,0.0000,-0.0000,0.0000,90.2027
2026-05-07 18:27:31.452,0,10,10,0.00,0.0001,-0.0003,1.2297,0.1859,0.0000,-0.0000,0.0000,90.2027
2026-05-07 18:27:31.952,0,10,10,0.00,0.0000,0.0000,1.2297,0.1859,0.0000,-0.0000,0.0000,90.2027
2026-05-07 18:27:32.452,0,10,10,0.00,0.0000,-0.0001,1.2297,0.1859,0.0000,-0.0000,0.0000,90.2027
2026-05-07 18:27:32.952,0,10,10,0.00,0.0001,-0.0003,1.2297,0.1859,0.0000,-0.0000,0.0000,90.2027
2026-05-07 18:27:33.452,0,10,10,0.00,0.0000,0.0000,1.2297,0.1859,0.0000,-0.0000,0.0000,90.2027
2026-05-07 18:27:33.952,0,10,10,0.00,0.0000,0.0000,1.2297,0.1859,0.0000,-0.0000,0.0000,90.2027
2026-05-07 18:27:34.452,0,10,10,0.00,0.0000,0.0000,1.2297,0.1859,0.0000,-0.0000,0.0000,90.2027
2026-05-07 18:27:34.952,0,10,10,0.00,0.0000,0.0000,1.2297,0.1859,0.0000,-0.0000,0.0000,90.2027
2026-05-07 18:27:35.452,0,10,10,0.00,0.0000,-0.0001,1.2297,0.1859,0.0000,-0.0000,0.0000,90.2027
2026-05-07 18:27:35.952,0,10,10,0.00,0.0000,0.0000,1.2297,0.1859,0.0000,-0.0000,0.0000,90.2027
2026-05-07 18:27:36.452,0,10,10,0.00,-0.0001,-0.0001,1.2297,0.1859,0.0000,-0.0000,0.0000,90.2027
2026-05-07 18:27:36.951,0,10,10,0.00,0.0001,-0.0001,1.2297,0.1859,0.0000,-0.0000,0.0000,90.2027
2026-05-07 18:27:37.452,0,10,10,0.00,-0.0001,0.0000,1.2297,0.1859,0.0000,-0.0000,0.0000,90.2027
2026-05-07 18:27:37.952,0,10,10,0.00,0.0001,0.0000,1.2297,0.1859,0.0000,-0.0000,0.0000,90.2027
2026-05-07 18:27:38.451,0,10,10,0.00,0.0000,0.0001,1.2297,0.1859,0.0000,-0.0000,0.0000,90.2027
2026-05-07 18:27:38.952,0,10,10,0.00,-0.0001,0.0001,1.2297,0.1859,0.0000,-0.0000,0.0000,90.2027
2026-05-07 18:27:39.452,0,10,10,0.00,0.0000,0.0000,1.2297,0.1859,0.0000,-0.0000,0.0000,90.2027
2026-05-07 18:27:39.952,0,10,10,0.00,-0.0001,0.0000,1.2297,0.1859,0.0000,-0.0000,0.0000,90.2027
2026-05-07 18:27:40.452,0,10,10,0.00,0.0004,0.0000,1.2297,0.1859,0.0000,-0.0000,0.0000,90.2027
2026-05-07 18:27:40.952,0,10,10,0.00,0.0000,-0.0001,1.2297,0.1859,0.0000,-0.0000,0.0000,90.2027
2026-05-07 18:27:41.452,0,10,10,0.00,-0.0001,0.0001,1.2297,0.1859,0.0000,-0.0000,0.0000,90.2027
2026-05-07 18:27:41.952,0,10,10,0.00,0.0000,-0.0004,1.2297,0.1859,0.0000,-0.0000,0.0000,90.2027
2026-05-07 18:27:42.451,0,10,10,0.00,0.0000,-0.0001,1.2297,0.1859,0.0000,-0.0000,0.0000,90.2027
2026-05-07 18:27:42.951,0,10,10,0.00,0.0001,0.0003,1.2297,0.1859,0.0000,-0.0000,0.0000,90.2027
2026-05-07 18:27:43.452,0,10,10,0.00,0.0000,0.0000,1.2297,0.1859,0.0000,-0.0000,0.0000,90.2027
2026-05-07 18:27:43.951,0,10,10,0.00,-0.0001,0.0000,1.2297,0.1859,0.0000,-0.0000,0.0000,90.2027
2026-05-07 18:27:44.452,0,10,10,0.00,0.0000,0.0000,1.2297,0.1859,0.0000,-0.0000,0.0000,90.2027
2026-05-07 18:27:44.952,0,10,10,0.00,0.0000,0.0000,1.2297,0.1859,0.0000,-0.0000,0.0000,90.2027
2026-05-07 18:27:45.452,0,10,10,0.00,-0.0001,0.0000,1.2297,0.1859,0.0000,-0.0000,0.0000,90.2027
2026-05-07 18:27:45.951,0,10,10,0.00,0.0000,0.0001,1.2297,0.1859,0.0000,-0.0000,0.0000,90.2027
2026-05-07 18:27:46.452,0,10,10,0.00,-0.0001,0.0000,1.2297,0.1859,0.0000,-0.0000,0.0000,90.2027
2026-05-07 18:27:46.952,0,10,10,0.00,-0.0003,0.0000,1.2297,0.1859,0.0000,-0.0000,0.0000,90.2027
2026-05-07 18:27:47.451,0,10,10,0.00,0.0000,0.0000,1.2297,0.1859,0.0000,-0.0000,0.0000,90.2027
2026-05-07 18:27:47.952,0,10,10,0.00,0.0000,-0.0003,1.2297,0.1859,0.0000,-0.0000,0.0000,90.2027
2026-05-07 18:27:48.451,0,10,10,0.00,0.0000,0.0000,1.2297,0.1859,0.0000,-0.0000,0.0000,90.2027
2026-05-07 18:27:48.952,0,10,10,0.00,0.0001,0.0000,1.2297,0.1859,0.0000,-0.0000,0.0000,90.2027
2026-05-07 18:27:49.452,0,10,10,0.00,-0.0001,0.0000,1.2297,0.1859,0.0000,-0.0000,0.0000,90.2027
2026-05-07 18:27:49.951,0,10,10,0.00,-0.0003,0.0000,1.2297,0.1859,0.0000,-0.0000,0.0000,90.2027
2026-05-07 18:27:50.452,0,10,10,0.00,0.0001,-0.0001,1.2297,0.1859,0.0000,-0.0000,0.0000,90.2027
2026-05-07 18:27:50.951,0,10,10,0.00,0.0000,0.0000,1.2297,0.1859,0.0000,-0.0000,0.0000,90.2027
2026-05-07 18:27:51.452,0,10,10,0.00,0.0000,0.0000,1.2297,0.1859,0.0000,-0.0000,0.0000,90.2027
2026-05-07 18:27:51.952,0,10,10,0.00,0.0001,0.0000,1.2297,0.1859,0.0000,-0.0000,0.0000,90.2027
2026-05-07 18:27:52.452,0,10,10,0.00,0.0000,0.0003,1.2297,0.1859,0.0000,-0.0000,0.0000,90.2027
2026-05-07 18:27:52.952,0,10,10,0.00,0.0000,-0.0003,1.2297,0.1859,0.0000,-0.0000,0.0000,90.2027
2026-05-07 18:27:53.452,0,10,10,0.00,0.0000,0.0000,1.2297,0.1859,0.0000,-0.0000,0.0000,90.2027
2026-05-07 18:27:53.952,0,10,10,0.00,0.0000,-0.0001,1.2297,0.1859,0.0000,-0.0000,0.0000,90.2027
2026-05-07 18:27:54.452,0,10,10,0.00,0.0001,0.0001,1.2297,0.1859,0.0000,-0.0000,0.0000,90.2027
2026-05-07 18:27:54.952,0,10,10,0.00,0.0000,0.0000,1.2297,0.1859,0.0000,-0.0000,0.0000,90.2027
2026-05-07 18:27:55.452,0,10,10,0.00,-0.0001,0.0001,1.2297,0.1859,0.0000,-0.0000,0.0000,90.2027
2026-05-07 18:27:55.952,0,10,10,0.00,0.0000,0.0000,1.2297,0.1859,0.0000,-0.0000,0.0000,90.2027
2026-05-07 18:27:56.452,0,10,10,0.00,0.0001,0.0001,1.2297,0.1859,0.0000,-0.0000,0.0000,90.2027
2026-05-07 18:27:56.952,0,10,10,0.00,0.0000,0.0000,1.2297,0.1859,0.0000,-0.0000,0.0000,90.2027
2026-05-07 18:27:57.452,0,10,10,0.00,0.0000,0.0001,1.2297,0.1859,0.0000,-0.0000,0.0000,90.2027
2026-05-07 18:27:57.952,0,10,10,0.00,0.0003,0.0000,1.2297,0.1859,0.0000,-0.0000,0.0000,90.2027
2026-05-07 18:27:58.452,0,10,10,0.00,-0.0003,0.0000,1.2297,0.1859,0.0000,-0.0000,0.0000,90.2027
2026-05-07 18:27:58.952,0,10,10,0.00,0.0000,0.0000,1.2297,0.1859,0.0000,-0.0000,0.0000,90.2027
2026-05-07 18:27:59.452,0,10,10,0.00,0.0000,0.0000,1.2297,0.1859,0.0000,-0.0000,0.0000,90.2027
2026-05-07 18:27:59.952,0,10,10,0.00,-0.0001,0.0000,1.2297,0.1859,0.0000,-0.0000,0.0000,90.2027
2026-05-07 18:28:00.452,0,10,10,0.00,0.0000,0.0000,1.2297,0.1859,0.0000,-0.0000,0.0000,90.2027
2026-05-07 18:28:00.952,0,10,10,0.00,0.0003,0.0000,1.2297,0.1859,0.0000,-0.0000,0.0000,90.2027
2026-05-07 18:28:01.452,0,10,10,0.00,0.0000,0.0001,1.2297,0.1859,0.0000,-0.0000,0.0000,90.2027
2026-05-07 18:28:01.952,0,10,10,0.00,0.0000,0.0000,1.2297,0.1859,0.0000,-0.0000,0.0000,90.2027
2026-05-07 18:28:02.452,0,10,10,0.00,0.0000,-0.0001,1.2297,0.1859,0.0000,-0.0000,0.0000,90.2027
2026-05-07 18:28:02.952,0,10,10,0.00,0.0000,0.0003,1.2297,0.1859,0.0000,-0.0000,0.0000,90.2027
2026-05-07 18:28:03.452,0,10,10,0.00,-0.0001,0.0000,1.2297,0.1859,0.0000,-0.0000,0.0000,90.2027
2026-05-07 18:28:03.952,0,10,10,0.00,0.0007,0.0001,1.2297,0.1859,0.0000,-0.0000,0.0000,90.2027
2026-05-07 18:28:04.452,0,10,10,0.00,0.0003,0.0000,1.2297,0.1859,0.0000,-0.0000,0.0000,90.2027
2026-05-07 18:28:04.952,0,10,10,0.00,0.0001,-0.0003,1.2297,0.1859,0.0000,-0.0000,0.0000,90.2027
2026-05-07 18:28:05.456,0,10,10,0.00,0.0000,0.0001,1.2297,0.1859,0.0000,-0.0000,0.0000,90.2027
2026-05-07 18:28:05.952,0,10,10,0.00,0.0000,0.0000,1.2297,0.1859,0.0000,-0.0000,0.0000,90.2027
2026-05-07 18:28:06.452,0,10,10,0.00,0.0003,-0.0001,1.2297,0.1859,0.0000,-0.0000,0.0000,90.2027
2026-05-07 18:28:06.952,0,10,10,0.00,0.0000,0.0000,1.2297,0.1859,0.0000,-0.0000,0.0000,90.2027
2026-05-07 18:28:07.452,0,10,10,0.00,-0.0001,0.0000,1.2297,0.1859,0.0000,-0.0000,0.0000,90.2027
2026-05-07 18:28:07.952,0,10,10,0.00,0.0000,-0.0003,1.2297,0.1859,0.0000,-0.0000,0.0000,90.2027
2026-05-07 18:28:08.452,0,10,10,0.00,0.0000,0.0000,1.2297,0.1859,0.0000,-0.0000,0.0000,90.2027
2026-05-07 18:28:08.951,0,10,10,0.00,-0.0001,0.0000,1.2297,0.1859,0.0000,-0.0000,0.0000,90.2027
2026-05-07 18:28:09.452,0,10,10,0.00,0.0001,-0.0001,1.2297,0.1859,0.0000,-0.0000,0.0000,90.2027
2026-05-07 18:28:09.952,0,10,10,0.00,-0.0001,-0.0003,1.2297,0.1859,0.0000,-0.0000,0.0000,90.2027
2026-05-07 18:28:10.452,0,10,10,0.00,0.0000,0.0001,1.2297,0.1859,0.0000,-0.0000,0.0000,90.2027
2026-05-07 18:28:10.952,0,10,10,0.00,0.0000,-0.0001,1.2297,0.1859,0.0000,-0.0000,0.0000,90.2027
2026-05-07 18:28:11.452,0,10,10,0.00,0.0000,0.0000,1.2297,0.1859,0.0000,-0.0000,0.0000,90.2027
2026-05-07 18:28:11.952,0,10,10,0.00,0.0003,0.0000,1.2297,0.1859,0.0000,-0.0000,0.0000,90.2027
2026-05-07 18:28:12.452,0,10,10,0.00,0.0000,0.0000,1.2297,0.1859,0.0000,-0.0000,0.0000,90.2027
2026-05-07 18:28:12.951,0,10,10,0.00,0.0001,0.0000,1.2297,0.1859,0.0000,-0.0000,0.0000,90.2027
2026-05-07 18:28:13.451,0,10,10,0.00,0.0001,0.0000,1.2297,0.1859,0.0000,-0.0000,0.0000,90.2027
2026-05-07 18:28:13.952,0,10,10,0.00,0.0000,0.0001,1.2297,0.1859,0.0000,-0.0000,0.0000,90.2027
2026-05-07 18:28:14.452,0,10,10,0.00,-0.0001,0.0000,1.2297,0.1859,0.0000,-0.0000,0.0000,90.2027
2026-05-07 18:28:14.952,0,10,10,0.00,0.0001,0.0003,1.2297,0.1859,0.0000,-0.0000,0.0000,90.2027
2026-05-07 18:28:15.452,0,10,10,0.00,0.0005,0.0001,1.2297,0.1859,0.0000,-0.0000,0.0000,90.2027
2026-05-07 18:28:15.952,0,10,10,0.00,0.0000,0.0003,1.2297,0.1859,0.0000,-0.0000,0.0000,90.2027
2026-05-07 18:28:16.451,0,10,10,0.00,-0.0001,0.0001,1.2297,0.1859,0.0000,-0.0000,0.0000,90.2027
2026-05-07 18:28:16.952,0,10,10,0.00,0.0000,0.0000,1.2297,0.1859,0.0000,-0.0000,0.0000,90.2027
2026-05-07 18:28:17.452,0,10,10,0.00,-0.0003,0.0000,1.2297,0.1859,0.0000,-0.0000,0.0000,90.2027
2026-05-07 18:28:17.952,0,10,10,0.00,-0.0003,-0.0001,1.2297,0.1859,0.0000,-0.0000,0.0000,90.2027
2026-05-07 18:28:18.452,0,10,10,0.00,-0.0001,-0.0003,1.2297,0.1859,0.0000,-0.0000,0.0000,90.2027
2026-05-07 18:28:18.952,0,10,10,0.00,0.0000,0.0000,1.2297,0.1859,0.0000,-0.0000,0.0000,90.2027
2026-05-07 18:28:19.452,0,10,10,0.00,0.0000,0.0000,1.2297,0.1859,0.0000,-0.0000,0.0000,90.2027
2026-05-07 18:28:19.952,0,10,10,0.00,0.0000,-0.0004,1.2297,0.1859,0.0000,-0.0000,0.0000,90.2027
2026-05-07 18:28:20.452,0,10,10,0.00,0.0000,0.0000,1.2297,0.1859,0.0000,-0.0000,0.0000,90.2027
2026-05-07 18:28:20.952,0,10,10,0.00,0.0003,-0.0004,1.2297,0.1859,0.0000,-0.0000,0.0000,90.2027
2026-05-07 18:28:21.452,0,10,10,0.00,-0.0001,0.0003,1.2297,0.1859,0.0000,-0.0000,0.0000,90.2027
2026-05-07 18:28:21.952,0,10,10,0.00,0.0000,0.0000,1.2297,0.1859,0.0000,-0.0000,0.0000,90.2027
2026-05-07 18:28:22.452,0,10,10,0.00,0.0001,0.0001,1.2297,0.1859,0.0000,-0.0000,0.0000,90.2027
2026-05-07 18:28:22.952,0,10,10,0.00,0.0001,0.0000,1.2297,0.1859,0.0000,-0.0000,0.0000,90.2027
2026-05-07 18:28:23.452,0,10,10,0.00,-0.0003,0.0000,1.2297,0.1859,0.0000,-0.0000,0.0000,90.2027
2026-05-07 18:28:23.952,0,10,10,0.00,0.0000,0.0000,1.2297,0.1859,0.0000,-0.0000,0.0000,90.2027
2026-05-07 18:28:24.452,0,10,10,0.00,0.0000,-0.0001,1.2297,0.1859,0.0000,-0.0000,0.0000,90.2027
2026-05-07 18:28:24.952,0,10,10,0.00,0.0003,0.0000,1.2297,0.1859,0.0000,-0.0000,0.0000,90.2027
2026-05-07 18:28:25.452,0,10,10,0.00,0.0000,0.0000,1.2297,0.1859,0.0000,-0.0000,0.0000,90.2027
2026-05-07 18:28:25.952,0,10,10,0.00,0.0000,0.0001,1.2297,0.1859,0.0000,-0.0000,0.0000,90.2027
2026-05-07 18:28:26.452,0,10,10,0.00,0.0003,0.0001,1.2297,0.1859,0.0000,-0.0000,0.0000,90.2027
2026-05-07 18:28:26.952,0,10,10,0.00,0.0000,0.0000,1.2297,0.1859,0.0000,-0.0000,0.0000,90.2027
2026-05-07 18:28:27.452,0,10,10,0.00,-0.0004,0.0000,1.2297,0.1859,0.0000,-0.0000,0.0000,90.2027
2026-05-07 18:28:27.951,0,10,10,0.00,0.0001,0.0000,1.2297,0.1859,0.0000,-0.0000,0.0000,90.2027
2026-05-07 18:28:28.451,0,10,10,0.00,0.0000,0.0000,1.2297,0.1859,0.0000,-0.0000,0.0000,90.2027
2026-05-07 18:28:28.951,0,10,10,0.00,0.0000,0.0000,1.2297,0.1859,0.0000,-0.0000,0.0000,90.2027
2026-05-07 18:28:29.452,0,10,10,0.00,-0.0001,0.0000,1.2297,0.1859,0.0000,-0.0000,0.0000,90.2027
2026-05-07 18:28:29.952,0,10,10,0.00,0.0000,0.0000,1.2297,0.1859,0.0000,-0.0000,0.0000,90.2027
2026-05-07 18:28:30.452,0,10,10,0.00,0.0000,0.0001,1.2297,0.1859,0.0000,-0.0000,0.0000,90.2027
2026-05-07 18:28:30.952,0,10,10,0.00,0.0003,-0.0001,1.2297,0.1859,0.0000,-0.0000,0.0000,90.2027
2026-05-07 18:28:31.452,0,10,10,0.00,-0.0004,0.0000,1.2297,0.1859,0.0000,-0.0000,0.0000,90.2027
2026-05-07 18:28:31.952,0,10,10,0.00,0.0000,0.0003,1.2297,0.1859,0.0000,-0.0000,0.0000,90.2027
2026-05-07 18:28:32.452,0,10,10,0.00,0.0000,0.0001,1.2297,0.1859,0.0000,-0.0000,0.0000,90.2027
2026-05-07 18:28:32.951,0,10,10,0.00,0.0000,0.0000,1.2297,0.1859,0.0000,-0.0000,0.0000,90.2027
2026-05-07 18:28:33.452,0,10,10,0.00,0.0000,0.0000,1.2297,0.1859,0.0000,-0.0000,0.0000,90.2027
2026-05-07 18:28:33.952,0,10,10,0.00,0.0000,0.0000,1.2297,0.1859,0.0000,-0.0000,0.0000,90.2027
2026-05-07 18:28:34.452,0,10,10,0.00,0.0001,0.0000,1.2297,0.1859,0.0000,-0.0000,0.0000,90.2027
2026-05-07 18:28:34.952,0,10,10,0.00,0.0000,-0.0001,1.2297,0.1859,0.0000,-0.0000,0.0000,90.2027
2026-05-07 18:28:35.452,0,10,10,0.00,0.0000,0.0000,1.2297,0.1859,0.0000,-0.0000,0.0000,90.2027
2026-05-07 18:28:35.952,0,10,10,0.00,0.0003,0.0000,1.2297,0.1859,0.0000,-0.0000,0.0000,90.2027
2026-05-07 18:28:36.452,0,10,10,0.00,0.0001,-0.0004,1.2297,0.1859,0.0000,-0.0000,0.0000,90.2027
2026-05-07 18:28:36.952,0,10,10,0.00,0.0003,-0.0004,1.2297,0.1859,0.0000,-0.0000,0.0000,90.2027
2026-05-07 18:28:37.452,0,10,10,0.00,0.0001,0.0000,1.2297,0.1859,0.0000,-0.0000,0.0000,90.2027
2026-05-07 18:28:37.952,0,10,10,0.00,0.0000,0.0000,1.2297,0.1859,0.0000,-0.0000,0.0000,90.2027
2026-05-07 18:28:38.451,0,10,10,0.00,-0.0001,-0.0004,1.2297,0.1859,0.0000,-0.0000,0.0000,90.2027
2026-05-07 18:28:38.952,0,10,10,0.00,-0.0001,-0.0003,1.2297,0.1859,0.0000,-0.0000,0.0000,90.2027
2026-05-07 18:28:39.452,0,10,10,0.00,0.0000,0.0000,1.2297,0.1859,0.0000,-0.0000,0.0000,90.2027
2026-05-07 18:28:39.952,0,10,10,0.00,0.0000,0.0000,1.2297,0.1859,0.0000,-0.0000,0.0000,90.2027
2026-05-07 18:28:40.452,0,10,10,0.00,0.0000,0.0000,1.2297,0.1859,0.0000,-0.0000,0.0000,90.2027
2026-05-07 18:28:40.952,0,10,10,0.00,0.0000,0.0000,1.2297,0.1859,0.0000,-0.0000,0.0000,90.2027
2026-05-07 18:28:41.452,0,10,10,0.00,-0.0001,0.0003,1.2297,0.1859,0.0000,-0.0000,0.0000,90.2027
2026-05-07 18:28:41.952,0,10,10,0.00,0.0004,-0.0001,1.2297,0.1859,0.0000,-0.0000,0.0000,90.2027
2026-05-07 18:28:42.452,0,10,10,0.00,-0.0001,0.0000,1.2297,0.1859,0.0000,-0.0000,0.0000,90.2027
2026-05-07 18:28:42.952,0,10,10,0.00,0.0001,-0.0001,1.2297,0.1859,0.0000,-0.0000,0.0000,90.2027
2026-05-07 18:28:43.452,0,10,10,0.00,0.0000,0.0000,1.2297,0.1859,0.0000,-0.0000,0.0000,90.2027
2026-05-07 18:28:43.952,0,10,10,0.00,0.0000,0.0000,1.2297,0.1859,0.0000,-0.0000,0.0000,90.2027
2026-05-07 18:28:44.452,0,10,10,0.00,0.0000,0.0000,1.2297,0.1859,0.0000,-0.0000,0.0000,90.2027
2026-05-07 18:28:44.952,0,10,10,0.00,0.0000,0.0000,1.2297,0.1859,0.0000,-0.0000,0.0000,90.2027
2026-05-07 18:28:45.452,0,10,10,0.00,0.0000,0.0001,1.2297,0.1859,0.0000,-0.0000,0.0000,90.2027
2026-05-07 18:28:45.952,0,10,10,0.00,-0.0001,0.0000,1.2297,0.1859,0.0000,-0.0000,0.0000,90.2027
2026-05-07 18:28:46.452,0,10,10,0.00,0.0000,0.0000,1.2297,0.1859,0.0000,-0.0000,0.0000,90.2027
2026-05-07 18:28:46.952,0,10,10,0.00,0.0000,0.0000,1.2297,0.1859,0.0000,-0.0000,0.0000,90.2027
2026-05-07 18:28:47.452,0,10,10,0.00,-0.0001,-0.0001,1.2297,0.1859,0.0000,-0.0000,0.0000,90.2027
2026-05-07 18:28:47.952,0,10,10,0.00,0.0003,-0.0003,1.2297,0.1859,0.0000,-0.0000,0.0000,90.2027
2026-05-07 18:28:48.452,0,10,10,0.00,0.0000,0.0000,1.2297,0.1859,0.0000,-0.0000,0.0000,90.2027
2026-05-07 18:28:48.952,0,10,10,0.00,0.0000,0.0000,1.2297,0.1859,0.0000,-0.0000,0.0000,90.2027
2026-05-07 18:28:49.452,0,10,10,0.00,0.0000,0.0000,1.2297,0.1859,0.0000,-0.0000,0.0000,90.2027
2026-05-07 18:28:49.952,0,10,10,0.00,-0.0001,0.0001,1.2297,0.1859,0.0000,-0.0000,0.0000,90.2027
2026-05-07 18:28:50.452,0,10,10,0.00,0.0000,0.0000,1.2297,0.1859,0.0000,-0.0000,0.0000,90.2027
2026-05-07 18:28:50.952,0,10,10,0.00,-0.0001,0.0000,1.2297,0.1859,0.0000,-0.0000,0.0000,90.2027
2026-05-07 18:28:51.452,0,10,10,0.00,0.0000,0.0000,1.2297,0.1859,0.0000,-0.0000,0.0000,90.2027
2026-05-07 18:28:51.952,0,10,10,0.00,-0.0003,0.0000,1.2297,0.1859,0.0000,-0.0000,0.0000,90.2027
2026-05-07 18:28:52.452,0,10,10,0.00,-0.0001,0.0000,1.2297,0.1859,0.0000,-0.0000,0.0000,90.2027
2026-05-07 18:28:52.952,0,10,10,0.00,0.0000,0.0000,1.2297,0.1859,0.0000,-0.0000,0.0000,90.2027
2026-05-07 18:28:53.452,0,10,10,0.00,0.0000,0.0000,1.2297,0.1859,0.0000,-0.0000,0.0000,90.2027
2026-05-07 18:28:53.952,0,10,10,0.00,0.0000,0.0000,1.2297,0.1859,0.0000,-0.0000,0.0000,90.2027
2026-05-07 18:28:54.452,0,10,10,0.00,0.0000,0.0003,1.2297,0.1859,0.0000,-0.0000,0.0000,90.2027
2026-05-07 18:28:54.952,0,10,10,0.00,0.0005,0.0000,1.2297,0.1859,0.0000,-0.0000,0.0000,90.2027
2026-05-07 18:28:55.452,0,10,10,0.00,0.0001,0.0000,1.2297,0.1859,0.0000,-0.0000,0.0000,90.2027
2026-05-07 18:28:55.952,0,10,10,0.00,0.0000,0.0000,1.2297,0.1859,0.0000,-0.0000,0.0000,90.2027
2026-05-07 18:28:56.452,0,10,10,0.00,0.0000,0.0001,1.2297,0.1859,0.0000,-0.0000,0.0000,90.2027
2026-05-07 18:28:56.952,0,10,10,0.00,0.0001,0.0000,1.2297,0.1859,0.0000,-0.0000,0.0000,90.2027
2026-05-07 18:28:57.452,0,10,10,0.00,0.0001,0.0001,1.2297,0.1859,0.0000,-0.0000,0.0000,90.2027
2026-05-07 18:28:57.952,0,10,10,0.00,0.0001,0.0000,1.2297,0.1859,0.0000,-0.0000,0.0000,90.2027
2026-05-07 18:28:58.452,0,10,10,0.00,0.0000,0.0001,1.2297,0.1859,0.0000,-0.0000,0.0000,90.2027
2026-05-07 18:28:58.952,0,10,10,0.00,0.0001,-0.0001,1.2297,0.1859,0.0000,-0.0000,0.0000,90.2027
2026-05-07 18:28:59.452,0,10,10,0.00,-0.0001,0.0000,1.2297,0.1859,0.0000,-0.0000,0.0000,90.2027
2026-05-07 18:28:59.952,0,10,10,0.00,-0.0003,0.0000,1.2297,0.1859,0.0000,-0.0000,0.0000,90.2027
2026-05-07 18:29:00.452,0,10,10,0.00,0.0003,-0.0001,1.2297,0.1859,0.0000,-0.0000,0.0000,90.2027
2026-05-07 18:29:00.952,0,10,10,0.00,-0.0001,0.0000,1.2297,0.1859,0.0000,-0.0000,0.0000,90.2027
2026-05-07 18:29:01.452,0,10,10,0.00,-0.0001,-0.0003,1.2297,0.1859,0.0000,-0.0000,0.0000,90.2027
2026-05-07 18:29:01.952,0,10,10,0.00,0.0000,0.0000,1.2297,0.1859,0.0000,-0.0000,0.0000,90.2027
2026-05-07 18:29:02.452,0,10,10,0.00,0.0000,0.0000,1.2297,0.1859,0.0000,-0.0000,0.0000,90.2027
2026-05-07 18:29:02.952,0,10,10,0.00,0.0000,0.0001,1.2297,0.1859,0.0000,-0.0000,0.0000,90.2027
2026-05-07 18:29:03.452,0,10,10,0.00,0.0000,0.0001,1.2297,0.1859,0.0000,-0.0000,0.0000,90.2027
2026-05-07 18:29:03.952,0,10,10,0.00,-0.0004,-0.0001,1.2297,0.1859,0.0000,-0.0000,0.0000,90.2027
2026-05-07 18:29:04.452,0,10,10,0.00,0.0000,0.0000,1.2297,0.1859,0.0000,-0.0000,0.0000,90.2027
2026-05-07 18:29:04.952,0,10,10,0.00,0.0001,0.0000,1.2297,0.1859,0.0000,-0.0000,0.0000,90.2027
2026-05-07 18:29:05.452,0,10,10,0.00,0.0000,0.0000,1.2297,0.1859,0.0000,-0.0000,0.0000,90.2027
2026-05-07 18:29:05.952,0,10,10,0.00,0.0000,0.0003,1.2297,0.1859,0.0000,-0.0000,0.0000,90.2027
2026-05-07 18:29:06.452,0,10,10,0.00,0.0000,-0.0003,1.2297,0.1859,0.0000,-0.0000,0.0000,90.2027
2026-05-07 18:29:06.952,0,10,10,0.00,0.0001,-0.0001,1.2297,0.1859,0.0000,-0.0000,0.0000,90.2027
2026-05-07 18:29:07.452,0,10,10,0.00,0.0005,0.0000,1.2297,0.1859,0.0000,-0.0000,0.0000,90.2027
2026-05-07 18:29:07.952,0,10,10,0.00,0.0000,0.0003,1.2297,0.1859,0.0000,-0.0000,0.0000,90.2027
2026-05-07 18:29:08.452,0,10,10,0.00,0.0000,0.0000,1.2297,0.1859,0.0000,-0.0000,0.0000,90.2027
2026-05-07 18:29:08.952,0,10,10,0.00,0.0000,-0.0001,1.2297,0.1859,0.0000,-0.0000,0.0000,90.2027
2026-05-07 18:29:09.452,0,10,10,0.00,0.0003,0.0000,1.2297,0.1859,0.0000,-0.0000,0.0000,90.2027
2026-05-07 18:29:09.952,0,10,10,0.00,-0.0001,0.0000,1.2297,0.1859,0.0000,-0.0000,0.0000,90.2027
2026-05-07 18:29:10.452,0,10,10,0.00,0.0005,0.0001,1.2297,0.1859,0.0000,-0.0000,0.0000,90.2027
2026-05-07 18:29:10.952,0,10,10,0.00,0.0000,0.0000,1.2297,0.1859,0.0000,-0.0000,0.0000,90.2027
2026-05-07 18:29:11.452,0,10,10,0.00,0.0000,0.0001,1.2297,0.1859,0.0000,-0.0000,0.0000,90.2398
2026-05-07 18:29:11.952,0,10,10,0.00,-0.0003,0.0000,1.2297,0.1859,0.0000,-0.0000,0.0000,90.2398
2026-05-07 18:29:12.452,0,10,10,0.00,0.0000,0.0000,1.2297,0.1859,0.0000,-0.0000,0.0000,90.2398
2026-05-07 18:29:12.952,0,10,10,0.00,0.0000,0.0000,1.2297,0.1859,0.0000,-0.0000,0.0000,90.2398
2026-05-07 18:29:13.452,0,10,10,0.00,-0.0001,0.0001,1.2297,0.1859,0.0000,-0.0000,0.0000,90.2398
2026-05-07 18:29:13.952,0,10,10,0.00,0.0003,0.0000,1.2297,0.1859,0.0000,-0.0000,0.0000,90.2398
2026-05-07 18:29:14.452,0,10,10,0.00,-0.0004,0.0000,1.2297,0.1859,0.0000,-0.0000,0.0000,90.2398
2026-05-07 18:29:14.952,0,10,10,0.00,0.0000,0.0000,1.2297,0.1859,0.0000,-0.0000,0.0000,90.2398
2026-05-07 18:29:15.452,0,10,10,0.00,0.0001,0.0000,1.2297,0.1859,0.0000,-0.0000,0.0000,90.2398
2026-05-07 18:29:15.952,0,10,10,0.00,0.0000,0.0000,1.2297,0.1859,0.0000,-0.0000,0.0000,90.2398
2026-05-07 18:29:16.452,0,10,10,0.00,0.0000,0.0000,1.2297,0.1859,0.0000,-0.0000,0.0000,90.2398
2026-05-07 18:29:16.952,0,10,10,0.00,0.0000,0.0000,1.2297,0.1859,0.0000,-0.0000,0.0000,90.2398
2026-05-07 18:29:17.452,0,10,10,0.00,0.0001,0.0001,1.2297,0.1859,0.0000,-0.0000,0.0000,90.2398
2026-05-07 18:29:17.952,0,10,10,0.00,-0.0003,0.0000,1.2297,0.1859,0.0000,-0.0000,0.0000,90.2398
2026-05-07 18:29:18.451,0,10,10,0.00,0.0000,0.0000,1.2297,0.1859,0.0000,-0.0000,0.0000,90.2398
2026-05-07 18:29:18.952,0,10,10,0.00,0.0000,0.0000,1.2297,0.1859,0.0000,-0.0000,0.0000,90.2398
2026-05-07 18:29:19.452,0,10,10,0.00,0.0003,0.0000,1.2297,0.1859,0.0000,-0.0000,0.0000,90.2398
2026-05-07 18:29:19.952,0,10,10,0.00,0.0001,0.0000,1.2297,0.1859,0.0000,-0.0000,0.0000,90.2398
2026-05-07 18:29:20.452,0,10,10,0.00,0.0000,0.0000,1.2297,0.1859,0.0000,-0.0000,0.0000,90.2398
2026-05-07 18:29:20.952,0,10,10,0.00,-0.0007,0.0000,1.2297,0.1859,0.0000,-0.0000,0.0000,90.2398
2026-05-07 18:29:21.452,0,10,10,0.00,-0.0001,-0.0003,1.2297,0.1859,0.0000,-0.0000,0.0000,90.2398
2026-05-07 18:29:21.952,0,10,10,0.00,0.0001,0.0000,1.2297,0.1859,0.0000,-0.0000,0.0000,90.2398
2026-05-07 18:29:22.452,0,10,10,0.00,0.0000,-0.0001,1.2297,0.1859,0.0000,-0.0000,0.0000,90.2398
2026-05-07 18:29:22.952,0,10,10,0.00,0.0001,0.0000,1.2297,0.1859,0.0000,-0.0000,0.0000,90.2398
2026-05-07 18:29:23.452,0,10,10,0.00,0.0001,0.0000,1.2297,0.1859,0.0000,-0.0000,0.0000,90.2398
2026-05-07 18:29:23.951,0,10,10,0.00,0.0001,0.0000,1.2297,0.1859,0.0000,-0.0000,0.0000,90.2398
2026-05-07 18:29:24.452,0,10,10,0.00,-0.0001,0.0000,1.2297,0.1859,0.0000,-0.0000,0.0000,90.2398
2026-05-07 18:29:24.952,0,10,10,0.00,0.0000,-0.0001,1.2297,0.1859,0.0000,-0.0000,0.0000,90.2398
2026-05-07 18:29:25.452,0,10,10,0.00,-0.0004,0.0000,1.2297,0.1859,0.0000,-0.0000,0.0000,90.2398
2026-05-07 18:29:25.952,0,10,10,0.00,0.0001,-0.0001,1.2297,0.1859,0.0000,-0.0000,0.0000,90.2398
2026-05-07 18:29:26.452,0,10,10,0.00,-0.0003,-0.0003,1.2297,0.1859,0.0000,-0.0000,0.0000,90.2398
2026-05-07 18:29:26.952,0,10,10,0.00,0.0003,0.0000,1.2297,0.1859,0.0000,-0.0000,0.0000,90.2398
2026-05-07 18:29:27.452,0,10,10,0.00,0.0000,0.0000,1.2297,0.1859,0.0000,-0.0000,0.0000,90.2398
2026-05-07 18:29:27.951,0,10,10,0.00,-0.0003,0.0001,1.2297,0.1859,0.0000,-0.0000,0.0000,90.2398
2026-05-07 18:29:28.452,0,10,10,0.00,0.0001,0.0000,1.2297,0.1859,0.0000,-0.0000,0.0000,90.2398
2026-05-07 18:29:28.952,0,10,10,0.00,-0.0003,0.0000,1.2297,0.1859,0.0000,-0.0000,0.0000,90.2398
2026-05-07 18:29:29.452,0,10,10,0.00,0.0001,-0.0001,1.2297,0.1859,0.0000,-0.0000,0.0000,90.2398
2026-05-07 18:29:29.952,0,10,10,0.00,0.0000,0.0000,1.2297,0.1859,0.0000,-0.0000,0.0000,90.2398
2026-05-07 18:29:30.452,0,10,10,0.00,0.0000,-0.0001,1.2297,0.1859,0.0000,-0.0000,0.0000,90.2398
2026-05-07 18:29:30.952,0,10,10,0.00,0.0001,0.0000,1.2297,0.1859,0.0000,-0.0000,0.0000,90.2398
2026-05-07 18:29:31.452,0,10,10,0.00,0.0000,0.0000,1.2297,0.1859,0.0000,-0.0000,0.0000,90.2398
2026-05-07 18:29:31.952,0,10,10,0.00,-0.0001,-0.0003,1.2297,0.1859,0.0000,-0.0000,0.0000,90.2398
2026-05-07 18:29:32.452,0,10,10,0.00,0.0000,0.0000,1.2297,0.1859,0.0000,-0.0000,0.0000,90.2398
2026-05-07 18:29:32.952,0,10,10,0.00,0.0000,0.0000,1.2297,0.1859,0.0000,-0.0000,0.0000,90.2398
2026-05-07 18:29:33.452,0,10,10,0.00,-0.0003,-0.0003,1.2297,0.1859,0.0000,-0.0000,0.0000,90.2398
2026-05-07 18:29:33.952,0,10,10,0.00,-0.0001,0.0001,1.2297,0.1859,0.0000,-0.0000,0.0000,90.2398
2026-05-07 18:29:34.452,0,10,10,0.00,0.0003,0.0001,1.2297,0.1859,0.0000,-0.0000,0.0000,90.2398
2026-05-07 18:29:34.952,0,10,10,0.00,0.0001,0.0000,1.2297,0.1859,0.0000,-0.0000,0.0000,90.2398
2026-05-07 18:29:35.452,0,10,10,0.00,0.0000,0.0000,1.2297,0.1859,0.0000,-0.0000,0.0000,90.2398
2026-05-07 18:29:35.952,0,10,10,0.00,0.0000,0.0000,1.2297,0.1859,0.0000,-0.0000,0.0000,90.2398
2026-05-07 18:29:36.452,0,10,10,0.00,-0.0003,0.0000,1.2297,0.1859,0.0000,-0.0000,0.0000,90.2398
2026-05-07 18:29:36.952,0,10,10,0.00,0.0000,0.0000,1.2297,0.1859,0.0000,-0.0000,0.0000,90.2398
2026-05-07 18:29:37.452,0,10,10,0.00,0.0000,0.0000,1.2297,0.1859,0.0000,-0.0000,0.0000,90.2398
2026-05-07 18:29:37.952,0,10,10,0.00,0.0000,0.0000,1.2297,0.1859,0.0000,-0.0000,0.0000,90.2398
2026-05-07 18:29:38.451,0,10,10,0.00,0.0000,0.0000,1.2297,0.1859,0.0000,-0.0000,0.0000,90.2398
2026-05-07 18:29:38.952,0,10,10,0.00,0.0000,0.0000,1.2297,0.1859,0.0000,-0.0000,0.0000,90.2398
2026-05-07 18:29:39.452,0,10,10,0.00,0.0000,0.0000,1.2297,0.1859,0.0000,-0.0000,0.0000,90.2398
2026-05-07 18:29:39.952,0,10,10,0.00,0.0000,0.0000,1.2297,0.1859,0.0000,-0.0000,0.0000,90.2398
2026-05-07 18:29:40.452,0,10,10,0.00,0.0005,0.0000,1.2297,0.1859,0.0000,-0.0000,0.0000,90.2398
2026-05-07 18:29:40.952,0,10,10,0.00,0.0004,0.0000,1.2297,0.1859,0.0000,-0.0000,0.0000,90.2398
2026-05-07 18:29:41.452,0,10,10,0.00,-0.0001,0.0004,1.2297,0.1859,0.0000,-0.0000,0.0000,90.2398
2026-05-07 18:29:41.952,0,10,10,0.00,0.0000,-0.0001,1.2297,0.1859,0.0000,-0.0000,0.0000,90.2398
2026-05-07 18:29:42.452,0,10,10,0.00,0.0001,0.0000,1.2297,0.1859,0.0000,-0.0000,0.0000,90.2398
2026-05-07 18:29:42.952,0,10,10,0.00,0.0003,0.0000,1.2297,0.1859,0.0000,-0.0000,0.0000,90.2398
2026-05-07 18:29:43.451,0,10,10,0.00,0.0000,-0.0001,1.2297,0.1859,0.0000,-0.0000,0.0000,90.2398
2026-05-07 18:29:43.952,0,10,10,0.00,0.0001,0.0004,1.2297,0.1859,0.0000,-0.0000,0.0000,90.2398
2026-05-07 18:29:44.452,0,10,10,0.00,-0.0007,0.0000,1.2297,0.1859,0.0000,-0.0000,0.0000,90.2398
2026-05-07 18:29:44.952,0,10,10,0.00,0.0001,0.0004,1.2297,0.1859,0.0000,-0.0000,0.0000,90.2398
2026-05-07 18:29:45.452,0,10,10,0.00,-0.0001,0.0000,1.2297,0.1859,0.0000,-0.0000,0.0000,90.2398
2026-05-07 18:29:45.952,0,10,10,0.00,0.0003,0.0000,1.2297,0.1859,0.0000,-0.0000,0.0000,90.2398
2026-05-07 18:29:46.452,0,10,10,0.00,0.0004,0.0001,1.2297,0.1859,0.0000,-0.0000,0.0000,90.2398
2026-05-07 18:29:46.952,0,10,10,0.00,0.0003,0.0000,1.2297,0.1859,0.0000,-0.0000,0.0000,90.2398
2026-05-07 18:29:47.452,0,10,10,0.00,-0.0001,0.0000,1.2297,0.1859,0.0000,-0.0000,0.0000,90.2398
2026-05-07 18:29:47.952,0,10,10,0.00,0.0001,0.0000,1.2297,0.1859,0.0000,-0.0000,0.0000,90.2398
2026-05-07 18:29:48.452,0,10,10,0.00,0.0000,-0.0001,1.2297,0.1859,0.0000,-0.0000,0.0000,90.2398
2026-05-07 18:29:48.952,0,10,10,0.00,0.0000,0.0000,1.2297,0.1859,0.0000,-0.0000,0.0000,90.2398
2026-05-07 18:29:49.452,0,10,10,0.00,0.0000,0.0000,1.2297,0.1859,0.0000,-0.0000,0.0000,90.2398
2026-05-07 18:29:49.952,0,10,10,0.00,0.0000,0.0001,1.2297,0.1859,0.0000,-0.0000,0.0000,90.2398
2026-05-07 18:29:50.452,0,10,10,0.00,-0.0003,-0.0001,1.2297,0.1859,0.0000,-0.0000,0.0000,90.2398
2026-05-07 18:29:50.952,0,10,10,0.00,-0.0004,0.0001,1.2297,0.1859,0.0000,-0.0000,0.0000,90.2398
2026-05-07 18:29:51.452,0,10,10,0.00,0.0000,0.0000,1.2297,0.1859,0.0000,-0.0000,0.0000,90.2398
2026-05-07 18:29:51.952,0,10,10,0.00,0.0000,0.0000,1.2297,0.1859,0.0000,-0.0000,0.0000,90.2398
2026-05-07 18:29:52.452,0,10,10,0.00,-0.0001,0.0000,1.2297,0.1859,0.0000,-0.0000,0.0000,90.2398
2026-05-07 18:29:52.952,0,10,10,0.00,0.0000,0.0000,1.2297,0.1859,0.0000,-0.0000,0.0000,90.2398
2026-05-07 18:29:53.452,0,10,10,0.00,0.0000,-0.0003,1.2297,0.1859,0.0000,-0.0000,0.0000,90.2398
2026-05-07 18:29:53.952,0,10,10,0.00,0.0000,0.0000,1.2297,0.1859,0.0000,-0.0000,0.0000,90.2398
2026-05-07 18:29:54.452,0,10,10,0.00,0.0000,0.0001,1.2297,0.1859,0.0000,-0.0000,0.0000,90.2398
2026-05-07 18:29:54.952,0,10,10,0.00,0.0001,0.0000,1.2297,0.1859,0.0000,-0.0000,0.0000,90.2398
2026-05-07 18:29:55.452,0,10,10,0.00,0.0000,0.0001,1.2297,0.1859,0.0000,-0.0000,0.0000,90.2398
2026-05-07 18:29:55.951,0,10,10,0.00,0.0001,0.0000,1.2297,0.1859,0.0000,-0.0000,0.0000,90.2398
2026-05-07 18:29:56.452,0,10,10,0.00,-0.0001,-0.0003,1.2297,0.1859,0.0000,-0.0000,0.0000,90.2398
2026-05-07 18:29:56.952,0,10,10,0.00,0.0000,0.0000,1.2297,0.1859,0.0000,-0.0000,0.0000,90.2398
2026-05-07 18:29:57.452,0,10,10,0.00,0.0000,0.0000,1.2297,0.1859,0.0000,-0.0000,0.0000,90.2398
2026-05-07 18:29:57.952,0,10,10,0.00,0.0000,0.0000,1.2297,0.1859,0.0000,-0.0000,0.0000,90.2398
2026-05-07 18:29:58.451,0,10,10,0.00,0.0000,0.0000,1.2297,0.1859,0.0000,-0.0000,0.0000,90.2398
2026-05-07 18:29:58.952,0,10,10,0.00,0.0003,0.0001,1.2297,0.1859,0.0000,-0.0000,0.0000,90.2398
2026-05-07 18:29:59.452,0,10,10,0.00,0.0001,0.0000,1.2297,0.1859,0.0000,-0.0000,0.0000,90.2398
2026-05-07 18:29:59.952,0,10,10,0.00,0.0001,0.0001,1.2297,0.1859,0.0000,-0.0000,0.0000,90.2398
2026-05-07 18:30:00.451,0,10,10,0.00,0.0000,0.0001,1.2297,0.1859,0.0000,-0.0000,0.0000,90.2398
2026-05-07 18:30:00.952,0,10,10,0.00,0.0003,0.0000,1.2297,0.1859,0.0000,-0.0000,0.0000,90.2398
2026-05-07 18:30:01.452,0,10,10,0.00,0.0000,0.0003,1.2297,0.1859,0.0000,-0.0000,0.0000,90.2398
2026-05-07 18:30:01.952,0,10,10,0.00,0.0001,0.0000,1.2297,0.1859,0.0000,-0.0000,0.0000,90.2398
2026-05-07 18:30:02.452,0,10,10,0.00,-0.0001,-0.0003,1.2297,0.1859,0.0000,-0.0000,0.0000,90.2398
2026-05-07 18:30:02.952,0,10,10,0.00,-0.0001,0.0000,1.2297,0.1859,0.0000,-0.0000,0.0000,90.2398
2026-05-07 18:30:03.452,0,10,10,0.00,0.0000,0.0001,1.2297,0.1859,0.0000,-0.0000,0.0000,90.2398
2026-05-07 18:30:03.952,0,10,10,0.00,0.0001,0.0000,1.2297,0.1859,0.0000,-0.0000,0.0000,90.2398
2026-05-07 18:30:04.452,0,10,10,0.00,0.0000,-0.0001,1.2297,0.1859,0.0000,-0.0000,0.0000,90.2398
2026-05-07 18:30:04.952,0,10,10,0.00,0.0000,0.0000,1.2297,0.1859,0.0000,-0.0000,0.0000,90.2398
2026-05-07 18:30:05.452,0,10,10,0.00,0.0000,0.0001,1.2297,0.1859,0.0000,-0.0000,0.0000,90.2398
2026-05-07 18:30:05.952,0,10,10,0.00,0.0000,0.0001,1.2297,0.1859,0.0000,-0.0000,0.0000,90.2398
2026-05-07 18:30:06.452,0,10,10,0.00,0.0000,0.0001,1.2297,0.1859,0.0000,-0.0000,0.0000,90.2398
2026-05-07 18:30:06.952,0,10,10,0.00,0.0000,0.0001,1.2297,0.1859,0.0000,-0.0000,0.0000,90.2398
2026-05-07 18:30:07.452,0,10,10,0.00,0.0003,0.0001,1.2297,0.1859,0.0000,-0.0000,0.0000,90.2398
2026-05-07 18:30:07.952,0,10,10,0.00,0.0000,0.0000,1.2297,0.1859,0.0000,-0.0000,0.0000,90.2398
2026-05-07 18:30:08.452,0,10,10,0.00,0.0000,0.0000,1.2297,0.1859,0.0000,-0.0000,0.0000,90.2398
2026-05-07 18:30:08.952,0,10,10,0.00,0.0000,-0.0001,1.2297,0.1859,0.0000,-0.0000,0.0000,90.2398
2026-05-07 18:30:09.452,0,10,10,0.00,-0.0001,0.0000,1.2297,0.1859,0.0000,-0.0000,0.0000,90.2398
2026-05-07 18:30:09.952,0,10,10,0.00,0.0000,0.0000,1.2297,0.1859,0.0000,-0.0000,0.0000,90.2398
2026-05-07 18:30:10.452,0,10,10,0.00,0.0000,0.0000,1.2297,0.1859,0.0000,-0.0000,0.0000,90.2398
2026-05-07 18:30:10.951,0,10,10,0.00,0.0001,0.0001,1.2297,0.1859,0.0000,-0.0000,0.0000,90.2398
2026-05-07 18:30:11.452,0,10,10,0.00,0.0000,-0.0001,1.2297,0.1859,0.0000,-0.0000,0.0000,90.2398
2026-05-07 18:30:11.952,0,10,10,0.00,0.0004,0.0005,1.2297,0.1859,0.0000,-0.0000,0.0000,90.2398
2026-05-07 18:30:12.452,0,10,10,0.00,0.0000,0.0001,1.2297,0.1859,0.0000,-0.0000,0.0000,90.2398
2026-05-07 18:30:12.952,0,10,10,0.00,0.0001,0.0000,1.2297,0.1859,0.0000,-0.0000,0.0000,90.2398
2026-05-07 18:30:13.451,0,10,10,0.00,0.0000,0.0000,1.2297,0.1859,0.0000,-0.0000,0.0000,90.2398
2026-05-07 18:30:13.952,0,10,10,0.00,-0.0003,-0.0003,1.2297,0.1859,0.0000,-0.0000,0.0000,90.2398
2026-05-07 18:30:14.452,0,10,10,0.00,0.0000,-0.0001,1.2297,0.1859,0.0000,-0.0000,0.0000,90.2398
2026-05-07 18:30:14.952,0,10,10,0.00,0.0000,0.0000,1.2297,0.1859,0.0000,-0.0000,0.0000,90.2398
2026-05-07 18:30:15.452,0,10,10,0.00,-0.0001,0.0000,1.2297,0.1859,0.0000,-0.0000,0.0000,90.2398
2026-05-07 18:30:15.952,0,10,10,0.00,0.0000,0.0000,1.2297,0.1859,0.0000,-0.0000,0.0000,90.2398
2026-05-07 18:30:16.452,0,10,10,0.00,-0.0003,0.0000,1.2297,0.1859,0.0000,-0.0000,0.0000,90.2398
2026-05-07 18:30:16.952,0,10,10,0.00,0.0001,0.0000,1.2297,0.1859,0.0000,-0.0000,0.0000,90.2398
2026-05-07 18:30:17.452,0,10,10,0.00,0.0001,0.0000,1.2297,0.1859,0.0000,-0.0000,0.0000,90.2398
2026-05-07 18:30:17.952,0,10,10,0.00,0.0001,-0.0001,1.2297,0.1859,0.0000,-0.0000,0.0000,90.2398
2026-05-07 18:30:18.452,0,10,10,0.00,-0.0003,0.0001,1.2297,0.1859,0.0000,-0.0000,0.0000,90.2398
2026-05-07 18:30:18.951,0,10,10,0.00,0.0000,0.0000,1.2297,0.1859,0.0000,-0.0000,0.0000,90.2398
2026-05-07 18:30:19.452,0,10,10,0.00,-0.0001,0.0003,1.2297,0.1859,0.0000,-0.0000,0.0000,90.2398
2026-05-07 18:30:19.952,0,10,10,0.00,-0.0001,0.0000,1.2297,0.1859,0.0000,-0.0000,0.0000,90.2398
2026-05-07 18:30:20.452,0,10,10,0.00,0.0001,0.0000,1.2297,0.1859,0.0000,-0.0000,0.0000,90.2398
2026-05-07 18:30:20.952,0,10,10,0.00,0.0000,0.0001,1.2297,0.1859,0.0000,-0.0000,0.0000,90.2398
2026-05-07 18:30:21.451,0,10,10,0.00,0.0000,0.0000,1.2297,0.1859,0.0000,-0.0000,0.0000,90.2398
2026-05-07 18:30:21.952,0,10,10,0.00,0.0003,0.0001,1.2297,0.1859,0.0000,-0.0000,0.0000,90.2398
2026-05-07 18:30:22.452,0,10,10,0.00,0.0000,-0.0001,1.2297,0.1859,0.0000,-0.0000,0.0000,90.2398
2026-05-07 18:30:22.952,0,10,10,0.00,0.0000,0.0000,1.2297,0.1859,0.0000,-0.0000,0.0000,90.2398
2026-05-07 18:30:23.451,0,10,10,0.00,0.0001,0.0003,1.2297,0.1859,0.0000,-0.0000,0.0000,90.2398
2026-05-07 18:30:23.952,0,10,10,0.00,0.0000,0.0000,1.2297,0.1859,0.0000,-0.0000,0.0000,90.2398
2026-05-07 18:30:24.452,0,10,10,0.00,-0.0001,-0.0003,1.2297,0.1859,0.0000,-0.0000,0.0000,90.2398
2026-05-07 18:30:24.952,0,10,10,0.00,0.0000,0.0000,1.2297,0.1859,0.0000,-0.0000,0.0000,90.2398
2026-05-07 18:30:25.452,0,10,10,0.00,0.0004,0.0000,1.2297,0.1859,0.0000,-0.0000,0.0000,90.2398
2026-05-07 18:30:25.952,0,10,10,0.00,0.0004,-0.0003,1.2297,0.1859,0.0000,-0.0000,0.0000,90.2398
2026-05-07 18:30:26.452,0,10,10,0.00,0.0000,-0.0005,1.2297,0.1859,0.0000,-0.0000,0.0000,90.2398
2026-05-07 18:30:26.952,0,10,10,0.00,0.0000,-0.0001,1.2297,0.1859,0.0000,-0.0000,0.0000,90.2398
2026-05-07 18:30:27.452,0,10,10,0.00,0.0000,0.0001,1.2297,0.1859,0.0000,-0.0000,0.0000,90.2398
2026-05-07 18:30:27.952,0,10,10,0.00,-0.0003,0.0000,1.2297,0.1859,0.0000,-0.0000,0.0000,90.2398
2026-05-07 18:30:28.451,0,10,10,0.00,0.0000,0.0001,1.2297,0.1859,0.0000,-0.0000,0.0000,90.2398
2026-05-07 18:30:28.952,0,10,10,0.00,-0.0001,0.0000,1.2297,0.1859,0.0000,-0.0000,0.0000,90.2398
2026-05-07 18:30:29.451,0,10,10,0.00,-0.0001,0.0003,1.2297,0.1859,0.0000,-0.0000,0.0000,90.2398
2026-05-07 18:30:29.952,0,10,10,0.00,0.0000,0.0003,1.2297,0.1859,0.0000,-0.0000,0.0000,90.2398
2026-05-07 18:30:30.452,0,10,10,0.00,-0.0003,0.0000,1.2297,0.1859,0.0000,-0.0000,0.0000,90.2398
2026-05-07 18:30:30.952,0,10,10,0.00,0.0003,0.0000,1.2297,0.1859,0.0000,-0.0000,0.0000,90.2398
2026-05-07 18:30:31.454,0,10,10,0.00,0.0000,-0.0001,1.2297,0.1859,0.0000,-0.0000,0.0000,90.2398
2026-05-07 18:30:31.952,0,10,10,0.00,0.0001,0.0001,1.2297,0.1859,0.0000,-0.0000,0.0000,90.2398
2026-05-07 18:30:32.451,0,10,10,0.00,0.0000,-0.0001,1.2297,0.1859,0.0000,-0.0000,0.0000,90.2398
2026-05-07 18:30:32.952,0,10,10,0.00,-0.0001,0.0001,1.2297,0.1859,0.0000,-0.0000,0.0000,90.2398
2026-05-07 18:30:33.452,0,10,10,0.00,0.0000,-0.0001,1.2297,0.1859,0.0000,-0.0000,0.0000,90.2398
2026-05-07 18:30:33.952,0,10,10,0.00,0.0000,-0.0001,1.2297,0.1859,0.0000,-0.0000,0.0000,90.2398
2026-05-07 18:30:34.452,0,10,10,0.00,-0.0001,0.0000,1.2297,0.1859,0.0000,-0.0000,0.0000,90.2398
2026-05-07 18:30:34.952,0,10,10,0.00,0.0000,0.0000,1.2297,0.1859,0.0000,-0.0000,0.0000,90.2398
2026-05-07 18:30:35.452,0,10,10,0.00,0.0001,0.0000,1.2297,0.1859,0.0000,-0.0000,0.0000,90.2398
2026-05-07 18:30:35.952,0,10,10,0.00,0.0003,-0.0001,1.2297,0.1859,0.0000,-0.0000,0.0000,90.2398
2026-05-07 18:30:36.452,0,10,10,0.00,0.0001,0.0000,1.2297,0.1859,0.0000,-0.0000,0.0000,90.2398
2026-05-07 18:30:36.952,0,10,10,0.00,-0.0003,0.0004,1.2297,0.1859,0.0000,-0.0000,0.0000,90.2398
2026-05-07 18:30:37.451,0,10,10,0.00,0.0000,0.0000,1.2297,0.1859,0.0000,-0.0000,0.0000,90.2398
2026-05-07 18:30:37.952,0,10,10,0.00,0.0000,0.0000,1.2297,0.1859,0.0000,-0.0000,0.0000,90.2398
2026-05-07 18:30:38.451,0,10,10,0.00,-0.0001,-0.0003,1.2297,0.1859,0.0000,-0.0000,0.0000,90.2398
2026-05-07 18:30:38.952,0,10,10,0.00,0.0000,0.0000,1.2297,0.1859,0.0000,-0.0000,0.0000,90.2398
2026-05-07 18:30:39.451,0,10,10,0.00,0.0000,0.0000,1.2297,0.1859,0.0000,-0.0000,0.0000,90.2398
2026-05-07 18:30:39.952,0,10,10,0.00,0.0000,0.0000,1.2297,0.1859,0.0000,-0.0000,0.0000,90.2398
2026-05-07 18:30:40.452,0,10,10,0.00,-0.0001,0.0000,1.2297,0.1859,0.0000,-0.0000,0.0000,90.2398
2026-05-07 18:30:40.952,0,10,10,0.00,0.0000,0.0001,1.2297,0.1859,0.0000,-0.0000,0.0000,90.2398
2026-05-07 18:30:41.452,0,10,10,0.00,0.0000,-0.0001,1.2297,0.1859,0.0000,-0.0000,0.0000,90.2398
2026-05-07 18:30:41.952,0,10,10,0.00,0.0000,0.0000,1.2297,0.1859,0.0000,-0.0000,0.0000,90.2398
2026-05-07 18:30:42.452,0,10,10,0.00,0.0000,0.0001,1.2297,0.1859,0.0000,-0.0000,0.0000,90.2398
2026-05-07 18:30:42.952,0,10,10,0.00,0.0003,0.0000,1.2297,0.1859,0.0000,-0.0000,0.0000,90.2398
2026-05-07 18:30:43.452,0,10,10,0.00,0.0000,0.0000,1.2297,0.1859,0.0000,-0.0000,0.0000,90.2398
2026-05-07 18:30:43.952,0,10,10,0.00,0.0003,0.0000,1.2297,0.1859,0.0000,-0.0000,0.0000,90.2398
2026-05-07 18:30:44.452,0,10,10,0.00,0.0003,0.0000,1.2297,0.1859,0.0000,-0.0000,0.0000,90.2398
2026-05-07 18:30:44.952,0,10,10,0.00,0.0000,-0.0001,1.2297,0.1859,0.0000,-0.0000,0.0000,90.2398
2026-05-07 18:30:45.452,0,10,10,0.00,-0.0004,0.0001,1.2297,0.1859,0.0000,-0.0000,0.0000,90.2398
2026-05-07 18:30:45.952,0,10,10,0.00,-0.0003,0.0000,1.2297,0.1859,0.0000,-0.0000,0.0000,90.2398
2026-05-07 18:30:46.452,0,10,10,0.00,0.0000,-0.0003,1.2297,0.1859,0.0000,-0.0000,0.0000,90.2398
2026-05-07 18:30:46.952,0,10,10,0.00,0.0000,0.0000,1.2297,0.1859,0.0000,-0.0000,0.0000,90.2398
2026-05-07 18:30:47.452,0,10,10,0.00,-0.0004,0.0000,1.2297,0.1859,0.0000,-0.0000,0.0000,90.2398
2026-05-07 18:30:47.952,0,10,10,0.00,-0.0004,0.0000,1.2297,0.1859,0.0000,-0.0000,0.0000,90.2398
2026-05-07 18:30:48.452,0,10,10,0.00,0.0000,0.0000,1.2297,0.1859,0.0000,-0.0000,0.0000,90.2398
2026-05-07 18:30:48.952,0,10,10,0.00,-0.0001,0.0001,1.2297,0.1859,0.0000,-0.0000,0.0000,90.2398
2026-05-07 18:30:49.452,0,10,10,0.00,0.0000,0.0001,1.2297,0.1859,0.0000,-0.0000,0.0000,90.2398
2026-05-07 18:30:49.952,0,10,10,0.00,-0.0001,0.0001,1.2297,0.1859,0.0000,-0.0000,0.0000,90.2398
2026-05-07 18:30:50.451,0,10,10,0.00,0.0001,0.0000,1.2297,0.1859,0.0000,-0.0000,0.0000,90.2398
2026-05-07 18:30:50.952,0,10,10,0.00,-0.0001,0.0000,1.2297,0.1859,0.0000,-0.0000,0.0000,90.2398
2026-05-07 18:30:51.452,0,10,10,0.00,0.0003,-0.0001,1.2297,0.1859,0.0000,-0.0000,0.0000,90.2398
2026-05-07 18:30:51.952,0,10,10,0.00,0.0001,0.0000,1.2297,0.1859,0.0000,-0.0000,0.0000,90.2398
2026-05-07 18:30:52.452,0,10,10,0.00,0.0001,0.0000,1.2297,0.1859,0.0000,-0.0000,0.0000,90.2398
2026-05-07 18:30:52.951,0,10,10,0.00,0.0000,0.0000,1.2297,0.1859,0.0000,-0.0000,0.0000,90.2398
2026-05-07 18:30:53.452,0,10,10,0.00,0.0001,-0.0003,1.2297,0.1859,0.0000,-0.0000,0.0000,90.2398
2026-05-07 18:30:53.952,0,10,10,0.00,0.0000,0.0000,1.2297,0.1859,0.0000,-0.0000,0.0000,90.2398
2026-05-07 18:30:54.452,0,10,10,0.00,0.0000,0.0000,1.2297,0.1859,0.0000,-0.0000,0.0000,90.2398
2026-05-07 18:30:54.952,0,10,10,0.00,0.0001,0.0001,1.2297,0.1859,0.0000,-0.0000,0.0000,90.2398
2026-05-07 18:30:55.452,0,10,10,0.00,-0.0001,0.0001,1.2297,0.1859,0.0000,-0.0000,0.0000,90.2398
2026-05-07 18:30:55.952,0,10,10,0.00,0.0000,-0.0001,1.2297,0.1859,0.0000,-0.0000,0.0000,90.2398
2026-05-07 18:30:56.452,0,10,10,0.00,-0.0001,0.0003,1.2297,0.1859,0.0000,-0.0000,0.0000,90.2398
2026-05-07 18:30:56.952,0,10,10,0.00,-0.0004,0.0000,1.2297,0.1859,0.0000,-0.0000,0.0000,90.2398
2026-05-07 18:30:57.452,0,10,10,0.00,0.0000,0.0000,1.2297,0.1859,0.0000,-0.0000,0.0000,90.2398
2026-05-07 18:30:57.952,0,10,10,0.00,0.0000,0.0000,1.2297,0.1859,0.0000,-0.0000,0.0000,90.2398
2026-05-07 18:30:58.452,0,10,10,0.00,0.0000,0.0000,1.2297,0.1859,0.0000,-0.0000,0.0000,90.2398
2026-05-07 18:30:58.952,0,10,10,0.00,0.0000,0.0001,1.2297,0.1859,0.0000,-0.0000,0.0000,90.2398
2026-05-07 18:30:59.452,0,10,10,0.00,0.0000,0.0000,1.2297,0.1859,0.0000,-0.0000,0.0000,90.2398
2026-05-07 18:30:59.952,0,10,10,0.00,0.0000,0.0001,1.2297,0.1859,0.0000,-0.0000,0.0000,90.2398
2026-05-07 18:31:00.452,0,10,10,0.00,0.0001,0.0000,1.2297,0.1859,0.0000,-0.0000,0.0000,90.2398
2026-05-07 18:31:00.952,0,10,10,0.00,0.0000,0.0003,1.2297,0.1859,0.0000,-0.0000,0.0000,90.2398
2026-05-07 18:31:01.452,0,10,10,0.00,-0.0003,0.0000,1.2297,0.1859,0.0000,-0.0000,0.0000,90.2398
2026-05-07 18:31:01.952,0,10,10,0.00,-0.0001,0.0000,1.2297,0.1859,0.0000,-0.0000,0.0000,90.2398
2026-05-07 18:31:02.452,0,10,10,0.00,0.0000,0.0000,1.2297,0.1859,0.0000,-0.0000,0.0000,90.2398
2026-05-07 18:31:02.952,0,10,10,0.00,0.0001,0.0003,1.2297,0.1859,0.0000,-0.0000,0.0000,90.2398
2026-05-07 18:31:03.452,0,10,10,0.00,0.0000,-0.0001,1.2297,0.1859,0.0000,-0.0000,0.0000,90.2398
2026-05-07 18:31:03.952,0,10,10,0.00,0.0000,-0.0001,1.2297,0.1859,0.0000,-0.0000,0.0000,90.2398
2026-05-07 18:31:04.452,0,10,10,0.00,-0.0001,-0.0003,1.2297,0.1859,0.0000,-0.0000,0.0000,90.2398
2026-05-07 18:31:04.952,0,10,10,0.00,-0.0001,0.0000,1.2297,0.1859,0.0000,-0.0000,0.0000,90.2398
2026-05-07 18:31:05.452,0,10,10,0.00,0.0000,-0.0001,1.2297,0.1859,0.0000,-0.0000,0.0000,90.2398
2026-05-07 18:31:05.952,0,10,10,0.00,-0.0003,0.0001,1.2297,0.1859,0.0000,-0.0000,0.0000,90.2398
2026-05-07 18:31:06.452,0,10,10,0.00,0.0000,0.0000,1.2297,0.1859,0.0000,-0.0000,0.0000,90.2398
2026-05-07 18:31:06.952,0,10,10,0.00,0.0001,0.0000,1.2297,0.1859,0.0000,-0.0000,0.0000,90.2398
2026-05-07 18:31:07.452,0,10,10,0.00,-0.0001,-0.0001,1.2297,0.1859,0.0000,-0.0000,0.0000,90.2398
2026-05-07 18:31:07.952,0,10,10,0.00,0.0000,0.0000,1.2297,0.1859,0.0000,-0.0000,0.0000,90.2398
2026-05-07 18:31:08.452,0,10,10,0.00,-0.0003,0.0000,1.2297,0.1859,0.0000,-0.0000,0.0000,90.2398
2026-05-07 18:31:08.952,0,10,10,0.00,0.0000,0.0000,1.2297,0.1859,0.0000,-0.0000,0.0000,90.2398
2026-05-07 18:31:09.452,0,10,10,0.00,-0.0003,0.0005,1.2297,0.1859,0.0000,-0.0000,0.0000,90.2398
2026-05-07 18:31:09.952,0,10,10,0.00,0.0000,0.0001,1.2297,0.1859,0.0000,-0.0000,0.0000,90.2398
2026-05-07 18:31:10.452,0,10,10,0.00,0.0000,0.0000,1.2297,0.1859,0.0000,-0.0000,0.0000,90.2398
2026-05-07 18:31:10.952,0,10,10,0.00,0.0001,-0.0001,1.2297,0.1859,0.0000,-0.0000,0.0000,90.2398
2026-05-07 18:31:11.452,0,10,10,0.00,0.0000,0.0000,1.2297,0.1859,0.0000,-0.0000,0.0000,90.2398
2026-05-07 18:31:11.952,0,10,10,0.00,0.0001,0.0000,1.2297,0.1859,0.0000,-0.0000,0.0000,90.2398
2026-05-07 18:31:12.452,0,10,10,0.00,-0.0001,0.0000,1.2297,0.1859,0.0000,-0.0000,0.0000,90.2398
2026-05-07 18:31:12.952,0,10,10,0.00,0.0000,0.0000,1.2297,0.1859,0.0000,-0.0000,0.0000,90.2398
2026-05-07 18:31:13.452,0,10,10,0.00,0.0001,0.0000,1.2297,0.1859,0.0000,-0.0000,0.0000,90.2398
2026-05-07 18:31:13.952,0,10,10,0.00,0.0000,0.0001,1.2297,0.1859,0.0000,-0.0000,0.0000,90.2398
2026-05-07 18:31:14.452,0,10,10,0.00,-0.0005,0.0001,1.2297,0.1859,0.0000,-0.0000,0.0000,90.2398
2026-05-07 18:31:14.952,0,10,10,0.00,0.0000,-0.0003,1.2297,0.1859,0.0000,-0.0000,0.0000,90.2398
2026-05-07 18:31:15.452,0,10,10,0.00,-0.0001,0.0000,1.2297,0.1859,0.0000,-0.0000,0.0000,90.2398
2026-05-07 18:31:15.952,0,10,10,0.00,0.0000,0.0000,1.2297,0.1859,0.0000,-0.0000,0.0000,90.2398
2026-05-07 18:31:16.452,0,10,10,0.00,0.0000,0.0000,1.2297,0.1859,0.0000,-0.0000,0.0000,90.2398
2026-05-07 18:31:16.952,0,10,10,0.00,0.0001,0.0000,1.2297,0.1859,0.0000,-0.0000,0.0000,90.2398
2026-05-07 18:31:17.452,0,10,10,0.00,0.0000,0.0000,1.2297,0.1859,0.0000,-0.0000,0.0000,90.2398
2026-05-07 18:31:17.951,0,10,10,0.00,-0.0003,0.0000,1.2297,0.1859,0.0000,-0.0000,0.0000,90.2398
2026-05-07 18:31:18.451,0,10,10,0.00,0.0000,0.0000,1.2297,0.1859,0.0000,-0.0000,0.0000,90.2398
2026-05-07 18:31:18.951,0,10,10,0.00,0.0000,0.0000,1.2297,0.1859,0.0000,-0.0000,0.0000,90.2398
2026-05-07 18:31:19.452,0,10,10,0.00,0.0000,-0.0001,1.2297,0.1859,0.0000,-0.0000,0.0000,90.2398
2026-05-07 18:31:19.952,0,10,10,0.00,0.0000,0.0000,1.2297,0.1859,0.0000,-0.0000,0.0000,90.2398
2026-05-07 18:31:20.452,0,10,10,0.00,0.0000,0.0000,1.2297,0.1859,0.0000,-0.0000,0.0000,90.2398
2026-05-07 18:31:20.951,0,10,10,0.00,0.0001,-0.0001,1.2297,0.1859,0.0000,-0.0000,0.0000,90.2398
2026-05-07 18:31:21.451,0,10,10,0.00,0.0000,0.0000,1.2297,0.1859,0.0000,-0.0000,0.0000,90.2398
2026-05-07 18:31:21.952,0,10,10,0.00,-0.0001,0.0001,1.2297,0.1859,0.0000,-0.0000,0.0000,90.2398
2026-05-07 18:31:22.452,0,10,10,0.00,0.0000,0.0000,1.2297,0.1859,0.0000,-0.0000,0.0000,90.2398
2026-05-07 18:31:22.952,0,10,10,0.00,-0.0001,0.0000,1.2297,0.1859,0.0000,-0.0000,0.0000,90.2398
2026-05-07 18:31:23.452,0,10,10,0.00,0.0001,0.0000,1.2297,0.1859,0.0000,-0.0000,0.0000,90.2398
2026-05-07 18:31:23.952,0,10,10,0.00,0.0000,0.0000,1.2297,0.1859,0.0000,-0.0000,0.0000,90.2398
2026-05-07 18:31:24.452,0,10,10,0.00,-0.0001,0.0000,1.2297,0.1859,0.0000,-0.0000,0.0000,90.2398
2026-05-07 18:31:24.952,0,10,10,0.00,-0.0003,0.0000,1.2297,0.1859,0.0000,-0.0000,0.0000,90.2398
2026-05-07 18:31:25.452,0,10,10,0.00,-0.0001,0.0000,1.2297,0.1859,0.0000,-0.0000,0.0000,90.2398
2026-05-07 18:31:25.951,0,10,10,0.00,-0.0001,0.0000,1.2297,0.1859,0.0000,-0.0000,0.0000,90.2398
2026-05-07 18:31:26.452,0,10,10,0.00,0.0000,-0.0001,1.2297,0.1859,0.0000,-0.0000,0.0000,90.2398
2026-05-07 18:31:26.952,0,10,10,0.00,0.0000,0.0000,1.2297,0.1859,0.0000,-0.0000,0.0000,90.2398
2026-05-07 18:31:27.452,0,10,10,0.00,0.0000,0.0000,1.2297,0.1859,0.0000,-0.0000,0.0000,90.2398
2026-05-07 18:31:27.952,0,10,10,0.00,0.0000,0.0001,1.2297,0.1859,0.0000,-0.0000,0.0000,90.2398
2026-05-07 18:31:28.451,0,10,10,0.00,-0.0001,0.0000,1.2297,0.1859,0.0000,-0.0000,0.0000,90.2398
2026-05-07 18:31:28.952,0,10,10,0.00,0.0000,0.0000,1.2297,0.1859,0.0000,-0.0000,0.0000,90.2398
2026-05-07 18:31:29.451,0,10,10,0.00,0.0000,0.0000,1.2297,0.1859,0.0000,-0.0000,0.0000,90.2398
2026-05-07 18:31:29.952,0,10,10,0.00,0.0000,0.0000,1.2297,0.1859,0.0000,-0.0000,0.0000,90.2398
2026-05-07 18:31:30.452,0,10,10,0.00,0.0000,0.0000,1.2297,0.1859,0.0000,-0.0000,0.0000,90.2398
2026-05-07 18:31:30.952,0,10,10,0.00,0.0000,0.0000,1.2297,0.1859,0.0000,-0.0000,0.0000,90.2398
2026-05-07 18:31:31.452,0,10,10,0.00,0.0000,0.0000,1.2297,0.1859,0.0000,-0.0000,0.0000,90.2398
2026-05-07 18:31:31.952,0,10,10,0.00,0.0000,0.0001,1.2297,0.1859,0.0000,-0.0000,0.0000,90.2398
2026-05-07 18:31:32.452,0,10,10,0.00,0.0000,0.0000,1.2297,0.1859,0.0000,-0.0000,0.0000,90.2398
2026-05-07 18:31:32.952,0,10,10,0.00,0.0001,-0.0001,1.2297,0.1859,0.0000,-0.0000,0.0000,90.2398
2026-05-07 18:31:33.452,0,10,10,0.00,0.0000,-0.0003,1.2297,0.1859,0.0000,-0.0000,0.0000,90.2398
2026-05-07 18:31:33.952,0,10,10,0.00,0.0001,0.0000,1.2297,0.1859,0.0000,-0.0000,0.0000,90.2398
2026-05-07 18:31:34.451,0,10,10,0.00,-0.0001,-0.0003,1.2297,0.1859,0.0000,-0.0000,0.0000,90.2398
2026-05-07 18:31:34.952,0,10,10,0.00,-0.0001,0.0001,1.2297,0.1859,0.0000,-0.0000,0.0000,90.2398
2026-05-07 18:31:35.452,0,10,10,0.00,-0.0001,0.0000,1.2297,0.1859,0.0000,-0.0000,0.0000,90.2398
2026-05-07 18:31:35.952,0,10,10,0.00,-0.0001,0.0001,1.2297,0.1859,0.0000,-0.0000,0.0000,90.2398
2026-05-07 18:31:36.452,0,10,10,0.00,0.0000,0.0000,1.2297,0.1859,0.0000,-0.0000,0.0000,90.2398
2026-05-07 18:31:36.952,0,10,10,0.00,0.0000,0.0001,1.2297,0.1859,0.0000,-0.0000,0.0000,90.2398
2026-05-07 18:31:37.452,0,10,10,0.00,0.0000,0.0001,1.2297,0.1859,0.0000,-0.0000,0.0000,90.2398
2026-05-07 18:31:37.952,0,10,10,0.00,0.0000,0.0001,1.2297,0.1859,0.0000,-0.0000,0.0000,90.2398
2026-05-07 18:31:38.451,0,10,10,0.00,0.0000,0.0003,1.2297,0.1859,0.0000,-0.0000,0.0000,90.2398
2026-05-07 18:31:38.952,0,10,10,0.00,-0.0001,0.0000,1.2297,0.1859,0.0000,-0.0000,0.0000,90.2398
2026-05-07 18:31:39.452,0,10,10,0.00,-0.0003,0.0000,1.2297,0.1859,0.0000,-0.0000,0.0000,90.2398
2026-05-07 18:31:39.952,0,10,10,0.00,0.0001,0.0003,1.2297,0.1859,0.0000,-0.0000,0.0000,90.2398
2026-05-07 18:31:40.452,0,10,10,0.00,0.0000,0.0000,1.2297,0.1859,0.0000,-0.0000,0.0000,90.2398
2026-05-07 18:31:40.951,0,10,10,0.00,0.0000,0.0000,1.2297,0.1859,0.0000,-0.0000,0.0000,90.2398
2026-05-07 18:31:41.452,0,10,10,0.00,0.0001,0.0003,1.2297,0.1859,0.0000,-0.0000,0.0000,90.2398
2026-05-07 18:31:41.952,0,10,10,0.00,0.0000,0.0001,1.2297,0.1859,0.0000,-0.0000,0.0000,90.2398
2026-05-07 18:31:42.452,0,10,10,0.00,0.0000,0.0000,1.2297,0.1859,0.0000,-0.0000,0.0000,90.2398
2026-05-07 18:31:42.951,0,10,10,0.00,-0.0003,0.0000,1.2297,0.1859,0.0000,-0.0000,0.0000,90.2398
2026-05-07 18:31:43.451,0,10,10,0.00,0.0001,-0.0001,1.2297,0.1859,0.0000,-0.0000,0.0000,90.2398
2026-05-07 18:31:43.952,0,10,10,0.00,0.0000,0.0001,1.2297,0.1859,0.0000,-0.0000,0.0000,90.2398
2026-05-07 18:31:44.452,0,10,10,0.00,0.0000,0.0000,1.2297,0.1859,0.0000,-0.0000,0.0000,90.2398
2026-05-07 18:31:44.952,0,10,10,0.00,0.0000,-0.0001,1.2297,0.1859,0.0000,-0.0000,0.0000,90.2398
2026-05-07 18:31:45.452,0,10,10,0.00,0.0000,0.0000,1.2297,0.1859,0.0000,-0.0000,0.0000,90.2398
2026-05-07 18:31:45.952,0,10,10,0.00,-0.0003,0.0000,1.2297,0.1859,0.0000,-0.0000,0.0000,90.2398
2026-05-07 18:31:46.452,0,10,10,0.00,0.0000,0.0000,1.2297,0.1859,0.0000,-0.0000,0.0000,90.2398
2026-05-07 18:31:46.952,0,10,10,0.00,0.0003,-0.0003,1.2297,0.1859,0.0000,-0.0000,0.0000,90.2398
2026-05-07 18:31:47.452,0,10,10,0.00,0.0000,-0.0001,1.2297,0.1859,0.0000,-0.0000,0.0000,90.2398
2026-05-07 18:31:47.952,0,10,10,0.00,0.0000,-0.0003,1.2297,0.1859,0.0000,-0.0000,0.0000,90.2398
2026-05-07 18:31:48.452,0,10,10,0.00,0.0001,-0.0001,1.2297,0.1859,0.0000,-0.0000,0.0000,90.2398
2026-05-07 18:31:48.952,0,10,10,0.00,0.0003,0.0000,1.2297,0.1859,0.0000,-0.0000,0.0000,90.2398
2026-05-07 18:31:49.452,0,10,10,0.00,-0.0001,0.0001,1.2297,0.1859,0.0000,-0.0000,0.0000,90.2398
2026-05-07 18:31:49.952,0,10,10,0.00,0.0000,0.0003,1.2297,0.1859,0.0000,-0.0000,0.0000,90.2398
2026-05-07 18:31:50.452,0,10,10,0.00,0.0000,-0.0003,1.2297,0.1859,0.0000,-0.0000,0.0000,90.2398
2026-05-07 18:31:50.951,0,10,10,0.00,0.0001,0.0000,1.2297,0.1859,0.0000,-0.0000,0.0000,90.2398
2026-05-07 18:31:51.452,0,10,10,0.00,0.0000,-0.0003,1.2297,0.1859,0.0000,-0.0000,0.0000,90.2398
2026-05-07 18:31:51.951,0,10,10,0.00,0.0000,-0.0003,1.2297,0.1859,0.0000,-0.0000,0.0000,90.2398
2026-05-07 18:31:52.452,0,10,10,0.00,0.0000,0.0001,1.2297,0.1859,0.0000,-0.0000,0.0000,90.2398
2026-05-07 18:31:52.952,0,10,10,0.00,-0.0001,0.0000,1.2297,0.1859,0.0000,-0.0000,0.0000,90.2398
2026-05-07 18:31:53.452,0,10,10,0.00,-0.0001,-0.0001,1.2297,0.1859,0.0000,-0.0000,0.0000,90.2398
2026-05-07 18:31:53.951,0,10,10,0.00,0.0003,0.0000,1.2297,0.1859,0.0000,-0.0000,0.0000,90.2398
2026-05-07 18:31:54.452,0,10,10,0.00,0.0001,0.0000,1.2297,0.1859,0.0000,-0.0000,0.0000,90.2398
2026-05-07 18:31:54.952,0,10,10,0.00,0.0000,0.0000,1.2297,0.1859,0.0000,-0.0000,0.0000,90.2398
2026-05-07 18:31:55.452,0,10,10,0.00,-0.0001,0.0000,1.2297,0.1859,0.0000,-0.0000,0.0000,90.2398
2026-05-07 18:31:55.952,0,10,10,0.00,-0.0001,-0.0001,1.2297,0.1859,0.0000,-0.0000,0.0000,90.2398
2026-05-07 18:31:56.452,0,10,10,0.00,0.0000,0.0004,1.2297,0.1859,0.0000,-0.0000,0.0000,90.2398
2026-05-07 18:31:56.951,0,10,10,0.00,0.0000,-0.0001,1.2297,0.1859,0.0000,-0.0000,0.0000,90.2398
2026-05-07 18:31:57.452,0,10,10,0.00,0.0000,0.0000,1.2297,0.1859,0.0000,-0.0000,0.0000,90.2398
2026-05-07 18:31:57.952,0,10,10,0.00,-0.0001,0.0003,1.2297,0.1859,0.0000,-0.0000,0.0000,90.2398
2026-05-07 18:31:58.452,0,10,10,0.00,-0.0001,0.0001,1.2297,0.1859,0.0000,-0.0000,0.0000,90.2398
2026-05-07 18:31:58.952,0,10,10,0.00,0.0000,0.0000,1.2297,0.1859,0.0000,-0.0000,0.0000,90.2398
2026-05-07 18:31:59.452,0,10,10,0.00,0.0000,-0.0001,1.2297,0.1859,0.0000,-0.0000,0.0000,90.2398
2026-05-07 18:31:59.952,0,10,10,0.00,0.0003,0.0000,1.2297,0.1859,0.0000,-0.0000,0.0000,90.2398
2026-05-07 18:32:00.452,0,10,10,0.00,0.0000,-0.0001,1.2297,0.1859,0.0000,-0.0000,0.0000,90.2398
2026-05-07 18:32:00.952,0,10,10,0.00,-0.0003,0.0000,1.2297,0.1859,0.0000,-0.0000,0.0000,90.2398
2026-05-07 18:32:01.452,0,10,10,0.00,0.0000,0.0000,1.2297,0.1859,0.0000,-0.0000,0.0000,90.2398
2026-05-07 18:32:01.952,0,10,10,0.00,0.0000,0.0001,1.2297,0.1859,0.0000,-0.0000,0.0000,90.2398
2026-05-07 18:32:02.452,0,10,10,0.00,0.0000,0.0000,1.2297,0.1859,0.0000,-0.0000,0.0000,90.2398
2026-05-07 18:32:02.952,0,10,10,0.00,-0.0004,0.0000,1.2297,0.1859,0.0000,-0.0000,0.0000,90.2398
2026-05-07 18:32:03.452,0,10,10,0.00,-0.0001,-0.0001,1.2297,0.1859,0.0000,-0.0000,0.0000,90.2398
2026-05-07 18:32:03.952,0,10,10,0.00,0.0000,0.0000,1.2297,0.1859,0.0000,-0.0000,0.0000,90.2398
2026-05-07 18:32:04.452,0,10,10,0.00,0.0000,0.0000,1.2297,0.1859,0.0000,-0.0000,0.0000,90.2398
2026-05-07 18:32:04.952,0,10,10,0.00,-0.0001,0.0000,1.2297,0.1859,0.0000,-0.0000,0.0000,90.2398
2026-05-07 18:32:05.452,0,10,10,0.00,0.0000,0.0000,1.2297,0.1859,0.0000,-0.0000,0.0000,90.2398
2026-05-07 18:32:05.952,0,10,10,0.00,0.0000,0.0000,1.2297,0.1859,0.0000,-0.0000,0.0000,90.2398
2026-05-07 18:32:06.452,0,10,10,0.00,0.0000,0.0000,1.2297,0.1859,0.0000,-0.0000,0.0000,90.2398
2026-05-07 18:32:06.952,0,10,10,0.00,0.0001,0.0000,1.2297,0.1859,0.0000,-0.0000,0.0000,90.2398
2026-05-07 18:32:07.452,0,10,10,0.00,0.0001,-0.0004,1.2297,0.1859,0.0000,-0.0000,0.0000,90.2398
2026-05-07 18:32:07.952,0,10,10,0.00,-0.0001,0.0000,1.2297,0.1859,0.0000,-0.0000,0.0000,90.2398
2026-05-07 18:32:08.452,0,10,10,0.00,0.0001,-0.0001,1.2297,0.1859,0.0000,-0.0000,0.0000,90.2398
2026-05-07 18:32:08.952,0,10,10,0.00,0.0000,0.0000,1.2297,0.1859,0.0000,-0.0000,0.0000,90.2398
2026-05-07 18:32:09.452,0,10,10,0.00,0.0000,0.0000,1.2297,0.1859,0.0000,-0.0000,0.0000,90.2398
2026-05-07 18:32:09.952,0,10,10,0.00,0.0000,0.0000,1.2297,0.1859,0.0000,-0.0000,0.0000,90.2398
2026-05-07 18:32:10.451,0,10,10,0.00,-0.0001,-0.0001,1.2297,0.1859,0.0000,-0.0000,0.0000,90.2398
2026-05-07 18:32:10.952,0,10,10,0.00,0.0001,0.0000,1.2297,0.1859,0.0000,-0.0000,0.0000,90.2398
2026-05-07 18:32:11.452,0,10,10,0.00,0.0000,0.0001,1.2297,0.1859,0.0000,-0.0000,0.0000,90.2398
2026-05-07 18:32:11.952,0,10,10,0.00,-0.0003,0.0000,1.2297,0.1859,0.0000,-0.0000,0.0000,90.2398
2026-05-07 18:32:12.451,0,10,10,0.00,0.0000,0.0000,1.2297,0.1859,0.0000,-0.0000,0.0000,90.2398
2026-05-07 18:32:12.952,0,10,10,0.00,0.0000,0.0000,1.2297,0.1859,0.0000,-0.0000,0.0000,90.2398
2026-05-07 18:32:13.452,0,10,10,0.00,0.0000,0.0000,1.2297,0.1859,0.0000,-0.0000,0.0000,90.2398
2026-05-07 18:32:13.952,0,10,10,0.00,-0.0004,0.0000,1.2297,0.1859,0.0000,-0.0000,0.0000,90.2398
2026-05-07 18:32:14.452,0,10,10,0.00,0.0000,0.0000,1.2297,0.1859,0.0000,-0.0000,0.0000,90.2398
2026-05-07 18:32:14.952,0,10,10,0.00,-0.0001,0.0004,1.2297,0.1859,0.0000,-0.0000,0.0000,90.2398
2026-05-07 18:32:15.452,0,10,10,0.00,-0.0001,0.0003,1.2297,0.1859,0.0000,-0.0000,0.0000,90.2398
2026-05-07 18:32:15.952,0,10,10,0.00,0.0000,0.0000,1.2297,0.1859,0.0000,-0.0000,0.0000,90.2398
2026-05-07 18:32:16.452,0,10,10,0.00,0.0000,-0.0003,1.2297,0.1859,0.0000,-0.0000,0.0000,90.2398
2026-05-07 18:32:16.952,0,10,10,0.00,0.0000,0.0000,1.2297,0.1859,0.0000,-0.0000,0.0000,90.2398
2026-05-07 18:32:17.452,0,10,10,0.00,-0.0003,0.0000,1.2297,0.1859,0.0000,-0.0000,0.0000,90.2398
2026-05-07 18:32:17.952,0,10,10,0.00,-0.0001,-0.0001,1.2297,0.1859,0.0000,-0.0000,0.0000,90.2398
2026-05-07 18:32:18.451,0,10,10,0.00,0.0003,0.0000,1.2297,0.1859,0.0000,-0.0000,0.0000,90.2398
2026-05-07 18:32:18.952,0,10,10,0.00,0.0000,0.0000,1.2297,0.1859,0.0000,-0.0000,0.0000,90.2398
2026-05-07 18:32:19.452,0,10,10,0.00,0.0000,-0.0001,1.2297,0.1859,0.0000,-0.0000,0.0000,90.2398
2026-05-07 18:32:19.952,0,10,10,0.00,-0.0001,0.0000,1.2297,0.1859,0.0000,-0.0000,0.0000,90.2398
2026-05-07 18:32:20.452,0,10,10,0.00,0.0000,0.0000,1.2297,0.1859,0.0000,-0.0000,0.0000,90.2398
2026-05-07 18:32:20.952,0,10,10,0.00,0.0000,0.0000,1.2297,0.1859,0.0000,-0.0000,0.0000,90.2398
2026-05-07 18:32:21.451,0,10,10,0.00,-0.0003,0.0000,1.2297,0.1859,0.0000,-0.0000,0.0000,90.2398
2026-05-07 18:32:21.952,0,10,10,0.00,0.0000,0.0000,1.2297,0.1859,0.0000,-0.0000,0.0000,90.2398
2026-05-07 18:32:22.452,0,10,10,0.00,0.0000,0.0000,1.2297,0.1859,0.0000,-0.0000,0.0000,90.2398
2026-05-07 18:32:22.952,0,10,10,0.00,0.0000,-0.0003,1.2297,0.1859,0.0000,-0.0000,0.0000,90.2398
2026-05-07 18:32:23.452,0,10,10,0.00,0.0003,0.0000,1.2297,0.1859,0.0000,-0.0000,0.0000,90.2398
2026-05-07 18:32:23.952,0,10,10,0.00,0.0000,0.0000,1.2297,0.1859,0.0000,-0.0000,0.0000,90.2398
2026-05-07 18:32:24.452,0,10,10,0.00,0.0001,0.0000,1.2297,0.1859,0.0000,-0.0000,0.0000,90.2398
2026-05-07 18:32:24.952,0,10,10,0.00,-0.0001,-0.0001,1.2297,0.1859,0.0000,-0.0000,0.0000,90.2398
2026-05-07 18:32:25.452,0,10,10,0.00,-0.0001,-0.0001,1.2297,0.1859,0.0000,-0.0000,0.0000,90.2398
2026-05-07 18:32:25.952,0,10,10,0.00,0.0001,0.0000,1.2297,0.1859,0.0000,-0.0000,0.0000,90.2398
2026-05-07 18:32:26.452,0,10,10,0.00,0.0000,-0.0001,1.2297,0.1859,0.0000,-0.0000,0.0000,90.2398
2026-05-07 18:32:26.951,0,10,10,0.00,0.0001,0.0001,1.2297,0.1859,0.0000,-0.0000,0.0000,90.2398
2026-05-07 18:32:27.451,0,10,10,0.00,0.0000,0.0000,1.2297,0.1859,0.0000,-0.0000,0.0000,90.2398
2026-05-07 18:32:27.952,0,10,10,0.00,0.0000,0.0000,1.2297,0.1859,0.0000,-0.0000,0.0000,90.2398
