Timestamp,IMU_Packages_per_sec,Odom_Packages_per_sec,Send_Packages_per_sec,Yaw_Angle,Left_Velocity_mps,Right_Velocity_mps,x,y,quaternion_yaw,Left_Velocity_LOS,Right_Velocity_LOS,theta_yaw
2026-06-06 16:37:55.350,0,1,1,0.00,0.0000,0.0001,0.0000,0.0000,0.0000,0.0000,0.0000,0.0000
2026-06-06 16:37:55.450,0,2,2,0.00,-0.0004,0.0000,0.0000,0.0000,0.0000,0.0000,0.0000,0.0000
2026-06-06 16:37:55.550,0,2,2,0.00,0.0000,0.0001,0.0000,0.0000,0.0000,0.0000,0.0000,0.0000
2026-06-06 16:37:55.650,0,2,2,0.00,0.0000,-0.0001,0.0000,0.0000,0.0000,0.0000,0.0000,0.0000
2026-06-06 16:37:55.750,0,2,2,0.00,0.0001,0.0000,0.0000,0.0000,0.0000,0.0000,0.0000,0.0000
2026-06-06 16:37:55.850,0,2,2,0.00,0.0000,0.0000,0.0000,0.0000,0.0000,0.0000,0.0000,0.0000
2026-06-06 16:37:55.950,0,1,2,0.00,0.0001,0.0000,0.0000,0.0000,0.0000,0.0000,0.0000,0.0000
2026-06-06 16:37:56.050,0,2,2,0.00,0.0000,0.0001,0.0000,0.0000,0.0000,0.0000,0.0000,0.0000
2026-06-06 16:37:56.150,0,2,2,0.00,0.0001,0.0000,0.0000,0.0000,0.0000,0.0000,0.0000,0.0000
2026-06-06 16:37:56.251,0,2,2,0.00,0.0001,0.0001,0.0000,0.0000,0.0000,0.0000,0.0000,0.0000
2026-06-06 16:37:56.350,0,2,2,0.00,0.0001,0.0000,0.0000,0.0000,0.0000,0.0000,0.0000,0.0000
2026-06-06 16:37:56.450,0,2,2,0.00,0.0001,0.0003,0.0000,0.0000,0.0000,0.0000,0.0000,0.0000
2026-06-06 16:37:56.550,0,2,2,0.00,0.0000,0.0000,0.0000,0.0000,0.0000,0.0000,0.0000,0.0000
2026-06-06 16:37:56.650,0,2,2,0.00,0.0001,0.0000,0.0000,0.0000,0.0000,0.0000,0.0000,0.0000
2026-06-06 16:37:56.750,0,2,2,0.00,0.0000,0.0000,0.0000,0.0000,0.0000,0.0000,0.0000,0.0000
2026-06-06 16:37:56.850,0,2,2,0.00,0.0000,0.0000,0.0000,0.0000,0.0000,0.0000,0.0000,0.0000
2026-06-06 16:37:56.950,0,2,2,0.00,0.0007,0.0000,0.0000,0.0000,0.0000,0.0000,0.0000,0.0000
2026-06-06 16:37:57.050,0,2,2,0.00,0.0000,0.0001,0.0000,0.0000,0.0000,0.0000,0.0000,0.0000
2026-06-06 16:37:57.150,0,2,2,0.00,0.0001,0.0000,0.0000,0.0000,0.0000,0.0000,0.0000,0.0000
2026-06-06 16:37:57.250,0,2,2,0.00,-0.0003,0.0000,0.0000,0.0000,0.0000,0.0000,0.0000,0.0000
2026-06-06 16:37:57.350,0,1,2,0.00,0.0001,0.0000,0.0000,0.0000,0.0000,0.0000,0.0000,0.0000
2026-06-06 16:37:57.450,0,2,2,0.00,0.0000,-0.0001,0.0000,0.0000,0.0000,0.0000,0.0000,0.0000
2026-06-06 16:37:57.550,0,2,2,0.00,0.0000,0.0000,0.0000,0.0000,0.0000,0.0000,0.0000,0.0000
2026-06-06 16:37:57.650,0,2,2,0.00,0.0003,0.0000,0.0000,0.0000,0.0000,0.0000,0.0000,0.0000
2026-06-06 16:37:57.750,0,2,2,0.00,-0.0001,0.0000,0.0000,0.0000,0.0000,0.0000,0.0000,0.0000
2026-06-06 16:37:57.850,0,2,2,0.00,0.0000,0.0000,0.0000,0.0000,0.0000,0.0000,0.0000,0.0000
2026-06-06 16:37:57.951,0,2,2,0.00,-0.0004,0.0000,0.0000,0.0000,0.0000,0.0000,0.0000,0.0000
2026-06-06 16:37:58.050,0,2,2,0.00,0.0004,0.0000,0.0000,0.0000,0.0000,0.0000,0.0000,0.0000
2026-06-06 16:37:58.150,0,1,2,0.00,0.0001,0.0000,0.0000,0.0000,0.0000,0.0000,0.0000,0.0000
2026-06-06 16:37:58.250,0,2,2,0.00,0.0001,0.0000,0.0000,0.0000,0.0000,0.0000,0.0000,0.0000
2026-06-06 16:37:58.350,0,2,2,0.00,0.0000,0.0000,0.0000,0.0000,0.0000,0.0000,0.0000,0.0000
2026-06-06 16:37:58.450,0,2,2,0.00,0.0000,0.0003,0.0000,0.0000,0.0000,-0.0000,0.0000,0.0000
2026-06-06 16:37:58.551,0,2,2,0.00,0.0000,0.0000,0.0000,0.0000,0.0000,-0.0000,0.0000,0.0000
2026-06-06 16:37:58.650,0,2,2,0.00,0.0000,0.0000,0.0000,0.0000,0.0000,-0.0000,0.0000,0.0000
2026-06-06 16:37:58.750,0,1,2,0.00,0.0001,0.0001,0.0000,0.0000,0.0000,-0.0000,0.0000,0.0000
2026-06-06 16:37:58.850,0,2,2,0.00,0.0000,0.0000,0.0000,0.0000,0.0000,-0.0000,0.0000,0.0000
2026-06-06 16:37:58.950,0,2,2,0.00,0.0001,0.0000,0.0000,0.0000,0.0000,-0.0000,0.0000,0.0000
2026-06-06 16:37:59.050,0,2,2,0.00,-0.0001,0.0001,0.0000,0.0000,0.0000,-0.0000,0.0000,0.0000
2026-06-06 16:37:59.150,0,2,2,0.00,0.0000,0.0000,0.0000,0.0000,0.0000,-0.0000,0.0000,0.0000
2026-06-06 16:37:59.250,0,2,2,0.00,0.0000,0.0004,0.0000,0.0000,0.0000,-0.0000,0.0000,0.0000
2026-06-06 16:37:59.350,0,2,2,0.00,0.0004,0.0001,0.0000,0.0000,0.0000,-0.0000,0.0000,0.0000
2026-06-06 16:37:59.453,0,2,2,0.00,0.0001,-0.0001,0.0000,0.0000,0.0000,-0.0000,0.0000,0.0000
2026-06-06 16:37:59.550,0,2,2,0.00,-0.0004,0.0000,0.0000,0.0000,0.0000,-0.0000,0.0000,0.0000
2026-06-06 16:37:59.650,0,2,2,0.00,0.0000,0.0000,0.0000,0.0000,0.0000,-0.0000,0.0000,0.0000
2026-06-06 16:37:59.750,0,2,2,0.00,0.0001,0.0001,0.0000,0.0000,0.0000,-0.0000,0.0000,0.0000
2026-06-06 16:37:59.850,0,2,2,0.00,-0.0004,-0.0001,0.0000,0.0000,0.0000,-0.0000,0.0000,0.0000
2026-06-06 16:37:59.950,0,2,2,0.00,0.0000,0.0001,0.0000,0.0000,0.0000,-0.0000,0.0000,0.0000
2026-06-06 16:38:00.050,0,2,2,0.00,-0.0001,0.0000,0.0000,0.0000,0.0000,-0.0000,0.0000,0.0000
2026-06-06 16:38:00.150,0,2,2,0.00,0.0000,0.0000,0.0000,0.0000,0.0000,-0.0000,0.0000,0.0000
2026-06-06 16:38:00.250,0,2,2,0.00,0.0001,0.0000,0.0000,0.0000,0.0000,-0.0000,0.0000,0.0000
2026-06-06 16:38:00.350,0,2,2,0.00,0.0000,-0.0003,0.0000,0.0000,0.0000,-0.0000,0.0000,0.0000
2026-06-06 16:38:00.450,0,2,2,0.00,0.0000,0.0001,0.0000,0.0000,0.0000,-0.0000,0.0000,0.0000
2026-06-06 16:38:00.553,0,2,2,0.00,0.0000,-0.0001,0.0000,0.0000,0.0000,-0.0000,0.0000,0.0000
2026-06-06 16:38:00.650,0,2,2,0.00,0.0003,0.0003,0.0000,0.0000,0.0000,-0.0000,0.0000,0.0000
2026-06-06 16:38:00.750,0,2,2,0.00,0.0000,-0.0003,0.0000,0.0000,0.0000,-0.0000,0.0000,0.0000
2026-06-06 16:38:00.850,0,2,2,0.00,0.0001,-0.0001,0.0000,0.0000,0.0000,-0.0000,0.0000,0.0000
2026-06-06 16:38:00.950,0,2,2,0.00,-0.0001,-0.0003,0.0000,0.0000,0.0000,-0.0000,0.0000,0.0000
2026-06-06 16:38:01.050,0,2,2,0.00,0.0000,0.0000,0.0000,0.0000,0.0000,-0.0000,0.0000,0.0000
2026-06-06 16:38:01.150,0,2,2,0.00,0.0001,0.0000,0.0000,0.0000,0.0000,-0.0000,0.0000,0.0000
2026-06-06 16:38:01.250,0,2,2,0.00,0.0003,0.0000,0.0000,0.0000,0.0000,-0.0000,0.0000,0.0000
2026-06-06 16:38:01.350,0,2,2,0.00,0.0001,0.0000,0.0000,0.0000,0.0000,-0.0000,0.0000,0.0000
2026-06-06 16:38:01.450,0,2,2,0.00,0.0000,-0.0001,0.0000,0.0000,0.0000,-0.0000,0.0000,0.0000
2026-06-06 16:38:01.550,0,2,2,0.00,0.0001,0.0001,0.0000,0.0000,0.0000,-0.0000,0.0000,0.0000
2026-06-06 16:38:01.650,0,2,2,0.00,-0.0001,0.0000,0.0000,0.0000,0.0000,-0.0000,0.0000,0.0000
2026-06-06 16:38:01.750,0,2,2,0.00,0.0000,0.0000,0.0000,0.0000,0.0000,-0.0000,0.0000,0.0000
2026-06-06 16:38:01.850,0,2,2,0.00,0.0000,0.0000,0.0000,0.0000,0.0000,-0.0000,0.0000,0.0000
2026-06-06 16:38:01.950,0,2,2,0.00,0.0000,-0.0001,0.0000,0.0000,0.0000,-0.0000,0.0000,0.0000
2026-06-06 16:38:02.050,0,2,2,0.00,-0.0001,0.0000,0.0000,0.0000,0.0000,-0.0000,0.0000,0.0000
2026-06-06 16:38:02.150,0,2,2,0.00,0.0000,0.0000,0.0000,0.0000,0.0000,-0.0000,0.0000,0.0000
2026-06-06 16:38:02.250,0,2,2,0.00,-0.0001,0.0003,0.0000,0.0000,0.0000,-0.0000,0.0000,0.0000
2026-06-06 16:38:02.350,0,2,2,0.00,0.0000,0.0000,0.0000,0.0000,0.0000,-0.0000,0.0000,0.0000
2026-06-06 16:38:02.450,0,2,2,0.00,0.0001,0.0000,0.0000,0.0000,0.0000,-0.0000,0.0000,0.0000
2026-06-06 16:38:02.550,0,2,2,0.00,0.0000,0.0001,0.0000,0.0000,0.0000,-0.0000,0.0000,0.0000
2026-06-06 16:38:02.650,0,2,2,0.00,0.0000,0.0000,0.0000,0.0000,0.0000,-0.0000,0.0000,0.0000
2026-06-06 16:38:02.750,0,2,2,0.00,0.0003,0.0000,0.0000,0.0000,0.0000,-0.0000,0.0000,0.0000
2026-06-06 16:38:02.850,0,2,2,0.00,-0.0001,0.0001,0.0000,0.0000,0.0000,-0.0000,0.0000,0.0000
2026-06-06 16:38:02.950,0,2,2,0.00,0.0000,0.0000,0.0000,0.0000,0.0000,-0.0000,0.0000,0.0000
2026-06-06 16:38:03.050,0,2,2,0.00,0.0000,0.0004,0.0000,0.0000,0.0000,-0.0000,0.0000,0.0000
2026-06-06 16:38:03.150,0,2,2,0.00,-0.0001,-0.0005,0.0000,0.0000,0.0000,-0.0000,0.0000,0.0000
2026-06-06 16:38:03.250,0,2,2,0.00,0.0000,0.0000,0.0000,0.0000,0.0000,-0.0000,0.0000,0.0000
2026-06-06 16:38:03.350,0,2,2,0.00,0.0000,0.0000,0.0000,0.0000,0.0000,-0.0000,0.0000,0.0000
2026-06-06 16:38:03.450,0,2,2,0.00,0.0000,0.0000,0.0000,0.0000,0.0000,-0.0000,0.0000,0.0000
2026-06-06 16:38:03.550,0,2,2,0.00,-0.0003,0.0000,0.0000,0.0000,0.0000,-0.0000,0.0000,0.0000
2026-06-06 16:38:03.650,0,2,2,0.00,0.0001,-0.0001,0.0000,0.0000,0.0000,-0.0000,0.0000,0.0000
2026-06-06 16:38:03.750,0,2,2,0.00,0.0000,0.0001,0.0000,0.0000,0.0000,-0.0000,0.0000,0.0000
2026-06-06 16:38:03.850,0,2,2,0.00,0.0004,-0.0001,0.0000,0.0000,0.0000,-0.0000,0.0000,0.0000
2026-06-06 16:38:03.950,0,2,2,0.00,0.0000,-0.0001,0.0000,0.0000,0.0000,-0.0000,0.0000,0.0000
2026-06-06 16:38:04.050,0,2,2,0.00,0.0000,0.0000,0.0000,0.0000,0.0000,-0.0000,0.0000,0.0000
2026-06-06 16:38:04.150,0,2,2,0.00,-0.0003,0.0000,0.0000,0.0000,0.0000,-0.0000,0.0000,0.0000
2026-06-06 16:38:04.250,0,2,2,0.00,0.0000,-0.0001,0.0000,0.0000,0.0000,-0.0000,0.0000,0.0000
2026-06-06 16:38:04.350,0,2,2,0.00,0.0000,0.0000,0.0000,0.0000,0.0000,-0.0000,0.0000,0.0000
2026-06-06 16:38:04.450,0,2,2,0.00,-0.0001,-0.0001,0.0000,0.0000,0.0000,-0.0000,0.0000,0.0000
2026-06-06 16:38:04.550,0,2,2,0.00,0.0000,0.0000,0.0000,0.0000,0.0000,-0.0000,0.0000,0.0000
2026-06-06 16:38:04.650,0,2,2,0.00,0.0000,0.0000,0.0000,0.0000,0.0000,-0.0000,0.0000,0.0000
2026-06-06 16:38:04.750,0,2,2,0.00,0.0000,0.0000,0.0000,0.0000,0.0000,-0.0000,0.0000,0.0000
2026-06-06 16:38:04.850,0,2,2,0.00,0.0000,-0.0001,0.0000,0.0000,0.0000,-0.0000,0.0000,0.0000
2026-06-06 16:38:04.950,0,2,2,0.00,0.0000,0.0005,0.0000,0.0000,0.0000,-0.0000,0.0000,0.0000
2026-06-06 16:38:05.050,0,2,2,0.00,-0.0001,0.0000,0.0000,0.0000,0.0000,-0.0000,0.0000,0.0000
2026-06-06 16:38:05.150,0,2,2,0.00,0.0001,-0.0001,0.0000,0.0000,0.0000,-0.0000,0.0000,0.0000
2026-06-06 16:38:05.250,0,2,2,0.00,-0.0001,0.0000,0.0000,0.0000,0.0000,-0.0000,0.0000,0.0000
2026-06-06 16:38:05.350,0,2,2,0.00,-0.0001,0.0000,0.0000,0.0000,0.0000,-0.0000,0.0000,0.0000
2026-06-06 16:38:05.450,0,2,2,0.00,-0.0003,0.0000,0.0000,0.0000,0.0000,-0.0000,0.0000,0.0000
2026-06-06 16:38:05.550,0,2,2,0.00,0.0000,0.0000,0.0000,0.0000,0.0000,-0.0000,0.0000,0.0000
2026-06-06 16:38:05.650,0,2,2,0.00,0.0000,0.0001,0.0000,0.0000,0.0000,-0.0000,0.0000,0.0000
2026-06-06 16:38:05.750,0,2,2,0.00,-0.0001,0.0000,0.0000,0.0000,0.0000,-0.0000,0.0000,0.0000
2026-06-06 16:38:05.850,0,2,2,0.00,-0.0001,-0.0003,0.0000,0.0000,0.0000,-0.0000,0.0000,0.0000
2026-06-06 16:38:05.950,0,2,2,0.00,0.0000,0.0001,0.0000,0.0000,0.0000,-0.0000,0.0000,0.0000
2026-06-06 16:38:06.050,0,2,2,0.00,0.0001,-0.0001,0.0000,0.0000,0.0000,-0.0000,0.0000,0.0000
2026-06-06 16:38:06.150,0,2,2,0.00,0.0000,0.0000,0.0000,0.0000,0.0000,-0.0000,0.0000,0.0000
2026-06-06 16:38:06.250,0,2,2,0.00,0.0000,0.0003,0.0000,0.0000,0.0000,-0.0000,0.0000,0.0000
2026-06-06 16:38:06.350,0,2,2,0.00,-0.0001,-0.0003,0.0000,0.0000,0.0000,-0.0000,0.0000,0.0000
2026-06-06 16:38:06.450,0,2,2,0.00,-0.0001,-0.0001,0.0000,0.0000,0.0000,-0.0000,0.0000,0.0000
2026-06-06 16:38:06.550,0,2,2,0.00,0.0004,0.0000,0.0000,0.0000,0.0000,-0.0000,0.0000,0.0000
2026-06-06 16:38:06.650,0,2,2,0.00,0.0000,0.0000,0.0000,0.0000,0.0000,-0.0000,0.0000,0.0000
2026-06-06 16:38:06.750,0,2,2,0.00,0.0000,-0.0001,0.0000,0.0000,0.0000,-0.0000,0.0000,0.0000
2026-06-06 16:38:06.850,0,2,2,0.00,0.0000,0.0000,0.0000,0.0000,0.0000,-0.0000,0.0000,0.0000
2026-06-06 16:38:06.951,0,2,2,0.00,0.0000,0.0000,0.0000,0.0000,0.0000,-0.0000,0.0000,0.0000
2026-06-06 16:38:07.050,0,2,2,0.00,0.0000,0.0000,0.0000,0.0000,0.0000,-0.0000,0.0000,0.0000
2026-06-06 16:38:07.150,0,2,2,0.00,0.0000,0.0000,0.0000,0.0000,0.0000,-0.0000,0.0000,0.0000
2026-06-06 16:38:07.250,0,2,2,0.00,0.0000,-0.0001,0.0000,0.0000,0.0000,-0.0000,0.0000,0.0000
2026-06-06 16:38:07.350,0,2,2,0.00,0.0001,-0.0003,0.0000,0.0000,0.0000,-0.0000,0.0000,0.0000
2026-06-06 16:38:07.450,0,2,2,0.00,0.0001,0.0000,0.0000,0.0000,0.0000,-0.0000,0.0000,0.0000
2026-06-06 16:38:07.550,0,2,2,0.00,-0.0001,0.0001,0.0000,0.0000,0.0000,-0.0000,0.0000,0.0000
2026-06-06 16:38:07.650,0,2,2,0.00,-0.0001,-0.0001,0.0000,0.0000,0.0000,-0.0000,0.0000,0.0000
2026-06-06 16:38:07.750,0,2,2,0.00,0.0001,0.0001,0.0000,0.0000,0.0000,-0.0000,0.0000,0.0000
2026-06-06 16:38:07.850,0,2,2,0.00,0.0000,-0.0004,0.0000,0.0000,0.0000,-0.0000,0.0000,0.0000
2026-06-06 16:38:07.950,0,2,2,0.00,-0.0001,0.0001,0.0000,0.0000,0.0000,-0.0000,0.0000,0.0000
2026-06-06 16:38:08.050,0,2,2,0.00,0.0001,0.0000,0.0000,0.0000,0.0000,-0.0000,0.0000,0.0000
2026-06-06 16:38:08.150,0,2,2,0.00,0.0001,0.0000,0.0000,0.0000,0.0000,-0.0000,0.0000,0.0000
2026-06-06 16:38:08.250,0,2,2,0.00,0.0001,0.0000,0.0000,0.0000,0.0000,-0.0000,0.0000,0.0000
2026-06-06 16:38:08.350,0,2,2,0.00,-0.0001,0.0001,0.0000,0.0000,0.0000,-0.0000,0.0000,0.0000
2026-06-06 16:38:08.450,0,2,2,0.00,0.0000,-0.0001,0.0000,0.0000,0.0000,-0.0000,0.0000,0.0000
2026-06-06 16:38:08.550,0,2,2,0.00,0.0003,0.0000,0.0000,0.0000,0.0000,-0.0000,0.0000,0.0000
2026-06-06 16:38:08.650,0,2,2,0.00,0.0000,-0.0003,0.0000,0.0000,0.0000,-0.0000,0.0000,0.0000
2026-06-06 16:38:08.750,0,2,2,0.00,0.0000,0.0001,0.0000,0.0000,0.0000,-0.0000,0.0000,0.0000
2026-06-06 16:38:08.850,0,2,2,0.00,0.0000,-0.0001,0.0000,0.0000,0.0000,-0.0000,0.0000,0.0000
2026-06-06 16:38:08.950,0,2,2,0.00,0.0001,0.0000,0.0000,0.0000,0.0000,-0.0000,0.0000,0.0000
2026-06-06 16:38:09.050,0,2,2,0.00,0.0003,-0.0001,0.0000,0.0000,0.0000,-0.0000,0.0000,0.0000
2026-06-06 16:38:09.150,0,2,2,0.00,-0.0001,0.0000,0.0000,0.0000,0.0000,-0.0000,0.0000,0.0000
2026-06-06 16:38:09.250,0,2,2,0.00,-0.0001,0.0000,0.0000,0.0000,0.0000,-0.0000,0.0000,0.0000
2026-06-06 16:38:09.350,0,2,2,0.00,0.0000,0.0000,0.0000,0.0000,0.0000,-0.0000,0.0000,0.0000
2026-06-06 16:38:09.450,0,2,2,0.00,0.0000,0.0000,0.0000,0.0000,0.0000,-0.0000,0.0000,0.0000
2026-06-06 16:38:09.550,0,2,2,0.00,-0.0004,0.0000,0.0000,0.0000,0.0000,-0.0000,0.0000,0.0000
2026-06-06 16:38:09.650,0,2,2,0.00,0.0000,0.0000,0.0000,0.0000,0.0000,-0.0000,0.0000,0.0000
2026-06-06 16:38:09.750,0,2,2,0.00,0.0000,-0.0001,0.0000,0.0000,0.0000,-0.0000,0.0000,0.0000
2026-06-06 16:38:09.854,0,2,2,0.00,0.0001,0.0001,0.0000,0.0000,0.0000,-0.0000,0.0000,0.0000
2026-06-06 16:38:09.950,0,2,2,0.00,0.0001,0.0000,0.0000,0.0000,0.0000,-0.0000,0.0000,0.0000
2026-06-06 16:38:10.050,0,2,2,0.00,0.0000,-0.0003,0.0000,0.0000,0.0000,-0.0000,0.0000,0.0000
2026-06-06 16:38:10.150,0,2,2,0.00,0.0001,0.0000,0.0000,0.0000,0.0000,-0.0000,0.0000,0.0000
2026-06-06 16:38:10.250,0,2,2,0.00,-0.0001,0.0003,0.0000,0.0000,0.0000,-0.0000,0.0000,0.0000
2026-06-06 16:38:10.350,0,2,2,0.00,0.0000,-0.0003,0.0000,0.0000,0.0000,-0.0000,0.0000,0.0000
2026-06-06 16:38:10.450,0,2,2,0.00,0.0000,0.0001,0.0000,0.0000,0.0000,-0.0000,0.0000,0.0000
2026-06-06 16:38:10.550,0,2,2,0.00,-0.0001,0.0000,0.0000,0.0000,0.0000,-0.0000,0.0000,0.0000
2026-06-06 16:38:10.650,0,2,2,0.00,-0.0001,0.0001,0.0000,0.0000,0.0000,-0.0000,0.0000,0.0000
2026-06-06 16:38:10.750,0,2,2,0.00,0.0000,0.0000,0.0000,0.0000,0.0000,-0.0000,0.0000,0.0000
2026-06-06 16:38:10.850,0,2,2,0.00,0.0003,0.0003,0.0000,0.0000,0.0000,-0.0000,0.0000,0.0000
2026-06-06 16:38:10.950,0,2,2,0.00,0.0000,0.0000,0.0000,0.0000,0.0000,-0.0000,0.0000,0.0000
2026-06-06 16:38:11.050,0,2,2,0.00,0.0001,-0.0001,0.0000,0.0000,0.0000,-0.0000,0.0000,0.0000
2026-06-06 16:38:11.150,0,2,2,0.00,-0.0001,-0.0001,0.0000,0.0000,0.0000,-0.0000,0.0000,0.0000
2026-06-06 16:38:11.251,0,2,2,0.00,-0.0001,0.0000,0.0000,0.0000,0.0000,-0.0000,0.0000,0.0000
2026-06-06 16:38:11.350,0,2,2,0.00,0.0001,0.0000,0.0000,0.0000,0.0000,-0.0000,0.0000,0.0000
2026-06-06 16:38:11.450,0,2,2,0.00,0.0001,0.0000,0.0000,0.0000,0.0000,-0.0000,0.0000,0.0000
2026-06-06 16:38:11.550,0,2,2,0.00,0.0001,0.0000,0.0000,0.0000,0.0000,-0.0000,0.0000,0.0000
2026-06-06 16:38:11.650,0,2,2,0.00,0.0000,-0.0001,0.0000,0.0000,0.0000,-0.0000,0.0000,0.0000
2026-06-06 16:38:11.750,0,2,2,0.00,0.0000,0.0000,0.0000,0.0000,0.0000,-0.0000,0.0000,0.0000
2026-06-06 16:38:11.850,0,2,2,0.00,0.0000,0.0001,0.0000,0.0000,0.0000,-0.0000,0.0000,0.0000
2026-06-06 16:38:11.950,0,2,2,0.00,-0.0001,0.0000,0.0000,0.0000,0.0000,-0.0000,0.0000,0.0000
2026-06-06 16:38:12.050,0,2,2,0.00,0.0000,-0.0005,0.0000,0.0000,0.0000,-0.0000,0.0000,0.0000
2026-06-06 16:38:12.150,0,2,2,0.00,0.0000,0.0000,0.0000,0.0000,0.0000,-0.0000,0.0000,0.0000
2026-06-06 16:38:12.250,0,2,2,0.00,0.0001,-0.0001,0.0000,0.0000,0.0000,-0.0000,0.0000,0.0000
2026-06-06 16:38:12.350,0,2,2,0.00,0.0000,0.0000,0.0000,0.0000,0.0000,-0.0000,0.0000,0.0000
2026-06-06 16:38:12.450,0,2,2,0.00,0.0001,-0.0001,0.0000,0.0000,0.0000,-0.0000,0.0000,0.0000
2026-06-06 16:38:12.550,0,2,2,0.00,0.0001,0.0000,0.0000,0.0000,0.0000,-0.0000,0.0000,0.0000
2026-06-06 16:38:12.650,0,2,2,0.00,-0.0001,0.0000,0.0000,0.0000,0.0000,-0.0000,0.0000,0.0000
2026-06-06 16:38:12.750,0,2,2,0.00,0.0000,0.0000,0.0000,0.0000,0.0000,-0.0000,0.0000,0.0000
2026-06-06 16:38:12.850,0,2,2,0.00,0.0001,0.0000,0.0000,0.0000,0.0000,-0.0000,0.0000,0.0000
2026-06-06 16:38:12.950,0,2,2,0.00,0.0000,0.0000,0.0000,0.0000,0.0000,-0.0000,0.0000,0.0000
2026-06-06 16:38:13.050,0,2,2,0.00,0.0001,0.0001,0.0000,0.0000,0.0000,-0.0000,0.0000,0.0000
2026-06-06 16:38:13.150,0,2,2,0.00,-0.0001,0.0000,0.0000,0.0000,0.0000,-0.0000,0.0000,0.0000
2026-06-06 16:38:13.250,0,2,2,0.00,0.0004,-0.0001,0.0000,0.0000,0.0000,-0.0000,0.0000,0.0000
2026-06-06 16:38:13.350,0,2,2,0.00,0.0000,-0.0003,0.0000,0.0000,0.0000,-0.0000,0.0000,0.0000
2026-06-06 16:38:13.450,0,2,2,0.00,-0.0001,0.0000,0.0000,0.0000,0.0000,-0.0000,0.0000,0.0000
2026-06-06 16:38:13.550,0,2,2,0.00,0.0001,-0.0003,0.0000,0.0000,0.0000,-0.0000,0.0000,0.0000
2026-06-06 16:38:13.650,0,2,2,0.00,0.0000,0.0000,0.0000,0.0000,0.0000,-0.0000,0.0000,0.0000
2026-06-06 16:38:13.750,0,2,2,0.00,0.0003,0.0000,0.0000,0.0000,0.0000,-0.0000,0.0000,0.0000
2026-06-06 16:38:13.850,0,2,2,0.00,0.0000,0.0000,0.0000,0.0000,0.0000,-0.0000,0.0000,0.0000
2026-06-06 16:38:13.950,0,2,2,0.00,0.0000,0.0001,0.0000,0.0000,0.0000,-0.0000,0.0000,0.0000
2026-06-06 16:38:14.050,0,2,2,0.00,0.0000,0.0000,0.0000,0.0000,0.0000,-0.0000,0.0000,0.0000
2026-06-06 16:38:14.150,0,2,2,0.00,0.0000,0.0000,0.0000,0.0000,0.0000,-0.0000,0.0000,0.0000
2026-06-06 16:38:14.250,0,2,2,0.00,0.0005,0.0001,0.0000,0.0000,0.0000,-0.0000,0.0000,0.0000
2026-06-06 16:38:14.350,0,2,2,0.00,0.0001,0.0000,0.0000,0.0000,0.0000,-0.0000,0.0000,0.0000
2026-06-06 16:38:14.450,0,2,2,0.00,-0.0003,0.0000,0.0000,0.0000,0.0000,-0.0000,0.0000,0.0000
2026-06-06 16:38:14.550,0,2,2,0.00,0.0000,0.0000,0.0000,0.0000,0.0000,-0.0000,0.0000,0.0000
2026-06-06 16:38:14.650,0,2,2,0.00,-0.0001,0.0000,0.0000,0.0000,0.0000,-0.0000,0.0000,0.0000
2026-06-06 16:38:14.750,0,2,2,0.00,-0.0001,0.0001,0.0000,0.0000,0.0000,-0.0000,0.0000,0.0000
2026-06-06 16:38:14.850,0,2,2,0.00,0.0000,0.0000,0.0000,0.0000,0.0000,-0.0000,0.0000,0.0000
2026-06-06 16:38:14.950,0,2,2,0.00,0.0001,0.0000,0.0000,0.0000,0.0000,-0.0000,0.0000,0.0000
2026-06-06 16:38:15.050,0,2,2,0.00,-0.0004,-0.0001,0.0000,0.0000,0.0000,-0.0000,0.0000,0.0000
2026-06-06 16:38:15.150,0,2,2,0.00,0.0001,0.0000,0.0000,0.0000,0.0000,-0.0000,0.0000,0.0000
2026-06-06 16:38:15.250,0,2,2,0.00,-0.0003,0.0000,0.0000,0.0000,0.0000,-0.0000,0.0000,0.0000
2026-06-06 16:38:15.350,0,2,2,0.00,0.0000,0.0001,0.0000,0.0000,0.0000,-0.0000,0.0000,0.0000
2026-06-06 16:38:15.450,0,2,2,0.00,-0.0001,0.0000,0.0000,0.0000,0.0000,-0.0000,0.0000,0.0000
2026-06-06 16:38:15.550,0,2,2,0.00,0.0000,0.0000,0.0000,0.0000,0.0000,-0.0000,0.0000,0.0000
2026-06-06 16:38:15.650,0,2,2,0.00,0.0001,0.0005,0.0000,0.0000,0.0000,-0.0000,0.0000,0.0000
2026-06-06 16:38:15.750,0,2,2,0.00,0.0000,0.0000,0.0000,0.0000,0.0000,-0.0000,0.0000,0.0000
2026-06-06 16:38:15.850,0,2,2,0.00,0.0000,0.0000,0.0000,0.0000,0.0000,-0.0000,0.0000,0.0000
2026-06-06 16:38:15.950,0,2,2,0.00,0.0000,0.0000,0.0000,0.0000,0.0000,-0.0000,0.0000,0.0000
2026-06-06 16:38:16.050,0,2,2,0.00,0.0000,0.0000,0.0000,0.0000,0.0000,-0.0000,0.0000,0.0000
2026-06-06 16:38:16.150,0,2,2,0.00,0.0000,0.0003,0.0000,0.0000,0.0000,-0.0000,0.0000,0.0000
2026-06-06 16:38:16.250,0,2,2,0.00,0.0000,0.0000,0.0000,0.0000,0.0000,-0.0000,0.0000,0.0000
2026-06-06 16:38:16.350,0,2,2,0.00,-0.0001,0.0000,0.0000,0.0000,0.0000,-0.0000,0.0000,0.0000
2026-06-06 16:38:16.450,0,2,2,0.00,-0.0001,-0.0001,0.0000,0.0000,0.0000,-0.0000,0.0000,0.0000
2026-06-06 16:38:16.550,0,2,2,0.00,0.0001,0.0003,0.0000,0.0000,0.0000,-0.0000,0.0000,0.0000
2026-06-06 16:38:16.650,0,2,2,0.00,-0.0001,0.0000,0.0000,0.0000,0.0000,-0.0000,0.0000,0.0000
2026-06-06 16:38:16.750,0,2,2,0.00,0.0001,-0.0001,0.0000,0.0000,0.0000,-0.0000,0.0000,0.0000
2026-06-06 16:38:16.850,0,2,2,0.00,-0.0003,0.0003,0.0000,0.0000,0.0000,-0.0000,0.0000,0.0000
2026-06-06 16:38:16.950,0,2,2,0.00,0.0000,0.0000,0.0000,0.0000,0.0000,-0.0000,0.0000,0.0000
2026-06-06 16:38:17.050,0,2,2,0.00,0.0005,-0.0001,0.0000,0.0000,0.0000,-0.0000,0.0000,0.0000
2026-06-06 16:38:17.150,0,2,2,0.00,0.0000,0.0000,0.0000,0.0000,0.0000,-0.0000,0.0000,0.0000
2026-06-06 16:38:17.250,0,2,2,0.00,0.0003,-0.0001,0.0000,0.0000,0.0000,-0.0000,0.0000,0.0000
2026-06-06 16:38:17.351,0,2,2,0.00,0.0001,0.0003,0.0000,0.0000,0.0000,-0.0000,0.0000,0.0000
2026-06-06 16:38:17.450,0,2,2,0.00,0.0000,0.0000,0.0000,0.0000,0.0000,-0.0000,0.0000,0.0000
2026-06-06 16:38:17.550,0,2,2,0.00,-0.0001,0.0000,0.0000,0.0000,0.0000,-0.0000,0.0000,0.0000
2026-06-06 16:38:17.650,0,2,2,0.00,-0.0003,0.0000,0.0000,0.0000,0.0000,-0.0000,0.0000,0.0000
2026-06-06 16:38:17.750,0,2,2,0.00,0.0000,0.0003,0.0000,0.0000,0.0000,-0.0000,0.0000,0.0000
2026-06-06 16:38:17.850,0,2,2,0.00,0.0000,-0.0004,0.0000,0.0000,0.0000,-0.0000,0.0000,0.0000
2026-06-06 16:38:17.950,0,2,2,0.00,0.0003,0.0000,0.0000,0.0000,0.0000,-0.0000,0.0000,0.0000
2026-06-06 16:38:18.050,0,2,2,0.00,0.0000,0.0000,0.0000,0.0000,0.0000,-0.0000,0.0000,0.0000
2026-06-06 16:38:18.150,0,2,2,0.00,0.0000,0.0000,0.0000,0.0000,0.0000,-0.0000,0.0000,0.0000
2026-06-06 16:38:18.250,0,2,2,0.00,0.0000,0.0000,0.0000,0.0000,0.0000,-0.0000,0.0000,0.0000
2026-06-06 16:38:18.350,0,1,2,0.00,0.0001,0.0000,0.0000,0.0000,0.0000,-0.0000,0.0000,0.0000
2026-06-06 16:38:18.450,0,2,2,0.00,0.0003,0.0000,0.0000,0.0000,0.0000,-0.0000,0.0000,0.0000
2026-06-06 16:38:18.550,0,2,2,0.00,0.0000,0.0000,0.0000,0.0000,0.0000,-0.0000,0.0000,0.0000
2026-06-06 16:38:18.650,0,2,2,0.00,0.0000,0.0003,0.0000,0.0000,0.0000,-0.0000,0.0000,0.0000
2026-06-06 16:38:18.753,0,2,2,0.00,0.0004,-0.0001,0.0000,0.0000,0.0000,-0.0000,0.0000,0.0000
2026-06-06 16:38:18.850,0,2,2,0.00,0.0001,-0.0001,0.0000,0.0000,0.0000,-0.0000,0.0000,0.0000
2026-06-06 16:38:18.950,0,2,2,0.00,0.0001,-0.0001,0.0000,0.0000,0.0000,-0.0000,0.0000,0.0000
2026-06-06 16:38:19.050,0,2,2,0.00,0.0001,0.0000,0.0000,0.0000,0.0000,-0.0000,0.0000,0.0000
2026-06-06 16:38:19.150,0,2,2,0.00,-0.0003,0.0003,0.0000,0.0000,0.0000,-0.0000,0.0000,0.0000
2026-06-06 16:38:19.250,0,2,2,0.00,0.0001,0.0001,0.0000,0.0000,0.0000,-0.0000,0.0000,0.0000
2026-06-06 16:38:19.350,0,2,2,0.00,0.0000,-0.0001,0.0000,0.0000,0.0000,-0.0000,0.0000,0.0000
2026-06-06 16:38:19.450,0,2,2,0.00,0.0000,0.0000,0.0000,0.0000,0.0000,-0.0000,0.0000,0.0000
2026-06-06 16:38:19.550,0,2,2,0.00,-0.0001,0.0000,0.0000,0.0000,0.0000,-0.0000,0.0000,0.0000
2026-06-06 16:38:19.650,0,2,2,0.00,0.0000,0.0000,0.0000,0.0000,0.0000,-0.0000,0.0000,0.0000
2026-06-06 16:38:19.750,0,2,2,0.00,0.0000,0.0000,0.0000,0.0000,0.0000,-0.0000,0.0000,0.0000
2026-06-06 16:38:19.850,0,2,2,0.00,0.0003,0.0000,0.0000,0.0000,0.0000,-0.0000,0.0000,0.0000
2026-06-06 16:38:19.950,0,2,2,0.00,0.0000,0.0001,0.0000,0.0000,0.0000,-0.0000,0.0000,0.0000
2026-06-06 16:38:20.050,0,2,2,0.00,0.0000,0.0001,0.0000,0.0000,0.0000,-0.0000,0.0000,0.0000
2026-06-06 16:38:20.150,0,2,2,0.00,-0.0001,0.0000,0.0000,0.0000,0.0000,-0.0000,0.0000,0.0000
2026-06-06 16:38:20.250,0,2,2,0.00,0.0000,0.0000,0.0000,0.0000,0.0000,-0.0000,0.0000,0.0000
2026-06-06 16:38:20.351,0,2,2,0.00,0.0000,0.0000,0.0000,0.0000,0.0000,-0.0000,0.0000,0.0000
2026-06-06 16:38:20.450,0,2,2,0.00,-0.0001,-0.0001,0.0000,0.0000,0.0000,-0.0000,0.0000,0.0000
2026-06-06 16:38:20.550,0,2,2,0.00,0.0000,0.0000,0.0000,0.0000,0.0000,-0.0000,0.0000,0.0000
2026-06-06 16:38:20.650,0,2,2,0.00,0.0005,-0.0001,0.0000,0.0000,0.0000,-0.0000,0.0000,0.0000
2026-06-06 16:38:20.750,0,2,2,0.00,-0.0029,0.0003,0.0001,-0.0000,0.0000,-0.0000,0.0000,0.0000
2026-06-06 16:38:20.850,0,2,2,0.00,-0.0565,0.0013,0.0025,-0.0000,0.0000,-0.0000,0.0000,0.0000
2026-06-06 16:38:20.950,0,2,2,0.00,-0.0815,0.0427,0.0082,-0.0001,0.0000,-0.0000,0.0000,0.0000
2026-06-06 16:38:21.050,0,2,2,0.00,-0.1043,0.0751,0.0165,-0.0002,0.0000,-0.0000,0.0000,0.0000
2026-06-06 16:38:21.150,0,2,2,0.00,-0.1503,0.0661,0.0271,-0.0005,0.0000,-0.0000,0.0000,0.0000
2026-06-06 16:38:21.250,0,2,2,0.00,-0.1962,0.0927,0.0402,-0.0011,0.0000,-0.0000,0.0000,0.0000
2026-06-06 16:38:21.354,0,2,2,0.00,-0.2287,0.1492,0.0567,-0.0021,0.0000,-0.0000,0.0000,0.0000
2026-06-06 16:38:21.450,0,2,2,0.00,-0.2521,0.2149,0.0774,-0.0037,0.0000,-0.0000,0.0000,0.0000
2026-06-06 16:38:21.550,0,2,2,0.00,-0.2771,0.2834,0.1033,-0.0058,0.0000,-0.0000,0.0000,0.0000
2026-06-06 16:38:21.650,0,2,2,0.00,-0.3079,0.3220,0.1340,-0.0083,0.0000,-0.0000,0.0000,0.0000
2026-06-06 16:38:21.750,0,2,2,0.00,-0.3406,0.3533,0.1678,-0.0110,0.0000,-0.0000,0.0000,0.0000
2026-06-06 16:38:21.850,0,2,2,0.00,-0.3732,0.3928,0.2041,-0.0138,0.0000,-0.0000,0.0000,0.0000
2026-06-06 16:38:21.950,0,2,2,0.00,-0.4063,0.4155,0.2443,-0.0168,0.0000,-0.0000,0.0000,0.0000
2026-06-06 16:38:22.050,0,2,2,0.00,-0.4384,0.4520,0.2879,-0.0200,0.0000,-0.0000,0.0000,0.0000
2026-06-06 16:38:22.150,0,2,2,0.00,-0.4636,0.4606,0.3338,-0.0232,0.0000,-0.0000,0.0000,0.0000
2026-06-06 16:38:22.250,0,2,2,0.00,-0.4966,0.4939,0.3823,-0.0267,0.0000,-0.0000,0.0000,0.0000
2026-06-06 16:38:22.350,0,2,2,0.00,-0.5027,0.5091,0.4326,-0.0303,0.0000,-0.0000,0.0000,0.0000
2026-06-06 16:38:22.450,0,2,2,0.00,-0.5083,0.5125,0.4834,-0.0339,0.0000,-0.0000,0.0000,0.0000
2026-06-06 16:38:22.550,0,2,2,0.00,-0.5054,0.5235,0.5346,-0.0374,0.0000,-0.0000,0.0000,0.0000
2026-06-06 16:38:22.650,0,2,2,0.00,-0.5050,0.5189,0.5858,-0.0408,0.0000,-0.0000,0.0000,0.0000
2026-06-06 16:38:22.750,0,2,2,0.00,-0.4986,0.5099,0.6360,-0.0440,0.0000,-0.0000,0.0000,0.0000
2026-06-06 16:38:22.850,0,2,2,0.00,-0.4961,0.5012,0.6863,-0.0471,0.0000,-0.0000,0.0000,0.0000
2026-06-06 16:38:22.950,0,2,2,0.00,-0.4949,0.4981,0.7356,-0.0502,0.0000,-0.0000,0.0000,0.0000
2026-06-06 16:38:23.050,0,2,2,0.00,-0.4985,0.4944,0.7851,-0.0532,0.0000,-0.0000,0.0000,0.0000
2026-06-06 16:38:23.150,0,2,2,0.00,-0.5025,0.4918,0.8347,-0.0563,0.0000,-0.0000,0.0000,0.0000
2026-06-06 16:38:23.250,0,2,2,0.00,-0.5013,0.4922,0.8842,-0.0594,0.0000,-0.0000,0.0000,0.0000
2026-06-06 16:38:23.350,0,2,2,0.00,-0.5029,0.5053,0.9343,-0.0626,0.0000,-0.0000,0.0000,0.0000
2026-06-06 16:38:23.450,0,2,2,0.00,-0.4995,0.4940,0.9840,-0.0658,0.0000,-0.0000,0.0000,0.0000
2026-06-06 16:38:23.550,0,2,2,0.00,-0.5006,0.4970,1.0337,-0.0691,0.0000,-0.0000,0.0000,0.0000
2026-06-06 16:38:23.650,0,2,2,0.00,-0.4995,0.5037,1.0839,-0.0723,0.0000,-0.0000,0.0000,0.0000
2026-06-06 16:38:23.750,0,2,2,0.00,-0.4992,0.4985,1.1336,-0.0755,0.0000,-0.0000,0.0000,0.0000
2026-06-06 16:38:23.850,0,2,2,0.00,-0.4951,0.5036,1.1835,-0.0787,0.0000,-0.0000,0.0000,0.0000
2026-06-06 16:38:23.950,0,2,2,0.00,-0.5021,0.5044,1.2340,-0.0819,0.0000,-0.0000,0.0000,0.0000
2026-06-06 16:38:24.050,0,2,2,0.00,-0.4974,0.4957,1.2850,-0.0851,0.0000,-0.0000,0.0000,0.0000
2026-06-06 16:38:24.150,0,2,2,0.00,-0.5016,0.5041,1.3335,-0.0882,0.0000,-0.0000,0.0000,0.0000
2026-06-06 16:38:24.250,0,2,2,0.00,-0.5034,0.5007,1.3837,-0.0913,0.0000,-0.0000,0.0000,0.0000
2026-06-06 16:38:24.350,0,2,2,0.00,-0.4996,0.4981,1.4335,-0.0945,0.0000,-0.0000,0.0000,0.0000
2026-06-06 16:38:24.450,0,2,2,0.00,-0.4994,0.5002,1.4834,-0.0976,0.0000,-0.0000,0.0000,0.0000
2026-06-06 16:38:24.550,0,2,2,0.00,-0.4996,0.4931,1.5328,-0.1008,0.0000,-0.0000,0.0000,0.0000
2026-06-06 16:38:24.650,0,2,2,0.00,-0.4991,0.4909,1.5823,-0.1040,0.0000,-0.0000,0.0000,0.0000
2026-06-06 16:38:24.750,0,2,2,0.00,-0.4990,0.4996,1.6320,-0.1073,0.0000,-0.0000,0.0000,0.0000
2026-06-06 16:38:24.850,0,2,2,0.00,-0.5013,0.5008,1.6820,-0.1106,0.0000,-0.0000,0.0000,0.0000
2026-06-06 16:38:24.950,0,2,2,0.00,-0.4991,0.5006,1.7319,-0.1138,0.0000,-0.0000,0.0000,0.0000
2026-06-06 16:38:25.050,0,2,2,0.00,-0.4974,0.4972,1.7817,-0.1171,0.0000,-0.0000,0.0000,0.0000
2026-06-06 16:38:25.150,0,2,2,0.00,-0.5003,0.5006,1.8323,-0.1205,0.0000,-0.0000,0.0000,0.0000
2026-06-06 16:38:25.250,0,2,2,0.00,-0.5012,0.5034,1.8814,-0.1237,0.0000,-0.0000,0.0000,0.0000
2026-06-06 16:38:25.350,0,2,2,0.00,-0.4994,0.4975,1.9311,-0.1270,0.0000,-0.0000,0.0000,0.0000
2026-06-06 16:38:25.450,0,2,2,0.00,-0.5000,0.5013,1.9813,-0.1303,0.0000,-0.0000,0.0000,0.0000
2026-06-06 16:38:25.550,0,2,2,0.00,-0.5038,0.5050,2.0315,-0.1336,0.0000,-0.0000,0.0000,0.0000
2026-06-06 16:38:25.650,0,2,2,0.00,-0.4982,0.5046,2.0816,-0.1368,0.0000,-0.0000,0.0000,0.0000
2026-06-06 16:38:25.750,0,2,2,0.00,-0.4983,0.4863,2.1310,-0.1401,0.0000,-0.0000,0.0000,0.0000
2026-06-06 16:38:25.850,0,2,2,0.00,-0.5041,0.5051,2.1812,-0.1434,0.0000,-0.0000,0.0000,0.0000
2026-06-06 16:38:25.950,0,2,2,0.00,-0.4999,0.5012,2.2307,-0.1467,0.0000,-0.0000,0.0000,0.0000
2026-06-06 16:38:26.050,0,2,2,0.00,-0.4998,0.5083,2.2809,-0.1500,0.0000,-0.0000,0.0000,0.0000
2026-06-06 16:38:26.150,0,2,2,0.00,-0.5013,0.5066,2.3318,-0.1533,0.0000,-0.0000,0.0000,0.0000
2026-06-06 16:38:26.250,0,2,2,0.00,-0.4945,0.4956,2.3809,-0.1564,0.0000,-0.0000,0.0000,0.0000
2026-06-06 16:38:26.350,0,2,2,0.00,-0.5004,0.5011,2.4306,-0.1596,0.0000,-0.0000,0.0000,0.0000
2026-06-06 16:38:26.450,0,2,2,0.00,-0.5017,0.5023,2.4814,-0.1629,0.0000,-0.0000,0.0000,0.0000
2026-06-06 16:38:26.550,0,2,2,0.00,-0.4983,0.4999,2.5306,-0.1660,0.0000,-0.0000,0.0000,0.0000
2026-06-06 16:38:26.650,0,2,2,0.00,-0.5033,0.5080,2.5815,-0.1692,0.0000,-0.0000,0.0000,0.0000
2026-06-06 16:38:26.750,0,2,2,0.00,-0.4996,0.4983,2.6314,-0.1723,0.0000,-0.0000,0.0000,0.0000
2026-06-06 16:38:26.850,0,2,2,0.00,-0.5002,0.5016,2.6814,-0.1755,0.0000,-0.0000,0.0000,0.0000
2026-06-06 16:38:26.950,0,2,2,0.00,-0.5006,0.4968,2.7312,-0.1786,0.0000,-0.0000,0.0000,0.0000
2026-06-06 16:38:27.050,0,2,2,0.00,-0.5013,0.4961,2.7810,-0.1817,0.0000,-0.0000,0.0000,0.0000
2026-06-06 16:38:27.150,0,2,2,0.00,-0.5000,0.4957,2.8307,-0.1849,0.0000,-0.0000,0.0000,0.0000
2026-06-06 16:38:27.250,0,2,2,0.00,-0.4999,0.4975,2.8826,-0.1882,0.0000,-0.0000,0.0000,0.0000
2026-06-06 16:38:27.350,0,2,2,0.00,-0.4987,0.4990,2.9305,-0.1913,0.0000,-0.0000,0.0000,0.0000
2026-06-06 16:38:27.450,0,2,2,0.00,-0.4989,0.4983,2.9804,-0.1945,0.0000,-0.0000,0.0000,0.0000
2026-06-06 16:38:27.553,0,2,2,0.00,-0.4986,0.5000,3.0300,-0.1976,0.0000,-0.0000,0.0000,0.0000
2026-06-06 16:38:27.650,0,2,2,0.00,-0.5004,0.5008,3.0801,-0.2008,0.0000,-0.0000,0.0000,0.0000
2026-06-06 16:38:27.750,0,2,2,0.00,-0.5021,0.5097,3.1303,-0.2039,0.0000,-0.0000,0.0000,0.0000
2026-06-06 16:38:27.850,0,2,2,0.00,-0.5017,0.5027,3.1805,-0.2071,0.0000,-0.0000,0.0000,0.0000
2026-06-06 16:38:27.950,0,2,2,0.00,-0.4989,0.5010,3.2305,-0.2101,0.0000,-0.0000,0.0000,0.0000
2026-06-06 16:38:28.050,0,2,2,0.00,-0.4990,0.4979,3.2804,-0.2132,0.0000,-0.0000,0.0000,0.0000
2026-06-06 16:38:28.150,0,2,2,0.00,-0.4952,0.4833,3.3293,-0.2162,0.0000,-0.0000,0.0000,0.0000
2026-06-06 16:38:28.250,0,2,2,0.00,-0.5032,0.4973,3.3791,-0.2194,0.0000,-0.0000,0.0000,0.0000
2026-06-06 16:38:28.350,0,2,2,0.00,-0.5017,0.4981,3.4309,-0.2228,0.0000,-0.0000,0.0000,0.0000
2026-06-06 16:38:28.450,0,2,2,0.00,-0.5017,0.5057,3.4790,-0.2259,0.0000,-0.0000,0.0000,0.0000
2026-06-06 16:38:28.550,0,2,2,0.00,-0.4994,0.5055,3.5293,-0.2292,0.0000,-0.0000,0.0000,0.0000
2026-06-06 16:38:28.650,0,2,2,0.00,-0.4961,0.4913,3.5790,-0.2323,0.0000,-0.0000,0.0000,0.0000
2026-06-06 16:38:28.753,0,2,2,0.00,-0.4972,0.4938,3.6283,-0.2355,0.0000,-0.0000,0.0000,0.0000
2026-06-06 16:38:28.851,0,2,2,0.00,-0.5015,0.5114,3.6789,-0.2388,0.0000,-0.0000,0.0000,0.0000
2026-06-06 16:38:28.950,0,2,2,0.00,-0.5010,0.5032,3.7288,-0.2420,0.0000,-0.0000,0.0000,0.0000
2026-06-06 16:38:29.050,0,2,2,0.00,-0.5021,0.5151,3.7795,-0.2452,0.0000,-0.0000,0.0000,0.0000
2026-06-06 16:38:29.150,0,2,2,0.00,-0.4996,0.5012,3.8296,-0.2482,0.0000,-0.0000,0.0000,0.0000
2026-06-06 16:38:29.250,0,2,2,0.00,-0.4998,0.5024,3.8800,-0.2513,0.0000,-0.0000,0.0000,0.0000
2026-06-06 16:38:29.350,0,2,2,0.00,-0.4979,0.4931,3.9291,-0.2543,0.0000,-0.0000,0.0000,0.0000
2026-06-06 16:38:29.450,0,2,2,0.00,-0.4999,0.4986,3.9788,-0.2574,0.0000,-0.0000,0.0000,0.0000
2026-06-06 16:38:29.550,0,2,2,0.00,-0.5010,0.4948,4.0286,-0.2605,0.0000,-0.0000,0.0000,0.0000
2026-06-06 16:38:29.650,0,2,2,0.00,-0.5008,0.4999,4.0785,-0.2637,0.0000,-0.0000,0.0000,0.0000
2026-06-06 16:38:29.750,0,2,2,0.00,-0.4990,0.4951,4.1283,-0.2668,0.0000,-0.0000,0.0000,0.0000
2026-06-06 16:38:29.850,0,2,2,0.00,-0.5000,0.5045,4.1782,-0.2700,0.0000,-0.0000,0.0000,0.0000
2026-06-06 16:38:29.950,0,2,2,0.00,-0.5015,0.4992,4.2285,-0.2731,0.0000,-0.0000,0.0000,0.0000
2026-06-06 16:38:30.050,0,2,2,0.00,-0.4990,0.4964,4.2781,-0.2762,0.0000,-0.0000,0.0000,0.0000
2026-06-06 16:38:30.150,0,2,2,0.00,-0.4986,0.5025,4.3282,-0.2793,0.0000,-0.0000,0.0000,0.0000
2026-06-06 16:38:30.250,0,2,2,0.00,-0.4986,0.5006,4.3795,-0.2825,0.0000,-0.0000,0.0000,0.0000
2026-06-06 16:38:30.350,0,2,2,0.00,-0.5023,0.5029,4.4282,-0.2855,0.0000,-0.0000,0.0000,0.0000
2026-06-06 16:38:30.450,0,2,2,0.00,-0.4989,0.5041,4.4784,-0.2885,0.0000,-0.0000,0.0000,0.0000
2026-06-06 16:38:30.550,0,2,2,0.00,-0.4965,0.4906,4.5281,-0.2915,0.0000,-0.0000,0.0000,0.0000
2026-06-06 16:38:30.650,0,2,2,0.00,-0.4995,0.4943,4.5777,-0.2945,0.0000,-0.0000,0.0000,0.0000
2026-06-06 16:38:30.750,0,2,2,0.00,-0.4999,0.4999,4.6276,-0.2976,0.0000,-0.0000,0.0000,0.0000
2026-06-06 16:38:30.850,0,2,2,0.00,-0.5006,0.4979,4.6774,-0.3006,0.0000,-0.0000,0.0000,0.0000
2026-06-06 16:38:30.950,0,2,2,0.00,-0.5010,0.5010,4.7274,-0.3037,0.0000,-0.0000,0.0000,0.0000
2026-06-06 16:38:31.050,0,2,2,0.00,-0.4998,0.5004,4.7773,-0.3067,0.0000,-0.0000,0.0000,0.0000
2026-06-06 16:38:31.150,0,2,2,0.00,-0.4977,0.4949,4.8269,-0.3098,0.0000,-0.0000,0.0000,0.0000
2026-06-06 16:38:31.250,0,2,2,0.00,-0.4996,0.5024,4.8767,-0.3129,0.0000,-0.0000,0.0000,0.0000
2026-06-06 16:38:31.350,0,2,2,0.00,-0.4989,0.5003,4.9266,-0.3160,0.0000,-0.0000,0.0000,0.0000
2026-06-06 16:38:31.450,0,2,2,0.00,-0.5013,0.5040,4.9767,-0.3191,0.0000,-0.0000,0.0000,0.0000
2026-06-06 16:38:31.550,0,2,2,0.00,-0.5015,0.5061,5.0268,-0.3221,0.0000,-0.0000,0.0000,0.0000
2026-06-06 16:38:31.650,0,2,2,0.00,-0.5036,0.5015,5.0768,-0.3252,0.0000,-0.0000,0.0000,0.0000
2026-06-06 16:38:31.750,0,2,2,0.00,-0.4975,0.4966,5.1268,-0.3282,0.0000,-0.0000,0.0000,0.0000
2026-06-06 16:38:31.850,0,2,2,0.00,-0.4975,0.4894,5.1760,-0.3313,0.0000,-0.0000,0.0000,0.0000
2026-06-06 16:38:31.950,0,2,2,0.00,-0.4994,0.4889,5.2253,-0.3344,0.0000,-0.0000,0.0000,0.0000
2026-06-06 16:38:32.050,0,2,2,0.00,-0.5015,0.4945,5.2747,-0.3376,0.0000,-0.0000,0.0000,0.0000
2026-06-06 16:38:32.150,0,2,2,0.00,-0.5024,0.5002,5.3256,-0.3410,0.0000,-0.0000,0.0000,0.0000
2026-06-06 16:38:32.250,0,2,2,0.00,-0.4995,0.4943,5.3745,-0.3442,0.0000,-0.0000,0.0000,0.0000
2026-06-06 16:38:32.350,0,2,2,0.00,-0.4979,0.5004,5.4242,-0.3476,0.0000,-0.0000,0.0000,0.0000
2026-06-06 16:38:32.450,0,2,2,0.00,-0.5028,0.5084,5.4746,-0.3509,0.0000,-0.0000,0.0000,0.0000
2026-06-06 16:38:32.552,0,2,2,0.00,-0.4991,0.5016,5.5244,-0.3542,0.0000,-0.0000,0.0000,0.0000
2026-06-06 16:38:32.650,0,2,2,0.00,-0.4998,0.5083,5.5747,-0.3575,0.0000,-0.0000,0.0000,0.0000
2026-06-06 16:38:32.750,0,2,2,0.00,-0.4989,0.5071,5.6249,-0.3607,0.0000,-0.0000,0.0000,0.0000
2026-06-06 16:38:32.850,0,2,2,0.00,-0.4985,0.5053,5.6751,-0.3638,0.0000,-0.0000,0.0000,0.0000
2026-06-06 16:38:32.950,0,2,2,0.00,-0.4930,0.4981,5.7245,-0.3668,0.0000,-0.0000,0.0000,0.0000
2026-06-06 16:38:33.050,0,2,2,0.00,-0.5016,0.4966,5.7742,-0.3698,0.0000,-0.0000,0.0000,0.0000
2026-06-06 16:38:33.150,0,2,2,0.00,-0.5004,0.4877,5.8238,-0.3728,0.0000,-0.0000,0.0000,0.0000
2026-06-06 16:38:33.250,0,2,2,0.00,-0.5029,0.4922,5.8734,-0.3759,0.0000,-0.0000,0.0000,0.0000
2026-06-06 16:38:33.350,0,2,2,0.00,-0.5025,0.4992,5.9235,-0.3791,0.0000,-0.0000,0.0000,0.0000
2026-06-06 16:38:33.450,0,2,2,0.00,-0.5002,0.4972,5.9733,-0.3823,0.0000,-0.0000,0.0000,0.0000
2026-06-06 16:38:33.550,0,2,2,0.00,-0.4987,0.4909,6.0227,-0.3856,0.0000,-0.0000,0.0000,0.0000
2026-06-06 16:38:33.650,0,2,2,0.00,-0.5006,0.5027,6.0727,-0.3889,0.0000,-0.0000,0.0000,0.0000
2026-06-06 16:38:33.751,0,2,2,0.00,-0.5000,0.5029,6.1233,-0.3921,0.0000,-0.0000,0.0000,0.0000
2026-06-06 16:38:33.850,0,2,2,0.00,-0.5006,0.5114,6.1732,-0.3953,0.0000,-0.0000,0.0000,0.0000
2026-06-06 16:38:33.950,0,2,2,0.00,-0.5004,0.5173,6.2239,-0.3985,0.0000,-0.0000,0.0000,0.0000
2026-06-06 16:38:34.050,0,2,2,0.00,-0.4981,0.5064,6.2743,-0.4015,0.0000,-0.0000,0.0000,0.0000
2026-06-06 16:38:34.150,0,2,2,0.00,-0.4974,0.5036,6.3242,-0.4045,0.0000,-0.0000,0.0000,0.0000
2026-06-06 16:38:34.250,0,2,2,0.00,-0.4943,0.4932,6.3735,-0.4073,0.0000,-0.0000,0.0000,0.0000
2026-06-06 16:38:34.350,0,2,2,0.00,-0.5003,0.4917,6.4229,-0.4103,0.0000,-0.0000,0.0000,0.0000
2026-06-06 16:38:34.450,0,2,2,0.00,-0.5002,0.4879,6.4724,-0.4133,0.0000,-0.0000,0.0000,0.0000
2026-06-06 16:38:34.550,0,2,2,0.00,-0.5027,0.4999,6.5224,-0.4163,0.0000,-0.0000,0.0000,0.0000
2026-06-06 16:38:34.650,0,2,2,0.00,-0.5017,0.4957,6.5722,-0.4194,0.0000,-0.0000,0.0000,0.0000
2026-06-06 16:38:34.750,0,2,2,0.00,-0.4974,0.4961,6.6218,-0.4226,0.0000,-0.0000,0.0000,0.0000
2026-06-06 16:38:34.850,0,2,2,0.00,-0.5015,0.4987,6.6714,-0.4258,0.0000,-0.0000,0.0000,0.0000
2026-06-06 16:38:34.950,0,2,2,0.00,-0.5007,0.5041,6.7214,-0.4290,0.0000,-0.0000,0.0000,0.0000
2026-06-06 16:38:35.050,0,2,2,0.00,-0.4992,0.5047,6.7714,-0.4323,0.0000,-0.0000,0.0000,0.0000
2026-06-06 16:38:35.150,0,2,2,0.00,-0.4981,0.5095,6.8238,-0.4356,0.0000,-0.0000,0.0000,0.0000
2026-06-06 16:38:35.250,0,2,2,0.00,-0.5003,0.5093,6.8721,-0.4386,0.0000,-0.0000,0.0000,0.0000
2026-06-06 16:38:35.350,0,2,2,0.00,-0.4926,0.5101,6.9222,-0.4415,0.0000,-0.0000,0.0000,0.0000
2026-06-06 16:38:35.450,0,2,2,0.00,-0.4999,0.4958,6.9722,-0.4444,0.0000,-0.0000,0.0000,0.0000
2026-06-06 16:38:35.550,0,2,2,0.00,-0.5028,0.4998,7.0217,-0.4473,0.0000,-0.0000,0.0000,0.0000
2026-06-06 16:38:35.650,0,2,2,0.00,-0.5004,0.4894,7.0710,-0.4503,0.0000,-0.0000,0.0000,0.0000
2026-06-06 16:38:35.750,0,2,2,0.00,-0.5044,0.4987,7.1208,-0.4534,0.0000,-0.0000,0.0000,0.0000
2026-06-06 16:38:35.850,0,2,2,0.00,-0.5013,0.4863,7.1706,-0.4565,0.0000,-0.0000,0.0000,0.0000
2026-06-06 16:38:35.950,0,2,2,0.00,-0.4982,0.4932,7.2199,-0.4596,0.0000,-0.0000,0.0000,0.0000
2026-06-06 16:38:36.050,0,2,2,0.00,-0.5019,0.4936,7.2692,-0.4629,0.0000,-0.0000,0.0000,0.0000
2026-06-06 16:38:36.150,0,2,2,0.00,-0.4981,0.5012,7.3194,-0.4662,0.0000,-0.0000,0.0000,0.0000
2026-06-06 16:38:36.250,0,2,2,0.00,-0.4991,0.5012,7.3694,-0.4694,0.0000,-0.0000,0.0000,0.0000
2026-06-06 16:38:36.350,0,2,2,0.00,-0.5011,0.5137,7.4207,-0.4727,0.0000,-0.0000,0.0000,0.0000
2026-06-06 16:38:36.451,0,2,2,0.00,-0.4977,0.5118,7.4706,-0.4758,0.0000,-0.0000,0.0000,0.0000
2026-06-06 16:38:36.550,0,2,2,0.00,-0.5004,0.5106,7.5214,-0.4788,0.0000,-0.0000,0.0000,0.0000
2026-06-06 16:38:36.650,0,2,2,0.00,-0.4970,0.5050,7.5709,-0.4817,0.0000,-0.0000,0.0000,0.0000
2026-06-06 16:38:36.750,0,2,2,0.00,-0.4991,0.4964,7.6210,-0.4845,0.0000,-0.0000,0.0000,0.0000
2026-06-06 16:38:36.850,0,2,2,0.00,-0.5011,0.4906,7.6725,-0.4875,0.0000,-0.0000,0.0000,0.0000
2026-06-06 16:38:36.950,0,2,2,0.00,-0.5000,0.4930,7.7196,-0.4903,0.0000,-0.0000,0.0000,0.0000
2026-06-06 16:38:37.050,0,2,2,0.00,-0.5010,0.4965,7.7694,-0.4934,0.0000,-0.0000,0.0000,0.0000
2026-06-06 16:38:37.150,0,2,2,0.00,-0.5038,0.4951,7.8192,-0.4964,0.0000,-0.0000,0.0000,0.0000
2026-06-06 16:38:37.250,0,2,2,0.00,-0.5007,0.4955,7.8693,-0.4996,0.0000,-0.0000,0.0000,0.0000
2026-06-06 16:38:37.350,0,2,2,0.00,-0.5020,0.5042,7.9191,-0.5028,0.0000,-0.0000,0.0000,0.0000
2026-06-06 16:38:37.450,0,2,2,0.00,-0.5002,0.4994,7.9690,-0.5060,0.0000,-0.0000,0.0000,0.0000
2026-06-06 16:38:37.550,0,2,2,0.00,-0.4998,0.5030,8.0189,-0.5091,0.0000,-0.0000,0.0000,0.0000
2026-06-06 16:38:37.650,0,2,2,0.00,-0.4990,0.5131,8.0694,-0.5123,0.0000,-0.0000,0.0000,0.0000
2026-06-06 16:38:37.750,0,2,2,0.00,-0.4982,0.5051,8.1195,-0.5153,0.0000,-0.0000,0.0000,0.0000
2026-06-06 16:38:37.850,0,2,2,0.00,-0.4958,0.5061,8.1695,-0.5182,0.0000,-0.0000,0.0000,0.0000
2026-06-06 16:38:37.950,0,2,2,0.00,-0.4965,0.4956,8.2190,-0.5211,0.0000,-0.0000,0.0000,0.0000
2026-06-06 16:38:38.050,0,2,2,0.00,-0.4981,0.4932,8.2685,-0.5240,0.0000,-0.0000,0.0000,0.0000
2026-06-06 16:38:38.150,0,2,2,0.00,-0.5030,0.4926,8.3202,-0.5271,0.0000,-0.0000,0.0000,0.0000
2026-06-06 16:38:38.250,0,2,2,0.00,-0.5028,0.4923,8.3679,-0.5301,0.0000,-0.0000,0.0000,0.0000
2026-06-06 16:38:38.350,0,2,2,0.00,-0.5032,0.4961,8.4176,-0.5332,0.0000,-0.0000,0.0000,0.0000
2026-06-06 16:38:38.450,0,2,2,0.00,-0.5000,0.4986,8.4695,-0.5366,0.0000,-0.0000,0.0000,0.0000
2026-06-06 16:38:38.550,0,2,2,0.00,-0.5004,0.4986,8.5174,-0.5397,0.0000,-0.0000,0.0000,0.0000
2026-06-06 16:38:38.650,0,2,2,0.00,-0.4995,0.5036,8.5678,-0.5429,0.0000,-0.0000,0.0000,0.0000
2026-06-06 16:38:38.750,0,2,2,0.00,-0.5000,0.5085,8.6179,-0.5461,0.0000,-0.0000,0.0000,0.0000
2026-06-06 16:38:38.850,0,2,2,0.00,-0.4970,0.5054,8.6681,-0.5493,0.0000,-0.0000,0.0000,0.0000
2026-06-06 16:38:38.950,0,2,2,0.00,-0.4974,0.5122,8.7185,-0.5524,0.0000,-0.0000,0.0000,0.0000
2026-06-06 16:38:39.050,0,2,2,0.00,-0.4949,0.5000,8.7682,-0.5553,0.0000,-0.0000,0.0000,0.0000
2026-06-06 16:38:39.150,0,2,2,0.00,-0.5017,0.4992,8.8192,-0.5583,0.0000,-0.0000,0.0000,0.0000
2026-06-06 16:38:39.253,0,2,2,0.00,-0.5020,0.4956,8.8678,-0.5612,0.0000,-0.0000,0.0000,0.0000
2026-06-06 16:38:39.350,0,2,2,0.00,-0.5008,0.4919,8.9175,-0.5641,0.0000,-0.0000,0.0000,0.0000
2026-06-06 16:38:39.450,0,2,2,0.00,-0.4998,0.4889,8.9669,-0.5672,0.0000,-0.0000,0.0000,0.0000
2026-06-06 16:38:39.550,0,2,2,0.00,-0.5004,0.4919,9.0166,-0.5703,0.0000,-0.0000,0.0000,0.0000
2026-06-06 16:38:39.650,0,2,2,0.00,-0.5015,0.4961,9.0660,-0.5735,0.0000,-0.0000,0.0000,0.0000
2026-06-06 16:38:39.750,0,2,2,0.00,-0.5016,0.5041,9.1163,-0.5768,0.0000,-0.0000,0.0000,0.0000
2026-06-06 16:38:39.850,0,2,2,0.00,-0.4995,0.4999,9.1662,-0.5801,0.0000,-0.0000,0.0000,0.0000
2026-06-06 16:38:39.950,0,2,2,0.00,-0.5006,0.5099,9.2167,-0.5833,0.0000,-0.0000,0.0000,0.0000
2026-06-06 16:38:40.050,0,2,2,0.00,-0.4995,0.5071,9.2669,-0.5864,0.0000,-0.0000,0.0000,0.0000
2026-06-06 16:38:40.150,0,2,2,0.00,-0.4996,0.5102,9.3172,-0.5895,0.0000,-0.0000,0.0000,0.0000
2026-06-06 16:38:40.250,0,2,2,0.00,-0.4968,0.5071,9.3680,-0.5926,0.0000,-0.0000,0.0000,0.0000
2026-06-06 16:38:40.350,0,2,2,0.00,-0.4982,0.5012,9.4175,-0.5954,0.0000,-0.0000,0.0000,0.0000
2026-06-06 16:38:40.450,0,2,2,0.00,-0.4994,0.4794,9.4670,-0.5983,0.0000,-0.0000,0.0000,0.0000
2026-06-06 16:38:40.550,0,2,2,0.00,-0.4489,0.4309,9.5122,-0.6010,0.0000,-0.0000,0.0000,0.0000
2026-06-06 16:38:40.650,0,2,2,0.00,-0.3842,0.3725,9.5516,-0.6035,0.0000,-0.0000,0.0000,0.0000
2026-06-06 16:38:40.750,0,2,2,0.00,-0.3416,0.3529,9.5869,-0.6058,0.0000,-0.0000,0.0000,0.0000
2026-06-06 16:38:40.850,0,2,2,0.00,-0.2716,0.2757,9.6161,-0.6077,0.0000,-0.0000,0.0000,0.0000
2026-06-06 16:38:40.950,0,2,2,0.00,-0.1975,0.2046,9.6379,-0.6091,0.0000,-0.0000,0.0000,0.0000
2026-06-06 16:38:41.056,0,2,2,0.00,-0.1151,0.1060,9.6511,-0.6099,0.0000,-0.0000,0.0000,0.0000
2026-06-06 16:38:41.150,0,2,2,0.00,-0.0585,0.0386,9.6572,-0.6103,0.0000,-0.0000,0.0000,0.0000
2026-06-06 16:38:41.250,0,2,2,0.00,-0.0020,-0.0001,9.6577,-0.6103,0.0000,-0.0000,0.0000,0.0000
2026-06-06 16:38:41.350,0,2,2,0.00,0.0005,-0.0123,9.6572,-0.6103,0.0000,-0.0000,0.0000,0.0000
2026-06-06 16:38:41.450,0,2,2,0.00,0.0007,-0.0196,9.6564,-0.6102,0.0000,-0.0000,0.0000,0.0000
2026-06-06 16:38:41.550,0,2,2,0.00,0.0001,-0.0154,9.6555,-0.6101,0.0000,-0.0000,0.0000,0.0000
2026-06-06 16:38:41.650,0,2,2,0.00,0.0003,-0.0088,9.6550,-0.6101,0.0000,-0.0000,0.0000,0.0000
2026-06-06 16:38:41.750,0,2,2,0.00,-0.0001,-0.0010,9.6548,-0.6101,0.0000,-0.0000,0.0000,0.0000
2026-06-06 16:38:41.850,0,2,2,0.00,0.0001,0.0001,9.6548,-0.6101,0.0000,-0.0000,0.0000,0.0000
2026-06-06 16:38:41.950,0,2,2,0.00,0.0137,-0.0001,9.6545,-0.6101,0.0000,-0.0000,0.0000,0.0000
2026-06-06 16:38:42.050,0,2,2,0.00,0.0412,-0.0171,9.6522,-0.6099,0.0000,-0.0000,0.0000,0.0000
2026-06-06 16:38:42.150,0,2,2,0.00,0.0683,-0.0352,9.6475,-0.6095,0.0000,-0.0000,0.0000,0.0000
2026-06-06 16:38:42.250,0,2,2,0.00,0.0997,-0.0787,9.6373,-0.6089,0.0000,-0.0000,0.0000,0.0000
2026-06-06 16:38:42.350,0,2,2,0.00,0.0751,-0.0822,9.6311,-0.6085,0.0000,-0.0000,0.0000,0.0000
2026-06-06 16:38:42.450,0,2,2,0.00,0.0209,-0.0620,9.6260,-0.6081,0.0000,-0.0000,0.0000,0.0000
2026-06-06 16:38:42.550,0,2,2,0.00,-0.0033,-0.0225,9.6247,-0.6081,0.0000,-0.0000,0.0000,0.0000
2026-06-06 16:38:42.650,0,2,2,0.00,-0.0378,0.0003,9.6259,-0.6081,0.0000,-0.0000,0.0000,0.0000
2026-06-06 16:38:42.750,0,2,2,0.00,-0.0732,0.0090,9.6296,-0.6085,0.0000,-0.0000,0.0000,0.0000
2026-06-06 16:38:42.850,0,2,2,0.00,-0.1388,0.0647,9.6388,-0.6093,0.0000,-0.0000,0.0000,0.0000
2026-06-06 16:38:42.950,0,2,2,0.00,-0.1696,0.1145,9.6527,-0.6108,0.0000,-0.0000,0.0000,0.0000
2026-06-06 16:38:43.050,0,2,2,0.00,-0.1972,0.1480,9.6693,-0.6126,0.0000,-0.0000,0.0000,0.0000
2026-06-06 16:38:43.150,0,2,2,0.00,-0.2207,0.1727,9.6886,-0.6149,0.0000,-0.0000,0.0000,0.0000
2026-06-06 16:38:43.250,0,2,2,0.00,-0.2486,0.2096,9.7105,-0.6177,0.0000,-0.0000,0.0000,0.0000
2026-06-06 16:38:43.350,0,2,2,0.00,-0.2490,0.2333,9.7345,-0.6209,0.0000,-0.0000,0.0000,0.0000
2026-06-06 16:38:43.450,0,2,2,0.00,-0.2505,0.2745,9.7605,-0.6243,0.0000,-0.0000,0.0000,0.0000
2026-06-06 16:38:43.551,0,2,2,0.00,-0.2361,0.3282,9.7891,-0.6278,0.0000,-0.0000,0.0000,0.0000
2026-06-06 16:38:43.650,0,2,2,0.00,-0.1929,0.3123,9.8139,-0.6303,0.0000,-0.0000,0.0000,0.0000
2026-06-06 16:38:43.753,0,2,2,0.00,-0.1344,0.2622,9.8365,-0.6322,0.0000,-0.0000,0.0000,0.0000
2026-06-06 16:38:43.850,0,2,2,0.00,-0.0751,0.2143,9.8500,-0.6329,0.0000,-0.0000,0.0000,0.0000
2026-06-06 16:38:43.950,0,2,2,0.00,-0.0017,0.2176,9.8609,-0.6332,0.0000,-0.0000,0.0000,0.0000
2026-06-06 16:38:44.050,0,2,2,0.00,0.0194,0.1060,9.8647,-0.6332,0.0000,-0.0000,0.0000,0.0000
2026-06-06 16:38:44.150,0,2,2,0.00,-0.0079,0.0236,9.8664,-0.6332,0.0000,-0.0000,0.0000,0.0000
2026-06-06 16:38:44.250,0,2,2,0.00,-0.0200,0.0161,9.8701,-0.6331,0.0000,-0.0000,0.0000,0.0000
2026-06-06 16:38:44.350,0,2,2,0.00,-0.0245,0.0140,9.8714,-0.6331,0.0000,-0.0000,0.0000,0.0000
2026-06-06 16:38:44.450,0,2,2,0.00,-0.0565,0.0390,9.8762,-0.6330,0.0000,-0.0000,0.0000,0.0000
2026-06-06 16:38:44.550,0,2,2,0.00,-0.0812,0.0640,9.8830,-0.6329,0.0000,-0.0000,0.0000,0.0000
2026-06-06 16:38:44.651,0,2,2,0.00,-0.0997,0.1094,9.8927,-0.6328,0.0000,-0.0000,0.0000,0.0000
2026-06-06 16:38:44.750,0,2,2,0.00,-0.1518,0.1640,9.9073,-0.6327,0.0000,-0.0000,0.0000,0.0000
2026-06-06 16:38:44.850,0,2,2,0.00,-0.2204,0.2630,9.9402,-0.6322,0.0000,-0.0000,0.0000,0.0000
2026-06-06 16:38:44.950,0,1,2,0.00,-0.1967,0.2555,9.9518,-0.6320,0.0000,-0.0000,0.0000,0.0000
2026-06-06 16:38:45.050,0,2,2,0.00,-0.1580,0.2406,9.9725,-0.6314,0.0000,-0.0000,0.0000,0.0000
2026-06-06 16:38:45.150,0,2,2,0.00,-0.0918,0.1864,9.9874,-0.6306,0.0000,-0.0000,0.0000,0.0000
2026-06-06 16:38:45.250,0,2,2,0.00,-0.0147,0.1542,9.9964,-0.6300,0.0000,-0.0000,0.0000,0.0000
2026-06-06 16:38:45.350,0,2,2,0.00,0.0013,0.0898,10.0009,-0.6296,0.0000,-0.0000,0.0000,0.0000
2026-06-06 16:38:45.450,0,2,2,0.00,0.0202,0.0102,10.0006,-0.6297,0.0000,-0.0000,0.0000,0.0000
2026-06-06 16:38:45.550,0,2,2,0.00,0.0065,-0.0277,9.9994,-0.6298,0.0000,-0.0000,0.0000,0.0000
2026-06-06 16:38:45.650,0,2,2,0.00,0.0010,-0.0236,9.9981,-0.6299,0.0000,-0.0000,0.0000,0.0000
2026-06-06 16:38:45.750,0,2,2,0.00,0.0001,-0.0178,9.9972,-0.6300,0.0000,-0.0000,0.0000,0.0000
2026-06-06 16:38:45.850,0,2,2,0.00,0.0031,-0.0037,9.9967,-0.6300,0.0000,-0.0000,0.0000,0.0000
2026-06-06 16:38:45.950,0,2,2,0.00,0.0351,-0.0067,9.9951,-0.6302,0.0000,-0.0000,0.0000,0.0000
2026-06-06 16:38:46.050,0,2,2,0.00,0.0585,-0.0385,9.9912,-0.6306,0.0000,-0.0000,0.0000,0.0000
2026-06-06 16:38:46.150,0,2,2,0.00,0.0789,-0.0508,9.9854,-0.6312,0.0000,-0.0000,0.0000,0.0000
2026-06-06 16:38:46.250,0,2,2,0.00,0.1141,-0.0620,9.9765,-0.6321,0.0000,-0.0000,0.0000,0.0000
2026-06-06 16:38:46.350,0,2,2,0.00,0.0894,-0.0554,9.9693,-0.6330,0.0000,-0.0000,0.0000,0.0000
2026-06-06 16:38:46.450,0,2,2,0.00,0.0046,-0.0560,9.9654,-0.6334,0.0000,-0.0000,0.0000,0.0000
2026-06-06 16:38:46.550,0,2,2,0.00,0.0003,-0.0196,9.9642,-0.6336,0.0000,-0.0000,0.0000,0.0000
2026-06-06 16:38:46.650,0,2,2,0.00,-0.0626,0.0007,9.9666,-0.6333,0.0000,-0.0000,0.0000,0.0000
2026-06-06 16:38:46.750,0,2,2,0.00,-0.0787,0.0318,9.9710,-0.6329,0.0000,-0.0000,0.0000,0.0000
2026-06-06 16:38:46.850,0,2,2,0.00,-0.1342,0.0702,9.9811,-0.6320,0.0000,-0.0000,0.0000,0.0000
2026-06-06 16:38:46.950,0,2,2,0.00,-0.1619,0.0881,9.9936,-0.6310,0.0000,-0.0000,0.0000,0.0000
2026-06-06 16:38:47.050,0,2,2,0.00,-0.1818,0.1187,10.0085,-0.6301,0.0000,-0.0000,0.0000,0.0000
2026-06-06 16:38:47.150,0,2,2,0.00,-0.1956,0.1678,10.0255,-0.6291,0.0000,-0.0000,0.0000,0.0000
2026-06-06 16:38:47.250,0,2,2,0.00,-0.2484,0.2791,10.0584,-0.6274,0.0000,-0.0000,0.0000,0.0000
2026-06-06 16:38:47.350,0,2,2,0.00,-0.2100,0.2734,10.0807,-0.6261,0.0000,-0.0000,0.0000,0.0000
2026-06-06 16:38:47.450,0,2,2,0.00,-0.1973,0.2702,10.0971,-0.6250,0.0000,-0.0000,0.0000,0.0000
2026-06-06 16:38:47.550,0,2,2,0.00,-0.1247,0.2128,10.1138,-0.6237,0.0000,-0.0000,0.0000,0.0000
2026-06-06 16:38:47.650,0,2,2,0.00,-0.0344,0.1429,10.1252,-0.6226,0.0000,-0.0000,0.0000,0.0000
2026-06-06 16:38:47.750,0,2,2,0.00,0.0000,0.0919,10.1298,-0.6220,0.0000,-0.0000,0.0000,0.0000
2026-06-06 16:38:47.850,0,2,2,0.00,-0.0001,0.0322,10.1326,-0.6217,0.0000,-0.0000,0.0000,0.0000
2026-06-06 16:38:47.950,0,2,2,0.00,-0.0323,-0.0478,10.1325,-0.6217,0.0000,-0.0000,0.0000,0.0000
2026-06-06 16:38:48.050,0,2,2,0.00,-0.0624,-0.0694,10.1321,-0.6217,0.0000,-0.0000,0.0000,0.0000
2026-06-06 16:38:48.150,0,2,2,0.00,-0.0946,-0.0804,10.1328,-0.6217,0.0000,-0.0000,0.0000,0.0000
2026-06-06 16:38:48.250,0,2,2,0.00,-0.1389,-0.0882,10.1346,-0.6216,0.0000,-0.0000,0.0000,0.0000
2026-06-06 16:38:48.350,0,2,2,0.00,-0.1958,-0.0847,10.1401,-0.6215,0.0000,-0.0000,0.0000,0.0000
2026-06-06 16:38:48.450,0,2,2,0.00,-0.1432,-0.0826,10.1440,-0.6216,0.0000,-0.0000,0.0000,0.0000
2026-06-06 16:38:48.550,0,2,2,0.00,-0.0971,-0.0437,10.1466,-0.6218,0.0000,-0.0000,0.0000,0.0000
2026-06-06 16:38:48.650,0,2,2,0.00,-0.0611,-0.0325,10.1481,-0.6219,0.0000,-0.0000,0.0000,0.0000
2026-06-06 16:38:48.750,0,2,2,0.00,0.0000,-0.0122,10.1475,-0.6219,0.0000,-0.0000,0.0000,0.0000
2026-06-06 16:38:48.850,0,2,2,0.00,0.0183,0.0000,10.1465,-0.6218,0.0000,-0.0000,0.0000,0.0000
2026-06-06 16:38:48.950,0,2,2,0.00,0.0089,-0.0008,10.1461,-0.6217,0.0000,-0.0000,0.0000,0.0000
2026-06-06 16:38:49.050,0,2,2,0.00,0.0097,0.0000,10.1458,-0.6217,0.0000,-0.0000,0.0000,0.0000
2026-06-06 16:38:49.150,0,2,2,0.00,0.0223,-0.0107,10.1441,-0.6216,0.0000,-0.0000,0.0000,0.0000
2026-06-06 16:38:49.250,0,2,2,0.00,0.0586,-0.0372,10.1398,-0.6212,0.0000,-0.0000,0.0000,0.0000
2026-06-06 16:38:49.350,0,2,2,0.00,0.0632,-0.0439,10.1345,-0.6207,0.0000,-0.0000,0.0000,0.0000
2026-06-06 16:38:49.450,0,2,2,0.00,0.1228,-0.0665,10.1256,-0.6200,0.0000,-0.0000,0.0000,0.0000
2026-06-06 16:38:49.550,0,2,2,0.00,0.1770,-0.1388,10.1126,-0.6191,0.0000,-0.0000,0.0000,0.0000
2026-06-06 16:38:49.650,0,2,2,0.00,0.2054,-0.1827,10.0964,-0.6181,0.0000,-0.0000,0.0000,0.0000
2026-06-06 16:38:49.750,0,2,2,0.00,0.2288,-0.2178,10.0744,-0.6167,0.0000,-0.0000,0.0000,0.0000
2026-06-06 16:38:49.850,0,2,2,0.00,0.2406,-0.2640,10.0492,-0.6151,0.0000,-0.0000,0.0000,0.0000
2026-06-06 16:38:49.950,0,2,2,0.00,0.2886,-0.2914,10.0206,-0.6133,0.0000,-0.0000,0.0000,0.0000
2026-06-06 16:38:50.050,0,1,2,0.00,0.3054,-0.3042,9.9905,-0.6113,0.0000,-0.0000,0.0000,0.0000
2026-06-06 16:38:50.150,0,2,2,0.00,0.3365,-0.3259,9.9575,-0.6092,0.0000,-0.0000,0.0000,0.0000
2026-06-06 16:38:50.250,0,2,2,0.00,0.3682,-0.3519,9.9215,-0.6069,0.0000,-0.0000,0.0000,0.0000
2026-06-06 16:38:50.350,0,2,2,0.00,0.4038,-0.3852,9.8821,-0.6046,0.0000,-0.0000,0.0000,0.0000
2026-06-06 16:38:50.450,0,2,2,0.00,0.4504,-0.4161,9.8396,-0.6023,0.0000,-0.0000,0.0000,0.0000
2026-06-06 16:38:50.550,0,2,2,0.00,0.4631,-0.4453,9.7942,-0.6000,0.0000,-0.0000,0.0000,0.0000
2026-06-06 16:38:50.650,0,2,2,0.00,0.4941,-0.4702,9.7466,-0.5978,0.0000,-0.0000,0.0000,0.0000
2026-06-06 16:38:50.752,0,2,2,0.00,0.5010,-0.4964,9.6964,-0.5957,0.0000,-0.0000,0.0000,0.0000
2026-06-06 16:38:50.850,0,2,2,0.00,0.5055,-0.5496,9.6452,-0.5934,0.0000,-0.0000,0.0000,0.0000
2026-06-06 16:38:50.950,0,2,2,0.00,0.5085,-0.5283,9.5934,-0.5908,0.0000,-0.0000,0.0000,0.0000
2026-06-06 16:38:51.050,0,2,2,0.00,0.5013,-0.5034,9.5433,-0.5883,0.0000,-0.0000,0.0000,0.0000
2026-06-06 16:38:51.150,0,2,2,0.00,0.5032,-0.5044,9.4930,-0.5857,0.0000,-0.0000,0.0000,0.0000
2026-06-06 16:38:51.250,0,2,2,0.00,0.5023,-0.5066,9.4421,-0.5830,0.0000,-0.0000,0.0000,0.0000
2026-06-06 16:38:51.350,0,2,2,0.00,0.4951,-0.4990,9.3923,-0.5804,0.0000,-0.0000,0.0000,0.0000
2026-06-06 16:38:51.450,0,1,2,0.00,0.5010,-0.5029,9.3417,-0.5778,0.0000,-0.0000,0.0000,0.0000
2026-06-06 16:38:51.550,0,2,2,0.00,0.4970,-0.4957,9.2925,-0.5751,0.0000,-0.0000,0.0000,0.0000
2026-06-06 16:38:51.650,0,2,2,0.00,0.4978,-0.4944,9.2430,-0.5725,0.0000,-0.0000,0.0000,0.0000
2026-06-06 16:38:51.750,0,2,2,0.00,0.5030,-0.4924,9.1933,-0.5699,0.0000,-0.0000,0.0000,0.0000
2026-06-06 16:38:51.850,0,2,2,0.00,0.4970,-0.4842,9.1443,-0.5675,0.0000,-0.0000,0.0000,0.0000
2026-06-06 16:38:51.950,0,2,2,0.00,0.5002,-0.4948,9.0947,-0.5651,0.0000,-0.0000,0.0000,0.0000
2026-06-06 16:38:52.050,0,2,2,0.00,0.4973,-0.4884,9.0457,-0.5628,0.0000,-0.0000,0.0000,0.0000
2026-06-06 16:38:52.150,0,2,2,0.00,0.5021,-0.4968,8.9958,-0.5605,0.0000,-0.0000,0.0000,0.0000
2026-06-06 16:38:52.250,0,2,2,0.00,0.5013,-0.5063,8.9456,-0.5582,0.0000,-0.0000,0.0000,0.0000
2026-06-06 16:38:52.350,0,2,2,0.00,0.5003,-0.5058,8.8953,-0.5559,0.0000,-0.0000,0.0000,0.0000
2026-06-06 16:38:52.450,0,2,2,0.00,0.5055,-0.5137,8.8448,-0.5535,0.0000,-0.0000,0.0000,0.0000
2026-06-06 16:38:52.550,0,2,2,0.00,0.5047,-0.5244,8.7934,-0.5510,0.0000,-0.0000,0.0000,0.0000
2026-06-06 16:38:52.650,0,2,2,0.00,0.4994,-0.5045,8.7430,-0.5484,0.0000,-0.0000,0.0000,0.0000
2026-06-06 16:38:52.750,0,2,2,0.00,0.4986,-0.5049,8.6923,-0.5458,0.0000,-0.0000,0.0000,0.0000
2026-06-06 16:38:52.850,0,2,2,0.00,0.4966,-0.4931,8.6413,-0.5430,0.0000,-0.0000,0.0000,0.0000
2026-06-06 16:38:52.950,0,2,2,0.00,0.4966,-0.4935,8.5939,-0.5405,0.0000,-0.0000,0.0000,0.0000
2026-06-06 16:38:53.050,0,2,2,0.00,0.5032,-0.4866,8.5445,-0.5380,0.0000,-0.0000,0.0000,0.0000
2026-06-06 16:38:53.150,0,2,2,0.00,0.4944,-0.4859,8.4957,-0.5356,0.0000,-0.0000,0.0000,0.0000
2026-06-06 16:38:53.250,0,2,2,0.00,0.4945,-0.4902,8.4466,-0.5333,0.0000,-0.0000,0.0000,0.0000
2026-06-06 16:38:53.350,0,2,2,0.00,0.5013,-0.4866,8.3973,-0.5310,0.0000,-0.0000,0.0000,0.0000
2026-06-06 16:38:53.450,0,2,2,0.00,0.5045,-0.5016,8.3472,-0.5288,0.0000,-0.0000,0.0000,0.0000
2026-06-06 16:38:53.550,0,2,2,0.00,0.4977,-0.5139,8.2912,-0.5263,0.0000,-0.0000,0.0000,0.0000
2026-06-06 16:38:53.650,0,1,2,0.00,0.4567,-0.4834,8.2485,-0.5242,0.0000,-0.0000,0.0000,0.0000
2026-06-06 16:38:53.750,0,2,2,0.00,0.4786,-0.4969,8.2013,-0.5217,0.0000,-0.0000,0.0000,0.0000
2026-06-06 16:38:53.850,0,2,2,0.00,0.4979,-0.5087,8.1513,-0.5189,0.0000,-0.0000,0.0000,0.0000
2026-06-06 16:38:53.950,0,1,2,0.00,0.4901,-0.4917,8.1057,-0.5164,0.0000,-0.0000,0.0000,0.0000
2026-06-06 16:38:54.050,0,2,2,0.00,0.4516,-0.4453,8.0578,-0.5137,0.0000,-0.0000,0.0000,0.0000
2026-06-06 16:38:54.151,0,2,2,0.00,0.4517,-0.4612,8.0116,-0.5110,0.0000,-0.0000,0.0000,0.0000
2026-06-06 16:38:54.250,0,2,2,0.00,0.3944,-0.4167,7.9698,-0.5085,0.0000,-0.0000,0.0000,0.0000
2026-06-06 16:38:54.350,0,2,2,0.00,0.3280,-0.3545,7.9342,-0.5063,0.0000,-0.0000,0.0000,0.0000
2026-06-06 16:38:54.450,0,2,2,0.00,0.2873,-0.2958,7.9040,-0.5043,0.0000,-0.0000,0.0000,0.0000
2026-06-06 16:38:54.550,0,2,2,0.00,0.1966,-0.2409,7.8746,-0.5023,0.0000,-0.0000,0.0000,0.0000
2026-06-06 16:38:54.650,0,2,2,0.00,0.2037,-0.2367,7.8581,-0.5010,0.0000,-0.0000,0.0000,0.0000
2026-06-06 16:38:54.750,0,1,2,0.00,0.2214,-0.2186,7.8370,-0.4993,0.0000,-0.0000,0.0000,0.0000
2026-06-06 16:38:54.850,0,2,2,0.00,0.1670,-0.1584,7.8190,-0.4979,0.0000,-0.0000,0.0000,0.0000
2026-06-06 16:38:54.950,0,2,2,0.00,0.1090,-0.1107,7.8070,-0.4970,0.0000,-0.0000,0.0000,0.0000
2026-06-06 16:38:55.050,0,2,2,0.00,0.0541,-0.0749,7.7995,-0.4964,0.0000,-0.0000,0.0000,0.0000
2026-06-06 16:38:55.150,0,2,2,0.00,-0.0007,-0.0263,7.7973,-0.4962,0.0000,-0.0000,0.0000,0.0000
2026-06-06 16:38:55.250,0,2,2,0.00,-0.0240,-0.0089,7.7973,-0.4962,0.0000,-0.0000,0.0000,0.0000
2026-06-06 16:38:55.350,0,2,2,0.00,-0.0603,0.0302,7.8005,-0.4965,0.0000,-0.0000,0.0000,0.0000
2026-06-06 16:38:55.450,0,2,2,0.00,-0.0936,0.0785,7.8081,-0.4973,0.0000,-0.0000,0.0000,0.0000
2026-06-06 16:38:55.552,0,2,2,0.00,-0.1394,0.1393,7.8271,-0.4992,0.0000,-0.0000,0.0000,0.0000
2026-06-06 16:38:55.650,0,2,2,0.00,-0.1155,0.1351,7.8358,-0.5001,0.0000,-0.0000,0.0000,0.0000
2026-06-06 16:38:55.750,0,2,2,0.00,-0.0624,0.0874,7.8433,-0.5008,0.0000,-0.0000,0.0000,0.0000
2026-06-06 16:38:55.850,0,2,2,0.00,-0.0097,0.0850,7.8479,-0.5012,0.0000,-0.0000,0.0000,0.0000
2026-06-06 16:38:55.950,0,2,2,0.00,-0.0003,0.0509,7.8509,-0.5014,0.0000,-0.0000,0.0000,0.0000
2026-06-06 16:38:56.051,0,2,2,0.00,0.0364,0.0064,7.8502,-0.5014,0.0000,-0.0000,0.0000,0.0000
2026-06-06 16:38:56.150,0,2,2,0.00,0.0785,-0.0550,7.8455,-0.5011,0.0000,-0.0000,0.0000,0.0000
2026-06-06 16:38:56.250,0,2,2,0.00,0.1230,-0.1072,7.8349,-0.5005,0.0000,-0.0000,0.0000,0.0000
2026-06-06 16:38:56.350,0,2,2,0.00,0.1450,-0.1302,7.8217,-0.4997,0.0000,-0.0000,0.0000,0.0000
2026-06-06 16:38:56.450,0,2,2,0.00,0.1784,-0.1706,7.8044,-0.4987,0.0000,-0.0000,0.0000,0.0000
2026-06-06 16:38:56.550,0,2,2,0.00,0.2045,-0.1903,7.7861,-0.4978,0.0000,-0.0000,0.0000,0.0000
2026-06-06 16:38:56.650,0,2,2,0.00,0.2407,-0.2195,7.7639,-0.4966,0.0000,-0.0000,0.0000,0.0000
2026-06-06 16:38:56.750,0,2,2,0.00,0.2725,-0.2542,7.7384,-0.4954,0.0000,-0.0000,0.0000,0.0000
2026-06-06 16:38:56.850,0,2,2,0.00,0.3017,-0.2771,7.7102,-0.4942,0.0000,-0.0000,0.0000,0.0000
2026-06-06 16:38:56.950,0,2,2,0.00,0.3365,-0.3127,7.6790,-0.4930,0.0000,-0.0000,0.0000,0.0000
2026-06-06 16:38:57.050,0,2,2,0.00,0.3737,-0.3502,7.6436,-0.4918,0.0000,-0.0000,0.0000,0.0000
2026-06-06 16:38:57.150,0,2,2,0.00,0.3970,-0.3699,7.6060,-0.4906,0.0000,-0.0000,0.0000,0.0000
2026-06-06 16:38:57.250,0,2,2,0.00,0.4350,-0.4207,7.5639,-0.4895,0.0000,-0.0000,0.0000,0.0000
2026-06-06 16:38:57.350,0,2,2,0.00,0.4609,-0.4371,7.5192,-0.4885,0.0000,-0.0000,0.0000,0.0000
2026-06-06 16:38:57.450,0,2,2,0.00,0.4877,-0.4843,7.4721,-0.4874,0.0000,-0.0000,0.0000,0.0000
2026-06-06 16:38:57.550,0,2,2,0.00,0.4983,-0.4966,7.4224,-0.4864,0.0000,-0.0000,0.0000,0.0000
2026-06-06 16:38:57.650,0,2,2,0.00,0.5078,-0.5633,7.3701,-0.4852,0.0000,-0.0000,0.0000,0.0000
2026-06-06 16:38:57.750,0,2,2,0.00,0.5041,-0.5273,7.3183,-0.4837,0.0000,-0.0000,0.0000,0.0000
2026-06-06 16:38:57.850,0,2,2,0.00,0.5015,-0.5139,7.2674,-0.4821,0.0000,-0.0000,0.0000,0.0000
2026-06-06 16:38:57.950,0,2,2,0.00,0.4985,-0.4835,7.2179,-0.4805,0.0000,-0.0000,0.0000,0.0000
2026-06-06 16:38:58.050,0,2,2,0.00,0.4955,-0.4889,7.1689,-0.4789,0.0000,-0.0000,0.0000,0.0000
2026-06-06 16:38:58.150,0,2,2,0.00,0.4989,-0.4921,7.1195,-0.4774,0.0000,-0.0000,0.0000,0.0000
2026-06-06 16:38:58.250,0,2,2,0.00,0.4975,-0.4932,7.0698,-0.4760,0.0000,-0.0000,0.0000,0.0000
2026-06-06 16:38:58.350,0,2,2,0.00,0.5044,-0.5102,7.0196,-0.4745,0.0000,-0.0000,0.0000,0.0000
2026-06-06 16:38:58.450,0,2,2,0.00,0.5079,-0.5214,6.9680,-0.4730,0.0000,-0.0000,0.0000,0.0000
2026-06-06 16:38:58.550,0,2,2,0.00,0.5012,-0.5160,6.9170,-0.4713,0.0000,-0.0000,0.0000,0.0000
2026-06-06 16:38:58.650,0,2,2,0.00,0.4994,-0.5091,6.8666,-0.4696,0.0000,-0.0000,0.0000,0.0000
2026-06-06 16:38:58.751,0,2,2,0.00,0.4966,-0.5074,6.8164,-0.4678,0.0000,-0.0000,0.0000,0.0000
2026-06-06 16:38:58.850,0,2,2,0.00,0.4978,-0.5068,6.7463,-0.4651,0.0000,-0.0000,0.0000,0.0000
2026-06-06 16:38:58.950,0,2,2,0.00,0.4610,-0.4940,6.7174,-0.4639,0.0000,-0.0000,0.0000,0.0000
2026-06-06 16:38:59.050,0,2,2,0.00,0.3974,-0.4172,6.6707,-0.4619,0.0000,-0.0000,0.0000,0.0000
2026-06-06 16:38:59.150,0,2,2,0.00,0.4205,-0.4229,6.6339,-0.4602,0.0000,-0.0000,0.0000,0.0000
2026-06-06 16:38:59.250,0,2,2,0.00,0.4502,-0.4354,6.5800,-0.4577,0.0000,-0.0000,0.0000,0.0000
2026-06-06 16:38:59.350,0,2,2,0.00,0.4021,-0.4160,6.5474,-0.4562,0.0000,-0.0000,0.0000,0.0000
2026-06-06 16:38:59.450,0,2,2,0.00,0.3498,-0.3862,6.5100,-0.4543,0.0000,-0.0000,0.0000,0.0000
2026-06-06 16:38:59.550,0,2,2,0.00,0.2850,-0.3371,6.4782,-0.4526,0.0000,-0.0000,0.0000,0.0000
2026-06-06 16:38:59.650,0,2,2,0.00,0.2405,-0.2750,6.4511,-0.4509,0.0000,-0.0000,0.0000,0.0000
2026-06-06 16:38:59.750,0,2,2,0.00,0.1957,-0.2513,6.4286,-0.4493,0.0000,-0.0000,0.0000,0.0000
2026-06-06 16:38:59.850,0,2,2,0.00,0.2059,-0.2189,6.4078,-0.4477,0.0000,-0.0000,0.0000,0.0000
2026-06-06 16:38:59.950,0,2,2,0.00,0.2300,-0.2092,6.3855,-0.4460,0.0000,-0.0000,0.0000,0.0000
2026-06-06 16:39:00.050,0,2,2,0.00,0.2267,-0.2147,6.3639,-0.4444,0.0000,-0.0000,0.0000,0.0000
2026-06-06 16:39:00.150,0,2,2,0.00,0.3070,-0.1909,6.3404,-0.4428,0.0000,-0.0000,0.0000,0.0000
2026-06-06 16:39:00.250,0,2,2,0.00,0.3519,-0.2736,6.3037,-0.4411,0.0000,-0.0000,0.0000,0.0000
2026-06-06 16:39:00.350,0,2,2,0.00,0.3936,-0.2952,6.2769,-0.4402,0.0000,-0.0000,0.0000,0.0000
2026-06-06 16:39:00.450,0,2,2,0.00,0.3970,-0.2770,6.2262,-0.4395,0.0000,-0.0000,0.0000,0.0000
2026-06-06 16:39:00.550,0,1,2,0.00,0.3962,-0.2716,6.2082,-0.4396,0.0000,-0.0000,0.0000,0.0000
2026-06-06 16:39:00.650,0,2,2,0.00,0.4167,-0.2860,6.1736,-0.4404,0.0000,-0.0000,0.0000,0.0000
2026-06-06 16:39:00.750,0,2,2,0.00,0.4415,-0.3081,6.1362,-0.4421,0.0000,-0.0000,0.0000,0.0000
2026-06-06 16:39:00.850,0,2,2,0.00,0.4746,-0.3143,6.0909,-0.4455,0.0000,-0.0000,0.0000,0.0000
2026-06-06 16:39:00.950,0,2,2,0.00,0.4697,-0.3055,6.0589,-0.4488,0.0000,-0.0000,0.0000,0.0000
2026-06-06 16:39:01.050,0,2,2,0.00,0.4219,-0.2486,6.0242,-0.4534,0.0000,-0.0000,0.0000,0.0000
2026-06-06 16:39:01.150,0,2,2,0.00,0.3235,-0.1797,5.9940,-0.4582,0.0000,-0.0000,0.0000,0.0000
2026-06-06 16:39:01.250,0,2,2,0.00,0.3530,-0.1851,5.9602,-0.4649,0.0000,-0.0000,0.0000,0.0000
2026-06-06 16:39:01.350,0,2,2,0.00,0.3330,-0.1746,5.9449,-0.4683,0.0000,-0.0000,0.0000,0.0000
2026-06-06 16:39:01.450,0,2,2,0.00,0.2508,-0.1414,5.9232,-0.4736,0.0000,-0.0000,0.0000,0.0000
2026-06-06 16:39:01.550,0,2,2,0.00,0.1855,-0.0526,5.9083,-0.4776,0.0000,-0.0000,0.0000,0.0000
2026-06-06 16:39:01.650,0,2,2,0.00,0.1549,-0.0378,5.8992,-0.4803,0.0000,-0.0000,0.0000,0.0000
2026-06-06 16:39:01.750,0,2,2,0.00,0.0884,-0.0149,5.8929,-0.4822,0.0000,-0.0000,0.0000,0.0000
2026-06-06 16:39:01.850,0,2,2,0.00,0.0238,-0.0174,5.8910,-0.4829,0.0000,-0.0000,0.0000,0.0000
2026-06-06 16:39:01.950,0,2,2,0.00,-0.0161,-0.0382,5.8899,-0.4832,0.0000,-0.0000,0.0000,0.0000
2026-06-06 16:39:02.050,0,2,2,0.00,-0.0466,-0.0783,5.8884,-0.4837,0.0000,-0.0000,0.0000,0.0000
2026-06-06 16:39:02.150,0,2,2,0.00,-0.0861,-0.0528,5.8888,-0.4836,0.0000,-0.0000,0.0000,0.0000
2026-06-06 16:39:02.250,0,2,2,0.00,-0.1098,-0.0821,5.8912,-0.4830,0.0000,-0.0000,0.0000,0.0000
2026-06-06 16:39:02.350,0,2,2,0.00,-0.1388,-0.1198,5.8922,-0.4828,0.0000,-0.0000,0.0000,0.0000
2026-06-06 16:39:02.450,0,2,2,0.00,-0.1748,-0.2174,5.8901,-0.4831,0.0000,-0.0000,0.0000,0.0000
2026-06-06 16:39:02.550,0,2,2,0.00,-0.2096,-0.3011,5.8855,-0.4834,0.0000,-0.0000,0.0000,0.0000
2026-06-06 16:39:02.651,0,2,2,0.00,-0.2258,-0.3410,5.8799,-0.4832,0.0000,-0.0000,0.0000,0.0000
2026-06-06 16:39:02.750,0,2,2,0.00,-0.1978,-0.3252,5.8739,-0.4824,0.0000,-0.0000,0.0000,0.0000
2026-06-06 16:39:02.850,0,2,2,0.00,-0.1368,-0.2639,5.8678,-0.4811,0.0000,-0.0000,0.0000,0.0000
2026-06-06 16:39:02.950,0,2,2,0.00,-0.0632,-0.2470,5.8589,-0.4786,0.0000,-0.0000,0.0000,0.0000
2026-06-06 16:39:03.050,0,2,2,0.00,-0.0203,-0.1690,5.8518,-0.4763,0.0000,-0.0000,0.0000,0.0000
2026-06-06 16:39:03.150,0,2,2,0.00,0.0059,-0.0038,5.8499,-0.4756,0.0000,-0.0000,0.0000,0.0000
2026-06-06 16:39:03.250,0,2,2,0.00,0.0496,0.0322,5.8490,-0.4753,0.0000,-0.0000,0.0000,0.0000
2026-06-06 16:39:03.350,0,2,2,0.00,0.0645,0.0588,5.8485,-0.4751,0.0000,-0.0000,0.0000,0.0000
2026-06-06 16:39:03.450,0,2,2,0.00,0.0821,0.1008,5.8492,-0.4753,0.0000,-0.0000,0.0000,0.0000
2026-06-06 16:39:03.550,0,2,2,0.00,0.1299,0.0954,5.8480,-0.4750,0.0000,-0.0000,0.0000,0.0000
2026-06-06 16:39:03.650,0,2,2,0.00,0.1545,0.1021,5.8459,-0.4745,0.0000,-0.0000,0.0000,0.0000
2026-06-06 16:39:03.750,0,2,2,0.00,0.1963,0.1031,5.8413,-0.4737,0.0000,-0.0000,0.0000,0.0000
2026-06-06 16:39:03.851,0,2,2,0.00,0.1460,0.0766,5.8379,-0.4732,0.0000,-0.0000,0.0000,0.0000
2026-06-06 16:39:03.950,0,2,2,0.00,0.0708,0.0318,5.8359,-0.4730,0.0000,-0.0000,0.0000,0.0000
2026-06-06 16:39:04.050,0,2,2,0.00,0.0327,0.0251,5.8352,-0.4730,0.0000,-0.0000,0.0000,0.0000
2026-06-06 16:39:04.150,0,2,2,0.00,0.0000,-0.0012,5.8352,-0.4730,0.0000,-0.0000,0.0000,0.0000
2026-06-06 16:39:04.250,0,2,2,0.00,0.0190,-0.0031,5.8341,-0.4729,0.0000,-0.0000,0.0000,0.0000
2026-06-06 16:39:04.350,0,2,2,0.00,0.0594,-0.0326,5.8299,-0.4725,0.0000,-0.0000,0.0000,0.0000
2026-06-06 16:39:04.450,0,2,2,0.00,0.0757,-0.0628,5.8242,-0.4721,0.0000,-0.0000,0.0000,0.0000
2026-06-06 16:39:04.550,0,2,2,0.00,0.1206,-0.0887,5.8138,-0.4714,0.0000,-0.0000,0.0000,0.0000
2026-06-06 16:39:04.650,0,2,2,0.00,0.1861,-0.0836,5.8007,-0.4705,0.0000,-0.0000,0.0000,0.0000
2026-06-06 16:39:04.750,0,2,2,0.00,0.2146,-0.1310,5.7842,-0.4698,0.0000,-0.0000,0.0000,0.0000
2026-06-06 16:39:04.850,0,2,2,0.00,0.2283,-0.1587,5.7662,-0.4693,0.0000,-0.0000,0.0000,0.0000
2026-06-06 16:39:04.950,0,2,2,0.00,0.2588,-0.2632,5.7411,-0.4687,0.0000,-0.0000,0.0000,0.0000
2026-06-06 16:39:05.050,0,2,2,0.00,0.2928,-0.2987,5.7136,-0.4682,0.0000,-0.0000,0.0000,0.0000
2026-06-06 16:39:05.150,0,2,2,0.00,0.3291,-0.3369,5.6812,-0.4675,0.0000,-0.0000,0.0000,0.0000
2026-06-06 16:39:05.250,0,2,2,0.00,0.3606,-0.3745,5.6453,-0.4667,0.0000,-0.0000,0.0000,0.0000
2026-06-06 16:39:05.350,0,2,2,0.00,0.3868,-0.3948,5.6069,-0.4658,0.0000,-0.0000,0.0000,0.0000
2026-06-06 16:39:05.450,0,2,2,0.00,0.4250,-0.4283,5.5653,-0.4647,0.0000,-0.0000,0.0000,0.0000
2026-06-06 16:39:05.550,0,2,2,0.00,0.4538,-0.4527,5.5208,-0.4636,0.0000,-0.0000,0.0000,0.0000
2026-06-06 16:39:05.650,0,2,2,0.00,0.4794,-0.4757,5.4740,-0.4625,0.0000,-0.0000,0.0000,0.0000
2026-06-06 16:39:05.750,0,2,2,0.00,0.5038,-0.5017,5.4241,-0.4613,0.0000,-0.0000,0.0000,0.0000
2026-06-06 16:39:05.850,0,2,2,0.00,0.5061,-0.5063,5.3736,-0.4601,0.0000,-0.0000,0.0000,0.0000
2026-06-06 16:39:05.950,0,2,2,0.00,0.5034,-0.5385,5.3208,-0.4586,0.0000,-0.0000,0.0000,0.0000
2026-06-06 16:39:06.050,0,2,2,0.00,0.5019,-0.5291,5.2691,-0.4568,0.0000,-0.0000,0.0000,0.0000
2026-06-06 16:39:06.150,0,2,2,0.00,0.5000,-0.4965,5.2188,-0.4549,0.0000,-0.0000,0.0000,0.0000
2026-06-06 16:39:06.250,0,2,2,0.00,0.4998,-0.5012,5.1683,-0.4530,0.0000,-0.0000,0.0000,0.0000
2026-06-06 16:39:06.350,0,2,2,0.00,0.4982,-0.4905,5.1194,-0.4512,0.0000,-0.0000,0.0000,0.0000
2026-06-06 16:39:06.450,0,2,2,0.00,0.5019,-0.4960,5.0697,-0.4493,0.0000,-0.0000,0.0000,0.0000
2026-06-06 16:39:06.550,0,2,2,0.00,0.5013,-0.4995,5.0197,-0.4476,0.0000,-0.0000,0.0000,0.0000
2026-06-06 16:39:06.650,0,2,2,0.00,0.4982,-0.4996,4.9695,-0.4458,0.0000,-0.0000,0.0000,0.0000
2026-06-06 16:39:06.750,0,2,2,0.00,0.5028,-0.5037,4.9195,-0.4440,0.0000,-0.0000,0.0000,0.0000
2026-06-06 16:39:06.850,0,2,2,0.00,0.4969,-0.4938,4.8699,-0.4422,0.0000,-0.0000,0.0000,0.0000
2026-06-06 16:39:06.950,0,2,2,0.00,0.5008,-0.5010,4.8180,-0.4404,0.0000,-0.0000,0.0000,0.0000
2026-06-06 16:39:07.050,0,2,2,0.00,0.5002,-0.4951,4.7701,-0.4387,0.0000,-0.0000,0.0000,0.0000
2026-06-06 16:39:07.150,0,2,2,0.00,0.4999,-0.4940,4.7207,-0.4371,0.0000,-0.0000,0.0000,0.0000
2026-06-06 16:39:07.250,0,2,2,0.00,0.4964,-0.4979,4.6709,-0.4355,0.0000,-0.0000,0.0000,0.0000
2026-06-06 16:39:07.350,0,2,2,0.00,0.4941,-0.4890,4.6215,-0.4339,0.0000,-0.0000,0.0000,0.0000
2026-06-06 16:39:07.450,0,2,2,0.00,0.5004,-0.5021,4.5718,-0.4323,0.0000,-0.0000,0.0000,0.0000
2026-06-06 16:39:07.550,0,2,2,0.00,0.5042,-0.5046,4.5208,-0.4307,0.0000,-0.0000,0.0000,0.0000
2026-06-06 16:39:07.650,0,2,2,0.00,0.5046,-0.5106,4.4707,-0.4291,0.0000,-0.0000,0.0000,0.0000
2026-06-06 16:39:07.750,0,2,2,0.00,0.5006,-0.5053,4.4201,-0.4274,0.0000,-0.0000,0.0000,0.0000
2026-06-06 16:39:07.850,0,2,2,0.00,0.5002,-0.5058,4.3697,-0.4256,0.0000,-0.0000,0.0000,0.0000
2026-06-06 16:39:07.950,0,2,2,0.00,0.4972,-0.5089,4.3198,-0.4238,0.0000,-0.0000,0.0000,0.0000
2026-06-06 16:39:08.050,0,2,2,0.00,0.4945,-0.4965,4.2701,-0.4220,0.0000,-0.0000,0.0000,0.0000
2026-06-06 16:39:08.150,0,2,2,0.00,0.5004,-0.4968,4.2204,-0.4201,0.0000,-0.0000,0.0000,0.0000
2026-06-06 16:39:08.250,0,2,2,0.00,0.5020,-0.4947,4.1706,-0.4183,0.0000,-0.0000,0.0000,0.0000
2026-06-06 16:39:08.350,0,2,2,0.00,0.4973,-0.4881,4.1212,-0.4166,0.0000,-0.0000,0.0000,0.0000
2026-06-06 16:39:08.450,0,2,2,0.00,0.5021,-0.4970,4.0713,-0.4149,0.0000,-0.0000,0.0000,0.0000
2026-06-06 16:39:08.550,0,2,2,0.00,0.4944,-0.4911,4.0218,-0.4133,0.0000,-0.0000,0.0000,0.0000
2026-06-06 16:39:08.650,0,2,2,0.00,0.4995,-0.4994,3.9722,-0.4116,0.0000,-0.0000,0.0000,0.0000
2026-06-06 16:39:08.750,0,2,2,0.00,0.5034,-0.5104,3.9215,-0.4100,0.0000,-0.0000,0.0000,0.0000
2026-06-06 16:39:08.850,0,2,2,0.00,0.5015,-0.5063,3.8711,-0.4082,0.0000,-0.0000,0.0000,0.0000
2026-06-06 16:39:08.950,0,2,2,0.00,0.5042,-0.5131,3.8203,-0.4064,0.0000,-0.0000,0.0000,0.0000
2026-06-06 16:39:09.050,0,2,2,0.00,0.5003,-0.5075,3.7699,-0.4045,0.0000,-0.0000,0.0000,0.0000
2026-06-06 16:39:09.150,0,2,2,0.00,0.4960,-0.5075,3.7198,-0.4026,0.0000,-0.0000,0.0000,0.0000
2026-06-06 16:39:09.250,0,2,2,0.00,0.4981,-0.5028,3.6698,-0.4006,0.0000,-0.0000,0.0000,0.0000
2026-06-06 16:39:09.350,0,2,2,0.00,0.4968,-0.4875,3.6197,-0.3985,0.0000,-0.0000,0.0000,0.0000
2026-06-06 16:39:09.450,0,2,2,0.00,0.5029,-0.4973,3.5705,-0.3966,0.0000,-0.0000,0.0000,0.0000
2026-06-06 16:39:09.550,0,2,2,0.00,0.5038,-0.4936,3.5206,-0.3947,0.0000,-0.0000,0.0000,0.0000
2026-06-06 16:39:09.650,0,2,2,0.00,0.4995,-0.4850,3.4714,-0.3929,0.0000,-0.0000,0.0000,0.0000
2026-06-06 16:39:09.750,0,2,2,0.00,0.4957,-0.4901,3.4219,-0.3912,0.0000,-0.0000,0.0000,0.0000
2026-06-06 16:39:09.850,0,2,2,0.00,0.4973,-0.4987,3.3696,-0.3895,0.0000,-0.0000,0.0000,0.0000
2026-06-06 16:39:09.950,0,2,2,0.00,0.5025,-0.5021,3.3223,-0.3879,0.0000,-0.0000,0.0000,0.0000
2026-06-06 16:39:10.050,0,2,2,0.00,0.5007,-0.4994,3.2723,-0.3862,0.0000,-0.0000,0.0000,0.0000
2026-06-06 16:39:10.150,0,2,2,0.00,0.5038,-0.5161,3.2215,-0.3845,0.0000,-0.0000,0.0000,0.0000
2026-06-06 16:39:10.250,0,2,2,0.00,0.5032,-0.5044,3.1711,-0.3827,0.0000,-0.0000,0.0000,0.0000
2026-06-06 16:39:10.350,0,2,2,0.00,0.4849,-0.5070,3.1211,-0.3808,0.0000,-0.0000,0.0000,0.0000
2026-06-06 16:39:10.450,0,2,2,0.00,0.4210,-0.4558,3.0757,-0.3789,0.0000,-0.0000,0.0000,0.0000
2026-06-06 16:39:10.550,0,2,2,0.00,0.3587,-0.3880,3.0369,-0.3771,0.0000,-0.0000,0.0000,0.0000
2026-06-06 16:39:10.650,0,2,2,0.00,0.3185,-0.3352,3.0020,-0.3752,0.0000,-0.0000,0.0000,0.0000
2026-06-06 16:39:10.751,0,2,2,0.00,0.2354,-0.2965,2.9743,-0.3735,0.0000,-0.0000,0.0000,0.0000
2026-06-06 16:39:10.854,0,2,2,0.00,0.1707,-0.2220,2.9527,-0.3720,0.0000,-0.0000,0.0000,0.0000
2026-06-06 16:39:10.950,0,2,2,0.00,0.0963,-0.1245,2.9399,-0.3709,0.0000,-0.0000,0.0000,0.0000
2026-06-06 16:39:11.050,0,2,2,0.00,0.0359,-0.0492,2.9330,-0.3703,0.0000,-0.0000,0.0000,0.0000
2026-06-06 16:39:11.150,0,2,2,0.00,-0.0030,0.0016,2.9328,-0.3703,0.0000,-0.0000,0.0000,0.0000
2026-06-06 16:39:11.250,0,1,2,0.00,-0.0365,0.0423,2.9370,-0.3707,0.0000,-0.0000,0.0000,0.0000
2026-06-06 16:39:11.350,0,2,2,0.00,-0.0079,0.0154,2.9386,-0.3708,0.0000,-0.0000,0.0000,0.0000
2026-06-06 16:39:11.450,0,2,2,0.00,-0.0020,0.0191,2.9397,-0.3709,0.0000,-0.0000,0.0000,0.0000
2026-06-06 16:39:11.550,0,2,2,0.00,-0.0021,0.0183,2.9407,-0.3710,0.0000,-0.0000,0.0000,0.0000
2026-06-06 16:39:11.650,0,2,2,0.00,-0.0031,0.0165,2.9417,-0.3711,0.0000,-0.0000,0.0000,0.0000
2026-06-06 16:39:11.750,0,2,2,0.00,-0.0005,0.0060,2.9422,-0.3711,0.0000,-0.0000,0.0000,0.0000
2026-06-06 16:39:11.850,0,2,2,0.00,0.0001,-0.0004,2.9422,-0.3711,0.0000,-0.0000,0.0000,0.0000
2026-06-06 16:39:11.950,0,2,2,0.00,0.0001,-0.0003,2.9422,-0.3711,0.0000,-0.0000,0.0000,0.0000
2026-06-06 16:39:12.050,0,2,2,0.00,0.0001,0.0001,2.9422,-0.3711,0.0000,-0.0000,0.0000,0.0000
2026-06-06 16:39:12.150,0,1,2,0.00,0.0004,0.0000,2.9422,-0.3711,0.0000,-0.0000,0.0000,0.0000
2026-06-06 16:39:12.250,0,2,2,0.00,0.0168,-0.0107,2.9402,-0.3710,0.0000,-0.0000,0.0000,0.0000
2026-06-06 16:39:12.350,0,2,2,0.00,-0.0160,0.0010,2.9411,-0.3710,0.0000,-0.0000,0.0000,0.0000
2026-06-06 16:39:12.450,0,2,2,0.00,-0.0674,0.0427,2.9476,-0.3716,0.0000,-0.0000,0.0000,0.0000
2026-06-06 16:39:12.550,0,2,2,0.00,-0.0552,0.0427,2.9506,-0.3718,0.0000,-0.0000,0.0000,0.0000
2026-06-06 16:39:12.650,0,2,2,0.00,0.0004,-0.0001,2.9509,-0.3719,0.0000,-0.0000,0.0000,0.0000
2026-06-06 16:39:12.750,0,2,2,0.00,-0.0194,0.0175,2.9520,-0.3719,0.0000,-0.0000,0.0000,0.0000
2026-06-06 16:39:12.850,0,2,2,0.00,-0.0457,0.0411,2.9559,-0.3723,0.0000,-0.0000,0.0000,0.0000
2026-06-06 16:39:12.950,0,2,2,0.00,-0.0690,0.0508,2.9615,-0.3728,0.0000,-0.0000,0.0000,0.0000
2026-06-06 16:39:13.050,0,2,2,0.00,-0.1007,0.0741,2.9698,-0.3735,0.0000,-0.0000,0.0000,0.0000
2026-06-06 16:39:13.150,0,2,2,0.00,-0.1427,0.1014,2.9811,-0.3746,0.0000,-0.0000,0.0000,0.0000
2026-06-06 16:39:13.250,0,2,2,0.00,-0.1840,0.1295,2.9961,-0.3761,0.0000,-0.0000,0.0000,0.0000
2026-06-06 16:39:13.350,0,2,2,0.00,-0.1859,0.1687,3.0142,-0.3781,0.0000,-0.0000,0.0000,0.0000
2026-06-06 16:39:13.450,0,2,2,0.00,-0.1216,0.1583,3.0292,-0.3798,0.0000,-0.0000,0.0000,0.0000
2026-06-06 16:39:13.550,0,2,2,0.00,-0.0721,0.1050,3.0380,-0.3807,0.0000,-0.0000,0.0000,0.0000
2026-06-06 16:39:13.650,0,2,2,0.00,-0.0223,0.0607,3.0447,-0.3814,0.0000,-0.0000,0.0000,0.0000
2026-06-06 16:39:13.750,0,2,2,0.00,0.0017,0.0757,3.0476,-0.3816,0.0000,-0.0000,0.0000,0.0000
2026-06-06 16:39:13.851,0,2,2,0.00,0.0194,0.0096,3.0473,-0.3816,0.0000,-0.0000,0.0000,0.0000
2026-06-06 16:39:13.950,0,2,2,0.00,0.0089,-0.0082,3.0466,-0.3815,0.0000,-0.0000,0.0000,0.0000
2026-06-06 16:39:14.050,0,2,2,0.00,0.0018,-0.0101,3.0459,-0.3815,0.0000,-0.0000,0.0000,0.0000
2026-06-06 16:39:14.150,0,2,2,0.00,0.0000,-0.0115,3.0454,-0.3814,0.0000,-0.0000,0.0000,0.0000
2026-06-06 16:39:14.250,0,2,2,0.00,0.0042,-0.0055,3.0451,-0.3814,0.0000,-0.0000,0.0000,0.0000
2026-06-06 16:39:14.350,0,2,2,0.00,0.0321,-0.0187,3.0429,-0.3812,0.0000,-0.0000,0.0000,0.0000
2026-06-06 16:39:14.450,0,2,2,0.00,0.0560,-0.0338,3.0387,-0.3809,0.0000,-0.0000,0.0000,0.0000
2026-06-06 16:39:14.550,0,2,2,0.00,0.0778,-0.0410,3.0334,-0.3805,0.0000,-0.0000,0.0000,0.0000
2026-06-06 16:39:14.650,0,1,2,0.00,0.1117,-0.1013,3.0235,-0.3798,0.0000,-0.0000,0.0000,0.0000
2026-06-06 16:39:14.750,0,2,2,0.00,0.0885,-0.1038,3.0132,-0.3791,0.0000,-0.0000,0.0000,0.0000
2026-06-06 16:39:14.850,0,2,2,0.00,0.1066,-0.1368,3.0011,-0.3781,0.0000,-0.0000,0.0000,0.0000
2026-06-06 16:39:14.950,0,2,2,0.00,0.0746,-0.1033,2.9857,-0.3769,0.0000,-0.0000,0.0000,0.0000
2026-06-06 16:39:15.050,0,1,2,0.00,0.0741,-0.1012,2.9810,-0.3765,0.0000,-0.0000,0.0000,0.0000
2026-06-06 16:39:15.150,0,2,2,0.00,0.1124,-0.1160,2.9699,-0.3755,0.0000,-0.0000,0.0000,0.0000
2026-06-06 16:39:15.250,0,2,2,0.00,0.1356,-0.1155,2.9582,-0.3744,0.0000,-0.0000,0.0000,0.0000
2026-06-06 16:39:15.350,0,2,2,0.00,0.1442,-0.1456,2.9434,-0.3731,0.0000,-0.0000,0.0000,0.0000
2026-06-06 16:39:15.450,0,2,2,0.00,0.1270,-0.1525,2.9292,-0.3719,0.0000,-0.0000,0.0000,0.0000
2026-06-06 16:39:15.550,0,2,2,0.00,0.0632,-0.1266,2.9182,-0.3709,0.0000,-0.0000,0.0000,0.0000
2026-06-06 16:39:15.650,0,2,2,0.00,0.0247,-0.0814,2.9119,-0.3702,0.0000,-0.0000,0.0000,0.0000
2026-06-06 16:39:15.750,0,2,2,0.00,-0.0106,-0.0285,2.9098,-0.3700,0.0000,-0.0000,0.0000,0.0000
2026-06-06 16:39:15.850,0,2,2,0.00,-0.0442,0.0003,2.9117,-0.3702,0.0000,-0.0000,0.0000,0.0000
2026-06-06 16:39:15.950,0,2,2,0.00,-0.1119,0.0401,2.9192,-0.3712,0.0000,-0.0000,0.0000,0.0000
2026-06-06 16:39:16.056,0,2,2,0.00,-0.1401,0.0826,2.9291,-0.3726,0.0000,-0.0000,0.0000,0.0000
2026-06-06 16:39:16.151,0,2,2,0.00,-0.1691,0.1312,2.9422,-0.3746,0.0000,-0.0000,0.0000,0.0000
2026-06-06 16:39:16.250,0,2,2,0.00,-0.2007,0.1460,2.9589,-0.3774,0.0000,-0.0000,0.0000,0.0000
2026-06-06 16:39:16.350,0,2,2,0.00,-0.2310,0.1782,2.9791,-0.3809,0.0000,-0.0000,0.0000,0.0000
2026-06-06 16:39:16.450,0,2,2,0.00,-0.1581,0.1732,2.9997,-0.3847,0.0000,-0.0000,0.0000,0.0000
2026-06-06 16:39:16.550,0,2,2,0.00,-0.1291,0.1639,3.0113,-0.3867,0.0000,-0.0000,0.0000,0.0000
2026-06-06 16:39:16.650,0,2,2,0.00,-0.1038,0.1119,3.0220,-0.3886,0.0000,-0.0000,0.0000,0.0000
2026-06-06 16:39:16.751,0,2,2,0.00,-0.0088,0.0682,3.0258,-0.3892,0.0000,-0.0000,0.0000,0.0000
2026-06-06 16:39:16.850,0,2,2,0.00,0.0098,0.0702,3.0287,-0.3897,0.0000,-0.0000,0.0000,0.0000
2026-06-06 16:39:16.950,0,2,2,0.00,0.0223,-0.0003,3.0288,-0.3897,0.0000,-0.0000,0.0000,0.0000
2026-06-06 16:39:17.050,0,2,2,0.00,0.0075,-0.0145,3.0277,-0.3896,0.0000,-0.0000,0.0000,0.0000
2026-06-06 16:39:17.151,0,2,2,0.00,0.0005,-0.0148,3.0269,-0.3895,0.0000,-0.0000,0.0000,0.0000
2026-06-06 16:39:17.253,0,2,2,0.00,-0.0001,-0.0111,3.0263,-0.3894,0.0000,-0.0000,0.0000,0.0000
2026-06-06 16:39:17.350,0,2,2,0.00,0.0005,0.0000,3.0263,-0.3894,0.0000,-0.0000,0.0000,0.0000
2026-06-06 16:39:17.450,0,2,2,0.00,0.0001,-0.0001,3.0263,-0.3894,0.0000,-0.0000,0.0000,0.0000
2026-06-06 16:39:17.550,0,2,2,0.00,0.0000,0.0001,3.0262,-0.3894,0.0000,-0.0000,0.0000,0.0000
2026-06-06 16:39:17.651,0,2,2,0.00,0.0000,0.0001,3.0262,-0.3894,0.0000,-0.0000,0.0000,0.0000
2026-06-06 16:39:17.750,0,2,2,0.00,-0.0001,0.0003,3.0262,-0.3894,0.0000,-0.0000,0.0000,0.0000
2026-06-06 16:39:17.850,0,2,2,0.00,-0.0001,0.0000,3.0262,-0.3894,0.0000,-0.0000,0.0000,0.0000
2026-06-06 16:39:17.950,0,2,2,0.00,0.0000,0.0000,3.0262,-0.3894,0.0000,-0.0000,0.0000,0.0000
2026-06-06 16:39:18.050,0,2,2,0.00,0.0003,-0.0003,3.0262,-0.3894,0.0000,-0.0000,0.0000,0.0000
2026-06-06 16:39:18.150,0,2,2,0.00,0.0000,-0.0001,3.0262,-0.3894,0.0000,-0.0000,0.0000,0.0000
2026-06-06 16:39:18.250,0,2,2,0.00,0.0003,0.0000,3.0262,-0.3894,0.0000,-0.0000,0.0000,0.0000
2026-06-06 16:39:18.350,0,2,2,0.00,0.0021,0.0000,3.0261,-0.3893,0.0000,-0.0000,0.0000,0.0000
2026-06-06 16:39:18.450,0,2,2,0.00,-0.0003,0.0000,3.0261,-0.3893,0.0000,-0.0000,0.0000,0.0000
2026-06-06 16:39:18.550,0,2,2,0.00,-0.0001,0.0000,3.0261,-0.3893,0.0000,-0.0000,0.0000,0.0000
2026-06-06 16:39:18.650,0,2,2,0.00,-0.0007,0.0001,3.0261,-0.3893,0.0000,-0.0000,0.0000,0.0000
2026-06-06 16:39:18.750,0,2,2,0.00,0.0000,0.0000,3.0261,-0.3893,0.0000,-0.0000,0.0000,0.0000
2026-06-06 16:39:18.850,0,2,2,0.00,0.0000,0.0000,3.0261,-0.3893,0.0000,-0.0000,0.0000,0.0000
2026-06-06 16:39:18.950,0,2,2,0.00,0.0000,0.0001,3.0261,-0.3893,0.0000,-0.0000,0.0000,0.0000
2026-06-06 16:39:19.050,0,2,2,0.00,0.0001,0.0000,3.0261,-0.3893,0.0000,-0.0000,0.0000,0.0000
2026-06-06 16:39:19.150,0,2,2,0.00,0.0000,0.0000,3.0261,-0.3893,0.0000,-0.0000,0.0000,0.0000
2026-06-06 16:39:19.250,0,2,2,0.00,0.0007,0.0000,3.0261,-0.3893,0.0000,-0.0000,0.0000,0.0000
2026-06-06 16:39:19.350,0,2,2,0.00,0.0318,0.0001,3.0245,-0.3891,0.0000,-0.0000,0.0000,0.0000
2026-06-06 16:39:19.450,0,2,2,0.00,0.0618,-0.0107,3.0209,-0.3886,0.0000,-0.0000,0.0000,0.0000
2026-06-06 16:39:19.550,0,2,2,0.00,0.0833,-0.0440,3.0151,-0.3879,0.0000,-0.0000,0.0000,0.0000
2026-06-06 16:39:19.650,0,2,2,0.00,0.1381,-0.0393,3.0070,-0.3869,0.0000,-0.0000,0.0000,0.0000
2026-06-06 16:39:19.750,0,2,2,0.00,0.1829,-0.0706,2.9954,-0.3858,0.0000,-0.0000,0.0000,0.0000
2026-06-06 16:39:19.850,0,2,2,0.00,0.2178,-0.1143,2.9794,-0.3845,0.0000,-0.0000,0.0000,0.0000
2026-06-06 16:39:19.950,0,2,2,0.00,0.2460,-0.1617,2.9599,-0.3833,0.0000,-0.0000,0.0000,0.0000
2026-06-06 16:39:20.050,0,2,2,0.00,0.2691,-0.2047,2.9371,-0.3822,0.0000,-0.0000,0.0000,0.0000
2026-06-06 16:39:20.150,0,2,2,0.00,0.2952,-0.2508,2.9106,-0.3812,0.0000,-0.0000,0.0000,0.0000
2026-06-06 16:39:20.250,0,2,2,0.00,0.3275,-0.2782,2.8810,-0.3803,0.0000,-0.0000,0.0000,0.0000
2026-06-06 16:39:20.350,0,2,2,0.00,0.3615,-0.3190,2.8476,-0.3795,0.0000,-0.0000,0.0000,0.0000
2026-06-06 16:39:20.450,0,2,2,0.00,0.3872,-0.3430,2.8114,-0.3790,0.0000,-0.0000,0.0000,0.0000
2026-06-06 16:39:20.550,0,2,2,0.00,0.4292,-0.3915,2.7716,-0.3786,0.0000,-0.0000,0.0000,0.0000
2026-06-06 16:39:20.650,0,2,2,0.00,0.4561,-0.4202,2.7284,-0.3786,0.0000,-0.0000,0.0000,0.0000
2026-06-06 16:39:20.750,0,2,2,0.00,0.4866,-0.4880,2.6790,-0.3785,0.0000,-0.0000,0.0000,0.0000
2026-06-06 16:39:20.850,0,2,2,0.00,0.5027,-0.4731,2.6306,-0.3785,0.0000,-0.0000,0.0000,0.0000
2026-06-06 16:39:20.950,0,2,2,0.00,0.5080,-0.4665,2.5819,-0.3787,0.0000,-0.0000,0.0000,0.0000
2026-06-06 16:39:21.050,0,2,2,0.00,0.5085,-0.4945,2.5324,-0.3793,0.0000,-0.0000,0.0000,0.0000
2026-06-06 16:39:21.151,0,2,2,0.00,0.5041,-0.5129,2.4812,-0.3800,0.0000,-0.0000,0.0000,0.0000
2026-06-06 16:39:21.250,0,2,2,0.00,0.5027,-0.5227,2.4305,-0.3805,0.0000,-0.0000,0.0000,0.0000
2026-06-06 16:39:21.350,0,2,2,0.00,0.4977,-0.5108,2.3798,-0.3809,0.0000,-0.0000,0.0000,0.0000
2026-06-06 16:39:21.450,0,2,2,0.00,0.4998,-0.5105,2.3294,-0.3811,0.0000,-0.0000,0.0000,0.0000
2026-06-06 16:39:21.550,0,2,2,0.00,0.5019,-0.5138,2.2786,-0.3813,0.0000,-0.0000,0.0000,0.0000
2026-06-06 16:39:21.650,0,2,2,0.00,0.4977,-0.4973,2.2284,-0.3813,0.0000,-0.0000,0.0000,0.0000
2026-06-06 16:39:21.750,0,2,2,0.00,0.4935,-0.4945,2.1789,-0.3813,0.0000,-0.0000,0.0000,0.0000
2026-06-06 16:39:21.850,0,2,2,0.00,0.4948,-0.5019,2.1294,-0.3813,0.0000,-0.0000,0.0000,0.0000
2026-06-06 16:39:21.950,0,2,2,0.00,0.4985,-0.4991,2.0733,-0.3813,0.0000,-0.0000,0.0000,0.0000
2026-06-06 16:39:22.050,0,2,2,0.00,0.4496,-0.4688,2.0320,-0.3812,0.0000,-0.0000,0.0000,0.0000
2026-06-06 16:39:22.150,0,2,2,0.00,0.3808,-0.4139,1.9893,-0.3810,0.0000,-0.0000,0.0000,0.0000
2026-06-06 16:39:22.250,0,2,2,0.00,0.3445,-0.3609,1.9539,-0.3806,0.0000,-0.0000,0.0000,0.0000
2026-06-06 16:39:22.350,0,2,2,0.00,0.2622,-0.3312,1.9217,-0.3800,0.0000,-0.0000,0.0000,0.0000
2026-06-06 16:39:22.450,0,2,2,0.00,0.1910,-0.2547,1.8972,-0.3793,0.0000,-0.0000,0.0000,0.0000
2026-06-06 16:39:22.550,0,2,2,0.00,0.1185,-0.2145,1.8797,-0.3785,0.0000,-0.0000,0.0000,0.0000
2026-06-06 16:39:22.650,0,2,2,0.00,0.0552,-0.0652,1.8716,-0.3781,0.0000,-0.0000,0.0000,0.0000
2026-06-06 16:39:22.754,0,2,2,0.00,-0.0001,-0.0014,1.8704,-0.3780,0.0000,-0.0000,0.0000,0.0000
2026-06-06 16:39:22.850,0,2,2,0.00,-0.0280,0.0292,1.8724,-0.3781,0.0000,-0.0000,0.0000,0.0000
2026-06-06 16:39:22.950,0,2,2,0.00,-0.0444,0.0611,1.8778,-0.3784,0.0000,-0.0000,0.0000,0.0000
2026-06-06 16:39:23.050,0,2,2,0.00,-0.0082,0.0268,1.8798,-0.3785,0.0000,-0.0000,0.0000,0.0000
2026-06-06 16:39:23.150,0,2,2,0.00,-0.0037,0.0212,1.8811,-0.3786,0.0000,-0.0000,0.0000,0.0000
2026-06-06 16:39:23.250,0,2,2,0.00,-0.0004,0.0191,1.8822,-0.3787,0.0000,-0.0000,0.0000,0.0000
2026-06-06 16:39:23.350,0,2,2,0.00,-0.0001,0.0056,1.8827,-0.3787,0.0000,-0.0000,0.0000,0.0000
2026-06-06 16:39:23.450,0,2,2,0.00,-0.0274,0.0000,1.8837,-0.3787,0.0000,-0.0000,0.0000,0.0000
2026-06-06 16:39:23.550,0,2,2,0.00,-0.0597,-0.0161,1.8859,-0.3788,0.0000,-0.0000,0.0000,0.0000
2026-06-06 16:39:23.650,0,2,2,0.00,-0.0675,-0.0340,1.8875,-0.3789,0.0000,-0.0000,0.0000,0.0000
2026-06-06 16:39:23.750,0,2,2,0.00,-0.1067,-0.0264,1.8905,-0.3792,0.0000,-0.0000,0.0000,0.0000
2026-06-06 16:39:23.850,0,2,2,0.00,-0.0844,-0.0213,1.8941,-0.3796,0.0000,-0.0000,0.0000,0.0000
2026-06-06 16:39:23.950,0,2,2,0.00,-0.0234,-0.0188,1.8950,-0.3797,0.0000,-0.0000,0.0000,0.0000
2026-06-06 16:39:24.050,0,2,2,0.00,-0.0107,-0.0113,1.8948,-0.3797,0.0000,-0.0000,0.0000,0.0000
2026-06-06 16:39:24.150,0,2,2,0.00,0.0000,-0.0077,1.8946,-0.3796,0.0000,-0.0000,0.0000,0.0000
2026-06-06 16:39:24.250,0,1,2,0.00,-0.0009,0.0003,1.8946,-0.3796,0.0000,-0.0000,0.0000,0.0000
2026-06-06 16:39:24.350,0,2,2,0.00,-0.0326,-0.0105,1.8955,-0.3797,0.0000,-0.0000,0.0000,0.0000
2026-06-06 16:39:24.450,0,2,2,0.00,-0.0657,-0.0220,1.8973,-0.3800,0.0000,-0.0000,0.0000,0.0000
2026-06-06 16:39:24.550,0,2,2,0.00,-0.0813,-0.0495,1.8989,-0.3803,0.0000,-0.0000,0.0000,0.0000
2026-06-06 16:39:24.650,0,2,2,0.00,-0.1278,-0.1148,1.9000,-0.3805,0.0000,-0.0000,0.0000,0.0000
2026-06-06 16:39:24.750,0,2,2,0.00,-0.1066,-0.1195,1.8998,-0.3804,0.0000,-0.0000,0.0000,0.0000
2026-06-06 16:39:24.850,0,2,2,0.00,-0.0425,-0.0792,1.8982,-0.3800,0.0000,-0.0000,0.0000,0.0000
2026-06-06 16:39:24.950,0,2,2,0.00,-0.0081,-0.0436,1.8965,-0.3795,0.0000,-0.0000,0.0000,0.0000
2026-06-06 16:39:25.050,0,2,2,0.00,-0.0020,-0.0420,1.8946,-0.3789,0.0000,-0.0000,0.0000,0.0000
2026-06-06 16:39:25.150,0,2,2,0.00,0.0003,0.0000,1.8935,-0.3786,0.0000,-0.0000,0.0000,0.0000
2026-06-06 16:39:25.250,0,2,2,0.00,-0.0001,0.0000,1.8935,-0.3786,0.0000,-0.0000,0.0000,0.0000
2026-06-06 16:39:25.350,0,2,2,0.00,0.0016,0.0004,1.8935,-0.3786,0.0000,-0.0000,0.0000,0.0000
2026-06-06 16:39:25.450,0,2,2,0.00,0.0393,0.0003,1.8918,-0.3781,0.0000,-0.0000,0.0000,0.0000
2026-06-06 16:39:25.550,0,2,2,0.00,0.0626,0.0137,1.8898,-0.3775,0.0000,-0.0000,0.0000,0.0000
2026-06-06 16:39:25.650,0,2,2,0.00,0.0878,0.0313,1.8871,-0.3768,0.0000,-0.0000,0.0000,0.0000
2026-06-06 16:39:25.750,0,2,2,0.00,0.1384,0.0439,1.8833,-0.3758,0.0000,-0.0000,0.0000,0.0000
2026-06-06 16:39:25.850,0,2,2,0.00,0.0945,0.0071,1.8788,-0.3748,0.0000,-0.0000,0.0000,0.0000
2026-06-06 16:39:25.951,0,2,2,0.00,0.0297,-0.0003,1.8767,-0.3744,0.0000,-0.0000,0.0000,0.0000
2026-06-06 16:39:26.050,0,2,2,0.00,0.0025,-0.0008,1.8765,-0.3743,0.0000,-0.0000,0.0000,0.0000
2026-06-06 16:39:26.150,0,2,2,0.00,0.0188,-0.0283,1.8751,-0.3740,0.0000,-0.0000,0.0000,0.0000
2026-06-06 16:39:26.250,0,2,2,0.00,0.0493,-0.0410,1.8711,-0.3732,0.0000,-0.0000,0.0000,0.0000
2026-06-06 16:39:26.350,0,2,2,0.00,0.0808,-0.0690,1.8648,-0.3720,0.0000,-0.0000,0.0000,0.0000
2026-06-06 16:39:26.450,0,2,2,0.00,0.0929,-0.0779,1.8570,-0.3704,0.0000,-0.0000,0.0000,0.0000
2026-06-06 16:39:26.550,0,2,2,0.00,0.1350,-0.1064,1.8470,-0.3684,0.0000,-0.0000,0.0000,0.0000
2026-06-06 16:39:26.650,0,2,2,0.00,0.1846,-0.1550,1.8329,-0.3658,0.0000,-0.0000,0.0000,0.0000
2026-06-06 16:39:26.750,0,2,2,0.00,0.2249,-0.2149,1.8121,-0.3619,0.0000,-0.0000,0.0000,0.0000
2026-06-06 16:39:26.850,0,2,2,0.00,0.2501,-0.2584,1.7880,-0.3574,0.0000,-0.0000,0.0000,0.0000
2026-06-06 16:39:26.950,0,2,2,0.00,0.2733,-0.2875,1.7610,-0.3523,0.0000,-0.0000,0.0000,0.0000
2026-06-06 16:39:27.050,0,2,2,0.00,0.3003,-0.3151,1.7330,-0.3470,0.0000,-0.0000,0.0000,0.0000
2026-06-06 16:39:27.150,0,2,2,0.00,0.3314,-0.3410,1.7015,-0.3410,0.0000,-0.0000,0.0000,0.0000
2026-06-06 16:39:27.250,0,2,2,0.00,0.3635,-0.3774,1.6656,-0.3340,0.0000,-0.0000,0.0000,0.0000
2026-06-06 16:39:27.350,0,2,2,0.00,0.3985,-0.4142,1.6272,-0.3265,0.0000,-0.0000,0.0000,0.0000
2026-06-06 16:39:27.450,0,2,2,0.00,0.4278,-0.4252,1.5861,-0.3184,0.0000,-0.0000,0.0000,0.0000
2026-06-06 16:39:27.550,0,2,2,0.00,0.4630,-0.4702,1.5417,-0.3097,0.0000,-0.0000,0.0000,0.0000
2026-06-06 16:39:27.650,0,2,2,0.00,0.4866,-0.5352,1.4919,-0.2998,0.0000,-0.0000,0.0000,0.0000
2026-06-06 16:39:27.750,0,2,2,0.00,0.5017,-0.4999,1.4429,-0.2897,0.0000,-0.0000,0.0000,0.0000
2026-06-06 16:39:27.850,0,2,2,0.00,0.5012,-0.4968,1.3941,-0.2797,0.0000,-0.0000,0.0000,0.0000
2026-06-06 16:39:27.950,0,2,2,0.00,0.5053,-0.4992,1.3450,-0.2697,0.0000,-0.0000,0.0000,0.0000
2026-06-06 16:39:28.050,0,2,2,0.00,0.5083,-0.5160,1.2951,-0.2596,0.0000,-0.0000,0.0000,0.0000
2026-06-06 16:39:28.150,0,2,2,0.00,0.4995,-0.5017,1.2455,-0.2494,0.0000,-0.0000,0.0000,0.0000
2026-06-06 16:39:28.250,0,2,2,0.00,0.5011,-0.5087,1.1961,-0.2393,0.0000,-0.0000,0.0000,0.0000
2026-06-06 16:39:28.350,0,2,2,0.00,0.4970,-0.5076,1.1466,-0.2290,0.0000,-0.0000,0.0000,0.0000
2026-06-06 16:39:28.450,0,2,2,0.00,0.4965,-0.4977,1.0981,-0.2189,0.0000,-0.0000,0.0000,0.0000
2026-06-06 16:39:28.550,0,2,2,0.00,0.5011,-0.5085,1.0486,-0.2085,0.0000,-0.0000,0.0000,0.0000
2026-06-06 16:39:28.650,0,2,2,0.00,0.4990,-0.5017,0.9994,-0.1981,0.0000,-0.0000,0.0000,0.0000
2026-06-06 16:39:28.750,0,2,2,0.00,0.4975,-0.4909,0.9510,-0.1879,0.0000,-0.0000,0.0000,0.0000
2026-06-06 16:39:28.850,0,2,2,0.00,0.5003,-0.4990,0.9024,-0.1778,0.0000,-0.0000,0.0000,0.0000
2026-06-06 16:39:28.950,0,2,2,0.00,0.4968,-0.4924,0.8540,-0.1677,0.0000,-0.0000,0.0000,0.0000
2026-06-06 16:39:29.050,0,2,2,0.00,0.4975,-0.4945,0.8048,-0.1574,0.0000,-0.0000,0.0000,0.0000
2026-06-06 16:39:29.150,0,2,2,0.00,0.4965,-0.4999,0.7568,-0.1474,0.0000,-0.0000,0.0000,0.0000
2026-06-06 16:39:29.250,0,2,2,0.00,0.5007,-0.5002,0.7073,-0.1371,0.0000,-0.0000,0.0000,0.0000
2026-06-06 16:39:29.350,0,2,2,0.00,0.5045,-0.5083,0.6578,-0.1268,0.0000,-0.0000,0.0000,0.0000
2026-06-06 16:39:29.450,0,2,2,0.00,0.5055,-0.5101,0.6086,-0.1165,0.0000,-0.0000,0.0000,0.0000
2026-06-06 16:39:29.550,0,2,2,0.00,0.4989,-0.5076,0.5588,-0.1061,0.0000,-0.0000,0.0000,0.0000
2026-06-06 16:39:29.650,0,2,2,0.00,0.5002,-0.5083,0.5099,-0.0957,0.0000,-0.0000,0.0000,0.0000
2026-06-06 16:39:29.750,0,2,2,0.00,0.4981,-0.4995,0.4611,-0.0854,0.0000,-0.0000,0.0000,0.0000
2026-06-06 16:39:29.850,0,2,2,0.00,0.4972,-0.5013,0.4121,-0.0750,0.0000,-0.0000,0.0000,0.0000
2026-06-06 16:39:29.955,0,2,2,0.00,0.5002,-0.4968,0.3636,-0.0647,0.0000,-0.0000,0.0000,0.0000
2026-06-06 16:39:30.050,0,2,2,0.00,0.4792,-0.4965,0.3159,-0.0545,0.0000,-0.0000,0.0000,0.0000
2026-06-06 16:39:30.150,0,2,2,0.00,0.4328,-0.4828,0.2712,-0.0447,0.0000,-0.0000,0.0000,0.0000
2026-06-06 16:39:30.250,0,2,2,0.00,0.4661,-0.4905,0.2184,-0.0327,0.0000,-0.0000,0.0000,0.0000
2026-06-06 16:39:30.350,0,2,2,0.00,0.4777,-0.4731,0.1784,-0.0234,0.0000,-0.0000,0.0000,0.0000
2026-06-06 16:39:30.450,0,2,2,0.00,0.4296,-0.4359,0.1348,-0.0132,0.0000,-0.0000,0.0000,0.0000
2026-06-06 16:39:30.550,0,2,2,0.00,0.3505,-0.3886,0.0993,-0.0049,0.0000,-0.0000,0.0000,0.0000
2026-06-06 16:39:30.650,0,2,2,0.00,0.2852,-0.3151,0.0667,0.0029,0.0000,-0.0000,0.0000,0.0000
2026-06-06 16:39:30.750,0,2,2,0.00,0.2589,-0.2910,0.0395,0.0096,0.0000,-0.0000,0.0000,0.0000
2026-06-06 16:39:30.850,0,2,2,0.00,0.1943,-0.2202,0.0169,0.0153,0.0000,-0.0000,0.0000,0.0000
2026-06-06 16:39:30.950,0,2,2,0.00,0.0933,-0.1511,0.0030,0.0189,0.0000,-0.0000,0.0000,0.0000
2026-06-06 16:39:31.050,0,2,2,0.00,0.0568,-0.0043,-0.0008,0.0199,0.0000,-0.0000,0.0000,0.0000
2026-06-06 16:39:31.150,0,2,2,0.00,0.0958,0.0224,-0.0043,0.0208,0.0000,-0.0000,0.0000,0.0000
2026-06-06 16:39:31.250,0,2,2,0.00,0.0873,0.0617,-0.0064,0.0213,0.0000,-0.0000,0.0000,0.0000
2026-06-06 16:39:31.350,0,2,2,0.00,0.1763,0.0920,-0.0099,0.0219,0.0000,-0.0000,0.0000,0.0000
2026-06-06 16:39:31.450,0,2,2,0.00,0.1713,0.0954,-0.0126,0.0223,0.0000,-0.0000,0.0000,0.0000
2026-06-06 16:39:31.550,0,2,2,0.00,0.1259,0.0606,-0.0159,0.0227,0.0000,-0.0000,0.0000,0.0000
2026-06-06 16:39:31.650,0,2,2,0.00,0.0568,0.0205,-0.0177,0.0229,0.0000,-0.0000,0.0000,0.0000
2026-06-06 16:39:31.750,0,2,2,0.00,0.0000,0.0181,-0.0172,0.0228,0.0000,-0.0000,0.0000,0.0000
2026-06-06 16:39:31.850,0,2,2,0.00,-0.0018,0.0000,-0.0171,0.0228,0.0000,-0.0000,0.0000,0.0000
2026-06-06 16:39:31.950,0,2,2,0.00,-0.0173,0.0067,-0.0159,0.0227,0.0000,-0.0000,0.0000,0.0000
2026-06-06 16:39:32.050,0,2,2,0.00,-0.0018,0.0041,-0.0153,0.0227,0.0000,-0.0000,0.0000,0.0000
2026-06-06 16:39:32.150,0,2,2,0.00,-0.0047,0.0000,-0.0150,0.0226,0.0000,-0.0000,0.0000,0.0000
2026-06-06 16:39:32.250,0,2,2,0.00,0.0001,0.0010,-0.0149,0.0226,0.0000,-0.0000,0.0000,0.0000
2026-06-06 16:39:32.350,0,2,2,0.00,-0.0063,-0.0012,-0.0147,0.0226,0.0000,-0.0000,0.0000,0.0000
2026-06-06 16:39:32.450,0,2,2,0.00,-0.0393,-0.0275,-0.0141,0.0226,0.0000,-0.0000,0.0000,0.0000
2026-06-06 16:39:32.550,0,2,2,0.00,-0.0761,-0.0528,-0.0126,0.0224,0.0000,-0.0000,0.0000,0.0000
2026-06-06 16:39:32.650,0,2,2,0.00,-0.0678,-0.0457,-0.0120,0.0223,0.0000,-0.0000,0.0000,0.0000
2026-06-06 16:39:32.750,0,2,2,0.00,-0.0346,-0.0406,-0.0122,0.0223,0.0000,-0.0000,0.0000,0.0000
2026-06-06 16:39:32.850,0,2,2,0.00,-0.0047,-0.0212,-0.0135,0.0225,0.0000,-0.0000,0.0000,0.0000
2026-06-06 16:39:32.950,0,2,2,0.00,-0.0105,-0.0254,-0.0140,0.0226,0.0000,-0.0000,0.0000,0.0000
2026-06-06 16:39:33.050,0,2,2,0.00,-0.0021,0.0000,-0.0141,0.0226,0.0000,-0.0000,0.0000,0.0000
2026-06-06 16:39:33.150,0,2,2,0.00,0.0014,0.0001,-0.0142,0.0227,0.0000,-0.0000,0.0000,0.0000
2026-06-06 16:39:33.253,0,2,2,0.00,0.0001,0.0000,-0.0142,0.0227,0.0000,-0.0000,0.0000,0.0000
2026-06-06 16:39:33.350,0,2,2,0.00,0.0000,0.0000,-0.0142,0.0227,0.0000,-0.0000,0.0000,0.0000
2026-06-06 16:39:33.450,0,2,2,0.00,0.0001,0.0000,-0.0142,0.0227,0.0000,-0.0000,0.0000,0.0000
2026-06-06 16:39:33.550,0,2,2,0.00,-0.0001,0.0000,-0.0142,0.0227,0.0000,-0.0000,0.0000,0.0000
2026-06-06 16:39:33.650,0,2,2,0.00,0.0004,-0.0001,-0.0142,0.0227,0.0000,-0.0000,0.0000,0.0000
2026-06-06 16:39:33.750,0,2,2,0.00,0.0001,0.0001,-0.0142,0.0227,0.0000,-0.0000,0.0000,0.0000
2026-06-06 16:39:33.850,0,2,2,0.00,-0.0001,0.0001,-0.0142,0.0227,0.0000,-0.0000,0.0000,0.0000
2026-06-06 16:39:33.950,0,2,2,0.00,0.0000,0.0000,-0.0142,0.0227,0.0000,-0.0000,0.0000,0.0000
2026-06-06 16:39:34.050,0,2,2,0.00,-0.0001,0.0000,-0.0142,0.0227,0.0000,-0.0000,0.0000,0.0000
2026-06-06 16:39:34.150,0,2,2,0.00,-0.0004,0.0000,-0.0142,0.0227,0.0000,-0.0000,0.0000,0.0000
2026-06-06 16:39:34.250,0,2,2,0.00,0.0000,-0.0001,-0.0142,0.0227,0.0000,-0.0000,0.0000,0.0000
2026-06-06 16:39:34.350,0,2,2,0.00,-0.0001,-0.0001,-0.0142,0.0227,0.0000,-0.0000,0.0000,0.0000
2026-06-06 16:39:34.450,0,2,2,0.00,0.0004,0.0000,-0.0142,0.0227,0.0000,-0.0000,0.0000,0.0000
2026-06-06 16:39:34.550,0,2,2,0.00,0.0001,-0.0003,-0.0142,0.0227,0.0000,-0.0000,0.0000,0.0000
2026-06-06 16:39:34.650,0,2,2,0.00,0.0004,0.0003,-0.0142,0.0227,0.0000,-0.0000,0.0000,0.0000
2026-06-06 16:39:34.750,0,2,2,0.00,0.0001,0.0000,-0.0142,0.0227,0.0000,-0.0000,0.0000,0.0000
2026-06-06 16:39:34.850,0,2,2,0.00,0.0000,0.0000,-0.0142,0.0227,0.0000,-0.0000,0.0000,0.0000
2026-06-06 16:39:34.950,0,2,2,0.00,-0.0001,-0.0001,-0.0142,0.0227,0.0000,-0.0000,0.0000,0.0000
2026-06-06 16:39:35.050,0,2,2,0.00,0.0001,0.0000,-0.0142,0.0227,0.0000,-0.0000,0.0000,0.0000
2026-06-06 16:39:35.150,0,2,2,0.00,-0.0001,0.0000,-0.0142,0.0227,0.0000,-0.0000,0.0000,0.0000
2026-06-06 16:39:35.250,0,2,2,0.00,0.0001,0.0000,-0.0142,0.0227,0.0000,-0.0000,0.0000,0.0000
2026-06-06 16:39:35.350,0,2,2,0.00,0.0003,0.0001,-0.0142,0.0227,0.0000,-0.0000,0.0000,0.0000
2026-06-06 16:39:35.450,0,2,2,0.00,0.0000,-0.0001,-0.0142,0.0227,0.0000,-0.0000,0.0000,0.0000
2026-06-06 16:39:35.550,0,2,2,0.00,-0.0004,0.0000,-0.0142,0.0227,0.0000,-0.0000,0.0000,0.0000
2026-06-06 16:39:35.650,0,2,2,0.00,0.0000,-0.0001,-0.0142,0.0227,0.0000,-0.0000,0.0000,0.0000
2026-06-06 16:39:35.750,0,2,2,0.00,0.0000,0.0001,-0.0142,0.0227,0.0000,-0.0000,0.0000,0.0000
2026-06-06 16:39:35.850,0,2,2,0.00,0.0000,0.0000,-0.0142,0.0227,0.0000,-0.0000,0.0000,0.0000
2026-06-06 16:39:35.950,0,2,2,0.00,0.0000,-0.0001,-0.0142,0.0227,0.0000,-0.0000,0.0000,0.0000
2026-06-06 16:39:36.050,0,2,2,0.00,0.0000,0.0001,-0.0142,0.0227,0.0000,-0.0000,0.0000,0.0000
2026-06-06 16:39:36.150,0,2,2,0.00,0.0003,0.0000,-0.0142,0.0227,0.0000,-0.0000,0.0000,0.0000
2026-06-06 16:39:36.251,0,2,2,0.00,-0.0003,0.0001,-0.0142,0.0227,0.0000,-0.0000,0.0000,0.0000
2026-06-06 16:39:36.350,0,2,2,0.00,-0.0001,0.0000,-0.0142,0.0227,0.0000,-0.0000,0.0000,0.0000
2026-06-06 16:39:36.450,0,2,2,0.00,0.0000,-0.0001,-0.0142,0.0227,0.0000,-0.0000,0.0000,0.0000
2026-06-06 16:39:36.550,0,2,2,0.00,0.0000,0.0001,-0.0142,0.0227,0.0000,-0.0000,0.0000,0.0000
2026-06-06 16:39:36.650,0,2,2,0.00,0.0000,0.0000,-0.0142,0.0227,0.0000,-0.0000,0.0000,0.0000
2026-06-06 16:39:36.750,0,2,2,0.00,0.0001,-0.0001,-0.0142,0.0227,0.0000,-0.0000,0.0000,0.0000
2026-06-06 16:39:36.850,0,2,2,0.00,-0.0001,-0.0001,-0.0142,0.0227,0.0000,-0.0000,0.0000,0.0000
2026-06-06 16:39:36.950,0,2,2,0.00,0.0001,0.0000,-0.0142,0.0227,0.0000,-0.0000,0.0000,0.0000
2026-06-06 16:39:37.050,0,2,2,0.00,0.0000,0.0001,-0.0142,0.0227,0.0000,-0.0000,0.0000,0.0000
2026-06-06 16:39:37.150,0,2,2,0.00,0.0001,-0.0001,-0.0142,0.0227,0.0000,-0.0000,0.0000,0.0000
2026-06-06 16:39:37.250,0,2,2,0.00,0.0000,0.0000,-0.0142,0.0227,0.0000,-0.0000,0.0000,0.0000
2026-06-06 16:39:37.350,0,2,2,0.00,0.0001,0.0000,-0.0142,0.0227,0.0000,-0.0000,0.0000,0.0000
2026-06-06 16:39:37.450,0,2,2,0.00,-0.0001,0.0001,-0.0142,0.0227,0.0000,-0.0000,0.0000,0.0000
2026-06-06 16:39:37.550,0,2,2,0.00,0.0001,0.0001,-0.0142,0.0227,0.0000,-0.0000,0.0000,0.0000
2026-06-06 16:39:37.650,0,2,2,0.00,-0.0003,0.0001,-0.0142,0.0227,0.0000,-0.0000,0.0000,0.0000
2026-06-06 16:39:37.750,0,2,2,0.00,0.0003,0.0001,-0.0142,0.0227,0.0000,-0.0000,0.0000,0.0000
2026-06-06 16:39:37.850,0,2,2,0.00,0.0001,0.0000,-0.0142,0.0227,0.0000,-0.0000,0.0000,0.0000
2026-06-06 16:39:37.950,0,2,2,0.00,0.0001,0.0003,-0.0142,0.0227,0.0000,-0.0000,0.0000,0.0000
2026-06-06 16:39:38.050,0,2,2,0.00,0.0000,0.0003,-0.0142,0.0227,0.0000,-0.0000,0.0000,0.0000
2026-06-06 16:39:38.150,0,2,2,0.00,0.0000,0.0000,-0.0142,0.0227,0.0000,-0.0000,0.0000,0.0000
2026-06-06 16:39:38.250,0,2,2,0.00,-0.0003,0.0000,-0.0142,0.0227,0.0000,-0.0000,0.0000,0.0000
2026-06-06 16:39:38.350,0,2,2,0.00,-0.0003,-0.0003,-0.0142,0.0227,0.0000,-0.0000,0.0000,0.0000
2026-06-06 16:39:38.450,0,2,2,0.00,0.0001,-0.0001,-0.0142,0.0227,0.0000,-0.0000,0.0000,0.0000
2026-06-06 16:39:38.550,0,2,2,0.00,0.0000,0.0001,-0.0142,0.0227,0.0000,-0.0000,0.0000,0.0000
2026-06-06 16:39:38.650,0,2,2,0.00,0.0000,0.0000,-0.0142,0.0227,0.0000,-0.0000,0.0000,0.0000
2026-06-06 16:39:38.750,0,2,2,0.00,-0.0001,0.0000,-0.0142,0.0227,0.0000,-0.0000,0.0000,0.0000
2026-06-06 16:39:38.850,0,2,2,0.00,0.0000,0.0000,-0.0142,0.0227,0.0000,-0.0000,0.0000,0.0000
2026-06-06 16:39:38.950,0,2,2,0.00,-0.0001,0.0003,-0.0142,0.0227,0.0000,-0.0000,0.0000,0.0000
2026-06-06 16:39:39.050,0,2,2,0.00,0.0000,0.0000,-0.0142,0.0227,0.0000,-0.0000,0.0000,0.0000
2026-06-06 16:39:39.150,0,2,2,0.00,-0.0001,0.0001,-0.0142,0.0227,0.0000,-0.0000,0.0000,0.0000
2026-06-06 16:39:39.250,0,2,2,0.00,-0.0001,0.0000,-0.0142,0.0227,0.0000,-0.0000,0.0000,0.0000
2026-06-06 16:39:39.350,0,2,2,0.00,0.0000,-0.0003,-0.0142,0.0227,0.0000,-0.0000,0.0000,0.0000
2026-06-06 16:39:39.450,0,2,2,0.00,0.0000,-0.0001,-0.0142,0.0227,0.0000,-0.0000,0.0000,0.0000
2026-06-06 16:39:39.550,0,2,2,0.00,0.0001,0.0000,-0.0142,0.0227,0.0000,-0.0000,0.0000,0.0000
2026-06-06 16:39:39.650,0,2,2,0.00,0.0000,0.0000,-0.0142,0.0227,0.0000,-0.0000,0.0000,0.0000
2026-06-06 16:39:39.750,0,2,2,0.00,-0.0004,0.0000,-0.0142,0.0227,0.0000,-0.0000,0.0000,0.0000
2026-06-06 16:39:39.850,0,2,2,0.00,0.0000,0.0000,-0.0142,0.0227,0.0000,-0.0000,0.0000,0.0000
2026-06-06 16:39:39.950,0,2,2,0.00,0.0000,0.0000,-0.0142,0.0227,0.0000,-0.0000,0.0000,0.0000
2026-06-06 16:39:40.050,0,2,2,0.00,0.0000,0.0000,-0.0142,0.0227,0.0000,-0.0000,0.0000,0.0000
2026-06-06 16:39:40.150,0,2,2,0.00,0.0001,0.0003,-0.0142,0.0227,0.0000,-0.0000,0.0000,0.0000
2026-06-06 16:39:40.250,0,2,2,0.00,-0.0001,0.0000,-0.0142,0.0227,0.0000,-0.0000,0.0000,0.0000
2026-06-06 16:39:40.350,0,1,2,0.00,0.0001,0.0000,-0.0142,0.0227,0.0000,-0.0000,0.0000,0.0000
2026-06-06 16:39:40.450,0,2,2,0.00,0.0003,-0.0001,-0.0142,0.0227,0.0000,-0.0000,0.0000,0.0000
2026-06-06 16:39:40.550,0,2,2,0.00,0.0000,0.0000,-0.0142,0.0227,0.0000,-0.0000,0.0000,0.0000
2026-06-06 16:39:40.650,0,2,2,0.00,0.0001,0.0000,-0.0142,0.0227,0.0000,-0.0000,0.0000,0.0000
2026-06-06 16:39:40.750,0,2,2,0.00,0.0000,0.0000,-0.0142,0.0227,0.0000,-0.0000,0.0000,0.0000
2026-06-06 16:39:40.850,0,2,2,0.00,-0.0001,-0.0001,-0.0142,0.0227,0.0000,-0.0000,0.0000,0.0000
2026-06-06 16:39:40.950,0,2,2,0.00,0.0000,0.0000,-0.0142,0.0227,0.0000,-0.0000,0.0000,0.0000
2026-06-06 16:39:41.050,0,2,2,0.00,-0.0001,0.0000,-0.0142,0.0227,0.0000,-0.0000,0.0000,0.0000
2026-06-06 16:39:41.150,0,2,2,0.00,-0.0003,0.0000,-0.0142,0.0227,0.0000,-0.0000,0.0000,0.0000
2026-06-06 16:39:41.250,0,2,2,0.00,0.0001,-0.0003,-0.0142,0.0227,0.0000,-0.0000,0.0000,0.0000
2026-06-06 16:39:41.350,0,2,2,0.00,0.0000,0.0000,-0.0142,0.0227,0.0000,-0.0000,0.0000,0.0000
2026-06-06 16:39:41.450,0,2,2,0.00,0.0000,0.0000,-0.0142,0.0227,0.0000,-0.0000,0.0000,0.0000
2026-06-06 16:39:41.550,0,2,2,0.00,-0.0001,-0.0004,-0.0142,0.0227,0.0000,-0.0000,0.0000,0.0000
2026-06-06 16:39:41.650,0,2,2,0.00,0.0000,0.0001,-0.0142,0.0227,0.0000,-0.0000,0.0000,0.0000
2026-06-06 16:39:41.750,0,2,2,0.00,0.0001,0.0000,-0.0142,0.0227,0.0000,-0.0000,0.0000,0.0000
2026-06-06 16:39:41.850,0,2,2,0.00,-0.0001,0.0003,-0.0142,0.0227,0.0000,-0.0000,0.0000,0.0000
2026-06-06 16:39:41.951,0,2,2,0.00,0.0001,-0.0003,-0.0142,0.0227,0.0000,-0.0000,0.0000,0.0000
2026-06-06 16:39:42.050,0,2,2,0.00,0.0000,0.0000,-0.0142,0.0227,0.0000,-0.0000,0.0000,0.0000
2026-06-06 16:39:42.150,0,2,2,0.00,-0.0001,0.0000,-0.0142,0.0227,0.0000,-0.0000,0.0000,0.0000
2026-06-06 16:39:42.250,0,2,2,0.00,-0.0003,-0.0004,-0.0142,0.0227,0.0000,-0.0000,0.0000,0.0000
2026-06-06 16:39:42.350,0,2,2,0.00,0.0000,0.0001,-0.0142,0.0227,0.0000,-0.0000,0.0000,0.0000
2026-06-06 16:39:42.450,0,2,2,0.00,0.0000,0.0000,-0.0142,0.0227,0.0000,-0.0000,0.0000,0.0000
2026-06-06 16:39:42.550,0,2,2,0.00,0.0000,0.0001,-0.0142,0.0227,0.0000,-0.0000,0.0000,0.0000
2026-06-06 16:39:42.650,0,2,2,0.00,0.0000,-0.0004,-0.0142,0.0227,0.0000,-0.0000,0.0000,0.0000
2026-06-06 16:39:42.750,0,2,2,0.00,-0.0003,-0.0001,-0.0142,0.0227,0.0000,-0.0000,0.0000,0.0000
2026-06-06 16:39:42.851,0,2,2,0.00,0.0003,0.0000,-0.0142,0.0227,0.0000,-0.0000,0.0000,0.0000
2026-06-06 16:39:42.950,0,2,2,0.00,0.0000,0.0000,-0.0142,0.0227,0.0000,-0.0000,0.0000,0.0000
2026-06-06 16:39:43.050,0,2,2,0.00,0.0001,0.0000,-0.0142,0.0227,0.0000,-0.0000,0.0000,0.0000
2026-06-06 16:39:43.151,0,2,2,0.00,-0.0008,0.0004,-0.0142,0.0227,0.0000,-0.0000,0.0000,0.0000
2026-06-06 16:39:43.253,0,2,2,0.00,0.0004,0.0000,-0.0142,0.0227,0.0000,-0.0000,0.0000,0.0000
2026-06-06 16:39:43.353,0,1,2,0.00,0.0003,0.0000,-0.0142,0.0227,0.0000,-0.0000,0.0000,0.0000
2026-06-06 16:39:43.450,0,2,2,0.00,0.0005,-0.0003,-0.0142,0.0227,0.0000,-0.0000,0.0000,0.0000
2026-06-06 16:39:43.554,0,2,2,0.00,0.0000,0.0001,-0.0142,0.0227,0.0000,-0.0000,0.0000,0.0000
2026-06-06 16:39:43.670,0,2,2,0.00,-0.0001,0.0000,-0.0142,0.0227,0.0000,-0.0000,0.0000,0.0000
2026-06-06 16:39:43.751,0,2,2,0.00,0.0001,-0.0001,-0.0142,0.0227,0.0000,-0.0000,0.0000,0.0000
2026-06-06 16:39:43.850,0,1,2,0.00,0.0001,-0.0001,-0.0142,0.0227,0.0000,-0.0000,0.0000,0.0000
2026-06-06 16:39:43.950,0,2,2,0.00,-0.0001,-0.0001,-0.0142,0.0227,0.0000,-0.0000,0.0000,0.0000
2026-06-06 16:39:44.050,0,2,2,0.00,0.0000,0.0000,-0.0142,0.0227,0.0000,-0.0000,0.0000,0.0000
2026-06-06 16:39:44.150,0,2,2,0.00,0.0000,0.0000,-0.0142,0.0227,0.0000,-0.0000,0.0000,0.0000
2026-06-06 16:39:44.250,0,2,2,0.00,-0.0001,0.0000,-0.0142,0.0227,0.0000,-0.0000,0.0000,0.0000
2026-06-06 16:39:44.350,0,2,2,0.00,0.0000,0.0000,-0.0142,0.0227,0.0000,-0.0000,0.0000,0.0000
2026-06-06 16:39:44.458,0,2,2,0.00,0.0000,0.0001,-0.0142,0.0227,0.0000,-0.0000,0.0000,0.0000
2026-06-06 16:39:44.550,0,2,2,0.00,-0.0003,0.0000,-0.0142,0.0227,0.0000,-0.0000,0.0000,0.0000
2026-06-06 16:39:44.650,0,2,2,0.00,0.0000,-0.0001,-0.0142,0.0227,0.0000,-0.0000,0.0000,0.0000
2026-06-06 16:39:44.750,0,2,2,0.00,-0.0001,0.0001,-0.0142,0.0227,0.0000,-0.0000,0.0000,0.0000
2026-06-06 16:39:44.850,0,1,2,0.00,0.0000,0.0000,-0.0142,0.0227,0.0000,-0.0000,0.0000,0.0000
2026-06-06 16:39:44.950,0,2,2,0.00,0.0000,0.0001,-0.0142,0.0227,0.0000,-0.0000,0.0000,0.0000
2026-06-06 16:39:45.050,0,2,2,0.00,0.0000,0.0000,-0.0142,0.0227,0.0000,-0.0000,0.0000,0.0000
2026-06-06 16:39:45.150,0,2,2,0.00,0.0001,0.0000,-0.0142,0.0227,0.0000,-0.0000,0.0000,0.0000
2026-06-06 16:39:45.250,0,2,2,0.00,0.0000,-0.0001,-0.0142,0.0227,0.0000,-0.0000,0.0000,0.0000
2026-06-06 16:39:45.350,0,2,2,0.00,0.0000,0.0001,-0.0142,0.0227,0.0000,-0.0000,0.0000,0.0000
2026-06-06 16:39:45.450,0,2,2,0.00,0.0000,-0.0001,-0.0142,0.0227,0.0000,-0.0000,0.0000,0.0000
2026-06-06 16:39:45.550,0,2,2,0.00,0.0000,0.0000,-0.0142,0.0227,0.0000,-0.0000,0.0000,0.0000
2026-06-06 16:39:45.650,0,2,2,0.00,0.0001,0.0000,-0.0142,0.0227,0.0000,-0.0000,0.0000,0.0000
2026-06-06 16:39:45.750,0,2,2,0.00,0.0001,0.0001,-0.0142,0.0227,0.0000,-0.0000,0.0000,0.0000
2026-06-06 16:39:45.850,0,2,2,0.00,0.0000,0.0000,-0.0142,0.0227,0.0000,-0.0000,0.0000,0.0000
2026-06-06 16:39:45.950,0,2,2,0.00,0.0000,0.0000,-0.0142,0.0227,0.0000,-0.0000,0.0000,0.0000
2026-06-06 16:39:46.050,0,2,2,0.00,-0.0003,0.0000,-0.0142,0.0227,0.0000,-0.0000,0.0000,0.0000
2026-06-06 16:39:46.150,0,2,2,0.00,0.0000,0.0001,-0.0142,0.0227,0.0000,-0.0000,0.0000,0.0000
2026-06-06 16:39:46.250,0,2,2,0.00,0.0001,0.0000,-0.0142,0.0227,0.0000,-0.0000,0.0000,0.0000
2026-06-06 16:39:46.350,0,2,2,0.00,0.0000,0.0000,-0.0142,0.0227,0.0000,-0.0000,0.0000,0.0000
2026-06-06 16:39:46.450,0,2,2,0.00,0.0000,-0.0001,-0.0142,0.0227,0.0000,-0.0000,0.0000,0.0000
2026-06-06 16:39:46.550,0,2,2,0.00,0.0000,0.0000,-0.0142,0.0227,0.0000,-0.0000,0.0000,0.0000
2026-06-06 16:39:46.650,0,2,2,0.00,0.0000,0.0001,-0.0142,0.0227,0.0000,-0.0000,0.0000,0.0000
2026-06-06 16:39:46.750,0,2,2,0.00,0.0003,0.0001,-0.0142,0.0227,0.0000,-0.0000,0.0000,0.0000
2026-06-06 16:39:46.850,0,1,2,0.00,0.0003,-0.0001,-0.0142,0.0227,0.0000,-0.0000,0.0000,0.0000
2026-06-06 16:39:46.950,0,2,2,0.00,0.0000,0.0000,-0.0142,0.0227,0.0000,-0.0000,0.0000,0.0000
2026-06-06 16:39:47.050,0,2,2,0.00,0.0000,0.0000,-0.0142,0.0227,0.0000,-0.0000,0.0000,0.0000
2026-06-06 16:39:47.150,0,2,2,0.00,0.0001,-0.0003,-0.0142,0.0227,0.0000,-0.0000,0.0000,0.0000
2026-06-06 16:39:47.250,0,2,2,0.00,-0.0001,0.0001,-0.0142,0.0227,0.0000,-0.0000,0.0000,0.0000
2026-06-06 16:39:47.350,0,2,2,0.00,0.0003,0.0001,-0.0142,0.0227,0.0000,-0.0000,0.0000,0.0000
2026-06-06 16:39:47.452,0,2,2,0.00,0.0000,0.0000,-0.0142,0.0227,0.0000,-0.0000,0.0000,0.0000
2026-06-06 16:39:47.550,0,2,2,0.00,0.0000,0.0000,-0.0142,0.0227,0.0000,-0.0000,0.0000,0.0000
2026-06-06 16:39:47.650,0,2,2,0.00,0.0000,-0.0001,-0.0142,0.0227,0.0000,-0.0000,0.0000,0.0000
2026-06-06 16:39:47.750,0,2,2,0.00,0.0001,0.0000,-0.0142,0.0227,0.0000,-0.0000,0.0000,0.0000
2026-06-06 16:39:47.850,0,2,2,0.00,0.0001,0.0000,-0.0142,0.0227,0.0000,-0.0000,0.0000,0.0000
2026-06-06 16:39:47.950,0,2,2,0.00,0.0000,0.0000,-0.0142,0.0227,0.0000,-0.0000,0.0000,0.0000
2026-06-06 16:39:48.050,0,2,2,0.00,0.0001,-0.0001,-0.0142,0.0227,0.0000,-0.0000,0.0000,0.0000
2026-06-06 16:39:48.151,0,2,2,0.00,0.0001,0.0003,-0.0142,0.0227,0.0000,-0.0000,0.0000,0.0000
2026-06-06 16:39:48.250,0,2,2,0.00,-0.0001,0.0000,-0.0142,0.0227,0.0000,-0.0000,0.0000,0.0000
2026-06-06 16:39:48.350,0,2,2,0.00,0.0000,0.0001,-0.0142,0.0227,0.0000,-0.0000,0.0000,0.0000
2026-06-06 16:39:48.450,0,2,2,0.00,-0.0001,0.0001,-0.0142,0.0227,0.0000,-0.0000,0.0000,0.0000
2026-06-06 16:39:48.550,0,2,2,0.00,0.0000,0.0000,-0.0142,0.0227,0.0000,-0.0000,0.0000,0.0000
2026-06-06 16:39:48.650,0,2,2,0.00,0.0000,-0.0001,-0.0142,0.0227,0.0000,-0.0000,0.0000,0.0000
2026-06-06 16:39:48.750,0,2,2,0.00,-0.0001,-0.0003,-0.0142,0.0227,0.0000,-0.0000,0.0000,0.0000
2026-06-06 16:39:48.850,0,2,2,0.00,-0.0001,0.0000,-0.0142,0.0227,0.0000,-0.0000,0.0000,0.0000
2026-06-06 16:39:48.950,0,2,2,0.00,0.0000,-0.0003,-0.0142,0.0227,0.0000,-0.0000,0.0000,0.0000
2026-06-06 16:39:49.050,0,2,2,0.00,0.0001,-0.0003,-0.0142,0.0227,0.0000,-0.0000,0.0000,0.0000
2026-06-06 16:39:49.150,0,2,2,0.00,-0.0001,0.0001,-0.0142,0.0227,0.0000,-0.0000,0.0000,0.0000
2026-06-06 16:39:49.250,0,2,2,0.00,0.0000,0.0000,-0.0142,0.0227,0.0000,-0.0000,0.0000,0.0000
2026-06-06 16:39:49.350,0,2,2,0.00,0.0000,0.0000,-0.0142,0.0227,0.0000,-0.0000,0.0000,0.0000
2026-06-06 16:39:49.450,0,2,2,0.00,0.0000,-0.0001,-0.0142,0.0227,0.0000,-0.0000,0.0000,0.0000
2026-06-06 16:39:49.551,0,2,2,0.00,-0.0001,0.0001,-0.0142,0.0227,0.0000,-0.0000,0.0000,0.0000
2026-06-06 16:39:49.650,0,2,2,0.00,-0.0001,0.0000,-0.0142,0.0227,0.0000,-0.0000,0.0000,0.0000
2026-06-06 16:39:49.750,0,2,2,0.00,0.0001,0.0000,-0.0142,0.0227,0.0000,-0.0000,0.0000,0.0000
2026-06-06 16:39:49.850,0,2,2,0.00,0.0000,-0.0003,-0.0142,0.0227,0.0000,-0.0000,0.0000,0.0000
2026-06-06 16:39:49.950,0,2,2,0.00,0.0000,-0.0005,-0.0142,0.0227,0.0000,-0.0000,0.0000,0.0000
2026-06-06 16:39:50.050,0,2,2,0.00,0.0000,0.0003,-0.0142,0.0227,0.0000,-0.0000,0.0000,0.0000
2026-06-06 16:39:50.151,0,2,2,0.00,-0.0001,0.0000,-0.0142,0.0227,0.0000,-0.0000,0.0000,0.0000
2026-06-06 16:39:50.250,0,2,2,0.00,0.0001,0.0000,-0.0142,0.0227,0.0000,-0.0000,0.0000,0.0000
2026-06-06 16:39:50.350,0,2,2,0.00,0.0000,0.0001,-0.0142,0.0227,0.0000,-0.0000,0.0000,0.0000
2026-06-06 16:39:50.450,0,2,2,0.00,0.0000,0.0001,-0.0142,0.0227,0.0000,-0.0000,0.0000,0.0000
2026-06-06 16:39:50.550,0,2,2,0.00,-0.0003,0.0000,-0.0142,0.0227,0.0000,-0.0000,0.0000,0.0000
2026-06-06 16:39:50.650,0,2,2,0.00,-0.0001,-0.0003,-0.0142,0.0227,0.0000,-0.0000,0.0000,0.0000
2026-06-06 16:39:50.750,0,2,2,0.00,0.0000,0.0000,-0.0142,0.0227,0.0000,-0.0000,0.0000,0.0000
2026-06-06 16:39:50.850,0,2,2,0.00,0.0000,0.0000,-0.0142,0.0227,0.0000,-0.0000,0.0000,0.0000
2026-06-06 16:39:50.950,0,2,2,0.00,0.0000,0.0000,-0.0142,0.0227,0.0000,-0.0000,0.0000,0.0000
2026-06-06 16:39:51.050,0,2,2,0.00,-0.0001,0.0000,-0.0142,0.0227,0.0000,-0.0000,0.0000,0.0000
2026-06-06 16:39:51.150,0,2,2,0.00,-0.0001,-0.0001,-0.0142,0.0227,0.0000,-0.0000,0.0000,0.0000
2026-06-06 16:39:51.250,0,2,2,0.00,-0.0003,0.0000,-0.0142,0.0227,0.0000,-0.0000,0.0000,0.0000
2026-06-06 16:39:51.351,0,2,2,0.00,-0.0003,0.0000,-0.0142,0.0227,0.0000,-0.0000,0.0000,0.0000
2026-06-06 16:39:51.450,0,2,2,0.00,0.0005,0.0000,-0.0142,0.0227,0.0000,-0.0000,0.0000,0.0000
2026-06-06 16:39:51.550,0,2,2,0.00,-0.0001,0.0001,-0.0142,0.0227,0.0000,-0.0000,0.0000,0.0000
2026-06-06 16:39:51.650,0,2,2,0.00,-0.0001,0.0000,-0.0142,0.0227,0.0000,-0.0000,0.0000,0.0000
2026-06-06 16:39:51.750,0,2,2,0.00,0.0000,0.0001,-0.0142,0.0227,0.0000,-0.0000,0.0000,0.0000
2026-06-06 16:39:51.850,0,2,2,0.00,0.0000,0.0000,-0.0142,0.0227,0.0000,-0.0000,0.0000,0.0000
2026-06-06 16:39:51.950,0,2,2,0.00,0.0000,0.0000,-0.0142,0.0227,0.0000,-0.0000,0.0000,0.0000
2026-06-06 16:39:52.050,0,2,2,0.00,-0.0001,0.0000,-0.0142,0.0227,0.0000,-0.0000,0.0000,0.0000
2026-06-06 16:39:52.150,0,2,2,0.00,0.0000,0.0000,-0.0142,0.0227,0.0000,-0.0000,0.0000,0.0000
2026-06-06 16:39:52.250,0,2,2,0.00,-0.0001,0.0000,-0.0142,0.0227,0.0000,-0.0000,0.0000,0.0000
2026-06-06 16:39:52.350,0,2,2,0.00,0.0000,0.0000,-0.0142,0.0227,0.0000,-0.0000,0.0000,0.0000
2026-06-06 16:39:52.450,0,2,2,0.00,0.0004,0.0000,-0.0142,0.0227,0.0000,-0.0000,0.0000,0.0000
2026-06-06 16:39:52.550,0,2,2,0.00,0.0001,0.0000,-0.0142,0.0227,0.0000,-0.0000,0.0000,0.0000
2026-06-06 16:39:52.653,0,2,2,0.00,0.0003,0.0001,-0.0142,0.0227,0.0000,-0.0000,0.0000,0.0000
2026-06-06 16:39:52.750,0,2,2,0.00,-0.0001,0.0000,-0.0142,0.0227,0.0000,-0.0000,0.0000,0.0000
2026-06-06 16:39:52.850,0,2,2,0.00,0.0000,0.0001,-0.0142,0.0227,0.0000,-0.0000,0.0000,0.0000
2026-06-06 16:39:52.950,0,2,2,0.00,-0.0001,0.0004,-0.0142,0.0227,0.0000,-0.0000,0.0000,0.0000
2026-06-06 16:39:53.050,0,2,2,0.00,0.0000,0.0000,-0.0142,0.0227,0.0000,-0.0000,0.0000,0.0000
2026-06-06 16:39:53.150,0,2,2,0.00,0.0000,0.0000,-0.0142,0.0227,0.0000,-0.0000,0.0000,0.0000
2026-06-06 16:39:53.250,0,2,2,0.00,0.0000,0.0000,-0.0142,0.0227,0.0000,-0.0000,0.0000,0.0000
2026-06-06 16:39:53.350,0,2,2,0.00,0.0000,0.0000,-0.0142,0.0227,0.0000,-0.0000,0.0000,0.0000
2026-06-06 16:39:53.450,0,2,2,0.00,0.0001,0.0000,-0.0142,0.0227,0.0000,-0.0000,0.0000,0.0000
2026-06-06 16:39:53.550,0,2,2,0.00,0.0000,0.0000,-0.0142,0.0227,0.0000,-0.0000,0.0000,0.0000
2026-06-06 16:39:53.650,0,2,2,0.00,0.0001,0.0001,-0.0142,0.0227,0.0000,-0.0000,0.0000,0.0000
2026-06-06 16:39:53.750,0,2,2,0.00,-0.0003,0.0001,-0.0142,0.0227,0.0000,-0.0000,0.0000,0.0000
2026-06-06 16:39:53.850,0,2,2,0.00,0.0000,0.0000,-0.0142,0.0227,0.0000,-0.0000,0.0000,0.0000
2026-06-06 16:39:53.950,0,2,2,0.00,-0.0004,-0.0007,-0.0142,0.0227,0.0000,-0.0000,0.0000,0.0000
2026-06-06 16:39:54.050,0,2,2,0.00,0.0003,-0.0001,-0.0142,0.0227,0.0000,-0.0000,0.0000,0.0000
2026-06-06 16:39:54.150,0,2,2,0.00,0.0000,0.0001,-0.0142,0.0227,0.0000,-0.0000,0.0000,0.0000
2026-06-06 16:39:54.250,0,2,2,0.00,-0.0001,-0.0001,-0.0142,0.0227,0.0000,-0.0000,0.0000,0.0000
2026-06-06 16:39:54.350,0,2,2,0.00,0.0000,0.0000,-0.0142,0.0227,0.0000,-0.0000,0.0000,0.0000
2026-06-06 16:39:54.450,0,2,2,0.00,0.0000,0.0000,-0.0142,0.0227,0.0000,-0.0000,0.0000,0.0000
2026-06-06 16:39:54.550,0,2,2,0.00,0.0000,0.0000,-0.0142,0.0227,0.0000,-0.0000,0.0000,0.0000
2026-06-06 16:39:54.650,0,2,2,0.00,-0.0001,-0.0001,-0.0142,0.0227,0.0000,-0.0000,0.0000,0.0000
2026-06-06 16:39:54.750,0,2,2,0.00,0.0000,0.0000,-0.0142,0.0227,0.0000,-0.0000,0.0000,0.0000
2026-06-06 16:39:54.850,0,2,2,0.00,0.0000,0.0003,-0.0142,0.0227,0.0000,-0.0000,0.0000,0.0000
2026-06-06 16:39:54.950,0,2,2,0.00,0.0004,0.0000,-0.0142,0.0227,0.0000,-0.0000,0.0000,0.0000
2026-06-06 16:39:55.050,0,2,2,0.00,0.0000,0.0000,-0.0142,0.0227,0.0000,-0.0000,0.0000,0.0000
2026-06-06 16:39:55.150,0,2,2,0.00,0.0000,0.0000,-0.0142,0.0227,0.0000,-0.0000,0.0000,0.0000
2026-06-06 16:39:55.250,0,2,2,0.00,0.0000,0.0000,-0.0142,0.0227,0.0000,-0.0000,0.0000,0.0000
2026-06-06 16:39:55.350,0,2,2,0.00,0.0001,-0.0005,-0.0142,0.0227,0.0000,-0.0000,0.0000,0.0000
2026-06-06 16:39:55.450,0,2,2,0.00,0.0003,0.0000,-0.0142,0.0227,0.0000,-0.0000,0.0000,0.0000
2026-06-06 16:39:55.550,0,2,2,0.00,0.0000,0.0003,-0.0142,0.0227,0.0000,-0.0000,0.0000,0.0000
2026-06-06 16:39:55.650,0,2,2,0.00,0.0000,0.0001,-0.0142,0.0227,0.0000,-0.0000,0.0000,0.0000
2026-06-06 16:39:55.750,0,2,2,0.00,0.0000,-0.0001,-0.0142,0.0227,0.0000,-0.0000,0.0000,0.0000
2026-06-06 16:39:55.850,0,2,2,0.00,0.0005,0.0001,-0.0142,0.0227,0.0000,-0.0000,0.0000,0.0000
2026-06-06 16:39:55.950,0,2,2,0.00,0.0001,0.0000,-0.0142,0.0227,0.0000,-0.0000,0.0000,0.0000
2026-06-06 16:39:56.051,0,2,2,0.00,0.0000,0.0001,-0.0142,0.0227,0.0000,-0.0000,0.0000,0.0000
2026-06-06 16:39:56.150,0,2,2,0.00,-0.0003,0.0001,-0.0142,0.0227,0.0000,-0.0000,0.0000,0.0000
2026-06-06 16:39:56.250,0,2,2,0.00,0.0001,0.0000,-0.0142,0.0227,0.0000,-0.0000,0.0000,0.0000
2026-06-06 16:39:56.350,0,2,2,0.00,0.0000,0.0001,-0.0142,0.0227,0.0000,-0.0000,0.0000,0.0000
2026-06-06 16:39:56.450,0,2,2,0.00,0.0000,0.0003,-0.0142,0.0227,0.0000,-0.0000,0.0000,0.0000
2026-06-06 16:39:56.550,0,2,2,0.00,0.0001,-0.0003,-0.0142,0.0227,0.0000,-0.0000,0.0000,0.0000
2026-06-06 16:39:56.650,0,2,2,0.00,0.0000,0.0001,-0.0142,0.0227,0.0000,-0.0000,0.0000,0.0000
2026-06-06 16:39:56.750,0,2,2,0.00,0.0000,-0.0001,-0.0142,0.0227,0.0000,-0.0000,0.0000,0.0000
2026-06-06 16:39:56.850,0,2,2,0.00,0.0004,0.0000,-0.0142,0.0227,0.0000,-0.0000,0.0000,0.0000
2026-06-06 16:39:56.950,0,2,2,0.00,0.0000,-0.0001,-0.0142,0.0227,0.0000,-0.0000,0.0000,0.0000
2026-06-06 16:39:57.050,0,2,2,0.00,-0.0004,0.0000,-0.0142,0.0227,0.0000,-0.0000,0.0000,0.0000
2026-06-06 16:39:57.150,0,2,2,0.00,-0.0001,-0.0003,-0.0142,0.0227,0.0000,-0.0000,0.0000,0.0000
2026-06-06 16:39:57.250,0,2,2,0.00,0.0003,0.0001,-0.0142,0.0227,0.0000,-0.0000,0.0000,0.0000
2026-06-06 16:39:57.350,0,1,2,0.00,0.0003,0.0001,-0.0142,0.0227,0.0000,-0.0000,0.0000,0.0000
2026-06-06 16:39:57.450,0,2,2,0.00,0.0000,-0.0001,-0.0142,0.0227,0.0000,-0.0000,0.0000,0.0000
2026-06-06 16:39:57.550,0,2,2,0.00,0.0000,-0.0003,-0.0142,0.0227,0.0000,-0.0000,0.0000,0.0000
2026-06-06 16:39:57.650,0,2,2,0.00,0.0003,0.0000,-0.0142,0.0227,0.0000,-0.0000,0.0000,0.0000
2026-06-06 16:39:57.750,0,2,2,0.00,-0.0001,0.0000,-0.0142,0.0227,0.0000,-0.0000,0.0000,0.0000
2026-06-06 16:39:57.850,0,2,2,0.00,-0.0003,0.0004,-0.0142,0.0227,0.0000,-0.0000,0.0000,0.0000
2026-06-06 16:39:57.950,0,2,2,0.00,0.0000,0.0001,-0.0142,0.0227,0.0000,-0.0000,0.0000,0.0000
2026-06-06 16:39:58.050,0,2,2,0.00,0.0001,0.0000,-0.0142,0.0227,0.0000,-0.0000,0.0000,0.0000
2026-06-06 16:39:58.150,0,2,2,0.00,-0.0003,-0.0001,-0.0142,0.0227,0.0000,-0.0000,0.0000,0.0000
2026-06-06 16:39:58.250,0,2,2,0.00,-0.0003,0.0000,-0.0142,0.0227,0.0000,-0.0000,0.0000,0.0000
2026-06-06 16:39:58.350,0,2,2,0.00,0.0000,0.0000,-0.0142,0.0227,0.0000,-0.0000,0.0000,0.0000
2026-06-06 16:39:58.450,0,2,2,0.00,0.0000,0.0000,-0.0142,0.0227,0.0000,-0.0000,0.0000,0.0000
2026-06-06 16:39:58.550,0,2,2,0.00,0.0000,0.0003,-0.0142,0.0227,0.0000,-0.0000,0.0000,0.0000
2026-06-06 16:39:58.650,0,2,2,0.00,0.0000,0.0000,-0.0142,0.0227,0.0000,-0.0000,0.0000,0.0000
2026-06-06 16:39:58.750,0,2,2,0.00,0.0000,0.0000,-0.0142,0.0227,0.0000,-0.0000,0.0000,0.0000
2026-06-06 16:39:58.850,0,2,2,0.00,0.0000,-0.0001,-0.0142,0.0227,0.0000,-0.0000,0.0000,0.0000
2026-06-06 16:39:58.950,0,2,2,0.00,0.0000,0.0001,-0.0142,0.0227,0.0000,-0.0000,0.0000,0.0000
2026-06-06 16:39:59.050,0,2,2,0.00,0.0001,-0.0001,-0.0142,0.0227,0.0000,-0.0000,0.0000,0.0000
2026-06-06 16:39:59.152,0,2,2,0.00,0.0000,0.0001,-0.0142,0.0227,0.0000,-0.0000,0.0000,0.0000
2026-06-06 16:39:59.257,0,2,2,0.00,0.0000,0.0000,-0.0142,0.0227,0.0000,-0.0000,0.0000,0.0000
2026-06-06 16:39:59.350,0,2,2,0.00,0.0000,0.0000,-0.0142,0.0227,0.0000,-0.0000,0.0000,0.0000
2026-06-06 16:39:59.450,0,2,2,0.00,0.0000,-0.0001,-0.0142,0.0227,0.0000,-0.0000,0.0000,0.0000
2026-06-06 16:39:59.550,0,2,2,0.00,0.0000,0.0000,-0.0142,0.0227,0.0000,-0.0000,0.0000,0.0000
2026-06-06 16:39:59.650,0,2,2,0.00,0.0000,0.0000,-0.0142,0.0227,0.0000,-0.0000,0.0000,0.0000
2026-06-06 16:39:59.750,0,2,2,0.00,0.0004,0.0000,-0.0142,0.0227,0.0000,-0.0000,0.0000,0.0000
2026-06-06 16:39:59.850,0,2,2,0.00,-0.0001,0.0000,-0.0142,0.0227,0.0000,-0.0000,0.0000,0.0000
2026-06-06 16:39:59.950,0,2,2,0.00,0.0000,-0.0001,-0.0142,0.0227,0.0000,-0.0000,0.0000,0.0000
2026-06-06 16:40:00.050,0,2,2,0.00,0.0001,0.0000,-0.0142,0.0227,0.0000,-0.0000,0.0000,0.0000
2026-06-06 16:40:00.150,0,2,2,0.00,0.0001,0.0000,-0.0142,0.0227,0.0000,-0.0000,0.0000,0.0000
2026-06-06 16:40:00.250,0,2,2,0.00,-0.0001,-0.0001,-0.0142,0.0227,0.0000,-0.0000,0.0000,0.0000
2026-06-06 16:40:00.350,0,2,2,0.00,-0.0003,-0.0001,-0.0142,0.0227,0.0000,-0.0000,0.0000,0.0000
2026-06-06 16:40:00.450,0,2,2,0.00,0.0000,0.0001,-0.0142,0.0227,0.0000,-0.0000,0.0000,0.0000
2026-06-06 16:40:00.550,0,2,2,0.00,-0.0001,0.0003,-0.0142,0.0227,0.0000,-0.0000,0.0000,0.0000
2026-06-06 16:40:00.650,0,2,2,0.00,0.0000,0.0000,-0.0142,0.0227,0.0000,-0.0000,0.0000,0.0000
2026-06-06 16:40:00.750,0,2,2,0.00,0.0000,0.0000,-0.0142,0.0227,0.0000,-0.0000,0.0000,0.0000
2026-06-06 16:40:00.852,0,1,2,0.00,0.0000,-0.0001,-0.0142,0.0227,0.0000,-0.0000,0.0000,0.0000
2026-06-06 16:40:00.950,0,2,2,0.00,-0.0001,0.0000,-0.0142,0.0227,0.0000,-0.0000,0.0000,0.0000
2026-06-06 16:40:01.050,0,2,2,0.00,-0.0001,0.0001,-0.0142,0.0227,0.0000,-0.0000,0.0000,0.0000
2026-06-06 16:40:01.150,0,2,2,0.00,-0.0001,0.0000,-0.0142,0.0227,0.0000,-0.0000,0.0000,0.0000
2026-06-06 16:40:01.250,0,2,2,0.00,0.0000,0.0000,-0.0142,0.0227,0.0000,-0.0000,0.0000,0.0000
2026-06-06 16:40:01.350,0,2,2,0.00,0.0000,0.0001,-0.0142,0.0227,0.0000,-0.0000,0.0000,0.0000
2026-06-06 16:40:01.450,0,2,2,0.00,0.0001,-0.0001,-0.0142,0.0227,0.0000,-0.0000,0.0000,0.0000
2026-06-06 16:40:01.551,0,2,2,0.00,0.0000,0.0000,-0.0142,0.0227,0.0000,-0.0000,0.0000,0.0000
2026-06-06 16:40:01.650,0,2,2,0.00,0.0000,0.0001,-0.0142,0.0227,0.0000,-0.0000,0.0000,0.0000
2026-06-06 16:40:01.750,0,2,2,0.00,-0.0003,0.0003,-0.0142,0.0227,0.0000,-0.0000,0.0000,0.0000
2026-06-06 16:40:01.850,0,2,2,0.00,0.0003,0.0001,-0.0142,0.0227,0.0000,-0.0000,0.0000,0.0000
2026-06-06 16:40:01.950,0,2,2,0.00,0.0000,0.0001,-0.0142,0.0227,0.0000,-0.0000,0.0000,0.0000
2026-06-06 16:40:02.050,0,2,2,0.00,0.0000,-0.0003,-0.0142,0.0227,0.0000,-0.0000,0.0000,0.0000
2026-06-06 16:40:02.150,0,2,2,0.00,0.0000,-0.0001,-0.0142,0.0227,0.0000,-0.0000,0.0000,0.0000
2026-06-06 16:40:02.250,0,2,2,0.00,-0.0001,-0.0001,-0.0142,0.0227,0.0000,-0.0000,0.0000,0.0000
2026-06-06 16:40:02.350,0,2,2,0.00,0.0000,0.0001,-0.0142,0.0227,0.0000,-0.0000,0.0000,0.0000
2026-06-06 16:40:02.450,0,2,2,0.00,0.0000,0.0000,-0.0142,0.0227,0.0000,-0.0000,0.0000,0.0000
2026-06-06 16:40:02.550,0,2,2,0.00,0.0001,0.0000,-0.0142,0.0227,0.0000,-0.0000,0.0000,0.0000
2026-06-06 16:40:02.651,0,2,2,0.00,0.0000,0.0000,-0.0142,0.0227,0.0000,-0.0000,0.0000,0.0000
2026-06-06 16:40:02.752,0,2,2,0.00,0.0000,0.0000,-0.0142,0.0227,0.0000,-0.0000,0.0000,0.0000
2026-06-06 16:40:02.850,0,2,2,0.00,0.0000,0.0001,-0.0142,0.0227,0.0000,-0.0000,0.0000,0.0000
2026-06-06 16:40:02.950,0,2,2,0.00,0.0001,0.0000,-0.0142,0.0227,0.0000,-0.0000,0.0000,0.0000
2026-06-06 16:40:03.050,0,2,2,0.00,0.0001,0.0000,-0.0142,0.0227,0.0000,-0.0000,0.0000,0.0000
2026-06-06 16:40:03.150,0,2,2,0.00,-0.0001,0.0000,-0.0142,0.0227,0.0000,-0.0000,0.0000,0.0000
2026-06-06 16:40:03.252,0,2,2,0.00,-0.0003,0.0000,-0.0142,0.0227,0.0000,-0.0000,0.0000,0.0000
2026-06-06 16:40:03.350,0,2,2,0.00,0.0000,0.0000,-0.0142,0.0227,0.0000,-0.0000,0.0000,0.0000
2026-06-06 16:40:03.450,0,2,2,0.00,0.0000,0.0000,-0.0142,0.0227,0.0000,-0.0000,0.0000,0.0000
2026-06-06 16:40:03.550,0,2,2,0.00,0.0000,0.0003,-0.0142,0.0227,0.0000,-0.0000,0.0000,0.0000
2026-06-06 16:40:03.650,0,2,2,0.00,0.0003,0.0003,-0.0142,0.0227,0.0000,-0.0000,0.0000,0.0000
2026-06-06 16:40:03.750,0,2,2,0.00,0.0000,-0.0001,-0.0142,0.0227,0.0000,-0.0000,0.0000,0.0000
2026-06-06 16:40:03.850,0,2,2,0.00,0.0000,0.0000,-0.0142,0.0227,0.0000,-0.0000,0.0000,0.0000
2026-06-06 16:40:03.950,0,2,2,0.00,-0.0005,0.0000,-0.0142,0.0227,0.0000,-0.0000,0.0000,0.0000
2026-06-06 16:40:04.050,0,2,2,0.00,0.0000,-0.0001,-0.0142,0.0227,0.0000,-0.0000,0.0000,0.0000
2026-06-06 16:40:04.150,0,2,2,0.00,0.0000,0.0001,-0.0142,0.0227,0.0000,-0.0000,0.0000,0.0000
2026-06-06 16:40:04.250,0,2,2,0.00,-0.0004,-0.0001,-0.0142,0.0227,0.0000,-0.0000,0.0000,0.0000
2026-06-06 16:40:04.350,0,2,2,0.00,-0.0001,0.0000,-0.0142,0.0227,0.0000,-0.0000,0.0000,0.0000
2026-06-06 16:40:04.450,0,2,2,0.00,0.0000,0.0000,-0.0142,0.0227,0.0000,-0.0000,0.0000,0.0000
2026-06-06 16:40:04.550,0,2,2,0.00,0.0000,0.0000,-0.0142,0.0227,0.0000,-0.0000,0.0000,0.0000
2026-06-06 16:40:04.650,0,2,2,0.00,0.0000,0.0001,-0.0142,0.0227,0.0000,-0.0000,0.0000,0.0000
2026-06-06 16:40:04.750,0,2,2,0.00,-0.0001,0.0000,-0.0142,0.0227,0.0000,-0.0000,0.0000,0.0000
2026-06-06 16:40:04.850,0,2,2,0.00,-0.0003,-0.0001,-0.0142,0.0227,0.0000,-0.0000,0.0000,0.0000
2026-06-06 16:40:04.950,0,2,2,0.00,0.0003,0.0000,-0.0142,0.0227,0.0000,-0.0000,0.0000,0.0000
2026-06-06 16:40:05.050,0,1,2,0.00,0.0000,0.0001,-0.0142,0.0227,0.0000,-0.0000,0.0000,0.0000
2026-06-06 16:40:05.153,0,2,2,0.00,0.0001,0.0000,-0.0142,0.0227,0.0000,-0.0000,0.0000,0.0000
2026-06-06 16:40:05.250,0,1,2,0.00,0.0000,0.0000,-0.0142,0.0227,0.0000,-0.0000,0.0000,0.0000
2026-06-06 16:40:05.350,0,2,2,0.00,-0.0005,0.0001,-0.0142,0.0227,0.0000,-0.0000,0.0000,0.0000
2026-06-06 16:40:05.450,0,2,2,0.00,0.0001,0.0000,-0.0142,0.0227,0.0000,-0.0000,0.0000,0.0000
2026-06-06 16:40:05.550,0,2,2,0.00,-0.0001,0.0000,-0.0142,0.0227,0.0000,-0.0000,0.0000,0.0000
2026-06-06 16:40:05.650,0,2,2,0.00,0.0001,0.0001,-0.0142,0.0227,0.0000,-0.0000,0.0000,0.0000
2026-06-06 16:40:05.750,0,2,2,0.00,-0.0001,0.0000,-0.0142,0.0227,0.0000,-0.0000,0.0000,0.0000
2026-06-06 16:40:05.850,0,2,2,0.00,0.0001,-0.0001,-0.0142,0.0227,0.0000,-0.0000,0.0000,0.0000
2026-06-06 16:40:05.950,0,2,2,0.00,0.0000,0.0001,-0.0142,0.0227,0.0000,-0.0000,0.0000,0.0000
2026-06-06 16:40:06.050,0,2,2,0.00,-0.0001,-0.0001,-0.0142,0.0227,0.0000,-0.0000,0.0000,0.0000
2026-06-06 16:40:06.150,0,1,2,0.00,-0.0003,0.0000,-0.0142,0.0227,0.0000,-0.0000,0.0000,0.0000
2026-06-06 16:40:06.251,0,2,2,0.00,0.0001,0.0000,-0.0142,0.0227,0.0000,-0.0000,0.0000,0.0000
2026-06-06 16:40:06.350,0,2,2,0.00,0.0000,0.0000,-0.0142,0.0227,0.0000,-0.0000,0.0000,0.0000
2026-06-06 16:40:06.450,0,2,2,0.00,0.0000,0.0000,-0.0142,0.0227,0.0000,-0.0000,0.0000,0.0000
2026-06-06 16:40:06.550,0,2,2,0.00,0.0001,0.0000,-0.0142,0.0227,0.0000,-0.0000,0.0000,0.0000
2026-06-06 16:40:06.650,0,2,2,0.00,0.0001,0.0001,-0.0142,0.0227,0.0000,-0.0000,0.0000,0.0000
2026-06-06 16:40:06.750,0,2,2,0.00,-0.0001,-0.0001,-0.0142,0.0227,0.0000,-0.0000,0.0000,0.0000
2026-06-06 16:40:06.850,0,2,2,0.00,-0.0005,-0.0001,-0.0142,0.0227,0.0000,-0.0000,0.0000,0.0000
2026-06-06 16:40:06.950,0,2,2,0.00,-0.0004,0.0003,-0.0142,0.0227,0.0000,-0.0000,0.0000,0.0000
2026-06-06 16:40:07.050,0,2,2,0.00,0.0000,0.0004,-0.0142,0.0227,0.0000,-0.0000,0.0000,0.0000
2026-06-06 16:40:07.150,0,2,2,0.00,-0.0001,0.0000,-0.0142,0.0227,0.0000,-0.0000,0.0000,0.0000
2026-06-06 16:40:07.250,0,2,2,0.00,-0.0001,0.0005,-0.0142,0.0227,0.0000,-0.0000,0.0000,0.0000
2026-06-06 16:40:07.350,0,2,2,0.00,0.0000,-0.0003,-0.0142,0.0227,0.0000,-0.0000,0.0000,0.0000
2026-06-06 16:40:07.450,0,2,2,0.00,0.0000,-0.0001,-0.0142,0.0227,0.0000,-0.0000,0.0000,0.0000
2026-06-06 16:40:07.550,0,2,2,0.00,0.0000,0.0000,-0.0142,0.0227,0.0000,-0.0000,0.0000,0.0000
2026-06-06 16:40:07.650,0,2,2,0.00,0.0000,0.0000,-0.0142,0.0227,0.0000,-0.0000,0.0000,0.0000
2026-06-06 16:40:07.750,0,2,2,0.00,0.0000,0.0000,-0.0142,0.0227,0.0000,-0.0000,0.0000,0.0000
2026-06-06 16:40:07.850,0,2,2,0.00,0.0001,-0.0003,-0.0142,0.0227,0.0000,-0.0000,0.0000,0.0000
2026-06-06 16:40:07.950,0,2,2,0.00,0.0000,-0.0001,-0.0142,0.0227,0.0000,-0.0000,0.0000,0.0000
2026-06-06 16:40:08.050,0,2,2,0.00,0.0000,0.0000,-0.0142,0.0227,0.0000,-0.0000,0.0000,0.0000
2026-06-06 16:40:08.150,0,2,2,0.00,0.0000,-0.0001,-0.0142,0.0227,0.0000,-0.0000,0.0000,0.0000
2026-06-06 16:40:08.250,0,2,2,0.00,0.0001,-0.0001,-0.0142,0.0227,0.0000,-0.0000,0.0000,0.0000
2026-06-06 16:40:08.350,0,2,2,0.00,0.0000,-0.0001,-0.0142,0.0227,0.0000,-0.0000,0.0000,0.0000
2026-06-06 16:40:08.450,0,2,2,0.00,0.0007,-0.0001,-0.0142,0.0227,0.0000,-0.0000,0.0000,0.0000
2026-06-06 16:40:08.550,0,2,2,0.00,0.0003,-0.0001,-0.0142,0.0227,0.0000,-0.0000,0.0000,0.0000
2026-06-06 16:40:08.652,0,2,2,0.00,0.0001,0.0001,-0.0142,0.0227,0.0000,-0.0000,0.0000,0.0000
2026-06-06 16:40:08.750,0,2,2,0.00,-0.0001,0.0000,-0.0142,0.0227,0.0000,-0.0000,0.0000,0.0000
2026-06-06 16:40:08.850,0,2,2,0.00,0.0000,0.0001,-0.0142,0.0227,0.0000,-0.0000,0.0000,0.0000
2026-06-06 16:40:08.950,0,2,2,0.00,0.0001,0.0001,-0.0142,0.0227,0.0000,-0.0000,0.0000,0.0000
2026-06-06 16:40:09.050,0,2,2,0.00,0.0003,0.0000,-0.0142,0.0227,0.0000,-0.0000,0.0000,0.0000
2026-06-06 16:40:09.150,0,2,2,0.00,0.0001,-0.0001,-0.0142,0.0227,0.0000,-0.0000,0.0000,0.0000
2026-06-06 16:40:09.250,0,2,2,0.00,-0.0001,0.0001,-0.0142,0.0227,0.0000,-0.0000,0.0000,0.0000
2026-06-06 16:40:09.350,0,2,2,0.00,0.0000,0.0000,-0.0142,0.0227,0.0000,-0.0000,0.0000,0.0000
2026-06-06 16:40:09.450,0,2,2,0.00,0.0000,-0.0001,-0.0142,0.0227,0.0000,-0.0000,0.0000,0.0000
2026-06-06 16:40:09.550,0,2,2,0.00,0.0001,0.0001,-0.0142,0.0227,0.0000,-0.0000,0.0000,0.0000
2026-06-06 16:40:09.650,0,2,2,0.00,-0.0001,0.0000,-0.0142,0.0227,0.0000,-0.0000,0.0000,0.0000
2026-06-06 16:40:09.750,0,1,2,0.00,0.0000,0.0000,-0.0142,0.0227,0.0000,-0.0000,0.0000,0.0000
2026-06-06 16:40:09.850,0,2,2,0.00,0.0000,-0.0001,-0.0142,0.0227,0.0000,-0.0000,0.0000,0.0000
2026-06-06 16:40:09.950,0,2,2,0.00,-0.0001,-0.0004,-0.0142,0.0227,0.0000,-0.0000,0.0000,0.0000
2026-06-06 16:40:10.050,0,2,2,0.00,-0.0001,0.0000,-0.0142,0.0227,0.0000,-0.0000,0.0000,0.0000
2026-06-06 16:40:10.150,0,2,2,0.00,-0.0003,-0.0001,-0.0142,0.0227,0.0000,-0.0000,0.0000,0.0000
2026-06-06 16:40:10.250,0,2,2,0.00,-0.0001,-0.0001,-0.0142,0.0227,0.0000,-0.0000,0.0000,0.0000
2026-06-06 16:40:10.351,0,2,2,0.00,0.0001,0.0000,-0.0142,0.0227,0.0000,-0.0000,0.0000,0.0000
2026-06-06 16:40:10.450,0,2,2,0.00,0.0001,0.0000,-0.0142,0.0227,0.0000,-0.0000,0.0000,0.0000
2026-06-06 16:40:10.550,0,2,2,0.00,0.0000,0.0001,-0.0142,0.0227,0.0000,-0.0000,0.0000,0.0000
2026-06-06 16:40:10.650,0,2,2,0.00,0.0000,-0.0004,-0.0142,0.0227,0.0000,-0.0000,0.0000,0.0000
2026-06-06 16:40:10.750,0,2,2,0.00,0.0003,0.0000,-0.0142,0.0227,0.0000,-0.0000,0.0000,0.0000
2026-06-06 16:40:10.850,0,2,2,0.00,0.0003,0.0000,-0.0142,0.0227,0.0000,-0.0000,0.0000,0.0000
2026-06-06 16:40:10.952,0,2,2,0.00,0.0001,0.0000,-0.0142,0.0227,0.0000,-0.0000,0.0000,0.0000
2026-06-06 16:40:11.050,0,2,2,0.00,0.0000,0.0000,-0.0142,0.0227,0.0000,-0.0000,0.0000,0.0000
2026-06-06 16:40:11.150,0,2,2,0.00,-0.0001,0.0001,-0.0142,0.0227,0.0000,-0.0000,0.0000,0.0000
2026-06-06 16:40:11.250,0,2,2,0.00,-0.0001,-0.0001,-0.0142,0.0227,0.0000,-0.0000,0.0000,0.0000
2026-06-06 16:40:11.350,0,2,2,0.00,-0.0001,-0.0003,-0.0142,0.0227,0.0000,-0.0000,0.0000,0.0000
2026-06-06 16:40:11.450,0,2,2,0.00,0.0001,0.0000,-0.0142,0.0227,0.0000,-0.0000,0.0000,0.0000
2026-06-06 16:40:11.550,0,2,2,0.00,-0.0001,-0.0001,-0.0142,0.0227,0.0000,-0.0000,0.0000,0.0000
2026-06-06 16:40:11.650,0,2,2,0.00,0.0000,0.0000,-0.0142,0.0227,0.0000,-0.0000,0.0000,0.0000
2026-06-06 16:40:11.750,0,2,2,0.00,-0.0001,0.0001,-0.0142,0.0227,0.0000,-0.0000,0.0000,0.0000
2026-06-06 16:40:11.850,0,2,2,0.00,0.0003,-0.0003,-0.0142,0.0227,0.0000,-0.0000,0.0000,0.0000
2026-06-06 16:40:11.950,0,2,2,0.00,0.0000,0.0000,-0.0142,0.0227,0.0000,-0.0000,0.0000,0.0000
2026-06-06 16:40:12.050,0,2,2,0.00,0.0001,0.0000,-0.0142,0.0227,0.0000,-0.0000,0.0000,0.0000
2026-06-06 16:40:12.150,0,2,2,0.00,0.0000,0.0000,-0.0142,0.0227,0.0000,-0.0000,0.0000,0.0000
2026-06-06 16:40:12.250,0,2,2,0.00,0.0000,0.0000,-0.0142,0.0227,0.0000,-0.0000,0.0000,0.0000
2026-06-06 16:40:12.350,0,2,2,0.00,0.0000,0.0000,-0.0142,0.0227,0.0000,-0.0000,0.0000,0.0000
2026-06-06 16:40:12.450,0,2,2,0.00,0.0003,-0.0003,-0.0142,0.0227,0.0000,-0.0000,0.0000,0.0000
2026-06-06 16:40:12.550,0,2,2,0.00,0.0000,-0.0003,-0.0142,0.0227,0.0000,-0.0000,0.0000,0.0000
2026-06-06 16:40:12.650,0,2,2,0.00,0.0000,0.0001,-0.0142,0.0227,0.0000,-0.0000,0.0000,0.0000
2026-06-06 16:40:12.750,0,2,2,0.00,0.0001,0.0000,-0.0142,0.0227,0.0000,-0.0000,0.0000,0.0000
2026-06-06 16:40:12.850,0,2,2,0.00,0.0000,0.0000,-0.0142,0.0227,0.0000,-0.0000,0.0000,0.0000
2026-06-06 16:40:12.952,0,2,2,0.00,0.0000,0.0000,-0.0142,0.0227,0.0000,-0.0000,0.0000,0.0000
2026-06-06 16:40:13.050,0,2,2,0.00,-0.0001,0.0001,-0.0142,0.0227,0.0000,-0.0000,0.0000,0.0000
2026-06-06 16:40:13.150,0,2,2,0.00,0.0001,0.0001,-0.0142,0.0227,0.0000,-0.0000,0.0000,0.0000
2026-06-06 16:40:13.250,0,2,2,0.00,0.0000,0.0000,-0.0142,0.0227,0.0000,-0.0000,0.0000,0.0000
2026-06-06 16:40:13.350,0,2,2,0.00,-0.0001,0.0000,-0.0142,0.0227,0.0000,-0.0000,0.0000,0.0000
2026-06-06 16:40:13.450,0,2,2,0.00,-0.0001,0.0000,-0.0142,0.0227,0.0000,-0.0000,0.0000,0.0000
2026-06-06 16:40:13.550,0,2,2,0.00,0.0003,0.0001,-0.0142,0.0227,0.0000,-0.0000,0.0000,0.0000
2026-06-06 16:40:13.650,0,2,2,0.00,0.0001,-0.0004,-0.0142,0.0227,0.0000,-0.0000,0.0000,0.0000
2026-06-06 16:40:13.750,0,2,2,0.00,0.0001,0.0005,-0.0142,0.0227,0.0000,-0.0000,0.0000,0.0000
2026-06-06 16:40:13.850,0,2,2,0.00,-0.0001,0.0000,-0.0142,0.0227,0.0000,-0.0000,0.0000,0.0000
2026-06-06 16:40:13.950,0,2,2,0.00,-0.0003,0.0000,-0.0142,0.0227,0.0000,-0.0000,0.0000,0.0000
2026-06-06 16:40:14.050,0,2,2,0.00,-0.0003,0.0000,-0.0142,0.0227,0.0000,-0.0000,0.0000,0.0000
2026-06-06 16:40:14.150,0,2,2,0.00,-0.0001,0.0001,-0.0142,0.0227,0.0000,-0.0000,0.0000,0.0000
2026-06-06 16:40:14.250,0,2,2,0.00,-0.0001,0.0000,-0.0142,0.0227,0.0000,-0.0000,0.0000,0.0000
2026-06-06 16:40:14.350,0,2,2,0.00,0.0000,0.0000,-0.0142,0.0227,0.0000,-0.0000,0.0000,0.0000
2026-06-06 16:40:14.450,0,2,2,0.00,0.0000,0.0004,-0.0142,0.0227,0.0000,-0.0000,0.0000,0.0000
2026-06-06 16:40:14.550,0,2,2,0.00,0.0000,0.0000,-0.0142,0.0227,0.0000,-0.0000,0.0000,0.0000
2026-06-06 16:40:14.650,0,2,2,0.00,-0.0001,0.0000,-0.0142,0.0227,0.0000,-0.0000,0.0000,0.0000
2026-06-06 16:40:14.750,0,2,2,0.00,-0.0003,0.0000,-0.0142,0.0227,0.0000,-0.0000,0.0000,0.0000
2026-06-06 16:40:14.850,0,2,2,0.00,0.0000,0.0000,-0.0142,0.0227,0.0000,-0.0000,0.0000,0.0000
2026-06-06 16:40:14.950,0,2,2,0.00,-0.0001,0.0000,-0.0142,0.0227,0.0000,-0.0000,0.0000,0.0000
2026-06-06 16:40:15.050,0,2,2,0.00,0.0000,0.0000,-0.0142,0.0227,0.0000,-0.0000,0.0000,0.0000
2026-06-06 16:40:15.150,0,2,2,0.00,0.0003,-0.0003,-0.0142,0.0227,0.0000,-0.0000,0.0000,0.0000
2026-06-06 16:40:15.250,0,2,2,0.00,0.0000,0.0000,-0.0142,0.0227,0.0000,-0.0000,0.0000,0.0000
2026-06-06 16:40:15.350,0,2,2,0.00,-0.0001,-0.0001,-0.0142,0.0227,0.0000,-0.0000,0.0000,0.0000
2026-06-06 16:40:15.450,0,2,2,0.00,0.0000,0.0001,-0.0142,0.0227,0.0000,-0.0000,0.0000,0.0000
2026-06-06 16:40:15.550,0,2,2,0.00,0.0000,0.0000,-0.0142,0.0227,0.0000,-0.0000,0.0000,0.0000
2026-06-06 16:40:15.650,0,2,2,0.00,0.0000,0.0000,-0.0142,0.0227,0.0000,-0.0000,0.0000,0.0000
2026-06-06 16:40:15.750,0,2,2,0.00,0.0000,-0.0001,-0.0142,0.0227,0.0000,-0.0000,0.0000,0.0000
2026-06-06 16:40:15.850,0,2,2,0.00,0.0000,0.0000,-0.0142,0.0227,0.0000,-0.0000,0.0000,0.0000
2026-06-06 16:40:15.950,0,2,2,0.00,0.0000,0.0000,-0.0142,0.0227,0.0000,-0.0000,0.0000,0.0000
2026-06-06 16:40:16.050,0,2,2,0.00,0.0000,-0.0003,-0.0142,0.0227,0.0000,-0.0000,0.0000,0.0000
2026-06-06 16:40:16.150,0,2,2,0.00,0.0001,0.0000,-0.0142,0.0227,0.0000,-0.0000,0.0000,0.0000
2026-06-06 16:40:16.250,0,2,2,0.00,0.0000,0.0000,-0.0142,0.0227,0.0000,-0.0000,0.0000,0.0000
2026-06-06 16:40:16.350,0,2,2,0.00,-0.0001,-0.0001,-0.0142,0.0227,0.0000,-0.0000,0.0000,0.0000
2026-06-06 16:40:16.450,0,2,2,0.00,0.0000,0.0001,-0.0142,0.0227,0.0000,-0.0000,0.0000,0.0000
2026-06-06 16:40:16.550,0,2,2,0.00,0.0000,0.0001,-0.0142,0.0227,0.0000,-0.0000,0.0000,0.0000
2026-06-06 16:40:16.650,0,2,2,0.00,-0.0001,-0.0001,-0.0142,0.0227,0.0000,-0.0000,0.0000,0.0000
2026-06-06 16:40:16.750,0,2,2,0.00,0.0000,0.0000,-0.0142,0.0227,0.0000,-0.0000,0.0000,0.0000
2026-06-06 16:40:16.850,0,2,2,0.00,0.0003,0.0000,-0.0142,0.0227,0.0000,-0.0000,0.0000,0.0000
2026-06-06 16:40:16.950,0,2,2,0.00,0.0000,0.0000,-0.0142,0.0227,0.0000,-0.0000,0.0000,0.0000
2026-06-06 16:40:17.050,0,2,2,0.00,0.0000,-0.0001,-0.0142,0.0227,0.0000,-0.0000,0.0000,0.0000
2026-06-06 16:40:17.150,0,2,2,0.00,0.0000,-0.0001,-0.0142,0.0227,0.0000,-0.0000,0.0000,0.0000
2026-06-06 16:40:17.250,0,2,2,0.00,0.0000,-0.0001,-0.0142,0.0227,0.0000,-0.0000,0.0000,0.0000
2026-06-06 16:40:17.350,0,2,2,0.00,-0.0001,0.0001,-0.0142,0.0227,0.0000,-0.0000,0.0000,0.0000
2026-06-06 16:40:17.450,0,2,2,0.00,0.0000,0.0000,-0.0142,0.0227,0.0000,-0.0000,0.0000,0.0000
2026-06-06 16:40:17.550,0,2,2,0.00,0.0003,0.0000,-0.0142,0.0227,0.0000,-0.0000,0.0000,0.0000
2026-06-06 16:40:17.651,0,2,2,0.00,0.0000,0.0000,-0.0142,0.0227,0.0000,-0.0000,0.0000,0.0000
2026-06-06 16:40:17.750,0,2,2,0.00,0.0001,0.0001,-0.0142,0.0227,0.0000,-0.0000,0.0000,0.0000
2026-06-06 16:40:17.850,0,2,2,0.00,0.0001,0.0003,-0.0142,0.0227,0.0000,-0.0000,0.0000,0.0000
2026-06-06 16:40:17.950,0,2,2,0.00,0.0000,0.0000,-0.0142,0.0227,0.0000,-0.0000,0.0000,0.0000
2026-06-06 16:40:18.050,0,2,2,0.00,-0.0003,0.0000,-0.0142,0.0227,0.0000,-0.0000,0.0000,0.0000
2026-06-06 16:40:18.150,0,2,2,0.00,0.0000,0.0000,-0.0142,0.0227,0.0000,-0.0000,0.0000,0.0000
2026-06-06 16:40:18.250,0,2,2,0.00,0.0000,0.0000,-0.0142,0.0227,0.0000,-0.0000,0.0000,0.0000
2026-06-06 16:40:18.350,0,2,2,0.00,-0.0001,0.0000,-0.0142,0.0227,0.0000,-0.0000,0.0000,0.0000
2026-06-06 16:40:18.450,0,2,2,0.00,0.0000,0.0000,-0.0142,0.0227,0.0000,-0.0000,0.0000,0.0000
2026-06-06 16:40:18.550,0,2,2,0.00,0.0003,0.0001,-0.0142,0.0227,0.0000,-0.0000,0.0000,0.0000
2026-06-06 16:40:18.652,0,1,2,0.00,0.0000,0.0000,-0.0142,0.0227,0.0000,-0.0000,0.0000,0.0000
2026-06-06 16:40:18.750,0,2,2,0.00,0.0000,-0.0001,-0.0142,0.0227,0.0000,-0.0000,0.0000,0.0000
2026-06-06 16:40:18.850,0,1,2,0.00,-0.0001,0.0001,-0.0142,0.0227,0.0000,-0.0000,0.0000,0.0000
2026-06-06 16:40:18.950,0,2,2,0.00,-0.0001,-0.0003,-0.0142,0.0227,0.0000,-0.0000,0.0000,0.0000
2026-06-06 16:40:19.050,0,2,2,0.00,0.0000,-0.0001,-0.0142,0.0227,0.0000,-0.0000,0.0000,0.0000
2026-06-06 16:40:19.150,0,2,2,0.00,0.0000,-0.0003,-0.0142,0.0227,0.0000,-0.0000,0.0000,0.0000
2026-06-06 16:40:19.250,0,2,2,0.00,0.0000,0.0000,-0.0142,0.0227,0.0000,-0.0000,0.0000,0.0000
2026-06-06 16:40:19.350,0,2,2,0.00,0.0000,0.0003,-0.0142,0.0227,0.0000,-0.0000,0.0000,0.0000
2026-06-06 16:40:19.450,0,2,2,0.00,-0.0001,-0.0001,-0.0142,0.0227,0.0000,-0.0000,0.0000,0.0000
2026-06-06 16:40:19.550,0,2,2,0.00,0.0000,0.0000,-0.0142,0.0227,0.0000,-0.0000,0.0000,0.0000
2026-06-06 16:40:19.650,0,2,2,0.00,-0.0001,-0.0003,-0.0142,0.0227,0.0000,-0.0000,0.0000,0.0000
2026-06-06 16:40:19.750,0,2,2,0.00,0.0000,0.0000,-0.0142,0.0227,0.0000,-0.0000,0.0000,0.0000
2026-06-06 16:40:19.850,0,2,2,0.00,0.0003,0.0000,-0.0142,0.0227,0.0000,-0.0000,0.0000,0.0000
2026-06-06 16:40:19.950,0,2,2,0.00,-0.0001,0.0000,-0.0142,0.0227,0.0000,-0.0000,0.0000,0.0000
2026-06-06 16:40:20.051,0,2,2,0.00,0.0000,0.0001,-0.0142,0.0227,0.0000,-0.0000,0.0000,0.0000
2026-06-06 16:40:20.150,0,2,2,0.00,0.0001,-0.0003,-0.0142,0.0227,0.0000,-0.0000,0.0000,0.0000
2026-06-06 16:40:20.250,0,2,2,0.00,0.0000,0.0001,-0.0142,0.0227,0.0000,-0.0000,0.0000,0.0000
2026-06-06 16:40:20.350,0,2,2,0.00,0.0000,0.0000,-0.0142,0.0227,0.0000,-0.0000,0.0000,0.0000
2026-06-06 16:40:20.450,0,2,2,0.00,0.0001,0.0000,-0.0142,0.0227,0.0000,-0.0000,0.0000,0.0000
2026-06-06 16:40:20.550,0,2,2,0.00,0.0003,0.0003,-0.0142,0.0227,0.0000,-0.0000,0.0000,0.0000
2026-06-06 16:40:20.650,0,2,2,0.00,0.0000,0.0000,-0.0142,0.0227,0.0000,-0.0000,0.0000,0.0000
2026-06-06 16:40:20.750,0,2,2,0.00,0.0000,-0.0003,-0.0142,0.0227,0.0000,-0.0000,0.0000,0.0000
2026-06-06 16:40:20.850,0,2,2,0.00,-0.0001,0.0000,-0.0142,0.0227,0.0000,-0.0000,0.0000,0.0000
2026-06-06 16:40:20.950,0,2,2,0.00,0.0000,0.0001,-0.0142,0.0227,0.0000,-0.0000,0.0000,0.0000
2026-06-06 16:40:21.050,0,2,2,0.00,0.0000,0.0000,-0.0142,0.0227,0.0000,-0.0000,0.0000,0.0000
2026-06-06 16:40:21.150,0,2,2,0.00,0.0000,0.0001,-0.0142,0.0227,0.0000,-0.0000,0.0000,0.0000
2026-06-06 16:40:21.250,0,2,2,0.00,0.0000,0.0000,-0.0142,0.0227,0.0000,-0.0000,0.0000,0.0000
2026-06-06 16:40:21.350,0,2,2,0.00,0.0000,0.0000,-0.0142,0.0227,0.0000,-0.0000,0.0000,0.0000
2026-06-06 16:40:21.450,0,2,2,0.00,0.0000,0.0000,-0.0142,0.0227,0.0000,-0.0000,0.0000,0.0000
2026-06-06 16:40:21.550,0,2,2,0.00,0.0000,0.0001,-0.0142,0.0227,0.0000,-0.0000,0.0000,0.0000
2026-06-06 16:40:21.650,0,2,2,0.00,0.0001,0.0000,-0.0142,0.0227,0.0000,-0.0000,0.0000,0.0000
2026-06-06 16:40:21.750,0,2,2,0.00,0.0003,0.0003,-0.0142,0.0227,0.0000,-0.0000,0.0000,0.0000
2026-06-06 16:40:21.850,0,2,2,0.00,-0.0001,0.0001,-0.0142,0.0227,0.0000,-0.0000,0.0000,0.0000
2026-06-06 16:40:21.950,0,2,2,0.00,0.0000,0.0000,-0.0142,0.0227,0.0000,-0.0000,0.0000,0.0000
2026-06-06 16:40:22.050,0,2,2,0.00,0.0000,-0.0003,-0.0142,0.0227,0.0000,-0.0000,0.0000,0.0000
2026-06-06 16:40:22.150,0,2,2,0.00,0.0000,-0.0001,-0.0142,0.0227,0.0000,-0.0000,0.0000,0.0000
2026-06-06 16:40:22.250,0,2,2,0.00,0.0000,-0.0003,-0.0142,0.0227,0.0000,-0.0000,0.0000,0.0000
2026-06-06 16:40:22.350,0,2,2,0.00,0.0000,0.0001,-0.0142,0.0227,0.0000,-0.0000,0.0000,0.0000
2026-06-06 16:40:22.450,0,2,2,0.00,-0.0001,-0.0007,-0.0142,0.0227,0.0000,-0.0000,0.0000,0.0000
2026-06-06 16:40:22.550,0,2,2,0.00,-0.0001,0.0000,-0.0142,0.0227,0.0000,-0.0000,0.0000,0.0000
2026-06-06 16:40:22.650,0,2,2,0.00,0.0001,-0.0001,-0.0142,0.0227,0.0000,-0.0000,0.0000,0.0000
2026-06-06 16:40:22.750,0,2,2,0.00,0.0000,0.0003,-0.0142,0.0227,0.0000,-0.0000,0.0000,0.0000
2026-06-06 16:40:22.850,0,2,2,0.00,0.0000,-0.0001,-0.0142,0.0227,0.0000,-0.0000,0.0000,0.0000
2026-06-06 16:40:22.950,0,2,2,0.00,0.0001,-0.0003,-0.0142,0.0227,0.0000,-0.0000,0.0000,0.0000
2026-06-06 16:40:23.050,0,2,2,0.00,0.0000,-0.0003,-0.0142,0.0227,0.0000,-0.0000,0.0000,0.0000
2026-06-06 16:40:23.150,0,2,2,0.00,-0.0001,0.0000,-0.0142,0.0227,0.0000,-0.0000,0.0000,0.0000
2026-06-06 16:40:23.250,0,2,2,0.00,0.0000,0.0000,-0.0142,0.0227,0.0000,-0.0000,0.0000,0.0000
2026-06-06 16:40:23.350,0,2,2,0.00,0.0000,0.0000,-0.0142,0.0227,0.0000,-0.0000,0.0000,0.0000
2026-06-06 16:40:23.450,0,2,2,0.00,0.0000,0.0003,-0.0142,0.0227,0.0000,-0.0000,0.0000,0.0000
2026-06-06 16:40:23.550,0,2,2,0.00,0.0001,-0.0001,-0.0142,0.0227,0.0000,-0.0000,0.0000,0.0000
2026-06-06 16:40:23.650,0,2,2,0.00,0.0000,0.0000,-0.0142,0.0227,0.0000,-0.0000,0.0000,0.0000
2026-06-06 16:40:23.750,0,2,2,0.00,0.0000,0.0001,-0.0142,0.0227,0.0000,-0.0000,0.0000,0.0000
2026-06-06 16:40:23.850,0,2,2,0.00,-0.0001,0.0001,-0.0142,0.0227,0.0000,-0.0000,0.0000,0.0000
2026-06-06 16:40:23.950,0,2,2,0.00,0.0000,0.0001,-0.0142,0.0227,0.0000,-0.0000,0.0000,0.0000
2026-06-06 16:40:24.050,0,2,2,0.00,0.0000,0.0003,-0.0142,0.0227,0.0000,-0.0000,0.0000,0.0000
2026-06-06 16:40:24.150,0,2,2,0.00,0.0000,0.0000,-0.0142,0.0227,0.0000,-0.0000,0.0000,0.0000
2026-06-06 16:40:24.250,0,2,2,0.00,0.0000,0.0000,-0.0142,0.0227,0.0000,-0.0000,0.0000,0.0000
2026-06-06 16:40:24.350,0,2,2,0.00,0.0000,0.0000,-0.0142,0.0227,0.0000,-0.0000,0.0000,0.0000
2026-06-06 16:40:24.450,0,2,2,0.00,0.0001,-0.0003,-0.0142,0.0227,0.0000,-0.0000,0.0000,0.0000
2026-06-06 16:40:24.550,0,2,2,0.00,0.0001,0.0000,-0.0142,0.0227,0.0000,-0.0000,0.0000,0.0000
2026-06-06 16:40:24.650,0,2,2,0.00,0.0000,0.0001,-0.0142,0.0227,0.0000,-0.0000,0.0000,0.0000
2026-06-06 16:40:24.750,0,2,2,0.00,0.0000,-0.0001,-0.0142,0.0227,0.0000,-0.0000,0.0000,0.0000
2026-06-06 16:40:24.850,0,2,2,0.00,-0.0001,-0.0001,-0.0142,0.0227,0.0000,-0.0000,0.0000,0.0000
2026-06-06 16:40:24.950,0,2,2,0.00,-0.0001,0.0000,-0.0142,0.0227,0.0000,-0.0000,0.0000,0.0000
2026-06-06 16:40:25.050,0,2,2,0.00,0.0000,-0.0001,-0.0142,0.0227,0.0000,-0.0000,0.0000,0.0000
2026-06-06 16:40:25.150,0,2,2,0.00,-0.0001,0.0003,-0.0142,0.0227,0.0000,-0.0000,0.0000,0.0000
2026-06-06 16:40:25.250,0,2,2,0.00,0.0000,0.0001,-0.0142,0.0227,0.0000,-0.0000,0.0000,0.0000
2026-06-06 16:40:25.350,0,2,2,0.00,0.0000,0.0000,-0.0142,0.0227,0.0000,-0.0000,0.0000,0.0000
2026-06-06 16:40:25.450,0,2,2,0.00,-0.0001,-0.0003,-0.0142,0.0227,0.0000,-0.0000,0.0000,0.0000
2026-06-06 16:40:25.550,0,2,2,0.00,0.0001,0.0000,-0.0142,0.0227,0.0000,-0.0000,0.0000,0.0000
2026-06-06 16:40:25.650,0,2,2,0.00,0.0000,0.0000,-0.0142,0.0227,0.0000,-0.0000,0.0000,0.0000
2026-06-06 16:40:25.750,0,2,2,0.00,0.0000,0.0000,-0.0142,0.0227,0.0000,-0.0000,0.0000,0.0000
2026-06-06 16:40:25.850,0,2,2,0.00,-0.0003,0.0000,-0.0142,0.0227,0.0000,-0.0000,0.0000,0.0000
2026-06-06 16:40:25.950,0,2,2,0.00,0.0000,0.0001,-0.0142,0.0227,0.0000,-0.0000,0.0000,0.0000
2026-06-06 16:40:26.050,0,2,2,0.00,-0.0001,0.0000,-0.0142,0.0227,0.0000,-0.0000,0.0000,0.0000
2026-06-06 16:40:26.150,0,2,2,0.00,0.0000,0.0000,-0.0142,0.0227,0.0000,-0.0000,0.0000,0.0000
2026-06-06 16:40:26.250,0,2,2,0.00,0.0001,0.0000,-0.0142,0.0227,0.0000,-0.0000,0.0000,0.0000
2026-06-06 16:40:26.350,0,2,2,0.00,0.0000,0.0001,-0.0142,0.0227,0.0000,-0.0000,0.0000,0.0000
2026-06-06 16:40:26.450,0,2,2,0.00,0.0000,0.0000,-0.0142,0.0227,0.0000,-0.0000,0.0000,0.0000
2026-06-06 16:40:26.550,0,2,2,0.00,0.0000,0.0000,-0.0142,0.0227,0.0000,-0.0000,0.0000,0.0000
2026-06-06 16:40:26.650,0,2,2,0.00,0.0004,0.0001,-0.0142,0.0227,0.0000,-0.0000,0.0000,0.0000
2026-06-06 16:40:26.750,0,2,2,0.00,0.0000,0.0001,-0.0142,0.0227,0.0000,-0.0000,0.0000,0.0000
2026-06-06 16:40:26.850,0,2,2,0.00,0.0000,0.0001,-0.0142,0.0227,0.0000,-0.0000,0.0000,0.0000
2026-06-06 16:40:26.950,0,2,2,0.00,-0.0003,-0.0001,-0.0142,0.0227,0.0000,-0.0000,0.0000,0.0000
2026-06-06 16:40:27.050,0,2,2,0.00,0.0001,0.0000,-0.0142,0.0227,0.0000,-0.0000,0.0000,0.0000
2026-06-06 16:40:27.150,0,2,2,0.00,-0.0004,-0.0003,-0.0142,0.0227,0.0000,-0.0000,0.0000,0.0000
2026-06-06 16:40:27.250,0,2,2,0.00,0.0000,0.0000,-0.0142,0.0227,0.0000,-0.0000,0.0000,0.0000
2026-06-06 16:40:27.350,0,2,2,0.00,0.0000,0.0000,-0.0142,0.0227,0.0000,-0.0000,0.0000,0.0000
2026-06-06 16:40:27.450,0,2,2,0.00,0.0000,0.0001,-0.0142,0.0227,0.0000,-0.0000,0.0000,0.0000
2026-06-06 16:40:27.550,0,2,2,0.00,-0.0003,0.0003,-0.0142,0.0227,0.0000,-0.0000,0.0000,0.0000
2026-06-06 16:40:27.650,0,2,2,0.00,-0.0001,0.0000,-0.0142,0.0227,0.0000,-0.0000,0.0000,0.0000
2026-06-06 16:40:27.750,0,2,2,0.00,-0.0001,0.0000,-0.0142,0.0227,0.0000,-0.0000,0.0000,0.0000
2026-06-06 16:40:27.850,0,2,2,0.00,0.0001,0.0000,-0.0142,0.0227,0.0000,-0.0000,0.0000,0.0000
2026-06-06 16:40:27.950,0,2,2,0.00,-0.0001,0.0001,-0.0142,0.0227,0.0000,-0.0000,0.0000,0.0000
2026-06-06 16:40:28.050,0,2,2,0.00,0.0003,0.0000,-0.0142,0.0227,0.0000,-0.0000,0.0000,0.0000
2026-06-06 16:40:28.150,0,2,2,0.00,0.0000,-0.0003,-0.0142,0.0227,0.0000,-0.0000,0.0000,0.0000
2026-06-06 16:40:28.250,0,2,2,0.00,-0.0001,0.0000,-0.0142,0.0227,0.0000,-0.0000,0.0000,0.0000
2026-06-06 16:40:28.350,0,2,2,0.00,-0.0001,0.0000,-0.0142,0.0227,0.0000,-0.0000,0.0000,0.0000
2026-06-06 16:40:28.450,0,2,2,0.00,0.0000,-0.0001,-0.0142,0.0227,0.0000,-0.0000,0.0000,0.0000
2026-06-06 16:40:28.550,0,2,2,0.00,0.0000,-0.0001,-0.0142,0.0227,0.0000,-0.0000,0.0000,0.0000
2026-06-06 16:40:28.650,0,2,2,0.00,-0.0001,0.0001,-0.0142,0.0227,0.0000,-0.0000,0.0000,0.0000
2026-06-06 16:40:28.750,0,2,2,0.00,0.0000,0.0003,-0.0142,0.0227,0.0000,-0.0000,0.0000,0.0000
2026-06-06 16:40:28.850,0,2,2,0.00,-0.0001,-0.0001,-0.0142,0.0227,0.0000,-0.0000,0.0000,0.0000
2026-06-06 16:40:28.950,0,2,2,0.00,0.0001,-0.0003,-0.0142,0.0227,0.0000,-0.0000,0.0000,0.0000
2026-06-06 16:40:29.050,0,2,2,0.00,0.0000,0.0000,-0.0142,0.0227,0.0000,-0.0000,0.0000,0.0000
2026-06-06 16:40:29.150,0,2,2,0.00,0.0003,0.0000,-0.0142,0.0227,0.0000,-0.0000,0.0000,0.0000
2026-06-06 16:40:29.250,0,2,2,0.00,0.0000,0.0000,-0.0142,0.0227,0.0000,-0.0000,0.0000,0.0000
2026-06-06 16:40:29.350,0,2,2,0.00,-0.0001,0.0000,-0.0142,0.0227,0.0000,-0.0000,0.0000,0.0000
2026-06-06 16:40:29.450,0,2,2,0.00,0.0000,0.0000,-0.0142,0.0227,0.0000,-0.0000,0.0000,0.0000
2026-06-06 16:40:29.550,0,2,2,0.00,0.0000,0.0000,-0.0142,0.0227,0.0000,-0.0000,0.0000,0.0000
2026-06-06 16:40:29.650,0,2,2,0.00,0.0000,-0.0003,-0.0142,0.0227,0.0000,-0.0000,0.0000,0.0000
2026-06-06 16:40:29.750,0,2,2,0.00,0.0000,0.0000,-0.0142,0.0227,0.0000,-0.0000,0.0000,0.0000
2026-06-06 16:40:29.850,0,2,2,0.00,0.0000,-0.0001,-0.0142,0.0227,0.0000,-0.0000,0.0000,0.0000
2026-06-06 16:40:29.950,0,2,2,0.00,0.0000,-0.0001,-0.0142,0.0227,0.0000,-0.0000,0.0000,0.0000
2026-06-06 16:40:30.050,0,2,2,0.00,0.0000,-0.0001,-0.0142,0.0227,0.0000,-0.0000,0.0000,0.0000
2026-06-06 16:40:30.150,0,2,2,0.00,0.0000,-0.0001,-0.0142,0.0227,0.0000,-0.0000,0.0000,0.0000
2026-06-06 16:40:30.250,0,2,2,0.00,0.0000,0.0001,-0.0142,0.0227,0.0000,-0.0000,0.0000,0.0000
2026-06-06 16:40:30.350,0,2,2,0.00,-0.0003,-0.0003,-0.0142,0.0227,0.0000,-0.0000,0.0000,0.0000
2026-06-06 16:40:30.450,0,2,2,0.00,0.0000,0.0000,-0.0142,0.0227,0.0000,-0.0000,0.0000,0.0000
2026-06-06 16:40:30.550,0,2,2,0.00,0.0001,-0.0003,-0.0142,0.0227,0.0000,-0.0000,0.0000,0.0000
2026-06-06 16:40:30.650,0,2,2,0.00,0.0000,0.0000,-0.0142,0.0227,0.0000,-0.0000,0.0000,0.0000
2026-06-06 16:40:30.750,0,2,2,0.00,-0.0001,0.0000,-0.0142,0.0227,0.0000,-0.0000,0.0000,0.0000
2026-06-06 16:40:30.850,0,2,2,0.00,0.0000,0.0000,-0.0142,0.0227,0.0000,-0.0000,0.0000,0.0000
2026-06-06 16:40:30.950,0,2,2,0.00,0.0001,0.0000,-0.0142,0.0227,0.0000,-0.0000,0.0000,0.0000
2026-06-06 16:40:31.050,0,2,2,0.00,0.0000,0.0000,-0.0142,0.0227,0.0000,-0.0000,0.0000,0.0000
2026-06-06 16:40:31.150,0,2,2,0.00,-0.0001,0.0000,-0.0142,0.0227,0.0000,-0.0000,0.0000,0.0000
2026-06-06 16:40:31.250,0,2,2,0.00,0.0000,-0.0001,-0.0142,0.0227,0.0000,-0.0000,0.0000,0.0000
2026-06-06 16:40:31.350,0,2,2,0.00,0.0003,0.0001,-0.0142,0.0227,0.0000,-0.0000,0.0000,0.0000
2026-06-06 16:40:31.450,0,2,2,0.00,-0.0001,0.0000,-0.0142,0.0227,0.0000,-0.0000,0.0000,0.0000
2026-06-06 16:40:31.550,0,2,2,0.00,0.0001,0.0000,-0.0142,0.0227,0.0000,-0.0000,0.0000,0.0000
2026-06-06 16:40:31.650,0,2,2,0.00,0.0000,0.0000,-0.0142,0.0227,0.0000,-0.0000,0.0000,0.0000
2026-06-06 16:40:31.750,0,2,2,0.00,0.0000,0.0000,-0.0142,0.0227,0.0000,-0.0000,0.0000,0.0000
2026-06-06 16:40:31.850,0,2,2,0.00,0.0001,0.0000,-0.0142,0.0227,0.0000,-0.0000,0.0000,0.0000
2026-06-06 16:40:31.950,0,2,2,0.00,0.0000,0.0000,-0.0142,0.0227,0.0000,-0.0000,0.0000,0.0000
2026-06-06 16:40:32.050,0,2,2,0.00,0.0000,0.0000,-0.0142,0.0227,0.0000,-0.0000,0.0000,0.0000
2026-06-06 16:40:32.150,0,2,2,0.00,0.0000,-0.0003,-0.0142,0.0227,0.0000,-0.0000,0.0000,0.0000
2026-06-06 16:40:32.250,0,2,2,0.00,0.0001,0.0001,-0.0142,0.0227,0.0000,-0.0000,0.0000,0.0000
2026-06-06 16:40:32.350,0,2,2,0.00,0.0000,0.0003,-0.0142,0.0227,0.0000,-0.0000,0.0000,0.0000
2026-06-06 16:40:32.450,0,2,2,0.00,-0.0001,-0.0003,-0.0142,0.0227,0.0000,-0.0000,0.0000,0.0000
2026-06-06 16:40:32.550,0,2,2,0.00,-0.0001,-0.0003,-0.0142,0.0227,0.0000,-0.0000,0.0000,0.0000
2026-06-06 16:40:32.650,0,2,2,0.00,-0.0001,-0.0003,-0.0142,0.0227,0.0000,-0.0000,0.0000,0.0000
2026-06-06 16:40:32.750,0,2,2,0.00,-0.0001,-0.0003,-0.0142,0.0227,0.0000,-0.0000,0.0000,0.0000
2026-06-06 16:40:32.850,0,2,2,0.00,-0.0001,-0.0003,-0.0142,0.0227,0.0000,-0.0000,0.0000,0.0000
2026-06-06 16:40:32.950,0,2,2,0.00,-0.0001,-0.0003,-0.0142,0.0227,0.0000,-0.0000,0.0000,0.0000
2026-06-06 16:40:33.050,0,2,2,0.00,-0.0001,-0.0003,-0.0142,0.0227,0.0000,-0.0000,0.0000,0.0000
2026-06-06 16:40:33.150,0,2,2,0.00,-0.0001,-0.0003,-0.0142,0.0227,0.0000,-0.0000,0.0000,0.0000
2026-06-06 16:40:33.250,0,2,2,0.00,-0.0001,-0.0003,-0.0142,0.0227,0.0000,-0.0000,0.0000,0.0000
2026-06-06 16:40:33.350,0,2,2,0.00,-0.0001,-0.0003,-0.0142,0.0227,0.0000,-0.0000,0.0000,0.0000
