Timestamp,IMU_Packages_per_sec,Odom_Packages_per_sec,Send_Packages_per_sec,Yaw_Angle,Left_Velocity_mps,Right_Velocity_mps,x,y,quaternion_yaw,Left_Velocity_LOS,Right_Velocity_LOS,theta_yaw
2026-05-07 19:40:38.140,0,9,9,0.00,0.0000,0.0001,0.0000,0.0000,0.0000,0.0000,0.0000,0.0000
2026-05-07 19:40:38.640,0,10,10,0.00,0.0003,0.0001,0.0000,0.0000,0.0000,0.0000,0.0000,0.0000
2026-05-07 19:40:39.140,0,10,10,0.00,0.0000,0.0000,0.0000,0.0000,0.0000,0.0000,0.0000,0.0000
2026-05-07 19:40:39.640,0,10,10,0.00,0.0000,0.0001,0.0000,0.0000,0.0000,-0.0000,0.0000,0.0000
2026-05-07 19:40:40.140,0,10,10,0.00,0.0001,-0.0003,0.0000,0.0000,0.0000,-0.0000,0.0000,0.0000
2026-05-07 19:40:40.640,0,10,10,0.00,-0.0004,0.0001,0.0000,0.0000,0.0000,-0.0000,0.0000,0.0000
2026-05-07 19:40:41.140,0,10,10,0.00,0.0000,0.0003,0.0000,0.0000,0.0000,-0.0000,0.0000,0.0000
2026-05-07 19:40:41.640,0,10,10,0.00,-0.0004,-0.0001,0.0000,0.0000,0.0000,-0.0000,0.0000,0.0000
2026-05-07 19:40:42.140,0,10,10,0.00,0.0000,0.0001,0.0000,0.0000,0.0000,-0.0000,0.0000,0.0000
2026-05-07 19:40:42.640,0,10,10,0.00,0.0000,0.0003,0.0000,0.0000,0.0000,-0.0000,0.0000,1.0018
2026-05-07 19:40:43.140,0,10,10,0.00,-0.0001,-0.0001,0.0000,0.0000,0.0000,-0.0000,0.0000,1.0018
2026-05-07 19:40:43.640,0,10,10,0.00,0.0000,0.0000,0.0000,0.0000,0.0000,-0.0000,0.0000,1.0018
2026-05-07 19:40:44.140,0,10,10,0.00,0.0001,0.0001,0.0000,0.0000,0.0000,-0.0000,0.0000,1.0018
2026-05-07 19:40:44.640,0,10,10,0.00,0.0000,0.0000,0.0000,0.0000,0.0000,-0.0000,0.0000,1.0018
2026-05-07 19:40:45.140,0,10,10,0.00,0.0000,0.0000,0.0000,0.0000,0.0000,-0.0000,0.0000,1.0018
2026-05-07 19:40:45.640,0,10,10,0.00,0.0000,0.0000,0.0000,0.0000,0.0000,-0.0000,0.0000,1.0018
2026-05-07 19:40:46.140,0,10,10,0.00,-0.0003,0.0001,0.0000,0.0000,0.0000,-0.0000,0.0000,1.0018
2026-05-07 19:40:46.640,0,10,10,0.00,0.0003,0.0000,0.0000,0.0000,0.0000,-0.0000,0.0000,1.0018
2026-05-07 19:40:47.140,0,10,10,0.00,-0.0003,0.0000,0.0000,0.0000,0.0000,-0.0000,0.0000,1.0018
2026-05-07 19:40:47.640,0,10,10,0.00,0.0000,-0.0001,0.0000,0.0000,0.0000,-0.0000,0.0000,1.0018
2026-05-07 19:40:48.140,0,10,10,0.00,-0.0001,0.0003,0.0000,0.0000,0.0000,-0.0000,0.0000,1.0018
2026-05-07 19:40:48.640,0,10,10,0.00,0.0000,0.0001,0.0000,0.0000,0.0000,-0.0000,0.0000,1.0018
2026-05-07 19:40:49.140,0,10,10,0.00,0.0000,0.0001,0.0000,0.0000,0.0000,-0.0000,0.0000,1.0018
2026-05-07 19:40:49.640,0,10,10,0.00,0.0000,0.0000,0.0000,0.0000,0.0000,-0.0000,0.0000,1.0018
2026-05-07 19:40:50.140,0,10,10,0.00,-0.0003,0.0000,0.0000,0.0000,0.0000,-0.0000,0.0000,1.0018
2026-05-07 19:40:50.640,0,10,10,0.00,0.0001,0.0003,0.0000,0.0000,0.0000,-0.0000,0.0000,1.0018
2026-05-07 19:40:51.140,0,10,10,0.00,-0.0001,0.0000,0.0000,0.0000,0.0000,-0.0000,0.0000,1.0018
2026-05-07 19:40:51.640,0,10,10,0.00,-0.0001,0.0000,0.0000,0.0000,0.0000,-0.0000,0.0000,1.0018
2026-05-07 19:40:52.140,0,10,10,0.00,0.0000,-0.0001,0.0000,0.0000,0.0000,-0.0000,0.0000,1.0018
2026-05-07 19:40:52.640,0,10,10,0.00,-0.0001,-0.0001,0.0000,0.0000,0.0000,-0.0000,0.0000,1.0018
2026-05-07 19:40:53.140,0,10,10,0.00,-0.0001,0.0000,0.0000,0.0000,0.0000,-0.0000,0.0000,1.0018
2026-05-07 19:40:53.640,0,10,10,0.00,0.0000,0.0000,0.0000,0.0000,0.0000,-0.0000,0.0000,1.0018
2026-05-07 19:40:54.140,0,10,10,0.00,0.0000,0.0000,0.0000,0.0000,0.0000,-0.0000,0.0000,1.0018
2026-05-07 19:40:54.640,0,10,10,0.00,0.0003,0.0000,0.0000,0.0000,0.0000,-0.0000,0.0000,1.0018
2026-05-07 19:40:55.140,0,10,10,0.00,0.0000,0.0000,0.0000,0.0000,0.0000,-0.0000,0.0000,1.0018
2026-05-07 19:40:55.640,0,10,10,0.00,-0.0001,0.0000,0.0000,0.0000,0.0000,-0.0000,0.0000,1.0018
2026-05-07 19:40:56.140,0,10,10,0.00,-0.0009,-0.0001,0.0000,0.0000,0.0000,-0.0000,0.0000,1.0018
2026-05-07 19:40:56.640,0,10,10,0.00,0.0000,0.0000,0.0000,0.0000,0.0000,-0.0000,0.0000,1.0018
2026-05-07 19:40:57.140,0,10,10,0.00,0.0000,0.0003,0.0000,0.0000,0.0000,-0.0000,0.0000,1.0018
2026-05-07 19:40:57.640,0,9,10,0.00,-0.0001,-0.0001,0.0000,0.0000,0.0000,-0.0000,0.0000,1.0018
2026-05-07 19:40:58.140,0,10,10,0.00,0.0000,-0.0001,0.0000,0.0000,0.0000,-0.0000,0.0000,1.0018
2026-05-07 19:40:58.640,0,10,10,0.00,0.0000,0.0000,0.0000,0.0000,0.0000,-0.0000,0.0000,1.0018
2026-05-07 19:40:59.140,0,10,10,0.00,-0.0004,0.0003,0.0000,0.0000,0.0000,-0.0000,0.0000,1.0018
2026-05-07 19:40:59.640,0,10,10,0.00,0.0001,0.0000,0.0000,0.0000,0.0000,-0.0000,0.0000,1.0018
2026-05-07 19:41:00.140,0,10,10,0.00,0.0000,0.0001,0.0000,0.0000,0.0000,-0.0000,0.0000,1.0018
2026-05-07 19:41:00.640,0,10,10,0.00,0.0003,0.0001,0.0000,0.0000,0.0000,-0.0000,0.0000,1.0018
2026-05-07 19:41:01.140,0,10,10,0.00,-0.0003,0.0001,0.0000,0.0000,0.0000,-0.0000,0.0000,1.0018
2026-05-07 19:41:01.640,0,10,10,0.00,-0.0001,0.0000,0.0000,0.0000,0.0000,-0.0000,0.0000,1.0018
2026-05-07 19:41:02.140,0,10,10,0.00,0.0000,0.0000,0.0000,0.0000,0.0000,-0.0000,0.0000,1.0018
2026-05-07 19:41:02.640,0,10,10,0.00,0.0000,0.0000,0.0000,0.0000,0.0000,-0.0000,0.0000,1.0018
2026-05-07 19:41:03.140,0,10,10,0.00,0.0000,0.0001,0.0000,0.0000,0.0000,-0.0000,0.0000,1.0018
2026-05-07 19:41:03.640,0,10,10,0.00,-0.0001,0.0005,0.0000,0.0000,0.0000,-0.0000,0.0000,1.0018
2026-05-07 19:41:04.140,0,10,10,0.00,0.0000,-0.0003,0.0000,0.0000,0.0000,-0.0000,0.0000,1.0018
2026-05-07 19:41:04.640,0,10,10,0.00,-0.0001,0.0000,0.0000,0.0000,0.0000,-0.0000,0.0000,1.0018
2026-05-07 19:41:05.140,0,10,10,0.00,0.0001,0.0000,0.0000,0.0000,0.0000,-0.0000,0.0000,1.0018
2026-05-07 19:41:05.640,0,10,10,0.00,0.0000,0.0000,0.0000,0.0000,0.0000,-0.0000,0.0000,1.0018
2026-05-07 19:41:06.140,0,9,10,0.00,-0.0003,0.0000,0.0000,0.0000,0.0000,-0.0000,0.0000,1.0018
2026-05-07 19:41:06.640,0,10,10,0.00,0.0000,0.0000,0.0000,0.0000,0.0000,-0.0000,0.0000,1.0018
2026-05-07 19:41:07.140,0,10,10,0.00,0.0000,0.0000,0.0000,0.0000,0.0000,-0.0000,0.0000,1.0018
2026-05-07 19:41:07.640,0,10,10,0.00,0.0005,0.0001,0.0000,0.0000,0.0000,-0.0000,0.0000,1.0018
2026-05-07 19:41:08.140,0,10,10,0.00,0.0000,0.0000,0.0000,0.0000,0.0000,-0.0000,0.0000,1.0018
2026-05-07 19:41:08.640,0,9,10,0.00,0.0000,0.0000,0.0000,0.0000,0.0000,-0.0000,0.0000,1.0018
2026-05-07 19:41:09.140,0,9,10,0.00,0.0001,0.0000,0.0000,0.0000,0.0000,-0.0000,0.0000,1.0018
2026-05-07 19:41:09.640,0,9,10,0.00,0.0000,0.0005,0.0000,0.0000,0.0000,-0.0000,0.0000,1.0018
2026-05-07 19:41:10.140,0,9,10,0.00,0.0000,0.0001,0.0000,0.0000,0.0000,-0.0000,0.0000,1.0018
2026-05-07 19:41:10.640,0,9,10,0.00,0.0000,0.0000,0.0000,0.0000,0.0000,-0.0000,0.0000,1.0018
2026-05-07 19:41:11.140,0,9,10,0.00,0.0000,0.0001,0.0000,0.0000,0.0000,-0.0000,0.0000,1.0018
2026-05-07 19:41:11.640,0,9,10,0.00,0.0001,0.0000,0.0000,0.0000,0.0000,-0.0000,0.0000,1.0018
2026-05-07 19:41:12.140,0,9,10,0.00,0.0000,0.0000,0.0000,0.0000,0.0000,-0.0000,0.0000,1.0018
2026-05-07 19:41:12.640,0,9,10,0.00,0.0000,0.0000,0.0000,0.0000,0.0000,-0.0000,0.0000,1.0018
2026-05-07 19:41:13.140,0,9,10,0.00,0.0000,0.0001,0.0000,0.0000,0.0000,-0.0000,0.0000,1.0018
2026-05-07 19:41:13.640,0,10,10,0.00,0.0005,-0.0001,0.0000,0.0000,0.0000,-0.0000,0.0000,1.0018
2026-05-07 19:41:14.140,0,9,10,0.00,0.0000,0.0000,0.0000,0.0000,0.0000,-0.0000,0.0000,1.0018
2026-05-07 19:41:14.640,0,10,10,0.00,0.0000,-0.0001,0.0000,0.0000,0.0000,-0.0000,0.0000,1.0018
2026-05-07 19:41:15.140,0,10,10,0.00,0.0000,0.0000,0.0000,0.0000,0.0000,-0.0000,0.0000,1.0018
2026-05-07 19:41:15.640,0,10,10,0.00,0.0000,0.0001,0.0000,0.0000,0.0000,-0.0000,0.0000,1.0018
2026-05-07 19:41:16.140,0,10,10,0.00,0.0000,0.0000,0.0000,0.0000,0.0000,-0.0000,0.0000,1.0018
2026-05-07 19:41:16.640,0,10,10,0.00,0.0000,0.0000,0.0000,0.0000,0.0000,-0.0000,0.0000,1.0018
2026-05-07 19:41:17.140,0,10,10,0.00,0.0000,0.0000,0.0000,0.0000,0.0000,-0.0000,0.0000,1.0018
2026-05-07 19:41:17.640,0,10,10,0.00,0.0001,0.0001,0.0000,0.0000,0.0000,-0.0000,0.0000,1.0018
2026-05-07 19:41:18.140,0,10,10,0.00,0.0000,0.0000,0.0000,0.0000,0.0000,-0.0000,0.0000,1.0018
2026-05-07 19:41:18.640,0,10,10,0.00,0.0000,0.0000,0.0000,0.0000,0.0000,-0.0000,0.0000,1.0018
2026-05-07 19:41:19.140,0,9,10,0.00,0.0000,0.0000,0.0000,0.0000,0.0000,-0.0000,0.0000,1.0018
2026-05-07 19:41:19.640,0,9,10,0.00,-0.0001,0.0001,0.0000,0.0000,0.0000,-0.0000,0.0000,1.0018
2026-05-07 19:41:20.140,0,10,10,0.00,0.0000,-0.0001,0.0000,0.0000,0.0000,-0.0000,0.0000,1.0018
2026-05-07 19:41:20.640,0,10,10,0.00,0.0001,0.0000,0.0000,0.0000,0.0000,-0.0000,0.0000,1.0018
2026-05-07 19:41:21.140,0,10,10,0.00,0.0001,0.0000,0.0000,0.0000,0.0000,-0.0000,0.0000,1.0018
2026-05-07 19:41:21.640,0,9,10,0.00,0.0003,0.0001,0.0000,0.0000,0.0000,-0.0000,0.0000,1.0018
2026-05-07 19:41:22.140,0,10,10,0.00,0.0000,0.0000,0.0000,0.0000,0.0000,-0.0000,0.0000,1.0018
2026-05-07 19:41:22.640,0,10,10,0.00,0.0000,0.0001,0.0000,0.0000,0.0000,-0.0000,0.0000,1.0018
2026-05-07 19:41:23.140,0,10,10,0.00,-0.0003,-0.0003,0.0000,0.0000,0.0000,-0.0000,0.0000,1.0018
2026-05-07 19:41:23.640,0,10,10,0.00,0.0003,0.0000,0.0000,0.0000,0.0000,-0.0000,0.0000,1.0018
2026-05-07 19:41:24.140,0,10,10,0.00,0.0000,0.0000,0.0000,0.0000,0.0000,-0.0000,0.0000,1.0018
2026-05-07 19:41:24.640,0,9,10,0.00,0.0000,0.0001,0.0000,0.0000,0.0000,-0.0000,0.0000,1.0018
2026-05-07 19:41:25.140,0,9,10,0.00,0.0001,0.0000,0.0000,0.0000,0.0000,-0.0000,0.0000,1.0018
2026-05-07 19:41:25.640,0,10,10,0.00,0.0001,0.0001,0.0000,0.0000,0.0000,-0.0000,0.0000,1.0018
2026-05-07 19:41:26.140,0,9,10,0.00,-0.0001,0.0000,0.0000,0.0000,0.0000,-0.0000,0.0000,1.0018
2026-05-07 19:41:26.640,0,10,10,0.00,0.0001,0.0003,0.0000,0.0000,0.0000,-0.0000,0.0000,1.0018
2026-05-07 19:41:27.140,0,10,10,0.00,-0.0001,0.0003,0.0000,0.0000,0.0000,-0.0000,0.0000,1.0018
2026-05-07 19:41:27.640,0,10,10,0.00,0.0004,0.0000,0.0000,0.0000,0.0000,-0.0000,0.0000,1.0018
2026-05-07 19:41:28.140,0,10,10,0.00,0.0000,0.0000,0.0000,0.0000,0.0000,-0.0000,0.0000,1.0018
2026-05-07 19:41:28.640,0,10,10,0.00,0.0000,0.0000,0.0000,0.0000,0.0000,-0.0000,0.0000,1.0018
2026-05-07 19:41:29.140,0,10,10,0.00,0.0000,0.0000,0.0000,0.0000,0.0000,-0.0000,0.0000,1.0018
2026-05-07 19:41:29.640,0,10,10,0.00,-0.0001,0.0003,0.0000,0.0000,0.0000,-0.0000,0.0000,1.0018
2026-05-07 19:41:30.140,0,10,10,0.00,-0.0003,0.0001,0.0000,0.0000,0.0000,-0.0000,0.0000,1.0018
2026-05-07 19:41:30.640,0,10,10,0.00,-0.0001,0.0000,0.0000,0.0000,0.0000,-0.0000,0.0000,1.0018
2026-05-07 19:41:31.140,0,10,10,0.00,0.0000,-0.0001,0.0000,0.0000,0.0000,-0.0000,0.0000,1.0018
2026-05-07 19:41:31.640,0,10,10,0.00,0.0000,0.0000,0.0000,0.0000,0.0000,-0.0000,0.0000,1.0018
2026-05-07 19:41:32.140,0,10,10,0.00,0.0000,0.0001,0.0000,0.0000,0.0000,-0.0000,0.0000,1.0018
2026-05-07 19:41:32.640,0,10,10,0.00,-0.0001,-0.0003,0.0000,0.0000,0.0000,-0.0000,0.0000,1.0018
2026-05-07 19:41:33.140,0,10,10,0.00,-0.0001,0.0000,0.0000,0.0000,0.0000,-0.0000,0.0000,1.0018
2026-05-07 19:41:33.640,0,10,10,0.00,-0.0001,0.0000,0.0000,0.0000,0.0000,-0.0000,0.0000,1.0018
2026-05-07 19:41:34.140,0,10,10,0.00,-0.0001,0.0001,0.0000,0.0000,0.0000,-0.0000,0.0000,1.0018
2026-05-07 19:41:34.640,0,10,10,0.00,0.0000,0.0000,0.0000,0.0000,0.0000,-0.0000,0.0000,1.0018
2026-05-07 19:41:35.140,0,10,10,0.00,-0.0001,0.0000,0.0000,0.0000,0.0000,-0.0000,0.0000,1.0018
2026-05-07 19:41:35.640,0,10,10,0.00,-0.0004,-0.0003,0.0000,0.0000,0.0000,-0.0000,0.0000,1.0018
2026-05-07 19:41:36.140,0,10,10,0.00,0.0001,0.0000,0.0000,0.0000,0.0000,-0.0000,0.0000,1.0018
2026-05-07 19:41:36.640,0,10,10,0.00,-0.0001,0.0001,0.0000,0.0000,0.0000,-0.0000,0.0000,1.0018
2026-05-07 19:41:37.140,0,10,10,0.00,0.0000,-0.0001,0.0000,0.0000,0.0000,-0.0000,0.0000,1.0018
2026-05-07 19:41:37.640,0,10,10,0.00,-0.0001,-0.0001,0.0000,0.0000,0.0000,-0.0000,0.0000,1.0018
2026-05-07 19:41:38.140,0,10,10,0.00,-0.0001,-0.0001,0.0000,0.0000,0.0000,-0.0000,0.0000,1.0018
2026-05-07 19:41:38.640,0,10,10,0.00,-0.0003,0.0000,0.0000,0.0000,0.0000,-0.0000,0.0000,1.0018
2026-05-07 19:41:39.140,0,10,10,0.00,0.0003,-0.0001,0.0000,0.0000,0.0000,-0.0000,0.0000,1.0018
2026-05-07 19:41:39.640,0,10,10,0.00,-0.0001,-0.0001,0.0000,0.0000,0.0000,-0.0000,0.0000,1.0018
2026-05-07 19:41:40.140,0,10,10,0.00,0.0000,-0.0004,0.0000,0.0000,0.0000,-0.0000,0.0000,1.0018
2026-05-07 19:41:40.640,0,10,10,0.00,0.0001,-0.0001,0.0000,0.0000,0.0000,-0.0000,0.0000,1.0018
2026-05-07 19:41:41.140,0,10,10,0.00,0.0000,0.0000,0.0000,0.0000,0.0000,-0.0000,0.0000,1.0018
2026-05-07 19:41:41.640,0,9,10,0.00,-0.0005,-0.0001,0.0000,0.0000,0.0000,-0.0000,0.0000,1.0018
2026-05-07 19:41:42.140,0,9,10,0.00,0.0004,0.0000,0.0000,0.0000,0.0000,-0.0000,0.0000,1.0018
2026-05-07 19:41:42.640,0,10,10,0.00,0.0001,0.0000,0.0000,0.0000,0.0000,-0.0000,0.0000,1.0018
2026-05-07 19:41:43.140,0,10,10,0.00,0.0000,0.0000,0.0000,0.0000,0.0000,-0.0000,0.0000,1.0018
2026-05-07 19:41:43.640,0,10,10,0.00,-0.0004,0.0001,0.0000,0.0000,0.0000,-0.0000,0.0000,1.0018
2026-05-07 19:41:44.140,0,10,10,0.00,-0.0001,-0.0001,0.0000,0.0000,0.0000,-0.0000,0.0000,1.0018
2026-05-07 19:41:44.640,0,10,10,0.00,0.0003,0.0000,0.0000,0.0000,0.0000,-0.0000,0.0000,1.0018
2026-05-07 19:41:45.140,0,10,10,0.00,0.0000,0.0000,0.0000,0.0000,0.0000,-0.0000,0.0000,1.0018
2026-05-07 19:41:45.640,0,10,10,0.00,0.0000,0.0000,0.0000,0.0000,0.0000,-0.0000,0.0000,1.0018
2026-05-07 19:41:46.140,0,10,10,0.00,0.0000,0.0000,0.0000,0.0000,0.0000,-0.0000,0.0000,1.0018
2026-05-07 19:41:46.640,0,10,10,0.00,0.0000,0.0000,0.0000,0.0000,0.0000,-0.0000,0.0000,1.0018
2026-05-07 19:41:47.140,0,10,10,0.00,0.0000,0.0000,0.0000,0.0000,0.0000,-0.0000,0.0000,1.0018
2026-05-07 19:41:47.640,0,9,10,0.00,-0.0003,-0.0001,0.0000,0.0000,0.0000,-0.0000,0.0000,1.0018
2026-05-07 19:41:48.140,0,10,10,0.00,0.0000,0.0000,0.0000,0.0000,0.0000,-0.0000,0.0000,1.0018
2026-05-07 19:41:48.640,0,10,10,0.00,0.0000,0.0000,0.0000,0.0000,0.0000,-0.0000,0.0000,1.0018
2026-05-07 19:41:49.140,0,10,10,0.00,0.0000,0.0000,0.0000,0.0000,0.0000,-0.0000,0.0000,1.0018
2026-05-07 19:41:49.640,0,10,10,0.00,-0.0001,-0.0001,0.0000,0.0000,0.0000,-0.0000,0.0000,1.0018
2026-05-07 19:41:50.140,0,10,10,0.00,0.0004,0.0000,0.0000,0.0000,0.0000,-0.0000,0.0000,1.0018
2026-05-07 19:41:50.640,0,10,10,0.00,0.0000,-0.0003,0.0000,0.0000,0.0000,-0.0000,0.0000,1.0018
2026-05-07 19:41:51.140,0,10,10,0.00,-0.0001,-0.0004,0.0000,0.0000,0.0000,-0.0000,0.0000,1.0018
2026-05-07 19:41:51.640,0,10,10,0.00,0.0000,0.0000,0.0000,0.0000,0.0000,-0.0000,0.0000,1.0018
2026-05-07 19:41:52.140,0,10,10,0.00,0.0000,0.0000,0.0000,0.0000,0.0000,-0.0000,0.0000,1.0018
2026-05-07 19:41:52.640,0,10,10,0.00,-0.0003,-0.0001,0.0000,0.0000,0.0000,-0.0000,0.0000,1.0018
2026-05-07 19:41:53.140,0,10,10,0.00,0.0000,-0.0004,0.0000,0.0000,0.0000,-0.0000,0.0000,1.0018
2026-05-07 19:41:53.640,0,10,10,0.00,0.0000,-0.0001,0.0000,0.0000,0.0000,-0.0000,0.0000,1.0018
2026-05-07 19:41:54.141,0,10,10,0.00,0.0000,0.0000,0.0000,0.0000,0.0000,-0.0000,0.0000,1.0018
2026-05-07 19:41:54.640,0,10,10,0.00,-0.0001,0.0000,0.0000,0.0000,0.0000,-0.0000,0.0000,1.0018
2026-05-07 19:41:55.140,0,10,10,0.00,0.0001,0.0003,0.0000,0.0000,0.0000,-0.0000,0.0000,1.0018
2026-05-07 19:41:55.640,0,10,10,0.00,0.0001,0.0000,0.0000,0.0000,0.0000,-0.0000,0.0000,1.0018
2026-05-07 19:41:56.140,0,10,10,0.00,0.0004,0.0000,0.0000,0.0000,0.0000,-0.0000,0.0000,1.0018
2026-05-07 19:41:56.640,0,9,10,0.00,0.0003,-0.0003,0.0000,0.0000,0.0000,-0.0000,0.0000,1.0018
2026-05-07 19:41:57.140,0,10,10,0.00,-0.0001,0.0000,0.0000,0.0000,0.0000,-0.0000,0.0000,1.0018
2026-05-07 19:41:57.640,0,10,10,0.00,0.0000,0.0000,0.0000,0.0000,0.0000,-0.0000,0.0000,1.0018
2026-05-07 19:41:58.140,0,10,10,0.00,-0.0003,0.0001,0.0000,0.0000,0.0000,-0.0000,0.0000,1.0018
2026-05-07 19:41:58.640,0,10,10,0.00,-0.0001,0.0000,0.0000,0.0000,0.0000,-0.0000,0.0000,1.0018
2026-05-07 19:41:59.140,0,9,10,0.00,0.0001,0.0000,0.0000,0.0000,0.0000,-0.0000,0.0000,1.0018
2026-05-07 19:41:59.640,0,10,10,0.00,0.0000,0.0001,0.0000,0.0000,0.0000,-0.0000,0.0000,1.0018
2026-05-07 19:42:00.140,0,10,10,0.00,-0.0003,0.0001,0.0000,0.0000,0.0000,-0.0000,0.0000,1.0018
2026-05-07 19:42:00.640,0,10,10,0.00,0.0000,0.0000,0.0000,0.0000,0.0000,-0.0000,0.0000,1.0018
2026-05-07 19:42:01.140,0,10,10,0.00,-0.0001,0.0000,0.0000,0.0000,0.0000,-0.0000,0.0000,1.0018
2026-05-07 19:42:01.640,0,9,10,0.00,0.0000,0.0000,0.0000,0.0000,0.0000,-0.0000,0.0000,1.0018
2026-05-07 19:42:02.140,0,10,10,0.00,0.0000,0.0000,0.0000,0.0000,0.0000,-0.0000,0.0000,1.0018
2026-05-07 19:42:02.640,0,10,10,0.00,0.0001,0.0001,0.0000,0.0000,0.0000,-0.0000,0.0000,1.0018
2026-05-07 19:42:03.140,0,10,10,0.00,-0.0004,0.0001,0.0000,0.0000,0.0000,-0.0000,0.0000,1.0018
2026-05-07 19:42:03.640,0,10,10,0.00,0.0003,0.0001,0.0000,0.0000,0.0000,-0.0000,0.0000,1.0018
2026-05-07 19:42:04.140,0,10,10,0.00,0.0000,0.0003,0.0000,0.0000,0.0000,-0.0000,0.0000,1.0018
2026-05-07 19:42:04.640,0,10,10,0.00,0.0000,-0.0001,0.0000,0.0000,0.0000,-0.0000,0.0000,1.0018
2026-05-07 19:42:05.140,0,9,10,0.00,0.0000,0.0000,0.0000,0.0000,0.0000,-0.0000,0.0000,1.0018
2026-05-07 19:42:05.640,0,10,10,0.00,0.0000,0.0001,0.0000,0.0000,0.0000,-0.0000,0.0000,1.0018
2026-05-07 19:42:06.140,0,10,10,0.00,0.0001,0.0000,0.0000,0.0000,0.0000,-0.0000,0.0000,1.0018
2026-05-07 19:42:06.640,0,10,10,0.00,0.0000,0.0000,0.0000,0.0000,0.0000,-0.0000,0.0000,1.0018
2026-05-07 19:42:07.140,0,10,10,0.00,0.0001,0.0003,0.0000,0.0000,0.0000,-0.0000,0.0000,1.0018
2026-05-07 19:42:07.640,0,10,10,0.00,0.0000,0.0000,0.0000,0.0000,0.0000,-0.0000,0.0000,1.0018
2026-05-07 19:42:08.140,0,10,10,0.00,0.0000,0.0000,0.0000,0.0000,0.0000,-0.0000,0.0000,1.0018
2026-05-07 19:42:08.640,0,10,10,0.00,0.0000,0.0000,0.0000,0.0000,0.0000,-0.0000,0.0000,1.0018
2026-05-07 19:42:09.140,0,10,10,0.00,0.0000,0.0001,0.0000,0.0000,0.0000,-0.0000,0.0000,1.0018
2026-05-07 19:42:09.640,0,10,10,0.00,0.0003,0.0000,0.0000,0.0000,0.0000,-0.0000,0.0000,1.0018
2026-05-07 19:42:10.140,0,10,10,0.00,0.0004,0.0000,0.0000,0.0000,0.0000,-0.0000,0.0000,1.0018
2026-05-07 19:42:10.640,0,10,10,0.00,0.0000,0.0000,0.0000,0.0000,0.0000,-0.0000,0.0000,1.0018
2026-05-07 19:42:11.140,0,10,10,0.00,0.0000,-0.0003,0.0000,0.0000,0.0000,-0.0000,0.0000,1.0018
2026-05-07 19:42:11.640,0,10,10,0.00,0.0000,-0.0003,0.0000,0.0000,0.0000,-0.0000,0.0000,1.0018
2026-05-07 19:42:12.140,0,10,10,0.00,0.0000,0.0000,0.0000,0.0000,0.0000,-0.0000,0.0000,1.0018
2026-05-07 19:42:12.640,0,10,10,0.00,0.0000,0.0000,0.0000,0.0000,0.0000,-0.0000,0.0000,1.0018
2026-05-07 19:42:13.140,0,10,10,0.00,-0.0003,-0.0001,0.0000,0.0000,0.0000,-0.0000,0.0000,1.0018
2026-05-07 19:42:13.640,0,9,10,0.00,0.0001,0.0000,0.0000,0.0000,0.0000,-0.0000,0.0000,1.0018
2026-05-07 19:42:14.140,0,10,10,0.00,0.0000,-0.0001,0.0000,0.0000,0.0000,-0.0000,0.0000,1.0018
2026-05-07 19:42:14.640,0,10,10,0.00,0.0001,-0.0001,0.0000,0.0000,0.0000,-0.0000,0.0000,1.0018
2026-05-07 19:42:15.140,0,10,10,0.00,0.0001,0.0001,0.0000,0.0000,0.0000,-0.0000,0.0000,1.0018
2026-05-07 19:42:15.640,0,10,10,0.00,0.0000,0.0003,0.0000,0.0000,0.0000,-0.0000,0.0000,1.0018
2026-05-07 19:42:16.140,0,10,10,0.00,0.0000,0.0004,0.0000,0.0000,0.0000,-0.0000,0.0000,1.0018
2026-05-07 19:42:16.640,0,10,10,0.00,-0.0004,-0.0001,0.0000,0.0000,0.0000,-0.0000,0.0000,1.0018
2026-05-07 19:42:17.144,0,10,10,0.00,-0.0001,0.0001,0.0000,0.0000,0.0000,-0.0000,0.0000,1.0018
2026-05-07 19:42:17.640,0,10,10,0.00,0.0001,0.0000,0.0000,0.0000,0.0000,-0.0000,0.0000,1.0018
2026-05-07 19:42:18.140,0,10,10,0.00,0.0000,0.0003,0.0000,0.0000,0.0000,-0.0000,0.0000,1.0018
2026-05-07 19:42:18.640,0,10,10,0.00,0.0001,0.0000,0.0000,0.0000,0.0000,-0.0000,0.0000,1.0018
2026-05-07 19:42:19.140,0,10,10,0.00,0.0000,-0.0001,0.0000,0.0000,0.0000,-0.0000,0.0000,1.0018
2026-05-07 19:42:19.640,0,10,10,0.00,0.0001,0.0000,0.0000,0.0000,0.0000,-0.0000,0.0000,1.0018
2026-05-07 19:42:20.140,0,9,10,0.00,0.0001,0.0000,0.0000,0.0000,0.0000,-0.0000,0.0000,1.0018
2026-05-07 19:42:20.640,0,10,10,0.00,0.0000,0.0000,0.0000,0.0000,0.0000,-0.0000,0.0000,1.0018
2026-05-07 19:42:21.140,0,10,10,0.00,0.0000,0.0000,0.0000,0.0000,0.0000,-0.0000,0.0000,1.0018
2026-05-07 19:42:21.640,0,10,10,0.00,0.0003,0.0000,0.0000,0.0000,0.0000,-0.0000,0.0000,1.0018
2026-05-07 19:42:22.140,0,9,10,0.00,0.0000,0.0000,0.0000,0.0000,0.0000,-0.0000,0.0000,1.0018
2026-05-07 19:42:22.640,0,10,10,0.00,0.0000,0.0000,0.0000,0.0000,0.0000,-0.0000,0.0000,1.0018
2026-05-07 19:42:23.140,0,9,10,0.00,-0.0003,0.0000,0.0000,0.0000,0.0000,-0.0000,0.0000,1.0018
2026-05-07 19:42:23.640,0,10,10,0.00,0.0000,0.0000,0.0000,0.0000,0.0000,-0.0000,0.0000,1.0018
2026-05-07 19:42:24.140,0,9,10,0.00,-0.0001,0.0000,0.0000,0.0000,0.0000,-0.0000,0.0000,1.0018
2026-05-07 19:42:24.640,0,9,10,0.00,0.0000,0.0000,0.0000,0.0000,0.0000,-0.0000,0.0000,1.0018
2026-05-07 19:42:25.140,0,9,10,0.00,0.0000,-0.0003,0.0000,0.0000,0.0000,-0.0000,0.0000,1.0018
2026-05-07 19:42:25.640,0,9,10,0.00,0.0000,0.0000,0.0000,0.0000,0.0000,-0.0000,0.0000,1.0018
2026-05-07 19:42:26.140,0,9,10,0.00,0.0001,0.0000,0.0000,0.0000,0.0000,-0.0000,0.0000,1.0018
2026-05-07 19:42:26.640,0,8,10,0.00,0.0001,0.0000,0.0000,0.0000,0.0000,-0.0000,0.0000,1.0018
2026-05-07 19:42:27.141,0,10,10,0.00,0.0001,-0.0001,0.0000,0.0000,0.0000,-0.0000,0.0000,1.0018
2026-05-07 19:42:27.640,0,9,10,0.00,-0.0003,0.0003,0.0000,0.0000,0.0000,-0.0000,0.0000,1.0018
2026-05-07 19:42:28.140,0,9,10,0.00,0.0000,0.0000,0.0000,0.0000,0.0000,-0.0000,0.0000,1.0018
2026-05-07 19:42:28.640,0,9,10,0.00,0.0004,0.0000,0.0000,0.0000,0.0000,-0.0000,0.0000,1.0018
2026-05-07 19:42:29.140,0,10,10,0.00,0.0000,0.0000,0.0000,0.0000,0.0000,-0.0000,0.0000,1.0018
2026-05-07 19:42:29.640,0,10,10,0.00,0.0000,0.0001,0.0000,0.0000,0.0000,-0.0000,0.0000,1.0018
2026-05-07 19:42:30.140,0,10,10,0.00,0.0000,0.0003,0.0000,0.0000,0.0000,-0.0000,0.0000,1.0018
2026-05-07 19:42:30.640,0,10,10,0.00,0.0005,0.0000,0.0000,0.0000,0.0000,-0.0000,0.0000,1.0018
2026-05-07 19:42:31.140,0,10,10,0.00,0.0005,0.0000,0.0000,0.0000,0.0000,-0.0000,0.0000,1.0018
2026-05-07 19:42:31.640,0,10,10,0.00,0.0000,0.0000,0.0000,0.0000,0.0000,-0.0000,0.0000,1.0018
2026-05-07 19:42:32.140,0,10,10,0.00,0.0004,-0.0004,0.0000,0.0000,0.0000,-0.0000,0.0000,1.0018
2026-05-07 19:42:32.640,0,10,10,0.00,0.0001,0.0000,0.0000,0.0000,0.0000,-0.0000,0.0000,1.0018
2026-05-07 19:42:33.140,0,10,10,0.00,0.0000,0.0000,0.0000,0.0000,0.0000,-0.0000,0.0000,1.0018
2026-05-07 19:42:33.640,0,9,10,0.00,-0.0001,0.0000,0.0000,0.0000,0.0000,-0.0000,0.0000,1.0018
2026-05-07 19:42:34.140,0,10,10,0.00,0.0001,0.0000,0.0000,0.0000,0.0000,-0.0000,0.0000,1.0018
2026-05-07 19:42:34.640,0,10,10,0.00,-0.0001,0.0000,0.0000,0.0000,0.0000,-0.0000,0.0000,1.0018
2026-05-07 19:42:35.140,0,10,10,0.00,0.0000,-0.0001,0.0000,0.0000,0.0000,-0.0000,0.0000,1.0018
2026-05-07 19:42:35.640,0,10,10,0.00,-0.0001,0.0003,0.0000,0.0000,0.0000,-0.0000,0.0000,1.0018
2026-05-07 19:42:36.140,0,10,10,0.00,0.0000,0.0000,0.0000,0.0000,0.0000,-0.0000,0.0000,1.0018
2026-05-07 19:42:36.640,0,10,10,0.00,0.0000,0.0000,0.0000,0.0000,0.0000,-0.0000,0.0000,1.0018
2026-05-07 19:42:37.140,0,10,10,0.00,0.0004,0.0001,0.0000,0.0000,0.0000,-0.0000,0.0000,1.0018
2026-05-07 19:42:37.640,0,10,10,0.00,-0.0003,-0.0003,0.0000,0.0000,0.0000,-0.0000,0.0000,1.0018
2026-05-07 19:42:38.140,0,10,10,0.00,0.0000,0.0000,0.0000,0.0000,0.0000,-0.0000,0.0000,1.0018
2026-05-07 19:42:38.640,0,10,10,0.00,0.0000,0.0000,0.0000,0.0000,0.0000,-0.0000,0.0000,1.0018
2026-05-07 19:42:39.140,0,10,10,0.00,0.0000,0.0001,0.0000,0.0000,0.0000,-0.0000,0.0000,1.0018
2026-05-07 19:42:39.640,0,10,10,0.00,0.0000,-0.0001,0.0000,0.0000,0.0000,-0.0000,0.0000,1.0018
2026-05-07 19:42:40.140,0,10,10,0.00,0.0000,0.0001,0.0000,0.0000,0.0000,-0.0000,0.0000,1.0018
2026-05-07 19:42:40.640,0,10,10,0.00,-0.0001,0.0000,0.0000,0.0000,0.0000,-0.0000,0.0000,1.0018
2026-05-07 19:42:41.140,0,10,10,0.00,0.0001,0.0000,0.0000,0.0000,0.0000,-0.0000,0.0000,1.0018
2026-05-07 19:42:41.640,0,10,10,0.00,-0.0003,0.0000,0.0000,0.0000,0.0000,-0.0000,0.0000,1.0018
2026-05-07 19:42:42.140,0,10,10,0.00,0.0000,-0.0001,0.0000,0.0000,0.0000,-0.0000,0.0000,1.0018
2026-05-07 19:42:42.640,0,10,10,0.00,0.0000,0.0003,0.0000,0.0000,0.0000,-0.0000,0.0000,1.0018
2026-05-07 19:42:43.140,0,10,10,0.00,0.0000,0.0001,0.0000,0.0000,0.0000,-0.0000,0.0000,1.0018
2026-05-07 19:42:43.640,0,10,10,0.00,0.0000,0.0000,0.0000,0.0000,0.0000,-0.0000,0.0000,1.0018
2026-05-07 19:42:44.140,0,10,10,0.00,0.0000,0.0000,0.0000,0.0000,0.0000,-0.0000,0.0000,1.0018
2026-05-07 19:42:44.640,0,10,10,0.00,0.0000,0.0000,0.0000,0.0000,0.0000,-0.0000,0.0000,1.0018
2026-05-07 19:42:45.140,0,9,10,0.00,0.0003,0.0000,0.0000,0.0000,0.0000,-0.0000,0.0000,1.0018
2026-05-07 19:42:45.640,0,10,10,0.00,-0.0003,0.0001,0.0000,0.0000,0.0000,-0.0000,0.0000,1.0018
2026-05-07 19:42:46.140,0,10,10,0.00,0.0004,0.0001,0.0000,0.0000,0.0000,-0.0000,0.0000,1.0018
2026-05-07 19:42:46.640,0,9,10,0.00,0.0000,0.0000,0.0000,0.0000,0.0000,-0.0000,0.0000,1.0018
2026-05-07 19:42:47.140,0,10,10,0.00,0.0000,0.0001,0.0000,0.0000,0.0000,-0.0000,0.0000,1.0018
2026-05-07 19:42:47.640,0,10,10,0.00,0.0000,-0.0001,0.0000,0.0000,0.0000,-0.0000,0.0000,1.0018
2026-05-07 19:42:48.140,0,10,10,0.00,0.0003,-0.0001,0.0000,0.0000,0.0000,-0.0000,0.0000,1.0018
2026-05-07 19:42:48.640,0,10,10,0.00,0.0000,0.0000,0.0000,0.0000,0.0000,-0.0000,0.0000,1.0018
2026-05-07 19:42:49.140,0,10,10,0.00,0.0001,0.0000,0.0000,0.0000,0.0000,-0.0000,0.0000,1.0018
2026-05-07 19:42:49.640,0,10,10,0.00,0.0000,0.0000,0.0000,0.0000,0.0000,-0.0000,0.0000,1.0018
2026-05-07 19:42:50.140,0,10,10,0.00,0.0000,-0.0001,0.0000,0.0000,0.0000,-0.0000,0.0000,1.0018
2026-05-07 19:42:50.640,0,10,10,0.00,0.0000,0.0000,0.0000,0.0000,0.0000,-0.0000,0.0000,1.0018
2026-05-07 19:42:51.140,0,9,10,0.00,-0.0001,-0.0001,0.0000,0.0000,0.0000,-0.0000,0.0000,1.0018
2026-05-07 19:42:51.640,0,10,10,0.00,0.0001,-0.0003,0.0000,0.0000,0.0000,-0.0000,0.0000,1.0018
2026-05-07 19:42:52.140,0,10,10,0.00,-0.0001,0.0001,0.0000,0.0000,0.0000,-0.0000,0.0000,1.0018
2026-05-07 19:42:52.640,0,10,10,0.00,-0.0001,0.0000,0.0000,0.0000,0.0000,-0.0000,0.0000,1.0018
2026-05-07 19:42:53.140,0,9,10,0.00,0.0001,-0.0001,0.0000,0.0000,0.0000,-0.0000,0.0000,1.0018
2026-05-07 19:42:53.640,0,10,10,0.00,-0.0001,0.0001,0.0000,0.0000,0.0000,-0.0000,0.0000,1.0018
2026-05-07 19:42:54.140,0,9,10,0.00,0.0005,0.0000,0.0000,0.0000,0.0000,-0.0000,0.0000,1.0018
2026-05-07 19:42:54.640,0,10,10,0.00,0.0000,0.0000,0.0000,0.0000,0.0000,-0.0000,0.0000,1.0018
2026-05-07 19:42:55.140,0,10,10,0.00,0.0001,0.0000,0.0000,0.0000,0.0000,-0.0000,0.0000,1.0018
2026-05-07 19:42:55.640,0,10,10,0.00,-0.0004,0.0000,0.0000,0.0000,0.0000,-0.0000,0.0000,1.0018
2026-05-07 19:42:56.140,0,10,10,0.00,0.0000,0.0001,0.0000,0.0000,0.0000,-0.0000,0.0000,1.0018
2026-05-07 19:42:56.640,0,10,10,0.00,0.0003,0.0000,0.0000,0.0000,0.0000,-0.0000,0.0000,1.0018
2026-05-07 19:42:57.140,0,10,10,0.00,0.0000,0.0000,0.0000,0.0000,0.0000,-0.0000,0.0000,1.0018
2026-05-07 19:42:57.640,0,10,10,0.00,-0.0001,0.0000,0.0000,0.0000,0.0000,-0.0000,0.0000,1.0018
2026-05-07 19:42:58.140,0,10,10,0.00,-0.0001,0.0000,0.0000,0.0000,0.0000,-0.0000,0.0000,1.0018
2026-05-07 19:42:58.640,0,10,10,0.00,-0.0001,0.0000,0.0000,0.0000,0.0000,-0.0000,0.0000,1.0018
2026-05-07 19:42:59.140,0,10,10,0.00,0.0000,0.0000,0.0000,0.0000,0.0000,-0.0000,0.0000,1.0018
2026-05-07 19:42:59.640,0,10,10,0.00,-0.0003,-0.0001,0.0000,0.0000,0.0000,-0.0000,0.0000,1.0018
2026-05-07 19:43:00.140,0,10,10,0.00,0.0000,0.0000,0.0000,0.0000,0.0000,-0.0000,0.0000,1.0018
2026-05-07 19:43:00.640,0,10,10,0.00,0.0000,0.0001,0.0000,0.0000,0.0000,-0.0000,0.0000,1.0018
2026-05-07 19:43:01.140,0,10,10,0.00,0.0000,-0.0003,0.0000,0.0000,0.0000,-0.0000,0.0000,1.0018
2026-05-07 19:43:01.640,0,10,10,0.00,0.0000,-0.0001,0.0000,0.0000,0.0000,-0.0000,0.0000,1.0018
2026-05-07 19:43:02.140,0,10,10,0.00,0.0000,-0.0001,0.0000,0.0000,0.0000,-0.0000,0.0000,1.0018
2026-05-07 19:43:02.640,0,10,10,0.00,-0.0001,0.0000,0.0000,0.0000,0.0000,-0.0000,0.0000,1.0018
2026-05-07 19:43:03.140,0,10,10,0.00,-0.0005,0.0001,0.0000,0.0000,0.0000,-0.0000,0.0000,1.0018
2026-05-07 19:43:03.640,0,10,10,0.00,0.0003,0.0001,0.0000,0.0000,0.0000,-0.0000,0.0000,1.0018
2026-05-07 19:43:04.140,0,10,10,0.00,0.0003,0.0000,0.0000,0.0000,0.0000,-0.0000,0.0000,1.0018
2026-05-07 19:43:04.640,0,10,10,0.00,-0.0001,-0.0001,0.0000,0.0000,0.0000,-0.0000,0.0000,1.0018
2026-05-07 19:43:05.140,0,10,10,0.00,-0.0001,-0.0001,0.0000,0.0000,0.0000,-0.0000,0.0000,1.0018
2026-05-07 19:43:05.640,0,10,10,0.00,0.0000,0.0000,0.0000,0.0000,0.0000,-0.0000,0.0000,1.0018
2026-05-07 19:43:06.140,0,10,10,0.00,0.0000,0.0000,0.0000,0.0000,0.0000,-0.0000,0.0000,1.0018
2026-05-07 19:43:06.640,0,10,10,0.00,0.0000,0.0001,0.0000,0.0000,0.0000,-0.0000,0.0000,1.0018
2026-05-07 19:43:07.140,0,10,10,0.00,-0.0001,-0.0001,0.0000,0.0000,0.0000,-0.0000,0.0000,1.0018
2026-05-07 19:43:07.640,0,10,10,0.00,-0.0001,-0.0001,0.0000,0.0000,0.0000,-0.0000,0.0000,1.0018
2026-05-07 19:43:08.140,0,10,10,0.00,0.0000,0.0000,0.0000,0.0000,0.0000,-0.0000,0.0000,1.0018
2026-05-07 19:43:08.640,0,10,10,0.00,0.0000,0.0000,0.0000,0.0000,0.0000,-0.0000,0.0000,1.0018
2026-05-07 19:43:09.140,0,10,10,0.00,0.0000,-0.0001,0.0000,0.0000,0.0000,-0.0000,0.0000,1.0018
2026-05-07 19:43:09.640,0,10,10,0.00,0.0000,0.0000,0.0000,0.0000,0.0000,-0.0000,0.0000,1.0018
2026-05-07 19:43:10.140,0,10,10,0.00,0.0000,0.0000,0.0000,0.0000,0.0000,-0.0000,0.0000,1.0018
2026-05-07 19:43:10.640,0,10,10,0.00,0.0000,-0.0001,0.0000,0.0000,0.0000,-0.0000,0.0000,1.0018
2026-05-07 19:43:11.140,0,10,10,0.00,0.0000,0.0000,0.0000,0.0000,0.0000,-0.0000,0.0000,1.0018
2026-05-07 19:43:11.640,0,10,10,0.00,0.0000,0.0001,0.0000,0.0000,0.0000,-0.0000,0.0000,1.0018
2026-05-07 19:43:12.140,0,10,10,0.00,0.0001,0.0000,0.0000,0.0000,0.0000,-0.0000,0.0000,1.0018
2026-05-07 19:43:12.640,0,10,10,0.00,0.0000,0.0000,0.0000,0.0000,0.0000,-0.0000,0.0000,1.0018
2026-05-07 19:43:13.140,0,10,10,0.00,-0.0001,0.0001,0.0000,0.0000,0.0000,-0.0000,0.0000,1.0018
2026-05-07 19:43:13.640,0,10,10,0.00,0.0000,0.0000,0.0000,0.0000,0.0000,-0.0000,0.0000,1.0018
2026-05-07 19:43:14.140,0,10,10,0.00,0.0000,0.0000,0.0000,0.0000,0.0000,-0.0000,0.0000,1.0018
2026-05-07 19:43:14.640,0,10,10,0.00,0.0000,-0.0003,0.0000,0.0000,0.0000,-0.0000,0.0000,1.0018
2026-05-07 19:43:15.140,0,10,10,0.00,0.0000,-0.0001,0.0000,0.0000,0.0000,-0.0000,0.0000,1.0018
2026-05-07 19:43:15.640,0,10,10,0.00,0.0000,0.0001,0.0000,0.0000,0.0000,-0.0000,0.0000,1.0018
2026-05-07 19:43:16.140,0,10,10,0.00,0.0000,0.0000,0.0000,0.0000,0.0000,-0.0000,0.0000,1.0018
2026-05-07 19:43:16.640,0,10,10,0.00,0.0000,0.0000,0.0000,0.0000,0.0000,-0.0000,0.0000,1.0018
2026-05-07 19:43:17.140,0,10,10,0.00,0.0000,0.0003,0.0000,0.0000,0.0000,-0.0000,0.0000,1.0018
2026-05-07 19:43:17.640,0,10,10,0.00,0.0000,0.0003,0.0000,0.0000,0.0000,-0.0000,0.0000,1.0018
2026-05-07 19:43:18.140,0,10,10,0.00,0.0000,0.0000,0.0000,0.0000,0.0000,-0.0000,0.0000,1.0018
2026-05-07 19:43:18.640,0,10,10,0.00,0.0000,0.0000,0.0000,0.0000,0.0000,-0.0000,0.0000,1.0018
2026-05-07 19:43:19.140,0,10,10,0.00,0.0000,0.0000,0.0000,0.0000,0.0000,-0.0000,0.0000,1.0018
2026-05-07 19:43:19.640,0,10,10,0.00,0.0000,0.0000,0.0000,0.0000,0.0000,-0.0000,0.0000,1.0018
2026-05-07 19:43:20.140,0,10,10,0.00,0.0000,0.0000,0.0000,0.0000,0.0000,-0.0000,0.0000,1.0018
2026-05-07 19:43:20.640,0,10,10,0.00,0.0005,0.0000,0.0000,0.0000,0.0000,-0.0000,0.0000,1.0018
2026-05-07 19:43:21.140,0,10,10,0.00,0.0000,0.0001,0.0000,0.0000,0.0000,-0.0000,0.0000,1.0018
2026-05-07 19:43:21.640,0,10,10,0.00,0.0000,0.0000,0.0000,0.0000,0.0000,-0.0000,0.0000,1.0018
2026-05-07 19:43:22.140,0,10,10,0.00,0.0000,0.0001,0.0000,0.0000,0.0000,-0.0000,0.0000,1.0018
2026-05-07 19:43:22.640,0,10,10,0.00,0.0000,0.0000,0.0000,0.0000,0.0000,-0.0000,0.0000,1.0018
2026-05-07 19:43:23.140,0,10,10,0.00,0.0001,0.0001,0.0000,0.0000,0.0000,-0.0000,0.0000,1.0018
2026-05-07 19:43:23.640,0,10,10,0.00,0.0000,0.0000,0.0000,0.0000,0.0000,-0.0000,0.0000,1.0018
2026-05-07 19:43:24.140,0,10,10,0.00,0.0000,0.0001,0.0000,0.0000,0.0000,-0.0000,0.0000,1.0018
2026-05-07 19:43:24.640,0,10,10,0.00,0.0000,0.0003,0.0000,0.0000,0.0000,-0.0000,0.0000,1.0018
2026-05-07 19:43:25.140,0,10,10,0.00,0.0001,0.0000,0.0000,0.0000,0.0000,-0.0000,0.0000,1.0018
2026-05-07 19:43:25.640,0,10,10,0.00,0.0000,-0.0001,0.0000,0.0000,0.0000,-0.0000,0.0000,1.0018
2026-05-07 19:43:26.140,0,10,10,0.00,0.0001,0.0000,0.0000,0.0000,0.0000,-0.0000,0.0000,1.0018
2026-05-07 19:43:26.640,0,10,10,0.00,0.0000,0.0000,0.0000,0.0000,0.0000,-0.0000,0.0000,1.0018
2026-05-07 19:43:27.140,0,10,10,0.00,0.0000,0.0001,0.0000,0.0000,0.0000,-0.0000,0.0000,1.0018
2026-05-07 19:43:27.640,0,10,10,0.00,0.0000,0.0001,0.0000,0.0000,0.0000,-0.0000,0.0000,1.0018
2026-05-07 19:43:28.140,0,10,10,0.00,0.0000,0.0000,0.0000,0.0000,0.0000,-0.0000,0.0000,1.0018
2026-05-07 19:43:28.640,0,10,10,0.00,0.0003,-0.0003,0.0000,0.0000,0.0000,-0.0000,0.0000,1.0018
2026-05-07 19:43:29.140,0,10,10,0.00,0.0000,-0.0003,0.0000,0.0000,0.0000,-0.0000,0.0000,1.0018
2026-05-07 19:43:29.640,0,10,10,0.00,0.0000,0.0000,0.0000,0.0000,0.0000,-0.0000,0.0000,1.0018
2026-05-07 19:43:30.140,0,10,10,0.00,0.0000,-0.0001,0.0000,0.0000,0.0000,-0.0000,0.0000,1.0018
2026-05-07 19:43:30.640,0,10,10,0.00,0.0000,0.0001,0.0000,0.0000,0.0000,-0.0000,0.0000,1.0018
2026-05-07 19:43:31.140,0,10,10,0.00,0.0003,0.0001,0.0000,0.0000,0.0000,-0.0000,0.0000,1.0018
2026-05-07 19:43:31.640,0,10,10,0.00,0.0001,-0.0003,0.0000,0.0000,0.0000,-0.0000,0.0000,1.0018
2026-05-07 19:43:32.140,0,10,10,0.00,0.0000,0.0000,0.0000,0.0000,0.0000,-0.0000,0.0000,1.0018
2026-05-07 19:43:32.640,0,10,10,0.00,0.0001,0.0000,0.0000,0.0000,0.0000,-0.0000,0.0000,1.0018
2026-05-07 19:43:33.140,0,10,10,0.00,0.0000,0.0000,0.0000,0.0000,0.0000,-0.0000,0.0000,1.0018
2026-05-07 19:43:33.640,0,10,10,0.00,0.0001,-0.0004,0.0000,0.0000,0.0000,-0.0000,0.0000,1.0018
2026-05-07 19:43:34.140,0,10,10,0.00,0.0000,0.0001,0.0000,0.0000,0.0000,-0.0000,0.0000,1.0018
2026-05-07 19:43:34.640,0,10,10,0.00,0.0000,0.0000,0.0000,0.0000,0.0000,-0.0000,0.0000,1.0018
2026-05-07 19:43:35.140,0,10,10,0.00,0.0000,0.0000,0.0000,0.0000,0.0000,-0.0000,0.0000,1.0018
2026-05-07 19:43:35.640,0,10,10,0.00,-0.0001,0.0000,0.0000,0.0000,0.0000,-0.0000,0.0000,1.0018
2026-05-07 19:43:36.140,0,10,10,0.00,0.0001,0.0004,0.0000,0.0000,0.0000,-0.0000,0.0000,1.0018
2026-05-07 19:43:36.640,0,10,10,0.00,-0.0001,-0.0001,0.0000,0.0000,0.0000,-0.0000,0.0000,1.0018
2026-05-07 19:43:37.140,0,9,10,0.00,0.0000,0.0000,0.0000,0.0000,0.0000,-0.0000,0.0000,1.0018
2026-05-07 19:43:37.640,0,10,10,0.00,0.0001,0.0000,0.0000,0.0000,0.0000,-0.0000,0.0000,1.0018
2026-05-07 19:43:38.140,0,10,10,0.00,0.0004,-0.0003,0.0000,0.0000,0.0000,-0.0000,0.0000,1.0018
2026-05-07 19:43:38.640,0,10,10,0.00,-0.0001,0.0001,0.0000,0.0000,0.0000,-0.0000,0.0000,1.0018
2026-05-07 19:43:39.140,0,10,10,0.00,0.0000,-0.0001,0.0000,0.0000,0.0000,-0.0000,0.0000,1.0018
2026-05-07 19:43:39.640,0,10,10,0.00,0.0000,0.0000,0.0000,0.0000,0.0000,-0.0000,0.0000,1.0018
2026-05-07 19:43:40.140,0,9,10,0.00,0.0003,0.0000,0.0000,0.0000,0.0000,-0.0000,0.0000,1.0018
2026-05-07 19:43:40.640,0,10,10,0.00,0.0000,0.0000,0.0000,0.0000,0.0000,-0.0000,0.0000,1.0018
2026-05-07 19:43:41.140,0,9,10,0.00,0.0000,0.0001,0.0000,0.0000,0.0000,-0.0000,0.0000,1.0018
2026-05-07 19:43:41.640,0,10,10,0.00,-0.0003,0.0000,0.0000,0.0000,0.0000,-0.0000,0.0000,1.0018
2026-05-07 19:43:42.140,0,9,10,0.00,0.0000,0.0003,0.0000,0.0000,0.0000,-0.0000,0.0000,1.0018
2026-05-07 19:43:42.640,0,10,10,0.00,0.0000,0.0000,0.0000,0.0000,0.0000,-0.0000,0.0000,1.0018
2026-05-07 19:43:43.140,0,8,10,0.00,0.0001,0.0001,0.0000,0.0000,0.0000,-0.0000,0.0000,1.0018
2026-05-07 19:43:43.640,0,10,10,0.00,0.0001,0.0000,0.0000,0.0000,0.0000,-0.0000,0.0000,1.0018
2026-05-07 19:43:44.140,0,10,10,0.00,0.0004,0.0000,0.0000,0.0000,0.0000,-0.0000,0.0000,1.0018
2026-05-07 19:43:44.640,0,10,10,0.00,0.0000,-0.0001,0.0000,0.0000,0.0000,-0.0000,0.0000,1.0018
2026-05-07 19:43:45.140,0,10,10,0.00,-0.0001,0.0000,0.0000,0.0000,0.0000,-0.0000,0.0000,1.0018
2026-05-07 19:43:45.640,0,10,10,0.00,0.0000,0.0000,0.0000,0.0000,0.0000,-0.0000,0.0000,1.0018
2026-05-07 19:43:46.140,0,10,10,0.00,0.0003,-0.0001,0.0000,0.0000,0.0000,-0.0000,0.0000,1.0018
2026-05-07 19:43:46.640,0,10,10,0.00,-0.0001,-0.0003,0.0000,0.0000,0.0000,-0.0000,0.0000,1.0018
2026-05-07 19:43:47.140,0,10,10,0.00,0.0000,-0.0001,0.0000,0.0000,0.0000,-0.0000,0.0000,1.0018
2026-05-07 19:43:47.640,0,10,10,0.00,0.0003,0.0000,0.0000,0.0000,0.0000,-0.0000,0.0000,1.0018
2026-05-07 19:43:48.140,0,10,10,0.00,-0.0003,0.0000,0.0000,0.0000,0.0000,-0.0000,0.0000,1.0018
2026-05-07 19:43:48.640,0,10,10,0.00,0.0004,0.0000,0.0000,0.0000,0.0000,-0.0000,0.0000,1.0018
2026-05-07 19:43:49.140,0,10,10,0.00,0.0001,-0.0003,0.0000,0.0000,0.0000,-0.0000,0.0000,1.0018
2026-05-07 19:43:49.640,0,10,10,0.00,-0.0001,-0.0001,0.0000,0.0000,0.0000,-0.0000,0.0000,1.0018
2026-05-07 19:43:50.140,0,10,10,0.00,0.0000,-0.0001,0.0000,0.0000,0.0000,-0.0000,0.0000,1.0018
2026-05-07 19:43:50.640,0,10,10,0.00,-0.0005,0.0000,0.0000,0.0000,0.0000,-0.0000,0.0000,1.0018
2026-05-07 19:43:51.140,0,10,10,0.00,0.0000,0.0000,0.0000,0.0000,0.0000,-0.0000,0.0000,1.0018
2026-05-07 19:43:51.640,0,10,10,0.00,-0.0003,0.0000,0.0000,0.0000,0.0000,-0.0000,0.0000,1.0018
2026-05-07 19:43:52.140,0,10,10,0.00,-0.0001,-0.0001,0.0000,0.0000,0.0000,-0.0000,0.0000,1.0018
2026-05-07 19:43:52.640,0,9,10,0.00,0.0000,0.0000,0.0000,0.0000,0.0000,-0.0000,0.0000,1.0018
2026-05-07 19:43:53.140,0,10,10,0.00,0.0000,0.0001,0.0000,0.0000,0.0000,-0.0000,0.0000,1.0018
2026-05-07 19:43:53.640,0,10,10,0.00,-0.0001,0.0000,0.0000,0.0000,0.0000,-0.0000,0.0000,1.0018
2026-05-07 19:43:54.140,0,10,10,0.00,-0.0001,-0.0001,0.0000,0.0000,0.0000,-0.0000,0.0000,1.0018
2026-05-07 19:43:54.640,0,9,10,0.00,0.0001,0.0001,0.0000,0.0000,0.0000,-0.0000,0.0000,1.0018
2026-05-07 19:43:55.140,0,10,10,0.00,-0.0001,0.0000,0.0000,0.0000,0.0000,-0.0000,0.0000,1.0018
2026-05-07 19:43:55.640,0,10,10,0.00,0.0000,-0.0001,0.0000,0.0000,0.0000,-0.3285,0.2715,1.0018
2026-05-07 19:43:56.140,0,10,10,0.00,-0.1634,0.1474,0.0362,-0.0005,0.0000,-0.8001,0.7072,1.0018
2026-05-07 19:43:56.640,0,10,10,0.00,-0.3198,0.3173,0.1571,-0.0030,0.0000,-0.8000,0.7661,0.5374
2026-05-07 19:43:57.140,0,9,10,0.00,-0.4703,0.4659,0.3577,-0.0076,0.0000,-0.8000,0.7686,0.5167
2026-05-07 19:43:57.640,0,10,10,0.00,-0.6336,0.6231,0.6362,-0.0149,0.0000,-0.6919,0.6595,0.5598
2026-05-07 19:43:58.140,0,9,10,0.00,-0.5282,0.5274,0.9372,-0.0249,0.0000,-0.3416,0.2584,0.1657
2026-05-07 19:43:58.640,0,10,10,0.00,-0.3885,0.2004,1.1259,-0.0329,0.0000,-0.4160,0.1840,0.7372
2026-05-07 19:43:59.140,0,10,10,0.00,-0.4265,0.1442,1.2682,-0.0617,0.0000,-0.4317,0.1683,-10.4564
2026-05-07 19:43:59.640,0,10,10,0.00,-0.4359,0.1632,1.4016,-0.1251,0.0000,-0.4389,0.1611,-25.3935
2026-05-07 19:44:00.140,0,10,10,0.00,-0.4417,0.1623,1.5180,-0.2204,0.0000,-0.4413,0.1587,-39.7323
2026-05-07 19:44:00.640,0,10,10,0.00,-0.4405,0.1593,1.6078,-0.3408,0.0000,-0.4421,0.1579,-57.1258
2026-05-07 19:44:01.140,0,10,10,0.00,-0.4350,0.1649,1.6650,-0.4782,0.0000,-0.4351,0.1649,-68.6501
2026-05-07 19:44:01.640,0,10,10,0.00,-0.4219,0.1761,1.6888,-0.6264,0.0000,-0.3908,0.2092,-82.5616
2026-05-07 19:44:02.140,0,10,10,0.00,-0.3635,0.2300,1.6834,-0.7745,0.0000,-0.3590,0.2410,-94.4453
2026-05-07 19:44:02.640,0,10,10,0.00,-0.4237,0.3168,1.6572,-0.9363,0.0000,-0.4717,0.4121,-100.9795
2026-05-07 19:44:03.140,0,10,10,0.00,-0.5786,0.4847,1.5993,-1.1584,0.0000,-0.7900,0.8000,-107.5102
2026-05-07 19:44:03.640,0,10,10,0.00,-0.7144,0.6464,1.4974,-1.4504,0.0000,-0.6945,0.8002,-111.2649
2026-05-07 19:44:04.140,0,10,10,0.00,-0.4343,0.4951,1.3897,-1.7274,0.0000,-0.2064,0.4237,-113.8202
2026-05-07 19:44:04.640,0,9,10,0.00,-0.1843,0.3788,1.3377,-1.8868,0.0000,-0.1902,0.4098,-109.1100
2026-05-07 19:44:05.140,0,10,10,0.00,-0.2365,0.4193,1.3154,-2.0356,0.0000,-0.3094,0.4349,-99.6926
2026-05-07 19:44:05.640,0,10,10,0.00,-0.3931,0.5495,1.3175,-2.2345,0.0000,-0.7320,0.7421,-90.5790
2026-05-07 19:44:06.140,0,10,10,0.00,-0.5495,0.6999,1.3585,-2.5117,0.0000,-0.7402,0.6729,-82.5478
2026-05-07 19:44:06.640,0,9,10,0.00,-0.5421,0.4995,1.4310,-2.8064,0.0000,-0.5041,0.3220,-75.6414
2026-05-07 19:44:07.140,0,10,10,0.00,-0.4483,0.2431,1.4695,-3.0003,0.0000,-0.4461,0.2656,-79.0864
2026-05-07 19:44:07.640,0,9,10,0.00,-0.5066,0.3505,1.4742,-3.1862,0.0000,-0.6105,0.6039,-90.5325
2026-05-07 19:44:08.140,0,9,10,0.00,-0.5642,0.5284,1.4449,-3.4385,0.0000,-0.5483,0.6182,-98.9802
2026-05-07 19:44:08.640,0,9,10,0.00,-0.4527,0.6177,1.4082,-3.7099,0.0000,-0.4486,0.5703,-98.7440
2026-05-07 19:44:09.140,0,9,10,0.00,-0.5131,0.5608,1.4015,-3.9772,0.0000,-0.5046,0.5220,-91.7379
2026-05-07 19:44:09.640,0,9,10,0.00,-0.4868,0.4646,1.4066,-4.2282,0.0000,-0.4808,0.4626,-89.6735
2026-05-07 19:44:10.140,0,9,10,0.00,-0.4520,0.4427,1.4088,-4.4585,0.0000,-0.4463,0.4470,-90.9451
2026-05-07 19:44:10.640,0,9,10,0.00,-0.4119,0.4309,1.4094,-4.6740,0.0000,-0.4100,0.4244,-91.4793
2026-05-07 19:44:11.140,0,9,10,0.00,-0.3884,0.3999,1.4127,-4.8783,0.0000,-0.3831,0.3847,-90.6152
2026-05-07 19:44:11.640,0,9,10,0.00,-0.3655,0.3587,1.4176,-5.0671,0.0000,-0.3629,0.3535,-89.9111
2026-05-07 19:44:12.140,0,9,10,0.00,-0.3381,0.3308,1.4213,-5.2410,0.0000,-0.3370,0.3325,-90.2441
2026-05-07 19:44:12.640,0,9,10,0.00,-0.3182,0.3206,1.4238,-5.4037,0.0000,-0.3158,0.3185,-90.7632
2026-05-07 19:44:13.140,0,9,10,0.00,-0.2987,0.3113,1.4265,-5.5586,0.0000,-0.2981,0.3019,-90.7236
2026-05-07 19:44:13.640,0,9,10,0.00,-0.3030,0.2973,1.4301,-5.7090,0.0000,-0.3052,0.2948,-89.9040
2026-05-07 19:44:14.140,0,9,10,0.00,-0.3028,0.2923,1.4329,-5.8583,0.0000,-0.3035,0.2965,-90.3894
2026-05-07 19:44:14.640,0,9,10,0.00,-0.2971,0.2987,1.4343,-6.0077,0.0000,-0.2979,0.3021,-91.1825
2026-05-07 19:44:15.140,0,9,10,0.00,-0.3007,0.3064,1.4362,-6.1580,0.0000,-0.2998,0.3002,-90.8482
2026-05-07 19:44:15.640,0,9,10,0.00,-0.3017,0.2985,1.4387,-6.3086,0.0000,-0.3013,0.2987,-90.6247
2026-05-07 19:44:16.140,0,9,10,0.00,-0.3015,0.2914,1.4410,-6.4586,0.0000,-0.3015,0.2985,-90.6131
2026-05-07 19:44:16.640,0,9,10,0.00,-0.2995,0.2981,1.4428,-6.6221,0.0000,-0.2991,0.3009,-91.0371
2026-05-07 19:44:17.140,0,9,10,0.00,-0.2994,0.3098,1.4444,-6.7717,0.0000,-0.2970,0.3030,-91.2220
2026-05-07 19:44:17.640,0,10,10,0.00,-0.3005,0.3045,1.4472,-6.9225,0.0000,-0.3000,0.3000,-90.7175
2026-05-07 19:44:18.140,0,10,10,0.00,-0.3039,0.2990,1.4505,-7.0728,0.0000,-0.3036,0.2964,-90.2621
2026-05-07 19:44:18.640,0,10,10,0.00,-0.3056,0.3033,1.4529,-7.2221,0.0000,-0.3037,0.2963,-90.6998
2026-05-07 19:44:19.140,0,10,10,0.00,-0.2999,0.2978,1.4541,-7.3718,0.0000,-0.0000,0.0000,-91.3646
2026-05-07 19:44:19.640,0,10,10,0.00,0.0000,0.0046,1.4548,-7.4449,0.0000,-0.0000,0.0000,-91.4488
2026-05-07 19:44:20.140,0,10,10,0.00,0.0000,0.0000,1.4548,-7.4442,0.0000,-0.0000,0.0000,-90.3537
2026-05-07 19:44:20.640,0,10,10,0.00,0.0000,0.0000,1.4548,-7.4442,0.0000,-0.0000,0.0000,-90.3537
2026-05-07 19:44:21.140,0,10,10,0.00,0.0000,0.0001,1.4548,-7.4442,0.0000,-0.0000,0.0000,-90.3537
2026-05-07 19:44:21.640,0,10,10,0.00,0.0000,0.0000,1.4548,-7.4442,0.0000,-0.0000,0.0000,-90.3537
2026-05-07 19:44:22.140,0,9,10,0.00,0.0001,0.0000,1.4548,-7.4442,0.0000,-0.0000,0.0000,-90.3537
2026-05-07 19:44:22.640,0,10,10,0.00,0.0000,0.0001,1.4548,-7.4442,0.0000,-0.0000,0.0000,-90.3537
2026-05-07 19:44:23.140,0,10,10,0.00,-0.0001,0.0000,1.4548,-7.4442,0.0000,-0.0000,0.0000,-90.3537
2026-05-07 19:44:23.640,0,9,10,0.00,-0.0800,-0.0521,1.4548,-7.4476,0.0000,-0.0000,0.0000,-90.3537
2026-05-07 19:44:24.140,0,10,10,0.00,-0.2478,-0.2554,1.4545,-7.4530,0.0000,-0.0000,0.0000,-98.9536
2026-05-07 19:44:24.640,0,10,10,0.00,-0.3560,-0.3786,1.4556,-7.4517,0.0000,-0.0000,0.0000,-126.0990
2026-05-07 19:44:25.140,0,10,10,0.00,-0.3532,-0.3592,1.4597,-7.4499,0.0000,-0.0000,0.0000,-172.7919
2026-05-07 19:44:25.640,0,10,10,0.00,-0.3523,-0.3503,1.4588,-7.4496,0.0000,-0.0000,0.0000,150.5149
2026-05-07 19:44:26.140,0,8,10,0.00,-0.2619,-0.2821,1.4593,-7.4505,0.0000,-0.0000,0.0000,113.9469
2026-05-07 19:44:26.640,0,10,10,0.00,0.0008,0.0021,1.4615,-7.4578,0.0000,-0.0000,0.0000,94.3433
2026-05-07 19:44:27.140,0,10,10,0.00,-0.0001,0.0000,1.4614,-7.4573,0.0000,-0.0000,0.0000,95.1157
2026-05-07 19:44:27.640,0,10,10,0.00,-0.0001,0.0000,1.4614,-7.4573,0.0000,-0.0000,0.0000,95.1157
2026-05-07 19:44:28.140,0,10,10,0.00,-0.0001,0.0000,1.4614,-7.4573,0.0000,-0.0000,0.0000,95.1157
2026-05-07 19:44:28.640,0,10,10,0.00,0.0000,-0.0003,1.4614,-7.4573,0.0000,-0.0000,0.0000,95.1157
2026-05-07 19:44:29.140,0,10,10,0.00,-0.0001,0.0001,1.4614,-7.4573,0.0000,-0.0000,0.0000,95.1157
2026-05-07 19:44:29.640,0,10,10,0.00,-0.0001,0.0000,1.4614,-7.4573,0.0000,-0.0000,0.0000,95.1157
2026-05-07 19:44:30.140,0,10,10,0.00,-0.0001,0.0000,1.4614,-7.4573,0.0000,-0.0000,0.0000,95.1157
2026-05-07 19:44:30.640,0,10,10,0.00,0.0000,0.0000,1.4614,-7.4573,0.0000,-0.0000,0.0000,95.1157
2026-05-07 19:44:31.140,0,10,10,0.00,0.0000,0.0000,1.4614,-7.4573,0.0000,-0.0000,0.0000,95.1157
2026-05-07 19:44:31.640,0,10,10,0.00,0.0000,0.0001,1.4614,-7.4573,0.0000,-0.0000,0.0000,95.1157
2026-05-07 19:44:32.140,0,10,10,0.00,0.0000,0.0001,1.4614,-7.4573,0.0000,-0.0000,0.0000,95.1157
2026-05-07 19:44:32.640,0,10,10,0.00,-0.0005,0.0000,1.4614,-7.4573,0.0000,-0.0000,0.0000,95.1157
2026-05-07 19:44:33.140,0,10,10,0.00,-0.0001,0.0000,1.4614,-7.4573,0.0000,-0.0000,0.0000,95.1157
2026-05-07 19:44:33.640,0,10,10,0.00,0.0000,0.0000,1.4614,-7.4573,0.0000,-0.0000,0.0000,95.1157
2026-05-07 19:44:34.140,0,10,10,0.00,0.0000,0.0001,1.4614,-7.4573,0.0000,-0.0000,0.0000,95.1157
2026-05-07 19:44:34.640,0,10,10,0.00,-0.0001,0.0000,1.4614,-7.4573,0.0000,-0.0000,0.0000,95.1157
2026-05-07 19:44:35.140,0,10,10,0.00,-0.0624,0.0429,1.4597,-7.4497,0.0000,-0.3271,0.2729,95.1157
2026-05-07 19:44:35.640,0,10,10,0.00,-0.2351,0.2322,1.4452,-7.3744,0.0000,-0.5229,0.5288,94.2740
2026-05-07 19:44:36.140,0,10,10,0.00,-0.3859,0.3820,1.4161,-7.2171,0.0000,-0.5659,0.5235,94.8842
2026-05-07 19:44:36.640,0,10,10,0.00,-0.5510,0.5070,1.3736,-6.9834,0.0000,-0.5583,0.4835,94.8936
2026-05-07 19:44:37.140,0,10,10,0.00,-0.5523,0.4672,1.3365,-6.7272,0.0000,-0.5629,0.4880,92.1155
2026-05-07 19:44:37.640,0,10,10,0.00,-0.6273,0.5697,1.3172,-6.4544,0.0000,-0.8000,0.7786,87.2548
2026-05-07 19:44:38.140,0,9,10,0.00,-0.7773,0.7270,1.3116,-6.1102,0.0000,-0.7695,0.8000,84.3192
2026-05-07 19:44:38.640,0,10,10,0.00,-0.7295,0.8272,1.3101,-5.7212,0.0000,-0.7302,0.7958,83.7455
2026-05-07 19:44:39.140,0,10,10,0.00,-0.7168,0.7333,1.2859,-5.3471,0.0000,-0.7130,0.7141,88.6343
2026-05-07 19:44:39.640,0,10,10,0.00,-0.6821,0.6511,1.2569,-4.9992,0.0000,-0.6701,0.6561,88.9326
2026-05-07 19:44:40.140,0,10,10,0.00,-0.6195,0.6324,1.2346,-4.6779,0.0000,-0.6089,0.6226,87.3675
2026-05-07 19:44:40.640,0,10,10,0.00,-0.5752,0.5818,1.2105,-4.3759,0.0000,-0.5694,0.5785,88.3500
2026-05-07 19:44:41.140,0,10,10,0.00,-0.5397,0.5493,1.1848,-4.0973,0.0000,-0.5329,0.5362,88.8105
2026-05-07 19:44:41.640,0,10,10,0.00,-0.5075,0.5028,1.1589,-3.8361,0.0000,-0.5020,0.4963,89.2718
2026-05-07 19:44:42.140,0,10,10,0.00,-0.4774,0.4744,1.1356,-3.5939,0.0000,-0.4699,0.4646,88.8863
2026-05-07 19:44:42.640,0,10,10,0.00,-0.4417,0.4500,1.1147,-3.3663,0.0000,-0.4345,0.4372,88.6420
2026-05-07 19:44:43.140,0,10,10,0.00,-0.4110,0.4122,1.0943,-3.1540,0.0000,-0.4056,0.4079,88.8061
2026-05-07 19:44:43.640,0,10,10,0.00,-0.3835,0.3839,1.0749,-2.9567,0.0000,-0.3795,0.3802,88.9189
2026-05-07 19:44:44.140,0,10,10,0.00,-0.3617,0.3646,1.0561,-2.7709,0.0000,-0.3589,0.3602,88.9324
2026-05-07 19:44:44.640,0,10,10,0.00,-0.3338,0.3344,1.0379,-2.5974,0.0000,-0.3302,0.3311,89.0798
2026-05-07 19:44:45.140,0,10,10,0.00,-0.3134,0.3110,1.0209,-2.4373,0.0000,-0.3085,0.3089,89.0786
2026-05-07 19:44:45.640,0,10,10,0.00,-0.2960,0.3007,1.0050,-2.2866,0.0000,-0.2974,0.3026,88.9073
2026-05-07 19:44:46.141,0,10,10,0.00,-0.2961,0.3083,0.9889,-2.1376,0.0000,-0.2977,0.3023,89.0538
2026-05-07 19:44:46.640,0,10,10,0.00,-0.2985,0.2973,0.9718,-1.9882,0.0000,-0.2998,0.3002,89.3544
2026-05-07 19:44:47.140,0,10,10,0.00,-0.2981,0.2949,0.9549,-1.8407,0.0000,-0.2983,0.3017,89.2588
2026-05-07 19:44:47.640,0,10,10,0.00,-0.2965,0.3039,0.9378,-1.6914,0.0000,-0.2968,0.3032,89.2439
2026-05-07 19:44:48.140,0,10,10,0.00,-0.2999,0.3118,0.9198,-1.5424,0.0000,-0.2984,0.3016,89.5860
2026-05-07 19:44:48.640,0,10,10,0.00,-0.3038,0.2981,0.9009,-1.3930,0.0000,-0.3009,0.2991,89.9936
2026-05-07 19:44:49.140,0,10,10,0.00,-0.3007,0.2932,0.8825,-1.2450,0.0000,-0.3015,0.2985,89.7348
2026-05-07 19:44:49.640,0,10,10,0.00,-0.3017,0.2978,0.8645,-1.0955,0.0000,-0.3040,0.2960,89.7372
2026-05-07 19:44:50.140,0,10,10,0.00,-0.3041,0.2960,0.8469,-0.9462,0.0000,-0.3025,0.2975,89.6586
2026-05-07 19:44:50.640,0,10,10,0.00,-0.2372,0.3453,0.8296,-0.7998,0.0000,-0.2166,0.3834,89.3760
2026-05-07 19:44:51.140,0,10,10,0.00,-0.1804,0.4274,0.7981,-0.6558,0.0000,-0.1769,0.4231,95.5256
2026-05-07 19:44:51.640,0,10,10,0.00,-0.1656,0.4381,0.7360,-0.5181,0.0000,-0.1638,0.4362,108.9692
2026-05-07 19:44:52.140,0,10,10,0.00,-0.1593,0.4368,0.6438,-0.3998,0.0000,-0.1596,0.4404,123.3974
2026-05-07 19:44:52.640,0,10,10,0.00,-0.1613,0.4436,0.5256,-0.3076,0.0000,-0.1625,0.4375,138.1618
2026-05-07 19:44:53.140,0,10,10,0.00,-0.1889,0.4161,0.3888,-0.2462,0.0000,-0.1972,0.4028,152.5269
2026-05-07 19:44:53.640,0,10,10,0.00,-0.2266,0.3757,0.2414,-0.2124,0.0000,-0.2143,0.3857,163.9215
2026-05-07 19:44:54.140,0,10,10,0.00,-0.3253,0.3335,0.0913,-0.1974,0.0000,-0.4146,0.4197,171.0339
2026-05-07 19:44:54.640,0,10,10,0.00,-0.3710,0.4604,-0.1068,-0.1826,0.0000,-0.3450,0.4467,170.8762
2026-05-07 19:44:55.140,0,10,10,0.00,-0.3410,0.4503,-0.3072,-0.1807,0.0000,-0.3450,0.4467,175.6129
2026-05-07 19:44:55.640,0,10,10,0.00,-0.0850,0.2306,-0.4556,-0.1930,0.0000,-0.0000,0.0000,-178.4578
2026-05-07 19:44:56.140,0,10,10,0.00,0.0003,-0.0001,-0.4719,-0.1958,0.0000,-0.0000,0.0000,-172.7767
2026-05-07 19:44:56.640,0,10,10,0.00,0.0000,0.0000,-0.4719,-0.1958,0.0000,-0.0000,0.0000,-172.7767
2026-05-07 19:44:57.140,0,10,10,0.00,0.0000,-0.0001,-0.4719,-0.1958,0.0000,-0.0000,0.0000,-172.7767
2026-05-07 19:44:57.640,0,10,10,0.00,0.0000,0.0000,-0.4719,-0.1958,0.0000,-0.0000,0.0000,-172.7767
2026-05-07 19:44:58.140,0,10,10,0.00,0.0000,-0.0001,-0.4719,-0.1958,0.0000,-0.0000,0.0000,-172.7767
2026-05-07 19:44:58.640,0,10,10,0.00,0.0000,-0.0001,-0.4719,-0.1958,0.0000,-0.0000,0.0000,-172.7767
2026-05-07 19:44:59.140,0,10,10,0.00,0.0000,0.0000,-0.4719,-0.1958,0.0000,-0.0000,0.0000,-172.7767
2026-05-07 19:44:59.640,0,10,10,0.00,0.0000,0.0000,-0.4719,-0.1958,0.0000,-0.0000,0.0000,-172.7767
2026-05-07 19:45:00.140,0,10,10,0.00,0.0000,0.0000,-0.4719,-0.1958,0.0000,-0.0000,0.0000,-172.7767
2026-05-07 19:45:00.640,0,10,10,0.00,0.0000,0.0001,-0.4719,-0.1958,0.0000,-0.0000,0.0000,-172.7767
2026-05-07 19:45:01.140,0,10,10,0.00,-0.0001,0.0000,-0.4719,-0.1958,0.0000,-0.0000,0.0000,-172.7767
2026-05-07 19:45:01.640,0,10,10,0.00,0.0000,0.0000,-0.4719,-0.1958,0.0000,-0.0000,0.0000,-172.7767
2026-05-07 19:45:02.140,0,10,10,0.00,-0.0001,0.0001,-0.4719,-0.1958,0.0000,-0.0000,0.0000,-172.7767
2026-05-07 19:45:02.640,0,10,10,0.00,-0.0003,0.0000,-0.4719,-0.1958,0.0000,-0.0000,0.0000,-172.7767
2026-05-07 19:45:03.140,0,10,10,0.00,0.0000,0.0000,-0.4719,-0.1958,0.0000,-0.0000,0.0000,-172.7767
2026-05-07 19:45:03.640,0,10,10,0.00,0.0001,0.0000,-0.4719,-0.1958,0.0000,-0.0000,0.0000,-172.7767
2026-05-07 19:45:04.140,0,10,10,0.00,0.0000,0.0000,-0.4719,-0.1958,0.0000,-0.0000,0.0000,-172.7767
2026-05-07 19:45:04.640,0,10,10,0.00,0.0000,0.0001,-0.4719,-0.1958,0.0000,-0.0000,0.0000,-172.7767
2026-05-07 19:45:05.140,0,10,10,0.00,0.0000,-0.0001,-0.4719,-0.1958,0.0000,-0.0000,0.0000,-172.7767
2026-05-07 19:45:05.640,0,10,10,0.00,0.0001,0.0000,-0.4719,-0.1958,0.0000,-0.0000,0.0000,-172.7767
2026-05-07 19:45:06.140,0,10,10,0.00,0.0000,0.0003,-0.4719,-0.1958,0.0000,-0.0000,0.0000,-172.7767
2026-05-07 19:45:06.640,0,10,10,0.00,-0.0001,0.0001,-0.4719,-0.1958,0.0000,-0.0000,0.0000,-172.7767
2026-05-07 19:45:07.140,0,10,10,0.00,0.0000,0.0000,-0.4719,-0.1958,0.0000,-0.0000,0.0000,-172.7767
2026-05-07 19:45:07.640,0,10,10,0.00,-0.0001,0.0000,-0.4719,-0.1958,0.0000,-0.0000,0.0000,-172.7767
2026-05-07 19:45:08.140,0,10,10,0.00,0.0003,0.0000,-0.4719,-0.1958,0.0000,-0.0000,0.0000,-172.7767
2026-05-07 19:45:08.640,0,10,10,0.00,0.0003,0.0001,-0.4719,-0.1958,0.0000,-0.0000,0.0000,-172.7767
2026-05-07 19:45:09.140,0,10,10,0.00,0.0001,0.0003,-0.4719,-0.1958,0.0000,-0.0000,0.0000,-172.7767
2026-05-07 19:45:09.640,0,10,10,0.00,0.0001,-0.0001,-0.4719,-0.1958,0.0000,-0.0000,0.0000,-172.7767
2026-05-07 19:45:10.140,0,10,10,0.00,0.0000,0.0000,-0.4719,-0.1958,0.0000,-0.0000,0.0000,-172.7767
2026-05-07 19:45:10.640,0,10,10,0.00,0.0001,0.0000,-0.4719,-0.1958,0.0000,-0.0000,0.0000,-172.7767
2026-05-07 19:45:11.140,0,10,10,0.00,0.0000,-0.0005,-0.4719,-0.1958,0.0000,-0.0000,0.0000,-172.7767
2026-05-07 19:45:11.640,0,10,10,0.00,0.0000,0.0000,-0.4719,-0.1958,0.0000,-0.0000,0.0000,-172.7767
2026-05-07 19:45:12.140,0,10,10,0.00,-0.0001,0.0000,-0.4719,-0.1958,0.0000,-0.0000,0.0000,-172.7767
2026-05-07 19:45:12.640,0,10,10,0.00,-0.0001,-0.0005,-0.4719,-0.1958,0.0000,-0.0000,0.0000,-172.7767
2026-05-07 19:45:13.140,0,10,10,0.00,0.0000,0.0000,-0.4719,-0.1958,0.0000,-0.0000,0.0000,-172.7767
2026-05-07 19:45:13.640,0,10,10,0.00,0.0000,0.0000,-0.4719,-0.1958,0.0000,-0.0000,0.0000,-172.7767
2026-05-07 19:45:14.140,0,10,10,0.00,-0.0003,0.0000,-0.4719,-0.1958,0.0000,-0.0000,0.0000,-172.7767
2026-05-07 19:45:14.640,0,10,10,0.00,0.0001,-0.0003,-0.4719,-0.1958,0.0000,-0.0000,0.0000,-172.7767
2026-05-07 19:45:15.140,0,10,10,0.00,0.0421,0.0192,-0.4705,-0.1955,0.0000,-0.0000,0.0000,-172.7767
2026-05-07 19:45:15.640,0,10,10,0.00,0.2087,0.1939,-0.4620,-0.1932,0.0000,-0.0000,0.0000,-166.3976
2026-05-07 19:45:16.140,0,9,10,0.00,0.3543,0.3416,-0.4579,-0.1901,0.0000,-0.0000,0.0000,-141.8488
2026-05-07 19:45:16.640,0,10,10,0.00,0.3505,0.3653,-0.4582,-0.1917,0.0000,-0.0000,0.0000,-104.5005
2026-05-07 19:45:17.140,0,10,10,0.00,0.3545,0.3468,-0.4583,-0.1920,0.0000,-0.0000,0.0000,-68.0290
2026-05-07 19:45:17.640,0,10,10,0.00,0.2257,0.2702,-0.4554,-0.1933,0.0000,-0.0000,0.0000,-31.5209
2026-05-07 19:45:18.140,0,10,10,0.00,-0.0017,-0.0007,-0.4460,-0.1964,0.0000,-0.0000,0.0000,-10.5127
2026-05-07 19:45:18.640,0,10,10,0.00,-0.0001,0.0005,-0.4460,-0.1964,0.0000,-0.0000,0.0000,-10.5127
2026-05-07 19:45:19.140,0,9,10,0.00,-0.0001,0.0399,-0.4347,-0.1992,0.0000,-0.0000,0.0000,-10.5127
2026-05-07 19:45:19.640,0,10,10,0.00,-0.0001,0.0000,-0.4324,-0.1997,0.0000,-0.0000,0.0000,-9.0830
2026-05-07 19:45:20.140,0,10,10,0.00,-0.0001,0.0003,-0.4324,-0.1997,0.0000,-0.0000,0.0000,-9.0830
2026-05-07 19:45:20.640,0,10,10,0.00,0.0000,0.0003,-0.4324,-0.1997,0.0000,-0.0000,0.0000,-9.0830
2026-05-07 19:45:21.140,0,10,10,0.00,0.0000,0.0000,-0.4324,-0.1997,0.0000,-0.0000,0.0000,-9.0830
2026-05-07 19:45:21.640,0,10,10,0.00,0.0000,-0.0001,-0.4324,-0.1997,0.0000,-0.0000,0.0000,-9.0830
2026-05-07 19:45:22.140,0,10,10,0.00,-0.0001,-0.0001,-0.4324,-0.1997,0.0000,-0.0000,0.0000,-9.0830
2026-05-07 19:45:22.640,0,10,10,0.00,0.0001,0.0003,-0.4324,-0.1997,0.0000,-0.0000,0.0000,-9.0830
2026-05-07 19:45:23.140,0,10,10,0.00,0.0001,0.0000,-0.4324,-0.1997,0.0000,-0.0000,0.0000,-9.0830
2026-05-07 19:45:23.640,0,10,10,0.00,0.0004,0.0005,-0.4324,-0.1997,0.0000,-0.0000,0.0000,-9.0830
2026-05-07 19:45:24.140,0,10,10,0.00,-0.0003,0.0000,-0.4324,-0.1997,0.0000,-0.0000,0.0000,-9.0830
2026-05-07 19:45:24.640,0,10,10,0.00,0.0000,0.0000,-0.4324,-0.1997,0.0000,-0.0000,0.0000,-9.0830
2026-05-07 19:45:25.140,0,10,10,0.00,0.0004,0.0000,-0.4324,-0.1997,0.0000,-0.0000,0.0000,-9.0830
2026-05-07 19:45:25.640,0,10,10,0.00,0.0000,0.0000,-0.4324,-0.1997,0.0000,-0.0000,0.0000,-9.0830
2026-05-07 19:45:26.140,0,10,10,0.00,0.0000,0.0000,-0.4324,-0.1997,0.0000,-0.0000,0.0000,-9.0830
2026-05-07 19:45:26.640,0,10,10,0.00,0.0000,0.0000,-0.4324,-0.1997,0.0000,-0.0000,0.0000,-9.0830
2026-05-07 19:45:27.140,0,10,10,0.00,-0.0003,-0.0001,-0.4324,-0.1997,0.0000,-0.0000,0.0000,-9.0830
2026-05-07 19:45:27.640,0,10,10,0.00,0.0000,0.0000,-0.4324,-0.1997,0.0000,-0.0000,0.0000,-9.0830
2026-05-07 19:45:28.140,0,10,10,0.00,0.0001,0.0004,-0.4324,-0.1997,0.0000,-0.0000,0.0000,-9.0830
2026-05-07 19:45:28.640,0,10,10,0.00,0.0001,0.0000,-0.4324,-0.1997,0.0000,-0.0000,0.0000,-9.0830
2026-05-07 19:45:29.140,0,10,10,0.00,0.0000,0.0000,-0.4324,-0.1997,0.0000,-0.0000,0.0000,-9.0830
2026-05-07 19:45:29.640,0,10,10,0.00,-0.0003,0.0000,-0.4324,-0.1997,0.0000,-0.0000,0.0000,-9.0830
2026-05-07 19:45:30.140,0,10,10,0.00,-0.0003,-0.0001,-0.4324,-0.1997,0.0000,-0.0000,0.0000,-9.0830
2026-05-07 19:45:30.640,0,10,10,0.00,0.0000,0.0000,-0.4324,-0.1997,0.0000,-0.0000,0.0000,-9.0830
2026-05-07 19:45:31.140,0,10,10,0.00,0.0001,0.0000,-0.4324,-0.1997,0.0000,-0.0000,0.0000,-9.0830
2026-05-07 19:45:31.640,0,10,10,0.00,0.0001,0.0000,-0.4324,-0.1997,0.0000,-0.0000,0.0000,-9.0830
2026-05-07 19:45:32.140,0,10,10,0.00,0.0003,0.0000,-0.4324,-0.1997,0.0000,-0.0000,0.0000,-9.0830
2026-05-07 19:45:32.640,0,10,10,0.00,0.0000,0.0000,-0.4323,-0.1997,0.0000,-0.0000,0.0000,-9.0830
2026-05-07 19:45:33.140,0,10,10,0.00,-0.0001,0.0000,-0.4323,-0.1997,0.0000,-0.0000,0.0000,-9.0830
2026-05-07 19:45:33.640,0,10,10,0.00,0.0000,0.0003,-0.4323,-0.1997,0.0000,-0.0000,0.0000,-9.0830
2026-05-07 19:45:34.140,0,10,10,0.00,0.0000,-0.0003,-0.4323,-0.1997,0.0000,-0.0000,0.0000,-9.0830
2026-05-07 19:45:34.640,0,10,10,0.00,0.0000,0.0000,-0.4323,-0.1997,0.0000,-0.0000,0.0000,-9.0830
2026-05-07 19:45:35.140,0,10,10,0.00,0.0000,-0.0003,-0.4323,-0.1997,0.0000,-0.0000,0.0000,-9.0830
2026-05-07 19:45:35.640,0,10,10,0.00,0.0000,0.0000,-0.4323,-0.1997,0.0000,-0.0000,0.0000,-9.0830
2026-05-07 19:45:36.140,0,10,10,0.00,-0.0001,0.0000,-0.4323,-0.1997,0.0000,-0.0000,0.0000,-9.0830
2026-05-07 19:45:36.640,0,10,10,0.00,0.0005,0.0000,-0.4323,-0.1997,0.0000,-0.0000,0.0000,-9.0830
2026-05-07 19:45:37.140,0,10,10,0.00,-0.0001,0.0003,-0.4323,-0.1997,0.0000,-0.0000,0.0000,-9.0830
2026-05-07 19:45:37.640,0,10,10,0.00,0.0000,0.0000,-0.4323,-0.1997,0.0000,-0.0000,0.0000,-9.0830
2026-05-07 19:45:38.140,0,10,10,0.00,0.0000,0.0000,-0.4323,-0.1997,0.0000,-0.0000,0.0000,-9.0830
2026-05-07 19:45:38.640,0,10,10,0.00,-0.0001,-0.0001,-0.4323,-0.1997,0.0000,-0.0000,0.0000,-9.0830
2026-05-07 19:45:39.140,0,10,10,0.00,0.0001,0.0001,-0.4323,-0.1997,0.0000,-0.0000,0.0000,-9.0830
2026-05-07 19:45:39.640,0,10,10,0.00,0.0003,-0.0001,-0.4323,-0.1997,0.0000,-0.0000,0.0000,-9.0830
2026-05-07 19:45:40.140,0,10,10,0.00,0.0000,0.0000,-0.4323,-0.1997,0.0000,-0.0000,0.0000,-9.0830
2026-05-07 19:45:40.640,0,10,10,0.00,0.0000,0.0003,-0.4323,-0.1997,0.0000,-0.0000,0.0000,-9.0830
2026-05-07 19:45:41.140,0,10,10,0.00,0.0000,0.0001,-0.4323,-0.1997,0.0000,-0.0000,0.0000,-9.0830
2026-05-07 19:45:41.640,0,10,10,0.00,-0.0003,0.0001,-0.4323,-0.1997,0.0000,-0.0000,0.0000,-9.0830
2026-05-07 19:45:42.140,0,10,10,0.00,0.0000,0.0003,-0.4323,-0.1997,0.0000,-0.0000,0.0000,-9.0830
2026-05-07 19:45:42.640,0,10,10,0.00,0.0004,0.0000,-0.4323,-0.1997,0.0000,-0.0000,0.0000,-9.0830
2026-05-07 19:45:43.140,0,10,10,0.00,0.0003,0.0000,-0.4323,-0.1997,0.0000,-0.0000,0.0000,-9.0830
2026-05-07 19:45:43.640,0,10,10,0.00,-0.0001,0.0000,-0.4323,-0.1997,0.0000,-0.0000,0.0000,-9.0830
2026-05-07 19:45:44.140,0,10,10,0.00,0.0001,0.0000,-0.4323,-0.1997,0.0000,-0.0000,0.0000,-9.0830
2026-05-07 19:45:44.640,0,10,10,0.00,0.0000,0.0000,-0.4323,-0.1997,0.0000,-0.0000,0.0000,-9.0830
2026-05-07 19:45:45.140,0,10,10,0.00,0.0000,0.0000,-0.4323,-0.1997,0.0000,-0.0000,0.0000,-9.0830
2026-05-07 19:45:45.640,0,10,10,0.00,0.0001,0.0000,-0.4323,-0.1997,0.0000,-0.0000,0.0000,-9.0830
2026-05-07 19:45:46.140,0,10,10,0.00,0.0000,0.0000,-0.4323,-0.1997,0.0000,-0.0000,0.0000,-9.0830
2026-05-07 19:45:46.640,0,10,10,0.00,0.0000,0.0001,-0.4323,-0.1997,0.0000,-0.0000,0.0000,-9.0830
2026-05-07 19:45:47.140,0,10,10,0.00,0.0000,0.0000,-0.4323,-0.1997,0.0000,-0.0000,0.0000,-9.0830
2026-05-07 19:45:47.640,0,10,10,0.00,0.0001,0.0001,-0.4323,-0.1997,0.0000,-0.0000,0.0000,-9.0830
2026-05-07 19:45:48.140,0,10,10,0.00,0.0000,0.0000,-0.4323,-0.1997,0.0000,-0.0000,0.0000,-9.0830
2026-05-07 19:45:48.640,0,10,10,0.00,-0.0004,0.0000,-0.4323,-0.1997,0.0000,-0.0000,0.0000,-9.0830
2026-05-07 19:45:49.140,0,10,10,0.00,-0.0001,-0.0003,-0.4323,-0.1997,0.0000,-0.0000,0.0000,-9.0830
2026-05-07 19:45:49.640,0,10,10,0.00,-0.0001,0.0000,-0.4323,-0.1997,0.0000,-0.0000,0.0000,-9.0830
2026-05-07 19:45:50.140,0,10,10,0.00,0.0001,0.0001,-0.4323,-0.1997,0.0000,-0.0000,0.0000,-9.0830
2026-05-07 19:45:50.640,0,10,10,0.00,0.0000,0.0000,-0.4323,-0.1997,0.0000,-0.0000,0.0000,-9.0830
2026-05-07 19:45:51.140,0,10,10,0.00,0.0001,0.0000,-0.4323,-0.1997,0.0000,-0.0000,0.0000,-9.0830
2026-05-07 19:45:51.640,0,10,10,0.00,-0.0001,0.0000,-0.4323,-0.1997,0.0000,-0.0000,0.0000,-9.0830
2026-05-07 19:45:52.140,0,10,10,0.00,0.0000,-0.0001,-0.4323,-0.1997,0.0000,-0.0000,0.0000,-9.0830
2026-05-07 19:45:52.640,0,10,10,0.00,0.0000,0.0001,-0.4323,-0.1997,0.0000,-0.0000,0.0000,-9.0830
2026-05-07 19:45:53.140,0,10,10,0.00,0.0000,-0.0001,-0.4323,-0.1997,0.0000,-0.0000,0.0000,-9.0830
2026-05-07 19:45:53.640,0,10,10,0.00,0.0000,0.0001,-0.4323,-0.1997,0.0000,-0.0000,0.0000,-9.0830
2026-05-07 19:45:54.140,0,10,10,0.00,-0.0001,0.0001,-0.4323,-0.1997,0.0000,-0.0000,0.0000,-9.0830
2026-05-07 19:45:54.640,0,10,10,0.00,0.0000,0.0001,-0.4323,-0.1997,0.0000,-0.0000,0.0000,-9.0830
2026-05-07 19:45:55.140,0,10,10,0.00,0.0000,0.0001,-0.4323,-0.1997,0.0000,-0.0000,0.0000,-9.0830
2026-05-07 19:45:55.640,0,10,10,0.00,0.0001,0.0001,-0.4323,-0.1997,0.0000,-0.0000,0.0000,-9.0830
2026-05-07 19:45:56.140,0,10,10,0.00,0.0000,-0.0001,-0.4323,-0.1997,0.0000,-0.0000,0.0000,-9.0830
2026-05-07 19:45:56.640,0,10,10,0.00,0.0001,0.0000,-0.4323,-0.1997,0.0000,-0.0000,0.0000,-9.0830
2026-05-07 19:45:57.140,0,10,10,0.00,0.0003,0.0000,-0.4323,-0.1997,0.0000,-0.0000,0.0000,-9.0830
2026-05-07 19:45:57.640,0,10,10,0.00,0.0003,0.0000,-0.4323,-0.1997,0.0000,-0.0000,0.0000,-9.0830
2026-05-07 19:45:58.140,0,10,10,0.00,0.0000,0.0000,-0.4323,-0.1997,0.0000,-0.0000,0.0000,-9.0830
2026-05-07 19:45:58.640,0,10,10,0.00,0.0000,0.0003,-0.4323,-0.1997,0.0000,-0.0000,0.0000,-9.0830
2026-05-07 19:45:59.140,0,10,10,0.00,0.0004,0.0000,-0.4323,-0.1997,0.0000,-0.0000,0.0000,-9.0830
2026-05-07 19:45:59.640,0,10,10,0.00,0.0001,0.0000,-0.4323,-0.1997,0.0000,-0.0000,0.0000,-9.0830
2026-05-07 19:46:00.140,0,10,10,0.00,0.0000,0.0000,-0.4323,-0.1997,0.0000,-0.0000,0.0000,-9.0830
2026-05-07 19:46:00.640,0,10,10,0.00,0.0000,0.0000,-0.4323,-0.1997,0.0000,-0.0000,0.0000,-9.0830
2026-05-07 19:46:01.140,0,10,10,0.00,-0.0003,0.0004,-0.4323,-0.1997,0.0000,-0.0000,0.0000,-9.0830
2026-05-07 19:46:01.640,0,10,10,0.00,0.0003,0.0000,-0.4323,-0.1997,0.0000,-0.0000,0.0000,-9.0830
2026-05-07 19:46:02.140,0,10,10,0.00,0.0000,0.0000,-0.4323,-0.1997,0.0000,-0.0000,0.0000,-9.0830
2026-05-07 19:46:02.640,0,10,10,0.00,0.0001,-0.0001,-0.4323,-0.1997,0.0000,-0.0000,0.0000,-9.0830
2026-05-07 19:46:03.140,0,10,10,0.00,0.0001,0.0000,-0.4323,-0.1997,0.0000,-0.0000,0.0000,-9.0830
2026-05-07 19:46:03.640,0,10,10,0.00,0.0000,0.0000,-0.4323,-0.1997,0.0000,-0.0000,0.0000,-9.0830
2026-05-07 19:46:04.140,0,10,10,0.00,-0.0004,0.0000,-0.4323,-0.1997,0.0000,-0.0000,0.0000,-9.0830
2026-05-07 19:46:04.640,0,10,10,0.00,0.0001,0.0001,-0.4323,-0.1997,0.0000,-0.0000,0.0000,-9.0830
2026-05-07 19:46:05.140,0,10,10,0.00,-0.0004,0.0000,-0.4323,-0.1997,0.0000,-0.0000,0.0000,-9.0830
2026-05-07 19:46:05.640,0,10,10,0.00,0.0000,0.0000,-0.4323,-0.1997,0.0000,-0.0000,0.0000,-9.0830
2026-05-07 19:46:06.140,0,10,10,0.00,0.0000,0.0000,-0.4323,-0.1997,0.0000,-0.0000,0.0000,-9.0830
2026-05-07 19:46:06.640,0,10,10,0.00,0.0000,0.0000,-0.4323,-0.1997,0.0000,-0.0000,0.0000,-9.0830
2026-05-07 19:46:07.140,0,10,10,0.00,-0.0003,-0.0004,-0.4323,-0.1997,0.0000,-0.0000,0.0000,-9.0830
2026-05-07 19:46:07.640,0,10,10,0.00,-0.0003,-0.0001,-0.4323,-0.1997,0.0000,-0.0000,0.0000,-9.0830
2026-05-07 19:46:08.140,0,10,10,0.00,0.0001,0.0001,-0.4323,-0.1997,0.0000,-0.0000,0.0000,-9.0830
2026-05-07 19:46:08.640,0,10,10,0.00,-0.0001,0.0000,-0.4323,-0.1997,0.0000,-0.0000,0.0000,-9.0830
2026-05-07 19:46:09.140,0,10,10,0.00,0.0001,0.0000,-0.4323,-0.1997,0.0000,-0.0000,0.0000,-9.0830
2026-05-07 19:46:09.640,0,10,10,0.00,0.0001,0.0000,-0.4323,-0.1997,0.0000,-0.0000,0.0000,-9.0830
2026-05-07 19:46:10.140,0,10,10,0.00,0.0001,0.0000,-0.4323,-0.1997,0.0000,-0.0000,0.0000,-9.0830
2026-05-07 19:46:10.640,0,10,10,0.00,0.0000,-0.0003,-0.4323,-0.1997,0.0000,-0.0000,0.0000,-9.0830
2026-05-07 19:46:11.140,0,10,10,0.00,-0.0001,0.0001,-0.4323,-0.1997,0.0000,-0.0000,0.0000,-9.0830
2026-05-07 19:46:11.640,0,10,10,0.00,-0.0931,0.0617,-0.4201,-0.2024,0.0000,-0.4415,0.4529,-9.0830
2026-05-07 19:46:12.140,0,10,10,0.00,-0.0704,0.1073,-0.3533,-0.2181,0.0000,-0.0000,0.0000,-10.1588
2026-05-07 19:46:12.640,0,10,10,0.00,-0.0001,-0.0008,-0.3477,-0.2193,0.0000,-0.0000,0.0000,-8.9982
2026-05-07 19:46:13.140,0,10,10,0.00,-0.0001,-0.0004,-0.3477,-0.2193,0.0000,-0.0000,0.0000,-8.9982
2026-05-07 19:46:13.640,0,10,10,0.00,-0.0007,0.0001,-0.3477,-0.2193,0.0000,-0.2487,0.3513,-8.9982
2026-05-07 19:46:14.140,0,10,10,0.00,-0.1630,0.1450,-0.3128,-0.2273,0.0000,-0.2487,0.3513,-9.5224
2026-05-07 19:46:14.640,0,9,10,0.00,-0.2534,0.2967,-0.2002,-0.2539,0.0000,-0.2487,0.3513,-10.6592
2026-05-07 19:46:15.140,0,10,10,0.00,-0.2457,0.3623,-0.0527,-0.2814,0.0000,-0.2487,0.3513,-7.1866
2026-05-07 19:46:15.640,0,10,10,0.00,-0.0377,0.1801,0.0599,-0.2917,0.0000,-0.0000,0.0000,-0.8188
2026-05-07 19:46:16.140,0,10,10,0.00,0.0003,-0.0047,0.0675,-0.2918,0.0000,-0.0000,0.0000,3.4085
2026-05-07 19:46:16.640,0,10,10,0.00,0.0000,0.0000,0.0674,-0.2918,0.0000,-0.0000,0.0000,3.4085
2026-05-07 19:46:17.140,0,10,10,0.00,0.0000,-0.0003,0.0674,-0.2918,0.0000,-0.0000,0.0000,3.4085
2026-05-07 19:46:17.640,0,10,10,0.00,0.0003,0.0000,0.0674,-0.2918,0.0000,-0.0000,0.0000,3.4085
2026-05-07 19:46:18.140,0,10,10,0.00,-0.0001,-0.0003,0.0674,-0.2918,0.0000,-0.0000,0.0000,3.4085
2026-05-07 19:46:18.640,0,10,10,0.00,-0.0003,-0.0003,0.0674,-0.2918,0.0000,-0.0000,0.0000,3.4085
2026-05-07 19:46:19.140,0,10,10,0.00,0.0000,0.0000,0.0674,-0.2918,0.0000,-0.0000,0.0000,3.4085
2026-05-07 19:46:19.640,0,10,10,0.00,0.0000,0.0000,0.0674,-0.2918,0.0000,-0.0000,0.0000,3.4085
2026-05-07 19:46:20.140,0,10,10,0.00,0.0000,0.0000,0.0674,-0.2918,0.0000,-0.0000,0.0000,3.4085
2026-05-07 19:46:20.640,0,10,10,0.00,0.0000,0.0000,0.0674,-0.2918,0.0000,-0.0000,0.0000,3.4085
2026-05-07 19:46:21.140,0,10,10,0.00,0.0004,0.0000,0.0674,-0.2918,0.0000,-0.0000,0.0000,3.4085
2026-05-07 19:46:21.640,0,10,10,0.00,0.0000,-0.0001,0.0674,-0.2918,0.0000,-0.0000,0.0000,3.4085
2026-05-07 19:46:22.140,0,10,10,0.00,0.0000,0.0005,0.0674,-0.2918,0.0000,-0.0000,0.0000,3.4085
2026-05-07 19:46:22.640,0,10,10,0.00,-0.0001,0.0000,0.0674,-0.2918,0.0000,-0.0000,0.0000,3.4085
2026-05-07 19:46:23.140,0,10,10,0.00,0.0000,-0.0001,0.0674,-0.2918,0.0000,-0.0000,0.0000,3.4085
2026-05-07 19:46:23.640,0,10,10,0.00,-0.0001,0.0000,0.0674,-0.2918,0.0000,-0.0000,0.0000,3.4085
2026-05-07 19:46:24.141,0,10,10,0.00,0.0000,-0.0008,0.0674,-0.2918,0.0000,-0.0000,0.0000,3.4085
2026-05-07 19:46:24.640,0,10,10,0.00,0.0473,-0.1710,0.0438,-0.2912,0.0000,-0.0000,0.0000,1.1593
2026-05-07 19:46:25.140,0,10,10,0.00,0.2102,-0.3360,-0.0547,-0.2800,0.0000,-0.0000,0.0000,-5.4984
2026-05-07 19:46:25.640,0,10,10,0.00,0.3543,-0.2495,-0.2119,-0.2485,0.0000,-0.0000,0.0000,-11.6256
2026-05-07 19:46:26.140,0,10,10,0.00,0.3524,-0.1882,-0.3490,-0.2290,0.0000,-0.0000,0.0000,-5.7049
2026-05-07 19:46:26.640,0,9,10,0.00,0.2342,-0.2079,-0.4868,-0.2264,0.0000,-0.0000,0.0000,2.8319
2026-05-07 19:46:27.140,0,10,10,0.00,-0.0021,0.0035,-0.5199,-0.2267,0.0000,-0.0000,0.0000,2.9423
2026-05-07 19:46:27.640,0,10,10,0.00,0.1437,-0.0957,-0.5449,-0.2273,0.0000,-0.0000,0.0000,2.9423
2026-05-07 19:46:28.140,0,10,10,0.00,-0.0107,-0.0034,-0.5813,-0.2286,0.0000,-0.0000,0.0000,4.4433
2026-05-07 19:46:28.640,0,10,10,0.00,0.0000,-0.0170,-0.5814,-0.2286,0.0000,-0.0000,0.0000,4.4433
2026-05-07 19:46:29.140,0,10,10,0.00,0.0000,-0.0415,-0.5847,-0.2286,0.0000,-0.0000,0.0000,4.4433
2026-05-07 19:46:29.640,0,10,10,0.00,0.0003,-0.0082,-0.5877,-0.2286,0.0000,-0.0000,0.0000,3.0621
2026-05-07 19:46:30.140,0,10,10,0.00,0.0000,0.0001,-0.5879,-0.2286,0.0000,-0.0000,0.0000,3.0621
2026-05-07 19:46:30.640,0,10,10,0.00,0.0000,0.0000,-0.5879,-0.2286,0.0000,-0.0000,0.0000,3.0621
2026-05-07 19:46:31.140,0,10,10,0.00,0.0000,0.0000,-0.5879,-0.2286,0.0000,-0.0000,0.0000,3.0621
2026-05-07 19:46:31.640,0,10,10,0.00,-0.0003,0.0000,-0.5879,-0.2286,0.0000,-0.0000,0.0000,3.0621
2026-05-07 19:46:32.140,0,10,10,0.00,-0.1117,0.0791,-0.5723,-0.2288,0.0000,-0.4486,0.5205,3.0621
2026-05-07 19:46:32.640,0,10,10,0.00,-0.2702,0.2579,-0.4822,-0.2326,0.0000,-0.7247,0.8001,-0.1376
2026-05-07 19:46:33.140,0,10,10,0.00,-0.4246,0.4232,-0.3067,-0.2423,0.0000,-0.7750,0.8000,-1.2996
2026-05-07 19:46:33.640,0,10,10,0.00,-0.5826,0.5705,-0.0525,-0.2573,0.0000,-0.6448,0.6531,-1.6030
2026-05-07 19:46:34.140,0,10,10,0.00,-0.4985,0.5508,0.2415,-0.2742,0.0000,-0.3466,0.2534,-1.7539
2026-05-07 19:46:34.640,0,10,10,0.00,-0.4007,0.1950,0.4306,-0.2797,0.0000,-0.4111,0.1889,2.0198
2026-05-07 19:46:35.140,0,10,10,0.00,-0.4254,0.1477,0.5734,-0.3048,0.0000,-0.4322,0.1678,-10.4164
2026-05-07 19:46:35.640,0,10,10,0.00,-0.4377,0.1623,0.7089,-0.3647,0.0000,-0.4391,0.1609,-25.0033
2026-05-07 19:46:36.140,0,10,10,0.00,-0.4413,0.1617,0.8282,-0.4567,0.0000,-0.4414,0.1586,-39.3369
2026-05-07 19:46:36.640,0,10,10,0.00,-0.4400,0.1581,0.9213,-0.5744,0.0000,-0.4421,0.1579,-53.9454
2026-05-07 19:46:37.140,0,10,10,0.00,-0.4407,0.1581,0.9819,-0.7104,0.0000,-0.4411,0.1589,-68.6755
2026-05-07 19:46:37.640,0,10,10,0.00,-0.4177,0.1740,1.0077,-0.8571,0.0000,-0.4072,0.1928,-83.2963
2026-05-07 19:46:38.140,0,10,10,0.00,-0.3687,0.2259,1.0038,-1.0062,0.0000,-0.3612,0.2388,-94.7841
2026-05-07 19:46:38.640,0,10,10,0.00,-0.4411,0.3265,0.9783,-1.1694,0.0000,-0.4671,0.4029,-101.4202
2026-05-07 19:46:39.140,0,10,10,0.00,-0.5707,0.5006,0.9224,-1.3948,0.0000,-0.7988,0.8000,-106.6636
2026-05-07 19:46:39.640,0,10,10,0.00,-0.7287,0.6629,0.8280,-1.6916,0.0000,-0.7155,0.8001,-110.3867
2026-05-07 19:46:40.140,0,10,10,0.00,-0.5364,0.6248,0.7170,-2.0103,0.0000,-0.2813,0.4805,-112.4706
2026-05-07 19:46:40.640,0,10,10,0.00,-0.2440,0.3975,0.6618,-2.2135,0.0000,-0.2549,0.4364,-106.4291
2026-05-07 19:46:41.140,0,10,10,0.00,-0.3117,0.4680,0.6386,-2.3839,0.0000,-0.3683,0.4780,-99.0324
2026-05-07 19:46:41.640,0,10,10,0.00,-0.4674,0.5596,0.6358,-2.6106,0.0000,-0.7086,0.7320,-91.7321
2026-05-07 19:46:42.140,0,10,10,0.00,-0.6205,0.7042,0.6584,-2.9106,0.0000,-0.6938,0.6763,-86.8408
2026-05-07 19:46:42.640,0,10,10,0.00,-0.6900,0.6193,0.6990,-3.2452,0.0000,-0.6771,0.6062,-84.2435
2026-05-07 19:46:43.140,0,10,10,0.00,-0.6283,0.5784,0.7226,-3.5572,0.0000,-0.6149,0.5818,-87.9290
2026-05-07 19:46:43.640,0,10,10,0.00,-0.5706,0.5677,0.7329,-3.8488,0.0000,-0.5612,0.5553,-90.0009
2026-05-07 19:46:44.140,0,10,10,0.00,-0.5325,0.5288,0.7411,-4.1232,0.0000,-0.5254,0.5153,-90.0140
2026-05-07 19:46:44.640,0,10,10,0.00,-0.4998,0.4804,0.7477,-4.3759,0.0000,-0.4928,0.4784,-90.2205
2026-05-07 19:46:45.140,0,10,10,0.00,-0.4622,0.4634,0.7511,-4.6138,0.0000,-0.4535,0.4528,-91.1609
2026-05-07 19:46:45.640,0,10,10,0.00,-0.4271,0.4240,0.7540,-4.8348,0.0000,-0.4223,0.4229,-91.1895
2026-05-07 19:46:46.140,0,10,10,0.00,-0.3981,0.4006,0.7568,-5.0415,0.0000,-0.3939,0.3948,-91.1838
2026-05-07 19:46:46.640,0,10,10,0.00,-0.3721,0.3773,0.7599,-5.2344,0.0000,-0.3677,0.3682,-91.0939
2026-05-07 19:46:47.140,0,10,10,0.00,-0.3471,0.3558,0.7635,-5.4146,0.0000,-0.3427,0.3438,-91.0364
2026-05-07 19:46:47.640,0,10,10,0.00,-0.3257,0.3263,0.7669,-5.5814,0.0000,-0.3196,0.3212,-91.0247
2026-05-07 19:46:48.140,0,10,10,0.00,-0.3030,0.3088,0.7705,-5.7384,0.0000,-0.2987,0.3013,-91.0149
2026-05-07 19:46:48.640,0,10,10,0.00,-0.2977,0.3004,0.7745,-5.8888,0.0000,-0.2991,0.3009,-90.7391
2026-05-07 19:46:49.140,0,10,10,0.00,-0.2990,0.2982,0.7788,-6.0381,0.0000,-0.2995,0.3005,-90.7100
2026-05-07 19:46:49.640,0,10,10,0.00,-0.2994,0.2991,0.7831,-6.1879,0.0000,-0.2992,0.3008,-90.7209
2026-05-07 19:46:50.140,0,10,10,0.00,-0.3015,0.3064,0.7876,-6.3378,0.0000,-0.3000,0.3000,-90.5960
2026-05-07 19:46:50.640,0,10,10,0.00,-0.3011,0.3021,0.7924,-6.4880,0.0000,-0.2996,0.3004,-90.6244
2026-05-07 19:46:51.140,0,10,10,0.00,-0.2975,0.3007,0.7973,-6.6377,0.0000,-0.2983,0.3017,-90.6382
2026-05-07 19:46:51.640,0,10,10,0.00,-0.2991,0.3016,0.8024,-6.7870,0.0000,-0.2987,0.3013,-90.5073
2026-05-07 19:46:52.140,0,10,10,0.00,-0.2988,0.3020,0.8078,-6.9367,0.0000,-0.2985,0.3015,-90.5208
2026-05-07 19:46:52.640,0,10,10,0.00,-0.3011,0.3071,0.8134,-7.0866,0.0000,-0.2983,0.3017,-90.5391
2026-05-07 19:46:53.140,0,10,10,0.00,-0.2977,0.3015,0.8197,-7.2370,0.0000,-0.2987,0.3013,-90.3781
2026-05-07 19:46:53.640,0,10,10,0.00,-0.3026,0.2944,0.8264,-7.3864,0.0000,-0.3015,0.2985,-90.1212
2026-05-07 19:46:54.140,0,10,10,0.00,-0.3016,0.2987,0.8323,-7.5357,0.0000,-0.3015,0.2985,-90.7590
2026-05-07 19:46:54.640,0,10,10,0.00,-0.1165,0.1609,0.8372,-7.6585,0.0000,-0.0000,0.0000,-90.7464
2026-05-07 19:46:55.140,0,10,10,0.00,0.0001,0.0000,0.8378,-7.6684,0.0000,-0.0000,0.0000,-89.8915
2026-05-07 19:46:55.640,0,10,10,0.00,0.0000,-0.0001,0.8378,-7.6684,0.0000,-0.0000,0.0000,-89.8915
2026-05-07 19:46:56.140,0,10,10,0.00,-0.0001,-0.0001,0.8378,-7.6684,0.0000,-0.0000,0.0000,-89.8915
2026-05-07 19:46:56.640,0,10,10,0.00,-0.0001,0.0001,0.8378,-7.6684,0.0000,-0.0000,0.0000,-89.8915
2026-05-07 19:46:57.140,0,10,10,0.00,0.0000,0.0000,0.8378,-7.6684,0.0000,-0.0000,0.0000,-89.8915
2026-05-07 19:46:57.640,0,10,10,0.00,0.0000,0.0000,0.8378,-7.6684,0.0000,-0.0000,0.0000,-89.8915
2026-05-07 19:46:58.140,0,10,10,0.00,0.0000,-0.0001,0.8378,-7.6684,0.0000,-0.0000,0.0000,-89.8915
2026-05-07 19:46:58.640,0,10,10,0.00,0.0000,-0.0001,0.8378,-7.6684,0.0000,-0.0000,0.0000,-89.8915
2026-05-07 19:46:59.140,0,10,10,0.00,0.0000,0.0005,0.8378,-7.6684,0.0000,-0.0000,0.0000,-89.8915
2026-05-07 19:46:59.640,0,10,10,0.00,0.0000,-0.0003,0.8378,-7.6684,0.0000,-0.0000,0.0000,-89.8915
2026-05-07 19:47:00.140,0,10,10,0.00,0.0000,0.0000,0.8378,-7.6684,0.0000,-0.0000,0.0000,-89.8915
2026-05-07 19:47:00.640,0,10,10,0.00,0.0001,0.0000,0.8378,-7.6684,0.0000,-0.0000,0.0000,-89.8915
2026-05-07 19:47:01.140,0,10,10,0.00,-0.0001,0.0001,0.8378,-7.6684,0.0000,-0.0000,0.0000,-89.8915
2026-05-07 19:47:01.640,0,10,10,0.00,-0.0001,0.0004,0.8378,-7.6684,0.0000,-0.0000,0.0000,-89.8915
2026-05-07 19:47:02.140,0,10,10,0.00,-0.0001,0.0000,0.8378,-7.6684,0.0000,-0.0000,0.0000,-89.8915
2026-05-07 19:47:02.640,0,10,10,0.00,0.0000,-0.0003,0.8378,-7.6684,0.0000,-0.0000,0.0000,-89.8915
2026-05-07 19:47:03.140,0,10,10,0.00,0.0001,-0.0001,0.8378,-7.6684,0.0000,-0.0000,0.0000,-89.8915
2026-05-07 19:47:03.640,0,9,10,0.00,-0.0001,0.0000,0.8378,-7.6684,0.0000,-0.0000,0.0000,-89.8915
2026-05-07 19:47:04.140,0,10,10,0.00,0.0003,0.0000,0.8378,-7.6684,0.0000,-0.0000,0.0000,-89.8915
2026-05-07 19:47:04.640,0,10,10,0.00,0.0003,0.0001,0.8378,-7.6684,0.0000,-0.0000,0.0000,-89.8915
2026-05-07 19:47:05.140,0,10,10,0.00,0.0000,0.0000,0.8378,-7.6684,0.0000,-0.0000,0.0000,-89.8915
2026-05-07 19:47:05.640,0,10,10,0.00,0.0000,-0.0001,0.8378,-7.6684,0.0000,-0.0000,0.0000,-89.8915
2026-05-07 19:47:06.140,0,10,10,0.00,0.0001,-0.0005,0.8378,-7.6684,0.0000,-0.0000,0.0000,-89.8915
2026-05-07 19:47:06.640,0,10,10,0.00,-0.1623,-0.1306,0.8378,-7.6727,0.0000,-0.0000,0.0000,-89.8915
2026-05-07 19:47:07.140,0,10,10,0.00,-0.3093,-0.3269,0.8390,-7.6691,0.0000,-0.0000,0.0000,-110.5297
2026-05-07 19:47:07.640,0,10,10,0.00,-0.3500,-0.3769,0.8427,-7.6656,0.0000,-0.0000,0.0000,-146.1734
2026-05-07 19:47:08.140,0,10,10,0.00,-0.3546,-0.3449,0.8443,-7.6650,0.0000,-0.0000,0.0000,175.4422
2026-05-07 19:47:08.640,0,10,10,0.00,-0.3533,-0.3528,0.8436,-7.6647,0.0000,-0.0000,0.0000,138.9142
2026-05-07 19:47:09.140,0,10,10,0.00,-0.1848,-0.2520,0.8451,-7.6695,0.0000,-0.0000,0.0000,102.3349
2026-05-07 19:47:09.640,0,10,10,0.00,0.0001,0.0067,0.8461,-7.6753,0.0000,-0.0000,0.0000,86.3662
2026-05-07 19:47:10.140,0,10,10,0.00,-0.0001,0.0004,0.8460,-7.6752,0.0000,-0.0000,0.0000,87.2141
2026-05-07 19:47:10.640,0,10,10,0.00,0.0000,-0.0001,0.8460,-7.6752,0.0000,-0.0000,0.0000,87.2141
2026-05-07 19:47:11.140,0,10,10,0.00,0.0000,-0.0001,0.8460,-7.6752,0.0000,-0.0000,0.0000,87.2141
2026-05-07 19:47:11.640,0,10,10,0.00,0.0000,0.0000,0.8460,-7.6752,0.0000,-0.0000,0.0000,87.2141
2026-05-07 19:47:12.140,0,10,10,0.00,-0.0001,-0.0001,0.8460,-7.6752,0.0000,-0.0000,0.0000,87.2141
2026-05-07 19:47:12.640,0,10,10,0.00,-0.0001,-0.0001,0.8460,-7.6752,0.0000,-0.0000,0.0000,87.2141
2026-05-07 19:47:13.140,0,10,10,0.00,0.0000,-0.0003,0.8460,-7.6752,0.0000,-0.0000,0.0000,87.2141
2026-05-07 19:47:13.640,0,10,10,0.00,0.0001,-0.0003,0.8460,-7.6752,0.0000,-0.0000,0.0000,87.2141
2026-05-07 19:47:14.140,0,10,10,0.00,0.0000,0.0000,0.8460,-7.6752,0.0000,-0.0000,0.0000,87.2141
2026-05-07 19:47:14.640,0,10,10,0.00,0.0001,0.0000,0.8460,-7.6752,0.0000,-0.0000,0.0000,87.2141
2026-05-07 19:47:15.140,0,10,10,0.00,-0.0601,0.0315,0.8454,-7.6700,0.0000,-0.3271,0.2729,87.2141
2026-05-07 19:47:15.640,0,10,10,0.00,-0.2189,0.2136,0.8385,-7.6026,0.0000,-0.7750,0.8000,86.7678
2026-05-07 19:47:16.140,0,10,10,0.00,-0.3770,0.3773,0.8243,-7.4510,0.0000,-0.7755,0.8000,86.8271
2026-05-07 19:47:16.640,0,10,10,0.00,-0.5341,0.5271,0.8034,-7.2202,0.0000,-0.7771,0.8000,87.1942
2026-05-07 19:47:17.140,0,10,10,0.00,-0.6951,0.6859,0.7769,-6.9125,0.0000,-0.7722,0.8000,86.8663
2026-05-07 19:47:17.640,0,10,10,0.00,-0.7645,0.8287,0.7455,-6.5329,0.0000,-0.7555,0.8000,86.3210
2026-05-07 19:47:18.140,0,10,10,0.00,-0.7718,0.7935,0.6986,-6.1441,0.0000,-0.7875,0.7915,89.3947
2026-05-07 19:47:18.640,0,10,10,0.00,-0.7553,0.7507,0.6440,-5.7573,0.0000,-0.7411,0.7335,90.3136
2026-05-07 19:47:19.140,0,10,10,0.00,-0.7099,0.7075,0.5943,-5.3984,0.0000,-0.6931,0.6836,90.2434
2026-05-07 19:47:19.640,0,10,10,0.00,-0.6603,0.6434,0.5498,-5.0628,0.0000,-0.6485,0.6353,89.8481
2026-05-07 19:47:20.140,0,10,10,0.00,-0.6158,0.6143,0.5116,-4.7491,0.0000,-0.6003,0.5975,89.2081
2026-05-07 19:47:20.640,0,10,10,0.00,-0.5710,0.5727,0.4774,-4.4570,0.0000,-0.5577,0.5600,88.8953
2026-05-07 19:47:21.140,0,10,10,0.00,-0.5296,0.5428,0.4454,-4.1831,0.0000,-0.5192,0.5238,88.8820
2026-05-07 19:47:21.640,0,10,10,0.00,-0.4958,0.4881,0.4135,-3.9284,0.0000,-0.4903,0.4834,89.5345
2026-05-07 19:47:22.140,0,10,10,0.00,-0.4629,0.4595,0.3845,-3.6916,0.0000,-0.4534,0.4553,89.1611
2026-05-07 19:47:22.640,0,10,10,0.00,-0.4320,0.4368,0.3574,-3.4690,0.0000,-0.4228,0.4262,89.1852
2026-05-07 19:47:23.140,0,10,10,0.00,-0.4037,0.4028,0.3312,-3.2620,0.0000,-0.3952,0.3971,89.3029
2026-05-07 19:47:23.640,0,10,10,0.00,-0.3761,0.3824,0.3065,-3.0688,0.0000,-0.3679,0.3716,89.3054
2026-05-07 19:47:24.140,0,10,10,0.00,-0.3491,0.3593,0.2824,-2.8878,0.0000,-0.3453,0.3454,89.4719
2026-05-07 19:47:24.640,0,10,10,0.00,-0.3299,0.3259,0.2591,-2.7193,0.0000,-0.3245,0.3198,89.7582
2026-05-07 19:47:25.140,0,10,10,0.00,-0.3084,0.3036,0.2382,-2.5633,0.0000,-0.3014,0.3000,89.5423
2026-05-07 19:47:25.640,0,10,10,0.00,-0.2982,0.3008,0.2186,-2.4143,0.0000,-0.2993,0.3007,89.3095
2026-05-07 19:47:26.140,0,10,10,0.00,-0.2991,0.3009,0.1988,-2.2651,0.0000,-0.2999,0.3001,89.3306
2026-05-07 19:47:26.640,0,10,10,0.00,-0.2990,0.2988,0.1790,-2.1167,0.0000,-0.2995,0.3005,89.3292
2026-05-07 19:47:27.140,0,9,10,0.00,-0.2986,0.3024,0.1595,-1.9686,0.0000,-0.2994,0.3006,89.3262
2026-05-07 19:47:27.640,0,10,10,0.00,-0.2996,0.3033,0.1395,-1.8195,0.0000,-0.3001,0.2999,89.3378
2026-05-07 19:47:28.140,0,10,10,0.00,-0.2996,0.2940,0.1193,-1.6706,0.0000,-0.3013,0.2987,89.4804
2026-05-07 19:47:28.640,0,10,10,0.00,-0.3011,0.2923,0.0993,-1.5223,0.0000,-0.3005,0.2995,89.3624
2026-05-07 19:47:29.140,0,10,10,0.00,-0.3015,0.2985,0.0799,-1.3743,0.0000,-0.2996,0.3004,89.2373
2026-05-07 19:47:29.640,0,10,10,0.00,-0.2988,0.3013,0.0607,-1.2261,0.0000,-0.2985,0.3015,89.1374
2026-05-07 19:47:30.140,0,10,10,0.00,-0.2991,0.3054,0.0409,-1.0768,0.0000,-0.2997,0.3003,89.2899
2026-05-07 19:47:30.640,0,10,10,0.00,-0.2279,0.3500,0.0196,-0.9311,0.0000,-0.2041,0.3959,89.4290
2026-05-07 19:47:31.140,0,10,10,0.00,-0.1763,0.4286,-0.0188,-0.7874,0.0000,-0.1728,0.4272,96.3817
2026-05-07 19:47:31.640,0,10,10,0.00,-0.1649,0.4434,-0.0878,-0.6534,0.0000,-0.1625,0.4375,110.0439
2026-05-07 19:47:32.140,0,10,10,0.00,-0.1605,0.4398,-0.1859,-0.5405,0.0000,-0.1591,0.4409,124.5216
2026-05-07 19:47:32.640,0,10,10,0.00,-0.1568,0.4392,-0.3085,-0.4547,0.0000,-0.1641,0.4359,138.9277
2026-05-07 19:47:33.140,0,10,10,0.00,-0.1876,0.4237,-0.4492,-0.4007,0.0000,-0.2010,0.3990,153.4700
2026-05-07 19:47:33.640,0,10,10,0.00,-0.2499,0.3272,-0.5957,-0.3758,0.0000,-0.3107,0.3299,165.3426
2026-05-07 19:47:34.140,0,9,10,0.00,-0.3536,0.3732,-0.7607,-0.3600,0.0000,-0.3006,0.4041,169.0324
2026-05-07 19:47:34.640,0,10,10,0.00,-0.2323,0.4049,-0.9317,-0.3515,0.0000,-0.2384,0.3986,170.4866
2026-05-07 19:47:35.140,0,10,10,0.00,-0.1810,0.3585,-1.0865,-0.3656,0.0000,-0.0000,0.0000,-179.5394
2026-05-07 19:47:35.640,0,9,10,0.00,0.0016,0.0240,-1.1421,-0.3779,0.0000,-0.0000,0.0000,-170.3497
2026-05-07 19:47:36.140,0,10,10,0.00,-0.0003,0.0000,-1.1419,-0.3779,0.0000,-0.0000,0.0000,-168.2302
2026-05-07 19:47:36.640,0,10,10,0.00,0.0000,0.0001,-1.1419,-0.3779,0.0000,-0.0000,0.0000,-168.2302
2026-05-07 19:47:37.140,0,10,10,0.00,0.0000,0.0000,-1.1419,-0.3779,0.0000,-0.0000,0.0000,-168.2302
2026-05-07 19:47:37.640,0,10,10,0.00,-0.0001,0.0000,-1.1419,-0.3779,0.0000,-0.0000,0.0000,-168.2302
2026-05-07 19:47:38.140,0,10,10,0.00,-0.0003,0.0001,-1.1419,-0.3779,0.0000,-0.0000,0.0000,-168.2302
2026-05-07 19:47:38.640,0,10,10,0.00,0.0001,-0.0004,-1.1419,-0.3779,0.0000,-0.0000,0.0000,-168.2302
2026-05-07 19:47:39.140,0,10,10,0.00,-0.0001,0.0001,-1.1419,-0.3779,0.0000,-0.0000,0.0000,-168.2302
2026-05-07 19:47:39.640,0,10,10,0.00,-0.0003,0.0000,-1.1419,-0.3779,0.0000,-0.0000,0.0000,-168.2302
2026-05-07 19:47:40.140,0,10,10,0.00,0.0000,0.0001,-1.1419,-0.3779,0.0000,-0.0000,0.0000,-168.2302
2026-05-07 19:47:40.640,0,10,10,0.00,0.0000,0.0001,-1.1419,-0.3779,0.0000,-0.0000,0.0000,-168.2302
2026-05-07 19:47:41.140,0,10,10,0.00,-0.0001,-0.0001,-1.1419,-0.3779,0.0000,-0.0000,0.0000,-168.2302
2026-05-07 19:47:41.640,0,10,10,0.00,0.0003,-0.0001,-1.1419,-0.3779,0.0000,-0.0000,0.0000,-168.2302
2026-05-07 19:47:42.140,0,10,10,0.00,0.0000,0.0000,-1.1419,-0.3779,0.0000,-0.0000,0.0000,-168.2302
2026-05-07 19:47:42.640,0,10,10,0.00,-0.0001,0.0000,-1.1419,-0.3779,0.0000,-0.0000,0.0000,-168.2302
2026-05-07 19:47:43.140,0,10,10,0.00,-0.0001,0.0000,-1.1419,-0.3779,0.0000,-0.0000,0.0000,-168.2302
2026-05-07 19:47:43.640,0,10,10,0.00,-0.1183,-0.0806,-1.1452,-0.3788,0.0000,-0.0000,0.0000,-168.2302
2026-05-07 19:47:44.140,0,10,10,0.00,-0.2784,-0.2780,-1.1502,-0.3794,0.0000,-0.0000,0.0000,177.9337
2026-05-07 19:47:44.640,0,10,10,0.00,-0.3575,-0.3702,-1.1493,-0.3801,0.0000,-0.0000,0.0000,146.6528
2026-05-07 19:47:45.140,0,10,10,0.00,-0.3534,-0.3517,-1.1483,-0.3812,0.0000,-0.0000,0.0000,108.6189
2026-05-07 19:47:45.640,0,10,10,0.00,-0.3533,-0.3598,-1.1485,-0.3821,0.0000,-0.0000,0.0000,70.3491
2026-05-07 19:47:46.140,0,10,10,0.00,-0.3534,-0.3453,-1.1485,-0.3826,0.0000,-0.0000,0.0000,32.6468
2026-05-07 19:47:46.640,0,9,10,0.00,-0.0945,-0.1257,-1.1526,-0.3833,0.0000,-0.0000,0.0000,-2.1022
2026-05-07 19:47:47.140,0,10,10,0.00,0.0000,0.0000,-1.1542,-0.3835,0.0000,-0.0000,0.0000,-9.1581
2026-05-07 19:47:47.640,0,10,10,0.00,-0.0003,0.0000,-1.1542,-0.3835,0.0000,-0.0000,0.0000,-9.1581
2026-05-07 19:47:48.140,0,10,10,0.00,0.0001,0.0001,-1.1542,-0.3835,0.0000,-0.0000,0.0000,-8.6018
2026-05-07 19:47:48.640,0,10,10,0.00,0.0000,-0.0001,-1.1542,-0.3835,0.0000,-0.0000,0.0000,-8.6018
2026-05-07 19:47:49.140,0,10,10,0.00,0.0000,0.0000,-1.1545,-0.3835,0.0000,-0.0000,0.0000,-8.6018
2026-05-07 19:47:49.641,0,10,10,0.00,0.0000,0.0000,-1.1545,-0.3835,0.0000,-0.0000,0.0000,-8.6018
2026-05-07 19:47:50.140,0,10,10,0.00,0.0001,0.0001,-1.1545,-0.3835,0.0000,-0.0000,0.0000,-8.6018
2026-05-07 19:47:50.640,0,10,10,0.00,0.0000,-0.0001,-1.1545,-0.3835,0.0000,-0.0000,0.0000,-8.6018
2026-05-07 19:47:51.140,0,10,10,0.00,0.0287,-0.0001,-1.1556,-0.3836,0.0000,-0.0000,0.0000,-8.6018
2026-05-07 19:47:51.640,0,10,10,0.00,-0.0001,0.0000,-1.1571,-0.3837,0.0000,-0.0000,0.0000,-8.6018
2026-05-07 19:47:52.140,0,10,10,0.00,0.0000,0.0000,-1.1571,-0.3837,0.0000,-0.0000,0.0000,-8.6018
2026-05-07 19:47:52.640,0,10,10,0.00,0.0359,0.0000,-1.1589,-0.3839,0.0000,-0.0000,0.0000,-8.6018
2026-05-07 19:47:53.140,0,10,10,0.00,0.0000,-0.0001,-1.1602,-0.3840,0.0000,-0.0000,0.0000,-8.6018
2026-05-07 19:47:53.640,0,10,10,0.00,-0.0005,0.0003,-1.1602,-0.3840,0.0000,-0.0000,0.0000,-8.6018
2026-05-07 19:47:54.140,0,10,10,0.00,0.0000,0.0000,-1.1602,-0.3840,0.0000,-0.0000,0.0000,-8.6018
2026-05-07 19:47:54.640,0,10,10,0.00,0.0000,0.0000,-1.1602,-0.3840,0.0000,-0.0000,0.0000,-8.6018
2026-05-07 19:47:55.140,0,10,10,0.00,0.0000,0.0000,-1.1602,-0.3840,0.0000,-0.0000,0.0000,-8.6018
2026-05-07 19:47:55.640,0,10,10,0.00,0.0000,0.0000,-1.1602,-0.3840,0.0000,-0.0000,0.0000,-8.6018
2026-05-07 19:47:56.140,0,10,10,0.00,0.0000,-0.0001,-1.1602,-0.3840,0.0000,-0.0000,0.0000,-8.6018
2026-05-07 19:47:56.640,0,10,10,0.00,-0.0003,0.0000,-1.1602,-0.3840,0.0000,-0.0000,0.0000,-8.6018
2026-05-07 19:47:57.140,0,10,10,0.00,0.0000,0.0000,-1.1602,-0.3840,0.0000,-0.0000,0.0000,-8.6018
2026-05-07 19:47:57.640,0,10,10,0.00,0.0000,0.0000,-1.1602,-0.3840,0.0000,-0.0000,0.0000,-8.6018
2026-05-07 19:47:58.140,0,10,10,0.00,0.0000,-0.0001,-1.1602,-0.3840,0.0000,-0.0000,0.0000,-8.6018
2026-05-07 19:47:58.640,0,10,10,0.00,0.0000,0.0000,-1.1602,-0.3840,0.0000,-0.0000,0.0000,-8.6018
2026-05-07 19:47:59.140,0,10,10,0.00,0.0000,-0.0001,-1.1602,-0.3840,0.0000,-0.0000,0.0000,-8.6018
2026-05-07 19:47:59.640,0,10,10,0.00,0.0003,0.0000,-1.1602,-0.3840,0.0000,-0.0000,0.0000,-8.6018
2026-05-07 19:48:00.140,0,10,10,0.00,-0.0001,-0.0003,-1.1602,-0.3840,0.0000,-0.0000,0.0000,-8.6018
2026-05-07 19:48:00.640,0,10,10,0.00,-0.0003,0.0000,-1.1602,-0.3840,0.0000,-0.0000,0.0000,-8.6018
2026-05-07 19:48:01.140,0,10,10,0.00,-0.0001,-0.0001,-1.1602,-0.3840,0.0000,-0.0000,0.0000,-8.6018
2026-05-07 19:48:01.640,0,10,10,0.00,0.0000,0.0000,-1.1602,-0.3840,0.0000,-0.0000,0.0000,-8.6018
2026-05-07 19:48:02.140,0,10,10,0.00,0.0000,0.0001,-1.1602,-0.3840,0.0000,-0.0000,0.0000,-8.6018
2026-05-07 19:48:02.640,0,10,10,0.00,0.0001,-0.0001,-1.1602,-0.3840,0.0000,-0.0000,0.0000,-8.6018
2026-05-07 19:48:03.140,0,10,10,0.00,0.0000,0.0000,-1.1602,-0.3840,0.0000,-0.0000,0.0000,-8.6018
2026-05-07 19:48:03.640,0,10,10,0.00,0.0001,0.0003,-1.1602,-0.3840,0.0000,-0.0000,0.0000,-8.6018
2026-05-07 19:48:04.140,0,10,10,0.00,0.0000,-0.0003,-1.1602,-0.3840,0.0000,-0.0000,0.0000,-8.6018
2026-05-07 19:48:04.640,0,10,10,0.00,0.0004,-0.0001,-1.1602,-0.3840,0.0000,-0.0000,0.0000,-8.6018
2026-05-07 19:48:05.140,0,10,10,0.00,-0.0003,-0.0001,-1.1602,-0.3840,0.0000,-0.0000,0.0000,-8.6018
2026-05-07 19:48:05.640,0,10,10,0.00,0.0000,-0.0001,-1.1602,-0.3840,0.0000,-0.0000,0.0000,-8.6018
2026-05-07 19:48:06.140,0,10,10,0.00,0.0000,0.0000,-1.1602,-0.3840,0.0000,-0.0000,0.0000,-8.6018
2026-05-07 19:48:06.640,0,10,10,0.00,0.0000,-0.0001,-1.1602,-0.3840,0.0000,-0.0000,0.0000,-8.6018
2026-05-07 19:48:07.140,0,10,10,0.00,0.0000,-0.0001,-1.1602,-0.3840,0.0000,-0.0000,0.0000,-8.6018
2026-05-07 19:48:07.640,0,10,10,0.00,0.0000,0.0000,-1.1602,-0.3840,0.0000,-0.0000,0.0000,-8.6018
2026-05-07 19:48:08.140,0,10,10,0.00,0.0000,0.0000,-1.1602,-0.3840,0.0000,-0.0000,0.0000,-8.6018
2026-05-07 19:48:08.640,0,10,10,0.00,-0.0001,0.0000,-1.1602,-0.3840,0.0000,-0.0000,0.0000,-8.6018
2026-05-07 19:48:09.140,0,10,10,0.00,0.0003,0.0000,-1.1602,-0.3840,0.0000,-0.0000,0.0000,-8.6018
2026-05-07 19:48:09.640,0,10,10,0.00,-0.0001,-0.0001,-1.1602,-0.3840,0.0000,-0.0000,0.0000,-8.6018
2026-05-07 19:48:10.140,0,10,10,0.00,0.0000,0.0001,-1.1602,-0.3840,0.0000,-0.0000,0.0000,-8.6018
2026-05-07 19:48:10.640,0,10,10,0.00,0.0000,0.0000,-1.1602,-0.3840,0.0000,-0.0000,0.0000,-8.6018
2026-05-07 19:48:11.140,0,10,10,0.00,0.0000,0.0000,-1.1602,-0.3840,0.0000,-0.0000,0.0000,-8.6018
2026-05-07 19:48:11.640,0,10,10,0.00,-0.0001,0.0000,-1.1602,-0.3840,0.0000,-0.0000,0.0000,-8.6018
2026-05-07 19:48:12.140,0,10,10,0.00,-0.0003,0.0000,-1.1602,-0.3840,0.0000,-0.0000,0.0000,-8.6018
2026-05-07 19:48:12.640,0,10,10,0.00,0.0000,0.0000,-1.1602,-0.3840,0.0000,-0.0000,0.0000,-8.6018
2026-05-07 19:48:13.140,0,10,10,0.00,0.0000,0.0000,-1.1602,-0.3840,0.0000,-0.0000,0.0000,-8.6018
2026-05-07 19:48:13.640,0,10,10,0.00,0.0000,-0.0001,-1.1602,-0.3840,0.0000,-0.0000,0.0000,-8.6018
2026-05-07 19:48:14.140,0,10,10,0.00,0.0000,0.0000,-1.1602,-0.3840,0.0000,-0.0000,0.0000,-8.6018
2026-05-07 19:48:14.640,0,10,10,0.00,0.0000,0.0000,-1.1602,-0.3840,0.0000,-0.0000,0.0000,-8.6018
2026-05-07 19:48:15.140,0,10,10,0.00,0.0000,0.0000,-1.1602,-0.3840,0.0000,-0.0000,0.0000,-8.6018
2026-05-07 19:48:15.640,0,10,10,0.00,0.0000,0.0003,-1.1602,-0.3840,0.0000,-0.0000,0.0000,-8.6018
2026-05-07 19:48:16.140,0,10,10,0.00,0.0000,0.0000,-1.1602,-0.3840,0.0000,-0.0000,0.0000,-8.6018
2026-05-07 19:48:16.640,0,10,10,0.00,0.0001,0.0000,-1.1602,-0.3840,0.0000,-0.0000,0.0000,-8.6018
2026-05-07 19:48:17.140,0,10,10,0.00,0.0000,0.0000,-1.1602,-0.3840,0.0000,-0.0000,0.0000,-8.6018
2026-05-07 19:48:17.640,0,10,10,0.00,0.0000,0.0000,-1.1602,-0.3840,0.0000,-0.0000,0.0000,-8.6018
2026-05-07 19:48:18.140,0,10,10,0.00,-0.0001,0.0003,-1.1602,-0.3840,0.0000,-0.0000,0.0000,-8.6018
2026-05-07 19:48:18.640,0,10,10,0.00,0.0001,0.0000,-1.1602,-0.3840,0.0000,-0.0000,0.0000,-8.6018
2026-05-07 19:48:19.140,0,10,10,0.00,0.0000,0.0000,-1.1602,-0.3840,0.0000,-0.0000,0.0000,-8.6018
2026-05-07 19:48:19.640,0,10,10,0.00,0.0000,0.0000,-1.1602,-0.3840,0.0000,-0.0000,0.0000,-8.6018
2026-05-07 19:48:20.140,0,10,10,0.00,0.0000,0.0001,-1.1602,-0.3840,0.0000,-0.0000,0.0000,-8.6018
2026-05-07 19:48:20.640,0,10,10,0.00,0.0000,0.0001,-1.1602,-0.3840,0.0000,-0.0000,0.0000,-8.6018
2026-05-07 19:48:21.140,0,10,10,0.00,0.0001,0.0003,-1.1602,-0.3840,0.0000,-0.0000,0.0000,-8.6018
2026-05-07 19:48:21.640,0,10,10,0.00,0.0001,-0.0001,-1.1602,-0.3840,0.0000,-0.0000,0.0000,-8.6018
2026-05-07 19:48:22.140,0,10,10,0.00,-0.0003,0.0000,-1.1602,-0.3840,0.0000,-0.0000,0.0000,-8.6018
2026-05-07 19:48:22.640,0,10,10,0.00,-0.0004,0.0000,-1.1602,-0.3840,0.0000,-0.0000,0.0000,-8.6018
2026-05-07 19:48:23.140,0,10,10,0.00,0.0001,0.0001,-1.1602,-0.3840,0.0000,-0.0000,0.0000,-8.6018
2026-05-07 19:48:23.640,0,10,10,0.00,0.0001,0.0001,-1.1602,-0.3840,0.0000,-0.0000,0.0000,-8.6018
2026-05-07 19:48:24.140,0,10,10,0.00,0.0000,0.0000,-1.1602,-0.3840,0.0000,-0.0000,0.0000,-8.6018
2026-05-07 19:48:24.640,0,10,10,0.00,0.0005,0.0000,-1.1602,-0.3840,0.0000,-0.0000,0.0000,-8.6018
2026-05-07 19:48:25.140,0,10,10,0.00,0.0003,-0.0001,-1.1602,-0.3840,0.0000,-0.0000,0.0000,-8.6018
2026-05-07 19:48:25.640,0,10,10,0.00,-0.0001,0.0000,-1.1602,-0.3840,0.0000,-0.0000,0.0000,-8.6018
2026-05-07 19:48:26.140,0,10,10,0.00,0.0000,0.0001,-1.1602,-0.3840,0.0000,-0.0000,0.0000,-8.6018
2026-05-07 19:48:26.640,0,10,10,0.00,-0.0003,0.0000,-1.1602,-0.3840,0.0000,-0.0000,0.0000,-8.6018
2026-05-07 19:48:27.140,0,10,10,0.00,-0.0004,0.0001,-1.1602,-0.3840,0.0000,-0.0000,0.0000,-8.6018
2026-05-07 19:48:27.640,0,10,10,0.00,0.0000,-0.0001,-1.1602,-0.3840,0.0000,-0.0000,0.0000,-8.6018
2026-05-07 19:48:28.140,0,10,10,0.00,0.0000,-0.0001,-1.1602,-0.3840,0.0000,-0.0000,0.0000,-8.6018
2026-05-07 19:48:28.640,0,10,10,0.00,-0.0003,0.0001,-1.1602,-0.3840,0.0000,-0.0000,0.0000,-8.6018
2026-05-07 19:48:29.140,0,10,10,0.00,0.0000,-0.0001,-1.1602,-0.3840,0.0000,-0.0000,0.0000,-8.6018
2026-05-07 19:48:29.640,0,10,10,0.00,0.0003,0.0000,-1.1602,-0.3840,0.0000,-0.0000,0.0000,-8.6018
2026-05-07 19:48:30.140,0,10,10,0.00,0.0000,0.0000,-1.1602,-0.3840,0.0000,-0.0000,0.0000,-8.6018
2026-05-07 19:48:30.640,0,10,10,0.00,0.0000,0.0000,-1.1602,-0.3840,0.0000,-0.0000,0.0000,-8.6018
2026-05-07 19:48:31.140,0,10,10,0.00,0.0000,0.0000,-1.1602,-0.3840,0.0000,-0.0000,0.0000,-8.6018
2026-05-07 19:48:31.640,0,10,10,0.00,0.0000,0.0000,-1.1602,-0.3840,0.0000,-0.0000,0.0000,-8.6018
2026-05-07 19:48:32.140,0,10,10,0.00,0.0000,0.0001,-1.1602,-0.3840,0.0000,-0.0000,0.0000,3.8397
2026-05-07 19:48:32.640,0,10,10,0.00,0.0000,0.0000,-1.1602,-0.3840,0.0000,-0.0000,0.0000,3.8397
2026-05-07 19:48:33.140,0,10,10,0.00,0.0000,0.0000,-1.1602,-0.3840,0.0000,-0.0000,0.0000,3.8397
2026-05-07 19:48:33.640,0,10,10,0.00,0.0000,0.0003,-1.1602,-0.3840,0.0000,-0.0000,0.0000,3.8397
2026-05-07 19:48:34.140,0,10,10,0.00,-0.0003,0.0001,-1.1602,-0.3840,0.0000,-0.0000,0.0000,3.8397
2026-05-07 19:48:34.640,0,10,10,0.00,0.0000,0.0000,-1.1602,-0.3840,0.0000,-0.0000,0.0000,3.8397
2026-05-07 19:48:35.140,0,10,10,0.00,0.0000,0.0000,-1.1602,-0.3840,0.0000,-0.0000,0.0000,3.8397
2026-05-07 19:48:35.640,0,10,10,0.00,-0.0001,0.0000,-1.1602,-0.3840,0.0000,-0.0000,0.0000,3.8397
2026-05-07 19:48:36.140,0,10,10,0.00,0.0000,0.0001,-1.1602,-0.3840,0.0000,-0.0000,0.0000,3.8397
2026-05-07 19:48:36.640,0,10,10,0.00,0.0001,0.0000,-1.1602,-0.3840,0.0000,-0.0000,0.0000,3.8397
2026-05-07 19:48:37.140,0,10,10,0.00,0.0000,0.0000,-1.1602,-0.3840,0.0000,-0.0000,0.0000,3.8397
2026-05-07 19:48:37.640,0,10,10,0.00,0.0000,0.0000,-1.1602,-0.3840,0.0000,-0.0000,0.0000,3.8397
2026-05-07 19:48:38.140,0,10,10,0.00,0.0000,0.0000,-1.1602,-0.3840,0.0000,-0.0000,0.0000,3.8397
2026-05-07 19:48:38.640,0,10,10,0.00,-0.0001,0.0000,-1.1602,-0.3840,0.0000,-0.0000,0.0000,3.8397
2026-05-07 19:48:39.140,0,10,10,0.00,0.0001,0.0001,-1.1602,-0.3840,0.0000,-0.0000,0.0000,3.8397
2026-05-07 19:48:39.640,0,10,10,0.00,-0.0001,-0.0003,-1.1602,-0.3840,0.0000,-0.0000,0.0000,3.8397
2026-05-07 19:48:40.140,0,10,10,0.00,-0.0003,0.0000,-1.1602,-0.3840,0.0000,-0.0000,0.0000,3.8397
2026-05-07 19:48:40.640,0,10,10,0.00,0.0001,0.0000,-1.1602,-0.3840,0.0000,-0.0000,0.0000,3.8397
2026-05-07 19:48:41.140,0,10,10,0.00,0.0003,0.0000,-1.1602,-0.3840,0.0000,-0.0000,0.0000,3.8397
2026-05-07 19:48:41.640,0,10,10,0.00,0.0453,-0.0001,-1.1627,-0.3843,0.0000,-0.0000,0.0000,3.8397
2026-05-07 19:48:42.140,0,10,10,0.00,0.0329,0.0003,-1.1681,-0.3849,0.0000,-0.0000,0.0000,4.0038
2026-05-07 19:48:42.640,0,10,10,0.00,0.1919,-0.0833,-1.2027,-0.3912,0.0000,-0.0000,0.0000,3.0507
2026-05-07 19:48:43.140,0,10,10,0.00,0.3488,-0.2195,-1.3069,-0.4205,0.0000,-0.0000,0.0000,8.6691
2026-05-07 19:48:43.640,0,10,10,0.00,0.0847,-0.1816,-1.4240,-0.4608,0.0000,-0.0000,0.0000,11.4711
2026-05-07 19:48:44.140,0,10,10,0.00,0.0001,-0.1842,-1.4733,-0.4726,0.0000,-0.0000,0.0000,3.4109
2026-05-07 19:48:44.640,0,10,10,0.00,-0.0001,0.0421,-1.4842,-0.4740,0.0000,-0.0000,0.0000,-2.8354
2026-05-07 19:48:45.140,0,10,10,0.00,-0.0003,0.0610,-1.4741,-0.4727,0.0000,-0.0000,0.0000,-2.8354
2026-05-07 19:48:45.640,0,10,10,0.00,0.0000,-0.0001,-1.4712,-0.4723,0.0000,-0.0000,0.0000,-0.1125
2026-05-07 19:48:46.140,0,10,10,0.00,0.0000,0.0000,-1.4712,-0.4723,0.0000,-0.0000,0.0000,-0.1125
2026-05-07 19:48:46.640,0,10,10,0.00,-0.0001,0.0001,-1.4712,-0.4723,0.0000,-0.0000,0.0000,-0.1125
2026-05-07 19:48:47.140,0,10,10,0.00,0.0000,-0.0093,-1.4715,-0.4723,0.0000,-0.0000,0.0000,-0.1125
2026-05-07 19:48:47.640,0,10,10,0.00,0.0001,-0.0003,-1.4715,-0.4723,0.0000,-0.0000,0.0000,-0.1125
2026-05-07 19:48:48.140,0,10,10,0.00,0.0005,0.0001,-1.4715,-0.4723,0.0000,-0.0000,0.0000,-0.1125
2026-05-07 19:48:48.640,0,10,10,0.00,-0.0003,0.0003,-1.4715,-0.4723,0.0000,-0.0000,0.0000,-0.1125
2026-05-07 19:48:49.140,0,10,10,0.00,0.0000,0.0000,-1.4715,-0.4723,0.0000,-0.0000,0.0000,-0.1125
2026-05-07 19:48:49.640,0,10,10,0.00,-0.0003,0.0005,-1.4715,-0.4723,0.0000,-0.0000,0.0000,-0.1125
2026-05-07 19:48:50.140,0,10,10,0.00,0.0000,0.0001,-1.4715,-0.4723,0.0000,-0.0000,0.0000,-0.1125
2026-05-07 19:48:50.640,0,10,10,0.00,-0.0001,0.0000,-1.4715,-0.4723,0.0000,-0.0000,0.0000,-0.1125
2026-05-07 19:48:51.140,0,10,10,0.00,0.0000,0.0001,-1.4715,-0.4723,0.0000,-0.0000,0.0000,-0.1125
2026-05-07 19:48:51.640,0,10,10,0.00,0.0000,0.0000,-1.4715,-0.4723,0.0000,-0.0000,0.0000,-0.1125
2026-05-07 19:48:52.140,0,10,10,0.00,-0.0004,-0.0003,-1.4715,-0.4723,0.0000,-0.0000,0.0000,-0.1125
2026-05-07 19:48:52.640,0,10,10,0.00,-0.0054,0.0185,-1.4616,-0.4708,0.0000,-0.0000,0.0000,-0.1125
2026-05-07 19:48:53.140,0,10,10,0.00,-0.0001,0.0654,-1.4540,-0.4695,0.0000,-0.0000,0.0000,-0.1125
2026-05-07 19:48:53.640,0,10,10,0.00,0.0000,0.0000,-1.4494,-0.4686,0.0000,-0.0000,0.0000,1.5403
2026-05-07 19:48:54.140,0,10,10,0.00,0.0000,0.0001,-1.4496,-0.4686,0.0000,-0.0000,0.0000,1.5403
2026-05-07 19:48:54.640,0,9,10,0.00,-0.0001,0.0001,-1.4496,-0.4686,0.0000,-0.0000,0.0000,1.5403
2026-05-07 19:48:55.140,0,9,10,0.00,0.0000,0.0000,-1.4496,-0.4686,0.0000,-0.0000,0.0000,1.5403
2026-05-07 19:48:55.640,0,9,10,0.00,0.0000,0.0000,-1.4496,-0.4686,0.0000,-0.0000,0.0000,1.5403
2026-05-07 19:48:56.140,0,9,10,0.00,0.0000,0.0000,-1.4496,-0.4686,0.0000,-0.0000,0.0000,1.5403
2026-05-07 19:48:56.640,0,9,10,0.00,0.0000,-0.0001,-1.4496,-0.4686,0.0000,-0.0000,0.0000,1.5403
2026-05-07 19:48:57.140,0,9,10,0.00,0.0000,-0.0003,-1.4496,-0.4686,0.0000,-0.0000,0.0000,1.5403
2026-05-07 19:48:57.640,0,9,10,0.00,0.0001,0.0000,-1.4496,-0.4686,0.0000,-0.0000,0.0000,1.5403
2026-05-07 19:48:58.140,0,9,10,0.00,-0.0003,-0.0003,-1.4496,-0.4686,0.0000,-0.0000,0.0000,1.5403
2026-05-07 19:48:58.640,0,10,10,0.00,0.0000,0.0000,-1.4496,-0.4686,0.0000,-0.0000,0.0000,1.5403
2026-05-07 19:48:59.140,0,9,10,0.00,0.0001,0.0000,-1.4496,-0.4686,0.0000,-0.0000,0.0000,1.5403
2026-05-07 19:48:59.640,0,9,10,0.00,0.0001,-0.0004,-1.4496,-0.4686,0.0000,-0.0000,0.0000,1.5403
2026-05-07 19:49:00.140,0,9,10,0.00,0.0001,0.0000,-1.4496,-0.4686,0.0000,-0.0000,0.0000,1.5403
2026-05-07 19:49:00.640,0,9,10,0.00,0.0000,0.0003,-1.4496,-0.4686,0.0000,-0.0000,0.0000,1.5403
2026-05-07 19:49:01.140,0,10,10,0.00,0.0000,0.0000,-1.4496,-0.4686,0.0000,-0.0000,0.0000,1.5403
2026-05-07 19:49:01.640,0,10,10,0.00,-0.0001,-0.0003,-1.4496,-0.4686,0.0000,-0.0000,0.0000,1.5403
2026-05-07 19:49:02.140,0,9,10,0.00,0.0000,0.0001,-1.4496,-0.4686,0.0000,-0.0000,0.0000,1.5403
2026-05-07 19:49:02.640,0,10,10,0.00,0.0001,0.0000,-1.4496,-0.4686,0.0000,-0.0000,0.0000,1.5403
2026-05-07 19:49:03.140,0,10,10,0.00,-0.0001,0.0001,-1.4496,-0.4686,0.0000,-0.0000,0.0000,1.5403
2026-05-07 19:49:03.640,0,10,10,0.00,-0.0001,-0.0001,-1.4496,-0.4686,0.0000,-0.0000,0.0000,1.5403
2026-05-07 19:49:04.140,0,10,10,0.00,0.0001,0.0000,-1.4496,-0.4686,0.0000,-0.0000,0.0000,1.5403
2026-05-07 19:49:04.640,0,10,10,0.00,0.0001,0.0000,-1.4496,-0.4686,0.0000,-0.0000,0.0000,1.5403
2026-05-07 19:49:05.140,0,10,10,0.00,0.0000,-0.0001,-1.4496,-0.4686,0.0000,-0.0000,0.0000,1.5403
2026-05-07 19:49:05.640,0,10,10,0.00,0.0000,0.0001,-1.4496,-0.4686,0.0000,-0.0000,0.0000,1.5403
2026-05-07 19:49:06.140,0,10,10,0.00,-0.0001,0.0000,-1.4496,-0.4686,0.0000,-0.0000,0.0000,1.5403
2026-05-07 19:49:06.640,0,10,10,0.00,-0.0003,0.0000,-1.4496,-0.4686,0.0000,-0.0000,0.0000,1.5403
2026-05-07 19:49:07.140,0,10,10,0.00,-0.0001,0.0003,-1.4496,-0.4686,0.0000,-0.0000,0.0000,1.5403
2026-05-07 19:49:07.640,0,10,10,0.00,0.0000,-0.0001,-1.4496,-0.4686,0.0000,-0.0000,0.0000,1.5403
2026-05-07 19:49:08.140,0,10,10,0.00,0.0000,0.0001,-1.4496,-0.4686,0.0000,-0.0000,0.0000,1.5403
2026-05-07 19:49:08.640,0,10,10,0.00,0.0000,0.0000,-1.4496,-0.4686,0.0000,-0.0000,0.0000,1.5403
2026-05-07 19:49:09.140,0,10,10,0.00,0.0003,0.0000,-1.4496,-0.4686,0.0000,-0.0000,0.0000,1.5403
2026-05-07 19:49:09.640,0,10,10,0.00,0.0000,-0.0004,-1.4496,-0.4686,0.0000,-0.0000,0.0000,1.5403
2026-05-07 19:49:10.140,0,10,10,0.00,0.0000,0.0000,-1.4496,-0.4686,0.0000,-0.0000,0.0000,1.5403
2026-05-07 19:49:10.640,0,10,10,0.00,0.0003,0.0000,-1.4496,-0.4686,0.0000,-0.0000,0.0000,1.5403
2026-05-07 19:49:11.140,0,10,10,0.00,0.0001,0.0000,-1.4496,-0.4686,0.0000,-0.0000,0.0000,1.5403
2026-05-07 19:49:11.640,0,10,10,0.00,-0.0003,0.0003,-1.4496,-0.4686,0.0000,-0.0000,0.0000,1.5403
2026-05-07 19:49:12.140,0,10,10,0.00,0.0000,0.0000,-1.4496,-0.4686,0.0000,-0.0000,0.0000,1.5403
2026-05-07 19:49:12.640,0,10,10,0.00,-0.0004,0.0000,-1.4496,-0.4686,0.0000,-0.0000,0.0000,1.5403
2026-05-07 19:49:13.140,0,10,10,0.00,-0.0001,0.0000,-1.4496,-0.4686,0.0000,-0.0000,0.0000,1.5403
2026-05-07 19:49:13.640,0,10,10,0.00,0.0001,0.0000,-1.4496,-0.4686,0.0000,-0.0000,0.0000,1.5403
2026-05-07 19:49:14.140,0,10,10,0.00,0.0001,0.0000,-1.4496,-0.4686,0.0000,-0.0000,0.0000,1.5403
2026-05-07 19:49:14.640,0,10,10,0.00,0.0000,0.0000,-1.4496,-0.4686,0.0000,-0.0000,0.0000,1.5403
2026-05-07 19:49:15.140,0,10,10,0.00,0.0000,0.0000,-1.4496,-0.4686,0.0000,-0.0000,0.0000,1.5403
2026-05-07 19:49:15.640,0,10,10,0.00,0.0000,0.0000,-1.4496,-0.4686,0.0000,-0.0000,0.0000,1.5403
2026-05-07 19:49:16.140,0,10,10,0.00,0.0000,0.0003,-1.4496,-0.4686,0.0000,-0.0000,0.0000,1.5403
2026-05-07 19:49:16.640,0,10,10,0.00,-0.0001,0.0003,-1.4496,-0.4686,0.0000,-0.0000,0.0000,1.5403
2026-05-07 19:49:17.140,0,10,10,0.00,0.0001,0.0000,-1.4496,-0.4686,0.0000,-0.0000,0.0000,1.5403
2026-05-07 19:49:17.640,0,10,10,0.00,0.0000,0.0003,-1.4496,-0.4686,0.0000,-0.0000,0.0000,1.5403
2026-05-07 19:49:18.140,0,10,10,0.00,-0.0001,0.0001,-1.4496,-0.4686,0.0000,-0.0000,0.0000,1.5403
2026-05-07 19:49:18.640,0,10,10,0.00,-0.0001,0.0000,-1.4496,-0.4686,0.0000,-0.0000,0.0000,1.5403
2026-05-07 19:49:19.140,0,10,10,0.00,0.0000,-0.0004,-1.4496,-0.4686,0.0000,-0.0000,0.0000,1.5403
2026-05-07 19:49:19.640,0,10,10,0.00,-0.0003,0.0000,-1.4496,-0.4686,0.0000,-0.0000,0.0000,1.5403
2026-05-07 19:49:20.140,0,10,10,0.00,0.0000,0.0000,-1.4496,-0.4686,0.0000,-0.0000,0.0000,1.5403
2026-05-07 19:49:20.640,0,10,10,0.00,-0.0001,0.0000,-1.4496,-0.4686,0.0000,-0.0000,0.0000,1.5403
2026-05-07 19:49:21.140,0,10,10,0.00,-0.0001,0.0000,-1.4496,-0.4686,0.0000,-0.0000,0.0000,1.5403
2026-05-07 19:49:21.640,0,10,10,0.00,-0.0005,-0.0001,-1.4496,-0.4686,0.0000,-0.0000,0.0000,1.5403
2026-05-07 19:49:22.140,0,10,10,0.00,-0.0001,-0.0004,-1.4496,-0.4686,0.0000,-0.0000,0.0000,1.5403
2026-05-07 19:49:22.640,0,10,10,0.00,-0.0001,0.0000,-1.4496,-0.4686,0.0000,-0.0000,0.0000,1.5403
2026-05-07 19:49:23.140,0,10,10,0.00,0.0000,0.0000,-1.4496,-0.4686,0.0000,-0.0000,0.0000,1.5403
2026-05-07 19:49:23.640,0,10,10,0.00,-0.0001,-0.0001,-1.4496,-0.4686,0.0000,-0.0000,0.0000,1.5403
2026-05-07 19:49:24.140,0,10,10,0.00,0.0000,0.0003,-1.4496,-0.4686,0.0000,-0.0000,0.0000,1.5403
2026-05-07 19:49:24.640,0,10,10,0.00,-0.0003,0.0000,-1.4496,-0.4686,0.0000,-0.0000,0.0000,1.5403
2026-05-07 19:49:25.140,0,10,10,0.00,0.0000,0.0001,-1.4496,-0.4686,0.0000,-0.0000,0.0000,1.5403
2026-05-07 19:49:25.640,0,10,10,0.00,0.0000,0.0000,-1.4496,-0.4686,0.0000,-0.0000,0.0000,1.5403
2026-05-07 19:49:26.140,0,10,10,0.00,0.0000,0.0001,-1.4496,-0.4686,0.0000,-0.0000,0.0000,1.5403
2026-05-07 19:49:26.640,0,10,10,0.00,-0.0003,0.0000,-1.4496,-0.4686,0.0000,-0.0000,0.0000,1.5403
2026-05-07 19:49:27.140,0,10,10,0.00,0.0000,0.0000,-1.4496,-0.4686,0.0000,-0.0000,0.0000,1.5403
2026-05-07 19:49:27.640,0,10,10,0.00,0.0000,0.0000,-1.4496,-0.4686,0.0000,-0.0000,0.0000,1.5403
2026-05-07 19:49:28.140,0,10,10,0.00,0.0000,0.0000,-1.4496,-0.4686,0.0000,-0.0000,0.0000,1.5403
2026-05-07 19:49:28.640,0,10,10,0.00,0.0000,-0.0003,-1.4496,-0.4686,0.0000,-0.0000,0.0000,1.5403
2026-05-07 19:49:29.140,0,10,10,0.00,-0.0003,0.0001,-1.4496,-0.4686,0.0000,-0.0000,0.0000,1.5403
2026-05-07 19:49:29.640,0,10,10,0.00,0.0001,0.0001,-1.4496,-0.4686,0.0000,-0.0000,0.0000,1.5403
2026-05-07 19:49:30.140,0,10,10,0.00,-0.0580,0.0230,-1.4455,-0.4678,0.0000,-0.3086,0.2914,1.5403
2026-05-07 19:49:30.640,0,10,10,0.00,-0.2216,0.2141,-1.3770,-0.4559,0.0000,-0.5649,0.5766,1.0007
2026-05-07 19:49:31.140,0,10,10,0.00,-0.3759,0.3718,-1.2263,-0.4309,0.0000,-0.6054,0.5744,0.0349
2026-05-07 19:49:31.640,0,10,10,0.00,-0.5359,0.5299,-0.9980,-0.3933,0.0000,-0.7328,0.6916,-0.2196
2026-05-07 19:49:32.140,0,10,10,0.00,-0.6277,0.6177,-0.7008,-0.3455,0.0000,-0.5447,0.5054,-0.4175
2026-05-07 19:49:32.640,0,10,10,0.00,-0.3850,0.3475,-0.4590,-0.3087,0.0000,-0.4022,0.1978,-1.4743
2026-05-07 19:49:33.140,0,10,10,0.00,-0.4284,0.1507,-0.3084,-0.2975,0.0000,-0.4293,0.1707,-4.3692
2026-05-07 19:49:33.640,0,10,10,0.00,-0.4401,0.1594,-0.1645,-0.3207,0.0000,-0.4382,0.1618,-20.1271
2026-05-07 19:49:34.140,0,10,10,0.00,-0.4384,0.1623,-0.0271,-0.3794,0.0000,-0.4411,0.1589,-35.2623
2026-05-07 19:49:34.640,0,10,10,0.00,-0.4427,0.1617,0.0928,-0.4699,0.0000,-0.4420,0.1580,-49.4644
2026-05-07 19:49:35.140,0,9,10,0.00,-0.4419,0.1537,0.1867,-0.5865,0.0000,-0.4400,0.1600,-64.1052
2026-05-07 19:49:35.640,0,10,10,0.00,-0.4203,0.1694,0.2489,-0.7217,0.0000,-0.4063,0.1937,-79.0105
2026-05-07 19:49:36.140,0,10,10,0.00,-0.3753,0.2296,0.2816,-0.8673,0.0000,-0.3623,0.2377,-91.3090
2026-05-07 19:49:36.640,0,10,10,0.00,-0.4207,0.3060,0.2960,-1.0269,0.0000,-0.4629,0.3951,-98.7207
2026-05-07 19:49:37.140,0,10,10,0.00,-0.5441,0.4735,0.2951,-1.2485,0.0000,-0.8000,0.7957,-104.4363
2026-05-07 19:49:37.640,0,10,10,0.00,-0.7058,0.6339,0.2744,-1.5480,0.0000,-0.7335,0.8001,-107.9304
2026-05-07 19:49:38.140,0,10,10,0.00,-0.5948,0.6549,0.2355,-1.8911,0.0000,-0.3273,0.5069,-111.4166
2026-05-07 19:49:38.640,0,10,10,0.00,-0.2748,0.4267,0.2203,-2.1204,0.0000,-0.2695,0.4476,-107.3394
2026-05-07 19:49:39.140,0,10,10,0.00,-0.2930,0.4491,0.2304,-2.2956,0.0000,-0.3650,0.4791,-101.2331
2026-05-07 19:49:39.640,0,10,10,0.00,-0.4513,0.5428,0.2705,-2.5113,0.0000,-0.7073,0.7319,-93.1232
2026-05-07 19:49:40.140,0,10,10,0.00,-0.6096,0.7125,0.3490,-2.7943,0.0000,-0.6940,0.6759,-88.2004
2026-05-07 19:49:40.640,0,10,10,0.00,-0.6951,0.6341,0.4576,-3.1147,0.0000,-0.6824,0.6014,-83.5508
2026-05-07 19:49:41.140,0,10,10,0.00,-0.6372,0.5800,0.5443,-3.4168,0.0000,-0.6158,0.5831,-87.4864
2026-05-07 19:49:41.640,0,10,10,0.00,-0.5786,0.5677,0.6127,-3.7036,0.0000,-0.5590,0.5606,-90.4672
2026-05-07 19:49:42.140,0,10,10,0.00,-0.5256,0.5513,0.6753,-3.9728,0.0000,-0.5207,0.5235,-90.8372
2026-05-07 19:49:42.640,0,10,10,0.00,-0.5042,0.4910,0.7365,-4.2232,0.0000,-0.4956,0.4783,-89.6336
2026-05-07 19:49:43.140,0,10,10,0.00,-0.4678,0.4591,0.7908,-4.4557,0.0000,-0.4560,0.4530,-90.6532
2026-05-07 19:49:43.640,0,10,10,0.00,-0.4291,0.4386,0.8399,-4.6738,0.0000,-0.4220,0.4258,-91.1385
2026-05-07 19:49:44.140,0,10,10,0.00,-0.4026,0.4093,0.8867,-4.8777,0.0000,-0.3942,0.3965,-91.0177
2026-05-07 19:49:44.640,0,10,10,0.00,-0.3738,0.3780,0.9307,-5.0663,0.0000,-0.3670,0.3706,-91.0057
2026-05-07 19:49:45.140,0,10,10,0.00,-0.3481,0.3664,0.9730,-5.2439,0.0000,-0.3433,0.3451,-90.7861
2026-05-07 19:49:45.640,0,10,10,0.00,-0.3297,0.3237,1.0133,-5.4081,0.0000,-0.3243,0.3176,-90.1924
2026-05-07 19:49:46.142,0,10,10,0.00,-0.3049,0.3050,1.0501,-5.5613,0.0000,-0.2983,0.3017,-90.8426
2026-05-07 19:49:46.640,0,10,10,0.00,-0.2957,0.3067,1.0853,-5.7075,0.0000,-0.2991,0.3009,-90.7987
2026-05-07 19:49:47.140,0,10,10,0.00,-0.3039,0.2952,1.1214,-5.8540,0.0000,-0.3047,0.2953,-90.0122
2026-05-07 19:49:47.640,0,10,10,0.00,-0.3037,0.2895,1.1564,-5.9995,0.0000,-0.3014,0.2986,-90.4264
2026-05-07 19:49:48.140,0,10,10,0.00,-0.2977,0.3036,1.1898,-6.1441,0.0000,-0.2954,0.3046,-91.2525
2026-05-07 19:49:48.640,0,10,10,0.00,-0.2950,0.3063,1.2242,-6.2905,0.0000,-0.2972,0.3028,-90.9878
2026-05-07 19:49:49.140,0,10,10,0.00,-0.3007,0.3028,1.2602,-6.4372,0.0000,-0.3024,0.2976,-90.2027
2026-05-07 19:49:49.640,0,10,10,0.00,-0.3039,0.2966,1.2959,-6.5824,0.0000,-0.3018,0.2982,-90.1692
2026-05-07 19:49:50.140,0,10,10,0.00,-0.2973,0.2978,1.3305,-6.7272,0.0000,-0.2962,0.3038,-90.7873
2026-05-07 19:49:50.640,0,10,10,0.00,-0.2931,0.3059,1.3653,-6.8723,0.0000,-0.2959,0.3041,-90.8519
2026-05-07 19:49:51.140,0,10,10,0.00,-0.2991,0.3060,1.4021,-7.0196,0.0000,-0.3015,0.2985,-89.9289
2026-05-07 19:49:51.640,0,10,10,0.00,-0.3022,0.2937,1.4391,-7.1652,0.0000,-0.3037,0.2963,-89.6973
2026-05-07 19:49:52.140,0,10,10,0.00,-0.2724,0.2816,1.4743,-7.3084,0.0000,-0.0000,0.0000,-90.5547
2026-05-07 19:49:52.640,0,10,10,0.00,0.0003,-0.0005,1.4885,-7.3662,0.0000,-0.0000,0.0000,-90.5655
2026-05-07 19:49:53.140,0,10,10,0.00,-0.0001,0.0003,1.4884,-7.3659,0.0000,-0.0000,0.0000,-90.5655
2026-05-07 19:49:53.640,0,10,10,0.00,0.0000,0.0003,1.4884,-7.3659,0.0000,-0.0000,0.0000,-90.5655
2026-05-07 19:49:54.140,0,10,10,0.00,0.0000,0.0000,1.4884,-7.3659,0.0000,-0.0000,0.0000,-90.5655
2026-05-07 19:49:54.640,0,10,10,0.00,0.0000,0.0000,1.4884,-7.3659,0.0000,-0.0000,0.0000,-90.5655
2026-05-07 19:49:55.140,0,10,10,0.00,0.0003,0.0000,1.4884,-7.3659,0.0000,-0.0000,0.0000,-90.5655
2026-05-07 19:49:55.640,0,9,10,0.00,0.0004,-0.0001,1.4884,-7.3659,0.0000,-0.0000,0.0000,-90.5655
2026-05-07 19:49:56.140,0,10,10,0.00,-0.0010,0.0000,1.4884,-7.3660,0.0000,-0.0000,0.0000,-90.5655
2026-05-07 19:49:56.640,0,10,10,0.00,-0.1683,-0.1227,1.4908,-7.3770,0.0000,-0.0000,0.0000,-90.5655
2026-05-07 19:49:57.140,0,9,10,0.00,-0.3312,-0.3241,1.4909,-7.3799,0.0000,-0.0000,0.0000,-115.8910
2026-05-07 19:49:57.640,0,10,10,0.00,-0.3494,-0.3557,1.4923,-7.3780,0.0000,-0.0000,0.0000,-145.4019
2026-05-07 19:49:58.140,0,10,10,0.00,-0.3534,-0.3512,1.4922,-7.3781,0.0000,-0.0000,0.0000,169.7246
2026-05-07 19:49:58.640,0,10,10,0.00,-0.3297,-0.3335,1.4922,-7.3780,0.0000,-0.0000,0.0000,132.4515
2026-05-07 19:49:59.140,0,10,10,0.00,-0.0118,0.0000,1.4928,-7.3785,0.0000,-0.0000,0.0000,107.6172
2026-05-07 19:49:59.640,0,10,10,0.00,0.0000,0.0001,1.4921,-7.3776,0.0000,-0.0000,0.0000,108.3996
2026-05-07 19:50:00.140,0,10,10,0.00,0.0000,0.0000,1.4921,-7.3776,0.0000,-0.0000,0.0000,108.7114
2026-05-07 19:50:00.640,0,10,10,0.00,0.0000,0.0001,1.4921,-7.3776,0.0000,-0.0000,0.0000,108.7114
2026-05-07 19:50:01.140,0,10,10,0.00,0.0000,0.0001,1.4921,-7.3776,0.0000,-0.0000,0.0000,108.7114
2026-05-07 19:50:01.640,0,10,10,0.00,-0.0003,0.0000,1.4921,-7.3776,0.0000,-0.0000,0.0000,108.7114
2026-05-07 19:50:02.140,0,10,10,0.00,0.0000,0.0001,1.4921,-7.3776,0.0000,-0.0000,0.0000,108.7114
2026-05-07 19:50:02.640,0,10,10,0.00,0.0001,0.0000,1.4921,-7.3776,0.0000,-0.0000,0.0000,108.7114
2026-05-07 19:50:03.140,0,10,10,0.00,0.0000,0.0000,1.4921,-7.3776,0.0000,-0.0000,0.0000,108.7114
2026-05-07 19:50:03.640,0,10,10,0.00,0.0001,0.0000,1.4921,-7.3776,0.0000,-0.0000,0.0000,108.7114
2026-05-07 19:50:04.140,0,10,10,0.00,0.0000,0.0000,1.4921,-7.3776,0.0000,-0.0000,0.0000,108.7114
2026-05-07 19:50:04.640,0,10,10,0.00,0.0000,-0.0001,1.4921,-7.3776,0.0000,-0.0000,0.0000,108.7114
2026-05-07 19:50:05.140,0,10,10,0.00,0.0001,0.0000,1.4921,-7.3776,0.0000,-0.0000,0.0000,108.7114
2026-05-07 19:50:05.640,0,10,10,0.00,0.0001,0.0000,1.4921,-7.3776,0.0000,-0.0000,0.0000,108.7114
2026-05-07 19:50:06.140,0,10,10,0.00,-0.0001,0.0001,1.4921,-7.3776,0.0000,-0.0000,0.0000,108.7114
2026-05-07 19:50:06.640,0,10,10,0.00,0.0000,0.0000,1.4921,-7.3776,0.0000,-0.0000,0.0000,108.7114
2026-05-07 19:50:07.140,0,10,10,0.00,0.0001,-0.0001,1.4921,-7.3776,0.0000,-0.0000,0.0000,108.7114
2026-05-07 19:50:07.640,0,10,10,0.00,0.0000,0.0000,1.4921,-7.3776,0.0000,-0.0000,0.0000,108.7114
2026-05-07 19:50:08.140,0,10,10,0.00,0.0000,0.0001,1.4921,-7.3776,0.0000,-0.0000,0.0000,108.7114
2026-05-07 19:50:08.640,0,10,10,0.00,0.0000,0.0000,1.4921,-7.3776,0.0000,-0.0000,0.0000,108.7114
2026-05-07 19:50:09.140,0,10,10,0.00,-0.0001,0.0000,1.4921,-7.3776,0.0000,-0.0000,0.0000,108.7114
2026-05-07 19:50:09.640,0,10,10,0.00,-0.0258,0.0126,1.4913,-7.3767,0.0000,-0.3239,0.2761,108.7114
2026-05-07 19:50:10.140,0,10,10,0.00,-0.1906,0.1774,1.4600,-7.3358,0.0000,-0.3221,0.2779,107.6980
2026-05-07 19:50:10.640,0,10,10,0.00,-0.3454,0.2529,1.3823,-7.2313,0.0000,-0.3995,0.2005,107.7266
2026-05-07 19:50:11.140,0,10,10,0.00,-0.4215,0.1768,1.3035,-7.1012,0.0000,-0.4044,0.1956,100.2028
2026-05-07 19:50:11.640,0,10,10,0.00,-0.3680,0.2221,1.2532,-6.9644,0.0000,-0.4208,0.3372,87.6861
2026-05-07 19:50:12.140,0,10,10,0.00,-0.5165,0.3820,1.2145,-6.7806,0.0000,-0.5936,0.5887,80.6865
2026-05-07 19:50:12.640,0,10,10,0.00,-0.6760,0.5390,1.1902,-6.5132,0.0000,-0.6956,0.8002,73.5777
2026-05-07 19:50:13.140,0,10,10,0.00,-0.5104,0.5576,1.1896,-6.2065,0.0000,-0.2131,0.4335,68.1275
2026-05-07 19:50:13.640,0,10,10,0.00,-0.1952,0.3858,1.1820,-6.0126,0.0000,-0.1877,0.4123,72.9321
2026-05-07 19:50:14.140,0,10,10,0.00,-0.2059,0.4106,1.1538,-5.8695,0.0000,-0.2981,0.4281,82.7821
2026-05-07 19:50:14.640,0,10,10,0.00,-0.3648,0.5095,1.0883,-5.6967,0.0000,-0.7437,0.7426,91.0392
2026-05-07 19:50:15.140,0,9,10,0.00,-0.5194,0.6743,0.9641,-5.4651,0.0000,-0.7577,0.6690,100.0228
2026-05-07 19:50:15.640,0,10,10,0.00,-0.5448,0.5445,0.7931,-5.2143,0.0000,-0.4677,0.2610,105.9112
2026-05-07 19:50:16.140,0,10,10,0.00,-0.4017,0.1856,0.6876,-5.0532,0.0000,-0.4090,0.1962,102.9139
2026-05-07 19:50:16.644,0,10,10,0.00,-0.4335,0.2280,0.6292,-4.9144,0.0000,-0.5141,0.4499,90.4482
2026-05-07 19:50:17.140,0,9,10,0.00,-0.5833,0.4204,0.5856,-4.7071,0.0000,-0.5590,0.6394,82.0901
2026-05-07 19:50:17.640,0,10,10,0.00,-0.4372,0.5693,0.5589,-4.4499,0.0000,-0.3306,0.5102,74.6660
2026-05-07 19:50:18.140,0,10,10,0.00,-0.3293,0.4886,0.5165,-4.2395,0.0000,-0.4686,0.5512,81.9649
2026-05-07 19:50:18.640,0,10,10,0.00,-0.4973,0.5495,0.4381,-4.0139,0.0000,-0.5179,0.4987,91.1918
2026-05-07 19:50:19.140,0,10,10,0.00,-0.5082,0.4608,0.3473,-3.7770,0.0000,-0.4947,0.4550,92.6821
2026-05-07 19:50:19.640,0,10,10,0.00,-0.4596,0.4428,0.2726,-3.5593,0.0000,-0.4376,0.4485,89.5433
2026-05-07 19:50:20.140,0,10,10,0.00,-0.4037,0.4383,0.2034,-3.3513,0.0000,-0.4034,0.4237,88.7392
2026-05-07 19:50:20.640,0,10,10,0.00,-0.3991,0.3902,0.1334,-3.1585,0.0000,-0.3945,0.3767,91.1391
2026-05-07 19:50:21.140,0,10,10,0.00,-0.3741,0.3609,0.0701,-2.9807,0.0000,-0.3615,0.3579,89.9074
2026-05-07 19:50:21.640,0,10,10,0.00,-0.3388,0.3507,0.0124,-2.8135,0.0000,-0.3324,0.3388,89.5268
2026-05-07 19:50:22.140,0,10,10,0.00,-0.3194,0.3266,-0.0427,-2.6571,0.0000,-0.3156,0.3102,90.2846
2026-05-07 19:50:22.640,0,10,10,0.00,-0.3033,0.2886,-0.0943,-2.5118,0.0000,-0.3017,0.2983,89.9603
2026-05-07 19:50:23.140,0,10,10,0.00,-0.2994,0.3016,-0.1430,-2.3710,0.0000,-0.2968,0.3032,89.2677
2026-05-07 19:50:23.640,0,10,10,0.00,-0.2973,0.3076,-0.1923,-2.2293,0.0000,-0.2989,0.3011,89.5479
2026-05-07 19:50:24.140,0,10,10,0.00,-0.3029,0.2979,-0.2426,-2.0875,0.0000,-0.3044,0.2956,90.2191
2026-05-07 19:50:24.640,0,10,10,0.00,-0.3042,0.2920,-0.2920,-1.9463,0.0000,-0.3027,0.2973,89.7235
2026-05-07 19:50:25.140,0,10,10,0.00,-0.2988,0.2990,-0.3402,-1.8050,0.0000,-0.2959,0.3041,89.0702
2026-05-07 19:50:25.640,0,10,10,0.00,-0.2961,0.3054,-0.3891,-1.6630,0.0000,-0.2983,0.3017,89.3795
2026-05-07 19:50:26.140,0,10,10,0.00,-0.3003,0.3021,-0.4392,-1.5208,0.0000,-0.3025,0.2975,89.9765
2026-05-07 19:50:26.640,0,10,10,0.00,-0.3012,0.2918,-0.4888,-1.3795,0.0000,-0.3003,0.2997,89.7015
2026-05-07 19:50:27.140,0,10,10,0.00,-0.2988,0.3026,-0.5371,-1.2388,0.0000,-0.2968,0.3032,89.0059
2026-05-07 19:50:27.640,0,10,10,0.00,-0.2914,0.3109,-0.5859,-1.0970,0.0000,-0.2463,0.3537,89.2390
2026-05-07 19:50:28.140,0,10,10,0.00,-0.1966,0.3975,-0.6402,-0.9604,0.0000,-0.1866,0.4134,92.4726
2026-05-07 19:50:28.640,0,10,10,0.00,-0.1706,0.4320,-0.7187,-0.8325,0.0000,-0.1670,0.4330,101.9668
2026-05-07 19:50:29.140,0,10,10,0.00,-0.1613,0.4397,-0.8240,-0.7259,0.0000,-0.1606,0.4394,118.5205
2026-05-07 19:50:29.640,0,10,10,0.00,-0.1583,0.4453,-0.9524,-0.6475,0.0000,-0.1699,0.4301,133.1480
2026-05-07 19:50:30.140,0,10,10,0.00,-0.1729,0.4197,-1.0945,-0.6029,0.0000,-0.1790,0.4210,147.3814
2026-05-07 19:50:30.640,0,10,10,0.00,-0.1927,0.4089,-1.2446,-0.5897,0.0000,-0.2374,0.3626,159.7715
2026-05-07 19:50:31.140,0,10,10,0.00,-0.2867,0.3276,-1.3938,-0.6020,0.0000,-0.3577,0.3859,169.8577
2026-05-07 19:50:31.640,0,10,10,0.00,-0.3130,0.4081,-1.5653,-0.6249,0.0000,-0.2763,0.4070,170.2150
2026-05-07 19:50:32.140,0,10,10,0.00,-0.2632,0.4144,-1.7329,-0.6615,0.0000,-0.2681,0.4115,176.4398
2026-05-07 19:50:32.640,0,10,10,0.00,-0.1266,0.2944,-1.8756,-0.7123,0.0000,-0.0000,0.0000,-175.4413
2026-05-07 19:50:33.140,0,10,10,0.00,0.0003,-0.0001,-1.9032,-0.7258,0.0000,-0.0000,0.0000,-168.1642
2026-05-07 19:50:33.640,0,10,10,0.00,0.0000,-0.0001,-1.9032,-0.7258,0.0000,-0.0000,0.0000,-167.8678
2026-05-07 19:50:34.140,0,10,10,0.00,-0.0001,-0.0003,-1.9032,-0.7258,0.0000,-0.0000,0.0000,-167.8678
2026-05-07 19:50:34.640,0,10,10,0.00,0.0003,0.0000,-1.9032,-0.7258,0.0000,-0.0000,0.0000,-167.8678
2026-05-07 19:50:35.140,0,10,10,0.00,0.0001,0.0000,-1.9032,-0.7258,0.0000,-0.0000,0.0000,-167.8678
2026-05-07 19:50:35.640,0,10,10,0.00,0.0000,-0.0001,-1.9032,-0.7258,0.0000,-0.0000,0.0000,-167.8678
2026-05-07 19:50:36.140,0,10,10,0.00,0.0000,-0.0001,-1.9032,-0.7258,0.0000,-0.0000,0.0000,-167.8678
2026-05-07 19:50:36.640,0,10,10,0.00,0.0003,-0.0001,-1.9032,-0.7258,0.0000,-0.0000,0.0000,-167.8678
2026-05-07 19:50:37.140,0,10,10,0.00,0.0001,0.0000,-1.9032,-0.7258,0.0000,-0.0000,0.0000,-167.8678
2026-05-07 19:50:37.640,0,10,10,0.00,0.0000,0.0001,-1.9032,-0.7258,0.0000,-0.0000,0.0000,-167.8678
2026-05-07 19:50:38.140,0,10,10,0.00,0.0000,0.0000,-1.9032,-0.7258,0.0000,-0.0000,0.0000,-167.8678
2026-05-07 19:50:38.640,0,10,10,0.00,0.0000,0.0000,-1.9032,-0.7258,0.0000,-0.0000,0.0000,-167.8678
2026-05-07 19:50:39.140,0,10,10,0.00,-0.0404,-0.0236,-1.9040,-0.7262,0.0000,-0.0000,0.0000,-167.8678
2026-05-07 19:50:39.640,0,10,10,0.00,-0.2047,-0.1861,-1.9111,-0.7294,0.0000,-0.0000,0.0000,-173.6421
2026-05-07 19:50:40.140,0,10,10,0.00,-0.3431,-0.3588,-1.9134,-0.7299,0.0000,-0.0000,0.0000,162.0368
2026-05-07 19:50:40.640,0,10,10,0.00,-0.3512,-0.3612,-1.9104,-0.7317,0.0000,-0.0000,0.0000,124.3225
2026-05-07 19:50:41.140,0,10,10,0.00,-0.3534,-0.3618,-1.9098,-0.7330,0.0000,-0.0000,0.0000,85.8467
2026-05-07 19:50:41.640,0,10,10,0.00,-0.3574,-0.3431,-1.9093,-0.7322,0.0000,-0.0000,0.0000,48.4830
2026-05-07 19:50:42.140,0,10,10,0.00,-0.1838,-0.2212,-1.9117,-0.7337,0.0000,-0.0000,0.0000,12.3741
2026-05-07 19:50:42.640,0,10,10,0.00,-0.0001,0.0021,-1.9147,-0.7352,0.0000,-0.0000,0.0000,-0.2889
2026-05-07 19:50:43.140,0,10,10,0.00,-0.0001,0.0000,-1.9147,-0.7352,0.0000,-0.0000,0.0000,0.1788
2026-05-07 19:50:43.640,0,10,10,0.00,0.0001,0.0000,-1.9151,-0.7354,0.0000,-0.0000,0.0000,0.1788
2026-05-07 19:50:44.140,0,10,10,0.00,0.0406,0.0000,-1.9168,-0.7362,0.0000,-0.0000,0.0000,0.1788
2026-05-07 19:50:44.640,0,10,10,0.00,-0.0003,0.0000,-1.9190,-0.7372,0.0000,-0.0000,0.0000,0.1788
2026-05-07 19:50:45.140,0,10,10,0.00,0.0000,0.0001,-1.9190,-0.7372,0.0000,-0.0000,0.0000,0.1788
2026-05-07 19:50:45.640,0,10,10,0.00,0.0000,-0.0001,-1.9190,-0.7372,0.0000,-0.0000,0.0000,0.1788
2026-05-07 19:50:46.140,0,10,10,0.00,0.0000,0.0001,-1.9190,-0.7372,0.0000,-0.0000,0.0000,0.1788
2026-05-07 19:50:46.640,0,10,10,0.00,0.0001,0.0000,-1.9190,-0.7372,0.0000,-0.0000,0.0000,0.1788
2026-05-07 19:50:47.140,0,10,10,0.00,0.0000,0.0001,-1.9190,-0.7372,0.0000,-0.0000,0.0000,0.1788
2026-05-07 19:50:47.640,0,10,10,0.00,-0.0001,0.0000,-1.9190,-0.7372,0.0000,-0.0000,0.0000,0.1788
2026-05-07 19:50:48.140,0,10,10,0.00,0.0000,0.0000,-1.9190,-0.7372,0.0000,-0.0000,0.0000,0.1788
2026-05-07 19:50:48.640,0,10,10,0.00,-0.0003,0.0000,-1.9190,-0.7372,0.0000,-0.0000,0.0000,0.1788
2026-05-07 19:50:49.140,0,10,10,0.00,-0.0001,0.0001,-1.9190,-0.7372,0.0000,-0.0000,0.0000,0.1788
2026-05-07 19:50:49.640,0,10,10,0.00,0.0000,0.0001,-1.9190,-0.7372,0.0000,-0.0000,0.0000,0.1788
2026-05-07 19:50:50.140,0,10,10,0.00,0.0000,0.0000,-1.9190,-0.7372,0.0000,-0.0000,0.0000,0.1788
2026-05-07 19:50:50.640,0,10,10,0.00,0.0000,-0.0001,-1.9190,-0.7372,0.0000,-0.0000,0.0000,0.1788
2026-05-07 19:50:51.140,0,10,10,0.00,-0.0001,0.0000,-1.9190,-0.7372,0.0000,-0.0000,0.0000,0.1788
2026-05-07 19:50:51.640,0,10,10,0.00,-0.0001,-0.0004,-1.9190,-0.7372,0.0000,-0.0000,0.0000,0.1788
2026-05-07 19:50:52.140,0,10,10,0.00,0.0000,0.0000,-1.9190,-0.7372,0.0000,-0.0000,0.0000,0.1788
2026-05-07 19:50:52.640,0,10,10,0.00,-0.0001,-0.0001,-1.9190,-0.7372,0.0000,-0.0000,0.0000,0.1788
2026-05-07 19:50:53.140,0,10,10,0.00,-0.0001,0.0003,-1.9190,-0.7372,0.0000,-0.0000,0.0000,0.1788
2026-05-07 19:50:53.640,0,10,10,0.00,0.0001,-0.0001,-1.9190,-0.7372,0.0000,-0.0000,0.0000,0.1788
2026-05-07 19:50:54.140,0,10,10,0.00,-0.0003,0.0008,-1.9190,-0.7372,0.0000,-0.0000,0.0000,0.6470
2026-05-07 19:50:54.640,0,10,10,0.00,0.0000,0.0000,-1.9190,-0.7372,0.0000,-0.0000,0.0000,0.6470
2026-05-07 19:50:55.140,0,10,10,0.00,0.0001,0.0000,-1.9190,-0.7372,0.0000,-0.0000,0.0000,0.6470
2026-05-07 19:50:55.640,0,10,10,0.00,0.0000,-0.0001,-1.9190,-0.7372,0.0000,-0.0000,0.0000,0.6470
2026-05-07 19:50:56.140,0,10,10,0.00,0.0000,0.0000,-1.9190,-0.7372,0.0000,-0.0000,0.0000,0.6470
2026-05-07 19:50:56.640,0,10,10,0.00,0.0000,0.0000,-1.9190,-0.7372,0.0000,-0.0000,0.0000,0.6470
2026-05-07 19:50:57.140,0,10,10,0.00,-0.0001,0.0001,-1.9190,-0.7372,0.0000,-0.0000,0.0000,0.6470
2026-05-07 19:50:57.640,0,10,10,0.00,0.0001,-0.0001,-1.9190,-0.7372,0.0000,-0.0000,0.0000,0.6470
2026-05-07 19:50:58.140,0,10,10,0.00,0.0000,0.0001,-1.9190,-0.7372,0.0000,-0.0000,0.0000,0.6470
2026-05-07 19:50:58.640,0,10,10,0.00,0.0000,0.0000,-1.9190,-0.7372,0.0000,-0.0000,0.0000,0.6470
2026-05-07 19:50:59.140,0,10,10,0.00,-0.0001,0.0000,-1.9190,-0.7372,0.0000,-0.0000,0.0000,0.6470
2026-05-07 19:50:59.640,0,10,10,0.00,0.0001,0.0000,-1.9190,-0.7372,0.0000,-0.0000,0.0000,0.6470
2026-05-07 19:51:00.140,0,10,10,0.00,0.0000,-0.0004,-1.9190,-0.7372,0.0000,-0.0000,0.0000,0.6470
2026-05-07 19:51:00.640,0,10,10,0.00,0.0001,0.0000,-1.9190,-0.7372,0.0000,-0.0000,0.0000,0.6470
2026-05-07 19:51:01.140,0,10,10,0.00,0.0003,-0.0004,-1.9190,-0.7372,0.0000,-0.0000,0.0000,0.6470
2026-05-07 19:51:01.640,0,10,10,0.00,0.0000,0.0003,-1.9190,-0.7372,0.0000,-0.0000,0.0000,0.6470
2026-05-07 19:51:02.140,0,10,10,0.00,0.0003,0.0000,-1.9190,-0.7372,0.0000,-0.0000,0.0000,0.6470
2026-05-07 19:51:02.640,0,10,10,0.00,-0.0603,0.0306,-1.9150,-0.7354,0.0000,-0.0000,0.0000,0.6470
2026-05-07 19:51:03.140,0,10,10,0.00,-0.2202,0.2122,-1.8557,-0.7098,0.0000,-0.0000,0.0000,-0.3622
2026-05-07 19:51:03.640,0,10,10,0.00,-0.3566,0.3596,-1.7170,-0.6519,0.0000,-0.0000,0.0000,-0.5243
2026-05-07 19:51:04.140,0,10,10,0.00,-0.3504,0.3523,-1.5510,-0.5816,0.0000,-0.0000,0.0000,0.2091
2026-05-07 19:51:04.640,0,10,10,0.00,-0.3554,0.3560,-1.3887,-0.5119,0.0000,-0.0000,0.0000,0.5336
2026-05-07 19:51:05.140,0,9,10,0.00,-0.3545,0.3547,-1.2263,-0.4423,0.0000,-0.0000,0.0000,0.5211
2026-05-07 19:51:05.640,0,10,10,0.00,-0.2884,0.3212,-1.0676,-0.3742,0.0000,-0.0000,0.0000,0.6617
2026-05-07 19:51:06.140,0,10,10,0.00,0.0014,-0.0004,-1.0045,-0.3460,0.0000,-0.0000,0.0000,2.7030
2026-05-07 19:51:06.640,0,10,10,0.00,0.0674,-0.1113,-1.0267,-0.3564,0.0000,-0.0000,0.0000,2.7030
2026-05-07 19:51:07.140,0,10,10,0.00,0.2330,-0.2776,-1.1128,-0.3922,0.0000,-0.0000,0.0000,-0.0777
2026-05-07 19:51:07.640,0,10,10,0.00,0.3538,-0.3560,-1.2626,-0.4485,0.0000,-0.0000,0.0000,-1.6675
2026-05-07 19:51:08.140,0,10,10,0.00,0.3512,-0.3094,-1.4290,-0.5116,0.0000,-0.0000,0.0000,-1.3651
2026-05-07 19:51:08.640,0,10,10,0.00,0.3537,-0.3572,-1.5850,-0.5742,0.0000,-0.0000,0.0000,-0.4366
2026-05-07 19:51:09.140,0,10,10,0.00,0.3511,-0.2712,-1.7482,-0.6411,0.0000,-0.0000,0.0000,0.1594
2026-05-07 19:51:09.640,0,10,10,0.00,0.3581,-0.3398,-1.8931,-0.7074,0.0000,-0.0000,0.0000,3.3149
2026-05-07 19:51:10.140,0,10,10,0.00,0.3500,-0.3635,-2.0605,-0.7869,0.0000,-0.0000,0.0000,3.4552
2026-05-07 19:51:10.640,0,10,10,0.00,0.0579,-0.1007,-2.1594,-0.8317,0.0000,-0.0000,0.0000,1.5968
2026-05-07 19:51:11.140,0,9,10,0.00,0.0003,0.0001,-2.1595,-0.8318,0.0000,-0.0000,0.0000,0.4513
2026-05-07 19:51:11.640,0,10,10,0.00,0.0331,0.0000,-2.1646,-0.8340,0.0000,-0.0000,0.0000,0.4513
2026-05-07 19:51:12.140,0,10,10,0.00,0.0000,-0.0001,-2.1647,-0.8340,0.0000,-0.0000,0.0000,0.4513
2026-05-07 19:51:12.640,0,10,10,0.00,-0.0001,0.0000,-2.1647,-0.8340,0.0000,-0.0000,0.0000,0.4513
2026-05-07 19:51:13.140,0,10,10,0.00,-0.0001,0.0000,-2.1647,-0.8340,0.0000,-0.0000,0.0000,0.4513
2026-05-07 19:51:13.640,0,10,10,0.00,0.0003,0.0000,-2.1647,-0.8340,0.0000,-0.0000,0.0000,0.4513
2026-05-07 19:51:14.140,0,10,10,0.00,0.0000,0.0000,-2.1647,-0.8340,0.0000,-0.0000,0.0000,0.4513
2026-05-07 19:51:14.640,0,10,10,0.00,-0.0001,0.0000,-2.1647,-0.8340,0.0000,-0.0000,0.0000,0.4513
2026-05-07 19:51:15.140,0,10,10,0.00,0.0000,0.0000,-2.1647,-0.8340,0.0000,-0.0000,0.0000,0.4513
2026-05-07 19:51:15.640,0,10,10,0.00,0.0000,0.0000,-2.1647,-0.8340,0.0000,-0.0000,0.0000,0.4513
2026-05-07 19:51:16.140,0,10,10,0.00,0.0000,0.0005,-2.1647,-0.8340,0.0000,-0.0000,0.0000,0.4513
2026-05-07 19:51:16.640,0,10,10,0.00,-0.0001,-0.0001,-2.1647,-0.8340,0.0000,-0.0000,0.0000,0.4513
2026-05-07 19:51:17.140,0,10,10,0.00,0.0003,0.0000,-2.1647,-0.8340,0.0000,-0.8000,0.7817,0.4513
2026-05-07 19:51:17.640,0,10,10,0.00,0.0001,-0.0001,-2.1647,-0.8340,0.0000,-0.5019,0.5353,0.4513
2026-05-07 19:51:18.141,0,10,10,0.00,0.0043,0.0000,-2.1661,-0.8347,0.0000,-0.5429,0.4997,0.4513
2026-05-07 19:51:18.640,0,10,10,0.00,0.0001,0.0003,-2.1662,-0.8347,0.0000,-0.5557,0.4869,0.4513
2026-05-07 19:51:19.140,0,10,10,0.00,-0.0003,-0.0001,-2.1665,-0.8349,0.0000,-0.5599,0.4826,0.4513
2026-05-07 19:51:19.640,0,10,10,0.00,0.0000,0.0000,-2.1665,-0.8349,0.0000,-0.5613,0.4813,0.4513
2026-05-07 19:51:20.140,0,10,10,0.00,-0.0995,0.0762,-2.1527,-0.8287,0.0000,-0.5618,0.4808,0.4513
2026-05-07 19:51:20.640,0,10,10,0.00,-0.2678,0.2398,-2.0655,-0.7909,0.0000,-0.5413,0.4459,1.0670
2026-05-07 19:51:21.140,0,10,10,0.00,-0.4233,0.4174,-1.9053,-0.7244,0.0000,-0.5609,0.4830,-0.2715
2026-05-07 19:51:21.640,0,10,10,0.00,-0.5648,0.5106,-1.6742,-0.6308,0.0000,-0.5617,0.4815,-0.4530
2026-05-07 19:51:22.140,0,10,10,0.00,-0.5795,0.5076,-1.4219,-0.5421,0.0000,-0.5327,0.5038,-3.7996
2026-05-07 19:51:22.640,0,10,10,0.00,-0.3731,0.3440,-1.2042,-0.4763,0.0000,-0.4005,0.1995,-7.2488
2026-05-07 19:51:23.140,0,10,10,0.00,-0.4288,0.1496,-1.0569,-0.4443,0.0000,-0.4288,0.1712,-10.1512
2026-05-07 19:51:23.640,0,10,10,0.00,-0.4372,0.1618,-0.9112,-0.4479,0.0000,-0.4380,0.1620,-25.6928
2026-05-07 19:51:24.140,0,10,10,0.00,-0.4388,0.1597,-0.7668,-0.4874,0.0000,-0.4410,0.1590,-40.2124
2026-05-07 19:51:24.640,0,10,10,0.00,-0.4427,0.1598,-0.6356,-0.5610,0.0000,-0.4391,0.1609,-54.8449
2026-05-07 19:51:25.140,0,10,10,0.00,-0.4184,0.1736,-0.5279,-0.6622,0.0000,-0.4085,0.1915,-69.4130
2026-05-07 19:51:25.640,0,10,10,0.00,-0.3779,0.2249,-0.4424,-0.7844,0.0000,-0.3722,0.2278,-81.5135
2026-05-07 19:51:26.140,0,10,10,0.00,-0.4102,0.2905,-0.3705,-0.9253,0.0000,-0.4293,0.3282,-89.1277
2026-05-07 19:51:26.640,0,10,10,0.00,-0.5041,0.4233,-0.2970,-1.1153,0.0000,-0.5309,0.4786,-95.3703
2026-05-07 19:51:27.140,0,10,10,0.00,-0.6167,0.5792,-0.2173,-1.3706,0.0000,-0.8000,0.7865,-99.1194
2026-05-07 19:51:27.640,0,10,10,0.00,-0.7696,0.7443,-0.1277,-1.7000,0.0000,-0.7633,0.8000,-101.4392
2026-05-07 19:51:28.140,0,10,10,0.00,-0.7235,0.8118,-0.0267,-2.0737,0.0000,-0.7163,0.8001,-101.7358
2026-05-07 19:51:28.640,0,10,10,0.00,-0.6343,0.7245,0.0897,-2.4082,0.0000,-0.7035,0.7550,-96.7135
2026-05-07 19:51:29.140,0,10,10,0.00,-0.6927,0.7159,0.2243,-2.7308,0.0000,-0.6733,0.6951,-93.1463
2026-05-07 19:51:29.640,0,10,10,0.00,-0.6273,0.6617,0.3610,-3.0388,0.0000,-0.6271,0.6504,-92.1463
2026-05-07 19:51:30.140,0,10,10,0.00,-0.6063,0.6084,0.4960,-3.3217,0.0000,-0.5953,0.5975,-90.4001
2026-05-07 19:51:30.640,0,10,10,0.00,-0.5637,0.5623,0.6244,-3.5845,0.0000,-0.5586,0.5548,-89.8670
2026-05-07 19:51:31.140,0,10,10,0.00,-0.5295,0.5274,0.7433,-3.8284,0.0000,-0.5205,0.5197,-90.1386
2026-05-07 19:51:31.640,0,10,10,0.00,-0.4905,0.4902,0.8544,-4.0572,0.0000,-0.4860,0.4852,-90.2982
2026-05-07 19:51:32.140,0,10,10,0.00,-0.4635,0.4608,0.9588,-4.2711,0.0000,-0.4550,0.4519,-90.1783
2026-05-07 19:51:32.640,0,9,10,0.00,-0.4309,0.4337,1.0555,-4.4702,0.0000,-0.4235,0.4230,-90.4575
2026-05-07 19:51:33.140,0,10,10,0.00,-0.3998,0.4006,1.1463,-4.6567,0.0000,-0.3973,0.3932,-90.3277
2026-05-07 19:51:33.640,0,10,10,0.00,-0.3754,0.3689,1.2305,-4.8300,0.0000,-0.3715,0.3669,-90.3855
2026-05-07 19:51:34.140,0,10,10,0.00,-0.3505,0.3571,1.3086,-4.9929,0.0000,-0.3448,0.3448,-90.7512
2026-05-07 19:51:34.640,0,10,10,0.00,-0.3305,0.3278,1.3821,-5.1451,0.0000,-0.3249,0.3190,-90.4520
2026-05-07 19:51:35.140,0,10,10,0.00,-0.3077,0.3007,1.4505,-5.2871,0.0000,-0.3040,0.2970,-90.3786
2026-05-07 19:51:35.640,0,10,10,0.00,-0.3017,0.2940,1.5147,-5.4219,0.0000,-0.3011,0.2989,-90.7727
2026-05-07 19:51:36.140,0,10,10,0.00,-0.3000,0.3039,1.5784,-5.5576,0.0000,-0.2985,0.3015,-91.2016
2026-05-07 19:51:36.640,0,10,10,0.00,-0.2996,0.3015,1.6426,-5.6936,0.0000,-0.3005,0.2995,-90.9786
2026-05-07 19:51:37.140,0,10,10,0.00,-0.3041,0.2990,1.7065,-5.8289,0.0000,-0.3025,0.2975,-90.7145
2026-05-07 19:51:37.640,0,10,10,0.00,-0.3009,0.2995,1.7697,-5.9642,0.0000,-0.2985,0.3015,-91.2343
2026-05-07 19:51:38.140,0,10,10,0.00,-0.2994,0.3118,1.8332,-6.1004,0.0000,-0.2988,0.3012,-91.2375
2026-05-07 19:51:38.640,0,10,10,0.00,-0.3013,0.3002,1.8975,-6.2366,0.0000,-0.3016,0.2984,-90.8376
2026-05-07 19:51:39.140,0,10,10,0.00,-0.3003,0.2947,1.9612,-6.3720,0.0000,-0.3016,0.2984,-90.7736
2026-05-07 19:51:39.640,0,10,10,0.00,-0.3012,0.3025,2.0238,-6.5070,0.0000,-0.2984,0.3016,-91.2125
2026-05-07 19:51:40.140,0,10,10,0.00,-0.2970,0.3039,2.0869,-6.6434,0.0000,-0.2978,0.3022,-91.3400
2026-05-07 19:51:40.640,0,10,10,0.00,-0.3003,0.3045,2.1513,-6.7801,0.0000,-0.3010,0.2990,-90.8727
2026-05-07 19:51:41.140,0,10,10,0.00,-0.2695,0.2838,2.2146,-6.9143,0.0000,-0.0000,0.0000,-90.7891
2026-05-07 19:51:41.640,0,10,10,0.00,0.0008,-0.0013,2.2400,-6.9673,0.0000,-0.0000,0.0000,-90.1336
2026-05-07 19:51:42.140,0,10,10,0.00,0.0001,0.0000,2.2396,-6.9666,0.0000,-0.0000,0.0000,-90.1336
2026-05-07 19:51:42.640,0,10,10,0.00,0.0000,-0.0001,2.2396,-6.9666,0.0000,-0.0000,0.0000,-90.1336
2026-05-07 19:51:43.140,0,10,10,0.00,0.0001,0.0000,2.2396,-6.9666,0.0000,-0.0000,0.0000,-90.1336
2026-05-07 19:51:43.640,0,10,10,0.00,0.0001,0.0000,2.2396,-6.9666,0.0000,-0.0000,0.0000,-90.1336
2026-05-07 19:51:44.140,0,9,10,0.00,0.0001,0.0000,2.2396,-6.9666,0.0000,-0.0000,0.0000,-90.1336
2026-05-07 19:51:44.640,0,10,10,0.00,0.0000,-0.0001,2.2396,-6.9666,0.0000,-0.0000,0.0000,-90.1336
2026-05-07 19:51:45.140,0,10,10,0.00,-0.0183,0.0000,2.2399,-6.9670,0.0000,-0.0000,0.0000,-90.1336
2026-05-07 19:51:45.640,0,10,10,0.00,-0.1744,-0.1399,2.2432,-6.9749,0.0000,-0.0000,0.0000,-91.9235
2026-05-07 19:51:46.140,0,10,10,0.00,-0.3375,-0.3367,2.2433,-6.9755,0.0000,-0.0000,0.0000,-112.3707
2026-05-07 19:51:46.640,0,10,10,0.00,-0.3498,-0.3589,2.2447,-6.9731,0.0000,-0.0000,0.0000,-147.8848
2026-05-07 19:51:47.140,0,10,10,0.00,-0.3517,-0.3547,2.2454,-6.9727,0.0000,-0.0000,0.0000,174.2497
2026-05-07 19:51:47.640,0,10,10,0.00,-0.3525,-0.3555,2.2473,-6.9730,0.0000,-0.0000,0.0000,136.6984
2026-05-07 19:51:48.140,0,10,10,0.00,-0.1175,-0.1399,2.2501,-6.9761,0.0000,-0.0000,0.0000,101.6050
2026-05-07 19:51:48.640,0,10,10,0.00,0.0000,0.0022,2.2504,-6.9765,0.0000,-0.0000,0.0000,92.6713
2026-05-07 19:51:49.140,0,10,10,0.00,0.0003,0.0000,2.2504,-6.9765,0.0000,-0.0000,0.0000,93.9033
2026-05-07 19:51:49.640,0,10,10,0.00,0.0000,0.0000,2.2504,-6.9765,0.0000,-0.0000,0.0000,93.9033
2026-05-07 19:51:50.140,0,10,10,0.00,0.0003,0.0001,2.2504,-6.9765,0.0000,-0.0000,0.0000,93.9033
2026-05-07 19:51:50.640,0,10,10,0.00,0.0024,0.0003,2.2521,-6.9788,0.0000,-0.0000,0.0000,93.9033
2026-05-07 19:51:51.140,0,10,10,0.00,0.0003,0.0000,2.2521,-6.9788,0.0000,-0.0000,0.0000,93.9033
2026-05-07 19:51:51.640,0,10,10,0.00,0.0000,0.0003,2.2521,-6.9788,0.0000,-0.0000,0.0000,93.9033
2026-05-07 19:51:52.140,0,10,10,0.00,-0.0003,0.0000,2.2521,-6.9788,0.0000,-0.0000,0.0000,93.9033
2026-05-07 19:51:52.640,0,10,10,0.00,0.0000,0.0003,2.2521,-6.9788,0.0000,-0.0000,0.0000,93.9033
2026-05-07 19:51:53.140,0,10,10,0.00,0.0001,0.0003,2.2521,-6.9788,0.0000,-0.0000,0.0000,93.9033
2026-05-07 19:51:53.640,0,10,10,0.00,0.0000,0.0000,2.2521,-6.9788,0.0000,-0.0000,0.0000,93.9033
2026-05-07 19:51:54.140,0,10,10,0.00,0.0000,0.0000,2.2521,-6.9788,0.0000,-0.0000,0.0000,93.9033
2026-05-07 19:51:54.640,0,10,10,0.00,0.0000,0.0000,2.2521,-6.9788,0.0000,-0.0000,0.0000,93.9033
2026-05-07 19:51:55.140,0,10,10,0.00,0.0000,0.0001,2.2521,-6.9788,0.0000,-0.0000,0.0000,93.9033
2026-05-07 19:51:55.640,0,10,10,0.00,0.0000,0.0001,2.2521,-6.9788,0.0000,-0.0000,0.0000,93.9033
2026-05-07 19:51:56.140,0,10,10,0.00,-0.0003,0.0000,2.2521,-6.9788,0.0000,-0.0000,0.0000,94.3387
2026-05-07 19:51:56.640,0,10,10,0.00,0.0001,0.0001,2.2521,-6.9788,0.0000,-0.0000,0.0000,94.3387
2026-05-07 19:51:57.140,0,10,10,0.00,0.0001,0.0001,2.2521,-6.9788,0.0000,-0.3782,0.4385,94.3387
2026-05-07 19:51:57.640,0,10,10,0.00,0.0003,0.0000,2.2521,-6.9788,0.0000,-0.5633,0.5772,94.3387
2026-05-07 19:51:58.140,0,10,10,0.00,-0.0001,0.0000,2.2521,-6.9788,0.0000,-0.5896,0.5510,94.3387
2026-05-07 19:51:58.640,0,10,10,0.00,0.0000,0.0003,2.2521,-6.9788,0.0000,-0.5983,0.5424,94.3387
2026-05-07 19:51:59.140,0,10,10,0.00,0.0139,0.0000,2.2523,-6.9792,0.0000,-0.6011,0.5395,94.3387
2026-05-07 19:51:59.640,0,10,10,0.00,0.0001,0.0000,2.2525,-6.9794,0.0000,-0.6020,0.5386,94.3387
2026-05-07 19:52:00.140,0,10,10,0.00,0.0000,0.0000,2.2525,-6.9794,0.0000,-0.6023,0.5383,94.3387
2026-05-07 19:52:00.640,0,10,10,0.00,0.0000,0.0000,2.2524,-6.9793,0.0000,-0.6024,0.5382,94.3387
2026-05-07 19:52:01.140,0,10,10,0.00,0.0003,0.0000,2.2524,-6.9793,0.0000,-0.6025,0.5382,94.3387
2026-05-07 19:52:01.640,0,10,10,0.00,0.0000,0.0005,2.2524,-6.9793,0.0000,-0.6025,0.5382,94.3387
2026-05-07 19:52:02.140,0,10,10,0.00,-0.0003,0.0000,2.2524,-6.9793,0.0000,-0.6025,0.5382,94.3387
2026-05-07 19:52:02.640,0,10,10,0.00,0.0009,0.0000,2.2516,-6.9782,0.0000,-0.6025,0.5382,94.3387
2026-05-07 19:52:03.140,0,10,10,0.00,0.0000,0.0000,2.2516,-6.9782,0.0000,-0.6025,0.5382,94.3387
2026-05-07 19:52:03.640,0,10,10,0.00,-0.0301,0.0141,2.2508,-6.9771,0.0000,-0.6025,0.5382,94.3387
2026-05-07 19:52:04.140,0,10,10,0.00,-0.1910,0.1806,2.2217,-6.9350,0.0000,-0.8000,0.7539,93.8153
2026-05-07 19:52:04.640,0,10,10,0.00,-0.3470,0.3390,2.1450,-6.8217,0.0000,-0.8000,0.7733,93.2685
2026-05-07 19:52:05.140,0,10,10,0.00,-0.5016,0.4961,2.0248,-6.6415,0.0000,-0.8000,0.7671,93.1002
2026-05-07 19:52:05.640,0,9,10,0.00,-0.6631,0.6723,1.8633,-6.3968,0.0000,-0.8000,0.7493,93.0274
2026-05-07 19:52:06.140,0,10,10,0.00,-0.7972,0.7493,1.6604,-6.0888,0.0000,-0.6113,0.5408,93.0702
2026-05-07 19:52:06.640,0,10,10,0.00,-0.6053,0.5291,1.4904,-5.8172,0.0000,-0.6138,0.5519,91.6070
2026-05-07 19:52:07.140,0,10,10,0.00,-0.6448,0.5699,1.3526,-5.5653,0.0000,-0.7643,0.7592,86.5856
2026-05-07 19:52:07.640,0,10,10,0.00,-0.7189,0.7447,1.2081,-5.2535,0.0000,-0.6857,0.7524,83.1107
2026-05-07 19:52:08.140,0,10,10,0.00,-0.5925,0.7076,1.0521,-4.9364,0.0000,-0.6402,0.7023,84.8055
2026-05-07 19:52:08.640,0,10,10,0.00,-0.6459,0.6389,0.8906,-4.6659,0.0000,-0.6405,0.6156,91.6034
2026-05-07 19:52:09.140,0,10,10,0.00,-0.6075,0.5862,0.7312,-4.4009,0.0000,-0.5896,0.5820,89.8273
2026-05-07 19:52:09.640,0,10,10,0.00,-0.5570,0.5691,0.5858,-4.1511,0.0000,-0.5446,0.5488,89.5095
2026-05-07 19:52:10.140,0,10,10,0.00,-0.5241,0.5138,0.4491,-3.9199,0.0000,-0.5149,0.5036,90.0220
2026-05-07 19:52:10.640,0,9,10,0.00,-0.4884,0.4901,0.3227,-3.7034,0.0000,-0.4750,0.4737,89.5051
2026-05-07 19:52:11.140,0,10,10,0.00,-0.4489,0.4490,0.2056,-3.5021,0.0000,-0.4400,0.4450,89.3520
2026-05-07 19:52:11.640,0,10,10,0.00,-0.4148,0.4248,0.0958,-3.3141,0.0000,-0.4092,0.4183,89.3213
2026-05-07 19:52:12.140,0,9,10,0.00,-0.3892,0.4017,-0.0094,-3.1386,0.0000,-0.3853,0.3848,90.2669
2026-05-07 19:52:12.640,0,10,10,0.00,-0.3702,0.3636,-0.1080,-2.9769,0.0000,-0.3625,0.3544,90.3916
2026-05-07 19:52:13.140,0,10,10,0.00,-0.3418,0.3410,-0.1984,-2.8265,0.0000,-0.3320,0.3364,89.8216
2026-05-07 19:52:13.640,0,10,10,0.00,-0.3149,0.3274,-0.2834,-2.6851,0.0000,-0.3091,0.3145,89.8487
2026-05-07 19:52:14.140,0,10,10,0.00,-0.2949,0.3140,-0.3649,-2.5524,0.0000,-0.2969,0.3031,90.2324
2026-05-07 19:52:14.640,0,10,10,0.00,-0.2943,0.3042,-0.4439,-2.4262,0.0000,-0.2936,0.3064,90.3788
2026-05-07 19:52:15.140,0,10,10,0.00,-0.2941,0.3055,-0.5241,-2.3001,0.0000,-0.2932,0.3068,90.7652
2026-05-07 19:52:15.640,0,10,10,0.00,-0.2937,0.3053,-0.6062,-2.1743,0.0000,-0.2981,0.3019,91.3598
2026-05-07 19:52:16.140,0,10,10,0.00,-0.3020,0.3022,-0.6897,-2.0484,0.0000,-0.3045,0.2955,92.0234
2026-05-07 19:52:16.640,0,10,10,0.00,-0.3049,0.2892,-0.7723,-1.9235,0.0000,-0.3036,0.2964,91.6577
2026-05-07 19:52:17.140,0,10,10,0.00,-0.3024,0.2971,-0.8533,-1.7982,0.0000,-0.3016,0.2984,91.1212
2026-05-07 19:52:17.640,0,10,10,0.00,-0.2991,0.3016,-0.9342,-1.6717,0.0000,-0.3009,0.2991,90.6719
2026-05-07 19:52:18.140,0,10,10,0.00,-0.3011,0.2985,-1.0158,-1.5444,0.0000,-0.3045,0.2955,90.8790
2026-05-07 19:52:18.640,0,10,10,0.00,-0.3056,0.2901,-1.0960,-1.4182,0.0000,-0.3048,0.2952,90.7275
2026-05-07 19:52:19.140,0,10,10,0.00,-0.3003,0.2975,-1.1748,-1.2912,0.0000,-0.2507,0.3493,90.0010
2026-05-07 19:52:19.640,0,9,10,0.00,-0.1984,0.3986,-1.2551,-1.1704,0.0000,-0.1880,0.4120,91.9900
2026-05-07 19:52:20.140,0,10,10,0.00,-0.1710,0.4343,-1.3591,-1.0600,0.0000,-0.1675,0.4325,101.4155
2026-05-07 19:52:20.640,0,10,10,0.00,-0.1626,0.4321,-1.4831,-0.9774,0.0000,-0.1608,0.4392,117.8603
2026-05-07 19:52:21.140,0,10,10,0.00,-0.1592,0.4460,-1.6244,-0.9262,0.0000,-0.1586,0.4414,129.2073
2026-05-07 19:52:21.640,0,10,10,0.00,-0.1653,0.4290,-1.7739,-0.9115,0.0000,-0.1799,0.4201,144.3883
2026-05-07 19:52:22.140,0,10,10,0.00,-0.2066,0.3982,-1.9228,-0.9307,0.0000,-0.2190,0.3810,160.1806
2026-05-07 19:52:22.640,0,10,10,0.00,-0.2627,0.3206,-2.0649,-0.9735,0.0000,-0.3610,0.3640,169.3714
2026-05-07 19:52:23.140,0,10,10,0.00,-0.4157,0.4236,-2.2344,-1.0367,0.0000,-0.3798,0.4502,171.5475
2026-05-07 19:52:23.640,0,10,10,0.00,-0.3293,0.4448,-2.4216,-1.1134,0.0000,-0.3313,0.4419,173.3872
2026-05-07 19:52:24.140,0,10,10,0.00,-0.2415,0.3769,-2.5855,-1.1999,0.0000,-0.0000,0.0000,-179.8978
2026-05-07 19:52:24.640,0,10,10,0.00,0.0000,0.0406,-2.6447,-1.2389,0.0000,-0.0000,0.0000,-172.2199
2026-05-07 19:52:25.140,0,10,10,0.00,0.0000,0.0000,-2.6448,-1.2390,0.0000,-0.0000,0.0000,-171.1208
2026-05-07 19:52:25.640,0,10,10,0.00,0.0000,0.0000,-2.6448,-1.2390,0.0000,-0.0000,0.0000,-171.1208
2026-05-07 19:52:26.140,0,10,10,0.00,-0.0001,0.0000,-2.6448,-1.2390,0.0000,-0.0000,0.0000,-171.4865
2026-05-07 19:52:26.640,0,10,10,0.00,0.0001,0.0000,-2.6448,-1.2390,0.0000,-0.0000,0.0000,-171.4865
2026-05-07 19:52:27.140,0,10,10,0.00,0.0000,0.0001,-2.6448,-1.2390,0.0000,-0.0000,0.0000,-171.4865
2026-05-07 19:52:27.640,0,10,10,0.00,0.0001,-0.0001,-2.6448,-1.2390,0.0000,-0.0000,0.0000,-171.4865
2026-05-07 19:52:28.140,0,10,10,0.00,0.0000,0.0000,-2.6448,-1.2390,0.0000,-0.0000,0.0000,-171.4865
2026-05-07 19:52:28.640,0,10,10,0.00,0.0001,-0.0003,-2.6448,-1.2390,0.0000,-0.0000,0.0000,-171.4865
2026-05-07 19:52:29.140,0,10,10,0.00,0.0000,0.0000,-2.6448,-1.2390,0.0000,-0.0000,0.0000,-171.4865
2026-05-07 19:52:29.640,0,10,10,0.00,0.0003,0.0000,-2.6448,-1.2390,0.0000,-0.0000,0.0000,-171.4865
2026-05-07 19:52:30.140,0,10,10,0.00,0.0000,0.0000,-2.6448,-1.2390,0.0000,-0.0000,0.0000,-171.4865
2026-05-07 19:52:30.640,0,10,10,0.00,-0.0003,-0.0001,-2.6448,-1.2390,0.0000,-0.0000,0.0000,-171.4865
2026-05-07 19:52:31.140,0,10,10,0.00,0.0000,0.0000,-2.6448,-1.2390,0.0000,-0.0000,0.0000,-171.4865
2026-05-07 19:52:31.640,0,10,10,0.00,-0.0004,0.0000,-2.6448,-1.2390,0.0000,-0.0000,0.0000,-171.4865
2026-05-07 19:52:32.140,0,10,10,0.00,0.0001,0.0001,-2.6448,-1.2390,0.0000,-0.0000,0.0000,-171.4865
2026-05-07 19:52:32.640,0,10,10,0.00,-0.0001,-0.0001,-2.6448,-1.2390,0.0000,-0.0000,0.0000,-171.4865
2026-05-07 19:52:33.140,0,10,10,0.00,0.0000,0.0000,-2.6448,-1.2390,0.0000,-0.0000,0.0000,-171.4865
2026-05-07 19:52:33.640,0,10,10,0.00,0.0000,0.0001,-2.6448,-1.2390,0.0000,-0.0000,0.0000,-171.4865
2026-05-07 19:52:34.140,0,10,10,0.00,0.0000,0.0000,-2.6448,-1.2390,0.0000,-0.0000,0.0000,-171.4865
2026-05-07 19:52:34.640,0,10,10,0.00,-0.0001,0.0000,-2.6448,-1.2390,0.0000,-0.0000,0.0000,-171.4865
2026-05-07 19:52:35.140,0,10,10,0.00,-0.0001,0.0000,-2.6448,-1.2390,0.0000,-0.0000,0.0000,-171.4865
2026-05-07 19:52:35.640,0,10,10,0.00,0.0000,0.0000,-2.6448,-1.2390,0.0000,-0.0000,0.0000,-171.4865
2026-05-07 19:52:36.140,0,10,10,0.00,0.0000,-0.0001,-2.6448,-1.2390,0.0000,-0.0000,0.0000,-171.4865
2026-05-07 19:52:36.640,0,10,10,0.00,0.0001,0.0003,-2.6448,-1.2390,0.0000,-0.0000,0.0000,-171.4865
2026-05-07 19:52:37.140,0,10,10,0.00,0.0000,0.0000,-2.6448,-1.2390,0.0000,-0.0000,0.0000,-171.4865
2026-05-07 19:52:37.640,0,10,10,0.00,0.0001,0.0000,-2.6448,-1.2390,0.0000,-0.0000,0.0000,-171.4865
2026-05-07 19:52:38.140,0,10,10,0.00,0.0000,-0.0001,-2.6448,-1.2390,0.0000,-0.0000,0.0000,-171.4865
2026-05-07 19:52:38.640,0,10,10,0.00,0.0003,0.0001,-2.6448,-1.2390,0.0000,-0.0000,0.0000,-171.4865
2026-05-07 19:52:39.140,0,10,10,0.00,0.0000,0.0000,-2.6448,-1.2390,0.0000,-0.0000,0.0000,-171.4865
2026-05-07 19:52:39.640,0,10,10,0.00,0.0005,0.0000,-2.6448,-1.2390,0.0000,-0.0000,0.0000,-171.4865
2026-05-07 19:52:40.140,0,10,10,0.00,0.0001,0.0000,-2.6448,-1.2390,0.0000,-0.0000,0.0000,-171.4865
2026-05-07 19:52:40.640,0,10,10,0.00,0.0000,0.0001,-2.6448,-1.2390,0.0000,-0.0000,0.0000,-171.4865
2026-05-07 19:52:41.140,0,10,10,0.00,0.0000,0.0000,-2.6448,-1.2390,0.0000,-0.0000,0.0000,-171.4865
2026-05-07 19:52:41.640,0,10,10,0.00,0.0000,0.0000,-2.6448,-1.2390,0.0000,-0.0000,0.0000,-171.4865
2026-05-07 19:52:42.140,0,10,10,0.00,0.0000,-0.0001,-2.6448,-1.2390,0.0000,-0.0000,0.0000,-171.4865
2026-05-07 19:52:42.640,0,10,10,0.00,0.0000,0.0000,-2.6448,-1.2390,0.0000,-0.0000,0.0000,-171.4865
2026-05-07 19:52:43.140,0,10,10,0.00,0.0000,-0.0003,-2.6448,-1.2390,0.0000,-0.0000,0.0000,-171.4865
2026-05-07 19:52:43.640,0,10,10,0.00,0.0001,0.0003,-2.6448,-1.2390,0.0000,-0.0000,0.0000,-171.4865
2026-05-07 19:52:44.140,0,10,10,0.00,-0.0001,0.0000,-2.6448,-1.2390,0.0000,-0.0000,0.0000,-171.4865
2026-05-07 19:52:44.640,0,10,10,0.00,0.0000,0.0000,-2.6448,-1.2390,0.0000,-0.0000,0.0000,-171.4865
2026-05-07 19:52:45.140,0,10,10,0.00,0.0000,0.0000,-2.6448,-1.2390,0.0000,-0.0000,0.0000,-171.4865
2026-05-07 19:52:45.640,0,10,10,0.00,0.0000,0.0003,-2.6448,-1.2390,0.0000,-0.0000,0.0000,-171.4865
2026-05-07 19:52:46.140,0,10,10,0.00,0.0000,-0.0003,-2.6448,-1.2390,0.0000,-0.0000,0.0000,-171.4865
2026-05-07 19:52:46.640,0,10,10,0.00,-0.0041,-0.0005,-2.6449,-1.2390,0.0000,-0.0000,0.0000,-171.4865
2026-05-07 19:52:47.140,0,10,10,0.00,-0.1804,-0.1473,-2.6503,-1.2427,0.0000,-0.0000,0.0000,-174.0258
2026-05-07 19:52:47.640,0,10,10,0.00,-0.3271,-0.3249,-2.6511,-1.2431,0.0000,-0.0000,0.0000,164.6164
2026-05-07 19:52:48.140,0,10,10,0.00,-0.3521,-0.3653,-2.6481,-1.2442,0.0000,-0.0000,0.0000,127.9704
2026-05-07 19:52:48.640,0,10,10,0.00,-0.3555,-0.3475,-2.6464,-1.2457,0.0000,-0.0000,0.0000,89.4512
2026-05-07 19:52:49.140,0,10,10,0.00,-0.3540,-0.3517,-2.6466,-1.2436,0.0000,-0.0000,0.0000,53.1794
2026-05-07 19:52:49.640,0,10,10,0.00,-0.2589,-0.2536,-2.6455,-1.2424,0.0000,-0.0000,0.0000,15.6172
2026-05-07 19:52:50.140,0,10,10,0.00,0.0003,0.0079,-2.6440,-1.2414,0.0000,-0.0000,0.0000,-4.1884
2026-05-07 19:52:50.640,0,10,10,0.00,0.0001,0.0000,-2.6435,-1.2411,0.0000,-0.0000,0.0000,-3.6012
2026-05-07 19:52:51.140,0,10,10,0.00,0.0000,0.0004,-2.6435,-1.2411,0.0000,-0.0000,0.0000,-3.6012
2026-05-07 19:52:51.640,0,10,10,0.00,0.0000,0.0000,-2.6435,-1.2411,0.0000,-0.0000,0.0000,-3.6012
2026-05-07 19:52:52.140,0,10,10,0.00,0.0001,0.0003,-2.6435,-1.2411,0.0000,-0.0000,0.0000,-3.6012
2026-05-07 19:52:52.640,0,10,10,0.00,0.0000,0.0000,-2.6435,-1.2411,0.0000,-0.0000,0.0000,-3.6012
2026-05-07 19:52:53.140,0,10,10,0.00,-0.0003,0.0000,-2.6435,-1.2411,0.0000,-0.0000,0.0000,-3.6012
2026-05-07 19:52:53.640,0,10,10,0.00,0.0000,0.0000,-2.6435,-1.2411,0.0000,-0.0000,0.0000,-3.6012
2026-05-07 19:52:54.140,0,10,10,0.00,0.0000,-0.0003,-2.6435,-1.2411,0.0000,-0.0000,0.0000,-3.6012
2026-05-07 19:52:54.640,0,10,10,0.00,-0.0003,-0.0003,-2.6435,-1.2411,0.0000,-0.0000,0.0000,-3.6012
2026-05-07 19:52:55.140,0,10,10,0.00,0.0000,-0.0003,-2.6435,-1.2411,0.0000,-0.0000,0.0000,-3.6012
2026-05-07 19:52:55.640,0,10,10,0.00,0.0000,0.0000,-2.6435,-1.2411,0.0000,-0.0000,0.0000,-3.6012
2026-05-07 19:52:56.140,0,10,10,0.00,0.0000,0.0000,-2.6435,-1.2411,0.0000,-0.0000,0.0000,-3.6012
2026-05-07 19:52:56.640,0,10,10,0.00,0.0001,-0.0001,-2.6435,-1.2411,0.0000,-0.0000,0.0000,-3.6012
2026-05-07 19:52:57.140,0,10,10,0.00,0.0000,0.0000,-2.6435,-1.2411,0.0000,-0.0000,0.0000,-3.6012
2026-05-07 19:52:57.640,0,10,10,0.00,0.0000,0.0000,-2.6435,-1.2411,0.0000,-0.0000,0.0000,-3.6012
2026-05-07 19:52:58.140,0,10,10,0.00,0.0000,-0.0003,-2.6430,-1.2408,0.0000,-0.0000,0.0000,-3.6012
2026-05-07 19:52:58.640,0,10,10,0.00,0.0000,0.0000,-2.6430,-1.2408,0.0000,-0.0000,0.0000,-3.6012
2026-05-07 19:52:59.140,0,10,10,0.00,0.0000,-0.0001,-2.6430,-1.2408,0.0000,-0.0000,0.0000,-3.6012
2026-05-07 19:52:59.640,0,10,10,0.00,0.0000,-0.0001,-2.6430,-1.2408,0.0000,-0.0000,0.0000,-3.6012
2026-05-07 19:53:00.140,0,10,10,0.00,0.0000,0.0000,-2.6430,-1.2408,0.0000,-0.0000,0.0000,-3.6012
2026-05-07 19:53:00.640,0,10,10,0.00,0.0000,-0.0003,-2.6430,-1.2408,0.0000,-0.0000,0.0000,-3.6012
2026-05-07 19:53:01.140,0,10,10,0.00,0.0000,0.0001,-2.6430,-1.2408,0.0000,-0.0000,0.0000,-3.6012
2026-05-07 19:53:01.642,0,10,10,0.00,-0.0001,0.0000,-2.6430,-1.2408,0.0000,-0.0000,0.0000,-3.6012
2026-05-07 19:53:02.140,0,10,10,0.00,0.0001,-0.0003,-2.6430,-1.2408,0.0000,-0.0000,0.0000,-3.6012
2026-05-07 19:53:02.640,0,10,10,0.00,0.0000,0.0000,-2.6430,-1.2408,0.0000,-0.0000,0.0000,-3.6012
2026-05-07 19:53:03.140,0,10,10,0.00,0.0001,0.0000,-2.6430,-1.2408,0.0000,-0.0000,0.0000,-3.6012
2026-05-07 19:53:03.640,0,10,10,0.00,0.0001,0.0000,-2.6430,-1.2408,0.0000,-0.0000,0.0000,-3.6012
2026-05-07 19:53:04.140,0,10,10,0.00,0.0000,0.0000,-2.6430,-1.2408,0.0000,-0.0000,0.0000,-3.6012
2026-05-07 19:53:04.640,0,10,10,0.00,0.0000,0.0000,-2.6430,-1.2408,0.0000,-0.0000,0.0000,-3.6012
2026-05-07 19:53:05.140,0,10,10,0.00,0.0000,-0.0001,-2.6430,-1.2408,0.0000,-0.0000,0.0000,-3.6012
2026-05-07 19:53:05.640,0,10,10,0.00,0.0000,-0.0001,-2.6430,-1.2408,0.0000,-0.0000,0.0000,-3.6012
2026-05-07 19:53:06.140,0,10,10,0.00,0.0000,0.0000,-2.6430,-1.2408,0.0000,-0.0000,0.0000,-3.6012
2026-05-07 19:53:06.640,0,10,10,0.00,0.0001,0.0000,-2.6430,-1.2408,0.0000,-0.0000,0.0000,-3.6012
2026-05-07 19:53:07.140,0,10,10,0.00,0.0000,-0.0001,-2.6430,-1.2408,0.0000,-0.0000,0.0000,-3.6012
2026-05-07 19:53:07.640,0,10,10,0.00,-0.0001,0.0000,-2.6430,-1.2408,0.0000,-0.0000,0.0000,-3.6012
2026-05-07 19:53:08.140,0,10,10,0.00,0.0000,0.0000,-2.6430,-1.2408,0.0000,-0.0000,0.0000,-3.6012
2026-05-07 19:53:08.640,0,10,10,0.00,0.0000,0.0000,-2.6426,-1.2405,0.0000,-0.0000,0.0000,-3.6012
2026-05-07 19:53:09.140,0,10,10,0.00,0.0001,0.0000,-2.6426,-1.2405,0.0000,-0.0000,0.0000,-3.6012
2026-05-07 19:53:09.640,0,9,10,0.00,-0.0025,0.0026,-2.6399,-1.2387,0.0000,-0.0000,0.0000,-3.6012
2026-05-07 19:53:10.140,0,10,10,0.00,-0.0003,0.0000,-2.6401,-1.2388,0.0000,-0.0000,0.0000,-3.6012
2026-05-07 19:53:10.640,0,10,10,0.00,-0.0001,0.0005,-2.6376,-1.2371,0.0000,-0.0000,0.0000,-3.6012
2026-05-07 19:53:11.140,0,10,10,0.00,0.0000,0.0001,-2.6376,-1.2371,0.0000,-0.0000,0.0000,-3.6012
2026-05-07 19:53:11.640,0,10,10,0.00,0.0000,0.0000,-2.6376,-1.2371,0.0000,-0.0000,0.0000,-3.6012
2026-05-07 19:53:12.140,0,10,10,0.00,0.0000,0.0000,-2.6376,-1.2371,0.0000,-0.0000,0.0000,-3.6012
2026-05-07 19:53:12.641,0,10,10,0.00,0.0000,0.0000,-2.6376,-1.2371,0.0000,-0.0000,0.0000,-3.6012
2026-05-07 19:53:13.140,0,10,10,0.00,0.0001,-0.0001,-2.6376,-1.2371,0.0000,-0.0000,0.0000,-3.6012
2026-05-07 19:53:13.640,0,10,10,0.00,0.0000,0.0003,-2.6376,-1.2371,0.0000,-0.0000,0.0000,-3.6012
2026-05-07 19:53:14.140,0,10,10,0.00,-0.0001,0.0000,-2.6376,-1.2371,0.0000,-0.0000,0.0000,-3.6012
2026-05-07 19:53:14.640,0,10,10,0.00,0.0001,0.0000,-2.6376,-1.2371,0.0000,-0.0000,0.0000,-3.6012
2026-05-07 19:53:15.140,0,10,10,0.00,0.0001,0.0003,-2.6376,-1.2371,0.0000,-0.0000,0.0000,-3.6012
2026-05-07 19:53:15.640,0,10,10,0.00,0.0003,0.0000,-2.6376,-1.2371,0.0000,-0.0000,0.0000,-3.6012
2026-05-07 19:53:16.140,0,10,10,0.00,0.0000,0.0000,-2.6376,-1.2371,0.0000,-0.0000,0.0000,-3.6012
2026-05-07 19:53:16.640,0,10,10,0.00,0.0000,-0.0001,-2.6376,-1.2371,0.0000,-0.0000,0.0000,-3.6012
2026-05-07 19:53:17.140,0,10,10,0.00,0.0000,0.0001,-2.6376,-1.2371,0.0000,-0.0000,0.0000,-3.6012
2026-05-07 19:53:17.640,0,10,10,0.00,-0.0001,0.0001,-2.6376,-1.2371,0.0000,-0.0000,0.0000,-3.6012
2026-05-07 19:53:18.140,0,10,10,0.00,0.0000,-0.0003,-2.6376,-1.2371,0.0000,-0.0000,0.0000,-3.6012
2026-05-07 19:53:18.640,0,10,10,0.00,0.0001,0.0000,-2.6376,-1.2371,0.0000,-0.0000,0.0000,-3.6012
2026-05-07 19:53:19.140,0,10,10,0.00,-0.0004,0.0003,-2.6376,-1.2371,0.0000,-0.0000,0.0000,-3.6012
2026-05-07 19:53:19.640,0,10,10,0.00,0.0000,0.0005,-2.6376,-1.2371,0.0000,-0.0000,0.0000,-3.6012
2026-05-07 19:53:20.140,0,10,10,0.00,-0.0001,-0.0001,-2.6376,-1.2371,0.0000,-0.0000,0.0000,-3.6012
2026-05-07 19:53:20.640,0,10,10,0.00,-0.0001,0.0000,-2.6376,-1.2371,0.0000,-0.0000,0.0000,-3.6012
2026-05-07 19:53:21.140,0,10,10,0.00,0.0000,-0.0001,-2.6376,-1.2371,0.0000,-0.0000,0.0000,-3.6012
2026-05-07 19:53:21.640,0,10,10,0.00,0.0001,0.0000,-2.6376,-1.2371,0.0000,-0.0000,0.0000,-3.6012
2026-05-07 19:53:22.140,0,10,10,0.00,-0.0001,0.0001,-2.6376,-1.2371,0.0000,-0.0000,0.0000,-3.6012
2026-05-07 19:53:22.640,0,10,10,0.00,-0.0001,0.0001,-2.6376,-1.2371,0.0000,-0.0000,0.0000,-3.6012
2026-05-07 19:53:23.140,0,10,10,0.00,0.0000,-0.0004,-2.6376,-1.2371,0.0000,-0.0000,0.0000,-3.6012
2026-05-07 19:53:23.640,0,10,10,0.00,-0.0001,0.0000,-2.6376,-1.2371,0.0000,-0.0000,0.0000,-3.6012
2026-05-07 19:53:24.140,0,10,10,0.00,-0.0001,0.0000,-2.6376,-1.2371,0.0000,-0.0000,0.0000,-3.6012
2026-05-07 19:53:24.640,0,10,10,0.00,0.0000,0.0000,-2.6376,-1.2371,0.0000,-0.0000,0.0000,-3.6012
2026-05-07 19:53:25.140,0,10,10,0.00,0.0001,0.0000,-2.6376,-1.2371,0.0000,-0.0000,0.0000,-3.6012
2026-05-07 19:53:25.640,0,10,10,0.00,-0.0001,0.0000,-2.6376,-1.2371,0.0000,-0.0000,0.0000,-3.6012
2026-05-07 19:53:26.140,0,10,10,0.00,-0.0001,0.0000,-2.6376,-1.2371,0.0000,-0.0000,0.0000,-3.6012
2026-05-07 19:53:26.640,0,10,10,0.00,0.0000,-0.0001,-2.6376,-1.2371,0.0000,-0.0000,0.0000,-3.6012
2026-05-07 19:53:27.140,0,10,10,0.00,0.0000,0.0000,-2.6376,-1.2371,0.0000,-0.0000,0.0000,-3.6012
2026-05-07 19:53:27.640,0,10,10,0.00,-0.0005,0.0005,-2.6376,-1.2371,0.0000,-0.0000,0.0000,-3.6012
2026-05-07 19:53:28.140,0,10,10,0.00,0.0003,0.0000,-2.6376,-1.2371,0.0000,-0.0000,0.0000,-3.6012
2026-05-07 19:53:28.640,0,10,10,0.00,0.0000,0.0001,-2.6376,-1.2371,0.0000,-0.0000,0.0000,-3.6012
2026-05-07 19:53:29.140,0,10,10,0.00,0.0000,0.0000,-2.6376,-1.2371,0.0000,-0.0000,0.0000,-3.6012
2026-05-07 19:53:29.640,0,10,10,0.00,-0.0003,0.0001,-2.6376,-1.2371,0.0000,-0.0000,0.0000,-3.6012
2026-05-07 19:53:30.140,0,10,10,0.00,0.0008,0.0000,-2.6376,-1.2371,0.0000,-0.0000,0.0000,-3.6012
2026-05-07 19:53:30.640,0,10,10,0.00,0.0001,-0.0005,-2.6376,-1.2371,0.0000,-0.0000,0.0000,-3.6012
2026-05-07 19:53:31.140,0,10,10,0.00,0.0001,-0.0001,-2.6376,-1.2371,0.0000,-0.0000,0.0000,-3.6012
2026-05-07 19:53:31.640,0,10,10,0.00,0.0000,0.0000,-2.6376,-1.2371,0.0000,-0.0000,0.0000,-3.6012
2026-05-07 19:53:32.140,0,10,10,0.00,0.0000,-0.0001,-2.6376,-1.2371,0.0000,-0.0000,0.0000,-3.6012
2026-05-07 19:53:32.640,0,10,10,0.00,-0.0003,0.0000,-2.6376,-1.2371,0.0000,-0.0000,0.0000,-3.6012
2026-05-07 19:53:33.140,0,10,10,0.00,0.0000,-0.0003,-2.6376,-1.2371,0.0000,-0.0000,0.0000,-3.6012
2026-05-07 19:53:33.640,0,10,10,0.00,0.0001,0.0000,-2.6376,-1.2371,0.0000,-0.0000,0.0000,-3.6012
2026-05-07 19:53:34.140,0,10,10,0.00,0.0000,0.0000,-2.6376,-1.2371,0.0000,-0.0000,0.0000,-3.6012
2026-05-07 19:53:34.640,0,10,10,0.00,-0.0001,0.0004,-2.6376,-1.2371,0.0000,-0.0000,0.0000,-3.6012
2026-05-07 19:53:35.140,0,10,10,0.00,0.0000,0.0000,-2.6376,-1.2371,0.0000,-0.0000,0.0000,-3.6012
2026-05-07 19:53:35.640,0,10,10,0.00,0.0001,0.0000,-2.6376,-1.2371,0.0000,-0.0000,0.0000,-3.6012
2026-05-07 19:53:36.140,0,10,10,0.00,0.0000,0.0000,-2.6376,-1.2371,0.0000,-0.0000,0.0000,-3.6012
2026-05-07 19:53:36.640,0,10,10,0.00,0.0000,0.0000,-2.6376,-1.2371,0.0000,-0.0000,0.0000,-3.6012
2026-05-07 19:53:37.140,0,10,10,0.00,0.0000,0.0001,-2.6376,-1.2371,0.0000,-0.0000,0.0000,-3.6012
2026-05-07 19:53:37.640,0,10,10,0.00,0.0000,0.0003,-2.6376,-1.2371,0.0000,-0.0000,0.0000,-3.6012
2026-05-07 19:53:38.140,0,10,10,0.00,0.0003,0.0001,-2.6376,-1.2371,0.0000,-0.0000,0.0000,-3.6012
2026-05-07 19:53:38.640,0,10,10,0.00,0.0000,-0.0001,-2.6376,-1.2371,0.0000,-0.0000,0.0000,-3.6012
2026-05-07 19:53:39.140,0,10,10,0.00,-0.0001,-0.0003,-2.6376,-1.2371,0.0000,-0.0000,0.0000,-3.6012
2026-05-07 19:53:39.640,0,10,10,0.00,0.0001,-0.0001,-2.6376,-1.2371,0.0000,-0.0000,0.0000,-3.6012
2026-05-07 19:53:40.140,0,10,10,0.00,0.0001,0.0000,-2.6376,-1.2371,0.0000,-0.0000,0.0000,-3.6012
2026-05-07 19:53:40.640,0,10,10,0.00,0.0001,0.0003,-2.6376,-1.2371,0.0000,-0.0000,0.0000,-3.6012
2026-05-07 19:53:41.140,0,10,10,0.00,-0.0001,0.0003,-2.6376,-1.2371,0.0000,-0.0000,0.0000,-3.6012
2026-05-07 19:53:41.640,0,10,10,0.00,-0.0001,-0.0001,-2.6376,-1.2371,0.0000,-0.0000,0.0000,-3.6012
2026-05-07 19:53:42.140,0,10,10,0.00,0.0000,-0.0001,-2.6376,-1.2371,0.0000,-0.0000,0.0000,-3.6012
2026-05-07 19:53:42.640,0,10,10,0.00,0.0000,0.0001,-2.6376,-1.2371,0.0000,-0.0000,0.0000,-3.6012
2026-05-07 19:53:43.140,0,10,10,0.00,-0.0001,0.0000,-2.6376,-1.2371,0.0000,-0.0000,0.0000,-3.6012
2026-05-07 19:53:43.640,0,10,10,0.00,0.0000,0.0000,-2.6376,-1.2371,0.0000,-0.0000,0.0000,-3.6012
2026-05-07 19:53:44.140,0,10,10,0.00,0.0003,0.0000,-2.6376,-1.2371,0.0000,-0.0000,0.0000,-3.6012
2026-05-07 19:53:44.640,0,10,10,0.00,0.0000,0.0000,-2.6376,-1.2371,0.0000,-0.0000,0.0000,-3.6012
2026-05-07 19:53:45.140,0,10,10,0.00,-0.0001,0.0000,-2.6376,-1.2371,0.0000,-0.0000,0.0000,-3.6012
2026-05-07 19:53:45.640,0,10,10,0.00,-0.0001,0.0003,-2.6376,-1.2371,0.0000,-0.0000,0.0000,-3.6012
2026-05-07 19:53:46.140,0,10,10,0.00,0.0003,0.0000,-2.6376,-1.2371,0.0000,-0.0000,0.0000,-3.6012
2026-05-07 19:53:46.640,0,10,10,0.00,0.0003,0.0000,-2.6376,-1.2371,0.0000,-0.0000,0.0000,-3.6012
2026-05-07 19:53:47.140,0,10,10,0.00,0.0001,0.0000,-2.6376,-1.2371,0.0000,-0.0000,0.0000,-3.6012
2026-05-07 19:53:47.640,0,10,10,0.00,0.0000,0.0000,-2.6376,-1.2371,0.0000,-0.0000,0.0000,-3.6012
2026-05-07 19:53:48.140,0,10,10,0.00,-0.0005,0.0001,-2.6376,-1.2371,0.0000,-0.0000,0.0000,-3.6012
2026-05-07 19:53:48.640,0,10,10,0.00,0.0000,0.0000,-2.6376,-1.2371,0.0000,-0.0000,0.0000,-3.6012
2026-05-07 19:53:49.140,0,10,10,0.00,0.0000,0.0001,-2.6376,-1.2371,0.0000,-0.0000,0.0000,-3.6012
2026-05-07 19:53:49.640,0,10,10,0.00,0.0000,0.0000,-2.6376,-1.2371,0.0000,-0.0000,0.0000,-3.6012
2026-05-07 19:53:50.140,0,10,10,0.00,-0.0001,-0.0003,-2.6376,-1.2371,0.0000,-0.0000,0.0000,-3.6012
2026-05-07 19:53:50.640,0,10,10,0.00,-0.0001,0.0004,-2.6376,-1.2371,0.0000,-0.0000,0.0000,-3.6012
2026-05-07 19:53:51.140,0,10,10,0.00,0.0004,0.0000,-2.6376,-1.2371,0.0000,-0.0000,0.0000,-3.6012
2026-05-07 19:53:51.640,0,10,10,0.00,0.0000,0.0000,-2.6376,-1.2371,0.0000,-0.0000,0.0000,-3.6012
2026-05-07 19:53:52.140,0,10,10,0.00,0.0000,0.0000,-2.6376,-1.2371,0.0000,-0.0000,0.0000,-3.6012
2026-05-07 19:53:52.640,0,10,10,0.00,0.0001,-0.0001,-2.6376,-1.2371,0.0000,-0.0000,0.0000,-3.6012
2026-05-07 19:53:53.140,0,10,10,0.00,0.0003,0.0000,-2.6376,-1.2371,0.0000,-0.0000,0.0000,-3.6012
2026-05-07 19:53:53.640,0,10,10,0.00,0.0000,0.0000,-2.6376,-1.2371,0.0000,-0.0000,0.0000,-3.6012
2026-05-07 19:53:54.140,0,10,10,0.00,-0.0001,0.0001,-2.6376,-1.2371,0.0000,-0.0000,0.0000,-3.6012
2026-05-07 19:53:54.640,0,10,10,0.00,0.0000,0.0000,-2.6376,-1.2371,0.0000,-0.0000,0.0000,-3.6012
2026-05-07 19:53:55.140,0,10,10,0.00,-0.0001,-0.0001,-2.6376,-1.2371,0.0000,-0.0000,0.0000,-3.6012
2026-05-07 19:53:55.640,0,10,10,0.00,0.0001,0.0000,-2.6376,-1.2371,0.0000,-0.0000,0.0000,-3.6012
2026-05-07 19:53:56.140,0,10,10,0.00,0.0000,0.0000,-2.6376,-1.2371,0.0000,-0.0000,0.0000,-3.6012
2026-05-07 19:53:56.640,0,10,10,0.00,0.0000,-0.0001,-2.6376,-1.2371,0.0000,-0.0000,0.0000,-3.6012
2026-05-07 19:53:57.140,0,10,10,0.00,0.0000,0.0001,-2.6376,-1.2371,0.0000,-0.0000,0.0000,-3.6012
2026-05-07 19:53:57.640,0,10,10,0.00,-0.0001,-0.0001,-2.6376,-1.2371,0.0000,-0.0000,0.0000,-3.6012
2026-05-07 19:53:58.140,0,10,10,0.00,0.0000,-0.0003,-2.6376,-1.2371,0.0000,-0.0000,0.0000,-3.6012
2026-05-07 19:53:58.640,0,10,10,0.00,0.0000,0.0000,-2.6376,-1.2371,0.0000,-0.0000,0.0000,-3.6012
2026-05-07 19:53:59.140,0,10,10,0.00,-0.0001,0.0000,-2.6376,-1.2371,0.0000,-0.0000,0.0000,-3.6012
2026-05-07 19:53:59.640,0,10,10,0.00,0.0000,0.0000,-2.6376,-1.2371,0.0000,-0.0000,0.0000,-3.6012
2026-05-07 19:54:00.140,0,10,10,0.00,-0.0001,0.0000,-2.6376,-1.2371,0.0000,-0.0000,0.0000,-3.6012
2026-05-07 19:54:00.640,0,10,10,0.00,0.0000,0.0000,-2.6376,-1.2371,0.0000,-0.0000,0.0000,-3.6012
2026-05-07 19:54:01.140,0,10,10,0.00,0.0000,0.0000,-2.6376,-1.2371,0.0000,-0.0000,0.0000,-3.6012
2026-05-07 19:54:01.640,0,10,10,0.00,0.0000,-0.0003,-2.6376,-1.2371,0.0000,-0.0000,0.0000,-3.6012
2026-05-07 19:54:02.140,0,10,10,0.00,0.0003,0.0000,-2.6376,-1.2371,0.0000,-0.0000,0.0000,-3.6012
2026-05-07 19:54:02.640,0,10,10,0.00,0.0000,0.0000,-2.6376,-1.2371,0.0000,-0.0000,0.0000,-3.6012
2026-05-07 19:54:03.140,0,10,10,0.00,0.0000,-0.0001,-2.6376,-1.2371,0.0000,-0.0000,0.0000,-3.6012
2026-05-07 19:54:03.640,0,10,10,0.00,-0.0001,-0.0003,-2.6376,-1.2371,0.0000,-0.0000,0.0000,-3.6012
2026-05-07 19:54:04.140,0,10,10,0.00,0.0000,-0.0001,-2.6376,-1.2371,0.0000,-0.0000,0.0000,-3.6012
2026-05-07 19:54:04.640,0,10,10,0.00,0.0000,-0.0004,-2.6376,-1.2371,0.0000,-0.0000,0.0000,-3.6012
2026-05-07 19:54:05.140,0,10,10,0.00,0.0001,0.0000,-2.6376,-1.2371,0.0000,-0.0000,0.0000,-3.6012
2026-05-07 19:54:05.640,0,10,10,0.00,-0.0001,0.0001,-2.6376,-1.2371,0.0000,-0.0000,0.0000,-3.6012
2026-05-07 19:54:06.140,0,10,10,0.00,0.0000,0.0000,-2.6376,-1.2371,0.0000,-0.0000,0.0000,-3.6012
2026-05-07 19:54:06.640,0,10,10,0.00,0.0001,-0.0003,-2.6376,-1.2371,0.0000,-0.0000,0.0000,-3.6012
2026-05-07 19:54:07.140,0,10,10,0.00,-0.0003,0.0000,-2.6376,-1.2371,0.0000,-0.0000,0.0000,-3.6012
2026-05-07 19:54:07.640,0,10,10,0.00,0.0000,0.0000,-2.6376,-1.2371,0.0000,-0.0000,0.0000,-3.6012
2026-05-07 19:54:08.140,0,10,10,0.00,0.0000,-0.0004,-2.6376,-1.2371,0.0000,-0.0000,0.0000,-3.6012
2026-05-07 19:54:08.640,0,10,10,0.00,0.0000,-0.0001,-2.6376,-1.2371,0.0000,-0.0000,0.0000,-3.6012
2026-05-07 19:54:09.140,0,10,10,0.00,0.0000,0.0000,-2.6376,-1.2371,0.0000,-0.0000,0.0000,-3.6012
2026-05-07 19:54:09.640,0,10,10,0.00,0.0000,0.0000,-2.6376,-1.2371,0.0000,-0.0000,0.0000,-3.6012
2026-05-07 19:54:10.140,0,10,10,0.00,0.0000,0.0000,-2.6376,-1.2371,0.0000,-0.0000,0.0000,-3.6012
2026-05-07 19:54:10.640,0,10,10,0.00,0.0000,0.0001,-2.6376,-1.2371,0.0000,-0.0000,0.0000,-3.6012
2026-05-07 19:54:11.140,0,10,10,0.00,0.0000,0.0000,-2.6376,-1.2371,0.0000,-0.0000,0.0000,-3.6012
2026-05-07 19:54:11.640,0,10,10,0.00,0.0000,0.0001,-2.6376,-1.2371,0.0000,-0.0000,0.0000,-3.6012
2026-05-07 19:54:12.140,0,10,10,0.00,0.0000,0.0001,-2.6376,-1.2371,0.0000,-0.0000,0.0000,-3.6012
2026-05-07 19:54:12.640,0,10,10,0.00,0.0000,0.0000,-2.6376,-1.2371,0.0000,-0.0000,0.0000,-3.6012
2026-05-07 19:54:13.140,0,10,10,0.00,0.0000,0.0003,-2.6376,-1.2371,0.0000,-0.0000,0.0000,-3.6012
2026-05-07 19:54:13.640,0,10,10,0.00,0.0000,0.0000,-2.6376,-1.2371,0.0000,-0.0000,0.0000,-3.6012
2026-05-07 19:54:14.140,0,10,10,0.00,0.0000,0.0000,-2.6376,-1.2371,0.0000,-0.0000,0.0000,-3.6012
2026-05-07 19:54:14.640,0,10,10,0.00,0.0000,0.0000,-2.6376,-1.2371,0.0000,-0.0000,0.0000,-3.6012
2026-05-07 19:54:15.140,0,10,10,0.00,0.0001,-0.0001,-2.6376,-1.2371,0.0000,-0.0000,0.0000,-3.6012
2026-05-07 19:54:15.640,0,10,10,0.00,0.0000,0.0000,-2.6376,-1.2371,0.0000,-0.0000,0.0000,-3.6012
2026-05-07 19:54:16.140,0,10,10,0.00,0.0000,0.0000,-2.6376,-1.2371,0.0000,-0.3239,0.2761,-3.6012
2026-05-07 19:54:16.640,0,10,10,0.00,0.0001,0.0000,-2.6376,-1.2371,0.0000,-0.4454,0.4662,-3.6012
2026-05-07 19:54:17.140,0,10,10,0.00,0.0000,0.0001,-2.6376,-1.2371,0.0000,-0.4889,0.4242,-3.6012
2026-05-07 19:54:17.640,0,10,10,0.00,0.0004,-0.0001,-2.6376,-1.2371,0.0000,-0.5029,0.4101,-3.6012
2026-05-07 19:54:18.140,0,10,10,0.00,0.0004,-0.0001,-2.6376,-1.2371,0.0000,-0.5076,0.4055,-3.6012
2026-05-07 19:54:18.640,0,10,10,0.00,-0.0001,0.0001,-2.6376,-1.2371,0.0000,-0.5091,0.4040,-3.6012
2026-05-07 19:54:19.140,0,10,10,0.00,0.0000,0.0000,-2.6376,-1.2371,0.0000,-0.5096,0.4035,-3.6012
2026-05-07 19:54:19.640,0,10,10,0.00,0.0000,-0.0004,-2.6376,-1.2371,0.0000,-0.5097,0.4033,-3.6012
2026-05-07 19:54:20.140,0,10,10,0.00,0.0000,-0.0001,-2.6376,-1.2371,0.0000,-0.5098,0.4033,-3.6012
2026-05-07 19:54:20.641,0,10,10,0.00,0.0000,0.0000,-2.6376,-1.2371,0.0000,-0.5098,0.4032,-3.6012
2026-05-07 19:54:21.140,0,10,10,0.00,-0.0004,0.0005,-2.6376,-1.2371,0.0000,-0.5098,0.4032,-3.6012
2026-05-07 19:54:21.640,0,10,10,0.00,0.0003,-0.0001,-2.6376,-1.2371,0.0000,-0.5098,0.4032,-3.6012
2026-05-07 19:54:22.140,0,10,10,0.00,0.0000,0.0000,-2.6376,-1.2371,0.0000,-0.5098,0.4032,-3.6012
2026-05-07 19:54:22.640,0,10,10,0.00,0.0003,0.0003,-2.6376,-1.2371,0.0000,-0.5098,0.4032,-3.6012
2026-05-07 19:54:23.140,0,10,10,0.00,0.0000,-0.0003,-2.6376,-1.2371,0.0000,-0.5098,0.4032,-3.6012
2026-05-07 19:54:23.640,0,10,10,0.00,0.0001,0.0000,-2.6376,-1.2371,0.0000,-0.5098,0.4032,-3.6012
2026-05-07 19:54:24.140,0,10,10,0.00,0.0000,-0.0001,-2.6376,-1.2371,0.0000,-0.5098,0.4032,-3.6012
2026-05-07 19:54:24.640,0,10,10,0.00,0.0000,0.0001,-2.6376,-1.2371,0.0000,-0.5098,0.4032,-3.6012
2026-05-07 19:54:25.140,0,10,10,0.00,-0.0001,0.0000,-2.6376,-1.2371,0.0000,-0.5098,0.4032,-3.6012
2026-05-07 19:54:25.640,0,10,10,0.00,0.0001,0.0001,-2.6376,-1.2371,0.0000,-0.5098,0.4032,-3.6012
2026-05-07 19:54:26.140,0,10,10,0.00,0.0000,0.0000,-2.6376,-1.2371,0.0000,-0.5098,0.4032,-3.6012
2026-05-07 19:54:26.640,0,10,10,0.00,0.0000,0.0000,-2.6376,-1.2371,0.0000,-0.5098,0.4032,-3.6012
2026-05-07 19:54:27.140,0,10,10,0.00,-0.0120,0.0007,-2.6373,-1.2370,0.0000,-0.5098,0.4032,-3.6012
2026-05-07 19:54:27.640,0,10,10,0.00,-0.1753,0.1643,-2.6000,-1.2136,0.0000,-0.5098,0.4032,-4.7614
2026-05-07 19:54:28.140,0,10,10,0.00,-0.3313,0.3266,-2.4898,-1.1460,0.0000,-0.5467,0.4680,-4.6100
2026-05-07 19:54:28.640,0,9,10,0.00,-0.4737,0.4710,-2.3331,-1.0504,0.0000,-0.5854,0.5246,-4.0257
2026-05-07 19:54:29.140,0,10,10,0.00,-0.6182,0.5710,-2.0736,-0.8944,0.0000,-0.2914,0.3086,-4.1184
2026-05-07 19:54:29.640,0,10,10,0.00,-0.3211,0.3842,-1.8688,-0.7788,0.0000,-0.2014,0.3986,-6.4016
2026-05-07 19:54:30.140,0,10,10,0.00,-0.1719,0.4202,-1.7459,-0.6978,0.0000,-0.1719,0.4281,-1.0759
2026-05-07 19:54:30.640,0,10,10,0.00,-0.1634,0.4313,-1.6403,-0.5906,0.0000,-0.1622,0.4378,13.1818
2026-05-07 19:54:31.140,0,10,10,0.00,-0.1602,0.4424,-1.5637,-0.4622,0.0000,-0.1590,0.4410,27.3122
2026-05-07 19:54:31.640,0,10,10,0.00,-0.1597,0.4359,-1.5208,-0.3182,0.0000,-0.1580,0.4420,42.6031
2026-05-07 19:54:32.140,0,10,10,0.00,-0.1569,0.4430,-1.5146,-0.1692,0.0000,-0.1577,0.4423,57.1419
2026-05-07 19:54:32.640,0,10,10,0.00,-0.1572,0.4466,-1.5457,-0.0219,0.0000,-0.1576,0.4424,72.2169
2026-05-07 19:54:33.140,0,10,10,0.00,-0.1569,0.4380,-1.6118,0.1120,0.0000,-0.1575,0.4425,87.2943
2026-05-07 19:54:33.640,0,10,10,0.00,-0.1589,0.4474,-1.7090,0.2258,0.0000,-0.1575,0.4425,102.0874
2026-05-07 19:54:34.140,0,10,10,0.00,-0.1689,0.4383,-1.8321,0.3125,0.0000,-0.1790,0.4210,117.1759
2026-05-07 19:54:34.640,0,10,10,0.00,-0.2255,0.3745,-1.9713,0.3698,0.0000,-0.2390,0.3610,130.1560
2026-05-07 19:54:35.140,0,9,10,0.00,-0.3194,0.3822,-2.1221,0.4101,0.0000,-0.4086,0.4490,136.9024
2026-05-07 19:54:35.640,0,9,10,0.00,-0.4769,0.5493,-2.3370,0.4535,0.0000,-0.7104,0.6965,139.7553
2026-05-07 19:54:36.140,0,9,10,0.00,-0.6341,0.6360,-2.6311,0.4952,0.0000,-0.6226,0.4881,143.7534
2026-05-07 19:54:36.640,0,10,10,0.00,-0.4218,0.3436,-2.8910,0.5301,0.0000,-0.4178,0.1822,143.6870
2026-05-07 19:54:37.140,0,9,10,0.00,-0.4369,0.1450,-3.0411,0.5665,0.0000,-0.4222,0.1778,137.2765
2026-05-07 19:54:37.640,0,10,10,0.00,-0.4208,0.2342,-3.1722,0.6329,0.0000,-0.4931,0.4366,121.8189
2026-05-07 19:54:38.140,0,10,10,0.00,-0.4657,0.4085,-3.3364,0.7552,0.0000,-0.4382,0.4781,111.9940
2026-05-07 19:54:38.640,0,10,10,0.00,-0.3674,0.4791,-3.5078,0.8936,0.0000,-0.3724,0.4339,110.9393
2026-05-07 19:54:39.140,0,10,10,0.00,-0.3807,0.3528,-3.6702,1.0071,0.0000,-0.3773,0.3232,116.8308
2026-05-07 19:54:39.640,0,10,10,0.00,-0.3401,0.2686,-3.8040,1.1042,0.0000,-0.3223,0.2869,113.8264
2026-05-07 19:54:40.140,0,10,10,0.00,-0.2861,0.3106,-3.9194,1.1972,0.0000,-0.2858,0.3142,110.2205
2026-05-07 19:54:40.640,0,10,10,0.00,-0.2932,0.3193,-4.0393,1.2911,0.0000,-0.2993,0.3007,112.2406
2026-05-07 19:54:41.140,0,10,10,0.00,-0.3111,0.2876,-4.1590,1.3821,0.0000,-0.3094,0.2906,112.9726
2026-05-07 19:54:41.640,0,10,10,0.00,-0.3034,0.2884,-4.2758,1.4739,0.0000,-0.3030,0.2970,111.5168
2026-05-07 19:54:42.140,0,10,10,0.00,-0.1596,0.1782,-4.3775,1.5554,0.0000,-0.0000,0.0000,110.7984
2026-05-07 19:54:42.640,0,10,10,0.00,0.0004,-0.0033,-4.3910,1.5660,0.0000,-0.0000,0.0000,112.4923
2026-05-07 19:54:43.140,0,9,10,0.00,0.0004,-0.0001,-4.3908,1.5658,0.0000,-0.0000,0.0000,112.4923
2026-05-07 19:54:43.640,0,10,10,0.00,0.0000,0.0000,-4.3908,1.5658,0.0000,-0.0000,0.0000,112.4923
2026-05-07 19:54:44.140,0,10,10,0.00,-0.0003,-0.0001,-4.3908,1.5658,0.0000,-0.0000,0.0000,112.4923
2026-05-07 19:54:44.640,0,10,10,0.00,0.0000,0.0000,-4.3908,1.5658,0.0000,-0.0000,0.0000,112.4923
2026-05-07 19:54:45.140,0,10,10,0.00,0.0001,0.0001,-4.3908,1.5658,0.0000,-0.0000,0.0000,112.4923
2026-05-07 19:54:45.640,0,10,10,0.00,0.0001,-0.0001,-4.3908,1.5658,0.0000,-0.0000,0.0000,112.4923
2026-05-07 19:54:46.140,0,10,10,0.00,0.0000,-0.0005,-4.3908,1.5658,0.0000,-0.0000,0.0000,112.4923
2026-05-07 19:54:46.640,0,10,10,0.00,0.0003,-0.0003,-4.3908,1.5658,0.0000,-0.0000,0.0000,112.4923
2026-05-07 19:54:47.140,0,10,10,0.00,-0.0003,0.0000,-4.3896,1.5649,0.0000,-0.0000,0.0000,112.4923
2026-05-07 19:54:47.640,0,10,10,0.00,-0.0785,-0.0421,-4.3915,1.5664,0.0000,-0.0000,0.0000,112.4923
2026-05-07 19:54:48.140,0,10,10,0.00,-0.2427,-0.2478,-4.3966,1.5712,0.0000,-0.0000,0.0000,102.6211
2026-05-07 19:54:48.640,0,10,10,0.00,-0.3520,-0.3727,-4.3965,1.5700,0.0000,-0.0000,0.0000,74.3592
2026-05-07 19:54:49.140,0,10,10,0.00,-0.3528,-0.3559,-4.3970,1.5677,0.0000,-0.0000,0.0000,36.5310
2026-05-07 19:54:49.640,0,10,10,0.00,-0.3559,-0.3524,-4.3965,1.5680,0.0000,-0.0000,0.0000,-1.6382
2026-05-07 19:54:50.140,0,10,10,0.00,-0.2948,-0.3159,-4.3976,1.5682,0.0000,-0.0000,0.0000,-39.5778
2026-05-07 19:54:50.640,0,10,10,0.00,0.0000,0.0000,-4.4055,1.5715,0.0000,-0.0000,0.0000,-67.3557
2026-05-07 19:54:51.140,0,10,10,0.00,0.0000,-0.0001,-4.4052,1.5714,0.0000,-0.0000,0.0000,-67.1893
2026-05-07 19:54:51.640,0,10,10,0.00,0.0001,0.0001,-4.4052,1.5714,0.0000,-0.0000,0.0000,-66.9142
2026-05-07 19:54:52.140,0,10,10,0.00,0.0004,0.0001,-4.4052,1.5714,0.0000,-0.0000,0.0000,-66.9142
2026-05-07 19:54:52.640,0,10,10,0.00,-0.0003,0.0000,-4.4052,1.5714,0.0000,-0.0000,0.0000,-66.9142
2026-05-07 19:54:53.140,0,10,10,0.00,0.0000,-0.0003,-4.4052,1.5714,0.0000,-0.0000,0.0000,-66.9142
2026-05-07 19:54:53.640,0,10,10,0.00,0.0001,0.0005,-4.4052,1.5714,0.0000,-0.0000,0.0000,-66.9142
2026-05-07 19:54:54.140,0,10,10,0.00,0.0003,-0.0003,-4.4052,1.5714,0.0000,-0.0000,0.0000,-66.9142
2026-05-07 19:54:54.640,0,10,10,0.00,0.0000,0.0001,-4.4052,1.5714,0.0000,-0.0000,0.0000,-66.9142
2026-05-07 19:54:55.140,0,10,10,0.00,0.0000,0.0000,-4.4052,1.5714,0.0000,-0.0000,0.0000,-66.9142
2026-05-07 19:54:55.640,0,10,10,0.00,0.0001,0.0000,-4.4052,1.5714,0.0000,-0.0000,0.0000,-66.9142
2026-05-07 19:54:56.140,0,10,10,0.00,0.0001,0.0000,-4.4052,1.5714,0.0000,-0.0000,0.0000,-66.9142
2026-05-07 19:54:56.640,0,10,10,0.00,0.0001,0.0000,-4.4052,1.5714,0.0000,-0.0000,0.0000,-66.9142
2026-05-07 19:54:57.140,0,10,10,0.00,0.0000,0.0001,-4.4052,1.5714,0.0000,-0.0000,0.0000,-66.9142
2026-05-07 19:54:57.640,0,10,10,0.00,0.0000,0.0001,-4.4052,1.5714,0.0000,-0.0000,0.0000,-66.9142
2026-05-07 19:54:58.140,0,10,10,0.00,-0.0003,0.0000,-4.4052,1.5714,0.0000,-0.8000,0.7888,-66.9142
2026-05-07 19:54:58.640,0,10,10,0.00,-0.1635,0.1330,-4.3745,1.5541,0.0000,-0.6374,0.5471,-66.9142
2026-05-07 19:54:59.140,0,10,10,0.00,-0.3143,0.3075,-4.2709,1.4936,0.0000,-0.8000,0.7516,-68.4622
2026-05-07 19:54:59.640,0,10,10,0.00,-0.4705,0.4661,-4.0991,1.3921,0.0000,-0.8000,0.7619,-68.5744
2026-05-07 19:55:00.140,0,10,10,0.00,-0.6262,0.6269,-3.8599,1.2497,0.0000,-0.7809,0.7499,-68.3753
2026-05-07 19:55:00.640,0,10,10,0.00,-0.7184,0.7073,-3.5619,1.0704,0.0000,-0.6961,0.6628,-68.3226
2026-05-07 19:55:01.140,0,10,10,0.00,-0.6103,0.5863,-3.2861,0.9002,0.0000,-0.6022,0.5741,-68.8471
2026-05-07 19:55:01.640,0,10,10,0.00,-0.5299,0.5197,-3.0530,0.7503,0.0000,-0.5138,0.5121,-69.8575
2026-05-07 19:55:02.140,0,10,10,0.00,-0.4519,0.4673,-2.8494,0.6174,0.0000,-0.4464,0.4491,-69.9283
2026-05-07 19:55:02.640,0,10,10,0.00,-0.3978,0.3999,-2.6706,0.5028,0.0000,-0.3911,0.3894,-69.1538
2026-05-07 19:55:03.140,0,10,10,0.00,-0.3441,0.3496,-2.5161,0.4036,0.0000,-0.3364,0.3452,-69.5361
2026-05-07 19:55:03.640,0,10,10,0.00,-0.2995,0.3157,-2.3795,0.3170,0.0000,-0.2986,0.3014,-68.8342
2026-05-07 19:55:04.140,0,10,10,0.00,-0.3051,0.2941,-2.2525,0.2378,0.0000,-0.3029,0.2971,-68.0414
2026-05-07 19:55:04.640,0,10,10,0.00,-0.3007,0.2971,-2.1274,0.1584,0.0000,-0.2972,0.3028,-68.7526
2026-05-07 19:55:05.140,0,10,10,0.00,-0.3195,0.2930,-2.0002,0.0777,0.0000,-0.3471,0.2529,-68.9123
2026-05-07 19:55:05.640,0,9,10,0.00,-0.4057,0.2026,-1.8870,-0.0012,0.0000,-0.4112,0.1888,-70.8625
2026-05-07 19:55:06.140,0,10,10,0.00,-0.4321,0.1624,-1.7722,-0.1166,0.0000,-0.4323,0.1677,-82.5253
2026-05-07 19:55:06.645,0,10,10,0.00,-0.4393,0.1606,-1.6959,-0.2447,0.0000,-0.4391,0.1609,-97.0700
2026-05-07 19:55:07.140,0,10,10,0.00,-0.4410,0.1568,-1.6529,-0.3874,0.0000,-0.4414,0.1586,-111.6299
2026-05-07 19:55:07.640,0,10,10,0.00,-0.4368,0.1569,-1.6463,-0.5366,0.0000,-0.3851,0.2149,-126.3173
2026-05-07 19:55:08.140,0,10,10,0.00,-0.3831,0.2346,-1.6697,-0.6787,0.0000,-0.4004,0.1996,-139.5084
2026-05-07 19:55:08.640,0,10,10,0.00,-0.4279,0.1780,-1.7176,-0.8256,0.0000,-0.4287,0.1713,-146.9305
2026-05-07 19:55:09.140,0,9,10,0.00,-0.4368,0.1556,-1.7927,-0.9528,0.0000,-0.4380,0.1620,-160.1529
2026-05-07 19:55:09.640,0,10,10,0.00,-0.4100,0.1894,-1.8957,-1.0587,0.0000,-0.4075,0.1925,-174.8846
2026-05-07 19:55:10.140,0,10,10,0.00,-0.3863,0.2159,-2.0184,-1.1440,0.0000,-0.3867,0.2133,174.0426
2026-05-07 19:55:10.640,0,10,10,0.00,-0.3560,0.1990,-2.1525,-1.2098,0.0000,-0.0000,0.0000,165.4988
2026-05-07 19:55:11.140,0,10,10,0.00,-0.0350,-0.0004,-2.2121,-1.2311,0.0000,-0.0000,0.0000,158.8353
2026-05-07 19:55:11.640,0,10,10,0.00,0.0001,0.0000,-2.2123,-1.2312,0.0000,-0.0000,0.0000,157.0018
2026-05-07 19:55:12.140,0,10,10,0.00,0.0000,-0.0001,-2.2123,-1.2312,0.0000,-0.0000,0.0000,157.0018
2026-05-07 19:55:12.640,0,10,10,0.00,0.0000,0.0003,-2.2123,-1.2312,0.0000,-0.0000,0.0000,157.0018
2026-05-07 19:55:13.140,0,10,10,0.00,0.0001,-0.0003,-2.2123,-1.2312,0.0000,-0.0000,0.0000,157.0018
2026-05-07 19:55:13.640,0,10,10,0.00,0.0000,0.0000,-2.2123,-1.2312,0.0000,-0.0000,0.0000,157.0018
2026-05-07 19:55:14.140,0,10,10,0.00,0.0001,0.0000,-2.2123,-1.2312,0.0000,-0.0000,0.0000,157.0018
2026-05-07 19:55:14.640,0,10,10,0.00,0.0000,0.0000,-2.2123,-1.2312,0.0000,-0.0000,0.0000,157.0018
2026-05-07 19:55:15.140,0,10,10,0.00,-0.0001,0.0001,-2.2123,-1.2312,0.0000,-0.0000,0.0000,157.0018
2026-05-07 19:55:15.640,0,10,10,0.00,0.0000,-0.0001,-2.2123,-1.2312,0.0000,-0.0000,0.0000,157.0018
2026-05-07 19:55:16.140,0,10,10,0.00,0.0001,0.0000,-2.2123,-1.2312,0.0000,-0.0000,0.0000,157.0018
2026-05-07 19:55:16.640,0,10,10,0.00,0.0001,0.0000,-2.2123,-1.2312,0.0000,-0.0000,0.0000,157.0018
2026-05-07 19:55:17.140,0,10,10,0.00,0.0000,0.0000,-2.2123,-1.2312,0.0000,-0.0000,0.0000,157.0018
2026-05-07 19:55:17.640,0,10,10,0.00,-0.0001,0.0000,-2.2123,-1.2312,0.0000,-0.0000,0.0000,157.0018
2026-05-07 19:55:18.140,0,10,10,0.00,0.0000,-0.0001,-2.2123,-1.2312,0.0000,-0.0000,0.0000,157.0018
2026-05-07 19:55:18.640,0,10,10,0.00,0.0000,-0.0005,-2.2123,-1.2312,0.0000,-0.0000,0.0000,157.0018
2026-05-07 19:55:19.140,0,10,10,0.00,0.0000,-0.0001,-2.2123,-1.2312,0.0000,-0.0000,0.0000,157.0018
2026-05-07 19:55:19.640,0,10,10,0.00,0.0000,0.0003,-2.2123,-1.2312,0.0000,-0.0000,0.0000,157.0018
2026-05-07 19:55:20.140,0,10,10,0.00,0.0000,0.0000,-2.2123,-1.2312,0.0000,-0.0000,0.0000,157.0018
2026-05-07 19:55:20.640,0,10,10,0.00,0.0001,-0.0001,-2.2123,-1.2312,0.0000,-0.0000,0.0000,157.0018
2026-05-07 19:55:21.140,0,10,10,0.00,-0.0001,0.0000,-2.2123,-1.2312,0.0000,-0.0000,0.0000,157.0018
2026-05-07 19:55:21.640,0,10,10,0.00,0.0000,0.0000,-2.2123,-1.2312,0.0000,-0.0000,0.0000,157.0018
2026-05-07 19:55:22.140,0,10,10,0.00,0.0000,0.0000,-2.2123,-1.2312,0.0000,-0.0000,0.0000,157.0018
2026-05-07 19:55:22.640,0,10,10,0.00,0.0000,-0.0001,-2.2123,-1.2312,0.0000,-0.0000,0.0000,157.0018
2026-05-07 19:55:23.140,0,10,10,0.00,0.0003,0.0000,-2.2123,-1.2312,0.0000,-0.0000,0.0000,157.0018
2026-05-07 19:55:23.640,0,10,10,0.00,0.0000,0.0000,-2.2123,-1.2312,0.0000,-0.0000,0.0000,157.0018
2026-05-07 19:55:24.140,0,10,10,0.00,0.0000,0.0000,-2.2123,-1.2312,0.0000,-0.0000,0.0000,157.0018
2026-05-07 19:55:24.640,0,10,10,0.00,0.0001,0.0000,-2.2123,-1.2312,0.0000,-0.0000,0.0000,157.0018
2026-05-07 19:55:25.140,0,10,10,0.00,0.0001,0.0000,-2.2123,-1.2312,0.0000,-0.0000,0.0000,157.0018
2026-05-07 19:55:25.640,0,10,10,0.00,0.0001,-0.0001,-2.2123,-1.2312,0.0000,-0.0000,0.0000,157.0018
2026-05-07 19:55:26.140,0,10,10,0.00,-0.0001,0.0000,-2.2123,-1.2312,0.0000,-0.0000,0.0000,157.0018
2026-05-07 19:55:26.640,0,10,10,0.00,-0.0003,0.0000,-2.2123,-1.2312,0.0000,-0.0000,0.0000,157.0018
2026-05-07 19:55:27.140,0,10,10,0.00,0.0000,-0.0003,-2.2123,-1.2312,0.0000,-0.0000,0.0000,157.0018
2026-05-07 19:55:27.640,0,10,10,0.00,-0.0004,0.0001,-2.2123,-1.2312,0.0000,-0.0000,0.0000,157.0018
2026-05-07 19:55:28.140,0,10,10,0.00,-0.0004,0.0000,-2.2123,-1.2312,0.0000,-0.0000,0.0000,157.0018
2026-05-07 19:55:28.640,0,10,10,0.00,0.0003,-0.0001,-2.2123,-1.2312,0.0000,-0.0000,0.0000,157.0018
2026-05-07 19:55:29.140,0,10,10,0.00,0.0000,0.0003,-2.2123,-1.2312,0.0000,-0.0000,0.0000,157.0018
2026-05-07 19:55:29.640,0,10,10,0.00,0.0003,0.0000,-2.2123,-1.2312,0.0000,-0.0000,0.0000,157.0018
2026-05-07 19:55:30.140,0,10,10,0.00,0.0001,0.0000,-2.2123,-1.2312,0.0000,-0.0000,0.0000,157.0018
2026-05-07 19:55:30.640,0,10,10,0.00,-0.0004,0.0001,-2.2123,-1.2312,0.0000,-0.0000,0.0000,157.0018
2026-05-07 19:55:31.140,0,10,10,0.00,0.0000,0.0003,-2.2123,-1.2312,0.0000,-0.0000,0.0000,157.0018
2026-05-07 19:55:31.640,0,10,10,0.00,0.0001,0.0000,-2.2123,-1.2312,0.0000,-0.0000,0.0000,157.0018
2026-05-07 19:55:32.140,0,10,10,0.00,0.0001,0.0000,-2.2123,-1.2312,0.0000,-0.0000,0.0000,157.0018
2026-05-07 19:55:32.640,0,10,10,0.00,0.0000,0.0000,-2.2123,-1.2312,0.0000,-0.0000,0.0000,157.0018
2026-05-07 19:55:33.140,0,10,10,0.00,0.0000,0.0000,-2.2123,-1.2312,0.0000,-0.0000,0.0000,157.0018
2026-05-07 19:55:33.640,0,10,10,0.00,0.0000,0.0000,-2.2123,-1.2312,0.0000,-0.0000,0.0000,157.0018
2026-05-07 19:55:34.140,0,10,10,0.00,0.0000,-0.0001,-2.2123,-1.2312,0.0000,-0.0000,0.0000,157.0018
2026-05-07 19:55:34.640,0,10,10,0.00,-0.0001,0.0005,-2.2123,-1.2312,0.0000,-0.0000,0.0000,157.0018
2026-05-07 19:55:35.140,0,10,10,0.00,-0.0001,0.0000,-2.2123,-1.2312,0.0000,-0.0000,0.0000,157.0018
2026-05-07 19:55:35.640,0,10,10,0.00,-0.0001,0.0000,-2.2123,-1.2312,0.0000,-0.0000,0.0000,157.0018
2026-05-07 19:55:36.140,0,10,10,0.00,0.0003,-0.0001,-2.2123,-1.2312,0.0000,-0.0000,0.0000,157.0018
2026-05-07 19:55:36.640,0,10,10,0.00,0.0000,0.0000,-2.2123,-1.2312,0.0000,-0.0000,0.0000,157.0018
2026-05-07 19:55:37.140,0,10,10,0.00,0.0000,0.0000,-2.2123,-1.2312,0.0000,-0.0000,0.0000,157.0018
2026-05-07 19:55:37.640,0,10,10,0.00,-0.0003,0.0000,-2.2123,-1.2312,0.0000,-0.0000,0.0000,157.0018
2026-05-07 19:55:38.140,0,10,10,0.00,0.0000,0.0000,-2.2123,-1.2312,0.0000,-0.0000,0.0000,157.0018
2026-05-07 19:55:38.640,0,10,10,0.00,0.0001,0.0000,-2.2123,-1.2312,0.0000,-0.0000,0.0000,157.0018
2026-05-07 19:55:39.140,0,10,10,0.00,0.0001,0.0000,-2.2123,-1.2312,0.0000,-0.0000,0.0000,157.0018
2026-05-07 19:55:39.640,0,10,10,0.00,0.0001,-0.0003,-2.2123,-1.2312,0.0000,-0.0000,0.0000,157.0018
2026-05-07 19:55:40.140,0,10,10,0.00,0.0000,0.0003,-2.2123,-1.2312,0.0000,-0.0000,0.0000,157.0018
2026-05-07 19:55:40.640,0,10,10,0.00,-0.0004,0.0000,-2.2123,-1.2312,0.0000,-0.0000,0.0000,157.0018
2026-05-07 19:55:41.141,0,10,10,0.00,0.0000,0.0000,-2.2123,-1.2312,0.0000,-0.0000,0.0000,157.0018
2026-05-07 19:55:41.640,0,10,10,0.00,0.0007,-0.0003,-2.2123,-1.2312,0.0000,-0.0000,0.0000,157.0018
2026-05-07 19:55:42.140,0,10,10,0.00,0.0000,-0.0001,-2.2123,-1.2312,0.0000,-0.0000,0.0000,157.0018
2026-05-07 19:55:42.640,0,10,10,0.00,0.0000,0.0000,-2.2123,-1.2312,0.0000,-0.0000,0.0000,157.0018
2026-05-07 19:55:43.140,0,10,10,0.00,-0.0001,-0.0003,-2.2123,-1.2312,0.0000,-0.0000,0.0000,157.0018
2026-05-07 19:55:43.640,0,10,10,0.00,0.0000,0.0000,-2.2123,-1.2312,0.0000,-0.0000,0.0000,157.0018
2026-05-07 19:55:44.140,0,10,10,0.00,0.0001,0.0000,-2.2123,-1.2312,0.0000,-0.0000,0.0000,157.0018
2026-05-07 19:55:44.640,0,10,10,0.00,0.0000,-0.0003,-2.2123,-1.2312,0.0000,-0.0000,0.0000,157.0018
2026-05-07 19:55:45.140,0,10,10,0.00,0.0000,-0.0003,-2.2123,-1.2312,0.0000,-0.0000,0.0000,157.0018
2026-05-07 19:55:45.640,0,10,10,0.00,0.0000,0.0000,-2.2123,-1.2312,0.0000,-0.0000,0.0000,157.0018
2026-05-07 19:55:46.140,0,10,10,0.00,0.0001,0.0004,-2.2123,-1.2312,0.0000,-0.0000,0.0000,157.0018
2026-05-07 19:55:46.640,0,10,10,0.00,0.0003,0.0003,-2.2123,-1.2312,0.0000,-0.0000,0.0000,157.0018
2026-05-07 19:55:47.140,0,10,10,0.00,-0.0001,-0.0001,-2.2123,-1.2312,0.0000,-0.0000,0.0000,157.0018
2026-05-07 19:55:47.640,0,10,10,0.00,-0.0001,-0.0001,-2.2123,-1.2312,0.0000,-0.0000,0.0000,157.0018
2026-05-07 19:55:48.140,0,10,10,0.00,0.0000,0.0001,-2.2123,-1.2312,0.0000,-0.0000,0.0000,157.0018
2026-05-07 19:55:48.640,0,10,10,0.00,0.0001,0.0000,-2.2123,-1.2312,0.0000,-0.0000,0.0000,157.0018
2026-05-07 19:55:49.140,0,10,10,0.00,0.0000,-0.0001,-2.2123,-1.2312,0.0000,-0.0000,0.0000,157.0018
2026-05-07 19:55:49.640,0,10,10,0.00,0.0001,0.0000,-2.2123,-1.2312,0.0000,-0.0000,0.0000,157.0018
2026-05-07 19:55:50.140,0,10,10,0.00,0.0001,0.0000,-2.2123,-1.2312,0.0000,-0.0000,0.0000,157.0018
2026-05-07 19:55:50.640,0,10,10,0.00,-0.0001,0.0000,-2.2123,-1.2312,0.0000,-0.0000,0.0000,157.0018
2026-05-07 19:55:51.140,0,10,10,0.00,-0.0001,0.0001,-2.2123,-1.2312,0.0000,-0.0000,0.0000,157.0018
2026-05-07 19:55:51.640,0,10,10,0.00,0.0000,-0.0234,-2.2112,-1.2309,0.0000,-0.0000,0.0000,157.0018
2026-05-07 19:55:52.140,0,10,10,0.00,0.0000,-0.0003,-2.2077,-1.2299,0.0000,-0.0000,0.0000,155.7524
2026-05-07 19:55:52.640,0,10,10,0.00,-0.1153,-0.0904,-2.2107,-1.2306,0.0000,-0.0000,0.0000,155.7524
2026-05-07 19:55:53.140,0,10,10,0.00,-0.2665,-0.2668,-2.2116,-1.2308,0.0000,-0.0000,0.0000,139.6512
2026-05-07 19:55:53.640,0,10,10,0.00,-0.3587,-0.3714,-2.2112,-1.2313,0.0000,-0.0000,0.0000,108.3185
2026-05-07 19:55:54.140,0,10,10,0.00,-0.3534,-0.3570,-2.2100,-1.2330,0.0000,-0.0000,0.0000,70.6418
2026-05-07 19:55:54.640,0,10,10,0.00,-0.2973,-0.3160,-2.2102,-1.2340,0.0000,-0.0000,0.0000,32.1766
2026-05-07 19:55:55.140,0,10,10,0.00,0.0007,0.0004,-2.2132,-1.2393,0.0000,-0.0000,0.0000,7.0867
2026-05-07 19:55:55.640,0,10,10,0.00,0.0000,0.0001,-2.2130,-1.2390,0.0000,-0.0000,0.0000,7.5234
2026-05-07 19:55:56.140,0,10,10,0.00,-0.0001,0.0000,-2.2130,-1.2390,0.0000,-0.0000,0.0000,7.5234
2026-05-07 19:55:56.640,0,10,10,0.00,0.0000,0.0003,-2.2130,-1.2390,0.0000,-0.0000,0.0000,7.5234
2026-05-07 19:55:57.140,0,10,10,0.00,-0.0001,0.0001,-2.2130,-1.2390,0.0000,-0.0000,0.0000,7.5234
2026-05-07 19:55:57.640,0,10,10,0.00,0.0000,0.0005,-2.2130,-1.2390,0.0000,-0.0000,0.0000,7.5234
2026-05-07 19:55:58.140,0,10,10,0.00,0.0000,0.0000,-2.2130,-1.2390,0.0000,-0.0000,0.0000,7.5234
2026-05-07 19:55:58.640,0,10,10,0.00,0.0000,0.0000,-2.2130,-1.2390,0.0000,-0.0000,0.0000,7.5234
2026-05-07 19:55:59.140,0,10,10,0.00,0.0000,0.0000,-2.2130,-1.2390,0.0000,-0.0000,0.0000,7.5234
2026-05-07 19:55:59.640,0,10,10,0.00,0.0000,-0.0003,-2.2130,-1.2390,0.0000,-0.0000,0.0000,7.5234
2026-05-07 19:56:00.140,0,10,10,0.00,-0.0001,0.0001,-2.2130,-1.2390,0.0000,-0.0000,0.0000,7.5234
2026-05-07 19:56:00.640,0,10,10,0.00,0.0000,0.0000,-2.2130,-1.2390,0.0000,-0.0000,0.0000,7.5234
2026-05-07 19:56:01.141,0,10,10,0.00,0.0000,0.0000,-2.2130,-1.2390,0.0000,-0.0000,0.0000,7.5234
2026-05-07 19:56:01.640,0,10,10,0.00,0.0000,0.0000,-2.2130,-1.2390,0.0000,-0.0000,0.0000,7.5234
2026-05-07 19:56:02.140,0,10,10,0.00,0.0001,0.0000,-2.2130,-1.2390,0.0000,-0.0000,0.0000,7.5234
2026-05-07 19:56:02.640,0,10,10,0.00,0.0003,0.0000,-2.2130,-1.2390,0.0000,-0.0000,0.0000,7.5234
2026-05-07 19:56:03.140,0,10,10,0.00,-0.0001,0.0001,-2.2130,-1.2390,0.0000,-0.0000,0.0000,7.5234
2026-05-07 19:56:03.640,0,10,10,0.00,0.0000,-0.0001,-2.2130,-1.2390,0.0000,-0.0000,0.0000,7.5234
2026-05-07 19:56:04.140,0,10,10,0.00,0.0001,0.0000,-2.2130,-1.2390,0.0000,-0.0000,0.0000,7.5234
2026-05-07 19:56:04.640,0,10,10,0.00,0.0001,0.0000,-2.2130,-1.2390,0.0000,-0.0000,0.0000,7.5234
2026-05-07 19:56:05.140,0,10,10,0.00,0.0001,0.0003,-2.2130,-1.2390,0.0000,-0.0000,0.0000,7.5234
2026-05-07 19:56:05.640,0,10,10,0.00,0.0000,0.0000,-2.2130,-1.2390,0.0000,-0.0000,0.0000,7.5234
2026-05-07 19:56:06.140,0,10,10,0.00,0.0000,0.0001,-2.2130,-1.2390,0.0000,-0.0000,0.0000,7.5234
2026-05-07 19:56:06.640,0,10,10,0.00,0.0000,0.0000,-2.2130,-1.2390,0.0000,-0.0000,0.0000,7.5234
2026-05-07 19:56:07.140,0,10,10,0.00,0.0000,0.0000,-2.2130,-1.2390,0.0000,-0.0000,0.0000,7.5234
2026-05-07 19:56:07.640,0,10,10,0.00,0.0000,0.0000,-2.2130,-1.2390,0.0000,-0.0000,0.0000,7.5234
2026-05-07 19:56:08.140,0,10,10,0.00,0.0000,0.0000,-2.2130,-1.2390,0.0000,-0.0000,0.0000,7.5234
2026-05-07 19:56:08.640,0,10,10,0.00,0.0001,0.0000,-2.2130,-1.2390,0.0000,-0.0000,0.0000,7.5234
2026-05-07 19:56:09.140,0,10,10,0.00,0.0000,0.0000,-2.2130,-1.2390,0.0000,-0.0000,0.0000,7.5234
2026-05-07 19:56:09.640,0,10,10,0.00,0.0000,0.0000,-2.2130,-1.2390,0.0000,-0.0000,0.0000,7.5234
2026-05-07 19:56:10.140,0,10,10,0.00,0.0001,-0.0001,-2.2130,-1.2390,0.0000,-0.0000,0.0000,7.5234
2026-05-07 19:56:10.640,0,10,10,0.00,0.0000,0.0000,-2.2130,-1.2390,0.0000,-0.0000,0.0000,7.5087
2026-05-07 19:56:11.140,0,10,10,0.00,0.0000,0.0000,-2.2130,-1.2390,0.0000,-0.0000,0.0000,7.5087
2026-05-07 19:56:11.640,0,10,10,0.00,0.0003,0.0000,-2.2130,-1.2390,0.0000,-0.0000,0.0000,7.5087
2026-05-07 19:56:12.140,0,10,10,0.00,0.0000,-0.0001,-2.2130,-1.2390,0.0000,-0.0000,0.0000,7.5087
2026-05-07 19:56:12.640,0,10,10,0.00,0.0004,0.0001,-2.2130,-1.2390,0.0000,-0.0000,0.0000,7.5087
2026-05-07 19:56:13.140,0,10,10,0.00,-0.0001,0.0000,-2.2130,-1.2390,0.0000,-0.0000,0.0000,7.5087
2026-05-07 19:56:13.640,0,10,10,0.00,0.0000,-0.0001,-2.2130,-1.2390,0.0000,-0.0000,0.0000,7.5087
2026-05-07 19:56:14.140,0,10,10,0.00,0.0000,0.0000,-2.2130,-1.2390,0.0000,-0.0000,0.0000,7.5087
2026-05-07 19:56:14.640,0,10,10,0.00,0.0000,0.0000,-2.2130,-1.2390,0.0000,-0.0000,0.0000,7.5087
2026-05-07 19:56:15.140,0,10,10,0.00,0.0001,0.0000,-2.2130,-1.2390,0.0000,-0.0000,0.0000,7.5087
2026-05-07 19:56:15.640,0,10,10,0.00,0.0001,0.0000,-2.2130,-1.2390,0.0000,-0.0000,0.0000,7.5087
2026-05-07 19:56:16.140,0,10,10,0.00,0.0001,0.0001,-2.2130,-1.2390,0.0000,-0.0000,0.0000,7.5087
2026-05-07 19:56:16.640,0,10,10,0.00,-0.0003,0.0000,-2.2130,-1.2390,0.0000,-0.0000,0.0000,7.5087
2026-05-07 19:56:17.140,0,10,10,0.00,0.0000,0.0000,-2.2130,-1.2390,0.0000,-0.0000,0.0000,7.5087
2026-05-07 19:56:17.640,0,10,10,0.00,-0.0001,0.0000,-2.2130,-1.2390,0.0000,-0.0000,0.0000,7.5087
2026-05-07 19:56:18.140,0,10,10,0.00,0.0000,0.0000,-2.2130,-1.2390,0.0000,-0.0000,0.0000,7.5087
2026-05-07 19:56:18.640,0,10,10,0.00,0.0000,0.0000,-2.2130,-1.2390,0.0000,-0.0000,0.0000,7.5087
2026-05-07 19:56:19.140,0,10,10,0.00,0.0000,0.0000,-2.2130,-1.2390,0.0000,-0.0000,0.0000,7.5087
2026-05-07 19:56:19.640,0,10,10,0.00,0.0000,-0.0001,-2.2130,-1.2390,0.0000,-0.0000,0.0000,7.5087
2026-05-07 19:56:20.140,0,10,10,0.00,0.0000,-0.0004,-2.2130,-1.2390,0.0000,-0.0000,0.0000,7.5087
2026-05-07 19:56:20.640,0,10,10,0.00,-0.0003,-0.0001,-2.2130,-1.2390,0.0000,-0.0000,0.0000,7.5087
2026-05-07 19:56:21.140,0,10,10,0.00,0.0000,0.0000,-2.2130,-1.2390,0.0000,-0.0000,0.0000,7.5087
2026-05-07 19:56:21.640,0,10,10,0.00,0.0001,0.0001,-2.2130,-1.2390,0.0000,-0.0000,0.0000,7.5087
2026-05-07 19:56:22.140,0,10,10,0.00,0.0000,0.0000,-2.2130,-1.2390,0.0000,-0.0000,0.0000,7.5087
2026-05-07 19:56:22.640,0,10,10,0.00,0.0000,0.0000,-2.2130,-1.2390,0.0000,-0.0000,0.0000,7.5087
2026-05-07 19:56:23.140,0,10,10,0.00,-0.0001,0.0000,-2.2130,-1.2390,0.0000,-0.0000,0.0000,7.5087
2026-05-07 19:56:23.640,0,10,10,0.00,0.0001,-0.0003,-2.2130,-1.2390,0.0000,-0.0000,0.0000,7.5087
2026-05-07 19:56:24.140,0,10,10,0.00,0.0000,0.0000,-2.2130,-1.2390,0.0000,-0.0000,0.0000,7.5087
2026-05-07 19:56:24.640,0,10,10,0.00,0.0000,0.0000,-2.2130,-1.2390,0.0000,-0.0000,0.0000,7.5087
2026-05-07 19:56:25.140,0,10,10,0.00,0.0001,-0.0001,-2.2130,-1.2390,0.0000,-0.0000,0.0000,7.5087
2026-05-07 19:56:25.640,0,10,10,0.00,0.0001,0.0000,-2.2130,-1.2390,0.0000,-0.0000,0.0000,7.5087
2026-05-07 19:56:26.140,0,10,10,0.00,0.0000,0.0003,-2.2130,-1.2390,0.0000,-0.0000,0.0000,7.5087
2026-05-07 19:56:26.640,0,10,10,0.00,0.0000,0.0000,-2.2130,-1.2390,0.0000,-0.0000,0.0000,7.5087
2026-05-07 19:56:27.140,0,10,10,0.00,0.0005,0.0000,-2.2130,-1.2390,0.0000,-0.0000,0.0000,7.5087
2026-05-07 19:56:27.640,0,10,10,0.00,0.0001,0.0003,-2.2130,-1.2390,0.0000,-0.0000,0.0000,7.5087
2026-05-07 19:56:28.140,0,10,10,0.00,0.0003,-0.0004,-2.2130,-1.2390,0.0000,-0.0000,0.0000,7.5087
2026-05-07 19:56:28.640,0,10,10,0.00,0.0000,0.0001,-2.2130,-1.2390,0.0000,-0.0000,0.0000,7.5087
2026-05-07 19:56:29.140,0,10,10,0.00,0.0000,-0.0003,-2.2130,-1.2390,0.0000,-0.0000,0.0000,7.5087
2026-05-07 19:56:29.640,0,10,10,0.00,0.0000,0.0000,-2.2130,-1.2390,0.0000,-0.0000,0.0000,7.5087
2026-05-07 19:56:30.140,0,10,10,0.00,0.0000,0.0000,-2.2130,-1.2390,0.0000,-0.0000,0.0000,7.5087
2026-05-07 19:56:30.640,0,10,10,0.00,0.0000,0.0001,-2.2130,-1.2390,0.0000,-0.0000,0.0000,7.5087
2026-05-07 19:56:31.140,0,10,10,0.00,0.0000,0.0000,-2.2130,-1.2390,0.0000,-0.0000,0.0000,7.5087
2026-05-07 19:56:31.640,0,10,10,0.00,0.0001,0.0001,-2.2130,-1.2390,0.0000,-0.0000,0.0000,7.5087
2026-05-07 19:56:32.140,0,10,10,0.00,0.0001,-0.0001,-2.2130,-1.2390,0.0000,-0.0000,0.0000,7.5087
2026-05-07 19:56:32.640,0,10,10,0.00,0.0003,0.0000,-2.2130,-1.2390,0.0000,-0.0000,0.0000,7.5087
2026-05-07 19:56:33.140,0,10,10,0.00,0.0001,0.0000,-2.2130,-1.2390,0.0000,-0.0000,0.0000,7.5087
2026-05-07 19:56:33.640,0,10,10,0.00,0.0000,0.0003,-2.2130,-1.2390,0.0000,-0.0000,0.0000,7.5087
2026-05-07 19:56:34.140,0,10,10,0.00,0.0000,0.0000,-2.2130,-1.2390,0.0000,-0.0000,0.0000,7.5087
2026-05-07 19:56:34.640,0,10,10,0.00,0.0003,0.0000,-2.2130,-1.2390,0.0000,-0.0000,0.0000,7.5087
2026-05-07 19:56:35.140,0,10,10,0.00,0.0000,0.0001,-2.2130,-1.2390,0.0000,-0.0000,0.0000,7.5087
2026-05-07 19:56:35.640,0,10,10,0.00,-0.0001,0.0000,-2.2130,-1.2390,0.0000,-0.0000,0.0000,7.5087
2026-05-07 19:56:36.140,0,10,10,0.00,0.0001,0.0003,-2.2130,-1.2390,0.0000,-0.0000,0.0000,7.5087
2026-05-07 19:56:36.640,0,10,10,0.00,0.0003,0.0001,-2.2130,-1.2390,0.0000,-0.0000,0.0000,7.5087
2026-05-07 19:56:37.140,0,10,10,0.00,0.0000,0.0001,-2.2130,-1.2390,0.0000,-0.0000,0.0000,7.5087
2026-05-07 19:56:37.640,0,10,10,0.00,-0.0003,0.0001,-2.2130,-1.2390,0.0000,-0.0000,0.0000,7.5087
2026-05-07 19:56:38.140,0,10,10,0.00,0.0000,0.0000,-2.2130,-1.2390,0.0000,-0.0000,0.0000,7.5087
2026-05-07 19:56:38.640,0,10,10,0.00,0.0003,0.0000,-2.2130,-1.2390,0.0000,-0.0000,0.0000,7.5087
2026-05-07 19:56:39.140,0,10,10,0.00,0.0001,0.0000,-2.2130,-1.2390,0.0000,-0.0000,0.0000,7.5087
2026-05-07 19:56:39.640,0,10,10,0.00,0.0000,0.0000,-2.2130,-1.2390,0.0000,-0.0000,0.0000,7.5087
2026-05-07 19:56:40.140,0,10,10,0.00,0.0001,0.0004,-2.2130,-1.2390,0.0000,-0.0000,0.0000,7.5087
2026-05-07 19:56:40.640,0,10,10,0.00,0.0000,0.0001,-2.2130,-1.2390,0.0000,-0.0000,0.0000,7.5087
2026-05-07 19:56:41.140,0,10,10,0.00,-0.0001,-0.0001,-2.2130,-1.2390,0.0000,-0.0000,0.0000,7.5087
2026-05-07 19:56:41.640,0,10,10,0.00,0.0003,-0.0001,-2.2130,-1.2390,0.0000,-0.0000,0.0000,7.5087
2026-05-07 19:56:42.140,0,10,10,0.00,-0.0003,0.0000,-2.2130,-1.2390,0.0000,-0.0000,0.0000,7.5087
2026-05-07 19:56:42.640,0,10,10,0.00,-0.0001,0.0000,-2.2130,-1.2390,0.0000,-0.0000,0.0000,7.5087
2026-05-07 19:56:43.140,0,10,10,0.00,-0.0001,0.0000,-2.2130,-1.2390,0.0000,-0.0000,0.0000,7.5087
2026-05-07 19:56:43.640,0,10,10,0.00,0.0003,-0.0001,-2.2130,-1.2390,0.0000,-0.0000,0.0000,7.5087
2026-05-07 19:56:44.140,0,10,10,0.00,0.0000,0.0000,-2.2130,-1.2390,0.0000,-0.0000,0.0000,7.5087
2026-05-07 19:56:44.640,0,10,10,0.00,0.0000,0.0000,-2.2130,-1.2390,0.0000,-0.0000,0.0000,7.5087
2026-05-07 19:56:45.140,0,10,10,0.00,-0.0001,0.0000,-2.2130,-1.2390,0.0000,-0.0000,0.0000,7.5087
2026-05-07 19:56:45.640,0,10,10,0.00,0.0000,0.0000,-2.2130,-1.2390,0.0000,-0.0000,0.0000,7.5087
2026-05-07 19:56:46.140,0,10,10,0.00,0.0003,0.0000,-2.2130,-1.2390,0.0000,-0.0000,0.0000,7.5087
2026-05-07 19:56:46.640,0,10,10,0.00,-0.0001,0.0001,-2.2130,-1.2390,0.0000,-0.0000,0.0000,7.5087
2026-05-07 19:56:47.140,0,10,10,0.00,0.0000,-0.0001,-2.2130,-1.2390,0.0000,-0.0000,0.0000,7.5087
2026-05-07 19:56:47.640,0,10,10,0.00,0.0001,-0.0001,-2.2130,-1.2390,0.0000,-0.0000,0.0000,7.5087
2026-05-07 19:56:48.140,0,10,10,0.00,0.0001,0.0000,-2.2130,-1.2390,0.0000,-0.0000,0.0000,7.5087
2026-05-07 19:56:48.640,0,10,10,0.00,0.0000,0.0000,-2.2130,-1.2390,0.0000,-0.0000,0.0000,7.5087
2026-05-07 19:56:49.140,0,10,10,0.00,0.0000,0.0000,-2.2130,-1.2390,0.0000,-0.0000,0.0000,7.5087
2026-05-07 19:56:49.640,0,10,10,0.00,-0.0001,0.0000,-2.2130,-1.2390,0.0000,-0.0000,0.0000,7.5087
2026-05-07 19:56:50.140,0,10,10,0.00,0.0003,-0.0001,-2.2130,-1.2390,0.0000,-0.0000,0.0000,7.5087
2026-05-07 19:56:50.640,0,10,10,0.00,0.0003,0.0000,-2.2130,-1.2390,0.0000,-0.0000,0.0000,7.5087
2026-05-07 19:56:51.140,0,10,10,0.00,0.0000,0.0000,-2.2130,-1.2390,0.0000,-0.0000,0.0000,7.5087
2026-05-07 19:56:51.640,0,10,10,0.00,0.0001,0.0000,-2.2130,-1.2390,0.0000,-0.0000,0.0000,7.5087
2026-05-07 19:56:52.140,0,10,10,0.00,-0.0001,0.0001,-2.2130,-1.2390,0.0000,-0.0000,0.0000,7.5087
2026-05-07 19:56:52.640,0,10,10,0.00,0.0000,0.0000,-2.2130,-1.2390,0.0000,-0.0000,0.0000,7.5087
2026-05-07 19:56:53.140,0,10,10,0.00,0.0003,0.0000,-2.2130,-1.2390,0.0000,-0.0000,0.0000,7.5087
2026-05-07 19:56:53.640,0,10,10,0.00,0.0001,0.0000,-2.2130,-1.2390,0.0000,-0.0000,0.0000,7.5087
2026-05-07 19:56:54.140,0,10,10,0.00,0.0000,0.0000,-2.2130,-1.2390,0.0000,-0.0000,0.0000,7.5087
2026-05-07 19:56:54.640,0,10,10,0.00,-0.0001,0.0000,-2.2130,-1.2390,0.0000,-0.0000,0.0000,7.5087
2026-05-07 19:56:55.140,0,10,10,0.00,-0.0003,0.0000,-2.2130,-1.2390,0.0000,-0.0000,0.0000,7.5087
2026-05-07 19:56:55.640,0,10,10,0.00,0.0000,0.0000,-2.2130,-1.2390,0.0000,-0.0000,0.0000,7.5087
2026-05-07 19:56:56.140,0,10,10,0.00,0.0000,0.0000,-2.2130,-1.2390,0.0000,-0.0000,0.0000,7.5087
2026-05-07 19:56:56.640,0,10,10,0.00,-0.0001,0.0001,-2.2130,-1.2390,0.0000,-0.0000,0.0000,7.5087
2026-05-07 19:56:57.140,0,10,10,0.00,0.0000,-0.0001,-2.2130,-1.2390,0.0000,-0.0000,0.0000,7.5087
2026-05-07 19:56:57.642,0,10,10,0.00,0.0000,0.0000,-2.2130,-1.2390,0.0000,-0.0000,0.0000,7.5087
2026-05-07 19:56:58.140,0,10,10,0.00,0.0000,0.0001,-2.2130,-1.2390,0.0000,-0.0000,0.0000,7.5087
2026-05-07 19:56:58.640,0,10,10,0.00,0.0000,0.0001,-2.2130,-1.2390,0.0000,-0.0000,0.0000,7.5087
2026-05-07 19:56:59.140,0,10,10,0.00,0.0000,-0.0001,-2.2130,-1.2390,0.0000,-0.0000,0.0000,7.5087
2026-05-07 19:56:59.640,0,10,10,0.00,-0.0001,0.0000,-2.2130,-1.2390,0.0000,-0.0000,0.0000,7.5087
2026-05-07 19:57:00.140,0,10,10,0.00,0.0001,0.0000,-2.2130,-1.2390,0.0000,-0.0000,0.0000,7.5087
2026-05-07 19:57:00.640,0,10,10,0.00,0.0001,0.0000,-2.2130,-1.2390,0.0000,-0.0000,0.0000,7.5087
2026-05-07 19:57:01.140,0,10,10,0.00,-0.0001,0.0001,-2.2130,-1.2390,0.0000,-0.0000,0.0000,7.5087
2026-05-07 19:57:01.640,0,10,10,0.00,0.0000,0.0003,-2.2130,-1.2390,0.0000,-0.0000,0.0000,7.5087
2026-05-07 19:57:02.140,0,10,10,0.00,0.0000,0.0000,-2.2130,-1.2390,0.0000,-0.0000,0.0000,7.5087
2026-05-07 19:57:02.640,0,10,10,0.00,0.0000,0.0001,-2.2130,-1.2390,0.0000,-0.0000,0.0000,7.5087
2026-05-07 19:57:03.140,0,10,10,0.00,0.0000,0.0001,-2.2130,-1.2390,0.0000,-0.0000,0.0000,7.5087
2026-05-07 19:57:03.640,0,10,10,0.00,0.0003,-0.0001,-2.2130,-1.2390,0.0000,-0.0000,0.0000,7.5087
2026-05-07 19:57:04.140,0,10,10,0.00,0.0000,0.0001,-2.2130,-1.2390,0.0000,-0.0000,0.0000,7.5087
2026-05-07 19:57:04.640,0,10,10,0.00,0.0000,0.0000,-2.2130,-1.2390,0.0000,-0.0000,0.0000,7.5087
2026-05-07 19:57:05.140,0,10,10,0.00,0.0001,-0.0003,-2.2130,-1.2390,0.0000,-0.0000,0.0000,7.5087
2026-05-07 19:57:05.640,0,10,10,0.00,0.0000,-0.0001,-2.2130,-1.2390,0.0000,-0.0000,0.0000,7.5087
2026-05-07 19:57:06.140,0,10,10,0.00,0.0000,0.0000,-2.2130,-1.2390,0.0000,-0.0000,0.0000,7.5087
2026-05-07 19:57:06.640,0,10,10,0.00,0.0000,0.0000,-2.2130,-1.2390,0.0000,-0.0000,0.0000,7.5087
2026-05-07 19:57:07.140,0,10,10,0.00,0.0000,0.0001,-2.2130,-1.2390,0.0000,-0.0000,0.0000,7.5087
2026-05-07 19:57:07.640,0,10,10,0.00,0.0000,0.0000,-2.2130,-1.2390,0.0000,-0.0000,0.0000,7.5087
2026-05-07 19:57:08.140,0,10,10,0.00,0.0000,0.0000,-2.2130,-1.2390,0.0000,-0.0000,0.0000,7.5087
2026-05-07 19:57:08.640,0,10,10,0.00,-0.0001,-0.0001,-2.2130,-1.2390,0.0000,-0.0000,0.0000,7.5087
2026-05-07 19:57:09.140,0,10,10,0.00,0.0000,0.0000,-2.2130,-1.2390,0.0000,-0.0000,0.0000,7.5087
2026-05-07 19:57:09.640,0,10,10,0.00,0.0001,0.0000,-2.2130,-1.2390,0.0000,-0.0000,0.0000,7.5087
2026-05-07 19:57:10.140,0,10,10,0.00,0.0000,-0.0001,-2.2130,-1.2390,0.0000,-0.0000,0.0000,7.5087
2026-05-07 19:57:10.640,0,10,10,0.00,0.0000,0.0000,-2.2130,-1.2390,0.0000,-0.0000,0.0000,7.5087
2026-05-07 19:57:11.140,0,10,10,0.00,0.0000,0.0000,-2.2130,-1.2390,0.0000,-0.0000,0.0000,7.5087
2026-05-07 19:57:11.640,0,10,10,0.00,0.0000,0.0000,-2.2130,-1.2390,0.0000,-0.0000,0.0000,7.5087
2026-05-07 19:57:12.140,0,10,10,0.00,0.0000,0.0000,-2.2130,-1.2390,0.0000,-0.0000,0.0000,7.5087
2026-05-07 19:57:12.640,0,10,10,0.00,0.0000,0.0000,-2.2130,-1.2390,0.0000,-0.0000,0.0000,7.5087
2026-05-07 19:57:13.140,0,10,10,0.00,-0.0001,-0.0003,-2.2130,-1.2390,0.0000,-0.0000,0.0000,7.5087
2026-05-07 19:57:13.640,0,10,10,0.00,0.0001,-0.0001,-2.2130,-1.2390,0.0000,-0.0000,0.0000,7.5087
2026-05-07 19:57:14.140,0,10,10,0.00,0.0000,0.0000,-2.2130,-1.2390,0.0000,-0.0000,0.0000,7.5087
2026-05-07 19:57:14.640,0,10,10,0.00,-0.0001,-0.0003,-2.2130,-1.2390,0.0000,-0.0000,0.0000,7.5087
2026-05-07 19:57:15.140,0,10,10,0.00,0.0000,0.0000,-2.2130,-1.2390,0.0000,-0.0000,0.0000,7.5087
2026-05-07 19:57:15.640,0,10,10,0.00,0.0000,0.0001,-2.2130,-1.2390,0.0000,-0.0000,0.0000,7.5087
2026-05-07 19:57:16.140,0,10,10,0.00,0.0000,0.0001,-2.2130,-1.2390,0.0000,-0.0000,0.0000,7.5087
2026-05-07 19:57:16.640,0,10,10,0.00,-0.0001,0.0000,-2.2130,-1.2390,0.0000,-0.0000,0.0000,7.5087
2026-05-07 19:57:17.140,0,10,10,0.00,0.0000,0.0000,-2.2130,-1.2390,0.0000,-0.0000,0.0000,7.5087
2026-05-07 19:57:17.640,0,10,10,0.00,0.0000,0.0000,-2.2130,-1.2390,0.0000,-0.0000,0.0000,7.5087
2026-05-07 19:57:18.140,0,10,10,0.00,0.0005,-0.0001,-2.2130,-1.2390,0.0000,-0.0000,0.0000,7.5087
2026-05-07 19:57:18.640,0,10,10,0.00,0.0000,0.0000,-2.2130,-1.2390,0.0000,-0.0000,0.0000,7.5087
2026-05-07 19:57:19.140,0,10,10,0.00,-0.0001,0.0000,-2.2130,-1.2390,0.0000,-0.0000,0.0000,7.5087
2026-05-07 19:57:19.640,0,10,10,0.00,-0.0001,0.0000,-2.2130,-1.2390,0.0000,-0.0000,0.0000,7.5087
2026-05-07 19:57:20.140,0,10,10,0.00,0.0000,0.0000,-2.2130,-1.2390,0.0000,-0.0000,0.0000,7.5087
2026-05-07 19:57:20.640,0,10,10,0.00,-0.0001,-0.0001,-2.2130,-1.2390,0.0000,-0.0000,0.0000,7.5087
2026-05-07 19:57:21.140,0,10,10,0.00,0.0008,0.0000,-2.2130,-1.2390,0.0000,-0.0000,0.0000,7.5087
2026-05-07 19:57:21.640,0,10,10,0.00,0.0000,-0.0001,-2.2130,-1.2390,0.0000,-0.0000,0.0000,7.5087
2026-05-07 19:57:22.140,0,10,10,0.00,0.0001,0.0000,-2.2130,-1.2390,0.0000,-0.0000,0.0000,7.5087
2026-05-07 19:57:22.640,0,10,10,0.00,-0.0001,0.0000,-2.2130,-1.2390,0.0000,-0.0000,0.0000,7.5087
2026-05-07 19:57:23.140,0,10,10,0.00,0.0001,0.0000,-2.2130,-1.2390,0.0000,-0.0000,0.0000,7.5087
2026-05-07 19:57:23.640,0,10,10,0.00,-0.0001,0.0000,-2.2130,-1.2390,0.0000,-0.0000,0.0000,7.5087
2026-05-07 19:57:24.140,0,10,10,0.00,0.0001,0.0000,-2.2130,-1.2390,0.0000,-0.0000,0.0000,7.5087
2026-05-07 19:57:24.640,0,10,10,0.00,0.0003,0.0001,-2.2130,-1.2390,0.0000,-0.0000,0.0000,7.5087
2026-05-07 19:57:25.140,0,10,10,0.00,0.0000,-0.0001,-2.2130,-1.2390,0.0000,-0.0000,0.0000,7.5087
2026-05-07 19:57:25.640,0,10,10,0.00,0.0000,0.0000,-2.2130,-1.2390,0.0000,-0.0000,0.0000,7.5087
2026-05-07 19:57:26.140,0,10,10,0.00,0.0000,0.0001,-2.2130,-1.2390,0.0000,-0.0000,0.0000,7.5087
2026-05-07 19:57:26.640,0,10,10,0.00,0.0000,0.0001,-2.2130,-1.2390,0.0000,-0.0000,0.0000,7.5087
2026-05-07 19:57:27.140,0,10,10,0.00,-0.0001,0.0000,-2.2130,-1.2390,0.0000,-0.0000,0.0000,7.5087
2026-05-07 19:57:27.640,0,10,10,0.00,0.0000,0.0000,-2.2130,-1.2390,0.0000,-0.0000,0.0000,7.5087
2026-05-07 19:57:28.140,0,10,10,0.00,0.0000,0.0000,-2.2130,-1.2390,0.0000,-0.0000,0.0000,7.5087
2026-05-07 19:57:28.640,0,10,10,0.00,0.0000,0.0000,-2.2130,-1.2390,0.0000,-0.0000,0.0000,7.5087
2026-05-07 19:57:29.140,0,10,10,0.00,0.0000,0.0000,-2.2130,-1.2390,0.0000,-0.0000,0.0000,7.5087
2026-05-07 19:57:29.640,0,10,10,0.00,0.0000,-0.0001,-2.2130,-1.2390,0.0000,-0.0000,0.0000,7.5087
2026-05-07 19:57:30.140,0,10,10,0.00,0.0000,0.0000,-2.2130,-1.2390,0.0000,-0.0000,0.0000,7.5087
2026-05-07 19:57:30.640,0,10,10,0.00,0.0000,-0.0003,-2.2130,-1.2390,0.0000,-0.0000,0.0000,7.5087
2026-05-07 19:57:31.140,0,10,10,0.00,0.0001,0.0000,-2.2130,-1.2390,0.0000,-0.0000,0.0000,7.5087
2026-05-07 19:57:31.640,0,10,10,0.00,-0.0001,-0.0001,-2.2130,-1.2390,0.0000,-0.0000,0.0000,7.5087
2026-05-07 19:57:32.140,0,10,10,0.00,-0.0001,0.0000,-2.2130,-1.2390,0.0000,-0.0000,0.0000,7.5087
2026-05-07 19:57:32.640,0,10,10,0.00,0.0000,0.0000,-2.2130,-1.2390,0.0000,-0.0000,0.0000,7.5087
2026-05-07 19:57:33.140,0,10,10,0.00,0.0000,0.0000,-2.2130,-1.2390,0.0000,-0.0000,0.0000,7.5087
2026-05-07 19:57:33.640,0,10,10,0.00,0.0000,0.0000,-2.2130,-1.2390,0.0000,-0.0000,0.0000,7.5087
2026-05-07 19:57:34.140,0,10,10,0.00,0.0003,0.0000,-2.2130,-1.2390,0.0000,-0.0000,0.0000,7.5087
2026-05-07 19:57:34.640,0,10,10,0.00,-0.0001,-0.0001,-2.2130,-1.2390,0.0000,-0.0000,0.0000,7.5087
2026-05-07 19:57:35.140,0,10,10,0.00,-0.0001,0.0000,-2.2130,-1.2390,0.0000,-0.0000,0.0000,7.5087
2026-05-07 19:57:35.640,0,10,10,0.00,0.0001,0.0000,-2.2130,-1.2390,0.0000,-0.0000,0.0000,7.5087
2026-05-07 19:57:36.140,0,10,10,0.00,0.0001,0.0000,-2.2130,-1.2390,0.0000,-0.0000,0.0000,7.5087
2026-05-07 19:57:36.640,0,10,10,0.00,-0.0001,0.0000,-2.2130,-1.2390,0.0000,-0.0000,0.0000,7.5087
2026-05-07 19:57:37.141,0,10,10,0.00,0.0003,-0.0001,-2.2130,-1.2390,0.0000,-0.0000,0.0000,7.5087
2026-05-07 19:57:37.640,0,10,10,0.00,0.0007,0.0000,-2.2130,-1.2390,0.0000,-0.0000,0.0000,7.5087
2026-05-07 19:57:38.140,0,10,10,0.00,0.0000,0.0000,-2.2130,-1.2390,0.0000,-0.0000,0.0000,7.5087
2026-05-07 19:57:38.640,0,10,10,0.00,-0.0003,0.0000,-2.2130,-1.2390,0.0000,-0.0000,0.0000,7.5087
2026-05-07 19:57:39.140,0,10,10,0.00,-0.0003,0.0001,-2.2130,-1.2390,0.0000,-0.0000,0.0000,7.5087
2026-05-07 19:57:39.640,0,10,10,0.00,0.0000,0.0000,-2.2130,-1.2390,0.0000,-0.0000,0.0000,7.5087
2026-05-07 19:57:40.140,0,10,10,0.00,0.0000,0.0000,-2.2130,-1.2390,0.0000,-0.0000,0.0000,7.5087
2026-05-07 19:57:40.640,0,10,10,0.00,0.0000,0.0003,-2.2130,-1.2390,0.0000,-0.0000,0.0000,7.5087
2026-05-07 19:57:41.140,0,10,10,0.00,0.0005,-0.0001,-2.2130,-1.2390,0.0000,-0.0000,0.0000,7.5087
2026-05-07 19:57:41.640,0,10,10,0.00,0.0000,0.0000,-2.2130,-1.2390,0.0000,-0.0000,0.0000,7.5087
2026-05-07 19:57:42.140,0,10,10,0.00,0.0001,0.0000,-2.2130,-1.2390,0.0000,-0.0000,0.0000,7.5087
2026-05-07 19:57:42.640,0,10,10,0.00,-0.0001,-0.0003,-2.2130,-1.2390,0.0000,-0.0000,0.0000,7.5087
2026-05-07 19:57:43.140,0,10,10,0.00,0.0000,0.0000,-2.2130,-1.2390,0.0000,-0.0000,0.0000,7.7839
2026-05-07 19:57:43.640,0,10,10,0.00,0.0000,0.0000,-2.2130,-1.2390,0.0000,-0.0000,0.0000,7.7839
2026-05-07 19:57:44.140,0,10,10,0.00,0.0000,0.0000,-2.2130,-1.2390,0.0000,-0.0000,0.0000,7.7839
2026-05-07 19:57:44.640,0,10,10,0.00,0.0000,-0.0001,-2.2130,-1.2390,0.0000,-0.0000,0.0000,7.7839
2026-05-07 19:57:45.140,0,10,10,0.00,0.0000,0.0001,-2.2130,-1.2390,0.0000,-0.0000,0.0000,7.7839
2026-05-07 19:57:45.640,0,10,10,0.00,0.0000,0.0000,-2.2130,-1.2390,0.0000,-0.0000,0.0000,7.7839
2026-05-07 19:57:46.140,0,10,10,0.00,0.0000,0.0000,-2.2130,-1.2390,0.0000,-0.0000,0.0000,7.7839
2026-05-07 19:57:46.640,0,10,10,0.00,0.0000,0.0001,-2.2130,-1.2390,0.0000,-0.0000,0.0000,7.7839
2026-05-07 19:57:47.140,0,10,10,0.00,0.0000,0.0000,-2.2130,-1.2390,0.0000,-0.0000,0.0000,7.7839
2026-05-07 19:57:47.640,0,10,10,0.00,0.0000,0.0000,-2.2130,-1.2390,0.0000,-0.0000,0.0000,7.7839
2026-05-07 19:57:48.140,0,10,10,0.00,0.0000,0.0000,-2.2130,-1.2390,0.0000,-0.0000,0.0000,7.7839
2026-05-07 19:57:48.640,0,10,10,0.00,0.0000,0.0000,-2.2130,-1.2390,0.0000,-0.0000,0.0000,7.7839
2026-05-07 19:57:49.140,0,10,10,0.00,0.0000,0.0000,-2.2130,-1.2390,0.0000,-0.0000,0.0000,7.7839
2026-05-07 19:57:49.640,0,10,10,0.00,-0.0003,-0.0001,-2.2130,-1.2390,0.0000,-0.0000,0.0000,7.7839
2026-05-07 19:57:50.140,0,10,10,0.00,-0.0003,0.0000,-2.2130,-1.2390,0.0000,-0.0000,0.0000,7.7839
2026-05-07 19:57:50.640,0,10,10,0.00,0.0000,-0.0001,-2.2130,-1.2390,0.0000,-0.0000,0.0000,7.7839
2026-05-07 19:57:51.140,0,10,10,0.00,0.0001,0.0000,-2.2130,-1.2390,0.0000,-0.0000,0.0000,7.7839
2026-05-07 19:57:51.640,0,10,10,0.00,-0.0245,0.0111,-2.2124,-1.2382,0.0000,-0.0000,0.0000,7.7839
2026-05-07 19:57:52.140,0,10,10,0.00,-0.0707,0.1100,-2.1880,-1.2053,0.0000,-0.0000,0.0000,6.9625
2026-05-07 19:57:52.640,0,10,10,0.00,-0.0957,0.1470,-2.1704,-1.1800,0.0000,-0.0000,0.0000,8.4005
2026-05-07 19:57:53.140,0,10,10,0.00,-0.2525,0.3160,-2.1137,-1.0900,0.0000,-0.0000,0.0000,12.8961
2026-05-07 19:57:53.640,0,10,10,0.00,-0.3180,0.3396,-2.0291,-0.9416,0.0000,-0.0000,0.0000,16.4090
2026-05-07 19:57:54.140,0,10,10,0.00,0.0000,0.0017,-1.9914,-0.8725,0.0000,-0.0000,0.0000,18.1299
2026-05-07 19:57:54.640,0,10,10,0.00,0.0042,-0.0198,-1.9958,-0.8806,0.0000,-0.0000,0.0000,18.1299
2026-05-07 19:57:55.140,0,10,10,0.00,0.0000,-0.0768,-2.0006,-0.8888,0.0000,-0.0000,0.0000,18.1299
2026-05-07 19:57:55.640,0,9,10,0.00,-0.0003,-0.0212,-2.0047,-0.8953,0.0000,-0.0000,0.0000,14.9683
2026-05-07 19:57:56.140,0,9,10,0.00,0.0000,-0.0776,-2.0096,-0.9026,0.0000,-0.0000,0.0000,13.5710
2026-05-07 19:57:56.640,0,10,10,0.00,0.0001,-0.0110,-2.0145,-0.9095,0.0000,-0.0000,0.0000,10.6636
2026-05-07 19:57:57.140,0,10,10,0.00,-0.0809,0.0458,-2.0099,-0.9033,0.0000,-0.0000,0.0000,10.6636
2026-05-07 19:57:57.640,0,10,10,0.00,-0.2445,0.2406,-1.9621,-0.8442,0.0000,-0.0000,0.0000,6.2339
2026-05-07 19:57:58.140,0,10,10,0.00,-0.1075,0.1639,-1.8867,-0.7523,0.0000,-0.0000,0.0000,5.8206
2026-05-07 19:57:58.640,0,9,10,0.00,0.0000,0.0009,-1.8784,-0.7416,0.0000,-0.0000,0.0000,7.8996
2026-05-07 19:57:59.140,0,10,10,0.00,-0.1666,0.1566,-1.8554,-0.7112,0.0000,-0.0000,0.0000,8.6332
2026-05-07 19:57:59.640,0,10,10,0.00,-0.1085,0.1351,-1.7973,-0.6353,0.0000,-0.0000,0.0000,8.1355
2026-05-07 19:58:00.140,0,10,10,0.00,0.1004,-0.0810,-1.8020,-0.6422,0.0000,-0.0000,0.0000,9.7372
2026-05-07 19:58:00.640,0,10,10,0.00,0.0000,-0.0031,-1.8125,-0.6566,0.0000,-0.0000,0.0000,10.0633
2026-05-07 19:58:01.140,0,10,10,0.00,0.0000,0.0000,-1.8126,-0.6567,0.0000,-0.0000,0.0000,8.5354
2026-05-07 19:58:01.640,0,10,10,0.00,0.0000,0.0000,-1.8129,-0.6571,0.0000,-0.0000,0.0000,8.5354
2026-05-07 19:58:02.140,0,9,10,0.00,-0.0475,0.1068,-1.7996,-0.6398,0.0000,-0.0000,0.0000,8.5354
2026-05-07 19:58:02.640,0,10,10,0.00,-0.1755,0.2909,-1.7549,-0.5736,0.0000,-0.0000,0.0000,12.5032
2026-05-07 19:58:03.140,0,10,10,0.00,-0.3250,0.3718,-1.6822,-0.4395,0.0000,-0.0000,0.0000,18.7852
2026-05-07 19:58:03.640,0,10,10,0.00,-0.3517,0.3483,-1.6031,-0.2802,0.0000,-0.0000,0.0000,20.5525
2026-05-07 19:58:04.140,0,10,10,0.00,-0.3546,0.3498,-1.5249,-0.1237,0.0000,-0.0000,0.0000,19.9958
2026-05-07 19:58:04.640,0,10,10,0.00,-0.3519,0.3579,-1.4451,0.0345,0.0000,-0.0000,0.0000,19.6258
2026-05-07 19:58:05.140,0,10,10,0.00,-0.3532,0.3564,-1.3656,0.1927,0.0000,-0.0000,0.0000,19.8629
2026-05-07 19:58:05.640,0,10,10,0.00,-0.3524,0.3534,-1.2864,0.3516,0.0000,-0.0000,0.0000,20.0456
2026-05-07 19:58:06.140,0,10,10,0.00,-0.3517,0.2584,-1.2075,0.5094,0.0000,-0.0000,0.0000,19.7114
2026-05-07 19:58:06.640,0,9,10,0.00,-0.0550,-0.0007,-1.1722,0.5731,0.0000,-0.0000,0.0000,15.7448
2026-05-07 19:58:07.140,0,10,10,0.00,0.0903,-0.0058,-1.1787,0.5622,0.0000,-0.0000,0.0000,14.5897
2026-05-07 19:58:07.640,0,10,10,0.00,-0.0005,-0.0001,-1.1808,0.5586,0.0000,-0.0000,0.0000,16.1393
2026-05-07 19:58:08.140,0,10,10,0.00,-0.1164,-0.0001,-1.1747,0.5691,0.0000,-0.0000,0.0000,16.1393
2026-05-07 19:58:08.640,0,10,10,0.00,-0.2734,0.0753,-1.1412,0.6153,0.0000,-0.0000,0.0000,10.5489
2026-05-07 19:58:09.140,0,10,10,0.00,-0.2789,0.2740,-1.0563,0.7024,0.0000,-0.0000,0.0000,-0.0699
2026-05-07 19:58:09.640,0,10,10,0.00,-0.3619,0.3851,-0.9348,0.8194,0.0000,-0.0000,0.0000,-0.4641
2026-05-07 19:58:10.140,0,10,10,0.00,-0.3492,0.3422,-0.8072,0.9453,0.0000,-0.0000,0.0000,0.2646
2026-05-07 19:58:10.640,0,10,10,0.00,-0.3360,0.3564,-0.6951,1.0611,0.0000,-0.0000,0.0000,1.1253
2026-05-07 19:58:11.140,0,10,10,0.00,-0.3520,0.3499,-0.5730,1.1921,0.0000,-0.0000,0.0000,2.6614
2026-05-07 19:58:11.640,0,10,10,0.00,-0.3529,0.3533,-0.4531,1.3209,0.0000,-0.0000,0.0000,2.6136
2026-05-07 19:58:12.140,0,9,10,0.00,-0.3549,0.3545,-0.3326,1.4500,0.0000,-0.0000,0.0000,2.5773
2026-05-07 19:58:12.640,0,10,10,0.00,-0.3526,0.3553,-0.2121,1.5792,0.0000,-0.0000,0.0000,2.5620
2026-05-07 19:58:13.140,0,10,10,0.00,-0.3533,0.3524,-0.0913,1.7089,0.0000,-0.0000,0.0000,2.6104
2026-05-07 19:58:13.640,0,10,10,0.00,-0.3532,0.3494,0.0287,1.8379,0.0000,-0.0000,0.0000,2.6055
2026-05-07 19:58:14.140,0,10,10,0.00,-0.3274,0.3519,0.1486,1.9663,0.0000,-0.0000,0.0000,2.4904
2026-05-07 19:58:14.640,0,10,10,0.00,-0.3554,0.3612,0.2624,2.0929,0.0000,-0.0000,0.0000,3.8619
2026-05-07 19:58:15.140,0,10,10,0.00,-0.3511,0.3490,0.3802,2.2264,0.0000,-0.0000,0.0000,4.4049
2026-05-07 19:58:15.640,0,10,10,0.00,-0.3460,0.3461,0.4905,2.3538,0.0000,-0.0000,0.0000,4.3977
2026-05-07 19:58:16.140,0,10,10,0.00,-0.3555,0.3558,0.6066,2.4911,0.0000,-0.0000,0.0000,5.6357
2026-05-07 19:58:16.640,0,10,10,0.00,-0.3540,0.3576,0.7189,2.6239,0.0000,-0.0000,0.0000,5.6230
2026-05-07 19:58:17.140,0,9,10,0.00,-0.3550,0.3512,0.8329,2.7587,0.0000,-0.0000,0.0000,5.6300
2026-05-07 19:58:17.640,0,10,10,0.00,-0.3532,0.3580,0.9470,2.8931,0.0000,-0.0000,0.0000,5.4835
2026-05-07 19:58:18.140,0,10,10,0.00,-0.3537,0.3160,1.0603,3.0263,0.0000,-0.0000,0.0000,5.4826
2026-05-07 19:58:18.640,0,10,10,0.00,-0.3562,0.3021,1.1683,3.1444,0.0000,-0.0000,0.0000,3.6109
2026-05-07 19:58:19.140,0,10,10,0.00,-0.3529,0.3589,1.2911,3.2700,0.0000,-0.0000,0.0000,0.9791
2026-05-07 19:58:19.640,0,10,10,0.00,-0.3427,0.3511,1.4087,3.3937,0.0000,-0.0000,0.0000,1.9142
2026-05-07 19:58:20.140,0,10,10,0.00,-0.3536,0.3608,1.5290,3.5246,0.0000,-0.0000,0.0000,3.4276
2026-05-07 19:58:20.640,0,10,10,0.00,-0.3532,0.3499,1.6478,3.6542,0.0000,-0.0000,0.0000,3.3262
2026-05-07 19:58:21.140,0,10,10,0.00,-0.3538,0.3508,1.7673,3.7839,0.0000,-0.0000,0.0000,3.1626
2026-05-07 19:58:21.640,0,10,10,0.00,-0.3530,0.3570,1.8873,3.9139,0.0000,-0.0000,0.0000,3.2384
2026-05-07 19:58:22.140,0,10,10,0.00,-0.3536,0.3542,2.0073,4.0444,0.0000,-0.0000,0.0000,3.3348
2026-05-07 19:58:22.640,0,10,10,0.00,-0.3509,0.3403,2.1264,4.1742,0.0000,-0.0000,0.0000,3.3967
2026-05-07 19:58:23.140,0,10,10,0.00,-0.3532,0.3547,2.2460,4.3039,0.0000,-0.0000,0.0000,3.2636
2026-05-07 19:58:23.640,0,10,10,0.00,-0.3542,0.3570,2.3661,4.4341,0.0000,-0.0000,0.0000,3.2725
2026-05-07 19:58:24.140,0,10,10,0.00,-0.3538,0.3543,2.4855,4.5642,0.0000,-0.0000,0.0000,3.4208
2026-05-07 19:58:24.640,0,10,10,0.00,-0.3521,0.3507,2.6049,4.6941,0.0000,-0.0000,0.0000,3.4202
2026-05-07 19:58:25.140,0,10,10,0.00,-0.3526,0.3513,2.7243,4.8237,0.0000,-0.0000,0.0000,3.3928
2026-05-07 19:58:25.640,0,10,10,0.00,-0.3515,0.3563,2.8444,4.9540,0.0000,-0.0000,0.0000,3.4318
2026-05-07 19:58:26.140,0,10,10,0.00,-0.3555,0.3520,2.9641,5.0846,0.0000,-0.0000,0.0000,3.5622
2026-05-07 19:58:26.640,0,10,10,0.00,-0.3532,0.3516,3.0832,5.2143,0.0000,-0.0000,0.0000,3.5492
2026-05-07 19:58:27.140,0,10,10,0.00,-0.3513,0.3541,3.2029,5.3446,0.0000,-0.0000,0.0000,3.5489
2026-05-07 19:58:27.640,0,10,10,0.00,-0.3541,0.3543,3.3224,5.4749,0.0000,-0.0000,0.0000,3.6396
2026-05-07 19:58:28.140,0,10,10,0.00,-0.2759,0.2647,3.4360,5.5989,0.0000,-0.0000,0.0000,3.6339
2026-05-07 19:58:28.640,0,10,10,0.00,0.0000,-0.0007,3.4721,5.6379,0.0000,-0.0000,0.0000,3.2975
2026-05-07 19:58:29.140,0,10,10,0.00,0.0000,0.0000,3.4720,5.6378,0.0000,-0.0000,0.0000,3.2975
2026-05-07 19:58:29.640,0,10,10,0.00,-0.0001,-0.0086,3.4721,5.6378,0.0000,-0.0000,0.0000,3.2975
2026-05-07 19:58:30.140,0,10,10,0.00,0.0000,-0.0082,3.4676,5.6331,0.0000,-0.0000,0.0000,3.2975
2026-05-07 19:58:30.640,0,10,10,0.00,0.0001,0.0000,3.4673,5.6329,0.0000,-0.0000,0.0000,3.2975
2026-05-07 19:58:31.140,0,10,10,0.00,-0.0652,0.0870,3.4802,5.6461,0.0000,-0.0000,0.0000,2.1242
2026-05-07 19:58:31.640,0,10,10,0.00,-0.2202,0.2831,3.5383,5.7086,0.0000,-0.0000,0.0000,2.9957
2026-05-07 19:58:32.140,0,10,10,0.00,-0.3605,0.3740,3.6442,5.8333,0.0000,-0.0000,0.0000,6.8764
2026-05-07 19:58:32.640,0,10,10,0.00,-0.3519,0.3146,3.7563,5.9702,0.0000,-0.0000,0.0000,7.7161
2026-05-07 19:58:33.140,0,10,10,0.00,-0.3553,0.3470,3.8676,6.1024,0.0000,-0.0000,0.0000,6.3652
2026-05-07 19:58:33.640,0,10,10,0.00,-0.3558,0.3109,3.9826,6.2376,0.0000,-0.0000,0.0000,6.1974
2026-05-07 19:58:34.140,0,10,10,0.00,-0.3577,0.3435,4.0942,6.3649,0.0000,-0.0000,0.0000,5.4183
2026-05-07 19:58:34.640,0,10,10,0.00,-0.3525,0.3517,4.2120,6.4966,0.0000,-0.0000,0.0000,4.7189
2026-05-07 19:58:35.140,0,10,10,0.00,-0.3566,0.3164,4.3241,6.6167,0.0000,-0.0000,0.0000,3.5324
2026-05-07 19:58:35.640,0,10,10,0.00,-0.3490,0.3627,4.4476,6.7427,0.0000,-0.0000,0.0000,1.7518
2026-05-07 19:58:36.140,0,10,10,0.00,-0.3547,0.3547,4.5713,6.8708,0.0000,-0.0000,0.0000,2.5338
2026-05-07 19:58:36.640,0,10,10,0.00,-0.3533,0.3454,4.6936,6.9973,0.0000,-0.0000,0.0000,2.3136
2026-05-07 19:58:37.140,0,10,10,0.00,-0.2944,0.3568,4.8207,7.1282,0.0000,-0.0000,0.0000,2.2038
2026-05-07 19:58:37.640,0,10,10,0.00,-0.3602,0.3630,4.9320,7.2479,0.0000,-0.0000,0.0000,3.6374
2026-05-07 19:58:38.140,0,10,10,0.00,-0.3525,0.3492,5.0516,7.3780,0.0000,-0.0000,0.0000,3.9156
2026-05-07 19:58:38.640,0,10,10,0.00,-0.3547,0.3542,5.1712,7.5072,0.0000,-0.0000,0.0000,3.5537
2026-05-07 19:58:39.140,0,10,10,0.00,-0.3524,0.3579,5.2913,7.6368,0.0000,-0.0000,0.0000,3.4785
2026-05-07 19:58:39.640,0,10,10,0.00,-0.2729,0.2995,5.4075,7.7630,0.0000,-0.0000,0.0000,3.6569
2026-05-07 19:58:40.140,0,10,10,0.00,0.0005,-0.0009,5.4462,7.8061,0.0000,-0.0000,0.0000,4.9518
2026-05-07 19:58:40.640,0,10,10,0.00,0.0021,-0.0144,5.4413,7.8007,0.0000,-0.0000,0.0000,4.9518
2026-05-07 19:58:41.140,0,10,10,0.00,0.0000,0.0001,5.4408,7.8001,0.0000,-0.0000,0.0000,4.9518
2026-05-07 19:58:41.640,0,10,10,0.00,-0.1017,0.0836,5.4516,7.8118,0.0000,-0.0000,0.0000,4.9518
2026-05-07 19:58:42.140,0,10,10,0.00,-0.2590,0.2630,5.5155,7.8799,0.0000,-0.0000,0.0000,2.9684
2026-05-07 19:58:42.640,0,10,10,0.00,-0.3382,0.3715,5.6235,7.9986,0.0000,-0.0000,0.0000,3.3833
2026-05-07 19:58:43.140,0,10,10,0.00,-0.3541,0.3542,5.7401,8.1337,0.0000,-0.0000,0.0000,5.6014
2026-05-07 19:58:43.640,0,10,10,0.00,-0.3543,0.3474,5.8551,8.2673,0.0000,-0.0000,0.0000,5.5305
2026-05-07 19:58:44.140,0,10,10,0.00,-0.3525,0.3211,5.9670,8.3942,0.0000,-0.0000,0.0000,5.1528
2026-05-07 19:58:44.640,0,10,10,0.00,-0.3532,0.3613,6.0859,8.5235,0.0000,-0.0000,0.0000,3.2979
2026-05-07 19:58:45.140,0,10,10,0.00,-0.3532,0.3558,6.2055,8.6547,0.0000,-0.0000,0.0000,3.9262
2026-05-07 19:58:45.640,0,10,10,0.00,-0.3545,0.3542,6.3244,8.7858,0.0000,-0.0000,0.0000,4.1118
2026-05-07 19:58:46.140,0,10,10,0.00,-0.3512,0.3416,6.4425,8.9151,0.0000,-0.0000,0.0000,3.8701
2026-05-07 19:58:46.640,0,10,10,0.00,-0.3546,0.3585,6.5621,9.0455,0.0000,-0.0000,0.0000,3.7540
2026-05-07 19:58:47.140,0,10,10,0.00,-0.3526,0.3543,6.6817,9.1764,0.0000,-0.0000,0.0000,3.9001
2026-05-07 19:58:47.640,0,10,10,0.00,-0.3545,0.3468,6.8006,9.3071,0.0000,-0.0000,0.0000,3.9011
2026-05-07 19:58:48.140,0,10,10,0.00,-0.3517,0.3562,6.9196,9.4372,0.0000,-0.0000,0.0000,3.8172
2026-05-07 19:58:48.640,0,10,10,0.00,-0.3526,0.3524,7.0390,9.5683,0.0000,-0.0000,0.0000,3.8967
2026-05-07 19:58:49.140,0,10,10,0.00,-0.3529,0.3567,7.1580,9.6992,0.0000,-0.0000,0.0000,3.9184
2026-05-07 19:58:49.640,0,10,10,0.00,-0.3473,0.3461,7.2695,9.8253,0.0000,-0.0000,0.0000,4.6174
2026-05-07 19:58:50.140,0,10,10,0.00,-0.3537,0.3560,7.3856,9.9598,0.0000,-0.0000,0.0000,5.4302
2026-05-07 19:58:50.640,0,10,10,0.00,-0.3521,0.3499,7.5008,10.0938,0.0000,-0.0000,0.0000,5.4528
2026-05-07 19:58:51.140,0,10,10,0.00,-0.3517,0.3015,7.6120,10.2213,0.0000,-0.0000,0.0000,5.2051
2026-05-07 19:58:51.640,0,10,10,0.00,-0.3551,0.3579,7.7288,10.3459,0.0000,-0.0000,0.0000,2.1950
2026-05-07 19:58:52.140,0,10,10,0.00,-0.3543,0.3588,7.8511,10.4759,0.0000,-0.0000,0.0000,2.7534
2026-05-07 19:58:52.640,0,10,10,0.00,-0.3452,0.3481,7.9648,10.6011,0.0000,-0.0000,0.0000,3.5092
2026-05-07 19:58:53.140,0,10,10,0.00,-0.3505,0.3488,8.0807,10.7318,0.0000,-0.0000,0.0000,4.3318
2026-05-07 19:58:53.640,0,10,10,0.00,-0.3492,0.3568,8.1941,10.8626,0.0000,-0.0000,0.0000,5.3211
2026-05-07 19:58:54.140,0,10,10,0.00,-0.3566,0.3530,8.3096,10.9978,0.0000,-0.0000,0.0000,5.9914
2026-05-07 19:58:54.640,0,10,10,0.00,-0.3538,0.3466,8.4235,11.1306,0.0000,-0.0000,0.0000,5.2577
2026-05-07 19:58:55.140,0,10,10,0.00,-0.3543,0.3369,8.5360,11.2582,0.0000,-0.0000,0.0000,4.5872
2026-05-07 19:58:55.640,0,10,10,0.00,-0.3542,0.3560,8.6540,11.3881,0.0000,-0.0000,0.0000,3.7399
2026-05-07 19:58:56.140,0,10,10,0.00,-0.3537,0.3572,8.7734,11.5197,0.0000,-0.0000,0.0000,3.9985
2026-05-07 19:58:56.640,0,10,10,0.00,-0.3536,0.3469,8.8916,11.6504,0.0000,-0.0000,0.0000,3.8153
2026-05-07 19:58:57.140,0,10,10,0.00,-0.3517,0.3566,9.0104,11.7812,0.0000,-0.0000,0.0000,3.8062
2026-05-07 19:58:57.640,0,10,10,0.00,-0.3244,0.3503,9.1183,11.9058,0.0000,-0.0000,0.0000,5.5704
2026-05-07 19:58:58.140,0,10,10,0.00,-0.3537,0.3508,9.2314,12.0432,0.0000,-0.0000,0.0000,6.7870
2026-05-07 19:58:58.640,0,10,10,0.00,-0.3502,0.2926,9.3397,12.1726,0.0000,-0.0000,0.0000,6.3678
2026-05-07 19:58:59.140,0,10,10,0.00,-0.3546,0.3549,9.4533,12.2984,0.0000,-0.0000,0.0000,3.6482
2026-05-07 19:58:59.640,0,10,10,0.00,-0.3542,0.3598,9.5737,12.4306,0.0000,-0.0000,0.0000,4.1476
2026-05-07 19:59:00.140,0,10,10,0.00,-0.3534,0.3440,9.6917,12.5613,0.0000,-0.0000,0.0000,4.2230
2026-05-07 19:59:00.640,0,10,10,0.00,-0.3533,0.3542,9.8137,12.6951,0.0000,-0.0000,0.0000,3.9183
2026-05-07 19:59:01.140,0,10,10,0.00,-0.3406,0.3528,9.9229,12.8189,0.0000,-0.0000,0.0000,5.1104
2026-05-07 19:59:01.640,0,9,10,0.00,-0.3550,0.3473,10.0387,12.9534,0.0000,-0.0000,0.0000,5.8026
2026-05-07 19:59:02.140,0,10,10,0.00,-0.3534,0.3402,10.1538,13.0862,0.0000,-0.0000,0.0000,5.4448
2026-05-07 19:59:02.640,0,10,10,0.00,-0.3533,0.3575,10.2696,13.2189,0.0000,-0.0000,0.0000,5.2585
2026-05-07 19:59:03.140,0,10,10,0.00,-0.3528,0.3568,10.3864,13.3532,0.0000,-0.0000,0.0000,5.5703
2026-05-07 19:59:03.640,0,10,10,0.00,-0.3399,0.3513,10.4995,13.4851,0.0000,-0.0000,0.0000,5.9906
2026-05-07 19:59:04.140,0,10,10,0.00,-0.3537,0.2830,10.6098,13.6141,0.0000,-0.0000,0.0000,6.0182
2026-05-07 19:59:04.640,0,9,10,0.00,-0.3549,0.3462,10.7240,13.7387,0.0000,-0.0000,0.0000,3.8948
2026-05-07 19:59:05.140,0,10,10,0.00,-0.2918,0.3585,10.8432,13.8664,0.0000,-0.0000,0.0000,3.4954
2026-05-07 19:59:05.640,0,10,10,0.00,-0.3577,0.3597,10.9580,13.9959,0.0000,-0.0000,0.0000,5.0830
2026-05-07 19:59:06.140,0,10,10,0.00,-0.3545,0.3055,11.0731,14.1258,0.0000,-0.0000,0.0000,5.0657
2026-05-07 19:59:06.640,0,10,10,0.00,-0.3545,0.3549,11.1901,14.2525,0.0000,-0.0000,0.0000,3.5039
2026-05-07 19:59:07.140,0,10,10,0.00,-0.3549,0.3558,11.3110,14.3824,0.0000,-0.0000,0.0000,3.5904
2026-05-07 19:59:07.640,0,10,10,0.00,-0.3532,0.3538,11.4311,14.5115,0.0000,-0.0000,0.0000,3.5915
2026-05-07 19:59:08.140,0,10,10,0.00,-0.3540,0.3530,11.5515,14.6406,0.0000,-0.0000,0.0000,3.5932
2026-05-07 19:59:08.640,0,10,10,0.00,-0.3523,0.3540,11.6722,14.7699,0.0000,-0.0000,0.0000,3.6136
2026-05-07 19:59:09.140,0,10,10,0.00,-0.3553,0.3519,11.7928,14.8994,0.0000,-0.0000,0.0000,3.5956
2026-05-07 19:59:09.640,0,10,10,0.00,-0.2464,0.3520,11.9115,15.0273,0.0000,-0.0000,0.0000,3.5732
2026-05-07 19:59:10.140,0,10,10,0.00,-0.3663,0.3638,12.0136,15.1496,0.0000,-0.0000,0.0000,7.9522
2026-05-07 19:59:10.640,0,10,10,0.00,-0.3543,0.3444,12.1253,15.2876,0.0000,-0.0000,0.0000,7.9995
2026-05-07 19:59:11.140,0,10,10,0.00,-0.3532,0.2742,12.2344,15.4213,0.0000,-0.0000,0.0000,7.6900
2026-05-07 19:59:11.640,0,10,10,0.00,-0.3537,0.3388,12.3438,15.5462,0.0000,-0.0000,0.0000,5.1289
2026-05-07 19:59:12.140,0,10,10,0.00,-0.3513,0.3629,12.4631,15.6789,0.0000,-0.0000,0.0000,4.9256
2026-05-07 19:59:12.640,0,10,10,0.00,-0.3560,0.3555,12.5809,15.8119,0.0000,-0.0000,0.0000,5.4114
2026-05-07 19:59:13.140,0,10,10,0.00,-0.3529,0.3500,12.6974,15.9428,0.0000,-0.0000,0.0000,5.0901
2026-05-07 19:59:13.640,0,10,10,0.00,-0.3516,0.3566,12.8153,16.0747,0.0000,-0.0000,0.0000,5.0418
2026-05-07 19:59:14.140,0,10,10,0.00,-0.3530,0.3529,12.9330,16.2072,0.0000,-0.0000,0.0000,5.3163
2026-05-07 19:59:14.640,0,10,10,0.00,-0.3546,0.3498,13.0503,16.3391,0.0000,-0.0000,0.0000,5.1807
2026-05-07 19:59:15.140,0,10,10,0.00,-0.3536,0.3519,13.1673,16.4700,0.0000,-0.0000,0.0000,4.9728
2026-05-07 19:59:15.640,0,10,10,0.00,-0.3529,0.3585,13.2858,16.6023,0.0000,-0.0000,0.0000,5.0304
2026-05-07 19:59:16.140,0,10,10,0.00,-0.3529,0.3538,13.4037,16.7349,0.0000,-0.0000,0.0000,5.2394
2026-05-07 19:59:16.640,0,10,10,0.00,-0.3533,0.3529,13.5205,16.8659,0.0000,-0.0000,0.0000,4.9532
2026-05-07 19:59:17.140,0,10,10,0.00,-0.3520,0.3494,13.6384,16.9978,0.0000,-0.0000,0.0000,4.9481
2026-05-07 19:59:17.640,0,10,10,0.00,-0.3526,0.3545,13.7564,17.1304,0.0000,-0.0000,0.0000,5.1543
2026-05-07 19:59:18.140,0,10,10,0.00,-0.3555,0.3505,13.8737,17.2626,0.0000,-0.0000,0.0000,5.1332
2026-05-07 19:59:18.640,0,10,10,0.00,-0.3533,0.3509,13.9905,17.3938,0.0000,-0.0000,0.0000,4.9247
2026-05-07 19:59:19.140,0,10,10,0.00,-0.1136,0.1703,14.0750,17.4892,0.0000,-0.0000,0.0000,5.3151
2026-05-07 19:59:19.640,0,10,10,0.00,0.0005,-0.0749,14.0761,17.4906,0.0000,-0.0000,0.0000,6.9047
2026-05-07 19:59:20.140,0,10,10,0.00,0.0000,-0.0270,14.0696,17.4835,0.0000,-0.0000,0.0000,5.7389
2026-05-07 19:59:20.640,0,10,10,0.00,-0.0276,0.0196,14.0708,17.4847,0.0000,-0.0000,0.0000,5.7389
2026-05-07 19:59:21.140,0,10,10,0.00,-0.1225,0.1771,14.1075,17.5234,0.0000,-0.0000,0.0000,3.8340
2026-05-07 19:59:21.640,0,10,10,0.00,-0.2766,0.3606,14.1875,17.6167,0.0000,-0.0000,0.0000,6.8739
2026-05-07 19:59:22.140,0,10,10,0.00,-0.3576,0.3547,14.2957,17.7569,0.0000,-0.0000,0.0000,9.9037
2026-05-07 19:59:22.640,0,10,10,0.00,-0.3566,0.3371,14.3993,17.8877,0.0000,-0.0000,0.0000,8.5272
2026-05-07 19:59:23.140,0,10,10,0.00,-0.3540,0.2467,14.5073,18.0197,0.0000,-0.0000,0.0000,8.0796
2026-05-07 19:59:23.640,0,10,10,0.00,-0.3534,0.2651,14.6081,18.1263,0.0000,-0.0000,0.0000,2.8525
2026-05-07 19:59:24.140,0,10,10,0.00,-0.2825,0.3636,14.7292,18.2419,0.0000,-0.0000,0.0000,-0.4694
2026-05-07 19:59:24.640,0,10,10,0.00,-0.3588,0.3612,14.8504,18.3673,0.0000,-0.0000,0.0000,3.3201
2026-05-07 19:59:25.140,0,10,10,0.00,-0.3512,0.3519,14.9729,18.4953,0.0000,-0.0000,0.0000,3.1660
2026-05-07 19:59:25.640,0,10,10,0.00,-0.3540,0.3516,15.0950,18.6231,0.0000,-0.0000,0.0000,3.2340
2026-05-07 19:59:26.140,0,9,10,0.00,-0.3457,0.3549,15.2104,18.7465,0.0000,-0.0000,0.0000,3.5180
2026-05-07 19:59:26.640,0,10,10,0.00,-0.3536,0.3529,15.3303,18.8775,0.0000,-0.0000,0.0000,4.5994
2026-05-07 19:59:27.140,0,10,10,0.00,-0.3521,0.3537,15.4491,19.0074,0.0000,-0.0000,0.0000,4.5970
2026-05-07 19:59:27.640,0,10,10,0.00,-0.3523,0.3521,15.5685,19.1379,0.0000,-0.0000,0.0000,4.6122
2026-05-07 19:59:28.140,0,10,10,0.00,-0.3528,0.3570,15.6876,19.2678,0.0000,-0.0000,0.0000,4.5886
2026-05-07 19:59:28.640,0,10,10,0.00,-0.3529,0.3509,15.8070,19.3981,0.0000,-0.0000,0.0000,4.5925
2026-05-07 19:59:29.140,0,10,10,0.00,-0.3529,0.3543,15.9263,19.5283,0.0000,-0.0000,0.0000,4.6213
2026-05-07 19:59:29.640,0,10,10,0.00,-0.3291,0.3523,16.0438,19.6565,0.0000,-0.0000,0.0000,4.5623
2026-05-07 19:59:30.140,0,10,10,0.00,-0.3541,0.3601,16.1624,19.7880,0.0000,-0.0000,0.0000,5.3283
2026-05-07 19:59:30.640,0,10,10,0.00,-0.3541,0.3540,16.2806,19.9200,0.0000,-0.0000,0.0000,5.4135
2026-05-07 19:59:31.140,0,10,10,0.00,-0.3504,0.3537,16.3988,20.0522,0.0000,-0.0000,0.0000,5.3834
2026-05-07 19:59:31.640,0,10,10,0.00,-0.3542,0.3515,16.5156,20.1822,0.0000,-0.0000,0.0000,5.1556
2026-05-07 19:59:32.140,0,10,10,0.00,-0.3547,0.3342,16.6347,20.3142,0.0000,-0.0000,0.0000,5.1529
2026-05-07 19:59:32.640,0,10,10,0.00,-0.0783,0.0403,16.7038,20.3895,0.0000,-0.0000,0.0000,4.9534
2026-05-07 19:59:33.140,0,10,10,0.00,0.0001,-0.0001,16.7042,20.3899,0.0000,-0.0000,0.0000,4.3253
2026-05-07 19:59:33.640,0,10,10,0.00,0.0001,0.0000,16.7042,20.3899,0.0000,-0.0000,0.0000,4.3253
2026-05-07 19:59:34.140,0,10,10,0.00,0.0000,0.0000,16.7042,20.3899,0.0000,-0.0000,0.0000,4.3253
2026-05-07 19:59:34.640,0,10,10,0.00,0.0000,0.0000,16.7042,20.3899,0.0000,-0.0000,0.0000,4.3253
2026-05-07 19:59:35.140,0,10,10,0.00,-0.0001,0.0000,16.7042,20.3899,0.0000,-0.0000,0.0000,4.3253
2026-05-07 19:59:35.640,0,10,10,0.00,-0.0003,0.0000,16.7042,20.3899,0.0000,-0.0000,0.0000,4.3253
2026-05-07 19:59:36.140,0,10,10,0.00,0.0001,0.0003,16.7042,20.3899,0.0000,-0.0000,0.0000,4.3253
2026-05-07 19:59:36.640,0,10,10,0.00,0.0000,0.0005,16.7042,20.3899,0.0000,-0.0000,0.0000,4.3253
2026-05-07 19:59:37.140,0,10,10,0.00,0.0000,0.0001,16.7042,20.3899,0.0000,-0.0000,0.0000,4.3253
2026-05-07 19:59:37.640,0,10,10,0.00,0.0000,0.0000,16.7042,20.3899,0.0000,-0.0000,0.0000,4.3253
2026-05-07 19:59:38.140,0,10,10,0.00,-0.0001,0.0000,16.7042,20.3899,0.0000,-0.0000,0.0000,4.3253
2026-05-07 19:59:38.640,0,10,10,0.00,0.0000,-0.0004,16.7042,20.3899,0.0000,-0.0000,0.0000,4.3253
2026-05-07 19:59:39.140,0,10,10,0.00,0.0001,-0.0001,16.7042,20.3899,0.0000,-0.0000,0.0000,4.3253
2026-05-07 19:59:39.640,0,10,10,0.00,0.0001,0.0000,16.7042,20.3899,0.0000,-0.0000,0.0000,4.3253
2026-05-07 19:59:40.140,0,10,10,0.00,0.0000,0.0003,16.7042,20.3899,0.0000,-0.0000,0.0000,4.3253
2026-05-07 19:59:40.640,0,10,10,0.00,-0.0001,0.0001,16.7042,20.3899,0.0000,-0.0000,0.0000,4.3253
2026-05-07 19:59:41.140,0,10,10,0.00,0.0001,0.0001,16.7042,20.3899,0.0000,-0.0000,0.0000,4.3253
2026-05-07 19:59:41.640,0,10,10,0.00,0.0001,-0.0001,16.7042,20.3899,0.0000,-0.0000,0.0000,4.3253
2026-05-07 19:59:42.140,0,10,10,0.00,0.0003,0.0001,16.7042,20.3899,0.0000,-0.0000,0.0000,4.3253
2026-05-07 19:59:42.640,0,10,10,0.00,0.0000,-0.0001,16.7042,20.3899,0.0000,-0.0000,0.0000,4.3253
2026-05-07 19:59:43.140,0,10,10,0.00,0.0000,0.0001,16.7042,20.3899,0.0000,-0.0000,0.0000,4.3253
2026-05-07 19:59:43.640,0,10,10,0.00,0.0001,0.0000,16.7042,20.3899,0.0000,-0.0000,0.0000,4.3253
2026-05-07 19:59:44.140,0,10,10,0.00,0.0000,-0.0001,16.7042,20.3899,0.0000,-0.0000,0.0000,4.3253
2026-05-07 19:59:44.640,0,10,10,0.00,0.0000,0.0000,16.7042,20.3899,0.0000,-0.0000,0.0000,4.3253
2026-05-07 19:59:45.140,0,10,10,0.00,0.0000,0.0000,16.7042,20.3899,0.0000,-0.0000,0.0000,4.3253
2026-05-07 19:59:45.640,0,10,10,0.00,0.0000,-0.0001,16.7042,20.3899,0.0000,-0.0000,0.0000,4.3253
2026-05-07 19:59:46.140,0,10,10,0.00,-0.0001,0.0000,16.7042,20.3899,0.0000,-0.0000,0.0000,4.3253
2026-05-07 19:59:46.640,0,10,10,0.00,-0.0003,0.0000,16.7042,20.3899,0.0000,-0.0000,0.0000,4.3253
2026-05-07 19:59:47.140,0,10,10,0.00,0.0001,0.0000,16.7042,20.3899,0.0000,-0.0000,0.0000,4.3253
2026-05-07 19:59:47.640,0,10,10,0.00,0.0001,0.0000,16.7042,20.3899,0.0000,-0.0000,0.0000,4.3253
2026-05-07 19:59:48.140,0,10,10,0.00,0.0000,-0.0003,16.7042,20.3899,0.0000,-0.0000,0.0000,4.3253
2026-05-07 19:59:48.640,0,10,10,0.00,0.0004,0.0003,16.7042,20.3899,0.0000,-0.0000,0.0000,4.3253
2026-05-07 19:59:49.140,0,10,10,0.00,0.0000,-0.0001,16.7042,20.3899,0.0000,-0.0000,0.0000,4.3253
2026-05-07 19:59:49.640,0,10,10,0.00,-0.0003,0.0000,16.7042,20.3899,0.0000,-0.0000,0.0000,4.3253
2026-05-07 19:59:50.140,0,10,10,0.00,0.0000,0.0000,16.7042,20.3899,0.0000,-0.0000,0.0000,4.3253
2026-05-07 19:59:50.640,0,10,10,0.00,0.0000,-0.0004,16.7042,20.3899,0.0000,-0.0000,0.0000,4.3253
2026-05-07 19:59:51.140,0,10,10,0.00,0.0001,0.0000,16.7042,20.3899,0.0000,-0.0000,0.0000,4.3253
2026-05-07 19:59:51.640,0,10,10,0.00,0.0003,-0.0001,16.7042,20.3899,0.0000,-0.0000,0.0000,4.3253
2026-05-07 19:59:52.140,0,10,10,0.00,0.0001,0.0000,16.7042,20.3899,0.0000,-0.0000,0.0000,4.3253
2026-05-07 19:59:52.640,0,10,10,0.00,0.0000,0.0001,16.7042,20.3899,0.0000,-0.0000,0.0000,4.3253
2026-05-07 19:59:53.140,0,10,10,0.00,0.0000,-0.0005,16.7037,20.3894,0.0000,-0.0000,0.0000,4.3253
2026-05-07 19:59:53.640,0,10,10,0.00,0.0237,-0.0069,16.6973,20.3825,0.0000,-0.0000,0.0000,4.3253
2026-05-07 19:59:54.140,0,10,10,0.00,-0.0004,0.0000,16.6962,20.3813,0.0000,-0.0000,0.0000,4.3253
2026-05-07 19:59:54.640,0,10,10,0.00,-0.0309,0.0881,16.7077,20.3938,0.0000,-0.0000,0.0000,4.3253
2026-05-07 19:59:55.140,0,10,10,0.00,-0.1817,0.2784,16.7548,20.4492,0.0000,-0.0000,0.0000,5.4873
2026-05-07 19:59:55.640,0,10,10,0.00,-0.3410,0.2901,16.8398,20.5612,0.0000,-0.0000,0.0000,11.2907
2026-05-07 19:59:56.140,0,10,10,0.00,-0.3550,0.3422,16.9451,20.6935,0.0000,-0.0000,0.0000,8.6175
2026-05-07 19:59:56.640,0,10,10,0.00,-0.3538,0.3577,17.0562,20.8286,0.0000,-0.0000,0.0000,8.3376
2026-05-07 19:59:57.140,0,10,10,0.00,-0.3526,0.3329,17.1671,20.9626,0.0000,-0.0000,0.0000,8.5127
2026-05-07 19:59:57.640,0,10,10,0.00,-0.3541,0.3105,17.2750,21.0847,0.0000,-0.0000,0.0000,6.3268
2026-05-07 19:59:58.140,0,10,10,0.00,-0.3500,0.3647,17.3953,21.2143,0.0000,-0.0000,0.0000,4.9355
2026-05-07 19:59:58.640,0,10,10,0.00,-0.3546,0.3542,17.5155,21.3455,0.0000,-0.0000,0.0000,5.8542
2026-05-07 19:59:59.140,0,10,10,0.00,-0.3541,0.3513,17.6345,21.4757,0.0000,-0.0000,0.0000,5.8537
2026-05-07 19:59:59.640,0,9,10,0.00,-0.3547,0.3499,17.7535,21.6057,0.0000,-0.0000,0.0000,5.8409
2026-05-07 20:00:00.140,0,10,10,0.00,-0.3537,0.3540,17.8731,21.7358,0.0000,-0.0000,0.0000,5.8444
2026-05-07 20:00:00.640,0,10,10,0.00,-0.3537,0.3558,17.9931,21.8667,0.0000,-0.0000,0.0000,6.0593
2026-05-07 20:00:01.140,0,10,10,0.00,-0.3534,0.3477,18.1119,21.9968,0.0000,-0.0000,0.0000,6.0797
2026-05-07 20:00:01.640,0,10,10,0.00,-0.3537,0.3559,18.2316,22.1273,0.0000,-0.0000,0.0000,6.0568
2026-05-07 20:00:02.140,0,9,10,0.00,-0.3505,0.3532,18.3508,22.2575,0.0000,-0.0000,0.0000,6.1614
2026-05-07 20:00:02.640,0,10,10,0.00,-0.3508,0.3583,18.4702,22.3884,0.0000,-0.0000,0.0000,6.2119
2026-05-07 20:00:03.140,0,10,10,0.00,-0.3536,0.3503,18.5887,22.5180,0.0000,-0.0000,0.0000,6.2049
2026-05-07 20:00:03.640,0,10,10,0.00,-0.3545,0.3568,18.7083,22.6483,0.0000,-0.0000,0.0000,6.2473
2026-05-07 20:00:04.140,0,10,10,0.00,-0.3517,0.3495,18.8279,22.7791,0.0000,-0.0000,0.0000,6.3697
2026-05-07 20:00:04.640,0,10,10,0.00,-0.3526,0.3508,18.9469,22.9094,0.0000,-0.0000,0.0000,6.3872
2026-05-07 20:00:05.140,0,9,10,0.00,-0.3507,0.3575,19.0662,23.0396,0.0000,-0.0000,0.0000,6.4146
2026-05-07 20:00:05.640,0,10,10,0.00,-0.3529,0.3559,19.1859,23.1707,0.0000,-0.0000,0.0000,6.5677
2026-05-07 20:00:06.140,0,10,10,0.00,-0.3547,0.3475,19.3048,23.3015,0.0000,-0.0000,0.0000,6.6531
2026-05-07 20:00:06.640,0,9,10,0.00,-0.3534,0.3529,19.4234,23.4316,0.0000,-0.0000,0.0000,6.6816
2026-05-07 20:00:07.140,0,10,10,0.00,-0.3538,0.3557,19.5427,23.5620,0.0000,-0.0000,0.0000,6.6987
2026-05-07 20:00:07.640,0,10,10,0.00,-0.3551,0.3551,19.6617,23.6922,0.0000,-0.0000,0.0000,6.7744
2026-05-07 20:00:08.140,0,10,10,0.00,-0.3537,0.3488,19.7810,23.8224,0.0000,-0.0000,0.0000,6.7513
2026-05-07 20:00:08.640,0,10,10,0.00,-0.3512,0.3474,19.9003,23.9523,0.0000,-0.0000,0.0000,6.7551
2026-05-07 20:00:09.140,0,10,10,0.00,-0.3536,0.3546,20.0200,24.0826,0.0000,-0.0000,0.0000,6.8131
2026-05-07 20:00:09.640,0,10,10,0.00,-0.3528,0.3507,20.1396,24.2136,0.0000,-0.0000,0.0000,7.0854
2026-05-07 20:00:10.140,0,10,10,0.00,-0.3546,0.3520,20.2583,24.3432,0.0000,-0.0000,0.0000,6.9846
2026-05-07 20:00:10.640,0,10,10,0.00,-0.3528,0.3533,20.3781,24.4735,0.0000,-0.0000,0.0000,6.9969
2026-05-07 20:00:11.140,0,10,10,0.00,-0.3541,0.3554,20.4975,24.6037,0.0000,-0.0000,0.0000,7.0281
2026-05-07 20:00:11.640,0,10,10,0.00,-0.3528,0.3507,20.6170,24.7342,0.0000,-0.0000,0.0000,7.0690
2026-05-07 20:00:12.140,0,10,10,0.00,-0.3540,0.3559,20.7360,24.8637,0.0000,-0.0000,0.0000,7.0725
2026-05-07 20:00:12.640,0,10,10,0.00,-0.3318,0.3566,20.8557,24.9940,0.0000,-0.0000,0.0000,7.0813
2026-05-07 20:00:13.140,0,10,10,0.00,-0.3550,0.3551,20.9672,25.1207,0.0000,-0.0000,0.0000,8.2431
2026-05-07 20:00:13.640,0,10,10,0.00,-0.3524,0.3468,21.0830,25.2541,0.0000,-0.0000,0.0000,8.5343
2026-05-07 20:00:14.140,0,9,10,0.00,-0.3533,0.3558,21.1991,25.3871,0.0000,-0.0000,0.0000,8.5594
2026-05-07 20:00:14.640,0,10,10,0.00,-0.3532,0.3576,21.3155,25.5211,0.0000,-0.0000,0.0000,8.8981
2026-05-07 20:00:15.140,0,9,10,0.00,-0.3550,0.3515,21.4318,25.6553,0.0000,-0.0000,0.0000,8.9956
2026-05-07 20:00:15.640,0,10,10,0.00,-0.3543,0.3422,21.5454,25.7844,0.0000,-0.0000,0.0000,8.6623
2026-05-07 20:00:16.140,0,10,10,0.00,-0.3532,0.3600,21.6632,25.9161,0.0000,-0.0000,0.0000,8.1754
2026-05-07 20:00:16.640,0,10,10,0.00,-0.3541,0.3571,21.7812,26.0488,0.0000,-0.0000,0.0000,8.6055
2026-05-07 20:00:17.140,0,10,10,0.00,-0.3528,0.3176,21.8957,26.1764,0.0000,-0.0000,0.0000,8.3739
2026-05-07 20:00:17.640,0,10,10,0.00,-0.3530,0.3575,22.0144,26.3027,0.0000,-0.0000,0.0000,6.9275
2026-05-07 20:00:18.140,0,10,10,0.00,-0.3525,0.3592,22.1361,26.4322,0.0000,-0.0000,0.0000,7.4341
2026-05-07 20:00:18.640,0,10,10,0.00,-0.3537,0.3519,22.2570,26.5620,0.0000,-0.0000,0.0000,7.8287
2026-05-07 20:00:19.140,0,10,10,0.00,-0.3541,0.3512,22.3774,26.6906,0.0000,-0.0000,0.0000,7.6526
2026-05-07 20:00:19.640,0,10,10,0.00,-0.1901,0.3503,22.4722,26.7991,0.0000,-0.0000,0.0000,10.2309
2026-05-07 20:00:20.140,0,10,10,0.00,-0.3397,0.3553,22.5622,26.9317,0.0000,-0.0000,0.0000,18.4572
2026-05-07 20:00:20.640,0,10,10,0.00,-0.3526,0.2418,22.6524,27.0661,0.0000,-0.0000,0.0000,17.5564
2026-05-07 20:00:21.140,0,10,10,0.00,-0.3543,0.3619,22.7528,27.1931,0.0000,-0.0000,0.0000,12.0081
2026-05-07 20:00:21.640,0,9,10,0.00,-0.3533,0.3085,22.8615,27.3261,0.0000,-0.0000,0.0000,12.5510
2026-05-07 20:00:22.140,0,9,10,0.00,-0.3547,0.3359,22.9735,27.4554,0.0000,-0.0000,0.0000,9.9783
2026-05-07 20:00:22.640,0,10,10,0.00,-0.3546,0.2893,23.0826,27.5729,0.0000,-0.0000,0.0000,8.2672
2026-05-07 20:00:23.140,0,10,10,0.00,-0.3403,0.3661,23.2058,27.6948,0.0000,-0.0000,0.0000,5.5592
2026-05-07 20:00:23.640,0,10,10,0.00,-0.3453,0.3588,23.3194,27.8148,0.0000,-0.0000,0.0000,8.7648
2026-05-07 20:00:24.140,0,10,10,0.00,-0.3422,0.3478,23.4392,27.9465,0.0000,-0.0000,0.0000,9.3476
2026-05-07 20:00:24.640,0,10,10,0.00,-0.3500,0.3564,23.5510,28.0731,0.0000,-0.0000,0.0000,10.2607
2026-05-07 20:00:25.140,0,10,10,0.00,-0.3532,0.3505,23.6676,28.2068,0.0000,-0.0000,0.0000,10.6926
2026-05-07 20:00:25.640,0,10,10,0.00,-0.3516,0.3558,23.7838,28.3401,0.0000,-0.0000,0.0000,10.6927
2026-05-07 20:00:26.140,0,10,10,0.00,-0.3529,0.3536,23.8999,28.4735,0.0000,-0.0000,0.0000,10.8195
2026-05-07 20:00:26.640,0,10,10,0.00,-0.3468,0.3495,24.0098,28.6017,0.0000,-0.0000,0.0000,11.0712
2026-05-07 20:00:27.140,0,10,10,0.00,-0.3568,0.3512,24.1237,28.7385,0.0000,-0.0000,0.0000,12.4854
2026-05-07 20:00:27.640,0,10,10,0.00,-0.3554,0.3200,24.2311,28.8613,0.0000,-0.0000,0.0000,10.8619
2026-05-07 20:00:28.140,0,10,10,0.00,-0.3545,0.3605,24.3500,28.9906,0.0000,-0.0000,0.0000,9.5391
2026-05-07 20:00:28.640,0,10,10,0.00,-0.3516,0.3517,24.4694,29.1209,0.0000,-0.0000,0.0000,9.9945
2026-05-07 20:00:29.140,0,10,10,0.00,-0.3530,0.3530,24.5890,29.2514,0.0000,-0.0000,0.0000,9.9923
2026-05-07 20:00:29.640,0,10,10,0.00,-0.3547,0.3558,24.7081,29.3820,0.0000,-0.0000,0.0000,10.1887
2026-05-07 20:00:30.140,0,10,10,0.00,-0.3529,0.3507,24.8270,29.5121,0.0000,-0.0000,0.0000,10.0995
2026-05-07 20:00:30.640,0,10,10,0.00,-0.3540,0.3543,24.9464,29.6424,0.0000,-0.0000,0.0000,10.1703
2026-05-07 20:00:31.140,0,10,10,0.00,-0.3542,0.3525,25.0658,29.7732,0.0000,-0.0000,0.0000,10.3930
2026-05-07 20:00:31.640,0,10,10,0.00,-0.3524,0.3494,25.1849,29.9038,0.0000,-0.0000,0.0000,10.3988
2026-05-07 20:00:32.140,0,10,10,0.00,-0.3549,0.3519,25.3038,30.0340,0.0000,-0.0000,0.0000,10.3929
2026-05-07 20:00:32.640,0,10,10,0.00,-0.3541,0.3540,25.4231,30.1644,0.0000,-0.0000,0.0000,10.3931
2026-05-07 20:00:33.140,0,9,10,0.00,-0.3545,0.3543,25.5422,30.2950,0.0000,-0.0000,0.0000,10.4869
2026-05-07 20:00:33.640,0,10,10,0.00,-0.3536,0.3499,25.6613,30.4253,0.0000,-0.0000,0.0000,10.4364
2026-05-07 20:00:34.140,0,10,10,0.00,-0.3528,0.3567,25.7806,30.5553,0.0000,-0.0000,0.0000,10.5211
2026-05-07 20:00:34.640,0,10,10,0.00,-0.3526,0.3545,25.9001,30.6862,0.0000,-0.0000,0.0000,10.6613
2026-05-07 20:00:35.140,0,10,10,0.00,-0.3554,0.3496,26.0189,30.8163,0.0000,-0.0000,0.0000,10.6983
2026-05-07 20:00:35.640,0,10,10,0.00,-0.3540,0.3508,26.1379,30.9459,0.0000,-0.0000,0.0000,10.6442
2026-05-07 20:00:36.140,0,10,10,0.00,-0.3415,0.3524,26.2575,31.0759,0.0000,-0.0000,0.0000,10.6509
2026-05-07 20:00:36.640,0,10,10,0.00,-0.3415,0.3554,26.3646,31.1995,0.0000,-0.0000,0.0000,13.0204
2026-05-07 20:00:37.140,0,10,10,0.00,-0.3534,0.3430,26.4792,31.3366,0.0000,-0.0000,0.0000,13.4474
2026-05-07 20:00:37.640,0,10,10,0.00,-0.3511,0.3485,26.5921,31.4706,0.0000,-0.0000,0.0000,13.3284
2026-05-07 20:00:38.140,0,10,10,0.00,-0.3528,0.3589,26.7065,31.6061,0.0000,-0.0000,0.0000,13.3701
2026-05-07 20:00:38.640,0,10,10,0.00,-0.3553,0.3551,26.8204,31.7416,0.0000,-0.0000,0.0000,13.5627
2026-05-07 20:00:39.140,0,10,10,0.00,-0.3540,0.3513,26.9340,31.8765,0.0000,-0.0000,0.0000,13.3892
2026-05-07 20:00:39.640,0,10,10,0.00,-0.3530,0.3335,27.0450,32.0041,0.0000,-0.0000,0.0000,12.6847
2026-05-07 20:00:40.140,0,10,10,0.00,-0.3536,0.3546,27.1623,32.1357,0.0000,-0.0000,0.0000,11.9695
2026-05-07 20:00:40.640,0,10,10,0.00,-0.3532,0.3520,27.2802,32.2683,0.0000,-0.0000,0.0000,12.0994
2026-05-07 20:00:41.140,0,10,10,0.00,-0.3546,0.3533,27.3972,32.3998,0.0000,-0.0000,0.0000,12.1402
2026-05-07 20:00:41.640,0,10,10,0.00,-0.3532,0.3541,27.5159,32.5332,0.0000,-0.0000,0.0000,12.1375
2026-05-07 20:00:42.140,0,10,10,0.00,-0.3542,0.3502,27.6325,32.6648,0.0000,-0.0000,0.0000,12.4395
2026-05-07 20:00:42.640,0,10,10,0.00,-0.3521,0.3473,27.7492,32.7962,0.0000,-0.0000,0.0000,12.2222
2026-05-07 20:00:43.140,0,10,10,0.00,-0.3523,0.3550,27.8666,32.9279,0.0000,-0.0000,0.0000,12.2655
2026-05-07 20:00:43.640,0,10,10,0.00,-0.2144,0.2504,27.9743,33.0498,0.0000,-0.0000,0.0000,12.6310
2026-05-07 20:00:44.140,0,10,10,0.00,0.0000,-0.0003,27.9994,33.0795,0.0000,-0.0000,0.0000,14.9294
2026-05-07 20:00:44.640,0,10,10,0.00,0.0004,-0.0003,27.9991,33.0791,0.0000,-0.0000,0.0000,14.9294
2026-05-07 20:00:45.140,0,10,10,0.00,0.0000,0.0000,27.9991,33.0791,0.0000,-0.0000,0.0000,14.9294
2026-05-07 20:00:45.640,0,10,10,0.00,0.0000,0.0000,27.9991,33.0791,0.0000,-0.0000,0.0000,14.9294
2026-05-07 20:00:46.140,0,10,10,0.00,-0.0001,0.0000,27.9991,33.0791,0.0000,-0.0000,0.0000,14.9294
2026-05-07 20:00:46.640,0,10,10,0.00,-0.0001,-0.0001,27.9991,33.0791,0.0000,-0.0000,0.0000,14.9294
2026-05-07 20:00:47.140,0,10,10,0.00,-0.0003,0.0001,27.9991,33.0791,0.0000,-0.0000,0.0000,14.9294
2026-05-07 20:00:47.640,0,10,10,0.00,0.0001,0.0000,27.9991,33.0791,0.0000,-0.0000,0.0000,14.9294
2026-05-07 20:00:48.140,0,10,10,0.00,0.0001,-0.0001,27.9991,33.0791,0.0000,-0.0000,0.0000,14.9294
2026-05-07 20:00:48.640,0,10,10,0.00,-0.0001,0.0000,27.9991,33.0791,0.0000,-0.0000,0.0000,14.9294
2026-05-07 20:00:49.140,0,10,10,0.00,0.0001,0.0001,27.9991,33.0791,0.0000,-0.0000,0.0000,14.9294
2026-05-07 20:00:49.640,0,10,10,0.00,0.0000,0.0000,27.9991,33.0791,0.0000,-0.0000,0.0000,14.9294
2026-05-07 20:00:50.140,0,10,10,0.00,0.0000,0.0001,27.9991,33.0791,0.0000,-0.0000,0.0000,14.9294
2026-05-07 20:00:50.640,0,10,10,0.00,-0.0001,0.0000,27.9991,33.0791,0.0000,-0.0000,0.0000,14.9294
2026-05-07 20:00:51.140,0,10,10,0.00,0.0000,-0.0298,27.9956,33.0749,0.0000,-0.0000,0.0000,14.9294
2026-05-07 20:00:51.640,0,10,10,0.00,0.0003,-0.0051,27.9938,33.0728,0.0000,-0.0000,0.0000,14.9294
2026-05-07 20:00:52.140,0,10,10,0.00,-0.0590,0.0145,27.9963,33.0757,0.0000,-0.0000,0.0000,14.9294
2026-05-07 20:00:52.640,0,10,10,0.00,-0.2274,0.1741,28.0403,33.1227,0.0000,-0.0000,0.0000,11.8730
2026-05-07 20:00:53.140,0,10,10,0.00,-0.3543,0.3516,28.1443,33.2263,0.0000,-0.0000,0.0000,8.5820
2026-05-07 20:00:53.640,0,10,10,0.00,-0.3507,0.3585,28.2722,33.3529,0.0000,-0.0000,0.0000,8.7588
2026-05-07 20:00:54.140,0,10,10,0.00,-0.3543,0.3597,28.3977,33.4786,0.0000,-0.0000,0.0000,9.1735
2026-05-07 20:00:54.640,0,10,10,0.00,-0.3540,0.3348,28.5190,33.5983,0.0000,-0.0000,0.0000,8.9127
2026-05-07 20:00:55.140,0,10,10,0.00,-0.3198,0.3592,28.6451,33.7182,0.0000,-0.0000,0.0000,7.3780
2026-05-07 20:00:55.640,0,10,10,0.00,-0.3492,0.3542,28.7614,33.8360,0.0000,-0.0000,0.0000,9.8665
2026-05-07 20:00:56.140,0,10,10,0.00,-0.2957,0.3416,28.8830,33.9633,0.0000,-0.0000,0.0000,10.7924
2026-05-07 20:00:56.640,0,10,10,0.00,0.0003,0.0003,28.9311,34.0153,0.0000,-0.0000,0.0000,12.4042
2026-05-07 20:00:57.140,0,10,10,0.00,0.0351,-0.0005,28.9210,34.0034,0.0000,-0.0000,0.0000,13.5810
2026-05-07 20:00:57.640,0,10,10,0.00,0.0003,0.0003,28.9203,34.0025,0.0000,-0.0000,0.0000,16.0383
2026-05-07 20:00:58.140,0,10,10,0.00,-0.0004,0.0000,28.9203,34.0025,0.0000,-0.0000,0.0000,16.0383
2026-05-07 20:00:58.640,0,10,10,0.00,0.0001,0.0000,28.9242,34.0073,0.0000,-0.0000,0.0000,14.6038
2026-05-07 20:00:59.140,0,10,10,0.00,0.0001,-0.0004,28.9242,34.0073,0.0000,-0.0000,0.0000,14.6038
2026-05-07 20:00:59.640,0,10,10,0.00,0.0000,-0.0001,28.9242,34.0073,0.0000,-0.0000,0.0000,14.6038
2026-05-07 20:01:00.140,0,10,10,0.00,-0.0001,-0.0001,28.9242,34.0073,0.0000,-0.0000,0.0000,14.6038
2026-05-07 20:01:00.640,0,10,10,0.00,0.0000,0.0001,28.9242,34.0073,0.0000,-0.0000,0.0000,14.6038
2026-05-07 20:01:01.140,0,10,10,0.00,0.0000,0.0001,28.9242,34.0073,0.0000,-0.0000,0.0000,14.6038
2026-05-07 20:01:01.640,0,10,10,0.00,0.0000,0.0000,28.9242,34.0073,0.0000,-0.0000,0.0000,14.6038
2026-05-07 20:01:02.140,0,10,10,0.00,0.0001,0.0000,28.9242,34.0073,0.0000,-0.0000,0.0000,14.6038
2026-05-07 20:01:02.640,0,10,10,0.00,0.0001,0.0000,28.9242,34.0073,0.0000,-0.0000,0.0000,14.6038
2026-05-07 20:01:03.140,0,10,10,0.00,-0.0004,0.0001,28.9215,34.0039,0.0000,-0.0000,0.0000,14.6038
2026-05-07 20:01:03.640,0,10,10,0.00,0.0000,0.0000,28.9210,34.0033,0.0000,-0.0000,0.0000,14.6038
2026-05-07 20:01:04.140,0,10,10,0.00,-0.1513,0.0000,28.9318,34.0158,0.0000,-0.0000,0.0000,14.6038
2026-05-07 20:01:04.640,0,10,10,0.00,-0.0094,0.0001,28.9548,34.0383,0.0000,-0.0000,0.0000,6.7457
2026-05-07 20:01:05.140,0,10,10,0.00,0.0042,0.0000,28.9476,34.0318,0.0000,-0.0000,0.0000,5.1071
2026-05-07 20:01:05.640,0,10,10,0.00,0.0224,-0.0001,28.9457,34.0300,0.0000,-0.0000,0.0000,7.0175
2026-05-07 20:01:06.140,0,10,10,0.00,0.0647,0.0000,28.9416,34.0261,0.0000,-0.0000,0.0000,7.0175
2026-05-07 20:01:06.640,0,10,10,0.00,0.0000,0.0000,28.9405,34.0249,0.0000,-0.0000,0.0000,8.5857
2026-05-07 20:01:07.140,0,10,10,0.00,-0.1181,0.0534,28.9521,34.0363,0.0000,-0.0000,0.0000,8.5857
2026-05-07 20:01:07.640,0,9,10,0.00,-0.0927,0.1300,29.0003,34.0809,0.0000,-0.0000,0.0000,6.2902
2026-05-07 20:01:08.140,0,10,10,0.00,-0.0742,0.0904,29.0153,34.0953,0.0000,-0.0000,0.0000,7.4979
2026-05-07 20:01:08.640,0,10,10,0.00,-0.0229,0.0920,29.0622,34.1433,0.0000,-0.0000,0.0000,10.0188
2026-05-07 20:01:09.140,0,10,10,0.00,-0.0695,0.0707,29.0737,34.1555,0.0000,-0.0000,0.0000,11.0300
2026-05-07 20:01:09.640,0,10,10,0.00,-0.0529,0.0243,29.0816,34.1639,0.0000,-0.0000,0.0000,11.0300
2026-05-07 20:01:10.140,0,10,10,0.00,-0.0051,0.0182,29.1030,34.1864,0.0000,-0.0000,0.0000,11.0377
2026-05-07 20:01:10.640,0,10,10,0.00,-0.1308,0.1295,29.1236,34.2076,0.0000,-0.0000,0.0000,10.6691
2026-05-07 20:01:11.140,0,10,10,0.00,0.0004,-0.0001,29.1368,34.2213,0.0000,-0.0000,0.0000,10.0875
2026-05-07 20:01:11.640,0,10,10,0.00,-0.0005,0.0000,29.1368,34.2213,0.0000,-0.0000,0.0000,10.0875
2026-05-07 20:01:12.140,0,10,10,0.00,0.0004,0.0010,29.1369,34.2214,0.0000,-0.0000,0.0000,10.0875
2026-05-07 20:01:12.640,0,10,10,0.00,-0.0017,0.0034,29.1371,34.2216,0.0000,-0.0000,0.0000,10.0875
2026-05-07 20:01:13.140,0,10,10,0.00,-0.0737,0.1034,29.1617,34.2479,0.0000,-0.0000,0.0000,11.1781
2026-05-07 20:01:13.640,0,10,10,0.00,-0.0778,0.0609,29.1737,34.2611,0.0000,-0.0000,0.0000,11.0824
2026-05-07 20:01:14.140,0,10,10,0.00,0.0001,0.0069,29.1914,34.2802,0.0000,-0.0000,0.0000,11.6837
2026-05-07 20:01:14.640,0,10,10,0.00,-0.0601,0.0664,29.2057,34.2954,0.0000,-0.0000,0.0000,11.3517
2026-05-07 20:01:15.140,0,10,10,0.00,-0.0292,0.0295,29.2115,34.3016,0.0000,-0.0000,0.0000,11.3695
2026-05-07 20:01:15.640,0,10,10,0.00,-0.0001,0.0001,29.2246,34.3158,0.0000,-0.0000,0.0000,11.3695
2026-05-07 20:01:16.140,0,10,10,0.00,-0.0373,0.0262,29.2358,34.3279,0.0000,-0.0000,0.0000,12.5481
2026-05-07 20:01:16.640,0,10,10,0.00,-0.0476,0.0099,29.2366,34.3288,0.0000,-0.0000,0.0000,15.5390
2026-05-07 20:01:17.140,0,10,10,0.00,0.0003,-0.0134,29.2415,34.3339,0.0000,-0.0000,0.0000,14.2649
2026-05-07 20:01:17.640,0,10,10,0.00,-0.0010,0.0004,29.2409,34.3333,0.0000,-0.0000,0.0000,14.2649
2026-05-07 20:01:18.140,0,10,10,0.00,0.0000,-0.0001,29.2475,34.3398,0.0000,-0.0000,0.0000,14.2649
2026-05-07 20:01:18.640,0,10,10,0.00,-0.1241,0.1240,29.2661,34.3572,0.0000,-0.0000,0.0000,14.2649
2026-05-07 20:01:19.140,0,10,10,0.00,-0.0322,0.0207,29.2917,34.3819,0.0000,-0.0000,0.0000,12.6803
2026-05-07 20:01:19.640,0,10,10,0.00,-0.1999,0.2085,29.3337,34.4233,0.0000,-0.0000,0.0000,13.0886
2026-05-07 20:01:20.140,0,10,10,0.00,-0.0880,0.1738,29.3984,34.4890,0.0000,-0.0000,0.0000,13.2446
2026-05-07 20:01:20.640,0,10,10,0.00,-0.1978,0.2774,29.4652,34.5674,0.0000,-0.0000,0.0000,18.0178
2026-05-07 20:01:21.140,0,10,10,0.00,-0.0021,-0.0062,29.4910,34.6007,0.0000,-0.0000,0.0000,21.4499
2026-05-07 20:01:21.640,0,10,10,0.00,-0.1819,0.1346,29.5131,34.6304,0.0000,-0.0000,0.0000,23.0766
2026-05-07 20:01:22.140,0,10,10,0.00,-0.1856,0.2301,29.5828,34.7205,0.0000,-0.0000,0.0000,20.8533
2026-05-07 20:01:22.640,0,10,10,0.00,0.0301,-0.0004,29.5999,34.7432,0.0000,-0.0000,0.0000,22.6861
2026-05-07 20:01:23.140,0,10,10,0.00,0.0001,0.0000,29.5948,34.7358,0.0000,-0.0000,0.0000,23.8603
2026-05-07 20:01:23.640,0,10,10,0.00,0.0003,0.0001,29.5939,34.7345,0.0000,-0.0000,0.0000,23.8603
2026-05-07 20:01:24.140,0,10,10,0.00,-0.0297,-0.0001,29.5951,34.7364,0.0000,-0.0000,0.0000,23.8603
2026-05-07 20:01:24.640,0,10,10,0.00,-0.1831,0.1419,29.6190,34.7691,0.0000,-0.0000,0.0000,23.8603
2026-05-07 20:01:25.140,0,10,10,0.00,-0.3379,0.2121,29.6920,34.8621,0.0000,-0.0000,0.0000,20.7957
2026-05-07 20:01:25.640,0,10,10,0.00,-0.3525,0.3207,29.7963,34.9733,0.0000,-0.0000,0.0000,14.4082
2026-05-07 20:01:26.140,0,10,10,0.00,-0.3521,0.3223,29.9238,35.1007,0.0000,-0.0000,0.0000,13.1670
2026-05-07 20:01:26.640,0,10,10,0.00,-0.3536,0.2422,30.0311,35.1992,0.0000,-0.0000,0.0000,11.7727
2026-05-07 20:01:27.140,0,10,10,0.00,-0.3555,0.3763,30.1643,35.3026,0.0000,-0.0000,0.0000,5.6801
2026-05-07 20:01:27.640,0,10,10,0.00,-0.3533,0.3492,30.3050,35.4129,0.0000,-0.0000,0.0000,6.7236
2026-05-07 20:01:28.140,0,10,10,0.00,-0.3553,0.3549,30.4426,35.5203,0.0000,-0.0000,0.0000,6.1612
2026-05-07 20:01:28.640,0,10,10,0.00,-0.3528,0.3579,30.5829,35.6294,0.0000,-0.0000,0.0000,6.3667
2026-05-07 20:01:29.140,0,10,10,0.00,-0.3541,0.3579,30.7227,35.7391,0.0000,-0.0000,0.0000,6.7382
2026-05-07 20:01:29.640,0,9,10,0.00,-0.3524,0.3496,30.8493,35.8387,0.0000,-0.0000,0.0000,6.8745
2026-05-07 20:01:30.140,0,10,10,0.00,-0.3381,0.3576,30.9860,35.9522,0.0000,-0.0000,0.0000,8.0729
2026-05-07 20:01:30.640,0,10,10,0.00,-0.3545,0.3549,31.1212,36.0692,0.0000,-0.0000,0.0000,9.8262
2026-05-07 20:01:31.140,0,10,10,0.00,-0.3528,0.3520,31.2546,36.1848,0.0000,-0.0000,0.0000,9.8058
2026-05-07 20:01:31.640,0,10,10,0.00,-0.3540,0.3507,31.3878,36.2998,0.0000,-0.0000,0.0000,9.8075
2026-05-07 20:01:32.140,0,10,10,0.00,-0.3537,0.3566,31.5216,36.4150,0.0000,-0.0000,0.0000,9.8263
2026-05-07 20:01:32.640,0,10,10,0.00,-0.3541,0.3543,31.6557,36.5308,0.0000,-0.0000,0.0000,9.9188
2026-05-07 20:01:33.140,0,10,10,0.00,-0.3533,0.3466,31.7891,36.6460,0.0000,-0.0000,0.0000,9.8077
2026-05-07 20:01:33.640,0,10,10,0.00,-0.3173,0.3533,31.9221,36.7605,0.0000,-0.0000,0.0000,9.8414
2026-05-07 20:01:34.140,0,10,10,0.00,-0.3305,0.3583,32.0376,36.8688,0.0000,-0.0000,0.0000,13.7051
2026-05-07 20:01:34.640,0,10,10,0.00,-0.3503,0.3474,32.1643,36.9951,0.0000,-0.0000,0.0000,14.5181
2026-05-07 20:01:35.140,0,10,10,0.00,-0.3546,0.3523,32.2885,37.1180,0.0000,-0.0000,0.0000,14.1719
2026-05-07 20:01:35.640,0,10,10,0.00,-0.3516,0.3525,32.4143,37.2417,0.0000,-0.0000,0.0000,14.1243
2026-05-07 20:01:36.140,0,10,10,0.00,-0.3449,0.3559,32.5341,37.3625,0.0000,-0.0000,0.0000,14.8443
2026-05-07 20:01:36.640,0,10,10,0.00,-0.2443,0.3456,32.6510,37.4851,0.0000,-0.0000,0.0000,15.9919
2026-05-07 20:01:37.140,0,10,10,0.00,-0.3649,0.3651,32.7590,37.6108,0.0000,-0.0000,0.0000,20.2633
2026-05-07 20:01:37.640,0,10,10,0.00,-0.3534,0.3577,32.8730,37.7468,0.0000,-0.0000,0.0000,20.3146
2026-05-07 20:01:38.140,0,10,10,0.00,-0.3538,0.3507,32.9868,37.8828,0.0000,-0.0000,0.0000,20.5458
2026-05-07 20:01:38.640,0,9,10,0.00,-0.3542,0.3481,33.0998,38.0173,0.0000,-0.0000,0.0000,20.1442
2026-05-07 20:01:39.140,0,10,10,0.00,-0.1885,0.1971,33.1953,38.1295,0.0000,-0.0000,0.0000,20.1306
2026-05-07 20:01:39.640,0,10,10,0.00,0.0000,-0.0025,33.2078,38.1442,0.0000,-0.0000,0.0000,20.3437
2026-05-07 20:01:40.140,0,10,10,0.00,0.0009,-0.0247,33.2017,38.1373,0.0000,-0.0000,0.0000,20.3437
2026-05-07 20:01:40.640,0,10,10,0.00,0.0000,0.0001,33.2009,38.1365,0.0000,-0.0000,0.0000,19.1273
2026-05-07 20:01:41.140,0,10,10,0.00,-0.1302,0.1088,33.2174,38.1541,0.0000,-0.0000,0.0000,19.1273
2026-05-07 20:01:41.640,0,10,10,0.00,-0.1369,0.2996,33.2784,38.2196,0.0000,-0.0000,0.0000,17.6523
2026-05-07 20:01:42.140,0,10,10,0.00,-0.3004,0.3753,33.3662,38.3396,0.0000,-0.0000,0.0000,25.2936
2026-05-07 20:01:42.640,0,10,10,0.00,-0.3549,0.3189,33.4548,38.4711,0.0000,-0.0000,0.0000,28.1147
2026-05-07 20:01:43.140,0,10,10,0.00,-0.3515,0.3644,33.5564,38.6124,0.0000,-0.0000,0.0000,25.1665
2026-05-07 20:01:43.640,0,10,10,0.00,-0.3528,0.2512,33.6520,38.7409,0.0000,-0.0000,0.0000,25.8642
2026-05-07 20:01:44.140,0,10,10,0.00,-0.3551,0.3617,33.7597,38.8662,0.0000,-0.0000,0.0000,19.7937
2026-05-07 20:01:44.640,0,10,10,0.00,-0.3524,0.2772,33.8694,38.9875,0.0000,-0.0000,0.0000,19.2983
2026-05-07 20:01:45.140,0,10,10,0.00,-0.3532,0.3627,33.9901,39.1091,0.0000,-0.0000,0.0000,16.1880
2026-05-07 20:01:45.640,0,10,10,0.00,-0.3532,0.2477,34.1065,39.2227,0.0000,-0.0000,0.0000,16.4533
2026-05-07 20:01:46.140,0,10,10,0.00,-0.2526,0.3655,34.2308,39.3287,0.0000,-0.0000,0.0000,11.3731
2026-05-07 20:01:46.640,0,10,10,0.00,-0.3640,0.3615,34.3472,39.4368,0.0000,-0.0000,0.0000,14.5461
2026-05-07 20:01:47.140,0,8,10,0.00,-0.2706,0.3483,34.4757,39.5605,0.0000,-0.0000,0.0000,15.5249
2026-05-07 20:01:47.640,0,10,10,0.00,-0.3614,0.3627,34.5886,39.6770,0.0000,-0.0000,0.0000,17.7850
2026-05-07 20:01:48.140,0,10,10,0.00,-0.3532,0.3431,34.7113,39.8066,0.0000,-0.0000,0.0000,18.5374
2026-05-07 20:01:48.640,0,10,10,0.00,-0.3536,0.3509,34.8323,39.9335,0.0000,-0.0000,0.0000,18.3563
2026-05-07 20:01:49.140,0,10,10,0.00,-0.2125,0.2388,34.9404,40.0464,0.0000,-0.0000,0.0000,18.4731
2026-05-07 20:01:49.640,0,10,10,0.00,0.0000,-0.0033,34.9616,40.0689,0.0000,-0.0000,0.0000,18.8200
2026-05-07 20:01:50.140,0,10,10,0.00,0.0000,0.0000,34.9615,40.0688,0.0000,-0.0000,0.0000,18.8200
2026-05-07 20:01:50.640,0,10,10,0.00,0.0003,-0.0001,34.9615,40.0688,0.0000,-0.0000,0.0000,18.8200
2026-05-07 20:01:51.140,0,10,10,0.00,0.0000,0.0001,34.9615,40.0688,0.0000,-0.0000,0.0000,18.8200
2026-05-07 20:01:51.640,0,10,10,0.00,0.0000,0.0000,34.9615,40.0688,0.0000,-0.0000,0.0000,18.8200
2026-05-07 20:01:52.140,0,10,10,0.00,0.0000,0.0001,34.9615,40.0688,0.0000,-0.0000,0.0000,18.8200
2026-05-07 20:01:52.640,0,10,10,0.00,0.0000,0.0001,34.9615,40.0688,0.0000,-0.0000,0.0000,18.8200
2026-05-07 20:01:53.140,0,10,10,0.00,0.0003,0.0004,34.9615,40.0688,0.0000,-0.0000,0.0000,18.8200
2026-05-07 20:01:53.640,0,10,10,0.00,0.0003,0.0000,34.9615,40.0688,0.0000,-0.0000,0.0000,18.8200
2026-05-07 20:01:54.140,0,10,10,0.00,0.0000,0.0000,34.9615,40.0688,0.0000,-0.0000,0.0000,18.8200
2026-05-07 20:01:54.640,0,10,10,0.00,0.0000,0.0000,34.9615,40.0688,0.0000,-0.0000,0.0000,18.8200
2026-05-07 20:01:55.140,0,10,10,0.00,0.0195,0.0001,34.9611,40.0683,0.0000,-0.0000,0.0000,18.8200
2026-05-07 20:01:55.640,0,10,10,0.00,0.0000,0.0000,34.9583,40.0653,0.0000,-0.0000,0.0000,18.8200
2026-05-07 20:01:56.140,0,10,10,0.00,0.0000,0.0001,34.9583,40.0653,0.0000,-0.0000,0.0000,18.8200
2026-05-07 20:01:56.640,0,10,10,0.00,0.0003,0.0003,34.9583,40.0653,0.0000,-0.0000,0.0000,18.8200
2026-05-07 20:01:57.140,0,10,10,0.00,0.0003,0.0000,34.9583,40.0653,0.0000,-0.0000,0.0000,18.8200
2026-05-07 20:01:57.640,0,10,10,0.00,0.0003,0.0001,34.9583,40.0653,0.0000,-0.0000,0.0000,18.8200
2026-05-07 20:01:58.140,0,10,10,0.00,-0.0001,-0.0001,34.9583,40.0653,0.0000,-0.0000,0.0000,18.8200
2026-05-07 20:01:58.640,0,10,10,0.00,0.0001,0.0000,34.9583,40.0653,0.0000,-0.0000,0.0000,18.8200
2026-05-07 20:01:59.140,0,10,10,0.00,-0.0001,-0.0003,34.9583,40.0653,0.0000,-0.0000,0.0000,18.8200
2026-05-07 20:01:59.640,0,10,10,0.00,0.0000,-0.0003,34.9583,40.0653,0.0000,-0.0000,0.0000,18.8200
2026-05-07 20:02:00.140,0,10,10,0.00,0.0001,0.0001,34.9583,40.0653,0.0000,-0.0000,0.0000,18.8200
2026-05-07 20:02:00.640,0,10,10,0.00,0.0000,-0.0001,34.9581,40.0651,0.0000,-0.0000,0.0000,18.8200
2026-05-07 20:02:01.140,0,10,10,0.00,0.0363,-0.0005,34.9569,40.0637,0.0000,-0.0000,0.0000,18.8200
2026-05-07 20:02:01.640,0,10,10,0.00,0.0001,-0.0067,34.9554,40.0621,0.0000,-0.0000,0.0000,18.8200
2026-05-07 20:02:02.140,0,10,10,0.00,0.0000,-0.0001,34.9553,40.0619,0.0000,-0.0000,0.0000,18.8200
2026-05-07 20:02:02.640,0,10,10,0.00,-0.1128,0.0568,34.9652,40.0727,0.0000,-0.0000,0.0000,18.8200
2026-05-07 20:02:03.140,0,10,10,0.00,-0.2784,0.2054,35.0278,40.1350,0.0000,-0.0000,0.0000,16.2045
2026-05-07 20:02:03.640,0,10,10,0.00,-0.3189,0.3629,35.1383,40.2381,0.0000,-0.0000,0.0000,14.2305
2026-05-07 20:02:04.140,0,10,10,0.00,-0.3547,0.3598,35.2660,40.3627,0.0000,-0.0000,0.0000,16.8621
2026-05-07 20:02:04.640,0,10,10,0.00,-0.2305,0.3471,35.3824,40.4786,0.0000,-0.0000,0.0000,16.9077
2026-05-07 20:02:05.140,0,10,10,0.00,-0.3227,0.3723,35.4775,40.5930,0.0000,-0.0000,0.0000,24.3448
2026-05-07 20:02:05.640,0,10,10,0.00,-0.3557,0.3448,35.5859,40.7347,0.0000,-0.0000,0.0000,25.1318
2026-05-07 20:02:06.140,0,10,10,0.00,-0.3529,0.3511,35.6928,40.8729,0.0000,-0.0000,0.0000,24.3608
2026-05-07 20:02:06.640,0,10,10,0.00,-0.2073,0.2649,35.7903,41.0001,0.0000,-0.0000,0.0000,24.9161
2026-05-07 20:02:07.140,0,10,10,0.00,0.0017,-0.0123,35.8066,41.0229,0.0000,-0.0000,0.0000,28.3608
2026-05-07 20:02:07.640,0,10,10,0.00,0.0003,0.0001,35.8065,41.0227,0.0000,-0.0000,0.0000,28.3608
2026-05-07 20:02:08.140,0,10,10,0.00,0.0000,0.0001,35.8065,41.0227,0.0000,-0.0000,0.0000,28.3608
2026-05-07 20:02:08.640,0,10,10,0.00,0.0000,-0.0003,35.8065,41.0227,0.0000,-0.0000,0.0000,28.3608
2026-05-07 20:02:09.140,0,10,10,0.00,-0.0001,-0.0001,35.8065,41.0227,0.0000,-0.0000,0.0000,28.3608
2026-05-07 20:02:09.640,0,10,10,0.00,0.0000,0.0000,35.8065,41.0227,0.0000,-0.0000,0.0000,28.3608
2026-05-07 20:02:10.140,0,10,10,0.00,0.0000,0.0000,35.8065,41.0227,0.0000,-0.0000,0.0000,28.3608
2026-05-07 20:02:10.640,0,10,10,0.00,0.0000,0.0000,35.8065,41.0227,0.0000,-0.0000,0.0000,28.3608
2026-05-07 20:02:11.140,0,10,10,0.00,0.0000,0.0000,35.8065,41.0227,0.0000,-0.0000,0.0000,28.3608
2026-05-07 20:02:11.640,0,10,10,0.00,0.0000,-0.0001,35.8065,41.0227,0.0000,-0.0000,0.0000,28.3608
2026-05-07 20:02:12.140,0,10,10,0.00,0.0001,0.0000,35.8065,41.0227,0.0000,-0.0000,0.0000,28.3608
2026-05-07 20:02:12.640,0,10,10,0.00,-0.0001,0.0000,35.8065,41.0227,0.0000,-0.0000,0.0000,28.3608
2026-05-07 20:02:13.140,0,10,10,0.00,-0.0001,0.0001,35.8065,41.0227,0.0000,-0.0000,0.0000,28.3608
2026-05-07 20:02:13.640,0,10,10,0.00,0.0000,0.0000,35.8065,41.0227,0.0000,-0.0000,0.0000,28.3608
2026-05-07 20:02:14.140,0,10,10,0.00,0.0000,0.0001,35.8065,41.0227,0.0000,-0.0000,0.0000,28.3608
2026-05-07 20:02:14.640,0,10,10,0.00,0.0001,0.0001,35.8065,41.0227,0.0000,-0.0000,0.0000,28.3608
2026-05-07 20:02:15.140,0,10,10,0.00,0.0000,0.0000,35.8065,41.0227,0.0000,-0.0000,0.0000,28.3608
2026-05-07 20:02:15.640,0,10,10,0.00,0.0001,0.0000,35.8065,41.0227,0.0000,-0.0000,0.0000,28.3608
2026-05-07 20:02:16.140,0,10,10,0.00,0.0001,0.0000,35.8065,41.0227,0.0000,-0.0000,0.0000,28.3608
2026-05-07 20:02:16.640,0,10,10,0.00,0.0000,0.0000,35.8065,41.0227,0.0000,-0.0000,0.0000,28.3608
2026-05-07 20:02:17.140,0,10,10,0.00,0.0000,-0.0003,35.8065,41.0227,0.0000,-0.0000,0.0000,28.3608
2026-05-07 20:02:17.640,0,10,10,0.00,0.0000,-0.0001,35.8065,41.0227,0.0000,-0.0000,0.0000,28.3608
2026-05-07 20:02:18.140,0,10,10,0.00,0.0128,0.0000,35.8041,41.0191,0.0000,-0.0000,0.0000,28.3608
2026-05-07 20:02:18.640,0,10,10,0.00,0.0000,-0.0237,35.8035,41.0183,0.0000,-0.0000,0.0000,28.3608
2026-05-07 20:02:19.140,0,10,10,0.00,0.0000,0.0000,35.8035,41.0183,0.0000,-0.0000,0.0000,28.3608
2026-05-07 20:02:19.640,0,10,10,0.00,0.0001,0.0000,35.8035,41.0183,0.0000,-0.0000,0.0000,28.3608
2026-05-07 20:02:20.140,0,10,10,0.00,-0.0001,0.0000,35.8035,41.0183,0.0000,-0.0000,0.0000,28.3608
2026-05-07 20:02:20.640,0,10,10,0.00,-0.0001,0.0000,35.8035,41.0183,0.0000,-0.0000,0.0000,28.3608
2026-05-07 20:02:21.140,0,10,10,0.00,0.0000,0.0000,35.8035,41.0183,0.0000,-0.0000,0.0000,28.3608
2026-05-07 20:02:21.640,0,10,10,0.00,-0.0004,-0.0001,35.8035,41.0183,0.0000,-0.0000,0.0000,28.3608
2026-05-07 20:02:22.140,0,10,10,0.00,0.0000,-0.0001,35.8035,41.0183,0.0000,-0.0000,0.0000,28.3608
2026-05-07 20:02:22.640,0,10,10,0.00,0.0000,-0.0001,35.8035,41.0183,0.0000,-0.0000,0.0000,28.3608
2026-05-07 20:02:23.140,0,10,10,0.00,0.0000,0.0000,35.8035,41.0183,0.0000,-0.0000,0.0000,28.3608
2026-05-07 20:02:23.640,0,10,10,0.00,0.0004,0.0000,35.8035,41.0183,0.0000,-0.0000,0.0000,28.3608
2026-05-07 20:02:24.140,0,10,10,0.00,0.0013,0.0000,35.8020,41.0160,0.0000,-0.0000,0.0000,28.3608
2026-05-07 20:02:24.640,0,10,10,0.00,0.0000,0.0000,35.8020,41.0160,0.0000,-0.0000,0.0000,28.3608
2026-05-07 20:02:25.140,0,10,10,0.00,0.0003,-0.0003,35.8022,41.0163,0.0000,-0.0000,0.0000,28.3608
2026-05-07 20:02:25.640,0,10,10,0.00,0.0001,0.0000,35.8022,41.0163,0.0000,-0.0000,0.0000,28.3608
2026-05-07 20:02:26.140,0,10,10,0.00,-0.0003,0.0000,35.8022,41.0163,0.0000,-0.0000,0.0000,28.3608
2026-05-07 20:02:26.640,0,10,10,0.00,-0.0003,-0.0003,35.8022,41.0163,0.0000,-0.0000,0.0000,28.3608
2026-05-07 20:02:27.140,0,10,10,0.00,0.0000,0.0005,35.8022,41.0163,0.0000,-0.0000,0.0000,28.3608
2026-05-07 20:02:27.640,0,10,10,0.00,0.0003,0.0000,35.8022,41.0163,0.0000,-0.0000,0.0000,28.3608
2026-05-07 20:02:28.140,0,10,10,0.00,0.0001,0.0001,35.8022,41.0163,0.0000,-0.0000,0.0000,28.3608
2026-05-07 20:02:28.640,0,10,10,0.00,0.0000,-0.0001,35.8022,41.0163,0.0000,-0.0000,0.0000,28.3608
2026-05-07 20:02:29.140,0,10,10,0.00,0.0001,0.0000,35.8022,41.0163,0.0000,-0.0000,0.0000,28.3608
2026-05-07 20:02:29.640,0,10,10,0.00,0.0000,0.0001,35.8022,41.0163,0.0000,-0.0000,0.0000,28.3608
2026-05-07 20:02:30.140,0,10,10,0.00,0.0003,0.0001,35.8022,41.0163,0.0000,-0.0000,0.0000,28.3608
2026-05-07 20:02:30.640,0,10,10,0.00,0.0000,-0.0001,35.8022,41.0163,0.0000,-0.0000,0.0000,28.3608
2026-05-07 20:02:31.140,0,10,10,0.00,0.0000,0.0000,35.8022,41.0163,0.0000,-0.0000,0.0000,28.3608
2026-05-07 20:02:31.640,0,10,10,0.00,0.0000,0.0001,35.8022,41.0163,0.0000,-0.0000,0.0000,28.3608
2026-05-07 20:02:32.140,0,10,10,0.00,0.0000,0.0000,35.8022,41.0163,0.0000,-0.0000,0.0000,28.3608
2026-05-07 20:02:32.640,0,10,10,0.00,-0.0948,0.0475,35.8091,41.0265,0.0000,-0.0000,0.0000,28.3608
2026-05-07 20:02:33.140,0,10,10,0.00,-0.2492,0.2550,35.8597,41.0977,0.0000,-0.0000,0.0000,27.9339
2026-05-07 20:02:33.640,0,10,10,0.00,-0.3588,0.3587,35.9540,41.2290,0.0000,-0.0000,0.0000,27.4794
2026-05-07 20:02:34.140,0,10,10,0.00,-0.3505,0.3143,36.0542,41.3654,0.0000,-0.0000,0.0000,26.9622
2026-05-07 20:02:34.640,0,10,10,0.00,-0.3509,0.3143,36.1593,41.4998,0.0000,-0.0000,0.0000,24.8524
2026-05-07 20:02:35.140,0,10,10,0.00,-0.3181,0.2750,36.2652,41.6294,0.0000,-0.0000,0.0000,24.0388
2026-05-07 20:02:35.640,0,10,10,0.00,0.0001,-0.0010,36.3042,41.6751,0.0000,-0.0000,0.0000,22.9901
2026-05-07 20:02:36.140,0,8,10,0.00,-0.0033,0.0005,36.3023,41.6730,0.0000,-0.0000,0.0000,22.9901
2026-05-07 20:02:36.640,0,8,10,0.00,0.0141,0.0000,36.3057,41.6768,0.0000,-0.0000,0.0000,22.6331
2026-05-07 20:02:37.140,0,10,10,0.00,0.0005,0.0005,36.3016,41.6720,0.0000,-0.0000,0.0000,22.6331
2026-05-07 20:02:37.640,0,10,10,0.00,-0.0295,0.0118,36.3033,41.6740,0.0000,-0.0000,0.0000,22.6331
2026-05-07 20:02:38.140,0,10,10,0.00,-0.1926,0.1310,36.3365,41.7128,0.0000,-0.0000,0.0000,22.9450
2026-05-07 20:02:38.640,0,10,10,0.00,-0.3502,0.2346,36.4157,41.7957,0.0000,-0.0000,0.0000,19.3748
2026-05-07 20:02:39.140,0,10,10,0.00,-0.3532,0.3754,36.5439,41.9137,0.0000,-0.0000,0.0000,14.9428
2026-05-07 20:02:39.640,0,10,10,0.00,-0.3537,0.3592,36.6654,42.0310,0.0000,-0.0000,0.0000,17.8038
2026-05-07 20:02:40.140,0,10,10,0.00,-0.3530,0.3423,36.7913,42.1557,0.0000,-0.0000,0.0000,17.8528
2026-05-07 20:02:40.640,0,10,10,0.00,-0.3534,0.3541,36.9166,42.2787,0.0000,-0.0000,0.0000,17.5346
2026-05-07 20:02:41.140,0,10,10,0.00,-0.3545,0.3558,37.0429,42.4027,0.0000,-0.0000,0.0000,17.6002
2026-05-07 20:02:41.640,0,10,10,0.00,-0.3560,0.3588,37.1692,42.5270,0.0000,-0.0000,0.0000,17.7402
2026-05-07 20:02:42.140,0,10,10,0.00,-0.3517,0.3439,37.2946,42.6505,0.0000,-0.0000,0.0000,17.6765
2026-05-07 20:02:42.640,0,10,10,0.00,-0.3533,0.3538,37.4207,42.7741,0.0000,-0.0000,0.0000,17.6573
2026-05-07 20:02:43.140,0,10,10,0.00,-0.3494,0.3523,37.5470,42.8984,0.0000,-0.0000,0.0000,17.7459
2026-05-07 20:02:43.640,0,10,10,0.00,-0.3559,0.3554,37.6726,43.0225,0.0000,-0.0000,0.0000,17.9109
2026-05-07 20:02:44.140,0,10,10,0.00,-0.3529,0.1898,37.7879,43.1329,0.0000,-0.0000,0.0000,17.4495
2026-05-07 20:02:44.640,0,10,10,0.00,-0.3536,0.0669,37.8744,43.1923,0.0000,-0.0000,0.0000,6.0266
2026-05-07 20:02:45.140,0,10,10,0.00,-0.3533,0.2589,38.0001,43.2415,0.0000,-0.0000,0.0000,-7.4651
2026-05-07 20:02:45.640,0,9,10,0.00,-0.3543,0.1940,38.1317,43.2755,0.0000,-0.0000,0.0000,-13.2800
2026-05-07 20:02:46.140,0,10,10,0.00,-0.3529,0.3571,38.2870,43.2955,0.0000,-0.0000,0.0000,-21.5808
2026-05-07 20:02:46.640,0,10,10,0.00,-0.3511,0.2652,38.4602,43.3151,0.0000,-0.0000,0.0000,-20.9761
2026-05-07 20:02:47.140,0,10,10,0.00,-0.3512,0.1310,38.5866,43.3185,0.0000,-0.0000,0.0000,-27.1806
2026-05-07 20:02:47.640,0,10,10,0.00,-0.3521,0.3553,38.7380,43.2975,0.0000,-0.0000,0.0000,-37.3273
2026-05-07 20:02:48.140,0,10,10,0.00,-0.3523,0.3721,38.9167,43.2702,0.0000,-0.0000,0.0000,-36.7808
2026-05-07 20:02:48.640,0,10,10,0.00,-0.3550,0.3513,39.0924,43.2457,0.0000,-0.0000,0.0000,-36.1210
2026-05-07 20:02:49.140,0,10,10,0.00,-0.3538,0.3520,39.2663,43.2209,0.0000,-0.0000,0.0000,-36.6458
2026-05-07 20:02:49.640,0,10,10,0.00,-0.3540,0.3554,39.4412,43.1956,0.0000,-0.0000,0.0000,-36.6552
2026-05-07 20:02:50.140,0,10,10,0.00,-0.3529,0.3547,39.6171,43.1706,0.0000,-0.0000,0.0000,-36.2565
2026-05-07 20:02:50.640,0,10,10,0.00,-0.3547,0.3504,39.7917,43.1463,0.0000,-0.0000,0.0000,-36.3176
2026-05-07 20:02:51.140,0,10,10,0.00,-0.3528,0.3511,39.9660,43.1214,0.0000,-0.0000,0.0000,-36.7509
2026-05-07 20:02:51.640,0,10,10,0.00,-0.1350,0.3549,40.1235,43.1008,0.0000,-0.0000,0.0000,-36.4669
2026-05-07 20:02:52.140,0,10,10,0.00,-0.2525,0.3605,40.2511,43.1039,0.0000,-0.0000,0.0000,-24.8023
2026-05-07 20:02:52.640,0,10,10,0.00,-0.3604,0.3540,40.4177,43.1244,0.0000,-0.0000,0.0000,-20.3183
2026-05-07 20:02:53.140,0,9,10,0.00,-0.3499,0.3485,40.5926,43.1471,0.0000,-0.0000,0.0000,-21.1190
2026-05-07 20:02:53.640,0,10,10,0.00,-0.3536,0.3576,40.7685,43.1698,0.0000,-0.0000,0.0000,-20.6082
2026-05-07 20:02:54.140,0,10,10,0.00,-0.3521,0.3591,40.9439,43.1931,0.0000,-0.0000,0.0000,-20.3535
2026-05-07 20:02:54.640,0,10,10,0.00,-0.3533,0.3435,41.1179,43.2159,0.0000,-0.0000,0.0000,-20.8207
2026-05-07 20:02:55.140,0,10,10,0.00,-0.3513,0.3577,41.2931,43.2382,0.0000,-0.0000,0.0000,-21.0479
2026-05-07 20:02:55.640,0,10,10,0.00,-0.3536,0.3572,41.4695,43.2615,0.0000,-0.0000,0.0000,-20.3423
2026-05-07 20:02:56.140,0,10,10,0.00,-0.1526,0.3365,41.6241,43.2842,0.0000,-0.0000,0.0000,-20.1874
2026-05-07 20:02:56.640,0,10,10,0.00,-0.0116,0.3567,41.7126,43.3136,0.0000,-0.0000,0.0000,-8.4925
2026-05-07 20:02:57.140,0,10,10,0.00,-0.1796,0.3614,41.8078,43.3797,0.0000,-0.0000,0.0000,9.0291
2026-05-07 20:02:57.640,0,10,10,0.00,-0.1826,0.3371,41.9063,43.4742,0.0000,-0.0000,0.0000,17.4534
2026-05-07 20:02:58.140,0,10,10,0.00,-0.3437,0.3632,42.0041,43.5947,0.0000,-0.0000,0.0000,25.0588
2026-05-07 20:02:58.640,0,10,10,0.00,-0.3504,0.3451,42.1126,43.7355,0.0000,-0.0000,0.0000,25.9515
2026-05-07 20:02:59.141,0,9,10,0.00,-0.3540,0.3538,42.2205,43.8755,0.0000,-0.0000,0.0000,25.9427
2026-05-07 20:02:59.640,0,10,10,0.00,-0.3563,0.3479,42.3279,44.0142,0.0000,-0.0000,0.0000,25.6698
2026-05-07 20:03:00.140,0,10,10,0.00,-0.3528,0.3570,42.4365,44.1535,0.0000,-0.0000,0.0000,25.4940
2026-05-07 20:03:00.640,0,10,10,0.00,-0.3541,0.3606,42.5452,44.2933,0.0000,-0.0000,0.0000,25.9028
2026-05-07 20:03:01.140,0,10,10,0.00,-0.3538,0.3520,42.6536,44.4336,0.0000,-0.0000,0.0000,26.0174
2026-05-07 20:03:01.640,0,10,10,0.00,-0.3513,0.2496,42.7542,44.5597,0.0000,-0.0000,0.0000,25.4060
2026-05-07 20:03:02.140,0,10,10,0.00,-0.3540,0.3485,42.8641,44.6778,0.0000,-0.0000,0.0000,19.7883
2026-05-07 20:03:02.640,0,10,10,0.00,-0.3534,0.3693,42.9883,44.8081,0.0000,-0.0000,0.0000,19.9663
2026-05-07 20:03:03.140,0,10,10,0.00,-0.3532,0.3342,43.1083,44.9359,0.0000,-0.0000,0.0000,20.5306
2026-05-07 20:03:03.640,0,10,10,0.00,-0.3543,0.3409,43.2288,45.0607,0.0000,-0.0000,0.0000,19.1438
2026-05-07 20:03:04.140,0,10,10,0.00,-0.3549,0.3443,43.3492,45.1812,0.0000,-0.0000,0.0000,18.3119
2026-05-07 20:03:04.640,0,10,10,0.00,-0.3530,0.3577,43.4757,45.3061,0.0000,-0.0000,0.0000,18.1464
2026-05-07 20:03:05.140,0,10,10,0.00,-0.1105,0.1507,43.5771,45.4074,0.0000,-0.0000,0.0000,18.3577
2026-05-07 20:03:05.640,0,10,10,0.00,0.0003,-0.0360,43.5850,45.4156,0.0000,-0.0000,0.0000,18.9717
2026-05-07 20:03:06.140,0,10,10,0.00,0.0001,-0.0198,43.5750,45.4058,0.0000,-0.0000,0.0000,18.9717
2026-05-07 20:03:06.640,0,10,10,0.00,0.0001,-0.0001,43.5738,45.4047,0.0000,-0.0000,0.0000,17.2339
2026-05-07 20:03:07.140,0,10,10,0.00,-0.0855,0.0775,43.5841,45.4144,0.0000,-0.0000,0.0000,17.2339
2026-05-07 20:03:07.640,0,10,10,0.00,-0.1700,0.2992,43.6469,45.4756,0.0000,-0.0000,0.0000,17.2839
2026-05-07 20:03:08.140,0,10,10,0.00,-0.3297,0.3331,43.7435,45.5894,0.0000,-0.0000,0.0000,24.4538
2026-05-07 20:03:08.640,0,10,10,0.00,-0.3551,0.3195,43.8501,45.7182,0.0000,-0.0000,0.0000,24.8546
2026-05-07 20:03:09.140,0,10,10,0.00,-0.3537,0.3081,43.9665,45.8519,0.0000,-0.0000,0.0000,22.6246
2026-05-07 20:03:09.640,0,10,10,0.00,-0.3551,0.3318,44.0766,45.9719,0.0000,-0.0000,0.0000,21.0847
2026-05-07 20:03:10.140,0,10,10,0.00,-0.3500,0.2431,44.1892,46.0888,0.0000,-0.0000,0.0000,20.1520
2026-05-07 20:03:10.640,0,10,10,0.00,-0.3553,0.3199,44.3040,46.1890,0.0000,-0.0000,0.0000,14.4419
2026-05-07 20:03:11.140,0,10,10,0.00,-0.3407,0.3605,44.4357,46.2987,0.0000,-0.0000,0.0000,13.0257
2026-05-07 20:03:11.640,0,10,10,0.00,-0.3422,0.3466,44.5700,46.4152,0.0000,-0.0000,0.0000,14.5854
2026-05-07 20:03:12.140,0,10,10,0.00,-0.2547,0.3549,44.6857,46.5213,0.0000,-0.0000,0.0000,15.8365
2026-05-07 20:03:12.640,0,10,10,0.00,-0.3594,0.3568,44.8050,46.6442,0.0000,-0.0000,0.0000,20.2380
2026-05-07 20:03:13.140,0,10,10,0.00,-0.3545,0.3432,44.9249,46.7668,0.0000,-0.0000,0.0000,19.2750
2026-05-07 20:03:13.640,0,10,10,0.00,-0.3513,0.2656,45.0463,46.8881,0.0000,-0.0000,0.0000,18.7136
2026-05-07 20:03:14.140,0,10,10,0.00,-0.3553,0.3235,45.1658,46.9977,0.0000,-0.0000,0.0000,16.1796
2026-05-07 20:03:14.640,0,10,10,0.00,-0.3413,0.3585,45.2970,47.1135,0.0000,-0.0000,0.0000,15.1341
2026-05-07 20:03:15.140,0,9,10,0.00,-0.3305,0.3495,45.4205,47.2304,0.0000,-0.0000,0.0000,17.4882
2026-05-07 20:03:15.640,0,10,10,0.00,-0.3496,0.3524,45.5349,47.3470,0.0000,-0.0000,0.0000,19.7707
2026-05-07 20:03:16.140,0,10,10,0.00,-0.3534,0.3320,45.6575,47.4746,0.0000,-0.0000,0.0000,19.9559
2026-05-07 20:03:16.640,0,10,10,0.00,-0.3570,0.3359,45.7765,47.5942,0.0000,-0.0000,0.0000,18.8851
2026-05-07 20:03:17.140,0,10,10,0.00,-0.3532,0.3608,45.9024,47.7167,0.0000,-0.0000,0.0000,17.9050
2026-05-07 20:03:17.640,0,10,10,0.00,-0.3524,0.3570,46.0295,47.8413,0.0000,-0.0000,0.0000,18.4973
2026-05-07 20:03:18.140,0,10,10,0.00,-0.3538,0.3530,46.1555,47.9655,0.0000,-0.0000,0.0000,18.7492
2026-05-07 20:03:18.640,0,10,10,0.00,-0.3533,0.3490,46.2810,48.0892,0.0000,-0.0000,0.0000,18.6267
2026-05-07 20:03:19.140,0,10,10,0.00,-0.3530,0.3530,46.4067,48.2122,0.0000,-0.0000,0.0000,18.5446
2026-05-07 20:03:19.640,0,10,10,0.00,-0.3538,0.3550,46.5331,48.3358,0.0000,-0.0000,0.0000,18.6092
2026-05-07 20:03:20.140,0,10,10,0.00,-0.3509,0.3536,46.6597,48.4601,0.0000,-0.0000,0.0000,18.6219
2026-05-07 20:03:20.640,0,9,10,0.00,-0.3551,0.3536,46.7857,48.5837,0.0000,-0.0000,0.0000,18.5951
2026-05-07 20:03:21.140,0,10,10,0.00,-0.3528,0.3551,46.9118,48.7069,0.0000,-0.0000,0.0000,18.5906
2026-05-07 20:03:21.640,0,10,10,0.00,-0.3550,0.3505,47.0383,48.8313,0.0000,-0.0000,0.0000,18.8210
2026-05-07 20:03:22.140,0,10,10,0.00,-0.3536,0.3536,47.1646,48.9553,0.0000,-0.0000,0.0000,18.7963
2026-05-07 20:03:22.640,0,10,10,0.00,-0.3538,0.3508,47.2902,49.0783,0.0000,-0.0000,0.0000,18.7671
2026-05-07 20:03:23.140,0,10,10,0.00,-0.3524,0.3545,47.4171,49.2023,0.0000,-0.0000,0.0000,18.8040
2026-05-07 20:03:23.640,0,10,10,0.00,-0.3525,0.3540,47.5436,49.3264,0.0000,-0.0000,0.0000,18.8450
2026-05-07 20:03:24.140,0,10,10,0.00,-0.3533,0.3519,47.6694,49.4499,0.0000,-0.0000,0.0000,18.8116
2026-05-07 20:03:24.640,0,10,10,0.00,-0.3563,0.3576,47.7959,49.5738,0.0000,-0.0000,0.0000,18.7988
2026-05-07 20:03:25.140,0,10,10,0.00,-0.3530,0.3299,47.9189,49.6933,0.0000,-0.0000,0.0000,18.9323
2026-05-07 20:03:25.640,0,10,10,0.00,-0.3528,0.3508,48.0461,49.8121,0.0000,-0.0000,0.0000,17.0323
2026-05-07 20:03:26.140,0,10,10,0.00,-0.3545,0.3577,48.1759,49.9324,0.0000,-0.0000,0.0000,17.1874
2026-05-07 20:03:26.640,0,10,10,0.00,-0.3269,0.3479,48.2998,50.0497,0.0000,-0.0000,0.0000,17.4542
2026-05-07 20:03:27.140,0,10,10,0.00,-0.3540,0.3549,48.4266,50.1743,0.0000,-0.0000,0.0000,19.1636
2026-05-07 20:03:27.640,0,10,10,0.00,-0.3530,0.3504,48.5515,50.2971,0.0000,-0.0000,0.0000,18.8693
2026-05-07 20:03:28.140,0,10,10,0.00,-0.3528,0.3526,48.6776,50.4203,0.0000,-0.0000,0.0000,18.8647
2026-05-07 20:03:28.640,0,10,10,0.00,-0.3530,0.3570,48.8045,50.5444,0.0000,-0.0000,0.0000,18.9238
2026-05-07 20:03:29.140,0,10,10,0.00,-0.3551,0.3511,48.9305,50.6684,0.0000,-0.0000,0.0000,18.9159
2026-05-07 20:03:29.640,0,10,10,0.00,-0.3521,0.3530,49.0563,50.7914,0.0000,-0.0000,0.0000,18.7408
2026-05-07 20:03:30.140,0,10,10,0.00,-0.3525,0.3542,49.1827,50.9148,0.0000,-0.0000,0.0000,18.9152
2026-05-07 20:03:30.640,0,10,10,0.00,-0.3542,0.3577,49.3028,51.0359,0.0000,-0.0000,0.0000,20.5034
2026-05-07 20:03:31.140,0,10,10,0.00,-0.3523,0.3436,49.4270,51.1634,0.0000,-0.0000,0.0000,20.2729
2026-05-07 20:03:31.640,0,10,10,0.00,-0.3542,0.0850,49.5270,51.2578,0.0000,-0.0000,0.0000,18.4864
2026-05-07 20:03:32.140,0,10,10,0.00,-0.3558,0.1708,49.6246,51.3165,0.0000,-0.0000,0.0000,1.3893
2026-05-07 20:03:32.640,0,10,10,0.00,-0.3523,0.3629,49.7756,51.3818,0.0000,-0.0000,0.0000,-3.4889
2026-05-07 20:03:33.140,0,10,10,0.00,-0.3512,0.2813,49.9382,51.4516,0.0000,-0.0000,0.0000,-2.2733
2026-05-07 20:03:33.640,0,10,10,0.00,-0.3537,0.1698,50.0645,51.4956,0.0000,-0.0000,0.0000,-9.5399
2026-05-07 20:03:34.140,0,10,10,0.00,-0.3521,0.1995,50.2097,51.5243,0.0000,-0.0000,0.0000,-16.5880
2026-05-07 20:03:34.640,0,10,10,0.00,-0.3538,0.0618,50.3416,51.5357,0.0000,-0.0000,0.0000,-24.1693
2026-05-07 20:03:35.140,0,10,10,0.00,-0.3541,0.0994,50.4467,51.5215,0.0000,-0.0000,0.0000,-39.2115
2026-05-07 20:03:35.640,0,10,10,0.00,-0.3540,0.2915,50.5875,51.4751,0.0000,-0.0000,0.0000,-47.4929
2026-05-07 20:03:36.140,0,10,10,0.00,-0.3554,0.0774,50.7047,51.4235,0.0000,-0.0000,0.0000,-53.7144
2026-05-07 20:03:36.640,0,10,10,0.00,-0.3540,0.2517,50.8069,51.3495,0.0000,-0.0000,0.0000,-67.2770
2026-05-07 20:03:37.140,0,10,10,0.00,-0.3517,0.3053,50.9293,51.2417,0.0000,-0.0000,0.0000,-70.5745
2026-05-07 20:03:37.640,0,10,10,0.00,-0.3519,0.3627,51.0558,51.1225,0.0000,-0.0000,0.0000,-72.1745
2026-05-07 20:03:38.140,0,10,10,0.00,-0.3563,0.3617,51.1868,50.9999,0.0000,-0.0000,0.0000,-71.2578
2026-05-07 20:03:38.640,0,10,10,0.00,-0.3570,0.2702,51.2954,50.8912,0.0000,-0.0000,0.0000,-73.7769
2026-05-07 20:03:39.140,0,10,10,0.00,-0.3508,0.3678,51.4079,50.7628,0.0000,-0.0000,0.0000,-77.9082
2026-05-07 20:03:39.640,0,10,10,0.00,-0.3515,0.3509,51.5260,50.6289,0.0000,-0.0000,0.0000,-76.9986
2026-05-07 20:03:40.140,0,10,10,0.00,-0.2960,0.3511,51.6343,50.5123,0.0000,-0.0000,0.0000,-75.4113
2026-05-07 20:03:40.640,0,10,10,0.00,-0.3203,0.3564,51.7591,50.3890,0.0000,-0.0000,0.0000,-72.6880
2026-05-07 20:03:41.140,0,10,10,0.00,-0.3538,0.3587,51.8783,50.2778,0.0000,-0.0000,0.0000,-70.5549
2026-05-07 20:03:41.640,0,10,10,0.00,-0.3513,0.3494,52.0094,50.1582,0.0000,-0.0000,0.0000,-70.5340
2026-05-07 20:03:42.140,0,10,10,0.00,-0.3503,0.3547,52.1397,50.0388,0.0000,-0.0000,0.0000,-70.5243
2026-05-07 20:03:42.640,0,10,10,0.00,-0.3545,0.3515,52.2698,49.9197,0.0000,-0.0000,0.0000,-70.4336
2026-05-07 20:03:43.140,0,10,10,0.00,-0.3538,0.3525,52.3995,49.8007,0.0000,-0.0000,0.0000,-70.5528
2026-05-07 20:03:43.640,0,10,10,0.00,-0.2255,0.2253,52.5160,49.6933,0.0000,-0.0000,0.0000,-70.5993
2026-05-07 20:03:44.140,0,10,10,0.00,0.0003,-0.0038,52.5398,49.6713,0.0000,-0.0000,0.0000,-70.4720
2026-05-07 20:03:44.640,0,10,10,0.00,0.0009,-0.0685,52.5333,49.6775,0.0000,-0.0000,0.0000,-70.4720
2026-05-07 20:03:45.140,0,10,10,0.00,0.0000,-0.0024,52.5296,49.6813,0.0000,-0.0000,0.0000,-72.0413
2026-05-07 20:03:45.640,0,10,10,0.00,0.0000,-0.0001,52.5296,49.6813,0.0000,-0.0000,0.0000,-72.0413
2026-05-07 20:03:46.140,0,10,10,0.00,0.0003,-0.0004,52.5278,49.6831,0.0000,-0.0000,0.0000,-72.0413
2026-05-07 20:03:46.640,0,10,10,0.00,-0.0480,0.0012,52.5292,49.6816,0.0000,-0.0000,0.0000,-72.0413
2026-05-07 20:03:47.140,0,10,10,0.00,-0.1946,0.1355,52.5644,49.6418,0.0000,-0.0000,0.0000,-75.5217
2026-05-07 20:03:47.640,0,8,10,0.00,-0.2977,0.3469,52.6518,49.5373,0.0000,-0.0000,0.0000,-77.6447
2026-05-07 20:03:48.140,0,10,10,0.00,-0.3532,0.3678,52.7694,49.4044,0.0000,-0.0000,0.0000,-75.3496
2026-05-07 20:03:48.640,0,10,10,0.00,-0.2842,0.3457,52.8824,49.2799,0.0000,-0.0000,0.0000,-75.3424
2026-05-07 20:03:49.140,0,10,10,0.00,-0.3580,0.3589,53.0082,49.1501,0.0000,-0.0000,0.0000,-72.6394
2026-05-07 20:03:49.640,0,9,10,0.00,-0.3449,0.3436,53.1221,49.0366,0.0000,-0.0000,0.0000,-71.8700
2026-05-07 20:03:50.140,0,10,10,0.00,-0.3520,0.3523,53.2487,48.9128,0.0000,-0.0000,0.0000,-71.4928
2026-05-07 20:03:50.640,0,10,10,0.00,-0.2939,0.3549,53.3741,48.7903,0.0000,-0.0000,0.0000,-71.5254
2026-05-07 20:03:51.140,0,10,10,0.00,-0.3577,0.3581,53.4988,48.6738,0.0000,-0.0000,0.0000,-69.6018
2026-05-07 20:03:51.640,0,10,10,0.00,-0.3482,0.3410,53.6287,48.5537,0.0000,-0.0000,0.0000,-69.7514
2026-05-07 20:03:52.140,0,10,10,0.00,-0.3466,0.3504,53.7534,48.4410,0.0000,-0.0000,0.0000,-68.9068
2026-05-07 20:03:52.640,0,10,10,0.00,-0.3523,0.3477,53.8875,48.3225,0.0000,-0.0000,0.0000,-68.2714
2026-05-07 20:03:53.140,0,10,10,0.00,-0.3540,0.3494,54.0193,48.2062,0.0000,-0.0000,0.0000,-68.2778
2026-05-07 20:03:53.640,0,10,10,0.00,-0.3509,0.3488,54.1512,48.0892,0.0000,-0.0000,0.0000,-68.5640
2026-05-07 20:03:54.140,0,10,10,0.00,-0.3529,0.3426,54.2788,47.9743,0.0000,-0.0000,0.0000,-68.7436
2026-05-07 20:03:54.640,0,9,10,0.00,-0.3513,0.3504,54.4077,47.8550,0.0000,-0.0000,0.0000,-69.5901
2026-05-07 20:03:55.140,0,10,10,0.00,-0.3541,0.3354,54.5302,47.7381,0.0000,-0.0000,0.0000,-70.3886
2026-05-07 20:03:55.640,0,10,10,0.00,-0.3517,0.3608,54.6558,47.6150,0.0000,-0.0000,0.0000,-71.4079
2026-05-07 20:03:56.140,0,10,10,0.00,-0.3529,0.3564,54.7832,47.4906,0.0000,-0.0000,0.0000,-71.0158
2026-05-07 20:03:56.640,0,10,10,0.00,-0.3538,0.3529,54.9104,47.3674,0.0000,-0.0000,0.0000,-70.6628
2026-05-07 20:03:57.140,0,10,10,0.00,-0.3537,0.3525,55.0363,47.2451,0.0000,-0.0000,0.0000,-70.9710
2026-05-07 20:03:57.640,0,10,10,0.00,-0.3530,0.3529,55.1627,47.1217,0.0000,-0.0000,0.0000,-71.1835
2026-05-07 20:03:58.140,0,10,10,0.00,-0.3524,0.3525,55.2894,46.9981,0.0000,-0.0000,0.0000,-71.0023
2026-05-07 20:03:58.640,0,10,10,0.00,-0.3541,0.3543,55.4162,46.8747,0.0000,-0.0000,0.0000,-70.9104
2026-05-07 20:03:59.140,0,10,10,0.00,-0.3546,0.3521,55.5426,46.7519,0.0000,-0.0000,0.0000,-70.9845
2026-05-07 20:03:59.640,0,10,10,0.00,-0.3415,0.3575,55.6698,46.6281,0.0000,-0.0000,0.0000,-70.9384
2026-05-07 20:04:00.140,0,10,10,0.00,-0.0229,0.0368,55.7378,46.5634,0.0000,-0.0000,0.0000,-70.2605
2026-05-07 20:04:00.640,0,10,10,0.00,0.0033,-0.0605,55.7317,46.5691,0.0000,-0.0000,0.0000,-69.4056
2026-05-07 20:04:01.140,0,10,10,0.00,0.0001,-0.0001,55.7292,46.5717,0.0000,-0.0000,0.0000,-70.5816
2026-05-07 20:04:01.640,0,10,10,0.00,-0.0914,0.1191,55.7449,46.5561,0.0000,-0.0000,0.0000,-70.5816
2026-05-07 20:04:02.140,0,10,10,0.00,-0.2454,0.3113,55.8155,46.4891,0.0000,-0.0000,0.0000,-70.2378
2026-05-07 20:04:02.640,0,10,10,0.00,-0.3568,0.3723,55.9440,46.3770,0.0000,-0.0000,0.0000,-66.4374
2026-05-07 20:04:03.140,0,10,10,0.00,-0.3520,0.3119,56.0757,46.2647,0.0000,-0.0000,0.0000,-66.3330
2026-05-07 20:04:03.640,0,10,10,0.00,-0.3526,0.3495,56.2049,46.1496,0.0000,-0.0000,0.0000,-67.9859
2026-05-07 20:04:04.140,0,10,10,0.00,-0.3538,0.3059,56.3297,46.0357,0.0000,-0.0000,0.0000,-68.2026
2026-05-07 20:04:04.640,0,10,10,0.00,-0.3538,0.3587,56.4528,45.9161,0.0000,-0.0000,0.0000,-71.0591
2026-05-07 20:04:05.140,0,10,10,0.00,-0.3542,0.3608,56.5809,45.7913,0.0000,-0.0000,0.0000,-70.5517
2026-05-07 20:04:05.640,0,10,10,0.00,-0.3488,0.3430,56.7080,45.6696,0.0000,-0.0000,0.0000,-69.8642
2026-05-07 20:04:06.140,0,10,10,0.00,-0.3537,0.3481,56.8345,45.5479,0.0000,-0.0000,0.0000,-70.2213
2026-05-07 20:04:06.640,0,10,10,0.00,-0.3540,0.3521,56.9616,45.4250,0.0000,-0.0000,0.0000,-70.2848
2026-05-07 20:04:07.140,0,10,10,0.00,-0.3550,0.3551,57.0891,45.3019,0.0000,-0.0000,0.0000,-70.1739
2026-05-07 20:04:07.640,0,10,10,0.00,-0.3526,0.3478,57.2164,45.1795,0.0000,-0.0000,0.0000,-69.8460
2026-05-07 20:04:08.140,0,10,10,0.00,-0.3542,0.3519,57.3431,45.0572,0.0000,-0.0000,0.0000,-69.9278
2026-05-07 20:04:08.640,0,10,10,0.00,-0.3523,0.3523,57.4704,44.9343,0.0000,-0.0000,0.0000,-69.9831
2026-05-07 20:04:09.140,0,10,10,0.00,-0.3533,0.3550,57.5979,44.8113,0.0000,-0.0000,0.0000,-69.8626
2026-05-07 20:04:09.640,0,10,10,0.00,-0.3271,0.2901,57.7155,44.7020,0.0000,-0.0000,0.0000,-68.7681
2026-05-07 20:04:10.140,0,10,10,0.00,-0.3488,0.1469,57.8075,44.6070,0.0000,-0.0000,0.0000,-72.6265
2026-05-07 20:04:10.640,0,10,10,0.00,-0.2212,0.3411,57.8858,44.4953,0.0000,-0.0000,0.0000,-83.4498
2026-05-07 20:04:11.140,0,10,10,0.00,-0.2786,0.3685,57.9831,44.3691,0.0000,-0.0000,0.0000,-76.8725
2026-05-07 20:04:11.640,0,10,10,0.00,-0.3631,0.3502,58.0960,44.2387,0.0000,-0.0000,0.0000,-74.0654
2026-05-07 20:04:12.140,0,10,10,0.00,-0.2550,0.3524,58.1972,44.1296,0.0000,-0.0000,0.0000,-72.9289
2026-05-07 20:04:12.640,0,9,10,0.00,-0.3571,0.3608,58.3242,44.0080,0.0000,-0.0000,0.0000,-68.7133
2026-05-07 20:04:13.140,0,10,10,0.00,-0.3557,0.3146,58.4483,43.8893,0.0000,-0.0000,0.0000,-68.8928
2026-05-07 20:04:13.640,0,10,10,0.00,-0.3560,0.3496,58.5699,43.7674,0.0000,-0.0000,0.0000,-70.7758
2026-05-07 20:04:14.140,0,10,10,0.00,-0.3543,0.3598,58.6950,43.6409,0.0000,-0.0000,0.0000,-70.8314
2026-05-07 20:04:14.640,0,10,10,0.00,-0.3553,0.3553,58.8206,43.5152,0.0000,-0.0000,0.0000,-70.3899
2026-05-07 20:04:15.140,0,10,10,0.00,-0.3543,0.3519,58.9447,43.3911,0.0000,-0.0000,0.0000,-70.2747
2026-05-07 20:04:15.640,0,10,10,0.00,-0.3546,0.3513,59.0690,43.2660,0.0000,-0.0000,0.0000,-70.5450
2026-05-07 20:04:16.140,0,10,10,0.00,-0.3554,0.3523,59.1934,43.1407,0.0000,-0.0000,0.0000,-70.5509
2026-05-07 20:04:16.640,0,10,10,0.00,-0.3524,0.3563,59.3180,43.0149,0.0000,-0.0000,0.0000,-70.4283
2026-05-07 20:04:17.140,0,10,10,0.00,-0.3536,0.3570,59.4424,42.8897,0.0000,-0.0000,0.0000,-70.3740
2026-05-07 20:04:17.640,0,10,10,0.00,-0.3529,0.3525,59.5671,42.7641,0.0000,-0.0000,0.0000,-70.4637
2026-05-07 20:04:18.140,0,10,10,0.00,-0.3533,0.3530,59.6919,42.6383,0.0000,-0.0000,0.0000,-70.4611
2026-05-07 20:04:18.640,0,10,10,0.00,-0.3541,0.3566,59.8168,42.5129,0.0000,-0.0000,0.0000,-70.1938
2026-05-07 20:04:19.140,0,10,10,0.00,-0.3530,0.3546,59.9408,42.3882,0.0000,-0.0000,0.0000,-70.1906
2026-05-07 20:04:19.640,0,10,10,0.00,-0.3521,0.3550,60.0655,42.2627,0.0000,-0.0000,0.0000,-70.1896
2026-05-07 20:04:20.140,0,10,10,0.00,-0.3533,0.3515,60.1901,42.1372,0.0000,-0.0000,0.0000,-70.1684
2026-05-07 20:04:20.640,0,10,10,0.00,-0.3517,0.3521,60.3143,42.0123,0.0000,-0.0000,0.0000,-70.1453
2026-05-07 20:04:21.140,0,10,10,0.00,-0.1056,0.1077,60.4015,41.9239,0.0000,-0.0000,0.0000,-70.3475
2026-05-07 20:04:21.640,0,10,10,0.00,0.0000,-0.0013,60.4049,41.9204,0.0000,-0.0000,0.0000,-70.1948
2026-05-07 20:04:22.140,0,10,10,0.00,-0.0001,0.0004,60.4063,41.9189,0.0000,-0.0000,0.0000,-70.1948
2026-05-07 20:04:22.640,0,10,10,0.00,0.0000,0.0000,60.4049,41.9204,0.0000,-0.0000,0.0000,-70.1948
2026-05-07 20:04:23.140,0,9,10,0.00,0.0000,-0.0001,60.4061,41.9192,0.0000,-0.0000,0.0000,-70.1948
2026-05-07 20:04:23.640,0,10,10,0.00,0.0000,0.0198,60.4096,41.9157,0.0000,-0.0000,0.0000,-70.1948
2026-05-07 20:04:24.140,0,10,10,0.00,0.0005,0.0196,60.4105,41.9148,0.0000,-0.0000,0.0000,-70.1948
2026-05-07 20:04:24.640,0,10,10,0.00,0.0001,-0.0620,60.4082,41.9171,0.0000,-0.0000,0.0000,-70.1948
2026-05-07 20:04:25.140,0,10,10,0.00,0.0000,-0.0122,60.4013,41.9241,0.0000,-0.0000,0.0000,-70.1948
2026-05-07 20:04:25.640,0,10,10,0.00,-0.0313,0.0199,60.4025,41.9229,0.0000,-0.0000,0.0000,-70.1948
2026-05-07 20:04:26.140,0,10,10,0.00,-0.2000,0.1825,60.4431,41.8790,0.0000,-0.0000,0.0000,-71.7661
2026-05-07 20:04:26.640,0,10,10,0.00,-0.2342,0.3520,60.5295,41.7892,0.0000,-0.0000,0.0000,-71.9133
2026-05-07 20:04:27.140,0,10,10,0.00,-0.3618,0.3639,60.6579,41.6749,0.0000,-0.0000,0.0000,-65.5822
2026-05-07 20:04:27.640,0,10,10,0.00,-0.3526,0.2973,60.7882,41.5613,0.0000,-0.0000,0.0000,-65.9051
2026-05-07 20:04:28.140,0,10,10,0.00,-0.3557,0.3534,60.9139,41.4458,0.0000,-0.0000,0.0000,-67.7808
2026-05-07 20:04:28.640,0,10,10,0.00,-0.3525,0.3577,61.0447,41.3245,0.0000,-0.0000,0.0000,-67.6145
2026-05-07 20:04:29.140,0,10,10,0.00,-0.3580,0.3600,61.1745,41.2050,0.0000,-0.0000,0.0000,-67.2051
2026-05-07 20:04:29.640,0,9,10,0.00,-0.3532,0.3521,61.3040,41.0853,0.0000,-0.0000,0.0000,-67.4863
2026-05-07 20:04:30.140,0,9,10,0.00,-0.3547,0.3520,61.4209,40.9772,0.0000,-0.0000,0.0000,-67.4811
2026-05-07 20:04:30.640,0,10,10,0.00,-0.3457,0.3559,61.5640,40.8450,0.0000,-0.0000,0.0000,-67.3730
2026-05-07 20:04:31.140,0,10,10,0.00,-0.1992,0.3427,61.6723,40.7536,0.0000,-0.0000,0.0000,-65.2355
2026-05-07 20:04:31.640,0,10,10,0.00,-0.3546,0.2630,61.8062,40.6634,0.0000,-0.0000,0.0000,-57.3882
2026-05-07 20:04:32.140,0,10,10,0.00,-0.3524,0.3068,61.9353,40.5707,0.0000,-0.0000,0.0000,-60.0510
2026-05-07 20:04:32.640,0,10,10,0.00,-0.3492,0.3638,62.0760,40.4639,0.0000,-0.0000,0.0000,-61.8685
2026-05-07 20:04:33.140,0,10,10,0.00,-0.3538,0.3523,62.2177,40.3576,0.0000,-0.0000,0.0000,-61.0574
2026-05-07 20:04:33.640,0,10,10,0.00,-0.3536,0.3439,62.3590,40.2518,0.0000,-0.0000,0.0000,-61.0625
2026-05-07 20:04:34.140,0,10,10,0.00,-0.3528,0.3540,62.5003,40.1456,0.0000,-0.0000,0.0000,-61.2996
2026-05-07 20:04:34.640,0,10,10,0.00,-0.3505,0.3465,62.6413,40.0398,0.0000,-0.0000,0.0000,-61.1669
2026-05-07 20:04:35.140,0,10,10,0.00,-0.3202,0.3479,62.7746,39.9429,0.0000,-0.0000,0.0000,-60.6517
2026-05-07 20:04:35.640,0,10,10,0.00,-0.3105,0.3524,62.9194,39.8439,0.0000,-0.0000,0.0000,-58.5425
2026-05-07 20:04:36.140,0,10,10,0.00,-0.0192,0.3524,63.0266,39.7805,0.0000,-0.0000,0.0000,-54.5193
2026-05-07 20:04:36.640,0,10,10,0.00,0.1473,0.3560,63.0928,39.7623,0.0000,-0.0000,0.0000,-36.0885
2026-05-07 20:04:37.140,0,10,10,0.00,0.0144,0.2354,63.1377,39.7705,0.0000,-0.0000,0.0000,-9.4027
2026-05-07 20:04:37.640,0,10,10,0.00,0.0000,-0.0564,63.1514,39.7758,0.0000,-0.0000,0.0000,1.4988
2026-05-07 20:04:38.140,0,10,10,0.00,0.0000,-0.0423,63.1309,39.7682,0.0000,-0.0000,0.0000,-2.3003
2026-05-07 20:04:38.640,0,10,10,0.00,0.0007,0.0000,63.1260,39.7667,0.0000,-0.0000,0.0000,-4.9114
2026-05-07 20:04:39.140,0,10,10,0.00,0.0000,-0.0003,63.1260,39.7667,0.0000,-0.0000,0.0000,-4.9114
2026-05-07 20:04:39.640,0,10,10,0.00,0.0000,0.0000,63.1260,39.7667,0.0000,-0.0000,0.0000,-4.9114
2026-05-07 20:04:40.140,0,10,10,0.00,0.0001,-0.0001,63.1260,39.7667,0.0000,-0.0000,0.0000,-4.9114
2026-05-07 20:04:40.640,0,10,10,0.00,0.0000,-0.0315,63.1166,39.7640,0.0000,-0.0000,0.0000,-4.9114
2026-05-07 20:04:41.140,0,10,10,0.00,-0.0003,0.0491,63.1171,39.7641,0.0000,-0.0000,0.0000,-7.7336
2026-05-07 20:04:41.640,0,10,10,0.00,0.0000,0.1907,63.1478,39.7744,0.0000,-0.0000,0.0000,-4.8400
2026-05-07 20:04:42.140,0,10,10,0.00,-0.0271,0.0819,63.1722,39.7855,0.0000,-0.0000,0.0000,2.2422
2026-05-07 20:04:42.640,0,10,10,0.00,-0.1120,0.2876,63.2391,39.8221,0.0000,-0.0000,0.0000,5.2983
2026-05-07 20:04:43.140,0,10,10,0.00,0.0000,0.0171,63.2757,39.8469,0.0000,-0.0000,0.0000,14.6884
2026-05-07 20:04:43.640,0,10,10,0.00,0.0000,-0.0449,63.2655,39.8393,0.0000,-0.0000,0.0000,16.3339
2026-05-07 20:04:44.140,0,10,10,0.00,-0.0001,0.0433,63.2656,39.8393,0.0000,-0.0000,0.0000,13.0198
2026-05-07 20:04:44.640,0,10,10,0.00,0.0012,0.2272,63.2919,39.8606,0.0000,-0.0000,0.0000,16.3099
2026-05-07 20:04:45.140,0,10,10,0.00,-0.0008,0.2788,63.3398,39.9178,0.0000,-0.0000,0.0000,28.8383
2026-05-07 20:04:45.640,0,10,10,0.00,-0.0001,0.2901,63.3723,39.9887,0.0000,-0.0000,0.0000,33.6457
2026-05-07 20:04:46.140,0,10,10,0.00,0.0000,0.0143,63.3807,40.0253,0.0000,-0.0000,0.0000,33.5549
2026-05-07 20:04:46.640,0,10,10,0.00,0.0000,0.0020,63.3809,40.0265,0.0000,-0.0000,0.0000,33.5549
2026-05-07 20:04:47.140,0,10,10,0.00,0.0000,0.0001,63.3810,40.0266,0.0000,-0.0000,0.0000,33.5549
2026-05-07 20:04:47.640,0,10,10,0.00,-0.0009,0.0001,63.3810,40.0266,0.0000,-0.0000,0.0000,33.5549
2026-05-07 20:04:48.140,0,10,10,0.00,-0.0009,0.0001,63.3810,40.0266,0.0000,-0.0000,0.0000,33.5549
2026-05-07 20:04:48.640,0,10,10,0.00,-0.0009,0.0001,63.3810,40.0266,0.0000,-0.0000,0.0000,33.5549
2026-05-07 20:04:49.140,0,10,10,0.00,-0.0009,0.0001,63.3810,40.0266,0.0000,-0.0000,0.0000,28.1051
2026-05-07 20:04:49.640,0,10,10,0.00,-0.0009,0.0001,63.3810,40.0266,0.0000,-0.0000,0.0000,20.6966
2026-05-07 20:04:50.140,0,10,10,0.00,-0.0009,0.0001,63.3810,40.0266,0.0000,-0.0000,0.0000,20.6966
2026-05-07 20:04:50.640,0,10,10,0.00,0.0000,0.0000,63.3810,40.0266,0.0000,-0.0000,0.0000,20.6966
2026-05-07 20:04:51.140,0,10,10,0.00,-0.0001,-0.0001,63.3810,40.0266,0.0000,-0.0000,0.0000,20.6966
2026-05-07 20:04:51.640,0,10,10,0.00,0.0001,0.0003,63.3810,40.0266,0.0000,-0.0000,0.0000,20.6966
2026-05-07 20:04:52.140,0,10,10,0.00,0.0000,0.0001,63.3810,40.0266,0.0000,-0.0000,0.0000,20.6966
2026-05-07 20:04:52.640,0,10,10,0.00,0.0003,0.0001,63.3810,40.0266,0.0000,-0.0000,0.0000,20.6966
2026-05-07 20:04:53.140,0,10,10,0.00,0.0000,0.0000,63.3810,40.0266,0.0000,-0.0000,0.0000,20.6966
2026-05-07 20:04:53.640,0,10,10,0.00,-0.0001,0.0000,63.3810,40.0266,0.0000,-0.0000,0.0000,20.6966
2026-05-07 20:04:54.140,0,10,10,0.00,-0.0001,0.0000,63.3810,40.0266,0.0000,-0.0000,0.0000,20.6966
2026-05-07 20:04:54.640,0,10,10,0.00,0.0000,0.0000,63.3810,40.0266,0.0000,-0.0000,0.0000,20.6966
2026-05-07 20:04:55.141,0,10,10,0.00,0.0003,0.0000,63.3810,40.0266,0.0000,-0.0000,0.0000,20.6966
2026-05-07 20:04:55.640,0,10,10,0.00,-0.0005,0.0000,63.3810,40.0266,0.0000,-0.0000,0.0000,20.6966
2026-05-07 20:04:56.140,0,10,10,0.00,0.0001,0.0001,63.3810,40.0266,0.0000,-0.0000,0.0000,20.6966
2026-05-07 20:04:56.640,0,10,10,0.00,0.0000,0.0000,63.3810,40.0266,0.0000,-0.0000,0.0000,20.6966
2026-05-07 20:04:57.140,0,10,10,0.00,0.0001,-0.0001,63.3810,40.0266,0.0000,-0.0000,0.0000,20.6966
2026-05-07 20:04:57.640,0,10,10,0.00,0.0004,0.0000,63.3810,40.0266,0.0000,-0.0000,0.0000,20.6966
2026-05-07 20:04:58.140,0,10,10,0.00,0.0000,0.0001,63.3810,40.0266,0.0000,-0.0000,0.0000,20.6966
2026-05-07 20:04:58.640,0,10,10,0.00,-0.0003,0.0000,63.3810,40.0266,0.0000,-0.0000,0.0000,20.6966
2026-05-07 20:04:59.140,0,10,10,0.00,0.0000,0.0003,63.3810,40.0266,0.0000,-0.0000,0.0000,20.6966
2026-05-07 20:04:59.640,0,0,10,0.00,0.0000,0.0003,63.3810,40.0266,0.0000,-0.0000,0.0000,20.6966
2026-05-07 20:05:00.140,0,0,10,0.00,0.0000,0.0003,63.3810,40.0266,0.0000,-0.0000,0.0000,20.5949
2026-05-07 20:05:00.640,0,0,10,0.00,0.0000,0.0003,63.3810,40.0266,0.0000,-0.0000,0.0000,20.5833
2026-05-07 20:05:01.140,0,0,10,0.00,0.0000,0.0003,63.3810,40.0266,0.0000,-0.0000,0.0000,20.5610
2026-05-07 20:05:01.640,0,0,10,0.00,0.0000,0.0003,63.3810,40.0266,0.0000,-0.0000,0.0000,20.7226
2026-05-07 20:05:02.140,0,0,10,0.00,0.0000,0.0003,63.3810,40.0266,0.0000,-0.0000,0.0000,21.0576
2026-05-07 20:05:02.640,0,2,10,0.00,0.0000,0.0000,63.3810,40.0266,0.0000,-0.0000,0.0000,21.0708
2026-05-07 20:05:03.140,0,10,10,0.00,0.1309,0.0000,63.3791,40.0128,0.0000,-0.0000,0.0000,21.9078
2026-05-07 20:05:03.640,0,10,10,0.00,0.0524,0.0000,63.3775,39.9775,0.0000,-0.0000,0.0000,30.2044
2026-05-07 20:05:04.140,0,10,10,0.00,0.0005,0.0003,63.3775,39.9780,0.0000,-0.0000,0.0000,30.6238
2026-05-07 20:05:04.640,0,10,10,0.00,0.0007,-0.0634,63.3778,39.9647,0.0000,-0.0000,0.0000,30.6238
2026-05-07 20:05:05.140,0,10,10,0.00,0.0003,-0.0004,63.3778,39.9541,0.0000,-0.0000,0.0000,27.8777
2026-05-07 20:05:05.640,0,10,10,0.00,0.0000,-0.0022,63.3778,39.9540,0.0000,-0.0000,0.0000,27.8777
2026-05-07 20:05:06.140,0,10,10,0.00,0.0000,-0.0542,63.3770,39.9393,0.0000,-0.0000,0.0000,26.1320
2026-05-07 20:05:06.640,0,10,10,0.00,0.0000,-0.0005,63.3767,39.9361,0.0000,-0.0000,0.0000,26.1320
2026-05-07 20:05:07.140,0,10,10,0.00,0.0000,0.0678,63.3773,39.9442,0.0000,-0.0000,0.0000,26.1320
2026-05-07 20:05:07.640,0,10,10,0.00,-0.0021,0.0525,63.3772,39.9781,0.0000,-0.0000,0.0000,32.8170
2026-05-07 20:05:08.140,0,10,10,0.00,-0.1291,0.0003,63.3764,40.0022,0.0000,-0.0000,0.0000,31.1594
2026-05-07 20:05:08.640,0,10,10,0.00,-0.0276,0.0000,63.3765,40.0090,0.0000,-0.0000,0.0000,28.5259
2026-05-07 20:05:09.140,0,9,10,0.00,-0.0895,-0.0001,63.3788,40.0375,0.0000,-0.0000,0.0000,24.0186
2026-05-07 20:05:09.640,0,10,10,0.00,0.0806,0.0000,63.3783,40.0333,0.0000,-0.0000,0.0000,21.1634
2026-05-07 20:05:10.140,0,10,10,0.00,-0.0056,0.0001,63.3777,40.0275,0.0000,-0.0000,0.0000,23.9371
2026-05-07 20:05:10.640,0,10,10,0.00,-0.1000,0.0000,63.3802,40.0473,0.0000,-0.0000,0.0000,21.7208
2026-05-07 20:05:11.140,0,10,10,0.00,0.0055,0.0000,63.3807,40.0503,0.0000,-0.0000,0.0000,18.7542
2026-05-07 20:05:11.640,0,10,10,0.00,-0.0001,0.0000,63.3808,40.0507,0.0000,-0.0000,0.0000,18.7542
2026-05-07 20:05:12.140,0,10,10,0.00,-0.0001,0.0000,63.3808,40.0507,0.0000,-0.0000,0.0000,18.7542
2026-05-07 20:05:12.640,0,10,10,0.00,0.0000,0.0003,63.3808,40.0507,0.0000,-0.0000,0.0000,18.7542
2026-05-07 20:05:13.140,0,10,10,0.00,0.0000,-0.0001,63.3808,40.0507,0.0000,-0.0000,0.0000,18.7542
2026-05-07 20:05:13.640,0,10,10,0.00,0.0000,-0.0001,63.3808,40.0507,0.0000,-0.0000,0.0000,18.7542
2026-05-07 20:05:14.140,0,10,10,0.00,0.0000,0.0000,63.3808,40.0507,0.0000,-0.0000,0.0000,18.7542
2026-05-07 20:05:14.640,0,10,10,0.00,0.0000,0.0001,63.3808,40.0507,0.0000,-0.0000,0.0000,18.7542
2026-05-07 20:05:15.140,0,10,10,0.00,0.0005,-0.0001,63.3808,40.0507,0.0000,-0.0000,0.0000,18.7542
2026-05-07 20:05:15.640,0,10,10,0.00,0.0005,0.0000,63.3808,40.0507,0.0000,-0.0000,0.0000,18.7542
2026-05-07 20:05:16.140,0,10,10,0.00,-0.0003,0.0001,63.3808,40.0507,0.0000,-0.0000,0.0000,18.7542
2026-05-07 20:05:16.640,0,10,10,0.00,0.0001,0.0001,63.3808,40.0507,0.0000,-0.0000,0.0000,18.7542
2026-05-07 20:05:17.140,0,10,10,0.00,0.0000,0.0001,63.3808,40.0507,0.0000,-0.0000,0.0000,18.7542
2026-05-07 20:05:17.640,0,10,10,0.00,0.0001,0.0003,63.3808,40.0507,0.0000,-0.0000,0.0000,18.7542
2026-05-07 20:05:18.140,0,10,10,0.00,0.0004,0.0000,63.3808,40.0507,0.0000,-0.0000,0.0000,18.7542
2026-05-07 20:05:18.640,0,10,10,0.00,0.0003,0.0001,63.3808,40.0507,0.0000,-0.0000,0.0000,18.7542
2026-05-07 20:05:19.140,0,10,10,0.00,0.0000,0.0001,63.3808,40.0507,0.0000,-0.0000,0.0000,18.7542
2026-05-07 20:05:19.640,0,10,10,0.00,0.0003,-0.0001,63.3808,40.0507,0.0000,-0.0000,0.0000,18.7542
2026-05-07 20:05:20.140,0,10,10,0.00,0.0000,-0.0003,63.3808,40.0507,0.0000,-0.0000,0.0000,18.7542
2026-05-07 20:05:20.640,0,10,10,0.00,0.0001,-0.0003,63.3808,40.0507,0.0000,-0.0000,0.0000,18.7542
2026-05-07 20:05:21.140,0,10,10,0.00,-0.0001,-0.0004,63.3808,40.0507,0.0000,-0.0000,0.0000,18.7542
2026-05-07 20:05:21.640,0,10,10,0.00,0.0000,0.0004,63.3808,40.0507,0.0000,-0.0000,0.0000,18.7542
2026-05-07 20:05:22.140,0,10,10,0.00,0.0000,0.0000,63.3808,40.0507,0.0000,-0.0000,0.0000,18.7542
2026-05-07 20:05:22.640,0,10,10,0.00,0.0000,-0.0001,63.3808,40.0507,0.0000,-0.0000,0.0000,18.7542
2026-05-07 20:05:23.140,0,10,10,0.00,0.0000,0.0000,63.3808,40.0507,0.0000,-0.0000,0.0000,18.7542
2026-05-07 20:05:23.640,0,10,10,0.00,0.0001,0.0004,63.3808,40.0507,0.0000,-0.0000,0.0000,18.7542
2026-05-07 20:05:24.140,0,10,10,0.00,0.0001,-0.0003,63.3808,40.0507,0.0000,-0.0000,0.0000,18.7542
2026-05-07 20:05:24.640,0,10,10,0.00,0.0000,0.0000,63.3808,40.0507,0.0000,-0.0000,0.0000,18.7542
2026-05-07 20:05:25.140,0,10,10,0.00,-0.0001,-0.0003,63.3808,40.0507,0.0000,-0.0000,0.0000,18.7542
2026-05-07 20:05:25.640,0,10,10,0.00,0.0001,0.0003,63.3808,40.0507,0.0000,-0.0000,0.0000,18.7542
2026-05-07 20:05:26.140,0,10,10,0.00,0.0001,0.0003,63.3808,40.0507,0.0000,-0.0000,0.0000,18.7542
2026-05-07 20:05:26.640,0,10,10,0.00,0.0000,0.0000,63.3808,40.0507,0.0000,-0.0000,0.0000,18.7542
2026-05-07 20:05:27.140,0,10,10,0.00,0.0000,0.0001,63.3808,40.0507,0.0000,-0.0000,0.0000,18.7542
2026-05-07 20:05:27.640,0,10,10,0.00,-0.0003,0.0003,63.3808,40.0507,0.0000,-0.0000,0.0000,18.7542
2026-05-07 20:05:28.140,0,10,10,0.00,0.0000,0.0001,63.3808,40.0507,0.0000,-0.0000,0.0000,18.7542
2026-05-07 20:05:28.640,0,10,10,0.00,0.0000,-0.0003,63.3808,40.0507,0.0000,-0.0000,0.0000,18.7542
2026-05-07 20:05:29.140,0,10,10,0.00,0.0000,0.0003,63.3808,40.0507,0.0000,-0.0000,0.0000,18.7542
2026-05-07 20:05:29.640,0,10,10,0.00,-0.0001,0.0000,63.3808,40.0507,0.0000,-0.0000,0.0000,18.7542
2026-05-07 20:05:30.140,0,10,10,0.00,0.0001,0.0000,63.3808,40.0507,0.0000,-0.0000,0.0000,18.7542
2026-05-07 20:05:30.640,0,10,10,0.00,0.0000,0.0000,63.3808,40.0507,0.0000,-0.0000,0.0000,18.7542
2026-05-07 20:05:31.140,0,10,10,0.00,0.0000,0.0000,63.3808,40.0507,0.0000,-0.0000,0.0000,18.7542
2026-05-07 20:05:31.640,0,10,10,0.00,-0.0003,0.0004,63.3808,40.0507,0.0000,-0.0000,0.0000,18.7542
2026-05-07 20:05:32.140,0,10,10,0.00,0.0000,0.0000,63.3808,40.0507,0.0000,-0.0000,0.0000,18.7542
2026-05-07 20:05:32.640,0,10,10,0.00,0.0000,0.0000,63.3808,40.0507,0.0000,-0.0000,0.0000,18.7542
2026-05-07 20:05:33.140,0,10,10,0.00,0.0001,0.0000,63.3808,40.0507,0.0000,-0.0000,0.0000,18.7542
2026-05-07 20:05:33.640,0,10,10,0.00,0.0000,0.0000,63.3808,40.0507,0.0000,-0.0000,0.0000,18.7542
2026-05-07 20:05:34.140,0,10,10,0.00,-0.0001,-0.0001,63.3808,40.0507,0.0000,-0.0000,0.0000,18.7542
2026-05-07 20:05:34.640,0,10,10,0.00,0.0000,0.0001,63.3808,40.0507,0.0000,-0.0000,0.0000,18.7542
2026-05-07 20:05:35.140,0,10,10,0.00,-0.0004,0.0000,63.3808,40.0507,0.0000,-0.0000,0.0000,18.7542
2026-05-07 20:05:35.640,0,10,10,0.00,0.0000,0.0000,63.3808,40.0507,0.0000,-0.0000,0.0000,18.7542
2026-05-07 20:05:36.140,0,10,10,0.00,0.0000,-0.0003,63.3808,40.0507,0.0000,-0.0000,0.0000,18.7542
2026-05-07 20:05:36.640,0,10,10,0.00,0.0000,0.0000,63.3808,40.0507,0.0000,-0.0000,0.0000,18.7542
2026-05-07 20:05:37.140,0,10,10,0.00,-0.0004,0.0001,63.3808,40.0507,0.0000,-0.0000,0.0000,18.7542
2026-05-07 20:05:37.640,0,10,10,0.00,0.0003,0.0003,63.3808,40.0507,0.0000,-0.0000,0.0000,18.7542
2026-05-07 20:05:38.140,0,10,10,0.00,0.0000,0.0000,63.3808,40.0507,0.0000,-0.0000,0.0000,18.7542
2026-05-07 20:05:38.640,0,10,10,0.00,-0.0003,0.0001,63.3808,40.0507,0.0000,-0.0000,0.0000,18.7542
2026-05-07 20:05:39.140,0,10,10,0.00,0.0000,0.0000,63.3808,40.0507,0.0000,-0.0000,0.0000,18.7542
2026-05-07 20:05:39.641,0,10,10,0.00,0.0000,0.0000,63.3808,40.0507,0.0000,-0.0000,0.0000,18.7542
2026-05-07 20:05:40.140,0,10,10,0.00,0.0000,0.0000,63.3808,40.0507,0.0000,-0.0000,0.0000,18.7542
2026-05-07 20:05:40.640,0,10,10,0.00,0.0001,0.0003,63.3808,40.0507,0.0000,-0.0000,0.0000,18.7542
2026-05-07 20:05:41.140,0,10,10,0.00,0.0000,0.0001,63.3808,40.0507,0.0000,-0.0000,0.0000,18.7542
2026-05-07 20:05:41.640,0,10,10,0.00,0.0001,-0.0003,63.3808,40.0507,0.0000,-0.0000,0.0000,18.7542
2026-05-07 20:05:42.140,0,10,10,0.00,0.0000,0.0000,63.3808,40.0507,0.0000,-0.0000,0.0000,18.7542
2026-05-07 20:05:42.640,0,10,10,0.00,0.0000,0.0000,63.3808,40.0507,0.0000,-0.0000,0.0000,18.7542
2026-05-07 20:05:43.140,0,10,10,0.00,0.0000,-0.0001,63.3808,40.0507,0.0000,-0.0000,0.0000,18.7542
2026-05-07 20:05:43.640,0,10,10,0.00,0.0000,0.0003,63.3808,40.0507,0.0000,-0.0000,0.0000,18.7542
2026-05-07 20:05:44.140,0,10,10,0.00,0.0000,-0.0003,63.3808,40.0507,0.0000,-0.0000,0.0000,18.7542
2026-05-07 20:05:44.640,0,10,10,0.00,-0.0001,0.0000,63.3808,40.0507,0.0000,-0.0000,0.0000,18.7542
2026-05-07 20:05:45.140,0,10,10,0.00,-0.0001,0.0001,63.3808,40.0507,0.0000,-0.0000,0.0000,18.7542
2026-05-07 20:05:45.640,0,10,10,0.00,0.0000,0.0001,63.3808,40.0507,0.0000,-0.0000,0.0000,18.7542
2026-05-07 20:05:46.140,0,10,10,0.00,0.0000,-0.0003,63.3808,40.0507,0.0000,-0.0000,0.0000,18.7542
2026-05-07 20:05:46.640,0,10,10,0.00,-0.0001,0.0003,63.3808,40.0507,0.0000,-0.0000,0.0000,18.7542
2026-05-07 20:05:47.140,0,10,10,0.00,0.0000,0.0000,63.3808,40.0507,0.0000,-0.0000,0.0000,18.7542
2026-05-07 20:05:47.640,0,10,10,0.00,0.0000,0.0001,63.3808,40.0507,0.0000,-0.0000,0.0000,18.7542
2026-05-07 20:05:48.140,0,10,10,0.00,0.0000,0.0004,63.3808,40.0507,0.0000,-0.0000,0.0000,18.7542
2026-05-07 20:05:48.640,0,10,10,0.00,0.0000,0.0000,63.3808,40.0507,0.0000,-0.0000,0.0000,18.7542
2026-05-07 20:05:49.140,0,10,10,0.00,0.0000,0.0001,63.3808,40.0507,0.0000,-0.0000,0.0000,18.7542
2026-05-07 20:05:49.640,0,10,10,0.00,0.0001,0.0000,63.3808,40.0507,0.0000,-0.0000,0.0000,18.7542
2026-05-07 20:05:50.140,0,10,10,0.00,0.0000,0.0000,63.3808,40.0507,0.0000,-0.0000,0.0000,18.7542
2026-05-07 20:05:50.640,0,10,10,0.00,0.0001,0.0001,63.3808,40.0507,0.0000,-0.0000,0.0000,18.7542
2026-05-07 20:05:51.140,0,10,10,0.00,0.0001,0.0000,63.3808,40.0507,0.0000,-0.0000,0.0000,18.7542
2026-05-07 20:05:51.640,0,10,10,0.00,0.0000,0.0000,63.3808,40.0507,0.0000,-0.0000,0.0000,18.7542
2026-05-07 20:05:52.140,0,10,10,0.00,0.0000,-0.0001,63.3808,40.0507,0.0000,-0.0000,0.0000,18.7542
2026-05-07 20:05:52.640,0,10,10,0.00,0.0000,0.0000,63.3808,40.0507,0.0000,-0.0000,0.0000,18.7542
2026-05-07 20:05:53.140,0,10,10,0.00,0.0001,0.0000,63.3808,40.0507,0.0000,-0.0000,0.0000,18.7542
2026-05-07 20:05:53.640,0,10,10,0.00,0.0001,0.0000,63.3808,40.0507,0.0000,-0.0000,0.0000,18.7542
2026-05-07 20:05:54.140,0,10,10,0.00,0.0000,0.0001,63.3808,40.0507,0.0000,-0.0000,0.0000,18.7542
2026-05-07 20:05:54.640,0,10,10,0.00,0.0000,0.0000,63.3808,40.0507,0.0000,-0.0000,0.0000,18.7542
2026-05-07 20:05:55.140,0,10,10,0.00,0.0001,0.0001,63.3808,40.0507,0.0000,-0.0000,0.0000,18.7542
2026-05-07 20:05:55.640,0,10,10,0.00,-0.0003,0.0000,63.3808,40.0507,0.0000,-0.0000,0.0000,18.7542
2026-05-07 20:05:56.140,0,10,10,0.00,0.0001,0.0000,63.3808,40.0507,0.0000,-0.0000,0.0000,18.7542
2026-05-07 20:05:56.640,0,10,10,0.00,0.0000,0.0000,63.3808,40.0507,0.0000,-0.0000,0.0000,18.7542
2026-05-07 20:05:57.140,0,10,10,0.00,0.0000,0.0000,63.3808,40.0507,0.0000,-0.0000,0.0000,18.7542
2026-05-07 20:05:57.640,0,10,10,0.00,0.0001,0.0001,63.3808,40.0507,0.0000,-0.0000,0.0000,18.7542
2026-05-07 20:05:58.140,0,10,10,0.00,0.0000,0.0000,63.3808,40.0507,0.0000,-0.0000,0.0000,18.7542
2026-05-07 20:05:58.640,0,10,10,0.00,0.0000,0.0001,63.3808,40.0507,0.0000,-0.0000,0.0000,18.7542
2026-05-07 20:05:59.140,0,10,10,0.00,-0.0001,0.0000,63.3808,40.0507,0.0000,-0.0000,0.0000,18.7542
2026-05-07 20:05:59.640,0,10,10,0.00,-0.0005,0.0000,63.3808,40.0507,0.0000,-0.0000,0.0000,18.7542
2026-05-07 20:06:00.140,0,10,10,0.00,0.0000,0.0000,63.3808,40.0507,0.0000,-0.0000,0.0000,18.7542
2026-05-07 20:06:00.640,0,10,10,0.00,0.0000,0.0000,63.3808,40.0507,0.0000,-0.0000,0.0000,18.7542
2026-05-07 20:06:01.140,0,10,10,0.00,0.0000,0.0000,63.3808,40.0507,0.0000,-0.0000,0.0000,18.7542
2026-05-07 20:06:01.640,0,10,10,0.00,0.0000,0.0000,63.3808,40.0507,0.0000,-0.0000,0.0000,18.7542
2026-05-07 20:06:02.140,0,10,10,0.00,0.0003,-0.0001,63.3808,40.0507,0.0000,-0.0000,0.0000,18.7542
2026-05-07 20:06:02.640,0,10,10,0.00,-0.0001,0.0000,63.3808,40.0507,0.0000,-0.0000,0.0000,18.7542
2026-05-07 20:06:03.140,0,10,10,0.00,0.0003,-0.0003,63.3808,40.0507,0.0000,-0.0000,0.0000,18.7542
2026-05-07 20:06:03.640,0,10,10,0.00,0.0000,0.0000,63.3808,40.0507,0.0000,-0.0000,0.0000,18.7542
2026-05-07 20:06:04.140,0,10,10,0.00,0.0001,0.0000,63.3808,40.0507,0.0000,-0.0000,0.0000,18.7542
2026-05-07 20:06:04.640,0,10,10,0.00,-0.0003,0.0000,63.3808,40.0507,0.0000,-0.0000,0.0000,18.7542
2026-05-07 20:06:05.140,0,10,10,0.00,0.0003,0.0000,63.3808,40.0507,0.0000,-0.0000,0.0000,18.7542
2026-05-07 20:06:05.640,0,10,10,0.00,-0.0001,0.0000,63.3808,40.0507,0.0000,-0.0000,0.0000,18.7542
2026-05-07 20:06:06.140,0,10,10,0.00,0.0000,-0.0001,63.3808,40.0507,0.0000,-0.0000,0.0000,18.7542
2026-05-07 20:06:06.640,0,10,10,0.00,0.0000,0.0001,63.3808,40.0507,0.0000,-0.0000,0.0000,18.7542
2026-05-07 20:06:07.140,0,10,10,0.00,0.0000,0.0000,63.3808,40.0507,0.0000,-0.0000,0.0000,18.7542
2026-05-07 20:06:07.640,0,10,10,0.00,-0.0003,0.0000,63.3808,40.0507,0.0000,-0.0000,0.0000,18.7542
2026-05-07 20:06:08.140,0,10,10,0.00,0.0000,0.0000,63.3808,40.0507,0.0000,-0.0000,0.0000,18.7542
2026-05-07 20:06:08.640,0,10,10,0.00,0.0000,0.0000,63.3808,40.0507,0.0000,-0.0000,0.0000,18.7542
2026-05-07 20:06:09.140,0,10,10,0.00,0.0000,0.0000,63.3808,40.0507,0.0000,-0.0000,0.0000,18.7542
2026-05-07 20:06:09.640,0,10,10,0.00,0.0000,-0.0003,63.3808,40.0507,0.0000,-0.0000,0.0000,18.7542
2026-05-07 20:06:10.140,0,10,10,0.00,-0.0001,0.0000,63.3808,40.0507,0.0000,-0.0000,0.0000,18.7542
2026-05-07 20:06:10.640,0,10,10,0.00,-0.0003,0.0000,63.3808,40.0507,0.0000,-0.0000,0.0000,18.7542
2026-05-07 20:06:11.140,0,10,10,0.00,-0.0001,-0.0003,63.3808,40.0507,0.0000,-0.0000,0.0000,18.7542
2026-05-07 20:06:11.640,0,10,10,0.00,0.0001,0.0000,63.3808,40.0507,0.0000,-0.0000,0.0000,18.7542
2026-05-07 20:06:12.140,0,10,10,0.00,0.0000,0.0001,63.3808,40.0507,0.0000,-0.0000,0.0000,18.7542
2026-05-07 20:06:12.640,0,10,10,0.00,0.0000,0.0000,63.3808,40.0507,0.0000,-0.0000,0.0000,18.7542
2026-05-07 20:06:13.140,0,10,10,0.00,0.0001,-0.0003,63.3808,40.0507,0.0000,-0.0000,0.0000,18.7542
2026-05-07 20:06:13.640,0,10,10,0.00,0.0000,0.0000,63.3808,40.0507,0.0000,-0.0000,0.0000,18.7542
2026-05-07 20:06:14.140,0,10,10,0.00,-0.0001,0.0000,63.3808,40.0507,0.0000,-0.0000,0.0000,18.7542
2026-05-07 20:06:14.640,0,10,10,0.00,0.0001,-0.0001,63.3808,40.0507,0.0000,-0.0000,0.0000,18.7542
2026-05-07 20:06:15.140,0,10,10,0.00,0.0001,0.0003,63.3808,40.0507,0.0000,-0.0000,0.0000,18.7542
2026-05-07 20:06:15.640,0,10,10,0.00,0.0001,0.0000,63.3808,40.0507,0.0000,-0.0000,0.0000,18.7542
2026-05-07 20:06:16.140,0,10,10,0.00,0.0000,0.0000,63.3808,40.0507,0.0000,-0.0000,0.0000,18.7542
2026-05-07 20:06:16.640,0,10,10,0.00,0.0000,0.0001,63.3808,40.0507,0.0000,-0.0000,0.0000,18.7542
2026-05-07 20:06:17.140,0,10,10,0.00,0.0000,0.0001,63.3808,40.0507,0.0000,-0.0000,0.0000,18.7542
2026-05-07 20:06:17.640,0,10,10,0.00,0.0000,-0.0001,63.3808,40.0507,0.0000,-0.0000,0.0000,18.7542
2026-05-07 20:06:18.140,0,10,10,0.00,-0.0003,0.0001,63.3808,40.0507,0.0000,-0.0000,0.0000,18.7542
2026-05-07 20:06:18.640,0,10,10,0.00,0.0000,0.0001,63.3808,40.0507,0.0000,-0.0000,0.0000,18.7542
2026-05-07 20:06:19.140,0,10,10,0.00,0.0003,0.0000,63.3808,40.0507,0.0000,-0.0000,0.0000,18.7542
2026-05-07 20:06:19.640,0,10,10,0.00,-0.0001,0.0000,63.3808,40.0507,0.0000,-0.0000,0.0000,18.7542
2026-05-07 20:06:20.140,0,10,10,0.00,0.0001,0.0000,63.3808,40.0507,0.0000,-0.0000,0.0000,18.7542
2026-05-07 20:06:20.640,0,10,10,0.00,0.0000,0.0000,63.3808,40.0507,0.0000,-0.0000,0.0000,18.7542
2026-05-07 20:06:21.140,0,10,10,0.00,0.0000,0.0000,63.3808,40.0507,0.0000,-0.0000,0.0000,18.7542
2026-05-07 20:06:21.640,0,10,10,0.00,0.0001,0.0001,63.3808,40.0507,0.0000,-0.0000,0.0000,18.7542
2026-05-07 20:06:22.140,0,10,10,0.00,0.0000,0.0000,63.3808,40.0507,0.0000,-0.0000,0.0000,18.7542
2026-05-07 20:06:22.640,0,10,10,0.00,-0.0001,-0.0001,63.3808,40.0507,0.0000,-0.0000,0.0000,18.7542
2026-05-07 20:06:23.140,0,10,10,0.00,0.0004,-0.0001,63.3808,40.0507,0.0000,-0.0000,0.0000,18.7542
2026-05-07 20:06:23.640,0,10,10,0.00,0.0003,0.0000,63.3808,40.0507,0.0000,-0.0000,0.0000,18.7542
2026-05-07 20:06:24.140,0,10,10,0.00,0.0001,-0.0003,63.3808,40.0507,0.0000,-0.0000,0.0000,18.7542
2026-05-07 20:06:24.640,0,10,10,0.00,0.0000,0.0000,63.3808,40.0507,0.0000,-0.0000,0.0000,18.7542
2026-05-07 20:06:25.140,0,10,10,0.00,0.0000,0.0000,63.3808,40.0507,0.0000,-0.0000,0.0000,18.7542
2026-05-07 20:06:25.640,0,10,10,0.00,-0.0003,-0.0001,63.3808,40.0507,0.0000,-0.0000,0.0000,18.7542
2026-05-07 20:06:26.140,0,10,10,0.00,0.0003,0.0001,63.3808,40.0507,0.0000,-0.0000,0.0000,18.7542
2026-05-07 20:06:26.640,0,10,10,0.00,0.0000,-0.0003,63.3808,40.0507,0.0000,-0.0000,0.0000,18.7542
2026-05-07 20:06:27.140,0,10,10,0.00,0.0000,-0.0003,63.3808,40.0507,0.0000,-0.0000,0.0000,18.7542
2026-05-07 20:06:27.640,0,10,10,0.00,0.0000,0.0000,63.3808,40.0507,0.0000,-0.0000,0.0000,18.7542
2026-05-07 20:06:28.140,0,10,10,0.00,0.0000,-0.0001,63.3808,40.0507,0.0000,-0.0000,0.0000,18.7542
2026-05-07 20:06:28.640,0,10,10,0.00,0.0000,0.0000,63.3808,40.0507,0.0000,-0.0000,0.0000,18.7542
2026-05-07 20:06:29.140,0,10,10,0.00,0.0000,-0.0001,63.3808,40.0507,0.0000,-0.0000,0.0000,18.7542
2026-05-07 20:06:29.640,0,10,10,0.00,-0.0001,0.0000,63.3808,40.0507,0.0000,-0.0000,0.0000,18.7542
2026-05-07 20:06:30.140,0,10,10,0.00,0.0001,0.0003,63.3808,40.0507,0.0000,-0.0000,0.0000,18.7542
2026-05-07 20:06:30.640,0,10,10,0.00,0.0000,0.0000,63.3808,40.0507,0.0000,-0.0000,0.0000,18.7542
2026-05-07 20:06:31.140,0,10,10,0.00,0.0000,0.0001,63.3808,40.0507,0.0000,-0.0000,0.0000,18.7542
2026-05-07 20:06:31.640,0,10,10,0.00,0.0000,-0.0003,63.3808,40.0507,0.0000,-0.0000,0.0000,18.7542
2026-05-07 20:06:32.140,0,10,10,0.00,0.0000,0.0000,63.3808,40.0507,0.0000,-0.0000,0.0000,18.7542
2026-05-07 20:06:32.640,0,10,10,0.00,0.0000,0.0001,63.3808,40.0507,0.0000,-0.0000,0.0000,18.7542
2026-05-07 20:06:33.140,0,10,10,0.00,0.0000,0.0000,63.3808,40.0507,0.0000,-0.0000,0.0000,18.7542
2026-05-07 20:06:33.643,0,10,10,0.00,0.0003,0.0001,63.3808,40.0507,0.0000,-0.0000,0.0000,18.7542
2026-05-07 20:06:34.140,0,10,10,0.00,-0.0001,-0.0001,63.3808,40.0507,0.0000,-0.0000,0.0000,18.7542
2026-05-07 20:06:34.640,0,10,10,0.00,0.0000,0.0000,63.3808,40.0507,0.0000,-0.0000,0.0000,18.7542
2026-05-07 20:06:35.140,0,10,10,0.00,-0.0004,0.0000,63.3808,40.0507,0.0000,-0.0000,0.0000,18.7542
2026-05-07 20:06:35.640,0,10,10,0.00,0.0005,0.0001,63.3808,40.0507,0.0000,-0.0000,0.0000,18.7542
2026-05-07 20:06:36.140,0,10,10,0.00,0.0000,0.0001,63.3808,40.0507,0.0000,-0.0000,0.0000,18.7542
2026-05-07 20:06:36.640,0,10,10,0.00,0.0000,0.0001,63.3808,40.0507,0.0000,-0.0000,0.0000,18.7542
2026-05-07 20:06:37.140,0,10,10,0.00,0.0000,-0.0001,63.3808,40.0507,0.0000,-0.0000,0.0000,18.7542
2026-05-07 20:06:37.640,0,10,10,0.00,0.0000,-0.0001,63.3808,40.0507,0.0000,-0.0000,0.0000,18.7542
2026-05-07 20:06:38.140,0,10,10,0.00,-0.0001,0.0001,63.3808,40.0507,0.0000,-0.0000,0.0000,18.7542
2026-05-07 20:06:38.640,0,10,10,0.00,0.0000,0.0001,63.3808,40.0507,0.0000,-0.0000,0.0000,18.7542
2026-05-07 20:06:39.140,0,10,10,0.00,0.0000,0.0000,63.3808,40.0507,0.0000,-0.0000,0.0000,18.7542
2026-05-07 20:06:39.640,0,10,10,0.00,0.0000,0.0001,63.3808,40.0507,0.0000,-0.0000,0.0000,18.7542
