Timestamp,IMU_Packages_per_sec,Odom_Packages_per_sec,Send_Packages_per_sec,Yaw_Angle,Left_Velocity_mps,Right_Velocity_mps,x,y,quaternion_yaw,Left_Velocity_LOS,Right_Velocity_LOS,theta_yaw
2026-04-29 20:23:03.862,0,9,9,0.00,0.0000,-0.0001,0.0000,0.0000,0.0000,0.0000,0.0000,0.0000
2026-04-29 20:23:04.362,0,10,10,0.00,0.0000,0.0000,0.0000,0.0000,0.0000,0.0000,0.0000,0.0000
2026-04-29 20:23:04.864,0,10,10,0.00,0.0000,0.0001,0.0000,0.0000,0.0000,0.0000,0.0000,0.0000
2026-04-29 20:23:05.362,0,10,10,0.00,-0.0001,-0.0003,0.0000,0.0000,0.0000,0.0000,0.0000,0.0000
2026-04-29 20:23:05.862,0,10,10,0.00,0.0003,0.0000,0.0000,0.0000,0.0000,0.0000,0.0000,0.0000
2026-04-29 20:23:06.362,0,10,10,0.00,0.0000,-0.0004,0.0000,0.0000,0.0000,0.0000,0.0000,0.0000
2026-04-29 20:23:06.862,0,10,10,0.00,0.0003,0.0001,0.0000,0.0000,0.0000,0.0000,0.0000,0.0000
2026-04-29 20:23:07.362,0,10,10,0.00,0.0001,0.0000,0.0000,0.0000,0.0000,0.0000,0.0000,0.0000
2026-04-29 20:23:07.862,0,10,10,0.00,0.0000,0.0001,0.0000,0.0000,0.0000,0.0000,0.0000,0.0000
2026-04-29 20:23:08.362,0,10,10,0.00,0.0001,0.0000,0.0000,0.0000,0.0000,0.0000,0.0000,0.0000
2026-04-29 20:23:08.862,0,10,10,0.00,0.0000,0.0000,0.0000,0.0000,0.0000,0.0000,0.0000,0.0000
2026-04-29 20:23:09.362,0,10,10,0.00,0.0000,0.0003,0.0000,0.0000,0.0000,0.0000,0.0000,0.0000
2026-04-29 20:23:09.862,0,10,10,0.00,0.0001,0.0003,0.0000,0.0000,0.0000,0.0000,0.0000,0.0000
2026-04-29 20:23:10.362,0,10,10,0.00,0.0001,0.0003,0.0000,0.0000,0.0000,0.0000,0.0000,0.0000
2026-04-29 20:23:10.862,0,10,10,0.00,-0.0001,0.0000,0.0000,0.0000,0.0000,0.0000,0.0000,0.0000
2026-04-29 20:23:11.362,0,10,10,0.00,-0.0004,0.0001,0.0000,0.0000,0.0000,0.0000,0.0000,0.0000
2026-04-29 20:23:11.862,0,10,10,0.00,0.0001,0.0000,0.0000,0.0000,0.0000,0.0000,0.0000,0.0000
2026-04-29 20:23:12.362,0,10,10,0.00,-0.0003,-0.0001,0.0000,0.0000,0.0000,0.0000,0.0000,0.0000
2026-04-29 20:23:12.862,0,10,10,0.00,0.0001,0.0000,0.0000,0.0000,0.0000,0.0000,0.0000,0.0000
2026-04-29 20:23:13.363,0,10,10,0.00,0.0000,0.0001,0.0000,0.0000,0.0000,0.0000,0.0000,0.0000
2026-04-29 20:23:13.862,0,10,10,0.00,0.0000,-0.0003,0.0000,0.0000,0.0000,0.0000,0.0000,0.0000
2026-04-29 20:23:14.362,0,10,10,0.00,-0.0003,0.0000,0.0000,0.0000,0.0000,0.0000,0.0000,0.0000
2026-04-29 20:23:14.862,0,10,10,0.00,0.0000,0.0000,0.0000,0.0000,0.0000,0.0000,0.0000,0.0000
2026-04-29 20:23:15.362,0,10,10,0.00,0.0000,0.0001,0.0000,0.0000,0.0000,0.0000,0.0000,1.0442
2026-04-29 20:23:15.862,0,10,10,0.00,-0.0001,-0.0001,0.0000,0.0000,0.0000,0.0000,0.0000,1.0442
2026-04-29 20:23:16.362,0,10,10,0.00,0.0003,0.0000,0.0000,0.0000,0.0000,-0.0000,0.0000,1.0442
2026-04-29 20:23:16.862,0,10,10,0.00,0.0001,-0.0004,0.0000,0.0000,0.0000,-0.0000,0.0000,1.0442
2026-04-29 20:23:17.362,0,10,10,0.00,0.0000,0.0001,0.0000,0.0000,0.0000,-0.0000,0.0000,1.0442
2026-04-29 20:23:17.862,0,10,10,0.00,0.0000,0.0000,0.0000,0.0000,0.0000,-0.0000,0.0000,1.0442
2026-04-29 20:23:18.362,0,10,10,0.00,-0.0001,-0.0001,0.0000,0.0000,0.0000,-0.0000,0.0000,1.0442
2026-04-29 20:23:18.862,0,10,10,0.00,0.0001,0.0000,0.0000,0.0000,0.0000,-0.0000,0.0000,1.0442
2026-04-29 20:23:19.362,0,10,10,0.00,0.0003,0.0000,0.0000,0.0000,0.0000,-0.0000,0.0000,1.0442
2026-04-29 20:23:19.862,0,10,10,0.00,0.0001,0.0000,0.0000,0.0000,0.0000,-0.0000,0.0000,1.0442
2026-04-29 20:23:20.362,0,10,10,0.00,0.0001,-0.0003,0.0000,0.0000,0.0000,-0.0000,0.0000,1.0442
2026-04-29 20:23:20.862,0,10,10,0.00,-0.0001,0.0000,0.0000,0.0000,0.0000,-0.0000,0.0000,1.0442
2026-04-29 20:23:21.362,0,10,10,0.00,0.0000,-0.0001,0.0000,0.0000,0.0000,-0.0000,0.0000,1.0442
2026-04-29 20:23:21.862,0,10,10,0.00,-0.0001,0.0000,-0.0000,0.0000,0.0000,-0.0000,0.0000,1.0442
2026-04-29 20:23:22.362,0,10,10,0.00,0.0001,0.0000,-0.0000,0.0000,0.0000,-0.0000,0.0000,1.0442
2026-04-29 20:23:22.862,0,10,10,0.00,-0.0003,0.0001,-0.0000,0.0000,0.0000,-0.0000,0.0000,1.0442
2026-04-29 20:23:23.362,0,10,10,0.00,0.0000,0.0001,-0.0000,0.0000,0.0000,-0.0000,0.0000,1.0442
2026-04-29 20:23:23.862,0,10,10,0.00,0.0003,0.0001,-0.0000,0.0000,0.0000,-0.0000,0.0000,1.0442
2026-04-29 20:23:24.362,0,10,10,0.00,0.0000,0.0001,-0.0000,0.0000,0.0000,-0.0000,0.0000,1.0442
2026-04-29 20:23:24.862,0,10,10,0.00,0.0000,0.0000,-0.0000,0.0000,0.0000,-0.0000,0.0000,1.0442
2026-04-29 20:23:25.362,0,10,10,0.00,-0.0001,0.0000,-0.0000,0.0000,0.0000,-0.0000,0.0000,1.0442
2026-04-29 20:23:25.862,0,10,10,0.00,0.0000,0.0000,-0.0000,0.0000,0.0000,-0.0000,0.0000,1.0442
2026-04-29 20:23:26.362,0,10,10,0.00,0.0000,0.0000,-0.0000,0.0000,0.0000,-0.0000,0.0000,1.0442
2026-04-29 20:23:26.862,0,10,10,0.00,-0.0003,0.0003,-0.0000,0.0000,0.0000,-0.0000,0.0000,1.0442
2026-04-29 20:23:27.362,0,10,10,0.00,0.0000,0.0000,-0.0000,0.0000,0.0000,-0.0000,0.0000,1.0442
2026-04-29 20:23:27.862,0,10,10,0.00,0.0003,0.0000,-0.0000,0.0000,0.0000,-0.0000,0.0000,1.0442
2026-04-29 20:23:28.362,0,10,10,0.00,0.0001,0.0000,-0.0000,0.0000,0.0000,-0.0000,0.0000,1.0442
2026-04-29 20:23:28.862,0,10,10,0.00,0.0000,0.0001,-0.0000,0.0000,0.0000,-0.0000,0.0000,1.0442
2026-04-29 20:23:29.362,0,10,10,0.00,0.0001,0.0003,-0.0000,0.0000,0.0000,-0.0000,0.0000,1.0442
2026-04-29 20:23:29.862,0,10,10,0.00,0.0001,-0.0001,-0.0000,0.0000,0.0000,-0.0000,0.0000,1.0442
2026-04-29 20:23:30.362,0,10,10,0.00,-0.0003,-0.0001,-0.0000,0.0000,0.0000,-0.0000,0.0000,1.0442
2026-04-29 20:23:30.862,0,10,10,0.00,0.0000,0.0000,-0.0000,0.0000,0.0000,-0.0000,0.0000,1.0442
2026-04-29 20:23:31.362,0,10,10,0.00,0.0001,0.0001,-0.0000,0.0000,0.0000,-0.0000,0.0000,1.0442
2026-04-29 20:23:31.862,0,10,10,0.00,0.0000,0.0001,-0.0000,0.0000,0.0000,-0.0000,0.0000,1.0442
2026-04-29 20:23:32.362,0,10,10,0.00,0.0001,0.0000,-0.0000,0.0000,0.0000,-0.0000,0.0000,1.0442
2026-04-29 20:23:32.862,0,10,10,0.00,0.0000,0.0008,-0.0000,0.0000,0.0000,-0.0000,0.0000,1.0442
2026-04-29 20:23:33.362,0,10,10,0.00,-0.1427,0.1185,0.0296,-0.0003,0.0000,-0.0000,0.0000,1.0442
2026-04-29 20:23:33.862,0,10,10,0.00,-0.2880,0.3217,0.1532,-0.0012,0.0000,-0.0000,0.0000,2.6844
2026-04-29 20:23:34.362,0,10,10,0.00,-0.3609,0.3723,0.3388,0.0009,0.0000,-0.0000,0.0000,4.0492
2026-04-29 20:23:34.862,0,10,10,0.00,-0.0225,0.0043,0.4293,0.0031,0.0000,-0.0000,0.0000,5.2962
2026-04-29 20:23:35.362,0,10,10,0.00,0.1326,-0.1403,0.3948,0.0021,0.0000,-0.0000,0.0000,5.0670
2026-04-29 20:23:35.862,0,10,10,0.00,0.3231,-0.3042,0.2749,-0.0010,0.0000,-0.0000,0.0000,4.8938
2026-04-29 20:23:36.362,0,10,10,0.00,0.3380,-0.4521,0.1079,-0.0003,0.0000,-0.0000,0.0000,3.4327
2026-04-29 20:23:36.862,0,10,10,0.00,0.2703,-0.3621,-0.0874,0.0163,0.0000,-0.0000,0.0000,-2.2141
2026-04-29 20:23:37.362,0,10,10,0.00,-0.0005,0.0003,-0.1397,0.0235,0.0000,-0.0000,0.0000,-4.8389
2026-04-29 20:23:37.862,0,10,10,0.00,-0.0021,0.0524,-0.1313,0.0222,0.0000,-0.0000,0.0000,-4.8389
2026-04-29 20:23:38.362,0,10,10,0.00,-0.0750,0.0568,-0.1158,0.0204,0.0000,-0.0000,0.0000,-3.6781
2026-04-29 20:23:38.862,0,10,10,0.00,-0.2359,0.2613,-0.0321,0.0107,0.0000,-0.0000,0.0000,-2.3128
2026-04-29 20:23:39.362,0,10,10,0.00,0.0068,0.0469,0.0310,0.0051,0.0000,-0.0000,0.0000,-0.7636
2026-04-29 20:23:39.862,0,10,10,0.00,-0.0001,0.0000,0.0283,0.0053,0.0000,-0.0000,0.0000,1.1464
2026-04-29 20:23:40.362,0,10,10,0.00,-0.0001,0.0003,0.0283,0.0053,0.0000,-0.0000,0.0000,1.1464
2026-04-29 20:23:40.862,0,10,10,0.00,0.0000,0.0003,0.0283,0.0053,0.0000,-0.0000,0.0000,1.1464
2026-04-29 20:23:41.362,0,10,10,0.00,0.0000,0.0000,0.0283,0.0053,0.0000,-0.0000,0.0000,1.1464
2026-04-29 20:23:41.862,0,10,10,0.00,0.0000,-0.0001,0.0283,0.0053,0.0000,-0.0000,0.0000,1.1464
2026-04-29 20:23:42.362,0,10,10,0.00,-0.0004,0.0000,0.0283,0.0053,0.0000,-0.0000,0.0000,1.1464
2026-04-29 20:23:42.862,0,10,10,0.00,-0.0001,0.0001,0.0283,0.0053,0.0000,-0.0000,0.0000,1.1464
2026-04-29 20:23:43.362,0,10,10,0.00,0.0000,0.0000,0.0283,0.0053,0.0000,-0.0000,0.0000,1.1464
2026-04-29 20:23:43.862,0,10,10,0.00,0.0001,0.0000,0.0283,0.0053,0.0000,-0.0000,0.0000,1.1464
2026-04-29 20:23:44.362,0,10,10,0.00,0.0000,0.0000,0.0283,0.0053,0.0000,-0.0000,0.0000,1.1464
2026-04-29 20:23:44.862,0,10,10,0.00,0.0000,0.0000,0.0283,0.0053,0.0000,-0.0000,0.0000,1.1464
2026-04-29 20:23:45.362,0,10,10,0.00,0.0000,0.0000,0.0283,0.0053,0.0000,-0.0000,0.0000,1.1464
2026-04-29 20:23:45.862,0,10,10,0.00,0.0000,0.0000,0.0283,0.0053,0.0000,-0.0000,0.0000,1.1464
2026-04-29 20:23:46.362,0,10,10,0.00,0.0001,-0.0001,0.0283,0.0053,0.0000,-0.0000,0.0000,1.1464
2026-04-29 20:23:46.862,0,10,10,0.00,0.0000,0.0000,0.0283,0.0053,0.0000,-0.0000,0.0000,1.1464
2026-04-29 20:23:47.362,0,10,10,0.00,0.0000,-0.0001,0.0283,0.0053,0.0000,-0.0000,0.0000,1.1464
2026-04-29 20:23:47.862,0,10,10,0.00,0.0000,0.0000,0.0283,0.0053,0.0000,-0.0000,0.0000,1.1464
2026-04-29 20:23:48.362,0,10,10,0.00,-0.0004,0.0000,0.0283,0.0053,0.0000,-0.0000,0.0000,1.1464
2026-04-29 20:23:48.862,0,10,10,0.00,0.0001,-0.0001,0.0283,0.0053,0.0000,-0.0000,0.0000,1.1464
2026-04-29 20:23:49.362,0,10,10,0.00,-0.0001,0.0000,0.0283,0.0053,0.0000,-0.0000,0.0000,1.1464
2026-04-29 20:23:49.862,0,10,10,0.00,0.0000,0.0000,0.0283,0.0053,0.0000,-0.0000,0.0000,1.1464
2026-04-29 20:23:50.362,0,10,10,0.00,0.0000,-0.0003,0.0283,0.0053,0.0000,-0.0000,0.0000,1.1464
2026-04-29 20:23:50.862,0,10,10,0.00,0.0000,0.0000,0.0283,0.0053,0.0000,-0.0000,0.0000,1.1464
2026-04-29 20:23:51.362,0,10,10,0.00,0.0000,0.0000,0.0283,0.0053,0.0000,-0.0000,0.0000,1.1464
2026-04-29 20:23:51.862,0,10,10,0.00,-0.0003,0.0000,0.0283,0.0053,0.0000,-0.0000,0.0000,1.1464
2026-04-29 20:23:52.362,0,10,10,0.00,-0.0003,0.0000,0.0283,0.0053,0.0000,-0.0000,0.0000,1.1464
2026-04-29 20:23:52.862,0,10,10,0.00,0.0000,0.0000,0.0283,0.0053,0.0000,-0.0000,0.0000,1.1464
2026-04-29 20:23:53.362,0,10,10,0.00,-0.0001,0.0000,0.0283,0.0053,0.0000,-0.0000,0.0000,1.1464
2026-04-29 20:23:53.862,0,10,10,0.00,0.0001,0.0001,0.0283,0.0053,0.0000,-0.0000,0.0000,1.1464
2026-04-29 20:23:54.362,0,10,10,0.00,-0.0003,0.0000,0.0283,0.0053,0.0000,-0.0000,0.0000,1.1464
2026-04-29 20:23:54.862,0,10,10,0.00,0.0000,0.0001,0.0283,0.0053,0.0000,-0.0000,0.0000,1.1464
2026-04-29 20:23:55.362,0,10,10,0.00,0.0000,0.0000,0.0283,0.0053,0.0000,-0.0000,0.0000,1.1464
2026-04-29 20:23:55.862,0,10,10,0.00,-0.0004,0.0000,0.0283,0.0053,0.0000,-0.0000,0.0000,1.1464
2026-04-29 20:23:56.363,0,10,10,0.00,-0.0001,0.0000,0.0283,0.0053,0.0000,-0.0000,0.0000,1.1464
2026-04-29 20:23:56.862,0,10,10,0.00,0.0001,0.0000,0.0283,0.0053,0.0000,-0.0000,0.0000,1.1464
2026-04-29 20:23:57.362,0,10,10,0.00,0.0000,0.0000,0.0283,0.0053,0.0000,-0.0000,0.0000,1.1464
2026-04-29 20:23:57.862,0,10,10,0.00,0.0000,0.0000,0.0283,0.0053,0.0000,-0.0000,0.0000,1.1464
2026-04-29 20:23:58.362,0,10,10,0.00,0.0001,0.0000,0.0283,0.0053,0.0000,-0.0000,0.0000,1.1464
2026-04-29 20:23:58.862,0,10,10,0.00,-0.0003,0.0001,0.0283,0.0053,0.0000,-0.0000,0.0000,1.1464
2026-04-29 20:23:59.362,0,10,10,0.00,0.0000,0.0000,0.0283,0.0053,0.0000,-0.0000,0.0000,1.1464
2026-04-29 20:23:59.862,0,10,10,0.00,0.0001,0.0000,0.0283,0.0053,0.0000,-0.0000,0.0000,1.1464
2026-04-29 20:24:00.362,0,10,10,0.00,-0.0001,0.0000,0.0283,0.0053,0.0000,-0.0000,0.0000,1.1464
2026-04-29 20:24:00.862,0,10,10,0.00,0.0001,0.0001,0.0283,0.0053,0.0000,-0.0000,0.0000,1.1464
2026-04-29 20:24:01.362,0,10,10,0.00,-0.0001,-0.0001,0.0283,0.0053,0.0000,-0.0000,0.0000,1.1464
2026-04-29 20:24:01.862,0,10,10,0.00,0.0001,0.0000,0.0283,0.0053,0.0000,-0.0000,0.0000,1.1464
2026-04-29 20:24:02.362,0,10,10,0.00,0.0000,0.0000,0.0283,0.0053,0.0000,-0.0000,0.0000,1.1464
2026-04-29 20:24:02.862,0,10,10,0.00,-0.0001,-0.0001,0.0283,0.0053,0.0000,-0.0000,0.0000,1.1464
2026-04-29 20:24:03.362,0,10,10,0.00,-0.0003,0.0003,0.0283,0.0053,0.0000,-0.0000,0.0000,1.1464
2026-04-29 20:24:03.862,0,10,10,0.00,-0.0004,0.0000,0.0283,0.0053,0.0000,-0.0000,0.0000,1.1464
2026-04-29 20:24:04.362,0,10,10,0.00,0.0000,0.0001,0.0283,0.0053,0.0000,-0.0000,0.0000,1.1464
2026-04-29 20:24:04.862,0,10,10,0.00,0.0001,0.0001,0.0283,0.0053,0.0000,-0.0000,0.0000,1.1464
2026-04-29 20:24:05.362,0,9,10,0.00,0.0003,-0.0004,0.0283,0.0053,0.0000,-0.0000,0.0000,1.1464
2026-04-29 20:24:05.862,0,10,10,0.00,0.0000,0.0000,0.0283,0.0053,0.0000,-0.0000,0.0000,1.1464
2026-04-29 20:24:06.362,0,10,10,0.00,0.0000,0.0000,0.0283,0.0053,0.0000,-0.0000,0.0000,1.1464
2026-04-29 20:24:06.862,0,9,10,0.00,0.0003,0.0000,0.0283,0.0053,0.0000,-0.0000,0.0000,1.1464
2026-04-29 20:24:07.362,0,8,10,0.00,0.0000,0.0000,0.0283,0.0053,0.0000,-0.0000,0.0000,1.1464
2026-04-29 20:24:07.862,0,9,10,0.00,0.0000,-0.0001,0.0283,0.0053,0.0000,-0.0000,0.0000,1.1464
2026-04-29 20:24:08.362,0,9,10,0.00,0.0000,0.0000,0.0283,0.0053,0.0000,-0.0000,0.0000,1.1464
2026-04-29 20:24:08.862,0,9,10,0.00,0.0000,0.0000,0.0283,0.0053,0.0000,-0.0000,0.0000,1.1464
2026-04-29 20:24:09.362,0,9,10,0.00,0.0003,0.0000,0.0283,0.0053,0.0000,-0.0000,0.0000,1.1464
2026-04-29 20:24:09.862,0,9,10,0.00,-0.0001,0.0001,0.0283,0.0053,0.0000,-0.0000,0.0000,1.1464
2026-04-29 20:24:10.362,0,9,10,0.00,0.0000,0.0000,0.0283,0.0053,0.0000,-0.0000,0.0000,1.1464
2026-04-29 20:24:10.862,0,9,10,0.00,0.0000,0.0001,0.0283,0.0053,0.0000,-0.0000,0.0000,1.1464
2026-04-29 20:24:11.362,0,9,10,0.00,0.0000,0.0000,0.0283,0.0053,0.0000,-0.0000,0.0000,1.1464
2026-04-29 20:24:11.862,0,9,10,0.00,0.0000,0.0000,0.0283,0.0053,0.0000,-0.0000,0.0000,1.1464
2026-04-29 20:24:12.362,0,9,10,0.00,0.0000,0.0001,0.0283,0.0053,0.0000,-0.0000,0.0000,1.1464
2026-04-29 20:24:12.862,0,9,10,0.00,-0.0004,0.0000,0.0283,0.0053,0.0000,-0.0000,0.0000,1.1464
2026-04-29 20:24:13.362,0,9,10,0.00,0.0000,0.0000,0.0283,0.0053,0.0000,-0.0000,0.0000,1.1464
2026-04-29 20:24:13.862,0,9,10,0.00,0.0001,0.0003,0.0283,0.0053,0.0000,-0.0000,0.0000,1.1464
2026-04-29 20:24:14.362,0,9,10,0.00,0.0000,0.0000,0.0283,0.0053,0.0000,-0.0000,0.0000,1.1464
2026-04-29 20:24:14.862,0,9,10,0.00,-0.0001,0.0001,0.0283,0.0053,0.0000,-0.0000,0.0000,1.1464
2026-04-29 20:24:15.362,0,9,10,0.00,0.0001,-0.0001,0.0283,0.0053,0.0000,-0.0000,0.0000,1.1464
2026-04-29 20:24:15.862,0,9,10,0.00,0.0000,0.0000,0.0283,0.0053,0.0000,-0.0000,0.0000,1.1464
2026-04-29 20:24:16.362,0,9,10,0.00,0.0000,0.0000,0.0283,0.0053,0.0000,-0.0000,0.0000,1.1464
2026-04-29 20:24:16.862,0,9,10,0.00,-0.0001,-0.0001,0.0283,0.0053,0.0000,-0.0000,0.0000,1.1464
2026-04-29 20:24:17.362,0,9,10,0.00,0.0000,0.0000,0.0283,0.0053,0.0000,-0.0000,0.0000,1.1464
2026-04-29 20:24:17.862,0,9,10,0.00,0.0000,0.0000,0.0283,0.0053,0.0000,-0.0000,0.0000,1.1464
2026-04-29 20:24:18.362,0,9,10,0.00,0.0000,0.0000,0.0283,0.0053,0.0000,-0.0000,0.0000,1.1464
2026-04-29 20:24:18.862,0,9,10,0.00,0.0000,0.0001,0.0283,0.0053,0.0000,-0.0000,0.0000,1.1464
2026-04-29 20:24:19.362,0,9,10,0.00,0.0000,0.0000,0.0283,0.0053,0.0000,-0.0000,0.0000,1.1464
2026-04-29 20:24:19.862,0,9,10,0.00,0.0000,0.0001,0.0283,0.0053,0.0000,-0.0000,0.0000,1.1464
2026-04-29 20:24:20.362,0,9,10,0.00,0.0005,0.0003,0.0283,0.0053,0.0000,-0.0000,0.0000,1.1464
2026-04-29 20:24:20.862,0,9,10,0.00,-0.0001,0.0001,0.0283,0.0053,0.0000,-0.0000,0.0000,1.1464
2026-04-29 20:24:21.362,0,9,10,0.00,0.0004,0.0001,0.0283,0.0053,0.0000,-0.0000,0.0000,1.1464
2026-04-29 20:24:21.862,0,9,10,0.00,0.0000,0.0001,0.0283,0.0053,0.0000,-0.0000,0.0000,1.1464
2026-04-29 20:24:22.362,0,9,10,0.00,0.0000,0.0001,0.0283,0.0053,0.0000,-0.0000,0.0000,1.1464
2026-04-29 20:24:22.862,0,9,10,0.00,-0.0004,0.0001,0.0283,0.0053,0.0000,-0.0000,0.0000,1.1464
2026-04-29 20:24:23.362,0,9,10,0.00,-0.0003,0.0001,0.0283,0.0053,0.0000,-0.0000,0.0000,1.1464
2026-04-29 20:24:23.862,0,9,10,0.00,0.0000,-0.0003,0.0283,0.0053,0.0000,-0.0000,0.0000,1.1464
2026-04-29 20:24:24.362,0,9,10,0.00,0.0001,0.0000,0.0283,0.0053,0.0000,-0.0000,0.0000,1.1464
2026-04-29 20:24:24.862,0,9,10,0.00,0.0004,0.0000,0.0283,0.0053,0.0000,-0.0000,0.0000,1.1464
2026-04-29 20:24:25.362,0,9,10,0.00,0.0001,0.0000,0.0283,0.0053,0.0000,-0.0000,0.0000,1.1464
2026-04-29 20:24:25.862,0,9,10,0.00,0.0001,0.0000,0.0283,0.0053,0.0000,-0.0000,0.0000,1.1464
2026-04-29 20:24:26.362,0,9,10,0.00,0.0000,0.0000,0.0283,0.0053,0.0000,-0.0000,0.0000,1.1464
2026-04-29 20:24:26.862,0,9,10,0.00,-0.0001,-0.0003,0.0283,0.0053,0.0000,-0.0000,0.0000,1.1464
2026-04-29 20:24:27.362,0,9,10,0.00,0.0000,0.0000,0.0283,0.0053,0.0000,-0.0000,0.0000,1.1464
2026-04-29 20:24:27.862,0,9,10,0.00,0.0000,0.0000,0.0283,0.0053,0.0000,-0.0000,0.0000,1.1464
2026-04-29 20:24:28.362,0,9,10,0.00,0.0001,0.0001,0.0283,0.0053,0.0000,-0.0000,0.0000,1.1464
2026-04-29 20:24:28.862,0,9,10,0.00,0.0000,0.0000,0.0283,0.0053,0.0000,-0.0000,0.0000,1.1464
2026-04-29 20:24:29.362,0,9,10,0.00,0.0003,-0.0001,0.0283,0.0053,0.0000,-0.0000,0.0000,1.1464
2026-04-29 20:24:29.862,0,9,10,0.00,0.0000,0.0000,0.0283,0.0053,0.0000,-0.0000,0.0000,1.1464
2026-04-29 20:24:30.362,0,9,10,0.00,0.0001,-0.0001,0.0283,0.0053,0.0000,-0.0000,0.0000,1.1464
2026-04-29 20:24:30.862,0,9,10,0.00,0.0000,0.0001,0.0283,0.0053,0.0000,-0.0000,0.0000,1.1464
2026-04-29 20:24:31.362,0,9,10,0.00,-0.0001,0.0000,0.0283,0.0053,0.0000,-0.0000,0.0000,1.1464
2026-04-29 20:24:31.862,0,9,10,0.00,-0.0001,0.0000,0.0283,0.0053,0.0000,-0.0000,0.0000,1.1464
2026-04-29 20:24:32.362,0,9,10,0.00,0.0003,0.0000,0.0283,0.0053,0.0000,-0.0000,0.0000,1.1464
2026-04-29 20:24:32.862,0,9,10,0.00,0.0000,0.0000,0.0283,0.0053,0.0000,-0.0000,0.0000,1.1464
2026-04-29 20:24:33.362,0,9,10,0.00,0.0000,0.0000,0.0283,0.0053,0.0000,-0.0000,0.0000,1.1464
2026-04-29 20:24:33.862,0,9,10,0.00,0.0000,0.0000,0.0283,0.0053,0.0000,-0.0000,0.0000,1.1464
2026-04-29 20:24:34.362,0,9,10,0.00,-0.0001,0.0000,0.0283,0.0053,0.0000,-0.0000,0.0000,1.1464
2026-04-29 20:24:34.862,0,9,10,0.00,0.0000,0.0001,0.0283,0.0053,0.0000,-0.0000,0.0000,1.1464
2026-04-29 20:24:35.362,0,9,10,0.00,0.0001,0.0000,0.0283,0.0053,0.0000,-0.0000,0.0000,1.1464
2026-04-29 20:24:35.862,0,9,10,0.00,0.0000,-0.0005,0.0283,0.0053,0.0000,-0.0000,0.0000,1.1464
2026-04-29 20:24:36.362,0,10,10,0.00,0.0000,0.0000,0.0283,0.0053,0.0000,-0.0000,0.0000,1.1464
2026-04-29 20:24:36.862,0,10,10,0.00,0.0000,0.0003,0.0283,0.0053,0.0000,-0.0000,0.0000,1.1464
2026-04-29 20:24:37.362,0,10,10,0.00,-0.0004,0.0001,0.0283,0.0053,0.0000,-0.0000,0.0000,1.1464
2026-04-29 20:24:37.862,0,10,10,0.00,0.0001,0.0000,0.0283,0.0053,0.0000,-0.0000,0.0000,1.1464
2026-04-29 20:24:38.362,0,10,10,0.00,0.0000,0.0000,0.0283,0.0053,0.0000,-0.0000,0.0000,1.1464
2026-04-29 20:24:38.862,0,10,10,0.00,0.0001,0.0000,0.0283,0.0053,0.0000,-0.0000,0.0000,1.1464
2026-04-29 20:24:39.362,0,10,10,0.00,-0.0003,0.0000,0.0283,0.0053,0.0000,-0.0000,0.0000,1.1464
2026-04-29 20:24:39.862,0,10,10,0.00,0.0001,0.0000,0.0283,0.0053,0.0000,-0.0000,0.0000,1.1464
2026-04-29 20:24:40.362,0,10,10,0.00,0.0000,0.0000,0.0283,0.0053,0.0000,-0.0000,0.0000,1.1464
2026-04-29 20:24:40.862,0,10,10,0.00,0.0005,0.0004,0.0283,0.0053,0.0000,-0.0000,0.0000,1.1464
2026-04-29 20:24:41.362,0,10,10,0.00,0.0000,0.0000,0.0283,0.0053,0.0000,-0.0000,0.0000,1.1464
2026-04-29 20:24:41.862,0,10,10,0.00,0.0001,0.0000,0.0283,0.0053,0.0000,-0.0000,0.0000,1.1464
2026-04-29 20:24:42.362,0,10,10,0.00,0.0000,0.0000,0.0283,0.0053,0.0000,-0.0000,0.0000,1.1464
2026-04-29 20:24:42.862,0,10,10,0.00,0.0000,-0.0001,0.0283,0.0053,0.0000,-0.0000,0.0000,1.1464
2026-04-29 20:24:43.362,0,10,10,0.00,-0.0001,0.0001,0.0283,0.0053,0.0000,-0.0000,0.0000,1.1464
2026-04-29 20:24:43.862,0,10,10,0.00,0.0000,0.0001,0.0283,0.0053,0.0000,-0.0000,0.0000,1.1464
2026-04-29 20:24:44.362,0,10,10,0.00,0.0000,0.0000,0.0283,0.0053,0.0000,-0.0000,0.0000,1.1464
2026-04-29 20:24:44.862,0,10,10,0.00,-0.0003,0.0003,0.0283,0.0053,0.0000,-0.0000,0.0000,1.1464
2026-04-29 20:24:45.362,0,10,10,0.00,0.0003,0.0000,0.0283,0.0053,0.0000,-0.0000,0.0000,1.1464
2026-04-29 20:24:45.862,0,10,10,0.00,0.0000,0.0000,0.0283,0.0053,0.0000,-0.0000,0.0000,1.1464
2026-04-29 20:24:46.362,0,10,10,0.00,0.0000,0.0001,0.0283,0.0053,0.0000,-0.0000,0.0000,1.1464
2026-04-29 20:24:46.862,0,10,10,0.00,-0.0001,0.0000,0.0283,0.0053,0.0000,-0.0000,0.0000,1.1464
2026-04-29 20:24:47.362,0,10,10,0.00,0.0000,0.0000,0.0283,0.0053,0.0000,-0.0000,0.0000,1.1464
2026-04-29 20:24:47.862,0,10,10,0.00,0.0000,0.0000,0.0283,0.0053,0.0000,-0.0000,0.0000,1.1464
2026-04-29 20:24:48.362,0,10,10,0.00,0.0000,0.0000,0.0283,0.0053,0.0000,-0.0000,0.0000,1.1464
2026-04-29 20:24:48.862,0,10,10,0.00,0.0000,-0.0001,0.0283,0.0053,0.0000,-0.0000,0.0000,1.1464
2026-04-29 20:24:49.362,0,10,10,0.00,0.0001,0.0000,0.0283,0.0053,0.0000,-0.0000,0.0000,1.1464
2026-04-29 20:24:49.862,0,10,10,0.00,0.0003,-0.0001,0.0283,0.0053,0.0000,-0.0000,0.0000,1.1464
2026-04-29 20:24:50.362,0,10,10,0.00,0.0000,-0.0001,0.0283,0.0053,0.0000,-0.0000,0.0000,1.1464
2026-04-29 20:24:50.862,0,10,10,0.00,0.0000,0.0000,0.0283,0.0053,0.0000,-0.0000,0.0000,1.1464
2026-04-29 20:24:51.362,0,10,10,0.00,-0.0001,0.0000,0.0283,0.0053,0.0000,-0.0000,0.0000,1.1464
2026-04-29 20:24:51.862,0,10,10,0.00,-0.0001,0.0000,0.0283,0.0053,0.0000,-0.0000,0.0000,1.1464
2026-04-29 20:24:52.362,0,10,10,0.00,0.0003,0.0000,0.0283,0.0053,0.0000,-0.0000,0.0000,1.1464
2026-04-29 20:24:52.862,0,10,10,0.00,0.0000,-0.0001,0.0283,0.0053,0.0000,-0.0000,0.0000,1.1464
2026-04-29 20:24:53.362,0,10,10,0.00,0.0000,0.0000,0.0283,0.0053,0.0000,-0.0000,0.0000,1.1464
2026-04-29 20:24:53.862,0,10,10,0.00,0.0000,0.0000,0.0283,0.0053,0.0000,-0.0000,0.0000,1.1464
2026-04-29 20:24:54.362,0,10,10,0.00,0.0000,0.0000,0.0283,0.0053,0.0000,-0.0000,0.0000,1.1464
2026-04-29 20:24:54.862,0,10,10,0.00,-0.0001,0.0000,0.0283,0.0053,0.0000,-0.0000,0.0000,1.1464
2026-04-29 20:24:55.362,0,10,10,0.00,0.0000,0.0000,0.0283,0.0053,0.0000,-0.0000,0.0000,1.1464
2026-04-29 20:24:55.862,0,10,10,0.00,0.0000,0.0003,0.0283,0.0053,0.0000,-0.0000,0.0000,1.1464
2026-04-29 20:24:56.362,0,10,10,0.00,0.0000,0.0000,0.0283,0.0053,0.0000,-0.0000,0.0000,1.1464
2026-04-29 20:24:56.862,0,10,10,0.00,-0.0001,0.0000,0.0283,0.0053,0.0000,-0.0000,0.0000,1.1464
2026-04-29 20:24:57.362,0,10,10,0.00,0.0001,-0.0001,0.0283,0.0053,0.0000,-0.0000,0.0000,1.1464
2026-04-29 20:24:57.862,0,10,10,0.00,0.0000,0.0001,0.0283,0.0053,0.0000,-0.0000,0.0000,1.1464
2026-04-29 20:24:58.362,0,10,10,0.00,-0.0001,0.0000,0.0283,0.0053,0.0000,-0.0000,0.0000,1.1464
2026-04-29 20:24:58.862,0,10,10,0.00,0.0000,-0.0001,0.0283,0.0053,0.0000,-0.0000,0.0000,1.1464
2026-04-29 20:24:59.362,0,10,10,0.00,0.0003,0.0000,0.0283,0.0053,0.0000,-0.0000,0.0000,1.1464
2026-04-29 20:24:59.862,0,10,10,0.00,0.0000,0.0000,0.0283,0.0053,0.0000,-0.0000,0.0000,1.1464
2026-04-29 20:25:00.362,0,10,10,0.00,-0.0001,0.0000,0.0283,0.0053,0.0000,-0.0000,0.0000,1.1464
2026-04-29 20:25:00.862,0,10,10,0.00,0.0001,0.0000,0.0283,0.0053,0.0000,-0.0000,0.0000,1.1464
2026-04-29 20:25:01.362,0,10,10,0.00,0.0000,0.0000,0.0283,0.0053,0.0000,-0.0000,0.0000,1.1464
2026-04-29 20:25:01.862,0,10,10,0.00,0.0004,0.0003,0.0283,0.0053,0.0000,-0.0000,0.0000,1.1464
2026-04-29 20:25:02.362,0,10,10,0.00,0.0000,-0.0005,0.0283,0.0053,0.0000,-0.0000,0.0000,1.1464
2026-04-29 20:25:02.862,0,10,10,0.00,0.0003,0.0000,0.0283,0.0053,0.0000,-0.0000,0.0000,1.1464
2026-04-29 20:25:03.362,0,10,10,0.00,-0.0003,0.0001,0.0283,0.0053,0.0000,-0.0000,0.0000,1.1464
2026-04-29 20:25:03.862,0,1,10,0.00,-0.0001,-0.0001,0.0283,0.0053,0.0000,-0.0000,0.0000,1.1464
2026-04-29 20:25:04.362,0,1,10,0.00,0.0000,0.0000,0.0283,0.0053,0.0000,-0.0000,0.0000,1.1464
2026-04-29 20:25:04.862,0,9,10,0.00,0.0000,0.0000,0.0283,0.0053,0.0000,-0.0000,0.0000,1.1464
2026-04-29 20:25:05.362,0,10,10,0.00,0.0001,-0.0001,0.0283,0.0053,0.0000,-0.0000,0.0000,1.1464
2026-04-29 20:25:05.862,0,10,10,0.00,0.0000,-0.0001,0.0283,0.0053,0.0000,-0.0000,0.0000,1.1464
2026-04-29 20:25:06.362,0,10,10,0.00,0.0000,-0.0001,0.0283,0.0053,0.0000,-0.0000,0.0000,1.1464
2026-04-29 20:25:06.862,0,10,10,0.00,-0.0001,-0.0001,0.0283,0.0053,0.0000,-0.0000,0.0000,1.1464
2026-04-29 20:25:07.362,0,10,10,0.00,0.0001,0.0000,0.0283,0.0053,0.0000,-0.0000,0.0000,1.1464
2026-04-29 20:25:07.862,0,10,10,0.00,0.0000,0.0003,0.0283,0.0053,0.0000,-0.0000,0.0000,1.1464
2026-04-29 20:25:08.362,0,10,10,0.00,-0.0001,0.0000,0.0283,0.0053,0.0000,-0.0000,0.0000,1.1464
2026-04-29 20:25:08.862,0,10,10,0.00,0.0001,0.0000,0.0283,0.0053,0.0000,-0.0000,0.0000,1.1464
2026-04-29 20:25:09.362,0,10,10,0.00,0.0000,0.0000,0.0283,0.0053,0.0000,-0.0000,0.0000,1.1464
2026-04-29 20:25:09.862,0,10,10,0.00,0.0000,-0.0001,0.0283,0.0053,0.0000,-0.0000,0.0000,1.1464
2026-04-29 20:25:10.362,0,10,10,0.00,0.0000,-0.0001,0.0283,0.0053,0.0000,-0.0000,0.0000,1.1464
2026-04-29 20:25:10.862,0,10,10,0.00,0.0000,0.0000,0.0283,0.0053,0.0000,-0.0000,0.0000,1.1464
2026-04-29 20:25:11.362,0,10,10,0.00,0.0000,0.0000,0.0283,0.0053,0.0000,-0.0000,0.0000,1.1464
2026-04-29 20:25:11.862,0,10,10,0.00,0.0000,0.0004,0.0283,0.0053,0.0000,-0.0000,0.0000,1.1464
2026-04-29 20:25:12.362,0,10,10,0.00,0.0001,0.0007,0.0283,0.0053,0.0000,-0.0000,0.0000,1.1464
2026-04-29 20:25:12.862,0,10,10,0.00,-0.0001,-0.0004,0.0283,0.0053,0.0000,-0.0000,0.0000,1.1464
2026-04-29 20:25:13.362,0,10,10,0.00,0.0000,0.0000,0.0283,0.0053,0.0000,-0.0000,0.0000,1.1464
2026-04-29 20:25:13.862,0,10,10,0.00,-0.0001,0.0000,0.0283,0.0053,0.0000,-0.0000,0.0000,1.1464
2026-04-29 20:25:14.362,0,10,10,0.00,-0.0001,0.0000,0.0283,0.0053,0.0000,-0.0000,0.0000,1.1464
2026-04-29 20:25:14.862,0,10,10,0.00,0.0000,0.0000,0.0283,0.0053,0.0000,-0.0000,0.0000,1.1464
2026-04-29 20:25:15.362,0,10,10,0.00,0.0004,-0.0001,0.0283,0.0053,0.0000,-0.0000,0.0000,1.1464
2026-04-29 20:25:15.862,0,10,10,0.00,-0.0003,0.0000,0.0283,0.0053,0.0000,-0.0000,0.0000,1.1464
2026-04-29 20:25:16.362,0,10,10,0.00,0.0001,0.0000,0.0283,0.0053,0.0000,-0.0000,0.0000,1.1464
2026-04-29 20:25:16.862,0,10,10,0.00,0.0000,-0.0003,0.0283,0.0053,0.0000,-0.0000,0.0000,1.1464
2026-04-29 20:25:17.362,0,10,10,0.00,0.0000,-0.0001,0.0283,0.0053,0.0000,-0.0000,0.0000,1.1464
2026-04-29 20:25:17.862,0,10,10,0.00,0.0000,0.0000,0.0283,0.0053,0.0000,-0.0000,0.0000,1.1464
2026-04-29 20:25:18.362,0,10,10,0.00,0.0000,-0.0001,0.0283,0.0053,0.0000,-0.0000,0.0000,1.1464
2026-04-29 20:25:18.862,0,10,10,0.00,0.0001,0.0000,0.0283,0.0053,0.0000,-0.0000,0.0000,1.1464
2026-04-29 20:25:19.362,0,10,10,0.00,-0.0003,0.0000,0.0283,0.0053,0.0000,-0.0000,0.0000,1.1464
2026-04-29 20:25:19.862,0,10,10,0.00,-0.0001,0.0000,0.0283,0.0053,0.0000,-0.0000,0.0000,1.1464
2026-04-29 20:25:20.362,0,10,10,0.00,-0.0001,0.0000,0.0283,0.0053,0.0000,-0.0000,0.0000,1.1464
2026-04-29 20:25:20.862,0,10,10,0.00,0.0000,0.0000,0.0283,0.0053,0.0000,-0.0000,0.0000,1.1464
2026-04-29 20:25:21.362,0,10,10,0.00,-0.0001,0.0000,0.0283,0.0053,0.0000,-0.0000,0.0000,1.1464
2026-04-29 20:25:21.862,0,10,10,0.00,0.0000,0.0000,0.0283,0.0053,0.0000,-0.0000,0.0000,1.1464
2026-04-29 20:25:22.362,0,10,10,0.00,0.0000,0.0001,0.0283,0.0053,0.0000,-0.0000,0.0000,1.1464
2026-04-29 20:25:22.862,0,10,10,0.00,-0.0001,0.0000,0.0283,0.0053,0.0000,-0.0000,0.0000,1.1464
2026-04-29 20:25:23.362,0,10,10,0.00,0.0000,0.0000,0.0283,0.0053,0.0000,-0.0000,0.0000,1.1464
2026-04-29 20:25:23.862,0,10,10,0.00,0.0000,0.0000,0.0283,0.0053,0.0000,-0.0000,0.0000,1.1464
2026-04-29 20:25:24.362,0,10,10,0.00,0.0000,-0.0001,0.0283,0.0053,0.0000,-0.0000,0.0000,1.1464
2026-04-29 20:25:24.862,0,10,10,0.00,0.0000,0.0000,0.0283,0.0053,0.0000,-0.0000,0.0000,1.1464
2026-04-29 20:25:25.362,0,10,10,0.00,0.0003,-0.0001,0.0283,0.0053,0.0000,-0.0000,0.0000,1.1464
2026-04-29 20:25:25.862,0,10,10,0.00,0.0001,0.0004,0.0283,0.0053,0.0000,-0.0000,0.0000,1.1464
2026-04-29 20:25:26.362,0,10,10,0.00,0.0000,0.0000,0.0283,0.0053,0.0000,-0.0000,0.0000,1.1464
2026-04-29 20:25:26.862,0,10,10,0.00,0.0000,0.0001,0.0283,0.0053,0.0000,-0.0000,0.0000,1.1464
2026-04-29 20:25:27.362,0,10,10,0.00,0.0000,0.0000,0.0283,0.0053,0.0000,-0.0000,0.0000,1.1464
2026-04-29 20:25:27.862,0,10,10,0.00,-0.0001,0.0001,0.0283,0.0053,0.0000,-0.0000,0.0000,1.1464
2026-04-29 20:25:28.362,0,10,10,0.00,0.0004,-0.0001,0.0283,0.0053,0.0000,-0.0000,0.0000,1.1464
2026-04-29 20:25:28.862,0,10,10,0.00,0.0000,0.0000,0.0283,0.0053,0.0000,-0.0000,0.0000,1.1464
2026-04-29 20:25:29.362,0,10,10,0.00,0.0003,0.0001,0.0283,0.0053,0.0000,-0.0000,0.0000,1.1464
2026-04-29 20:25:29.862,0,10,10,0.00,0.0000,-0.0001,0.0283,0.0053,0.0000,-0.0000,0.0000,1.1464
2026-04-29 20:25:30.362,0,10,10,0.00,0.0001,0.0000,0.0283,0.0053,0.0000,-0.0000,0.0000,1.1464
2026-04-29 20:25:30.862,0,10,10,0.00,0.0000,-0.0001,0.0283,0.0053,0.0000,-0.0000,0.0000,1.1464
2026-04-29 20:25:31.362,0,10,10,0.00,0.0000,-0.0004,0.0283,0.0053,0.0000,-0.0000,0.0000,1.1464
2026-04-29 20:25:31.862,0,10,10,0.00,0.0000,-0.0003,0.0283,0.0053,0.0000,-0.0000,0.0000,1.1464
2026-04-29 20:25:32.362,0,10,10,0.00,0.0000,0.0000,0.0283,0.0053,0.0000,-0.0000,0.0000,1.1464
2026-04-29 20:25:32.862,0,10,10,0.00,0.0000,0.0001,0.0283,0.0053,0.0000,-0.0000,0.0000,1.1464
2026-04-29 20:25:33.362,0,10,10,0.00,-0.0001,0.0000,0.0283,0.0053,0.0000,-0.0000,0.0000,1.1464
2026-04-29 20:25:33.862,0,10,10,0.00,0.0001,0.0004,0.0283,0.0053,0.0000,-0.0000,0.0000,1.1464
2026-04-29 20:25:34.362,0,10,10,0.00,-0.0001,0.0000,0.0283,0.0053,0.0000,-0.0000,0.0000,1.1464
2026-04-29 20:25:34.862,0,10,10,0.00,-0.0001,0.0000,0.0283,0.0053,0.0000,-0.0000,0.0000,1.1464
2026-04-29 20:25:35.362,0,10,10,0.00,0.0000,0.0003,0.0283,0.0053,0.0000,-0.0000,0.0000,1.1464
2026-04-29 20:25:35.862,0,10,10,0.00,0.0000,-0.0001,0.0283,0.0053,0.0000,-0.0000,0.0000,1.1464
2026-04-29 20:25:36.362,0,10,10,0.00,0.0000,-0.0001,0.0283,0.0053,0.0000,-0.0000,0.0000,1.1464
2026-04-29 20:25:36.862,0,10,10,0.00,0.0004,0.0000,0.0283,0.0053,0.0000,-0.0000,0.0000,1.1464
2026-04-29 20:25:37.362,0,10,10,0.00,-0.0001,0.0001,0.0283,0.0053,0.0000,-0.0000,0.0000,1.1464
2026-04-29 20:25:37.862,0,10,10,0.00,0.0000,0.0000,0.0283,0.0053,0.0000,-0.0000,0.0000,1.1464
2026-04-29 20:25:38.362,0,10,10,0.00,-0.0001,-0.0003,0.0283,0.0053,0.0000,-0.0000,0.0000,1.1464
2026-04-29 20:25:38.862,0,10,10,0.00,-0.0001,0.0000,0.0283,0.0053,0.0000,-0.0000,0.0000,1.1464
2026-04-29 20:25:39.362,0,10,10,0.00,0.0000,0.0001,0.0283,0.0053,0.0000,-0.0000,0.0000,1.1464
2026-04-29 20:25:39.862,0,10,10,0.00,0.0000,-0.0003,0.0283,0.0053,0.0000,-0.0000,0.0000,1.1464
2026-04-29 20:25:40.362,0,10,10,0.00,-0.0004,0.0000,0.0283,0.0053,0.0000,-0.0000,0.0000,1.1464
2026-04-29 20:25:40.862,0,10,10,0.00,0.0003,-0.0004,0.0282,0.0053,0.0000,-0.0000,0.0000,1.1464
2026-04-29 20:25:41.362,0,10,10,0.00,-0.0001,0.0000,0.0282,0.0053,0.0000,-0.0000,0.0000,1.1464
2026-04-29 20:25:41.862,0,10,10,0.00,0.0000,0.0000,0.0282,0.0053,0.0000,-0.0000,0.0000,1.1464
2026-04-29 20:25:42.362,0,10,10,0.00,0.0001,0.0000,0.0282,0.0053,0.0000,-0.0000,0.0000,1.1464
2026-04-29 20:25:42.862,0,10,10,0.00,0.0001,0.0000,0.0282,0.0053,0.0000,-0.0000,0.0000,1.1464
2026-04-29 20:25:43.362,0,10,10,0.00,0.0000,0.0003,0.0282,0.0053,0.0000,-0.0000,0.0000,1.1464
2026-04-29 20:25:43.862,0,10,10,0.00,0.0000,-0.0001,0.0282,0.0053,0.0000,-0.0000,0.0000,1.1464
2026-04-29 20:25:44.362,0,10,10,0.00,0.0003,-0.0001,0.0282,0.0053,0.0000,-0.0000,0.0000,1.1464
2026-04-29 20:25:44.862,0,10,10,0.00,0.0000,0.0000,0.0282,0.0053,0.0000,-0.0000,0.0000,1.1464
2026-04-29 20:25:45.362,0,10,10,0.00,0.0001,-0.0003,0.0282,0.0053,0.0000,-0.0000,0.0000,1.1464
2026-04-29 20:25:45.862,0,10,10,0.00,0.0003,0.0000,0.0282,0.0053,0.0000,-0.0000,0.0000,1.1464
2026-04-29 20:25:46.362,0,10,10,0.00,0.0000,0.0000,0.0282,0.0053,0.0000,-0.0000,0.0000,1.1464
2026-04-29 20:25:46.862,0,10,10,0.00,0.0001,-0.0001,0.0282,0.0053,0.0000,-0.0000,0.0000,1.1464
2026-04-29 20:25:47.362,0,10,10,0.00,-0.0003,-0.0003,0.0282,0.0053,0.0000,-0.0000,0.0000,1.1464
2026-04-29 20:25:47.862,0,10,10,0.00,0.0000,-0.0003,0.0282,0.0053,0.0000,-0.0000,0.0000,1.1464
2026-04-29 20:25:48.362,0,10,10,0.00,0.0000,-0.0001,0.0282,0.0053,0.0000,-0.0000,0.0000,1.1464
2026-04-29 20:25:48.862,0,10,10,0.00,-0.0003,0.0000,0.0282,0.0053,0.0000,-0.0000,0.0000,1.1464
2026-04-29 20:25:49.362,0,10,10,0.00,0.0000,-0.0001,0.0282,0.0053,0.0000,-0.0000,0.0000,1.1464
2026-04-29 20:25:49.862,0,10,10,0.00,-0.0001,-0.0003,0.0282,0.0053,0.0000,-0.0000,0.0000,1.1464
2026-04-29 20:25:50.362,0,10,10,0.00,-0.0001,0.0000,0.0282,0.0053,0.0000,-0.0000,0.0000,1.1464
2026-04-29 20:25:50.862,0,10,10,0.00,-0.0001,-0.0001,0.0282,0.0053,0.0000,-0.0000,0.0000,1.1464
2026-04-29 20:25:51.362,0,10,10,0.00,0.0000,0.0001,0.0282,0.0053,0.0000,-0.0000,0.0000,1.1464
2026-04-29 20:25:51.862,0,10,10,0.00,0.0000,0.0001,0.0282,0.0053,0.0000,-0.0000,0.0000,1.1464
2026-04-29 20:25:52.362,0,10,10,0.00,0.0001,0.0000,0.0282,0.0053,0.0000,-0.0000,0.0000,1.1464
2026-04-29 20:25:52.862,0,10,10,0.00,0.0000,0.0000,0.0282,0.0053,0.0000,-0.0000,0.0000,1.1464
2026-04-29 20:25:53.362,0,10,10,0.00,0.0000,0.0000,0.0282,0.0053,0.0000,-0.0000,0.0000,1.1464
2026-04-29 20:25:53.862,0,10,10,0.00,0.0000,0.0001,0.0282,0.0053,0.0000,-0.0000,0.0000,1.1464
2026-04-29 20:25:54.362,0,10,10,0.00,0.0000,0.0003,0.0282,0.0053,0.0000,-0.0000,0.0000,1.1464
2026-04-29 20:25:54.862,0,10,10,0.00,-0.0001,-0.0001,0.0282,0.0053,0.0000,-0.0000,0.0000,1.1464
2026-04-29 20:25:55.362,0,10,10,0.00,-0.0001,0.0003,0.0282,0.0053,0.0000,-0.0000,0.0000,1.1464
2026-04-29 20:25:55.862,0,10,10,0.00,0.0004,-0.0003,0.0282,0.0053,0.0000,-0.0000,0.0000,1.1464
2026-04-29 20:25:56.362,0,10,10,0.00,0.0003,0.0003,0.0282,0.0053,0.0000,-0.0000,0.0000,1.1464
2026-04-29 20:25:56.862,0,10,10,0.00,0.0000,0.0000,0.0282,0.0053,0.0000,-0.0000,0.0000,1.1464
2026-04-29 20:25:57.362,0,10,10,0.00,0.0000,0.0005,0.0282,0.0053,0.0000,-0.0000,0.0000,1.1464
2026-04-29 20:25:57.862,0,10,10,0.00,0.0000,0.0000,0.0282,0.0053,0.0000,-0.0000,0.0000,1.1464
2026-04-29 20:25:58.362,0,10,10,0.00,0.0000,0.0000,0.0282,0.0053,0.0000,-0.0000,0.0000,1.1464
2026-04-29 20:25:58.862,0,10,10,0.00,0.0000,0.0003,0.0282,0.0053,0.0000,-0.0000,0.0000,1.1464
2026-04-29 20:25:59.362,0,10,10,0.00,-0.0001,0.0000,0.0282,0.0053,0.0000,-0.0000,0.0000,1.1464
2026-04-29 20:25:59.862,0,10,10,0.00,0.0001,0.0000,0.0282,0.0053,0.0000,-0.0000,0.0000,1.1464
2026-04-29 20:26:00.362,0,10,10,0.00,-0.0001,0.0003,0.0282,0.0053,0.0000,-0.0000,0.0000,1.1464
2026-04-29 20:26:00.862,0,10,10,0.00,0.0000,0.0000,0.0282,0.0053,0.0000,-0.0000,0.0000,1.1464
2026-04-29 20:26:01.362,0,10,10,0.00,0.0000,0.0000,0.0282,0.0053,0.0000,-0.0000,0.0000,1.1464
2026-04-29 20:26:01.862,0,10,10,0.00,0.0001,0.0000,0.0282,0.0053,0.0000,-0.0000,0.0000,1.1464
2026-04-29 20:26:02.362,0,10,10,0.00,0.0001,0.0000,0.0282,0.0053,0.0000,-0.0000,0.0000,1.1464
2026-04-29 20:26:02.862,0,10,10,0.00,0.0000,0.0000,0.0282,0.0053,0.0000,-0.0000,0.0000,1.1464
2026-04-29 20:26:03.362,0,10,10,0.00,-0.0004,0.0001,0.0282,0.0053,0.0000,-0.0000,0.0000,1.1464
2026-04-29 20:26:03.862,0,10,10,0.00,0.0000,0.0003,0.0282,0.0053,0.0000,-0.0000,0.0000,1.1464
2026-04-29 20:26:04.363,0,10,10,0.00,-0.0001,0.0001,0.0282,0.0053,0.0000,-0.0000,0.0000,1.1464
2026-04-29 20:26:04.862,0,10,10,0.00,0.0000,0.0000,0.0282,0.0053,0.0000,-0.0000,0.0000,1.1464
2026-04-29 20:26:05.362,0,10,10,0.00,-0.0003,-0.0001,0.0282,0.0053,0.0000,-0.0000,0.0000,1.1464
2026-04-29 20:26:05.862,0,10,10,0.00,-0.0004,0.0000,0.0282,0.0053,0.0000,-0.0000,0.0000,1.1464
2026-04-29 20:26:06.362,0,10,10,0.00,0.0000,0.0000,0.0282,0.0053,0.0000,-0.0000,0.0000,1.1464
2026-04-29 20:26:06.862,0,10,10,0.00,-0.0001,-0.0001,0.0282,0.0053,0.0000,-0.0000,0.0000,1.1464
2026-04-29 20:26:07.362,0,10,10,0.00,0.0003,0.0001,0.0282,0.0053,0.0000,-0.0000,0.0000,1.1464
2026-04-29 20:26:07.862,0,10,10,0.00,0.0000,0.0000,0.0282,0.0053,0.0000,-0.0000,0.0000,1.1464
2026-04-29 20:26:08.362,0,10,10,0.00,0.0000,0.0003,0.0282,0.0053,0.0000,-0.0000,0.0000,1.1464
2026-04-29 20:26:08.862,0,10,10,0.00,0.0000,0.0000,0.0282,0.0053,0.0000,-0.0000,0.0000,1.1464
2026-04-29 20:26:09.362,0,10,10,0.00,0.0000,0.0000,0.0282,0.0053,0.0000,-0.0000,0.0000,1.1464
2026-04-29 20:26:09.862,0,10,10,0.00,0.0003,0.0003,0.0282,0.0053,0.0000,-0.0000,0.0000,1.1464
2026-04-29 20:26:10.363,0,10,10,0.00,-0.0001,0.0001,0.0282,0.0053,0.0000,-0.0000,0.0000,1.1464
2026-04-29 20:26:10.862,0,10,10,0.00,-0.0001,0.0000,0.0282,0.0053,0.0000,-0.0000,0.0000,1.1464
2026-04-29 20:26:11.362,0,10,10,0.00,0.0000,-0.0003,0.0282,0.0053,0.0000,-0.0000,0.0000,1.1464
2026-04-29 20:26:11.862,0,10,10,0.00,-0.0001,0.0000,0.0282,0.0053,0.0000,-0.0000,0.0000,1.1464
2026-04-29 20:26:12.362,0,10,10,0.00,-0.0001,0.0001,0.0282,0.0053,0.0000,-0.0000,0.0000,1.1464
2026-04-29 20:26:12.862,0,10,10,0.00,0.0001,-0.0001,0.0282,0.0053,0.0000,-0.0000,0.0000,1.1464
2026-04-29 20:26:13.362,0,10,10,0.00,-0.0001,0.0000,0.0282,0.0053,0.0000,-0.0000,0.0000,1.1464
2026-04-29 20:26:13.862,0,10,10,0.00,0.0000,0.0000,0.0282,0.0053,0.0000,-0.0000,0.0000,1.1464
2026-04-29 20:26:14.362,0,10,10,0.00,0.0001,0.0003,0.0282,0.0053,0.0000,-0.0000,0.0000,1.1464
2026-04-29 20:26:14.862,0,10,10,0.00,0.0000,0.0000,0.0282,0.0053,0.0000,-0.0000,0.0000,1.1464
2026-04-29 20:26:15.362,0,10,10,0.00,0.0001,0.0000,0.0282,0.0053,0.0000,-0.0000,0.0000,1.1464
2026-04-29 20:26:15.862,0,10,10,0.00,0.0000,0.0001,0.0282,0.0053,0.0000,-0.0000,0.0000,1.1464
2026-04-29 20:26:16.362,0,10,10,0.00,0.0000,0.0000,0.0282,0.0053,0.0000,-0.0000,0.0000,1.1464
2026-04-29 20:26:16.862,0,10,10,0.00,0.0000,0.0000,0.0282,0.0053,0.0000,-0.0000,0.0000,1.1464
2026-04-29 20:26:17.362,0,10,10,0.00,-0.0001,0.0000,0.0282,0.0053,0.0000,-0.0000,0.0000,1.1464
2026-04-29 20:26:17.862,0,10,10,0.00,0.0000,-0.0001,0.0282,0.0053,0.0000,-0.0000,0.0000,1.1464
2026-04-29 20:26:18.362,0,10,10,0.00,0.0000,-0.0001,0.0282,0.0053,0.0000,-0.0000,0.0000,1.1464
2026-04-29 20:26:18.862,0,10,10,0.00,0.0000,-0.0001,0.0282,0.0053,0.0000,-0.0000,0.0000,1.1464
2026-04-29 20:26:19.362,0,10,10,0.00,0.0000,0.0000,0.0282,0.0053,0.0000,-0.0000,0.0000,1.1464
2026-04-29 20:26:19.862,0,10,10,0.00,0.0001,-0.0001,0.0282,0.0053,0.0000,-0.0000,0.0000,1.1464
2026-04-29 20:26:20.362,0,10,10,0.00,0.0000,-0.0001,0.0282,0.0053,0.0000,-0.0000,0.0000,1.1464
2026-04-29 20:26:20.862,0,10,10,0.00,0.0000,0.0001,0.0282,0.0053,0.0000,-0.0000,0.0000,1.1464
2026-04-29 20:26:21.362,0,10,10,0.00,0.0000,0.0000,0.0282,0.0053,0.0000,-0.0000,0.0000,1.1464
2026-04-29 20:26:21.862,0,10,10,0.00,-0.0001,0.0000,0.0282,0.0053,0.0000,-0.0000,0.0000,1.1464
2026-04-29 20:26:22.362,0,10,10,0.00,-0.0003,0.0000,0.0282,0.0053,0.0000,-0.0000,0.0000,1.1464
2026-04-29 20:26:22.862,0,10,10,0.00,0.0000,0.0000,0.0282,0.0053,0.0000,-0.0000,0.0000,1.1464
2026-04-29 20:26:23.362,0,10,10,0.00,0.0001,-0.0003,0.0282,0.0053,0.0000,-0.0000,0.0000,1.1464
2026-04-29 20:26:23.862,0,10,10,0.00,0.0001,0.0000,0.0282,0.0053,0.0000,-0.0000,0.0000,1.1464
2026-04-29 20:26:24.362,0,10,10,0.00,-0.0001,-0.0017,0.0281,0.0053,0.0000,-0.0000,0.0000,1.1464
2026-04-29 20:26:24.862,0,10,10,0.00,0.0000,0.0000,0.0281,0.0053,0.0000,-0.0000,0.0000,1.1464
2026-04-29 20:26:25.362,0,10,10,0.00,0.0000,-0.0003,0.0281,0.0053,0.0000,-0.0000,0.0000,1.1464
2026-04-29 20:26:25.862,0,10,10,0.00,0.0001,0.0003,0.0281,0.0053,0.0000,-0.0000,0.0000,1.1464
2026-04-29 20:26:26.362,0,10,10,0.00,-0.0001,0.0000,0.0281,0.0053,0.0000,-0.0000,0.0000,1.1464
2026-04-29 20:26:26.862,0,10,10,0.00,0.0000,0.0000,0.0281,0.0053,0.0000,-0.0000,0.0000,1.1464
2026-04-29 20:26:27.362,0,10,10,0.00,0.0001,-0.0003,0.0281,0.0053,0.0000,-0.0000,0.0000,1.1464
2026-04-29 20:26:27.862,0,10,10,0.00,-0.0001,0.0000,0.0281,0.0053,0.0000,-0.0000,0.0000,1.1464
2026-04-29 20:26:28.362,0,10,10,0.00,-0.0001,0.0001,0.0281,0.0053,0.0000,-0.0000,0.0000,1.1464
2026-04-29 20:26:28.862,0,10,10,0.00,-0.0001,0.0001,0.0281,0.0053,0.0000,-0.0000,0.0000,1.1464
2026-04-29 20:26:29.362,0,10,10,0.00,0.0000,0.0001,0.0281,0.0053,0.0000,-0.0000,0.0000,1.1464
2026-04-29 20:26:29.862,0,10,10,0.00,0.0000,0.0000,0.0281,0.0053,0.0000,-0.0000,0.0000,1.1464
2026-04-29 20:26:30.362,0,10,10,0.00,0.0000,0.0000,0.0281,0.0053,0.0000,-0.0000,0.0000,1.1464
2026-04-29 20:26:30.862,0,10,10,0.00,0.0001,-0.0001,0.0281,0.0053,0.0000,-0.0000,0.0000,1.1464
2026-04-29 20:26:31.362,0,10,10,0.00,0.0000,-0.0001,0.0281,0.0053,0.0000,-0.0000,0.0000,1.1464
2026-04-29 20:26:31.862,0,10,10,0.00,0.0000,0.0000,0.0281,0.0053,0.0000,-0.0000,0.0000,1.1464
2026-04-29 20:26:32.362,0,10,10,0.00,0.0000,0.0001,0.0281,0.0053,0.0000,-0.0000,0.0000,1.1464
2026-04-29 20:26:32.862,0,10,10,0.00,0.0000,-0.0001,0.0281,0.0053,0.0000,-0.0000,0.0000,1.1464
2026-04-29 20:26:33.362,0,10,10,0.00,-0.0001,-0.0001,0.0281,0.0053,0.0000,-0.0000,0.0000,1.1464
2026-04-29 20:26:33.862,0,10,10,0.00,0.0001,0.0000,0.0281,0.0053,0.0000,-0.0000,0.0000,1.1464
2026-04-29 20:26:34.362,0,10,10,0.00,0.0003,0.0000,0.0281,0.0053,0.0000,-0.0000,0.0000,1.1464
2026-04-29 20:26:34.862,0,10,10,0.00,-0.0001,-0.0001,0.0281,0.0053,0.0000,-0.0000,0.0000,1.1464
2026-04-29 20:26:35.362,0,10,10,0.00,0.0000,-0.0005,0.0281,0.0053,0.0000,-0.0000,0.0000,1.1464
2026-04-29 20:26:35.862,0,10,10,0.00,0.0003,0.0000,0.0281,0.0053,0.0000,-0.0000,0.0000,1.1464
2026-04-29 20:26:36.362,0,10,10,0.00,0.0000,0.0000,0.0281,0.0053,0.0000,-0.0000,0.0000,1.1464
2026-04-29 20:26:36.862,0,10,10,0.00,-0.0003,-0.0003,0.0281,0.0053,0.0000,-0.0000,0.0000,1.1464
2026-04-29 20:26:37.362,0,10,10,0.00,0.0001,0.0000,0.0281,0.0053,0.0000,-0.0000,0.0000,1.1464
2026-04-29 20:26:37.862,0,10,10,0.00,0.0000,-0.0014,0.0279,0.0053,0.0000,-0.0000,0.0000,1.1464
2026-04-29 20:26:38.362,0,10,10,0.00,0.0000,0.0000,0.0276,0.0053,0.0000,-0.0000,0.0000,1.1464
2026-04-29 20:26:38.862,0,10,10,0.00,-0.0004,0.0000,0.0276,0.0053,0.0000,-0.0000,0.0000,1.1464
2026-04-29 20:26:39.362,0,10,10,0.00,-0.0001,0.0000,0.0275,0.0053,0.0000,-0.0000,0.0000,1.1464
2026-04-29 20:26:39.862,0,10,10,0.00,0.0000,0.0000,0.0275,0.0053,0.0000,-0.0000,0.0000,1.1464
2026-04-29 20:26:40.362,0,10,10,0.00,0.0000,0.0001,0.0275,0.0053,0.0000,-0.0000,0.0000,1.1464
2026-04-29 20:26:40.862,0,10,10,0.00,0.0000,0.0000,0.0275,0.0053,0.0000,-0.0000,0.0000,1.1464
2026-04-29 20:26:41.362,0,10,10,0.00,0.0000,0.0001,0.0275,0.0053,0.0000,-0.0000,0.0000,1.1464
2026-04-29 20:26:41.862,0,10,10,0.00,0.0001,-0.0003,0.0275,0.0053,0.0000,-0.0000,0.0000,1.1464
2026-04-29 20:26:42.362,0,10,10,0.00,-0.0003,0.0000,0.0275,0.0053,0.0000,-0.0000,0.0000,1.1464
2026-04-29 20:26:42.862,0,10,10,0.00,0.0000,0.0001,0.0275,0.0053,0.0000,-0.0000,0.0000,1.1464
2026-04-29 20:26:43.362,0,10,10,0.00,0.0001,0.0001,0.0275,0.0053,0.0000,-0.0000,0.0000,1.1464
2026-04-29 20:26:43.862,0,10,10,0.00,0.0000,-0.0001,0.0275,0.0053,0.0000,-0.0000,0.0000,1.1464
2026-04-29 20:26:44.362,0,10,10,0.00,0.0000,-0.0001,0.0275,0.0053,0.0000,-0.0000,0.0000,1.1464
2026-04-29 20:26:44.862,0,10,10,0.00,0.0000,0.0001,0.0275,0.0053,0.0000,-0.0000,0.0000,1.1464
2026-04-29 20:26:45.362,0,10,10,0.00,0.0001,0.0000,0.0275,0.0053,0.0000,-0.0000,0.0000,1.1464
2026-04-29 20:26:45.862,0,10,10,0.00,0.0001,0.0000,0.0275,0.0053,0.0000,-0.0000,0.0000,1.1464
2026-04-29 20:26:46.362,0,10,10,0.00,-0.0001,0.0003,0.0275,0.0053,0.0000,-0.0000,0.0000,1.1464
2026-04-29 20:26:46.862,0,10,10,0.00,0.0001,0.0001,0.0275,0.0053,0.0000,-0.0000,0.0000,1.1464
2026-04-29 20:26:47.362,0,10,10,0.00,0.0001,-0.0001,0.0275,0.0053,0.0000,-0.0000,0.0000,1.1464
2026-04-29 20:26:47.862,0,10,10,0.00,0.0000,0.0000,0.0275,0.0053,0.0000,-0.0000,0.0000,1.1464
2026-04-29 20:26:48.362,0,10,10,0.00,0.0000,-0.0001,0.0275,0.0053,0.0000,-0.0000,0.0000,1.1464
2026-04-29 20:26:48.862,0,10,10,0.00,-0.0001,0.0003,0.0275,0.0053,0.0000,-0.0000,0.0000,1.1464
2026-04-29 20:26:49.362,0,10,10,0.00,0.0000,0.0000,0.0275,0.0053,0.0000,-0.0000,0.0000,1.1464
2026-04-29 20:26:49.862,0,10,10,0.00,0.0000,0.0000,0.0275,0.0053,0.0000,-0.0000,0.0000,1.1464
2026-04-29 20:26:50.362,0,10,10,0.00,0.0000,-0.0001,0.0275,0.0053,0.0000,-0.0000,0.0000,1.1464
2026-04-29 20:26:50.862,0,10,10,0.00,0.0000,-0.0001,0.0275,0.0053,0.0000,-0.0000,0.0000,1.1464
2026-04-29 20:26:51.362,0,10,10,0.00,0.0000,-0.0003,0.0275,0.0053,0.0000,-0.0000,0.0000,1.1464
2026-04-29 20:26:51.862,0,10,10,0.00,0.0000,0.0000,0.0275,0.0053,0.0000,-0.3456,0.2544,1.1464
2026-04-29 20:26:52.362,0,10,10,0.00,-0.1402,0.1037,0.0530,0.0037,0.0000,-0.6636,0.8004,1.1464
2026-04-29 20:26:52.862,0,10,10,0.00,-0.3020,0.2841,0.1625,-0.0056,0.0000,-0.7451,0.8000,-0.4522
2026-04-29 20:26:53.362,0,10,10,0.00,-0.4542,0.4485,0.3516,-0.0241,0.0000,-0.7255,0.7818,-1.3746
2026-04-29 20:26:53.862,0,10,10,0.00,-0.6099,0.6168,0.6194,-0.0533,0.0000,-0.5256,0.6133,-2.4732
2026-04-29 20:26:54.362,0,10,10,0.00,-0.3896,0.5637,0.8895,-0.0710,0.0000,-0.3902,0.5209,-2.1680
2026-04-29 20:26:54.862,0,10,10,0.00,-0.5096,0.5807,1.1330,-0.0564,0.0000,-0.6168,0.6228,6.9021
2026-04-29 20:26:55.362,0,10,10,0.00,-0.5923,0.5935,1.4262,-0.0220,0.0000,-0.5825,0.5597,9.6896
2026-04-29 20:26:55.862,0,10,10,0.00,-0.5400,0.5006,1.6991,0.0095,0.0000,-0.5326,0.5059,9.0861
2026-04-29 20:26:56.362,0,10,10,0.00,-0.4820,0.4817,1.9461,0.0315,0.0000,-0.4714,0.4746,7.0961
2026-04-29 20:26:56.862,0,10,10,0.00,-0.4284,0.4389,2.1732,0.0515,0.0000,-0.4298,0.4309,7.2018
2026-04-29 20:26:57.362,0,10,10,0.00,-0.4016,0.3992,2.6229,-0.3438,0.0000,-0.3955,0.3874,7.6668
2026-04-29 20:26:57.862,0,10,10,0.00,-0.3241,0.2782,2.5563,-0.5048,0.0000,-0.4257,0.4521,172.4736
2026-04-29 20:26:58.362,0,10,10,0.00,-0.4184,0.3246,2.4851,-0.6595,0.0000,-0.2692,0.3308,150.5613
2026-04-29 20:26:58.862,0,10,10,0.00,-0.1479,0.4236,2.4177,-0.7974,0.0000,-0.1557,0.4443,147.4582
2026-04-29 20:26:59.362,0,10,10,0.00,-0.1850,0.4448,2.3803,-0.9458,0.0000,-0.1546,0.4454,-116.2131
2026-04-29 20:26:59.862,0,10,10,0.00,-0.0980,0.4821,2.3800,-1.0907,0.0000,-0.0991,0.5009,-101.1435
2026-04-29 20:27:00.362,0,10,10,0.00,-0.0797,0.5372,2.4300,-1.2327,0.0000,-0.0809,0.5191,42.1946
2026-04-29 20:27:00.862,0,10,10,0.00,-0.0808,0.5249,2.5294,-1.3447,0.0000,-0.0749,0.5251,66.1885
2026-04-29 20:27:01.362,0,10,10,0.00,-0.0808,0.5249,2.6646,-1.4107,0.0000,-0.0730,0.5270,-123.4103
2026-04-29 20:27:01.862,0,10,10,0.00,-0.0808,0.5249,2.8148,-1.4203,0.0000,-0.3789,0.2211,-113.7429
2026-04-29 20:27:02.362,0,10,10,0.00,-0.0808,0.5249,2.9573,-1.3722,0.0000,-0.4791,0.1209,100.2674
2026-04-29 20:27:02.862,0,10,10,0.00,-0.0808,0.5249,3.0709,-1.2735,0.0000,-0.2054,0.3946,100.4132
2026-04-29 20:27:03.362,0,10,10,0.00,-0.0808,0.5249,3.1385,-1.1391,0.0000,-0.1157,0.4843,99.8842
2026-04-29 20:27:03.862,0,10,10,0.00,-0.0808,0.5249,3.1500,-0.9891,0.0000,-0.1775,0.4225,-112.5544
2026-04-29 20:27:04.362,0,10,10,0.00,-0.0808,0.5249,3.1037,-0.8459,0.0000,-0.4132,0.1868,-112.4381
2026-04-29 20:27:04.862,0,10,10,0.00,-0.0808,0.5249,3.0064,-0.7311,0.0000,-0.4904,0.1096,-112.6768
2026-04-29 20:27:05.362,0,10,10,0.00,-0.0808,0.5249,2.8729,-0.6619,0.0000,-0.5157,0.0843,-113.0052
2026-04-29 20:27:05.862,0,10,10,0.00,-0.0808,0.5249,2.7231,-0.6485,0.0000,-0.5240,0.0760,-113.4894
2026-04-29 20:27:06.362,0,10,10,0.00,-0.0808,0.5249,2.5793,-0.6930,0.0000,-0.5267,0.0733,-113.5502
2026-04-29 20:27:06.862,0,10,10,0.00,-0.0808,0.5249,2.4633,-0.7888,0.0000,-0.5276,0.0724,-113.1147
2026-04-29 20:27:07.362,0,10,10,0.00,-0.0808,0.5249,2.3924,-0.9215,0.0000,-0.5279,0.0721,-113.1370
2026-04-29 20:27:07.862,0,10,10,0.00,-0.0808,0.5249,2.3771,-1.0712,0.0000,-0.5280,0.0720,-112.3480
2026-04-29 20:27:08.362,0,10,10,0.00,-0.0808,0.5249,2.4199,-1.2155,0.0000,-0.5280,0.0720,-112.3163
2026-04-29 20:27:08.862,0,10,10,0.00,-0.0808,0.5249,2.5143,-1.3327,0.0000,-0.5280,0.0720,-112.1694
2026-04-29 20:27:09.362,0,10,10,0.00,-0.0808,0.5249,2.6460,-1.4052,0.0000,-0.5280,0.0720,-111.9790
2026-04-29 20:27:09.862,0,10,10,0.00,-0.0808,0.5249,2.7955,-1.4223,0.0000,-0.5280,0.0720,-111.9535
2026-04-29 20:27:10.362,0,10,10,0.00,-0.0808,0.5249,2.9402,-1.3814,0.0000,-0.5280,0.0720,-111.9523
2026-04-29 20:27:10.862,0,10,10,0.00,-0.0808,0.5249,3.0586,-1.2885,0.0000,-0.5280,0.0720,-111.9500
2026-04-29 20:27:11.362,0,10,10,0.00,-0.0808,0.5249,3.1329,-1.1577,0.0000,-0.5280,0.0720,-111.9494
2026-04-29 20:27:11.862,0,10,10,0.00,-0.0808,0.5249,3.1518,-1.0084,0.0000,-0.5280,0.0720,-111.9488
2026-04-29 20:27:12.362,0,10,10,0.00,-0.0808,0.5249,3.1127,-0.8631,0.0000,-0.5280,0.0720,-111.9495
2026-04-29 20:27:12.862,0,10,10,0.00,-0.0808,0.5249,3.0213,-0.7436,0.0000,-0.5280,0.0720,-111.9506
2026-04-29 20:27:13.362,0,10,10,0.00,-0.0808,0.5249,2.8914,-0.6678,0.0000,-0.5280,0.0720,-111.9514
2026-04-29 20:27:13.862,0,10,10,0.00,-0.0808,0.5249,2.7424,-0.6469,0.0000,-0.5280,0.0720,-111.9502
2026-04-29 20:27:14.362,0,10,10,0.00,-0.0808,0.5249,2.5967,-0.6842,0.0000,-0.5280,0.0720,-112.0297
2026-04-29 20:27:14.862,0,10,10,0.00,-0.0808,0.5249,2.4760,-0.7741,0.0000,-0.5280,0.0720,-112.0286
2026-04-29 20:27:15.362,0,10,10,0.00,-0.0808,0.5249,2.3985,-0.9031,0.0000,-0.5280,0.0720,-112.0302
2026-04-29 20:27:15.862,0,10,10,0.00,-0.0808,0.5249,2.3755,-1.0403,0.0000,-0.5280,0.0720,-112.0307
2026-04-29 20:27:16.362,0,10,10,0.00,-0.0808,0.5249,2.4066,-1.1875,0.0000,-0.5280,0.0720,-112.0337
2026-04-29 20:27:16.862,0,10,10,0.00,-0.0808,0.5249,2.4913,-1.3118,0.0000,-0.5280,0.0720,-112.2050
2026-04-29 20:27:17.362,0,10,10,0.00,-0.0808,0.5249,2.6169,-1.3947,0.0000,-0.5280,0.0720,-122.6836
2026-04-29 20:27:17.862,0,10,10,0.00,-0.0808,0.5249,2.7646,-1.4236,0.0000,-0.5280,0.0720,-134.9774
2026-04-29 20:27:18.362,0,10,10,0.00,-0.0808,0.5249,2.9122,-1.3943,0.0000,-0.5280,0.0720,-136.4496
2026-04-29 20:27:18.862,0,10,10,0.00,-0.0808,0.5249,3.0375,-1.3112,0.0000,-0.5280,0.0720,-136.3799
2026-04-29 20:27:19.362,0,10,10,0.00,0.0000,-0.0001,3.1158,-1.2004,0.0000,-0.5280,0.0720,-136.3802
2026-04-29 20:27:19.862,0,10,10,0.00,0.0000,0.0000,3.1159,-1.2002,0.0000,-0.5280,0.0720,-136.2965
2026-04-29 20:27:20.362,0,10,10,0.00,-0.0001,-0.0941,3.1127,-1.2067,0.0000,-0.5280,0.0720,-136.2965
2026-04-29 20:27:20.862,0,10,10,0.00,0.0001,-0.2388,3.0891,-1.2457,0.0000,-0.5280,0.0720,-144.2211
2026-04-29 20:27:21.362,0,10,10,0.00,0.0309,-0.2402,3.0448,-1.2958,0.0000,-0.5280,0.0720,-155.1066
2026-04-29 20:27:21.862,0,10,10,0.00,0.0004,-0.0789,3.0084,-1.3255,0.0000,-0.5280,0.0720,-164.6051
2026-04-29 20:27:22.362,0,10,10,0.00,0.0000,0.0000,3.0069,-1.3266,0.0000,-0.5280,0.0720,-165.9960
2026-04-29 20:27:22.862,0,10,10,0.00,0.0000,0.0001,3.0069,-1.3266,0.0000,-0.5280,0.0720,-165.9960
2026-04-29 20:27:23.362,0,10,10,0.00,0.0000,0.0003,3.0069,-1.3266,0.0000,-0.5280,0.0720,-165.9960
2026-04-29 20:27:23.862,0,10,10,0.00,0.0000,0.0000,3.0069,-1.3266,0.0000,-0.5280,0.0720,-165.9960
2026-04-29 20:27:24.362,0,10,10,0.00,0.0000,0.0003,3.0069,-1.3266,0.0000,-0.5280,0.0720,-165.9960
2026-04-29 20:27:24.862,0,10,10,0.00,0.0000,0.0000,3.0069,-1.3266,0.0000,-0.5280,0.0720,-165.9960
2026-04-29 20:27:25.362,0,10,10,0.00,0.0001,-0.0003,3.0069,-1.3266,0.0000,-0.5280,0.0720,-165.9960
2026-04-29 20:27:25.862,0,10,10,0.00,-0.0005,-0.0001,3.0069,-1.3266,0.0000,-0.5280,0.0720,-165.9960
2026-04-29 20:27:26.362,0,10,10,0.00,0.0000,0.0000,3.0069,-1.3266,0.0000,-0.5280,0.0720,-165.9960
2026-04-29 20:27:26.862,0,10,10,0.00,0.0000,0.0000,3.0069,-1.3266,0.0000,-0.5280,0.0720,-165.9960
2026-04-29 20:27:27.362,0,10,10,0.00,0.0000,0.0000,3.0069,-1.3266,0.0000,-0.5280,0.0720,-165.9960
2026-04-29 20:27:27.862,0,10,10,0.00,0.0000,0.0000,3.0069,-1.3266,0.0000,-0.5280,0.0720,-165.9960
2026-04-29 20:27:28.362,0,10,10,0.00,-0.0001,-0.0001,3.0069,-1.3266,0.0000,-0.5280,0.0720,-165.9960
2026-04-29 20:27:28.862,0,10,10,0.00,-0.0001,0.0000,3.0069,-1.3266,0.0000,-0.5280,0.0720,-165.9960
2026-04-29 20:27:29.362,0,10,10,0.00,0.0000,0.0000,3.0069,-1.3266,0.0000,-0.5280,0.0720,-165.9960
2026-04-29 20:27:29.862,0,10,10,0.00,0.0001,0.0003,3.0069,-1.3266,0.0000,-0.5280,0.0720,-165.9960
2026-04-29 20:27:30.362,0,3,10,0.00,0.0000,0.0000,3.0069,-1.3266,0.0000,-0.5280,0.0720,-165.9960
2026-04-29 20:27:30.862,0,0,10,0.00,0.0000,0.0000,3.0069,-1.3266,0.0000,-0.5280,0.0720,-165.9960
2026-04-29 20:27:31.362,0,0,10,0.00,0.0000,0.0000,3.0069,-1.3266,0.0000,-0.5280,0.0720,-165.9960
2026-04-29 20:27:31.862,0,0,10,0.00,0.0000,0.0000,3.0069,-1.3266,0.0000,-0.5280,0.0720,-165.9960
2026-04-29 20:27:32.362,0,0,10,0.00,0.0000,0.0000,3.0069,-1.3266,0.0000,-0.5280,0.0720,-165.2868
2026-04-29 20:27:32.862,0,2,10,0.00,0.0000,-0.0001,3.0069,-1.3266,0.0000,-0.5280,0.0720,-165.2868
2026-04-29 20:27:33.362,0,10,10,0.00,0.0001,0.0000,3.0069,-1.3266,0.0000,-0.5280,0.0720,-165.2868
2026-04-29 20:27:33.862,0,10,10,0.00,0.0000,0.0001,3.0069,-1.3266,0.0000,-0.5280,0.0720,-165.2868
2026-04-29 20:27:34.362,0,10,10,0.00,0.0000,0.0000,3.0069,-1.3266,0.0000,-0.5280,0.0720,-165.2906
2026-04-29 20:27:34.862,0,10,10,0.00,-0.0004,-0.0012,3.0069,-1.3266,0.0000,-0.5280,0.0720,-165.2906
2026-04-29 20:27:35.362,0,10,10,0.00,0.0004,-0.1448,2.9916,-1.3365,0.0000,-0.5280,0.0720,-165.2906
2026-04-29 20:27:35.862,0,10,10,0.00,0.0001,-0.1575,2.9400,-1.3609,0.0000,-0.5280,0.0720,-176.6287
2026-04-29 20:27:36.362,0,10,10,0.00,0.0000,0.0090,2.9308,-1.3640,0.0000,-0.5280,0.0720,177.1750
2026-04-29 20:27:36.862,0,10,10,0.00,0.0000,-0.1602,2.9122,-1.3692,0.0000,-0.5280,0.0720,177.1750
2026-04-29 20:27:37.362,0,10,10,0.00,0.0000,-0.2910,2.8486,-1.3774,0.0000,-0.5047,0.0953,167.2315
2026-04-29 20:27:37.862,0,10,10,0.00,0.0000,0.0000,2.8118,-1.3755,0.0000,-0.4477,0.1523,153.9500
2026-04-29 20:27:38.362,0,10,10,0.00,0.0000,0.0001,2.8146,-1.3758,0.0000,-0.4822,0.1178,153.9500
2026-04-29 20:27:38.862,0,10,10,0.00,0.0000,-0.0001,2.8146,-1.3758,0.0000,-0.4931,0.1069,153.9500
2026-04-29 20:27:39.362,0,10,10,0.00,-0.0001,0.0000,2.8146,-1.3758,0.0000,-0.4967,0.1033,153.9500
2026-04-29 20:27:39.862,0,10,10,0.00,0.0000,0.0000,2.8146,-1.3758,0.0000,-0.4979,0.1021,153.9500
2026-04-29 20:27:40.362,0,10,10,0.00,-0.0003,0.0000,2.8146,-1.3758,0.0000,-0.4983,0.1017,153.9500
2026-04-29 20:27:40.862,0,10,10,0.00,0.0000,-0.0003,2.8146,-1.3758,0.0000,-0.4984,0.1016,153.9500
2026-04-29 20:27:41.362,0,10,10,0.00,0.0000,0.0001,2.8146,-1.3758,0.0000,-0.4985,0.1015,153.9500
2026-04-29 20:27:41.862,0,10,10,0.00,-0.0003,0.0004,2.8146,-1.3758,0.0000,-0.4985,0.1015,153.9500
2026-04-29 20:27:42.362,0,10,10,0.00,0.0001,0.0000,2.8146,-1.3758,0.0000,-0.4985,0.1015,153.9500
2026-04-29 20:27:42.862,0,10,10,0.00,0.0001,0.0000,2.8146,-1.3758,0.0000,-0.4985,0.1015,153.9500
2026-04-29 20:27:43.362,0,10,10,0.00,0.0001,0.0000,2.8146,-1.3758,0.0000,-0.4985,0.1015,153.9500
2026-04-29 20:27:43.862,0,10,10,0.00,0.0001,0.0000,2.8146,-1.3758,0.0000,-0.4985,0.1015,153.9500
2026-04-29 20:27:44.362,0,10,10,0.00,0.0001,0.0003,2.8146,-1.3758,0.0000,-0.4985,0.1015,153.9500
2026-04-29 20:27:44.862,0,10,10,0.00,0.0003,0.0001,2.8146,-1.3758,0.0000,-0.4985,0.1015,153.9500
2026-04-29 20:27:45.362,0,10,10,0.00,0.0000,0.0000,2.8146,-1.3758,0.0000,-0.4985,0.1015,153.9500
2026-04-29 20:27:45.862,0,10,10,0.00,-0.0001,-0.0001,2.8146,-1.3758,0.0000,-0.4985,0.1015,153.9500
2026-04-29 20:27:46.362,0,10,10,0.00,0.0000,0.0000,2.8146,-1.3758,0.0000,-0.4985,0.1015,153.9500
2026-04-29 20:27:46.862,0,10,10,0.00,0.0001,0.0000,2.8146,-1.3758,0.0000,-0.4985,0.1015,153.9500
2026-04-29 20:27:47.362,0,10,10,0.00,-0.1050,0.0813,2.8332,-1.3777,0.0000,-0.4985,0.1015,153.9500
2026-04-29 20:27:47.862,0,10,10,0.00,-0.2682,0.2884,2.9314,-1.3888,0.0000,-0.5121,0.0879,153.1446
2026-04-29 20:27:48.362,0,10,10,0.00,-0.4227,0.4458,3.1123,-1.4074,0.0000,-0.5228,0.0772,153.7901
2026-04-29 20:27:48.862,0,10,10,0.00,-0.4464,0.4636,3.3419,-1.4270,0.0000,-0.5263,0.0737,154.8827
2026-04-29 20:27:49.362,0,10,10,0.00,-0.4486,0.4411,3.5650,-1.4433,0.0000,-0.5274,0.0726,155.6259
2026-04-29 20:27:49.862,0,10,10,0.00,-0.4474,0.4461,3.7861,-1.4608,0.0000,-0.5278,0.0722,154.8461
2026-04-29 20:27:50.362,0,10,10,0.00,-0.4444,0.2556,3.9882,-1.4811,0.0000,-0.5279,0.0721,154.4406
2026-04-29 20:27:50.862,0,10,10,0.00,-0.1579,-0.0035,4.0746,-1.5015,0.0000,-0.5280,0.0720,143.3285
2026-04-29 20:27:51.362,0,10,10,0.00,0.0010,0.0001,4.0815,-1.5042,0.0000,-0.5280,0.0720,138.0641
2026-04-29 20:27:51.862,0,10,10,0.00,0.0000,0.0001,4.0815,-1.5042,0.0000,-0.5280,0.0720,138.0641
2026-04-29 20:27:52.362,0,10,10,0.00,0.0000,0.0004,4.0815,-1.5042,0.0000,-0.5280,0.0720,138.0641
2026-04-29 20:27:52.862,0,10,10,0.00,0.0001,0.0001,4.0815,-1.5042,0.0000,-0.5280,0.0720,138.0641
2026-04-29 20:27:53.362,0,10,10,0.00,-0.0003,0.0000,4.0815,-1.5042,0.0000,-0.5280,0.0720,138.0641
2026-04-29 20:27:53.862,0,10,10,0.00,-0.0001,0.0000,4.0815,-1.5042,0.0000,-0.5280,0.0720,138.0641
2026-04-29 20:27:54.362,0,10,10,0.00,0.0000,0.0000,4.0815,-1.5042,0.0000,-0.5280,0.0720,138.0641
2026-04-29 20:27:54.862,0,10,10,0.00,0.0000,0.0000,4.0815,-1.5042,0.0000,-0.5280,0.0720,138.0641
2026-04-29 20:27:55.362,0,10,10,0.00,0.0004,0.0001,4.0815,-1.5042,0.0000,-0.5280,0.0720,138.0641
2026-04-29 20:27:55.862,0,10,10,0.00,-0.0003,0.0000,4.0815,-1.5042,0.0000,-0.5280,0.0720,138.0641
2026-04-29 20:27:56.362,0,10,10,0.00,0.0000,0.0000,4.0815,-1.5042,0.0000,-0.5280,0.0720,138.0641
2026-04-29 20:27:56.862,0,10,10,0.00,0.0000,0.0001,4.0815,-1.5042,0.0000,-0.5280,0.0720,138.0641
2026-04-29 20:27:57.362,0,10,10,0.00,-0.0004,0.0001,4.0815,-1.5042,0.0000,-0.5280,0.0720,138.0641
2026-04-29 20:27:57.862,0,10,10,0.00,0.0000,0.0000,4.0815,-1.5042,0.0000,-0.5280,0.0720,138.0641
2026-04-29 20:27:58.362,0,10,10,0.00,-0.0001,0.0000,4.0815,-1.5042,0.0000,-0.5280,0.0720,138.0641
2026-04-29 20:27:58.862,0,10,10,0.00,-0.0005,0.0000,4.0815,-1.5042,0.0000,-0.5280,0.0720,138.0641
2026-04-29 20:27:59.362,0,10,10,0.00,-0.0001,-0.0001,4.0815,-1.5042,0.0000,-0.5280,0.0720,138.0641
2026-04-29 20:27:59.862,0,10,10,0.00,0.0000,-0.0001,4.0815,-1.5042,0.0000,-0.5280,0.0720,138.0641
2026-04-29 20:28:00.362,0,10,10,0.00,-0.0001,0.0003,4.0815,-1.5042,0.0000,-0.5280,0.0720,138.0641
2026-04-29 20:28:00.862,0,10,10,0.00,0.0001,-0.0003,4.0815,-1.5042,0.0000,-0.5280,0.0720,138.0641
2026-04-29 20:28:01.362,0,10,10,0.00,0.0000,0.0000,4.0815,-1.5042,0.0000,-0.5280,0.0720,138.0641
2026-04-29 20:28:01.862,0,10,10,0.00,0.0001,0.0001,4.0815,-1.5042,0.0000,-0.5280,0.0720,138.0641
2026-04-29 20:28:02.362,0,10,10,0.00,0.0000,-0.0001,4.0815,-1.5042,0.0000,-0.5280,0.0720,138.0641
2026-04-29 20:28:02.862,0,10,10,0.00,0.0000,0.0000,4.0815,-1.5042,0.0000,-0.5280,0.0720,138.0641
2026-04-29 20:28:03.362,0,10,10,0.00,0.0000,0.0000,4.0815,-1.5042,0.0000,-0.5280,0.0720,138.0641
2026-04-29 20:28:03.862,0,10,10,0.00,0.0000,0.0000,4.0815,-1.5042,0.0000,-0.5280,0.0720,138.0641
2026-04-29 20:28:04.362,0,10,10,0.00,0.0001,0.0000,4.0815,-1.5042,0.0000,-0.5280,0.0720,138.0641
2026-04-29 20:28:04.862,0,10,10,0.00,0.0001,0.0005,4.0815,-1.5042,0.0000,-0.5280,0.0720,138.0641
2026-04-29 20:28:05.362,0,10,10,0.00,0.0000,0.0001,4.0815,-1.5042,0.0000,-0.5280,0.0720,138.0641
2026-04-29 20:28:05.862,0,10,10,0.00,-0.0257,0.0008,4.0822,-1.5045,0.0000,-0.5280,0.0720,138.0641
2026-04-29 20:28:06.362,0,10,10,0.00,-0.1956,0.1340,4.1228,-1.5227,0.0000,-0.5280,0.0720,136.6086
2026-04-29 20:28:06.862,0,10,10,0.00,-0.3406,0.3615,4.2489,-1.5822,0.0000,-0.5280,0.0720,137.3585
2026-04-29 20:28:07.362,0,10,10,0.00,-0.4559,0.4592,4.4426,-1.6699,0.0000,-0.5280,0.0720,137.9740
2026-04-29 20:28:07.862,0,10,10,0.00,-0.4465,0.4457,4.6494,-1.7620,0.0000,-0.5280,0.0720,137.8511
2026-04-29 20:28:08.362,0,10,10,0.00,-0.4492,0.4524,4.8547,-1.8527,0.0000,-0.5280,0.0720,138.0697
2026-04-29 20:28:08.862,0,10,10,0.00,-0.4498,0.4413,5.0578,-1.9425,0.0000,-0.5280,0.0720,137.6327
2026-04-29 20:28:09.362,0,10,10,0.00,-0.4448,0.4473,5.2615,-2.0336,0.0000,-0.5280,0.0720,136.8039
2026-04-29 20:28:09.862,0,10,10,0.00,-0.4462,0.4451,5.4666,-2.1252,0.0000,-0.5280,0.0720,136.7650
2026-04-29 20:28:10.362,0,10,10,0.00,-0.4499,0.4546,5.6711,-2.2163,0.0000,-0.5280,0.0720,136.5588
2026-04-29 20:28:10.862,0,10,10,0.00,-0.4486,0.4509,5.8762,-2.3076,0.0000,-0.5280,0.0720,135.9626
2026-04-29 20:28:11.362,0,10,10,0.00,-0.4486,0.4426,6.0807,-2.3979,0.0000,-0.5280,0.0720,136.1294
2026-04-29 20:28:11.862,0,10,10,0.00,-0.4465,0.4485,6.2852,-2.4888,0.0000,-0.5280,0.0720,135.8599
2026-04-29 20:28:12.362,0,10,10,0.00,-0.4473,0.4546,6.4905,-2.5799,0.0000,-0.5280,0.0720,135.9896
2026-04-29 20:28:12.862,0,10,10,0.00,-0.4478,0.4453,6.6946,-2.6700,0.0000,-0.5280,0.0720,136.0359
2026-04-29 20:28:13.362,0,10,10,0.00,-0.4500,0.4542,6.8986,-2.7611,0.0000,-0.5280,0.0720,135.5969
2026-04-29 20:28:13.862,0,10,10,0.00,-0.4458,0.4530,7.1045,-2.8527,0.0000,-0.5280,0.0720,135.8385
2026-04-29 20:28:14.362,0,10,10,0.00,-0.4489,0.4468,7.3081,-2.9428,0.0000,-0.5280,0.0720,136.5629
2026-04-29 20:28:14.862,0,10,10,0.00,-0.4504,0.4440,7.5129,-3.0335,0.0000,-0.5280,0.0720,136.5260
2026-04-29 20:28:15.362,0,10,10,0.00,-0.4269,0.4494,7.7179,-3.1241,0.0000,-0.5280,0.0720,136.7325
2026-04-29 20:28:15.862,0,10,10,0.00,-0.1000,0.4411,7.8809,-3.1857,0.0000,-0.5280,0.0720,141.0072
2026-04-29 20:28:16.362,0,10,10,0.00,-0.2626,0.4037,8.0392,-3.2019,0.0000,-0.5280,0.0720,158.4890
2026-04-29 20:28:16.862,0,10,10,0.00,-0.4024,0.0783,8.1805,-3.2018,0.0000,-0.5280,0.0720,163.3067
2026-04-29 20:28:17.362,0,10,10,0.00,-0.1829,-0.0109,8.2589,-3.2185,0.0000,-0.5280,0.0720,145.9482
2026-04-29 20:28:17.862,0,10,10,0.00,0.0001,0.0000,8.2679,-3.2222,0.0000,-0.5280,0.0720,137.7687
2026-04-29 20:28:18.362,0,10,10,0.00,-0.1572,0.0791,8.2925,-3.2333,0.0000,-0.5280,0.0720,137.2593
2026-04-29 20:28:18.862,0,10,10,0.00,-0.3062,0.3080,8.3946,-3.2836,0.0000,-0.5280,0.0720,133.7962
2026-04-29 20:28:19.362,0,10,10,0.00,-0.4509,0.4568,8.5696,-3.3703,0.0000,-0.5280,0.0720,133.5302
2026-04-29 20:28:19.862,0,10,10,0.00,-0.4462,0.4595,8.7754,-3.4709,0.0000,-0.5280,0.0720,133.7822
2026-04-29 20:28:20.362,0,10,10,0.00,-0.4487,0.4384,8.9769,-3.5670,0.0000,-0.5280,0.0720,134.2587
2026-04-29 20:28:20.862,0,10,10,0.00,-0.4474,0.4506,9.1793,-3.6646,0.0000,-0.5280,0.0720,133.7311
2026-04-29 20:28:21.362,0,10,10,0.00,-0.1393,0.2114,9.3285,-3.7332,0.0000,-0.5280,0.0720,135.1881
2026-04-29 20:28:21.862,0,10,10,0.00,0.0004,0.0721,9.3651,-3.7468,0.0000,-0.5280,0.0720,138.1294
2026-04-29 20:28:22.362,0,10,10,0.00,0.0000,-0.0001,9.3679,-3.7476,0.0000,-0.5280,0.0720,140.1358
2026-04-29 20:28:22.862,0,10,10,0.00,0.0001,-0.0001,9.3679,-3.7476,0.0000,-0.5280,0.0720,140.1358
2026-04-29 20:28:23.362,0,10,10,0.00,0.0000,-0.0001,9.3679,-3.7476,0.0000,-0.5280,0.0720,140.1358
2026-04-29 20:28:23.862,0,10,10,0.00,0.0004,0.0000,9.3679,-3.7476,0.0000,-0.5280,0.0720,140.1358
2026-04-29 20:28:24.362,0,10,10,0.00,0.0000,0.0000,9.3679,-3.7476,0.0000,-0.5280,0.0720,140.1358
2026-04-29 20:28:24.862,0,10,10,0.00,0.0004,0.0001,9.3679,-3.7476,0.0000,-0.5280,0.0720,140.1358
2026-04-29 20:28:25.362,0,10,10,0.00,0.0001,-0.0001,9.3679,-3.7476,0.0000,-0.5280,0.0720,140.1358
2026-04-29 20:28:25.862,0,10,10,0.00,0.0000,0.0000,9.3679,-3.7476,0.0000,-0.5280,0.0720,140.1358
2026-04-29 20:28:26.362,0,10,10,0.00,0.0000,0.0000,9.3679,-3.7476,0.0000,-0.5280,0.0720,140.1358
2026-04-29 20:28:26.862,0,10,10,0.00,0.0000,-0.0001,9.3679,-3.7476,0.0000,-0.5280,0.0720,140.1358
2026-04-29 20:28:27.362,0,10,10,0.00,-0.0001,0.0000,9.3679,-3.7476,0.0000,-0.5280,0.0720,140.1358
2026-04-29 20:28:27.862,0,10,10,0.00,-0.0001,0.0000,9.3679,-3.7476,0.0000,-0.5280,0.0720,140.1358
2026-04-29 20:28:28.362,0,10,10,0.00,0.0000,0.0000,9.3679,-3.7476,0.0000,-0.5280,0.0720,140.1358
2026-04-29 20:28:28.862,0,10,10,0.00,0.0005,0.0001,9.3679,-3.7476,0.0000,-0.5280,0.0720,140.1358
2026-04-29 20:28:29.362,0,10,10,0.00,0.0003,-0.0003,9.3679,-3.7476,0.0000,-0.5280,0.0720,140.1358
2026-04-29 20:28:29.862,0,10,10,0.00,0.0000,0.0000,9.3679,-3.7476,0.0000,-0.5280,0.0720,140.1358
2026-04-29 20:28:30.362,0,10,10,0.00,-0.0005,0.0000,9.3679,-3.7476,0.0000,-0.5280,0.0720,140.1358
2026-04-29 20:28:30.862,0,10,10,0.00,0.0000,0.0000,9.3679,-3.7476,0.0000,-0.5280,0.0720,140.1358
2026-04-29 20:28:31.362,0,10,10,0.00,-0.0003,0.0000,9.3679,-3.7476,0.0000,-0.5280,0.0720,140.1358
2026-04-29 20:28:31.862,0,10,10,0.00,-0.0001,0.0000,9.3679,-3.7476,0.0000,-0.5280,0.0720,140.1358
2026-04-29 20:28:32.362,0,10,10,0.00,0.0003,0.0001,9.3679,-3.7476,0.0000,-0.5280,0.0720,140.1358
2026-04-29 20:28:32.862,0,10,10,0.00,0.0000,0.0000,9.3679,-3.7476,0.0000,-0.5280,0.0720,140.1358
2026-04-29 20:28:33.362,0,10,10,0.00,0.0000,0.0000,9.3679,-3.7476,0.0000,-0.5280,0.0720,140.1358
2026-04-29 20:28:33.862,0,10,10,0.00,0.0000,0.0000,9.3679,-3.7476,0.0000,-0.5280,0.0720,140.1358
2026-04-29 20:28:34.362,0,10,10,0.00,0.0001,0.0001,9.3679,-3.7476,0.0000,-0.5280,0.0720,140.1358
2026-04-29 20:28:34.862,0,10,10,0.00,0.0000,0.0000,9.3679,-3.7476,0.0000,-0.5280,0.0720,140.1358
2026-04-29 20:28:35.362,0,10,10,0.00,0.0000,-0.0001,9.3679,-3.7476,0.0000,-0.5280,0.0720,140.1358
2026-04-29 20:28:35.862,0,10,10,0.00,0.0005,0.0000,9.3679,-3.7476,0.0000,-0.5280,0.0720,140.1358
2026-04-29 20:28:36.362,0,10,10,0.00,0.0000,0.0000,9.3679,-3.7476,0.0000,-0.5280,0.0720,140.1358
2026-04-29 20:28:36.862,0,10,10,0.00,0.0000,0.0000,9.3679,-3.7476,0.0000,-0.4368,0.1632,-0.5436
2026-04-29 20:28:37.362,0,10,10,0.00,0.0001,0.0000,9.3679,-3.7476,0.0000,-0.1915,0.4085,-0.5436
2026-04-29 20:28:37.862,0,10,10,0.00,0.0000,0.0000,9.3679,-3.7476,0.0000,-0.1112,0.4888,-0.5436
2026-04-29 20:28:38.363,0,10,10,0.00,-0.0001,-0.0001,9.3679,-3.7476,0.0000,-0.0848,0.5152,-0.5436
2026-04-29 20:28:38.862,0,10,10,0.00,0.0004,0.0001,9.3679,-3.7476,0.0000,-0.0762,0.5238,-0.5436
2026-04-29 20:28:39.362,0,10,10,0.00,-0.0003,0.0000,9.3679,-3.7476,0.0000,-0.0734,0.5266,-0.5436
2026-04-29 20:28:39.862,0,10,10,0.00,0.0000,0.0001,9.3679,-3.7476,0.0000,-0.0725,0.5275,-0.5436
2026-04-29 20:28:40.362,0,9,10,0.00,-0.0753,0.0397,9.3769,-3.7504,0.0000,-0.0721,0.5279,-0.5436
2026-04-29 20:28:40.862,0,10,10,0.00,-0.2589,0.2436,9.4557,-3.7763,0.0000,-0.0720,0.5280,1.7506
2026-04-29 20:28:41.362,0,10,10,0.00,-0.4151,0.4051,9.6106,-3.8301,0.0000,-0.0720,0.5280,0.5310
2026-04-29 20:28:41.862,0,10,10,0.00,-0.3430,0.4146,9.8123,-3.9024,0.0000,-0.0720,0.5280,-1.1863
2026-04-29 20:28:42.362,0,10,10,0.00,-0.0109,0.0478,9.9003,-3.9304,0.0000,-0.0720,0.5280,2.4453
2026-04-29 20:28:42.862,0,10,10,0.00,0.0007,-0.0034,9.8982,-3.9298,0.0000,-0.0720,0.5280,2.4453
2026-04-29 20:28:43.362,0,9,10,0.00,0.0000,0.0003,9.8982,-3.9298,0.0000,-0.0720,0.5280,2.4453
2026-04-29 20:28:43.862,0,10,10,0.00,0.0000,0.0000,9.8982,-3.9298,0.0000,-0.0720,0.5280,2.4453
2026-04-29 20:28:44.362,0,10,10,0.00,0.0000,-0.0003,9.8982,-3.9298,0.0000,-0.0720,0.5280,2.4453
2026-04-29 20:28:44.862,0,10,10,0.00,0.0000,-0.0003,9.8982,-3.9298,0.0000,-0.0720,0.5280,2.4453
2026-04-29 20:28:45.362,0,10,10,0.00,-0.0004,-0.0001,9.8982,-3.9298,0.0000,-0.0720,0.5280,2.4453
2026-04-29 20:28:45.862,0,10,10,0.00,0.0000,0.0001,9.8982,-3.9298,0.0000,-0.0720,0.5280,2.4453
2026-04-29 20:28:46.362,0,10,10,0.00,0.0000,-0.0004,9.8982,-3.9298,0.0000,-0.0720,0.5280,2.4453
2026-04-29 20:28:46.862,0,10,10,0.00,0.0000,0.0000,9.8982,-3.9298,0.0000,-0.0720,0.5280,2.4453
2026-04-29 20:28:47.362,0,10,10,0.00,0.0001,0.0001,9.8982,-3.9298,0.0000,-0.0720,0.5280,2.4453
2026-04-29 20:28:47.862,0,10,10,0.00,0.0000,0.0000,9.8982,-3.9298,0.0000,-0.0720,0.5280,2.4453
2026-04-29 20:28:48.362,0,10,10,0.00,0.0000,0.0000,9.8982,-3.9298,0.0000,-0.0720,0.5280,2.4453
2026-04-29 20:28:48.862,0,10,10,0.00,0.0003,0.0001,9.8982,-3.9298,0.0000,-0.0720,0.5280,2.4453
2026-04-29 20:28:49.362,0,10,10,0.00,-0.0003,0.0003,9.8982,-3.9298,0.0000,-0.0720,0.5280,2.4453
2026-04-29 20:28:49.862,0,10,10,0.00,0.0003,0.0000,9.8982,-3.9298,0.0000,-0.0720,0.5280,2.4453
2026-04-29 20:28:50.362,0,10,10,0.00,0.0000,0.0001,9.8982,-3.9298,0.0000,-0.0720,0.5280,2.4453
2026-04-29 20:28:50.862,0,10,10,0.00,0.0001,0.0000,9.8982,-3.9298,0.0000,-0.0720,0.5280,2.4453
2026-04-29 20:28:51.362,0,10,10,0.00,0.0003,0.0000,9.8982,-3.9298,0.0000,-0.0720,0.5280,2.4453
2026-04-29 20:28:51.862,0,10,10,0.00,-0.0001,0.0000,9.8982,-3.9298,0.0000,-0.0720,0.5280,2.4453
2026-04-29 20:28:52.362,0,10,10,0.00,0.0000,0.0001,9.8982,-3.9298,0.0000,-0.0720,0.5280,2.4453
2026-04-29 20:28:52.862,0,10,10,0.00,0.0001,0.0000,9.8982,-3.9298,0.0000,-0.0720,0.5280,2.4453
2026-04-29 20:28:53.362,0,10,10,0.00,0.0000,0.0000,9.8982,-3.9298,0.0000,-0.0720,0.5280,2.4453
2026-04-29 20:28:53.862,0,10,10,0.00,0.0001,-0.0001,9.8982,-3.9298,0.0000,-0.0720,0.5280,2.4453
2026-04-29 20:28:54.362,0,10,10,0.00,0.0000,0.0000,9.8982,-3.9298,0.0000,-0.0720,0.5280,2.4453
2026-04-29 20:28:54.862,0,10,10,0.00,0.0003,-0.0003,9.8982,-3.9298,0.0000,-0.0720,0.5280,2.4453
2026-04-29 20:28:55.362,0,10,10,0.00,0.0000,0.0001,9.8982,-3.9298,0.0000,-0.0720,0.5280,2.4453
2026-04-29 20:28:55.862,0,10,10,0.00,0.0001,0.0000,9.8982,-3.9298,0.0000,-0.0720,0.5280,2.4453
2026-04-29 20:28:56.362,0,10,10,0.00,0.0001,0.0000,9.8982,-3.9298,0.0000,-0.0720,0.5280,2.4453
2026-04-29 20:28:56.862,0,10,10,0.00,0.0000,-0.0001,9.8982,-3.9298,0.0000,-0.0720,0.5280,2.4453
2026-04-29 20:28:57.362,0,10,10,0.00,0.0000,-0.0001,9.8982,-3.9298,0.0000,-0.0720,0.5280,2.4453
2026-04-29 20:28:57.862,0,10,10,0.00,0.0000,0.0001,9.8982,-3.9298,0.0000,-0.0720,0.5280,2.4453
2026-04-29 20:28:58.362,0,10,10,0.00,0.0000,0.0004,9.8982,-3.9298,0.0000,-0.0720,0.5280,2.4453
2026-04-29 20:28:58.862,0,10,10,0.00,-0.0001,0.0000,9.8982,-3.9298,0.0000,-0.0720,0.5280,2.4453
2026-04-29 20:28:59.362,0,10,10,0.00,0.0001,0.0000,9.8982,-3.9298,0.0000,-0.0720,0.5280,2.4453
2026-04-29 20:28:59.862,0,10,10,0.00,-0.0001,0.0000,9.8982,-3.9298,0.0000,-0.0720,0.5280,2.4453
2026-04-29 20:29:00.362,0,10,10,0.00,0.0001,0.0000,9.8982,-3.9298,0.0000,-0.0720,0.5280,2.4453
2026-04-29 20:29:00.862,0,10,10,0.00,0.0001,0.0000,9.8982,-3.9298,0.0000,-0.0720,0.5280,2.4453
2026-04-29 20:29:01.362,0,10,10,0.00,0.0001,0.0000,9.8982,-3.9298,0.0000,-0.0720,0.5280,2.4453
2026-04-29 20:29:01.862,0,10,10,0.00,-0.0001,0.0001,9.8982,-3.9298,0.0000,-0.0720,0.5280,2.4453
2026-04-29 20:29:02.362,0,10,10,0.00,-0.0001,-0.0003,9.8982,-3.9298,0.0000,-0.0720,0.5280,2.4453
2026-04-29 20:29:02.862,0,10,10,0.00,0.0000,-0.0003,9.8982,-3.9298,0.0000,-0.0720,0.5280,2.4453
2026-04-29 20:29:03.362,0,10,10,0.00,0.0001,0.0000,9.8982,-3.9298,0.0000,-0.0720,0.5280,2.4453
2026-04-29 20:29:03.862,0,10,10,0.00,0.0000,0.0000,9.8982,-3.9298,0.0000,-0.0720,0.5280,2.4453
2026-04-29 20:29:04.362,0,10,10,0.00,0.0000,0.0000,9.8982,-3.9298,0.0000,-0.0720,0.5280,2.4453
2026-04-29 20:29:04.862,0,10,10,0.00,0.0003,-0.0003,9.8982,-3.9298,0.0000,-0.0720,0.5280,2.4453
2026-04-29 20:29:05.362,0,10,10,0.00,0.0000,0.0003,9.8982,-3.9298,0.0000,-0.0720,0.5280,2.4453
2026-04-29 20:29:05.862,0,10,10,0.00,0.0000,0.0004,9.8982,-3.9298,0.0000,-0.0720,0.5280,2.4453
2026-04-29 20:29:06.362,0,10,10,0.00,0.0001,-0.0001,9.8982,-3.9298,0.0000,-0.0720,0.5280,2.4453
2026-04-29 20:29:06.862,0,10,10,0.00,0.0001,0.0000,9.8982,-3.9298,0.0000,-0.0720,0.5280,2.4453
2026-04-29 20:29:07.362,0,10,10,0.00,0.0001,0.0000,9.8982,-3.9298,0.0000,-0.0720,0.5280,2.4453
2026-04-29 20:29:07.862,0,10,10,0.00,0.0000,-0.0008,9.8982,-3.9298,0.0000,-0.0720,0.5280,2.4453
2026-04-29 20:29:08.362,0,10,10,0.00,0.0000,-0.0001,9.8982,-3.9298,0.0000,-0.0720,0.5280,2.4453
2026-04-29 20:29:08.862,0,10,10,0.00,0.0000,0.0000,9.8982,-3.9298,0.0000,-0.0720,0.5280,2.4453
2026-04-29 20:29:09.362,0,10,10,0.00,0.0000,0.0000,9.8982,-3.9298,0.0000,-0.0720,0.5280,2.4453
2026-04-29 20:29:09.862,0,10,10,0.00,0.0003,0.0000,9.8982,-3.9298,0.0000,-0.0720,0.5280,2.4453
2026-04-29 20:29:10.362,0,10,10,0.00,-0.0001,0.0000,9.8982,-3.9298,0.0000,-0.0720,0.5280,2.4453
2026-04-29 20:29:10.862,0,10,10,0.00,0.0000,0.0000,9.8982,-3.9298,0.0000,-0.0720,0.5280,2.4453
2026-04-29 20:29:11.362,0,10,10,0.00,0.0000,0.0000,9.8982,-3.9298,0.0000,-0.0720,0.5280,2.4453
2026-04-29 20:29:11.862,0,10,10,0.00,0.0000,0.0000,9.8982,-3.9298,0.0000,-0.0720,0.5280,2.4453
2026-04-29 20:29:12.362,0,10,10,0.00,-0.0001,0.0000,9.8982,-3.9298,0.0000,-0.0720,0.5280,2.4453
2026-04-29 20:29:12.862,0,10,10,0.00,0.0000,0.0000,9.8982,-3.9298,0.0000,-0.0720,0.5280,2.4453
2026-04-29 20:29:13.362,0,10,10,0.00,-0.0001,0.0003,9.8982,-3.9298,0.0000,-0.0720,0.5280,2.4453
2026-04-29 20:29:13.862,0,10,10,0.00,0.0000,0.0001,9.8982,-3.9298,0.0000,-0.0720,0.5280,2.4453
2026-04-29 20:29:14.362,0,10,10,0.00,0.0000,0.0000,9.8982,-3.9298,0.0000,-0.0720,0.5280,2.4453
2026-04-29 20:29:14.862,0,10,10,0.00,0.0003,0.0000,9.8982,-3.9298,0.0000,-0.0720,0.5280,2.4453
2026-04-29 20:29:15.362,0,10,10,0.00,0.0000,0.0000,9.8982,-3.9298,0.0000,-0.0720,0.5280,2.4453
2026-04-29 20:29:15.862,0,10,10,0.00,0.0000,0.0000,9.8982,-3.9298,0.0000,-0.0720,0.5280,2.4453
2026-04-29 20:29:16.362,0,10,10,0.00,0.0000,-0.0003,9.8982,-3.9298,0.0000,-0.0720,0.5280,2.4453
2026-04-29 20:29:16.862,0,10,10,0.00,-0.0001,0.0000,9.8982,-3.9298,0.0000,-0.0720,0.5280,2.4453
2026-04-29 20:29:17.362,0,10,10,0.00,-0.0001,0.0000,9.8982,-3.9298,0.0000,-0.0720,0.5280,2.4453
2026-04-29 20:29:17.862,0,10,10,0.00,-0.0001,0.0000,9.8982,-3.9298,0.0000,-0.0720,0.5280,2.4453
2026-04-29 20:29:18.362,0,10,10,0.00,-0.0534,0.0326,9.9025,-3.9311,0.0000,-0.0720,0.5280,2.4453
2026-04-29 20:29:18.862,0,10,10,0.00,-0.0791,0.1978,9.9483,-3.9441,0.0000,-0.0720,0.5280,2.4453
2026-04-29 20:29:19.362,0,10,10,0.00,-0.0681,0.3761,10.0385,-3.9586,0.0000,-0.0720,0.5280,7.2132
2026-04-29 20:29:19.863,0,10,10,0.00,-0.0725,0.5320,10.1698,-3.9436,0.0000,-0.0720,0.5280,23.5315
2026-04-29 20:29:20.362,0,10,10,0.00,-0.0664,0.5451,10.3051,-3.8705,0.0000,-0.0720,0.5280,46.7337
2026-04-29 20:29:20.862,0,10,10,0.00,-0.0725,0.5229,10.3966,-3.7543,0.0000,-0.0720,0.5280,70.6813
2026-04-29 20:29:21.362,0,10,10,0.00,-0.0709,0.5329,10.4363,-3.6096,0.0000,-0.0720,0.5280,93.8722
2026-04-29 20:29:21.862,0,10,10,0.00,-0.1071,0.4928,10.4169,-3.4612,0.0000,-0.1215,0.4785,117.9018
2026-04-29 20:29:22.362,0,10,10,0.00,-0.1744,0.4304,10.3505,-3.3274,0.0000,-0.1916,0.4084,137.6491
2026-04-29 20:29:22.862,0,10,10,0.00,-0.2174,0.3776,10.2562,-3.2106,0.0000,-0.2311,0.3689,150.9565
2026-04-29 20:29:23.362,0,10,10,0.00,-0.2174,0.3776,10.1472,-3.1096,0.0000,-0.2268,0.3732,155.0326
2026-04-29 20:29:23.862,0,10,10,0.00,-0.2174,0.3776,10.0250,-3.0248,0.0000,-0.3111,0.4236,159.1092
2026-04-29 20:29:24.362,0,10,10,0.00,-0.2174,0.3776,9.8922,-2.9580,0.0000,-0.3157,0.4443,159.4650
2026-04-29 20:29:24.862,0,10,10,0.00,-0.2174,0.3776,9.7514,-2.9105,0.0000,-0.3109,0.4481,159.2731
2026-04-29 20:29:25.362,0,10,10,0.00,-0.2174,0.3776,9.6054,-2.8832,0.0000,-0.3202,0.4549,159.3947
2026-04-29 20:29:25.862,0,10,10,0.00,-0.2174,0.3776,9.4568,-2.8766,0.0000,-0.3299,0.4611,159.1739
2026-04-29 20:29:26.362,0,10,10,0.00,-0.2174,0.3776,9.3089,-2.8908,0.0000,-0.3441,0.4696,159.1074
2026-04-29 20:29:26.862,0,10,10,0.00,-0.2174,0.3776,9.1644,-2.9257,0.0000,-0.3575,0.4780,159.5047
2026-04-29 20:29:27.362,0,10,10,0.00,-0.2174,0.3776,9.0262,-2.9804,0.0000,-0.3642,0.4831,159.4814
2026-04-29 20:29:27.862,0,10,10,0.00,-0.2174,0.3776,8.8971,-3.0539,0.0000,-0.2476,0.4308,154.7761
2026-04-29 20:29:28.362,0,10,10,0.00,-0.2174,0.3776,8.7795,-3.1449,0.0000,-0.1229,0.4771,134.8384
2026-04-29 20:29:28.862,0,10,10,0.00,-0.2174,0.3776,8.6757,-3.2514,0.0000,-0.0887,0.5113,118.9947
2026-04-29 20:29:29.362,0,10,10,0.00,-0.2174,0.3776,8.5880,-3.3713,0.0000,-0.0775,0.5225,106.5766
2026-04-29 20:29:29.862,0,10,10,0.00,-0.2174,0.3776,8.5179,-3.5024,0.0000,-0.0738,0.5262,86.6023
2026-04-29 20:29:30.362,0,10,10,0.00,-0.2174,0.3776,8.4669,-3.6420,0.0000,-0.0726,0.5274,69.6359
2026-04-29 20:29:30.862,0,10,10,0.00,-0.2174,0.3776,8.4359,-3.7874,0.0000,-0.0722,0.5278,57.0857
2026-04-29 20:29:31.362,0,10,10,0.00,-0.2174,0.3776,8.4256,-3.9357,0.0000,-0.0721,0.5279,39.0245
2026-04-29 20:29:31.862,0,10,10,0.00,-0.2174,0.3776,8.4362,-4.0839,0.0000,-0.0720,0.5280,22.7430
2026-04-29 20:29:32.362,0,10,10,0.00,-0.2174,0.3776,8.4674,-4.2293,0.0000,-0.0720,0.5280,14.8287
2026-04-29 20:29:32.862,0,10,10,0.00,-0.2174,0.3776,8.5187,-4.3688,0.0000,-0.0720,0.5280,12.0733
2026-04-29 20:29:33.362,0,10,10,0.00,-0.2174,0.3776,8.5890,-4.4997,0.0000,-0.0720,0.5280,12.3666
2026-04-29 20:29:33.862,0,10,10,0.00,-0.2174,0.3776,8.6770,-4.6195,0.0000,-0.0720,0.5280,12.3447
2026-04-29 20:29:34.362,0,10,10,0.00,-0.2174,0.3776,8.7810,-4.7260,0.0000,-0.0720,0.5280,12.2980
2026-04-29 20:29:34.862,0,10,10,0.00,-0.2174,0.3776,8.8986,-4.8165,0.0000,-0.0720,0.5280,12.2248
2026-04-29 20:29:35.362,0,7,10,0.00,-0.0001,0.0001,8.9750,-4.8627,0.0000,-0.0720,0.5280,12.2338
2026-04-29 20:29:35.862,0,0,10,0.00,-0.0001,0.0001,8.9750,-4.8627,0.0000,-0.0720,0.5280,12.2393
2026-04-29 20:29:36.362,0,0,10,0.00,-0.0001,0.0001,8.9750,-4.8627,0.0000,-0.0720,0.5280,12.2318
2026-04-29 20:29:36.862,0,6,10,0.00,-0.0538,0.0469,8.9821,-4.8667,0.0000,-0.0720,0.5280,12.2399
2026-04-29 20:29:37.362,0,9,10,0.00,-0.0761,0.2255,9.0264,-4.8905,0.0000,-0.0720,0.5280,12.8278
2026-04-29 20:29:37.862,0,9,10,0.00,-0.0696,0.3985,9.1185,-4.9250,0.0000,-0.0720,0.5280,22.5560
2026-04-29 20:29:38.362,0,10,10,0.00,-0.0713,0.5288,9.2539,-4.9340,0.0000,-0.0720,0.5280,41.9539
2026-04-29 20:29:38.862,0,9,10,0.00,-0.0749,0.5356,9.3944,-4.8877,0.0000,-0.0720,0.5280,65.9926
2026-04-29 20:29:39.362,0,9,10,0.00,-0.0615,0.4727,9.5062,-4.7893,0.0000,-0.0720,0.5280,89.4964
2026-04-29 20:29:39.862,0,9,10,0.00,-0.0734,0.4652,9.5683,-4.6663,0.0000,-0.0796,0.5204,110.4281
2026-04-29 20:29:40.362,0,10,10,0.00,-0.0814,0.5360,9.5828,-4.5258,0.0000,-0.1137,0.4863,124.0504
2026-04-29 20:29:40.862,0,10,10,0.00,-0.0814,0.5360,9.5405,-4.3784,0.0000,-0.0871,0.5129,124.3249
2026-04-29 20:29:41.362,0,10,10,0.00,-0.0814,0.5360,9.4442,-4.2590,0.0000,-0.0769,0.5231,124.0023
2026-04-29 20:29:41.862,0,10,10,0.00,-0.0814,0.5360,9.3091,-4.1864,0.0000,-0.0736,0.5264,123.8980
2026-04-29 20:29:42.362,0,10,10,0.00,-0.0814,0.5360,9.1565,-4.1719,0.0000,-0.0725,0.5275,123.9389
2026-04-29 20:29:42.862,0,10,10,0.00,-0.0814,0.5360,9.0102,-4.2178,0.0000,-0.0722,0.5278,123.9285
2026-04-29 20:29:43.362,0,10,10,0.00,0.0000,-0.0001,8.9838,-4.2338,0.0000,-0.0721,0.5279,123.9225
2026-04-29 20:29:43.862,0,10,10,0.00,0.0000,0.0000,8.9838,-4.2338,0.0000,-0.0720,0.5280,123.9225
2026-04-29 20:29:44.362,0,10,10,0.00,0.0139,-0.0289,8.9880,-4.2311,0.0000,-0.0720,0.5280,123.9225
2026-04-29 20:29:44.862,0,10,10,0.00,0.0123,-0.0297,8.9963,-4.2258,0.0000,-0.0720,0.5280,123.9225
2026-04-29 20:29:45.362,0,10,10,0.00,-0.0003,-0.0160,9.0065,-4.2196,0.0000,-0.0720,0.5280,122.7520
2026-04-29 20:29:45.862,0,10,10,0.00,-0.0003,-0.0160,9.0099,-4.2176,0.0000,-0.0720,0.5280,121.5317
2026-04-29 20:29:46.362,0,10,10,0.00,-0.0003,-0.0160,9.0134,-4.2157,0.0000,-0.0720,0.5280,120.2364
2026-04-29 20:29:46.862,0,10,10,0.00,-0.0003,-0.0160,9.0169,-4.2137,0.0000,-0.0720,0.5280,120.2364
2026-04-29 20:29:47.362,0,10,10,0.00,-0.0003,-0.0160,9.0204,-4.2119,0.0000,-0.0720,0.5280,120.2364
2026-04-29 20:29:47.862,0,10,10,0.00,-0.0003,-0.0160,9.0240,-4.2101,0.0000,-0.0720,0.5280,109.3289
2026-04-29 20:29:48.362,0,10,10,0.00,-0.0003,-0.0160,9.0275,-4.2083,0.0000,-0.0720,0.5280,86.8035
2026-04-29 20:29:48.862,0,10,10,0.00,-0.0003,-0.0160,9.0311,-4.2066,0.0000,-0.0720,0.5280,63.3409
2026-04-29 20:29:49.362,0,10,10,0.00,-0.0003,-0.0160,9.0348,-4.2049,0.0000,-0.0720,0.5280,34.6721
2026-04-29 20:29:49.862,0,10,10,0.00,-0.0003,-0.0160,9.0384,-4.2033,0.0000,-0.0720,0.5280,21.8264
2026-04-29 20:29:50.362,0,10,10,0.00,-0.0003,-0.0160,9.0421,-4.2017,0.0000,-0.0720,0.5280,19.3208
2026-04-29 20:29:50.862,0,10,10,0.00,0.0000,0.0000,9.0451,-4.2005,0.0000,-0.0720,0.5280,19.3208
2026-04-29 20:29:51.362,0,10,10,0.00,0.0000,0.0000,9.0451,-4.2005,0.0000,-0.0720,0.5280,19.3208
2026-04-29 20:29:51.862,0,10,10,0.00,0.0000,0.0000,9.0451,-4.2005,0.0000,-0.0720,0.5280,19.3208
2026-04-29 20:29:52.362,0,10,10,0.00,0.0000,0.0000,9.0451,-4.2005,0.0000,-0.0720,0.5280,19.3208
2026-04-29 20:29:52.862,0,10,10,0.00,0.0000,0.0001,9.0451,-4.2005,0.0000,-0.0720,0.5280,19.3208
2026-04-29 20:29:53.362,0,10,10,0.00,0.0000,0.0000,9.0451,-4.2005,0.0000,-0.0720,0.5280,19.3208
2026-04-29 20:29:53.862,0,10,10,0.00,-0.0001,-0.0001,9.0451,-4.2005,0.0000,-0.0720,0.5280,19.3208
2026-04-29 20:29:54.362,0,10,10,0.00,0.0000,0.0000,9.0451,-4.2005,0.0000,-0.0720,0.5280,19.3208
2026-04-29 20:29:54.862,0,10,10,0.00,0.0000,0.0000,9.0451,-4.2005,0.0000,-0.0720,0.5280,19.3208
2026-04-29 20:29:55.362,0,10,10,0.00,0.0000,0.0000,9.0451,-4.2005,0.0000,-0.0720,0.5280,19.3208
2026-04-29 20:29:55.862,0,10,10,0.00,0.0000,0.0000,9.0451,-4.2005,0.0000,-0.0720,0.5280,19.3208
2026-04-29 20:29:56.362,0,9,10,0.00,-0.0001,0.0001,9.0451,-4.2005,0.0000,-0.0720,0.5280,19.3208
2026-04-29 20:29:56.862,0,9,10,0.00,0.0000,-0.0001,9.0451,-4.2005,0.0000,-0.0720,0.5280,19.3208
2026-04-29 20:29:57.362,0,9,10,0.00,0.0000,-0.0001,9.0451,-4.2005,0.0000,-0.0720,0.5280,19.3208
2026-04-29 20:29:57.862,0,9,10,0.00,-0.0003,0.0001,9.0451,-4.2005,0.0000,-0.0720,0.5280,19.3208
2026-04-29 20:29:58.362,0,9,10,0.00,0.0000,0.0001,9.0451,-4.2005,0.0000,-0.0720,0.5280,19.3208
2026-04-29 20:29:58.862,0,9,10,0.00,0.0001,0.0001,9.0451,-4.2005,0.0000,-0.0720,0.5280,19.3208
2026-04-29 20:29:59.362,0,9,10,0.00,0.0000,0.0000,9.0451,-4.2005,0.0000,-0.0720,0.5280,19.3208
2026-04-29 20:29:59.862,0,9,10,0.00,0.0000,0.0000,9.0451,-4.2005,0.0000,-0.0720,0.5280,19.3208
2026-04-29 20:30:00.362,0,9,10,0.00,-0.0001,-0.0004,9.0451,-4.2005,0.0000,-0.0720,0.5280,19.3208
2026-04-29 20:30:00.862,0,9,10,0.00,0.0000,0.0000,9.0451,-4.2005,0.0000,-0.0720,0.5280,19.3208
2026-04-29 20:30:01.362,0,9,10,0.00,0.0005,0.0000,9.0451,-4.2005,0.0000,-0.0720,0.5280,19.3208
2026-04-29 20:30:01.862,0,9,10,0.00,0.0000,0.0000,9.0263,-4.2074,0.0000,-0.0720,0.5280,19.3208
2026-04-29 20:30:02.362,0,9,10,0.00,0.0000,0.0000,8.6349,-3.9118,0.0000,-0.5570,0.6205,16.5524
2026-04-29 20:30:02.862,0,9,10,0.00,0.0000,0.0000,8.6349,-3.9118,0.0000,-0.2832,0.3168,179.1232
2026-04-29 20:30:03.362,0,9,10,0.00,0.0000,0.0000,8.6349,-3.9118,0.0000,-0.8001,0.7302,179.1186
2026-04-29 20:30:03.862,0,9,10,0.00,0.0000,0.0000,8.6349,-3.9118,0.0000,-0.8000,0.7891,179.1231
2026-04-29 20:30:04.362,0,9,10,0.00,0.0000,0.0001,8.6349,-3.9118,0.0000,-0.7916,0.8000,179.1231
2026-04-29 20:30:04.862,0,9,10,0.00,0.0001,0.0000,8.6349,-3.9118,0.0000,-0.7851,0.8000,179.1109
2026-04-29 20:30:05.362,0,9,10,0.00,0.0003,0.0000,8.6349,-3.9118,0.0000,-0.7830,0.8000,179.1109
2026-04-29 20:30:05.862,0,9,10,0.00,0.0000,-0.0004,8.6349,-3.9118,0.0000,-0.7824,0.8000,179.1109
2026-04-29 20:30:06.362,0,9,10,0.00,0.0000,0.0003,8.6349,-3.9118,0.0000,-0.7821,0.8000,179.1109
2026-04-29 20:30:06.862,0,9,10,0.00,0.0000,0.0000,8.6349,-3.9118,0.0000,-0.7821,0.8000,179.1109
2026-04-29 20:30:07.362,0,9,10,0.00,0.0001,0.0000,8.6349,-3.9118,0.0000,-0.7820,0.8000,179.1109
2026-04-29 20:30:07.862,0,9,10,0.00,0.0000,0.0000,8.6349,-3.9118,0.0000,-0.7820,0.8000,179.1109
2026-04-29 20:30:08.362,0,9,10,0.00,0.0000,0.0000,8.6349,-3.9118,0.0000,-0.7820,0.8000,179.1109
2026-04-29 20:30:08.862,0,0,10,0.00,0.0000,0.0000,8.6349,-3.9118,0.0000,-0.7820,0.8000,179.1109
2026-04-29 20:30:09.362,0,0,10,0.00,0.0000,0.0000,8.6349,-3.9118,0.0000,-0.7820,0.8000,179.1109
2026-04-29 20:30:09.862,0,0,10,0.00,0.0000,0.0000,8.6349,-3.9118,0.0000,-0.7809,0.8000,179.0898
2026-04-29 20:30:10.362,0,0,10,0.00,0.0000,0.0000,8.6349,-3.9118,0.0000,-0.7805,0.8000,178.9918
2026-04-29 20:30:10.862,0,0,10,0.00,0.0000,0.0000,8.6349,-3.9118,0.0000,-0.7808,0.8000,178.9925
2026-04-29 20:30:11.362,0,5,10,0.00,0.0000,0.0000,8.6349,-3.9118,0.0000,-0.7808,0.8000,178.9861
2026-04-29 20:30:11.862,0,10,10,0.00,0.0004,-0.0001,8.6349,-3.9118,0.0000,-0.7807,0.8000,178.9835
2026-04-29 20:30:12.362,0,10,10,0.00,0.0003,0.0000,8.6349,-3.9118,0.0000,-0.7808,0.8000,178.9883
2026-04-29 20:30:12.862,0,10,10,0.00,-0.0268,0.0118,8.6350,-3.9099,0.0000,-0.7808,0.8000,178.9883
2026-04-29 20:30:13.362,0,10,10,0.00,-0.0017,0.0003,8.6350,-3.9096,0.0000,-0.7808,0.8000,178.9883
2026-04-29 20:30:13.862,0,10,10,0.00,-0.1710,0.0975,8.6370,-3.8769,0.0000,-0.7808,0.8000,177.8180
2026-04-29 20:30:14.362,0,10,10,0.00,-0.3187,0.3032,8.6489,-3.7609,0.0000,-0.1794,0.4206,128.0857
2026-04-29 20:30:14.862,0,10,10,0.00,-0.4511,0.4519,8.6721,-3.5652,0.0000,-0.1072,0.4928,127.1252
2026-04-29 20:30:15.362,0,10,10,0.00,-0.4422,0.4498,8.6990,-3.3392,0.0000,-0.0835,0.5165,127.3485
2026-04-29 20:30:15.862,0,10,10,0.00,-0.4460,0.4447,8.7234,-3.1160,0.0000,-0.0758,0.5242,127.8389
2026-04-29 20:30:16.362,0,10,10,0.00,-0.4502,0.4489,8.7481,-2.8945,0.0000,-0.0732,0.5268,127.5813
2026-04-29 20:30:16.862,0,10,10,0.00,-0.4496,0.4533,8.7731,-2.6714,0.0000,-0.0724,0.5276,127.7017
2026-04-29 20:30:17.362,0,10,10,0.00,-0.4523,0.4469,8.7971,-2.4482,0.0000,-0.4338,0.7071,174.2819
2026-04-29 20:30:17.862,0,10,10,0.00,-0.3337,0.2645,8.8218,-2.2562,0.0000,-0.4719,0.6173,172.9685
2026-04-29 20:30:18.362,0,10,10,0.00,-0.0058,-0.0038,8.8321,-2.2028,0.0000,-0.2859,0.4788,166.7471
2026-04-29 20:30:18.862,0,10,10,0.00,-0.0266,0.0620,8.8354,-2.1899,0.0000,-0.2650,0.4420,165.2459
2026-04-29 20:30:19.362,0,10,10,0.00,-0.1589,0.2899,8.8482,-2.1246,0.0000,-0.3102,0.4511,166.6580
2026-04-29 20:30:19.862,0,10,10,0.00,-0.3333,0.4638,8.8620,-1.9601,0.0000,-0.5798,0.6017,175.0465
2026-04-29 20:30:20.362,0,10,10,0.00,-0.3250,0.1856,8.8610,-1.8043,0.0000,-0.8000,0.7661,-179.3019
2026-04-29 20:30:20.862,0,10,10,0.00,-0.3216,-0.0298,8.8723,-1.7042,0.0000,-0.5084,0.6006,169.0983
2026-04-29 20:30:21.362,0,10,10,0.00,0.0013,0.0450,8.8838,-1.6732,0.0000,-0.1754,0.4246,155.3374
2026-04-29 20:30:21.862,0,9,10,0.00,-0.0450,0.0202,8.8883,-1.6621,0.0000,-0.1753,0.4247,155.5317
2026-04-29 20:30:22.362,0,10,10,0.00,-0.2077,0.2141,8.9121,-1.6037,0.0000,-0.1742,0.4258,155.5765
2026-04-29 20:30:22.862,0,10,10,0.00,-0.3651,0.3579,8.9674,-1.4692,0.0000,-0.1744,0.4256,155.5780
2026-04-29 20:30:23.362,0,10,10,0.00,-0.4520,0.4686,9.0502,-1.2706,0.0000,-0.1760,0.4240,155.7642
2026-04-29 20:30:23.862,0,10,10,0.00,-0.4435,0.4392,9.1352,-1.0615,0.0000,-0.1843,0.4157,156.9784
2026-04-29 20:30:24.362,0,10,10,0.00,-0.4483,0.4489,9.2192,-0.8542,0.0000,-0.1831,0.4169,157.0807
2026-04-29 20:30:24.862,0,10,10,0.00,-0.4466,0.4435,9.3035,-0.6461,0.0000,-0.1858,0.4142,157.4750
2026-04-29 20:30:25.362,0,10,10,0.00,-0.4478,0.4490,9.3873,-0.4395,0.0000,-0.1857,0.4143,157.6169
2026-04-29 20:30:25.862,0,10,10,0.00,-0.4507,0.4520,9.4716,-0.2317,0.0000,-0.1870,0.4130,157.8608
2026-04-29 20:30:26.362,0,10,10,0.00,-0.4453,0.4445,9.5555,-0.0237,0.0000,-0.1798,0.4202,156.8028
2026-04-29 20:30:26.862,0,10,10,0.00,-0.4473,0.4390,9.6390,0.1827,0.0000,-0.1799,0.4201,156.7221
2026-04-29 20:30:27.362,0,10,10,0.00,-0.4460,0.4492,9.7236,0.3900,0.0000,-0.1872,0.4128,157.8196
2026-04-29 20:30:27.862,0,10,10,0.00,-0.4472,0.4394,9.8076,0.5974,0.0000,-0.1865,0.4135,157.8112
2026-04-29 20:30:28.362,0,10,10,0.00,-0.4473,0.4536,9.8920,0.8050,0.0000,-0.1745,0.4255,156.3442
2026-04-29 20:30:28.862,0,10,10,0.00,-0.4473,0.4466,9.9765,1.0130,0.0000,-0.1792,0.4208,156.7215
2026-04-29 20:30:29.362,0,10,10,0.00,-0.4472,0.4363,10.0599,1.2193,0.0000,-0.1821,0.4179,156.9999
2026-04-29 20:30:29.862,0,10,10,0.00,-0.4054,0.4435,10.1437,1.4250,0.0000,-0.1782,0.4218,156.3949
2026-04-29 20:30:30.362,0,10,10,0.00,-0.0753,0.2732,10.1948,1.5718,0.0000,-0.2088,0.3912,160.3235
2026-04-29 20:30:30.862,0,10,10,0.00,-0.0242,-0.0058,10.2006,1.5982,0.0000,-0.3652,0.4581,167.9605
2026-04-29 20:30:31.362,0,10,10,0.00,-0.0819,0.0340,10.2023,1.6060,0.0000,-0.3168,0.4506,166.6176
2026-04-29 20:30:31.862,0,10,10,0.00,-0.2511,0.2210,10.2218,1.6812,0.0000,-0.2811,0.4371,165.3486
2026-04-29 20:30:32.362,0,10,10,0.00,-0.4012,0.3727,10.2652,1.8332,0.0000,-0.2580,0.4249,164.3793
2026-04-29 20:30:32.862,0,10,10,0.00,-0.4537,0.4732,10.3300,2.0456,0.0000,-0.2481,0.4179,163.8869
2026-04-29 20:30:33.362,0,10,10,0.00,-0.4507,0.4483,10.3938,2.2641,0.0000,-0.2869,0.4335,165.3741
2026-04-29 20:30:33.862,0,10,10,0.00,-0.4489,0.4457,10.4557,2.4776,0.0000,-0.2737,0.4301,164.9143
2026-04-29 20:30:34.362,0,10,10,0.00,-0.4468,0.4508,10.5190,2.6928,0.0000,-0.2668,0.4268,164.6202
2026-04-29 20:30:34.862,0,10,10,0.00,-0.4451,0.4453,10.5814,2.9078,0.0000,-0.2629,0.4246,164.4429
2026-04-29 20:30:35.362,0,10,10,0.00,-0.4504,0.4515,10.6439,3.1220,0.0000,-0.2631,0.4239,164.4149
2026-04-29 20:30:35.862,0,10,10,0.00,-0.4507,0.4608,10.7068,3.3371,0.0000,-0.2663,0.4253,164.5228
2026-04-29 20:30:36.362,0,10,10,0.00,-0.4423,0.4304,10.7693,3.5516,0.0000,-0.2563,0.4213,164.1233
2026-04-29 20:30:36.862,0,10,10,0.00,-0.4441,0.4423,10.8322,3.7668,0.0000,-0.2523,0.4186,163.9191
2026-04-29 20:30:37.362,0,10,10,0.00,-0.4528,0.4592,10.8951,3.9830,0.0000,-0.2526,0.4182,163.9011
2026-04-29 20:30:37.862,0,10,10,0.00,-0.4486,0.4496,10.9575,4.1969,0.0000,-0.2501,0.4168,163.7731
2026-04-29 20:30:38.362,0,10,10,0.00,-0.4448,0.4393,11.0205,4.4129,0.0000,-0.2531,0.4178,163.8702
2026-04-29 20:30:38.862,0,10,10,0.00,-0.4507,0.4528,11.0826,4.6284,0.0000,-0.2669,0.4239,164.4090
2026-04-29 20:30:39.362,0,10,10,0.00,-0.4527,0.4538,11.1448,4.8412,0.0000,-0.2660,0.4251,164.3976
2026-04-29 20:30:39.862,0,10,10,0.00,-0.4483,0.4593,11.2086,5.0574,0.0000,-0.2632,0.4238,164.2635
2026-04-29 20:30:40.362,0,10,10,0.00,-0.4481,0.4444,11.2711,5.2732,0.0000,-0.2815,0.4321,164.9694
2026-04-29 20:30:40.862,0,10,10,0.00,-0.4419,0.4317,11.3329,5.4865,0.0000,-0.2774,0.4317,164.8307
2026-04-29 20:30:41.362,0,10,10,0.00,-0.4472,0.4511,11.3957,5.7019,0.0000,-0.2739,0.4303,164.6787
2026-04-29 20:30:41.862,0,10,10,0.00,-0.4513,0.4551,11.4581,5.9175,0.0000,-0.2785,0.4322,164.8323
2026-04-29 20:30:42.362,0,10,10,0.00,-0.4486,0.4486,11.5206,6.1311,0.0000,-0.2735,0.4303,164.5852
2026-04-29 20:30:42.862,0,10,10,0.00,-0.4389,0.4360,11.5835,6.3464,0.0000,-0.2734,0.4298,164.5996
2026-04-29 20:30:43.362,0,10,10,0.00,-0.4487,0.4451,11.6462,6.5615,0.0000,-0.2750,0.4305,164.6315
2026-04-29 20:30:43.862,0,9,10,0.00,-0.4508,0.4581,11.7092,6.7754,0.0000,-0.2709,0.4289,164.4548
2026-04-29 20:30:44.362,0,10,10,0.00,-0.4486,0.4411,11.7722,6.9909,0.0000,-0.2740,0.4298,164.5416
2026-04-29 20:30:44.862,0,10,10,0.00,-0.4445,0.4413,11.8349,7.2053,0.0000,-0.2693,0.4279,164.3199
2026-04-29 20:30:45.362,0,10,10,0.00,-0.4456,0.4500,11.8978,7.4187,0.0000,-0.2697,0.4277,164.3188
2026-04-29 20:30:45.862,0,10,10,0.00,-0.4478,0.4506,11.9608,7.6358,0.0000,-0.2745,0.4296,164.4786
2026-04-29 20:30:46.362,0,10,10,0.00,-0.4515,0.4520,12.0231,7.8498,0.0000,-0.2713,0.4287,164.3315
2026-04-29 20:30:46.862,0,10,10,0.00,-0.4469,0.4525,12.0861,8.0638,0.0000,-0.2646,0.4255,164.0434
2026-04-29 20:30:47.362,0,10,10,0.00,-0.4460,0.4434,12.1492,8.2799,0.0000,-0.2667,0.4259,164.0860
2026-04-29 20:30:47.862,0,10,10,0.00,-0.4469,0.4447,12.2116,8.4942,0.0000,-0.2630,0.4241,163.9082
2026-04-29 20:30:48.362,0,10,10,0.00,-0.4464,0.4461,12.2739,8.7088,0.0000,-0.2642,0.4244,163.9370
2026-04-29 20:30:48.862,0,10,10,0.00,-0.4503,0.4401,12.3361,8.9249,0.0000,-0.6811,0.8003,164.0772
2026-04-29 20:30:49.362,0,10,10,0.00,-0.4449,0.4472,12.3983,9.1389,0.0000,-0.2482,0.4413,163.8831
2026-04-29 20:30:49.862,0,10,10,0.00,-0.4440,0.4396,12.4607,9.3536,0.0000,-0.2603,0.4305,163.8939
2026-04-29 20:30:50.362,0,10,10,0.00,-0.4479,0.4432,12.5231,9.5693,0.0000,-0.2636,0.4269,163.8540
2026-04-29 20:30:50.862,0,10,10,0.00,-0.4500,0.4629,12.5854,9.7829,0.0000,-0.2653,0.4259,163.8422
2026-04-29 20:30:51.362,0,10,10,0.00,-0.4486,0.4504,12.6483,9.9989,0.0000,-0.2677,0.4264,163.8862
2026-04-29 20:30:51.862,0,10,10,0.00,-0.4413,0.4312,12.7103,10.2123,0.0000,-0.2656,0.4258,163.7794
2026-04-29 20:30:52.362,0,10,10,0.00,-0.4509,0.4448,12.7732,10.4272,0.0000,-0.2633,0.4243,163.6366
2026-04-29 20:30:52.862,0,10,10,0.00,-0.4502,0.4601,12.8358,10.6436,0.0000,-0.2672,0.4257,163.7450
2026-04-29 20:30:53.362,0,9,10,0.00,-0.4447,0.4400,12.8972,10.8586,0.0000,-0.2678,0.4262,163.7398
2026-04-29 20:30:53.862,0,10,10,0.00,-0.4451,0.4495,12.9591,11.0730,0.0000,-0.2651,0.4251,163.5949
2026-04-29 20:30:54.362,0,10,10,0.00,-0.4477,0.4426,13.0211,11.2891,0.0000,-0.2681,0.4261,163.6669
2026-04-29 20:30:54.862,0,10,10,0.00,-0.4475,0.4474,13.0827,11.5036,0.0000,-0.2672,0.4261,163.5993
2026-04-29 20:30:55.362,0,10,10,0.00,-0.4527,0.4561,13.1447,11.7187,0.0000,-0.2672,0.4261,163.5558
2026-04-29 20:30:55.862,0,9,10,0.00,-0.4473,0.4479,13.2068,11.9345,0.0000,-0.2700,0.4274,163.6215
2026-04-29 20:30:56.362,0,10,10,0.00,-0.4439,0.4343,13.2684,12.1478,0.0000,-0.2690,0.4272,163.5398
2026-04-29 20:30:56.862,0,10,10,0.00,-0.4452,0.4517,13.3312,12.3638,0.0000,-0.2689,0.4271,163.4871
2026-04-29 20:30:57.362,0,10,10,0.00,-0.4506,0.4562,13.3934,12.5787,0.0000,-0.2664,0.4262,163.3434
2026-04-29 20:30:57.862,0,10,10,0.00,-0.4457,0.4528,13.4559,12.7937,0.0000,-0.2691,0.4268,163.3811
2026-04-29 20:30:58.362,0,10,10,0.00,-0.4482,0.4451,13.5180,13.0090,0.0000,-0.2731,0.4288,163.4898
2026-04-29 20:30:58.862,0,10,10,0.00,-0.4420,0.4296,13.5797,13.2227,0.0000,-0.2702,0.4279,163.3295
2026-04-29 20:30:59.362,0,10,10,0.00,-0.4503,0.4554,13.6427,13.4371,0.0000,-0.2678,0.4268,163.1714
2026-04-29 20:30:59.862,0,10,10,0.00,-0.4511,0.4549,13.7057,13.6530,0.0000,-0.2752,0.4297,163.3943
2026-04-29 20:31:00.362,0,10,10,0.00,-0.4475,0.4460,13.7681,13.8668,0.0000,-0.2730,0.4293,163.2563
2026-04-29 20:31:00.862,0,10,10,0.00,-0.4398,0.4328,13.8311,14.0816,0.0000,-0.2735,0.4296,163.0782
2026-04-29 20:31:01.362,0,10,10,0.00,-0.4512,0.4578,13.8943,14.2972,0.0000,-0.2794,0.4322,163.3664
2026-04-29 20:31:01.862,0,10,10,0.00,-0.4506,0.4530,13.9567,14.5106,0.0000,-0.2811,0.4335,163.3722
2026-04-29 20:31:02.363,0,10,10,0.00,-0.4509,0.4588,14.0204,14.7258,0.0000,-0.2785,0.4327,163.2052
2026-04-29 20:31:02.862,0,10,10,0.00,-0.4466,0.4432,14.0838,14.9407,0.0000,-0.2817,0.4341,163.2436
2026-04-29 20:31:03.362,0,10,10,0.00,-0.4469,0.4291,14.1471,15.1542,0.0000,-0.2834,0.4350,163.2257
2026-04-29 20:31:03.862,0,10,10,0.00,-0.2780,0.4466,14.2052,15.3560,0.0000,-0.2834,0.4353,163.1448
2026-04-29 20:31:04.362,0,10,10,0.00,-0.0062,0.2606,14.2219,15.4735,0.0000,-0.5841,0.5842,173.3883
2026-04-29 20:31:04.862,0,10,10,0.00,-0.1666,0.2241,14.2167,15.5449,0.0000,-0.6362,0.5377,-176.8361
2026-04-29 20:31:05.362,0,10,10,0.00,-0.3242,0.4564,14.1901,15.7036,0.0000,-0.5226,0.3691,-170.5715
2026-04-29 20:31:05.862,0,10,10,0.00,-0.4508,0.4544,14.1346,15.9136,0.0000,-0.4250,0.2095,-164.1702
2026-04-29 20:31:06.362,0,10,10,0.00,-0.4411,0.4372,14.0752,16.1282,0.0000,-0.4161,0.2354,-164.7913
2026-04-29 20:31:06.862,0,10,10,0.00,-0.4434,0.3830,14.0175,16.3416,0.0000,-0.4152,0.2441,-165.1465
2026-04-29 20:31:07.362,0,10,10,0.00,-0.4457,0.0393,13.9852,16.5060,0.0000,-0.4465,0.3229,-168.2122
2026-04-29 20:31:07.862,0,10,10,0.00,-0.2888,0.0010,13.9941,16.5934,0.0000,-0.4897,0.6384,171.0547
2026-04-29 20:31:08.362,0,10,10,0.00,-0.4618,0.1812,14.0412,16.6996,0.0000,-0.1545,0.4455,156.2882
2026-04-29 20:31:08.862,0,10,10,0.00,-0.1274,0.3669,14.1190,16.8216,0.0000,-0.1081,0.4919,144.1926
2026-04-29 20:31:09.362,0,10,10,0.00,-0.0576,0.3851,14.1584,16.9222,0.0000,-0.2255,0.3745,158.0219
2026-04-29 20:31:09.862,0,10,10,0.00,-0.2300,0.2851,14.1719,17.0478,0.0000,-0.6025,0.5529,174.4572
2026-04-29 20:31:10.362,0,10,10,0.00,-0.2161,-0.0001,14.1797,17.1450,0.0000,-0.5834,0.5693,176.1665
2026-04-29 20:31:10.862,0,10,10,0.00,-0.2876,0.0898,14.1964,17.2060,0.0000,-0.3673,0.5077,165.7832
2026-04-29 20:31:11.362,0,10,10,0.00,-0.4355,0.3177,14.2548,17.3437,0.0000,-0.1740,0.4260,156.2953
2026-04-29 20:31:11.862,0,10,10,0.00,-0.4458,0.4612,14.3540,17.5335,0.0000,-0.1598,0.4402,151.6739
2026-04-29 20:31:12.362,0,10,10,0.00,-0.4481,0.4558,14.4594,17.7353,0.0000,-0.1771,0.4229,152.7006
2026-04-29 20:31:12.862,0,10,10,0.00,-0.4415,0.4256,14.5617,17.9357,0.0000,-0.1830,0.4170,153.1399
2026-04-29 20:31:13.362,0,10,10,0.00,-0.4516,0.4525,14.6635,18.1340,0.0000,-0.1825,0.4175,152.8812
2026-04-29 20:31:13.862,0,10,10,0.00,-0.4490,0.4528,14.7658,18.3332,0.0000,-0.1822,0.4178,152.5897
2026-04-29 20:31:14.362,0,10,10,0.00,-0.4468,0.4367,14.8680,18.5326,0.0000,-0.1842,0.4158,152.6516
2026-04-29 20:31:14.862,0,10,10,0.00,-0.4461,0.4472,14.9704,18.7313,0.0000,-0.1857,0.4143,152.6478
2026-04-29 20:31:15.362,0,10,10,0.00,-0.4507,0.4478,15.0727,18.9309,0.0000,-0.1882,0.4119,152.7827
2026-04-29 20:31:15.862,0,10,10,0.00,-0.4468,0.4472,15.1746,19.1294,0.0000,-0.1908,0.4092,152.9381
2026-04-29 20:31:16.362,0,10,10,0.00,-0.4465,0.4489,15.2769,19.3283,0.0000,-0.1919,0.4081,152.8450
2026-04-29 20:31:16.862,0,10,10,0.00,-0.4478,0.4435,15.3792,19.5276,0.0000,-0.1947,0.4053,152.9727
2026-04-29 20:31:17.362,0,10,10,0.00,-0.4486,0.4456,15.4815,19.7264,0.0000,-0.1963,0.4037,152.8858
2026-04-29 20:31:17.862,0,10,10,0.00,-0.2780,0.3377,15.5731,19.9069,0.0000,-0.1979,0.4021,152.7264
2026-04-29 20:31:18.362,0,10,10,0.00,0.0004,-0.0007,15.5999,19.9661,0.0000,-0.2518,0.4054,156.1743
2026-04-29 20:31:18.862,0,9,10,0.00,-0.0098,0.0665,15.6032,19.9741,0.0000,-0.2809,0.4272,157.5382
2026-04-29 20:31:19.362,0,9,10,0.00,0.1254,0.0044,15.5996,19.9631,0.0000,-0.3145,0.4455,159.9655
2026-04-29 20:31:19.862,0,9,10,0.00,-0.0369,0.0094,15.5991,19.9616,0.0000,-0.4349,0.5165,163.0805
2026-04-29 20:31:20.362,0,10,10,0.00,-0.1982,0.1869,15.6146,20.0109,0.0000,-0.4168,0.5160,162.6558
2026-04-29 20:31:20.862,0,10,10,0.00,-0.3560,0.3398,15.6570,20.1444,0.0000,-0.4161,0.5165,162.3283
2026-04-29 20:31:21.362,0,10,10,0.00,-0.4537,0.4592,15.7221,20.3419,0.0000,-0.4026,0.5103,161.3456
2026-04-29 20:31:21.862,0,10,10,0.00,-0.4447,0.4525,15.7926,20.5586,0.0000,-0.4265,0.5220,161.5738
2026-04-29 20:31:22.362,0,10,10,0.00,-0.4496,0.4448,15.8604,20.7722,0.0000,-0.4695,0.5495,161.5627
2026-04-29 20:31:22.862,0,10,10,0.00,-0.4436,0.4449,15.9283,20.9850,0.0000,-0.5021,0.5714,161.6588
2026-04-29 20:31:23.362,0,10,10,0.00,-0.4495,0.4481,15.9961,21.1993,0.0000,-0.5587,0.6100,161.7686
2026-04-29 20:31:23.862,0,10,10,0.00,-0.4475,0.4375,16.0637,21.4126,0.0000,-0.2807,0.3193,161.1655
2026-04-29 20:31:24.362,0,10,10,0.00,-0.4465,0.4551,16.1319,21.6240,0.0000,-0.2888,0.3112,160.9247
2026-04-29 20:31:24.862,0,10,10,0.00,-0.4474,0.4557,16.2007,21.8391,0.0000,-0.3078,0.2922,161.5211
2026-04-29 20:31:25.362,0,10,10,0.00,-0.4465,0.4351,16.2679,22.0518,0.0000,-0.3254,0.2746,161.2970
2026-04-29 20:31:25.862,0,10,10,0.00,-0.4432,0.4396,16.3360,22.2639,0.0000,-0.5949,0.5006,160.9569
2026-04-29 20:31:26.362,0,10,10,0.00,-0.4528,0.4431,16.4048,22.4775,0.0000,-0.4881,0.3311,160.9990
2026-04-29 20:31:26.862,0,10,10,0.00,-0.4470,0.4419,16.4734,22.6897,0.0000,-0.4175,0.1825,160.1075
2026-04-29 20:31:27.362,0,10,10,0.00,-0.4465,0.4599,16.5431,22.9034,0.0000,-0.4734,0.1266,159.8179
2026-04-29 20:31:27.862,0,10,10,0.00,-0.4483,0.4427,16.6121,23.1157,0.0000,-0.5101,0.0899,159.4894
2026-04-29 20:31:28.362,0,10,10,0.00,-0.4427,0.4419,16.6817,23.3276,0.0000,-0.5221,0.0779,158.6707
2026-04-29 20:31:28.862,0,10,10,0.00,-0.4487,0.4602,16.7518,23.5402,0.0000,-0.5261,0.0739,158.7666
2026-04-29 20:31:29.362,0,10,10,0.00,-0.4481,0.4398,16.8219,23.7543,0.0000,-0.5274,0.0726,158.7373
2026-04-29 20:31:29.862,0,10,10,0.00,-0.4486,0.4409,16.8917,23.9660,0.0000,-0.5278,0.0722,158.0371
2026-04-29 20:31:30.362,0,10,10,0.00,-0.4481,0.4534,16.9618,24.1782,0.0000,-0.5279,0.0721,158.3827
2026-04-29 20:31:30.862,0,10,10,0.00,-0.4494,0.4452,17.0317,24.3919,0.0000,-0.5280,0.0720,158.1057
2026-04-29 20:31:31.362,0,10,10,0.00,-0.4449,0.4494,17.1017,24.6029,0.0000,-0.5280,0.0720,157.5126
2026-04-29 20:31:31.862,0,10,10,0.00,-0.4441,0.4363,17.1718,24.8158,0.0000,-0.5280,0.0720,157.7068
2026-04-29 20:31:32.362,0,10,10,0.00,-0.4490,0.4447,17.2422,25.0281,0.0000,-0.5280,0.0720,157.2578
2026-04-29 20:31:32.862,0,10,10,0.00,-0.4432,0.4491,17.3130,25.2391,0.0000,-0.5280,0.0720,156.6578
2026-04-29 20:31:33.362,0,10,10,0.00,-0.4528,0.4613,17.3842,25.4545,0.0000,-0.5280,0.0720,157.2488
2026-04-29 20:31:33.862,0,10,10,0.00,-0.4485,0.4402,17.4534,25.6661,0.0000,-0.5280,0.0720,156.8491
2026-04-29 20:31:34.362,0,10,10,0.00,-0.4436,0.4447,17.5235,25.8780,0.0000,-0.5280,0.0720,156.6289
2026-04-29 20:31:34.862,0,10,10,0.00,-0.2063,0.4504,17.5824,26.0705,0.0000,-0.5280,0.0720,157.7799
2026-04-29 20:31:35.362,0,10,10,0.00,0.0039,0.2757,17.5953,26.1800,0.0000,-0.5280,0.0720,171.9280
2026-04-29 20:31:35.862,0,10,10,0.00,-0.1221,0.2458,17.5866,26.2452,0.0000,-0.5280,0.0720,-177.5381
2026-04-29 20:31:36.362,0,10,10,0.00,-0.2886,0.4555,17.5485,26.3892,0.0000,-0.5280,0.0720,-169.0056
2026-04-29 20:31:36.862,0,10,10,0.00,-0.4435,0.4684,17.4706,26.5849,0.0000,-0.3055,0.2945,-161.4309
2026-04-29 20:31:37.362,0,10,10,0.00,-0.4489,0.3460,17.3856,26.7848,0.0000,-0.1485,0.4515,-161.6653
2026-04-29 20:31:37.862,0,8,10,0.00,-0.4104,0.0000,17.3408,26.9300,0.0000,-0.0971,0.5029,-169.9122
2026-04-29 20:31:38.362,0,10,10,0.00,-0.1490,0.0039,17.3392,26.9893,0.0000,-0.3868,0.2132,172.0532
2026-04-29 20:31:38.862,0,10,10,0.00,-0.3278,0.1871,17.3529,27.0701,0.0000,-0.4817,0.1183,164.5749
2026-04-29 20:31:39.362,0,10,10,0.00,-0.4469,0.3381,17.4004,27.2334,0.0000,-0.5128,0.0872,157.1743
2026-04-29 20:31:39.862,0,10,10,0.00,-0.4439,0.4609,17.4754,27.4377,0.0000,-0.5230,0.0770,152.6439
2026-04-29 20:31:40.362,0,10,10,0.00,-0.4472,0.4640,17.5528,27.6539,0.0000,-0.5264,0.0736,154.4962
2026-04-29 20:31:40.862,0,10,10,0.00,-0.4492,0.4468,17.6258,27.8658,0.0000,-0.5275,0.0725,154.8147
2026-04-29 20:31:41.362,0,10,10,0.00,-0.4517,0.4465,17.6991,28.0744,0.0000,-0.5278,0.0722,153.9627
2026-04-29 20:31:41.862,0,10,10,0.00,-0.4388,0.4413,17.7740,28.2854,0.0000,-0.5279,0.0721,153.9394
2026-04-29 20:31:42.362,0,10,10,0.00,-0.4504,0.4481,17.8484,28.4960,0.0000,-0.5280,0.0720,153.9494
2026-04-29 20:31:42.862,0,10,10,0.00,-0.4502,0.4434,17.9233,28.7049,0.0000,-0.5280,0.0720,153.5920
2026-04-29 20:31:43.362,0,10,10,0.00,-0.4473,0.4545,17.9996,28.9158,0.0000,-0.5280,0.0720,153.3343
2026-04-29 20:31:43.862,0,10,10,0.00,-0.4451,0.4449,18.0751,29.1285,0.0000,-0.5280,0.0720,153.8476
2026-04-29 20:31:44.362,0,10,10,0.00,-0.4498,0.4449,18.1490,29.3381,0.0000,-0.5280,0.0720,153.6871
2026-04-29 20:31:44.862,0,10,10,0.00,-0.4495,0.4627,18.2245,29.5500,0.0000,-0.5280,0.0720,152.8985
2026-04-29 20:31:45.362,0,10,10,0.00,-0.4529,0.4445,18.2994,29.7605,0.0000,-0.5280,0.0720,152.8677
2026-04-29 20:31:45.862,0,10,10,0.00,-0.4431,0.4507,18.3748,29.9703,0.0000,-0.5280,0.0720,152.7646
2026-04-29 20:31:46.362,0,10,10,0.00,-0.2090,0.2894,18.4377,30.1504,0.0000,-0.5280,0.0720,153.5781
2026-04-29 20:31:46.862,0,10,10,0.00,0.0499,0.3516,18.4591,30.2318,0.0000,-0.5280,0.0720,159.0573
2026-04-29 20:31:47.362,0,10,10,0.00,-0.0008,0.1948,18.4589,30.3030,0.0000,-0.5280,0.0720,178.1415
2026-04-29 20:31:47.862,0,10,10,0.00,-0.0711,-0.0505,18.4579,30.3098,0.0000,-0.5280,0.0720,-178.0846
2026-04-29 20:31:48.362,0,10,10,0.00,-0.0657,0.0577,18.4571,30.3190,0.0000,-0.5280,0.0720,178.7266
2026-04-29 20:31:48.862,0,10,10,0.00,-0.2361,0.2338,18.4503,30.3988,0.0000,-0.5280,0.0720,178.1241
2026-04-29 20:31:49.362,0,10,10,0.00,-0.3944,0.4080,18.4365,30.5605,0.0000,-0.5280,0.0720,178.3657
2026-04-29 20:31:49.862,0,10,10,0.00,-0.3680,0.3906,18.4160,30.7751,0.0000,-0.5280,0.0720,179.1828
2026-04-29 20:31:50.362,0,10,10,0.00,-0.0418,0.0103,18.4065,30.8659,0.0000,-0.5280,0.0720,179.1562
2026-04-29 20:31:50.862,0,10,10,0.00,0.0000,-0.0003,18.4065,30.8659,0.0000,-0.5280,0.0720,179.1562
2026-04-29 20:31:51.362,0,10,10,0.00,-0.0004,0.0003,18.4065,30.8656,0.0000,-0.5280,0.0720,179.1562
2026-04-29 20:31:51.862,0,10,10,0.00,0.0000,0.0000,18.4065,30.8654,0.0000,-0.5280,0.0720,179.1562
2026-04-29 20:31:52.362,0,10,10,0.00,-0.0001,0.0000,18.4065,30.8654,0.0000,-0.5280,0.0720,179.1562
2026-04-29 20:31:52.862,0,10,10,0.00,0.0000,0.0000,18.4065,30.8654,0.0000,-0.5280,0.0720,179.1562
2026-04-29 20:31:53.362,0,10,10,0.00,-0.0521,0.0695,18.4057,30.8736,0.0000,-0.5280,0.0720,179.1562
2026-04-29 20:31:53.862,0,10,10,0.00,-0.2076,0.2465,18.3971,30.9492,0.0000,-0.5280,0.0720,178.9005
2026-04-29 20:31:54.362,0,10,10,0.00,-0.3699,0.2169,18.3846,31.0741,0.0000,-0.5280,0.0720,178.5724
2026-04-29 20:31:54.862,0,10,10,0.00,-0.2346,0.0644,18.3873,31.2061,0.0000,-0.5280,0.0720,169.3704
2026-04-29 20:31:55.362,0,10,10,0.00,0.0000,0.0010,18.3903,31.2293,0.0000,-0.5280,0.0720,163.9625
2026-04-29 20:31:55.862,0,10,10,0.00,-0.0076,0.0479,18.3925,31.2425,0.0000,-0.5280,0.0720,163.9625
2026-04-29 20:31:56.362,0,10,10,0.00,-0.0469,0.0284,18.3937,31.2501,0.0000,-0.5280,0.0720,163.0768
2026-04-29 20:31:56.864,0,10,10,0.00,0.0003,0.0435,18.3983,31.2781,0.0000,-0.5280,0.0720,162.9984
2026-04-29 20:31:57.362,0,10,10,0.00,-0.0772,0.0433,18.4016,31.3017,0.0000,-0.5280,0.0720,165.8272
2026-04-29 20:31:57.862,0,10,10,0.00,-0.0389,0.0016,18.4032,31.3122,0.0000,-0.5280,0.0720,165.8272
2026-04-29 20:31:58.362,0,10,10,0.00,-0.0207,0.0173,18.4069,31.3328,0.0000,-0.5280,0.0720,163.9192
2026-04-29 20:31:58.862,0,10,10,0.00,-0.0717,0.0274,18.4087,31.3412,0.0000,-0.5280,0.0720,162.5260
2026-04-29 20:31:59.362,0,10,10,0.00,0.0000,0.0000,18.4122,31.3565,0.0000,-0.5280,0.0720,160.8612
2026-04-29 20:31:59.862,0,10,10,0.00,-0.0249,0.0457,18.4168,31.3747,0.0000,-0.5280,0.0720,159.4859
2026-04-29 20:32:00.362,0,10,10,0.00,-0.0681,0.0508,18.4196,31.3860,0.0000,-0.5280,0.0720,159.4859
2026-04-29 20:32:00.862,0,10,10,0.00,0.0000,0.0008,18.4242,31.4047,0.0000,-0.5280,0.0720,160.0050
2026-04-29 20:32:01.362,0,10,10,0.00,-0.1122,0.0301,18.4288,31.4245,0.0000,-0.5280,0.0720,160.4841
2026-04-29 20:32:01.862,0,10,10,0.00,-0.0528,0.1376,18.4448,31.4826,0.0000,-0.5280,0.0720,158.2825
2026-04-29 20:32:02.362,0,9,10,0.00,-0.1088,0.1280,18.4527,31.5149,0.0000,-0.5280,0.0720,159.1935
2026-04-29 20:32:02.862,0,10,10,0.00,-0.0562,0.1738,18.4718,31.5996,0.0000,-0.5280,0.0720,159.9922
2026-04-29 20:32:03.362,0,10,10,0.00,-0.0637,0.0620,18.4751,31.6193,0.0000,-0.5280,0.0720,162.4355
2026-04-29 20:32:03.862,0,10,10,0.00,-0.2212,0.0730,18.4866,31.6884,0.0000,-0.5280,0.0720,163.5616
2026-04-29 20:32:04.362,0,10,10,0.00,-0.0004,-0.0003,18.4928,31.7139,0.0000,-0.5280,0.0720,158.3529
2026-04-29 20:32:04.862,0,10,10,0.00,-0.1590,0.1750,18.5030,31.7491,0.0000,-0.5280,0.0720,158.3529
2026-04-29 20:32:05.362,0,10,10,0.00,-0.3080,0.2625,18.5342,31.8573,0.0000,-0.5280,0.0720,158.1676
2026-04-29 20:32:05.862,0,10,10,0.00,-0.4435,0.4706,18.5928,32.0456,0.0000,-0.5280,0.0720,155.9331
2026-04-29 20:32:06.362,0,10,10,0.00,-0.4413,0.4434,18.6578,32.2657,0.0000,-0.5280,0.0720,157.2108
2026-04-29 20:32:06.862,0,10,10,0.00,-0.1916,0.2543,18.7051,32.4342,0.0000,-0.5280,0.0720,157.7529
2026-04-29 20:32:07.362,0,10,10,0.00,0.0043,-0.0080,18.7119,32.4615,0.0000,-0.5280,0.0720,159.4980
2026-04-29 20:32:07.862,0,10,10,0.00,-0.0003,-0.0001,18.7116,32.4600,0.0000,-0.5280,0.0720,159.4980
2026-04-29 20:32:08.362,0,10,10,0.00,0.0001,0.0000,18.7116,32.4600,0.0000,-0.5280,0.0720,159.4980
2026-04-29 20:32:08.862,0,10,10,0.00,0.0003,0.0000,18.7116,32.4600,0.0000,-0.5280,0.0720,159.4980
2026-04-29 20:32:09.362,0,10,10,0.00,-0.0001,-0.0010,18.7116,32.4600,0.0000,-0.5280,0.0720,159.4980
2026-04-29 20:32:09.862,0,10,10,0.00,0.0000,0.0000,18.7116,32.4600,0.0000,-0.5280,0.0720,159.4980
2026-04-29 20:32:10.362,0,10,10,0.00,0.0000,-0.0005,18.7115,32.4599,0.0000,-0.5280,0.0720,159.4980
2026-04-29 20:32:10.862,0,10,10,0.00,-0.0548,0.0404,18.7139,32.4692,0.0000,-0.5280,0.0720,159.4980
2026-04-29 20:32:11.362,0,10,10,0.00,0.0003,-0.0181,18.7151,32.4738,0.0000,-0.5280,0.0720,159.3622
2026-04-29 20:32:11.862,0,10,10,0.00,-0.0300,0.0360,18.7159,32.4767,0.0000,-0.5280,0.0720,159.3622
2026-04-29 20:32:12.362,0,10,10,0.00,-0.2024,0.2063,18.7329,32.5396,0.0000,-0.5280,0.0720,159.3624
2026-04-29 20:32:12.862,0,10,10,0.00,-0.3554,0.3808,18.7717,32.6815,0.0000,-0.5280,0.0720,159.8678
2026-04-29 20:32:13.362,0,10,10,0.00,-0.4529,0.4863,18.8271,32.8939,0.0000,-0.5280,0.0720,161.1759
2026-04-29 20:32:13.862,0,10,10,0.00,-0.4432,0.4403,18.8805,33.1164,0.0000,-0.5280,0.0720,162.3359
2026-04-29 20:32:14.362,0,10,10,0.00,-0.4523,0.4474,18.9318,33.3328,0.0000,-0.5280,0.0720,162.3786
2026-04-29 20:32:14.862,0,10,10,0.00,-0.4466,0.4375,18.9838,33.5504,0.0000,-0.5280,0.0720,162.3391
2026-04-29 20:32:15.362,0,10,10,0.00,-0.3377,0.3413,19.0330,33.7510,0.0000,-0.5280,0.0720,162.7629
2026-04-29 20:32:15.862,0,10,10,0.00,-0.0116,-0.0009,19.0515,33.8210,0.0000,-0.5280,0.0720,160.4082
2026-04-29 20:32:16.362,0,10,10,0.00,0.0001,0.0003,19.0511,33.8196,0.0000,-0.5280,0.0720,160.4082
2026-04-29 20:32:16.862,0,10,10,0.00,0.0000,0.0000,19.0511,33.8196,0.0000,-0.5280,0.0720,160.4082
2026-04-29 20:32:17.362,0,10,10,0.00,0.0001,0.0000,19.0511,33.8196,0.0000,-0.5280,0.0720,160.4082
2026-04-29 20:32:17.862,0,10,10,0.00,0.0001,0.0000,19.0511,33.8196,0.0000,-0.5280,0.0720,160.4082
2026-04-29 20:32:18.362,0,10,10,0.00,0.0001,0.0000,19.0511,33.8196,0.0000,-0.5280,0.0720,160.4082
2026-04-29 20:32:18.862,0,10,10,0.00,0.0000,0.0000,19.0511,33.8196,0.0000,-0.5280,0.0720,160.4082
2026-04-29 20:32:19.362,0,10,10,0.00,0.0000,0.0000,19.0511,33.8196,0.0000,-0.5280,0.0720,160.4082
2026-04-29 20:32:19.862,0,10,10,0.00,0.0000,0.0000,19.0511,33.8196,0.0000,-0.5280,0.0720,160.4082
2026-04-29 20:32:20.362,0,10,10,0.00,0.0000,-0.0001,19.0511,33.8196,0.0000,-0.5280,0.0720,160.4082
2026-04-29 20:32:20.862,0,10,10,0.00,-0.0001,-0.0001,19.0511,33.8196,0.0000,-0.5280,0.0720,160.4082
2026-04-29 20:32:21.362,0,10,10,0.00,-0.1264,0.0778,19.0566,33.8374,0.0000,-0.5280,0.0720,160.4082
2026-04-29 20:32:21.862,0,9,10,0.00,-0.2833,0.2347,19.0875,33.9261,0.0000,-0.5280,0.0720,156.0547
2026-04-29 20:32:22.362,0,10,10,0.00,-0.4093,0.4290,19.1504,34.0942,0.0000,-0.5280,0.0720,154.6724
2026-04-29 20:32:22.862,0,10,10,0.00,-0.4473,0.4636,19.2247,34.3057,0.0000,-0.5280,0.0720,156.4669
2026-04-29 20:32:23.362,0,10,10,0.00,-0.4464,0.4317,19.2958,34.5182,0.0000,-0.5280,0.0720,157.1217
2026-04-29 20:32:23.862,0,10,10,0.00,-0.4478,0.4486,19.3678,34.7281,0.0000,-0.5280,0.0720,156.2974
2026-04-29 20:32:24.362,0,10,10,0.00,-0.4485,0.4538,19.4411,34.9412,0.0000,-0.5280,0.0720,156.3638
2026-04-29 20:32:24.862,0,10,10,0.00,-0.4479,0.4441,19.5129,35.1541,0.0000,-0.5280,0.0720,156.7891
2026-04-29 20:32:25.362,0,10,10,0.00,-0.4432,0.4342,19.5840,35.3642,0.0000,-0.3638,0.2362,156.6106
2026-04-29 20:32:25.862,0,10,10,0.00,-0.4458,0.4516,19.6567,35.5761,0.0000,-0.1676,0.4324,156.6264
2026-04-29 20:32:26.362,0,10,10,0.00,-0.4512,0.4495,19.7292,35.7881,0.0000,-0.1033,0.4967,156.6752
2026-04-29 20:32:26.862,0,10,10,0.00,-0.4474,0.4546,19.8018,35.9991,0.0000,-0.0823,0.5177,156.5601
2026-04-29 20:32:27.362,0,10,10,0.00,-0.4475,0.4502,19.8745,36.2119,0.0000,-0.0754,0.5246,156.7455
2026-04-29 20:32:27.862,0,10,10,0.00,-0.4465,0.4385,19.9462,36.4244,0.0000,-0.0731,0.5269,156.8341
2026-04-29 20:32:28.362,0,10,10,0.00,-0.4483,0.4483,20.0183,36.6354,0.0000,-0.0724,0.5276,156.8841
2026-04-29 20:32:28.862,0,10,10,0.00,-0.4487,0.4540,20.0907,36.8476,0.0000,-0.0721,0.5279,156.8943
2026-04-29 20:32:29.362,0,10,10,0.00,-0.4462,0.4413,20.1629,37.0596,0.0000,-0.0720,0.5280,156.8079
2026-04-29 20:32:29.862,0,10,10,0.00,-0.4489,0.4515,20.2365,37.2747,0.0000,-0.0720,0.5280,156.8545
2026-04-29 20:32:30.362,0,10,10,0.00,-0.4392,0.4503,20.3021,37.4776,0.0000,-0.0720,0.5280,157.8833
2026-04-29 20:32:30.862,0,10,10,0.00,-0.4458,0.4487,20.3689,37.6916,0.0000,-0.0720,0.5280,158.1615
2026-04-29 20:32:31.362,0,10,10,0.00,-0.3666,0.4534,20.4286,37.8918,0.0000,-0.0720,0.5280,158.5839
2026-04-29 20:32:31.862,0,10,10,0.00,-0.4631,0.4521,20.4803,38.1061,0.0000,-0.0720,0.5280,163.0624
2026-04-29 20:32:32.362,0,10,10,0.00,-0.4437,0.4380,20.5327,38.3218,0.0000,-0.0720,0.5280,161.6631
2026-04-29 20:32:32.862,0,10,10,0.00,-0.4495,0.4544,20.5863,38.5399,0.0000,-0.0720,0.5280,162.2343
2026-04-29 20:32:33.362,0,10,10,0.00,-0.4474,0.4444,20.6388,38.7579,0.0000,-0.0720,0.5280,162.3529
2026-04-29 20:32:33.862,0,10,10,0.00,-0.4472,0.4436,20.6914,38.9752,0.0000,-0.0720,0.5280,162.1456
2026-04-29 20:32:34.362,0,10,10,0.00,-0.4460,0.4563,20.7441,39.1940,0.0000,-0.0720,0.5280,162.3351
2026-04-29 20:32:34.862,0,10,10,0.00,-0.4475,0.4348,20.7959,39.4112,0.0000,-0.0720,0.5280,162.4467
2026-04-29 20:32:35.362,0,10,10,0.00,-0.4437,0.4451,20.8484,39.6274,0.0000,-0.0720,0.5280,162.2026
2026-04-29 20:32:35.862,0,10,10,0.00,-0.4495,0.4492,20.9012,39.8457,0.0000,-0.0720,0.5280,162.2839
2026-04-29 20:32:36.362,0,10,10,0.00,-0.4485,0.4440,20.9538,40.0630,0.0000,-0.0720,0.5280,161.9236
2026-04-29 20:32:36.862,0,10,10,0.00,-0.2826,0.3347,21.0006,40.2569,0.0000,-0.0720,0.5280,162.1993
2026-04-29 20:32:37.362,0,10,10,0.00,0.0007,-0.0010,21.0127,40.3148,0.0000,-0.0720,0.5280,165.4633
2026-04-29 20:32:37.862,0,10,10,0.00,0.0000,0.0003,21.0123,40.3128,0.0000,-0.0720,0.5280,165.4633
2026-04-29 20:32:38.362,0,10,10,0.00,0.0001,0.0000,21.0123,40.3128,0.0000,-0.0720,0.5280,165.4633
2026-04-29 20:32:38.862,0,10,10,0.00,0.0000,0.0000,21.0123,40.3128,0.0000,-0.0720,0.5280,165.4633
2026-04-29 20:32:39.362,0,10,10,0.00,0.0004,0.0000,21.0123,40.3128,0.0000,-0.0720,0.5280,165.4633
2026-04-29 20:32:39.862,0,10,10,0.00,0.0000,0.0003,21.0123,40.3128,0.0000,-0.0720,0.5280,165.4633
2026-04-29 20:32:40.362,0,10,10,0.00,0.0001,0.0000,21.0123,40.3128,0.0000,-0.0720,0.5280,165.4633
2026-04-29 20:32:40.862,0,10,10,0.00,0.0001,0.0000,21.0123,40.3128,0.0000,-0.0720,0.5280,165.4633
2026-04-29 20:32:41.362,0,10,10,0.00,0.0000,-0.0001,21.0123,40.3128,0.0000,-0.0720,0.5280,165.4633
2026-04-29 20:32:41.862,0,10,10,0.00,0.0000,0.0000,21.0123,40.3128,0.0000,-0.0720,0.5280,165.4633
2026-04-29 20:32:42.362,0,10,10,0.00,0.0000,-0.0001,21.0123,40.3128,0.0000,-0.0720,0.5280,165.4633
2026-04-29 20:32:42.862,0,10,10,0.00,0.0161,-0.0005,21.0120,40.3111,0.0000,-0.0720,0.5280,165.4633
2026-04-29 20:32:43.362,0,10,10,0.00,-0.0257,0.0004,21.0116,40.3089,0.0000,-0.0720,0.5280,165.4633
2026-04-29 20:32:43.862,0,10,10,0.00,-0.2029,0.1501,21.0216,40.3548,0.0000,-0.0720,0.5280,163.8416
2026-04-29 20:32:44.365,0,10,10,0.00,-0.2893,0.3140,21.0536,40.4790,0.0000,-0.0720,0.5280,161.5604
2026-04-29 20:32:44.862,0,9,10,0.00,-0.3282,0.4647,21.0886,40.6444,0.0000,-0.0720,0.5280,165.2173
2026-04-29 20:32:45.362,0,10,10,0.00,-0.0267,0.1656,21.1021,40.7756,0.0000,-0.0720,0.5280,171.4962
2026-04-29 20:32:45.862,0,10,10,0.00,0.0004,-0.0051,21.1022,40.7779,0.0000,-0.0720,0.5280,175.5689
2026-04-29 20:32:46.362,0,10,10,0.00,-0.0001,0.0000,21.1022,40.7778,0.0000,-0.0720,0.5280,175.5689
2026-04-29 20:32:46.862,0,10,10,0.00,0.0000,-0.0003,21.1022,40.7778,0.0000,-0.0720,0.5280,175.5689
2026-04-29 20:32:47.362,0,10,10,0.00,0.0000,0.0001,21.1022,40.7778,0.0000,-0.0720,0.5280,175.5689
2026-04-29 20:32:47.862,0,10,10,0.00,0.0000,0.0003,21.1022,40.7778,0.0000,-0.0720,0.5280,175.5689
2026-04-29 20:32:48.362,0,10,10,0.00,-0.0003,0.0000,21.1022,40.7778,0.0000,-0.0720,0.5280,175.5689
2026-04-29 20:32:48.862,0,10,10,0.00,0.0000,0.0000,21.1022,40.7778,0.0000,-0.0720,0.5280,175.5689
2026-04-29 20:32:49.362,0,10,10,0.00,0.0000,0.0000,21.1022,40.7778,0.0000,-0.0720,0.5280,175.5689
2026-04-29 20:32:49.862,0,10,10,0.00,0.0000,-0.0004,21.1022,40.7778,0.0000,-0.0720,0.5280,175.5689
2026-04-29 20:32:50.362,0,10,10,0.00,0.0000,-0.0003,21.1022,40.7778,0.0000,-0.0720,0.5280,175.5689
2026-04-29 20:32:50.862,0,10,10,0.00,0.0000,0.0000,21.1022,40.7778,0.0000,-0.0720,0.5280,175.5689
2026-04-29 20:32:51.362,0,10,10,0.00,0.0000,0.0000,21.1022,40.7778,0.0000,-0.0720,0.5280,175.5689
2026-04-29 20:32:51.862,0,10,10,0.00,0.0000,0.0000,21.1022,40.7778,0.0000,-0.0720,0.5280,175.5689
2026-04-29 20:32:52.362,0,10,10,0.00,0.0000,0.0001,21.1022,40.7778,0.0000,-0.0720,0.5280,175.5689
2026-04-29 20:32:52.862,0,10,10,0.00,-0.0004,-0.0001,21.1022,40.7778,0.0000,-0.0720,0.5280,175.5689
2026-04-29 20:32:53.362,0,10,10,0.00,0.0001,0.0000,21.1022,40.7778,0.0000,-0.0720,0.5280,175.5689
2026-04-29 20:32:53.862,0,10,10,0.00,0.0000,-0.0001,21.1022,40.7778,0.0000,-0.0720,0.5280,175.5689
2026-04-29 20:32:54.362,0,10,10,0.00,0.0000,0.0003,21.1022,40.7778,0.0000,-0.0720,0.5280,175.5689
2026-04-29 20:32:54.862,0,10,10,0.00,-0.0001,-0.0090,21.1022,40.7775,0.0000,-0.0720,0.5280,175.5689
2026-04-29 20:32:55.362,0,10,10,0.00,0.0000,0.0000,21.1022,40.7772,0.0000,-0.0720,0.5280,175.5689
2026-04-29 20:32:55.862,0,10,10,0.00,-0.0759,0.0632,21.1023,40.7854,0.0000,-0.0720,0.5280,175.5689
2026-04-29 20:32:56.362,0,10,10,0.00,-0.2388,0.2570,21.1038,40.8632,0.0000,-0.0720,0.5280,175.1355
2026-04-29 20:32:56.862,0,10,10,0.00,-0.4028,0.4106,21.1057,41.0269,0.0000,-0.0720,0.5280,175.7414
2026-04-29 20:32:57.362,0,10,10,0.00,-0.4481,0.4663,21.1062,41.2532,0.0000,-0.0720,0.5280,175.9353
2026-04-29 20:32:57.862,0,10,10,0.00,-0.4489,0.4487,21.1052,41.4772,0.0000,-0.0720,0.5280,176.2763
2026-04-29 20:32:58.362,0,10,10,0.00,-0.4447,0.3423,21.1052,41.6919,0.0000,-0.0720,0.5280,176.4330
2026-04-29 20:32:58.862,0,10,10,0.00,-0.4506,0.3583,21.1215,41.8832,0.0000,-0.0720,0.5280,169.2052
2026-04-29 20:32:59.362,0,10,10,0.00,-0.4384,0.4368,21.1537,42.1022,0.0000,-0.0720,0.5280,167.2051
2026-04-29 20:32:59.862,0,10,10,0.00,-0.4515,0.3554,21.1855,42.3181,0.0000,-0.0720,0.5280,168.1935
2026-04-29 20:33:00.362,0,10,10,0.00,-0.4491,0.4186,21.2269,42.5192,0.0000,-0.0720,0.5280,162.7787
2026-04-29 20:33:00.862,0,10,10,0.00,-0.4434,0.4259,21.2779,42.7387,0.0000,-0.0720,0.5280,162.8725
2026-04-29 20:33:01.362,0,10,10,0.00,-0.4453,0.1644,21.3264,42.9153,0.0000,-0.0720,0.5280,159.8766
2026-04-29 20:33:01.862,0,10,10,0.00,-0.3882,0.0208,21.3934,43.0366,0.0000,-0.0720,0.5280,143.2693
2026-04-29 20:33:02.362,0,10,10,0.00,-0.1160,-0.0009,21.4374,43.0805,0.0000,-0.0720,0.5280,125.8713
2026-04-29 20:33:02.862,0,10,10,0.00,0.0007,0.0001,21.4406,43.0830,0.0000,-0.0720,0.5280,123.3477
2026-04-29 20:33:03.362,0,10,10,0.00,-0.0003,-0.0004,21.4406,43.0830,0.0000,-0.0720,0.5280,123.3477
2026-04-29 20:33:03.862,0,10,10,0.00,0.0001,0.0016,21.4407,43.0831,0.0000,-0.0720,0.5280,123.3477
2026-04-29 20:33:04.362,0,10,10,0.00,-0.0623,0.1487,21.4568,43.0964,0.0000,-0.0720,0.5280,124.7846
2026-04-29 20:33:04.862,0,10,10,0.00,-0.0893,0.3405,21.5292,43.1661,0.0000,-0.0720,0.5280,130.2205
2026-04-29 20:33:05.362,0,10,10,0.00,-0.2320,0.4532,21.6097,43.2813,0.0000,-0.0720,0.5280,143.5687
2026-04-29 20:33:05.862,0,10,10,0.00,-0.3889,0.3848,21.6905,43.4569,0.0000,-0.0720,0.5280,154.4358
2026-04-29 20:33:06.362,0,10,10,0.00,-0.4443,0.1643,21.7645,43.5993,0.0000,-0.0720,0.5280,146.0680
2026-04-29 20:33:06.862,0,10,10,0.00,-0.4511,0.3728,21.8791,43.7317,0.0000,-0.0720,0.5280,132.7414
2026-04-29 20:33:07.362,0,10,10,0.00,-0.4464,0.4571,22.0372,43.8922,0.0000,-0.0720,0.5280,131.7009
2026-04-29 20:33:07.862,0,10,10,0.00,-0.4441,0.2378,22.1753,44.0235,0.0000,-0.0720,0.5280,128.8233
2026-04-29 20:33:08.362,0,10,10,0.00,-0.4494,0.4287,22.3310,44.1318,0.0000,-0.0720,0.5280,118.5712
2026-04-29 20:33:08.862,0,10,10,0.00,-0.4478,0.4801,22.5250,44.2589,0.0000,-0.0720,0.5280,119.5285
2026-04-29 20:33:09.362,0,10,10,0.00,-0.4474,0.4405,22.7106,44.3861,0.0000,-0.0720,0.5280,120.3081
2026-04-29 20:33:09.862,0,10,10,0.00,-0.4447,0.4436,22.8941,44.5113,0.0000,-0.0720,0.5280,119.8550
2026-04-29 20:33:10.362,0,10,10,0.00,-0.4508,0.4517,23.0798,44.6373,0.0000,-0.0720,0.5280,119.3562
2026-04-29 20:33:10.862,0,10,10,0.00,-0.4468,0.4546,23.2652,44.7634,0.0000,-0.0720,0.5280,119.8342
2026-04-29 20:33:11.362,0,10,10,0.00,-0.3842,0.4339,23.4400,44.8852,0.0000,-0.0720,0.5280,119.9248
2026-04-29 20:33:11.862,0,10,10,0.00,-0.4593,0.4541,23.6183,45.0180,0.0000,-0.0720,0.5280,121.9925
2026-04-29 20:33:12.362,0,10,10,0.00,-0.3101,0.4388,23.7891,45.1474,0.0000,-0.0720,0.5280,122.0815
2026-04-29 20:33:12.862,0,10,10,0.00,-0.4491,0.4540,23.9414,45.2818,0.0000,-0.0720,0.5280,127.9159
2026-04-29 20:33:13.362,0,10,10,0.00,-0.4499,0.4516,24.1085,45.4354,0.0000,-0.0720,0.5280,127.5584
2026-04-29 20:33:13.862,0,10,10,0.00,-0.4485,0.4491,24.2727,45.5852,0.0000,-0.0720,0.5280,127.5056
2026-04-29 20:33:14.362,0,10,10,0.00,-0.4465,0.4511,24.4386,45.7365,0.0000,-0.0720,0.5280,127.2216
2026-04-29 20:33:14.862,0,10,10,0.00,-0.3451,0.4451,24.5856,45.8778,0.0000,-0.0720,0.5280,128.8761
2026-04-29 20:33:15.362,0,10,10,0.00,-0.4208,0.4527,24.7318,46.0384,0.0000,-0.0720,0.5280,133.5450
2026-04-29 20:33:15.862,0,10,10,0.00,-0.0965,0.4372,24.8388,46.1718,0.0000,-0.0720,0.5280,137.7144
2026-04-29 20:33:16.362,0,10,10,0.00,-0.2619,0.4508,24.9015,46.3129,0.0000,-0.0720,0.5280,154.8501
2026-04-29 20:33:16.862,0,10,10,0.00,-0.4117,0.4420,24.9510,46.5051,0.0000,-0.0720,0.5280,163.0760
2026-04-29 20:33:17.362,0,10,10,0.00,-0.4481,0.4407,24.9994,46.7215,0.0000,-0.0720,0.5280,163.1384
2026-04-29 20:33:17.862,0,10,10,0.00,-0.4481,0.4558,25.0489,46.9402,0.0000,-0.0720,0.5280,163.1352
2026-04-29 20:33:18.362,0,10,10,0.00,-0.4490,0.4365,25.0979,47.1581,0.0000,-0.0720,0.5280,162.8191
2026-04-29 20:33:18.862,0,10,10,0.00,-0.4465,0.4529,25.1477,47.3764,0.0000,-0.0720,0.5280,162.6952
2026-04-29 20:33:19.362,0,10,10,0.00,-0.4492,0.4563,25.1971,47.5954,0.0000,-0.0720,0.5280,162.6104
2026-04-29 20:33:19.862,0,10,10,0.00,-0.4507,0.3970,25.2461,47.8045,0.0000,-0.0720,0.5280,162.0332
2026-04-29 20:33:20.362,0,10,10,0.00,-0.4449,0.4665,25.3041,48.0139,0.0000,-0.0720,0.5280,159.3474
2026-04-29 20:33:20.862,0,10,10,0.00,-0.4453,0.4492,25.3645,48.2332,0.0000,-0.0720,0.5280,160.0042
2026-04-29 20:33:21.362,0,10,10,0.00,-0.4487,0.4440,25.4228,48.4475,0.0000,-0.0720,0.5280,159.6424
2026-04-29 20:33:21.862,0,10,10,0.00,-0.4478,0.4495,25.4820,48.6630,0.0000,-0.0720,0.5280,159.4812
2026-04-29 20:33:22.362,0,10,10,0.00,-0.4517,0.4259,25.5420,48.8712,0.0000,-0.0720,0.5280,158.3303
2026-04-29 20:33:22.862,0,10,10,0.00,-0.4452,0.4509,25.6074,49.0830,0.0000,-0.0720,0.5280,156.9924
2026-04-29 20:33:23.362,0,10,10,0.00,-0.4478,0.4551,25.6730,49.2990,0.0000,-0.0720,0.5280,157.7394
2026-04-29 20:33:23.862,0,10,10,0.00,-0.4441,0.4367,25.7371,49.5133,0.0000,-0.0720,0.5280,157.7177
2026-04-29 20:33:24.362,0,10,10,0.00,-0.4485,0.4527,25.8016,49.7269,0.0000,-0.0720,0.5280,157.3766
2026-04-29 20:33:24.862,0,10,10,0.00,-0.4475,0.4525,25.8666,49.9409,0.0000,-0.0720,0.5280,157.6321
2026-04-29 20:33:25.362,0,10,10,0.00,-0.4485,0.4422,25.9314,50.1549,0.0000,-0.0720,0.5280,157.3828
2026-04-29 20:33:25.862,0,10,10,0.00,-0.4432,0.4426,25.9968,50.3686,0.0000,-0.0720,0.5280,157.1196
2026-04-29 20:33:26.362,0,10,10,0.00,-0.4533,0.4551,26.0620,50.5835,0.0000,-0.0720,0.5280,157.1773
2026-04-29 20:33:26.862,0,10,10,0.00,-0.4516,0.4444,26.1266,50.7964,0.0000,-0.0720,0.5280,156.7100
2026-04-29 20:33:27.362,0,10,10,0.00,-0.4460,0.4538,26.1925,51.0088,0.0000,-0.0720,0.5280,156.5456
2026-04-29 20:33:27.862,0,10,10,0.00,-0.4461,0.4492,26.2587,51.2237,0.0000,-0.0720,0.5280,156.8678
2026-04-29 20:33:28.362,0,10,10,0.00,-0.4483,0.4478,26.3243,51.4377,0.0000,-0.0720,0.5280,156.5272
2026-04-29 20:33:28.862,0,10,10,0.00,-0.4477,0.4509,26.3897,51.6512,0.0000,-0.0720,0.5280,156.5934
2026-04-29 20:33:29.362,0,10,10,0.00,-0.4479,0.4524,26.4552,51.8659,0.0000,-0.0720,0.5280,156.6477
2026-04-29 20:33:29.862,0,10,10,0.00,-0.4441,0.4358,26.5203,52.0788,0.0000,-0.0720,0.5280,156.1664
2026-04-29 20:33:30.362,0,10,10,0.00,-0.4492,0.4523,26.5866,52.2927,0.0000,-0.0720,0.5280,156.2522
2026-04-29 20:33:30.862,0,10,10,0.00,-0.4477,0.4507,26.6524,52.5077,0.0000,-0.0720,0.5280,156.2877
2026-04-29 20:33:31.362,0,10,10,0.00,-0.4456,0.4420,26.7177,52.7209,0.0000,-0.0720,0.5280,156.2009
2026-04-29 20:33:31.862,0,10,10,0.00,-0.4432,0.4474,26.7837,52.9361,0.0000,-0.0720,0.5280,156.2237
2026-04-29 20:33:32.362,0,10,10,0.00,-0.4469,0.4389,26.8490,53.1498,0.0000,-0.0720,0.5280,156.0668
2026-04-29 20:33:32.862,0,10,10,0.00,-0.4451,0.4503,26.9146,53.3626,0.0000,-0.0720,0.5280,155.8709
2026-04-29 20:33:33.362,0,10,10,0.00,-0.4496,0.4571,26.9806,53.5781,0.0000,-0.0720,0.5280,156.0434
2026-04-29 20:33:33.862,0,10,10,0.00,-0.4521,0.4551,27.0458,53.7931,0.0000,-0.0720,0.5280,155.9106
2026-04-29 20:33:34.362,0,10,10,0.00,-0.4472,0.4473,27.1108,54.0056,0.0000,-0.0720,0.5280,155.8598
2026-04-29 20:33:34.862,0,10,10,0.00,-0.4462,0.4453,27.1763,54.2212,0.0000,-0.0720,0.5280,155.9059
2026-04-29 20:33:35.362,0,10,10,0.00,-0.4466,0.4369,27.2408,54.4352,0.0000,-0.0720,0.5280,155.5756
2026-04-29 20:33:35.862,0,10,10,0.00,-0.4470,0.4549,27.3061,54.6486,0.0000,-0.0720,0.5280,155.3925
2026-04-29 20:33:36.362,0,10,10,0.00,-0.4456,0.4500,27.3714,54.8633,0.0000,-0.0720,0.5280,155.5675
2026-04-29 20:33:36.862,0,10,10,0.00,-0.4468,0.4362,27.4359,55.0759,0.0000,-0.0720,0.5280,155.2316
2026-04-29 20:33:37.362,0,10,10,0.00,-0.4490,0.4521,27.5018,55.2904,0.0000,-0.0720,0.5280,155.2310
2026-04-29 20:33:37.863,0,10,10,0.00,-0.4485,0.3478,27.5660,55.5002,0.0000,-0.0720,0.5280,155.2292
2026-04-29 20:33:38.362,0,10,10,0.00,-0.4465,0.0555,27.6261,55.6464,0.0000,-0.0720,0.5280,148.5615
2026-04-29 20:33:38.862,0,10,10,0.00,-0.4495,0.1511,27.7119,55.7451,0.0000,-0.0720,0.5280,127.3929
2026-04-29 20:33:39.362,0,10,10,0.00,-0.4491,0.3924,27.8662,55.8576,0.0000,-0.0720,0.5280,115.6800
2026-04-29 20:33:39.862,0,10,10,0.00,-0.4454,0.4876,28.0539,55.9815,0.0000,-0.0720,0.5280,114.5261
2026-04-29 20:33:40.362,0,10,10,0.00,-0.4506,0.4413,28.2407,56.1102,0.0000,-0.0720,0.5280,116.0328
2026-04-29 20:33:40.862,0,10,10,0.00,-0.4481,0.4453,28.4229,56.2334,0.0000,-0.0720,0.5280,114.3396
2026-04-29 20:33:41.362,0,10,10,0.00,-0.4472,0.3183,28.6003,56.3506,0.0000,-0.0720,0.5280,114.7814
2026-04-29 20:33:41.862,0,10,10,0.00,-0.4458,0.1106,28.7357,56.4155,0.0000,-0.3412,0.2588,104.6362
2026-04-29 20:33:42.362,0,10,10,0.00,-0.4496,0.3013,28.8967,56.4419,0.0000,-0.4668,0.1332,87.2942
2026-04-29 20:33:42.862,0,10,10,0.00,-0.4456,0.2100,29.0659,56.4413,0.0000,-0.5079,0.0921,79.2569
2026-04-29 20:33:43.362,0,10,10,0.00,-0.4452,0.2234,29.2247,56.4065,0.0000,-0.5214,0.0786,65.1663
2026-04-29 20:33:43.862,0,10,10,0.00,-0.3888,0.4324,29.3993,56.3386,0.0000,-0.5258,0.0742,55.9259
2026-04-29 20:33:44.362,0,10,10,0.00,-0.4589,0.4698,29.6141,56.2582,0.0000,-0.5273,0.0727,59.4187
2026-04-29 20:33:44.862,0,10,10,0.00,-0.3437,0.4326,29.8029,56.1973,0.0000,-0.5278,0.0722,61.0502
2026-04-29 20:33:45.362,0,10,10,0.00,-0.4595,0.4578,30.0162,56.1424,0.0000,-0.5279,0.0721,65.5203
2026-04-29 20:33:45.862,0,10,10,0.00,-0.4414,0.4400,30.2308,56.0870,0.0000,-0.5280,0.0720,64.5810
2026-04-29 20:33:46.362,0,10,10,0.00,-0.4011,0.4506,30.4309,56.0413,0.0000,-0.5280,0.0720,66.2122
2026-04-29 20:33:46.862,0,10,10,0.00,-0.4546,0.4462,30.6518,55.9998,0.0000,-0.5280,0.0720,69.1840
2026-04-29 20:33:47.362,0,10,10,0.00,-0.4483,0.4406,30.8690,55.9580,0.0000,-0.5280,0.0720,68.6805
2026-04-29 20:33:47.862,0,10,10,0.00,-0.4462,0.4559,31.0898,55.9149,0.0000,-0.5280,0.0720,68.3045
2026-04-29 20:33:48.362,0,10,10,0.00,-0.4466,0.4515,31.3110,55.8725,0.0000,-0.5280,0.0720,68.5816
2026-04-29 20:33:48.862,0,10,10,0.00,-0.4507,0.4495,31.5297,55.8308,0.0000,-0.5280,0.0720,68.5724
2026-04-29 20:33:49.362,0,10,10,0.00,-0.4441,0.4383,31.7499,55.7885,0.0000,-0.5280,0.0720,68.2593
2026-04-29 20:33:49.862,0,10,10,0.00,-0.4457,0.3759,31.9595,55.7462,0.0000,-0.5280,0.0720,68.2789
2026-04-29 20:33:50.362,0,10,10,0.00,-0.4508,0.4233,32.1629,55.6937,0.0000,-0.5280,0.0720,63.9470
2026-04-29 20:33:50.862,0,10,10,0.00,-0.4466,0.4043,32.3796,55.6342,0.0000,-0.5280,0.0720,63.9236
2026-04-29 20:33:51.362,0,10,10,0.00,-0.4478,0.4312,32.5907,55.5744,0.0000,-0.5280,0.0720,63.6825
2026-04-29 20:33:51.862,0,10,10,0.00,-0.4470,0.4460,32.8042,55.5111,0.0000,-0.5280,0.0720,62.4908
2026-04-29 20:33:52.362,0,10,10,0.00,-0.4478,0.4545,33.0198,55.4472,0.0000,-0.5280,0.0720,62.5656
2026-04-29 20:33:52.862,0,10,10,0.00,-0.4464,0.4431,33.2349,55.3842,0.0000,-0.5280,0.0720,62.8186
2026-04-29 20:33:53.362,0,10,10,0.00,-0.4489,0.4473,33.4494,55.3214,0.0000,-0.5280,0.0720,62.5362
2026-04-29 20:33:53.862,0,10,10,0.00,-0.4482,0.4525,33.6649,55.2585,0.0000,-0.5280,0.0720,62.6333
2026-04-29 20:33:54.362,0,10,10,0.00,-0.4495,0.4456,33.8791,55.1964,0.0000,-0.5280,0.0720,63.0321
2026-04-29 20:33:54.862,0,10,10,0.00,-0.4461,0.4452,34.0938,55.1335,0.0000,-0.5280,0.0720,62.7763
2026-04-29 20:33:55.362,0,10,10,0.00,-0.4462,0.4490,34.3097,55.0705,0.0000,-0.5280,0.0720,62.7992
2026-04-29 20:33:55.862,0,10,10,0.00,-0.4504,0.4491,34.5233,55.0081,0.0000,-0.5280,0.0720,62.9253
2026-04-29 20:33:56.362,0,10,10,0.00,-0.4474,0.4469,34.7377,54.9448,0.0000,-0.5280,0.0720,62.7764
2026-04-29 20:33:56.862,0,10,10,0.00,-0.4441,0.4469,34.9528,54.8814,0.0000,-0.5280,0.0720,62.7841
2026-04-29 20:33:57.362,0,10,10,0.00,-0.4468,0.4474,35.1670,54.8186,0.0000,-0.5280,0.0720,62.9272
2026-04-29 20:33:57.862,0,10,10,0.00,-0.4479,0.4483,35.3827,54.7555,0.0000,-0.5280,0.0720,62.8355
2026-04-29 20:33:58.362,0,10,10,0.00,-0.4462,0.4482,35.5970,54.6931,0.0000,-0.5280,0.0720,63.0323
2026-04-29 20:33:58.862,0,10,10,0.00,-0.4453,0.4418,35.8114,54.6303,0.0000,-0.5280,0.0720,62.7412
2026-04-29 20:33:59.362,0,10,10,0.00,-0.4481,0.4498,36.0265,54.5672,0.0000,-0.5280,0.0720,62.8568
2026-04-29 20:33:59.862,0,10,10,0.00,-0.4481,0.4449,36.2403,54.5046,0.0000,-0.5280,0.0720,62.9935
2026-04-29 20:34:00.362,0,10,10,0.00,-0.4506,0.4519,36.4551,54.4414,0.0000,-0.5280,0.0720,62.7549
2026-04-29 20:34:00.862,0,10,10,0.00,-0.4386,0.4337,36.6702,54.3782,0.0000,-0.5280,0.0720,62.6474
2026-04-29 20:34:01.362,0,10,10,0.00,-0.4470,0.4431,36.8844,54.3152,0.0000,-0.5280,0.0720,62.8392
2026-04-29 20:34:01.862,0,10,10,0.00,-0.4481,0.4477,37.0986,54.2520,0.0000,-0.5280,0.0720,63.3106
2026-04-29 20:34:02.362,0,10,10,0.00,-0.4482,0.4508,37.3147,54.1886,0.0000,-0.5280,0.0720,62.5280
2026-04-29 20:34:02.862,0,10,10,0.00,-0.4491,0.4499,37.5288,54.1261,0.0000,-0.5280,0.0720,62.7512
2026-04-29 20:34:03.362,0,10,10,0.00,-0.4498,0.4520,37.7432,54.0632,0.0000,-0.5280,0.0720,62.4409
2026-04-29 20:34:03.862,0,10,10,0.00,-0.4434,0.4431,37.9589,54.0005,0.0000,-0.5280,0.0720,62.6107
2026-04-29 20:34:04.362,0,10,10,0.00,-0.4495,0.4475,38.1733,53.9383,0.0000,-0.5280,0.0720,61.6178
2026-04-29 20:34:04.862,0,10,10,0.00,-0.4482,0.4568,38.3889,53.8754,0.0000,-0.5280,0.0720,62.2723
2026-04-29 20:34:05.362,0,10,10,0.00,-0.4458,0.4443,38.6043,53.8132,0.0000,-0.5280,0.0720,62.5731
2026-04-29 20:34:05.862,0,10,10,0.00,-0.4482,0.4448,38.8189,53.7512,0.0000,-0.5280,0.0720,62.3525
2026-04-29 20:34:06.362,0,10,10,0.00,-0.4473,0.4479,39.0340,53.6887,0.0000,-0.5280,0.0720,62.1588
2026-04-29 20:34:06.862,0,10,10,0.00,-0.4474,0.4520,39.2491,53.6266,0.0000,-0.5280,0.0720,61.7618
2026-04-29 20:34:07.363,0,10,10,0.00,-0.4474,0.4498,39.4639,53.5642,0.0000,-0.5280,0.0720,62.2678
2026-04-29 20:34:07.862,0,10,10,0.00,-0.4465,0.4458,39.6788,53.5021,0.0000,-0.5280,0.0720,62.4370
2026-04-29 20:34:08.362,0,10,10,0.00,-0.4466,0.4440,39.8930,53.4400,0.0000,-0.5280,0.0720,62.5396
2026-04-29 20:34:08.862,0,10,10,0.00,-0.4474,0.4458,40.1077,53.3774,0.0000,-0.5280,0.0720,62.2436
2026-04-29 20:34:09.362,0,10,10,0.00,-0.4500,0.4479,40.3235,53.3147,0.0000,-0.5280,0.0720,62.3057
2026-04-29 20:34:09.864,0,10,10,0.00,-0.4500,0.4495,40.5381,53.2525,0.0000,-0.5280,0.0720,62.4334
2026-04-29 20:34:10.362,0,10,10,0.00,-0.4500,0.4485,40.7539,53.1899,0.0000,-0.5280,0.0720,62.4205
2026-04-29 20:34:10.862,0,10,10,0.00,-0.4460,0.4468,40.9686,53.1279,0.0000,-0.5280,0.0720,62.5836
2026-04-29 20:34:11.362,0,10,10,0.00,-0.4495,0.4465,41.1831,53.0658,0.0000,-0.5280,0.0720,63.2472
2026-04-29 20:34:11.862,0,10,10,0.00,-0.4479,0.4523,41.3983,53.0032,0.0000,-0.5280,0.0720,62.1040
2026-04-29 20:34:12.362,0,10,10,0.00,-0.4440,0.4448,41.6131,52.9410,0.0000,-0.5280,0.0720,62.2439
2026-04-29 20:34:12.862,0,10,10,0.00,-0.4478,0.4432,41.8281,52.8787,0.0000,-0.5280,0.0720,62.1192
2026-04-29 20:34:13.362,0,10,10,0.00,-0.4512,0.4519,42.0426,52.8163,0.0000,-0.5280,0.0720,62.1764
2026-04-29 20:34:13.862,0,10,10,0.00,-0.3314,0.3329,42.2423,52.7580,0.0000,-0.5280,0.0720,62.9550
2026-04-29 20:34:14.362,0,10,10,0.00,-0.0058,-0.0003,42.3149,52.7367,0.0000,-0.5280,0.0720,62.6284
2026-04-29 20:34:14.862,0,10,10,0.00,0.0001,-0.0021,42.3124,52.7375,0.0000,-0.5280,0.0720,62.6284
2026-04-29 20:34:15.362,0,10,10,0.00,0.0000,-0.0003,42.3124,52.7375,0.0000,-0.5280,0.0720,62.6284
2026-04-29 20:34:15.862,0,10,10,0.00,0.0000,-0.0001,42.3124,52.7375,0.0000,-0.5280,0.0720,62.6284
2026-04-29 20:34:16.362,0,10,10,0.00,0.0000,0.0000,42.3124,52.7375,0.0000,-0.5280,0.0720,62.6284
2026-04-29 20:34:16.862,0,10,10,0.00,0.0000,-0.0001,42.3124,52.7375,0.0000,-0.5280,0.0720,62.6284
2026-04-29 20:34:17.362,0,10,10,0.00,0.0000,0.0000,42.3124,52.7375,0.0000,-0.5280,0.0720,62.6284
2026-04-29 20:34:17.862,0,10,10,0.00,-0.0001,-0.0004,42.3124,52.7375,0.0000,-0.5280,0.0720,62.6284
2026-04-29 20:34:18.362,0,10,10,0.00,-0.0001,0.0000,42.3124,52.7375,0.0000,-0.5280,0.0720,62.6284
2026-04-29 20:34:18.862,0,10,10,0.00,0.0000,0.0000,42.3124,52.7375,0.0000,-0.5280,0.0720,62.6284
2026-04-29 20:34:19.362,0,10,10,0.00,0.0001,0.0000,42.3124,52.7375,0.0000,-0.5280,0.0720,62.6284
2026-04-29 20:34:19.862,0,10,10,0.00,0.0000,0.0000,42.3124,52.7375,0.0000,-0.5280,0.0720,62.6284
2026-04-29 20:34:20.362,0,10,10,0.00,0.0000,0.0000,42.3124,52.7375,0.0000,-0.5280,0.0720,62.6284
2026-04-29 20:34:20.862,0,10,10,0.00,0.0000,0.0000,42.3124,52.7375,0.0000,-0.5280,0.0720,62.6284
2026-04-29 20:34:21.362,0,10,10,0.00,0.0000,-0.0003,42.3124,52.7375,0.0000,-0.5280,0.0720,62.6284
2026-04-29 20:34:21.862,0,10,10,0.00,-0.0001,0.0003,42.3124,52.7375,0.0000,-0.5280,0.0720,62.6284
2026-04-29 20:34:22.362,0,10,10,0.00,0.0000,-0.0005,42.3124,52.7375,0.0000,-0.5280,0.0720,62.6284
2026-04-29 20:34:22.862,0,10,10,0.00,0.0000,0.0000,42.3124,52.7375,0.0000,-0.5280,0.0720,62.6284
2026-04-29 20:34:23.362,0,10,10,0.00,-0.0003,0.0001,42.3124,52.7375,0.0000,-0.5280,0.0720,62.6284
2026-04-29 20:34:23.862,0,10,10,0.00,0.0000,0.0000,42.3124,52.7375,0.0000,-0.5280,0.0720,62.6284
2026-04-29 20:34:24.362,0,10,10,0.00,0.0001,0.0001,42.3124,52.7375,0.0000,-0.5280,0.0720,62.6284
2026-04-29 20:34:24.862,0,10,10,0.00,-0.0001,0.0001,42.3124,52.7375,0.0000,-0.5280,0.0720,62.6284
2026-04-29 20:34:25.362,0,10,10,0.00,0.0003,0.0001,42.3124,52.7375,0.0000,-0.5280,0.0720,62.6284
2026-04-29 20:34:25.862,0,10,10,0.00,0.0001,0.0001,42.3124,52.7375,0.0000,-0.5280,0.0720,62.6284
2026-04-29 20:34:26.362,0,10,10,0.00,0.0000,0.0000,42.3124,52.7375,0.0000,-0.5280,0.0720,62.6284
2026-04-29 20:34:26.862,0,10,10,0.00,0.0000,0.0001,42.3124,52.7375,0.0000,-0.5280,0.0720,62.6284
2026-04-29 20:34:27.362,0,10,10,0.00,0.0000,-0.0001,42.3124,52.7375,0.0000,-0.5280,0.0720,62.6284
2026-04-29 20:34:27.862,0,10,10,0.00,-0.0001,-0.0001,42.3124,52.7375,0.0000,-0.5280,0.0720,62.6284
2026-04-29 20:34:28.362,0,10,10,0.00,0.0001,-0.0003,42.3124,52.7375,0.0000,-0.5280,0.0720,62.6284
2026-04-29 20:34:28.862,0,10,10,0.00,0.0000,0.0000,42.3124,52.7375,0.0000,-0.5280,0.0720,62.6284
2026-04-29 20:34:29.363,0,10,10,0.00,-0.0001,0.0000,42.3124,52.7375,0.0000,-0.5280,0.0720,62.6284
2026-04-29 20:34:29.862,0,10,10,0.00,0.0001,0.0000,42.3124,52.7375,0.0000,-0.5280,0.0720,62.6284
2026-04-29 20:34:30.362,0,10,10,0.00,-0.0001,-0.0003,42.3124,52.7375,0.0000,-0.5280,0.0720,62.6284
2026-04-29 20:34:30.862,0,10,10,0.00,-0.0001,0.0001,42.3124,52.7375,0.0000,-0.5280,0.0720,62.6284
2026-04-29 20:34:31.362,0,10,10,0.00,-0.0001,0.0003,42.3124,52.7375,0.0000,-0.5280,0.0720,62.6284
2026-04-29 20:34:31.862,0,10,10,0.00,-0.0001,0.0000,42.3124,52.7375,0.0000,-0.5280,0.0720,62.6284
2026-04-29 20:34:32.362,0,10,10,0.00,-0.0001,0.0000,42.3124,52.7375,0.0000,-0.5280,0.0720,62.6284
2026-04-29 20:34:32.862,0,10,10,0.00,-0.0001,0.0000,42.3124,52.7375,0.0000,-0.5280,0.0720,62.6284
2026-04-29 20:34:33.362,0,10,10,0.00,-0.0001,0.0001,42.3124,52.7375,0.0000,-0.5280,0.0720,62.6284
2026-04-29 20:34:33.862,0,10,10,0.00,0.0003,-0.0001,42.3124,52.7375,0.0000,-0.5280,0.0720,62.6284
2026-04-29 20:34:34.362,0,10,10,0.00,0.0000,0.0000,42.3124,52.7375,0.0000,-0.5280,0.0720,62.6284
2026-04-29 20:34:34.862,0,10,10,0.00,0.0000,0.0000,42.3124,52.7375,0.0000,-0.5280,0.0720,62.6284
2026-04-29 20:34:35.362,0,10,10,0.00,-0.0001,0.0000,42.3124,52.7375,0.0000,-0.5280,0.0720,62.6284
2026-04-29 20:34:35.862,0,10,10,0.00,0.0000,0.0000,42.3124,52.7375,0.0000,-0.5280,0.0720,62.6284
2026-04-29 20:34:36.362,0,10,10,0.00,0.0001,0.0001,42.3124,52.7375,0.0000,-0.5280,0.0720,62.6284
2026-04-29 20:34:36.862,0,10,10,0.00,0.0000,0.0000,42.3124,52.7375,0.0000,-0.5280,0.0720,62.6284
2026-04-29 20:34:37.362,0,10,10,0.00,-0.0001,0.0005,42.3124,52.7375,0.0000,-0.5280,0.0720,62.6284
2026-04-29 20:34:37.862,0,10,10,0.00,0.0001,0.0000,42.3124,52.7375,0.0000,-0.5280,0.0720,62.6284
2026-04-29 20:34:38.362,0,10,10,0.00,-0.0004,0.0000,42.3124,52.7375,0.0000,-0.5280,0.0720,62.6284
2026-04-29 20:34:38.862,0,10,10,0.00,0.0001,0.0001,42.3124,52.7375,0.0000,-0.5280,0.0720,62.6284
2026-04-29 20:34:39.362,0,10,10,0.00,0.0000,0.0000,42.3124,52.7375,0.0000,-0.5280,0.0720,62.6284
2026-04-29 20:34:39.862,0,10,10,0.00,0.0000,0.0000,42.3124,52.7375,0.0000,-0.5280,0.0720,62.6284
2026-04-29 20:34:40.362,0,10,10,0.00,-0.0001,0.0000,42.3124,52.7375,0.0000,-0.5280,0.0720,62.6284
2026-04-29 20:34:40.862,0,10,10,0.00,0.0000,0.0000,42.3124,52.7375,0.0000,-0.5280,0.0720,62.6284
2026-04-29 20:34:41.362,0,10,10,0.00,0.0000,0.0004,42.3124,52.7375,0.0000,-0.5280,0.0720,62.6284
2026-04-29 20:34:41.862,0,10,10,0.00,-0.0004,0.0004,42.3124,52.7375,0.0000,-0.5280,0.0720,62.6284
2026-04-29 20:34:42.362,0,10,10,0.00,0.0000,0.0001,42.3124,52.7375,0.0000,-0.5280,0.0720,62.6284
2026-04-29 20:34:42.862,0,10,10,0.00,0.0000,0.0000,42.3124,52.7375,0.0000,-0.5280,0.0720,62.6284
2026-04-29 20:34:43.362,0,10,10,0.00,0.0001,-0.0001,42.3124,52.7375,0.0000,-0.5280,0.0720,62.6284
2026-04-29 20:34:43.862,0,10,10,0.00,0.0000,0.0000,42.3124,52.7375,0.0000,-0.5280,0.0720,62.6284
2026-04-29 20:34:44.362,0,10,10,0.00,0.0000,-0.0001,42.3124,52.7375,0.0000,-0.5280,0.0720,62.6284
2026-04-29 20:34:44.862,0,10,10,0.00,0.0001,0.0000,42.3124,52.7375,0.0000,-0.5280,0.0720,62.6284
2026-04-29 20:34:45.362,0,10,10,0.00,0.0000,0.0000,42.3124,52.7375,0.0000,-0.5280,0.0720,62.6284
2026-04-29 20:34:45.862,0,10,10,0.00,0.0000,0.0000,42.3124,52.7375,0.0000,-0.5280,0.0720,62.6284
2026-04-29 20:34:46.364,0,10,10,0.00,0.0000,-0.0004,42.3124,52.7375,0.0000,-0.5280,0.0720,62.6284
2026-04-29 20:34:46.862,0,10,10,0.00,0.0000,-0.0001,42.3124,52.7375,0.0000,-0.5280,0.0720,62.6284
2026-04-29 20:34:47.362,0,10,10,0.00,0.0001,0.0000,42.3124,52.7375,0.0000,-0.5280,0.0720,62.6284
2026-04-29 20:34:47.862,0,10,10,0.00,0.0001,-0.0004,42.3124,52.7375,0.0000,-0.5280,0.0720,62.6284
2026-04-29 20:34:48.362,0,10,10,0.00,0.0000,0.0000,42.3124,52.7375,0.0000,-0.5280,0.0720,62.6284
2026-04-29 20:34:48.862,0,10,10,0.00,0.0001,-0.0004,42.3124,52.7375,0.0000,-0.5280,0.0720,62.6284
2026-04-29 20:34:49.362,0,10,10,0.00,-0.0001,0.0000,42.3124,52.7375,0.0000,-0.5280,0.0720,62.6284
2026-04-29 20:34:49.862,0,10,10,0.00,0.0000,-0.0004,42.3124,52.7375,0.0000,-0.5280,0.0720,62.6284
2026-04-29 20:34:50.362,0,10,10,0.00,0.0000,0.0001,42.3124,52.7375,0.0000,-0.5280,0.0720,62.6284
2026-04-29 20:34:50.862,0,10,10,0.00,0.0000,0.0001,42.3124,52.7375,0.0000,-0.5280,0.0720,62.6284
2026-04-29 20:34:51.362,0,10,10,0.00,-0.0001,0.0000,42.3124,52.7375,0.0000,-0.5280,0.0720,62.6284
2026-04-29 20:34:51.862,0,10,10,0.00,0.0000,-0.0005,42.3124,52.7375,0.0000,-0.5280,0.0720,62.6284
2026-04-29 20:34:52.362,0,10,10,0.00,-0.0003,-0.0001,42.3124,52.7375,0.0000,-0.5280,0.0720,62.6284
2026-04-29 20:34:52.862,0,10,10,0.00,0.0001,0.0000,42.3124,52.7375,0.0000,-0.5280,0.0720,62.6284
2026-04-29 20:34:53.362,0,10,10,0.00,-0.0001,-0.0001,42.3124,52.7375,0.0000,-0.5280,0.0720,62.6284
2026-04-29 20:34:53.862,0,10,10,0.00,0.0004,0.0000,42.3124,52.7375,0.0000,-0.5280,0.0720,62.6284
2026-04-29 20:34:54.362,0,10,10,0.00,0.0000,0.0000,42.3124,52.7375,0.0000,-0.5280,0.0720,62.6284
2026-04-29 20:34:54.862,0,10,10,0.00,0.0000,0.0001,42.3124,52.7375,0.0000,-0.5280,0.0720,62.6284
2026-04-29 20:34:55.362,0,10,10,0.00,-0.0001,0.0000,42.3124,52.7375,0.0000,-0.5280,0.0720,62.6284
2026-04-29 20:34:55.862,0,10,10,0.00,-0.0003,0.0000,42.3124,52.7375,0.0000,-0.5280,0.0720,62.6284
2026-04-29 20:34:56.362,0,10,10,0.00,0.0001,0.0000,42.3124,52.7375,0.0000,-0.5280,0.0720,62.6284
2026-04-29 20:34:56.862,0,10,10,0.00,0.0001,0.0001,42.3124,52.7375,0.0000,-0.5280,0.0720,62.6284
2026-04-29 20:34:57.362,0,10,10,0.00,0.0000,0.0001,42.3124,52.7375,0.0000,-0.5280,0.0720,62.6284
2026-04-29 20:34:57.862,0,10,10,0.00,0.0001,-0.0001,42.3124,52.7375,0.0000,-0.5280,0.0720,62.6284
2026-04-29 20:34:58.362,0,10,10,0.00,0.0000,0.0000,42.3124,52.7375,0.0000,-0.5280,0.0720,62.6284
2026-04-29 20:34:58.862,0,10,10,0.00,0.0003,0.0003,42.3124,52.7375,0.0000,-0.5280,0.0720,62.6284
2026-04-29 20:34:59.362,0,10,10,0.00,-0.0001,0.0001,42.3124,52.7375,0.0000,-0.5280,0.0720,62.6284
2026-04-29 20:34:59.862,0,10,10,0.00,0.0000,0.0000,42.3124,52.7375,0.0000,-0.5280,0.0720,62.6284
2026-04-29 20:35:00.362,0,10,10,0.00,0.0000,0.0000,42.3124,52.7375,0.0000,-0.5280,0.0720,62.6284
2026-04-29 20:35:00.862,0,10,10,0.00,0.0000,0.0000,42.3124,52.7375,0.0000,-0.5280,0.0720,62.6284
2026-04-29 20:35:01.362,0,10,10,0.00,0.0001,0.0000,42.3124,52.7375,0.0000,-0.5280,0.0720,62.6284
2026-04-29 20:35:01.862,0,10,10,0.00,0.0000,0.0000,42.3124,52.7375,0.0000,-0.5280,0.0720,62.6284
2026-04-29 20:35:02.362,0,10,10,0.00,0.0000,0.0000,42.3124,52.7375,0.0000,-0.5280,0.0720,62.6284
2026-04-29 20:35:02.862,0,10,10,0.00,0.0001,0.0000,42.3124,52.7375,0.0000,-0.5280,0.0720,62.6284
2026-04-29 20:35:03.362,0,10,10,0.00,0.0000,0.0000,42.3124,52.7375,0.0000,-0.5280,0.0720,62.6284
2026-04-29 20:35:03.862,0,10,10,0.00,0.0001,0.0001,42.3124,52.7375,0.0000,-0.5280,0.0720,62.6284
2026-04-29 20:35:04.362,0,10,10,0.00,-0.0001,0.0000,42.3124,52.7375,0.0000,-0.5280,0.0720,62.6284
2026-04-29 20:35:04.862,0,10,10,0.00,-0.0001,0.0003,42.3124,52.7375,0.0000,-0.5280,0.0720,62.6284
2026-04-29 20:35:05.362,0,10,10,0.00,0.0000,0.0000,42.3124,52.7375,0.0000,-0.5280,0.0720,62.6284
2026-04-29 20:35:05.862,0,10,10,0.00,0.0001,-0.0001,42.3124,52.7375,0.0000,-0.5280,0.0720,62.6284
2026-04-29 20:35:06.362,0,10,10,0.00,0.0001,-0.0004,42.3124,52.7375,0.0000,-0.5280,0.0720,62.6284
2026-04-29 20:35:06.862,0,10,10,0.00,-0.0003,0.0000,42.3124,52.7375,0.0000,-0.5280,0.0720,62.6284
2026-04-29 20:35:07.362,0,10,10,0.00,-0.0003,-0.0005,42.3124,52.7375,0.0000,-0.5280,0.0720,62.6284
2026-04-29 20:35:07.862,0,10,10,0.00,0.0000,0.0000,42.3124,52.7375,0.0000,-0.5280,0.0720,62.6284
2026-04-29 20:35:08.362,0,10,10,0.00,0.0000,0.0000,42.3124,52.7375,0.0000,-0.5280,0.0720,62.6284
2026-04-29 20:35:08.862,0,10,10,0.00,0.0000,0.0000,42.3124,52.7375,0.0000,-0.5280,0.0720,62.6284
2026-04-29 20:35:09.362,0,10,10,0.00,-0.0001,0.0000,42.3124,52.7375,0.0000,-0.5280,0.0720,62.6284
2026-04-29 20:35:09.862,0,10,10,0.00,-0.0001,0.0001,42.3124,52.7375,0.0000,-0.5280,0.0720,62.3208
2026-04-29 20:35:10.362,0,10,10,0.00,0.0000,-0.0003,42.3124,52.7375,0.0000,-0.5280,0.0720,62.3208
2026-04-29 20:35:10.862,0,10,10,0.00,0.0000,0.0003,42.3124,52.7375,0.0000,-0.5280,0.0720,62.3208
2026-04-29 20:35:11.362,0,10,10,0.00,0.0000,-0.0003,42.3124,52.7375,0.0000,-0.5280,0.0720,62.3208
2026-04-29 20:35:11.862,0,10,10,0.00,0.0000,0.0001,42.3124,52.7375,0.0000,-0.5280,0.0720,62.3208
2026-04-29 20:35:12.362,0,10,10,0.00,-0.0001,0.0000,42.3124,52.7375,0.0000,-0.5280,0.0720,62.3208
2026-04-29 20:35:12.863,0,10,10,0.00,0.0000,0.0000,42.3124,52.7375,0.0000,-0.5280,0.0720,62.3208
2026-04-29 20:35:13.362,0,10,10,0.00,0.0000,0.0000,42.3124,52.7375,0.0000,-0.5280,0.0720,62.3208
2026-04-29 20:35:13.862,0,10,10,0.00,0.0000,0.0000,42.3124,52.7375,0.0000,-0.5280,0.0720,62.3208
2026-04-29 20:35:14.362,0,10,10,0.00,0.0000,0.0000,42.3124,52.7375,0.0000,-0.5280,0.0720,62.3208
2026-04-29 20:35:14.862,0,10,10,0.00,-0.0001,0.0004,42.3124,52.7375,0.0000,-0.5280,0.0720,62.3208
2026-04-29 20:35:15.362,0,10,10,0.00,0.0000,0.0000,42.3124,52.7375,0.0000,-0.5280,0.0720,62.3208
2026-04-29 20:35:15.862,0,10,10,0.00,0.0000,0.0001,42.3124,52.7375,0.0000,-0.5280,0.0720,62.3208
2026-04-29 20:35:16.362,0,10,10,0.00,0.0000,-0.0001,42.3124,52.7375,0.0000,-0.5280,0.0720,62.3208
2026-04-29 20:35:16.862,0,10,10,0.00,0.0001,0.0000,42.3124,52.7375,0.0000,-0.5280,0.0720,62.3208
2026-04-29 20:35:17.362,0,10,10,0.00,0.0000,0.0003,42.3124,52.7375,0.0000,-0.5280,0.0720,62.3208
2026-04-29 20:35:17.862,0,10,10,0.00,0.0000,0.0000,42.3124,52.7375,0.0000,-0.5280,0.0720,62.3208
2026-04-29 20:35:18.362,0,10,10,0.00,0.0000,0.0000,42.3124,52.7375,0.0000,-0.5280,0.0720,62.3208
2026-04-29 20:35:18.862,0,10,10,0.00,-0.0001,0.0001,42.3124,52.7375,0.0000,-0.5280,0.0720,62.3208
2026-04-29 20:35:19.362,0,10,10,0.00,-0.0001,0.0000,42.3124,52.7375,0.0000,-0.5280,0.0720,62.3208
2026-04-29 20:35:19.862,0,10,10,0.00,-0.0001,0.0001,42.3124,52.7375,0.0000,-0.5280,0.0720,62.3208
2026-04-29 20:35:20.362,0,10,10,0.00,-0.0001,-0.0001,42.3124,52.7375,0.0000,-0.5280,0.0720,62.3208
2026-04-29 20:35:20.862,0,10,10,0.00,0.0000,0.0001,42.3124,52.7375,0.0000,-0.5280,0.0720,62.3208
2026-04-29 20:35:21.362,0,10,10,0.00,-0.0004,0.0000,42.3124,52.7375,0.0000,-0.5280,0.0720,62.3208
2026-04-29 20:35:21.862,0,10,10,0.00,0.0003,0.0000,42.3124,52.7375,0.0000,-0.5280,0.0720,62.3208
2026-04-29 20:35:22.362,0,10,10,0.00,0.0000,0.0000,42.3124,52.7375,0.0000,-0.5280,0.0720,62.3208
2026-04-29 20:35:22.862,0,10,10,0.00,0.0003,0.0000,42.3124,52.7375,0.0000,-0.5280,0.0720,62.3208
2026-04-29 20:35:23.362,0,10,10,0.00,0.0000,-0.0003,42.3124,52.7375,0.0000,-0.5280,0.0720,62.3208
2026-04-29 20:35:23.862,0,10,10,0.00,-0.0001,0.0000,42.3124,52.7375,0.0000,-0.5280,0.0720,62.3208
2026-04-29 20:35:24.362,0,10,10,0.00,0.0000,0.0000,42.3124,52.7375,0.0000,-0.5280,0.0720,62.3208
2026-04-29 20:35:24.862,0,10,10,0.00,0.0001,0.0000,42.3124,52.7375,0.0000,-0.5280,0.0720,62.3208
2026-04-29 20:35:25.362,0,10,10,0.00,0.0003,0.0000,42.3124,52.7375,0.0000,-0.5280,0.0720,62.3208
2026-04-29 20:35:25.862,0,10,10,0.00,0.0000,0.0000,42.3124,52.7375,0.0000,-0.5280,0.0720,62.3208
2026-04-29 20:35:26.362,0,10,10,0.00,0.0003,0.0000,42.3124,52.7375,0.0000,-0.5280,0.0720,62.3208
2026-04-29 20:35:26.862,0,10,10,0.00,0.0000,0.0000,42.3124,52.7375,0.0000,-0.5280,0.0720,62.3208
2026-04-29 20:35:27.362,0,10,10,0.00,-0.0001,0.0000,42.3124,52.7375,0.0000,-0.5280,0.0720,62.3208
2026-04-29 20:35:27.862,0,10,10,0.00,-0.0001,0.0000,42.3124,52.7375,0.0000,-0.5280,0.0720,62.3208
2026-04-29 20:35:28.362,0,10,10,0.00,0.0000,0.0000,42.3124,52.7375,0.0000,-0.5280,0.0720,62.3208
2026-04-29 20:35:28.862,0,10,10,0.00,0.0000,-0.0001,42.3124,52.7375,0.0000,-0.5280,0.0720,62.3208
2026-04-29 20:35:29.362,0,10,10,0.00,-0.0001,0.0000,42.3124,52.7375,0.0000,-0.5280,0.0720,62.3208
2026-04-29 20:35:29.862,0,10,10,0.00,0.0003,0.0000,42.3124,52.7375,0.0000,-0.5280,0.0720,62.3208
2026-04-29 20:35:30.362,0,10,10,0.00,-0.0001,0.0003,42.3124,52.7375,0.0000,-0.5280,0.0720,62.3208
2026-04-29 20:35:30.862,0,10,10,0.00,0.0001,-0.0001,42.3124,52.7375,0.0000,-0.5280,0.0720,62.3208
2026-04-29 20:35:31.362,0,10,10,0.00,0.0000,0.0003,42.3124,52.7375,0.0000,-0.5280,0.0720,62.3208
2026-04-29 20:35:31.862,0,10,10,0.00,0.0003,0.0000,42.3124,52.7375,0.0000,-0.5280,0.0720,62.3208
2026-04-29 20:35:32.362,0,10,10,0.00,0.0001,0.0000,42.3124,52.7375,0.0000,-0.5280,0.0720,62.3208
2026-04-29 20:35:32.862,0,10,10,0.00,-0.0001,0.0000,42.3124,52.7375,0.0000,-0.5280,0.0720,62.3208
2026-04-29 20:35:33.362,0,10,10,0.00,0.0003,0.0000,42.3124,52.7375,0.0000,-0.5280,0.0720,62.3208
2026-04-29 20:35:33.862,0,10,10,0.00,-0.0001,0.0000,42.3124,52.7375,0.0000,-0.5280,0.0720,62.3208
2026-04-29 20:35:34.362,0,10,10,0.00,0.0000,-0.0001,42.3124,52.7375,0.0000,-0.5280,0.0720,62.3208
2026-04-29 20:35:34.862,0,10,10,0.00,-0.0001,-0.0003,42.3124,52.7375,0.0000,-0.5280,0.0720,62.3208
2026-04-29 20:35:35.362,0,10,10,0.00,0.0000,-0.0001,42.3124,52.7375,0.0000,-0.5280,0.0720,62.3208
2026-04-29 20:35:35.862,0,10,10,0.00,-0.0001,0.0000,42.3124,52.7375,0.0000,-0.5280,0.0720,62.3208
2026-04-29 20:35:36.362,0,10,10,0.00,-0.0001,0.0000,42.3124,52.7375,0.0000,-0.5280,0.0720,62.3208
2026-04-29 20:35:36.862,0,10,10,0.00,-0.0001,-0.0001,42.3124,52.7375,0.0000,-0.5280,0.0720,62.3208
2026-04-29 20:35:37.362,0,10,10,0.00,0.0000,-0.0001,42.3124,52.7375,0.0000,-0.5280,0.0720,62.3208
2026-04-29 20:35:37.862,0,10,10,0.00,0.0000,0.0000,42.3124,52.7375,0.0000,-0.5280,0.0720,62.3208
2026-04-29 20:35:38.362,0,10,10,0.00,0.0001,0.0000,42.3124,52.7375,0.0000,-0.5280,0.0720,62.3208
2026-04-29 20:35:38.862,0,10,10,0.00,0.0001,-0.0001,42.3124,52.7375,0.0000,-0.5280,0.0720,62.3208
2026-04-29 20:35:39.362,0,10,10,0.00,-0.0004,0.0000,42.3124,52.7375,0.0000,-0.5280,0.0720,62.3208
2026-04-29 20:35:39.862,0,10,10,0.00,0.0001,0.0000,42.3124,52.7375,0.0000,-0.5280,0.0720,62.3208
2026-04-29 20:35:40.362,0,10,10,0.00,-0.0001,0.0000,42.3124,52.7375,0.0000,-0.5280,0.0720,62.3208
2026-04-29 20:35:40.862,0,10,10,0.00,0.0000,-0.0001,42.3124,52.7375,0.0000,-0.5280,0.0720,62.3208
2026-04-29 20:35:41.362,0,10,10,0.00,0.0000,-0.0003,42.3124,52.7375,0.0000,-0.5280,0.0720,62.3208
2026-04-29 20:35:41.862,0,10,10,0.00,0.0000,-0.0001,42.3124,52.7375,0.0000,-0.5280,0.0720,62.3208
2026-04-29 20:35:42.362,0,10,10,0.00,0.0003,0.0003,42.3124,52.7375,0.0000,-0.5280,0.0720,62.3208
2026-04-29 20:35:42.862,0,10,10,0.00,0.0001,0.0000,42.3124,52.7375,0.0000,-0.5280,0.0720,62.3208
2026-04-29 20:35:43.362,0,10,10,0.00,0.0001,0.0000,42.3124,52.7375,0.0000,-0.5280,0.0720,62.3208
2026-04-29 20:35:43.862,0,10,10,0.00,0.0000,0.0003,42.3124,52.7375,0.0000,-0.5280,0.0720,62.3208
2026-04-29 20:35:44.362,0,10,10,0.00,-0.0001,0.0005,42.3124,52.7375,0.0000,-0.5280,0.0720,62.3208
2026-04-29 20:35:44.862,0,10,10,0.00,0.0001,-0.0001,42.3124,52.7375,0.0000,-0.5280,0.0720,62.3208
2026-04-29 20:35:45.362,0,10,10,0.00,-0.0003,0.0000,42.3124,52.7375,0.0000,-0.5280,0.0720,62.3208
2026-04-29 20:35:45.862,0,10,10,0.00,-0.0001,0.0000,42.3124,52.7375,0.0000,-0.5280,0.0720,62.3208
2026-04-29 20:35:46.362,0,10,10,0.00,0.0003,0.0000,42.3124,52.7375,0.0000,-0.5280,0.0720,62.3208
2026-04-29 20:35:46.862,0,10,10,0.00,-0.0001,0.0000,42.3124,52.7375,0.0000,-0.5280,0.0720,62.3208
2026-04-29 20:35:47.362,0,10,10,0.00,-0.0001,0.0000,42.3124,52.7375,0.0000,-0.5280,0.0720,62.3208
2026-04-29 20:35:47.862,0,10,10,0.00,0.0003,0.0000,42.3124,52.7375,0.0000,-0.5280,0.0720,62.3208
2026-04-29 20:35:48.362,0,10,10,0.00,0.0005,0.0004,42.3124,52.7375,0.0000,-0.5280,0.0720,62.3208
2026-04-29 20:35:48.862,0,10,10,0.00,0.0000,0.0001,42.3124,52.7375,0.0000,-0.5280,0.0720,62.3208
2026-04-29 20:35:49.362,0,10,10,0.00,-0.0001,0.0000,42.3124,52.7375,0.0000,-0.5280,0.0720,62.3208
2026-04-29 20:35:49.862,0,10,10,0.00,0.0000,-0.0003,42.3124,52.7375,0.0000,-0.5280,0.0720,62.3208
2026-04-29 20:35:50.362,0,10,10,0.00,-0.0001,0.0001,42.3124,52.7375,0.0000,-0.5280,0.0720,62.3208
2026-04-29 20:35:50.862,0,10,10,0.00,-0.0001,0.0000,42.3124,52.7375,0.0000,-0.5280,0.0720,62.3208
2026-04-29 20:35:51.362,0,10,10,0.00,0.0000,0.0001,42.3124,52.7375,0.0000,-0.5280,0.0720,62.3208
2026-04-29 20:35:51.862,0,10,10,0.00,0.0003,0.0000,42.3124,52.7375,0.0000,-0.5280,0.0720,62.3208
2026-04-29 20:35:52.362,0,10,10,0.00,0.0001,0.0000,42.3124,52.7375,0.0000,-0.5280,0.0720,62.3208
2026-04-29 20:35:52.862,0,10,10,0.00,0.0000,0.0001,42.3124,52.7375,0.0000,-0.5280,0.0720,62.3208
2026-04-29 20:35:53.362,0,10,10,0.00,0.0001,0.0000,42.3124,52.7375,0.0000,-0.5280,0.0720,62.3208
2026-04-29 20:35:53.862,0,10,10,0.00,0.0001,0.0000,42.3124,52.7375,0.0000,-0.5280,0.0720,62.3208
2026-04-29 20:35:54.362,0,10,10,0.00,-0.0001,0.0000,42.3124,52.7375,0.0000,-0.5280,0.0720,62.3208
2026-04-29 20:35:54.862,0,10,10,0.00,0.0000,0.0000,42.3124,52.7375,0.0000,-0.5280,0.0720,62.3208
2026-04-29 20:35:55.362,0,10,10,0.00,-0.0001,-0.0003,42.3124,52.7375,0.0000,-0.5280,0.0720,62.3208
2026-04-29 20:35:55.862,0,10,10,0.00,0.0000,0.0000,42.3124,52.7375,0.0000,-0.5280,0.0720,62.3208
2026-04-29 20:35:56.362,0,10,10,0.00,0.0003,0.0000,42.3124,52.7375,0.0000,-0.5280,0.0720,62.3208
2026-04-29 20:35:56.862,0,10,10,0.00,0.0001,0.0000,42.3124,52.7375,0.0000,-0.5280,0.0720,62.3198
2026-04-29 20:35:57.362,0,10,10,0.00,0.0000,-0.0001,42.3124,52.7375,0.0000,-0.5280,0.0720,62.3198
2026-04-29 20:35:57.862,0,10,10,0.00,-0.0001,0.0000,42.3124,52.7375,0.0000,-0.5280,0.0720,62.3198
2026-04-29 20:35:58.362,0,10,10,0.00,0.0003,0.0000,42.3124,52.7375,0.0000,-0.5280,0.0720,62.3198
2026-04-29 20:35:58.862,0,10,10,0.00,0.0001,0.0003,42.3124,52.7375,0.0000,-0.5280,0.0720,62.3198
2026-04-29 20:35:59.362,0,10,10,0.00,0.0000,0.0000,42.3124,52.7375,0.0000,-0.5280,0.0720,62.3198
2026-04-29 20:35:59.862,0,10,10,0.00,0.0003,0.0000,42.3124,52.7375,0.0000,-0.5280,0.0720,62.3198
2026-04-29 20:36:00.362,0,10,10,0.00,0.0000,0.0004,42.3124,52.7375,0.0000,-0.5280,0.0720,62.3198
2026-04-29 20:36:00.862,0,10,10,0.00,0.0000,0.0000,42.3124,52.7375,0.0000,-0.5280,0.0720,62.3198
2026-04-29 20:36:01.362,0,10,10,0.00,0.0000,-0.0003,42.3124,52.7375,0.0000,-0.5280,0.0720,62.3198
2026-04-29 20:36:01.862,0,10,10,0.00,0.0000,0.0001,42.3124,52.7375,0.0000,-0.5280,0.0720,62.3198
2026-04-29 20:36:02.362,0,10,10,0.00,0.0000,0.0000,42.3124,52.7375,0.0000,-0.5280,0.0720,62.3198
2026-04-29 20:36:02.862,0,10,10,0.00,0.0001,0.0000,42.3124,52.7375,0.0000,-0.5280,0.0720,62.3198
2026-04-29 20:36:03.362,0,10,10,0.00,0.0003,0.0000,42.3124,52.7375,0.0000,-0.5280,0.0720,62.3198
2026-04-29 20:36:03.862,0,10,10,0.00,0.0000,0.0001,42.3124,52.7375,0.0000,-0.5280,0.0720,62.3198
2026-04-29 20:36:04.362,0,10,10,0.00,0.0000,0.0003,42.3124,52.7375,0.0000,-0.5280,0.0720,62.3198
2026-04-29 20:36:04.862,0,10,10,0.00,0.0000,-0.0003,42.3124,52.7375,0.0000,-0.5280,0.0720,62.3198
2026-04-29 20:36:05.362,0,10,10,0.00,0.0000,0.0000,42.3124,52.7375,0.0000,-0.5280,0.0720,62.3198
2026-04-29 20:36:05.862,0,10,10,0.00,0.0000,0.0001,42.3124,52.7375,0.0000,-0.5280,0.0720,62.3198
2026-04-29 20:36:06.362,0,10,10,0.00,0.0003,0.0000,42.3124,52.7375,0.0000,-0.5280,0.0720,62.3198
2026-04-29 20:36:06.862,0,10,10,0.00,-0.0001,0.0000,42.3124,52.7375,0.0000,-0.5280,0.0720,62.3198
2026-04-29 20:36:07.362,0,10,10,0.00,0.0000,0.0000,42.3124,52.7375,0.0000,-0.5280,0.0720,62.3198
2026-04-29 20:36:07.862,0,10,10,0.00,0.0000,0.0003,42.3124,52.7375,0.0000,-0.5280,0.0720,62.3198
2026-04-29 20:36:08.362,0,10,10,0.00,-0.0001,0.0001,42.3124,52.7375,0.0000,-0.5280,0.0720,62.3198
2026-04-29 20:36:08.862,0,10,10,0.00,0.0000,0.0003,42.3124,52.7375,0.0000,-0.5280,0.0720,62.3198
2026-04-29 20:36:09.362,0,10,10,0.00,0.0000,0.0000,42.3124,52.7375,0.0000,-0.5280,0.0720,62.3198
2026-04-29 20:36:09.862,0,10,10,0.00,0.0000,0.0001,42.3124,52.7375,0.0000,-0.5280,0.0720,62.3198
2026-04-29 20:36:10.362,0,10,10,0.00,0.0001,0.0000,42.3124,52.7375,0.0000,-0.5280,0.0720,62.3198
2026-04-29 20:36:10.862,0,10,10,0.00,0.0000,0.0000,42.3124,52.7375,0.0000,-0.5280,0.0720,62.3198
2026-04-29 20:36:11.362,0,10,10,0.00,-0.0003,0.0001,42.3124,52.7375,0.0000,-0.5280,0.0720,62.3198
2026-04-29 20:36:11.862,0,10,10,0.00,0.0001,-0.0001,42.3124,52.7375,0.0000,-0.5280,0.0720,62.3198
2026-04-29 20:36:12.362,0,10,10,0.00,0.0000,0.0000,42.3124,52.7375,0.0000,-0.5280,0.0720,62.3198
2026-04-29 20:36:12.862,0,10,10,0.00,0.0000,-0.0001,42.3124,52.7375,0.0000,-0.5280,0.0720,62.3198
2026-04-29 20:36:13.362,0,10,10,0.00,-0.0003,0.0000,42.3124,52.7375,0.0000,-0.5280,0.0720,62.3198
2026-04-29 20:36:13.862,0,10,10,0.00,0.0000,0.0000,42.3124,52.7375,0.0000,-0.5280,0.0720,62.3198
2026-04-29 20:36:14.362,0,10,10,0.00,-0.0001,-0.0001,42.3124,52.7375,0.0000,-0.5280,0.0720,62.3198
2026-04-29 20:36:14.862,0,10,10,0.00,0.0000,0.0000,42.3124,52.7375,0.0000,-0.5280,0.0720,62.3198
2026-04-29 20:36:15.362,0,10,10,0.00,0.0000,0.0000,42.3124,52.7375,0.0000,-0.5280,0.0720,62.3198
2026-04-29 20:36:15.862,0,10,10,0.00,0.0003,0.0001,42.3124,52.7375,0.0000,-0.5280,0.0720,62.3198
2026-04-29 20:36:16.362,0,10,10,0.00,0.0000,0.0000,42.3124,52.7375,0.0000,-0.5280,0.0720,62.3198
2026-04-29 20:36:16.862,0,10,10,0.00,0.0000,-0.0001,42.3124,52.7375,0.0000,-0.5280,0.0720,62.3198
2026-04-29 20:36:17.362,0,10,10,0.00,0.0000,0.0000,42.3124,52.7375,0.0000,-0.5280,0.0720,62.3198
2026-04-29 20:36:17.862,0,10,10,0.00,0.0001,0.0000,42.3124,52.7375,0.0000,-0.5280,0.0720,62.3198
2026-04-29 20:36:18.362,0,10,10,0.00,-0.0001,0.0000,42.3124,52.7375,0.0000,-0.5280,0.0720,62.3198
2026-04-29 20:36:18.862,0,10,10,0.00,0.0000,0.0003,42.3124,52.7375,0.0000,-0.5280,0.0720,62.3198
2026-04-29 20:36:19.362,0,10,10,0.00,0.0000,0.0000,42.3124,52.7375,0.0000,-0.5280,0.0720,62.3198
2026-04-29 20:36:19.862,0,10,10,0.00,0.0000,0.0001,42.3124,52.7375,0.0000,-0.5280,0.0720,62.3198
2026-04-29 20:36:20.362,0,10,10,0.00,0.0000,0.0000,42.3124,52.7375,0.0000,-0.5280,0.0720,62.3198
2026-04-29 20:36:20.862,0,10,10,0.00,0.0000,0.0001,42.3124,52.7375,0.0000,-0.5280,0.0720,62.3198
2026-04-29 20:36:21.362,0,10,10,0.00,-0.0001,0.0000,42.3124,52.7375,0.0000,-0.5280,0.0720,62.3198
2026-04-29 20:36:21.862,0,10,10,0.00,0.0000,0.0000,42.3124,52.7375,0.0000,-0.5280,0.0720,62.3198
2026-04-29 20:36:22.362,0,10,10,0.00,0.0003,0.0000,42.3124,52.7375,0.0000,-0.5280,0.0720,62.3198
2026-04-29 20:36:22.862,0,10,10,0.00,0.0000,0.0001,42.3124,52.7375,0.0000,-0.5280,0.0720,62.3198
2026-04-29 20:36:23.362,0,10,10,0.00,0.0000,-0.0003,42.3124,52.7375,0.0000,-0.5280,0.0720,62.3198
2026-04-29 20:36:23.862,0,10,10,0.00,0.0001,0.0000,42.3124,52.7375,0.0000,-0.5280,0.0720,62.3198
2026-04-29 20:36:24.362,0,10,10,0.00,-0.0001,0.0003,42.3124,52.7375,0.0000,-0.5280,0.0720,62.3198
2026-04-29 20:36:24.862,0,10,10,0.00,0.0000,0.0001,42.3124,52.7375,0.0000,-0.5280,0.0720,62.3198
2026-04-29 20:36:25.362,0,10,10,0.00,0.0001,0.0000,42.3124,52.7375,0.0000,-0.5280,0.0720,62.3198
2026-04-29 20:36:25.862,0,10,10,0.00,-0.0001,0.0000,42.3124,52.7375,0.0000,-0.5280,0.0720,62.3198
2026-04-29 20:36:26.362,0,10,10,0.00,-0.0001,-0.0003,42.3124,52.7375,0.0000,-0.5280,0.0720,62.3198
2026-04-29 20:36:26.862,0,10,10,0.00,-0.0001,-0.0001,42.3124,52.7375,0.0000,-0.5280,0.0720,62.3198
2026-04-29 20:36:27.362,0,10,10,0.00,0.0001,0.0000,42.3124,52.7375,0.0000,-0.5280,0.0720,62.3198
2026-04-29 20:36:27.862,0,10,10,0.00,-0.0001,0.0000,42.3124,52.7375,0.0000,-0.5280,0.0720,62.3198
2026-04-29 20:36:28.362,0,10,10,0.00,0.0000,0.0000,42.3124,52.7375,0.0000,-0.5280,0.0720,62.3198
2026-04-29 20:36:28.862,0,10,10,0.00,0.0000,-0.0001,42.3124,52.7375,0.0000,-0.5280,0.0720,62.3198
2026-04-29 20:36:29.362,0,10,10,0.00,0.0003,0.0001,42.3124,52.7375,0.0000,-0.5280,0.0720,62.3198
2026-04-29 20:36:29.862,0,10,10,0.00,0.0000,0.0000,42.3124,52.7375,0.0000,-0.5280,0.0720,62.3198
2026-04-29 20:36:30.362,0,10,10,0.00,0.0000,0.0000,42.3124,52.7375,0.0000,-0.5280,0.0720,62.3198
2026-04-29 20:36:30.862,0,10,10,0.00,0.0003,0.0000,42.3124,52.7375,0.0000,-0.5280,0.0720,62.3198
2026-04-29 20:36:31.362,0,10,10,0.00,0.0000,0.0000,42.3124,52.7375,0.0000,-0.5280,0.0720,62.3198
2026-04-29 20:36:31.862,0,10,10,0.00,-0.0003,-0.0001,42.3124,52.7375,0.0000,-0.5280,0.0720,62.3198
2026-04-29 20:36:32.362,0,10,10,0.00,0.0003,0.0000,42.3124,52.7375,0.0000,-0.5280,0.0720,62.3198
2026-04-29 20:36:32.862,0,10,10,0.00,-0.0001,0.0000,42.3124,52.7375,0.0000,-0.5280,0.0720,62.3198
2026-04-29 20:36:33.362,0,10,10,0.00,0.0000,0.0000,42.3124,52.7375,0.0000,-0.5280,0.0720,62.3198
2026-04-29 20:36:33.862,0,10,10,0.00,-0.0001,0.0000,42.3124,52.7375,0.0000,-0.5280,0.0720,62.3198
2026-04-29 20:36:34.362,0,10,10,0.00,0.0001,0.0000,42.3124,52.7375,0.0000,-0.5280,0.0720,62.3198
2026-04-29 20:36:34.862,0,10,10,0.00,-0.0001,0.0000,42.3124,52.7375,0.0000,-0.5280,0.0720,62.3198
2026-04-29 20:36:35.362,0,10,10,0.00,0.0000,0.0000,42.3124,52.7375,0.0000,-0.5280,0.0720,62.3198
2026-04-29 20:36:35.862,0,10,10,0.00,0.0003,0.0000,42.3124,52.7375,0.0000,-0.5280,0.0720,62.3198
2026-04-29 20:36:36.362,0,10,10,0.00,0.0000,0.0000,42.3124,52.7375,0.0000,-0.5280,0.0720,62.3198
2026-04-29 20:36:36.862,0,10,10,0.00,0.0000,0.0000,42.3124,52.7375,0.0000,-0.5280,0.0720,62.3198
2026-04-29 20:36:37.362,0,10,10,0.00,-0.0003,0.0000,42.3124,52.7375,0.0000,-0.5280,0.0720,62.3198
2026-04-29 20:36:37.862,0,10,10,0.00,0.0000,0.0000,42.3124,52.7375,0.0000,-0.5280,0.0720,62.3198
2026-04-29 20:36:38.362,0,10,10,0.00,-0.0001,0.0000,42.3124,52.7375,0.0000,-0.5280,0.0720,62.3198
2026-04-29 20:36:38.862,0,10,10,0.00,0.0000,0.0000,42.3124,52.7375,0.0000,-0.5280,0.0720,62.3198
2026-04-29 20:36:39.362,0,10,10,0.00,0.0000,0.0000,42.3124,52.7375,0.0000,-0.5280,0.0720,62.3198
2026-04-29 20:36:39.862,0,10,10,0.00,0.0000,0.0000,42.3124,52.7375,0.0000,-0.5280,0.0720,62.3198
2026-04-29 20:36:40.362,0,10,10,0.00,0.0000,0.0003,42.3124,52.7375,0.0000,-0.5280,0.0720,62.3198
2026-04-29 20:36:40.862,0,10,10,0.00,0.0000,0.0000,42.3124,52.7375,0.0000,-0.5280,0.0720,62.3198
2026-04-29 20:36:41.362,0,10,10,0.00,-0.0003,0.0000,42.3124,52.7375,0.0000,-0.5280,0.0720,62.3198
2026-04-29 20:36:41.862,0,10,10,0.00,0.0000,0.0000,42.3124,52.7375,0.0000,-0.5280,0.0720,62.3198
2026-04-29 20:36:42.362,0,10,10,0.00,0.0000,0.0001,42.3124,52.7375,0.0000,-0.5280,0.0720,62.3198
2026-04-29 20:36:42.862,0,10,10,0.00,-0.0001,0.0000,42.3124,52.7375,0.0000,-0.5280,0.0720,62.3198
2026-04-29 20:36:43.362,0,10,10,0.00,0.0003,0.0000,42.3124,52.7375,0.0000,-0.5280,0.0720,62.3198
2026-04-29 20:36:43.862,0,10,10,0.00,-0.0092,-0.0001,42.3134,52.7372,0.0000,-0.5280,0.0720,62.3198
2026-04-29 20:36:44.362,0,10,10,0.00,0.0060,0.0000,42.3133,52.7372,0.0000,-0.5280,0.0720,60.9619
2026-04-29 20:36:44.862,0,10,10,0.00,-0.0139,0.0001,42.3142,52.7369,0.0000,-0.5280,0.0720,60.9619
2026-04-29 20:36:45.362,0,10,10,0.00,-0.0139,0.0001,42.3175,52.7359,0.0000,-0.5280,0.0720,60.9619
2026-04-29 20:36:45.862,0,10,10,0.00,-0.0139,0.0001,42.3208,52.7348,0.0000,-0.5280,0.0720,60.9619
2026-04-29 20:36:46.362,0,10,10,0.00,-0.0139,0.0001,42.3241,52.7336,0.0000,-0.5280,0.0720,57.2614
2026-04-29 20:36:46.862,0,10,10,0.00,-0.0139,0.0001,42.3273,52.7325,0.0000,-0.5280,0.0720,55.9815
2026-04-29 20:36:47.362,0,10,10,0.00,-0.0139,0.0001,42.3306,52.7312,0.0000,-0.5280,0.0720,52.9066
2026-04-29 20:36:47.862,0,10,10,0.00,-0.0139,0.0001,42.3338,52.7300,0.0000,-0.5280,0.0720,54.4047
2026-04-29 20:36:48.362,0,10,10,0.00,-0.0139,0.0001,42.3370,52.7287,0.0000,-0.5280,0.0720,56.9426
2026-04-29 20:36:48.862,0,10,10,0.00,-0.0139,0.0001,42.3402,52.7274,0.0000,-0.5280,0.0720,58.4088
2026-04-29 20:36:49.362,0,10,10,0.00,-0.0139,0.0001,42.3434,52.7260,0.0000,-0.5280,0.0720,58.4088
2026-04-29 20:36:49.862,0,10,10,0.00,-0.0139,0.0001,42.3466,52.7246,0.0000,-0.5280,0.0720,58.4088
2026-04-29 20:36:50.362,0,10,10,0.00,-0.0139,0.0001,42.3497,52.7231,0.0000,-0.5280,0.0720,58.4088
2026-04-29 20:36:50.862,0,10,10,0.00,-0.0139,0.0001,42.3529,52.7216,0.0000,-0.5280,0.0720,58.4088
2026-04-29 20:36:51.362,0,10,10,0.00,-0.0139,0.0001,42.3560,52.7201,0.0000,-0.5280,0.0720,59.0288
2026-04-29 20:36:51.862,0,10,10,0.00,-0.0139,0.0001,42.3591,52.7185,0.0000,-0.5280,0.0720,59.0288
2026-04-29 20:36:52.362,0,10,10,0.00,-0.0139,0.0001,42.3621,52.7169,0.0000,-0.5280,0.0720,59.0288
2026-04-29 20:36:52.862,0,10,10,0.00,-0.0139,0.0001,42.3652,52.7153,0.0000,-0.5280,0.0720,59.0288
2026-04-29 20:36:53.362,0,10,10,0.00,-0.0139,0.0001,42.3682,52.7136,0.0000,-0.5280,0.0720,59.0288
2026-04-29 20:36:53.862,0,10,10,0.00,-0.0139,0.0001,42.3712,52.7119,0.0000,-0.5280,0.0720,59.0288
2026-04-29 20:36:54.362,0,10,10,0.00,-0.0139,0.0001,42.3742,52.7102,0.0000,-0.5280,0.0720,59.0298
2026-04-29 20:36:54.862,0,10,10,0.00,-0.0139,0.0001,42.3772,52.7084,0.0000,-0.5280,0.0720,59.0298
2026-04-29 20:36:55.362,0,10,10,0.00,-0.0139,0.0001,42.3801,52.7065,0.0000,-0.5280,0.0720,59.0298
2026-04-29 20:36:55.862,0,10,10,0.00,-0.0139,0.0001,42.3831,52.7047,0.0000,-0.5280,0.0720,59.0298
2026-04-29 20:36:56.362,0,10,10,0.00,-0.0139,0.0001,42.3860,52.7028,0.0000,-0.5280,0.0720,59.0298
2026-04-29 20:36:56.862,0,10,10,0.00,-0.0139,0.0001,42.3889,52.7009,0.0000,-0.5280,0.0720,59.0298
2026-04-29 20:36:57.362,0,10,10,0.00,-0.0139,0.0001,42.3917,52.6989,0.0000,-0.5280,0.0720,59.0432
2026-04-29 20:36:57.862,0,10,10,0.00,-0.0139,0.0001,42.3946,52.6969,0.0000,-0.5280,0.0720,59.0432
2026-04-29 20:36:58.362,0,10,10,0.00,-0.0139,0.0001,42.3974,52.6949,0.0000,-0.5280,0.0720,59.0432
2026-04-29 20:36:58.862,0,10,10,0.00,-0.0139,0.0001,42.4002,52.6928,0.0000,-0.5280,0.0720,59.0432
2026-04-29 20:36:59.362,0,10,10,0.00,-0.0139,0.0001,42.4029,52.6907,0.0000,-0.5280,0.0720,59.0432
2026-04-29 20:36:59.862,0,10,10,0.00,-0.0139,0.0001,42.4056,52.6886,0.0000,-0.5280,0.0720,59.0432
2026-04-29 20:37:00.362,0,10,10,0.00,-0.0139,0.0001,42.4083,52.6864,0.0000,-0.5280,0.0720,59.0432
2026-04-29 20:37:00.862,0,10,10,0.00,-0.0139,0.0001,42.4110,52.6842,0.0000,-0.5280,0.0720,58.2004
2026-04-29 20:37:01.362,0,10,10,0.00,-0.0139,0.0001,42.4137,52.6819,0.0000,-0.5280,0.0720,58.2004
2026-04-29 20:37:01.862,0,10,10,0.00,-0.0139,0.0001,42.4163,52.6797,0.0000,-0.5280,0.0720,58.2004
2026-04-29 20:37:02.362,0,10,10,0.00,-0.0139,0.0001,42.4189,52.6774,0.0000,-0.5280,0.0720,58.2004
2026-04-29 20:37:02.862,0,10,10,0.00,-0.0139,0.0001,42.4215,52.6751,0.0000,-0.5280,0.0720,58.2004
2026-04-29 20:37:03.362,0,10,10,0.00,-0.0139,0.0001,42.4240,52.6727,0.0000,-0.5280,0.0720,58.2004
2026-04-29 20:37:03.862,0,10,10,0.00,-0.0139,0.0001,42.4265,52.6703,0.0000,-0.5280,0.0720,58.0979
2026-04-29 20:37:04.362,0,10,10,0.00,-0.0139,0.0001,42.4290,52.6679,0.0000,-0.5280,0.0720,58.0979
2026-04-29 20:37:04.862,0,10,10,0.00,-0.0139,0.0001,42.4315,52.6654,0.0000,-0.5280,0.0720,58.0979
2026-04-29 20:37:05.362,0,10,10,0.00,-0.0139,0.0001,42.4339,52.6630,0.0000,-0.5280,0.0720,58.0979
2026-04-29 20:37:05.862,0,10,10,0.00,-0.0139,0.0001,42.4363,52.6604,0.0000,-0.5280,0.0720,58.0979
2026-04-29 20:37:06.362,0,10,10,0.00,-0.0139,0.0001,42.4386,52.6579,0.0000,-0.5280,0.0720,58.0979
2026-04-29 20:37:06.862,0,10,10,0.00,-0.0139,0.0001,42.4410,52.6553,0.0000,-0.5280,0.0720,58.0979
2026-04-29 20:37:07.362,0,10,10,0.00,-0.0139,0.0001,42.4433,52.6527,0.0000,-0.5280,0.0720,58.0660
2026-04-29 20:37:07.862,0,10,10,0.00,-0.0139,0.0001,42.4455,52.6501,0.0000,-0.5280,0.0720,58.0660
2026-04-29 20:37:08.362,0,10,10,0.00,-0.0139,0.0001,42.4478,52.6475,0.0000,-0.5280,0.0720,58.0660
2026-04-29 20:37:08.862,0,10,10,0.00,-0.0139,0.0001,42.4500,52.6448,0.0000,-0.5280,0.0720,58.0660
2026-04-29 20:37:09.362,0,10,10,0.00,-0.0139,0.0001,42.4521,52.6421,0.0000,-0.5280,0.0720,58.0660
2026-04-29 20:37:09.862,0,10,10,0.00,-0.0139,0.0001,42.4543,52.6393,0.0000,-0.5280,0.0720,58.0660
2026-04-29 20:37:10.362,0,10,10,0.00,-0.0139,0.0001,42.4564,52.6366,0.0000,-0.5280,0.0720,58.0709
2026-04-29 20:37:10.862,0,10,10,0.00,-0.0139,0.0001,42.4585,52.6338,0.0000,-0.5280,0.0720,58.0709
2026-04-29 20:37:11.362,0,10,10,0.00,-0.0139,0.0001,42.4605,52.6310,0.0000,-0.5280,0.0720,58.0709
2026-04-29 20:37:11.862,0,10,10,0.00,-0.0139,0.0001,42.4625,52.6282,0.0000,-0.5280,0.0720,58.0709
2026-04-29 20:37:12.362,0,10,10,0.00,-0.0139,0.0001,42.4645,52.6253,0.0000,-0.5280,0.0720,58.0709
2026-04-29 20:37:12.862,0,10,10,0.00,-0.0139,0.0001,42.4664,52.6224,0.0000,-0.5280,0.0720,58.0709
2026-04-29 20:37:13.362,0,10,10,0.00,-0.0139,0.0001,42.4683,52.6195,0.0000,-0.5280,0.0720,58.0709
2026-04-29 20:37:13.862,0,10,10,0.00,-0.0139,0.0001,42.4701,52.6166,0.0000,-0.5280,0.0720,58.1002
2026-04-29 20:37:14.362,0,10,10,0.00,-0.0139,0.0001,42.4720,52.6136,0.0000,-0.5280,0.0720,58.1002
2026-04-29 20:37:14.862,0,10,10,0.00,-0.0139,0.0001,42.4738,52.6107,0.0000,-0.5280,0.0720,58.1002
2026-04-29 20:37:15.362,0,10,10,0.00,-0.0139,0.0001,42.4755,52.6077,0.0000,-0.5280,0.0720,58.1002
2026-04-29 20:37:15.862,0,10,10,0.00,-0.0139,0.0001,42.4772,52.6047,0.0000,-0.5280,0.0720,58.1002
2026-04-29 20:37:16.362,0,10,10,0.00,-0.0139,0.0001,42.4789,52.6016,0.0000,-0.5280,0.0720,58.1002
2026-04-29 20:37:16.862,0,10,10,0.00,-0.0139,0.0001,42.4806,52.5986,0.0000,-0.5280,0.0720,58.1278
2026-04-29 20:37:17.362,0,10,10,0.00,-0.0139,0.0001,42.4822,52.5955,0.0000,-0.5280,0.0720,58.1278
2026-04-29 20:37:17.862,0,10,10,0.00,-0.0139,0.0001,42.4837,52.5924,0.0000,-0.5280,0.0720,58.1278
2026-04-29 20:37:18.362,0,10,10,0.00,-0.0139,0.0001,42.4853,52.5893,0.0000,-0.5280,0.0720,58.1278
2026-04-29 20:37:18.862,0,10,10,0.00,-0.0139,0.0001,42.4868,52.5862,0.0000,-0.5280,0.0720,58.1278
2026-04-29 20:37:19.362,0,10,10,0.00,-0.0139,0.0001,42.4882,52.5830,0.0000,-0.5280,0.0720,58.1278
2026-04-29 20:37:19.862,0,10,10,0.00,-0.0139,0.0001,42.4896,52.5799,0.0000,-0.5280,0.0720,58.1278
2026-04-29 20:37:20.362,0,10,10,0.00,-0.0139,0.0001,42.4910,52.5767,0.0000,-0.5280,0.0720,58.1341
2026-04-29 20:37:20.862,0,10,10,0.00,-0.0139,0.0001,42.4924,52.5735,0.0000,-0.5280,0.0720,58.1341
2026-04-29 20:37:21.362,0,10,10,0.00,-0.0139,0.0001,42.4937,52.5703,0.0000,-0.5280,0.0720,58.1341
2026-04-29 20:37:21.862,0,10,10,0.00,-0.0139,0.0001,42.4949,52.5670,0.0000,-0.5280,0.0720,58.1341
2026-04-29 20:37:22.362,0,10,10,0.00,-0.0139,0.0001,42.4961,52.5638,0.0000,-0.5280,0.0720,58.1341
2026-04-29 20:37:22.862,0,10,10,0.00,-0.0139,0.0001,42.4973,52.5605,0.0000,-0.5280,0.0720,58.1341
2026-04-29 20:37:23.362,0,10,10,0.00,-0.0139,0.0001,42.4985,52.5572,0.0000,-0.5280,0.0720,58.0730
2026-04-29 20:37:23.862,0,10,10,0.00,-0.0139,0.0001,42.4996,52.5540,0.0000,-0.5280,0.0720,58.0730
2026-04-29 20:37:24.362,0,10,10,0.00,-0.0139,0.0001,42.5006,52.5507,0.0000,-0.5280,0.0720,58.0730
2026-04-29 20:37:24.862,0,10,10,0.00,-0.0139,0.0001,42.5016,52.5473,0.0000,-0.5280,0.0720,58.0730
2026-04-29 20:37:25.362,0,10,10,0.00,-0.0139,0.0001,42.5026,52.5440,0.0000,-0.5280,0.0720,58.0730
2026-04-29 20:37:25.862,0,10,10,0.00,-0.0139,0.0001,42.5036,52.5407,0.0000,-0.5280,0.0720,58.0730
2026-04-29 20:37:26.362,0,10,10,0.00,-0.0139,0.0001,42.5045,52.5373,0.0000,-0.5280,0.0720,58.0556
2026-04-29 20:37:26.862,0,10,10,0.00,-0.0139,0.0001,42.5053,52.5340,0.0000,-0.5280,0.0720,58.0556
2026-04-29 20:37:27.362,0,10,10,0.00,-0.0139,0.0001,42.5061,52.5306,0.0000,-0.5280,0.0720,58.0556
2026-04-29 20:37:27.862,0,10,10,0.00,-0.0139,0.0001,42.5069,52.5272,0.0000,-0.5280,0.0720,58.0556
2026-04-29 20:37:28.362,0,10,10,0.00,-0.0139,0.0001,42.5077,52.5238,0.0000,-0.5280,0.0720,58.0556
2026-04-29 20:37:28.862,0,10,10,0.00,-0.0139,0.0001,42.5084,52.5204,0.0000,-0.5280,0.0720,58.0556
2026-04-29 20:37:29.362,0,10,10,0.00,-0.0139,0.0001,42.5090,52.5170,0.0000,-0.5280,0.0720,58.0556
2026-04-29 20:37:29.862,0,10,10,0.00,-0.0139,0.0001,42.5096,52.5136,0.0000,-0.5280,0.0720,58.0779
2026-04-29 20:37:30.362,0,10,10,0.00,-0.0139,0.0001,42.5102,52.5102,0.0000,-0.5280,0.0720,58.0779
2026-04-29 20:37:30.862,0,10,10,0.00,-0.0139,0.0001,42.5107,52.5068,0.0000,-0.5280,0.0720,58.0779
2026-04-29 20:37:31.365,0,10,10,0.00,-0.0139,0.0001,42.5112,52.5033,0.0000,-0.5280,0.0720,58.0779
2026-04-29 20:37:31.862,0,10,10,0.00,-0.0139,0.0001,42.5117,52.4999,0.0000,-0.5280,0.0720,58.0779
2026-04-29 20:37:32.362,0,10,10,0.00,-0.0139,0.0001,42.5121,52.4964,0.0000,-0.5280,0.0720,58.0779
2026-04-29 20:37:32.862,0,10,10,0.00,-0.0139,0.0001,42.5124,52.4930,0.0000,-0.5280,0.0720,58.0487
2026-04-29 20:37:33.362,0,10,10,0.00,-0.0139,0.0001,42.5127,52.4895,0.0000,-0.5280,0.0720,58.0487
2026-04-29 20:37:33.862,0,10,10,0.00,-0.0139,0.0001,42.5130,52.4861,0.0000,-0.5280,0.0720,58.0487
2026-04-29 20:37:34.362,0,10,10,0.00,-0.0139,0.0001,42.5132,52.4826,0.0000,-0.5280,0.0720,58.0487
2026-04-29 20:37:34.862,0,10,10,0.00,-0.0139,0.0001,42.5134,52.4791,0.0000,-0.5280,0.0720,58.0487
2026-04-29 20:37:35.362,0,10,10,0.00,-0.0139,0.0001,42.5136,52.4757,0.0000,-0.5280,0.0720,58.0487
2026-04-29 20:37:35.862,0,10,10,0.00,-0.0139,0.0001,42.5137,52.4722,0.0000,-0.5280,0.0720,58.0487
2026-04-29 20:37:36.362,0,10,10,0.00,-0.0139,0.0001,42.5138,52.4687,0.0000,-0.5280,0.0720,58.0492
2026-04-29 20:37:36.862,0,10,10,0.00,-0.0139,0.0001,42.5138,52.4652,0.0000,-0.5280,0.0720,58.0492
2026-04-29 20:37:37.362,0,10,10,0.00,-0.0139,0.0001,42.5138,52.4618,0.0000,-0.5280,0.0720,58.0492
2026-04-29 20:37:37.862,0,10,10,0.00,-0.0139,0.0001,42.5137,52.4583,0.0000,-0.5280,0.0720,58.0492
2026-04-29 20:37:38.362,0,10,10,0.00,-0.0139,0.0001,42.5136,52.4548,0.0000,-0.5280,0.0720,58.0492
2026-04-29 20:37:38.862,0,10,10,0.00,-0.0139,0.0001,42.5135,52.4514,0.0000,-0.5280,0.0720,58.0492
2026-04-29 20:37:39.362,0,10,10,0.00,-0.0139,0.0001,42.5133,52.4479,0.0000,-0.5280,0.0720,58.1163
2026-04-29 20:37:39.863,0,10,10,0.00,-0.0139,0.0001,42.5130,52.4444,0.0000,-0.5280,0.0720,58.1163
2026-04-29 20:37:40.362,0,10,10,0.00,-0.0139,0.0001,42.5128,52.4410,0.0000,-0.5280,0.0720,58.1163
2026-04-29 20:37:40.862,0,10,10,0.00,-0.0139,0.0001,42.5125,52.4375,0.0000,-0.5280,0.0720,58.1163
2026-04-29 20:37:41.362,0,10,10,0.00,-0.0139,0.0001,42.5121,52.4341,0.0000,-0.5280,0.0720,58.1163
2026-04-29 20:37:41.862,0,10,10,0.00,-0.0139,0.0001,42.5117,52.4306,0.0000,-0.5280,0.0720,58.1163
2026-04-29 20:37:42.362,0,10,10,0.00,-0.0139,0.0001,42.5113,52.4272,0.0000,-0.5280,0.0720,58.1804
2026-04-29 20:37:42.862,0,10,10,0.00,-0.0139,0.0001,42.5108,52.4238,0.0000,-0.5280,0.0720,58.1804
2026-04-29 20:37:43.362,0,10,10,0.00,-0.0139,0.0001,42.5103,52.4203,0.0000,-0.5280,0.0720,58.1804
2026-04-29 20:37:43.862,0,10,10,0.00,-0.0139,0.0001,42.5097,52.4169,0.0000,-0.5280,0.0720,58.1804
2026-04-29 20:37:44.364,0,10,10,0.00,-0.0139,0.0001,42.5091,52.4135,0.0000,-0.5280,0.0720,58.1804
2026-04-29 20:37:44.862,0,10,10,0.00,-0.0139,0.0001,42.5084,52.4101,0.0000,-0.5280,0.0720,58.1804
2026-04-29 20:37:45.362,0,10,10,0.00,-0.0139,0.0001,42.5077,52.4067,0.0000,-0.5280,0.0720,58.1804
2026-04-29 20:37:45.862,0,10,10,0.00,-0.0139,0.0001,42.5070,52.4033,0.0000,-0.5280,0.0720,58.1122
2026-04-29 20:37:46.366,0,10,10,0.00,-0.0139,0.0001,42.5062,52.3999,0.0000,-0.5280,0.0720,58.1122
2026-04-29 20:37:46.863,0,10,10,0.00,-0.0139,0.0001,42.5054,52.3965,0.0000,-0.5280,0.0720,58.1122
2026-04-29 20:37:47.362,0,10,10,0.00,-0.0139,0.0001,42.5046,52.3932,0.0000,-0.5280,0.0720,58.1122
2026-04-29 20:37:47.862,0,10,10,0.00,-0.0139,0.0001,42.5037,52.3898,0.0000,-0.5280,0.0720,58.1122
2026-04-29 20:37:48.362,0,10,10,0.00,-0.0139,0.0001,42.5027,52.3865,0.0000,-0.5280,0.0720,58.1122
2026-04-29 20:37:48.862,0,10,10,0.00,-0.0139,0.0001,42.5018,52.3832,0.0000,-0.5280,0.0720,58.1122
2026-04-29 20:37:49.362,0,10,10,0.00,-0.0139,0.0001,42.5007,52.3798,0.0000,-0.5280,0.0720,58.1246
2026-04-29 20:37:49.862,0,10,10,0.00,-0.0139,0.0001,42.4997,52.3765,0.0000,-0.5280,0.0720,58.1246
2026-04-29 20:37:50.362,0,10,10,0.00,-0.0139,0.0001,42.4986,52.3732,0.0000,-0.5280,0.0720,58.1246
2026-04-29 20:37:50.862,0,10,10,0.00,-0.0139,0.0001,42.4974,52.3700,0.0000,-0.5280,0.0720,58.1246
2026-04-29 20:37:51.363,0,10,10,0.00,-0.0139,0.0001,42.4963,52.3667,0.0000,-0.5280,0.0720,58.1246
2026-04-29 20:37:51.862,0,10,10,0.00,-0.0139,0.0001,42.4951,52.3634,0.0000,-0.5280,0.0720,58.1246
2026-04-29 20:37:52.362,0,10,10,0.00,-0.0139,0.0001,42.4938,52.3602,0.0000,-0.5280,0.0720,58.1082
2026-04-29 20:37:52.862,0,10,10,0.00,-0.0139,0.0001,42.4925,52.3570,0.0000,-0.5280,0.0720,58.1082
2026-04-29 20:37:53.362,0,10,10,0.00,-0.0139,0.0001,42.4912,52.3538,0.0000,-0.5280,0.0720,58.1082
2026-04-29 20:37:53.862,0,10,10,0.00,-0.0139,0.0001,42.4898,52.3506,0.0000,-0.5280,0.0720,58.1082
2026-04-29 20:37:54.362,0,10,10,0.00,-0.0139,0.0001,42.4884,52.3474,0.0000,-0.5280,0.0720,58.1082
2026-04-29 20:37:54.862,0,10,10,0.00,-0.0139,0.0001,42.4869,52.3443,0.0000,-0.5280,0.0720,58.1082
2026-04-29 20:37:55.362,0,10,10,0.00,-0.0139,0.0001,42.4855,52.3412,0.0000,-0.5280,0.0720,58.1082
2026-04-29 20:37:55.862,0,10,10,0.00,-0.0139,0.0001,42.4839,52.3380,0.0000,-0.5280,0.0720,58.1722
2026-04-29 20:37:56.362,0,10,10,0.00,-0.0139,0.0001,42.4824,52.3349,0.0000,-0.5280,0.0720,58.1722
2026-04-29 20:37:56.862,0,10,10,0.00,-0.0139,0.0001,42.4808,52.3319,0.0000,-0.5280,0.0720,58.1722
2026-04-29 20:37:57.362,0,10,10,0.00,-0.0139,0.0001,42.4791,52.3288,0.0000,-0.5280,0.0720,58.1722
2026-04-29 20:37:57.862,0,10,10,0.00,-0.0139,0.0001,42.4775,52.3258,0.0000,-0.5280,0.0720,58.1722
2026-04-29 20:37:58.362,0,10,10,0.00,-0.0139,0.0001,42.4757,52.3228,0.0000,-0.5280,0.0720,58.1722
2026-04-29 20:37:58.862,0,10,10,0.00,-0.0139,0.0001,42.4740,52.3198,0.0000,-0.5280,0.0720,58.1830
2026-04-29 20:37:59.362,0,10,10,0.00,-0.0139,0.0001,42.4722,52.3168,0.0000,-0.5280,0.0720,58.1830
2026-04-29 20:37:59.862,0,10,10,0.00,-0.0139,0.0001,42.4704,52.3138,0.0000,-0.5280,0.0720,58.1830
2026-04-29 20:38:00.362,0,10,10,0.00,-0.0139,0.0001,42.4685,52.3109,0.0000,-0.5280,0.0720,58.1830
2026-04-29 20:38:00.862,0,10,10,0.00,-0.0139,0.0001,42.4666,52.3080,0.0000,-0.5280,0.0720,58.1830
2026-04-29 20:38:01.362,0,10,10,0.00,-0.0139,0.0001,42.4647,52.3051,0.0000,-0.5280,0.0720,58.1830
2026-04-29 20:38:01.862,0,10,10,0.00,-0.0139,0.0001,42.4627,52.3023,0.0000,-0.5280,0.0720,58.2270
2026-04-29 20:38:02.362,0,10,10,0.00,-0.0139,0.0001,42.4608,52.2994,0.0000,-0.5280,0.0720,58.2270
2026-04-29 20:38:02.862,0,10,10,0.00,-0.0139,0.0001,42.4587,52.2966,0.0000,-0.5280,0.0720,58.2270
2026-04-29 20:38:03.363,0,10,10,0.00,-0.0139,0.0001,42.4567,52.2938,0.0000,-0.5280,0.0720,58.2270
2026-04-29 20:38:03.862,0,10,10,0.00,-0.0139,0.0001,42.4546,52.2911,0.0000,-0.5280,0.0720,58.2270
2026-04-29 20:38:04.362,0,10,10,0.00,-0.0139,0.0001,42.4524,52.2883,0.0000,-0.5280,0.0720,58.2270
2026-04-29 20:38:04.862,0,10,10,0.00,-0.0139,0.0001,42.4503,52.2856,0.0000,-0.5280,0.0720,58.2270
2026-04-29 20:38:05.362,0,10,10,0.00,-0.0139,0.0001,42.4481,52.2829,0.0000,-0.5280,0.0720,58.2415
2026-04-29 20:38:05.862,0,10,10,0.00,-0.0139,0.0001,42.4458,52.2803,0.0000,-0.5280,0.0720,58.2415
2026-04-29 20:38:06.362,0,10,10,0.00,-0.0139,0.0001,42.4436,52.2777,0.0000,-0.5280,0.0720,58.2415
2026-04-29 20:38:06.862,0,10,10,0.00,-0.0139,0.0001,42.4413,52.2751,0.0000,-0.5280,0.0720,58.2415
