Timestamp,IMU_Packages_per_sec,Odom_Packages_per_sec,Send_Packages_per_sec,Yaw_Angle,Left_Velocity_mps,Right_Velocity_mps,x,y,quaternion_yaw,Left_Velocity_LOS,Right_Velocity_LOS,theta_yaw
2026-05-07 16:20:27.600,0,9,9,0.00,-0.0013,-0.0004,0.0006,-0.0000,0.0000,0.0000,0.0000,0.0000
2026-05-07 16:20:28.100,0,10,10,0.00,0.0153,-0.0086,-0.0006,0.0000,0.0000,0.0000,0.0000,0.0000
2026-05-07 16:20:28.600,0,10,10,0.00,0.0001,0.0000,-0.0030,0.0000,0.0000,0.0000,0.0000,0.0000
2026-05-07 16:20:29.100,0,10,10,0.00,-0.0003,-0.0039,-0.0054,0.0000,0.0000,-0.0000,0.0000,0.0000
2026-05-07 16:20:29.600,0,10,10,0.00,-0.0014,0.0000,-0.0062,0.0001,0.0000,-0.0000,0.0000,0.0000
2026-05-07 16:20:30.100,0,10,10,0.00,-0.0001,0.0292,-0.0009,-0.0000,0.0000,-0.0000,0.0000,0.0000
2026-05-07 16:20:30.600,0,10,10,0.00,0.0048,-0.0003,-0.0019,-0.0000,0.0000,-0.0000,0.0000,0.0000
2026-05-07 16:20:31.100,0,10,10,0.00,-0.0041,-0.0003,-0.0008,-0.0000,0.0000,-0.0000,0.0000,0.0000
2026-05-07 16:20:31.600,0,10,10,0.00,0.0025,-0.0058,-0.0072,0.0001,0.0000,-0.0000,0.0000,0.0000
2026-05-07 16:20:32.100,0,10,10,0.00,-0.0097,0.0335,-0.0055,0.0000,0.0000,-0.0000,0.0000,0.0000
2026-05-07 16:20:32.600,0,10,10,0.00,0.0000,0.0000,-0.0006,-0.0000,0.0000,-0.0000,0.0000,2.4035
2026-05-07 16:20:33.100,0,10,10,0.00,0.0000,-0.0001,-0.0006,-0.0000,0.0000,-0.0000,0.0000,2.4035
2026-05-07 16:20:33.600,0,10,10,0.00,0.0001,0.0001,-0.0006,-0.0000,0.0000,-0.0000,0.0000,2.4035
2026-05-07 16:20:34.100,0,10,10,0.00,-0.0003,-0.0001,-0.0006,-0.0000,0.0000,-0.0000,0.0000,2.4035
2026-05-07 16:20:34.600,0,10,10,0.00,0.0000,0.0000,-0.0006,-0.0000,0.0000,-0.0000,0.0000,2.4035
2026-05-07 16:20:35.100,0,10,10,0.00,-0.0003,-0.0004,-0.0006,-0.0000,0.0000,-0.0000,0.0000,2.4035
2026-05-07 16:20:35.600,0,10,10,0.00,0.0001,0.0000,-0.0006,-0.0000,0.0000,-0.0000,0.0000,2.4035
2026-05-07 16:20:36.100,0,10,10,0.00,0.0001,-0.0001,-0.0006,-0.0000,0.0000,-0.0000,0.0000,2.4035
2026-05-07 16:20:36.600,0,10,10,0.00,0.0000,0.0000,-0.0006,-0.0000,0.0000,-0.0000,0.0000,2.4035
2026-05-07 16:20:37.100,0,10,10,0.00,0.0003,0.0001,-0.0006,-0.0000,0.0000,-0.0000,0.0000,2.4035
2026-05-07 16:20:37.600,0,10,10,0.00,0.0000,0.0001,-0.0006,-0.0000,0.0000,-0.0000,0.0000,2.4035
2026-05-07 16:20:38.100,0,10,10,0.00,0.0001,0.0001,-0.0006,-0.0000,0.0000,-0.0000,0.0000,2.4035
2026-05-07 16:20:38.600,0,10,10,0.00,0.0000,-0.0001,-0.0006,-0.0000,0.0000,-0.0000,0.0000,2.4035
2026-05-07 16:20:39.100,0,10,10,0.00,0.0000,0.0000,-0.0006,-0.0000,0.0000,-0.0000,0.0000,2.4035
2026-05-07 16:20:39.600,0,10,10,0.00,0.0001,-0.0003,-0.0006,-0.0000,0.0000,-0.0000,0.0000,0.8115
2026-05-07 16:20:40.100,0,10,10,0.00,0.0000,0.0001,-0.0006,-0.0000,0.0000,-0.0000,0.0000,0.8115
2026-05-07 16:20:40.600,0,10,10,0.00,-0.0001,0.0000,-0.0006,-0.0000,0.0000,-0.0000,0.0000,0.8115
2026-05-07 16:20:41.100,0,10,10,0.00,0.0004,0.0000,-0.0006,-0.0000,0.0000,-0.0000,0.0000,0.8115
2026-05-07 16:20:41.600,0,10,10,0.00,0.0355,-0.0003,-0.0020,-0.0000,0.0000,-0.0000,0.0000,0.8115
2026-05-07 16:20:42.100,0,10,10,0.00,0.2008,-0.1473,-0.0507,-0.0014,0.0000,-0.0000,0.0000,1.7543
2026-05-07 16:20:42.600,0,10,10,0.00,0.3402,-0.3225,-0.1839,-0.0107,0.0000,-0.0000,0.0000,5.4721
2026-05-07 16:20:43.100,0,10,10,0.00,0.0258,-0.0378,-0.2757,-0.0178,0.0000,-0.0000,0.0000,4.2101
2026-05-07 16:20:43.600,0,10,10,0.00,0.0010,-0.1094,-0.2858,-0.0182,0.0000,-0.0000,0.0000,4.2101
2026-05-07 16:20:44.100,0,10,10,0.00,0.0000,-0.1444,-0.3319,-0.0156,0.0000,-0.0000,0.0000,-4.6135
2026-05-07 16:20:44.600,0,10,10,0.00,-0.0001,0.0010,-0.3404,-0.0143,0.0000,-0.0000,0.0000,-9.9006
2026-05-07 16:20:45.100,0,10,10,0.00,0.0000,0.0882,-0.3314,-0.0157,0.0000,-0.0000,0.0000,-9.9006
2026-05-07 16:20:45.600,0,10,10,0.00,-0.0899,0.2647,-0.2742,-0.0188,0.0000,-0.0000,0.0000,-1.7546
2026-05-07 16:20:46.100,0,10,10,0.00,-0.2453,0.3851,-0.1447,-0.0069,0.0000,-0.0000,0.0000,7.3470
2026-05-07 16:20:46.600,0,10,10,0.00,-0.1452,0.1169,-0.0179,0.0152,0.0000,-0.0000,0.0000,11.5879
2026-05-07 16:20:47.100,0,10,10,0.00,0.0003,-0.0052,-0.0118,0.0162,0.0000,-0.0000,0.0000,10.7447
2026-05-07 16:20:47.600,0,10,10,0.00,0.0003,-0.0325,-0.0167,0.0154,0.0000,-0.0000,0.0000,10.7447
2026-05-07 16:20:48.100,0,10,10,0.00,0.0000,-0.0332,-0.0359,0.0129,0.0000,-0.0000,0.0000,7.9599
2026-05-07 16:20:48.600,0,10,10,0.00,0.0000,0.0000,-0.0365,0.0129,0.0000,-0.0000,0.0000,6.1981
2026-05-07 16:20:49.100,0,10,10,0.00,0.0000,0.0000,-0.0375,0.0128,0.0000,-0.0000,0.0000,6.1981
2026-05-07 16:20:49.600,0,10,10,0.00,-0.0885,0.0140,-0.0286,0.0135,0.0000,-0.0000,0.0000,6.1981
2026-05-07 16:20:50.100,0,10,10,0.00,0.0000,0.0013,-0.0183,0.0141,0.0000,-0.0000,0.0000,3.4597
2026-05-07 16:20:50.600,0,10,10,0.00,0.0000,0.0000,-0.0191,0.0141,0.0000,-0.0000,0.0000,3.4597
2026-05-07 16:20:51.100,0,10,10,0.00,0.0000,-0.0003,-0.0174,0.0142,0.0000,-0.0000,0.0000,3.4597
2026-05-07 16:20:51.600,0,10,10,0.00,-0.0698,0.0000,-0.0130,0.0143,0.0000,-0.0000,0.0000,3.4597
2026-05-07 16:20:52.100,0,9,10,0.00,0.0004,0.0000,-0.0055,0.0145,0.0000,-0.0000,0.0000,0.3238
2026-05-07 16:20:52.600,0,10,10,0.00,0.0000,0.0003,-0.0055,0.0145,0.0000,-0.0000,0.0000,0.3238
2026-05-07 16:20:53.100,0,10,10,0.00,0.0010,0.0000,-0.0070,0.0145,0.0000,-0.0000,0.0000,0.3238
2026-05-07 16:20:53.600,0,10,10,0.00,0.0004,0.0072,-0.0052,0.0145,0.0000,-0.0000,0.0000,0.3238
2026-05-07 16:20:54.100,0,10,10,0.00,0.0000,-0.0001,-0.0046,0.0145,0.0000,-0.0000,0.0000,0.3238
2026-05-07 16:20:54.600,0,10,10,0.00,-0.0003,0.0003,-0.0046,0.0145,0.0000,-0.0000,0.0000,0.3238
2026-05-07 16:20:55.100,0,10,10,0.00,0.0000,0.0001,-0.0046,0.0145,0.0000,-0.0000,0.0000,0.3238
2026-05-07 16:20:55.600,0,10,10,0.00,-0.0001,0.0000,-0.0046,0.0145,0.0000,-0.0000,0.0000,0.3238
2026-05-07 16:20:56.100,0,10,10,0.00,0.0000,0.0003,-0.0046,0.0145,0.0000,-0.0000,0.0000,0.3238
2026-05-07 16:20:56.600,0,10,10,0.00,0.0001,-0.0001,-0.0046,0.0145,0.0000,-0.0000,0.0000,0.3238
2026-05-07 16:20:57.100,0,10,10,0.00,0.0000,0.0001,-0.0046,0.0145,0.0000,-0.0000,0.0000,0.3238
2026-05-07 16:20:57.600,0,10,10,0.00,0.0000,0.0001,-0.0046,0.0145,0.0000,-0.0000,0.0000,0.3238
2026-05-07 16:20:58.100,0,10,10,0.00,0.0000,0.0001,-0.0046,0.0145,0.0000,-0.0000,0.0000,0.3238
2026-05-07 16:20:58.600,0,10,10,0.00,0.0001,0.0001,-0.0046,0.0145,0.0000,-0.0000,0.0000,0.3238
2026-05-07 16:20:59.100,0,10,10,0.00,-0.0001,0.0000,-0.0046,0.0145,0.0000,-0.0000,0.0000,0.3238
2026-05-07 16:20:59.600,0,10,10,0.00,0.0001,-0.0005,-0.0046,0.0145,0.0000,-0.0000,0.0000,0.3238
2026-05-07 16:21:00.100,0,10,10,0.00,-0.0001,0.0000,-0.0046,0.0145,0.0000,-0.0000,0.0000,0.3238
2026-05-07 16:21:00.600,0,10,10,0.00,0.0000,-0.0001,-0.0046,0.0145,0.0000,-0.0000,0.0000,0.3238
2026-05-07 16:21:01.100,0,10,10,0.00,-0.0001,0.0000,-0.0046,0.0145,0.0000,-0.0000,0.0000,0.3238
2026-05-07 16:21:01.600,0,10,10,0.00,0.0000,0.0000,-0.0046,0.0145,0.0000,-0.0000,0.0000,0.3238
2026-05-07 16:21:02.100,0,10,10,0.00,0.0003,-0.0003,-0.0046,0.0145,0.0000,-0.0000,0.0000,0.3238
2026-05-07 16:21:02.600,0,10,10,0.00,-0.0001,0.0001,-0.0046,0.0145,0.0000,-0.0000,0.0000,0.3238
2026-05-07 16:21:03.100,0,10,10,0.00,-0.0003,0.0004,-0.0046,0.0145,0.0000,-0.0000,0.0000,0.3238
2026-05-07 16:21:03.600,0,10,10,0.00,-0.0001,0.0000,-0.0046,0.0145,0.0000,-0.0000,0.0000,0.3238
2026-05-07 16:21:04.100,0,10,10,0.00,0.0000,0.0000,-0.0046,0.0145,0.0000,-0.0000,0.0000,0.3238
2026-05-07 16:21:04.600,0,10,10,0.00,0.0000,0.0001,-0.0046,0.0145,0.0000,-0.0000,0.0000,0.3238
2026-05-07 16:21:05.101,0,10,10,0.00,0.0000,-0.0001,-0.0046,0.0145,0.0000,-0.0000,0.0000,0.3238
2026-05-07 16:21:05.600,0,10,10,0.00,0.0000,0.0000,-0.0046,0.0145,0.0000,-0.0000,0.0000,0.3238
2026-05-07 16:21:06.100,0,10,10,0.00,0.0001,0.0000,-0.0046,0.0145,0.0000,-0.0000,0.0000,0.3238
2026-05-07 16:21:06.600,0,10,10,0.00,-0.0001,0.0005,-0.0046,0.0145,0.0000,-0.0000,0.0000,0.3238
2026-05-07 16:21:07.100,0,10,10,0.00,0.0000,0.0001,-0.0046,0.0145,0.0000,-0.0000,0.0000,0.3238
2026-05-07 16:21:07.600,0,10,10,0.00,0.0001,0.0000,-0.0046,0.0145,0.0000,-0.0000,0.0000,0.3238
2026-05-07 16:21:08.100,0,10,10,0.00,-0.0001,0.0001,-0.0046,0.0145,0.0000,-0.0000,0.0000,0.3238
2026-05-07 16:21:08.600,0,9,10,0.00,-0.0001,-0.0003,-0.0046,0.0145,0.0000,-0.0000,0.0000,0.3238
2026-05-07 16:21:09.100,0,10,10,0.00,0.0003,-0.0001,-0.0046,0.0145,0.0000,-0.0000,0.0000,0.3238
2026-05-07 16:21:09.600,0,10,10,0.00,0.0003,0.0000,-0.0046,0.0145,0.0000,-0.0000,0.0000,0.3238
2026-05-07 16:21:10.100,0,10,10,0.00,0.0000,0.0000,-0.0046,0.0145,0.0000,-0.0000,0.0000,0.3238
2026-05-07 16:21:10.600,0,10,10,0.00,0.0000,0.0000,-0.0046,0.0145,0.0000,-0.0000,0.0000,0.3238
2026-05-07 16:21:11.100,0,10,10,0.00,0.0000,0.0000,-0.0046,0.0145,0.0000,-0.0000,0.0000,0.3238
2026-05-07 16:21:11.600,0,9,10,0.00,0.0000,0.0001,-0.0046,0.0145,0.0000,-0.0000,0.0000,0.3238
2026-05-07 16:21:12.104,0,10,10,0.00,0.0000,0.0000,-0.0046,0.0145,0.0000,-0.0000,0.0000,0.3238
2026-05-07 16:21:12.600,0,9,10,0.00,0.0000,0.0000,-0.0046,0.0145,0.0000,-0.0000,0.0000,0.3238
2026-05-07 16:21:13.100,0,9,10,0.00,0.0005,-0.0004,-0.0046,0.0145,0.0000,-0.0000,0.0000,0.3238
2026-05-07 16:21:13.600,0,9,10,0.00,-0.0001,0.0000,-0.0046,0.0145,0.0000,-0.0000,0.0000,0.3238
2026-05-07 16:21:14.100,0,9,10,0.00,-0.0003,0.0000,-0.0046,0.0145,0.0000,-0.0000,0.0000,0.3238
2026-05-07 16:21:14.600,0,9,10,0.00,0.0001,0.0000,-0.0046,0.0145,0.0000,-0.0000,0.0000,0.3238
2026-05-07 16:21:15.100,0,9,10,0.00,0.0000,0.0001,-0.0046,0.0145,0.0000,-0.0000,0.0000,0.3238
2026-05-07 16:21:15.600,0,9,10,0.00,-0.0003,0.0000,-0.0046,0.0145,0.0000,-0.0000,0.0000,0.3238
2026-05-07 16:21:16.100,0,9,10,0.00,0.0000,0.0001,-0.0046,0.0145,0.0000,-0.0000,0.0000,0.3238
2026-05-07 16:21:16.600,0,9,10,0.00,-0.0001,0.0001,-0.0046,0.0145,0.0000,-0.0000,0.0000,0.3238
2026-05-07 16:21:17.100,0,9,10,0.00,0.0000,0.0000,-0.0046,0.0145,0.0000,-0.0000,0.0000,0.3238
2026-05-07 16:21:17.600,0,9,10,0.00,-0.0001,0.0000,-0.0046,0.0145,0.0000,-0.0000,0.0000,0.3238
2026-05-07 16:21:18.100,0,9,10,0.00,0.0000,-0.0004,-0.0046,0.0145,0.0000,-0.0000,0.0000,0.3238
2026-05-07 16:21:18.600,0,9,10,0.00,0.0000,0.0000,-0.0046,0.0145,0.0000,-0.0000,0.0000,0.3238
2026-05-07 16:21:19.100,0,9,10,0.00,0.0000,0.0000,-0.0046,0.0145,0.0000,-0.0000,0.0000,0.3238
2026-05-07 16:21:19.600,0,9,10,0.00,0.0000,-0.0001,-0.0046,0.0145,0.0000,-0.0000,0.0000,0.3238
2026-05-07 16:21:20.100,0,9,10,0.00,0.0001,-0.0001,-0.0046,0.0145,0.0000,-0.0000,0.0000,0.3238
2026-05-07 16:21:20.600,0,9,10,0.00,0.0000,0.0000,-0.0046,0.0145,0.0000,-0.0000,0.0000,0.3238
2026-05-07 16:21:21.100,0,9,10,0.00,0.0001,0.0000,-0.0046,0.0145,0.0000,-0.0000,0.0000,0.3238
2026-05-07 16:21:21.600,0,9,10,0.00,0.0000,0.0000,-0.0046,0.0145,0.0000,-0.0000,0.0000,0.3238
2026-05-07 16:21:22.100,0,9,10,0.00,0.0001,0.0001,-0.0046,0.0145,0.0000,-0.0000,0.0000,0.3238
2026-05-07 16:21:22.600,0,9,10,0.00,0.0003,-0.0001,-0.0046,0.0145,0.0000,-0.0000,0.0000,0.3238
2026-05-07 16:21:23.100,0,9,10,0.00,0.0001,-0.0001,-0.0046,0.0145,0.0000,-0.0000,0.0000,0.3238
2026-05-07 16:21:23.600,0,9,10,0.00,0.0004,0.0001,-0.0046,0.0145,0.0000,-0.0000,0.0000,0.3238
2026-05-07 16:21:24.100,0,9,10,0.00,0.0000,-0.0003,-0.0046,0.0145,0.0000,-0.0000,0.0000,0.3238
2026-05-07 16:21:24.600,0,9,10,0.00,0.0000,0.0000,-0.0046,0.0145,0.0000,-0.0000,0.0000,0.3238
2026-05-07 16:21:25.100,0,9,10,0.00,-0.0001,0.0000,-0.0046,0.0145,0.0000,-0.0000,0.0000,0.3238
2026-05-07 16:21:25.600,0,9,10,0.00,0.0000,-0.0003,-0.0046,0.0145,0.0000,-0.0000,0.0000,0.3238
2026-05-07 16:21:26.100,0,9,10,0.00,0.0000,-0.0001,-0.0046,0.0145,0.0000,-0.0000,0.0000,0.3238
2026-05-07 16:21:26.600,0,9,10,0.00,0.0001,-0.0003,-0.0046,0.0145,0.0000,-0.0000,0.0000,0.3238
2026-05-07 16:21:27.100,0,9,10,0.00,0.0000,0.0000,-0.0046,0.0145,0.0000,-0.0000,0.0000,0.3238
2026-05-07 16:21:27.600,0,9,10,0.00,-0.0003,0.0000,-0.0046,0.0145,0.0000,-0.0000,0.0000,0.3238
2026-05-07 16:21:28.100,0,9,10,0.00,-0.0001,0.0001,-0.0046,0.0145,0.0000,-0.0000,0.0000,0.3238
2026-05-07 16:21:28.600,0,9,10,0.00,0.0000,0.0000,-0.0046,0.0145,0.0000,-0.0000,0.0000,0.3238
2026-05-07 16:21:29.100,0,9,10,0.00,0.0000,0.0000,-0.0046,0.0145,0.0000,-0.0000,0.0000,0.3238
2026-05-07 16:21:29.600,0,9,10,0.00,0.0001,0.0000,-0.0046,0.0145,0.0000,-0.0000,0.0000,0.3238
2026-05-07 16:21:30.100,0,9,10,0.00,0.0000,0.0000,-0.0046,0.0145,0.0000,-0.0000,0.0000,0.3238
2026-05-07 16:21:30.600,0,9,10,0.00,0.0001,0.0001,-0.0046,0.0145,0.0000,-0.0000,0.0000,0.3238
2026-05-07 16:21:31.100,0,9,10,0.00,-0.0004,0.0001,-0.0046,0.0145,0.0000,-0.0000,0.0000,0.3238
2026-05-07 16:21:31.600,0,9,10,0.00,0.0000,0.0000,-0.0046,0.0145,0.0000,-0.0000,0.0000,0.3238
2026-05-07 16:21:32.100,0,9,10,0.00,0.0000,-0.0001,-0.0046,0.0145,0.0000,-0.0000,0.0000,0.3238
2026-05-07 16:21:32.600,0,9,10,0.00,-0.0001,0.0000,-0.0046,0.0145,0.0000,-0.0000,0.0000,0.3238
2026-05-07 16:21:33.100,0,9,10,0.00,0.0004,-0.0001,-0.0046,0.0145,0.0000,-0.0000,0.0000,0.3238
2026-05-07 16:21:33.600,0,9,10,0.00,0.0001,0.0000,-0.0046,0.0145,0.0000,-0.0000,0.0000,0.3238
2026-05-07 16:21:34.100,0,9,10,0.00,0.0001,0.0000,-0.0046,0.0145,0.0000,-0.0000,0.0000,0.3238
2026-05-07 16:21:34.600,0,9,10,0.00,0.0005,0.0000,-0.0046,0.0145,0.0000,-0.0000,0.0000,0.3238
2026-05-07 16:21:35.100,0,9,10,0.00,0.0000,0.0000,-0.0046,0.0145,0.0000,-0.0000,0.0000,0.3238
2026-05-07 16:21:35.600,0,9,10,0.00,-0.0003,0.0000,-0.0046,0.0145,0.0000,-0.0000,0.0000,0.3238
2026-05-07 16:21:36.100,0,9,10,0.00,-0.0001,0.0000,-0.0046,0.0145,0.0000,-0.0000,0.0000,0.3238
2026-05-07 16:21:36.600,0,9,10,0.00,0.0001,0.0000,-0.0046,0.0145,0.0000,-0.0000,0.0000,0.3238
2026-05-07 16:21:37.102,0,10,10,0.00,-0.0001,0.0000,-0.0046,0.0145,0.0000,-0.0000,0.0000,0.3238
2026-05-07 16:21:37.600,0,9,10,0.00,0.0003,0.0000,-0.0046,0.0145,0.0000,-0.0000,0.0000,0.3238
2026-05-07 16:21:38.100,0,9,10,0.00,0.0000,0.0003,-0.0046,0.0145,0.0000,-0.0000,0.0000,0.3238
2026-05-07 16:21:38.600,0,9,10,0.00,0.0000,-0.0001,-0.0046,0.0145,0.0000,-0.0000,0.0000,0.3238
2026-05-07 16:21:39.100,0,9,10,0.00,0.0000,0.0000,-0.0046,0.0145,0.0000,-0.0000,0.0000,0.3238
2026-05-07 16:21:39.600,0,9,10,0.00,-0.0001,0.0000,-0.0046,0.0145,0.0000,-0.0000,0.0000,0.3238
2026-05-07 16:21:40.100,0,9,10,0.00,0.0001,0.0000,-0.0046,0.0145,0.0000,-0.0000,0.0000,0.3238
2026-05-07 16:21:40.600,0,9,10,0.00,0.0000,0.0000,-0.0046,0.0145,0.0000,-0.0000,0.0000,0.3238
2026-05-07 16:21:41.100,0,9,10,0.00,-0.0003,-0.0003,-0.0046,0.0145,0.0000,-0.0000,0.0000,0.3238
2026-05-07 16:21:41.600,0,9,10,0.00,0.0001,0.0000,-0.0046,0.0145,0.0000,-0.0000,0.0000,0.3238
2026-05-07 16:21:42.100,0,9,10,0.00,0.0000,0.0000,-0.0046,0.0145,0.0000,-0.0000,0.0000,0.3238
2026-05-07 16:21:42.600,0,9,10,0.00,0.0000,0.0000,-0.0046,0.0145,0.0000,-0.0000,0.0000,0.3238
2026-05-07 16:21:43.100,0,9,10,0.00,-0.0001,0.0001,-0.0046,0.0145,0.0000,-0.0000,0.0000,0.3238
2026-05-07 16:21:43.600,0,9,10,0.00,0.0003,0.0000,-0.0046,0.0145,0.0000,-0.0000,0.0000,0.3238
2026-05-07 16:21:44.100,0,9,10,0.00,0.0001,0.0001,-0.0046,0.0145,0.0000,-0.0000,0.0000,0.3238
2026-05-07 16:21:44.600,0,9,10,0.00,0.0000,0.0001,-0.0046,0.0145,0.0000,-0.0000,0.0000,0.3238
2026-05-07 16:21:45.100,0,9,10,0.00,0.0000,0.0000,-0.0046,0.0145,0.0000,-0.0000,0.0000,0.3238
2026-05-07 16:21:45.600,0,9,10,0.00,0.0000,-0.0001,-0.0046,0.0145,0.0000,-0.0000,0.0000,0.3238
2026-05-07 16:21:46.100,0,9,10,0.00,0.0000,-0.0001,-0.0046,0.0145,0.0000,-0.0000,0.0000,0.3238
2026-05-07 16:21:46.600,0,9,10,0.00,0.0000,-0.0003,-0.0046,0.0145,0.0000,-0.0000,0.0000,0.3238
2026-05-07 16:21:47.100,0,9,10,0.00,-0.0001,0.0000,-0.0046,0.0145,0.0000,-0.0000,0.0000,0.3238
2026-05-07 16:21:47.600,0,9,10,0.00,0.0000,-0.0005,-0.0046,0.0145,0.0000,-0.0000,0.0000,0.3238
2026-05-07 16:21:48.100,0,9,10,0.00,-0.0003,0.0004,-0.0046,0.0145,0.0000,-0.0000,0.0000,0.3238
2026-05-07 16:21:48.600,0,9,10,0.00,0.0000,0.0000,-0.0046,0.0145,0.0000,-0.0000,0.0000,0.3238
2026-05-07 16:21:49.100,0,9,10,0.00,0.0001,-0.0001,-0.0046,0.0145,0.0000,-0.0000,0.0000,0.3238
2026-05-07 16:21:49.600,0,9,10,0.00,0.0000,0.0001,-0.0046,0.0145,0.0000,-0.0000,0.0000,0.3238
2026-05-07 16:21:50.100,0,9,10,0.00,0.0000,0.0000,-0.0046,0.0145,0.0000,-0.0000,0.0000,0.3238
2026-05-07 16:21:50.600,0,9,10,0.00,0.0001,0.0000,-0.0046,0.0145,0.0000,-0.0000,0.0000,0.3238
2026-05-07 16:21:51.100,0,9,10,0.00,0.0000,0.0000,-0.0046,0.0145,0.0000,-0.0000,0.0000,0.3238
2026-05-07 16:21:51.600,0,9,10,0.00,0.0000,-0.0003,-0.0046,0.0145,0.0000,-0.0000,0.0000,0.3238
2026-05-07 16:21:52.100,0,9,10,0.00,0.0000,0.0000,-0.0046,0.0145,0.0000,-0.0000,0.0000,0.3238
2026-05-07 16:21:52.600,0,9,10,0.00,0.0000,0.0000,-0.0046,0.0145,0.0000,-0.0000,0.0000,0.3238
2026-05-07 16:21:53.100,0,9,10,0.00,-0.0004,-0.0001,-0.0046,0.0145,0.0000,-0.0000,0.0000,0.3238
2026-05-07 16:21:53.600,0,9,10,0.00,-0.0003,-0.0003,-0.0046,0.0145,0.0000,-0.0000,0.0000,0.3238
2026-05-07 16:21:54.100,0,9,10,0.00,0.0000,0.0001,-0.0046,0.0145,0.0000,-0.0000,0.0000,0.3238
2026-05-07 16:21:54.600,0,5,10,0.00,-0.0004,0.0000,-0.0046,0.0145,0.0000,-0.3021,0.2979,0.3238
2026-05-07 16:21:55.100,0,1,10,0.00,-0.0005,0.0000,-0.0046,0.0145,0.0000,-0.4002,0.4264,0.3238
2026-05-07 16:21:55.599,0,10,10,0.00,-0.1587,0.1422,0.0314,0.0145,0.0000,-0.3670,0.4599,0.2163
2026-05-07 16:21:56.100,0,10,10,0.00,-0.3151,0.3091,0.1524,0.0135,0.0000,-0.3389,0.4620,-0.3602
2026-05-07 16:21:56.600,0,10,10,0.00,-0.3310,0.4617,0.3351,0.0145,0.0000,-0.3396,0.4659,0.8602
2026-05-07 16:21:57.100,0,10,10,0.00,-0.2148,0.4225,0.5250,0.0341,0.0000,-0.1924,0.4076,8.3382
2026-05-07 16:21:57.600,0,10,10,0.00,-0.1712,0.4182,0.6652,0.0730,0.0000,-0.1689,0.4311,16.7269
2026-05-07 16:21:58.100,0,10,10,0.00,-0.1656,0.4351,0.7986,0.1441,0.0000,-0.1638,0.4362,32.9296
2026-05-07 16:21:58.600,0,10,10,0.00,-0.1724,0.4283,0.9105,0.2427,0.0000,-0.1853,0.4147,46.4441
2026-05-07 16:21:59.100,0,10,10,0.00,-0.1986,0.4026,0.9998,0.3642,0.0000,-0.2042,0.3958,59.0076
2026-05-07 16:21:59.600,0,10,10,0.00,-0.2135,0.3851,1.0658,0.4991,0.0000,-0.2185,0.3815,67.3617
2026-05-07 16:22:00.100,0,10,10,0.00,-0.2962,0.4195,1.1154,0.6525,0.0000,-0.3198,0.4344,75.5389
2026-05-07 16:22:00.600,0,10,10,0.00,-0.4000,0.4889,1.1574,0.8499,0.0000,-0.4505,0.5173,81.5743
2026-05-07 16:22:01.100,0,10,10,0.00,-0.5041,0.5595,1.1904,1.0937,0.0000,-0.5199,0.5735,86.0698
2026-05-07 16:22:01.600,0,10,10,0.00,-0.5868,0.6239,1.2150,1.3766,0.0000,-0.7055,0.7342,88.9216
2026-05-07 16:22:02.100,0,10,10,0.00,-0.6574,0.6934,1.2339,1.7109,0.0000,-0.6338,0.6470,90.9345
2026-05-07 16:22:02.600,0,10,10,0.00,-0.5695,0.5746,1.2430,2.0226,0.0000,-0.5607,0.5543,92.1535
2026-05-07 16:22:03.100,0,10,10,0.00,-0.5165,0.4953,1.2489,2.2931,0.0000,-0.5006,0.4720,92.8226
2026-05-07 16:22:03.600,0,10,10,0.00,-0.4456,0.4241,1.2583,2.5286,0.0000,-0.4305,0.4171,91.6441
2026-05-07 16:22:04.100,0,10,10,0.00,-0.3820,0.3880,1.2699,2.7313,0.0000,-0.3700,0.3695,90.4685
2026-05-07 16:22:04.600,0,10,10,0.00,-0.3312,0.3307,1.2798,2.9107,0.0000,-0.3234,0.3205,90.5571
2026-05-07 16:22:05.100,0,10,10,0.00,-0.3019,0.2950,1.2881,3.0662,0.0000,-0.3033,0.2967,90.6895
2026-05-07 16:22:05.600,0,10,10,0.00,-0.3020,0.2981,1.2970,3.2155,0.0000,-0.3020,0.2980,90.4484
2026-05-07 16:22:06.100,0,10,10,0.00,-0.2994,0.2941,1.3066,3.3646,0.0000,-0.3018,0.2982,90.3201
2026-05-07 16:22:06.600,0,10,10,0.00,-0.3672,0.2429,1.3177,3.5147,0.0000,-0.3849,0.2151,90.1539
2026-05-07 16:22:07.100,0,10,10,0.00,-0.4189,0.1635,1.3444,3.6628,0.0000,-0.4236,0.1764,84.2778
2026-05-07 16:22:07.600,0,10,10,0.00,-0.4335,0.1631,1.4009,3.7989,0.0000,-0.4347,0.1653,70.7701
2026-05-07 16:22:08.100,0,10,10,0.00,-0.4331,0.1657,1.4889,3.9194,0.0000,-0.4345,0.1655,56.1515
2026-05-07 16:22:08.600,0,10,10,0.00,-0.4263,0.1713,1.6030,4.0162,0.0000,-0.4265,0.1735,42.0067
2026-05-07 16:22:09.100,0,10,10,0.00,-0.4085,0.1901,1.7358,4.0846,0.0000,-0.4029,0.1971,28.6951
2026-05-07 16:22:09.600,0,10,10,0.00,-0.3831,0.2196,1.8794,4.1262,0.0000,-0.3769,0.2231,17.1940
2026-05-07 16:22:10.100,0,10,10,0.00,-0.4063,0.2524,2.0306,4.1463,0.0000,-0.4281,0.3212,8.3143
2026-05-07 16:22:10.600,0,9,10,0.00,-0.4940,0.4131,2.2286,4.1474,0.0000,-0.5267,0.4716,0.7162
2026-05-07 16:22:11.100,0,10,10,0.00,-0.5890,0.5496,2.4891,4.1301,0.0000,-0.6042,0.5686,-3.6371
2026-05-07 16:22:11.600,0,10,10,0.00,-0.7131,0.6571,2.7999,4.0978,0.0000,-0.7003,0.6793,-5.3587
2026-05-07 16:22:12.100,0,10,10,0.00,-0.6093,0.6487,3.1348,4.0557,0.0000,-0.5911,0.6205,-7.6999
2026-05-07 16:22:12.600,0,10,10,0.00,-0.5466,0.5500,3.4260,4.0273,0.0000,-0.5287,0.5309,-4.2003
2026-05-07 16:22:13.100,0,10,10,0.00,-0.4674,0.4767,3.6778,4.0057,0.0000,-0.4511,0.4737,-4.7229
2026-05-07 16:22:13.600,0,10,10,0.00,-0.3973,0.4371,3.8992,3.9895,0.0000,-0.3891,0.4194,-4.2442
2026-05-07 16:22:14.100,0,9,10,0.00,-0.3600,0.3746,4.0934,3.9811,0.0000,-0.3499,0.3534,-1.5582
2026-05-07 16:22:14.600,0,9,10,0.00,-0.3232,0.3178,4.2608,3.9761,0.0000,-0.3063,0.3063,-1.1199
2026-05-07 16:22:15.100,0,10,10,0.00,-0.2960,0.2990,4.4116,3.9715,0.0000,-0.2961,0.3039,-1.2647
2026-05-07 16:22:15.600,0,10,10,0.00,-0.2960,0.2998,4.5611,3.9675,0.0000,-0.2971,0.3029,-0.8666
2026-05-07 16:22:16.100,0,10,10,0.00,-0.2975,0.3022,4.7105,3.9642,0.0000,-0.2968,0.3032,-0.7783
2026-05-07 16:22:16.600,0,10,10,0.00,-0.2981,0.3072,4.8605,3.9617,0.0000,-0.2960,0.3040,-0.6044
2026-05-07 16:22:17.100,0,9,10,0.00,-0.2919,0.3008,4.9956,3.9604,0.0000,-0.0000,0.0000,-0.3609
2026-05-07 16:22:17.600,0,10,10,0.00,0.0010,-0.0007,5.0675,3.9607,0.0000,-0.0000,0.0000,0.7228
2026-05-07 16:22:18.100,0,9,10,0.00,-0.0001,0.0000,5.0670,3.9606,0.0000,-0.0000,0.0000,1.8713
2026-05-07 16:22:18.600,0,9,10,0.00,0.0000,0.0001,5.0670,3.9606,0.0000,-0.0000,0.0000,1.8713
2026-05-07 16:22:19.100,0,9,10,0.00,0.0000,0.0000,5.0670,3.9606,0.0000,-0.0000,0.0000,1.8713
2026-05-07 16:22:19.600,0,9,10,0.00,0.0003,-0.0211,5.0650,3.9606,0.0000,-0.0000,0.0000,1.8713
2026-05-07 16:22:20.100,0,10,10,0.00,0.0001,-0.0003,5.0648,3.9606,0.0000,-0.0000,0.0000,1.8713
2026-05-07 16:22:20.600,0,10,10,0.00,-0.0003,0.0000,5.0648,3.9606,0.0000,-0.0000,0.0000,1.8713
2026-05-07 16:22:21.100,0,10,10,0.00,0.0000,-0.0001,5.0648,3.9606,0.0000,-0.0000,0.0000,1.8713
2026-05-07 16:22:21.600,0,10,10,0.00,0.0000,0.0000,5.0648,3.9606,0.0000,-0.0000,0.0000,1.8713
2026-05-07 16:22:22.100,0,10,10,0.00,0.0001,-0.0004,5.0648,3.9606,0.0000,-0.0000,0.0000,1.8713
2026-05-07 16:22:22.600,0,10,10,0.00,0.0000,-0.0003,5.0648,3.9606,0.0000,-0.0000,0.0000,1.8713
2026-05-07 16:22:23.100,0,10,10,0.00,0.0000,0.0000,5.0648,3.9606,0.0000,-0.0000,0.0000,1.8713
2026-05-07 16:22:23.600,0,10,10,0.00,-0.0003,0.0000,5.0648,3.9606,0.0000,-0.0000,0.0000,1.8713
2026-05-07 16:22:24.100,0,10,10,0.00,0.0000,0.0000,5.0648,3.9606,0.0000,-0.0000,0.0000,1.8713
2026-05-07 16:22:24.600,0,10,10,0.00,0.0000,0.0000,5.0648,3.9606,0.0000,-0.3181,0.3295,1.8713
2026-05-07 16:22:25.100,0,10,10,0.00,-0.0003,0.0000,5.0648,3.9606,0.0000,-0.2023,0.3977,1.8713
2026-05-07 16:22:25.600,0,10,10,0.00,0.0003,0.0000,5.0648,3.9606,0.0000,-0.1722,0.4278,1.8713
2026-05-07 16:22:26.100,0,3,10,0.00,0.0009,-0.0001,5.0648,3.9606,0.0000,-0.1623,0.4377,1.8713
2026-05-07 16:22:26.600,0,3,10,0.00,0.0000,-0.0001,5.0648,3.9606,0.0000,-0.1591,0.4409,1.5909
2026-05-07 16:22:27.100,0,10,10,0.00,-0.0124,-0.0007,5.0651,3.9606,0.0000,-0.1580,0.4420,1.5888
2026-05-07 16:22:27.600,0,10,10,0.00,-0.1867,-0.1528,5.0733,3.9602,0.0000,-0.1577,0.4423,-1.4393
2026-05-07 16:22:28.100,0,10,10,0.00,-0.3350,-0.3149,5.0785,3.9586,0.0000,-0.2835,0.3165,-23.0448
2026-05-07 16:22:28.600,0,10,10,0.00,-0.3519,-0.3715,5.0778,3.9605,0.0000,-0.3904,0.2096,-59.1255
2026-05-07 16:22:29.100,0,10,10,0.00,-0.3537,-0.3513,5.0775,3.9630,0.0000,-0.4254,0.1746,-98.1522
2026-05-07 16:22:29.600,0,10,10,0.00,-0.3519,-0.3437,5.0761,3.9611,0.0000,-0.4320,0.1680,-134.4074
2026-05-07 16:22:30.100,0,10,10,0.00,-0.1219,-0.1754,5.0821,3.9630,0.0000,-0.3522,0.2478,-168.9083
2026-05-07 16:22:30.600,0,10,10,0.00,0.0000,0.0005,5.0845,3.9635,0.0000,-0.3793,0.2207,-173.5272
2026-05-07 16:22:31.100,0,10,10,0.00,-0.0001,0.0000,5.0845,3.9635,0.0000,-0.4204,0.1796,-172.5716
2026-05-07 16:22:31.600,0,10,10,0.00,0.0001,0.0001,5.0845,3.9635,0.0000,-0.4353,0.1647,-172.5716
2026-05-07 16:22:32.100,0,10,10,0.00,-0.1516,0.1110,5.0569,3.9583,0.0000,-0.4401,0.1599,-172.5716
2026-05-07 16:22:32.600,0,7,10,0.00,-0.2957,0.1817,4.9586,3.9430,0.0000,-0.4301,0.1699,-174.2507
2026-05-07 16:22:33.100,0,9,10,0.00,-0.4148,0.1782,4.8194,3.9370,0.0000,-0.3850,0.2150,176.9097
2026-05-07 16:22:33.600,0,9,10,0.00,-0.4424,0.3153,4.6604,3.9583,0.0000,-0.5574,0.5528,165.7079
2026-05-07 16:22:34.100,0,9,10,0.00,-0.6165,0.4651,4.4324,4.0200,0.0000,-0.7089,0.8000,158.8016
2026-05-07 16:22:34.600,0,9,10,0.00,-0.5680,0.5565,4.1579,4.1307,0.0000,-0.2103,0.4276,151.1223
2026-05-07 16:22:35.100,0,9,10,0.00,-0.2410,0.4023,3.9680,4.2108,0.0000,-0.1686,0.4314,153.1385
2026-05-07 16:22:35.600,0,9,10,0.00,-0.2389,0.3568,3.8280,4.2479,0.0000,-0.2672,0.3328,163.1220
2026-05-07 16:22:36.100,0,9,10,0.00,-0.2507,0.3331,3.6787,4.2698,0.0000,-0.2387,0.3613,168.6255
2026-05-07 16:22:36.600,0,9,10,0.00,-0.2185,0.3900,3.5311,4.2793,0.0000,-0.2252,0.3774,173.3967
2026-05-07 16:22:37.100,0,9,10,0.00,-0.3316,0.4347,3.3654,4.2676,0.0000,-0.4340,0.4929,-177.8303
2026-05-07 16:22:37.600,0,9,10,0.00,-0.4571,0.5678,3.1357,4.2288,0.0000,-0.4448,0.4508,-172.5063
2026-05-07 16:22:38.100,0,9,10,0.00,-0.4257,0.3559,2.9188,4.1782,0.0000,-0.4246,0.3529,-168.2179
2026-05-07 16:22:38.600,0,9,10,0.00,-0.3725,0.3152,2.7408,4.1447,0.0000,-0.3391,0.3250,-173.2578
2026-05-07 16:22:39.100,0,9,10,0.00,-0.2998,0.3119,2.5812,4.1212,0.0000,-0.3067,0.2933,-174.4944
2026-05-07 16:22:39.600,0,9,10,0.00,-0.3142,0.2856,2.3985,4.1055,0.0000,-0.3147,0.2853,84.9909
2026-05-07 16:22:40.100,0,8,10,0.00,-0.3787,0.2886,2.2400,4.1139,0.0000,-0.3350,0.2650,-143.5802
2026-05-07 16:22:40.600,0,9,10,0.00,-0.3821,0.2050,2.0942,4.1332,0.0000,-0.4073,0.1927,-143.1462
2026-05-07 16:22:41.100,0,8,10,0.00,-0.4246,0.1640,1.9518,4.1784,0.0000,-0.3740,0.2260,-154.6382
2026-05-07 16:22:41.600,0,9,10,0.00,-0.3479,0.2512,1.8260,4.2464,0.0000,-0.3579,0.2421,-169.2283
2026-05-07 16:22:42.100,0,9,10,0.00,-0.3736,0.2365,1.6985,4.3318,0.0000,-0.3565,0.2435,169.9388
2026-05-07 16:22:42.600,0,9,10,0.00,-0.3941,0.2117,1.5843,4.4284,0.0000,-0.3996,0.2004,157.9258
2026-05-07 16:22:43.100,0,9,10,0.00,-0.4146,0.1834,1.4873,4.5427,0.0000,-0.4189,0.1811,134.6004
2026-05-07 16:22:43.600,0,9,10,0.00,-0.3839,0.1982,1.4163,4.6712,0.0000,-0.3770,0.2242,120.8130
2026-05-07 16:22:44.100,0,9,10,0.00,-0.4174,0.2872,1.3631,4.8217,0.0000,-0.4136,0.2692,110.7039
2026-05-07 16:22:44.600,0,9,10,0.00,-0.4270,0.2796,1.3249,4.9912,0.0000,-0.4422,0.3174,103.4459
2026-05-07 16:22:45.100,0,9,10,0.00,-0.5131,0.4130,1.3057,5.1926,0.0000,-0.5405,0.4838,95.8892
2026-05-07 16:22:45.600,0,9,10,0.00,-0.6032,0.5766,1.3022,5.4596,0.0000,-0.6104,0.5721,91.5990
2026-05-07 16:22:46.100,0,9,10,0.00,-0.7186,0.6722,1.3100,5.7772,0.0000,-0.8000,0.7565,89.6485
2026-05-07 16:22:46.600,0,9,10,0.00,-0.8022,0.7789,1.3339,6.1598,0.0000,-0.8000,0.7869,87.2328
2026-05-07 16:22:47.100,0,8,10,0.00,-0.7765,0.8095,1.3685,6.5949,0.0000,-0.7806,0.8000,85.7112
2026-05-07 16:22:47.600,0,9,10,0.00,-0.7921,0.7959,1.3902,6.9508,0.0000,-0.7925,0.8000,87.6060
2026-05-07 16:22:48.100,0,9,10,0.00,-0.7826,0.7548,1.4111,7.3468,0.0000,-0.7641,0.8000,85.6970
2026-05-07 16:22:48.600,0,9,10,0.00,-0.7405,0.8258,1.4258,7.7351,0.0000,-0.7361,0.8000,85.9880
2026-05-07 16:22:49.100,0,9,10,0.00,-0.5732,0.6367,1.4174,8.0915,0.0000,-0.5056,0.5900,86.0568
2026-05-07 16:22:49.600,0,9,10,0.00,-0.4843,0.5883,1.3923,8.3641,0.0000,-0.4560,0.5537,86.0388
2026-05-07 16:22:50.100,0,9,10,0.00,-0.4843,0.5883,1.3432,8.6278,0.0000,-0.4193,0.5271,86.1406
2026-05-07 16:22:50.600,0,9,10,0.00,-0.4843,0.5883,1.2703,8.8857,0.0000,-0.3872,0.5053,86.1604
2026-05-07 16:22:51.100,0,9,10,0.00,-0.4843,0.5883,1.1742,9.1360,0.0000,-0.3538,0.4836,86.1805
2026-05-07 16:22:51.600,0,9,10,0.00,-0.4843,0.5883,1.0558,9.3765,0.0000,-0.3164,0.4620,86.1666
2026-05-07 16:22:52.100,0,9,10,0.00,-0.4843,0.5883,0.9160,9.6050,0.0000,-0.2929,0.4465,86.1959
2026-05-07 16:22:52.600,0,9,10,0.00,-0.4843,0.5883,0.7561,9.8199,0.0000,-0.2686,0.4317,86.1912
2026-05-07 16:22:53.100,0,10,10,0.00,-0.4843,0.5883,0.5582,10.0385,0.0000,-0.2517,0.4214,86.3050
2026-05-07 16:22:53.600,0,9,10,0.00,-0.4843,0.5883,0.3805,10.2020,0.0000,-0.2340,0.4113,86.4502
2026-05-07 16:22:54.100,0,9,10,0.00,-0.4843,0.5883,0.1683,10.3658,0.0000,-0.2134,0.4007,86.5275
2026-05-07 16:22:54.600,0,9,10,0.00,-0.4843,0.5883,-0.0575,10.5093,0.0000,-0.1994,0.4006,86.4958
2026-05-07 16:22:55.100,0,9,10,0.00,-0.4843,0.5883,-0.2962,10.6320,0.0000,-0.1928,0.4072,86.4689
2026-05-07 16:22:55.600,0,9,10,0.00,-0.4843,0.5883,-0.5444,10.7323,0.0000,-0.1875,0.4125,86.5201
2026-05-07 16:22:56.100,0,10,10,0.00,-0.4843,0.5883,-0.8271,10.8161,0.0000,-0.1821,0.4179,86.5047
2026-05-07 16:22:56.600,0,9,10,0.00,-0.4843,0.5883,-1.0902,10.8674,0.0000,-0.1774,0.4226,86.5694
2026-05-07 16:22:57.099,0,9,10,0.00,-0.4843,0.5883,-1.3301,10.8929,0.0000,-0.1726,0.4274,86.5982
2026-05-07 16:22:57.600,0,10,10,0.00,-0.4843,0.5883,-1.6249,10.8972,0.0000,-0.1681,0.4319,86.6180
2026-05-07 16:22:58.100,0,9,10,0.00,-0.4843,0.5883,-1.8922,10.8755,0.0000,-0.1624,0.4376,86.6135
2026-05-07 16:22:58.600,0,9,10,0.00,-0.4843,0.5883,-2.1561,10.8296,0.0000,-0.1593,0.4407,86.6024
2026-05-07 16:22:59.100,0,9,10,0.00,-0.4843,0.5883,-2.3898,10.7677,0.0000,-0.1581,0.4419,86.6125
2026-05-07 16:22:59.600,0,9,10,0.00,-0.4843,0.5883,-2.6420,10.6769,0.0000,-0.1577,0.4423,86.6270
2026-05-07 16:23:00.100,0,10,10,0.00,-0.4843,0.5883,-2.9081,10.5512,0.0000,-0.1576,0.4424,86.6203
2026-05-07 16:23:00.600,0,9,10,0.00,-0.4843,0.5883,-3.1161,10.4287,0.0000,-0.1575,0.4425,86.6565
2026-05-07 16:23:01.100,0,10,10,0.00,-0.4843,0.5883,-3.3554,10.2566,0.0000,-0.1575,0.4425,87.1917
2026-05-07 16:23:01.600,0,9,10,0.00,-0.4843,0.5883,-3.5378,10.0983,0.0000,-0.1743,0.4257,92.6420
2026-05-07 16:23:02.100,0,9,10,0.00,-0.4843,0.5883,-3.7244,9.9056,0.0000,-0.1955,0.4045,95.1946
2026-05-07 16:23:02.600,0,10,10,0.00,-0.4843,0.5883,-3.9080,9.6757,0.0000,-0.1753,0.4247,91.6892
2026-05-07 16:23:03.100,0,10,10,0.00,-0.4843,0.5883,-4.0545,9.4511,0.0000,-0.1633,0.4367,88.3486
2026-05-07 16:23:03.600,0,9,10,0.00,-0.4843,0.5883,-4.1801,9.2139,0.0000,-0.1594,0.4406,86.4163
2026-05-07 16:23:04.100,0,9,10,0.00,-0.4843,0.5883,-4.2741,8.9916,0.0000,-0.1581,0.4419,84.9713
2026-05-07 16:23:04.600,0,10,10,0.00,-0.4843,0.5883,-4.3636,8.7112,0.0000,-0.1869,0.4131,84.5728
2026-05-07 16:23:05.100,0,9,10,0.00,-0.4843,0.5883,-4.4205,8.4490,0.0000,-0.1671,0.4329,84.5494
2026-05-07 16:23:05.600,0,10,10,0.00,-0.4843,0.5883,-4.4531,8.1831,0.0000,-0.1607,0.4393,84.5927
2026-05-07 16:23:06.100,0,10,10,0.00,-0.4843,0.5883,-4.4614,7.9151,0.0000,-0.1585,0.4415,84.5899
2026-05-07 16:23:06.600,0,9,10,0.00,-0.4843,0.5883,-4.4453,7.6474,0.0000,-0.1578,0.4422,84.5828
2026-05-07 16:23:07.100,0,9,10,0.00,-0.4843,0.5883,-4.4101,7.4091,0.0000,-0.1576,0.4424,84.5671
2026-05-07 16:23:07.600,0,10,10,0.00,-0.4843,0.5883,-4.3406,7.1226,0.0000,-0.1575,0.4425,84.5721
2026-05-07 16:23:08.100,0,10,10,0.00,-0.4843,0.5883,-4.2528,6.8693,0.0000,-0.1575,0.4425,84.5237
2026-05-07 16:23:08.600,0,10,10,0.00,-0.4843,0.5883,-4.1423,6.6250,0.0000,-0.1575,0.4425,84.5552
2026-05-07 16:23:09.100,0,10,10,0.00,-0.4843,0.5883,-4.0100,6.3917,0.0000,-0.1575,0.4425,84.3201
2026-05-07 16:23:09.600,0,10,10,0.00,-0.4843,0.5883,-3.8573,6.1718,0.0000,-0.1575,0.4425,84.6146
2026-05-07 16:23:10.100,0,9,10,0.00,-0.4843,0.5883,-3.6846,5.9662,0.0000,-0.1575,0.4425,85.4568
2026-05-07 16:23:10.600,0,10,10,0.00,-0.4843,0.5883,-3.4944,5.7775,0.0000,-0.1575,0.4425,86.1117
2026-05-07 16:23:11.100,0,10,10,0.00,-0.4843,0.5883,-3.2877,5.6069,0.0000,-0.1575,0.4425,86.0435
2026-05-07 16:23:11.600,0,10,10,0.00,-0.4843,0.5883,-3.0664,5.4558,0.0000,-0.1575,0.4425,84.6924
2026-05-07 16:23:12.100,0,10,10,0.00,-0.4843,0.5883,-2.8322,5.3255,0.0000,-0.2145,0.3855,82.8747
2026-05-07 16:23:12.600,0,10,10,0.00,-0.4843,0.5883,-2.5869,5.2169,0.0000,-0.3678,0.2322,82.6681
2026-05-07 16:23:13.100,0,10,10,0.00,-0.4843,0.5883,-2.3330,5.1312,0.0000,-0.4180,0.1820,82.6876
2026-05-07 16:23:13.600,0,10,10,0.00,0.0003,0.0000,-2.1249,5.0796,0.0000,-0.4345,0.1655,82.6714
2026-05-07 16:23:14.100,0,10,10,0.00,0.0000,0.0001,-2.1249,5.0796,0.0000,-0.4399,0.1601,82.6555
2026-05-07 16:23:14.600,0,10,10,0.00,0.0000,0.0000,-2.1249,5.0796,0.0000,-0.4416,0.1584,82.6555
2026-05-07 16:23:15.100,0,10,10,0.00,0.0000,0.0000,-2.1249,5.0796,0.0000,-0.4422,0.1578,82.6555
2026-05-07 16:23:15.600,0,10,10,0.00,-0.0001,0.0000,-2.1249,5.0796,0.0000,-0.4424,0.1576,82.6555
2026-05-07 16:23:16.100,0,10,10,0.00,-0.0001,0.0007,-2.1249,5.0796,0.0000,-0.4425,0.1575,82.6555
2026-05-07 16:23:16.600,0,10,10,0.00,0.0000,0.0000,-2.1249,5.0796,0.0000,-0.4425,0.1575,82.6555
2026-05-07 16:23:17.100,0,10,10,0.00,0.0000,0.0001,-2.1249,5.0796,0.0000,-0.4425,0.1575,82.6555
2026-05-07 16:23:17.600,0,9,10,0.00,0.0000,0.0000,-2.1249,5.0796,0.0000,-0.4425,0.1575,82.6555
2026-05-07 16:23:18.100,0,11,10,0.00,0.0000,0.0000,-2.1249,5.0796,0.0000,-0.4425,0.1575,82.6555
2026-05-07 16:23:18.600,0,10,10,0.00,0.0000,0.0000,-2.1249,5.0796,0.0000,-0.4425,0.1575,82.6555
2026-05-07 16:23:19.100,0,10,10,0.00,0.0000,0.0000,-2.1249,5.0796,0.0000,-0.4425,0.1575,82.6555
2026-05-07 16:23:19.600,0,10,10,0.00,0.0000,-0.0001,-2.1249,5.0796,0.0000,-0.4425,0.1575,82.6555
2026-05-07 16:23:20.100,0,10,10,0.00,0.0001,0.0001,-2.1249,5.0796,0.0000,-0.4425,0.1575,82.6555
2026-05-07 16:23:20.600,0,10,10,0.00,0.0000,-0.0001,-2.1249,5.0796,0.0000,-0.4425,0.1575,82.6555
2026-05-07 16:23:21.100,0,10,10,0.00,0.0000,0.0000,-2.1249,5.0796,0.0000,-0.4425,0.1575,82.6555
2026-05-07 16:23:21.600,0,10,10,0.00,0.0000,0.0000,-2.1249,5.0796,0.0000,-0.4425,0.1575,82.6555
2026-05-07 16:23:22.100,0,10,10,0.00,0.0000,-0.0003,-2.1249,5.0796,0.0000,-0.4425,0.1575,82.6555
2026-05-07 16:23:22.600,0,10,10,0.00,0.0000,0.0005,-2.1249,5.0796,0.0000,-0.4425,0.1575,82.6555
2026-05-07 16:23:23.100,0,10,10,0.00,0.0000,0.0001,-2.1249,5.0796,0.0000,-0.4425,0.1575,82.6555
2026-05-07 16:23:23.600,0,9,10,0.00,0.0000,0.0000,-2.1249,5.0796,0.0000,-0.4425,0.1575,82.6870
2026-05-07 16:23:24.100,0,9,10,0.00,0.0000,0.0000,-2.1249,5.0796,0.0000,-0.4425,0.1575,82.6870
2026-05-07 16:23:24.600,0,9,10,0.00,-0.0003,0.0000,-2.1249,5.0796,0.0000,-0.4425,0.1575,82.6870
2026-05-07 16:23:25.100,0,9,10,0.00,0.0001,0.0003,-2.1249,5.0796,0.0000,-0.4425,0.1575,82.6870
2026-05-07 16:23:25.600,0,9,10,0.00,0.0001,0.0000,-2.1249,5.0796,0.0000,-0.4425,0.1575,82.6870
2026-05-07 16:23:26.100,0,9,10,0.00,0.0000,0.0000,-2.1249,5.0796,0.0000,-0.4425,0.1575,82.6870
2026-05-07 16:23:26.600,0,9,10,0.00,0.0000,0.0000,-2.1249,5.0796,0.0000,-0.4425,0.1575,82.6870
2026-05-07 16:23:27.100,0,9,10,0.00,-0.0098,0.0007,-2.1234,5.0793,0.0000,-0.4425,0.1575,82.6870
2026-05-07 16:23:27.600,0,9,10,0.00,-0.0098,0.0007,-2.1210,5.0788,0.0000,-0.4425,0.1575,82.6870
2026-05-07 16:23:28.100,0,9,10,0.00,0.0000,-0.0001,-2.1191,5.0783,0.0000,-0.4425,0.1575,82.6870
2026-05-07 16:23:28.600,0,9,10,0.00,0.0000,0.0000,-2.1191,5.0783,0.0000,-0.4425,0.1575,82.6870
2026-05-07 16:23:29.100,0,9,10,0.00,0.0000,0.0000,-2.1191,5.0783,0.0000,-0.4425,0.1575,82.6870
2026-05-07 16:23:29.600,0,9,10,0.00,0.0000,0.0000,-2.1191,5.0783,0.0000,-0.4425,0.1575,82.6870
2026-05-07 16:23:30.100,0,9,10,0.00,0.0000,0.0000,-2.1191,5.0783,0.0000,-0.4425,0.1575,82.6870
2026-05-07 16:23:30.600,0,9,10,0.00,0.0000,0.0000,-2.1191,5.0783,0.0000,-0.4425,0.1575,82.6870
2026-05-07 16:23:31.100,0,9,10,0.00,0.0000,0.0000,-2.1191,5.0783,0.0000,-0.4425,0.1575,82.6870
2026-05-07 16:23:31.600,0,9,10,0.00,0.0000,-0.0001,-2.1191,5.0783,0.0000,-0.4425,0.1575,82.6870
2026-05-07 16:23:32.100,0,9,10,0.00,-0.0001,0.0000,-2.1191,5.0783,0.0000,-0.4425,0.1575,82.6870
2026-05-07 16:23:32.600,0,1,10,0.00,0.0000,0.0000,-2.1191,5.0783,0.0000,-0.4425,0.1575,82.6870
2026-05-07 16:23:33.100,0,0,10,0.00,0.0000,0.0000,-2.1191,5.0783,0.0000,-0.4425,0.1575,82.4141
2026-05-07 16:23:33.600,0,0,10,0.00,0.0000,0.0000,-2.1191,5.0783,0.0000,-0.4425,0.1575,82.4050
2026-05-07 16:23:34.100,0,0,10,0.00,0.0000,0.0000,-2.1191,5.0783,0.0000,-0.4425,0.1575,82.3925
2026-05-07 16:23:34.600,0,0,10,0.00,0.0000,0.0000,-2.1191,5.0783,0.0000,-0.4425,0.1575,82.3525
2026-05-07 16:23:35.100,0,2,10,0.00,0.0001,-0.0001,-2.1191,5.0783,0.0000,-0.4425,0.1575,82.3322
2026-05-07 16:23:35.600,0,10,10,0.00,-0.0001,0.0000,-2.1191,5.0783,0.0000,-0.4425,0.1575,82.2921
2026-05-07 16:23:36.100,0,10,10,0.00,0.0495,0.0004,-2.1214,5.0788,0.0000,-0.4425,0.1575,82.2754
2026-05-07 16:23:36.600,0,10,10,0.00,0.2148,0.0000,-2.1576,5.0845,0.0000,-0.3855,0.2145,86.8845
2026-05-07 16:23:37.100,0,10,10,0.00,0.3591,0.0000,-2.2321,5.0815,0.0000,-0.2322,0.3678,99.9648
2026-05-07 16:23:37.600,0,10,10,0.00,0.3526,0.0000,-2.3153,5.0533,0.0000,-0.1820,0.4180,118.4163
2026-05-07 16:23:38.100,0,10,10,0.00,0.3525,0.0000,-2.3864,5.0008,0.0000,-0.1655,0.4345,136.8759
2026-05-07 16:23:38.600,0,10,10,0.00,0.3538,0.0000,-2.4377,4.9295,0.0000,-0.1601,0.4399,155.0811
2026-05-07 16:23:39.100,0,10,10,0.00,0.3567,0.0000,-2.4649,4.8455,0.0000,-0.1584,0.4416,172.8954
2026-05-07 16:23:39.600,0,10,10,0.00,0.3504,0.0000,-2.4652,4.7579,0.0000,-0.1578,0.4422,-168.5637
2026-05-07 16:23:40.100,0,10,10,0.00,0.3452,0.0000,-2.4396,4.6757,0.0000,-0.1576,0.4424,-158.1560
2026-05-07 16:23:40.600,0,10,10,0.00,0.3452,0.0000,-2.3909,4.6052,0.0000,-0.1575,0.4425,-158.3103
2026-05-07 16:23:41.100,0,10,10,0.00,0.3452,0.0000,-2.3229,4.5521,0.0000,-0.1575,0.4425,-158.3376
2026-05-07 16:23:41.600,0,4,10,0.00,0.3452,0.0000,-2.2920,4.5371,0.0000,-0.1575,0.4425,-158.3841
2026-05-07 16:23:42.100,0,0,10,0.00,0.3452,0.0000,-2.2920,4.5371,0.0000,-0.1575,0.4425,-158.3889
2026-05-07 16:23:42.600,0,0,10,0.00,0.3452,0.0000,-2.2920,4.5371,0.0000,-0.1575,0.4425,-158.4139
2026-05-07 16:23:43.100,0,9,10,0.00,0.0000,0.0126,-2.2947,4.5382,0.0000,-0.1575,0.4425,-158.3052
2026-05-07 16:23:43.600,0,10,10,0.00,-0.0001,0.0741,-2.3004,4.5404,0.0000,-0.1575,0.4425,-157.7591
2026-05-07 16:23:44.100,0,10,10,0.00,-0.0003,0.2686,-2.3444,4.5530,0.0000,-0.1575,0.4425,-151.3433
2026-05-07 16:23:44.600,0,10,10,0.00,-0.1488,0.3697,-2.4436,4.5598,0.0000,-0.1648,0.4352,-137.2600
2026-05-07 16:23:45.100,0,10,10,0.00,-0.3037,0.3520,-2.5924,4.5448,0.0000,-0.1864,0.4136,-127.6073
2026-05-07 16:23:45.600,0,10,10,0.00,-0.3433,0.3515,-2.7581,4.5191,0.0000,-0.1708,0.4292,-126.4738
2026-05-07 16:23:46.100,0,10,10,0.00,-0.1898,0.3547,-2.9180,4.4908,0.0000,-0.1657,0.4343,-125.4200
2026-05-07 16:23:46.600,0,10,10,0.00,-0.2723,0.3649,-3.0466,4.4506,0.0000,-0.2217,0.3783,-114.9807
2026-05-07 16:23:47.100,0,10,10,0.00,-0.3584,0.3541,-3.2071,4.3860,0.0000,-0.3103,0.4235,-111.7022
2026-05-07 16:23:47.600,0,10,10,0.00,-0.3524,0.3498,-3.3701,4.3199,0.0000,-0.2960,0.4340,-112.1437
2026-05-07 16:23:48.100,0,10,10,0.00,-0.3545,0.3512,-3.5335,4.2543,0.0000,-0.2916,0.4373,-112.4849
2026-05-07 16:23:48.600,0,10,10,0.00,-0.3508,0.3575,-3.6979,4.1884,0.0000,-0.2968,0.4415,-112.5327
2026-05-07 16:23:49.100,0,10,10,0.00,-0.3538,0.3549,-3.8619,4.1223,0.0000,-0.3192,0.4531,-112.0735
2026-05-07 16:23:49.600,0,10,10,0.00,-0.1355,0.3416,-3.9976,4.0639,0.0000,-0.3362,0.4633,-110.8068
2026-05-07 16:23:50.100,0,10,10,0.00,-0.2699,0.3448,-4.1212,3.9886,0.0000,-0.8000,0.7779,-100.3811
2026-05-07 16:23:50.600,0,10,10,0.00,0.0041,0.0170,-4.1826,3.9449,0.0000,-0.8000,0.7614,-96.0383
2026-05-07 16:23:51.100,0,10,10,0.00,0.0000,0.0000,-4.1825,3.9450,0.0000,-0.8000,0.7523,-96.0383
2026-05-07 16:23:51.600,0,10,10,0.00,0.0004,0.0001,-4.1825,3.9450,0.0000,-0.8000,0.7620,-96.0383
2026-05-07 16:23:52.100,0,10,10,0.00,0.0000,0.0000,-4.1825,3.9450,0.0000,-0.8000,0.7604,-95.7215
2026-05-07 16:23:52.600,0,10,10,0.00,0.0000,0.0001,-4.1825,3.9450,0.0000,-0.8000,0.7623,-95.7215
2026-05-07 16:23:53.100,0,10,10,0.00,-0.0001,0.0000,-4.1825,3.9450,0.0000,-0.8000,0.7630,-95.7215
2026-05-07 16:23:53.600,0,10,10,0.00,-0.0003,0.0000,-4.1825,3.9450,0.0000,-0.8000,0.7632,-95.7215
2026-05-07 16:23:54.100,0,10,10,0.00,0.0001,-0.0001,-4.1825,3.9450,0.0000,-0.8000,0.7632,-95.7215
2026-05-07 16:23:54.600,0,10,10,0.00,0.0001,-0.0001,-4.1825,3.9450,0.0000,-0.8000,0.7633,-95.7215
2026-05-07 16:23:55.100,0,10,10,0.00,0.0001,0.0000,-4.1825,3.9450,0.0000,-0.8000,0.7633,-95.7215
2026-05-07 16:23:55.600,0,10,10,0.00,0.0000,-0.0003,-4.1825,3.9450,0.0000,-0.8000,0.7633,-95.7215
2026-05-07 16:23:56.100,0,10,10,0.00,0.0000,0.0000,-4.1825,3.9450,0.0000,-0.8000,0.7633,-95.7215
2026-05-07 16:23:56.600,0,10,10,0.00,0.0001,0.0000,-4.1825,3.9450,0.0000,-0.8000,0.7633,-95.7215
2026-05-07 16:23:57.100,0,10,10,0.00,0.0003,-0.0008,-4.1825,3.9450,0.0000,-0.8000,0.7633,-95.7215
2026-05-07 16:23:57.600,0,10,10,0.00,0.0000,0.0000,-4.1825,3.9450,0.0000,-0.8000,0.7633,-95.7215
2026-05-07 16:23:58.100,0,10,10,0.00,0.0000,-0.0001,-4.1825,3.9450,0.0000,-0.8000,0.7633,-95.7215
2026-05-07 16:23:58.600,0,10,10,0.00,0.0000,0.0000,-4.1825,3.9450,0.0000,-0.8000,0.7633,-95.7215
2026-05-07 16:23:59.100,0,10,10,0.00,-0.0887,0.0974,-4.1950,3.9351,0.0000,-0.8000,0.7633,-95.7215
2026-05-07 16:23:59.600,0,10,10,0.00,-0.2555,0.2769,-4.2716,3.8727,0.0000,-0.8000,0.7493,-94.4491
2026-05-07 16:24:00.100,0,10,10,0.00,-0.3577,0.3689,-4.4005,3.7639,0.0000,-0.5844,0.4978,-92.5452
2026-05-07 16:24:00.600,0,10,10,0.00,-0.3541,0.3553,-4.5353,3.6484,0.0000,-0.5693,0.4844,-92.9803
2026-05-07 16:24:01.100,0,10,10,0.00,-0.3530,0.3536,-4.6701,3.5330,0.0000,-0.5655,0.4826,-93.5030
2026-05-07 16:24:01.600,0,10,10,0.00,-0.3526,0.3517,-4.8037,3.4183,0.0000,-0.5298,0.4228,-92.5216
2026-05-07 16:24:02.100,0,10,10,0.00,-0.3537,0.3525,-4.9394,3.3020,0.0000,-0.5090,0.3938,-92.7012
2026-05-07 16:24:02.600,0,10,10,0.00,-0.3541,0.3530,-5.0719,3.1887,0.0000,-0.4864,0.3569,-92.6234
2026-05-07 16:24:03.100,0,10,10,0.00,-0.3508,0.3488,-5.2063,3.0737,0.0000,-0.4471,0.2851,-91.9079
2026-05-07 16:24:03.600,0,10,10,0.00,-0.3549,0.3520,-5.3409,2.9581,0.0000,-0.4235,0.2479,-92.2684
2026-05-07 16:24:04.100,0,10,10,0.00,-0.3540,0.3499,-5.4748,2.8430,0.0000,-0.4110,0.2252,-93.3342
2026-05-07 16:24:04.600,0,10,10,0.00,-0.3533,0.3572,-5.6091,2.7278,0.0000,-0.4172,0.1828,-92.3562
2026-05-07 16:24:05.100,0,10,10,0.00,-0.3537,0.3521,-5.7428,2.6130,0.0000,-0.4326,0.1674,-92.6236
2026-05-07 16:24:05.600,0,10,10,0.00,-0.3545,0.3525,-5.8768,2.4981,0.0000,-0.4393,0.1607,-93.2860
2026-05-07 16:24:06.100,0,10,10,0.00,-0.3523,0.3511,-6.0109,2.3836,0.0000,-0.4414,0.1586,-93.1818
2026-05-07 16:24:06.600,0,10,10,0.00,-0.3554,0.3605,-6.1455,2.2687,0.0000,-0.4422,0.1578,-93.6550
2026-05-07 16:24:07.100,0,10,10,0.00,-0.3512,0.3479,-6.2801,2.1531,0.0000,-0.4424,0.1576,-93.9111
2026-05-07 16:24:07.600,0,10,10,0.00,-0.3516,0.3478,-6.4140,2.0383,0.0000,-0.4425,0.1575,-92.7142
2026-05-07 16:24:08.100,0,10,10,0.00,-0.3529,0.3538,-6.5484,1.9233,0.0000,-0.4425,0.1575,-93.0787
2026-05-07 16:24:08.600,0,10,10,0.00,-0.3528,0.3538,-6.6830,1.8076,0.0000,-0.4425,0.1575,-93.7128
2026-05-07 16:24:09.100,0,10,10,0.00,-0.3542,0.3495,-6.8165,1.6923,0.0000,-0.4192,0.1808,-93.4167
2026-05-07 16:24:09.600,0,10,10,0.00,-0.3549,0.3549,-6.9505,1.5771,0.0000,-0.4348,0.1652,-93.5247
2026-05-07 16:24:10.100,0,10,10,0.00,-0.3512,0.3477,-7.0844,1.4622,0.0000,-0.4400,0.1600,-93.1229
2026-05-07 16:24:10.600,0,10,10,0.00,-0.3545,0.3534,-7.2186,1.3468,0.0000,-0.4417,0.1583,-92.9036
2026-05-07 16:24:11.100,0,10,10,0.00,-0.2166,0.2466,-7.3397,1.2423,0.0000,-0.4422,0.1578,-93.3260
2026-05-07 16:24:11.600,0,10,10,0.00,0.0005,-0.0039,-7.3662,1.2186,0.0000,-0.4424,0.1576,-91.0699
2026-05-07 16:24:12.100,0,10,10,0.00,-0.0003,0.0000,-7.3661,1.2188,0.0000,-0.4425,0.1575,-91.0699
2026-05-07 16:24:12.600,0,10,10,0.00,-0.0003,0.0001,-7.3661,1.2188,0.0000,-0.4425,0.1575,-91.0699
2026-05-07 16:24:13.100,0,10,10,0.00,-0.0001,0.0000,-7.3661,1.2188,0.0000,-0.4425,0.1575,-91.0699
2026-05-07 16:24:13.600,0,10,10,0.00,0.0001,0.0001,-7.3661,1.2188,0.0000,-0.4425,0.1575,-91.0699
2026-05-07 16:24:14.100,0,10,10,0.00,0.0000,0.0001,-7.3661,1.2188,0.0000,-0.4425,0.1575,-91.0699
2026-05-07 16:24:14.600,0,10,10,0.00,0.0004,0.0001,-7.3661,1.2188,0.0000,-0.4425,0.1575,-91.0699
2026-05-07 16:24:15.100,0,10,10,0.00,0.0003,0.0000,-7.3661,1.2188,0.0000,-0.4425,0.1575,-91.0699
2026-05-07 16:24:15.600,0,10,10,0.00,0.0000,-0.0003,-7.3661,1.2188,0.0000,-0.4425,0.1575,-91.0699
2026-05-07 16:24:16.100,0,10,10,0.00,0.0000,0.0001,-7.3661,1.2188,0.0000,-0.4425,0.1575,-91.0699
2026-05-07 16:24:16.600,0,10,10,0.00,-0.0003,0.0000,-7.3661,1.2188,0.0000,-0.4425,0.1575,-91.0699
2026-05-07 16:24:17.100,0,10,10,0.00,0.0000,-0.0003,-7.3661,1.2188,0.0000,-0.4425,0.1575,-91.0699
2026-05-07 16:24:17.600,0,10,10,0.00,0.0004,0.0000,-7.3661,1.2188,0.0000,-0.4425,0.1575,-91.0699
2026-05-07 16:24:18.100,0,10,10,0.00,-0.0004,0.0000,-7.3661,1.2188,0.0000,-0.4425,0.1575,-91.0699
2026-05-07 16:24:18.600,0,10,10,0.00,-0.0005,0.0000,-7.3661,1.2188,0.0000,-0.4425,0.1575,-91.0699
2026-05-07 16:24:19.100,0,10,10,0.00,0.0000,-0.0004,-7.3661,1.2188,0.0000,-0.4425,0.1575,-91.0699
2026-05-07 16:24:19.600,0,10,10,0.00,-0.0003,0.0000,-7.3661,1.2188,0.0000,-0.4425,0.1575,-91.0699
2026-05-07 16:24:20.100,0,10,10,0.00,-0.0003,0.0000,-7.3661,1.2188,0.0000,-0.4425,0.1575,-91.0699
2026-05-07 16:24:20.600,0,10,10,0.00,0.0000,0.0000,-7.3661,1.2188,0.0000,-0.4425,0.1575,-91.0699
2026-05-07 16:24:21.100,0,10,10,0.00,0.0001,0.0003,-7.3661,1.2188,0.0000,-0.4425,0.1575,-91.0699
2026-05-07 16:24:21.600,0,10,10,0.00,0.0001,-0.0004,-7.3661,1.2188,0.0000,-0.4425,0.1575,-91.0699
2026-05-07 16:24:22.100,0,10,10,0.00,0.0000,-0.0001,-7.3661,1.2188,0.0000,-0.4425,0.1575,-91.0699
2026-05-07 16:24:22.600,0,10,10,0.00,0.0000,0.0000,-7.3661,1.2188,0.0000,-0.4425,0.1575,-91.0699
2026-05-07 16:24:23.100,0,10,10,0.00,0.0000,0.0000,-7.3661,1.2188,0.0000,-0.4425,0.1575,-91.0699
2026-05-07 16:24:23.600,0,10,10,0.00,0.0000,0.0001,-7.3661,1.2188,0.0000,-0.4425,0.1575,-91.0699
2026-05-07 16:24:24.100,0,10,10,0.00,0.0000,0.0000,-7.3661,1.2188,0.0000,-0.4425,0.1575,-91.0699
2026-05-07 16:24:24.600,0,10,10,0.00,0.0001,-0.0001,-7.3661,1.2188,0.0000,-0.4425,0.1575,-91.0699
2026-05-07 16:24:25.100,0,10,10,0.00,0.0000,0.0000,-7.3661,1.2188,0.0000,-0.4425,0.1575,-91.0699
2026-05-07 16:24:25.600,0,10,10,0.00,-0.0001,0.0000,-7.3661,1.2188,0.0000,-0.4425,0.1575,-91.0699
2026-05-07 16:24:26.100,0,10,10,0.00,-0.0001,0.0000,-7.3661,1.2188,0.0000,-0.4425,0.1575,-91.0699
2026-05-07 16:24:26.600,0,10,10,0.00,-0.0001,0.0000,-7.3661,1.2188,0.0000,-0.4425,0.1575,-91.0699
2026-05-07 16:24:27.100,0,10,10,0.00,-0.0001,-0.0001,-7.3661,1.2188,0.0000,-0.4425,0.1575,-91.0699
2026-05-07 16:24:27.600,0,10,10,0.00,-0.0005,-0.0001,-7.3661,1.2188,0.0000,-0.4425,0.1575,-91.0699
2026-05-07 16:24:28.100,0,10,10,0.00,0.0000,-0.0001,-7.3661,1.2188,0.0000,-0.4425,0.1575,-91.0699
2026-05-07 16:24:28.600,0,10,10,0.00,0.0000,0.0000,-7.3661,1.2188,0.0000,-0.4425,0.1575,-91.0699
2026-05-07 16:24:29.100,0,10,10,0.00,-0.0003,0.0000,-7.3661,1.2188,0.0000,-0.4425,0.1575,-91.0699
2026-05-07 16:24:29.600,0,10,10,0.00,0.0003,0.0001,-7.3661,1.2188,0.0000,-0.4425,0.1575,-91.0699
2026-05-07 16:24:30.100,0,10,10,0.00,0.0000,-0.0001,-7.3661,1.2188,0.0000,-0.4425,0.1575,-91.0699
2026-05-07 16:24:30.600,0,10,10,0.00,0.0000,0.0000,-7.3661,1.2188,0.0000,-0.4425,0.1575,-91.0699
2026-05-07 16:24:31.100,0,10,10,0.00,0.0000,-0.0001,-7.3661,1.2188,0.0000,-0.4425,0.1575,-91.0699
2026-05-07 16:24:31.600,0,10,10,0.00,-0.0001,0.0000,-7.3661,1.2188,0.0000,-0.4425,0.1575,-91.0699
2026-05-07 16:24:32.100,0,10,10,0.00,-0.0001,0.0001,-7.3661,1.2188,0.0000,-0.4425,0.1575,-91.0699
2026-05-07 16:24:32.600,0,10,10,0.00,0.0000,0.0001,-7.3661,1.2188,0.0000,-0.4425,0.1575,-91.0699
2026-05-07 16:24:33.100,0,10,10,0.00,-0.0003,0.0000,-7.3661,1.2188,0.0000,-0.4425,0.1575,-91.0699
2026-05-07 16:24:33.600,0,10,10,0.00,0.0001,0.0000,-7.3661,1.2188,0.0000,-0.4425,0.1575,-91.0699
2026-05-07 16:24:34.100,0,10,10,0.00,0.0001,0.0001,-7.3661,1.2188,0.0000,-0.4425,0.1575,-91.0699
2026-05-07 16:24:34.600,0,10,10,0.00,0.0000,0.0000,-7.3661,1.2188,0.0000,-0.4425,0.1575,-91.0699
2026-05-07 16:24:35.100,0,10,10,0.00,0.0001,-0.0001,-7.3661,1.2188,0.0000,-0.4425,0.1575,-91.0699
2026-05-07 16:24:35.600,0,10,10,0.00,-0.0001,-0.0001,-7.3661,1.2188,0.0000,-0.4425,0.1575,-91.0699
2026-05-07 16:24:36.100,0,10,10,0.00,0.0001,-0.0003,-7.3661,1.2188,0.0000,-0.4425,0.1575,-91.0699
2026-05-07 16:24:36.600,0,10,10,0.00,0.0000,0.0000,-7.3661,1.2188,0.0000,-0.4425,0.1575,-91.0699
2026-05-07 16:24:37.100,0,10,10,0.00,0.0001,0.0000,-7.3661,1.2188,0.0000,-0.4425,0.1575,-91.0699
2026-05-07 16:24:37.600,0,10,10,0.00,0.0000,-0.0001,-7.3661,1.2188,0.0000,-0.4425,0.1575,-91.0699
2026-05-07 16:24:38.100,0,10,10,0.00,0.0000,-0.0003,-7.3661,1.2188,0.0000,-0.4425,0.1575,-91.0699
2026-05-07 16:24:38.600,0,10,10,0.00,0.0003,0.0000,-7.3661,1.2188,0.0000,-0.4425,0.1575,-91.0699
2026-05-07 16:24:39.100,0,10,10,0.00,0.0001,0.0000,-7.3661,1.2188,0.0000,-0.4425,0.1575,-91.0699
2026-05-07 16:24:39.600,0,10,10,0.00,-0.0001,-0.0001,-7.3661,1.2188,0.0000,-0.4425,0.1575,-91.0699
2026-05-07 16:24:40.100,0,10,10,0.00,0.0000,0.0000,-7.3661,1.2188,0.0000,-0.4425,0.1575,-91.0699
2026-05-07 16:24:40.600,0,10,10,0.00,0.0000,-0.0001,-7.3661,1.2188,0.0000,-0.4425,0.1575,-91.0699
2026-05-07 16:24:41.100,0,10,10,0.00,0.0000,0.0000,-7.3661,1.2188,0.0000,-0.4425,0.1575,-91.0699
2026-05-07 16:24:41.600,0,10,10,0.00,-0.0001,0.0000,-7.3661,1.2188,0.0000,-0.4425,0.1575,-91.0699
2026-05-07 16:24:42.100,0,10,10,0.00,0.0001,0.0000,-7.3661,1.2188,0.0000,-0.4425,0.1575,-91.0699
2026-05-07 16:24:42.600,0,10,10,0.00,0.0000,0.0000,-7.3661,1.2188,0.0000,-0.4425,0.1575,-91.0699
2026-05-07 16:24:43.100,0,10,10,0.00,0.0000,0.0000,-7.3661,1.2188,0.0000,-0.4425,0.1575,-91.0699
2026-05-07 16:24:43.600,0,10,10,0.00,-0.0003,0.0001,-7.3661,1.2188,0.0000,-0.4425,0.1575,-91.0699
2026-05-07 16:24:44.100,0,10,10,0.00,-0.0001,0.0000,-7.3661,1.2188,0.0000,-0.4425,0.1575,-91.0699
2026-05-07 16:24:44.600,0,10,10,0.00,0.0000,0.0000,-7.3661,1.2188,0.0000,-0.4425,0.1575,-91.0699
2026-05-07 16:24:45.100,0,10,10,0.00,0.0001,-0.0003,-7.3661,1.2188,0.0000,-0.4425,0.1575,-91.0699
2026-05-07 16:24:45.600,0,10,10,0.00,0.0001,0.0000,-7.3661,1.2188,0.0000,-0.4425,0.1575,-91.0699
2026-05-07 16:24:46.100,0,10,10,0.00,0.0001,0.0000,-7.3661,1.2188,0.0000,-0.4425,0.1575,-91.0699
2026-05-07 16:24:46.600,0,10,10,0.00,-0.0001,-0.0001,-7.3661,1.2188,0.0000,-0.4425,0.1575,-91.0699
2026-05-07 16:24:47.100,0,10,10,0.00,-0.0003,-0.0001,-7.3661,1.2188,0.0000,-0.4425,0.1575,-91.0699
2026-05-07 16:24:47.600,0,10,10,0.00,0.0000,0.0001,-7.3661,1.2188,0.0000,-0.4425,0.1575,-91.0699
2026-05-07 16:24:48.100,0,10,10,0.00,0.0000,0.0000,-7.3661,1.2188,0.0000,-0.4425,0.1575,-91.0699
2026-05-07 16:24:48.600,0,10,10,0.00,0.0000,0.0000,-7.3661,1.2188,0.0000,-0.4425,0.1575,-91.0699
2026-05-07 16:24:49.100,0,10,10,0.00,0.0003,-0.0003,-7.3661,1.2188,0.0000,-0.4425,0.1575,-91.0699
2026-05-07 16:24:49.600,0,10,10,0.00,0.0000,0.0000,-7.3661,1.2188,0.0000,-0.4425,0.1575,-91.0699
2026-05-07 16:24:50.100,0,10,10,0.00,0.0000,0.0003,-7.3661,1.2188,0.0000,-0.4425,0.1575,-91.0699
2026-05-07 16:24:50.600,0,10,10,0.00,0.0001,0.0000,-7.3661,1.2188,0.0000,-0.4425,0.1575,-91.0699
2026-05-07 16:24:51.100,0,10,10,0.00,0.0000,0.0000,-7.3661,1.2188,0.0000,-0.4425,0.1575,-91.0699
2026-05-07 16:24:51.600,0,10,10,0.00,0.0001,0.0000,-7.3661,1.2188,0.0000,-0.4425,0.1575,-91.0699
2026-05-07 16:24:52.100,0,10,10,0.00,0.0000,0.0000,-7.3661,1.2188,0.0000,-0.4425,0.1575,-91.0699
2026-05-07 16:24:52.600,0,10,10,0.00,0.0000,0.0001,-7.3661,1.2188,0.0000,-0.4425,0.1575,-91.0699
2026-05-07 16:24:53.100,0,10,10,0.00,-0.0001,-0.0003,-7.3661,1.2188,0.0000,-0.4425,0.1575,-91.0699
2026-05-07 16:24:53.600,0,10,10,0.00,0.0001,0.0000,-7.3661,1.2188,0.0000,-0.4425,0.1575,-91.0699
2026-05-07 16:24:54.100,0,10,10,0.00,-0.0004,0.0000,-7.3661,1.2188,0.0000,-0.4425,0.1575,-91.0699
2026-05-07 16:24:54.600,0,10,10,0.00,0.0000,0.0000,-7.3661,1.2188,0.0000,-0.4425,0.1575,-91.0699
2026-05-07 16:24:55.100,0,10,10,0.00,0.0000,-0.0001,-7.3661,1.2188,0.0000,-0.4425,0.1575,-91.0699
2026-05-07 16:24:55.600,0,10,10,0.00,0.0000,0.0000,-7.3661,1.2188,0.0000,-0.4425,0.1575,-91.0699
2026-05-07 16:24:56.100,0,10,10,0.00,0.0000,-0.0005,-7.3661,1.2188,0.0000,-0.4425,0.1575,-91.0699
2026-05-07 16:24:56.600,0,10,10,0.00,-0.0001,-0.0001,-7.3661,1.2188,0.0000,-0.4425,0.1575,-91.0699
2026-05-07 16:24:57.100,0,10,10,0.00,-0.0001,0.0000,-7.3661,1.2188,0.0000,-0.4425,0.1575,-91.0699
2026-05-07 16:24:57.600,0,10,10,0.00,-0.0004,0.0000,-7.3661,1.2188,0.0000,-0.4425,0.1575,-91.0699
2026-05-07 16:24:58.100,0,10,10,0.00,-0.0001,0.0000,-7.3661,1.2188,0.0000,-0.4425,0.1575,-91.0699
2026-05-07 16:24:58.600,0,10,10,0.00,0.0000,0.0000,-7.3661,1.2188,0.0000,-0.4425,0.1575,-91.0699
2026-05-07 16:24:59.100,0,10,10,0.00,0.0000,0.0000,-7.3661,1.2188,0.0000,-0.4425,0.1575,-91.0699
2026-05-07 16:24:59.600,0,10,10,0.00,0.0001,0.0000,-7.3661,1.2188,0.0000,-0.4425,0.1575,-91.0699
2026-05-07 16:25:00.100,0,10,10,0.00,0.0000,0.0000,-7.3661,1.2188,0.0000,-0.4425,0.1575,-91.0699
2026-05-07 16:25:00.600,0,10,10,0.00,-0.0001,-0.0001,-7.3661,1.2188,0.0000,-0.4425,0.1575,-91.0699
2026-05-07 16:25:01.100,0,10,10,0.00,-0.0003,0.0001,-7.3661,1.2188,0.0000,-0.4425,0.1575,-91.0699
2026-05-07 16:25:01.600,0,10,10,0.00,-0.0001,0.0000,-7.3661,1.2188,0.0000,-0.4425,0.1575,-91.0699
2026-05-07 16:25:02.100,0,10,10,0.00,0.0001,0.0000,-7.3661,1.2188,0.0000,-0.4425,0.1575,-91.0699
2026-05-07 16:25:02.600,0,10,10,0.00,-0.0001,0.0000,-7.3661,1.2188,0.0000,-0.4425,0.1575,-91.0699
2026-05-07 16:25:03.100,0,10,10,0.00,0.0000,-0.0001,-7.3661,1.2188,0.0000,-0.4425,0.1575,-91.0699
2026-05-07 16:25:03.600,0,10,10,0.00,0.0005,0.0000,-7.3661,1.2188,0.0000,-0.4425,0.1575,-91.0699
2026-05-07 16:25:04.100,0,10,10,0.00,0.0001,0.0000,-7.3661,1.2188,0.0000,-0.4425,0.1575,-91.0699
2026-05-07 16:25:04.600,0,10,10,0.00,-0.0005,0.0000,-7.3661,1.2188,0.0000,-0.4425,0.1575,-91.0699
2026-05-07 16:25:05.100,0,10,10,0.00,-0.0001,0.0000,-7.3661,1.2188,0.0000,-0.4425,0.1575,-91.0699
2026-05-07 16:25:05.600,0,10,10,0.00,0.0000,0.0000,-7.3661,1.2188,0.0000,-0.4425,0.1575,-91.0699
2026-05-07 16:25:06.100,0,10,10,0.00,0.0000,0.0000,-7.3661,1.2188,0.0000,-0.4425,0.1575,-91.0699
2026-05-07 16:25:06.600,0,10,10,0.00,0.0000,0.0000,-7.3661,1.2188,0.0000,-0.4425,0.1575,-91.0699
2026-05-07 16:25:07.100,0,10,10,0.00,-0.0001,-0.0001,-7.3661,1.2188,0.0000,-0.4425,0.1575,-91.0699
2026-05-07 16:25:07.600,0,10,10,0.00,0.0000,-0.0001,-7.3661,1.2188,0.0000,-0.4425,0.1575,-91.0699
2026-05-07 16:25:08.100,0,10,10,0.00,0.0001,0.0001,-7.3661,1.2188,0.0000,-0.4425,0.1575,-91.0699
2026-05-07 16:25:08.600,0,10,10,0.00,0.0001,0.0000,-7.3661,1.2188,0.0000,-0.4425,0.1575,-91.0699
2026-05-07 16:25:09.100,0,10,10,0.00,-0.0001,0.0000,-7.3661,1.2188,0.0000,-0.4425,0.1575,-91.0699
2026-05-07 16:25:09.600,0,10,10,0.00,-0.0001,0.0000,-7.3661,1.2188,0.0000,-0.4425,0.1575,-91.0699
2026-05-07 16:25:10.100,0,10,10,0.00,0.0000,-0.0001,-7.3661,1.2188,0.0000,-0.4425,0.1575,-91.0699
2026-05-07 16:25:10.600,0,10,10,0.00,-0.0001,0.0003,-7.3661,1.2188,0.0000,-0.4425,0.1575,-91.0699
2026-05-07 16:25:11.100,0,10,10,0.00,-0.0001,0.0000,-7.3661,1.2188,0.0000,-0.4425,0.1575,-91.0699
2026-05-07 16:25:11.600,0,10,10,0.00,0.0001,0.0000,-7.3661,1.2188,0.0000,-0.4425,0.1575,-91.0699
2026-05-07 16:25:12.100,0,10,10,0.00,-0.0001,0.0000,-7.3661,1.2188,0.0000,-0.4425,0.1575,-91.0699
2026-05-07 16:25:12.600,0,10,10,0.00,0.0001,0.0000,-7.3661,1.2188,0.0000,-0.4425,0.1575,-91.0699
2026-05-07 16:25:13.100,0,10,10,0.00,0.0001,0.0000,-7.3661,1.2188,0.0000,-0.4425,0.1575,-91.0699
2026-05-07 16:25:13.600,0,10,10,0.00,0.0000,0.0004,-7.3661,1.2188,0.0000,-0.4425,0.1575,-91.0699
2026-05-07 16:25:14.100,0,10,10,0.00,0.0000,0.0003,-7.3661,1.2188,0.0000,-0.4425,0.1575,-91.0699
2026-05-07 16:25:14.600,0,10,10,0.00,0.0003,0.0000,-7.3661,1.2188,0.0000,-0.4425,0.1575,-91.0699
2026-05-07 16:25:15.100,0,10,10,0.00,0.0000,-0.0001,-7.3661,1.2188,0.0000,-0.4425,0.1575,-91.0699
2026-05-07 16:25:15.600,0,10,10,0.00,0.0001,-0.0003,-7.3661,1.2188,0.0000,-0.4425,0.1575,-91.0699
2026-05-07 16:25:16.100,0,10,10,0.00,0.0003,0.0000,-7.3661,1.2188,0.0000,-0.4425,0.1575,-91.0699
2026-05-07 16:25:16.600,0,10,10,0.00,0.0000,-0.0003,-7.3661,1.2188,0.0000,-0.4425,0.1575,-91.0699
2026-05-07 16:25:17.100,0,10,10,0.00,-0.0001,0.0000,-7.3661,1.2188,0.0000,-0.4425,0.1575,-91.0699
2026-05-07 16:25:17.600,0,10,10,0.00,0.0001,0.0001,-7.3661,1.2188,0.0000,-0.4425,0.1575,-91.0699
2026-05-07 16:25:18.100,0,10,10,0.00,0.0005,0.0000,-7.3661,1.2188,0.0000,-0.4425,0.1575,-91.0699
2026-05-07 16:25:18.600,0,10,10,0.00,-0.0001,0.0000,-7.3661,1.2188,0.0000,-0.4425,0.1575,-91.0699
2026-05-07 16:25:19.100,0,10,10,0.00,0.0000,0.0000,-7.3661,1.2188,0.0000,-0.4425,0.1575,-91.0699
2026-05-07 16:25:19.600,0,10,10,0.00,0.0001,0.0001,-7.3661,1.2188,0.0000,-0.4425,0.1575,-91.0699
2026-05-07 16:25:20.100,0,10,10,0.00,0.0000,0.0001,-7.3661,1.2188,0.0000,-0.4425,0.1575,-91.0699
2026-05-07 16:25:20.600,0,10,10,0.00,0.0001,0.0000,-7.3661,1.2188,0.0000,-0.4425,0.1575,-91.0699
2026-05-07 16:25:21.100,0,10,10,0.00,0.0001,0.0001,-7.3661,1.2188,0.0000,-0.4425,0.1575,-91.0699
2026-05-07 16:25:21.600,0,10,10,0.00,0.0000,0.0000,-7.3661,1.2188,0.0000,-0.4425,0.1575,-91.0699
2026-05-07 16:25:22.100,0,10,10,0.00,0.0000,0.0000,-7.3661,1.2188,0.0000,-0.4425,0.1575,-91.0699
2026-05-07 16:25:22.600,0,10,10,0.00,0.0000,0.0004,-7.3661,1.2188,0.0000,-0.4425,0.1575,-92.0297
2026-05-07 16:25:23.100,0,10,10,0.00,0.0000,0.0000,-7.3661,1.2188,0.0000,-0.4425,0.1575,-92.0297
2026-05-07 16:25:23.600,0,10,10,0.00,0.0000,-0.0001,-7.3661,1.2188,0.0000,-0.4425,0.1575,-92.0297
2026-05-07 16:25:24.100,0,10,10,0.00,0.0000,0.0000,-7.3661,1.2188,0.0000,-0.4425,0.1575,-92.0297
2026-05-07 16:25:24.600,0,10,10,0.00,0.0000,0.0000,-7.3661,1.2188,0.0000,-0.4425,0.1575,-92.0297
2026-05-07 16:25:25.100,0,10,10,0.00,0.0000,0.0000,-7.3661,1.2188,0.0000,-0.4425,0.1575,-92.0297
2026-05-07 16:25:25.600,0,10,10,0.00,0.0000,0.0000,-7.3661,1.2188,0.0000,-0.4425,0.1575,-92.0297
2026-05-07 16:25:26.100,0,10,10,0.00,0.0000,0.0001,-7.3661,1.2188,0.0000,-0.4425,0.1575,-92.0297
2026-05-07 16:25:26.600,0,10,10,0.00,0.0001,0.0001,-7.3661,1.2188,0.0000,-0.4425,0.1575,-92.0297
2026-05-07 16:25:27.100,0,10,10,0.00,0.0000,0.0001,-7.3661,1.2188,0.0000,-0.4425,0.1575,-92.0297
2026-05-07 16:25:27.600,0,10,10,0.00,0.0000,0.0000,-7.3661,1.2188,0.0000,-0.4425,0.1575,-92.0297
2026-05-07 16:25:28.100,0,10,10,0.00,0.0000,0.0001,-7.3661,1.2188,0.0000,-0.4425,0.1575,-92.0297
2026-05-07 16:25:28.600,0,10,10,0.00,-0.0001,-0.0003,-7.3661,1.2188,0.0000,-0.4425,0.1575,-92.0297
2026-05-07 16:25:29.100,0,10,10,0.00,-0.0003,-0.0001,-7.3661,1.2188,0.0000,-0.4425,0.1575,-92.0297
2026-05-07 16:25:29.600,0,10,10,0.00,0.0000,0.0000,-7.3661,1.2188,0.0000,-0.4425,0.1575,-92.0297
2026-05-07 16:25:30.100,0,10,10,0.00,0.0001,0.0000,-7.3661,1.2188,0.0000,-0.4425,0.1575,-92.0297
2026-05-07 16:25:30.600,0,10,10,0.00,0.0000,0.0000,-7.3661,1.2188,0.0000,-0.4425,0.1575,-92.0297
2026-05-07 16:25:31.100,0,10,10,0.00,0.0000,0.0003,-7.3661,1.2188,0.0000,-0.4425,0.1575,-92.0297
2026-05-07 16:25:31.600,0,10,10,0.00,0.0004,-0.0001,-7.3661,1.2188,0.0000,-0.4425,0.1575,-92.0297
2026-05-07 16:25:32.100,0,10,10,0.00,0.0000,0.0000,-7.3661,1.2188,0.0000,-0.4425,0.1575,-92.0297
2026-05-07 16:25:32.600,0,10,10,0.00,0.0001,0.0000,-7.3661,1.2188,0.0000,-0.4425,0.1575,-92.0297
2026-05-07 16:25:33.100,0,10,10,0.00,0.0000,-0.0001,-7.3661,1.2188,0.0000,-0.4425,0.1575,-92.0297
2026-05-07 16:25:33.600,0,10,10,0.00,0.0000,0.0000,-7.3661,1.2188,0.0000,-0.4425,0.1575,-92.0297
2026-05-07 16:25:34.100,0,10,10,0.00,0.0000,0.0000,-7.3661,1.2188,0.0000,-0.4425,0.1575,-92.0297
2026-05-07 16:25:34.600,0,10,10,0.00,0.0000,0.0001,-7.3661,1.2188,0.0000,-0.4425,0.1575,-92.0297
2026-05-07 16:25:35.100,0,10,10,0.00,0.0005,0.0000,-7.3661,1.2188,0.0000,-0.4425,0.1575,-92.0297
2026-05-07 16:25:35.600,0,10,10,0.00,0.0000,0.0000,-7.3661,1.2188,0.0000,-0.4425,0.1575,-92.0297
2026-05-07 16:25:36.100,0,10,10,0.00,0.0000,0.0001,-7.3661,1.2188,0.0000,-0.4425,0.1575,-92.0297
2026-05-07 16:25:36.600,0,10,10,0.00,0.0000,0.0000,-7.3661,1.2188,0.0000,-0.4425,0.1575,-92.0297
2026-05-07 16:25:37.100,0,10,10,0.00,0.0004,0.0000,-7.3661,1.2188,0.0000,-0.4425,0.1575,-92.0297
2026-05-07 16:25:37.600,0,10,10,0.00,0.0000,0.0000,-7.3661,1.2188,0.0000,-0.4425,0.1575,-92.0297
2026-05-07 16:25:38.100,0,10,10,0.00,0.0000,0.0001,-7.3661,1.2188,0.0000,-0.4425,0.1575,-92.0297
2026-05-07 16:25:38.600,0,10,10,0.00,0.0003,0.0000,-7.3661,1.2188,0.0000,-0.4425,0.1575,-92.0297
2026-05-07 16:25:39.100,0,10,10,0.00,-0.0003,-0.0001,-7.3661,1.2188,0.0000,-0.4425,0.1575,-92.0297
2026-05-07 16:25:39.600,0,10,10,0.00,-0.0001,0.0000,-7.3661,1.2188,0.0000,-0.4425,0.1575,-92.0297
2026-05-07 16:25:40.100,0,10,10,0.00,0.0004,0.0000,-7.3661,1.2188,0.0000,-0.4425,0.1575,-92.0297
2026-05-07 16:25:40.600,0,10,10,0.00,0.0003,0.0000,-7.3661,1.2188,0.0000,-0.4425,0.1575,-92.0297
2026-05-07 16:25:41.100,0,10,10,0.00,0.0000,-0.0004,-7.3661,1.2188,0.0000,-0.4425,0.1575,-92.0297
2026-05-07 16:25:41.600,0,10,10,0.00,0.0001,0.0000,-7.3661,1.2188,0.0000,-0.4425,0.1575,-92.0297
2026-05-07 16:25:42.100,0,10,10,0.00,0.0000,-0.0001,-7.3661,1.2188,0.0000,-0.4425,0.1575,-92.0297
2026-05-07 16:25:42.600,0,10,10,0.00,-0.0001,-0.0003,-7.3661,1.2188,0.0000,-0.4425,0.1575,-92.0297
2026-05-07 16:25:43.100,0,10,10,0.00,0.0000,-0.0001,-7.3661,1.2188,0.0000,-0.4425,0.1575,-92.0297
2026-05-07 16:25:43.600,0,10,10,0.00,0.0003,0.0000,-7.3661,1.2188,0.0000,-0.4425,0.1575,-92.0297
2026-05-07 16:25:44.101,0,10,10,0.00,0.0001,0.0001,-7.3661,1.2188,0.0000,-0.4425,0.1575,-92.0297
2026-05-07 16:25:44.600,0,10,10,0.00,0.0000,0.0001,-7.3661,1.2188,0.0000,-0.4425,0.1575,-92.0297
2026-05-07 16:25:45.100,0,10,10,0.00,0.0000,-0.0001,-7.3661,1.2188,0.0000,-0.4425,0.1575,-92.0297
2026-05-07 16:25:45.600,0,10,10,0.00,0.0000,0.0004,-7.3661,1.2188,0.0000,-0.4425,0.1575,-92.0297
2026-05-07 16:25:46.100,0,10,10,0.00,0.0000,0.0000,-7.3661,1.2188,0.0000,-0.4425,0.1575,-92.0297
2026-05-07 16:25:46.600,0,10,10,0.00,0.0001,0.0000,-7.3661,1.2188,0.0000,-0.4425,0.1575,-92.0297
2026-05-07 16:25:47.100,0,10,10,0.00,-0.0003,0.0000,-7.3661,1.2188,0.0000,-0.4425,0.1575,-92.0297
2026-05-07 16:25:47.600,0,10,10,0.00,0.0001,0.0000,-7.3661,1.2188,0.0000,-0.4425,0.1575,-92.0297
2026-05-07 16:25:48.100,0,10,10,0.00,0.0001,-0.0001,-7.3661,1.2188,0.0000,-0.4425,0.1575,-92.0297
2026-05-07 16:25:48.600,0,10,10,0.00,0.0001,0.0000,-7.3661,1.2188,0.0000,-0.4425,0.1575,-92.0297
2026-05-07 16:25:49.100,0,10,10,0.00,0.0001,0.0001,-7.3661,1.2188,0.0000,-0.4425,0.1575,-92.0297
2026-05-07 16:25:49.600,0,10,10,0.00,0.0000,0.0000,-7.3661,1.2188,0.0000,-0.4425,0.1575,-92.0297
2026-05-07 16:25:50.100,0,10,10,0.00,0.0000,0.0000,-7.3661,1.2188,0.0000,-0.4425,0.1575,-92.0297
2026-05-07 16:25:50.600,0,10,10,0.00,0.0000,0.0000,-7.3661,1.2188,0.0000,-0.4425,0.1575,-92.0297
2026-05-07 16:25:51.100,0,10,10,0.00,0.0000,0.0000,-7.3661,1.2188,0.0000,-0.4425,0.1575,-92.0297
2026-05-07 16:25:51.600,0,10,10,0.00,0.0000,0.0000,-7.3661,1.2188,0.0000,-0.4425,0.1575,-92.0297
2026-05-07 16:25:52.100,0,10,10,0.00,0.0005,0.0000,-7.3661,1.2188,0.0000,-0.4425,0.1575,-92.0297
2026-05-07 16:25:52.600,0,10,10,0.00,0.0000,0.0000,-7.3661,1.2188,0.0000,-0.4425,0.1575,-92.0297
2026-05-07 16:25:53.100,0,10,10,0.00,0.0000,-0.0001,-7.3661,1.2188,0.0000,-0.4425,0.1575,-92.0297
2026-05-07 16:25:53.600,0,10,10,0.00,0.0000,0.0000,-7.3661,1.2188,0.0000,-0.4425,0.1575,-92.0297
2026-05-07 16:25:54.100,0,10,10,0.00,-0.0001,0.0000,-7.3661,1.2188,0.0000,-0.4425,0.1575,-92.0297
2026-05-07 16:25:54.600,0,10,10,0.00,0.0001,0.0000,-7.3661,1.2188,0.0000,-0.4425,0.1575,-92.0297
2026-05-07 16:25:55.100,0,10,10,0.00,0.0000,0.0003,-7.3661,1.2188,0.0000,-0.4425,0.1575,-92.0297
2026-05-07 16:25:55.600,0,10,10,0.00,0.0000,0.0000,-7.3661,1.2188,0.0000,-0.4425,0.1575,-92.0297
2026-05-07 16:25:56.100,0,10,10,0.00,-0.0001,0.0001,-7.3661,1.2188,0.0000,-0.4425,0.1575,-92.0297
2026-05-07 16:25:56.600,0,10,10,0.00,-0.0001,0.0000,-7.3661,1.2188,0.0000,-0.4425,0.1575,-92.0297
2026-05-07 16:25:57.100,0,10,10,0.00,0.0001,0.0000,-7.3661,1.2188,0.0000,-0.4425,0.1575,-92.0297
2026-05-07 16:25:57.600,0,10,10,0.00,-0.0001,0.0000,-7.3661,1.2188,0.0000,-0.4425,0.1575,-92.0297
2026-05-07 16:25:58.100,0,10,10,0.00,0.0000,0.0000,-7.3661,1.2188,0.0000,-0.4425,0.1575,-92.0297
2026-05-07 16:25:58.600,0,10,10,0.00,-0.0003,0.0000,-7.3661,1.2188,0.0000,-0.4425,0.1575,-92.0297
2026-05-07 16:25:59.100,0,10,10,0.00,0.0001,-0.0001,-7.3661,1.2188,0.0000,-0.4425,0.1575,-92.0297
2026-05-07 16:25:59.600,0,10,10,0.00,0.0000,0.0000,-7.3661,1.2188,0.0000,-0.4425,0.1575,-92.0297
2026-05-07 16:26:00.100,0,10,10,0.00,0.0000,0.0000,-7.3661,1.2188,0.0000,-0.4425,0.1575,-92.0297
2026-05-07 16:26:00.600,0,10,10,0.00,0.0001,0.0001,-7.3661,1.2188,0.0000,-0.4425,0.1575,-92.0297
2026-05-07 16:26:01.100,0,10,10,0.00,0.0000,0.0000,-7.3661,1.2188,0.0000,-0.4425,0.1575,-92.0297
2026-05-07 16:26:01.600,0,10,10,0.00,0.0000,0.0000,-7.3661,1.2188,0.0000,-0.4425,0.1575,-92.0297
2026-05-07 16:26:02.100,0,10,10,0.00,0.0001,0.0000,-7.3661,1.2188,0.0000,-0.4425,0.1575,-92.0297
2026-05-07 16:26:02.600,0,10,10,0.00,0.0001,-0.0001,-7.3661,1.2188,0.0000,-0.4425,0.1575,-92.0297
2026-05-07 16:26:03.100,0,10,10,0.00,0.0000,0.0000,-7.3661,1.2188,0.0000,-0.4425,0.1575,-92.0297
2026-05-07 16:26:03.600,0,10,10,0.00,0.0000,0.0000,-7.3661,1.2188,0.0000,-0.4425,0.1575,-92.0297
2026-05-07 16:26:04.100,0,10,10,0.00,0.0000,-0.0001,-7.3661,1.2188,0.0000,-0.4425,0.1575,-92.0297
2026-05-07 16:26:04.602,0,10,10,0.00,0.0001,0.0001,-7.3661,1.2188,0.0000,-0.4425,0.1575,-92.0297
2026-05-07 16:26:05.100,0,10,10,0.00,-0.0001,0.0001,-7.3661,1.2188,0.0000,-0.4425,0.1575,-92.0297
2026-05-07 16:26:05.600,0,10,10,0.00,0.0000,0.0000,-7.3661,1.2188,0.0000,-0.4425,0.1575,-92.0297
2026-05-07 16:26:06.100,0,10,10,0.00,0.0000,0.0000,-7.3661,1.2188,0.0000,-0.4425,0.1575,-92.0297
2026-05-07 16:26:06.600,0,10,10,0.00,0.0004,0.0000,-7.3661,1.2188,0.0000,-0.4425,0.1575,-92.0297
2026-05-07 16:26:07.100,0,10,10,0.00,0.0000,0.0001,-7.3661,1.2188,0.0000,-0.4425,0.1575,-92.0297
2026-05-07 16:26:07.600,0,10,10,0.00,-0.0001,0.0000,-7.3661,1.2188,0.0000,-0.4425,0.1575,-92.0297
2026-05-07 16:26:08.100,0,10,10,0.00,0.0000,0.0000,-7.3661,1.2188,0.0000,-0.4425,0.1575,-92.0297
2026-05-07 16:26:08.600,0,10,10,0.00,0.0001,0.0004,-7.3661,1.2188,0.0000,-0.4425,0.1575,-92.0297
2026-05-07 16:26:09.100,0,10,10,0.00,0.0000,-0.0004,-7.3661,1.2188,0.0000,-0.4425,0.1575,-92.0297
2026-05-07 16:26:09.600,0,10,10,0.00,0.0001,0.0000,-7.3661,1.2188,0.0000,-0.4425,0.1575,-92.0297
2026-05-07 16:26:10.100,0,10,10,0.00,0.0000,-0.0001,-7.3661,1.2188,0.0000,-0.4425,0.1575,-92.0297
2026-05-07 16:26:10.600,0,10,10,0.00,0.0000,0.0000,-7.3661,1.2188,0.0000,-0.4425,0.1575,-92.0297
2026-05-07 16:26:11.100,0,10,10,0.00,0.0000,0.0000,-7.3661,1.2188,0.0000,-0.4425,0.1575,-92.0297
2026-05-07 16:26:11.600,0,10,10,0.00,-0.0003,0.0001,-7.3661,1.2188,0.0000,-0.4425,0.1575,-92.0297
2026-05-07 16:26:12.100,0,10,10,0.00,0.0000,0.0004,-7.3661,1.2188,0.0000,-0.4425,0.1575,-92.0297
2026-05-07 16:26:12.600,0,10,10,0.00,0.0000,0.0000,-7.3661,1.2188,0.0000,-0.4425,0.1575,-92.0297
2026-05-07 16:26:13.100,0,10,10,0.00,-0.0001,-0.0001,-7.3661,1.2188,0.0000,-0.4425,0.1575,-92.0297
2026-05-07 16:26:13.600,0,10,10,0.00,-0.0001,-0.0001,-7.3661,1.2188,0.0000,-0.4425,0.1575,-92.0297
2026-05-07 16:26:14.100,0,10,10,0.00,0.0000,0.0000,-7.3661,1.2188,0.0000,-0.4425,0.1575,-92.0297
2026-05-07 16:26:14.600,0,10,10,0.00,0.0000,0.0000,-7.3661,1.2188,0.0000,-0.4425,0.1575,-92.0297
2026-05-07 16:26:15.100,0,10,10,0.00,-0.0001,0.0001,-7.3661,1.2188,0.0000,-0.4425,0.1575,-92.0297
2026-05-07 16:26:15.600,0,10,10,0.00,0.0000,0.0000,-7.3661,1.2188,0.0000,-0.4425,0.1575,-92.0297
2026-05-07 16:26:16.100,0,10,10,0.00,0.0004,0.0000,-7.3661,1.2188,0.0000,-0.4425,0.1575,-92.0297
2026-05-07 16:26:16.600,0,10,10,0.00,0.0003,0.0000,-7.3661,1.2188,0.0000,-0.4425,0.1575,-92.0297
2026-05-07 16:26:17.100,0,10,10,0.00,0.0000,0.0000,-7.3661,1.2188,0.0000,-0.4425,0.1575,-92.0297
2026-05-07 16:26:17.600,0,10,10,0.00,0.0000,0.0000,-7.3661,1.2188,0.0000,-0.4425,0.1575,-92.0297
2026-05-07 16:26:18.100,0,10,10,0.00,0.0001,0.0001,-7.3661,1.2188,0.0000,-0.4425,0.1575,-92.0297
2026-05-07 16:26:18.600,0,10,10,0.00,-0.0001,-0.0001,-7.3661,1.2188,0.0000,-0.4425,0.1575,-92.0297
2026-05-07 16:26:19.100,0,10,10,0.00,0.0001,0.0003,-7.3661,1.2188,0.0000,-0.4425,0.1575,-92.0297
2026-05-07 16:26:19.600,0,10,10,0.00,0.0004,0.0000,-7.3661,1.2188,0.0000,-0.4425,0.1575,-92.0297
2026-05-07 16:26:20.100,0,10,10,0.00,0.0000,0.0000,-7.3661,1.2188,0.0000,-0.4425,0.1575,-92.0297
2026-05-07 16:26:20.600,0,10,10,0.00,0.0001,0.0000,-7.3661,1.2188,0.0000,-0.4425,0.1575,-92.0297
2026-05-07 16:26:21.100,0,10,10,0.00,-0.0001,0.0003,-7.3661,1.2188,0.0000,-0.4425,0.1575,-92.0297
2026-05-07 16:26:21.600,0,10,10,0.00,0.0001,0.0000,-7.3661,1.2188,0.0000,-0.4425,0.1575,-92.0297
2026-05-07 16:26:22.100,0,10,10,0.00,0.0001,0.0000,-7.3661,1.2188,0.0000,-0.4425,0.1575,-92.0297
2026-05-07 16:26:22.600,0,10,10,0.00,0.0000,0.0000,-7.3661,1.2188,0.0000,-0.4425,0.1575,-92.0297
2026-05-07 16:26:23.100,0,10,10,0.00,-0.0003,0.0000,-7.3661,1.2188,0.0000,-0.4425,0.1575,-92.0297
2026-05-07 16:26:23.600,0,10,10,0.00,0.0001,-0.0003,-7.3661,1.2188,0.0000,-0.4425,0.1575,-92.0297
2026-05-07 16:26:24.100,0,10,10,0.00,0.0000,0.0003,-7.3661,1.2188,0.0000,-0.4425,0.1575,-92.0297
2026-05-07 16:26:24.600,0,10,10,0.00,0.0000,0.0000,-7.3661,1.2188,0.0000,-0.4425,0.1575,-92.0297
2026-05-07 16:26:25.100,0,10,10,0.00,-0.0003,0.0000,-7.3661,1.2188,0.0000,-0.4425,0.1575,-92.0297
2026-05-07 16:26:25.600,0,10,10,0.00,-0.0001,0.0003,-7.3661,1.2188,0.0000,-0.4425,0.1575,-92.0297
2026-05-07 16:26:26.100,0,10,10,0.00,0.0000,0.0000,-7.3661,1.2188,0.0000,-0.4425,0.1575,-92.0297
2026-05-07 16:26:26.600,0,10,10,0.00,0.0000,-0.0001,-7.3661,1.2188,0.0000,-0.4425,0.1575,-92.0297
2026-05-07 16:26:27.100,0,10,10,0.00,0.0000,0.0003,-7.3661,1.2188,0.0000,-0.4425,0.1575,-92.0297
2026-05-07 16:26:27.600,0,10,10,0.00,0.0000,0.0000,-7.3661,1.2188,0.0000,-0.4425,0.1575,-92.0297
2026-05-07 16:26:28.100,0,10,10,0.00,0.0000,0.0000,-7.3661,1.2188,0.0000,-0.4425,0.1575,-92.0297
2026-05-07 16:26:28.600,0,10,10,0.00,-0.0001,0.0001,-7.3661,1.2188,0.0000,-0.4425,0.1575,-92.0297
2026-05-07 16:26:29.100,0,10,10,0.00,0.0003,0.0003,-7.3661,1.2188,0.0000,-0.4425,0.1575,-92.0297
2026-05-07 16:26:29.600,0,10,10,0.00,-0.0004,0.0000,-7.3661,1.2188,0.0000,-0.4425,0.1575,-92.0297
2026-05-07 16:26:30.100,0,10,10,0.00,-0.0001,0.0001,-7.3661,1.2188,0.0000,-0.4425,0.1575,-92.0297
2026-05-07 16:26:30.600,0,10,10,0.00,-0.0001,0.0000,-7.3661,1.2188,0.0000,-0.4425,0.1575,-92.0297
2026-05-07 16:26:31.100,0,10,10,0.00,0.0000,-0.0001,-7.3661,1.2188,0.0000,-0.4425,0.1575,-92.0297
2026-05-07 16:26:31.600,0,10,10,0.00,0.0000,0.0000,-7.3661,1.2188,0.0000,-0.4425,0.1575,-92.0297
2026-05-07 16:26:32.100,0,10,10,0.00,-0.0001,-0.0003,-7.3661,1.2188,0.0000,-0.4425,0.1575,-92.0297
2026-05-07 16:26:32.600,0,10,10,0.00,0.0000,-0.0003,-7.3661,1.2188,0.0000,-0.4425,0.1575,-92.0297
2026-05-07 16:26:33.100,0,10,10,0.00,0.0000,0.0001,-7.3661,1.2188,0.0000,-0.4425,0.1575,-92.0297
2026-05-07 16:26:33.600,0,10,10,0.00,-0.0003,0.0000,-7.3661,1.2188,0.0000,-0.4425,0.1575,-92.0297
2026-05-07 16:26:34.100,0,10,10,0.00,-0.0003,0.0000,-7.3661,1.2188,0.0000,-0.4425,0.1575,-92.0297
2026-05-07 16:26:34.600,0,10,10,0.00,0.0004,-0.0003,-7.3661,1.2188,0.0000,-0.4425,0.1575,-92.0297
2026-05-07 16:26:35.100,0,10,10,0.00,-0.0003,0.0000,-7.3661,1.2188,0.0000,-0.4425,0.1575,-92.0297
2026-05-07 16:26:35.600,0,10,10,0.00,0.0001,-0.0003,-7.3661,1.2188,0.0000,-0.4425,0.1575,-92.0297
2026-05-07 16:26:36.100,0,10,10,0.00,-0.0001,0.0000,-7.3661,1.2188,0.0000,-0.4425,0.1575,-92.0297
2026-05-07 16:26:36.600,0,10,10,0.00,-0.0001,0.0001,-7.3661,1.2188,0.0000,-0.4425,0.1575,-92.0297
2026-05-07 16:26:37.100,0,10,10,0.00,0.0000,-0.0001,-7.3661,1.2188,0.0000,-0.4425,0.1575,-92.0297
2026-05-07 16:26:37.600,0,10,10,0.00,0.0000,0.0004,-7.3661,1.2188,0.0000,-0.4425,0.1575,-92.0297
2026-05-07 16:26:38.100,0,10,10,0.00,0.0001,0.0004,-7.3661,1.2188,0.0000,-0.4425,0.1575,-92.0297
2026-05-07 16:26:38.600,0,10,10,0.00,-0.0005,-0.0003,-7.3661,1.2188,0.0000,-0.4425,0.1575,-92.0297
2026-05-07 16:26:39.100,0,10,10,0.00,0.0000,0.0000,-7.3661,1.2188,0.0000,-0.4425,0.1575,-92.0297
2026-05-07 16:26:39.600,0,10,10,0.00,0.0003,0.0000,-7.3661,1.2188,0.0000,-0.4425,0.1575,-92.0297
2026-05-07 16:26:40.100,0,10,10,0.00,-0.0001,0.0000,-7.3661,1.2188,0.0000,-0.4425,0.1575,-92.0297
2026-05-07 16:26:40.600,0,10,10,0.00,0.0001,0.0000,-7.3661,1.2188,0.0000,-0.4425,0.1575,-92.0297
2026-05-07 16:26:41.100,0,10,10,0.00,0.0000,0.0000,-7.3661,1.2188,0.0000,-0.4425,0.1575,-92.0297
2026-05-07 16:26:41.600,0,10,10,0.00,0.0000,-0.0003,-7.3661,1.2188,0.0000,-0.4425,0.1575,-92.0297
2026-05-07 16:26:42.100,0,10,10,0.00,0.0000,0.0000,-7.3661,1.2188,0.0000,-0.4425,0.1575,-92.0297
2026-05-07 16:26:42.600,0,10,10,0.00,-0.0007,-0.0001,-7.3661,1.2188,0.0000,-0.4425,0.1575,-92.0297
2026-05-07 16:26:43.100,0,10,10,0.00,0.0000,0.0000,-7.3661,1.2188,0.0000,-0.4425,0.1575,-92.0297
2026-05-07 16:26:43.600,0,10,10,0.00,0.0001,-0.0001,-7.3661,1.2188,0.0000,-0.4425,0.1575,-92.0297
2026-05-07 16:26:44.100,0,10,10,0.00,0.0000,0.0000,-7.3661,1.2188,0.0000,-0.4425,0.1575,-92.0297
2026-05-07 16:26:44.600,0,10,10,0.00,-0.0001,0.0000,-7.3661,1.2188,0.0000,-0.4425,0.1575,-92.0297
2026-05-07 16:26:45.100,0,10,10,0.00,0.0000,-0.0001,-7.3661,1.2188,0.0000,-0.4425,0.1575,-92.0297
2026-05-07 16:26:45.600,0,10,10,0.00,0.0000,-0.0001,-7.3661,1.2188,0.0000,-0.4425,0.1575,-92.0297
2026-05-07 16:26:46.100,0,10,10,0.00,-0.0003,0.0001,-7.3661,1.2188,0.0000,-0.4425,0.1575,-92.0297
2026-05-07 16:26:46.600,0,10,10,0.00,-0.0001,0.0000,-7.3661,1.2188,0.0000,-0.4425,0.1575,-92.0297
2026-05-07 16:26:47.100,0,10,10,0.00,0.0001,0.0003,-7.3661,1.2188,0.0000,-0.4425,0.1575,-92.0297
2026-05-07 16:26:47.600,0,10,10,0.00,0.0000,0.0000,-7.3661,1.2188,0.0000,-0.4425,0.1575,-92.0297
2026-05-07 16:26:48.100,0,10,10,0.00,0.0000,-0.0001,-7.3661,1.2188,0.0000,-0.4425,0.1575,-92.0297
2026-05-07 16:26:48.600,0,10,10,0.00,0.0000,0.0000,-7.3661,1.2188,0.0000,-0.4425,0.1575,-92.0297
2026-05-07 16:26:49.100,0,10,10,0.00,0.0000,0.0001,-7.3661,1.2188,0.0000,-0.4425,0.1575,-92.0297
2026-05-07 16:26:49.600,0,10,10,0.00,-0.0001,0.0000,-7.3661,1.2188,0.0000,-0.4425,0.1575,-92.0297
2026-05-07 16:26:50.100,0,10,10,0.00,0.0000,-0.0001,-7.3661,1.2188,0.0000,-0.4425,0.1575,-92.0297
2026-05-07 16:26:50.600,0,10,10,0.00,0.0000,0.0000,-7.3661,1.2188,0.0000,-0.4425,0.1575,-92.0297
2026-05-07 16:26:51.100,0,10,10,0.00,0.0001,0.0000,-7.3661,1.2188,0.0000,-0.4425,0.1575,-92.0297
2026-05-07 16:26:51.600,0,10,10,0.00,0.0000,0.0000,-7.3661,1.2188,0.0000,-0.4425,0.1575,-92.0297
2026-05-07 16:26:52.100,0,10,10,0.00,0.0000,0.0001,-7.3661,1.2188,0.0000,-0.4425,0.1575,-92.0297
2026-05-07 16:26:52.600,0,10,10,0.00,0.0001,-0.0003,-7.3661,1.2188,0.0000,-0.4425,0.1575,-92.0297
2026-05-07 16:26:53.100,0,10,10,0.00,0.0001,-0.0001,-7.3661,1.2188,0.0000,-0.4425,0.1575,-92.0297
2026-05-07 16:26:53.600,0,10,10,0.00,0.0000,0.0000,-7.3661,1.2188,0.0000,-0.4425,0.1575,-92.0297
2026-05-07 16:26:54.100,0,10,10,0.00,0.0000,0.0000,-7.3661,1.2188,0.0000,-0.4425,0.1575,-92.0297
2026-05-07 16:26:54.600,0,10,10,0.00,-0.0001,0.0000,-7.3661,1.2188,0.0000,-0.4425,0.1575,-92.0297
2026-05-07 16:26:55.100,0,10,10,0.00,-0.0001,0.0001,-7.3661,1.2188,0.0000,-0.4425,0.1575,-92.0297
2026-05-07 16:26:55.600,0,10,10,0.00,0.0004,0.0000,-7.3661,1.2188,0.0000,-0.4425,0.1575,-92.0297
2026-05-07 16:26:56.100,0,10,10,0.00,0.0001,0.0000,-7.3661,1.2188,0.0000,-0.4425,0.1575,-92.0297
2026-05-07 16:26:56.600,0,10,10,0.00,0.0001,0.0000,-7.3661,1.2188,0.0000,-0.4425,0.1575,-92.0297
2026-05-07 16:26:57.100,0,10,10,0.00,0.0000,0.0004,-7.3661,1.2188,0.0000,-0.4425,0.1575,-92.0297
2026-05-07 16:26:57.600,0,10,10,0.00,0.0000,0.0000,-7.3661,1.2188,0.0000,-0.4425,0.1575,-92.0297
2026-05-07 16:26:58.100,0,10,10,0.00,-0.0003,0.0000,-7.3661,1.2188,0.0000,-0.4425,0.1575,-92.0297
2026-05-07 16:26:58.600,0,10,10,0.00,0.0000,0.0000,-7.3661,1.2188,0.0000,-0.4425,0.1575,-92.0297
2026-05-07 16:26:59.100,0,10,10,0.00,0.0000,0.0000,-7.3661,1.2188,0.0000,-0.4425,0.1575,-92.0297
2026-05-07 16:26:59.600,0,10,10,0.00,0.0000,-0.0001,-7.3661,1.2188,0.0000,-0.4425,0.1575,-92.0297
2026-05-07 16:27:00.100,0,10,10,0.00,0.0000,0.0000,-7.3661,1.2188,0.0000,-0.4425,0.1575,-92.0297
2026-05-07 16:27:00.600,0,10,10,0.00,0.0001,-0.0001,-7.3661,1.2188,0.0000,-0.4425,0.1575,-92.0297
2026-05-07 16:27:01.100,0,10,10,0.00,0.0000,0.0000,-7.3661,1.2188,0.0000,-0.4425,0.1575,-92.0297
2026-05-07 16:27:01.600,0,10,10,0.00,-0.0001,0.0000,-7.3661,1.2188,0.0000,-0.4425,0.1575,-92.0297
2026-05-07 16:27:02.100,0,10,10,0.00,0.0000,-0.0003,-7.3661,1.2188,0.0000,-0.4425,0.1575,-92.0297
2026-05-07 16:27:02.600,0,10,10,0.00,0.0000,0.0000,-7.3661,1.2188,0.0000,-0.4425,0.1575,-92.0297
2026-05-07 16:27:03.100,0,10,10,0.00,-0.0001,0.0000,-7.3661,1.2188,0.0000,-0.4425,0.1575,-92.0297
2026-05-07 16:27:03.600,0,10,10,0.00,0.0001,0.0001,-7.3661,1.2188,0.0000,-0.4425,0.1575,-92.0297
2026-05-07 16:27:04.100,0,10,10,0.00,-0.0001,0.0000,-7.3661,1.2188,0.0000,-0.4425,0.1575,-92.0297
2026-05-07 16:27:04.600,0,10,10,0.00,0.0000,-0.0001,-7.3661,1.2188,0.0000,-0.4425,0.1575,-92.0297
2026-05-07 16:27:05.100,0,10,10,0.00,0.0001,0.0000,-7.3661,1.2188,0.0000,-0.4425,0.1575,-92.0297
2026-05-07 16:27:05.600,0,10,10,0.00,-0.0001,0.0003,-7.3661,1.2188,0.0000,-0.4425,0.1575,-92.0297
2026-05-07 16:27:06.100,0,10,10,0.00,0.0000,0.0000,-7.3661,1.2188,0.0000,-0.4425,0.1575,-92.0297
2026-05-07 16:27:06.600,0,10,10,0.00,0.0000,0.0000,-7.3661,1.2188,0.0000,-0.4425,0.1575,-92.0297
2026-05-07 16:27:07.100,0,10,10,0.00,0.0000,0.0000,-7.3661,1.2188,0.0000,-0.4425,0.1575,-92.0297
2026-05-07 16:27:07.600,0,10,10,0.00,0.0000,-0.0001,-7.3661,1.2188,0.0000,-0.4425,0.1575,-92.0297
2026-05-07 16:27:08.100,0,10,10,0.00,0.0000,0.0000,-7.3661,1.2188,0.0000,-0.4425,0.1575,-92.0297
2026-05-07 16:27:08.600,0,10,10,0.00,0.0000,-0.0003,-7.3661,1.2188,0.0000,-0.4425,0.1575,-92.0297
2026-05-07 16:27:09.100,0,10,10,0.00,0.0001,0.0000,-7.3661,1.2188,0.0000,-0.4425,0.1575,-92.0297
2026-05-07 16:27:09.600,0,10,10,0.00,0.0000,0.0000,-7.3661,1.2188,0.0000,-0.4425,0.1575,-92.0297
2026-05-07 16:27:10.100,0,10,10,0.00,0.0000,0.0000,-7.3661,1.2188,0.0000,-0.4425,0.1575,-92.0297
2026-05-07 16:27:10.600,0,10,10,0.00,0.0000,0.0000,-7.3661,1.2188,0.0000,-0.4425,0.1575,-92.0297
2026-05-07 16:27:11.100,0,10,10,0.00,0.0000,0.0001,-7.3661,1.2188,0.0000,-0.4425,0.1575,-92.0297
2026-05-07 16:27:11.600,0,10,10,0.00,0.0000,0.0001,-7.3661,1.2188,0.0000,-0.4425,0.1575,-92.0297
2026-05-07 16:27:12.100,0,10,10,0.00,0.0000,0.0001,-7.3661,1.2188,0.0000,-0.4425,0.1575,-92.0297
2026-05-07 16:27:12.600,0,10,10,0.00,0.0000,-0.0001,-7.3661,1.2188,0.0000,-0.4425,0.1575,-92.0297
2026-05-07 16:27:13.100,0,10,10,0.00,0.0001,0.0003,-7.3661,1.2188,0.0000,-0.4425,0.1575,-92.0297
2026-05-07 16:27:13.600,0,10,10,0.00,-0.0001,0.0000,-7.3661,1.2188,0.0000,-0.4425,0.1575,-92.0297
2026-05-07 16:27:14.100,0,10,10,0.00,0.0000,-0.0003,-7.3661,1.2188,0.0000,-0.4425,0.1575,-92.0297
2026-05-07 16:27:14.600,0,10,10,0.00,0.0000,0.0000,-7.3661,1.2188,0.0000,-0.4425,0.1575,-92.0297
2026-05-07 16:27:15.099,0,10,10,0.00,-0.0001,0.0001,-7.3661,1.2188,0.0000,-0.4425,0.1575,-92.0297
2026-05-07 16:27:15.600,0,10,10,0.00,0.0000,0.0007,-7.3661,1.2188,0.0000,-0.4425,0.1575,-92.0297
2026-05-07 16:27:16.100,0,10,10,0.00,0.0000,0.0000,-7.3661,1.2188,0.0000,-0.4425,0.1575,-92.0297
2026-05-07 16:27:16.600,0,10,10,0.00,0.0000,0.0001,-7.3661,1.2188,0.0000,-0.4425,0.1575,-92.0297
2026-05-07 16:27:17.100,0,10,10,0.00,0.0000,0.0000,-7.3661,1.2188,0.0000,-0.4425,0.1575,-92.0297
2026-05-07 16:27:17.600,0,10,10,0.00,0.0001,0.0003,-7.3661,1.2188,0.0000,-0.4425,0.1575,-92.0297
2026-05-07 16:27:18.100,0,10,10,0.00,0.0000,0.0000,-7.3661,1.2188,0.0000,-0.4425,0.1575,-92.0297
2026-05-07 16:27:18.600,0,10,10,0.00,-0.0001,-0.0001,-7.3661,1.2188,0.0000,-0.4425,0.1575,-92.0297
2026-05-07 16:27:19.100,0,10,10,0.00,0.0000,0.0000,-7.3661,1.2188,0.0000,-0.4425,0.1575,-92.0297
2026-05-07 16:27:19.600,0,10,10,0.00,-0.0001,-0.0001,-7.3661,1.2188,0.0000,-0.4425,0.1575,-92.0297
2026-05-07 16:27:20.100,0,10,10,0.00,0.0000,0.0001,-7.3661,1.2188,0.0000,-0.4425,0.1575,-92.0297
2026-05-07 16:27:20.600,0,10,10,0.00,0.0003,-0.0003,-7.3661,1.2188,0.0000,-0.4425,0.1575,-92.0297
2026-05-07 16:27:21.100,0,10,10,0.00,0.0000,0.0000,-7.3661,1.2188,0.0000,-0.4425,0.1575,-92.0297
2026-05-07 16:27:21.600,0,10,10,0.00,0.0000,0.0001,-7.3661,1.2188,0.0000,-0.4425,0.1575,-92.0297
2026-05-07 16:27:22.100,0,10,10,0.00,-0.0001,0.0000,-7.3661,1.2188,0.0000,-0.4425,0.1575,-92.0297
2026-05-07 16:27:22.600,0,10,10,0.00,-0.0003,-0.0003,-7.3661,1.2188,0.0000,-0.4425,0.1575,-92.0297
2026-05-07 16:27:23.100,0,10,10,0.00,0.0000,-0.0001,-7.3661,1.2188,0.0000,-0.4425,0.1575,-92.0297
2026-05-07 16:27:23.600,0,10,10,0.00,0.0001,0.0004,-7.3661,1.2188,0.0000,-0.4425,0.1575,-92.0297
2026-05-07 16:27:24.100,0,10,10,0.00,0.0000,0.0001,-7.3661,1.2188,0.0000,-0.4425,0.1575,-92.0297
2026-05-07 16:27:24.600,0,10,10,0.00,0.0001,0.0000,-7.3661,1.2188,0.0000,-0.4425,0.1575,-92.0297
2026-05-07 16:27:25.100,0,10,10,0.00,0.0000,0.0000,-7.3661,1.2188,0.0000,-0.4425,0.1575,-92.0297
2026-05-07 16:27:25.600,0,10,10,0.00,-0.0003,-0.0001,-7.3661,1.2188,0.0000,-0.4425,0.1575,-92.0297
2026-05-07 16:27:26.100,0,10,10,0.00,0.0003,0.0001,-7.3661,1.2188,0.0000,-0.4425,0.1575,-92.0297
2026-05-07 16:27:26.600,0,10,10,0.00,0.0001,-0.0007,-7.3661,1.2188,0.0000,-0.4425,0.1575,-92.0297
2026-05-07 16:27:27.100,0,10,10,0.00,0.0000,0.0003,-7.3661,1.2188,0.0000,-0.4425,0.1575,-92.0297
2026-05-07 16:27:27.600,0,10,10,0.00,0.0000,0.0000,-7.3661,1.2188,0.0000,-0.4425,0.1575,-92.0297
2026-05-07 16:27:28.100,0,10,10,0.00,-0.0001,0.0000,-7.3661,1.2188,0.0000,-0.4425,0.1575,-92.0297
2026-05-07 16:27:28.600,0,10,10,0.00,-0.0003,-0.0001,-7.3661,1.2188,0.0000,-0.4425,0.1575,-92.0297
2026-05-07 16:27:29.100,0,10,10,0.00,0.0001,0.0000,-7.3661,1.2188,0.0000,-0.4425,0.1575,-92.0297
2026-05-07 16:27:29.600,0,10,10,0.00,0.0000,0.0001,-7.3661,1.2188,0.0000,-0.4425,0.1575,-92.0297
2026-05-07 16:27:30.100,0,10,10,0.00,0.0001,0.0000,-7.3661,1.2188,0.0000,-0.4425,0.1575,-92.0297
2026-05-07 16:27:30.600,0,10,10,0.00,0.0000,-0.0001,-7.3661,1.2188,0.0000,-0.4425,0.1575,-92.0297
2026-05-07 16:27:31.100,0,10,10,0.00,0.0000,-0.0001,-7.3661,1.2188,0.0000,-0.4425,0.1575,-92.0297
2026-05-07 16:27:31.600,0,10,10,0.00,0.0000,0.0000,-7.3661,1.2188,0.0000,-0.4425,0.1575,-92.0297
2026-05-07 16:27:32.100,0,10,10,0.00,0.0000,0.0000,-7.3661,1.2188,0.0000,-0.4425,0.1575,-92.0297
2026-05-07 16:27:32.600,0,10,10,0.00,0.0001,0.0003,-7.3661,1.2188,0.0000,-0.4425,0.1575,-92.0297
2026-05-07 16:27:33.100,0,10,10,0.00,-0.0001,0.0004,-7.3661,1.2188,0.0000,-0.4425,0.1575,-92.0297
2026-05-07 16:27:33.600,0,10,10,0.00,0.0000,-0.0003,-7.3661,1.2188,0.0000,-0.4425,0.1575,-92.0297
2026-05-07 16:27:34.100,0,10,10,0.00,-0.0005,0.0001,-7.3661,1.2188,0.0000,-0.4425,0.1575,-92.0297
2026-05-07 16:27:34.600,0,10,10,0.00,-0.0001,0.0001,-7.3661,1.2188,0.0000,-0.4425,0.1575,-92.0297
2026-05-07 16:27:35.100,0,10,10,0.00,0.0000,-0.0001,-7.3661,1.2188,0.0000,-0.4425,0.1575,-92.0297
2026-05-07 16:27:35.600,0,10,10,0.00,0.0000,-0.0003,-7.3661,1.2188,0.0000,-0.4425,0.1575,-92.0297
2026-05-07 16:27:36.100,0,10,10,0.00,0.0000,0.0000,-7.3661,1.2188,0.0000,-0.4425,0.1575,-92.0297
2026-05-07 16:27:36.600,0,10,10,0.00,0.0000,-0.0001,-7.3661,1.2188,0.0000,-0.4425,0.1575,-92.0297
2026-05-07 16:27:37.100,0,10,10,0.00,0.0000,0.0001,-7.3661,1.2188,0.0000,-0.4425,0.1575,-92.0297
2026-05-07 16:27:37.600,0,10,10,0.00,0.0001,0.0000,-7.3661,1.2188,0.0000,-0.4425,0.1575,-92.0297
2026-05-07 16:27:38.100,0,10,10,0.00,0.0001,0.0000,-7.3661,1.2188,0.0000,-0.4425,0.1575,-92.0297
2026-05-07 16:27:38.600,0,10,10,0.00,-0.0001,0.0001,-7.3661,1.2188,0.0000,-0.4425,0.1575,-92.0297
2026-05-07 16:27:39.100,0,10,10,0.00,-0.0001,0.0003,-7.3661,1.2188,0.0000,-0.4425,0.1575,-92.0297
2026-05-07 16:27:39.600,0,10,10,0.00,0.0000,0.0000,-7.3661,1.2188,0.0000,-0.4425,0.1575,-92.0297
2026-05-07 16:27:40.100,0,10,10,0.00,0.0003,-0.0001,-7.3661,1.2188,0.0000,-0.4425,0.1575,-92.0297
2026-05-07 16:27:40.600,0,10,10,0.00,0.0000,0.0000,-7.3661,1.2188,0.0000,-0.4425,0.1575,-92.0297
2026-05-07 16:27:41.100,0,10,10,0.00,-0.0001,0.0000,-7.3661,1.2188,0.0000,-0.4425,0.1575,-92.0297
2026-05-07 16:27:41.600,0,10,10,0.00,0.0001,-0.0003,-7.3661,1.2188,0.0000,-0.4425,0.1575,-92.0297
2026-05-07 16:27:42.100,0,10,10,0.00,0.0000,0.0000,-7.3661,1.2188,0.0000,-0.4425,0.1575,-92.0297
2026-05-07 16:27:42.600,0,10,10,0.00,0.0000,0.0000,-7.3661,1.2188,0.0000,-0.4425,0.1575,-92.0297
2026-05-07 16:27:43.100,0,10,10,0.00,-0.0001,0.0000,-7.3661,1.2188,0.0000,-0.4425,0.1575,-92.0297
2026-05-07 16:27:43.600,0,10,10,0.00,-0.0001,0.0000,-7.3661,1.2188,0.0000,-0.4425,0.1575,-92.0297
2026-05-07 16:27:44.100,0,10,10,0.00,0.0000,-0.0001,-7.3661,1.2188,0.0000,-0.4425,0.1575,-92.0297
2026-05-07 16:27:44.600,0,10,10,0.00,0.0000,0.0001,-7.3661,1.2188,0.0000,-0.4425,0.1575,-92.0297
2026-05-07 16:27:45.100,0,10,10,0.00,-0.0001,0.0000,-7.3661,1.2188,0.0000,-0.4425,0.1575,-92.0297
2026-05-07 16:27:45.600,0,10,10,0.00,0.0000,0.0000,-7.3661,1.2188,0.0000,-0.4425,0.1575,-92.0297
2026-05-07 16:27:46.100,0,10,10,0.00,0.0001,0.0000,-7.3661,1.2188,0.0000,-0.4425,0.1575,-92.0297
2026-05-07 16:27:46.600,0,10,10,0.00,0.0000,0.0001,-7.3661,1.2188,0.0000,-0.4425,0.1575,-92.0297
2026-05-07 16:27:47.100,0,10,10,0.00,0.0000,0.0000,-7.3661,1.2188,0.0000,-0.4425,0.1575,-92.0297
2026-05-07 16:27:47.600,0,10,10,0.00,0.0000,0.0000,-7.3661,1.2188,0.0000,-0.4425,0.1575,-92.0297
2026-05-07 16:27:48.100,0,10,10,0.00,0.0003,0.0001,-7.3661,1.2188,0.0000,-0.4425,0.1575,-92.0297
2026-05-07 16:27:48.600,0,10,10,0.00,-0.0003,-0.0001,-7.3661,1.2188,0.0000,-0.4425,0.1575,-92.0297
2026-05-07 16:27:49.100,0,10,10,0.00,0.0000,0.0003,-7.3661,1.2188,0.0000,-0.4425,0.1575,-92.0297
2026-05-07 16:27:49.600,0,10,10,0.00,0.0000,0.0001,-7.3661,1.2188,0.0000,-0.4425,0.1575,-92.0297
2026-05-07 16:27:50.100,0,10,10,0.00,0.0000,0.0000,-7.3661,1.2188,0.0000,-0.4425,0.1575,-92.0297
2026-05-07 16:27:50.600,0,10,10,0.00,0.0000,-0.0003,-7.3661,1.2188,0.0000,-0.4425,0.1575,-92.0297
2026-05-07 16:27:51.100,0,10,10,0.00,-0.0005,-0.0004,-7.3661,1.2188,0.0000,-0.4425,0.1575,-92.0297
2026-05-07 16:27:51.600,0,10,10,0.00,0.0000,-0.0001,-7.3661,1.2188,0.0000,-0.4425,0.1575,-92.0297
2026-05-07 16:27:52.100,0,10,10,0.00,0.0000,0.0000,-7.3661,1.2188,0.0000,-0.4425,0.1575,-92.0297
2026-05-07 16:27:52.600,0,10,10,0.00,-0.0001,0.0000,-7.3661,1.2188,0.0000,-0.4425,0.1575,-92.0297
2026-05-07 16:27:53.100,0,10,10,0.00,0.0000,0.0000,-7.3661,1.2188,0.0000,-0.4425,0.1575,-92.0297
2026-05-07 16:27:53.600,0,10,10,0.00,0.0000,0.0000,-7.3661,1.2188,0.0000,-0.4425,0.1575,-92.0297
2026-05-07 16:27:54.100,0,10,10,0.00,-0.0001,0.0001,-7.3661,1.2188,0.0000,-0.4425,0.1575,-92.0297
2026-05-07 16:27:54.600,0,10,10,0.00,0.0000,0.0000,-7.3661,1.2188,0.0000,-0.4425,0.1575,-92.0297
2026-05-07 16:27:55.100,0,10,10,0.00,-0.0001,0.0000,-7.3661,1.2188,0.0000,-0.4425,0.1575,-92.0297
2026-05-07 16:27:55.600,0,10,10,0.00,0.0000,0.0000,-7.3661,1.2188,0.0000,-0.4425,0.1575,-92.0297
2026-05-07 16:27:56.100,0,10,10,0.00,0.0003,-0.0001,-7.3661,1.2188,0.0000,-0.4425,0.1575,-92.0297
2026-05-07 16:27:56.600,0,10,10,0.00,-0.0001,-0.0004,-7.3661,1.2188,0.0000,-0.4425,0.1575,-92.0297
2026-05-07 16:27:57.100,0,10,10,0.00,0.0001,0.0001,-7.3661,1.2188,0.0000,-0.4425,0.1575,-92.0297
2026-05-07 16:27:57.600,0,10,10,0.00,0.0000,-0.0003,-7.3661,1.2188,0.0000,-0.4425,0.1575,-92.0297
2026-05-07 16:27:58.100,0,10,10,0.00,-0.0001,0.0001,-7.3661,1.2188,0.0000,-0.4425,0.1575,-92.0297
2026-05-07 16:27:58.600,0,10,10,0.00,0.0001,-0.0001,-7.3661,1.2188,0.0000,-0.4425,0.1575,-92.0297
2026-05-07 16:27:59.100,0,10,10,0.00,0.0000,0.0000,-7.3661,1.2188,0.0000,-0.4425,0.1575,-92.0297
2026-05-07 16:27:59.600,0,10,10,0.00,0.0001,0.0000,-7.3661,1.2188,0.0000,-0.4425,0.1575,-92.0297
2026-05-07 16:28:00.100,0,10,10,0.00,0.0001,0.0000,-7.3661,1.2188,0.0000,-0.4425,0.1575,-92.0297
2026-05-07 16:28:00.600,0,10,10,0.00,0.0003,0.0000,-7.3661,1.2188,0.0000,-0.4425,0.1575,-92.0297
2026-05-07 16:28:01.100,0,10,10,0.00,-0.0001,0.0000,-7.3661,1.2188,0.0000,-0.4425,0.1575,-92.0297
2026-05-07 16:28:01.600,0,10,10,0.00,0.0001,-0.0001,-7.3661,1.2188,0.0000,-0.4425,0.1575,-92.0297
2026-05-07 16:28:02.100,0,10,10,0.00,-0.0001,-0.0001,-7.3661,1.2188,0.0000,-0.4425,0.1575,-92.0297
2026-05-07 16:28:02.600,0,10,10,0.00,0.0000,0.0001,-7.3661,1.2188,0.0000,-0.4425,0.1575,-92.0297
2026-05-07 16:28:03.100,0,10,10,0.00,0.0000,0.0000,-7.3661,1.2188,0.0000,-0.4425,0.1575,-92.0297
2026-05-07 16:28:03.600,0,10,10,0.00,0.0001,0.0001,-7.3661,1.2188,0.0000,-0.4425,0.1575,-92.0297
2026-05-07 16:28:04.100,0,10,10,0.00,0.0000,-0.0001,-7.3661,1.2188,0.0000,-0.4425,0.1575,-92.0297
2026-05-07 16:28:04.600,0,10,10,0.00,-0.0003,0.0000,-7.3661,1.2188,0.0000,-0.4425,0.1575,-92.0297
2026-05-07 16:28:05.100,0,10,10,0.00,0.0001,0.0003,-7.3661,1.2188,0.0000,-0.4425,0.1575,-92.0297
2026-05-07 16:28:05.600,0,10,10,0.00,0.0000,0.0000,-7.3661,1.2188,0.0000,-0.4425,0.1575,-92.0297
2026-05-07 16:28:06.100,0,10,10,0.00,0.0000,0.0000,-7.3661,1.2188,0.0000,-0.4425,0.1575,-92.0297
2026-05-07 16:28:06.600,0,10,10,0.00,0.0000,0.0000,-7.3661,1.2188,0.0000,-0.4425,0.1575,-92.0297
2026-05-07 16:28:07.100,0,10,10,0.00,0.0000,-0.0003,-7.3661,1.2188,0.0000,-0.4425,0.1575,-92.0297
2026-05-07 16:28:07.600,0,10,10,0.00,0.0003,-0.0004,-7.3661,1.2188,0.0000,-0.4425,0.1575,-92.0297
2026-05-07 16:28:08.100,0,10,10,0.00,0.0000,0.0000,-7.3661,1.2188,0.0000,-0.4425,0.1575,-92.0297
2026-05-07 16:28:08.600,0,10,10,0.00,-0.0004,0.0000,-7.3661,1.2188,0.0000,-0.4425,0.1575,-92.0297
2026-05-07 16:28:09.100,0,10,10,0.00,-0.0001,0.0000,-7.3661,1.2188,0.0000,-0.4425,0.1575,-92.0297
2026-05-07 16:28:09.600,0,10,10,0.00,-0.0001,0.0000,-7.3661,1.2188,0.0000,-0.4425,0.1575,-92.0297
2026-05-07 16:28:10.100,0,10,10,0.00,-0.0001,-0.0001,-7.3661,1.2188,0.0000,-0.4425,0.1575,-92.0297
2026-05-07 16:28:10.600,0,10,10,0.00,0.0000,-0.0003,-7.3661,1.2188,0.0000,-0.4425,0.1575,-92.0297
2026-05-07 16:28:11.100,0,10,10,0.00,0.0001,0.0001,-7.3661,1.2188,0.0000,-0.4425,0.1575,-92.0297
2026-05-07 16:28:11.600,0,10,10,0.00,0.0003,0.0000,-7.3661,1.2188,0.0000,-0.4425,0.1575,-92.0297
2026-05-07 16:28:12.100,0,10,10,0.00,-0.0003,0.0001,-7.3661,1.2188,0.0000,-0.4425,0.1575,-92.0297
2026-05-07 16:28:12.600,0,10,10,0.00,0.0000,0.0003,-7.3661,1.2188,0.0000,-0.4425,0.1575,-92.0297
2026-05-07 16:28:13.100,0,10,10,0.00,0.0001,0.0000,-7.3661,1.2188,0.0000,-0.4425,0.1575,-92.0297
2026-05-07 16:28:13.600,0,10,10,0.00,-0.0001,0.0003,-7.3661,1.2188,0.0000,-0.4425,0.1575,-92.0297
2026-05-07 16:28:14.100,0,10,10,0.00,0.0000,0.0000,-7.3661,1.2188,0.0000,-0.4425,0.1575,-92.0297
2026-05-07 16:28:14.600,0,10,10,0.00,0.0000,0.0000,-7.3661,1.2188,0.0000,-0.4425,0.1575,-92.0297
2026-05-07 16:28:15.100,0,10,10,0.00,0.0000,0.0003,-7.3661,1.2188,0.0000,-0.4425,0.1575,-92.0297
2026-05-07 16:28:15.600,0,10,10,0.00,0.0003,0.0000,-7.3661,1.2188,0.0000,-0.4425,0.1575,-92.0297
2026-05-07 16:28:16.100,0,10,10,0.00,-0.0001,0.0000,-7.3661,1.2188,0.0000,-0.4425,0.1575,-92.0297
2026-05-07 16:28:16.600,0,10,10,0.00,0.0001,0.0000,-7.3661,1.2188,0.0000,-0.4425,0.1575,-92.0297
2026-05-07 16:28:17.100,0,10,10,0.00,-0.0001,0.0001,-7.3661,1.2188,0.0000,-0.4425,0.1575,-92.0297
2026-05-07 16:28:17.600,0,10,10,0.00,-0.0007,0.0003,-7.3661,1.2188,0.0000,-0.4425,0.1575,-92.0297
2026-05-07 16:28:18.100,0,10,10,0.00,0.0000,0.0000,-7.3661,1.2188,0.0000,-0.4425,0.1575,-92.0297
2026-05-07 16:28:18.600,0,10,10,0.00,-0.0001,0.0000,-7.3661,1.2188,0.0000,-0.4425,0.1575,-92.0297
2026-05-07 16:28:19.100,0,10,10,0.00,0.0000,-0.0001,-7.3661,1.2188,0.0000,-0.4425,0.1575,-92.0297
2026-05-07 16:28:19.600,0,10,10,0.00,0.0000,0.0001,-7.3661,1.2188,0.0000,-0.4425,0.1575,-92.0297
2026-05-07 16:28:20.100,0,10,10,0.00,0.0003,0.0000,-7.3661,1.2188,0.0000,-0.4425,0.1575,-92.0297
2026-05-07 16:28:20.600,0,10,10,0.00,-0.0003,0.0000,-7.3661,1.2188,0.0000,-0.4425,0.1575,-92.0297
2026-05-07 16:28:21.100,0,10,10,0.00,-0.0001,0.0000,-7.3661,1.2188,0.0000,-0.4425,0.1575,-92.0297
2026-05-07 16:28:21.600,0,10,10,0.00,0.0000,0.0000,-7.3661,1.2188,0.0000,-0.4425,0.1575,-92.0297
2026-05-07 16:28:22.100,0,10,10,0.00,-0.0003,0.0000,-7.3661,1.2188,0.0000,-0.4425,0.1575,-92.0297
2026-05-07 16:28:22.600,0,10,10,0.00,0.0000,0.0000,-7.3661,1.2188,0.0000,-0.4425,0.1575,-92.0297
2026-05-07 16:28:23.100,0,10,10,0.00,0.0001,-0.0001,-7.3661,1.2188,0.0000,-0.4425,0.1575,-92.0297
2026-05-07 16:28:23.600,0,10,10,0.00,0.0000,0.0001,-7.3661,1.2188,0.0000,-0.4425,0.1575,-92.0297
2026-05-07 16:28:24.100,0,10,10,0.00,0.0000,0.0000,-7.3661,1.2188,0.0000,-0.4425,0.1575,-92.0297
2026-05-07 16:28:24.600,0,10,10,0.00,0.0001,0.0000,-7.3661,1.2188,0.0000,-0.4425,0.1575,-92.0297
2026-05-07 16:28:25.100,0,10,10,0.00,-0.0003,0.0000,-7.3661,1.2188,0.0000,-0.4425,0.1575,-92.0297
2026-05-07 16:28:25.600,0,10,10,0.00,0.0001,0.0003,-7.3661,1.2188,0.0000,-0.4425,0.1575,-92.0297
2026-05-07 16:28:26.100,0,10,10,0.00,0.0000,0.0000,-7.3661,1.2188,0.0000,-0.4425,0.1575,-92.0297
2026-05-07 16:28:26.600,0,10,10,0.00,0.0004,0.0003,-7.3661,1.2188,0.0000,-0.4425,0.1575,-92.0297
2026-05-07 16:28:27.100,0,10,10,0.00,0.0003,-0.0001,-7.3661,1.2188,0.0000,-0.4425,0.1575,-92.0297
2026-05-07 16:28:27.600,0,10,10,0.00,0.0000,0.0000,-7.3661,1.2188,0.0000,-0.4425,0.1575,-92.0297
2026-05-07 16:28:28.100,0,10,10,0.00,0.0001,0.0000,-7.3661,1.2188,0.0000,-0.4425,0.1575,-92.0297
2026-05-07 16:28:28.600,0,10,10,0.00,0.0000,0.0000,-7.3661,1.2188,0.0000,-0.4425,0.1575,-92.0297
2026-05-07 16:28:29.100,0,10,10,0.00,0.0000,0.0000,-7.3661,1.2188,0.0000,-0.4425,0.1575,-92.0297
2026-05-07 16:28:29.600,0,10,10,0.00,-0.0001,0.0000,-7.3661,1.2188,0.0000,-0.4425,0.1575,-92.0297
2026-05-07 16:28:30.100,0,10,10,0.00,0.0001,-0.0001,-7.3661,1.2188,0.0000,-0.4425,0.1575,-92.0297
2026-05-07 16:28:30.600,0,10,10,0.00,0.0000,0.0000,-7.3661,1.2188,0.0000,-0.4425,0.1575,-92.0297
2026-05-07 16:28:31.100,0,10,10,0.00,0.0000,0.0000,-7.3661,1.2188,0.0000,-0.4425,0.1575,-92.0297
2026-05-07 16:28:31.600,0,10,10,0.00,0.0000,-0.0003,-7.3661,1.2188,0.0000,-0.4425,0.1575,-92.0297
2026-05-07 16:28:32.100,0,10,10,0.00,-0.0004,-0.0003,-7.3661,1.2188,0.0000,-0.4425,0.1575,-92.0297
2026-05-07 16:28:32.600,0,10,10,0.00,0.0004,-0.0003,-7.3661,1.2188,0.0000,-0.4425,0.1575,-92.0297
2026-05-07 16:28:33.100,0,10,10,0.00,0.0001,0.0000,-7.3661,1.2188,0.0000,-0.4425,0.1575,-92.0297
2026-05-07 16:28:33.600,0,10,10,0.00,0.0000,0.0000,-7.3661,1.2188,0.0000,-0.4425,0.1575,-92.0297
2026-05-07 16:28:34.100,0,10,10,0.00,0.0001,-0.0001,-7.3661,1.2188,0.0000,-0.4425,0.1575,-92.0297
2026-05-07 16:28:34.600,0,10,10,0.00,-0.0001,0.0000,-7.3661,1.2188,0.0000,-0.4425,0.1575,-92.0297
2026-05-07 16:28:35.100,0,10,10,0.00,0.0001,-0.0005,-7.3661,1.2188,0.0000,-0.4425,0.1575,-92.0297
2026-05-07 16:28:35.600,0,10,10,0.00,0.0000,0.0000,-7.3661,1.2188,0.0000,-0.4425,0.1575,-92.0297
2026-05-07 16:28:36.100,0,10,10,0.00,-0.0001,0.0000,-7.3661,1.2188,0.0000,-0.4425,0.1575,-92.0297
2026-05-07 16:28:36.600,0,10,10,0.00,0.0000,0.0001,-7.3661,1.2188,0.0000,-0.4425,0.1575,-92.0297
2026-05-07 16:28:37.100,0,10,10,0.00,-0.0001,-0.0001,-7.3661,1.2188,0.0000,-0.4425,0.1575,-92.0297
2026-05-07 16:28:37.600,0,10,10,0.00,0.0000,-0.0001,-7.3661,1.2188,0.0000,-0.4425,0.1575,-92.0297
2026-05-07 16:28:38.100,0,10,10,0.00,0.0003,0.0000,-7.3661,1.2188,0.0000,-0.4425,0.1575,-92.0297
2026-05-07 16:28:38.600,0,10,10,0.00,0.0000,0.0000,-7.3661,1.2188,0.0000,-0.4425,0.1575,-92.0297
2026-05-07 16:28:39.100,0,10,10,0.00,0.0001,0.0000,-7.3661,1.2188,0.0000,-0.4425,0.1575,-92.0297
2026-05-07 16:28:39.600,0,10,10,0.00,0.0000,-0.0001,-7.3661,1.2188,0.0000,-0.4425,0.1575,-92.0297
2026-05-07 16:28:40.100,0,10,10,0.00,0.0001,0.0000,-7.3661,1.2188,0.0000,-0.4425,0.1575,-92.0297
2026-05-07 16:28:40.600,0,10,10,0.00,0.0000,0.0000,-7.3661,1.2188,0.0000,-0.4425,0.1575,-92.0297
2026-05-07 16:28:41.100,0,10,10,0.00,0.0000,-0.0001,-7.3661,1.2188,0.0000,-0.4425,0.1575,-92.0297
2026-05-07 16:28:41.600,0,10,10,0.00,0.0001,0.0000,-7.3661,1.2188,0.0000,-0.4425,0.1575,-92.0297
2026-05-07 16:28:42.100,0,10,10,0.00,0.0003,0.0000,-7.3661,1.2188,0.0000,-0.4425,0.1575,-92.0297
2026-05-07 16:28:42.600,0,10,10,0.00,-0.0005,0.0000,-7.3661,1.2188,0.0000,-0.4425,0.1575,-92.0297
2026-05-07 16:28:43.100,0,10,10,0.00,0.0000,0.0001,-7.3661,1.2188,0.0000,-0.4425,0.1575,-92.0297
2026-05-07 16:28:43.600,0,10,10,0.00,0.0001,0.0001,-7.3661,1.2188,0.0000,-0.4425,0.1575,-92.0297
2026-05-07 16:28:44.100,0,10,10,0.00,-0.0003,0.0001,-7.3661,1.2188,0.0000,-0.4425,0.1575,-92.0297
2026-05-07 16:28:44.600,0,10,10,0.00,0.0000,0.0000,-7.3661,1.2188,0.0000,-0.4425,0.1575,-92.0297
2026-05-07 16:28:45.100,0,10,10,0.00,-0.0001,0.0000,-7.3661,1.2188,0.0000,-0.4425,0.1575,-92.0297
2026-05-07 16:28:45.600,0,10,10,0.00,0.0001,0.0000,-7.3661,1.2188,0.0000,-0.4425,0.1575,-92.0297
2026-05-07 16:28:46.100,0,10,10,0.00,0.0001,0.0001,-7.3661,1.2188,0.0000,-0.4425,0.1575,-92.0297
2026-05-07 16:28:46.600,0,10,10,0.00,-0.0001,0.0000,-7.3661,1.2188,0.0000,-0.4425,0.1575,-92.0297
2026-05-07 16:28:47.100,0,10,10,0.00,0.0000,-0.0003,-7.3661,1.2188,0.0000,-0.4425,0.1575,-92.0297
2026-05-07 16:28:47.600,0,10,10,0.00,0.0000,0.0001,-7.3661,1.2188,0.0000,-0.4425,0.1575,-92.0297
2026-05-07 16:28:48.100,0,10,10,0.00,0.0001,0.0000,-7.3661,1.2188,0.0000,-0.4425,0.1575,-92.0297
2026-05-07 16:28:48.600,0,10,10,0.00,0.0000,0.0001,-7.3661,1.2188,0.0000,-0.4425,0.1575,-92.0297
2026-05-07 16:28:49.100,0,10,10,0.00,0.0000,0.0001,-7.3661,1.2188,0.0000,-0.4425,0.1575,-92.0297
2026-05-07 16:28:49.600,0,10,10,0.00,0.0000,0.0000,-7.3661,1.2188,0.0000,-0.4425,0.1575,-92.0297
2026-05-07 16:28:50.100,0,10,10,0.00,0.0008,0.0004,-7.3661,1.2188,0.0000,-0.4425,0.1575,-92.0297
2026-05-07 16:28:50.600,0,10,10,0.00,0.0000,0.0000,-7.3661,1.2188,0.0000,-0.4425,0.1575,-92.0297
2026-05-07 16:28:51.100,0,10,10,0.00,-0.0001,0.0000,-7.3661,1.2188,0.0000,-0.4425,0.1575,-92.0297
2026-05-07 16:28:51.600,0,10,10,0.00,0.0001,0.0001,-7.3661,1.2188,0.0000,-0.4425,0.1575,-92.0297
2026-05-07 16:28:52.100,0,10,10,0.00,0.0000,0.0000,-7.3661,1.2188,0.0000,-0.4425,0.1575,-92.0297
2026-05-07 16:28:52.600,0,10,10,0.00,0.0000,0.0000,-7.3661,1.2188,0.0000,-0.4425,0.1575,-92.0297
2026-05-07 16:28:53.100,0,10,10,0.00,0.0000,0.0000,-7.3661,1.2188,0.0000,-0.4425,0.1575,-92.0297
2026-05-07 16:28:53.600,0,10,10,0.00,0.0000,-0.0001,-7.3661,1.2188,0.0000,-0.4425,0.1575,-92.0297
2026-05-07 16:28:54.100,0,10,10,0.00,0.0000,0.0003,-7.3661,1.2188,0.0000,-0.4425,0.1575,-92.0297
2026-05-07 16:28:54.600,0,10,10,0.00,0.0003,0.0000,-7.3661,1.2188,0.0000,-0.4425,0.1575,-92.0297
2026-05-07 16:28:55.100,0,10,10,0.00,-0.0004,-0.0001,-7.3661,1.2188,0.0000,-0.4425,0.1575,-92.0297
2026-05-07 16:28:55.600,0,10,10,0.00,0.0000,0.0000,-7.3661,1.2188,0.0000,-0.4425,0.1575,-92.0297
2026-05-07 16:28:56.100,0,10,10,0.00,0.0000,-0.0001,-7.3661,1.2188,0.0000,-0.4425,0.1575,-92.0297
2026-05-07 16:28:56.600,0,10,10,0.00,0.0003,0.0000,-7.3661,1.2188,0.0000,-0.4425,0.1575,-92.0297
2026-05-07 16:28:57.100,0,10,10,0.00,0.0000,0.0000,-7.3661,1.2188,0.0000,-0.4425,0.1575,-92.0297
2026-05-07 16:28:57.600,0,10,10,0.00,0.0000,0.0001,-7.3661,1.2188,0.0000,-0.4425,0.1575,-92.0297
2026-05-07 16:28:58.100,0,10,10,0.00,0.0000,0.0000,-7.3661,1.2188,0.0000,-0.4425,0.1575,-92.0297
2026-05-07 16:28:58.600,0,10,10,0.00,-0.0001,0.0000,-7.3661,1.2188,0.0000,-0.4425,0.1575,-92.0297
2026-05-07 16:28:59.100,0,10,10,0.00,0.0000,0.0000,-7.3661,1.2188,0.0000,-0.4425,0.1575,-92.0297
2026-05-07 16:28:59.600,0,10,10,0.00,0.0000,-0.0001,-7.3661,1.2188,0.0000,-0.4425,0.1575,-92.0297
2026-05-07 16:29:00.100,0,10,10,0.00,0.0003,0.0000,-7.3661,1.2188,0.0000,-0.4425,0.1575,-92.0297
2026-05-07 16:29:00.600,0,10,10,0.00,0.0001,0.0000,-7.3661,1.2188,0.0000,-0.4425,0.1575,-92.0297
2026-05-07 16:29:01.100,0,10,10,0.00,0.0001,0.0000,-7.3661,1.2188,0.0000,-0.4425,0.1575,-92.0297
2026-05-07 16:29:01.600,0,10,10,0.00,0.0000,0.0000,-7.3661,1.2188,0.0000,-0.4425,0.1575,-92.0297
2026-05-07 16:29:02.100,0,10,10,0.00,0.0000,0.0000,-7.3661,1.2188,0.0000,-0.4425,0.1575,-92.0297
2026-05-07 16:29:02.600,0,10,10,0.00,0.0001,0.0000,-7.3661,1.2188,0.0000,-0.4425,0.1575,-92.0297
2026-05-07 16:29:03.100,0,10,10,0.00,0.0000,0.0000,-7.3661,1.2188,0.0000,-0.4425,0.1575,-92.0297
2026-05-07 16:29:03.600,0,10,10,0.00,0.0000,-0.0001,-7.3661,1.2188,0.0000,-0.4425,0.1575,-92.0297
2026-05-07 16:29:04.100,0,10,10,0.00,0.0001,0.0000,-7.3661,1.2188,0.0000,-0.4425,0.1575,-92.0297
2026-05-07 16:29:04.600,0,10,10,0.00,0.0000,0.0000,-7.3661,1.2188,0.0000,-0.4425,0.1575,-92.0297
2026-05-07 16:29:05.100,0,10,10,0.00,0.0001,0.0000,-7.3661,1.2188,0.0000,-0.4425,0.1575,-92.0297
2026-05-07 16:29:05.600,0,10,10,0.00,0.0000,-0.0001,-7.3661,1.2188,0.0000,-0.4425,0.1575,-92.0297
2026-05-07 16:29:06.100,0,10,10,0.00,0.0001,0.0000,-7.3661,1.2188,0.0000,-0.4425,0.1575,-92.0297
2026-05-07 16:29:06.600,0,10,10,0.00,0.0000,0.0000,-7.3661,1.2188,0.0000,-0.4425,0.1575,-92.0297
2026-05-07 16:29:07.100,0,10,10,0.00,0.0001,0.0000,-7.3661,1.2188,0.0000,-0.4425,0.1575,-92.0297
2026-05-07 16:29:07.600,0,10,10,0.00,0.0000,-0.0001,-7.3661,1.2188,0.0000,-0.4425,0.1575,-92.0297
2026-05-07 16:29:08.100,0,10,10,0.00,0.0000,0.0000,-7.3661,1.2188,0.0000,-0.4425,0.1575,-92.0297
2026-05-07 16:29:08.600,0,10,10,0.00,0.0000,-0.0001,-7.3661,1.2188,0.0000,-0.4425,0.1575,-92.0297
2026-05-07 16:29:09.100,0,10,10,0.00,0.0001,0.0003,-7.3661,1.2188,0.0000,-0.4425,0.1575,-92.0297
2026-05-07 16:29:09.600,0,10,10,0.00,-0.0001,-0.0004,-7.3661,1.2188,0.0000,-0.4425,0.1575,-92.0297
2026-05-07 16:29:10.100,0,10,10,0.00,-0.0003,0.0000,-7.3661,1.2188,0.0000,-0.4425,0.1575,-92.0297
2026-05-07 16:29:10.600,0,10,10,0.00,0.0000,-0.0001,-7.3661,1.2188,0.0000,-0.4425,0.1575,-92.0297
2026-05-07 16:29:11.100,0,10,10,0.00,0.0000,0.0004,-7.3661,1.2188,0.0000,-0.4425,0.1575,-92.0297
2026-05-07 16:29:11.600,0,10,10,0.00,0.0000,0.0000,-7.3661,1.2188,0.0000,-0.4425,0.1575,-92.0297
2026-05-07 16:29:12.100,0,10,10,0.00,0.0001,0.0000,-7.3661,1.2188,0.0000,-0.4425,0.1575,-92.0297
2026-05-07 16:29:12.600,0,10,10,0.00,0.0001,0.0000,-7.3661,1.2188,0.0000,-0.4425,0.1575,-92.0297
2026-05-07 16:29:13.100,0,10,10,0.00,0.0003,0.0001,-7.3661,1.2188,0.0000,-0.4425,0.1575,-92.0297
2026-05-07 16:29:13.600,0,10,10,0.00,0.0000,-0.0003,-7.3661,1.2188,0.0000,-0.4425,0.1575,-92.0297
2026-05-07 16:29:14.100,0,10,10,0.00,-0.0001,0.0000,-7.3661,1.2188,0.0000,-0.4425,0.1575,-92.0297
2026-05-07 16:29:14.600,0,10,10,0.00,0.0003,0.0000,-7.3661,1.2188,0.0000,-0.4425,0.1575,-92.0297
2026-05-07 16:29:15.100,0,10,10,0.00,-0.0001,0.0000,-7.3661,1.2188,0.0000,-0.4425,0.1575,-92.0297
2026-05-07 16:29:15.600,0,10,10,0.00,0.0000,0.0000,-7.3661,1.2188,0.0000,-0.4425,0.1575,-92.0297
2026-05-07 16:29:16.100,0,10,10,0.00,0.0001,0.0000,-7.3661,1.2188,0.0000,-0.4425,0.1575,-92.0297
2026-05-07 16:29:16.600,0,10,10,0.00,0.0001,0.0000,-7.3661,1.2188,0.0000,-0.4425,0.1575,-92.0297
2026-05-07 16:29:17.100,0,10,10,0.00,0.0000,0.0000,-7.3661,1.2188,0.0000,-0.4425,0.1575,-92.0297
2026-05-07 16:29:17.604,0,10,10,0.00,0.0000,0.0000,-7.3661,1.2188,0.0000,-0.4425,0.1575,-92.0297
2026-05-07 16:29:18.100,0,10,10,0.00,0.0000,0.0000,-7.3661,1.2188,0.0000,-0.4425,0.1575,-92.0297
2026-05-07 16:29:18.600,0,10,10,0.00,0.0001,0.0001,-7.3661,1.2188,0.0000,-0.4425,0.1575,-92.0297
2026-05-07 16:29:19.100,0,10,10,0.00,-0.0001,0.0000,-7.3661,1.2188,0.0000,-0.4425,0.1575,-92.0297
2026-05-07 16:29:19.600,0,10,10,0.00,-0.0001,0.0000,-7.3661,1.2188,0.0000,-0.4425,0.1575,-92.0297
2026-05-07 16:29:20.100,0,10,10,0.00,0.0005,0.0000,-7.3661,1.2188,0.0000,-0.4425,0.1575,-92.0297
2026-05-07 16:29:20.600,0,10,10,0.00,-0.0004,0.0001,-7.3661,1.2188,0.0000,-0.4425,0.1575,-92.0297
2026-05-07 16:29:21.100,0,10,10,0.00,-0.0003,0.0001,-7.3661,1.2188,0.0000,-0.4425,0.1575,-92.0297
2026-05-07 16:29:21.600,0,10,10,0.00,-0.0001,0.0000,-7.3661,1.2188,0.0000,-0.4425,0.1575,-92.0297
2026-05-07 16:29:22.100,0,10,10,0.00,0.0001,-0.0001,-7.3661,1.2188,0.0000,-0.4425,0.1575,-92.0297
2026-05-07 16:29:22.600,0,10,10,0.00,0.0000,0.0001,-7.3661,1.2188,0.0000,-0.4425,0.1575,-92.0297
2026-05-07 16:29:23.100,0,10,10,0.00,0.0001,-0.0001,-7.3661,1.2188,0.0000,-0.4425,0.1575,-92.0297
2026-05-07 16:29:23.600,0,10,10,0.00,-0.0001,0.0003,-7.3661,1.2188,0.0000,-0.4425,0.1575,-92.0297
2026-05-07 16:29:24.100,0,10,10,0.00,0.0000,-0.0001,-7.3661,1.2188,0.0000,-0.4425,0.1575,-92.0297
2026-05-07 16:29:24.600,0,10,10,0.00,0.0000,0.0000,-7.3661,1.2188,0.0000,-0.4425,0.1575,-92.0297
2026-05-07 16:29:25.100,0,10,10,0.00,0.0000,0.0001,-7.3661,1.2188,0.0000,-0.4425,0.1575,-92.0297
2026-05-07 16:29:25.600,0,10,10,0.00,0.0000,-0.0003,-7.3661,1.2188,0.0000,-0.4425,0.1575,-92.0297
2026-05-07 16:29:26.100,0,10,10,0.00,0.0003,0.0000,-7.3661,1.2188,0.0000,-0.4425,0.1575,-92.0297
2026-05-07 16:29:26.600,0,10,10,0.00,0.0000,-0.0005,-7.3661,1.2188,0.0000,-0.4425,0.1575,-92.0297
2026-05-07 16:29:27.100,0,10,10,0.00,0.0003,0.0000,-7.3661,1.2188,0.0000,-0.4425,0.1575,-92.0297
2026-05-07 16:29:27.600,0,10,10,0.00,0.0001,0.0000,-7.3661,1.2188,0.0000,-0.4425,0.1575,-92.0297
2026-05-07 16:29:28.100,0,10,10,0.00,0.0000,0.0001,-7.3661,1.2188,0.0000,-0.4425,0.1575,-92.0297
2026-05-07 16:29:28.600,0,10,10,0.00,-0.0003,0.0000,-7.3661,1.2188,0.0000,-0.4425,0.1575,-92.0297
2026-05-07 16:29:29.100,0,10,10,0.00,0.0000,0.0000,-7.3661,1.2188,0.0000,-0.4425,0.1575,-92.0297
2026-05-07 16:29:29.600,0,10,10,0.00,0.0000,0.0000,-7.3661,1.2188,0.0000,-0.4425,0.1575,-92.0297
2026-05-07 16:29:30.100,0,10,10,0.00,0.0000,0.0000,-7.3661,1.2188,0.0000,-0.4425,0.1575,-92.0297
2026-05-07 16:29:30.600,0,10,10,0.00,-0.0004,-0.0003,-7.3661,1.2188,0.0000,-0.4425,0.1575,-92.0297
2026-05-07 16:29:31.100,0,10,10,0.00,0.0000,0.0001,-7.3661,1.2188,0.0000,-0.4425,0.1575,-92.0297
2026-05-07 16:29:31.600,0,10,10,0.00,-0.0003,0.0000,-7.3661,1.2188,0.0000,-0.4425,0.1575,-92.0297
2026-05-07 16:29:32.100,0,10,10,0.00,0.0000,0.0000,-7.3661,1.2188,0.0000,-0.4425,0.1575,-92.0297
2026-05-07 16:29:32.600,0,10,10,0.00,0.0003,-0.0003,-7.3661,1.2188,0.0000,-0.4425,0.1575,-92.0297
2026-05-07 16:29:33.100,0,10,10,0.00,0.0000,-0.0001,-7.3661,1.2188,0.0000,-0.4425,0.1575,-92.0297
2026-05-07 16:29:33.600,0,10,10,0.00,0.0000,0.0000,-7.3661,1.2188,0.0000,-0.4425,0.1575,-92.0297
2026-05-07 16:29:34.100,0,10,10,0.00,-0.0001,-0.0003,-7.3661,1.2188,0.0000,-0.4425,0.1575,-92.0297
2026-05-07 16:29:34.600,0,10,10,0.00,0.0000,-0.0001,-7.3661,1.2188,0.0000,-0.4425,0.1575,-92.0297
2026-05-07 16:29:35.100,0,10,10,0.00,0.0003,0.0000,-7.3661,1.2188,0.0000,-0.4425,0.1575,-92.0297
2026-05-07 16:29:35.600,0,10,10,0.00,0.0000,0.0000,-7.3661,1.2188,0.0000,-0.4425,0.1575,-92.0297
2026-05-07 16:29:36.100,0,10,10,0.00,0.0000,0.0000,-7.3661,1.2188,0.0000,-0.4425,0.1575,-92.0297
2026-05-07 16:29:36.600,0,10,10,0.00,0.0000,0.0000,-7.3661,1.2188,0.0000,-0.4425,0.1575,-92.0297
2026-05-07 16:29:37.100,0,10,10,0.00,-0.0001,0.0000,-7.3661,1.2188,0.0000,-0.4425,0.1575,-92.0297
2026-05-07 16:29:37.600,0,10,10,0.00,0.0003,0.0001,-7.3661,1.2188,0.0000,-0.4425,0.1575,-92.0297
2026-05-07 16:29:38.100,0,10,10,0.00,0.0000,0.0000,-7.3661,1.2188,0.0000,-0.4425,0.1575,-92.0297
2026-05-07 16:29:38.600,0,10,10,0.00,-0.0001,0.0000,-7.3661,1.2188,0.0000,-0.4425,0.1575,-92.0297
2026-05-07 16:29:39.100,0,10,10,0.00,0.0001,0.0001,-7.3661,1.2188,0.0000,-0.4425,0.1575,-92.0297
2026-05-07 16:29:39.600,0,10,10,0.00,0.0000,0.0000,-7.3661,1.2188,0.0000,-0.4425,0.1575,-92.0297
2026-05-07 16:29:40.100,0,10,10,0.00,0.0000,0.0000,-7.3661,1.2188,0.0000,-0.4425,0.1575,-92.0297
2026-05-07 16:29:40.600,0,10,10,0.00,-0.0001,0.0001,-7.3661,1.2188,0.0000,-0.4425,0.1575,-92.0297
2026-05-07 16:29:41.100,0,10,10,0.00,0.0000,0.0000,-7.3661,1.2188,0.0000,-0.4425,0.1575,-92.0297
2026-05-07 16:29:41.600,0,10,10,0.00,-0.0003,0.0000,-7.3661,1.2188,0.0000,-0.4425,0.1575,-92.0297
2026-05-07 16:29:42.100,0,10,10,0.00,0.0001,-0.0001,-7.3661,1.2188,0.0000,-0.4425,0.1575,-92.0297
2026-05-07 16:29:42.600,0,10,10,0.00,0.0000,0.0001,-7.3661,1.2188,0.0000,-0.4425,0.1575,-92.0297
2026-05-07 16:29:43.100,0,10,10,0.00,0.0000,0.0000,-7.3661,1.2188,0.0000,-0.4425,0.1575,-92.0297
2026-05-07 16:29:43.600,0,10,10,0.00,0.0000,0.0001,-7.3661,1.2188,0.0000,-0.4425,0.1575,-92.0297
2026-05-07 16:29:44.100,0,10,10,0.00,0.0000,0.0000,-7.3661,1.2188,0.0000,-0.4425,0.1575,-92.0297
2026-05-07 16:29:44.600,0,10,10,0.00,0.0004,0.0000,-7.3661,1.2188,0.0000,-0.4425,0.1575,-92.0297
2026-05-07 16:29:45.100,0,10,10,0.00,0.0003,0.0000,-7.3661,1.2188,0.0000,-0.4425,0.1575,-92.0297
2026-05-07 16:29:45.600,0,10,10,0.00,0.0003,0.0000,-7.3661,1.2188,0.0000,-0.4425,0.1575,-92.0297
2026-05-07 16:29:46.100,0,10,10,0.00,0.0000,0.0000,-7.3661,1.2188,0.0000,-0.4425,0.1575,-92.0297
2026-05-07 16:29:46.600,0,10,10,0.00,-0.0003,0.0000,-7.3661,1.2188,0.0000,-0.4425,0.1575,-92.0297
2026-05-07 16:29:47.100,0,10,10,0.00,0.0000,0.0000,-7.3661,1.2188,0.0000,-0.4425,0.1575,-92.0297
2026-05-07 16:29:47.600,0,10,10,0.00,0.0000,-0.0001,-7.3661,1.2188,0.0000,-0.4425,0.1575,-92.0297
2026-05-07 16:29:48.100,0,10,10,0.00,0.0000,-0.0001,-7.3661,1.2188,0.0000,-0.4425,0.1575,-92.0297
2026-05-07 16:29:48.600,0,10,10,0.00,-0.0001,-0.0001,-7.3661,1.2188,0.0000,-0.4425,0.1575,-92.0297
2026-05-07 16:29:49.100,0,10,10,0.00,0.0001,0.0000,-7.3661,1.2188,0.0000,-0.4425,0.1575,-92.0297
2026-05-07 16:29:49.600,0,10,10,0.00,0.0001,0.0001,-7.3661,1.2188,0.0000,-0.4425,0.1575,-92.0297
2026-05-07 16:29:50.100,0,10,10,0.00,0.0003,0.0000,-7.3661,1.2188,0.0000,-0.4425,0.1575,-92.0297
2026-05-07 16:29:50.600,0,10,10,0.00,0.0000,0.0000,-7.3661,1.2188,0.0000,-0.4425,0.1575,-92.0297
2026-05-07 16:29:51.100,0,10,10,0.00,-0.0001,0.0000,-7.3661,1.2188,0.0000,-0.4425,0.1575,-92.0297
2026-05-07 16:29:51.600,0,10,10,0.00,-0.0001,0.0000,-7.3661,1.2188,0.0000,-0.4425,0.1575,-92.0297
2026-05-07 16:29:52.100,0,10,10,0.00,0.0001,-0.0005,-7.3661,1.2188,0.0000,-0.4425,0.1575,-92.0297
2026-05-07 16:29:52.600,0,10,10,0.00,0.0001,0.0001,-7.3661,1.2188,0.0000,-0.4425,0.1575,-92.0297
2026-05-07 16:29:53.100,0,10,10,0.00,0.0000,-0.0001,-7.3661,1.2188,0.0000,-0.4425,0.1575,-92.0297
2026-05-07 16:29:53.600,0,10,10,0.00,0.0000,0.0001,-7.3661,1.2188,0.0000,-0.4425,0.1575,-92.0297
2026-05-07 16:29:54.100,0,10,10,0.00,0.0003,0.0001,-7.3661,1.2188,0.0000,-0.4425,0.1575,-92.0297
2026-05-07 16:29:54.600,0,10,10,0.00,-0.0001,0.0000,-7.3661,1.2188,0.0000,-0.4425,0.1575,-92.0297
2026-05-07 16:29:55.100,0,10,10,0.00,0.0001,0.0000,-7.3661,1.2188,0.0000,-0.4425,0.1575,-92.0297
2026-05-07 16:29:55.600,0,10,10,0.00,0.0001,0.0000,-7.3661,1.2188,0.0000,-0.4425,0.1575,-92.0297
2026-05-07 16:29:56.100,0,10,10,0.00,0.0001,0.0000,-7.3661,1.2188,0.0000,-0.4425,0.1575,-92.0297
2026-05-07 16:29:56.600,0,10,10,0.00,0.0001,0.0001,-7.3661,1.2188,0.0000,-0.4425,0.1575,-92.0297
2026-05-07 16:29:57.100,0,10,10,0.00,0.0000,0.0000,-7.3661,1.2188,0.0000,-0.4425,0.1575,-92.0297
2026-05-07 16:29:57.600,0,10,10,0.00,0.0000,0.0000,-7.3661,1.2188,0.0000,-0.4425,0.1575,-92.0297
2026-05-07 16:29:58.100,0,10,10,0.00,0.0003,-0.0003,-7.3661,1.2188,0.0000,-0.4425,0.1575,-92.0297
2026-05-07 16:29:58.600,0,10,10,0.00,0.0000,-0.0001,-7.3661,1.2188,0.0000,-0.4425,0.1575,-92.0297
2026-05-07 16:29:59.100,0,10,10,0.00,0.0000,0.0001,-7.3661,1.2188,0.0000,-0.4425,0.1575,-92.0297
2026-05-07 16:29:59.600,0,10,10,0.00,0.0000,0.0001,-7.3661,1.2188,0.0000,-0.4425,0.1575,-92.0297
2026-05-07 16:30:00.100,0,10,10,0.00,0.0000,0.0000,-7.3661,1.2188,0.0000,-0.4425,0.1575,-92.0297
2026-05-07 16:30:00.600,0,10,10,0.00,-0.0001,0.0004,-7.3661,1.2188,0.0000,-0.4425,0.1575,-92.0297
2026-05-07 16:30:01.100,0,10,10,0.00,0.0001,0.0000,-7.3661,1.2188,0.0000,-0.4425,0.1575,-92.0297
2026-05-07 16:30:01.600,0,10,10,0.00,0.0001,0.0004,-7.3661,1.2188,0.0000,-0.4425,0.1575,-92.0297
2026-05-07 16:30:02.100,0,10,10,0.00,0.0000,0.0000,-7.3661,1.2188,0.0000,-0.4425,0.1575,-92.0297
2026-05-07 16:30:02.600,0,10,10,0.00,0.0000,0.0004,-7.3661,1.2188,0.0000,-0.4425,0.1575,-92.0297
2026-05-07 16:30:03.100,0,10,10,0.00,-0.0001,0.0000,-7.3661,1.2188,0.0000,-0.4425,0.1575,-92.0297
2026-05-07 16:30:03.600,0,10,10,0.00,0.0000,0.0000,-7.3661,1.2188,0.0000,-0.4425,0.1575,-92.0297
2026-05-07 16:30:04.100,0,10,10,0.00,0.0003,0.0000,-7.3661,1.2188,0.0000,-0.4425,0.1575,-92.0297
2026-05-07 16:30:04.600,0,10,10,0.00,-0.0001,0.0000,-7.3661,1.2188,0.0000,-0.4425,0.1575,-92.0297
2026-05-07 16:30:05.100,0,10,10,0.00,-0.0001,0.0000,-7.3661,1.2188,0.0000,-0.4425,0.1575,-92.0297
2026-05-07 16:30:05.600,0,10,10,0.00,0.0000,-0.0001,-7.3661,1.2188,0.0000,-0.4425,0.1575,-92.0297
2026-05-07 16:30:06.100,0,10,10,0.00,-0.0005,0.0000,-7.3661,1.2188,0.0000,-0.4425,0.1575,-92.1196
2026-05-07 16:30:06.600,0,10,10,0.00,0.0000,0.0000,-7.3661,1.2188,0.0000,-0.4425,0.1575,-92.1196
2026-05-07 16:30:07.100,0,10,10,0.00,0.0000,0.0001,-7.3661,1.2188,0.0000,-0.4425,0.1575,-92.1196
2026-05-07 16:30:07.600,0,10,10,0.00,0.0000,0.0000,-7.3661,1.2188,0.0000,-0.4425,0.1575,-92.1196
2026-05-07 16:30:08.100,0,10,10,0.00,0.0000,0.0000,-7.3661,1.2188,0.0000,-0.4425,0.1575,-92.1196
2026-05-07 16:30:08.600,0,10,10,0.00,0.0000,0.0001,-7.3661,1.2188,0.0000,-0.4425,0.1575,-92.1196
2026-05-07 16:30:09.100,0,10,10,0.00,-0.0001,0.0000,-7.3661,1.2188,0.0000,-0.4425,0.1575,-92.1196
2026-05-07 16:30:09.600,0,10,10,0.00,0.0000,-0.0001,-7.3661,1.2188,0.0000,-0.4425,0.1575,-92.1196
2026-05-07 16:30:10.100,0,10,10,0.00,0.0001,0.0000,-7.3661,1.2188,0.0000,-0.4425,0.1575,-92.1196
2026-05-07 16:30:10.600,0,10,10,0.00,0.0003,-0.0001,-7.3661,1.2188,0.0000,-0.4425,0.1575,-92.1196
2026-05-07 16:30:11.100,0,10,10,0.00,0.0000,0.0000,-7.3661,1.2188,0.0000,-0.4425,0.1575,-92.1196
2026-05-07 16:30:11.600,0,10,10,0.00,0.0000,0.0000,-7.3661,1.2188,0.0000,-0.4425,0.1575,-92.1196
2026-05-07 16:30:12.100,0,10,10,0.00,-0.0001,0.0000,-7.3661,1.2188,0.0000,-0.4425,0.1575,-92.1196
2026-05-07 16:30:12.600,0,10,10,0.00,0.0000,-0.0001,-7.3661,1.2188,0.0000,-0.4425,0.1575,-92.1196
2026-05-07 16:30:13.100,0,10,10,0.00,0.0001,0.0001,-7.3661,1.2188,0.0000,-0.4425,0.1575,-92.1196
2026-05-07 16:30:13.600,0,10,10,0.00,0.0000,-0.0003,-7.3661,1.2188,0.0000,-0.4425,0.1575,-92.1196
2026-05-07 16:30:14.100,0,10,10,0.00,0.0003,0.0001,-7.3661,1.2188,0.0000,-0.4425,0.1575,-92.1196
2026-05-07 16:30:14.600,0,10,10,0.00,0.0001,-0.0003,-7.3661,1.2188,0.0000,-0.4425,0.1575,-92.1196
2026-05-07 16:30:15.100,0,10,10,0.00,0.0000,0.0000,-7.3661,1.2188,0.0000,-0.4425,0.1575,-92.1196
2026-05-07 16:30:15.600,0,10,10,0.00,0.0004,0.0000,-7.3661,1.2188,0.0000,-0.4425,0.1575,-92.1196
2026-05-07 16:30:16.100,0,10,10,0.00,-0.0001,0.0000,-7.3661,1.2188,0.0000,-0.4425,0.1575,-92.1196
2026-05-07 16:30:16.600,0,10,10,0.00,-0.0001,-0.0001,-7.3661,1.2188,0.0000,-0.4425,0.1575,-92.1196
2026-05-07 16:30:17.100,0,10,10,0.00,0.0000,0.0001,-7.3661,1.2188,0.0000,-0.4425,0.1575,-92.1196
2026-05-07 16:30:17.600,0,10,10,0.00,0.0000,-0.0001,-7.3661,1.2188,0.0000,-0.4425,0.1575,-92.1196
2026-05-07 16:30:18.100,0,10,10,0.00,-0.0003,0.0000,-7.3661,1.2188,0.0000,-0.4425,0.1575,-92.1196
2026-05-07 16:30:18.600,0,10,10,0.00,0.0001,-0.0001,-7.3661,1.2188,0.0000,-0.4425,0.1575,-92.1196
2026-05-07 16:30:19.100,0,10,10,0.00,0.0000,0.0000,-7.3661,1.2188,0.0000,-0.4425,0.1575,-92.1196
2026-05-07 16:30:19.600,0,10,10,0.00,0.0001,0.0000,-7.3661,1.2188,0.0000,-0.4425,0.1575,-92.1196
2026-05-07 16:30:20.100,0,10,10,0.00,0.0003,0.0000,-7.3661,1.2188,0.0000,-0.4425,0.1575,-92.1196
2026-05-07 16:30:20.600,0,10,10,0.00,-0.0001,0.0000,-7.3661,1.2188,0.0000,-0.4425,0.1575,-92.1196
2026-05-07 16:30:21.100,0,10,10,0.00,0.0000,0.0000,-7.3661,1.2188,0.0000,-0.4425,0.1575,-92.1196
2026-05-07 16:30:21.600,0,10,10,0.00,-0.0003,-0.0003,-7.3661,1.2188,0.0000,-0.4425,0.1575,-92.1196
2026-05-07 16:30:22.100,0,10,10,0.00,0.0000,0.0000,-7.3661,1.2188,0.0000,-0.4425,0.1575,-92.1196
2026-05-07 16:30:22.600,0,10,10,0.00,0.0000,0.0000,-7.3661,1.2188,0.0000,-0.4425,0.1575,-92.1196
2026-05-07 16:30:23.100,0,10,10,0.00,0.0000,0.0001,-7.3661,1.2188,0.0000,-0.4425,0.1575,-92.1196
2026-05-07 16:30:23.600,0,10,10,0.00,0.0001,0.0000,-7.3661,1.2188,0.0000,-0.4425,0.1575,-92.1196
2026-05-07 16:30:24.100,0,10,10,0.00,0.0000,0.0000,-7.3661,1.2188,0.0000,-0.4425,0.1575,-92.1196
2026-05-07 16:30:24.600,0,10,10,0.00,0.0000,-0.0003,-7.3661,1.2188,0.0000,-0.4425,0.1575,-92.1196
2026-05-07 16:30:25.100,0,10,10,0.00,0.0000,-0.0001,-7.3661,1.2188,0.0000,-0.4425,0.1575,-92.1196
2026-05-07 16:30:25.600,0,10,10,0.00,0.0000,0.0001,-7.3661,1.2188,0.0000,-0.4425,0.1575,-92.1196
2026-05-07 16:30:26.100,0,10,10,0.00,0.0000,0.0003,-7.3661,1.2188,0.0000,-0.4425,0.1575,-92.1196
2026-05-07 16:30:26.600,0,10,10,0.00,-0.0001,-0.0001,-7.3661,1.2188,0.0000,-0.4425,0.1575,-92.1196
2026-05-07 16:30:27.100,0,10,10,0.00,-0.0001,0.0000,-7.3661,1.2188,0.0000,-0.4425,0.1575,-92.1196
2026-05-07 16:30:27.600,0,10,10,0.00,0.0003,0.0000,-7.3661,1.2188,0.0000,-0.4425,0.1575,-92.1196
2026-05-07 16:30:28.100,0,10,10,0.00,0.0000,0.0000,-7.3661,1.2188,0.0000,-0.4425,0.1575,-92.1196
2026-05-07 16:30:28.600,0,10,10,0.00,0.0000,0.0000,-7.3661,1.2188,0.0000,-0.4425,0.1575,-92.1196
2026-05-07 16:30:29.100,0,10,10,0.00,0.0000,0.0000,-7.3661,1.2188,0.0000,-0.4425,0.1575,-92.1196
2026-05-07 16:30:29.600,0,10,10,0.00,0.0003,-0.0003,-7.3661,1.2188,0.0000,-0.4425,0.1575,-92.1196
2026-05-07 16:30:30.100,0,10,10,0.00,0.0000,-0.0001,-7.3661,1.2188,0.0000,-0.4425,0.1575,-92.1196
2026-05-07 16:30:30.600,0,10,10,0.00,-0.0001,0.0000,-7.3661,1.2188,0.0000,-0.4425,0.1575,-92.1196
2026-05-07 16:30:31.100,0,10,10,0.00,0.0000,0.0000,-7.3661,1.2188,0.0000,-0.4425,0.1575,-92.1196
2026-05-07 16:30:31.600,0,10,10,0.00,-0.0001,-0.0001,-7.3661,1.2188,0.0000,-0.4425,0.1575,-92.1196
2026-05-07 16:30:32.100,0,10,10,0.00,-0.0001,0.0001,-7.3661,1.2188,0.0000,-0.4425,0.1575,-92.1196
2026-05-07 16:30:32.600,0,10,10,0.00,0.0000,0.0000,-7.3661,1.2188,0.0000,-0.4425,0.1575,-92.1196
2026-05-07 16:30:33.100,0,10,10,0.00,-0.0001,0.0001,-7.3661,1.2188,0.0000,-0.4425,0.1575,-92.1196
2026-05-07 16:30:33.600,0,10,10,0.00,-0.0001,0.0000,-7.3661,1.2188,0.0000,-0.4425,0.1575,-92.1196
2026-05-07 16:30:34.100,0,10,10,0.00,0.0000,0.0000,-7.3661,1.2188,0.0000,-0.4425,0.1575,-92.1196
2026-05-07 16:30:34.600,0,10,10,0.00,0.0000,-0.0003,-7.3661,1.2188,0.0000,-0.4425,0.1575,-92.1196
2026-05-07 16:30:35.100,0,10,10,0.00,-0.0001,0.0000,-7.3661,1.2188,0.0000,-0.4425,0.1575,-92.1196
2026-05-07 16:30:35.600,0,10,10,0.00,0.0000,0.0001,-7.3661,1.2188,0.0000,-0.4425,0.1575,-92.1196
2026-05-07 16:30:36.100,0,10,10,0.00,0.0000,0.0000,-7.3661,1.2188,0.0000,-0.4425,0.1575,-92.1196
2026-05-07 16:30:36.600,0,10,10,0.00,0.0001,0.0001,-7.3661,1.2188,0.0000,-0.4425,0.1575,-92.1196
2026-05-07 16:30:37.100,0,10,10,0.00,0.0003,0.0001,-7.3661,1.2188,0.0000,-0.4425,0.1575,-92.1196
2026-05-07 16:30:37.600,0,10,10,0.00,-0.0001,0.0001,-7.3661,1.2188,0.0000,-0.4425,0.1575,-92.1196
2026-05-07 16:30:38.100,0,10,10,0.00,0.0000,0.0000,-7.3661,1.2188,0.0000,-0.4425,0.1575,-92.1196
2026-05-07 16:30:38.600,0,10,10,0.00,0.0003,0.0000,-7.3661,1.2188,0.0000,-0.4425,0.1575,-92.1196
2026-05-07 16:30:39.100,0,10,10,0.00,0.0001,0.0000,-7.3661,1.2188,0.0000,-0.4425,0.1575,-92.1196
2026-05-07 16:30:39.600,0,10,10,0.00,0.0000,0.0000,-7.3661,1.2188,0.0000,-0.4425,0.1575,-92.1196
2026-05-07 16:30:40.100,0,10,10,0.00,0.0003,0.0000,-7.3661,1.2188,0.0000,-0.4425,0.1575,-92.1196
2026-05-07 16:30:40.600,0,10,10,0.00,0.0000,-0.0001,-7.3661,1.2188,0.0000,-0.4425,0.1575,-92.1196
2026-05-07 16:30:41.100,0,10,10,0.00,0.0001,0.0000,-7.3661,1.2188,0.0000,-0.4425,0.1575,-92.1196
2026-05-07 16:30:41.600,0,10,10,0.00,0.0001,0.0004,-7.3661,1.2188,0.0000,-0.4425,0.1575,-92.1196
2026-05-07 16:30:42.100,0,10,10,0.00,0.0001,0.0000,-7.3661,1.2188,0.0000,-0.4425,0.1575,-92.1196
2026-05-07 16:30:42.600,0,10,10,0.00,0.0001,0.0003,-7.3661,1.2188,0.0000,-0.4425,0.1575,-92.1196
2026-05-07 16:30:43.100,0,10,10,0.00,0.0000,0.0001,-7.3661,1.2188,0.0000,-0.4425,0.1575,-92.1196
2026-05-07 16:30:43.600,0,10,10,0.00,0.0000,0.0003,-7.3661,1.2188,0.0000,-0.4425,0.1575,-92.1196
2026-05-07 16:30:44.100,0,10,10,0.00,0.0000,0.0001,-7.3661,1.2188,0.0000,-0.4425,0.1575,-92.1196
2026-05-07 16:30:44.600,0,10,10,0.00,0.0000,0.0000,-7.3661,1.2188,0.0000,-0.4425,0.1575,-92.1196
2026-05-07 16:30:45.100,0,10,10,0.00,0.0000,0.0000,-7.3661,1.2188,0.0000,-0.4425,0.1575,-92.1196
2026-05-07 16:30:45.600,0,10,10,0.00,0.0001,0.0000,-7.3661,1.2188,0.0000,-0.4425,0.1575,-92.1196
2026-05-07 16:30:46.100,0,10,10,0.00,0.0000,-0.0001,-7.3661,1.2188,0.0000,-0.4425,0.1575,-92.1196
2026-05-07 16:30:46.600,0,10,10,0.00,0.0001,0.0000,-7.3661,1.2188,0.0000,-0.4425,0.1575,-92.1196
2026-05-07 16:30:47.100,0,10,10,0.00,0.0001,0.0000,-7.3661,1.2188,0.0000,-0.4425,0.1575,-92.1196
2026-05-07 16:30:47.600,0,10,10,0.00,0.0000,-0.0003,-7.3661,1.2188,0.0000,-0.4425,0.1575,-92.1196
2026-05-07 16:30:48.100,0,10,10,0.00,0.0000,-0.0001,-7.3661,1.2188,0.0000,-0.4425,0.1575,-92.1196
2026-05-07 16:30:48.600,0,10,10,0.00,0.0001,0.0000,-7.3661,1.2188,0.0000,-0.4425,0.1575,-92.1196
2026-05-07 16:30:49.100,0,10,10,0.00,0.0000,-0.0001,-7.3661,1.2188,0.0000,-0.4425,0.1575,-92.1196
2026-05-07 16:30:49.600,0,10,10,0.00,-0.0003,0.0000,-7.3661,1.2188,0.0000,-0.4425,0.1575,-92.1196
2026-05-07 16:30:50.100,0,10,10,0.00,0.0000,0.0000,-7.3661,1.2188,0.0000,-0.4425,0.1575,-92.1196
2026-05-07 16:30:50.600,0,10,10,0.00,-0.0001,-0.0003,-7.3661,1.2188,0.0000,-0.4425,0.1575,-92.1196
2026-05-07 16:30:51.100,0,10,10,0.00,0.0000,-0.0001,-7.3661,1.2188,0.0000,-0.4425,0.1575,-92.1196
2026-05-07 16:30:51.600,0,10,10,0.00,0.0001,0.0000,-7.3661,1.2188,0.0000,-0.4425,0.1575,-92.1196
2026-05-07 16:30:52.100,0,10,10,0.00,-0.0003,0.0000,-7.3661,1.2188,0.0000,-0.4425,0.1575,-92.1196
2026-05-07 16:30:52.600,0,10,10,0.00,0.0004,0.0000,-7.3661,1.2188,0.0000,-0.4425,0.1575,-92.1196
2026-05-07 16:30:53.100,0,10,10,0.00,0.0005,0.0000,-7.3661,1.2188,0.0000,-0.4425,0.1575,-92.1196
2026-05-07 16:30:53.600,0,10,10,0.00,0.0004,0.0000,-7.3661,1.2188,0.0000,-0.4425,0.1575,-92.1196
2026-05-07 16:30:54.100,0,10,10,0.00,-0.0001,0.0001,-7.3661,1.2188,0.0000,-0.4425,0.1575,-92.1196
2026-05-07 16:30:54.600,0,10,10,0.00,-0.0001,0.0000,-7.3661,1.2188,0.0000,-0.4425,0.1575,-92.1196
2026-05-07 16:30:55.100,0,10,10,0.00,0.0000,0.0000,-7.3661,1.2188,0.0000,-0.4425,0.1575,-92.1196
2026-05-07 16:30:55.600,0,10,10,0.00,0.0001,-0.0001,-7.3661,1.2188,0.0000,-0.4425,0.1575,-92.1196
2026-05-07 16:30:56.100,0,10,10,0.00,-0.0003,0.0001,-7.3661,1.2188,0.0000,-0.4425,0.1575,-92.1196
2026-05-07 16:30:56.600,0,10,10,0.00,-0.0001,0.0000,-7.3661,1.2188,0.0000,-0.4425,0.1575,-92.1196
2026-05-07 16:30:57.100,0,10,10,0.00,0.0003,-0.0003,-7.3661,1.2188,0.0000,-0.4425,0.1575,-92.1196
2026-05-07 16:30:57.601,0,10,10,0.00,0.0000,0.0000,-7.3661,1.2188,0.0000,-0.4425,0.1575,-92.1196
2026-05-07 16:30:58.100,0,10,10,0.00,-0.0005,0.0000,-7.3661,1.2188,0.0000,-0.4425,0.1575,-92.1196
2026-05-07 16:30:58.600,0,10,10,0.00,0.0000,0.0001,-7.3661,1.2188,0.0000,-0.4425,0.1575,-92.1196
2026-05-07 16:30:59.100,0,10,10,0.00,0.0000,0.0001,-7.3661,1.2188,0.0000,-0.4425,0.1575,-92.1196
2026-05-07 16:30:59.600,0,10,10,0.00,0.0000,0.0000,-7.3661,1.2188,0.0000,-0.4425,0.1575,-92.1196
2026-05-07 16:31:00.100,0,10,10,0.00,0.0000,-0.0003,-7.3661,1.2188,0.0000,-0.4425,0.1575,-92.1196
2026-05-07 16:31:00.600,0,10,10,0.00,-0.0001,0.0000,-7.3661,1.2188,0.0000,-0.4425,0.1575,-92.1196
2026-05-07 16:31:01.101,0,10,10,0.00,-0.0003,0.0000,-7.3661,1.2188,0.0000,-0.4425,0.1575,-92.1196
2026-05-07 16:31:01.600,0,10,10,0.00,-0.0001,0.0000,-7.3661,1.2188,0.0000,-0.4425,0.1575,-92.1196
2026-05-07 16:31:02.100,0,10,10,0.00,0.0000,-0.0004,-7.3661,1.2188,0.0000,-0.4425,0.1575,-92.1196
2026-05-07 16:31:02.600,0,10,10,0.00,-0.0001,0.0000,-7.3661,1.2188,0.0000,-0.4425,0.1575,-92.1196
2026-05-07 16:31:03.100,0,10,10,0.00,-0.0001,0.0000,-7.3661,1.2188,0.0000,-0.4425,0.1575,-92.1196
2026-05-07 16:31:03.600,0,10,10,0.00,-0.0005,0.0000,-7.3661,1.2188,0.0000,-0.4425,0.1575,-92.1196
2026-05-07 16:31:04.100,0,10,10,0.00,0.0001,0.0000,-7.3661,1.2188,0.0000,-0.4425,0.1575,-92.1196
2026-05-07 16:31:04.600,0,10,10,0.00,-0.0001,0.0000,-7.3661,1.2188,0.0000,-0.4425,0.1575,-92.1196
2026-05-07 16:31:05.100,0,10,10,0.00,-0.0004,0.0001,-7.3661,1.2188,0.0000,-0.4425,0.1575,-92.1196
2026-05-07 16:31:05.603,0,10,10,0.00,-0.0001,0.0001,-7.3661,1.2188,0.0000,-0.4425,0.1575,-92.1196
2026-05-07 16:31:06.100,0,10,10,0.00,-0.0001,-0.0001,-7.3661,1.2188,0.0000,-0.4425,0.1575,-92.1196
2026-05-07 16:31:06.600,0,10,10,0.00,0.0000,-0.0001,-7.3661,1.2188,0.0000,-0.4425,0.1575,-92.1196
2026-05-07 16:31:07.100,0,10,10,0.00,-0.0001,0.0001,-7.3661,1.2188,0.0000,-0.4425,0.1575,-92.1196
2026-05-07 16:31:07.600,0,10,10,0.00,0.0000,-0.0001,-7.3661,1.2188,0.0000,-0.4425,0.1575,-92.1196
2026-05-07 16:31:08.100,0,10,10,0.00,0.0000,0.0000,-7.3661,1.2188,0.0000,-0.4425,0.1575,-92.1196
2026-05-07 16:31:08.600,0,10,10,0.00,-0.0004,0.0000,-7.3661,1.2188,0.0000,-0.4425,0.1575,-92.1196
2026-05-07 16:31:09.100,0,10,10,0.00,0.0000,0.0000,-7.3661,1.2188,0.0000,-0.4425,0.1575,-92.1196
2026-05-07 16:31:09.600,0,10,10,0.00,0.0000,0.0000,-7.3661,1.2188,0.0000,-0.4425,0.1575,-92.1196
2026-05-07 16:31:10.100,0,10,10,0.00,0.0000,-0.0003,-7.3661,1.2188,0.0000,-0.4425,0.1575,-92.1196
2026-05-07 16:31:10.600,0,10,10,0.00,0.0003,-0.0004,-7.3661,1.2188,0.0000,-0.4425,0.1575,-92.1196
2026-05-07 16:31:11.100,0,10,10,0.00,0.0000,0.0000,-7.3661,1.2188,0.0000,-0.4425,0.1575,-92.1196
2026-05-07 16:31:11.600,0,10,10,0.00,0.0000,0.0000,-7.3661,1.2188,0.0000,-0.4425,0.1575,-92.1196
2026-05-07 16:31:12.100,0,10,10,0.00,0.0000,0.0000,-7.3661,1.2188,0.0000,-0.4425,0.1575,-92.1196
2026-05-07 16:31:12.600,0,10,10,0.00,0.0001,0.0000,-7.3661,1.2188,0.0000,-0.4425,0.1575,-92.1196
2026-05-07 16:31:13.100,0,10,10,0.00,0.0000,0.0000,-7.3661,1.2188,0.0000,-0.4425,0.1575,-92.1196
2026-05-07 16:31:13.600,0,10,10,0.00,-0.0004,0.0003,-7.3661,1.2188,0.0000,-0.4425,0.1575,-92.1196
2026-05-07 16:31:14.100,0,10,10,0.00,0.0000,0.0000,-7.3661,1.2188,0.0000,-0.4425,0.1575,-92.1196
2026-05-07 16:31:14.600,0,10,10,0.00,0.0000,0.0000,-7.3661,1.2188,0.0000,-0.4425,0.1575,-92.1196
2026-05-07 16:31:15.100,0,10,10,0.00,0.0001,-0.0001,-7.3661,1.2188,0.0000,-0.4425,0.1575,-92.1196
2026-05-07 16:31:15.600,0,10,10,0.00,0.0000,0.0000,-7.3661,1.2188,0.0000,-0.4425,0.1575,-92.1196
2026-05-07 16:31:16.100,0,10,10,0.00,0.0000,0.0000,-7.3661,1.2188,0.0000,-0.4425,0.1575,-92.1196
2026-05-07 16:31:16.600,0,10,10,0.00,0.0000,0.0001,-7.3661,1.2188,0.0000,-0.4425,0.1575,-92.1196
2026-05-07 16:31:17.100,0,10,10,0.00,0.0000,0.0000,-7.3661,1.2188,0.0000,-0.4425,0.1575,-92.1196
2026-05-07 16:31:17.600,0,10,10,0.00,0.0003,0.0003,-7.3661,1.2188,0.0000,-0.4425,0.1575,-92.1196
2026-05-07 16:31:18.100,0,10,10,0.00,-0.0001,0.0000,-7.3661,1.2188,0.0000,-0.4425,0.1575,-92.1196
2026-05-07 16:31:18.600,0,10,10,0.00,0.0003,0.0003,-7.3661,1.2188,0.0000,-0.4425,0.1575,-92.1196
2026-05-07 16:31:19.100,0,10,10,0.00,0.0000,0.0000,-7.3661,1.2188,0.0000,-0.4425,0.1575,-92.1196
2026-05-07 16:31:19.600,0,10,10,0.00,0.0000,0.0000,-7.3661,1.2188,0.0000,-0.4425,0.1575,-92.1196
2026-05-07 16:31:20.100,0,10,10,0.00,0.0001,0.0000,-7.3661,1.2188,0.0000,-0.4425,0.1575,-92.1196
2026-05-07 16:31:20.600,0,10,10,0.00,-0.0001,0.0000,-7.3661,1.2188,0.0000,-0.4425,0.1575,-92.1196
2026-05-07 16:31:21.100,0,10,10,0.00,0.0000,0.0003,-7.3661,1.2188,0.0000,-0.4425,0.1575,-92.1196
2026-05-07 16:31:21.600,0,10,10,0.00,0.0003,-0.0005,-7.3661,1.2188,0.0000,-0.4425,0.1575,-92.1196
2026-05-07 16:31:22.100,0,10,10,0.00,-0.0001,0.0000,-7.3661,1.2188,0.0000,-0.4425,0.1575,-92.1196
2026-05-07 16:31:22.600,0,10,10,0.00,0.0000,-0.0001,-7.3661,1.2188,0.0000,-0.4425,0.1575,-92.1196
2026-05-07 16:31:23.100,0,10,10,0.00,0.0000,-0.0001,-7.3661,1.2188,0.0000,-0.4425,0.1575,-92.1196
2026-05-07 16:31:23.600,0,10,10,0.00,-0.0001,0.0001,-7.3661,1.2188,0.0000,-0.4425,0.1575,-92.1196
2026-05-07 16:31:24.100,0,10,10,0.00,0.0000,-0.0003,-7.3661,1.2188,0.0000,-0.4425,0.1575,-92.1196
2026-05-07 16:31:24.600,0,10,10,0.00,0.0000,-0.0001,-7.3661,1.2188,0.0000,-0.4425,0.1575,-92.1196
2026-05-07 16:31:25.100,0,10,10,0.00,-0.0005,0.0000,-7.3661,1.2188,0.0000,-0.4425,0.1575,-92.1196
2026-05-07 16:31:25.600,0,10,10,0.00,-0.0001,0.0000,-7.3661,1.2188,0.0000,-0.4425,0.1575,-92.1196
2026-05-07 16:31:26.100,0,10,10,0.00,0.0000,0.0000,-7.3661,1.2188,0.0000,-0.4425,0.1575,-92.1196
2026-05-07 16:31:26.600,0,10,10,0.00,0.0003,-0.0001,-7.3661,1.2188,0.0000,-0.4425,0.1575,-92.1196
2026-05-07 16:31:27.100,0,10,10,0.00,0.0003,-0.0003,-7.3661,1.2188,0.0000,-0.4425,0.1575,-92.1196
2026-05-07 16:31:27.600,0,10,10,0.00,0.0000,0.0000,-7.3661,1.2188,0.0000,-0.4425,0.1575,-92.1196
2026-05-07 16:31:28.100,0,10,10,0.00,0.0000,0.0001,-7.3661,1.2188,0.0000,-0.4425,0.1575,-92.1196
2026-05-07 16:31:28.600,0,10,10,0.00,0.0003,0.0000,-7.3661,1.2188,0.0000,-0.4425,0.1575,-92.1196
2026-05-07 16:31:29.100,0,10,10,0.00,0.0000,0.0001,-7.3661,1.2188,0.0000,-0.4425,0.1575,-92.1196
2026-05-07 16:31:29.600,0,10,10,0.00,0.0000,0.0000,-7.3661,1.2188,0.0000,-0.4425,0.1575,-92.1196
2026-05-07 16:31:30.100,0,10,10,0.00,0.0000,0.0000,-7.3661,1.2188,0.0000,-0.4425,0.1575,-92.1196
2026-05-07 16:31:30.600,0,10,10,0.00,0.0000,-0.0001,-7.3661,1.2188,0.0000,-0.4425,0.1575,-92.1196
2026-05-07 16:31:31.100,0,10,10,0.00,0.0000,-0.0001,-7.3661,1.2188,0.0000,-0.4425,0.1575,-92.1196
2026-05-07 16:31:31.600,0,10,10,0.00,0.0000,0.0000,-7.3661,1.2188,0.0000,-0.4425,0.1575,-92.1196
2026-05-07 16:31:32.100,0,10,10,0.00,0.0000,0.0001,-7.3661,1.2188,0.0000,-0.4425,0.1575,-92.1196
2026-05-07 16:31:32.600,0,10,10,0.00,-0.0003,0.0003,-7.3661,1.2188,0.0000,-0.4425,0.1575,-92.1196
2026-05-07 16:31:33.100,0,10,10,0.00,0.0000,-0.0003,-7.3661,1.2188,0.0000,-0.4425,0.1575,-92.1196
2026-05-07 16:31:33.600,0,10,10,0.00,0.0000,0.0001,-7.3661,1.2188,0.0000,-0.4425,0.1575,-92.1196
2026-05-07 16:31:34.100,0,10,10,0.00,0.0003,0.0000,-7.3661,1.2188,0.0000,-0.4425,0.1575,-92.1196
2026-05-07 16:31:34.600,0,10,10,0.00,0.0000,-0.0003,-7.3661,1.2188,0.0000,-0.4425,0.1575,-92.1196
2026-05-07 16:31:35.100,0,10,10,0.00,-0.0003,0.0000,-7.3661,1.2188,0.0000,-0.4425,0.1575,-92.1196
2026-05-07 16:31:35.600,0,10,10,0.00,0.0000,-0.0001,-7.3661,1.2188,0.0000,-0.4425,0.1575,-92.1196
2026-05-07 16:31:36.100,0,10,10,0.00,0.0001,-0.0001,-7.3661,1.2188,0.0000,-0.4425,0.1575,-92.1196
2026-05-07 16:31:36.600,0,10,10,0.00,0.0003,0.0001,-7.3661,1.2188,0.0000,-0.4425,0.1575,-92.1196
2026-05-07 16:31:37.100,0,10,10,0.00,0.0003,-0.0001,-7.3661,1.2188,0.0000,-0.4425,0.1575,-92.1196
2026-05-07 16:31:37.600,0,10,10,0.00,0.0000,0.0000,-7.3661,1.2188,0.0000,-0.4425,0.1575,-92.1196
2026-05-07 16:31:38.100,0,10,10,0.00,-0.0001,0.0000,-7.3661,1.2188,0.0000,-0.4425,0.1575,-92.1196
2026-05-07 16:31:38.600,0,10,10,0.00,-0.0001,-0.0001,-7.3661,1.2188,0.0000,-0.4425,0.1575,-92.1196
2026-05-07 16:31:39.100,0,10,10,0.00,0.0000,-0.0001,-7.3661,1.2188,0.0000,-0.4425,0.1575,-92.1196
2026-05-07 16:31:39.600,0,10,10,0.00,0.0001,0.0000,-7.3661,1.2188,0.0000,-0.4425,0.1575,-92.1196
2026-05-07 16:31:40.100,0,10,10,0.00,0.0000,-0.0001,-7.3661,1.2188,0.0000,-0.4425,0.1575,-92.1196
2026-05-07 16:31:40.600,0,10,10,0.00,-0.0001,0.0000,-7.3661,1.2188,0.0000,-0.4425,0.1575,-92.1196
2026-05-07 16:31:41.100,0,10,10,0.00,0.0001,-0.0001,-7.3661,1.2188,0.0000,-0.4425,0.1575,-92.1196
2026-05-07 16:31:41.600,0,10,10,0.00,-0.0001,0.0000,-7.3661,1.2188,0.0000,-0.4425,0.1575,-92.1196
2026-05-07 16:31:42.100,0,10,10,0.00,-0.0001,0.0001,-7.3661,1.2188,0.0000,-0.4425,0.1575,-92.1196
2026-05-07 16:31:42.600,0,10,10,0.00,0.0003,0.0000,-7.3661,1.2188,0.0000,-0.4425,0.1575,-92.1196
2026-05-07 16:31:43.100,0,10,10,0.00,0.0000,0.0000,-7.3661,1.2188,0.0000,-0.4425,0.1575,-92.1196
2026-05-07 16:31:43.600,0,10,10,0.00,-0.0001,0.0000,-7.3661,1.2188,0.0000,-0.4425,0.1575,-92.1196
2026-05-07 16:31:44.100,0,10,10,0.00,0.0001,0.0000,-7.3661,1.2188,0.0000,-0.4425,0.1575,-92.1196
2026-05-07 16:31:44.600,0,10,10,0.00,0.0000,0.0000,-7.3661,1.2188,0.0000,-0.4425,0.1575,-92.1196
2026-05-07 16:31:45.100,0,10,10,0.00,0.0000,0.0000,-7.3661,1.2188,0.0000,-0.4425,0.1575,-92.1196
2026-05-07 16:31:45.600,0,10,10,0.00,0.0001,0.0000,-7.3661,1.2188,0.0000,-0.4425,0.1575,-92.1196
2026-05-07 16:31:46.100,0,10,10,0.00,0.0003,0.0001,-7.3661,1.2188,0.0000,-0.4425,0.1575,-92.1196
2026-05-07 16:31:46.600,0,10,10,0.00,0.0004,0.0000,-7.3661,1.2188,0.0000,-0.4425,0.1575,-92.1196
2026-05-07 16:31:47.100,0,10,10,0.00,0.0000,0.0000,-7.3661,1.2188,0.0000,-0.4425,0.1575,-92.1196
2026-05-07 16:31:47.600,0,10,10,0.00,0.0000,0.0000,-7.3661,1.2188,0.0000,-0.4425,0.1575,-92.1196
2026-05-07 16:31:48.100,0,10,10,0.00,-0.0001,-0.0003,-7.3661,1.2188,0.0000,-0.4425,0.1575,-92.1196
2026-05-07 16:31:48.600,0,10,10,0.00,0.0000,0.0000,-7.3661,1.2188,0.0000,-0.4425,0.1575,-92.1196
2026-05-07 16:31:49.100,0,10,10,0.00,-0.0001,-0.0001,-7.3661,1.2188,0.0000,-0.4425,0.1575,-92.1196
2026-05-07 16:31:49.600,0,10,10,0.00,-0.0003,0.0000,-7.3661,1.2188,0.0000,-0.4425,0.1575,-92.1196
2026-05-07 16:31:50.100,0,10,10,0.00,-0.0001,0.0000,-7.3661,1.2188,0.0000,-0.4425,0.1575,-92.1196
2026-05-07 16:31:50.600,0,10,10,0.00,0.0000,0.0004,-7.3661,1.2188,0.0000,-0.4425,0.1575,-92.1196
2026-05-07 16:31:51.100,0,10,10,0.00,0.0000,0.0000,-7.3661,1.2188,0.0000,-0.4425,0.1575,-92.1196
2026-05-07 16:31:51.600,0,10,10,0.00,-0.0001,0.0001,-7.3661,1.2188,0.0000,-0.4425,0.1575,-92.1196
2026-05-07 16:31:52.100,0,10,10,0.00,0.0003,0.0000,-7.3661,1.2188,0.0000,-0.4425,0.1575,-92.1196
2026-05-07 16:31:52.600,0,10,10,0.00,0.0004,0.0003,-7.3661,1.2188,0.0000,-0.4425,0.1575,-92.1196
2026-05-07 16:31:53.100,0,10,10,0.00,0.0000,0.0003,-7.3661,1.2188,0.0000,-0.4425,0.1575,-92.1196
2026-05-07 16:31:53.600,0,10,10,0.00,0.0000,0.0001,-7.3661,1.2188,0.0000,-0.4425,0.1575,-92.1196
2026-05-07 16:31:54.100,0,10,10,0.00,0.0000,-0.0001,-7.3661,1.2188,0.0000,-0.4425,0.1575,-92.1196
2026-05-07 16:31:54.600,0,10,10,0.00,-0.0001,0.0003,-7.3661,1.2188,0.0000,-0.4425,0.1575,-92.1196
2026-05-07 16:31:55.100,0,10,10,0.00,0.0001,0.0000,-7.3661,1.2188,0.0000,-0.4425,0.1575,-92.1196
2026-05-07 16:31:55.600,0,10,10,0.00,0.0000,-0.0003,-7.3661,1.2188,0.0000,-0.4425,0.1575,-92.1196
2026-05-07 16:31:56.100,0,10,10,0.00,0.0003,0.0003,-7.3661,1.2188,0.0000,-0.4425,0.1575,-92.1196
2026-05-07 16:31:56.600,0,10,10,0.00,0.0005,0.0000,-7.3661,1.2188,0.0000,-0.4425,0.1575,-92.1196
2026-05-07 16:31:57.100,0,10,10,0.00,0.0000,0.0000,-7.3661,1.2188,0.0000,-0.4425,0.1575,-92.1196
2026-05-07 16:31:57.600,0,10,10,0.00,0.0000,-0.0001,-7.3661,1.2188,0.0000,-0.4425,0.1575,-92.1196
2026-05-07 16:31:58.100,0,10,10,0.00,0.0000,0.0000,-7.3661,1.2188,0.0000,-0.4425,0.1575,-92.1196
2026-05-07 16:31:58.600,0,10,10,0.00,-0.0001,-0.0001,-7.3661,1.2188,0.0000,-0.4425,0.1575,-92.1196
2026-05-07 16:31:59.100,0,10,10,0.00,0.0000,0.0000,-7.3661,1.2188,0.0000,-0.4425,0.1575,-92.1196
2026-05-07 16:31:59.600,0,10,10,0.00,0.0003,0.0000,-7.3661,1.2188,0.0000,-0.4425,0.1575,-92.1196
2026-05-07 16:32:00.100,0,10,10,0.00,0.0003,-0.0003,-7.3661,1.2188,0.0000,-0.4425,0.1575,-92.1196
2026-05-07 16:32:00.600,0,10,10,0.00,0.0003,-0.0001,-7.3661,1.2188,0.0000,-0.4425,0.1575,-92.1196
2026-05-07 16:32:01.100,0,10,10,0.00,-0.0003,0.0000,-7.3661,1.2188,0.0000,-0.4425,0.1575,-92.1196
2026-05-07 16:32:01.600,0,10,10,0.00,0.0000,0.0000,-7.3661,1.2188,0.0000,-0.4425,0.1575,-92.1196
2026-05-07 16:32:02.100,0,10,10,0.00,0.0005,0.0000,-7.3661,1.2188,0.0000,-0.4425,0.1575,-92.1196
2026-05-07 16:32:02.600,0,10,10,0.00,0.0000,-0.0004,-7.3661,1.2188,0.0000,-0.4425,0.1575,-92.1196
2026-05-07 16:32:03.100,0,10,10,0.00,-0.0001,0.0000,-7.3661,1.2188,0.0000,-0.4425,0.1575,-92.1196
2026-05-07 16:32:03.600,0,10,10,0.00,0.0003,0.0000,-7.3661,1.2188,0.0000,-0.4425,0.1575,-92.1196
2026-05-07 16:32:04.100,0,10,10,0.00,0.0000,0.0003,-7.3661,1.2188,0.0000,-0.4425,0.1575,-92.1196
2026-05-07 16:32:04.600,0,10,10,0.00,0.0000,-0.0001,-7.3661,1.2188,0.0000,-0.4425,0.1575,-92.1196
2026-05-07 16:32:05.100,0,10,10,0.00,0.0001,0.0000,-7.3661,1.2188,0.0000,-0.4425,0.1575,-92.1196
2026-05-07 16:32:05.600,0,10,10,0.00,0.0000,-0.0001,-7.3661,1.2188,0.0000,-0.4425,0.1575,-92.1196
2026-05-07 16:32:06.100,0,10,10,0.00,0.0000,0.0001,-7.3661,1.2188,0.0000,-0.4425,0.1575,-92.1196
2026-05-07 16:32:06.600,0,10,10,0.00,0.0000,0.0000,-7.3661,1.2188,0.0000,-0.4425,0.1575,-92.1196
2026-05-07 16:32:07.100,0,10,10,0.00,0.0000,0.0001,-7.3661,1.2188,0.0000,-0.4425,0.1575,-92.1196
2026-05-07 16:32:07.600,0,10,10,0.00,0.0000,0.0000,-7.3661,1.2188,0.0000,-0.4425,0.1575,-92.1196
2026-05-07 16:32:08.100,0,10,10,0.00,-0.0001,0.0000,-7.3661,1.2188,0.0000,-0.4425,0.1575,-92.1196
2026-05-07 16:32:08.600,0,10,10,0.00,0.0003,-0.0001,-7.3661,1.2188,0.0000,-0.4425,0.1575,-92.1196
2026-05-07 16:32:09.100,0,10,10,0.00,0.0000,-0.0001,-7.3661,1.2188,0.0000,-0.4425,0.1575,-92.1196
2026-05-07 16:32:09.600,0,10,10,0.00,0.0000,0.0001,-7.3661,1.2188,0.0000,-0.4425,0.1575,-92.1196
2026-05-07 16:32:10.100,0,10,10,0.00,0.0000,0.0000,-7.3661,1.2188,0.0000,-0.4425,0.1575,-92.1196
2026-05-07 16:32:10.600,0,10,10,0.00,-0.0001,-0.0003,-7.3661,1.2188,0.0000,-0.4425,0.1575,-92.1196
2026-05-07 16:32:11.100,0,10,10,0.00,-0.0001,0.0001,-7.3661,1.2188,0.0000,-0.4425,0.1575,-92.1196
2026-05-07 16:32:11.600,0,10,10,0.00,-0.0003,0.0000,-7.3661,1.2188,0.0000,-0.4425,0.1575,-92.1196
2026-05-07 16:32:12.100,0,10,10,0.00,0.0001,0.0000,-7.3661,1.2188,0.0000,-0.4425,0.1575,-92.1196
2026-05-07 16:32:12.600,0,10,10,0.00,0.0000,-0.0001,-7.3661,1.2188,0.0000,-0.4425,0.1575,-92.1196
2026-05-07 16:32:13.100,0,10,10,0.00,-0.0001,0.0000,-7.3661,1.2188,0.0000,-0.4425,0.1575,-92.1196
2026-05-07 16:32:13.600,0,10,10,0.00,-0.0004,0.0000,-7.3661,1.2188,0.0000,-0.4425,0.1575,-92.1196
2026-05-07 16:32:14.100,0,10,10,0.00,0.0000,0.0001,-7.3661,1.2188,0.0000,-0.4425,0.1575,-92.1196
2026-05-07 16:32:14.600,0,10,10,0.00,0.0000,0.0000,-7.3661,1.2188,0.0000,-0.4425,0.1575,-92.1196
2026-05-07 16:32:15.100,0,10,10,0.00,0.0000,0.0000,-7.3661,1.2188,0.0000,-0.4425,0.1575,-92.1196
2026-05-07 16:32:15.600,0,10,10,0.00,0.0005,-0.0001,-7.3661,1.2188,0.0000,-0.4425,0.1575,-92.1196
2026-05-07 16:32:16.100,0,10,10,0.00,0.0001,0.0000,-7.3661,1.2188,0.0000,-0.4425,0.1575,-92.1196
2026-05-07 16:32:16.600,0,10,10,0.00,0.0000,0.0003,-7.3661,1.2188,0.0000,-0.4425,0.1575,-92.1196
2026-05-07 16:32:17.100,0,10,10,0.00,-0.0001,-0.0001,-7.3661,1.2188,0.0000,-0.4425,0.1575,-92.1196
2026-05-07 16:32:17.600,0,10,10,0.00,-0.0005,0.0000,-7.3661,1.2188,0.0000,-0.4425,0.1575,-92.1196
2026-05-07 16:32:18.100,0,10,10,0.00,0.0000,0.0001,-7.3661,1.2188,0.0000,-0.4425,0.1575,-92.1196
2026-05-07 16:32:18.600,0,10,10,0.00,-0.0001,0.0000,-7.3661,1.2188,0.0000,-0.4425,0.1575,-92.1196
2026-05-07 16:32:19.100,0,10,10,0.00,0.0000,0.0000,-7.3661,1.2188,0.0000,-0.4425,0.1575,-92.1196
2026-05-07 16:32:19.600,0,10,10,0.00,0.0000,0.0000,-7.3661,1.2188,0.0000,-0.4425,0.1575,-92.1196
2026-05-07 16:32:20.100,0,10,10,0.00,0.0000,0.0000,-7.3661,1.2188,0.0000,-0.4425,0.1575,-92.1196
2026-05-07 16:32:20.600,0,10,10,0.00,-0.0001,-0.0001,-7.3661,1.2188,0.0000,-0.4425,0.1575,-92.1196
2026-05-07 16:32:21.100,0,10,10,0.00,0.0001,0.0001,-7.3661,1.2188,0.0000,-0.4425,0.1575,-92.1196
2026-05-07 16:32:21.600,0,10,10,0.00,0.0000,0.0001,-7.3661,1.2188,0.0000,-0.4425,0.1575,-92.1196
2026-05-07 16:32:22.100,0,10,10,0.00,0.0000,0.0000,-7.3661,1.2188,0.0000,-0.4425,0.1575,-92.1196
2026-05-07 16:32:22.600,0,10,10,0.00,0.0000,0.0001,-7.3661,1.2188,0.0000,-0.4425,0.1575,-92.1196
2026-05-07 16:32:23.100,0,10,10,0.00,0.0000,-0.0001,-7.3661,1.2188,0.0000,-0.4425,0.1575,-92.1196
2026-05-07 16:32:23.600,0,10,10,0.00,-0.0001,0.0000,-7.3661,1.2188,0.0000,-0.4425,0.1575,-92.1196
2026-05-07 16:32:24.100,0,10,10,0.00,0.0001,0.0000,-7.3661,1.2188,0.0000,-0.4425,0.1575,-92.1196
2026-05-07 16:32:24.600,0,10,10,0.00,0.0000,-0.0003,-7.3661,1.2188,0.0000,-0.4425,0.1575,-92.1196
2026-05-07 16:32:25.100,0,10,10,0.00,-0.0001,0.0001,-7.3661,1.2188,0.0000,-0.4425,0.1575,-92.1196
2026-05-07 16:32:25.600,0,10,10,0.00,0.0000,-0.0001,-7.3661,1.2188,0.0000,-0.4425,0.1575,-92.1196
2026-05-07 16:32:26.100,0,10,10,0.00,0.0000,0.0001,-7.3661,1.2188,0.0000,-0.4425,0.1575,-92.1196
2026-05-07 16:32:26.600,0,10,10,0.00,0.0001,0.0000,-7.3661,1.2188,0.0000,-0.4425,0.1575,-92.1196
2026-05-07 16:32:27.100,0,10,10,0.00,-0.0001,0.0000,-7.3661,1.2188,0.0000,-0.4425,0.1575,-92.1196
2026-05-07 16:32:27.600,0,10,10,0.00,0.0000,0.0000,-7.3661,1.2188,0.0000,-0.4425,0.1575,-92.1196
2026-05-07 16:32:28.100,0,10,10,0.00,0.0001,0.0000,-7.3661,1.2188,0.0000,-0.4425,0.1575,-92.1196
2026-05-07 16:32:28.600,0,10,10,0.00,0.0000,-0.0003,-7.3661,1.2188,0.0000,-0.4425,0.1575,-92.1196
2026-05-07 16:32:29.100,0,10,10,0.00,-0.0001,0.0000,-7.3661,1.2188,0.0000,-0.4425,0.1575,-92.1196
2026-05-07 16:32:29.600,0,10,10,0.00,0.0000,0.0000,-7.3661,1.2188,0.0000,-0.4425,0.1575,-92.1196
2026-05-07 16:32:30.100,0,10,10,0.00,0.0000,0.0003,-7.3661,1.2188,0.0000,-0.4425,0.1575,-92.1196
2026-05-07 16:32:30.600,0,10,10,0.00,0.0000,-0.0003,-7.3661,1.2188,0.0000,-0.4425,0.1575,-92.1196
2026-05-07 16:32:31.100,0,10,10,0.00,-0.0003,0.0000,-7.3661,1.2188,0.0000,-0.4425,0.1575,-92.1196
2026-05-07 16:32:31.600,0,10,10,0.00,0.0000,-0.0003,-7.3661,1.2188,0.0000,-0.4425,0.1575,-92.1196
2026-05-07 16:32:32.100,0,10,10,0.00,0.0000,0.0000,-7.3661,1.2188,0.0000,-0.4425,0.1575,-92.1196
2026-05-07 16:32:32.600,0,10,10,0.00,0.0001,0.0001,-7.3661,1.2188,0.0000,-0.4425,0.1575,-92.1196
2026-05-07 16:32:33.100,0,10,10,0.00,0.0001,0.0000,-7.3661,1.2188,0.0000,-0.4425,0.1575,-92.1196
2026-05-07 16:32:33.600,0,10,10,0.00,0.0000,0.0001,-7.3661,1.2188,0.0000,-0.4425,0.1575,-92.1196
2026-05-07 16:32:34.100,0,10,10,0.00,0.0000,0.0001,-7.3661,1.2188,0.0000,-0.4425,0.1575,-92.1196
2026-05-07 16:32:34.600,0,10,10,0.00,0.0001,0.0000,-7.3661,1.2188,0.0000,-0.4425,0.1575,-92.1196
2026-05-07 16:32:35.100,0,10,10,0.00,0.0000,0.0001,-7.3661,1.2188,0.0000,-0.4425,0.1575,-92.1196
2026-05-07 16:32:35.600,0,10,10,0.00,0.0000,-0.0003,-7.3661,1.2188,0.0000,-0.4425,0.1575,-92.1196
2026-05-07 16:32:36.100,0,10,10,0.00,0.0000,0.0000,-7.3661,1.2188,0.0000,-0.4425,0.1575,-92.1196
2026-05-07 16:32:36.600,0,10,10,0.00,0.0005,0.0000,-7.3661,1.2188,0.0000,-0.4425,0.1575,-92.1196
2026-05-07 16:32:37.100,0,10,10,0.00,0.0001,0.0000,-7.3661,1.2188,0.0000,-0.4425,0.1575,-92.1196
2026-05-07 16:32:37.600,0,10,10,0.00,0.0001,0.0000,-7.3661,1.2188,0.0000,-0.4425,0.1575,-92.1196
2026-05-07 16:32:38.100,0,10,10,0.00,-0.0005,-0.0001,-7.3661,1.2188,0.0000,-0.4425,0.1575,-92.1196
2026-05-07 16:32:38.600,0,10,10,0.00,-0.0003,-0.0001,-7.3661,1.2188,0.0000,-0.4425,0.1575,-92.1196
2026-05-07 16:32:39.100,0,10,10,0.00,0.0000,-0.0001,-7.3661,1.2188,0.0000,-0.4425,0.1575,-92.1196
2026-05-07 16:32:39.600,0,10,10,0.00,-0.0001,0.0000,-7.3661,1.2188,0.0000,-0.4425,0.1575,-92.1196
2026-05-07 16:32:40.100,0,10,10,0.00,-0.0001,-0.0001,-7.3661,1.2188,0.0000,-0.4425,0.1575,-92.1196
2026-05-07 16:32:40.600,0,10,10,0.00,0.0001,0.0000,-7.3661,1.2188,0.0000,-0.4425,0.1575,-92.1196
2026-05-07 16:32:41.100,0,10,10,0.00,0.0000,0.0000,-7.3661,1.2188,0.0000,-0.4425,0.1575,-92.1196
2026-05-07 16:32:41.600,0,10,10,0.00,-0.0001,0.0001,-7.3661,1.2188,0.0000,-0.4425,0.1575,-92.1196
2026-05-07 16:32:42.100,0,10,10,0.00,0.0001,0.0001,-7.3661,1.2188,0.0000,-0.4425,0.1575,-92.1196
2026-05-07 16:32:42.600,0,10,10,0.00,0.0001,0.0000,-7.3661,1.2188,0.0000,-0.4425,0.1575,-92.1196
2026-05-07 16:32:43.100,0,10,10,0.00,-0.0001,0.0000,-7.3661,1.2188,0.0000,-0.4425,0.1575,-92.1196
2026-05-07 16:32:43.600,0,10,10,0.00,0.0001,-0.0003,-7.3661,1.2188,0.0000,-0.4425,0.1575,-92.1196
2026-05-07 16:32:44.100,0,10,10,0.00,0.0000,-0.0005,-7.3661,1.2188,0.0000,-0.4425,0.1575,-92.1196
2026-05-07 16:32:44.600,0,10,10,0.00,0.0005,0.0000,-7.3661,1.2188,0.0000,-0.4425,0.1575,-92.1196
2026-05-07 16:32:45.100,0,10,10,0.00,0.0000,-0.0003,-7.3661,1.2188,0.0000,-0.4425,0.1575,-92.1196
2026-05-07 16:32:45.600,0,10,10,0.00,0.0000,0.0000,-7.3661,1.2188,0.0000,-0.4425,0.1575,-92.1196
2026-05-07 16:32:46.100,0,10,10,0.00,0.0000,0.0001,-7.3661,1.2188,0.0000,-0.4425,0.1575,-92.1196
2026-05-07 16:32:46.600,0,10,10,0.00,0.0000,0.0000,-7.3661,1.2188,0.0000,-0.4425,0.1575,-92.1196
2026-05-07 16:32:47.100,0,10,10,0.00,0.0001,-0.0001,-7.3661,1.2188,0.0000,-0.4425,0.1575,-92.1196
2026-05-07 16:32:47.600,0,10,10,0.00,0.0001,-0.0001,-7.3661,1.2188,0.0000,-0.4425,0.1575,-92.1196
2026-05-07 16:32:48.100,0,10,10,0.00,0.0000,0.0000,-7.3661,1.2188,0.0000,-0.4425,0.1575,-92.1196
2026-05-07 16:32:48.600,0,10,10,0.00,0.0000,0.0000,-7.3661,1.2188,0.0000,-0.4425,0.1575,-92.1196
2026-05-07 16:32:49.100,0,10,10,0.00,0.0000,0.0000,-7.3661,1.2188,0.0000,-0.4425,0.1575,-92.1196
2026-05-07 16:32:49.600,0,10,10,0.00,0.0000,0.0004,-7.3661,1.2188,0.0000,-0.4425,0.1575,-92.1196
2026-05-07 16:32:50.100,0,10,10,0.00,0.0000,-0.0001,-7.3661,1.2188,0.0000,-0.4425,0.1575,-92.1196
2026-05-07 16:32:50.600,0,10,10,0.00,-0.0001,0.0000,-7.3661,1.2188,0.0000,-0.4425,0.1575,-92.1196
2026-05-07 16:32:51.100,0,10,10,0.00,0.0000,0.0003,-7.3661,1.2188,0.0000,-0.4425,0.1575,-92.1196
2026-05-07 16:32:51.600,0,10,10,0.00,0.0000,-0.0005,-7.3661,1.2188,0.0000,-0.4425,0.1575,-92.1196
2026-05-07 16:32:52.100,0,10,10,0.00,0.0003,0.0000,-7.3661,1.2188,0.0000,-0.4425,0.1575,-92.1196
2026-05-07 16:32:52.600,0,10,10,0.00,0.0005,0.0000,-7.3661,1.2188,0.0000,-0.4425,0.1575,-92.1196
2026-05-07 16:32:53.100,0,10,10,0.00,0.0000,-0.0001,-7.3661,1.2188,0.0000,-0.4425,0.1575,-92.1196
2026-05-07 16:32:53.600,0,10,10,0.00,0.0000,0.0000,-7.3661,1.2188,0.0000,-0.4425,0.1575,-92.1196
2026-05-07 16:32:54.100,0,10,10,0.00,0.0000,0.0000,-7.3661,1.2188,0.0000,-0.4425,0.1575,-92.1196
2026-05-07 16:32:54.600,0,10,10,0.00,0.0000,-0.0001,-7.3661,1.2188,0.0000,-0.4425,0.1575,-92.1196
2026-05-07 16:32:55.100,0,10,10,0.00,0.0000,0.0001,-7.3661,1.2188,0.0000,-0.4425,0.1575,-92.1196
2026-05-07 16:32:55.600,0,10,10,0.00,0.0001,0.0000,-7.3661,1.2188,0.0000,-0.4425,0.1575,-92.1196
2026-05-07 16:32:56.100,0,10,10,0.00,0.0000,0.0001,-7.3661,1.2188,0.0000,-0.4425,0.1575,-92.1196
2026-05-07 16:32:56.600,0,10,10,0.00,0.0003,0.0000,-7.3661,1.2188,0.0000,-0.4425,0.1575,-92.1196
2026-05-07 16:32:57.100,0,10,10,0.00,0.0000,-0.0001,-7.3661,1.2188,0.0000,-0.4425,0.1575,-92.1196
2026-05-07 16:32:57.600,0,10,10,0.00,0.0001,0.0000,-7.3661,1.2188,0.0000,-0.4425,0.1575,-92.1196
2026-05-07 16:32:58.100,0,10,10,0.00,0.0000,0.0000,-7.3661,1.2188,0.0000,-0.4425,0.1575,-92.1196
2026-05-07 16:32:58.600,0,10,10,0.00,0.0000,0.0001,-7.3661,1.2188,0.0000,-0.4425,0.1575,-92.1196
2026-05-07 16:32:59.100,0,10,10,0.00,-0.0001,-0.0001,-7.3661,1.2188,0.0000,-0.4425,0.1575,-92.1196
2026-05-07 16:32:59.600,0,10,10,0.00,0.0000,0.0000,-7.3661,1.2188,0.0000,-0.4425,0.1575,-92.1196
2026-05-07 16:33:00.100,0,10,10,0.00,-0.0003,0.0000,-7.3661,1.2188,0.0000,-0.4425,0.1575,-92.1196
2026-05-07 16:33:00.600,0,10,10,0.00,0.0000,0.0000,-7.3661,1.2188,0.0000,-0.4425,0.1575,-92.1196
2026-05-07 16:33:01.100,0,10,10,0.00,0.0001,0.0000,-7.3661,1.2188,0.0000,-0.4425,0.1575,-92.1196
2026-05-07 16:33:01.600,0,10,10,0.00,0.0000,0.0000,-7.3661,1.2188,0.0000,-0.4425,0.1575,-92.1196
2026-05-07 16:33:02.100,0,10,10,0.00,0.0000,0.0000,-7.3661,1.2188,0.0000,-0.4425,0.1575,-92.1196
2026-05-07 16:33:02.600,0,10,10,0.00,0.0000,-0.0001,-7.3661,1.2188,0.0000,-0.4425,0.1575,-92.1196
2026-05-07 16:33:03.100,0,10,10,0.00,-0.0001,0.0001,-7.3661,1.2188,0.0000,-0.4425,0.1575,-92.1196
2026-05-07 16:33:03.600,0,10,10,0.00,0.0000,0.0003,-7.3661,1.2188,0.0000,-0.4425,0.1575,-92.1196
2026-05-07 16:33:04.100,0,10,10,0.00,0.0000,-0.0001,-7.3661,1.2188,0.0000,-0.4425,0.1575,-92.1196
2026-05-07 16:33:04.600,0,10,10,0.00,0.0000,0.0000,-7.3661,1.2188,0.0000,-0.4425,0.1575,-92.1196
2026-05-07 16:33:05.100,0,10,10,0.00,0.0000,0.0001,-7.3661,1.2188,0.0000,-0.4425,0.1575,-92.1196
2026-05-07 16:33:05.600,0,10,10,0.00,0.0001,0.0000,-7.3661,1.2188,0.0000,-0.4425,0.1575,-92.1196
2026-05-07 16:33:06.100,0,10,10,0.00,0.0000,0.0000,-7.3661,1.2188,0.0000,-0.4425,0.1575,-92.1196
2026-05-07 16:33:06.600,0,10,10,0.00,0.0000,0.0000,-7.3661,1.2188,0.0000,-0.4425,0.1575,-92.1196
2026-05-07 16:33:07.100,0,10,10,0.00,0.0000,0.0001,-7.3661,1.2188,0.0000,-0.4425,0.1575,-92.1196
2026-05-07 16:33:07.600,0,10,10,0.00,0.0000,0.0000,-7.3661,1.2188,0.0000,-0.4425,0.1575,-92.1196
2026-05-07 16:33:08.100,0,10,10,0.00,-0.0001,-0.0003,-7.3661,1.2188,0.0000,-0.4425,0.1575,-92.1196
2026-05-07 16:33:08.600,0,10,10,0.00,0.0000,0.0000,-7.3661,1.2188,0.0000,-0.4425,0.1575,-92.1196
2026-05-07 16:33:09.103,0,10,10,0.00,0.0000,0.0004,-7.3661,1.2188,0.0000,-0.4425,0.1575,-92.1196
2026-05-07 16:33:09.600,0,10,10,0.00,0.0000,0.0000,-7.3661,1.2188,0.0000,-0.4425,0.1575,-92.1196
2026-05-07 16:33:10.100,0,10,10,0.00,0.0001,-0.0001,-7.3661,1.2188,0.0000,-0.4425,0.1575,-92.1196
2026-05-07 16:33:10.600,0,10,10,0.00,-0.0001,0.0003,-7.3661,1.2188,0.0000,-0.4425,0.1575,-92.1196
2026-05-07 16:33:11.100,0,10,10,0.00,0.0003,0.0001,-7.3661,1.2188,0.0000,-0.4425,0.1575,-92.1196
2026-05-07 16:33:11.600,0,10,10,0.00,0.0003,-0.0001,-7.3661,1.2188,0.0000,-0.4425,0.1575,-92.1196
2026-05-07 16:33:12.100,0,10,10,0.00,0.0000,0.0001,-7.3661,1.2188,0.0000,-0.4425,0.1575,-92.1196
2026-05-07 16:33:12.600,0,10,10,0.00,0.0000,0.0001,-7.3661,1.2188,0.0000,-0.4425,0.1575,-92.1196
2026-05-07 16:33:13.100,0,10,10,0.00,0.0001,0.0000,-7.3661,1.2188,0.0000,-0.4425,0.1575,-92.1196
2026-05-07 16:33:13.600,0,10,10,0.00,0.0000,0.0005,-7.3661,1.2188,0.0000,-0.4425,0.1575,-92.1196
2026-05-07 16:33:14.100,0,10,10,0.00,-0.0001,-0.0001,-7.3661,1.2188,0.0000,-0.4425,0.1575,-92.1196
2026-05-07 16:33:14.600,0,10,10,0.00,0.0000,0.0000,-7.3661,1.2188,0.0000,-0.4425,0.1575,-92.1196
2026-05-07 16:33:15.100,0,10,10,0.00,0.0000,0.0000,-7.3661,1.2188,0.0000,-0.4425,0.1575,-92.1196
2026-05-07 16:33:15.600,0,10,10,0.00,0.0001,0.0000,-7.3661,1.2188,0.0000,-0.4425,0.1575,-92.1196
2026-05-07 16:33:16.100,0,10,10,0.00,0.0001,-0.0001,-7.3661,1.2188,0.0000,-0.4425,0.1575,-92.1196
2026-05-07 16:33:16.600,0,10,10,0.00,-0.0001,0.0001,-7.3661,1.2188,0.0000,-0.4425,0.1575,-92.1196
2026-05-07 16:33:17.100,0,10,10,0.00,0.0001,0.0001,-7.3661,1.2188,0.0000,-0.4425,0.1575,-92.1196
2026-05-07 16:33:17.600,0,10,10,0.00,0.0000,0.0003,-7.3661,1.2188,0.0000,-0.4425,0.1575,-92.1196
2026-05-07 16:33:18.100,0,10,10,0.00,0.0000,0.0000,-7.3661,1.2188,0.0000,-0.4425,0.1575,-92.1196
2026-05-07 16:33:18.600,0,10,10,0.00,0.0000,0.0001,-7.3661,1.2188,0.0000,-0.4425,0.1575,-92.1196
2026-05-07 16:33:19.100,0,10,10,0.00,0.0000,0.0000,-7.3661,1.2188,0.0000,-0.4425,0.1575,-92.1196
2026-05-07 16:33:19.600,0,10,10,0.00,0.0000,0.0001,-7.3661,1.2188,0.0000,-0.4425,0.1575,-92.1196
2026-05-07 16:33:20.100,0,10,10,0.00,0.0000,-0.0001,-7.3661,1.2188,0.0000,-0.4425,0.1575,-92.1196
2026-05-07 16:33:20.600,0,10,10,0.00,0.0000,0.0000,-7.3661,1.2188,0.0000,-0.4425,0.1575,-92.1196
2026-05-07 16:33:21.100,0,10,10,0.00,-0.0001,0.0001,-7.3661,1.2188,0.0000,-0.4425,0.1575,-92.1196
2026-05-07 16:33:21.600,0,10,10,0.00,0.0001,0.0000,-7.3661,1.2188,0.0000,-0.4425,0.1575,-92.1196
2026-05-07 16:33:22.100,0,10,10,0.00,0.0000,0.0000,-7.3661,1.2188,0.0000,-0.4425,0.1575,-92.1196
2026-05-07 16:33:22.600,0,10,10,0.00,0.0000,0.0000,-7.3661,1.2188,0.0000,-0.4425,0.1575,-92.1196
2026-05-07 16:33:23.100,0,10,10,0.00,0.0003,0.0000,-7.3661,1.2188,0.0000,-0.4425,0.1575,-92.1196
2026-05-07 16:33:23.600,0,10,10,0.00,0.0001,-0.0003,-7.3661,1.2188,0.0000,-0.4425,0.1575,-92.1196
2026-05-07 16:33:24.100,0,10,10,0.00,-0.0001,0.0001,-7.3661,1.2188,0.0000,-0.4425,0.1575,-92.1196
2026-05-07 16:33:24.600,0,10,10,0.00,0.0000,0.0000,-7.3661,1.2188,0.0000,-0.4425,0.1575,-92.1196
2026-05-07 16:33:25.100,0,10,10,0.00,0.0001,0.0000,-7.3661,1.2188,0.0000,-0.4425,0.1575,-92.1196
2026-05-07 16:33:25.600,0,10,10,0.00,0.0000,0.0000,-7.3661,1.2188,0.0000,-0.4425,0.1575,-92.1196
2026-05-07 16:33:26.100,0,10,10,0.00,0.0003,0.0003,-7.3661,1.2188,0.0000,-0.4425,0.1575,-92.1196
2026-05-07 16:33:26.600,0,10,10,0.00,0.0000,0.0000,-7.3661,1.2188,0.0000,-0.4425,0.1575,-92.1196
2026-05-07 16:33:27.100,0,10,10,0.00,0.0000,0.0000,-7.3661,1.2188,0.0000,-0.4425,0.1575,-92.1196
2026-05-07 16:33:27.600,0,10,10,0.00,0.0005,0.0000,-7.3661,1.2188,0.0000,-0.4425,0.1575,-92.1196
2026-05-07 16:33:28.100,0,10,10,0.00,0.0001,0.0000,-7.3661,1.2188,0.0000,-0.4425,0.1575,-92.1196
2026-05-07 16:33:28.600,0,10,10,0.00,0.0000,0.0003,-7.3661,1.2188,0.0000,-0.4425,0.1575,-92.1196
2026-05-07 16:33:29.100,0,10,10,0.00,0.0007,0.0001,-7.3661,1.2188,0.0000,-0.4425,0.1575,-92.1196
2026-05-07 16:33:29.600,0,10,10,0.00,0.0000,0.0001,-7.3661,1.2188,0.0000,-0.4425,0.1575,-92.1196
2026-05-07 16:33:30.100,0,10,10,0.00,0.0000,0.0001,-7.3661,1.2188,0.0000,-0.4425,0.1575,-92.1196
2026-05-07 16:33:30.600,0,10,10,0.00,0.0001,-0.0003,-7.3661,1.2188,0.0000,-0.4425,0.1575,-92.1196
2026-05-07 16:33:31.100,0,10,10,0.00,0.0003,-0.0005,-7.3661,1.2188,0.0000,-0.4425,0.1575,-92.1196
2026-05-07 16:33:31.600,0,10,10,0.00,0.0003,0.0000,-7.3661,1.2188,0.0000,-0.4425,0.1575,-92.1196
2026-05-07 16:33:32.100,0,10,10,0.00,0.0000,0.0003,-7.3661,1.2188,0.0000,-0.4425,0.1575,-92.1196
2026-05-07 16:33:32.600,0,10,10,0.00,-0.0003,0.0000,-7.3661,1.2188,0.0000,-0.4425,0.1575,-92.1196
2026-05-07 16:33:33.100,0,10,10,0.00,0.0000,0.0001,-7.3661,1.2188,0.0000,-0.4425,0.1575,-92.1196
2026-05-07 16:33:33.600,0,10,10,0.00,0.0000,-0.0001,-7.3661,1.2188,0.0000,-0.4425,0.1575,-92.1196
2026-05-07 16:33:34.100,0,10,10,0.00,0.0000,0.0000,-7.3661,1.2188,0.0000,-0.4425,0.1575,-92.1196
2026-05-07 16:33:34.600,0,10,10,0.00,-0.0001,0.0000,-7.3661,1.2188,0.0000,-0.4425,0.1575,-92.1196
2026-05-07 16:33:35.100,0,10,10,0.00,0.0000,0.0000,-7.3661,1.2188,0.0000,-0.4425,0.1575,-92.1196
2026-05-07 16:33:35.600,0,10,10,0.00,0.0000,-0.0001,-7.3661,1.2188,0.0000,-0.4425,0.1575,-92.1196
2026-05-07 16:33:36.100,0,10,10,0.00,-0.0003,0.0000,-7.3661,1.2188,0.0000,-0.4425,0.1575,-92.1196
2026-05-07 16:33:36.600,0,10,10,0.00,0.0000,-0.0003,-7.3661,1.2188,0.0000,-0.4425,0.1575,-92.1196
2026-05-07 16:33:37.100,0,10,10,0.00,0.0001,-0.0004,-7.3661,1.2188,0.0000,-0.4425,0.1575,-92.1196
2026-05-07 16:33:37.600,0,10,10,0.00,0.0001,0.0000,-7.3661,1.2188,0.0000,-0.4425,0.1575,-92.1196
2026-05-07 16:33:38.100,0,10,10,0.00,0.0000,-0.0001,-7.3661,1.2188,0.0000,-0.4425,0.1575,-92.1196
2026-05-07 16:33:38.600,0,10,10,0.00,-0.0001,0.0000,-7.3661,1.2188,0.0000,-0.4425,0.1575,-92.1196
2026-05-07 16:33:39.100,0,10,10,0.00,0.0001,0.0000,-7.3661,1.2188,0.0000,-0.4425,0.1575,-92.1196
2026-05-07 16:33:39.600,0,10,10,0.00,0.0003,0.0001,-7.3661,1.2188,0.0000,-0.4425,0.1575,-92.1196
2026-05-07 16:33:40.100,0,10,10,0.00,-0.0001,0.0000,-7.3661,1.2188,0.0000,-0.4425,0.1575,-92.1196
2026-05-07 16:33:40.600,0,10,10,0.00,0.0000,0.0000,-7.3661,1.2188,0.0000,-0.4425,0.1575,-92.1196
2026-05-07 16:33:41.100,0,10,10,0.00,0.0000,0.0001,-7.3661,1.2188,0.0000,-0.4425,0.1575,-92.1196
2026-05-07 16:33:41.600,0,10,10,0.00,0.0000,0.0000,-7.3661,1.2188,0.0000,-0.4425,0.1575,-92.1196
2026-05-07 16:33:42.100,0,10,10,0.00,0.0000,0.0000,-7.3661,1.2188,0.0000,-0.4425,0.1575,-92.1196
2026-05-07 16:33:42.600,0,10,10,0.00,0.0001,0.0000,-7.3661,1.2188,0.0000,-0.4425,0.1575,-92.1196
2026-05-07 16:33:43.100,0,10,10,0.00,0.0001,0.0000,-7.3661,1.2188,0.0000,-0.4425,0.1575,-92.1196
2026-05-07 16:33:43.600,0,10,10,0.00,-0.0001,0.0000,-7.3661,1.2188,0.0000,-0.4425,0.1575,-92.1196
2026-05-07 16:33:44.100,0,10,10,0.00,0.0000,-0.0003,-7.3661,1.2188,0.0000,-0.4425,0.1575,-92.1196
2026-05-07 16:33:44.600,0,10,10,0.00,0.0000,0.0000,-7.3661,1.2188,0.0000,-0.4425,0.1575,-92.1196
2026-05-07 16:33:45.100,0,10,10,0.00,0.0000,0.0000,-7.3661,1.2188,0.0000,-0.4425,0.1575,-92.1196
2026-05-07 16:33:45.600,0,10,10,0.00,0.0001,0.0000,-7.3661,1.2188,0.0000,-0.4425,0.1575,-92.1196
2026-05-07 16:33:46.100,0,10,10,0.00,0.0003,0.0000,-7.3661,1.2188,0.0000,-0.4425,0.1575,-92.1196
2026-05-07 16:33:46.600,0,10,10,0.00,-0.0001,0.0000,-7.3661,1.2188,0.0000,-0.4425,0.1575,-92.1196
2026-05-07 16:33:47.100,0,10,10,0.00,0.0000,-0.0001,-7.3661,1.2188,0.0000,-0.4425,0.1575,-92.1196
2026-05-07 16:33:47.600,0,10,10,0.00,-0.0001,0.0000,-7.3661,1.2188,0.0000,-0.4425,0.1575,-92.1196
2026-05-07 16:33:48.100,0,10,10,0.00,0.0000,0.0000,-7.3661,1.2188,0.0000,-0.4425,0.1575,-92.1196
2026-05-07 16:33:48.600,0,10,10,0.00,0.0000,0.0000,-7.3661,1.2188,0.0000,-0.4425,0.1575,-92.1196
2026-05-07 16:33:49.100,0,10,10,0.00,0.0000,-0.0004,-7.3661,1.2188,0.0000,-0.4425,0.1575,-92.1196
2026-05-07 16:33:49.600,0,10,10,0.00,0.0001,-0.0001,-7.3661,1.2188,0.0000,-0.4425,0.1575,-92.1196
2026-05-07 16:33:50.100,0,10,10,0.00,0.0000,-0.0001,-7.3661,1.2188,0.0000,-0.4425,0.1575,-92.1196
2026-05-07 16:33:50.600,0,10,10,0.00,0.0000,0.0001,-7.3661,1.2188,0.0000,-0.4425,0.1575,-92.1196
2026-05-07 16:33:51.100,0,10,10,0.00,0.0000,0.0000,-7.3661,1.2188,0.0000,-0.4425,0.1575,-92.1196
2026-05-07 16:33:51.600,0,10,10,0.00,0.0001,0.0001,-7.3661,1.2188,0.0000,-0.4425,0.1575,-92.1196
2026-05-07 16:33:52.100,0,10,10,0.00,0.0000,0.0000,-7.3661,1.2188,0.0000,-0.4425,0.1575,-92.1196
2026-05-07 16:33:52.600,0,10,10,0.00,0.0000,0.0000,-7.3661,1.2188,0.0000,-0.4425,0.1575,-92.1196
2026-05-07 16:33:53.100,0,10,10,0.00,0.0000,0.0000,-7.3661,1.2188,0.0000,-0.4425,0.1575,-92.1196
2026-05-07 16:33:53.600,0,10,10,0.00,0.0000,0.0000,-7.3661,1.2188,0.0000,-0.4425,0.1575,-92.1196
2026-05-07 16:33:54.100,0,10,10,0.00,-0.0001,0.0000,-7.3661,1.2188,0.0000,-0.4425,0.1575,-92.1196
2026-05-07 16:33:54.600,0,10,10,0.00,0.0000,0.0001,-7.3661,1.2188,0.0000,-0.4425,0.1575,-92.1196
2026-05-07 16:33:55.100,0,10,10,0.00,-0.0003,-0.0001,-7.3661,1.2188,0.0000,-0.4425,0.1575,-92.1196
2026-05-07 16:33:55.600,0,10,10,0.00,0.0000,0.0000,-7.3661,1.2188,0.0000,-0.4425,0.1575,-92.1196
2026-05-07 16:33:56.100,0,10,10,0.00,0.0000,0.0000,-7.3661,1.2188,0.0000,-0.4425,0.1575,-92.1196
2026-05-07 16:33:56.600,0,10,10,0.00,-0.0003,0.0000,-7.3661,1.2188,0.0000,-0.4425,0.1575,-92.1196
2026-05-07 16:33:57.100,0,10,10,0.00,0.0001,-0.0003,-7.3661,1.2188,0.0000,-0.4425,0.1575,-92.1196
2026-05-07 16:33:57.600,0,10,10,0.00,0.0000,0.0000,-7.3661,1.2188,0.0000,-0.4425,0.1575,-92.1196
2026-05-07 16:33:58.100,0,10,10,0.00,-0.0001,0.0000,-7.3661,1.2188,0.0000,-0.4425,0.1575,-92.1196
2026-05-07 16:33:58.600,0,10,10,0.00,0.0000,0.0003,-7.3661,1.2188,0.0000,-0.4425,0.1575,-92.1196
2026-05-07 16:33:59.100,0,10,10,0.00,-0.0001,-0.0001,-7.3661,1.2188,0.0000,-0.4425,0.1575,-92.1196
2026-05-07 16:33:59.600,0,10,10,0.00,0.0000,0.0000,-7.3661,1.2188,0.0000,-0.4425,0.1575,-92.1196
2026-05-07 16:34:00.100,0,10,10,0.00,0.0001,0.0000,-7.3661,1.2188,0.0000,-0.4425,0.1575,-92.1196
2026-05-07 16:34:00.600,0,10,10,0.00,0.0000,0.0000,-7.3661,1.2188,0.0000,-0.4425,0.1575,-92.1196
2026-05-07 16:34:01.100,0,10,10,0.00,0.0000,-0.0005,-7.3661,1.2188,0.0000,-0.4425,0.1575,-92.1196
2026-05-07 16:34:01.600,0,10,10,0.00,0.0000,0.0001,-7.3661,1.2188,0.0000,-0.4425,0.1575,-92.1196
2026-05-07 16:34:02.100,0,10,10,0.00,0.0000,0.0001,-7.3661,1.2188,0.0000,-0.4425,0.1575,-92.1196
2026-05-07 16:34:02.600,0,10,10,0.00,0.0000,0.0000,-7.3661,1.2188,0.0000,-0.4425,0.1575,-92.1196
2026-05-07 16:34:03.100,0,10,10,0.00,0.0000,0.0000,-7.3661,1.2188,0.0000,-0.4425,0.1575,-92.1196
2026-05-07 16:34:03.600,0,10,10,0.00,0.0003,0.0001,-7.3661,1.2188,0.0000,-0.4425,0.1575,-92.1196
2026-05-07 16:34:04.100,0,10,10,0.00,0.0000,-0.0001,-7.3661,1.2188,0.0000,-0.4425,0.1575,-92.1196
2026-05-07 16:34:04.600,0,10,10,0.00,0.0001,0.0001,-7.3661,1.2188,0.0000,-0.4425,0.1575,-92.1196
2026-05-07 16:34:05.100,0,10,10,0.00,0.0001,-0.0003,-7.3661,1.2188,0.0000,-0.4425,0.1575,-92.1196
2026-05-07 16:34:05.600,0,10,10,0.00,0.0000,0.0001,-7.3661,1.2188,0.0000,-0.4425,0.1575,-92.1196
2026-05-07 16:34:06.100,0,10,10,0.00,0.0003,0.0000,-7.3661,1.2188,0.0000,-0.4425,0.1575,-92.1196
2026-05-07 16:34:06.600,0,10,10,0.00,-0.0001,-0.0001,-7.3661,1.2188,0.0000,-0.4425,0.1575,-92.1196
2026-05-07 16:34:07.100,0,10,10,0.00,0.0000,0.0004,-7.3661,1.2188,0.0000,-0.4425,0.1575,-92.1196
2026-05-07 16:34:07.600,0,10,10,0.00,0.0000,0.0000,-7.3661,1.2188,0.0000,-0.4425,0.1575,-92.1196
2026-05-07 16:34:08.100,0,10,10,0.00,0.0000,-0.0005,-7.3661,1.2188,0.0000,-0.4425,0.1575,-92.1196
2026-05-07 16:34:08.600,0,10,10,0.00,0.0000,-0.0001,-7.3661,1.2188,0.0000,-0.4425,0.1575,-92.1196
2026-05-07 16:34:09.100,0,10,10,0.00,0.0001,0.0000,-7.3661,1.2188,0.0000,-0.4425,0.1575,-92.1196
2026-05-07 16:34:09.600,0,10,10,0.00,0.0000,0.0000,-7.3661,1.2188,0.0000,-0.4425,0.1575,-92.1196
2026-05-07 16:34:10.100,0,10,10,0.00,0.0000,0.0001,-7.3661,1.2188,0.0000,-0.4425,0.1575,-92.1196
2026-05-07 16:34:10.600,0,10,10,0.00,-0.0001,-0.0001,-7.3661,1.2188,0.0000,-0.4425,0.1575,-92.1196
2026-05-07 16:34:11.100,0,10,10,0.00,-0.0001,0.0000,-7.3661,1.2188,0.0000,-0.4425,0.1575,-92.1196
2026-05-07 16:34:11.600,0,10,10,0.00,-0.0003,-0.0001,-7.3661,1.2188,0.0000,-0.4425,0.1575,-92.1196
2026-05-07 16:34:12.100,0,10,10,0.00,-0.0001,0.0000,-7.3661,1.2188,0.0000,-0.4425,0.1575,-92.1196
2026-05-07 16:34:12.600,0,10,10,0.00,0.0000,0.0000,-7.3661,1.2188,0.0000,-0.4425,0.1575,-92.1196
2026-05-07 16:34:13.100,0,10,10,0.00,0.0000,0.0003,-7.3661,1.2188,0.0000,-0.4425,0.1575,-92.1196
2026-05-07 16:34:13.600,0,10,10,0.00,0.0001,0.0001,-7.3661,1.2188,0.0000,-0.4425,0.1575,-92.1196
2026-05-07 16:34:14.100,0,10,10,0.00,0.0000,0.0000,-7.3661,1.2188,0.0000,-0.4425,0.1575,-92.1196
2026-05-07 16:34:14.600,0,10,10,0.00,0.0000,-0.0001,-7.3661,1.2188,0.0000,-0.4425,0.1575,-92.1196
2026-05-07 16:34:15.100,0,10,10,0.00,0.0000,0.0000,-7.3661,1.2188,0.0000,-0.4425,0.1575,-92.1196
2026-05-07 16:34:15.600,0,10,10,0.00,0.0001,0.0001,-7.3661,1.2188,0.0000,-0.4425,0.1575,-92.1196
2026-05-07 16:34:16.100,0,10,10,0.00,-0.0001,0.0000,-7.3661,1.2188,0.0000,-0.4425,0.1575,-92.1196
2026-05-07 16:34:16.600,0,10,10,0.00,0.0001,0.0001,-7.3661,1.2188,0.0000,-0.4425,0.1575,-92.1196
2026-05-07 16:34:17.100,0,10,10,0.00,0.0001,-0.0001,-7.3661,1.2188,0.0000,-0.4425,0.1575,-92.1196
2026-05-07 16:34:17.600,0,10,10,0.00,0.0000,0.0000,-7.3661,1.2188,0.0000,-0.4425,0.1575,-92.1196
2026-05-07 16:34:18.100,0,10,10,0.00,0.0000,0.0000,-7.3661,1.2188,0.0000,-0.4425,0.1575,-92.1196
2026-05-07 16:34:18.600,0,10,10,0.00,0.0001,0.0000,-7.3661,1.2188,0.0000,-0.4425,0.1575,-92.1196
2026-05-07 16:34:19.100,0,10,10,0.00,0.0000,0.0000,-7.3661,1.2188,0.0000,-0.4425,0.1575,-92.1196
2026-05-07 16:34:19.600,0,10,10,0.00,0.0001,-0.0001,-7.3661,1.2188,0.0000,-0.4425,0.1575,-92.1196
2026-05-07 16:34:20.100,0,10,10,0.00,0.0000,0.0000,-7.3661,1.2188,0.0000,-0.4425,0.1575,-92.1196
2026-05-07 16:34:20.600,0,10,10,0.00,0.0000,0.0000,-7.3661,1.2188,0.0000,-0.4425,0.1575,-92.1196
2026-05-07 16:34:21.100,0,10,10,0.00,-0.0001,0.0000,-7.3661,1.2188,0.0000,-0.4425,0.1575,-92.1196
2026-05-07 16:34:21.600,0,10,10,0.00,-0.0001,0.0000,-7.3661,1.2188,0.0000,-0.4425,0.1575,-92.1196
2026-05-07 16:34:22.100,0,10,10,0.00,0.0000,0.0001,-7.3661,1.2188,0.0000,-0.4425,0.1575,-92.1196
2026-05-07 16:34:22.600,0,10,10,0.00,0.0000,0.0000,-7.3661,1.2188,0.0000,-0.4425,0.1575,-92.1196
2026-05-07 16:34:23.100,0,10,10,0.00,0.0001,-0.0001,-7.3661,1.2188,0.0000,-0.4425,0.1575,-92.1196
2026-05-07 16:34:23.600,0,10,10,0.00,0.0001,0.0000,-7.3661,1.2188,0.0000,-0.4425,0.1575,-92.1196
2026-05-07 16:34:24.100,0,10,10,0.00,-0.0001,0.0000,-7.3661,1.2188,0.0000,-0.4425,0.1575,-92.1196
2026-05-07 16:34:24.599,0,10,10,0.00,0.0001,0.0000,-7.3661,1.2188,0.0000,-0.4425,0.1575,-92.1196
2026-05-07 16:34:25.100,0,10,10,0.00,0.0001,-0.0001,-7.3661,1.2188,0.0000,-0.4425,0.1575,-92.1196
2026-05-07 16:34:25.600,0,10,10,0.00,-0.0003,0.0000,-7.3661,1.2188,0.0000,-0.4425,0.1575,-92.1196
2026-05-07 16:34:26.100,0,10,10,0.00,-0.0001,0.0000,-7.3661,1.2188,0.0000,-0.4425,0.1575,-92.1196
2026-05-07 16:34:26.600,0,10,10,0.00,0.0001,0.0000,-7.3661,1.2188,0.0000,-0.4425,0.1575,-92.1196
2026-05-07 16:34:27.100,0,10,10,0.00,0.0000,0.0001,-7.3661,1.2188,0.0000,-0.4425,0.1575,-92.1196
2026-05-07 16:34:27.600,0,10,10,0.00,-0.0001,0.0003,-7.3661,1.2188,0.0000,-0.4425,0.1575,-92.1196
2026-05-07 16:34:28.100,0,10,10,0.00,0.0000,0.0001,-7.3661,1.2188,0.0000,-0.4425,0.1575,-92.1196
2026-05-07 16:34:28.600,0,10,10,0.00,0.0000,-0.0003,-7.3661,1.2188,0.0000,-0.4425,0.1575,-92.1196
2026-05-07 16:34:29.100,0,10,10,0.00,0.0000,-0.0001,-7.3661,1.2188,0.0000,-0.4425,0.1575,-92.1196
2026-05-07 16:34:29.600,0,10,10,0.00,0.0001,-0.0001,-7.3661,1.2188,0.0000,-0.4425,0.1575,-92.1196
2026-05-07 16:34:30.100,0,10,10,0.00,0.0000,0.0000,-7.3661,1.2188,0.0000,-0.4425,0.1575,-92.1196
2026-05-07 16:34:30.600,0,10,10,0.00,0.0000,0.0000,-7.3661,1.2188,0.0000,-0.4425,0.1575,-92.1196
2026-05-07 16:34:31.100,0,10,10,0.00,-0.0001,-0.0001,-7.3661,1.2188,0.0000,-0.4425,0.1575,-92.1196
2026-05-07 16:34:31.600,0,10,10,0.00,0.0000,0.0001,-7.3661,1.2188,0.0000,-0.4425,0.1575,-92.1196
2026-05-07 16:34:32.100,0,10,10,0.00,0.0001,0.0000,-7.3661,1.2188,0.0000,-0.4425,0.1575,-92.1196
2026-05-07 16:34:32.600,0,10,10,0.00,0.0000,0.0001,-7.3661,1.2188,0.0000,-0.4425,0.1575,-92.1196
2026-05-07 16:34:33.100,0,10,10,0.00,-0.0001,0.0000,-7.3661,1.2188,0.0000,-0.4425,0.1575,-92.1196
2026-05-07 16:34:33.600,0,10,10,0.00,0.0000,0.0000,-7.3661,1.2188,0.0000,-0.4425,0.1575,-92.1196
2026-05-07 16:34:34.100,0,10,10,0.00,0.0000,-0.0004,-7.3661,1.2188,0.0000,-0.4425,0.1575,-92.1196
2026-05-07 16:34:34.600,0,10,10,0.00,0.0001,0.0001,-7.3661,1.2188,0.0000,-0.4425,0.1575,-92.1196
2026-05-07 16:34:35.100,0,10,10,0.00,0.0000,0.0001,-7.3661,1.2188,0.0000,-0.4425,0.1575,-92.1196
2026-05-07 16:34:35.600,0,10,10,0.00,0.0001,0.0000,-7.3661,1.2188,0.0000,-0.4425,0.1575,-92.1196
2026-05-07 16:34:36.100,0,10,10,0.00,-0.0001,-0.0001,-7.3661,1.2188,0.0000,-0.4425,0.1575,-92.1196
2026-05-07 16:34:36.600,0,10,10,0.00,0.0001,-0.0001,-7.3661,1.2188,0.0000,-0.4425,0.1575,-92.1196
2026-05-07 16:34:37.100,0,10,10,0.00,0.0001,0.0003,-7.3661,1.2188,0.0000,-0.4425,0.1575,-92.1196
2026-05-07 16:34:37.600,0,10,10,0.00,0.0000,0.0001,-7.3661,1.2188,0.0000,-0.4425,0.1575,-92.1196
2026-05-07 16:34:38.100,0,10,10,0.00,-0.0001,0.0000,-7.3661,1.2188,0.0000,-0.4425,0.1575,-92.1196
2026-05-07 16:34:38.600,0,10,10,0.00,0.0000,-0.0001,-7.3661,1.2188,0.0000,-0.4425,0.1575,-92.1196
2026-05-07 16:34:39.100,0,10,10,0.00,0.0001,0.0000,-7.3661,1.2188,0.0000,-0.4425,0.1575,-92.1196
2026-05-07 16:34:39.600,0,10,10,0.00,0.0000,0.0000,-7.3661,1.2188,0.0000,-0.4425,0.1575,-92.1196
2026-05-07 16:34:40.100,0,10,10,0.00,-0.0003,-0.0001,-7.3661,1.2188,0.0000,-0.4425,0.1575,-92.1196
2026-05-07 16:34:40.600,0,10,10,0.00,-0.0001,-0.0001,-7.3661,1.2188,0.0000,-0.4425,0.1575,-92.1196
2026-05-07 16:34:41.100,0,10,10,0.00,0.0001,0.0000,-7.3661,1.2188,0.0000,-0.4425,0.1575,-92.1196
2026-05-07 16:34:41.600,0,10,10,0.00,0.0000,0.0000,-7.3661,1.2188,0.0000,-0.4425,0.1575,-92.1196
2026-05-07 16:34:42.100,0,10,10,0.00,-0.0001,0.0003,-7.3661,1.2188,0.0000,-0.4425,0.1575,-92.1196
2026-05-07 16:34:42.600,0,10,10,0.00,0.0000,0.0000,-7.3661,1.2188,0.0000,-0.4425,0.1575,-92.1196
2026-05-07 16:34:43.100,0,10,10,0.00,-0.0003,0.0000,-7.3661,1.2188,0.0000,-0.4425,0.1575,-92.2666
2026-05-07 16:34:43.600,0,10,10,0.00,0.0000,0.0000,-7.3661,1.2188,0.0000,-0.4425,0.1575,-92.2666
2026-05-07 16:34:44.100,0,10,10,0.00,0.0003,0.0000,-7.3661,1.2188,0.0000,-0.4425,0.1575,-92.2666
2026-05-07 16:34:44.600,0,10,10,0.00,0.0001,-0.0001,-7.3661,1.2188,0.0000,-0.4425,0.1575,-92.2666
2026-05-07 16:34:45.100,0,10,10,0.00,0.0000,0.0000,-7.3661,1.2188,0.0000,-0.4425,0.1575,-92.2666
2026-05-07 16:34:45.600,0,10,10,0.00,0.0000,0.0001,-7.3661,1.2188,0.0000,-0.4425,0.1575,-92.2666
2026-05-07 16:34:46.100,0,10,10,0.00,0.0000,0.0001,-7.3661,1.2188,0.0000,-0.4425,0.1575,-92.2666
2026-05-07 16:34:46.600,0,10,10,0.00,0.0000,0.0000,-7.3661,1.2188,0.0000,-0.4425,0.1575,-92.2666
2026-05-07 16:34:47.100,0,10,10,0.00,-0.0003,0.0000,-7.3661,1.2188,0.0000,-0.4425,0.1575,-92.2666
2026-05-07 16:34:47.600,0,10,10,0.00,0.0000,0.0000,-7.3661,1.2188,0.0000,-0.4425,0.1575,-92.2666
2026-05-07 16:34:48.100,0,10,10,0.00,0.0001,-0.0004,-7.3661,1.2188,0.0000,-0.4425,0.1575,-92.2666
2026-05-07 16:34:48.600,0,10,10,0.00,0.0001,0.0003,-7.3661,1.2188,0.0000,-0.4425,0.1575,-92.2666
2026-05-07 16:34:49.100,0,10,10,0.00,0.0000,-0.0003,-7.3661,1.2188,0.0000,-0.4425,0.1575,-92.2666
2026-05-07 16:34:49.600,0,10,10,0.00,-0.0001,0.0004,-7.3661,1.2188,0.0000,-0.4425,0.1575,-92.2666
2026-05-07 16:34:50.100,0,10,10,0.00,0.0000,0.0000,-7.3661,1.2188,0.0000,-0.4425,0.1575,-92.2666
2026-05-07 16:34:50.600,0,10,10,0.00,0.0000,0.0000,-7.3661,1.2188,0.0000,-0.4425,0.1575,-92.2666
2026-05-07 16:34:51.100,0,10,10,0.00,0.0000,0.0003,-7.3661,1.2188,0.0000,-0.4425,0.1575,-92.2666
2026-05-07 16:34:51.600,0,10,10,0.00,-0.0001,0.0000,-7.3661,1.2188,0.0000,-0.4425,0.1575,-92.2666
2026-05-07 16:34:52.100,0,10,10,0.00,0.0001,0.0000,-7.3661,1.2188,0.0000,-0.4425,0.1575,-92.2666
2026-05-07 16:34:52.600,0,10,10,0.00,0.0003,0.0001,-7.3661,1.2188,0.0000,-0.4425,0.1575,-92.2666
2026-05-07 16:34:53.100,0,10,10,0.00,0.0000,-0.0003,-7.3661,1.2188,0.0000,-0.4425,0.1575,-92.2666
2026-05-07 16:34:53.600,0,10,10,0.00,0.0000,0.0000,-7.3661,1.2188,0.0000,-0.4425,0.1575,-92.2666
2026-05-07 16:34:54.100,0,10,10,0.00,0.0004,0.0000,-7.3661,1.2188,0.0000,-0.4425,0.1575,-92.2666
2026-05-07 16:34:54.600,0,10,10,0.00,0.0003,-0.0003,-7.3661,1.2188,0.0000,-0.4425,0.1575,-92.2666
2026-05-07 16:34:55.100,0,10,10,0.00,-0.0001,-0.0004,-7.3661,1.2188,0.0000,-0.4425,0.1575,-92.2666
2026-05-07 16:34:55.600,0,10,10,0.00,-0.0001,0.0000,-7.3661,1.2188,0.0000,-0.4425,0.1575,-92.2666
2026-05-07 16:34:56.100,0,10,10,0.00,0.0003,0.0000,-7.3661,1.2188,0.0000,-0.4425,0.1575,-92.2666
2026-05-07 16:34:56.600,0,10,10,0.00,0.0003,0.0000,-7.3661,1.2188,0.0000,-0.4425,0.1575,-92.2666
2026-05-07 16:34:57.100,0,10,10,0.00,0.0000,-0.0003,-7.3661,1.2188,0.0000,-0.4425,0.1575,-92.2666
2026-05-07 16:34:57.600,0,10,10,0.00,0.0000,0.0000,-7.3661,1.2188,0.0000,-0.4425,0.1575,-92.2666
2026-05-07 16:34:58.100,0,10,10,0.00,-0.0004,0.0004,-7.3661,1.2188,0.0000,-0.4425,0.1575,-92.2666
2026-05-07 16:34:58.600,0,10,10,0.00,0.0000,0.0001,-7.3661,1.2188,0.0000,-0.4425,0.1575,-92.2666
2026-05-07 16:34:59.100,0,10,10,0.00,-0.0005,0.0000,-7.3661,1.2188,0.0000,-0.4425,0.1575,-92.2666
2026-05-07 16:34:59.600,0,10,10,0.00,0.0000,0.0000,-7.3661,1.2188,0.0000,-0.4425,0.1575,-92.2666
2026-05-07 16:35:00.100,0,10,10,0.00,-0.0001,-0.0003,-7.3661,1.2188,0.0000,-0.4425,0.1575,-92.2666
2026-05-07 16:35:00.600,0,10,10,0.00,-0.0001,0.0000,-7.3661,1.2188,0.0000,-0.4425,0.1575,-92.2666
2026-05-07 16:35:01.100,0,10,10,0.00,-0.0001,-0.0001,-7.3661,1.2188,0.0000,-0.4425,0.1575,-92.2666
2026-05-07 16:35:01.600,0,10,10,0.00,-0.0004,0.0000,-7.3661,1.2188,0.0000,-0.4425,0.1575,-92.2666
2026-05-07 16:35:02.100,0,10,10,0.00,0.0001,0.0003,-7.3661,1.2188,0.0000,-0.4425,0.1575,-92.2666
2026-05-07 16:35:02.600,0,10,10,0.00,-0.0001,0.0000,-7.3661,1.2188,0.0000,-0.4425,0.1575,-92.2666
2026-05-07 16:35:03.100,0,10,10,0.00,0.0003,-0.0003,-7.3661,1.2188,0.0000,-0.4425,0.1575,-92.2666
2026-05-07 16:35:03.600,0,10,10,0.00,0.0000,0.0001,-7.3661,1.2188,0.0000,-0.4425,0.1575,-92.2666
2026-05-07 16:35:04.100,0,10,10,0.00,-0.0001,-0.0001,-7.3661,1.2188,0.0000,-0.4425,0.1575,-92.2666
2026-05-07 16:35:04.600,0,10,10,0.00,-0.0001,0.0001,-7.3661,1.2188,0.0000,-0.4425,0.1575,-92.2666
2026-05-07 16:35:05.100,0,10,10,0.00,-0.0001,-0.0001,-7.3661,1.2188,0.0000,-0.4425,0.1575,-92.2666
2026-05-07 16:35:05.600,0,10,10,0.00,0.0001,0.0000,-7.3661,1.2188,0.0000,-0.4425,0.1575,-92.2666
2026-05-07 16:35:06.100,0,10,10,0.00,0.0003,0.0003,-7.3661,1.2188,0.0000,-0.4425,0.1575,-92.2666
2026-05-07 16:35:06.600,0,10,10,0.00,0.0004,0.0001,-7.3661,1.2188,0.0000,-0.4425,0.1575,-92.2666
2026-05-07 16:35:07.100,0,10,10,0.00,0.0000,0.0000,-7.3661,1.2188,0.0000,-0.4425,0.1575,-92.2666
2026-05-07 16:35:07.600,0,10,10,0.00,0.0001,0.0001,-7.3661,1.2188,0.0000,-0.4425,0.1575,-92.2666
2026-05-07 16:35:08.100,0,10,10,0.00,-0.0003,0.0000,-7.3661,1.2188,0.0000,-0.4425,0.1575,-92.2666
2026-05-07 16:35:08.600,0,10,10,0.00,-0.0001,0.0000,-7.3661,1.2188,0.0000,-0.4425,0.1575,-92.2666
2026-05-07 16:35:09.100,0,10,10,0.00,0.0000,-0.0003,-7.3661,1.2188,0.0000,-0.4425,0.1575,-92.2666
2026-05-07 16:35:09.600,0,10,10,0.00,-0.0003,0.0001,-7.3661,1.2188,0.0000,-0.4425,0.1575,-92.2666
2026-05-07 16:35:10.100,0,10,10,0.00,0.0000,0.0000,-7.3661,1.2188,0.0000,-0.4425,0.1575,-92.2666
2026-05-07 16:35:10.600,0,10,10,0.00,0.0000,-0.0001,-7.3661,1.2188,0.0000,-0.4425,0.1575,-92.2666
2026-05-07 16:35:11.100,0,10,10,0.00,0.0000,-0.0003,-7.3661,1.2188,0.0000,-0.4425,0.1575,-92.2666
2026-05-07 16:35:11.600,0,10,10,0.00,0.0000,0.0000,-7.3661,1.2188,0.0000,-0.4425,0.1575,-92.2666
2026-05-07 16:35:12.100,0,10,10,0.00,0.0000,-0.0001,-7.3661,1.2188,0.0000,-0.4425,0.1575,-92.2666
2026-05-07 16:35:12.600,0,10,10,0.00,0.0000,0.0000,-7.3661,1.2188,0.0000,-0.4425,0.1575,-92.2666
2026-05-07 16:35:13.100,0,10,10,0.00,0.0000,0.0004,-7.3661,1.2188,0.0000,-0.4425,0.1575,-92.2666
2026-05-07 16:35:13.600,0,10,10,0.00,0.0000,-0.0005,-7.3661,1.2188,0.0000,-0.4425,0.1575,-92.2666
2026-05-07 16:35:14.100,0,10,10,0.00,0.0000,0.0000,-7.3661,1.2188,0.0000,-0.4425,0.1575,-92.2666
2026-05-07 16:35:14.600,0,10,10,0.00,0.0000,0.0000,-7.3661,1.2188,0.0000,-0.4425,0.1575,-92.2666
2026-05-07 16:35:15.100,0,10,10,0.00,0.0000,0.0000,-7.3661,1.2188,0.0000,-0.4425,0.1575,-92.2666
2026-05-07 16:35:15.600,0,10,10,0.00,0.0000,0.0001,-7.3661,1.2188,0.0000,-0.4425,0.1575,-92.2666
2026-05-07 16:35:16.100,0,10,10,0.00,-0.0001,-0.0001,-7.3661,1.2188,0.0000,-0.4425,0.1575,-92.2666
2026-05-07 16:35:16.600,0,10,10,0.00,0.0000,0.0000,-7.3661,1.2188,0.0000,-0.4425,0.1575,-92.2666
2026-05-07 16:35:17.100,0,10,10,0.00,-0.0001,0.0000,-7.3661,1.2188,0.0000,-0.4425,0.1575,-92.2666
2026-05-07 16:35:17.600,0,10,10,0.00,0.0000,0.0001,-7.3661,1.2188,0.0000,-0.4425,0.1575,-92.2666
2026-05-07 16:35:18.100,0,10,10,0.00,0.0000,0.0000,-7.3661,1.2188,0.0000,-0.4425,0.1575,-92.2666
2026-05-07 16:35:18.600,0,10,10,0.00,0.0001,0.0001,-7.3661,1.2188,0.0000,-0.4425,0.1575,-92.2666
2026-05-07 16:35:19.100,0,10,10,0.00,0.0000,0.0000,-7.3661,1.2188,0.0000,-0.4425,0.1575,-92.2666
2026-05-07 16:35:19.600,0,10,10,0.00,0.0000,0.0000,-7.3661,1.2188,0.0000,-0.4425,0.1575,-92.2666
2026-05-07 16:35:20.100,0,10,10,0.00,0.0000,0.0000,-7.3661,1.2188,0.0000,-0.4425,0.1575,-92.2666
2026-05-07 16:35:20.600,0,10,10,0.00,0.0001,0.0000,-7.3661,1.2188,0.0000,-0.4425,0.1575,-92.2666
2026-05-07 16:35:21.100,0,10,10,0.00,0.0000,0.0000,-7.3661,1.2188,0.0000,-0.4425,0.1575,-92.2666
2026-05-07 16:35:21.600,0,10,10,0.00,-0.0001,0.0000,-7.3661,1.2188,0.0000,-0.4425,0.1575,-92.2666
2026-05-07 16:35:22.100,0,10,10,0.00,-0.0001,0.0003,-7.3661,1.2188,0.0000,-0.4425,0.1575,-92.2666
2026-05-07 16:35:22.600,0,10,10,0.00,0.0000,-0.0004,-7.3661,1.2188,0.0000,-0.4425,0.1575,-92.2666
2026-05-07 16:35:23.100,0,10,10,0.00,-0.0001,0.0001,-7.3661,1.2188,0.0000,-0.4425,0.1575,-92.2666
2026-05-07 16:35:23.600,0,10,10,0.00,0.0000,0.0000,-7.3661,1.2188,0.0000,-0.4425,0.1575,-92.2666
2026-05-07 16:35:24.100,0,10,10,0.00,0.0000,0.0000,-7.3661,1.2188,0.0000,-0.4425,0.1575,-92.2666
2026-05-07 16:35:24.600,0,10,10,0.00,0.0000,0.0000,-7.3661,1.2188,0.0000,-0.4425,0.1575,-92.2666
2026-05-07 16:35:25.100,0,10,10,0.00,0.0000,-0.0003,-7.3661,1.2188,0.0000,-0.4425,0.1575,-92.2666
2026-05-07 16:35:25.600,0,10,10,0.00,0.0000,0.0001,-7.3661,1.2188,0.0000,-0.4425,0.1575,-92.2666
2026-05-07 16:35:26.100,0,10,10,0.00,-0.0001,0.0001,-7.3661,1.2188,0.0000,-0.4425,0.1575,-92.2666
2026-05-07 16:35:26.600,0,10,10,0.00,-0.0001,0.0003,-7.3661,1.2188,0.0000,-0.4425,0.1575,-92.2666
2026-05-07 16:35:27.100,0,10,10,0.00,0.0000,0.0000,-7.3661,1.2188,0.0000,-0.4425,0.1575,-92.2666
2026-05-07 16:35:27.600,0,10,10,0.00,0.0000,-0.0001,-7.3661,1.2188,0.0000,-0.4425,0.1575,-92.2666
2026-05-07 16:35:28.100,0,10,10,0.00,-0.0003,-0.0001,-7.3661,1.2188,0.0000,-0.4425,0.1575,-92.2666
2026-05-07 16:35:28.600,0,10,10,0.00,0.0000,0.0000,-7.3661,1.2188,0.0000,-0.4425,0.1575,-92.2666
2026-05-07 16:35:29.100,0,10,10,0.00,0.0000,0.0001,-7.3661,1.2188,0.0000,-0.4425,0.1575,-92.2666
2026-05-07 16:35:29.600,0,10,10,0.00,-0.0001,0.0000,-7.3661,1.2188,0.0000,-0.4425,0.1575,-92.2666
2026-05-07 16:35:30.100,0,10,10,0.00,0.0003,0.0000,-7.3661,1.2188,0.0000,-0.4425,0.1575,-92.2666
2026-05-07 16:35:30.600,0,10,10,0.00,0.0000,0.0000,-7.3661,1.2188,0.0000,-0.4425,0.1575,-92.2666
2026-05-07 16:35:31.100,0,10,10,0.00,0.0000,0.0000,-7.3661,1.2188,0.0000,-0.4425,0.1575,-92.2666
2026-05-07 16:35:31.600,0,10,10,0.00,0.0000,-0.0003,-7.3661,1.2188,0.0000,-0.4425,0.1575,-92.2666
2026-05-07 16:35:32.100,0,10,10,0.00,-0.0001,0.0001,-7.3661,1.2188,0.0000,-0.4425,0.1575,-92.2666
2026-05-07 16:35:32.600,0,10,10,0.00,0.0001,0.0001,-7.3661,1.2188,0.0000,-0.4425,0.1575,-92.2666
2026-05-07 16:35:33.100,0,10,10,0.00,0.0001,0.0001,-7.3661,1.2188,0.0000,-0.4425,0.1575,-92.2666
2026-05-07 16:35:33.600,0,10,10,0.00,0.0001,0.0000,-7.3661,1.2188,0.0000,-0.4425,0.1575,-92.2666
2026-05-07 16:35:34.100,0,10,10,0.00,0.0000,0.0000,-7.3661,1.2188,0.0000,-0.4425,0.1575,-92.2666
2026-05-07 16:35:34.600,0,10,10,0.00,-0.0001,0.0000,-7.3661,1.2188,0.0000,-0.4425,0.1575,-92.2666
2026-05-07 16:35:35.100,0,10,10,0.00,0.0000,-0.0003,-7.3661,1.2188,0.0000,-0.4425,0.1575,-92.2666
2026-05-07 16:35:35.600,0,10,10,0.00,0.0001,0.0000,-7.3661,1.2188,0.0000,-0.4425,0.1575,-92.2666
2026-05-07 16:35:36.100,0,10,10,0.00,0.0000,0.0000,-7.3661,1.2188,0.0000,-0.4425,0.1575,-92.2666
2026-05-07 16:35:36.600,0,10,10,0.00,0.0000,-0.0004,-7.3661,1.2188,0.0000,-0.4425,0.1575,-92.2666
2026-05-07 16:35:37.100,0,10,10,0.00,-0.0005,0.0000,-7.3661,1.2188,0.0000,-0.4425,0.1575,-92.2666
2026-05-07 16:35:37.600,0,10,10,0.00,0.0000,0.0000,-7.3661,1.2188,0.0000,-0.4425,0.1575,-92.2666
2026-05-07 16:35:38.100,0,10,10,0.00,-0.0005,0.0000,-7.3661,1.2188,0.0000,-0.4425,0.1575,-92.2666
2026-05-07 16:35:38.600,0,10,10,0.00,0.0000,0.0001,-7.3661,1.2188,0.0000,-0.4425,0.1575,-92.2666
2026-05-07 16:35:39.100,0,10,10,0.00,-0.0003,0.0000,-7.3661,1.2188,0.0000,-0.4425,0.1575,-92.2666
2026-05-07 16:35:39.600,0,10,10,0.00,0.0001,0.0000,-7.3661,1.2188,0.0000,-0.4425,0.1575,-92.2666
2026-05-07 16:35:40.100,0,10,10,0.00,0.0001,0.0001,-7.3661,1.2188,0.0000,-0.4425,0.1575,-92.2666
2026-05-07 16:35:40.602,0,10,10,0.00,0.0000,0.0000,-7.3661,1.2188,0.0000,-0.4425,0.1575,-92.2666
2026-05-07 16:35:41.100,0,10,10,0.00,0.0001,-0.0003,-7.3661,1.2188,0.0000,-0.4425,0.1575,-92.2666
2026-05-07 16:35:41.600,0,10,10,0.00,0.0000,0.0000,-7.3661,1.2188,0.0000,-0.4425,0.1575,-92.2666
2026-05-07 16:35:42.100,0,10,10,0.00,-0.0001,0.0000,-7.3661,1.2188,0.0000,-0.4425,0.1575,-92.2666
2026-05-07 16:35:42.600,0,10,10,0.00,0.0000,-0.0001,-7.3661,1.2188,0.0000,-0.4425,0.1575,-92.2666
2026-05-07 16:35:43.100,0,10,10,0.00,0.0001,0.0001,-7.3661,1.2188,0.0000,-0.4425,0.1575,-92.2666
2026-05-07 16:35:43.600,0,10,10,0.00,0.0000,-0.0001,-7.3661,1.2188,0.0000,-0.4425,0.1575,-92.2666
2026-05-07 16:35:44.100,0,10,10,0.00,0.0003,-0.0001,-7.3661,1.2188,0.0000,-0.4425,0.1575,-92.2666
2026-05-07 16:35:44.600,0,10,10,0.00,0.0001,0.0001,-7.3661,1.2188,0.0000,-0.4425,0.1575,-92.2666
2026-05-07 16:35:45.100,0,10,10,0.00,0.0001,0.0000,-7.3661,1.2188,0.0000,-0.4425,0.1575,-92.2666
2026-05-07 16:35:45.600,0,10,10,0.00,0.0000,0.0000,-7.3661,1.2188,0.0000,-0.4425,0.1575,-92.2666
2026-05-07 16:35:46.100,0,10,10,0.00,0.0000,0.0000,-7.3661,1.2188,0.0000,-0.4425,0.1575,-92.2666
2026-05-07 16:35:46.600,0,10,10,0.00,0.0000,0.0000,-7.3661,1.2188,0.0000,-0.4425,0.1575,-92.2666
2026-05-07 16:35:47.100,0,10,10,0.00,0.0001,0.0000,-7.3661,1.2188,0.0000,-0.4425,0.1575,-92.2666
2026-05-07 16:35:47.600,0,10,10,0.00,0.0000,0.0004,-7.3661,1.2188,0.0000,-0.4425,0.1575,-92.2666
2026-05-07 16:35:48.100,0,10,10,0.00,0.0001,0.0000,-7.3661,1.2188,0.0000,-0.4425,0.1575,-92.2666
2026-05-07 16:35:48.600,0,10,10,0.00,0.0000,-0.0001,-7.3661,1.2188,0.0000,-0.4425,0.1575,-92.2666
2026-05-07 16:35:49.100,0,10,10,0.00,0.0001,0.0001,-7.3661,1.2188,0.0000,-0.4425,0.1575,-92.2666
2026-05-07 16:35:49.600,0,10,10,0.00,0.0000,0.0000,-7.3661,1.2188,0.0000,-0.4425,0.1575,-92.2666
2026-05-07 16:35:50.100,0,10,10,0.00,0.0000,-0.0001,-7.3661,1.2188,0.0000,-0.4425,0.1575,-92.2666
2026-05-07 16:35:50.600,0,10,10,0.00,0.0000,0.0000,-7.3661,1.2188,0.0000,-0.4425,0.1575,-92.2666
2026-05-07 16:35:51.100,0,10,10,0.00,0.0000,0.0000,-7.3661,1.2188,0.0000,-0.4425,0.1575,-92.2666
2026-05-07 16:35:51.599,0,10,10,0.00,0.0001,-0.0001,-7.3661,1.2188,0.0000,-0.4425,0.1575,-92.2666
2026-05-07 16:35:52.100,0,10,10,0.00,0.0000,0.0000,-7.3661,1.2188,0.0000,-0.4425,0.1575,-92.2666
2026-05-07 16:35:52.600,0,10,10,0.00,-0.0003,0.0000,-7.3661,1.2188,0.0000,-0.4425,0.1575,-92.2666
2026-05-07 16:35:53.100,0,10,10,0.00,0.0003,-0.0001,-7.3661,1.2188,0.0000,-0.4425,0.1575,-92.2666
2026-05-07 16:35:53.600,0,10,10,0.00,0.0000,-0.0001,-7.3661,1.2188,0.0000,-0.4425,0.1575,-92.2666
2026-05-07 16:35:54.100,0,10,10,0.00,0.0000,0.0000,-7.3661,1.2188,0.0000,-0.4425,0.1575,-92.2666
2026-05-07 16:35:54.600,0,10,10,0.00,0.0001,0.0000,-7.3661,1.2188,0.0000,-0.4425,0.1575,-92.2666
2026-05-07 16:35:55.100,0,10,10,0.00,-0.0001,-0.0001,-7.3661,1.2188,0.0000,-0.4425,0.1575,-92.2666
2026-05-07 16:35:55.600,0,10,10,0.00,0.0000,0.0000,-7.3661,1.2188,0.0000,-0.4425,0.1575,-92.2666
2026-05-07 16:35:56.100,0,10,10,0.00,0.0000,0.0003,-7.3661,1.2188,0.0000,-0.4425,0.1575,-92.2666
2026-05-07 16:35:56.603,0,10,10,0.00,0.0000,0.0000,-7.3661,1.2188,0.0000,-0.4425,0.1575,-92.2666
2026-05-07 16:35:57.100,0,10,10,0.00,0.0000,-0.0001,-7.3661,1.2188,0.0000,-0.4425,0.1575,-92.2666
2026-05-07 16:35:57.600,0,10,10,0.00,0.0000,-0.0001,-7.3661,1.2188,0.0000,-0.4425,0.1575,-92.2666
2026-05-07 16:35:58.100,0,10,10,0.00,-0.0001,-0.0001,-7.3661,1.2188,0.0000,-0.4425,0.1575,-92.2666
2026-05-07 16:35:58.600,0,10,10,0.00,0.0000,-0.0003,-7.3661,1.2188,0.0000,-0.4425,0.1575,-92.2666
2026-05-07 16:35:59.100,0,10,10,0.00,-0.0001,-0.0001,-7.3661,1.2188,0.0000,-0.4425,0.1575,-92.2666
2026-05-07 16:35:59.600,0,10,10,0.00,0.0000,0.0001,-7.3661,1.2188,0.0000,-0.4425,0.1575,-92.2666
2026-05-07 16:36:00.100,0,10,10,0.00,0.0000,0.0000,-7.3661,1.2188,0.0000,-0.4425,0.1575,-92.2666
2026-05-07 16:36:00.600,0,10,10,0.00,0.0000,0.0001,-7.3661,1.2188,0.0000,-0.4425,0.1575,-92.2666
2026-05-07 16:36:01.100,0,10,10,0.00,0.0000,-0.0003,-7.3661,1.2188,0.0000,-0.4425,0.1575,-92.2666
2026-05-07 16:36:01.600,0,10,10,0.00,0.0000,0.0001,-7.3661,1.2188,0.0000,-0.4425,0.1575,-92.2666
2026-05-07 16:36:02.100,0,10,10,0.00,-0.0001,0.0000,-7.3661,1.2188,0.0000,-0.4425,0.1575,-92.2666
2026-05-07 16:36:02.600,0,10,10,0.00,0.0000,0.0000,-7.3661,1.2188,0.0000,-0.4425,0.1575,-92.2666
2026-05-07 16:36:03.100,0,10,10,0.00,0.0000,0.0000,-7.3661,1.2188,0.0000,-0.4425,0.1575,-92.2666
2026-05-07 16:36:03.600,0,10,10,0.00,0.0004,0.0000,-7.3661,1.2188,0.0000,-0.4425,0.1575,-92.2666
2026-05-07 16:36:04.100,0,10,10,0.00,0.0000,-0.0003,-7.3661,1.2188,0.0000,-0.4425,0.1575,-92.2666
2026-05-07 16:36:04.600,0,10,10,0.00,-0.0005,0.0001,-7.3661,1.2188,0.0000,-0.4425,0.1575,-92.2666
2026-05-07 16:36:05.100,0,10,10,0.00,0.0000,0.0000,-7.3661,1.2188,0.0000,-0.4425,0.1575,-92.2666
2026-05-07 16:36:05.600,0,10,10,0.00,0.0001,-0.0001,-7.3661,1.2188,0.0000,-0.4425,0.1575,-92.2666
2026-05-07 16:36:06.100,0,10,10,0.00,0.0000,0.0000,-7.3661,1.2188,0.0000,-0.4425,0.1575,-92.2666
2026-05-07 16:36:06.600,0,10,10,0.00,0.0004,0.0001,-7.3661,1.2188,0.0000,-0.4425,0.1575,-92.2666
2026-05-07 16:36:07.100,0,10,10,0.00,0.0000,0.1439,-7.3768,1.2083,0.0000,-0.4425,0.1575,-92.2666
2026-05-07 16:36:07.600,0,10,10,0.00,-0.0001,0.1789,-7.4106,1.1662,0.0000,-0.4425,0.1575,-83.8038
2026-05-07 16:36:08.100,0,10,10,0.00,0.0000,0.0160,-7.4172,1.1558,0.0000,-0.4425,0.1575,-77.9547
2026-05-07 16:36:08.600,0,9,10,0.00,-0.0001,0.1890,-7.4303,1.1312,0.0000,-0.4425,0.1575,-76.5883
2026-05-07 16:36:09.100,0,10,10,0.00,0.0000,0.3605,-7.4538,1.0558,0.0000,-0.4425,0.1575,-63.7382
2026-05-07 16:36:09.600,0,10,10,0.00,-0.1275,0.3540,-7.4556,0.9569,0.0000,-0.2742,0.3258,-45.3434
2026-05-07 16:36:10.100,0,10,10,0.00,-0.2855,0.3566,-7.4315,0.8147,0.0000,-0.1958,0.4042,-33.5451
2026-05-07 16:36:10.600,0,10,10,0.00,-0.3543,0.3494,-7.3926,0.6444,0.0000,-0.1700,0.4300,-32.1680
2026-05-07 16:36:11.100,0,10,10,0.00,-0.3547,0.0787,-7.3617,0.4915,0.0000,-0.1616,0.4384,-33.3084
2026-05-07 16:36:11.600,0,10,10,0.00,-0.3559,0.1550,-7.3616,0.3859,0.0000,-0.1588,0.4412,-46.6865
2026-05-07 16:36:12.100,0,10,10,0.00,-0.3529,0.3485,-7.3851,0.2301,0.0000,-0.1579,0.4421,-56.1554
2026-05-07 16:36:12.600,0,10,10,0.00,-0.3540,0.2660,-7.4155,0.0751,0.0000,-0.1576,0.4424,-56.9978
2026-05-07 16:36:13.100,0,10,10,0.00,-0.3325,0.3321,-7.4575,-0.0873,0.0000,-0.1575,0.4425,-62.2251
2026-05-07 16:36:13.600,0,10,10,0.00,-0.1272,0.0829,-7.4811,-0.1761,0.0000,-0.1575,0.4425,-61.9934
2026-05-07 16:36:14.100,0,10,10,0.00,0.0497,0.0000,-7.4834,-0.1842,0.0000,-0.1575,0.4425,-62.9807
2026-05-07 16:36:14.600,0,10,10,0.00,0.0001,-0.0001,-7.4803,-0.1719,0.0000,-0.1575,0.4425,-61.6438
2026-05-07 16:36:15.100,0,10,10,0.00,0.0025,0.0000,-7.4799,-0.1704,0.0000,-0.1575,0.4425,-59.8769
2026-05-07 16:36:15.600,0,10,10,0.00,0.0000,0.0000,-7.4799,-0.1704,0.0000,-0.1575,0.4425,-59.8769
2026-05-07 16:36:16.100,0,10,10,0.00,-0.0766,0.0130,-7.4815,-0.1771,0.0000,-0.1575,0.4425,-59.8769
2026-05-07 16:36:16.600,0,10,10,0.00,-0.2488,0.1727,-7.5010,-0.2439,0.0000,-0.1575,0.4425,-62.1106
2026-05-07 16:36:17.100,0,9,10,0.00,-0.3567,0.2634,-7.5497,-0.3778,0.0000,-0.1575,0.4425,-67.2921
2026-05-07 16:36:17.600,0,10,10,0.00,-0.3526,0.3580,-7.6162,-0.5292,0.0000,-0.1575,0.4425,-71.8506
2026-05-07 16:36:18.100,0,10,10,0.00,-0.3524,0.3558,-7.6888,-0.6909,0.0000,-0.1575,0.4425,-71.3345
2026-05-07 16:36:18.600,0,10,10,0.00,-0.1325,0.0899,-7.7415,-0.8055,0.0000,-0.1575,0.4425,-71.8310
2026-05-07 16:36:19.100,0,10,10,0.00,0.0003,-0.0018,-7.7440,-0.8106,0.0000,-0.1575,0.4425,-73.0703
2026-05-07 16:36:19.600,0,10,10,0.00,0.0000,0.0000,-7.7444,-0.8114,0.0000,-0.1575,0.4425,-73.0703
2026-05-07 16:36:20.100,0,10,10,0.00,0.0000,0.0001,-7.7444,-0.8114,0.0000,-0.1575,0.4425,-73.0703
2026-05-07 16:36:20.600,0,10,10,0.00,0.0000,0.0001,-7.7444,-0.8114,0.0000,-0.1575,0.4425,-73.0703
2026-05-07 16:36:21.100,0,10,10,0.00,-0.0001,0.0000,-7.7444,-0.8114,0.0000,-0.1575,0.4425,-73.0703
2026-05-07 16:36:21.600,0,10,10,0.00,0.0000,0.0000,-7.7444,-0.8114,0.0000,-0.1575,0.4425,-73.0703
2026-05-07 16:36:22.100,0,10,10,0.00,0.0000,0.0000,-7.7444,-0.8114,0.0000,-0.1575,0.4425,-73.0703
2026-05-07 16:36:22.600,0,10,10,0.00,0.0000,0.0000,-7.7444,-0.8114,0.0000,-0.1575,0.4425,-73.0703
2026-05-07 16:36:23.100,0,10,10,0.00,0.0000,0.0005,-7.7444,-0.8114,0.0000,-0.1575,0.4425,-73.0703
2026-05-07 16:36:23.600,0,10,10,0.00,0.0003,0.0000,-7.7444,-0.8114,0.0000,-0.1575,0.4425,-73.0703
2026-05-07 16:36:24.100,0,10,10,0.00,0.0000,0.0000,-7.7444,-0.8114,0.0000,-0.1575,0.4425,-73.0703
2026-05-07 16:36:24.600,0,10,10,0.00,0.0001,0.0000,-7.7444,-0.8114,0.0000,-0.1575,0.4425,-73.0703
2026-05-07 16:36:25.100,0,10,10,0.00,0.0001,0.0000,-7.7444,-0.8114,0.0000,-0.1575,0.4425,-73.0703
2026-05-07 16:36:25.600,0,10,10,0.00,-0.0001,0.0000,-7.7444,-0.8114,0.0000,-0.1575,0.4425,-73.0703
2026-05-07 16:36:26.100,0,10,10,0.00,-0.0465,0.0000,-7.7460,-0.8147,0.0000,-0.1575,0.4425,-73.0703
2026-05-07 16:36:26.600,0,10,10,0.00,-0.2245,0.1072,-7.7689,-0.8544,0.0000,-0.1575,0.4425,-77.5144
2026-05-07 16:36:27.100,0,9,10,0.00,-0.3543,0.2651,-7.8307,-0.9420,0.0000,-0.3258,0.2742,-84.6566
2026-05-07 16:36:27.600,0,9,10,0.00,-0.3505,0.3513,-7.9486,-1.0920,0.0000,-0.4042,0.1958,-87.0974
2026-05-07 16:36:28.100,0,9,10,0.00,-0.3551,0.3211,-8.0568,-1.2295,0.0000,-0.4300,0.1700,-86.3444
2026-05-07 16:36:28.600,0,10,10,0.00,-0.3533,0.3176,-8.1653,-1.3647,0.0000,-0.4384,0.1616,-87.1724
2026-05-07 16:36:29.100,0,10,10,0.00,-0.3557,0.2034,-8.2602,-1.4696,0.0000,-0.4412,0.1588,-89.3554
2026-05-07 16:36:29.600,0,10,10,0.00,-0.3543,0.3703,-8.3816,-1.5759,0.0000,-0.4421,0.1579,-98.5685
2026-05-07 16:36:30.100,0,10,10,0.00,-0.3525,0.3588,-8.5177,-1.6948,0.0000,-0.4424,0.1576,-97.0304
2026-05-07 16:36:30.600,0,10,10,0.00,-0.3542,0.3530,-8.6498,-1.8118,0.0000,-0.4425,0.1575,-96.8461
2026-05-07 16:36:31.100,0,10,10,0.00,-0.3546,0.3511,-8.7817,-1.9282,0.0000,-0.4425,0.1575,-97.0853
2026-05-07 16:36:31.600,0,10,10,0.00,-0.3526,0.2949,-8.9125,-2.0430,0.0000,-0.4425,0.1575,-97.1642
2026-05-07 16:36:32.100,0,10,10,0.00,-0.3559,0.2373,-9.0277,-2.1329,0.0000,-0.4425,0.1575,-101.3982
2026-05-07 16:36:32.600,0,10,10,0.00,-0.3504,0.3737,-9.1701,-2.2273,0.0000,-0.4425,0.1575,-105.5097
2026-05-07 16:36:33.100,0,10,10,0.00,-0.3550,0.3554,-9.3187,-2.3272,0.0000,-0.4425,0.1575,-104.5704
2026-05-07 16:36:33.600,0,10,10,0.00,-0.3517,0.2225,-9.4526,-2.4147,0.0000,-0.4425,0.1575,-104.7988
2026-05-07 16:36:34.100,0,10,10,0.00,-0.3557,0.3411,-9.5880,-2.4857,0.0000,-0.4425,0.1575,-112.6066
2026-05-07 16:36:34.600,0,10,10,0.00,-0.3549,0.3687,-9.7497,-2.5651,0.0000,-0.4425,0.1575,-112.3453
2026-05-07 16:36:35.100,0,10,10,0.00,-0.3530,0.3342,-9.9085,-2.6449,0.0000,-0.4425,0.1575,-112.0456
2026-05-07 16:36:35.600,0,10,10,0.00,-0.0330,0.0090,-9.9943,-2.6874,0.0000,-0.4425,0.1575,-112.3669
2026-05-07 16:36:36.100,0,10,10,0.00,-0.0003,-0.0008,-9.9931,-2.6868,0.0000,-0.4425,0.1575,-112.4260
2026-05-07 16:36:36.600,0,10,10,0.00,0.0001,-0.0001,-9.9931,-2.6868,0.0000,-0.4425,0.1575,-112.4260
2026-05-07 16:36:37.100,0,10,10,0.00,0.0000,-0.0003,-9.9931,-2.6868,0.0000,-0.4425,0.1575,-112.4260
2026-05-07 16:36:37.600,0,10,10,0.00,-0.0003,-0.0003,-9.9931,-2.6868,0.0000,-0.4425,0.1575,-112.4260
2026-05-07 16:36:38.100,0,10,10,0.00,-0.0001,0.0000,-9.9931,-2.6868,0.0000,-0.4425,0.1575,-112.4260
2026-05-07 16:36:38.600,0,10,10,0.00,0.0001,0.0000,-9.9931,-2.6868,0.0000,-0.4425,0.1575,-112.4260
2026-05-07 16:36:39.100,0,10,10,0.00,-0.0001,0.0001,-9.9931,-2.6868,0.0000,-0.4425,0.1575,-112.4260
2026-05-07 16:36:39.600,0,10,10,0.00,0.0000,0.0000,-9.9931,-2.6868,0.0000,-0.4425,0.1575,-112.4260
2026-05-07 16:36:40.100,0,10,10,0.00,0.0000,0.0000,-9.9931,-2.6868,0.0000,-0.4425,0.1575,-112.4260
2026-05-07 16:36:40.600,0,10,10,0.00,0.0000,0.0003,-9.9931,-2.6868,0.0000,-0.4425,0.1575,-112.4260
2026-05-07 16:36:41.100,0,10,10,0.00,-0.0001,0.0000,-9.9931,-2.6868,0.0000,-0.4425,0.1575,-112.4260
2026-05-07 16:36:41.600,0,10,10,0.00,-0.0003,0.0001,-9.9931,-2.6868,0.0000,-0.4425,0.1575,-112.4260
2026-05-07 16:36:42.100,0,10,10,0.00,0.0000,0.0001,-9.9931,-2.6868,0.0000,-0.4425,0.1575,-112.4260
2026-05-07 16:36:42.600,0,10,10,0.00,-0.0001,0.0001,-9.9931,-2.6868,0.0000,-0.4425,0.1575,-112.4260
2026-05-07 16:36:43.100,0,10,10,0.00,0.0000,0.0000,-9.9931,-2.6868,0.0000,-0.4425,0.1575,-112.4260
2026-05-07 16:36:43.600,0,10,10,0.00,0.0001,0.0000,-9.9931,-2.6868,0.0000,-0.4425,0.1575,-112.4260
2026-05-07 16:36:44.100,0,10,10,0.00,0.0001,0.0005,-9.9931,-2.6868,0.0000,-0.4425,0.1575,-112.4260
2026-05-07 16:36:44.600,0,10,10,0.00,0.0000,0.0000,-9.9931,-2.6868,0.0000,-0.4425,0.1575,-112.4260
2026-05-07 16:36:45.100,0,10,10,0.00,0.0000,-0.0003,-9.9931,-2.6868,0.0000,-0.4425,0.1575,-112.4260
2026-05-07 16:36:45.600,0,10,10,0.00,0.0001,0.0000,-9.9931,-2.6868,0.0000,-0.4425,0.1575,-112.4260
2026-05-07 16:36:46.100,0,10,10,0.00,0.0000,0.0000,-9.9931,-2.6868,0.0000,-0.4425,0.1575,-112.4260
2026-05-07 16:36:46.600,0,10,10,0.00,-0.0001,-0.0003,-9.9931,-2.6868,0.0000,-0.4425,0.1575,-112.4260
2026-05-07 16:36:47.100,0,10,10,0.00,0.0001,0.0001,-9.9931,-2.6868,0.0000,-0.4425,0.1575,-112.4260
2026-05-07 16:36:47.600,0,10,10,0.00,0.0003,0.0000,-9.9931,-2.6868,0.0000,-0.4425,0.1575,-112.4260
2026-05-07 16:36:48.100,0,10,10,0.00,0.0001,0.0000,-9.9931,-2.6868,0.0000,-0.4425,0.1575,-112.4260
2026-05-07 16:36:48.600,0,10,10,0.00,0.0001,0.0000,-9.9931,-2.6868,0.0000,-0.4425,0.1575,-112.4260
2026-05-07 16:36:49.100,0,10,10,0.00,0.0004,0.0000,-9.9931,-2.6868,0.0000,-0.4425,0.1575,-112.4260
2026-05-07 16:36:49.600,0,10,10,0.00,0.0000,0.0001,-9.9931,-2.6868,0.0000,-0.4425,0.1575,-112.4260
2026-05-07 16:36:50.100,0,10,10,0.00,0.0000,0.0000,-9.9931,-2.6868,0.0000,-0.4425,0.1575,-112.4260
2026-05-07 16:36:50.600,0,10,10,0.00,-0.0009,0.0000,-9.9926,-2.6866,0.0000,-0.4425,0.1575,-112.4260
2026-05-07 16:36:51.100,0,10,10,0.00,-0.1613,0.1130,-10.0217,-2.6998,0.0000,-0.4425,0.1575,-113.3565
2026-05-07 16:36:51.600,0,10,10,0.00,-0.3117,0.2856,-10.1251,-2.7431,0.0000,-0.4425,0.1575,-116.0186
2026-05-07 16:36:52.100,0,10,10,0.00,-0.3528,0.3693,-10.2895,-2.8095,0.0000,-0.4425,0.1575,-116.4385
2026-05-07 16:36:52.600,0,9,10,0.00,-0.3567,0.3214,-10.4526,-2.8768,0.0000,-0.4425,0.1575,-115.8656
2026-05-07 16:36:53.100,0,10,10,0.00,-0.3546,0.2216,-10.5911,-2.9264,0.0000,-0.4425,0.1575,-119.6971
2026-05-07 16:36:53.600,0,10,10,0.00,-0.3508,0.3750,-10.7520,-2.9681,0.0000,-0.4425,0.1575,-124.8827
2026-05-07 16:36:54.100,0,10,10,0.00,-0.3532,0.2445,-10.9111,-3.0070,0.0000,-0.4425,0.1575,-124.3203
2026-05-07 16:36:54.600,0,9,10,0.00,-0.3520,0.3613,-11.0708,-3.0341,0.0000,-0.4425,0.1575,-130.3419
2026-05-07 16:36:55.100,0,10,10,0.00,-0.3528,0.3648,-11.2480,-3.0622,0.0000,-0.4425,0.1575,-129.5600
2026-05-07 16:36:55.600,0,10,10,0.00,-0.3533,0.1428,-11.4022,-3.0851,0.0000,-0.4425,0.1575,-129.8237
2026-05-07 16:36:56.100,0,10,10,0.00,-0.3551,0.2179,-11.5269,-3.0841,0.0000,-0.4425,0.1575,-141.8867
2026-05-07 16:36:56.600,0,10,10,0.00,-0.3526,0.3807,-11.6962,-3.0646,0.0000,-0.4425,0.1575,-146.2425
2026-05-07 16:36:57.100,0,10,10,0.00,-0.3537,0.3512,-11.8743,-3.0455,0.0000,-0.4425,0.1575,-145.0123
2026-05-07 16:36:57.600,0,10,10,0.00,-0.3520,0.3563,-12.0499,-3.0270,0.0000,-0.4425,0.1575,-145.1011
2026-05-07 16:36:58.100,0,10,10,0.00,-0.3504,0.3504,-12.2254,-3.0084,0.0000,-0.4425,0.1575,-145.1211
2026-05-07 16:36:58.600,0,10,10,0.00,-0.3516,0.3507,-12.4016,-2.9901,0.0000,-0.4425,0.1575,-144.8587
2026-05-07 16:36:59.100,0,10,10,0.00,-0.3554,0.3576,-12.5766,-2.9717,0.0000,-0.4425,0.1575,-145.1098
2026-05-07 16:36:59.600,0,10,10,0.00,-0.3526,0.3585,-12.7530,-2.9531,0.0000,-0.4425,0.1575,-145.1617
2026-05-07 16:37:00.100,0,10,10,0.00,-0.3225,0.3508,-12.9279,-2.9350,0.0000,-0.4425,0.1575,-144.8927
2026-05-07 16:37:00.600,0,10,10,0.00,0.0000,0.3433,-13.0512,-2.9293,0.0000,-0.4425,0.1575,-140.9511
2026-05-07 16:37:01.100,0,10,10,0.00,-0.1166,0.3646,-13.1496,-2.9524,0.0000,-0.4425,0.1575,-122.9711
2026-05-07 16:37:01.600,0,10,10,0.00,-0.2754,0.3584,-13.2767,-3.0109,0.0000,-0.4425,0.1575,-111.7341
2026-05-07 16:37:02.100,0,10,10,0.00,-0.3546,0.3464,-13.4290,-3.0930,0.0000,-0.4425,0.1575,-109.3632
2026-05-07 16:37:02.600,0,10,10,0.00,-0.3525,0.3483,-13.5910,-3.1797,0.0000,-0.4425,0.1575,-110.0346
2026-05-07 16:37:03.100,0,10,10,0.00,-0.0545,0.1162,-13.6856,-3.2312,0.0000,-0.4425,0.1575,-109.3986
2026-05-07 16:37:03.600,0,10,10,0.00,0.0000,-0.0037,-13.6876,-3.2324,0.0000,-0.4425,0.1575,-107.6482
2026-05-07 16:37:04.100,0,10,10,0.00,-0.0001,0.0001,-13.6876,-3.2324,0.0000,-0.4425,0.1575,-107.6482
2026-05-07 16:37:04.600,0,10,10,0.00,-0.0001,-0.0001,-13.6876,-3.2324,0.0000,-0.4425,0.1575,-107.6482
2026-05-07 16:37:05.100,0,10,10,0.00,-0.0001,-0.0268,-13.6865,-3.2317,0.0000,-0.4425,0.1575,-107.6482
2026-05-07 16:37:05.600,0,10,10,0.00,0.0000,-0.0004,-13.6853,-3.2310,0.0000,-0.4425,0.1575,-107.6482
2026-05-07 16:37:06.100,0,10,10,0.00,-0.0014,0.0086,-13.6853,-3.2311,0.0000,-0.4425,0.1575,-107.6482
2026-05-07 16:37:06.600,0,10,10,0.00,-0.1672,0.1927,-13.7231,-3.2527,0.0000,-0.4425,0.1575,-107.8259
2026-05-07 16:37:07.100,0,10,10,0.00,-0.3191,0.3443,-13.8352,-3.3197,0.0000,-0.4425,0.1575,-106.5418
2026-05-07 16:37:07.600,0,10,10,0.00,-0.3509,0.3528,-13.9871,-3.4136,0.0000,-0.4425,0.1575,-105.8488
2026-05-07 16:37:08.100,0,10,10,0.00,-0.3119,0.3494,-14.1318,-3.5042,0.0000,-0.4425,0.1575,-105.9754
2026-05-07 16:37:08.600,0,10,10,0.00,-0.3575,0.3635,-14.2786,-3.6000,0.0000,-0.4425,0.1575,-104.2597
2026-05-07 16:37:09.100,0,10,10,0.00,-0.3503,0.3468,-14.4262,-3.6972,0.0000,-0.4425,0.1575,-104.2497
2026-05-07 16:37:09.600,0,10,10,0.00,-0.3558,0.3475,-14.5728,-3.7934,0.0000,-0.4425,0.1575,-104.5397
2026-05-07 16:37:10.100,0,10,10,0.00,-0.3440,0.3593,-14.7209,-3.8896,0.0000,-0.4425,0.1575,-104.9142
2026-05-07 16:37:10.600,0,10,10,0.00,-0.3570,0.3619,-14.8615,-3.9846,0.0000,-0.4425,0.1575,-103.4215
2026-05-07 16:37:11.100,0,10,10,0.00,-0.2202,0.3416,-14.9973,-4.0794,0.0000,-0.4425,0.1575,-102.8851
2026-05-07 16:37:11.600,0,10,10,0.00,-0.3597,0.3690,-15.1217,-4.1800,0.0000,-0.4425,0.1575,-97.6409
2026-05-07 16:37:12.100,0,10,10,0.00,-0.3526,0.3499,-15.2579,-4.2943,0.0000,-0.4425,0.1575,-97.2204
2026-05-07 16:37:12.600,0,10,10,0.00,-0.3523,0.3553,-15.3939,-4.4082,0.0000,-0.4425,0.1575,-97.1784
2026-05-07 16:37:13.100,0,10,10,0.00,-0.3549,0.3486,-15.5284,-4.5212,0.0000,-0.4425,0.1575,-97.1579
2026-05-07 16:37:13.600,0,10,10,0.00,-0.3523,0.3526,-15.6639,-4.6342,0.0000,-0.4425,0.1575,-97.4698
2026-05-07 16:37:14.100,0,10,10,0.00,-0.3530,0.3566,-15.8000,-4.7478,0.0000,-0.4425,0.1575,-97.3373
2026-05-07 16:37:14.600,0,10,10,0.00,-0.3550,0.3505,-15.9353,-4.8612,0.0000,-0.4425,0.1575,-97.2172
2026-05-07 16:37:15.100,0,10,10,0.00,-0.3553,0.3536,-16.0707,-4.9741,0.0000,-0.4425,0.1575,-97.5077
2026-05-07 16:37:15.600,0,10,10,0.00,-0.3537,0.3608,-16.2066,-5.0872,0.0000,-0.4425,0.1575,-97.5146
2026-05-07 16:37:16.100,0,10,10,0.00,-0.3540,0.3570,-16.3429,-5.2012,0.0000,-0.4425,0.1575,-97.0630
2026-05-07 16:37:16.600,0,10,10,0.00,-0.3542,0.3474,-16.4778,-5.3145,0.0000,-0.4425,0.1575,-97.1910
2026-05-07 16:37:17.100,0,9,10,0.00,-0.3537,0.3532,-16.6134,-5.4275,0.0000,-0.4425,0.1575,-97.6364
2026-05-07 16:37:17.600,0,10,10,0.00,-0.3526,0.3576,-16.7497,-5.5413,0.0000,-0.4425,0.1575,-97.3474
2026-05-07 16:37:18.100,0,10,10,0.00,-0.3509,0.3502,-16.8848,-5.6545,0.0000,-0.4425,0.1575,-97.1780
2026-05-07 16:37:18.600,0,10,10,0.00,-0.3555,0.3516,-17.0200,-5.7676,0.0000,-0.4425,0.1575,-97.4719
2026-05-07 16:37:19.100,0,10,10,0.00,-0.3523,0.3558,-17.1558,-5.8808,0.0000,-0.4425,0.1575,-97.5238
2026-05-07 16:37:19.600,0,10,10,0.00,-0.3515,0.3585,-17.2917,-5.9945,0.0000,-0.4425,0.1575,-97.2097
2026-05-07 16:37:20.099,0,10,10,0.00,-0.3547,0.3521,-17.4263,-6.1073,0.0000,-0.4425,0.1575,-97.2872
2026-05-07 16:37:20.600,0,10,10,0.00,-0.3533,0.3499,-17.5623,-6.2203,0.0000,-0.4425,0.1575,-97.8280
2026-05-07 16:37:21.100,0,10,10,0.00,-0.3537,0.3564,-17.6985,-6.3335,0.0000,-0.4425,0.1575,-97.6119
2026-05-07 16:37:21.600,0,10,10,0.00,-0.3519,0.3525,-17.8343,-6.4472,0.0000,-0.4425,0.1575,-97.1679
2026-05-07 16:37:22.100,0,9,10,0.00,-0.3524,0.3504,-17.9691,-6.5601,0.0000,-0.4425,0.1575,-97.4592
2026-05-07 16:37:22.600,0,10,10,0.00,-0.3528,0.3507,-18.1047,-6.6730,0.0000,-0.4425,0.1575,-97.7066
2026-05-07 16:37:23.100,0,10,10,0.00,-0.3530,0.3487,-18.2407,-6.7864,0.0000,-0.4425,0.1575,-97.6572
2026-05-07 16:37:23.600,0,10,10,0.00,-0.3524,0.3512,-18.3762,-6.8997,0.0000,-0.4425,0.1575,-97.5713
2026-05-07 16:37:24.100,0,10,10,0.00,-0.3538,0.3559,-18.5119,-7.0127,0.0000,-0.4425,0.1575,-97.8590
2026-05-07 16:37:24.600,0,10,10,0.00,-0.3526,0.3558,-18.6479,-7.1260,0.0000,-0.4425,0.1575,-97.7092
2026-05-07 16:37:25.100,0,10,10,0.00,-0.3529,0.3515,-18.7834,-7.2395,0.0000,-0.4425,0.1575,-97.4783
2026-05-07 16:37:25.600,0,10,10,0.00,-0.3549,0.3530,-18.9187,-7.3525,0.0000,-0.4425,0.1575,-97.7077
2026-05-07 16:37:26.100,0,10,10,0.00,-0.3515,0.3559,-19.0544,-7.4654,0.0000,-0.4425,0.1575,-98.0035
2026-05-07 16:37:26.600,0,10,10,0.00,-0.3528,0.3543,-19.1903,-7.5788,0.0000,-0.4425,0.1575,-97.8115
2026-05-07 16:37:27.100,0,10,10,0.00,-0.3554,0.3505,-19.3259,-7.6922,0.0000,-0.4425,0.1575,-97.7355
2026-05-07 16:37:27.600,0,10,10,0.00,-0.3546,0.3523,-19.4615,-7.8054,0.0000,-0.4425,0.1575,-98.0451
2026-05-07 16:37:28.100,0,10,10,0.00,-0.3562,0.3634,-19.5990,-7.9200,0.0000,-0.4425,0.1575,-98.0067
2026-05-07 16:37:28.600,0,10,10,0.00,-0.3525,0.3543,-19.7329,-8.0322,0.0000,-0.4425,0.1575,-97.8124
2026-05-07 16:37:29.100,0,10,10,0.00,-0.3553,0.3491,-19.8687,-8.1460,0.0000,-0.4425,0.1575,-97.8639
2026-05-07 16:37:29.600,0,10,10,0.00,-0.3534,0.3513,-20.0038,-8.2587,0.0000,-0.4425,0.1575,-98.1666
2026-05-07 16:37:30.100,0,10,10,0.00,-0.3530,0.3588,-20.1399,-8.3722,0.0000,-0.4425,0.1575,-97.9981
2026-05-07 16:37:30.600,0,10,10,0.00,-0.3532,0.3577,-20.2755,-8.4860,0.0000,-0.4425,0.1575,-97.8330
2026-05-07 16:37:31.100,0,10,10,0.00,-0.3542,0.3507,-20.4108,-8.5994,0.0000,-0.4425,0.1575,-98.0652
2026-05-07 16:37:31.600,0,10,10,0.00,-0.3562,0.3635,-20.5464,-8.7127,0.0000,-0.4425,0.1575,-98.1103
2026-05-07 16:37:32.100,0,10,10,0.00,-0.3541,0.3560,-20.6818,-8.8263,0.0000,-0.4425,0.1575,-97.9103
2026-05-07 16:37:32.600,0,10,10,0.00,-0.3545,0.3507,-20.8169,-8.9400,0.0000,-0.4425,0.1575,-98.0329
2026-05-07 16:37:33.100,0,10,10,0.00,-0.3547,0.3521,-20.9526,-9.0537,0.0000,-0.4425,0.1575,-98.2087
2026-05-07 16:37:33.600,0,10,10,0.00,-0.3526,0.3542,-21.0878,-9.1671,0.0000,-0.4425,0.1575,-98.1217
2026-05-07 16:37:34.100,0,10,10,0.00,-0.3515,0.3508,-21.2233,-9.2810,0.0000,-0.4425,0.1575,-98.0634
2026-05-07 16:37:34.600,0,10,10,0.00,-0.3541,0.3521,-21.3580,-9.3941,0.0000,-0.4425,0.1575,-98.4048
2026-05-07 16:37:35.100,0,9,10,0.00,-0.3532,0.3572,-21.4937,-9.5075,0.0000,-0.4425,0.1575,-98.5303
2026-05-07 16:37:35.600,0,10,10,0.00,-0.3528,0.3572,-21.6294,-9.6215,0.0000,-0.4425,0.1575,-98.1824
2026-05-07 16:37:36.100,0,10,10,0.00,-0.3543,0.3483,-21.7643,-9.7351,0.0000,-0.4425,0.1575,-98.1752
2026-05-07 16:37:36.600,0,10,10,0.00,-0.3511,0.2314,-21.8933,-9.8419,0.0000,-0.4425,0.1575,-98.6107
2026-05-07 16:37:37.100,0,10,10,0.00,-0.3538,0.0257,-21.9840,-9.9007,0.0000,-0.4425,0.1575,-105.8165
2026-05-07 16:37:37.600,0,10,10,0.00,-0.3534,0.2144,-22.0936,-9.9339,0.0000,-0.4425,0.1575,-123.8300
2026-05-07 16:37:38.100,0,10,10,0.00,-0.3523,0.3638,-22.2557,-9.9630,0.0000,-0.4425,0.1575,-130.1827
2026-05-07 16:37:38.600,0,10,10,0.00,-0.3550,0.3555,-22.4330,-9.9942,0.0000,-0.4425,0.1575,-129.4130
2026-05-07 16:37:39.100,0,10,10,0.00,-0.3558,0.3562,-22.6066,-10.0257,0.0000,-0.4425,0.1575,-129.1937
2026-05-07 16:37:39.600,0,10,10,0.00,-0.3532,0.3584,-22.7810,-10.0575,0.0000,-0.4425,0.1575,-129.1477
2026-05-07 16:37:40.100,0,10,10,0.00,-0.3571,0.3419,-22.9535,-10.0891,0.0000,-0.4425,0.1575,-129.0766
2026-05-07 16:37:40.600,0,10,10,0.00,-0.3504,0.2152,-23.1163,-10.1168,0.0000,-0.4425,0.1575,-129.7270
2026-05-07 16:37:41.100,0,10,10,0.00,-0.3534,0.0162,-23.2192,-10.1204,0.0000,-0.4425,0.1575,-138.2268
2026-05-07 16:37:41.600,0,10,10,0.00,-0.3542,0.1234,-23.3261,-10.0927,0.0000,-0.4425,0.1575,-156.0164
2026-05-07 16:37:42.100,0,10,10,0.00,-0.3551,0.2025,-23.4385,-10.0382,0.0000,-0.4425,0.1575,-167.6631
2026-05-07 16:37:42.600,0,10,10,0.00,-0.3534,0.3673,-23.5763,-9.9500,0.0000,-0.4425,0.1575,-174.4949
2026-05-07 16:37:43.100,0,10,10,0.00,-0.3543,0.3652,-23.7287,-9.8523,0.0000,-0.4425,0.1575,-173.3785
2026-05-07 16:37:43.600,0,9,10,0.00,-0.3538,0.3043,-23.8754,-9.7595,0.0000,-0.4425,0.1575,-173.2479
2026-05-07 16:37:44.100,0,10,10,0.00,-0.3541,0.3334,-24.0171,-9.6648,0.0000,-0.4425,0.1575,-174.9365
2026-05-07 16:37:44.600,0,10,10,0.00,-0.3547,0.2784,-24.1405,-9.5733,0.0000,-0.4425,0.1575,-176.9242
2026-05-07 16:37:45.101,0,10,10,0.00,-0.3555,0.3629,-24.2729,-9.4636,0.0000,-0.4425,0.1575,179.1611
2026-05-07 16:37:45.600,0,10,10,0.00,-0.3519,0.3516,-24.4098,-9.3504,0.0000,-0.0000,0.0000,179.7050
2026-05-07 16:37:46.100,0,10,10,0.00,-0.3507,0.3513,-24.5466,-9.2379,0.0000,-0.0000,0.0000,179.7814
2026-05-07 16:37:46.600,0,10,10,0.00,-0.3528,0.3542,-24.6842,-9.1253,0.0000,-0.0000,0.0000,-179.8691
2026-05-07 16:37:47.100,0,10,10,0.00,-0.3532,0.3481,-24.8204,-9.0141,0.0000,-0.0000,0.0000,179.9748
2026-05-07 16:37:47.600,0,10,10,0.00,-0.3513,0.2098,-24.9441,-8.9099,0.0000,-0.0000,0.0000,179.3034
2026-05-07 16:37:48.100,0,10,10,0.00,-0.3549,0.2964,-25.0425,-8.8073,0.0000,-0.0000,0.0000,171.3488
2026-05-07 16:37:48.600,0,10,10,0.00,-0.3532,0.3769,-25.1594,-8.6716,0.0000,-0.0000,0.0000,168.7323
2026-05-07 16:37:49.100,0,10,10,0.00,-0.3553,0.3528,-25.2770,-8.5384,0.0000,-0.0000,0.0000,170.0176
2026-05-07 16:37:49.600,0,10,10,0.00,-0.3538,0.3529,-25.3928,-8.4067,0.0000,-0.0000,0.0000,169.7647
2026-05-07 16:37:50.100,0,10,10,0.00,-0.3534,0.3572,-25.5095,-8.2737,0.0000,-0.0000,0.0000,169.7149
2026-05-07 16:37:50.600,0,10,10,0.00,-0.3545,0.3584,-25.6270,-8.1406,0.0000,-0.0000,0.0000,169.9290
2026-05-07 16:37:51.100,0,10,10,0.00,-0.3491,0.3481,-25.7408,-8.0154,0.0000,-0.0000,0.0000,170.8609
2026-05-07 16:37:51.600,0,10,10,0.00,-0.3523,0.3557,-25.8610,-7.8848,0.0000,-0.0000,0.0000,171.3247
2026-05-07 16:37:52.100,0,10,10,0.00,-0.2868,0.3549,-25.9790,-7.7570,0.0000,-0.0000,0.0000,171.4146
2026-05-07 16:37:52.600,0,10,10,0.00,-0.3609,0.3625,-26.0995,-7.6324,0.0000,-0.0000,0.0000,173.1223
2026-05-07 16:37:53.100,0,10,10,0.00,-0.3509,0.3490,-26.2217,-7.5062,0.0000,-0.0000,0.0000,172.8058
2026-05-07 16:37:53.600,0,10,10,0.00,-0.3532,0.3585,-26.3451,-7.3786,0.0000,-0.0000,0.0000,172.9320
2026-05-07 16:37:54.100,0,10,10,0.00,-0.3550,0.3545,-26.4686,-7.2515,0.0000,-0.0000,0.0000,173.2542
2026-05-07 16:37:54.600,0,9,10,0.00,-0.3540,0.3520,-26.5911,-7.1253,0.0000,-0.0000,0.0000,173.2080
2026-05-07 16:37:55.100,0,10,10,0.00,-0.3530,0.3502,-26.7132,-6.9986,0.0000,-0.0000,0.0000,173.0615
2026-05-07 16:37:55.600,0,10,10,0.00,-0.3538,0.3621,-26.8365,-6.8709,0.0000,-0.0000,0.0000,173.0720
2026-05-07 16:37:56.100,0,10,10,0.00,-0.3542,0.3538,-26.9596,-6.7438,0.0000,-0.0000,0.0000,173.3777
2026-05-07 16:37:56.600,0,10,10,0.00,-0.3534,0.3550,-27.0825,-6.6170,0.0000,-0.0000,0.0000,173.2722
2026-05-07 16:37:57.100,0,10,10,0.00,-0.3517,0.3532,-27.2054,-6.4899,0.0000,-0.0000,0.0000,173.2417
2026-05-07 16:37:57.600,0,10,10,0.00,-0.3553,0.3542,-27.3287,-6.3629,0.0000,-0.0000,0.0000,173.5274
2026-05-07 16:37:58.100,0,10,10,0.00,-0.3529,0.3471,-27.4517,-6.2363,0.0000,-0.0000,0.0000,173.5582
2026-05-07 16:37:58.600,0,10,10,0.00,-0.3543,0.3546,-27.5746,-6.1094,0.0000,-0.0000,0.0000,173.4665
2026-05-07 16:37:59.100,0,10,10,0.00,-0.3532,0.3534,-27.6973,-5.9828,0.0000,-0.0000,0.0000,173.4873
2026-05-07 16:37:59.600,0,10,10,0.00,-0.3534,0.3554,-27.8209,-5.8555,0.0000,-0.0000,0.0000,173.6138
2026-05-07 16:38:00.100,0,10,10,0.00,-0.3541,0.3482,-27.9434,-5.7294,0.0000,-0.0000,0.0000,173.6203
2026-05-07 16:38:00.600,0,10,10,0.00,-0.3524,0.3526,-28.0662,-5.6024,0.0000,-0.0000,0.0000,173.4052
2026-05-07 16:38:01.100,0,10,10,0.00,-0.3550,0.3576,-28.1899,-5.4749,0.0000,-0.0000,0.0000,173.6669
2026-05-07 16:38:01.600,0,10,10,0.00,-0.3542,0.3568,-28.3136,-5.3479,0.0000,-0.0000,0.0000,173.8234
2026-05-07 16:38:02.100,0,10,10,0.00,-0.3542,0.3521,-28.4361,-5.2219,0.0000,-0.0000,0.0000,173.8174
2026-05-07 16:38:02.600,0,10,10,0.00,-0.3525,0.3533,-28.5588,-5.0953,0.0000,-0.0000,0.0000,173.8041
2026-05-07 16:38:03.100,0,10,10,0.00,-0.3520,0.3547,-28.6821,-4.9680,0.0000,-0.0000,0.0000,173.8195
2026-05-07 16:38:03.600,0,10,10,0.00,-0.3536,0.3496,-28.8048,-4.8414,0.0000,-0.0000,0.0000,173.8123
2026-05-07 16:38:04.100,0,10,10,0.00,-0.3533,0.3526,-28.9270,-4.7147,0.0000,-0.0000,0.0000,173.8176
2026-05-07 16:38:04.600,0,10,10,0.00,-0.3525,0.3549,-29.0496,-4.5874,0.0000,-0.0000,0.0000,173.8018
2026-05-07 16:38:05.100,0,10,10,0.00,-0.3521,0.3474,-29.1728,-4.4600,0.0000,-0.0000,0.0000,173.8955
2026-05-07 16:38:05.600,0,10,10,0.00,-0.3541,0.3536,-29.2955,-4.3328,0.0000,-0.0000,0.0000,173.9044
2026-05-07 16:38:06.100,0,10,10,0.00,-0.3537,0.3589,-29.4174,-4.2060,0.0000,-0.0000,0.0000,173.7966
2026-05-07 16:38:06.600,0,10,10,0.00,-0.3525,0.3577,-29.5404,-4.0781,0.0000,-0.0000,0.0000,173.9159
2026-05-07 16:38:07.100,0,10,10,0.00,-0.3525,0.3492,-29.6627,-3.9513,0.0000,-0.0000,0.0000,173.9388
2026-05-07 16:38:07.600,0,10,10,0.00,-0.3526,0.3549,-29.7862,-3.8231,0.0000,-0.0000,0.0000,173.8957
2026-05-07 16:38:08.100,0,10,10,0.00,-0.3555,0.3562,-29.9079,-3.6967,0.0000,-0.0000,0.0000,173.8555
2026-05-07 16:38:08.600,0,10,10,0.00,-0.3543,0.3574,-30.0313,-3.5690,0.0000,-0.0000,0.0000,174.0266
2026-05-07 16:38:09.100,0,10,10,0.00,-0.3524,0.3523,-30.1535,-3.4424,0.0000,-0.0000,0.0000,173.9776
2026-05-07 16:38:09.600,0,10,10,0.00,-0.3533,0.3526,-30.2760,-3.3153,0.0000,-0.0000,0.0000,174.0008
2026-05-07 16:38:10.100,0,10,10,0.00,-0.3546,0.3583,-30.3994,-3.1876,0.0000,-0.0000,0.0000,174.0614
2026-05-07 16:38:10.600,0,10,10,0.00,-0.3537,0.3534,-30.5224,-3.0607,0.0000,-0.0000,0.0000,174.0629
2026-05-07 16:38:11.100,0,10,10,0.00,-0.3529,0.3516,-30.6447,-2.9341,0.0000,-0.0000,0.0000,174.0237
2026-05-07 16:38:11.600,0,10,10,0.00,-0.3533,0.3564,-30.7681,-2.8064,0.0000,-0.0000,0.0000,174.0938
2026-05-07 16:38:12.100,0,10,10,0.00,-0.3524,0.3490,-30.8913,-2.6795,0.0000,-0.0000,0.0000,174.1829
2026-05-07 16:38:12.600,0,10,10,0.00,-0.3546,0.3526,-31.0140,-2.5529,0.0000,-0.0000,0.0000,174.0782
2026-05-07 16:38:13.100,0,10,10,0.00,-0.3524,0.3554,-31.1368,-2.4258,0.0000,-0.0000,0.0000,174.0908
2026-05-07 16:38:13.600,0,10,10,0.00,-0.3536,0.3598,-31.2603,-2.2984,0.0000,-0.0000,0.0000,174.2133
2026-05-07 16:38:14.099,0,10,10,0.00,-0.3536,0.3505,-31.3837,-2.1716,0.0000,-0.0000,0.0000,174.2434
2026-05-07 16:38:14.600,0,10,10,0.00,-0.3507,0.3441,-31.5058,-2.0459,0.0000,-0.0000,0.0000,174.2297
2026-05-07 16:38:15.100,0,10,10,0.00,-0.3525,0.3576,-31.6282,-1.9190,0.0000,-0.0000,0.0000,174.2082
2026-05-07 16:38:15.600,0,10,10,0.00,-0.3529,0.3564,-31.7518,-1.7913,0.0000,-0.0000,0.0000,174.3037
2026-05-07 16:38:16.100,0,9,10,0.00,-0.3532,0.3504,-31.8621,-1.6774,0.0000,-0.0000,0.0000,174.2794
2026-05-07 16:38:16.600,0,10,10,0.00,-0.3515,0.3511,-31.9968,-1.5380,0.0000,-0.0000,0.0000,174.2362
2026-05-07 16:38:17.100,0,10,10,0.00,-0.3537,0.3592,-32.1202,-1.4103,0.0000,-0.0000,0.0000,174.3050
2026-05-07 16:38:17.600,0,10,10,0.00,-0.3523,0.3557,-32.2435,-1.2833,0.0000,-0.0000,0.0000,174.4237
2026-05-07 16:38:18.100,0,10,10,0.00,-0.3533,0.3291,-32.3656,-1.1575,0.0000,-0.0000,0.0000,174.3091
2026-05-07 16:38:18.600,0,10,10,0.00,-0.3545,0.3127,-32.4721,-1.0390,0.0000,-0.0000,0.0000,171.7121
2026-05-07 16:38:19.100,0,10,10,0.00,-0.3523,0.3636,-32.5844,-0.9049,0.0000,-0.0000,0.0000,170.0188
2026-05-07 16:38:19.600,0,10,10,0.00,-0.3511,0.3491,-32.6994,-0.7692,0.0000,-0.0000,0.0000,170.7478
2026-05-07 16:38:20.100,0,10,10,0.00,-0.3381,0.3546,-32.8075,-0.6483,0.0000,-0.0000,0.0000,172.5343
2026-05-07 16:38:20.600,0,10,10,0.00,-0.3546,0.3523,-32.9292,-0.5168,0.0000,-0.0000,0.0000,173.2480
2026-05-07 16:38:21.100,0,10,10,0.00,-0.3559,0.3512,-33.0492,-0.3875,0.0000,-0.0000,0.0000,173.1565
2026-05-07 16:38:21.600,0,10,10,0.00,-0.3532,0.3513,-33.1679,-0.2591,0.0000,-0.0000,0.0000,173.0292
2026-05-07 16:38:22.100,0,9,10,0.00,-0.3533,0.3570,-33.2878,-0.1288,0.0000,-0.0000,0.0000,173.0116
2026-05-07 16:38:22.600,0,10,10,0.00,-0.3538,0.3550,-33.4089,0.0020,0.0000,-0.0000,0.0000,173.2184
2026-05-07 16:38:23.100,0,10,10,0.00,-0.3537,0.3456,-33.5289,0.1312,0.0000,-0.0000,0.0000,173.2673
2026-05-07 16:38:23.600,0,10,10,0.00,-0.3538,0.3525,-33.6484,0.2605,0.0000,-0.0000,0.0000,173.1590
2026-05-07 16:38:24.100,0,10,10,0.00,-0.3526,0.3528,-33.7657,0.3891,0.0000,-0.0000,0.0000,172.9197
2026-05-07 16:38:24.600,0,10,10,0.00,-0.3523,0.3553,-33.8830,0.5189,0.0000,-0.0000,0.0000,172.9303
2026-05-07 16:38:25.100,0,10,10,0.00,-0.3540,0.3515,-33.9994,0.6499,0.0000,-0.0000,0.0000,172.3184
2026-05-07 16:38:25.600,0,10,10,0.00,-0.3545,0.3584,-34.1162,0.7822,0.0000,-0.0000,0.0000,172.1697
2026-05-07 16:38:26.100,0,10,10,0.00,-0.3411,0.3525,-34.2321,0.9122,0.0000,-0.0000,0.0000,172.5331
2026-05-07 16:38:26.600,0,10,10,0.00,-0.3547,0.3571,-34.3514,1.0434,0.0000,-0.0000,0.0000,173.4669
2026-05-07 16:38:27.100,0,10,10,0.00,-0.3534,0.3503,-34.4696,1.1733,0.0000,-0.0000,0.0000,173.4760
2026-05-07 16:38:27.600,0,10,10,0.00,-0.3528,0.3516,-34.5878,1.3041,0.0000,-0.0000,0.0000,173.1358
2026-05-07 16:38:28.100,0,10,10,0.00,-0.3523,0.3487,-34.7066,1.4353,0.0000,-0.0000,0.0000,173.5881
2026-05-07 16:38:28.600,0,10,10,0.00,-0.3532,0.3454,-34.8242,1.5655,0.0000,-0.0000,0.0000,173.3387
2026-05-07 16:38:29.100,0,10,10,0.00,-0.3505,0.3507,-34.9422,1.6969,0.0000,-0.0000,0.0000,173.2640
2026-05-07 16:38:29.600,0,10,10,0.00,-0.3537,0.3588,-35.0612,1.8292,0.0000,-0.0000,0.0000,173.4062
2026-05-07 16:38:30.100,0,10,10,0.00,-0.1507,0.3475,-35.1688,1.9448,0.0000,-0.0000,0.0000,174.0163
2026-05-07 16:38:30.600,0,10,10,0.00,0.0860,0.3564,-35.2384,1.9973,0.0000,-0.0000,0.0000,-171.8632
2026-05-07 16:38:31.100,0,10,10,0.00,0.2443,0.3499,-35.2815,2.0098,0.0000,-0.0000,0.0000,-146.7541
2026-05-07 16:38:31.600,0,10,10,0.00,-0.0018,0.1761,-35.3164,2.0014,0.0000,-0.0000,0.0000,-117.5355
2026-05-07 16:38:32.100,0,10,10,0.00,-0.1016,0.1397,-35.3535,1.9852,0.0000,-0.0000,0.0000,-112.3033
2026-05-07 16:38:32.600,0,10,10,0.00,-0.1623,0.3411,-35.4499,1.9348,0.0000,-0.0000,0.0000,-107.7101
2026-05-07 16:38:33.100,0,10,10,0.00,-0.3180,0.3622,-35.5739,1.8472,0.0000,-0.0000,0.0000,-98.4951
2026-05-07 16:38:33.600,0,10,10,0.00,-0.1932,0.2457,-35.6981,1.7507,0.0000,-0.0000,0.0000,-97.3521
2026-05-07 16:38:34.100,0,10,10,0.00,0.0000,-0.0005,-35.7220,1.7314,0.0000,-0.0000,0.0000,-95.8815
2026-05-07 16:38:34.600,0,10,10,0.00,0.0000,-0.0001,-35.7196,1.7333,0.0000,-0.0000,0.0000,-95.8815
2026-05-07 16:38:35.100,0,10,10,0.00,0.0001,0.0000,-35.7196,1.7333,0.0000,-0.0000,0.0000,-95.8815
2026-05-07 16:38:35.600,0,10,10,0.00,0.0000,0.0000,-35.7196,1.7333,0.0000,-0.0000,0.0000,-95.8815
2026-05-07 16:38:36.100,0,10,10,0.00,0.0000,0.0003,-35.7196,1.7333,0.0000,-0.0000,0.0000,-95.8815
2026-05-07 16:38:36.600,0,10,10,0.00,-0.0001,0.0001,-35.7196,1.7333,0.0000,-0.0000,0.0000,-95.8815
2026-05-07 16:38:37.100,0,10,10,0.00,0.0000,0.0000,-35.7196,1.7333,0.0000,-0.0000,0.0000,-95.8815
2026-05-07 16:38:37.600,0,10,10,0.00,0.0000,-0.0004,-35.7196,1.7333,0.0000,-0.0000,0.0000,-95.8815
2026-05-07 16:38:38.100,0,10,10,0.00,-0.0003,0.0000,-35.7196,1.7333,0.0000,-0.0000,0.0000,-95.8815
2026-05-07 16:38:38.600,0,10,10,0.00,0.0000,0.0000,-35.7196,1.7333,0.0000,-0.0000,0.0000,-95.8815
2026-05-07 16:38:39.100,0,10,10,0.00,0.0000,-0.0001,-35.7196,1.7333,0.0000,-0.0000,0.0000,-95.8815
2026-05-07 16:38:39.600,0,10,10,0.00,0.0000,0.0001,-35.7196,1.7333,0.0000,-0.0000,0.0000,-95.8815
2026-05-07 16:38:40.100,0,10,10,0.00,0.0000,-0.0001,-35.7196,1.7333,0.0000,-0.0000,0.0000,-95.8815
2026-05-07 16:38:40.600,0,10,10,0.00,0.0000,-0.0001,-35.7196,1.7333,0.0000,-0.0000,0.0000,-95.8815
2026-05-07 16:38:41.100,0,10,10,0.00,0.0000,-0.0001,-35.7196,1.7333,0.0000,-0.0000,0.0000,-95.8815
2026-05-07 16:38:41.600,0,10,10,0.00,0.0001,-0.0001,-35.7196,1.7333,0.0000,-0.0000,0.0000,-95.8815
2026-05-07 16:38:42.100,0,10,10,0.00,0.0000,0.0000,-35.7196,1.7333,0.0000,-0.0000,0.0000,-95.8815
2026-05-07 16:38:42.600,0,10,10,0.00,0.0000,0.0000,-35.7196,1.7333,0.0000,-0.0000,0.0000,-95.8815
2026-05-07 16:38:43.100,0,10,10,0.00,0.0000,0.0000,-35.7196,1.7333,0.0000,-0.0000,0.0000,-95.8815
2026-05-07 16:38:43.600,0,10,10,0.00,0.0000,0.0000,-35.7196,1.7333,0.0000,-0.0000,0.0000,-95.8815
2026-05-07 16:38:44.100,0,10,10,0.00,0.0000,0.0000,-35.7196,1.7333,0.0000,-0.0000,0.0000,-95.8815
2026-05-07 16:38:44.600,0,10,10,0.00,0.0000,0.0000,-35.7196,1.7333,0.0000,-0.0000,0.0000,-95.8815
2026-05-07 16:38:45.100,0,10,10,0.00,0.0000,0.0000,-35.7196,1.7333,0.0000,-0.0000,0.0000,-95.8815
2026-05-07 16:38:45.600,0,10,10,0.00,0.0000,0.0000,-35.7196,1.7333,0.0000,-0.0000,0.0000,-95.8815
2026-05-07 16:38:46.100,0,10,10,0.00,0.0000,0.0000,-35.7196,1.7333,0.0000,-0.0000,0.0000,-95.8815
2026-05-07 16:38:46.600,0,10,10,0.00,0.0000,0.0000,-35.7196,1.7333,0.0000,-0.0000,0.0000,-95.8815
2026-05-07 16:38:47.100,0,10,10,0.00,0.0000,0.0000,-35.7196,1.7333,0.0000,-0.0000,0.0000,-95.8815
2026-05-07 16:38:47.600,0,10,10,0.00,0.0000,0.0000,-35.7196,1.7333,0.0000,-0.0000,0.0000,-95.8815
2026-05-07 16:38:48.100,0,10,10,0.00,0.0000,0.0000,-35.7196,1.7333,0.0000,-0.0000,0.0000,-95.8815
2026-05-07 16:38:48.600,0,10,10,0.00,0.0000,0.0000,-35.7196,1.7333,0.0000,-0.0000,0.0000,-95.8815
2026-05-07 16:38:49.100,0,10,10,0.00,0.0000,0.0000,-35.7196,1.7333,0.0000,-0.0000,0.0000,-95.8815
2026-05-07 16:38:49.600,0,10,10,0.00,0.0000,0.0000,-35.7196,1.7333,0.0000,-0.0000,0.0000,-95.8815
2026-05-07 16:38:50.100,0,10,10,0.00,0.0000,0.0000,-35.7196,1.7333,0.0000,-0.0000,0.0000,-95.8815
2026-05-07 16:38:50.600,0,10,10,0.00,0.0000,0.0000,-35.7196,1.7333,0.0000,-0.0000,0.0000,-95.8815
2026-05-07 16:38:51.100,0,10,10,0.00,0.0000,0.0000,-35.7196,1.7333,0.0000,-0.0000,0.0000,-95.8815
2026-05-07 16:38:51.600,0,10,10,0.00,0.0000,0.0000,-35.7196,1.7333,0.0000,-0.0000,0.0000,-95.8815
2026-05-07 16:38:52.100,0,10,10,0.00,0.0000,0.0000,-35.7196,1.7333,0.0000,-0.0000,0.0000,-95.8815
2026-05-07 16:38:52.600,0,10,10,0.00,0.0000,0.0000,-35.7196,1.7333,0.0000,-0.0000,0.0000,-95.8815
2026-05-07 16:38:53.100,0,10,10,0.00,0.0000,0.0000,-35.7196,1.7333,0.0000,-0.0000,0.0000,-95.8815
2026-05-07 16:38:53.600,0,10,10,0.00,0.0000,0.0000,-35.7196,1.7333,0.0000,-0.0000,0.0000,-95.8815
2026-05-07 16:38:54.100,0,10,10,0.00,0.0000,0.0000,-35.7196,1.7333,0.0000,-0.0000,0.0000,-95.8815
2026-05-07 16:38:54.600,0,10,10,0.00,0.0000,0.0000,-35.7196,1.7333,0.0000,-0.0000,0.0000,-95.8815
2026-05-07 16:38:55.100,0,10,10,0.00,0.0000,0.0000,-35.7196,1.7333,0.0000,-0.0000,0.0000,-95.8815
2026-05-07 16:38:55.600,0,10,10,0.00,0.0000,0.0000,-35.7196,1.7333,0.0000,-0.0000,0.0000,-95.8815
2026-05-07 16:38:56.100,0,10,10,0.00,0.0000,0.0000,-35.7196,1.7333,0.0000,-0.0000,0.0000,-95.8815
2026-05-07 16:38:56.600,0,10,10,0.00,0.0000,0.0000,-35.7196,1.7333,0.0000,-0.0000,0.0000,-95.8815
2026-05-07 16:38:57.100,0,10,10,0.00,0.0000,0.0000,-35.7196,1.7333,0.0000,-0.0000,0.0000,-95.8815
2026-05-07 16:38:57.600,0,10,10,0.00,0.0000,0.0000,-35.7196,1.7333,0.0000,-0.0000,0.0000,-95.8815
2026-05-07 16:38:58.100,0,10,10,0.00,0.0000,0.0000,-35.7196,1.7333,0.0000,-0.0000,0.0000,-95.8815
2026-05-07 16:38:58.600,0,10,10,0.00,0.0000,0.0000,-35.7196,1.7333,0.0000,-0.0000,0.0000,-95.8815
2026-05-07 16:38:59.100,0,10,10,0.00,0.0000,0.0000,-35.7196,1.7333,0.0000,-0.0000,0.0000,-95.8815
2026-05-07 16:38:59.600,0,10,10,0.00,0.0000,0.0000,-35.7196,1.7333,0.0000,-0.0000,0.0000,-95.8815
2026-05-07 16:39:00.100,0,10,10,0.00,0.0000,0.0000,-35.7196,1.7333,0.0000,-0.0000,0.0000,-95.8815
2026-05-07 16:39:00.600,0,10,10,0.00,0.0000,0.0000,-35.7196,1.7333,0.0000,-0.0000,0.0000,-95.8815
2026-05-07 16:39:01.100,0,10,10,0.00,0.0000,0.0000,-35.7196,1.7333,0.0000,-0.0000,0.0000,-95.8815
2026-05-07 16:39:01.600,0,10,10,0.00,0.0000,0.0000,-35.7196,1.7333,0.0000,-0.0000,0.0000,-95.8815
2026-05-07 16:39:02.100,0,10,10,0.00,0.0000,0.0000,-35.7196,1.7333,0.0000,-0.0000,0.0000,-95.8815
2026-05-07 16:39:02.600,0,10,10,0.00,0.0000,0.0000,-35.7196,1.7333,0.0000,-0.0000,0.0000,-95.8815
2026-05-07 16:39:03.100,0,10,10,0.00,0.0000,0.0000,-35.7196,1.7333,0.0000,-0.0000,0.0000,-95.8815
2026-05-07 16:39:03.600,0,10,10,0.00,0.0000,0.0000,-35.7196,1.7333,0.0000,-0.0000,0.0000,-95.8815
2026-05-07 16:39:04.100,0,10,10,0.00,0.0000,0.0000,-35.7196,1.7333,0.0000,-0.0000,0.0000,-95.8815
2026-05-07 16:39:04.600,0,10,10,0.00,0.0000,0.0000,-35.7196,1.7333,0.0000,-0.0000,0.0000,-95.8815
2026-05-07 16:39:05.100,0,10,10,0.00,0.0000,0.0000,-35.7196,1.7333,0.0000,-0.0000,0.0000,-95.8815
2026-05-07 16:39:05.600,0,10,10,0.00,0.0000,0.0000,-35.7196,1.7333,0.0000,-0.0000,0.0000,-95.8815
2026-05-07 16:39:06.100,0,10,10,0.00,0.0000,0.0000,-35.7196,1.7333,0.0000,-0.0000,0.0000,-95.8815
2026-05-07 16:39:06.600,0,10,10,0.00,0.0000,0.0000,-35.7196,1.7333,0.0000,-0.0000,0.0000,-95.8815
2026-05-07 16:39:07.100,0,10,10,0.00,0.0000,0.0000,-35.7196,1.7333,0.0000,-0.0000,0.0000,-95.8815
2026-05-07 16:39:07.600,0,10,10,0.00,0.0000,0.0000,-35.7196,1.7333,0.0000,-0.0000,0.0000,-95.8815
2026-05-07 16:39:08.100,0,10,10,0.00,0.0000,0.0000,-35.7196,1.7333,0.0000,-0.0000,0.0000,-95.8815
2026-05-07 16:39:08.600,0,10,10,0.00,0.0000,0.0000,-35.7196,1.7333,0.0000,-0.0000,0.0000,-95.8815
2026-05-07 16:39:09.100,0,10,10,0.00,0.0000,0.0000,-35.7196,1.7333,0.0000,-0.0000,0.0000,-95.8815
2026-05-07 16:39:09.600,0,10,10,0.00,0.0000,0.0000,-35.7196,1.7333,0.0000,-0.0000,0.0000,-95.8815
2026-05-07 16:39:10.100,0,10,10,0.00,0.0000,0.0000,-35.7196,1.7333,0.0000,-0.0000,0.0000,-95.8815
2026-05-07 16:39:10.600,0,10,10,0.00,0.0000,0.0000,-35.7196,1.7333,0.0000,-0.0000,0.0000,-95.8815
2026-05-07 16:39:11.100,0,10,10,0.00,0.0000,0.0000,-35.7196,1.7333,0.0000,-0.0000,0.0000,-95.8815
2026-05-07 16:39:11.600,0,10,10,0.00,0.0000,0.0000,-35.7196,1.7333,0.0000,-0.0000,0.0000,-95.8815
2026-05-07 16:39:12.100,0,10,10,0.00,0.0000,0.0000,-35.7196,1.7333,0.0000,-0.0000,0.0000,-95.8815
2026-05-07 16:39:12.600,0,10,10,0.00,0.0000,0.0000,-35.7196,1.7333,0.0000,-0.0000,0.0000,-95.8815
2026-05-07 16:39:13.100,0,10,10,0.00,0.0000,0.0000,-35.7196,1.7333,0.0000,-0.0000,0.0000,-95.8815
2026-05-07 16:39:13.600,0,10,10,0.00,0.0000,0.0000,-35.7196,1.7333,0.0000,-0.0000,0.0000,-95.8815
2026-05-07 16:39:14.100,0,10,10,0.00,0.0000,0.0000,-35.7196,1.7333,0.0000,-0.0000,0.0000,-95.8815
2026-05-07 16:39:14.600,0,10,10,0.00,0.0000,0.0000,-35.7196,1.7333,0.0000,-0.0000,0.0000,-95.8815
2026-05-07 16:39:15.100,0,10,10,0.00,0.0000,0.0000,-35.7196,1.7333,0.0000,-0.0000,0.0000,-95.8815
2026-05-07 16:39:15.600,0,10,10,0.00,0.0000,0.0000,-35.7196,1.7333,0.0000,-0.0000,0.0000,-95.8815
2026-05-07 16:39:16.100,0,10,10,0.00,0.0000,0.0000,-35.7196,1.7333,0.0000,-0.0000,0.0000,-95.8815
2026-05-07 16:39:16.600,0,10,10,0.00,0.0000,0.0000,-35.7196,1.7333,0.0000,-0.0000,0.0000,-95.8815
2026-05-07 16:39:17.100,0,10,10,0.00,0.0000,0.0000,-35.7196,1.7333,0.0000,-0.0000,0.0000,-95.8815
2026-05-07 16:39:17.600,0,10,10,0.00,0.0000,0.0000,-35.7196,1.7333,0.0000,-0.0000,0.0000,-95.8815
2026-05-07 16:39:18.100,0,10,10,0.00,0.0000,0.0000,-35.7196,1.7333,0.0000,-0.0000,0.0000,-95.8815
2026-05-07 16:39:18.600,0,10,10,0.00,0.0000,0.0000,-35.7196,1.7333,0.0000,-0.0000,0.0000,-95.8815
2026-05-07 16:39:19.100,0,10,10,0.00,0.0000,0.0000,-35.7196,1.7333,0.0000,-0.0000,0.0000,-95.8815
2026-05-07 16:39:19.600,0,10,10,0.00,0.0000,0.0000,-35.7196,1.7333,0.0000,-0.0000,0.0000,-95.8815
2026-05-07 16:39:20.100,0,10,10,0.00,0.0000,0.0000,-35.7196,1.7333,0.0000,-0.0000,0.0000,-95.8815
2026-05-07 16:39:20.600,0,10,10,0.00,0.0000,0.0000,-35.7196,1.7333,0.0000,-0.0000,0.0000,-95.8815
2026-05-07 16:39:21.100,0,10,10,0.00,0.0000,0.0000,-35.7196,1.7333,0.0000,-0.0000,0.0000,-95.8815
2026-05-07 16:39:21.600,0,10,10,0.00,0.0000,0.0000,-35.7196,1.7333,0.0000,-0.0000,0.0000,-95.8815
2026-05-07 16:39:22.100,0,10,10,0.00,0.0000,0.0000,-35.7196,1.7333,0.0000,-0.0000,0.0000,-95.8815
2026-05-07 16:39:22.600,0,10,10,0.00,0.0000,0.0000,-35.7196,1.7333,0.0000,-0.0000,0.0000,-95.8815
2026-05-07 16:39:23.100,0,10,10,0.00,0.0000,0.0000,-35.7196,1.7333,0.0000,-0.0000,0.0000,-95.8815
2026-05-07 16:39:23.600,0,10,10,0.00,0.0000,0.0000,-35.7196,1.7333,0.0000,-0.0000,0.0000,-95.8815
2026-05-07 16:39:24.100,0,10,10,0.00,0.0000,0.0000,-35.7196,1.7333,0.0000,-0.0000,0.0000,-95.8815
2026-05-07 16:39:24.600,0,10,10,0.00,0.0000,0.0000,-35.7196,1.7333,0.0000,-0.0000,0.0000,-95.8815
2026-05-07 16:39:25.100,0,10,10,0.00,0.0000,0.0000,-35.7196,1.7333,0.0000,-0.0000,0.0000,-95.8815
2026-05-07 16:39:25.600,0,10,10,0.00,0.0000,0.0000,-35.7196,1.7333,0.0000,-0.0000,0.0000,-95.8815
2026-05-07 16:39:26.100,0,10,10,0.00,0.0000,0.0000,-35.7196,1.7333,0.0000,-0.0000,0.0000,-95.8815
2026-05-07 16:39:26.600,0,10,10,0.00,0.0000,0.0000,-35.7196,1.7333,0.0000,-0.0000,0.0000,-95.8815
2026-05-07 16:39:27.100,0,10,10,0.00,0.0000,0.0000,-35.7196,1.7333,0.0000,-0.0000,0.0000,-95.8815
2026-05-07 16:39:27.600,0,10,10,0.00,0.0000,0.0000,-35.7196,1.7333,0.0000,-0.0000,0.0000,-95.8815
2026-05-07 16:39:28.100,0,10,10,0.00,0.0000,0.0000,-35.7196,1.7333,0.0000,-0.0000,0.0000,-95.8815
2026-05-07 16:39:28.600,0,10,10,0.00,0.0000,0.0000,-35.7196,1.7333,0.0000,-0.0000,0.0000,-95.8815
2026-05-07 16:39:29.100,0,10,10,0.00,0.0000,0.0000,-35.7196,1.7333,0.0000,-0.0000,0.0000,-95.8815
2026-05-07 16:39:29.600,0,10,10,0.00,0.0000,0.0000,-35.7196,1.7333,0.0000,-0.0000,0.0000,-95.8815
2026-05-07 16:39:30.100,0,10,10,0.00,0.0000,0.0000,-35.7196,1.7333,0.0000,-0.0000,0.0000,-95.8815
2026-05-07 16:39:30.600,0,10,10,0.00,0.0000,0.0000,-35.7196,1.7333,0.0000,-0.0000,0.0000,-95.8815
2026-05-07 16:39:31.100,0,10,10,0.00,0.0000,0.0000,-35.7196,1.7333,0.0000,-0.0000,0.0000,-95.8815
2026-05-07 16:39:31.600,0,10,10,0.00,0.0000,0.0000,-35.7196,1.7333,0.0000,-0.0000,0.0000,-95.8815
2026-05-07 16:39:32.100,0,10,10,0.00,0.0000,0.0000,-35.7196,1.7333,0.0000,-0.0000,0.0000,-95.8815
2026-05-07 16:39:32.600,0,10,10,0.00,0.0000,0.0000,-35.7196,1.7333,0.0000,-0.0000,0.0000,-95.8815
2026-05-07 16:39:33.100,0,10,10,0.00,0.0000,0.0000,-35.7196,1.7333,0.0000,-0.0000,0.0000,-95.8815
2026-05-07 16:39:33.600,0,10,10,0.00,0.0000,0.0000,-35.7196,1.7333,0.0000,-0.0000,0.0000,-95.8815
2026-05-07 16:39:34.100,0,10,10,0.00,0.0000,0.0000,-35.7196,1.7333,0.0000,-0.0000,0.0000,-95.8815
2026-05-07 16:39:34.600,0,10,10,0.00,0.0000,0.0000,-35.7196,1.7333,0.0000,-0.0000,0.0000,-95.8815
2026-05-07 16:39:35.100,0,10,10,0.00,0.0000,0.0000,-35.7196,1.7333,0.0000,-0.0000,0.0000,-95.8815
2026-05-07 16:39:35.600,0,10,10,0.00,0.0000,0.0000,-35.7196,1.7333,0.0000,-0.0000,0.0000,-95.8815
2026-05-07 16:39:36.100,0,10,10,0.00,0.0000,0.0000,-35.7196,1.7333,0.0000,-0.0000,0.0000,-95.8815
2026-05-07 16:39:36.600,0,10,10,0.00,0.0000,0.0000,-35.7196,1.7333,0.0000,-0.0000,0.0000,-95.8815
2026-05-07 16:39:37.100,0,10,10,0.00,0.0000,0.0000,-35.7196,1.7333,0.0000,-0.0000,0.0000,-95.8815
2026-05-07 16:39:37.600,0,10,10,0.00,0.0000,0.0000,-35.7196,1.7333,0.0000,-0.0000,0.0000,-95.8815
2026-05-07 16:39:38.100,0,10,10,0.00,0.0000,0.0000,-35.7196,1.7333,0.0000,-0.0000,0.0000,-95.8815
2026-05-07 16:39:38.600,0,10,10,0.00,0.0000,0.0000,-35.7196,1.7333,0.0000,-0.0000,0.0000,-95.8815
2026-05-07 16:39:39.100,0,10,10,0.00,0.0000,0.0000,-35.7196,1.7333,0.0000,-0.0000,0.0000,-95.8815
2026-05-07 16:39:39.600,0,10,10,0.00,0.0000,0.0000,-35.7196,1.7333,0.0000,-0.0000,0.0000,-95.8815
2026-05-07 16:39:40.100,0,10,10,0.00,0.0000,0.0000,-35.7196,1.7333,0.0000,-0.0000,0.0000,-95.8815
2026-05-07 16:39:40.600,0,10,10,0.00,0.0000,0.0000,-35.7196,1.7333,0.0000,-0.0000,0.0000,-95.8815
2026-05-07 16:39:41.100,0,10,10,0.00,0.0000,0.0000,-35.7196,1.7333,0.0000,-0.0000,0.0000,-95.8815
2026-05-07 16:39:41.600,0,10,10,0.00,0.0000,0.0000,-35.7196,1.7333,0.0000,-0.0000,0.0000,-95.8815
2026-05-07 16:39:42.100,0,10,10,0.00,0.0000,0.0000,-35.7196,1.7333,0.0000,-0.0000,0.0000,-95.8815
2026-05-07 16:39:42.600,0,10,10,0.00,0.0000,0.0000,-35.7196,1.7333,0.0000,-0.0000,0.0000,-95.8815
2026-05-07 16:39:43.100,0,10,10,0.00,0.0000,0.0000,-35.7196,1.7333,0.0000,-0.0000,0.0000,-95.8815
2026-05-07 16:39:43.600,0,10,10,0.00,0.0000,0.0000,-35.7196,1.7333,0.0000,-0.0000,0.0000,-95.8815
2026-05-07 16:39:44.100,0,10,10,0.00,0.0000,0.0000,-35.7196,1.7333,0.0000,-0.0000,0.0000,-95.8815
2026-05-07 16:39:44.600,0,10,10,0.00,0.0000,0.0000,-35.7196,1.7333,0.0000,-0.0000,0.0000,-95.8815
2026-05-07 16:39:45.100,0,10,10,0.00,0.0000,0.0000,-35.7196,1.7333,0.0000,-0.0000,0.0000,-95.8815
2026-05-07 16:39:45.600,0,10,10,0.00,0.0000,0.0000,-35.7196,1.7333,0.0000,-0.0000,0.0000,-95.8815
2026-05-07 16:39:46.100,0,10,10,0.00,0.0000,0.0000,-35.7196,1.7333,0.0000,-0.0000,0.0000,-95.8815
2026-05-07 16:39:46.600,0,10,10,0.00,0.0000,0.0000,-35.7196,1.7333,0.0000,-0.0000,0.0000,-95.8815
2026-05-07 16:39:47.100,0,10,10,0.00,0.0000,0.0000,-35.7196,1.7333,0.0000,-0.0000,0.0000,-95.8815
2026-05-07 16:39:47.600,0,10,10,0.00,0.0000,0.0000,-35.7196,1.7333,0.0000,-0.0000,0.0000,-95.8815
2026-05-07 16:39:48.100,0,10,10,0.00,0.0000,0.0000,-35.7196,1.7333,0.0000,-0.0000,0.0000,-95.8815
2026-05-07 16:39:48.600,0,10,10,0.00,0.0000,0.0000,-35.7196,1.7333,0.0000,-0.0000,0.0000,-95.8815
2026-05-07 16:39:49.100,0,10,10,0.00,0.0000,0.0000,-35.7196,1.7333,0.0000,-0.0000,0.0000,-95.8815
2026-05-07 16:39:49.600,0,10,10,0.00,0.0000,0.0000,-35.7196,1.7333,0.0000,-0.0000,0.0000,-95.8815
2026-05-07 16:39:50.100,0,10,10,0.00,0.0000,0.0000,-35.7196,1.7333,0.0000,-0.0000,0.0000,-95.8815
2026-05-07 16:39:50.600,0,10,10,0.00,0.0000,0.0000,-35.7196,1.7333,0.0000,-0.0000,0.0000,-95.8815
2026-05-07 16:39:51.100,0,10,10,0.00,0.0000,0.0000,-35.7196,1.7333,0.0000,-0.0000,0.0000,-95.8815
2026-05-07 16:39:51.600,0,10,10,0.00,0.0000,0.0000,-35.7196,1.7333,0.0000,-0.0000,0.0000,-95.8815
2026-05-07 16:39:52.100,0,10,10,0.00,0.0000,0.0000,-35.7196,1.7333,0.0000,-0.0000,0.0000,-95.8815
2026-05-07 16:39:52.600,0,10,10,0.00,0.0000,0.0000,-35.7196,1.7333,0.0000,-0.0000,0.0000,-95.8815
2026-05-07 16:39:53.100,0,10,10,0.00,0.0000,0.0000,-35.7196,1.7333,0.0000,-0.0000,0.0000,-95.8815
2026-05-07 16:39:53.600,0,10,10,0.00,0.0000,0.0000,-35.7196,1.7333,0.0000,-0.0000,0.0000,-95.8815
2026-05-07 16:39:54.100,0,10,10,0.00,0.0000,0.0000,-35.7196,1.7333,0.0000,-0.0000,0.0000,-95.8815
2026-05-07 16:39:54.600,0,10,10,0.00,0.0000,0.0000,-35.7196,1.7333,0.0000,-0.0000,0.0000,-95.8815
2026-05-07 16:39:55.100,0,10,10,0.00,0.0000,0.0000,-35.7196,1.7333,0.0000,-0.0000,0.0000,-95.8815
2026-05-07 16:39:55.600,0,10,10,0.00,0.0000,0.0000,-35.7196,1.7333,0.0000,-0.0000,0.0000,-95.8815
2026-05-07 16:39:56.100,0,10,10,0.00,0.0000,0.0000,-35.7196,1.7333,0.0000,-0.0000,0.0000,-95.8815
2026-05-07 16:39:56.600,0,10,10,0.00,0.0000,0.0000,-35.7196,1.7333,0.0000,-0.0000,0.0000,-95.8815
2026-05-07 16:39:57.100,0,10,10,0.00,0.0000,0.0000,-35.7196,1.7333,0.0000,-0.0000,0.0000,-95.8815
2026-05-07 16:39:57.600,0,10,10,0.00,0.0000,0.0000,-35.7196,1.7333,0.0000,-0.0000,0.0000,-95.8815
2026-05-07 16:39:58.100,0,10,10,0.00,0.0000,0.0000,-35.7196,1.7333,0.0000,-0.0000,0.0000,-95.8815
2026-05-07 16:39:58.600,0,10,10,0.00,0.0000,0.0000,-35.7196,1.7333,0.0000,-0.0000,0.0000,-95.8815
2026-05-07 16:39:59.100,0,10,10,0.00,0.0000,0.0000,-35.7196,1.7333,0.0000,-0.0000,0.0000,-95.8815
2026-05-07 16:39:59.600,0,10,10,0.00,0.0000,0.0000,-35.7196,1.7333,0.0000,-0.0000,0.0000,-95.8815
2026-05-07 16:40:00.100,0,10,10,0.00,0.0000,0.0000,-35.7196,1.7333,0.0000,-0.0000,0.0000,-95.8815
2026-05-07 16:40:00.600,0,10,10,0.00,0.0000,0.0000,-35.7196,1.7333,0.0000,-0.0000,0.0000,-95.8815
2026-05-07 16:40:01.100,0,10,10,0.00,0.0000,0.0000,-35.7196,1.7333,0.0000,-0.0000,0.0000,-95.8815
2026-05-07 16:40:01.600,0,10,10,0.00,0.0000,0.0000,-35.7196,1.7333,0.0000,-0.0000,0.0000,-95.8815
2026-05-07 16:40:02.100,0,10,10,0.00,0.0000,0.0000,-35.7196,1.7333,0.0000,-0.0000,0.0000,-95.8815
2026-05-07 16:40:02.600,0,10,10,0.00,0.0000,0.0000,-35.7196,1.7333,0.0000,-0.0000,0.0000,-95.8815
2026-05-07 16:40:03.100,0,10,10,0.00,0.0000,0.0000,-35.7196,1.7333,0.0000,-0.0000,0.0000,-95.8815
2026-05-07 16:40:03.600,0,10,10,0.00,0.0000,0.0000,-35.7196,1.7333,0.0000,-0.0000,0.0000,-95.8815
2026-05-07 16:40:04.100,0,10,10,0.00,0.0000,0.0000,-35.7196,1.7333,0.0000,-0.0000,0.0000,-95.8815
2026-05-07 16:40:04.600,0,10,10,0.00,0.0000,0.0000,-35.7196,1.7333,0.0000,-0.0000,0.0000,-95.8815
2026-05-07 16:40:05.100,0,10,10,0.00,0.0000,0.0000,-35.7196,1.7333,0.0000,-0.0000,0.0000,-95.8815
2026-05-07 16:40:05.600,0,10,10,0.00,0.0000,0.0000,-35.7196,1.7333,0.0000,-0.0000,0.0000,-95.8815
2026-05-07 16:40:06.100,0,10,10,0.00,0.0000,0.0000,-35.7196,1.7333,0.0000,-0.0000,0.0000,-95.8815
2026-05-07 16:40:06.600,0,10,10,0.00,0.0000,0.0000,-35.7196,1.7333,0.0000,-0.0000,0.0000,-95.8815
2026-05-07 16:40:07.100,0,10,10,0.00,0.0000,0.0000,-35.7196,1.7333,0.0000,-0.0000,0.0000,-95.8815
2026-05-07 16:40:07.600,0,10,10,0.00,0.0000,0.0000,-35.7196,1.7333,0.0000,-0.0000,0.0000,-95.8815
2026-05-07 16:40:08.100,0,10,10,0.00,0.0000,0.0000,-35.7196,1.7333,0.0000,-0.0000,0.0000,-95.8815
2026-05-07 16:40:08.600,0,10,10,0.00,0.0000,0.0000,-35.7196,1.7333,0.0000,-0.0000,0.0000,-95.8815
2026-05-07 16:40:09.100,0,10,10,0.00,0.0000,0.0000,-35.7196,1.7333,0.0000,-0.0000,0.0000,-95.8815
2026-05-07 16:40:09.600,0,10,10,0.00,0.0000,0.0000,-35.7196,1.7333,0.0000,-0.0000,0.0000,-95.8815
2026-05-07 16:40:10.100,0,10,10,0.00,0.0000,0.0000,-35.7196,1.7333,0.0000,-0.0000,0.0000,-95.8815
2026-05-07 16:40:10.600,0,10,10,0.00,0.0000,0.0000,-35.7196,1.7333,0.0000,-0.0000,0.0000,-95.8815
2026-05-07 16:40:11.100,0,10,10,0.00,0.0000,0.0000,-35.7196,1.7333,0.0000,-0.0000,0.0000,-95.8815
2026-05-07 16:40:11.600,0,10,10,0.00,0.0000,0.0000,-35.7196,1.7333,0.0000,-0.0000,0.0000,-95.8815
2026-05-07 16:40:12.100,0,10,10,0.00,0.0000,0.0000,-35.7196,1.7333,0.0000,-0.0000,0.0000,-95.8815
2026-05-07 16:40:12.600,0,10,10,0.00,0.0000,0.0000,-35.7196,1.7333,0.0000,-0.0000,0.0000,-95.8815
2026-05-07 16:40:13.100,0,10,10,0.00,0.0000,0.0000,-35.7196,1.7333,0.0000,-0.0000,0.0000,-95.8815
2026-05-07 16:40:13.600,0,10,10,0.00,0.0000,0.0000,-35.7196,1.7333,0.0000,-0.0000,0.0000,-95.8815
2026-05-07 16:40:14.100,0,10,10,0.00,0.0000,0.0000,-35.7196,1.7333,0.0000,-0.0000,0.0000,-95.8815
2026-05-07 16:40:14.600,0,10,10,0.00,0.0000,0.0000,-35.7196,1.7333,0.0000,-0.0000,0.0000,-95.8815
2026-05-07 16:40:15.100,0,10,10,0.00,0.0000,0.0000,-35.7196,1.7333,0.0000,-0.0000,0.0000,-95.8815
2026-05-07 16:40:15.600,0,10,10,0.00,0.0000,0.0000,-35.7196,1.7333,0.0000,-0.0000,0.0000,-95.8815
2026-05-07 16:40:16.100,0,10,10,0.00,0.0000,0.0000,-35.7196,1.7333,0.0000,-0.0000,0.0000,-95.8815
2026-05-07 16:40:16.600,0,10,10,0.00,0.0000,0.0000,-35.7196,1.7333,0.0000,-0.0000,0.0000,-95.8815
2026-05-07 16:40:17.100,0,10,10,0.00,0.0000,0.0000,-35.7196,1.7333,0.0000,-0.0000,0.0000,-95.8815
2026-05-07 16:40:17.600,0,10,10,0.00,0.0000,0.0000,-35.7196,1.7333,0.0000,-0.0000,0.0000,-95.8815
2026-05-07 16:40:18.100,0,10,10,0.00,0.0000,0.0000,-35.7196,1.7333,0.0000,-0.0000,0.0000,-95.8815
2026-05-07 16:40:18.600,0,10,10,0.00,0.0000,0.0000,-35.7196,1.7333,0.0000,-0.0000,0.0000,-95.8815
2026-05-07 16:40:19.100,0,10,10,0.00,0.0000,0.0000,-35.7196,1.7333,0.0000,-0.0000,0.0000,-95.8815
2026-05-07 16:40:19.600,0,10,10,0.00,0.0000,0.0000,-35.7196,1.7333,0.0000,-0.0000,0.0000,-95.8815
2026-05-07 16:40:20.100,0,10,10,0.00,0.0000,0.0000,-35.7196,1.7333,0.0000,-0.0000,0.0000,-95.8815
2026-05-07 16:40:20.619,0,10,10,0.00,0.0000,0.0000,-35.7196,1.7333,0.0000,-0.0000,0.0000,-95.8815
2026-05-07 16:40:21.100,0,10,10,0.00,0.0000,0.0000,-35.7196,1.7333,0.0000,-0.0000,0.0000,-95.8815
2026-05-07 16:40:21.599,0,10,10,0.00,0.0000,0.0000,-35.7196,1.7333,0.0000,-0.0000,0.0000,-95.8815
2026-05-07 16:40:22.100,0,10,10,0.00,0.0000,0.0000,-35.7196,1.7333,0.0000,-0.0000,0.0000,-95.8815
2026-05-07 16:40:22.600,0,10,10,0.00,0.0000,0.0000,-35.7196,1.7333,0.0000,-0.0000,0.0000,-95.8815
2026-05-07 16:40:23.100,0,10,10,0.00,0.0000,0.0000,-35.7196,1.7333,0.0000,-0.0000,0.0000,-95.8815
2026-05-07 16:40:23.600,0,10,10,0.00,0.0000,0.0000,-35.7196,1.7333,0.0000,-0.0000,0.0000,-95.8815
2026-05-07 16:40:24.100,0,10,10,0.00,0.0000,0.0000,-35.7196,1.7333,0.0000,-0.0000,0.0000,-95.8815
2026-05-07 16:40:24.600,0,10,10,0.00,0.0000,0.0000,-35.7196,1.7333,0.0000,-0.0000,0.0000,-95.8815
2026-05-07 16:40:25.100,0,10,10,0.00,0.0000,0.0000,-35.7196,1.7333,0.0000,-0.0000,0.0000,-95.8815
2026-05-07 16:40:25.600,0,10,10,0.00,0.0000,0.0000,-35.7196,1.7333,0.0000,-0.0000,0.0000,-95.8815
2026-05-07 16:40:26.100,0,10,10,0.00,0.0000,0.0000,-35.7196,1.7333,0.0000,-0.0000,0.0000,-95.8815
2026-05-07 16:40:26.600,0,10,10,0.00,0.0000,0.0000,-35.7196,1.7333,0.0000,-0.0000,0.0000,-95.8815
2026-05-07 16:40:27.100,0,10,10,0.00,0.0000,0.0000,-35.7196,1.7333,0.0000,-0.0000,0.0000,-95.8815
2026-05-07 16:40:27.600,0,10,10,0.00,0.0000,0.0000,-35.7196,1.7333,0.0000,-0.0000,0.0000,-95.8815
2026-05-07 16:40:28.100,0,10,10,0.00,0.0000,0.0000,-35.7196,1.7333,0.0000,-0.0000,0.0000,-95.8815
2026-05-07 16:40:28.603,0,10,10,0.00,0.0000,0.0000,-35.7196,1.7333,0.0000,-0.0000,0.0000,-95.8815
2026-05-07 16:40:29.100,0,10,10,0.00,0.0000,0.0000,-35.7196,1.7333,0.0000,-0.0000,0.0000,-95.8815
2026-05-07 16:40:29.600,0,10,10,0.00,0.0000,0.0000,-35.7196,1.7333,0.0000,-0.0000,0.0000,-95.8815
2026-05-07 16:40:30.100,0,10,10,0.00,0.0000,0.0000,-35.7196,1.7333,0.0000,-0.0000,0.0000,-95.8815
2026-05-07 16:40:30.600,0,10,10,0.00,0.0000,0.0000,-35.7196,1.7333,0.0000,-0.0000,0.0000,-95.8815
2026-05-07 16:40:31.100,0,10,10,0.00,0.0000,0.0000,-35.7196,1.7333,0.0000,-0.0000,0.0000,-95.8815
2026-05-07 16:40:31.600,0,10,10,0.00,0.0000,0.0000,-35.7196,1.7333,0.0000,-0.0000,0.0000,-95.8815
2026-05-07 16:40:32.101,0,10,10,0.00,0.0000,0.0000,-35.7196,1.7333,0.0000,-0.0000,0.0000,-95.8815
2026-05-07 16:40:32.600,0,10,10,0.00,0.0000,0.0000,-35.7196,1.7333,0.0000,-0.0000,0.0000,-95.8815
2026-05-07 16:40:33.100,0,10,10,0.00,0.0000,0.0000,-35.7196,1.7333,0.0000,-0.0000,0.0000,-95.8815
2026-05-07 16:40:33.601,0,10,10,0.00,0.0000,0.0000,-35.7196,1.7333,0.0000,-0.0000,0.0000,-95.8815
2026-05-07 16:40:34.100,0,10,10,0.00,0.0000,0.0000,-35.7196,1.7333,0.0000,-0.0000,0.0000,-95.8815
2026-05-07 16:40:34.600,0,10,10,0.00,0.0000,0.0000,-35.7196,1.7333,0.0000,-0.0000,0.0000,-95.8815
2026-05-07 16:40:35.100,0,10,10,0.00,0.0000,0.0000,-35.7196,1.7333,0.0000,-0.0000,0.0000,-95.8815
2026-05-07 16:40:35.600,0,10,10,0.00,0.0000,0.0000,-35.7196,1.7333,0.0000,-0.0000,0.0000,-95.8815
2026-05-07 16:40:36.100,0,10,10,0.00,0.0000,0.0000,-35.7196,1.7333,0.0000,-0.0000,0.0000,-95.8815
2026-05-07 16:40:36.600,0,10,10,0.00,0.0000,0.0000,-35.7196,1.7333,0.0000,-0.0000,0.0000,-95.8815
2026-05-07 16:40:37.100,0,10,10,0.00,0.0000,0.0000,-35.7196,1.7333,0.0000,-0.0000,0.0000,-95.8815
2026-05-07 16:40:37.600,0,10,10,0.00,0.0000,0.0000,-35.7196,1.7333,0.0000,-0.0000,0.0000,-95.8815
2026-05-07 16:40:38.100,0,10,10,0.00,0.0000,0.0000,-35.7196,1.7333,0.0000,-0.0000,0.0000,-95.8815
2026-05-07 16:40:38.600,0,10,10,0.00,0.0000,0.0000,-35.7196,1.7333,0.0000,-0.0000,0.0000,-95.8815
2026-05-07 16:40:39.100,0,10,10,0.00,0.0000,0.0000,-35.7196,1.7333,0.0000,-0.0000,0.0000,-95.8815
2026-05-07 16:40:39.600,0,10,10,0.00,0.0000,0.0000,-35.7196,1.7333,0.0000,-0.0000,0.0000,-95.8815
2026-05-07 16:40:40.100,0,10,10,0.00,0.0000,0.0000,-35.7196,1.7333,0.0000,-0.0000,0.0000,-95.8815
2026-05-07 16:40:40.600,0,10,10,0.00,0.0000,0.0000,-35.7196,1.7333,0.0000,-0.0000,0.0000,-95.8815
2026-05-07 16:40:41.100,0,10,10,0.00,0.0000,0.0000,-35.7196,1.7333,0.0000,-0.0000,0.0000,-95.8815
2026-05-07 16:40:41.600,0,10,10,0.00,0.0000,0.0000,-35.7196,1.7333,0.0000,-0.0000,0.0000,-95.8815
2026-05-07 16:40:42.100,0,10,10,0.00,0.0000,0.0000,-35.7196,1.7333,0.0000,-0.0000,0.0000,-95.8815
2026-05-07 16:40:42.600,0,10,10,0.00,0.0000,0.0000,-35.7196,1.7333,0.0000,-0.0000,0.0000,-95.8815
2026-05-07 16:40:43.100,0,10,10,0.00,0.0000,0.0000,-35.7196,1.7333,0.0000,-0.0000,0.0000,-95.8815
2026-05-07 16:40:43.600,0,10,10,0.00,0.0000,0.0000,-35.7196,1.7333,0.0000,-0.0000,0.0000,-95.8815
2026-05-07 16:40:44.100,0,10,10,0.00,0.0000,0.0000,-35.7196,1.7333,0.0000,-0.0000,0.0000,-95.8815
2026-05-07 16:40:44.600,0,10,10,0.00,0.0000,0.0000,-35.7196,1.7333,0.0000,-0.0000,0.0000,-95.8815
2026-05-07 16:40:45.100,0,10,10,0.00,0.0000,0.0000,-35.7196,1.7333,0.0000,-0.0000,0.0000,-95.8815
2026-05-07 16:40:45.600,0,10,10,0.00,0.0000,0.0000,-35.7196,1.7333,0.0000,-0.0000,0.0000,-95.8815
2026-05-07 16:40:46.100,0,10,10,0.00,0.0000,0.0000,-35.7196,1.7333,0.0000,-0.0000,0.0000,-95.8815
2026-05-07 16:40:46.600,0,10,10,0.00,0.0000,0.0000,-35.7196,1.7333,0.0000,-0.0000,0.0000,-95.8815
2026-05-07 16:40:47.100,0,10,10,0.00,0.0000,0.0000,-35.7196,1.7333,0.0000,-0.0000,0.0000,-95.8815
2026-05-07 16:40:47.600,0,10,10,0.00,0.0000,0.0000,-35.7196,1.7333,0.0000,-0.0000,0.0000,-95.8815
2026-05-07 16:40:48.100,0,10,10,0.00,0.0000,0.0000,-35.7196,1.7333,0.0000,-0.0000,0.0000,-95.8815
2026-05-07 16:40:48.600,0,10,10,0.00,0.0000,0.0000,-35.7196,1.7333,0.0000,-0.0000,0.0000,-95.8815
2026-05-07 16:40:49.100,0,10,10,0.00,0.0000,0.0000,-35.7196,1.7333,0.0000,-0.0000,0.0000,-95.8815
2026-05-07 16:40:49.600,0,10,10,0.00,0.0000,0.0000,-35.7196,1.7333,0.0000,-0.0000,0.0000,-95.8815
2026-05-07 16:40:50.100,0,10,10,0.00,0.0000,0.0000,-35.7196,1.7333,0.0000,-0.0000,0.0000,-95.8815
2026-05-07 16:40:50.600,0,10,10,0.00,0.0000,0.0000,-35.7196,1.7333,0.0000,-0.0000,0.0000,-95.8815
2026-05-07 16:40:51.100,0,10,10,0.00,0.0000,0.0000,-35.7196,1.7333,0.0000,-0.0000,0.0000,-95.8815
2026-05-07 16:40:51.600,0,10,10,0.00,0.0000,0.0000,-35.7196,1.7333,0.0000,-0.0000,0.0000,-95.8815
2026-05-07 16:40:52.100,0,10,10,0.00,0.0000,0.0000,-35.7196,1.7333,0.0000,-0.0000,0.0000,-95.8815
2026-05-07 16:40:52.600,0,10,10,0.00,0.0000,0.0000,-35.7196,1.7333,0.0000,-0.0000,0.0000,-95.8815
2026-05-07 16:40:53.100,0,10,10,0.00,0.0000,0.0000,-35.7196,1.7333,0.0000,-0.0000,0.0000,-95.8815
2026-05-07 16:40:53.600,0,10,10,0.00,0.0000,0.0000,-35.7196,1.7333,0.0000,-0.0000,0.0000,-95.8815
2026-05-07 16:40:54.100,0,10,10,0.00,0.0000,0.0000,-35.7196,1.7333,0.0000,-0.0000,0.0000,-95.8815
2026-05-07 16:40:54.600,0,10,10,0.00,0.0000,0.0000,-35.7196,1.7333,0.0000,-0.0000,0.0000,-95.8815
2026-05-07 16:40:55.100,0,10,10,0.00,0.0000,0.0000,-35.7196,1.7333,0.0000,-0.0000,0.0000,-95.8815
2026-05-07 16:40:55.600,0,10,10,0.00,0.0000,0.0000,-35.7196,1.7333,0.0000,-0.0000,0.0000,-95.8815
2026-05-07 16:40:56.100,0,10,10,0.00,0.0000,0.0000,-35.7196,1.7333,0.0000,-0.0000,0.0000,-95.8815
2026-05-07 16:40:56.600,0,10,10,0.00,0.0000,0.0000,-35.7196,1.7333,0.0000,-0.0000,0.0000,-95.8815
2026-05-07 16:40:57.100,0,10,10,0.00,0.0000,0.0000,-35.7196,1.7333,0.0000,-0.0000,0.0000,-95.8815
2026-05-07 16:40:57.600,0,10,10,0.00,0.0000,0.0000,-35.7196,1.7333,0.0000,-0.0000,0.0000,-95.8815
2026-05-07 16:40:58.100,0,10,10,0.00,0.0000,0.0000,-35.7196,1.7333,0.0000,-0.0000,0.0000,-95.8815
2026-05-07 16:40:58.600,0,10,10,0.00,0.0000,0.0000,-35.7196,1.7333,0.0000,-0.0000,0.0000,-95.8815
2026-05-07 16:40:59.100,0,10,10,0.00,0.0000,0.0000,-35.7196,1.7333,0.0000,-0.0000,0.0000,-95.8815
2026-05-07 16:40:59.600,0,10,10,0.00,0.0000,0.0000,-35.7196,1.7333,0.0000,-0.0000,0.0000,-95.8815
2026-05-07 16:41:00.100,0,10,10,0.00,0.0000,0.0000,-35.7196,1.7333,0.0000,-0.0000,0.0000,-95.8815
2026-05-07 16:41:00.600,0,10,10,0.00,0.0000,0.0000,-35.7196,1.7333,0.0000,-0.0000,0.0000,-95.8815
2026-05-07 16:41:01.100,0,10,10,0.00,0.0000,0.0000,-35.7196,1.7333,0.0000,-0.0000,0.0000,-95.8815
2026-05-07 16:41:01.600,0,10,10,0.00,0.0000,0.0000,-35.7196,1.7333,0.0000,-0.0000,0.0000,-95.8815
2026-05-07 16:41:02.100,0,10,10,0.00,0.0000,0.0000,-35.7196,1.7333,0.0000,-0.0000,0.0000,-95.8815
2026-05-07 16:41:02.600,0,10,10,0.00,0.0000,0.0000,-35.7196,1.7333,0.0000,-0.0000,0.0000,-95.8815
2026-05-07 16:41:03.100,0,10,10,0.00,0.0000,0.0000,-35.7196,1.7333,0.0000,-0.0000,0.0000,-95.8815
2026-05-07 16:41:03.600,0,10,10,0.00,0.0000,0.0000,-35.7196,1.7333,0.0000,-0.0000,0.0000,-95.8815
2026-05-07 16:41:04.100,0,10,10,0.00,0.0000,0.0000,-35.7196,1.7333,0.0000,-0.0000,0.0000,-95.8815
2026-05-07 16:41:04.600,0,10,10,0.00,0.0000,0.0000,-35.7196,1.7333,0.0000,-0.0000,0.0000,-95.8815
2026-05-07 16:41:05.100,0,10,10,0.00,0.0000,0.0000,-35.7196,1.7333,0.0000,-0.0000,0.0000,-95.8815
2026-05-07 16:41:05.600,0,10,10,0.00,0.0000,0.0000,-35.7196,1.7333,0.0000,-0.0000,0.0000,-95.8815
2026-05-07 16:41:06.100,0,10,10,0.00,0.0000,0.0000,-35.7196,1.7333,0.0000,-0.0000,0.0000,-95.8815
2026-05-07 16:41:06.600,0,10,10,0.00,0.0000,0.0000,-35.7196,1.7333,0.0000,-0.0000,0.0000,-95.8815
2026-05-07 16:41:07.100,0,10,10,0.00,0.0000,0.0000,-35.7196,1.7333,0.0000,-0.0000,0.0000,-95.8815
2026-05-07 16:41:07.600,0,10,10,0.00,0.0000,0.0000,-35.7196,1.7333,0.0000,-0.0000,0.0000,-95.8815
2026-05-07 16:41:08.100,0,10,10,0.00,0.0000,0.0000,-35.7196,1.7333,0.0000,-0.0000,0.0000,-95.8815
2026-05-07 16:41:08.600,0,10,10,0.00,0.0000,0.0000,-35.7196,1.7333,0.0000,-0.0000,0.0000,-95.8815
2026-05-07 16:41:09.100,0,10,10,0.00,0.0000,0.0000,-35.7196,1.7333,0.0000,-0.0000,0.0000,-95.8815
2026-05-07 16:41:09.600,0,10,10,0.00,0.0000,0.0000,-35.7196,1.7333,0.0000,-0.0000,0.0000,-95.8815
2026-05-07 16:41:10.100,0,10,10,0.00,0.0000,0.0000,-35.7196,1.7333,0.0000,-0.0000,0.0000,-95.8815
2026-05-07 16:41:10.600,0,10,10,0.00,0.0000,0.0000,-35.7196,1.7333,0.0000,-0.0000,0.0000,-95.8815
2026-05-07 16:41:11.100,0,10,10,0.00,0.0000,0.0000,-35.7196,1.7333,0.0000,-0.0000,0.0000,-95.8815
2026-05-07 16:41:11.600,0,10,10,0.00,0.0000,0.0000,-35.7196,1.7333,0.0000,-0.0000,0.0000,-95.8815
2026-05-07 16:41:12.100,0,10,10,0.00,0.0000,0.0000,-35.7196,1.7333,0.0000,-0.0000,0.0000,-95.8815
2026-05-07 16:41:12.600,0,10,10,0.00,0.0000,0.0000,-35.7196,1.7333,0.0000,-0.0000,0.0000,-95.8815
2026-05-07 16:41:13.100,0,10,10,0.00,0.0000,0.0000,-35.7196,1.7333,0.0000,-0.0000,0.0000,-95.8815
2026-05-07 16:41:13.600,0,10,10,0.00,0.0000,0.0000,-35.7196,1.7333,0.0000,-0.0000,0.0000,-95.8815
2026-05-07 16:41:14.100,0,10,10,0.00,0.0000,0.0000,-35.7196,1.7333,0.0000,-0.0000,0.0000,-95.8815
2026-05-07 16:41:14.600,0,10,10,0.00,0.0000,0.0000,-35.7196,1.7333,0.0000,-0.0000,0.0000,-95.8815
2026-05-07 16:41:15.100,0,10,10,0.00,0.0000,0.0000,-35.7196,1.7333,0.0000,-0.0000,0.0000,-95.8815
2026-05-07 16:41:15.600,0,10,10,0.00,0.0000,0.0000,-35.7196,1.7333,0.0000,-0.0000,0.0000,-95.8815
2026-05-07 16:41:16.100,0,10,10,0.00,0.0000,0.0000,-35.7196,1.7333,0.0000,-0.0000,0.0000,-95.8815
2026-05-07 16:41:16.600,0,10,10,0.00,0.0000,0.0000,-35.7196,1.7333,0.0000,-0.0000,0.0000,-95.8815
2026-05-07 16:41:17.100,0,10,10,0.00,0.0000,0.0000,-35.7196,1.7333,0.0000,-0.0000,0.0000,-95.8815
2026-05-07 16:41:17.600,0,10,10,0.00,0.0000,0.0000,-35.7196,1.7333,0.0000,-0.0000,0.0000,-95.8815
2026-05-07 16:41:18.100,0,10,10,0.00,0.0000,0.0000,-35.7196,1.7333,0.0000,-0.0000,0.0000,-95.8815
2026-05-07 16:41:18.600,0,10,10,0.00,0.0000,0.0000,-35.7196,1.7333,0.0000,-0.0000,0.0000,-95.8815
2026-05-07 16:41:19.100,0,10,10,0.00,0.0000,0.0000,-35.7196,1.7333,0.0000,-0.0000,0.0000,-95.8815
2026-05-07 16:41:19.600,0,10,10,0.00,0.0000,0.0000,-35.7196,1.7333,0.0000,-0.0000,0.0000,-95.8815
2026-05-07 16:41:20.100,0,10,10,0.00,0.0000,0.0000,-35.7196,1.7333,0.0000,-0.0000,0.0000,-95.8815
2026-05-07 16:41:20.600,0,10,10,0.00,0.0000,0.0000,-35.7196,1.7333,0.0000,-0.0000,0.0000,-95.8815
2026-05-07 16:41:21.100,0,10,10,0.00,0.0000,0.0000,-35.7196,1.7333,0.0000,-0.0000,0.0000,-95.8815
2026-05-07 16:41:21.600,0,10,10,0.00,0.0000,0.0000,-35.7196,1.7333,0.0000,-0.0000,0.0000,-95.8815
2026-05-07 16:41:22.100,0,10,10,0.00,0.0000,0.0000,-35.7196,1.7333,0.0000,-0.0000,0.0000,-95.8815
2026-05-07 16:41:22.600,0,10,10,0.00,0.0000,0.0000,-35.7196,1.7333,0.0000,-0.0000,0.0000,-95.8815
2026-05-07 16:41:23.100,0,10,10,0.00,0.0000,0.0000,-35.7196,1.7333,0.0000,-0.0000,0.0000,-95.8815
2026-05-07 16:41:23.600,0,10,10,0.00,0.0000,0.0000,-35.7196,1.7333,0.0000,-0.0000,0.0000,-95.8815
2026-05-07 16:41:24.100,0,10,10,0.00,0.0000,0.0000,-35.7196,1.7333,0.0000,-0.0000,0.0000,-95.8815
2026-05-07 16:41:24.600,0,10,10,0.00,0.0000,0.0000,-35.7196,1.7333,0.0000,-0.0000,0.0000,-95.8815
2026-05-07 16:41:25.100,0,10,10,0.00,0.0000,0.0000,-35.7196,1.7333,0.0000,-0.0000,0.0000,-95.8815
2026-05-07 16:41:25.600,0,10,10,0.00,0.0000,0.0000,-35.7196,1.7333,0.0000,-0.0000,0.0000,-95.8815
2026-05-07 16:41:26.100,0,10,10,0.00,0.0000,0.0000,-35.7196,1.7333,0.0000,-0.0000,0.0000,-95.8815
2026-05-07 16:41:26.600,0,10,10,0.00,0.0000,0.0000,-35.7196,1.7333,0.0000,-0.0000,0.0000,-95.8815
2026-05-07 16:41:27.100,0,10,10,0.00,0.0000,0.0000,-35.7196,1.7333,0.0000,-0.0000,0.0000,-95.8815
2026-05-07 16:41:27.600,0,10,10,0.00,0.0000,0.0000,-35.7196,1.7333,0.0000,-0.0000,0.0000,-95.8815
2026-05-07 16:41:28.100,0,10,10,0.00,0.0000,0.0000,-35.7196,1.7333,0.0000,-0.0000,0.0000,-95.8815
2026-05-07 16:41:28.600,0,10,10,0.00,0.0000,0.0000,-35.7196,1.7333,0.0000,-0.0000,0.0000,-95.8815
2026-05-07 16:41:29.100,0,10,10,0.00,0.0000,0.0000,-35.7196,1.7333,0.0000,-0.0000,0.0000,-95.8815
2026-05-07 16:41:29.600,0,10,10,0.00,0.0000,0.0000,-35.7196,1.7333,0.0000,-0.0000,0.0000,-95.8815
2026-05-07 16:41:30.100,0,10,10,0.00,0.0000,0.0000,-35.7196,1.7333,0.0000,-0.0000,0.0000,-95.8815
2026-05-07 16:41:30.600,0,10,10,0.00,0.0000,0.0000,-35.7196,1.7333,0.0000,-0.0000,0.0000,-95.8815
2026-05-07 16:41:31.100,0,10,10,0.00,0.0000,0.0000,-35.7196,1.7333,0.0000,-0.0000,0.0000,-95.8815
2026-05-07 16:41:31.600,0,10,10,0.00,0.0000,0.0000,-35.7196,1.7333,0.0000,-0.0000,0.0000,-95.8815
2026-05-07 16:41:32.100,0,10,10,0.00,0.0000,0.0000,-35.7196,1.7333,0.0000,-0.0000,0.0000,-95.8815
2026-05-07 16:41:32.600,0,10,10,0.00,0.0000,0.0000,-35.7196,1.7333,0.0000,-0.0000,0.0000,-95.8815
2026-05-07 16:41:33.100,0,10,10,0.00,0.0000,0.0000,-35.7196,1.7333,0.0000,-0.0000,0.0000,-95.8815
2026-05-07 16:41:33.600,0,10,10,0.00,0.0000,0.0000,-35.7196,1.7333,0.0000,-0.0000,0.0000,-95.8815
2026-05-07 16:41:34.100,0,10,10,0.00,0.0000,0.0000,-35.7196,1.7333,0.0000,-0.0000,0.0000,-95.8815
2026-05-07 16:41:34.600,0,10,10,0.00,0.0000,0.0000,-35.7196,1.7333,0.0000,-0.0000,0.0000,-95.8815
2026-05-07 16:41:35.100,0,10,10,0.00,0.0000,0.0000,-35.7196,1.7333,0.0000,-0.0000,0.0000,-95.8815
2026-05-07 16:41:35.600,0,10,10,0.00,0.0000,0.0000,-35.7196,1.7333,0.0000,-0.0000,0.0000,-95.8815
2026-05-07 16:41:36.100,0,10,10,0.00,0.0000,0.0000,-35.7196,1.7333,0.0000,-0.0000,0.0000,-95.8815
2026-05-07 16:41:36.600,0,10,10,0.00,0.0000,0.0000,-35.7196,1.7333,0.0000,-0.0000,0.0000,-95.8815
2026-05-07 16:41:37.100,0,10,10,0.00,0.0000,0.0000,-35.7196,1.7333,0.0000,-0.0000,0.0000,-95.8815
2026-05-07 16:41:37.600,0,10,10,0.00,0.0000,0.0000,-35.7196,1.7333,0.0000,-0.0000,0.0000,-95.8815
2026-05-07 16:41:38.100,0,10,10,0.00,0.0000,0.0000,-35.7196,1.7333,0.0000,-0.0000,0.0000,-95.8815
2026-05-07 16:41:38.600,0,10,10,0.00,0.0000,0.0000,-35.7196,1.7333,0.0000,-0.0000,0.0000,-95.8815
2026-05-07 16:41:39.100,0,10,10,0.00,0.0000,0.0000,-35.7196,1.7333,0.0000,-0.0000,0.0000,-95.8815
2026-05-07 16:41:39.600,0,10,10,0.00,0.0000,0.0000,-35.7196,1.7333,0.0000,-0.0000,0.0000,-95.8815
2026-05-07 16:41:40.100,0,10,10,0.00,0.0000,0.0000,-35.7196,1.7333,0.0000,-0.0000,0.0000,-95.8815
2026-05-07 16:41:40.600,0,10,10,0.00,0.0000,0.0000,-35.7196,1.7333,0.0000,-0.0000,0.0000,-95.8815
2026-05-07 16:41:41.100,0,10,10,0.00,0.0000,0.0000,-35.7196,1.7333,0.0000,-0.0000,0.0000,-95.8815
2026-05-07 16:41:41.600,0,10,10,0.00,0.0000,0.0000,-35.7196,1.7333,0.0000,-0.0000,0.0000,-95.8815
2026-05-07 16:41:42.100,0,10,10,0.00,0.0000,0.0000,-35.7196,1.7333,0.0000,-0.0000,0.0000,-95.8815
2026-05-07 16:41:42.600,0,10,10,0.00,0.0000,0.0000,-35.7196,1.7333,0.0000,-0.0000,0.0000,-95.8815
2026-05-07 16:41:43.100,0,10,10,0.00,0.0000,0.0000,-35.7196,1.7333,0.0000,-0.0000,0.0000,-95.8815
2026-05-07 16:41:43.600,0,10,10,0.00,0.0000,0.0000,-35.7196,1.7333,0.0000,-0.0000,0.0000,-95.8815
2026-05-07 16:41:44.100,0,10,10,0.00,0.0000,0.0000,-35.7196,1.7333,0.0000,-0.0000,0.0000,-95.8815
2026-05-07 16:41:44.600,0,10,10,0.00,0.0000,0.0000,-35.7196,1.7333,0.0000,-0.0000,0.0000,-95.8815
2026-05-07 16:41:45.100,0,10,10,0.00,0.0000,0.0000,-35.7196,1.7333,0.0000,-0.0000,0.0000,-95.8815
2026-05-07 16:41:45.600,0,10,10,0.00,0.0000,0.0000,-35.7196,1.7333,0.0000,-0.0000,0.0000,-95.8815
2026-05-07 16:41:46.100,0,10,10,0.00,0.0000,0.0000,-35.7196,1.7333,0.0000,-0.0000,0.0000,-95.8815
2026-05-07 16:41:46.600,0,10,10,0.00,0.0000,0.0000,-35.7196,1.7333,0.0000,-0.0000,0.0000,-95.8815
2026-05-07 16:41:47.100,0,10,10,0.00,0.0000,0.0000,-35.7196,1.7333,0.0000,-0.0000,0.0000,-95.8815
2026-05-07 16:41:47.600,0,10,10,0.00,0.0000,0.0000,-35.7196,1.7333,0.0000,-0.0000,0.0000,-95.8815
2026-05-07 16:41:48.100,0,10,10,0.00,0.0000,0.0000,-35.7196,1.7333,0.0000,-0.0000,0.0000,-95.8815
2026-05-07 16:41:48.600,0,10,10,0.00,0.0000,0.0000,-35.7196,1.7333,0.0000,-0.0000,0.0000,-95.8815
2026-05-07 16:41:49.100,0,10,10,0.00,0.0000,0.0000,-35.7196,1.7333,0.0000,-0.0000,0.0000,-95.8815
2026-05-07 16:41:49.600,0,10,10,0.00,0.0000,0.0000,-35.7196,1.7333,0.0000,-0.0000,0.0000,-95.8815
2026-05-07 16:41:50.100,0,10,10,0.00,0.0000,0.0000,-35.7196,1.7333,0.0000,-0.0000,0.0000,-95.8815
2026-05-07 16:41:50.600,0,10,10,0.00,0.0000,0.0000,-35.7196,1.7333,0.0000,-0.0000,0.0000,-95.8815
2026-05-07 16:41:51.100,0,10,10,0.00,0.0000,0.0000,-35.7196,1.7333,0.0000,-0.0000,0.0000,-95.8815
2026-05-07 16:41:51.600,0,10,10,0.00,0.0000,0.0000,-35.7196,1.7333,0.0000,-0.0000,0.0000,-95.8815
2026-05-07 16:41:52.100,0,10,10,0.00,0.0000,0.0000,-35.7196,1.7333,0.0000,-0.0000,0.0000,-95.8815
2026-05-07 16:41:52.600,0,10,10,0.00,0.0000,0.0000,-35.7196,1.7333,0.0000,-0.0000,0.0000,-95.8815
2026-05-07 16:41:53.100,0,10,10,0.00,0.0000,0.0000,-35.7196,1.7333,0.0000,-0.0000,0.0000,-95.8815
2026-05-07 16:41:53.600,0,10,10,0.00,0.0000,0.0000,-35.7196,1.7333,0.0000,-0.0000,0.0000,-95.8815
2026-05-07 16:41:54.100,0,10,10,0.00,0.0000,0.0000,-35.7196,1.7333,0.0000,-0.0000,0.0000,-95.8815
2026-05-07 16:41:54.600,0,10,10,0.00,0.0000,0.0000,-35.7196,1.7333,0.0000,-0.0000,0.0000,-95.8815
2026-05-07 16:41:55.100,0,10,10,0.00,0.0000,0.0000,-35.7196,1.7333,0.0000,-0.0000,0.0000,-95.8815
2026-05-07 16:41:55.600,0,10,10,0.00,0.0000,0.0000,-35.7196,1.7333,0.0000,-0.0000,0.0000,-95.8815
2026-05-07 16:41:56.100,0,10,10,0.00,0.0000,0.0000,-35.7196,1.7333,0.0000,-0.0000,0.0000,-95.8815
2026-05-07 16:41:56.600,0,10,10,0.00,0.0000,0.0000,-35.7196,1.7333,0.0000,-0.0000,0.0000,-95.8815
2026-05-07 16:41:57.100,0,10,10,0.00,0.0000,0.0000,-35.7196,1.7333,0.0000,-0.0000,0.0000,-95.8815
2026-05-07 16:41:57.600,0,10,10,0.00,0.0000,0.0000,-35.7196,1.7333,0.0000,-0.0000,0.0000,-95.8815
2026-05-07 16:41:58.100,0,10,10,0.00,0.0000,0.0000,-35.7196,1.7333,0.0000,-0.0000,0.0000,-95.8815
2026-05-07 16:41:58.600,0,10,10,0.00,0.0000,0.0000,-35.7196,1.7333,0.0000,-0.0000,0.0000,-95.8815
2026-05-07 16:41:59.100,0,10,10,0.00,0.0000,0.0000,-35.7196,1.7333,0.0000,-0.0000,0.0000,-95.8815
2026-05-07 16:41:59.600,0,10,10,0.00,0.0000,0.0000,-35.7196,1.7333,0.0000,-0.0000,0.0000,-95.8815
2026-05-07 16:42:00.100,0,10,10,0.00,0.0000,0.0000,-35.7196,1.7333,0.0000,-0.0000,0.0000,-95.8815
2026-05-07 16:42:00.600,0,10,10,0.00,0.0000,0.0000,-35.7196,1.7333,0.0000,-0.0000,0.0000,-95.8815
2026-05-07 16:42:01.100,0,10,10,0.00,0.0000,0.0000,-35.7196,1.7333,0.0000,-0.0000,0.0000,-95.8815
2026-05-07 16:42:01.600,0,10,10,0.00,0.0000,0.0000,-35.7196,1.7333,0.0000,-0.0000,0.0000,-95.8815
2026-05-07 16:42:02.100,0,10,10,0.00,0.0000,0.0000,-35.7196,1.7333,0.0000,-0.0000,0.0000,-95.8815
2026-05-07 16:42:02.600,0,10,10,0.00,0.0000,0.0000,-35.7196,1.7333,0.0000,-0.0000,0.0000,-95.8815
2026-05-07 16:42:03.100,0,10,10,0.00,0.0000,0.0000,-35.7196,1.7333,0.0000,-0.0000,0.0000,-95.8815
2026-05-07 16:42:03.600,0,10,10,0.00,0.0000,0.0000,-35.7196,1.7333,0.0000,-0.0000,0.0000,-95.8815
2026-05-07 16:42:04.100,0,10,10,0.00,0.0000,0.0000,-35.7196,1.7333,0.0000,-0.0000,0.0000,-95.8815
2026-05-07 16:42:04.600,0,10,10,0.00,0.0000,0.0000,-35.7196,1.7333,0.0000,-0.0000,0.0000,-95.8815
2026-05-07 16:42:05.100,0,10,10,0.00,0.0000,0.0000,-35.7196,1.7333,0.0000,-0.0000,0.0000,-95.8815
2026-05-07 16:42:05.600,0,10,10,0.00,0.0000,0.0000,-35.7196,1.7333,0.0000,-0.0000,0.0000,-95.8815
2026-05-07 16:42:06.100,0,10,10,0.00,0.0000,0.0000,-35.7196,1.7333,0.0000,-0.0000,0.0000,-95.8815
2026-05-07 16:42:06.599,0,10,10,0.00,0.0000,0.0000,-35.7196,1.7333,0.0000,-0.0000,0.0000,-95.8815
2026-05-07 16:42:07.100,0,10,10,0.00,0.0000,0.0000,-35.7196,1.7333,0.0000,-0.0000,0.0000,-95.8815
2026-05-07 16:42:07.600,0,10,10,0.00,0.0000,0.0000,-35.7196,1.7333,0.0000,-0.0000,0.0000,-95.8815
2026-05-07 16:42:08.100,0,10,10,0.00,0.0000,0.0000,-35.7196,1.7333,0.0000,-0.0000,0.0000,-95.8815
2026-05-07 16:42:08.600,0,10,10,0.00,0.0000,0.0000,-35.7196,1.7333,0.0000,-0.0000,0.0000,-95.8815
2026-05-07 16:42:09.100,0,10,10,0.00,0.0000,0.0000,-35.7196,1.7333,0.0000,-0.0000,0.0000,-95.8815
2026-05-07 16:42:09.600,0,10,10,0.00,0.0000,0.0000,-35.7196,1.7333,0.0000,-0.0000,0.0000,-95.8815
2026-05-07 16:42:10.100,0,10,10,0.00,0.0000,0.0000,-35.7196,1.7333,0.0000,-0.0000,0.0000,-95.8815
2026-05-07 16:42:10.600,0,10,10,0.00,0.0000,0.0000,-35.7196,1.7333,0.0000,-0.0000,0.0000,-95.8815
2026-05-07 16:42:11.100,0,10,10,0.00,0.0000,0.0000,-35.7196,1.7333,0.0000,-0.0000,0.0000,-95.8815
2026-05-07 16:42:11.600,0,10,10,0.00,0.0000,0.0000,-35.7196,1.7333,0.0000,-0.0000,0.0000,-95.8815
2026-05-07 16:42:12.100,0,10,10,0.00,0.0000,0.0000,-35.7196,1.7333,0.0000,-0.0000,0.0000,-95.8815
2026-05-07 16:42:12.600,0,10,10,0.00,0.0000,0.0000,-35.7196,1.7333,0.0000,-0.0000,0.0000,-95.8815
2026-05-07 16:42:13.100,0,10,10,0.00,0.0000,0.0000,-35.7196,1.7333,0.0000,-0.0000,0.0000,-95.8815
2026-05-07 16:42:13.600,0,10,10,0.00,0.0000,0.0000,-35.7196,1.7333,0.0000,-0.0000,0.0000,-95.8815
2026-05-07 16:42:14.100,0,10,10,0.00,0.0000,0.0000,-35.7196,1.7333,0.0000,-0.0000,0.0000,-95.8815
2026-05-07 16:42:14.600,0,10,10,0.00,0.0000,0.0000,-35.7196,1.7333,0.0000,-0.0000,0.0000,-95.8815
2026-05-07 16:42:15.100,0,10,10,0.00,0.0000,0.0000,-35.7196,1.7333,0.0000,-0.0000,0.0000,-95.8815
2026-05-07 16:42:15.600,0,10,10,0.00,0.0000,0.0000,-35.7196,1.7333,0.0000,-0.0000,0.0000,-95.8815
2026-05-07 16:42:16.100,0,10,10,0.00,0.0000,0.0000,-35.7196,1.7333,0.0000,-0.0000,0.0000,-95.8815
2026-05-07 16:42:16.600,0,10,10,0.00,0.0000,0.0000,-35.7196,1.7333,0.0000,-0.0000,0.0000,-95.8815
2026-05-07 16:42:17.100,0,10,10,0.00,0.0000,0.0000,-35.7196,1.7333,0.0000,-0.0000,0.0000,-95.8815
2026-05-07 16:42:17.600,0,10,10,0.00,0.0000,0.0000,-35.7196,1.7333,0.0000,-0.0000,0.0000,-95.8815
2026-05-07 16:42:18.100,0,10,10,0.00,0.0000,0.0000,-35.7196,1.7333,0.0000,-0.0000,0.0000,-95.8815
2026-05-07 16:42:18.600,0,10,10,0.00,0.0000,0.0000,-35.7196,1.7333,0.0000,-0.0000,0.0000,-95.8815
2026-05-07 16:42:19.100,0,10,10,0.00,0.0000,0.0000,-35.7196,1.7333,0.0000,-0.0000,0.0000,-95.8815
2026-05-07 16:42:19.600,0,10,10,0.00,0.0000,0.0000,-35.7196,1.7333,0.0000,-0.0000,0.0000,-95.8815
2026-05-07 16:42:20.100,0,10,10,0.00,0.0000,0.0000,-35.7196,1.7333,0.0000,-0.0000,0.0000,-95.8815
2026-05-07 16:42:20.600,0,10,10,0.00,0.0000,0.0000,-35.7196,1.7333,0.0000,-0.0000,0.0000,-95.8815
2026-05-07 16:42:21.100,0,10,10,0.00,0.0000,0.0000,-35.7196,1.7333,0.0000,-0.0000,0.0000,-95.8815
2026-05-07 16:42:21.600,0,10,10,0.00,0.0000,0.0000,-35.7196,1.7333,0.0000,-0.0000,0.0000,-95.8815
2026-05-07 16:42:22.100,0,10,10,0.00,0.0000,0.0000,-35.7196,1.7333,0.0000,-0.0000,0.0000,-95.8815
2026-05-07 16:42:22.600,0,10,10,0.00,0.0000,0.0000,-35.7196,1.7333,0.0000,-0.0000,0.0000,-95.8815
2026-05-07 16:42:23.100,0,10,10,0.00,0.0000,0.0000,-35.7196,1.7333,0.0000,-0.0000,0.0000,-95.8815
2026-05-07 16:42:23.600,0,10,10,0.00,0.0000,0.0000,-35.7196,1.7333,0.0000,-0.0000,0.0000,-95.8815
2026-05-07 16:42:24.100,0,10,10,0.00,0.0000,0.0000,-35.7196,1.7333,0.0000,-0.0000,0.0000,-95.8815
2026-05-07 16:42:24.600,0,10,10,0.00,0.0000,0.0000,-35.7196,1.7333,0.0000,-0.0000,0.0000,-95.8815
2026-05-07 16:42:25.100,0,10,10,0.00,0.0000,0.0000,-35.7196,1.7333,0.0000,-0.0000,0.0000,-95.8815
2026-05-07 16:42:25.600,0,10,10,0.00,0.0000,0.0000,-35.7196,1.7333,0.0000,-0.0000,0.0000,-95.8815
2026-05-07 16:42:26.100,0,10,10,0.00,0.0000,0.0000,-35.7196,1.7333,0.0000,-0.0000,0.0000,-95.8815
2026-05-07 16:42:26.600,0,10,10,0.00,0.0000,0.0000,-35.7196,1.7333,0.0000,-0.0000,0.0000,-95.8815
2026-05-07 16:42:27.100,0,10,10,0.00,0.0000,0.0000,-35.7196,1.7333,0.0000,-0.0000,0.0000,-95.8815
2026-05-07 16:42:27.600,0,10,10,0.00,0.0000,0.0000,-35.7196,1.7333,0.0000,-0.0000,0.0000,-95.8815
2026-05-07 16:42:28.100,0,10,10,0.00,0.0000,0.0000,-35.7196,1.7333,0.0000,-0.0000,0.0000,-95.8815
2026-05-07 16:42:28.600,0,10,10,0.00,0.0000,0.0000,-35.7196,1.7333,0.0000,-0.0000,0.0000,-95.8815
2026-05-07 16:42:29.100,0,10,10,0.00,0.0000,0.0000,-35.7196,1.7333,0.0000,-0.0000,0.0000,-95.8815
2026-05-07 16:42:29.600,0,10,10,0.00,0.0000,0.0000,-35.7196,1.7333,0.0000,-0.0000,0.0000,-95.8815
2026-05-07 16:42:30.100,0,10,10,0.00,0.0000,0.0000,-35.7196,1.7333,0.0000,-0.0000,0.0000,-95.8815
2026-05-07 16:42:30.600,0,10,10,0.00,0.0000,0.0000,-35.7196,1.7333,0.0000,-0.0000,0.0000,-95.8815
2026-05-07 16:42:31.100,0,10,10,0.00,0.0000,0.0000,-35.7196,1.7333,0.0000,-0.0000,0.0000,-95.8815
2026-05-07 16:42:31.600,0,10,10,0.00,0.0000,0.0000,-35.7196,1.7333,0.0000,-0.0000,0.0000,-95.8815
2026-05-07 16:42:32.100,0,10,10,0.00,0.0000,0.0000,-35.7196,1.7333,0.0000,-0.0000,0.0000,-95.8815
2026-05-07 16:42:32.600,0,10,10,0.00,0.0000,0.0000,-35.7196,1.7333,0.0000,-0.0000,0.0000,-95.8815
2026-05-07 16:42:33.100,0,10,10,0.00,0.0000,0.0000,-35.7196,1.7333,0.0000,-0.0000,0.0000,-95.8815
2026-05-07 16:42:33.600,0,10,10,0.00,0.0000,0.0000,-35.7196,1.7333,0.0000,-0.0000,0.0000,-95.8815
2026-05-07 16:42:34.100,0,10,10,0.00,0.0000,0.0000,-35.7196,1.7333,0.0000,-0.0000,0.0000,-95.8815
2026-05-07 16:42:34.600,0,10,10,0.00,0.0000,0.0000,-35.7196,1.7333,0.0000,-0.0000,0.0000,-95.8815
2026-05-07 16:42:35.100,0,10,10,0.00,0.0000,0.0000,-35.7196,1.7333,0.0000,-0.0000,0.0000,-95.8815
2026-05-07 16:42:35.600,0,10,10,0.00,0.0000,0.0000,-35.7196,1.7333,0.0000,-0.0000,0.0000,-95.8815
2026-05-07 16:42:36.100,0,10,10,0.00,0.0000,0.0000,-35.7196,1.7333,0.0000,-0.0000,0.0000,-95.8815
2026-05-07 16:42:36.600,0,10,10,0.00,0.0000,0.0000,-35.7196,1.7333,0.0000,-0.0000,0.0000,-95.8815
2026-05-07 16:42:37.100,0,10,10,0.00,0.0000,0.0000,-35.7196,1.7333,0.0000,-0.0000,0.0000,-95.8815
2026-05-07 16:42:37.600,0,10,10,0.00,0.0000,0.0000,-35.7196,1.7333,0.0000,-0.0000,0.0000,-95.8815
2026-05-07 16:42:38.100,0,10,10,0.00,0.0000,0.0000,-35.7196,1.7333,0.0000,-0.0000,0.0000,-95.8815
2026-05-07 16:42:38.600,0,10,10,0.00,0.0000,0.0000,-35.7196,1.7333,0.0000,-0.0000,0.0000,-95.8815
2026-05-07 16:42:39.100,0,10,10,0.00,0.0000,0.0000,-35.7196,1.7333,0.0000,-0.0000,0.0000,-95.8815
2026-05-07 16:42:39.600,0,10,10,0.00,0.0000,0.0000,-35.7196,1.7333,0.0000,-0.0000,0.0000,-95.8815
2026-05-07 16:42:40.100,0,10,10,0.00,0.0000,0.0000,-35.7196,1.7333,0.0000,-0.0000,0.0000,-95.8815
2026-05-07 16:42:40.600,0,10,10,0.00,0.0000,0.0000,-35.7196,1.7333,0.0000,-0.0000,0.0000,-95.8815
2026-05-07 16:42:41.100,0,10,10,0.00,0.0000,0.0000,-35.7196,1.7333,0.0000,-0.0000,0.0000,-95.8815
2026-05-07 16:42:41.600,0,10,10,0.00,0.0000,0.0000,-35.7196,1.7333,0.0000,-0.0000,0.0000,-95.8815
2026-05-07 16:42:42.100,0,10,10,0.00,0.0000,0.0000,-35.7196,1.7333,0.0000,-0.0000,0.0000,-95.8815
2026-05-07 16:42:42.600,0,10,10,0.00,0.0000,0.0000,-35.7196,1.7333,0.0000,-0.0000,0.0000,-95.8815
2026-05-07 16:42:43.100,0,10,10,0.00,0.0000,0.0000,-35.7196,1.7333,0.0000,-0.0000,0.0000,-95.8815
2026-05-07 16:42:43.600,0,10,10,0.00,0.0000,0.0000,-35.7196,1.7333,0.0000,-0.0000,0.0000,-95.8815
2026-05-07 16:42:44.100,0,10,10,0.00,0.0000,0.0000,-35.7196,1.7333,0.0000,-0.0000,0.0000,-95.8815
2026-05-07 16:42:44.600,0,10,10,0.00,0.0000,0.0000,-35.7196,1.7333,0.0000,-0.0000,0.0000,-95.8815
2026-05-07 16:42:45.100,0,10,10,0.00,0.0000,0.0000,-35.7196,1.7333,0.0000,-0.0000,0.0000,-95.8815
2026-05-07 16:42:45.600,0,10,10,0.00,0.0000,0.0000,-35.7196,1.7333,0.0000,-0.0000,0.0000,-95.8815
2026-05-07 16:42:46.100,0,10,10,0.00,0.0000,0.0000,-35.7196,1.7333,0.0000,-0.0000,0.0000,-95.8815
2026-05-07 16:42:46.600,0,10,10,0.00,0.0000,0.0000,-35.7196,1.7333,0.0000,-0.0000,0.0000,-95.8815
2026-05-07 16:42:47.100,0,10,10,0.00,0.0000,0.0000,-35.7196,1.7333,0.0000,-0.0000,0.0000,-95.8815
2026-05-07 16:42:47.600,0,10,10,0.00,0.0000,0.0000,-35.7196,1.7333,0.0000,-0.0000,0.0000,-95.8815
2026-05-07 16:42:48.100,0,10,10,0.00,0.0000,0.0000,-35.7196,1.7333,0.0000,-0.0000,0.0000,-95.8815
2026-05-07 16:42:48.600,0,10,10,0.00,0.0000,0.0000,-35.7196,1.7333,0.0000,-0.0000,0.0000,-95.8815
2026-05-07 16:42:49.100,0,10,10,0.00,0.0000,0.0000,-35.7196,1.7333,0.0000,-0.0000,0.0000,-95.8815
2026-05-07 16:42:49.600,0,10,10,0.00,0.0000,0.0000,-35.7196,1.7333,0.0000,-0.0000,0.0000,-95.8815
2026-05-07 16:42:50.100,0,10,10,0.00,0.0000,0.0000,-35.7196,1.7333,0.0000,-0.0000,0.0000,-95.8815
2026-05-07 16:42:50.600,0,10,10,0.00,0.0000,0.0000,-35.7196,1.7333,0.0000,-0.0000,0.0000,-95.8815
2026-05-07 16:42:51.100,0,10,10,0.00,0.0000,0.0000,-35.7196,1.7333,0.0000,-0.0000,0.0000,-95.8815
2026-05-07 16:42:51.600,0,10,10,0.00,0.0000,0.0000,-35.7196,1.7333,0.0000,-0.0000,0.0000,-95.8815
2026-05-07 16:42:52.100,0,10,10,0.00,0.0000,0.0000,-35.7196,1.7333,0.0000,-0.0000,0.0000,-95.8815
2026-05-07 16:42:52.600,0,10,10,0.00,0.0000,0.0000,-35.7196,1.7333,0.0000,-0.0000,0.0000,-95.8815
2026-05-07 16:42:53.100,0,10,10,0.00,0.0000,0.0000,-35.7196,1.7333,0.0000,-0.0000,0.0000,-95.8815
2026-05-07 16:42:53.600,0,10,10,0.00,0.0000,0.0000,-35.7196,1.7333,0.0000,-0.0000,0.0000,-95.8815
2026-05-07 16:42:54.099,0,10,10,0.00,0.0000,0.0000,-35.7196,1.7333,0.0000,-0.0000,0.0000,-95.8815
2026-05-07 16:42:54.600,0,10,10,0.00,0.0000,0.0000,-35.7196,1.7333,0.0000,-0.0000,0.0000,-95.8815
2026-05-07 16:42:55.100,0,10,10,0.00,0.0000,0.0000,-35.7196,1.7333,0.0000,-0.0000,0.0000,-95.8815
2026-05-07 16:42:55.600,0,10,10,0.00,0.0000,0.0000,-35.7196,1.7333,0.0000,-0.0000,0.0000,-95.8815
2026-05-07 16:42:56.100,0,10,10,0.00,0.0000,0.0000,-35.7196,1.7333,0.0000,-0.0000,0.0000,-95.8815
2026-05-07 16:42:56.600,0,10,10,0.00,0.0000,0.0000,-35.7196,1.7333,0.0000,-0.0000,0.0000,-95.8815
2026-05-07 16:42:57.100,0,10,10,0.00,0.0000,0.0000,-35.7196,1.7333,0.0000,-0.0000,0.0000,-95.8815
2026-05-07 16:42:57.600,0,10,10,0.00,0.0000,0.0000,-35.7196,1.7333,0.0000,-0.0000,0.0000,-95.8815
2026-05-07 16:42:58.100,0,10,10,0.00,0.0000,0.0000,-35.7196,1.7333,0.0000,-0.0000,0.0000,-95.8815
2026-05-07 16:42:58.600,0,10,10,0.00,0.0000,0.0000,-35.7196,1.7333,0.0000,-0.0000,0.0000,-95.8815
2026-05-07 16:42:59.100,0,10,10,0.00,0.0000,0.0000,-35.7196,1.7333,0.0000,-0.0000,0.0000,-95.8815
2026-05-07 16:42:59.600,0,10,10,0.00,0.0000,0.0000,-35.7196,1.7333,0.0000,-0.0000,0.0000,-95.8815
2026-05-07 16:43:00.100,0,10,10,0.00,0.0000,0.0000,-35.7196,1.7333,0.0000,-0.0000,0.0000,-95.8815
2026-05-07 16:43:00.600,0,10,10,0.00,0.0000,0.0000,-35.7196,1.7333,0.0000,-0.0000,0.0000,-95.8815
2026-05-07 16:43:01.100,0,10,10,0.00,0.0000,0.0000,-35.7196,1.7333,0.0000,-0.0000,0.0000,-95.8815
2026-05-07 16:43:01.600,0,10,10,0.00,0.0000,0.0000,-35.7196,1.7333,0.0000,-0.0000,0.0000,-95.8815
2026-05-07 16:43:02.100,0,10,10,0.00,0.0000,0.0000,-35.7196,1.7333,0.0000,-0.0000,0.0000,-95.8815
2026-05-07 16:43:02.600,0,10,10,0.00,0.0000,0.0000,-35.7196,1.7333,0.0000,-0.0000,0.0000,-95.8815
2026-05-07 16:43:03.100,0,10,10,0.00,0.0000,0.0000,-35.7196,1.7333,0.0000,-0.0000,0.0000,-95.8815
2026-05-07 16:43:03.600,0,10,10,0.00,0.0000,0.0000,-35.7196,1.7333,0.0000,-0.0000,0.0000,-95.8815
2026-05-07 16:43:04.100,0,10,10,0.00,0.0000,0.0000,-35.7196,1.7333,0.0000,-0.0000,0.0000,-95.8815
2026-05-07 16:43:04.600,0,10,10,0.00,0.0000,0.0000,-35.7196,1.7333,0.0000,-0.0000,0.0000,-95.8815
2026-05-07 16:43:05.100,0,10,10,0.00,0.0000,0.0000,-35.7196,1.7333,0.0000,-0.0000,0.0000,-95.8815
2026-05-07 16:43:05.600,0,10,10,0.00,0.0000,0.0000,-35.7196,1.7333,0.0000,-0.0000,0.0000,-95.8815
2026-05-07 16:43:06.100,0,10,10,0.00,0.0000,0.0000,-35.7196,1.7333,0.0000,-0.0000,0.0000,-95.8815
2026-05-07 16:43:06.600,0,10,10,0.00,0.0000,0.0000,-35.7196,1.7333,0.0000,-0.0000,0.0000,-95.8815
2026-05-07 16:43:07.100,0,10,10,0.00,0.0000,0.0000,-35.7196,1.7333,0.0000,-0.0000,0.0000,-95.8815
2026-05-07 16:43:07.600,0,10,10,0.00,0.0000,0.0000,-35.7196,1.7333,0.0000,-0.0000,0.0000,-95.8815
2026-05-07 16:43:08.100,0,10,10,0.00,0.0000,0.0000,-35.7196,1.7333,0.0000,-0.0000,0.0000,-95.8815
2026-05-07 16:43:08.600,0,10,10,0.00,0.0000,0.0000,-35.7196,1.7333,0.0000,-0.0000,0.0000,-95.8815
2026-05-07 16:43:09.100,0,10,10,0.00,0.0000,0.0000,-35.7196,1.7333,0.0000,-0.0000,0.0000,-95.8815
2026-05-07 16:43:09.600,0,10,10,0.00,0.0000,0.0000,-35.7196,1.7333,0.0000,-0.0000,0.0000,-95.8815
2026-05-07 16:43:10.100,0,10,10,0.00,0.0000,0.0000,-35.7196,1.7333,0.0000,-0.0000,0.0000,-95.8815
2026-05-07 16:43:10.600,0,10,10,0.00,0.0000,0.0000,-35.7196,1.7333,0.0000,-0.0000,0.0000,-95.8815
2026-05-07 16:43:11.100,0,10,10,0.00,0.0000,0.0000,-35.7196,1.7333,0.0000,-0.0000,0.0000,-95.8815
2026-05-07 16:43:11.600,0,10,10,0.00,0.0000,0.0000,-35.7196,1.7333,0.0000,-0.0000,0.0000,-95.8815
2026-05-07 16:43:12.100,0,10,10,0.00,0.0000,0.0000,-35.7196,1.7333,0.0000,-0.0000,0.0000,-95.8815
2026-05-07 16:43:12.600,0,10,10,0.00,0.0000,0.0000,-35.7196,1.7333,0.0000,-0.0000,0.0000,-95.8815
2026-05-07 16:43:13.100,0,10,10,0.00,0.0000,0.0000,-35.7196,1.7333,0.0000,-0.0000,0.0000,-95.8815
2026-05-07 16:43:13.600,0,10,10,0.00,0.0000,0.0000,-35.7196,1.7333,0.0000,-0.0000,0.0000,-95.8815
2026-05-07 16:43:14.100,0,10,10,0.00,0.0000,0.0000,-35.7196,1.7333,0.0000,-0.0000,0.0000,-95.8815
2026-05-07 16:43:14.600,0,10,10,0.00,0.0000,0.0000,-35.7196,1.7333,0.0000,-0.0000,0.0000,-95.8815
2026-05-07 16:43:15.100,0,10,10,0.00,0.0000,0.0000,-35.7196,1.7333,0.0000,-0.0000,0.0000,-95.8815
2026-05-07 16:43:15.600,0,10,10,0.00,0.0000,0.0000,-35.7196,1.7333,0.0000,-0.0000,0.0000,-95.8815
2026-05-07 16:43:16.100,0,10,10,0.00,0.0000,0.0000,-35.7196,1.7333,0.0000,-0.0000,0.0000,-95.8815
2026-05-07 16:43:16.600,0,10,10,0.00,0.0000,0.0000,-35.7196,1.7333,0.0000,-0.0000,0.0000,-95.8815
2026-05-07 16:43:17.100,0,10,10,0.00,0.0000,0.0000,-35.7196,1.7333,0.0000,-0.0000,0.0000,-95.8815
2026-05-07 16:43:17.600,0,10,10,0.00,0.0000,0.0000,-35.7196,1.7333,0.0000,-0.0000,0.0000,-95.8815
2026-05-07 16:43:18.100,0,10,10,0.00,0.0000,0.0000,-35.7196,1.7333,0.0000,-0.0000,0.0000,-95.8815
2026-05-07 16:43:18.600,0,10,10,0.00,0.0000,0.0000,-35.7196,1.7333,0.0000,-0.0000,0.0000,-95.8815
2026-05-07 16:43:19.100,0,10,10,0.00,0.0000,0.0000,-35.7196,1.7333,0.0000,-0.0000,0.0000,-95.8815
2026-05-07 16:43:19.600,0,10,10,0.00,0.0000,0.0000,-35.7196,1.7333,0.0000,-0.0000,0.0000,-95.8815
2026-05-07 16:43:20.100,0,10,10,0.00,0.0000,0.0000,-35.7196,1.7333,0.0000,-0.0000,0.0000,-95.8815
2026-05-07 16:43:20.600,0,10,10,0.00,0.0000,0.0000,-35.7196,1.7333,0.0000,-0.0000,0.0000,-95.8815
2026-05-07 16:43:21.100,0,10,10,0.00,0.0000,0.0000,-35.7196,1.7333,0.0000,-0.0000,0.0000,-95.8815
2026-05-07 16:43:21.600,0,10,10,0.00,0.0000,0.0000,-35.7196,1.7333,0.0000,-0.0000,0.0000,-95.8815
2026-05-07 16:43:22.100,0,10,10,0.00,0.0000,0.0000,-35.7196,1.7333,0.0000,-0.0000,0.0000,-95.8815
2026-05-07 16:43:22.600,0,10,10,0.00,0.0000,0.0000,-35.7196,1.7333,0.0000,-0.0000,0.0000,-95.8815
2026-05-07 16:43:23.100,0,10,10,0.00,0.0000,0.0000,-35.7196,1.7333,0.0000,-0.0000,0.0000,-95.8815
2026-05-07 16:43:23.600,0,10,10,0.00,0.0000,0.0000,-35.7196,1.7333,0.0000,-0.0000,0.0000,-95.8815
2026-05-07 16:43:24.100,0,10,10,0.00,0.0000,0.0000,-35.7196,1.7333,0.0000,-0.0000,0.0000,-95.8815
2026-05-07 16:43:24.600,0,10,10,0.00,0.0000,0.0000,-35.7196,1.7333,0.0000,-0.0000,0.0000,-95.8815
2026-05-07 16:43:25.100,0,10,10,0.00,0.0000,0.0000,-35.7196,1.7333,0.0000,-0.0000,0.0000,-95.8815
2026-05-07 16:43:25.600,0,10,10,0.00,0.0000,0.0000,-35.7196,1.7333,0.0000,-0.0000,0.0000,-95.8815
2026-05-07 16:43:26.100,0,10,10,0.00,0.0000,0.0000,-35.7196,1.7333,0.0000,-0.0000,0.0000,-95.8815
2026-05-07 16:43:26.600,0,10,10,0.00,0.0000,0.0000,-35.7196,1.7333,0.0000,-0.0000,0.0000,-95.8815
2026-05-07 16:43:27.100,0,10,10,0.00,0.0000,0.0000,-35.7196,1.7333,0.0000,-0.0000,0.0000,-95.8815
2026-05-07 16:43:27.600,0,10,10,0.00,0.0000,0.0000,-35.7196,1.7333,0.0000,-0.0000,0.0000,-95.8815
2026-05-07 16:43:28.100,0,10,10,0.00,0.0000,0.0000,-35.7196,1.7333,0.0000,-0.0000,0.0000,-95.8815
2026-05-07 16:43:28.600,0,10,10,0.00,0.0000,0.0000,-35.7196,1.7333,0.0000,-0.0000,0.0000,-95.8815
2026-05-07 16:43:29.100,0,10,10,0.00,0.0000,0.0000,-35.7196,1.7333,0.0000,-0.0000,0.0000,-95.8815
2026-05-07 16:43:29.600,0,10,10,0.00,0.0000,0.0000,-35.7196,1.7333,0.0000,-0.0000,0.0000,-95.8815
2026-05-07 16:43:30.100,0,10,10,0.00,0.0000,0.0000,-35.7196,1.7333,0.0000,-0.0000,0.0000,-95.8815
2026-05-07 16:43:30.600,0,10,10,0.00,0.0000,0.0000,-35.7196,1.7333,0.0000,-0.0000,0.0000,-95.8815
2026-05-07 16:43:31.100,0,10,10,0.00,0.0000,0.0000,-35.7196,1.7333,0.0000,-0.0000,0.0000,-95.8815
2026-05-07 16:43:31.600,0,10,10,0.00,0.0000,0.0000,-35.7196,1.7333,0.0000,-0.0000,0.0000,-95.8815
2026-05-07 16:43:32.100,0,10,10,0.00,0.0000,0.0000,-35.7196,1.7333,0.0000,-0.0000,0.0000,-95.8815
2026-05-07 16:43:32.600,0,10,10,0.00,0.0000,0.0000,-35.7196,1.7333,0.0000,-0.0000,0.0000,-95.8815
2026-05-07 16:43:33.100,0,10,10,0.00,0.0000,0.0000,-35.7196,1.7333,0.0000,-0.0000,0.0000,-95.8815
2026-05-07 16:43:33.600,0,10,10,0.00,0.0000,0.0000,-35.7196,1.7333,0.0000,-0.0000,0.0000,-95.8815
2026-05-07 16:43:34.100,0,10,10,0.00,0.0000,0.0000,-35.7196,1.7333,0.0000,-0.0000,0.0000,-95.8815
2026-05-07 16:43:34.600,0,10,10,0.00,0.0000,0.0000,-35.7196,1.7333,0.0000,-0.0000,0.0000,-95.8815
2026-05-07 16:43:35.100,0,10,10,0.00,0.0000,0.0000,-35.7196,1.7333,0.0000,-0.0000,0.0000,-95.8815
2026-05-07 16:43:35.600,0,10,10,0.00,0.0000,0.0000,-35.7196,1.7333,0.0000,-0.0000,0.0000,-95.8815
2026-05-07 16:43:36.100,0,10,10,0.00,0.0000,0.0000,-35.7196,1.7333,0.0000,-0.0000,0.0000,-95.8815
2026-05-07 16:43:36.600,0,10,10,0.00,0.0000,0.0000,-35.7196,1.7333,0.0000,-0.0000,0.0000,-95.8815
2026-05-07 16:43:37.100,0,10,10,0.00,0.0000,0.0000,-35.7196,1.7333,0.0000,-0.0000,0.0000,-95.8815
2026-05-07 16:43:37.600,0,10,10,0.00,0.0000,0.0000,-35.7196,1.7333,0.0000,-0.0000,0.0000,-95.8815
2026-05-07 16:43:38.100,0,10,10,0.00,0.0000,0.0000,-35.7196,1.7333,0.0000,-0.0000,0.0000,-95.8815
2026-05-07 16:43:38.600,0,10,10,0.00,0.0000,0.0000,-35.7196,1.7333,0.0000,-0.0000,0.0000,-95.8815
2026-05-07 16:43:39.100,0,10,10,0.00,0.0000,0.0000,-35.7196,1.7333,0.0000,-0.0000,0.0000,-95.8815
2026-05-07 16:43:39.600,0,10,10,0.00,0.0000,0.0000,-35.7196,1.7333,0.0000,-0.0000,0.0000,-95.8815
2026-05-07 16:43:40.100,0,10,10,0.00,0.0000,0.0000,-35.7196,1.7333,0.0000,-0.0000,0.0000,-95.8815
2026-05-07 16:43:40.600,0,10,10,0.00,0.0000,0.0000,-35.7196,1.7333,0.0000,-0.0000,0.0000,-95.8815
2026-05-07 16:43:41.100,0,10,10,0.00,0.0000,0.0000,-35.7196,1.7333,0.0000,-0.0000,0.0000,-95.8815
2026-05-07 16:43:41.600,0,10,10,0.00,0.0000,0.0000,-35.7196,1.7333,0.0000,-0.0000,0.0000,-95.8815
2026-05-07 16:43:42.100,0,10,10,0.00,0.0000,0.0000,-35.7196,1.7333,0.0000,-0.0000,0.0000,-95.8815
2026-05-07 16:43:42.600,0,10,10,0.00,0.0000,0.0000,-35.7196,1.7333,0.0000,-0.0000,0.0000,-95.8815
2026-05-07 16:43:43.100,0,10,10,0.00,0.0000,0.0000,-35.7196,1.7333,0.0000,-0.0000,0.0000,-95.8815
2026-05-07 16:43:43.600,0,10,10,0.00,0.0000,0.0000,-35.7196,1.7333,0.0000,-0.0000,0.0000,-95.8815
2026-05-07 16:43:44.100,0,10,10,0.00,0.0000,0.0000,-35.7196,1.7333,0.0000,-0.0000,0.0000,-95.8815
2026-05-07 16:43:44.600,0,10,10,0.00,0.0000,0.0000,-35.7196,1.7333,0.0000,-0.0000,0.0000,-95.8815
2026-05-07 16:43:45.100,0,10,10,0.00,0.0000,0.0000,-35.7196,1.7333,0.0000,-0.0000,0.0000,-95.8815
2026-05-07 16:43:45.600,0,10,10,0.00,0.0000,0.0000,-35.7196,1.7333,0.0000,-0.0000,0.0000,-95.8815
2026-05-07 16:43:46.100,0,10,10,0.00,0.0000,0.0000,-35.7196,1.7333,0.0000,-0.0000,0.0000,-95.8815
2026-05-07 16:43:46.600,0,10,10,0.00,0.0000,0.0000,-35.7196,1.7333,0.0000,-0.0000,0.0000,-95.8815
2026-05-07 16:43:47.100,0,10,10,0.00,0.0000,0.0000,-35.7196,1.7333,0.0000,-0.0000,0.0000,-95.8815
2026-05-07 16:43:47.600,0,10,10,0.00,0.0000,0.0000,-35.7196,1.7333,0.0000,-0.0000,0.0000,-95.8815
2026-05-07 16:43:48.100,0,10,10,0.00,0.0000,0.0000,-35.7196,1.7333,0.0000,-0.0000,0.0000,-95.8815
2026-05-07 16:43:48.600,0,10,10,0.00,0.0000,0.0000,-35.7196,1.7333,0.0000,-0.0000,0.0000,-95.8815
2026-05-07 16:43:49.100,0,10,10,0.00,0.0000,0.0000,-35.7196,1.7333,0.0000,-0.0000,0.0000,-95.8815
2026-05-07 16:43:49.600,0,10,10,0.00,0.0000,0.0000,-35.7196,1.7333,0.0000,-0.0000,0.0000,-95.8815
2026-05-07 16:43:50.100,0,10,10,0.00,0.0000,0.0000,-35.7196,1.7333,0.0000,-0.0000,0.0000,-95.8815
2026-05-07 16:43:50.600,0,10,10,0.00,0.0000,0.0000,-35.7196,1.7333,0.0000,-0.0000,0.0000,-95.8815
2026-05-07 16:43:51.100,0,10,10,0.00,0.0000,0.0000,-35.7196,1.7333,0.0000,-0.0000,0.0000,-95.8815
2026-05-07 16:43:51.600,0,10,10,0.00,0.0000,0.0000,-35.7196,1.7333,0.0000,-0.0000,0.0000,-95.8815
2026-05-07 16:43:52.100,0,10,10,0.00,0.0000,0.0000,-35.7196,1.7333,0.0000,-0.0000,0.0000,-95.8815
2026-05-07 16:43:52.600,0,10,10,0.00,0.0000,0.0000,-35.7196,1.7333,0.0000,-0.0000,0.0000,-95.8815
2026-05-07 16:43:53.101,0,10,10,0.00,0.0000,0.0000,-35.7196,1.7333,0.0000,-0.0000,0.0000,-95.8815
2026-05-07 16:43:53.600,0,10,10,0.00,0.0000,0.0000,-35.7196,1.7333,0.0000,-0.0000,0.0000,-95.8815
2026-05-07 16:43:54.100,0,10,10,0.00,0.0000,0.0000,-35.7196,1.7333,0.0000,-0.0000,0.0000,-95.8815
2026-05-07 16:43:54.600,0,10,10,0.00,0.0000,0.0000,-35.7196,1.7333,0.0000,-0.0000,0.0000,-95.8815
2026-05-07 16:43:55.100,0,10,10,0.00,0.0000,0.0000,-35.7196,1.7333,0.0000,-0.0000,0.0000,-95.8815
2026-05-07 16:43:55.600,0,10,10,0.00,0.0000,0.0000,-35.7196,1.7333,0.0000,-0.0000,0.0000,-95.8815
2026-05-07 16:43:56.100,0,10,10,0.00,0.0000,0.0000,-35.7196,1.7333,0.0000,-0.0000,0.0000,-95.8815
2026-05-07 16:43:56.600,0,10,10,0.00,0.0000,0.0000,-35.7196,1.7333,0.0000,-0.0000,0.0000,-95.8815
2026-05-07 16:43:57.100,0,10,10,0.00,0.0000,0.0000,-35.7196,1.7333,0.0000,-0.0000,0.0000,-95.8815
2026-05-07 16:43:57.599,0,10,10,0.00,0.0000,0.0000,-35.7196,1.7333,0.0000,-0.0000,0.0000,-95.8815
2026-05-07 16:43:58.100,0,10,10,0.00,0.0000,0.0000,-35.7196,1.7333,0.0000,-0.0000,0.0000,-95.8815
2026-05-07 16:43:58.600,0,10,10,0.00,0.0000,0.0000,-35.7196,1.7333,0.0000,-0.0000,0.0000,-95.8815
2026-05-07 16:43:59.100,0,10,10,0.00,0.0000,0.0000,-35.7196,1.7333,0.0000,-0.0000,0.0000,-95.8815
2026-05-07 16:43:59.600,0,10,10,0.00,0.0000,0.0000,-35.7196,1.7333,0.0000,-0.0000,0.0000,-95.8815
2026-05-07 16:44:00.100,0,10,10,0.00,0.0000,0.0000,-35.7196,1.7333,0.0000,-0.0000,0.0000,-95.8815
2026-05-07 16:44:00.600,0,10,10,0.00,0.0000,0.0000,-35.7196,1.7333,0.0000,-0.0000,0.0000,-95.8815
2026-05-07 16:44:01.100,0,10,10,0.00,0.0000,0.0000,-35.7196,1.7333,0.0000,-0.0000,0.0000,-95.8815
2026-05-07 16:44:01.600,0,10,10,0.00,0.0000,0.0000,-35.7196,1.7333,0.0000,-0.0000,0.0000,-95.8815
2026-05-07 16:44:02.100,0,10,10,0.00,0.0000,0.0000,-35.7196,1.7333,0.0000,-0.0000,0.0000,-95.8815
2026-05-07 16:44:02.600,0,10,10,0.00,0.0000,0.0000,-35.7196,1.7333,0.0000,-0.0000,0.0000,-95.8815
2026-05-07 16:44:03.101,0,10,10,0.00,0.0000,0.0000,-35.7196,1.7333,0.0000,-0.0000,0.0000,-95.8815
2026-05-07 16:44:03.600,0,10,10,0.00,0.0000,0.0000,-35.7196,1.7333,0.0000,-0.0000,0.0000,-95.8815
2026-05-07 16:44:04.100,0,10,10,0.00,0.0000,0.0000,-35.7196,1.7333,0.0000,-0.0000,0.0000,-95.8815
2026-05-07 16:44:04.600,0,10,10,0.00,0.0000,0.0000,-35.7196,1.7333,0.0000,-0.0000,0.0000,-95.8815
2026-05-07 16:44:05.100,0,10,10,0.00,0.0000,0.0000,-35.7196,1.7333,0.0000,-0.0000,0.0000,-95.8815
2026-05-07 16:44:05.599,0,10,10,0.00,0.0000,0.0000,-35.7196,1.7333,0.0000,-0.0000,0.0000,-95.8815
2026-05-07 16:44:06.100,0,10,10,0.00,0.0000,0.0000,-35.7196,1.7333,0.0000,-0.0000,0.0000,-95.8815
2026-05-07 16:44:06.600,0,10,10,0.00,0.0000,0.0000,-35.7196,1.7333,0.0000,-0.0000,0.0000,-95.8815
2026-05-07 16:44:07.100,0,10,10,0.00,0.0000,0.0000,-35.7196,1.7333,0.0000,-0.0000,0.0000,-95.8815
2026-05-07 16:44:07.600,0,10,10,0.00,0.0000,0.0000,-35.7196,1.7333,0.0000,-0.0000,0.0000,-95.8815
2026-05-07 16:44:08.100,0,10,10,0.00,0.0000,0.0000,-35.7196,1.7333,0.0000,-0.0000,0.0000,-95.8815
2026-05-07 16:44:08.600,0,10,10,0.00,0.0000,0.0000,-35.7196,1.7333,0.0000,-0.0000,0.0000,-95.8815
2026-05-07 16:44:09.100,0,10,10,0.00,0.0000,0.0000,-35.7196,1.7333,0.0000,-0.0000,0.0000,-95.8815
2026-05-07 16:44:09.600,0,10,10,0.00,0.0000,0.0000,-35.7196,1.7333,0.0000,-0.0000,0.0000,-95.8815
2026-05-07 16:44:10.100,0,10,10,0.00,0.0000,0.0000,-35.7196,1.7333,0.0000,-0.0000,0.0000,-95.8815
2026-05-07 16:44:10.600,0,10,10,0.00,0.0000,0.0000,-35.7196,1.7333,0.0000,-0.0000,0.0000,-95.8815
2026-05-07 16:44:11.100,0,10,10,0.00,0.0000,0.0000,-35.7196,1.7333,0.0000,-0.0000,0.0000,-95.8815
2026-05-07 16:44:11.600,0,10,10,0.00,0.0000,0.0000,-35.7196,1.7333,0.0000,-0.0000,0.0000,-95.8815
2026-05-07 16:44:12.100,0,10,10,0.00,0.0000,0.0000,-35.7196,1.7333,0.0000,-0.0000,0.0000,-95.8815
2026-05-07 16:44:12.600,0,10,10,0.00,0.0000,0.0000,-35.7196,1.7333,0.0000,-0.0000,0.0000,-95.8815
2026-05-07 16:44:13.100,0,10,10,0.00,0.0000,0.0000,-35.7196,1.7333,0.0000,-0.0000,0.0000,-95.8815
2026-05-07 16:44:13.600,0,10,10,0.00,0.0000,0.0000,-35.7196,1.7333,0.0000,-0.0000,0.0000,-95.8815
2026-05-07 16:44:14.100,0,10,10,0.00,0.0000,0.0000,-35.7196,1.7333,0.0000,-0.0000,0.0000,-95.8815
2026-05-07 16:44:14.600,0,10,10,0.00,0.0000,0.0000,-35.7196,1.7333,0.0000,-0.0000,0.0000,-95.8815
2026-05-07 16:44:15.100,0,10,10,0.00,0.0000,0.0000,-35.7196,1.7333,0.0000,-0.0000,0.0000,-95.8815
2026-05-07 16:44:15.600,0,10,10,0.00,0.0000,0.0000,-35.7196,1.7333,0.0000,-0.0000,0.0000,-95.8815
2026-05-07 16:44:16.100,0,10,10,0.00,0.0000,0.0000,-35.7196,1.7333,0.0000,-0.0000,0.0000,-95.8815
2026-05-07 16:44:16.600,0,10,10,0.00,0.0000,0.0000,-35.7196,1.7333,0.0000,-0.0000,0.0000,-95.8815
2026-05-07 16:44:17.100,0,10,10,0.00,0.0000,0.0000,-35.7196,1.7333,0.0000,-0.0000,0.0000,-95.8815
2026-05-07 16:44:17.600,0,10,10,0.00,0.0000,0.0000,-35.7196,1.7333,0.0000,-0.0000,0.0000,-95.8815
2026-05-07 16:44:18.100,0,10,10,0.00,0.0000,0.0000,-35.7196,1.7333,0.0000,-0.0000,0.0000,-95.8815
2026-05-07 16:44:18.600,0,10,10,0.00,0.0000,0.0000,-35.7196,1.7333,0.0000,-0.0000,0.0000,-95.8815
2026-05-07 16:44:19.100,0,10,10,0.00,0.0000,0.0000,-35.7196,1.7333,0.0000,-0.0000,0.0000,-95.8815
2026-05-07 16:44:19.600,0,10,10,0.00,0.0000,0.0000,-35.7196,1.7333,0.0000,-0.0000,0.0000,-95.8815
2026-05-07 16:44:20.100,0,10,10,0.00,0.0000,0.0000,-35.7196,1.7333,0.0000,-0.0000,0.0000,-95.8815
2026-05-07 16:44:20.600,0,10,10,0.00,0.0000,0.0000,-35.7196,1.7333,0.0000,-0.0000,0.0000,-95.8815
2026-05-07 16:44:21.100,0,10,10,0.00,0.0000,0.0000,-35.7196,1.7333,0.0000,-0.0000,0.0000,-95.8815
2026-05-07 16:44:21.600,0,10,10,0.00,0.0000,0.0000,-35.7196,1.7333,0.0000,-0.0000,0.0000,-95.8815
2026-05-07 16:44:22.100,0,10,10,0.00,0.0000,0.0000,-35.7196,1.7333,0.0000,-0.0000,0.0000,-95.8815
2026-05-07 16:44:22.600,0,10,10,0.00,0.0000,0.0000,-35.7196,1.7333,0.0000,-0.0000,0.0000,-95.8815
2026-05-07 16:44:23.100,0,10,10,0.00,0.0000,0.0000,-35.7196,1.7333,0.0000,-0.0000,0.0000,-95.8815
2026-05-07 16:44:23.600,0,10,10,0.00,0.0000,0.0000,-35.7196,1.7333,0.0000,-0.0000,0.0000,-95.8815
2026-05-07 16:44:24.100,0,10,10,0.00,0.0000,0.0000,-35.7196,1.7333,0.0000,-0.0000,0.0000,-95.8815
2026-05-07 16:44:24.600,0,10,10,0.00,0.0000,0.0000,-35.7196,1.7333,0.0000,-0.0000,0.0000,-95.8815
2026-05-07 16:44:25.100,0,10,10,0.00,0.0000,0.0000,-35.7196,1.7333,0.0000,-0.0000,0.0000,-95.8815
2026-05-07 16:44:25.600,0,10,10,0.00,0.0000,0.0000,-35.7196,1.7333,0.0000,-0.0000,0.0000,-95.8815
2026-05-07 16:44:26.100,0,10,10,0.00,0.0000,0.0000,-35.7196,1.7333,0.0000,-0.0000,0.0000,-95.8815
2026-05-07 16:44:26.600,0,10,10,0.00,0.0000,0.0000,-35.7196,1.7333,0.0000,-0.0000,0.0000,-95.8815
2026-05-07 16:44:27.100,0,10,10,0.00,0.0000,0.0000,-35.7196,1.7333,0.0000,-0.0000,0.0000,-95.8815
2026-05-07 16:44:27.600,0,10,10,0.00,0.0000,0.0000,-35.7196,1.7333,0.0000,-0.0000,0.0000,-95.8815
2026-05-07 16:44:28.100,0,10,10,0.00,0.0000,0.0000,-35.7196,1.7333,0.0000,-0.0000,0.0000,-95.8815
2026-05-07 16:44:28.600,0,10,10,0.00,0.0000,0.0000,-35.7196,1.7333,0.0000,-0.0000,0.0000,-95.8815
2026-05-07 16:44:29.100,0,10,10,0.00,0.0000,0.0000,-35.7196,1.7333,0.0000,-0.0000,0.0000,-95.8815
2026-05-07 16:44:29.600,0,10,10,0.00,0.0000,0.0000,-35.7196,1.7333,0.0000,-0.0000,0.0000,-95.8815
2026-05-07 16:44:30.100,0,10,10,0.00,0.0000,0.0000,-35.7196,1.7333,0.0000,-0.0000,0.0000,-95.8815
2026-05-07 16:44:30.600,0,10,10,0.00,0.0000,0.0000,-35.7196,1.7333,0.0000,-0.0000,0.0000,-95.8815
2026-05-07 16:44:31.100,0,10,10,0.00,0.0000,0.0000,-35.7196,1.7333,0.0000,-0.0000,0.0000,-95.8815
2026-05-07 16:44:31.600,0,10,10,0.00,0.0000,0.0000,-35.7196,1.7333,0.0000,-0.0000,0.0000,-95.8815
2026-05-07 16:44:32.100,0,10,10,0.00,0.0000,0.0000,-35.7196,1.7333,0.0000,-0.0000,0.0000,-95.8815
2026-05-07 16:44:32.600,0,10,10,0.00,0.0000,0.0000,-35.7196,1.7333,0.0000,-0.0000,0.0000,-95.8815
2026-05-07 16:44:33.100,0,10,10,0.00,0.0000,0.0000,-35.7196,1.7333,0.0000,-0.0000,0.0000,-95.8815
2026-05-07 16:44:33.600,0,10,10,0.00,0.0000,0.0000,-35.7196,1.7333,0.0000,-0.0000,0.0000,-95.8815
2026-05-07 16:44:34.100,0,10,10,0.00,0.0000,0.0000,-35.7196,1.7333,0.0000,-0.0000,0.0000,-95.8815
2026-05-07 16:44:34.600,0,10,10,0.00,0.0000,0.0000,-35.7196,1.7333,0.0000,-0.0000,0.0000,-95.8815
2026-05-07 16:44:35.100,0,10,10,0.00,0.0000,0.0000,-35.7196,1.7333,0.0000,-0.0000,0.0000,-95.8815
2026-05-07 16:44:35.600,0,10,10,0.00,0.0000,0.0000,-35.7196,1.7333,0.0000,-0.0000,0.0000,-95.8815
2026-05-07 16:44:36.100,0,10,10,0.00,0.0000,0.0000,-35.7196,1.7333,0.0000,-0.0000,0.0000,-95.8815
2026-05-07 16:44:36.600,0,10,10,0.00,0.0000,0.0000,-35.7196,1.7333,0.0000,-0.0000,0.0000,-95.8815
2026-05-07 16:44:37.100,0,10,10,0.00,0.0000,0.0000,-35.7196,1.7333,0.0000,-0.0000,0.0000,-95.8815
2026-05-07 16:44:37.600,0,10,10,0.00,0.0000,0.0000,-35.7196,1.7333,0.0000,-0.0000,0.0000,-95.8815
2026-05-07 16:44:38.100,0,10,10,0.00,0.0000,0.0000,-35.7196,1.7333,0.0000,-0.0000,0.0000,-95.8815
2026-05-07 16:44:38.600,0,10,10,0.00,0.0000,0.0000,-35.7196,1.7333,0.0000,-0.0000,0.0000,-95.8815
2026-05-07 16:44:39.100,0,10,10,0.00,0.0000,0.0000,-35.7196,1.7333,0.0000,-0.0000,0.0000,-95.8815
2026-05-07 16:44:39.600,0,10,10,0.00,0.0000,0.0000,-35.7196,1.7333,0.0000,-0.0000,0.0000,-95.8815
2026-05-07 16:44:40.100,0,10,10,0.00,0.0000,0.0000,-35.7196,1.7333,0.0000,-0.0000,0.0000,-95.8815
2026-05-07 16:44:40.600,0,10,10,0.00,0.0000,0.0000,-35.7196,1.7333,0.0000,-0.0000,0.0000,-95.8815
2026-05-07 16:44:41.100,0,10,10,0.00,0.0000,0.0000,-35.7196,1.7333,0.0000,-0.0000,0.0000,-95.8815
2026-05-07 16:44:41.600,0,10,10,0.00,0.0000,0.0000,-35.7196,1.7333,0.0000,-0.0000,0.0000,-95.8815
2026-05-07 16:44:42.100,0,10,10,0.00,0.0000,0.0000,-35.7196,1.7333,0.0000,-0.0000,0.0000,-95.8815
2026-05-07 16:44:42.600,0,10,10,0.00,0.0000,0.0000,-35.7196,1.7333,0.0000,-0.0000,0.0000,-95.8815
2026-05-07 16:44:43.100,0,10,10,0.00,0.0000,0.0000,-35.7196,1.7333,0.0000,-0.0000,0.0000,-95.8815
2026-05-07 16:44:43.600,0,10,10,0.00,0.0000,0.0000,-35.7196,1.7333,0.0000,-0.0000,0.0000,-95.8815
2026-05-07 16:44:44.100,0,10,10,0.00,0.0000,0.0000,-35.7196,1.7333,0.0000,-0.0000,0.0000,-95.8815
2026-05-07 16:44:44.600,0,10,10,0.00,0.0000,0.0000,-35.7196,1.7333,0.0000,-0.0000,0.0000,-95.8815
2026-05-07 16:44:45.100,0,10,10,0.00,0.0000,0.0000,-35.7196,1.7333,0.0000,-0.0000,0.0000,-95.8815
2026-05-07 16:44:45.600,0,10,10,0.00,0.0000,0.0000,-35.7196,1.7333,0.0000,-0.0000,0.0000,-95.8815
2026-05-07 16:44:46.100,0,10,10,0.00,0.0000,0.0000,-35.7196,1.7333,0.0000,-0.0000,0.0000,-95.8815
2026-05-07 16:44:46.600,0,10,10,0.00,0.0000,0.0000,-35.7196,1.7333,0.0000,-0.0000,0.0000,-95.8815
2026-05-07 16:44:47.100,0,10,10,0.00,0.0000,0.0000,-35.7196,1.7333,0.0000,-0.0000,0.0000,-95.8815
2026-05-07 16:44:47.600,0,10,10,0.00,0.0000,0.0000,-35.7196,1.7333,0.0000,-0.0000,0.0000,-95.8815
2026-05-07 16:44:48.100,0,10,10,0.00,0.0000,0.0000,-35.7196,1.7333,0.0000,-0.0000,0.0000,-95.8815
2026-05-07 16:44:48.600,0,10,10,0.00,0.0000,0.0000,-35.7196,1.7333,0.0000,-0.0000,0.0000,-95.8815
2026-05-07 16:44:49.100,0,10,10,0.00,0.0000,0.0000,-35.7196,1.7333,0.0000,-0.0000,0.0000,-95.8815
2026-05-07 16:44:49.600,0,10,10,0.00,0.0000,0.0000,-35.7196,1.7333,0.0000,-0.0000,0.0000,-95.8815
2026-05-07 16:44:50.100,0,10,10,0.00,0.0000,0.0000,-35.7196,1.7333,0.0000,-0.0000,0.0000,-95.8815
2026-05-07 16:44:50.600,0,10,10,0.00,0.0000,0.0000,-35.7196,1.7333,0.0000,-0.0000,0.0000,-95.8815
2026-05-07 16:44:51.100,0,10,10,0.00,0.0000,0.0000,-35.7196,1.7333,0.0000,-0.0000,0.0000,-95.8815
2026-05-07 16:44:51.600,0,10,10,0.00,0.0000,0.0000,-35.7196,1.7333,0.0000,-0.0000,0.0000,-95.8815
2026-05-07 16:44:52.100,0,10,10,0.00,0.0000,0.0000,-35.7196,1.7333,0.0000,-0.0000,0.0000,-95.8815
2026-05-07 16:44:52.600,0,10,10,0.00,0.0000,0.0000,-35.7196,1.7333,0.0000,-0.0000,0.0000,-95.8815
2026-05-07 16:44:53.100,0,10,10,0.00,0.0000,0.0000,-35.7196,1.7333,0.0000,-0.0000,0.0000,-95.8815
2026-05-07 16:44:53.600,0,10,10,0.00,0.0000,0.0000,-35.7196,1.7333,0.0000,-0.0000,0.0000,-95.8815
2026-05-07 16:44:54.100,0,10,10,0.00,0.0000,0.0000,-35.7196,1.7333,0.0000,-0.0000,0.0000,-95.8815
2026-05-07 16:44:54.600,0,10,10,0.00,0.0000,0.0000,-35.7196,1.7333,0.0000,-0.0000,0.0000,-95.8815
2026-05-07 16:44:55.100,0,10,10,0.00,0.0000,0.0000,-35.7196,1.7333,0.0000,-0.0000,0.0000,-95.8815
2026-05-07 16:44:55.600,0,10,10,0.00,0.0000,0.0000,-35.7196,1.7333,0.0000,-0.0000,0.0000,-95.8815
2026-05-07 16:44:56.100,0,10,10,0.00,0.0000,0.0000,-35.7196,1.7333,0.0000,-0.0000,0.0000,-95.8815
2026-05-07 16:44:56.600,0,10,10,0.00,0.0000,0.0000,-35.7196,1.7333,0.0000,-0.0000,0.0000,-95.8815
2026-05-07 16:44:57.100,0,10,10,0.00,0.0000,0.0000,-35.7196,1.7333,0.0000,-0.0000,0.0000,-95.8815
2026-05-07 16:44:57.600,0,10,10,0.00,0.0000,0.0000,-35.7196,1.7333,0.0000,-0.0000,0.0000,-95.8815
2026-05-07 16:44:58.100,0,10,10,0.00,0.0000,0.0000,-35.7196,1.7333,0.0000,-0.0000,0.0000,-95.8815
2026-05-07 16:44:58.600,0,10,10,0.00,0.0000,0.0000,-35.7196,1.7333,0.0000,-0.0000,0.0000,-95.8815
2026-05-07 16:44:59.100,0,10,10,0.00,0.0000,0.0000,-35.7196,1.7333,0.0000,-0.0000,0.0000,-95.8815
2026-05-07 16:44:59.600,0,10,10,0.00,0.0000,0.0000,-35.7196,1.7333,0.0000,-0.0000,0.0000,-95.8815
2026-05-07 16:45:00.100,0,10,10,0.00,0.0000,0.0000,-35.7196,1.7333,0.0000,-0.0000,0.0000,-95.8815
2026-05-07 16:45:00.600,0,10,10,0.00,0.0000,0.0000,-35.7196,1.7333,0.0000,-0.0000,0.0000,-95.8815
2026-05-07 16:45:01.100,0,10,10,0.00,0.0000,0.0000,-35.7196,1.7333,0.0000,-0.0000,0.0000,-95.8815
2026-05-07 16:45:01.600,0,10,10,0.00,0.0000,0.0000,-35.7196,1.7333,0.0000,-0.0000,0.0000,-95.8815
2026-05-07 16:45:02.100,0,10,10,0.00,0.0000,0.0000,-35.7196,1.7333,0.0000,-0.0000,0.0000,-95.8815
2026-05-07 16:45:02.600,0,10,10,0.00,0.0000,0.0000,-35.7196,1.7333,0.0000,-0.0000,0.0000,-95.8815
2026-05-07 16:45:03.100,0,10,10,0.00,0.0000,0.0000,-35.7196,1.7333,0.0000,-0.0000,0.0000,-95.8815
2026-05-07 16:45:03.600,0,10,10,0.00,0.0000,0.0000,-35.7196,1.7333,0.0000,-0.0000,0.0000,-95.8815
2026-05-07 16:45:04.100,0,10,10,0.00,0.0000,0.0000,-35.7196,1.7333,0.0000,-0.0000,0.0000,-95.8815
2026-05-07 16:45:04.600,0,10,10,0.00,0.0000,0.0000,-35.7196,1.7333,0.0000,-0.0000,0.0000,-95.8815
2026-05-07 16:45:05.100,0,10,10,0.00,0.0000,0.0000,-35.7196,1.7333,0.0000,-0.0000,0.0000,-95.8815
2026-05-07 16:45:05.600,0,10,10,0.00,0.0000,0.0000,-35.7196,1.7333,0.0000,-0.0000,0.0000,-95.8815
2026-05-07 16:45:06.100,0,10,10,0.00,0.0000,0.0000,-35.7196,1.7333,0.0000,-0.0000,0.0000,-95.8815
2026-05-07 16:45:06.600,0,10,10,0.00,0.0000,0.0000,-35.7196,1.7333,0.0000,-0.0000,0.0000,-95.8815
2026-05-07 16:45:07.100,0,10,10,0.00,0.0000,0.0000,-35.7196,1.7333,0.0000,-0.0000,0.0000,-95.8815
2026-05-07 16:45:07.600,0,10,10,0.00,0.0000,0.0000,-35.7196,1.7333,0.0000,-0.0000,0.0000,-95.8815
2026-05-07 16:45:08.100,0,10,10,0.00,0.0000,0.0000,-35.7196,1.7333,0.0000,-0.0000,0.0000,-95.8815
2026-05-07 16:45:08.600,0,10,10,0.00,0.0000,0.0000,-35.7196,1.7333,0.0000,-0.0000,0.0000,-95.8815
2026-05-07 16:45:09.100,0,10,10,0.00,0.0000,0.0000,-35.7196,1.7333,0.0000,-0.0000,0.0000,-95.8815
2026-05-07 16:45:09.600,0,10,10,0.00,0.0000,0.0000,-35.7196,1.7333,0.0000,-0.0000,0.0000,-95.8815
2026-05-07 16:45:10.100,0,10,10,0.00,0.0000,0.0000,-35.7196,1.7333,0.0000,-0.0000,0.0000,-95.8815
2026-05-07 16:45:10.600,0,10,10,0.00,0.0000,0.0000,-35.7196,1.7333,0.0000,-0.0000,0.0000,-94.7157
2026-05-07 16:45:11.100,0,10,10,0.00,0.0000,0.0000,-35.7196,1.7333,0.0000,-0.0000,0.0000,-94.7157
2026-05-07 16:45:11.600,0,10,10,0.00,0.0000,0.0000,-35.7196,1.7333,0.0000,-0.0000,0.0000,-93.4802
2026-05-07 16:45:12.100,0,10,10,0.00,0.0000,0.0000,-35.7196,1.7333,0.0000,-0.0000,0.0000,-93.4802
2026-05-07 16:45:12.600,0,10,10,0.00,0.0000,0.0000,-35.7196,1.7333,0.0000,-0.0000,0.0000,-91.9315
2026-05-07 16:45:13.100,0,10,10,0.00,0.0000,0.0000,-35.7196,1.7333,0.0000,-0.0000,0.0000,-91.9315
2026-05-07 16:45:13.600,0,10,10,0.00,0.0000,0.0000,-35.7196,1.7333,0.0000,-0.0000,0.0000,-91.9315
2026-05-07 16:45:14.100,0,10,10,0.00,0.0000,0.0000,-35.7196,1.7333,0.0000,-0.0000,0.0000,-90.6707
2026-05-07 16:45:14.600,0,10,10,0.00,0.0000,0.0000,-35.7196,1.7333,0.0000,-0.0000,0.0000,-90.6707
2026-05-07 16:45:15.100,0,10,10,0.00,0.0000,0.0000,-35.7196,1.7333,0.0000,-0.0000,0.0000,-90.6707
2026-05-07 16:45:15.600,0,10,10,0.00,0.0000,0.0000,-35.7196,1.7333,0.0000,-0.0000,0.0000,-90.6707
2026-05-07 16:45:16.100,0,10,10,0.00,0.0000,0.0000,-35.7196,1.7333,0.0000,-0.0000,0.0000,-90.6707
2026-05-07 16:45:16.600,0,10,10,0.00,0.0000,0.0000,-35.7196,1.7333,0.0000,-0.0000,0.0000,-90.6707
2026-05-07 16:45:17.100,0,10,10,0.00,0.0000,0.0000,-35.7196,1.7333,0.0000,-0.0000,0.0000,-90.6707
2026-05-07 16:45:17.600,0,10,10,0.00,0.0000,0.0000,-35.7196,1.7333,0.0000,-0.0000,0.0000,-91.9834
2026-05-07 16:45:18.100,0,10,10,0.00,0.0000,0.0000,-35.7196,1.7333,0.0000,-0.0000,0.0000,-98.7382
2026-05-07 16:45:18.600,0,10,10,0.00,0.0000,0.0000,-35.7196,1.7333,0.0000,-0.0000,0.0000,-107.5951
2026-05-07 16:45:19.100,0,10,10,0.00,0.0000,0.0000,-35.7196,1.7333,0.0000,-0.0000,0.0000,-110.5274
2026-05-07 16:45:19.600,0,10,10,0.00,0.0000,0.0000,-35.7196,1.7333,0.0000,-0.0000,0.0000,-110.5274
2026-05-07 16:45:20.100,0,10,10,0.00,0.0000,0.0000,-35.7196,1.7333,0.0000,-0.0000,0.0000,-110.5274
2026-05-07 16:45:20.600,0,10,10,0.00,0.0000,0.0000,-35.7196,1.7333,0.0000,-0.0000,0.0000,-110.5274
2026-05-07 16:45:21.100,0,10,10,0.00,0.0000,0.0000,-35.7196,1.7333,0.0000,-0.0000,0.0000,-110.5274
2026-05-07 16:45:21.600,0,10,10,0.00,0.0000,0.0000,-35.7196,1.7333,0.0000,-0.0000,0.0000,-110.5274
2026-05-07 16:45:22.100,0,10,10,0.00,0.0000,0.0000,-35.7196,1.7333,0.0000,-0.0000,0.0000,-110.5274
2026-05-07 16:45:22.600,0,10,10,0.00,0.0000,0.0000,-35.7196,1.7333,0.0000,-0.0000,0.0000,-110.5274
2026-05-07 16:45:23.100,0,10,10,0.00,0.0000,0.0000,-35.7196,1.7333,0.0000,-0.0000,0.0000,-110.5274
2026-05-07 16:45:23.600,0,10,10,0.00,0.0000,0.0000,-35.7196,1.7333,0.0000,-0.0000,0.0000,-110.5274
2026-05-07 16:45:24.100,0,10,10,0.00,0.0000,0.0000,-35.7196,1.7333,0.0000,-0.0000,0.0000,-110.5274
2026-05-07 16:45:24.600,0,10,10,0.00,0.0000,0.0000,-35.7196,1.7333,0.0000,-0.0000,0.0000,-110.5274
2026-05-07 16:45:25.100,0,10,10,0.00,0.0000,0.0000,-35.7196,1.7333,0.0000,-0.0000,0.0000,-110.5274
2026-05-07 16:45:25.600,0,10,10,0.00,0.0000,0.0000,-35.7196,1.7333,0.0000,-0.0000,0.0000,-110.5274
2026-05-07 16:45:26.100,0,10,10,0.00,0.0000,0.0000,-35.7196,1.7333,0.0000,-0.0000,0.0000,-110.5274
2026-05-07 16:45:26.600,0,10,10,0.00,0.0000,0.0000,-35.7196,1.7333,0.0000,-0.0000,0.0000,-110.5274
2026-05-07 16:45:27.100,0,10,10,0.00,0.0000,0.0000,-35.7196,1.7333,0.0000,-0.0000,0.0000,-110.5274
2026-05-07 16:45:27.600,0,10,10,0.00,0.0000,0.0000,-35.7196,1.7333,0.0000,-0.0000,0.0000,-110.5274
2026-05-07 16:45:28.100,0,10,10,0.00,0.0000,0.0000,-35.7196,1.7333,0.0000,-0.0000,0.0000,-110.5274
2026-05-07 16:45:28.600,0,10,10,0.00,0.0000,0.0000,-35.7196,1.7333,0.0000,-0.0000,0.0000,-102.8840
2026-05-07 16:45:29.100,0,10,10,0.00,0.0000,0.0000,-35.7196,1.7333,0.0000,-0.0000,0.0000,-89.0804
2026-05-07 16:45:29.600,0,10,10,0.00,0.0000,0.0000,-35.7196,1.7333,0.0000,-0.0000,0.0000,-87.7528
2026-05-07 16:45:30.100,0,10,10,0.00,0.0000,0.0000,-35.7196,1.7333,0.0000,-0.0000,0.0000,-87.7528
2026-05-07 16:45:30.600,0,10,10,0.00,0.0000,0.0000,-35.7196,1.7333,0.0000,-0.0000,0.0000,-87.7528
2026-05-07 16:45:31.100,0,10,10,0.00,0.0000,0.0000,-35.7196,1.7333,0.0000,-0.0000,0.0000,-87.7528
2026-05-07 16:45:31.600,0,10,10,0.00,0.0000,0.0000,-35.7196,1.7333,0.0000,-0.0000,0.0000,-87.7528
2026-05-07 16:45:32.100,0,10,10,0.00,0.0000,0.0000,-35.7196,1.7333,0.0000,-0.0000,0.0000,-87.7528
2026-05-07 16:45:32.600,0,10,10,0.00,0.0000,0.0000,-35.7196,1.7333,0.0000,-0.0000,0.0000,-87.7528
2026-05-07 16:45:33.100,0,10,10,0.00,0.0000,0.0000,-35.7196,1.7333,0.0000,-0.0000,0.0000,-87.7528
2026-05-07 16:45:33.600,0,10,10,0.00,0.0000,0.0000,-35.7196,1.7333,0.0000,-0.0000,0.0000,-87.7528
2026-05-07 16:45:34.100,0,10,10,0.00,0.0000,0.0000,-35.7196,1.7333,0.0000,-0.0000,0.0000,-87.7528
2026-05-07 16:45:34.600,0,10,10,0.00,0.0000,0.0000,-35.7196,1.7333,0.0000,-0.0000,0.0000,-87.7528
2026-05-07 16:45:35.100,0,10,10,0.00,0.0000,0.0000,-35.7196,1.7333,0.0000,-0.0000,0.0000,-87.7528
2026-05-07 16:45:35.600,0,10,10,0.00,0.0000,0.0000,-35.7196,1.7333,0.0000,-0.0000,0.0000,-87.7528
2026-05-07 16:45:36.100,0,10,10,0.00,0.0000,0.0000,-35.7196,1.7333,0.0000,-0.0000,0.0000,-87.7528
2026-05-07 16:45:36.600,0,10,10,0.00,0.0000,0.0000,-35.7196,1.7333,0.0000,-0.0000,0.0000,-87.7528
2026-05-07 16:45:37.100,0,10,10,0.00,0.0000,0.0000,-35.7196,1.7333,0.0000,-0.0000,0.0000,-87.7528
2026-05-07 16:45:37.600,0,10,10,0.00,0.0000,0.0000,-35.7196,1.7333,0.0000,-0.0000,0.0000,-87.7528
2026-05-07 16:45:38.100,0,10,10,0.00,0.0000,0.0000,-35.7196,1.7333,0.0000,-0.0000,0.0000,-87.7528
2026-05-07 16:45:38.600,0,10,10,0.00,0.0000,0.0000,-35.7196,1.7333,0.0000,-0.0000,0.0000,-87.7528
2026-05-07 16:45:39.100,0,10,10,0.00,0.0000,0.0000,-35.7196,1.7333,0.0000,-0.0000,0.0000,-87.7528
2026-05-07 16:45:39.600,0,10,10,0.00,0.0000,0.0000,-35.7196,1.7333,0.0000,-0.0000,0.0000,-87.7528
2026-05-07 16:45:40.100,0,10,10,0.00,0.0000,0.0000,-35.7196,1.7333,0.0000,-0.0000,0.0000,-87.7528
2026-05-07 16:45:40.600,0,10,10,0.00,0.0000,0.0000,-35.7196,1.7333,0.0000,-0.0000,0.0000,-87.7528
2026-05-07 16:45:41.100,0,10,10,0.00,0.0000,0.0000,-35.7196,1.7333,0.0000,-0.0000,0.0000,-87.7528
2026-05-07 16:45:41.600,0,10,10,0.00,0.0000,0.0000,-35.7196,1.7333,0.0000,-0.0000,0.0000,-87.7528
2026-05-07 16:45:42.100,0,10,10,0.00,0.0000,0.0000,-35.7196,1.7333,0.0000,-0.0000,0.0000,-87.7528
2026-05-07 16:45:42.600,0,10,10,0.00,0.0000,0.0000,-35.7196,1.7333,0.0000,-0.0000,0.0000,-87.7528
2026-05-07 16:45:43.100,0,10,10,0.00,0.0000,0.0000,-35.7196,1.7333,0.0000,-0.0000,0.0000,-87.7528
2026-05-07 16:45:43.600,0,10,10,0.00,0.0000,0.0000,-35.7196,1.7333,0.0000,-0.0000,0.0000,-87.7528
2026-05-07 16:45:44.100,0,10,10,0.00,0.0000,0.0000,-35.7196,1.7333,0.0000,-0.0000,0.0000,-87.7528
2026-05-07 16:45:44.600,0,10,10,0.00,0.0000,0.0000,-35.7196,1.7333,0.0000,-0.0000,0.0000,-87.7528
2026-05-07 16:45:45.100,0,10,10,0.00,0.0000,0.0000,-35.7196,1.7333,0.0000,-0.0000,0.0000,-87.7528
2026-05-07 16:45:45.600,0,10,10,0.00,0.0000,0.0000,-35.7196,1.7333,0.0000,-0.0000,0.0000,-87.7528
2026-05-07 16:45:46.100,0,10,10,0.00,0.0000,0.0000,-35.7196,1.7333,0.0000,-0.0000,0.0000,-87.7528
2026-05-07 16:45:46.600,0,10,10,0.00,0.0000,0.0000,-35.7196,1.7333,0.0000,-0.0000,0.0000,-87.7528
2026-05-07 16:45:47.101,0,10,10,0.00,0.0000,0.0000,-35.7196,1.7333,0.0000,-0.0000,0.0000,-87.7528
2026-05-07 16:45:47.600,0,10,10,0.00,0.0000,0.0000,-35.7196,1.7333,0.0000,-0.0000,0.0000,-87.7528
2026-05-07 16:45:48.100,0,10,10,0.00,0.0000,0.0000,-35.7196,1.7333,0.0000,-0.0000,0.0000,-87.7528
2026-05-07 16:45:48.600,0,10,10,0.00,0.0000,0.0000,-35.7196,1.7333,0.0000,-0.0000,0.0000,-87.7528
2026-05-07 16:45:49.100,0,10,10,0.00,0.0000,0.0000,-35.7196,1.7333,0.0000,-0.0000,0.0000,-87.7528
2026-05-07 16:45:49.600,0,10,10,0.00,0.0000,0.0000,-35.7196,1.7333,0.0000,-0.0000,0.0000,-87.7528
2026-05-07 16:45:50.100,0,10,10,0.00,0.0000,0.0000,-35.7196,1.7333,0.0000,-0.0000,0.0000,-87.7528
2026-05-07 16:45:50.600,0,10,10,0.00,0.0000,0.0000,-35.7196,1.7333,0.0000,-0.0000,0.0000,-87.7528
2026-05-07 16:45:51.100,0,10,10,0.00,0.0000,0.0000,-35.7196,1.7333,0.0000,-0.0000,0.0000,-87.7528
2026-05-07 16:45:51.600,0,10,10,0.00,0.0000,0.0000,-35.7196,1.7333,0.0000,-0.0000,0.0000,-87.7528
2026-05-07 16:45:52.100,0,10,10,0.00,0.0000,0.0000,-35.7196,1.7333,0.0000,-0.0000,0.0000,-87.7528
2026-05-07 16:45:52.600,0,10,10,0.00,0.0000,0.0000,-35.7196,1.7333,0.0000,-0.0000,0.0000,-87.7528
2026-05-07 16:45:53.100,0,10,10,0.00,0.0000,0.0000,-35.7196,1.7333,0.0000,-0.0000,0.0000,-87.7528
2026-05-07 16:45:53.600,0,10,10,0.00,0.0000,0.0000,-35.7196,1.7333,0.0000,-0.0000,0.0000,-87.7528
2026-05-07 16:45:54.100,0,10,10,0.00,0.0000,0.0000,-35.7196,1.7333,0.0000,-0.0000,0.0000,-87.7528
2026-05-07 16:45:54.600,0,10,10,0.00,0.0000,0.0000,-35.7196,1.7333,0.0000,-0.0000,0.0000,-87.7528
2026-05-07 16:45:55.100,0,10,10,0.00,0.0000,0.0000,-35.7196,1.7333,0.0000,-0.0000,0.0000,-87.7528
2026-05-07 16:45:55.600,0,10,10,0.00,0.0000,0.0000,-35.7196,1.7333,0.0000,-0.0000,0.0000,-87.7528
2026-05-07 16:45:56.100,0,10,10,0.00,0.0000,0.0000,-35.7196,1.7333,0.0000,-0.0000,0.0000,-87.7528
2026-05-07 16:45:56.600,0,10,10,0.00,0.0000,0.0000,-35.7196,1.7333,0.0000,-0.0000,0.0000,-87.7528
2026-05-07 16:45:57.100,0,10,10,0.00,0.0000,0.0000,-35.7196,1.7333,0.0000,-0.0000,0.0000,-87.7528
2026-05-07 16:45:57.600,0,10,10,0.00,0.0000,0.0000,-35.7196,1.7333,0.0000,-0.0000,0.0000,-87.7528
2026-05-07 16:45:58.100,0,10,10,0.00,0.0000,0.0000,-35.7196,1.7333,0.0000,-0.0000,0.0000,-87.7528
2026-05-07 16:45:58.600,0,10,10,0.00,0.0000,0.0000,-35.7196,1.7333,0.0000,-0.0000,0.0000,-87.7528
2026-05-07 16:45:59.100,0,10,10,0.00,0.0000,0.0000,-35.7196,1.7333,0.0000,-0.0000,0.0000,-87.7528
2026-05-07 16:45:59.600,0,10,10,0.00,0.0000,0.0000,-35.7196,1.7333,0.0000,-0.0000,0.0000,-87.7528
2026-05-07 16:46:00.100,0,10,10,0.00,0.0000,0.0000,-35.7196,1.7333,0.0000,-0.0000,0.0000,-87.7528
2026-05-07 16:46:00.600,0,10,10,0.00,0.0000,0.0000,-35.7196,1.7333,0.0000,-0.0000,0.0000,-87.7528
2026-05-07 16:46:01.100,0,10,10,0.00,0.0000,0.0000,-35.7196,1.7333,0.0000,-0.0000,0.0000,-87.7528
2026-05-07 16:46:01.600,0,10,10,0.00,0.0000,0.0000,-35.7196,1.7333,0.0000,-0.0000,0.0000,-87.7528
2026-05-07 16:46:02.100,0,10,10,0.00,0.0000,0.0000,-35.7196,1.7333,0.0000,-0.0000,0.0000,-87.7528
2026-05-07 16:46:02.600,0,10,10,0.00,0.0000,0.0000,-35.7196,1.7333,0.0000,-0.0000,0.0000,-87.7528
2026-05-07 16:46:03.100,0,10,10,0.00,0.0000,0.0000,-35.7196,1.7333,0.0000,-0.0000,0.0000,-87.7528
2026-05-07 16:46:03.600,0,10,10,0.00,0.0000,0.0000,-35.7196,1.7333,0.0000,-0.0000,0.0000,-87.7528
2026-05-07 16:46:04.100,0,10,10,0.00,0.0000,0.0000,-35.7196,1.7333,0.0000,-0.0000,0.0000,-87.7528
2026-05-07 16:46:04.600,0,10,10,0.00,0.0000,0.0000,-35.7196,1.7333,0.0000,-0.0000,0.0000,-87.7528
2026-05-07 16:46:05.100,0,10,10,0.00,0.0000,0.0000,-35.7196,1.7333,0.0000,-0.0000,0.0000,-87.7528
2026-05-07 16:46:05.600,0,10,10,0.00,0.0000,0.0000,-35.7196,1.7333,0.0000,-0.0000,0.0000,-87.7528
2026-05-07 16:46:06.100,0,10,10,0.00,0.0000,0.0000,-35.7196,1.7333,0.0000,-0.0000,0.0000,-87.7528
2026-05-07 16:46:06.600,0,10,10,0.00,0.0000,0.0000,-35.7196,1.7333,0.0000,-0.0000,0.0000,-87.7528
2026-05-07 16:46:07.100,0,10,10,0.00,0.0000,0.0000,-35.7196,1.7333,0.0000,-0.0000,0.0000,-87.7528
2026-05-07 16:46:07.600,0,10,10,0.00,0.0000,0.0000,-35.7196,1.7333,0.0000,-0.0000,0.0000,-87.7528
2026-05-07 16:46:08.100,0,10,10,0.00,0.0000,0.0000,-35.7196,1.7333,0.0000,-0.0000,0.0000,-87.7528
2026-05-07 16:46:08.600,0,10,10,0.00,0.0000,0.0000,-35.7196,1.7333,0.0000,-0.0000,0.0000,-87.7528
2026-05-07 16:46:09.100,0,10,10,0.00,0.0000,0.0000,-35.7196,1.7333,0.0000,-0.0000,0.0000,-87.7528
2026-05-07 16:46:09.600,0,10,10,0.00,0.0000,0.0000,-35.7196,1.7333,0.0000,-0.0000,0.0000,-87.7528
2026-05-07 16:46:10.100,0,10,10,0.00,0.0000,0.0000,-35.7196,1.7333,0.0000,-0.0000,0.0000,-87.7528
2026-05-07 16:46:10.600,0,10,10,0.00,0.0000,0.0000,-35.7196,1.7333,0.0000,-0.0000,0.0000,-87.7528
2026-05-07 16:46:11.100,0,10,10,0.00,0.0000,0.0000,-35.7196,1.7333,0.0000,-0.0000,0.0000,-87.7528
2026-05-07 16:46:11.600,0,10,10,0.00,0.0000,0.0000,-35.7196,1.7333,0.0000,-0.0000,0.0000,-87.7528
2026-05-07 16:46:12.100,0,10,10,0.00,0.0000,0.0000,-35.7196,1.7333,0.0000,-0.0000,0.0000,-87.7528
2026-05-07 16:46:12.600,0,10,10,0.00,0.0000,0.0000,-35.7196,1.7333,0.0000,-0.0000,0.0000,-87.7528
2026-05-07 16:46:13.100,0,10,10,0.00,0.0000,0.0000,-35.7196,1.7333,0.0000,-0.0000,0.0000,-87.7528
2026-05-07 16:46:13.600,0,10,10,0.00,0.0000,0.0000,-35.7196,1.7333,0.0000,-0.0000,0.0000,-87.7528
2026-05-07 16:46:14.100,0,10,10,0.00,0.0000,0.0000,-35.7196,1.7333,0.0000,-0.0000,0.0000,-87.7528
2026-05-07 16:46:14.600,0,10,10,0.00,0.0000,0.0000,-35.7196,1.7333,0.0000,-0.0000,0.0000,-87.7528
2026-05-07 16:46:15.100,0,10,10,0.00,0.0000,0.0000,-35.7196,1.7333,0.0000,-0.0000,0.0000,-87.7528
2026-05-07 16:46:15.600,0,10,10,0.00,0.0000,0.0000,-35.7196,1.7333,0.0000,-0.0000,0.0000,-87.7528
2026-05-07 16:46:16.100,0,10,10,0.00,0.0000,0.0000,-35.7196,1.7333,0.0000,-0.0000,0.0000,-87.7528
2026-05-07 16:46:16.600,0,10,10,0.00,0.0000,0.0000,-35.7196,1.7333,0.0000,-0.0000,0.0000,-87.7528
2026-05-07 16:46:17.100,0,10,10,0.00,0.0000,0.0000,-35.7196,1.7333,0.0000,-0.0000,0.0000,-87.7528
2026-05-07 16:46:17.600,0,10,10,0.00,0.0000,0.0000,-35.7196,1.7333,0.0000,-0.0000,0.0000,-87.7528
2026-05-07 16:46:18.100,0,10,10,0.00,0.0000,0.0000,-35.7196,1.7333,0.0000,-0.0000,0.0000,-87.7528
2026-05-07 16:46:18.600,0,10,10,0.00,0.0000,0.0000,-35.7196,1.7333,0.0000,-0.0000,0.0000,-87.7528
2026-05-07 16:46:19.100,0,10,10,0.00,0.0000,0.0000,-35.7196,1.7333,0.0000,-0.0000,0.0000,-87.7528
2026-05-07 16:46:19.600,0,10,10,0.00,0.0000,0.0000,-35.7196,1.7333,0.0000,-0.0000,0.0000,-87.7528
2026-05-07 16:46:20.100,0,10,10,0.00,0.0000,0.0000,-35.7196,1.7333,0.0000,-0.0000,0.0000,-87.7528
2026-05-07 16:46:20.600,0,10,10,0.00,0.0000,0.0000,-35.7196,1.7333,0.0000,-0.0000,0.0000,-87.7528
2026-05-07 16:46:21.100,0,10,10,0.00,0.0000,0.0000,-35.7196,1.7333,0.0000,-0.0000,0.0000,-87.7528
2026-05-07 16:46:21.600,0,10,10,0.00,0.0000,0.0000,-35.7196,1.7333,0.0000,-0.0000,0.0000,-87.7528
2026-05-07 16:46:22.100,0,10,10,0.00,0.0000,0.0000,-35.7196,1.7333,0.0000,-0.0000,0.0000,-87.7528
2026-05-07 16:46:22.599,0,10,10,0.00,0.0000,0.0000,-35.7196,1.7333,0.0000,-0.0000,0.0000,-87.7528
2026-05-07 16:46:23.100,0,10,10,0.00,0.0000,0.0000,-35.7196,1.7333,0.0000,-0.0000,0.0000,-87.7528
2026-05-07 16:46:23.600,0,10,10,0.00,0.0000,0.0000,-35.7196,1.7333,0.0000,-0.0000,0.0000,-87.7528
2026-05-07 16:46:24.100,0,10,10,0.00,0.0000,0.0000,-35.7196,1.7333,0.0000,-0.0000,0.0000,-87.7528
2026-05-07 16:46:24.600,0,10,10,0.00,0.0000,0.0000,-35.7196,1.7333,0.0000,-0.0000,0.0000,-87.7528
2026-05-07 16:46:25.100,0,10,10,0.00,0.0000,0.0000,-35.7196,1.7333,0.0000,-0.0000,0.0000,-87.7528
2026-05-07 16:46:25.600,0,10,10,0.00,0.0000,0.0000,-35.7196,1.7333,0.0000,-0.0000,0.0000,-87.7528
2026-05-07 16:46:26.100,0,10,10,0.00,0.0000,0.0000,-35.7196,1.7333,0.0000,-0.0000,0.0000,-87.7528
2026-05-07 16:46:26.600,0,10,10,0.00,0.0000,0.0000,-35.7196,1.7333,0.0000,-0.0000,0.0000,-87.7528
2026-05-07 16:46:27.100,0,10,10,0.00,0.0000,0.0000,-35.7196,1.7333,0.0000,-0.0000,0.0000,-87.7528
2026-05-07 16:46:27.600,0,10,10,0.00,0.0000,0.0000,-35.7196,1.7333,0.0000,-0.0000,0.0000,-87.7528
2026-05-07 16:46:28.100,0,10,10,0.00,0.0000,0.0000,-35.7196,1.7333,0.0000,-0.0000,0.0000,-87.7528
2026-05-07 16:46:28.600,0,10,10,0.00,0.0000,0.0000,-35.7196,1.7333,0.0000,-0.0000,0.0000,-87.7528
2026-05-07 16:46:29.100,0,10,10,0.00,0.0000,0.0000,-35.7196,1.7333,0.0000,-0.0000,0.0000,-87.7528
2026-05-07 16:46:29.600,0,10,10,0.00,0.0000,0.0000,-35.7196,1.7333,0.0000,-0.0000,0.0000,-87.7528
2026-05-07 16:46:30.100,0,10,10,0.00,0.0000,0.0000,-35.7196,1.7333,0.0000,-0.0000,0.0000,-87.7528
2026-05-07 16:46:30.600,0,10,10,0.00,0.0000,0.0000,-35.7196,1.7333,0.0000,-0.0000,0.0000,-87.7528
2026-05-07 16:46:31.100,0,10,10,0.00,0.0000,0.0000,-35.7196,1.7333,0.0000,-0.0000,0.0000,-87.7528
2026-05-07 16:46:31.600,0,10,10,0.00,0.0000,0.0000,-35.7196,1.7333,0.0000,-0.0000,0.0000,-87.7528
2026-05-07 16:46:32.100,0,10,10,0.00,0.0000,0.0000,-35.7196,1.7333,0.0000,-0.0000,0.0000,-87.7528
2026-05-07 16:46:32.600,0,10,10,0.00,0.0000,0.0000,-35.7196,1.7333,0.0000,-0.0000,0.0000,-87.7528
2026-05-07 16:46:33.100,0,10,10,0.00,0.0000,0.0000,-35.7196,1.7333,0.0000,-0.0000,0.0000,-87.7528
2026-05-07 16:46:33.600,0,10,10,0.00,0.0000,0.0000,-35.7196,1.7333,0.0000,-0.0000,0.0000,-87.7528
2026-05-07 16:46:34.100,0,10,10,0.00,0.0000,0.0000,-35.7196,1.7333,0.0000,-0.0000,0.0000,-87.7528
2026-05-07 16:46:34.600,0,10,10,0.00,0.0000,0.0000,-35.7196,1.7333,0.0000,-0.0000,0.0000,-87.7528
2026-05-07 16:46:35.100,0,10,10,0.00,0.0000,0.0000,-35.7196,1.7333,0.0000,-0.0000,0.0000,-87.7528
2026-05-07 16:46:35.600,0,10,10,0.00,0.0000,0.0000,-35.7196,1.7333,0.0000,-0.0000,0.0000,-87.7528
2026-05-07 16:46:36.100,0,10,10,0.00,0.0000,0.0000,-35.7196,1.7333,0.0000,-0.0000,0.0000,-87.7528
2026-05-07 16:46:36.600,0,10,10,0.00,0.0000,0.0000,-35.7196,1.7333,0.0000,-0.0000,0.0000,-87.7528
2026-05-07 16:46:37.100,0,10,10,0.00,0.0000,0.0000,-35.7196,1.7333,0.0000,-0.0000,0.0000,-87.7528
2026-05-07 16:46:37.600,0,10,10,0.00,0.0000,0.0000,-35.7196,1.7333,0.0000,-0.0000,0.0000,-87.7528
2026-05-07 16:46:38.100,0,10,10,0.00,0.0000,0.0000,-35.7196,1.7333,0.0000,-0.0000,0.0000,-87.7528
2026-05-07 16:46:38.600,0,10,10,0.00,0.0000,0.0000,-35.7196,1.7333,0.0000,-0.0000,0.0000,-87.7528
2026-05-07 16:46:39.100,0,10,10,0.00,0.0000,0.0000,-35.7196,1.7333,0.0000,-0.0000,0.0000,-87.7528
2026-05-07 16:46:39.600,0,10,10,0.00,0.0000,0.0000,-35.7196,1.7333,0.0000,-0.0000,0.0000,-87.7528
2026-05-07 16:46:40.100,0,10,10,0.00,0.0000,0.0000,-35.7196,1.7333,0.0000,-0.0000,0.0000,-87.7528
2026-05-07 16:46:40.600,0,10,10,0.00,0.0000,0.0000,-35.7196,1.7333,0.0000,-0.0000,0.0000,-87.7528
2026-05-07 16:46:41.100,0,10,10,0.00,0.0000,0.0000,-35.7196,1.7333,0.0000,-0.0000,0.0000,-87.7528
2026-05-07 16:46:41.600,0,10,10,0.00,0.0000,0.0000,-35.7196,1.7333,0.0000,-0.0000,0.0000,-87.7528
2026-05-07 16:46:42.100,0,10,10,0.00,0.0000,0.0000,-35.7196,1.7333,0.0000,-0.0000,0.0000,-87.7528
2026-05-07 16:46:42.600,0,10,10,0.00,0.0000,0.0000,-35.7196,1.7333,0.0000,-0.0000,0.0000,-87.7528
2026-05-07 16:46:43.100,0,10,10,0.00,0.0000,0.0000,-35.7196,1.7333,0.0000,-0.0000,0.0000,-87.7528
2026-05-07 16:46:43.600,0,10,10,0.00,0.0000,0.0000,-35.7196,1.7333,0.0000,-0.0000,0.0000,-87.7528
2026-05-07 16:46:44.100,0,10,10,0.00,0.0000,0.0000,-35.7196,1.7333,0.0000,-0.0000,0.0000,-87.7528
2026-05-07 16:46:44.600,0,10,10,0.00,0.0000,0.0000,-35.7196,1.7333,0.0000,-0.0000,0.0000,-87.7528
2026-05-07 16:46:45.100,0,10,10,0.00,0.0000,0.0000,-35.7196,1.7333,0.0000,-0.0000,0.0000,-87.7528
2026-05-07 16:46:45.600,0,10,10,0.00,0.0000,0.0000,-35.7196,1.7333,0.0000,-0.0000,0.0000,-87.7528
2026-05-07 16:46:46.100,0,10,10,0.00,0.0000,0.0000,-35.7196,1.7333,0.0000,-0.0000,0.0000,-87.7528
2026-05-07 16:46:46.600,0,10,10,0.00,0.0000,0.0000,-35.7196,1.7333,0.0000,-0.0000,0.0000,-87.7528
2026-05-07 16:46:47.100,0,10,10,0.00,0.0000,0.0000,-35.7196,1.7333,0.0000,-0.0000,0.0000,-87.7528
2026-05-07 16:46:47.600,0,10,10,0.00,0.0000,0.0000,-35.7196,1.7333,0.0000,-0.0000,0.0000,-87.7528
2026-05-07 16:46:48.100,0,10,10,0.00,0.0000,0.0000,-35.7196,1.7333,0.0000,-0.0000,0.0000,-87.7528
2026-05-07 16:46:48.600,0,10,10,0.00,0.0000,0.0000,-35.7196,1.7333,0.0000,-0.0000,0.0000,-87.7528
2026-05-07 16:46:49.100,0,10,10,0.00,0.0000,0.0000,-35.7196,1.7333,0.0000,-0.0000,0.0000,-87.7528
2026-05-07 16:46:49.600,0,10,10,0.00,0.0000,0.0000,-35.7196,1.7333,0.0000,-0.0000,0.0000,-87.7528
2026-05-07 16:46:50.100,0,10,10,0.00,0.0000,0.0000,-35.7196,1.7333,0.0000,-0.0000,0.0000,-87.7528
2026-05-07 16:46:50.600,0,10,10,0.00,0.0000,0.0000,-35.7196,1.7333,0.0000,-0.0000,0.0000,-87.7528
2026-05-07 16:46:51.100,0,10,10,0.00,0.0000,0.0000,-35.7196,1.7333,0.0000,-0.0000,0.0000,-87.7528
2026-05-07 16:46:51.600,0,10,10,0.00,0.0000,0.0000,-35.7196,1.7333,0.0000,-0.0000,0.0000,-87.7528
2026-05-07 16:46:52.100,0,10,10,0.00,0.0000,0.0000,-35.7196,1.7333,0.0000,-0.0000,0.0000,-87.7528
2026-05-07 16:46:52.600,0,10,10,0.00,0.0000,0.0000,-35.7196,1.7333,0.0000,-0.0000,0.0000,-87.7528
2026-05-07 16:46:53.100,0,10,10,0.00,0.0000,0.0000,-35.7196,1.7333,0.0000,-0.0000,0.0000,-87.7528
2026-05-07 16:46:53.600,0,10,10,0.00,0.0000,0.0000,-35.7196,1.7333,0.0000,-0.0000,0.0000,-87.7528
2026-05-07 16:46:54.100,0,10,10,0.00,0.0000,0.0000,-35.7196,1.7333,0.0000,-0.0000,0.0000,-87.7528
2026-05-07 16:46:54.600,0,10,10,0.00,0.0000,0.0000,-35.7196,1.7333,0.0000,-0.0000,0.0000,-87.7528
2026-05-07 16:46:55.100,0,10,10,0.00,0.0000,0.0000,-35.7196,1.7333,0.0000,-0.0000,0.0000,-87.7528
2026-05-07 16:46:55.600,0,10,10,0.00,0.0000,0.0000,-35.7196,1.7333,0.0000,-0.0000,0.0000,-87.7528
2026-05-07 16:46:56.100,0,10,10,0.00,0.0000,0.0000,-35.7196,1.7333,0.0000,-0.0000,0.0000,-87.7528
2026-05-07 16:46:56.600,0,10,10,0.00,0.0000,0.0000,-35.7196,1.7333,0.0000,-0.0000,0.0000,-87.7528
2026-05-07 16:46:57.100,0,10,10,0.00,0.0000,0.0000,-35.7196,1.7333,0.0000,-0.0000,0.0000,-87.7528
2026-05-07 16:46:57.600,0,10,10,0.00,0.0000,0.0000,-35.7196,1.7333,0.0000,-0.0000,0.0000,-87.7528
2026-05-07 16:46:58.100,0,10,10,0.00,0.0000,0.0000,-35.7196,1.7333,0.0000,-0.0000,0.0000,-87.7528
2026-05-07 16:46:58.600,0,10,10,0.00,0.0000,0.0000,-35.7196,1.7333,0.0000,-0.0000,0.0000,-87.7528
2026-05-07 16:46:59.100,0,10,10,0.00,0.0000,0.0000,-35.7196,1.7333,0.0000,-0.0000,0.0000,-87.7528
2026-05-07 16:46:59.600,0,10,10,0.00,0.0000,0.0000,-35.7196,1.7333,0.0000,-0.0000,0.0000,-87.7528
2026-05-07 16:47:00.100,0,10,10,0.00,0.0000,0.0000,-35.7196,1.7333,0.0000,-0.0000,0.0000,-87.7528
2026-05-07 16:47:00.600,0,10,10,0.00,0.0000,0.0000,-35.7196,1.7333,0.0000,-0.0000,0.0000,-87.7528
2026-05-07 16:47:01.100,0,10,10,0.00,0.0000,0.0000,-35.7196,1.7333,0.0000,-0.0000,0.0000,-87.7528
2026-05-07 16:47:01.600,0,10,10,0.00,0.0000,0.0000,-35.7196,1.7333,0.0000,-0.0000,0.0000,-87.7528
2026-05-07 16:47:02.100,0,10,10,0.00,0.0000,0.0000,-35.7196,1.7333,0.0000,-0.0000,0.0000,-87.7528
2026-05-07 16:47:02.600,0,10,10,0.00,0.0000,0.0000,-35.7196,1.7333,0.0000,-0.0000,0.0000,-87.7528
2026-05-07 16:47:03.100,0,10,10,0.00,0.0000,0.0000,-35.7196,1.7333,0.0000,-0.0000,0.0000,-87.7528
2026-05-07 16:47:03.600,0,10,10,0.00,0.0000,0.0000,-35.7196,1.7333,0.0000,-0.0000,0.0000,-87.7528
2026-05-07 16:47:04.100,0,10,10,0.00,0.0000,0.0000,-35.7196,1.7333,0.0000,-0.0000,0.0000,-87.7528
2026-05-07 16:47:04.600,0,10,10,0.00,0.0000,0.0000,-35.7196,1.7333,0.0000,-0.0000,0.0000,-87.7528
2026-05-07 16:47:05.100,0,10,10,0.00,0.0000,0.0000,-35.7196,1.7333,0.0000,-0.0000,0.0000,-87.7528
2026-05-07 16:47:05.600,0,10,10,0.00,0.0000,0.0000,-35.7196,1.7333,0.0000,-0.0000,0.0000,-87.7528
2026-05-07 16:47:06.100,0,10,10,0.00,0.0000,0.0000,-35.7196,1.7333,0.0000,-0.0000,0.0000,-87.7528
2026-05-07 16:47:06.600,0,10,10,0.00,0.0000,0.0000,-35.7196,1.7333,0.0000,-0.0000,0.0000,-87.7528
2026-05-07 16:47:07.100,0,10,10,0.00,0.0000,0.0000,-35.7196,1.7333,0.0000,-0.0000,0.0000,-87.7528
2026-05-07 16:47:07.600,0,10,10,0.00,0.0000,0.0000,-35.7196,1.7333,0.0000,-0.0000,0.0000,-87.7528
2026-05-07 16:47:08.100,0,10,10,0.00,0.0000,0.0000,-35.7196,1.7333,0.0000,-0.0000,0.0000,-87.7528
2026-05-07 16:47:08.600,0,10,10,0.00,0.0000,0.0000,-35.7196,1.7333,0.0000,-0.0000,0.0000,-87.7528
2026-05-07 16:47:09.100,0,10,10,0.00,0.0000,0.0000,-35.7196,1.7333,0.0000,-0.0000,0.0000,-87.7528
2026-05-07 16:47:09.600,0,10,10,0.00,0.0000,0.0000,-35.7196,1.7333,0.0000,-0.0000,0.0000,-87.7528
2026-05-07 16:47:10.100,0,10,10,0.00,0.0000,0.0000,-35.7196,1.7333,0.0000,-0.0000,0.0000,-87.7528
2026-05-07 16:47:10.600,0,10,10,0.00,0.0000,0.0000,-35.7196,1.7333,0.0000,-0.0000,0.0000,-87.7528
2026-05-07 16:47:11.100,0,10,10,0.00,0.0000,0.0000,-35.7196,1.7333,0.0000,-0.0000,0.0000,-87.7528
2026-05-07 16:47:11.600,0,10,10,0.00,0.0000,0.0000,-35.7196,1.7333,0.0000,-0.0000,0.0000,-87.7528
2026-05-07 16:47:12.100,0,10,10,0.00,0.0000,0.0000,-35.7196,1.7333,0.0000,-0.0000,0.0000,-87.7528
2026-05-07 16:47:12.600,0,10,10,0.00,0.0000,0.0000,-35.7196,1.7333,0.0000,-0.0000,0.0000,-87.7528
2026-05-07 16:47:13.100,0,10,10,0.00,0.0000,0.0000,-35.7196,1.7333,0.0000,-0.0000,0.0000,-87.7528
2026-05-07 16:47:13.600,0,10,10,0.00,0.0000,0.0000,-35.7196,1.7333,0.0000,-0.0000,0.0000,-87.7528
2026-05-07 16:47:14.100,0,10,10,0.00,0.0000,0.0000,-35.7196,1.7333,0.0000,-0.0000,0.0000,-87.7528
2026-05-07 16:47:14.600,0,10,10,0.00,0.0000,0.0000,-35.7196,1.7333,0.0000,-0.0000,0.0000,-87.7528
2026-05-07 16:47:15.100,0,10,10,0.00,0.0000,0.0000,-35.7196,1.7333,0.0000,-0.0000,0.0000,-87.7528
2026-05-07 16:47:15.600,0,10,10,0.00,0.0000,0.0000,-35.7196,1.7333,0.0000,-0.0000,0.0000,-87.7528
2026-05-07 16:47:16.100,0,10,10,0.00,0.0000,0.0000,-35.7196,1.7333,0.0000,-0.0000,0.0000,-87.7528
2026-05-07 16:47:16.600,0,10,10,0.00,0.0000,0.0000,-35.7196,1.7333,0.0000,-0.0000,0.0000,-87.7528
2026-05-07 16:47:17.100,0,10,10,0.00,0.0000,0.0000,-35.7196,1.7333,0.0000,-0.0000,0.0000,-87.7528
2026-05-07 16:47:17.600,0,10,10,0.00,0.0000,0.0000,-35.7196,1.7333,0.0000,-0.0000,0.0000,-87.7528
2026-05-07 16:47:18.100,0,10,10,0.00,0.0000,0.0000,-35.7196,1.7333,0.0000,-0.0000,0.0000,-87.7528
2026-05-07 16:47:18.600,0,10,10,0.00,0.0000,0.0000,-35.7196,1.7333,0.0000,-0.0000,0.0000,-87.7528
2026-05-07 16:47:19.100,0,10,10,0.00,0.0000,0.0000,-35.7196,1.7333,0.0000,-0.0000,0.0000,-87.7528
2026-05-07 16:47:19.600,0,10,10,0.00,0.0000,0.0000,-35.7196,1.7333,0.0000,-0.0000,0.0000,-87.7528
2026-05-07 16:47:20.100,0,10,10,0.00,0.0000,0.0000,-35.7196,1.7333,0.0000,-0.0000,0.0000,-87.7528
2026-05-07 16:47:20.600,0,10,10,0.00,0.0000,0.0000,-35.7196,1.7333,0.0000,-0.0000,0.0000,-87.7528
2026-05-07 16:47:21.100,0,10,10,0.00,0.0000,0.0000,-35.7196,1.7333,0.0000,-0.0000,0.0000,-87.7528
2026-05-07 16:47:21.600,0,10,10,0.00,0.0000,0.0000,-35.7196,1.7333,0.0000,-0.0000,0.0000,-87.7528
2026-05-07 16:47:22.100,0,10,10,0.00,0.0000,0.0000,-35.7196,1.7333,0.0000,-0.0000,0.0000,-87.7528
2026-05-07 16:47:22.600,0,10,10,0.00,0.0000,0.0000,-35.7196,1.7333,0.0000,-0.0000,0.0000,-87.7528
2026-05-07 16:47:23.100,0,10,10,0.00,0.0000,0.0000,-35.7196,1.7333,0.0000,-0.0000,0.0000,-87.7528
2026-05-07 16:47:23.600,0,10,10,0.00,0.0000,0.0000,-35.7196,1.7333,0.0000,-0.0000,0.0000,-87.7528
2026-05-07 16:47:24.100,0,10,10,0.00,0.0000,0.0000,-35.7196,1.7333,0.0000,-0.0000,0.0000,-87.7528
2026-05-07 16:47:24.600,0,10,10,0.00,0.0000,0.0000,-35.7196,1.7333,0.0000,-0.0000,0.0000,-87.7528
2026-05-07 16:47:25.100,0,10,10,0.00,0.0000,0.0000,-35.7196,1.7333,0.0000,-0.0000,0.0000,-87.7528
2026-05-07 16:47:25.600,0,10,10,0.00,0.0000,0.0000,-35.7196,1.7333,0.0000,-0.0000,0.0000,-87.7528
2026-05-07 16:47:26.100,0,10,10,0.00,0.0000,0.0000,-35.7196,1.7333,0.0000,-0.0000,0.0000,-87.7528
2026-05-07 16:47:26.600,0,10,10,0.00,0.0000,0.0000,-35.7196,1.7333,0.0000,-0.0000,0.0000,-87.7528
2026-05-07 16:47:27.100,0,10,10,0.00,0.0000,0.0000,-35.7196,1.7333,0.0000,-0.0000,0.0000,-87.7528
2026-05-07 16:47:27.600,0,10,10,0.00,0.0000,0.0000,-35.7196,1.7333,0.0000,-0.0000,0.0000,-87.7528
2026-05-07 16:47:28.100,0,10,10,0.00,0.0000,0.0000,-35.7196,1.7333,0.0000,-0.0000,0.0000,-87.7528
2026-05-07 16:47:28.600,0,10,10,0.00,0.0000,0.0000,-35.7196,1.7333,0.0000,-0.0000,0.0000,-87.7528
2026-05-07 16:47:29.100,0,10,10,0.00,0.0000,0.0000,-35.7196,1.7333,0.0000,-0.0000,0.0000,-87.7528
2026-05-07 16:47:29.600,0,10,10,0.00,0.0000,0.0000,-35.7196,1.7333,0.0000,-0.0000,0.0000,-87.7528
2026-05-07 16:47:30.100,0,10,10,0.00,0.0000,0.0000,-35.7196,1.7333,0.0000,-0.0000,0.0000,-87.7528
2026-05-07 16:47:30.603,0,10,10,0.00,0.0000,0.0000,-35.7196,1.7333,0.0000,-0.0000,0.0000,-87.7528
