Timestamp,IMU_Packages_per_sec,Odom_Packages_per_sec,Send_Packages_per_sec,Yaw_Angle,Left_Velocity_mps,Right_Velocity_mps,x,y,quaternion_yaw,Left_Velocity_LOS,Right_Velocity_LOS,theta_yaw
2026-05-06 16:17:34.132,0,9,9,0.00,0.0000,0.0000,0.0000,0.0000,0.0000,0.0000,0.0000,0.0000
2026-05-06 16:17:34.632,0,10,10,0.00,0.0000,0.0000,0.0000,0.0000,0.0000,0.0000,0.0000,0.0000
2026-05-06 16:17:35.132,0,10,10,0.00,0.0000,0.0003,0.0000,0.0000,0.0000,0.0000,0.0000,0.0000
2026-05-06 16:17:35.632,0,10,10,0.00,0.0001,0.0000,0.0000,0.0000,0.0000,0.0000,0.0000,0.0000
2026-05-06 16:17:36.132,0,10,10,0.00,0.0000,0.0000,0.0000,0.0000,0.0000,-0.0000,0.0000,0.0000
2026-05-06 16:17:36.632,0,10,10,0.00,-0.0001,0.0000,0.0000,0.0000,0.0000,-0.0000,0.0000,0.0000
2026-05-06 16:17:37.132,0,10,10,0.00,-0.0003,0.0000,0.0000,0.0000,0.0000,-0.0000,0.0000,0.0000
2026-05-06 16:17:37.632,0,10,10,0.00,0.0000,0.0003,0.0000,0.0000,0.0000,-0.0000,0.0000,0.0000
2026-05-06 16:17:38.132,0,10,10,0.00,0.0001,0.0000,0.0000,0.0000,0.0000,-0.0000,0.0000,0.0000
2026-05-06 16:17:38.632,0,10,10,0.00,0.0000,0.0000,0.0000,0.0000,0.0000,-0.0000,0.0000,0.0000
2026-05-06 16:17:39.132,0,10,10,0.00,0.0000,0.0003,0.0000,0.0000,0.0000,-0.0000,0.0000,0.0000
2026-05-06 16:17:39.632,0,10,10,0.00,0.0001,0.0003,0.0000,0.0000,0.0000,-0.0000,0.0000,0.0000
2026-05-06 16:17:40.132,0,10,10,0.00,-0.0001,0.0001,0.0000,0.0000,0.0000,-0.0000,0.0000,1.0813
2026-05-06 16:17:40.632,0,10,10,0.00,0.0000,-0.0001,0.0000,0.0000,0.0000,-0.0000,0.0000,1.0813
2026-05-06 16:17:41.132,0,10,10,0.00,-0.0003,0.0000,0.0000,0.0000,0.0000,-0.0000,0.0000,1.0813
2026-05-06 16:17:41.631,0,10,10,0.00,0.0000,0.0000,0.0000,0.0000,0.0000,-0.0000,0.0000,1.0813
2026-05-06 16:17:42.132,0,10,10,0.00,0.0001,-0.0003,0.0000,0.0000,0.0000,-0.0000,0.0000,1.0813
2026-05-06 16:17:42.632,0,10,10,0.00,-0.0001,-0.0001,0.0000,0.0000,0.0000,-0.0000,0.0000,1.0813
2026-05-06 16:17:43.131,0,10,10,0.00,-0.0001,0.0000,0.0000,0.0000,0.0000,-0.0000,0.0000,1.0813
2026-05-06 16:17:43.632,0,10,10,0.00,-0.0001,-0.0003,0.0000,0.0000,0.0000,-0.0000,0.0000,1.0813
2026-05-06 16:17:44.132,0,10,10,0.00,-0.0001,0.0000,0.0000,0.0000,0.0000,-0.0000,0.0000,1.0813
2026-05-06 16:17:44.631,0,10,10,0.00,-0.0001,0.0000,0.0000,0.0000,0.0000,-0.0000,0.0000,1.0813
2026-05-06 16:17:45.132,0,10,10,0.00,0.0001,0.0000,0.0000,0.0000,0.0000,-0.0000,0.0000,1.0813
2026-05-06 16:17:45.632,0,10,10,0.00,-0.0001,0.0000,0.0000,0.0000,0.0000,-0.0000,0.0000,2.1848
2026-05-06 16:17:46.132,0,10,10,0.00,0.0000,0.0000,0.0000,0.0000,0.0000,-0.0000,0.0000,2.1848
2026-05-06 16:17:46.631,0,10,10,0.00,0.0000,0.0000,0.0000,0.0000,0.0000,-0.0000,0.0000,2.1848
2026-05-06 16:17:47.132,0,10,10,0.00,0.0000,0.0000,0.0000,0.0000,0.0000,-0.0000,0.0000,2.1848
2026-05-06 16:17:47.632,0,10,10,0.00,0.0000,0.0001,0.0000,0.0000,0.0000,-0.0000,0.0000,2.1848
2026-05-06 16:17:48.132,0,10,10,0.00,0.0001,0.0000,0.0000,0.0000,0.0000,-0.0000,0.0000,2.1848
2026-05-06 16:17:48.632,0,10,10,0.00,0.0000,0.0000,0.0000,0.0000,0.0000,-0.0000,0.0000,2.1848
2026-05-06 16:17:49.132,0,10,10,0.00,0.0003,0.0001,0.0000,0.0000,0.0000,-0.0000,0.0000,2.1848
2026-05-06 16:17:49.632,0,10,10,0.00,0.1473,-0.1284,-0.0301,-0.0004,0.0000,-0.0000,0.0000,2.1848
2026-05-06 16:17:50.132,0,10,10,0.00,0.2248,-0.2753,-0.1285,-0.0008,0.0000,-0.0000,0.0000,0.7225
2026-05-06 16:17:50.632,0,10,10,0.00,0.3030,-0.4837,-0.3023,0.0077,0.0000,-0.0000,0.0000,-1.9194
2026-05-06 16:17:51.132,0,10,10,0.00,0.1775,-0.2661,-0.4663,0.0322,0.0000,-0.0000,0.0000,-6.6050
2026-05-06 16:17:51.632,0,10,10,0.00,-0.0012,0.0098,-0.5000,0.0395,0.0000,-0.0000,0.0000,-10.7091
2026-05-06 16:17:52.132,0,10,10,0.00,-0.0054,0.1588,-0.4788,0.0349,0.0000,-0.0000,0.0000,-8.5784
2026-05-06 16:17:52.631,0,10,10,0.00,-0.1088,0.3287,-0.4048,0.0294,0.0000,-0.0000,0.0000,2.9358
2026-05-06 16:17:53.132,0,10,10,0.00,-0.2543,0.2808,-0.2642,0.0424,0.0000,-0.0000,0.0000,14.7516
2026-05-06 16:17:53.632,0,10,10,0.00,-0.0691,-0.0021,-0.1894,0.0508,0.0000,-0.0000,0.0000,8.7008
2026-05-06 16:17:54.131,0,10,10,0.00,-0.1276,0.0588,-0.1722,0.0511,0.0000,-0.0000,0.0000,7.3529
2026-05-06 16:17:54.631,0,10,10,0.00,-0.0209,0.0253,-0.1275,0.0498,0.0000,-0.0000,0.0000,2.6348
2026-05-06 16:17:55.132,0,10,10,0.00,0.0022,0.0001,-0.1321,0.0500,0.0000,-0.0000,0.0000,2.6348
2026-05-06 16:17:55.632,0,10,10,0.00,-0.0336,0.0000,-0.1301,0.0499,0.0000,-0.0000,0.0000,2.6348
2026-05-06 16:17:56.132,0,10,10,0.00,-0.1970,0.1397,-0.0805,0.0466,0.0000,-0.0000,0.0000,1.7512
2026-05-06 16:17:56.632,0,10,10,0.00,-0.0001,0.0401,-0.0083,0.0400,0.0000,-0.0000,0.0000,-0.1812
2026-05-06 16:17:57.132,0,10,10,0.00,0.0001,0.0174,-0.0073,0.0399,0.0000,-0.0000,0.0000,1.0864
2026-05-06 16:17:57.632,0,10,10,0.00,0.0000,0.0196,0.0051,0.0393,0.0000,-0.0000,0.0000,2.7549
2026-05-06 16:17:58.131,0,10,10,0.00,-0.0670,0.0013,0.0105,0.0391,0.0000,-0.0000,0.0000,2.7549
2026-05-06 16:17:58.632,0,10,10,0.00,-0.0001,0.0000,0.0138,0.0389,0.0000,-0.0000,0.0000,2.7549
2026-05-06 16:17:59.132,0,10,10,0.00,-0.0003,0.0250,0.0216,0.0386,0.0000,-0.0000,0.0000,2.7549
2026-05-06 16:17:59.631,0,10,10,0.00,0.0000,-0.0003,0.0223,0.0386,0.0000,-0.0000,0.0000,2.7549
2026-05-06 16:18:00.132,0,10,10,0.00,-0.0003,0.0000,0.0223,0.0386,0.0000,-0.0000,0.0000,2.7549
2026-05-06 16:18:00.632,0,10,10,0.00,0.0000,0.0000,0.0223,0.0386,0.0000,-0.0000,0.0000,3.3762
2026-05-06 16:18:01.131,0,10,10,0.00,0.0000,0.0000,0.0223,0.0386,0.0000,-0.0000,0.0000,3.3762
2026-05-06 16:18:01.631,0,10,10,0.00,-0.0001,0.0000,0.0223,0.0386,0.0000,-0.0000,0.0000,3.3762
2026-05-06 16:18:02.131,0,10,10,0.00,-0.0001,0.0000,0.0223,0.0386,0.0000,-0.0000,0.0000,3.3762
2026-05-06 16:18:02.632,0,10,10,0.00,0.0003,0.0000,0.0223,0.0386,0.0000,-0.0000,0.0000,3.3762
2026-05-06 16:18:03.131,0,10,10,0.00,-0.0001,0.0000,0.0223,0.0386,0.0000,-0.0000,0.0000,3.3762
2026-05-06 16:18:03.632,0,10,10,0.00,0.0000,0.0000,0.0223,0.0386,0.0000,-0.0000,0.0000,3.3762
2026-05-06 16:18:04.132,0,10,10,0.00,-0.0001,0.0000,0.0223,0.0386,0.0000,-0.0000,0.0000,3.3762
2026-05-06 16:18:04.632,0,10,10,0.00,0.0000,0.0000,0.0223,0.0386,0.0000,-0.0000,0.0000,3.3762
2026-05-06 16:18:05.132,0,10,10,0.00,-0.0003,0.0001,0.0223,0.0386,0.0000,-0.0000,0.0000,3.3762
2026-05-06 16:18:05.632,0,10,10,0.00,-0.0001,0.0000,0.0223,0.0386,0.0000,-0.0000,0.0000,3.3762
2026-05-06 16:18:06.132,0,10,10,0.00,0.0000,-0.0001,0.0223,0.0386,0.0000,-0.0000,0.0000,3.3762
2026-05-06 16:18:06.632,0,10,10,0.00,-0.0001,0.0003,0.0223,0.0386,0.0000,-0.0000,0.0000,3.3762
2026-05-06 16:18:07.132,0,10,10,0.00,0.0001,-0.0001,0.0223,0.0386,0.0000,-0.0000,0.0000,3.3762
2026-05-06 16:18:07.632,0,10,10,0.00,0.0001,0.0003,0.0223,0.0386,0.0000,-0.0000,0.0000,3.3762
2026-05-06 16:18:08.132,0,9,10,0.00,0.0000,0.0000,0.0223,0.0386,0.0000,-0.0000,0.0000,3.3762
2026-05-06 16:18:08.632,0,10,10,0.00,0.0000,0.0000,0.0223,0.0386,0.0000,-0.0000,0.0000,3.3762
2026-05-06 16:18:09.132,0,10,10,0.00,0.0000,0.0004,0.0223,0.0386,0.0000,-0.0000,0.0000,3.3762
2026-05-06 16:18:09.631,0,9,10,0.00,-0.0001,0.0000,0.0223,0.0386,0.0000,-0.0000,0.0000,3.3762
2026-05-06 16:18:10.131,0,10,10,0.00,0.0000,0.0001,0.0223,0.0386,0.0000,-0.0000,0.0000,3.3762
2026-05-06 16:18:10.632,0,10,10,0.00,0.0000,0.0000,0.0223,0.0386,0.0000,-0.0000,0.0000,3.3762
2026-05-06 16:18:11.131,0,10,10,0.00,0.0000,0.0000,0.0223,0.0386,0.0000,-0.0000,0.0000,3.3762
2026-05-06 16:18:11.631,0,9,10,0.00,-0.0003,0.0000,0.0223,0.0386,0.0000,-0.0000,0.0000,3.3762
2026-05-06 16:18:12.131,0,9,10,0.00,0.0000,0.0000,0.0223,0.0386,0.0000,-0.0000,0.0000,3.3762
2026-05-06 16:18:12.632,0,9,10,0.00,0.0003,0.0000,0.0223,0.0386,0.0000,-0.0000,0.0000,3.3762
2026-05-06 16:18:13.132,0,9,10,0.00,0.0001,0.0000,0.0223,0.0386,0.0000,-0.0000,0.0000,3.3762
2026-05-06 16:18:13.632,0,9,10,0.00,-0.0001,0.0000,0.0223,0.0386,0.0000,-0.0000,0.0000,3.3762
2026-05-06 16:18:14.132,0,9,10,0.00,-0.0004,0.0000,0.0223,0.0386,0.0000,-0.0000,0.0000,3.3762
2026-05-06 16:18:14.632,0,10,10,0.00,0.0000,0.0001,0.0223,0.0386,0.0000,-0.0000,0.0000,3.3762
2026-05-06 16:18:15.131,0,9,10,0.00,0.0000,0.0000,0.0223,0.0386,0.0000,-0.0000,0.0000,3.3762
2026-05-06 16:18:15.632,0,9,10,0.00,0.0000,0.0001,0.0223,0.0386,0.0000,-0.0000,0.0000,3.3762
2026-05-06 16:18:16.131,0,9,10,0.00,0.0000,0.0001,0.0223,0.0386,0.0000,-0.0000,0.0000,3.3762
2026-05-06 16:18:16.631,0,9,10,0.00,0.0001,0.0000,0.0223,0.0386,0.0000,-0.0000,0.0000,3.3762
2026-05-06 16:18:17.131,0,9,10,0.00,0.0000,0.0000,0.0223,0.0386,0.0000,-0.0000,0.0000,3.3762
2026-05-06 16:18:17.631,0,9,10,0.00,0.0000,-0.0001,0.0223,0.0386,0.0000,-0.0000,0.0000,3.3762
2026-05-06 16:18:18.131,0,9,10,0.00,0.0000,0.0000,0.0223,0.0386,0.0000,-0.0000,0.0000,3.3762
2026-05-06 16:18:18.632,0,9,10,0.00,0.0000,0.0000,0.0223,0.0386,0.0000,-0.0000,0.0000,3.3762
2026-05-06 16:18:19.132,0,9,10,0.00,0.0000,-0.0001,0.0223,0.0386,0.0000,-0.0000,0.0000,3.3762
2026-05-06 16:18:19.632,0,9,10,0.00,0.0000,0.0000,0.0223,0.0386,0.0000,-0.0000,0.0000,3.3762
2026-05-06 16:18:20.132,0,9,10,0.00,0.0000,0.0000,0.0223,0.0386,0.0000,-0.0000,0.0000,3.3762
2026-05-06 16:18:20.632,0,9,10,0.00,0.0000,0.0000,0.0223,0.0386,0.0000,-0.0000,0.0000,3.3762
2026-05-06 16:18:21.132,0,9,10,0.00,0.0001,0.0001,0.0223,0.0386,0.0000,-0.0000,0.0000,3.3762
2026-05-06 16:18:21.632,0,9,10,0.00,0.0000,-0.0001,0.0223,0.0386,0.0000,-0.0000,0.0000,3.3762
2026-05-06 16:18:22.132,0,9,10,0.00,0.0000,0.0000,0.0223,0.0386,0.0000,-0.0000,0.0000,3.3762
2026-05-06 16:18:22.632,0,9,10,0.00,0.0000,0.0001,0.0223,0.0386,0.0000,-0.0000,0.0000,3.3762
2026-05-06 16:18:23.132,0,9,10,0.00,-0.0003,-0.0004,0.0223,0.0386,0.0000,-0.0000,0.0000,3.3762
2026-05-06 16:18:23.632,0,9,10,0.00,0.0000,0.0001,0.0223,0.0386,0.0000,-0.0000,0.0000,3.3762
2026-05-06 16:18:24.132,0,9,10,0.00,0.0000,0.0000,0.0223,0.0386,0.0000,-0.0000,0.0000,3.3762
2026-05-06 16:18:24.632,0,9,10,0.00,-0.0001,0.0000,0.0223,0.0386,0.0000,-0.0000,0.0000,3.3762
2026-05-06 16:18:25.132,0,9,10,0.00,0.0003,0.0003,0.0223,0.0386,0.0000,-0.0000,0.0000,3.3762
2026-05-06 16:18:25.632,0,9,10,0.00,0.0000,0.0001,0.0223,0.0386,0.0000,-0.0000,0.0000,3.3762
2026-05-06 16:18:26.132,0,9,10,0.00,0.0000,0.0000,0.0223,0.0386,0.0000,-0.0000,0.0000,3.3762
2026-05-06 16:18:26.632,0,9,10,0.00,0.0000,0.0001,0.0223,0.0386,0.0000,-0.0000,0.0000,3.3762
2026-05-06 16:18:27.132,0,9,10,0.00,0.0000,-0.0001,0.0223,0.0386,0.0000,-0.0000,0.0000,3.3762
2026-05-06 16:18:27.632,0,8,10,0.00,0.0001,0.0000,0.0223,0.0386,0.0000,-0.0000,0.0000,3.3762
2026-05-06 16:18:28.131,0,9,10,0.00,0.0000,0.0000,0.0223,0.0386,0.0000,-0.0000,0.0000,3.3762
2026-05-06 16:18:28.632,0,9,10,0.00,0.0000,0.0000,0.0223,0.0386,0.0000,-0.0000,0.0000,3.3762
2026-05-06 16:18:29.132,0,9,10,0.00,-0.0003,-0.0001,0.0223,0.0386,0.0000,-0.0000,0.0000,3.3762
2026-05-06 16:18:29.632,0,9,10,0.00,-0.0003,0.0000,0.0223,0.0386,0.0000,-0.0000,0.0000,3.3762
2026-05-06 16:18:30.132,0,9,10,0.00,-0.0001,0.0003,0.0223,0.0386,0.0000,-0.0000,0.0000,3.3762
2026-05-06 16:18:30.632,0,9,10,0.00,-0.0003,-0.0001,0.0223,0.0386,0.0000,-0.0000,0.0000,3.3762
2026-05-06 16:18:31.131,0,9,10,0.00,0.0001,0.0001,0.0223,0.0386,0.0000,-0.0000,0.0000,3.3762
2026-05-06 16:18:31.632,0,9,10,0.00,0.0004,0.0000,0.0223,0.0386,0.0000,-0.0000,0.0000,3.3762
2026-05-06 16:18:32.132,0,9,10,0.00,0.0000,0.0000,0.0223,0.0386,0.0000,-0.0000,0.0000,3.3762
2026-05-06 16:18:32.632,0,9,10,0.00,0.0000,0.0000,0.0223,0.0386,0.0000,-0.0000,0.0000,3.3762
2026-05-06 16:18:33.132,0,9,10,0.00,0.0000,0.0000,0.0223,0.0386,0.0000,-0.0000,0.0000,3.3762
2026-05-06 16:18:33.632,0,9,10,0.00,0.0000,0.0000,0.0223,0.0386,0.0000,-0.0000,0.0000,3.3762
2026-05-06 16:18:34.132,0,9,10,0.00,0.0000,-0.0001,0.0223,0.0386,0.0000,-0.0000,0.0000,3.3762
2026-05-06 16:18:34.632,0,9,10,0.00,0.0000,0.0000,0.0223,0.0386,0.0000,-0.0000,0.0000,3.3762
2026-05-06 16:18:35.132,0,9,10,0.00,0.0000,0.0000,0.0223,0.0386,0.0000,-0.0000,0.0000,3.3762
2026-05-06 16:18:35.632,0,9,10,0.00,-0.0001,0.0000,0.0223,0.0386,0.0000,-0.0000,0.0000,3.3762
2026-05-06 16:18:36.132,0,9,10,0.00,0.0000,-0.0003,0.0223,0.0386,0.0000,-0.0000,0.0000,3.3762
2026-05-06 16:18:36.631,0,9,10,0.00,0.0000,-0.0004,0.0223,0.0386,0.0000,-0.0000,0.0000,3.3762
2026-05-06 16:18:37.132,0,9,10,0.00,0.0000,-0.0001,0.0223,0.0386,0.0000,-0.0000,0.0000,3.3762
2026-05-06 16:18:37.632,0,9,10,0.00,0.0004,0.0001,0.0223,0.0386,0.0000,-0.0000,0.0000,3.3762
2026-05-06 16:18:38.132,0,9,10,0.00,0.0001,0.0001,0.0223,0.0386,0.0000,-0.0000,0.0000,3.3762
2026-05-06 16:18:38.631,0,9,10,0.00,0.0001,0.0000,0.0223,0.0386,0.0000,-0.0000,0.0000,3.3762
2026-05-06 16:18:39.132,0,9,10,0.00,0.0000,0.0000,0.0223,0.0386,0.0000,-0.0000,0.0000,3.3762
2026-05-06 16:18:39.632,0,9,10,0.00,0.0000,0.0001,0.0223,0.0386,0.0000,-0.0000,0.0000,3.3762
2026-05-06 16:18:40.132,0,9,10,0.00,0.0000,-0.0001,0.0223,0.0386,0.0000,-0.0000,0.0000,3.3762
2026-05-06 16:18:40.632,0,9,10,0.00,0.0003,0.0000,0.0223,0.0386,0.0000,-0.0000,0.0000,3.3762
2026-05-06 16:18:41.131,0,9,10,0.00,0.0001,0.0001,0.0223,0.0386,0.0000,-0.0000,0.0000,3.3762
2026-05-06 16:18:41.632,0,10,10,0.00,0.0000,0.0003,0.0223,0.0386,0.0000,-0.0000,0.0000,3.3762
2026-05-06 16:18:42.132,0,9,10,0.00,0.0000,0.0000,0.0223,0.0386,0.0000,-0.0000,0.0000,3.3762
2026-05-06 16:18:42.632,0,9,10,0.00,0.0000,-0.0004,0.0223,0.0386,0.0000,-0.0000,0.0000,3.3762
2026-05-06 16:18:43.132,0,9,10,0.00,-0.0001,-0.0001,0.0223,0.0386,0.0000,-0.0000,0.0000,3.3762
2026-05-06 16:18:43.631,0,9,10,0.00,0.0003,0.0000,0.0223,0.0386,0.0000,-0.0000,0.0000,3.3762
2026-05-06 16:18:44.132,0,9,10,0.00,-0.0003,0.0000,0.0223,0.0386,0.0000,-0.0000,0.0000,3.3762
2026-05-06 16:18:44.632,0,10,10,0.00,0.0000,0.0001,0.0223,0.0386,0.0000,-0.0000,0.0000,3.3762
2026-05-06 16:18:45.132,0,9,10,0.00,0.0000,0.0000,0.0223,0.0386,0.0000,-0.0000,0.0000,3.3762
2026-05-06 16:18:45.631,0,9,10,0.00,0.0000,-0.0004,0.0223,0.0386,0.0000,-0.0000,0.0000,3.3762
2026-05-06 16:18:46.131,0,10,10,0.00,0.0000,0.0000,0.0223,0.0386,0.0000,-0.0000,0.0000,3.3762
2026-05-06 16:18:46.632,0,9,10,0.00,0.0003,0.0000,0.0223,0.0386,0.0000,-0.0000,0.0000,3.3762
2026-05-06 16:18:47.131,0,10,10,0.00,-0.0001,-0.0001,0.0223,0.0386,0.0000,-0.0000,0.0000,3.3762
2026-05-06 16:18:47.632,0,10,10,0.00,-0.0001,0.0000,0.0223,0.0386,0.0000,-0.0000,0.0000,3.3762
2026-05-06 16:18:48.131,0,10,10,0.00,-0.0003,0.0000,0.0223,0.0386,0.0000,-0.0000,0.0000,3.3762
2026-05-06 16:18:48.632,0,10,10,0.00,-0.0004,0.0000,0.0223,0.0386,0.0000,-0.0000,0.0000,3.3762
2026-05-06 16:18:49.131,0,10,10,0.00,-0.0003,0.0000,0.0223,0.0386,0.0000,-0.0000,0.0000,3.3762
2026-05-06 16:18:49.632,0,10,10,0.00,0.0001,0.0000,0.0223,0.0386,0.0000,-0.0000,0.0000,3.3762
2026-05-06 16:18:50.132,0,10,10,0.00,0.0000,-0.0001,0.0223,0.0386,0.0000,-0.0000,0.0000,3.3762
2026-05-06 16:18:50.632,0,10,10,0.00,0.0001,0.0001,0.0223,0.0386,0.0000,-0.0000,0.0000,3.3762
2026-05-06 16:18:51.132,0,10,10,0.00,0.0000,0.0001,0.0223,0.0386,0.0000,-0.0000,0.0000,3.3762
2026-05-06 16:18:51.632,0,10,10,0.00,0.0000,0.0000,0.0223,0.0386,0.0000,-0.0000,0.0000,3.3762
2026-05-06 16:18:52.132,0,10,10,0.00,0.0000,0.0001,0.0223,0.0386,0.0000,-0.0000,0.0000,3.3762
2026-05-06 16:18:52.632,0,10,10,0.00,0.0000,-0.0001,0.0223,0.0386,0.0000,-0.0000,0.0000,3.3762
2026-05-06 16:18:53.131,0,10,10,0.00,0.0000,0.0003,0.0223,0.0386,0.0000,-0.0000,0.0000,3.3762
2026-05-06 16:18:53.632,0,10,10,0.00,0.0000,0.0000,0.0223,0.0386,0.0000,-0.0000,0.0000,3.3762
2026-05-06 16:18:54.131,0,10,10,0.00,0.0001,0.0000,0.0223,0.0386,0.0000,-0.0000,0.0000,3.3762
2026-05-06 16:18:54.632,0,10,10,0.00,-0.0001,0.0000,0.0223,0.0386,0.0000,-0.0000,0.0000,3.3762
2026-05-06 16:18:55.131,0,10,10,0.00,0.0003,-0.0001,0.0223,0.0386,0.0000,-0.0000,0.0000,3.3762
2026-05-06 16:18:55.632,0,10,10,0.00,0.0000,-0.0001,0.0223,0.0386,0.0000,-0.0000,0.0000,3.3762
2026-05-06 16:18:56.131,0,10,10,0.00,0.0000,-0.0001,0.0223,0.0386,0.0000,-0.0000,0.0000,3.3762
2026-05-06 16:18:56.632,0,10,10,0.00,-0.0003,0.0000,0.0223,0.0386,0.0000,-0.0000,0.0000,3.3762
2026-05-06 16:18:57.132,0,10,10,0.00,0.0000,0.0000,0.0223,0.0386,0.0000,-0.0000,0.0000,3.3762
2026-05-06 16:18:57.632,0,10,10,0.00,0.0000,0.0000,0.0223,0.0386,0.0000,-0.0000,0.0000,3.3762
2026-05-06 16:18:58.131,0,10,10,0.00,-0.0001,0.0000,0.0223,0.0386,0.0000,-0.0000,0.0000,3.3762
2026-05-06 16:18:58.631,0,10,10,0.00,0.0000,0.0000,0.0223,0.0386,0.0000,-0.0000,0.0000,3.3762
2026-05-06 16:18:59.132,0,10,10,0.00,0.0000,0.0000,0.0223,0.0386,0.0000,-0.0000,0.0000,3.3762
2026-05-06 16:18:59.632,0,10,10,0.00,0.0000,-0.0001,0.0223,0.0386,0.0000,-0.0000,0.0000,3.3762
2026-05-06 16:19:00.132,0,10,10,0.00,0.0000,-0.0001,0.0223,0.0386,0.0000,-0.0000,0.0000,3.3762
2026-05-06 16:19:00.632,0,10,10,0.00,0.0000,0.0000,0.0223,0.0386,0.0000,-0.0000,0.0000,3.3762
2026-05-06 16:19:01.131,0,10,10,0.00,-0.0005,0.0003,0.0223,0.0386,0.0000,-0.0000,0.0000,3.3762
2026-05-06 16:19:01.632,0,10,10,0.00,-0.0001,-0.0001,0.0223,0.0386,0.0000,-0.0000,0.0000,3.3762
2026-05-06 16:19:02.132,0,10,10,0.00,0.0000,0.0000,0.0223,0.0386,0.0000,-0.0000,0.0000,3.3762
2026-05-06 16:19:02.632,0,10,10,0.00,0.0000,0.0000,0.0223,0.0386,0.0000,-0.0000,0.0000,3.3762
2026-05-06 16:19:03.132,0,10,10,0.00,0.0000,-0.0001,0.0223,0.0386,0.0000,-0.0000,0.0000,3.3762
2026-05-06 16:19:03.631,0,10,10,0.00,0.0004,0.0000,0.0223,0.0386,0.0000,-0.0000,0.0000,3.3762
2026-05-06 16:19:04.131,0,10,10,0.00,0.0000,0.0003,0.0223,0.0386,0.0000,-0.0000,0.0000,3.3762
2026-05-06 16:19:04.631,0,10,10,0.00,-0.0003,-0.0003,0.0223,0.0386,0.0000,-0.0000,0.0000,3.3762
2026-05-06 16:19:05.132,0,10,10,0.00,-0.0001,0.0001,0.0223,0.0386,0.0000,-0.0000,0.0000,3.3762
2026-05-06 16:19:05.632,0,10,10,0.00,0.0003,0.0000,0.0223,0.0386,0.0000,-0.0000,0.0000,3.3762
2026-05-06 16:19:06.132,0,10,10,0.00,0.0000,-0.0001,0.0223,0.0386,0.0000,-0.0000,0.0000,3.3762
2026-05-06 16:19:06.632,0,10,10,0.00,0.0004,0.0003,0.0223,0.0386,0.0000,-0.0000,0.0000,3.3762
2026-05-06 16:19:07.132,0,10,10,0.00,0.0000,0.0000,0.0223,0.0386,0.0000,-0.0000,0.0000,3.3762
2026-05-06 16:19:07.632,0,10,10,0.00,-0.0001,0.0000,0.0223,0.0386,0.0000,-0.0000,0.0000,3.3762
2026-05-06 16:19:08.131,0,10,10,0.00,0.0000,0.0000,0.0223,0.0386,0.0000,-0.0000,0.0000,3.3762
2026-05-06 16:19:08.632,0,10,10,0.00,-0.0001,-0.0001,0.0223,0.0386,0.0000,-0.0000,0.0000,3.3762
2026-05-06 16:19:09.131,0,10,10,0.00,0.0000,-0.0001,0.0223,0.0386,0.0000,-0.0000,0.0000,3.3762
2026-05-06 16:19:09.632,0,10,10,0.00,0.0000,0.0003,0.0223,0.0386,0.0000,-0.0000,0.0000,3.3762
2026-05-06 16:19:10.131,0,10,10,0.00,0.0000,0.0001,0.0223,0.0386,0.0000,-0.0000,0.0000,3.3762
2026-05-06 16:19:10.631,0,10,10,0.00,-0.0005,0.0000,0.0223,0.0386,0.0000,-0.0000,0.0000,3.3762
2026-05-06 16:19:11.132,0,10,10,0.00,-0.0001,0.0000,0.0223,0.0386,0.0000,-0.0000,0.0000,3.3762
2026-05-06 16:19:11.632,0,10,10,0.00,-0.0001,0.0000,0.0223,0.0386,0.0000,-0.0000,0.0000,3.3762
2026-05-06 16:19:12.131,0,10,10,0.00,0.0000,0.0000,0.0223,0.0386,0.0000,-0.0000,0.0000,3.3762
2026-05-06 16:19:12.631,0,10,10,0.00,-0.0003,0.0003,0.0223,0.0386,0.0000,-0.0000,0.0000,3.3762
2026-05-06 16:19:13.131,0,10,10,0.00,0.0000,-0.0001,0.0223,0.0386,0.0000,-0.0000,0.0000,3.3762
2026-05-06 16:19:13.632,0,10,10,0.00,0.0000,0.0000,0.0223,0.0386,0.0000,-0.0000,0.0000,3.3762
2026-05-06 16:19:14.131,0,10,10,0.00,0.0000,0.0001,0.0223,0.0386,0.0000,-0.0000,0.0000,3.3762
2026-05-06 16:19:14.631,0,10,10,0.00,0.0000,0.0000,0.0223,0.0386,0.0000,-0.0000,0.0000,3.3762
2026-05-06 16:19:15.132,0,10,10,0.00,0.0000,-0.0003,0.0223,0.0386,0.0000,-0.0000,0.0000,3.3762
2026-05-06 16:19:15.632,0,10,10,0.00,0.0000,0.0000,0.0223,0.0386,0.0000,-0.0000,0.0000,3.3762
2026-05-06 16:19:16.131,0,10,10,0.00,0.0003,-0.0001,0.0223,0.0386,0.0000,-0.0000,0.0000,3.3762
2026-05-06 16:19:16.632,0,10,10,0.00,0.0000,-0.0001,0.0223,0.0386,0.0000,-0.0000,0.0000,3.3762
2026-05-06 16:19:17.131,0,10,10,0.00,0.0000,0.0001,0.0223,0.0386,0.0000,-0.0000,0.0000,3.3762
2026-05-06 16:19:17.632,0,10,10,0.00,0.0000,0.0000,0.0223,0.0386,0.0000,-0.0000,0.0000,3.3762
2026-05-06 16:19:18.132,0,10,10,0.00,-0.0003,0.0001,0.0223,0.0386,0.0000,-0.0000,0.0000,3.3762
2026-05-06 16:19:18.631,0,10,10,0.00,-0.0003,0.0000,0.0223,0.0386,0.0000,-0.0000,0.0000,3.3762
2026-05-06 16:19:19.132,0,10,10,0.00,-0.0001,0.0003,0.0223,0.0386,0.0000,-0.0000,0.0000,3.3762
2026-05-06 16:19:19.631,0,10,10,0.00,0.0000,0.0000,0.0223,0.0386,0.0000,-0.0000,0.0000,3.3762
2026-05-06 16:19:20.132,0,10,10,0.00,-0.0001,0.0000,0.0223,0.0386,0.0000,-0.0000,0.0000,3.3762
2026-05-06 16:19:20.632,0,10,10,0.00,0.0001,0.0000,0.0223,0.0386,0.0000,-0.0000,0.0000,3.3762
2026-05-06 16:19:21.132,0,10,10,0.00,0.0003,0.0000,0.0223,0.0386,0.0000,-0.0000,0.0000,3.3762
2026-05-06 16:19:21.631,0,10,10,0.00,0.0001,0.0001,0.0223,0.0386,0.0000,-0.0000,0.0000,3.3762
2026-05-06 16:19:22.131,0,10,10,0.00,0.0000,0.0000,0.0223,0.0386,0.0000,-0.0000,0.0000,3.3762
2026-05-06 16:19:22.632,0,10,10,0.00,-0.0001,0.0000,0.0223,0.0386,0.0000,-0.0000,0.0000,3.3762
2026-05-06 16:19:23.131,0,10,10,0.00,-0.0001,0.0000,0.0223,0.0386,0.0000,-0.0000,0.0000,3.3762
2026-05-06 16:19:23.631,0,10,10,0.00,0.0000,0.0001,0.0223,0.0386,0.0000,-0.0000,0.0000,3.3762
2026-05-06 16:19:24.131,0,10,10,0.00,0.0001,-0.0001,0.0223,0.0386,0.0000,-0.0000,0.0000,3.3762
2026-05-06 16:19:24.632,0,9,10,0.00,-0.0001,-0.0003,0.0223,0.0386,0.0000,-0.0000,0.0000,3.3762
2026-05-06 16:19:25.131,0,10,10,0.00,0.0000,-0.0004,0.0223,0.0386,0.0000,-0.0000,0.0000,3.3762
2026-05-06 16:19:25.631,0,10,10,0.00,0.0001,-0.0003,0.0223,0.0386,0.0000,-0.0000,0.0000,3.3762
2026-05-06 16:19:26.132,0,10,10,0.00,0.0000,0.0000,0.0223,0.0386,0.0000,-0.0000,0.0000,3.3762
2026-05-06 16:19:26.631,0,10,10,0.00,-0.0003,-0.0003,0.0223,0.0386,0.0000,-0.0000,0.0000,3.3762
2026-05-06 16:19:27.132,0,10,10,0.00,0.0000,0.0000,0.0223,0.0386,0.0000,-0.0000,0.0000,3.3762
2026-05-06 16:19:27.632,0,10,10,0.00,0.0001,0.0000,0.0223,0.0386,0.0000,-0.0000,0.0000,3.3762
2026-05-06 16:19:28.131,0,10,10,0.00,-0.0001,0.0000,0.0223,0.0386,0.0000,-0.0000,0.0000,3.3762
2026-05-06 16:19:28.631,0,10,10,0.00,-0.0001,0.0001,0.0223,0.0386,0.0000,-0.0000,0.0000,3.3762
2026-05-06 16:19:29.132,0,10,10,0.00,0.0000,0.0000,0.0223,0.0386,0.0000,-0.0000,0.0000,3.3762
2026-05-06 16:19:29.631,0,10,10,0.00,0.0001,0.0000,0.0223,0.0386,0.0000,-0.0000,0.0000,3.3762
2026-05-06 16:19:30.132,0,10,10,0.00,0.0000,0.0001,0.0223,0.0386,0.0000,-0.0000,0.0000,3.3762
2026-05-06 16:19:30.631,0,10,10,0.00,-0.0003,0.0001,0.0223,0.0386,0.0000,-0.0000,0.0000,3.3762
2026-05-06 16:19:31.131,0,10,10,0.00,-0.0001,-0.0001,0.0223,0.0386,0.0000,-0.0000,0.0000,3.3762
2026-05-06 16:19:31.632,0,9,10,0.00,0.0003,0.0000,0.0223,0.0386,0.0000,-0.0000,0.0000,3.3762
2026-05-06 16:19:32.131,0,10,10,0.00,0.0001,0.0000,0.0223,0.0386,0.0000,-0.0000,0.0000,3.3762
2026-05-06 16:19:32.632,0,10,10,0.00,-0.0001,-0.0001,0.0223,0.0386,0.0000,-0.0000,0.0000,3.3762
2026-05-06 16:19:33.131,0,10,10,0.00,0.0000,0.0000,0.0223,0.0386,0.0000,-0.0000,0.0000,3.3762
2026-05-06 16:19:33.632,0,10,10,0.00,0.0001,0.0001,0.0223,0.0386,0.0000,-0.0000,0.0000,3.3762
2026-05-06 16:19:34.131,0,10,10,0.00,0.0000,0.0001,0.0223,0.0386,0.0000,-0.0000,0.0000,3.3762
2026-05-06 16:19:34.631,0,10,10,0.00,-0.0001,0.0003,0.0223,0.0386,0.0000,-0.0000,0.0000,3.3762
2026-05-06 16:19:35.132,0,10,10,0.00,0.0000,0.0000,0.0223,0.0386,0.0000,-0.0000,0.0000,3.3762
2026-05-06 16:19:35.631,0,10,10,0.00,-0.0003,0.0000,0.0223,0.0386,0.0000,-0.0000,0.0000,3.3762
2026-05-06 16:19:36.131,0,10,10,0.00,0.0003,0.0000,0.0223,0.0386,0.0000,-0.0000,0.0000,3.3762
2026-05-06 16:19:36.631,0,10,10,0.00,0.0000,0.0000,0.0223,0.0386,0.0000,-0.0000,0.0000,3.3762
2026-05-06 16:19:37.131,0,10,10,0.00,0.0000,0.0000,0.0223,0.0386,0.0000,-0.0000,0.0000,3.3762
2026-05-06 16:19:37.632,0,10,10,0.00,0.0001,0.0000,0.0223,0.0386,0.0000,-0.0000,0.0000,3.3762
2026-05-06 16:19:38.131,0,10,10,0.00,0.0000,0.0000,0.0223,0.0386,0.0000,-0.0000,0.0000,3.3762
2026-05-06 16:19:38.631,0,10,10,0.00,0.0001,0.0000,0.0223,0.0386,0.0000,-0.0000,0.0000,3.3762
2026-05-06 16:19:39.132,0,10,10,0.00,0.0000,0.0000,0.0223,0.0386,0.0000,-0.0000,0.0000,3.3762
2026-05-06 16:19:39.632,0,10,10,0.00,0.0000,0.0000,0.0223,0.0386,0.0000,-0.0000,0.0000,3.3762
2026-05-06 16:19:40.132,0,10,10,0.00,0.0003,0.0000,0.0223,0.0386,0.0000,-0.0000,0.0000,3.3762
2026-05-06 16:19:40.632,0,10,10,0.00,0.0001,0.0000,0.0223,0.0386,0.0000,-0.0000,0.0000,3.3762
2026-05-06 16:19:41.132,0,10,10,0.00,0.0001,0.0000,0.0223,0.0386,0.0000,-0.0000,0.0000,3.3762
2026-05-06 16:19:41.631,0,10,10,0.00,0.0000,0.0003,0.0223,0.0386,0.0000,-0.0000,0.0000,3.3762
2026-05-06 16:19:42.131,0,10,10,0.00,-0.0001,0.0001,0.0223,0.0386,0.0000,-0.0000,0.0000,3.3762
2026-05-06 16:19:42.632,0,10,10,0.00,-0.0003,0.0000,0.0223,0.0386,0.0000,-0.0000,0.0000,3.3762
2026-05-06 16:19:43.132,0,10,10,0.00,-0.0003,0.0001,0.0223,0.0386,0.0000,-0.0000,0.0000,3.3762
2026-05-06 16:19:43.632,0,10,10,0.00,-0.0001,-0.0001,0.0223,0.0386,0.0000,-0.0000,0.0000,3.3762
2026-05-06 16:19:44.131,0,10,10,0.00,0.0001,0.0000,0.0223,0.0386,0.0000,-0.0000,0.0000,3.3762
2026-05-06 16:19:44.632,0,10,10,0.00,0.0001,0.0000,0.0223,0.0386,0.0000,-0.0000,0.0000,3.3762
2026-05-06 16:19:45.131,0,10,10,0.00,0.0000,0.0003,0.0223,0.0386,0.0000,-0.0000,0.0000,3.3762
2026-05-06 16:19:45.631,0,10,10,0.00,0.0000,0.0000,0.0223,0.0386,0.0000,-0.0000,0.0000,3.3762
2026-05-06 16:19:46.131,0,10,10,0.00,0.0001,0.0000,0.0223,0.0386,0.0000,-0.0000,0.0000,3.3762
2026-05-06 16:19:46.632,0,10,10,0.00,0.0000,-0.0001,0.0223,0.0386,0.0000,-0.0000,0.0000,3.3762
2026-05-06 16:19:47.132,0,10,10,0.00,-0.0001,0.0004,0.0223,0.0386,0.0000,-0.0000,0.0000,3.3762
2026-05-06 16:19:47.631,0,10,10,0.00,0.0000,0.0000,0.0223,0.0386,0.0000,-0.0000,0.0000,3.3762
2026-05-06 16:19:48.131,0,10,10,0.00,0.0000,0.0000,0.0223,0.0386,0.0000,-0.0000,0.0000,3.3762
2026-05-06 16:19:48.631,0,10,10,0.00,0.0004,0.0000,0.0223,0.0386,0.0000,-0.0000,0.0000,3.3762
2026-05-06 16:19:49.132,0,10,10,0.00,-0.0001,0.0000,0.0223,0.0386,0.0000,-0.0000,0.0000,3.3762
2026-05-06 16:19:49.632,0,10,10,0.00,0.0000,0.0001,0.0223,0.0386,0.0000,-0.0000,0.0000,3.3762
2026-05-06 16:19:50.132,0,10,10,0.00,0.0000,0.0000,0.0223,0.0386,0.0000,-0.0000,0.0000,3.3762
2026-05-06 16:19:50.632,0,10,10,0.00,0.0000,0.0000,0.0223,0.0386,0.0000,-0.0000,0.0000,3.3762
2026-05-06 16:19:51.132,0,10,10,0.00,0.0003,0.0000,0.0223,0.0386,0.0000,-0.0000,0.0000,3.3762
2026-05-06 16:19:51.631,0,10,10,0.00,0.0003,0.0001,0.0223,0.0386,0.0000,-0.0000,0.0000,3.3762
2026-05-06 16:19:52.131,0,10,10,0.00,0.0000,0.0000,0.0223,0.0386,0.0000,-0.0000,0.0000,3.3762
2026-05-06 16:19:52.631,0,10,10,0.00,0.0004,0.0001,0.0223,0.0386,0.0000,-0.0000,0.0000,3.3762
2026-05-06 16:19:53.132,0,10,10,0.00,-0.0004,0.0004,0.0223,0.0386,0.0000,-0.0000,0.0000,3.3762
2026-05-06 16:19:53.631,0,10,10,0.00,0.0000,-0.0001,0.0223,0.0386,0.0000,-0.0000,0.0000,3.3762
2026-05-06 16:19:54.131,0,10,10,0.00,0.0000,0.0000,0.0223,0.0386,0.0000,-0.0000,0.0000,3.3762
2026-05-06 16:19:54.631,0,10,10,0.00,0.0000,-0.0001,0.0223,0.0386,0.0000,-0.0000,0.0000,3.3762
2026-05-06 16:19:55.134,0,10,10,0.00,-0.0001,0.0000,0.0223,0.0386,0.0000,-0.0000,0.0000,3.3762
2026-05-06 16:19:55.631,0,10,10,0.00,0.0000,0.0000,0.0223,0.0386,0.0000,-0.0000,0.0000,3.3762
2026-05-06 16:19:56.132,0,10,10,0.00,0.0000,0.0000,0.0223,0.0386,0.0000,-0.0000,0.0000,3.3762
2026-05-06 16:19:56.632,0,10,10,0.00,0.0001,0.0000,0.0223,0.0386,0.0000,-0.0000,0.0000,3.3762
2026-05-06 16:19:57.132,0,10,10,0.00,0.0001,-0.0003,0.0223,0.0386,0.0000,-0.0000,0.0000,3.3762
2026-05-06 16:19:57.631,0,10,10,0.00,-0.0003,-0.0001,0.0223,0.0386,0.0000,-0.0000,0.0000,3.3762
2026-05-06 16:19:58.132,0,10,10,0.00,0.0000,0.0001,0.0223,0.0386,0.0000,-0.0000,0.0000,3.3762
2026-05-06 16:19:58.632,0,10,10,0.00,-0.0003,0.0000,0.0223,0.0386,0.0000,-0.0000,0.0000,3.3762
2026-05-06 16:19:59.132,0,10,10,0.00,0.0000,0.0000,0.0223,0.0386,0.0000,-0.0000,0.0000,3.3762
2026-05-06 16:19:59.632,0,10,10,0.00,0.0000,0.0000,0.0223,0.0386,0.0000,-0.0000,0.0000,3.3762
2026-05-06 16:20:00.132,0,10,10,0.00,0.0001,0.0000,0.0223,0.0386,0.0000,-0.0000,0.0000,3.3762
2026-05-06 16:20:00.632,0,10,10,0.00,0.0000,0.0003,0.0223,0.0386,0.0000,-0.0000,0.0000,3.3762
2026-05-06 16:20:01.132,0,10,10,0.00,0.0000,0.0000,0.0223,0.0386,0.0000,-0.0000,0.0000,3.3762
2026-05-06 16:20:01.632,0,10,10,0.00,-0.0001,0.0000,0.0223,0.0386,0.0000,-0.0000,0.0000,3.3762
2026-05-06 16:20:02.132,0,10,10,0.00,0.0004,0.0000,0.0223,0.0386,0.0000,-0.0000,0.0000,3.3762
2026-05-06 16:20:02.632,0,10,10,0.00,0.0000,0.0001,0.0223,0.0386,0.0000,-0.0000,0.0000,3.3762
2026-05-06 16:20:03.131,0,10,10,0.00,0.0000,0.0001,0.0223,0.0386,0.0000,-0.0000,0.0000,3.3762
2026-05-06 16:20:03.632,0,10,10,0.00,0.0000,-0.0001,0.0223,0.0386,0.0000,-0.0000,0.0000,3.3762
2026-05-06 16:20:04.132,0,10,10,0.00,0.0000,0.0000,0.0223,0.0386,0.0000,-0.0000,0.0000,3.3762
2026-05-06 16:20:04.632,0,10,10,0.00,-0.0003,0.0001,0.0223,0.0386,0.0000,-0.0000,0.0000,3.3762
2026-05-06 16:20:05.132,0,10,10,0.00,0.0001,0.0004,0.0223,0.0386,0.0000,-0.0000,0.0000,3.3762
2026-05-06 16:20:05.631,0,10,10,0.00,-0.0001,0.0001,0.0223,0.0386,0.0000,-0.0000,0.0000,3.3762
2026-05-06 16:20:06.132,0,10,10,0.00,0.0000,-0.0003,0.0223,0.0386,0.0000,-0.0000,0.0000,3.3762
2026-05-06 16:20:06.632,0,10,10,0.00,0.0000,0.0001,0.0223,0.0386,0.0000,-0.0000,0.0000,3.3762
2026-05-06 16:20:07.131,0,10,10,0.00,-0.0004,0.0003,0.0223,0.0386,0.0000,-0.0000,0.0000,3.3762
2026-05-06 16:20:07.632,0,10,10,0.00,0.0000,0.0000,0.0223,0.0386,0.0000,-0.0000,0.0000,3.3762
2026-05-06 16:20:08.132,0,10,10,0.00,0.0000,0.0000,0.0223,0.0386,0.0000,-0.0000,0.0000,3.3762
2026-05-06 16:20:08.631,0,10,10,0.00,-0.0001,0.0000,0.0223,0.0386,0.0000,-0.0000,0.0000,3.3762
2026-05-06 16:20:09.131,0,10,10,0.00,0.0000,0.0000,0.0223,0.0386,0.0000,-0.0000,0.0000,3.3762
2026-05-06 16:20:09.631,0,10,10,0.00,0.0000,-0.0003,0.0223,0.0386,0.0000,-0.0000,0.0000,3.3762
2026-05-06 16:20:10.131,0,10,10,0.00,0.0000,-0.0001,0.0223,0.0386,0.0000,-0.0000,0.0000,3.3762
2026-05-06 16:20:10.631,0,10,10,0.00,-0.0001,0.0001,0.0223,0.0386,0.0000,-0.0000,0.0000,3.3762
2026-05-06 16:20:11.132,0,10,10,0.00,0.0000,-0.0001,0.0223,0.0386,0.0000,-0.0000,0.0000,3.3762
2026-05-06 16:20:11.631,0,10,10,0.00,-0.0001,0.0000,0.0223,0.0386,0.0000,-0.0000,0.0000,3.3762
2026-05-06 16:20:12.131,0,10,10,0.00,0.0000,0.0000,0.0223,0.0386,0.0000,-0.0000,0.0000,3.3762
2026-05-06 16:20:12.632,0,10,10,0.00,0.0000,0.0000,0.0223,0.0386,0.0000,-0.0000,0.0000,3.3762
2026-05-06 16:20:13.132,0,10,10,0.00,0.0001,0.0000,0.0223,0.0386,0.0000,-0.0000,0.0000,3.3762
2026-05-06 16:20:13.632,0,10,10,0.00,0.0000,0.0000,0.0223,0.0386,0.0000,-0.0000,0.0000,3.3762
2026-05-06 16:20:14.132,0,10,10,0.00,0.0001,0.0000,0.0223,0.0386,0.0000,-0.0000,0.0000,3.3762
2026-05-06 16:20:14.631,0,10,10,0.00,0.0000,-0.0001,0.0223,0.0386,0.0000,-0.0000,0.0000,3.3762
2026-05-06 16:20:15.132,0,10,10,0.00,-0.0003,0.0000,0.0223,0.0386,0.0000,-0.0000,0.0000,3.3762
2026-05-06 16:20:15.632,0,10,10,0.00,0.0000,0.0000,0.0223,0.0386,0.0000,-0.0000,0.0000,3.3762
2026-05-06 16:20:16.132,0,10,10,0.00,0.0000,0.0000,0.0223,0.0386,0.0000,-0.0000,0.0000,3.3762
2026-05-06 16:20:16.631,0,10,10,0.00,0.0000,0.0001,0.0223,0.0386,0.0000,-0.0000,0.0000,3.3762
2026-05-06 16:20:17.132,0,10,10,0.00,0.0000,0.0000,0.0223,0.0386,0.0000,-0.0000,0.0000,3.3762
2026-05-06 16:20:17.631,0,10,10,0.00,-0.0001,0.0003,0.0223,0.0386,0.0000,-0.0000,0.0000,3.3762
2026-05-06 16:20:18.132,0,10,10,0.00,0.0001,0.0000,0.0223,0.0386,0.0000,-0.0000,0.0000,3.3762
2026-05-06 16:20:18.632,0,10,10,0.00,0.0000,0.0001,0.0223,0.0386,0.0000,-0.0000,0.0000,3.3762
2026-05-06 16:20:19.132,0,10,10,0.00,-0.0001,-0.0001,0.0223,0.0386,0.0000,-0.0000,0.0000,3.3762
2026-05-06 16:20:19.631,0,10,10,0.00,0.0001,-0.0001,0.0223,0.0386,0.0000,-0.0000,0.0000,3.3762
2026-05-06 16:20:20.131,0,10,10,0.00,0.0000,0.0000,0.0223,0.0386,0.0000,-0.0000,0.0000,3.3762
2026-05-06 16:20:20.631,0,10,10,0.00,0.0000,0.0003,0.0223,0.0386,0.0000,-0.0000,0.0000,3.3762
2026-05-06 16:20:21.131,0,10,10,0.00,0.0000,-0.0001,0.0223,0.0386,0.0000,-0.0000,0.0000,3.3762
2026-05-06 16:20:21.632,0,10,10,0.00,0.0000,0.0000,0.0223,0.0386,0.0000,-0.0000,0.0000,3.3762
2026-05-06 16:20:22.132,0,10,10,0.00,0.0000,0.0000,0.0223,0.0386,0.0000,-0.0000,0.0000,3.3762
2026-05-06 16:20:22.632,0,10,10,0.00,0.0000,0.0000,0.0223,0.0386,0.0000,-0.0000,0.0000,3.3762
2026-05-06 16:20:23.132,0,10,10,0.00,0.0000,0.0000,0.0223,0.0386,0.0000,-0.0000,0.0000,3.3762
2026-05-06 16:20:23.632,0,10,10,0.00,0.0001,0.0000,0.0223,0.0386,0.0000,-0.0000,0.0000,3.3762
2026-05-06 16:20:24.132,0,10,10,0.00,-0.0004,0.0000,0.0223,0.0386,0.0000,-0.0000,0.0000,3.3762
2026-05-06 16:20:24.632,0,10,10,0.00,-0.0001,0.0000,0.0223,0.0386,0.0000,-0.0000,0.0000,3.3762
2026-05-06 16:20:25.131,0,10,10,0.00,0.0000,-0.0001,0.0223,0.0386,0.0000,-0.0000,0.0000,3.3762
2026-05-06 16:20:25.632,0,10,10,0.00,0.0001,0.0000,0.0223,0.0386,0.0000,-0.0000,0.0000,3.3762
2026-05-06 16:20:26.132,0,10,10,0.00,0.0000,0.0000,0.0223,0.0386,0.0000,-0.0000,0.0000,3.3762
2026-05-06 16:20:26.632,0,10,10,0.00,0.0000,0.0000,0.0223,0.0386,0.0000,-0.0000,0.0000,3.3762
2026-05-06 16:20:27.132,0,10,10,0.00,0.0000,0.0003,0.0223,0.0386,0.0000,-0.0000,0.0000,3.3762
2026-05-06 16:20:27.631,0,10,10,0.00,0.0000,0.0000,0.0223,0.0386,0.0000,-0.0000,0.0000,3.3762
2026-05-06 16:20:28.132,0,10,10,0.00,0.0000,0.0000,0.0223,0.0386,0.0000,-0.0000,0.0000,3.3762
2026-05-06 16:20:28.632,0,10,10,0.00,0.0000,0.0003,0.0223,0.0386,0.0000,-0.0000,0.0000,3.3762
2026-05-06 16:20:29.132,0,10,10,0.00,0.0000,0.0000,0.0223,0.0386,0.0000,-0.0000,0.0000,3.3762
2026-05-06 16:20:29.631,0,10,10,0.00,-0.0001,0.0000,0.0223,0.0386,0.0000,-0.0000,0.0000,3.3762
2026-05-06 16:20:30.132,0,10,10,0.00,-0.0001,-0.0001,0.0223,0.0386,0.0000,-0.0000,0.0000,3.3762
2026-05-06 16:20:30.631,0,10,10,0.00,0.0000,0.0001,0.0223,0.0386,0.0000,-0.0000,0.0000,3.3762
2026-05-06 16:20:31.132,0,10,10,0.00,0.0000,-0.0001,0.0223,0.0386,0.0000,-0.2715,0.3285,3.3762
2026-05-06 16:20:31.632,0,10,10,0.00,-0.1482,0.1344,0.0524,0.0375,0.0000,-0.5045,0.4352,3.3762
2026-05-06 16:20:32.132,0,10,10,0.00,-0.3015,0.2881,0.1646,0.0329,0.0000,-0.4544,0.4970,2.8075
2026-05-06 16:20:32.632,0,3,10,0.00,-0.3250,0.3191,0.1986,0.0313,0.0000,-0.4294,0.5123,2.2411
2026-05-06 16:20:33.132,0,2,10,0.00,-0.0067,0.0000,0.1984,0.0313,0.0000,-0.5083,0.5682,3.9502
2026-05-06 16:20:33.631,0,10,10,0.00,-0.1817,0.1611,0.2414,0.0284,0.0000,-0.4927,0.5670,3.7951
2026-05-06 16:20:34.132,0,10,10,0.00,-0.3325,0.3183,0.3684,0.0183,0.0000,-0.4613,0.5506,2.5299
2026-05-06 16:20:34.632,0,10,10,0.00,-0.2113,0.3979,0.5431,0.0046,0.0000,-0.1896,0.4104,1.5874
2026-05-06 16:20:35.131,0,10,10,0.00,-0.1746,0.4279,0.6908,0.0145,0.0000,-0.1680,0.4320,11.5471
2026-05-06 16:20:35.632,0,9,10,0.00,-0.1619,0.4369,0.8340,0.0571,0.0000,-0.1609,0.4391,24.8332
2026-05-06 16:20:36.132,0,10,10,0.00,-0.1581,0.4426,0.9633,0.1331,0.0000,-0.1622,0.4378,39.4203
2026-05-06 16:20:36.632,0,9,10,0.00,-0.1778,0.4233,1.0700,0.2382,0.0000,-0.1901,0.4099,54.2989
2026-05-06 16:20:37.132,0,10,10,0.00,-0.2139,0.3931,1.1527,0.3635,0.0000,-0.2242,0.3758,66.6350
2026-05-06 16:20:37.632,0,10,10,0.00,-0.2719,0.3856,1.2172,0.5033,0.0000,-0.3183,0.4258,75.1915
2026-05-06 16:20:38.132,0,9,10,0.00,-0.3711,0.4644,1.2796,0.6852,0.0000,-0.3895,0.4815,80.8178
2026-05-06 16:20:38.632,0,10,10,0.00,-0.4341,0.5054,1.3349,0.9012,0.0000,-0.4631,0.5346,85.6596
2026-05-06 16:20:39.131,0,9,10,0.00,-0.5134,0.5791,1.3815,1.1528,0.0000,-0.5528,0.5982,89.5383
2026-05-06 16:20:39.631,0,9,10,0.00,-0.6514,0.6761,1.4224,1.4475,0.0000,-0.6535,0.6766,92.0597
2026-05-06 16:20:40.131,0,9,10,0.00,-0.6021,0.6431,1.4596,1.7728,0.0000,-0.5802,0.5865,93.3674
2026-05-06 16:20:40.632,0,10,10,0.00,-0.5456,0.5140,1.4850,2.0556,0.0000,-0.5249,0.4934,95.2209
2026-05-06 16:20:41.131,0,9,10,0.00,-0.4736,0.4635,1.5115,2.3017,0.0000,-0.4508,0.4416,93.2505
2026-05-06 16:20:41.631,0,10,10,0.00,-0.4096,0.4134,1.5377,2.5176,0.0000,-0.3914,0.3880,92.4508
2026-05-06 16:20:42.131,0,10,10,0.00,-0.3580,0.3566,1.5608,2.7059,0.0000,-0.3427,0.3386,92.2135
2026-05-06 16:20:42.631,0,10,10,0.00,-0.3110,0.3157,1.5812,2.8705,0.0000,-0.3033,0.2967,92.1355
2026-05-06 16:20:43.131,0,10,10,0.00,-0.3062,0.2956,1.5997,3.0203,0.0000,-0.3055,0.2945,92.1962
2026-05-06 16:20:43.631,0,10,10,0.00,-0.3024,0.2909,1.6193,3.1686,0.0000,-0.3023,0.2977,91.5678
2026-05-06 16:20:44.132,0,10,10,0.00,-0.3009,0.2919,1.6401,3.3157,0.0000,-0.7995,0.8000,90.9348
2026-05-06 16:20:44.631,0,9,10,0.00,-0.4593,0.4499,1.6689,3.5025,0.0000,-0.7956,0.8000,90.4520
2026-05-06 16:20:45.132,0,9,10,0.00,-0.6184,0.6074,1.7126,3.7693,0.0000,-0.7926,0.8000,89.9041
2026-05-06 16:20:45.631,0,9,10,0.00,-0.7722,0.7601,1.7717,4.1126,0.0000,-0.7840,0.8000,89.3385
2026-05-06 16:20:46.132,0,9,10,0.00,-0.7819,0.8027,1.8378,4.5061,0.0000,-0.7868,0.8000,89.9265
2026-05-06 16:20:46.631,0,9,10,0.00,-0.6624,0.6902,1.8922,4.8771,0.0000,-0.5822,0.5720,91.1440
2026-05-06 16:20:47.131,0,9,10,0.00,-0.4739,0.4439,1.9272,5.1490,0.0000,-0.4180,0.3802,92.5587
2026-05-06 16:20:47.632,0,10,10,0.00,-0.3851,0.3356,1.9553,5.3394,0.0000,-0.0000,0.0000,91.0301
2026-05-06 16:20:48.131,0,9,10,0.00,-0.1255,0.1355,1.9790,5.4724,0.0000,-0.0000,0.0000,89.1373
2026-05-06 16:20:48.632,0,10,10,0.00,-0.0001,-0.0008,1.9806,5.4812,0.0000,-0.0000,0.0000,89.5330
2026-05-06 16:20:49.132,0,9,10,0.00,0.0000,0.0001,1.9806,5.4812,0.0000,-0.0000,0.0000,89.5330
2026-05-06 16:20:49.632,0,9,10,0.00,0.0000,0.0001,1.9806,5.4812,0.0000,-0.0000,0.0000,89.5330
2026-05-06 16:20:50.132,0,9,10,0.00,0.0000,-0.0001,1.9806,5.4812,0.0000,-0.0000,0.0000,89.5330
2026-05-06 16:20:50.632,0,10,10,0.00,0.0003,0.0003,1.9806,5.4812,0.0000,-0.0000,0.0000,89.5330
2026-05-06 16:20:51.133,0,9,10,0.00,0.0000,-0.0001,1.9806,5.4812,0.0000,-0.0000,0.0000,89.5330
2026-05-06 16:20:51.632,0,9,10,0.00,0.0001,0.0000,1.9806,5.4812,0.0000,-0.0000,0.0000,89.5330
2026-05-06 16:20:52.132,0,9,10,0.00,0.0000,0.0000,1.9806,5.4812,0.0000,-0.0000,0.0000,89.5330
2026-05-06 16:20:52.631,0,9,10,0.00,0.0000,0.0000,1.9806,5.4812,0.0000,-0.0000,0.0000,89.5330
2026-05-06 16:20:53.132,0,9,10,0.00,-0.0001,0.0000,1.9806,5.4812,0.0000,-0.0000,0.0000,89.5330
2026-05-06 16:20:53.632,0,9,10,0.00,0.0000,0.0000,1.9806,5.4812,0.0000,-0.0000,0.0000,89.5330
2026-05-06 16:20:54.131,0,9,10,0.00,0.0005,0.0000,1.9806,5.4812,0.0000,-0.0000,0.0000,89.5330
2026-05-06 16:20:54.631,0,9,10,0.00,0.0000,0.0000,1.9806,5.4812,0.0000,-0.0000,0.0000,89.5330
2026-05-06 16:20:55.131,0,9,10,0.00,0.0001,0.0000,1.9806,5.4812,0.0000,-0.0000,0.0000,89.5330
2026-05-06 16:20:55.632,0,10,10,0.00,0.0001,0.0001,1.9806,5.4812,0.0000,-0.0000,0.0000,89.5330
2026-05-06 16:20:56.131,0,10,10,0.00,0.0000,0.0000,1.9806,5.4812,0.0000,-0.0000,0.0000,89.5330
2026-05-06 16:20:56.631,0,10,10,0.00,0.0001,-0.0003,1.9806,5.4812,0.0000,-0.0000,0.0000,89.5330
2026-05-06 16:20:57.131,0,10,10,0.00,0.0000,0.0000,1.9806,5.4812,0.0000,-0.0000,0.0000,89.5330
2026-05-06 16:20:57.632,0,10,10,0.00,-0.0003,0.0000,1.9806,5.4812,0.0000,-0.0000,0.0000,89.5330
2026-05-06 16:20:58.131,0,10,10,0.00,0.0000,0.0001,1.9806,5.4812,0.0000,-0.0000,0.0000,89.5330
2026-05-06 16:20:58.631,0,10,10,0.00,-0.0001,-0.0003,1.9806,5.4812,0.0000,-0.0000,0.0000,89.5330
2026-05-06 16:20:59.132,0,10,10,0.00,0.0000,0.0000,1.9806,5.4812,0.0000,-0.0000,0.0000,89.5330
2026-05-06 16:20:59.632,0,10,10,0.00,0.0001,0.0000,1.9806,5.4812,0.0000,-0.0000,0.0000,89.5330
2026-05-06 16:21:00.131,0,10,10,0.00,0.0402,0.0285,1.9806,5.4808,0.0000,-0.0000,0.0000,89.5330
2026-05-06 16:21:00.632,0,10,10,0.00,0.2000,0.2231,1.9801,5.4785,0.0000,-0.0000,0.0000,94.5096
2026-05-06 16:21:01.132,0,10,10,0.00,0.3571,0.3652,1.9799,5.4794,0.0000,-0.0000,0.0000,119.0459
2026-05-06 16:21:01.632,0,10,10,0.00,0.2187,0.3259,1.9657,5.4878,0.0000,-0.0000,0.0000,158.5421
2026-05-06 16:21:02.131,0,10,10,0.00,-0.0005,-0.0048,1.9454,5.4933,0.0000,-0.0000,0.0000,-177.1773
2026-05-06 16:21:02.632,0,10,10,0.00,0.0000,0.0000,1.9458,5.4932,0.0000,-0.0000,0.0000,-177.1773
2026-05-06 16:21:03.131,0,9,10,0.00,-0.0001,0.0000,1.9458,5.4932,0.0000,-0.0000,0.0000,-177.1773
2026-05-06 16:21:03.631,0,9,10,0.00,-0.0001,0.0000,1.9458,5.4932,0.0000,-0.0000,0.0000,-178.1618
2026-05-06 16:21:04.131,0,10,10,0.00,0.0000,0.0003,1.9458,5.4932,0.0000,-0.0000,0.0000,-178.1618
2026-05-06 16:21:04.632,0,10,10,0.00,0.0000,0.0000,1.9458,5.4932,0.0000,-0.0000,0.0000,-178.1618
2026-05-06 16:21:05.131,0,10,10,0.00,-0.0001,0.0000,1.9458,5.4932,0.0000,-0.0000,0.0000,-178.1618
2026-05-06 16:21:05.632,0,9,10,0.00,0.0000,0.0003,1.9458,5.4932,0.0000,-0.0000,0.0000,-178.1618
2026-05-06 16:21:06.132,0,9,10,0.00,0.0000,0.0000,1.9458,5.4932,0.0000,-0.0000,0.0000,-178.1618
2026-05-06 16:21:06.632,0,9,10,0.00,-0.0869,0.0505,1.9352,5.4955,0.0000,-0.2407,0.3593,-178.1618
2026-05-06 16:21:07.131,0,9,10,0.00,-0.2511,0.2659,1.8523,5.5155,0.0000,-0.3509,0.2491,178.8755
2026-05-06 16:21:07.632,0,9,10,0.00,-0.3721,0.2407,1.7337,5.5460,0.0000,-0.3950,0.2050,177.9108
2026-05-06 16:21:08.131,0,0,10,0.00,-0.3721,0.2407,1.7337,5.5460,0.0000,-0.3967,0.2803,170.7481
2026-05-06 16:21:08.632,0,7,10,0.00,-0.0936,0.0448,1.7233,5.5491,0.0000,-0.4258,0.2908,170.6177
2026-05-06 16:21:09.131,0,10,10,0.00,-0.2543,0.2525,1.6458,5.5749,0.0000,-0.4742,0.3729,167.6898
2026-05-06 16:21:09.632,0,10,10,0.00,-0.4091,0.4015,1.4859,5.6298,0.0000,-0.5196,0.4381,167.5386
2026-05-06 16:21:10.131,0,10,10,0.00,-0.5616,0.4983,1.2604,5.7103,0.0000,-0.5976,0.5559,167.3190
2026-05-06 16:21:10.632,0,9,10,0.00,-0.6939,0.6350,0.9850,5.8238,0.0000,-0.7384,0.8000,163.7043
2026-05-06 16:21:11.132,0,10,10,0.00,-0.6565,0.7520,0.6601,5.9731,0.0000,-0.3410,0.5033,161.1195
2026-05-06 16:21:11.632,0,10,10,0.00,-0.3410,0.4478,0.4113,6.0706,0.0000,-0.3290,0.4747,167.3241
2026-05-06 16:21:12.131,0,10,10,0.00,-0.2867,0.3771,0.2411,6.1185,0.0000,-0.4844,0.4646,171.8819
2026-05-06 16:21:12.632,0,9,10,0.00,-0.4511,0.4981,0.0432,6.1575,0.0000,-0.5775,0.5852,176.3717
2026-05-06 16:21:13.131,0,10,10,0.00,-0.5726,0.6097,-0.2305,6.1991,0.0000,-0.5337,0.5609,179.1066
2026-05-06 16:21:13.631,0,10,10,0.00,-0.4851,0.5171,-0.4968,6.2297,0.0000,-0.4757,0.4902,-179.1293
2026-05-06 16:21:14.131,0,10,10,0.00,-0.4618,0.4614,-0.7321,6.2514,0.0000,-0.4485,0.4440,-177.5585
2026-05-06 16:21:14.632,0,10,10,0.00,-0.4076,0.4148,-0.9479,6.2711,0.0000,-0.3929,0.3988,-178.1234
2026-05-06 16:21:15.132,0,10,10,0.00,-0.3674,0.3787,-1.1416,6.2881,0.0000,-0.3605,0.3564,-177.6667
2026-05-06 16:21:15.631,0,10,10,0.00,-0.3443,0.3339,-1.3174,6.3025,0.0000,-0.3326,0.3159,-177.1005
2026-05-06 16:21:16.132,0,10,10,0.00,-0.3060,0.2936,-1.4748,6.3169,0.0000,-0.3011,0.2989,-178.2547
2026-05-06 16:21:16.632,0,10,10,0.00,-0.2998,0.3021,-1.6234,6.3318,0.0000,-0.2997,0.3003,-178.6840
2026-05-06 16:21:17.131,0,10,10,0.00,-0.3003,0.2981,-1.7732,6.3467,0.0000,-0.3048,0.2952,-178.3073
2026-05-06 16:21:17.631,0,10,10,0.00,-0.3068,0.2905,-1.9226,6.3619,0.0000,-0.3062,0.2938,-178.3477
2026-05-06 16:21:18.132,0,10,10,0.00,-0.3007,0.2945,-2.0705,6.3787,0.0000,-0.2991,0.3009,-179.4327
2026-05-06 16:21:18.631,0,10,10,0.00,-0.2981,0.3033,-2.2190,6.3963,0.0000,-0.2983,0.3017,-179.7101
2026-05-06 16:21:19.132,0,10,10,0.00,-0.3003,0.3015,-2.3684,6.4135,0.0000,-0.3016,0.2984,-179.2746
2026-05-06 16:21:19.632,0,10,10,0.00,-0.2690,0.2799,-2.5163,6.4302,0.0000,-0.0000,0.0000,-179.1216
2026-05-06 16:21:20.131,0,10,10,0.00,0.0013,-0.0010,-2.5737,6.4364,0.0000,-0.0000,0.0000,-178.0586
2026-05-06 16:21:20.632,0,10,10,0.00,0.0000,-0.0001,-2.5734,6.4364,0.0000,-0.0000,0.0000,-178.0586
2026-05-06 16:21:21.132,0,10,10,0.00,0.0000,-0.0003,-2.5734,6.4364,0.0000,-0.0000,0.0000,-178.0586
2026-05-06 16:21:21.631,0,10,10,0.00,0.0000,0.0001,-2.5734,6.4364,0.0000,-0.0000,0.0000,-178.0586
2026-05-06 16:21:22.131,0,10,10,0.00,0.0000,0.0000,-2.5734,6.4364,0.0000,-0.0000,0.0000,-178.0586
2026-05-06 16:21:22.632,0,10,10,0.00,0.0001,-0.0003,-2.5734,6.4364,0.0000,-0.0000,0.0000,-178.0586
2026-05-06 16:21:23.132,0,10,10,0.00,0.0000,0.0000,-2.5734,6.4364,0.0000,-0.0000,0.0000,-178.0586
2026-05-06 16:21:23.631,0,10,10,0.00,0.0000,0.0000,-2.5734,6.4364,0.0000,-0.0000,0.0000,-178.0586
2026-05-06 16:21:24.131,0,10,10,0.00,0.0000,0.0000,-2.5734,6.4364,0.0000,-0.0000,0.0000,-178.0586
2026-05-06 16:21:24.631,0,10,10,0.00,-0.0001,0.0000,-2.5734,6.4364,0.0000,-0.0000,0.0000,-178.0586
2026-05-06 16:21:25.131,0,10,10,0.00,0.0000,-0.0001,-2.5734,6.4364,0.0000,-0.0000,0.0000,-178.0586
2026-05-06 16:21:25.631,0,10,10,0.00,0.0000,0.0001,-2.5734,6.4364,0.0000,-0.0000,0.0000,-178.0586
2026-05-06 16:21:26.131,0,10,10,0.00,0.0000,0.0000,-2.5734,6.4364,0.0000,-0.0000,0.0000,-178.0586
2026-05-06 16:21:26.632,0,10,10,0.00,0.0000,0.0000,-2.5734,6.4364,0.0000,-0.0000,0.0000,-178.0586
2026-05-06 16:21:27.131,0,10,10,0.00,0.0003,0.0000,-2.5734,6.4364,0.0000,-0.0000,0.0000,-178.0586
2026-05-06 16:21:27.632,0,10,10,0.00,0.0001,0.0000,-2.5734,6.4364,0.0000,-0.0000,0.0000,-178.0586
2026-05-06 16:21:28.131,0,10,10,0.00,0.0000,-0.0001,-2.5734,6.4364,0.0000,-0.0000,0.0000,-178.0586
2026-05-06 16:21:28.632,0,10,10,0.00,0.0000,0.0001,-2.5734,6.4364,0.0000,-0.0000,0.0000,-178.0586
2026-05-06 16:21:29.132,0,10,10,0.00,-0.0001,0.0003,-2.5734,6.4364,0.0000,-0.0000,0.0000,-178.0586
2026-05-06 16:21:29.631,0,10,10,0.00,-0.0004,0.0000,-2.5734,6.4364,0.0000,-0.0000,0.0000,-178.0586
2026-05-06 16:21:30.132,0,10,10,0.00,0.0000,-0.0001,-2.5734,6.4364,0.0000,-0.0000,0.0000,-178.0586
2026-05-06 16:21:30.631,0,10,10,0.00,0.0000,0.0003,-2.5734,6.4364,0.0000,-0.0000,0.0000,-178.0586
2026-05-06 16:21:31.132,0,10,10,0.00,0.0000,0.0000,-2.5734,6.4364,0.0000,-0.0000,0.0000,-178.0586
2026-05-06 16:21:31.632,0,10,10,0.00,0.0000,-0.0001,-2.5734,6.4364,0.0000,-0.0000,0.0000,-178.0586
2026-05-06 16:21:32.132,0,10,10,0.00,0.0001,-0.0004,-2.5734,6.4364,0.0000,-0.0000,0.0000,-178.0586
2026-05-06 16:21:32.632,0,10,10,0.00,-0.0001,0.0000,-2.5734,6.4364,0.0000,-0.0000,0.0000,-178.0586
2026-05-06 16:21:33.132,0,10,10,0.00,-0.0001,0.0000,-2.5734,6.4364,0.0000,-0.0000,0.0000,-178.0586
2026-05-06 16:21:33.631,0,10,10,0.00,-0.0004,0.0000,-2.5734,6.4364,0.0000,-0.0000,0.0000,-178.0586
2026-05-06 16:21:34.132,0,10,10,0.00,0.0000,0.0000,-2.5734,6.4364,0.0000,-0.0000,0.0000,-178.0586
2026-05-06 16:21:34.632,0,10,10,0.00,-0.0055,0.0001,-2.5736,6.4364,0.0000,-0.3513,0.2487,-178.0586
2026-05-06 16:21:35.132,0,10,10,0.00,-0.1746,0.1605,-2.6165,6.4411,0.0000,-0.2210,0.3790,-178.6357
2026-05-06 16:21:35.632,0,10,10,0.00,-0.1842,0.3151,-2.7272,6.4531,0.0000,-0.1783,0.4217,-179.3142
2026-05-06 16:21:36.132,0,7,10,0.00,-0.1679,0.3992,-2.7987,6.4556,0.0000,-0.1643,0.4357,-170.7398
2026-05-06 16:21:36.631,0,0,10,0.00,-0.1679,0.3992,-2.7987,6.4556,0.0000,-0.1597,0.4403,-158.1965
2026-05-06 16:21:37.132,0,10,10,0.00,-0.1507,0.1127,-2.8250,6.4557,0.0000,-0.1582,0.4418,-158.8317
2026-05-06 16:21:37.632,0,10,10,0.00,-0.1555,0.2824,-2.9200,6.4552,0.0000,-0.1577,0.4423,-159.1422
2026-05-06 16:21:38.132,0,10,10,0.00,-0.1512,0.4422,-3.0506,6.4384,0.0000,-0.1576,0.4424,-151.5413
2026-05-06 16:21:38.632,0,10,10,0.00,-0.1546,0.4472,-3.1934,6.3843,0.0000,-0.1575,0.4425,-136.3233
2026-05-06 16:21:39.132,0,10,10,0.00,-0.1567,0.4435,-3.3150,6.2978,0.0000,-0.1575,0.4425,-121.5708
2026-05-06 16:21:39.632,0,10,10,0.00,-0.1551,0.4420,-3.4111,6.1845,0.0000,-0.1805,0.4195,-107.0169
2026-05-06 16:21:40.131,0,10,10,0.00,-0.1960,0.4089,-3.4788,6.0503,0.0000,-0.2056,0.3944,-93.3258
2026-05-06 16:21:40.631,0,10,10,0.00,-0.2457,0.3524,-3.5216,5.9052,0.0000,-0.3271,0.3824,-82.7342
2026-05-06 16:21:41.131,0,10,10,0.00,-0.2079,0.3786,-3.5480,5.7574,0.0000,-0.1951,0.4049,-77.4470
2026-05-06 16:21:41.632,0,10,10,0.00,-0.1779,0.4338,-3.5511,5.6088,0.0000,-0.1780,0.4220,-67.9768
2026-05-06 16:21:42.132,0,10,10,0.00,-0.1867,0.4110,-3.5221,5.4604,0.0000,-0.1916,0.4084,-54.4172
2026-05-06 16:21:42.631,0,10,10,0.00,-0.1952,0.4047,-3.4652,5.3226,0.0000,-0.1981,0.4019,-43.0747
2026-05-06 16:21:43.132,0,10,10,0.00,-0.2113,0.3886,-3.3839,5.1960,0.0000,-0.2174,0.3826,-32.6410
2026-05-06 16:21:43.632,0,9,10,0.00,-0.2835,0.4143,-3.2781,5.0770,0.0000,-0.3105,0.4309,-23.6719
2026-05-06 16:21:44.132,0,10,10,0.00,-0.3744,0.4740,-3.1331,4.9468,0.0000,-0.3752,0.4771,-17.3508
2026-05-06 16:21:44.631,0,10,10,0.00,-0.3900,0.4886,-2.9615,4.8185,0.0000,-0.4037,0.5007,-11.9760
2026-05-06 16:21:45.132,0,10,10,0.00,-0.4710,0.5465,-2.7610,4.6939,0.0000,-0.4957,0.5596,-6.8682
2026-05-06 16:21:45.631,0,10,10,0.00,-0.5625,0.6054,-2.5188,4.5625,0.0000,-0.7576,0.8000,-3.5460
2026-05-06 16:21:46.132,0,10,10,0.00,-0.7048,0.7370,-2.2285,4.4182,0.0000,-0.7431,0.7595,-1.1934
2026-05-06 16:21:46.632,0,10,10,0.00,-0.7063,0.7338,-1.8908,4.2618,0.0000,-0.6830,0.6852,0.0621
2026-05-06 16:21:47.132,0,10,10,0.00,-0.6548,0.6244,-1.5845,4.1272,0.0000,-0.6440,0.6183,1.7298
2026-05-06 16:21:47.632,0,10,10,0.00,-0.5843,0.5702,-1.3084,3.9997,0.0000,-0.5681,0.5529,-0.2782
2026-05-06 16:21:48.132,0,10,10,0.00,-0.5308,0.5342,-1.0600,3.8796,0.0000,-0.5223,0.5133,-1.0751
2026-05-06 16:21:48.631,0,10,10,0.00,-0.4863,0.4723,-0.8350,3.7692,0.0000,-0.4748,0.4625,-1.4862
2026-05-06 16:21:49.132,0,10,10,0.00,-0.4359,0.4266,-0.6322,3.6670,0.0000,-0.4290,0.4194,-1.8394
2026-05-06 16:21:49.632,0,10,10,0.00,-0.3957,0.3839,-0.4494,3.5738,0.0000,-0.3884,0.3792,-2.0760
2026-05-06 16:21:50.132,0,10,10,0.00,-0.3555,0.3536,-0.2850,3.4884,0.0000,-0.3476,0.3473,-2.8688
2026-05-06 16:21:50.631,0,10,10,0.00,-0.3194,0.3270,-0.1360,3.4104,0.0000,-0.3138,0.3157,-2.8118
2026-05-06 16:21:51.132,0,10,10,0.00,-0.3020,0.2947,0.0012,3.3396,0.0000,-0.3049,0.2951,-2.1988
2026-05-06 16:21:51.632,0,10,10,0.00,-0.3036,0.2945,0.1333,3.2705,0.0000,-0.3008,0.2992,-2.7459
2026-05-06 16:21:52.132,0,10,10,0.00,-0.2961,0.3043,0.2651,3.2004,0.0000,-0.2959,0.3041,-3.3815
2026-05-06 16:21:52.632,0,10,10,0.00,-0.3003,0.3033,0.3982,3.1305,0.0000,-0.3017,0.2983,-2.6957
2026-05-06 16:21:53.132,0,10,10,0.00,-0.3043,0.2933,0.5320,3.0609,0.0000,-0.3038,0.2962,-2.3689
2026-05-06 16:21:53.632,0,10,10,0.00,-0.2999,0.2937,0.6642,2.9912,0.0000,-0.3292,0.2708,-2.8316
2026-05-06 16:21:54.131,0,10,10,0.00,-0.3995,0.2106,0.7959,2.9158,0.0000,-0.4054,0.1946,-4.5089
2026-05-06 16:21:54.632,0,10,10,0.00,-0.4283,0.1639,0.9119,2.8229,0.0000,-0.4303,0.1697,-14.5657
2026-05-06 16:21:55.132,0,10,10,0.00,-0.4334,0.1621,1.0037,2.7065,0.0000,-0.4349,0.1651,-28.3513
2026-05-06 16:21:55.631,0,10,10,0.00,-0.4380,0.1643,1.0664,2.5700,0.0000,-0.4377,0.1623,-42.2333
2026-05-06 16:21:56.131,0,10,10,0.00,-0.4250,0.1696,1.0948,2.4237,0.0000,-0.4182,0.1818,-56.1029
2026-05-06 16:21:56.632,0,10,10,0.00,-0.3919,0.2055,1.0910,2.2756,0.0000,-0.3830,0.2170,-68.9302
2026-05-06 16:21:57.132,0,10,10,0.00,-0.4012,0.2589,1.0625,2.1251,0.0000,-0.4323,0.3368,-78.1777
2026-05-06 16:21:57.632,0,10,10,0.00,-0.4756,0.3888,1.0040,1.9407,0.0000,-0.4923,0.4112,-84.8608
2026-05-06 16:21:58.132,0,10,10,0.00,-0.5441,0.4826,0.9143,1.7208,0.0000,-0.5655,0.5140,-89.4375
2026-05-06 16:21:58.632,0,10,10,0.00,-0.6057,0.5521,0.7961,1.4735,0.0000,-0.7523,0.7140,-92.7265
2026-05-06 16:21:59.132,0,9,10,0.00,-0.6728,0.6800,0.6412,1.1871,0.0000,-0.6632,0.6634,-95.8107
2026-05-06 16:21:59.632,0,10,10,0.00,-0.5752,0.6201,0.4873,0.9029,0.0000,-0.5622,0.5935,-95.8332
2026-05-06 16:22:00.132,0,10,10,0.00,-0.5133,0.5279,0.3637,0.6546,0.0000,-0.4983,0.5063,-93.3236
2026-05-06 16:22:00.632,0,10,10,0.00,-0.4486,0.4417,0.2600,0.4376,0.0000,-0.4363,0.4374,-92.3126
2026-05-06 16:22:01.132,0,10,10,0.00,-0.3873,0.3913,0.1711,0.2510,0.0000,-0.3635,0.3768,-92.4771
2026-05-06 16:22:01.632,0,10,10,0.00,-0.3330,0.3570,0.0945,0.0866,0.0000,-0.3169,0.3290,-92.0759
2026-05-06 16:22:02.131,0,10,10,0.00,-0.2954,0.3051,0.0302,-0.0575,0.0000,-0.2987,0.3013,-90.9889
2026-05-06 16:22:02.631,0,10,10,0.00,-0.3013,0.2970,-0.0300,-0.1946,0.0000,-0.3013,0.2987,-90.5923
2026-05-06 16:22:03.132,0,10,10,0.00,-0.2982,0.3016,-0.0907,-0.3310,0.0000,-0.2970,0.3030,-90.9693
2026-05-06 16:22:03.632,0,10,10,0.00,-0.3618,0.2491,-0.1527,-0.4688,0.0000,-0.3828,0.2172,-90.9095
2026-05-06 16:22:04.132,0,10,10,0.00,-0.4184,0.1736,-0.2280,-0.6009,0.0000,-0.4229,0.1771,-96.1955
2026-05-06 16:22:04.632,0,10,10,0.00,-0.4338,0.1632,-0.3256,-0.7104,0.0000,-0.4337,0.1663,-109.4098
2026-05-06 16:22:05.131,0,10,10,0.00,-0.4322,0.1706,-0.4480,-0.7954,0.0000,-0.4327,0.1673,-123.5478
2026-05-06 16:22:05.632,0,10,10,0.00,-0.4351,0.1655,-0.5876,-0.8499,0.0000,-0.4324,0.1676,-137.6695
2026-05-06 16:22:06.132,0,10,10,0.00,-0.4078,0.1707,-0.7343,-0.8704,0.0000,-0.4018,0.1982,-151.2494
2026-05-06 16:22:06.632,0,10,10,0.00,-0.3983,0.2104,-0.8835,-0.8606,0.0000,-0.3538,0.2462,-163.2875
2026-05-06 16:22:07.131,0,10,10,0.00,-0.3622,0.3163,-1.0314,-0.8307,0.0000,-0.4026,0.3548,-171.6495
2026-05-06 16:22:07.632,0,10,10,0.00,-0.4250,0.3907,-1.2230,-0.7824,0.0000,-0.4244,0.3736,-172.8297
2026-05-06 16:22:08.132,0,10,10,0.00,-0.2087,0.1949,-1.3784,-0.7382,0.0000,-0.0000,0.0000,-175.0456
2026-05-06 16:22:08.632,0,3,10,0.00,-0.1656,0.1605,-1.3911,-0.7344,0.0000,-0.0000,0.0000,-175.6396
2026-05-06 16:22:09.132,0,4,10,0.00,0.0000,0.0000,-1.3911,-0.7344,0.0000,-0.0000,0.0000,-175.6956
2026-05-06 16:22:09.632,0,10,10,0.00,0.0000,0.0000,-1.3911,-0.7344,0.0000,-0.0000,0.0000,-175.6856
2026-05-06 16:22:10.132,0,10,10,0.00,0.0003,-0.0003,-1.3911,-0.7344,0.0000,-0.0000,0.0000,-175.6856
2026-05-06 16:22:10.631,0,10,10,0.00,0.0001,-0.0001,-1.3911,-0.7344,0.0000,-0.0000,0.0000,-175.6856
2026-05-06 16:22:11.132,0,10,10,0.00,0.0000,0.0004,-1.3911,-0.7344,0.0000,-0.0000,0.0000,-175.6856
2026-05-06 16:22:11.631,0,10,10,0.00,0.0000,0.0000,-1.3911,-0.7344,0.0000,-0.0000,0.0000,-175.6856
2026-05-06 16:22:12.132,0,10,10,0.00,0.0000,0.0000,-1.3911,-0.7344,0.0000,-0.0000,0.0000,-175.6856
2026-05-06 16:22:12.632,0,10,10,0.00,-0.0001,-0.0003,-1.3911,-0.7344,0.0000,-0.0000,0.0000,-175.6856
2026-05-06 16:22:13.132,0,10,10,0.00,0.0000,-0.0001,-1.3911,-0.7344,0.0000,-0.0000,0.0000,-175.6856
2026-05-06 16:22:13.632,0,10,10,0.00,0.0000,-0.0001,-1.3911,-0.7344,0.0000,-0.0000,0.0000,-175.6856
2026-05-06 16:22:14.132,0,10,10,0.00,0.0001,-0.0001,-1.3911,-0.7344,0.0000,-0.0000,0.0000,-175.6856
2026-05-06 16:22:14.631,0,10,10,0.00,0.0000,0.0000,-1.3911,-0.7344,0.0000,-0.0000,0.0000,-175.6856
2026-05-06 16:22:15.132,0,23,10,0.00,-0.1343,-0.1012,-1.3975,-0.7322,0.0000,-0.0000,0.0000,-175.6856
2026-05-06 16:22:15.631,0,22,10,0.00,-0.1236,-0.1352,-1.3952,-0.7336,0.0000,-0.0000,0.0000,171.1341
2026-05-06 16:22:16.131,0,22,10,0.00,-0.1242,-0.1280,-1.3940,-0.7347,0.0000,-0.0000,0.0000,157.8369
2026-05-06 16:22:16.631,0,21,10,0.00,-0.1236,-0.1233,-1.3939,-0.7348,0.0000,-0.0000,0.0000,144.7534
2026-05-06 16:22:17.131,0,22,10,0.00,-0.1250,-0.1244,-1.3941,-0.7343,0.0000,-0.0000,0.0000,132.1424
2026-05-06 16:22:17.631,0,20,10,0.00,-0.1257,-0.1270,-1.3941,-0.7340,0.0000,-0.0000,0.0000,119.5148
2026-05-06 16:22:18.132,0,19,10,0.00,-0.1262,-0.1300,-1.3941,-0.7328,0.0000,-0.0000,0.0000,107.2182
2026-05-06 16:22:18.631,0,20,10,0.00,-0.1232,-0.1264,-1.3942,-0.7332,0.0000,-0.0000,0.0000,94.2075
2026-05-06 16:22:19.131,0,20,10,0.00,-0.1268,-0.1261,-1.3943,-0.7334,0.0000,-0.0000,0.0000,81.3092
2026-05-06 16:22:19.631,0,19,10,0.00,-0.1261,-0.1292,-1.3944,-0.7335,0.0000,-0.0000,0.0000,68.3359
2026-05-06 16:22:20.131,0,20,10,0.00,-0.1245,-0.1276,-1.3947,-0.7337,0.0000,-0.0000,0.0000,55.1457
2026-05-06 16:22:20.631,0,20,10,0.00,-0.1247,-0.1271,-1.3951,-0.7339,0.0000,-0.0000,0.0000,42.0080
2026-05-06 16:22:21.132,0,20,10,0.00,-0.1246,-0.1246,-1.3955,-0.7340,0.0000,-0.0000,0.0000,28.8604
2026-05-06 16:22:21.631,0,5,10,0.00,-0.1255,-0.1264,-1.3956,-0.7340,0.0000,-0.0000,0.0000,15.9349
2026-05-06 16:22:22.131,0,2,10,0.00,0.0000,-0.0001,-1.4082,-0.7341,0.0000,-0.0000,0.0000,12.8631
2026-05-06 16:22:22.632,0,10,10,0.00,0.0000,-0.0001,-1.4082,-0.7341,0.0000,-0.0000,0.0000,13.1921
2026-05-06 16:22:23.132,0,10,10,0.00,0.0000,0.0001,-1.4082,-0.7341,0.0000,-0.0000,0.0000,13.1921
2026-05-06 16:22:23.632,0,10,10,0.00,0.0001,0.0000,-1.4082,-0.7341,0.0000,-0.0000,0.0000,13.1921
2026-05-06 16:22:24.131,0,10,10,0.00,0.0004,0.0003,-1.4082,-0.7341,0.0000,-0.0000,0.0000,13.1921
2026-05-06 16:22:24.632,0,10,10,0.00,0.0001,-0.0001,-1.4082,-0.7341,0.0000,-0.0000,0.0000,13.1975
2026-05-06 16:22:25.131,0,10,10,0.00,0.0000,-0.0001,-1.4082,-0.7341,0.0000,-0.0000,0.0000,13.1975
2026-05-06 16:22:25.632,0,10,10,0.00,0.0001,0.0000,-1.4082,-0.7341,0.0000,-0.0000,0.0000,13.1975
2026-05-06 16:22:26.132,0,10,10,0.00,0.0366,-0.0005,-1.4098,-0.7341,0.0000,-0.0000,0.0000,13.1975
2026-05-06 16:22:26.631,0,10,10,0.00,0.1957,0.0000,-1.4414,-0.7356,0.0000,-0.0000,0.0000,15.6230
2026-05-06 16:22:27.131,0,10,10,0.00,0.3564,0.0000,-1.5111,-0.7518,0.0000,-0.0000,0.0000,26.4503
2026-05-06 16:22:27.632,0,10,10,0.00,0.4371,0.0000,-1.6059,-0.8100,0.0000,-0.0000,0.0000,45.6378
2026-05-06 16:22:28.132,0,10,10,0.00,0.4409,0.0000,-1.6683,-0.8940,0.0000,-0.0000,0.0000,68.6212
2026-05-06 16:22:28.632,0,10,10,0.00,0.1639,0.0001,-1.6929,-0.9696,0.0000,-0.0000,0.0000,90.9739
2026-05-06 16:22:29.132,0,10,10,0.00,-0.0001,-0.0001,-1.6945,-0.9795,0.0000,-0.0000,0.0000,97.9182
2026-05-06 16:22:29.631,0,10,10,0.00,-0.0001,0.0001,-1.6945,-0.9795,0.0000,-0.0000,0.0000,97.4492
2026-05-06 16:22:30.132,0,10,10,0.00,0.0000,0.0001,-1.6945,-0.9795,0.0000,-0.0000,0.0000,97.4492
2026-05-06 16:22:30.632,0,10,10,0.00,0.0001,0.0001,-1.6945,-0.9795,0.0000,-0.0000,0.0000,97.4492
2026-05-06 16:22:31.132,0,10,10,0.00,0.0001,-0.0005,-1.6945,-0.9795,0.0000,-0.0000,0.0000,97.4492
2026-05-06 16:22:31.632,0,10,10,0.00,0.0000,-0.0001,-1.6945,-0.9795,0.0000,-0.0000,0.0000,97.4492
2026-05-06 16:22:32.131,0,10,10,0.00,-0.0001,0.0001,-1.6945,-0.9795,0.0000,-0.0000,0.0000,97.4492
2026-05-06 16:22:32.632,0,10,10,0.00,0.0001,-0.0003,-1.6945,-0.9795,0.0000,-0.0000,0.0000,97.4492
2026-05-06 16:22:33.132,0,10,10,0.00,0.0001,0.0003,-1.6945,-0.9795,0.0000,-0.0000,0.0000,97.4492
2026-05-06 16:22:33.632,0,10,10,0.00,-0.0001,0.0001,-1.6945,-0.9795,0.0000,-0.0000,0.0000,97.4492
2026-05-06 16:22:34.131,0,10,10,0.00,0.0000,-0.0003,-1.6945,-0.9795,0.0000,-0.0000,0.0000,97.4492
2026-05-06 16:22:34.632,0,10,10,0.00,0.0001,0.0000,-1.6945,-0.9795,0.0000,-0.0000,0.0000,97.4492
2026-05-06 16:22:35.132,0,10,10,0.00,0.0000,0.0000,-1.6945,-0.9795,0.0000,-0.0000,0.0000,97.4492
2026-05-06 16:22:35.632,0,10,10,0.00,0.0000,0.0000,-1.6945,-0.9795,0.0000,-0.0000,0.0000,97.4492
2026-05-06 16:22:36.132,0,10,10,0.00,0.0001,0.0000,-1.6945,-0.9795,0.0000,-0.0000,0.0000,97.4492
2026-05-06 16:22:36.632,0,10,10,0.00,0.0001,-0.0001,-1.6945,-0.9795,0.0000,-0.0000,0.0000,97.4492
2026-05-06 16:22:37.132,0,10,10,0.00,0.0001,0.0000,-1.6945,-0.9795,0.0000,-0.0000,0.0000,97.4492
2026-05-06 16:22:37.632,0,10,10,0.00,-0.0001,0.0000,-1.6945,-0.9795,0.0000,-0.0000,0.0000,97.4492
2026-05-06 16:22:38.132,0,10,10,0.00,0.0000,0.0000,-1.6945,-0.9795,0.0000,-0.0000,0.0000,97.4492
2026-05-06 16:22:38.631,0,10,10,0.00,-0.0003,0.0000,-1.6945,-0.9795,0.0000,-0.0000,0.0000,97.4492
2026-05-06 16:22:39.131,0,10,10,0.00,0.0001,-0.0003,-1.6945,-0.9795,0.0000,-0.0000,0.0000,97.4492
2026-05-06 16:22:39.632,0,10,10,0.00,0.0000,0.0000,-1.6945,-0.9795,0.0000,-0.0000,0.0000,97.4492
2026-05-06 16:22:40.132,0,10,10,0.00,0.0003,0.0001,-1.6945,-0.9795,0.0000,-0.0000,0.0000,97.4492
2026-05-06 16:22:40.632,0,10,10,0.00,-0.0003,0.0000,-1.6945,-0.9795,0.0000,-0.0000,0.0000,97.4492
2026-05-06 16:22:41.132,0,10,10,0.00,0.0003,0.0000,-1.6945,-0.9795,0.0000,-0.0000,0.0000,97.4492
2026-05-06 16:22:41.631,0,10,10,0.00,-0.0005,0.0001,-1.6945,-0.9795,0.0000,-0.0000,0.0000,97.4492
2026-05-06 16:22:42.131,0,10,10,0.00,0.0000,0.0001,-1.6945,-0.9795,0.0000,-0.0000,0.0000,97.4492
2026-05-06 16:22:42.631,0,10,10,0.00,0.0001,-0.0001,-1.6945,-0.9795,0.0000,-0.0000,0.0000,97.4492
2026-05-06 16:22:43.132,0,10,10,0.00,0.0001,0.0001,-1.6945,-0.9795,0.0000,-0.0000,0.0000,97.4492
2026-05-06 16:22:43.631,0,10,10,0.00,0.0001,0.0001,-1.6945,-0.9795,0.0000,-0.0000,0.0000,97.4492
2026-05-06 16:22:44.131,0,10,10,0.00,0.0001,0.0001,-1.6945,-0.9795,0.0000,-0.0000,0.0000,97.4492
2026-05-06 16:22:44.632,0,10,10,0.00,-0.0001,-0.0001,-1.6945,-0.9795,0.0000,-0.0000,0.0000,97.4492
2026-05-06 16:22:45.132,0,10,10,0.00,0.0000,-0.0001,-1.6945,-0.9795,0.0000,-0.0000,0.0000,97.4492
2026-05-06 16:22:45.632,0,10,10,0.00,0.0000,0.0000,-1.6945,-0.9795,0.0000,-0.0000,0.0000,97.4492
2026-05-06 16:22:46.132,0,10,10,0.00,0.0000,0.0000,-1.6945,-0.9795,0.0000,-0.0000,0.0000,97.4492
2026-05-06 16:22:46.631,0,10,10,0.00,-0.0003,0.0000,-1.6945,-0.9795,0.0000,-0.0000,0.0000,97.4492
2026-05-06 16:22:47.131,0,10,10,0.00,0.0000,0.0000,-1.6945,-0.9795,0.0000,-0.0000,0.0000,97.4492
2026-05-06 16:22:47.631,0,10,10,0.00,0.0001,0.0000,-1.6945,-0.9795,0.0000,-0.0000,0.0000,97.4492
2026-05-06 16:22:48.132,0,10,10,0.00,-0.0001,0.0003,-1.6945,-0.9795,0.0000,-0.0000,0.0000,97.4492
2026-05-06 16:22:48.632,0,10,10,0.00,0.0000,0.0000,-1.6945,-0.9795,0.0000,-0.0000,0.0000,97.4492
2026-05-06 16:22:49.132,0,10,10,0.00,0.0000,0.0001,-1.6945,-0.9795,0.0000,-0.0000,0.0000,97.4492
2026-05-06 16:22:49.632,0,10,10,0.00,0.0004,0.0000,-1.6945,-0.9795,0.0000,-0.0000,0.0000,97.4492
2026-05-06 16:22:50.132,0,10,10,0.00,-0.0001,0.0001,-1.6945,-0.9795,0.0000,-0.0000,0.0000,97.4492
2026-05-06 16:22:50.632,0,10,10,0.00,0.0000,0.0000,-1.6945,-0.9795,0.0000,-0.0000,0.0000,97.4492
2026-05-06 16:22:51.132,0,10,10,0.00,0.0000,0.0003,-1.6945,-0.9795,0.0000,-0.0000,0.0000,97.4492
2026-05-06 16:22:51.631,0,10,10,0.00,-0.0001,0.0000,-1.6945,-0.9795,0.0000,-0.0000,0.0000,97.4492
2026-05-06 16:22:52.132,0,10,10,0.00,-0.0001,0.0000,-1.6945,-0.9795,0.0000,-0.0000,0.0000,97.4492
2026-05-06 16:22:52.632,0,10,10,0.00,0.0000,-0.0003,-1.6945,-0.9795,0.0000,-0.0000,0.0000,97.4492
2026-05-06 16:22:53.131,0,10,10,0.00,0.0000,0.0000,-1.6945,-0.9795,0.0000,-0.0000,0.0000,97.4492
2026-05-06 16:22:53.631,0,10,10,0.00,-0.0001,-0.0003,-1.6945,-0.9795,0.0000,-0.0000,0.0000,97.4492
2026-05-06 16:22:54.131,0,10,10,0.00,-0.0001,0.0000,-1.6945,-0.9795,0.0000,-0.0000,0.0000,97.4492
2026-05-06 16:22:54.632,0,10,10,0.00,-0.0001,0.0000,-1.6945,-0.9795,0.0000,-0.0000,0.0000,97.4492
2026-05-06 16:22:55.132,0,10,10,0.00,0.0001,0.0000,-1.6945,-0.9795,0.0000,-0.0000,0.0000,97.4492
2026-05-06 16:22:55.632,0,10,10,0.00,0.0000,0.0001,-1.6945,-0.9795,0.0000,-0.0000,0.0000,97.4492
2026-05-06 16:22:56.131,0,10,10,0.00,-0.0001,0.0000,-1.6945,-0.9795,0.0000,-0.0000,0.0000,97.4492
2026-05-06 16:22:56.632,0,10,10,0.00,0.0001,-0.0005,-1.6945,-0.9795,0.0000,-0.0000,0.0000,97.4492
2026-05-06 16:22:57.132,0,10,10,0.00,0.0000,0.0000,-1.6945,-0.9795,0.0000,-0.0000,0.0000,97.4492
2026-05-06 16:22:57.636,0,10,10,0.00,0.0000,0.0001,-1.6945,-0.9795,0.0000,-0.0000,0.0000,97.4492
2026-05-06 16:22:58.132,0,10,10,0.00,0.0000,0.0000,-1.6945,-0.9795,0.0000,-0.0000,0.0000,97.4492
2026-05-06 16:22:58.631,0,10,10,0.00,0.0000,0.0000,-1.6945,-0.9795,0.0000,-0.0000,0.0000,97.4492
2026-05-06 16:22:59.132,0,10,10,0.00,0.0000,0.0001,-1.6945,-0.9795,0.0000,-0.0000,0.0000,97.4492
2026-05-06 16:22:59.631,0,10,10,0.00,-0.0001,0.0000,-1.6945,-0.9795,0.0000,-0.0000,0.0000,97.4492
2026-05-06 16:23:00.132,0,10,10,0.00,0.0000,0.0000,-1.6945,-0.9795,0.0000,-0.0000,0.0000,97.4492
2026-05-06 16:23:00.632,0,10,10,0.00,0.0000,0.0000,-1.6945,-0.9795,0.0000,-0.0000,0.0000,97.4492
2026-05-06 16:23:01.131,0,10,10,0.00,0.0000,0.0001,-1.6945,-0.9795,0.0000,-0.0000,0.0000,97.4492
2026-05-06 16:23:01.632,0,10,10,0.00,0.0000,-0.0001,-1.6945,-0.9795,0.0000,-0.0000,0.0000,97.4492
2026-05-06 16:23:02.132,0,10,10,0.00,0.0001,0.0000,-1.6945,-0.9795,0.0000,-0.0000,0.0000,97.4492
2026-05-06 16:23:02.631,0,10,10,0.00,0.0003,0.0000,-1.6945,-0.9795,0.0000,-0.0000,0.0000,97.4492
2026-05-06 16:23:03.132,0,10,10,0.00,-0.0001,-0.0001,-1.6945,-0.9795,0.0000,-0.0000,0.0000,97.4492
2026-05-06 16:23:03.632,0,10,10,0.00,-0.0001,0.0000,-1.6945,-0.9795,0.0000,-0.0000,0.0000,97.4492
2026-05-06 16:23:04.131,0,10,10,0.00,0.0001,0.0001,-1.6945,-0.9795,0.0000,-0.0000,0.0000,97.4492
2026-05-06 16:23:04.631,0,10,10,0.00,0.0001,0.0000,-1.6945,-0.9795,0.0000,-0.0000,0.0000,97.4492
2026-05-06 16:23:05.132,0,10,10,0.00,-0.0005,0.0000,-1.6945,-0.9795,0.0000,-0.0000,0.0000,97.4492
2026-05-06 16:23:05.631,0,10,10,0.00,-0.0003,0.0000,-1.6945,-0.9795,0.0000,-0.0000,0.0000,97.4492
2026-05-06 16:23:06.132,0,10,10,0.00,0.0001,0.0000,-1.6945,-0.9795,0.0000,-0.0000,0.0000,97.4492
2026-05-06 16:23:06.632,0,10,10,0.00,0.0000,-0.0001,-1.6945,-0.9795,0.0000,-0.0000,0.0000,97.4492
2026-05-06 16:23:07.131,0,10,10,0.00,0.0001,0.0000,-1.6945,-0.9795,0.0000,-0.0000,0.0000,97.4492
2026-05-06 16:23:07.632,0,10,10,0.00,0.0001,0.0000,-1.6945,-0.9795,0.0000,-0.0000,0.0000,97.4492
2026-05-06 16:23:08.131,0,10,10,0.00,-0.0001,-0.0001,-1.6945,-0.9795,0.0000,-0.0000,0.0000,97.4492
2026-05-06 16:23:08.632,0,10,10,0.00,-0.0001,0.0000,-1.6945,-0.9795,0.0000,-0.0000,0.0000,97.4492
2026-05-06 16:23:09.132,0,10,10,0.00,0.0000,0.0000,-1.6945,-0.9795,0.0000,-0.0000,0.0000,97.4492
2026-05-06 16:23:09.632,0,10,10,0.00,0.0001,0.0000,-1.6945,-0.9795,0.0000,-0.0000,0.0000,97.4492
2026-05-06 16:23:10.131,0,10,10,0.00,0.0004,0.0001,-1.6945,-0.9795,0.0000,-0.0000,0.0000,97.4492
2026-05-06 16:23:10.632,0,10,10,0.00,0.0000,0.0001,-1.6945,-0.9795,0.0000,-0.0000,0.0000,97.4492
2026-05-06 16:23:11.132,0,10,10,0.00,0.0000,0.0003,-1.6945,-0.9795,0.0000,-0.0000,0.0000,97.4492
2026-05-06 16:23:11.632,0,10,10,0.00,0.0000,-0.0001,-1.6945,-0.9795,0.0000,-0.0000,0.0000,97.4492
2026-05-06 16:23:12.132,0,10,10,0.00,-0.0001,0.0000,-1.6945,-0.9795,0.0000,-0.0000,0.0000,97.4492
2026-05-06 16:23:12.632,0,10,10,0.00,-0.0001,0.0000,-1.6945,-0.9795,0.0000,-0.0000,0.0000,97.4492
2026-05-06 16:23:13.132,0,10,10,0.00,-0.0001,0.0000,-1.6945,-0.9795,0.0000,-0.0000,0.0000,97.4492
2026-05-06 16:23:13.632,0,10,10,0.00,-0.0004,0.0000,-1.6945,-0.9795,0.0000,-0.0000,0.0000,97.4492
2026-05-06 16:23:14.132,0,10,10,0.00,0.0000,0.0001,-1.6945,-0.9795,0.0000,-0.0000,0.0000,97.4492
2026-05-06 16:23:14.632,0,10,10,0.00,0.0000,-0.0001,-1.6945,-0.9795,0.0000,-0.0000,0.0000,97.4492
2026-05-06 16:23:15.132,0,10,10,0.00,0.0000,0.0001,-1.6945,-0.9795,0.0000,-0.0000,0.0000,97.4492
2026-05-06 16:23:15.632,0,10,10,0.00,0.0000,0.0000,-1.6945,-0.9795,0.0000,-0.0000,0.0000,97.4492
2026-05-06 16:23:16.132,0,10,10,0.00,0.0000,0.0000,-1.6945,-0.9795,0.0000,-0.0000,0.0000,97.4492
2026-05-06 16:23:16.632,0,10,10,0.00,-0.0003,-0.0001,-1.6945,-0.9795,0.0000,-0.0000,0.0000,97.4492
2026-05-06 16:23:17.132,0,10,10,0.00,0.0000,0.0000,-1.6945,-0.9795,0.0000,-0.0000,0.0000,97.4492
2026-05-06 16:23:17.632,0,10,10,0.00,0.0000,0.0001,-1.6945,-0.9795,0.0000,-0.0000,0.0000,97.4492
2026-05-06 16:23:18.132,0,10,10,0.00,-0.0001,0.0000,-1.6945,-0.9795,0.0000,-0.0000,0.0000,97.4492
2026-05-06 16:23:18.631,0,10,10,0.00,-0.0003,-0.0001,-1.6945,-0.9795,0.0000,-0.0000,0.0000,97.4492
2026-05-06 16:23:19.132,0,10,10,0.00,0.0000,0.0000,-1.6945,-0.9795,0.0000,-0.0000,0.0000,97.4492
2026-05-06 16:23:19.632,0,10,10,0.00,0.0000,0.0004,-1.6945,-0.9795,0.0000,-0.0000,0.0000,97.4492
2026-05-06 16:23:20.132,0,10,10,0.00,-0.0001,0.0003,-1.6945,-0.9795,0.0000,-0.0000,0.0000,97.4492
2026-05-06 16:23:20.632,0,10,10,0.00,0.0000,0.0000,-1.6945,-0.9795,0.0000,-0.0000,0.0000,97.4492
2026-05-06 16:23:21.131,0,10,10,0.00,0.0000,0.0000,-1.6945,-0.9795,0.0000,-0.0000,0.0000,97.4492
2026-05-06 16:23:21.632,0,10,10,0.00,-0.0001,-0.0001,-1.6945,-0.9795,0.0000,-0.0000,0.0000,97.4492
2026-05-06 16:23:22.132,0,10,10,0.00,0.0004,0.0000,-1.6945,-0.9795,0.0000,-0.0000,0.0000,97.4492
2026-05-06 16:23:22.632,0,10,10,0.00,0.0000,0.0000,-1.6945,-0.9795,0.0000,-0.0000,0.0000,97.4492
2026-05-06 16:23:23.132,0,10,10,0.00,0.0001,0.0001,-1.6945,-0.9795,0.0000,-0.0000,0.0000,97.4492
2026-05-06 16:23:23.631,0,10,10,0.00,-0.0001,0.0001,-1.6945,-0.9795,0.0000,-0.0000,0.0000,97.4492
2026-05-06 16:23:24.132,0,10,10,0.00,0.0000,0.0000,-1.6945,-0.9795,0.0000,-0.0000,0.0000,97.4492
2026-05-06 16:23:24.631,0,10,10,0.00,0.0000,0.0001,-1.6945,-0.9795,0.0000,-0.0000,0.0000,97.4492
2026-05-06 16:23:25.132,0,10,10,0.00,0.0003,-0.0001,-1.6945,-0.9795,0.0000,-0.0000,0.0000,97.4492
2026-05-06 16:23:25.631,0,10,10,0.00,0.0003,0.0000,-1.6945,-0.9795,0.0000,-0.0000,0.0000,97.4492
2026-05-06 16:23:26.131,0,10,10,0.00,0.0000,-0.0003,-1.6945,-0.9795,0.0000,-0.0000,0.0000,97.4492
2026-05-06 16:23:26.632,0,10,10,0.00,0.0000,0.0000,-1.6945,-0.9795,0.0000,-0.0000,0.0000,97.4492
2026-05-06 16:23:27.132,0,10,10,0.00,0.0000,0.0000,-1.6945,-0.9795,0.0000,-0.0000,0.0000,97.4492
2026-05-06 16:23:27.631,0,10,10,0.00,0.0000,0.0001,-1.6945,-0.9795,0.0000,-0.0000,0.0000,97.4492
2026-05-06 16:23:28.131,0,10,10,0.00,-0.0001,0.0000,-1.6945,-0.9795,0.0000,-0.0000,0.0000,97.4492
2026-05-06 16:23:28.632,0,10,10,0.00,0.0001,0.0001,-1.6945,-0.9795,0.0000,-0.0000,0.0000,97.4492
2026-05-06 16:23:29.132,0,10,10,0.00,0.0001,0.0000,-1.6945,-0.9795,0.0000,-0.0000,0.0000,97.4492
2026-05-06 16:23:29.632,0,10,10,0.00,0.0003,0.0001,-1.6945,-0.9795,0.0000,-0.0000,0.0000,97.4492
2026-05-06 16:23:30.132,0,10,10,0.00,0.0000,0.0001,-1.6945,-0.9795,0.0000,-0.0000,0.0000,97.4492
2026-05-06 16:23:30.631,0,10,10,0.00,0.0000,0.0000,-1.6945,-0.9795,0.0000,-0.0000,0.0000,97.4492
2026-05-06 16:23:31.132,0,10,10,0.00,-0.0001,0.0000,-1.6945,-0.9795,0.0000,-0.0000,0.0000,97.2756
2026-05-06 16:23:31.632,0,10,10,0.00,0.0000,0.0000,-1.6945,-0.9795,0.0000,-0.0000,0.0000,97.2756
2026-05-06 16:23:32.132,0,10,10,0.00,-0.0001,0.0000,-1.6945,-0.9795,0.0000,-0.0000,0.0000,97.2756
2026-05-06 16:23:32.631,0,10,10,0.00,0.0000,0.0000,-1.6945,-0.9795,0.0000,-0.0000,0.0000,97.2756
2026-05-06 16:23:33.131,0,10,10,0.00,0.0000,0.0000,-1.6945,-0.9795,0.0000,-0.0000,0.0000,97.2756
2026-05-06 16:23:33.632,0,10,10,0.00,0.0000,0.0001,-1.6945,-0.9795,0.0000,-0.0000,0.0000,97.2756
2026-05-06 16:23:34.132,0,10,10,0.00,0.0003,0.0003,-1.6945,-0.9795,0.0000,-0.0000,0.0000,97.2756
2026-05-06 16:23:34.631,0,10,10,0.00,0.0000,0.0000,-1.6945,-0.9795,0.0000,-0.0000,0.0000,97.2756
2026-05-06 16:23:35.132,0,10,10,0.00,0.0000,0.0000,-1.6945,-0.9795,0.0000,-0.0000,0.0000,97.2756
2026-05-06 16:23:35.631,0,10,10,0.00,0.0001,0.0001,-1.6945,-0.9795,0.0000,-0.0000,0.0000,97.2756
2026-05-06 16:23:36.132,0,10,10,0.00,-0.0003,0.0000,-1.6945,-0.9795,0.0000,-0.0000,0.0000,97.2756
2026-05-06 16:23:36.632,0,10,10,0.00,-0.0001,0.0000,-1.6945,-0.9795,0.0000,-0.0000,0.0000,97.2756
2026-05-06 16:23:37.132,0,10,10,0.00,-0.0001,-0.0003,-1.6945,-0.9795,0.0000,-0.0000,0.0000,97.2756
2026-05-06 16:23:37.632,0,10,10,0.00,0.0000,-0.0001,-1.6945,-0.9795,0.0000,-0.0000,0.0000,97.2756
2026-05-06 16:23:38.132,0,10,10,0.00,0.0000,0.0000,-1.6945,-0.9795,0.0000,-0.0000,0.0000,97.2756
2026-05-06 16:23:38.632,0,10,10,0.00,0.0003,0.0001,-1.6945,-0.9795,0.0000,-0.0000,0.0000,97.2756
2026-05-06 16:23:39.132,0,10,10,0.00,-0.0003,0.0001,-1.6945,-0.9795,0.0000,-0.0000,0.0000,97.2756
2026-05-06 16:23:39.632,0,10,10,0.00,0.0001,-0.0001,-1.6945,-0.9795,0.0000,-0.0000,0.0000,97.2756
2026-05-06 16:23:40.131,0,10,10,0.00,-0.0001,0.0001,-1.6945,-0.9795,0.0000,-0.0000,0.0000,97.2756
2026-05-06 16:23:40.632,0,10,10,0.00,-0.0001,0.0000,-1.6945,-0.9795,0.0000,-0.0000,0.0000,97.2756
2026-05-06 16:23:41.132,0,10,10,0.00,0.0003,-0.0003,-1.6945,-0.9795,0.0000,-0.0000,0.0000,97.2756
2026-05-06 16:23:41.632,0,10,10,0.00,0.0000,0.0000,-1.6945,-0.9795,0.0000,-0.0000,0.0000,97.2756
2026-05-06 16:23:42.132,0,10,10,0.00,0.0000,-0.0001,-1.6945,-0.9795,0.0000,-0.0000,0.0000,97.2756
2026-05-06 16:23:42.632,0,10,10,0.00,0.0000,-0.0001,-1.6945,-0.9795,0.0000,-0.0000,0.0000,97.2756
2026-05-06 16:23:43.132,0,10,10,0.00,0.0001,0.0000,-1.6945,-0.9795,0.0000,-0.0000,0.0000,97.2756
2026-05-06 16:23:43.631,0,10,10,0.00,0.0000,-0.0001,-1.6945,-0.9795,0.0000,-0.0000,0.0000,97.2756
2026-05-06 16:23:44.132,0,10,10,0.00,0.0001,-0.0001,-1.6945,-0.9795,0.0000,-0.0000,0.0000,97.2756
2026-05-06 16:23:44.632,0,10,10,0.00,0.0001,-0.0001,-1.6945,-0.9795,0.0000,-0.0000,0.0000,97.2756
2026-05-06 16:23:45.132,0,10,10,0.00,0.0000,0.0000,-1.6945,-0.9795,0.0000,-0.0000,0.0000,97.2756
2026-05-06 16:23:45.632,0,10,10,0.00,0.0001,0.0001,-1.6945,-0.9795,0.0000,-0.0000,0.0000,97.2756
2026-05-06 16:23:46.132,0,10,10,0.00,-0.0001,0.0003,-1.6945,-0.9795,0.0000,-0.0000,0.0000,97.2756
2026-05-06 16:23:46.632,0,10,10,0.00,0.0003,-0.0001,-1.6945,-0.9795,0.0000,-0.0000,0.0000,97.2756
2026-05-06 16:23:47.132,0,10,10,0.00,0.0000,-0.0003,-1.6945,-0.9795,0.0000,-0.0000,0.0000,97.2756
2026-05-06 16:23:47.632,0,10,10,0.00,0.0000,0.0000,-1.6945,-0.9795,0.0000,-0.0000,0.0000,97.2756
2026-05-06 16:23:48.131,0,10,10,0.00,-0.0001,0.0000,-1.6945,-0.9795,0.0000,-0.0000,0.0000,97.2756
2026-05-06 16:23:48.632,0,10,10,0.00,0.0001,0.0000,-1.6945,-0.9795,0.0000,-0.0000,0.0000,97.2756
2026-05-06 16:23:49.132,0,10,10,0.00,0.0000,-0.0001,-1.6945,-0.9795,0.0000,-0.0000,0.0000,97.2756
2026-05-06 16:23:49.632,0,10,10,0.00,0.0001,0.0000,-1.6945,-0.9795,0.0000,-0.0000,0.0000,97.2756
2026-05-06 16:23:50.132,0,10,10,0.00,0.0000,0.0000,-1.6945,-0.9795,0.0000,-0.0000,0.0000,97.2756
2026-05-06 16:23:50.632,0,10,10,0.00,0.0001,0.0000,-1.6945,-0.9795,0.0000,-0.0000,0.0000,97.2756
2026-05-06 16:23:51.132,0,10,10,0.00,-0.0001,0.0000,-1.6945,-0.9795,0.0000,-0.0000,0.0000,97.2756
2026-05-06 16:23:51.632,0,10,10,0.00,0.0000,0.0001,-1.6945,-0.9795,0.0000,-0.0000,0.0000,97.2756
2026-05-06 16:23:52.131,0,10,10,0.00,0.0000,0.0000,-1.6945,-0.9795,0.0000,-0.0000,0.0000,97.2756
2026-05-06 16:23:52.632,0,10,10,0.00,-0.0001,-0.0001,-1.6945,-0.9795,0.0000,-0.0000,0.0000,97.2756
2026-05-06 16:23:53.132,0,10,10,0.00,0.0000,0.0000,-1.6945,-0.9795,0.0000,-0.0000,0.0000,97.2756
2026-05-06 16:23:53.632,0,10,10,0.00,0.0000,0.0003,-1.6945,-0.9795,0.0000,-0.0000,0.0000,97.2756
2026-05-06 16:23:54.132,0,10,10,0.00,-0.0001,0.0000,-1.6945,-0.9795,0.0000,-0.0000,0.0000,97.2756
2026-05-06 16:23:54.632,0,10,10,0.00,0.0000,0.0000,-1.6945,-0.9795,0.0000,-0.0000,0.0000,97.2756
2026-05-06 16:23:55.132,0,10,10,0.00,-0.0004,0.0001,-1.6945,-0.9795,0.0000,-0.0000,0.0000,97.2756
2026-05-06 16:23:55.632,0,10,10,0.00,0.0000,0.0000,-1.6945,-0.9795,0.0000,-0.0000,0.0000,97.2756
2026-05-06 16:23:56.132,0,10,10,0.00,0.0000,0.0000,-1.6945,-0.9795,0.0000,-0.0000,0.0000,97.2756
2026-05-06 16:23:56.632,0,10,10,0.00,0.0001,0.0001,-1.6945,-0.9795,0.0000,-0.0000,0.0000,97.2756
2026-05-06 16:23:57.132,0,10,10,0.00,0.0001,0.0000,-1.6945,-0.9795,0.0000,-0.0000,0.0000,97.2756
2026-05-06 16:23:57.632,0,10,10,0.00,0.0000,-0.0001,-1.6945,-0.9795,0.0000,-0.0000,0.0000,97.2756
2026-05-06 16:23:58.132,0,10,10,0.00,-0.0001,-0.0001,-1.6945,-0.9795,0.0000,-0.0000,0.0000,97.2756
2026-05-06 16:23:58.632,0,10,10,0.00,0.0003,0.0000,-1.6945,-0.9795,0.0000,-0.0000,0.0000,97.2756
2026-05-06 16:23:59.132,0,10,10,0.00,0.0003,0.0000,-1.6945,-0.9795,0.0000,-0.0000,0.0000,97.2756
2026-05-06 16:23:59.632,0,10,10,0.00,0.0003,0.0000,-1.6945,-0.9795,0.0000,-0.0000,0.0000,97.2756
2026-05-06 16:24:00.132,0,10,10,0.00,0.0000,0.0000,-1.6945,-0.9795,0.0000,-0.0000,0.0000,97.2756
2026-05-06 16:24:00.632,0,10,10,0.00,-0.0001,0.0000,-1.6945,-0.9795,0.0000,-0.0000,0.0000,97.2756
2026-05-06 16:24:01.132,0,10,10,0.00,0.0000,0.0000,-1.6945,-0.9795,0.0000,-0.0000,0.0000,97.2756
2026-05-06 16:24:01.632,0,10,10,0.00,-0.0001,0.0000,-1.6945,-0.9795,0.0000,-0.0000,0.0000,97.2756
2026-05-06 16:24:02.131,0,10,10,0.00,0.0000,0.0003,-1.6945,-0.9795,0.0000,-0.0000,0.0000,97.2756
2026-05-06 16:24:02.632,0,10,10,0.00,-0.0001,0.0000,-1.6945,-0.9795,0.0000,-0.0000,0.0000,97.2756
2026-05-06 16:24:03.132,0,10,10,0.00,0.0001,-0.0001,-1.6945,-0.9795,0.0000,-0.0000,0.0000,97.2756
2026-05-06 16:24:03.632,0,10,10,0.00,0.0000,0.0000,-1.6945,-0.9795,0.0000,-0.0000,0.0000,97.2756
2026-05-06 16:24:04.131,0,10,10,0.00,0.0004,0.0000,-1.6945,-0.9795,0.0000,-0.0000,0.0000,97.2756
2026-05-06 16:24:04.632,0,10,10,0.00,0.0003,0.0000,-1.6945,-0.9795,0.0000,-0.0000,0.0000,97.2756
2026-05-06 16:24:05.132,0,10,10,0.00,0.0000,0.0000,-1.6945,-0.9795,0.0000,-0.0000,0.0000,97.2756
2026-05-06 16:24:05.632,0,10,10,0.00,0.0000,0.0000,-1.6945,-0.9795,0.0000,-0.0000,0.0000,97.2756
2026-05-06 16:24:06.132,0,10,10,0.00,0.0000,-0.0001,-1.6945,-0.9795,0.0000,-0.0000,0.0000,97.2756
2026-05-06 16:24:06.632,0,10,10,0.00,0.0000,0.0000,-1.6945,-0.9795,0.0000,-0.0000,0.0000,97.2756
2026-05-06 16:24:07.132,0,10,10,0.00,0.0000,0.0000,-1.6945,-0.9795,0.0000,-0.0000,0.0000,97.2756
2026-05-06 16:24:07.632,0,10,10,0.00,0.0000,0.0001,-1.6945,-0.9795,0.0000,-0.0000,0.0000,97.2756
2026-05-06 16:24:08.132,0,10,10,0.00,0.0000,0.0000,-1.6945,-0.9795,0.0000,-0.0000,0.0000,97.2756
2026-05-06 16:24:08.632,0,10,10,0.00,0.0000,-0.0001,-1.6945,-0.9795,0.0000,-0.0000,0.0000,97.2756
2026-05-06 16:24:09.132,0,10,10,0.00,-0.0001,-0.0001,-1.6945,-0.9795,0.0000,-0.0000,0.0000,97.2756
2026-05-06 16:24:09.632,0,10,10,0.00,-0.0001,0.0000,-1.6945,-0.9795,0.0000,-0.0000,0.0000,97.2756
2026-05-06 16:24:10.131,0,10,10,0.00,0.0000,0.0001,-1.6945,-0.9795,0.0000,-0.0000,0.0000,97.2756
2026-05-06 16:24:10.631,0,10,10,0.00,0.0000,-0.0001,-1.6945,-0.9795,0.0000,-0.0000,0.0000,97.2756
2026-05-06 16:24:11.132,0,10,10,0.00,0.0001,0.0001,-1.6945,-0.9795,0.0000,-0.0000,0.0000,97.2756
2026-05-06 16:24:11.632,0,10,10,0.00,-0.0001,0.0000,-1.6945,-0.9795,0.0000,-0.0000,0.0000,97.2756
2026-05-06 16:24:12.132,0,10,10,0.00,-0.0001,0.0000,-1.6945,-0.9795,0.0000,-0.0000,0.0000,97.2756
2026-05-06 16:24:12.632,0,10,10,0.00,0.0000,-0.0001,-1.6945,-0.9795,0.0000,-0.0000,0.0000,97.2756
2026-05-06 16:24:13.131,0,10,10,0.00,0.0000,0.0000,-1.6945,-0.9795,0.0000,-0.0000,0.0000,97.2756
2026-05-06 16:24:13.632,0,10,10,0.00,-0.0001,0.0000,-1.6945,-0.9795,0.0000,-0.0000,0.0000,97.2756
2026-05-06 16:24:14.131,0,10,10,0.00,0.0000,-0.0001,-1.6945,-0.9795,0.0000,-0.0000,0.0000,97.2756
2026-05-06 16:24:14.632,0,10,10,0.00,-0.0001,0.0000,-1.6945,-0.9795,0.0000,-0.0000,0.0000,97.2756
2026-05-06 16:24:15.132,0,10,10,0.00,0.0000,0.0000,-1.6945,-0.9795,0.0000,-0.0000,0.0000,97.2756
2026-05-06 16:24:15.631,0,10,10,0.00,0.0001,0.0003,-1.6945,-0.9795,0.0000,-0.0000,0.0000,97.2756
2026-05-06 16:24:16.131,0,10,10,0.00,0.0001,-0.0001,-1.6945,-0.9795,0.0000,-0.0000,0.0000,97.2756
2026-05-06 16:24:16.632,0,10,10,0.00,-0.0003,0.0001,-1.6945,-0.9795,0.0000,-0.0000,0.0000,97.2756
2026-05-06 16:24:17.131,0,10,10,0.00,-0.0004,0.0001,-1.6945,-0.9795,0.0000,-0.0000,0.0000,97.2756
2026-05-06 16:24:17.631,0,10,10,0.00,0.0000,0.0000,-1.6945,-0.9795,0.0000,-0.0000,0.0000,97.2756
2026-05-06 16:24:18.131,0,10,10,0.00,-0.0003,-0.0001,-1.6945,-0.9795,0.0000,-0.0000,0.0000,97.2756
2026-05-06 16:24:18.632,0,10,10,0.00,0.0000,0.0000,-1.6945,-0.9795,0.0000,-0.0000,0.0000,97.2756
2026-05-06 16:24:19.132,0,10,10,0.00,0.0000,0.0000,-1.6945,-0.9795,0.0000,-0.0000,0.0000,97.2756
2026-05-06 16:24:19.632,0,10,10,0.00,-0.0001,0.0000,-1.6945,-0.9795,0.0000,-0.0000,0.0000,97.2756
2026-05-06 16:24:20.132,0,10,10,0.00,0.0000,0.0000,-1.6945,-0.9795,0.0000,-0.0000,0.0000,97.2756
2026-05-06 16:24:20.632,0,10,10,0.00,0.0000,0.0000,-1.6945,-0.9795,0.0000,-0.0000,0.0000,97.2756
2026-05-06 16:24:21.131,0,10,10,0.00,0.0001,0.0000,-1.6945,-0.9795,0.0000,-0.0000,0.0000,97.2756
2026-05-06 16:24:21.633,0,10,10,0.00,0.0001,0.0001,-1.6945,-0.9795,0.0000,-0.0000,0.0000,97.2756
2026-05-06 16:24:22.132,0,10,10,0.00,-0.0001,0.0000,-1.6945,-0.9795,0.0000,-0.0000,0.0000,97.2756
2026-05-06 16:24:22.631,0,10,10,0.00,0.0000,0.0000,-1.6945,-0.9795,0.0000,-0.0000,0.0000,97.2756
2026-05-06 16:24:23.132,0,10,10,0.00,0.0000,0.0000,-1.6945,-0.9795,0.0000,-0.0000,0.0000,97.2756
2026-05-06 16:24:23.631,0,10,10,0.00,-0.0001,0.0000,-1.6945,-0.9795,0.0000,-0.0000,0.0000,97.2756
2026-05-06 16:24:24.131,0,10,10,0.00,0.0000,-0.0001,-1.6945,-0.9795,0.0000,-0.0000,0.0000,97.2756
2026-05-06 16:24:24.631,0,10,10,0.00,0.0000,-0.0001,-1.6945,-0.9795,0.0000,-0.0000,0.0000,97.2756
2026-05-06 16:24:25.131,0,10,10,0.00,0.0000,0.0005,-1.6945,-0.9795,0.0000,-0.0000,0.0000,97.2756
2026-05-06 16:24:25.632,0,10,10,0.00,0.0000,0.0000,-1.6945,-0.9795,0.0000,-0.0000,0.0000,97.2756
2026-05-06 16:24:26.132,0,10,10,0.00,0.0001,0.0003,-1.6945,-0.9795,0.0000,-0.0000,0.0000,97.2756
2026-05-06 16:24:26.631,0,10,10,0.00,0.0000,0.0000,-1.6945,-0.9795,0.0000,-0.0000,0.0000,97.2756
2026-05-06 16:24:27.131,0,10,10,0.00,-0.0003,0.0000,-1.6945,-0.9795,0.0000,-0.0000,0.0000,97.2756
2026-05-06 16:24:27.632,0,10,10,0.00,0.0000,0.0000,-1.6945,-0.9795,0.0000,-0.0000,0.0000,97.2756
2026-05-06 16:24:28.132,0,10,10,0.00,0.0001,0.0000,-1.6945,-0.9795,0.0000,-0.0000,0.0000,97.0709
2026-05-06 16:24:28.632,0,10,10,0.00,0.0000,0.0000,-1.6945,-0.9795,0.0000,-0.0000,0.0000,97.0709
2026-05-06 16:24:29.132,0,10,10,0.00,0.0001,-0.0003,-1.6945,-0.9795,0.0000,-0.0000,0.0000,97.0709
2026-05-06 16:24:29.631,0,10,10,0.00,0.0001,0.0003,-1.6945,-0.9795,0.0000,-0.0000,0.0000,97.0709
2026-05-06 16:24:30.132,0,10,10,0.00,0.0001,0.0000,-1.6945,-0.9795,0.0000,-0.0000,0.0000,97.0709
2026-05-06 16:24:30.631,0,10,10,0.00,-0.0001,0.0000,-1.6945,-0.9795,0.0000,-0.0000,0.0000,97.0709
2026-05-06 16:24:31.132,0,10,10,0.00,0.0000,0.0001,-1.6945,-0.9795,0.0000,-0.0000,0.0000,97.0709
2026-05-06 16:24:31.632,0,10,10,0.00,0.0000,-0.0001,-1.6945,-0.9795,0.0000,-0.0000,0.0000,97.0709
2026-05-06 16:24:32.132,0,10,10,0.00,-0.0001,0.0000,-1.6945,-0.9795,0.0000,-0.0000,0.0000,97.0709
2026-05-06 16:24:32.632,0,10,10,0.00,0.0003,0.0000,-1.6945,-0.9795,0.0000,-0.0000,0.0000,97.0709
2026-05-06 16:24:33.132,0,10,10,0.00,0.0004,0.0000,-1.6945,-0.9795,0.0000,-0.0000,0.0000,97.0709
2026-05-06 16:24:33.632,0,10,10,0.00,0.0000,0.0000,-1.6945,-0.9795,0.0000,-0.0000,0.0000,97.0709
2026-05-06 16:24:34.132,0,10,10,0.00,0.0003,-0.0001,-1.6945,-0.9795,0.0000,-0.0000,0.0000,97.0709
2026-05-06 16:24:34.632,0,10,10,0.00,-0.0003,0.0003,-1.6945,-0.9795,0.0000,-0.0000,0.0000,97.0709
2026-05-06 16:24:35.131,0,10,10,0.00,0.0000,0.0000,-1.6945,-0.9795,0.0000,-0.0000,0.0000,97.0709
2026-05-06 16:24:35.632,0,10,10,0.00,0.0001,0.0000,-1.6945,-0.9795,0.0000,-0.0000,0.0000,97.0709
2026-05-06 16:24:36.132,0,10,10,0.00,0.0000,0.0001,-1.6945,-0.9795,0.0000,-0.0000,0.0000,97.0709
2026-05-06 16:24:36.631,0,10,10,0.00,0.0000,-0.0001,-1.6945,-0.9795,0.0000,-0.0000,0.0000,97.0709
2026-05-06 16:24:37.131,0,10,10,0.00,0.0000,0.0001,-1.6945,-0.9795,0.0000,-0.0000,0.0000,97.0709
2026-05-06 16:24:37.632,0,10,10,0.00,0.0000,0.0000,-1.6945,-0.9795,0.0000,-0.0000,0.0000,97.0709
2026-05-06 16:24:38.132,0,10,10,0.00,0.0000,-0.0001,-1.6945,-0.9795,0.0000,-0.0000,0.0000,97.0709
2026-05-06 16:24:38.631,0,10,10,0.00,0.0000,-0.0001,-1.6945,-0.9795,0.0000,-0.0000,0.0000,97.0709
2026-05-06 16:24:39.131,0,10,10,0.00,0.0003,0.0000,-1.6946,-0.9807,0.0000,-0.0000,0.0000,97.0709
2026-05-06 16:24:39.631,0,10,10,0.00,0.0000,0.0000,-1.6946,-0.9807,0.0000,-0.0000,0.0000,97.0709
2026-05-06 16:24:40.131,0,10,10,0.00,0.0000,0.0000,-1.6946,-0.9807,0.0000,-0.0000,0.0000,97.0709
2026-05-06 16:24:40.632,0,10,10,0.00,0.0000,0.0000,-1.6946,-0.9807,0.0000,-0.0000,0.0000,97.0709
2026-05-06 16:24:41.131,0,10,10,0.00,0.0004,-0.0001,-1.6946,-0.9807,0.0000,-0.0000,0.0000,97.0709
2026-05-06 16:24:41.632,0,10,10,0.00,-0.0001,-0.0001,-1.6946,-0.9807,0.0000,-0.0000,0.0000,97.0709
2026-05-06 16:24:42.132,0,10,10,0.00,0.0000,-0.0001,-1.6946,-0.9807,0.0000,-0.0000,0.0000,97.0709
2026-05-06 16:24:42.631,0,10,10,0.00,-0.0001,0.0000,-1.6946,-0.9807,0.0000,-0.0000,0.0000,97.0709
2026-05-06 16:24:43.131,0,10,10,0.00,0.0000,0.0000,-1.6946,-0.9807,0.0000,-0.0000,0.0000,97.0709
2026-05-06 16:24:43.632,0,10,10,0.00,-0.0001,0.0000,-1.6946,-0.9807,0.0000,-0.0000,0.0000,97.0709
2026-05-06 16:24:44.135,0,9,10,0.00,0.0000,0.0000,-1.6946,-0.9807,0.0000,-0.0000,0.0000,97.0709
2026-05-06 16:24:44.631,0,10,10,0.00,0.0000,-0.0001,-1.6946,-0.9807,0.0000,-0.0000,0.0000,97.0709
2026-05-06 16:24:45.132,0,10,10,0.00,0.0005,0.0003,-1.6946,-0.9807,0.0000,-0.0000,0.0000,97.0709
2026-05-06 16:24:45.632,0,10,10,0.00,-0.0001,0.0000,-1.6946,-0.9807,0.0000,-0.0000,0.0000,97.0709
2026-05-06 16:24:46.132,0,10,10,0.00,-0.0001,0.0000,-1.6946,-0.9807,0.0000,-0.0000,0.0000,97.0709
2026-05-06 16:24:46.632,0,9,10,0.00,0.0000,0.0001,-1.6946,-0.9807,0.0000,-0.0000,0.0000,97.0709
2026-05-06 16:24:47.132,0,10,10,0.00,-0.0001,0.0000,-1.6946,-0.9807,0.0000,-0.0000,0.0000,97.0709
2026-05-06 16:24:47.632,0,10,10,0.00,0.0000,0.0001,-1.6946,-0.9807,0.0000,-0.0000,0.0000,97.0709
2026-05-06 16:24:48.132,0,10,10,0.00,-0.0001,0.0000,-1.6946,-0.9807,0.0000,-0.0000,0.0000,97.0709
2026-05-06 16:24:48.631,0,10,10,0.00,0.0001,0.0000,-1.6946,-0.9807,0.0000,-0.0000,0.0000,97.0709
2026-05-06 16:24:49.132,0,10,10,0.00,0.0000,0.0001,-1.6946,-0.9807,0.0000,-0.0000,0.0000,97.0709
2026-05-06 16:24:49.632,0,9,10,0.00,0.0000,0.0000,-1.6946,-0.9807,0.0000,-0.0000,0.0000,97.0709
2026-05-06 16:24:50.132,0,10,10,0.00,-0.0003,0.0001,-1.6946,-0.9807,0.0000,-0.0000,0.0000,97.0709
2026-05-06 16:24:50.631,0,10,10,0.00,0.0003,-0.0001,-1.6946,-0.9807,0.0000,-0.0000,0.0000,97.0709
2026-05-06 16:24:51.131,0,10,10,0.00,0.0004,0.0000,-1.6946,-0.9807,0.0000,-0.0000,0.0000,97.0709
2026-05-06 16:24:51.632,0,10,10,0.00,0.0000,0.0003,-1.6946,-0.9807,0.0000,-0.0000,0.0000,97.0709
2026-05-06 16:24:52.131,0,9,10,0.00,0.0000,0.0000,-1.6946,-0.9807,0.0000,-0.0000,0.0000,97.0709
2026-05-06 16:24:52.632,0,10,10,0.00,-0.0001,-0.0001,-1.6946,-0.9807,0.0000,-0.0000,0.0000,97.0709
2026-05-06 16:24:53.132,0,10,10,0.00,-0.0291,-0.0372,-1.6947,-0.9811,0.0000,-0.0000,0.0000,97.0709
2026-05-06 16:24:53.631,0,10,10,0.00,-0.1877,-0.2145,-1.6947,-0.9802,0.0000,-0.0000,0.0000,91.5793
2026-05-06 16:24:54.132,0,10,10,0.00,-0.2619,-0.1851,-1.6920,-0.9786,0.0000,-0.0000,0.0000,66.7878
2026-05-06 16:24:54.632,0,10,10,0.00,-0.0251,0.0436,-1.6809,-0.9699,0.0000,-0.0000,0.0000,48.3913
2026-05-06 16:24:55.132,0,10,10,0.00,-0.1932,0.1526,-1.6355,-0.9357,0.0000,-0.0000,0.0000,49.0248
2026-05-06 16:24:55.631,0,10,10,0.00,-0.1526,0.0000,-1.5780,-0.8988,0.0000,-0.0000,0.0000,42.3288
2026-05-06 16:24:56.132,0,10,10,0.00,-0.0003,-0.0835,-1.5794,-0.8994,0.0000,-0.0000,0.0000,37.4555
2026-05-06 16:24:56.632,0,10,10,0.00,0.0000,-0.2787,-1.6262,-0.9159,0.0000,-0.0000,0.0000,29.2800
2026-05-06 16:24:57.132,0,10,10,0.00,-0.0003,-0.1920,-1.6961,-0.9250,0.0000,-0.0000,0.0000,13.8367
2026-05-06 16:24:57.631,0,10,10,0.00,-0.0022,0.0370,-1.7065,-0.9249,0.0000,-0.0000,0.0000,8.6992
2026-05-06 16:24:58.132,0,10,10,0.00,-0.0539,0.1228,-1.6642,-0.9260,0.0000,-0.0000,0.0000,8.3654
2026-05-06 16:24:58.632,0,9,10,0.00,-0.1144,0.0000,-1.6505,-0.9262,0.0000,-0.0000,0.0000,9.7672
2026-05-06 16:24:59.132,0,9,10,0.00,0.0000,0.0003,-1.6281,-0.9278,0.0000,-0.0000,0.0000,3.7657
2026-05-06 16:24:59.632,0,10,10,0.00,0.0003,-0.0259,-1.6323,-0.9273,0.0000,-0.0000,0.0000,3.7657
2026-05-06 16:25:00.132,0,10,10,0.00,-0.0394,-0.0047,-1.6300,-0.9276,0.0000,-0.0000,0.0000,3.7657
2026-05-06 16:25:00.632,0,10,10,0.00,0.0000,0.0000,-1.6298,-0.9277,0.0000,-0.0000,0.0000,2.3142
2026-05-06 16:25:01.132,0,10,10,0.00,0.0003,-0.0004,-1.6298,-0.9277,0.0000,-0.0000,0.0000,2.3142
2026-05-06 16:25:01.632,0,10,10,0.00,0.0000,0.0001,-1.6298,-0.9277,0.0000,-0.0000,0.0000,2.3142
2026-05-06 16:25:02.132,0,10,10,0.00,0.0000,-0.0001,-1.6298,-0.9277,0.0000,-0.0000,0.0000,2.3142
2026-05-06 16:25:02.632,0,10,10,0.00,0.0000,0.0000,-1.6298,-0.9277,0.0000,-0.0000,0.0000,2.3142
2026-05-06 16:25:03.132,0,10,10,0.00,0.0000,0.0000,-1.6298,-0.9277,0.0000,-0.0000,0.0000,2.3142
2026-05-06 16:25:03.633,0,10,10,0.00,0.0000,0.0000,-1.6298,-0.9277,0.0000,-0.0000,0.0000,2.3142
2026-05-06 16:25:04.132,0,10,10,0.00,0.0000,0.0000,-1.6298,-0.9277,0.0000,-0.0000,0.0000,2.3142
2026-05-06 16:25:04.631,0,10,10,0.00,0.0000,0.0000,-1.6298,-0.9277,0.0000,-0.0000,0.0000,2.3142
2026-05-06 16:25:05.132,0,10,10,0.00,0.0000,0.0000,-1.6298,-0.9277,0.0000,-0.0000,0.0000,2.3142
2026-05-06 16:25:05.632,0,10,10,0.00,-0.0003,-0.0005,-1.6298,-0.9277,0.0000,-0.0000,0.0000,2.3142
2026-05-06 16:25:06.132,0,10,10,0.00,-0.0001,-0.0003,-1.6298,-0.9277,0.0000,-0.0000,0.0000,2.3142
2026-05-06 16:25:06.631,0,10,10,0.00,0.0000,0.0001,-1.6298,-0.9277,0.0000,-0.0000,0.0000,2.3142
2026-05-06 16:25:07.131,0,10,10,0.00,-0.0001,0.0000,-1.6298,-0.9277,0.0000,-0.0000,0.0000,2.3142
2026-05-06 16:25:07.632,0,10,10,0.00,-0.0001,0.0000,-1.6298,-0.9277,0.0000,-0.0000,0.0000,2.3142
2026-05-06 16:25:08.131,0,10,10,0.00,0.0003,0.0001,-1.6298,-0.9277,0.0000,-0.0000,0.0000,2.3142
2026-05-06 16:25:08.632,0,10,10,0.00,0.0000,0.0000,-1.6298,-0.9277,0.0000,-0.0000,0.0000,2.3142
2026-05-06 16:25:09.131,0,10,10,0.00,0.0000,0.0001,-1.6298,-0.9277,0.0000,-0.0000,0.0000,2.3142
2026-05-06 16:25:09.632,0,10,10,0.00,0.0000,0.0000,-1.6298,-0.9277,0.0000,-0.0000,0.0000,2.3142
2026-05-06 16:25:10.131,0,10,10,0.00,0.0000,0.0000,-1.6298,-0.9277,0.0000,-0.0000,0.0000,2.3142
2026-05-06 16:25:10.632,0,10,10,0.00,0.0001,0.0000,-1.6298,-0.9277,0.0000,-0.0000,0.0000,2.3142
2026-05-06 16:25:11.132,0,10,10,0.00,0.0000,0.0000,-1.6298,-0.9277,0.0000,-0.0000,0.0000,2.3142
2026-05-06 16:25:11.632,0,10,10,0.00,-0.0001,0.0003,-1.6298,-0.9277,0.0000,-0.0000,0.0000,2.3142
2026-05-06 16:25:12.131,0,10,10,0.00,0.0000,0.0000,-1.6298,-0.9277,0.0000,-0.0000,0.0000,2.3142
2026-05-06 16:25:12.632,0,10,10,0.00,0.0000,0.0000,-1.6298,-0.9277,0.0000,-0.0000,0.0000,2.3142
2026-05-06 16:25:13.131,0,10,10,0.00,-0.0001,0.0000,-1.6298,-0.9277,0.0000,-0.0000,0.0000,2.3142
2026-05-06 16:25:13.632,0,10,10,0.00,0.0000,0.0000,-1.6298,-0.9277,0.0000,-0.0000,0.0000,2.3142
2026-05-06 16:25:14.131,0,10,10,0.00,0.0000,-0.0001,-1.6298,-0.9277,0.0000,-0.0000,0.0000,2.3142
2026-05-06 16:25:14.632,0,10,10,0.00,-0.0001,0.0000,-1.6298,-0.9277,0.0000,-0.0000,0.0000,2.3142
2026-05-06 16:25:15.131,0,10,10,0.00,0.0000,-0.0001,-1.6298,-0.9277,0.0000,-0.0000,0.0000,2.3142
2026-05-06 16:25:15.632,0,10,10,0.00,0.0000,0.0000,-1.6298,-0.9277,0.0000,-0.0000,0.0000,2.3142
2026-05-06 16:25:16.132,0,10,10,0.00,0.0000,-0.0001,-1.6298,-0.9277,0.0000,-0.0000,0.0000,2.3142
2026-05-06 16:25:16.632,0,10,10,0.00,0.0000,0.0000,-1.6298,-0.9277,0.0000,-0.0000,0.0000,2.3142
2026-05-06 16:25:17.131,0,10,10,0.00,0.0000,0.0000,-1.6298,-0.9277,0.0000,-0.0000,0.0000,2.3142
2026-05-06 16:25:17.632,0,10,10,0.00,0.0000,0.0000,-1.6298,-0.9277,0.0000,-0.0000,0.0000,2.3142
2026-05-06 16:25:18.132,0,10,10,0.00,0.0000,0.0000,-1.6298,-0.9277,0.0000,-0.0000,0.0000,2.3142
2026-05-06 16:25:18.632,0,10,10,0.00,0.0000,0.0000,-1.6298,-0.9277,0.0000,-0.0000,0.0000,2.3142
2026-05-06 16:25:19.132,0,10,10,0.00,0.0000,0.0000,-1.6298,-0.9277,0.0000,-0.0000,0.0000,2.3142
2026-05-06 16:25:19.632,0,10,10,0.00,-0.0001,0.0001,-1.6298,-0.9277,0.0000,-0.0000,0.0000,2.3142
2026-05-06 16:25:20.132,0,10,10,0.00,0.0000,0.0000,-1.6298,-0.9277,0.0000,-0.0000,0.0000,2.3142
2026-05-06 16:25:20.632,0,10,10,0.00,0.0004,-0.0001,-1.6298,-0.9277,0.0000,-0.0000,0.0000,2.3142
2026-05-06 16:25:21.132,0,10,10,0.00,-0.0001,-0.0001,-1.6298,-0.9277,0.0000,-0.0000,0.0000,2.3142
2026-05-06 16:25:21.632,0,10,10,0.00,0.0003,0.0000,-1.6298,-0.9277,0.0000,-0.0000,0.0000,2.3142
2026-05-06 16:25:22.132,0,10,10,0.00,0.0000,0.0001,-1.6298,-0.9277,0.0000,-0.0000,0.0000,2.3142
2026-05-06 16:25:22.632,0,10,10,0.00,0.0000,0.0003,-1.6298,-0.9277,0.0000,-0.0000,0.0000,2.3142
2026-05-06 16:25:23.131,0,10,10,0.00,0.0000,0.0000,-1.6298,-0.9277,0.0000,-0.0000,0.0000,2.3142
2026-05-06 16:25:23.632,0,10,10,0.00,0.0000,0.0000,-1.6298,-0.9277,0.0000,-0.0000,0.0000,2.3142
2026-05-06 16:25:24.131,0,10,10,0.00,0.0000,0.0001,-1.6298,-0.9277,0.0000,-0.0000,0.0000,2.3142
2026-05-06 16:25:24.632,0,10,10,0.00,0.0000,0.0000,-1.6298,-0.9277,0.0000,-0.0000,0.0000,2.3142
2026-05-06 16:25:25.132,0,10,10,0.00,-0.0001,0.0000,-1.6298,-0.9277,0.0000,-0.0000,0.0000,2.3142
2026-05-06 16:25:25.632,0,10,10,0.00,0.0000,0.0001,-1.6298,-0.9277,0.0000,-0.0000,0.0000,2.3142
2026-05-06 16:25:26.132,0,10,10,0.00,0.0000,0.0000,-1.6298,-0.9277,0.0000,-0.0000,0.0000,2.3142
2026-05-06 16:25:26.631,0,10,10,0.00,0.0000,0.0000,-1.6298,-0.9277,0.0000,-0.0000,0.0000,2.3142
2026-05-06 16:25:27.132,0,10,10,0.00,0.0000,-0.0001,-1.6298,-0.9277,0.0000,-0.0000,0.0000,2.3142
2026-05-06 16:25:27.631,0,10,10,0.00,0.0000,-0.0001,-1.6298,-0.9277,0.0000,-0.0000,0.0000,2.3142
2026-05-06 16:25:28.131,0,10,10,0.00,0.0000,-0.0003,-1.6298,-0.9277,0.0000,-0.0000,0.0000,2.3142
2026-05-06 16:25:28.631,0,10,10,0.00,-0.0003,0.0001,-1.6298,-0.9277,0.0000,-0.0000,0.0000,2.3142
2026-05-06 16:25:29.132,0,10,10,0.00,0.0000,0.0003,-1.6298,-0.9277,0.0000,-0.0000,0.0000,2.3142
2026-05-06 16:25:29.632,0,10,10,0.00,0.0000,-0.0001,-1.6298,-0.9277,0.0000,-0.0000,0.0000,2.3142
2026-05-06 16:25:30.132,0,10,10,0.00,0.0000,-0.0001,-1.6298,-0.9277,0.0000,-0.0000,0.0000,2.3142
2026-05-06 16:25:30.631,0,10,10,0.00,-0.0001,0.0000,-1.6298,-0.9277,0.0000,-0.0000,0.0000,2.3142
2026-05-06 16:25:31.131,0,10,10,0.00,0.0003,0.0000,-1.6298,-0.9277,0.0000,-0.0000,0.0000,2.3142
2026-05-06 16:25:31.632,0,10,10,0.00,0.0000,-0.0003,-1.6298,-0.9277,0.0000,-0.0000,0.0000,2.3142
2026-05-06 16:25:32.132,0,10,10,0.00,-0.0001,0.0001,-1.6298,-0.9277,0.0000,-0.0000,0.0000,2.3142
2026-05-06 16:25:32.632,0,10,10,0.00,0.0000,0.0000,-1.6298,-0.9277,0.0000,-0.0000,0.0000,2.3142
2026-05-06 16:25:33.132,0,10,10,0.00,-0.0001,0.0001,-1.6298,-0.9277,0.0000,-0.0000,0.0000,2.3142
2026-05-06 16:25:33.632,0,10,10,0.00,0.0000,0.0001,-1.6298,-0.9277,0.0000,-0.0000,0.0000,2.3142
2026-05-06 16:25:34.131,0,10,10,0.00,-0.0001,-0.0001,-1.6298,-0.9277,0.0000,-0.0000,0.0000,2.3142
2026-05-06 16:25:34.631,0,10,10,0.00,0.0000,0.0000,-1.6298,-0.9277,0.0000,-0.0000,0.0000,2.3142
2026-05-06 16:25:35.131,0,10,10,0.00,0.0001,0.0000,-1.6298,-0.9277,0.0000,-0.0000,0.0000,2.3142
2026-05-06 16:25:35.632,0,10,10,0.00,0.0000,-0.0001,-1.6298,-0.9277,0.0000,-0.0000,0.0000,2.3142
2026-05-06 16:25:36.131,0,10,10,0.00,0.0000,0.0000,-1.6298,-0.9277,0.0000,-0.0000,0.0000,2.3142
2026-05-06 16:25:36.631,0,10,10,0.00,-0.0001,0.0004,-1.6298,-0.9277,0.0000,-0.0000,0.0000,2.3142
2026-05-06 16:25:37.131,0,10,10,0.00,0.0001,0.0000,-1.6298,-0.9277,0.0000,-0.0000,0.0000,2.3142
2026-05-06 16:25:37.632,0,10,10,0.00,0.0000,0.0000,-1.6298,-0.9277,0.0000,-0.0000,0.0000,2.3142
2026-05-06 16:25:38.132,0,10,10,0.00,-0.0003,0.0000,-1.6298,-0.9277,0.0000,-0.0000,0.0000,2.3142
2026-05-06 16:25:38.632,0,10,10,0.00,0.0001,0.0003,-1.6298,-0.9277,0.0000,-0.0000,0.0000,2.3142
2026-05-06 16:25:39.131,0,10,10,0.00,0.0004,0.0000,-1.6298,-0.9277,0.0000,-0.0000,0.0000,2.3142
2026-05-06 16:25:39.632,0,10,10,0.00,0.0000,0.0001,-1.6298,-0.9277,0.0000,-0.0000,0.0000,2.3142
2026-05-06 16:25:40.131,0,10,10,0.00,0.0000,0.0000,-1.6298,-0.9277,0.0000,-0.0000,0.0000,2.3142
2026-05-06 16:25:40.632,0,10,10,0.00,0.0003,0.0003,-1.6298,-0.9277,0.0000,-0.0000,0.0000,2.3142
2026-05-06 16:25:41.132,0,10,10,0.00,0.0000,-0.0001,-1.6298,-0.9277,0.0000,-0.0000,0.0000,2.3142
2026-05-06 16:25:41.631,0,10,10,0.00,0.0000,0.0000,-1.6298,-0.9277,0.0000,-0.0000,0.0000,2.3142
2026-05-06 16:25:42.132,0,10,10,0.00,0.0000,0.0001,-1.6298,-0.9277,0.0000,-0.0000,0.0000,2.3142
2026-05-06 16:25:42.636,0,10,10,0.00,-0.0001,-0.0001,-1.6298,-0.9277,0.0000,-0.0000,0.0000,2.3142
2026-05-06 16:25:43.132,0,10,10,0.00,0.0003,0.0000,-1.6298,-0.9277,0.0000,-0.0000,0.0000,2.3142
2026-05-06 16:25:43.632,0,10,10,0.00,0.0000,0.0000,-1.6298,-0.9277,0.0000,-0.0000,0.0000,2.3142
2026-05-06 16:25:44.132,0,10,10,0.00,-0.0001,-0.0001,-1.6298,-0.9277,0.0000,-0.0000,0.0000,2.3142
2026-05-06 16:25:44.632,0,10,10,0.00,-0.0001,-0.0001,-1.6298,-0.9277,0.0000,-0.0000,0.0000,2.3142
2026-05-06 16:25:45.131,0,10,10,0.00,0.0000,0.0001,-1.6298,-0.9277,0.0000,-0.0000,0.0000,2.3142
2026-05-06 16:25:45.632,0,10,10,0.00,0.0000,0.0001,-1.6298,-0.9277,0.0000,-0.0000,0.0000,2.3142
2026-05-06 16:25:46.131,0,10,10,0.00,0.0001,0.0000,-1.6298,-0.9277,0.0000,-0.0000,0.0000,2.3142
2026-05-06 16:25:46.632,0,10,10,0.00,0.0000,0.0000,-1.6298,-0.9277,0.0000,-0.0000,0.0000,2.3142
2026-05-06 16:25:47.131,0,10,10,0.00,0.0000,0.0000,-1.6298,-0.9277,0.0000,-0.0000,0.0000,2.3142
2026-05-06 16:25:47.632,0,10,10,0.00,0.0001,0.0000,-1.6298,-0.9277,0.0000,-0.0000,0.0000,2.3142
2026-05-06 16:25:48.131,0,10,10,0.00,0.0000,-0.0001,-1.6298,-0.9277,0.0000,-0.0000,0.0000,2.3142
2026-05-06 16:25:48.631,0,10,10,0.00,0.0001,0.0000,-1.6298,-0.9277,0.0000,-0.0000,0.0000,2.3142
2026-05-06 16:25:49.132,0,10,10,0.00,0.0000,0.0000,-1.6298,-0.9277,0.0000,-0.0000,0.0000,2.3142
2026-05-06 16:25:49.632,0,10,10,0.00,0.0000,0.0000,-1.6298,-0.9277,0.0000,-0.0000,0.0000,2.3142
2026-05-06 16:25:50.132,0,10,10,0.00,-0.0001,0.0000,-1.6298,-0.9277,0.0000,-0.0000,0.0000,2.3142
2026-05-06 16:25:50.632,0,10,10,0.00,0.0000,0.0000,-1.6298,-0.9277,0.0000,-0.0000,0.0000,2.3142
2026-05-06 16:25:51.132,0,10,10,0.00,0.0001,-0.0001,-1.6298,-0.9277,0.0000,-0.0000,0.0000,2.3142
2026-05-06 16:25:51.632,0,10,10,0.00,0.0000,0.0000,-1.6298,-0.9277,0.0000,-0.0000,0.0000,2.3142
2026-05-06 16:25:52.132,0,10,10,0.00,0.0000,0.0001,-1.6298,-0.9277,0.0000,-0.0000,0.0000,2.3142
2026-05-06 16:25:52.632,0,10,10,0.00,-0.0001,0.0003,-1.6298,-0.9277,0.0000,-0.0000,0.0000,2.3142
2026-05-06 16:25:53.132,0,10,10,0.00,0.0000,-0.0001,-1.6298,-0.9277,0.0000,-0.0000,0.0000,2.3142
2026-05-06 16:25:53.632,0,10,10,0.00,-0.0001,0.0000,-1.6298,-0.9277,0.0000,-0.0000,0.0000,2.3142
2026-05-06 16:25:54.132,0,10,10,0.00,0.0000,0.0000,-1.6298,-0.9277,0.0000,-0.0000,0.0000,2.3142
2026-05-06 16:25:54.632,0,10,10,0.00,-0.0001,0.0000,-1.6298,-0.9277,0.0000,-0.0000,0.0000,2.3142
2026-05-06 16:25:55.132,0,10,10,0.00,-0.0001,0.0000,-1.6298,-0.9277,0.0000,-0.0000,0.0000,2.3142
2026-05-06 16:25:55.632,0,10,10,0.00,0.0000,0.0000,-1.6298,-0.9277,0.0000,-0.0000,0.0000,2.3142
2026-05-06 16:25:56.132,0,10,10,0.00,-0.0001,0.0000,-1.6298,-0.9277,0.0000,-0.0000,0.0000,2.3142
2026-05-06 16:25:56.632,0,10,10,0.00,0.0000,0.0001,-1.6298,-0.9277,0.0000,-0.0000,0.0000,2.3142
2026-05-06 16:25:57.132,0,10,10,0.00,0.0000,-0.0001,-1.6298,-0.9277,0.0000,-0.0000,0.0000,2.3142
2026-05-06 16:25:57.632,0,10,10,0.00,0.0000,0.0001,-1.6298,-0.9277,0.0000,-0.0000,0.0000,2.3142
2026-05-06 16:25:58.131,0,10,10,0.00,0.0001,0.0000,-1.6298,-0.9277,0.0000,-0.0000,0.0000,2.3142
2026-05-06 16:25:58.632,0,10,10,0.00,0.0000,0.0000,-1.6298,-0.9277,0.0000,-0.0000,0.0000,2.3142
2026-05-06 16:25:59.132,0,10,10,0.00,0.0000,-0.0003,-1.6298,-0.9277,0.0000,-0.0000,0.0000,2.3142
2026-05-06 16:25:59.632,0,10,10,0.00,0.0001,0.0003,-1.6298,-0.9277,0.0000,-0.0000,0.0000,2.3142
2026-05-06 16:26:00.132,0,10,10,0.00,-0.0003,-0.0003,-1.6298,-0.9277,0.0000,-0.0000,0.0000,2.3142
2026-05-06 16:26:00.631,0,10,10,0.00,0.0000,-0.0001,-1.6298,-0.9277,0.0000,-0.0000,0.0000,2.3142
2026-05-06 16:26:01.132,0,10,10,0.00,0.0000,0.0000,-1.6298,-0.9277,0.0000,-0.0000,0.0000,2.3142
2026-05-06 16:26:01.632,0,10,10,0.00,0.0000,0.0000,-1.6298,-0.9277,0.0000,-0.0000,0.0000,2.3142
2026-05-06 16:26:02.131,0,10,10,0.00,0.0000,0.0000,-1.6298,-0.9277,0.0000,-0.0000,0.0000,2.3142
2026-05-06 16:26:02.631,0,10,10,0.00,0.0001,0.0003,-1.6298,-0.9277,0.0000,-0.0000,0.0000,2.3142
2026-05-06 16:26:03.132,0,10,10,0.00,-0.0001,0.0001,-1.6298,-0.9277,0.0000,-0.0000,0.0000,2.3142
2026-05-06 16:26:03.632,0,10,10,0.00,0.0003,0.0000,-1.6298,-0.9277,0.0000,-0.0000,0.0000,2.3142
2026-05-06 16:26:04.132,0,10,10,0.00,0.0001,-0.0004,-1.6298,-0.9277,0.0000,-0.0000,0.0000,2.3142
2026-05-06 16:26:04.632,0,10,10,0.00,0.0000,0.0001,-1.6298,-0.9277,0.0000,-0.0000,0.0000,2.3142
2026-05-06 16:26:05.131,0,10,10,0.00,0.0000,0.0000,-1.6298,-0.9277,0.0000,-0.0000,0.0000,2.3142
2026-05-06 16:26:05.631,0,10,10,0.00,0.0000,0.0005,-1.6298,-0.9277,0.0000,-0.0000,0.0000,2.3142
2026-05-06 16:26:06.132,0,10,10,0.00,0.0000,0.0000,-1.6298,-0.9277,0.0000,-0.0000,0.0000,2.3142
2026-05-06 16:26:06.632,0,10,10,0.00,0.0000,0.0000,-1.6298,-0.9277,0.0000,-0.0000,0.0000,2.3142
2026-05-06 16:26:07.132,0,10,10,0.00,0.0003,0.0000,-1.6298,-0.9277,0.0000,-0.0000,0.0000,2.3142
2026-05-06 16:26:07.632,0,10,10,0.00,0.0001,0.0000,-1.6298,-0.9277,0.0000,-0.0000,0.0000,2.3142
2026-05-06 16:26:08.132,0,10,10,0.00,0.0000,0.0000,-1.6298,-0.9277,0.0000,-0.0000,0.0000,2.3142
2026-05-06 16:26:08.631,0,10,10,0.00,-0.0003,0.0000,-1.6298,-0.9277,0.0000,-0.0000,0.0000,2.3142
2026-05-06 16:26:09.131,0,10,10,0.00,0.0007,0.0000,-1.6298,-0.9277,0.0000,-0.0000,0.0000,2.3142
2026-05-06 16:26:09.631,0,10,10,0.00,-0.0003,0.0000,-1.6298,-0.9277,0.0000,-0.0000,0.0000,2.3142
2026-05-06 16:26:10.131,0,10,10,0.00,0.0003,0.0000,-1.6298,-0.9277,0.0000,-0.0000,0.0000,2.3142
2026-05-06 16:26:10.631,0,10,10,0.00,0.0001,0.0000,-1.6298,-0.9277,0.0000,-0.0000,0.0000,2.3142
2026-05-06 16:26:11.131,0,10,10,0.00,-0.0004,0.0000,-1.6298,-0.9277,0.0000,-0.0000,0.0000,2.3142
2026-05-06 16:26:11.631,0,10,10,0.00,0.0000,0.0000,-1.6298,-0.9277,0.0000,-0.0000,0.0000,2.3142
2026-05-06 16:26:12.132,0,10,10,0.00,0.0000,-0.0001,-1.6298,-0.9277,0.0000,-0.0000,0.0000,2.3142
2026-05-06 16:26:12.631,0,10,10,0.00,0.0000,0.0000,-1.6298,-0.9277,0.0000,-0.0000,0.0000,2.3142
2026-05-06 16:26:13.131,0,10,10,0.00,0.0000,0.0000,-1.6298,-0.9277,0.0000,-0.0000,0.0000,2.3142
2026-05-06 16:26:13.632,0,10,10,0.00,-0.0001,0.0000,-1.6298,-0.9277,0.0000,-0.0000,0.0000,2.3142
2026-05-06 16:26:14.131,0,10,10,0.00,0.0003,0.0000,-1.6298,-0.9277,0.0000,-0.0000,0.0000,2.3142
2026-05-06 16:26:14.632,0,10,10,0.00,0.0000,0.0000,-1.6298,-0.9277,0.0000,-0.0000,0.0000,2.3142
2026-05-06 16:26:15.131,0,10,10,0.00,0.0000,0.0003,-1.6298,-0.9277,0.0000,-0.0000,0.0000,2.3142
2026-05-06 16:26:15.631,0,10,10,0.00,0.0000,0.0000,-1.6298,-0.9277,0.0000,-0.0000,0.0000,2.3142
2026-05-06 16:26:16.131,0,10,10,0.00,0.0001,0.0003,-1.6298,-0.9277,0.0000,-0.0000,0.0000,2.3142
2026-05-06 16:26:16.631,0,10,10,0.00,0.0000,0.0003,-1.6298,-0.9277,0.0000,-0.0000,0.0000,2.3142
2026-05-06 16:26:17.131,0,10,10,0.00,-0.0001,0.0000,-1.6298,-0.9277,0.0000,-0.0000,0.0000,2.3142
2026-05-06 16:26:17.631,0,10,10,0.00,0.0001,0.0000,-1.6298,-0.9277,0.0000,-0.0000,0.0000,2.3142
2026-05-06 16:26:18.131,0,10,10,0.00,0.0000,0.0000,-1.6298,-0.9277,0.0000,-0.0000,0.0000,2.3142
2026-05-06 16:26:18.631,0,10,10,0.00,0.0000,0.0001,-1.6298,-0.9277,0.0000,-0.0000,0.0000,2.3142
2026-05-06 16:26:19.131,0,10,10,0.00,-0.0003,0.0001,-1.6298,-0.9277,0.0000,-0.0000,0.0000,2.3142
2026-05-06 16:26:19.631,0,10,10,0.00,0.0004,0.0000,-1.6298,-0.9277,0.0000,-0.0000,0.0000,2.3142
2026-05-06 16:26:20.131,0,10,10,0.00,-0.0001,0.0000,-1.6298,-0.9277,0.0000,-0.0000,0.0000,2.3142
2026-05-06 16:26:20.631,0,10,10,0.00,0.0003,0.0000,-1.6298,-0.9277,0.0000,-0.0000,0.0000,2.3142
2026-05-06 16:26:21.132,0,10,10,0.00,0.0001,0.0000,-1.6298,-0.9277,0.0000,-0.0000,0.0000,2.3142
2026-05-06 16:26:21.631,0,10,10,0.00,0.0004,0.0001,-1.6298,-0.9277,0.0000,-0.0000,0.0000,2.3142
2026-05-06 16:26:22.131,0,10,10,0.00,0.0000,0.0001,-1.6298,-0.9277,0.0000,-0.0000,0.0000,2.3142
2026-05-06 16:26:22.631,0,10,10,0.00,-0.0003,-0.0003,-1.6298,-0.9277,0.0000,-0.0000,0.0000,2.3142
2026-05-06 16:26:23.132,0,10,10,0.00,0.0000,0.0000,-1.6298,-0.9277,0.0000,-0.0000,0.0000,2.3142
2026-05-06 16:26:23.632,0,10,10,0.00,0.0000,0.0000,-1.6298,-0.9277,0.0000,-0.0000,0.0000,2.3142
2026-05-06 16:26:24.132,0,10,10,0.00,0.0001,-0.0001,-1.6298,-0.9277,0.0000,-0.0000,0.0000,2.3142
2026-05-06 16:26:24.632,0,10,10,0.00,0.0001,0.0000,-1.6298,-0.9277,0.0000,-0.0000,0.0000,2.3142
2026-05-06 16:26:25.131,0,10,10,0.00,0.0000,0.0001,-1.6298,-0.9277,0.0000,-0.0000,0.0000,2.3142
2026-05-06 16:26:25.632,0,10,10,0.00,-0.0001,-0.0001,-1.6298,-0.9277,0.0000,-0.0000,0.0000,2.3142
2026-05-06 16:26:26.131,0,10,10,0.00,-0.0001,-0.0001,-1.6298,-0.9277,0.0000,-0.0000,0.0000,2.3142
2026-05-06 16:26:26.632,0,10,10,0.00,-0.0001,0.0000,-1.6298,-0.9277,0.0000,-0.0000,0.0000,2.3142
2026-05-06 16:26:27.132,0,10,10,0.00,0.0000,-0.0003,-1.6298,-0.9277,0.0000,-0.0000,0.0000,2.3142
2026-05-06 16:26:27.631,0,10,10,0.00,-0.0001,0.0000,-1.6298,-0.9277,0.0000,-0.0000,0.0000,2.3142
2026-05-06 16:26:28.131,0,10,10,0.00,0.0003,0.0000,-1.6298,-0.9277,0.0000,-0.0000,0.0000,2.3142
2026-05-06 16:26:28.631,0,10,10,0.00,-0.0004,0.0000,-1.6298,-0.9277,0.0000,-0.0000,0.0000,2.3142
2026-05-06 16:26:29.131,0,10,10,0.00,-0.0003,-0.0001,-1.6298,-0.9277,0.0000,-0.0000,0.0000,2.3142
2026-05-06 16:26:29.632,0,10,10,0.00,-0.0001,0.0000,-1.6298,-0.9277,0.0000,-0.0000,0.0000,2.3142
2026-05-06 16:26:30.131,0,10,10,0.00,0.0000,-0.0004,-1.6298,-0.9277,0.0000,-0.0000,0.0000,2.3142
2026-05-06 16:26:30.631,0,10,10,0.00,-0.0001,0.0001,-1.6298,-0.9277,0.0000,-0.0000,0.0000,2.3142
2026-05-06 16:26:31.131,0,10,10,0.00,-0.0001,0.0000,-1.6298,-0.9277,0.0000,-0.0000,0.0000,2.3142
2026-05-06 16:26:31.631,0,10,10,0.00,0.0003,-0.0003,-1.6298,-0.9277,0.0000,-0.0000,0.0000,2.3142
2026-05-06 16:26:32.132,0,10,10,0.00,0.0000,0.0000,-1.6298,-0.9277,0.0000,-0.0000,0.0000,2.3142
2026-05-06 16:26:32.631,0,10,10,0.00,-0.0001,0.0000,-1.6298,-0.9277,0.0000,-0.0000,0.0000,2.3142
2026-05-06 16:26:33.132,0,10,10,0.00,-0.0001,0.0000,-1.6298,-0.9277,0.0000,-0.0000,0.0000,2.3142
2026-05-06 16:26:33.632,0,10,10,0.00,0.0000,0.0001,-1.6298,-0.9277,0.0000,-0.0000,0.0000,2.3142
2026-05-06 16:26:34.131,0,10,10,0.00,0.0001,-0.0004,-1.6298,-0.9277,0.0000,-0.0000,0.0000,2.3142
2026-05-06 16:26:34.632,0,10,10,0.00,0.0000,0.0000,-1.6298,-0.9277,0.0000,-0.0000,0.0000,2.3142
2026-05-06 16:26:35.131,0,10,10,0.00,0.0000,-0.0003,-1.6298,-0.9277,0.0000,-0.0000,0.0000,2.3142
2026-05-06 16:26:35.631,0,10,10,0.00,-0.0001,0.0000,-1.6298,-0.9277,0.0000,-0.0000,0.0000,2.3142
2026-05-06 16:26:36.132,0,10,10,0.00,-0.0003,0.0000,-1.6298,-0.9277,0.0000,-0.0000,0.0000,2.3142
2026-05-06 16:26:36.631,0,10,10,0.00,0.0000,0.0003,-1.6298,-0.9277,0.0000,-0.0000,0.0000,2.3142
2026-05-06 16:26:37.132,0,10,10,0.00,0.0001,0.0001,-1.6298,-0.9277,0.0000,-0.0000,0.0000,2.3142
2026-05-06 16:26:37.631,0,10,10,0.00,-0.0003,0.0000,-1.6298,-0.9277,0.0000,-0.0000,0.0000,2.3142
2026-05-06 16:26:38.132,0,10,10,0.00,0.0000,0.0000,-1.6298,-0.9277,0.0000,-0.0000,0.0000,2.3142
2026-05-06 16:26:38.632,0,10,10,0.00,-0.0005,0.0001,-1.6298,-0.9277,0.0000,-0.0000,0.0000,2.3142
2026-05-06 16:26:39.132,0,10,10,0.00,-0.0001,0.0000,-1.6298,-0.9277,0.0000,-0.0000,0.0000,2.3142
2026-05-06 16:26:39.631,0,10,10,0.00,0.0000,-0.0001,-1.6298,-0.9277,0.0000,-0.0000,0.0000,2.3142
2026-05-06 16:26:40.131,0,10,10,0.00,-0.0001,0.0001,-1.6298,-0.9277,0.0000,-0.0000,0.0000,2.3142
2026-05-06 16:26:40.632,0,10,10,0.00,0.0000,0.0000,-1.6298,-0.9277,0.0000,-0.0000,0.0000,2.3142
2026-05-06 16:26:41.132,0,10,10,0.00,0.0000,0.0000,-1.6298,-0.9277,0.0000,-0.0000,0.0000,2.3142
2026-05-06 16:26:41.631,0,10,10,0.00,0.0000,0.0000,-1.6298,-0.9277,0.0000,-0.0000,0.0000,2.3142
2026-05-06 16:26:42.131,0,10,10,0.00,0.0001,0.0000,-1.6298,-0.9277,0.0000,-0.0000,0.0000,2.3142
2026-05-06 16:26:42.631,0,10,10,0.00,-0.0001,0.0000,-1.6298,-0.9277,0.0000,-0.0000,0.0000,2.3142
2026-05-06 16:26:43.132,0,10,10,0.00,0.0000,0.0000,-1.6298,-0.9277,0.0000,-0.0000,0.0000,2.3142
2026-05-06 16:26:43.632,0,10,10,0.00,-0.0001,0.0000,-1.6298,-0.9277,0.0000,-0.0000,0.0000,2.3142
2026-05-06 16:26:44.131,0,10,10,0.00,0.0000,0.0000,-1.6298,-0.9277,0.0000,-0.0000,0.0000,2.3142
2026-05-06 16:26:44.631,0,10,10,0.00,0.0000,0.0000,-1.6298,-0.9277,0.0000,-0.0000,0.0000,2.3142
2026-05-06 16:26:45.132,0,10,10,0.00,-0.0005,0.0001,-1.6298,-0.9277,0.0000,-0.0000,0.0000,2.3142
2026-05-06 16:26:45.632,0,10,10,0.00,-0.0003,0.0001,-1.6298,-0.9277,0.0000,-0.0000,0.0000,2.3142
2026-05-06 16:26:46.131,0,10,10,0.00,-0.0001,0.0000,-1.6298,-0.9277,0.0000,-0.0000,0.0000,2.3142
2026-05-06 16:26:46.632,0,10,10,0.00,0.0000,0.0000,-1.6298,-0.9277,0.0000,-0.0000,0.0000,2.3142
2026-05-06 16:26:47.132,0,10,10,0.00,0.0000,0.0000,-1.6298,-0.9277,0.0000,-0.0000,0.0000,2.3142
2026-05-06 16:26:47.631,0,10,10,0.00,0.0000,-0.0001,-1.6298,-0.9277,0.0000,-0.0000,0.0000,2.3142
2026-05-06 16:26:48.132,0,10,10,0.00,-0.0001,0.0000,-1.6298,-0.9277,0.0000,-0.0000,0.0000,2.3142
2026-05-06 16:26:48.632,0,10,10,0.00,0.0000,-0.0001,-1.6298,-0.9277,0.0000,-0.0000,0.0000,2.3142
2026-05-06 16:26:49.132,0,10,10,0.00,0.0001,0.0000,-1.6298,-0.9277,0.0000,-0.0000,0.0000,2.3142
2026-05-06 16:26:49.631,0,10,10,0.00,0.0000,-0.0001,-1.6298,-0.9277,0.0000,-0.0000,0.0000,2.3142
2026-05-06 16:26:50.131,0,10,10,0.00,0.0000,0.0001,-1.6298,-0.9277,0.0000,-0.3477,0.2523,2.3142
2026-05-06 16:26:50.631,0,10,10,0.00,-0.0003,0.0000,-1.6298,-0.9277,0.0000,-0.2575,0.3425,2.3142
2026-05-06 16:26:51.131,0,2,10,0.00,0.0001,0.0000,-1.6298,-0.9277,0.0000,-0.2176,0.3824,2.3058
2026-05-06 16:26:51.632,0,5,10,0.00,0.0000,0.0000,-1.6298,-0.9277,0.0000,-0.2054,0.3946,2.3058
2026-05-06 16:26:52.132,0,10,10,0.00,0.0001,-0.0001,-1.6298,-0.9277,0.0000,-0.2016,0.3984,2.3058
2026-05-06 16:26:52.632,0,10,10,0.00,0.0000,0.0000,-1.6298,-0.9277,0.0000,-0.2003,0.3997,2.3058
2026-05-06 16:26:53.132,0,10,10,0.00,-0.0003,0.0000,-1.6298,-0.9277,0.0000,-0.1999,0.4001,2.3058
2026-05-06 16:26:53.631,0,10,10,0.00,0.0000,-0.0014,-1.6298,-0.9277,0.0000,-0.1998,0.4002,2.3058
2026-05-06 16:26:54.132,0,10,10,0.00,0.0001,0.0000,-1.6301,-0.9276,0.0000,-0.1997,0.4003,2.3058
2026-05-06 16:26:54.632,0,10,10,0.00,0.0001,0.0001,-1.6301,-0.9276,0.0000,-0.1997,0.4003,2.3058
2026-05-06 16:26:55.132,0,10,10,0.00,0.0001,0.0000,-1.6301,-0.9276,0.0000,-0.1997,0.4003,2.3058
2026-05-06 16:26:55.632,0,10,10,0.00,0.0003,0.0000,-1.6301,-0.9276,0.0000,-0.1997,0.4003,2.3058
2026-05-06 16:26:56.132,0,10,10,0.00,0.0000,0.0000,-1.6301,-0.9276,0.0000,-0.1997,0.4003,2.3058
2026-05-06 16:26:56.632,0,10,10,0.00,0.0000,0.0001,-1.6301,-0.9276,0.0000,-0.1997,0.4003,2.3058
2026-05-06 16:26:57.132,0,10,10,0.00,0.0001,0.0000,-1.6301,-0.9276,0.0000,-0.1997,0.4003,2.3058
2026-05-06 16:26:57.632,0,10,10,0.00,0.0000,0.0000,-1.6301,-0.9276,0.0000,-0.1997,0.4003,2.3058
2026-05-06 16:26:58.131,0,10,10,0.00,0.0000,-0.0003,-1.6301,-0.9276,0.0000,-0.1997,0.4003,2.3058
2026-05-06 16:26:58.631,0,10,10,0.00,-0.0001,0.0001,-1.6301,-0.9276,0.0000,-0.1997,0.4003,2.3058
2026-05-06 16:26:59.132,0,10,10,0.00,0.0000,0.0003,-1.6301,-0.9276,0.0000,-0.1997,0.4003,2.3058
2026-05-06 16:26:59.632,0,10,10,0.00,0.0000,0.0000,-1.6301,-0.9276,0.0000,-0.1997,0.4003,2.3058
2026-05-06 16:27:00.131,0,10,10,0.00,0.0004,-0.0001,-1.6301,-0.9276,0.0000,-0.1997,0.4003,2.3058
2026-05-06 16:27:00.632,0,10,10,0.00,0.0000,0.0000,-1.6301,-0.9276,0.0000,-0.1997,0.4003,2.3058
2026-05-06 16:27:01.131,0,10,10,0.00,-0.0004,0.0000,-1.6301,-0.9276,0.0000,-0.1997,0.4003,2.3058
2026-05-06 16:27:01.632,0,10,10,0.00,0.0000,0.0000,-1.6301,-0.9276,0.0000,-0.1997,0.4003,2.3058
