Timestamp,IMU_Packages_per_sec,Odom_Packages_per_sec,Send_Packages_per_sec,Yaw_Angle,Left_Velocity_mps,Right_Velocity_mps,x,y,quaternion_yaw,Left_Velocity_LOS,Right_Velocity_LOS,theta_yaw
2026-04-25 10:44:53.115,0,9,9,0.00,0.0000,0.0000,0.0000,0.0000,0.0000,0.0000,0.0000,0.0000
2026-04-25 10:44:53.613,0,10,10,0.00,-0.0003,0.0000,0.0000,0.0000,0.0000,0.0000,0.0000,0.0000
2026-04-25 10:44:54.114,0,10,10,0.00,0.0000,0.0000,0.0000,0.0000,0.0000,0.0000,0.0000,0.0000
2026-04-25 10:44:54.615,0,10,10,0.00,0.0031,-0.0119,-0.0006,0.0000,0.0000,0.0000,0.0000,0.0000
2026-04-25 10:44:55.113,0,10,10,0.00,-0.0001,-0.0001,-0.0013,0.0000,0.0000,-0.0000,0.0000,0.0000
2026-04-25 10:44:55.616,0,10,10,0.00,0.0003,-0.0001,-0.0013,0.0000,0.0000,-0.0000,0.0000,0.0000
2026-04-25 10:44:56.115,0,10,10,0.00,-0.0001,-0.0001,-0.0013,0.0000,0.0000,-0.0000,0.0000,0.0000
2026-04-25 10:44:56.613,0,10,10,0.00,0.0001,-0.0001,-0.0013,0.0000,0.0000,-0.0000,0.0000,0.0000
2026-04-25 10:44:57.113,0,10,10,0.00,0.0000,0.0003,-0.0013,0.0000,0.0000,-0.0000,0.0000,0.0000
2026-04-25 10:44:57.613,0,10,10,0.00,0.0001,0.0000,-0.0013,0.0000,0.0000,-0.0000,0.0000,0.0000
2026-04-25 10:44:58.113,0,10,10,0.00,0.0004,-0.0003,-0.0013,0.0000,0.0000,-0.0000,0.0000,0.0000
2026-04-25 10:44:58.613,0,10,10,0.00,0.0000,0.0000,-0.0013,0.0000,0.0000,-0.0000,0.0000,0.0000
2026-04-25 10:44:59.113,0,10,10,0.00,0.0000,0.0000,-0.0013,0.0000,0.0000,-0.0000,0.0000,0.0000
2026-04-25 10:44:59.613,0,10,10,0.00,0.0001,0.0001,-0.0013,0.0000,0.0000,-0.0000,0.0000,0.0000
2026-04-25 10:45:00.113,0,10,10,0.00,0.0000,0.0000,-0.0013,0.0000,0.0000,-0.0000,0.0000,1.0483
2026-04-25 10:45:00.613,0,10,10,0.00,0.0000,-0.0001,-0.0013,0.0000,0.0000,-0.0000,0.0000,1.0483
2026-04-25 10:45:01.114,0,10,10,0.00,-0.0003,-0.0001,-0.0013,0.0000,0.0000,-0.0000,0.0000,1.0483
2026-04-25 10:45:01.613,0,10,10,0.00,0.0001,-0.0003,-0.0013,0.0000,0.0000,-0.0000,0.0000,1.0483
2026-04-25 10:45:02.115,0,10,10,0.00,0.0001,-0.0001,-0.0013,0.0000,0.0000,-0.0000,0.0000,1.0483
2026-04-25 10:45:02.614,0,10,10,0.00,-0.0003,0.0001,-0.0013,0.0000,0.0000,-0.0000,0.0000,1.0483
2026-04-25 10:45:03.115,0,10,10,0.00,-0.0001,0.0000,-0.0013,0.0000,0.0000,-0.0000,0.0000,1.0483
2026-04-25 10:45:03.613,0,10,10,0.00,0.0001,0.0000,-0.0013,0.0000,0.0000,-0.0000,0.0000,1.0483
2026-04-25 10:45:04.114,0,10,10,0.00,0.0003,0.0000,-0.0013,0.0000,0.0000,-0.0000,0.0000,1.0483
2026-04-25 10:45:04.614,0,10,10,0.00,0.0000,0.0000,-0.0013,0.0000,0.0000,-0.0000,0.0000,1.0483
2026-04-25 10:45:05.113,0,10,10,0.00,0.0001,0.0001,-0.0013,0.0000,0.0000,-0.0000,0.0000,1.0483
2026-04-25 10:45:05.614,0,10,10,0.00,0.0003,0.0000,-0.0013,0.0000,0.0000,-0.0000,0.0000,1.6468
2026-04-25 10:45:06.113,0,10,10,0.00,0.0000,0.0001,-0.0013,0.0000,0.0000,-0.0000,0.0000,1.6468
2026-04-25 10:45:06.613,0,10,10,0.00,0.0001,0.0001,-0.0013,0.0000,0.0000,-0.0000,0.0000,1.6468
2026-04-25 10:45:07.113,0,10,10,0.00,-0.0520,0.0390,0.0040,-0.0000,0.0000,-0.0000,0.0000,1.6468
2026-04-25 10:45:07.613,0,10,10,0.00,-0.2255,0.1916,0.0720,-0.0013,0.0000,-0.0000,0.0000,-1.3853
2026-04-25 10:45:08.113,0,10,10,0.00,-0.3746,0.3786,0.2224,-0.0072,0.0000,-0.0000,0.0000,-3.0613
2026-04-25 10:45:08.613,0,10,10,0.00,-0.4524,0.4745,0.4443,-0.0153,0.0000,-0.0000,0.0000,-2.1788
2026-04-25 10:45:09.113,0,10,10,0.00,-0.4451,0.4358,0.6695,-0.0206,0.0000,-0.0000,0.0000,-1.6282
2026-04-25 10:45:09.613,0,10,10,0.00,-0.4489,0.4494,0.8926,-0.0262,0.0000,-0.0000,0.0000,-1.7197
2026-04-25 10:45:10.113,0,10,10,0.00,-0.2643,0.2729,1.0831,-0.0314,0.0000,-0.0000,0.0000,-1.6869
2026-04-25 10:45:10.613,0,10,10,0.00,0.0259,-0.0128,1.1231,-0.0325,0.0000,-0.0000,0.0000,-1.8947
2026-04-25 10:45:11.114,0,10,10,0.00,0.1880,-0.1745,1.0699,-0.0315,0.0000,-0.0000,0.0000,-2.0561
2026-04-25 10:45:11.613,0,10,10,0.00,0.3542,-0.3779,0.9256,-0.0298,0.0000,-0.0000,0.0000,-2.7119
2026-04-25 10:45:12.113,0,10,10,0.00,0.4550,-0.3435,0.7385,-0.0305,0.0000,-0.0000,0.0000,-1.6431
2026-04-25 10:45:12.613,0,10,10,0.00,0.4486,-0.3871,0.5389,-0.0480,0.0000,-0.0000,0.0000,4.2338
2026-04-25 10:45:13.114,0,10,10,0.00,0.4481,-0.4650,0.3168,-0.0764,0.0000,-0.0000,0.0000,5.2663
2026-04-25 10:45:13.614,0,10,10,0.00,0.4422,-0.4491,0.0914,-0.1035,0.0000,-0.0000,0.0000,4.9132
2026-04-25 10:45:14.114,0,10,10,0.00,0.1562,-0.2073,-0.0655,-0.1202,0.0000,-0.0000,0.0000,3.5608
2026-04-25 10:45:14.613,0,10,10,0.00,-0.0308,0.0660,-0.0717,-0.1208,0.0000,-0.0000,0.0000,2.6093
2026-04-25 10:45:15.113,0,8,10,0.00,-0.1356,0.1994,-0.0251,-0.1154,0.0000,-0.0000,0.0000,4.0258
2026-04-25 10:45:15.613,0,10,10,0.00,-0.3009,0.4070,0.1053,-0.0905,0.0000,-0.0000,0.0000,11.0258
2026-04-25 10:45:16.114,0,10,10,0.00,-0.2885,0.4616,0.2876,-0.0360,0.0000,-0.0000,0.0000,16.2095
2026-04-25 10:45:16.614,0,10,10,0.00,-0.3763,0.4509,0.4720,0.0443,0.0000,-0.0000,0.0000,23.8885
2026-04-25 10:45:17.114,0,10,10,0.00,-0.3617,0.4546,0.6455,0.1370,0.0000,-0.0000,0.0000,27.6981
2026-04-25 10:45:17.613,0,10,10,0.00,-0.3711,0.4448,0.8080,0.2453,0.0000,-0.0000,0.0000,33.3998
2026-04-25 10:45:18.114,0,10,10,0.00,-0.2469,0.4413,0.9780,0.3753,0.0000,-0.0000,0.0000,36.9730
2026-04-25 10:45:18.613,0,10,10,0.00,-0.3711,0.4541,1.1024,0.4999,0.0000,-0.0000,0.0000,47.4011
2026-04-25 10:45:19.113,0,10,10,0.00,-0.2045,0.4392,1.2091,0.6369,0.0000,-0.0000,0.0000,53.8553
2026-04-25 10:45:19.614,0,10,10,0.00,-0.2969,0.4618,1.2938,0.8004,0.0000,-0.0000,0.0000,63.9737
2026-04-25 10:45:20.113,0,10,10,0.00,-0.2001,0.4409,1.3434,0.9521,0.0000,-0.0000,0.0000,75.4705
2026-04-25 10:45:20.614,0,10,10,0.00,-0.3856,0.4563,1.3686,1.1439,0.0000,-0.0000,0.0000,84.7281
2026-04-25 10:45:21.113,0,10,10,0.00,-0.4512,0.4389,1.3864,1.3652,0.0000,-0.0000,0.0000,86.9319
2026-04-25 10:45:21.613,0,10,10,0.00,-0.4477,0.4517,1.4054,1.5877,0.0000,-0.0000,0.0000,86.4981
2026-04-25 10:45:22.113,0,10,10,0.00,-0.3118,0.3360,1.4222,1.7941,0.0000,-0.0000,0.0000,87.1071
2026-04-25 10:45:22.613,0,9,10,0.00,0.0024,-0.0005,1.4265,1.8632,0.0000,-0.0000,0.0000,88.5959
2026-04-25 10:45:23.113,0,10,10,0.00,0.1651,-0.1454,1.4247,1.8214,0.0000,-0.0000,0.0000,88.5959
2026-04-25 10:45:23.614,0,10,10,0.00,0.0268,-0.3064,1.4202,1.7327,0.0000,-0.0000,0.0000,90.0310
2026-04-25 10:45:24.114,0,10,10,0.00,0.1829,-0.4578,1.3871,1.6136,0.0000,-0.0000,0.0000,74.0841
2026-04-25 10:45:24.613,0,10,10,0.00,0.3297,-0.4443,1.3008,1.4533,0.0000,-0.0000,0.0000,62.9848
2026-04-25 10:45:25.113,0,10,10,0.00,0.4544,-0.4612,1.1806,1.2736,0.0000,-0.0000,0.0000,59.1550
2026-04-25 10:45:25.614,0,10,10,0.00,0.4478,-0.4393,1.0544,1.0889,0.0000,-0.0000,0.0000,59.2674
2026-04-25 10:45:26.113,0,10,10,0.00,0.4506,-0.4527,0.9288,0.9038,0.0000,-0.0000,0.0000,59.6979
2026-04-25 10:45:26.614,0,10,10,0.00,0.4557,-0.4549,0.8020,0.7178,0.0000,-0.0000,0.0000,59.1475
2026-04-25 10:45:27.113,0,10,10,0.00,0.3100,-0.4444,0.6815,0.5432,0.0000,-0.0000,0.0000,59.3916
2026-04-25 10:45:27.614,0,10,10,0.00,0.3380,-0.4597,0.5647,0.4084,0.0000,-0.0000,0.0000,51.0368
2026-04-25 10:45:28.113,0,10,10,0.00,0.3134,-0.4525,0.4118,0.2638,0.0000,-0.0000,0.0000,46.4872
2026-04-25 10:45:28.613,0,10,10,0.00,0.0814,-0.4343,0.2948,0.1794,0.0000,-0.0000,0.0000,37.1283
2026-04-25 10:45:29.113,0,10,10,0.00,0.0699,-0.4584,0.1573,0.1322,0.0000,-0.0000,0.0000,19.6374
2026-04-25 10:45:29.613,0,10,10,0.00,0.1343,-0.4521,0.0285,0.1318,0.0000,-0.0000,0.0000,-0.3629
2026-04-25 10:45:30.113,0,10,10,0.00,0.1395,-0.2564,-0.0898,0.1629,0.0000,-0.0000,0.0000,-14.6861
2026-04-25 10:45:30.614,0,10,10,0.00,0.1670,0.0000,-0.1521,0.1851,0.0000,-0.0000,0.0000,-15.8913
2026-04-25 10:45:31.113,0,9,10,0.00,-0.0500,0.1094,-0.1494,0.1848,0.0000,-0.0000,0.0000,-9.8696
2026-04-25 10:45:31.614,0,10,10,0.00,-0.2130,0.3125,-0.0554,0.1698,0.0000,-0.0000,0.0000,-4.5014
2026-04-25 10:45:32.113,0,10,10,0.00,-0.3711,0.4397,0.1137,0.1562,0.0000,-0.0000,0.0000,0.0027
2026-04-25 10:45:32.613,0,10,10,0.00,-0.4512,0.4528,0.3371,0.1481,0.0000,-0.0000,0.0000,2.2017
2026-04-25 10:45:33.115,0,10,10,0.00,-0.4462,0.2636,0.5459,0.1376,0.0000,-0.0000,0.0000,1.7310
2026-04-25 10:45:33.614,0,10,10,0.00,-0.4486,0.1712,0.7018,0.1062,0.0000,-0.0000,0.0000,-9.6660
2026-04-25 10:45:34.113,0,10,10,0.00,-0.4489,0.1011,0.8311,0.0441,0.0000,-0.0000,0.0000,-25.0290
2026-04-25 10:45:34.613,0,10,10,0.00,-0.4457,0.0834,0.9254,-0.0446,0.0000,-0.0000,0.0000,-43.4984
2026-04-25 10:45:35.113,0,10,10,0.00,-0.4479,0.2936,1.0037,-0.1827,0.0000,-0.0000,0.0000,-60.9966
2026-04-25 10:45:35.613,0,9,10,0.00,-0.4461,0.4523,1.0818,-0.3756,0.0000,-0.0000,0.0000,-67.0976
2026-04-25 10:45:36.113,0,10,10,0.00,-0.4492,0.4667,1.1667,-0.5885,0.0000,-0.0000,0.0000,-65.4398
2026-04-25 10:45:36.615,0,10,10,0.00,-0.3217,0.3359,1.2469,-0.7812,0.0000,-0.0000,0.0000,-65.0751
2026-04-25 10:45:37.114,0,10,10,0.00,-0.0001,0.0060,1.2761,-0.8488,0.0000,-0.0000,0.0000,-64.1946
2026-04-25 10:45:37.613,0,10,10,0.00,0.1602,-0.1399,1.2595,-0.8124,0.0000,-0.0000,0.0000,-63.3426
2026-04-25 10:45:38.113,0,10,10,0.00,0.3183,-0.3092,1.2088,-0.7061,0.0000,-0.0000,0.0000,-61.5991
2026-04-25 10:45:38.613,0,10,10,0.00,0.4500,-0.2706,1.1219,-0.5337,0.0000,-0.0000,0.0000,-60.7466
2026-04-25 10:45:39.114,0,10,10,0.00,0.4437,-0.3161,1.0241,-0.3827,0.0000,-0.0000,0.0000,-53.9868
2026-04-25 10:45:39.614,0,9,10,0.00,0.4420,-0.3020,0.9010,-0.2413,0.0000,-0.0000,0.0000,-44.7763
2026-04-25 10:45:40.113,0,10,10,0.00,0.4451,-0.1937,0.7743,-0.1333,0.0000,-0.0000,0.0000,-37.1083
2026-04-25 10:45:40.613,0,10,10,0.00,0.4449,-0.1685,0.6404,-0.0629,0.0000,-0.0000,0.0000,-22.1081
2026-04-25 10:45:41.113,0,10,10,0.00,0.4472,-0.3249,0.4737,-0.0209,0.0000,-0.0000,0.0000,-8.9668
2026-04-25 10:45:41.613,0,10,10,0.00,0.4489,-0.3825,0.2652,0.0097,0.0000,-0.0000,0.0000,-5.0987
2026-04-25 10:45:42.113,0,10,10,0.00,0.4452,-0.3617,0.0704,0.0250,0.0000,-0.0000,0.0000,-0.0329
2026-04-25 10:45:42.614,0,10,10,0.00,0.3376,-0.4379,-0.1411,0.0276,0.0000,-0.0000,0.0000,4.3156
2026-04-25 10:45:43.113,0,10,10,0.00,0.0126,-0.1605,-0.2511,0.0359,0.0000,-0.0000,0.0000,-1.9017
2026-04-25 10:45:43.613,0,10,10,0.00,-0.0020,0.0764,-0.2467,0.0353,0.0000,-0.0000,0.0000,-4.2693
2026-04-25 10:45:44.113,0,10,10,0.00,-0.1223,0.2251,-0.1910,0.0305,0.0000,-0.0000,0.0000,0.6530
2026-04-25 10:45:44.614,0,10,10,0.00,-0.0314,-0.0004,-0.1597,0.0297,0.0000,-0.0000,0.0000,4.9333
2026-04-25 10:45:45.113,0,10,10,0.00,-0.1448,0.0000,-0.1306,0.0281,0.0000,-0.0000,0.0000,2.4459
2026-04-25 10:45:45.613,0,10,10,0.00,0.0651,0.0000,-0.1279,0.0278,0.0000,-0.0000,0.0000,-2.6809
2026-04-25 10:45:46.113,0,10,10,0.00,0.0001,0.0001,-0.1398,0.0289,0.0000,-0.0000,0.0000,0.4085
2026-04-25 10:45:46.613,0,10,10,0.00,0.0000,0.0000,-0.1395,0.0289,0.0000,-0.0000,0.0000,1.8293
2026-04-25 10:45:47.113,0,10,10,0.00,0.0000,-0.0001,-0.1395,0.0289,0.0000,-0.0000,0.0000,1.8293
2026-04-25 10:45:47.613,0,10,10,0.00,-0.0001,0.0000,-0.1395,0.0289,0.0000,-0.0000,0.0000,1.8293
2026-04-25 10:45:48.113,0,10,10,0.00,0.0000,0.0000,-0.1395,0.0289,0.0000,-0.0000,0.0000,1.8293
2026-04-25 10:45:48.613,0,10,10,0.00,0.0001,-0.0001,-0.1395,0.0289,0.0000,-0.0000,0.0000,1.8293
2026-04-25 10:45:49.113,0,10,10,0.00,0.0000,0.0000,-0.1395,0.0289,0.0000,-0.0000,0.0000,1.8293
2026-04-25 10:45:49.613,0,10,10,0.00,0.0000,0.0003,-0.1395,0.0289,0.0000,-0.0000,0.0000,1.8293
2026-04-25 10:45:50.113,0,10,10,0.00,0.0000,0.0000,-0.1395,0.0289,0.0000,-0.0000,0.0000,1.8293
2026-04-25 10:45:50.613,0,10,10,0.00,0.0001,0.0000,-0.1395,0.0289,0.0000,-0.0000,0.0000,1.8293
2026-04-25 10:45:51.113,0,10,10,0.00,0.0000,0.0000,-0.1395,0.0289,0.0000,-0.0000,0.0000,1.8293
2026-04-25 10:45:51.613,0,10,10,0.00,0.0000,0.0000,-0.1395,0.0289,0.0000,-0.0000,0.0000,1.8293
2026-04-25 10:45:52.114,0,10,10,0.00,-0.0004,0.0000,-0.1395,0.0289,0.0000,-0.0000,0.0000,1.8293
2026-04-25 10:45:52.613,0,10,10,0.00,0.0003,0.0000,-0.1395,0.0289,0.0000,-0.0000,0.0000,1.8293
2026-04-25 10:45:53.113,0,10,10,0.00,-0.0003,0.0004,-0.1395,0.0289,0.0000,-0.0000,0.0000,1.8293
2026-04-25 10:45:53.613,0,10,10,0.00,0.0000,0.0000,-0.1395,0.0289,0.0000,-0.0000,0.0000,1.8293
2026-04-25 10:45:54.114,0,10,10,0.00,0.0000,0.0000,-0.1395,0.0289,0.0000,-0.0000,0.0000,1.8293
2026-04-25 10:45:54.613,0,10,10,0.00,0.0003,0.0000,-0.1395,0.0289,0.0000,-0.0000,0.0000,1.8293
2026-04-25 10:45:55.113,0,10,10,0.00,0.0001,0.0000,-0.1395,0.0289,0.0000,-0.0000,0.0000,1.8293
2026-04-25 10:45:55.614,0,10,10,0.00,-0.0001,0.0000,-0.1395,0.0289,0.0000,-0.0000,0.0000,1.8293
2026-04-25 10:45:56.113,0,10,10,0.00,0.0000,0.0000,-0.1395,0.0289,0.0000,-0.0000,0.0000,1.8293
2026-04-25 10:45:56.613,0,9,10,0.00,0.0000,-0.0005,-0.1395,0.0289,0.0000,-0.0000,0.0000,1.8293
2026-04-25 10:45:57.113,0,10,10,0.00,-0.0001,0.0001,-0.1395,0.0289,0.0000,-0.0000,0.0000,1.8293
2026-04-25 10:45:57.613,0,10,10,0.00,0.0000,0.0000,-0.1395,0.0289,0.0000,-0.0000,0.0000,1.8293
2026-04-25 10:45:58.115,0,10,10,0.00,0.0000,0.0000,-0.1395,0.0289,0.0000,-0.0000,0.0000,1.8293
2026-04-25 10:45:58.617,0,10,10,0.00,0.0000,0.0000,-0.1395,0.0289,0.0000,-0.0000,0.0000,1.8293
2026-04-25 10:45:59.114,0,10,10,0.00,-0.0001,0.0000,-0.1395,0.0289,0.0000,-0.0000,0.0000,1.8293
2026-04-25 10:45:59.613,0,10,10,0.00,-0.0001,0.0000,-0.1395,0.0289,0.0000,-0.0000,0.0000,1.8293
2026-04-25 10:46:00.114,0,10,10,0.00,0.0000,-0.0001,-0.1395,0.0289,0.0000,-0.0000,0.0000,1.8293
2026-04-25 10:46:00.614,0,10,10,0.00,0.0000,-0.0001,-0.1395,0.0289,0.0000,-0.0000,0.0000,1.8293
2026-04-25 10:46:01.113,0,10,10,0.00,-0.0001,0.0000,-0.1395,0.0289,0.0000,-0.0000,0.0000,1.8293
2026-04-25 10:46:01.613,0,10,10,0.00,0.0003,0.0001,-0.1395,0.0289,0.0000,-0.0000,0.0000,1.8293
2026-04-25 10:46:02.113,0,10,10,0.00,-0.0003,0.0000,-0.1395,0.0289,0.0000,-0.0000,0.0000,1.8293
2026-04-25 10:46:02.613,0,10,10,0.00,0.0000,0.0000,-0.1395,0.0289,0.0000,-0.0000,0.0000,1.8293
2026-04-25 10:46:03.113,0,10,10,0.00,0.0000,0.0000,-0.1395,0.0289,0.0000,-0.0000,0.0000,1.8293
2026-04-25 10:46:03.613,0,10,10,0.00,0.0000,0.0000,-0.1395,0.0289,0.0000,-0.0000,0.0000,1.8293
2026-04-25 10:46:04.113,0,10,10,0.00,0.0000,0.0000,-0.1395,0.0289,0.0000,-0.0000,0.0000,1.8293
2026-04-25 10:46:04.613,0,10,10,0.00,0.0000,0.0001,-0.1395,0.0289,0.0000,-0.0000,0.0000,1.8293
2026-04-25 10:46:05.113,0,10,10,0.00,-0.0003,-0.0001,-0.1395,0.0289,0.0000,-0.0000,0.0000,1.8293
2026-04-25 10:46:05.614,0,10,10,0.00,0.0000,0.0004,-0.1395,0.0289,0.0000,-0.0000,0.0000,1.8293
2026-04-25 10:46:06.114,0,10,10,0.00,0.0000,0.0000,-0.1395,0.0289,0.0000,-0.0000,0.0000,1.8293
2026-04-25 10:46:06.613,0,10,10,0.00,0.0000,0.0004,-0.1395,0.0289,0.0000,-0.0000,0.0000,1.8293
2026-04-25 10:46:07.113,0,10,10,0.00,-0.0001,0.0000,-0.1395,0.0289,0.0000,-0.0000,0.0000,1.8293
2026-04-25 10:46:07.613,0,10,10,0.00,0.0000,0.0000,-0.1395,0.0289,0.0000,-0.0000,0.0000,1.8293
2026-04-25 10:46:08.114,0,10,10,0.00,0.0000,0.0000,-0.1395,0.0289,0.0000,-0.0000,0.0000,1.8293
2026-04-25 10:46:08.613,0,10,10,0.00,0.0000,0.0000,-0.1395,0.0289,0.0000,-0.0000,0.0000,1.8293
2026-04-25 10:46:09.113,0,10,10,0.00,0.0000,0.0000,-0.1395,0.0289,0.0000,-0.0000,0.0000,1.8293
2026-04-25 10:46:09.613,0,10,10,0.00,-0.0001,0.0001,-0.1395,0.0289,0.0000,-0.0000,0.0000,1.8293
2026-04-25 10:46:10.113,0,10,10,0.00,0.0000,-0.0001,-0.1395,0.0289,0.0000,-0.0000,0.0000,1.8293
2026-04-25 10:46:10.614,0,10,10,0.00,0.0000,0.0000,-0.1395,0.0289,0.0000,-0.0000,0.0000,1.8293
2026-04-25 10:46:11.114,0,10,10,0.00,0.0000,-0.0001,-0.1395,0.0289,0.0000,-0.0000,0.0000,1.8293
2026-04-25 10:46:11.614,0,10,10,0.00,0.0000,-0.0001,-0.1395,0.0289,0.0000,-0.0000,0.0000,1.8293
2026-04-25 10:46:12.113,0,10,10,0.00,-0.0001,0.0000,-0.1395,0.0289,0.0000,-0.0000,0.0000,1.8293
2026-04-25 10:46:12.613,0,10,10,0.00,0.0000,0.0000,-0.1395,0.0289,0.0000,-0.0000,0.0000,1.8293
2026-04-25 10:46:13.113,0,10,10,0.00,0.0003,0.0000,-0.1395,0.0289,0.0000,-0.0000,0.0000,1.8293
2026-04-25 10:46:13.614,0,10,10,0.00,0.0000,0.0000,-0.1395,0.0289,0.0000,-0.0000,0.0000,1.8293
2026-04-25 10:46:14.114,0,10,10,0.00,-0.0003,0.0000,-0.1395,0.0289,0.0000,-0.0000,0.0000,1.8293
2026-04-25 10:46:14.614,0,10,10,0.00,0.0000,0.0001,-0.1395,0.0289,0.0000,-0.0000,0.0000,1.8293
2026-04-25 10:46:15.113,0,10,10,0.00,0.0001,0.0000,-0.1395,0.0289,0.0000,-0.0000,0.0000,1.8293
2026-04-25 10:46:15.613,0,10,10,0.00,-0.0001,0.0000,-0.1395,0.0289,0.0000,-0.0000,0.0000,1.8293
2026-04-25 10:46:16.113,0,10,10,0.00,0.0000,0.0000,-0.1395,0.0289,0.0000,-0.0000,0.0000,1.8293
2026-04-25 10:46:16.614,0,10,10,0.00,0.0000,0.0003,-0.1395,0.0289,0.0000,-0.0000,0.0000,1.8293
2026-04-25 10:46:17.113,0,10,10,0.00,0.0000,-0.0001,-0.1395,0.0289,0.0000,-0.0000,0.0000,1.8293
2026-04-25 10:46:17.614,0,10,10,0.00,0.0000,0.0000,-0.1395,0.0289,0.0000,-0.0000,0.0000,1.8293
2026-04-25 10:46:18.113,0,10,10,0.00,-0.0004,-0.0001,-0.1395,0.0289,0.0000,-0.0000,0.0000,1.8293
2026-04-25 10:46:18.613,0,10,10,0.00,0.0003,0.0000,-0.1395,0.0289,0.0000,-0.0000,0.0000,1.8293
2026-04-25 10:46:19.113,0,10,10,0.00,-0.0001,-0.0001,-0.1395,0.0289,0.0000,-0.0000,0.0000,1.8293
2026-04-25 10:46:19.614,0,10,10,0.00,-0.0004,0.0001,-0.1395,0.0289,0.0000,-0.0000,0.0000,1.8293
2026-04-25 10:46:20.113,0,10,10,0.00,0.0003,0.0000,-0.1395,0.0289,0.0000,-0.0000,0.0000,1.8293
2026-04-25 10:46:20.614,0,10,10,0.00,0.0000,-0.0003,-0.1395,0.0289,0.0000,-0.0000,0.0000,1.8293
2026-04-25 10:46:21.113,0,10,10,0.00,-0.0001,0.0000,-0.1395,0.0289,0.0000,-0.0000,0.0000,1.8293
2026-04-25 10:46:21.613,0,10,10,0.00,-0.0001,0.0000,-0.1395,0.0289,0.0000,-0.0000,0.0000,1.8293
2026-04-25 10:46:22.113,0,10,10,0.00,0.0000,0.0001,-0.1395,0.0289,0.0000,-0.0000,0.0000,1.8293
2026-04-25 10:46:22.614,0,10,10,0.00,-0.0004,0.0004,-0.1395,0.0289,0.0000,-0.0000,0.0000,1.8293
2026-04-25 10:46:23.113,0,10,10,0.00,0.0003,-0.0001,-0.1395,0.0289,0.0000,-0.0000,0.0000,1.8293
2026-04-25 10:46:23.613,0,10,10,0.00,0.0000,-0.0001,-0.1395,0.0289,0.0000,-0.0000,0.0000,1.8293
2026-04-25 10:46:24.113,0,10,10,0.00,0.0000,0.0000,-0.1395,0.0289,0.0000,-0.0000,0.0000,1.8293
2026-04-25 10:46:24.613,0,10,10,0.00,0.0000,-0.0004,-0.1395,0.0289,0.0000,-0.0000,0.0000,1.8293
2026-04-25 10:46:25.113,0,3,10,0.00,-0.0005,0.0000,-0.1395,0.0289,0.0000,-0.0000,0.0000,1.8293
2026-04-25 10:46:25.613,0,4,10,0.00,-0.0003,0.0005,-0.1395,0.0289,0.0000,-0.2544,0.3456,1.2481
2026-04-25 10:46:26.114,0,10,10,0.00,-0.1594,0.0937,-0.1079,0.0258,0.0000,-0.3881,0.5767,1.2481
2026-04-25 10:46:26.613,0,10,10,0.00,-0.2745,0.3202,0.0094,0.0114,0.0000,-0.2604,0.4733,-2.5618
2026-04-25 10:46:27.114,0,10,10,0.00,-0.2255,0.4559,0.1684,0.0020,0.0000,-0.2355,0.4400,0.4007
2026-04-25 10:46:27.613,0,10,10,0.00,-0.3563,0.5099,0.3570,0.0244,0.0000,-0.5129,0.5746,12.9438
2026-04-25 10:46:28.114,0,10,10,0.00,-0.5117,0.5887,0.6009,0.0889,0.0000,-0.5613,0.5314,20.8076
2026-04-25 10:46:28.613,0,10,10,0.00,-0.4841,0.4084,0.8425,0.1638,0.0000,-0.4592,0.3710,23.4855
2026-04-25 10:46:29.114,0,10,10,0.00,-0.3250,0.2678,1.0165,0.2068,0.0000,-0.3181,0.2819,19.3464
2026-04-25 10:46:29.614,0,10,10,0.00,-0.2986,0.2876,1.1597,0.2341,0.0000,-0.2564,0.3436,15.9343
2026-04-25 10:46:30.113,0,10,10,0.00,-0.1369,0.4509,1.2969,0.2656,0.0000,-0.1324,0.4676,16.8944
2026-04-25 10:46:30.613,0,10,10,0.00,-0.0986,0.5114,1.4308,0.3371,0.0000,-0.0993,0.5007,34.7257
2026-04-25 10:46:31.114,0,10,10,0.00,-0.1422,0.4706,1.5318,0.4485,0.0000,-0.1432,0.4568,55.8863
2026-04-25 10:46:31.613,0,10,10,0.00,-0.1776,0.4257,1.5975,0.5834,0.0000,-0.1823,0.4177,72.2371
2026-04-25 10:46:32.113,0,10,10,0.00,-0.2189,0.3810,1.6333,0.7299,0.0000,-0.2161,0.3839,84.7523
2026-04-25 10:46:32.613,0,10,10,0.00,-0.3177,0.4136,1.6477,0.8900,0.0000,-0.3448,0.4540,93.1604
2026-04-25 10:46:33.113,0,10,10,0.00,-0.4355,0.5307,1.6473,1.1089,0.0000,-0.4497,0.5346,98.2072
2026-04-25 10:46:33.613,0,10,10,0.00,-0.5559,0.6103,1.6266,1.3751,0.0000,-0.5900,0.6367,102.8424
2026-04-25 10:46:34.114,0,10,10,0.00,-0.6601,0.6752,1.5869,1.6960,0.0000,-0.6469,0.6442,105.6147
2026-04-25 10:46:34.614,0,10,10,0.00,-0.5921,0.5779,1.5455,2.0047,0.0000,-0.5909,0.5578,106.0283
2026-04-25 10:46:35.113,0,10,10,0.00,-0.5460,0.4740,1.5153,2.2740,0.0000,-0.5432,0.4772,105.1220
2026-04-25 10:46:35.613,0,10,10,0.00,-0.4752,0.4456,1.5015,2.5146,0.0000,-0.4654,0.4415,101.0994
2026-04-25 10:46:36.113,0,10,10,0.00,-0.4046,0.4030,1.4947,2.7292,0.0000,-0.4001,0.3857,99.9067
2026-04-25 10:46:36.613,0,10,10,0.00,-0.3661,0.3496,1.4904,2.9170,0.0000,-0.3675,0.3474,99.5548
2026-04-25 10:46:37.113,0,10,10,0.00,-0.3289,0.3236,1.4888,3.0871,0.0000,-0.3240,0.3112,98.5331
2026-04-25 10:46:37.613,0,10,10,0.00,-0.3037,0.2927,1.4887,3.2392,0.0000,-0.3050,0.2950,98.1880
2026-04-25 10:46:38.113,0,10,10,0.00,-0.3109,0.2886,1.4901,3.3890,0.0000,-0.3066,0.2934,98.1190
2026-04-25 10:46:38.613,0,10,10,0.00,-0.2991,0.2987,1.4935,3.5370,0.0000,-0.2992,0.3008,96.7882
2026-04-25 10:46:39.113,0,10,10,0.00,-0.2928,0.3022,1.4973,3.6871,0.0000,-0.2966,0.3034,96.5542
2026-04-25 10:46:39.613,0,10,10,0.00,-0.3025,0.3022,1.5001,3.8378,0.0000,-0.3022,0.2978,97.2640
2026-04-25 10:46:40.113,0,10,10,0.00,-0.3059,0.2981,1.5029,3.9874,0.0000,-0.3037,0.2963,97.3337
2026-04-25 10:46:40.613,0,10,10,0.00,-0.3949,0.3610,1.5076,4.1501,0.0000,-0.5209,0.6373,96.5385
2026-04-25 10:46:41.113,0,10,10,0.00,-0.4033,0.5453,1.5167,4.3757,0.0000,-0.3537,0.5234,94.9953
2026-04-25 10:46:41.614,0,10,10,0.00,-0.2987,0.4995,1.5011,4.5795,0.0000,-0.4262,0.5388,102.5169
2026-04-25 10:46:42.113,0,10,10,0.00,-0.4702,0.6168,1.4436,4.8077,0.0000,-0.7862,0.7914,112.7285
2026-04-25 10:46:42.613,0,10,10,0.00,-0.6286,0.6614,1.3311,5.0957,0.0000,-0.6979,0.6291,120.1932
2026-04-25 10:46:43.114,0,10,10,0.00,-0.6038,0.4652,1.2116,5.3787,0.0000,-0.5798,0.4292,123.3875
2026-04-25 10:46:43.613,0,10,10,0.00,-0.6286,0.4583,1.1402,5.6237,0.0000,-0.6669,0.6078,115.0183
2026-04-25 10:46:44.114,0,10,10,0.00,-0.3986,0.4182,1.0990,5.8753,0.0000,-0.2672,0.3328,106.0980
2026-04-25 10:46:44.614,0,10,10,0.00,-0.1598,0.3766,1.0749,6.0230,0.0000,-0.1468,0.4532,107.1993
2026-04-25 10:46:45.113,0,10,10,0.00,-0.0995,0.5172,1.0205,6.1607,0.0000,-0.0991,0.5009,118.9904
2026-04-25 10:46:45.614,0,10,10,0.00,-0.1367,0.4712,0.9212,6.2748,0.0000,-0.1490,0.4510,140.6762
2026-04-25 10:46:46.113,0,10,10,0.00,-0.1834,0.3975,0.7950,6.3560,0.0000,-0.2890,0.3110,157.4516
2026-04-25 10:46:46.613,0,10,10,0.00,-0.2948,0.3091,0.6613,6.4149,0.0000,-0.3064,0.3629,167.9113
2026-04-25 10:46:47.113,0,10,10,0.00,-0.2166,0.3890,0.5174,6.4719,0.0000,-0.2073,0.3927,167.3328
2026-04-25 10:46:47.614,0,9,10,0.00,-0.2367,0.4148,0.3668,6.5074,0.0000,-0.3697,0.4669,176.6369
2026-04-25 10:46:48.113,0,10,10,0.00,-0.3911,0.5507,0.1663,6.5216,0.0000,-0.7477,0.7449,-173.8311
2026-04-25 10:46:48.614,0,10,10,0.00,-0.5523,0.7020,-0.1133,6.5030,0.0000,-0.7436,0.6738,-165.7512
2026-04-25 10:46:49.113,0,10,10,0.00,-0.5758,0.5113,-0.4151,6.4545,0.0000,-0.5229,0.3148,-158.2832
2026-04-25 10:46:49.613,0,10,10,0.00,-0.4228,0.1611,-0.6073,6.4342,0.0000,-0.3673,0.2327,-163.1089
2026-04-25 10:46:50.113,0,10,10,0.00,-0.3975,0.2601,-0.7477,6.4449,0.0000,-0.5523,0.5941,-174.4741
2026-04-25 10:46:50.613,0,10,10,0.00,-0.5184,0.4753,-0.9666,6.4873,0.0000,-0.5060,0.5471,179.3828
2026-04-25 10:46:51.113,0,10,10,0.00,-0.4691,0.5427,-1.2158,6.5411,0.0000,-0.4688,0.5057,177.1245
2026-04-25 10:46:51.614,0,10,10,0.00,-0.4545,0.4320,-1.4486,6.5808,0.0000,-0.4501,0.4055,-178.6167
2026-04-25 10:46:52.113,0,10,10,0.00,-0.4101,0.3554,-1.6510,6.6184,0.0000,-0.4004,0.3681,-179.4621
2026-04-25 10:46:52.613,0,10,10,0.00,-0.3403,0.3541,-1.8281,6.6583,0.0000,-0.3340,0.3586,177.0002
2026-04-25 10:46:53.113,0,10,10,0.00,-0.3019,0.3394,-1.9916,6.6937,0.0000,-0.3046,0.3177,177.8311
2026-04-25 10:46:53.613,0,10,10,0.00,-0.3059,0.2924,-2.1433,6.7228,0.0000,-0.3076,0.2924,179.8428
2026-04-25 10:46:54.113,0,10,10,0.00,-0.3021,0.2897,-2.2889,6.7521,0.0000,-0.2998,0.3002,179.1279
2026-04-25 10:46:54.613,0,9,10,0.00,-0.2892,0.2932,-2.4333,6.7825,0.0000,-0.2917,0.3083,178.1914
2026-04-25 10:46:55.114,0,10,10,0.00,-0.2935,0.3127,-2.5810,6.8123,0.0000,-0.2959,0.3041,178.8034
2026-04-25 10:46:55.613,0,9,10,0.00,-0.3036,0.3019,-2.7306,6.8401,0.0000,-0.3030,0.2970,179.9332
2026-04-25 10:46:56.114,0,10,10,0.00,-0.2979,0.2948,-2.8770,6.8675,0.0000,-0.2998,0.3002,179.7159
2026-04-25 10:46:56.613,0,10,10,0.00,-0.2960,0.2935,-3.0228,6.8953,0.0000,-0.2968,0.3032,179.3993
2026-04-25 10:46:57.113,0,10,10,0.00,-0.2029,0.2420,-3.1632,6.9216,0.0000,-0.0000,0.0000,179.5066
2026-04-25 10:46:57.613,0,10,10,0.00,0.0043,-0.0092,-3.1988,6.9277,0.0000,-0.0000,0.0000,-179.4726
2026-04-25 10:46:58.114,0,10,10,0.00,0.0000,0.0000,-3.1974,6.9275,0.0000,-0.0000,0.0000,-178.1122
2026-04-25 10:46:58.613,0,10,10,0.00,0.0000,0.0001,-3.1974,6.9275,0.0000,-0.0000,0.0000,-178.1122
2026-04-25 10:46:59.113,0,10,10,0.00,-0.0004,0.0000,-3.1974,6.9275,0.0000,-0.0000,0.0000,-178.1122
2026-04-25 10:46:59.613,0,10,10,0.00,0.0001,0.0001,-3.1974,6.9275,0.0000,-0.0000,0.0000,-178.1122
2026-04-25 10:47:00.113,0,10,10,0.00,-0.0001,-0.0001,-3.1974,6.9275,0.0000,-0.0000,0.0000,-178.1122
2026-04-25 10:47:00.614,0,10,10,0.00,0.0000,0.0001,-3.1974,6.9275,0.0000,-0.0000,0.0000,-178.1122
2026-04-25 10:47:01.114,0,10,10,0.00,0.0001,0.0003,-3.1974,6.9275,0.0000,-0.0000,0.0000,-178.1122
2026-04-25 10:47:01.613,0,10,10,0.00,0.0000,-0.0001,-3.1974,6.9275,0.0000,-0.0000,0.0000,-178.1122
2026-04-25 10:47:02.113,0,10,10,0.00,-0.0001,0.0000,-3.1974,6.9275,0.0000,-0.0000,0.0000,-178.1122
2026-04-25 10:47:02.613,0,10,10,0.00,-0.0001,0.0000,-3.1974,6.9275,0.0000,-0.0000,0.0000,-178.1122
2026-04-25 10:47:03.113,0,10,10,0.00,0.0001,-0.0001,-3.1974,6.9275,0.0000,-0.0000,0.0000,-178.1122
2026-04-25 10:47:03.614,0,10,10,0.00,0.0003,0.0001,-3.1974,6.9275,0.0000,-0.0000,0.0000,-178.1122
2026-04-25 10:47:04.113,0,10,10,0.00,-0.0001,0.0000,-3.1974,6.9275,0.0000,-0.0000,0.0000,-178.1122
2026-04-25 10:47:04.613,0,10,10,0.00,0.0000,-0.0001,-3.1974,6.9275,0.0000,-0.0000,0.0000,-178.1122
2026-04-25 10:47:05.113,0,10,10,0.00,-0.0001,0.0000,-3.1974,6.9275,0.0000,-0.0000,0.0000,-178.1122
2026-04-25 10:47:05.613,0,10,10,0.00,0.0000,0.0000,-3.1974,6.9275,0.0000,-0.0000,0.0000,-178.1122
2026-04-25 10:47:06.114,0,10,10,0.00,0.0001,0.0000,-3.1974,6.9275,0.0000,-0.0000,0.0000,-178.1122
2026-04-25 10:47:06.614,0,10,10,0.00,0.0005,-0.0001,-3.1974,6.9275,0.0000,-0.0000,0.0000,-178.1122
2026-04-25 10:47:07.113,0,10,10,0.00,-0.0003,-0.0001,-3.1974,6.9275,0.0000,-0.0000,0.0000,-178.1122
2026-04-25 10:47:07.613,0,10,10,0.00,0.0001,0.0000,-3.1974,6.9275,0.0000,-0.0000,0.0000,-178.1122
2026-04-25 10:47:08.113,0,10,10,0.00,0.0001,0.0000,-3.1974,6.9275,0.0000,-0.0000,0.0000,-178.1122
2026-04-25 10:47:08.613,0,7,10,0.00,0.0005,-0.0001,-3.1974,6.9275,0.0000,-0.0000,0.0000,-178.1122
2026-04-25 10:47:09.113,0,0,10,0.00,0.0005,-0.0001,-3.1974,6.9275,0.0000,-0.0000,0.0000,-178.5855
2026-04-25 10:47:09.614,0,9,10,0.00,-0.0420,0.0171,-3.1998,6.9279,0.0000,-0.2579,0.3421,-178.5917
2026-04-25 10:47:10.114,0,10,10,0.00,-0.1656,0.2030,-3.2581,6.9377,0.0000,-0.1329,0.4671,-178.7675
2026-04-25 10:47:10.613,0,10,10,0.00,-0.0929,0.3457,-3.3549,6.9486,0.0000,-0.0920,0.5080,-175.7795
2026-04-25 10:47:11.113,0,10,10,0.00,-0.0796,0.5144,-3.4858,6.9326,0.0000,-0.0785,0.5215,-160.3694
2026-04-25 10:47:11.613,0,10,10,0.00,-0.0834,0.5257,-3.6199,6.8619,0.0000,-0.0920,0.5080,-137.3619
2026-04-25 10:47:12.114,0,10,10,0.00,-0.1439,0.4638,-3.7181,6.7467,0.0000,-0.1549,0.4451,-115.3008
2026-04-25 10:47:12.614,0,10,10,0.00,-0.2029,0.3989,-3.7801,6.6105,0.0000,-0.2102,0.3898,-100.0763
2026-04-25 10:47:13.113,0,9,10,0.00,-0.2432,0.3776,-3.8177,6.4645,0.0000,-0.3003,0.4125,-90.9564
2026-04-25 10:47:13.615,0,10,10,0.00,-0.4081,0.5019,-3.8444,6.2749,0.0000,-0.4926,0.5477,-84.7730
2026-04-25 10:47:14.114,0,10,10,0.00,-0.5206,0.6247,-3.8600,6.0090,0.0000,-0.4095,0.4022,-80.0165
2026-04-25 10:47:14.614,0,10,10,0.00,-0.3317,0.3317,-3.8541,5.7909,0.0000,-0.2879,0.3121,-73.9159
2026-04-25 10:47:15.113,0,10,10,0.00,-0.1657,0.3430,-3.8449,5.6593,0.0000,-0.1428,0.4572,-73.5840
2026-04-25 10:47:15.613,0,10,10,0.00,-0.0932,0.5177,-3.8088,5.5180,0.0000,-0.1068,0.4932,-61.1323
2026-04-25 10:47:16.113,0,10,10,0.00,-0.1483,0.4593,-3.7236,5.3900,0.0000,-0.1640,0.4360,-39.1166
2026-04-25 10:47:16.613,0,10,10,0.00,-0.2041,0.3913,-3.6097,5.2915,0.0000,-0.2072,0.3928,-23.9231
2026-04-25 10:47:17.115,0,10,10,0.00,-0.2241,0.3780,-3.4818,5.2150,0.0000,-0.2392,0.3938,-15.2108
2026-04-25 10:47:17.613,0,10,10,0.00,-0.3193,0.4461,-3.3272,5.1490,0.0000,-0.3573,0.4698,-7.6563
2026-04-25 10:47:18.114,0,10,10,0.00,-0.4572,0.5315,-3.1151,5.0841,0.0000,-0.4942,0.5647,-1.3993
2026-04-25 10:47:18.614,0,10,10,0.00,-0.5909,0.6347,-2.8439,5.0197,0.0000,-0.6216,0.6618,2.0674
2026-04-25 10:47:19.113,0,10,10,0.00,-0.6997,0.7232,-2.5147,4.9541,0.0000,-0.6894,0.7069,3.7980
2026-04-25 10:47:19.613,0,10,10,0.00,-0.6624,0.6504,-2.1759,4.8959,0.0000,-0.6554,0.6255,5.5238
2026-04-25 10:47:20.113,0,9,10,0.00,-0.6269,0.5841,-1.8976,4.8468,0.0000,-0.6133,0.5593,4.7287
2026-04-25 10:47:20.613,0,10,10,0.00,-0.5727,0.5248,-1.5932,4.7790,0.0000,-0.5553,0.5182,1.7011
2026-04-25 10:47:21.114,0,10,10,0.00,-0.5019,0.4983,-1.3417,4.7115,0.0000,-0.4924,0.4910,-1.0199
2026-04-25 10:47:21.613,0,10,10,0.00,-0.4663,0.4538,-1.1099,4.6483,0.0000,-0.4574,0.4431,-0.3015
2026-04-25 10:47:22.114,0,10,10,0.00,-0.4258,0.4101,-0.8984,4.5898,0.0000,-0.4195,0.4044,-1.0113
2026-04-25 10:47:22.614,0,10,10,0.00,-0.3868,0.3778,-0.7069,4.5340,0.0000,-0.3802,0.3743,-1.7860
2026-04-25 10:47:23.114,0,10,10,0.00,-0.3583,0.3564,-0.5318,4.4814,0.0000,-0.3478,0.3432,-2.0223
2026-04-25 10:47:23.614,0,10,10,0.00,-0.3220,0.3166,-0.3712,4.4328,0.0000,-0.3173,0.3144,-2.2084
2026-04-25 10:47:24.113,0,10,10,0.00,-0.3012,0.2913,-0.2241,4.3880,0.0000,-0.3018,0.2982,-2.2213
2026-04-25 10:47:24.613,0,10,10,0.00,-0.3022,0.2966,-0.0813,4.3442,0.0000,-0.3020,0.2980,-2.2119
2026-04-25 10:47:25.113,0,10,10,0.00,-0.2964,0.2911,0.0609,4.2999,0.0000,-0.3015,0.2985,-2.2708
2026-04-25 10:47:25.614,0,10,10,0.00,-0.2998,0.3009,0.2043,4.2548,0.0000,-0.2994,0.3006,-2.5175
2026-04-25 10:47:26.113,0,10,10,0.00,-0.3022,0.3094,0.3477,4.2098,0.0000,-0.2989,0.3011,-2.5148
2026-04-25 10:47:26.613,0,10,10,0.00,-0.3009,0.3007,0.4914,4.1652,0.0000,-0.3013,0.2987,-2.1843
2026-04-25 10:47:27.113,0,10,10,0.00,-0.2986,0.2865,0.6340,4.1210,0.0000,-0.3015,0.2985,-2.0835
2026-04-25 10:47:27.613,0,10,10,0.00,-0.2990,0.2949,0.7772,4.0762,0.0000,-0.2983,0.3017,-2.5183
2026-04-25 10:47:28.113,0,10,10,0.00,-0.2990,0.3115,0.9208,4.0313,0.0000,-0.2979,0.3021,-2.5123
2026-04-25 10:47:28.613,0,10,10,0.00,-0.3398,0.2518,1.0639,3.9872,0.0000,-0.4106,0.1894,-2.0014
2026-04-25 10:47:29.113,0,10,10,0.00,-0.4767,0.1055,1.2033,3.9284,0.0000,-0.4895,0.1105,-7.9375
2026-04-25 10:47:29.614,0,10,10,0.00,-0.5068,0.0721,1.3121,3.8350,0.0000,-0.4920,0.1080,-28.9360
2026-04-25 10:47:30.113,0,10,10,0.00,-0.4473,0.1470,1.3832,3.7061,0.0000,-0.4368,0.1632,-49.9685
2026-04-25 10:47:30.613,0,10,10,0.00,-0.4097,0.1929,1.4190,3.5614,0.0000,-0.4020,0.1980,-64.3242
2026-04-25 10:47:31.114,0,10,10,0.00,-0.3759,0.2293,1.4272,3.4114,0.0000,-0.3968,0.2615,-75.0615
2026-04-25 10:47:31.613,0,10,10,0.00,-0.4786,0.3605,1.4119,3.2339,0.0000,-0.5031,0.4197,-82.4017
2026-04-25 10:47:32.113,0,10,10,0.00,-0.6006,0.5249,1.3662,2.9928,0.0000,-0.6330,0.5959,-87.9349
2026-04-25 10:47:32.614,0,10,10,0.00,-0.6902,0.6790,1.2862,2.6843,0.0000,-0.6685,0.6838,-91.9154
2026-04-25 10:47:33.113,0,10,10,0.00,-0.5917,0.6601,1.2017,2.3641,0.0000,-0.5794,0.6279,-92.1461
2026-04-25 10:47:33.613,0,10,10,0.00,-0.5363,0.5646,1.1420,2.0785,0.0000,-0.5232,0.5478,-88.2221
2026-04-25 10:47:34.113,0,10,10,0.00,-0.4804,0.5003,1.0968,1.8231,0.0000,-0.4692,0.4807,-86.1491
2026-04-25 10:47:34.613,0,10,10,0.00,-0.4301,0.4270,1.0611,1.5973,0.0000,-0.4180,0.4233,-85.3116
2026-04-25 10:47:35.114,0,10,10,0.00,-0.3748,0.3890,1.0306,1.3984,0.0000,-0.3641,0.3814,-85.4459
2026-04-25 10:47:35.613,0,10,10,0.00,-0.3322,0.3448,1.0056,1.2206,0.0000,-0.3267,0.3346,-84.3578
2026-04-25 10:47:36.113,0,10,10,0.00,-0.2991,0.2996,0.9857,1.0625,0.0000,-0.2990,0.3010,-83.8291
2026-04-25 10:47:36.613,0,10,10,0.00,-0.2992,0.3011,0.9673,0.9148,0.0000,-0.2967,0.3033,-84.0131
2026-04-25 10:47:37.113,0,10,10,0.00,-0.2965,0.3080,0.9492,0.7659,0.0000,-0.2973,0.3027,-83.5705
2026-04-25 10:47:37.613,0,10,10,0.00,-0.3011,0.2964,0.9322,0.6161,0.0000,-0.3032,0.2968,-82.7629
2026-04-25 10:47:38.113,0,10,10,0.00,-0.3012,0.2919,0.9152,0.4678,0.0000,-0.2998,0.3002,-83.2325
2026-04-25 10:47:38.613,0,10,10,0.00,-0.2927,0.3060,0.8974,0.3196,0.0000,-0.2940,0.3060,-83.7986
2026-04-25 10:47:39.113,0,10,10,0.00,-0.3118,0.2960,0.8806,0.1701,0.0000,-0.3784,0.2216,-83.1685
2026-04-25 10:47:39.614,0,10,10,0.00,-0.4677,0.1322,0.8555,0.0212,0.0000,-0.4790,0.1210,-84.8497
2026-04-25 10:47:40.113,0,10,10,0.00,-0.5083,0.0677,0.7940,-0.1097,0.0000,-0.5051,0.0949,-104.0084
2026-04-25 10:47:40.613,0,10,10,0.00,-0.4695,0.1242,0.6890,-0.2101,0.0000,-0.4571,0.1429,-126.3320
2026-04-25 10:47:41.114,0,10,10,0.00,-0.4236,0.1772,0.5565,-0.2774,0.0000,-0.4154,0.1846,-142.9131
2026-04-25 10:47:41.613,0,10,10,0.00,-0.3864,0.2130,0.4116,-0.3161,0.0000,-0.3784,0.2216,-154.7659
2026-04-25 10:47:42.114,0,10,10,0.00,-0.4369,0.3016,0.2515,-0.3334,0.0000,-0.4765,0.3886,-163.4369
2026-04-25 10:47:42.613,0,10,10,0.00,-0.5657,0.4712,0.0239,-0.3314,0.0000,-0.6475,0.6321,-169.7809
2026-04-25 10:47:43.113,0,10,10,0.00,-0.5033,0.5000,-0.2521,-0.3063,0.0000,-0.4169,0.4416,-175.1591
2026-04-25 10:47:43.613,0,9,10,0.00,-0.2952,0.3630,-0.4466,-0.2890,0.0000,-0.2802,0.3198,-173.7979
2026-04-25 10:47:44.113,0,10,10,0.00,-0.2923,0.2915,-0.5979,-0.2836,0.0000,-0.2924,0.3076,-169.9988
2026-04-25 10:47:44.614,0,10,10,0.00,-0.1813,0.2138,-0.7336,-0.2804,0.0000,-0.0000,0.0000,-170.1679
2026-04-25 10:47:45.113,0,10,10,0.00,0.0035,-0.0098,-0.7587,-0.2802,0.0000,-0.0000,0.0000,-167.8076
2026-04-25 10:47:45.613,0,10,10,0.00,0.0000,0.0000,-0.7577,-0.2802,0.0000,-0.0000,0.0000,-167.8076
2026-04-25 10:47:46.114,0,10,10,0.00,0.0000,0.0000,-0.7577,-0.2802,0.0000,-0.0000,0.0000,-167.8076
2026-04-25 10:47:46.613,0,10,10,0.00,0.0001,-0.0003,-0.7577,-0.2802,0.0000,-0.0000,0.0000,-167.8076
2026-04-25 10:47:47.114,0,10,10,0.00,-0.0001,0.0000,-0.7577,-0.2802,0.0000,-0.0000,0.0000,-167.8076
2026-04-25 10:47:47.613,0,10,10,0.00,0.0001,0.0000,-0.7577,-0.2802,0.0000,-0.0000,0.0000,-167.8076
2026-04-25 10:47:48.113,0,4,10,0.00,0.0012,0.0001,-0.7577,-0.2802,0.0000,-0.0000,0.0000,-167.8076
2026-04-25 10:47:48.613,0,2,10,0.00,0.0003,0.0003,-0.7577,-0.2802,0.0000,-0.0000,0.0000,-168.3770
2026-04-25 10:47:49.113,0,9,10,0.00,-0.0001,0.0000,-0.7577,-0.2802,0.0000,-0.0000,0.0000,-168.3754
2026-04-25 10:47:49.613,0,9,10,0.00,0.0001,0.0001,-0.7577,-0.2802,0.0000,-0.0000,0.0000,-168.3719
2026-04-25 10:47:50.113,0,21,10,0.00,0.1152,0.0738,-0.7526,-0.2801,0.0000,-0.0000,0.0000,-168.3719
2026-04-25 10:47:50.613,0,22,10,0.00,0.1259,0.1305,-0.7534,-0.2804,0.0000,-0.0000,0.0000,-156.7337
2026-04-25 10:47:51.114,0,21,10,0.00,0.1278,0.1227,-0.7523,-0.2800,0.0000,-0.0000,0.0000,-143.9662
2026-04-25 10:47:51.613,0,20,10,0.00,0.1246,0.1227,-0.7520,-0.2797,0.0000,-0.0000,0.0000,-130.9362
2026-04-25 10:47:52.113,0,21,10,0.00,0.1237,0.1275,-0.7521,-0.2798,0.0000,-0.0000,0.0000,-118.0757
2026-04-25 10:47:52.613,0,21,10,0.00,0.1241,0.1245,-0.7524,-0.2804,0.0000,-0.0000,0.0000,-105.0454
2026-04-25 10:47:53.113,0,19,10,0.00,0.1253,0.1287,-0.7525,-0.2807,0.0000,-0.0000,0.0000,-92.1706
2026-04-25 10:47:53.613,0,19,10,0.00,0.1253,0.1267,-0.7525,-0.2806,0.0000,-0.0000,0.0000,-79.3297
2026-04-25 10:47:54.113,0,19,10,0.00,0.1262,0.1247,-0.7526,-0.2802,0.0000,-0.0000,0.0000,-66.4604
2026-04-25 10:47:54.614,0,20,10,0.00,0.1250,0.1220,-0.7527,-0.2798,0.0000,-0.0000,0.0000,-53.8298
2026-04-25 10:47:55.113,0,19,10,0.00,0.1253,0.1232,-0.7529,-0.2795,0.0000,-0.0000,0.0000,-41.2924
2026-04-25 10:47:55.614,0,19,10,0.00,0.1245,0.1259,-0.7533,-0.2791,0.0000,-0.0000,0.0000,-28.6513
2026-04-25 10:47:56.113,0,20,10,0.00,0.1258,0.1308,-0.7529,-0.2793,0.0000,-0.0000,0.0000,-15.6896
2026-04-25 10:47:56.613,0,19,10,0.00,0.1253,0.1215,-0.7528,-0.2794,0.0000,-0.0000,0.0000,-2.6532
2026-04-25 10:47:57.113,0,0,10,0.00,0.1253,0.1215,-0.7528,-0.2794,0.0000,-0.0000,0.0000,8.4694
2026-04-25 10:47:57.614,0,5,10,0.00,0.0000,0.0000,-0.7527,-0.2794,0.0000,-0.0000,0.0000,7.7947
2026-04-25 10:47:58.113,0,10,10,0.00,-0.0001,-0.0001,-0.7527,-0.2794,0.0000,-0.0000,0.0000,7.8368
2026-04-25 10:47:58.613,0,10,10,0.00,0.0000,0.0001,-0.7527,-0.2794,0.0000,-0.0000,0.0000,7.8462
2026-04-25 10:47:59.113,0,10,10,0.00,0.0001,0.0001,-0.7527,-0.2794,0.0000,-0.0000,0.0000,7.8462
2026-04-25 10:47:59.614,0,10,10,0.00,0.0000,0.0001,-0.7527,-0.2794,0.0000,-0.0000,0.0000,7.8462
2026-04-25 10:48:00.113,0,10,10,0.00,0.0000,0.0000,-0.7527,-0.2794,0.0000,-0.0000,0.0000,7.8462
2026-04-25 10:48:00.613,0,10,10,0.00,0.0000,0.0000,-0.7527,-0.2794,0.0000,-0.0000,0.0000,7.8462
2026-04-25 10:48:01.114,0,10,10,0.00,-0.0001,0.0000,-0.7527,-0.2794,0.0000,-0.0000,0.0000,7.8462
2026-04-25 10:48:01.614,0,10,10,0.00,0.0000,0.0000,-0.7527,-0.2794,0.0000,-0.0000,0.0000,7.8462
2026-04-25 10:48:02.113,0,10,10,0.00,0.0001,-0.0001,-0.7527,-0.2794,0.0000,-0.0000,0.0000,7.8462
2026-04-25 10:48:02.614,0,10,10,0.00,0.0000,0.0001,-0.7527,-0.2794,0.0000,-0.0000,0.0000,7.8462
2026-04-25 10:48:03.113,0,10,10,0.00,0.0000,0.0000,-0.7527,-0.2794,0.0000,-0.0000,0.0000,7.8462
2026-04-25 10:48:03.613,0,10,10,0.00,0.0000,0.0001,-0.7527,-0.2794,0.0000,-0.0000,0.0000,7.8462
2026-04-25 10:48:04.113,0,10,10,0.00,0.0001,0.0000,-0.7527,-0.2794,0.0000,-0.0000,0.0000,7.8462
2026-04-25 10:48:04.613,0,10,10,0.00,0.0000,0.0000,-0.7527,-0.2794,0.0000,-0.0000,0.0000,7.8462
2026-04-25 10:48:05.113,0,10,10,0.00,0.0000,-0.0001,-0.7527,-0.2794,0.0000,-0.0000,0.0000,7.8462
2026-04-25 10:48:05.613,0,10,10,0.00,-0.0004,0.0000,-0.7527,-0.2794,0.0000,-0.0000,0.0000,7.8462
2026-04-25 10:48:06.113,0,10,10,0.00,0.0000,-0.0003,-0.7527,-0.2794,0.0000,-0.0000,0.0000,7.8462
2026-04-25 10:48:06.613,0,10,10,0.00,0.0000,0.0001,-0.7527,-0.2794,0.0000,-0.0000,0.0000,7.8462
2026-04-25 10:48:07.114,0,10,10,0.00,-0.0001,0.0000,-0.7527,-0.2794,0.0000,-0.0000,0.0000,7.8462
2026-04-25 10:48:07.613,0,10,10,0.00,0.0001,0.0001,-0.7527,-0.2794,0.0000,-0.0000,0.0000,7.8462
2026-04-25 10:48:08.114,0,10,10,0.00,0.0000,0.0001,-0.7527,-0.2794,0.0000,-0.0000,0.0000,7.8462
2026-04-25 10:48:08.613,0,10,10,0.00,0.0000,-0.0001,-0.7527,-0.2794,0.0000,-0.0000,0.0000,7.8462
2026-04-25 10:48:09.113,0,10,10,0.00,0.0000,0.0001,-0.7527,-0.2794,0.0000,-0.0000,0.0000,7.8462
2026-04-25 10:48:09.613,0,10,10,0.00,0.0001,0.0001,-0.7527,-0.2794,0.0000,-0.0000,0.0000,7.8462
2026-04-25 10:48:10.113,0,10,10,0.00,0.0000,-0.0001,-0.7527,-0.2794,0.0000,-0.0000,0.0000,7.8462
2026-04-25 10:48:10.615,0,10,10,0.00,0.0000,0.0000,-0.7527,-0.2794,0.0000,-0.0000,0.0000,7.8462
2026-04-25 10:48:11.113,0,10,10,0.00,0.0005,0.0000,-0.7527,-0.2794,0.0000,-0.0000,0.0000,7.8462
2026-04-25 10:48:11.614,0,10,10,0.00,0.0000,0.0000,-0.7527,-0.2794,0.0000,-0.0000,0.0000,7.8462
2026-04-25 10:48:12.113,0,10,10,0.00,0.0000,-0.0003,-0.7527,-0.2794,0.0000,-0.0000,0.0000,7.8462
2026-04-25 10:48:12.613,0,10,10,0.00,0.0001,-0.0001,-0.7527,-0.2794,0.0000,-0.0000,0.0000,7.8462
2026-04-25 10:48:13.113,0,10,10,0.00,0.0000,-0.0001,-0.7527,-0.2794,0.0000,-0.0000,0.0000,7.8462
2026-04-25 10:48:13.613,0,10,10,0.00,0.0000,0.0001,-0.7527,-0.2794,0.0000,-0.0000,0.0000,7.8462
2026-04-25 10:48:14.113,0,10,10,0.00,-0.0001,0.0000,-0.7527,-0.2794,0.0000,-0.0000,0.0000,7.8462
2026-04-25 10:48:14.613,0,10,10,0.00,0.0000,0.0000,-0.7527,-0.2794,0.0000,-0.0000,0.0000,7.8462
2026-04-25 10:48:15.113,0,10,10,0.00,0.0001,0.0000,-0.7527,-0.2794,0.0000,-0.0000,0.0000,7.8462
2026-04-25 10:48:15.613,0,10,10,0.00,0.0000,0.0000,-0.7527,-0.2794,0.0000,-0.0000,0.0000,7.8462
2026-04-25 10:48:16.114,0,10,10,0.00,0.0000,0.0000,-0.7527,-0.2794,0.0000,-0.0000,0.0000,7.8462
2026-04-25 10:48:16.613,0,10,10,0.00,0.0000,0.0000,-0.7527,-0.2794,0.0000,-0.0000,0.0000,7.8462
2026-04-25 10:48:17.113,0,10,10,0.00,-0.0001,-0.0001,-0.7527,-0.2794,0.0000,-0.0000,0.0000,7.8462
2026-04-25 10:48:17.613,0,10,10,0.00,0.0000,0.0000,-0.7527,-0.2794,0.0000,-0.0000,0.0000,7.8462
2026-04-25 10:48:18.113,0,10,10,0.00,0.0000,0.0001,-0.7527,-0.2794,0.0000,-0.0000,0.0000,7.8462
2026-04-25 10:48:18.614,0,10,10,0.00,-0.0377,0.0168,-0.7502,-0.2800,0.0000,-0.2799,0.3201,7.8462
2026-04-25 10:48:19.113,0,10,10,0.00,-0.2068,0.2131,-0.6905,-0.2942,0.0000,-0.3201,0.3732,6.8780
2026-04-25 10:48:19.613,0,10,10,0.00,-0.2450,0.3407,-0.5589,-0.3251,0.0000,-0.2300,0.3953,6.8714
2026-04-25 10:48:20.113,0,9,10,0.00,-0.2258,0.4195,-0.4058,-0.3465,0.0000,-0.2704,0.4268,12.2806
2026-04-25 10:48:20.613,0,10,10,0.00,-0.3782,0.5108,-0.2149,-0.3423,0.0000,-0.6040,0.6253,22.5628
2026-04-25 10:48:21.113,0,10,10,0.00,-0.5354,0.5500,0.0415,-0.3065,0.0000,-0.5425,0.4703,29.8358
2026-04-25 10:48:21.613,0,10,10,0.00,-0.5983,0.4270,0.2968,-0.2678,0.0000,-0.6226,0.4872,30.0154
2026-04-25 10:48:22.113,0,10,10,0.00,-0.6630,0.5506,0.5757,-0.2600,0.0000,-0.3219,0.2781,20.7821
2026-04-25 10:48:22.614,0,10,10,0.00,-0.3873,0.4066,0.8340,-0.2755,0.0000,-0.1709,0.4291,15.7353
2026-04-25 10:48:23.113,0,10,10,0.00,-0.1118,0.4792,0.9937,-0.2792,0.0000,-0.1044,0.4956,17.9322
2026-04-25 10:48:23.614,0,10,10,0.00,-0.0881,0.5258,1.1381,-0.2388,0.0000,-0.0826,0.5174,38.1861
2026-04-25 10:48:24.113,0,10,10,0.00,-0.0771,0.5207,1.2567,-0.1480,0.0000,-0.0872,0.5128,60.6118
2026-04-25 10:48:24.613,0,10,10,0.00,-0.1361,0.4735,1.3344,-0.0186,0.0000,-0.1528,0.4472,82.9308
2026-04-25 10:48:25.113,0,10,10,0.00,-0.2144,0.3920,1.3720,0.1284,0.0000,-0.2239,0.3761,99.8621
2026-04-25 10:48:25.613,0,10,10,0.00,-0.2922,0.3816,1.3859,0.2825,0.0000,-0.3704,0.4473,108.1720
2026-04-25 10:48:26.113,0,10,10,0.00,-0.4608,0.5468,1.3878,0.4940,0.0000,-0.5290,0.5754,111.8877
2026-04-25 10:48:26.614,0,10,10,0.00,-0.6120,0.6713,1.3709,0.7826,0.0000,-0.7060,0.6723,116.4481
2026-04-25 10:48:27.113,0,10,10,0.00,-0.7096,0.5987,1.3415,1.1154,0.0000,-0.6532,0.5170,118.2634
2026-04-25 10:48:27.613,0,10,10,0.00,-0.5600,0.4085,1.3380,1.3918,0.0000,-0.5635,0.4208,112.8318
2026-04-25 10:48:28.114,0,10,10,0.00,-0.6025,0.4639,1.3683,1.6341,0.0000,-0.6340,0.5658,104.2723
2026-04-25 10:48:28.613,0,10,10,0.00,-0.5144,0.5020,1.4339,1.9073,0.0000,-0.4375,0.4528,97.6052
2026-04-25 10:48:29.113,0,10,10,0.00,-0.3799,0.4112,1.4871,2.1182,0.0000,-0.3838,0.3943,98.4244
2026-04-25 10:48:29.613,0,10,10,0.00,-0.3690,0.3464,1.5294,2.3014,0.0000,-0.3581,0.3305,99.3023
2026-04-25 10:48:30.113,0,10,10,0.00,-0.3183,0.2996,1.5695,2.4612,0.0000,-0.3101,0.2998,98.0304
2026-04-25 10:48:30.613,0,10,10,0.00,-0.3024,0.2926,1.6080,2.6063,0.0000,-0.3005,0.2995,97.3040
2026-04-25 10:48:31.113,0,10,10,0.00,-0.2991,0.3016,1.6469,2.7495,0.0000,-0.2968,0.3032,96.6088
2026-04-25 10:48:31.613,0,10,10,0.00,-0.2973,0.3156,1.6861,2.8940,0.0000,-0.2960,0.3040,96.5289
2026-04-25 10:48:32.113,0,10,10,0.00,-0.2952,0.3019,1.7244,3.0395,0.0000,-0.2995,0.3005,97.1884
2026-04-25 10:48:32.613,0,10,10,0.00,-0.3033,0.2985,1.7621,3.1855,0.0000,-0.3038,0.2962,97.6801
2026-04-25 10:48:33.113,0,10,10,0.00,-0.3009,0.2933,1.7999,3.3299,0.0000,-0.2994,0.3006,97.0155
2026-04-25 10:48:33.613,0,10,10,0.00,-0.4084,0.3931,1.8438,3.4913,0.0000,-0.4523,0.5890,96.2283
2026-04-25 10:48:34.113,0,10,10,0.00,-0.3373,0.5267,1.9005,3.7055,0.0000,-0.3073,0.4920,95.8206
2026-04-25 10:48:34.614,0,10,10,0.00,-0.3640,0.5045,1.9235,3.9093,0.0000,-0.4461,0.5478,106.4558
2026-04-25 10:48:35.113,0,10,10,0.00,-0.5144,0.6324,1.9181,4.1602,0.0000,-0.7545,0.7623,113.3659
2026-04-25 10:48:35.613,0,10,10,0.00,-0.6553,0.6587,1.8788,4.4790,0.0000,-0.6351,0.5540,119.8493
2026-04-25 10:48:36.113,0,10,10,0.00,-0.6575,0.5168,1.8388,4.7866,0.0000,-0.6561,0.5564,119.8703
2026-04-25 10:48:36.613,0,10,10,0.00,-0.5184,0.4780,1.8291,5.0739,0.0000,-0.2942,0.3122,112.2796
2026-04-25 10:48:37.113,0,10,10,0.00,-0.2500,0.2889,1.8297,5.2480,0.0000,-0.2099,0.3901,111.4041
2026-04-25 10:48:37.614,0,9,10,0.00,-0.1262,0.4818,1.8206,5.3866,0.0000,-0.1172,0.4828,114.0321
2026-04-25 10:48:38.113,0,10,10,0.00,-0.1420,0.4744,1.7685,5.5304,0.0000,-0.1588,0.4412,133.6436
2026-04-25 10:48:38.613,0,10,10,0.00,-0.1793,0.4076,1.6799,5.6514,0.0000,-0.2022,0.3978,150.3460
2026-04-25 10:48:39.113,0,10,10,0.00,-0.2009,0.3886,1.5705,5.7513,0.0000,-0.3075,0.2925,161.1128
2026-04-25 10:48:39.614,0,9,10,0.00,-0.3591,0.3456,1.4430,5.8415,0.0000,-0.3749,0.4216,169.0318
2026-04-25 10:48:40.113,0,10,10,0.00,-0.2547,0.4324,1.2900,5.9451,0.0000,-0.2151,0.4033,167.4236
2026-04-25 10:48:40.613,0,10,10,0.00,-0.2786,0.4304,1.1448,6.0171,0.0000,-0.4212,0.5061,177.0884
2026-04-25 10:48:41.113,0,10,10,0.00,-0.4365,0.5824,0.9341,6.0851,0.0000,-0.7200,0.7145,-174.4596
2026-04-25 10:48:41.613,0,10,10,0.00,-0.5966,0.6798,0.6460,6.1411,0.0000,-0.7137,0.6393,-167.2139
2026-04-25 10:48:42.113,0,10,10,0.00,-0.6101,0.5119,0.3328,6.1866,0.0000,-0.5595,0.3860,-163.7887
2026-04-25 10:48:42.614,0,10,10,0.00,-0.4896,0.3060,0.1150,6.2403,0.0000,-0.3436,0.2564,-171.0927
2026-04-25 10:48:43.114,0,10,10,0.00,-0.4820,0.3224,-0.0544,6.3120,0.0000,-0.4819,0.5601,178.9989
2026-04-25 10:48:43.613,0,10,10,0.00,-0.4296,0.5400,-0.2528,6.4208,0.0000,-0.5803,0.7135,172.6085
2026-04-25 10:48:44.113,0,10,10,0.00,-0.3778,0.4945,-0.4619,6.5173,0.0000,-0.6644,0.6143,176.6643
2026-04-25 10:48:44.614,0,10,10,0.00,-0.4335,0.4214,-0.6722,6.5924,0.0000,-0.4178,0.3591,-177.5769
2026-04-25 10:48:45.113,0,10,10,0.00,-0.3676,0.3147,-0.8462,6.6573,0.0000,-0.3564,0.3368,-179.1124
2026-04-25 10:48:45.613,0,10,10,0.00,-0.3053,0.3303,-0.9982,6.7206,0.0000,-0.2921,0.3317,177.8253
2026-04-25 10:48:46.114,0,10,10,0.00,-0.2738,0.3288,-1.1405,6.7761,0.0000,-0.2815,0.3185,179.4177
2026-04-25 10:48:46.613,0,10,10,0.00,-0.3005,0.2962,-1.2838,6.8255,0.0000,-0.3028,0.2972,-177.8219
2026-04-25 10:48:47.113,0,10,10,0.00,-0.3066,0.2865,-1.4256,6.8738,0.0000,-0.3053,0.2947,-177.8529
2026-04-25 10:48:47.613,0,10,10,0.00,-0.3034,0.2923,-1.5658,6.9235,0.0000,-0.2998,0.3002,-178.6873
2026-04-25 10:48:48.113,0,10,10,0.00,-0.2969,0.3028,-1.7060,6.9740,0.0000,-0.2961,0.3039,-179.1931
2026-04-25 10:48:48.614,0,10,10,0.00,-0.2971,0.2998,-1.8475,7.0241,0.0000,-0.2986,0.3014,-178.9391
2026-04-25 10:48:49.113,0,10,10,0.00,-0.3039,0.3002,-1.9904,7.0738,0.0000,-0.3040,0.2960,-178.4328
2026-04-25 10:48:49.613,0,10,10,0.00,-0.3011,0.2939,-2.1312,7.1232,0.0000,-0.0000,0.0000,-178.4121
2026-04-25 10:48:50.113,0,10,10,0.00,0.0007,0.0221,-2.2010,7.1476,0.0000,-0.0000,0.0000,-178.8841
2026-04-25 10:48:50.614,0,10,10,0.00,0.0001,0.0005,-2.1985,7.1468,0.0000,-0.0000,0.0000,-178.8841
2026-04-25 10:48:51.113,0,10,10,0.00,0.0000,0.0000,-2.1985,7.1468,0.0000,-0.0000,0.0000,-178.8841
2026-04-25 10:48:51.613,0,10,10,0.00,0.0000,0.0000,-2.1985,7.1468,0.0000,-0.0000,0.0000,-178.8841
2026-04-25 10:48:52.113,0,10,10,0.00,0.0001,-0.0001,-2.1985,7.1468,0.0000,-0.0000,0.0000,-178.8841
2026-04-25 10:48:52.614,0,10,10,0.00,0.0001,0.0000,-2.1985,7.1468,0.0000,-0.0000,0.0000,-178.8841
2026-04-25 10:48:53.113,0,9,10,0.00,0.0000,0.0000,-2.1985,7.1468,0.0000,-0.0000,0.0000,-178.8841
2026-04-25 10:48:53.613,0,10,10,0.00,0.0000,0.0000,-2.1985,7.1468,0.0000,-0.0000,0.0000,-178.8841
2026-04-25 10:48:54.113,0,10,10,0.00,0.0000,-0.0004,-2.1985,7.1468,0.0000,-0.0000,0.0000,-178.8841
2026-04-25 10:48:54.613,0,10,10,0.00,0.0000,0.0000,-2.1985,7.1468,0.0000,-0.0000,0.0000,-178.8841
2026-04-25 10:48:55.113,0,10,10,0.00,0.0001,-0.0001,-2.1985,7.1468,0.0000,-0.0000,0.0000,-178.8841
2026-04-25 10:48:55.613,0,10,10,0.00,-0.0001,-0.0001,-2.1985,7.1468,0.0000,-0.0000,0.0000,-178.8841
2026-04-25 10:48:56.113,0,10,10,0.00,-0.0001,0.0000,-2.1985,7.1468,0.0000,-0.0000,0.0000,-178.8841
2026-04-25 10:48:56.613,0,9,10,0.00,0.0001,0.0000,-2.1985,7.1468,0.0000,-0.0000,0.0000,-178.8841
2026-04-25 10:48:57.113,0,9,10,0.00,0.0000,0.0000,-2.1985,7.1468,0.0000,-0.0000,0.0000,-178.8841
2026-04-25 10:48:57.613,0,8,10,0.00,0.0000,0.0003,-2.1985,7.1468,0.0000,-0.0000,0.0000,-178.8841
2026-04-25 10:48:58.113,0,9,10,0.00,0.0000,0.0000,-2.1985,7.1468,0.0000,-0.0000,0.0000,-178.8841
2026-04-25 10:48:58.613,0,9,10,0.00,0.0000,0.0000,-2.1985,7.1468,0.0000,-0.0000,0.0000,-178.8841
2026-04-25 10:48:59.113,0,9,10,0.00,0.0000,0.0001,-2.1985,7.1468,0.0000,-0.0000,0.0000,-178.8841
2026-04-25 10:48:59.614,0,9,10,0.00,0.0000,-0.0001,-2.1985,7.1468,0.0000,-0.0000,0.0000,-178.8841
2026-04-25 10:49:00.114,0,9,10,0.00,0.0000,0.0001,-2.1985,7.1468,0.0000,-0.0000,0.0000,-178.8841
2026-04-25 10:49:00.613,0,9,10,0.00,0.0000,-0.0001,-2.1985,7.1468,0.0000,-0.0000,0.0000,-178.8841
2026-04-25 10:49:01.114,0,9,10,0.00,0.0007,0.0001,-2.1985,7.1468,0.0000,-0.0000,0.0000,-178.8841
2026-04-25 10:49:01.614,0,0,10,0.00,0.0007,0.0001,-2.1985,7.1468,0.0000,-0.0000,0.0000,-178.3116
2026-04-25 10:49:02.113,0,6,10,0.00,0.0001,0.0000,-2.1985,7.1468,0.0000,-0.0000,0.0000,-178.3116
2026-04-25 10:49:02.614,0,10,10,0.00,-0.0971,0.0791,-2.2129,7.1518,0.0000,-0.1841,0.4159,-178.3116
2026-04-25 10:49:03.113,0,10,10,0.00,-0.1198,0.2431,-2.2900,7.1783,0.0000,-0.1087,0.4913,-178.6315
2026-04-25 10:49:03.613,0,22,10,0.00,0.0674,0.1486,-2.3505,7.1931,0.0000,-0.0840,0.5160,-172.1335
2026-04-25 10:49:04.113,0,21,10,0.00,0.1283,0.1170,-2.3513,7.1934,0.0000,-0.0759,0.5241,-160.4351
2026-04-25 10:49:04.613,0,22,10,0.00,0.1259,0.1153,-2.3486,7.1939,0.0000,-0.0810,0.5190,-148.3107
2026-04-25 10:49:05.113,0,20,10,0.00,0.1254,0.1281,-2.3478,7.1942,0.0000,-0.1231,0.4769,-135.8575
2026-04-25 10:49:05.613,0,21,10,0.00,0.1258,0.1254,-2.3481,7.1940,0.0000,-0.1825,0.4175,-122.7836
2026-04-25 10:49:06.113,0,20,10,0.00,0.1259,0.1245,-2.3481,7.1941,0.0000,-0.3368,0.4118,-107.5049
2026-04-25 10:49:06.613,0,21,10,0.00,0.1258,0.1173,-2.3482,7.1938,0.0000,-0.6428,0.6364,-96.9837
2026-04-25 10:49:07.113,0,19,10,0.00,0.1274,0.1198,-2.3482,7.1938,0.0000,-0.7207,0.5862,-84.3967
2026-04-25 10:49:07.613,0,20,10,0.00,0.1262,0.1232,-2.3482,7.1942,0.0000,-0.4641,0.1980,-71.5803
2026-04-25 10:49:08.113,0,20,10,0.00,0.1259,0.1258,-2.3482,7.1946,0.0000,-0.4928,0.1072,-59.0680
2026-04-25 10:49:08.613,0,19,10,0.00,0.1250,0.1276,-2.3481,7.1942,0.0000,-0.5165,0.0835,-46.2187
2026-04-25 10:49:09.113,0,12,10,0.00,0.1251,0.1272,-2.3480,7.1940,0.0000,-0.5242,0.0758,-33.3299
2026-04-25 10:49:09.613,0,0,10,0.00,0.1251,0.1272,-2.3480,7.1940,0.0000,-0.5268,0.0732,-25.6637
2026-04-25 10:49:10.113,0,9,10,0.00,-0.1251,0.0715,-2.3371,7.1782,0.0000,-0.5275,0.0725,-26.1872
2026-04-25 10:49:10.614,0,10,10,0.00,-0.2854,0.0885,-2.2972,7.1130,0.0000,-0.5278,0.0722,-28.1768
2026-04-25 10:49:11.113,0,10,10,0.00,-0.4405,0.0529,-2.2581,7.0094,0.0000,-0.5279,0.0721,-39.3934
2026-04-25 10:49:11.614,0,10,10,0.00,-0.4990,0.0800,-2.2553,6.8717,0.0000,-0.4874,0.1126,-64.7727
2026-04-25 10:49:12.113,0,9,10,0.00,-0.4437,0.1478,-2.3029,6.7321,0.0000,-0.4135,0.1865,-81.7930
2026-04-25 10:49:12.613,0,10,10,0.00,-0.3732,0.2216,-2.3820,6.6086,0.0000,-0.3686,0.2314,-95.7068
2026-04-25 10:49:13.114,0,10,10,0.00,-0.4317,0.2909,-2.4852,6.4885,0.0000,-0.4578,0.3741,-103.2076
2026-04-25 10:49:13.613,0,10,10,0.00,-0.5511,0.4383,-2.6436,6.3429,0.0000,-0.6118,0.5817,-110.2127
2026-04-25 10:49:14.114,0,10,10,0.00,-0.3237,0.3919,-2.8233,6.2029,0.0000,-0.2466,0.3534,-116.5617
2026-04-25 10:49:14.613,0,10,10,0.00,-0.1372,0.4265,-2.9312,6.1075,0.0000,-0.1292,0.4708,-112.2738
2026-04-25 10:49:15.114,0,10,10,0.00,-0.0865,0.5159,-3.0140,5.9814,0.0000,-0.0907,0.5093,-96.9746
2026-04-25 10:49:15.613,0,10,10,0.00,-0.0915,0.5106,-3.0454,5.8346,0.0000,-0.0858,0.5142,-74.0704
2026-04-25 10:49:16.114,0,10,10,0.00,-0.0954,0.5100,-3.0215,5.6884,0.0000,-0.0980,0.5020,-52.5017
2026-04-25 10:49:16.614,0,10,10,0.00,-0.1344,0.4705,-2.9468,5.5578,0.0000,-0.1441,0.4559,-31.2605
2026-04-25 10:49:17.113,0,10,10,0.00,-0.1810,0.4236,-2.8380,5.4547,0.0000,-0.1899,0.4101,-14.1160
2026-04-25 10:49:17.613,0,10,10,0.00,-0.2203,0.3825,-2.7100,5.3772,0.0000,-0.2310,0.3690,-1.8354
2026-04-25 10:49:18.113,0,10,10,0.00,-0.3576,0.4445,-2.5519,5.3098,0.0000,-0.4253,0.4958,7.6595
2026-04-25 10:49:18.614,0,10,10,0.00,-0.5153,0.6031,-2.3199,5.2331,0.0000,-0.6266,0.6483,11.4003
2026-04-25 10:49:19.113,0,10,10,0.00,-0.6743,0.7202,-2.0107,5.1553,0.0000,-0.7255,0.6877,16.3372
2026-04-25 10:49:19.613,0,10,10,0.00,-0.6270,0.5290,-1.6857,5.0782,0.0000,-0.5856,0.4204,18.0900
2026-04-25 10:49:20.116,0,10,10,0.00,-0.5643,0.3796,-1.4560,4.9995,0.0000,-0.5750,0.4553,9.9705
2026-04-25 10:49:20.613,0,10,10,0.00,-0.5890,0.5521,-1.2150,4.8765,0.0000,-0.5675,0.5472,1.1756
2026-04-25 10:49:21.113,0,10,10,0.00,-0.5044,0.5163,-0.9771,4.7441,0.0000,-0.5049,0.5154,-1.8435
2026-04-25 10:49:21.613,0,10,10,0.00,-0.4780,0.4849,-0.7581,4.6258,0.0000,-0.4762,0.4582,-0.4225
2026-04-25 10:49:22.113,0,10,10,0.00,-0.4470,0.4146,-0.5589,4.5180,0.0000,-0.4425,0.4126,-0.6398
2026-04-25 10:49:22.613,0,10,10,0.00,-0.3973,0.3875,-0.3817,4.4157,0.0000,-0.3901,0.3938,-3.1507
2026-04-25 10:49:23.113,0,10,10,0.00,-0.3519,0.3783,-0.2177,4.3201,0.0000,-0.3554,0.3629,-3.1207
2026-04-25 10:49:23.613,0,10,10,0.00,-0.3388,0.3232,-0.0659,4.2345,0.0000,-0.3359,0.3213,-1.7809
2026-04-25 10:49:24.113,0,10,10,0.00,-0.3038,0.3024,0.0706,4.1556,0.0000,-0.2991,0.3030,-3.0757
2026-04-25 10:49:24.613,0,10,10,0.00,-0.2924,0.3005,0.1987,4.0810,0.0000,-0.2935,0.3065,-3.2592
2026-04-25 10:49:25.113,0,10,10,0.00,-0.3011,0.3051,0.3304,4.0062,0.0000,-0.3022,0.2978,-2.2092
2026-04-25 10:49:25.613,0,10,10,0.00,-0.3042,0.2865,0.4615,3.9324,0.0000,-0.3041,0.2959,-1.9289
2026-04-25 10:49:26.113,0,10,10,0.00,-0.2967,0.2983,0.5902,3.8582,0.0000,-0.2961,0.3039,-3.0042
2026-04-25 10:49:26.613,0,10,10,0.00,-0.2948,0.3100,0.7195,3.7836,0.0000,-0.2941,0.3059,-2.8993
2026-04-25 10:49:27.113,0,9,10,0.00,-0.2987,0.3081,0.8515,3.7096,0.0000,-0.3012,0.2988,-1.8126
2026-04-25 10:49:27.613,0,10,10,0.00,-0.3056,0.2910,0.9832,3.6366,0.0000,-0.3053,0.2947,-1.4807
2026-04-25 10:49:28.113,0,10,10,0.00,-0.2990,0.2965,1.1126,3.5630,0.0000,-0.2967,0.3033,-2.6305
2026-04-25 10:49:28.613,0,10,10,0.00,-0.2935,0.3089,1.2422,3.4890,0.0000,-0.3404,0.2596,-2.7086
2026-04-25 10:49:29.113,0,10,10,0.00,-0.4540,0.1658,1.3714,3.4088,0.0000,-0.4665,0.1335,-3.5672
2026-04-25 10:49:29.613,0,10,10,0.00,-0.5010,0.0664,1.4721,3.3041,0.0000,-0.4988,0.1012,-21.2170
2026-04-25 10:49:30.114,0,10,10,0.00,-0.4564,0.1356,1.5292,3.1712,0.0000,-0.4501,0.1499,-43.1071
2026-04-25 10:49:30.613,0,9,10,0.00,-0.4159,0.1768,1.5478,3.0227,0.0000,-0.4119,0.1881,-58.5414
2026-04-25 10:49:31.113,0,10,10,0.00,-0.3822,0.2170,1.5353,2.8746,0.0000,-0.3766,0.2234,-70.6108
2026-04-25 10:49:31.613,0,10,10,0.00,-0.4537,0.3015,1.4966,2.7152,0.0000,-0.4759,0.3843,-78.7532
2026-04-25 10:49:32.114,0,10,10,0.00,-0.5779,0.4596,1.4151,2.5052,0.0000,-0.6174,0.5824,-86.2893
2026-04-25 10:49:32.614,0,10,10,0.00,-0.6968,0.5932,1.2762,2.2357,0.0000,-0.6745,0.7156,-93.4934
2026-04-25 10:49:33.113,0,10,10,0.00,-0.5574,0.7131,1.1155,1.9510,0.0000,-0.4963,0.6360,-96.5609
2026-04-25 10:49:33.613,0,10,10,0.00,-0.5291,0.6470,1.0025,1.6840,0.0000,-0.5373,0.5779,-86.7259
2026-04-25 10:49:34.113,0,10,10,0.00,-0.5021,0.5097,0.9172,1.4270,0.0000,-0.4994,0.4896,-83.8516
2026-04-25 10:49:34.613,0,10,10,0.00,-0.4516,0.4473,0.8428,1.2033,0.0000,-0.4390,0.4395,-84.3542
2026-04-25 10:49:35.113,0,10,10,0.00,-0.3810,0.3994,0.7767,1.0059,0.0000,-0.3800,0.4001,-84.8368
2026-04-25 10:49:35.614,0,10,10,0.00,-0.3444,0.3676,0.7202,0.8281,0.0000,-0.3453,0.3479,-83.2336
2026-04-25 10:49:36.113,0,10,10,0.00,-0.3183,0.3041,0.6720,0.6698,0.0000,-0.3131,0.3022,-82.6888
2026-04-25 10:49:36.613,0,10,10,0.00,-0.2999,0.2935,0.6276,0.5279,0.0000,-0.2981,0.3019,-83.5988
2026-04-25 10:49:37.113,0,10,10,0.00,-0.2902,0.3024,0.5825,0.3863,0.0000,-0.2939,0.3061,-83.8717
2026-04-25 10:49:37.613,0,10,10,0.00,-0.2966,0.3058,0.5382,0.2422,0.0000,-0.2989,0.3011,-82.9767
2026-04-25 10:49:38.113,0,10,10,0.00,-0.3054,0.3036,0.4947,0.0967,0.0000,-0.3034,0.2966,-82.4257
2026-04-25 10:49:38.613,0,10,10,0.00,-0.3043,0.2933,0.4516,-0.0463,0.0000,-0.3022,0.2978,-82.7190
2026-04-25 10:49:39.113,0,10,10,0.00,-0.2958,0.2994,0.4077,-0.1885,0.0000,-0.2961,0.3039,-83.3252
2026-04-25 10:49:39.615,0,10,10,0.00,-0.4231,0.2009,0.3600,-0.3306,0.0000,-0.4520,0.1480,-83.9599
2026-04-25 10:49:40.114,0,10,10,0.00,-0.4952,0.0851,0.2844,-0.4593,0.0000,-0.5014,0.0986,-98.5754
2026-04-25 10:49:40.614,0,10,10,0.00,-0.4674,0.1157,0.1731,-0.5499,0.0000,-0.4588,0.1412,-120.9504
2026-04-25 10:49:41.113,0,10,10,0.00,-0.4176,0.1817,0.0350,-0.6056,0.0000,-0.4197,0.1803,-137.3543
2026-04-25 10:49:41.613,0,10,10,0.00,-0.3989,0.1966,-0.1132,-0.6314,0.0000,-0.3950,0.2050,-149.2649
2026-04-25 10:49:42.113,0,10,10,0.00,-0.4043,0.2483,-0.2661,-0.6314,0.0000,-0.4280,0.3079,-158.8990
2026-04-25 10:49:42.613,0,10,10,0.00,-0.5224,0.4249,-0.4680,-0.6047,0.0000,-0.5434,0.4759,-165.8233
2026-04-25 10:49:43.113,0,10,10,0.00,-0.6497,0.5820,-0.7366,-0.5445,0.0000,-0.4780,0.4554,-171.0817
2026-04-25 10:49:43.613,0,10,10,0.00,-0.3320,0.3762,-0.9690,-0.4826,0.0000,-0.3166,0.3369,-172.6631
2026-04-25 10:49:44.113,0,10,10,0.00,-0.3047,0.2816,-1.1120,-0.4463,0.0000,-0.2995,0.3005,-171.2556
2026-04-25 10:49:44.614,0,10,10,0.00,-0.2933,0.3003,-1.2557,-0.4082,0.0000,-0.2995,0.3005,-172.8237
2026-04-25 10:49:45.114,0,6,10,0.00,-0.2969,0.3053,-1.3312,-0.3882,0.0000,-0.2995,0.3005,-172.5164
2026-04-25 10:49:45.613,0,0,10,0.00,-0.2969,0.3053,-1.3312,-0.3882,0.0000,-0.0000,0.0000,-170.3191
2026-04-25 10:49:46.113,0,10,10,0.00,-0.0003,0.0000,-1.3302,-0.3885,0.0000,-0.0000,0.0000,-170.6850
2026-04-25 10:49:46.614,0,10,10,0.00,-0.0001,0.0000,-1.3302,-0.3885,0.0000,-0.0000,0.0000,-170.6783
2026-04-25 10:49:47.114,0,10,10,0.00,0.0000,0.0000,-1.3302,-0.3885,0.0000,-0.0000,0.0000,-170.6783
2026-04-25 10:49:47.613,0,10,10,0.00,0.0000,0.0001,-1.3302,-0.3885,0.0000,-0.0000,0.0000,-170.6783
2026-04-25 10:49:48.113,0,10,10,0.00,0.0001,-0.0001,-1.3302,-0.3885,0.0000,-0.0000,0.0000,-170.6783
2026-04-25 10:49:48.613,0,10,10,0.00,-0.0001,0.0000,-1.3302,-0.3885,0.0000,-0.0000,0.0000,-170.6783
2026-04-25 10:49:49.113,0,10,10,0.00,0.0000,0.0001,-1.3302,-0.3885,0.0000,-0.0000,0.0000,-170.6783
2026-04-25 10:49:49.613,0,10,10,0.00,0.0003,0.0000,-1.3302,-0.3885,0.0000,-0.0000,0.0000,-170.6783
2026-04-25 10:49:50.113,0,18,10,0.00,0.0774,0.0476,-1.3271,-0.3893,0.0000,-0.0000,0.0000,-170.6783
2026-04-25 10:49:50.613,0,22,10,0.00,0.1233,0.1384,-1.3237,-0.3901,0.0000,-0.0000,0.0000,-162.1484
2026-04-25 10:49:51.113,0,21,10,0.00,0.1272,0.1233,-1.3237,-0.3901,0.0000,-0.0000,0.0000,-149.4445
2026-04-25 10:49:51.613,0,21,10,0.00,0.1255,0.1322,-1.3235,-0.3901,0.0000,-0.0000,0.0000,-136.9574
2026-04-25 10:49:52.113,0,21,10,0.00,0.1255,0.1247,-1.3235,-0.3901,0.0000,-0.0000,0.0000,-124.0861
2026-04-25 10:49:52.613,0,21,10,0.00,0.1245,0.1192,-1.3233,-0.3898,0.0000,-0.0000,0.0000,-111.1320
2026-04-25 10:49:53.113,0,20,10,0.00,0.1255,0.1232,-1.3233,-0.3898,0.0000,-0.0000,0.0000,-98.4221
2026-04-25 10:49:53.614,0,20,10,0.00,0.1268,0.1310,-1.3234,-0.3901,0.0000,-0.0000,0.0000,-85.5690
2026-04-25 10:49:54.113,0,20,10,0.00,0.1274,0.1276,-1.3234,-0.3901,0.0000,-0.0000,0.0000,-72.7733
2026-04-25 10:49:54.613,0,19,10,0.00,0.1261,0.1268,-1.3234,-0.3901,0.0000,-0.0000,0.0000,-59.7686
2026-04-25 10:49:55.113,0,19,10,0.00,0.1257,0.1251,-1.3235,-0.3899,0.0000,-0.0000,0.0000,-47.0009
2026-04-25 10:49:55.613,0,20,10,0.00,0.1258,0.1268,-1.3235,-0.3897,0.0000,-0.0000,0.0000,-34.3944
2026-04-25 10:49:56.113,0,18,10,0.00,0.1270,0.1249,-1.3236,-0.3896,0.0000,-0.0000,0.0000,-21.8639
2026-04-25 10:49:56.614,0,0,10,0.00,0.1270,0.1249,-1.3236,-0.3896,0.0000,-0.0000,0.0000,-12.4115
2026-04-25 10:49:57.113,0,6,10,0.00,0.0000,0.0001,-1.3236,-0.3896,0.0000,-0.0000,0.0000,-12.4389
2026-04-25 10:49:57.613,0,10,10,0.00,0.0003,0.0000,-1.3236,-0.3896,0.0000,-0.0000,0.0000,-12.3232
2026-04-25 10:49:58.113,0,10,10,0.00,-0.0001,-0.0001,-1.3236,-0.3896,0.0000,-0.0000,0.0000,-12.3232
2026-04-25 10:49:58.613,0,10,10,0.00,0.0000,0.0000,-1.3236,-0.3896,0.0000,-0.0000,0.0000,-12.3232
2026-04-25 10:49:59.113,0,10,10,0.00,0.0000,0.0003,-1.3236,-0.3896,0.0000,-0.0000,0.0000,-12.3232
2026-04-25 10:49:59.614,0,10,10,0.00,0.0000,0.0001,-1.3236,-0.3896,0.0000,-0.0000,0.0000,-12.3232
2026-04-25 10:50:00.114,0,10,10,0.00,-0.0001,0.0000,-1.3236,-0.3896,0.0000,-0.0000,0.0000,-12.3232
2026-04-25 10:50:00.613,0,10,10,0.00,0.0003,0.0000,-1.3236,-0.3896,0.0000,-0.2544,0.3456,-12.3232
2026-04-25 10:50:01.113,0,10,10,0.00,-0.1462,0.1274,-1.3040,-0.4090,0.0000,-0.2228,0.3772,-12.4335
2026-04-25 10:50:01.613,0,10,10,0.00,-0.1526,0.2801,-1.2312,-0.4805,0.0000,-0.1347,0.4653,-13.1217
2026-04-25 10:50:02.113,0,10,10,0.00,-0.1275,0.4524,-1.1321,-0.5556,0.0000,-0.1461,0.4539,-5.7713
2026-04-25 10:50:02.615,0,10,10,0.00,-0.1926,0.4325,-0.9886,-0.6146,0.0000,-0.2640,0.3803,12.1027
2026-04-25 10:50:03.113,0,10,10,0.00,-0.3318,0.4125,-0.8270,-0.6468,0.0000,-0.5537,0.5735,22.9284
2026-04-25 10:50:03.613,0,10,10,0.00,-0.4883,0.6226,-0.5898,-0.6706,0.0000,-0.6361,0.6166,27.2569
2026-04-25 10:50:04.114,0,10,10,0.00,-0.5838,0.5330,-0.2962,-0.6741,0.0000,-0.5705,0.4662,33.5543
2026-04-25 10:50:04.614,0,10,10,0.00,-0.5888,0.4117,-0.0368,-0.6895,0.0000,-0.6009,0.4782,29.7687
2026-04-25 10:50:05.113,0,10,10,0.00,-0.6490,0.5407,0.2316,-0.7454,0.0000,-0.3089,0.2911,19.8629
2026-04-25 10:50:05.613,0,10,10,0.00,-0.3206,0.4025,0.4525,-0.8123,0.0000,-0.1496,0.4504,14.6851
2026-04-25 10:50:06.113,0,10,10,0.00,-0.0924,0.5041,0.6029,-0.8439,0.0000,-0.0974,0.5026,19.6634
2026-04-25 10:50:06.614,0,10,10,0.00,-0.1034,0.5182,0.7529,-0.8246,0.0000,-0.0951,0.5049,42.2555
2026-04-25 10:50:07.113,0,10,10,0.00,-0.1077,0.4957,0.8842,-0.7543,0.0000,-0.1427,0.4573,63.2998
2026-04-25 10:50:07.613,0,10,10,0.00,-0.1624,0.4396,0.9874,-0.6450,0.0000,-0.1918,0.4082,82.4123
2026-04-25 10:50:08.113,0,10,10,0.00,-0.2178,0.3820,1.0619,-0.5159,0.0000,-0.2307,0.3693,95.6388
2026-04-25 10:50:08.613,0,10,10,0.00,-0.2759,0.3873,1.1175,-0.3727,0.0000,-0.3856,0.4633,103.8235
2026-04-25 10:50:09.113,0,10,10,0.00,-0.4407,0.5443,1.1729,-0.1692,0.0000,-0.6283,0.6405,109.8667
2026-04-25 10:50:09.613,0,10,10,0.00,-0.6011,0.6836,1.2237,0.1131,0.0000,-0.7099,0.6351,114.7982
2026-04-25 10:50:10.113,0,10,10,0.00,-0.6603,0.5574,1.2679,0.4345,0.0000,-0.5718,0.3896,118.2520
2026-04-25 10:50:10.613,0,10,10,0.00,-0.5190,0.3320,1.3192,0.6721,0.0000,-0.5335,0.3845,112.0345
2026-04-25 10:50:11.113,0,10,10,0.00,-0.5858,0.4381,1.4025,0.8833,0.0000,-0.5117,0.4853,102.2890
2026-04-25 10:50:11.613,0,10,10,0.00,-0.4245,0.4995,1.5154,1.1059,0.0000,-0.4194,0.4672,95.2890
2026-04-25 10:50:12.113,0,10,10,0.00,-0.4142,0.4016,1.6052,1.3046,0.0000,-0.4040,0.3797,99.1852
2026-04-25 10:50:12.613,0,10,10,0.00,-0.3693,0.3344,1.6826,1.4776,0.0000,-0.3572,0.3375,98.6621
2026-04-25 10:50:13.113,0,10,10,0.00,-0.3128,0.3143,1.7539,1.6277,0.0000,-0.3047,0.3128,96.7360
2026-04-25 10:50:13.613,0,10,10,0.00,-0.2933,0.3185,1.8197,1.7659,0.0000,-0.2953,0.3047,96.5015
2026-04-25 10:50:14.113,0,9,10,0.00,-0.3046,0.2969,1.8828,1.9018,0.0000,-0.3047,0.2953,97.6920
2026-04-25 10:50:14.613,0,10,10,0.00,-0.3058,0.2939,1.9460,2.0365,0.0000,-0.3018,0.2982,97.3280
2026-04-25 10:50:15.113,0,10,10,0.00,-0.2967,0.3058,2.0107,2.1715,0.0000,-0.2964,0.3036,96.5662
2026-04-25 10:50:15.613,0,10,10,0.00,-0.3004,0.3084,2.0752,2.3082,0.0000,-0.3007,0.2993,97.0430
2026-04-25 10:50:16.114,0,10,10,0.00,-0.3043,0.2982,2.1388,2.4443,0.0000,-0.3022,0.2978,97.2833
2026-04-25 10:50:16.613,0,10,10,0.00,-0.4127,0.3847,2.2109,2.5944,0.0000,-0.4950,0.6168,96.8638
2026-04-25 10:50:17.113,0,10,10,0.00,-0.3695,0.5308,2.3111,2.7998,0.0000,-0.3202,0.5024,95.4949
2026-04-25 10:50:17.613,0,10,10,0.00,-0.3396,0.5062,2.3763,2.9955,0.0000,-0.5025,0.5815,104.7637
2026-04-25 10:50:18.113,0,10,10,0.00,-0.4987,0.6685,2.4181,3.2473,0.0000,-0.7573,0.7490,113.3280
2026-04-25 10:50:18.613,0,10,10,0.00,-0.6627,0.6703,2.4277,3.5735,0.0000,-0.6897,0.5719,122.3255
2026-04-25 10:50:19.113,0,10,10,0.00,-0.5815,0.4283,2.4343,3.8685,0.0000,-0.5869,0.4568,122.5450
2026-04-25 10:50:19.613,0,10,10,0.00,-0.6110,0.4995,2.4740,4.1280,0.0000,-0.3474,0.3302,114.1204
2026-04-25 10:50:20.113,0,10,10,0.00,-0.2816,0.3140,2.5229,4.3316,0.0000,-0.2719,0.3281,108.7635
2026-04-25 10:50:20.613,0,10,10,0.00,-0.1567,0.4072,2.5511,4.4668,0.0000,-0.1375,0.4625,110.2481
2026-04-25 10:50:21.113,0,10,10,0.00,-0.1090,0.5211,2.5488,4.6168,0.0000,-0.1200,0.4800,123.2588
2026-04-25 10:50:21.613,0,10,10,0.00,-0.1635,0.4299,2.4977,4.7595,0.0000,-0.1856,0.4144,144.5300
2026-04-25 10:50:22.113,0,10,10,0.00,-0.1894,0.3969,2.4150,4.8846,0.0000,-0.2515,0.3485,158.2624
2026-04-25 10:50:22.613,0,10,10,0.00,-0.3236,0.3257,2.3167,4.9950,0.0000,-0.3499,0.3860,166.9505
2026-04-25 10:50:23.113,0,10,10,0.00,-0.2613,0.4019,2.1977,5.1208,0.0000,-0.2200,0.3959,166.5565
2026-04-25 10:50:23.613,0,10,10,0.00,-0.2439,0.4261,2.0764,5.2220,0.0000,-0.3396,0.4594,173.8941
2026-04-25 10:50:24.113,0,10,10,0.00,-0.4123,0.5394,1.8997,5.3280,0.0000,-0.6397,0.6548,-176.2445
2026-04-25 10:50:24.613,0,10,10,0.00,-0.5685,0.6739,1.6469,5.4443,0.0000,-0.7093,0.6602,-170.1515
2026-04-25 10:50:25.113,0,10,10,0.00,-0.6841,0.5997,1.3427,5.5604,0.0000,-0.6202,0.4761,-164.8236
2026-04-25 10:50:25.613,0,10,10,0.00,-0.5818,0.4147,1.0993,5.6722,0.0000,-0.6109,0.5111,-170.1127
2026-04-25 10:50:26.113,0,10,10,0.00,-0.5385,0.4670,0.8784,5.8115,0.0000,-0.4638,0.5624,-178.3252
2026-04-25 10:50:26.614,0,10,10,0.00,-0.4339,0.5134,0.6826,5.9454,0.0000,-0.4374,0.4917,179.3653
2026-04-25 10:50:27.114,0,10,10,0.00,-0.4477,0.4274,0.4858,6.0653,0.0000,-0.4423,0.3920,-175.9587
2026-04-25 10:50:27.614,0,10,10,0.00,-0.5164,0.4040,0.3035,6.1793,0.0000,-0.4040,0.3448,-176.2410
2026-04-25 10:50:28.113,0,10,10,0.00,-0.3161,0.3521,0.1403,6.2963,0.0000,-0.3160,0.3452,177.4608
2026-04-25 10:50:28.615,0,10,10,0.00,-0.3098,0.3084,0.0109,6.3877,0.0000,-0.3049,0.2951,179.6333
2026-04-25 10:50:29.114,0,10,10,0.00,-0.3053,0.2895,-0.1123,6.4743,0.0000,-0.3069,0.2931,179.9041
2026-04-25 10:50:29.613,0,10,10,0.00,-0.3000,0.2926,-0.2325,6.5611,0.0000,-0.2976,0.3024,178.8651
2026-04-25 10:50:30.113,0,10,10,0.00,-0.2905,0.3077,-0.3529,6.6491,0.0000,-0.2915,0.3085,178.2530
2026-04-25 10:50:30.613,0,9,10,0.00,-0.2889,0.2967,-0.4749,6.7356,0.0000,-0.2955,0.3045,178.9436
2026-04-25 10:50:31.114,0,10,10,0.00,-0.2991,0.3024,-0.5991,6.8218,0.0000,-0.3006,0.2994,179.8078
2026-04-25 10:50:31.614,0,10,10,0.00,-0.3207,0.3186,-0.7244,6.9062,0.0000,-0.2520,0.3480,-179.5792
2026-04-25 10:50:32.115,0,10,10,0.00,-0.2532,0.3369,-0.8566,6.9892,0.0000,-0.2591,0.3409,-178.1405
2026-04-25 10:50:32.613,0,10,10,0.00,-0.0829,0.1895,-0.9634,7.0463,0.0000,-0.0000,0.0000,-173.2742
2026-04-25 10:50:33.114,0,10,10,0.00,0.0003,-0.0130,-0.9754,7.0517,0.0000,-0.0000,0.0000,-168.3457
2026-04-25 10:50:33.614,0,10,10,0.00,0.0000,-0.0003,-0.9749,7.0516,0.0000,-0.0000,0.0000,-168.3457
2026-04-25 10:50:34.113,0,10,10,0.00,0.0001,0.0000,-0.9749,7.0516,0.0000,-0.0000,0.0000,-168.3457
2026-04-25 10:50:34.613,0,10,10,0.00,0.0000,0.0001,-0.9749,7.0516,0.0000,-0.0000,0.0000,-168.3457
2026-04-25 10:50:35.113,0,10,10,0.00,0.0000,0.0000,-0.9749,7.0516,0.0000,-0.0000,0.0000,-168.3457
2026-04-25 10:50:35.613,0,10,10,0.00,-0.0001,0.0001,-0.9749,7.0516,0.0000,-0.0000,0.0000,-168.3457
2026-04-25 10:50:36.113,0,10,10,0.00,0.0000,0.0001,-0.9749,7.0516,0.0000,-0.0000,0.0000,-168.3457
2026-04-25 10:50:36.613,0,10,10,0.00,0.0000,0.0000,-0.9749,7.0516,0.0000,-0.0000,0.0000,-168.3457
2026-04-25 10:50:37.113,0,10,10,0.00,0.0000,0.0000,-0.9749,7.0516,0.0000,-0.0000,0.0000,-168.3457
2026-04-25 10:50:37.613,0,10,10,0.00,0.0000,-0.0003,-0.9749,7.0516,0.0000,-0.0000,0.0000,-168.3457
2026-04-25 10:50:38.114,0,10,10,0.00,0.0000,0.0000,-0.9749,7.0516,0.0000,-0.0000,0.0000,-168.3457
2026-04-25 10:50:38.614,0,10,10,0.00,-0.0001,0.0003,-0.9749,7.0516,0.0000,-0.0000,0.0000,-168.3457
2026-04-25 10:50:39.113,0,10,10,0.00,-0.0001,0.0000,-0.9749,7.0516,0.0000,-0.0000,0.0000,-168.3457
2026-04-25 10:50:39.613,0,10,10,0.00,0.0001,0.0000,-0.9749,7.0516,0.0000,-0.0000,0.0000,-168.3457
2026-04-25 10:50:40.113,0,10,10,0.00,0.0001,-0.0001,-0.9749,7.0516,0.0000,-0.0000,0.0000,-168.3457
2026-04-25 10:50:40.614,0,10,10,0.00,0.0000,0.0003,-0.9749,7.0516,0.0000,-0.0000,0.0000,-168.3457
2026-04-25 10:50:41.113,0,10,10,0.00,-0.0003,-0.0003,-0.9749,7.0516,0.0000,-0.0000,0.0000,-168.3457
2026-04-25 10:50:41.613,0,10,10,0.00,-0.0001,0.0001,-0.9749,7.0516,0.0000,-0.0000,0.0000,-168.3457
2026-04-25 10:50:42.115,0,10,10,0.00,0.0000,0.0000,-0.9749,7.0516,0.0000,-0.0000,0.0000,-168.3457
2026-04-25 10:50:42.613,0,10,10,0.00,0.0001,0.0001,-0.9749,7.0516,0.0000,-0.0000,0.0000,-168.3457
2026-04-25 10:50:43.113,0,10,10,0.00,0.0000,-0.0001,-0.9749,7.0516,0.0000,-0.0000,0.0000,-168.3457
2026-04-25 10:50:43.613,0,10,10,0.00,0.0000,0.0001,-0.9749,7.0516,0.0000,-0.0000,0.0000,-168.3457
2026-04-25 10:50:44.113,0,4,10,0.00,0.0007,0.0000,-0.9749,7.0516,0.0000,-0.0000,0.0000,-168.3457
2026-04-25 10:50:44.613,0,2,10,0.00,-0.0003,0.0000,-0.9749,7.0516,0.0000,-0.0000,0.0000,-168.3457
2026-04-25 10:50:45.113,0,9,10,0.00,-0.0928,0.0719,-0.9885,7.0574,0.0000,-0.3095,0.2905,-168.3457
2026-04-25 10:50:45.613,0,9,10,0.00,-0.1772,0.2560,-1.0723,7.0949,0.0000,-0.1503,0.4497,-169.1076
2026-04-25 10:50:46.113,0,9,10,0.00,-0.0979,0.4182,-1.1822,7.1331,0.0000,-0.0977,0.5023,-165.0967
2026-04-25 10:50:46.613,0,9,10,0.00,-0.0847,0.5421,-1.3274,7.1410,0.0000,-0.0829,0.5171,-147.0453
2026-04-25 10:50:47.113,0,9,10,0.00,-0.1131,0.4903,-1.4719,7.0927,0.0000,-0.1304,0.4696,-123.7879
2026-04-25 10:50:47.613,0,8,10,0.00,-0.1867,0.4189,-1.5922,7.0020,0.0000,-0.1979,0.4021,-104.7238
2026-04-25 10:50:48.113,0,9,10,0.00,-0.2422,0.3643,-1.6914,6.8893,0.0000,-0.2727,0.3889,-93.5624
2026-04-25 10:50:48.613,0,9,10,0.00,-0.3796,0.4587,-1.7931,6.7443,0.0000,-0.4235,0.5022,-88.1275
2026-04-25 10:50:49.113,0,9,10,0.00,-0.5270,0.5918,-1.9217,6.5314,0.0000,-0.5803,0.6213,-84.1358
2026-04-25 10:50:49.613,0,9,10,0.00,-0.4631,0.5384,-2.0576,6.2792,0.0000,-0.3132,0.2868,-81.2352
2026-04-25 10:50:50.113,0,9,10,0.00,-0.1698,0.3593,-2.1276,6.1231,0.0000,-0.1510,0.4490,-76.1868
2026-04-25 10:50:50.613,0,9,10,0.00,-0.1035,0.5079,-2.1598,5.9849,0.0000,-0.1001,0.4999,-66.7331
2026-04-25 10:50:51.113,0,9,10,0.00,-0.0975,0.5045,-2.1438,5.8343,0.0000,-0.1392,0.4608,-45.2359
2026-04-25 10:50:51.613,0,9,10,0.00,-0.1618,0.4386,-2.0784,5.6982,0.0000,-0.1736,0.4264,-25.0263
2026-04-25 10:50:52.113,0,9,10,0.00,-0.2138,0.3767,-1.9833,5.5832,0.0000,-0.2286,0.3714,-9.1779
2026-04-25 10:50:52.613,0,9,10,0.00,-0.2665,0.3914,-1.8680,5.4800,0.0000,-0.3029,0.4254,-3.2085
2026-04-25 10:50:53.114,0,9,10,0.00,-0.3939,0.4911,-1.7111,5.3671,0.0000,-0.4411,0.5219,2.6589
2026-04-25 10:50:53.613,0,9,10,0.00,-0.5452,0.5961,-1.5016,5.2369,0.0000,-0.6313,0.6597,6.5516
2026-04-25 10:50:54.113,0,9,10,0.00,-0.7033,0.7316,-1.2042,5.0721,0.0000,-0.7203,0.7216,8.6642
2026-04-25 10:50:54.613,0,9,10,0.00,-0.6972,0.6584,-0.8898,4.9087,0.0000,-0.6918,0.6314,9.3542
2026-04-25 10:50:55.113,0,9,10,0.00,-0.6871,0.5851,-0.6098,4.7505,0.0000,-0.6736,0.5809,7.7511
2026-04-25 10:50:55.613,0,9,10,0.00,-0.6482,0.5716,-0.3528,4.5763,0.0000,-0.5766,0.5297,1.9839
2026-04-25 10:50:56.113,0,9,10,0.00,-0.5127,0.4974,-0.1351,4.4115,0.0000,-0.5068,0.4997,-1.3438
2026-04-25 10:50:56.613,0,9,10,0.00,-0.4770,0.4706,0.0584,4.2629,0.0000,-0.4675,0.4524,-0.9989
2026-04-25 10:50:57.113,0,9,10,0.00,-0.4365,0.4212,0.2345,4.1257,0.0000,-0.4300,0.4115,-1.2936
2026-04-25 10:50:57.613,0,9,10,0.00,-0.3991,0.3864,0.3943,3.9978,0.0000,-0.3897,0.3800,-2.1711
2026-04-25 10:50:58.113,0,9,10,0.00,-0.3600,0.3547,0.5386,3.8802,0.0000,-0.3525,0.3514,-2.7711
2026-04-25 10:50:58.613,0,9,10,0.00,-0.3265,0.3307,0.6704,3.7721,0.0000,-0.3211,0.3230,-2.8708
2026-04-25 10:50:59.115,0,9,10,0.00,-0.2985,0.3030,0.7926,3.6728,0.0000,-0.3006,0.2994,-2.7200
2026-04-25 10:50:59.613,0,9,10,0.00,-0.3024,0.3015,0.9087,3.5787,0.0000,-0.3007,0.2993,-2.7387
2026-04-25 10:51:00.114,0,9,10,0.00,-0.2995,0.3011,1.0243,3.4844,0.0000,-0.2983,0.3017,-2.8470
2026-04-25 10:51:00.613,0,9,10,0.00,-0.2973,0.3026,1.1401,3.3902,0.0000,-0.2982,0.3018,-2.7987
2026-04-25 10:51:01.114,0,9,10,0.00,-0.2999,0.3028,1.2690,3.2862,0.0000,-0.2991,0.3009,-2.5524
2026-04-25 10:51:01.613,0,9,10,0.00,-0.3005,0.3032,1.3746,3.2013,0.0000,-0.3000,0.3000,-2.5542
2026-04-25 10:51:02.113,0,9,10,0.00,-0.3003,0.3005,1.4913,3.1079,0.0000,-0.2991,0.3009,-2.4569
2026-04-25 10:51:02.613,0,9,10,0.00,-0.2987,0.2965,1.6085,3.0143,0.0000,-0.2986,0.3014,-2.3903
2026-04-25 10:51:03.113,0,9,10,0.00,-0.2982,0.3046,1.7262,2.9208,0.0000,-0.2985,0.3015,-2.3298
2026-04-25 10:51:03.613,0,9,10,0.00,-0.3144,0.2818,1.8440,2.8278,0.0000,-0.3815,0.2185,-2.1751
2026-04-25 10:51:04.114,0,9,10,0.00,-0.4712,0.1302,1.9561,2.7268,0.0000,-0.4800,0.1200,-6.8172
2026-04-25 10:51:04.613,0,9,10,0.00,-0.5046,0.0662,2.0332,2.6041,0.0000,-0.5008,0.0992,-22.0871
2026-04-25 10:51:05.113,0,9,10,0.00,-0.4532,0.1221,2.0611,2.4610,0.0000,-0.4379,0.1621,-44.6219
2026-04-25 10:51:05.613,0,9,10,0.00,-0.3994,0.1846,2.0462,2.3140,0.0000,-0.4094,0.1906,-62.0456
2026-04-25 10:51:06.113,0,8,10,0.00,-0.3860,0.2166,2.0071,2.1847,0.0000,-0.3848,0.2516,-73.1132
2026-04-25 10:51:06.613,0,8,10,0.00,-0.4469,0.3075,1.9297,2.0207,0.0000,-0.4926,0.4126,-81.1616
2026-04-25 10:51:07.113,0,9,10,0.00,-0.5695,0.4774,1.8083,1.8292,0.0000,-0.6519,0.6354,-88.2370
2026-04-25 10:51:07.613,0,9,10,0.00,-0.7117,0.6260,1.6242,1.5885,0.0000,-0.6656,0.7039,-92.8532
2026-04-25 10:51:08.113,0,9,10,0.00,-0.5784,0.7273,1.4140,1.3300,0.0000,-0.5663,0.6783,-96.2748
2026-04-25 10:51:08.614,0,10,10,0.00,-0.5508,0.6084,1.2276,1.0445,0.0000,-0.5459,0.5678,-87.5198
2026-04-25 10:51:09.114,0,10,10,0.00,-0.5015,0.4875,1.0949,0.8170,0.0000,-0.4848,0.4741,-84.7898
2026-04-25 10:51:09.613,0,9,10,0.00,-0.4329,0.4337,0.9899,0.6390,0.0000,-0.4176,0.4334,-85.6517
2026-04-25 10:51:10.114,0,9,10,0.00,-0.3690,0.4122,0.8760,0.4435,0.0000,-0.3645,0.3913,-85.8286
2026-04-25 10:51:10.613,0,9,10,0.00,-0.3386,0.3549,0.7964,0.2979,0.0000,-0.3345,0.3354,-83.8151
2026-04-25 10:51:11.113,0,9,10,0.00,-0.3144,0.2899,0.7201,0.1533,0.0000,-0.3083,0.2917,-82.4014
2026-04-25 10:51:11.615,0,10,10,0.00,-0.2983,0.2894,0.6422,0.0109,0.0000,-0.2964,0.3036,-84.0612
2026-04-25 10:51:12.113,0,9,10,0.00,-0.2895,0.3178,0.5771,-0.1066,0.0000,-0.2905,0.3095,-84.3919
2026-04-25 10:51:12.614,0,10,10,0.00,-0.3016,0.3042,0.4990,-0.2538,0.0000,-0.3030,0.2970,-82.8839
2026-04-25 10:51:13.113,0,9,10,0.00,-0.3059,0.2856,0.4365,-0.3727,0.0000,-0.3046,0.2954,-82.4957
2026-04-25 10:51:13.613,0,9,10,0.00,-0.2990,0.2979,0.3656,-0.5039,0.0000,-0.2969,0.3031,-83.4875
2026-04-25 10:51:14.113,0,9,10,0.00,-0.2939,0.3068,0.2942,-0.6359,0.0000,-0.3423,0.2577,-83.5744
2026-04-25 10:51:14.614,0,10,10,0.00,-0.4593,0.1660,0.2099,-0.7791,0.0000,-0.4671,0.1329,-83.5976
2026-04-25 10:51:15.114,0,10,10,0.00,-0.5041,0.0679,0.1065,-0.8818,0.0000,-0.5049,0.0951,-97.8459
2026-04-25 10:51:15.613,0,9,10,0.00,-0.4656,0.1140,-0.0123,-0.9364,0.0000,-0.4497,0.1503,-125.0128
2026-04-25 10:51:16.114,0,10,10,0.00,-0.4050,0.1784,-0.1728,-0.9572,0.0000,-0.4061,0.1939,-141.8904
2026-04-25 10:51:16.614,0,10,10,0.00,-0.3845,0.2139,-0.3226,-0.9443,0.0000,-0.3804,0.2196,-150.7446
2026-04-25 10:51:17.113,0,9,10,0.00,-0.4214,0.2486,-0.4570,-0.9124,0.0000,-0.4609,0.3645,-161.5905
2026-04-25 10:51:17.614,0,10,10,0.00,-0.5453,0.4311,-0.6717,-0.8273,0.0000,-0.6266,0.6039,-169.9311
2026-04-25 10:51:18.114,0,9,10,0.00,-0.4800,0.5202,-0.8802,-0.7232,0.0000,-0.4359,0.4689,-174.4689
2026-04-25 10:51:18.613,0,9,10,0.00,-0.3468,0.3864,-1.0751,-0.6320,0.0000,-0.3320,0.3407,-170.9775
2026-04-25 10:51:19.114,0,9,10,0.00,-0.3130,0.2813,-1.2216,-0.5693,0.0000,-0.3114,0.2886,-168.8316
2026-04-25 10:51:19.614,0,10,10,0.00,-0.3121,0.2809,-1.3688,-0.5024,0.0000,-0.3114,0.2886,-171.2405
2026-04-25 10:51:20.114,0,5,10,0.00,-0.3072,0.2905,-1.4246,-0.4754,0.0000,-0.3114,0.2886,-173.0978
2026-04-25 10:51:20.613,0,0,10,0.00,-0.3072,0.2905,-1.4246,-0.4754,0.0000,-0.0000,0.0000,-172.1569
2026-04-25 10:51:21.113,0,10,10,0.00,-0.0001,0.0001,-1.4234,-0.4761,0.0000,-0.0000,0.0000,-172.3199
2026-04-25 10:51:21.613,0,10,10,0.00,0.0000,0.0000,-1.4234,-0.4761,0.0000,-0.0000,0.0000,-172.3200
2026-04-25 10:51:22.114,0,10,10,0.00,0.0000,0.0000,-1.4234,-0.4761,0.0000,-0.0000,0.0000,-172.3173
2026-04-25 10:51:22.614,0,10,10,0.00,0.0003,-0.0003,-1.4234,-0.4761,0.0000,-0.0000,0.0000,-172.3173
2026-04-25 10:51:23.113,0,10,10,0.00,0.0003,0.0000,-1.4234,-0.4761,0.0000,-0.0000,0.0000,-172.3173
2026-04-25 10:51:23.613,0,10,10,0.00,-0.0001,-0.0001,-1.4234,-0.4761,0.0000,-0.0000,0.0000,-172.3173
2026-04-25 10:51:24.113,0,10,10,0.00,-0.0001,0.0000,-1.4234,-0.4761,0.0000,-0.0000,0.0000,-172.3173
2026-04-25 10:51:24.614,0,10,10,0.00,0.0000,0.0003,-1.4234,-0.4761,0.0000,-0.0000,0.0000,-172.3173
2026-04-25 10:51:25.113,0,18,10,0.00,0.0806,0.0397,-1.4197,-0.4778,0.0000,-0.0000,0.0000,-172.3173
2026-04-25 10:51:25.613,0,22,10,0.00,0.1247,0.1398,-1.4180,-0.4788,0.0000,-0.0000,0.0000,-162.8602
2026-04-25 10:51:26.114,0,22,10,0.00,0.1258,0.1238,-1.4178,-0.4788,0.0000,-0.0000,0.0000,-149.9460
2026-04-25 10:51:26.615,0,21,10,0.00,0.1251,0.1268,-1.4172,-0.4787,0.0000,-0.0000,0.0000,-137.2641
2026-04-25 10:51:27.113,0,21,10,0.00,0.1258,0.1257,-1.4173,-0.4788,0.0000,-0.0000,0.0000,-124.3577
2026-04-25 10:51:27.614,0,21,10,0.00,0.1257,0.1276,-1.4174,-0.4788,0.0000,-0.0000,0.0000,-111.5039
2026-04-25 10:51:28.114,0,20,10,0.00,0.1262,0.1262,-1.4179,-0.4794,0.0000,-0.0000,0.0000,-98.2024
2026-04-25 10:51:28.613,0,20,10,0.00,0.1268,0.1276,-1.4176,-0.4789,0.0000,-0.0000,0.0000,-85.7830
2026-04-25 10:51:29.113,0,20,10,0.00,0.1247,0.1250,-1.4176,-0.4789,0.0000,-0.0000,0.0000,-72.9138
2026-04-25 10:51:29.613,0,19,10,0.00,0.1254,0.1219,-1.4177,-0.4788,0.0000,-0.0000,0.0000,-60.1801
2026-04-25 10:51:30.114,0,19,10,0.00,0.1250,0.1234,-1.4177,-0.4787,0.0000,-0.0000,0.0000,-47.5964
2026-04-25 10:51:30.613,0,20,10,0.00,0.1255,0.1257,-1.4178,-0.4784,0.0000,-0.0000,0.0000,-34.9841
2026-04-25 10:51:31.114,0,15,10,0.00,0.1251,0.1274,-1.4177,-0.4785,0.0000,-0.0000,0.0000,-22.1944
2026-04-25 10:51:31.614,0,0,10,0.00,0.1251,0.1274,-1.4177,-0.4785,0.0000,-0.0000,0.0000,-13.1799
2026-04-25 10:51:32.113,0,7,10,0.00,-0.0001,0.0000,-1.4176,-0.4786,0.0000,-0.0000,0.0000,-13.9741
2026-04-25 10:51:32.613,0,10,10,0.00,0.0000,0.0001,-1.4176,-0.4786,0.0000,-0.0000,0.0000,-13.9785
2026-04-25 10:51:33.113,0,10,10,0.00,0.0000,0.0000,-1.4176,-0.4786,0.0000,-0.0000,0.0000,-13.9785
2026-04-25 10:51:33.614,0,10,10,0.00,0.0004,0.0226,-1.4160,-0.4809,0.0000,-0.0000,0.0000,-13.9785
2026-04-25 10:51:34.113,0,10,10,0.00,0.0000,0.0000,-1.4153,-0.4819,0.0000,-0.0000,0.0000,-13.9785
2026-04-25 10:51:34.614,0,10,10,0.00,-0.0001,0.0001,-1.4153,-0.4819,0.0000,-0.0000,0.0000,-13.9785
2026-04-25 10:51:35.113,0,9,10,0.00,0.0000,0.0003,-1.4153,-0.4819,0.0000,-0.0000,0.0000,-13.9785
2026-04-25 10:51:35.613,0,10,10,0.00,0.0000,0.0000,-1.4153,-0.4819,0.0000,-0.0000,0.0000,-13.9785
2026-04-25 10:51:36.113,0,9,10,0.00,-0.0001,0.0000,-1.4153,-0.4819,0.0000,-0.0000,0.0000,-13.9785
2026-04-25 10:51:36.613,0,10,10,0.00,0.0000,0.0249,-1.4146,-0.4829,0.0000,-0.0000,0.0000,-13.9785
2026-04-25 10:51:37.113,0,10,10,0.00,0.0003,0.1800,-1.3967,-0.5056,0.0000,-0.0000,0.0000,-9.8541
2026-04-25 10:51:37.614,0,10,10,0.00,-0.0068,0.0003,-1.3857,-0.5175,0.0000,-0.0000,0.0000,-3.1298
2026-04-25 10:51:38.113,0,10,10,0.00,-0.1757,0.1630,-1.3581,-0.5466,0.0000,-0.0000,0.0000,-4.5033
2026-04-25 10:51:38.613,0,10,10,0.00,-0.3257,0.3079,-1.2717,-0.6393,0.0000,-0.0000,0.0000,-4.9026
2026-04-25 10:51:39.113,0,10,10,0.00,-0.4546,0.4534,-1.1327,-0.7918,0.0000,-0.0000,0.0000,-5.9853
2026-04-25 10:51:39.613,0,10,10,0.00,-0.4325,0.4457,-0.9862,-0.9472,0.0000,-0.0000,0.0000,-4.6864
2026-04-25 10:51:40.113,0,10,10,0.00,-0.4479,0.4477,-0.8290,-1.1093,0.0000,-0.0000,0.0000,-3.9886
2026-04-25 10:51:40.613,0,9,10,0.00,-0.2659,0.2977,-0.6929,-1.2489,0.0000,-0.0000,0.0000,-3.9793
2026-04-25 10:51:41.113,0,9,10,0.00,-0.2343,0.2109,-0.6235,-1.3177,0.0000,-0.0000,0.0000,-1.9993
2026-04-25 10:51:41.613,0,9,10,0.00,-0.1029,0.2931,-0.5306,-1.4046,0.0000,-0.0000,0.0000,-1.1758
2026-04-25 10:51:42.113,0,10,10,0.00,0.0001,-0.0170,-0.5047,-1.4240,0.0000,-0.0000,0.0000,7.7118
2026-04-25 10:51:42.615,0,10,10,0.00,0.1522,-0.1051,-0.5303,-1.4072,0.0000,-0.0000,0.0000,7.7118
2026-04-25 10:51:43.114,0,10,10,0.00,0.3025,-0.3032,-0.6254,-1.3482,0.0000,-0.0000,0.0000,10.5508
2026-04-25 10:51:43.613,0,10,10,0.00,0.3511,-0.4546,-0.7796,-1.2513,0.0000,-0.0000,0.0000,10.1525
2026-04-25 10:51:44.113,0,9,10,0.00,0.4542,-0.4633,-0.9589,-1.1235,0.0000,-0.0000,0.0000,5.5816
2026-04-25 10:51:44.613,0,10,10,0.00,0.4394,-0.4384,-1.1328,-0.9932,0.0000,-0.0000,0.0000,5.6337
2026-04-25 10:51:45.113,0,10,10,0.00,0.4160,-0.4464,-1.2998,-0.8617,0.0000,-0.0000,0.0000,4.3398
2026-04-25 10:51:45.613,0,10,10,0.00,0.4398,-0.4512,-1.4639,-0.7215,0.0000,-0.0000,0.0000,1.0102
2026-04-25 10:51:46.114,0,10,10,0.00,0.3617,-0.4163,-1.6282,-0.5771,0.0000,-0.0000,0.0000,1.0562
2026-04-25 10:51:46.613,0,10,10,0.00,0.0359,-0.0518,-1.7041,-0.5071,0.0000,-0.0000,0.0000,-0.6461
2026-04-25 10:51:47.114,0,10,10,0.00,0.0000,0.0003,-1.7041,-0.5071,0.0000,-0.0000,0.0000,-1.7578
2026-04-25 10:51:47.613,0,10,10,0.00,0.0000,0.0000,-1.7041,-0.5071,0.0000,-0.0000,0.0000,-1.7578
2026-04-25 10:51:48.113,0,10,10,0.00,0.0003,0.0003,-1.7041,-0.5071,0.0000,-0.0000,0.0000,-1.7578
2026-04-25 10:51:48.613,0,10,10,0.00,0.0001,0.0000,-1.7041,-0.5071,0.0000,-0.0000,0.0000,-1.7578
2026-04-25 10:51:49.113,0,10,10,0.00,0.0001,-0.0001,-1.7041,-0.5071,0.0000,-0.0000,0.0000,-1.7578
2026-04-25 10:51:49.613,0,10,10,0.00,-0.0001,0.0001,-1.7041,-0.5071,0.0000,-0.0000,0.0000,-1.7578
2026-04-25 10:51:50.113,0,10,10,0.00,-0.0001,0.0000,-1.7041,-0.5071,0.0000,-0.0000,0.0000,-1.7578
2026-04-25 10:51:50.613,0,10,10,0.00,0.0000,0.0000,-1.7041,-0.5071,0.0000,-0.0000,0.0000,-1.7578
2026-04-25 10:51:51.113,0,10,10,0.00,0.0000,-0.0001,-1.7041,-0.5071,0.0000,-0.0000,0.0000,-1.7578
2026-04-25 10:51:51.613,0,10,10,0.00,0.0005,0.0000,-1.7041,-0.5071,0.0000,-0.0000,0.0000,-1.7578
2026-04-25 10:51:52.114,0,10,10,0.00,-0.0001,0.0001,-1.7041,-0.5071,0.0000,-0.0000,0.0000,-1.7578
2026-04-25 10:51:52.613,0,10,10,0.00,0.0003,-0.0001,-1.7041,-0.5071,0.0000,-0.0000,0.0000,-1.7578
2026-04-25 10:51:53.113,0,10,10,0.00,0.0001,0.0000,-1.7041,-0.5071,0.0000,-0.0000,0.0000,-1.7578
2026-04-25 10:51:53.614,0,10,10,0.00,0.0000,0.0000,-1.7041,-0.5071,0.0000,-0.0000,0.0000,-1.7578
2026-04-25 10:51:54.113,0,10,10,0.00,-0.0001,0.0000,-1.7041,-0.5071,0.0000,-0.0000,0.0000,2.8039
2026-04-25 10:51:54.613,0,10,10,0.00,0.0003,0.0000,-1.7041,-0.5071,0.0000,-0.0000,0.0000,2.8039
2026-04-25 10:51:55.113,0,10,10,0.00,0.0000,0.0001,-1.7041,-0.5071,0.0000,-0.0000,0.0000,2.8039
2026-04-25 10:51:55.613,0,10,10,0.00,0.0000,0.0000,-1.7041,-0.5071,0.0000,-0.0000,0.0000,2.8039
2026-04-25 10:51:56.113,0,10,10,0.00,-0.0001,0.0000,-1.7041,-0.5071,0.0000,-0.0000,0.0000,2.8039
2026-04-25 10:51:56.613,0,10,10,0.00,-0.0003,0.0001,-1.7041,-0.5071,0.0000,-0.0000,0.0000,2.8039
2026-04-25 10:51:57.114,0,10,10,0.00,0.0000,0.0001,-1.7041,-0.5071,0.0000,-0.0000,0.0000,2.8039
2026-04-25 10:51:57.613,0,10,10,0.00,0.0004,0.0000,-1.7041,-0.5071,0.0000,-0.0000,0.0000,2.8039
2026-04-25 10:51:58.113,0,10,10,0.00,0.0001,0.0000,-1.7041,-0.5071,0.0000,-0.0000,0.0000,2.8039
2026-04-25 10:51:58.613,0,10,10,0.00,0.0000,0.0001,-1.7041,-0.5071,0.0000,-0.0000,0.0000,2.8039
2026-04-25 10:51:59.114,0,10,10,0.00,-0.0001,0.0000,-1.7041,-0.5071,0.0000,-0.0000,0.0000,2.8039
2026-04-25 10:51:59.613,0,10,10,0.00,0.0000,0.0000,-1.7041,-0.5071,0.0000,-0.0000,0.0000,2.8039
2026-04-25 10:52:00.113,0,10,10,0.00,0.0003,0.0000,-1.7041,-0.5071,0.0000,-0.0000,0.0000,2.8039
2026-04-25 10:52:00.613,0,10,10,0.00,0.0001,0.0000,-1.7041,-0.5071,0.0000,-0.0000,0.0000,2.8039
2026-04-25 10:52:01.113,0,10,10,0.00,0.0000,-0.0001,-1.7041,-0.5071,0.0000,-0.0000,0.0000,1.2336
2026-04-25 10:52:01.613,0,10,10,0.00,0.0000,0.0000,-1.7041,-0.5071,0.0000,-0.0000,0.0000,1.2336
2026-04-25 10:52:02.114,0,10,10,0.00,-0.0001,0.0000,-1.7041,-0.5071,0.0000,-0.0000,0.0000,1.2336
2026-04-25 10:52:02.614,0,10,10,0.00,0.0000,-0.0001,-1.7041,-0.5071,0.0000,-0.0000,0.0000,1.2336
2026-04-25 10:52:03.113,0,10,10,0.00,-0.0001,0.0000,-1.7041,-0.5071,0.0000,-0.0000,0.0000,1.2336
2026-04-25 10:52:03.614,0,10,10,0.00,-0.0001,0.0000,-1.7041,-0.5071,0.0000,-0.0000,0.0000,1.2336
2026-04-25 10:52:04.113,0,10,10,0.00,0.0000,0.0001,-1.7041,-0.5071,0.0000,-0.0000,0.0000,1.2336
2026-04-25 10:52:04.613,0,10,10,0.00,-0.1607,0.1126,-1.6818,-0.5297,0.0000,-0.0000,0.0000,1.2336
2026-04-25 10:52:05.113,0,10,10,0.00,-0.3114,0.2821,-1.6077,-0.6103,0.0000,-0.0000,0.0000,-4.6026
2026-04-25 10:52:05.614,0,10,10,0.00,-0.4530,0.4523,-1.4815,-0.7551,0.0000,-0.0000,0.0000,-5.3212
2026-04-25 10:52:06.114,0,10,10,0.00,-0.4423,0.4574,-1.3302,-0.9280,0.0000,-0.0000,0.0000,-4.7931
2026-04-25 10:52:06.613,0,10,10,0.00,-0.4520,0.4491,-1.1819,-1.0943,0.0000,-0.0000,0.0000,-3.9102
2026-04-25 10:52:07.114,0,10,10,0.00,-0.4437,0.4402,-1.0333,-1.2617,0.0000,-0.0000,0.0000,-3.9196
2026-04-25 10:52:07.614,0,10,10,0.00,-0.4494,0.4468,-0.8850,-1.4290,0.0000,-0.0000,0.0000,-3.9387
2026-04-25 10:52:08.114,0,10,10,0.00,-0.4486,0.4495,-0.7366,-1.5963,0.0000,-0.0000,0.0000,-3.8288
2026-04-25 10:52:08.613,0,10,10,0.00,-0.1859,0.1918,-0.6266,-1.7211,0.0000,-0.0000,0.0000,-3.8998
2026-04-25 10:52:09.114,0,10,10,0.00,0.0586,-0.0593,-0.6190,-1.7297,0.0000,-0.0000,0.0000,-3.6465
2026-04-25 10:52:09.614,0,10,10,0.00,0.2189,-0.2200,-0.6669,-1.6745,0.0000,-0.0000,0.0000,-3.9469
2026-04-25 10:52:10.113,0,10,10,0.00,0.3812,-0.4063,-0.7692,-1.5543,0.0000,-0.0000,0.0000,-4.7223
2026-04-25 10:52:10.613,0,10,10,0.00,0.4502,-0.4651,-0.9107,-1.3823,0.0000,-0.0000,0.0000,-5.6249
2026-04-25 10:52:11.113,0,9,10,0.00,0.2615,-0.2910,-1.0322,-1.2312,0.0000,-0.0000,0.0000,-6.2242
2026-04-25 10:52:11.613,0,10,10,0.00,0.1717,0.0007,-1.0736,-1.1781,0.0000,-0.0000,0.0000,-8.2398
2026-04-25 10:52:12.113,0,10,10,0.00,0.3598,0.1670,-1.1140,-1.1423,0.0000,-0.0000,0.0000,3.1471
2026-04-25 10:52:12.613,0,10,10,0.00,0.4557,0.3316,-1.1508,-1.1323,0.0000,-0.0000,0.0000,33.2438
2026-04-25 10:52:13.114,0,10,10,0.00,0.4432,0.4449,-1.1587,-1.1330,0.0000,-0.0000,0.0000,74.5303
2026-04-25 10:52:13.613,0,10,10,0.00,0.4523,0.4534,-1.1586,-1.1330,0.0000,-0.0000,0.0000,120.5298
2026-04-25 10:52:14.113,0,10,10,0.00,0.4453,0.4470,-1.1601,-1.1306,0.0000,-0.0000,0.0000,166.5458
2026-04-25 10:52:14.613,0,10,10,0.00,0.4483,0.4441,-1.1580,-1.1316,0.0000,-0.0000,0.0000,-147.9226
2026-04-25 10:52:15.113,0,10,10,0.00,0.4464,0.4461,-1.1577,-1.1317,0.0000,-0.0000,0.0000,-100.7484
2026-04-25 10:52:15.613,0,10,10,0.00,0.4472,0.4324,-1.1589,-1.1332,0.0000,-0.0000,0.0000,-54.9177
2026-04-25 10:52:16.113,0,10,10,0.00,0.4475,0.4397,-1.1594,-1.1325,0.0000,-0.0000,0.0000,-9.7928
2026-04-25 10:52:16.613,0,10,10,0.00,0.4485,0.4572,-1.1605,-1.1319,0.0000,-0.0000,0.0000,36.7064
2026-04-25 10:52:17.113,0,10,10,0.00,0.4470,0.4536,-1.1592,-1.1322,0.0000,-0.0000,0.0000,81.1330
2026-04-25 10:52:17.613,0,10,10,0.00,0.4495,0.4481,-1.1595,-1.1329,0.0000,-0.0000,0.0000,126.2057
2026-04-25 10:52:18.114,0,10,10,0.00,0.4469,0.5159,-1.1608,-1.1314,0.0000,-0.0000,0.0000,171.4249
2026-04-25 10:52:18.613,0,10,10,0.00,0.4492,0.4380,-1.1607,-1.1306,0.0000,-0.0000,0.0000,-144.9254
2026-04-25 10:52:19.113,0,10,10,0.00,0.4465,0.4451,-1.1601,-1.1305,0.0000,-0.0000,0.0000,-98.7760
2026-04-25 10:52:19.613,0,10,10,0.00,0.4472,0.4435,-1.1605,-1.1327,0.0000,-0.0000,0.0000,-53.1909
2026-04-25 10:52:20.113,0,10,10,0.00,0.2645,0.3135,-1.1576,-1.1366,0.0000,-0.0000,0.0000,-9.6146
2026-04-25 10:52:20.613,0,8,10,0.00,-0.0005,-0.0088,-1.1498,-1.1430,0.0000,-0.0000,0.0000,15.6851
2026-04-25 10:52:21.114,0,10,10,0.00,-0.0003,-0.0437,-1.1609,-1.1345,0.0000,-0.0000,0.0000,13.0073
2026-04-25 10:52:21.614,0,10,10,0.00,0.0000,-0.0001,-1.1630,-1.1328,0.0000,-0.0000,0.0000,10.9539
2026-04-25 10:52:22.114,0,10,10,0.00,0.0000,0.0000,-1.1630,-1.1327,0.0000,-0.0000,0.0000,10.9539
2026-04-25 10:52:22.614,0,9,10,0.00,-0.1157,0.0576,-1.1488,-1.1448,0.0000,-0.0000,0.0000,10.9539
2026-04-25 10:52:23.113,0,10,10,0.00,-0.2825,0.2767,-1.0737,-1.2115,0.0000,-0.0000,0.0000,6.8307
2026-04-25 10:52:23.613,0,10,10,0.00,-0.4413,0.4297,-0.9383,-1.3328,0.0000,-0.0000,0.0000,4.3712
2026-04-25 10:52:24.113,0,10,10,0.00,-0.3706,0.4045,-0.7738,-1.4813,0.0000,-0.0000,0.0000,3.7370
2026-04-25 10:52:24.613,0,10,10,0.00,-0.0493,0.0576,-0.6937,-1.5505,0.0000,-0.0000,0.0000,5.8506
2026-04-25 10:52:25.113,0,10,10,0.00,0.0501,-0.0962,-0.7038,-1.5419,0.0000,-0.0000,0.0000,5.8506
2026-04-25 10:52:25.613,0,10,10,0.00,0.2026,-0.2842,-0.7636,-1.4864,0.0000,-0.0000,0.0000,4.4023
2026-04-25 10:52:26.113,0,10,10,0.00,0.3718,-0.4397,-0.8849,-1.3572,0.0000,-0.0000,0.0000,-0.6870
2026-04-25 10:52:26.615,0,10,10,0.00,0.4511,-0.4583,-1.0224,-1.1977,0.0000,-0.0000,0.0000,-2.9702
2026-04-25 10:52:27.113,0,10,10,0.00,0.4445,-0.4422,-1.1669,-1.0297,0.0000,-0.0000,0.0000,-3.2255
2026-04-25 10:52:27.613,0,10,10,0.00,0.4479,-0.3944,-1.3098,-0.8684,0.0000,-0.0000,0.0000,-2.1130
2026-04-25 10:52:28.113,0,10,10,0.00,0.4491,-0.4435,-1.4596,-0.7106,0.0000,-0.0000,0.0000,0.4419
2026-04-25 10:52:28.613,0,10,10,0.00,0.2766,-0.3172,-1.5967,-0.5672,0.0000,-0.0000,0.0000,0.0797
2026-04-25 10:52:29.113,0,10,10,0.00,-0.0003,0.0007,-1.6327,-0.5274,0.0000,-0.0000,0.0000,-1.9294
2026-04-25 10:52:29.613,0,10,10,0.00,0.0088,0.0000,-1.6382,-0.5215,0.0000,-0.0000,0.0000,-1.9294
2026-04-25 10:52:30.114,0,10,10,0.00,0.0000,0.0186,-1.6342,-0.5255,0.0000,-0.0000,0.0000,-0.4287
2026-04-25 10:52:30.614,0,10,10,0.00,0.0001,0.0003,-1.6340,-0.5258,0.0000,-0.0000,0.0000,-0.4287
2026-04-25 10:52:31.113,0,10,10,0.00,-0.0001,0.0000,-1.6340,-0.5258,0.0000,-0.0000,0.0000,-0.4287
2026-04-25 10:52:31.614,0,10,10,0.00,-0.0003,-0.0001,-1.6340,-0.5258,0.0000,-0.0000,0.0000,-0.4287
2026-04-25 10:52:32.113,0,10,10,0.00,0.0000,0.0000,-1.6340,-0.5258,0.0000,-0.0000,0.0000,-0.4287
2026-04-25 10:52:32.613,0,10,10,0.00,0.0000,0.0000,-1.6340,-0.5258,0.0000,-0.0000,0.0000,-0.4287
2026-04-25 10:52:33.113,0,10,10,0.00,-0.0001,0.0000,-1.6340,-0.5258,0.0000,-0.0000,0.0000,-0.4287
2026-04-25 10:52:33.613,0,10,10,0.00,0.0000,0.0000,-1.6340,-0.5258,0.0000,-0.0000,0.0000,-0.4287
2026-04-25 10:52:34.113,0,10,10,0.00,0.0000,0.0000,-1.6340,-0.5258,0.0000,-0.0000,0.0000,-0.4287
2026-04-25 10:52:34.613,0,10,10,0.00,0.0000,0.0000,-1.6340,-0.5258,0.0000,-0.0000,0.0000,-0.4287
2026-04-25 10:52:35.113,0,10,10,0.00,0.0000,-0.0004,-1.6340,-0.5258,0.0000,-0.0000,0.0000,-0.4287
2026-04-25 10:52:35.614,0,10,10,0.00,0.0001,0.0000,-1.6340,-0.5258,0.0000,-0.0000,0.0000,-0.4287
2026-04-25 10:52:36.113,0,10,10,0.00,0.0000,0.0000,-1.6340,-0.5258,0.0000,-0.0000,0.0000,-0.4287
2026-04-25 10:52:36.614,0,10,10,0.00,0.0000,0.0003,-1.6340,-0.5258,0.0000,-0.0000,0.0000,-0.4287
2026-04-25 10:52:37.114,0,10,10,0.00,0.0000,0.0000,-1.6340,-0.5258,0.0000,-0.0000,0.0000,-0.4287
2026-04-25 10:52:37.613,0,10,10,0.00,0.0000,-0.0001,-1.6340,-0.5258,0.0000,-0.0000,0.0000,-0.4287
2026-04-25 10:52:38.115,0,10,10,0.00,-0.0001,0.0000,-1.6340,-0.5258,0.0000,-0.0000,0.0000,-0.4287
2026-04-25 10:52:38.613,0,10,10,0.00,0.0001,0.0000,-1.6340,-0.5258,0.0000,-0.0000,0.0000,-0.4287
2026-04-25 10:52:39.114,0,10,10,0.00,0.0003,-0.0004,-1.6340,-0.5258,0.0000,-0.0000,0.0000,-0.4287
2026-04-25 10:52:39.613,0,10,10,0.00,0.0000,0.0000,-1.6340,-0.5258,0.0000,-0.0000,0.0000,-0.4287
2026-04-25 10:52:40.113,0,10,10,0.00,0.0000,0.0003,-1.6340,-0.5258,0.0000,-0.0000,0.0000,-0.4287
2026-04-25 10:52:40.613,0,10,10,0.00,0.0000,0.0000,-1.6340,-0.5258,0.0000,-0.0000,0.0000,-0.4287
2026-04-25 10:52:41.113,0,10,10,0.00,0.0001,0.0000,-1.6340,-0.5258,0.0000,-0.0000,0.0000,-0.4287
2026-04-25 10:52:41.613,0,10,10,0.00,0.0003,0.0000,-1.6340,-0.5258,0.0000,-0.0000,0.0000,-0.4287
2026-04-25 10:52:42.113,0,10,10,0.00,0.0000,0.0000,-1.6340,-0.5258,0.0000,-0.0000,0.0000,-0.4287
2026-04-25 10:52:42.613,0,10,10,0.00,0.0003,0.0000,-1.6340,-0.5258,0.0000,-0.0000,0.0000,-0.4287
2026-04-25 10:52:43.113,0,10,10,0.00,-0.0003,0.0000,-1.6340,-0.5258,0.0000,-0.0000,0.0000,-0.4287
2026-04-25 10:52:43.613,0,10,10,0.00,0.0000,0.0000,-1.6340,-0.5258,0.0000,-0.0000,0.0000,-0.4287
2026-04-25 10:52:44.113,0,10,10,0.00,0.0004,0.0004,-1.6340,-0.5258,0.0000,-0.0000,0.0000,-0.4287
2026-04-25 10:52:44.614,0,10,10,0.00,-0.0001,0.0000,-1.6340,-0.5258,0.0000,-0.0000,0.0000,-0.4287
2026-04-25 10:52:45.113,0,10,10,0.00,0.0000,0.0000,-1.6340,-0.5258,0.0000,-0.0000,0.0000,-0.4287
2026-04-25 10:52:45.613,0,10,10,0.00,0.0000,0.0000,-1.6340,-0.5258,0.0000,-0.0000,0.0000,-0.4287
2026-04-25 10:52:46.113,0,10,10,0.00,0.0000,0.0000,-1.6340,-0.5258,0.0000,-0.0000,0.0000,-0.4287
2026-04-25 10:52:46.614,0,10,10,0.00,0.0000,0.0000,-1.6340,-0.5258,0.0000,-0.0000,0.0000,-0.4287
2026-04-25 10:52:47.113,0,10,10,0.00,0.0001,0.0000,-1.6340,-0.5258,0.0000,-0.0000,0.0000,-0.4287
2026-04-25 10:52:47.614,0,10,10,0.00,0.0003,0.0000,-1.6340,-0.5258,0.0000,-0.0000,0.0000,-0.4287
2026-04-25 10:52:48.113,0,10,10,0.00,-0.0001,0.0001,-1.6340,-0.5258,0.0000,-0.0000,0.0000,-0.4287
2026-04-25 10:52:48.614,0,10,10,0.00,0.0001,0.0001,-1.6340,-0.5258,0.0000,-0.0000,0.0000,-0.4287
2026-04-25 10:52:49.114,0,10,10,0.00,0.0004,0.0000,-1.6340,-0.5258,0.0000,-0.0000,0.0000,-0.4287
2026-04-25 10:52:49.614,0,10,10,0.00,0.0001,0.0001,-1.6340,-0.5258,0.0000,-0.0000,0.0000,-0.4287
2026-04-25 10:52:50.113,0,10,10,0.00,0.0000,0.0000,-1.6340,-0.5258,0.0000,-0.0000,0.0000,-0.4287
2026-04-25 10:52:50.614,0,10,10,0.00,0.0003,-0.0003,-1.6340,-0.5258,0.0000,-0.0000,0.0000,-0.4287
2026-04-25 10:52:51.113,0,10,10,0.00,0.0001,0.0000,-1.6340,-0.5258,0.0000,-0.0000,0.0000,-0.4287
2026-04-25 10:52:51.613,0,10,10,0.00,0.0001,0.0000,-1.6340,-0.5258,0.0000,-0.0000,0.0000,-0.4287
2026-04-25 10:52:52.113,0,10,10,0.00,0.0000,0.0003,-1.6340,-0.5258,0.0000,-0.0000,0.0000,-0.4287
2026-04-25 10:52:52.613,0,10,10,0.00,0.0000,0.0000,-1.6340,-0.5258,0.0000,-0.0000,0.0000,-0.4287
2026-04-25 10:52:53.114,0,10,10,0.00,0.0003,0.0000,-1.6340,-0.5258,0.0000,-0.0000,0.0000,-0.4287
2026-04-25 10:52:53.614,0,10,10,0.00,0.0000,0.0000,-1.6340,-0.5258,0.0000,-0.0000,0.0000,-0.4287
2026-04-25 10:52:54.113,0,10,10,0.00,0.0000,-0.0001,-1.6340,-0.5258,0.0000,-0.0000,0.0000,-0.4287
2026-04-25 10:52:54.614,0,10,10,0.00,0.0000,0.0001,-1.6340,-0.5258,0.0000,-0.0000,0.0000,-0.4287
2026-04-25 10:52:55.113,0,10,10,0.00,-0.0001,0.0000,-1.6340,-0.5258,0.0000,-0.0000,0.0000,-0.4287
2026-04-25 10:52:55.613,0,10,10,0.00,0.0000,-0.0001,-1.6340,-0.5258,0.0000,-0.0000,0.0000,-0.4287
2026-04-25 10:52:56.113,0,10,10,0.00,0.0001,-0.0001,-1.6340,-0.5258,0.0000,-0.0000,0.0000,-0.4287
2026-04-25 10:52:56.613,0,10,10,0.00,-0.0003,0.0001,-1.6340,-0.5258,0.0000,-0.0000,0.0000,-0.4287
2026-04-25 10:52:57.113,0,10,10,0.00,0.0001,0.0000,-1.6340,-0.5258,0.0000,-0.0000,0.0000,-0.4287
2026-04-25 10:52:57.614,0,10,10,0.00,0.0001,0.0000,-1.6340,-0.5258,0.0000,-0.0000,0.0000,-0.4287
2026-04-25 10:52:58.113,0,10,10,0.00,-0.0001,0.0000,-1.6340,-0.5258,0.0000,-0.0000,0.0000,-0.4287
2026-04-25 10:52:58.613,0,10,10,0.00,-0.0001,-0.0001,-1.6340,-0.5258,0.0000,-0.0000,0.0000,-0.4287
2026-04-25 10:52:59.113,0,10,10,0.00,0.0000,-0.0001,-1.6340,-0.5258,0.0000,-0.0000,0.0000,-0.4287
2026-04-25 10:52:59.614,0,10,10,0.00,0.0000,0.0000,-1.6340,-0.5258,0.0000,-0.0000,0.0000,-0.4287
2026-04-25 10:53:00.113,0,10,10,0.00,-0.0001,0.0000,-1.6340,-0.5258,0.0000,-0.0000,0.0000,-0.4287
2026-04-25 10:53:00.613,0,10,10,0.00,-0.0001,0.0000,-1.6340,-0.5258,0.0000,-0.0000,0.0000,-0.4287
2026-04-25 10:53:01.114,0,10,10,0.00,0.0001,0.0001,-1.6340,-0.5258,0.0000,-0.0000,0.0000,-0.4287
2026-04-25 10:53:01.613,0,10,10,0.00,0.0001,-0.0003,-1.6340,-0.5258,0.0000,-0.0000,0.0000,-0.4287
2026-04-25 10:53:02.114,0,10,10,0.00,0.0003,0.0001,-1.6340,-0.5258,0.0000,-0.0000,0.0000,-0.4287
2026-04-25 10:53:02.613,0,10,10,0.00,-0.0001,0.0001,-1.6340,-0.5258,0.0000,-0.0000,0.0000,-0.4287
2026-04-25 10:53:03.113,0,10,10,0.00,0.0003,0.0004,-1.6340,-0.5258,0.0000,-0.0000,0.0000,-0.4287
2026-04-25 10:53:03.614,0,10,10,0.00,0.0000,0.0001,-1.6340,-0.5258,0.0000,-0.0000,0.0000,-0.4287
2026-04-25 10:53:04.113,0,10,10,0.00,0.0000,0.0003,-1.6340,-0.5258,0.0000,-0.0000,0.0000,-0.4287
2026-04-25 10:53:04.613,0,10,10,0.00,0.0000,0.0000,-1.6340,-0.5258,0.0000,-0.0000,0.0000,-0.4287
2026-04-25 10:53:05.114,0,10,10,0.00,0.0000,0.0001,-1.6340,-0.5258,0.0000,-0.0000,0.0000,-0.4287
2026-04-25 10:53:05.613,0,10,10,0.00,0.0007,0.0000,-1.6340,-0.5258,0.0000,-0.0000,0.0000,-0.4287
2026-04-25 10:53:06.114,0,10,10,0.00,0.0001,0.0000,-1.6340,-0.5258,0.0000,-0.0000,0.0000,-0.4287
2026-04-25 10:53:06.613,0,10,10,0.00,-0.0004,-0.0001,-1.6340,-0.5258,0.0000,-0.0000,0.0000,-0.4287
2026-04-25 10:53:07.114,0,10,10,0.00,-0.0003,-0.0005,-1.6340,-0.5258,0.0000,-0.0000,0.0000,-0.4287
2026-04-25 10:53:07.614,0,10,10,0.00,0.0000,-0.0003,-1.6340,-0.5258,0.0000,-0.0000,0.0000,-0.4287
2026-04-25 10:53:08.113,0,10,10,0.00,0.0000,0.0000,-1.6340,-0.5258,0.0000,-0.0000,0.0000,-0.4287
2026-04-25 10:53:08.613,0,10,10,0.00,0.0000,0.0000,-1.6340,-0.5258,0.0000,-0.0000,0.0000,-0.4287
2026-04-25 10:53:09.113,0,10,10,0.00,-0.0001,0.0001,-1.6340,-0.5258,0.0000,-0.0000,0.0000,-0.4287
2026-04-25 10:53:09.613,0,10,10,0.00,0.0003,0.0000,-1.6340,-0.5258,0.0000,-0.0000,0.0000,-0.4287
2026-04-25 10:53:10.117,0,10,10,0.00,0.0001,0.0001,-1.6340,-0.5258,0.0000,-0.0000,0.0000,-0.4287
2026-04-25 10:53:10.614,0,10,10,0.00,-0.0001,-0.0001,-1.6340,-0.5258,0.0000,-0.0000,0.0000,-0.4287
2026-04-25 10:53:11.113,0,10,10,0.00,0.0000,0.0000,-1.6340,-0.5258,0.0000,-0.0000,0.0000,-0.4287
2026-04-25 10:53:11.614,0,10,10,0.00,0.0000,0.0000,-1.6340,-0.5258,0.0000,-0.0000,0.0000,-0.4287
2026-04-25 10:53:12.114,0,10,10,0.00,0.0005,0.0000,-1.6340,-0.5258,0.0000,-0.0000,0.0000,-0.4287
2026-04-25 10:53:12.613,0,10,10,0.00,0.0000,0.0000,-1.6340,-0.5258,0.0000,-0.0000,0.0000,-0.4287
2026-04-25 10:53:13.114,0,10,10,0.00,0.0003,0.0000,-1.6340,-0.5258,0.0000,-0.0000,0.0000,-0.4287
2026-04-25 10:53:13.613,0,10,10,0.00,-0.0001,0.0000,-1.6340,-0.5258,0.0000,-0.0000,0.0000,-0.4287
2026-04-25 10:53:14.113,0,10,10,0.00,0.0000,-0.0001,-1.6340,-0.5258,0.0000,-0.0000,0.0000,-0.4287
2026-04-25 10:53:14.614,0,10,10,0.00,0.0000,0.0001,-1.6340,-0.5258,0.0000,-0.0000,0.0000,-0.4287
2026-04-25 10:53:15.113,0,10,10,0.00,0.0001,0.0000,-1.6340,-0.5258,0.0000,-0.0000,0.0000,-0.4287
2026-04-25 10:53:15.613,0,10,10,0.00,-0.0003,0.0000,-1.6340,-0.5258,0.0000,-0.0000,0.0000,-0.4287
2026-04-25 10:53:16.113,0,10,10,0.00,0.0000,-0.0001,-1.6340,-0.5258,0.0000,-0.0000,0.0000,-0.4287
2026-04-25 10:53:16.614,0,10,10,0.00,0.0003,0.0001,-1.6340,-0.5258,0.0000,-0.0000,0.0000,-0.4287
2026-04-25 10:53:17.113,0,10,10,0.00,0.0001,-0.0001,-1.6340,-0.5258,0.0000,-0.0000,0.0000,-0.4287
2026-04-25 10:53:17.614,0,10,10,0.00,0.0000,0.0000,-1.6340,-0.5258,0.0000,-0.0000,0.0000,-0.4287
2026-04-25 10:53:18.113,0,10,10,0.00,-0.0003,0.0000,-1.6340,-0.5258,0.0000,-0.0000,0.0000,-0.4287
2026-04-25 10:53:18.613,0,10,10,0.00,0.0000,0.0001,-1.6340,-0.5258,0.0000,-0.0000,0.0000,-0.4287
2026-04-25 10:53:19.113,0,10,10,0.00,0.0000,0.0000,-1.6340,-0.5258,0.0000,-0.0000,0.0000,-0.4287
2026-04-25 10:53:19.613,0,10,10,0.00,0.0000,-0.0005,-1.6340,-0.5258,0.0000,-0.0000,0.0000,-0.4287
2026-04-25 10:53:20.114,0,10,10,0.00,0.0003,0.0000,-1.6340,-0.5258,0.0000,-0.0000,0.0000,-0.4287
2026-04-25 10:53:20.615,0,10,10,0.00,0.0003,0.0001,-1.6340,-0.5258,0.0000,-0.0000,0.0000,-0.4287
2026-04-25 10:53:21.113,0,10,10,0.00,0.0000,0.0004,-1.6340,-0.5258,0.0000,-0.0000,0.0000,-0.4287
2026-04-25 10:53:21.613,0,10,10,0.00,-0.0001,0.0000,-1.6340,-0.5258,0.0000,-0.0000,0.0000,-0.4287
2026-04-25 10:53:22.113,0,10,10,0.00,0.0001,0.0001,-1.6340,-0.5258,0.0000,-0.0000,0.0000,-0.4287
2026-04-25 10:53:22.613,0,10,10,0.00,0.0000,-0.0001,-1.6340,-0.5258,0.0000,-0.0000,0.0000,-0.4287
2026-04-25 10:53:23.113,0,10,10,0.00,0.0000,0.0000,-1.6340,-0.5258,0.0000,-0.0000,0.0000,-0.4287
2026-04-25 10:53:23.613,0,10,10,0.00,0.0000,0.0000,-1.6340,-0.5258,0.0000,-0.0000,0.0000,-0.4287
2026-04-25 10:53:24.113,0,10,10,0.00,-0.0001,0.0001,-1.6340,-0.5258,0.0000,-0.0000,0.0000,-0.4287
2026-04-25 10:53:24.614,0,10,10,0.00,0.0001,0.0001,-1.6340,-0.5258,0.0000,-0.0000,0.0000,-0.4287
2026-04-25 10:53:25.113,0,10,10,0.00,-0.0003,-0.0001,-1.6340,-0.5258,0.0000,-0.0000,0.0000,-0.4287
2026-04-25 10:53:25.614,0,10,10,0.00,0.0000,-0.0001,-1.6340,-0.5258,0.0000,-0.0000,0.0000,-0.4287
2026-04-25 10:53:26.114,0,10,10,0.00,0.0000,0.0003,-1.6340,-0.5258,0.0000,-0.0000,0.0000,-0.4287
2026-04-25 10:53:26.614,0,10,10,0.00,-0.0001,0.0001,-1.6340,-0.5258,0.0000,-0.0000,0.0000,-0.4287
2026-04-25 10:53:27.114,0,10,10,0.00,-0.0003,0.0001,-1.6340,-0.5258,0.0000,-0.0000,0.0000,-0.4287
2026-04-25 10:53:27.614,0,10,10,0.00,-0.0001,0.0000,-1.6340,-0.5258,0.0000,-0.0000,0.0000,-0.4287
2026-04-25 10:53:28.113,0,10,10,0.00,0.0001,0.0000,-1.6340,-0.5258,0.0000,-0.0000,0.0000,-0.4287
2026-04-25 10:53:28.613,0,10,10,0.00,0.0001,-0.0003,-1.6340,-0.5258,0.0000,-0.0000,0.0000,-0.4287
2026-04-25 10:53:29.113,0,10,10,0.00,0.0003,0.0000,-1.6340,-0.5258,0.0000,-0.0000,0.0000,-0.4287
2026-04-25 10:53:29.613,0,10,10,0.00,0.0001,0.0001,-1.6340,-0.5258,0.0000,-0.0000,0.0000,-0.4287
2026-04-25 10:53:30.113,0,10,10,0.00,0.0000,0.0000,-1.6340,-0.5258,0.0000,-0.0000,0.0000,-0.4287
2026-04-25 10:53:30.613,0,10,10,0.00,-0.0004,0.0000,-1.6340,-0.5258,0.0000,-0.0000,0.0000,-0.4287
2026-04-25 10:53:31.113,0,10,10,0.00,0.0003,0.0001,-1.6340,-0.5258,0.0000,-0.0000,0.0000,-0.4287
2026-04-25 10:53:31.613,0,10,10,0.00,0.0004,0.0001,-1.6340,-0.5258,0.0000,-0.0000,0.0000,-0.4287
2026-04-25 10:53:32.113,0,10,10,0.00,0.0001,0.0000,-1.6340,-0.5258,0.0000,-0.0000,0.0000,-0.4287
2026-04-25 10:53:32.613,0,10,10,0.00,-0.0003,-0.0001,-1.6340,-0.5258,0.0000,-0.0000,0.0000,-0.4287
2026-04-25 10:53:33.113,0,10,10,0.00,0.0000,-0.0004,-1.6340,-0.5258,0.0000,-0.0000,0.0000,-0.4287
2026-04-25 10:53:33.614,0,10,10,0.00,-0.0001,0.0001,-1.6340,-0.5258,0.0000,-0.0000,0.0000,-0.4287
2026-04-25 10:53:34.113,0,10,10,0.00,-0.0001,0.0001,-1.6340,-0.5258,0.0000,-0.0000,0.0000,-0.4287
2026-04-25 10:53:34.613,0,10,10,0.00,0.0003,-0.0001,-1.6340,-0.5258,0.0000,-0.0000,0.0000,-0.4287
2026-04-25 10:53:35.113,0,10,10,0.00,0.0000,0.0001,-1.6340,-0.5258,0.0000,-0.0000,0.0000,-0.4287
2026-04-25 10:53:35.613,0,10,10,0.00,0.0000,-0.0005,-1.6340,-0.5258,0.0000,-0.0000,0.0000,-0.4287
2026-04-25 10:53:36.113,0,10,10,0.00,0.0000,0.0000,-1.6340,-0.5258,0.0000,-0.0000,0.0000,-0.4287
2026-04-25 10:53:36.613,0,10,10,0.00,0.0000,-0.0003,-1.6340,-0.5258,0.0000,-0.0000,0.0000,-0.4287
2026-04-25 10:53:37.113,0,10,10,0.00,-0.0001,0.0003,-1.6340,-0.5258,0.0000,-0.0000,0.0000,-0.4287
2026-04-25 10:53:37.614,0,10,10,0.00,0.0000,0.0003,-1.6340,-0.5258,0.0000,-0.0000,0.0000,-0.4287
2026-04-25 10:53:38.113,0,10,10,0.00,-0.0001,0.0000,-1.6340,-0.5258,0.0000,-0.0000,0.0000,-0.4287
2026-04-25 10:53:38.613,0,10,10,0.00,0.0000,0.0003,-1.6340,-0.5258,0.0000,-0.0000,0.0000,-0.4287
2026-04-25 10:53:39.113,0,10,10,0.00,0.0000,0.0000,-1.6340,-0.5258,0.0000,-0.0000,0.0000,-0.4287
2026-04-25 10:53:39.613,0,10,10,0.00,0.0001,0.0001,-1.6340,-0.5258,0.0000,-0.0000,0.0000,-0.4287
2026-04-25 10:53:40.113,0,10,10,0.00,0.0000,0.0001,-1.6340,-0.5258,0.0000,-0.0000,0.0000,-0.4287
2026-04-25 10:53:40.613,0,10,10,0.00,0.0000,-0.0001,-1.6340,-0.5258,0.0000,-0.0000,0.0000,-0.4287
2026-04-25 10:53:41.113,0,10,10,0.00,-0.0001,0.0001,-1.6340,-0.5258,0.0000,-0.0000,0.0000,-0.4287
2026-04-25 10:53:41.613,0,10,10,0.00,0.0000,-0.0003,-1.6340,-0.5258,0.0000,-0.0000,0.0000,-0.4287
2026-04-25 10:53:42.113,0,10,10,0.00,0.0000,0.0005,-1.6340,-0.5258,0.0000,-0.0000,0.0000,-0.4287
2026-04-25 10:53:42.613,0,10,10,0.00,0.0001,0.0001,-1.6340,-0.5258,0.0000,-0.0000,0.0000,-0.4287
2026-04-25 10:53:43.113,0,10,10,0.00,-0.0001,0.0000,-1.6340,-0.5258,0.0000,-0.0000,0.0000,-0.4287
2026-04-25 10:53:43.613,0,10,10,0.00,0.0004,0.0000,-1.6340,-0.5258,0.0000,-0.0000,0.0000,-0.4287
2026-04-25 10:53:44.113,0,10,10,0.00,-0.0005,0.0001,-1.6340,-0.5258,0.0000,-0.0000,0.0000,-0.4287
2026-04-25 10:53:44.613,0,10,10,0.00,0.0000,-0.0001,-1.6340,-0.5258,0.0000,-0.0000,0.0000,-0.4287
2026-04-25 10:53:45.113,0,10,10,0.00,0.0001,-0.0001,-1.6340,-0.5258,0.0000,-0.0000,0.0000,-0.4287
2026-04-25 10:53:45.614,0,10,10,0.00,0.0003,0.0001,-1.6340,-0.5258,0.0000,-0.0000,0.0000,-0.4287
2026-04-25 10:53:46.113,0,10,10,0.00,0.0000,0.0000,-1.6340,-0.5258,0.0000,-0.0000,0.0000,-0.4287
2026-04-25 10:53:46.613,0,10,10,0.00,-0.0001,0.0000,-1.6340,-0.5258,0.0000,-0.0000,0.0000,-0.4287
2026-04-25 10:53:47.113,0,10,10,0.00,0.0000,-0.0001,-1.6340,-0.5258,0.0000,-0.0000,0.0000,-0.4287
2026-04-25 10:53:47.613,0,10,10,0.00,0.0000,0.0000,-1.6340,-0.5258,0.0000,-0.0000,0.0000,-0.4287
2026-04-25 10:53:48.113,0,10,10,0.00,-0.0004,0.0000,-1.6340,-0.5258,0.0000,-0.0000,0.0000,-0.4287
2026-04-25 10:53:48.613,0,10,10,0.00,0.0000,-0.0003,-1.6340,-0.5258,0.0000,-0.0000,0.0000,-0.4287
2026-04-25 10:53:49.113,0,10,10,0.00,0.0001,0.0000,-1.6340,-0.5258,0.0000,-0.0000,0.0000,-0.4287
2026-04-25 10:53:49.613,0,10,10,0.00,0.0000,0.0000,-1.6340,-0.5258,0.0000,-0.0000,0.0000,-0.4287
2026-04-25 10:53:50.113,0,10,10,0.00,0.0000,-0.0001,-1.6340,-0.5258,0.0000,-0.0000,0.0000,-0.4287
2026-04-25 10:53:50.613,0,10,10,0.00,0.0001,-0.0001,-1.6340,-0.5258,0.0000,-0.0000,0.0000,-0.4287
2026-04-25 10:53:51.115,0,10,10,0.00,-0.0001,0.0000,-1.6340,-0.5258,0.0000,-0.0000,0.0000,-0.4287
2026-04-25 10:53:51.613,0,10,10,0.00,0.0000,0.0000,-1.6340,-0.5258,0.0000,-0.0000,0.0000,-0.4287
2026-04-25 10:53:52.113,0,10,10,0.00,0.0000,0.0004,-1.6340,-0.5258,0.0000,-0.0000,0.0000,-0.4287
2026-04-25 10:53:52.613,0,10,10,0.00,0.0000,-0.0004,-1.6340,-0.5258,0.0000,-0.0000,0.0000,-0.4287
2026-04-25 10:53:53.113,0,10,10,0.00,0.0000,0.0000,-1.6340,-0.5258,0.0000,-0.0000,0.0000,-0.4287
2026-04-25 10:53:53.614,0,10,10,0.00,0.0000,0.0000,-1.6340,-0.5258,0.0000,-0.0000,0.0000,-0.4287
2026-04-25 10:53:54.114,0,10,10,0.00,0.0000,0.0000,-1.6340,-0.5258,0.0000,-0.0000,0.0000,-0.4287
2026-04-25 10:53:54.614,0,10,10,0.00,0.0001,-0.0001,-1.6340,-0.5258,0.0000,-0.0000,0.0000,-0.4287
2026-04-25 10:53:55.113,0,10,10,0.00,0.0000,0.0003,-1.6340,-0.5258,0.0000,-0.0000,0.0000,-0.4287
2026-04-25 10:53:55.613,0,10,10,0.00,0.0001,0.0000,-1.6340,-0.5258,0.0000,-0.0000,0.0000,-0.4287
2026-04-25 10:53:56.113,0,10,10,0.00,0.0000,0.0001,-1.6340,-0.5258,0.0000,-0.0000,0.0000,-0.4287
2026-04-25 10:53:56.613,0,10,10,0.00,-0.0001,0.0000,-1.6340,-0.5258,0.0000,-0.0000,0.0000,-0.4287
2026-04-25 10:53:57.113,0,10,10,0.00,0.0000,-0.0001,-1.6340,-0.5258,0.0000,-0.0000,0.0000,-0.4287
2026-04-25 10:53:57.613,0,10,10,0.00,-0.0001,-0.0001,-1.6340,-0.5258,0.0000,-0.0000,0.0000,-0.4287
2026-04-25 10:53:58.113,0,10,10,0.00,-0.0003,0.0000,-1.6340,-0.5258,0.0000,-0.0000,0.0000,-0.4287
2026-04-25 10:53:58.613,0,10,10,0.00,0.0000,0.0000,-1.6340,-0.5258,0.0000,-0.0000,0.0000,-0.4287
2026-04-25 10:53:59.113,0,10,10,0.00,0.0000,0.0000,-1.6340,-0.5258,0.0000,-0.0000,0.0000,-0.4287
2026-04-25 10:53:59.613,0,10,10,0.00,0.0003,0.0000,-1.6340,-0.5258,0.0000,-0.0000,0.0000,-0.4287
2026-04-25 10:54:00.113,0,10,10,0.00,0.0000,-0.0001,-1.6340,-0.5258,0.0000,-0.0000,0.0000,-0.4287
2026-04-25 10:54:00.613,0,10,10,0.00,0.0000,0.0000,-1.6340,-0.5258,0.0000,-0.0000,0.0000,-0.4287
2026-04-25 10:54:01.113,0,10,10,0.00,0.0000,0.0003,-1.6340,-0.5258,0.0000,-0.0000,0.0000,-0.4287
2026-04-25 10:54:01.613,0,10,10,0.00,0.0000,-0.0001,-1.6340,-0.5258,0.0000,-0.0000,0.0000,-0.4287
2026-04-25 10:54:02.114,0,10,10,0.00,-0.0001,0.0000,-1.6340,-0.5258,0.0000,-0.0000,0.0000,-0.4287
2026-04-25 10:54:02.614,0,10,10,0.00,0.0001,-0.0001,-1.6340,-0.5258,0.0000,-0.0000,0.0000,-0.4287
2026-04-25 10:54:03.113,0,10,10,0.00,0.0000,0.0000,-1.6340,-0.5258,0.0000,-0.0000,0.0000,-0.4287
2026-04-25 10:54:03.613,0,10,10,0.00,0.0000,0.0000,-1.6340,-0.5258,0.0000,-0.0000,0.0000,-0.4287
2026-04-25 10:54:04.114,0,10,10,0.00,-0.0001,0.0000,-1.6340,-0.5258,0.0000,-0.0000,0.0000,-0.4287
2026-04-25 10:54:04.613,0,10,10,0.00,-0.0001,0.0000,-1.6340,-0.5258,0.0000,-0.0000,0.0000,-0.4287
2026-04-25 10:54:05.113,0,10,10,0.00,-0.0001,0.0000,-1.6340,-0.5258,0.0000,-0.0000,0.0000,-0.4287
2026-04-25 10:54:05.613,0,10,10,0.00,0.0000,-0.0001,-1.6340,-0.5258,0.0000,-0.0000,0.0000,-0.4287
2026-04-25 10:54:06.114,0,10,10,0.00,0.0001,0.0000,-1.6340,-0.5258,0.0000,-0.0000,0.0000,-0.4287
2026-04-25 10:54:06.613,0,10,10,0.00,0.0000,-0.0001,-1.6340,-0.5258,0.0000,-0.0000,0.0000,-0.4287
2026-04-25 10:54:07.114,0,10,10,0.00,0.0000,0.0001,-1.6340,-0.5258,0.0000,-0.0000,0.0000,-0.4287
2026-04-25 10:54:07.614,0,10,10,0.00,-0.0001,0.0000,-1.6340,-0.5258,0.0000,-0.0000,0.0000,-0.4287
2026-04-25 10:54:08.113,0,10,10,0.00,-0.0001,0.0000,-1.6340,-0.5258,0.0000,-0.0000,0.0000,-0.4287
2026-04-25 10:54:08.613,0,10,10,0.00,0.0000,0.0000,-1.6340,-0.5258,0.0000,-0.0000,0.0000,-0.4287
2026-04-25 10:54:09.113,0,10,10,0.00,0.0001,0.0000,-1.6340,-0.5258,0.0000,-0.0000,0.0000,-0.4287
2026-04-25 10:54:09.613,0,10,10,0.00,0.0000,0.0000,-1.6340,-0.5258,0.0000,-0.0000,0.0000,-0.4287
2026-04-25 10:54:10.113,0,10,10,0.00,0.0000,0.0001,-1.6340,-0.5258,0.0000,-0.0000,0.0000,-0.4287
2026-04-25 10:54:10.614,0,10,10,0.00,-0.0001,-0.0003,-1.6340,-0.5258,0.0000,-0.0000,0.0000,-0.4287
2026-04-25 10:54:11.114,0,10,10,0.00,0.0000,0.0000,-1.6340,-0.5258,0.0000,-0.0000,0.0000,-0.4287
2026-04-25 10:54:11.615,0,10,10,0.00,0.0000,0.0000,-1.6340,-0.5258,0.0000,-0.0000,0.0000,-0.4287
2026-04-25 10:54:12.115,0,10,10,0.00,0.0000,0.0000,-1.6340,-0.5258,0.0000,-0.0000,0.0000,-0.4287
2026-04-25 10:54:12.613,0,10,10,0.00,0.0000,0.0000,-1.6340,-0.5258,0.0000,-0.0000,0.0000,-0.4287
2026-04-25 10:54:13.113,0,10,10,0.00,0.0000,0.0000,-1.6340,-0.5258,0.0000,-0.0000,0.0000,-0.4287
2026-04-25 10:54:13.613,0,10,10,0.00,-0.0001,0.0000,-1.6340,-0.5258,0.0000,-0.0000,0.0000,-0.4287
2026-04-25 10:54:14.114,0,10,10,0.00,0.0001,0.0000,-1.6340,-0.5258,0.0000,-0.0000,0.0000,-0.4287
2026-04-25 10:54:14.613,0,10,10,0.00,0.0000,0.0000,-1.6340,-0.5258,0.0000,-0.0000,0.0000,-0.4287
2026-04-25 10:54:15.113,0,10,10,0.00,-0.0001,-0.0001,-1.6340,-0.5258,0.0000,-0.0000,0.0000,-0.4287
2026-04-25 10:54:15.614,0,10,10,0.00,0.0000,-0.0001,-1.6340,-0.5258,0.0000,-0.0000,0.0000,-0.4287
2026-04-25 10:54:16.115,0,10,10,0.00,0.0000,0.0000,-1.6340,-0.5258,0.0000,-0.0000,0.0000,-0.4287
2026-04-25 10:54:16.615,0,10,10,0.00,0.0000,0.0000,-1.6340,-0.5258,0.0000,-0.0000,0.0000,-0.4287
2026-04-25 10:54:17.114,0,10,10,0.00,0.0000,-0.0003,-1.6340,-0.5258,0.0000,-0.0000,0.0000,-0.4287
2026-04-25 10:54:17.613,0,10,10,0.00,-0.0001,-0.0001,-1.6340,-0.5258,0.0000,-0.0000,0.0000,-0.4287
2026-04-25 10:54:18.113,0,10,10,0.00,0.0000,-0.0005,-1.6340,-0.5258,0.0000,-0.0000,0.0000,-0.4287
2026-04-25 10:54:18.613,0,10,10,0.00,-0.0001,0.0000,-1.6340,-0.5258,0.0000,-0.0000,0.0000,-0.4287
2026-04-25 10:54:19.113,0,10,10,0.00,0.0000,0.0000,-1.6340,-0.5258,0.0000,-0.0000,0.0000,-0.4287
2026-04-25 10:54:19.613,0,10,10,0.00,-0.0001,0.0001,-1.6340,-0.5258,0.0000,-0.0000,0.0000,-0.4287
2026-04-25 10:54:20.114,0,10,10,0.00,0.0000,0.0000,-1.6340,-0.5258,0.0000,-0.0000,0.0000,-0.4287
2026-04-25 10:54:20.614,0,10,10,0.00,-0.0003,-0.0001,-1.6340,-0.5258,0.0000,-0.0000,0.0000,-0.4287
2026-04-25 10:54:21.113,0,10,10,0.00,0.0000,0.0000,-1.6340,-0.5258,0.0000,-0.0000,0.0000,-0.4287
2026-04-25 10:54:21.613,0,10,10,0.00,0.0000,0.0000,-1.6340,-0.5258,0.0000,-0.0000,0.0000,-0.4287
2026-04-25 10:54:22.114,0,10,10,0.00,0.0003,0.0000,-1.6340,-0.5258,0.0000,-0.0000,0.0000,-0.4287
2026-04-25 10:54:22.613,0,10,10,0.00,0.0001,0.0001,-1.6340,-0.5258,0.0000,-0.0000,0.0000,-0.4287
2026-04-25 10:54:23.113,0,10,10,0.00,-0.0005,0.0000,-1.6340,-0.5258,0.0000,-0.0000,0.0000,-0.4287
2026-04-25 10:54:23.613,0,10,10,0.00,0.0000,0.0001,-1.6340,-0.5258,0.0000,-0.0000,0.0000,-0.4287
2026-04-25 10:54:24.113,0,10,10,0.00,0.0000,0.0003,-1.6340,-0.5258,0.0000,-0.0000,0.0000,-0.4287
2026-04-25 10:54:24.613,0,10,10,0.00,0.0000,0.0000,-1.6340,-0.5258,0.0000,-0.0000,0.0000,-0.4287
2026-04-25 10:54:25.113,0,10,10,0.00,-0.0001,0.0000,-1.6340,-0.5258,0.0000,-0.0000,0.0000,-0.4287
2026-04-25 10:54:25.614,0,10,10,0.00,-0.0001,0.0001,-1.6340,-0.5258,0.0000,-0.0000,0.0000,-0.4287
2026-04-25 10:54:26.114,0,10,10,0.00,0.0001,0.0000,-1.6340,-0.5258,0.0000,-0.0000,0.0000,-0.4287
2026-04-25 10:54:26.613,0,10,10,0.00,0.0004,0.0001,-1.6340,-0.5258,0.0000,-0.0000,0.0000,-0.4287
2026-04-25 10:54:27.113,0,10,10,0.00,0.0000,-0.0001,-1.6340,-0.5258,0.0000,-0.0000,0.0000,-0.4287
2026-04-25 10:54:27.613,0,10,10,0.00,0.0000,0.0001,-1.6340,-0.5258,0.0000,-0.0000,0.0000,-0.4287
2026-04-25 10:54:28.113,0,10,10,0.00,0.0000,0.0000,-1.6340,-0.5258,0.0000,-0.0000,0.0000,-0.4287
2026-04-25 10:54:28.613,0,10,10,0.00,0.0001,-0.0001,-1.6340,-0.5258,0.0000,-0.0000,0.0000,-0.4287
2026-04-25 10:54:29.113,0,10,10,0.00,0.0001,-0.0001,-1.6340,-0.5258,0.0000,-0.0000,0.0000,-0.4287
2026-04-25 10:54:29.614,0,10,10,0.00,0.0001,0.0000,-1.6340,-0.5258,0.0000,-0.0000,0.0000,-0.4287
2026-04-25 10:54:30.113,0,10,10,0.00,0.0000,-0.0001,-1.6340,-0.5258,0.0000,-0.0000,0.0000,-0.4287
2026-04-25 10:54:30.615,0,10,10,0.00,0.0001,0.0000,-1.6340,-0.5258,0.0000,-0.0000,0.0000,-0.4287
2026-04-25 10:54:31.113,0,10,10,0.00,-0.0001,0.0001,-1.6340,-0.5258,0.0000,-0.0000,0.0000,-0.4287
2026-04-25 10:54:31.613,0,10,10,0.00,-0.0003,0.0001,-1.6340,-0.5258,0.0000,-0.0000,0.0000,-0.4287
2026-04-25 10:54:32.114,0,10,10,0.00,0.0001,0.0000,-1.6340,-0.5258,0.0000,-0.0000,0.0000,-0.4287
2026-04-25 10:54:32.613,0,10,10,0.00,0.0000,-0.0001,-1.6340,-0.5258,0.0000,-0.0000,0.0000,-0.4287
2026-04-25 10:54:33.113,0,10,10,0.00,0.0001,0.0001,-1.6340,-0.5258,0.0000,-0.0000,0.0000,-0.4287
2026-04-25 10:54:33.613,0,10,10,0.00,0.0000,0.0000,-1.6340,-0.5258,0.0000,-0.0000,0.0000,-0.4287
2026-04-25 10:54:34.113,0,10,10,0.00,0.0000,0.0000,-1.6340,-0.5258,0.0000,-0.0000,0.0000,-0.4287
2026-04-25 10:54:34.614,0,10,10,0.00,0.0000,0.0000,-1.6340,-0.5258,0.0000,-0.0000,0.0000,-0.4287
2026-04-25 10:54:35.113,0,10,10,0.00,0.0000,-0.0001,-1.6340,-0.5258,0.0000,-0.0000,0.0000,-0.4287
2026-04-25 10:54:35.613,0,10,10,0.00,-0.0003,0.0000,-1.6340,-0.5258,0.0000,-0.0000,0.0000,-0.4287
2026-04-25 10:54:36.115,0,10,10,0.00,0.0003,0.0000,-1.6340,-0.5258,0.0000,-0.0000,0.0000,-0.4287
2026-04-25 10:54:36.613,0,10,10,0.00,0.0000,0.0000,-1.6340,-0.5258,0.0000,-0.0000,0.0000,-0.4287
2026-04-25 10:54:37.113,0,10,10,0.00,0.0001,0.0001,-1.6340,-0.5258,0.0000,-0.0000,0.0000,-0.4287
2026-04-25 10:54:37.613,0,10,10,0.00,-0.0003,0.0000,-1.6340,-0.5258,0.0000,-0.0000,0.0000,-0.4287
2026-04-25 10:54:38.113,0,10,10,0.00,-0.0001,-0.0001,-1.6340,-0.5258,0.0000,-0.0000,0.0000,-0.4287
2026-04-25 10:54:38.613,0,10,10,0.00,0.0000,0.0000,-1.6340,-0.5258,0.0000,-0.0000,0.0000,-0.4287
2026-04-25 10:54:39.113,0,10,10,0.00,0.0001,-0.0004,-1.6340,-0.5258,0.0000,-0.0000,0.0000,-0.4287
2026-04-25 10:54:39.613,0,10,10,0.00,0.0000,0.0001,-1.6340,-0.5258,0.0000,-0.0000,0.0000,-0.4287
2026-04-25 10:54:40.114,0,10,10,0.00,-0.0003,0.0000,-1.6340,-0.5258,0.0000,-0.0000,0.0000,-0.4287
2026-04-25 10:54:40.613,0,10,10,0.00,0.0000,0.0000,-1.6340,-0.5258,0.0000,-0.0000,0.0000,-0.4287
2026-04-25 10:54:41.113,0,10,10,0.00,-0.0003,0.0003,-1.6340,-0.5258,0.0000,-0.0000,0.0000,-0.4287
2026-04-25 10:54:41.613,0,10,10,0.00,0.0000,0.0000,-1.6340,-0.5258,0.0000,-0.0000,0.0000,-0.4287
2026-04-25 10:54:42.113,0,10,10,0.00,0.0001,0.0000,-1.6340,-0.5258,0.0000,-0.0000,0.0000,-0.4287
2026-04-25 10:54:42.614,0,10,10,0.00,-0.0003,0.0000,-1.6340,-0.5258,0.0000,-0.0000,0.0000,-0.4287
2026-04-25 10:54:43.114,0,10,10,0.00,0.0000,0.0000,-1.6340,-0.5258,0.0000,-0.0000,0.0000,-0.4287
2026-04-25 10:54:43.613,0,10,10,0.00,0.0003,0.0001,-1.6340,-0.5258,0.0000,-0.0000,0.0000,-0.4287
2026-04-25 10:54:44.113,0,10,10,0.00,-0.0001,0.0000,-1.6340,-0.5258,0.0000,-0.0000,0.0000,-0.4287
2026-04-25 10:54:44.614,0,10,10,0.00,0.0000,-0.0001,-1.6340,-0.5258,0.0000,-0.0000,0.0000,-0.4287
2026-04-25 10:54:45.114,0,10,10,0.00,0.0001,-0.0003,-1.6340,-0.5258,0.0000,-0.0000,0.0000,-0.4287
2026-04-25 10:54:45.613,0,10,10,0.00,-0.0001,-0.0001,-1.6340,-0.5258,0.0000,-0.0000,0.0000,-0.4287
2026-04-25 10:54:46.113,0,10,10,0.00,0.0003,0.0003,-1.6340,-0.5258,0.0000,-0.0000,0.0000,-0.4287
2026-04-25 10:54:46.613,0,10,10,0.00,0.0001,0.0003,-1.6340,-0.5258,0.0000,-0.0000,0.0000,-0.4287
2026-04-25 10:54:47.114,0,10,10,0.00,0.0000,0.0001,-1.6340,-0.5258,0.0000,-0.0000,0.0000,-0.4287
2026-04-25 10:54:47.614,0,10,10,0.00,0.0003,0.0000,-1.6340,-0.5258,0.0000,-0.0000,0.0000,-0.4287
2026-04-25 10:54:48.114,0,10,10,0.00,-0.0001,0.0000,-1.6340,-0.5258,0.0000,-0.0000,0.0000,-0.4287
2026-04-25 10:54:48.613,0,10,10,0.00,-0.0005,0.0000,-1.6340,-0.5258,0.0000,-0.0000,0.0000,-0.4287
2026-04-25 10:54:49.113,0,10,10,0.00,0.0000,0.0000,-1.6340,-0.5258,0.0000,-0.0000,0.0000,-0.4287
2026-04-25 10:54:49.613,0,10,10,0.00,0.0001,-0.0001,-1.6340,-0.5258,0.0000,-0.0000,0.0000,-0.4287
2026-04-25 10:54:50.113,0,10,10,0.00,0.0000,-0.0001,-1.6340,-0.5258,0.0000,-0.0000,0.0000,-0.4287
2026-04-25 10:54:50.613,0,10,10,0.00,0.0001,0.0000,-1.6340,-0.5258,0.0000,-0.0000,0.0000,-0.4287
2026-04-25 10:54:51.113,0,10,10,0.00,0.0000,-0.0001,-1.6340,-0.5258,0.0000,-0.0000,0.0000,-0.4287
2026-04-25 10:54:51.613,0,10,10,0.00,-0.0001,-0.0003,-1.6340,-0.5258,0.0000,-0.0000,0.0000,-0.4287
2026-04-25 10:54:52.113,0,10,10,0.00,0.0003,0.0000,-1.6340,-0.5258,0.0000,-0.0000,0.0000,-0.4287
2026-04-25 10:54:52.614,0,10,10,0.00,0.0000,0.0000,-1.6340,-0.5258,0.0000,-0.0000,0.0000,-0.4287
2026-04-25 10:54:53.113,0,10,10,0.00,0.0000,0.0000,-1.6340,-0.5258,0.0000,-0.0000,0.0000,-0.4287
2026-04-25 10:54:53.614,0,10,10,0.00,0.0004,0.0003,-1.6340,-0.5258,0.0000,-0.0000,0.0000,-0.4287
2026-04-25 10:54:54.113,0,10,10,0.00,0.0001,-0.0001,-1.6340,-0.5258,0.0000,-0.0000,0.0000,-0.4287
2026-04-25 10:54:54.614,0,10,10,0.00,0.0000,0.0000,-1.6340,-0.5258,0.0000,-0.0000,0.0000,-0.4287
2026-04-25 10:54:55.113,0,10,10,0.00,-0.0001,0.0000,-1.6340,-0.5258,0.0000,-0.0000,0.0000,-0.4287
2026-04-25 10:54:55.614,0,10,10,0.00,0.0001,0.0000,-1.6340,-0.5258,0.0000,-0.0000,0.0000,-0.4287
2026-04-25 10:54:56.114,0,10,10,0.00,-0.0001,-0.0001,-1.6340,-0.5258,0.0000,-0.0000,0.0000,-0.4287
2026-04-25 10:54:56.613,0,10,10,0.00,-0.0001,0.0000,-1.6340,-0.5258,0.0000,-0.0000,0.0000,-0.4287
2026-04-25 10:54:57.113,0,10,10,0.00,0.0001,-0.0003,-1.6340,-0.5258,0.0000,-0.0000,0.0000,-0.4287
2026-04-25 10:54:57.613,0,10,10,0.00,-0.0001,0.0000,-1.6340,-0.5258,0.0000,-0.0000,0.0000,-0.4287
2026-04-25 10:54:58.113,0,10,10,0.00,-0.0001,0.0003,-1.6340,-0.5258,0.0000,-0.0000,0.0000,-0.4287
2026-04-25 10:54:58.613,0,10,10,0.00,-0.0001,-0.0001,-1.6340,-0.5258,0.0000,-0.0000,0.0000,-0.4287
2026-04-25 10:54:59.113,0,10,10,0.00,0.0001,0.0003,-1.6340,-0.5258,0.0000,-0.0000,0.0000,-0.4287
2026-04-25 10:54:59.613,0,10,10,0.00,0.0000,0.0000,-1.6340,-0.5258,0.0000,-0.0000,0.0000,-0.4287
2026-04-25 10:55:00.113,0,10,10,0.00,-0.0001,0.0000,-1.6340,-0.5258,0.0000,-0.0000,0.0000,-0.4287
2026-04-25 10:55:00.614,0,10,10,0.00,-0.0001,0.0000,-1.6340,-0.5258,0.0000,-0.0000,0.0000,-0.4287
2026-04-25 10:55:01.113,0,10,10,0.00,0.0000,0.0001,-1.6340,-0.5258,0.0000,-0.0000,0.0000,-0.4287
2026-04-25 10:55:01.613,0,10,10,0.00,-0.0001,0.0000,-1.6340,-0.5258,0.0000,-0.0000,0.0000,-0.4287
2026-04-25 10:55:02.114,0,10,10,0.00,0.0000,0.0000,-1.6340,-0.5258,0.0000,-0.0000,0.0000,-0.4287
2026-04-25 10:55:02.613,0,10,10,0.00,0.0001,0.0001,-1.6340,-0.5258,0.0000,-0.0000,0.0000,-0.4287
2026-04-25 10:55:03.114,0,10,10,0.00,0.0000,0.0000,-1.6340,-0.5258,0.0000,-0.0000,0.0000,-0.4287
2026-04-25 10:55:03.613,0,10,10,0.00,0.0000,-0.0001,-1.6340,-0.5258,0.0000,-0.0000,0.0000,-0.4287
2026-04-25 10:55:04.113,0,10,10,0.00,0.0001,-0.0001,-1.6340,-0.5258,0.0000,-0.0000,0.0000,-0.4287
2026-04-25 10:55:04.613,0,10,10,0.00,0.0000,0.0001,-1.6340,-0.5258,0.0000,-0.0000,0.0000,-0.4287
2026-04-25 10:55:05.113,0,10,10,0.00,0.0000,0.0000,-1.6340,-0.5258,0.0000,-0.0000,0.0000,-0.4287
2026-04-25 10:55:05.613,0,10,10,0.00,0.0000,0.0000,-1.6340,-0.5258,0.0000,-0.0000,0.0000,-0.4287
2026-04-25 10:55:06.115,0,10,10,0.00,0.0004,0.0001,-1.6340,-0.5258,0.0000,-0.0000,0.0000,-0.4287
2026-04-25 10:55:06.614,0,10,10,0.00,-0.0001,0.0000,-1.6340,-0.5258,0.0000,-0.0000,0.0000,-0.4287
2026-04-25 10:55:07.114,0,10,10,0.00,0.0001,0.0000,-1.6340,-0.5258,0.0000,-0.0000,0.0000,-0.4287
2026-04-25 10:55:07.613,0,10,10,0.00,0.0000,0.0001,-1.6340,-0.5258,0.0000,-0.0000,0.0000,-0.4287
2026-04-25 10:55:08.113,0,10,10,0.00,0.0000,-0.0001,-1.6340,-0.5258,0.0000,-0.0000,0.0000,-0.4287
2026-04-25 10:55:08.613,0,10,10,0.00,0.0000,0.0004,-1.6340,-0.5258,0.0000,-0.0000,0.0000,-0.4287
2026-04-25 10:55:09.113,0,10,10,0.00,0.0000,-0.0003,-1.6340,-0.5258,0.0000,-0.0000,0.0000,-0.4287
2026-04-25 10:55:09.613,0,10,10,0.00,0.0000,0.0000,-1.6340,-0.5258,0.0000,-0.0000,0.0000,-0.4287
2026-04-25 10:55:10.113,0,10,10,0.00,0.0000,-0.0001,-1.6340,-0.5258,0.0000,-0.0000,0.0000,-0.4287
2026-04-25 10:55:10.613,0,10,10,0.00,0.0000,0.0000,-1.6340,-0.5258,0.0000,-0.0000,0.0000,-0.4287
2026-04-25 10:55:11.113,0,10,10,0.00,-0.0003,0.0000,-1.6340,-0.5258,0.0000,-0.0000,0.0000,-0.4287
2026-04-25 10:55:11.613,0,10,10,0.00,0.0000,0.0003,-1.6340,-0.5258,0.0000,-0.0000,0.0000,-0.4287
2026-04-25 10:55:12.113,0,10,10,0.00,0.0000,0.0000,-1.6340,-0.5258,0.0000,-0.0000,0.0000,-0.4287
2026-04-25 10:55:12.613,0,10,10,0.00,0.0000,0.0000,-1.6340,-0.5258,0.0000,-0.0000,0.0000,-0.4287
2026-04-25 10:55:13.113,0,10,10,0.00,0.0000,0.0000,-1.6340,-0.5258,0.0000,-0.0000,0.0000,-0.4287
2026-04-25 10:55:13.613,0,10,10,0.00,0.0000,-0.0001,-1.6340,-0.5258,0.0000,-0.0000,0.0000,-0.4287
2026-04-25 10:55:14.113,0,10,10,0.00,0.0000,0.0000,-1.6340,-0.5258,0.0000,-0.0000,0.0000,-0.4287
2026-04-25 10:55:14.613,0,10,10,0.00,0.0001,0.0001,-1.6340,-0.5258,0.0000,-0.0000,0.0000,-0.4287
2026-04-25 10:55:15.113,0,10,10,0.00,0.0000,0.0000,-1.6340,-0.5258,0.0000,-0.0000,0.0000,-0.4287
2026-04-25 10:55:15.613,0,10,10,0.00,0.0000,0.0000,-1.6340,-0.5258,0.0000,-0.0000,0.0000,-0.4287
2026-04-25 10:55:16.113,0,10,10,0.00,-0.0003,0.0003,-1.6340,-0.5258,0.0000,-0.0000,0.0000,-0.4287
2026-04-25 10:55:16.613,0,10,10,0.00,0.0000,0.0004,-1.6340,-0.5258,0.0000,-0.0000,0.0000,-0.4287
2026-04-25 10:55:17.113,0,10,10,0.00,0.0000,0.0001,-1.6340,-0.5258,0.0000,-0.0000,0.0000,-0.4287
2026-04-25 10:55:17.613,0,10,10,0.00,0.0000,0.0000,-1.6340,-0.5258,0.0000,-0.0000,0.0000,-0.4287
2026-04-25 10:55:18.113,0,10,10,0.00,0.0000,-0.0001,-1.6340,-0.5258,0.0000,-0.0000,0.0000,-0.4287
2026-04-25 10:55:18.613,0,10,10,0.00,-0.0001,0.0000,-1.6340,-0.5258,0.0000,-0.0000,0.0000,-0.4287
2026-04-25 10:55:19.113,0,10,10,0.00,0.0000,0.0000,-1.6340,-0.5258,0.0000,-0.0000,0.0000,-0.4287
2026-04-25 10:55:19.615,0,10,10,0.00,0.0001,-0.0001,-1.6340,-0.5258,0.0000,-0.0000,0.0000,-0.4287
2026-04-25 10:55:20.113,0,10,10,0.00,0.0000,0.0000,-1.6340,-0.5258,0.0000,-0.0000,0.0000,-0.4287
2026-04-25 10:55:20.613,0,10,10,0.00,0.0001,0.0000,-1.6340,-0.5258,0.0000,-0.0000,0.0000,-0.4287
2026-04-25 10:55:21.113,0,10,10,0.00,0.0000,-0.0001,-1.6340,-0.5258,0.0000,-0.0000,0.0000,-0.4287
2026-04-25 10:55:21.613,0,10,10,0.00,-0.0001,0.0000,-1.6340,-0.5258,0.0000,-0.0000,0.0000,-0.4287
2026-04-25 10:55:22.114,0,10,10,0.00,0.0001,-0.0003,-1.6340,-0.5258,0.0000,-0.0000,0.0000,-0.4287
2026-04-25 10:55:22.614,0,10,10,0.00,0.0000,0.0001,-1.6340,-0.5258,0.0000,-0.0000,0.0000,-0.4287
2026-04-25 10:55:23.114,0,10,10,0.00,0.0001,0.0001,-1.6340,-0.5258,0.0000,-0.0000,0.0000,-0.4287
2026-04-25 10:55:23.613,0,10,10,0.00,0.0004,0.0000,-1.6340,-0.5258,0.0000,-0.0000,0.0000,-0.4287
2026-04-25 10:55:24.113,0,10,10,0.00,0.0000,0.0000,-1.6340,-0.5258,0.0000,-0.0000,0.0000,-0.4287
2026-04-25 10:55:24.614,0,10,10,0.00,0.0003,-0.0003,-1.6340,-0.5258,0.0000,-0.0000,0.0000,-0.4287
2026-04-25 10:55:25.113,0,10,10,0.00,0.0000,0.0000,-1.6340,-0.5258,0.0000,-0.0000,0.0000,-0.4287
2026-04-25 10:55:25.613,0,10,10,0.00,-0.0001,0.0000,-1.6340,-0.5258,0.0000,-0.0000,0.0000,-0.4287
2026-04-25 10:55:26.114,0,10,10,0.00,0.0000,-0.0001,-1.6340,-0.5258,0.0000,-0.0000,0.0000,-0.4287
2026-04-25 10:55:26.613,0,10,10,0.00,0.0000,-0.0003,-1.6340,-0.5258,0.0000,-0.0000,0.0000,-0.4287
2026-04-25 10:55:27.113,0,10,10,0.00,0.0000,-0.0001,-1.6340,-0.5258,0.0000,-0.0000,0.0000,-0.4287
2026-04-25 10:55:27.613,0,10,10,0.00,0.0000,0.0001,-1.6340,-0.5258,0.0000,-0.0000,0.0000,-0.4287
2026-04-25 10:55:28.114,0,10,10,0.00,0.0003,0.0004,-1.6340,-0.5258,0.0000,-0.0000,0.0000,-0.4287
2026-04-25 10:55:28.613,0,10,10,0.00,0.0001,0.0000,-1.6340,-0.5258,0.0000,-0.0000,0.0000,-0.4287
2026-04-25 10:55:29.113,0,10,10,0.00,-0.0001,0.0000,-1.6340,-0.5258,0.0000,-0.0000,0.0000,-0.4287
2026-04-25 10:55:29.614,0,10,10,0.00,0.0001,0.0000,-1.6340,-0.5258,0.0000,-0.0000,0.0000,-0.4287
2026-04-25 10:55:30.113,0,10,10,0.00,0.0001,0.0001,-1.6340,-0.5258,0.0000,-0.0000,0.0000,-0.4287
2026-04-25 10:55:30.614,0,10,10,0.00,0.0000,0.0001,-1.6340,-0.5258,0.0000,-0.0000,0.0000,-0.4287
2026-04-25 10:55:31.113,0,10,10,0.00,0.0000,0.0001,-1.6340,-0.5258,0.0000,-0.0000,0.0000,-0.4287
2026-04-25 10:55:31.613,0,10,10,0.00,0.0000,0.0003,-1.6340,-0.5258,0.0000,-0.0000,0.0000,-0.4287
2026-04-25 10:55:32.113,0,10,10,0.00,0.0001,-0.0001,-1.6340,-0.5258,0.0000,-0.0000,0.0000,-0.4287
2026-04-25 10:55:32.613,0,10,10,0.00,-0.0004,-0.0001,-1.6340,-0.5258,0.0000,-0.0000,0.0000,-0.4287
2026-04-25 10:55:33.114,0,10,10,0.00,0.0001,0.0000,-1.6340,-0.5258,0.0000,-0.0000,0.0000,-0.4287
2026-04-25 10:55:33.614,0,10,10,0.00,0.0001,-0.0001,-1.6340,-0.5258,0.0000,-0.0000,0.0000,-0.4287
2026-04-25 10:55:34.113,0,10,10,0.00,0.0000,0.0000,-1.6340,-0.5258,0.0000,-0.0000,0.0000,-0.4287
2026-04-25 10:55:34.613,0,10,10,0.00,-0.0003,-0.0001,-1.6340,-0.5258,0.0000,-0.0000,0.0000,-0.4287
2026-04-25 10:55:35.114,0,10,10,0.00,0.0000,0.0001,-1.6340,-0.5258,0.0000,-0.0000,0.0000,-0.4287
2026-04-25 10:55:35.613,0,10,10,0.00,0.0000,0.0000,-1.6340,-0.5258,0.0000,-0.0000,0.0000,-0.4287
2026-04-25 10:55:36.116,0,10,10,0.00,0.0003,0.0000,-1.6340,-0.5258,0.0000,-0.0000,0.0000,-0.4287
2026-04-25 10:55:36.613,0,10,10,0.00,0.0000,-0.0001,-1.6340,-0.5258,0.0000,-0.0000,0.0000,-0.4287
2026-04-25 10:55:37.114,0,10,10,0.00,0.0000,0.0000,-1.6340,-0.5258,0.0000,-0.0000,0.0000,-0.4287
2026-04-25 10:55:37.613,0,10,10,0.00,0.0000,-0.0001,-1.6340,-0.5258,0.0000,-0.0000,0.0000,-0.4287
2026-04-25 10:55:38.113,0,10,10,0.00,0.0000,-0.0003,-1.6340,-0.5258,0.0000,-0.0000,0.0000,-0.4287
2026-04-25 10:55:38.613,0,10,10,0.00,-0.0001,0.0000,-1.6340,-0.5258,0.0000,-0.0000,0.0000,-0.4287
2026-04-25 10:55:39.113,0,10,10,0.00,-0.0001,0.0000,-1.6340,-0.5258,0.0000,-0.0000,0.0000,-0.4287
2026-04-25 10:55:39.613,0,10,10,0.00,0.0000,0.0000,-1.6340,-0.5258,0.0000,-0.0000,0.0000,-0.4287
2026-04-25 10:55:40.113,0,10,10,0.00,0.0000,0.0000,-1.6340,-0.5258,0.0000,-0.0000,0.0000,-0.4287
2026-04-25 10:55:40.614,0,10,10,0.00,0.0005,-0.0001,-1.6340,-0.5258,0.0000,-0.0000,0.0000,-0.4287
2026-04-25 10:55:41.113,0,10,10,0.00,-0.0001,0.0001,-1.6340,-0.5258,0.0000,-0.0000,0.0000,-0.4287
2026-04-25 10:55:41.613,0,10,10,0.00,0.0000,-0.0001,-1.6340,-0.5258,0.0000,-0.0000,0.0000,-0.4287
2026-04-25 10:55:42.113,0,10,10,0.00,-0.0001,0.0000,-1.6340,-0.5258,0.0000,-0.0000,0.0000,-0.4287
2026-04-25 10:55:42.614,0,10,10,0.00,0.0003,0.0000,-1.6340,-0.5258,0.0000,-0.0000,0.0000,-0.4287
2026-04-25 10:55:43.113,0,10,10,0.00,0.0001,0.0000,-1.6340,-0.5258,0.0000,-0.0000,0.0000,-0.4287
2026-04-25 10:55:43.614,0,10,10,0.00,0.0000,-0.0001,-1.6340,-0.5258,0.0000,-0.0000,0.0000,-0.4287
2026-04-25 10:55:44.113,0,10,10,0.00,0.0000,0.0000,-1.6340,-0.5258,0.0000,-0.0000,0.0000,-0.4287
2026-04-25 10:55:44.613,0,10,10,0.00,0.0000,-0.0001,-1.6340,-0.5258,0.0000,-0.0000,0.0000,-0.4287
2026-04-25 10:55:45.113,0,10,10,0.00,0.0000,-0.0001,-1.6340,-0.5258,0.0000,-0.0000,0.0000,-0.4287
2026-04-25 10:55:45.613,0,10,10,0.00,0.0003,0.0000,-1.6340,-0.5258,0.0000,-0.0000,0.0000,-0.4287
2026-04-25 10:55:46.113,0,10,10,0.00,0.0001,0.0000,-1.6340,-0.5258,0.0000,-0.0000,0.0000,-0.4287
2026-04-25 10:55:46.613,0,10,10,0.00,0.0000,0.0001,-1.6340,-0.5258,0.0000,-0.0000,0.0000,-0.4287
2026-04-25 10:55:47.113,0,10,10,0.00,0.0000,0.0001,-1.6340,-0.5258,0.0000,-0.0000,0.0000,-0.4287
2026-04-25 10:55:47.613,0,10,10,0.00,-0.0003,0.0000,-1.6340,-0.5258,0.0000,-0.0000,0.0000,-0.4287
2026-04-25 10:55:48.113,0,10,10,0.00,-0.0001,0.0000,-1.6340,-0.5258,0.0000,-0.0000,0.0000,-0.4287
2026-04-25 10:55:48.613,0,10,10,0.00,-0.0001,0.0000,-1.6340,-0.5258,0.0000,-0.0000,0.0000,-0.4287
2026-04-25 10:55:49.113,0,10,10,0.00,-0.0003,0.0000,-1.6340,-0.5258,0.0000,-0.0000,0.0000,-0.4287
2026-04-25 10:55:49.613,0,10,10,0.00,0.0000,0.0001,-1.6340,-0.5258,0.0000,-0.0000,0.0000,-0.4287
2026-04-25 10:55:50.113,0,10,10,0.00,-0.0004,0.0000,-1.6340,-0.5258,0.0000,-0.0000,0.0000,-0.4287
2026-04-25 10:55:50.614,0,10,10,0.00,0.0004,0.0000,-1.6340,-0.5258,0.0000,-0.0000,0.0000,-0.4287
2026-04-25 10:55:51.113,0,10,10,0.00,0.0000,0.0001,-1.6340,-0.5258,0.0000,-0.0000,0.0000,-0.4287
2026-04-25 10:55:51.614,0,10,10,0.00,0.0001,0.0000,-1.6340,-0.5258,0.0000,-0.0000,0.0000,-0.4287
2026-04-25 10:55:52.113,0,10,10,0.00,0.0001,-0.0001,-1.6340,-0.5258,0.0000,-0.0000,0.0000,-0.4287
2026-04-25 10:55:52.613,0,10,10,0.00,-0.0005,0.0000,-1.6340,-0.5258,0.0000,-0.0000,0.0000,-0.4287
2026-04-25 10:55:53.113,0,10,10,0.00,0.0000,0.0001,-1.6340,-0.5258,0.0000,-0.0000,0.0000,-0.4287
2026-04-25 10:55:53.613,0,10,10,0.00,-0.0001,-0.0001,-1.6340,-0.5258,0.0000,-0.0000,0.0000,-0.4287
2026-04-25 10:55:54.113,0,10,10,0.00,-0.0001,0.0000,-1.6340,-0.5258,0.0000,-0.0000,0.0000,-0.4287
2026-04-25 10:55:54.613,0,10,10,0.00,0.0000,0.0000,-1.6340,-0.5258,0.0000,-0.0000,0.0000,-0.4287
2026-04-25 10:55:55.113,0,10,10,0.00,0.0001,0.0001,-1.6340,-0.5258,0.0000,-0.0000,0.0000,-0.4287
2026-04-25 10:55:55.614,0,10,10,0.00,0.0001,-0.0003,-1.6340,-0.5258,0.0000,-0.0000,0.0000,-0.4287
2026-04-25 10:55:56.113,0,10,10,0.00,-0.0001,0.0003,-1.6340,-0.5258,0.0000,-0.0000,0.0000,-0.4287
2026-04-25 10:55:56.614,0,10,10,0.00,0.0001,0.0001,-1.6340,-0.5258,0.0000,-0.0000,0.0000,-0.4287
2026-04-25 10:55:57.113,0,10,10,0.00,-0.0004,-0.0001,-1.6340,-0.5258,0.0000,-0.0000,0.0000,-0.4287
2026-04-25 10:55:57.613,0,10,10,0.00,-0.0001,-0.0008,-1.6340,-0.5258,0.0000,-0.0000,0.0000,-0.4287
2026-04-25 10:55:58.113,0,10,10,0.00,0.0000,0.0000,-1.6340,-0.5258,0.0000,-0.0000,0.0000,-0.4287
2026-04-25 10:55:58.613,0,10,10,0.00,0.0001,-0.0003,-1.6340,-0.5258,0.0000,-0.0000,0.0000,-0.4287
2026-04-25 10:55:59.113,0,10,10,0.00,0.0003,0.0001,-1.6340,-0.5258,0.0000,-0.0000,0.0000,-0.4287
2026-04-25 10:55:59.613,0,10,10,0.00,0.0000,0.0000,-1.6340,-0.5258,0.0000,-0.0000,0.0000,-0.4287
2026-04-25 10:56:00.113,0,10,10,0.00,0.0005,0.0000,-1.6340,-0.5258,0.0000,-0.0000,0.0000,-0.4287
2026-04-25 10:56:00.613,0,10,10,0.00,0.0001,0.0001,-1.6340,-0.5258,0.0000,-0.0000,0.0000,-0.4287
2026-04-25 10:56:01.114,0,10,10,0.00,0.0000,0.0001,-1.6340,-0.5258,0.0000,-0.0000,0.0000,-0.4287
2026-04-25 10:56:01.613,0,10,10,0.00,0.0000,0.0001,-1.6340,-0.5258,0.0000,-0.0000,0.0000,-0.4287
2026-04-25 10:56:02.113,0,10,10,0.00,-0.0003,-0.0001,-1.6340,-0.5258,0.0000,-0.0000,0.0000,-0.4287
2026-04-25 10:56:02.613,0,10,10,0.00,0.0000,0.0000,-1.6340,-0.5258,0.0000,-0.0000,0.0000,-0.4287
2026-04-25 10:56:03.114,0,10,10,0.00,0.0000,0.0000,-1.6340,-0.5258,0.0000,-0.0000,0.0000,-0.4287
2026-04-25 10:56:03.614,0,10,10,0.00,0.0000,0.0000,-1.6340,-0.5258,0.0000,-0.0000,0.0000,-0.4287
2026-04-25 10:56:04.114,0,10,10,0.00,0.0000,0.0001,-1.6340,-0.5258,0.0000,-0.0000,0.0000,-0.4287
2026-04-25 10:56:04.613,0,10,10,0.00,0.0001,0.0001,-1.6340,-0.5258,0.0000,-0.0000,0.0000,-0.4287
2026-04-25 10:56:05.113,0,10,10,0.00,0.0000,-0.0001,-1.6340,-0.5258,0.0000,-0.0000,0.0000,-0.4287
2026-04-25 10:56:05.614,0,10,10,0.00,0.0000,-0.0001,-1.6340,-0.5258,0.0000,-0.0000,0.0000,-0.4287
2026-04-25 10:56:06.115,0,10,10,0.00,0.0000,-0.0001,-1.6340,-0.5258,0.0000,-0.0000,0.0000,-0.4287
2026-04-25 10:56:06.615,0,10,10,0.00,0.0000,0.0001,-1.6340,-0.5258,0.0000,-0.0000,0.0000,-0.4287
2026-04-25 10:56:07.113,0,10,10,0.00,0.0000,0.0000,-1.6340,-0.5258,0.0000,-0.0000,0.0000,-0.4287
2026-04-25 10:56:07.613,0,10,10,0.00,0.0001,0.0000,-1.6340,-0.5258,0.0000,-0.0000,0.0000,-0.4287
2026-04-25 10:56:08.113,0,10,10,0.00,0.0001,0.0000,-1.6340,-0.5258,0.0000,-0.0000,0.0000,-0.4287
2026-04-25 10:56:08.613,0,10,10,0.00,-0.0001,0.0000,-1.6340,-0.5258,0.0000,-0.0000,0.0000,-0.4287
2026-04-25 10:56:09.113,0,10,10,0.00,-0.0001,-0.0001,-1.6340,-0.5258,0.0000,-0.0000,0.0000,-0.4287
2026-04-25 10:56:09.613,0,10,10,0.00,0.0000,-0.0001,-1.6340,-0.5258,0.0000,-0.0000,0.0000,-0.4287
2026-04-25 10:56:10.113,0,10,10,0.00,-0.0003,0.0000,-1.6340,-0.5258,0.0000,-0.0000,0.0000,-0.4287
2026-04-25 10:56:10.613,0,10,10,0.00,-0.0001,0.0000,-1.6340,-0.5258,0.0000,-0.0000,0.0000,-0.4287
2026-04-25 10:56:11.114,0,10,10,0.00,0.0000,-0.0003,-1.6340,-0.5258,0.0000,-0.0000,0.0000,-0.4287
2026-04-25 10:56:11.613,0,10,10,0.00,0.0001,0.0000,-1.6340,-0.5258,0.0000,-0.0000,0.0000,-0.4287
2026-04-25 10:56:12.113,0,10,10,0.00,-0.0001,0.0000,-1.6340,-0.5258,0.0000,-0.0000,0.0000,-0.4287
2026-04-25 10:56:12.614,0,10,10,0.00,0.0000,0.0000,-1.6340,-0.5258,0.0000,-0.0000,0.0000,-0.4287
2026-04-25 10:56:13.114,0,10,10,0.00,0.0000,0.0000,-1.6340,-0.5258,0.0000,-0.0000,0.0000,-0.4287
2026-04-25 10:56:13.613,0,10,10,0.00,-0.0003,-0.0001,-1.6340,-0.5258,0.0000,-0.0000,0.0000,-0.4287
2026-04-25 10:56:14.113,0,10,10,0.00,0.0000,0.0000,-1.6340,-0.5258,0.0000,-0.0000,0.0000,-0.4287
2026-04-25 10:56:14.614,0,10,10,0.00,0.0003,0.0000,-1.6340,-0.5258,0.0000,-0.0000,0.0000,-0.4287
2026-04-25 10:56:15.114,0,10,10,0.00,0.0000,0.0000,-1.6340,-0.5258,0.0000,-0.0000,0.0000,-0.4287
2026-04-25 10:56:15.614,0,10,10,0.00,0.0001,0.0000,-1.6340,-0.5258,0.0000,-0.0000,0.0000,-0.4287
2026-04-25 10:56:16.114,0,10,10,0.00,0.0001,0.0000,-1.6340,-0.5258,0.0000,-0.0000,0.0000,-0.4287
2026-04-25 10:56:16.613,0,10,10,0.00,0.0000,0.0003,-1.6340,-0.5258,0.0000,-0.0000,0.0000,-0.4287
2026-04-25 10:56:17.113,0,10,10,0.00,0.0001,0.0000,-1.6340,-0.5258,0.0000,-0.0000,0.0000,-0.4287
2026-04-25 10:56:17.613,0,10,10,0.00,0.0000,0.0000,-1.6340,-0.5258,0.0000,-0.0000,0.0000,-0.4287
2026-04-25 10:56:18.115,0,10,10,0.00,0.0000,0.0000,-1.6340,-0.5258,0.0000,-0.0000,0.0000,-0.4287
2026-04-25 10:56:18.613,0,10,10,0.00,0.0000,0.0000,-1.6340,-0.5258,0.0000,-0.0000,0.0000,-0.4287
2026-04-25 10:56:19.114,0,10,10,0.00,0.0000,0.0001,-1.6340,-0.5258,0.0000,-0.0000,0.0000,-0.4287
2026-04-25 10:56:19.613,0,10,10,0.00,0.0000,0.0000,-1.6340,-0.5258,0.0000,-0.0000,0.0000,-0.4287
2026-04-25 10:56:20.113,0,10,10,0.00,0.0000,0.0000,-1.6340,-0.5258,0.0000,-0.0000,0.0000,-0.4287
2026-04-25 10:56:20.613,0,10,10,0.00,-0.0003,0.0000,-1.6340,-0.5258,0.0000,-0.0000,0.0000,-0.4287
2026-04-25 10:56:21.113,0,10,10,0.00,-0.0001,-0.0004,-1.6340,-0.5258,0.0000,-0.0000,0.0000,-0.4287
2026-04-25 10:56:21.613,0,10,10,0.00,0.0000,0.0000,-1.6340,-0.5258,0.0000,-0.0000,0.0000,-0.4287
2026-04-25 10:56:22.113,0,10,10,0.00,0.0000,0.0000,-1.6340,-0.5258,0.0000,-0.0000,0.0000,-0.4287
2026-04-25 10:56:22.614,0,10,10,0.00,0.0000,0.0000,-1.6340,-0.5258,0.0000,-0.0000,0.0000,-0.4287
2026-04-25 10:56:23.114,0,10,10,0.00,0.0000,0.0000,-1.6340,-0.5258,0.0000,-0.0000,0.0000,-0.4287
2026-04-25 10:56:23.613,0,10,10,0.00,0.0001,-0.0003,-1.6340,-0.5258,0.0000,-0.0000,0.0000,-0.4287
2026-04-25 10:56:24.113,0,10,10,0.00,0.0001,0.0000,-1.6340,-0.5258,0.0000,-0.0000,0.0000,-0.4287
2026-04-25 10:56:24.613,0,10,10,0.00,0.0000,0.0000,-1.6340,-0.5258,0.0000,-0.0000,0.0000,-0.4287
2026-04-25 10:56:25.113,0,10,10,0.00,0.0000,0.0000,-1.6340,-0.5258,0.0000,-0.0000,0.0000,-0.4287
2026-04-25 10:56:25.613,0,10,10,0.00,0.0000,-0.0001,-1.6340,-0.5258,0.0000,-0.0000,0.0000,-0.4287
2026-04-25 10:56:26.114,0,10,10,0.00,0.0000,0.0000,-1.6340,-0.5258,0.0000,-0.0000,0.0000,-0.4287
2026-04-25 10:56:26.614,0,10,10,0.00,0.0001,0.0000,-1.6340,-0.5258,0.0000,-0.0000,0.0000,-0.4287
2026-04-25 10:56:27.113,0,10,10,0.00,-0.0001,0.0000,-1.6340,-0.5258,0.0000,-0.0000,0.0000,-0.4287
2026-04-25 10:56:27.613,0,10,10,0.00,0.0000,0.0000,-1.6340,-0.5258,0.0000,-0.0000,0.0000,-0.4287
2026-04-25 10:56:28.115,0,10,10,0.00,0.0000,0.0000,-1.6340,-0.5258,0.0000,-0.0000,0.0000,-0.4287
2026-04-25 10:56:28.613,0,10,10,0.00,0.0000,0.0001,-1.6340,-0.5258,0.0000,-0.0000,0.0000,-0.4287
2026-04-25 10:56:29.113,0,10,10,0.00,0.0001,0.0000,-1.6340,-0.5258,0.0000,-0.0000,0.0000,-0.4287
2026-04-25 10:56:29.613,0,10,10,0.00,0.0000,0.0000,-1.6340,-0.5258,0.0000,-0.0000,0.0000,-0.4287
2026-04-25 10:56:30.115,0,10,10,0.00,-0.0003,0.0000,-1.6340,-0.5258,0.0000,-0.0000,0.0000,-0.4287
2026-04-25 10:56:30.613,0,10,10,0.00,0.0000,-0.0001,-1.6340,-0.5258,0.0000,-0.0000,0.0000,-0.4287
2026-04-25 10:56:31.113,0,10,10,0.00,0.0001,-0.0003,-1.6340,-0.5258,0.0000,-0.0000,0.0000,-0.4287
2026-04-25 10:56:31.614,0,10,10,0.00,0.0000,0.0001,-1.6340,-0.5258,0.0000,-0.0000,0.0000,-0.4287
2026-04-25 10:56:32.113,0,10,10,0.00,0.0000,0.0000,-1.6340,-0.5258,0.0000,-0.0000,0.0000,-0.4287
2026-04-25 10:56:32.613,0,10,10,0.00,0.0000,0.0003,-1.6340,-0.5258,0.0000,-0.0000,0.0000,-0.4287
2026-04-25 10:56:33.113,0,10,10,0.00,0.0000,0.0000,-1.6340,-0.5258,0.0000,-0.0000,0.0000,-0.4287
2026-04-25 10:56:33.613,0,10,10,0.00,0.0000,-0.0001,-1.6340,-0.5258,0.0000,-0.0000,0.0000,-0.4287
2026-04-25 10:56:34.113,0,10,10,0.00,0.0000,0.0001,-1.6340,-0.5258,0.0000,-0.0000,0.0000,-0.4287
2026-04-25 10:56:34.613,0,10,10,0.00,0.0000,0.0000,-1.6340,-0.5258,0.0000,-0.0000,0.0000,-0.4287
2026-04-25 10:56:35.113,0,10,10,0.00,0.0000,-0.0001,-1.6340,-0.5258,0.0000,-0.0000,0.0000,-0.4287
2026-04-25 10:56:35.613,0,10,10,0.00,0.0000,-0.0001,-1.6340,-0.5258,0.0000,-0.0000,0.0000,-0.4287
2026-04-25 10:56:36.113,0,10,10,0.00,0.0000,0.0003,-1.6340,-0.5258,0.0000,-0.0000,0.0000,-0.4287
2026-04-25 10:56:36.613,0,10,10,0.00,0.0000,0.0000,-1.6340,-0.5258,0.0000,-0.0000,0.0000,-0.4287
2026-04-25 10:56:37.113,0,10,10,0.00,0.0000,-0.0001,-1.6340,-0.5258,0.0000,-0.0000,0.0000,-0.4287
2026-04-25 10:56:37.613,0,10,10,0.00,0.0001,0.0000,-1.6340,-0.5258,0.0000,-0.0000,0.0000,-0.4287
2026-04-25 10:56:38.113,0,10,10,0.00,0.0000,0.0001,-1.6340,-0.5258,0.0000,-0.0000,0.0000,-0.4287
2026-04-25 10:56:38.613,0,10,10,0.00,0.0001,-0.0001,-1.6340,-0.5258,0.0000,-0.0000,0.0000,-0.4287
2026-04-25 10:56:39.113,0,10,10,0.00,0.0000,-0.0001,-1.6340,-0.5258,0.0000,-0.0000,0.0000,-0.4287
2026-04-25 10:56:39.614,0,10,10,0.00,-0.0001,0.0000,-1.6340,-0.5258,0.0000,-0.0000,0.0000,-0.4287
2026-04-25 10:56:40.114,0,10,10,0.00,-0.0001,0.0000,-1.6340,-0.5258,0.0000,-0.0000,0.0000,-0.4287
2026-04-25 10:56:40.614,0,10,10,0.00,0.0000,-0.0001,-1.6340,-0.5258,0.0000,-0.0000,0.0000,-0.4287
2026-04-25 10:56:41.114,0,10,10,0.00,-0.0001,0.0000,-1.6340,-0.5258,0.0000,-0.0000,0.0000,-0.4287
2026-04-25 10:56:41.613,0,10,10,0.00,0.0000,0.0000,-1.6340,-0.5258,0.0000,-0.0000,0.0000,-0.4287
2026-04-25 10:56:42.114,0,10,10,0.00,0.0000,-0.0003,-1.6340,-0.5258,0.0000,-0.0000,0.0000,-0.4287
2026-04-25 10:56:42.613,0,10,10,0.00,0.0000,0.0000,-1.6340,-0.5258,0.0000,-0.0000,0.0000,-0.4287
2026-04-25 10:56:43.113,0,10,10,0.00,0.0000,0.0000,-1.6340,-0.5258,0.0000,-0.0000,0.0000,-0.4287
2026-04-25 10:56:43.614,0,10,10,0.00,0.0000,0.0000,-1.6340,-0.5258,0.0000,-0.0000,0.0000,-0.4287
2026-04-25 10:56:44.113,0,10,10,0.00,0.0000,0.0001,-1.6340,-0.5258,0.0000,-0.0000,0.0000,-0.4287
2026-04-25 10:56:44.613,0,10,10,0.00,-0.0001,-0.0001,-1.6340,-0.5258,0.0000,-0.0000,0.0000,-0.4287
2026-04-25 10:56:45.113,0,10,10,0.00,0.0003,0.0000,-1.6340,-0.5258,0.0000,-0.0000,0.0000,-0.4287
2026-04-25 10:56:45.613,0,10,10,0.00,0.0000,0.0000,-1.6340,-0.5258,0.0000,-0.0000,0.0000,-0.4287
2026-04-25 10:56:46.113,0,10,10,0.00,0.0000,0.0001,-1.6340,-0.5258,0.0000,-0.0000,0.0000,-0.4287
2026-04-25 10:56:46.613,0,10,10,0.00,0.0000,-0.0001,-1.6340,-0.5258,0.0000,-0.0000,0.0000,-0.4287
2026-04-25 10:56:47.113,0,10,10,0.00,0.0000,-0.0001,-1.6340,-0.5258,0.0000,-0.0000,0.0000,-0.4287
2026-04-25 10:56:47.613,0,10,10,0.00,0.0000,0.0001,-1.6340,-0.5258,0.0000,-0.0000,0.0000,-0.4287
2026-04-25 10:56:48.113,0,10,10,0.00,0.0000,0.0000,-1.6340,-0.5258,0.0000,-0.0000,0.0000,-0.4287
2026-04-25 10:56:48.614,0,10,10,0.00,0.0000,0.0000,-1.6340,-0.5258,0.0000,-0.0000,0.0000,-0.4287
2026-04-25 10:56:49.113,0,10,10,0.00,0.0000,0.0000,-1.6340,-0.5258,0.0000,-0.0000,0.0000,-0.4287
2026-04-25 10:56:49.613,0,10,10,0.00,0.0000,0.0001,-1.6340,-0.5258,0.0000,-0.0000,0.0000,-0.4287
2026-04-25 10:56:50.114,0,10,10,0.00,0.0000,0.0000,-1.6340,-0.5258,0.0000,-0.0000,0.0000,-0.4287
2026-04-25 10:56:50.613,0,10,10,0.00,0.0001,-0.0001,-1.6340,-0.5258,0.0000,-0.0000,0.0000,-0.4287
2026-04-25 10:56:51.114,0,10,10,0.00,0.0000,0.0001,-1.6340,-0.5258,0.0000,-0.0000,0.0000,-0.4287
2026-04-25 10:56:51.613,0,10,10,0.00,0.0000,0.0000,-1.6340,-0.5258,0.0000,-0.0000,0.0000,-0.4287
2026-04-25 10:56:52.113,0,10,10,0.00,0.0001,-0.0001,-1.6340,-0.5258,0.0000,-0.0000,0.0000,-0.4287
2026-04-25 10:56:52.613,0,10,10,0.00,0.0001,-0.0003,-1.6340,-0.5258,0.0000,-0.0000,0.0000,-0.4287
2026-04-25 10:56:53.113,0,10,10,0.00,0.0000,0.0001,-1.6340,-0.5258,0.0000,-0.0000,0.0000,-0.4287
2026-04-25 10:56:53.613,0,10,10,0.00,0.0001,-0.0003,-1.6340,-0.5258,0.0000,-0.0000,0.0000,-0.4287
2026-04-25 10:56:54.113,0,10,10,0.00,0.0000,0.0000,-1.6340,-0.5258,0.0000,-0.0000,0.0000,-0.4287
2026-04-25 10:56:54.613,0,10,10,0.00,0.0000,0.0000,-1.6340,-0.5258,0.0000,-0.0000,0.0000,-0.4287
2026-04-25 10:56:55.113,0,10,10,0.00,0.0000,0.0000,-1.6340,-0.5258,0.0000,-0.0000,0.0000,-0.4287
2026-04-25 10:56:55.614,0,10,10,0.00,0.0000,0.0000,-1.6340,-0.5258,0.0000,-0.0000,0.0000,-0.4287
2026-04-25 10:56:56.114,0,10,10,0.00,-0.0001,0.0000,-1.6340,-0.5258,0.0000,-0.0000,0.0000,-0.4287
2026-04-25 10:56:56.614,0,10,10,0.00,0.0000,0.0000,-1.6340,-0.5258,0.0000,-0.0000,0.0000,-0.4287
2026-04-25 10:56:57.113,0,10,10,0.00,0.0000,0.0001,-1.6340,-0.5258,0.0000,-0.0000,0.0000,-0.4287
2026-04-25 10:56:57.613,0,10,10,0.00,0.0000,0.0001,-1.6340,-0.5258,0.0000,-0.0000,0.0000,-0.4287
2026-04-25 10:56:58.113,0,10,10,0.00,0.0000,0.0003,-1.6340,-0.5258,0.0000,-0.0000,0.0000,-0.4287
2026-04-25 10:56:58.613,0,10,10,0.00,0.0000,0.0001,-1.6340,-0.5258,0.0000,-0.0000,0.0000,-0.4287
2026-04-25 10:56:59.113,0,10,10,0.00,-0.0001,-0.0003,-1.6340,-0.5258,0.0000,-0.0000,0.0000,-0.4287
2026-04-25 10:56:59.614,0,10,10,0.00,-0.0001,-0.0001,-1.6340,-0.5258,0.0000,-0.0000,0.0000,-0.4287
2026-04-25 10:57:00.113,0,10,10,0.00,0.0000,0.0000,-1.6340,-0.5258,0.0000,-0.0000,0.0000,-0.4287
2026-04-25 10:57:00.615,0,10,10,0.00,0.0000,0.0001,-1.6340,-0.5258,0.0000,-0.0000,0.0000,-0.4287
2026-04-25 10:57:01.115,0,10,10,0.00,0.0000,-0.0001,-1.6340,-0.5258,0.0000,-0.0000,0.0000,-0.4287
2026-04-25 10:57:01.613,0,10,10,0.00,-0.0001,0.0000,-1.6340,-0.5258,0.0000,-0.0000,0.0000,-0.4287
2026-04-25 10:57:02.113,0,10,10,0.00,0.0000,-0.0001,-1.6340,-0.5258,0.0000,-0.0000,0.0000,-0.4287
2026-04-25 10:57:02.613,0,10,10,0.00,0.0000,0.0000,-1.6340,-0.5258,0.0000,-0.0000,0.0000,-0.4287
2026-04-25 10:57:03.113,0,10,10,0.00,0.0000,-0.0003,-1.6340,-0.5258,0.0000,-0.0000,0.0000,-0.4287
2026-04-25 10:57:03.613,0,10,10,0.00,0.0000,-0.0001,-1.6340,-0.5258,0.0000,-0.0000,0.0000,-0.4287
2026-04-25 10:57:04.113,0,10,10,0.00,0.0000,0.0000,-1.6340,-0.5258,0.0000,-0.0000,0.0000,-0.4287
2026-04-25 10:57:04.614,0,10,10,0.00,0.0000,0.0003,-1.6340,-0.5258,0.0000,-0.0000,0.0000,-0.4287
2026-04-25 10:57:05.113,0,10,10,0.00,0.0000,0.0000,-1.6340,-0.5258,0.0000,-0.0000,0.0000,-0.4287
2026-04-25 10:57:05.613,0,10,10,0.00,0.0000,0.0005,-1.6340,-0.5258,0.0000,-0.0000,0.0000,-0.4287
2026-04-25 10:57:06.113,0,10,10,0.00,-0.0001,0.0000,-1.6340,-0.5258,0.0000,-0.0000,0.0000,-0.4287
2026-04-25 10:57:06.614,0,10,10,0.00,0.0000,0.0005,-1.6340,-0.5258,0.0000,-0.0000,0.0000,-0.4287
2026-04-25 10:57:07.113,0,10,10,0.00,0.0000,0.0000,-1.6340,-0.5258,0.0000,-0.0000,0.0000,-0.4287
2026-04-25 10:57:07.614,0,10,10,0.00,-0.0001,-0.0001,-1.6340,-0.5258,0.0000,-0.0000,0.0000,-0.4287
2026-04-25 10:57:08.114,0,10,10,0.00,0.0000,0.0001,-1.6340,-0.5258,0.0000,-0.0000,0.0000,-0.4287
2026-04-25 10:57:08.614,0,10,10,0.00,0.0000,-0.0001,-1.6340,-0.5258,0.0000,-0.0000,0.0000,-0.4287
2026-04-25 10:57:09.113,0,10,10,0.00,0.0000,0.0000,-1.6340,-0.5258,0.0000,-0.0000,0.0000,-0.4287
2026-04-25 10:57:09.613,0,10,10,0.00,0.0001,0.0001,-1.6340,-0.5258,0.0000,-0.0000,0.0000,-0.4287
2026-04-25 10:57:10.114,0,10,10,0.00,0.0000,0.0000,-1.6340,-0.5258,0.0000,-0.0000,0.0000,-0.4287
2026-04-25 10:57:10.613,0,10,10,0.00,0.0000,-0.0001,-1.6340,-0.5258,0.0000,-0.0000,0.0000,-0.4287
2026-04-25 10:57:11.113,0,10,10,0.00,0.0000,0.0003,-1.6340,-0.5258,0.0000,-0.0000,0.0000,-0.4287
2026-04-25 10:57:11.613,0,10,10,0.00,0.0000,0.0000,-1.6340,-0.5258,0.0000,-0.0000,0.0000,-0.4287
2026-04-25 10:57:12.113,0,10,10,0.00,0.0000,0.0000,-1.6340,-0.5258,0.0000,-0.0000,0.0000,-0.4287
2026-04-25 10:57:12.613,0,10,10,0.00,0.0000,0.0007,-1.6340,-0.5258,0.0000,-0.0000,0.0000,-0.4287
2026-04-25 10:57:13.113,0,10,10,0.00,0.0000,-0.0001,-1.6340,-0.5258,0.0000,-0.0000,0.0000,-0.4287
2026-04-25 10:57:13.616,0,10,10,0.00,-0.0001,-0.0003,-1.6340,-0.5258,0.0000,-0.0000,0.0000,-0.4287
2026-04-25 10:57:14.113,0,10,10,0.00,0.0000,0.0001,-1.6340,-0.5258,0.0000,-0.0000,0.0000,-0.4287
2026-04-25 10:57:14.614,0,10,10,0.00,0.0000,-0.0001,-1.6340,-0.5258,0.0000,-0.0000,0.0000,-0.4287
2026-04-25 10:57:15.113,0,10,10,0.00,0.0000,0.0003,-1.6340,-0.5258,0.0000,-0.0000,0.0000,-0.4287
2026-04-25 10:57:15.615,0,10,10,0.00,0.0000,-0.0003,-1.6340,-0.5258,0.0000,-0.0000,0.0000,-0.4287
2026-04-25 10:57:16.113,0,10,10,0.00,0.0000,0.0001,-1.6340,-0.5258,0.0000,-0.0000,0.0000,-0.4287
2026-04-25 10:57:16.613,0,10,10,0.00,0.0000,-0.0001,-1.6340,-0.5258,0.0000,-0.0000,0.0000,-0.4287
2026-04-25 10:57:17.113,0,10,10,0.00,0.0000,0.0000,-1.6340,-0.5258,0.0000,-0.0000,0.0000,-0.4287
2026-04-25 10:57:17.615,0,10,10,0.00,0.0001,0.0000,-1.6340,-0.5258,0.0000,-0.0000,0.0000,-0.4287
2026-04-25 10:57:18.113,0,10,10,0.00,0.0000,0.0000,-1.6340,-0.5258,0.0000,-0.0000,0.0000,-0.4287
2026-04-25 10:57:18.613,0,10,10,0.00,0.0000,0.0000,-1.6340,-0.5258,0.0000,-0.0000,0.0000,-0.4287
2026-04-25 10:57:19.113,0,10,10,0.00,0.0000,0.0003,-1.6340,-0.5258,0.0000,-0.0000,0.0000,-0.4287
2026-04-25 10:57:19.614,0,10,10,0.00,0.0000,0.0000,-1.6340,-0.5258,0.0000,-0.0000,0.0000,-0.4287
2026-04-25 10:57:20.113,0,10,10,0.00,0.0000,0.0001,-1.6340,-0.5258,0.0000,-0.0000,0.0000,-0.4287
2026-04-25 10:57:20.613,0,10,10,0.00,0.0000,0.0000,-1.6340,-0.5258,0.0000,-0.0000,0.0000,-0.4287
2026-04-25 10:57:21.113,0,10,10,0.00,0.0000,0.0000,-1.6340,-0.5258,0.0000,-0.0000,0.0000,-0.4287
2026-04-25 10:57:21.613,0,10,10,0.00,0.0000,0.0000,-1.6340,-0.5258,0.0000,-0.0000,0.0000,-0.4287
2026-04-25 10:57:22.113,0,10,10,0.00,0.0000,-0.0001,-1.6340,-0.5258,0.0000,-0.0000,0.0000,-0.4287
2026-04-25 10:57:22.613,0,10,10,0.00,0.0000,0.0000,-1.6340,-0.5258,0.0000,-0.0000,0.0000,-0.4287
2026-04-25 10:57:23.113,0,10,10,0.00,0.0000,0.0003,-1.6340,-0.5258,0.0000,-0.0000,0.0000,-0.4287
2026-04-25 10:57:23.614,0,10,10,0.00,0.0000,0.0001,-1.6340,-0.5258,0.0000,-0.0000,0.0000,-0.4287
2026-04-25 10:57:24.113,0,10,10,0.00,0.0000,0.0000,-1.6340,-0.5258,0.0000,-0.0000,0.0000,-0.4287
2026-04-25 10:57:24.613,0,10,10,0.00,0.0000,0.0001,-1.6340,-0.5258,0.0000,-0.0000,0.0000,-0.4287
2026-04-25 10:57:25.113,0,10,10,0.00,0.0001,0.0000,-1.6340,-0.5258,0.0000,-0.0000,0.0000,-0.4287
2026-04-25 10:57:25.613,0,10,10,0.00,0.0000,0.0003,-1.6340,-0.5258,0.0000,-0.0000,0.0000,-0.4287
2026-04-25 10:57:26.114,0,10,10,0.00,0.0000,0.0001,-1.6340,-0.5258,0.0000,-0.0000,0.0000,-0.4287
2026-04-25 10:57:26.613,0,10,10,0.00,0.0000,-0.0001,-1.6340,-0.5258,0.0000,-0.0000,0.0000,-0.4287
2026-04-25 10:57:27.113,0,10,10,0.00,-0.0003,0.0001,-1.6340,-0.5258,0.0000,-0.0000,0.0000,-0.4287
2026-04-25 10:57:27.613,0,10,10,0.00,0.0000,0.0000,-1.6340,-0.5258,0.0000,-0.0000,0.0000,-0.4287
2026-04-25 10:57:28.113,0,10,10,0.00,0.0000,-0.0001,-1.6340,-0.5258,0.0000,-0.0000,0.0000,-0.4287
2026-04-25 10:57:28.613,0,10,10,0.00,0.0000,0.0001,-1.6340,-0.5258,0.0000,-0.0000,0.0000,-0.4287
2026-04-25 10:57:29.113,0,10,10,0.00,0.0000,0.0001,-1.6340,-0.5258,0.0000,-0.0000,0.0000,-0.4287
2026-04-25 10:57:29.614,0,10,10,0.00,0.0001,0.0001,-1.6340,-0.5258,0.0000,-0.0000,0.0000,-0.4287
2026-04-25 10:57:30.114,0,10,10,0.00,-0.0001,0.0000,-1.6340,-0.5258,0.0000,-0.0000,0.0000,-0.4287
2026-04-25 10:57:30.613,0,10,10,0.00,0.0004,0.0000,-1.6340,-0.5258,0.0000,-0.0000,0.0000,-0.4287
2026-04-25 10:57:31.113,0,10,10,0.00,0.0000,-0.0001,-1.6340,-0.5258,0.0000,-0.0000,0.0000,-0.4287
2026-04-25 10:57:31.613,0,10,10,0.00,0.0000,-0.0001,-1.6340,-0.5258,0.0000,-0.0000,0.0000,-0.4287
2026-04-25 10:57:32.113,0,10,10,0.00,0.0000,0.0001,-1.6340,-0.5258,0.0000,-0.0000,0.0000,-0.4287
2026-04-25 10:57:32.615,0,10,10,0.00,0.0000,0.0000,-1.6340,-0.5258,0.0000,-0.0000,0.0000,-0.4287
2026-04-25 10:57:33.113,0,10,10,0.00,0.0000,0.0000,-1.6340,-0.5258,0.0000,-0.0000,0.0000,-0.4287
2026-04-25 10:57:33.613,0,10,10,0.00,-0.0003,-0.0001,-1.6340,-0.5258,0.0000,-0.0000,0.0000,-0.4287
2026-04-25 10:57:34.113,0,10,10,0.00,0.0000,-0.0001,-1.6340,-0.5258,0.0000,-0.0000,0.0000,-0.4287
2026-04-25 10:57:34.613,0,10,10,0.00,0.0001,0.0000,-1.6340,-0.5258,0.0000,-0.0000,0.0000,-0.4287
2026-04-25 10:57:35.113,0,10,10,0.00,-0.0001,0.0000,-1.6340,-0.5258,0.0000,-0.0000,0.0000,-0.4287
2026-04-25 10:57:35.614,0,10,10,0.00,0.0000,0.0000,-1.6340,-0.5258,0.0000,-0.0000,0.0000,-0.4287
2026-04-25 10:57:36.114,0,10,10,0.00,0.0001,0.0000,-1.6340,-0.5258,0.0000,-0.0000,0.0000,-0.4287
2026-04-25 10:57:36.614,0,10,10,0.00,0.0000,0.0000,-1.6340,-0.5258,0.0000,-0.0000,0.0000,-0.4287
2026-04-25 10:57:37.113,0,10,10,0.00,0.0000,-0.0001,-1.6340,-0.5258,0.0000,-0.0000,0.0000,-0.4287
2026-04-25 10:57:37.615,0,10,10,0.00,0.0000,0.0001,-1.6340,-0.5258,0.0000,-0.0000,0.0000,-0.4287
2026-04-25 10:57:38.113,0,10,10,0.00,0.0000,-0.0008,-1.6340,-0.5258,0.0000,-0.0000,0.0000,-0.4287
2026-04-25 10:57:38.614,0,10,10,0.00,0.0000,0.0000,-1.6340,-0.5258,0.0000,-0.0000,0.0000,-0.4287
2026-04-25 10:57:39.114,0,10,10,0.00,0.0000,0.0001,-1.6340,-0.5258,0.0000,-0.0000,0.0000,-0.4287
2026-04-25 10:57:39.613,0,10,10,0.00,0.0000,0.0000,-1.6340,-0.5258,0.0000,-0.0000,0.0000,-0.4287
2026-04-25 10:57:40.114,0,10,10,0.00,0.0000,0.0000,-1.6340,-0.5258,0.0000,-0.0000,0.0000,-0.4287
2026-04-25 10:57:40.613,0,10,10,0.00,0.0000,0.0004,-1.6340,-0.5258,0.0000,-0.0000,0.0000,-0.4287
2026-04-25 10:57:41.114,0,10,10,0.00,0.0000,0.0000,-1.6340,-0.5258,0.0000,-0.0000,0.0000,-0.4287
2026-04-25 10:57:41.614,0,10,10,0.00,0.0005,0.0001,-1.6340,-0.5258,0.0000,-0.0000,0.0000,-0.4287
2026-04-25 10:57:42.114,0,10,10,0.00,0.0000,-0.0003,-1.6340,-0.5258,0.0000,-0.0000,0.0000,-0.4287
2026-04-25 10:57:42.615,0,10,10,0.00,0.0001,0.0000,-1.6340,-0.5258,0.0000,-0.0000,0.0000,-0.4287
2026-04-25 10:57:43.114,0,10,10,0.00,0.0000,-0.0003,-1.6340,-0.5258,0.0000,-0.0000,0.0000,-0.4287
2026-04-25 10:57:43.614,0,10,10,0.00,0.0000,0.0000,-1.6340,-0.5258,0.0000,-0.0000,0.0000,-0.4287
2026-04-25 10:57:44.113,0,10,10,0.00,-0.0001,0.0000,-1.6340,-0.5258,0.0000,-0.0000,0.0000,-0.4287
2026-04-25 10:57:44.613,0,10,10,0.00,0.0000,0.0001,-1.6340,-0.5258,0.0000,-0.0000,0.0000,-0.4287
2026-04-25 10:57:45.115,0,10,10,0.00,0.0000,0.0005,-1.6340,-0.5258,0.0000,-0.0000,0.0000,-0.4287
2026-04-25 10:57:45.613,0,10,10,0.00,0.0000,-0.0003,-1.6340,-0.5258,0.0000,-0.0000,0.0000,-0.4287
2026-04-25 10:57:46.114,0,10,10,0.00,0.0000,0.0001,-1.6340,-0.5258,0.0000,-0.0000,0.0000,-0.4287
2026-04-25 10:57:46.614,0,10,10,0.00,0.0000,0.0000,-1.6340,-0.5258,0.0000,-0.0000,0.0000,-0.4287
2026-04-25 10:57:47.113,0,10,10,0.00,0.0000,0.0000,-1.6340,-0.5258,0.0000,-0.0000,0.0000,-0.4287
2026-04-25 10:57:47.613,0,10,10,0.00,0.0000,0.0001,-1.6340,-0.5258,0.0000,-0.0000,0.0000,-0.4287
2026-04-25 10:57:48.114,0,10,10,0.00,0.0001,-0.0001,-1.6340,-0.5258,0.0000,-0.0000,0.0000,-0.4287
2026-04-25 10:57:48.614,0,10,10,0.00,0.0000,0.0001,-1.6340,-0.5258,0.0000,-0.0000,0.0000,-0.4287
2026-04-25 10:57:49.113,0,10,10,0.00,0.0000,0.0003,-1.6340,-0.5258,0.0000,-0.0000,0.0000,-0.4287
2026-04-25 10:57:49.613,0,10,10,0.00,0.0003,0.0000,-1.6340,-0.5258,0.0000,-0.0000,0.0000,-0.4287
2026-04-25 10:57:50.113,0,10,10,0.00,0.0000,0.0000,-1.6340,-0.5258,0.0000,-0.0000,0.0000,-0.4287
2026-04-25 10:57:50.614,0,10,10,0.00,0.0000,0.0000,-1.6340,-0.5258,0.0000,-0.0000,0.0000,-0.4287
2026-04-25 10:57:51.115,0,10,10,0.00,0.0000,0.0000,-1.6340,-0.5258,0.0000,-0.0000,0.0000,-0.4287
2026-04-25 10:57:51.613,0,10,10,0.00,0.0000,0.0000,-1.6340,-0.5258,0.0000,-0.0000,0.0000,-0.4287
2026-04-25 10:57:52.113,0,10,10,0.00,0.0000,0.0005,-1.6340,-0.5258,0.0000,-0.0000,0.0000,-0.4287
2026-04-25 10:57:52.613,0,10,10,0.00,0.0000,0.0003,-1.6340,-0.5258,0.0000,-0.0000,0.0000,-0.4287
2026-04-25 10:57:53.114,0,10,10,0.00,0.0000,-0.0001,-1.6340,-0.5258,0.0000,-0.0000,0.0000,-0.4287
2026-04-25 10:57:53.614,0,10,10,0.00,0.0000,0.0001,-1.6340,-0.5258,0.0000,-0.0000,0.0000,-0.4287
2026-04-25 10:57:54.113,0,10,10,0.00,0.0000,0.0000,-1.6340,-0.5258,0.0000,-0.0000,0.0000,-0.4287
2026-04-25 10:57:54.613,0,10,10,0.00,0.0000,-0.0003,-1.6340,-0.5258,0.0000,-0.0000,0.0000,-0.4287
2026-04-25 10:57:55.113,0,10,10,0.00,0.0001,0.0000,-1.6340,-0.5258,0.0000,-0.0000,0.0000,-0.4287
2026-04-25 10:57:55.615,0,10,10,0.00,0.0000,-0.0001,-1.6340,-0.5258,0.0000,-0.0000,0.0000,-0.4287
2026-04-25 10:57:56.113,0,10,10,0.00,0.0000,0.0000,-1.6340,-0.5258,0.0000,-0.0000,0.0000,-0.4287
2026-04-25 10:57:56.614,0,10,10,0.00,0.0000,0.0000,-1.6340,-0.5258,0.0000,-0.0000,0.0000,-0.4287
2026-04-25 10:57:57.114,0,10,10,0.00,0.0000,0.0000,-1.6340,-0.5258,0.0000,-0.0000,0.0000,-0.4287
2026-04-25 10:57:57.613,0,10,10,0.00,0.0001,0.0004,-1.6340,-0.5258,0.0000,-0.0000,0.0000,-0.4287
2026-04-25 10:57:58.114,0,10,10,0.00,-0.0001,0.0000,-1.6340,-0.5258,0.0000,-0.0000,0.0000,-0.4287
2026-04-25 10:57:58.614,0,10,10,0.00,0.0000,0.0001,-1.6340,-0.5258,0.0000,-0.0000,0.0000,-0.4287
2026-04-25 10:57:59.113,0,10,10,0.00,0.0001,-0.0003,-1.6340,-0.5258,0.0000,-0.0000,0.0000,-0.4287
2026-04-25 10:57:59.613,0,10,10,0.00,0.0001,0.0000,-1.6340,-0.5258,0.0000,-0.0000,0.0000,-0.4287
2026-04-25 10:58:00.115,0,10,10,0.00,0.0000,-0.0001,-1.6340,-0.5258,0.0000,-0.0000,0.0000,-0.4287
2026-04-25 10:58:00.613,0,10,10,0.00,0.0003,0.0004,-1.6340,-0.5258,0.0000,-0.0000,0.0000,-0.4287
2026-04-25 10:58:01.113,0,10,10,0.00,0.0000,-0.0001,-1.6340,-0.5258,0.0000,-0.0000,0.0000,-0.4287
2026-04-25 10:58:01.614,0,10,10,0.00,0.0000,0.0001,-1.6340,-0.5258,0.0000,-0.0000,0.0000,-0.4287
2026-04-25 10:58:02.113,0,10,10,0.00,0.0000,0.0000,-1.6340,-0.5258,0.0000,-0.0000,0.0000,-0.4287
2026-04-25 10:58:02.613,0,10,10,0.00,0.0001,0.0000,-1.6340,-0.5258,0.0000,-0.0000,0.0000,-0.4287
2026-04-25 10:58:03.113,0,10,10,0.00,0.0001,0.0003,-1.6340,-0.5258,0.0000,-0.0000,0.0000,-0.4287
2026-04-25 10:58:03.613,0,10,10,0.00,-0.0001,-0.0001,-1.6340,-0.5258,0.0000,-0.0000,0.0000,-0.4287
2026-04-25 10:58:04.115,0,10,10,0.00,0.0000,0.0000,-1.6340,-0.5258,0.0000,-0.0000,0.0000,-0.4287
2026-04-25 10:58:04.613,0,10,10,0.00,0.0000,0.0001,-1.6340,-0.5258,0.0000,-0.0000,0.0000,-0.4287
2026-04-25 10:58:05.113,0,10,10,0.00,0.0003,-0.0001,-1.6340,-0.5258,0.0000,-0.0000,0.0000,-0.4287
2026-04-25 10:58:05.614,0,10,10,0.00,-0.0003,0.0001,-1.6340,-0.5258,0.0000,-0.0000,0.0000,-0.4287
2026-04-25 10:58:06.113,0,10,10,0.00,0.0000,0.0001,-1.6340,-0.5258,0.0000,-0.0000,0.0000,-0.4287
2026-04-25 10:58:06.613,0,10,10,0.00,0.0000,0.0001,-1.6340,-0.5258,0.0000,-0.0000,0.0000,-0.4287
2026-04-25 10:58:07.113,0,10,10,0.00,-0.0007,-0.0004,-1.6340,-0.5258,0.0000,-0.0000,0.0000,-0.4287
2026-04-25 10:58:07.614,0,10,10,0.00,-0.0001,0.0004,-1.6340,-0.5258,0.0000,-0.0000,0.0000,-0.4287
2026-04-25 10:58:08.114,0,10,10,0.00,0.0000,0.0001,-1.6340,-0.5258,0.0000,-0.0000,0.0000,-0.4287
2026-04-25 10:58:08.613,0,10,10,0.00,0.0000,0.0000,-1.6340,-0.5258,0.0000,-0.0000,0.0000,-0.4287
2026-04-25 10:58:09.113,0,10,10,0.00,0.0000,0.0000,-1.6340,-0.5258,0.0000,-0.0000,0.0000,-0.4287
2026-04-25 10:58:09.613,0,10,10,0.00,0.0000,-0.0001,-1.6340,-0.5258,0.0000,-0.0000,0.0000,-0.4287
2026-04-25 10:58:10.113,0,10,10,0.00,0.0000,0.0000,-1.6340,-0.5258,0.0000,-0.0000,0.0000,-0.4287
2026-04-25 10:58:10.613,0,10,10,0.00,0.0000,0.0003,-1.6340,-0.5258,0.0000,-0.0000,0.0000,-0.4287
2026-04-25 10:58:11.113,0,10,10,0.00,0.0000,0.0000,-1.6340,-0.5258,0.0000,-0.0000,0.0000,-0.4287
2026-04-25 10:58:11.613,0,10,10,0.00,-0.0001,0.0004,-1.6340,-0.5258,0.0000,-0.0000,0.0000,-0.4287
2026-04-25 10:58:12.115,0,10,10,0.00,0.0004,0.0001,-1.6340,-0.5258,0.0000,-0.0000,0.0000,-0.4287
2026-04-25 10:58:12.614,0,10,10,0.00,0.0000,0.0001,-1.6340,-0.5258,0.0000,-0.0000,0.0000,-0.4287
2026-04-25 10:58:13.113,0,10,10,0.00,0.0000,0.0001,-1.6340,-0.5258,0.0000,-0.0000,0.0000,-0.4287
2026-04-25 10:58:13.614,0,10,10,0.00,0.0000,0.0000,-1.6340,-0.5258,0.0000,-0.0000,0.0000,-0.4287
2026-04-25 10:58:14.113,0,10,10,0.00,0.0000,0.0000,-1.6340,-0.5258,0.0000,-0.0000,0.0000,-0.4287
2026-04-25 10:58:14.613,0,10,10,0.00,0.0000,0.0000,-1.6340,-0.5258,0.0000,-0.0000,0.0000,-0.4287
2026-04-25 10:58:15.113,0,10,10,0.00,0.0000,0.0000,-1.6340,-0.5258,0.0000,-0.0000,0.0000,-0.4287
2026-04-25 10:58:15.614,0,10,10,0.00,0.0000,0.0000,-1.6340,-0.5258,0.0000,-0.0000,0.0000,-0.4287
2026-04-25 10:58:16.113,0,10,10,0.00,0.0000,-0.0003,-1.6340,-0.5258,0.0000,-0.0000,0.0000,-0.4287
2026-04-25 10:58:16.614,0,10,10,0.00,0.0000,0.0000,-1.6340,-0.5258,0.0000,-0.0000,0.0000,-0.4287
2026-04-25 10:58:17.113,0,10,10,0.00,0.0001,0.0000,-1.6340,-0.5258,0.0000,-0.0000,0.0000,-0.4287
2026-04-25 10:58:17.614,0,10,10,0.00,-0.0001,-0.0003,-1.6340,-0.5258,0.0000,-0.0000,0.0000,-0.4287
2026-04-25 10:58:18.113,0,10,10,0.00,0.0000,0.0001,-1.6340,-0.5258,0.0000,-0.0000,0.0000,-0.4287
2026-04-25 10:58:18.614,0,10,10,0.00,0.0000,0.0000,-1.6340,-0.5258,0.0000,-0.0000,0.0000,-0.4287
2026-04-25 10:58:19.113,0,10,10,0.00,-0.0001,0.0000,-1.6340,-0.5258,0.0000,-0.0000,0.0000,-0.4287
2026-04-25 10:58:19.614,0,10,10,0.00,0.0000,-0.0001,-1.6340,-0.5258,0.0000,-0.0000,0.0000,-0.4287
2026-04-25 10:58:20.113,0,10,10,0.00,0.0000,0.0000,-1.6340,-0.5258,0.0000,-0.0000,0.0000,-0.4287
2026-04-25 10:58:20.614,0,10,10,0.00,0.0000,0.0000,-1.6340,-0.5258,0.0000,-0.0000,0.0000,-0.4287
2026-04-25 10:58:21.114,0,10,10,0.00,-0.0001,-0.0001,-1.6340,-0.5258,0.0000,-0.0000,0.0000,-0.4287
2026-04-25 10:58:21.615,0,10,10,0.00,0.0000,0.0003,-1.6340,-0.5258,0.0000,-0.0000,0.0000,-0.4287
2026-04-25 10:58:22.113,0,10,10,0.00,0.0000,0.0000,-1.6340,-0.5258,0.0000,-0.0000,0.0000,-0.4287
2026-04-25 10:58:22.613,0,10,10,0.00,0.0000,0.0000,-1.6340,-0.5258,0.0000,-0.0000,0.0000,-0.4287
2026-04-25 10:58:23.113,0,10,10,0.00,-0.0001,0.0000,-1.6340,-0.5258,0.0000,-0.0000,0.0000,-0.4287
2026-04-25 10:58:23.613,0,10,10,0.00,-0.0001,0.0003,-1.6340,-0.5258,0.0000,-0.0000,0.0000,-0.4287
2026-04-25 10:58:24.114,0,10,10,0.00,0.0001,0.0000,-1.6340,-0.5258,0.0000,-0.0000,0.0000,-0.4287
2026-04-25 10:58:24.613,0,10,10,0.00,-0.0003,0.0000,-1.6340,-0.5258,0.0000,-0.0000,0.0000,-0.4287
2026-04-25 10:58:25.114,0,10,10,0.00,0.0000,0.0000,-1.6340,-0.5258,0.0000,-0.0000,0.0000,-0.4287
2026-04-25 10:58:25.613,0,10,10,0.00,0.0000,-0.0001,-1.6340,-0.5258,0.0000,-0.0000,0.0000,-0.4287
2026-04-25 10:58:26.113,0,10,10,0.00,-0.0001,0.0001,-1.6340,-0.5258,0.0000,-0.0000,0.0000,-0.4287
2026-04-25 10:58:26.613,0,10,10,0.00,0.0001,-0.0003,-1.6340,-0.5258,0.0000,-0.0000,0.0000,-0.4287
2026-04-25 10:58:27.113,0,10,10,0.00,-0.0003,0.0000,-1.6340,-0.5258,0.0000,-0.0000,0.0000,-0.4287
2026-04-25 10:58:27.613,0,10,10,0.00,0.0001,0.0000,-1.6340,-0.5258,0.0000,-0.0000,0.0000,-0.4287
2026-04-25 10:58:28.113,0,10,10,0.00,-0.0001,-0.0001,-1.6340,-0.5258,0.0000,-0.0000,0.0000,-0.4287
2026-04-25 10:58:28.613,0,10,10,0.00,0.0001,0.0000,-1.6340,-0.5258,0.0000,-0.0000,0.0000,-0.4287
2026-04-25 10:58:29.113,0,10,10,0.00,-0.0003,-0.0387,-1.6352,-0.5246,0.0000,-0.0000,0.0000,-0.4287
2026-04-25 10:58:29.614,0,10,10,0.00,0.0003,-0.2303,-1.6541,-0.5033,0.0000,-0.0000,0.0000,-0.4287
2026-04-25 10:58:30.113,0,10,10,0.00,0.0000,-0.3875,-1.6958,-0.4325,0.0000,-0.0000,0.0000,-14.4898
2026-04-25 10:58:30.614,0,10,10,0.00,-0.0004,-0.3807,-1.7171,-0.3272,0.0000,-0.0000,0.0000,-35.6100
2026-04-25 10:58:31.113,0,10,10,0.00,-0.0001,-0.0330,-1.7140,-0.2829,0.0000,-0.0000,0.0000,-50.1844
2026-04-25 10:58:31.613,0,10,10,0.00,0.0000,0.0000,-1.7141,-0.2831,0.0000,-0.0000,0.0000,-50.9139
2026-04-25 10:58:32.113,0,10,10,0.00,0.0000,0.0000,-1.7141,-0.2831,0.0000,-0.0000,0.0000,-50.9139
2026-04-25 10:58:32.615,0,9,10,0.00,-0.0004,0.0001,-1.7144,-0.2857,0.0000,-0.0000,0.0000,-50.9139
2026-04-25 10:58:33.113,0,10,10,0.00,-0.1660,0.0001,-1.7181,-0.3074,0.0000,-0.0000,0.0000,-50.9139
2026-04-25 10:58:33.613,0,10,10,0.00,-0.3176,0.0005,-1.7373,-0.3659,0.0000,-0.0000,0.0000,-61.9618
2026-04-25 10:58:34.113,0,10,10,0.00,-0.4538,0.0000,-1.7936,-0.4482,0.0000,-0.0000,0.0000,-80.3465
2026-04-25 10:58:34.613,0,10,10,0.00,-0.1369,0.0001,-1.8511,-0.4933,0.0000,-0.0000,0.0000,-101.9793
2026-04-25 10:58:35.113,0,10,10,0.00,0.0285,0.0000,-1.8556,-0.4959,0.0000,-0.0000,0.0000,-105.4361
2026-04-25 10:58:35.614,0,10,10,0.00,0.1901,0.0000,-1.8315,-0.4805,0.0000,-0.0000,0.0000,-103.5550
2026-04-25 10:58:36.113,0,10,10,0.00,0.2611,0.0003,-1.7831,-0.4369,0.0000,-0.0000,0.0000,-92.3185
2026-04-25 10:58:36.613,0,10,10,0.00,-0.0080,0.0003,-1.7687,-0.4192,0.0000,-0.0000,0.0000,-80.7730
2026-04-25 10:58:37.114,0,10,10,0.00,0.0166,0.0000,-1.7687,-0.4192,0.0000,-0.0000,0.0000,-80.7730
2026-04-25 10:58:37.613,0,10,10,0.00,0.1771,0.0000,-1.7545,-0.3980,0.0000,-0.0000,0.0000,-78.8315
2026-04-25 10:58:38.113,0,10,10,0.00,0.0035,-0.0003,-1.7405,-0.3724,0.0000,-0.0000,0.0000,-69.9450
2026-04-25 10:58:38.613,0,10,10,0.00,0.0908,0.0000,-1.7383,-0.3675,0.0000,-0.0000,0.0000,-70.1143
2026-04-25 10:58:39.113,0,10,10,0.00,0.2490,-0.0003,-1.7235,-0.3271,0.0000,-0.0000,0.0000,-64.7914
2026-04-25 10:58:39.615,0,10,10,0.00,0.1898,0.0000,-1.7129,-0.2607,0.0000,-0.0000,0.0000,-51.3039
2026-04-25 10:58:40.114,0,10,10,0.00,-0.0029,-0.0001,-1.7126,-0.2504,0.0000,-0.0000,0.0000,-43.6191
2026-04-25 10:58:40.613,0,10,10,0.00,0.0204,-0.0001,-1.7126,-0.2499,0.0000,-0.0000,0.0000,-43.6191
2026-04-25 10:58:41.113,0,10,10,0.00,0.1839,0.0001,-1.7138,-0.2241,0.0000,-0.0000,0.0000,-42.4624
2026-04-25 10:58:41.613,0,10,10,0.00,-0.0088,-0.0003,-1.7166,-0.2019,0.0000,-0.0000,0.0000,-33.5069
2026-04-25 10:58:42.113,0,10,10,0.00,0.0003,0.0000,-1.7165,-0.2026,0.0000,-0.0000,0.0000,-33.5069
2026-04-25 10:58:42.614,0,9,10,0.00,-0.1196,0.0695,-1.7140,-0.2192,0.0000,-0.0000,0.0000,-33.5069
2026-04-25 10:58:43.113,0,10,10,0.00,-0.2844,0.2856,-1.7010,-0.3197,0.0000,-0.0000,0.0000,-35.9173
2026-04-25 10:58:43.614,0,10,10,0.00,-0.2428,0.2895,-1.6798,-0.4801,0.0000,-0.0000,0.0000,-35.2533
2026-04-25 10:58:44.114,0,10,10,0.00,0.0332,-0.0126,-1.6730,-0.5248,0.0000,-0.0000,0.0000,-33.6989
2026-04-25 10:58:44.618,0,10,10,0.00,0.1977,-0.0001,-1.6799,-0.4940,0.0000,-0.0000,0.0000,-31.8902
2026-04-25 10:58:45.113,0,10,10,0.00,-0.0020,0.0000,-1.6873,-0.4711,0.0000,-0.0000,0.0000,-21.4756
2026-04-25 10:58:45.613,0,10,10,0.00,-0.0534,-0.0115,-1.6862,-0.4741,0.0000,-0.0000,0.0000,-21.4756
2026-04-25 10:58:46.113,0,10,10,0.00,0.0004,-0.1783,-1.6897,-0.4616,0.0000,-0.0000,0.0000,-23.3706
2026-04-25 10:58:46.613,0,10,10,0.00,-0.0030,-0.0412,-1.6966,-0.4269,0.0000,-0.0000,0.0000,-32.6118
2026-04-25 10:58:47.113,0,10,10,0.00,-0.0004,0.0093,-1.6966,-0.4267,0.0000,-0.0000,0.0000,-34.3196
2026-04-25 10:58:47.613,0,10,10,0.00,0.0001,0.1839,-1.6930,-0.4477,0.0000,-0.0000,0.0000,-34.3196
2026-04-25 10:58:48.113,0,10,10,0.00,0.0001,0.2690,-1.6732,-0.5078,0.0000,-0.0000,0.0000,-24.0475
2026-04-25 10:58:48.613,0,10,10,0.00,0.0004,-0.0001,-1.6617,-0.5302,0.0000,-0.0000,0.0000,-13.4185
2026-04-25 10:58:49.113,0,10,10,0.00,0.1204,-0.0003,-1.6681,-0.5195,0.0000,-0.0000,0.0000,-12.2078
2026-04-25 10:58:49.613,0,10,10,0.00,0.0000,0.0004,-1.6772,-0.5058,0.0000,-0.0000,0.0000,-8.6214
2026-04-25 10:58:50.113,0,10,10,0.00,0.0000,0.0000,-1.6772,-0.5058,0.0000,-0.0000,0.0000,-7.3698
2026-04-25 10:58:50.613,0,10,10,0.00,0.0000,-0.0001,-1.6772,-0.5058,0.0000,-0.0000,0.0000,-7.3698
2026-04-25 10:58:51.113,0,10,10,0.00,0.0783,0.0000,-1.6817,-0.4995,0.0000,-0.0000,0.0000,-7.3698
2026-04-25 10:58:51.614,0,10,10,0.00,0.0007,0.0003,-1.6942,-0.4838,0.0000,-0.0000,0.0000,-2.8515
2026-04-25 10:58:52.113,0,10,10,0.00,-0.0331,0.0000,-1.6912,-0.4874,0.0000,-0.0000,0.0000,-2.6538
2026-04-25 10:58:52.613,0,10,10,0.00,-0.0742,-0.0005,-1.6876,-0.4918,0.0000,-0.0000,0.0000,-2.6538
2026-04-25 10:58:53.113,0,10,10,0.00,0.0000,0.0000,-1.6793,-0.5029,0.0000,-0.0000,0.0000,-7.6964
2026-04-25 10:58:53.613,0,10,10,0.00,0.1046,0.0000,-1.6887,-0.4904,0.0000,-0.0000,0.0000,-6.3087
2026-04-25 10:58:54.114,0,10,10,0.00,-0.0035,0.0000,-1.6909,-0.4877,0.0000,-0.0000,0.0000,-3.3973
2026-04-25 10:58:54.616,0,10,10,0.00,-0.0001,-0.0001,-1.6911,-0.4874,0.0000,-0.0000,0.0000,-3.3973
2026-04-25 10:58:55.114,0,10,10,0.00,0.0014,0.0003,-1.6941,-0.4839,0.0000,-0.0000,0.0000,-3.3973
2026-04-25 10:58:55.613,0,10,10,0.00,-0.0615,0.0005,-1.6919,-0.4865,0.0000,-0.0000,0.0000,-3.3973
2026-04-25 10:58:56.113,0,10,10,0.00,0.0029,0.0000,-1.6904,-0.4883,0.0000,-0.0000,0.0000,-3.3973
2026-04-25 10:58:56.614,0,10,10,0.00,0.0003,0.0003,-1.6912,-0.4873,0.0000,-0.0000,0.0000,-3.3973
2026-04-25 10:58:57.114,0,10,10,0.00,0.0004,0.0001,-1.6932,-0.4850,0.0000,-0.0000,0.0000,-3.3973
2026-04-25 10:58:57.614,0,10,10,0.00,-0.0001,0.0000,-1.6930,-0.4853,0.0000,-0.0000,0.0000,-3.3973
2026-04-25 10:58:58.113,0,10,10,0.00,0.0749,-0.0001,-1.7017,-0.4753,0.0000,-0.0000,0.0000,-2.0007
2026-04-25 10:58:58.614,0,10,10,0.00,-0.0547,-0.0009,-1.7020,-0.4750,0.0000,-0.0000,0.0000,0.5602
2026-04-25 10:58:59.113,0,10,10,0.00,-0.1478,-0.1483,-1.6920,-0.4872,0.0000,-0.0000,0.0000,-5.4593
2026-04-25 10:58:59.613,0,10,10,0.00,0.0000,-0.0597,-1.7050,-0.4615,0.0000,-0.0000,0.0000,-20.1049
2026-04-25 10:59:00.114,0,10,10,0.00,0.0181,0.0165,-1.7050,-0.4616,0.0000,-0.0000,0.0000,-20.1049
2026-04-25 10:59:00.614,0,10,10,0.00,-0.0007,0.1542,-1.6997,-0.4716,0.0000,-0.0000,0.0000,-18.7289
2026-04-25 10:59:01.113,0,10,10,0.00,0.0054,0.2488,-1.6664,-0.5198,0.0000,-0.0000,0.0000,-6.9975
2026-04-25 10:59:01.613,0,10,10,0.00,-0.0033,-0.0153,-1.6508,-0.5365,0.0000,-0.0000,0.0000,1.4832
2026-04-25 10:59:02.114,0,10,10,0.00,-0.1666,-0.1055,-1.6471,-0.5408,0.0000,-0.0000,0.0000,-1.4212
2026-04-25 10:59:02.613,0,10,10,0.00,0.0105,-0.0479,-1.6550,-0.5269,0.0000,-0.0000,0.0000,-16.2833
2026-04-25 10:59:03.114,0,10,10,0.00,0.1554,0.0962,-1.6594,-0.5191,0.0000,-0.0000,0.0000,-15.1094
2026-04-25 10:59:03.613,0,10,10,0.00,0.2656,0.2907,-1.6644,-0.5127,0.0000,-0.0000,0.0000,2.5921
2026-04-25 10:59:04.115,0,10,10,0.00,-0.0149,0.2141,-1.6195,-0.5305,0.0000,-0.0000,0.0000,29.6731
2026-04-25 10:59:04.614,0,10,10,0.00,-0.0318,-0.0404,-1.6044,-0.5343,0.0000,-0.0000,0.0000,35.5082
2026-04-25 10:59:05.115,0,10,10,0.00,-0.2022,-0.1545,-1.5962,-0.5371,0.0000,-0.0000,0.0000,28.8299
2026-04-25 10:59:05.613,0,10,10,0.00,-0.3504,-0.3632,-1.5959,-0.5367,0.0000,-0.0000,0.0000,4.5718
2026-04-25 10:59:06.113,0,10,10,0.00,-0.1940,-0.2474,-1.5974,-0.5296,0.0000,-0.0000,0.0000,-34.7359
2026-04-25 10:59:06.613,0,10,10,0.00,0.0000,0.0097,-1.5975,-0.5288,0.0000,-0.0000,0.0000,-45.8581
2026-04-25 10:59:07.114,0,10,10,0.00,0.0736,0.0675,-1.5975,-0.5296,0.0000,-0.0000,0.0000,-45.8581
2026-04-25 10:59:07.614,0,10,10,0.00,0.0669,0.1554,-1.5957,-0.5376,0.0000,-0.0000,0.0000,-32.7324
2026-04-25 10:59:08.114,0,10,10,0.00,0.0005,-0.0007,-1.5932,-0.5467,0.0000,-0.0000,0.0000,-28.3424
2026-04-25 10:59:08.614,0,10,10,0.00,0.0000,0.0000,-1.5932,-0.5466,0.0000,-0.0000,0.0000,-28.3424
2026-04-25 10:59:09.114,0,10,10,0.00,0.0000,0.0000,-1.5932,-0.5466,0.0000,-0.0000,0.0000,-28.3424
2026-04-25 10:59:09.614,0,10,10,0.00,-0.0162,-0.0051,-1.5932,-0.5465,0.0000,-0.0000,0.0000,-28.3424
2026-04-25 10:59:10.114,0,10,10,0.00,-0.1914,-0.1543,-1.5908,-0.5572,0.0000,-0.0000,0.0000,-31.0917
2026-04-25 10:59:10.614,0,9,10,0.00,-0.3310,-0.3458,-1.5903,-0.5557,0.0000,-0.0000,0.0000,-53.8926
2026-04-25 10:59:11.113,0,9,10,0.00,-0.1199,-0.1808,-1.5822,-0.5455,0.0000,-0.0000,0.0000,-89.4602
2026-04-25 10:59:11.613,0,10,10,0.00,0.0007,0.0084,-1.5816,-0.5449,0.0000,-0.0000,0.0000,-96.5698
2026-04-25 10:59:12.114,0,10,10,0.00,0.0001,0.0001,-1.5817,-0.5450,0.0000,-0.0000,0.0000,-96.5698
2026-04-25 10:59:12.613,0,10,10,0.00,0.0191,0.0073,-1.5815,-0.5448,0.0000,-0.0000,0.0000,-96.5698
2026-04-25 10:59:13.114,0,10,10,0.00,0.1799,0.1575,-1.5782,-0.5415,0.0000,-0.0000,0.0000,-91.3735
2026-04-25 10:59:13.613,0,10,10,0.00,0.3351,0.3198,-1.5744,-0.5349,0.0000,-0.0000,0.0000,-69.7145
2026-04-25 10:59:14.114,0,10,10,0.00,0.4053,0.4788,-1.5733,-0.5350,0.0000,-0.0000,0.0000,-31.9853
2026-04-25 10:59:14.613,0,10,10,0.00,0.0827,0.1217,-1.5672,-0.5416,0.0000,-0.0000,0.0000,4.4014
2026-04-25 10:59:15.113,0,10,10,0.00,-0.0005,-0.0033,-1.5650,-0.5433,0.0000,-0.0000,0.0000,9.3127
2026-04-25 10:59:15.613,0,10,10,0.00,0.0000,-0.0012,-1.5665,-0.5422,0.0000,-0.0000,0.0000,9.3127
2026-04-25 10:59:16.113,0,10,10,0.00,-0.0177,-0.0219,-1.5669,-0.5419,0.0000,-0.0000,0.0000,9.3127
2026-04-25 10:59:16.614,0,10,10,0.00,-0.1763,-0.1741,-1.5672,-0.5416,0.0000,-0.0000,0.0000,3.4344
2026-04-25 10:59:17.115,0,9,10,0.00,-0.2789,-0.3313,-1.5679,-0.5389,0.0000,-0.0000,0.0000,-19.7063
2026-04-25 10:59:17.615,0,10,10,0.00,0.0139,0.0001,-1.5698,-0.5228,0.0000,-0.0000,0.0000,-46.6737
2026-04-25 10:59:18.114,0,10,10,0.00,0.1776,0.1225,-1.5706,-0.5170,0.0000,-0.0000,0.0000,-41.5744
2026-04-25 10:59:18.613,0,10,10,0.00,0.3369,0.3092,-1.5737,-0.5084,0.0000,-0.0000,0.0000,-21.4356
2026-04-25 10:59:19.114,0,10,10,0.00,0.4509,0.4625,-1.5770,-0.5057,0.0000,-0.0000,0.0000,15.9117
2026-04-25 10:59:19.614,0,9,10,0.00,0.1977,0.2602,-1.5707,-0.5049,0.0000,-0.0000,0.0000,57.7503
2026-04-25 10:59:20.114,0,10,10,0.00,-0.0602,-0.0364,-1.5612,-0.5007,0.0000,-0.0000,0.0000,71.1199
2026-04-25 10:59:20.614,0,10,10,0.00,-0.2236,-0.1666,-1.5533,-0.4982,0.0000,-0.0000,0.0000,61.6551
2026-04-25 10:59:21.115,0,10,10,0.00,-0.3699,-0.3906,-1.5525,-0.4975,0.0000,-0.0000,0.0000,35.5112
2026-04-25 10:59:21.614,0,10,10,0.00,-0.3546,-0.4206,-1.5561,-0.4940,0.0000,-0.0000,0.0000,-8.1305
2026-04-25 10:59:22.114,0,10,10,0.00,-0.0547,-0.0529,-1.5585,-0.4881,0.0000,-0.0000,0.0000,-39.5212
2026-04-25 10:59:22.614,0,10,10,0.00,-0.0003,0.0136,-1.5583,-0.4890,0.0000,-0.0000,0.0000,-40.4678
2026-04-25 10:59:23.114,0,10,10,0.00,0.0003,0.0000,-1.5581,-0.4903,0.0000,-0.0000,0.0000,-39.0679
2026-04-25 10:59:23.614,0,10,10,0.00,0.0001,0.0001,-1.5581,-0.4903,0.0000,-0.0000,0.0000,-39.0679
2026-04-25 10:59:24.113,0,10,10,0.00,0.0000,0.1377,-1.5553,-0.5052,0.0000,-0.0000,0.0000,-39.0679
2026-04-25 10:59:24.613,0,10,10,0.00,-0.0785,0.0435,-1.5488,-0.5301,0.0000,-0.0000,0.0000,-31.6239
2026-04-25 10:59:25.115,0,10,10,0.00,-0.2471,0.0711,-1.5355,-0.5880,0.0000,-0.0000,0.0000,-33.8774
2026-04-25 10:59:25.614,0,10,10,0.00,-0.4006,0.0200,-1.5293,-0.6835,0.0000,-0.0000,0.0000,-44.6761
2026-04-25 10:59:26.116,0,10,10,0.00,-0.4489,0.1319,-1.5605,-0.8067,0.0000,-0.0000,0.0000,-65.9717
2026-04-25 10:59:26.614,0,10,10,0.00,-0.3146,0.1741,-1.6358,-0.9446,0.0000,-0.0000,0.0000,-79.8673
2026-04-25 10:59:27.114,0,10,10,0.00,-0.0075,0.0000,-1.6617,-0.9824,0.0000,-0.0000,0.0000,-83.5559
2026-04-25 10:59:27.615,0,10,10,0.00,0.0003,-0.0001,-1.6617,-0.9824,0.0000,-0.0000,0.0000,-84.7976
2026-04-25 10:59:28.113,0,10,10,0.00,0.0000,-0.0001,-1.6617,-0.9824,0.0000,-0.0000,0.0000,-84.7976
2026-04-25 10:59:28.615,0,10,10,0.00,-0.0001,0.0000,-1.6617,-0.9824,0.0000,-0.0000,0.0000,-84.7976
2026-04-25 10:59:29.114,0,10,10,0.00,0.0000,0.0000,-1.6617,-0.9824,0.0000,-0.0000,0.0000,-84.7976
2026-04-25 10:59:29.614,0,10,10,0.00,0.0000,0.0000,-1.6617,-0.9824,0.0000,-0.0000,0.0000,-84.7976
2026-04-25 10:59:30.113,0,10,10,0.00,0.0000,0.0001,-1.6617,-0.9824,0.0000,-0.0000,0.0000,-84.7976
2026-04-25 10:59:30.613,0,10,10,0.00,0.0000,-0.0003,-1.6617,-0.9824,0.0000,-0.0000,0.0000,-84.7976
2026-04-25 10:59:31.114,0,10,10,0.00,0.0001,0.0000,-1.6617,-0.9824,0.0000,-0.0000,0.0000,-84.7976
2026-04-25 10:59:31.613,0,10,10,0.00,0.0000,-0.0001,-1.6617,-0.9824,0.0000,-0.0000,0.0000,-84.7976
2026-04-25 10:59:32.113,0,10,10,0.00,0.0003,0.0001,-1.6617,-0.9824,0.0000,-0.0000,0.0000,-84.7976
2026-04-25 10:59:32.613,0,10,10,0.00,-0.0001,0.0000,-1.6617,-0.9824,0.0000,-0.0000,0.0000,-84.7976
2026-04-25 10:59:33.113,0,10,10,0.00,-0.0001,0.0001,-1.6617,-0.9824,0.0000,-0.0000,0.0000,-84.7976
2026-04-25 10:59:33.613,0,10,10,0.00,0.0003,0.0001,-1.6617,-0.9824,0.0000,-0.0000,0.0000,-84.7976
2026-04-25 10:59:34.115,0,10,10,0.00,0.0000,-0.0021,-1.6616,-0.9823,0.0000,-0.0000,0.0000,-84.7976
2026-04-25 10:59:34.615,0,10,10,0.00,0.0000,0.0000,-1.6614,-0.9820,0.0000,-0.0000,0.0000,-84.7976
2026-04-25 10:59:35.113,0,10,10,0.00,0.0003,0.0000,-1.6614,-0.9820,0.0000,-0.0000,0.0000,-84.7976
2026-04-25 10:59:35.613,0,10,10,0.00,0.0000,0.0001,-1.6614,-0.9820,0.0000,-0.0000,0.0000,-84.7976
2026-04-25 10:59:36.113,0,10,10,0.00,0.0001,0.0000,-1.6614,-0.9820,0.0000,-0.0000,0.0000,-84.7976
2026-04-25 10:59:36.613,0,10,10,0.00,0.0000,0.0000,-1.6614,-0.9820,0.0000,-0.0000,0.0000,-84.7976
2026-04-25 10:59:37.113,0,10,10,0.00,0.0000,-0.0003,-1.6614,-0.9820,0.0000,-0.0000,0.0000,-84.7976
2026-04-25 10:59:37.613,0,10,10,0.00,0.0000,0.0003,-1.6614,-0.9820,0.0000,-0.0000,0.0000,-84.7976
2026-04-25 10:59:38.113,0,10,10,0.00,0.0000,0.0000,-1.6614,-0.9820,0.0000,-0.0000,0.0000,-84.7976
2026-04-25 10:59:38.614,0,10,10,0.00,-0.0003,-0.0001,-1.6614,-0.9820,0.0000,-0.0000,0.0000,-84.7976
2026-04-25 10:59:39.113,0,10,10,0.00,-0.0001,0.0000,-1.6614,-0.9820,0.0000,-0.0000,0.0000,-84.7976
2026-04-25 10:59:39.614,0,10,10,0.00,0.0000,0.0000,-1.6614,-0.9820,0.0000,-0.0000,0.0000,-84.7976
2026-04-25 10:59:40.114,0,10,10,0.00,0.0000,0.0000,-1.6614,-0.9820,0.0000,-0.0000,0.0000,-84.7976
2026-04-25 10:59:40.616,0,10,10,0.00,0.0000,0.0000,-1.6614,-0.9820,0.0000,-0.0000,0.0000,-84.7976
2026-04-25 10:59:41.114,0,10,10,0.00,0.0000,0.0003,-1.6614,-0.9820,0.0000,-0.0000,0.0000,-84.7976
2026-04-25 10:59:41.614,0,10,10,0.00,0.0539,-0.0004,-1.6600,-0.9800,0.0000,-0.0000,0.0000,-84.7976
2026-04-25 10:59:42.114,0,10,10,0.00,0.2090,-0.0149,-1.6402,-0.9496,0.0000,-0.0000,0.0000,-81.4298
2026-04-25 10:59:42.614,0,10,10,0.00,0.3690,0.0000,-1.6118,-0.8803,0.0000,-0.0000,0.0000,-68.7462
2026-04-25 10:59:43.114,0,10,10,0.00,0.4519,-0.0082,-1.6046,-0.7713,0.0000,-0.0000,0.0000,-48.4420
2026-04-25 10:59:43.614,0,10,10,0.00,0.3474,-0.0003,-1.6361,-0.6705,0.0000,-0.0000,0.0000,-25.2857
2026-04-25 10:59:44.114,0,10,10,0.00,0.0285,0.0001,-1.6590,-0.6341,0.0000,-0.0000,0.0000,-9.6929
2026-04-25 10:59:44.613,0,10,10,0.00,0.0465,0.0000,-1.6603,-0.6324,0.0000,-0.0000,0.0000,-8.8377
2026-04-25 10:59:45.114,0,10,10,0.00,0.0643,-0.0001,-1.6782,-0.6108,0.0000,-0.0000,0.0000,-5.1984
2026-04-25 10:59:45.613,0,10,10,0.00,-0.0062,-0.0001,-1.6788,-0.6102,0.0000,-0.0000,0.0000,-2.2345
2026-04-25 10:59:46.115,0,10,10,0.00,0.1296,-0.0805,-1.6948,-0.5931,0.0000,-0.0000,0.0000,-2.2345
2026-04-25 10:59:46.614,0,10,10,0.00,0.2846,-0.3087,-1.7693,-0.5153,0.0000,-0.0000,0.0000,-0.9152
2026-04-25 10:59:47.115,0,10,10,0.00,0.2600,-0.3356,-1.8856,-0.3893,0.0000,-0.0000,0.0000,-1.9932
2026-04-25 10:59:47.614,0,10,10,0.00,-0.0263,0.0048,-1.9251,-0.3428,0.0000,-0.0000,0.0000,-5.4667
2026-04-25 10:59:48.113,0,10,10,0.00,-0.1584,0.1128,-1.8962,-0.3812,0.0000,-0.0000,0.0000,-7.6904
2026-04-25 10:59:48.613,0,10,10,0.00,-0.1863,0.3308,-1.8375,-0.4548,0.0000,-0.0000,0.0000,-6.9461
2026-04-25 10:59:49.113,0,10,10,0.00,-0.3549,0.4688,-1.7132,-0.5775,0.0000,-0.0000,0.0000,1.9972
2026-04-25 10:59:49.613,0,10,10,0.00,-0.4536,0.4256,-1.5454,-0.7198,0.0000,-0.0000,0.0000,5.9760
2026-04-25 10:59:50.113,0,10,10,0.00,-0.4472,0.4432,-1.3792,-0.8631,0.0000,-0.0000,0.0000,4.6459
2026-04-25 10:59:50.614,0,9,10,0.00,-0.2717,0.3364,-1.2270,-0.9936,0.0000,-0.0000,0.0000,4.6586
2026-04-25 10:59:51.114,0,10,10,0.00,0.0253,-0.0085,-1.1856,-1.0265,0.0000,-0.0000,0.0000,6.5964
2026-04-25 10:59:51.615,0,10,10,0.00,0.1878,-0.1494,-1.2259,-0.9965,0.0000,-0.0000,0.0000,6.7052
2026-04-25 10:59:52.113,0,10,10,0.00,0.1576,-0.3252,-1.3130,-0.9328,0.0000,-0.0000,0.0000,8.1389
2026-04-25 10:59:52.614,0,10,10,0.00,0.3198,-0.4862,-1.4290,-0.8219,0.0000,-0.0000,0.0000,-0.9090
2026-04-25 10:59:53.113,0,10,10,0.00,0.4520,-0.4300,-1.5584,-0.6709,0.0000,-0.0000,0.0000,-5.0372
2026-04-25 10:59:53.613,0,10,10,0.00,0.2236,-0.2791,-1.6757,-0.5344,0.0000,-0.0000,0.0000,-3.1617
2026-04-25 10:59:54.113,0,10,10,0.00,-0.0004,0.0272,-1.6945,-0.5117,0.0000,-0.0000,0.0000,-5.3591
2026-04-25 10:59:54.613,0,10,10,0.00,0.0000,0.0000,-1.6930,-0.5135,0.0000,-0.0000,0.0000,-5.3591
2026-04-25 10:59:55.114,0,10,10,0.00,0.0003,0.0000,-1.6930,-0.5135,0.0000,-0.0000,0.0000,-5.3591
2026-04-25 10:59:55.613,0,10,10,0.00,0.0003,0.0003,-1.6930,-0.5135,0.0000,-0.0000,0.0000,-5.3591
2026-04-25 10:59:56.113,0,10,10,0.00,-0.0001,0.0000,-1.6930,-0.5135,0.0000,-0.0000,0.0000,-5.3591
2026-04-25 10:59:56.613,0,10,10,0.00,-0.0001,0.0000,-1.6930,-0.5135,0.0000,-0.0000,0.0000,-5.3591
2026-04-25 10:59:57.113,0,10,10,0.00,0.0000,0.0000,-1.6930,-0.5135,0.0000,-0.0000,0.0000,-5.3591
2026-04-25 10:59:57.613,0,10,10,0.00,0.0000,-0.0001,-1.6930,-0.5135,0.0000,-0.0000,0.0000,-5.3591
2026-04-25 10:59:58.113,0,10,10,0.00,-0.0001,0.0000,-1.6930,-0.5135,0.0000,-0.0000,0.0000,-5.3591
2026-04-25 10:59:58.614,0,10,10,0.00,-0.0590,0.0395,-1.6892,-0.5181,0.0000,-0.3698,0.4755,-5.3591
2026-04-25 10:59:59.113,0,10,10,0.00,-0.2265,0.1948,-1.6459,-0.5719,0.0000,-0.7737,0.9002,-5.2373
2026-04-25 10:59:59.614,0,10,10,0.00,-0.3748,0.3715,-1.5553,-0.6894,0.0000,-0.5076,0.6387,-7.3967
2026-04-25 11:00:00.114,0,10,10,0.00,-0.3800,0.5413,-1.4208,-0.8631,0.0000,-0.3456,0.5211,-7.4971
2026-04-25 11:00:00.614,0,9,10,0.00,-0.3002,0.4968,-1.2758,-1.0087,0.0000,-0.3507,0.5007,0.5179
2026-04-25 11:00:01.113,0,10,10,0.00,-0.4758,0.5972,-1.0872,-1.1447,0.0000,-0.5400,0.5526,10.5472
2026-04-25 11:00:01.613,0,10,10,0.00,-0.4513,0.4710,-0.8681,-1.2779,0.0000,-0.4308,0.4053,15.6874
2026-04-25 11:00:02.113,0,10,10,0.00,-0.3381,0.2884,-0.7112,-1.3721,0.0000,-0.3190,0.2854,15.9017
2026-04-25 11:00:02.613,0,10,10,0.00,-0.2894,0.2877,-0.5896,-1.4515,0.0000,-0.2507,0.3493,12.4271
2026-04-25 11:00:03.113,0,10,10,0.00,-0.1336,0.4564,-0.4676,-1.5234,0.0000,-0.1306,0.4694,13.9334
2026-04-25 11:00:03.613,0,10,10,0.00,-0.0911,0.5174,-0.3217,-1.5624,0.0000,-0.0920,0.5080,31.5836
2026-04-25 11:00:04.113,0,10,10,0.00,-0.1122,0.4934,-0.1721,-1.5477,0.0000,-0.1195,0.4805,53.3202
2026-04-25 11:00:04.613,0,10,10,0.00,-0.1643,0.4407,-0.0344,-1.4860,0.0000,-0.1717,0.4283,72.0991
2026-04-25 11:00:05.113,0,10,10,0.00,-0.2043,0.3897,0.0843,-1.3943,0.0000,-0.2096,0.3904,85.7953
2026-04-25 11:00:05.613,0,10,10,0.00,-0.2640,0.3905,0.1885,-1.2820,0.0000,-0.2970,0.4225,94.8220
2026-04-25 11:00:06.114,0,10,10,0.00,-0.4283,0.5044,0.3080,-1.1202,0.0000,-0.4509,0.5279,101.1107
2026-04-25 11:00:06.613,0,10,10,0.00,-0.5592,0.6024,0.4509,-0.8952,0.0000,-0.6055,0.6433,105.2546
2026-04-25 11:00:07.113,0,10,10,0.00,-0.6749,0.6966,0.6160,-0.6116,0.0000,-0.6594,0.6485,107.4370
2026-04-25 11:00:07.613,0,10,10,0.00,-0.6086,0.5705,0.7726,-0.3368,0.0000,-0.6098,0.5536,108.1836
2026-04-25 11:00:08.113,0,10,10,0.00,-0.5663,0.4829,0.9183,-0.1033,0.0000,-0.5536,0.4803,105.5779
2026-04-25 11:00:08.613,0,10,10,0.00,-0.4756,0.4540,1.0613,0.0962,0.0000,-0.4691,0.4490,100.8421
2026-04-25 11:00:09.114,0,10,10,0.00,-0.4286,0.4105,1.1929,0.2716,0.0000,-0.4198,0.3943,100.3991
2026-04-25 11:00:09.613,0,10,10,0.00,-0.3801,0.3563,1.3119,0.4253,0.0000,-0.3729,0.3477,99.3679
2026-04-25 11:00:10.115,0,10,10,0.00,-0.3282,0.3177,1.4190,0.5578,0.0000,-0.3255,0.3125,97.9544
2026-04-25 11:00:10.613,0,10,10,0.00,-0.3063,0.3000,1.5170,0.6761,0.0000,-0.3056,0.2944,97.5674
2026-04-25 11:00:11.113,0,10,10,0.00,-0.3045,0.2926,1.6134,0.7904,0.0000,-0.3044,0.2956,96.9980
2026-04-25 11:00:11.613,0,10,10,0.00,-0.2981,0.2937,1.7104,0.9032,0.0000,-0.2992,0.3008,96.1023
2026-04-25 11:00:12.114,0,10,10,0.00,-0.2978,0.3101,1.8082,1.0165,0.0000,-0.2973,0.3027,96.0394
2026-04-25 11:00:12.615,0,10,10,0.00,-0.3039,0.3038,1.9058,1.1310,0.0000,-0.3021,0.2979,96.7474
2026-04-25 11:00:13.113,0,10,10,0.00,-0.3022,0.2945,2.0027,1.2443,0.0000,-0.3011,0.2989,96.4156
2026-04-25 11:00:13.614,0,10,10,0.00,-0.3549,0.3382,2.1050,1.3624,0.0000,-0.5132,0.6344,95.7714
2026-04-25 11:00:14.113,0,10,10,0.00,-0.4139,0.5215,2.2462,1.5234,0.0000,-0.3813,0.5382,95.3691
2026-04-25 11:00:14.613,0,10,10,0.00,-0.3012,0.4960,2.3712,1.6966,0.0000,-0.3288,0.4920,100.4211
2026-04-25 11:00:15.114,0,10,10,0.00,-0.4593,0.5855,2.4726,1.8989,0.0000,-0.6495,0.6758,110.9089
2026-04-25 11:00:15.615,0,10,10,0.00,-0.6106,0.7192,2.5766,2.1855,0.0000,-0.6876,0.6615,117.1659
2026-04-25 11:00:16.116,0,9,10,0.00,-0.6635,0.5600,2.6671,2.4918,0.0000,-0.6687,0.5530,122.3287
2026-04-25 11:00:16.615,0,10,10,0.00,-0.6546,0.5392,2.7726,2.7637,0.0000,-0.4118,0.3563,115.6484
2026-04-25 11:00:17.113,0,10,10,0.00,-0.3452,0.3551,2.8785,2.9799,0.0000,-0.2829,0.3171,110.1671
2026-04-25 11:00:17.614,0,10,10,0.00,-0.1767,0.3660,2.9383,3.1037,0.0000,-0.1565,0.4435,110.5128
2026-04-25 11:00:18.113,0,10,10,0.00,-0.1011,0.5116,2.9768,3.2471,0.0000,-0.1029,0.4971,120.5590
2026-04-25 11:00:18.613,0,10,10,0.00,-0.1456,0.4659,2.9652,3.3995,0.0000,-0.1575,0.4425,142.3228
2026-04-25 11:00:19.113,0,10,10,0.00,-0.1758,0.4250,2.9142,3.5407,0.0000,-0.2412,0.3588,158.2224
2026-04-25 11:00:19.613,0,10,10,0.00,-0.3191,0.3182,2.8425,3.6700,0.0000,-0.3362,0.3707,168.2966
2026-04-25 11:00:20.115,0,10,10,0.00,-0.2803,0.4153,2.7543,3.8197,0.0000,-0.2401,0.4013,167.3425
2026-04-25 11:00:20.613,0,10,10,0.00,-0.2056,0.4026,2.6603,3.9430,0.0000,-0.2605,0.4221,174.1627
2026-04-25 11:00:21.114,0,10,10,0.00,-0.3716,0.5237,2.5215,4.0722,0.0000,-0.5989,0.6219,-175.1885
2026-04-25 11:00:21.613,0,10,10,0.00,-0.5280,0.6891,2.3009,4.2273,0.0000,-0.7327,0.6742,-167.4888
2026-04-25 11:00:22.114,0,10,10,0.00,-0.6140,0.5520,2.0280,4.3788,0.0000,-0.5518,0.3546,-159.4857
2026-04-25 11:00:22.614,0,9,10,0.00,-0.4403,0.2291,1.8520,4.4885,0.0000,-0.4356,0.1644,-163.6227
2026-04-25 11:00:23.113,0,10,10,0.00,-0.3804,0.2378,1.7440,4.5841,0.0000,-0.4681,0.4797,-173.7868
2026-04-25 11:00:23.613,0,10,10,0.00,-0.5252,0.4523,1.6053,4.7403,0.0000,-0.5153,0.5404,179.9551
2026-04-25 11:00:24.114,0,10,10,0.00,-0.4650,0.5300,1.4424,4.9359,0.0000,-0.4651,0.4947,177.0853
2026-04-25 11:00:24.613,0,10,10,0.00,-0.4521,0.4358,1.2865,5.1098,0.0000,-0.4511,0.4101,-178.9605
2026-04-25 11:00:25.113,0,10,10,0.00,-0.4148,0.3474,1.1528,5.2642,0.0000,-0.4079,0.3637,179.7985
2026-04-25 11:00:25.613,0,10,10,0.00,-0.3471,0.3604,1.0407,5.4071,0.0000,-0.3379,0.3560,175.9166
2026-04-25 11:00:26.113,0,10,10,0.00,-0.2966,0.3409,0.9368,5.5378,0.0000,-0.2974,0.3256,176.3631
2026-04-25 11:00:26.614,0,9,10,0.00,-0.3022,0.3049,0.8376,5.6545,0.0000,-0.3028,0.2972,178.9282
2026-04-25 11:00:27.114,0,10,10,0.00,-0.3081,0.2789,0.7411,5.7680,0.0000,-0.3059,0.2941,179.0904
2026-04-25 11:00:27.614,0,10,10,0.00,-0.2930,0.2969,0.6469,5.8824,0.0000,-0.2932,0.3068,177.6671
2026-04-25 11:00:28.115,0,10,10,0.00,-0.2888,0.3127,0.5508,5.9976,0.0000,-0.2910,0.3090,177.8862
2026-04-25 11:00:28.613,0,10,10,0.00,-0.2986,0.3015,0.4525,6.1112,0.0000,-0.2997,0.3003,179.2145
2026-04-25 11:00:29.113,0,10,10,0.00,-0.2974,0.2947,0.3533,6.2250,0.0000,-0.3012,0.2988,179.5179
2026-04-25 11:00:29.613,0,10,10,0.00,-0.2931,0.2848,0.2565,6.3370,0.0000,-0.2986,0.3014,179.2093
2026-04-25 11:00:30.114,0,10,10,0.00,-0.1788,0.2131,0.1664,6.4414,0.0000,-0.0000,0.0000,179.1277
2026-04-25 11:00:30.614,0,10,10,0.00,0.0026,-0.0139,0.1493,6.4606,0.0000,-0.0000,0.0000,-179.6276
2026-04-25 11:00:31.113,0,10,10,0.00,0.0000,-0.0001,0.1501,6.4597,0.0000,-0.0000,0.0000,-179.6276
2026-04-25 11:00:31.614,0,10,10,0.00,-0.0001,-0.0004,0.1501,6.4597,0.0000,-0.0000,0.0000,-179.6276
2026-04-25 11:00:32.114,0,10,10,0.00,0.0000,-0.0001,0.1501,6.4597,0.0000,-0.0000,0.0000,-179.6276
2026-04-25 11:00:32.614,0,10,10,0.00,0.0001,0.0000,0.1501,6.4597,0.0000,-0.0000,0.0000,-179.6276
2026-04-25 11:00:33.114,0,10,10,0.00,0.0000,-0.0001,0.1501,6.4597,0.0000,-0.0000,0.0000,-179.6276
2026-04-25 11:00:33.613,0,10,10,0.00,0.0000,0.0001,0.1501,6.4597,0.0000,-0.0000,0.0000,-179.6276
2026-04-25 11:00:34.114,0,10,10,0.00,0.0000,0.0000,0.1501,6.4597,0.0000,-0.0000,0.0000,-179.6276
2026-04-25 11:00:34.613,0,10,10,0.00,0.0003,0.0000,0.1501,6.4597,0.0000,-0.0000,0.0000,-179.6276
2026-04-25 11:00:35.114,0,10,10,0.00,0.0000,0.0003,0.1501,6.4597,0.0000,-0.0000,0.0000,-179.6276
2026-04-25 11:00:35.614,0,10,10,0.00,0.0000,0.0000,0.1501,6.4597,0.0000,-0.0000,0.0000,-179.6276
2026-04-25 11:00:36.114,0,10,10,0.00,-0.0001,0.0000,0.1501,6.4597,0.0000,-0.0000,0.0000,-179.6276
2026-04-25 11:00:36.613,0,10,10,0.00,0.0004,-0.0001,0.1501,6.4597,0.0000,-0.0000,0.0000,-179.6276
2026-04-25 11:00:37.113,0,10,10,0.00,0.0000,0.0001,0.1501,6.4597,0.0000,-0.0000,0.0000,-179.6276
2026-04-25 11:00:37.613,0,10,10,0.00,0.0000,-0.0003,0.1501,6.4597,0.0000,-0.0000,0.0000,-179.6276
2026-04-25 11:00:38.115,0,10,10,0.00,-0.0001,-0.0001,0.1501,6.4597,0.0000,-0.0000,0.0000,-179.6276
2026-04-25 11:00:38.614,0,10,10,0.00,0.0000,-0.0001,0.1501,6.4597,0.0000,-0.0000,0.0000,-179.6276
2026-04-25 11:00:39.114,0,10,10,0.00,0.0000,0.0000,0.1501,6.4597,0.0000,-0.0000,0.0000,-179.6276
2026-04-25 11:00:39.614,0,10,10,0.00,0.0001,-0.0003,0.1501,6.4597,0.0000,-0.0000,0.0000,-179.6276
2026-04-25 11:00:40.113,0,10,10,0.00,-0.0003,0.0000,0.1501,6.4597,0.0000,-0.0000,0.0000,-179.6276
2026-04-25 11:00:40.614,0,10,10,0.00,-0.0003,0.0000,0.1501,6.4597,0.0000,-0.0000,0.0000,-179.6276
2026-04-25 11:00:41.115,0,10,10,0.00,0.0000,0.0000,0.1501,6.4597,0.0000,-0.0000,0.0000,-179.6276
2026-04-25 11:00:41.614,0,10,10,0.00,-0.0779,0.0581,0.1431,6.4675,0.0000,-0.3033,0.2967,-179.6276
2026-04-25 11:00:42.113,0,10,10,0.00,-0.1891,0.2327,0.0873,6.5312,0.0000,-0.1628,0.4372,-179.9100
2026-04-25 11:00:42.614,0,10,10,0.00,-0.1016,0.3995,0.0070,6.6106,0.0000,-0.1017,0.4983,-178.3388
2026-04-25 11:00:43.114,0,10,10,0.00,-0.0826,0.5295,-0.1173,6.6808,0.0000,-0.0817,0.5183,-162.5030
2026-04-25 11:00:43.613,0,10,10,0.00,-0.1011,0.5041,-0.2680,6.7018,0.0000,-0.1051,0.4949,-139.5698
2026-04-25 11:00:44.113,0,10,10,0.00,-0.1448,0.4593,-0.4137,6.6699,0.0000,-0.1526,0.4474,-118.6957
2026-04-25 11:00:44.614,0,10,10,0.00,-0.1902,0.4088,-0.5463,6.6000,0.0000,-0.1944,0.4056,-102.9594
2026-04-25 11:00:45.113,0,10,10,0.00,-0.2282,0.3627,-0.6632,6.5059,0.0000,-0.2503,0.3804,-89.8553
2026-04-25 11:00:45.614,0,10,10,0.00,-0.3793,0.4779,-0.7880,6.3753,0.0000,-0.4563,0.5180,-83.0336
2026-04-25 11:00:46.113,0,9,10,0.00,-0.5328,0.6342,-0.9488,6.1736,0.0000,-0.4029,0.4052,-79.3728
2026-04-25 11:00:46.614,0,10,10,0.00,-0.3316,0.3593,-1.0746,5.9805,0.0000,-0.3582,0.2418,-73.5002
2026-04-25 11:00:47.113,0,10,10,0.00,-0.1903,0.3386,-1.1444,5.8622,0.0000,-0.1658,0.4342,-71.9584
2026-04-25 11:00:47.614,0,10,10,0.00,-0.1072,0.5119,-1.1986,5.7272,0.0000,-0.1099,0.4901,-61.2240
2026-04-25 11:00:48.114,0,10,10,0.00,-0.1511,0.4623,-1.2070,5.5742,0.0000,-0.1615,0.4385,-43.9330
2026-04-25 11:00:48.613,0,10,10,0.00,-0.1984,0.3939,-1.1752,5.4278,0.0000,-0.1986,0.4014,-27.5625
2026-04-25 11:00:49.114,0,10,10,0.00,-0.2105,0.3890,-1.1177,5.2900,0.0000,-0.2161,0.3839,-15.8814
2026-04-25 11:00:49.613,0,10,10,0.00,-0.3318,0.4360,-1.0307,5.1479,0.0000,-0.3644,0.4693,-7.1114
2026-04-25 11:00:50.114,0,10,10,0.00,-0.4443,0.5284,-0.8955,4.9680,0.0000,-0.4564,0.5420,-2.2427
2026-04-25 11:00:50.613,0,10,10,0.00,-0.5273,0.5938,-0.7222,4.7709,0.0000,-0.5756,0.6280,2.0868
2026-04-25 11:00:51.113,0,10,10,0.00,-0.6709,0.7054,-0.4993,4.5452,0.0000,-0.7067,0.7082,5.3327
2026-04-25 11:00:51.613,0,10,10,0.00,-0.6777,0.6592,-0.2516,4.3044,0.0000,-0.6702,0.6335,6.1175
2026-04-25 11:00:52.113,0,10,10,0.00,-0.6250,0.5809,-0.0290,4.0805,0.0000,-0.6209,0.5740,4.7656
2026-04-25 11:00:52.614,0,10,10,0.00,-0.5748,0.5373,0.1665,3.8677,0.0000,-0.5646,0.5306,1.9988
2026-04-25 11:00:53.113,0,10,10,0.00,-0.5117,0.4941,0.3387,3.6684,0.0000,-0.5111,0.4920,0.4440
2026-04-25 11:00:53.613,0,10,10,0.00,-0.4753,0.4593,0.4943,3.4822,0.0000,-0.4697,0.4493,-0.4413
2026-04-25 11:00:54.113,0,10,10,0.00,-0.4274,0.4215,0.6336,3.3104,0.0000,-0.4259,0.4158,-1.4482
2026-04-25 11:00:54.613,0,10,10,0.00,-0.3947,0.3896,0.7612,3.1506,0.0000,-0.3910,0.3799,-1.5879
2026-04-25 11:00:55.113,0,10,10,0.00,-0.3592,0.3602,0.8765,3.0043,0.0000,-0.3552,0.3506,-2.3867
2026-04-25 11:00:55.613,0,10,10,0.00,-0.3228,0.3275,0.9806,2.8708,0.0000,-0.3219,0.3247,-2.7486
2026-04-25 11:00:56.113,0,10,10,0.00,-0.3000,0.2996,1.0771,2.7480,0.0000,-0.3018,0.2982,-2.3845
2026-04-25 11:00:56.613,0,10,10,0.00,-0.3034,0.2922,1.1696,2.6302,0.0000,-0.3022,0.2978,-2.4356
2026-04-25 11:00:57.113,0,10,10,0.00,-0.2987,0.2996,1.2610,2.5123,0.0000,-0.2979,0.3021,-2.9657
2026-04-25 11:00:57.613,0,10,10,0.00,-0.2977,0.3054,1.3529,2.3941,0.0000,-0.2967,0.3033,-3.0222
2026-04-25 11:00:58.114,0,10,10,0.00,-0.2961,0.3000,1.4460,2.2758,0.0000,-0.3000,0.3000,-2.5534
2026-04-25 11:00:58.613,0,10,10,0.00,-0.3016,0.2958,1.5392,2.1584,0.0000,-0.3009,0.2991,-2.3719
2026-04-25 11:00:59.114,0,10,10,0.00,-0.2996,0.2998,1.6324,2.0405,0.0000,-0.3000,0.3000,-2.5535
2026-04-25 11:00:59.614,0,10,10,0.00,-0.2979,0.3003,1.7252,1.9230,0.0000,-0.2985,0.3015,-2.6387
2026-04-25 11:01:00.113,0,10,10,0.00,-0.2995,0.3049,1.8185,1.8052,0.0000,-0.2998,0.3002,-2.3686
2026-04-25 11:01:00.613,0,10,10,0.00,-0.3295,0.2683,1.9121,1.6879,0.0000,-0.3829,0.2171,-2.2658
2026-04-25 11:01:01.115,0,10,10,0.00,-0.4756,0.1251,1.9953,1.5623,0.0000,-0.4804,0.1196,-7.4091
2026-04-25 11:01:01.613,0,10,10,0.00,-0.4919,0.0738,2.0362,1.4250,0.0000,-0.4883,0.1117,-27.6302
2026-04-25 11:01:02.113,0,10,10,0.00,-0.4447,0.1542,2.0278,1.2781,0.0000,-0.4388,0.1612,-47.6314
2026-04-25 11:01:02.613,0,10,10,0.00,-0.4062,0.1957,1.9822,1.1355,0.0000,-0.4053,0.1947,-61.9054
2026-04-25 11:01:03.113,0,10,10,0.00,-0.3818,0.2231,1.9108,1.0035,0.0000,-0.3879,0.2367,-72.1746
2026-04-25 11:01:03.613,0,10,10,0.00,-0.4616,0.3293,1.8070,0.8643,0.0000,-0.4802,0.3807,-79.8705
2026-04-25 11:01:04.113,0,10,10,0.00,-0.5890,0.5003,1.6443,0.6893,0.0000,-0.6074,0.5616,-86.3571
2026-04-25 11:01:04.613,0,10,10,0.00,-0.7041,0.6536,1.4169,0.4768,0.0000,-0.6886,0.6858,-90.3598
2026-04-25 11:01:05.113,0,10,10,0.00,-0.6071,0.6546,1.1689,0.2534,0.0000,-0.5954,0.6328,-91.5131
2026-04-25 11:01:05.614,0,10,10,0.00,-0.5448,0.5870,0.9590,0.0488,0.0000,-0.5341,0.5577,-88.3871
2026-04-25 11:01:06.113,0,10,10,0.00,-0.4866,0.4994,0.7779,-0.1390,0.0000,-0.4794,0.4893,-86.6258
2026-04-25 11:01:06.613,0,10,10,0.00,-0.4256,0.4500,0.6200,-0.3065,0.0000,-0.4182,0.4420,-86.6394
2026-04-25 11:01:07.113,0,10,10,0.00,-0.3754,0.3952,0.4824,-0.4585,0.0000,-0.3757,0.3884,-85.0862
2026-04-25 11:01:07.613,0,10,10,0.00,-0.3414,0.3464,0.3631,-0.5948,0.0000,-0.3366,0.3417,-84.4453
2026-04-25 11:01:08.113,0,10,10,0.00,-0.2983,0.3114,0.2576,-0.7165,0.0000,-0.2956,0.3071,-84.5218
2026-04-25 11:01:08.613,0,10,10,0.00,-0.2961,0.3028,0.1606,-0.8305,0.0000,-0.2968,0.3032,-83.8537
2026-04-25 11:01:09.113,0,10,10,0.00,-0.2995,0.3004,0.0636,-0.9459,0.0000,-0.3001,0.2999,-83.3559
2026-04-25 11:01:09.613,0,8,10,0.00,-0.2974,0.2943,-0.0325,-1.0607,0.0000,-0.2979,0.3021,-83.5558
2026-04-25 11:01:10.113,0,10,10,0.00,-0.2931,0.3032,-0.1286,-1.1755,0.0000,-0.2961,0.3039,-83.7019
2026-04-25 11:01:10.613,0,10,10,0.00,-0.2995,0.3081,-0.2240,-1.2910,0.0000,-0.2993,0.3007,-83.1295
2026-04-25 11:01:11.114,0,10,10,0.00,-0.3033,0.2961,-0.3196,-1.4082,0.0000,-0.3474,0.2526,-82.6169
2026-04-25 11:01:11.613,0,8,10,0.00,-0.4322,0.1891,-0.3985,-1.4979,0.0000,-0.4688,0.1312,-85.2917
2026-04-25 11:01:12.113,0,10,10,0.00,-0.4948,0.0869,-0.5438,-1.5959,0.0000,-0.4985,0.1015,-103.4714
2026-04-25 11:01:12.613,0,10,10,0.00,-0.4642,0.1313,-0.6856,-1.6252,0.0000,-0.4571,0.1429,-124.5040
2026-04-25 11:01:13.113,0,10,10,0.00,-0.4144,0.1886,-0.8344,-1.6127,0.0000,-0.4125,0.1875,-141.3496
2026-04-25 11:01:13.613,0,10,10,0.00,-0.3862,0.2122,-0.9780,-1.5705,0.0000,-0.3838,0.2162,-152.4222
2026-04-25 11:01:14.114,0,10,10,0.00,-0.4271,0.2803,-1.1224,-1.5028,0.0000,-0.4449,0.3256,-160.5148
2026-04-25 11:01:14.613,0,10,10,0.00,-0.5347,0.4371,-1.3034,-1.3890,0.0000,-0.5567,0.4910,-167.5334
2026-04-25 11:01:15.114,0,10,10,0.00,-0.6612,0.6092,-1.5297,-1.2193,0.0000,-0.4770,0.4565,-172.2635
2026-04-25 11:01:15.613,0,10,10,0.00,-0.3423,0.3800,-1.7226,-1.0643,0.0000,-0.3120,0.3328,-174.2980
2026-04-25 11:01:16.114,0,10,10,0.00,-0.2943,0.2880,-1.8365,-0.9746,0.0000,-0.2903,0.3097,-172.9544
2026-04-25 11:01:16.613,0,10,10,0.00,-0.1490,0.1882,-1.9301,-0.9016,0.0000,-0.0000,0.0000,-173.3574
2026-04-25 11:01:17.116,0,0,10,0.00,-0.1490,0.1882,-1.9301,-0.9016,0.0000,-0.0000,0.0000,-170.1827
2026-04-25 11:01:17.613,0,6,10,0.00,-0.0003,0.0001,-1.9301,-0.9016,0.0000,-0.0000,0.0000,-170.7190
2026-04-25 11:01:18.114,0,10,10,0.00,0.0000,0.0001,-1.9301,-0.9016,0.0000,-0.0000,0.0000,-170.7296
2026-04-25 11:01:18.615,0,10,10,0.00,0.0000,0.0000,-1.9301,-0.9016,0.0000,-0.0000,0.0000,-170.7296
2026-04-25 11:01:19.113,0,10,10,0.00,0.0000,0.0000,-1.9301,-0.9016,0.0000,-0.0000,0.0000,-170.7296
2026-04-25 11:01:19.613,0,10,10,0.00,0.0004,-0.0001,-1.9302,-0.9016,0.0000,-0.0000,0.0000,-170.7296
2026-04-25 11:01:20.114,0,10,10,0.00,0.0001,0.0000,-1.9302,-0.9016,0.0000,-0.0000,0.0000,-170.7296
2026-04-25 11:01:20.613,0,10,10,0.00,0.0001,0.0000,-1.9302,-0.9016,0.0000,-0.0000,0.0000,-170.7296
2026-04-25 11:01:21.114,0,10,10,0.00,0.0003,0.0001,-1.9302,-0.9016,0.0000,-0.0000,0.0000,-170.7296
2026-04-25 11:01:21.614,0,12,10,0.00,0.0064,0.0000,-1.9301,-0.9017,0.0000,-0.0000,0.0000,-170.7296
2026-04-25 11:01:22.113,0,23,10,0.00,0.1360,0.1312,-1.9242,-0.9058,0.0000,-0.0000,0.0000,-168.7266
2026-04-25 11:01:22.613,0,22,10,0.00,0.1262,0.1230,-1.9258,-0.9050,0.0000,-0.0000,0.0000,-155.3958
2026-04-25 11:01:23.114,0,21,10,0.00,0.1262,0.1153,-1.9248,-0.9052,0.0000,-0.0000,0.0000,-143.0739
2026-04-25 11:01:23.613,0,22,10,0.00,0.1249,0.1271,-1.9244,-0.9052,0.0000,-0.0000,0.0000,-130.4348
2026-04-25 11:01:24.113,0,21,10,0.00,0.1255,0.1266,-1.9246,-0.9053,0.0000,-0.0000,0.0000,-117.6418
2026-04-25 11:01:24.613,0,21,10,0.00,0.1258,0.1274,-1.9249,-0.9054,0.0000,-0.0000,0.0000,-104.6624
2026-04-25 11:01:25.113,0,19,10,0.00,0.1246,0.1238,-1.9250,-0.9055,0.0000,-0.0000,0.0000,-91.9123
2026-04-25 11:01:25.614,0,20,10,0.00,0.1263,0.1251,-1.9249,-0.9054,0.0000,-0.0000,0.0000,-79.1223
2026-04-25 11:01:26.113,0,20,10,0.00,0.1271,0.1267,-1.9248,-0.9053,0.0000,-0.0000,0.0000,-66.2750
2026-04-25 11:01:26.613,0,19,10,0.00,0.1285,0.1312,-1.9247,-0.9047,0.0000,-0.0000,0.0000,-53.6348
2026-04-25 11:01:27.113,0,19,10,0.00,0.1212,0.1119,-1.9248,-0.9052,0.0000,-0.0000,0.0000,-40.3358
2026-04-25 11:01:27.614,0,20,10,0.00,0.1254,0.1270,-1.9248,-0.9050,0.0000,-0.0000,0.0000,-28.0584
2026-04-25 11:01:28.113,0,20,10,0.00,0.1255,0.1238,-1.9246,-0.9054,0.0000,-0.0000,0.0000,-15.1617
2026-04-25 11:01:28.613,0,5,10,0.00,0.1251,0.1258,-1.9246,-0.9055,0.0000,-0.0000,0.0000,-2.5745
2026-04-25 11:01:29.113,0,2,10,0.00,0.0003,0.0003,-1.9246,-0.9055,0.0000,-0.0000,0.0000,-0.8722
2026-04-25 11:01:29.614,0,10,10,0.00,0.0000,0.0001,-1.9246,-0.9055,0.0000,-0.0000,0.0000,-0.7999
2026-04-25 11:01:30.113,0,10,10,0.00,-0.0003,0.0000,-1.9246,-0.9055,0.0000,-0.0000,0.0000,-0.7999
2026-04-25 11:01:30.614,0,10,10,0.00,-0.0001,0.0000,-1.9246,-0.9055,0.0000,-0.0000,0.0000,-0.7999
2026-04-25 11:01:31.113,0,10,10,0.00,0.0000,0.0000,-1.9246,-0.9055,0.0000,-0.0000,0.0000,-0.7999
2026-04-25 11:01:31.614,0,9,10,0.00,-0.0524,0.0279,-1.9215,-0.9099,0.0000,-0.0000,0.0000,-0.7999
2026-04-25 11:01:32.114,0,10,10,0.00,-0.2229,0.2248,-1.8802,-0.9712,0.0000,-0.0000,0.0000,-1.6944
2026-04-25 11:01:32.613,0,10,10,0.00,-0.3783,0.3622,-1.7947,-1.0993,0.0000,-0.0000,0.0000,-1.8383
2026-04-25 11:01:33.113,0,10,10,0.00,-0.4489,0.4606,-1.6735,-1.2844,0.0000,-0.0000,0.0000,-2.6526
2026-04-25 11:01:33.613,0,10,10,0.00,-0.4495,0.4457,-1.5490,-1.4723,0.0000,-0.0000,0.0000,-2.0506
2026-04-25 11:01:34.113,0,10,10,0.00,-0.4456,0.4434,-1.4254,-1.6583,0.0000,-0.0000,0.0000,-1.8975
2026-04-25 11:01:34.613,0,10,10,0.00,-0.4461,0.4508,-1.2940,-1.8568,0.0000,-0.0000,0.0000,-1.9629
2026-04-25 11:01:35.113,0,10,10,0.00,-0.1456,0.1928,-1.2137,-1.9758,0.0000,-0.0000,0.0000,-1.4572
2026-04-25 11:01:35.613,0,10,10,0.00,0.0217,-0.0618,-1.2074,-1.9846,0.0000,-0.0000,0.0000,0.4694
2026-04-25 11:01:36.113,0,10,10,0.00,0.1774,-0.2182,-1.2412,-1.9342,0.0000,-0.0000,0.0000,-0.9696
2026-04-25 11:01:36.613,0,9,10,0.00,0.3389,-0.4062,-1.3179,-1.8105,0.0000,-0.0000,0.0000,-3.3753
2026-04-25 11:01:37.113,0,10,10,0.00,0.4523,-0.4733,-1.4239,-1.6194,0.0000,-0.0000,0.0000,-6.6450
2026-04-25 11:01:37.614,0,10,10,0.00,0.4443,-0.4348,-1.5295,-1.4210,0.0000,-0.0000,0.0000,-6.6527
2026-04-25 11:01:38.113,0,10,10,0.00,0.4495,-0.4452,-1.6348,-1.2251,0.0000,-0.0000,0.0000,-6.5538
2026-04-25 11:01:38.613,0,10,10,0.00,0.4490,-0.4453,-1.7414,-1.0268,0.0000,-0.0000,0.0000,-6.6247
2026-04-25 11:01:39.113,0,10,10,0.00,0.4458,-0.4443,-1.8465,-0.8307,0.0000,-0.0000,0.0000,-6.2974
2026-04-25 11:01:39.613,0,10,10,0.00,0.4397,-0.3682,-1.9512,-0.6367,0.0000,-0.0000,0.0000,-6.5550
2026-04-25 11:01:40.113,0,10,10,0.00,0.4504,-0.0459,-2.0414,-0.4964,0.0000,-0.0000,0.0000,-2.3505
2026-04-25 11:01:40.614,0,10,10,0.00,0.4434,0.0024,-2.1277,-0.4274,0.0000,-0.0000,0.0000,18.8991
2026-04-25 11:01:41.114,0,10,10,0.00,0.4521,-0.0008,-2.2344,-0.3974,0.0000,-0.0000,0.0000,41.5297
2026-04-25 11:01:41.613,0,10,10,0.00,0.2017,0.0432,-2.3171,-0.4035,0.0000,-0.0000,0.0000,64.1028
2026-04-25 11:01:42.114,0,10,10,0.00,-0.0543,0.2538,-2.2889,-0.3920,0.0000,-0.0000,0.0000,75.8363
2026-04-25 11:01:42.614,0,10,10,0.00,-0.2110,0.4102,-2.1843,-0.3322,0.0000,-0.0000,0.0000,87.6999
2026-04-25 11:01:43.113,0,10,10,0.00,-0.3767,0.4380,-2.0433,-0.2227,0.0000,-0.0000,0.0000,98.4771
2026-04-25 11:01:43.613,0,10,10,0.00,-0.4534,0.4342,-1.8782,-0.0831,0.0000,-0.0000,0.0000,100.7297
2026-04-25 11:01:44.113,0,10,10,0.00,-0.4453,0.4352,-1.7081,0.0567,0.0000,-0.0000,0.0000,99.6381
2026-04-25 11:01:44.614,0,10,10,0.00,-0.4439,0.4407,-1.5371,0.1937,0.0000,-0.0000,0.0000,99.6813
2026-04-25 11:01:45.113,0,10,10,0.00,-0.4507,0.3257,-1.3683,0.3237,0.0000,-0.0000,0.0000,98.2739
2026-04-25 11:01:45.613,0,9,10,0.00,-0.4475,0.4079,-1.1990,0.4363,0.0000,-0.0000,0.0000,92.9914
2026-04-25 11:01:46.113,0,10,10,0.00,-0.4456,0.4686,-1.0065,0.5563,0.0000,-0.0000,0.0000,92.8551
2026-04-25 11:01:46.613,0,10,10,0.00,-0.4470,0.4105,-0.8209,0.6742,0.0000,-0.0000,0.0000,93.6009
2026-04-25 11:01:47.113,0,10,10,0.00,-0.4479,0.4474,-0.6336,0.7869,0.0000,-0.0000,0.0000,91.3899
2026-04-25 11:01:47.613,0,10,10,0.00,-0.4461,0.4567,-0.4396,0.9026,0.0000,-0.0000,0.0000,92.0512
2026-04-25 11:01:48.113,0,9,10,0.00,-0.3553,0.3744,-0.2568,1.0133,0.0000,-0.0000,0.0000,92.3217
2026-04-25 11:01:48.613,0,10,10,0.00,-0.0037,0.0169,-0.1838,1.0590,0.0000,-0.0000,0.0000,94.4257
2026-04-25 11:01:49.114,0,10,10,0.00,0.1385,-0.0446,-0.2010,1.0471,0.0000,-0.0000,0.0000,95.0457
2026-04-25 11:01:49.614,0,10,10,0.00,0.3101,-0.1895,-0.2682,0.9918,0.0000,-0.0000,0.0000,102.1985
2026-04-25 11:01:50.115,0,10,10,0.00,0.3551,-0.3723,-0.3836,0.8847,0.0000,-0.0000,0.0000,106.5821
2026-04-25 11:01:50.614,0,10,10,0.00,0.4564,-0.4725,-0.5446,0.7395,0.0000,-0.0000,0.0000,105.1310
2026-04-25 11:01:51.113,0,10,10,0.00,0.4445,-0.4422,-0.7199,0.5843,0.0000,-0.0000,0.0000,105.2858
2026-04-25 11:01:51.614,0,10,10,0.00,0.4290,-0.4410,-0.8745,0.4537,0.0000,-0.0000,0.0000,103.5565
2026-04-25 11:01:52.113,0,10,10,0.00,0.3682,-0.4578,-1.0536,0.3090,0.0000,-0.0000,0.0000,100.9183
2026-04-25 11:01:52.616,0,10,10,0.00,0.3771,-0.4499,-1.2114,0.1915,0.0000,-0.0000,0.0000,99.0587
2026-04-25 11:01:53.113,0,10,10,0.00,0.4541,-0.4553,-1.3955,0.0662,0.0000,-0.0000,0.0000,95.4734
2026-04-25 11:01:53.615,0,10,10,0.00,0.4373,-0.4427,-1.5799,-0.0584,0.0000,-0.0000,0.0000,96.0143
2026-04-25 11:01:54.113,0,10,10,0.00,0.3399,-0.4383,-1.7504,-0.1660,0.0000,-0.0000,0.0000,94.8487
2026-04-25 11:01:54.613,0,10,10,0.00,0.0228,-0.4424,-1.8927,-0.2335,0.0000,-0.0000,0.0000,87.4153
2026-04-25 11:01:55.113,0,10,10,0.00,-0.1401,-0.4580,-1.9875,-0.2423,0.0000,-0.0000,0.0000,65.6095
2026-04-25 11:01:55.613,0,10,10,0.00,-0.2957,-0.2189,-2.0195,-0.2324,0.0000,-0.0000,0.0000,33.7955
2026-04-25 11:01:56.113,0,10,10,0.00,-0.4482,0.0613,-1.9653,-0.3008,0.0000,-0.0000,0.0000,7.9351
2026-04-25 11:01:56.614,0,10,10,0.00,-0.2107,0.0289,-1.9248,-0.3961,0.0000,-0.0000,0.0000,-11.5388
2026-04-25 11:01:57.113,0,10,10,0.00,0.0003,0.0859,-1.9186,-0.4205,0.0000,-0.0000,0.0000,-17.7007
2026-04-25 11:01:57.614,0,10,10,0.00,-0.0001,0.1456,-1.9036,-0.4631,0.0000,-0.0000,0.0000,-10.7518
2026-04-25 11:01:58.113,0,10,10,0.00,0.1374,-0.0020,-1.9058,-0.4598,0.0000,-0.0000,0.0000,-3.9707
2026-04-25 11:01:58.613,0,10,10,0.00,-0.0034,0.0001,-1.9101,-0.4525,0.0000,-0.0000,0.0000,1.7695
2026-04-25 11:01:59.113,0,10,10,0.00,0.0000,-0.0003,-1.9100,-0.4527,0.0000,-0.0000,0.0000,1.7695
2026-04-25 11:01:59.613,0,10,10,0.00,0.0001,0.0000,-1.9100,-0.4527,0.0000,-0.0000,0.0000,1.7695
2026-04-25 11:02:00.113,0,10,10,0.00,-0.0001,0.0001,-1.9106,-0.4516,0.0000,-0.0000,0.0000,1.7695
2026-04-25 11:02:00.615,0,10,10,0.00,0.0003,0.0000,-1.9106,-0.4516,0.0000,-0.0000,0.0000,1.7695
2026-04-25 11:02:01.114,0,10,10,0.00,0.0001,0.0001,-1.9106,-0.4516,0.0000,-0.0000,0.0000,1.7695
2026-04-25 11:02:01.613,0,10,10,0.00,0.0000,0.0000,-1.9108,-0.4513,0.0000,-0.0000,0.0000,1.7695
2026-04-25 11:02:02.113,0,10,10,0.00,0.0000,0.0001,-1.9108,-0.4513,0.0000,-0.0000,0.0000,1.7695
2026-04-25 11:02:02.614,0,10,10,0.00,0.0000,0.0000,-1.9108,-0.4513,0.0000,-0.0000,0.0000,1.7695
2026-04-25 11:02:03.114,0,10,10,0.00,0.0003,-0.0001,-1.9108,-0.4513,0.0000,-0.0000,0.0000,1.7695
2026-04-25 11:02:03.613,0,10,10,0.00,0.0000,0.0005,-1.9108,-0.4513,0.0000,-0.0000,0.0000,1.7695
2026-04-25 11:02:04.114,0,10,10,0.00,0.0000,0.0001,-1.9108,-0.4513,0.0000,-0.0000,0.0000,1.7695
2026-04-25 11:02:04.613,0,10,10,0.00,0.0000,0.0003,-1.9108,-0.4513,0.0000,-0.0000,0.0000,1.7695
2026-04-25 11:02:05.113,0,10,10,0.00,-0.0001,0.0001,-1.9108,-0.4513,0.0000,-0.0000,0.0000,1.7695
2026-04-25 11:02:05.613,0,10,10,0.00,0.0000,0.0000,-1.9108,-0.4513,0.0000,-0.0000,0.0000,1.7695
2026-04-25 11:02:06.113,0,10,10,0.00,0.0001,0.0005,-1.9108,-0.4513,0.0000,-0.0000,0.0000,1.7695
2026-04-25 11:02:06.613,0,10,10,0.00,0.0001,0.0001,-1.9108,-0.4513,0.0000,-0.0000,0.0000,1.7695
2026-04-25 11:02:07.113,0,10,10,0.00,-0.0001,-0.0001,-1.9108,-0.4513,0.0000,-0.0000,0.0000,1.7695
2026-04-25 11:02:07.614,0,10,10,0.00,0.0000,0.0000,-1.9108,-0.4513,0.0000,-0.0000,0.0000,1.7695
2026-04-25 11:02:08.115,0,10,10,0.00,0.0000,0.0003,-1.9108,-0.4513,0.0000,-0.0000,0.0000,1.7695
2026-04-25 11:02:08.613,0,10,10,0.00,0.0000,0.0000,-1.9108,-0.4513,0.0000,-0.0000,0.0000,1.7695
2026-04-25 11:02:09.113,0,10,10,0.00,0.0000,0.0004,-1.9108,-0.4513,0.0000,-0.0000,0.0000,1.7695
2026-04-25 11:02:09.613,0,10,10,0.00,0.0000,0.0003,-1.9108,-0.4513,0.0000,-0.0000,0.0000,1.7695
2026-04-25 11:02:10.114,0,10,10,0.00,0.0000,0.0000,-1.9108,-0.4513,0.0000,-0.0000,0.0000,1.7695
2026-04-25 11:02:10.613,0,10,10,0.00,0.0000,0.0000,-1.9108,-0.4513,0.0000,-0.0000,0.0000,1.7695
2026-04-25 11:02:11.113,0,10,10,0.00,0.0000,0.0000,-1.9108,-0.4513,0.0000,-0.0000,0.0000,1.7695
2026-04-25 11:02:11.613,0,10,10,0.00,-0.0001,0.0366,-1.9081,-0.4557,0.0000,-0.0000,0.0000,1.7695
2026-04-25 11:02:12.113,0,10,10,0.00,0.0000,0.0051,-1.9069,-0.4576,0.0000,-0.2544,0.3456,1.7695
2026-04-25 11:02:12.613,0,10,10,0.00,-0.1236,0.1059,-1.8953,-0.4763,0.0000,-0.7490,0.8661,1.7695
2026-04-25 11:02:13.114,0,10,10,0.00,-0.2850,0.2851,-1.8378,-0.5695,0.0000,-0.7471,0.7668,2.6436
2026-04-25 11:02:13.614,0,10,10,0.00,-0.4406,0.4321,-1.7421,-0.7250,0.0000,-0.6636,0.6877,2.0209
2026-04-25 11:02:14.114,0,10,10,0.00,-0.5854,0.5957,-1.6082,-0.9482,0.0000,-0.5267,0.5917,1.1590
2026-04-25 11:02:14.614,0,10,10,0.00,-0.4816,0.5829,-1.4591,-1.1807,0.0000,-0.5759,0.6670,1.7733
2026-04-25 11:02:15.113,0,10,10,0.00,-0.5647,0.6570,-1.2796,-1.4176,0.0000,-0.2808,0.3192,8.1013
2026-04-25 11:02:15.613,0,10,10,0.00,-0.2312,0.3598,-1.1317,-1.5849,0.0000,-0.1774,0.4226,11.9434
2026-04-25 11:02:16.113,0,10,10,0.00,-0.1223,0.4659,-1.0273,-1.6719,0.0000,-0.1065,0.4935,21.3693
2026-04-25 11:02:16.613,0,10,10,0.00,-0.0907,0.5228,-0.8886,-1.7310,0.0000,-0.0900,0.5100,36.2355
2026-04-25 11:02:17.114,0,10,10,0.00,-0.1318,0.4672,-0.7379,-1.7365,0.0000,-0.1420,0.4580,58.5017
2026-04-25 11:02:17.613,0,10,10,0.00,-0.1881,0.4132,-0.5941,-1.6975,0.0000,-0.1926,0.4074,76.6524
2026-04-25 11:02:18.114,0,10,10,0.00,-0.2144,0.3882,-0.4602,-1.6294,0.0000,-0.2287,0.3749,88.6381
2026-04-25 11:02:18.614,0,10,10,0.00,-0.3232,0.4271,-0.3270,-1.5346,0.0000,-0.4157,0.4955,97.3847
2026-04-25 11:02:19.115,0,10,10,0.00,-0.4831,0.5663,-0.1538,-1.3829,0.0000,-0.6150,0.6435,103.5143
2026-04-25 11:02:19.613,0,10,10,0.00,-0.6392,0.7053,0.0595,-1.1639,0.0000,-0.6774,0.6445,107.8266
2026-04-25 11:02:20.113,0,10,10,0.00,-0.6926,0.5746,0.2814,-0.9208,0.0000,-0.6474,0.5219,111.9055
2026-04-25 11:02:20.613,0,10,10,0.00,-0.6366,0.5118,0.4935,-0.7251,0.0000,-0.6590,0.5794,105.4541
2026-04-25 11:02:21.114,0,9,10,0.00,-0.5795,0.5379,0.7349,-0.5454,0.0000,-0.4650,0.4574,98.9116
2026-04-25 11:02:21.613,0,10,10,0.00,-0.4002,0.4101,0.9198,-0.4142,0.0000,-0.4017,0.4037,97.2804
2026-04-25 11:02:22.113,0,10,10,0.00,-0.3809,0.3695,1.0797,-0.2989,0.0000,-0.3630,0.3529,97.9335
2026-04-25 11:02:22.614,0,9,10,0.00,-0.3284,0.3223,1.2213,-0.1986,0.0000,-0.3195,0.3151,97.4598
2026-04-25 11:02:23.113,0,10,10,0.00,-0.3003,0.3034,1.3474,-0.1101,0.0000,-0.2992,0.3008,96.8996
2026-04-25 11:02:23.613,0,10,10,0.00,-0.2987,0.3015,1.4701,-0.0241,0.0000,-0.3001,0.2999,96.9187
2026-04-25 11:02:24.114,0,9,10,0.00,-0.3015,0.3029,1.5812,0.0540,0.0000,-0.3012,0.2988,97.0292
2026-04-25 11:02:24.614,0,10,10,0.00,-0.3015,0.2941,1.7153,0.1479,0.0000,-0.3012,0.2988,97.0155
2026-04-25 11:02:25.115,0,10,10,0.00,-0.2957,0.2952,1.8377,0.2324,0.0000,-0.2962,0.3038,96.3913
2026-04-25 11:02:25.614,0,10,10,0.00,-0.2949,0.3077,1.9606,0.3176,0.0000,-0.2969,0.3031,96.5757
2026-04-25 11:02:26.113,0,10,10,0.00,-0.3557,0.3430,2.0886,0.4077,0.0000,-0.5327,0.6411,97.1907
2026-04-25 11:02:26.614,0,9,10,0.00,-0.4722,0.4894,2.2483,0.5182,0.0000,-0.4016,0.5493,96.7531
2026-04-25 11:02:27.113,0,10,10,0.00,-0.3041,0.5227,2.4467,0.6730,0.0000,-0.3094,0.4848,98.0806
2026-04-25 11:02:27.613,0,10,10,0.00,-0.4071,0.5364,2.5883,0.8306,0.0000,-0.7687,0.7688,111.7527
2026-04-25 11:02:28.114,0,10,10,0.00,-0.5597,0.7188,2.7483,1.0626,0.0000,-0.6820,0.6138,118.3589
2026-04-25 11:02:28.613,0,10,10,0.00,-0.6998,0.6101,2.9098,1.3447,0.0000,-0.6171,0.4802,123.7897
2026-04-25 11:02:29.113,0,10,10,0.00,-0.5833,0.4355,3.0599,1.5711,0.0000,-0.6649,0.6027,117.5655
2026-04-25 11:02:29.613,0,10,10,0.00,-0.5694,0.4897,3.2403,1.7786,0.0000,-0.2901,0.3099,109.7030
2026-04-25 11:02:30.113,0,10,10,0.00,-0.2231,0.3526,3.3688,1.9119,0.0000,-0.1507,0.4493,108.3487
2026-04-25 11:02:30.614,0,10,10,0.00,-0.1062,0.4995,3.4519,2.0255,0.0000,-0.0978,0.5022,112.5000
2026-04-25 11:02:31.114,0,10,10,0.00,-0.1168,0.4985,3.4976,2.1726,0.0000,-0.1366,0.4634,133.6962
2026-04-25 11:02:31.613,0,10,10,0.00,-0.1644,0.4100,3.4948,2.3209,0.0000,-0.2624,0.3376,153.7286
2026-04-25 11:02:32.114,0,10,10,0.00,-0.2587,0.3392,3.4637,2.4642,0.0000,-0.2449,0.3551,166.2073
2026-04-25 11:02:32.613,0,10,10,0.00,-0.2182,0.3695,3.4207,2.6034,0.0000,-0.2108,0.3892,170.6038
2026-04-25 11:02:33.114,0,10,10,0.00,-0.2541,0.4161,3.3557,2.7433,0.0000,-0.3362,0.4559,179.4415
2026-04-25 11:02:33.614,0,10,10,0.00,-0.4169,0.5329,3.2437,2.9155,0.0000,-0.6026,0.6335,-172.5408
2026-04-25 11:02:34.114,0,10,10,0.00,-0.5723,0.6891,3.0663,3.1336,0.0000,-0.7268,0.6595,-166.7523
2026-04-25 11:02:34.613,0,10,10,0.00,-0.6606,0.5995,2.8401,3.3720,0.0000,-0.5899,0.4310,-161.5405
2026-04-25 11:02:35.113,0,10,10,0.00,-0.5062,0.3149,2.6750,3.5614,0.0000,-0.5098,0.3400,-165.3971
2026-04-25 11:02:35.613,0,10,10,0.00,-0.3939,0.2613,2.5722,3.7231,0.0000,-0.5113,0.5688,-175.3419
2026-04-25 11:02:36.113,0,10,10,0.00,-0.4657,0.3890,2.4944,3.8963,0.0000,-0.4478,0.5518,177.1593
2026-04-25 11:02:36.613,0,10,10,0.00,-0.4080,0.5507,2.4081,4.1143,0.0000,-0.6044,0.7114,173.7690
2026-04-25 11:02:37.113,0,10,10,0.00,-0.3834,0.5087,2.2950,4.3345,0.0000,-0.4534,0.3568,-177.8400
2026-04-25 11:02:37.614,0,10,10,0.00,-0.4414,0.3081,2.1933,4.5074,0.0000,-0.3248,0.2779,-174.3933
2026-04-25 11:02:38.113,0,10,10,0.00,-0.3128,0.3244,2.1232,4.6534,0.0000,-0.2750,0.3820,177.9900
2026-04-25 11:02:38.614,0,10,10,0.00,-0.2719,0.3708,2.0498,4.8007,0.0000,-0.2941,0.3059,-179.6980
2026-04-25 11:02:39.113,0,10,10,0.00,-0.3359,0.2611,1.9728,4.9334,0.0000,-0.6739,0.5924,-174.8122
2026-04-25 11:02:39.613,0,10,10,0.00,-0.4096,0.3403,1.8910,5.0932,0.0000,-0.3086,0.2914,-179.3777
2026-04-25 11:02:40.113,0,10,10,0.00,-0.2731,0.3011,1.8269,5.2338,0.0000,-0.2916,0.3084,177.7156
2026-04-25 11:02:40.614,0,10,10,0.00,-0.3032,0.3042,1.7621,5.3712,0.0000,-0.3067,0.2933,179.4706
2026-04-25 11:02:41.114,0,10,10,0.00,-0.3087,0.2859,1.6987,5.5059,0.0000,-0.3037,0.2963,179.2306
2026-04-25 11:02:41.613,0,10,10,0.00,-0.2970,0.3070,1.6379,5.6408,0.0000,-0.2940,0.3060,178.0099
2026-04-25 11:02:42.114,0,10,10,0.00,-0.2928,0.3104,1.5759,5.7775,0.0000,-0.0000,0.0000,178.3049
2026-04-25 11:02:42.614,0,10,10,0.00,-0.0088,0.0703,1.5377,5.8580,0.0000,-0.0000,0.0000,179.2913
2026-04-25 11:02:43.113,0,10,10,0.00,0.0001,-0.0016,1.5386,5.8561,0.0000,-0.0000,0.0000,-179.3922
2026-04-25 11:02:43.614,0,10,10,0.00,0.0000,0.0001,1.5386,5.8561,0.0000,-0.0000,0.0000,-179.3922
2026-04-25 11:02:44.115,0,10,10,0.00,0.0001,0.0000,1.5386,5.8561,0.0000,-0.0000,0.0000,-179.3922
2026-04-25 11:02:44.613,0,10,10,0.00,-0.0001,0.0000,1.5386,5.8561,0.0000,-0.0000,0.0000,-179.3922
2026-04-25 11:02:45.114,0,10,10,0.00,0.0000,0.0000,1.5386,5.8561,0.0000,-0.0000,0.0000,-179.3922
2026-04-25 11:02:45.614,0,10,10,0.00,-0.0001,0.0001,1.5386,5.8561,0.0000,-0.0000,0.0000,-179.3922
2026-04-25 11:02:46.114,0,10,10,0.00,0.0000,0.0000,1.5386,5.8561,0.0000,-0.0000,0.0000,-179.3922
2026-04-25 11:02:46.614,0,10,10,0.00,0.0000,0.0000,1.5386,5.8561,0.0000,-0.0000,0.0000,-179.3922
2026-04-25 11:02:47.114,0,10,10,0.00,0.0000,0.0000,1.5386,5.8561,0.0000,-0.0000,0.0000,-179.3922
2026-04-25 11:02:47.615,0,10,10,0.00,0.0003,-0.0001,1.5386,5.8561,0.0000,-0.0000,0.0000,-179.3922
2026-04-25 11:02:48.113,0,10,10,0.00,0.0000,0.0001,1.5386,5.8561,0.0000,-0.0000,0.0000,-179.3922
2026-04-25 11:02:48.613,0,10,10,0.00,-0.0004,0.0000,1.5386,5.8561,0.0000,-0.0000,0.0000,-179.3922
2026-04-25 11:02:49.113,0,10,10,0.00,0.0000,-0.0001,1.5386,5.8561,0.0000,-0.0000,0.0000,-179.3922
2026-04-25 11:02:49.613,0,10,10,0.00,0.0000,0.0000,1.5386,5.8561,0.0000,-0.0000,0.0000,-179.3922
2026-04-25 11:02:50.115,0,10,10,0.00,0.0000,0.0000,1.5386,5.8561,0.0000,-0.0000,0.0000,-179.3922
2026-04-25 11:02:50.615,0,10,10,0.00,0.0000,0.0001,1.5386,5.8561,0.0000,-0.0000,0.0000,-179.3922
2026-04-25 11:02:51.113,0,10,10,0.00,0.0003,0.0000,1.5386,5.8561,0.0000,-0.0000,0.0000,-179.3922
2026-04-25 11:02:51.613,0,10,10,0.00,0.0000,0.0000,1.5386,5.8561,0.0000,-0.0000,0.0000,-179.3922
2026-04-25 11:02:52.114,0,10,10,0.00,0.0000,0.0000,1.5386,5.8561,0.0000,-0.0000,0.0000,-179.3922
2026-04-25 11:02:52.615,0,10,10,0.00,0.0001,0.0000,1.5386,5.8561,0.0000,-0.0000,0.0000,-179.3922
2026-04-25 11:02:53.113,0,10,10,0.00,0.0000,-0.0001,1.5386,5.8561,0.0000,-0.0000,0.0000,-179.3922
2026-04-25 11:02:53.613,0,10,10,0.00,-0.0397,0.0130,1.5377,5.8579,0.0000,-0.2471,0.3529,-179.3922
2026-04-25 11:02:54.113,0,10,10,0.00,-0.2075,0.2020,1.5111,5.9131,0.0000,-0.1858,0.4142,-179.3855
2026-04-25 11:02:54.613,0,10,10,0.00,-0.1177,0.3407,1.4614,6.0093,0.0000,-0.1093,0.4907,-178.9419
2026-04-25 11:02:55.113,0,9,10,0.00,-0.0839,0.5140,1.3765,6.1129,0.0000,-0.0889,0.5111,-165.6288
2026-04-25 11:02:55.613,0,10,10,0.00,-0.0953,0.5064,1.2444,6.1899,0.0000,-0.1048,0.4952,-142.8432
2026-04-25 11:02:56.113,0,10,10,0.00,-0.1208,0.4779,1.0972,6.2139,0.0000,-0.1560,0.4440,-121.5056
2026-04-25 11:02:56.613,0,10,10,0.00,-0.1902,0.4164,0.9490,6.1928,0.0000,-0.2042,0.3958,-104.0289
2026-04-25 11:02:57.113,0,10,10,0.00,-0.2292,0.3655,0.8070,6.1420,0.0000,-0.2599,0.3831,-92.7525
2026-04-25 11:02:57.613,0,10,10,0.00,-0.3297,0.4427,0.6594,6.0673,0.0000,-0.4311,0.5024,-86.1394
2026-04-25 11:02:58.114,0,10,10,0.00,-0.4892,0.5901,0.4601,5.9406,0.0000,-0.4102,0.4103,-80.2978
2026-04-25 11:02:58.613,0,10,10,0.00,-0.3440,0.3649,0.2794,5.8024,0.0000,-0.3511,0.2489,-74.8524
2026-04-25 11:02:59.113,0,10,10,0.00,-0.1979,0.2878,0.1737,5.7178,0.0000,-0.1635,0.4365,-74.4805
2026-04-25 11:02:59.613,0,10,10,0.00,-0.1062,0.5109,0.0750,5.6185,0.0000,-0.1072,0.4928,-68.0139
2026-04-25 11:03:00.113,0,10,10,0.00,-0.1488,0.4695,0.0066,5.4806,0.0000,-0.1591,0.4409,-46.2044
2026-04-25 11:03:00.613,0,10,10,0.00,-0.1817,0.4173,-0.0195,5.3331,0.0000,-0.1891,0.4109,-30.2818
2026-04-25 11:03:01.113,0,10,10,0.00,-0.2043,0.3970,-0.0143,5.1832,0.0000,-0.2153,0.3847,-18.5399
2026-04-25 11:03:01.613,0,10,10,0.00,-0.2824,0.4170,0.0169,5.0298,0.0000,-0.3458,0.4557,-8.8136
2026-04-25 11:03:02.114,0,10,10,0.00,-0.4113,0.5082,0.0807,4.8344,0.0000,-0.4504,0.5356,-2.8142
2026-04-25 11:03:02.613,0,10,10,0.00,-0.5135,0.5875,0.1807,4.5967,0.0000,-0.5937,0.6383,2.3016
2026-04-25 11:03:03.113,0,10,10,0.00,-0.6658,0.6887,0.3200,4.3170,0.0000,-0.7265,0.7123,6.4752
2026-04-25 11:03:03.615,0,10,10,0.00,-0.6963,0.6749,0.4843,4.0022,0.0000,-0.6869,0.6384,7.2504
2026-04-25 11:03:04.113,0,10,10,0.00,-0.6580,0.5731,0.6289,3.7117,0.0000,-0.6545,0.5811,6.6677
2026-04-25 11:03:04.613,0,10,10,0.00,-0.5889,0.5376,0.7442,3.4387,0.0000,-0.5731,0.5404,2.1577
2026-04-25 11:03:05.114,0,10,10,0.00,-0.5295,0.5140,0.8401,3.1836,0.0000,-0.5203,0.4998,0.1840
2026-04-25 11:03:05.613,0,10,10,0.00,-0.4825,0.4698,0.9238,2.9502,0.0000,-0.4758,0.4588,-0.7222
2026-04-25 11:03:06.113,0,10,10,0.00,-0.4413,0.4167,0.9982,2.7348,0.0000,-0.4376,0.4184,-0.9842
2026-04-25 11:03:06.613,0,10,10,0.00,-0.4050,0.3909,1.0641,2.5358,0.0000,-0.3963,0.3875,-1.9073
2026-04-25 11:03:07.114,0,10,10,0.00,-0.3626,0.3704,1.1217,2.3543,0.0000,-0.3571,0.3611,-2.8487
2026-04-25 11:03:07.613,0,10,10,0.00,-0.3360,0.3468,1.1756,2.1857,0.0000,-0.3322,0.3253,-2.2055
2026-04-25 11:03:08.113,0,10,10,0.00,-0.3101,0.2986,1.2249,2.0328,0.0000,-0.3046,0.2974,-2.0970
2026-04-25 11:03:08.613,0,10,10,0.00,-0.2977,0.2949,1.2693,1.8915,0.0000,-0.2984,0.3016,-2.7458
2026-04-25 11:03:09.113,0,9,10,0.00,-0.2965,0.3066,1.3144,1.7472,0.0000,-0.2989,0.3011,-2.6797
2026-04-25 11:03:09.614,0,10,10,0.00,-0.3021,0.3000,1.3601,1.6040,0.0000,-0.3027,0.2973,-2.0918
2026-04-25 11:03:10.113,0,10,10,0.00,-0.3016,0.2966,1.4052,1.4614,0.0000,-0.3010,0.2990,-2.1714
2026-04-25 11:03:10.613,0,10,10,0.00,-0.2961,0.2957,1.4494,1.3195,0.0000,-0.2973,0.3027,-2.5811
2026-04-25 11:03:11.114,0,10,10,0.00,-0.2979,0.3055,1.4947,1.1752,0.0000,-0.3005,0.2995,-2.1743
2026-04-25 11:03:11.614,0,10,10,0.00,-0.3049,0.2950,1.5410,1.0313,0.0000,-0.3055,0.2945,-1.4425
2026-04-25 11:03:12.114,0,10,10,0.00,-0.3028,0.2882,1.5863,0.8881,0.0000,-0.3031,0.2969,-1.6779
2026-04-25 11:03:12.614,0,10,10,0.00,-0.2961,0.2978,1.6296,0.7458,0.0000,-0.3442,0.2558,-2.4549
2026-04-25 11:03:13.114,0,10,10,0.00,-0.4452,0.1784,1.6680,0.6002,0.0000,-0.4678,0.1322,-3.2985
2026-04-25 11:03:13.613,0,10,10,0.00,-0.5028,0.0809,1.6718,0.4526,0.0000,-0.4986,0.1014,-17.9193
2026-04-25 11:03:14.113,0,10,10,0.00,-0.4534,0.1278,1.6249,0.3174,0.0000,-0.4440,0.1560,-40.0808
2026-04-25 11:03:14.614,0,10,10,0.00,-0.4193,0.1818,1.5374,0.1958,0.0000,-0.4128,0.1872,-56.3170
2026-04-25 11:03:15.114,0,10,10,0.00,-0.3935,0.2077,1.4265,0.0946,0.0000,-0.3860,0.2140,-68.0036
2026-04-25 11:03:15.614,0,10,10,0.00,-0.4224,0.2652,1.2952,0.0094,0.0000,-0.4490,0.3359,-77.1211
2026-04-25 11:03:16.114,0,10,10,0.00,-0.5325,0.4390,1.1056,-0.0813,0.0000,-0.5716,0.5148,-84.4733
2026-04-25 11:03:16.614,0,10,10,0.00,-0.6517,0.5813,0.8449,-0.1812,0.0000,-0.7139,0.6935,-88.9209
2026-04-25 11:03:17.113,0,10,10,0.00,-0.6432,0.6833,0.5274,-0.2848,0.0000,-0.6183,0.6499,-92.0494
2026-04-25 11:03:17.614,0,10,10,0.00,-0.5553,0.6034,0.2339,-0.3875,0.0000,-0.5456,0.5801,-90.4699
2026-04-25 11:03:18.113,0,10,10,0.00,-0.5067,0.5121,-0.0198,-0.4889,0.0000,-0.4986,0.5012,-86.8388
2026-04-25 11:03:18.614,0,10,10,0.00,-0.4509,0.4622,-0.2423,-0.5806,0.0000,-0.4370,0.4514,-86.5671
2026-04-25 11:03:19.114,0,10,10,0.00,-0.3902,0.4197,-0.4390,-0.6630,0.0000,-0.3825,0.4072,-86.4821
2026-04-25 11:03:19.614,0,10,10,0.00,-0.3528,0.3663,-0.6135,-0.7408,0.0000,-0.3454,0.3553,-84.9169
2026-04-25 11:03:20.113,0,10,10,0.00,-0.3161,0.3223,-0.7673,-0.8123,0.0000,-0.3112,0.3111,-83.8173
2026-04-25 11:03:20.614,0,10,10,0.00,-0.3045,0.3022,-0.9060,-0.8777,0.0000,-0.3004,0.2996,-83.4474
2026-04-25 11:03:21.115,0,10,10,0.00,-0.2977,0.2982,-1.0404,-0.9406,0.0000,-0.2976,0.3024,-83.5968
2026-04-25 11:03:21.613,0,10,10,0.00,-0.2977,0.3063,-1.1759,-1.0041,0.0000,-0.2982,0.3018,-83.4641
2026-04-25 11:03:22.113,0,10,10,0.00,-0.2996,0.3008,-1.3122,-1.0689,0.0000,-0.3013,0.2987,-82.9203
2026-04-25 11:03:22.613,0,10,10,0.00,-0.3037,0.2956,-1.4481,-1.1336,0.0000,-0.3019,0.2981,-82.7435
2026-04-25 11:03:23.113,0,10,10,0.00,-0.3011,0.2970,-1.5832,-1.1975,0.0000,-0.3007,0.2993,-82.8222
2026-04-25 11:03:23.613,0,10,10,0.00,-0.3783,0.2156,-1.7184,-1.2596,0.0000,-0.4349,0.1651,-82.8640
2026-04-25 11:03:24.113,0,10,10,0.00,-0.4928,0.0922,-1.8633,-1.3017,0.0000,-0.4975,0.1025,-90.5847
2026-04-25 11:03:24.613,0,10,10,0.00,-0.4839,0.0986,-2.0065,-1.2943,0.0000,-0.4752,0.1248,-111.9922
2026-04-25 11:03:25.113,0,10,10,0.00,-0.4464,0.1504,-2.1440,-1.2393,0.0000,-0.4394,0.1606,-131.1837
2026-04-25 11:03:25.613,0,10,10,0.00,-0.4117,0.1895,-2.2644,-1.1506,0.0000,-0.4042,0.1958,-145.8643
2026-04-25 11:03:26.114,0,10,10,0.00,-0.3776,0.2270,-2.3656,-1.0407,0.0000,-0.3992,0.2642,-157.1832
2026-04-25 11:03:26.613,0,9,10,0.00,-0.4742,0.3284,-2.4648,-0.8959,0.0000,-0.5005,0.4150,-164.3307
2026-04-25 11:03:27.114,0,10,10,0.00,-0.6109,0.4860,-2.5748,-0.6852,0.0000,-0.6642,0.6448,-171.3772
2026-04-25 11:03:27.614,0,10,10,0.00,-0.5261,0.4787,-2.6822,-0.4193,0.0000,-0.3418,0.4121,-177.8203
2026-04-25 11:03:28.114,0,10,10,0.00,-0.3308,0.3790,-2.7517,-0.2389,0.0000,-0.6019,0.6933,-177.8757
2026-04-25 11:03:28.613,0,10,10,0.00,-0.5030,0.5809,-2.8423,-0.0330,0.0000,-0.6019,0.6933,-174.9574
2026-04-25 11:03:29.113,0,9,10,0.00,-0.5943,0.6905,-2.9542,0.1863,0.0000,-0.6019,0.6933,-170.5311
2026-04-25 11:03:29.614,0,0,10,0.00,-0.5943,0.6905,-2.9542,0.1863,0.0000,-0.0000,0.0000,-162.4671
2026-04-25 11:03:30.113,0,6,10,0.00,-0.0043,0.0001,-2.9736,0.2200,0.0000,-0.0000,0.0000,-159.4583
2026-04-25 11:03:30.615,0,9,10,0.00,-0.0043,0.0001,-2.9741,0.2209,0.0000,-0.0000,0.0000,-158.5839
2026-04-25 11:03:31.114,0,9,10,0.00,-0.0043,0.0001,-2.9747,0.2218,0.0000,-0.0000,0.0000,-158.3923
2026-04-25 11:03:31.614,0,9,10,0.00,-0.0043,0.0001,-2.9752,0.2227,0.0000,-0.0000,0.0000,-158.3923
2026-04-25 11:03:32.114,0,9,10,0.00,-0.0043,0.0001,-2.9758,0.2237,0.0000,-0.0000,0.0000,-158.3923
2026-04-25 11:03:32.613,0,9,10,0.00,-0.0043,0.0001,-2.9763,0.2246,0.0000,-0.0000,0.0000,-158.3923
2026-04-25 11:03:33.113,0,9,10,0.00,-0.0043,0.0001,-2.9768,0.2255,0.0000,-0.0000,0.0000,-158.3923
2026-04-25 11:03:33.613,0,9,10,0.00,-0.0043,0.0001,-2.9774,0.2265,0.0000,-0.0000,0.0000,-154.9645
2026-04-25 11:03:34.114,0,14,10,0.00,-0.0043,0.0001,-2.9779,0.2275,0.0000,-0.0000,0.0000,-138.5382
2026-04-25 11:03:34.613,0,25,10,0.00,-0.0043,0.0001,-2.9785,0.2285,0.0000,-0.0000,0.0000,-116.0424
2026-04-25 11:03:35.114,0,25,10,0.00,-0.0043,0.0001,-2.9790,0.2294,0.0000,-0.0000,0.0000,-92.5557
2026-04-25 11:03:35.614,0,25,10,0.00,-0.0043,0.0001,-2.9795,0.2303,0.0000,-0.0000,0.0000,-68.0635
2026-04-25 11:03:36.114,0,25,10,0.00,-0.0043,0.0001,-2.9800,0.2313,0.0000,-0.0000,0.0000,-48.4158
2026-04-25 11:03:36.614,0,25,10,0.00,-0.0043,0.0001,-2.9805,0.2323,0.0000,-0.0000,0.0000,-32.2700
2026-04-25 11:03:37.113,0,25,10,0.00,-0.0043,0.0001,-2.9810,0.2332,0.0000,-0.0000,0.0000,-11.0290
2026-04-25 11:03:37.613,0,25,10,0.00,-0.0043,0.0001,-2.9815,0.2342,0.0000,-0.0000,0.0000,3.6978
2026-04-25 11:03:38.113,0,25,10,0.00,-0.0043,0.0001,-2.9820,0.2351,0.0000,-0.0000,0.0000,5.7175
2026-04-25 11:03:38.613,0,25,10,0.00,-0.0043,0.0001,-2.9825,0.2361,0.0000,-0.0000,0.0000,5.7175
2026-04-25 11:03:39.113,0,25,10,0.00,-0.0043,0.0001,-2.9830,0.2370,0.0000,-0.0000,0.0000,5.7175
2026-04-25 11:03:39.615,0,25,10,0.00,-0.0043,0.0001,-2.9835,0.2380,0.0000,-0.0000,0.0000,7.6296
2026-04-25 11:03:40.113,0,25,10,0.00,-0.0043,0.0001,-2.9840,0.2390,0.0000,-0.0000,0.0000,7.6296
2026-04-25 11:03:40.615,0,25,10,0.00,-0.0043,0.0001,-2.9845,0.2399,0.0000,-0.0000,0.0000,7.6296
2026-04-25 11:03:41.113,0,25,10,0.00,-0.0043,0.0001,-2.9849,0.2409,0.0000,-0.0000,0.0000,7.6296
2026-04-25 11:03:41.614,0,14,10,0.00,0.0000,0.0001,-2.9852,0.2414,0.0000,-0.0000,0.0000,7.6296
2026-04-25 11:03:42.113,0,0,10,0.00,0.0000,0.0001,-2.9852,0.2414,0.0000,-0.0000,0.0000,7.6296
2026-04-25 11:03:42.613,0,9,10,0.00,0.0001,0.0000,-2.9852,0.2414,0.0000,-0.0000,0.0000,7.6296
2026-04-25 11:03:43.114,0,10,10,0.00,0.0000,-0.0001,-2.9852,0.2414,0.0000,-0.0000,0.0000,7.6296
2026-04-25 11:03:43.614,0,10,10,0.00,-0.0003,0.0000,-2.9852,0.2414,0.0000,-0.0000,0.0000,7.6296
2026-04-25 11:03:44.113,0,10,10,0.00,0.0000,-0.0005,-2.9852,0.2414,0.0000,-0.0000,0.0000,7.6296
2026-04-25 11:03:44.613,0,10,10,0.00,0.0000,0.0001,-2.9852,0.2414,0.0000,-0.0000,0.0000,7.6296
2026-04-25 11:03:45.113,0,10,10,0.00,-0.0001,-0.0005,-2.9852,0.2414,0.0000,-0.0000,0.0000,7.6296
2026-04-25 11:03:45.613,0,10,10,0.00,0.0000,-0.0004,-2.9852,0.2414,0.0000,-0.0000,0.0000,7.6296
2026-04-25 11:03:46.113,0,10,10,0.00,-0.0004,0.0000,-2.9852,0.2414,0.0000,-0.0000,0.0000,7.6296
2026-04-25 11:03:46.613,0,10,10,0.00,-0.0001,-0.0003,-2.9852,0.2414,0.0000,-0.0000,0.0000,7.6296
2026-04-25 11:03:47.113,0,10,10,0.00,0.0000,-0.0003,-2.9852,0.2414,0.0000,-0.0000,0.0000,7.6296
2026-04-25 11:03:47.614,0,10,10,0.00,0.0003,0.0000,-2.9852,0.2414,0.0000,-0.0000,0.0000,7.6296
2026-04-25 11:03:48.114,0,10,10,0.00,0.0000,0.0001,-2.9852,0.2414,0.0000,-0.0000,0.0000,7.6296
2026-04-25 11:03:48.613,0,10,10,0.00,0.0003,0.0001,-2.9852,0.2414,0.0000,-0.0000,0.0000,7.6296
2026-04-25 11:03:49.114,0,10,10,0.00,0.0000,-0.0003,-2.9852,0.2414,0.0000,-0.0000,0.0000,7.6296
2026-04-25 11:03:49.613,0,10,10,0.00,-0.0001,0.0000,-2.9852,0.2414,0.0000,-0.0000,0.0000,7.6296
2026-04-25 11:03:50.114,0,10,10,0.00,0.0001,0.0000,-2.9852,0.2414,0.0000,-0.0000,0.0000,7.6296
2026-04-25 11:03:50.613,0,10,10,0.00,-0.0001,0.0000,-2.9852,0.2414,0.0000,-0.0000,0.0000,7.6296
2026-04-25 11:03:51.114,0,10,10,0.00,0.0000,-0.0001,-2.9852,0.2414,0.0000,-0.0000,0.0000,7.6296
2026-04-25 11:03:51.613,0,10,10,0.00,0.0000,0.0003,-2.9852,0.2414,0.0000,-0.0000,0.0000,7.6296
2026-04-25 11:03:52.113,0,10,10,0.00,-0.0003,0.0000,-2.9852,0.2414,0.0000,-0.0000,0.0000,7.6296
2026-04-25 11:03:52.613,0,10,10,0.00,0.0000,0.0000,-2.9852,0.2414,0.0000,-0.0000,0.0000,7.6296
2026-04-25 11:03:53.113,0,10,10,0.00,0.0001,0.0000,-2.9852,0.2414,0.0000,-0.0000,0.0000,7.6296
2026-04-25 11:03:53.613,0,2,10,0.00,0.0000,0.0004,-2.9852,0.2414,0.0000,-0.0000,0.0000,7.6296
2026-04-25 11:03:54.114,0,0,10,0.00,0.0000,0.0004,-2.9852,0.2414,0.0000,-0.0000,0.0000,8.5805
2026-04-25 11:03:54.613,0,0,10,0.00,0.0000,0.0004,-2.9852,0.2414,0.0000,-0.0000,0.0000,9.2016
2026-04-25 11:03:55.113,0,0,10,0.00,0.0000,0.0004,-2.9852,0.2414,0.0000,-0.0000,0.0000,9.3826
2026-04-25 11:03:55.615,0,0,10,0.00,0.0000,0.0004,-2.9852,0.2414,0.0000,-0.0000,0.0000,9.5376
2026-04-25 11:03:56.115,0,3,10,0.00,-0.0001,-0.0001,-2.9852,0.2414,0.0000,-0.0000,0.0000,9.5620
2026-04-25 11:03:56.614,0,10,10,0.00,0.0001,0.0001,-2.9852,0.2414,0.0000,-0.0000,0.0000,9.5126
2026-04-25 11:03:57.113,0,10,10,0.00,0.0974,0.0001,-2.9811,0.2334,0.0000,-0.0000,0.0000,9.4853
2026-04-25 11:03:57.613,0,10,10,0.00,0.2656,0.0001,-2.9548,0.1923,0.0000,-0.0000,0.0000,17.5742
2026-04-25 11:03:58.113,0,10,10,0.00,0.4216,-0.0298,-2.8906,0.1312,0.0000,-0.0000,0.0000,32.8888
2026-04-25 11:03:58.613,0,10,10,0.00,0.3731,-0.0363,-2.7869,0.0838,0.0000,-0.0000,0.0000,54.8541
2026-04-25 11:03:59.114,0,10,10,0.00,0.0580,-0.0003,-2.7335,0.0746,0.0000,-0.0000,0.0000,67.2274
2026-04-25 11:03:59.613,0,10,10,0.00,-0.1241,0.0000,-2.7461,0.0760,0.0000,-0.0000,0.0000,68.5152
2026-04-25 11:04:00.113,0,10,10,0.00,-0.2817,0.0090,-2.7992,0.0884,0.0000,-0.0000,0.0000,58.6672
2026-04-25 11:04:00.614,0,10,10,0.00,-0.4462,-0.0505,-2.8802,0.1301,0.0000,-0.0000,0.0000,39.8637
2026-04-25 11:04:01.113,0,9,10,0.00,-0.1805,0.0000,-2.9331,0.1855,0.0000,-0.0000,0.0000,15.4499
2026-04-25 11:04:01.613,0,10,10,0.00,-0.2986,-0.0001,-2.9626,0.2381,0.0000,-0.0000,0.0000,5.2692
2026-04-25 11:04:02.113,0,10,10,0.00,0.0145,0.0000,-2.9728,0.2655,0.0000,-0.0000,0.0000,-5.6270
2026-04-25 11:04:02.613,0,10,10,0.00,0.0229,0.0000,-2.9682,0.2520,0.0000,-0.0000,0.0000,-3.2103
2026-04-25 11:04:03.113,0,10,10,0.00,0.0000,0.0000,-2.9682,0.2520,0.0000,-0.0000,0.0000,-3.2103
2026-04-25 11:04:03.614,0,10,10,0.00,0.0000,0.0000,-2.9682,0.2520,0.0000,-0.0000,0.0000,-3.2103
2026-04-25 11:04:04.113,0,10,10,0.00,0.0001,0.0000,-2.9682,0.2520,0.0000,-0.0000,0.0000,-3.2103
2026-04-25 11:04:04.613,0,10,10,0.00,0.0000,-0.0001,-2.9682,0.2520,0.0000,-0.0000,0.0000,-3.2103
2026-04-25 11:04:05.113,0,10,10,0.00,0.0001,0.0001,-2.9682,0.2520,0.0000,-0.0000,0.0000,-3.2103
2026-04-25 11:04:05.614,0,10,10,0.00,-0.0001,0.0000,-2.9682,0.2520,0.0000,-0.0000,0.0000,-3.2103
2026-04-25 11:04:06.113,0,10,10,0.00,0.0000,0.0000,-2.9682,0.2520,0.0000,-0.0000,0.0000,-3.2103
2026-04-25 11:04:06.614,0,10,10,0.00,0.0000,-0.0001,-2.9682,0.2520,0.0000,-0.0000,0.0000,-3.2103
2026-04-25 11:04:07.113,0,10,10,0.00,0.0000,-0.0001,-2.9682,0.2520,0.0000,-0.0000,0.0000,-3.2103
2026-04-25 11:04:07.615,0,10,10,0.00,0.0000,0.0000,-2.9682,0.2520,0.0000,-0.0000,0.0000,-3.2103
2026-04-25 11:04:08.113,0,10,10,0.00,-0.0004,0.0000,-2.9682,0.2520,0.0000,-0.0000,0.0000,-3.2103
2026-04-25 11:04:08.613,0,10,10,0.00,0.0000,0.0000,-2.9682,0.2520,0.0000,-0.0000,0.0000,-3.2103
2026-04-25 11:04:09.113,0,10,10,0.00,0.0000,0.0000,-2.9682,0.2520,0.0000,-0.0000,0.0000,-3.2103
2026-04-25 11:04:09.613,0,10,10,0.00,0.0000,0.0000,-2.9682,0.2520,0.0000,-0.0000,0.0000,-3.2103
2026-04-25 11:04:10.113,0,10,10,0.00,0.0000,-0.0001,-2.9682,0.2520,0.0000,-0.0000,0.0000,-3.2103
