Timestamp,Yaw_Angle(degrees),Hex_Byte0,Hex_Byte1,Hex_Byte2,Hex_Byte3,Hex_Byte4,Hex_Byte5,Hex_All
2025-10-25 10:10:42,-64.44,0xff,0xd5,0xff,0x77,0x73,0x74,"ff d5 ff 77 73 74 00 00"
2025-10-25 10:10:42,-64.44,0xff,0xd5,0xff,0x77,0x73,0x74,"ff d5 ff 77 73 74 00 00"
2025-10-25 10:10:42,-64.44,0xff,0xd5,0xff,0x77,0x73,0x74,"ff d5 ff 77 73 74 00 00"
2025-10-25 10:10:42,-64.44,0xff,0xd5,0xff,0x77,0x73,0x74,"ff d5 ff 77 73 74 00 00"
2025-10-25 10:10:42,-64.44,0xff,0xd5,0xff,0x77,0x73,0x74,"ff d5 ff 77 73 74 00 00"
2025-10-25 10:10:42,-64.44,0xff,0xd5,0xff,0x77,0x73,0x74,"ff d5 ff 77 73 74 00 00"
2025-10-25 10:10:42,-64.44,0xff,0xd5,0xff,0x77,0x73,0x74,"ff d5 ff 77 73 74 00 00"
2025-10-25 10:10:42,-64.44,0xff,0xd5,0xff,0x77,0x73,0x74,"ff d5 ff 77 73 74 00 00"
2025-10-25 10:10:42,-64.44,0xff,0xd5,0xff,0x77,0x73,0x74,"ff d5 ff 77 73 74 00 00"
2025-10-25 10:10:42,-64.44,0xff,0xd5,0xff,0x77,0x73,0x74,"ff d5 ff 77 73 74 00 00"
2025-10-25 10:10:42,-64.44,0xff,0xd5,0xff,0x77,0x73,0x74,"ff d5 ff 77 73 74 00 00"
2025-10-25 10:10:42,-64.44,0xff,0xd5,0xff,0x77,0x73,0x74,"ff d5 ff 77 73 74 00 00"
2025-10-25 10:10:43,-64.44,0xff,0xd5,0xff,0x77,0x73,0x74,"ff d5 ff 77 73 74 00 00"
2025-10-25 10:10:43,-64.44,0xff,0xd5,0xff,0x77,0x73,0x74,"ff d5 ff 77 73 74 00 00"
2025-10-25 10:10:43,-64.44,0xff,0xd5,0xff,0x77,0x73,0x74,"ff d5 ff 77 73 74 00 00"
2025-10-25 10:10:43,-64.44,0xff,0xd5,0xff,0x77,0x73,0x74,"ff d5 ff 77 73 74 00 00"
2025-10-25 10:10:43,-64.44,0xff,0xd5,0xff,0x77,0x73,0x74,"ff d5 ff 77 73 74 00 00"
2025-10-25 10:10:43,-64.44,0xff,0xd5,0xff,0x77,0x73,0x74,"ff d5 ff 77 73 74 00 00"
2025-10-25 10:10:43,-64.44,0xff,0xd5,0xff,0x77,0x73,0x74,"ff d5 ff 77 73 74 00 00"
2025-10-25 10:10:43,-64.44,0xff,0xd5,0xff,0x77,0x73,0x74,"ff d5 ff 77 73 74 00 00"
2025-10-25 10:10:43,-64.44,0xff,0xd5,0xff,0x77,0x73,0x74,"ff d5 ff 77 73 74 00 00"
2025-10-25 10:10:43,-64.44,0xff,0xd5,0xff,0x77,0x73,0x74,"ff d5 ff 77 73 74 00 00"
2025-10-25 10:10:43,-64.44,0xff,0xd5,0xff,0x77,0x73,0x74,"ff d5 ff 77 73 74 00 00"
2025-10-25 10:10:43,-64.44,0xff,0xd5,0xff,0x77,0x73,0x74,"ff d5 ff 77 73 74 00 00"
2025-10-25 10:10:43,-64.44,0xff,0xd5,0xff,0x77,0x73,0x74,"ff d5 ff 77 73 74 00 00"
2025-10-25 10:10:43,-64.44,0xff,0xd5,0xff,0x77,0x73,0x74,"ff d5 ff 77 73 74 00 00"
2025-10-25 10:10:43,-64.44,0xff,0xd5,0xff,0x77,0x73,0x74,"ff d5 ff 77 73 74 00 00"
2025-10-25 10:10:43,-64.44,0xff,0xd5,0xff,0x77,0x73,0x74,"ff d5 ff 77 73 74 00 00"
2025-10-25 10:10:43,-64.44,0xff,0xd5,0xff,0x77,0x73,0x74,"ff d5 ff 77 73 74 00 00"
2025-10-25 10:10:43,-64.44,0xff,0xd5,0xff,0x77,0x73,0x74,"ff d5 ff 77 73 74 00 00"
2025-10-25 10:10:43,-64.44,0xff,0xd5,0xff,0x77,0x73,0x74,"ff d5 ff 77 73 74 00 00"
2025-10-25 10:10:43,-64.44,0xff,0xd5,0xff,0x77,0x73,0x74,"ff d5 ff 77 73 74 00 00"
2025-10-25 10:10:43,-64.44,0xff,0xd5,0xff,0x77,0x73,0x74,"ff d5 ff 77 73 74 00 00"
2025-10-25 10:10:43,-64.44,0xff,0xd5,0xff,0x77,0x73,0x74,"ff d5 ff 77 73 74 00 00"
2025-10-25 10:10:43,-64.44,0xff,0xd5,0xff,0x77,0x73,0x74,"ff d5 ff 77 73 74 00 00"
2025-10-25 10:10:43,-64.44,0xff,0xd5,0xff,0x77,0x73,0x74,"ff d5 ff 77 73 74 00 00"
2025-10-25 10:10:43,-64.44,0xff,0xd5,0xff,0x77,0x73,0x74,"ff d5 ff 77 73 74 00 00"
2025-10-25 10:10:43,-64.44,0xff,0xd5,0xff,0x77,0x73,0x74,"ff d5 ff 77 73 74 00 00"
2025-10-25 10:10:43,-64.38,0xff,0xd5,0xff,0x77,0x73,0x7a,"ff d5 ff 77 73 7a 00 00"
2025-10-25 10:10:43,-64.38,0xff,0xd5,0xff,0x77,0x73,0x7a,"ff d5 ff 77 73 7a 00 00"
2025-10-25 10:10:43,-64.38,0xff,0xd5,0xff,0x77,0x73,0x7a,"ff d5 ff 77 73 7a 00 00"
2025-10-25 10:10:43,-64.44,0xff,0xd5,0xff,0x77,0x73,0x74,"ff d5 ff 77 73 74 00 00"
2025-10-25 10:10:43,-64.44,0xff,0xd5,0xff,0x77,0x73,0x74,"ff d5 ff 77 73 74 00 00"
2025-10-25 10:10:43,-64.44,0xff,0xd5,0xff,0x77,0x73,0x74,"ff d5 ff 77 73 74 00 00"
2025-10-25 10:10:43,-64.44,0xff,0xd5,0xff,0x77,0x73,0x74,"ff d5 ff 77 73 74 00 00"
2025-10-25 10:10:43,-64.44,0xff,0xd5,0xff,0x77,0x73,0x74,"ff d5 ff 77 73 74 00 00"
2025-10-25 10:10:44,-64.44,0xff,0xd5,0xff,0x77,0x73,0x74,"ff d5 ff 77 73 74 00 00"
2025-10-25 10:10:44,-64.44,0xff,0xd5,0xff,0x77,0x73,0x74,"ff d5 ff 77 73 74 00 00"
2025-10-25 10:10:44,-64.44,0xff,0xd5,0xff,0x77,0x73,0x74,"ff d5 ff 77 73 74 00 00"
2025-10-25 10:10:44,-64.44,0xff,0xd5,0xff,0x77,0x73,0x74,"ff d5 ff 77 73 74 00 00"
2025-10-25 10:10:44,-64.44,0xff,0xce,0xff,0x77,0x73,0x74,"ff ce ff 77 73 74 00 00"
2025-10-25 10:10:44,-64.44,0xff,0xce,0xff,0x77,0x73,0x74,"ff ce ff 77 73 74 00 00"
2025-10-25 10:10:44,-64.44,0xff,0xce,0xff,0x77,0x73,0x74,"ff ce ff 77 73 74 00 00"
2025-10-25 10:10:44,-64.44,0xff,0xce,0xff,0x77,0x73,0x74,"ff ce ff 77 73 74 00 00"
2025-10-25 10:10:44,-64.44,0xff,0xd5,0xff,0x77,0x73,0x74,"ff d5 ff 77 73 74 00 00"
2025-10-25 10:10:44,-64.44,0xff,0xd5,0xff,0x77,0x73,0x74,"ff d5 ff 77 73 74 00 00"
2025-10-25 10:10:44,-64.44,0xff,0xce,0xff,0x77,0x73,0x74,"ff ce ff 77 73 74 00 00"
2025-10-25 10:10:44,-64.44,0xff,0xce,0xff,0x77,0x73,0x74,"ff ce ff 77 73 74 00 00"
2025-10-25 10:10:44,-64.44,0xff,0xce,0xff,0x77,0x73,0x74,"ff ce ff 77 73 74 00 00"
2025-10-25 10:10:44,-64.44,0xff,0xd5,0xff,0x77,0x73,0x74,"ff d5 ff 77 73 74 00 00"
2025-10-25 10:10:44,-64.44,0xff,0xd5,0xff,0x77,0x73,0x74,"ff d5 ff 77 73 74 00 00"
2025-10-25 10:10:44,-64.44,0xff,0xd5,0xff,0x77,0x73,0x74,"ff d5 ff 77 73 74 00 00"
2025-10-25 10:10:44,-64.44,0xff,0xd5,0xff,0x77,0x73,0x74,"ff d5 ff 77 73 74 00 00"
2025-10-25 10:10:44,-64.44,0xff,0xd5,0xff,0x77,0x73,0x74,"ff d5 ff 77 73 74 00 00"
2025-10-25 10:10:44,-64.44,0xff,0xd5,0xff,0x77,0x73,0x74,"ff d5 ff 77 73 74 00 00"
2025-10-25 10:10:44,-64.44,0xff,0xd5,0xff,0x77,0x73,0x74,"ff d5 ff 77 73 74 00 00"
2025-10-25 10:10:44,-64.44,0xff,0xd5,0xff,0x77,0x73,0x74,"ff d5 ff 77 73 74 00 00"
2025-10-25 10:10:44,-64.44,0xff,0xd5,0xff,0x77,0x73,0x74,"ff d5 ff 77 73 74 00 00"
2025-10-25 10:10:44,-64.44,0xff,0xd5,0xff,0x77,0x73,0x74,"ff d5 ff 77 73 74 00 00"
2025-10-25 10:10:44,-64.44,0xff,0xce,0xff,0x77,0x73,0x74,"ff ce ff 77 73 74 00 00"
2025-10-25 10:10:44,-64.44,0xff,0xce,0xff,0x77,0x73,0x74,"ff ce ff 77 73 74 00 00"
2025-10-25 10:10:44,-64.44,0xff,0xce,0xff,0x77,0x73,0x74,"ff ce ff 77 73 74 00 00"
2025-10-25 10:10:44,-64.44,0xff,0xce,0xff,0x77,0x73,0x74,"ff ce ff 77 73 74 00 00"
2025-10-25 10:10:44,-64.44,0xff,0xce,0xff,0x77,0x73,0x74,"ff ce ff 77 73 74 00 00"
2025-10-25 10:10:44,-64.44,0xff,0xd5,0xff,0x77,0x73,0x74,"ff d5 ff 77 73 74 00 00"
2025-10-25 10:10:44,-64.44,0xff,0xd5,0xff,0x77,0x73,0x74,"ff d5 ff 77 73 74 00 00"
2025-10-25 10:10:44,-64.44,0xff,0xd5,0xff,0x77,0x73,0x74,"ff d5 ff 77 73 74 00 00"
2025-10-25 10:10:44,-64.44,0xff,0xd5,0xff,0x77,0x73,0x74,"ff d5 ff 77 73 74 00 00"
2025-10-25 10:10:44,-64.44,0xff,0xce,0xff,0x77,0x73,0x74,"ff ce ff 77 73 74 00 00"
2025-10-25 10:10:44,-64.44,0xff,0xce,0xff,0x77,0x73,0x74,"ff ce ff 77 73 74 00 00"
2025-10-25 10:10:44,-64.44,0xff,0xce,0xff,0x71,0x73,0x74,"ff ce ff 71 73 74 00 00"
2025-10-25 10:10:45,-64.44,0xff,0xce,0xff,0x71,0x73,0x74,"ff ce ff 71 73 74 00 00"
2025-10-25 10:10:45,-64.44,0xff,0xce,0xff,0x71,0x73,0x74,"ff ce ff 71 73 74 00 00"
2025-10-25 10:10:45,-64.44,0xff,0xce,0xff,0x77,0x73,0x74,"ff ce ff 77 73 74 00 00"
2025-10-25 10:10:45,-64.44,0xff,0xce,0xff,0x77,0x73,0x74,"ff ce ff 77 73 74 00 00"
2025-10-25 10:10:45,-64.44,0xff,0xce,0xff,0x77,0x73,0x74,"ff ce ff 77 73 74 00 00"
2025-10-25 10:10:45,-64.44,0xff,0xce,0xff,0x77,0x73,0x74,"ff ce ff 77 73 74 00 00"
2025-10-25 10:10:45,-64.44,0xff,0xce,0xff,0x77,0x73,0x74,"ff ce ff 77 73 74 00 00"
2025-10-25 10:10:45,-64.44,0xff,0xce,0xff,0x77,0x73,0x74,"ff ce ff 77 73 74 00 00"
2025-10-25 10:10:45,-64.44,0xff,0xce,0xff,0x77,0x73,0x74,"ff ce ff 77 73 74 00 00"
2025-10-25 10:10:45,-64.44,0xff,0xd5,0xff,0x77,0x73,0x74,"ff d5 ff 77 73 74 00 00"
2025-10-25 10:10:45,-64.44,0xff,0xd5,0xff,0x77,0x73,0x74,"ff d5 ff 77 73 74 00 00"
2025-10-25 10:10:45,-64.44,0xff,0xd5,0xff,0x77,0x73,0x74,"ff d5 ff 77 73 74 00 00"
2025-10-25 10:10:45,-64.44,0xff,0xd5,0xff,0x77,0x73,0x74,"ff d5 ff 77 73 74 00 00"
2025-10-25 10:10:45,-64.44,0xff,0xd5,0xff,0x77,0x73,0x74,"ff d5 ff 77 73 74 00 00"
2025-10-25 10:10:45,-64.44,0xff,0xd5,0xff,0x77,0x73,0x74,"ff d5 ff 77 73 74 00 00"
2025-10-25 10:10:45,-64.44,0xff,0xd5,0xff,0x77,0x73,0x74,"ff d5 ff 77 73 74 00 00"
2025-10-25 10:10:45,-64.44,0xff,0xd5,0xff,0x77,0x73,0x74,"ff d5 ff 77 73 74 00 00"
2025-10-25 10:10:45,-64.44,0xff,0xd5,0xff,0x77,0x73,0x74,"ff d5 ff 77 73 74 00 00"
2025-10-25 10:10:45,-64.44,0xff,0xd5,0xff,0x77,0x73,0x74,"ff d5 ff 77 73 74 00 00"
2025-10-25 10:10:45,-64.44,0xff,0xd5,0xff,0x77,0x73,0x74,"ff d5 ff 77 73 74 00 00"
2025-10-25 10:10:45,-64.44,0xff,0xd5,0xff,0x77,0x73,0x74,"ff d5 ff 77 73 74 00 00"
2025-10-25 10:10:45,-64.44,0xff,0xd5,0xff,0x77,0x73,0x74,"ff d5 ff 77 73 74 00 00"
2025-10-25 10:10:45,-64.44,0xff,0xd5,0xff,0x77,0x73,0x74,"ff d5 ff 77 73 74 00 00"
2025-10-25 10:10:45,-64.44,0xff,0xd5,0xff,0x77,0x73,0x74,"ff d5 ff 77 73 74 00 00"
2025-10-25 10:10:45,-64.44,0xff,0xd5,0xff,0x77,0x73,0x74,"ff d5 ff 77 73 74 00 00"
2025-10-25 10:10:45,-64.44,0xff,0xd5,0xff,0x77,0x73,0x74,"ff d5 ff 77 73 74 00 00"
2025-10-25 10:10:45,-64.44,0xff,0xd5,0xff,0x77,0x73,0x74,"ff d5 ff 77 73 74 00 00"
2025-10-25 10:10:45,-64.44,0xff,0xd5,0xff,0x77,0x73,0x74,"ff d5 ff 77 73 74 00 00"
2025-10-25 10:10:45,-64.44,0xff,0xd5,0xff,0x77,0x73,0x74,"ff d5 ff 77 73 74 00 00"
2025-10-25 10:10:45,-64.44,0xff,0xd5,0xff,0x77,0x73,0x74,"ff d5 ff 77 73 74 00 00"
2025-10-25 10:10:45,-64.44,0xff,0xd5,0xff,0x77,0x73,0x74,"ff d5 ff 77 73 74 00 00"
2025-10-25 10:10:45,-64.44,0xff,0xd5,0xff,0x77,0x73,0x74,"ff d5 ff 77 73 74 00 00"
2025-10-25 10:10:45,-64.38,0xff,0xd5,0xff,0x77,0x73,0x7a,"ff d5 ff 77 73 7a 00 00"
2025-10-25 10:10:46,-64.38,0xff,0xd5,0xff,0x77,0x73,0x7a,"ff d5 ff 77 73 7a 00 00"
2025-10-25 10:10:46,-64.32,0xff,0xd5,0xff,0x77,0x73,0x80,"ff d5 ff 77 73 80 00 00"
2025-10-25 10:10:46,-64.25,0xff,0xd5,0xff,0x77,0x73,0x87,"ff d5 ff 77 73 87 00 00"
2025-10-25 10:10:46,-64.25,0xff,0xd5,0xff,0x77,0x73,0x87,"ff d5 ff 77 73 87 00 00"
2025-10-25 10:10:46,-64.19,0xff,0xd5,0xff,0x77,0x73,0x8d,"ff d5 ff 77 73 8d 00 00"
2025-10-25 10:10:46,-64.19,0xff,0xd5,0xff,0x77,0x73,0x8d,"ff d5 ff 77 73 8d 00 00"
2025-10-25 10:10:46,-64.13,0xff,0xd5,0xff,0x77,0x73,0x93,"ff d5 ff 77 73 93 00 00"
2025-10-25 10:10:46,-64.07,0xff,0xd5,0xff,0x77,0x73,0x99,"ff d5 ff 77 73 99 00 00"
2025-10-25 10:10:46,-64,0xff,0xd5,0xff,0x77,0x73,0xa0,"ff d5 ff 77 73 a0 00 00"
2025-10-25 10:10:46,-63.94,0xff,0xd5,0xff,0x77,0x73,0xa6,"ff d5 ff 77 73 a6 00 00"
2025-10-25 10:10:46,-63.88,0xff,0xd5,0xff,0x77,0x73,0xac,"ff d5 ff 77 73 ac 00 00"
2025-10-25 10:10:46,-63.82,0xff,0xd5,0xff,0x77,0x73,0xb2,"ff d5 ff 77 73 b2 00 00"
2025-10-25 10:10:46,-63.75,0xff,0xd5,0xff,0x77,0x73,0xb9,"ff d5 ff 77 73 b9 00 00"
2025-10-25 10:10:46,-63.75,0xff,0xd5,0xff,0x77,0x73,0xb9,"ff d5 ff 77 73 b9 00 00"
2025-10-25 10:10:46,-63.75,0xff,0xd5,0xff,0x77,0x73,0xb9,"ff d5 ff 77 73 b9 00 00"
2025-10-25 10:10:46,-63.75,0xff,0xd5,0xff,0x77,0x73,0xb9,"ff d5 ff 77 73 b9 00 00"
2025-10-25 10:10:46,-63.75,0xff,0xd5,0xff,0x77,0x73,0xb9,"ff d5 ff 77 73 b9 00 00"
2025-10-25 10:10:46,-63.75,0xff,0xd5,0xff,0x77,0x73,0xb9,"ff d5 ff 77 73 b9 00 00"
2025-10-25 10:10:46,-63.75,0xff,0xd5,0xff,0x77,0x73,0xb9,"ff d5 ff 77 73 b9 00 00"
2025-10-25 10:10:46,-63.69,0xff,0xd5,0xff,0x77,0x73,0xbf,"ff d5 ff 77 73 bf 00 00"
2025-10-25 10:10:46,-63.69,0xff,0xd5,0xff,0x77,0x73,0xbf,"ff d5 ff 77 73 bf 00 00"
2025-10-25 10:10:46,-63.69,0xff,0xd5,0xff,0x77,0x73,0xbf,"ff d5 ff 77 73 bf 00 00"
2025-10-25 10:10:46,-63.63,0xff,0xd5,0xff,0x77,0x73,0xc5,"ff d5 ff 77 73 c5 00 00"
2025-10-25 10:10:46,-63.63,0xff,0xd5,0xff,0x77,0x73,0xc5,"ff d5 ff 77 73 c5 00 00"
2025-10-25 10:10:46,-63.57,0xff,0xd5,0xff,0x71,0x73,0xcb,"ff d5 ff 71 73 cb 00 00"
2025-10-25 10:10:46,-63.57,0xff,0xd5,0xff,0x71,0x73,0xcb,"ff d5 ff 71 73 cb 00 00"
2025-10-25 10:10:46,-63.5,0xff,0xd5,0xff,0x71,0x73,0xd2,"ff d5 ff 71 73 d2 00 00"
2025-10-25 10:10:46,-63.5,0xff,0xd5,0xff,0x71,0x73,0xd2,"ff d5 ff 71 73 d2 00 00"
2025-10-25 10:10:46,-63.44,0xff,0xd5,0xff,0x71,0x73,0xd8,"ff d5 ff 71 73 d8 00 00"
2025-10-25 10:10:46,-63.32,0xff,0xd5,0xff,0x71,0x73,0xe4,"ff d5 ff 71 73 e4 00 00"
2025-10-25 10:10:46,-63.25,0xff,0xd5,0xff,0x71,0x73,0xeb,"ff d5 ff 71 73 eb 00 00"
2025-10-25 10:10:46,-63.19,0xff,0xd5,0xff,0x71,0x73,0xf1,"ff d5 ff 71 73 f1 00 00"
2025-10-25 10:10:46,-63.13,0xff,0xd5,0xff,0x71,0x73,0xf7,"ff d5 ff 71 73 f7 00 00"
2025-10-25 10:10:46,-63.07,0xff,0xd5,0xff,0x71,0x73,0xfd,"ff d5 ff 71 73 fd 00 00"
2025-10-25 10:10:47,-63,0xff,0xd5,0xff,0x71,0x74,0x04,"ff d5 ff 71 74 04 00 00"
2025-10-25 10:10:47,-62.94,0xff,0xd5,0xff,0x71,0x74,0x0a,"ff d5 ff 71 74 0a 00 00"
2025-10-25 10:10:47,-62.88,0xff,0xd5,0xff,0x71,0x74,0x10,"ff d5 ff 71 74 10 00 00"
2025-10-25 10:10:47,-62.82,0xff,0xdb,0xff,0x71,0x74,0x16,"ff db ff 71 74 16 00 00"
2025-10-25 10:10:47,-62.82,0xff,0xdb,0xff,0x71,0x74,0x16,"ff db ff 71 74 16 00 00"
2025-10-25 10:10:47,-62.75,0xff,0xdb,0xff,0x71,0x74,0x1d,"ff db ff 71 74 1d 00 00"
2025-10-25 10:10:47,-62.69,0xff,0xdb,0xff,0x71,0x74,0x23,"ff db ff 71 74 23 00 00"
2025-10-25 10:10:47,-62.69,0xff,0xdb,0xff,0x71,0x74,0x23,"ff db ff 71 74 23 00 00"
2025-10-25 10:10:47,-62.63,0xff,0xdb,0xff,0x71,0x74,0x29,"ff db ff 71 74 29 00 00"
2025-10-25 10:10:47,-62.57,0xff,0xdb,0xff,0x71,0x74,0x2f,"ff db ff 71 74 2f 00 00"
2025-10-25 10:10:47,-62.5,0xff,0xdb,0xff,0x71,0x74,0x36,"ff db ff 71 74 36 00 00"
2025-10-25 10:10:47,-62.44,0xff,0xdb,0xff,0x71,0x74,0x3c,"ff db ff 71 74 3c 00 00"
2025-10-25 10:10:47,-62.38,0xff,0xdb,0xff,0x71,0x74,0x42,"ff db ff 71 74 42 00 00"
2025-10-25 10:10:47,-62.32,0xff,0xdb,0xff,0x71,0x74,0x48,"ff db ff 71 74 48 00 00"
2025-10-25 10:10:47,-62.25,0xff,0xdb,0xff,0x71,0x74,0x4f,"ff db ff 71 74 4f 00 00"
2025-10-25 10:10:47,-62.19,0xff,0xdb,0xff,0x71,0x74,0x55,"ff db ff 71 74 55 00 00"
2025-10-25 10:10:47,-62.13,0xff,0xdb,0xff,0x71,0x74,0x5b,"ff db ff 71 74 5b 00 00"
2025-10-25 10:10:47,-62.07,0xff,0xdb,0xff,0x71,0x74,0x61,"ff db ff 71 74 61 00 00"
2025-10-25 10:10:47,-62,0xff,0xdb,0xff,0x71,0x74,0x68,"ff db ff 71 74 68 00 00"
2025-10-25 10:10:47,-61.94,0xff,0xdb,0xff,0x71,0x74,0x6e,"ff db ff 71 74 6e 00 00"
2025-10-25 10:10:47,-61.94,0xff,0xdb,0xff,0x71,0x74,0x6e,"ff db ff 71 74 6e 00 00"
2025-10-25 10:10:47,-61.88,0xff,0xdb,0xff,0x71,0x74,0x74,"ff db ff 71 74 74 00 00"
2025-10-25 10:10:47,-61.82,0xff,0xdb,0xff,0x71,0x74,0x7a,"ff db ff 71 74 7a 00 00"
2025-10-25 10:10:47,-61.69,0xff,0xdb,0xff,0x71,0x74,0x87,"ff db ff 71 74 87 00 00"
2025-10-25 10:10:47,-61.69,0xff,0xdb,0xff,0x71,0x74,0x87,"ff db ff 71 74 87 00 00"
2025-10-25 10:10:47,-61.63,0xff,0xdb,0xff,0x71,0x74,0x8d,"ff db ff 71 74 8d 00 00"
2025-10-25 10:10:47,-61.57,0xff,0xdb,0xff,0x71,0x74,0x93,"ff db ff 71 74 93 00 00"
2025-10-25 10:10:47,-61.5,0xff,0xdb,0xff,0x71,0x74,0x9a,"ff db ff 71 74 9a 00 00"
2025-10-25 10:10:47,-61.44,0xff,0xdb,0xff,0x71,0x74,0xa0,"ff db ff 71 74 a0 00 00"
2025-10-25 10:10:47,-61.38,0xff,0xdb,0xff,0x71,0x74,0xa6,"ff db ff 71 74 a6 00 00"
2025-10-25 10:10:47,-61.32,0xff,0xdb,0xff,0x71,0x74,0xac,"ff db ff 71 74 ac 00 00"
2025-10-25 10:10:47,-61.32,0xff,0xdb,0xff,0x71,0x74,0xac,"ff db ff 71 74 ac 00 00"
2025-10-25 10:10:47,-61.25,0xff,0xdb,0xff,0x71,0x74,0xb3,"ff db ff 71 74 b3 00 00"
2025-10-25 10:10:47,-61.19,0xff,0xdb,0xff,0x71,0x74,0xb9,"ff db ff 71 74 b9 00 00"
2025-10-25 10:10:48,-61.13,0xff,0xdb,0xff,0x71,0x74,0xbf,"ff db ff 71 74 bf 00 00"
2025-10-25 10:10:48,-61.07,0xff,0xdb,0xff,0x71,0x74,0xc5,"ff db ff 71 74 c5 00 00"
2025-10-25 10:10:48,-61.07,0xff,0xdb,0xff,0x71,0x74,0xc5,"ff db ff 71 74 c5 00 00"
2025-10-25 10:10:48,-61,0xff,0xdb,0xff,0x71,0x74,0xcc,"ff db ff 71 74 cc 00 00"
2025-10-25 10:10:48,-60.94,0xff,0xdb,0xff,0x71,0x74,0xd2,"ff db ff 71 74 d2 00 00"
2025-10-25 10:10:48,-60.88,0xff,0xdb,0xff,0x71,0x74,0xd8,"ff db ff 71 74 d8 00 00"
2025-10-25 10:10:48,-60.82,0xff,0xdb,0xff,0x71,0x74,0xde,"ff db ff 71 74 de 00 00"
2025-10-25 10:10:48,-60.75,0xff,0xdb,0xff,0x71,0x74,0xe5,"ff db ff 71 74 e5 00 00"
2025-10-25 10:10:48,-60.69,0xff,0xdb,0xff,0x71,0x74,0xeb,"ff db ff 71 74 eb 00 00"
2025-10-25 10:10:48,-60.63,0xff,0xdb,0xff,0x71,0x74,0xf1,"ff db ff 71 74 f1 00 00"
2025-10-25 10:10:48,-60.57,0xff,0xdb,0xff,0x71,0x74,0xf7,"ff db ff 71 74 f7 00 00"
2025-10-25 10:10:48,-60.5,0xff,0xdb,0xff,0x71,0x74,0xfe,"ff db ff 71 74 fe 00 00"
2025-10-25 10:10:48,-60.44,0xff,0xdb,0xff,0x71,0x75,0x04,"ff db ff 71 75 04 00 00"
2025-10-25 10:10:48,-60.44,0xff,0xdb,0xff,0x71,0x75,0x04,"ff db ff 71 75 04 00 00"
2025-10-25 10:10:48,-60.38,0xff,0xe1,0xff,0x71,0x75,0x0a,"ff e1 ff 71 75 0a 00 00"
2025-10-25 10:10:48,-60.25,0xff,0xe1,0xff,0x71,0x75,0x17,"ff e1 ff 71 75 17 00 00"
2025-10-25 10:10:48,-60.19,0xff,0xe1,0xff,0x71,0x75,0x1d,"ff e1 ff 71 75 1d 00 00"
2025-10-25 10:10:48,-60.13,0xff,0xe1,0xff,0x71,0x75,0x23,"ff e1 ff 71 75 23 00 00"
2025-10-25 10:10:48,-60,0xff,0xe1,0xff,0x71,0x75,0x30,"ff e1 ff 71 75 30 00 00"
2025-10-25 10:10:48,-59.94,0xff,0xe1,0xff,0x71,0x75,0x36,"ff e1 ff 71 75 36 00 00"
2025-10-25 10:10:48,-59.82,0xff,0xe1,0xff,0x71,0x75,0x42,"ff e1 ff 71 75 42 00 00"
2025-10-25 10:10:48,-59.75,0xff,0xe1,0xff,0x71,0x75,0x49,"ff e1 ff 71 75 49 00 00"
2025-10-25 10:10:48,-59.63,0xff,0xe1,0xff,0x71,0x75,0x55,"ff e1 ff 71 75 55 00 00"
2025-10-25 10:10:48,-59.5,0xff,0xe1,0xff,0x71,0x75,0x62,"ff e1 ff 71 75 62 00 00"
2025-10-25 10:10:48,-59.44,0xff,0xe1,0xff,0x71,0x75,0x68,"ff e1 ff 71 75 68 00 00"
2025-10-25 10:10:48,-59.32,0xff,0xe1,0xff,0x71,0x75,0x74,"ff e1 ff 71 75 74 00 00"
2025-10-25 10:10:48,-59.19,0xff,0xe1,0xff,0x71,0x75,0x81,"ff e1 ff 71 75 81 00 00"
2025-10-25 10:10:48,-59.13,0xff,0xe1,0xff,0x71,0x75,0x87,"ff e1 ff 71 75 87 00 00"
2025-10-25 10:10:48,-59,0xff,0xe1,0xff,0x71,0x75,0x94,"ff e1 ff 71 75 94 00 00"
2025-10-25 10:10:48,-58.88,0xff,0xe1,0xff,0x71,0x75,0xa0,"ff e1 ff 71 75 a0 00 00"
2025-10-25 10:10:48,-58.82,0xff,0xe1,0xff,0x71,0x75,0xa6,"ff e1 ff 71 75 a6 00 00"
2025-10-25 10:10:48,-58.69,0xff,0xe1,0xff,0x71,0x75,0xb3,"ff e1 ff 71 75 b3 00 00"
2025-10-25 10:10:48,-58.63,0xff,0xe1,0xff,0x71,0x75,0xb9,"ff e1 ff 71 75 b9 00 00"
2025-10-25 10:10:48,-58.5,0xff,0xe1,0xff,0x71,0x75,0xc6,"ff e1 ff 71 75 c6 00 00"
2025-10-25 10:10:49,-58.38,0xff,0xe1,0xff,0x71,0x75,0xd2,"ff e1 ff 71 75 d2 00 00"
2025-10-25 10:10:49,-58.32,0xff,0xe1,0xff,0x71,0x75,0xd8,"ff e1 ff 71 75 d8 00 00"
2025-10-25 10:10:49,-58.25,0xff,0xe1,0xff,0x71,0x75,0xdf,"ff e1 ff 71 75 df 00 00"
2025-10-25 10:10:49,-58.13,0xff,0xe1,0xff,0x71,0x75,0xeb,"ff e1 ff 71 75 eb 00 00"
2025-10-25 10:10:49,-58.07,0xff,0xe1,0xff,0x71,0x75,0xf1,"ff e1 ff 71 75 f1 00 00"
2025-10-25 10:10:49,-57.94,0xff,0xe1,0xff,0x71,0x75,0xfe,"ff e1 ff 71 75 fe 00 00"
2025-10-25 10:10:49,-57.88,0xff,0xe7,0xff,0x71,0x76,0x04,"ff e7 ff 71 76 04 00 00"
2025-10-25 10:10:49,-57.82,0xff,0xe7,0xff,0x71,0x76,0x0a,"ff e7 ff 71 76 0a 00 00"
2025-10-25 10:10:49,-57.69,0xff,0xe7,0xff,0x71,0x76,0x17,"ff e7 ff 71 76 17 00 00"
2025-10-25 10:10:49,-57.63,0xff,0xe7,0xff,0x71,0x76,0x1d,"ff e7 ff 71 76 1d 00 00"
2025-10-25 10:10:49,-57.5,0xff,0xe7,0xff,0x71,0x76,0x2a,"ff e7 ff 71 76 2a 00 00"
2025-10-25 10:10:49,-57.38,0xff,0xe7,0xff,0x71,0x76,0x36,"ff e7 ff 71 76 36 00 00"
2025-10-25 10:10:49,-57.32,0xff,0xe7,0xff,0x71,0x76,0x3c,"ff e7 ff 71 76 3c 00 00"
2025-10-25 10:10:49,-57.19,0xff,0xe7,0xff,0x71,0x76,0x49,"ff e7 ff 71 76 49 00 00"
2025-10-25 10:10:49,-57.13,0xff,0xe7,0xff,0x71,0x76,0x4f,"ff e7 ff 71 76 4f 00 00"
2025-10-25 10:10:49,-57.07,0xff,0xe7,0xff,0x71,0x76,0x55,"ff e7 ff 71 76 55 00 00"
2025-10-25 10:10:49,-57,0xff,0xe7,0xff,0x71,0x76,0x5c,"ff e7 ff 71 76 5c 00 00"
2025-10-25 10:10:49,-56.88,0xff,0xe7,0xff,0x71,0x76,0x68,"ff e7 ff 71 76 68 00 00"
2025-10-25 10:10:49,-56.88,0xff,0xe7,0xff,0x71,0x76,0x68,"ff e7 ff 71 76 68 00 00"
2025-10-25 10:10:49,-56.75,0xff,0xe7,0xff,0x71,0x76,0x75,"ff e7 ff 71 76 75 00 00"
2025-10-25 10:10:49,-56.69,0xff,0xe7,0xff,0x71,0x76,0x7b,"ff e7 ff 71 76 7b 00 00"
2025-10-25 10:10:49,-56.63,0xff,0xe7,0xff,0x71,0x76,0x81,"ff e7 ff 71 76 81 00 00"
2025-10-25 10:10:49,-56.57,0xff,0xe7,0xff,0x71,0x76,0x87,"ff e7 ff 71 76 87 00 00"
2025-10-25 10:10:49,-56.5,0xff,0xe7,0xff,0x71,0x76,0x8e,"ff e7 ff 71 76 8e 00 00"
2025-10-25 10:10:49,-56.44,0xff,0xe7,0xff,0x71,0x76,0x94,"ff e7 ff 71 76 94 00 00"
2025-10-25 10:10:49,-56.38,0xff,0xe7,0xff,0x71,0x76,0x9a,"ff e7 ff 71 76 9a 00 00"
2025-10-25 10:10:49,-56.32,0xff,0xe7,0xff,0x71,0x76,0xa0,"ff e7 ff 71 76 a0 00 00"
2025-10-25 10:10:49,-56.25,0xff,0xe7,0xff,0x71,0x76,0xa7,"ff e7 ff 71 76 a7 00 00"
2025-10-25 10:10:49,-56.19,0xff,0xe7,0xff,0x71,0x76,0xad,"ff e7 ff 71 76 ad 00 00"
2025-10-25 10:10:49,-56.13,0xff,0xe7,0xff,0x71,0x76,0xb3,"ff e7 ff 71 76 b3 00 00"
2025-10-25 10:10:49,-56.07,0xff,0xe7,0xff,0x71,0x76,0xb9,"ff e7 ff 71 76 b9 00 00"
2025-10-25 10:10:49,-56,0xff,0xe7,0xff,0x71,0x76,0xc0,"ff e7 ff 71 76 c0 00 00"
2025-10-25 10:10:49,-55.94,0xff,0xe7,0xff,0x71,0x76,0xc6,"ff e7 ff 71 76 c6 00 00"
2025-10-25 10:10:49,-55.88,0xff,0xe7,0xff,0x71,0x76,0xcc,"ff e7 ff 71 76 cc 00 00"
2025-10-25 10:10:49,-55.82,0xff,0xe7,0xff,0x71,0x76,0xd2,"ff e7 ff 71 76 d2 00 00"
2025-10-25 10:10:50,-55.75,0xff,0xe7,0xff,0x71,0x76,0xd9,"ff e7 ff 71 76 d9 00 00"
2025-10-25 10:10:50,-55.69,0xff,0xe7,0xff,0x71,0x76,0xdf,"ff e7 ff 71 76 df 00 00"
2025-10-25 10:10:50,-55.63,0xff,0xe7,0xff,0x71,0x76,0xe5,"ff e7 ff 71 76 e5 00 00"
2025-10-25 10:10:50,-55.57,0xff,0xe7,0xff,0x71,0x76,0xeb,"ff e7 ff 71 76 eb 00 00"
2025-10-25 10:10:50,-55.57,0xff,0xe7,0xff,0x71,0x76,0xeb,"ff e7 ff 71 76 eb 00 00"
2025-10-25 10:10:50,-55.57,0xff,0xe7,0xff,0x71,0x76,0xeb,"ff e7 ff 71 76 eb 00 00"
2025-10-25 10:10:50,-55.57,0xff,0xe7,0xff,0x71,0x76,0xeb,"ff e7 ff 71 76 eb 00 00"
2025-10-25 10:10:50,-55.57,0xff,0xe7,0xff,0x71,0x76,0xeb,"ff e7 ff 71 76 eb 00 00"
2025-10-25 10:10:50,-55.5,0xff,0xe7,0xff,0x71,0x76,0xf2,"ff e7 ff 71 76 f2 00 00"
2025-10-25 10:10:50,-55.5,0xff,0xee,0xff,0x71,0x76,0xf2,"ff ee ff 71 76 f2 00 00"
2025-10-25 10:10:50,-55.5,0xff,0xee,0xff,0x71,0x76,0xf2,"ff ee ff 71 76 f2 00 00"
2025-10-25 10:10:50,-55.5,0xff,0xee,0xff,0x71,0x76,0xf2,"ff ee ff 71 76 f2 00 00"
2025-10-25 10:10:50,-55.5,0xff,0xee,0xff,0x71,0x76,0xf2,"ff ee ff 71 76 f2 00 00"
2025-10-25 10:10:50,-55.5,0xff,0xee,0xff,0x71,0x76,0xf2,"ff ee ff 71 76 f2 00 00"
2025-10-25 10:10:50,-55.5,0xff,0xee,0xff,0x71,0x76,0xf2,"ff ee ff 71 76 f2 00 00"
2025-10-25 10:10:50,-55.5,0xff,0xee,0xff,0x71,0x76,0xf2,"ff ee ff 71 76 f2 00 00"
2025-10-25 10:10:50,-55.5,0xff,0xe7,0xff,0x71,0x76,0xf2,"ff e7 ff 71 76 f2 00 00"
2025-10-25 10:10:50,-55.44,0xff,0xe7,0xff,0x71,0x76,0xf8,"ff e7 ff 71 76 f8 00 00"
2025-10-25 10:10:50,-55.38,0xff,0xe7,0xff,0x71,0x76,0xfe,"ff e7 ff 71 76 fe 00 00"
2025-10-25 10:10:50,-55.32,0xff,0xe7,0xff,0x71,0x77,0x04,"ff e7 ff 71 77 04 00 00"
2025-10-25 10:10:50,-55.19,0xff,0xe7,0xff,0x71,0x77,0x11,"ff e7 ff 71 77 11 00 00"
2025-10-25 10:10:50,-55.13,0xff,0xe7,0xff,0x71,0x77,0x17,"ff e7 ff 71 77 17 00 00"
2025-10-25 10:10:50,-55,0xff,0xe7,0xff,0x6a,0x77,0x24,"ff e7 ff 6a 77 24 00 00"
2025-10-25 10:10:50,-54.94,0xff,0xe7,0xff,0x6a,0x77,0x2a,"ff e7 ff 6a 77 2a 00 00"
2025-10-25 10:10:50,-54.88,0xff,0xe7,0xff,0x6a,0x77,0x30,"ff e7 ff 6a 77 30 00 00"
2025-10-25 10:10:50,-54.75,0xff,0xe7,0xff,0x6a,0x77,0x3d,"ff e7 ff 6a 77 3d 00 00"
2025-10-25 10:10:50,-54.63,0xff,0xe7,0xff,0x6a,0x77,0x49,"ff e7 ff 6a 77 49 00 00"
2025-10-25 10:10:50,-54.57,0xff,0xe7,0xff,0x6a,0x77,0x4f,"ff e7 ff 6a 77 4f 00 00"
2025-10-25 10:10:50,-54.38,0xff,0xe7,0xff,0x6a,0x77,0x62,"ff e7 ff 6a 77 62 00 00"
2025-10-25 10:10:50,-54.32,0xff,0xe7,0xff,0x6a,0x77,0x68,"ff e7 ff 6a 77 68 00 00"
2025-10-25 10:10:50,-54.19,0xff,0xe7,0xff,0x6a,0x77,0x75,"ff e7 ff 6a 77 75 00 00"
2025-10-25 10:10:50,-54.07,0xff,0xe7,0xff,0x6a,0x77,0x81,"ff e7 ff 6a 77 81 00 00"
2025-10-25 10:10:50,-53.88,0xff,0xe7,0xff,0x6a,0x77,0x94,"ff e7 ff 6a 77 94 00 00"
2025-10-25 10:10:51,-53.75,0xff,0xe7,0xff,0x6a,0x77,0xa1,"ff e7 ff 6a 77 a1 00 00"
2025-10-25 10:10:51,-53.63,0xff,0xe7,0xff,0x6a,0x77,0xad,"ff e7 ff 6a 77 ad 00 00"
2025-10-25 10:10:51,-53.5,0xff,0xe7,0xff,0x6a,0x77,0xba,"ff e7 ff 6a 77 ba 00 00"
2025-10-25 10:10:51,-53.44,0xff,0xe7,0xff,0x71,0x77,0xc0,"ff e7 ff 71 77 c0 00 00"
2025-10-25 10:10:51,-53.38,0xff,0xe7,0xff,0x77,0x77,0xc6,"ff e7 ff 77 77 c6 00 00"
2025-10-25 10:10:51,-53.38,0xff,0xe1,0xff,0x7d,0x77,0xc6,"ff e1 ff 7d 77 c6 00 00"
2025-10-25 10:10:51,-53.38,0xff,0xe1,0xff,0x8a,0x77,0xc6,"ff e1 ff 8a 77 c6 00 00"
2025-10-25 10:10:51,-53.38,0xff,0xe1,0xff,0x8a,0x77,0xc6,"ff e1 ff 8a 77 c6 00 00"
2025-10-25 10:10:51,-53.38,0xff,0xe1,0xff,0x8a,0x77,0xc6,"ff e1 ff 8a 77 c6 00 00"
2025-10-25 10:10:51,-53.38,0xff,0xe1,0xff,0x8a,0x77,0xc6,"ff e1 ff 8a 77 c6 00 00"
2025-10-25 10:10:51,-53.38,0xff,0xe1,0xff,0x8a,0x77,0xc6,"ff e1 ff 8a 77 c6 00 00"
2025-10-25 10:10:51,-53.38,0xff,0xe1,0xff,0x8a,0x77,0xc6,"ff e1 ff 8a 77 c6 00 00"
2025-10-25 10:10:51,-53.44,0xff,0xe1,0xff,0x83,0x77,0xc0,"ff e1 ff 83 77 c0 00 00"
2025-10-25 10:10:51,-53.44,0xff,0xe1,0xff,0x83,0x77,0xc0,"ff e1 ff 83 77 c0 00 00"
2025-10-25 10:10:51,-53.44,0xff,0xe7,0xff,0x83,0x77,0xc0,"ff e7 ff 83 77 c0 00 00"
2025-10-25 10:10:51,-53.44,0xff,0xe7,0xff,0x83,0x77,0xc0,"ff e7 ff 83 77 c0 00 00"
2025-10-25 10:10:51,-53.44,0xff,0xe7,0xff,0x83,0x77,0xc0,"ff e7 ff 83 77 c0 00 00"
2025-10-25 10:10:51,-53.38,0xff,0xe1,0xff,0x83,0x77,0xc6,"ff e1 ff 83 77 c6 00 00"
2025-10-25 10:10:51,-53.38,0xff,0xe1,0xff,0x83,0x77,0xc6,"ff e1 ff 83 77 c6 00 00"
2025-10-25 10:10:51,-53.32,0xff,0xe1,0xff,0x83,0x77,0xcc,"ff e1 ff 83 77 cc 00 00"
2025-10-25 10:10:51,-53.25,0xff,0xe1,0xff,0x83,0x77,0xd3,"ff e1 ff 83 77 d3 00 00"
2025-10-25 10:10:51,-53.25,0xff,0xe1,0xff,0x83,0x77,0xd3,"ff e1 ff 83 77 d3 00 00"
2025-10-25 10:10:51,-53.13,0xff,0xe1,0xff,0x7d,0x77,0xdf,"ff e1 ff 7d 77 df 00 00"
2025-10-25 10:10:51,-53.07,0xff,0xe1,0xff,0x7d,0x77,0xe5,"ff e1 ff 7d 77 e5 00 00"
2025-10-25 10:10:51,-53,0xff,0xe1,0xff,0x7d,0x77,0xec,"ff e1 ff 7d 77 ec 00 00"
2025-10-25 10:10:51,-52.94,0xff,0xe1,0xff,0x7d,0x77,0xf2,"ff e1 ff 7d 77 f2 00 00"
2025-10-25 10:10:51,-52.82,0xff,0xe1,0xff,0x7d,0x77,0xfe,"ff e1 ff 7d 77 fe 00 00"
2025-10-25 10:10:51,-52.75,0xff,0xe1,0xff,0x7d,0x78,0x05,"ff e1 ff 7d 78 05 00 00"
2025-10-25 10:10:51,-52.63,0xff,0xe1,0xff,0x7d,0x78,0x11,"ff e1 ff 7d 78 11 00 00"
2025-10-25 10:10:51,-52.5,0xff,0xe1,0xff,0x7d,0x78,0x1e,"ff e1 ff 7d 78 1e 00 00"
2025-10-25 10:10:51,-52.38,0xff,0xe1,0xff,0x7d,0x78,0x2a,"ff e1 ff 7d 78 2a 00 00"
2025-10-25 10:10:51,-52.32,0xff,0xe1,0xff,0x7d,0x78,0x30,"ff e1 ff 7d 78 30 00 00"
2025-10-25 10:10:51,-52.19,0xff,0xe1,0xff,0x7d,0x78,0x3d,"ff e1 ff 7d 78 3d 00 00"
2025-10-25 10:10:51,-52.07,0xff,0xe1,0xff,0x7d,0x78,0x49,"ff e1 ff 7d 78 49 00 00"
2025-10-25 10:10:52,-51.94,0xff,0xe1,0xff,0x7d,0x78,0x56,"ff e1 ff 7d 78 56 00 00"
2025-10-25 10:10:52,-51.82,0xff,0xe1,0xff,0x7d,0x78,0x62,"ff e1 ff 7d 78 62 00 00"
2025-10-25 10:10:52,-51.75,0xff,0xe1,0xff,0x7d,0x78,0x69,"ff e1 ff 7d 78 69 00 00"
2025-10-25 10:10:52,-51.69,0xff,0xe1,0xff,0x7d,0x78,0x6f,"ff e1 ff 7d 78 6f 00 00"
2025-10-25 10:10:52,-51.57,0xff,0xe1,0xff,0x7d,0x78,0x7b,"ff e1 ff 7d 78 7b 00 00"
2025-10-25 10:10:52,-51.5,0xff,0xe1,0xff,0x7d,0x78,0x82,"ff e1 ff 7d 78 82 00 00"
2025-10-25 10:10:52,-51.44,0xff,0xe1,0xff,0x7d,0x78,0x88,"ff e1 ff 7d 78 88 00 00"
2025-10-25 10:10:52,-51.38,0xff,0xe1,0xff,0x83,0x78,0x8e,"ff e1 ff 83 78 8e 00 00"
2025-10-25 10:10:52,-51.32,0xff,0xe1,0xff,0x83,0x78,0x94,"ff e1 ff 83 78 94 00 00"
2025-10-25 10:10:52,-51.32,0xff,0xe1,0xff,0x83,0x78,0x94,"ff e1 ff 83 78 94 00 00"
2025-10-25 10:10:52,-51.32,0xff,0xe1,0xff,0x83,0x78,0x94,"ff e1 ff 83 78 94 00 00"
2025-10-25 10:10:52,-51.25,0xff,0xe1,0xff,0x83,0x78,0x9b,"ff e1 ff 83 78 9b 00 00"
2025-10-25 10:10:52,-51.25,0xff,0xe1,0xff,0x83,0x78,0x9b,"ff e1 ff 83 78 9b 00 00"
2025-10-25 10:10:52,-51.25,0xff,0xe1,0xff,0x83,0x78,0x9b,"ff e1 ff 83 78 9b 00 00"
2025-10-25 10:10:52,-51.25,0xff,0xe1,0xff,0x83,0x78,0x9b,"ff e1 ff 83 78 9b 00 00"
2025-10-25 10:10:52,-51.25,0xff,0xe1,0xff,0x83,0x78,0x9b,"ff e1 ff 83 78 9b 00 00"
2025-10-25 10:10:52,-51.25,0xff,0xe1,0xff,0x83,0x78,0x9b,"ff e1 ff 83 78 9b 00 00"
2025-10-25 10:10:52,-51.25,0xff,0xe1,0xff,0x83,0x78,0x9b,"ff e1 ff 83 78 9b 00 00"
2025-10-25 10:10:52,-51.25,0xff,0xe1,0xff,0x83,0x78,0x9b,"ff e1 ff 83 78 9b 00 00"
2025-10-25 10:10:52,-51.25,0xff,0xe1,0xff,0x83,0x78,0x9b,"ff e1 ff 83 78 9b 00 00"
2025-10-25 10:10:52,-51.25,0xff,0xe1,0xff,0x83,0x78,0x9b,"ff e1 ff 83 78 9b 00 00"
2025-10-25 10:10:52,-51.25,0xff,0xe1,0xff,0x83,0x78,0x9b,"ff e1 ff 83 78 9b 00 00"
2025-10-25 10:10:52,-51.19,0xff,0xe1,0xff,0x83,0x78,0xa1,"ff e1 ff 83 78 a1 00 00"
2025-10-25 10:10:52,-51.19,0xff,0xe1,0xff,0x83,0x78,0xa1,"ff e1 ff 83 78 a1 00 00"
2025-10-25 10:10:52,-51.19,0xff,0xe1,0xff,0x83,0x78,0xa1,"ff e1 ff 83 78 a1 00 00"
2025-10-25 10:10:52,-51.13,0xff,0xe1,0xff,0x83,0x78,0xa7,"ff e1 ff 83 78 a7 00 00"
2025-10-25 10:10:52,-51.07,0xff,0xe1,0xff,0x83,0x78,0xad,"ff e1 ff 83 78 ad 00 00"
2025-10-25 10:10:52,-51.07,0xff,0xe1,0xff,0x83,0x78,0xad,"ff e1 ff 83 78 ad 00 00"
2025-10-25 10:10:52,-51,0xff,0xe1,0xff,0x83,0x78,0xb4,"ff e1 ff 83 78 b4 00 00"
2025-10-25 10:10:52,-50.94,0xff,0xe1,0xff,0x83,0x78,0xba,"ff e1 ff 83 78 ba 00 00"
2025-10-25 10:10:52,-50.88,0xff,0xe1,0xff,0x83,0x78,0xc0,"ff e1 ff 83 78 c0 00 00"
2025-10-25 10:10:52,-50.82,0xff,0xe1,0xff,0x83,0x78,0xc6,"ff e1 ff 83 78 c6 00 00"
2025-10-25 10:10:52,-50.69,0xff,0xe1,0xff,0x83,0x78,0xd3,"ff e1 ff 83 78 d3 00 00"
2025-10-25 10:10:52,-50.63,0xff,0xe1,0xff,0x83,0x78,0xd9,"ff e1 ff 83 78 d9 00 00"
2025-10-25 10:10:53,-50.57,0xff,0xe1,0xff,0x83,0x78,0xdf,"ff e1 ff 83 78 df 00 00"
2025-10-25 10:10:53,-50.5,0xff,0xe1,0xff,0x83,0x78,0xe6,"ff e1 ff 83 78 e6 00 00"
2025-10-25 10:10:53,-50.44,0xff,0xe1,0xff,0x83,0x78,0xec,"ff e1 ff 83 78 ec 00 00"
2025-10-25 10:10:53,-50.38,0xff,0xe1,0xff,0x83,0x78,0xf2,"ff e1 ff 83 78 f2 00 00"
2025-10-25 10:10:53,-50.32,0xff,0xe1,0xff,0x83,0x78,0xf8,"ff e1 ff 83 78 f8 00 00"
2025-10-25 10:10:53,-50.25,0xff,0xe1,0xff,0x83,0x78,0xff,"ff e1 ff 83 78 ff 00 00"
2025-10-25 10:10:53,-50.13,0xff,0xe1,0xff,0x83,0x79,0x0b,"ff e1 ff 83 79 0b 00 00"
2025-10-25 10:10:53,-50.07,0xff,0xe1,0xff,0x83,0x79,0x11,"ff e1 ff 83 79 11 00 00"
2025-10-25 10:10:53,-50,0xff,0xe1,0xff,0x83,0x79,0x18,"ff e1 ff 83 79 18 00 00"
2025-10-25 10:10:53,-49.94,0xff,0xe1,0xff,0x83,0x79,0x1e,"ff e1 ff 83 79 1e 00 00"
2025-10-25 10:10:53,-49.88,0xff,0xe1,0xff,0x83,0x79,0x24,"ff e1 ff 83 79 24 00 00"
2025-10-25 10:10:53,-49.75,0xff,0xe1,0xff,0x83,0x79,0x31,"ff e1 ff 83 79 31 00 00"
2025-10-25 10:10:53,-49.69,0xff,0xe1,0xff,0x83,0x79,0x37,"ff e1 ff 83 79 37 00 00"
2025-10-25 10:10:53,-49.57,0xff,0xe7,0xff,0x83,0x79,0x43,"ff e7 ff 83 79 43 00 00"
2025-10-25 10:10:53,-49.44,0xff,0xe7,0xff,0x83,0x79,0x50,"ff e7 ff 83 79 50 00 00"
2025-10-25 10:10:53,-49.32,0xff,0xe7,0xff,0x83,0x79,0x5c,"ff e7 ff 83 79 5c 00 00"
2025-10-25 10:10:53,-49.19,0xff,0xe7,0xff,0x83,0x79,0x69,"ff e7 ff 83 79 69 00 00"
2025-10-25 10:10:53,-49.07,0xff,0xe7,0xff,0x83,0x79,0x75,"ff e7 ff 83 79 75 00 00"
2025-10-25 10:10:53,-48.94,0xff,0xe7,0xff,0x83,0x79,0x82,"ff e7 ff 83 79 82 00 00"
2025-10-25 10:10:53,-48.88,0xff,0xe7,0xff,0x83,0x79,0x88,"ff e7 ff 83 79 88 00 00"
2025-10-25 10:10:53,-48.75,0xff,0xe7,0xff,0x83,0x79,0x95,"ff e7 ff 83 79 95 00 00"
2025-10-25 10:10:53,-48.63,0xff,0xe7,0xff,0x83,0x79,0xa1,"ff e7 ff 83 79 a1 00 00"
2025-10-25 10:10:53,-48.5,0xff,0xe7,0xff,0x83,0x79,0xae,"ff e7 ff 83 79 ae 00 00"
2025-10-25 10:10:53,-48.38,0xff,0xe7,0xff,0x83,0x79,0xba,"ff e7 ff 83 79 ba 00 00"
2025-10-25 10:10:53,-48.25,0xff,0xe7,0xff,0x83,0x79,0xc7,"ff e7 ff 83 79 c7 00 00"
2025-10-25 10:10:53,-48.19,0xff,0xe7,0xff,0x83,0x79,0xcd,"ff e7 ff 83 79 cd 00 00"
2025-10-25 10:10:53,-48.07,0xff,0xe7,0xff,0x83,0x79,0xd9,"ff e7 ff 83 79 d9 00 00"
2025-10-25 10:10:53,-47.94,0xff,0xe7,0xff,0x83,0x79,0xe6,"ff e7 ff 83 79 e6 00 00"
2025-10-25 10:10:53,-47.82,0xff,0xe7,0xff,0x83,0x79,0xf2,"ff e7 ff 83 79 f2 00 00"
2025-10-25 10:10:53,-47.69,0xff,0xe7,0xff,0x83,0x79,0xff,"ff e7 ff 83 79 ff 00 00"
2025-10-25 10:10:53,-47.63,0xff,0xe7,0xff,0x83,0x7a,0x05,"ff e7 ff 83 7a 05 00 00"
2025-10-25 10:10:53,-47.57,0xff,0xe7,0xff,0x83,0x7a,0x0b,"ff e7 ff 83 7a 0b 00 00"
2025-10-25 10:10:53,-47.44,0xff,0xe7,0xff,0x83,0x7a,0x18,"ff e7 ff 83 7a 18 00 00"
2025-10-25 10:10:53,-47.38,0xff,0xe7,0xff,0x83,0x7a,0x1e,"ff e7 ff 83 7a 1e 00 00"
2025-10-25 10:10:53,-47.25,0xff,0xe7,0xff,0x83,0x7a,0x2b,"ff e7 ff 83 7a 2b 00 00"
2025-10-25 10:10:54,-47.19,0xff,0xe7,0xff,0x83,0x7a,0x31,"ff e7 ff 83 7a 31 00 00"
2025-10-25 10:10:54,-47.07,0xff,0xe7,0xff,0x83,0x7a,0x3d,"ff e7 ff 83 7a 3d 00 00"
2025-10-25 10:10:54,-47,0xff,0xe7,0xff,0x83,0x7a,0x44,"ff e7 ff 83 7a 44 00 00"
2025-10-25 10:10:54,-46.88,0xff,0xe7,0xff,0x83,0x7a,0x50,"ff e7 ff 83 7a 50 00 00"
2025-10-25 10:10:54,-46.82,0xff,0xee,0xff,0x7d,0x7a,0x56,"ff ee ff 7d 7a 56 00 00"
2025-10-25 10:10:54,-46.75,0xff,0xee,0xff,0x7d,0x7a,0x5d,"ff ee ff 7d 7a 5d 00 00"
2025-10-25 10:10:54,-46.69,0xff,0xee,0xff,0x7d,0x7a,0x63,"ff ee ff 7d 7a 63 00 00"
2025-10-25 10:10:54,-46.63,0xff,0xee,0xff,0x7d,0x7a,0x69,"ff ee ff 7d 7a 69 00 00"
2025-10-25 10:10:54,-46.57,0xff,0xee,0xff,0x7d,0x7a,0x6f,"ff ee ff 7d 7a 6f 00 00"
2025-10-25 10:10:54,-46.5,0xff,0xee,0xff,0x7d,0x7a,0x76,"ff ee ff 7d 7a 76 00 00"
2025-10-25 10:10:54,-46.44,0xff,0xee,0xff,0x7d,0x7a,0x7c,"ff ee ff 7d 7a 7c 00 00"
2025-10-25 10:10:54,-46.38,0xff,0xee,0xff,0x7d,0x7a,0x82,"ff ee ff 7d 7a 82 00 00"
2025-10-25 10:10:54,-46.25,0xff,0xee,0xff,0x7d,0x7a,0x8f,"ff ee ff 7d 7a 8f 00 00"
2025-10-25 10:10:54,-46.19,0xff,0xee,0xff,0x7d,0x7a,0x95,"ff ee ff 7d 7a 95 00 00"
2025-10-25 10:10:54,-46,0xff,0xee,0xff,0x7d,0x7a,0xa8,"ff ee ff 7d 7a a8 00 00"
2025-10-25 10:10:54,-45.94,0xff,0xee,0xff,0x7d,0x7a,0xae,"ff ee ff 7d 7a ae 00 00"
2025-10-25 10:10:54,-45.82,0xff,0xee,0xff,0x7d,0x7a,0xba,"ff ee ff 7d 7a ba 00 00"
2025-10-25 10:10:54,-45.75,0xff,0xe7,0xff,0x7d,0x7a,0xc1,"ff e7 ff 7d 7a c1 00 00"
2025-10-25 10:10:54,-45.69,0xff,0xe7,0xff,0x7d,0x7a,0xc7,"ff e7 ff 7d 7a c7 00 00"
2025-10-25 10:10:54,-45.57,0xff,0xe7,0xff,0x7d,0x7a,0xd3,"ff e7 ff 7d 7a d3 00 00"
2025-10-25 10:10:54,-45.44,0xff,0xe7,0xff,0x83,0x7a,0xe0,"ff e7 ff 83 7a e0 00 00"
2025-10-25 10:10:54,-45.38,0xff,0xe7,0xff,0x83,0x7a,0xe6,"ff e7 ff 83 7a e6 00 00"
2025-10-25 10:10:54,-45.32,0xff,0xe7,0xff,0x83,0x7a,0xec,"ff e7 ff 83 7a ec 00 00"
2025-10-25 10:10:54,-45.25,0xff,0xe7,0xff,0x83,0x7a,0xf3,"ff e7 ff 83 7a f3 00 00"
2025-10-25 10:10:54,-45.13,0xff,0xe7,0xff,0x83,0x7a,0xff,"ff e7 ff 83 7a ff 00 00"
2025-10-25 10:10:54,-45.07,0xff,0xe7,0xff,0x83,0x7b,0x05,"ff e7 ff 83 7b 05 00 00"
2025-10-25 10:10:54,-45,0xff,0xe7,0xff,0x83,0x7b,0x0c,"ff e7 ff 83 7b 0c 00 00"
2025-10-25 10:10:54,-45,0xff,0xe7,0xff,0x83,0x7b,0x0c,"ff e7 ff 83 7b 0c 00 00"
2025-10-25 10:10:54,-44.94,0xff,0xe7,0xff,0x83,0x7b,0x12,"ff e7 ff 83 7b 12 00 00"
2025-10-25 10:10:54,-44.94,0xff,0xe7,0xff,0x83,0x7b,0x12,"ff e7 ff 83 7b 12 00 00"
2025-10-25 10:10:54,-44.88,0xff,0xe7,0xff,0x83,0x7b,0x18,"ff e7 ff 83 7b 18 00 00"
2025-10-25 10:10:54,-44.88,0xff,0xe7,0xff,0x83,0x7b,0x18,"ff e7 ff 83 7b 18 00 00"
2025-10-25 10:10:54,-44.88,0xff,0xe7,0xff,0x83,0x7b,0x18,"ff e7 ff 83 7b 18 00 00"
2025-10-25 10:10:54,-44.88,0xff,0xe7,0xff,0x83,0x7b,0x18,"ff e7 ff 83 7b 18 00 00"
2025-10-25 10:10:55,-44.94,0xff,0xe7,0xff,0x83,0x7b,0x12,"ff e7 ff 83 7b 12 00 00"
2025-10-25 10:10:55,-44.94,0xff,0xe7,0xff,0x83,0x7b,0x12,"ff e7 ff 83 7b 12 00 00"
2025-10-25 10:10:55,-44.94,0xff,0xe7,0xff,0x83,0x7b,0x12,"ff e7 ff 83 7b 12 00 00"
2025-10-25 10:10:55,-44.94,0xff,0xe7,0xff,0x83,0x7b,0x12,"ff e7 ff 83 7b 12 00 00"
2025-10-25 10:10:55,-45,0xff,0xe7,0xff,0x83,0x7b,0x0c,"ff e7 ff 83 7b 0c 00 00"
2025-10-25 10:10:55,-45,0xff,0xe7,0xff,0x83,0x7b,0x0c,"ff e7 ff 83 7b 0c 00 00"
2025-10-25 10:10:55,-45.07,0xff,0xe7,0xff,0x83,0x7b,0x05,"ff e7 ff 83 7b 05 00 00"
2025-10-25 10:10:55,-45.07,0xff,0xe7,0xff,0x83,0x7b,0x05,"ff e7 ff 83 7b 05 00 00"
2025-10-25 10:10:55,-45.07,0xff,0xe7,0xff,0x83,0x7b,0x05,"ff e7 ff 83 7b 05 00 00"
2025-10-25 10:10:55,-45.13,0xff,0xe7,0xff,0x83,0x7a,0xff,"ff e7 ff 83 7a ff 00 00"
2025-10-25 10:10:55,-45.13,0xff,0xe7,0xff,0x83,0x7a,0xff,"ff e7 ff 83 7a ff 00 00"
2025-10-25 10:10:55,-45.13,0xff,0xe7,0xff,0x83,0x7a,0xff,"ff e7 ff 83 7a ff 00 00"
2025-10-25 10:10:55,-45.13,0xff,0xe7,0xff,0x83,0x7a,0xff,"ff e7 ff 83 7a ff 00 00"
2025-10-25 10:10:55,-45.13,0xff,0xe1,0xff,0x83,0x7a,0xff,"ff e1 ff 83 7a ff 00 00"
2025-10-25 10:10:55,-45.13,0xff,0xe1,0xff,0x83,0x7a,0xff,"ff e1 ff 83 7a ff 00 00"
2025-10-25 10:10:55,-45.13,0xff,0xe1,0xff,0x83,0x7a,0xff,"ff e1 ff 83 7a ff 00 00"
2025-10-25 10:10:55,-45.13,0xff,0xe1,0xff,0x83,0x7a,0xff,"ff e1 ff 83 7a ff 00 00"
2025-10-25 10:10:55,-45.13,0xff,0xe1,0xff,0x83,0x7a,0xff,"ff e1 ff 83 7a ff 00 00"
2025-10-25 10:10:55,-45.13,0xff,0xe1,0xff,0x83,0x7a,0xff,"ff e1 ff 83 7a ff 00 00"
2025-10-25 10:10:55,-45.07,0xff,0xe1,0xff,0x83,0x7b,0x05,"ff e1 ff 83 7b 05 00 00"
2025-10-25 10:10:55,-45.07,0xff,0xe1,0xff,0x83,0x7b,0x05,"ff e1 ff 83 7b 05 00 00"
2025-10-25 10:10:55,-45,0xff,0xe1,0xff,0x83,0x7b,0x0c,"ff e1 ff 83 7b 0c 00 00"
2025-10-25 10:10:55,-44.94,0xff,0xe1,0xff,0x83,0x7b,0x12,"ff e1 ff 83 7b 12 00 00"
2025-10-25 10:10:55,-44.94,0xff,0xe1,0xff,0x83,0x7b,0x12,"ff e1 ff 83 7b 12 00 00"
2025-10-25 10:10:55,-44.88,0xff,0xe1,0xff,0x83,0x7b,0x18,"ff e1 ff 83 7b 18 00 00"
2025-10-25 10:10:55,-44.82,0xff,0xe1,0xff,0x83,0x7b,0x1e,"ff e1 ff 83 7b 1e 00 00"
2025-10-25 10:10:55,-44.75,0xff,0xe1,0xff,0x83,0x7b,0x25,"ff e1 ff 83 7b 25 00 00"
2025-10-25 10:10:55,-44.69,0xff,0xe1,0xff,0x83,0x7b,0x2b,"ff e1 ff 83 7b 2b 00 00"
2025-10-25 10:10:55,-44.57,0xff,0xe1,0xff,0x83,0x7b,0x37,"ff e1 ff 83 7b 37 00 00"
2025-10-25 10:10:55,-44.5,0xff,0xe7,0xff,0x83,0x7b,0x3e,"ff e7 ff 83 7b 3e 00 00"
2025-10-25 10:10:55,-44.44,0xff,0xe7,0xff,0x83,0x7b,0x44,"ff e7 ff 83 7b 44 00 00"
2025-10-25 10:10:55,-44.32,0xff,0xe7,0xff,0x83,0x7b,0x50,"ff e7 ff 83 7b 50 00 00"
2025-10-25 10:10:55,-44.19,0xff,0xe7,0xff,0x83,0x7b,0x5d,"ff e7 ff 83 7b 5d 00 00"
2025-10-25 10:10:55,-44.07,0xff,0xe7,0xff,0x83,0x7b,0x69,"ff e7 ff 83 7b 69 00 00"
2025-10-25 10:10:56,-43.94,0xff,0xe7,0xff,0x83,0x7b,0x76,"ff e7 ff 83 7b 76 00 00"
2025-10-25 10:10:56,-43.82,0xff,0xe7,0xff,0x83,0x7b,0x82,"ff e7 ff 83 7b 82 00 00"
2025-10-25 10:10:56,-43.69,0xff,0xe7,0xff,0x83,0x7b,0x8f,"ff e7 ff 83 7b 8f 00 00"
2025-10-25 10:10:56,-43.5,0xff,0xe7,0xff,0x83,0x7b,0xa2,"ff e7 ff 83 7b a2 00 00"
2025-10-25 10:10:56,-43.38,0xff,0xe7,0xff,0x83,0x7b,0xae,"ff e7 ff 83 7b ae 00 00"
2025-10-25 10:10:56,-43.25,0xff,0xe7,0xff,0x83,0x7b,0xbb,"ff e7 ff 83 7b bb 00 00"
2025-10-25 10:10:56,-43.07,0xff,0xe7,0xff,0x83,0x7b,0xcd,"ff e7 ff 83 7b cd 00 00"
2025-10-25 10:10:56,-42.94,0xff,0xe7,0xff,0x83,0x7b,0xda,"ff e7 ff 83 7b da 00 00"
2025-10-25 10:10:56,-42.82,0xff,0xe7,0xff,0x83,0x7b,0xe6,"ff e7 ff 83 7b e6 00 00"
2025-10-25 10:10:56,-42.69,0xff,0xe7,0xff,0x83,0x7b,0xf3,"ff e7 ff 83 7b f3 00 00"
2025-10-25 10:10:56,-42.57,0xff,0xe7,0xff,0x83,0x7b,0xff,"ff e7 ff 83 7b ff 00 00"
2025-10-25 10:10:56,-42.38,0xff,0xe7,0xff,0x83,0x7c,0x12,"ff e7 ff 83 7c 12 00 00"
2025-10-25 10:10:56,-42.25,0xff,0xe7,0xff,0x83,0x7c,0x1f,"ff e7 ff 83 7c 1f 00 00"
2025-10-25 10:10:56,-42.07,0xff,0xe7,0xff,0x83,0x7c,0x31,"ff e7 ff 83 7c 31 00 00"
2025-10-25 10:10:56,-41.94,0xff,0xe7,0xff,0x83,0x7c,0x3e,"ff e7 ff 83 7c 3e 00 00"
2025-10-25 10:10:56,-41.82,0xff,0xee,0xff,0x83,0x7c,0x4a,"ff ee ff 83 7c 4a 00 00"
2025-10-25 10:10:56,-41.63,0xff,0xee,0xff,0x83,0x7c,0x5d,"ff ee ff 83 7c 5d 00 00"
2025-10-25 10:10:56,-41.5,0xff,0xee,0xff,0x83,0x7c,0x6a,"ff ee ff 83 7c 6a 00 00"
2025-10-25 10:10:56,-41.32,0xff,0xee,0xff,0x83,0x7c,0x7c,"ff ee ff 83 7c 7c 00 00"
2025-10-25 10:10:56,-41.19,0xff,0xee,0xff,0x83,0x7c,0x89,"ff ee ff 83 7c 89 00 00"
2025-10-25 10:10:56,-41.07,0xff,0xee,0xff,0x7d,0x7c,0x95,"ff ee ff 7d 7c 95 00 00"
2025-10-25 10:10:56,-40.88,0xff,0xee,0xff,0x7d,0x7c,0xa8,"ff ee ff 7d 7c a8 00 00"
2025-10-25 10:10:56,-40.75,0xff,0xee,0xff,0x7d,0x7c,0xb5,"ff ee ff 7d 7c b5 00 00"
2025-10-25 10:10:56,-40.63,0xff,0xee,0xff,0x7d,0x7c,0xc1,"ff ee ff 7d 7c c1 00 00"
2025-10-25 10:10:56,-40.5,0xff,0xee,0xff,0x7d,0x7c,0xce,"ff ee ff 7d 7c ce 00 00"
2025-10-25 10:10:56,-40.38,0xff,0xee,0xff,0x7d,0x7c,0xda,"ff ee ff 7d 7c da 00 00"
2025-10-25 10:10:56,-40.19,0xff,0xee,0xff,0x7d,0x7c,0xed,"ff ee ff 7d 7c ed 00 00"
2025-10-25 10:10:56,-40.07,0xff,0xee,0xff,0x7d,0x7c,0xf9,"ff ee ff 7d 7c f9 00 00"
2025-10-25 10:10:56,-39.94,0xff,0xee,0xff,0x7d,0x7d,0x06,"ff ee ff 7d 7d 06 00 00"
2025-10-25 10:10:56,-39.82,0xff,0xee,0xff,0x7d,0x7d,0x12,"ff ee ff 7d 7d 12 00 00"
2025-10-25 10:10:56,-39.69,0xff,0xee,0xff,0x7d,0x7d,0x1f,"ff ee ff 7d 7d 1f 00 00"
2025-10-25 10:10:56,-39.57,0xff,0xee,0xff,0x7d,0x7d,0x2b,"ff ee ff 7d 7d 2b 00 00"
2025-10-25 10:10:56,-39.38,0xff,0xee,0xff,0x7d,0x7d,0x3e,"ff ee ff 7d 7d 3e 00 00"
2025-10-25 10:10:56,-39.25,0xff,0xee,0xff,0x7d,0x7d,0x4b,"ff ee ff 7d 7d 4b 00 00"
2025-10-25 10:10:57,-39.13,0xff,0xee,0xff,0x7d,0x7d,0x57,"ff ee ff 7d 7d 57 00 00"
2025-10-25 10:10:57,-39,0xff,0xf4,0xff,0x7d,0x7d,0x64,"ff f4 ff 7d 7d 64 00 00"
2025-10-25 10:10:57,-38.88,0xff,0xf4,0xff,0x7d,0x7d,0x70,"ff f4 ff 7d 7d 70 00 00"
2025-10-25 10:10:57,-38.82,0xff,0xf4,0xff,0x7d,0x7d,0x76,"ff f4 ff 7d 7d 76 00 00"
2025-10-25 10:10:57,-38.69,0xff,0xf4,0xff,0x7d,0x7d,0x83,"ff f4 ff 7d 7d 83 00 00"
2025-10-25 10:10:57,-38.57,0xff,0xf4,0xff,0x7d,0x7d,0x8f,"ff f4 ff 7d 7d 8f 00 00"
2025-10-25 10:10:57,-38.44,0xff,0xf4,0xff,0x7d,0x7d,0x9c,"ff f4 ff 7d 7d 9c 00 00"
2025-10-25 10:10:57,-38.32,0xff,0xf4,0xff,0x7d,0x7d,0xa8,"ff f4 ff 7d 7d a8 00 00"
2025-10-25 10:10:57,-38.25,0xff,0xf4,0xff,0x7d,0x7d,0xaf,"ff f4 ff 7d 7d af 00 00"
2025-10-25 10:10:57,-38.13,0xff,0xf4,0xff,0x7d,0x7d,0xbb,"ff f4 ff 7d 7d bb 00 00"
2025-10-25 10:10:57,-38.07,0xff,0xf4,0xff,0x7d,0x7d,0xc1,"ff f4 ff 7d 7d c1 00 00"
2025-10-25 10:10:57,-37.94,0xff,0xf4,0xff,0x7d,0x7d,0xce,"ff f4 ff 7d 7d ce 00 00"
2025-10-25 10:10:57,-37.82,0xff,0xf4,0xff,0x7d,0x7d,0xda,"ff f4 ff 7d 7d da 00 00"
2025-10-25 10:10:57,-37.75,0xff,0xf4,0xff,0x7d,0x7d,0xe1,"ff f4 ff 7d 7d e1 00 00"
2025-10-25 10:10:57,-37.63,0xff,0xf4,0xff,0x7d,0x7d,0xed,"ff f4 ff 7d 7d ed 00 00"
2025-10-25 10:10:57,-37.57,0xff,0xf4,0xff,0x7d,0x7d,0xf3,"ff f4 ff 7d 7d f3 00 00"
2025-10-25 10:10:57,-37.5,0xff,0xf4,0xff,0x7d,0x7d,0xfa,"ff f4 ff 7d 7d fa 00 00"
2025-10-25 10:10:57,-37.44,0xff,0xf4,0xff,0x7d,0x7e,0x00,"ff f4 ff 7d 7e 00 00 00"
2025-10-25 10:10:57,-37.38,0xff,0xf4,0xff,0x7d,0x7e,0x06,"ff f4 ff 7d 7e 06 00 00"
2025-10-25 10:10:57,-37.32,0xff,0xf4,0xff,0x7d,0x7e,0x0c,"ff f4 ff 7d 7e 0c 00 00"
2025-10-25 10:10:57,-37.25,0xff,0xf4,0xff,0x7d,0x7e,0x13,"ff f4 ff 7d 7e 13 00 00"
2025-10-25 10:10:57,-37.19,0xff,0xf4,0xff,0x7d,0x7e,0x19,"ff f4 ff 7d 7e 19 00 00"
2025-10-25 10:10:57,-37.13,0xff,0xf4,0xff,0x7d,0x7e,0x1f,"ff f4 ff 7d 7e 1f 00 00"
2025-10-25 10:10:57,-37.13,0xff,0xf4,0xff,0x7d,0x7e,0x1f,"ff f4 ff 7d 7e 1f 00 00"
2025-10-25 10:10:57,-37.07,0xff,0xf4,0xff,0x7d,0x7e,0x25,"ff f4 ff 7d 7e 25 00 00"
2025-10-25 10:10:57,-37.07,0xff,0xf4,0xff,0x7d,0x7e,0x25,"ff f4 ff 7d 7e 25 00 00"
2025-10-25 10:10:57,-37,0xff,0xf4,0xff,0x7d,0x7e,0x2c,"ff f4 ff 7d 7e 2c 00 00"
2025-10-25 10:10:57,-37,0xff,0xf4,0xff,0x7d,0x7e,0x2c,"ff f4 ff 7d 7e 2c 00 00"
2025-10-25 10:10:57,-36.94,0xff,0xf4,0xff,0x7d,0x7e,0x32,"ff f4 ff 7d 7e 32 00 00"
2025-10-25 10:10:57,-36.94,0xff,0xf4,0xff,0x7d,0x7e,0x32,"ff f4 ff 7d 7e 32 00 00"
2025-10-25 10:10:57,-36.94,0xff,0xf4,0xff,0x7d,0x7e,0x32,"ff f4 ff 7d 7e 32 00 00"
2025-10-25 10:10:57,-36.94,0xff,0xf4,0xff,0x7d,0x7e,0x32,"ff f4 ff 7d 7e 32 00 00"
2025-10-25 10:10:57,-36.94,0xff,0xf4,0xff,0x7d,0x7e,0x32,"ff f4 ff 7d 7e 32 00 00"
2025-10-25 10:10:57,-36.94,0xff,0xf4,0xff,0x7d,0x7e,0x32,"ff f4 ff 7d 7e 32 00 00"
2025-10-25 10:10:58,-36.94,0xff,0xf4,0xff,0x7d,0x7e,0x32,"ff f4 ff 7d 7e 32 00 00"
2025-10-25 10:10:58,-36.94,0xff,0xf4,0xff,0x7d,0x7e,0x32,"ff f4 ff 7d 7e 32 00 00"
2025-10-25 10:10:58,-36.94,0xff,0xf4,0xff,0x7d,0x7e,0x32,"ff f4 ff 7d 7e 32 00 00"
2025-10-25 10:10:58,-36.94,0xff,0xf4,0xff,0x7d,0x7e,0x32,"ff f4 ff 7d 7e 32 00 00"
2025-10-25 10:10:58,-36.94,0xff,0xf4,0xff,0x7d,0x7e,0x32,"ff f4 ff 7d 7e 32 00 00"
2025-10-25 10:10:58,-36.94,0xff,0xf4,0xff,0x7d,0x7e,0x32,"ff f4 ff 7d 7e 32 00 00"
2025-10-25 10:10:58,-36.94,0xff,0xf4,0xff,0x7d,0x7e,0x32,"ff f4 ff 7d 7e 32 00 00"
2025-10-25 10:10:58,-36.94,0xff,0xf4,0xff,0x7d,0x7e,0x32,"ff f4 ff 7d 7e 32 00 00"
2025-10-25 10:10:58,-36.94,0xff,0xf4,0xff,0x7d,0x7e,0x32,"ff f4 ff 7d 7e 32 00 00"
2025-10-25 10:10:58,-36.94,0xff,0xf4,0xff,0x7d,0x7e,0x32,"ff f4 ff 7d 7e 32 00 00"
2025-10-25 10:10:58,-36.94,0xff,0xf4,0xff,0x7d,0x7e,0x32,"ff f4 ff 7d 7e 32 00 00"
2025-10-25 10:10:58,-36.94,0xff,0xf4,0xff,0x7d,0x7e,0x32,"ff f4 ff 7d 7e 32 00 00"
2025-10-25 10:10:58,-36.94,0xff,0xf4,0xff,0x7d,0x7e,0x32,"ff f4 ff 7d 7e 32 00 00"
2025-10-25 10:10:58,-36.94,0xff,0xf4,0xff,0x7d,0x7e,0x32,"ff f4 ff 7d 7e 32 00 00"
2025-10-25 10:10:58,-36.94,0xff,0xf4,0xff,0x7d,0x7e,0x32,"ff f4 ff 7d 7e 32 00 00"
2025-10-25 10:10:58,-36.94,0xff,0xf4,0xff,0x7d,0x7e,0x32,"ff f4 ff 7d 7e 32 00 00"
2025-10-25 10:10:58,-36.94,0xff,0xf4,0xff,0x7d,0x7e,0x32,"ff f4 ff 7d 7e 32 00 00"
2025-10-25 10:10:58,-36.94,0xff,0xf4,0xff,0x7d,0x7e,0x32,"ff f4 ff 7d 7e 32 00 00"
2025-10-25 10:10:58,-36.94,0xff,0xf4,0xff,0x7d,0x7e,0x32,"ff f4 ff 7d 7e 32 00 00"
2025-10-25 10:10:58,-36.94,0xff,0xf4,0xff,0x7d,0x7e,0x32,"ff f4 ff 7d 7e 32 00 00"
2025-10-25 10:10:58,-36.94,0xff,0xf4,0xff,0x7d,0x7e,0x32,"ff f4 ff 7d 7e 32 00 00"
2025-10-25 10:10:58,-36.94,0xff,0xf4,0xff,0x7d,0x7e,0x32,"ff f4 ff 7d 7e 32 00 00"
2025-10-25 10:10:58,-36.94,0xff,0xf4,0xff,0x7d,0x7e,0x32,"ff f4 ff 7d 7e 32 00 00"
2025-10-25 10:10:58,-36.94,0xff,0xf4,0xff,0x7d,0x7e,0x32,"ff f4 ff 7d 7e 32 00 00"
2025-10-25 10:10:58,-36.94,0xff,0xf4,0xff,0x7d,0x7e,0x32,"ff f4 ff 7d 7e 32 00 00"
2025-10-25 10:10:58,-36.94,0xff,0xf4,0xff,0x7d,0x7e,0x32,"ff f4 ff 7d 7e 32 00 00"
2025-10-25 10:10:58,-37,0xff,0xf4,0xff,0x7d,0x7e,0x2c,"ff f4 ff 7d 7e 2c 00 00"
2025-10-25 10:10:58,-37,0xff,0xf4,0xff,0x7d,0x7e,0x2c,"ff f4 ff 7d 7e 2c 00 00"
2025-10-25 10:10:58,-37,0xff,0xf4,0xff,0x7d,0x7e,0x2c,"ff f4 ff 7d 7e 2c 00 00"
2025-10-25 10:10:58,-37,0xff,0xf4,0xff,0x7d,0x7e,0x2c,"ff f4 ff 7d 7e 2c 00 00"
2025-10-25 10:10:58,-37,0xff,0xf4,0xff,0x7d,0x7e,0x2c,"ff f4 ff 7d 7e 2c 00 00"
2025-10-25 10:10:58,-37,0xff,0xf4,0xff,0x7d,0x7e,0x2c,"ff f4 ff 7d 7e 2c 00 00"
2025-10-25 10:10:58,-37,0xff,0xf4,0xff,0x7d,0x7e,0x2c,"ff f4 ff 7d 7e 2c 00 00"
2025-10-25 10:10:58,-37.07,0xff,0xf4,0xff,0x7d,0x7e,0x25,"ff f4 ff 7d 7e 25 00 00"
2025-10-25 10:10:59,-37.07,0xff,0xf4,0xff,0x7d,0x7e,0x25,"ff f4 ff 7d 7e 25 00 00"
2025-10-25 10:10:59,-37.07,0xff,0xf4,0xff,0x7d,0x7e,0x25,"ff f4 ff 7d 7e 25 00 00"
2025-10-25 10:10:59,-37.07,0xff,0xf4,0xff,0x7d,0x7e,0x25,"ff f4 ff 7d 7e 25 00 00"
2025-10-25 10:10:59,-37.13,0xff,0xf4,0xff,0x7d,0x7e,0x1f,"ff f4 ff 7d 7e 1f 00 00"
2025-10-25 10:10:59,-37.13,0xff,0xf4,0xff,0x7d,0x7e,0x1f,"ff f4 ff 7d 7e 1f 00 00"
2025-10-25 10:10:59,-37.13,0xff,0xf4,0xff,0x7d,0x7e,0x1f,"ff f4 ff 7d 7e 1f 00 00"
2025-10-25 10:10:59,-37.19,0xff,0xf4,0xff,0x7d,0x7e,0x19,"ff f4 ff 7d 7e 19 00 00"
2025-10-25 10:10:59,-37.19,0xff,0xf4,0xff,0x7d,0x7e,0x19,"ff f4 ff 7d 7e 19 00 00"
2025-10-25 10:10:59,-37.25,0xff,0xf4,0xff,0x7d,0x7e,0x13,"ff f4 ff 7d 7e 13 00 00"
2025-10-25 10:10:59,-37.32,0xff,0xf4,0xff,0x7d,0x7e,0x0c,"ff f4 ff 7d 7e 0c 00 00"
2025-10-25 10:10:59,-37.32,0xff,0xf4,0xff,0x7d,0x7e,0x0c,"ff f4 ff 7d 7e 0c 00 00"
2025-10-25 10:10:59,-37.38,0xff,0xf4,0xff,0x7d,0x7e,0x06,"ff f4 ff 7d 7e 06 00 00"
2025-10-25 10:10:59,-37.38,0xff,0xf4,0xff,0x7d,0x7e,0x06,"ff f4 ff 7d 7e 06 00 00"
2025-10-25 10:10:59,-37.44,0xff,0xf4,0xff,0x7d,0x7e,0x00,"ff f4 ff 7d 7e 00 00 00"
2025-10-25 10:10:59,-37.44,0xff,0xf4,0xff,0x7d,0x7e,0x00,"ff f4 ff 7d 7e 00 00 00"
2025-10-25 10:10:59,-37.5,0xff,0xf4,0xff,0x7d,0x7d,0xfa,"ff f4 ff 7d 7d fa 00 00"
2025-10-25 10:10:59,-37.57,0xff,0xf4,0xff,0x7d,0x7d,0xf3,"ff f4 ff 7d 7d f3 00 00"
2025-10-25 10:10:59,-37.63,0xff,0xf4,0xff,0x7d,0x7d,0xed,"ff f4 ff 7d 7d ed 00 00"
2025-10-25 10:10:59,-37.69,0xff,0xf4,0xff,0x7d,0x7d,0xe7,"ff f4 ff 7d 7d e7 00 00"
2025-10-25 10:10:59,-37.75,0xff,0xf4,0xff,0x7d,0x7d,0xe1,"ff f4 ff 7d 7d e1 00 00"
2025-10-25 10:10:59,-37.82,0xff,0xf4,0xff,0x7d,0x7d,0xda,"ff f4 ff 7d 7d da 00 00"
2025-10-25 10:10:59,-37.82,0xff,0xf4,0xff,0x7d,0x7d,0xda,"ff f4 ff 7d 7d da 00 00"
2025-10-25 10:10:59,-37.88,0xff,0xf4,0xff,0x7d,0x7d,0xd4,"ff f4 ff 7d 7d d4 00 00"
2025-10-25 10:10:59,-37.94,0xff,0xf4,0xff,0x7d,0x7d,0xce,"ff f4 ff 7d 7d ce 00 00"
2025-10-25 10:10:59,-38,0xff,0xf4,0xff,0x7d,0x7d,0xc8,"ff f4 ff 7d 7d c8 00 00"
2025-10-25 10:10:59,-38,0xff,0xf4,0xff,0x7d,0x7d,0xc8,"ff f4 ff 7d 7d c8 00 00"
2025-10-25 10:10:59,-38.07,0xff,0xf4,0xff,0x7d,0x7d,0xc1,"ff f4 ff 7d 7d c1 00 00"
2025-10-25 10:10:59,-38.13,0xff,0xf4,0xff,0x7d,0x7d,0xbb,"ff f4 ff 7d 7d bb 00 00"
2025-10-25 10:10:59,-38.19,0xff,0xf4,0xff,0x7d,0x7d,0xb5,"ff f4 ff 7d 7d b5 00 00"
2025-10-25 10:10:59,-38.25,0xff,0xf4,0xff,0x7d,0x7d,0xaf,"ff f4 ff 7d 7d af 00 00"
2025-10-25 10:10:59,-38.32,0xff,0xf4,0xff,0x7d,0x7d,0xa8,"ff f4 ff 7d 7d a8 00 00"
2025-10-25 10:10:59,-38.38,0xff,0xf4,0xff,0x7d,0x7d,0xa2,"ff f4 ff 7d 7d a2 00 00"
2025-10-25 10:10:59,-38.44,0xff,0xf4,0xff,0x7d,0x7d,0x9c,"ff f4 ff 7d 7d 9c 00 00"
2025-10-25 10:10:59,-38.5,0xff,0xf4,0xff,0x7d,0x7d,0x96,"ff f4 ff 7d 7d 96 00 00"
2025-10-25 10:10:59,-38.57,0xff,0xf4,0xff,0x7d,0x7d,0x8f,"ff f4 ff 7d 7d 8f 00 00"
2025-10-25 10:11:00,-38.63,0xff,0xf4,0xff,0x7d,0x7d,0x89,"ff f4 ff 7d 7d 89 00 00"
2025-10-25 10:11:00,-38.69,0xff,0xf4,0xff,0x7d,0x7d,0x83,"ff f4 ff 7d 7d 83 00 00"
2025-10-25 10:11:00,-38.75,0xff,0xf4,0xff,0x7d,0x7d,0x7d,"ff f4 ff 7d 7d 7d 00 00"
2025-10-25 10:11:00,-38.75,0xff,0xf4,0xff,0x7d,0x7d,0x7d,"ff f4 ff 7d 7d 7d 00 00"
2025-10-25 10:11:00,-38.82,0xff,0xf4,0xff,0x7d,0x7d,0x76,"ff f4 ff 7d 7d 76 00 00"
2025-10-25 10:11:00,-38.88,0xff,0xf4,0xff,0x7d,0x7d,0x70,"ff f4 ff 7d 7d 70 00 00"
2025-10-25 10:11:00,-38.94,0xff,0xf4,0xff,0x7d,0x7d,0x6a,"ff f4 ff 7d 7d 6a 00 00"
2025-10-25 10:11:00,-38.94,0xff,0xf4,0xff,0x7d,0x7d,0x6a,"ff f4 ff 7d 7d 6a 00 00"
2025-10-25 10:11:00,-39,0xff,0xf4,0xff,0x7d,0x7d,0x64,"ff f4 ff 7d 7d 64 00 00"
2025-10-25 10:11:00,-39.07,0xff,0xf4,0xff,0x7d,0x7d,0x5d,"ff f4 ff 7d 7d 5d 00 00"
2025-10-25 10:11:00,-39.07,0xff,0xf4,0xff,0x7d,0x7d,0x5d,"ff f4 ff 7d 7d 5d 00 00"
2025-10-25 10:11:00,-39.13,0xff,0xee,0xff,0x7d,0x7d,0x57,"ff ee ff 7d 7d 57 00 00"
2025-10-25 10:11:00,-39.13,0xff,0xee,0xff,0x7d,0x7d,0x57,"ff ee ff 7d 7d 57 00 00"
2025-10-25 10:11:00,-39.13,0xff,0xee,0xff,0x7d,0x7d,0x57,"ff ee ff 7d 7d 57 00 00"
2025-10-25 10:11:00,-39.13,0xff,0xee,0xff,0x7d,0x7d,0x57,"ff ee ff 7d 7d 57 00 00"
2025-10-25 10:11:00,-39.13,0xff,0xee,0xff,0x7d,0x7d,0x57,"ff ee ff 7d 7d 57 00 00"
2025-10-25 10:11:00,-39.19,0xff,0xee,0xff,0x7d,0x7d,0x51,"ff ee ff 7d 7d 51 00 00"
2025-10-25 10:11:00,-39.19,0xff,0xee,0xff,0x7d,0x7d,0x51,"ff ee ff 7d 7d 51 00 00"
2025-10-25 10:11:00,-39.19,0xff,0xee,0xff,0x7d,0x7d,0x51,"ff ee ff 7d 7d 51 00 00"
2025-10-25 10:11:00,-39.25,0xff,0xee,0xff,0x7d,0x7d,0x4b,"ff ee ff 7d 7d 4b 00 00"
2025-10-25 10:11:00,-39.25,0xff,0xee,0xff,0x7d,0x7d,0x4b,"ff ee ff 7d 7d 4b 00 00"
2025-10-25 10:11:00,-39.25,0xff,0xee,0xff,0x7d,0x7d,0x4b,"ff ee ff 7d 7d 4b 00 00"
2025-10-25 10:11:00,-39.25,0xff,0xee,0xff,0x7d,0x7d,0x4b,"ff ee ff 7d 7d 4b 00 00"
2025-10-25 10:11:00,-39.32,0xff,0xee,0xff,0x7d,0x7d,0x44,"ff ee ff 7d 7d 44 00 00"
2025-10-25 10:11:00,-39.32,0xff,0xee,0xff,0x7d,0x7d,0x44,"ff ee ff 7d 7d 44 00 00"
2025-10-25 10:11:00,-39.32,0xff,0xee,0xff,0x7d,0x7d,0x44,"ff ee ff 7d 7d 44 00 00"
2025-10-25 10:11:00,-39.32,0xff,0xee,0xff,0x7d,0x7d,0x44,"ff ee ff 7d 7d 44 00 00"
2025-10-25 10:11:00,-39.32,0xff,0xee,0xff,0x7d,0x7d,0x44,"ff ee ff 7d 7d 44 00 00"
2025-10-25 10:11:00,-39.38,0xff,0xee,0xff,0x7d,0x7d,0x3e,"ff ee ff 7d 7d 3e 00 00"
2025-10-25 10:11:00,-39.38,0xff,0xee,0xff,0x7d,0x7d,0x3e,"ff ee ff 7d 7d 3e 00 00"
2025-10-25 10:11:00,-39.38,0xff,0xee,0xff,0x7d,0x7d,0x3e,"ff ee ff 7d 7d 3e 00 00"
2025-10-25 10:11:00,-39.38,0xff,0xee,0xff,0x7d,0x7d,0x3e,"ff ee ff 7d 7d 3e 00 00"
2025-10-25 10:11:00,-39.38,0xff,0xee,0xff,0x7d,0x7d,0x3e,"ff ee ff 7d 7d 3e 00 00"
2025-10-25 10:11:00,-39.38,0xff,0xee,0xff,0x7d,0x7d,0x3e,"ff ee ff 7d 7d 3e 00 00"
2025-10-25 10:11:01,-39.38,0xff,0xee,0xff,0x7d,0x7d,0x3e,"ff ee ff 7d 7d 3e 00 00"
2025-10-25 10:11:01,-39.38,0xff,0xee,0xff,0x7d,0x7d,0x3e,"ff ee ff 7d 7d 3e 00 00"
2025-10-25 10:11:01,-39.38,0xff,0xee,0xff,0x7d,0x7d,0x3e,"ff ee ff 7d 7d 3e 00 00"
2025-10-25 10:11:01,-39.38,0xff,0xee,0xff,0x7d,0x7d,0x3e,"ff ee ff 7d 7d 3e 00 00"
2025-10-25 10:11:01,-39.38,0xff,0xee,0xff,0x7d,0x7d,0x3e,"ff ee ff 7d 7d 3e 00 00"
2025-10-25 10:11:01,-39.38,0xff,0xee,0xff,0x7d,0x7d,0x3e,"ff ee ff 7d 7d 3e 00 00"
2025-10-25 10:11:01,-39.38,0xff,0xee,0xff,0x7d,0x7d,0x3e,"ff ee ff 7d 7d 3e 00 00"
2025-10-25 10:11:01,-39.38,0xff,0xee,0xff,0x7d,0x7d,0x3e,"ff ee ff 7d 7d 3e 00 00"
2025-10-25 10:11:01,-39.38,0xff,0xee,0xff,0x7d,0x7d,0x3e,"ff ee ff 7d 7d 3e 00 00"
2025-10-25 10:11:01,-39.38,0xff,0xee,0xff,0x7d,0x7d,0x3e,"ff ee ff 7d 7d 3e 00 00"
2025-10-25 10:11:01,-39.38,0xff,0xee,0xff,0x7d,0x7d,0x3e,"ff ee ff 7d 7d 3e 00 00"
2025-10-25 10:11:01,-39.38,0xff,0xee,0xff,0x7d,0x7d,0x3e,"ff ee ff 7d 7d 3e 00 00"
2025-10-25 10:11:01,-39.38,0xff,0xee,0xff,0x7d,0x7d,0x3e,"ff ee ff 7d 7d 3e 00 00"
2025-10-25 10:11:01,-39.38,0xff,0xee,0xff,0x7d,0x7d,0x3e,"ff ee ff 7d 7d 3e 00 00"
2025-10-25 10:11:01,-39.38,0xff,0xee,0xff,0x7d,0x7d,0x3e,"ff ee ff 7d 7d 3e 00 00"
2025-10-25 10:11:01,-39.38,0xff,0xee,0xff,0x7d,0x7d,0x3e,"ff ee ff 7d 7d 3e 00 00"
2025-10-25 10:11:01,-39.38,0xff,0xee,0xff,0x7d,0x7d,0x3e,"ff ee ff 7d 7d 3e 00 00"
2025-10-25 10:11:01,-39.38,0xff,0xee,0xff,0x7d,0x7d,0x3e,"ff ee ff 7d 7d 3e 00 00"
2025-10-25 10:11:01,-39.38,0xff,0xee,0xff,0x7d,0x7d,0x3e,"ff ee ff 7d 7d 3e 00 00"
2025-10-25 10:11:01,-39.38,0xff,0xee,0xff,0x7d,0x7d,0x3e,"ff ee ff 7d 7d 3e 00 00"
2025-10-25 10:11:01,-39.38,0xff,0xee,0xff,0x7d,0x7d,0x3e,"ff ee ff 7d 7d 3e 00 00"
2025-10-25 10:11:01,-39.38,0xff,0xee,0xff,0x7d,0x7d,0x3e,"ff ee ff 7d 7d 3e 00 00"
2025-10-25 10:11:01,-39.38,0xff,0xee,0xff,0x7d,0x7d,0x3e,"ff ee ff 7d 7d 3e 00 00"
2025-10-25 10:11:01,-39.38,0xff,0xee,0xff,0x7d,0x7d,0x3e,"ff ee ff 7d 7d 3e 00 00"
2025-10-25 10:11:01,-39.38,0xff,0xee,0xff,0x7d,0x7d,0x3e,"ff ee ff 7d 7d 3e 00 00"
2025-10-25 10:11:01,-39.32,0xff,0xee,0xff,0x7d,0x7d,0x44,"ff ee ff 7d 7d 44 00 00"
2025-10-25 10:11:01,-39.32,0xff,0xee,0xff,0x7d,0x7d,0x44,"ff ee ff 7d 7d 44 00 00"
2025-10-25 10:11:01,-39.32,0xff,0xee,0xff,0x7d,0x7d,0x44,"ff ee ff 7d 7d 44 00 00"
2025-10-25 10:11:01,-39.25,0xff,0xee,0xff,0x7d,0x7d,0x4b,"ff ee ff 7d 7d 4b 00 00"
2025-10-25 10:11:01,-39.25,0xff,0xee,0xff,0x7d,0x7d,0x4b,"ff ee ff 7d 7d 4b 00 00"
2025-10-25 10:11:01,-39.25,0xff,0xee,0xff,0x7d,0x7d,0x4b,"ff ee ff 7d 7d 4b 00 00"
2025-10-25 10:11:01,-39.25,0xff,0xee,0xff,0x7d,0x7d,0x4b,"ff ee ff 7d 7d 4b 00 00"
2025-10-25 10:11:01,-39.25,0xff,0xee,0xff,0x7d,0x7d,0x4b,"ff ee ff 7d 7d 4b 00 00"
2025-10-25 10:11:01,-39.25,0xff,0xee,0xff,0x7d,0x7d,0x4b,"ff ee ff 7d 7d 4b 00 00"
2025-10-25 10:11:02,-39.25,0xff,0xee,0xff,0x7d,0x7d,0x4b,"ff ee ff 7d 7d 4b 00 00"
2025-10-25 10:11:02,-39.25,0xff,0xee,0xff,0x7d,0x7d,0x4b,"ff ee ff 7d 7d 4b 00 00"
2025-10-25 10:11:02,-39.25,0xff,0xee,0xff,0x7d,0x7d,0x4b,"ff ee ff 7d 7d 4b 00 00"
2025-10-25 10:11:02,-39.19,0xff,0xee,0xff,0x7d,0x7d,0x51,"ff ee ff 7d 7d 51 00 00"
2025-10-25 10:11:02,-39.19,0xff,0xee,0xff,0x7d,0x7d,0x51,"ff ee ff 7d 7d 51 00 00"
2025-10-25 10:11:02,-39.19,0xff,0xee,0xff,0x7d,0x7d,0x51,"ff ee ff 7d 7d 51 00 00"
2025-10-25 10:11:02,-39.19,0xff,0xee,0xff,0x7d,0x7d,0x51,"ff ee ff 7d 7d 51 00 00"
2025-10-25 10:11:02,-39.13,0xff,0xee,0xff,0x7d,0x7d,0x57,"ff ee ff 7d 7d 57 00 00"
2025-10-25 10:11:02,-39.13,0xff,0xee,0xff,0x7d,0x7d,0x57,"ff ee ff 7d 7d 57 00 00"
2025-10-25 10:11:02,-39.07,0xff,0xf4,0xff,0x7d,0x7d,0x5d,"ff f4 ff 7d 7d 5d 00 00"
2025-10-25 10:11:02,-39,0xff,0xee,0xff,0x7d,0x7d,0x64,"ff ee ff 7d 7d 64 00 00"
2025-10-25 10:11:02,-38.94,0xff,0xee,0xff,0x7d,0x7d,0x6a,"ff ee ff 7d 7d 6a 00 00"
2025-10-25 10:11:02,-38.82,0xff,0xee,0xff,0x7d,0x7d,0x76,"ff ee ff 7d 7d 76 00 00"
2025-10-25 10:11:02,-38.75,0xff,0xee,0xff,0x7d,0x7d,0x7d,"ff ee ff 7d 7d 7d 00 00"
2025-10-25 10:11:02,-38.63,0xff,0xee,0xff,0x77,0x7d,0x89,"ff ee ff 77 7d 89 00 00"
2025-10-25 10:11:02,-38.5,0xff,0xe7,0xff,0x77,0x7d,0x96,"ff e7 ff 77 7d 96 00 00"
2025-10-25 10:11:02,-38.38,0xff,0xe7,0xff,0x77,0x7d,0xa2,"ff e7 ff 77 7d a2 00 00"
2025-10-25 10:11:02,-38.25,0xff,0xe7,0xff,0x77,0x7d,0xaf,"ff e7 ff 77 7d af 00 00"
2025-10-25 10:11:02,-38.13,0xff,0xe7,0xff,0x77,0x7d,0xbb,"ff e7 ff 77 7d bb 00 00"
2025-10-25 10:11:02,-38,0xff,0xe7,0xff,0x77,0x7d,0xc8,"ff e7 ff 77 7d c8 00 00"
2025-10-25 10:11:02,-37.75,0xff,0xe7,0xff,0x77,0x7d,0xe1,"ff e7 ff 77 7d e1 00 00"
2025-10-25 10:11:02,-37.69,0xff,0xe7,0xff,0x77,0x7d,0xe7,"ff e7 ff 77 7d e7 00 00"
2025-10-25 10:11:02,-37.5,0xff,0xe7,0xff,0x77,0x7d,0xfa,"ff e7 ff 77 7d fa 00 00"
2025-10-25 10:11:02,-37.32,0xff,0xe7,0xff,0x77,0x7e,0x0c,"ff e7 ff 77 7e 0c 00 00"
2025-10-25 10:11:02,-37.07,0xff,0xe7,0xff,0x77,0x7e,0x25,"ff e7 ff 77 7e 25 00 00"
2025-10-25 10:11:02,-36.88,0xff,0xe7,0xff,0x71,0x7e,0x38,"ff e7 ff 71 7e 38 00 00"
2025-10-25 10:11:02,-36.69,0xff,0xe7,0xff,0x71,0x7e,0x4b,"ff e7 ff 71 7e 4b 00 00"
2025-10-25 10:11:02,-36.44,0xff,0xe7,0xff,0x71,0x7e,0x64,"ff e7 ff 71 7e 64 00 00"
2025-10-25 10:11:02,-36.25,0xff,0xe7,0xff,0x71,0x7e,0x77,"ff e7 ff 71 7e 77 00 00"
2025-10-25 10:11:02,-36.07,0xff,0xe7,0xff,0x77,0x7e,0x89,"ff e7 ff 77 7e 89 00 00"
2025-10-25 10:11:02,-35.88,0xff,0xe7,0xff,0x77,0x7e,0x9c,"ff e7 ff 77 7e 9c 00 00"
2025-10-25 10:11:02,-35.63,0xff,0xe7,0xff,0x77,0x7e,0xb5,"ff e7 ff 77 7e b5 00 00"
2025-10-25 10:11:02,-35.44,0xff,0xe7,0xff,0x77,0x7e,0xc8,"ff e7 ff 77 7e c8 00 00"
2025-10-25 10:11:02,-35.19,0xff,0xe7,0xff,0x77,0x7e,0xe1,"ff e7 ff 77 7e e1 00 00"
2025-10-25 10:11:03,-35.07,0xff,0xe7,0xff,0x77,0x7e,0xed,"ff e7 ff 77 7e ed 00 00"
2025-10-25 10:11:03,-34.88,0xff,0xe7,0xff,0x71,0x7f,0x00,"ff e7 ff 71 7f 00 00 00"
2025-10-25 10:11:03,-34.63,0xff,0xe7,0xff,0x71,0x7f,0x19,"ff e7 ff 71 7f 19 00 00"
2025-10-25 10:11:03,-34.44,0xff,0xe7,0xff,0x77,0x7f,0x2c,"ff e7 ff 77 7f 2c 00 00"
2025-10-25 10:11:03,-34.25,0xff,0xe7,0xff,0x77,0x7f,0x3f,"ff e7 ff 77 7f 3f 00 00"
2025-10-25 10:11:03,-34.13,0xff,0xe7,0xff,0x77,0x7f,0x4b,"ff e7 ff 77 7f 4b 00 00"
2025-10-25 10:11:03,-33.94,0xff,0xe7,0xff,0x77,0x7f,0x5e,"ff e7 ff 77 7f 5e 00 00"
2025-10-25 10:11:03,-33.75,0xff,0xe7,0xff,0x77,0x7f,0x71,"ff e7 ff 77 7f 71 00 00"
2025-10-25 10:11:03,-33.57,0xff,0xe7,0xff,0x77,0x7f,0x83,"ff e7 ff 77 7f 83 00 00"
2025-10-25 10:11:03,-33.38,0xff,0xe7,0xff,0x77,0x7f,0x96,"ff e7 ff 77 7f 96 00 00"
2025-10-25 10:11:03,-33.19,0xff,0xe7,0xff,0x77,0x7f,0xa9,"ff e7 ff 77 7f a9 00 00"
2025-10-25 10:11:03,-33.07,0xff,0xe7,0xff,0x77,0x7f,0xb5,"ff e7 ff 77 7f b5 00 00"
2025-10-25 10:11:03,-32.94,0xff,0xe7,0xff,0x77,0x7f,0xc2,"ff e7 ff 77 7f c2 00 00"
2025-10-25 10:11:03,-32.82,0xff,0xe7,0xff,0x77,0x7f,0xce,"ff e7 ff 77 7f ce 00 00"
2025-10-25 10:11:03,-32.63,0xff,0xe7,0xff,0x77,0x7f,0xe1,"ff e7 ff 77 7f e1 00 00"
2025-10-25 10:11:03,-32.5,0xff,0xe7,0xff,0x77,0x7f,0xee,"ff e7 ff 77 7f ee 00 00"
2025-10-25 10:11:03,-32.38,0xff,0xe7,0xff,0x77,0x7f,0xfa,"ff e7 ff 77 7f fa 00 00"
2025-10-25 10:11:03,-32.22,0xff,0xe7,0xff,0x77,0x80,0x0a,"ff e7 ff 77 80 0a 00 00"
2025-10-25 10:11:03,-32.13,0xff,0xe7,0xff,0x77,0x80,0x13,"ff e7 ff 77 80 13 00 00"
2025-10-25 10:11:03,-32,0xff,0xe7,0xff,0x77,0x80,0x20,"ff e7 ff 77 80 20 00 00"
2025-10-25 10:11:03,-31.88,0xff,0xe7,0xff,0x77,0x80,0x2c,"ff e7 ff 77 80 2c 00 00"
2025-10-25 10:11:03,-31.69,0xff,0xe7,0xff,0x77,0x80,0x3f,"ff e7 ff 77 80 3f 00 00"
2025-10-25 10:11:03,-31.57,0xff,0xe7,0xff,0x77,0x80,0x4b,"ff e7 ff 77 80 4b 00 00"
2025-10-25 10:11:03,-31.44,0xff,0xe7,0xff,0x77,0x80,0x58,"ff e7 ff 77 80 58 00 00"
2025-10-25 10:11:03,-31.32,0xff,0xee,0xff,0x77,0x80,0x64,"ff ee ff 77 80 64 00 00"
2025-10-25 10:11:03,-31.19,0xff,0xee,0xff,0x77,0x80,0x71,"ff ee ff 77 80 71 00 00"
2025-10-25 10:11:03,-31.07,0xff,0xee,0xff,0x77,0x80,0x7d,"ff ee ff 77 80 7d 00 00"
2025-10-25 10:11:03,-30.94,0xff,0xee,0xff,0x77,0x80,0x8a,"ff ee ff 77 80 8a 00 00"
2025-10-25 10:11:03,-30.88,0xff,0xee,0xff,0x77,0x80,0x90,"ff ee ff 77 80 90 00 00"
2025-10-25 10:11:03,-30.82,0xff,0xee,0xff,0x77,0x80,0x96,"ff ee ff 77 80 96 00 00"
2025-10-25 10:11:03,-30.69,0xff,0xee,0xff,0x77,0x80,0xa3,"ff ee ff 77 80 a3 00 00"
2025-10-25 10:11:03,-30.63,0xff,0xee,0xff,0x77,0x80,0xa9,"ff ee ff 77 80 a9 00 00"
2025-10-25 10:11:03,-30.5,0xff,0xee,0xff,0x77,0x80,0xb6,"ff ee ff 77 80 b6 00 00"
2025-10-25 10:11:03,-30.44,0xff,0xee,0xff,0x77,0x80,0xbc,"ff ee ff 77 80 bc 00 00"
2025-10-25 10:11:03,-30.38,0xff,0xee,0xff,0x77,0x80,0xc2,"ff ee ff 77 80 c2 00 00"
2025-10-25 10:11:04,-30.25,0xff,0xee,0xff,0x77,0x80,0xcf,"ff ee ff 77 80 cf 00 00"
2025-10-25 10:11:04,-30.19,0xff,0xee,0xff,0x77,0x80,0xd5,"ff ee ff 77 80 d5 00 00"
2025-10-25 10:11:04,-30.13,0xff,0xee,0xff,0x77,0x80,0xdb,"ff ee ff 77 80 db 00 00"
2025-10-25 10:11:04,-30.07,0xff,0xee,0xff,0x77,0x80,0xe1,"ff ee ff 77 80 e1 00 00"
2025-10-25 10:11:04,-30,0xff,0xee,0xff,0x77,0x80,0xe8,"ff ee ff 77 80 e8 00 00"
2025-10-25 10:11:04,-29.94,0xff,0xee,0xff,0x77,0x80,0xee,"ff ee ff 77 80 ee 00 00"
2025-10-25 10:11:04,-29.88,0xff,0xee,0xff,0x77,0x80,0xf4,"ff ee ff 77 80 f4 00 00"
2025-10-25 10:11:04,-29.75,0xff,0xee,0xff,0x77,0x81,0x01,"ff ee ff 77 81 01 00 00"
2025-10-25 10:11:04,-29.69,0xff,0xee,0xff,0x77,0x81,0x07,"ff ee ff 77 81 07 00 00"
2025-10-25 10:11:04,-29.57,0xff,0xee,0xff,0x77,0x81,0x13,"ff ee ff 77 81 13 00 00"
2025-10-25 10:11:04,-29.5,0xff,0xee,0xff,0x77,0x81,0x1a,"ff ee ff 77 81 1a 00 00"
2025-10-25 10:11:04,-29.44,0xff,0xee,0xff,0x77,0x81,0x20,"ff ee ff 77 81 20 00 00"
2025-10-25 10:11:04,-29.32,0xff,0xee,0xff,0x77,0x81,0x2c,"ff ee ff 77 81 2c 00 00"
2025-10-25 10:11:04,-29.25,0xff,0xee,0xff,0x77,0x81,0x33,"ff ee ff 77 81 33 00 00"
2025-10-25 10:11:04,-29.13,0xff,0xee,0xff,0x77,0x81,0x3f,"ff ee ff 77 81 3f 00 00"
2025-10-25 10:11:04,-29.07,0xff,0xee,0xff,0x77,0x81,0x45,"ff ee ff 77 81 45 00 00"
2025-10-25 10:11:04,-28.94,0xff,0xee,0xff,0x77,0x81,0x52,"ff ee ff 77 81 52 00 00"
2025-10-25 10:11:04,-28.82,0xff,0xf4,0xff,0x77,0x81,0x5e,"ff f4 ff 77 81 5e 00 00"
2025-10-25 10:11:04,-28.75,0xff,0xf4,0xff,0x77,0x81,0x65,"ff f4 ff 77 81 65 00 00"
2025-10-25 10:11:04,-28.63,0xff,0xee,0xff,0x77,0x81,0x71,"ff ee ff 77 81 71 00 00"
2025-10-25 10:11:04,-28.5,0xff,0xee,0xff,0x77,0x81,0x7e,"ff ee ff 77 81 7e 00 00"
2025-10-25 10:11:04,-28.38,0xff,0xe7,0xff,0x77,0x81,0x8a,"ff e7 ff 77 81 8a 00 00"
2025-10-25 10:11:04,-28.32,0xff,0xe7,0xff,0x77,0x81,0x90,"ff e7 ff 77 81 90 00 00"
2025-10-25 10:11:04,-28.25,0xff,0xe7,0xff,0x77,0x81,0x97,"ff e7 ff 77 81 97 00 00"
2025-10-25 10:11:04,-28.13,0xff,0xe7,0xff,0x77,0x81,0xa3,"ff e7 ff 77 81 a3 00 00"
2025-10-25 10:11:04,-28,0xff,0xe7,0xff,0x77,0x81,0xb0,"ff e7 ff 77 81 b0 00 00"
2025-10-25 10:11:04,-27.94,0xff,0xe7,0xff,0x77,0x81,0xb6,"ff e7 ff 77 81 b6 00 00"
2025-10-25 10:11:04,-27.82,0xff,0xe7,0xff,0x77,0x81,0xc2,"ff e7 ff 77 81 c2 00 00"
2025-10-25 10:11:04,-27.75,0xff,0xe7,0xff,0x77,0x81,0xc9,"ff e7 ff 77 81 c9 00 00"
2025-10-25 10:11:04,-27.63,0xff,0xe7,0xff,0x77,0x81,0xd5,"ff e7 ff 77 81 d5 00 00"
2025-10-25 10:11:04,-27.5,0xff,0xe7,0xff,0x77,0x81,0xe2,"ff e7 ff 77 81 e2 00 00"
2025-10-25 10:11:04,-27.44,0xff,0xe7,0xff,0x77,0x81,0xe8,"ff e7 ff 77 81 e8 00 00"
2025-10-25 10:11:04,-27.38,0xff,0xe7,0xff,0x77,0x81,0xee,"ff e7 ff 77 81 ee 00 00"
2025-10-25 10:11:04,-27.25,0xff,0xe7,0xff,0x77,0x81,0xfb,"ff e7 ff 77 81 fb 00 00"
2025-10-25 10:11:05,-27.19,0xff,0xe7,0xff,0x77,0x82,0x01,"ff e7 ff 77 82 01 00 00"
2025-10-25 10:11:05,-27.1,0xff,0xe7,0xff,0x77,0x82,0x0a,"ff e7 ff 77 82 0a 00 00"
2025-10-25 10:11:05,-27,0xff,0xe7,0xff,0x77,0x82,0x14,"ff e7 ff 77 82 14 00 00"
2025-10-25 10:11:05,-26.94,0xff,0xe7,0xff,0x77,0x82,0x1a,"ff e7 ff 77 82 1a 00 00"
2025-10-25 10:11:05,-26.82,0xff,0xe7,0xff,0x77,0x82,0x26,"ff e7 ff 77 82 26 00 00"
2025-10-25 10:11:05,-26.75,0xff,0xe7,0xff,0x77,0x82,0x2d,"ff e7 ff 77 82 2d 00 00"
2025-10-25 10:11:05,-26.63,0xff,0xe7,0xff,0x77,0x82,0x39,"ff e7 ff 77 82 39 00 00"
2025-10-25 10:11:05,-26.57,0xff,0xe1,0xff,0x77,0x82,0x3f,"ff e1 ff 77 82 3f 00 00"
2025-10-25 10:11:05,-26.44,0xff,0xe1,0xff,0x77,0x82,0x4c,"ff e1 ff 77 82 4c 00 00"
2025-10-25 10:11:05,-26.38,0xff,0xe1,0xff,0x77,0x82,0x52,"ff e1 ff 77 82 52 00 00"
2025-10-25 10:11:05,-26.32,0xff,0xe1,0xff,0x77,0x82,0x58,"ff e1 ff 77 82 58 00 00"
2025-10-25 10:11:05,-26.19,0xff,0xe1,0xff,0x77,0x82,0x65,"ff e1 ff 77 82 65 00 00"
2025-10-25 10:11:05,-26.13,0xff,0xe1,0xff,0x77,0x82,0x6b,"ff e1 ff 77 82 6b 00 00"
2025-10-25 10:11:05,-26.07,0xff,0xe1,0xff,0x77,0x82,0x71,"ff e1 ff 77 82 71 00 00"
2025-10-25 10:11:05,-26.07,0xff,0xe1,0xff,0x77,0x82,0x71,"ff e1 ff 77 82 71 00 00"
2025-10-25 10:11:05,-26,0xff,0xe1,0xff,0x77,0x82,0x78,"ff e1 ff 77 82 78 00 00"
2025-10-25 10:11:05,-25.94,0xff,0xe1,0xff,0x77,0x82,0x7e,"ff e1 ff 77 82 7e 00 00"
2025-10-25 10:11:05,-25.94,0xff,0xe1,0xff,0x77,0x82,0x7e,"ff e1 ff 77 82 7e 00 00"
2025-10-25 10:11:05,-25.88,0xff,0xe1,0xff,0x77,0x82,0x84,"ff e1 ff 77 82 84 00 00"
2025-10-25 10:11:05,-25.82,0xff,0xe1,0xff,0x77,0x82,0x8a,"ff e1 ff 77 82 8a 00 00"
2025-10-25 10:11:05,-25.82,0xff,0xe1,0xff,0x77,0x82,0x8a,"ff e1 ff 77 82 8a 00 00"
2025-10-25 10:11:05,-25.75,0xff,0xe1,0xff,0x77,0x82,0x91,"ff e1 ff 77 82 91 00 00"
2025-10-25 10:11:05,-25.69,0xff,0xe1,0xff,0x77,0x82,0x97,"ff e1 ff 77 82 97 00 00"
2025-10-25 10:11:05,-25.69,0xff,0xe1,0xff,0x77,0x82,0x97,"ff e1 ff 77 82 97 00 00"
2025-10-25 10:11:05,-25.63,0xff,0xe1,0xff,0x77,0x82,0x9d,"ff e1 ff 77 82 9d 00 00"
2025-10-25 10:11:05,-25.63,0xff,0xe1,0xff,0x77,0x82,0x9d,"ff e1 ff 77 82 9d 00 00"
2025-10-25 10:11:05,-25.57,0xff,0xe1,0xff,0x77,0x82,0xa3,"ff e1 ff 77 82 a3 00 00"
2025-10-25 10:11:05,-25.57,0xff,0xe1,0xff,0x77,0x82,0xa3,"ff e1 ff 77 82 a3 00 00"
2025-10-25 10:11:05,-25.5,0xff,0xe1,0xff,0x77,0x82,0xaa,"ff e1 ff 77 82 aa 00 00"
2025-10-25 10:11:05,-25.5,0xff,0xe1,0xff,0x77,0x82,0xaa,"ff e1 ff 77 82 aa 00 00"
2025-10-25 10:11:05,-25.44,0xff,0xe1,0xff,0x77,0x82,0xb0,"ff e1 ff 77 82 b0 00 00"
2025-10-25 10:11:05,-25.44,0xff,0xe1,0xff,0x77,0x82,0xb0,"ff e1 ff 77 82 b0 00 00"
2025-10-25 10:11:05,-25.44,0xff,0xe1,0xff,0x77,0x82,0xb0,"ff e1 ff 77 82 b0 00 00"
2025-10-25 10:11:05,-25.38,0xff,0xe1,0xff,0x77,0x82,0xb6,"ff e1 ff 77 82 b6 00 00"
2025-10-25 10:11:06,-25.38,0xff,0xe1,0xff,0x77,0x82,0xb6,"ff e1 ff 77 82 b6 00 00"
2025-10-25 10:11:06,-25.32,0xff,0xe1,0xff,0x77,0x82,0xbc,"ff e1 ff 77 82 bc 00 00"
2025-10-25 10:11:06,-25.32,0xff,0xe1,0xff,0x77,0x82,0xbc,"ff e1 ff 77 82 bc 00 00"
2025-10-25 10:11:06,-25.32,0xff,0xe1,0xff,0x77,0x82,0xbc,"ff e1 ff 77 82 bc 00 00"
2025-10-25 10:11:06,-25.25,0xff,0xe1,0xff,0x77,0x82,0xc3,"ff e1 ff 77 82 c3 00 00"
2025-10-25 10:11:06,-25.25,0xff,0xe1,0xff,0x77,0x82,0xc3,"ff e1 ff 77 82 c3 00 00"
2025-10-25 10:11:06,-25.25,0xff,0xe1,0xff,0x77,0x82,0xc3,"ff e1 ff 77 82 c3 00 00"
2025-10-25 10:11:06,-25.25,0xff,0xe1,0xff,0x77,0x82,0xc3,"ff e1 ff 77 82 c3 00 00"
2025-10-25 10:11:06,-25.19,0xff,0xe1,0xff,0x77,0x82,0xc9,"ff e1 ff 77 82 c9 00 00"
2025-10-25 10:11:06,-25.19,0xff,0xe1,0xff,0x77,0x82,0xc9,"ff e1 ff 77 82 c9 00 00"
2025-10-25 10:11:06,-25.19,0xff,0xe1,0xff,0x77,0x82,0xc9,"ff e1 ff 77 82 c9 00 00"
2025-10-25 10:11:06,-25.19,0xff,0xe1,0xff,0x77,0x82,0xc9,"ff e1 ff 77 82 c9 00 00"
2025-10-25 10:11:06,-25.19,0xff,0xe1,0xff,0x77,0x82,0xc9,"ff e1 ff 77 82 c9 00 00"
2025-10-25 10:11:06,-25.19,0xff,0xe1,0xff,0x77,0x82,0xc9,"ff e1 ff 77 82 c9 00 00"
2025-10-25 10:11:06,-25.19,0xff,0xe1,0xff,0x77,0x82,0xc9,"ff e1 ff 77 82 c9 00 00"
2025-10-25 10:11:06,-25.19,0xff,0xe1,0xff,0x77,0x82,0xc9,"ff e1 ff 77 82 c9 00 00"
2025-10-25 10:11:06,-25.19,0xff,0xe1,0xff,0x77,0x82,0xc9,"ff e1 ff 77 82 c9 00 00"
2025-10-25 10:11:06,-25.19,0xff,0xe1,0xff,0x77,0x82,0xc9,"ff e1 ff 77 82 c9 00 00"
2025-10-25 10:11:06,-25.19,0xff,0xe1,0xff,0x77,0x82,0xc9,"ff e1 ff 77 82 c9 00 00"
2025-10-25 10:11:06,-25.13,0xff,0xe1,0xff,0x77,0x82,0xcf,"ff e1 ff 77 82 cf 00 00"
2025-10-25 10:11:06,-25.13,0xff,0xe1,0xff,0x77,0x82,0xcf,"ff e1 ff 77 82 cf 00 00"
2025-10-25 10:11:06,-25.13,0xff,0xe1,0xff,0x77,0x82,0xcf,"ff e1 ff 77 82 cf 00 00"
2025-10-25 10:11:06,-25.07,0xff,0xe1,0xff,0x77,0x82,0xd5,"ff e1 ff 77 82 d5 00 00"
2025-10-25 10:11:06,-25.07,0xff,0xe1,0xff,0x77,0x82,0xd5,"ff e1 ff 77 82 d5 00 00"
2025-10-25 10:11:06,-25,0xff,0xe1,0xff,0x77,0x82,0xdc,"ff e1 ff 77 82 dc 00 00"
2025-10-25 10:11:06,-24.94,0xff,0xe1,0xff,0x77,0x82,0xe2,"ff e1 ff 77 82 e2 00 00"
2025-10-25 10:11:06,-24.94,0xff,0xe1,0xff,0x77,0x82,0xe2,"ff e1 ff 77 82 e2 00 00"
2025-10-25 10:11:06,-24.88,0xff,0xe1,0xff,0x77,0x82,0xe8,"ff e1 ff 77 82 e8 00 00"
2025-10-25 10:11:06,-24.82,0xff,0xe1,0xff,0x77,0x82,0xee,"ff e1 ff 77 82 ee 00 00"
2025-10-25 10:11:06,-24.75,0xff,0xe1,0xff,0x77,0x82,0xf5,"ff e1 ff 77 82 f5 00 00"
2025-10-25 10:11:06,-24.69,0xff,0xe1,0xff,0x77,0x82,0xfb,"ff e1 ff 77 82 fb 00 00"
2025-10-25 10:11:06,-24.63,0xff,0xe1,0xff,0x77,0x83,0x01,"ff e1 ff 77 83 01 00 00"
2025-10-25 10:11:06,-24.57,0xff,0xe1,0xff,0x77,0x83,0x07,"ff e1 ff 77 83 07 00 00"
2025-10-25 10:11:06,-24.5,0xff,0xe1,0xff,0x77,0x83,0x0e,"ff e1 ff 77 83 0e 00 00"
2025-10-25 10:11:07,-24.44,0xff,0xe1,0xff,0x77,0x83,0x14,"ff e1 ff 77 83 14 00 00"
2025-10-25 10:11:07,-24.38,0xff,0xe1,0xff,0x77,0x83,0x1a,"ff e1 ff 77 83 1a 00 00"
2025-10-25 10:11:07,-24.32,0xff,0xe1,0xff,0x77,0x83,0x20,"ff e1 ff 77 83 20 00 00"
2025-10-25 10:11:07,-24.25,0xff,0xe1,0xff,0x77,0x83,0x27,"ff e1 ff 77 83 27 00 00"
2025-10-25 10:11:07,-24.19,0xff,0xe1,0xff,0x77,0x83,0x2d,"ff e1 ff 77 83 2d 00 00"
2025-10-25 10:11:07,-24.13,0xff,0xe7,0xff,0x77,0x83,0x33,"ff e7 ff 77 83 33 00 00"
2025-10-25 10:11:07,-24.07,0xff,0xe7,0xff,0x77,0x83,0x39,"ff e7 ff 77 83 39 00 00"
2025-10-25 10:11:07,-23.94,0xff,0xe7,0xff,0x77,0x83,0x46,"ff e7 ff 77 83 46 00 00"
2025-10-25 10:11:07,-23.88,0xff,0xe7,0xff,0x77,0x83,0x4c,"ff e7 ff 77 83 4c 00 00"
2025-10-25 10:11:07,-23.82,0xff,0xe7,0xff,0x77,0x83,0x52,"ff e7 ff 77 83 52 00 00"
2025-10-25 10:11:07,-23.75,0xff,0xe7,0xff,0x77,0x83,0x59,"ff e7 ff 77 83 59 00 00"
2025-10-25 10:11:07,-23.69,0xff,0xe7,0xff,0x77,0x83,0x5f,"ff e7 ff 77 83 5f 00 00"
2025-10-25 10:11:07,-23.63,0xff,0xe7,0xff,0x77,0x83,0x65,"ff e7 ff 77 83 65 00 00"
2025-10-25 10:11:07,-23.57,0xff,0xe7,0xff,0x77,0x83,0x6b,"ff e7 ff 77 83 6b 00 00"
2025-10-25 10:11:07,-23.44,0xff,0xe7,0xff,0x77,0x83,0x78,"ff e7 ff 77 83 78 00 00"
2025-10-25 10:11:07,-23.38,0xff,0xe7,0xff,0x77,0x83,0x7e,"ff e7 ff 77 83 7e 00 00"
2025-10-25 10:11:07,-23.32,0xff,0xe7,0xff,0x77,0x83,0x84,"ff e7 ff 77 83 84 00 00"
2025-10-25 10:11:07,-23.19,0xff,0xe7,0xff,0x77,0x83,0x91,"ff e7 ff 77 83 91 00 00"
2025-10-25 10:11:07,-23.07,0xff,0xe7,0xff,0x77,0x83,0x9d,"ff e7 ff 77 83 9d 00 00"
2025-10-25 10:11:07,-23,0xff,0xe7,0xff,0x77,0x83,0xa4,"ff e7 ff 77 83 a4 00 00"
2025-10-25 10:11:07,-22.88,0xff,0xe7,0xff,0x77,0x83,0xb0,"ff e7 ff 77 83 b0 00 00"
2025-10-25 10:11:07,-22.75,0xff,0xe7,0xff,0x77,0x83,0xbd,"ff e7 ff 77 83 bd 00 00"
2025-10-25 10:11:07,-22.63,0xff,0xe7,0xff,0x77,0x83,0xc9,"ff e7 ff 77 83 c9 00 00"
2025-10-25 10:11:07,-22.5,0xff,0xe7,0xff,0x77,0x83,0xd6,"ff e7 ff 77 83 d6 00 00"
2025-10-25 10:11:07,-22.38,0xff,0xe7,0xff,0x77,0x83,0xe2,"ff e7 ff 77 83 e2 00 00"
2025-10-25 10:11:07,-22.25,0xff,0xe7,0xff,0x77,0x83,0xef,"ff e7 ff 77 83 ef 00 00"
2025-10-25 10:11:07,-22.13,0xff,0xe7,0xff,0x77,0x83,0xfb,"ff e7 ff 77 83 fb 00 00"
2025-10-25 10:11:07,-22,0xff,0xe7,0xff,0x77,0x84,0x08,"ff e7 ff 77 84 08 00 00"
2025-10-25 10:11:07,-21.82,0xff,0xe7,0xff,0x77,0x84,0x1a,"ff e7 ff 77 84 1a 00 00"
2025-10-25 10:11:07,-21.69,0xff,0xe7,0xff,0x77,0x84,0x27,"ff e7 ff 77 84 27 00 00"
2025-10-25 10:11:07,-21.5,0xff,0xee,0xff,0x77,0x84,0x3a,"ff ee ff 77 84 3a 00 00"
2025-10-25 10:11:07,-21.44,0xff,0xee,0xff,0x77,0x84,0x40,"ff ee ff 77 84 40 00 00"
2025-10-25 10:11:07,-21.25,0xff,0xee,0xff,0x77,0x84,0x53,"ff ee ff 77 84 53 00 00"
2025-10-25 10:11:07,-21.13,0xff,0xee,0xff,0x77,0x84,0x5f,"ff ee ff 77 84 5f 00 00"
2025-10-25 10:11:08,-20.94,0xff,0xee,0xff,0x77,0x84,0x72,"ff ee ff 77 84 72 00 00"
2025-10-25 10:11:08,-20.82,0xff,0xee,0xff,0x77,0x84,0x7e,"ff ee ff 77 84 7e 00 00"
2025-10-25 10:11:08,-20.69,0xff,0xee,0xff,0x77,0x84,0x8b,"ff ee ff 77 84 8b 00 00"
2025-10-25 10:11:08,-20.57,0xff,0xee,0xff,0x77,0x84,0x97,"ff ee ff 77 84 97 00 00"
2025-10-25 10:11:08,-20.44,0xff,0xee,0xff,0x77,0x84,0xa4,"ff ee ff 77 84 a4 00 00"
2025-10-25 10:11:08,-20.32,0xff,0xee,0xff,0x77,0x84,0xb0,"ff ee ff 77 84 b0 00 00"
2025-10-25 10:11:08,-20.07,0xff,0xee,0xff,0x77,0x84,0xc9,"ff ee ff 77 84 c9 00 00"
2025-10-25 10:11:08,-19.94,0xff,0xee,0xff,0x77,0x84,0xd6,"ff ee ff 77 84 d6 00 00"
2025-10-25 10:11:08,-19.75,0xff,0xee,0xff,0x77,0x84,0xe9,"ff ee ff 77 84 e9 00 00"
2025-10-25 10:11:08,-19.69,0xff,0xee,0xff,0x77,0x84,0xef,"ff ee ff 77 84 ef 00 00"
2025-10-25 10:11:08,-19.63,0xff,0xee,0xff,0x77,0x84,0xf5,"ff ee ff 77 84 f5 00 00"
2025-10-25 10:11:08,-19.57,0xff,0xee,0xff,0x77,0x84,0xfb,"ff ee ff 77 84 fb 00 00"
2025-10-25 10:11:08,-19.5,0xff,0xee,0xff,0x77,0x85,0x02,"ff ee ff 77 85 02 00 00"
2025-10-25 10:11:08,-19.5,0xff,0xee,0xff,0x77,0x85,0x02,"ff ee ff 77 85 02 00 00"
2025-10-25 10:11:08,-19.5,0xff,0xee,0xff,0x77,0x85,0x02,"ff ee ff 77 85 02 00 00"
2025-10-25 10:11:08,-19.5,0xff,0xee,0xff,0x77,0x85,0x02,"ff ee ff 77 85 02 00 00"
2025-10-25 10:11:08,-19.57,0xff,0xee,0xff,0x77,0x84,0xfb,"ff ee ff 77 84 fb 00 00"
2025-10-25 10:11:08,-19.57,0xff,0xee,0xff,0x7d,0x84,0xfb,"ff ee ff 7d 84 fb 00 00"
2025-10-25 10:11:08,-19.63,0xff,0xee,0xff,0x7d,0x84,0xf5,"ff ee ff 7d 84 f5 00 00"
2025-10-25 10:11:08,-19.69,0xff,0xee,0xff,0x7d,0x84,0xef,"ff ee ff 7d 84 ef 00 00"
2025-10-25 10:11:08,-19.75,0xff,0xe7,0xff,0x7d,0x84,0xe9,"ff e7 ff 7d 84 e9 00 00"
2025-10-25 10:11:08,-19.82,0xff,0xe7,0xff,0x77,0x84,0xe2,"ff e7 ff 77 84 e2 00 00"
2025-10-25 10:11:08,-19.88,0xff,0xe1,0xff,0x77,0x84,0xdc,"ff e1 ff 77 84 dc 00 00"
2025-10-25 10:11:08,-19.94,0xff,0xe1,0xff,0x77,0x84,0xd6,"ff e1 ff 77 84 d6 00 00"
2025-10-25 10:11:08,-19.94,0xff,0xe1,0xff,0x77,0x84,0xd6,"ff e1 ff 77 84 d6 00 00"
2025-10-25 10:11:08,-20,0xff,0xe1,0xff,0x77,0x84,0xd0,"ff e1 ff 77 84 d0 00 00"
2025-10-25 10:11:08,-20,0xff,0xe1,0xff,0x77,0x84,0xd0,"ff e1 ff 77 84 d0 00 00"
2025-10-25 10:11:08,-20.07,0xff,0xe1,0xff,0x77,0x84,0xc9,"ff e1 ff 77 84 c9 00 00"
2025-10-25 10:11:08,-20.07,0xff,0xe1,0xff,0x77,0x84,0xc9,"ff e1 ff 77 84 c9 00 00"
2025-10-25 10:11:08,-20.13,0xff,0xe1,0xff,0x77,0x84,0xc3,"ff e1 ff 77 84 c3 00 00"
2025-10-25 10:11:08,-20.13,0xff,0xe1,0xff,0x77,0x84,0xc3,"ff e1 ff 77 84 c3 00 00"
2025-10-25 10:11:08,-20.19,0xff,0xe1,0xff,0x77,0x84,0xbd,"ff e1 ff 77 84 bd 00 00"
2025-10-25 10:11:08,-20.19,0xff,0xdb,0xff,0x77,0x84,0xbd,"ff db ff 77 84 bd 00 00"
2025-10-25 10:11:08,-20.25,0xff,0xdb,0xff,0x77,0x84,0xb7,"ff db ff 77 84 b7 00 00"
2025-10-25 10:11:09,-20.32,0xff,0xdb,0xff,0x7d,0x84,0xb0,"ff db ff 7d 84 b0 00 00"
2025-10-25 10:11:09,-20.32,0xff,0xd5,0xff,0x7d,0x84,0xb0,"ff d5 ff 7d 84 b0 00 00"
2025-10-25 10:11:09,-20.38,0xff,0xd5,0xff,0x7d,0x84,0xaa,"ff d5 ff 7d 84 aa 00 00"
2025-10-25 10:11:09,-20.38,0xff,0xd5,0xff,0x7d,0x84,0xaa,"ff d5 ff 7d 84 aa 00 00"
2025-10-25 10:11:09,-20.44,0xff,0xd5,0xff,0x7d,0x84,0xa4,"ff d5 ff 7d 84 a4 00 00"
2025-10-25 10:11:09,-20.5,0xff,0xd5,0xff,0x7d,0x84,0x9e,"ff d5 ff 7d 84 9e 00 00"
2025-10-25 10:11:09,-20.57,0xff,0xd5,0xff,0x7d,0x84,0x97,"ff d5 ff 7d 84 97 00 00"
2025-10-25 10:11:09,-20.63,0xff,0xd5,0xff,0x7d,0x84,0x91,"ff d5 ff 7d 84 91 00 00"
2025-10-25 10:11:09,-20.63,0xff,0xd5,0xff,0x7d,0x84,0x91,"ff d5 ff 7d 84 91 00 00"
2025-10-25 10:11:09,-20.63,0xff,0xd5,0xff,0x7d,0x84,0x91,"ff d5 ff 7d 84 91 00 00"
2025-10-25 10:11:09,-20.69,0xff,0xce,0xff,0x7d,0x84,0x8b,"ff ce ff 7d 84 8b 00 00"
2025-10-25 10:11:09,-20.69,0xff,0xce,0xff,0x7d,0x84,0x8b,"ff ce ff 7d 84 8b 00 00"
2025-10-25 10:11:09,-20.75,0xff,0xce,0xff,0x7d,0x84,0x85,"ff ce ff 7d 84 85 00 00"
2025-10-25 10:11:09,-20.75,0xff,0xce,0xff,0x7d,0x84,0x85,"ff ce ff 7d 84 85 00 00"
2025-10-25 10:11:09,-20.82,0xff,0xce,0xff,0x7d,0x84,0x7e,"ff ce ff 7d 84 7e 00 00"
2025-10-25 10:11:09,-20.82,0xff,0xce,0xff,0x7d,0x84,0x7e,"ff ce ff 7d 84 7e 00 00"
2025-10-25 10:11:09,-20.82,0xff,0xce,0xff,0x7d,0x84,0x7e,"ff ce ff 7d 84 7e 00 00"
2025-10-25 10:11:09,-20.88,0xff,0xce,0xff,0x7d,0x84,0x78,"ff ce ff 7d 84 78 00 00"
2025-10-25 10:11:09,-20.88,0xff,0xce,0xff,0x7d,0x84,0x78,"ff ce ff 7d 84 78 00 00"
2025-10-25 10:11:09,-20.94,0xff,0xce,0xff,0x7d,0x84,0x72,"ff ce ff 7d 84 72 00 00"
2025-10-25 10:11:09,-20.94,0xff,0xce,0xff,0x7d,0x84,0x72,"ff ce ff 7d 84 72 00 00"
2025-10-25 10:11:09,-21,0xff,0xc8,0xff,0x83,0x84,0x6c,"ff c8 ff 83 84 6c 00 00"
2025-10-25 10:11:09,-21,0xff,0xc8,0xff,0x83,0x84,0x6c,"ff c8 ff 83 84 6c 00 00"
2025-10-25 10:11:09,-21.07,0xff,0xc8,0xff,0x7d,0x84,0x65,"ff c8 ff 7d 84 65 00 00"
2025-10-25 10:11:09,-21.07,0xff,0xc8,0xff,0x7d,0x84,0x65,"ff c8 ff 7d 84 65 00 00"
2025-10-25 10:11:09,-21.07,0xff,0xc8,0xff,0x7d,0x84,0x65,"ff c8 ff 7d 84 65 00 00"
2025-10-25 10:11:09,-21.07,0xff,0xc8,0xff,0x7d,0x84,0x65,"ff c8 ff 7d 84 65 00 00"
2025-10-25 10:11:09,-21.13,0xff,0xc8,0xff,0x7d,0x84,0x5f,"ff c8 ff 7d 84 5f 00 00"
2025-10-25 10:11:09,-21.13,0xff,0xc8,0xff,0x7d,0x84,0x5f,"ff c8 ff 7d 84 5f 00 00"
2025-10-25 10:11:09,-21.13,0xff,0xc8,0xff,0x7d,0x84,0x5f,"ff c8 ff 7d 84 5f 00 00"
2025-10-25 10:11:09,-21.13,0xff,0xc8,0xff,0x83,0x84,0x5f,"ff c8 ff 83 84 5f 00 00"
2025-10-25 10:11:09,-21.13,0xff,0xc8,0xff,0x83,0x84,0x5f,"ff c8 ff 83 84 5f 00 00"
2025-10-25 10:11:10,-21.19,0xff,0xc8,0xff,0x83,0x84,0x59,"ff c8 ff 83 84 59 00 00"
2025-10-25 10:11:10,-21.19,0xff,0xc8,0xff,0x7d,0x84,0x59,"ff c8 ff 7d 84 59 00 00"
2025-10-25 10:11:10,-21.19,0xff,0xc8,0xff,0x7d,0x84,0x59,"ff c8 ff 7d 84 59 00 00"
2025-10-25 10:11:10,-21.19,0xff,0xc8,0xff,0x7d,0x84,0x59,"ff c8 ff 7d 84 59 00 00"
2025-10-25 10:11:10,-21.19,0xff,0xc8,0xff,0x7d,0x84,0x59,"ff c8 ff 7d 84 59 00 00"
2025-10-25 10:11:10,-21.19,0xff,0xc8,0xff,0x7d,0x84,0x59,"ff c8 ff 7d 84 59 00 00"
2025-10-25 10:11:10,-21.19,0xff,0xc8,0xff,0x7d,0x84,0x59,"ff c8 ff 7d 84 59 00 00"
2025-10-25 10:11:10,-21.25,0xff,0xc8,0xff,0x7d,0x84,0x53,"ff c8 ff 7d 84 53 00 00"
2025-10-25 10:11:10,-21.25,0xff,0xc8,0xff,0x7d,0x84,0x53,"ff c8 ff 7d 84 53 00 00"
2025-10-25 10:11:10,-21.25,0xff,0xc8,0xff,0x7d,0x84,0x53,"ff c8 ff 7d 84 53 00 00"
2025-10-25 10:11:10,-21.25,0xff,0xc8,0xff,0x7d,0x84,0x53,"ff c8 ff 7d 84 53 00 00"
2025-10-25 10:11:10,-21.25,0xff,0xc2,0xff,0x7d,0x84,0x53,"ff c2 ff 7d 84 53 00 00"
2025-10-25 10:11:10,-21.25,0xff,0xc2,0xff,0x7d,0x84,0x53,"ff c2 ff 7d 84 53 00 00"
2025-10-25 10:11:10,-21.25,0xff,0xc2,0xff,0x7d,0x84,0x53,"ff c2 ff 7d 84 53 00 00"
2025-10-25 10:11:10,-21.25,0xff,0xc2,0xff,0x7d,0x84,0x53,"ff c2 ff 7d 84 53 00 00"
2025-10-25 10:11:10,-21.25,0xff,0xc2,0xff,0x7d,0x84,0x53,"ff c2 ff 7d 84 53 00 00"
2025-10-25 10:11:10,-21.25,0xff,0xc2,0xff,0x7d,0x84,0x53,"ff c2 ff 7d 84 53 00 00"
2025-10-25 10:11:10,-21.25,0xff,0xc2,0xff,0x7d,0x84,0x53,"ff c2 ff 7d 84 53 00 00"
2025-10-25 10:11:10,-21.25,0xff,0xc2,0xff,0x7d,0x84,0x53,"ff c2 ff 7d 84 53 00 00"
2025-10-25 10:11:10,-21.25,0xff,0xc2,0xff,0x7d,0x84,0x53,"ff c2 ff 7d 84 53 00 00"
2025-10-25 10:11:10,-21.25,0xff,0xc2,0xff,0x7d,0x84,0x53,"ff c2 ff 7d 84 53 00 00"
2025-10-25 10:11:10,-21.25,0xff,0xc2,0xff,0x7d,0x84,0x53,"ff c2 ff 7d 84 53 00 00"
2025-10-25 10:11:10,-21.25,0xff,0xc2,0xff,0x7d,0x84,0x53,"ff c2 ff 7d 84 53 00 00"
2025-10-25 10:11:10,-21.19,0xff,0xc2,0xff,0x7d,0x84,0x59,"ff c2 ff 7d 84 59 00 00"
2025-10-25 10:11:10,-21.19,0xff,0xc2,0xff,0x7d,0x84,0x59,"ff c2 ff 7d 84 59 00 00"
2025-10-25 10:11:10,-21.19,0xff,0xc2,0xff,0x7d,0x84,0x59,"ff c2 ff 7d 84 59 00 00"
2025-10-25 10:11:10,-21.13,0xff,0xc2,0xff,0x7d,0x84,0x5f,"ff c2 ff 7d 84 5f 00 00"
2025-10-25 10:11:10,-21.13,0xff,0xc2,0xff,0x7d,0x84,0x5f,"ff c2 ff 7d 84 5f 00 00"
2025-10-25 10:11:10,-21.07,0xff,0xc2,0xff,0x7d,0x84,0x65,"ff c2 ff 7d 84 65 00 00"
2025-10-25 10:11:10,-21.07,0xff,0xc2,0xff,0x7d,0x84,0x65,"ff c2 ff 7d 84 65 00 00"
2025-10-25 10:11:10,-21,0xff,0xc8,0xff,0x7d,0x84,0x6c,"ff c8 ff 7d 84 6c 00 00"
2025-10-25 10:11:10,-20.94,0xff,0xc8,0xff,0x7d,0x84,0x72,"ff c8 ff 7d 84 72 00 00"
2025-10-25 10:11:10,-20.88,0xff,0xc8,0xff,0x7d,0x84,0x78,"ff c8 ff 7d 84 78 00 00"
2025-10-25 10:11:10,-20.82,0xff,0xc8,0xff,0x7d,0x84,0x7e,"ff c8 ff 7d 84 7e 00 00"
2025-10-25 10:11:10,-20.75,0xff,0xc8,0xff,0x7d,0x84,0x85,"ff c8 ff 7d 84 85 00 00"
2025-10-25 10:11:11,-20.69,0xff,0xc8,0xff,0x7d,0x84,0x8b,"ff c8 ff 7d 84 8b 00 00"
2025-10-25 10:11:11,-20.63,0xff,0xc8,0xff,0x7d,0x84,0x91,"ff c8 ff 7d 84 91 00 00"
2025-10-25 10:11:11,-20.57,0xff,0xc8,0xff,0x7d,0x84,0x97,"ff c8 ff 7d 84 97 00 00"
2025-10-25 10:11:11,-20.44,0xff,0xc8,0xff,0x7d,0x84,0xa4,"ff c8 ff 7d 84 a4 00 00"
2025-10-25 10:11:11,-20.38,0xff,0xc8,0xff,0x7d,0x84,0xaa,"ff c8 ff 7d 84 aa 00 00"
2025-10-25 10:11:11,-20.25,0xff,0xc8,0xff,0x7d,0x84,0xb7,"ff c8 ff 7d 84 b7 00 00"
2025-10-25 10:11:11,-20.19,0xff,0xc8,0xff,0x7d,0x84,0xbd,"ff c8 ff 7d 84 bd 00 00"
2025-10-25 10:11:11,-20.07,0xff,0xc8,0xff,0x7d,0x84,0xc9,"ff c8 ff 7d 84 c9 00 00"
2025-10-25 10:11:11,-20,0xff,0xc8,0xff,0x7d,0x84,0xd0,"ff c8 ff 7d 84 d0 00 00"
2025-10-25 10:11:11,-19.88,0xff,0xc8,0xff,0x7d,0x84,0xdc,"ff c8 ff 7d 84 dc 00 00"
2025-10-25 10:11:11,-19.82,0xff,0xc8,0xff,0x7d,0x84,0xe2,"ff c8 ff 7d 84 e2 00 00"
2025-10-25 10:11:11,-19.69,0xff,0xc8,0xff,0x7d,0x84,0xef,"ff c8 ff 7d 84 ef 00 00"
2025-10-25 10:11:11,-19.63,0xff,0xc8,0xff,0x7d,0x84,0xf5,"ff c8 ff 7d 84 f5 00 00"
2025-10-25 10:11:11,-19.57,0xff,0xc8,0xff,0x7d,0x84,0xfb,"ff c8 ff 7d 84 fb 00 00"
2025-10-25 10:11:11,-19.5,0xff,0xc8,0xff,0x7d,0x85,0x02,"ff c8 ff 7d 85 02 00 00"
2025-10-25 10:11:11,-19.38,0xff,0xc8,0xff,0x7d,0x85,0x0e,"ff c8 ff 7d 85 0e 00 00"
2025-10-25 10:11:11,-19.32,0xff,0xc8,0xff,0x7d,0x85,0x14,"ff c8 ff 7d 85 14 00 00"
2025-10-25 10:11:11,-19.25,0xff,0xc8,0xff,0x7d,0x85,0x1b,"ff c8 ff 7d 85 1b 00 00"
2025-10-25 10:11:11,-19.13,0xff,0xc8,0xff,0x7d,0x85,0x27,"ff c8 ff 7d 85 27 00 00"
2025-10-25 10:11:11,-19.07,0xff,0xc8,0xff,0x7d,0x85,0x2d,"ff c8 ff 7d 85 2d 00 00"
2025-10-25 10:11:11,-19,0xff,0xc8,0xff,0x7d,0x85,0x34,"ff c8 ff 7d 85 34 00 00"
2025-10-25 10:11:11,-18.94,0xff,0xc8,0xff,0x7d,0x85,0x3a,"ff c8 ff 7d 85 3a 00 00"
2025-10-25 10:11:11,-18.88,0xff,0xc8,0xff,0x7d,0x85,0x40,"ff c8 ff 7d 85 40 00 00"
2025-10-25 10:11:11,-18.75,0xff,0xc8,0xff,0x7d,0x85,0x4d,"ff c8 ff 7d 85 4d 00 00"
2025-10-25 10:11:11,-18.69,0xff,0xc8,0xff,0x7d,0x85,0x53,"ff c8 ff 7d 85 53 00 00"
2025-10-25 10:11:11,-18.63,0xff,0xc8,0xff,0x7d,0x85,0x59,"ff c8 ff 7d 85 59 00 00"
2025-10-25 10:11:11,-18.57,0xff,0xc8,0xff,0x7d,0x85,0x5f,"ff c8 ff 7d 85 5f 00 00"
2025-10-25 10:11:11,-18.5,0xff,0xc8,0xff,0x7d,0x85,0x66,"ff c8 ff 7d 85 66 00 00"
2025-10-25 10:11:11,-18.44,0xff,0xc8,0xff,0x7d,0x85,0x6c,"ff c8 ff 7d 85 6c 00 00"
2025-10-25 10:11:11,-18.38,0xff,0xc8,0xff,0x7d,0x85,0x72,"ff c8 ff 7d 85 72 00 00"
2025-10-25 10:11:11,-18.32,0xff,0xce,0xff,0x7d,0x85,0x78,"ff ce ff 7d 85 78 00 00"
2025-10-25 10:11:11,-18.25,0xff,0xce,0xff,0x7d,0x85,0x7f,"ff ce ff 7d 85 7f 00 00"
2025-10-25 10:11:11,-18.19,0xff,0xce,0xff,0x7d,0x85,0x85,"ff ce ff 7d 85 85 00 00"
2025-10-25 10:11:11,-18.07,0xff,0xce,0xff,0x7d,0x85,0x91,"ff ce ff 7d 85 91 00 00"
2025-10-25 10:11:12,-18,0xff,0xce,0xff,0x7d,0x85,0x98,"ff ce ff 7d 85 98 00 00"
2025-10-25 10:11:12,-17.94,0xff,0xce,0xff,0x7d,0x85,0x9e,"ff ce ff 7d 85 9e 00 00"
2025-10-25 10:11:12,-17.82,0xff,0xce,0xff,0x7d,0x85,0xaa,"ff ce ff 7d 85 aa 00 00"
2025-10-25 10:11:12,-17.75,0xff,0xce,0xff,0x7d,0x85,0xb1,"ff ce ff 7d 85 b1 00 00"
2025-10-25 10:11:12,-17.69,0xff,0xce,0xff,0x7d,0x85,0xb7,"ff ce ff 7d 85 b7 00 00"
2025-10-25 10:11:12,-17.57,0xff,0xce,0xff,0x7d,0x85,0xc3,"ff ce ff 7d 85 c3 00 00"
2025-10-25 10:11:12,-17.5,0xff,0xce,0xff,0x7d,0x85,0xca,"ff ce ff 7d 85 ca 00 00"
2025-10-25 10:11:12,-17.44,0xff,0xce,0xff,0x7d,0x85,0xd0,"ff ce ff 7d 85 d0 00 00"
2025-10-25 10:11:12,-17.32,0xff,0xce,0xff,0x7d,0x85,0xdc,"ff ce ff 7d 85 dc 00 00"
2025-10-25 10:11:12,-17.25,0xff,0xce,0xff,0x7d,0x85,0xe3,"ff ce ff 7d 85 e3 00 00"
2025-10-25 10:11:12,-17.13,0xff,0xce,0xff,0x7d,0x85,0xef,"ff ce ff 7d 85 ef 00 00"
2025-10-25 10:11:12,-17.07,0xff,0xce,0xff,0x7d,0x85,0xf5,"ff ce ff 7d 85 f5 00 00"
2025-10-25 10:11:12,-17,0xff,0xce,0xff,0x7d,0x85,0xfc,"ff ce ff 7d 85 fc 00 00"
2025-10-25 10:11:12,-16.94,0xff,0xce,0xff,0x7d,0x86,0x02,"ff ce ff 7d 86 02 00 00"
2025-10-25 10:11:12,-16.82,0xff,0xce,0xff,0x7d,0x86,0x0e,"ff ce ff 7d 86 0e 00 00"
2025-10-25 10:11:12,-16.75,0xff,0xce,0xff,0x7d,0x86,0x15,"ff ce ff 7d 86 15 00 00"
2025-10-25 10:11:12,-16.69,0xff,0xce,0xff,0x7d,0x86,0x1b,"ff ce ff 7d 86 1b 00 00"
2025-10-25 10:11:12,-16.63,0xff,0xce,0xff,0x7d,0x86,0x21,"ff ce ff 7d 86 21 00 00"
2025-10-25 10:11:12,-16.5,0xff,0xce,0xff,0x7d,0x86,0x2e,"ff ce ff 7d 86 2e 00 00"
2025-10-25 10:11:12,-16.44,0xff,0xce,0xff,0x7d,0x86,0x34,"ff ce ff 7d 86 34 00 00"
2025-10-25 10:11:12,-16.38,0xff,0xce,0xff,0x7d,0x86,0x3a,"ff ce ff 7d 86 3a 00 00"
2025-10-25 10:11:12,-16.25,0xff,0xce,0xff,0x7d,0x86,0x47,"ff ce ff 7d 86 47 00 00"
2025-10-25 10:11:12,-16.13,0xff,0xce,0xff,0x7d,0x86,0x53,"ff ce ff 7d 86 53 00 00"
2025-10-25 10:11:12,-16,0xff,0xce,0xff,0x7d,0x86,0x60,"ff ce ff 7d 86 60 00 00"
2025-10-25 10:11:12,-15.88,0xff,0xce,0xff,0x77,0x86,0x6c,"ff ce ff 77 86 6c 00 00"
2025-10-25 10:11:12,-15.82,0xff,0xce,0xff,0x77,0x86,0x72,"ff ce ff 77 86 72 00 00"
2025-10-25 10:11:12,-15.69,0xff,0xce,0xff,0x77,0x86,0x7f,"ff ce ff 77 86 7f 00 00"
2025-10-25 10:11:12,-15.5,0xff,0xce,0xff,0x77,0x86,0x92,"ff ce ff 77 86 92 00 00"
2025-10-25 10:11:12,-15.38,0xff,0xce,0xff,0x77,0x86,0x9e,"ff ce ff 77 86 9e 00 00"
2025-10-25 10:11:12,-15.25,0xff,0xc8,0xff,0x77,0x86,0xab,"ff c8 ff 77 86 ab 00 00"
2025-10-25 10:11:12,-15.13,0xff,0xc8,0xff,0x77,0x86,0xb7,"ff c8 ff 77 86 b7 00 00"
2025-10-25 10:11:12,-15,0xff,0xc8,0xff,0x77,0x86,0xc4,"ff c8 ff 77 86 c4 00 00"
2025-10-25 10:11:12,-14.88,0xff,0xc8,0xff,0x77,0x86,0xd0,"ff c8 ff 77 86 d0 00 00"
2025-10-25 10:11:12,-14.75,0xff,0xc8,0xff,0x77,0x86,0xdd,"ff c8 ff 77 86 dd 00 00"
2025-10-25 10:11:13,-14.69,0xff,0xc8,0xff,0x77,0x86,0xe3,"ff c8 ff 77 86 e3 00 00"
2025-10-25 10:11:13,-14.63,0xff,0xc8,0xff,0x77,0x86,0xe9,"ff c8 ff 77 86 e9 00 00"
2025-10-25 10:11:13,-14.5,0xff,0xc8,0xff,0x77,0x86,0xf6,"ff c8 ff 77 86 f6 00 00"
2025-10-25 10:11:13,-14.44,0xff,0xc8,0xff,0x77,0x86,0xfc,"ff c8 ff 77 86 fc 00 00"
2025-10-25 10:11:13,-14.38,0xff,0xc8,0xff,0x77,0x87,0x02,"ff c8 ff 77 87 02 00 00"
2025-10-25 10:11:13,-14.32,0xff,0xc8,0xff,0x77,0x87,0x08,"ff c8 ff 77 87 08 00 00"
2025-10-25 10:11:13,-14.25,0xff,0xc8,0xff,0x7d,0x87,0x0f,"ff c8 ff 7d 87 0f 00 00"
2025-10-25 10:11:13,-14.19,0xff,0xc8,0xff,0x7d,0x87,0x15,"ff c8 ff 7d 87 15 00 00"
2025-10-25 10:11:13,-14.19,0xff,0xc8,0xff,0x7d,0x87,0x15,"ff c8 ff 7d 87 15 00 00"
2025-10-25 10:11:13,-14.13,0xff,0xc8,0xff,0x7d,0x87,0x1b,"ff c8 ff 7d 87 1b 00 00"
2025-10-25 10:11:13,-14.07,0xff,0xc8,0xff,0x7d,0x87,0x21,"ff c8 ff 7d 87 21 00 00"
2025-10-25 10:11:13,-14.07,0xff,0xc8,0xff,0x7d,0x87,0x21,"ff c8 ff 7d 87 21 00 00"
2025-10-25 10:11:13,-14,0xff,0xc2,0xff,0x7d,0x87,0x28,"ff c2 ff 7d 87 28 00 00"
2025-10-25 10:11:13,-13.94,0xff,0xc2,0xff,0x77,0x87,0x2e,"ff c2 ff 77 87 2e 00 00"
2025-10-25 10:11:13,-13.88,0xff,0xc2,0xff,0x77,0x87,0x34,"ff c2 ff 77 87 34 00 00"
2025-10-25 10:11:13,-13.82,0xff,0xc2,0xff,0x77,0x87,0x3a,"ff c2 ff 77 87 3a 00 00"
2025-10-25 10:11:13,-13.75,0xff,0xc2,0xff,0x77,0x87,0x41,"ff c2 ff 77 87 41 00 00"
2025-10-25 10:11:13,-13.63,0xff,0xc2,0xff,0x77,0x87,0x4d,"ff c2 ff 77 87 4d 00 00"
2025-10-25 10:11:13,-13.57,0xff,0xc2,0xff,0x77,0x87,0x53,"ff c2 ff 77 87 53 00 00"
2025-10-25 10:11:13,-13.44,0xff,0xc2,0xff,0x77,0x87,0x60,"ff c2 ff 77 87 60 00 00"
2025-10-25 10:11:13,-13.32,0xff,0xc2,0xff,0x77,0x87,0x6c,"ff c2 ff 77 87 6c 00 00"
2025-10-25 10:11:13,-13.19,0xff,0xc2,0xff,0x77,0x87,0x79,"ff c2 ff 77 87 79 00 00"
2025-10-25 10:11:13,-13,0xff,0xc2,0xff,0x71,0x87,0x8c,"ff c2 ff 71 87 8c 00 00"
2025-10-25 10:11:13,-12.88,0xff,0xc2,0xff,0x71,0x87,0x98,"ff c2 ff 71 87 98 00 00"
2025-10-25 10:11:13,-12.75,0xff,0xc2,0xff,0x71,0x87,0xa5,"ff c2 ff 71 87 a5 00 00"
2025-10-25 10:11:13,-12.57,0xff,0xc2,0xff,0x71,0x87,0xb7,"ff c2 ff 71 87 b7 00 00"
2025-10-25 10:11:13,-12.5,0xff,0xc2,0xff,0x71,0x87,0xbe,"ff c2 ff 71 87 be 00 00"
2025-10-25 10:11:13,-12.38,0xff,0xc2,0xff,0x71,0x87,0xca,"ff c2 ff 71 87 ca 00 00"
2025-10-25 10:11:13,-12.19,0xff,0xc2,0xff,0x71,0x87,0xdd,"ff c2 ff 71 87 dd 00 00"
2025-10-25 10:11:13,-12.07,0xff,0xc2,0xff,0x71,0x87,0xe9,"ff c2 ff 71 87 e9 00 00"
2025-10-25 10:11:13,-11.94,0xff,0xc2,0xff,0x71,0x87,0xf6,"ff c2 ff 71 87 f6 00 00"
2025-10-25 10:11:13,-11.82,0xff,0xc2,0xff,0x71,0x88,0x02,"ff c2 ff 71 88 02 00 00"
2025-10-25 10:11:13,-11.75,0xff,0xc2,0xff,0x71,0x88,0x09,"ff c2 ff 71 88 09 00 00"
2025-10-25 10:11:13,-11.63,0xff,0xc2,0xff,0x71,0x88,0x15,"ff c2 ff 71 88 15 00 00"
2025-10-25 10:11:14,-11.5,0xff,0xc2,0xff,0x71,0x88,0x22,"ff c2 ff 71 88 22 00 00"
2025-10-25 10:11:14,-11.44,0xff,0xc2,0xff,0x71,0x88,0x28,"ff c2 ff 71 88 28 00 00"
2025-10-25 10:11:14,-11.32,0xff,0xc2,0xff,0x71,0x88,0x34,"ff c2 ff 71 88 34 00 00"
2025-10-25 10:11:14,-11.19,0xff,0xc8,0xff,0x71,0x88,0x41,"ff c8 ff 71 88 41 00 00"
2025-10-25 10:11:14,-11.13,0xff,0xc8,0xff,0x71,0x88,0x47,"ff c8 ff 71 88 47 00 00"
2025-10-25 10:11:14,-11,0xff,0xc8,0xff,0x71,0x88,0x54,"ff c8 ff 71 88 54 00 00"
2025-10-25 10:11:14,-10.94,0xff,0xc8,0xff,0x71,0x88,0x5a,"ff c8 ff 71 88 5a 00 00"
2025-10-25 10:11:14,-10.88,0xff,0xc8,0xff,0x71,0x88,0x60,"ff c8 ff 71 88 60 00 00"
2025-10-25 10:11:14,-10.75,0xff,0xc8,0xff,0x71,0x88,0x6d,"ff c8 ff 71 88 6d 00 00"
2025-10-25 10:11:14,-10.69,0xff,0xc8,0xff,0x71,0x88,0x73,"ff c8 ff 71 88 73 00 00"
2025-10-25 10:11:14,-10.63,0xff,0xc8,0xff,0x71,0x88,0x79,"ff c8 ff 71 88 79 00 00"
2025-10-25 10:11:14,-10.57,0xff,0xc2,0xff,0x71,0x88,0x7f,"ff c2 ff 71 88 7f 00 00"
2025-10-25 10:11:14,-10.5,0xff,0xc2,0xff,0x71,0x88,0x86,"ff c2 ff 71 88 86 00 00"
2025-10-25 10:11:14,-10.44,0xff,0xc2,0xff,0x71,0x88,0x8c,"ff c2 ff 71 88 8c 00 00"
2025-10-25 10:11:14,-10.38,0xff,0xc2,0xff,0x71,0x88,0x92,"ff c2 ff 71 88 92 00 00"
2025-10-25 10:11:14,-10.38,0xff,0xc2,0xff,0x71,0x88,0x92,"ff c2 ff 71 88 92 00 00"
2025-10-25 10:11:14,-10.25,0xff,0xc2,0xff,0x71,0x88,0x9f,"ff c2 ff 71 88 9f 00 00"
2025-10-25 10:11:14,-10.19,0xff,0xc2,0xff,0x71,0x88,0xa5,"ff c2 ff 71 88 a5 00 00"
2025-10-25 10:11:14,-10.13,0xff,0xc2,0xff,0x71,0x88,0xab,"ff c2 ff 71 88 ab 00 00"
2025-10-25 10:11:14,-10.07,0xff,0xc2,0xff,0x71,0x88,0xb1,"ff c2 ff 71 88 b1 00 00"
2025-10-25 10:11:14,-10,0xff,0xc2,0xff,0x71,0x88,0xb8,"ff c2 ff 71 88 b8 00 00"
2025-10-25 10:11:14,-9.94,0xff,0xc2,0xff,0x71,0x88,0xbe,"ff c2 ff 71 88 be 00 00"
2025-10-25 10:11:14,-9.82001,0xff,0xc2,0xff,0x71,0x88,0xca,"ff c2 ff 71 88 ca 00 00"
2025-10-25 10:11:14,-9.75,0xff,0xc2,0xff,0x71,0x88,0xd1,"ff c2 ff 71 88 d1 00 00"
2025-10-25 10:11:14,-9.69,0xff,0xc2,0xff,0x71,0x88,0xd7,"ff c2 ff 71 88 d7 00 00"
2025-10-25 10:11:14,-9.57001,0xff,0xc2,0xff,0x71,0x88,0xe3,"ff c2 ff 71 88 e3 00 00"
2025-10-25 10:11:14,-9.5,0xff,0xc2,0xff,0x71,0x88,0xea,"ff c2 ff 71 88 ea 00 00"
2025-10-25 10:11:14,-9.44,0xff,0xc2,0xff,0x71,0x88,0xf0,"ff c2 ff 71 88 f0 00 00"
2025-10-25 10:11:14,-9.32001,0xff,0xc2,0xff,0x71,0x88,0xfc,"ff c2 ff 71 88 fc 00 00"
2025-10-25 10:11:14,-9.25,0xff,0xc2,0xff,0x71,0x89,0x03,"ff c2 ff 71 89 03 00 00"
2025-10-25 10:11:14,-9.13,0xff,0xc2,0xff,0x71,0x89,0x0f,"ff c2 ff 71 89 0f 00 00"
2025-10-25 10:11:14,-9.07001,0xff,0xc2,0xff,0x71,0x89,0x15,"ff c2 ff 71 89 15 00 00"
2025-10-25 10:11:14,-8.94,0xff,0xc2,0xff,0x71,0x89,0x22,"ff c2 ff 71 89 22 00 00"
2025-10-25 10:11:14,-8.88,0xff,0xc2,0xff,0x71,0x89,0x28,"ff c2 ff 71 89 28 00 00"
2025-10-25 10:11:14,-8.82001,0xff,0xbc,0xff,0x71,0x89,0x2e,"ff bc ff 71 89 2e 00 00"
2025-10-25 10:11:15,-8.69,0xff,0xbc,0xff,0x71,0x89,0x3b,"ff bc ff 71 89 3b 00 00"
2025-10-25 10:11:15,-8.63,0xff,0xbc,0xff,0x71,0x89,0x41,"ff bc ff 71 89 41 00 00"
2025-10-25 10:11:15,-8.57001,0xff,0xbc,0xff,0x71,0x89,0x47,"ff bc ff 71 89 47 00 00"
2025-10-25 10:11:15,-8.44,0xff,0xbc,0xff,0x71,0x89,0x54,"ff bc ff 71 89 54 00 00"
2025-10-25 10:11:15,-8.38,0xff,0xbc,0xff,0x71,0x89,0x5a,"ff bc ff 71 89 5a 00 00"
2025-10-25 10:11:15,-8.32001,0xff,0xbc,0xff,0x71,0x89,0x60,"ff bc ff 71 89 60 00 00"
2025-10-25 10:11:15,-8.19,0xff,0xbc,0xff,0x71,0x89,0x6d,"ff bc ff 71 89 6d 00 00"
2025-10-25 10:11:15,-8.13,0xff,0xbc,0xff,0x71,0x89,0x73,"ff bc ff 71 89 73 00 00"
2025-10-25 10:11:15,-8,0xff,0xbc,0xff,0x71,0x89,0x80,"ff bc ff 71 89 80 00 00"
2025-10-25 10:11:15,-7.94,0xff,0xbc,0xff,0x71,0x89,0x86,"ff bc ff 71 89 86 00 00"
2025-10-25 10:11:15,-7.88,0xff,0xbc,0xff,0x71,0x89,0x8c,"ff bc ff 71 89 8c 00 00"
2025-10-25 10:11:15,-7.75,0xff,0xbc,0xff,0x71,0x89,0x99,"ff bc ff 71 89 99 00 00"
2025-10-25 10:11:15,-7.69,0xff,0xbc,0xff,0x71,0x89,0x9f,"ff bc ff 71 89 9f 00 00"
2025-10-25 10:11:15,-7.63,0xff,0xbc,0xff,0x6a,0x89,0xa5,"ff bc ff 6a 89 a5 00 00"
2025-10-25 10:11:15,-7.5,0xff,0xbc,0xff,0x6a,0x89,0xb2,"ff bc ff 6a 89 b2 00 00"
2025-10-25 10:11:15,-7.44,0xff,0xbc,0xff,0x6a,0x89,0xb8,"ff bc ff 6a 89 b8 00 00"
2025-10-25 10:11:15,-7.38,0xff,0xc2,0xff,0x6a,0x89,0xbe,"ff c2 ff 6a 89 be 00 00"
2025-10-25 10:11:15,-7.25,0xff,0xc2,0xff,0x6a,0x89,0xcb,"ff c2 ff 6a 89 cb 00 00"
2025-10-25 10:11:15,-7.19,0xff,0xc2,0xff,0x6a,0x89,0xd1,"ff c2 ff 6a 89 d1 00 00"
2025-10-25 10:11:15,-7.13,0xff,0xc2,0xff,0x6a,0x89,0xd7,"ff c2 ff 6a 89 d7 00 00"
2025-10-25 10:11:15,-7,0xff,0xc2,0xff,0x6a,0x89,0xe4,"ff c2 ff 6a 89 e4 00 00"
2025-10-25 10:11:15,-6.94,0xff,0xc2,0xff,0x6a,0x89,0xea,"ff c2 ff 6a 89 ea 00 00"
2025-10-25 10:11:15,-6.82001,0xff,0xc2,0xff,0x6a,0x89,0xf6,"ff c2 ff 6a 89 f6 00 00"
2025-10-25 10:11:15,-6.75,0xff,0xc2,0xff,0x6a,0x89,0xfd,"ff c2 ff 6a 89 fd 00 00"
2025-10-25 10:11:15,-6.69,0xff,0xc2,0xff,0x6a,0x8a,0x03,"ff c2 ff 6a 8a 03 00 00"
2025-10-25 10:11:15,-6.57001,0xff,0xc2,0xff,0x6a,0x8a,0x0f,"ff c2 ff 6a 8a 0f 00 00"
2025-10-25 10:11:15,-6.5,0xff,0xc2,0xff,0x6a,0x8a,0x16,"ff c2 ff 6a 8a 16 00 00"
2025-10-25 10:11:15,-6.44,0xff,0xc2,0xff,0x6a,0x8a,0x1c,"ff c2 ff 6a 8a 1c 00 00"
2025-10-25 10:11:15,-6.38,0xff,0xc2,0xff,0x6a,0x8a,0x22,"ff c2 ff 6a 8a 22 00 00"
2025-10-25 10:11:15,-6.25,0xff,0xc2,0xff,0x6a,0x8a,0x2f,"ff c2 ff 6a 8a 2f 00 00"
2025-10-25 10:11:15,-6.19,0xff,0xc2,0xff,0x6a,0x8a,0x35,"ff c2 ff 6a 8a 35 00 00"
2025-10-25 10:11:15,-6.13,0xff,0xc2,0xff,0x6a,0x8a,0x3b,"ff c2 ff 6a 8a 3b 00 00"
2025-10-25 10:11:15,-6.07001,0xff,0xc2,0xff,0x6a,0x8a,0x41,"ff c2 ff 6a 8a 41 00 00"
2025-10-25 10:11:16,-6,0xff,0xc2,0xff,0x6a,0x8a,0x48,"ff c2 ff 6a 8a 48 00 00"
2025-10-25 10:11:16,-5.94,0xff,0xc2,0xff,0x6a,0x8a,0x4e,"ff c2 ff 6a 8a 4e 00 00"
2025-10-25 10:11:16,-5.88,0xff,0xc2,0xff,0x6a,0x8a,0x54,"ff c2 ff 6a 8a 54 00 00"
2025-10-25 10:11:16,-5.82001,0xff,0xc2,0xff,0x6a,0x8a,0x5a,"ff c2 ff 6a 8a 5a 00 00"
2025-10-25 10:11:16,-5.75,0xff,0xc2,0xff,0x6a,0x8a,0x61,"ff c2 ff 6a 8a 61 00 00"
2025-10-25 10:11:16,-5.69,0xff,0xc2,0xff,0x6a,0x8a,0x67,"ff c2 ff 6a 8a 67 00 00"
2025-10-25 10:11:16,-5.63,0xff,0xc2,0xff,0x6a,0x8a,0x6d,"ff c2 ff 6a 8a 6d 00 00"
2025-10-25 10:11:16,-5.57001,0xff,0xc2,0xff,0x6a,0x8a,0x73,"ff c2 ff 6a 8a 73 00 00"
2025-10-25 10:11:16,-5.5,0xff,0xc2,0xff,0x6a,0x8a,0x7a,"ff c2 ff 6a 8a 7a 00 00"
2025-10-25 10:11:16,-5.5,0xff,0xc2,0xff,0x6a,0x8a,0x7a,"ff c2 ff 6a 8a 7a 00 00"
2025-10-25 10:11:16,-5.44,0xff,0xc2,0xff,0x6a,0x8a,0x80,"ff c2 ff 6a 8a 80 00 00"
2025-10-25 10:11:16,-5.38,0xff,0xc2,0xff,0x6a,0x8a,0x86,"ff c2 ff 6a 8a 86 00 00"
2025-10-25 10:11:16,-5.32001,0xff,0xc2,0xff,0x6a,0x8a,0x8c,"ff c2 ff 6a 8a 8c 00 00"
2025-10-25 10:11:16,-5.32001,0xff,0xc2,0xff,0x6a,0x8a,0x8c,"ff c2 ff 6a 8a 8c 00 00"
2025-10-25 10:11:16,-5.25,0xff,0xc2,0xff,0x6a,0x8a,0x93,"ff c2 ff 6a 8a 93 00 00"
2025-10-25 10:11:16,-5.19,0xff,0xc2,0xff,0x6a,0x8a,0x99,"ff c2 ff 6a 8a 99 00 00"
2025-10-25 10:11:16,-5.19,0xff,0xc2,0xff,0x6a,0x8a,0x99,"ff c2 ff 6a 8a 99 00 00"
2025-10-25 10:11:16,-5.19,0xff,0xc2,0xff,0x6a,0x8a,0x99,"ff c2 ff 6a 8a 99 00 00"
2025-10-25 10:11:16,-5.19,0xff,0xc2,0xff,0x6a,0x8a,0x99,"ff c2 ff 6a 8a 99 00 00"
2025-10-25 10:11:16,-5.19,0xff,0xc2,0xff,0x6a,0x8a,0x99,"ff c2 ff 6a 8a 99 00 00"
2025-10-25 10:11:16,-5.19,0xff,0xc2,0xff,0x6a,0x8a,0x99,"ff c2 ff 6a 8a 99 00 00"
2025-10-25 10:11:16,-5.19,0xff,0xc2,0xff,0x6a,0x8a,0x99,"ff c2 ff 6a 8a 99 00 00"
2025-10-25 10:11:16,-5.19,0xff,0xc2,0xff,0x6a,0x8a,0x99,"ff c2 ff 6a 8a 99 00 00"
2025-10-25 10:11:16,-5.19,0xff,0xc2,0xff,0x6a,0x8a,0x99,"ff c2 ff 6a 8a 99 00 00"
2025-10-25 10:11:16,-5.19,0xff,0xc2,0xff,0x6a,0x8a,0x99,"ff c2 ff 6a 8a 99 00 00"
2025-10-25 10:11:16,-5.19,0xff,0xc2,0xff,0x6a,0x8a,0x99,"ff c2 ff 6a 8a 99 00 00"
2025-10-25 10:11:16,-5.25,0xff,0xc2,0xff,0x6a,0x8a,0x93,"ff c2 ff 6a 8a 93 00 00"
2025-10-25 10:11:16,-5.25,0xff,0xc2,0xff,0x6a,0x8a,0x93,"ff c2 ff 6a 8a 93 00 00"
2025-10-25 10:11:16,-5.32001,0xff,0xc2,0xff,0x6a,0x8a,0x8c,"ff c2 ff 6a 8a 8c 00 00"
2025-10-25 10:11:16,-5.38,0xff,0xc2,0xff,0x6a,0x8a,0x86,"ff c2 ff 6a 8a 86 00 00"
2025-10-25 10:11:16,-5.38,0xff,0xc2,0xff,0x6a,0x8a,0x86,"ff c2 ff 6a 8a 86 00 00"
2025-10-25 10:11:16,-5.44,0xff,0xc2,0xff,0x6a,0x8a,0x80,"ff c2 ff 6a 8a 80 00 00"
2025-10-25 10:11:16,-5.5,0xff,0xc2,0xff,0x6a,0x8a,0x7a,"ff c2 ff 6a 8a 7a 00 00"
2025-10-25 10:11:17,-5.5,0xff,0xc2,0xff,0x6a,0x8a,0x7a,"ff c2 ff 6a 8a 7a 00 00"
2025-10-25 10:11:17,-5.5,0xff,0xc2,0xff,0x6a,0x8a,0x7a,"ff c2 ff 6a 8a 7a 00 00"
2025-10-25 10:11:17,-5.57001,0xff,0xc2,0xff,0x6a,0x8a,0x73,"ff c2 ff 6a 8a 73 00 00"
2025-10-25 10:11:17,-5.57001,0xff,0xc2,0xff,0x6a,0x8a,0x73,"ff c2 ff 6a 8a 73 00 00"
2025-10-25 10:11:17,-5.63,0xff,0xbc,0xff,0x6a,0x8a,0x6d,"ff bc ff 6a 8a 6d 00 00"
2025-10-25 10:11:17,-5.63,0xff,0xbc,0xff,0x6a,0x8a,0x6d,"ff bc ff 6a 8a 6d 00 00"
2025-10-25 10:11:17,-5.69,0xff,0xbc,0xff,0x6a,0x8a,0x67,"ff bc ff 6a 8a 67 00 00"
2025-10-25 10:11:17,-5.69,0xff,0xbc,0xff,0x6a,0x8a,0x67,"ff bc ff 6a 8a 67 00 00"
2025-10-25 10:11:17,-5.75,0xff,0xbc,0xff,0x6a,0x8a,0x61,"ff bc ff 6a 8a 61 00 00"
2025-10-25 10:11:17,-5.82001,0xff,0xbc,0xff,0x6a,0x8a,0x5a,"ff bc ff 6a 8a 5a 00 00"
2025-10-25 10:11:17,-5.82001,0xff,0xbc,0xff,0x6a,0x8a,0x5a,"ff bc ff 6a 8a 5a 00 00"
2025-10-25 10:11:17,-5.88,0xff,0xb5,0xff,0x6a,0x8a,0x54,"ff b5 ff 6a 8a 54 00 00"
2025-10-25 10:11:17,-5.94,0xff,0xb5,0xff,0x6a,0x8a,0x4e,"ff b5 ff 6a 8a 4e 00 00"
2025-10-25 10:11:17,-5.94,0xff,0xb5,0xff,0x6a,0x8a,0x4e,"ff b5 ff 6a 8a 4e 00 00"
2025-10-25 10:11:17,-6,0xff,0xb5,0xff,0x6a,0x8a,0x48,"ff b5 ff 6a 8a 48 00 00"
2025-10-25 10:11:17,-6,0xff,0xb5,0xff,0x6a,0x8a,0x48,"ff b5 ff 6a 8a 48 00 00"
2025-10-25 10:11:17,-6.07001,0xff,0xb5,0xff,0x6a,0x8a,0x41,"ff b5 ff 6a 8a 41 00 00"
2025-10-25 10:11:17,-6.07001,0xff,0xb5,0xff,0x6a,0x8a,0x41,"ff b5 ff 6a 8a 41 00 00"
2025-10-25 10:11:17,-6.07001,0xff,0xaf,0xff,0x6a,0x8a,0x41,"ff af ff 6a 8a 41 00 00"
2025-10-25 10:11:17,-6.07001,0xff,0xaf,0xff,0x6a,0x8a,0x41,"ff af ff 6a 8a 41 00 00"
2025-10-25 10:11:17,-6.07001,0xff,0xaf,0xff,0x6a,0x8a,0x41,"ff af ff 6a 8a 41 00 00"
2025-10-25 10:11:17,-6.07001,0xff,0xaf,0xff,0x6a,0x8a,0x41,"ff af ff 6a 8a 41 00 00"
2025-10-25 10:11:17,-6.07001,0xff,0xaf,0xff,0x6a,0x8a,0x41,"ff af ff 6a 8a 41 00 00"
2025-10-25 10:11:17,-6.07001,0xff,0xaf,0xff,0x6a,0x8a,0x41,"ff af ff 6a 8a 41 00 00"
2025-10-25 10:11:17,-6,0xff,0xaf,0xff,0x6a,0x8a,0x48,"ff af ff 6a 8a 48 00 00"
2025-10-25 10:11:17,-5.94,0xff,0xaf,0xff,0x6a,0x8a,0x4e,"ff af ff 6a 8a 4e 00 00"
2025-10-25 10:11:17,-5.88,0xff,0xaf,0xff,0x64,0x8a,0x54,"ff af ff 64 8a 54 00 00"
2025-10-25 10:11:17,-5.82001,0xff,0xaf,0xff,0x64,0x8a,0x5a,"ff af ff 64 8a 5a 00 00"
2025-10-25 10:11:17,-5.75,0xff,0xaf,0xff,0x64,0x8a,0x61,"ff af ff 64 8a 61 00 00"
2025-10-25 10:11:17,-5.69,0xff,0xaf,0xff,0x64,0x8a,0x67,"ff af ff 64 8a 67 00 00"
2025-10-25 10:11:17,-5.57001,0xff,0xaf,0xff,0x64,0x8a,0x73,"ff af ff 64 8a 73 00 00"
2025-10-25 10:11:17,-5.5,0xff,0xaf,0xff,0x64,0x8a,0x7a,"ff af ff 64 8a 7a 00 00"
2025-10-25 10:11:17,-5.38,0xff,0xaf,0xff,0x64,0x8a,0x86,"ff af ff 64 8a 86 00 00"
2025-10-25 10:11:17,-5.25,0xff,0xaf,0xff,0x64,0x8a,0x93,"ff af ff 64 8a 93 00 00"
2025-10-25 10:11:18,-5.13,0xff,0xaf,0xff,0x64,0x8a,0x9f,"ff af ff 64 8a 9f 00 00"
2025-10-25 10:11:18,-5.07001,0xff,0xaf,0xff,0x64,0x8a,0xa5,"ff af ff 64 8a a5 00 00"
2025-10-25 10:11:18,-4.94,0xff,0xaf,0xff,0x64,0x8a,0xb2,"ff af ff 64 8a b2 00 00"
2025-10-25 10:11:18,-4.82001,0xff,0xaf,0xff,0x5e,0x8a,0xbe,"ff af ff 5e 8a be 00 00"
2025-10-25 10:11:18,-4.69,0xff,0xaf,0xff,0x5e,0x8a,0xcb,"ff af ff 5e 8a cb 00 00"
2025-10-25 10:11:18,-4.57001,0xff,0xaf,0xff,0x5e,0x8a,0xd7,"ff af ff 5e 8a d7 00 00"
2025-10-25 10:11:18,-4.44,0xff,0xaf,0xff,0x5e,0x8a,0xe4,"ff af ff 5e 8a e4 00 00"
2025-10-25 10:11:18,-4.25,0xff,0xaf,0xff,0x5e,0x8a,0xf7,"ff af ff 5e 8a f7 00 00"
2025-10-25 10:11:18,-4.07001,0xff,0xaf,0xff,0x5e,0x8b,0x09,"ff af ff 5e 8b 09 00 00"
2025-10-25 10:11:18,-4,0xff,0xaf,0xff,0x5e,0x8b,0x10,"ff af ff 5e 8b 10 00 00"
2025-10-25 10:11:18,-3.88,0xff,0xaf,0xff,0x5e,0x8b,0x1c,"ff af ff 5e 8b 1c 00 00"
2025-10-25 10:11:18,-3.69,0xff,0xaf,0xff,0x5e,0x8b,0x2f,"ff af ff 5e 8b 2f 00 00"
2025-10-25 10:11:18,-3.57001,0xff,0xaf,0xff,0x5e,0x8b,0x3b,"ff af ff 5e 8b 3b 00 00"
2025-10-25 10:11:18,-3.44,0xff,0xaf,0xff,0x5e,0x8b,0x48,"ff af ff 5e 8b 48 00 00"
2025-10-25 10:11:18,-3.32001,0xff,0xaf,0xff,0x5e,0x8b,0x54,"ff af ff 5e 8b 54 00 00"
2025-10-25 10:11:18,-3.25,0xff,0xaf,0xff,0x5e,0x8b,0x5b,"ff af ff 5e 8b 5b 00 00"
2025-10-25 10:11:18,-3.13,0xff,0xaf,0xff,0x5e,0x8b,0x67,"ff af ff 5e 8b 67 00 00"
2025-10-25 10:11:18,-3,0xff,0xaf,0xff,0x5e,0x8b,0x74,"ff af ff 5e 8b 74 00 00"
2025-10-25 10:11:18,-2.88,0xff,0xaf,0xff,0x5e,0x8b,0x80,"ff af ff 5e 8b 80 00 00"
2025-10-25 10:11:18,-2.75,0xff,0xaf,0xff,0x5e,0x8b,0x8d,"ff af ff 5e 8b 8d 00 00"
2025-10-25 10:11:18,-2.63,0xff,0xaf,0xff,0x5e,0x8b,0x99,"ff af ff 5e 8b 99 00 00"
2025-10-25 10:11:18,-2.57001,0xff,0xb5,0xff,0x5e,0x8b,0x9f,"ff b5 ff 5e 8b 9f 00 00"
2025-10-25 10:11:18,-2.44,0xff,0xb5,0xff,0x5e,0x8b,0xac,"ff b5 ff 5e 8b ac 00 00"
2025-10-25 10:11:18,-2.32001,0xff,0xb5,0xff,0x5e,0x8b,0xb8,"ff b5 ff 5e 8b b8 00 00"
2025-10-25 10:11:18,-2.25,0xff,0xb5,0xff,0x5e,0x8b,0xbf,"ff b5 ff 5e 8b bf 00 00"
2025-10-25 10:11:18,-2.13,0xff,0xb5,0xff,0x5e,0x8b,0xcb,"ff b5 ff 5e 8b cb 00 00"
2025-10-25 10:11:18,-2.07001,0xff,0xb5,0xff,0x5e,0x8b,0xd1,"ff b5 ff 5e 8b d1 00 00"
2025-10-25 10:11:18,-1.94,0xff,0xb5,0xff,0x5e,0x8b,0xde,"ff b5 ff 5e 8b de 00 00"
2025-10-25 10:11:18,-1.82001,0xff,0xb5,0xff,0x5e,0x8b,0xea,"ff b5 ff 5e 8b ea 00 00"
2025-10-25 10:11:18,-1.69,0xff,0xb5,0xff,0x5e,0x8b,0xf7,"ff b5 ff 5e 8b f7 00 00"
2025-10-25 10:11:18,-1.57001,0xff,0xb5,0xff,0x5e,0x8c,0x03,"ff b5 ff 5e 8c 03 00 00"
2025-10-25 10:11:18,-1.44,0xff,0xb5,0xff,0x5e,0x8c,0x10,"ff b5 ff 5e 8c 10 00 00"
2025-10-25 10:11:18,-1.38,0xff,0xb5,0xff,0x5e,0x8c,0x16,"ff b5 ff 5e 8c 16 00 00"
2025-10-25 10:11:18,-1.25,0xff,0xb5,0xff,0x5e,0x8c,0x23,"ff b5 ff 5e 8c 23 00 00"
2025-10-25 10:11:19,-1.19,0xff,0xb5,0xff,0x5e,0x8c,0x29,"ff b5 ff 5e 8c 29 00 00"
2025-10-25 10:11:19,-1,0xff,0xb5,0xff,0x5e,0x8c,0x3c,"ff b5 ff 5e 8c 3c 00 00"
2025-10-25 10:11:19,-0.940002,0xff,0xb5,0xff,0x5e,0x8c,0x42,"ff b5 ff 5e 8c 42 00 00"
2025-10-25 10:11:19,-0.820007,0xff,0xb5,0xff,0x5e,0x8c,0x4e,"ff b5 ff 5e 8c 4e 00 00"
2025-10-25 10:11:19,-0.690002,0xff,0xb5,0xff,0x5e,0x8c,0x5b,"ff b5 ff 5e 8c 5b 00 00"
2025-10-25 10:11:19,-0.570007,0xff,0xb5,0xff,0x5e,0x8c,0x67,"ff b5 ff 5e 8c 67 00 00"
2025-10-25 10:11:19,-0.5,0xff,0xb5,0xff,0x5e,0x8c,0x6e,"ff b5 ff 5e 8c 6e 00 00"
2025-10-25 10:11:19,-0.440002,0xff,0xb5,0xff,0x5e,0x8c,0x74,"ff b5 ff 5e 8c 74 00 00"
2025-10-25 10:11:19,-0.440002,0xff,0xb5,0xff,0x64,0x8c,0x74,"ff b5 ff 64 8c 74 00 00"
2025-10-25 10:11:19,-0.440002,0xff,0xaf,0xff,0x6a,0x8c,0x74,"ff af ff 6a 8c 74 00 00"
2025-10-25 10:11:19,-0.440002,0xff,0xaf,0xff,0x71,0x8c,0x74,"ff af ff 71 8c 74 00 00"
2025-10-25 10:11:19,-0.5,0xff,0xaf,0xff,0x71,0x8c,0x6e,"ff af ff 71 8c 6e 00 00"
2025-10-25 10:11:19,-0.5,0xff,0xaf,0xff,0x71,0x8c,0x6e,"ff af ff 71 8c 6e 00 00"
2025-10-25 10:11:19,-0.570007,0xff,0xaf,0xff,0x71,0x8c,0x67,"ff af ff 71 8c 67 00 00"
2025-10-25 10:11:19,-0.630005,0xff,0xaf,0xff,0x71,0x8c,0x61,"ff af ff 71 8c 61 00 00"
2025-10-25 10:11:19,-0.630005,0xff,0xaf,0xff,0x6a,0x8c,0x61,"ff af ff 6a 8c 61 00 00"
2025-10-25 10:11:19,-0.690002,0xff,0xaf,0xff,0x6a,0x8c,0x5b,"ff af ff 6a 8c 5b 00 00"
2025-10-25 10:11:19,-0.690002,0xff,0xa9,0xff,0x6a,0x8c,0x5b,"ff a9 ff 6a 8c 5b 00 00"
2025-10-25 10:11:19,-0.75,0xff,0xa9,0xff,0x6a,0x8c,0x55,"ff a9 ff 6a 8c 55 00 00"
2025-10-25 10:11:19,-0.75,0xff,0xa9,0xff,0x6a,0x8c,0x55,"ff a9 ff 6a 8c 55 00 00"
2025-10-25 10:11:19,-0.75,0xff,0xa9,0xff,0x6a,0x8c,0x55,"ff a9 ff 6a 8c 55 00 00"
2025-10-25 10:11:19,-0.820007,0xff,0xa9,0xff,0x6a,0x8c,0x4e,"ff a9 ff 6a 8c 4e 00 00"
2025-10-25 10:11:19,-0.880005,0xff,0xa9,0xff,0x71,0x8c,0x48,"ff a9 ff 71 8c 48 00 00"
2025-10-25 10:11:19,-0.880005,0xff,0xa9,0xff,0x71,0x8c,0x48,"ff a9 ff 71 8c 48 00 00"
2025-10-25 10:11:19,-0.940002,0xff,0xa9,0xff,0x71,0x8c,0x42,"ff a9 ff 71 8c 42 00 00"
2025-10-25 10:11:19,-1,0xff,0xa9,0xff,0x6a,0x8c,0x3c,"ff a9 ff 6a 8c 3c 00 00"
2025-10-25 10:11:19,-1,0xff,0xa9,0xff,0x6a,0x8c,0x3c,"ff a9 ff 6a 8c 3c 00 00"
2025-10-25 10:11:19,-1.07001,0xff,0xa3,0xff,0x6a,0x8c,0x35,"ff a3 ff 6a 8c 35 00 00"
2025-10-25 10:11:19,-1.07001,0xff,0xa3,0xff,0x6a,0x8c,0x35,"ff a3 ff 6a 8c 35 00 00"
2025-10-25 10:11:19,-1.13,0xff,0xa3,0xff,0x6a,0x8c,0x2f,"ff a3 ff 6a 8c 2f 00 00"
2025-10-25 10:11:19,-1.13,0xff,0xa3,0xff,0x6a,0x8c,0x2f,"ff a3 ff 6a 8c 2f 00 00"
2025-10-25 10:11:19,-1.19,0xff,0xa3,0xff,0x6a,0x8c,0x29,"ff a3 ff 6a 8c 29 00 00"
2025-10-25 10:11:19,-1.19,0xff,0xa3,0xff,0x6a,0x8c,0x29,"ff a3 ff 6a 8c 29 00 00"
2025-10-25 10:11:19,-1.25,0xff,0xa3,0xff,0x6a,0x8c,0x23,"ff a3 ff 6a 8c 23 00 00"
2025-10-25 10:11:20,-1.32001,0xff,0xa3,0xff,0x6a,0x8c,0x1c,"ff a3 ff 6a 8c 1c 00 00"
2025-10-25 10:11:20,-1.32001,0xff,0xa3,0xff,0x6a,0x8c,0x1c,"ff a3 ff 6a 8c 1c 00 00"
2025-10-25 10:11:20,-1.38,0xff,0xa3,0xff,0x6a,0x8c,0x16,"ff a3 ff 6a 8c 16 00 00"
2025-10-25 10:11:20,-1.38,0xff,0xa3,0xff,0x6a,0x8c,0x16,"ff a3 ff 6a 8c 16 00 00"
2025-10-25 10:11:20,-1.44,0xff,0xa3,0xff,0x6a,0x8c,0x10,"ff a3 ff 6a 8c 10 00 00"
2025-10-25 10:11:20,-1.44,0xff,0xa3,0xff,0x6a,0x8c,0x10,"ff a3 ff 6a 8c 10 00 00"
2025-10-25 10:11:20,-1.5,0xff,0xa3,0xff,0x6a,0x8c,0x0a,"ff a3 ff 6a 8c 0a 00 00"
2025-10-25 10:11:20,-1.5,0xff,0x9c,0xff,0x6a,0x8c,0x0a,"ff 9c ff 6a 8c 0a 00 00"
2025-10-25 10:11:20,-1.57001,0xff,0x9c,0xff,0x6a,0x8c,0x03,"ff 9c ff 6a 8c 03 00 00"
2025-10-25 10:11:20,-1.57001,0xff,0x9c,0xff,0x6a,0x8c,0x03,"ff 9c ff 6a 8c 03 00 00"
2025-10-25 10:11:20,-1.57001,0xff,0x9c,0xff,0x6a,0x8c,0x03,"ff 9c ff 6a 8c 03 00 00"
2025-10-25 10:11:20,-1.63,0xff,0x9c,0xff,0x6a,0x8b,0xfd,"ff 9c ff 6a 8b fd 00 00"
2025-10-25 10:11:20,-1.63,0xff,0x9c,0xff,0x6a,0x8b,0xfd,"ff 9c ff 6a 8b fd 00 00"
2025-10-25 10:11:20,-1.69,0xff,0x9c,0xff,0x6a,0x8b,0xf7,"ff 9c ff 6a 8b f7 00 00"
2025-10-25 10:11:20,-1.69,0xff,0x9c,0xff,0x6a,0x8b,0xf7,"ff 9c ff 6a 8b f7 00 00"
2025-10-25 10:11:20,-1.69,0xff,0x9c,0xff,0x6a,0x8b,0xf7,"ff 9c ff 6a 8b f7 00 00"
2025-10-25 10:11:20,-1.75,0xff,0x9c,0xff,0x6a,0x8b,0xf1,"ff 9c ff 6a 8b f1 00 00"
2025-10-25 10:11:20,-1.75,0xff,0x9c,0xff,0x6a,0x8b,0xf1,"ff 9c ff 6a 8b f1 00 00"
2025-10-25 10:11:20,-1.82001,0xff,0x9c,0xff,0x6a,0x8b,0xea,"ff 9c ff 6a 8b ea 00 00"
2025-10-25 10:11:20,-1.82001,0xff,0x9c,0xff,0x6a,0x8b,0xea,"ff 9c ff 6a 8b ea 00 00"
2025-10-25 10:11:20,-1.82001,0xff,0x9c,0xff,0x6a,0x8b,0xea,"ff 9c ff 6a 8b ea 00 00"
2025-10-25 10:11:20,-1.88,0xff,0x9c,0xff,0x6a,0x8b,0xe4,"ff 9c ff 6a 8b e4 00 00"
2025-10-25 10:11:20,-1.88,0xff,0x9c,0xff,0x6a,0x8b,0xe4,"ff 9c ff 6a 8b e4 00 00"
2025-10-25 10:11:20,-1.88,0xff,0x9c,0xff,0x6a,0x8b,0xe4,"ff 9c ff 6a 8b e4 00 00"
2025-10-25 10:11:20,-1.88,0xff,0x9c,0xff,0x6a,0x8b,0xe4,"ff 9c ff 6a 8b e4 00 00"
2025-10-25 10:11:20,-1.88,0xff,0x9c,0xff,0x6a,0x8b,0xe4,"ff 9c ff 6a 8b e4 00 00"
2025-10-25 10:11:20,-1.88,0xff,0x9c,0xff,0x6a,0x8b,0xe4,"ff 9c ff 6a 8b e4 00 00"
2025-10-25 10:11:20,-1.88,0xff,0x9c,0xff,0x6a,0x8b,0xe4,"ff 9c ff 6a 8b e4 00 00"
2025-10-25 10:11:20,-1.94,0xff,0x9c,0xff,0x6a,0x8b,0xde,"ff 9c ff 6a 8b de 00 00"
2025-10-25 10:11:20,-1.94,0xff,0x9c,0xff,0x6a,0x8b,0xde,"ff 9c ff 6a 8b de 00 00"
2025-10-25 10:11:20,-1.94,0xff,0x9c,0xff,0x6a,0x8b,0xde,"ff 9c ff 6a 8b de 00 00"
2025-10-25 10:11:20,-1.94,0xff,0x9c,0xff,0x6a,0x8b,0xde,"ff 9c ff 6a 8b de 00 00"
2025-10-25 10:11:20,-1.94,0xff,0x9c,0xff,0x6a,0x8b,0xde,"ff 9c ff 6a 8b de 00 00"
2025-10-25 10:11:20,-2,0xff,0x9c,0xff,0x6a,0x8b,0xd8,"ff 9c ff 6a 8b d8 00 00"
2025-10-25 10:11:20,-2,0xff,0x9c,0xff,0x6a,0x8b,0xd8,"ff 9c ff 6a 8b d8 00 00"
2025-10-25 10:11:21,-2,0xff,0x9c,0xff,0x6a,0x8b,0xd8,"ff 9c ff 6a 8b d8 00 00"
2025-10-25 10:11:21,-2,0xff,0x9c,0xff,0x6a,0x8b,0xd8,"ff 9c ff 6a 8b d8 00 00"
2025-10-25 10:11:21,-2,0xff,0x9c,0xff,0x6a,0x8b,0xd8,"ff 9c ff 6a 8b d8 00 00"
2025-10-25 10:11:21,-2,0xff,0x9c,0xff,0x6a,0x8b,0xd8,"ff 9c ff 6a 8b d8 00 00"
2025-10-25 10:11:21,-2,0xff,0x9c,0xff,0x6a,0x8b,0xd8,"ff 9c ff 6a 8b d8 00 00"
2025-10-25 10:11:21,-2,0xff,0x9c,0xff,0x6a,0x8b,0xd8,"ff 9c ff 6a 8b d8 00 00"
2025-10-25 10:11:21,-2,0xff,0x9c,0xff,0x6a,0x8b,0xd8,"ff 9c ff 6a 8b d8 00 00"
2025-10-25 10:11:21,-2,0xff,0x9c,0xff,0x6a,0x8b,0xd8,"ff 9c ff 6a 8b d8 00 00"
2025-10-25 10:11:21,-2,0xff,0x9c,0xff,0x6a,0x8b,0xd8,"ff 9c ff 6a 8b d8 00 00"
2025-10-25 10:11:21,-2,0xff,0x9c,0xff,0x6a,0x8b,0xd8,"ff 9c ff 6a 8b d8 00 00"
2025-10-25 10:11:21,-2,0xff,0x9c,0xff,0x6a,0x8b,0xd8,"ff 9c ff 6a 8b d8 00 00"
2025-10-25 10:11:21,-2,0xff,0x9c,0xff,0x6a,0x8b,0xd8,"ff 9c ff 6a 8b d8 00 00"
2025-10-25 10:11:21,-2,0xff,0x9c,0xff,0x6a,0x8b,0xd8,"ff 9c ff 6a 8b d8 00 00"
2025-10-25 10:11:21,-2,0xff,0x9c,0xff,0x6a,0x8b,0xd8,"ff 9c ff 6a 8b d8 00 00"
2025-10-25 10:11:21,-2,0xff,0x9c,0xff,0x6a,0x8b,0xd8,"ff 9c ff 6a 8b d8 00 00"
2025-10-25 10:11:21,-2,0xff,0x9c,0xff,0x6a,0x8b,0xd8,"ff 9c ff 6a 8b d8 00 00"
2025-10-25 10:11:21,-2,0xff,0x9c,0xff,0x6a,0x8b,0xd8,"ff 9c ff 6a 8b d8 00 00"
2025-10-25 10:11:21,-2,0xff,0x9c,0xff,0x6a,0x8b,0xd8,"ff 9c ff 6a 8b d8 00 00"
2025-10-25 10:11:21,-2,0xff,0x9c,0xff,0x6a,0x8b,0xd8,"ff 9c ff 6a 8b d8 00 00"
2025-10-25 10:11:21,-2,0xff,0x9c,0xff,0x6a,0x8b,0xd8,"ff 9c ff 6a 8b d8 00 00"
2025-10-25 10:11:21,-2,0xff,0x9c,0xff,0x6a,0x8b,0xd8,"ff 9c ff 6a 8b d8 00 00"
2025-10-25 10:11:21,-2,0xff,0x9c,0xff,0x6a,0x8b,0xd8,"ff 9c ff 6a 8b d8 00 00"
2025-10-25 10:11:21,-2,0xff,0x9c,0xff,0x6a,0x8b,0xd8,"ff 9c ff 6a 8b d8 00 00"
2025-10-25 10:11:21,-2,0xff,0x9c,0xff,0x6a,0x8b,0xd8,"ff 9c ff 6a 8b d8 00 00"
2025-10-25 10:11:21,-2,0xff,0x9c,0xff,0x6a,0x8b,0xd8,"ff 9c ff 6a 8b d8 00 00"
2025-10-25 10:11:21,-2,0xff,0x9c,0xff,0x6a,0x8b,0xd8,"ff 9c ff 6a 8b d8 00 00"
2025-10-25 10:11:21,-2,0xff,0x9c,0xff,0x6a,0x8b,0xd8,"ff 9c ff 6a 8b d8 00 00"
2025-10-25 10:11:21,-2,0xff,0x9c,0xff,0x6a,0x8b,0xd8,"ff 9c ff 6a 8b d8 00 00"
2025-10-25 10:11:21,-2,0xff,0x9c,0xff,0x6a,0x8b,0xd8,"ff 9c ff 6a 8b d8 00 00"
2025-10-25 10:11:21,-2,0xff,0x9c,0xff,0x6a,0x8b,0xd8,"ff 9c ff 6a 8b d8 00 00"
2025-10-25 10:11:21,-2,0xff,0x9c,0xff,0x6a,0x8b,0xd8,"ff 9c ff 6a 8b d8 00 00"
2025-10-25 10:11:21,-2,0xff,0x9c,0xff,0x6a,0x8b,0xd8,"ff 9c ff 6a 8b d8 00 00"
2025-10-25 10:11:21,-2,0xff,0x9c,0xff,0x6a,0x8b,0xd8,"ff 9c ff 6a 8b d8 00 00"
2025-10-25 10:11:22,-2,0xff,0x9c,0xff,0x6a,0x8b,0xd8,"ff 9c ff 6a 8b d8 00 00"
2025-10-25 10:11:22,-2,0xff,0x9c,0xff,0x6a,0x8b,0xd8,"ff 9c ff 6a 8b d8 00 00"
2025-10-25 10:11:22,-2,0xff,0x9c,0xff,0x6a,0x8b,0xd8,"ff 9c ff 6a 8b d8 00 00"
2025-10-25 10:11:22,-2,0xff,0x9c,0xff,0x6a,0x8b,0xd8,"ff 9c ff 6a 8b d8 00 00"
2025-10-25 10:11:22,-2,0xff,0x9c,0xff,0x6a,0x8b,0xd8,"ff 9c ff 6a 8b d8 00 00"
2025-10-25 10:11:22,-2,0xff,0x9c,0xff,0x6a,0x8b,0xd8,"ff 9c ff 6a 8b d8 00 00"
2025-10-25 10:11:22,-2,0xff,0x9c,0xff,0x6a,0x8b,0xd8,"ff 9c ff 6a 8b d8 00 00"
2025-10-25 10:11:22,-2,0xff,0x9c,0xff,0x6a,0x8b,0xd8,"ff 9c ff 6a 8b d8 00 00"
2025-10-25 10:11:22,-2,0xff,0x9c,0xff,0x6a,0x8b,0xd8,"ff 9c ff 6a 8b d8 00 00"
2025-10-25 10:11:22,-2,0xff,0x9c,0xff,0x6a,0x8b,0xd8,"ff 9c ff 6a 8b d8 00 00"
2025-10-25 10:11:22,-2,0xff,0x9c,0xff,0x6a,0x8b,0xd8,"ff 9c ff 6a 8b d8 00 00"
2025-10-25 10:11:22,-2,0xff,0x9c,0xff,0x6a,0x8b,0xd8,"ff 9c ff 6a 8b d8 00 00"
2025-10-25 10:11:22,-2,0xff,0x9c,0xff,0x6a,0x8b,0xd8,"ff 9c ff 6a 8b d8 00 00"
2025-10-25 10:11:22,-2,0xff,0x9c,0xff,0x6a,0x8b,0xd8,"ff 9c ff 6a 8b d8 00 00"
2025-10-25 10:11:22,-2,0xff,0x9c,0xff,0x6a,0x8b,0xd8,"ff 9c ff 6a 8b d8 00 00"
2025-10-25 10:11:22,-2,0xff,0x9c,0xff,0x6a,0x8b,0xd8,"ff 9c ff 6a 8b d8 00 00"
2025-10-25 10:11:22,-2,0xff,0x9c,0xff,0x6a,0x8b,0xd8,"ff 9c ff 6a 8b d8 00 00"
2025-10-25 10:11:22,-2,0xff,0x9c,0xff,0x6a,0x8b,0xd8,"ff 9c ff 6a 8b d8 00 00"
2025-10-25 10:11:22,-2,0xff,0x9c,0xff,0x6a,0x8b,0xd8,"ff 9c ff 6a 8b d8 00 00"
2025-10-25 10:11:22,-2,0xff,0x9c,0xff,0x6a,0x8b,0xd8,"ff 9c ff 6a 8b d8 00 00"
2025-10-25 10:11:22,-2,0xff,0x9c,0xff,0x6a,0x8b,0xd8,"ff 9c ff 6a 8b d8 00 00"
2025-10-25 10:11:22,-2,0xff,0x9c,0xff,0x6a,0x8b,0xd8,"ff 9c ff 6a 8b d8 00 00"
2025-10-25 10:11:22,-2,0xff,0x9c,0xff,0x6a,0x8b,0xd8,"ff 9c ff 6a 8b d8 00 00"
2025-10-25 10:11:22,-2,0xff,0x9c,0xff,0x6a,0x8b,0xd8,"ff 9c ff 6a 8b d8 00 00"
2025-10-25 10:11:22,-2,0xff,0x9c,0xff,0x6a,0x8b,0xd8,"ff 9c ff 6a 8b d8 00 00"
2025-10-25 10:11:22,-2,0xff,0x9c,0xff,0x6a,0x8b,0xd8,"ff 9c ff 6a 8b d8 00 00"
2025-10-25 10:11:22,-2,0xff,0x9c,0xff,0x6a,0x8b,0xd8,"ff 9c ff 6a 8b d8 00 00"
2025-10-25 10:11:22,-2,0xff,0x9c,0xff,0x6a,0x8b,0xd8,"ff 9c ff 6a 8b d8 00 00"
2025-10-25 10:11:22,-2,0xff,0x9c,0xff,0x6a,0x8b,0xd8,"ff 9c ff 6a 8b d8 00 00"
2025-10-25 10:11:22,-1.94,0xff,0x9c,0xff,0x6a,0x8b,0xde,"ff 9c ff 6a 8b de 00 00"
2025-10-25 10:11:22,-1.94,0xff,0x9c,0xff,0x6a,0x8b,0xde,"ff 9c ff 6a 8b de 00 00"
2025-10-25 10:11:22,-1.88,0xff,0x9c,0xff,0x6a,0x8b,0xe4,"ff 9c ff 6a 8b e4 00 00"
2025-10-25 10:11:22,-1.82001,0xff,0x9c,0xff,0x6a,0x8b,0xea,"ff 9c ff 6a 8b ea 00 00"
2025-10-25 10:11:22,-1.82001,0xff,0x9c,0xff,0x6a,0x8b,0xea,"ff 9c ff 6a 8b ea 00 00"
2025-10-25 10:11:23,-1.75,0xff,0x9c,0xff,0x6a,0x8b,0xf1,"ff 9c ff 6a 8b f1 00 00"
2025-10-25 10:11:23,-1.69,0xff,0x9c,0xff,0x6a,0x8b,0xf7,"ff 9c ff 6a 8b f7 00 00"
2025-10-25 10:11:23,-1.63,0xff,0x9c,0xff,0x6a,0x8b,0xfd,"ff 9c ff 6a 8b fd 00 00"
2025-10-25 10:11:23,-1.5,0xff,0x9c,0xff,0x6a,0x8c,0x0a,"ff 9c ff 6a 8c 0a 00 00"
2025-10-25 10:11:23,-1.38,0xff,0x9c,0xff,0x64,0x8c,0x16,"ff 9c ff 64 8c 16 00 00"
2025-10-25 10:11:23,-1.32001,0xff,0x9c,0xff,0x64,0x8c,0x1c,"ff 9c ff 64 8c 1c 00 00"
2025-10-25 10:11:23,-1.19,0xff,0x9c,0xff,0x64,0x8c,0x29,"ff 9c ff 64 8c 29 00 00"
2025-10-25 10:11:23,-1.07001,0xff,0x9c,0xff,0x64,0x8c,0x35,"ff 9c ff 64 8c 35 00 00"
2025-10-25 10:11:23,-0.940002,0xff,0x9c,0xff,0x64,0x8c,0x42,"ff 9c ff 64 8c 42 00 00"
2025-10-25 10:11:23,-0.820007,0xff,0x9c,0xff,0x64,0x8c,0x4e,"ff 9c ff 64 8c 4e 00 00"
2025-10-25 10:11:23,-0.630005,0xff,0x9c,0xff,0x64,0x8c,0x61,"ff 9c ff 64 8c 61 00 00"
2025-10-25 10:11:23,-0.570007,0xff,0x9c,0xff,0x64,0x8c,0x67,"ff 9c ff 64 8c 67 00 00"
2025-10-25 10:11:23,-0.440002,0xff,0x9c,0xff,0x64,0x8c,0x74,"ff 9c ff 64 8c 74 00 00"
2025-10-25 10:11:23,-0.320007,0xff,0x9c,0xff,0x64,0x8c,0x80,"ff 9c ff 64 8c 80 00 00"
2025-10-25 10:11:23,-0.190002,0xff,0x9c,0xff,0x64,0x8c,0x8d,"ff 9c ff 64 8c 8d 00 00"
2025-10-25 10:11:23,0.12,0xff,0x9c,0xff,0x64,0x00,0x0c,"ff 9c ff 64 00 0c 00 00"
2025-10-25 10:11:23,0.25,0xff,0x9c,0xff,0x64,0x00,0x19,"ff 9c ff 64 00 19 00 00"
2025-10-25 10:11:23,0.43,0xff,0x9c,0xff,0x64,0x00,0x2b,"ff 9c ff 64 00 2b 00 00"
2025-10-25 10:11:23,0.5,0xff,0x9c,0xff,0x64,0x00,0x32,"ff 9c ff 64 00 32 00 00"
2025-10-25 10:11:23,0.68,0xff,0x9c,0xff,0x64,0x00,0x44,"ff 9c ff 64 00 44 00 00"
2025-10-25 10:11:23,0.87,0xff,0x9c,0xff,0x64,0x00,0x57,"ff 9c ff 64 00 57 00 00"
2025-10-25 10:11:23,1,0xff,0x9c,0xff,0x64,0x00,0x64,"ff 9c ff 64 00 64 00 00"
2025-10-25 10:11:23,1.18,0xff,0x9c,0xff,0x64,0x00,0x76,"ff 9c ff 64 00 76 00 00"
2025-10-25 10:11:23,1.31,0xff,0x9c,0xff,0x5e,0x00,0x83,"ff 9c ff 5e 00 83 00 00"
2025-10-25 10:11:23,1.43,0xff,0xa3,0xff,0x5e,0x00,0x8f,"ff a3 ff 5e 00 8f 00 00"
2025-10-25 10:11:23,1.62,0xff,0xa3,0xff,0x5e,0x00,0xa2,"ff a3 ff 5e 00 a2 00 00"
2025-10-25 10:11:23,1.75,0xff,0xa3,0xff,0x5e,0x00,0xaf,"ff a3 ff 5e 00 af 00 00"
2025-10-25 10:11:23,1.93,0xff,0xa3,0xff,0x5e,0x00,0xc1,"ff a3 ff 5e 00 c1 00 00"
2025-10-25 10:11:23,2.12,0xff,0xa3,0xff,0x5e,0x00,0xd4,"ff a3 ff 5e 00 d4 00 00"
2025-10-25 10:11:23,2.31,0xff,0xa3,0xff,0x5e,0x00,0xe7,"ff a3 ff 5e 00 e7 00 00"
2025-10-25 10:11:23,2.37,0xff,0xa3,0xff,0x5e,0x00,0xed,"ff a3 ff 5e 00 ed 00 00"
2025-10-25 10:11:23,2.56,0xff,0xa3,0xff,0x5e,0x01,0x00,"ff a3 ff 5e 01 00 00 00"
2025-10-25 10:11:23,2.68,0xff,0xa3,0xff,0x5e,0x01,0x0c,"ff a3 ff 5e 01 0c 00 00"
2025-10-25 10:11:24,2.87,0xff,0xa3,0xff,0x5e,0x01,0x1f,"ff a3 ff 5e 01 1f 00 00"
2025-10-25 10:11:24,3.12,0xff,0xa3,0xff,0x5e,0x01,0x38,"ff a3 ff 5e 01 38 00 00"
2025-10-25 10:11:24,3.25,0xff,0xa3,0xff,0x5e,0x01,0x45,"ff a3 ff 5e 01 45 00 00"
2025-10-25 10:11:24,3.43,0xff,0xa3,0xff,0x5e,0x01,0x57,"ff a3 ff 5e 01 57 00 00"
2025-10-25 10:11:24,3.56,0xff,0xa3,0xff,0x5e,0x01,0x64,"ff a3 ff 5e 01 64 00 00"
2025-10-25 10:11:24,3.68,0xff,0xa3,0xff,0x5e,0x01,0x70,"ff a3 ff 5e 01 70 00 00"
2025-10-25 10:11:24,3.75,0xff,0xa3,0xff,0x5e,0x01,0x77,"ff a3 ff 5e 01 77 00 00"
2025-10-25 10:11:24,3.87,0xff,0xa3,0xff,0x5e,0x01,0x83,"ff a3 ff 5e 01 83 00 00"
2025-10-25 10:11:24,4,0xff,0xa3,0xff,0x5e,0x01,0x90,"ff a3 ff 5e 01 90 00 00"
2025-10-25 10:11:24,4.06,0xff,0xa3,0xff,0x5e,0x01,0x96,"ff a3 ff 5e 01 96 00 00"
2025-10-25 10:11:24,4.18,0xff,0xa9,0xff,0x5e,0x01,0xa2,"ff a9 ff 5e 01 a2 00 00"
2025-10-25 10:11:24,4.31,0xff,0xa9,0xff,0x5e,0x01,0xaf,"ff a9 ff 5e 01 af 00 00"
2025-10-25 10:11:24,4.37,0xff,0xa9,0xff,0x5e,0x01,0xb5,"ff a9 ff 5e 01 b5 00 00"
2025-10-25 10:11:24,4.43,0xff,0xa9,0xff,0x5e,0x01,0xbb,"ff a9 ff 5e 01 bb 00 00"
2025-10-25 10:11:24,4.5,0xff,0xa9,0xff,0x5e,0x01,0xc2,"ff a9 ff 5e 01 c2 00 00"
2025-10-25 10:11:24,4.62,0xff,0xa9,0xff,0x5e,0x01,0xce,"ff a9 ff 5e 01 ce 00 00"
2025-10-25 10:11:24,4.75,0xff,0xa9,0xff,0x58,0x01,0xdb,"ff a9 ff 58 01 db 00 00"
2025-10-25 10:11:24,4.81,0xff,0xa9,0xff,0x58,0x01,0xe1,"ff a9 ff 58 01 e1 00 00"
2025-10-25 10:11:24,4.87,0xff,0xa9,0xff,0x58,0x01,0xe7,"ff a9 ff 58 01 e7 00 00"
2025-10-25 10:11:24,4.93,0xff,0xa9,0xff,0x58,0x01,0xed,"ff a9 ff 58 01 ed 00 00"
2025-10-25 10:11:24,5.06,0xff,0xa9,0xff,0x58,0x01,0xfa,"ff a9 ff 58 01 fa 00 00"
2025-10-25 10:11:24,5.12,0xff,0xa9,0xff,0x58,0x02,0x00,"ff a9 ff 58 02 00 00 00"
2025-10-25 10:11:24,5.18,0xff,0xa9,0xff,0x58,0x02,0x06,"ff a9 ff 58 02 06 00 00"
2025-10-25 10:11:24,5.22,0xff,0xa9,0xff,0x58,0x02,0x0a,"ff a9 ff 58 02 0a 00 00"
2025-10-25 10:11:24,5.31,0xff,0xa9,0xff,0x58,0x02,0x13,"ff a9 ff 58 02 13 00 00"
2025-10-25 10:11:24,5.37,0xff,0xa9,0xff,0x58,0x02,0x19,"ff a9 ff 58 02 19 00 00"
2025-10-25 10:11:24,5.43,0xff,0xa9,0xff,0x58,0x02,0x1f,"ff a9 ff 58 02 1f 00 00"
2025-10-25 10:11:24,5.5,0xff,0xa9,0xff,0x58,0x02,0x26,"ff a9 ff 58 02 26 00 00"
2025-10-25 10:11:24,5.56,0xff,0xa9,0xff,0x58,0x02,0x2c,"ff a9 ff 58 02 2c 00 00"
2025-10-25 10:11:24,5.62,0xff,0xa9,0xff,0x58,0x02,0x32,"ff a9 ff 58 02 32 00 00"
2025-10-25 10:11:24,5.68,0xff,0xa9,0xff,0x58,0x02,0x38,"ff a9 ff 58 02 38 00 00"
2025-10-25 10:11:24,5.68,0xff,0xa9,0xff,0x58,0x02,0x38,"ff a9 ff 58 02 38 00 00"
2025-10-25 10:11:24,5.75,0xff,0xa9,0xff,0x58,0x02,0x3f,"ff a9 ff 58 02 3f 00 00"
2025-10-25 10:11:24,5.81,0xff,0xa9,0xff,0x58,0x02,0x45,"ff a9 ff 58 02 45 00 00"
2025-10-25 10:11:25,5.81,0xff,0xa9,0xff,0x58,0x02,0x45,"ff a9 ff 58 02 45 00 00"
2025-10-25 10:11:25,5.81,0xff,0xa9,0xff,0x58,0x02,0x45,"ff a9 ff 58 02 45 00 00"
2025-10-25 10:11:25,5.87,0xff,0xa9,0xff,0x58,0x02,0x4b,"ff a9 ff 58 02 4b 00 00"
2025-10-25 10:11:25,5.87,0xff,0xa9,0xff,0x58,0x02,0x4b,"ff a9 ff 58 02 4b 00 00"
2025-10-25 10:11:25,5.87,0xff,0xa9,0xff,0x58,0x02,0x4b,"ff a9 ff 58 02 4b 00 00"
2025-10-25 10:11:25,5.87,0xff,0xa9,0xff,0x58,0x02,0x4b,"ff a9 ff 58 02 4b 00 00"
2025-10-25 10:11:25,5.87,0xff,0xa9,0xff,0x58,0x02,0x4b,"ff a9 ff 58 02 4b 00 00"
2025-10-25 10:11:25,5.87,0xff,0xa9,0xff,0x58,0x02,0x4b,"ff a9 ff 58 02 4b 00 00"
2025-10-25 10:11:25,5.81,0xff,0xa9,0xff,0x58,0x02,0x45,"ff a9 ff 58 02 45 00 00"
2025-10-25 10:11:25,5.81,0xff,0xa9,0xff,0x58,0x02,0x45,"ff a9 ff 58 02 45 00 00"
2025-10-25 10:11:25,5.75,0xff,0xa9,0xff,0x58,0x02,0x3f,"ff a9 ff 58 02 3f 00 00"
2025-10-25 10:11:25,5.75,0xff,0xa9,0xff,0x58,0x02,0x3f,"ff a9 ff 58 02 3f 00 00"
2025-10-25 10:11:25,5.75,0xff,0xa9,0xff,0x58,0x02,0x3f,"ff a9 ff 58 02 3f 00 00"
2025-10-25 10:11:25,5.75,0xff,0xa9,0xff,0x58,0x02,0x3f,"ff a9 ff 58 02 3f 00 00"
2025-10-25 10:11:25,5.75,0xff,0xa9,0xff,0x58,0x02,0x3f,"ff a9 ff 58 02 3f 00 00"
2025-10-25 10:11:25,5.75,0xff,0xa9,0xff,0x58,0x02,0x3f,"ff a9 ff 58 02 3f 00 00"
2025-10-25 10:11:25,5.75,0xff,0xa9,0xff,0x58,0x02,0x3f,"ff a9 ff 58 02 3f 00 00"
2025-10-25 10:11:25,5.75,0xff,0xa9,0xff,0x58,0x02,0x3f,"ff a9 ff 58 02 3f 00 00"
2025-10-25 10:11:25,5.75,0xff,0xa9,0xff,0x58,0x02,0x3f,"ff a9 ff 58 02 3f 00 00"
2025-10-25 10:11:25,5.68,0xff,0xa9,0xff,0x58,0x02,0x38,"ff a9 ff 58 02 38 00 00"
2025-10-25 10:11:25,5.68,0xff,0xa9,0xff,0x58,0x02,0x38,"ff a9 ff 58 02 38 00 00"
2025-10-25 10:11:25,5.68,0xff,0xa9,0xff,0x58,0x02,0x38,"ff a9 ff 58 02 38 00 00"
2025-10-25 10:11:25,5.68,0xff,0xa9,0xff,0x58,0x02,0x38,"ff a9 ff 58 02 38 00 00"
2025-10-25 10:11:25,5.68,0xff,0xa9,0xff,0x58,0x02,0x38,"ff a9 ff 58 02 38 00 00"
2025-10-25 10:11:25,5.68,0xff,0xa9,0xff,0x58,0x02,0x38,"ff a9 ff 58 02 38 00 00"
2025-10-25 10:11:25,5.62,0xff,0xa9,0xff,0x58,0x02,0x32,"ff a9 ff 58 02 32 00 00"
2025-10-25 10:11:25,5.62,0xff,0xa9,0xff,0x58,0x02,0x32,"ff a9 ff 58 02 32 00 00"
2025-10-25 10:11:25,5.62,0xff,0xa9,0xff,0x58,0x02,0x32,"ff a9 ff 58 02 32 00 00"
2025-10-25 10:11:25,5.62,0xff,0xa9,0xff,0x58,0x02,0x32,"ff a9 ff 58 02 32 00 00"
2025-10-25 10:11:25,5.62,0xff,0xa9,0xff,0x58,0x02,0x32,"ff a9 ff 58 02 32 00 00"
2025-10-25 10:11:25,5.62,0xff,0xa9,0xff,0x58,0x02,0x32,"ff a9 ff 58 02 32 00 00"
2025-10-25 10:11:25,5.62,0xff,0xa9,0xff,0x58,0x02,0x32,"ff a9 ff 58 02 32 00 00"
2025-10-25 10:11:25,5.62,0xff,0xa9,0xff,0x58,0x02,0x32,"ff a9 ff 58 02 32 00 00"
2025-10-25 10:11:25,5.62,0xff,0xa9,0xff,0x58,0x02,0x32,"ff a9 ff 58 02 32 00 00"
2025-10-25 10:11:25,5.62,0xff,0xa3,0xff,0x58,0x02,0x32,"ff a3 ff 58 02 32 00 00"
2025-10-25 10:11:26,5.62,0xff,0xa3,0xff,0x5e,0x02,0x32,"ff a3 ff 5e 02 32 00 00"
2025-10-25 10:11:26,5.62,0xff,0xa3,0xff,0x5e,0x02,0x32,"ff a3 ff 5e 02 32 00 00"
2025-10-25 10:11:26,5.62,0xff,0xa3,0xff,0x5e,0x02,0x32,"ff a3 ff 5e 02 32 00 00"
2025-10-25 10:11:26,5.62,0xff,0xa3,0xff,0x5e,0x02,0x32,"ff a3 ff 5e 02 32 00 00"
2025-10-25 10:11:26,5.62,0xff,0xa3,0xff,0x5e,0x02,0x32,"ff a3 ff 5e 02 32 00 00"
2025-10-25 10:11:26,5.62,0xff,0xa3,0xff,0x5e,0x02,0x32,"ff a3 ff 5e 02 32 00 00"
2025-10-25 10:11:26,5.62,0xff,0xa3,0xff,0x5e,0x02,0x32,"ff a3 ff 5e 02 32 00 00"
2025-10-25 10:11:26,5.62,0xff,0xa3,0xff,0x5e,0x02,0x32,"ff a3 ff 5e 02 32 00 00"
2025-10-25 10:11:26,5.62,0xff,0xa3,0xff,0x5e,0x02,0x32,"ff a3 ff 5e 02 32 00 00"
2025-10-25 10:11:26,5.62,0xff,0xa3,0xff,0x5e,0x02,0x32,"ff a3 ff 5e 02 32 00 00"
2025-10-25 10:11:26,5.68,0xff,0xa3,0xff,0x5e,0x02,0x38,"ff a3 ff 5e 02 38 00 00"
2025-10-25 10:11:26,5.68,0xff,0xa3,0xff,0x5e,0x02,0x38,"ff a3 ff 5e 02 38 00 00"
2025-10-25 10:11:26,5.75,0xff,0xa3,0xff,0x5e,0x02,0x3f,"ff a3 ff 5e 02 3f 00 00"
2025-10-25 10:11:26,5.75,0xff,0xa3,0xff,0x58,0x02,0x3f,"ff a3 ff 58 02 3f 00 00"
2025-10-25 10:11:26,5.81,0xff,0xa3,0xff,0x58,0x02,0x45,"ff a3 ff 58 02 45 00 00"
2025-10-25 10:11:26,5.81,0xff,0xa3,0xff,0x51,0x02,0x45,"ff a3 ff 51 02 45 00 00"
2025-10-25 10:11:26,5.87,0xff,0xa3,0xff,0x51,0x02,0x4b,"ff a3 ff 51 02 4b 00 00"
2025-10-25 10:11:26,5.93,0xff,0x9c,0xff,0x58,0x02,0x51,"ff 9c ff 58 02 51 00 00"
2025-10-25 10:11:26,6,0xff,0x9c,0xff,0x58,0x02,0x58,"ff 9c ff 58 02 58 00 00"
2025-10-25 10:11:26,6.06,0xff,0xa3,0xff,0x58,0x02,0x5e,"ff a3 ff 58 02 5e 00 00"
2025-10-25 10:11:26,6.18,0xff,0x9c,0xff,0x58,0x02,0x6a,"ff 9c ff 58 02 6a 00 00"
2025-10-25 10:11:26,6.25,0xff,0x9c,0xff,0x51,0x02,0x71,"ff 9c ff 51 02 71 00 00"
2025-10-25 10:11:26,6.37,0xff,0x9c,0xff,0x51,0x02,0x7d,"ff 9c ff 51 02 7d 00 00"
2025-10-25 10:11:26,6.5,0xff,0xa3,0xff,0x51,0x02,0x8a,"ff a3 ff 51 02 8a 00 00"
2025-10-25 10:11:26,6.56,0xff,0xa3,0xff,0x51,0x02,0x90,"ff a3 ff 51 02 90 00 00"
2025-10-25 10:11:26,6.68,0xff,0xa3,0xff,0x51,0x02,0x9c,"ff a3 ff 51 02 9c 00 00"
2025-10-25 10:11:26,6.87,0xff,0xa3,0xff,0x51,0x02,0xaf,"ff a3 ff 51 02 af 00 00"
2025-10-25 10:11:26,7,0xff,0xa3,0xff,0x51,0x02,0xbc,"ff a3 ff 51 02 bc 00 00"
2025-10-25 10:11:26,7.12,0xff,0xa3,0xff,0x51,0x02,0xc8,"ff a3 ff 51 02 c8 00 00"
2025-10-25 10:11:26,7.25,0xff,0xa3,0xff,0x51,0x02,0xd5,"ff a3 ff 51 02 d5 00 00"
2025-10-25 10:11:26,7.37,0xff,0xa3,0xff,0x51,0x02,0xe1,"ff a3 ff 51 02 e1 00 00"
2025-10-25 10:11:26,7.5,0xff,0xa3,0xff,0x51,0x02,0xee,"ff a3 ff 51 02 ee 00 00"
2025-10-25 10:11:26,7.62,0xff,0xa3,0xff,0x51,0x02,0xfa,"ff a3 ff 51 02 fa 00 00"
2025-10-25 10:11:26,7.75,0xff,0xa3,0xff,0x51,0x03,0x07,"ff a3 ff 51 03 07 00 00"
2025-10-25 10:11:27,7.78,0xff,0xa3,0xff,0x51,0x03,0x0a,"ff a3 ff 51 03 0a 00 00"
2025-10-25 10:11:27,8,0xff,0xa3,0xff,0x51,0x03,0x20,"ff a3 ff 51 03 20 00 00"
2025-10-25 10:11:27,8.06,0xff,0xa3,0xff,0x51,0x03,0x26,"ff a3 ff 51 03 26 00 00"
2025-10-25 10:11:27,8.12,0xff,0xa3,0xff,0x51,0x03,0x2c,"ff a3 ff 51 03 2c 00 00"
2025-10-25 10:11:27,8.25,0xff,0xa3,0xff,0x51,0x03,0x39,"ff a3 ff 51 03 39 00 00"
2025-10-25 10:11:27,8.31,0xff,0xa3,0xff,0x51,0x03,0x3f,"ff a3 ff 51 03 3f 00 00"
2025-10-25 10:11:27,8.31,0xff,0xa3,0xff,0x51,0x03,0x3f,"ff a3 ff 51 03 3f 00 00"
2025-10-25 10:11:27,8.37,0xff,0xa3,0xff,0x51,0x03,0x45,"ff a3 ff 51 03 45 00 00"
2025-10-25 10:11:27,8.5,0xff,0xa3,0xff,0x51,0x03,0x52,"ff a3 ff 51 03 52 00 00"
2025-10-25 10:11:27,8.56,0xff,0xa3,0xff,0x51,0x03,0x58,"ff a3 ff 51 03 58 00 00"
2025-10-25 10:11:27,8.62,0xff,0xa3,0xff,0x51,0x03,0x5e,"ff a3 ff 51 03 5e 00 00"
2025-10-25 10:11:27,8.75,0xff,0xa3,0xff,0x51,0x03,0x6b,"ff a3 ff 51 03 6b 00 00"
2025-10-25 10:11:27,8.81,0xff,0xa3,0xff,0x51,0x03,0x71,"ff a3 ff 51 03 71 00 00"
2025-10-25 10:11:27,8.93,0xff,0xa3,0xff,0x51,0x03,0x7d,"ff a3 ff 51 03 7d 00 00"
2025-10-25 10:11:27,9,0xff,0xa3,0xff,0x51,0x03,0x84,"ff a3 ff 51 03 84 00 00"
2025-10-25 10:11:27,9.12,0xff,0xa3,0xff,0x51,0x03,0x90,"ff a3 ff 51 03 90 00 00"
2025-10-25 10:11:27,9.25,0xff,0xa3,0xff,0x51,0x03,0x9d,"ff a3 ff 51 03 9d 00 00"
2025-10-25 10:11:27,9.31,0xff,0xa3,0xff,0x51,0x03,0xa3,"ff a3 ff 51 03 a3 00 00"
2025-10-25 10:11:27,9.43,0xff,0xa9,0xff,0x51,0x03,0xaf,"ff a9 ff 51 03 af 00 00"
2025-10-25 10:11:27,9.5,0xff,0xa9,0xff,0x51,0x03,0xb6,"ff a9 ff 51 03 b6 00 00"
2025-10-25 10:11:27,9.62,0xff,0xa9,0xff,0x51,0x03,0xc2,"ff a9 ff 51 03 c2 00 00"
2025-10-25 10:11:27,9.75,0xff,0xa9,0xff,0x51,0x03,0xcf,"ff a9 ff 51 03 cf 00 00"
2025-10-25 10:11:27,9.87,0xff,0xa9,0xff,0x51,0x03,0xdb,"ff a9 ff 51 03 db 00 00"
2025-10-25 10:11:27,9.93,0xff,0xa9,0xff,0x51,0x03,0xe1,"ff a9 ff 51 03 e1 00 00"
2025-10-25 10:11:27,10,0xff,0xa9,0xff,0x51,0x03,0xe8,"ff a9 ff 51 03 e8 00 00"
2025-10-25 10:11:27,10.12,0xff,0xa9,0xff,0x51,0x03,0xf4,"ff a9 ff 51 03 f4 00 00"
2025-10-25 10:11:27,10.31,0xff,0xa9,0xff,0x51,0x04,0x07,"ff a9 ff 51 04 07 00 00"
2025-10-25 10:11:27,10.34,0xff,0xa9,0xff,0x51,0x04,0x0a,"ff a9 ff 51 04 0a 00 00"
2025-10-25 10:11:27,10.5,0xff,0xa9,0xff,0x51,0x04,0x1a,"ff a9 ff 51 04 1a 00 00"
2025-10-25 10:11:27,10.62,0xff,0xa9,0xff,0x51,0x04,0x26,"ff a9 ff 51 04 26 00 00"
2025-10-25 10:11:27,10.75,0xff,0xa9,0xff,0x51,0x04,0x33,"ff a9 ff 51 04 33 00 00"
2025-10-25 10:11:27,10.81,0xff,0xa9,0xff,0x51,0x04,0x39,"ff a9 ff 51 04 39 00 00"
2025-10-25 10:11:27,10.93,0xff,0xa9,0xff,0x51,0x04,0x45,"ff a9 ff 51 04 45 00 00"
2025-10-25 10:11:28,11.06,0xff,0xa9,0xff,0x4b,0x04,0x52,"ff a9 ff 4b 04 52 00 00"
2025-10-25 10:11:28,11.18,0xff,0xa9,0xff,0x4b,0x04,0x5e,"ff a9 ff 4b 04 5e 00 00"
2025-10-25 10:11:28,11.31,0xff,0xa9,0xff,0x4b,0x04,0x6b,"ff a9 ff 4b 04 6b 00 00"
2025-10-25 10:11:28,11.43,0xff,0xaf,0xff,0x4b,0x04,0x77,"ff af ff 4b 04 77 00 00"
2025-10-25 10:11:28,11.5,0xff,0xaf,0xff,0x4b,0x04,0x7e,"ff af ff 4b 04 7e 00 00"
2025-10-25 10:11:28,11.62,0xff,0xaf,0xff,0x4b,0x04,0x8a,"ff af ff 4b 04 8a 00 00"
2025-10-25 10:11:28,11.75,0xff,0xaf,0xff,0x4b,0x04,0x97,"ff af ff 4b 04 97 00 00"
2025-10-25 10:11:28,11.87,0xff,0xaf,0xff,0x4b,0x04,0xa3,"ff af ff 4b 04 a3 00 00"
2025-10-25 10:11:28,11.93,0xff,0xaf,0xff,0x4b,0x04,0xa9,"ff af ff 4b 04 a9 00 00"
2025-10-25 10:11:28,12.06,0xff,0xaf,0xff,0x4b,0x04,0xb6,"ff af ff 4b 04 b6 00 00"
2025-10-25 10:11:28,12.12,0xff,0xaf,0xff,0x4b,0x04,0xbc,"ff af ff 4b 04 bc 00 00"
2025-10-25 10:11:28,12.25,0xff,0xaf,0xff,0x4b,0x04,0xc9,"ff af ff 4b 04 c9 00 00"
2025-10-25 10:11:28,12.31,0xff,0xaf,0xff,0x4b,0x04,0xcf,"ff af ff 4b 04 cf 00 00"
2025-10-25 10:11:28,12.37,0xff,0xaf,0xff,0x4b,0x04,0xd5,"ff af ff 4b 04 d5 00 00"
2025-10-25 10:11:28,12.5,0xff,0xaf,0xff,0x4b,0x04,0xe2,"ff af ff 4b 04 e2 00 00"
2025-10-25 10:11:28,12.56,0xff,0xaf,0xff,0x4b,0x04,0xe8,"ff af ff 4b 04 e8 00 00"
2025-10-25 10:11:28,12.62,0xff,0xaf,0xff,0x4b,0x04,0xee,"ff af ff 4b 04 ee 00 00"
2025-10-25 10:11:28,12.75,0xff,0xaf,0xff,0x4b,0x04,0xfb,"ff af ff 4b 04 fb 00 00"
2025-10-25 10:11:28,12.75,0xff,0xaf,0xff,0x4b,0x04,0xfb,"ff af ff 4b 04 fb 00 00"
2025-10-25 10:11:28,12.87,0xff,0xaf,0xff,0x4b,0x05,0x07,"ff af ff 4b 05 07 00 00"
2025-10-25 10:11:28,12.9,0xff,0xaf,0xff,0x4b,0x05,0x0a,"ff af ff 4b 05 0a 00 00"
2025-10-25 10:11:28,13.06,0xff,0xaf,0xff,0x4b,0x05,0x1a,"ff af ff 4b 05 1a 00 00"
2025-10-25 10:11:28,13.18,0xff,0xaf,0xff,0x4b,0x05,0x26,"ff af ff 4b 05 26 00 00"
2025-10-25 10:11:28,13.25,0xff,0xaf,0xff,0x4b,0x05,0x2d,"ff af ff 4b 05 2d 00 00"
2025-10-25 10:11:28,13.37,0xff,0xb5,0xff,0x4b,0x05,0x39,"ff b5 ff 4b 05 39 00 00"
2025-10-25 10:11:28,13.43,0xff,0xb5,0xff,0x4b,0x05,0x3f,"ff b5 ff 4b 05 3f 00 00"
2025-10-25 10:11:28,13.56,0xff,0xb5,0xff,0x4b,0x05,0x4c,"ff b5 ff 4b 05 4c 00 00"
2025-10-25 10:11:28,13.68,0xff,0xb5,0xff,0x4b,0x05,0x58,"ff b5 ff 4b 05 58 00 00"
2025-10-25 10:11:28,13.75,0xff,0xb5,0xff,0x4b,0x05,0x5f,"ff b5 ff 4b 05 5f 00 00"
2025-10-25 10:11:28,13.87,0xff,0xb5,0xff,0x4b,0x05,0x6b,"ff b5 ff 4b 05 6b 00 00"
2025-10-25 10:11:28,13.93,0xff,0xb5,0xff,0x4b,0x05,0x71,"ff b5 ff 4b 05 71 00 00"
2025-10-25 10:11:28,14.06,0xff,0xb5,0xff,0x4b,0x05,0x7e,"ff b5 ff 4b 05 7e 00 00"
2025-10-25 10:11:28,14.12,0xff,0xb5,0xff,0x4b,0x05,0x84,"ff b5 ff 4b 05 84 00 00"
2025-10-25 10:11:28,14.18,0xff,0xb5,0xff,0x4b,0x05,0x8a,"ff b5 ff 4b 05 8a 00 00"
2025-10-25 10:11:29,14.25,0xff,0xb5,0xff,0x4b,0x05,0x91,"ff b5 ff 4b 05 91 00 00"
2025-10-25 10:11:29,14.37,0xff,0xb5,0xff,0x4b,0x05,0x9d,"ff b5 ff 4b 05 9d 00 00"
2025-10-25 10:11:29,14.5,0xff,0xb5,0xff,0x4b,0x05,0xaa,"ff b5 ff 4b 05 aa 00 00"
2025-10-25 10:11:29,14.5,0xff,0xb5,0xff,0x4b,0x05,0xaa,"ff b5 ff 4b 05 aa 00 00"
2025-10-25 10:11:29,14.62,0xff,0xb5,0xff,0x4b,0x05,0xb6,"ff b5 ff 4b 05 b6 00 00"
2025-10-25 10:11:29,14.68,0xff,0xb5,0xff,0x4b,0x05,0xbc,"ff b5 ff 4b 05 bc 00 00"
2025-10-25 10:11:29,14.81,0xff,0xb5,0xff,0x4b,0x05,0xc9,"ff b5 ff 4b 05 c9 00 00"
2025-10-25 10:11:29,14.87,0xff,0xb5,0xff,0x4b,0x05,0xcf,"ff b5 ff 4b 05 cf 00 00"
2025-10-25 10:11:29,14.93,0xff,0xb5,0xff,0x4b,0x05,0xd5,"ff b5 ff 4b 05 d5 00 00"
2025-10-25 10:11:29,15,0xff,0xb5,0xff,0x4b,0x05,0xdc,"ff b5 ff 4b 05 dc 00 00"
2025-10-25 10:11:29,15.06,0xff,0xb5,0xff,0x4b,0x05,0xe2,"ff b5 ff 4b 05 e2 00 00"
2025-10-25 10:11:29,15.12,0xff,0xb5,0xff,0x4b,0x05,0xe8,"ff b5 ff 4b 05 e8 00 00"
2025-10-25 10:11:29,15.18,0xff,0xbc,0xff,0x4b,0x05,0xee,"ff bc ff 4b 05 ee 00 00"
2025-10-25 10:11:29,15.25,0xff,0xbc,0xff,0x4b,0x05,0xf5,"ff bc ff 4b 05 f5 00 00"
2025-10-25 10:11:29,15.31,0xff,0xbc,0xff,0x4b,0x05,0xfb,"ff bc ff 4b 05 fb 00 00"
2025-10-25 10:11:29,15.43,0xff,0xbc,0xff,0x4b,0x06,0x07,"ff bc ff 4b 06 07 00 00"
2025-10-25 10:11:29,15.5,0xff,0xbc,0xff,0x45,0x06,0x0e,"ff bc ff 45 06 0e 00 00"
2025-10-25 10:11:29,15.56,0xff,0xbc,0xff,0x45,0x06,0x14,"ff bc ff 45 06 14 00 00"
2025-10-25 10:11:29,15.68,0xff,0xbc,0xff,0x45,0x06,0x20,"ff bc ff 45 06 20 00 00"
2025-10-25 10:11:29,15.75,0xff,0xbc,0xff,0x45,0x06,0x27,"ff bc ff 45 06 27 00 00"
2025-10-25 10:11:29,15.81,0xff,0xbc,0xff,0x45,0x06,0x2d,"ff bc ff 45 06 2d 00 00"
2025-10-25 10:11:29,15.87,0xff,0xbc,0xff,0x45,0x06,0x33,"ff bc ff 45 06 33 00 00"
2025-10-25 10:11:29,16,0xff,0xbc,0xff,0x45,0x06,0x40,"ff bc ff 45 06 40 00 00"
2025-10-25 10:11:29,16.06,0xff,0xbc,0xff,0x45,0x06,0x46,"ff bc ff 45 06 46 00 00"
2025-10-25 10:11:29,16.12,0xff,0xbc,0xff,0x45,0x06,0x4c,"ff bc ff 45 06 4c 00 00"
2025-10-25 10:11:29,16.18,0xff,0xbc,0xff,0x45,0x06,0x52,"ff bc ff 45 06 52 00 00"
2025-10-25 10:11:29,16.31,0xff,0xbc,0xff,0x45,0x06,0x5f,"ff bc ff 45 06 5f 00 00"
2025-10-25 10:11:29,16.37,0xff,0xbc,0xff,0x45,0x06,0x65,"ff bc ff 45 06 65 00 00"
2025-10-25 10:11:29,16.43,0xff,0xbc,0xff,0x45,0x06,0x6b,"ff bc ff 45 06 6b 00 00"
2025-10-25 10:11:29,16.43,0xff,0xbc,0xff,0x45,0x06,0x6b,"ff bc ff 45 06 6b 00 00"
2025-10-25 10:11:29,16.56,0xff,0xbc,0xff,0x45,0x06,0x78,"ff bc ff 45 06 78 00 00"
2025-10-25 10:11:29,16.56,0xff,0xbc,0xff,0x45,0x06,0x78,"ff bc ff 45 06 78 00 00"
2025-10-25 10:11:29,16.62,0xff,0xbc,0xff,0x45,0x06,0x7e,"ff bc ff 45 06 7e 00 00"
2025-10-25 10:11:29,16.68,0xff,0xbc,0xff,0x45,0x06,0x84,"ff bc ff 45 06 84 00 00"
2025-10-25 10:11:30,16.68,0xff,0xbc,0xff,0x45,0x06,0x84,"ff bc ff 45 06 84 00 00"
2025-10-25 10:11:30,16.75,0xff,0xbc,0xff,0x45,0x06,0x8b,"ff bc ff 45 06 8b 00 00"
2025-10-25 10:11:30,16.81,0xff,0xbc,0xff,0x45,0x06,0x91,"ff bc ff 45 06 91 00 00"
2025-10-25 10:11:30,16.81,0xff,0xbc,0xff,0x45,0x06,0x91,"ff bc ff 45 06 91 00 00"
2025-10-25 10:11:30,16.87,0xff,0xbc,0xff,0x45,0x06,0x97,"ff bc ff 45 06 97 00 00"
2025-10-25 10:11:30,16.93,0xff,0xbc,0xff,0x45,0x06,0x9d,"ff bc ff 45 06 9d 00 00"
2025-10-25 10:11:30,17,0xff,0xbc,0xff,0x45,0x06,0xa4,"ff bc ff 45 06 a4 00 00"
2025-10-25 10:11:30,17.06,0xff,0xbc,0xff,0x45,0x06,0xaa,"ff bc ff 45 06 aa 00 00"
2025-10-25 10:11:30,17.12,0xff,0xc2,0xff,0x45,0x06,0xb0,"ff c2 ff 45 06 b0 00 00"
2025-10-25 10:11:30,17.18,0xff,0xc2,0xff,0x45,0x06,0xb6,"ff c2 ff 45 06 b6 00 00"
2025-10-25 10:11:30,17.31,0xff,0xc2,0xff,0x45,0x06,0xc3,"ff c2 ff 45 06 c3 00 00"
2025-10-25 10:11:30,17.31,0xff,0xc2,0xff,0x45,0x06,0xc3,"ff c2 ff 45 06 c3 00 00"
2025-10-25 10:11:30,17.37,0xff,0xc2,0xff,0x45,0x06,0xc9,"ff c2 ff 45 06 c9 00 00"
2025-10-25 10:11:30,17.5,0xff,0xc2,0xff,0x45,0x06,0xd6,"ff c2 ff 45 06 d6 00 00"
2025-10-25 10:11:30,17.56,0xff,0xc2,0xff,0x45,0x06,0xdc,"ff c2 ff 45 06 dc 00 00"
2025-10-25 10:11:30,17.62,0xff,0xc2,0xff,0x45,0x06,0xe2,"ff c2 ff 45 06 e2 00 00"
2025-10-25 10:11:30,17.68,0xff,0xc2,0xff,0x45,0x06,0xe8,"ff c2 ff 45 06 e8 00 00"
2025-10-25 10:11:30,17.75,0xff,0xc2,0xff,0x45,0x06,0xef,"ff c2 ff 45 06 ef 00 00"
2025-10-25 10:11:30,17.75,0xff,0xc2,0xff,0x45,0x06,0xef,"ff c2 ff 45 06 ef 00 00"
2025-10-25 10:11:30,17.81,0xff,0xc2,0xff,0x45,0x06,0xf5,"ff c2 ff 45 06 f5 00 00"
2025-10-25 10:11:30,17.87,0xff,0xc2,0xff,0x45,0x06,0xfb,"ff c2 ff 45 06 fb 00 00"
2025-10-25 10:11:30,17.93,0xff,0xc2,0xff,0x45,0x07,0x01,"ff c2 ff 45 07 01 00 00"
2025-10-25 10:11:30,18,0xff,0xc2,0xff,0x45,0x07,0x08,"ff c2 ff 45 07 08 00 00"
2025-10-25 10:11:30,18.06,0xff,0xc2,0xff,0x45,0x07,0x0e,"ff c2 ff 45 07 0e 00 00"
2025-10-25 10:11:30,18.06,0xff,0xc2,0xff,0x45,0x07,0x0e,"ff c2 ff 45 07 0e 00 00"
2025-10-25 10:11:30,18.12,0xff,0xc2,0xff,0x45,0x07,0x14,"ff c2 ff 45 07 14 00 00"
2025-10-25 10:11:30,18.18,0xff,0xc2,0xff,0x45,0x07,0x1a,"ff c2 ff 45 07 1a 00 00"
2025-10-25 10:11:30,18.18,0xff,0xc2,0xff,0x45,0x07,0x1a,"ff c2 ff 45 07 1a 00 00"
2025-10-25 10:11:30,18.25,0xff,0xc2,0xff,0x45,0x07,0x21,"ff c2 ff 45 07 21 00 00"
2025-10-25 10:11:30,18.25,0xff,0xc2,0xff,0x45,0x07,0x21,"ff c2 ff 45 07 21 00 00"
2025-10-25 10:11:30,18.31,0xff,0xc2,0xff,0x45,0x07,0x27,"ff c2 ff 45 07 27 00 00"
2025-10-25 10:11:30,18.31,0xff,0xc2,0xff,0x45,0x07,0x27,"ff c2 ff 45 07 27 00 00"
2025-10-25 10:11:30,18.31,0xff,0xc2,0xff,0x45,0x07,0x27,"ff c2 ff 45 07 27 00 00"
2025-10-25 10:11:30,18.37,0xff,0xc2,0xff,0x45,0x07,0x2d,"ff c2 ff 45 07 2d 00 00"
2025-10-25 10:11:30,18.37,0xff,0xc2,0xff,0x45,0x07,0x2d,"ff c2 ff 45 07 2d 00 00"
2025-10-25 10:11:31,18.37,0xff,0xc2,0xff,0x45,0x07,0x2d,"ff c2 ff 45 07 2d 00 00"
2025-10-25 10:11:31,18.37,0xff,0xc2,0xff,0x45,0x07,0x2d,"ff c2 ff 45 07 2d 00 00"
2025-10-25 10:11:31,18.37,0xff,0xc2,0xff,0x45,0x07,0x2d,"ff c2 ff 45 07 2d 00 00"
2025-10-25 10:11:31,18.37,0xff,0xc2,0xff,0x45,0x07,0x2d,"ff c2 ff 45 07 2d 00 00"
2025-10-25 10:11:31,18.37,0xff,0xc2,0xff,0x45,0x07,0x2d,"ff c2 ff 45 07 2d 00 00"
2025-10-25 10:11:31,18.37,0xff,0xc2,0xff,0x45,0x07,0x2d,"ff c2 ff 45 07 2d 00 00"
2025-10-25 10:11:31,18.37,0xff,0xc2,0xff,0x45,0x07,0x2d,"ff c2 ff 45 07 2d 00 00"
2025-10-25 10:11:31,18.37,0xff,0xc2,0xff,0x45,0x07,0x2d,"ff c2 ff 45 07 2d 00 00"
2025-10-25 10:11:31,18.37,0xff,0xc2,0xff,0x45,0x07,0x2d,"ff c2 ff 45 07 2d 00 00"
2025-10-25 10:11:31,18.37,0xff,0xc2,0xff,0x45,0x07,0x2d,"ff c2 ff 45 07 2d 00 00"
2025-10-25 10:11:31,18.43,0xff,0xc2,0xff,0x45,0x07,0x33,"ff c2 ff 45 07 33 00 00"
2025-10-25 10:11:31,18.43,0xff,0xc2,0xff,0x45,0x07,0x33,"ff c2 ff 45 07 33 00 00"
2025-10-25 10:11:31,18.43,0xff,0xc2,0xff,0x45,0x07,0x33,"ff c2 ff 45 07 33 00 00"
2025-10-25 10:11:31,18.43,0xff,0xc2,0xff,0x45,0x07,0x33,"ff c2 ff 45 07 33 00 00"
2025-10-25 10:11:31,18.43,0xff,0xc2,0xff,0x45,0x07,0x33,"ff c2 ff 45 07 33 00 00"
2025-10-25 10:11:31,18.43,0xff,0xc2,0xff,0x45,0x07,0x33,"ff c2 ff 45 07 33 00 00"
2025-10-25 10:11:31,18.43,0xff,0xc2,0xff,0x45,0x07,0x33,"ff c2 ff 45 07 33 00 00"
2025-10-25 10:11:31,18.43,0xff,0xc2,0xff,0x45,0x07,0x33,"ff c2 ff 45 07 33 00 00"
2025-10-25 10:11:31,18.43,0xff,0xc2,0xff,0x45,0x07,0x33,"ff c2 ff 45 07 33 00 00"
2025-10-25 10:11:31,18.43,0xff,0xc2,0xff,0x45,0x07,0x33,"ff c2 ff 45 07 33 00 00"
2025-10-25 10:11:31,18.43,0xff,0xc2,0xff,0x45,0x07,0x33,"ff c2 ff 45 07 33 00 00"
2025-10-25 10:11:31,18.5,0xff,0xc2,0xff,0x45,0x07,0x3a,"ff c2 ff 45 07 3a 00 00"
2025-10-25 10:11:31,18.5,0xff,0xc2,0xff,0x45,0x07,0x3a,"ff c2 ff 45 07 3a 00 00"
2025-10-25 10:11:31,18.5,0xff,0xc2,0xff,0x45,0x07,0x3a,"ff c2 ff 45 07 3a 00 00"
2025-10-25 10:11:31,18.5,0xff,0xc2,0xff,0x45,0x07,0x3a,"ff c2 ff 45 07 3a 00 00"
2025-10-25 10:11:31,18.5,0xff,0xc2,0xff,0x45,0x07,0x3a,"ff c2 ff 45 07 3a 00 00"
2025-10-25 10:11:31,18.5,0xff,0xc2,0xff,0x45,0x07,0x3a,"ff c2 ff 45 07 3a 00 00"
2025-10-25 10:11:31,18.5,0xff,0xc2,0xff,0x45,0x07,0x3a,"ff c2 ff 45 07 3a 00 00"
2025-10-25 10:11:31,18.5,0xff,0xc2,0xff,0x45,0x07,0x3a,"ff c2 ff 45 07 3a 00 00"
2025-10-25 10:11:31,18.5,0xff,0xc2,0xff,0x45,0x07,0x3a,"ff c2 ff 45 07 3a 00 00"
2025-10-25 10:11:31,18.5,0xff,0xc2,0xff,0x45,0x07,0x3a,"ff c2 ff 45 07 3a 00 00"
2025-10-25 10:11:31,18.5,0xff,0xc2,0xff,0x45,0x07,0x3a,"ff c2 ff 45 07 3a 00 00"
2025-10-25 10:11:31,18.5,0xff,0xc2,0xff,0x45,0x07,0x3a,"ff c2 ff 45 07 3a 00 00"
2025-10-25 10:11:31,18.5,0xff,0xc2,0xff,0x45,0x07,0x3a,"ff c2 ff 45 07 3a 00 00"
2025-10-25 10:11:32,18.5,0xff,0xc2,0xff,0x45,0x07,0x3a,"ff c2 ff 45 07 3a 00 00"
2025-10-25 10:11:32,18.5,0xff,0xc2,0xff,0x45,0x07,0x3a,"ff c2 ff 45 07 3a 00 00"
2025-10-25 10:11:32,18.5,0xff,0xc2,0xff,0x45,0x07,0x3a,"ff c2 ff 45 07 3a 00 00"
2025-10-25 10:11:32,18.5,0xff,0xc2,0xff,0x45,0x07,0x3a,"ff c2 ff 45 07 3a 00 00"
2025-10-25 10:11:32,18.5,0xff,0xc2,0xff,0x45,0x07,0x3a,"ff c2 ff 45 07 3a 00 00"
2025-10-25 10:11:32,18.5,0xff,0xc2,0xff,0x45,0x07,0x3a,"ff c2 ff 45 07 3a 00 00"
2025-10-25 10:11:32,18.5,0xff,0xc2,0xff,0x45,0x07,0x3a,"ff c2 ff 45 07 3a 00 00"
2025-10-25 10:11:32,18.5,0xff,0xc2,0xff,0x45,0x07,0x3a,"ff c2 ff 45 07 3a 00 00"
2025-10-25 10:11:32,18.5,0xff,0xc2,0xff,0x45,0x07,0x3a,"ff c2 ff 45 07 3a 00 00"
2025-10-25 10:11:32,18.5,0xff,0xc2,0xff,0x45,0x07,0x3a,"ff c2 ff 45 07 3a 00 00"
2025-10-25 10:11:32,18.43,0xff,0xc2,0xff,0x45,0x07,0x33,"ff c2 ff 45 07 33 00 00"
2025-10-25 10:11:32,18.43,0xff,0xc2,0xff,0x45,0x07,0x33,"ff c2 ff 45 07 33 00 00"
2025-10-25 10:11:32,18.43,0xff,0xc2,0xff,0x45,0x07,0x33,"ff c2 ff 45 07 33 00 00"
2025-10-25 10:11:32,18.43,0xff,0xc2,0xff,0x45,0x07,0x33,"ff c2 ff 45 07 33 00 00"
2025-10-25 10:11:32,18.43,0xff,0xc2,0xff,0x45,0x07,0x33,"ff c2 ff 45 07 33 00 00"
2025-10-25 10:11:32,18.43,0xff,0xc2,0xff,0x45,0x07,0x33,"ff c2 ff 45 07 33 00 00"
2025-10-25 10:11:32,18.43,0xff,0xc2,0xff,0x45,0x07,0x33,"ff c2 ff 45 07 33 00 00"
2025-10-25 10:11:32,18.43,0xff,0xc2,0xff,0x45,0x07,0x33,"ff c2 ff 45 07 33 00 00"
2025-10-25 10:11:32,18.43,0xff,0xc2,0xff,0x45,0x07,0x33,"ff c2 ff 45 07 33 00 00"
2025-10-25 10:11:32,18.43,0xff,0xc2,0xff,0x45,0x07,0x33,"ff c2 ff 45 07 33 00 00"
2025-10-25 10:11:32,18.43,0xff,0xc2,0xff,0x45,0x07,0x33,"ff c2 ff 45 07 33 00 00"
2025-10-25 10:11:32,18.43,0xff,0xc2,0xff,0x45,0x07,0x33,"ff c2 ff 45 07 33 00 00"
2025-10-25 10:11:32,18.43,0xff,0xc2,0xff,0x45,0x07,0x33,"ff c2 ff 45 07 33 00 00"
2025-10-25 10:11:32,18.43,0xff,0xc2,0xff,0x45,0x07,0x33,"ff c2 ff 45 07 33 00 00"
2025-10-25 10:11:32,18.43,0xff,0xc2,0xff,0x45,0x07,0x33,"ff c2 ff 45 07 33 00 00"
2025-10-25 10:11:32,18.43,0xff,0xc2,0xff,0x45,0x07,0x33,"ff c2 ff 45 07 33 00 00"
2025-10-25 10:11:32,18.43,0xff,0xc2,0xff,0x45,0x07,0x33,"ff c2 ff 45 07 33 00 00"
2025-10-25 10:11:32,18.43,0xff,0xc2,0xff,0x45,0x07,0x33,"ff c2 ff 45 07 33 00 00"
2025-10-25 10:11:32,18.43,0xff,0xc2,0xff,0x45,0x07,0x33,"ff c2 ff 45 07 33 00 00"
2025-10-25 10:11:32,18.37,0xff,0xc2,0xff,0x45,0x07,0x2d,"ff c2 ff 45 07 2d 00 00"
2025-10-25 10:11:32,18.37,0xff,0xc2,0xff,0x45,0x07,0x2d,"ff c2 ff 45 07 2d 00 00"
2025-10-25 10:11:32,18.37,0xff,0xc2,0xff,0x45,0x07,0x2d,"ff c2 ff 45 07 2d 00 00"
2025-10-25 10:11:32,18.37,0xff,0xc2,0xff,0x45,0x07,0x2d,"ff c2 ff 45 07 2d 00 00"
2025-10-25 10:11:32,18.37,0xff,0xc2,0xff,0x45,0x07,0x2d,"ff c2 ff 45 07 2d 00 00"
2025-10-25 10:11:33,18.37,0xff,0xc2,0xff,0x45,0x07,0x2d,"ff c2 ff 45 07 2d 00 00"
2025-10-25 10:11:33,18.37,0xff,0xc2,0xff,0x45,0x07,0x2d,"ff c2 ff 45 07 2d 00 00"
2025-10-25 10:11:33,18.37,0xff,0xc2,0xff,0x45,0x07,0x2d,"ff c2 ff 45 07 2d 00 00"
2025-10-25 10:11:33,18.37,0xff,0xc2,0xff,0x45,0x07,0x2d,"ff c2 ff 45 07 2d 00 00"
2025-10-25 10:11:33,18.37,0xff,0xc2,0xff,0x45,0x07,0x2d,"ff c2 ff 45 07 2d 00 00"
2025-10-25 10:11:33,18.37,0xff,0xc2,0xff,0x45,0x07,0x2d,"ff c2 ff 45 07 2d 00 00"
2025-10-25 10:11:33,18.37,0xff,0xc2,0xff,0x45,0x07,0x2d,"ff c2 ff 45 07 2d 00 00"
2025-10-25 10:11:33,18.37,0xff,0xc2,0xff,0x45,0x07,0x2d,"ff c2 ff 45 07 2d 00 00"
2025-10-25 10:11:33,18.37,0xff,0xc2,0xff,0x45,0x07,0x2d,"ff c2 ff 45 07 2d 00 00"
2025-10-25 10:11:33,18.37,0xff,0xc2,0xff,0x45,0x07,0x2d,"ff c2 ff 45 07 2d 00 00"
2025-10-25 10:11:33,18.37,0xff,0xc2,0xff,0x45,0x07,0x2d,"ff c2 ff 45 07 2d 00 00"
2025-10-25 10:11:33,18.37,0xff,0xc2,0xff,0x45,0x07,0x2d,"ff c2 ff 45 07 2d 00 00"
2025-10-25 10:11:33,18.37,0xff,0xc2,0xff,0x45,0x07,0x2d,"ff c2 ff 45 07 2d 00 00"
2025-10-25 10:11:33,18.37,0xff,0xc2,0xff,0x45,0x07,0x2d,"ff c2 ff 45 07 2d 00 00"
2025-10-25 10:11:33,18.37,0xff,0xc2,0xff,0x45,0x07,0x2d,"ff c2 ff 45 07 2d 00 00"
2025-10-25 10:11:33,18.43,0xff,0xc2,0xff,0x45,0x07,0x33,"ff c2 ff 45 07 33 00 00"
2025-10-25 10:11:33,18.43,0xff,0xc2,0xff,0x45,0x07,0x33,"ff c2 ff 45 07 33 00 00"
2025-10-25 10:11:33,18.43,0xff,0xc2,0xff,0x45,0x07,0x33,"ff c2 ff 45 07 33 00 00"
2025-10-25 10:11:33,18.43,0xff,0xc2,0xff,0x45,0x07,0x33,"ff c2 ff 45 07 33 00 00"
2025-10-25 10:11:33,18.43,0xff,0xc2,0xff,0x45,0x07,0x33,"ff c2 ff 45 07 33 00 00"
2025-10-25 10:11:33,18.43,0xff,0xc2,0xff,0x45,0x07,0x33,"ff c2 ff 45 07 33 00 00"
2025-10-25 10:11:33,18.43,0xff,0xc2,0xff,0x45,0x07,0x33,"ff c2 ff 45 07 33 00 00"
2025-10-25 10:11:33,18.5,0xff,0xc2,0xff,0x45,0x07,0x3a,"ff c2 ff 45 07 3a 00 00"
2025-10-25 10:11:33,18.56,0xff,0xc2,0xff,0x45,0x07,0x40,"ff c2 ff 45 07 40 00 00"
2025-10-25 10:11:33,18.56,0xff,0xc2,0xff,0x45,0x07,0x40,"ff c2 ff 45 07 40 00 00"
2025-10-25 10:11:33,18.62,0xff,0xc2,0xff,0x45,0x07,0x46,"ff c2 ff 45 07 46 00 00"
2025-10-25 10:11:33,18.68,0xff,0xc2,0xff,0x45,0x07,0x4c,"ff c2 ff 45 07 4c 00 00"
2025-10-25 10:11:33,18.68,0xff,0xc2,0xff,0x45,0x07,0x4c,"ff c2 ff 45 07 4c 00 00"
2025-10-25 10:11:33,18.75,0xff,0xc2,0xff,0x45,0x07,0x53,"ff c2 ff 45 07 53 00 00"
2025-10-25 10:11:33,18.81,0xff,0xc2,0xff,0x45,0x07,0x59,"ff c2 ff 45 07 59 00 00"
2025-10-25 10:11:33,18.87,0xff,0xc2,0xff,0x45,0x07,0x5f,"ff c2 ff 45 07 5f 00 00"
2025-10-25 10:11:33,18.93,0xff,0xc2,0xff,0x45,0x07,0x65,"ff c2 ff 45 07 65 00 00"
2025-10-25 10:11:33,19,0xff,0xc8,0xff,0x45,0x07,0x6c,"ff c8 ff 45 07 6c 00 00"
2025-10-25 10:11:33,19.06,0xff,0xc8,0xff,0x45,0x07,0x72,"ff c8 ff 45 07 72 00 00"
2025-10-25 10:11:34,19.12,0xff,0xc8,0xff,0x45,0x07,0x78,"ff c8 ff 45 07 78 00 00"
2025-10-25 10:11:34,19.18,0xff,0xc8,0xff,0x45,0x07,0x7e,"ff c8 ff 45 07 7e 00 00"
2025-10-25 10:11:34,19.25,0xff,0xc8,0xff,0x45,0x07,0x85,"ff c8 ff 45 07 85 00 00"
2025-10-25 10:11:34,19.31,0xff,0xc8,0xff,0x45,0x07,0x8b,"ff c8 ff 45 07 8b 00 00"
2025-10-25 10:11:34,19.31,0xff,0xc8,0xff,0x45,0x07,0x8b,"ff c8 ff 45 07 8b 00 00"
2025-10-25 10:11:34,19.37,0xff,0xc8,0xff,0x45,0x07,0x91,"ff c8 ff 45 07 91 00 00"
2025-10-25 10:11:34,19.43,0xff,0xc8,0xff,0x45,0x07,0x97,"ff c8 ff 45 07 97 00 00"
2025-10-25 10:11:34,19.43,0xff,0xc8,0xff,0x45,0x07,0x97,"ff c8 ff 45 07 97 00 00"
2025-10-25 10:11:34,19.5,0xff,0xc8,0xff,0x45,0x07,0x9e,"ff c8 ff 45 07 9e 00 00"
2025-10-25 10:11:34,19.5,0xff,0xc8,0xff,0x45,0x07,0x9e,"ff c8 ff 45 07 9e 00 00"
2025-10-25 10:11:34,19.56,0xff,0xc8,0xff,0x45,0x07,0xa4,"ff c8 ff 45 07 a4 00 00"
2025-10-25 10:11:34,19.56,0xff,0xc8,0xff,0x45,0x07,0xa4,"ff c8 ff 45 07 a4 00 00"
2025-10-25 10:11:34,19.62,0xff,0xc8,0xff,0x45,0x07,0xaa,"ff c8 ff 45 07 aa 00 00"
2025-10-25 10:11:34,19.68,0xff,0xc8,0xff,0x45,0x07,0xb0,"ff c8 ff 45 07 b0 00 00"
2025-10-25 10:11:34,19.68,0xff,0xc8,0xff,0x45,0x07,0xb0,"ff c8 ff 45 07 b0 00 00"
2025-10-25 10:11:34,19.75,0xff,0xc8,0xff,0x45,0x07,0xb7,"ff c8 ff 45 07 b7 00 00"
2025-10-25 10:11:34,19.81,0xff,0xc8,0xff,0x45,0x07,0xbd,"ff c8 ff 45 07 bd 00 00"
2025-10-25 10:11:34,19.81,0xff,0xc8,0xff,0x45,0x07,0xbd,"ff c8 ff 45 07 bd 00 00"
2025-10-25 10:11:34,19.87,0xff,0xc8,0xff,0x45,0x07,0xc3,"ff c8 ff 45 07 c3 00 00"
2025-10-25 10:11:34,19.93,0xff,0xc8,0xff,0x45,0x07,0xc9,"ff c8 ff 45 07 c9 00 00"
2025-10-25 10:11:34,19.93,0xff,0xc8,0xff,0x45,0x07,0xc9,"ff c8 ff 45 07 c9 00 00"
2025-10-25 10:11:34,20,0xff,0xc8,0xff,0x45,0x07,0xd0,"ff c8 ff 45 07 d0 00 00"
2025-10-25 10:11:34,20,0xff,0xc8,0xff,0x45,0x07,0xd0,"ff c8 ff 45 07 d0 00 00"
2025-10-25 10:11:34,20.06,0xff,0xc8,0xff,0x45,0x07,0xd6,"ff c8 ff 45 07 d6 00 00"
2025-10-25 10:11:34,20.06,0xff,0xc8,0xff,0x45,0x07,0xd6,"ff c8 ff 45 07 d6 00 00"
2025-10-25 10:11:34,20.12,0xff,0xc8,0xff,0x45,0x07,0xdc,"ff c8 ff 45 07 dc 00 00"
2025-10-25 10:11:34,20.12,0xff,0xc8,0xff,0x45,0x07,0xdc,"ff c8 ff 45 07 dc 00 00"
2025-10-25 10:11:34,20.18,0xff,0xc8,0xff,0x45,0x07,0xe2,"ff c8 ff 45 07 e2 00 00"
2025-10-25 10:11:34,20.18,0xff,0xc8,0xff,0x45,0x07,0xe2,"ff c8 ff 45 07 e2 00 00"
2025-10-25 10:11:34,20.18,0xff,0xc8,0xff,0x45,0x07,0xe2,"ff c8 ff 45 07 e2 00 00"
2025-10-25 10:11:34,20.18,0xff,0xc8,0xff,0x45,0x07,0xe2,"ff c8 ff 45 07 e2 00 00"
2025-10-25 10:11:34,20.18,0xff,0xc8,0xff,0x45,0x07,0xe2,"ff c8 ff 45 07 e2 00 00"
2025-10-25 10:11:34,20.25,0xff,0xc8,0xff,0x45,0x07,0xe9,"ff c8 ff 45 07 e9 00 00"
2025-10-25 10:11:34,20.25,0xff,0xc8,0xff,0x45,0x07,0xe9,"ff c8 ff 45 07 e9 00 00"
2025-10-25 10:11:35,20.25,0xff,0xc8,0xff,0x45,0x07,0xe9,"ff c8 ff 45 07 e9 00 00"
2025-10-25 10:11:35,20.25,0xff,0xc8,0xff,0x45,0x07,0xe9,"ff c8 ff 45 07 e9 00 00"
2025-10-25 10:11:35,20.25,0xff,0xc8,0xff,0x45,0x07,0xe9,"ff c8 ff 45 07 e9 00 00"
2025-10-25 10:11:35,20.25,0xff,0xc8,0xff,0x45,0x07,0xe9,"ff c8 ff 45 07 e9 00 00"
2025-10-25 10:11:35,20.25,0xff,0xc8,0xff,0x45,0x07,0xe9,"ff c8 ff 45 07 e9 00 00"
2025-10-25 10:11:35,20.25,0xff,0xc8,0xff,0x45,0x07,0xe9,"ff c8 ff 45 07 e9 00 00"
2025-10-25 10:11:35,20.31,0xff,0xc8,0xff,0x45,0x07,0xef,"ff c8 ff 45 07 ef 00 00"
2025-10-25 10:11:35,20.31,0xff,0xc8,0xff,0x45,0x07,0xef,"ff c8 ff 45 07 ef 00 00"
2025-10-25 10:11:35,20.31,0xff,0xc8,0xff,0x45,0x07,0xef,"ff c8 ff 45 07 ef 00 00"
2025-10-25 10:11:35,20.31,0xff,0xc8,0xff,0x45,0x07,0xef,"ff c8 ff 45 07 ef 00 00"
2025-10-25 10:11:35,20.31,0xff,0xc8,0xff,0x45,0x07,0xef,"ff c8 ff 45 07 ef 00 00"
2025-10-25 10:11:35,20.31,0xff,0xc8,0xff,0x45,0x07,0xef,"ff c8 ff 45 07 ef 00 00"
2025-10-25 10:11:35,20.31,0xff,0xc8,0xff,0x45,0x07,0xef,"ff c8 ff 45 07 ef 00 00"
2025-10-25 10:11:35,20.31,0xff,0xc8,0xff,0x45,0x07,0xef,"ff c8 ff 45 07 ef 00 00"
2025-10-25 10:11:35,20.31,0xff,0xc8,0xff,0x45,0x07,0xef,"ff c8 ff 45 07 ef 00 00"
2025-10-25 10:11:35,20.31,0xff,0xc8,0xff,0x45,0x07,0xef,"ff c8 ff 45 07 ef 00 00"
2025-10-25 10:11:35,20.31,0xff,0xc8,0xff,0x45,0x07,0xef,"ff c8 ff 45 07 ef 00 00"
2025-10-25 10:11:35,20.31,0xff,0xc8,0xff,0x45,0x07,0xef,"ff c8 ff 45 07 ef 00 00"
2025-10-25 10:11:35,20.31,0xff,0xc8,0xff,0x45,0x07,0xef,"ff c8 ff 45 07 ef 00 00"
2025-10-25 10:11:35,20.31,0xff,0xc8,0xff,0x45,0x07,0xef,"ff c8 ff 45 07 ef 00 00"
2025-10-25 10:11:35,20.31,0xff,0xc8,0xff,0x45,0x07,0xef,"ff c8 ff 45 07 ef 00 00"
2025-10-25 10:11:35,20.31,0xff,0xc8,0xff,0x45,0x07,0xef,"ff c8 ff 45 07 ef 00 00"
2025-10-25 10:11:35,20.31,0xff,0xc8,0xff,0x45,0x07,0xef,"ff c8 ff 45 07 ef 00 00"
2025-10-25 10:11:35,20.31,0xff,0xc8,0xff,0x45,0x07,0xef,"ff c8 ff 45 07 ef 00 00"
2025-10-25 10:11:35,20.31,0xff,0xc8,0xff,0x45,0x07,0xef,"ff c8 ff 45 07 ef 00 00"
2025-10-25 10:11:35,20.31,0xff,0xc8,0xff,0x45,0x07,0xef,"ff c8 ff 45 07 ef 00 00"
2025-10-25 10:11:35,20.31,0xff,0xc8,0xff,0x45,0x07,0xef,"ff c8 ff 45 07 ef 00 00"
2025-10-25 10:11:35,20.31,0xff,0xc8,0xff,0x45,0x07,0xef,"ff c8 ff 45 07 ef 00 00"
2025-10-25 10:11:35,20.31,0xff,0xc8,0xff,0x45,0x07,0xef,"ff c8 ff 45 07 ef 00 00"
2025-10-25 10:11:35,20.31,0xff,0xc8,0xff,0x45,0x07,0xef,"ff c8 ff 45 07 ef 00 00"
2025-10-25 10:11:35,20.37,0xff,0xc8,0xff,0x45,0x07,0xf5,"ff c8 ff 45 07 f5 00 00"
2025-10-25 10:11:35,20.43,0xff,0xc8,0xff,0x45,0x07,0xfb,"ff c8 ff 45 07 fb 00 00"
2025-10-25 10:11:35,20.43,0xff,0xc8,0xff,0x45,0x07,0xfb,"ff c8 ff 45 07 fb 00 00"
2025-10-25 10:11:35,20.5,0xff,0xc8,0xff,0x45,0x08,0x02,"ff c8 ff 45 08 02 00 00"
2025-10-25 10:11:36,20.56,0xff,0xc8,0xff,0x45,0x08,0x08,"ff c8 ff 45 08 08 00 00"
2025-10-25 10:11:36,20.56,0xff,0xc8,0xff,0x45,0x08,0x08,"ff c8 ff 45 08 08 00 00"
2025-10-25 10:11:36,20.62,0xff,0xc8,0xff,0x45,0x08,0x0e,"ff c8 ff 45 08 0e 00 00"
2025-10-25 10:11:36,20.68,0xff,0xc8,0xff,0x45,0x08,0x14,"ff c8 ff 45 08 14 00 00"
2025-10-25 10:11:36,20.75,0xff,0xc8,0xff,0x45,0x08,0x1b,"ff c8 ff 45 08 1b 00 00"
2025-10-25 10:11:36,20.81,0xff,0xc8,0xff,0x45,0x08,0x21,"ff c8 ff 45 08 21 00 00"
2025-10-25 10:11:36,20.87,0xff,0xce,0xff,0x45,0x08,0x27,"ff ce ff 45 08 27 00 00"
2025-10-25 10:11:36,20.87,0xff,0xce,0xff,0x45,0x08,0x27,"ff ce ff 45 08 27 00 00"
2025-10-25 10:11:36,20.93,0xff,0xce,0xff,0x45,0x08,0x2d,"ff ce ff 45 08 2d 00 00"
2025-10-25 10:11:36,20.93,0xff,0xce,0xff,0x3f,0x08,0x2d,"ff ce ff 3f 08 2d 00 00"
2025-10-25 10:11:36,21,0xff,0xce,0xff,0x3f,0x08,0x34,"ff ce ff 3f 08 34 00 00"
2025-10-25 10:11:36,21,0xff,0xce,0xff,0x3f,0x08,0x34,"ff ce ff 3f 08 34 00 00"
2025-10-25 10:11:36,21.06,0xff,0xce,0xff,0x3f,0x08,0x3a,"ff ce ff 3f 08 3a 00 00"
2025-10-25 10:11:36,21.06,0xff,0xce,0xff,0x3f,0x08,0x3a,"ff ce ff 3f 08 3a 00 00"
2025-10-25 10:11:36,21.12,0xff,0xce,0xff,0x3f,0x08,0x40,"ff ce ff 3f 08 40 00 00"
2025-10-25 10:11:36,21.12,0xff,0xce,0xff,0x3f,0x08,0x40,"ff ce ff 3f 08 40 00 00"
2025-10-25 10:11:36,21.12,0xff,0xce,0xff,0x3f,0x08,0x40,"ff ce ff 3f 08 40 00 00"
2025-10-25 10:11:36,21.12,0xff,0xce,0xff,0x3f,0x08,0x40,"ff ce ff 3f 08 40 00 00"
2025-10-25 10:11:36,21.12,0xff,0xce,0xff,0x3f,0x08,0x40,"ff ce ff 3f 08 40 00 00"
2025-10-25 10:11:36,21.12,0xff,0xce,0xff,0x3f,0x08,0x40,"ff ce ff 3f 08 40 00 00"
2025-10-25 10:11:36,21.12,0xff,0xce,0xff,0x3f,0x08,0x40,"ff ce ff 3f 08 40 00 00"
2025-10-25 10:11:36,21.12,0xff,0xce,0xff,0x3f,0x08,0x40,"ff ce ff 3f 08 40 00 00"
2025-10-25 10:11:36,21.12,0xff,0xce,0xff,0x3f,0x08,0x40,"ff ce ff 3f 08 40 00 00"
2025-10-25 10:11:36,21.12,0xff,0xce,0xff,0x3f,0x08,0x40,"ff ce ff 3f 08 40 00 00"
2025-10-25 10:11:36,21.12,0xff,0xce,0xff,0x3f,0x08,0x40,"ff ce ff 3f 08 40 00 00"
2025-10-25 10:11:36,21.12,0xff,0xce,0xff,0x3f,0x08,0x40,"ff ce ff 3f 08 40 00 00"
2025-10-25 10:11:36,21.12,0xff,0xce,0xff,0x3f,0x08,0x40,"ff ce ff 3f 08 40 00 00"
2025-10-25 10:11:36,21.12,0xff,0xce,0xff,0x3f,0x08,0x40,"ff ce ff 3f 08 40 00 00"
2025-10-25 10:11:36,21.12,0xff,0xce,0xff,0x3f,0x08,0x40,"ff ce ff 3f 08 40 00 00"
2025-10-25 10:11:36,21.12,0xff,0xce,0xff,0x3f,0x08,0x40,"ff ce ff 3f 08 40 00 00"
2025-10-25 10:11:36,21.18,0xff,0xce,0xff,0x3f,0x08,0x46,"ff ce ff 3f 08 46 00 00"
2025-10-25 10:11:36,21.18,0xff,0xce,0xff,0x3f,0x08,0x46,"ff ce ff 3f 08 46 00 00"
2025-10-25 10:11:36,21.18,0xff,0xce,0xff,0x3f,0x08,0x46,"ff ce ff 3f 08 46 00 00"
2025-10-25 10:11:37,21.18,0xff,0xce,0xff,0x3f,0x08,0x46,"ff ce ff 3f 08 46 00 00"
2025-10-25 10:11:37,21.25,0xff,0xce,0xff,0x3f,0x08,0x4d,"ff ce ff 3f 08 4d 00 00"
2025-10-25 10:11:37,21.25,0xff,0xce,0xff,0x3f,0x08,0x4d,"ff ce ff 3f 08 4d 00 00"
2025-10-25 10:11:37,21.25,0xff,0xce,0xff,0x3f,0x08,0x4d,"ff ce ff 3f 08 4d 00 00"
2025-10-25 10:11:37,21.31,0xff,0xce,0xff,0x3f,0x08,0x53,"ff ce ff 3f 08 53 00 00"
2025-10-25 10:11:37,21.37,0xff,0xce,0xff,0x3f,0x08,0x59,"ff ce ff 3f 08 59 00 00"
2025-10-25 10:11:37,21.37,0xff,0xc8,0xff,0x3f,0x08,0x59,"ff c8 ff 3f 08 59 00 00"
2025-10-25 10:11:37,21.37,0xff,0xc8,0xff,0x3f,0x08,0x59,"ff c8 ff 3f 08 59 00 00"
2025-10-25 10:11:37,21.37,0xff,0xc8,0xff,0x3f,0x08,0x59,"ff c8 ff 3f 08 59 00 00"
2025-10-25 10:11:37,21.37,0xff,0xc8,0xff,0x45,0x08,0x59,"ff c8 ff 45 08 59 00 00"
2025-10-25 10:11:37,21.37,0xff,0xc8,0xff,0x45,0x08,0x59,"ff c8 ff 45 08 59 00 00"
2025-10-25 10:11:37,21.37,0xff,0xc8,0xff,0x45,0x08,0x59,"ff c8 ff 45 08 59 00 00"
2025-10-25 10:11:37,21.43,0xff,0xc8,0xff,0x45,0x08,0x5f,"ff c8 ff 45 08 5f 00 00"
2025-10-25 10:11:37,21.43,0xff,0xc8,0xff,0x45,0x08,0x5f,"ff c8 ff 45 08 5f 00 00"
2025-10-25 10:11:37,21.43,0xff,0xc8,0xff,0x45,0x08,0x5f,"ff c8 ff 45 08 5f 00 00"
2025-10-25 10:11:37,21.5,0xff,0xc8,0xff,0x45,0x08,0x66,"ff c8 ff 45 08 66 00 00"
2025-10-25 10:11:37,21.5,0xff,0xc8,0xff,0x45,0x08,0x66,"ff c8 ff 45 08 66 00 00"
2025-10-25 10:11:37,21.56,0xff,0xc8,0xff,0x45,0x08,0x6c,"ff c8 ff 45 08 6c 00 00"
2025-10-25 10:11:37,21.56,0xff,0xc8,0xff,0x45,0x08,0x6c,"ff c8 ff 45 08 6c 00 00"
2025-10-25 10:11:37,21.56,0xff,0xc8,0xff,0x45,0x08,0x6c,"ff c8 ff 45 08 6c 00 00"
2025-10-25 10:11:37,21.62,0xff,0xc8,0xff,0x45,0x08,0x72,"ff c8 ff 45 08 72 00 00"
2025-10-25 10:11:37,21.68,0xff,0xc8,0xff,0x45,0x08,0x78,"ff c8 ff 45 08 78 00 00"
2025-10-25 10:11:37,21.75,0xff,0xc8,0xff,0x45,0x08,0x7f,"ff c8 ff 45 08 7f 00 00"
2025-10-25 10:11:37,21.81,0xff,0xc8,0xff,0x45,0x08,0x85,"ff c8 ff 45 08 85 00 00"
2025-10-25 10:11:37,21.87,0xff,0xc8,0xff,0x45,0x08,0x8b,"ff c8 ff 45 08 8b 00 00"
2025-10-25 10:11:37,21.93,0xff,0xc8,0xff,0x45,0x08,0x91,"ff c8 ff 45 08 91 00 00"
2025-10-25 10:11:37,22,0xff,0xc8,0xff,0x45,0x08,0x98,"ff c8 ff 45 08 98 00 00"
2025-10-25 10:11:37,22.06,0xff,0xc8,0xff,0x45,0x08,0x9e,"ff c8 ff 45 08 9e 00 00"
2025-10-25 10:11:37,22.12,0xff,0xc8,0xff,0x45,0x08,0xa4,"ff c8 ff 45 08 a4 00 00"
2025-10-25 10:11:37,22.12,0xff,0xc8,0xff,0x45,0x08,0xa4,"ff c8 ff 45 08 a4 00 00"
2025-10-25 10:11:37,22.18,0xff,0xc8,0xff,0x45,0x08,0xaa,"ff c8 ff 45 08 aa 00 00"
2025-10-25 10:11:37,22.25,0xff,0xc8,0xff,0x45,0x08,0xb1,"ff c8 ff 45 08 b1 00 00"
2025-10-25 10:11:37,22.31,0xff,0xc8,0xff,0x4b,0x08,0xb7,"ff c8 ff 4b 08 b7 00 00"
2025-10-25 10:11:37,22.37,0xff,0xc8,0xff,0x4b,0x08,0xbd,"ff c8 ff 4b 08 bd 00 00"
2025-10-25 10:11:37,22.37,0xff,0xc8,0xff,0x4b,0x08,0xbd,"ff c8 ff 4b 08 bd 00 00"
2025-10-25 10:11:38,22.43,0xff,0xc8,0xff,0x4b,0x08,0xc3,"ff c8 ff 4b 08 c3 00 00"
2025-10-25 10:11:38,22.5,0xff,0xc8,0xff,0x4b,0x08,0xca,"ff c8 ff 4b 08 ca 00 00"
2025-10-25 10:11:38,22.5,0xff,0xc8,0xff,0x4b,0x08,0xca,"ff c8 ff 4b 08 ca 00 00"
2025-10-25 10:11:38,22.5,0xff,0xc8,0xff,0x4b,0x08,0xca,"ff c8 ff 4b 08 ca 00 00"
2025-10-25 10:11:38,22.56,0xff,0xc8,0xff,0x4b,0x08,0xd0,"ff c8 ff 4b 08 d0 00 00"
2025-10-25 10:11:38,22.62,0xff,0xc8,0xff,0x4b,0x08,0xd6,"ff c8 ff 4b 08 d6 00 00"
2025-10-25 10:11:38,22.62,0xff,0xc8,0xff,0x4b,0x08,0xd6,"ff c8 ff 4b 08 d6 00 00"
2025-10-25 10:11:38,22.68,0xff,0xc8,0xff,0x4b,0x08,0xdc,"ff c8 ff 4b 08 dc 00 00"
2025-10-25 10:11:38,22.75,0xff,0xc8,0xff,0x4b,0x08,0xe3,"ff c8 ff 4b 08 e3 00 00"
2025-10-25 10:11:38,22.75,0xff,0xc8,0xff,0x4b,0x08,0xe3,"ff c8 ff 4b 08 e3 00 00"
2025-10-25 10:11:38,22.81,0xff,0xc8,0xff,0x4b,0x08,0xe9,"ff c8 ff 4b 08 e9 00 00"
2025-10-25 10:11:38,22.87,0xff,0xc8,0xff,0x4b,0x08,0xef,"ff c8 ff 4b 08 ef 00 00"
2025-10-25 10:11:38,22.93,0xff,0xc8,0xff,0x4b,0x08,0xf5,"ff c8 ff 4b 08 f5 00 00"
2025-10-25 10:11:38,23,0xff,0xc8,0xff,0x4b,0x08,0xfc,"ff c8 ff 4b 08 fc 00 00"
2025-10-25 10:11:38,23.06,0xff,0xc8,0xff,0x4b,0x09,0x02,"ff c8 ff 4b 09 02 00 00"
2025-10-25 10:11:38,23.12,0xff,0xc8,0xff,0x4b,0x09,0x08,"ff c8 ff 4b 09 08 00 00"
2025-10-25 10:11:38,23.25,0xff,0xc8,0xff,0x4b,0x09,0x15,"ff c8 ff 4b 09 15 00 00"
2025-10-25 10:11:38,23.25,0xff,0xc8,0xff,0x4b,0x09,0x15,"ff c8 ff 4b 09 15 00 00"
2025-10-25 10:11:38,23.31,0xff,0xc8,0xff,0x4b,0x09,0x1b,"ff c8 ff 4b 09 1b 00 00"
2025-10-25 10:11:38,23.31,0xff,0xc8,0xff,0x4b,0x09,0x1b,"ff c8 ff 4b 09 1b 00 00"
2025-10-25 10:11:38,23.37,0xff,0xc8,0xff,0x4b,0x09,0x21,"ff c8 ff 4b 09 21 00 00"
2025-10-25 10:11:38,23.43,0xff,0xc8,0xff,0x4b,0x09,0x27,"ff c8 ff 4b 09 27 00 00"
2025-10-25 10:11:38,23.43,0xff,0xc8,0xff,0x4b,0x09,0x27,"ff c8 ff 4b 09 27 00 00"
2025-10-25 10:11:38,23.5,0xff,0xc8,0xff,0x4b,0x09,0x2e,"ff c8 ff 4b 09 2e 00 00"
2025-10-25 10:11:38,23.5,0xff,0xc8,0xff,0x4b,0x09,0x2e,"ff c8 ff 4b 09 2e 00 00"
2025-10-25 10:11:38,23.56,0xff,0xc8,0xff,0x4b,0x09,0x34,"ff c8 ff 4b 09 34 00 00"
2025-10-25 10:11:38,23.56,0xff,0xc8,0xff,0x4b,0x09,0x34,"ff c8 ff 4b 09 34 00 00"
2025-10-25 10:11:38,23.56,0xff,0xc8,0xff,0x4b,0x09,0x34,"ff c8 ff 4b 09 34 00 00"
2025-10-25 10:11:38,23.62,0xff,0xc8,0xff,0x4b,0x09,0x3a,"ff c8 ff 4b 09 3a 00 00"
2025-10-25 10:11:38,23.62,0xff,0xc8,0xff,0x4b,0x09,0x3a,"ff c8 ff 4b 09 3a 00 00"
2025-10-25 10:11:38,23.62,0xff,0xc8,0xff,0x4b,0x09,0x3a,"ff c8 ff 4b 09 3a 00 00"
2025-10-25 10:11:38,23.62,0xff,0xc8,0xff,0x4b,0x09,0x3a,"ff c8 ff 4b 09 3a 00 00"
2025-10-25 10:11:39,23.62,0xff,0xc8,0xff,0x4b,0x09,0x3a,"ff c8 ff 4b 09 3a 00 00"
2025-10-25 10:11:39,23.68,0xff,0xc8,0xff,0x4b,0x09,0x40,"ff c8 ff 4b 09 40 00 00"
2025-10-25 10:11:39,23.68,0xff,0xc8,0xff,0x4b,0x09,0x40,"ff c8 ff 4b 09 40 00 00"
2025-10-25 10:11:39,23.75,0xff,0xc8,0xff,0x45,0x09,0x47,"ff c8 ff 45 09 47 00 00"
2025-10-25 10:11:39,23.75,0xff,0xc8,0xff,0x45,0x09,0x47,"ff c8 ff 45 09 47 00 00"
2025-10-25 10:11:39,23.81,0xff,0xc8,0xff,0x45,0x09,0x4d,"ff c8 ff 45 09 4d 00 00"
2025-10-25 10:11:39,23.81,0xff,0xc8,0xff,0x45,0x09,0x4d,"ff c8 ff 45 09 4d 00 00"
2025-10-25 10:11:39,23.87,0xff,0xc8,0xff,0x45,0x09,0x53,"ff c8 ff 45 09 53 00 00"
2025-10-25 10:11:39,23.93,0xff,0xc8,0xff,0x45,0x09,0x59,"ff c8 ff 45 09 59 00 00"
2025-10-25 10:11:39,23.93,0xff,0xc8,0xff,0x45,0x09,0x59,"ff c8 ff 45 09 59 00 00"
2025-10-25 10:11:39,23.93,0xff,0xc8,0xff,0x45,0x09,0x59,"ff c8 ff 45 09 59 00 00"
2025-10-25 10:11:39,24,0xff,0xc8,0xff,0x45,0x09,0x60,"ff c8 ff 45 09 60 00 00"
2025-10-25 10:11:39,24.06,0xff,0xc8,0xff,0x45,0x09,0x66,"ff c8 ff 45 09 66 00 00"
2025-10-25 10:11:39,24.06,0xff,0xce,0xff,0x45,0x09,0x66,"ff ce ff 45 09 66 00 00"
2025-10-25 10:11:39,24.12,0xff,0xce,0xff,0x45,0x09,0x6c,"ff ce ff 45 09 6c 00 00"
2025-10-25 10:11:39,24.12,0xff,0xce,0xff,0x45,0x09,0x6c,"ff ce ff 45 09 6c 00 00"
2025-10-25 10:11:39,24.18,0xff,0xce,0xff,0x45,0x09,0x72,"ff ce ff 45 09 72 00 00"
2025-10-25 10:11:39,24.18,0xff,0xce,0xff,0x45,0x09,0x72,"ff ce ff 45 09 72 00 00"
2025-10-25 10:11:39,24.18,0xff,0xce,0xff,0x45,0x09,0x72,"ff ce ff 45 09 72 00 00"
2025-10-25 10:11:39,24.18,0xff,0xce,0xff,0x45,0x09,0x72,"ff ce ff 45 09 72 00 00"
2025-10-25 10:11:39,24.18,0xff,0xce,0xff,0x45,0x09,0x72,"ff ce ff 45 09 72 00 00"
2025-10-25 10:11:39,24.18,0xff,0xce,0xff,0x45,0x09,0x72,"ff ce ff 45 09 72 00 00"
2025-10-25 10:11:39,24.18,0xff,0xce,0xff,0x45,0x09,0x72,"ff ce ff 45 09 72 00 00"
2025-10-25 10:11:39,24.18,0xff,0xce,0xff,0x45,0x09,0x72,"ff ce ff 45 09 72 00 00"
2025-10-25 10:11:39,24.18,0xff,0xce,0xff,0x45,0x09,0x72,"ff ce ff 45 09 72 00 00"
2025-10-25 10:11:39,24.18,0xff,0xce,0xff,0x45,0x09,0x72,"ff ce ff 45 09 72 00 00"
2025-10-25 10:11:39,24.18,0xff,0xce,0xff,0x45,0x09,0x72,"ff ce ff 45 09 72 00 00"
2025-10-25 10:11:39,24.18,0xff,0xce,0xff,0x45,0x09,0x72,"ff ce ff 45 09 72 00 00"
2025-10-25 10:11:39,24.18,0xff,0xce,0xff,0x45,0x09,0x72,"ff ce ff 45 09 72 00 00"
2025-10-25 10:11:39,24.18,0xff,0xce,0xff,0x45,0x09,0x72,"ff ce ff 45 09 72 00 00"
2025-10-25 10:11:39,24.18,0xff,0xce,0xff,0x45,0x09,0x72,"ff ce ff 45 09 72 00 00"
2025-10-25 10:11:39,24.18,0xff,0xce,0xff,0x45,0x09,0x72,"ff ce ff 45 09 72 00 00"
2025-10-25 10:11:39,24.18,0xff,0xce,0xff,0x45,0x09,0x72,"ff ce ff 45 09 72 00 00"
2025-10-25 10:11:39,24.18,0xff,0xce,0xff,0x45,0x09,0x72,"ff ce ff 45 09 72 00 00"
2025-10-25 10:11:40,24.18,0xff,0xce,0xff,0x45,0x09,0x72,"ff ce ff 45 09 72 00 00"
2025-10-25 10:11:40,24.18,0xff,0xce,0xff,0x45,0x09,0x72,"ff ce ff 45 09 72 00 00"
2025-10-25 10:11:40,24.18,0xff,0xce,0xff,0x45,0x09,0x72,"ff ce ff 45 09 72 00 00"
2025-10-25 10:11:40,24.18,0xff,0xce,0xff,0x45,0x09,0x72,"ff ce ff 45 09 72 00 00"
2025-10-25 10:11:40,24.25,0xff,0xce,0xff,0x45,0x09,0x79,"ff ce ff 45 09 79 00 00"
2025-10-25 10:11:40,24.31,0xff,0xce,0xff,0x45,0x09,0x7f,"ff ce ff 45 09 7f 00 00"
2025-10-25 10:11:40,24.37,0xff,0xce,0xff,0x45,0x09,0x85,"ff ce ff 45 09 85 00 00"
2025-10-25 10:11:40,24.37,0xff,0xce,0xff,0x45,0x09,0x85,"ff ce ff 45 09 85 00 00"
2025-10-25 10:11:40,24.43,0xff,0xce,0xff,0x45,0x09,0x8b,"ff ce ff 45 09 8b 00 00"
2025-10-25 10:11:40,24.5,0xff,0xce,0xff,0x45,0x09,0x92,"ff ce ff 45 09 92 00 00"
2025-10-25 10:11:40,24.62,0xff,0xce,0xff,0x45,0x09,0x9e,"ff ce ff 45 09 9e 00 00"
2025-10-25 10:11:40,24.68,0xff,0xce,0xff,0x45,0x09,0xa4,"ff ce ff 45 09 a4 00 00"
2025-10-25 10:11:40,24.75,0xff,0xce,0xff,0x45,0x09,0xab,"ff ce ff 45 09 ab 00 00"
2025-10-25 10:11:40,24.75,0xff,0xce,0xff,0x45,0x09,0xab,"ff ce ff 45 09 ab 00 00"
2025-10-25 10:11:40,24.87,0xff,0xce,0xff,0x45,0x09,0xb7,"ff ce ff 45 09 b7 00 00"
2025-10-25 10:11:40,24.93,0xff,0xce,0xff,0x45,0x09,0xbd,"ff ce ff 45 09 bd 00 00"
2025-10-25 10:11:40,25,0xff,0xce,0xff,0x45,0x09,0xc4,"ff ce ff 45 09 c4 00 00"
2025-10-25 10:11:40,25,0xff,0xce,0xff,0x45,0x09,0xc4,"ff ce ff 45 09 c4 00 00"
2025-10-25 10:11:40,25.06,0xff,0xce,0xff,0x45,0x09,0xca,"ff ce ff 45 09 ca 00 00"
2025-10-25 10:11:40,25.12,0xff,0xce,0xff,0x45,0x09,0xd0,"ff ce ff 45 09 d0 00 00"
2025-10-25 10:11:40,25.12,0xff,0xce,0xff,0x45,0x09,0xd0,"ff ce ff 45 09 d0 00 00"
2025-10-25 10:11:40,25.18,0xff,0xce,0xff,0x45,0x09,0xd6,"ff ce ff 45 09 d6 00 00"
2025-10-25 10:11:40,25.25,0xff,0xce,0xff,0x45,0x09,0xdd,"ff ce ff 45 09 dd 00 00"
2025-10-25 10:11:40,25.25,0xff,0xce,0xff,0x45,0x09,0xdd,"ff ce ff 45 09 dd 00 00"
2025-10-25 10:11:40,25.25,0xff,0xce,0xff,0x45,0x09,0xdd,"ff ce ff 45 09 dd 00 00"
2025-10-25 10:11:40,25.25,0xff,0xce,0xff,0x45,0x09,0xdd,"ff ce ff 45 09 dd 00 00"
2025-10-25 10:11:40,25.25,0xff,0xce,0xff,0x45,0x09,0xdd,"ff ce ff 45 09 dd 00 00"
2025-10-25 10:11:40,25.25,0xff,0xce,0xff,0x45,0x09,0xdd,"ff ce ff 45 09 dd 00 00"
2025-10-25 10:11:40,25.18,0xff,0xce,0xff,0x45,0x09,0xd6,"ff ce ff 45 09 d6 00 00"
2025-10-25 10:11:40,25.18,0xff,0xce,0xff,0x45,0x09,0xd6,"ff ce ff 45 09 d6 00 00"
2025-10-25 10:11:40,25.18,0xff,0xce,0xff,0x45,0x09,0xd6,"ff ce ff 45 09 d6 00 00"
2025-10-25 10:11:40,25.18,0xff,0xce,0xff,0x45,0x09,0xd6,"ff ce ff 45 09 d6 00 00"
2025-10-25 10:11:40,25.12,0xff,0xce,0xff,0x45,0x09,0xd0,"ff ce ff 45 09 d0 00 00"
2025-10-25 10:11:41,25.12,0xff,0xce,0xff,0x45,0x09,0xd0,"ff ce ff 45 09 d0 00 00"
2025-10-25 10:11:41,25.06,0xff,0xce,0xff,0x45,0x09,0xca,"ff ce ff 45 09 ca 00 00"
2025-10-25 10:11:41,25.06,0xff,0xce,0xff,0x45,0x09,0xca,"ff ce ff 45 09 ca 00 00"
2025-10-25 10:11:41,25.06,0xff,0xce,0xff,0x45,0x09,0xca,"ff ce ff 45 09 ca 00 00"
2025-10-25 10:11:41,25,0xff,0xce,0xff,0x45,0x09,0xc4,"ff ce ff 45 09 c4 00 00"
2025-10-25 10:11:41,25,0xff,0xce,0xff,0x45,0x09,0xc4,"ff ce ff 45 09 c4 00 00"
2025-10-25 10:11:41,24.93,0xff,0xce,0xff,0x45,0x09,0xbd,"ff ce ff 45 09 bd 00 00"
2025-10-25 10:11:41,24.93,0xff,0xce,0xff,0x45,0x09,0xbd,"ff ce ff 45 09 bd 00 00"
2025-10-25 10:11:41,24.87,0xff,0xce,0xff,0x45,0x09,0xb7,"ff ce ff 45 09 b7 00 00"
2025-10-25 10:11:41,24.87,0xff,0xce,0xff,0x45,0x09,0xb7,"ff ce ff 45 09 b7 00 00"
2025-10-25 10:11:41,24.81,0xff,0xce,0xff,0x45,0x09,0xb1,"ff ce ff 45 09 b1 00 00"
2025-10-25 10:11:41,24.81,0xff,0xce,0xff,0x45,0x09,0xb1,"ff ce ff 45 09 b1 00 00"
2025-10-25 10:11:41,24.75,0xff,0xce,0xff,0x45,0x09,0xab,"ff ce ff 45 09 ab 00 00"
2025-10-25 10:11:41,24.75,0xff,0xce,0xff,0x45,0x09,0xab,"ff ce ff 45 09 ab 00 00"
2025-10-25 10:11:41,24.68,0xff,0xce,0xff,0x45,0x09,0xa4,"ff ce ff 45 09 a4 00 00"
2025-10-25 10:11:41,24.62,0xff,0xce,0xff,0x45,0x09,0x9e,"ff ce ff 45 09 9e 00 00"
2025-10-25 10:11:41,24.62,0xff,0xce,0xff,0x45,0x09,0x9e,"ff ce ff 45 09 9e 00 00"
2025-10-25 10:11:41,24.56,0xff,0xce,0xff,0x45,0x09,0x98,"ff ce ff 45 09 98 00 00"
2025-10-25 10:11:41,24.5,0xff,0xce,0xff,0x45,0x09,0x92,"ff ce ff 45 09 92 00 00"
2025-10-25 10:11:41,24.5,0xff,0xd5,0xff,0x45,0x09,0x92,"ff d5 ff 45 09 92 00 00"
2025-10-25 10:11:41,24.5,0xff,0xd5,0xff,0x45,0x09,0x92,"ff d5 ff 45 09 92 00 00"
2025-10-25 10:11:41,24.43,0xff,0xd5,0xff,0x45,0x09,0x8b,"ff d5 ff 45 09 8b 00 00"
2025-10-25 10:11:41,24.37,0xff,0xce,0xff,0x45,0x09,0x85,"ff ce ff 45 09 85 00 00"
2025-10-25 10:11:41,24.31,0xff,0xce,0xff,0x45,0x09,0x7f,"ff ce ff 45 09 7f 00 00"
2025-10-25 10:11:41,24.31,0xff,0xc8,0xff,0x4b,0x09,0x7f,"ff c8 ff 4b 09 7f 00 00"
2025-10-25 10:11:41,24.25,0xff,0xc8,0xff,0x4b,0x09,0x79,"ff c8 ff 4b 09 79 00 00"
2025-10-25 10:11:41,24.25,0xff,0xc8,0xff,0x4b,0x09,0x79,"ff c8 ff 4b 09 79 00 00"
2025-10-25 10:11:41,24.25,0xff,0xc8,0xff,0x4b,0x09,0x79,"ff c8 ff 4b 09 79 00 00"
2025-10-25 10:11:41,24.25,0xff,0xc8,0xff,0x4b,0x09,0x79,"ff c8 ff 4b 09 79 00 00"
2025-10-25 10:11:41,24.25,0xff,0xc8,0xff,0x4b,0x09,0x79,"ff c8 ff 4b 09 79 00 00"
2025-10-25 10:11:41,24.25,0xff,0xc8,0xff,0x4b,0x09,0x79,"ff c8 ff 4b 09 79 00 00"
2025-10-25 10:11:41,24.25,0xff,0xc8,0xff,0x4b,0x09,0x79,"ff c8 ff 4b 09 79 00 00"
2025-10-25 10:11:41,24.25,0xff,0xc8,0xff,0x4b,0x09,0x79,"ff c8 ff 4b 09 79 00 00"
2025-10-25 10:11:41,24.25,0xff,0xc8,0xff,0x4b,0x09,0x79,"ff c8 ff 4b 09 79 00 00"
2025-10-25 10:11:42,24.25,0xff,0xc8,0xff,0x4b,0x09,0x79,"ff c8 ff 4b 09 79 00 00"
2025-10-25 10:11:42,24.31,0xff,0xc8,0xff,0x4b,0x09,0x7f,"ff c8 ff 4b 09 7f 00 00"
2025-10-25 10:11:42,24.31,0xff,0xc8,0xff,0x4b,0x09,0x7f,"ff c8 ff 4b 09 7f 00 00"
2025-10-25 10:11:42,24.31,0xff,0xc8,0xff,0x4b,0x09,0x7f,"ff c8 ff 4b 09 7f 00 00"
2025-10-25 10:11:42,24.37,0xff,0xc8,0xff,0x4b,0x09,0x85,"ff c8 ff 4b 09 85 00 00"
2025-10-25 10:11:42,24.43,0xff,0xc8,0xff,0x4b,0x09,0x8b,"ff c8 ff 4b 09 8b 00 00"
2025-10-25 10:11:42,24.43,0xff,0xc8,0xff,0x4b,0x09,0x8b,"ff c8 ff 4b 09 8b 00 00"
2025-10-25 10:11:42,24.5,0xff,0xc8,0xff,0x4b,0x09,0x92,"ff c8 ff 4b 09 92 00 00"
2025-10-25 10:11:42,24.5,0xff,0xc8,0xff,0x4b,0x09,0x92,"ff c8 ff 4b 09 92 00 00"
2025-10-25 10:11:42,24.56,0xff,0xc8,0xff,0x4b,0x09,0x98,"ff c8 ff 4b 09 98 00 00"
2025-10-25 10:11:42,24.56,0xff,0xc8,0xff,0x4b,0x09,0x98,"ff c8 ff 4b 09 98 00 00"
2025-10-25 10:11:42,24.62,0xff,0xc8,0xff,0x4b,0x09,0x9e,"ff c8 ff 4b 09 9e 00 00"
2025-10-25 10:11:42,24.62,0xff,0xc8,0xff,0x4b,0x09,0x9e,"ff c8 ff 4b 09 9e 00 00"
2025-10-25 10:11:42,24.68,0xff,0xc8,0xff,0x4b,0x09,0xa4,"ff c8 ff 4b 09 a4 00 00"
2025-10-25 10:11:42,24.75,0xff,0xc8,0xff,0x4b,0x09,0xab,"ff c8 ff 4b 09 ab 00 00"
2025-10-25 10:11:42,24.81,0xff,0xc8,0xff,0x4b,0x09,0xb1,"ff c8 ff 4b 09 b1 00 00"
2025-10-25 10:11:42,24.87,0xff,0xc8,0xff,0x4b,0x09,0xb7,"ff c8 ff 4b 09 b7 00 00"
2025-10-25 10:11:42,24.87,0xff,0xc8,0xff,0x4b,0x09,0xb7,"ff c8 ff 4b 09 b7 00 00"
2025-10-25 10:11:42,24.93,0xff,0xc8,0xff,0x4b,0x09,0xbd,"ff c8 ff 4b 09 bd 00 00"
2025-10-25 10:11:42,25,0xff,0xc8,0xff,0x4b,0x09,0xc4,"ff c8 ff 4b 09 c4 00 00"
2025-10-25 10:11:42,25.06,0xff,0xc8,0xff,0x4b,0x09,0xca,"ff c8 ff 4b 09 ca 00 00"
2025-10-25 10:11:42,25.06,0xff,0xc8,0xff,0x4b,0x09,0xca,"ff c8 ff 4b 09 ca 00 00"
2025-10-25 10:11:42,25.12,0xff,0xc8,0xff,0x4b,0x09,0xd0,"ff c8 ff 4b 09 d0 00 00"
2025-10-25 10:11:42,25.18,0xff,0xc8,0xff,0x4b,0x09,0xd6,"ff c8 ff 4b 09 d6 00 00"
2025-10-25 10:11:42,25.18,0xff,0xc8,0xff,0x4b,0x09,0xd6,"ff c8 ff 4b 09 d6 00 00"
2025-10-25 10:11:42,25.25,0xff,0xc8,0xff,0x4b,0x09,0xdd,"ff c8 ff 4b 09 dd 00 00"
2025-10-25 10:11:42,25.25,0xff,0xc8,0xff,0x4b,0x09,0xdd,"ff c8 ff 4b 09 dd 00 00"
2025-10-25 10:11:42,25.31,0xff,0xc8,0xff,0x4b,0x09,0xe3,"ff c8 ff 4b 09 e3 00 00"
2025-10-25 10:11:42,25.31,0xff,0xc8,0xff,0x4b,0x09,0xe3,"ff c8 ff 4b 09 e3 00 00"
2025-10-25 10:11:42,25.37,0xff,0xc8,0xff,0x4b,0x09,0xe9,"ff c8 ff 4b 09 e9 00 00"
2025-10-25 10:11:42,25.43,0xff,0xc8,0xff,0x4b,0x09,0xef,"ff c8 ff 4b 09 ef 00 00"
2025-10-25 10:11:42,25.43,0xff,0xc8,0xff,0x4b,0x09,0xef,"ff c8 ff 4b 09 ef 00 00"
2025-10-25 10:11:42,25.5,0xff,0xc8,0xff,0x4b,0x09,0xf6,"ff c8 ff 4b 09 f6 00 00"
2025-10-25 10:11:42,25.5,0xff,0xc8,0xff,0x4b,0x09,0xf6,"ff c8 ff 4b 09 f6 00 00"
2025-10-25 10:11:43,25.56,0xff,0xc8,0xff,0x4b,0x09,0xfc,"ff c8 ff 4b 09 fc 00 00"
2025-10-25 10:11:43,25.62,0xff,0xc8,0xff,0x4b,0x0a,0x02,"ff c8 ff 4b 0a 02 00 00"
2025-10-25 10:11:43,25.62,0xff,0xc8,0xff,0x4b,0x0a,0x02,"ff c8 ff 4b 0a 02 00 00"
2025-10-25 10:11:43,25.68,0xff,0xc8,0xff,0x4b,0x0a,0x08,"ff c8 ff 4b 0a 08 00 00"
2025-10-25 10:11:43,25.75,0xff,0xc8,0xff,0x4b,0x0a,0x0f,"ff c8 ff 4b 0a 0f 00 00"
2025-10-25 10:11:43,25.81,0xff,0xc8,0xff,0x4b,0x0a,0x15,"ff c8 ff 4b 0a 15 00 00"
2025-10-25 10:11:43,25.81,0xff,0xc8,0xff,0x4b,0x0a,0x15,"ff c8 ff 4b 0a 15 00 00"
2025-10-25 10:11:43,25.87,0xff,0xc8,0xff,0x4b,0x0a,0x1b,"ff c8 ff 4b 0a 1b 00 00"
2025-10-25 10:11:43,25.93,0xff,0xc8,0xff,0x4b,0x0a,0x21,"ff c8 ff 4b 0a 21 00 00"
2025-10-25 10:11:43,26,0xff,0xc8,0xff,0x4b,0x0a,0x28,"ff c8 ff 4b 0a 28 00 00"
2025-10-25 10:11:43,26,0xff,0xc8,0xff,0x4b,0x0a,0x28,"ff c8 ff 4b 0a 28 00 00"
2025-10-25 10:11:43,26.06,0xff,0xc8,0xff,0x4b,0x0a,0x2e,"ff c8 ff 4b 0a 2e 00 00"
2025-10-25 10:11:43,26.12,0xff,0xc8,0xff,0x4b,0x0a,0x34,"ff c8 ff 4b 0a 34 00 00"
2025-10-25 10:11:43,26.12,0xff,0xc8,0xff,0x4b,0x0a,0x34,"ff c8 ff 4b 0a 34 00 00"
2025-10-25 10:11:43,26.18,0xff,0xc8,0xff,0x4b,0x0a,0x3a,"ff c8 ff 4b 0a 3a 00 00"
2025-10-25 10:11:43,26.25,0xff,0xc8,0xff,0x4b,0x0a,0x41,"ff c8 ff 4b 0a 41 00 00"
2025-10-25 10:11:43,26.31,0xff,0xc8,0xff,0x4b,0x0a,0x47,"ff c8 ff 4b 0a 47 00 00"
2025-10-25 10:11:43,26.31,0xff,0xce,0xff,0x4b,0x0a,0x47,"ff ce ff 4b 0a 47 00 00"
2025-10-25 10:11:43,26.37,0xff,0xce,0xff,0x4b,0x0a,0x4d,"ff ce ff 4b 0a 4d 00 00"
2025-10-25 10:11:43,26.43,0xff,0xce,0xff,0x4b,0x0a,0x53,"ff ce ff 4b 0a 53 00 00"
2025-10-25 10:11:43,26.43,0xff,0xce,0xff,0x4b,0x0a,0x53,"ff ce ff 4b 0a 53 00 00"
2025-10-25 10:11:43,26.5,0xff,0xce,0xff,0x4b,0x0a,0x5a,"ff ce ff 4b 0a 5a 00 00"
2025-10-25 10:11:43,26.5,0xff,0xce,0xff,0x4b,0x0a,0x5a,"ff ce ff 4b 0a 5a 00 00"
2025-10-25 10:11:43,26.56,0xff,0xce,0xff,0x4b,0x0a,0x60,"ff ce ff 4b 0a 60 00 00"
2025-10-25 10:11:43,26.56,0xff,0xce,0xff,0x4b,0x0a,0x60,"ff ce ff 4b 0a 60 00 00"
2025-10-25 10:11:43,26.62,0xff,0xce,0xff,0x4b,0x0a,0x66,"ff ce ff 4b 0a 66 00 00"
2025-10-25 10:11:43,26.62,0xff,0xce,0xff,0x4b,0x0a,0x66,"ff ce ff 4b 0a 66 00 00"
2025-10-25 10:11:43,26.62,0xff,0xce,0xff,0x4b,0x0a,0x66,"ff ce ff 4b 0a 66 00 00"
2025-10-25 10:11:43,26.62,0xff,0xce,0xff,0x4b,0x0a,0x66,"ff ce ff 4b 0a 66 00 00"
2025-10-25 10:11:43,26.62,0xff,0xce,0xff,0x4b,0x0a,0x66,"ff ce ff 4b 0a 66 00 00"
2025-10-25 10:11:43,26.62,0xff,0xce,0xff,0x4b,0x0a,0x66,"ff ce ff 4b 0a 66 00 00"
2025-10-25 10:11:43,26.62,0xff,0xce,0xff,0x4b,0x0a,0x66,"ff ce ff 4b 0a 66 00 00"
2025-10-25 10:11:43,26.62,0xff,0xce,0xff,0x4b,0x0a,0x66,"ff ce ff 4b 0a 66 00 00"
2025-10-25 10:11:43,26.62,0xff,0xce,0xff,0x4b,0x0a,0x66,"ff ce ff 4b 0a 66 00 00"
2025-10-25 10:11:44,26.62,0xff,0xce,0xff,0x4b,0x0a,0x66,"ff ce ff 4b 0a 66 00 00"
2025-10-25 10:11:44,26.62,0xff,0xce,0xff,0x4b,0x0a,0x66,"ff ce ff 4b 0a 66 00 00"
2025-10-25 10:11:44,26.62,0xff,0xce,0xff,0x4b,0x0a,0x66,"ff ce ff 4b 0a 66 00 00"
2025-10-25 10:11:44,26.62,0xff,0xce,0xff,0x4b,0x0a,0x66,"ff ce ff 4b 0a 66 00 00"
2025-10-25 10:11:44,26.62,0xff,0xce,0xff,0x4b,0x0a,0x66,"ff ce ff 4b 0a 66 00 00"
2025-10-25 10:11:44,26.62,0xff,0xce,0xff,0x4b,0x0a,0x66,"ff ce ff 4b 0a 66 00 00"
2025-10-25 10:11:44,26.68,0xff,0xce,0xff,0x4b,0x0a,0x6c,"ff ce ff 4b 0a 6c 00 00"
2025-10-25 10:11:44,26.68,0xff,0xce,0xff,0x4b,0x0a,0x6c,"ff ce ff 4b 0a 6c 00 00"
2025-10-25 10:11:44,26.68,0xff,0xce,0xff,0x4b,0x0a,0x6c,"ff ce ff 4b 0a 6c 00 00"
2025-10-25 10:11:44,26.75,0xff,0xce,0xff,0x4b,0x0a,0x73,"ff ce ff 4b 0a 73 00 00"
2025-10-25 10:11:44,26.75,0xff,0xce,0xff,0x4b,0x0a,0x73,"ff ce ff 4b 0a 73 00 00"
2025-10-25 10:11:44,26.75,0xff,0xce,0xff,0x4b,0x0a,0x73,"ff ce ff 4b 0a 73 00 00"
2025-10-25 10:11:44,26.75,0xff,0xce,0xff,0x4b,0x0a,0x73,"ff ce ff 4b 0a 73 00 00"
2025-10-25 10:11:44,26.75,0xff,0xce,0xff,0x4b,0x0a,0x73,"ff ce ff 4b 0a 73 00 00"
2025-10-25 10:11:44,26.75,0xff,0xce,0xff,0x4b,0x0a,0x73,"ff ce ff 4b 0a 73 00 00"
2025-10-25 10:11:44,26.75,0xff,0xce,0xff,0x4b,0x0a,0x73,"ff ce ff 4b 0a 73 00 00"
2025-10-25 10:11:44,26.75,0xff,0xce,0xff,0x4b,0x0a,0x73,"ff ce ff 4b 0a 73 00 00"
2025-10-25 10:11:44,26.75,0xff,0xce,0xff,0x4b,0x0a,0x73,"ff ce ff 4b 0a 73 00 00"
2025-10-25 10:11:44,26.75,0xff,0xce,0xff,0x4b,0x0a,0x73,"ff ce ff 4b 0a 73 00 00"
2025-10-25 10:11:44,26.75,0xff,0xce,0xff,0x4b,0x0a,0x73,"ff ce ff 4b 0a 73 00 00"
2025-10-25 10:11:44,26.75,0xff,0xce,0xff,0x4b,0x0a,0x73,"ff ce ff 4b 0a 73 00 00"
2025-10-25 10:11:44,26.68,0xff,0xce,0xff,0x4b,0x0a,0x6c,"ff ce ff 4b 0a 6c 00 00"
2025-10-25 10:11:44,26.68,0xff,0xce,0xff,0x4b,0x0a,0x6c,"ff ce ff 4b 0a 6c 00 00"
2025-10-25 10:11:44,26.68,0xff,0xce,0xff,0x4b,0x0a,0x6c,"ff ce ff 4b 0a 6c 00 00"
2025-10-25 10:11:44,26.62,0xff,0xce,0xff,0x4b,0x0a,0x66,"ff ce ff 4b 0a 66 00 00"
2025-10-25 10:11:44,26.62,0xff,0xce,0xff,0x4b,0x0a,0x66,"ff ce ff 4b 0a 66 00 00"
2025-10-25 10:11:44,26.62,0xff,0xce,0xff,0x4b,0x0a,0x66,"ff ce ff 4b 0a 66 00 00"
2025-10-25 10:11:44,26.62,0xff,0xce,0xff,0x4b,0x0a,0x66,"ff ce ff 4b 0a 66 00 00"
2025-10-25 10:11:44,26.56,0xff,0xce,0xff,0x4b,0x0a,0x60,"ff ce ff 4b 0a 60 00 00"
2025-10-25 10:11:44,26.56,0xff,0xce,0xff,0x4b,0x0a,0x60,"ff ce ff 4b 0a 60 00 00"
2025-10-25 10:11:44,26.5,0xff,0xce,0xff,0x4b,0x0a,0x5a,"ff ce ff 4b 0a 5a 00 00"
2025-10-25 10:11:44,26.5,0xff,0xce,0xff,0x4b,0x0a,0x5a,"ff ce ff 4b 0a 5a 00 00"
2025-10-25 10:11:44,26.43,0xff,0xce,0xff,0x4b,0x0a,0x53,"ff ce ff 4b 0a 53 00 00"
2025-10-25 10:11:44,26.43,0xff,0xce,0xff,0x4b,0x0a,0x53,"ff ce ff 4b 0a 53 00 00"
2025-10-25 10:11:45,26.37,0xff,0xce,0xff,0x4b,0x0a,0x4d,"ff ce ff 4b 0a 4d 00 00"
2025-10-25 10:11:45,26.37,0xff,0xce,0xff,0x4b,0x0a,0x4d,"ff ce ff 4b 0a 4d 00 00"
2025-10-25 10:11:45,26.31,0xff,0xce,0xff,0x4b,0x0a,0x47,"ff ce ff 4b 0a 47 00 00"
2025-10-25 10:11:45,26.31,0xff,0xc8,0xff,0x4b,0x0a,0x47,"ff c8 ff 4b 0a 47 00 00"
2025-10-25 10:11:45,26.25,0xff,0xc8,0xff,0x4b,0x0a,0x41,"ff c8 ff 4b 0a 41 00 00"
2025-10-25 10:11:45,26.18,0xff,0xc8,0xff,0x4b,0x0a,0x3a,"ff c8 ff 4b 0a 3a 00 00"
2025-10-25 10:11:45,26.18,0xff,0xc8,0xff,0x4b,0x0a,0x3a,"ff c8 ff 4b 0a 3a 00 00"
2025-10-25 10:11:45,26.12,0xff,0xc8,0xff,0x4b,0x0a,0x34,"ff c8 ff 4b 0a 34 00 00"
2025-10-25 10:11:45,26.12,0xff,0xc8,0xff,0x4b,0x0a,0x34,"ff c8 ff 4b 0a 34 00 00"
2025-10-25 10:11:45,26.06,0xff,0xc8,0xff,0x4b,0x0a,0x2e,"ff c8 ff 4b 0a 2e 00 00"
2025-10-25 10:11:45,26.06,0xff,0xc8,0xff,0x4b,0x0a,0x2e,"ff c8 ff 4b 0a 2e 00 00"
2025-10-25 10:11:45,26,0xff,0xc8,0xff,0x4b,0x0a,0x28,"ff c8 ff 4b 0a 28 00 00"
2025-10-25 10:11:45,26,0xff,0xc8,0xff,0x4b,0x0a,0x28,"ff c8 ff 4b 0a 28 00 00"
2025-10-25 10:11:45,25.93,0xff,0xc8,0xff,0x4b,0x0a,0x21,"ff c8 ff 4b 0a 21 00 00"
2025-10-25 10:11:45,25.93,0xff,0xc8,0xff,0x4b,0x0a,0x21,"ff c8 ff 4b 0a 21 00 00"
2025-10-25 10:11:45,25.87,0xff,0xc8,0xff,0x4b,0x0a,0x1b,"ff c8 ff 4b 0a 1b 00 00"
2025-10-25 10:11:45,25.87,0xff,0xc8,0xff,0x4b,0x0a,0x1b,"ff c8 ff 4b 0a 1b 00 00"
2025-10-25 10:11:45,25.87,0xff,0xc8,0xff,0x4b,0x0a,0x1b,"ff c8 ff 4b 0a 1b 00 00"
2025-10-25 10:11:45,25.81,0xff,0xc8,0xff,0x4b,0x0a,0x15,"ff c8 ff 4b 0a 15 00 00"
2025-10-25 10:11:45,25.81,0xff,0xc8,0xff,0x4b,0x0a,0x15,"ff c8 ff 4b 0a 15 00 00"
2025-10-25 10:11:45,25.81,0xff,0xc8,0xff,0x4b,0x0a,0x15,"ff c8 ff 4b 0a 15 00 00"
2025-10-25 10:11:45,25.81,0xff,0xc8,0xff,0x4b,0x0a,0x15,"ff c8 ff 4b 0a 15 00 00"
2025-10-25 10:11:45,25.81,0xff,0xc8,0xff,0x4b,0x0a,0x15,"ff c8 ff 4b 0a 15 00 00"
2025-10-25 10:11:45,25.81,0xff,0xc8,0xff,0x4b,0x0a,0x15,"ff c8 ff 4b 0a 15 00 00"
2025-10-25 10:11:45,25.81,0xff,0xc8,0xff,0x4b,0x0a,0x15,"ff c8 ff 4b 0a 15 00 00"
2025-10-25 10:11:45,25.81,0xff,0xc8,0xff,0x4b,0x0a,0x15,"ff c8 ff 4b 0a 15 00 00"
2025-10-25 10:11:45,25.81,0xff,0xc8,0xff,0x4b,0x0a,0x15,"ff c8 ff 4b 0a 15 00 00"
2025-10-25 10:11:45,25.75,0xff,0xc8,0xff,0x4b,0x0a,0x0f,"ff c8 ff 4b 0a 0f 00 00"
2025-10-25 10:11:45,25.75,0xff,0xc8,0xff,0x4b,0x0a,0x0f,"ff c8 ff 4b 0a 0f 00 00"
2025-10-25 10:11:45,25.75,0xff,0xc8,0xff,0x4b,0x0a,0x0f,"ff c8 ff 4b 0a 0f 00 00"
2025-10-25 10:11:45,25.75,0xff,0xc8,0xff,0x4b,0x0a,0x0f,"ff c8 ff 4b 0a 0f 00 00"
2025-10-25 10:11:45,25.68,0xff,0xc8,0xff,0x4b,0x0a,0x08,"ff c8 ff 4b 0a 08 00 00"
2025-10-25 10:11:45,25.68,0xff,0xc8,0xff,0x4b,0x0a,0x08,"ff c8 ff 4b 0a 08 00 00"
2025-10-25 10:11:45,25.68,0xff,0xc8,0xff,0x4b,0x0a,0x08,"ff c8 ff 4b 0a 08 00 00"
2025-10-25 10:11:45,25.62,0xff,0xc8,0xff,0x4b,0x0a,0x02,"ff c8 ff 4b 0a 02 00 00"
2025-10-25 10:11:46,25.62,0xff,0xc8,0xff,0x4b,0x0a,0x02,"ff c8 ff 4b 0a 02 00 00"
2025-10-25 10:11:46,25.62,0xff,0xc8,0xff,0x4b,0x0a,0x02,"ff c8 ff 4b 0a 02 00 00"
2025-10-25 10:11:46,25.62,0xff,0xc8,0xff,0x4b,0x0a,0x02,"ff c8 ff 4b 0a 02 00 00"
2025-10-25 10:11:46,25.62,0xff,0xc8,0xff,0x4b,0x0a,0x02,"ff c8 ff 4b 0a 02 00 00"
2025-10-25 10:11:46,25.62,0xff,0xc8,0xff,0x4b,0x0a,0x02,"ff c8 ff 4b 0a 02 00 00"
2025-10-25 10:11:46,25.62,0xff,0xc8,0xff,0x4b,0x0a,0x02,"ff c8 ff 4b 0a 02 00 00"
2025-10-25 10:11:46,25.62,0xff,0xc8,0xff,0x4b,0x0a,0x02,"ff c8 ff 4b 0a 02 00 00"
2025-10-25 10:11:46,25.62,0xff,0xc8,0xff,0x4b,0x0a,0x02,"ff c8 ff 4b 0a 02 00 00"
2025-10-25 10:11:46,25.62,0xff,0xc8,0xff,0x4b,0x0a,0x02,"ff c8 ff 4b 0a 02 00 00"
2025-10-25 10:11:46,25.62,0xff,0xc8,0xff,0x4b,0x0a,0x02,"ff c8 ff 4b 0a 02 00 00"
2025-10-25 10:11:46,25.62,0xff,0xc8,0xff,0x4b,0x0a,0x02,"ff c8 ff 4b 0a 02 00 00"
2025-10-25 10:11:46,25.62,0xff,0xc8,0xff,0x4b,0x0a,0x02,"ff c8 ff 4b 0a 02 00 00"
2025-10-25 10:11:46,25.62,0xff,0xc8,0xff,0x4b,0x0a,0x02,"ff c8 ff 4b 0a 02 00 00"
2025-10-25 10:11:46,25.62,0xff,0xc8,0xff,0x4b,0x0a,0x02,"ff c8 ff 4b 0a 02 00 00"
2025-10-25 10:11:46,25.62,0xff,0xc8,0xff,0x4b,0x0a,0x02,"ff c8 ff 4b 0a 02 00 00"
2025-10-25 10:11:46,25.62,0xff,0xc8,0xff,0x4b,0x0a,0x02,"ff c8 ff 4b 0a 02 00 00"
2025-10-25 10:11:46,25.62,0xff,0xc8,0xff,0x4b,0x0a,0x02,"ff c8 ff 4b 0a 02 00 00"
2025-10-25 10:11:46,25.62,0xff,0xc8,0xff,0x4b,0x0a,0x02,"ff c8 ff 4b 0a 02 00 00"
2025-10-25 10:11:46,25.62,0xff,0xc8,0xff,0x4b,0x0a,0x02,"ff c8 ff 4b 0a 02 00 00"
2025-10-25 10:11:46,25.62,0xff,0xc8,0xff,0x4b,0x0a,0x02,"ff c8 ff 4b 0a 02 00 00"
2025-10-25 10:11:46,25.62,0xff,0xc8,0xff,0x4b,0x0a,0x02,"ff c8 ff 4b 0a 02 00 00"
2025-10-25 10:11:46,25.56,0xff,0xc8,0xff,0x4b,0x09,0xfc,"ff c8 ff 4b 09 fc 00 00"
2025-10-25 10:11:46,25.56,0xff,0xc8,0xff,0x4b,0x09,0xfc,"ff c8 ff 4b 09 fc 00 00"
2025-10-25 10:11:46,25.56,0xff,0xc8,0xff,0x4b,0x09,0xfc,"ff c8 ff 4b 09 fc 00 00"
2025-10-25 10:11:46,25.56,0xff,0xc8,0xff,0x4b,0x09,0xfc,"ff c8 ff 4b 09 fc 00 00"
2025-10-25 10:11:46,25.56,0xff,0xc8,0xff,0x4b,0x09,0xfc,"ff c8 ff 4b 09 fc 00 00"
2025-10-25 10:11:46,25.5,0xff,0xc8,0xff,0x4b,0x09,0xf6,"ff c8 ff 4b 09 f6 00 00"
2025-10-25 10:11:46,25.5,0xff,0xc8,0xff,0x4b,0x09,0xf6,"ff c8 ff 4b 09 f6 00 00"
2025-10-25 10:11:46,25.5,0xff,0xc8,0xff,0x4b,0x09,0xf6,"ff c8 ff 4b 09 f6 00 00"
2025-10-25 10:11:46,25.5,0xff,0xc8,0xff,0x4b,0x09,0xf6,"ff c8 ff 4b 09 f6 00 00"
2025-10-25 10:11:46,25.5,0xff,0xc8,0xff,0x4b,0x09,0xf6,"ff c8 ff 4b 09 f6 00 00"
2025-10-25 10:11:46,25.5,0xff,0xc8,0xff,0x4b,0x09,0xf6,"ff c8 ff 4b 09 f6 00 00"
2025-10-25 10:11:46,25.5,0xff,0xc8,0xff,0x4b,0x09,0xf6,"ff c8 ff 4b 09 f6 00 00"
2025-10-25 10:11:46,25.5,0xff,0xc8,0xff,0x4b,0x09,0xf6,"ff c8 ff 4b 09 f6 00 00"
2025-10-25 10:11:47,25.5,0xff,0xc8,0xff,0x4b,0x09,0xf6,"ff c8 ff 4b 09 f6 00 00"
2025-10-25 10:11:47,25.5,0xff,0xc8,0xff,0x4b,0x09,0xf6,"ff c8 ff 4b 09 f6 00 00"
2025-10-25 10:11:47,25.5,0xff,0xc8,0xff,0x4b,0x09,0xf6,"ff c8 ff 4b 09 f6 00 00"
2025-10-25 10:11:47,25.5,0xff,0xc8,0xff,0x4b,0x09,0xf6,"ff c8 ff 4b 09 f6 00 00"
2025-10-25 10:11:47,25.5,0xff,0xc8,0xff,0x4b,0x09,0xf6,"ff c8 ff 4b 09 f6 00 00"
2025-10-25 10:11:47,25.5,0xff,0xc8,0xff,0x4b,0x09,0xf6,"ff c8 ff 4b 09 f6 00 00"
2025-10-25 10:11:47,25.5,0xff,0xc8,0xff,0x4b,0x09,0xf6,"ff c8 ff 4b 09 f6 00 00"
2025-10-25 10:11:47,25.5,0xff,0xc8,0xff,0x4b,0x09,0xf6,"ff c8 ff 4b 09 f6 00 00"
2025-10-25 10:11:47,25.5,0xff,0xc8,0xff,0x4b,0x09,0xf6,"ff c8 ff 4b 09 f6 00 00"
2025-10-25 10:11:47,25.5,0xff,0xc8,0xff,0x4b,0x09,0xf6,"ff c8 ff 4b 09 f6 00 00"
2025-10-25 10:11:47,25.5,0xff,0xc8,0xff,0x4b,0x09,0xf6,"ff c8 ff 4b 09 f6 00 00"
2025-10-25 10:11:47,25.5,0xff,0xc8,0xff,0x4b,0x09,0xf6,"ff c8 ff 4b 09 f6 00 00"
2025-10-25 10:11:47,25.5,0xff,0xc8,0xff,0x4b,0x09,0xf6,"ff c8 ff 4b 09 f6 00 00"
2025-10-25 10:11:47,25.5,0xff,0xc8,0xff,0x4b,0x09,0xf6,"ff c8 ff 4b 09 f6 00 00"
2025-10-25 10:11:47,25.5,0xff,0xc8,0xff,0x4b,0x09,0xf6,"ff c8 ff 4b 09 f6 00 00"
2025-10-25 10:11:47,25.5,0xff,0xc8,0xff,0x4b,0x09,0xf6,"ff c8 ff 4b 09 f6 00 00"
2025-10-25 10:11:47,25.5,0xff,0xc8,0xff,0x4b,0x09,0xf6,"ff c8 ff 4b 09 f6 00 00"
2025-10-25 10:11:47,25.5,0xff,0xc8,0xff,0x4b,0x09,0xf6,"ff c8 ff 4b 09 f6 00 00"
2025-10-25 10:11:47,25.5,0xff,0xc8,0xff,0x4b,0x09,0xf6,"ff c8 ff 4b 09 f6 00 00"
2025-10-25 10:11:47,25.5,0xff,0xc8,0xff,0x4b,0x09,0xf6,"ff c8 ff 4b 09 f6 00 00"
2025-10-25 10:11:47,25.5,0xff,0xc8,0xff,0x4b,0x09,0xf6,"ff c8 ff 4b 09 f6 00 00"
2025-10-25 10:11:47,25.5,0xff,0xc8,0xff,0x4b,0x09,0xf6,"ff c8 ff 4b 09 f6 00 00"
2025-10-25 10:11:47,25.5,0xff,0xc8,0xff,0x4b,0x09,0xf6,"ff c8 ff 4b 09 f6 00 00"
2025-10-25 10:11:47,25.5,0xff,0xc8,0xff,0x4b,0x09,0xf6,"ff c8 ff 4b 09 f6 00 00"
2025-10-25 10:11:47,25.5,0xff,0xc8,0xff,0x4b,0x09,0xf6,"ff c8 ff 4b 09 f6 00 00"
2025-10-25 10:11:47,25.5,0xff,0xc8,0xff,0x4b,0x09,0xf6,"ff c8 ff 4b 09 f6 00 00"
2025-10-25 10:11:47,25.5,0xff,0xc8,0xff,0x4b,0x09,0xf6,"ff c8 ff 4b 09 f6 00 00"
2025-10-25 10:11:47,25.5,0xff,0xc8,0xff,0x4b,0x09,0xf6,"ff c8 ff 4b 09 f6 00 00"
2025-10-25 10:11:47,25.5,0xff,0xc8,0xff,0x4b,0x09,0xf6,"ff c8 ff 4b 09 f6 00 00"
2025-10-25 10:11:47,25.5,0xff,0xc8,0xff,0x4b,0x09,0xf6,"ff c8 ff 4b 09 f6 00 00"
2025-10-25 10:11:47,25.5,0xff,0xc8,0xff,0x4b,0x09,0xf6,"ff c8 ff 4b 09 f6 00 00"
2025-10-25 10:11:47,25.5,0xff,0xc8,0xff,0x4b,0x09,0xf6,"ff c8 ff 4b 09 f6 00 00"
2025-10-25 10:11:48,25.5,0xff,0xc8,0xff,0x4b,0x09,0xf6,"ff c8 ff 4b 09 f6 00 00"
2025-10-25 10:11:48,25.5,0xff,0xc8,0xff,0x4b,0x09,0xf6,"ff c8 ff 4b 09 f6 00 00"
2025-10-25 10:11:48,25.5,0xff,0xc8,0xff,0x4b,0x09,0xf6,"ff c8 ff 4b 09 f6 00 00"
2025-10-25 10:11:48,25.5,0xff,0xc8,0xff,0x4b,0x09,0xf6,"ff c8 ff 4b 09 f6 00 00"
2025-10-25 10:11:48,25.5,0xff,0xc8,0xff,0x4b,0x09,0xf6,"ff c8 ff 4b 09 f6 00 00"
2025-10-25 10:11:48,25.5,0xff,0xc8,0xff,0x4b,0x09,0xf6,"ff c8 ff 4b 09 f6 00 00"
2025-10-25 10:11:48,25.5,0xff,0xc8,0xff,0x4b,0x09,0xf6,"ff c8 ff 4b 09 f6 00 00"
2025-10-25 10:11:48,25.5,0xff,0xc8,0xff,0x4b,0x09,0xf6,"ff c8 ff 4b 09 f6 00 00"
2025-10-25 10:11:48,25.5,0xff,0xc8,0xff,0x4b,0x09,0xf6,"ff c8 ff 4b 09 f6 00 00"
2025-10-25 10:11:48,25.5,0xff,0xc8,0xff,0x4b,0x09,0xf6,"ff c8 ff 4b 09 f6 00 00"
2025-10-25 10:11:48,25.5,0xff,0xc8,0xff,0x4b,0x09,0xf6,"ff c8 ff 4b 09 f6 00 00"
2025-10-25 10:11:48,25.5,0xff,0xc8,0xff,0x4b,0x09,0xf6,"ff c8 ff 4b 09 f6 00 00"
2025-10-25 10:11:48,25.5,0xff,0xc8,0xff,0x4b,0x09,0xf6,"ff c8 ff 4b 09 f6 00 00"
2025-10-25 10:11:48,25.5,0xff,0xc8,0xff,0x4b,0x09,0xf6,"ff c8 ff 4b 09 f6 00 00"
2025-10-25 10:11:48,25.5,0xff,0xc8,0xff,0x4b,0x09,0xf6,"ff c8 ff 4b 09 f6 00 00"
2025-10-25 10:11:48,25.5,0xff,0xc8,0xff,0x4b,0x09,0xf6,"ff c8 ff 4b 09 f6 00 00"
2025-10-25 10:11:48,25.5,0xff,0xc8,0xff,0x4b,0x09,0xf6,"ff c8 ff 4b 09 f6 00 00"
2025-10-25 10:11:48,25.5,0xff,0xc8,0xff,0x4b,0x09,0xf6,"ff c8 ff 4b 09 f6 00 00"
2025-10-25 10:11:48,25.5,0xff,0xc8,0xff,0x4b,0x09,0xf6,"ff c8 ff 4b 09 f6 00 00"
2025-10-25 10:11:48,25.5,0xff,0xc8,0xff,0x4b,0x09,0xf6,"ff c8 ff 4b 09 f6 00 00"
2025-10-25 10:11:48,25.5,0xff,0xc8,0xff,0x4b,0x09,0xf6,"ff c8 ff 4b 09 f6 00 00"
2025-10-25 10:11:48,25.5,0xff,0xc8,0xff,0x4b,0x09,0xf6,"ff c8 ff 4b 09 f6 00 00"
2025-10-25 10:11:48,25.5,0xff,0xc8,0xff,0x4b,0x09,0xf6,"ff c8 ff 4b 09 f6 00 00"
2025-10-25 10:11:48,25.5,0xff,0xc8,0xff,0x4b,0x09,0xf6,"ff c8 ff 4b 09 f6 00 00"
2025-10-25 10:11:48,25.5,0xff,0xc8,0xff,0x4b,0x09,0xf6,"ff c8 ff 4b 09 f6 00 00"
2025-10-25 10:11:48,25.5,0xff,0xc8,0xff,0x4b,0x09,0xf6,"ff c8 ff 4b 09 f6 00 00"
2025-10-25 10:11:48,25.5,0xff,0xc8,0xff,0x4b,0x09,0xf6,"ff c8 ff 4b 09 f6 00 00"
2025-10-25 10:11:48,25.5,0xff,0xc8,0xff,0x4b,0x09,0xf6,"ff c8 ff 4b 09 f6 00 00"
2025-10-25 10:11:48,25.5,0xff,0xc8,0xff,0x4b,0x09,0xf6,"ff c8 ff 4b 09 f6 00 00"
2025-10-25 10:11:48,25.5,0xff,0xc8,0xff,0x4b,0x09,0xf6,"ff c8 ff 4b 09 f6 00 00"
2025-10-25 10:11:48,25.5,0xff,0xc8,0xff,0x4b,0x09,0xf6,"ff c8 ff 4b 09 f6 00 00"
2025-10-25 10:11:48,25.43,0xff,0xc8,0xff,0x4b,0x09,0xef,"ff c8 ff 4b 09 ef 00 00"
2025-10-25 10:11:48,25.43,0xff,0xc8,0xff,0x4b,0x09,0xef,"ff c8 ff 4b 09 ef 00 00"
2025-10-25 10:11:48,25.43,0xff,0xc8,0xff,0x4b,0x09,0xef,"ff c8 ff 4b 09 ef 00 00"
2025-10-25 10:11:49,25.37,0xff,0xc8,0xff,0x4b,0x09,0xe9,"ff c8 ff 4b 09 e9 00 00"
2025-10-25 10:11:49,25.37,0xff,0xc8,0xff,0x4b,0x09,0xe9,"ff c8 ff 4b 09 e9 00 00"
2025-10-25 10:11:49,25.37,0xff,0xc8,0xff,0x4b,0x09,0xe9,"ff c8 ff 4b 09 e9 00 00"
2025-10-25 10:11:49,25.37,0xff,0xc8,0xff,0x4b,0x09,0xe9,"ff c8 ff 4b 09 e9 00 00"
2025-10-25 10:11:49,25.37,0xff,0xc8,0xff,0x4b,0x09,0xe9,"ff c8 ff 4b 09 e9 00 00"
2025-10-25 10:11:49,25.37,0xff,0xc8,0xff,0x4b,0x09,0xe9,"ff c8 ff 4b 09 e9 00 00"
2025-10-25 10:11:49,25.37,0xff,0xc8,0xff,0x4b,0x09,0xe9,"ff c8 ff 4b 09 e9 00 00"
2025-10-25 10:11:49,25.37,0xff,0xc8,0xff,0x4b,0x09,0xe9,"ff c8 ff 4b 09 e9 00 00"
2025-10-25 10:11:49,25.37,0xff,0xc8,0xff,0x4b,0x09,0xe9,"ff c8 ff 4b 09 e9 00 00"
2025-10-25 10:11:49,25.37,0xff,0xc8,0xff,0x4b,0x09,0xe9,"ff c8 ff 4b 09 e9 00 00"
2025-10-25 10:11:49,25.37,0xff,0xc8,0xff,0x4b,0x09,0xe9,"ff c8 ff 4b 09 e9 00 00"
2025-10-25 10:11:49,25.37,0xff,0xc8,0xff,0x4b,0x09,0xe9,"ff c8 ff 4b 09 e9 00 00"
2025-10-25 10:11:49,25.37,0xff,0xc8,0xff,0x4b,0x09,0xe9,"ff c8 ff 4b 09 e9 00 00"
2025-10-25 10:11:49,25.37,0xff,0xc8,0xff,0x4b,0x09,0xe9,"ff c8 ff 4b 09 e9 00 00"
2025-10-25 10:11:49,25.37,0xff,0xc8,0xff,0x4b,0x09,0xe9,"ff c8 ff 4b 09 e9 00 00"
2025-10-25 10:11:49,25.37,0xff,0xc8,0xff,0x4b,0x09,0xe9,"ff c8 ff 4b 09 e9 00 00"
2025-10-25 10:11:49,25.37,0xff,0xc8,0xff,0x4b,0x09,0xe9,"ff c8 ff 4b 09 e9 00 00"
2025-10-25 10:11:49,25.37,0xff,0xc8,0xff,0x4b,0x09,0xe9,"ff c8 ff 4b 09 e9 00 00"
2025-10-25 10:11:49,25.37,0xff,0xc8,0xff,0x4b,0x09,0xe9,"ff c8 ff 4b 09 e9 00 00"
2025-10-25 10:11:49,25.37,0xff,0xc8,0xff,0x4b,0x09,0xe9,"ff c8 ff 4b 09 e9 00 00"
2025-10-25 10:11:49,25.37,0xff,0xc8,0xff,0x4b,0x09,0xe9,"ff c8 ff 4b 09 e9 00 00"
2025-10-25 10:11:49,25.37,0xff,0xc8,0xff,0x4b,0x09,0xe9,"ff c8 ff 4b 09 e9 00 00"
2025-10-25 10:11:49,25.37,0xff,0xc8,0xff,0x4b,0x09,0xe9,"ff c8 ff 4b 09 e9 00 00"
2025-10-25 10:11:49,25.37,0xff,0xc8,0xff,0x4b,0x09,0xe9,"ff c8 ff 4b 09 e9 00 00"
2025-10-25 10:11:49,25.37,0xff,0xc8,0xff,0x4b,0x09,0xe9,"ff c8 ff 4b 09 e9 00 00"
2025-10-25 10:11:49,25.37,0xff,0xc8,0xff,0x4b,0x09,0xe9,"ff c8 ff 4b 09 e9 00 00"
2025-10-25 10:11:49,25.37,0xff,0xc8,0xff,0x4b,0x09,0xe9,"ff c8 ff 4b 09 e9 00 00"
2025-10-25 10:11:49,25.37,0xff,0xc8,0xff,0x4b,0x09,0xe9,"ff c8 ff 4b 09 e9 00 00"
2025-10-25 10:11:49,25.37,0xff,0xc8,0xff,0x4b,0x09,0xe9,"ff c8 ff 4b 09 e9 00 00"
2025-10-25 10:11:49,25.37,0xff,0xc8,0xff,0x4b,0x09,0xe9,"ff c8 ff 4b 09 e9 00 00"
2025-10-25 10:11:49,25.37,0xff,0xc8,0xff,0x4b,0x09,0xe9,"ff c8 ff 4b 09 e9 00 00"
2025-10-25 10:11:49,25.37,0xff,0xc8,0xff,0x4b,0x09,0xe9,"ff c8 ff 4b 09 e9 00 00"
2025-10-25 10:11:49,25.37,0xff,0xc8,0xff,0x4b,0x09,0xe9,"ff c8 ff 4b 09 e9 00 00"
2025-10-25 10:11:49,25.37,0xff,0xc8,0xff,0x4b,0x09,0xe9,"ff c8 ff 4b 09 e9 00 00"
2025-10-25 10:11:50,25.37,0xff,0xc8,0xff,0x4b,0x09,0xe9,"ff c8 ff 4b 09 e9 00 00"
2025-10-25 10:11:50,25.37,0xff,0xc8,0xff,0x4b,0x09,0xe9,"ff c8 ff 4b 09 e9 00 00"
2025-10-25 10:11:50,25.37,0xff,0xc8,0xff,0x4b,0x09,0xe9,"ff c8 ff 4b 09 e9 00 00"
2025-10-25 10:11:50,25.37,0xff,0xc8,0xff,0x4b,0x09,0xe9,"ff c8 ff 4b 09 e9 00 00"
2025-10-25 10:11:50,25.37,0xff,0xc8,0xff,0x4b,0x09,0xe9,"ff c8 ff 4b 09 e9 00 00"
2025-10-25 10:11:50,25.37,0xff,0xc8,0xff,0x4b,0x09,0xe9,"ff c8 ff 4b 09 e9 00 00"
2025-10-25 10:11:50,25.37,0xff,0xc8,0xff,0x4b,0x09,0xe9,"ff c8 ff 4b 09 e9 00 00"
2025-10-25 10:11:50,25.37,0xff,0xc8,0xff,0x4b,0x09,0xe9,"ff c8 ff 4b 09 e9 00 00"
2025-10-25 10:11:50,25.37,0xff,0xc8,0xff,0x4b,0x09,0xe9,"ff c8 ff 4b 09 e9 00 00"
2025-10-25 10:11:50,25.37,0xff,0xc8,0xff,0x4b,0x09,0xe9,"ff c8 ff 4b 09 e9 00 00"
2025-10-25 10:11:50,25.37,0xff,0xc8,0xff,0x4b,0x09,0xe9,"ff c8 ff 4b 09 e9 00 00"
2025-10-25 10:11:50,25.37,0xff,0xc8,0xff,0x4b,0x09,0xe9,"ff c8 ff 4b 09 e9 00 00"
2025-10-25 10:11:50,25.37,0xff,0xc8,0xff,0x4b,0x09,0xe9,"ff c8 ff 4b 09 e9 00 00"
2025-10-25 10:11:50,25.37,0xff,0xc8,0xff,0x4b,0x09,0xe9,"ff c8 ff 4b 09 e9 00 00"
2025-10-25 10:11:50,25.37,0xff,0xc8,0xff,0x4b,0x09,0xe9,"ff c8 ff 4b 09 e9 00 00"
2025-10-25 10:11:50,25.37,0xff,0xc8,0xff,0x4b,0x09,0xe9,"ff c8 ff 4b 09 e9 00 00"
2025-10-25 10:11:50,25.37,0xff,0xc8,0xff,0x4b,0x09,0xe9,"ff c8 ff 4b 09 e9 00 00"
2025-10-25 10:11:50,25.37,0xff,0xc8,0xff,0x4b,0x09,0xe9,"ff c8 ff 4b 09 e9 00 00"
2025-10-25 10:11:50,25.37,0xff,0xc8,0xff,0x4b,0x09,0xe9,"ff c8 ff 4b 09 e9 00 00"
2025-10-25 10:11:50,25.37,0xff,0xc8,0xff,0x4b,0x09,0xe9,"ff c8 ff 4b 09 e9 00 00"
2025-10-25 10:11:50,25.37,0xff,0xc8,0xff,0x4b,0x09,0xe9,"ff c8 ff 4b 09 e9 00 00"
2025-10-25 10:11:50,25.37,0xff,0xc8,0xff,0x4b,0x09,0xe9,"ff c8 ff 4b 09 e9 00 00"
2025-10-25 10:11:50,25.37,0xff,0xc8,0xff,0x4b,0x09,0xe9,"ff c8 ff 4b 09 e9 00 00"
2025-10-25 10:11:50,25.37,0xff,0xc8,0xff,0x4b,0x09,0xe9,"ff c8 ff 4b 09 e9 00 00"
2025-10-25 10:11:50,25.37,0xff,0xc8,0xff,0x4b,0x09,0xe9,"ff c8 ff 4b 09 e9 00 00"
2025-10-25 10:11:50,25.37,0xff,0xc8,0xff,0x4b,0x09,0xe9,"ff c8 ff 4b 09 e9 00 00"
2025-10-25 10:11:50,25.37,0xff,0xc8,0xff,0x4b,0x09,0xe9,"ff c8 ff 4b 09 e9 00 00"
2025-10-25 10:11:50,25.37,0xff,0xc8,0xff,0x4b,0x09,0xe9,"ff c8 ff 4b 09 e9 00 00"
2025-10-25 10:11:50,25.37,0xff,0xc8,0xff,0x4b,0x09,0xe9,"ff c8 ff 4b 09 e9 00 00"
2025-10-25 10:11:50,25.37,0xff,0xc8,0xff,0x4b,0x09,0xe9,"ff c8 ff 4b 09 e9 00 00"
2025-10-25 10:11:50,25.37,0xff,0xc8,0xff,0x4b,0x09,0xe9,"ff c8 ff 4b 09 e9 00 00"
2025-10-25 10:11:50,25.37,0xff,0xc8,0xff,0x4b,0x09,0xe9,"ff c8 ff 4b 09 e9 00 00"
2025-10-25 10:11:50,25.37,0xff,0xc8,0xff,0x4b,0x09,0xe9,"ff c8 ff 4b 09 e9 00 00"
2025-10-25 10:11:50,25.43,0xff,0xc8,0xff,0x4b,0x09,0xef,"ff c8 ff 4b 09 ef 00 00"
2025-10-25 10:11:51,25.43,0xff,0xc8,0xff,0x4b,0x09,0xef,"ff c8 ff 4b 09 ef 00 00"
2025-10-25 10:11:51,25.43,0xff,0xc8,0xff,0x4b,0x09,0xef,"ff c8 ff 4b 09 ef 00 00"
2025-10-25 10:11:51,25.5,0xff,0xc8,0xff,0x4b,0x09,0xf6,"ff c8 ff 4b 09 f6 00 00"
2025-10-25 10:11:51,25.5,0xff,0xc8,0xff,0x4b,0x09,0xf6,"ff c8 ff 4b 09 f6 00 00"
2025-10-25 10:11:51,25.56,0xff,0xc8,0xff,0x4b,0x09,0xfc,"ff c8 ff 4b 09 fc 00 00"
2025-10-25 10:11:51,25.62,0xff,0xc8,0xff,0x4b,0x0a,0x02,"ff c8 ff 4b 0a 02 00 00"
2025-10-25 10:11:51,25.62,0xff,0xc8,0xff,0x4b,0x0a,0x02,"ff c8 ff 4b 0a 02 00 00"
2025-10-25 10:11:51,25.68,0xff,0xc8,0xff,0x4b,0x0a,0x08,"ff c8 ff 4b 0a 08 00 00"
2025-10-25 10:11:51,25.75,0xff,0xc8,0xff,0x4b,0x0a,0x0f,"ff c8 ff 4b 0a 0f 00 00"
2025-10-25 10:11:51,25.81,0xff,0xc8,0xff,0x4b,0x0a,0x15,"ff c8 ff 4b 0a 15 00 00"
2025-10-25 10:11:51,25.87,0xff,0xc8,0xff,0x4b,0x0a,0x1b,"ff c8 ff 4b 0a 1b 00 00"
2025-10-25 10:11:51,25.93,0xff,0xc8,0xff,0x4b,0x0a,0x21,"ff c8 ff 4b 0a 21 00 00"
2025-10-25 10:11:51,26,0xff,0xc8,0xff,0x4b,0x0a,0x28,"ff c8 ff 4b 0a 28 00 00"
2025-10-25 10:11:51,26,0xff,0xc8,0xff,0x4b,0x0a,0x28,"ff c8 ff 4b 0a 28 00 00"
2025-10-25 10:11:51,26.06,0xff,0xc8,0xff,0x4b,0x0a,0x2e,"ff c8 ff 4b 0a 2e 00 00"
2025-10-25 10:11:51,26.12,0xff,0xc8,0xff,0x4b,0x0a,0x34,"ff c8 ff 4b 0a 34 00 00"
2025-10-25 10:11:51,26.18,0xff,0xc8,0xff,0x4b,0x0a,0x3a,"ff c8 ff 4b 0a 3a 00 00"
2025-10-25 10:11:51,26.18,0xff,0xc8,0xff,0x4b,0x0a,0x3a,"ff c8 ff 4b 0a 3a 00 00"
2025-10-25 10:11:51,26.18,0xff,0xc8,0xff,0x4b,0x0a,0x3a,"ff c8 ff 4b 0a 3a 00 00"
2025-10-25 10:11:51,26.25,0xff,0xc8,0xff,0x4b,0x0a,0x41,"ff c8 ff 4b 0a 41 00 00"
2025-10-25 10:11:51,26.25,0xff,0xc8,0xff,0x4b,0x0a,0x41,"ff c8 ff 4b 0a 41 00 00"
2025-10-25 10:11:51,26.25,0xff,0xc8,0xff,0x4b,0x0a,0x41,"ff c8 ff 4b 0a 41 00 00"
2025-10-25 10:11:51,26.25,0xff,0xc8,0xff,0x4b,0x0a,0x41,"ff c8 ff 4b 0a 41 00 00"
2025-10-25 10:11:51,26.25,0xff,0xc8,0xff,0x4b,0x0a,0x41,"ff c8 ff 4b 0a 41 00 00"
2025-10-25 10:11:51,26.25,0xff,0xc8,0xff,0x4b,0x0a,0x41,"ff c8 ff 4b 0a 41 00 00"
2025-10-25 10:11:51,26.25,0xff,0xc8,0xff,0x4b,0x0a,0x41,"ff c8 ff 4b 0a 41 00 00"
2025-10-25 10:11:51,26.25,0xff,0xc8,0xff,0x4b,0x0a,0x41,"ff c8 ff 4b 0a 41 00 00"
2025-10-25 10:11:51,26.25,0xff,0xc8,0xff,0x4b,0x0a,0x41,"ff c8 ff 4b 0a 41 00 00"
2025-10-25 10:11:51,26.25,0xff,0xc8,0xff,0x4b,0x0a,0x41,"ff c8 ff 4b 0a 41 00 00"
2025-10-25 10:11:51,26.18,0xff,0xc8,0xff,0x4b,0x0a,0x3a,"ff c8 ff 4b 0a 3a 00 00"
2025-10-25 10:11:51,26.18,0xff,0xc8,0xff,0x4b,0x0a,0x3a,"ff c8 ff 4b 0a 3a 00 00"
2025-10-25 10:11:51,26.18,0xff,0xc8,0xff,0x4b,0x0a,0x3a,"ff c8 ff 4b 0a 3a 00 00"
2025-10-25 10:11:51,26.12,0xff,0xc8,0xff,0x4b,0x0a,0x34,"ff c8 ff 4b 0a 34 00 00"
2025-10-25 10:11:51,26.12,0xff,0xc8,0xff,0x4b,0x0a,0x34,"ff c8 ff 4b 0a 34 00 00"
2025-10-25 10:11:52,26.12,0xff,0xc8,0xff,0x4b,0x0a,0x34,"ff c8 ff 4b 0a 34 00 00"
2025-10-25 10:11:52,26.06,0xff,0xc8,0xff,0x4b,0x0a,0x2e,"ff c8 ff 4b 0a 2e 00 00"
2025-10-25 10:11:52,26.06,0xff,0xc8,0xff,0x4b,0x0a,0x2e,"ff c8 ff 4b 0a 2e 00 00"
2025-10-25 10:11:52,26.06,0xff,0xc8,0xff,0x4b,0x0a,0x2e,"ff c8 ff 4b 0a 2e 00 00"
2025-10-25 10:11:52,26,0xff,0xc8,0xff,0x4b,0x0a,0x28,"ff c8 ff 4b 0a 28 00 00"
2025-10-25 10:11:52,26,0xff,0xc8,0xff,0x4b,0x0a,0x28,"ff c8 ff 4b 0a 28 00 00"
2025-10-25 10:11:52,26,0xff,0xc8,0xff,0x4b,0x0a,0x28,"ff c8 ff 4b 0a 28 00 00"
2025-10-25 10:11:52,25.93,0xff,0xc8,0xff,0x4b,0x0a,0x21,"ff c8 ff 4b 0a 21 00 00"
2025-10-25 10:11:52,25.93,0xff,0xc8,0xff,0x4b,0x0a,0x21,"ff c8 ff 4b 0a 21 00 00"
2025-10-25 10:11:52,25.93,0xff,0xc8,0xff,0x4b,0x0a,0x21,"ff c8 ff 4b 0a 21 00 00"
2025-10-25 10:11:52,25.87,0xff,0xc8,0xff,0x4b,0x0a,0x1b,"ff c8 ff 4b 0a 1b 00 00"
2025-10-25 10:11:52,25.87,0xff,0xc8,0xff,0x4b,0x0a,0x1b,"ff c8 ff 4b 0a 1b 00 00"
2025-10-25 10:11:52,25.87,0xff,0xc8,0xff,0x4b,0x0a,0x1b,"ff c8 ff 4b 0a 1b 00 00"
2025-10-25 10:11:52,25.87,0xff,0xc8,0xff,0x4b,0x0a,0x1b,"ff c8 ff 4b 0a 1b 00 00"
2025-10-25 10:11:52,25.87,0xff,0xc8,0xff,0x4b,0x0a,0x1b,"ff c8 ff 4b 0a 1b 00 00"
2025-10-25 10:11:52,25.87,0xff,0xc8,0xff,0x4b,0x0a,0x1b,"ff c8 ff 4b 0a 1b 00 00"
2025-10-25 10:11:52,25.87,0xff,0xc8,0xff,0x4b,0x0a,0x1b,"ff c8 ff 4b 0a 1b 00 00"
2025-10-25 10:11:52,25.81,0xff,0xc8,0xff,0x4b,0x0a,0x15,"ff c8 ff 4b 0a 15 00 00"
2025-10-25 10:11:52,25.81,0xff,0xc8,0xff,0x4b,0x0a,0x15,"ff c8 ff 4b 0a 15 00 00"
2025-10-25 10:11:52,25.81,0xff,0xc8,0xff,0x4b,0x0a,0x15,"ff c8 ff 4b 0a 15 00 00"
2025-10-25 10:11:52,25.81,0xff,0xc8,0xff,0x4b,0x0a,0x15,"ff c8 ff 4b 0a 15 00 00"
2025-10-25 10:11:52,25.75,0xff,0xc8,0xff,0x4b,0x0a,0x0f,"ff c8 ff 4b 0a 0f 00 00"
2025-10-25 10:11:52,25.75,0xff,0xc8,0xff,0x4b,0x0a,0x0f,"ff c8 ff 4b 0a 0f 00 00"
2025-10-25 10:11:52,25.75,0xff,0xc8,0xff,0x4b,0x0a,0x0f,"ff c8 ff 4b 0a 0f 00 00"
2025-10-25 10:11:52,25.75,0xff,0xc8,0xff,0x4b,0x0a,0x0f,"ff c8 ff 4b 0a 0f 00 00"
2025-10-25 10:11:52,25.75,0xff,0xc8,0xff,0x4b,0x0a,0x0f,"ff c8 ff 4b 0a 0f 00 00"
2025-10-25 10:11:52,25.75,0xff,0xc8,0xff,0x4b,0x0a,0x0f,"ff c8 ff 4b 0a 0f 00 00"
2025-10-25 10:11:52,25.75,0xff,0xc8,0xff,0x4b,0x0a,0x0f,"ff c8 ff 4b 0a 0f 00 00"
2025-10-25 10:11:52,25.75,0xff,0xc8,0xff,0x4b,0x0a,0x0f,"ff c8 ff 4b 0a 0f 00 00"
2025-10-25 10:11:52,25.75,0xff,0xc8,0xff,0x4b,0x0a,0x0f,"ff c8 ff 4b 0a 0f 00 00"
2025-10-25 10:11:52,25.75,0xff,0xc8,0xff,0x4b,0x0a,0x0f,"ff c8 ff 4b 0a 0f 00 00"
2025-10-25 10:11:52,25.75,0xff,0xc8,0xff,0x4b,0x0a,0x0f,"ff c8 ff 4b 0a 0f 00 00"
2025-10-25 10:11:52,25.75,0xff,0xc8,0xff,0x4b,0x0a,0x0f,"ff c8 ff 4b 0a 0f 00 00"
2025-10-25 10:11:52,25.75,0xff,0xc8,0xff,0x4b,0x0a,0x0f,"ff c8 ff 4b 0a 0f 00 00"
2025-10-25 10:11:52,25.75,0xff,0xc8,0xff,0x4b,0x0a,0x0f,"ff c8 ff 4b 0a 0f 00 00"
2025-10-25 10:11:53,25.75,0xff,0xc8,0xff,0x4b,0x0a,0x0f,"ff c8 ff 4b 0a 0f 00 00"
2025-10-25 10:11:53,25.75,0xff,0xc8,0xff,0x4b,0x0a,0x0f,"ff c8 ff 4b 0a 0f 00 00"
2025-10-25 10:11:53,25.75,0xff,0xc8,0xff,0x4b,0x0a,0x0f,"ff c8 ff 4b 0a 0f 00 00"
2025-10-25 10:11:53,25.75,0xff,0xc8,0xff,0x4b,0x0a,0x0f,"ff c8 ff 4b 0a 0f 00 00"
2025-10-25 10:11:53,25.75,0xff,0xc8,0xff,0x4b,0x0a,0x0f,"ff c8 ff 4b 0a 0f 00 00"
2025-10-25 10:11:53,25.75,0xff,0xc8,0xff,0x4b,0x0a,0x0f,"ff c8 ff 4b 0a 0f 00 00"
2025-10-25 10:11:53,25.75,0xff,0xc8,0xff,0x4b,0x0a,0x0f,"ff c8 ff 4b 0a 0f 00 00"
2025-10-25 10:11:53,25.75,0xff,0xc8,0xff,0x4b,0x0a,0x0f,"ff c8 ff 4b 0a 0f 00 00"
2025-10-25 10:11:53,25.75,0xff,0xc8,0xff,0x4b,0x0a,0x0f,"ff c8 ff 4b 0a 0f 00 00"
2025-10-25 10:11:53,25.75,0xff,0xc8,0xff,0x4b,0x0a,0x0f,"ff c8 ff 4b 0a 0f 00 00"
2025-10-25 10:11:53,25.75,0xff,0xc8,0xff,0x4b,0x0a,0x0f,"ff c8 ff 4b 0a 0f 00 00"
2025-10-25 10:11:53,25.75,0xff,0xc8,0xff,0x4b,0x0a,0x0f,"ff c8 ff 4b 0a 0f 00 00"
2025-10-25 10:11:53,25.75,0xff,0xc8,0xff,0x4b,0x0a,0x0f,"ff c8 ff 4b 0a 0f 00 00"
2025-10-25 10:11:53,25.75,0xff,0xc8,0xff,0x51,0x0a,0x0f,"ff c8 ff 51 0a 0f 00 00"
2025-10-25 10:11:53,25.75,0xff,0xc8,0xff,0x51,0x0a,0x0f,"ff c8 ff 51 0a 0f 00 00"
2025-10-25 10:11:53,25.75,0xff,0xc8,0xff,0x51,0x0a,0x0f,"ff c8 ff 51 0a 0f 00 00"
2025-10-25 10:11:53,25.75,0xff,0xc8,0xff,0x4b,0x0a,0x0f,"ff c8 ff 4b 0a 0f 00 00"
2025-10-25 10:11:53,25.75,0xff,0xc8,0xff,0x4b,0x0a,0x0f,"ff c8 ff 4b 0a 0f 00 00"
2025-10-25 10:11:53,25.75,0xff,0xce,0xff,0x4b,0x0a,0x0f,"ff ce ff 4b 0a 0f 00 00"
2025-10-25 10:11:53,25.75,0xff,0xce,0xff,0x4b,0x0a,0x0f,"ff ce ff 4b 0a 0f 00 00"
2025-10-25 10:11:53,25.75,0xff,0xce,0xff,0x4b,0x0a,0x0f,"ff ce ff 4b 0a 0f 00 00"
2025-10-25 10:11:53,25.75,0xff,0xc8,0xff,0x51,0x0a,0x0f,"ff c8 ff 51 0a 0f 00 00"
2025-10-25 10:11:53,25.75,0xff,0xc8,0xff,0x51,0x0a,0x0f,"ff c8 ff 51 0a 0f 00 00"
2025-10-25 10:11:53,25.75,0xff,0xc2,0xff,0x51,0x0a,0x0f,"ff c2 ff 51 0a 0f 00 00"
2025-10-25 10:11:53,25.75,0xff,0xc2,0xff,0x51,0x0a,0x0f,"ff c2 ff 51 0a 0f 00 00"
2025-10-25 10:11:53,25.75,0xff,0xc2,0xff,0x51,0x0a,0x0f,"ff c2 ff 51 0a 0f 00 00"
2025-10-25 10:11:53,25.75,0xff,0xc2,0xff,0x51,0x0a,0x0f,"ff c2 ff 51 0a 0f 00 00"
2025-10-25 10:11:53,25.75,0xff,0xc2,0xff,0x51,0x0a,0x0f,"ff c2 ff 51 0a 0f 00 00"
2025-10-25 10:11:53,25.75,0xff,0xc8,0xff,0x51,0x0a,0x0f,"ff c8 ff 51 0a 0f 00 00"
2025-10-25 10:11:53,25.75,0xff,0xc8,0xff,0x51,0x0a,0x0f,"ff c8 ff 51 0a 0f 00 00"
2025-10-25 10:11:53,25.75,0xff,0xc8,0xff,0x51,0x0a,0x0f,"ff c8 ff 51 0a 0f 00 00"
2025-10-25 10:11:53,25.75,0xff,0xc8,0xff,0x51,0x0a,0x0f,"ff c8 ff 51 0a 0f 00 00"
2025-10-25 10:11:53,25.75,0xff,0xc8,0xff,0x51,0x0a,0x0f,"ff c8 ff 51 0a 0f 00 00"
2025-10-25 10:11:54,25.81,0xff,0xc2,0xff,0x51,0x0a,0x15,"ff c2 ff 51 0a 15 00 00"
2025-10-25 10:11:54,25.81,0xff,0xc2,0xff,0x51,0x0a,0x15,"ff c2 ff 51 0a 15 00 00"
2025-10-25 10:11:54,25.87,0xff,0xc2,0xff,0x51,0x0a,0x1b,"ff c2 ff 51 0a 1b 00 00"
2025-10-25 10:11:54,25.87,0xff,0xc2,0xff,0x51,0x0a,0x1b,"ff c2 ff 51 0a 1b 00 00"
2025-10-25 10:11:54,25.93,0xff,0xc2,0xff,0x51,0x0a,0x21,"ff c2 ff 51 0a 21 00 00"
2025-10-25 10:11:54,26,0xff,0xc2,0xff,0x51,0x0a,0x28,"ff c2 ff 51 0a 28 00 00"
2025-10-25 10:11:54,26.06,0xff,0xc2,0xff,0x4b,0x0a,0x2e,"ff c2 ff 4b 0a 2e 00 00"
2025-10-25 10:11:54,26.12,0xff,0xc2,0xff,0x4b,0x0a,0x34,"ff c2 ff 4b 0a 34 00 00"
2025-10-25 10:11:54,26.12,0xff,0xc2,0xff,0x4b,0x0a,0x34,"ff c2 ff 4b 0a 34 00 00"
2025-10-25 10:11:54,26.25,0xff,0xc2,0xff,0x51,0x0a,0x41,"ff c2 ff 51 0a 41 00 00"
2025-10-25 10:11:54,26.31,0xff,0xc8,0xff,0x51,0x0a,0x47,"ff c8 ff 51 0a 47 00 00"
2025-10-25 10:11:54,26.43,0xff,0xc8,0xff,0x51,0x0a,0x53,"ff c8 ff 51 0a 53 00 00"
2025-10-25 10:11:54,26.5,0xff,0xc8,0xff,0x4b,0x0a,0x5a,"ff c8 ff 4b 0a 5a 00 00"
2025-10-25 10:11:54,26.62,0xff,0xc8,0xff,0x4b,0x0a,0x66,"ff c8 ff 4b 0a 66 00 00"
2025-10-25 10:11:54,26.75,0xff,0xc8,0xff,0x4b,0x0a,0x73,"ff c8 ff 4b 0a 73 00 00"
2025-10-25 10:11:54,26.81,0xff,0xc8,0xff,0x4b,0x0a,0x79,"ff c8 ff 4b 0a 79 00 00"
2025-10-25 10:11:54,26.93,0xff,0xc8,0xff,0x4b,0x0a,0x85,"ff c8 ff 4b 0a 85 00 00"
2025-10-25 10:11:54,27.06,0xff,0xc8,0xff,0x4b,0x0a,0x92,"ff c8 ff 4b 0a 92 00 00"
2025-10-25 10:11:54,27.18,0xff,0xc8,0xff,0x4b,0x0a,0x9e,"ff c8 ff 4b 0a 9e 00 00"
2025-10-25 10:11:54,27.25,0xff,0xc8,0xff,0x51,0x0a,0xa5,"ff c8 ff 51 0a a5 00 00"
2025-10-25 10:11:54,27.31,0xff,0xc8,0xff,0x4b,0x0a,0xab,"ff c8 ff 4b 0a ab 00 00"
2025-10-25 10:11:54,27.43,0xff,0xc8,0xff,0x51,0x0a,0xb7,"ff c8 ff 51 0a b7 00 00"
2025-10-25 10:11:54,27.56,0xff,0xc8,0xff,0x4b,0x0a,0xc4,"ff c8 ff 4b 0a c4 00 00"
2025-10-25 10:11:54,27.68,0xff,0xc8,0xff,0x4b,0x0a,0xd0,"ff c8 ff 4b 0a d0 00 00"
2025-10-25 10:11:54,27.75,0xff,0xc8,0xff,0x4b,0x0a,0xd7,"ff c8 ff 4b 0a d7 00 00"
2025-10-25 10:11:54,27.81,0xff,0xc8,0xff,0x4b,0x0a,0xdd,"ff c8 ff 4b 0a dd 00 00"
2025-10-25 10:11:54,27.93,0xff,0xc8,0xff,0x4b,0x0a,0xe9,"ff c8 ff 4b 0a e9 00 00"
2025-10-25 10:11:54,28.06,0xff,0xc8,0xff,0x51,0x0a,0xf6,"ff c8 ff 51 0a f6 00 00"
2025-10-25 10:11:54,28.18,0xff,0xc8,0xff,0x51,0x0b,0x02,"ff c8 ff 51 0b 02 00 00"
2025-10-25 10:11:54,28.25,0xff,0xc8,0xff,0x51,0x0b,0x09,"ff c8 ff 51 0b 09 00 00"
2025-10-25 10:11:54,28.37,0xff,0xc8,0xff,0x51,0x0b,0x15,"ff c8 ff 51 0b 15 00 00"
2025-10-25 10:11:54,28.43,0xff,0xc8,0xff,0x51,0x0b,0x1b,"ff c8 ff 51 0b 1b 00 00"
2025-10-25 10:11:54,28.5,0xff,0xc8,0xff,0x51,0x0b,0x22,"ff c8 ff 51 0b 22 00 00"
2025-10-25 10:11:54,28.56,0xff,0xc8,0xff,0x51,0x0b,0x28,"ff c8 ff 51 0b 28 00 00"
2025-10-25 10:11:54,28.62,0xff,0xc8,0xff,0x51,0x0b,0x2e,"ff c8 ff 51 0b 2e 00 00"
2025-10-25 10:11:55,28.62,0xff,0xc8,0xff,0x51,0x0b,0x2e,"ff c8 ff 51 0b 2e 00 00"
2025-10-25 10:11:55,28.68,0xff,0xc8,0xff,0x51,0x0b,0x34,"ff c8 ff 51 0b 34 00 00"
2025-10-25 10:11:55,28.68,0xff,0xc8,0xff,0x51,0x0b,0x34,"ff c8 ff 51 0b 34 00 00"
2025-10-25 10:11:55,28.75,0xff,0xc8,0xff,0x51,0x0b,0x3b,"ff c8 ff 51 0b 3b 00 00"
2025-10-25 10:11:55,28.75,0xff,0xc8,0xff,0x51,0x0b,0x3b,"ff c8 ff 51 0b 3b 00 00"
2025-10-25 10:11:55,28.81,0xff,0xc8,0xff,0x51,0x0b,0x41,"ff c8 ff 51 0b 41 00 00"
2025-10-25 10:11:55,28.81,0xff,0xc8,0xff,0x51,0x0b,0x41,"ff c8 ff 51 0b 41 00 00"
2025-10-25 10:11:55,28.81,0xff,0xc8,0xff,0x51,0x0b,0x41,"ff c8 ff 51 0b 41 00 00"
2025-10-25 10:11:55,28.81,0xff,0xc8,0xff,0x51,0x0b,0x41,"ff c8 ff 51 0b 41 00 00"
2025-10-25 10:11:55,28.81,0xff,0xc8,0xff,0x51,0x0b,0x41,"ff c8 ff 51 0b 41 00 00"
2025-10-25 10:11:55,28.81,0xff,0xc8,0xff,0x51,0x0b,0x41,"ff c8 ff 51 0b 41 00 00"
2025-10-25 10:11:55,28.81,0xff,0xc8,0xff,0x51,0x0b,0x41,"ff c8 ff 51 0b 41 00 00"
2025-10-25 10:11:55,28.81,0xff,0xc8,0xff,0x51,0x0b,0x41,"ff c8 ff 51 0b 41 00 00"
2025-10-25 10:11:55,28.81,0xff,0xc8,0xff,0x51,0x0b,0x41,"ff c8 ff 51 0b 41 00 00"
2025-10-25 10:11:55,28.81,0xff,0xc8,0xff,0x51,0x0b,0x41,"ff c8 ff 51 0b 41 00 00"
2025-10-25 10:11:55,28.81,0xff,0xc8,0xff,0x51,0x0b,0x41,"ff c8 ff 51 0b 41 00 00"
2025-10-25 10:11:55,28.81,0xff,0xc8,0xff,0x51,0x0b,0x41,"ff c8 ff 51 0b 41 00 00"
2025-10-25 10:11:55,28.81,0xff,0xc8,0xff,0x51,0x0b,0x41,"ff c8 ff 51 0b 41 00 00"
2025-10-25 10:11:55,28.81,0xff,0xc8,0xff,0x51,0x0b,0x41,"ff c8 ff 51 0b 41 00 00"
2025-10-25 10:11:55,28.81,0xff,0xc8,0xff,0x51,0x0b,0x41,"ff c8 ff 51 0b 41 00 00"
2025-10-25 10:11:55,28.81,0xff,0xc8,0xff,0x51,0x0b,0x41,"ff c8 ff 51 0b 41 00 00"
2025-10-25 10:11:55,28.81,0xff,0xc8,0xff,0x51,0x0b,0x41,"ff c8 ff 51 0b 41 00 00"
2025-10-25 10:11:55,28.81,0xff,0xc8,0xff,0x51,0x0b,0x41,"ff c8 ff 51 0b 41 00 00"
2025-10-25 10:11:55,28.87,0xff,0xc8,0xff,0x51,0x0b,0x47,"ff c8 ff 51 0b 47 00 00"
2025-10-25 10:11:55,28.87,0xff,0xc8,0xff,0x51,0x0b,0x47,"ff c8 ff 51 0b 47 00 00"
2025-10-25 10:11:55,28.87,0xff,0xc8,0xff,0x51,0x0b,0x47,"ff c8 ff 51 0b 47 00 00"
2025-10-25 10:11:55,28.93,0xff,0xc8,0xff,0x51,0x0b,0x4d,"ff c8 ff 51 0b 4d 00 00"
2025-10-25 10:11:55,28.93,0xff,0xce,0xff,0x51,0x0b,0x4d,"ff ce ff 51 0b 4d 00 00"
2025-10-25 10:11:55,29,0xff,0xce,0xff,0x51,0x0b,0x54,"ff ce ff 51 0b 54 00 00"
2025-10-25 10:11:55,29,0xff,0xce,0xff,0x51,0x0b,0x54,"ff ce ff 51 0b 54 00 00"
2025-10-25 10:11:55,29.06,0xff,0xce,0xff,0x51,0x0b,0x5a,"ff ce ff 51 0b 5a 00 00"
2025-10-25 10:11:55,29.06,0xff,0xce,0xff,0x51,0x0b,0x5a,"ff ce ff 51 0b 5a 00 00"
2025-10-25 10:11:55,29.12,0xff,0xce,0xff,0x51,0x0b,0x60,"ff ce ff 51 0b 60 00 00"
2025-10-25 10:11:55,29.12,0xff,0xce,0xff,0x51,0x0b,0x60,"ff ce ff 51 0b 60 00 00"
2025-10-25 10:11:56,29.18,0xff,0xce,0xff,0x51,0x0b,0x66,"ff ce ff 51 0b 66 00 00"
2025-10-25 10:11:56,29.18,0xff,0xce,0xff,0x51,0x0b,0x66,"ff ce ff 51 0b 66 00 00"
2025-10-25 10:11:56,29.25,0xff,0xce,0xff,0x51,0x0b,0x6d,"ff ce ff 51 0b 6d 00 00"
2025-10-25 10:11:56,29.25,0xff,0xce,0xff,0x51,0x0b,0x6d,"ff ce ff 51 0b 6d 00 00"
2025-10-25 10:11:56,29.31,0xff,0xce,0xff,0x51,0x0b,0x73,"ff ce ff 51 0b 73 00 00"
2025-10-25 10:11:56,29.37,0xff,0xce,0xff,0x51,0x0b,0x79,"ff ce ff 51 0b 79 00 00"
2025-10-25 10:11:56,29.43,0xff,0xce,0xff,0x51,0x0b,0x7f,"ff ce ff 51 0b 7f 00 00"
2025-10-25 10:11:56,29.5,0xff,0xce,0xff,0x51,0x0b,0x86,"ff ce ff 51 0b 86 00 00"
2025-10-25 10:11:56,29.56,0xff,0xce,0xff,0x51,0x0b,0x8c,"ff ce ff 51 0b 8c 00 00"
2025-10-25 10:11:56,29.62,0xff,0xce,0xff,0x51,0x0b,0x92,"ff ce ff 51 0b 92 00 00"
2025-10-25 10:11:56,29.68,0xff,0xce,0xff,0x51,0x0b,0x98,"ff ce ff 51 0b 98 00 00"
2025-10-25 10:11:56,29.75,0xff,0xce,0xff,0x51,0x0b,0x9f,"ff ce ff 51 0b 9f 00 00"
2025-10-25 10:11:56,29.81,0xff,0xce,0xff,0x51,0x0b,0xa5,"ff ce ff 51 0b a5 00 00"
2025-10-25 10:11:56,29.87,0xff,0xce,0xff,0x51,0x0b,0xab,"ff ce ff 51 0b ab 00 00"
2025-10-25 10:11:56,29.93,0xff,0xce,0xff,0x51,0x0b,0xb1,"ff ce ff 51 0b b1 00 00"
2025-10-25 10:11:56,30,0xff,0xce,0xff,0x51,0x0b,0xb8,"ff ce ff 51 0b b8 00 00"
2025-10-25 10:11:56,30.06,0xff,0xce,0xff,0x51,0x0b,0xbe,"ff ce ff 51 0b be 00 00"
2025-10-25 10:11:56,30.12,0xff,0xce,0xff,0x51,0x0b,0xc4,"ff ce ff 51 0b c4 00 00"
2025-10-25 10:11:56,30.18,0xff,0xce,0xff,0x51,0x0b,0xca,"ff ce ff 51 0b ca 00 00"
2025-10-25 10:11:56,30.25,0xff,0xce,0xff,0x51,0x0b,0xd1,"ff ce ff 51 0b d1 00 00"
2025-10-25 10:11:56,30.31,0xff,0xce,0xff,0x51,0x0b,0xd7,"ff ce ff 51 0b d7 00 00"
2025-10-25 10:11:56,30.31,0xff,0xce,0xff,0x51,0x0b,0xd7,"ff ce ff 51 0b d7 00 00"
2025-10-25 10:11:56,30.37,0xff,0xce,0xff,0x51,0x0b,0xdd,"ff ce ff 51 0b dd 00 00"
2025-10-25 10:11:56,30.43,0xff,0xce,0xff,0x51,0x0b,0xe3,"ff ce ff 51 0b e3 00 00"
2025-10-25 10:11:56,30.43,0xff,0xce,0xff,0x51,0x0b,0xe3,"ff ce ff 51 0b e3 00 00"
2025-10-25 10:11:56,30.5,0xff,0xce,0xff,0x51,0x0b,0xea,"ff ce ff 51 0b ea 00 00"
2025-10-25 10:11:56,30.5,0xff,0xce,0xff,0x51,0x0b,0xea,"ff ce ff 51 0b ea 00 00"
2025-10-25 10:11:56,30.56,0xff,0xce,0xff,0x51,0x0b,0xf0,"ff ce ff 51 0b f0 00 00"
2025-10-25 10:11:56,30.62,0xff,0xce,0xff,0x51,0x0b,0xf6,"ff ce ff 51 0b f6 00 00"
2025-10-25 10:11:56,30.68,0xff,0xce,0xff,0x51,0x0b,0xfc,"ff ce ff 51 0b fc 00 00"
2025-10-25 10:11:56,30.68,0xff,0xce,0xff,0x51,0x0b,0xfc,"ff ce ff 51 0b fc 00 00"
2025-10-25 10:11:56,30.75,0xff,0xce,0xff,0x51,0x0c,0x03,"ff ce ff 51 0c 03 00 00"
2025-10-25 10:11:56,30.81,0xff,0xce,0xff,0x51,0x0c,0x09,"ff ce ff 51 0c 09 00 00"
2025-10-25 10:11:56,30.87,0xff,0xce,0xff,0x4b,0x0c,0x0f,"ff ce ff 4b 0c 0f 00 00"
2025-10-25 10:11:57,30.87,0xff,0xce,0xff,0x4b,0x0c,0x0f,"ff ce ff 4b 0c 0f 00 00"
2025-10-25 10:11:57,30.93,0xff,0xce,0xff,0x4b,0x0c,0x15,"ff ce ff 4b 0c 15 00 00"
2025-10-25 10:11:57,30.93,0xff,0xd5,0xff,0x4b,0x0c,0x15,"ff d5 ff 4b 0c 15 00 00"
2025-10-25 10:11:57,31,0xff,0xd5,0xff,0x4b,0x0c,0x1c,"ff d5 ff 4b 0c 1c 00 00"
2025-10-25 10:11:57,31,0xff,0xd5,0xff,0x4b,0x0c,0x1c,"ff d5 ff 4b 0c 1c 00 00"
2025-10-25 10:11:57,31.06,0xff,0xd5,0xff,0x4b,0x0c,0x22,"ff d5 ff 4b 0c 22 00 00"
2025-10-25 10:11:57,31.06,0xff,0xd5,0xff,0x4b,0x0c,0x22,"ff d5 ff 4b 0c 22 00 00"
2025-10-25 10:11:57,31.12,0xff,0xd5,0xff,0x4b,0x0c,0x28,"ff d5 ff 4b 0c 28 00 00"
2025-10-25 10:11:57,31.12,0xff,0xd5,0xff,0x4b,0x0c,0x28,"ff d5 ff 4b 0c 28 00 00"
2025-10-25 10:11:57,31.18,0xff,0xd5,0xff,0x4b,0x0c,0x2e,"ff d5 ff 4b 0c 2e 00 00"
2025-10-25 10:11:57,31.18,0xff,0xd5,0xff,0x4b,0x0c,0x2e,"ff d5 ff 4b 0c 2e 00 00"
2025-10-25 10:11:57,31.18,0xff,0xd5,0xff,0x4b,0x0c,0x2e,"ff d5 ff 4b 0c 2e 00 00"
2025-10-25 10:11:57,31.25,0xff,0xd5,0xff,0x4b,0x0c,0x35,"ff d5 ff 4b 0c 35 00 00"
2025-10-25 10:11:57,31.25,0xff,0xd5,0xff,0x4b,0x0c,0x35,"ff d5 ff 4b 0c 35 00 00"
2025-10-25 10:11:57,31.25,0xff,0xd5,0xff,0x4b,0x0c,0x35,"ff d5 ff 4b 0c 35 00 00"
2025-10-25 10:11:57,31.25,0xff,0xd5,0xff,0x4b,0x0c,0x35,"ff d5 ff 4b 0c 35 00 00"
2025-10-25 10:11:57,31.31,0xff,0xd5,0xff,0x4b,0x0c,0x3b,"ff d5 ff 4b 0c 3b 00 00"
2025-10-25 10:11:57,31.31,0xff,0xd5,0xff,0x4b,0x0c,0x3b,"ff d5 ff 4b 0c 3b 00 00"
2025-10-25 10:11:57,31.31,0xff,0xd5,0xff,0x4b,0x0c,0x3b,"ff d5 ff 4b 0c 3b 00 00"
2025-10-25 10:11:57,31.31,0xff,0xd5,0xff,0x4b,0x0c,0x3b,"ff d5 ff 4b 0c 3b 00 00"
2025-10-25 10:11:57,31.31,0xff,0xd5,0xff,0x4b,0x0c,0x3b,"ff d5 ff 4b 0c 3b 00 00"
2025-10-25 10:11:57,31.37,0xff,0xd5,0xff,0x4b,0x0c,0x41,"ff d5 ff 4b 0c 41 00 00"
2025-10-25 10:11:57,31.37,0xff,0xd5,0xff,0x4b,0x0c,0x41,"ff d5 ff 4b 0c 41 00 00"
2025-10-25 10:11:57,31.43,0xff,0xd5,0xff,0x4b,0x0c,0x47,"ff d5 ff 4b 0c 47 00 00"
2025-10-25 10:11:57,31.43,0xff,0xd5,0xff,0x4b,0x0c,0x47,"ff d5 ff 4b 0c 47 00 00"
2025-10-25 10:11:57,31.43,0xff,0xd5,0xff,0x4b,0x0c,0x47,"ff d5 ff 4b 0c 47 00 00"
2025-10-25 10:11:57,31.5,0xff,0xd5,0xff,0x4b,0x0c,0x4e,"ff d5 ff 4b 0c 4e 00 00"
2025-10-25 10:11:57,31.56,0xff,0xd5,0xff,0x4b,0x0c,0x54,"ff d5 ff 4b 0c 54 00 00"
2025-10-25 10:11:57,31.56,0xff,0xd5,0xff,0x4b,0x0c,0x54,"ff d5 ff 4b 0c 54 00 00"
2025-10-25 10:11:57,31.62,0xff,0xd5,0xff,0x4b,0x0c,0x5a,"ff d5 ff 4b 0c 5a 00 00"
2025-10-25 10:11:57,31.62,0xff,0xd5,0xff,0x4b,0x0c,0x5a,"ff d5 ff 4b 0c 5a 00 00"
2025-10-25 10:11:57,31.68,0xff,0xd5,0xff,0x4b,0x0c,0x60,"ff d5 ff 4b 0c 60 00 00"
2025-10-25 10:11:57,31.68,0xff,0xd5,0xff,0x4b,0x0c,0x60,"ff d5 ff 4b 0c 60 00 00"
2025-10-25 10:11:57,31.68,0xff,0xd5,0xff,0x4b,0x0c,0x60,"ff d5 ff 4b 0c 60 00 00"
2025-10-25 10:11:58,31.75,0xff,0xd5,0xff,0x4b,0x0c,0x67,"ff d5 ff 4b 0c 67 00 00"
2025-10-25 10:11:58,31.75,0xff,0xd5,0xff,0x4b,0x0c,0x67,"ff d5 ff 4b 0c 67 00 00"
2025-10-25 10:11:58,31.75,0xff,0xd5,0xff,0x4b,0x0c,0x67,"ff d5 ff 4b 0c 67 00 00"
2025-10-25 10:11:58,31.81,0xff,0xd5,0xff,0x4b,0x0c,0x6d,"ff d5 ff 4b 0c 6d 00 00"
2025-10-25 10:11:58,31.81,0xff,0xd5,0xff,0x4b,0x0c,0x6d,"ff d5 ff 4b 0c 6d 00 00"
2025-10-25 10:11:58,31.81,0xff,0xd5,0xff,0x4b,0x0c,0x6d,"ff d5 ff 4b 0c 6d 00 00"
2025-10-25 10:11:58,31.87,0xff,0xd5,0xff,0x4b,0x0c,0x73,"ff d5 ff 4b 0c 73 00 00"
2025-10-25 10:11:58,31.87,0xff,0xd5,0xff,0x4b,0x0c,0x73,"ff d5 ff 4b 0c 73 00 00"
2025-10-25 10:11:58,31.93,0xff,0xd5,0xff,0x4b,0x0c,0x79,"ff d5 ff 4b 0c 79 00 00"
2025-10-25 10:11:58,31.93,0xff,0xd5,0xff,0x4b,0x0c,0x79,"ff d5 ff 4b 0c 79 00 00"
2025-10-25 10:11:58,31.93,0xff,0xd5,0xff,0x4b,0x0c,0x79,"ff d5 ff 4b 0c 79 00 00"
2025-10-25 10:11:58,32,0xff,0xd5,0xff,0x4b,0x0c,0x80,"ff d5 ff 4b 0c 80 00 00"
2025-10-25 10:11:58,32,0xff,0xd5,0xff,0x4b,0x0c,0x80,"ff d5 ff 4b 0c 80 00 00"
2025-10-25 10:11:58,32,0xff,0xd5,0xff,0x4b,0x0c,0x80,"ff d5 ff 4b 0c 80 00 00"
2025-10-25 10:11:58,32.06,0xff,0xd5,0xff,0x4b,0x0c,0x86,"ff d5 ff 4b 0c 86 00 00"
2025-10-25 10:11:58,32.06,0xff,0xd5,0xff,0x4b,0x0c,0x86,"ff d5 ff 4b 0c 86 00 00"
2025-10-25 10:11:58,32.06,0xff,0xd5,0xff,0x4b,0x0c,0x86,"ff d5 ff 4b 0c 86 00 00"
2025-10-25 10:11:58,32.06,0xff,0xd5,0xff,0x4b,0x0c,0x86,"ff d5 ff 4b 0c 86 00 00"
2025-10-25 10:11:58,32.06,0xff,0xd5,0xff,0x4b,0x0c,0x86,"ff d5 ff 4b 0c 86 00 00"
2025-10-25 10:11:58,32.06,0xff,0xd5,0xff,0x4b,0x0c,0x86,"ff d5 ff 4b 0c 86 00 00"
2025-10-25 10:11:58,32.06,0xff,0xd5,0xff,0x4b,0x0c,0x86,"ff d5 ff 4b 0c 86 00 00"
2025-10-25 10:11:58,32.06,0xff,0xd5,0xff,0x4b,0x0c,0x86,"ff d5 ff 4b 0c 86 00 00"
2025-10-25 10:11:58,32.06,0xff,0xd5,0xff,0x4b,0x0c,0x86,"ff d5 ff 4b 0c 86 00 00"
2025-10-25 10:11:58,32.06,0xff,0xd5,0xff,0x4b,0x0c,0x86,"ff d5 ff 4b 0c 86 00 00"
2025-10-25 10:11:58,32.06,0xff,0xd5,0xff,0x4b,0x0c,0x86,"ff d5 ff 4b 0c 86 00 00"
2025-10-25 10:11:58,32.06,0xff,0xd5,0xff,0x4b,0x0c,0x86,"ff d5 ff 4b 0c 86 00 00"
2025-10-25 10:11:58,32.06,0xff,0xd5,0xff,0x4b,0x0c,0x86,"ff d5 ff 4b 0c 86 00 00"
2025-10-25 10:11:58,32.06,0xff,0xd5,0xff,0x4b,0x0c,0x86,"ff d5 ff 4b 0c 86 00 00"
2025-10-25 10:11:58,32.06,0xff,0xd5,0xff,0x4b,0x0c,0x86,"ff d5 ff 4b 0c 86 00 00"
2025-10-25 10:11:58,32.06,0xff,0xd5,0xff,0x4b,0x0c,0x86,"ff d5 ff 4b 0c 86 00 00"
2025-10-25 10:11:58,32.06,0xff,0xd5,0xff,0x4b,0x0c,0x86,"ff d5 ff 4b 0c 86 00 00"
2025-10-25 10:11:58,32.06,0xff,0xd5,0xff,0x4b,0x0c,0x86,"ff d5 ff 4b 0c 86 00 00"
2025-10-25 10:11:58,32.06,0xff,0xd5,0xff,0x4b,0x0c,0x86,"ff d5 ff 4b 0c 86 00 00"
2025-10-25 10:11:58,32.06,0xff,0xd5,0xff,0x4b,0x0c,0x86,"ff d5 ff 4b 0c 86 00 00"
2025-10-25 10:11:59,32.06,0xff,0xd5,0xff,0x4b,0x0c,0x86,"ff d5 ff 4b 0c 86 00 00"
2025-10-25 10:11:59,32.06,0xff,0xd5,0xff,0x4b,0x0c,0x86,"ff d5 ff 4b 0c 86 00 00"
2025-10-25 10:11:59,32.06,0xff,0xd5,0xff,0x4b,0x0c,0x86,"ff d5 ff 4b 0c 86 00 00"
2025-10-25 10:11:59,32.06,0xff,0xd5,0xff,0x4b,0x0c,0x86,"ff d5 ff 4b 0c 86 00 00"
2025-10-25 10:11:59,32.06,0xff,0xd5,0xff,0x4b,0x0c,0x86,"ff d5 ff 4b 0c 86 00 00"
2025-10-25 10:11:59,32.06,0xff,0xd5,0xff,0x4b,0x0c,0x86,"ff d5 ff 4b 0c 86 00 00"
2025-10-25 10:11:59,32.06,0xff,0xd5,0xff,0x4b,0x0c,0x86,"ff d5 ff 4b 0c 86 00 00"
2025-10-25 10:11:59,32.06,0xff,0xd5,0xff,0x4b,0x0c,0x86,"ff d5 ff 4b 0c 86 00 00"
2025-10-25 10:11:59,32.06,0xff,0xd5,0xff,0x4b,0x0c,0x86,"ff d5 ff 4b 0c 86 00 00"
2025-10-25 10:11:59,32.06,0xff,0xd5,0xff,0x4b,0x0c,0x86,"ff d5 ff 4b 0c 86 00 00"
2025-10-25 10:11:59,32.06,0xff,0xd5,0xff,0x4b,0x0c,0x86,"ff d5 ff 4b 0c 86 00 00"
2025-10-25 10:11:59,32.06,0xff,0xd5,0xff,0x4b,0x0c,0x86,"ff d5 ff 4b 0c 86 00 00"
2025-10-25 10:11:59,32.06,0xff,0xd5,0xff,0x4b,0x0c,0x86,"ff d5 ff 4b 0c 86 00 00"
2025-10-25 10:11:59,32.06,0xff,0xd5,0xff,0x4b,0x0c,0x86,"ff d5 ff 4b 0c 86 00 00"
2025-10-25 10:11:59,32.06,0xff,0xd5,0xff,0x4b,0x0c,0x86,"ff d5 ff 4b 0c 86 00 00"
2025-10-25 10:11:59,32.06,0xff,0xd5,0xff,0x4b,0x0c,0x86,"ff d5 ff 4b 0c 86 00 00"
2025-10-25 10:11:59,32.06,0xff,0xd5,0xff,0x4b,0x0c,0x86,"ff d5 ff 4b 0c 86 00 00"
2025-10-25 10:11:59,32.06,0xff,0xd5,0xff,0x4b,0x0c,0x86,"ff d5 ff 4b 0c 86 00 00"
2025-10-25 10:11:59,32.06,0xff,0xd5,0xff,0x4b,0x0c,0x86,"ff d5 ff 4b 0c 86 00 00"
2025-10-25 10:11:59,32.06,0xff,0xd5,0xff,0x4b,0x0c,0x86,"ff d5 ff 4b 0c 86 00 00"
2025-10-25 10:11:59,32.06,0xff,0xd5,0xff,0x4b,0x0c,0x86,"ff d5 ff 4b 0c 86 00 00"
2025-10-25 10:11:59,32.06,0xff,0xd5,0xff,0x4b,0x0c,0x86,"ff d5 ff 4b 0c 86 00 00"
2025-10-25 10:11:59,32.06,0xff,0xd5,0xff,0x4b,0x0c,0x86,"ff d5 ff 4b 0c 86 00 00"
2025-10-25 10:11:59,32.06,0xff,0xd5,0xff,0x4b,0x0c,0x86,"ff d5 ff 4b 0c 86 00 00"
2025-10-25 10:11:59,32.12,0xff,0xd5,0xff,0x4b,0x0c,0x8c,"ff d5 ff 4b 0c 8c 00 00"
2025-10-25 10:11:59,32.12,0xff,0xd5,0xff,0x4b,0x0c,0x8c,"ff d5 ff 4b 0c 8c 00 00"
2025-10-25 10:11:59,32.12,0xff,0xd5,0xff,0x4b,0x0c,0x8c,"ff d5 ff 4b 0c 8c 00 00"
2025-10-25 10:11:59,32.12,0xff,0xd5,0xff,0x4b,0x0c,0x8c,"ff d5 ff 4b 0c 8c 00 00"
2025-10-25 10:11:59,32.18,0xff,0xd5,0xff,0x4b,0x0c,0x92,"ff d5 ff 4b 0c 92 00 00"
2025-10-25 10:11:59,32.18,0xff,0xd5,0xff,0x4b,0x0c,0x92,"ff d5 ff 4b 0c 92 00 00"
2025-10-25 10:11:59,32.18,0xff,0xd5,0xff,0x4b,0x0c,0x92,"ff d5 ff 4b 0c 92 00 00"
2025-10-25 10:11:59,32.18,0xff,0xd5,0xff,0x4b,0x0c,0x92,"ff d5 ff 4b 0c 92 00 00"
2025-10-25 10:11:59,32.18,0xff,0xd5,0xff,0x4b,0x0c,0x92,"ff d5 ff 4b 0c 92 00 00"
2025-10-25 10:11:59,32.18,0xff,0xd5,0xff,0x4b,0x0c,0x92,"ff d5 ff 4b 0c 92 00 00"
2025-10-25 10:11:59,32.18,0xff,0xd5,0xff,0x4b,0x0c,0x92,"ff d5 ff 4b 0c 92 00 00"
2025-10-25 10:12:00,32.18,0xff,0xd5,0xff,0x4b,0x0c,0x92,"ff d5 ff 4b 0c 92 00 00"
2025-10-25 10:12:00,32.18,0xff,0xd5,0xff,0x4b,0x0c,0x92,"ff d5 ff 4b 0c 92 00 00"
2025-10-25 10:12:00,32.18,0xff,0xd5,0xff,0x4b,0x0c,0x92,"ff d5 ff 4b 0c 92 00 00"
2025-10-25 10:12:00,32.18,0xff,0xd5,0xff,0x4b,0x0c,0x92,"ff d5 ff 4b 0c 92 00 00"
2025-10-25 10:12:00,32.18,0xff,0xd5,0xff,0x4b,0x0c,0x92,"ff d5 ff 4b 0c 92 00 00"
2025-10-25 10:12:00,32.18,0xff,0xd5,0xff,0x4b,0x0c,0x92,"ff d5 ff 4b 0c 92 00 00"
2025-10-25 10:12:00,32.12,0xff,0xd5,0xff,0x4b,0x0c,0x8c,"ff d5 ff 4b 0c 8c 00 00"
2025-10-25 10:12:00,32.12,0xff,0xd5,0xff,0x4b,0x0c,0x8c,"ff d5 ff 4b 0c 8c 00 00"
2025-10-25 10:12:00,32.12,0xff,0xd5,0xff,0x4b,0x0c,0x8c,"ff d5 ff 4b 0c 8c 00 00"
2025-10-25 10:12:00,32.12,0xff,0xd5,0xff,0x4b,0x0c,0x8c,"ff d5 ff 4b 0c 8c 00 00"
2025-10-25 10:12:00,32.12,0xff,0xd5,0xff,0x4b,0x0c,0x8c,"ff d5 ff 4b 0c 8c 00 00"
2025-10-25 10:12:00,32.12,0xff,0xd5,0xff,0x4b,0x0c,0x8c,"ff d5 ff 4b 0c 8c 00 00"
2025-10-25 10:12:00,32.12,0xff,0xd5,0xff,0x4b,0x0c,0x8c,"ff d5 ff 4b 0c 8c 00 00"
2025-10-25 10:12:00,32.12,0xff,0xd5,0xff,0x4b,0x0c,0x8c,"ff d5 ff 4b 0c 8c 00 00"
2025-10-25 10:12:00,32.12,0xff,0xd5,0xff,0x4b,0x0c,0x8c,"ff d5 ff 4b 0c 8c 00 00"
2025-10-25 10:12:00,32.12,0xff,0xd5,0xff,0x4b,0x0c,0x8c,"ff d5 ff 4b 0c 8c 00 00"
2025-10-25 10:12:00,32.12,0xff,0xd5,0xff,0x4b,0x0c,0x8c,"ff d5 ff 4b 0c 8c 00 00"
2025-10-25 10:12:00,32.12,0xff,0xd5,0xff,0x4b,0x0c,0x8c,"ff d5 ff 4b 0c 8c 00 00"
2025-10-25 10:12:00,32.12,0xff,0xd5,0xff,0x4b,0x0c,0x8c,"ff d5 ff 4b 0c 8c 00 00"
2025-10-25 10:12:00,32.12,0xff,0xd5,0xff,0x4b,0x0c,0x8c,"ff d5 ff 4b 0c 8c 00 00"
2025-10-25 10:12:00,32.12,0xff,0xd5,0xff,0x4b,0x0c,0x8c,"ff d5 ff 4b 0c 8c 00 00"
2025-10-25 10:12:00,32.12,0xff,0xd5,0xff,0x4b,0x0c,0x8c,"ff d5 ff 4b 0c 8c 00 00"
2025-10-25 10:12:00,32.12,0xff,0xd5,0xff,0x4b,0x0c,0x8c,"ff d5 ff 4b 0c 8c 00 00"
2025-10-25 10:12:00,32.12,0xff,0xd5,0xff,0x4b,0x0c,0x8c,"ff d5 ff 4b 0c 8c 00 00"
2025-10-25 10:12:00,32.12,0xff,0xd5,0xff,0x4b,0x0c,0x8c,"ff d5 ff 4b 0c 8c 00 00"
2025-10-25 10:12:00,32.12,0xff,0xd5,0xff,0x4b,0x0c,0x8c,"ff d5 ff 4b 0c 8c 00 00"
2025-10-25 10:12:00,32.12,0xff,0xd5,0xff,0x4b,0x0c,0x8c,"ff d5 ff 4b 0c 8c 00 00"
2025-10-25 10:12:00,32.12,0xff,0xd5,0xff,0x4b,0x0c,0x8c,"ff d5 ff 4b 0c 8c 00 00"
2025-10-25 10:12:00,32.12,0xff,0xd5,0xff,0x4b,0x0c,0x8c,"ff d5 ff 4b 0c 8c 00 00"
2025-10-25 10:12:00,32.12,0xff,0xd5,0xff,0x4b,0x0c,0x8c,"ff d5 ff 4b 0c 8c 00 00"
2025-10-25 10:12:00,32.12,0xff,0xd5,0xff,0x4b,0x0c,0x8c,"ff d5 ff 4b 0c 8c 00 00"
2025-10-25 10:12:00,32.12,0xff,0xd5,0xff,0x4b,0x0c,0x8c,"ff d5 ff 4b 0c 8c 00 00"
2025-10-25 10:12:00,32.12,0xff,0xd5,0xff,0x4b,0x0c,0x8c,"ff d5 ff 4b 0c 8c 00 00"
2025-10-25 10:12:00,32.12,0xff,0xd5,0xff,0x4b,0x0c,0x8c,"ff d5 ff 4b 0c 8c 00 00"
2025-10-25 10:12:01,32.12,0xff,0xd5,0xff,0x4b,0x0c,0x8c,"ff d5 ff 4b 0c 8c 00 00"
2025-10-25 10:12:01,32.12,0xff,0xd5,0xff,0x4b,0x0c,0x8c,"ff d5 ff 4b 0c 8c 00 00"
2025-10-25 10:12:01,32.12,0xff,0xd5,0xff,0x4b,0x0c,0x8c,"ff d5 ff 4b 0c 8c 00 00"
2025-10-25 10:12:01,32.12,0xff,0xd5,0xff,0x4b,0x0c,0x8c,"ff d5 ff 4b 0c 8c 00 00"
2025-10-25 10:12:01,32.12,0xff,0xd5,0xff,0x4b,0x0c,0x8c,"ff d5 ff 4b 0c 8c 00 00"
2025-10-25 10:12:01,32.12,0xff,0xd5,0xff,0x4b,0x0c,0x8c,"ff d5 ff 4b 0c 8c 00 00"
2025-10-25 10:12:01,32.12,0xff,0xd5,0xff,0x4b,0x0c,0x8c,"ff d5 ff 4b 0c 8c 00 00"
2025-10-25 10:12:01,32.06,0xff,0xd5,0xff,0x4b,0x0c,0x86,"ff d5 ff 4b 0c 86 00 00"
2025-10-25 10:12:01,32.06,0xff,0xd5,0xff,0x4b,0x0c,0x86,"ff d5 ff 4b 0c 86 00 00"
2025-10-25 10:12:01,32.06,0xff,0xd5,0xff,0x4b,0x0c,0x86,"ff d5 ff 4b 0c 86 00 00"
2025-10-25 10:12:01,32,0xff,0xd5,0xff,0x4b,0x0c,0x80,"ff d5 ff 4b 0c 80 00 00"
2025-10-25 10:12:01,32,0xff,0xd5,0xff,0x4b,0x0c,0x80,"ff d5 ff 4b 0c 80 00 00"
2025-10-25 10:12:01,32,0xff,0xd5,0xff,0x4b,0x0c,0x80,"ff d5 ff 4b 0c 80 00 00"
2025-10-25 10:12:01,31.93,0xff,0xd5,0xff,0x4b,0x0c,0x79,"ff d5 ff 4b 0c 79 00 00"
2025-10-25 10:12:01,31.87,0xff,0xd5,0xff,0x4b,0x0c,0x73,"ff d5 ff 4b 0c 73 00 00"
2025-10-25 10:12:01,31.87,0xff,0xd5,0xff,0x4b,0x0c,0x73,"ff d5 ff 4b 0c 73 00 00"
2025-10-25 10:12:01,31.87,0xff,0xd5,0xff,0x4b,0x0c,0x73,"ff d5 ff 4b 0c 73 00 00"
2025-10-25 10:12:01,31.87,0xff,0xd5,0xff,0x4b,0x0c,0x73,"ff d5 ff 4b 0c 73 00 00"
2025-10-25 10:12:01,31.87,0xff,0xd5,0xff,0x4b,0x0c,0x73,"ff d5 ff 4b 0c 73 00 00"
2025-10-25 10:12:01,31.87,0xff,0xd5,0xff,0x4b,0x0c,0x73,"ff d5 ff 4b 0c 73 00 00"
2025-10-25 10:12:01,31.87,0xff,0xd5,0xff,0x4b,0x0c,0x73,"ff d5 ff 4b 0c 73 00 00"
2025-10-25 10:12:01,31.87,0xff,0xd5,0xff,0x4b,0x0c,0x73,"ff d5 ff 4b 0c 73 00 00"
2025-10-25 10:12:01,31.87,0xff,0xd5,0xff,0x4b,0x0c,0x73,"ff d5 ff 4b 0c 73 00 00"
2025-10-25 10:12:01,31.87,0xff,0xd5,0xff,0x4b,0x0c,0x73,"ff d5 ff 4b 0c 73 00 00"
2025-10-25 10:12:01,31.87,0xff,0xd5,0xff,0x4b,0x0c,0x73,"ff d5 ff 4b 0c 73 00 00"
2025-10-25 10:12:01,31.87,0xff,0xd5,0xff,0x4b,0x0c,0x73,"ff d5 ff 4b 0c 73 00 00"
2025-10-25 10:12:01,31.93,0xff,0xd5,0xff,0x4b,0x0c,0x79,"ff d5 ff 4b 0c 79 00 00"
2025-10-25 10:12:01,31.93,0xff,0xd5,0xff,0x4b,0x0c,0x79,"ff d5 ff 4b 0c 79 00 00"
2025-10-25 10:12:01,31.93,0xff,0xd5,0xff,0x4b,0x0c,0x79,"ff d5 ff 4b 0c 79 00 00"
2025-10-25 10:12:01,31.93,0xff,0xd5,0xff,0x4b,0x0c,0x79,"ff d5 ff 4b 0c 79 00 00"
2025-10-25 10:12:01,31.93,0xff,0xd5,0xff,0x4b,0x0c,0x79,"ff d5 ff 4b 0c 79 00 00"
2025-10-25 10:12:01,31.93,0xff,0xd5,0xff,0x4b,0x0c,0x79,"ff d5 ff 4b 0c 79 00 00"
2025-10-25 10:12:01,31.93,0xff,0xd5,0xff,0x4b,0x0c,0x79,"ff d5 ff 4b 0c 79 00 00"
2025-10-25 10:12:02,31.93,0xff,0xd5,0xff,0x4b,0x0c,0x79,"ff d5 ff 4b 0c 79 00 00"
2025-10-25 10:12:02,31.93,0xff,0xd5,0xff,0x4b,0x0c,0x79,"ff d5 ff 4b 0c 79 00 00"
2025-10-25 10:12:02,31.93,0xff,0xd5,0xff,0x4b,0x0c,0x79,"ff d5 ff 4b 0c 79 00 00"
2025-10-25 10:12:02,31.93,0xff,0xd5,0xff,0x4b,0x0c,0x79,"ff d5 ff 4b 0c 79 00 00"
2025-10-25 10:12:02,31.87,0xff,0xd5,0xff,0x4b,0x0c,0x73,"ff d5 ff 4b 0c 73 00 00"
2025-10-25 10:12:02,31.87,0xff,0xd5,0xff,0x4b,0x0c,0x73,"ff d5 ff 4b 0c 73 00 00"
2025-10-25 10:12:02,31.87,0xff,0xd5,0xff,0x4b,0x0c,0x73,"ff d5 ff 4b 0c 73 00 00"
2025-10-25 10:12:02,31.87,0xff,0xd5,0xff,0x4b,0x0c,0x73,"ff d5 ff 4b 0c 73 00 00"
2025-10-25 10:12:02,31.87,0xff,0xd5,0xff,0x4b,0x0c,0x73,"ff d5 ff 4b 0c 73 00 00"
2025-10-25 10:12:02,31.87,0xff,0xd5,0xff,0x4b,0x0c,0x73,"ff d5 ff 4b 0c 73 00 00"
2025-10-25 10:12:02,31.87,0xff,0xd5,0xff,0x4b,0x0c,0x73,"ff d5 ff 4b 0c 73 00 00"
2025-10-25 10:12:02,31.87,0xff,0xd5,0xff,0x4b,0x0c,0x73,"ff d5 ff 4b 0c 73 00 00"
2025-10-25 10:12:02,31.87,0xff,0xd5,0xff,0x4b,0x0c,0x73,"ff d5 ff 4b 0c 73 00 00"
2025-10-25 10:12:02,31.87,0xff,0xd5,0xff,0x4b,0x0c,0x73,"ff d5 ff 4b 0c 73 00 00"
2025-10-25 10:12:02,31.87,0xff,0xd5,0xff,0x4b,0x0c,0x73,"ff d5 ff 4b 0c 73 00 00"
2025-10-25 10:12:02,31.87,0xff,0xd5,0xff,0x4b,0x0c,0x73,"ff d5 ff 4b 0c 73 00 00"
2025-10-25 10:12:02,31.87,0xff,0xd5,0xff,0x4b,0x0c,0x73,"ff d5 ff 4b 0c 73 00 00"
2025-10-25 10:12:02,31.87,0xff,0xd5,0xff,0x4b,0x0c,0x73,"ff d5 ff 4b 0c 73 00 00"
2025-10-25 10:12:02,31.87,0xff,0xd5,0xff,0x4b,0x0c,0x73,"ff d5 ff 4b 0c 73 00 00"
2025-10-25 10:12:02,31.87,0xff,0xd5,0xff,0x4b,0x0c,0x73,"ff d5 ff 4b 0c 73 00 00"
2025-10-25 10:12:02,31.87,0xff,0xd5,0xff,0x4b,0x0c,0x73,"ff d5 ff 4b 0c 73 00 00"
2025-10-25 10:12:02,31.87,0xff,0xd5,0xff,0x4b,0x0c,0x73,"ff d5 ff 4b 0c 73 00 00"
2025-10-25 10:12:02,31.87,0xff,0xd5,0xff,0x4b,0x0c,0x73,"ff d5 ff 4b 0c 73 00 00"
2025-10-25 10:12:02,31.87,0xff,0xd5,0xff,0x4b,0x0c,0x73,"ff d5 ff 4b 0c 73 00 00"
2025-10-25 10:12:02,31.87,0xff,0xd5,0xff,0x4b,0x0c,0x73,"ff d5 ff 4b 0c 73 00 00"
2025-10-25 10:12:02,31.87,0xff,0xd5,0xff,0x4b,0x0c,0x73,"ff d5 ff 4b 0c 73 00 00"
2025-10-25 10:12:02,31.87,0xff,0xd5,0xff,0x4b,0x0c,0x73,"ff d5 ff 4b 0c 73 00 00"
2025-10-25 10:12:02,31.87,0xff,0xd5,0xff,0x4b,0x0c,0x73,"ff d5 ff 4b 0c 73 00 00"
2025-10-25 10:12:02,31.87,0xff,0xd5,0xff,0x4b,0x0c,0x73,"ff d5 ff 4b 0c 73 00 00"
2025-10-25 10:12:02,31.87,0xff,0xd5,0xff,0x4b,0x0c,0x73,"ff d5 ff 4b 0c 73 00 00"
2025-10-25 10:12:02,31.87,0xff,0xd5,0xff,0x4b,0x0c,0x73,"ff d5 ff 4b 0c 73 00 00"
2025-10-25 10:12:02,31.87,0xff,0xd5,0xff,0x4b,0x0c,0x73,"ff d5 ff 4b 0c 73 00 00"
2025-10-25 10:12:02,31.87,0xff,0xd5,0xff,0x4b,0x0c,0x73,"ff d5 ff 4b 0c 73 00 00"
2025-10-25 10:12:02,31.87,0xff,0xd5,0xff,0x4b,0x0c,0x73,"ff d5 ff 4b 0c 73 00 00"
2025-10-25 10:12:03,31.87,0xff,0xd5,0xff,0x4b,0x0c,0x73,"ff d5 ff 4b 0c 73 00 00"
2025-10-25 10:12:03,31.87,0xff,0xd5,0xff,0x4b,0x0c,0x73,"ff d5 ff 4b 0c 73 00 00"
2025-10-25 10:12:03,31.87,0xff,0xd5,0xff,0x4b,0x0c,0x73,"ff d5 ff 4b 0c 73 00 00"
2025-10-25 10:12:03,31.87,0xff,0xd5,0xff,0x4b,0x0c,0x73,"ff d5 ff 4b 0c 73 00 00"
2025-10-25 10:12:03,31.87,0xff,0xd5,0xff,0x4b,0x0c,0x73,"ff d5 ff 4b 0c 73 00 00"
2025-10-25 10:12:03,31.87,0xff,0xd5,0xff,0x4b,0x0c,0x73,"ff d5 ff 4b 0c 73 00 00"
2025-10-25 10:12:03,31.87,0xff,0xd5,0xff,0x4b,0x0c,0x73,"ff d5 ff 4b 0c 73 00 00"
2025-10-25 10:12:03,31.87,0xff,0xd5,0xff,0x4b,0x0c,0x73,"ff d5 ff 4b 0c 73 00 00"
2025-10-25 10:12:03,31.87,0xff,0xd5,0xff,0x4b,0x0c,0x73,"ff d5 ff 4b 0c 73 00 00"
2025-10-25 10:12:03,31.87,0xff,0xd5,0xff,0x4b,0x0c,0x73,"ff d5 ff 4b 0c 73 00 00"
2025-10-25 10:12:03,31.87,0xff,0xd5,0xff,0x4b,0x0c,0x73,"ff d5 ff 4b 0c 73 00 00"
2025-10-25 10:12:03,31.87,0xff,0xd5,0xff,0x4b,0x0c,0x73,"ff d5 ff 4b 0c 73 00 00"
2025-10-25 10:12:03,31.87,0xff,0xd5,0xff,0x4b,0x0c,0x73,"ff d5 ff 4b 0c 73 00 00"
2025-10-25 10:12:03,31.87,0xff,0xd5,0xff,0x4b,0x0c,0x73,"ff d5 ff 4b 0c 73 00 00"
2025-10-25 10:12:03,31.87,0xff,0xd5,0xff,0x4b,0x0c,0x73,"ff d5 ff 4b 0c 73 00 00"
2025-10-25 10:12:03,31.87,0xff,0xd5,0xff,0x4b,0x0c,0x73,"ff d5 ff 4b 0c 73 00 00"
2025-10-25 10:12:03,31.87,0xff,0xd5,0xff,0x4b,0x0c,0x73,"ff d5 ff 4b 0c 73 00 00"
2025-10-25 10:12:03,31.87,0xff,0xd5,0xff,0x4b,0x0c,0x73,"ff d5 ff 4b 0c 73 00 00"
2025-10-25 10:12:03,31.87,0xff,0xd5,0xff,0x4b,0x0c,0x73,"ff d5 ff 4b 0c 73 00 00"
2025-10-25 10:12:03,31.87,0xff,0xd5,0xff,0x4b,0x0c,0x73,"ff d5 ff 4b 0c 73 00 00"
2025-10-25 10:12:03,31.93,0xff,0xd5,0xff,0x4b,0x0c,0x79,"ff d5 ff 4b 0c 79 00 00"
2025-10-25 10:12:03,31.93,0xff,0xd5,0xff,0x4b,0x0c,0x79,"ff d5 ff 4b 0c 79 00 00"
2025-10-25 10:12:03,31.93,0xff,0xd5,0xff,0x4b,0x0c,0x79,"ff d5 ff 4b 0c 79 00 00"
2025-10-25 10:12:03,31.93,0xff,0xd5,0xff,0x4b,0x0c,0x79,"ff d5 ff 4b 0c 79 00 00"
2025-10-25 10:12:03,31.93,0xff,0xd5,0xff,0x4b,0x0c,0x79,"ff d5 ff 4b 0c 79 00 00"
2025-10-25 10:12:03,31.93,0xff,0xd5,0xff,0x4b,0x0c,0x79,"ff d5 ff 4b 0c 79 00 00"
2025-10-25 10:12:03,31.93,0xff,0xd5,0xff,0x4b,0x0c,0x79,"ff d5 ff 4b 0c 79 00 00"
2025-10-25 10:12:03,31.93,0xff,0xd5,0xff,0x4b,0x0c,0x79,"ff d5 ff 4b 0c 79 00 00"
2025-10-25 10:12:03,32,0xff,0xd5,0xff,0x4b,0x0c,0x80,"ff d5 ff 4b 0c 80 00 00"
2025-10-25 10:12:03,32,0xff,0xd5,0xff,0x4b,0x0c,0x80,"ff d5 ff 4b 0c 80 00 00"
2025-10-25 10:12:03,32,0xff,0xd5,0xff,0x4b,0x0c,0x80,"ff d5 ff 4b 0c 80 00 00"
2025-10-25 10:12:03,32,0xff,0xd5,0xff,0x4b,0x0c,0x80,"ff d5 ff 4b 0c 80 00 00"
2025-10-25 10:12:03,32,0xff,0xd5,0xff,0x4b,0x0c,0x80,"ff d5 ff 4b 0c 80 00 00"
2025-10-25 10:12:03,32,0xff,0xd5,0xff,0x4b,0x0c,0x80,"ff d5 ff 4b 0c 80 00 00"
2025-10-25 10:12:04,32,0xff,0xd5,0xff,0x4b,0x0c,0x80,"ff d5 ff 4b 0c 80 00 00"
2025-10-25 10:12:04,32,0xff,0xd5,0xff,0x4b,0x0c,0x80,"ff d5 ff 4b 0c 80 00 00"
2025-10-25 10:12:04,32,0xff,0xd5,0xff,0x4b,0x0c,0x80,"ff d5 ff 4b 0c 80 00 00"
2025-10-25 10:12:04,32,0xff,0xd5,0xff,0x4b,0x0c,0x80,"ff d5 ff 4b 0c 80 00 00"
2025-10-25 10:12:04,32,0xff,0xd5,0xff,0x4b,0x0c,0x80,"ff d5 ff 4b 0c 80 00 00"
2025-10-25 10:12:04,31.93,0xff,0xd5,0xff,0x4b,0x0c,0x79,"ff d5 ff 4b 0c 79 00 00"
2025-10-25 10:12:04,31.93,0xff,0xd5,0xff,0x4b,0x0c,0x79,"ff d5 ff 4b 0c 79 00 00"
2025-10-25 10:12:04,31.93,0xff,0xd5,0xff,0x4b,0x0c,0x79,"ff d5 ff 4b 0c 79 00 00"
2025-10-25 10:12:04,31.87,0xff,0xd5,0xff,0x4b,0x0c,0x73,"ff d5 ff 4b 0c 73 00 00"
2025-10-25 10:12:04,31.87,0xff,0xd5,0xff,0x4b,0x0c,0x73,"ff d5 ff 4b 0c 73 00 00"
2025-10-25 10:12:04,31.87,0xff,0xd5,0xff,0x4b,0x0c,0x73,"ff d5 ff 4b 0c 73 00 00"
2025-10-25 10:12:04,31.87,0xff,0xd5,0xff,0x4b,0x0c,0x73,"ff d5 ff 4b 0c 73 00 00"
2025-10-25 10:12:04,31.87,0xff,0xd5,0xff,0x4b,0x0c,0x73,"ff d5 ff 4b 0c 73 00 00"
2025-10-25 10:12:04,31.87,0xff,0xd5,0xff,0x4b,0x0c,0x73,"ff d5 ff 4b 0c 73 00 00"
2025-10-25 10:12:04,31.87,0xff,0xd5,0xff,0x4b,0x0c,0x73,"ff d5 ff 4b 0c 73 00 00"
2025-10-25 10:12:04,31.87,0xff,0xd5,0xff,0x4b,0x0c,0x73,"ff d5 ff 4b 0c 73 00 00"
2025-10-25 10:12:04,31.87,0xff,0xd5,0xff,0x4b,0x0c,0x73,"ff d5 ff 4b 0c 73 00 00"
2025-10-25 10:12:04,31.87,0xff,0xd5,0xff,0x4b,0x0c,0x73,"ff d5 ff 4b 0c 73 00 00"
2025-10-25 10:12:04,31.87,0xff,0xd5,0xff,0x4b,0x0c,0x73,"ff d5 ff 4b 0c 73 00 00"
2025-10-25 10:12:04,31.87,0xff,0xd5,0xff,0x4b,0x0c,0x73,"ff d5 ff 4b 0c 73 00 00"
2025-10-25 10:12:04,31.87,0xff,0xd5,0xff,0x4b,0x0c,0x73,"ff d5 ff 4b 0c 73 00 00"
2025-10-25 10:12:04,31.87,0xff,0xd5,0xff,0x4b,0x0c,0x73,"ff d5 ff 4b 0c 73 00 00"
2025-10-25 10:12:04,31.87,0xff,0xd5,0xff,0x4b,0x0c,0x73,"ff d5 ff 4b 0c 73 00 00"
2025-10-25 10:12:04,31.87,0xff,0xd5,0xff,0x4b,0x0c,0x73,"ff d5 ff 4b 0c 73 00 00"
2025-10-25 10:12:04,31.87,0xff,0xd5,0xff,0x4b,0x0c,0x73,"ff d5 ff 4b 0c 73 00 00"
2025-10-25 10:12:04,31.87,0xff,0xd5,0xff,0x4b,0x0c,0x73,"ff d5 ff 4b 0c 73 00 00"
2025-10-25 10:12:04,31.87,0xff,0xd5,0xff,0x4b,0x0c,0x73,"ff d5 ff 4b 0c 73 00 00"
2025-10-25 10:12:04,31.87,0xff,0xd5,0xff,0x4b,0x0c,0x73,"ff d5 ff 4b 0c 73 00 00"
2025-10-25 10:12:04,31.87,0xff,0xd5,0xff,0x4b,0x0c,0x73,"ff d5 ff 4b 0c 73 00 00"
2025-10-25 10:12:04,31.87,0xff,0xd5,0xff,0x4b,0x0c,0x73,"ff d5 ff 4b 0c 73 00 00"
2025-10-25 10:12:04,31.87,0xff,0xd5,0xff,0x4b,0x0c,0x73,"ff d5 ff 4b 0c 73 00 00"
2025-10-25 10:12:04,31.87,0xff,0xd5,0xff,0x4b,0x0c,0x73,"ff d5 ff 4b 0c 73 00 00"
2025-10-25 10:12:04,31.87,0xff,0xd5,0xff,0x4b,0x0c,0x73,"ff d5 ff 4b 0c 73 00 00"
2025-10-25 10:12:04,31.87,0xff,0xd5,0xff,0x4b,0x0c,0x73,"ff d5 ff 4b 0c 73 00 00"
2025-10-25 10:12:05,31.87,0xff,0xd5,0xff,0x4b,0x0c,0x73,"ff d5 ff 4b 0c 73 00 00"
2025-10-25 10:12:05,31.87,0xff,0xd5,0xff,0x4b,0x0c,0x73,"ff d5 ff 4b 0c 73 00 00"
2025-10-25 10:12:05,31.87,0xff,0xd5,0xff,0x4b,0x0c,0x73,"ff d5 ff 4b 0c 73 00 00"
2025-10-25 10:12:05,31.87,0xff,0xd5,0xff,0x4b,0x0c,0x73,"ff d5 ff 4b 0c 73 00 00"
2025-10-25 10:12:05,31.87,0xff,0xd5,0xff,0x4b,0x0c,0x73,"ff d5 ff 4b 0c 73 00 00"
2025-10-25 10:12:05,31.87,0xff,0xd5,0xff,0x4b,0x0c,0x73,"ff d5 ff 4b 0c 73 00 00"
2025-10-25 10:12:05,31.87,0xff,0xd5,0xff,0x4b,0x0c,0x73,"ff d5 ff 4b 0c 73 00 00"
2025-10-25 10:12:05,31.87,0xff,0xd5,0xff,0x4b,0x0c,0x73,"ff d5 ff 4b 0c 73 00 00"
2025-10-25 10:12:05,31.87,0xff,0xd5,0xff,0x4b,0x0c,0x73,"ff d5 ff 4b 0c 73 00 00"
2025-10-25 10:12:05,31.87,0xff,0xd5,0xff,0x4b,0x0c,0x73,"ff d5 ff 4b 0c 73 00 00"
2025-10-25 10:12:05,31.87,0xff,0xd5,0xff,0x4b,0x0c,0x73,"ff d5 ff 4b 0c 73 00 00"
2025-10-25 10:12:05,31.87,0xff,0xd5,0xff,0x4b,0x0c,0x73,"ff d5 ff 4b 0c 73 00 00"
2025-10-25 10:12:05,31.87,0xff,0xd5,0xff,0x4b,0x0c,0x73,"ff d5 ff 4b 0c 73 00 00"
2025-10-25 10:12:05,31.87,0xff,0xd5,0xff,0x4b,0x0c,0x73,"ff d5 ff 4b 0c 73 00 00"
2025-10-25 10:12:05,31.87,0xff,0xd5,0xff,0x4b,0x0c,0x73,"ff d5 ff 4b 0c 73 00 00"
2025-10-25 10:12:05,31.87,0xff,0xd5,0xff,0x4b,0x0c,0x73,"ff d5 ff 4b 0c 73 00 00"
2025-10-25 10:12:05,31.87,0xff,0xd5,0xff,0x4b,0x0c,0x73,"ff d5 ff 4b 0c 73 00 00"
2025-10-25 10:12:05,31.87,0xff,0xd5,0xff,0x4b,0x0c,0x73,"ff d5 ff 4b 0c 73 00 00"
2025-10-25 10:12:05,31.87,0xff,0xd5,0xff,0x4b,0x0c,0x73,"ff d5 ff 4b 0c 73 00 00"
2025-10-25 10:12:05,31.87,0xff,0xd5,0xff,0x4b,0x0c,0x73,"ff d5 ff 4b 0c 73 00 00"
2025-10-25 10:12:05,31.87,0xff,0xd5,0xff,0x4b,0x0c,0x73,"ff d5 ff 4b 0c 73 00 00"
2025-10-25 10:12:05,31.87,0xff,0xd5,0xff,0x4b,0x0c,0x73,"ff d5 ff 4b 0c 73 00 00"
2025-10-25 10:12:05,31.87,0xff,0xd5,0xff,0x4b,0x0c,0x73,"ff d5 ff 4b 0c 73 00 00"
2025-10-25 10:12:05,31.87,0xff,0xd5,0xff,0x4b,0x0c,0x73,"ff d5 ff 4b 0c 73 00 00"
2025-10-25 10:12:05,31.81,0xff,0xd5,0xff,0x4b,0x0c,0x6d,"ff d5 ff 4b 0c 6d 00 00"
2025-10-25 10:12:05,31.81,0xff,0xd5,0xff,0x4b,0x0c,0x6d,"ff d5 ff 4b 0c 6d 00 00"
2025-10-25 10:12:05,31.81,0xff,0xd5,0xff,0x4b,0x0c,0x6d,"ff d5 ff 4b 0c 6d 00 00"
2025-10-25 10:12:05,31.81,0xff,0xd5,0xff,0x4b,0x0c,0x6d,"ff d5 ff 4b 0c 6d 00 00"
2025-10-25 10:12:05,31.75,0xff,0xd5,0xff,0x4b,0x0c,0x67,"ff d5 ff 4b 0c 67 00 00"
2025-10-25 10:12:05,31.75,0xff,0xd5,0xff,0x4b,0x0c,0x67,"ff d5 ff 4b 0c 67 00 00"
2025-10-25 10:12:05,31.75,0xff,0xd5,0xff,0x4b,0x0c,0x67,"ff d5 ff 4b 0c 67 00 00"
2025-10-25 10:12:05,31.75,0xff,0xd5,0xff,0x4b,0x0c,0x67,"ff d5 ff 4b 0c 67 00 00"
2025-10-25 10:12:05,31.75,0xff,0xd5,0xff,0x4b,0x0c,0x67,"ff d5 ff 4b 0c 67 00 00"
2025-10-25 10:12:05,31.75,0xff,0xd5,0xff,0x4b,0x0c,0x67,"ff d5 ff 4b 0c 67 00 00"
2025-10-25 10:12:05,31.75,0xff,0xd5,0xff,0x4b,0x0c,0x67,"ff d5 ff 4b 0c 67 00 00"
2025-10-25 10:12:06,31.75,0xff,0xd5,0xff,0x4b,0x0c,0x67,"ff d5 ff 4b 0c 67 00 00"
2025-10-25 10:12:06,31.75,0xff,0xd5,0xff,0x4b,0x0c,0x67,"ff d5 ff 4b 0c 67 00 00"
2025-10-25 10:12:06,31.75,0xff,0xd5,0xff,0x4b,0x0c,0x67,"ff d5 ff 4b 0c 67 00 00"
2025-10-25 10:12:06,31.75,0xff,0xd5,0xff,0x4b,0x0c,0x67,"ff d5 ff 4b 0c 67 00 00"
2025-10-25 10:12:06,31.75,0xff,0xd5,0xff,0x4b,0x0c,0x67,"ff d5 ff 4b 0c 67 00 00"
2025-10-25 10:12:06,31.81,0xff,0xd5,0xff,0x4b,0x0c,0x6d,"ff d5 ff 4b 0c 6d 00 00"
2025-10-25 10:12:06,31.81,0xff,0xd5,0xff,0x4b,0x0c,0x6d,"ff d5 ff 4b 0c 6d 00 00"
2025-10-25 10:12:06,31.81,0xff,0xd5,0xff,0x4b,0x0c,0x6d,"ff d5 ff 4b 0c 6d 00 00"
2025-10-25 10:12:06,31.87,0xff,0xd5,0xff,0x4b,0x0c,0x73,"ff d5 ff 4b 0c 73 00 00"
2025-10-25 10:12:06,31.87,0xff,0xd5,0xff,0x4b,0x0c,0x73,"ff d5 ff 4b 0c 73 00 00"
2025-10-25 10:12:06,31.87,0xff,0xd5,0xff,0x4b,0x0c,0x73,"ff d5 ff 4b 0c 73 00 00"
2025-10-25 10:12:06,31.93,0xff,0xd5,0xff,0x4b,0x0c,0x79,"ff d5 ff 4b 0c 79 00 00"
2025-10-25 10:12:06,31.93,0xff,0xd5,0xff,0x4b,0x0c,0x79,"ff d5 ff 4b 0c 79 00 00"
2025-10-25 10:12:06,32,0xff,0xd5,0xff,0x4b,0x0c,0x80,"ff d5 ff 4b 0c 80 00 00"
2025-10-25 10:12:06,32,0xff,0xd5,0xff,0x4b,0x0c,0x80,"ff d5 ff 4b 0c 80 00 00"
2025-10-25 10:12:06,32.06,0xff,0xd5,0xff,0x4b,0x0c,0x86,"ff d5 ff 4b 0c 86 00 00"
2025-10-25 10:12:06,32.06,0xff,0xd5,0xff,0x4b,0x0c,0x86,"ff d5 ff 4b 0c 86 00 00"
2025-10-25 10:12:06,32.06,0xff,0xd5,0xff,0x4b,0x0c,0x86,"ff d5 ff 4b 0c 86 00 00"
2025-10-25 10:12:06,32.06,0xff,0xd5,0xff,0x4b,0x0c,0x86,"ff d5 ff 4b 0c 86 00 00"
2025-10-25 10:12:06,32.06,0xff,0xd5,0xff,0x4b,0x0c,0x86,"ff d5 ff 4b 0c 86 00 00"
2025-10-25 10:12:06,32.06,0xff,0xd5,0xff,0x4b,0x0c,0x86,"ff d5 ff 4b 0c 86 00 00"
2025-10-25 10:12:06,32.06,0xff,0xd5,0xff,0x4b,0x0c,0x86,"ff d5 ff 4b 0c 86 00 00"
2025-10-25 10:12:06,32.06,0xff,0xd5,0xff,0x4b,0x0c,0x86,"ff d5 ff 4b 0c 86 00 00"
2025-10-25 10:12:06,32.06,0xff,0xd5,0xff,0x4b,0x0c,0x86,"ff d5 ff 4b 0c 86 00 00"
2025-10-25 10:12:06,32.06,0xff,0xd5,0xff,0x4b,0x0c,0x86,"ff d5 ff 4b 0c 86 00 00"
2025-10-25 10:12:06,32.06,0xff,0xd5,0xff,0x4b,0x0c,0x86,"ff d5 ff 4b 0c 86 00 00"
2025-10-25 10:12:06,32.06,0xff,0xd5,0xff,0x4b,0x0c,0x86,"ff d5 ff 4b 0c 86 00 00"
2025-10-25 10:12:06,32.06,0xff,0xd5,0xff,0x4b,0x0c,0x86,"ff d5 ff 4b 0c 86 00 00"
2025-10-25 10:12:06,32.06,0xff,0xd5,0xff,0x4b,0x0c,0x86,"ff d5 ff 4b 0c 86 00 00"
2025-10-25 10:12:06,32.06,0xff,0xd5,0xff,0x4b,0x0c,0x86,"ff d5 ff 4b 0c 86 00 00"
2025-10-25 10:12:06,32.06,0xff,0xd5,0xff,0x4b,0x0c,0x86,"ff d5 ff 4b 0c 86 00 00"
2025-10-25 10:12:06,32.06,0xff,0xd5,0xff,0x4b,0x0c,0x86,"ff d5 ff 4b 0c 86 00 00"
2025-10-25 10:12:06,32.06,0xff,0xd5,0xff,0x4b,0x0c,0x86,"ff d5 ff 4b 0c 86 00 00"
2025-10-25 10:12:07,32.06,0xff,0xd5,0xff,0x4b,0x0c,0x86,"ff d5 ff 4b 0c 86 00 00"
2025-10-25 10:12:07,32.06,0xff,0xd5,0xff,0x4b,0x0c,0x86,"ff d5 ff 4b 0c 86 00 00"
2025-10-25 10:12:07,32.06,0xff,0xd5,0xff,0x4b,0x0c,0x86,"ff d5 ff 4b 0c 86 00 00"
2025-10-25 10:12:07,32.06,0xff,0xd5,0xff,0x4b,0x0c,0x86,"ff d5 ff 4b 0c 86 00 00"
2025-10-25 10:12:07,32.06,0xff,0xd5,0xff,0x4b,0x0c,0x86,"ff d5 ff 4b 0c 86 00 00"
2025-10-25 10:12:07,32.06,0xff,0xd5,0xff,0x4b,0x0c,0x86,"ff d5 ff 4b 0c 86 00 00"
2025-10-25 10:12:07,32.06,0xff,0xd5,0xff,0x4b,0x0c,0x86,"ff d5 ff 4b 0c 86 00 00"
2025-10-25 10:12:07,32.12,0xff,0xd5,0xff,0x4b,0x0c,0x8c,"ff d5 ff 4b 0c 8c 00 00"
2025-10-25 10:12:07,32.12,0xff,0xd5,0xff,0x4b,0x0c,0x8c,"ff d5 ff 4b 0c 8c 00 00"
2025-10-25 10:12:07,32.12,0xff,0xd5,0xff,0x4b,0x0c,0x8c,"ff d5 ff 4b 0c 8c 00 00"
2025-10-25 10:12:07,32.18,0xff,0xd5,0xff,0x4b,0x0c,0x92,"ff d5 ff 4b 0c 92 00 00"
2025-10-25 10:12:07,32.18,0xff,0xd5,0xff,0x4b,0x0c,0x92,"ff d5 ff 4b 0c 92 00 00"
2025-10-25 10:12:07,32.25,0xff,0xd5,0xff,0x4b,0x0c,0x99,"ff d5 ff 4b 0c 99 00 00"
2025-10-25 10:12:07,32.31,0xff,0xd5,0xff,0x4b,0x0c,0x9f,"ff d5 ff 4b 0c 9f 00 00"
2025-10-25 10:12:07,32.31,0xff,0xd5,0xff,0x4b,0x0c,0x9f,"ff d5 ff 4b 0c 9f 00 00"
2025-10-25 10:12:07,32.37,0xff,0xd5,0xff,0x4b,0x0c,0xa5,"ff d5 ff 4b 0c a5 00 00"
2025-10-25 10:12:07,32.43,0xff,0xd5,0xff,0x4b,0x0c,0xab,"ff d5 ff 4b 0c ab 00 00"
2025-10-25 10:12:07,32.43,0xff,0xd5,0xff,0x4b,0x0c,0xab,"ff d5 ff 4b 0c ab 00 00"
2025-10-25 10:12:07,32.5,0xff,0xd5,0xff,0x4b,0x0c,0xb2,"ff d5 ff 4b 0c b2 00 00"
2025-10-25 10:12:07,32.56,0xff,0xd5,0xff,0x4b,0x0c,0xb8,"ff d5 ff 4b 0c b8 00 00"
2025-10-25 10:12:07,32.62,0xff,0xd5,0xff,0x4b,0x0c,0xbe,"ff d5 ff 4b 0c be 00 00"
2025-10-25 10:12:07,32.62,0xff,0xd5,0xff,0x4b,0x0c,0xbe,"ff d5 ff 4b 0c be 00 00"
2025-10-25 10:12:07,32.68,0xff,0xd5,0xff,0x4b,0x0c,0xc4,"ff d5 ff 4b 0c c4 00 00"
2025-10-25 10:12:07,32.68,0xff,0xd5,0xff,0x4b,0x0c,0xc4,"ff d5 ff 4b 0c c4 00 00"
2025-10-25 10:12:07,32.75,0xff,0xd5,0xff,0x4b,0x0c,0xcb,"ff d5 ff 4b 0c cb 00 00"
2025-10-25 10:12:07,32.81,0xff,0xd5,0xff,0x4b,0x0c,0xd1,"ff d5 ff 4b 0c d1 00 00"
2025-10-25 10:12:07,32.81,0xff,0xd5,0xff,0x4b,0x0c,0xd1,"ff d5 ff 4b 0c d1 00 00"
2025-10-25 10:12:07,32.87,0xff,0xd5,0xff,0x4b,0x0c,0xd7,"ff d5 ff 4b 0c d7 00 00"
2025-10-25 10:12:07,32.87,0xff,0xd5,0xff,0x4b,0x0c,0xd7,"ff d5 ff 4b 0c d7 00 00"
2025-10-25 10:12:07,32.93,0xff,0xdb,0xff,0x4b,0x0c,0xdd,"ff db ff 4b 0c dd 00 00"
2025-10-25 10:12:07,32.93,0xff,0xdb,0xff,0x4b,0x0c,0xdd,"ff db ff 4b 0c dd 00 00"
2025-10-25 10:12:07,32.93,0xff,0xdb,0xff,0x4b,0x0c,0xdd,"ff db ff 4b 0c dd 00 00"
2025-10-25 10:12:07,32.93,0xff,0xdb,0xff,0x4b,0x0c,0xdd,"ff db ff 4b 0c dd 00 00"
2025-10-25 10:12:07,32.93,0xff,0xdb,0xff,0x4b,0x0c,0xdd,"ff db ff 4b 0c dd 00 00"
2025-10-25 10:12:07,33,0xff,0xdb,0xff,0x4b,0x0c,0xe4,"ff db ff 4b 0c e4 00 00"
2025-10-25 10:12:08,33,0xff,0xdb,0xff,0x4b,0x0c,0xe4,"ff db ff 4b 0c e4 00 00"
2025-10-25 10:12:08,33,0xff,0xdb,0xff,0x4b,0x0c,0xe4,"ff db ff 4b 0c e4 00 00"
2025-10-25 10:12:08,33.06,0xff,0xdb,0xff,0x4b,0x0c,0xea,"ff db ff 4b 0c ea 00 00"
2025-10-25 10:12:08,33.06,0xff,0xdb,0xff,0x4b,0x0c,0xea,"ff db ff 4b 0c ea 00 00"
2025-10-25 10:12:08,33.12,0xff,0xdb,0xff,0x4b,0x0c,0xf0,"ff db ff 4b 0c f0 00 00"
2025-10-25 10:12:08,33.12,0xff,0xdb,0xff,0x4b,0x0c,0xf0,"ff db ff 4b 0c f0 00 00"
2025-10-25 10:12:08,33.12,0xff,0xdb,0xff,0x4b,0x0c,0xf0,"ff db ff 4b 0c f0 00 00"
2025-10-25 10:12:08,33.12,0xff,0xdb,0xff,0x4b,0x0c,0xf0,"ff db ff 4b 0c f0 00 00"
2025-10-25 10:12:08,33.18,0xff,0xdb,0xff,0x4b,0x0c,0xf6,"ff db ff 4b 0c f6 00 00"
2025-10-25 10:12:08,33.18,0xff,0xdb,0xff,0x4b,0x0c,0xf6,"ff db ff 4b 0c f6 00 00"
2025-10-25 10:12:08,33.18,0xff,0xdb,0xff,0x4b,0x0c,0xf6,"ff db ff 4b 0c f6 00 00"
2025-10-25 10:12:08,33.18,0xff,0xdb,0xff,0x4b,0x0c,0xf6,"ff db ff 4b 0c f6 00 00"
2025-10-25 10:12:08,33.18,0xff,0xdb,0xff,0x4b,0x0c,0xf6,"ff db ff 4b 0c f6 00 00"
2025-10-25 10:12:08,33.25,0xff,0xdb,0xff,0x4b,0x0c,0xfd,"ff db ff 4b 0c fd 00 00"
2025-10-25 10:12:08,33.25,0xff,0xdb,0xff,0x4b,0x0c,0xfd,"ff db ff 4b 0c fd 00 00"
2025-10-25 10:12:08,33.25,0xff,0xdb,0xff,0x4b,0x0c,0xfd,"ff db ff 4b 0c fd 00 00"
2025-10-25 10:12:08,33.25,0xff,0xdb,0xff,0x4b,0x0c,0xfd,"ff db ff 4b 0c fd 00 00"
2025-10-25 10:12:08,33.25,0xff,0xdb,0xff,0x4b,0x0c,0xfd,"ff db ff 4b 0c fd 00 00"
2025-10-25 10:12:08,33.25,0xff,0xdb,0xff,0x4b,0x0c,0xfd,"ff db ff 4b 0c fd 00 00"
2025-10-25 10:12:08,33.25,0xff,0xdb,0xff,0x4b,0x0c,0xfd,"ff db ff 4b 0c fd 00 00"
2025-10-25 10:12:08,33.25,0xff,0xdb,0xff,0x4b,0x0c,0xfd,"ff db ff 4b 0c fd 00 00"
2025-10-25 10:12:08,33.25,0xff,0xdb,0xff,0x4b,0x0c,0xfd,"ff db ff 4b 0c fd 00 00"
2025-10-25 10:12:08,33.25,0xff,0xdb,0xff,0x4b,0x0c,0xfd,"ff db ff 4b 0c fd 00 00"
2025-10-25 10:12:08,33.25,0xff,0xdb,0xff,0x4b,0x0c,0xfd,"ff db ff 4b 0c fd 00 00"
2025-10-25 10:12:08,33.25,0xff,0xdb,0xff,0x4b,0x0c,0xfd,"ff db ff 4b 0c fd 00 00"
2025-10-25 10:12:08,33.25,0xff,0xdb,0xff,0x4b,0x0c,0xfd,"ff db ff 4b 0c fd 00 00"
2025-10-25 10:12:08,33.25,0xff,0xdb,0xff,0x4b,0x0c,0xfd,"ff db ff 4b 0c fd 00 00"
2025-10-25 10:12:08,33.25,0xff,0xdb,0xff,0x4b,0x0c,0xfd,"ff db ff 4b 0c fd 00 00"
2025-10-25 10:12:08,33.25,0xff,0xdb,0xff,0x4b,0x0c,0xfd,"ff db ff 4b 0c fd 00 00"
2025-10-25 10:12:08,33.25,0xff,0xdb,0xff,0x4b,0x0c,0xfd,"ff db ff 4b 0c fd 00 00"
2025-10-25 10:12:08,33.18,0xff,0xdb,0xff,0x4b,0x0c,0xf6,"ff db ff 4b 0c f6 00 00"
2025-10-25 10:12:08,33.18,0xff,0xdb,0xff,0x4b,0x0c,0xf6,"ff db ff 4b 0c f6 00 00"
2025-10-25 10:12:08,33.18,0xff,0xdb,0xff,0x4b,0x0c,0xf6,"ff db ff 4b 0c f6 00 00"
2025-10-25 10:12:08,33.12,0xff,0xdb,0xff,0x4b,0x0c,0xf0,"ff db ff 4b 0c f0 00 00"
2025-10-25 10:12:09,33.12,0xff,0xdb,0xff,0x4b,0x0c,0xf0,"ff db ff 4b 0c f0 00 00"
2025-10-25 10:12:09,33.06,0xff,0xdb,0xff,0x4b,0x0c,0xea,"ff db ff 4b 0c ea 00 00"
2025-10-25 10:12:09,33.06,0xff,0xdb,0xff,0x4b,0x0c,0xea,"ff db ff 4b 0c ea 00 00"
2025-10-25 10:12:09,33,0xff,0xdb,0xff,0x4b,0x0c,0xe4,"ff db ff 4b 0c e4 00 00"
2025-10-25 10:12:09,32.93,0xff,0xdb,0xff,0x4b,0x0c,0xdd,"ff db ff 4b 0c dd 00 00"
2025-10-25 10:12:09,32.87,0xff,0xd5,0xff,0x4b,0x0c,0xd7,"ff d5 ff 4b 0c d7 00 00"
2025-10-25 10:12:09,32.81,0xff,0xd5,0xff,0x4b,0x0c,0xd1,"ff d5 ff 4b 0c d1 00 00"
2025-10-25 10:12:09,32.75,0xff,0xd5,0xff,0x4b,0x0c,0xcb,"ff d5 ff 4b 0c cb 00 00"
2025-10-25 10:12:09,32.68,0xff,0xd5,0xff,0x4b,0x0c,0xc4,"ff d5 ff 4b 0c c4 00 00"
2025-10-25 10:12:09,32.62,0xff,0xd5,0xff,0x4b,0x0c,0xbe,"ff d5 ff 4b 0c be 00 00"
2025-10-25 10:12:09,32.62,0xff,0xd5,0xff,0x4b,0x0c,0xbe,"ff d5 ff 4b 0c be 00 00"
2025-10-25 10:12:09,32.56,0xff,0xd5,0xff,0x4b,0x0c,0xb8,"ff d5 ff 4b 0c b8 00 00"
2025-10-25 10:12:09,32.5,0xff,0xd5,0xff,0x4b,0x0c,0xb2,"ff d5 ff 4b 0c b2 00 00"
2025-10-25 10:12:09,32.43,0xff,0xd5,0xff,0x4b,0x0c,0xab,"ff d5 ff 4b 0c ab 00 00"
2025-10-25 10:12:09,32.37,0xff,0xd5,0xff,0x4b,0x0c,0xa5,"ff d5 ff 4b 0c a5 00 00"
2025-10-25 10:12:09,32.31,0xff,0xd5,0xff,0x4b,0x0c,0x9f,"ff d5 ff 4b 0c 9f 00 00"
2025-10-25 10:12:09,32.25,0xff,0xd5,0xff,0x4b,0x0c,0x99,"ff d5 ff 4b 0c 99 00 00"
2025-10-25 10:12:09,32.25,0xff,0xd5,0xff,0x4b,0x0c,0x99,"ff d5 ff 4b 0c 99 00 00"
2025-10-25 10:12:09,32.18,0xff,0xd5,0xff,0x4b,0x0c,0x92,"ff d5 ff 4b 0c 92 00 00"
2025-10-25 10:12:09,32.12,0xff,0xd5,0xff,0x4b,0x0c,0x8c,"ff d5 ff 4b 0c 8c 00 00"
2025-10-25 10:12:09,32.06,0xff,0xd5,0xff,0x4b,0x0c,0x86,"ff d5 ff 4b 0c 86 00 00"
2025-10-25 10:12:09,32,0xff,0xd5,0xff,0x4b,0x0c,0x80,"ff d5 ff 4b 0c 80 00 00"
2025-10-25 10:12:09,32,0xff,0xd5,0xff,0x4b,0x0c,0x80,"ff d5 ff 4b 0c 80 00 00"
2025-10-25 10:12:09,31.93,0xff,0xd5,0xff,0x4b,0x0c,0x79,"ff d5 ff 4b 0c 79 00 00"
2025-10-25 10:12:09,31.87,0xff,0xd5,0xff,0x4b,0x0c,0x73,"ff d5 ff 4b 0c 73 00 00"
2025-10-25 10:12:09,31.81,0xff,0xd5,0xff,0x4b,0x0c,0x6d,"ff d5 ff 4b 0c 6d 00 00"
2025-10-25 10:12:09,31.75,0xff,0xd5,0xff,0x4b,0x0c,0x67,"ff d5 ff 4b 0c 67 00 00"
2025-10-25 10:12:09,31.68,0xff,0xd5,0xff,0x4b,0x0c,0x60,"ff d5 ff 4b 0c 60 00 00"
2025-10-25 10:12:09,31.68,0xff,0xd5,0xff,0x4b,0x0c,0x60,"ff d5 ff 4b 0c 60 00 00"
2025-10-25 10:12:09,31.62,0xff,0xd5,0xff,0x4b,0x0c,0x5a,"ff d5 ff 4b 0c 5a 00 00"
2025-10-25 10:12:09,31.56,0xff,0xd5,0xff,0x4b,0x0c,0x54,"ff d5 ff 4b 0c 54 00 00"
2025-10-25 10:12:09,31.5,0xff,0xd5,0xff,0x4b,0x0c,0x4e,"ff d5 ff 4b 0c 4e 00 00"
2025-10-25 10:12:09,31.43,0xff,0xd5,0xff,0x4b,0x0c,0x47,"ff d5 ff 4b 0c 47 00 00"
2025-10-25 10:12:09,31.37,0xff,0xd5,0xff,0x4b,0x0c,0x41,"ff d5 ff 4b 0c 41 00 00"
2025-10-25 10:12:10,31.37,0xff,0xd5,0xff,0x4b,0x0c,0x41,"ff d5 ff 4b 0c 41 00 00"
2025-10-25 10:12:10,31.31,0xff,0xd5,0xff,0x4b,0x0c,0x3b,"ff d5 ff 4b 0c 3b 00 00"
2025-10-25 10:12:10,31.25,0xff,0xd5,0xff,0x4b,0x0c,0x35,"ff d5 ff 4b 0c 35 00 00"
2025-10-25 10:12:10,31.18,0xff,0xd5,0xff,0x4b,0x0c,0x2e,"ff d5 ff 4b 0c 2e 00 00"
2025-10-25 10:12:10,31.18,0xff,0xd5,0xff,0x4b,0x0c,0x2e,"ff d5 ff 4b 0c 2e 00 00"
2025-10-25 10:12:10,31.18,0xff,0xd5,0xff,0x4b,0x0c,0x2e,"ff d5 ff 4b 0c 2e 00 00"
2025-10-25 10:12:10,31.12,0xff,0xd5,0xff,0x4b,0x0c,0x28,"ff d5 ff 4b 0c 28 00 00"
2025-10-25 10:12:10,31.06,0xff,0xd5,0xff,0x4b,0x0c,0x22,"ff d5 ff 4b 0c 22 00 00"
2025-10-25 10:12:10,31,0xff,0xd5,0xff,0x4b,0x0c,0x1c,"ff d5 ff 4b 0c 1c 00 00"
2025-10-25 10:12:10,30.93,0xff,0xd5,0xff,0x4b,0x0c,0x15,"ff d5 ff 4b 0c 15 00 00"
2025-10-25 10:12:10,30.87,0xff,0xce,0xff,0x4b,0x0c,0x0f,"ff ce ff 4b 0c 0f 00 00"
2025-10-25 10:12:10,30.87,0xff,0xce,0xff,0x4b,0x0c,0x0f,"ff ce ff 4b 0c 0f 00 00"
2025-10-25 10:12:10,30.81,0xff,0xce,0xff,0x51,0x0c,0x09,"ff ce ff 51 0c 09 00 00"
2025-10-25 10:12:10,30.75,0xff,0xce,0xff,0x51,0x0c,0x03,"ff ce ff 51 0c 03 00 00"
2025-10-25 10:12:10,30.75,0xff,0xce,0xff,0x51,0x0c,0x03,"ff ce ff 51 0c 03 00 00"
2025-10-25 10:12:10,30.68,0xff,0xce,0xff,0x51,0x0b,0xfc,"ff ce ff 51 0b fc 00 00"
2025-10-25 10:12:10,30.68,0xff,0xce,0xff,0x51,0x0b,0xfc,"ff ce ff 51 0b fc 00 00"
2025-10-25 10:12:10,30.62,0xff,0xce,0xff,0x51,0x0b,0xf6,"ff ce ff 51 0b f6 00 00"
2025-10-25 10:12:10,30.56,0xff,0xce,0xff,0x51,0x0b,0xf0,"ff ce ff 51 0b f0 00 00"
2025-10-25 10:12:10,30.5,0xff,0xce,0xff,0x51,0x0b,0xea,"ff ce ff 51 0b ea 00 00"
2025-10-25 10:12:10,30.5,0xff,0xce,0xff,0x51,0x0b,0xea,"ff ce ff 51 0b ea 00 00"
2025-10-25 10:12:10,30.43,0xff,0xce,0xff,0x51,0x0b,0xe3,"ff ce ff 51 0b e3 00 00"
2025-10-25 10:12:10,30.37,0xff,0xce,0xff,0x51,0x0b,0xdd,"ff ce ff 51 0b dd 00 00"
2025-10-25 10:12:10,30.37,0xff,0xce,0xff,0x51,0x0b,0xdd,"ff ce ff 51 0b dd 00 00"
2025-10-25 10:12:10,30.31,0xff,0xce,0xff,0x51,0x0b,0xd7,"ff ce ff 51 0b d7 00 00"
2025-10-25 10:12:10,30.25,0xff,0xce,0xff,0x51,0x0b,0xd1,"ff ce ff 51 0b d1 00 00"
2025-10-25 10:12:10,30.25,0xff,0xce,0xff,0x51,0x0b,0xd1,"ff ce ff 51 0b d1 00 00"
2025-10-25 10:12:10,30.25,0xff,0xce,0xff,0x51,0x0b,0xd1,"ff ce ff 51 0b d1 00 00"
2025-10-25 10:12:10,30.18,0xff,0xce,0xff,0x51,0x0b,0xca,"ff ce ff 51 0b ca 00 00"
2025-10-25 10:12:10,30.18,0xff,0xce,0xff,0x51,0x0b,0xca,"ff ce ff 51 0b ca 00 00"
2025-10-25 10:12:10,30.12,0xff,0xce,0xff,0x51,0x0b,0xc4,"ff ce ff 51 0b c4 00 00"
2025-10-25 10:12:10,30.12,0xff,0xce,0xff,0x51,0x0b,0xc4,"ff ce ff 51 0b c4 00 00"
2025-10-25 10:12:10,30.06,0xff,0xce,0xff,0x51,0x0b,0xbe,"ff ce ff 51 0b be 00 00"
2025-10-25 10:12:11,30.06,0xff,0xce,0xff,0x51,0x0b,0xbe,"ff ce ff 51 0b be 00 00"
2025-10-25 10:12:11,30,0xff,0xce,0xff,0x51,0x0b,0xb8,"ff ce ff 51 0b b8 00 00"
2025-10-25 10:12:11,30,0xff,0xce,0xff,0x51,0x0b,0xb8,"ff ce ff 51 0b b8 00 00"
2025-10-25 10:12:11,29.93,0xff,0xce,0xff,0x51,0x0b,0xb1,"ff ce ff 51 0b b1 00 00"
2025-10-25 10:12:11,29.93,0xff,0xce,0xff,0x51,0x0b,0xb1,"ff ce ff 51 0b b1 00 00"
2025-10-25 10:12:11,29.87,0xff,0xce,0xff,0x51,0x0b,0xab,"ff ce ff 51 0b ab 00 00"
2025-10-25 10:12:11,29.87,0xff,0xce,0xff,0x51,0x0b,0xab,"ff ce ff 51 0b ab 00 00"
2025-10-25 10:12:11,29.81,0xff,0xce,0xff,0x51,0x0b,0xa5,"ff ce ff 51 0b a5 00 00"
2025-10-25 10:12:11,29.75,0xff,0xce,0xff,0x51,0x0b,0x9f,"ff ce ff 51 0b 9f 00 00"
2025-10-25 10:12:11,29.75,0xff,0xce,0xff,0x51,0x0b,0x9f,"ff ce ff 51 0b 9f 00 00"
2025-10-25 10:12:11,29.68,0xff,0xce,0xff,0x51,0x0b,0x98,"ff ce ff 51 0b 98 00 00"
2025-10-25 10:12:11,29.68,0xff,0xce,0xff,0x51,0x0b,0x98,"ff ce ff 51 0b 98 00 00"
2025-10-25 10:12:11,29.62,0xff,0xce,0xff,0x51,0x0b,0x92,"ff ce ff 51 0b 92 00 00"
2025-10-25 10:12:11,29.62,0xff,0xce,0xff,0x51,0x0b,0x92,"ff ce ff 51 0b 92 00 00"
2025-10-25 10:12:11,29.56,0xff,0xce,0xff,0x51,0x0b,0x8c,"ff ce ff 51 0b 8c 00 00"
2025-10-25 10:12:11,29.56,0xff,0xce,0xff,0x51,0x0b,0x8c,"ff ce ff 51 0b 8c 00 00"
2025-10-25 10:12:11,29.5,0xff,0xce,0xff,0x51,0x0b,0x86,"ff ce ff 51 0b 86 00 00"
2025-10-25 10:12:11,29.5,0xff,0xce,0xff,0x51,0x0b,0x86,"ff ce ff 51 0b 86 00 00"
2025-10-25 10:12:11,29.43,0xff,0xce,0xff,0x51,0x0b,0x7f,"ff ce ff 51 0b 7f 00 00"
2025-10-25 10:12:11,29.43,0xff,0xce,0xff,0x51,0x0b,0x7f,"ff ce ff 51 0b 7f 00 00"
2025-10-25 10:12:11,29.37,0xff,0xce,0xff,0x51,0x0b,0x79,"ff ce ff 51 0b 79 00 00"
2025-10-25 10:12:11,29.37,0xff,0xce,0xff,0x51,0x0b,0x79,"ff ce ff 51 0b 79 00 00"
2025-10-25 10:12:11,29.31,0xff,0xce,0xff,0x51,0x0b,0x73,"ff ce ff 51 0b 73 00 00"
2025-10-25 10:12:11,29.31,0xff,0xce,0xff,0x51,0x0b,0x73,"ff ce ff 51 0b 73 00 00"
2025-10-25 10:12:11,29.25,0xff,0xce,0xff,0x51,0x0b,0x6d,"ff ce ff 51 0b 6d 00 00"
2025-10-25 10:12:11,29.25,0xff,0xce,0xff,0x51,0x0b,0x6d,"ff ce ff 51 0b 6d 00 00"
2025-10-25 10:12:11,29.18,0xff,0xce,0xff,0x51,0x0b,0x66,"ff ce ff 51 0b 66 00 00"
2025-10-25 10:12:11,29.18,0xff,0xce,0xff,0x51,0x0b,0x66,"ff ce ff 51 0b 66 00 00"
2025-10-25 10:12:11,29.12,0xff,0xce,0xff,0x51,0x0b,0x60,"ff ce ff 51 0b 60 00 00"
2025-10-25 10:12:11,29.12,0xff,0xce,0xff,0x51,0x0b,0x60,"ff ce ff 51 0b 60 00 00"
2025-10-25 10:12:11,29.06,0xff,0xce,0xff,0x51,0x0b,0x5a,"ff ce ff 51 0b 5a 00 00"
2025-10-25 10:12:11,29.06,0xff,0xce,0xff,0x51,0x0b,0x5a,"ff ce ff 51 0b 5a 00 00"
2025-10-25 10:12:11,29.06,0xff,0xce,0xff,0x51,0x0b,0x5a,"ff ce ff 51 0b 5a 00 00"
2025-10-25 10:12:11,29,0xff,0xce,0xff,0x51,0x0b,0x54,"ff ce ff 51 0b 54 00 00"
2025-10-25 10:12:12,29,0xff,0xce,0xff,0x51,0x0b,0x54,"ff ce ff 51 0b 54 00 00"
2025-10-25 10:12:12,29,0xff,0xce,0xff,0x51,0x0b,0x54,"ff ce ff 51 0b 54 00 00"
2025-10-25 10:12:12,29,0xff,0xce,0xff,0x51,0x0b,0x54,"ff ce ff 51 0b 54 00 00"
2025-10-25 10:12:12,28.93,0xff,0xce,0xff,0x51,0x0b,0x4d,"ff ce ff 51 0b 4d 00 00"
2025-10-25 10:12:12,28.93,0xff,0xc8,0xff,0x51,0x0b,0x4d,"ff c8 ff 51 0b 4d 00 00"
2025-10-25 10:12:12,28.93,0xff,0xc8,0xff,0x51,0x0b,0x4d,"ff c8 ff 51 0b 4d 00 00"
2025-10-25 10:12:12,28.87,0xff,0xc8,0xff,0x51,0x0b,0x47,"ff c8 ff 51 0b 47 00 00"
2025-10-25 10:12:12,28.87,0xff,0xc8,0xff,0x51,0x0b,0x47,"ff c8 ff 51 0b 47 00 00"
2025-10-25 10:12:12,28.81,0xff,0xc8,0xff,0x51,0x0b,0x41,"ff c8 ff 51 0b 41 00 00"
2025-10-25 10:12:12,28.81,0xff,0xc8,0xff,0x51,0x0b,0x41,"ff c8 ff 51 0b 41 00 00"
2025-10-25 10:12:12,28.81,0xff,0xc8,0xff,0x51,0x0b,0x41,"ff c8 ff 51 0b 41 00 00"
2025-10-25 10:12:12,28.81,0xff,0xc8,0xff,0x51,0x0b,0x41,"ff c8 ff 51 0b 41 00 00"
2025-10-25 10:12:12,28.81,0xff,0xc8,0xff,0x51,0x0b,0x41,"ff c8 ff 51 0b 41 00 00"
2025-10-25 10:12:12,28.81,0xff,0xc8,0xff,0x51,0x0b,0x41,"ff c8 ff 51 0b 41 00 00"
2025-10-25 10:12:12,28.81,0xff,0xc8,0xff,0x51,0x0b,0x41,"ff c8 ff 51 0b 41 00 00"
2025-10-25 10:12:12,28.81,0xff,0xc8,0xff,0x51,0x0b,0x41,"ff c8 ff 51 0b 41 00 00"
2025-10-25 10:12:12,28.81,0xff,0xc8,0xff,0x51,0x0b,0x41,"ff c8 ff 51 0b 41 00 00"
2025-10-25 10:12:12,28.81,0xff,0xc8,0xff,0x51,0x0b,0x41,"ff c8 ff 51 0b 41 00 00"
2025-10-25 10:12:12,28.81,0xff,0xc8,0xff,0x51,0x0b,0x41,"ff c8 ff 51 0b 41 00 00"
2025-10-25 10:12:12,28.81,0xff,0xc8,0xff,0x51,0x0b,0x41,"ff c8 ff 51 0b 41 00 00"
2025-10-25 10:12:12,28.81,0xff,0xc8,0xff,0x51,0x0b,0x41,"ff c8 ff 51 0b 41 00 00"
2025-10-25 10:12:12,28.81,0xff,0xc8,0xff,0x51,0x0b,0x41,"ff c8 ff 51 0b 41 00 00"
2025-10-25 10:12:12,28.81,0xff,0xc8,0xff,0x51,0x0b,0x41,"ff c8 ff 51 0b 41 00 00"
2025-10-25 10:12:12,28.81,0xff,0xc8,0xff,0x51,0x0b,0x41,"ff c8 ff 51 0b 41 00 00"
2025-10-25 10:12:12,28.81,0xff,0xc8,0xff,0x51,0x0b,0x41,"ff c8 ff 51 0b 41 00 00"
2025-10-25 10:12:12,28.81,0xff,0xc8,0xff,0x51,0x0b,0x41,"ff c8 ff 51 0b 41 00 00"
2025-10-25 10:12:12,28.81,0xff,0xc8,0xff,0x51,0x0b,0x41,"ff c8 ff 51 0b 41 00 00"
2025-10-25 10:12:12,28.81,0xff,0xc8,0xff,0x51,0x0b,0x41,"ff c8 ff 51 0b 41 00 00"
2025-10-25 10:12:12,28.81,0xff,0xc8,0xff,0x51,0x0b,0x41,"ff c8 ff 51 0b 41 00 00"
2025-10-25 10:12:12,28.81,0xff,0xc8,0xff,0x51,0x0b,0x41,"ff c8 ff 51 0b 41 00 00"
2025-10-25 10:12:12,28.81,0xff,0xc8,0xff,0x51,0x0b,0x41,"ff c8 ff 51 0b 41 00 00"
2025-10-25 10:12:12,28.81,0xff,0xc8,0xff,0x51,0x0b,0x41,"ff c8 ff 51 0b 41 00 00"
2025-10-25 10:12:12,28.81,0xff,0xc8,0xff,0x51,0x0b,0x41,"ff c8 ff 51 0b 41 00 00"
2025-10-25 10:12:12,28.81,0xff,0xc8,0xff,0x51,0x0b,0x41,"ff c8 ff 51 0b 41 00 00"
2025-10-25 10:12:13,28.81,0xff,0xc8,0xff,0x51,0x0b,0x41,"ff c8 ff 51 0b 41 00 00"
2025-10-25 10:12:13,28.81,0xff,0xc8,0xff,0x51,0x0b,0x41,"ff c8 ff 51 0b 41 00 00"
2025-10-25 10:12:13,28.81,0xff,0xc8,0xff,0x51,0x0b,0x41,"ff c8 ff 51 0b 41 00 00"
2025-10-25 10:12:13,28.81,0xff,0xc8,0xff,0x51,0x0b,0x41,"ff c8 ff 51 0b 41 00 00"
2025-10-25 10:12:13,28.87,0xff,0xc8,0xff,0x51,0x0b,0x47,"ff c8 ff 51 0b 47 00 00"
2025-10-25 10:12:13,28.87,0xff,0xc8,0xff,0x51,0x0b,0x47,"ff c8 ff 51 0b 47 00 00"
2025-10-25 10:12:13,28.93,0xff,0xc8,0xff,0x51,0x0b,0x4d,"ff c8 ff 51 0b 4d 00 00"
2025-10-25 10:12:13,29,0xff,0xce,0xff,0x51,0x0b,0x54,"ff ce ff 51 0b 54 00 00"
2025-10-25 10:12:13,29,0xff,0xce,0xff,0x51,0x0b,0x54,"ff ce ff 51 0b 54 00 00"
2025-10-25 10:12:13,29.06,0xff,0xce,0xff,0x51,0x0b,0x5a,"ff ce ff 51 0b 5a 00 00"
2025-10-25 10:12:13,29.12,0xff,0xce,0xff,0x51,0x0b,0x60,"ff ce ff 51 0b 60 00 00"
2025-10-25 10:12:13,29.18,0xff,0xce,0xff,0x51,0x0b,0x66,"ff ce ff 51 0b 66 00 00"
2025-10-25 10:12:13,29.31,0xff,0xce,0xff,0x51,0x0b,0x73,"ff ce ff 51 0b 73 00 00"
2025-10-25 10:12:13,29.37,0xff,0xce,0xff,0x51,0x0b,0x79,"ff ce ff 51 0b 79 00 00"
2025-10-25 10:12:13,29.43,0xff,0xce,0xff,0x51,0x0b,0x7f,"ff ce ff 51 0b 7f 00 00"
2025-10-25 10:12:13,29.5,0xff,0xce,0xff,0x51,0x0b,0x86,"ff ce ff 51 0b 86 00 00"
2025-10-25 10:12:13,29.56,0xff,0xce,0xff,0x51,0x0b,0x8c,"ff ce ff 51 0b 8c 00 00"
2025-10-25 10:12:13,29.68,0xff,0xce,0xff,0x51,0x0b,0x98,"ff ce ff 51 0b 98 00 00"
2025-10-25 10:12:13,29.75,0xff,0xce,0xff,0x51,0x0b,0x9f,"ff ce ff 51 0b 9f 00 00"
2025-10-25 10:12:13,29.87,0xff,0xce,0xff,0x51,0x0b,0xab,"ff ce ff 51 0b ab 00 00"
2025-10-25 10:12:13,29.93,0xff,0xce,0xff,0x51,0x0b,0xb1,"ff ce ff 51 0b b1 00 00"
2025-10-25 10:12:13,30,0xff,0xce,0xff,0x51,0x0b,0xb8,"ff ce ff 51 0b b8 00 00"
2025-10-25 10:12:13,30.12,0xff,0xce,0xff,0x51,0x0b,0xc4,"ff ce ff 51 0b c4 00 00"
2025-10-25 10:12:13,30.18,0xff,0xce,0xff,0x51,0x0b,0xca,"ff ce ff 51 0b ca 00 00"
2025-10-25 10:12:13,30.25,0xff,0xce,0xff,0x51,0x0b,0xd1,"ff ce ff 51 0b d1 00 00"
2025-10-25 10:12:13,30.37,0xff,0xce,0xff,0x51,0x0b,0xdd,"ff ce ff 51 0b dd 00 00"
2025-10-25 10:12:13,30.43,0xff,0xce,0xff,0x51,0x0b,0xe3,"ff ce ff 51 0b e3 00 00"
2025-10-25 10:12:13,30.56,0xff,0xce,0xff,0x51,0x0b,0xf0,"ff ce ff 51 0b f0 00 00"
2025-10-25 10:12:13,30.62,0xff,0xce,0xff,0x51,0x0b,0xf6,"ff ce ff 51 0b f6 00 00"
2025-10-25 10:12:13,30.68,0xff,0xce,0xff,0x51,0x0b,0xfc,"ff ce ff 51 0b fc 00 00"
2025-10-25 10:12:13,30.81,0xff,0xce,0xff,0x51,0x0c,0x09,"ff ce ff 51 0c 09 00 00"
2025-10-25 10:12:13,30.87,0xff,0xce,0xff,0x4b,0x0c,0x0f,"ff ce ff 4b 0c 0f 00 00"
2025-10-25 10:12:13,31,0xff,0xd5,0xff,0x4b,0x0c,0x1c,"ff d5 ff 4b 0c 1c 00 00"
2025-10-25 10:12:13,31.06,0xff,0xd5,0xff,0x4b,0x0c,0x22,"ff d5 ff 4b 0c 22 00 00"
2025-10-25 10:12:14,31.12,0xff,0xd5,0xff,0x4b,0x0c,0x28,"ff d5 ff 4b 0c 28 00 00"
2025-10-25 10:12:14,31.25,0xff,0xd5,0xff,0x4b,0x0c,0x35,"ff d5 ff 4b 0c 35 00 00"
2025-10-25 10:12:14,31.37,0xff,0xd5,0xff,0x4b,0x0c,0x41,"ff d5 ff 4b 0c 41 00 00"
2025-10-25 10:12:14,31.5,0xff,0xd5,0xff,0x4b,0x0c,0x4e,"ff d5 ff 4b 0c 4e 00 00"
2025-10-25 10:12:14,31.62,0xff,0xd5,0xff,0x4b,0x0c,0x5a,"ff d5 ff 4b 0c 5a 00 00"
2025-10-25 10:12:14,31.68,0xff,0xd5,0xff,0x4b,0x0c,0x60,"ff d5 ff 4b 0c 60 00 00"
2025-10-25 10:12:14,31.81,0xff,0xd5,0xff,0x4b,0x0c,0x6d,"ff d5 ff 4b 0c 6d 00 00"
2025-10-25 10:12:14,31.93,0xff,0xd5,0xff,0x4b,0x0c,0x79,"ff d5 ff 4b 0c 79 00 00"
2025-10-25 10:12:14,32.06,0xff,0xd5,0xff,0x4b,0x0c,0x86,"ff d5 ff 4b 0c 86 00 00"
2025-10-25 10:12:14,32.18,0xff,0xd5,0xff,0x4b,0x0c,0x92,"ff d5 ff 4b 0c 92 00 00"
2025-10-25 10:12:14,32.37,0xff,0xd5,0xff,0x4b,0x0c,0xa5,"ff d5 ff 4b 0c a5 00 00"
2025-10-25 10:12:14,32.5,0xff,0xd5,0xff,0x4b,0x0c,0xb2,"ff d5 ff 4b 0c b2 00 00"
2025-10-25 10:12:14,32.68,0xff,0xd5,0xff,0x4b,0x0c,0xc4,"ff d5 ff 4b 0c c4 00 00"
2025-10-25 10:12:14,32.81,0xff,0xd5,0xff,0x4b,0x0c,0xd1,"ff d5 ff 4b 0c d1 00 00"
2025-10-25 10:12:14,33,0xff,0xdb,0xff,0x4b,0x0c,0xe4,"ff db ff 4b 0c e4 00 00"
2025-10-25 10:12:14,33.06,0xff,0xdb,0xff,0x4b,0x0c,0xea,"ff db ff 4b 0c ea 00 00"
2025-10-25 10:12:14,33.18,0xff,0xdb,0xff,0x4b,0x0c,0xf6,"ff db ff 4b 0c f6 00 00"
2025-10-25 10:12:14,25.63,0xff,0xdb,0xff,0x4b,0x0a,0x03,"ff db ff 4b 0a 03 00 00"
2025-10-25 10:12:14,25.75,0xff,0xdb,0xff,0x4b,0x0a,0x0f,"ff db ff 4b 0a 0f 00 00"
2025-10-25 10:12:14,25.88,0xff,0xdb,0xff,0x4b,0x0a,0x1c,"ff db ff 4b 0a 1c 00 00"
2025-10-25 10:12:14,26,0xff,0xdb,0xff,0x4b,0x0a,0x28,"ff db ff 4b 0a 28 00 00"
2025-10-25 10:12:14,26.07,0xff,0xdb,0xff,0x4b,0x0a,0x2f,"ff db ff 4b 0a 2f 00 00"
2025-10-25 10:12:14,26.13,0xff,0xdb,0xff,0x4b,0x0a,0x35,"ff db ff 4b 0a 35 00 00"
2025-10-25 10:12:14,26.19,0xff,0xdb,0xff,0x4b,0x0a,0x3b,"ff db ff 4b 0a 3b 00 00"
2025-10-25 10:12:14,26.25,0xff,0xdb,0xff,0x4b,0x0a,0x41,"ff db ff 4b 0a 41 00 00"
2025-10-25 10:12:14,26.32,0xff,0xdb,0xff,0x4b,0x0a,0x48,"ff db ff 4b 0a 48 00 00"
2025-10-25 10:12:14,26.38,0xff,0xdb,0xff,0x4b,0x0a,0x4e,"ff db ff 4b 0a 4e 00 00"
2025-10-25 10:12:14,26.44,0xff,0xdb,0xff,0x4b,0x0a,0x54,"ff db ff 4b 0a 54 00 00"
2025-10-25 10:12:14,26.5,0xff,0xdb,0xff,0x4b,0x0a,0x5a,"ff db ff 4b 0a 5a 00 00"
2025-10-25 10:12:14,26.5,0xff,0xdb,0xff,0x4b,0x0a,0x5a,"ff db ff 4b 0a 5a 00 00"
2025-10-25 10:12:14,26.57,0xff,0xdb,0xff,0x4b,0x0a,0x61,"ff db ff 4b 0a 61 00 00"
2025-10-25 10:12:14,26.57,0xff,0xdb,0xff,0x4b,0x0a,0x61,"ff db ff 4b 0a 61 00 00"
2025-10-25 10:12:14,26.63,0xff,0xdb,0xff,0x4b,0x0a,0x67,"ff db ff 4b 0a 67 00 00"
2025-10-25 10:12:14,26.69,0xff,0xdb,0xff,0x4b,0x0a,0x6d,"ff db ff 4b 0a 6d 00 00"
2025-10-25 10:12:14,26.69,0xff,0xdb,0xff,0x4b,0x0a,0x6d,"ff db ff 4b 0a 6d 00 00"
2025-10-25 10:12:15,26.75,0xff,0xdb,0xff,0x4b,0x0a,0x73,"ff db ff 4b 0a 73 00 00"
2025-10-25 10:12:15,26.82,0xff,0xdb,0xff,0x4b,0x0a,0x7a,"ff db ff 4b 0a 7a 00 00"
2025-10-25 10:12:15,26.88,0xff,0xdb,0xff,0x4b,0x0a,0x80,"ff db ff 4b 0a 80 00 00"
2025-10-25 10:12:15,26.88,0xff,0xdb,0xff,0x4b,0x0a,0x80,"ff db ff 4b 0a 80 00 00"
2025-10-25 10:12:15,26.94,0xff,0xdb,0xff,0x4b,0x0a,0x86,"ff db ff 4b 0a 86 00 00"
2025-10-25 10:12:15,27,0xff,0xdb,0xff,0x4b,0x0a,0x8c,"ff db ff 4b 0a 8c 00 00"
2025-10-25 10:12:15,27.07,0xff,0xdb,0xff,0x4b,0x0a,0x93,"ff db ff 4b 0a 93 00 00"
2025-10-25 10:12:15,27.07,0xff,0xdb,0xff,0x4b,0x0a,0x93,"ff db ff 4b 0a 93 00 00"
2025-10-25 10:12:15,27.13,0xff,0xdb,0xff,0x4b,0x0a,0x99,"ff db ff 4b 0a 99 00 00"
2025-10-25 10:12:15,27.13,0xff,0xdb,0xff,0x4b,0x0a,0x99,"ff db ff 4b 0a 99 00 00"
2025-10-25 10:12:15,27.19,0xff,0xe1,0xff,0x4b,0x0a,0x9f,"ff e1 ff 4b 0a 9f 00 00"
2025-10-25 10:12:15,27.19,0xff,0xe1,0xff,0x4b,0x0a,0x9f,"ff e1 ff 4b 0a 9f 00 00"
2025-10-25 10:12:15,27.19,0xff,0xe1,0xff,0x4b,0x0a,0x9f,"ff e1 ff 4b 0a 9f 00 00"
2025-10-25 10:12:15,27.19,0xff,0xe1,0xff,0x4b,0x0a,0x9f,"ff e1 ff 4b 0a 9f 00 00"
2025-10-25 10:12:15,27.19,0xff,0xe1,0xff,0x4b,0x0a,0x9f,"ff e1 ff 4b 0a 9f 00 00"
2025-10-25 10:12:15,27.19,0xff,0xe1,0xff,0x4b,0x0a,0x9f,"ff e1 ff 4b 0a 9f 00 00"
2025-10-25 10:12:15,27.19,0xff,0xe1,0xff,0x4b,0x0a,0x9f,"ff e1 ff 4b 0a 9f 00 00"
2025-10-25 10:12:15,27.19,0xff,0xe1,0xff,0x4b,0x0a,0x9f,"ff e1 ff 4b 0a 9f 00 00"
2025-10-25 10:12:15,27.19,0xff,0xe1,0xff,0x4b,0x0a,0x9f,"ff e1 ff 4b 0a 9f 00 00"
2025-10-25 10:12:15,27.19,0xff,0xe1,0xff,0x4b,0x0a,0x9f,"ff e1 ff 4b 0a 9f 00 00"
2025-10-25 10:12:15,27.19,0xff,0xe1,0xff,0x4b,0x0a,0x9f,"ff e1 ff 4b 0a 9f 00 00"
2025-10-25 10:12:15,27.19,0xff,0xe1,0xff,0x4b,0x0a,0x9f,"ff e1 ff 4b 0a 9f 00 00"
2025-10-25 10:12:15,27.19,0xff,0xe1,0xff,0x4b,0x0a,0x9f,"ff e1 ff 4b 0a 9f 00 00"
2025-10-25 10:12:15,27.19,0xff,0xe1,0xff,0x4b,0x0a,0x9f,"ff e1 ff 4b 0a 9f 00 00"
2025-10-25 10:12:15,27.19,0xff,0xe1,0xff,0x4b,0x0a,0x9f,"ff e1 ff 4b 0a 9f 00 00"
2025-10-25 10:12:15,27.19,0xff,0xe1,0xff,0x4b,0x0a,0x9f,"ff e1 ff 4b 0a 9f 00 00"
2025-10-25 10:12:15,27.19,0xff,0xe1,0xff,0x4b,0x0a,0x9f,"ff e1 ff 4b 0a 9f 00 00"
2025-10-25 10:12:15,27.19,0xff,0xe1,0xff,0x4b,0x0a,0x9f,"ff e1 ff 4b 0a 9f 00 00"
2025-10-25 10:12:15,27.19,0xff,0xe1,0xff,0x4b,0x0a,0x9f,"ff e1 ff 4b 0a 9f 00 00"
2025-10-25 10:12:15,27.19,0xff,0xe1,0xff,0x4b,0x0a,0x9f,"ff e1 ff 4b 0a 9f 00 00"
2025-10-25 10:12:15,27.19,0xff,0xe1,0xff,0x4b,0x0a,0x9f,"ff e1 ff 4b 0a 9f 00 00"
2025-10-25 10:12:15,27.19,0xff,0xe1,0xff,0x4b,0x0a,0x9f,"ff e1 ff 4b 0a 9f 00 00"
2025-10-25 10:12:15,27.19,0xff,0xe1,0xff,0x4b,0x0a,0x9f,"ff e1 ff 4b 0a 9f 00 00"
2025-10-25 10:12:15,27.19,0xff,0xe1,0xff,0x4b,0x0a,0x9f,"ff e1 ff 4b 0a 9f 00 00"
2025-10-25 10:12:16,27.25,0xff,0xe1,0xff,0x4b,0x0a,0xa5,"ff e1 ff 4b 0a a5 00 00"
2025-10-25 10:12:16,27.25,0xff,0xe1,0xff,0x4b,0x0a,0xa5,"ff e1 ff 4b 0a a5 00 00"
2025-10-25 10:12:16,27.32,0xff,0xe1,0xff,0x4b,0x0a,0xac,"ff e1 ff 4b 0a ac 00 00"
2025-10-25 10:12:16,27.38,0xff,0xe1,0xff,0x4b,0x0a,0xb2,"ff e1 ff 4b 0a b2 00 00"
2025-10-25 10:12:16,27.38,0xff,0xe1,0xff,0x4b,0x0a,0xb2,"ff e1 ff 4b 0a b2 00 00"
2025-10-25 10:12:16,27.44,0xff,0xe1,0xff,0x4b,0x0a,0xb8,"ff e1 ff 4b 0a b8 00 00"
2025-10-25 10:12:16,27.5,0xff,0xe1,0xff,0x4b,0x0a,0xbe,"ff e1 ff 4b 0a be 00 00"
2025-10-25 10:12:16,27.57,0xff,0xe1,0xff,0x4b,0x0a,0xc5,"ff e1 ff 4b 0a c5 00 00"
2025-10-25 10:12:16,27.63,0xff,0xe1,0xff,0x4b,0x0a,0xcb,"ff e1 ff 4b 0a cb 00 00"
2025-10-25 10:12:16,27.69,0xff,0xe1,0xff,0x4b,0x0a,0xd1,"ff e1 ff 4b 0a d1 00 00"
2025-10-25 10:12:16,27.75,0xff,0xe1,0xff,0x4b,0x0a,0xd7,"ff e1 ff 4b 0a d7 00 00"
2025-10-25 10:12:16,27.88,0xff,0xe1,0xff,0x4b,0x0a,0xe4,"ff e1 ff 4b 0a e4 00 00"
2025-10-25 10:12:16,27.94,0xff,0xe1,0xff,0x4b,0x0a,0xea,"ff e1 ff 4b 0a ea 00 00"
2025-10-25 10:12:16,28.07,0xff,0xe1,0xff,0x4b,0x0a,0xf7,"ff e1 ff 4b 0a f7 00 00"
2025-10-25 10:12:16,28.13,0xff,0xe1,0xff,0x4b,0x0a,0xfd,"ff e1 ff 4b 0a fd 00 00"
2025-10-25 10:12:16,35.93,0xff,0xe1,0xff,0x4b,0x0e,0x09,"ff e1 ff 4b 0e 09 00 00"
2025-10-25 10:12:16,36.06,0xff,0xe1,0xff,0x4b,0x0e,0x16,"ff e1 ff 4b 0e 16 00 00"
2025-10-25 10:12:16,36.12,0xff,0xe1,0xff,0x4b,0x0e,0x1c,"ff e1 ff 4b 0e 1c 00 00"
2025-10-25 10:12:16,36.25,0xff,0xe1,0xff,0x4b,0x0e,0x29,"ff e1 ff 4b 0e 29 00 00"
2025-10-25 10:12:16,36.31,0xff,0xe1,0xff,0x4b,0x0e,0x2f,"ff e1 ff 4b 0e 2f 00 00"
2025-10-25 10:12:16,36.37,0xff,0xe1,0xff,0x4b,0x0e,0x35,"ff e1 ff 4b 0e 35 00 00"
2025-10-25 10:12:16,36.43,0xff,0xe1,0xff,0x4b,0x0e,0x3b,"ff e1 ff 4b 0e 3b 00 00"
2025-10-25 10:12:16,36.5,0xff,0xe1,0xff,0x4b,0x0e,0x42,"ff e1 ff 4b 0e 42 00 00"
2025-10-25 10:12:16,36.62,0xff,0xe1,0xff,0x4b,0x0e,0x4e,"ff e1 ff 4b 0e 4e 00 00"
2025-10-25 10:12:16,36.68,0xff,0xe1,0xff,0x4b,0x0e,0x54,"ff e1 ff 4b 0e 54 00 00"
2025-10-25 10:12:16,36.75,0xff,0xe1,0xff,0x4b,0x0e,0x5b,"ff e1 ff 4b 0e 5b 00 00"
2025-10-25 10:12:16,36.81,0xff,0xe7,0xff,0x4b,0x0e,0x61,"ff e7 ff 4b 0e 61 00 00"
2025-10-25 10:12:16,36.87,0xff,0xe7,0xff,0x4b,0x0e,0x67,"ff e7 ff 4b 0e 67 00 00"
2025-10-25 10:12:16,36.93,0xff,0xe7,0xff,0x4b,0x0e,0x6d,"ff e7 ff 4b 0e 6d 00 00"
2025-10-25 10:12:16,37.06,0xff,0xe7,0xff,0x4b,0x0e,0x7a,"ff e7 ff 4b 0e 7a 00 00"
2025-10-25 10:12:16,37.12,0xff,0xe7,0xff,0x4b,0x0e,0x80,"ff e7 ff 4b 0e 80 00 00"
2025-10-25 10:12:16,37.12,0xff,0xe7,0xff,0x4b,0x0e,0x80,"ff e7 ff 4b 0e 80 00 00"
2025-10-25 10:12:16,37.18,0xff,0xe7,0xff,0x4b,0x0e,0x86,"ff e7 ff 4b 0e 86 00 00"
2025-10-25 10:12:16,37.25,0xff,0xe7,0xff,0x4b,0x0e,0x8d,"ff e7 ff 4b 0e 8d 00 00"
2025-10-25 10:12:17,37.31,0xff,0xe7,0xff,0x4b,0x0e,0x93,"ff e7 ff 4b 0e 93 00 00"
2025-10-25 10:12:17,37.37,0xff,0xe7,0xff,0x4b,0x0e,0x99,"ff e7 ff 4b 0e 99 00 00"
2025-10-25 10:12:17,37.43,0xff,0xe7,0xff,0x4b,0x0e,0x9f,"ff e7 ff 4b 0e 9f 00 00"
2025-10-25 10:12:17,37.5,0xff,0xe7,0xff,0x4b,0x0e,0xa6,"ff e7 ff 4b 0e a6 00 00"
2025-10-25 10:12:17,37.56,0xff,0xe7,0xff,0x4b,0x0e,0xac,"ff e7 ff 4b 0e ac 00 00"
2025-10-25 10:12:17,37.62,0xff,0xe7,0xff,0x4b,0x0e,0xb2,"ff e7 ff 4b 0e b2 00 00"
2025-10-25 10:12:17,37.75,0xff,0xe7,0xff,0x4b,0x0e,0xbf,"ff e7 ff 4b 0e bf 00 00"
2025-10-25 10:12:17,37.81,0xff,0xe7,0xff,0x4b,0x0e,0xc5,"ff e7 ff 4b 0e c5 00 00"
2025-10-25 10:12:17,37.87,0xff,0xe7,0xff,0x4b,0x0e,0xcb,"ff e7 ff 4b 0e cb 00 00"
2025-10-25 10:12:17,37.93,0xff,0xe7,0xff,0x4b,0x0e,0xd1,"ff e7 ff 4b 0e d1 00 00"
2025-10-25 10:12:17,38.06,0xff,0xe7,0xff,0x4b,0x0e,0xde,"ff e7 ff 4b 0e de 00 00"
2025-10-25 10:12:17,38.06,0xff,0xe7,0xff,0x4b,0x0e,0xde,"ff e7 ff 4b 0e de 00 00"
2025-10-25 10:12:17,38.12,0xff,0xe7,0xff,0x4b,0x0e,0xe4,"ff e7 ff 4b 0e e4 00 00"
2025-10-25 10:12:17,38.18,0xff,0xe7,0xff,0x4b,0x0e,0xea,"ff e7 ff 4b 0e ea 00 00"
2025-10-25 10:12:17,38.25,0xff,0xe7,0xff,0x4b,0x0e,0xf1,"ff e7 ff 4b 0e f1 00 00"
2025-10-25 10:12:17,38.31,0xff,0xe7,0xff,0x4b,0x0e,0xf7,"ff e7 ff 4b 0e f7 00 00"
2025-10-25 10:12:17,38.31,0xff,0xe7,0xff,0x4b,0x0e,0xf7,"ff e7 ff 4b 0e f7 00 00"
2025-10-25 10:12:17,38.37,0xff,0xe7,0xff,0x4b,0x0e,0xfd,"ff e7 ff 4b 0e fd 00 00"
2025-10-25 10:12:17,38.37,0xff,0xe7,0xff,0x4b,0x0e,0xfd,"ff e7 ff 4b 0e fd 00 00"
2025-10-25 10:12:17,38.43,0xff,0xe7,0xff,0x4b,0x0f,0x03,"ff e7 ff 4b 0f 03 00 00"
2025-10-25 10:12:17,38.43,0xff,0xe7,0xff,0x4b,0x0f,0x03,"ff e7 ff 4b 0f 03 00 00"
2025-10-25 10:12:17,38.5,0xff,0xe7,0xff,0x4b,0x0f,0x0a,"ff e7 ff 4b 0f 0a 00 00"
2025-10-25 10:12:17,38.5,0xff,0xe7,0xff,0x4b,0x0f,0x0a,"ff e7 ff 4b 0f 0a 00 00"
2025-10-25 10:12:17,38.5,0xff,0xe7,0xff,0x4b,0x0f,0x0a,"ff e7 ff 4b 0f 0a 00 00"
2025-10-25 10:12:17,38.5,0xff,0xe7,0xff,0x4b,0x0f,0x0a,"ff e7 ff 4b 0f 0a 00 00"
2025-10-25 10:12:17,38.5,0xff,0xe7,0xff,0x4b,0x0f,0x0a,"ff e7 ff 4b 0f 0a 00 00"
2025-10-25 10:12:17,38.5,0xff,0xe7,0xff,0x4b,0x0f,0x0a,"ff e7 ff 4b 0f 0a 00 00"
2025-10-25 10:12:17,38.5,0xff,0xe7,0xff,0x4b,0x0f,0x0a,"ff e7 ff 4b 0f 0a 00 00"
2025-10-25 10:12:17,38.5,0xff,0xe7,0xff,0x4b,0x0f,0x0a,"ff e7 ff 4b 0f 0a 00 00"
2025-10-25 10:12:17,38.43,0xff,0xe7,0xff,0x4b,0x0f,0x03,"ff e7 ff 4b 0f 03 00 00"
2025-10-25 10:12:17,38.43,0xff,0xe7,0xff,0x4b,0x0f,0x03,"ff e7 ff 4b 0f 03 00 00"
2025-10-25 10:12:17,38.43,0xff,0xe7,0xff,0x4b,0x0f,0x03,"ff e7 ff 4b 0f 03 00 00"
2025-10-25 10:12:17,38.43,0xff,0xe7,0xff,0x4b,0x0f,0x03,"ff e7 ff 4b 0f 03 00 00"
2025-10-25 10:12:17,38.43,0xff,0xe7,0xff,0x4b,0x0f,0x03,"ff e7 ff 4b 0f 03 00 00"
2025-10-25 10:12:18,38.43,0xff,0xe7,0xff,0x4b,0x0f,0x03,"ff e7 ff 4b 0f 03 00 00"
2025-10-25 10:12:18,38.43,0xff,0xe7,0xff,0x4b,0x0f,0x03,"ff e7 ff 4b 0f 03 00 00"
2025-10-25 10:12:18,38.43,0xff,0xe7,0xff,0x4b,0x0f,0x03,"ff e7 ff 4b 0f 03 00 00"
2025-10-25 10:12:18,38.43,0xff,0xe7,0xff,0x4b,0x0f,0x03,"ff e7 ff 4b 0f 03 00 00"
2025-10-25 10:12:18,38.43,0xff,0xe7,0xff,0x4b,0x0f,0x03,"ff e7 ff 4b 0f 03 00 00"
2025-10-25 10:12:18,38.43,0xff,0xe7,0xff,0x4b,0x0f,0x03,"ff e7 ff 4b 0f 03 00 00"
2025-10-25 10:12:18,38.43,0xff,0xe7,0xff,0x4b,0x0f,0x03,"ff e7 ff 4b 0f 03 00 00"
2025-10-25 10:12:18,38.37,0xff,0xe7,0xff,0x4b,0x0e,0xfd,"ff e7 ff 4b 0e fd 00 00"
2025-10-25 10:12:18,38.37,0xff,0xe7,0xff,0x4b,0x0e,0xfd,"ff e7 ff 4b 0e fd 00 00"
2025-10-25 10:12:18,38.31,0xff,0xe7,0xff,0x4b,0x0e,0xf7,"ff e7 ff 4b 0e f7 00 00"
2025-10-25 10:12:18,38.31,0xff,0xe7,0xff,0x4b,0x0e,0xf7,"ff e7 ff 4b 0e f7 00 00"
2025-10-25 10:12:18,38.25,0xff,0xe7,0xff,0x4b,0x0e,0xf1,"ff e7 ff 4b 0e f1 00 00"
2025-10-25 10:12:18,38.25,0xff,0xe7,0xff,0x4b,0x0e,0xf1,"ff e7 ff 4b 0e f1 00 00"
2025-10-25 10:12:18,38.18,0xff,0xe7,0xff,0x4b,0x0e,0xea,"ff e7 ff 4b 0e ea 00 00"
2025-10-25 10:12:18,38.18,0xff,0xe7,0xff,0x4b,0x0e,0xea,"ff e7 ff 4b 0e ea 00 00"
2025-10-25 10:12:18,38.18,0xff,0xe7,0xff,0x4b,0x0e,0xea,"ff e7 ff 4b 0e ea 00 00"
2025-10-25 10:12:18,38.18,0xff,0xe7,0xff,0x4b,0x0e,0xea,"ff e7 ff 4b 0e ea 00 00"
2025-10-25 10:12:18,38.18,0xff,0xe1,0xff,0x4b,0x0e,0xea,"ff e1 ff 4b 0e ea 00 00"
2025-10-25 10:12:18,38.12,0xff,0xe1,0xff,0x4b,0x0e,0xe4,"ff e1 ff 4b 0e e4 00 00"
2025-10-25 10:12:18,38.12,0xff,0xe1,0xff,0x4b,0x0e,0xe4,"ff e1 ff 4b 0e e4 00 00"
2025-10-25 10:12:18,38.12,0xff,0xe1,0xff,0x4b,0x0e,0xe4,"ff e1 ff 4b 0e e4 00 00"
2025-10-25 10:12:18,38.12,0xff,0xe1,0xff,0x4b,0x0e,0xe4,"ff e1 ff 4b 0e e4 00 00"
2025-10-25 10:12:18,38.12,0xff,0xe7,0xff,0x4b,0x0e,0xe4,"ff e7 ff 4b 0e e4 00 00"
2025-10-25 10:12:18,38.12,0xff,0xe7,0xff,0x4b,0x0e,0xe4,"ff e7 ff 4b 0e e4 00 00"
2025-10-25 10:12:18,38.12,0xff,0xe7,0xff,0x4b,0x0e,0xe4,"ff e7 ff 4b 0e e4 00 00"
2025-10-25 10:12:18,38.12,0xff,0xe7,0xff,0x4b,0x0e,0xe4,"ff e7 ff 4b 0e e4 00 00"
2025-10-25 10:12:18,38.12,0xff,0xe1,0xff,0x4b,0x0e,0xe4,"ff e1 ff 4b 0e e4 00 00"
2025-10-25 10:12:18,38.12,0xff,0xe1,0xff,0x4b,0x0e,0xe4,"ff e1 ff 4b 0e e4 00 00"
2025-10-25 10:12:18,38.12,0xff,0xe1,0xff,0x4b,0x0e,0xe4,"ff e1 ff 4b 0e e4 00 00"
2025-10-25 10:12:18,38.12,0xff,0xe1,0xff,0x4b,0x0e,0xe4,"ff e1 ff 4b 0e e4 00 00"
2025-10-25 10:12:18,38.12,0xff,0xe1,0xff,0x4b,0x0e,0xe4,"ff e1 ff 4b 0e e4 00 00"
2025-10-25 10:12:18,38.12,0xff,0xe1,0xff,0x4b,0x0e,0xe4,"ff e1 ff 4b 0e e4 00 00"
2025-10-25 10:12:18,38.12,0xff,0xe1,0xff,0x4b,0x0e,0xe4,"ff e1 ff 4b 0e e4 00 00"
2025-10-25 10:12:19,38.12,0xff,0xe1,0xff,0x4b,0x0e,0xe4,"ff e1 ff 4b 0e e4 00 00"
2025-10-25 10:12:19,38.12,0xff,0xe1,0xff,0x4b,0x0e,0xe4,"ff e1 ff 4b 0e e4 00 00"
2025-10-25 10:12:19,38.12,0xff,0xe1,0xff,0x4b,0x0e,0xe4,"ff e1 ff 4b 0e e4 00 00"
2025-10-25 10:12:19,38.12,0xff,0xe1,0xff,0x4b,0x0e,0xe4,"ff e1 ff 4b 0e e4 00 00"
2025-10-25 10:12:19,38.18,0xff,0xe1,0xff,0x4b,0x0e,0xea,"ff e1 ff 4b 0e ea 00 00"
2025-10-25 10:12:19,38.25,0xff,0xe1,0xff,0x4b,0x0e,0xf1,"ff e1 ff 4b 0e f1 00 00"
2025-10-25 10:12:19,38.31,0xff,0xe1,0xff,0x4b,0x0e,0xf7,"ff e1 ff 4b 0e f7 00 00"
2025-10-25 10:12:19,38.37,0xff,0xe1,0xff,0x4b,0x0e,0xfd,"ff e1 ff 4b 0e fd 00 00"
2025-10-25 10:12:19,38.43,0xff,0xe1,0xff,0x4b,0x0f,0x03,"ff e1 ff 4b 0f 03 00 00"
2025-10-25 10:12:19,38.5,0xff,0xe1,0xff,0x4b,0x0f,0x0a,"ff e1 ff 4b 0f 0a 00 00"
2025-10-25 10:12:19,38.56,0xff,0xe1,0xff,0x4b,0x0f,0x10,"ff e1 ff 4b 0f 10 00 00"
2025-10-25 10:12:19,38.75,0xff,0xe1,0xff,0x4b,0x0f,0x23,"ff e1 ff 4b 0f 23 00 00"
2025-10-25 10:12:19,38.81,0xff,0xe1,0xff,0x4b,0x0f,0x29,"ff e1 ff 4b 0f 29 00 00"
2025-10-25 10:12:19,38.93,0xff,0xe1,0xff,0x4b,0x0f,0x35,"ff e1 ff 4b 0f 35 00 00"
2025-10-25 10:12:19,39.06,0xff,0xe1,0xff,0x4b,0x0f,0x42,"ff e1 ff 4b 0f 42 00 00"
2025-10-25 10:12:19,39.12,0xff,0xe1,0xff,0x4b,0x0f,0x48,"ff e1 ff 4b 0f 48 00 00"
2025-10-25 10:12:19,39.18,0xff,0xe1,0xff,0x4b,0x0f,0x4e,"ff e1 ff 4b 0f 4e 00 00"
2025-10-25 10:12:19,39.31,0xff,0xe1,0xff,0x4b,0x0f,0x5b,"ff e1 ff 4b 0f 5b 00 00"
2025-10-25 10:12:19,39.37,0xff,0xe1,0xff,0x4b,0x0f,0x61,"ff e1 ff 4b 0f 61 00 00"
2025-10-25 10:12:19,39.5,0xff,0xe1,0xff,0x4b,0x0f,0x6e,"ff e1 ff 4b 0f 6e 00 00"
2025-10-25 10:12:19,39.56,0xff,0xe1,0xff,0x4b,0x0f,0x74,"ff e1 ff 4b 0f 74 00 00"
2025-10-25 10:12:19,39.68,0xff,0xe1,0xff,0x4b,0x0f,0x80,"ff e1 ff 4b 0f 80 00 00"
2025-10-25 10:12:19,39.75,0xff,0xe1,0xff,0x4b,0x0f,0x87,"ff e1 ff 4b 0f 87 00 00"
2025-10-25 10:12:19,39.87,0xff,0xe7,0xff,0x4b,0x0f,0x93,"ff e7 ff 4b 0f 93 00 00"
2025-10-25 10:12:19,40,0xff,0xe7,0xff,0x4b,0x0f,0xa0,"ff e7 ff 4b 0f a0 00 00"
2025-10-25 10:12:19,40.06,0xff,0xe7,0xff,0x4b,0x0f,0xa6,"ff e7 ff 4b 0f a6 00 00"
2025-10-25 10:12:19,40.18,0xff,0xe7,0xff,0x4b,0x0f,0xb2,"ff e7 ff 4b 0f b2 00 00"
2025-10-25 10:12:19,40.25,0xff,0xe7,0xff,0x4b,0x0f,0xb9,"ff e7 ff 4b 0f b9 00 00"
2025-10-25 10:12:19,40.31,0xff,0xe7,0xff,0x4b,0x0f,0xbf,"ff e7 ff 4b 0f bf 00 00"
2025-10-25 10:12:19,40.43,0xff,0xe7,0xff,0x4b,0x0f,0xcb,"ff e7 ff 4b 0f cb 00 00"
2025-10-25 10:12:19,40.5,0xff,0xe7,0xff,0x4b,0x0f,0xd2,"ff e7 ff 4b 0f d2 00 00"
2025-10-25 10:12:19,40.62,0xff,0xe7,0xff,0x4b,0x0f,0xde,"ff e7 ff 4b 0f de 00 00"
2025-10-25 10:12:19,40.68,0xff,0xe7,0xff,0x4b,0x0f,0xe4,"ff e7 ff 4b 0f e4 00 00"
2025-10-25 10:12:19,40.75,0xff,0xe7,0xff,0x4b,0x0f,0xeb,"ff e7 ff 4b 0f eb 00 00"
2025-10-25 10:12:20,40.81,0xff,0xe7,0xff,0x4b,0x0f,0xf1,"ff e7 ff 4b 0f f1 00 00"
2025-10-25 10:12:20,40.93,0xff,0xe7,0xff,0x4b,0x0f,0xfd,"ff e7 ff 4b 0f fd 00 00"
2025-10-25 10:12:20,41.06,0xff,0xe7,0xff,0x4b,0x10,0x0a,"ff e7 ff 4b 10 0a 00 00"
2025-10-25 10:12:20,41.12,0xff,0xe7,0xff,0x4b,0x10,0x10,"ff e7 ff 4b 10 10 00 00"
2025-10-25 10:12:20,41.25,0xff,0xe7,0xff,0x4b,0x10,0x1d,"ff e7 ff 4b 10 1d 00 00"
2025-10-25 10:12:20,41.37,0xff,0xe7,0xff,0x4b,0x10,0x29,"ff e7 ff 4b 10 29 00 00"
2025-10-25 10:12:20,41.5,0xff,0xe7,0xff,0x4b,0x10,0x36,"ff e7 ff 4b 10 36 00 00"
2025-10-25 10:12:20,41.62,0xff,0xe7,0xff,0x4b,0x10,0x42,"ff e7 ff 4b 10 42 00 00"
2025-10-25 10:12:20,41.68,0xff,0xe7,0xff,0x4b,0x10,0x48,"ff e7 ff 4b 10 48 00 00"
2025-10-25 10:12:20,41.81,0xff,0xee,0xff,0x4b,0x10,0x55,"ff ee ff 4b 10 55 00 00"
2025-10-25 10:12:20,41.93,0xff,0xee,0xff,0x4b,0x10,0x61,"ff ee ff 4b 10 61 00 00"
2025-10-25 10:12:20,42.06,0xff,0xee,0xff,0x4b,0x10,0x6e,"ff ee ff 4b 10 6e 00 00"
2025-10-25 10:12:20,42.18,0xff,0xee,0xff,0x4b,0x10,0x7a,"ff ee ff 4b 10 7a 00 00"
2025-10-25 10:12:20,42.25,0xff,0xee,0xff,0x4b,0x10,0x81,"ff ee ff 4b 10 81 00 00"
2025-10-25 10:12:20,42.37,0xff,0xee,0xff,0x4b,0x10,0x8d,"ff ee ff 4b 10 8d 00 00"
2025-10-25 10:12:20,42.5,0xff,0xee,0xff,0x4b,0x10,0x9a,"ff ee ff 4b 10 9a 00 00"
2025-10-25 10:12:20,42.56,0xff,0xee,0xff,0x4b,0x10,0xa0,"ff ee ff 4b 10 a0 00 00"
2025-10-25 10:12:20,42.62,0xff,0xee,0xff,0x4b,0x10,0xa6,"ff ee ff 4b 10 a6 00 00"
2025-10-25 10:12:20,42.75,0xff,0xee,0xff,0x4b,0x10,0xb3,"ff ee ff 4b 10 b3 00 00"
2025-10-25 10:12:20,42.81,0xff,0xee,0xff,0x4b,0x10,0xb9,"ff ee ff 4b 10 b9 00 00"
2025-10-25 10:12:20,42.87,0xff,0xee,0xff,0x4b,0x10,0xbf,"ff ee ff 4b 10 bf 00 00"
2025-10-25 10:12:20,42.93,0xff,0xee,0xff,0x4b,0x10,0xc5,"ff ee ff 4b 10 c5 00 00"
2025-10-25 10:12:20,43,0xff,0xee,0xff,0x4b,0x10,0xcc,"ff ee ff 4b 10 cc 00 00"
2025-10-25 10:12:20,43.06,0xff,0xee,0xff,0x4b,0x10,0xd2,"ff ee ff 4b 10 d2 00 00"
2025-10-25 10:12:20,43.12,0xff,0xee,0xff,0x4b,0x10,0xd8,"ff ee ff 4b 10 d8 00 00"
2025-10-25 10:12:20,43.25,0xff,0xee,0xff,0x4b,0x10,0xe5,"ff ee ff 4b 10 e5 00 00"
2025-10-25 10:12:20,43.31,0xff,0xee,0xff,0x4b,0x10,0xeb,"ff ee ff 4b 10 eb 00 00"
2025-10-25 10:12:20,43.37,0xff,0xee,0xff,0x4b,0x10,0xf1,"ff ee ff 4b 10 f1 00 00"
2025-10-25 10:12:20,43.43,0xff,0xee,0xff,0x4b,0x10,0xf7,"ff ee ff 4b 10 f7 00 00"
2025-10-25 10:12:20,43.56,0xff,0xee,0xff,0x4b,0x11,0x04,"ff ee ff 4b 11 04 00 00"
2025-10-25 10:12:20,43.62,0xff,0xee,0xff,0x4b,0x11,0x0a,"ff ee ff 4b 11 0a 00 00"
2025-10-25 10:12:20,43.75,0xff,0xf4,0xff,0x4b,0x11,0x17,"ff f4 ff 4b 11 17 00 00"
2025-10-25 10:12:20,43.81,0xff,0xf4,0xff,0x4b,0x11,0x1d,"ff f4 ff 4b 11 1d 00 00"
2025-10-25 10:12:20,43.93,0xff,0xf4,0xff,0x4b,0x11,0x29,"ff f4 ff 4b 11 29 00 00"
2025-10-25 10:12:21,44,0xff,0xf4,0xff,0x4b,0x11,0x30,"ff f4 ff 4b 11 30 00 00"
2025-10-25 10:12:21,44.12,0xff,0xf4,0xff,0x4b,0x11,0x3c,"ff f4 ff 4b 11 3c 00 00"
2025-10-25 10:12:21,44.18,0xff,0xf4,0xff,0x4b,0x11,0x42,"ff f4 ff 4b 11 42 00 00"
2025-10-25 10:12:21,44.31,0xff,0xf4,0xff,0x4b,0x11,0x4f,"ff f4 ff 4b 11 4f 00 00"
2025-10-25 10:12:21,44.37,0xff,0xf4,0xff,0x4b,0x11,0x55,"ff f4 ff 4b 11 55 00 00"
2025-10-25 10:12:21,44.5,0xff,0xf4,0xff,0x4b,0x11,0x62,"ff f4 ff 4b 11 62 00 00"
2025-10-25 10:12:21,44.56,0xff,0xf4,0xff,0x4b,0x11,0x68,"ff f4 ff 4b 11 68 00 00"
2025-10-25 10:12:21,44.68,0xff,0xf4,0xff,0x4b,0x11,0x74,"ff f4 ff 4b 11 74 00 00"
2025-10-25 10:12:21,44.75,0xff,0xf4,0xff,0x4b,0x11,0x7b,"ff f4 ff 4b 11 7b 00 00"
2025-10-25 10:12:21,44.81,0xff,0xf4,0xff,0x4b,0x11,0x81,"ff f4 ff 4b 11 81 00 00"
2025-10-25 10:12:21,44.87,0xff,0xf4,0xff,0x4b,0x11,0x87,"ff f4 ff 4b 11 87 00 00"
2025-10-25 10:12:21,45,0xff,0xf4,0xff,0x4b,0x11,0x94,"ff f4 ff 4b 11 94 00 00"
2025-10-25 10:12:21,45.06,0xff,0xf4,0xff,0x4b,0x11,0x9a,"ff f4 ff 4b 11 9a 00 00"
2025-10-25 10:12:21,45.12,0xff,0xf4,0xff,0x4b,0x11,0xa0,"ff f4 ff 4b 11 a0 00 00"
2025-10-25 10:12:21,45.18,0xff,0xf4,0xff,0x4b,0x11,0xa6,"ff f4 ff 4b 11 a6 00 00"
2025-10-25 10:12:21,45.25,0xff,0xf4,0xff,0x4b,0x11,0xad,"ff f4 ff 4b 11 ad 00 00"
2025-10-25 10:12:21,45.31,0xff,0xf4,0xff,0x4b,0x11,0xb3,"ff f4 ff 4b 11 b3 00 00"
2025-10-25 10:12:21,45.37,0xff,0xf4,0xff,0x4b,0x11,0xb9,"ff f4 ff 4b 11 b9 00 00"
2025-10-25 10:12:21,45.43,0xff,0xf4,0xff,0x4b,0x11,0xbf,"ff f4 ff 4b 11 bf 00 00"
2025-10-25 10:12:21,45.5,0xff,0xf4,0xff,0x4b,0x11,0xc6,"ff f4 ff 4b 11 c6 00 00"
2025-10-25 10:12:21,45.56,0xff,0xf4,0xff,0x4b,0x11,0xcc,"ff f4 ff 4b 11 cc 00 00"
2025-10-25 10:12:21,45.62,0xff,0xfa,0xff,0x4b,0x11,0xd2,"ff fa ff 4b 11 d2 00 00"
2025-10-25 10:12:21,45.68,0xff,0xfa,0xff,0x4b,0x11,0xd8,"ff fa ff 4b 11 d8 00 00"
2025-10-25 10:12:21,45.75,0xff,0xfa,0xff,0x4b,0x11,0xdf,"ff fa ff 4b 11 df 00 00"
2025-10-25 10:12:21,45.87,0xff,0xfa,0xff,0x4b,0x11,0xeb,"ff fa ff 4b 11 eb 00 00"
2025-10-25 10:12:21,45.93,0xff,0xfa,0xff,0x4b,0x11,0xf1,"ff fa ff 4b 11 f1 00 00"
2025-10-25 10:12:21,46.06,0xff,0xfa,0xff,0x4b,0x11,0xfe,"ff fa ff 4b 11 fe 00 00"
2025-10-25 10:12:21,46.12,0xff,0xfa,0xff,0x4b,0x12,0x04,"ff fa ff 4b 12 04 00 00"
2025-10-25 10:12:21,46.25,0xff,0xfa,0xff,0x4b,0x12,0x11,"ff fa ff 4b 12 11 00 00"
2025-10-25 10:12:21,46.37,0xff,0xfa,0xff,0x4b,0x12,0x1d,"ff fa ff 4b 12 1d 00 00"
2025-10-25 10:12:21,46.43,0xff,0xfa,0xff,0x4b,0x12,0x23,"ff fa ff 4b 12 23 00 00"
2025-10-25 10:12:21,46.56,0xff,0xfa,0xff,0x4b,0x12,0x30,"ff fa ff 4b 12 30 00 00"
2025-10-25 10:12:21,46.68,0xff,0xfa,0xff,0x4b,0x12,0x3c,"ff fa ff 4b 12 3c 00 00"
2025-10-25 10:12:21,46.75,0xff,0xfa,0xff,0x4b,0x12,0x43,"ff fa ff 4b 12 43 00 00"
2025-10-25 10:12:22,46.87,0xff,0xfa,0xff,0x4b,0x12,0x4f,"ff fa ff 4b 12 4f 00 00"
2025-10-25 10:12:22,47,0xff,0xfa,0xff,0x4b,0x12,0x5c,"ff fa ff 4b 12 5c 00 00"
2025-10-25 10:12:22,47.06,0xff,0xfa,0xff,0x4b,0x12,0x62,"ff fa ff 4b 12 62 00 00"
2025-10-25 10:12:22,47.18,0xff,0xfa,0xff,0x4b,0x12,0x6e,"ff fa ff 4b 12 6e 00 00"
2025-10-25 10:12:22,47.25,0xff,0xfa,0xff,0x4b,0x12,0x75,"ff fa ff 4b 12 75 00 00"
2025-10-25 10:12:22,47.37,0xff,0xfa,0xff,0x4b,0x12,0x81,"ff fa ff 4b 12 81 00 00"
2025-10-25 10:12:22,47.43,0xff,0xfa,0xff,0x4b,0x12,0x87,"ff fa ff 4b 12 87 00 00"
2025-10-25 10:12:22,47.56,0x00,0x00,0xff,0x4b,0x12,0x94,"00 00 ff 4b 12 94 00 00"
2025-10-25 10:12:22,47.62,0x00,0x00,0xff,0x4b,0x12,0x9a,"00 00 ff 4b 12 9a 00 00"
2025-10-25 10:12:22,47.75,0x00,0x00,0xff,0x4b,0x12,0xa7,"00 00 ff 4b 12 a7 00 00"
2025-10-25 10:12:22,47.81,0x00,0x00,0xff,0x4b,0x12,0xad,"00 00 ff 4b 12 ad 00 00"
2025-10-25 10:12:22,47.93,0x00,0x00,0xff,0x4b,0x12,0xb9,"00 00 ff 4b 12 b9 00 00"
2025-10-25 10:12:22,48,0x00,0x00,0xff,0x4b,0x12,0xc0,"00 00 ff 4b 12 c0 00 00"
2025-10-25 10:12:22,48.06,0x00,0x00,0xff,0x4b,0x12,0xc6,"00 00 ff 4b 12 c6 00 00"
2025-10-25 10:12:22,48.12,0x00,0x00,0xff,0x4b,0x12,0xcc,"00 00 ff 4b 12 cc 00 00"
2025-10-25 10:12:22,48.25,0x00,0x00,0xff,0x4b,0x12,0xd9,"00 00 ff 4b 12 d9 00 00"
2025-10-25 10:12:22,48.31,0x00,0x00,0xff,0x4b,0x12,0xdf,"00 00 ff 4b 12 df 00 00"
2025-10-25 10:12:22,48.37,0x00,0x00,0xff,0x4b,0x12,0xe5,"00 00 ff 4b 12 e5 00 00"
2025-10-25 10:12:22,48.5,0x00,0x00,0xff,0x4b,0x12,0xf2,"00 00 ff 4b 12 f2 00 00"
2025-10-25 10:12:22,48.56,0x00,0x00,0xff,0x4b,0x12,0xf8,"00 00 ff 4b 12 f8 00 00"
2025-10-25 10:12:22,48.62,0x00,0x00,0xff,0x4b,0x12,0xfe,"00 00 ff 4b 12 fe 00 00"
2025-10-25 10:12:22,48.75,0x00,0x00,0xff,0x4b,0x13,0x0b,"00 00 ff 4b 13 0b 00 00"
2025-10-25 10:12:22,48.81,0x00,0x00,0xff,0x4b,0x13,0x11,"00 00 ff 4b 13 11 00 00"
2025-10-25 10:12:22,48.87,0x00,0x00,0xff,0x4b,0x13,0x17,"00 00 ff 4b 13 17 00 00"
2025-10-25 10:12:22,49,0x00,0x00,0xff,0x4b,0x13,0x24,"00 00 ff 4b 13 24 00 00"
2025-10-25 10:12:22,49.06,0x00,0x00,0xff,0x4b,0x13,0x2a,"00 00 ff 4b 13 2a 00 00"
2025-10-25 10:12:22,49.18,0x00,0x00,0xff,0x4b,0x13,0x36,"00 00 ff 4b 13 36 00 00"
2025-10-25 10:12:22,49.25,0x00,0x00,0xff,0x4b,0x13,0x3d,"00 00 ff 4b 13 3d 00 00"
2025-10-25 10:12:22,49.31,0x00,0x00,0xff,0x4b,0x13,0x43,"00 00 ff 4b 13 43 00 00"
2025-10-25 10:12:22,49.37,0x00,0x00,0xff,0x4b,0x13,0x49,"00 00 ff 4b 13 49 00 00"
2025-10-25 10:12:22,49.5,0x00,0x00,0xff,0x4b,0x13,0x56,"00 00 ff 4b 13 56 00 00"
2025-10-25 10:12:22,49.56,0x00,0x00,0xff,0x4b,0x13,0x5c,"00 00 ff 4b 13 5c 00 00"
2025-10-25 10:12:22,49.68,0x00,0x00,0xff,0x4b,0x13,0x68,"00 00 ff 4b 13 68 00 00"
2025-10-25 10:12:22,49.75,0x00,0x00,0xff,0x4b,0x13,0x6f,"00 00 ff 4b 13 6f 00 00"
2025-10-25 10:12:23,49.81,0x00,0x00,0xff,0x4b,0x13,0x75,"00 00 ff 4b 13 75 00 00"
2025-10-25 10:12:23,49.93,0x00,0x00,0xff,0x4b,0x13,0x81,"00 00 ff 4b 13 81 00 00"
2025-10-25 10:12:23,50,0x00,0x00,0xff,0x4b,0x13,0x88,"00 00 ff 4b 13 88 00 00"
2025-10-25 10:12:23,50.06,0x00,0x00,0xff,0x4b,0x13,0x8e,"00 00 ff 4b 13 8e 00 00"
2025-10-25 10:12:23,50.06,0x00,0x00,0xff,0x4b,0x13,0x8e,"00 00 ff 4b 13 8e 00 00"
2025-10-25 10:12:23,50.12,0x00,0x00,0xff,0x4b,0x13,0x94,"00 00 ff 4b 13 94 00 00"
2025-10-25 10:12:23,50.18,0x00,0x00,0xff,0x4b,0x13,0x9a,"00 00 ff 4b 13 9a 00 00"
2025-10-25 10:12:23,50.25,0x00,0x00,0xff,0x4b,0x13,0xa1,"00 00 ff 4b 13 a1 00 00"
2025-10-25 10:12:23,50.25,0x00,0x00,0xff,0x4b,0x13,0xa1,"00 00 ff 4b 13 a1 00 00"
2025-10-25 10:12:23,50.31,0x00,0x00,0xff,0x4b,0x13,0xa7,"00 00 ff 4b 13 a7 00 00"
2025-10-25 10:12:23,50.37,0x00,0x00,0xff,0x4b,0x13,0xad,"00 00 ff 4b 13 ad 00 00"
2025-10-25 10:12:23,50.43,0x00,0x00,0xff,0x4b,0x13,0xb3,"00 00 ff 4b 13 b3 00 00"
2025-10-25 10:12:23,50.5,0x00,0x00,0xff,0x4b,0x13,0xba,"00 00 ff 4b 13 ba 00 00"
2025-10-25 10:12:23,50.56,0x00,0x00,0xff,0x4b,0x13,0xc0,"00 00 ff 4b 13 c0 00 00"
2025-10-25 10:12:23,50.62,0x00,0x00,0xff,0x4b,0x13,0xc6,"00 00 ff 4b 13 c6 00 00"
2025-10-25 10:12:23,50.68,0x00,0x00,0xff,0x4b,0x13,0xcc,"00 00 ff 4b 13 cc 00 00"
2025-10-25 10:12:23,50.81,0x00,0x00,0xff,0x4b,0x13,0xd9,"00 00 ff 4b 13 d9 00 00"
2025-10-25 10:12:23,50.87,0x00,0x00,0xff,0x4b,0x13,0xdf,"00 00 ff 4b 13 df 00 00"
2025-10-25 10:12:23,50.93,0x00,0x00,0xff,0x4b,0x13,0xe5,"00 00 ff 4b 13 e5 00 00"
2025-10-25 10:12:23,51.06,0x00,0x00,0xff,0x4b,0x13,0xf2,"00 00 ff 4b 13 f2 00 00"
2025-10-25 10:12:23,51.12,0x00,0x00,0xff,0x4b,0x13,0xf8,"00 00 ff 4b 13 f8 00 00"
2025-10-25 10:12:23,51.18,0x00,0x00,0xff,0x4b,0x13,0xfe,"00 00 ff 4b 13 fe 00 00"
2025-10-25 10:12:23,51.31,0x00,0x00,0xff,0x4b,0x14,0x0b,"00 00 ff 4b 14 0b 00 00"
2025-10-25 10:12:23,51.43,0x00,0x06,0xff,0x4b,0x14,0x17,"00 06 ff 4b 14 17 00 00"
2025-10-25 10:12:23,51.5,0x00,0x06,0xff,0x4b,0x14,0x1e,"00 06 ff 4b 14 1e 00 00"
2025-10-25 10:12:23,51.62,0x00,0x06,0xff,0x4b,0x14,0x2a,"00 06 ff 4b 14 2a 00 00"
2025-10-25 10:12:23,51.68,0x00,0x06,0xff,0x4b,0x14,0x30,"00 06 ff 4b 14 30 00 00"
2025-10-25 10:12:23,51.75,0x00,0x06,0xff,0x4b,0x14,0x37,"00 06 ff 4b 14 37 00 00"
2025-10-25 10:12:23,51.87,0x00,0x06,0xff,0x4b,0x14,0x43,"00 06 ff 4b 14 43 00 00"
2025-10-25 10:12:23,51.93,0x00,0x06,0xff,0x4b,0x14,0x49,"00 06 ff 4b 14 49 00 00"
2025-10-25 10:12:23,52,0x00,0x06,0xff,0x4b,0x14,0x50,"00 06 ff 4b 14 50 00 00"
2025-10-25 10:12:23,52.06,0x00,0x06,0xff,0x4b,0x14,0x56,"00 06 ff 4b 14 56 00 00"
2025-10-25 10:12:23,52.12,0x00,0x06,0xff,0x4b,0x14,0x5c,"00 06 ff 4b 14 5c 00 00"
2025-10-25 10:12:23,52.18,0x00,0x06,0xff,0x4b,0x14,0x62,"00 06 ff 4b 14 62 00 00"
2025-10-25 10:12:24,52.25,0x00,0x06,0xff,0x4b,0x14,0x69,"00 06 ff 4b 14 69 00 00"
2025-10-25 10:12:24,52.25,0x00,0x06,0xff,0x4b,0x14,0x69,"00 06 ff 4b 14 69 00 00"
2025-10-25 10:12:24,52.31,0x00,0x06,0xff,0x4b,0x14,0x6f,"00 06 ff 4b 14 6f 00 00"
2025-10-25 10:12:24,52.37,0x00,0x06,0xff,0x4b,0x14,0x75,"00 06 ff 4b 14 75 00 00"
2025-10-25 10:12:24,52.37,0x00,0x06,0xff,0x4b,0x14,0x75,"00 06 ff 4b 14 75 00 00"
2025-10-25 10:12:24,52.43,0x00,0x06,0xff,0x4b,0x14,0x7b,"00 06 ff 4b 14 7b 00 00"
2025-10-25 10:12:24,52.43,0x00,0x06,0xff,0x4b,0x14,0x7b,"00 06 ff 4b 14 7b 00 00"
2025-10-25 10:12:24,52.43,0x00,0x06,0xff,0x4b,0x14,0x7b,"00 06 ff 4b 14 7b 00 00"
2025-10-25 10:12:24,52.5,0x00,0x06,0xff,0x4b,0x14,0x82,"00 06 ff 4b 14 82 00 00"
2025-10-25 10:12:24,52.5,0x00,0x06,0xff,0x4b,0x14,0x82,"00 06 ff 4b 14 82 00 00"
2025-10-25 10:12:24,52.5,0x00,0x06,0xff,0x4b,0x14,0x82,"00 06 ff 4b 14 82 00 00"
2025-10-25 10:12:24,52.56,0x00,0x06,0xff,0x4b,0x14,0x88,"00 06 ff 4b 14 88 00 00"
2025-10-25 10:12:24,52.56,0x00,0x06,0xff,0x4b,0x14,0x88,"00 06 ff 4b 14 88 00 00"
2025-10-25 10:12:24,52.62,0x00,0x00,0xff,0x4b,0x14,0x8e,"00 00 ff 4b 14 8e 00 00"
2025-10-25 10:12:24,52.62,0x00,0x00,0xff,0x4b,0x14,0x8e,"00 00 ff 4b 14 8e 00 00"
2025-10-25 10:12:24,52.62,0x00,0x00,0xff,0x4b,0x14,0x8e,"00 00 ff 4b 14 8e 00 00"
2025-10-25 10:12:24,52.62,0x00,0x00,0xff,0x4b,0x14,0x8e,"00 00 ff 4b 14 8e 00 00"
2025-10-25 10:12:24,52.62,0x00,0x00,0xff,0x4b,0x14,0x8e,"00 00 ff 4b 14 8e 00 00"
2025-10-25 10:12:24,52.68,0x00,0x00,0xff,0x4b,0x14,0x94,"00 00 ff 4b 14 94 00 00"
2025-10-25 10:12:24,52.68,0x00,0x00,0xff,0x4b,0x14,0x94,"00 00 ff 4b 14 94 00 00"
2025-10-25 10:12:24,52.68,0x00,0x00,0xff,0x4b,0x14,0x94,"00 00 ff 4b 14 94 00 00"
2025-10-25 10:12:24,52.68,0x00,0x00,0xff,0x4b,0x14,0x94,"00 00 ff 4b 14 94 00 00"
2025-10-25 10:12:24,52.68,0x00,0x00,0xff,0x4b,0x14,0x94,"00 00 ff 4b 14 94 00 00"
2025-10-25 10:12:24,52.68,0x00,0x00,0xff,0x4b,0x14,0x94,"00 00 ff 4b 14 94 00 00"
2025-10-25 10:12:24,52.68,0x00,0x00,0xff,0x4b,0x14,0x94,"00 00 ff 4b 14 94 00 00"
2025-10-25 10:12:24,52.68,0x00,0x00,0xff,0x4b,0x14,0x94,"00 00 ff 4b 14 94 00 00"
2025-10-25 10:12:24,52.68,0x00,0x00,0xff,0x4b,0x14,0x94,"00 00 ff 4b 14 94 00 00"
2025-10-25 10:12:24,52.68,0x00,0x00,0xff,0x4b,0x14,0x94,"00 00 ff 4b 14 94 00 00"
2025-10-25 10:12:24,52.68,0x00,0x00,0xff,0x4b,0x14,0x94,"00 00 ff 4b 14 94 00 00"
2025-10-25 10:12:24,52.68,0x00,0x00,0xff,0x4b,0x14,0x94,"00 00 ff 4b 14 94 00 00"
2025-10-25 10:12:24,52.68,0x00,0x00,0xff,0x4b,0x14,0x94,"00 00 ff 4b 14 94 00 00"
2025-10-25 10:12:24,52.68,0x00,0x00,0xff,0x4b,0x14,0x94,"00 00 ff 4b 14 94 00 00"
2025-10-25 10:12:24,52.68,0xff,0xfa,0xff,0x4b,0x14,0x94,"ff fa ff 4b 14 94 00 00"
2025-10-25 10:12:24,52.75,0xff,0xfa,0xff,0x4b,0x14,0x9b,"ff fa ff 4b 14 9b 00 00"
2025-10-25 10:12:24,52.81,0xff,0xfa,0xff,0x4b,0x14,0xa1,"ff fa ff 4b 14 a1 00 00"
2025-10-25 10:12:25,52.81,0xff,0xfa,0xff,0x4b,0x14,0xa1,"ff fa ff 4b 14 a1 00 00"
2025-10-25 10:12:25,52.87,0xff,0xfa,0xff,0x4b,0x14,0xa7,"ff fa ff 4b 14 a7 00 00"
2025-10-25 10:12:25,52.93,0xff,0xfa,0xff,0x4b,0x14,0xad,"ff fa ff 4b 14 ad 00 00"
2025-10-25 10:12:25,53,0xff,0xfa,0xff,0x4b,0x14,0xb4,"ff fa ff 4b 14 b4 00 00"
2025-10-25 10:12:25,53.06,0xff,0xfa,0xff,0x4b,0x14,0xba,"ff fa ff 4b 14 ba 00 00"
2025-10-25 10:12:25,53.12,0xff,0xfa,0xff,0x4b,0x14,0xc0,"ff fa ff 4b 14 c0 00 00"
2025-10-25 10:12:25,53.18,0xff,0xfa,0xff,0x4b,0x14,0xc6,"ff fa ff 4b 14 c6 00 00"
2025-10-25 10:12:25,53.18,0xff,0xfa,0xff,0x4b,0x14,0xc6,"ff fa ff 4b 14 c6 00 00"
2025-10-25 10:12:25,53.25,0xff,0xf4,0xff,0x51,0x14,0xcd,"ff f4 ff 51 14 cd 00 00"
2025-10-25 10:12:25,53.31,0xff,0xfa,0xff,0x51,0x14,0xd3,"ff fa ff 51 14 d3 00 00"
2025-10-25 10:12:25,53.31,0xff,0xfa,0xff,0x51,0x14,0xd3,"ff fa ff 51 14 d3 00 00"
2025-10-25 10:12:25,53.37,0xff,0xfa,0xff,0x51,0x14,0xd9,"ff fa ff 51 14 d9 00 00"
2025-10-25 10:12:25,53.37,0xff,0xf4,0xff,0x51,0x14,0xd9,"ff f4 ff 51 14 d9 00 00"
2025-10-25 10:12:25,53.37,0xff,0xf4,0xff,0x51,0x14,0xd9,"ff f4 ff 51 14 d9 00 00"
2025-10-25 10:12:25,53.37,0xff,0xf4,0xff,0x51,0x14,0xd9,"ff f4 ff 51 14 d9 00 00"
2025-10-25 10:12:25,53.37,0xff,0xf4,0xff,0x51,0x14,0xd9,"ff f4 ff 51 14 d9 00 00"
2025-10-25 10:12:25,53.37,0xff,0xf4,0xff,0x51,0x14,0xd9,"ff f4 ff 51 14 d9 00 00"
2025-10-25 10:12:25,53.37,0xff,0xf4,0xff,0x51,0x14,0xd9,"ff f4 ff 51 14 d9 00 00"
2025-10-25 10:12:25,53.37,0xff,0xf4,0xff,0x51,0x14,0xd9,"ff f4 ff 51 14 d9 00 00"
2025-10-25 10:12:25,53.37,0xff,0xf4,0xff,0x51,0x14,0xd9,"ff f4 ff 51 14 d9 00 00"
2025-10-25 10:12:25,53.43,0xff,0xf4,0xff,0x51,0x14,0xdf,"ff f4 ff 51 14 df 00 00"
2025-10-25 10:12:25,53.43,0xff,0xf4,0xff,0x51,0x14,0xdf,"ff f4 ff 51 14 df 00 00"
2025-10-25 10:12:25,53.5,0xff,0xf4,0xff,0x51,0x14,0xe6,"ff f4 ff 51 14 e6 00 00"
2025-10-25 10:12:25,53.5,0xff,0xf4,0xff,0x51,0x14,0xe6,"ff f4 ff 51 14 e6 00 00"
2025-10-25 10:12:25,53.56,0xff,0xf4,0xff,0x51,0x14,0xec,"ff f4 ff 51 14 ec 00 00"
2025-10-25 10:12:25,53.56,0xff,0xf4,0xff,0x51,0x14,0xec,"ff f4 ff 51 14 ec 00 00"
2025-10-25 10:12:25,53.62,0xff,0xf4,0xff,0x51,0x14,0xf2,"ff f4 ff 51 14 f2 00 00"
2025-10-25 10:12:25,53.68,0xff,0xf4,0xff,0x51,0x14,0xf8,"ff f4 ff 51 14 f8 00 00"
2025-10-25 10:12:25,53.75,0xff,0xf4,0xff,0x51,0x14,0xff,"ff f4 ff 51 14 ff 00 00"
2025-10-25 10:12:25,53.81,0xff,0xf4,0xff,0x51,0x15,0x05,"ff f4 ff 51 15 05 00 00"
2025-10-25 10:12:25,53.87,0xff,0xf4,0xff,0x51,0x15,0x0b,"ff f4 ff 51 15 0b 00 00"
2025-10-25 10:12:25,54,0xff,0xf4,0xff,0x51,0x15,0x18,"ff f4 ff 51 15 18 00 00"
2025-10-25 10:12:25,54.06,0xff,0xf4,0xff,0x51,0x15,0x1e,"ff f4 ff 51 15 1e 00 00"
2025-10-25 10:12:25,54.18,0xff,0xf4,0xff,0x51,0x15,0x2a,"ff f4 ff 51 15 2a 00 00"
2025-10-25 10:12:26,54.25,0xff,0xf4,0xff,0x51,0x15,0x31,"ff f4 ff 51 15 31 00 00"
2025-10-25 10:12:26,54.31,0xff,0xf4,0xff,0x51,0x15,0x37,"ff f4 ff 51 15 37 00 00"
2025-10-25 10:12:26,54.37,0xff,0xf4,0xff,0x51,0x15,0x3d,"ff f4 ff 51 15 3d 00 00"
2025-10-25 10:12:26,54.5,0xff,0xf4,0xff,0x51,0x15,0x4a,"ff f4 ff 51 15 4a 00 00"
2025-10-25 10:12:26,54.56,0xff,0xf4,0xff,0x51,0x15,0x50,"ff f4 ff 51 15 50 00 00"
2025-10-25 10:12:26,54.62,0xff,0xf4,0xff,0x51,0x15,0x56,"ff f4 ff 51 15 56 00 00"
2025-10-25 10:12:26,54.75,0xff,0xf4,0xff,0x51,0x15,0x63,"ff f4 ff 51 15 63 00 00"
2025-10-25 10:12:26,54.75,0xff,0xf4,0xff,0x51,0x15,0x63,"ff f4 ff 51 15 63 00 00"
2025-10-25 10:12:26,54.87,0xff,0xf4,0xff,0x51,0x15,0x6f,"ff f4 ff 51 15 6f 00 00"
2025-10-25 10:12:26,54.93,0xff,0xfa,0xff,0x51,0x15,0x75,"ff fa ff 51 15 75 00 00"
2025-10-25 10:12:26,55,0xff,0xfa,0xff,0x51,0x15,0x7c,"ff fa ff 51 15 7c 00 00"
2025-10-25 10:12:26,55.06,0xff,0xfa,0xff,0x51,0x15,0x82,"ff fa ff 51 15 82 00 00"
2025-10-25 10:12:26,55.18,0xff,0xfa,0xff,0x51,0x15,0x8e,"ff fa ff 51 15 8e 00 00"
2025-10-25 10:12:26,55.25,0xff,0xfa,0xff,0x51,0x15,0x95,"ff fa ff 51 15 95 00 00"
2025-10-25 10:12:26,55.31,0xff,0xfa,0xff,0x51,0x15,0x9b,"ff fa ff 51 15 9b 00 00"
2025-10-25 10:12:26,55.43,0xff,0xfa,0xff,0x51,0x15,0xa7,"ff fa ff 51 15 a7 00 00"
2025-10-25 10:12:26,55.5,0xff,0xfa,0xff,0x51,0x15,0xae,"ff fa ff 51 15 ae 00 00"
2025-10-25 10:12:26,55.56,0xff,0xfa,0xff,0x51,0x15,0xb4,"ff fa ff 51 15 b4 00 00"
2025-10-25 10:12:26,55.62,0xff,0xfa,0xff,0x51,0x15,0xba,"ff fa ff 51 15 ba 00 00"
2025-10-25 10:12:26,55.68,0xff,0xfa,0xff,0x51,0x15,0xc0,"ff fa ff 51 15 c0 00 00"
2025-10-25 10:12:26,55.75,0xff,0xfa,0xff,0x51,0x15,0xc7,"ff fa ff 51 15 c7 00 00"
2025-10-25 10:12:26,55.81,0xff,0xfa,0xff,0x51,0x15,0xcd,"ff fa ff 51 15 cd 00 00"
2025-10-25 10:12:26,55.87,0xff,0xfa,0xff,0x51,0x15,0xd3,"ff fa ff 51 15 d3 00 00"
2025-10-25 10:12:26,56,0xff,0xfa,0xff,0x51,0x15,0xe0,"ff fa ff 51 15 e0 00 00"
2025-10-25 10:12:26,56.06,0xff,0xfa,0xff,0x51,0x15,0xe6,"ff fa ff 51 15 e6 00 00"
2025-10-25 10:12:26,56.12,0xff,0xfa,0xff,0x51,0x15,0xec,"ff fa ff 51 15 ec 00 00"
2025-10-25 10:12:26,56.25,0xff,0xfa,0xff,0x51,0x15,0xf9,"ff fa ff 51 15 f9 00 00"
2025-10-25 10:12:26,56.31,0xff,0xfa,0xff,0x51,0x15,0xff,"ff fa ff 51 15 ff 00 00"
2025-10-25 10:12:26,56.43,0xff,0xfa,0xff,0x51,0x16,0x0b,"ff fa ff 51 16 0b 00 00"
2025-10-25 10:12:26,56.5,0xff,0xfa,0xff,0x51,0x16,0x12,"ff fa ff 51 16 12 00 00"
2025-10-25 10:12:26,56.56,0xff,0xfa,0xff,0x51,0x16,0x18,"ff fa ff 51 16 18 00 00"
2025-10-25 10:12:26,56.68,0xff,0xfa,0xff,0x51,0x16,0x24,"ff fa ff 51 16 24 00 00"
2025-10-25 10:12:26,56.75,0xff,0xfa,0xff,0x51,0x16,0x2b,"ff fa ff 51 16 2b 00 00"
2025-10-25 10:12:26,56.87,0xff,0xfa,0xff,0x51,0x16,0x37,"ff fa ff 51 16 37 00 00"
2025-10-25 10:12:27,56.93,0x00,0x00,0xff,0x51,0x16,0x3d,"00 00 ff 51 16 3d 00 00"
2025-10-25 10:12:27,57,0x00,0x00,0xff,0x51,0x16,0x44,"00 00 ff 51 16 44 00 00"
2025-10-25 10:12:27,57.06,0x00,0x00,0xff,0x51,0x16,0x4a,"00 00 ff 51 16 4a 00 00"
2025-10-25 10:12:27,57.12,0x00,0x00,0xff,0x51,0x16,0x50,"00 00 ff 51 16 50 00 00"
2025-10-25 10:12:27,57.18,0x00,0x00,0xff,0x51,0x16,0x56,"00 00 ff 51 16 56 00 00"
2025-10-25 10:12:27,57.25,0x00,0x00,0xff,0x51,0x16,0x5d,"00 00 ff 51 16 5d 00 00"
2025-10-25 10:12:27,57.31,0x00,0x00,0xff,0x51,0x16,0x63,"00 00 ff 51 16 63 00 00"
2025-10-25 10:12:27,57.37,0x00,0x00,0xff,0x51,0x16,0x69,"00 00 ff 51 16 69 00 00"
2025-10-25 10:12:27,57.43,0x00,0x00,0xff,0x51,0x16,0x6f,"00 00 ff 51 16 6f 00 00"
2025-10-25 10:12:27,57.5,0x00,0x00,0xff,0x51,0x16,0x76,"00 00 ff 51 16 76 00 00"
2025-10-25 10:12:27,57.56,0x00,0x00,0xff,0x51,0x16,0x7c,"00 00 ff 51 16 7c 00 00"
2025-10-25 10:12:27,57.62,0x00,0x00,0xff,0x51,0x16,0x82,"00 00 ff 51 16 82 00 00"
2025-10-25 10:12:27,57.68,0x00,0x00,0xff,0x51,0x16,0x88,"00 00 ff 51 16 88 00 00"
2025-10-25 10:12:27,57.75,0x00,0x00,0xff,0x51,0x16,0x8f,"00 00 ff 51 16 8f 00 00"
2025-10-25 10:12:27,57.81,0x00,0x00,0xff,0x51,0x16,0x95,"00 00 ff 51 16 95 00 00"
2025-10-25 10:12:27,57.87,0x00,0x00,0xff,0x51,0x16,0x9b,"00 00 ff 51 16 9b 00 00"
2025-10-25 10:12:27,57.93,0x00,0x00,0xff,0x51,0x16,0xa1,"00 00 ff 51 16 a1 00 00"
2025-10-25 10:12:27,58,0x00,0x00,0xff,0x51,0x16,0xa8,"00 00 ff 51 16 a8 00 00"
2025-10-25 10:12:27,58.06,0x00,0x00,0xff,0x51,0x16,0xae,"00 00 ff 51 16 ae 00 00"
2025-10-25 10:12:27,58.12,0x00,0x00,0xff,0x51,0x16,0xb4,"00 00 ff 51 16 b4 00 00"
2025-10-25 10:12:27,58.18,0x00,0x00,0xff,0x51,0x16,0xba,"00 00 ff 51 16 ba 00 00"
2025-10-25 10:12:27,58.25,0x00,0x00,0xff,0x51,0x16,0xc1,"00 00 ff 51 16 c1 00 00"
2025-10-25 10:12:27,58.31,0x00,0x00,0xff,0x51,0x16,0xc7,"00 00 ff 51 16 c7 00 00"
2025-10-25 10:12:27,58.37,0x00,0x00,0xff,0x51,0x16,0xcd,"00 00 ff 51 16 cd 00 00"
2025-10-25 10:12:27,58.5,0x00,0x00,0xff,0x51,0x16,0xda,"00 00 ff 51 16 da 00 00"
2025-10-25 10:12:27,58.56,0x00,0x00,0xff,0x51,0x16,0xe0,"00 00 ff 51 16 e0 00 00"
2025-10-25 10:12:27,58.56,0x00,0x00,0xff,0x51,0x16,0xe0,"00 00 ff 51 16 e0 00 00"
2025-10-25 10:12:27,58.68,0x00,0x00,0xff,0x51,0x16,0xec,"00 00 ff 51 16 ec 00 00"
2025-10-25 10:12:27,58.75,0x00,0x00,0xff,0x51,0x16,0xf3,"00 00 ff 51 16 f3 00 00"
2025-10-25 10:12:27,58.81,0x00,0x00,0xff,0x51,0x16,0xf9,"00 00 ff 51 16 f9 00 00"
2025-10-25 10:12:27,58.87,0x00,0x00,0xff,0x51,0x16,0xff,"00 00 ff 51 16 ff 00 00"
2025-10-25 10:12:27,59,0x00,0x00,0xff,0x51,0x17,0x0c,"00 00 ff 51 17 0c 00 00"
2025-10-25 10:12:27,59.06,0x00,0x00,0xff,0x51,0x17,0x12,"00 00 ff 51 17 12 00 00"
2025-10-25 10:12:27,59.12,0x00,0x00,0xff,0x51,0x17,0x18,"00 00 ff 51 17 18 00 00"
2025-10-25 10:12:28,59.12,0x00,0x00,0xff,0x51,0x17,0x18,"00 00 ff 51 17 18 00 00"
2025-10-25 10:12:28,59.18,0x00,0x00,0xff,0x51,0x17,0x1e,"00 00 ff 51 17 1e 00 00"
2025-10-25 10:12:28,59.25,0x00,0x00,0xff,0x51,0x17,0x25,"00 00 ff 51 17 25 00 00"
2025-10-25 10:12:28,59.31,0x00,0x00,0xff,0x51,0x17,0x2b,"00 00 ff 51 17 2b 00 00"
2025-10-25 10:12:28,59.37,0x00,0x00,0xff,0x51,0x17,0x31,"00 00 ff 51 17 31 00 00"
2025-10-25 10:12:28,59.37,0x00,0x00,0xff,0x51,0x17,0x31,"00 00 ff 51 17 31 00 00"
2025-10-25 10:12:28,59.43,0x00,0x00,0xff,0x51,0x17,0x37,"00 00 ff 51 17 37 00 00"
2025-10-25 10:12:28,59.43,0x00,0x00,0xff,0x51,0x17,0x37,"00 00 ff 51 17 37 00 00"
2025-10-25 10:12:28,59.5,0x00,0x00,0xff,0x51,0x17,0x3e,"00 00 ff 51 17 3e 00 00"
2025-10-25 10:12:28,59.56,0x00,0x00,0xff,0x51,0x17,0x44,"00 00 ff 51 17 44 00 00"
2025-10-25 10:12:28,59.56,0x00,0x00,0xff,0x51,0x17,0x44,"00 00 ff 51 17 44 00 00"
2025-10-25 10:12:28,59.62,0x00,0x00,0xff,0x51,0x17,0x4a,"00 00 ff 51 17 4a 00 00"
2025-10-25 10:12:28,59.68,0x00,0x00,0xff,0x51,0x17,0x50,"00 00 ff 51 17 50 00 00"
2025-10-25 10:12:28,59.68,0x00,0x00,0xff,0x51,0x17,0x50,"00 00 ff 51 17 50 00 00"
2025-10-25 10:12:28,59.75,0x00,0x00,0xff,0x51,0x17,0x57,"00 00 ff 51 17 57 00 00"
2025-10-25 10:12:28,59.81,0x00,0x00,0xff,0x51,0x17,0x5d,"00 00 ff 51 17 5d 00 00"
2025-10-25 10:12:28,59.81,0x00,0x00,0xff,0x51,0x17,0x5d,"00 00 ff 51 17 5d 00 00"
2025-10-25 10:12:28,59.87,0x00,0x00,0xff,0x51,0x17,0x63,"00 00 ff 51 17 63 00 00"
2025-10-25 10:12:28,59.87,0x00,0x00,0xff,0x51,0x17,0x63,"00 00 ff 51 17 63 00 00"
2025-10-25 10:12:28,59.87,0x00,0x00,0xff,0x51,0x17,0x63,"00 00 ff 51 17 63 00 00"
2025-10-25 10:12:28,59.87,0x00,0x00,0xff,0x51,0x17,0x63,"00 00 ff 51 17 63 00 00"
2025-10-25 10:12:28,59.93,0x00,0x00,0xff,0x51,0x17,0x69,"00 00 ff 51 17 69 00 00"
2025-10-25 10:12:28,59.93,0x00,0x00,0xff,0x51,0x17,0x69,"00 00 ff 51 17 69 00 00"
2025-10-25 10:12:28,59.93,0x00,0x00,0xff,0x51,0x17,0x69,"00 00 ff 51 17 69 00 00"
2025-10-25 10:12:28,59.93,0x00,0x00,0xff,0x51,0x17,0x69,"00 00 ff 51 17 69 00 00"
2025-10-25 10:12:28,59.93,0x00,0x00,0xff,0x51,0x17,0x69,"00 00 ff 51 17 69 00 00"
2025-10-25 10:12:28,59.93,0x00,0x00,0xff,0x51,0x17,0x69,"00 00 ff 51 17 69 00 00"
2025-10-25 10:12:28,59.93,0x00,0x00,0xff,0x51,0x17,0x69,"00 00 ff 51 17 69 00 00"
2025-10-25 10:12:28,59.93,0x00,0x00,0xff,0x51,0x17,0x69,"00 00 ff 51 17 69 00 00"
2025-10-25 10:12:28,59.93,0x00,0x00,0xff,0x51,0x17,0x69,"00 00 ff 51 17 69 00 00"
2025-10-25 10:12:28,59.93,0x00,0x00,0xff,0x51,0x17,0x69,"00 00 ff 51 17 69 00 00"
2025-10-25 10:12:28,59.93,0x00,0x00,0xff,0x51,0x17,0x69,"00 00 ff 51 17 69 00 00"
2025-10-25 10:12:28,59.93,0x00,0x00,0xff,0x51,0x17,0x69,"00 00 ff 51 17 69 00 00"
2025-10-25 10:12:28,59.87,0x00,0x00,0xff,0x51,0x17,0x63,"00 00 ff 51 17 63 00 00"
2025-10-25 10:12:29,59.87,0x00,0x00,0xff,0x51,0x17,0x63,"00 00 ff 51 17 63 00 00"
2025-10-25 10:12:29,59.81,0x00,0x00,0xff,0x51,0x17,0x5d,"00 00 ff 51 17 5d 00 00"
2025-10-25 10:12:29,59.81,0x00,0x00,0xff,0x51,0x17,0x5d,"00 00 ff 51 17 5d 00 00"
2025-10-25 10:12:29,59.75,0x00,0x00,0xff,0x51,0x17,0x57,"00 00 ff 51 17 57 00 00"
2025-10-25 10:12:29,59.68,0x00,0x00,0xff,0x51,0x17,0x50,"00 00 ff 51 17 50 00 00"
2025-10-25 10:12:29,59.62,0x00,0x00,0xff,0x51,0x17,0x4a,"00 00 ff 51 17 4a 00 00"
2025-10-25 10:12:29,59.56,0x00,0x00,0xff,0x51,0x17,0x44,"00 00 ff 51 17 44 00 00"
2025-10-25 10:12:29,59.5,0x00,0x00,0xff,0x51,0x17,0x3e,"00 00 ff 51 17 3e 00 00"
2025-10-25 10:12:29,59.37,0x00,0x00,0xff,0x51,0x17,0x31,"00 00 ff 51 17 31 00 00"
2025-10-25 10:12:29,59.31,0x00,0x00,0xff,0x51,0x17,0x2b,"00 00 ff 51 17 2b 00 00"
2025-10-25 10:12:29,59.25,0x00,0x00,0xff,0x51,0x17,0x25,"00 00 ff 51 17 25 00 00"
2025-10-25 10:12:29,59.12,0x00,0x00,0xff,0x51,0x17,0x18,"00 00 ff 51 17 18 00 00"
2025-10-25 10:12:29,59.12,0x00,0x00,0xff,0x51,0x17,0x18,"00 00 ff 51 17 18 00 00"
2025-10-25 10:12:29,59.06,0x00,0x00,0xff,0x51,0x17,0x12,"00 00 ff 51 17 12 00 00"
2025-10-25 10:12:29,59,0x00,0x00,0xff,0x51,0x17,0x0c,"00 00 ff 51 17 0c 00 00"
2025-10-25 10:12:29,58.93,0x00,0x00,0xff,0x51,0x17,0x05,"00 00 ff 51 17 05 00 00"
2025-10-25 10:12:29,58.87,0x00,0x00,0xff,0x51,0x16,0xff,"00 00 ff 51 16 ff 00 00"
2025-10-25 10:12:29,58.81,0x00,0x00,0xff,0x51,0x16,0xf9,"00 00 ff 51 16 f9 00 00"
2025-10-25 10:12:29,58.75,0x00,0x00,0xff,0x51,0x16,0xf3,"00 00 ff 51 16 f3 00 00"
2025-10-25 10:12:29,58.68,0x00,0x00,0xff,0x51,0x16,0xec,"00 00 ff 51 16 ec 00 00"
2025-10-25 10:12:29,58.62,0x00,0x00,0xff,0x51,0x16,0xe6,"00 00 ff 51 16 e6 00 00"
2025-10-25 10:12:29,58.56,0xff,0xfa,0xff,0x51,0x16,0xe0,"ff fa ff 51 16 e0 00 00"
2025-10-25 10:12:29,58.56,0xff,0xfa,0xff,0x51,0x16,0xe0,"ff fa ff 51 16 e0 00 00"
2025-10-25 10:12:29,58.5,0xff,0xfa,0xff,0x51,0x16,0xda,"ff fa ff 51 16 da 00 00"
2025-10-25 10:12:29,58.43,0xff,0xf4,0xff,0x51,0x16,0xd3,"ff f4 ff 51 16 d3 00 00"
2025-10-25 10:12:29,58.37,0xff,0xee,0xff,0x58,0x16,0xcd,"ff ee ff 58 16 cd 00 00"
2025-10-25 10:12:29,58.31,0xff,0xee,0xff,0x58,0x16,0xc7,"ff ee ff 58 16 c7 00 00"
2025-10-25 10:12:29,58.25,0xff,0xee,0xff,0x58,0x16,0xc1,"ff ee ff 58 16 c1 00 00"
2025-10-25 10:12:29,58.18,0xff,0xee,0xff,0x58,0x16,0xba,"ff ee ff 58 16 ba 00 00"
2025-10-25 10:12:29,58.12,0xff,0xf4,0xff,0x58,0x16,0xb4,"ff f4 ff 58 16 b4 00 00"
2025-10-25 10:12:29,58.12,0xff,0xf4,0xff,0x51,0x16,0xb4,"ff f4 ff 51 16 b4 00 00"
2025-10-25 10:12:29,58.06,0xff,0xf4,0xff,0x51,0x16,0xae,"ff f4 ff 51 16 ae 00 00"
2025-10-25 10:12:29,58,0xff,0xf4,0xff,0x51,0x16,0xa8,"ff f4 ff 51 16 a8 00 00"
2025-10-25 10:12:29,58,0xff,0xf4,0xff,0x51,0x16,0xa8,"ff f4 ff 51 16 a8 00 00"
2025-10-25 10:12:29,57.93,0xff,0xee,0xff,0x51,0x16,0xa1,"ff ee ff 51 16 a1 00 00"
2025-10-25 10:12:30,57.93,0xff,0xe7,0xff,0x51,0x16,0xa1,"ff e7 ff 51 16 a1 00 00"
2025-10-25 10:12:30,57.93,0xff,0xe7,0xff,0x51,0x16,0xa1,"ff e7 ff 51 16 a1 00 00"
2025-10-25 10:12:30,57.87,0xff,0xe7,0xff,0x51,0x16,0x9b,"ff e7 ff 51 16 9b 00 00"
2025-10-25 10:12:30,57.87,0xff,0xe7,0xff,0x51,0x16,0x9b,"ff e7 ff 51 16 9b 00 00"
2025-10-25 10:12:30,57.81,0xff,0xe7,0xff,0x51,0x16,0x95,"ff e7 ff 51 16 95 00 00"
2025-10-25 10:12:30,57.81,0xff,0xe7,0xff,0x51,0x16,0x95,"ff e7 ff 51 16 95 00 00"
2025-10-25 10:12:30,57.81,0xff,0xe7,0xff,0x51,0x16,0x95,"ff e7 ff 51 16 95 00 00"
2025-10-25 10:12:30,57.81,0xff,0xe7,0xff,0x51,0x16,0x95,"ff e7 ff 51 16 95 00 00"
2025-10-25 10:12:30,57.81,0xff,0xe7,0xff,0x51,0x16,0x95,"ff e7 ff 51 16 95 00 00"
2025-10-25 10:12:30,57.81,0xff,0xe7,0xff,0x51,0x16,0x95,"ff e7 ff 51 16 95 00 00"
2025-10-25 10:12:30,57.81,0xff,0xe7,0xff,0x51,0x16,0x95,"ff e7 ff 51 16 95 00 00"
2025-10-25 10:12:30,57.81,0xff,0xe7,0xff,0x51,0x16,0x95,"ff e7 ff 51 16 95 00 00"
2025-10-25 10:12:30,57.81,0xff,0xe7,0xff,0x51,0x16,0x95,"ff e7 ff 51 16 95 00 00"
2025-10-25 10:12:30,57.81,0xff,0xe7,0xff,0x51,0x16,0x95,"ff e7 ff 51 16 95 00 00"
2025-10-25 10:12:30,57.81,0xff,0xfa,0xff,0xfa,0x16,0x95,"ff fa ff fa 16 95 00 00"
2025-10-25 10:12:30,57.87,0xff,0xe1,0xff,0x51,0x16,0x9b,"ff e1 ff 51 16 9b 00 00"
2025-10-25 10:12:30,57.93,0xff,0xe1,0xff,0x51,0x16,0xa1,"ff e1 ff 51 16 a1 00 00"
2025-10-25 10:12:30,57.93,0xff,0xe1,0xff,0x51,0x16,0xa1,"ff e1 ff 51 16 a1 00 00"
2025-10-25 10:12:30,58,0xff,0xe1,0xff,0x51,0x16,0xa8,"ff e1 ff 51 16 a8 00 00"
2025-10-25 10:12:30,58.06,0xff,0xe1,0xff,0x51,0x16,0xae,"ff e1 ff 51 16 ae 00 00"
2025-10-25 10:12:30,58.12,0xff,0xe1,0xff,0x51,0x16,0xb4,"ff e1 ff 51 16 b4 00 00"
2025-10-25 10:12:30,58.18,0xff,0xe1,0xff,0x51,0x16,0xba,"ff e1 ff 51 16 ba 00 00"
2025-10-25 10:12:30,58.25,0xff,0xe7,0xff,0x51,0x16,0xc1,"ff e7 ff 51 16 c1 00 00"
2025-10-25 10:12:30,58.37,0xff,0xe7,0xff,0x51,0x16,0xcd,"ff e7 ff 51 16 cd 00 00"
2025-10-25 10:12:30,58.43,0xff,0xe7,0xff,0x51,0x16,0xd3,"ff e7 ff 51 16 d3 00 00"
2025-10-25 10:12:30,58.5,0xff,0xe7,0xff,0x51,0x16,0xda,"ff e7 ff 51 16 da 00 00"
2025-10-25 10:12:30,58.62,0xff,0xe1,0xff,0x51,0x16,0xe6,"ff e1 ff 51 16 e6 00 00"
2025-10-25 10:12:30,58.68,0xff,0xe1,0xff,0x51,0x16,0xec,"ff e1 ff 51 16 ec 00 00"
2025-10-25 10:12:30,58.75,0xff,0xe1,0xff,0x51,0x16,0xf3,"ff e1 ff 51 16 f3 00 00"
2025-10-25 10:12:30,58.81,0xff,0xe1,0xff,0x51,0x16,0xf9,"ff e1 ff 51 16 f9 00 00"
2025-10-25 10:12:30,58.93,0xff,0xe1,0xff,0x51,0x17,0x05,"ff e1 ff 51 17 05 00 00"
2025-10-25 10:12:30,59,0xff,0xe1,0xff,0x51,0x17,0x0c,"ff e1 ff 51 17 0c 00 00"
2025-10-25 10:12:30,59.12,0xff,0xe1,0xff,0x51,0x17,0x18,"ff e1 ff 51 17 18 00 00"
2025-10-25 10:12:30,59.18,0xff,0xe7,0xff,0x51,0x17,0x1e,"ff e7 ff 51 17 1e 00 00"
2025-10-25 10:12:31,59.25,0xff,0xe7,0xff,0x51,0x17,0x25,"ff e7 ff 51 17 25 00 00"
2025-10-25 10:12:31,59.37,0xff,0xe7,0xff,0x51,0x17,0x31,"ff e7 ff 51 17 31 00 00"
2025-10-25 10:12:31,59.43,0xff,0xe7,0xff,0x51,0x17,0x37,"ff e7 ff 51 17 37 00 00"
2025-10-25 10:12:31,59.5,0xff,0xe7,0xff,0x51,0x17,0x3e,"ff e7 ff 51 17 3e 00 00"
2025-10-25 10:12:31,59.56,0xff,0xe7,0xff,0x51,0x17,0x44,"ff e7 ff 51 17 44 00 00"
2025-10-25 10:12:31,59.62,0xff,0xe7,0xff,0x51,0x17,0x4a,"ff e7 ff 51 17 4a 00 00"
2025-10-25 10:12:31,59.68,0xff,0xe7,0xff,0x51,0x17,0x50,"ff e7 ff 51 17 50 00 00"
2025-10-25 10:12:31,59.75,0xff,0xe7,0xff,0x51,0x17,0x57,"ff e7 ff 51 17 57 00 00"
2025-10-25 10:12:31,59.81,0xff,0xe7,0xff,0x51,0x17,0x5d,"ff e7 ff 51 17 5d 00 00"
2025-10-25 10:12:31,59.87,0xff,0xe7,0xff,0x51,0x17,0x63,"ff e7 ff 51 17 63 00 00"
2025-10-25 10:12:31,59.93,0xff,0xe7,0xff,0x51,0x17,0x69,"ff e7 ff 51 17 69 00 00"
2025-10-25 10:12:31,60,0xff,0xe7,0xff,0x51,0x17,0x70,"ff e7 ff 51 17 70 00 00"
2025-10-25 10:12:31,60.12,0xff,0xe7,0xff,0x51,0x17,0x7c,"ff e7 ff 51 17 7c 00 00"
2025-10-25 10:12:31,60.18,0xff,0xe7,0xff,0x51,0x17,0x82,"ff e7 ff 51 17 82 00 00"
2025-10-25 10:12:31,60.31,0xff,0xe7,0xff,0x51,0x17,0x8f,"ff e7 ff 51 17 8f 00 00"
2025-10-25 10:12:31,60.37,0xff,0xe7,0xff,0x51,0x17,0x95,"ff e7 ff 51 17 95 00 00"
2025-10-25 10:12:31,60.43,0xff,0xe7,0xff,0x51,0x17,0x9b,"ff e7 ff 51 17 9b 00 00"
2025-10-25 10:12:31,60.5,0xff,0xe7,0xff,0x51,0x17,0xa2,"ff e7 ff 51 17 a2 00 00"
2025-10-25 10:12:31,60.56,0xff,0xe7,0xff,0x51,0x17,0xa8,"ff e7 ff 51 17 a8 00 00"
2025-10-25 10:12:31,60.62,0xff,0xe7,0xff,0x51,0x17,0xae,"ff e7 ff 51 17 ae 00 00"
2025-10-25 10:12:31,60.68,0xff,0xe7,0xff,0x51,0x17,0xb4,"ff e7 ff 51 17 b4 00 00"
2025-10-25 10:12:31,60.81,0xff,0xe7,0xff,0x51,0x17,0xc1,"ff e7 ff 51 17 c1 00 00"
2025-10-25 10:12:31,60.87,0xff,0xe7,0xff,0x51,0x17,0xc7,"ff e7 ff 51 17 c7 00 00"
2025-10-25 10:12:31,60.93,0xff,0xe7,0xff,0x51,0x17,0xcd,"ff e7 ff 51 17 cd 00 00"
2025-10-25 10:12:31,61,0xff,0xe7,0xff,0x51,0x17,0xd4,"ff e7 ff 51 17 d4 00 00"
2025-10-25 10:12:31,61.06,0xff,0xe7,0xff,0x51,0x17,0xda,"ff e7 ff 51 17 da 00 00"
2025-10-25 10:12:31,61.12,0xff,0xe7,0xff,0x51,0x17,0xe0,"ff e7 ff 51 17 e0 00 00"
2025-10-25 10:12:31,61.18,0xff,0xe7,0xff,0x51,0x17,0xe6,"ff e7 ff 51 17 e6 00 00"
2025-10-25 10:12:31,61.25,0xff,0xee,0xff,0x51,0x17,0xed,"ff ee ff 51 17 ed 00 00"
2025-10-25 10:12:31,61.25,0xff,0xee,0xff,0x51,0x17,0xed,"ff ee ff 51 17 ed 00 00"
2025-10-25 10:12:31,61.31,0xff,0xee,0xff,0x51,0x17,0xf3,"ff ee ff 51 17 f3 00 00"
2025-10-25 10:12:31,61.37,0xff,0xee,0xff,0x51,0x17,0xf9,"ff ee ff 51 17 f9 00 00"
2025-10-25 10:12:31,61.37,0xff,0xee,0xff,0x51,0x17,0xf9,"ff ee ff 51 17 f9 00 00"
2025-10-25 10:12:31,61.43,0xff,0xee,0xff,0x51,0x17,0xff,"ff ee ff 51 17 ff 00 00"
2025-10-25 10:12:32,61.5,0xff,0xee,0xff,0x51,0x18,0x06,"ff ee ff 51 18 06 00 00"
2025-10-25 10:12:32,61.5,0xff,0xee,0xff,0x51,0x18,0x06,"ff ee ff 51 18 06 00 00"
2025-10-25 10:12:32,61.56,0xff,0xee,0xff,0x51,0x18,0x0c,"ff ee ff 51 18 0c 00 00"
2025-10-25 10:12:32,61.62,0xff,0xee,0xff,0x51,0x18,0x12,"ff ee ff 51 18 12 00 00"
2025-10-25 10:12:32,61.68,0xff,0xee,0xff,0x51,0x18,0x18,"ff ee ff 51 18 18 00 00"
2025-10-25 10:12:32,61.75,0xff,0xee,0xff,0x51,0x18,0x1f,"ff ee ff 51 18 1f 00 00"
2025-10-25 10:12:32,61.81,0xff,0xee,0xff,0x51,0x18,0x25,"ff ee ff 51 18 25 00 00"
2025-10-25 10:12:32,61.87,0xff,0xee,0xff,0x51,0x18,0x2b,"ff ee ff 51 18 2b 00 00"
2025-10-25 10:12:32,61.93,0xff,0xee,0xff,0x51,0x18,0x31,"ff ee ff 51 18 31 00 00"
2025-10-25 10:12:32,62,0xff,0xee,0xff,0x51,0x18,0x38,"ff ee ff 51 18 38 00 00"
2025-10-25 10:12:32,62.06,0xff,0xee,0xff,0x51,0x18,0x3e,"ff ee ff 51 18 3e 00 00"
2025-10-25 10:12:32,62.18,0xff,0xee,0xff,0x51,0x18,0x4a,"ff ee ff 51 18 4a 00 00"
2025-10-25 10:12:32,62.25,0xff,0xee,0xff,0x51,0x18,0x51,"ff ee ff 51 18 51 00 00"
2025-10-25 10:12:32,62.37,0xff,0xee,0xff,0x51,0x18,0x5d,"ff ee ff 51 18 5d 00 00"
2025-10-25 10:12:32,62.5,0xff,0xee,0xff,0x51,0x18,0x6a,"ff ee ff 51 18 6a 00 00"
2025-10-25 10:12:32,62.56,0xff,0xee,0xff,0x51,0x18,0x70,"ff ee ff 51 18 70 00 00"
2025-10-25 10:12:32,62.62,0xff,0xee,0xff,0x51,0x18,0x76,"ff ee ff 51 18 76 00 00"
2025-10-25 10:12:32,62.75,0xff,0xee,0xff,0x51,0x18,0x83,"ff ee ff 51 18 83 00 00"
2025-10-25 10:12:32,62.81,0xff,0xee,0xff,0x51,0x18,0x89,"ff ee ff 51 18 89 00 00"
2025-10-25 10:12:32,62.93,0xff,0xee,0xff,0x51,0x18,0x95,"ff ee ff 51 18 95 00 00"
2025-10-25 10:12:32,63,0xff,0xee,0xff,0x51,0x18,0x9c,"ff ee ff 51 18 9c 00 00"
2025-10-25 10:12:32,63.12,0xff,0xee,0xff,0x51,0x18,0xa8,"ff ee ff 51 18 a8 00 00"
2025-10-25 10:12:32,63.18,0xff,0xee,0xff,0x51,0x18,0xae,"ff ee ff 51 18 ae 00 00"
2025-10-25 10:12:32,63.31,0xff,0xf4,0xff,0x51,0x18,0xbb,"ff f4 ff 51 18 bb 00 00"
2025-10-25 10:12:32,63.43,0xff,0xf4,0xff,0x51,0x18,0xc7,"ff f4 ff 51 18 c7 00 00"
2025-10-25 10:12:32,63.5,0xff,0xf4,0xff,0x51,0x18,0xce,"ff f4 ff 51 18 ce 00 00"
2025-10-25 10:12:32,63.62,0xff,0xf4,0xff,0x51,0x18,0xda,"ff f4 ff 51 18 da 00 00"
2025-10-25 10:12:32,63.75,0xff,0xf4,0xff,0x51,0x18,0xe7,"ff f4 ff 51 18 e7 00 00"
2025-10-25 10:12:32,63.87,0xff,0xf4,0xff,0x51,0x18,0xf3,"ff f4 ff 51 18 f3 00 00"
2025-10-25 10:12:32,64,0xff,0xf4,0xff,0x51,0x19,0x00,"ff f4 ff 51 19 00 00 00"
2025-10-25 10:12:32,64.12,0xff,0xf4,0xff,0x51,0x19,0x0c,"ff f4 ff 51 19 0c 00 00"
2025-10-25 10:12:32,64.25,0xff,0xf4,0xff,0x51,0x19,0x19,"ff f4 ff 51 19 19 00 00"
2025-10-25 10:12:32,64.31,0xff,0xf4,0xff,0x51,0x19,0x1f,"ff f4 ff 51 19 1f 00 00"
2025-10-25 10:12:32,64.43,0xff,0xf4,0xff,0x51,0x19,0x2b,"ff f4 ff 51 19 2b 00 00"
2025-10-25 10:12:32,64.56,0xff,0xf4,0xff,0x51,0x19,0x38,"ff f4 ff 51 19 38 00 00"
2025-10-25 10:12:33,64.68,0xff,0xf4,0xff,0x51,0x19,0x44,"ff f4 ff 51 19 44 00 00"
2025-10-25 10:12:33,64.81,0xff,0xf4,0xff,0x51,0x19,0x51,"ff f4 ff 51 19 51 00 00"
2025-10-25 10:12:33,64.93,0xff,0xf4,0xff,0x51,0x19,0x5d,"ff f4 ff 51 19 5d 00 00"
2025-10-25 10:12:33,65.06,0xff,0xf4,0xff,0x51,0x19,0x6a,"ff f4 ff 51 19 6a 00 00"
2025-10-25 10:12:33,65.18,0xff,0xf4,0xff,0x51,0x19,0x76,"ff f4 ff 51 19 76 00 00"
2025-10-25 10:12:33,65.31,0xff,0xfa,0xff,0x51,0x19,0x83,"ff fa ff 51 19 83 00 00"
2025-10-25 10:12:33,65.43,0xff,0xfa,0xff,0x51,0x19,0x8f,"ff fa ff 51 19 8f 00 00"
2025-10-25 10:12:33,65.5,0xff,0xfa,0xff,0x51,0x19,0x96,"ff fa ff 51 19 96 00 00"
2025-10-25 10:12:33,65.62,0xff,0xfa,0xff,0x51,0x19,0xa2,"ff fa ff 51 19 a2 00 00"
2025-10-25 10:12:33,65.75,0xff,0xfa,0xff,0x51,0x19,0xaf,"ff fa ff 51 19 af 00 00"
2025-10-25 10:12:33,65.87,0xff,0xfa,0xff,0x51,0x19,0xbb,"ff fa ff 51 19 bb 00 00"
2025-10-25 10:12:33,66,0xff,0xfa,0xff,0x51,0x19,0xc8,"ff fa ff 51 19 c8 00 00"
2025-10-25 10:12:33,66.06,0xff,0xfa,0xff,0x51,0x19,0xce,"ff fa ff 51 19 ce 00 00"
2025-10-25 10:12:33,66.12,0xff,0xfa,0xff,0x51,0x19,0xd4,"ff fa ff 51 19 d4 00 00"
2025-10-25 10:12:33,66.18,0xff,0xfa,0xff,0x51,0x19,0xda,"ff fa ff 51 19 da 00 00"
2025-10-25 10:12:33,66.31,0xff,0xfa,0xff,0x51,0x19,0xe7,"ff fa ff 51 19 e7 00 00"
2025-10-25 10:12:33,66.37,0xff,0xfa,0xff,0x58,0x19,0xed,"ff fa ff 58 19 ed 00 00"
2025-10-25 10:12:33,66.43,0xff,0xfa,0xff,0x58,0x19,0xf3,"ff fa ff 58 19 f3 00 00"
2025-10-25 10:12:33,66.5,0xff,0xfa,0xff,0x5e,0x19,0xfa,"ff fa ff 5e 19 fa 00 00"
2025-10-25 10:12:33,66.5,0xff,0xfa,0xff,0x5e,0x19,0xfa,"ff fa ff 5e 19 fa 00 00"
2025-10-25 10:12:33,66.56,0xff,0xfa,0xff,0x58,0x1a,0x00,"ff fa ff 58 1a 00 00 00"
2025-10-25 10:12:33,66.56,0xff,0xf4,0xff,0x58,0x1a,0x00,"ff f4 ff 58 1a 00 00 00"
2025-10-25 10:12:33,66.56,0xff,0xf4,0xff,0x58,0x1a,0x00,"ff f4 ff 58 1a 00 00 00"
2025-10-25 10:12:33,66.56,0xff,0xf4,0xff,0x58,0x1a,0x00,"ff f4 ff 58 1a 00 00 00"
2025-10-25 10:12:33,66.56,0xff,0xf4,0xff,0x5e,0x1a,0x00,"ff f4 ff 5e 1a 00 00 00"
2025-10-25 10:12:33,66.56,0xff,0xf4,0xff,0x5e,0x1a,0x00,"ff f4 ff 5e 1a 00 00 00"
2025-10-25 10:12:33,66.56,0xff,0xf4,0xff,0x5e,0x1a,0x00,"ff f4 ff 5e 1a 00 00 00"
2025-10-25 10:12:33,66.56,0xff,0xf4,0xff,0x5e,0x1a,0x00,"ff f4 ff 5e 1a 00 00 00"
2025-10-25 10:12:33,66.56,0xff,0xf4,0xff,0x5e,0x1a,0x00,"ff f4 ff 5e 1a 00 00 00"
2025-10-25 10:12:33,66.56,0xff,0xf4,0xff,0x5e,0x1a,0x00,"ff f4 ff 5e 1a 00 00 00"
2025-10-25 10:12:33,66.5,0xff,0xee,0xff,0x5e,0x19,0xfa,"ff ee ff 5e 19 fa 00 00"
2025-10-25 10:12:33,66.5,0xff,0xee,0xff,0x5e,0x19,0xfa,"ff ee ff 5e 19 fa 00 00"
2025-10-25 10:12:33,66.5,0xff,0xee,0xff,0x5e,0x19,0xfa,"ff ee ff 5e 19 fa 00 00"
2025-10-25 10:12:33,66.5,0xff,0xee,0xff,0x5e,0x19,0xfa,"ff ee ff 5e 19 fa 00 00"
2025-10-25 10:12:34,66.5,0xff,0xee,0xff,0x5e,0x19,0xfa,"ff ee ff 5e 19 fa 00 00"
2025-10-25 10:12:34,66.5,0xff,0xee,0xff,0x5e,0x19,0xfa,"ff ee ff 5e 19 fa 00 00"
2025-10-25 10:12:34,66.5,0xff,0xee,0xff,0x5e,0x19,0xfa,"ff ee ff 5e 19 fa 00 00"
2025-10-25 10:12:34,66.5,0xff,0xee,0xff,0x5e,0x19,0xfa,"ff ee ff 5e 19 fa 00 00"
2025-10-25 10:12:34,66.5,0xff,0xe7,0xff,0x5e,0x19,0xfa,"ff e7 ff 5e 19 fa 00 00"
2025-10-25 10:12:34,66.5,0xff,0xe7,0xff,0x5e,0x19,0xfa,"ff e7 ff 5e 19 fa 00 00"
2025-10-25 10:12:34,66.5,0xff,0xe7,0xff,0x5e,0x19,0xfa,"ff e7 ff 5e 19 fa 00 00"
2025-10-25 10:12:34,66.5,0xff,0xe7,0xff,0x5e,0x19,0xfa,"ff e7 ff 5e 19 fa 00 00"
2025-10-25 10:12:34,66.5,0xff,0xe7,0xff,0x5e,0x19,0xfa,"ff e7 ff 5e 19 fa 00 00"
2025-10-25 10:12:34,66.5,0xff,0xe7,0xff,0x5e,0x19,0xfa,"ff e7 ff 5e 19 fa 00 00"
2025-10-25 10:12:34,66.5,0xff,0xe7,0xff,0x5e,0x19,0xfa,"ff e7 ff 5e 19 fa 00 00"
2025-10-25 10:12:34,66.56,0xff,0xe7,0xff,0x5e,0x1a,0x00,"ff e7 ff 5e 1a 00 00 00"
2025-10-25 10:12:34,66.56,0xff,0xe7,0xff,0x5e,0x1a,0x00,"ff e7 ff 5e 1a 00 00 00"
2025-10-25 10:12:34,66.56,0xff,0xe7,0xff,0x58,0x1a,0x00,"ff e7 ff 58 1a 00 00 00"
2025-10-25 10:12:34,66.62,0xff,0xe7,0xff,0x58,0x1a,0x06,"ff e7 ff 58 1a 06 00 00"
2025-10-25 10:12:34,66.62,0xff,0xe1,0xff,0x58,0x1a,0x06,"ff e1 ff 58 1a 06 00 00"
2025-10-25 10:12:34,66.62,0xff,0xe1,0xff,0x58,0x1a,0x06,"ff e1 ff 58 1a 06 00 00"
2025-10-25 10:12:34,66.68,0xff,0xe1,0xff,0x58,0x1a,0x0c,"ff e1 ff 58 1a 0c 00 00"
2025-10-25 10:12:34,66.68,0xff,0xe1,0xff,0x58,0x1a,0x0c,"ff e1 ff 58 1a 0c 00 00"
2025-10-25 10:12:34,66.68,0xff,0xe1,0xff,0x58,0x1a,0x0c,"ff e1 ff 58 1a 0c 00 00"
2025-10-25 10:12:34,66.68,0xff,0xe1,0xff,0x58,0x1a,0x0c,"ff e1 ff 58 1a 0c 00 00"
2025-10-25 10:12:34,66.68,0xff,0xe1,0xff,0x58,0x1a,0x0c,"ff e1 ff 58 1a 0c 00 00"
2025-10-25 10:12:34,66.68,0xff,0xe1,0xff,0x58,0x1a,0x0c,"ff e1 ff 58 1a 0c 00 00"
2025-10-25 10:12:34,66.68,0xff,0xe1,0xff,0x58,0x1a,0x0c,"ff e1 ff 58 1a 0c 00 00"
2025-10-25 10:12:34,66.68,0xff,0xe1,0xff,0x58,0x1a,0x0c,"ff e1 ff 58 1a 0c 00 00"
2025-10-25 10:12:34,66.68,0xff,0xe1,0xff,0x58,0x1a,0x0c,"ff e1 ff 58 1a 0c 00 00"
2025-10-25 10:12:34,66.68,0xff,0xe1,0xff,0x58,0x1a,0x0c,"ff e1 ff 58 1a 0c 00 00"
2025-10-25 10:12:34,66.68,0xff,0xe1,0xff,0x58,0x1a,0x0c,"ff e1 ff 58 1a 0c 00 00"
2025-10-25 10:12:34,66.68,0xff,0xe1,0xff,0x58,0x1a,0x0c,"ff e1 ff 58 1a 0c 00 00"
2025-10-25 10:12:34,66.68,0xff,0xe1,0xff,0x58,0x1a,0x0c,"ff e1 ff 58 1a 0c 00 00"
2025-10-25 10:12:34,66.68,0xff,0xe1,0xff,0x58,0x1a,0x0c,"ff e1 ff 58 1a 0c 00 00"
2025-10-25 10:12:34,66.68,0xff,0xe1,0xff,0x58,0x1a,0x0c,"ff e1 ff 58 1a 0c 00 00"
2025-10-25 10:12:34,66.68,0xff,0xe1,0xff,0x58,0x1a,0x0c,"ff e1 ff 58 1a 0c 00 00"
2025-10-25 10:12:34,66.68,0xff,0xe1,0xff,0x58,0x1a,0x0c,"ff e1 ff 58 1a 0c 00 00"
2025-10-25 10:12:35,66.75,0xff,0xe1,0xff,0x58,0x1a,0x13,"ff e1 ff 58 1a 13 00 00"
2025-10-25 10:12:35,66.75,0xff,0xe1,0xff,0x58,0x1a,0x13,"ff e1 ff 58 1a 13 00 00"
2025-10-25 10:12:35,66.81,0xff,0xe1,0xff,0x58,0x1a,0x19,"ff e1 ff 58 1a 19 00 00"
2025-10-25 10:12:35,66.81,0xff,0xe1,0xff,0x58,0x1a,0x19,"ff e1 ff 58 1a 19 00 00"
2025-10-25 10:12:35,66.87,0xff,0xe7,0xff,0x58,0x1a,0x1f,"ff e7 ff 58 1a 1f 00 00"
2025-10-25 10:12:35,66.87,0xff,0xe7,0xff,0x58,0x1a,0x1f,"ff e7 ff 58 1a 1f 00 00"
2025-10-25 10:12:35,66.93,0xff,0xe7,0xff,0x58,0x1a,0x25,"ff e7 ff 58 1a 25 00 00"
2025-10-25 10:12:35,67,0xff,0xe7,0xff,0x58,0x1a,0x2c,"ff e7 ff 58 1a 2c 00 00"
2025-10-25 10:12:35,67.06,0xff,0xe7,0xff,0x58,0x1a,0x32,"ff e7 ff 58 1a 32 00 00"
2025-10-25 10:12:35,67.12,0xff,0xe7,0xff,0x58,0x1a,0x38,"ff e7 ff 58 1a 38 00 00"
2025-10-25 10:12:35,67.12,0xff,0xe7,0xff,0x58,0x1a,0x38,"ff e7 ff 58 1a 38 00 00"
2025-10-25 10:12:35,67.18,0xff,0xe7,0xff,0x58,0x1a,0x3e,"ff e7 ff 58 1a 3e 00 00"
2025-10-25 10:12:35,67.25,0xff,0xe7,0xff,0x58,0x1a,0x45,"ff e7 ff 58 1a 45 00 00"
2025-10-25 10:12:35,67.31,0xff,0xe7,0xff,0x58,0x1a,0x4b,"ff e7 ff 58 1a 4b 00 00"
2025-10-25 10:12:35,67.37,0xff,0xe7,0xff,0x58,0x1a,0x51,"ff e7 ff 58 1a 51 00 00"
2025-10-25 10:12:35,67.37,0xff,0xe7,0xff,0x58,0x1a,0x51,"ff e7 ff 58 1a 51 00 00"
2025-10-25 10:12:35,67.37,0xff,0xe7,0xff,0x58,0x1a,0x51,"ff e7 ff 58 1a 51 00 00"
2025-10-25 10:12:35,67.43,0xff,0xe7,0xff,0x58,0x1a,0x57,"ff e7 ff 58 1a 57 00 00"
2025-10-25 10:12:35,67.43,0xff,0xe7,0xff,0x58,0x1a,0x57,"ff e7 ff 58 1a 57 00 00"
2025-10-25 10:12:35,67.5,0xff,0xe7,0xff,0x58,0x1a,0x5e,"ff e7 ff 58 1a 5e 00 00"
2025-10-25 10:12:35,67.5,0xff,0xe7,0xff,0x58,0x1a,0x5e,"ff e7 ff 58 1a 5e 00 00"
2025-10-25 10:12:35,67.5,0xff,0xe7,0xff,0x58,0x1a,0x5e,"ff e7 ff 58 1a 5e 00 00"
2025-10-25 10:12:35,67.5,0xff,0xe7,0xff,0x58,0x1a,0x5e,"ff e7 ff 58 1a 5e 00 00"
2025-10-25 10:12:35,67.5,0xff,0xe7,0xff,0x58,0x1a,0x5e,"ff e7 ff 58 1a 5e 00 00"
2025-10-25 10:12:35,67.5,0xff,0xe7,0xff,0x58,0x1a,0x5e,"ff e7 ff 58 1a 5e 00 00"
2025-10-25 10:12:35,67.5,0xff,0xe7,0xff,0x58,0x1a,0x5e,"ff e7 ff 58 1a 5e 00 00"
2025-10-25 10:12:35,67.5,0xff,0xe7,0xff,0x58,0x1a,0x5e,"ff e7 ff 58 1a 5e 00 00"
2025-10-25 10:12:35,67.5,0xff,0xe7,0xff,0x58,0x1a,0x5e,"ff e7 ff 58 1a 5e 00 00"
2025-10-25 10:12:35,67.5,0xff,0xe7,0xff,0x58,0x1a,0x5e,"ff e7 ff 58 1a 5e 00 00"
2025-10-25 10:12:35,67.5,0xff,0xe7,0xff,0x58,0x1a,0x5e,"ff e7 ff 58 1a 5e 00 00"
2025-10-25 10:12:35,67.5,0xff,0xe7,0xff,0x58,0x1a,0x5e,"ff e7 ff 58 1a 5e 00 00"
2025-10-25 10:12:35,67.5,0xff,0xe7,0xff,0x58,0x1a,0x5e,"ff e7 ff 58 1a 5e 00 00"
2025-10-25 10:12:35,67.5,0xff,0xe7,0xff,0x58,0x1a,0x5e,"ff e7 ff 58 1a 5e 00 00"
2025-10-25 10:12:35,67.5,0xff,0xe7,0xff,0x58,0x1a,0x5e,"ff e7 ff 58 1a 5e 00 00"
2025-10-25 10:12:36,67.5,0xff,0xe7,0xff,0x58,0x1a,0x5e,"ff e7 ff 58 1a 5e 00 00"
2025-10-25 10:12:36,67.5,0xff,0xe7,0xff,0x58,0x1a,0x5e,"ff e7 ff 58 1a 5e 00 00"
2025-10-25 10:12:36,67.56,0xff,0xe7,0xff,0x58,0x1a,0x64,"ff e7 ff 58 1a 64 00 00"
2025-10-25 10:12:36,67.56,0xff,0xe7,0xff,0x58,0x1a,0x64,"ff e7 ff 58 1a 64 00 00"
2025-10-25 10:12:36,67.56,0xff,0xe7,0xff,0x58,0x1a,0x64,"ff e7 ff 58 1a 64 00 00"
2025-10-25 10:12:36,67.62,0xff,0xe7,0xff,0x58,0x1a,0x6a,"ff e7 ff 58 1a 6a 00 00"
2025-10-25 10:12:36,67.62,0xff,0xe7,0xff,0x58,0x1a,0x6a,"ff e7 ff 58 1a 6a 00 00"
2025-10-25 10:12:36,67.68,0xff,0xe7,0xff,0x58,0x1a,0x70,"ff e7 ff 58 1a 70 00 00"
2025-10-25 10:12:36,67.68,0xff,0xe7,0xff,0x58,0x1a,0x70,"ff e7 ff 58 1a 70 00 00"
2025-10-25 10:12:36,67.75,0xff,0xe7,0xff,0x58,0x1a,0x77,"ff e7 ff 58 1a 77 00 00"
2025-10-25 10:12:36,67.75,0xff,0xe7,0xff,0x58,0x1a,0x77,"ff e7 ff 58 1a 77 00 00"
2025-10-25 10:12:36,67.75,0xff,0xe7,0xff,0x58,0x1a,0x77,"ff e7 ff 58 1a 77 00 00"
2025-10-25 10:12:36,67.75,0xff,0xe7,0xff,0x58,0x1a,0x77,"ff e7 ff 58 1a 77 00 00"
2025-10-25 10:12:36,67.75,0xff,0xe7,0xff,0x58,0x1a,0x77,"ff e7 ff 58 1a 77 00 00"
2025-10-25 10:12:36,67.75,0xff,0xe7,0xff,0x58,0x1a,0x77,"ff e7 ff 58 1a 77 00 00"
2025-10-25 10:12:36,67.75,0xff,0xe7,0xff,0x58,0x1a,0x77,"ff e7 ff 58 1a 77 00 00"
2025-10-25 10:12:36,67.75,0xff,0xe7,0xff,0x58,0x1a,0x77,"ff e7 ff 58 1a 77 00 00"
2025-10-25 10:12:36,67.75,0xff,0xe7,0xff,0x58,0x1a,0x77,"ff e7 ff 58 1a 77 00 00"
2025-10-25 10:12:36,67.75,0xff,0xe7,0xff,0x58,0x1a,0x77,"ff e7 ff 58 1a 77 00 00"
2025-10-25 10:12:36,67.75,0xff,0xe7,0xff,0x58,0x1a,0x77,"ff e7 ff 58 1a 77 00 00"
2025-10-25 10:12:36,67.75,0xff,0xe7,0xff,0x58,0x1a,0x77,"ff e7 ff 58 1a 77 00 00"
2025-10-25 10:12:36,67.75,0xff,0xe7,0xff,0x58,0x1a,0x77,"ff e7 ff 58 1a 77 00 00"
2025-10-25 10:12:36,67.75,0xff,0xe7,0xff,0x58,0x1a,0x77,"ff e7 ff 58 1a 77 00 00"
2025-10-25 10:12:36,67.75,0xff,0xe7,0xff,0x58,0x1a,0x77,"ff e7 ff 58 1a 77 00 00"
2025-10-25 10:12:36,67.81,0xff,0xe7,0xff,0x58,0x1a,0x7d,"ff e7 ff 58 1a 7d 00 00"
2025-10-25 10:12:36,67.81,0xff,0xe7,0xff,0x58,0x1a,0x7d,"ff e7 ff 58 1a 7d 00 00"
2025-10-25 10:12:36,67.87,0xff,0xe7,0xff,0x58,0x1a,0x83,"ff e7 ff 58 1a 83 00 00"
2025-10-25 10:12:36,67.87,0xff,0xe7,0xff,0x58,0x1a,0x83,"ff e7 ff 58 1a 83 00 00"
2025-10-25 10:12:36,67.87,0xff,0xe7,0xff,0x58,0x1a,0x83,"ff e7 ff 58 1a 83 00 00"
2025-10-25 10:12:36,67.93,0xff,0xe7,0xff,0x58,0x1a,0x89,"ff e7 ff 58 1a 89 00 00"
2025-10-25 10:12:36,67.93,0xff,0xe7,0xff,0x58,0x1a,0x89,"ff e7 ff 58 1a 89 00 00"
2025-10-25 10:12:36,68,0xff,0xe7,0xff,0x58,0x1a,0x90,"ff e7 ff 58 1a 90 00 00"
2025-10-25 10:12:36,68,0xff,0xe7,0xff,0x58,0x1a,0x90,"ff e7 ff 58 1a 90 00 00"
2025-10-25 10:12:36,68.06,0xff,0xe7,0xff,0x58,0x1a,0x96,"ff e7 ff 58 1a 96 00 00"
2025-10-25 10:12:37,68.06,0xff,0xe7,0xff,0x58,0x1a,0x96,"ff e7 ff 58 1a 96 00 00"
2025-10-25 10:12:37,68.12,0xff,0xe7,0xff,0x58,0x1a,0x9c,"ff e7 ff 58 1a 9c 00 00"
2025-10-25 10:12:37,68.12,0xff,0xe7,0xff,0x58,0x1a,0x9c,"ff e7 ff 58 1a 9c 00 00"
2025-10-25 10:12:37,68.12,0xff,0xe7,0xff,0x58,0x1a,0x9c,"ff e7 ff 58 1a 9c 00 00"
2025-10-25 10:12:37,68.12,0xff,0xe7,0xff,0x58,0x1a,0x9c,"ff e7 ff 58 1a 9c 00 00"
2025-10-25 10:12:37,68.12,0xff,0xe7,0xff,0x58,0x1a,0x9c,"ff e7 ff 58 1a 9c 00 00"
2025-10-25 10:12:37,68.12,0xff,0xe7,0xff,0x58,0x1a,0x9c,"ff e7 ff 58 1a 9c 00 00"
2025-10-25 10:12:37,68.12,0xff,0xe7,0xff,0x58,0x1a,0x9c,"ff e7 ff 58 1a 9c 00 00"
2025-10-25 10:12:37,68.18,0xff,0xe7,0xff,0x58,0x1a,0xa2,"ff e7 ff 58 1a a2 00 00"
2025-10-25 10:12:37,68.18,0xff,0xe7,0xff,0x58,0x1a,0xa2,"ff e7 ff 58 1a a2 00 00"
2025-10-25 10:12:37,68.18,0xff,0xe7,0xff,0x58,0x1a,0xa2,"ff e7 ff 58 1a a2 00 00"
2025-10-25 10:12:37,68.18,0xff,0xe7,0xff,0x58,0x1a,0xa2,"ff e7 ff 58 1a a2 00 00"
2025-10-25 10:12:37,68.18,0xff,0xe7,0xff,0x58,0x1a,0xa2,"ff e7 ff 58 1a a2 00 00"
2025-10-25 10:12:37,68.18,0xff,0xe7,0xff,0x58,0x1a,0xa2,"ff e7 ff 58 1a a2 00 00"
2025-10-25 10:12:37,68.18,0xff,0xe7,0xff,0x58,0x1a,0xa2,"ff e7 ff 58 1a a2 00 00"
2025-10-25 10:12:37,68.25,0xff,0xe7,0xff,0x58,0x1a,0xa9,"ff e7 ff 58 1a a9 00 00"
2025-10-25 10:12:37,68.25,0xff,0xe7,0xff,0x58,0x1a,0xa9,"ff e7 ff 58 1a a9 00 00"
2025-10-25 10:12:37,68.31,0xff,0xe7,0xff,0x58,0x1a,0xaf,"ff e7 ff 58 1a af 00 00"
2025-10-25 10:12:37,68.31,0xff,0xe7,0xff,0x58,0x1a,0xaf,"ff e7 ff 58 1a af 00 00"
2025-10-25 10:12:37,68.37,0xff,0xe7,0xff,0x58,0x1a,0xb5,"ff e7 ff 58 1a b5 00 00"
2025-10-25 10:12:37,68.37,0xff,0xe7,0xff,0x58,0x1a,0xb5,"ff e7 ff 58 1a b5 00 00"
2025-10-25 10:12:37,68.43,0xff,0xe7,0xff,0x58,0x1a,0xbb,"ff e7 ff 58 1a bb 00 00"
2025-10-25 10:12:37,68.43,0xff,0xe7,0xff,0x58,0x1a,0xbb,"ff e7 ff 58 1a bb 00 00"
2025-10-25 10:12:37,68.5,0xff,0xe7,0xff,0x58,0x1a,0xc2,"ff e7 ff 58 1a c2 00 00"
2025-10-25 10:12:37,68.5,0xff,0xe7,0xff,0x58,0x1a,0xc2,"ff e7 ff 58 1a c2 00 00"
2025-10-25 10:12:37,68.56,0xff,0xe7,0xff,0x58,0x1a,0xc8,"ff e7 ff 58 1a c8 00 00"
2025-10-25 10:12:37,68.56,0xff,0xe7,0xff,0x58,0x1a,0xc8,"ff e7 ff 58 1a c8 00 00"
2025-10-25 10:12:37,68.56,0xff,0xe7,0xff,0x58,0x1a,0xc8,"ff e7 ff 58 1a c8 00 00"
2025-10-25 10:12:37,68.62,0xff,0xe7,0xff,0x58,0x1a,0xce,"ff e7 ff 58 1a ce 00 00"
2025-10-25 10:12:37,68.68,0xff,0xe7,0xff,0x58,0x1a,0xd4,"ff e7 ff 58 1a d4 00 00"
2025-10-25 10:12:37,68.68,0xff,0xe7,0xff,0x58,0x1a,0xd4,"ff e7 ff 58 1a d4 00 00"
2025-10-25 10:12:37,68.75,0xff,0xe7,0xff,0x58,0x1a,0xdb,"ff e7 ff 58 1a db 00 00"
2025-10-25 10:12:37,68.75,0xff,0xe7,0xff,0x58,0x1a,0xdb,"ff e7 ff 58 1a db 00 00"
2025-10-25 10:12:37,68.81,0xff,0xe7,0xff,0x58,0x1a,0xe1,"ff e7 ff 58 1a e1 00 00"
2025-10-25 10:12:38,68.81,0xff,0xe7,0xff,0x58,0x1a,0xe1,"ff e7 ff 58 1a e1 00 00"
2025-10-25 10:12:38,68.87,0xff,0xe7,0xff,0x58,0x1a,0xe7,"ff e7 ff 58 1a e7 00 00"
2025-10-25 10:12:38,68.87,0xff,0xe7,0xff,0x58,0x1a,0xe7,"ff e7 ff 58 1a e7 00 00"
2025-10-25 10:12:38,68.87,0xff,0xe7,0xff,0x58,0x1a,0xe7,"ff e7 ff 58 1a e7 00 00"
2025-10-25 10:12:38,68.87,0xff,0xe7,0xff,0x58,0x1a,0xe7,"ff e7 ff 58 1a e7 00 00"
2025-10-25 10:12:38,68.93,0xff,0xe7,0xff,0x58,0x1a,0xed,"ff e7 ff 58 1a ed 00 00"
2025-10-25 10:12:38,68.93,0xff,0xe7,0xff,0x58,0x1a,0xed,"ff e7 ff 58 1a ed 00 00"
2025-10-25 10:12:38,68.93,0xff,0xe7,0xff,0x58,0x1a,0xed,"ff e7 ff 58 1a ed 00 00"
2025-10-25 10:12:38,68.93,0xff,0xe7,0xff,0x58,0x1a,0xed,"ff e7 ff 58 1a ed 00 00"
2025-10-25 10:12:38,68.93,0xff,0xe7,0xff,0x58,0x1a,0xed,"ff e7 ff 58 1a ed 00 00"
2025-10-25 10:12:38,68.93,0xff,0xe7,0xff,0x58,0x1a,0xed,"ff e7 ff 58 1a ed 00 00"
2025-10-25 10:12:38,68.93,0xff,0xe7,0xff,0x58,0x1a,0xed,"ff e7 ff 58 1a ed 00 00"
2025-10-25 10:12:38,68.93,0xff,0xe7,0xff,0x58,0x1a,0xed,"ff e7 ff 58 1a ed 00 00"
2025-10-25 10:12:38,68.93,0xff,0xe7,0xff,0x58,0x1a,0xed,"ff e7 ff 58 1a ed 00 00"
2025-10-25 10:12:38,68.93,0xff,0xe1,0xff,0x58,0x1a,0xed,"ff e1 ff 58 1a ed 00 00"
2025-10-25 10:12:38,68.93,0xff,0xe1,0xff,0x58,0x1a,0xed,"ff e1 ff 58 1a ed 00 00"
2025-10-25 10:12:38,68.93,0xff,0xe1,0xff,0x58,0x1a,0xed,"ff e1 ff 58 1a ed 00 00"
2025-10-25 10:12:38,68.93,0xff,0xe1,0xff,0x58,0x1a,0xed,"ff e1 ff 58 1a ed 00 00"
2025-10-25 10:12:38,68.93,0xff,0xe1,0xff,0x58,0x1a,0xed,"ff e1 ff 58 1a ed 00 00"
2025-10-25 10:12:38,69,0xff,0xe1,0xff,0x58,0x1a,0xf4,"ff e1 ff 58 1a f4 00 00"
2025-10-25 10:12:38,69,0xff,0xe1,0xff,0x58,0x1a,0xf4,"ff e1 ff 58 1a f4 00 00"
2025-10-25 10:12:38,69.06,0xff,0xe1,0xff,0x58,0x1a,0xfa,"ff e1 ff 58 1a fa 00 00"
2025-10-25 10:12:38,69.06,0xff,0xe1,0xff,0x58,0x1a,0xfa,"ff e1 ff 58 1a fa 00 00"
2025-10-25 10:12:38,69.12,0xff,0xe1,0xff,0x58,0x1b,0x00,"ff e1 ff 58 1b 00 00 00"
2025-10-25 10:12:38,69.18,0xff,0xe1,0xff,0x58,0x1b,0x06,"ff e1 ff 58 1b 06 00 00"
2025-10-25 10:12:38,69.18,0xff,0xe1,0xff,0x58,0x1b,0x06,"ff e1 ff 58 1b 06 00 00"
2025-10-25 10:12:38,69.22,0xff,0xe1,0xff,0x58,0x1b,0x0a,"ff e1 ff 58 1b 0a 00 00"
2025-10-25 10:12:38,69.31,0xff,0xe1,0xff,0x58,0x1b,0x13,"ff e1 ff 58 1b 13 00 00"
2025-10-25 10:12:38,69.31,0xff,0xe1,0xff,0x58,0x1b,0x13,"ff e1 ff 58 1b 13 00 00"
2025-10-25 10:12:38,69.37,0xff,0xe1,0xff,0x58,0x1b,0x19,"ff e1 ff 58 1b 19 00 00"
2025-10-25 10:12:38,69.43,0xff,0xe1,0xff,0x58,0x1b,0x1f,"ff e1 ff 58 1b 1f 00 00"
2025-10-25 10:12:38,69.5,0xff,0xe1,0xff,0x58,0x1b,0x26,"ff e1 ff 58 1b 26 00 00"
2025-10-25 10:12:38,69.5,0xff,0xe1,0xff,0x58,0x1b,0x26,"ff e1 ff 58 1b 26 00 00"
2025-10-25 10:12:38,69.56,0xff,0xe1,0xff,0x58,0x1b,0x2c,"ff e1 ff 58 1b 2c 00 00"
2025-10-25 10:12:39,69.62,0xff,0xe1,0xff,0x58,0x1b,0x32,"ff e1 ff 58 1b 32 00 00"
2025-10-25 10:12:39,69.62,0xff,0xe1,0xff,0x58,0x1b,0x32,"ff e1 ff 58 1b 32 00 00"
2025-10-25 10:12:39,69.68,0xff,0xe1,0xff,0x58,0x1b,0x38,"ff e1 ff 58 1b 38 00 00"
2025-10-25 10:12:39,69.68,0xff,0xe1,0xff,0x58,0x1b,0x38,"ff e1 ff 58 1b 38 00 00"
2025-10-25 10:12:39,69.75,0xff,0xe1,0xff,0x58,0x1b,0x3f,"ff e1 ff 58 1b 3f 00 00"
2025-10-25 10:12:39,69.75,0xff,0xe1,0xff,0x58,0x1b,0x3f,"ff e1 ff 58 1b 3f 00 00"
2025-10-25 10:12:39,69.75,0xff,0xe1,0xff,0x58,0x1b,0x3f,"ff e1 ff 58 1b 3f 00 00"
2025-10-25 10:12:39,69.81,0xff,0xe1,0xff,0x58,0x1b,0x45,"ff e1 ff 58 1b 45 00 00"
2025-10-25 10:12:39,69.81,0xff,0xe1,0xff,0x58,0x1b,0x45,"ff e1 ff 58 1b 45 00 00"
2025-10-25 10:12:39,69.81,0xff,0xe1,0xff,0x58,0x1b,0x45,"ff e1 ff 58 1b 45 00 00"
2025-10-25 10:12:39,69.81,0xff,0xe1,0xff,0x58,0x1b,0x45,"ff e1 ff 58 1b 45 00 00"
2025-10-25 10:12:39,69.81,0xff,0xe1,0xff,0x58,0x1b,0x45,"ff e1 ff 58 1b 45 00 00"
2025-10-25 10:12:39,69.81,0xff,0xe1,0xff,0x58,0x1b,0x45,"ff e1 ff 58 1b 45 00 00"
2025-10-25 10:12:39,69.81,0xff,0xe1,0xff,0x58,0x1b,0x45,"ff e1 ff 58 1b 45 00 00"
2025-10-25 10:12:39,69.75,0xff,0xe1,0xff,0x58,0x1b,0x3f,"ff e1 ff 58 1b 3f 00 00"
2025-10-25 10:12:39,69.75,0xff,0xe1,0xff,0x58,0x1b,0x3f,"ff e1 ff 58 1b 3f 00 00"
2025-10-25 10:12:39,69.68,0xff,0xe1,0xff,0x58,0x1b,0x38,"ff e1 ff 58 1b 38 00 00"
2025-10-25 10:12:39,69.68,0xff,0xe1,0xff,0x58,0x1b,0x38,"ff e1 ff 58 1b 38 00 00"
2025-10-25 10:12:39,69.62,0xff,0xe1,0xff,0x58,0x1b,0x32,"ff e1 ff 58 1b 32 00 00"
2025-10-25 10:12:39,69.56,0xff,0xe1,0xff,0x58,0x1b,0x2c,"ff e1 ff 58 1b 2c 00 00"
2025-10-25 10:12:39,69.5,0xff,0xe1,0xff,0x58,0x1b,0x26,"ff e1 ff 58 1b 26 00 00"
2025-10-25 10:12:39,69.43,0xff,0xe1,0xff,0x58,0x1b,0x1f,"ff e1 ff 58 1b 1f 00 00"
2025-10-25 10:12:39,69.37,0xff,0xe1,0xff,0x58,0x1b,0x19,"ff e1 ff 58 1b 19 00 00"
2025-10-25 10:12:39,69.31,0xff,0xe1,0xff,0x58,0x1b,0x13,"ff e1 ff 58 1b 13 00 00"
2025-10-25 10:12:39,69.18,0xff,0xe1,0xff,0x58,0x1b,0x06,"ff e1 ff 58 1b 06 00 00"
2025-10-25 10:12:39,69.06,0xff,0xe1,0xff,0x58,0x1a,0xfa,"ff e1 ff 58 1a fa 00 00"
2025-10-25 10:12:39,69,0xff,0xe1,0xff,0x58,0x1a,0xf4,"ff e1 ff 58 1a f4 00 00"
2025-10-25 10:12:39,68.93,0xff,0xe1,0xff,0x58,0x1a,0xed,"ff e1 ff 58 1a ed 00 00"
2025-10-25 10:12:39,68.87,0xff,0xe1,0xff,0x58,0x1a,0xe7,"ff e1 ff 58 1a e7 00 00"
2025-10-25 10:12:39,68.75,0xff,0xe1,0xff,0x58,0x1a,0xdb,"ff e1 ff 58 1a db 00 00"
2025-10-25 10:12:39,68.68,0xff,0xdb,0xff,0x58,0x1a,0xd4,"ff db ff 58 1a d4 00 00"
2025-10-25 10:12:39,68.62,0xff,0xdb,0xff,0x58,0x1a,0xce,"ff db ff 58 1a ce 00 00"
2025-10-25 10:12:39,68.5,0xff,0xdb,0xff,0x58,0x1a,0xc2,"ff db ff 58 1a c2 00 00"
2025-10-25 10:12:39,68.43,0xff,0xdb,0xff,0x58,0x1a,0xbb,"ff db ff 58 1a bb 00 00"
2025-10-25 10:12:39,68.31,0xff,0xdb,0xff,0x58,0x1a,0xaf,"ff db ff 58 1a af 00 00"
2025-10-25 10:12:40,68.25,0xff,0xdb,0xff,0x58,0x1a,0xa9,"ff db ff 58 1a a9 00 00"
2025-10-25 10:12:40,68.18,0xff,0xdb,0xff,0x58,0x1a,0xa2,"ff db ff 58 1a a2 00 00"
2025-10-25 10:12:40,68.12,0xff,0xdb,0xff,0x58,0x1a,0x9c,"ff db ff 58 1a 9c 00 00"
2025-10-25 10:12:40,68,0xff,0xdb,0xff,0x58,0x1a,0x90,"ff db ff 58 1a 90 00 00"
2025-10-25 10:12:40,67.93,0xff,0xdb,0xff,0x58,0x1a,0x89,"ff db ff 58 1a 89 00 00"
2025-10-25 10:12:40,67.81,0xff,0xdb,0xff,0x58,0x1a,0x7d,"ff db ff 58 1a 7d 00 00"
2025-10-25 10:12:40,67.81,0xff,0xdb,0xff,0x58,0x1a,0x7d,"ff db ff 58 1a 7d 00 00"
2025-10-25 10:12:40,67.68,0xff,0xdb,0xff,0x58,0x1a,0x70,"ff db ff 58 1a 70 00 00"
2025-10-25 10:12:40,67.62,0xff,0xdb,0xff,0x58,0x1a,0x6a,"ff db ff 58 1a 6a 00 00"
2025-10-25 10:12:40,67.56,0xff,0xdb,0xff,0x58,0x1a,0x64,"ff db ff 58 1a 64 00 00"
2025-10-25 10:12:40,67.43,0xff,0xdb,0xff,0x58,0x1a,0x57,"ff db ff 58 1a 57 00 00"
2025-10-25 10:12:40,67.37,0xff,0xdb,0xff,0x58,0x1a,0x51,"ff db ff 58 1a 51 00 00"
2025-10-25 10:12:40,67.31,0xff,0xdb,0xff,0x58,0x1a,0x4b,"ff db ff 58 1a 4b 00 00"
2025-10-25 10:12:40,67.25,0xff,0xdb,0xff,0x58,0x1a,0x45,"ff db ff 58 1a 45 00 00"
2025-10-25 10:12:40,67.12,0xff,0xdb,0xff,0x58,0x1a,0x38,"ff db ff 58 1a 38 00 00"
2025-10-25 10:12:40,67.06,0xff,0xdb,0xff,0x58,0x1a,0x32,"ff db ff 58 1a 32 00 00"
2025-10-25 10:12:40,67,0xff,0xdb,0xff,0x58,0x1a,0x2c,"ff db ff 58 1a 2c 00 00"
2025-10-25 10:12:40,66.93,0xff,0xdb,0xff,0x5e,0x1a,0x25,"ff db ff 5e 1a 25 00 00"
2025-10-25 10:12:40,66.87,0xff,0xdb,0xff,0x5e,0x1a,0x1f,"ff db ff 5e 1a 1f 00 00"
2025-10-25 10:12:40,66.75,0xff,0xd5,0xff,0x5e,0x1a,0x13,"ff d5 ff 5e 1a 13 00 00"
2025-10-25 10:12:40,66.68,0xff,0xd5,0xff,0x5e,0x1a,0x0c,"ff d5 ff 5e 1a 0c 00 00"
2025-10-25 10:12:40,66.62,0xff,0xd5,0xff,0x5e,0x1a,0x06,"ff d5 ff 5e 1a 06 00 00"
2025-10-25 10:12:40,66.56,0xff,0xd5,0xff,0x58,0x1a,0x00,"ff d5 ff 58 1a 00 00 00"
2025-10-25 10:12:40,66.43,0xff,0xd5,0xff,0x58,0x19,0xf3,"ff d5 ff 58 19 f3 00 00"
2025-10-25 10:12:40,66.37,0xff,0xd5,0xff,0x58,0x19,0xed,"ff d5 ff 58 19 ed 00 00"
2025-10-25 10:12:40,66.31,0xff,0xd5,0xff,0x58,0x19,0xe7,"ff d5 ff 58 19 e7 00 00"
2025-10-25 10:12:40,66.25,0xff,0xce,0xff,0x58,0x19,0xe1,"ff ce ff 58 19 e1 00 00"
2025-10-25 10:12:40,66.18,0xff,0xce,0xff,0x58,0x19,0xda,"ff ce ff 58 19 da 00 00"
2025-10-25 10:12:40,66.06,0xff,0xce,0xff,0x58,0x19,0xce,"ff ce ff 58 19 ce 00 00"
2025-10-25 10:12:40,66,0xff,0xce,0xff,0x58,0x19,0xc8,"ff ce ff 58 19 c8 00 00"
2025-10-25 10:12:40,65.93,0xff,0xce,0xff,0x58,0x19,0xc1,"ff ce ff 58 19 c1 00 00"
2025-10-25 10:12:40,65.87,0xff,0xce,0xff,0x58,0x19,0xbb,"ff ce ff 58 19 bb 00 00"
2025-10-25 10:12:40,65.81,0xff,0xce,0xff,0x58,0x19,0xb5,"ff ce ff 58 19 b5 00 00"
2025-10-25 10:12:40,65.75,0xff,0xce,0xff,0x58,0x19,0xaf,"ff ce ff 58 19 af 00 00"
2025-10-25 10:12:41,65.68,0xff,0xce,0xff,0x58,0x19,0xa8,"ff ce ff 58 19 a8 00 00"
2025-10-25 10:12:41,65.62,0xff,0xce,0xff,0x58,0x19,0xa2,"ff ce ff 58 19 a2 00 00"
2025-10-25 10:12:41,65.56,0xff,0xc8,0xff,0x58,0x19,0x9c,"ff c8 ff 58 19 9c 00 00"
2025-10-25 10:12:41,65.43,0xff,0xc8,0xff,0x58,0x19,0x8f,"ff c8 ff 58 19 8f 00 00"
2025-10-25 10:12:41,65.37,0xff,0xc8,0xff,0x58,0x19,0x89,"ff c8 ff 58 19 89 00 00"
2025-10-25 10:12:41,65.31,0xff,0xc8,0xff,0x58,0x19,0x83,"ff c8 ff 58 19 83 00 00"
2025-10-25 10:12:41,65.31,0xff,0xc8,0xff,0x58,0x19,0x83,"ff c8 ff 58 19 83 00 00"
2025-10-25 10:12:41,65.18,0xff,0xc8,0xff,0x58,0x19,0x76,"ff c8 ff 58 19 76 00 00"
2025-10-25 10:12:41,65.12,0xff,0xc8,0xff,0x58,0x19,0x70,"ff c8 ff 58 19 70 00 00"
2025-10-25 10:12:41,65.06,0xff,0xc8,0xff,0x58,0x19,0x6a,"ff c8 ff 58 19 6a 00 00"
2025-10-25 10:12:41,65,0xff,0xc8,0xff,0x58,0x19,0x64,"ff c8 ff 58 19 64 00 00"
2025-10-25 10:12:41,64.93,0xff,0xc8,0xff,0x58,0x19,0x5d,"ff c8 ff 58 19 5d 00 00"
2025-10-25 10:12:41,64.87,0xff,0xc8,0xff,0x58,0x19,0x57,"ff c8 ff 58 19 57 00 00"
2025-10-25 10:12:41,64.87,0xff,0xc8,0xff,0x58,0x19,0x57,"ff c8 ff 58 19 57 00 00"
2025-10-25 10:12:41,64.81,0xff,0xc8,0xff,0x58,0x19,0x51,"ff c8 ff 58 19 51 00 00"
2025-10-25 10:12:41,64.75,0xff,0xc8,0xff,0x5e,0x19,0x4b,"ff c8 ff 5e 19 4b 00 00"
2025-10-25 10:12:41,64.68,0xff,0xc8,0xff,0x5e,0x19,0x44,"ff c8 ff 5e 19 44 00 00"
2025-10-25 10:12:41,64.62,0xff,0xc8,0xff,0x5e,0x19,0x3e,"ff c8 ff 5e 19 3e 00 00"
2025-10-25 10:12:41,64.56,0xff,0xc8,0xff,0x5e,0x19,0x38,"ff c8 ff 5e 19 38 00 00"
2025-10-25 10:12:41,64.5,0xff,0xc8,0xff,0x5e,0x19,0x32,"ff c8 ff 5e 19 32 00 00"
2025-10-25 10:12:41,64.43,0xff,0xc8,0xff,0x5e,0x19,0x2b,"ff c8 ff 5e 19 2b 00 00"
2025-10-25 10:12:41,64.37,0xff,0xc2,0xff,0x5e,0x19,0x25,"ff c2 ff 5e 19 25 00 00"
2025-10-25 10:12:41,64.31,0xff,0xc2,0xff,0x5e,0x19,0x1f,"ff c2 ff 5e 19 1f 00 00"
2025-10-25 10:12:41,64.25,0xff,0xc2,0xff,0x5e,0x19,0x19,"ff c2 ff 5e 19 19 00 00"
2025-10-25 10:12:41,64.12,0xff,0xc2,0xff,0x5e,0x19,0x0c,"ff c2 ff 5e 19 0c 00 00"
2025-10-25 10:12:41,64.06,0xff,0xc2,0xff,0x5e,0x19,0x06,"ff c2 ff 5e 19 06 00 00"
2025-10-25 10:12:41,64,0xff,0xc2,0xff,0x5e,0x19,0x00,"ff c2 ff 5e 19 00 00 00"
2025-10-25 10:12:41,63.87,0xff,0xc2,0xff,0x5e,0x18,0xf3,"ff c2 ff 5e 18 f3 00 00"
2025-10-25 10:12:41,63.81,0xff,0xc2,0xff,0x5e,0x18,0xed,"ff c2 ff 5e 18 ed 00 00"
2025-10-25 10:12:41,63.75,0xff,0xc2,0xff,0x5e,0x18,0xe7,"ff c2 ff 5e 18 e7 00 00"
2025-10-25 10:12:41,63.62,0xff,0xc2,0xff,0x5e,0x18,0xda,"ff c2 ff 5e 18 da 00 00"
2025-10-25 10:12:41,63.56,0xff,0xc2,0xff,0x5e,0x18,0xd4,"ff c2 ff 5e 18 d4 00 00"
2025-10-25 10:12:41,63.5,0xff,0xc2,0xff,0x5e,0x18,0xce,"ff c2 ff 5e 18 ce 00 00"
2025-10-25 10:12:41,63.43,0xff,0xbc,0xff,0x5e,0x18,0xc7,"ff bc ff 5e 18 c7 00 00"
2025-10-25 10:12:42,63.37,0xff,0xbc,0xff,0x5e,0x18,0xc1,"ff bc ff 5e 18 c1 00 00"
2025-10-25 10:12:42,63.31,0xff,0xbc,0xff,0x64,0x18,0xbb,"ff bc ff 64 18 bb 00 00"
2025-10-25 10:12:42,63.25,0xff,0xbc,0xff,0x64,0x18,0xb5,"ff bc ff 64 18 b5 00 00"
2025-10-25 10:12:42,63.18,0xff,0xbc,0xff,0x64,0x18,0xae,"ff bc ff 64 18 ae 00 00"
2025-10-25 10:12:42,63.06,0xff,0xbc,0xff,0x64,0x18,0xa2,"ff bc ff 64 18 a2 00 00"
2025-10-25 10:12:42,63,0xff,0xbc,0xff,0x64,0x18,0x9c,"ff bc ff 64 18 9c 00 00"
2025-10-25 10:12:42,62.93,0xff,0xbc,0xff,0x64,0x18,0x95,"ff bc ff 64 18 95 00 00"
2025-10-25 10:12:42,62.81,0xff,0xbc,0xff,0x64,0x18,0x89,"ff bc ff 64 18 89 00 00"
2025-10-25 10:12:42,62.75,0xff,0xbc,0xff,0x64,0x18,0x83,"ff bc ff 64 18 83 00 00"
2025-10-25 10:12:42,62.68,0xff,0xbc,0xff,0x64,0x18,0x7c,"ff bc ff 64 18 7c 00 00"
2025-10-25 10:12:42,62.68,0xff,0xbc,0xff,0x64,0x18,0x7c,"ff bc ff 64 18 7c 00 00"
2025-10-25 10:12:42,62.62,0xff,0xbc,0xff,0x64,0x18,0x76,"ff bc ff 64 18 76 00 00"
2025-10-25 10:12:42,62.56,0xff,0xbc,0xff,0x64,0x18,0x70,"ff bc ff 64 18 70 00 00"
2025-10-25 10:12:42,62.5,0xff,0xbc,0xff,0x64,0x18,0x6a,"ff bc ff 64 18 6a 00 00"
2025-10-25 10:12:42,62.43,0xff,0xbc,0xff,0x64,0x18,0x63,"ff bc ff 64 18 63 00 00"
2025-10-25 10:12:42,62.37,0xff,0xbc,0xff,0x64,0x18,0x5d,"ff bc ff 64 18 5d 00 00"
2025-10-25 10:12:42,62.31,0xff,0xbc,0xff,0x64,0x18,0x57,"ff bc ff 64 18 57 00 00"
2025-10-25 10:12:42,62.31,0xff,0xbc,0xff,0x64,0x18,0x57,"ff bc ff 64 18 57 00 00"
2025-10-25 10:12:42,62.25,0xff,0xbc,0xff,0x64,0x18,0x51,"ff bc ff 64 18 51 00 00"
2025-10-25 10:12:42,62.18,0xff,0xb5,0xff,0x64,0x18,0x4a,"ff b5 ff 64 18 4a 00 00"
2025-10-25 10:12:42,62.12,0xff,0xb5,0xff,0x64,0x18,0x44,"ff b5 ff 64 18 44 00 00"
2025-10-25 10:12:42,62.06,0xff,0xb5,0xff,0x64,0x18,0x3e,"ff b5 ff 64 18 3e 00 00"
2025-10-25 10:12:42,62,0xff,0xb5,0xff,0x64,0x18,0x38,"ff b5 ff 64 18 38 00 00"
2025-10-25 10:12:42,61.93,0xff,0xb5,0xff,0x64,0x18,0x31,"ff b5 ff 64 18 31 00 00"
2025-10-25 10:12:42,61.87,0xff,0xb5,0xff,0x64,0x18,0x2b,"ff b5 ff 64 18 2b 00 00"
2025-10-25 10:12:42,61.87,0xff,0xb5,0xff,0x64,0x18,0x2b,"ff b5 ff 64 18 2b 00 00"
2025-10-25 10:12:42,61.81,0xff,0xb5,0xff,0x64,0x18,0x25,"ff b5 ff 64 18 25 00 00"
2025-10-25 10:12:42,61.75,0xff,0xb5,0xff,0x64,0x18,0x1f,"ff b5 ff 64 18 1f 00 00"
2025-10-25 10:12:42,61.68,0xff,0xb5,0xff,0x64,0x18,0x18,"ff b5 ff 64 18 18 00 00"
2025-10-25 10:12:42,61.62,0xff,0xb5,0xff,0x64,0x18,0x12,"ff b5 ff 64 18 12 00 00"
2025-10-25 10:12:42,61.56,0xff,0xb5,0xff,0x64,0x18,0x0c,"ff b5 ff 64 18 0c 00 00"
2025-10-25 10:12:42,61.56,0xff,0xb5,0xff,0x64,0x18,0x0c,"ff b5 ff 64 18 0c 00 00"
2025-10-25 10:12:42,61.5,0xff,0xb5,0xff,0x64,0x18,0x06,"ff b5 ff 64 18 06 00 00"
2025-10-25 10:12:42,61.43,0xff,0xb5,0xff,0x64,0x17,0xff,"ff b5 ff 64 17 ff 00 00"
2025-10-25 10:12:43,61.37,0xff,0xb5,0xff,0x64,0x17,0xf9,"ff b5 ff 64 17 f9 00 00"
2025-10-25 10:12:43,61.31,0xff,0xb5,0xff,0x64,0x17,0xf3,"ff b5 ff 64 17 f3 00 00"
2025-10-25 10:12:43,61.31,0xff,0xb5,0xff,0x64,0x17,0xf3,"ff b5 ff 64 17 f3 00 00"
2025-10-25 10:12:43,61.25,0xff,0xb5,0xff,0x64,0x17,0xed,"ff b5 ff 64 17 ed 00 00"
2025-10-25 10:12:43,61.18,0xff,0xb5,0xff,0x64,0x17,0xe6,"ff b5 ff 64 17 e6 00 00"
2025-10-25 10:12:43,61.12,0xff,0xb5,0xff,0x64,0x17,0xe0,"ff b5 ff 64 17 e0 00 00"
2025-10-25 10:12:43,61.12,0xff,0xb5,0xff,0x64,0x17,0xe0,"ff b5 ff 64 17 e0 00 00"
2025-10-25 10:12:43,61.06,0xff,0xb5,0xff,0x64,0x17,0xda,"ff b5 ff 64 17 da 00 00"
2025-10-25 10:12:43,61,0xff,0xb5,0xff,0x64,0x17,0xd4,"ff b5 ff 64 17 d4 00 00"
2025-10-25 10:12:43,60.93,0xff,0xb5,0xff,0x64,0x17,0xcd,"ff b5 ff 64 17 cd 00 00"
2025-10-25 10:12:43,60.93,0xff,0xb5,0xff,0x64,0x17,0xcd,"ff b5 ff 64 17 cd 00 00"
2025-10-25 10:12:43,60.87,0xff,0xb5,0xff,0x64,0x17,0xc7,"ff b5 ff 64 17 c7 00 00"
2025-10-25 10:12:43,60.81,0xff,0xb5,0xff,0x64,0x17,0xc1,"ff b5 ff 64 17 c1 00 00"
2025-10-25 10:12:43,60.81,0xff,0xb5,0xff,0x64,0x17,0xc1,"ff b5 ff 64 17 c1 00 00"
2025-10-25 10:12:43,60.75,0xff,0xb5,0xff,0x64,0x17,0xbb,"ff b5 ff 64 17 bb 00 00"
2025-10-25 10:12:43,60.68,0xff,0xb5,0xff,0x64,0x17,0xb4,"ff b5 ff 64 17 b4 00 00"
2025-10-25 10:12:43,60.62,0xff,0xb5,0xff,0x64,0x17,0xae,"ff b5 ff 64 17 ae 00 00"
2025-10-25 10:12:43,60.62,0xff,0xb5,0xff,0x64,0x17,0xae,"ff b5 ff 64 17 ae 00 00"
2025-10-25 10:12:43,60.56,0xff,0xb5,0xff,0x64,0x17,0xa8,"ff b5 ff 64 17 a8 00 00"
2025-10-25 10:12:43,60.5,0xff,0xb5,0xff,0x64,0x17,0xa2,"ff b5 ff 64 17 a2 00 00"
2025-10-25 10:12:43,60.5,0xff,0xb5,0xff,0x64,0x17,0xa2,"ff b5 ff 64 17 a2 00 00"
2025-10-25 10:12:43,60.43,0xff,0xb5,0xff,0x64,0x17,0x9b,"ff b5 ff 64 17 9b 00 00"
2025-10-25 10:12:43,60.37,0xff,0xb5,0xff,0x64,0x17,0x95,"ff b5 ff 64 17 95 00 00"
2025-10-25 10:12:43,60.37,0xff,0xb5,0xff,0x64,0x17,0x95,"ff b5 ff 64 17 95 00 00"
2025-10-25 10:12:43,60.31,0xff,0xaf,0xff,0x6a,0x17,0x8f,"ff af ff 6a 17 8f 00 00"
2025-10-25 10:12:43,60.31,0xff,0xaf,0xff,0x6a,0x17,0x8f,"ff af ff 6a 17 8f 00 00"
2025-10-25 10:12:43,60.31,0xff,0xaf,0xff,0x6a,0x17,0x8f,"ff af ff 6a 17 8f 00 00"
2025-10-25 10:12:43,60.25,0xff,0xaf,0xff,0x6a,0x17,0x89,"ff af ff 6a 17 89 00 00"
2025-10-25 10:12:43,60.18,0xff,0xaf,0xff,0x6a,0x17,0x82,"ff af ff 6a 17 82 00 00"
2025-10-25 10:12:43,60.12,0xff,0xaf,0xff,0x6a,0x17,0x7c,"ff af ff 6a 17 7c 00 00"
2025-10-25 10:12:43,60.06,0xff,0xaf,0xff,0x6a,0x17,0x76,"ff af ff 6a 17 76 00 00"
2025-10-25 10:12:43,60,0xff,0xaf,0xff,0x64,0x17,0x70,"ff af ff 64 17 70 00 00"
2025-10-25 10:12:43,60,0xff,0xaf,0xff,0x64,0x17,0x70,"ff af ff 64 17 70 00 00"
2025-10-25 10:12:43,60,0xff,0xaf,0xff,0x6a,0x17,0x70,"ff af ff 6a 17 70 00 00"
2025-10-25 10:12:43,59.93,0xff,0xaf,0xff,0x6a,0x17,0x69,"ff af ff 6a 17 69 00 00"
2025-10-25 10:12:44,59.87,0xff,0xaf,0xff,0x6a,0x17,0x63,"ff af ff 6a 17 63 00 00"
2025-10-25 10:12:44,59.87,0xff,0xaf,0xff,0x6a,0x17,0x63,"ff af ff 6a 17 63 00 00"
2025-10-25 10:12:44,59.81,0xff,0xaf,0xff,0x6a,0x17,0x5d,"ff af ff 6a 17 5d 00 00"
2025-10-25 10:12:44,59.81,0xff,0xaf,0xff,0x6a,0x17,0x5d,"ff af ff 6a 17 5d 00 00"
2025-10-25 10:12:44,59.81,0xff,0xaf,0xff,0x6a,0x17,0x5d,"ff af ff 6a 17 5d 00 00"
2025-10-25 10:12:44,59.75,0xff,0xaf,0xff,0x64,0x17,0x57,"ff af ff 64 17 57 00 00"
2025-10-25 10:12:44,59.75,0xff,0xaf,0xff,0x64,0x17,0x57,"ff af ff 64 17 57 00 00"
2025-10-25 10:12:44,59.75,0xff,0xaf,0xff,0x6a,0x17,0x57,"ff af ff 6a 17 57 00 00"
2025-10-25 10:12:44,59.75,0xff,0xaf,0xff,0x6a,0x17,0x57,"ff af ff 6a 17 57 00 00"
2025-10-25 10:12:44,59.75,0xff,0xaf,0xff,0x6a,0x17,0x57,"ff af ff 6a 17 57 00 00"
2025-10-25 10:12:44,59.75,0xff,0xaf,0xff,0x64,0x17,0x57,"ff af ff 64 17 57 00 00"
2025-10-25 10:12:44,59.68,0xff,0xaf,0xff,0x64,0x17,0x50,"ff af ff 64 17 50 00 00"
2025-10-25 10:12:44,59.62,0xff,0xaf,0xff,0x64,0x17,0x4a,"ff af ff 64 17 4a 00 00"
2025-10-25 10:12:44,59.62,0xff,0xaf,0xff,0x64,0x17,0x4a,"ff af ff 64 17 4a 00 00"
2025-10-25 10:12:44,59.56,0xff,0xaf,0xff,0x64,0x17,0x44,"ff af ff 64 17 44 00 00"
2025-10-25 10:12:44,59.56,0xff,0xaf,0xff,0x64,0x17,0x44,"ff af ff 64 17 44 00 00"
2025-10-25 10:12:44,59.56,0xff,0xaf,0xff,0x6a,0x17,0x44,"ff af ff 6a 17 44 00 00"
2025-10-25 10:12:44,59.56,0xff,0xb5,0xff,0x6a,0x17,0x44,"ff b5 ff 6a 17 44 00 00"
2025-10-25 10:12:44,59.56,0xff,0xb5,0xff,0x6a,0x17,0x44,"ff b5 ff 6a 17 44 00 00"
2025-10-25 10:12:44,59.5,0xff,0xb5,0xff,0x64,0x17,0x3e,"ff b5 ff 64 17 3e 00 00"
2025-10-25 10:12:44,59.5,0xff,0xb5,0xff,0x64,0x17,0x3e,"ff b5 ff 64 17 3e 00 00"
2025-10-25 10:12:44,59.5,0xff,0xb5,0xff,0x64,0x17,0x3e,"ff b5 ff 64 17 3e 00 00"
2025-10-25 10:12:44,59.5,0xff,0xb5,0xff,0x64,0x17,0x3e,"ff b5 ff 64 17 3e 00 00"
2025-10-25 10:12:44,59.5,0xff,0xaf,0xff,0x64,0x17,0x3e,"ff af ff 64 17 3e 00 00"
2025-10-25 10:12:44,59.5,0xff,0xaf,0xff,0x64,0x17,0x3e,"ff af ff 64 17 3e 00 00"
2025-10-25 10:12:44,59.5,0xff,0xaf,0xff,0x64,0x17,0x3e,"ff af ff 64 17 3e 00 00"
2025-10-25 10:12:44,59.5,0xff,0xaf,0xff,0x64,0x17,0x3e,"ff af ff 64 17 3e 00 00"
2025-10-25 10:12:44,59.56,0xff,0xb5,0xff,0x64,0x17,0x44,"ff b5 ff 64 17 44 00 00"
2025-10-25 10:12:44,59.62,0xff,0xb5,0xff,0x5e,0x17,0x4a,"ff b5 ff 5e 17 4a 00 00"
2025-10-25 10:12:44,59.68,0xff,0xb5,0xff,0x58,0x17,0x50,"ff b5 ff 58 17 50 00 00"
2025-10-25 10:12:44,59.68,0xff,0xb5,0xff,0x58,0x17,0x50,"ff b5 ff 58 17 50 00 00"
2025-10-25 10:12:44,59.75,0xff,0xb5,0xff,0x51,0x17,0x57,"ff b5 ff 51 17 57 00 00"
2025-10-25 10:12:44,59.81,0xff,0xb5,0xff,0x51,0x17,0x5d,"ff b5 ff 51 17 5d 00 00"
2025-10-25 10:12:44,59.93,0xff,0xb5,0xff,0x58,0x17,0x69,"ff b5 ff 58 17 69 00 00"
2025-10-25 10:12:45,60,0xff,0xb5,0xff,0x58,0x17,0x70,"ff b5 ff 58 17 70 00 00"
2025-10-25 10:12:45,60.12,0xff,0xb5,0xff,0x58,0x17,0x7c,"ff b5 ff 58 17 7c 00 00"
2025-10-25 10:12:45,60.25,0xff,0xb5,0xff,0x58,0x17,0x89,"ff b5 ff 58 17 89 00 00"
2025-10-25 10:12:45,60.43,0xff,0xb5,0xff,0x58,0x17,0x9b,"ff b5 ff 58 17 9b 00 00"
2025-10-25 10:12:45,60.56,0xff,0xb5,0xff,0x58,0x17,0xa8,"ff b5 ff 58 17 a8 00 00"
2025-10-25 10:12:45,60.68,0xff,0xb5,0xff,0x51,0x17,0xb4,"ff b5 ff 51 17 b4 00 00"
2025-10-25 10:12:45,60.81,0xff,0xbc,0xff,0x51,0x17,0xc1,"ff bc ff 51 17 c1 00 00"
2025-10-25 10:12:45,60.93,0xff,0xbc,0xff,0x51,0x17,0xcd,"ff bc ff 51 17 cd 00 00"
2025-10-25 10:12:45,61.06,0xff,0xbc,0xff,0x51,0x17,0xda,"ff bc ff 51 17 da 00 00"
2025-10-25 10:12:45,61.18,0xff,0xbc,0xff,0x51,0x17,0xe6,"ff bc ff 51 17 e6 00 00"
2025-10-25 10:12:45,61.31,0xff,0xbc,0xff,0x58,0x17,0xf3,"ff bc ff 58 17 f3 00 00"
2025-10-25 10:12:45,61.43,0xff,0xb5,0xff,0x58,0x17,0xff,"ff b5 ff 58 17 ff 00 00"
2025-10-25 10:12:45,61.5,0xff,0xb5,0xff,0x58,0x18,0x06,"ff b5 ff 58 18 06 00 00"
2025-10-25 10:12:45,61.68,0xff,0xbc,0xff,0x58,0x18,0x18,"ff bc ff 58 18 18 00 00"
2025-10-25 10:12:45,61.81,0xff,0xbc,0xff,0x58,0x18,0x25,"ff bc ff 58 18 25 00 00"
2025-10-25 10:12:45,61.93,0xff,0xbc,0xff,0x58,0x18,0x31,"ff bc ff 58 18 31 00 00"
2025-10-25 10:12:45,62.06,0xff,0xbc,0xff,0x51,0x18,0x3e,"ff bc ff 51 18 3e 00 00"
2025-10-25 10:12:45,62.18,0xff,0xbc,0xff,0x51,0x18,0x4a,"ff bc ff 51 18 4a 00 00"
2025-10-25 10:12:45,62.37,0xff,0xbc,0xff,0x51,0x18,0x5d,"ff bc ff 51 18 5d 00 00"
2025-10-25 10:12:45,62.5,0xff,0xbc,0xff,0x51,0x18,0x6a,"ff bc ff 51 18 6a 00 00"
2025-10-25 10:12:45,62.62,0xff,0xbc,0xff,0x51,0x18,0x76,"ff bc ff 51 18 76 00 00"
2025-10-25 10:12:45,62.81,0xff,0xbc,0xff,0x51,0x18,0x89,"ff bc ff 51 18 89 00 00"
2025-10-25 10:12:45,62.93,0xff,0xbc,0xff,0x51,0x18,0x95,"ff bc ff 51 18 95 00 00"
2025-10-25 10:12:45,63.06,0xff,0xbc,0xff,0x51,0x18,0xa2,"ff bc ff 51 18 a2 00 00"
2025-10-25 10:12:45,63.25,0xff,0xbc,0xff,0x51,0x18,0xb5,"ff bc ff 51 18 b5 00 00"
2025-10-25 10:12:45,63.37,0xff,0xbc,0xff,0x51,0x18,0xc1,"ff bc ff 51 18 c1 00 00"
2025-10-25 10:12:45,63.56,0xff,0xbc,0xff,0x51,0x18,0xd4,"ff bc ff 51 18 d4 00 00"
2025-10-25 10:12:45,63.75,0xff,0xc2,0xff,0x51,0x18,0xe7,"ff c2 ff 51 18 e7 00 00"
2025-10-25 10:12:45,63.93,0xff,0xc2,0xff,0x51,0x18,0xf9,"ff c2 ff 51 18 f9 00 00"
2025-10-25 10:12:45,64.06,0xff,0xc2,0xff,0x51,0x19,0x06,"ff c2 ff 51 19 06 00 00"
2025-10-25 10:12:45,64.18,0xff,0xc2,0xff,0x51,0x19,0x12,"ff c2 ff 51 19 12 00 00"
2025-10-25 10:12:45,64.37,0xff,0xc2,0xff,0x51,0x19,0x25,"ff c2 ff 51 19 25 00 00"
2025-10-25 10:12:45,64.62,0xff,0xc2,0xff,0x51,0x19,0x3e,"ff c2 ff 51 19 3e 00 00"
2025-10-25 10:12:45,64.75,0xff,0xc2,0xff,0x51,0x19,0x4b,"ff c2 ff 51 19 4b 00 00"
2025-10-25 10:12:46,64.93,0xff,0xc2,0xff,0x51,0x19,0x5d,"ff c2 ff 51 19 5d 00 00"
2025-10-25 10:12:46,65.12,0xff,0xc2,0xff,0x51,0x19,0x70,"ff c2 ff 51 19 70 00 00"
2025-10-25 10:12:46,65.31,0xff,0xc2,0xff,0x51,0x19,0x83,"ff c2 ff 51 19 83 00 00"
2025-10-25 10:12:46,65.43,0xff,0xc2,0xff,0x51,0x19,0x8f,"ff c2 ff 51 19 8f 00 00"
2025-10-25 10:12:46,65.62,0xff,0xc2,0xff,0x51,0x19,0xa2,"ff c2 ff 51 19 a2 00 00"
2025-10-25 10:12:46,65.75,0xff,0xc2,0xff,0x51,0x19,0xaf,"ff c2 ff 51 19 af 00 00"
2025-10-25 10:12:46,65.87,0xff,0xc8,0xff,0x51,0x19,0xbb,"ff c8 ff 51 19 bb 00 00"
2025-10-25 10:12:46,66.06,0xff,0xc8,0xff,0x51,0x19,0xce,"ff c8 ff 51 19 ce 00 00"
2025-10-25 10:12:46,66.18,0xff,0xc8,0xff,0x51,0x19,0xda,"ff c8 ff 51 19 da 00 00"
2025-10-25 10:12:46,66.37,0xff,0xc8,0xff,0x51,0x19,0xed,"ff c8 ff 51 19 ed 00 00"
2025-10-25 10:12:46,66.56,0xff,0xc8,0xff,0x51,0x1a,0x00,"ff c8 ff 51 1a 00 00 00"
2025-10-25 10:12:46,66.68,0xff,0xc8,0xff,0x51,0x1a,0x0c,"ff c8 ff 51 1a 0c 00 00"
2025-10-25 10:12:46,66.87,0xff,0xc8,0xff,0x51,0x1a,0x1f,"ff c8 ff 51 1a 1f 00 00"
2025-10-25 10:12:46,67.06,0xff,0xc8,0xff,0x51,0x1a,0x32,"ff c8 ff 51 1a 32 00 00"
2025-10-25 10:12:46,67.18,0xff,0xc8,0xff,0x51,0x1a,0x3e,"ff c8 ff 51 1a 3e 00 00"
2025-10-25 10:12:46,67.37,0xff,0xc8,0xff,0x4b,0x1a,0x51,"ff c8 ff 4b 1a 51 00 00"
2025-10-25 10:12:46,67.56,0xff,0xc8,0xff,0x4b,0x1a,0x64,"ff c8 ff 4b 1a 64 00 00"
2025-10-25 10:12:46,67.62,0xff,0xc8,0xff,0x4b,0x1a,0x6a,"ff c8 ff 4b 1a 6a 00 00"
2025-10-25 10:12:46,67.81,0xff,0xce,0xff,0x4b,0x1a,0x7d,"ff ce ff 4b 1a 7d 00 00"
2025-10-25 10:12:46,67.93,0xff,0xce,0xff,0x4b,0x1a,0x89,"ff ce ff 4b 1a 89 00 00"
2025-10-25 10:12:46,68.12,0xff,0xce,0xff,0x4b,0x1a,0x9c,"ff ce ff 4b 1a 9c 00 00"
2025-10-25 10:12:46,68.31,0xff,0xce,0xff,0x4b,0x1a,0xaf,"ff ce ff 4b 1a af 00 00"
2025-10-25 10:12:46,68.43,0xff,0xce,0xff,0x4b,0x1a,0xbb,"ff ce ff 4b 1a bb 00 00"
2025-10-25 10:12:46,68.56,0xff,0xce,0xff,0x4b,0x1a,0xc8,"ff ce ff 4b 1a c8 00 00"
2025-10-25 10:12:46,68.75,0xff,0xce,0xff,0x4b,0x1a,0xdb,"ff ce ff 4b 1a db 00 00"
2025-10-25 10:12:46,68.87,0xff,0xce,0xff,0x4b,0x1a,0xe7,"ff ce ff 4b 1a e7 00 00"
2025-10-25 10:12:46,69.06,0xff,0xce,0xff,0x4b,0x1a,0xfa,"ff ce ff 4b 1a fa 00 00"
2025-10-25 10:12:46,69.22,0xff,0xce,0xff,0x4b,0x1b,0x0a,"ff ce ff 4b 1b 0a 00 00"
2025-10-25 10:12:46,69.37,0xff,0xce,0xff,0x4b,0x1b,0x19,"ff ce ff 4b 1b 19 00 00"
2025-10-25 10:12:46,69.56,0xff,0xce,0xff,0x4b,0x1b,0x2c,"ff ce ff 4b 1b 2c 00 00"
2025-10-25 10:12:46,69.68,0xff,0xd5,0xff,0x4b,0x1b,0x38,"ff d5 ff 4b 1b 38 00 00"
2025-10-25 10:12:46,69.87,0xff,0xd5,0xff,0x4b,0x1b,0x4b,"ff d5 ff 4b 1b 4b 00 00"
2025-10-25 10:12:46,70.06,0xff,0xd5,0xff,0x4b,0x1b,0x5e,"ff d5 ff 4b 1b 5e 00 00"
2025-10-25 10:12:46,70.25,0xff,0xd5,0xff,0x4b,0x1b,0x71,"ff d5 ff 4b 1b 71 00 00"
2025-10-25 10:12:47,70.31,0xff,0xd5,0xff,0x4b,0x1b,0x77,"ff d5 ff 4b 1b 77 00 00"
2025-10-25 10:12:47,70.43,0xff,0xce,0xff,0x51,0x1b,0x83,"ff ce ff 51 1b 83 00 00"
2025-10-25 10:12:47,70.62,0xff,0xc8,0xff,0x58,0x1b,0x96,"ff c8 ff 58 1b 96 00 00"
2025-10-25 10:12:47,70.68,0xff,0xc2,0xff,0x58,0x1b,0x9c,"ff c2 ff 58 1b 9c 00 00"
2025-10-25 10:12:47,70.75,0xff,0xbc,0xff,0x5e,0x1b,0xa3,"ff bc ff 5e 1b a3 00 00"
2025-10-25 10:12:47,70.81,0xff,0xbc,0xff,0x5e,0x1b,0xa9,"ff bc ff 5e 1b a9 00 00"
2025-10-25 10:12:47,70.93,0xff,0xbc,0xff,0x5e,0x1b,0xb5,"ff bc ff 5e 1b b5 00 00"
2025-10-25 10:12:47,71,0xff,0xc2,0xff,0x5e,0x1b,0xbc,"ff c2 ff 5e 1b bc 00 00"
2025-10-25 10:12:47,71.06,0xff,0xc2,0xff,0x5e,0x1b,0xc2,"ff c2 ff 5e 1b c2 00 00"
2025-10-25 10:12:47,71.06,0xff,0xc2,0xff,0x5e,0x1b,0xc2,"ff c2 ff 5e 1b c2 00 00"
2025-10-25 10:12:47,71.06,0xff,0xc2,0xff,0x5e,0x1b,0xc2,"ff c2 ff 5e 1b c2 00 00"
2025-10-25 10:12:47,71.06,0xff,0xc2,0xff,0x5e,0x1b,0xc2,"ff c2 ff 5e 1b c2 00 00"
2025-10-25 10:12:47,71.06,0xff,0xbc,0xff,0x64,0x1b,0xc2,"ff bc ff 64 1b c2 00 00"
2025-10-25 10:12:47,71.06,0xff,0xbc,0xff,0x64,0x1b,0xc2,"ff bc ff 64 1b c2 00 00"
2025-10-25 10:12:47,71.06,0xff,0xbc,0xff,0x64,0x1b,0xc2,"ff bc ff 64 1b c2 00 00"
2025-10-25 10:12:47,71.06,0xff,0xbc,0xff,0x64,0x1b,0xc2,"ff bc ff 64 1b c2 00 00"
2025-10-25 10:12:47,71.06,0xff,0xbc,0xff,0x64,0x1b,0xc2,"ff bc ff 64 1b c2 00 00"
2025-10-25 10:12:47,71.06,0xff,0xbc,0xff,0x64,0x1b,0xc2,"ff bc ff 64 1b c2 00 00"
2025-10-25 10:12:47,71.06,0xff,0xbc,0xff,0x64,0x1b,0xc2,"ff bc ff 64 1b c2 00 00"
2025-10-25 10:12:47,71,0xff,0xbc,0xff,0x64,0x1b,0xbc,"ff bc ff 64 1b bc 00 00"
2025-10-25 10:12:47,71,0xff,0xbc,0xff,0x64,0x1b,0xbc,"ff bc ff 64 1b bc 00 00"
2025-10-25 10:12:47,71,0xff,0xbc,0xff,0x64,0x1b,0xbc,"ff bc ff 64 1b bc 00 00"
2025-10-25 10:12:47,71,0xff,0xbc,0xff,0x64,0x1b,0xbc,"ff bc ff 64 1b bc 00 00"
2025-10-25 10:12:47,71,0xff,0xbc,0xff,0x64,0x1b,0xbc,"ff bc ff 64 1b bc 00 00"
2025-10-25 10:12:47,71,0xff,0xbc,0xff,0x64,0x1b,0xbc,"ff bc ff 64 1b bc 00 00"
2025-10-25 10:12:47,71,0xff,0xbc,0xff,0x64,0x1b,0xbc,"ff bc ff 64 1b bc 00 00"
2025-10-25 10:12:47,71,0xff,0xbc,0xff,0x64,0x1b,0xbc,"ff bc ff 64 1b bc 00 00"
2025-10-25 10:12:47,71,0xff,0xbc,0xff,0x64,0x1b,0xbc,"ff bc ff 64 1b bc 00 00"
2025-10-25 10:12:47,71,0xff,0xbc,0xff,0x64,0x1b,0xbc,"ff bc ff 64 1b bc 00 00"
2025-10-25 10:12:47,71,0xff,0xbc,0xff,0x64,0x1b,0xbc,"ff bc ff 64 1b bc 00 00"
2025-10-25 10:12:47,71,0xff,0xbc,0xff,0x64,0x1b,0xbc,"ff bc ff 64 1b bc 00 00"
2025-10-25 10:12:47,71.06,0xff,0xbc,0xff,0x64,0x1b,0xc2,"ff bc ff 64 1b c2 00 00"
2025-10-25 10:12:47,71.06,0xff,0xbc,0xff,0x64,0x1b,0xc2,"ff bc ff 64 1b c2 00 00"
2025-10-25 10:12:47,71.12,0xff,0xbc,0xff,0x64,0x1b,0xc8,"ff bc ff 64 1b c8 00 00"
2025-10-25 10:12:47,71.12,0xff,0xbc,0xff,0x64,0x1b,0xc8,"ff bc ff 64 1b c8 00 00"
2025-10-25 10:12:48,71.18,0xff,0xbc,0xff,0x64,0x1b,0xce,"ff bc ff 64 1b ce 00 00"
2025-10-25 10:12:48,71.25,0xff,0xbc,0xff,0x64,0x1b,0xd5,"ff bc ff 64 1b d5 00 00"
2025-10-25 10:12:48,71.31,0xff,0xbc,0xff,0x64,0x1b,0xdb,"ff bc ff 64 1b db 00 00"
2025-10-25 10:12:48,71.37,0xff,0xbc,0xff,0x64,0x1b,0xe1,"ff bc ff 64 1b e1 00 00"
2025-10-25 10:12:48,71.43,0xff,0xbc,0xff,0x64,0x1b,0xe7,"ff bc ff 64 1b e7 00 00"
2025-10-25 10:12:48,71.5,0xff,0xbc,0xff,0x64,0x1b,0xee,"ff bc ff 64 1b ee 00 00"
2025-10-25 10:12:48,71.56,0xff,0xbc,0xff,0x64,0x1b,0xf4,"ff bc ff 64 1b f4 00 00"
2025-10-25 10:12:48,71.62,0xff,0xbc,0xff,0x5e,0x1b,0xfa,"ff bc ff 5e 1b fa 00 00"
2025-10-25 10:12:48,71.75,0xff,0xbc,0xff,0x5e,0x1c,0x07,"ff bc ff 5e 1c 07 00 00"
2025-10-25 10:12:48,71.78,0xff,0xbc,0xff,0x5e,0x1c,0x0a,"ff bc ff 5e 1c 0a 00 00"
2025-10-25 10:12:48,71.78,0xff,0xbc,0xff,0x5e,0x1c,0x0a,"ff bc ff 5e 1c 0a 00 00"
2025-10-25 10:12:48,71.93,0xff,0xbc,0xff,0x5e,0x1c,0x19,"ff bc ff 5e 1c 19 00 00"
2025-10-25 10:12:48,72,0xff,0xbc,0xff,0x5e,0x1c,0x20,"ff bc ff 5e 1c 20 00 00"
2025-10-25 10:12:48,72.06,0xff,0xbc,0xff,0x5e,0x1c,0x26,"ff bc ff 5e 1c 26 00 00"
2025-10-25 10:12:48,72.12,0xff,0xbc,0xff,0x5e,0x1c,0x2c,"ff bc ff 5e 1c 2c 00 00"
2025-10-25 10:12:48,72.18,0xff,0xbc,0xff,0x5e,0x1c,0x32,"ff bc ff 5e 1c 32 00 00"
2025-10-25 10:12:48,72.25,0xff,0xbc,0xff,0x5e,0x1c,0x39,"ff bc ff 5e 1c 39 00 00"
2025-10-25 10:12:48,72.31,0xff,0xbc,0xff,0x5e,0x1c,0x3f,"ff bc ff 5e 1c 3f 00 00"
2025-10-25 10:12:48,72.37,0xff,0xbc,0xff,0x5e,0x1c,0x45,"ff bc ff 5e 1c 45 00 00"
2025-10-25 10:12:48,72.43,0xff,0xbc,0xff,0x5e,0x1c,0x4b,"ff bc ff 5e 1c 4b 00 00"
2025-10-25 10:12:48,72.5,0xff,0xbc,0xff,0x5e,0x1c,0x52,"ff bc ff 5e 1c 52 00 00"
2025-10-25 10:12:48,72.56,0xff,0xbc,0xff,0x5e,0x1c,0x58,"ff bc ff 5e 1c 58 00 00"
2025-10-25 10:12:48,72.62,0xff,0xbc,0xff,0x5e,0x1c,0x5e,"ff bc ff 5e 1c 5e 00 00"
2025-10-25 10:12:48,72.68,0xff,0xbc,0xff,0x5e,0x1c,0x64,"ff bc ff 5e 1c 64 00 00"
2025-10-25 10:12:48,72.75,0xff,0xbc,0xff,0x5e,0x1c,0x6b,"ff bc ff 5e 1c 6b 00 00"
2025-10-25 10:12:48,72.81,0xff,0xbc,0xff,0x5e,0x1c,0x71,"ff bc ff 5e 1c 71 00 00"
2025-10-25 10:12:48,72.87,0xff,0xbc,0xff,0x5e,0x1c,0x77,"ff bc ff 5e 1c 77 00 00"
2025-10-25 10:12:48,72.93,0xff,0xbc,0xff,0x5e,0x1c,0x7d,"ff bc ff 5e 1c 7d 00 00"
2025-10-25 10:12:48,73,0xff,0xbc,0xff,0x5e,0x1c,0x84,"ff bc ff 5e 1c 84 00 00"
2025-10-25 10:12:48,73.06,0xff,0xc2,0xff,0x5e,0x1c,0x8a,"ff c2 ff 5e 1c 8a 00 00"
2025-10-25 10:12:48,73.18,0xff,0xc2,0xff,0x5e,0x1c,0x96,"ff c2 ff 5e 1c 96 00 00"
2025-10-25 10:12:48,73.25,0xff,0xc2,0xff,0x5e,0x1c,0x9d,"ff c2 ff 5e 1c 9d 00 00"
2025-10-25 10:12:48,73.37,0xff,0xc2,0xff,0x5e,0x1c,0xa9,"ff c2 ff 5e 1c a9 00 00"
2025-10-25 10:12:48,73.43,0xff,0xc2,0xff,0x5e,0x1c,0xaf,"ff c2 ff 5e 1c af 00 00"
2025-10-25 10:12:49,73.5,0xff,0xc2,0xff,0x5e,0x1c,0xb6,"ff c2 ff 5e 1c b6 00 00"
2025-10-25 10:12:49,73.56,0xff,0xc2,0xff,0x5e,0x1c,0xbc,"ff c2 ff 5e 1c bc 00 00"
2025-10-25 10:12:49,73.62,0xff,0xc2,0xff,0x5e,0x1c,0xc2,"ff c2 ff 5e 1c c2 00 00"
2025-10-25 10:12:49,73.75,0xff,0xc2,0xff,0x5e,0x1c,0xcf,"ff c2 ff 5e 1c cf 00 00"
2025-10-25 10:12:49,73.81,0xff,0xc2,0xff,0x5e,0x1c,0xd5,"ff c2 ff 5e 1c d5 00 00"
2025-10-25 10:12:49,73.87,0xff,0xc2,0xff,0x5e,0x1c,0xdb,"ff c2 ff 5e 1c db 00 00"
2025-10-25 10:12:49,74,0xff,0xc2,0xff,0x5e,0x1c,0xe8,"ff c2 ff 5e 1c e8 00 00"
2025-10-25 10:12:49,74.06,0xff,0xc2,0xff,0x5e,0x1c,0xee,"ff c2 ff 5e 1c ee 00 00"
2025-10-25 10:12:49,74.18,0xff,0xc2,0xff,0x5e,0x1c,0xfa,"ff c2 ff 5e 1c fa 00 00"
2025-10-25 10:12:49,74.25,0xff,0xc2,0xff,0x5e,0x1d,0x01,"ff c2 ff 5e 1d 01 00 00"
2025-10-25 10:12:49,74.31,0xff,0xc2,0xff,0x5e,0x1d,0x07,"ff c2 ff 5e 1d 07 00 00"
2025-10-25 10:12:49,74.43,0xff,0xc2,0xff,0x5e,0x1d,0x13,"ff c2 ff 5e 1d 13 00 00"
2025-10-25 10:12:49,74.56,0xff,0xc2,0xff,0x5e,0x1d,0x20,"ff c2 ff 5e 1d 20 00 00"
2025-10-25 10:12:49,74.62,0xff,0xc2,0xff,0x5e,0x1d,0x26,"ff c2 ff 5e 1d 26 00 00"
2025-10-25 10:12:49,74.75,0xff,0xc2,0xff,0x5e,0x1d,0x33,"ff c2 ff 5e 1d 33 00 00"
2025-10-25 10:12:49,74.81,0xff,0xc2,0xff,0x5e,0x1d,0x39,"ff c2 ff 5e 1d 39 00 00"
2025-10-25 10:12:49,74.87,0xff,0xc2,0xff,0x5e,0x1d,0x3f,"ff c2 ff 5e 1d 3f 00 00"
2025-10-25 10:12:49,75,0xff,0xc2,0xff,0x5e,0x1d,0x4c,"ff c2 ff 5e 1d 4c 00 00"
2025-10-25 10:12:49,75.06,0xff,0xc2,0xff,0x5e,0x1d,0x52,"ff c2 ff 5e 1d 52 00 00"
2025-10-25 10:12:49,75.12,0xff,0xc2,0xff,0x5e,0x1d,0x58,"ff c2 ff 5e 1d 58 00 00"
2025-10-25 10:12:49,75.25,0xff,0xc8,0xff,0x5e,0x1d,0x65,"ff c8 ff 5e 1d 65 00 00"
2025-10-25 10:12:49,75.31,0xff,0xc8,0xff,0x5e,0x1d,0x6b,"ff c8 ff 5e 1d 6b 00 00"
2025-10-25 10:12:49,75.37,0xff,0xc8,0xff,0x5e,0x1d,0x71,"ff c8 ff 5e 1d 71 00 00"
2025-10-25 10:12:49,75.43,0xff,0xc8,0xff,0x5e,0x1d,0x77,"ff c8 ff 5e 1d 77 00 00"
2025-10-25 10:12:49,75.56,0xff,0xc8,0xff,0x5e,0x1d,0x84,"ff c8 ff 5e 1d 84 00 00"
2025-10-25 10:12:49,75.62,0xff,0xc8,0xff,0x5e,0x1d,0x8a,"ff c8 ff 5e 1d 8a 00 00"
2025-10-25 10:12:49,75.68,0xff,0xc8,0xff,0x5e,0x1d,0x90,"ff c8 ff 5e 1d 90 00 00"
2025-10-25 10:12:49,75.81,0xff,0xc8,0xff,0x5e,0x1d,0x9d,"ff c8 ff 5e 1d 9d 00 00"
2025-10-25 10:12:49,75.87,0xff,0xc8,0xff,0x5e,0x1d,0xa3,"ff c8 ff 5e 1d a3 00 00"
2025-10-25 10:12:49,76,0xff,0xc8,0xff,0x5e,0x1d,0xb0,"ff c8 ff 5e 1d b0 00 00"
2025-10-25 10:12:49,76.06,0xff,0xc8,0xff,0x5e,0x1d,0xb6,"ff c8 ff 5e 1d b6 00 00"
2025-10-25 10:12:49,76.12,0xff,0xc8,0xff,0x5e,0x1d,0xbc,"ff c8 ff 5e 1d bc 00 00"
2025-10-25 10:12:49,76.18,0xff,0xc8,0xff,0x5e,0x1d,0xc2,"ff c8 ff 5e 1d c2 00 00"
2025-10-25 10:12:49,76.25,0xff,0xc8,0xff,0x5e,0x1d,0xc9,"ff c8 ff 5e 1d c9 00 00"
2025-10-25 10:12:50,76.31,0xff,0xc8,0xff,0x5e,0x1d,0xcf,"ff c8 ff 5e 1d cf 00 00"
2025-10-25 10:12:50,76.37,0xff,0xc8,0xff,0x5e,0x1d,0xd5,"ff c8 ff 5e 1d d5 00 00"
2025-10-25 10:12:50,76.43,0xff,0xc8,0xff,0x5e,0x1d,0xdb,"ff c8 ff 5e 1d db 00 00"
2025-10-25 10:12:50,76.5,0xff,0xc8,0xff,0x5e,0x1d,0xe2,"ff c8 ff 5e 1d e2 00 00"
2025-10-25 10:12:50,76.56,0xff,0xc8,0xff,0x5e,0x1d,0xe8,"ff c8 ff 5e 1d e8 00 00"
2025-10-25 10:12:50,76.56,0xff,0xc8,0xff,0x5e,0x1d,0xe8,"ff c8 ff 5e 1d e8 00 00"
2025-10-25 10:12:50,76.62,0xff,0xce,0xff,0x5e,0x1d,0xee,"ff ce ff 5e 1d ee 00 00"
2025-10-25 10:12:50,76.68,0xff,0xce,0xff,0x5e,0x1d,0xf4,"ff ce ff 5e 1d f4 00 00"
2025-10-25 10:12:50,76.68,0xff,0xce,0xff,0x5e,0x1d,0xf4,"ff ce ff 5e 1d f4 00 00"
2025-10-25 10:12:50,76.75,0xff,0xce,0xff,0x5e,0x1d,0xfb,"ff ce ff 5e 1d fb 00 00"
2025-10-25 10:12:50,76.75,0xff,0xce,0xff,0x5e,0x1d,0xfb,"ff ce ff 5e 1d fb 00 00"
2025-10-25 10:12:50,76.81,0xff,0xce,0xff,0x5e,0x1e,0x01,"ff ce ff 5e 1e 01 00 00"
2025-10-25 10:12:50,76.87,0xff,0xce,0xff,0x5e,0x1e,0x07,"ff ce ff 5e 1e 07 00 00"
2025-10-25 10:12:50,76.87,0xff,0xce,0xff,0x5e,0x1e,0x07,"ff ce ff 5e 1e 07 00 00"
2025-10-25 10:12:50,76.87,0xff,0xce,0xff,0x5e,0x1e,0x07,"ff ce ff 5e 1e 07 00 00"
2025-10-25 10:12:50,76.87,0xff,0xce,0xff,0x5e,0x1e,0x07,"ff ce ff 5e 1e 07 00 00"
2025-10-25 10:12:50,76.87,0xff,0xc8,0xff,0x64,0x1e,0x07,"ff c8 ff 64 1e 07 00 00"
2025-10-25 10:12:50,76.87,0xff,0xc8,0xff,0x64,0x1e,0x07,"ff c8 ff 64 1e 07 00 00"
2025-10-25 10:12:50,76.87,0xff,0xc8,0xff,0x6a,0x1e,0x07,"ff c8 ff 6a 1e 07 00 00"
2025-10-25 10:12:50,76.9,0xff,0xc8,0xff,0x71,0x1e,0x0a,"ff c8 ff 71 1e 0a 00 00"
2025-10-25 10:12:50,76.9,0xff,0xce,0xff,0x71,0x1e,0x0a,"ff ce ff 71 1e 0a 00 00"
2025-10-25 10:12:50,76.9,0xff,0xce,0xff,0x71,0x1e,0x0a,"ff ce ff 71 1e 0a 00 00"
2025-10-25 10:12:50,77,0xff,0xce,0xff,0x71,0x1e,0x14,"ff ce ff 71 1e 14 00 00"
2025-10-25 10:12:50,77,0xff,0xce,0xff,0x6a,0x1e,0x14,"ff ce ff 6a 1e 14 00 00"
2025-10-25 10:12:50,77,0xff,0xce,0xff,0x64,0x1e,0x14,"ff ce ff 64 1e 14 00 00"
2025-10-25 10:12:50,77,0xff,0xce,0xff,0x5e,0x1e,0x14,"ff ce ff 5e 1e 14 00 00"
2025-10-25 10:12:50,77,0xff,0xce,0xff,0x5e,0x1e,0x14,"ff ce ff 5e 1e 14 00 00"
2025-10-25 10:12:50,77,0xff,0xce,0xff,0x5e,0x1e,0x14,"ff ce ff 5e 1e 14 00 00"
2025-10-25 10:12:50,77.06,0xff,0xce,0xff,0x64,0x1e,0x1a,"ff ce ff 64 1e 1a 00 00"
2025-10-25 10:12:50,77.12,0xff,0xce,0xff,0x64,0x1e,0x20,"ff ce ff 64 1e 20 00 00"
2025-10-25 10:12:50,77.18,0xff,0xce,0xff,0x64,0x1e,0x26,"ff ce ff 64 1e 26 00 00"
2025-10-25 10:12:50,77.31,0xff,0xce,0xff,0x64,0x1e,0x33,"ff ce ff 64 1e 33 00 00"
2025-10-25 10:12:50,77.37,0xff,0xce,0xff,0x64,0x1e,0x39,"ff ce ff 64 1e 39 00 00"
2025-10-25 10:12:50,77.5,0xff,0xce,0xff,0x5e,0x1e,0x46,"ff ce ff 5e 1e 46 00 00"
2025-10-25 10:12:51,77.62,0xff,0xce,0xff,0x5e,0x1e,0x52,"ff ce ff 5e 1e 52 00 00"
2025-10-25 10:12:51,77.75,0xff,0xce,0xff,0x58,0x1e,0x5f,"ff ce ff 58 1e 5f 00 00"
2025-10-25 10:12:51,77.81,0xff,0xce,0xff,0x58,0x1e,0x65,"ff ce ff 58 1e 65 00 00"
2025-10-25 10:12:51,77.93,0xff,0xce,0xff,0x58,0x1e,0x71,"ff ce ff 58 1e 71 00 00"
2025-10-25 10:12:51,78.06,0xff,0xce,0xff,0x5e,0x1e,0x7e,"ff ce ff 5e 1e 7e 00 00"
2025-10-25 10:12:51,78.18,0xff,0xce,0xff,0x5e,0x1e,0x8a,"ff ce ff 5e 1e 8a 00 00"
2025-10-25 10:12:51,78.31,0xff,0xc8,0xff,0x64,0x1e,0x97,"ff c8 ff 64 1e 97 00 00"
2025-10-25 10:12:51,78.43,0xff,0xc8,0xff,0x64,0x1e,0xa3,"ff c8 ff 64 1e a3 00 00"
2025-10-25 10:12:51,78.56,0xff,0xc8,0xff,0x64,0x1e,0xb0,"ff c8 ff 64 1e b0 00 00"
2025-10-25 10:12:51,78.62,0xff,0xc8,0xff,0x64,0x1e,0xb6,"ff c8 ff 64 1e b6 00 00"
2025-10-25 10:12:51,78.75,0xff,0xc8,0xff,0x64,0x1e,0xc3,"ff c8 ff 64 1e c3 00 00"
2025-10-25 10:12:51,78.87,0xff,0xc8,0xff,0x64,0x1e,0xcf,"ff c8 ff 64 1e cf 00 00"
2025-10-25 10:12:51,78.93,0xff,0xc8,0xff,0x64,0x1e,0xd5,"ff c8 ff 64 1e d5 00 00"
2025-10-25 10:12:51,79,0xff,0xc8,0xff,0x64,0x1e,0xdc,"ff c8 ff 64 1e dc 00 00"
2025-10-25 10:12:51,79.12,0xff,0xc8,0xff,0x64,0x1e,0xe8,"ff c8 ff 64 1e e8 00 00"
2025-10-25 10:12:51,79.18,0xff,0xc8,0xff,0x6a,0x1e,0xee,"ff c8 ff 6a 1e ee 00 00"
2025-10-25 10:12:51,79.25,0xff,0xc8,0xff,0x6a,0x1e,0xf5,"ff c8 ff 6a 1e f5 00 00"
2025-10-25 10:12:51,79.25,0xff,0xc8,0xff,0x6a,0x1e,0xf5,"ff c8 ff 6a 1e f5 00 00"
2025-10-25 10:12:51,79.25,0xff,0xc8,0xff,0x6a,0x1e,0xf5,"ff c8 ff 6a 1e f5 00 00"
2025-10-25 10:12:51,79.25,0xff,0xc8,0xff,0x6a,0x1e,0xf5,"ff c8 ff 6a 1e f5 00 00"
2025-10-25 10:12:51,79.25,0xff,0xc8,0xff,0x6a,0x1e,0xf5,"ff c8 ff 6a 1e f5 00 00"
2025-10-25 10:12:51,79.25,0xff,0xc8,0xff,0x6a,0x1e,0xf5,"ff c8 ff 6a 1e f5 00 00"
2025-10-25 10:12:51,79.25,0xff,0xc8,0xff,0x71,0x1e,0xf5,"ff c8 ff 71 1e f5 00 00"
2025-10-25 10:12:51,79.25,0xff,0xc8,0xff,0x71,0x1e,0xf5,"ff c8 ff 71 1e f5 00 00"
2025-10-25 10:12:51,79.25,0xff,0xc8,0xff,0x71,0x1e,0xf5,"ff c8 ff 71 1e f5 00 00"
2025-10-25 10:12:51,79.25,0xff,0xc8,0xff,0x71,0x1e,0xf5,"ff c8 ff 71 1e f5 00 00"
2025-10-25 10:12:51,79.25,0xff,0xc8,0xff,0x71,0x1e,0xf5,"ff c8 ff 71 1e f5 00 00"
2025-10-25 10:12:51,79.25,0xff,0xc8,0xff,0x6a,0x1e,0xf5,"ff c8 ff 6a 1e f5 00 00"
2025-10-25 10:12:51,79.25,0xff,0xc8,0xff,0x6a,0x1e,0xf5,"ff c8 ff 6a 1e f5 00 00"
2025-10-25 10:12:51,79.25,0xff,0xce,0xff,0x6a,0x1e,0xf5,"ff ce ff 6a 1e f5 00 00"
2025-10-25 10:12:51,79.25,0xff,0xce,0xff,0x6a,0x1e,0xf5,"ff ce ff 6a 1e f5 00 00"
2025-10-25 10:12:51,79.31,0xff,0xce,0xff,0x6a,0x1e,0xfb,"ff ce ff 6a 1e fb 00 00"
2025-10-25 10:12:51,79.31,0xff,0xc8,0xff,0x6a,0x1e,0xfb,"ff c8 ff 6a 1e fb 00 00"
2025-10-25 10:12:51,79.37,0xff,0xc8,0xff,0x6a,0x1f,0x01,"ff c8 ff 6a 1f 01 00 00"
2025-10-25 10:12:52,79.43,0xff,0xc8,0xff,0x64,0x1f,0x07,"ff c8 ff 64 1f 07 00 00"
2025-10-25 10:12:52,79.5,0xff,0xc8,0xff,0x64,0x1f,0x0e,"ff c8 ff 64 1f 0e 00 00"
2025-10-25 10:12:52,79.56,0xff,0xc8,0xff,0x64,0x1f,0x14,"ff c8 ff 64 1f 14 00 00"
2025-10-25 10:12:52,79.62,0xff,0xc8,0xff,0x64,0x1f,0x1a,"ff c8 ff 64 1f 1a 00 00"
2025-10-25 10:12:52,79.68,0xff,0xc8,0xff,0x64,0x1f,0x20,"ff c8 ff 64 1f 20 00 00"
2025-10-25 10:12:52,79.75,0xff,0xc8,0xff,0x64,0x1f,0x27,"ff c8 ff 64 1f 27 00 00"
2025-10-25 10:12:52,79.81,0xff,0xc8,0xff,0x6a,0x1f,0x2d,"ff c8 ff 6a 1f 2d 00 00"
2025-10-25 10:12:52,79.87,0xff,0xce,0xff,0x6a,0x1f,0x33,"ff ce ff 6a 1f 33 00 00"
2025-10-25 10:12:52,79.93,0xff,0xce,0xff,0x6a,0x1f,0x39,"ff ce ff 6a 1f 39 00 00"
2025-10-25 10:12:52,80.12,0xff,0xc8,0xff,0x6a,0x1f,0x4c,"ff c8 ff 6a 1f 4c 00 00"
2025-10-25 10:12:52,80.18,0xff,0xc8,0xff,0x6a,0x1f,0x52,"ff c8 ff 6a 1f 52 00 00"
2025-10-25 10:12:52,80.25,0xff,0xc8,0xff,0x6a,0x1f,0x59,"ff c8 ff 6a 1f 59 00 00"
2025-10-25 10:12:52,80.31,0xff,0xc8,0xff,0x6a,0x1f,0x5f,"ff c8 ff 6a 1f 5f 00 00"
2025-10-25 10:12:52,80.37,0xff,0xc8,0xff,0x6a,0x1f,0x65,"ff c8 ff 6a 1f 65 00 00"
2025-10-25 10:12:52,80.43,0xff,0xc8,0xff,0x6a,0x1f,0x6b,"ff c8 ff 6a 1f 6b 00 00"
2025-10-25 10:12:52,80.56,0xff,0xc8,0xff,0x6a,0x1f,0x78,"ff c8 ff 6a 1f 78 00 00"
2025-10-25 10:12:52,80.62,0xff,0xc8,0xff,0x6a,0x1f,0x7e,"ff c8 ff 6a 1f 7e 00 00"
2025-10-25 10:12:52,80.75,0xff,0xc8,0xff,0x64,0x1f,0x8b,"ff c8 ff 64 1f 8b 00 00"
2025-10-25 10:12:52,80.87,0xff,0xc8,0xff,0x64,0x1f,0x97,"ff c8 ff 64 1f 97 00 00"
2025-10-25 10:12:52,80.93,0xff,0xc8,0xff,0x64,0x1f,0x9d,"ff c8 ff 64 1f 9d 00 00"
2025-10-25 10:12:52,81.12,0xff,0xc8,0xff,0x64,0x1f,0xb0,"ff c8 ff 64 1f b0 00 00"
2025-10-25 10:12:52,81.25,0xff,0xc8,0xff,0x64,0x1f,0xbd,"ff c8 ff 64 1f bd 00 00"
2025-10-25 10:12:52,81.37,0xff,0xc8,0xff,0x64,0x1f,0xc9,"ff c8 ff 64 1f c9 00 00"
2025-10-25 10:12:52,81.5,0xff,0xce,0xff,0x64,0x1f,0xd6,"ff ce ff 64 1f d6 00 00"
2025-10-25 10:12:52,81.75,0xff,0xce,0xff,0x64,0x1f,0xef,"ff ce ff 64 1f ef 00 00"
2025-10-25 10:12:52,81.87,0xff,0xce,0xff,0x64,0x1f,0xfb,"ff ce ff 64 1f fb 00 00"
2025-10-25 10:12:52,82,0xff,0xce,0xff,0x64,0x20,0x08,"ff ce ff 64 20 08 00 00"
2025-10-25 10:12:52,82.18,0xff,0xce,0xff,0x64,0x20,0x1a,"ff ce ff 64 20 1a 00 00"
2025-10-25 10:12:52,82.37,0xff,0xce,0xff,0x64,0x20,0x2d,"ff ce ff 64 20 2d 00 00"
2025-10-25 10:12:52,82.62,0xff,0xce,0xff,0x64,0x20,0x46,"ff ce ff 64 20 46 00 00"
2025-10-25 10:12:52,82.81,0xff,0xce,0xff,0x64,0x20,0x59,"ff ce ff 64 20 59 00 00"
2025-10-25 10:12:52,83,0xff,0xce,0xff,0x64,0x20,0x6c,"ff ce ff 64 20 6c 00 00"
2025-10-25 10:12:52,83.18,0xff,0xce,0xff,0x64,0x20,0x7e,"ff ce ff 64 20 7e 00 00"
2025-10-25 10:12:52,83.37,0xff,0xce,0xff,0x64,0x20,0x91,"ff ce ff 64 20 91 00 00"
2025-10-25 10:12:53,83.5,0xff,0xce,0xff,0x64,0x20,0x9e,"ff ce ff 64 20 9e 00 00"
2025-10-25 10:12:53,83.75,0xff,0xce,0xff,0x64,0x20,0xb7,"ff ce ff 64 20 b7 00 00"
2025-10-25 10:12:53,83.93,0xff,0xce,0xff,0x64,0x20,0xc9,"ff ce ff 64 20 c9 00 00"
2025-10-25 10:12:53,84.18,0xff,0xce,0xff,0x64,0x20,0xe2,"ff ce ff 64 20 e2 00 00"
2025-10-25 10:12:53,84.5,0xff,0xce,0xff,0x64,0x21,0x02,"ff ce ff 64 21 02 00 00"
2025-10-25 10:12:53,84.68,0xff,0xce,0xff,0x64,0x21,0x14,"ff ce ff 64 21 14 00 00"
2025-10-25 10:12:53,84.87,0xff,0xce,0xff,0x64,0x21,0x27,"ff ce ff 64 21 27 00 00"
2025-10-25 10:12:53,85,0xff,0xce,0xff,0x64,0x21,0x34,"ff ce ff 64 21 34 00 00"
2025-10-25 10:12:53,85.25,0xff,0xd5,0xff,0x64,0x21,0x4d,"ff d5 ff 64 21 4d 00 00"
2025-10-25 10:12:53,85.43,0xff,0xd5,0xff,0x64,0x21,0x5f,"ff d5 ff 64 21 5f 00 00"
2025-10-25 10:12:53,85.68,0xff,0xd5,0xff,0x64,0x21,0x78,"ff d5 ff 64 21 78 00 00"
2025-10-25 10:12:53,85.87,0xff,0xd5,0xff,0x64,0x21,0x8b,"ff d5 ff 64 21 8b 00 00"
2025-10-25 10:12:53,86.12,0xff,0xd5,0xff,0x64,0x21,0xa4,"ff d5 ff 64 21 a4 00 00"
2025-10-25 10:12:53,86.25,0xff,0xd5,0xff,0x5e,0x21,0xb1,"ff d5 ff 5e 21 b1 00 00"
2025-10-25 10:12:53,86.5,0xff,0xd5,0xff,0x5e,0x21,0xca,"ff d5 ff 5e 21 ca 00 00"
2025-10-25 10:12:53,86.75,0xff,0xd5,0xff,0x5e,0x21,0xe3,"ff d5 ff 5e 21 e3 00 00"
2025-10-25 10:12:53,86.93,0xff,0xd5,0xff,0x5e,0x21,0xf5,"ff d5 ff 5e 21 f5 00 00"
2025-10-25 10:12:53,87.18,0xff,0xd5,0xff,0x5e,0x22,0x0e,"ff d5 ff 5e 22 0e 00 00"
2025-10-25 10:12:53,87.5,0xff,0xdb,0xff,0x5e,0x22,0x2e,"ff db ff 5e 22 2e 00 00"
2025-10-25 10:12:53,87.68,0xff,0xdb,0xff,0x5e,0x22,0x40,"ff db ff 5e 22 40 00 00"
2025-10-25 10:12:53,87.93,0xff,0xdb,0xff,0x5e,0x22,0x59,"ff db ff 5e 22 59 00 00"
2025-10-25 10:12:53,88.18,0xff,0xdb,0xff,0x5e,0x22,0x72,"ff db ff 5e 22 72 00 00"
2025-10-25 10:12:53,88.43,0xff,0xdb,0xff,0x5e,0x22,0x8b,"ff db ff 5e 22 8b 00 00"
2025-10-25 10:12:53,88.68,0xff,0xdb,0xff,0x5e,0x22,0xa4,"ff db ff 5e 22 a4 00 00"
2025-10-25 10:12:53,88.93,0xff,0xdb,0xff,0x5e,0x22,0xbd,"ff db ff 5e 22 bd 00 00"
2025-10-25 10:12:53,89.12,0xff,0xdb,0xff,0x5e,0x22,0xd0,"ff db ff 5e 22 d0 00 00"
2025-10-25 10:12:53,89.37,0xff,0xdb,0xff,0x5e,0x22,0xe9,"ff db ff 5e 22 e9 00 00"
2025-10-25 10:12:53,89.62,0xff,0xe1,0xff,0x5e,0x23,0x02,"ff e1 ff 5e 23 02 00 00"
2025-10-25 10:12:53,89.87,0xff,0xe1,0xff,0x5e,0x23,0x1b,"ff e1 ff 5e 23 1b 00 00"
2025-10-25 10:12:53,90.12,0xff,0xe1,0xff,0x5e,0x23,0x34,"ff e1 ff 5e 23 34 00 00"
2025-10-25 10:12:53,90.43,0xff,0xe1,0xff,0x5e,0x23,0x53,"ff e1 ff 5e 23 53 00 00"
2025-10-25 10:12:53,90.68,0xff,0xe1,0xff,0x5e,0x23,0x6c,"ff e1 ff 5e 23 6c 00 00"
2025-10-25 10:12:53,90.87,0xff,0xe1,0xff,0x5e,0x23,0x7f,"ff e1 ff 5e 23 7f 00 00"
2025-10-25 10:12:53,91.12,0xff,0xe1,0xff,0x5e,0x23,0x98,"ff e1 ff 5e 23 98 00 00"
2025-10-25 10:12:54,91.37,0xff,0xe1,0xff,0x5e,0x23,0xb1,"ff e1 ff 5e 23 b1 00 00"
2025-10-25 10:12:54,91.62,0xff,0xe1,0xff,0x5e,0x23,0xca,"ff e1 ff 5e 23 ca 00 00"
2025-10-25 10:12:54,91.81,0xff,0xe7,0xff,0x5e,0x23,0xdd,"ff e7 ff 5e 23 dd 00 00"
2025-10-25 10:12:54,92.06,0xff,0xe7,0xff,0x5e,0x23,0xf6,"ff e7 ff 5e 23 f6 00 00"
2025-10-25 10:12:54,92.25,0xff,0xe7,0xff,0x5e,0x24,0x09,"ff e7 ff 5e 24 09 00 00"
2025-10-25 10:12:54,92.37,0xff,0xe7,0xff,0x5e,0x24,0x15,"ff e7 ff 5e 24 15 00 00"
2025-10-25 10:12:54,92.62,0xff,0xe7,0xff,0x5e,0x24,0x2e,"ff e7 ff 5e 24 2e 00 00"
2025-10-25 10:12:54,92.75,0xff,0xe7,0xff,0x5e,0x24,0x3b,"ff e7 ff 5e 24 3b 00 00"
2025-10-25 10:12:54,92.93,0xff,0xe7,0xff,0x5e,0x24,0x4d,"ff e7 ff 5e 24 4d 00 00"
2025-10-25 10:12:54,93.12,0xff,0xe7,0xff,0x5e,0x24,0x60,"ff e7 ff 5e 24 60 00 00"
2025-10-25 10:12:54,93.25,0xff,0xe7,0xff,0x5e,0x24,0x6d,"ff e7 ff 5e 24 6d 00 00"
2025-10-25 10:12:54,93.37,0xff,0xe7,0xff,0x5e,0x24,0x79,"ff e7 ff 5e 24 79 00 00"
2025-10-25 10:12:54,93.5,0xff,0xe7,0xff,0x5e,0x24,0x86,"ff e7 ff 5e 24 86 00 00"
2025-10-25 10:12:54,93.62,0xff,0xe7,0xff,0x5e,0x24,0x92,"ff e7 ff 5e 24 92 00 00"
2025-10-25 10:12:54,93.68,0xff,0xe7,0xff,0x64,0x24,0x98,"ff e7 ff 64 24 98 00 00"
2025-10-25 10:12:54,93.75,0xff,0xe7,0xff,0x6a,0x24,0x9f,"ff e7 ff 6a 24 9f 00 00"
2025-10-25 10:12:54,93.81,0xff,0xe7,0xff,0x6a,0x24,0xa5,"ff e7 ff 6a 24 a5 00 00"
2025-10-25 10:12:54,93.87,0xff,0xe1,0xff,0x6a,0x24,0xab,"ff e1 ff 6a 24 ab 00 00"
2025-10-25 10:12:54,93.87,0xff,0xe1,0xff,0x6a,0x24,0xab,"ff e1 ff 6a 24 ab 00 00"
2025-10-25 10:12:54,93.93,0xff,0xe1,0xff,0x6a,0x24,0xb1,"ff e1 ff 6a 24 b1 00 00"
2025-10-25 10:12:54,94,0xff,0xe1,0xff,0x6a,0x24,0xb8,"ff e1 ff 6a 24 b8 00 00"
2025-10-25 10:12:54,94.06,0xff,0xe1,0xff,0x6a,0x24,0xbe,"ff e1 ff 6a 24 be 00 00"
2025-10-25 10:12:54,94.06,0xff,0xe1,0xff,0x6a,0x24,0xbe,"ff e1 ff 6a 24 be 00 00"
2025-10-25 10:12:54,94.12,0xff,0xe1,0xff,0x6a,0x24,0xc4,"ff e1 ff 6a 24 c4 00 00"
2025-10-25 10:12:54,94.18,0xff,0xe1,0xff,0x6a,0x24,0xca,"ff e1 ff 6a 24 ca 00 00"
2025-10-25 10:12:54,94.25,0xff,0xe1,0xff,0x6a,0x24,0xd1,"ff e1 ff 6a 24 d1 00 00"
2025-10-25 10:12:54,94.31,0xff,0xe1,0xff,0x6a,0x24,0xd7,"ff e1 ff 6a 24 d7 00 00"
2025-10-25 10:12:54,94.37,0xff,0xe1,0xff,0x6a,0x24,0xdd,"ff e1 ff 6a 24 dd 00 00"
2025-10-25 10:12:54,94.5,0xff,0xe1,0xff,0x6a,0x24,0xea,"ff e1 ff 6a 24 ea 00 00"
2025-10-25 10:12:54,94.62,0xff,0xe1,0xff,0x6a,0x24,0xf6,"ff e1 ff 6a 24 f6 00 00"
2025-10-25 10:12:54,94.75,0xff,0xe1,0xff,0x6a,0x25,0x03,"ff e1 ff 6a 25 03 00 00"
2025-10-25 10:12:54,94.87,0xff,0xe1,0xff,0x64,0x25,0x0f,"ff e1 ff 64 25 0f 00 00"
2025-10-25 10:12:54,95,0xff,0xe1,0xff,0x64,0x25,0x1c,"ff e1 ff 64 25 1c 00 00"
2025-10-25 10:12:54,95.06,0xff,0xdb,0xff,0x5e,0x25,0x22,"ff db ff 5e 25 22 00 00"
2025-10-25 10:12:55,95.18,0xff,0xdb,0xff,0x5e,0x25,0x2e,"ff db ff 5e 25 2e 00 00"
2025-10-25 10:12:55,95.31,0xff,0xdb,0xff,0x5e,0x25,0x3b,"ff db ff 5e 25 3b 00 00"
2025-10-25 10:12:55,95.43,0xff,0xdb,0xff,0x64,0x25,0x47,"ff db ff 64 25 47 00 00"
2025-10-25 10:12:55,95.56,0xff,0xdb,0xff,0x64,0x25,0x54,"ff db ff 64 25 54 00 00"
2025-10-25 10:12:55,95.62,0xff,0xdb,0xff,0x64,0x25,0x5a,"ff db ff 64 25 5a 00 00"
2025-10-25 10:12:55,95.75,0xff,0xdb,0xff,0x6a,0x25,0x67,"ff db ff 6a 25 67 00 00"
2025-10-25 10:12:55,95.81,0xff,0xdb,0xff,0x6a,0x25,0x6d,"ff db ff 6a 25 6d 00 00"
2025-10-25 10:12:55,95.93,0xff,0xdb,0xff,0x6a,0x25,0x79,"ff db ff 6a 25 79 00 00"
2025-10-25 10:12:55,96,0xff,0xdb,0xff,0x6a,0x25,0x80,"ff db ff 6a 25 80 00 00"
2025-10-25 10:12:55,96.12,0xff,0xdb,0xff,0x6a,0x25,0x8c,"ff db ff 6a 25 8c 00 00"
2025-10-25 10:12:55,96.18,0xff,0xdb,0xff,0x6a,0x25,0x92,"ff db ff 6a 25 92 00 00"
2025-10-25 10:12:55,96.25,0xff,0xdb,0xff,0x6a,0x25,0x99,"ff db ff 6a 25 99 00 00"
2025-10-25 10:12:55,96.31,0xff,0xdb,0xff,0x6a,0x25,0x9f,"ff db ff 6a 25 9f 00 00"
2025-10-25 10:12:55,96.37,0xff,0xdb,0xff,0x6a,0x25,0xa5,"ff db ff 6a 25 a5 00 00"
2025-10-25 10:12:55,96.43,0xff,0xdb,0xff,0x6a,0x25,0xab,"ff db ff 6a 25 ab 00 00"
2025-10-25 10:12:55,96.5,0xff,0xdb,0xff,0x6a,0x25,0xb2,"ff db ff 6a 25 b2 00 00"
2025-10-25 10:12:55,96.56,0xff,0xdb,0xff,0x6a,0x25,0xb8,"ff db ff 6a 25 b8 00 00"
2025-10-25 10:12:55,96.68,0xff,0xdb,0xff,0x6a,0x25,0xc4,"ff db ff 6a 25 c4 00 00"
2025-10-25 10:12:55,96.75,0xff,0xdb,0xff,0x6a,0x25,0xcb,"ff db ff 6a 25 cb 00 00"
2025-10-25 10:12:55,96.81,0xff,0xdb,0xff,0x6a,0x25,0xd1,"ff db ff 6a 25 d1 00 00"
2025-10-25 10:12:55,97,0xff,0xd5,0xff,0x6a,0x25,0xe4,"ff d5 ff 6a 25 e4 00 00"
2025-10-25 10:12:55,97.18,0xff,0xd5,0xff,0x6a,0x25,0xf6,"ff d5 ff 6a 25 f6 00 00"
2025-10-25 10:12:55,97.31,0xff,0xd5,0xff,0x64,0x26,0x03,"ff d5 ff 64 26 03 00 00"
2025-10-25 10:12:55,97.43,0xff,0xd5,0xff,0x64,0x26,0x0f,"ff d5 ff 64 26 0f 00 00"
2025-10-25 10:12:55,97.56,0xff,0xd5,0xff,0x64,0x26,0x1c,"ff d5 ff 64 26 1c 00 00"
2025-10-25 10:12:55,97.68,0xff,0xd5,0xff,0x64,0x26,0x28,"ff d5 ff 64 26 28 00 00"
2025-10-25 10:12:55,97.87,0xff,0xdb,0xff,0x6a,0x26,0x3b,"ff db ff 6a 26 3b 00 00"
2025-10-25 10:12:55,98,0xff,0xdb,0xff,0x6a,0x26,0x48,"ff db ff 6a 26 48 00 00"
2025-10-25 10:12:55,98.12,0xff,0xdb,0xff,0x6a,0x26,0x54,"ff db ff 6a 26 54 00 00"
2025-10-25 10:12:55,98.25,0xff,0xdb,0xff,0x71,0x26,0x61,"ff db ff 71 26 61 00 00"
2025-10-25 10:12:55,98.31,0xff,0xdb,0xff,0x71,0x26,0x67,"ff db ff 71 26 67 00 00"
2025-10-25 10:12:55,98.43,0xff,0xdb,0xff,0x71,0x26,0x73,"ff db ff 71 26 73 00 00"
2025-10-25 10:12:55,98.5,0xff,0xd5,0xff,0x71,0x26,0x7a,"ff d5 ff 71 26 7a 00 00"
2025-10-25 10:12:55,98.56,0xff,0xd5,0xff,0x71,0x26,0x80,"ff d5 ff 71 26 80 00 00"
2025-10-25 10:12:55,98.62,0xff,0xd5,0xff,0x71,0x26,0x86,"ff d5 ff 71 26 86 00 00"
2025-10-25 10:12:56,98.75,0xff,0xd5,0xff,0x71,0x26,0x93,"ff d5 ff 71 26 93 00 00"
2025-10-25 10:12:56,98.81,0xff,0xd5,0xff,0x71,0x26,0x99,"ff d5 ff 71 26 99 00 00"
2025-10-25 10:12:56,98.87,0xff,0xd5,0xff,0x71,0x26,0x9f,"ff d5 ff 71 26 9f 00 00"
2025-10-25 10:12:56,98.93,0xff,0xd5,0xff,0x71,0x26,0xa5,"ff d5 ff 71 26 a5 00 00"
2025-10-25 10:12:56,99.06,0xff,0xdb,0xff,0x71,0x26,0xb2,"ff db ff 71 26 b2 00 00"
2025-10-25 10:12:56,99.12,0xff,0xdb,0xff,0x71,0x26,0xb8,"ff db ff 71 26 b8 00 00"
2025-10-25 10:12:56,99.18,0xff,0xdb,0xff,0x71,0x26,0xbe,"ff db ff 71 26 be 00 00"
2025-10-25 10:12:56,99.31,0xff,0xdb,0xff,0x71,0x26,0xcb,"ff db ff 71 26 cb 00 00"
2025-10-25 10:12:56,99.37,0xff,0xdb,0xff,0x71,0x26,0xd1,"ff db ff 71 26 d1 00 00"
2025-10-25 10:12:56,99.5,0xff,0xdb,0xff,0x71,0x26,0xde,"ff db ff 71 26 de 00 00"
2025-10-25 10:12:56,99.56,0xff,0xdb,0xff,0x71,0x26,0xe4,"ff db ff 71 26 e4 00 00"
2025-10-25 10:12:56,99.68,0xff,0xdb,0xff,0x71,0x26,0xf0,"ff db ff 71 26 f0 00 00"
2025-10-25 10:12:56,99.81,0xff,0xdb,0xff,0x71,0x26,0xfd,"ff db ff 71 26 fd 00 00"
2025-10-25 10:12:56,99.93,0xff,0xd5,0xff,0x71,0x27,0x09,"ff d5 ff 71 27 09 00 00"
2025-10-25 10:12:56,100.12,0xff,0xdb,0xff,0x71,0x27,0x1c,"ff db ff 71 27 1c 00 00"
2025-10-25 10:12:56,100.18,0xff,0xdb,0xff,0x71,0x27,0x22,"ff db ff 71 27 22 00 00"
2025-10-25 10:12:56,100.31,0xff,0xdb,0xff,0x71,0x27,0x2f,"ff db ff 71 27 2f 00 00"
2025-10-25 10:12:56,100.5,0xff,0xdb,0xff,0x71,0x27,0x42,"ff db ff 71 27 42 00 00"
2025-10-25 10:12:56,100.62,0xff,0xdb,0xff,0x71,0x27,0x4e,"ff db ff 71 27 4e 00 00"
2025-10-25 10:12:56,100.75,0xff,0xdb,0xff,0x71,0x27,0x5b,"ff db ff 71 27 5b 00 00"
2025-10-25 10:12:56,100.87,0xff,0xdb,0xff,0x71,0x27,0x67,"ff db ff 71 27 67 00 00"
2025-10-25 10:12:56,100.93,0xff,0xdb,0xff,0x71,0x27,0x6d,"ff db ff 71 27 6d 00 00"
2025-10-25 10:12:56,101.06,0xff,0xdb,0xff,0x71,0x27,0x7a,"ff db ff 71 27 7a 00 00"
2025-10-25 10:12:56,101.25,0xff,0xdb,0xff,0x71,0x27,0x8d,"ff db ff 71 27 8d 00 00"
2025-10-25 10:12:56,101.37,0xff,0xdb,0xff,0x71,0x27,0x99,"ff db ff 71 27 99 00 00"
2025-10-25 10:12:56,101.5,0xff,0xdb,0xff,0x71,0x27,0xa6,"ff db ff 71 27 a6 00 00"
2025-10-25 10:12:56,101.62,0xff,0xdb,0xff,0x71,0x27,0xb2,"ff db ff 71 27 b2 00 00"
2025-10-25 10:12:56,101.75,0xff,0xdb,0xff,0x71,0x27,0xbf,"ff db ff 71 27 bf 00 00"
2025-10-25 10:12:56,101.93,0xff,0xdb,0xff,0x71,0x27,0xd1,"ff db ff 71 27 d1 00 00"
2025-10-25 10:12:56,102,0xff,0xdb,0xff,0x71,0x27,0xd8,"ff db ff 71 27 d8 00 00"
2025-10-25 10:12:56,102.12,0xff,0xdb,0xff,0x6a,0x27,0xe4,"ff db ff 6a 27 e4 00 00"
2025-10-25 10:12:56,102.25,0xff,0xdb,0xff,0x6a,0x27,0xf1,"ff db ff 6a 27 f1 00 00"
2025-10-25 10:12:56,102.37,0xff,0xdb,0xff,0x6a,0x27,0xfd,"ff db ff 6a 27 fd 00 00"
2025-10-25 10:12:56,102.5,0xff,0xdb,0xff,0x6a,0x28,0x0a,"ff db ff 6a 28 0a 00 00"
2025-10-25 10:12:57,102.56,0xff,0xdb,0xff,0x6a,0x28,0x10,"ff db ff 6a 28 10 00 00"
2025-10-25 10:12:57,102.62,0xff,0xdb,0xff,0x6a,0x28,0x16,"ff db ff 6a 28 16 00 00"
2025-10-25 10:12:57,102.75,0xff,0xdb,0xff,0x6a,0x28,0x23,"ff db ff 6a 28 23 00 00"
2025-10-25 10:12:57,102.81,0xff,0xe1,0xff,0x6a,0x28,0x29,"ff e1 ff 6a 28 29 00 00"
2025-10-25 10:12:57,102.93,0xff,0xe1,0xff,0x6a,0x28,0x35,"ff e1 ff 6a 28 35 00 00"
2025-10-25 10:12:57,103,0xff,0xe1,0xff,0x6a,0x28,0x3c,"ff e1 ff 6a 28 3c 00 00"
2025-10-25 10:12:57,103.12,0xff,0xe1,0xff,0x6a,0x28,0x48,"ff e1 ff 6a 28 48 00 00"
2025-10-25 10:12:57,103.18,0xff,0xe1,0xff,0x6a,0x28,0x4e,"ff e1 ff 6a 28 4e 00 00"
2025-10-25 10:12:57,103.31,0xff,0xe1,0xff,0x6a,0x28,0x5b,"ff e1 ff 6a 28 5b 00 00"
2025-10-25 10:12:57,103.43,0xff,0xe1,0xff,0x6a,0x28,0x67,"ff e1 ff 6a 28 67 00 00"
2025-10-25 10:12:57,103.56,0xff,0xe1,0xff,0x6a,0x28,0x74,"ff e1 ff 6a 28 74 00 00"
2025-10-25 10:12:57,103.68,0xff,0xe1,0xff,0x6a,0x28,0x80,"ff e1 ff 6a 28 80 00 00"
2025-10-25 10:12:57,103.81,0xff,0xe1,0xff,0x6a,0x28,0x8d,"ff e1 ff 6a 28 8d 00 00"
2025-10-25 10:12:57,103.93,0xff,0xe1,0xff,0x6a,0x28,0x99,"ff e1 ff 6a 28 99 00 00"
2025-10-25 10:12:57,104.06,0xff,0xe1,0xff,0x6a,0x28,0xa6,"ff e1 ff 6a 28 a6 00 00"
2025-10-25 10:12:57,104.18,0xff,0xe1,0xff,0x6a,0x28,0xb2,"ff e1 ff 6a 28 b2 00 00"
2025-10-25 10:12:57,104.31,0xff,0xe1,0xff,0x6a,0x28,0xbf,"ff e1 ff 6a 28 bf 00 00"
2025-10-25 10:12:57,104.43,0xff,0xe1,0xff,0x6a,0x28,0xcb,"ff e1 ff 6a 28 cb 00 00"
2025-10-25 10:12:57,104.62,0xff,0xe1,0xff,0x6a,0x28,0xde,"ff e1 ff 6a 28 de 00 00"
2025-10-25 10:12:57,104.75,0xff,0xe1,0xff,0x6a,0x28,0xeb,"ff e1 ff 6a 28 eb 00 00"
2025-10-25 10:12:57,104.87,0xff,0xe1,0xff,0x6a,0x28,0xf7,"ff e1 ff 6a 28 f7 00 00"
2025-10-25 10:12:57,105,0xff,0xe1,0xff,0x6a,0x29,0x04,"ff e1 ff 6a 29 04 00 00"
2025-10-25 10:12:57,105.18,0xff,0xe7,0xff,0x6a,0x29,0x16,"ff e7 ff 6a 29 16 00 00"
2025-10-25 10:12:57,105.37,0xff,0xe7,0xff,0x6a,0x29,0x29,"ff e7 ff 6a 29 29 00 00"
2025-10-25 10:12:57,105.56,0xff,0xe7,0xff,0x6a,0x29,0x3c,"ff e7 ff 6a 29 3c 00 00"
2025-10-25 10:12:57,105.75,0xff,0xe7,0xff,0x6a,0x29,0x4f,"ff e7 ff 6a 29 4f 00 00"
2025-10-25 10:12:57,105.93,0xff,0xe7,0xff,0x6a,0x29,0x61,"ff e7 ff 6a 29 61 00 00"
2025-10-25 10:12:57,106.12,0xff,0xe7,0xff,0x6a,0x29,0x74,"ff e7 ff 6a 29 74 00 00"
2025-10-25 10:12:57,106.25,0xff,0xe7,0xff,0x6a,0x29,0x81,"ff e7 ff 6a 29 81 00 00"
2025-10-25 10:12:57,106.43,0xff,0xe7,0xff,0x6a,0x29,0x93,"ff e7 ff 6a 29 93 00 00"
2025-10-25 10:12:57,106.62,0xff,0xe7,0xff,0x6a,0x29,0xa6,"ff e7 ff 6a 29 a6 00 00"
2025-10-25 10:12:57,106.81,0xff,0xe7,0xff,0x6a,0x29,0xb9,"ff e7 ff 6a 29 b9 00 00"
2025-10-25 10:12:57,107,0xff,0xe7,0xff,0x6a,0x29,0xcc,"ff e7 ff 6a 29 cc 00 00"
2025-10-25 10:12:57,107.18,0xff,0xe7,0xff,0x6a,0x29,0xde,"ff e7 ff 6a 29 de 00 00"
2025-10-25 10:12:58,107.37,0xff,0xe7,0xff,0x6a,0x29,0xf1,"ff e7 ff 6a 29 f1 00 00"
2025-10-25 10:12:58,107.5,0xff,0xe7,0xff,0x6a,0x29,0xfe,"ff e7 ff 6a 29 fe 00 00"
2025-10-25 10:12:58,107.68,0xff,0xee,0xff,0x6a,0x2a,0x10,"ff ee ff 6a 2a 10 00 00"
2025-10-25 10:12:58,107.93,0xff,0xee,0xff,0x6a,0x2a,0x29,"ff ee ff 6a 2a 29 00 00"
2025-10-25 10:12:58,108.06,0xff,0xee,0xff,0x6a,0x2a,0x36,"ff ee ff 6a 2a 36 00 00"
2025-10-25 10:12:58,108.25,0xff,0xee,0xff,0x6a,0x2a,0x49,"ff ee ff 6a 2a 49 00 00"
2025-10-25 10:12:58,108.37,0xff,0xee,0xff,0x6a,0x2a,0x55,"ff ee ff 6a 2a 55 00 00"
2025-10-25 10:12:58,108.5,0xff,0xee,0xff,0x6a,0x2a,0x62,"ff ee ff 6a 2a 62 00 00"
2025-10-25 10:12:58,108.68,0xff,0xee,0xff,0x6a,0x2a,0x74,"ff ee ff 6a 2a 74 00 00"
2025-10-25 10:12:58,108.87,0xff,0xee,0xff,0x6a,0x2a,0x87,"ff ee ff 6a 2a 87 00 00"
2025-10-25 10:12:58,109,0xff,0xee,0xff,0x6a,0x2a,0x94,"ff ee ff 6a 2a 94 00 00"
2025-10-25 10:12:58,109.18,0xff,0xee,0xff,0x6a,0x2a,0xa6,"ff ee ff 6a 2a a6 00 00"
2025-10-25 10:12:58,109.37,0xff,0xee,0xff,0x6a,0x2a,0xb9,"ff ee ff 6a 2a b9 00 00"
2025-10-25 10:12:58,109.5,0xff,0xee,0xff,0x6a,0x2a,0xc6,"ff ee ff 6a 2a c6 00 00"
2025-10-25 10:12:58,109.62,0xff,0xee,0xff,0x6a,0x2a,0xd2,"ff ee ff 6a 2a d2 00 00"
2025-10-25 10:12:58,109.81,0xff,0xee,0xff,0x6a,0x2a,0xe5,"ff ee ff 6a 2a e5 00 00"
2025-10-25 10:12:58,109.93,0xff,0xf4,0xff,0x6a,0x2a,0xf1,"ff f4 ff 6a 2a f1 00 00"
2025-10-25 10:12:58,110.18,0xff,0xf4,0xff,0x6a,0x2b,0x0a,"ff f4 ff 6a 2b 0a 00 00"
2025-10-25 10:12:58,110.31,0xff,0xf4,0xff,0x6a,0x2b,0x17,"ff f4 ff 6a 2b 17 00 00"
2025-10-25 10:12:58,110.5,0xff,0xf4,0xff,0x6a,0x2b,0x2a,"ff f4 ff 6a 2b 2a 00 00"
2025-10-25 10:12:58,110.62,0xff,0xf4,0xff,0x6a,0x2b,0x36,"ff f4 ff 6a 2b 36 00 00"
2025-10-25 10:12:58,110.75,0xff,0xf4,0xff,0x6a,0x2b,0x43,"ff f4 ff 6a 2b 43 00 00"
2025-10-25 10:12:58,110.93,0xff,0xf4,0xff,0x6a,0x2b,0x55,"ff f4 ff 6a 2b 55 00 00"
2025-10-25 10:12:58,111.12,0xff,0xf4,0xff,0x6a,0x2b,0x68,"ff f4 ff 6a 2b 68 00 00"
2025-10-25 10:12:58,111.25,0xff,0xf4,0xff,0x6a,0x2b,0x75,"ff f4 ff 6a 2b 75 00 00"
2025-10-25 10:12:58,111.43,0xff,0xf4,0xff,0x6a,0x2b,0x87,"ff f4 ff 6a 2b 87 00 00"
2025-10-25 10:12:58,111.62,0xff,0xf4,0xff,0x6a,0x2b,0x9a,"ff f4 ff 6a 2b 9a 00 00"
2025-10-25 10:12:58,111.81,0xff,0xf4,0xff,0x6a,0x2b,0xad,"ff f4 ff 6a 2b ad 00 00"
2025-10-25 10:12:58,112,0xff,0xf4,0xff,0x6a,0x2b,0xc0,"ff f4 ff 6a 2b c0 00 00"
2025-10-25 10:12:58,112.12,0xff,0xf4,0xff,0x6a,0x2b,0xcc,"ff f4 ff 6a 2b cc 00 00"
2025-10-25 10:12:58,112.31,0xff,0xfa,0xff,0x6a,0x2b,0xdf,"ff fa ff 6a 2b df 00 00"
2025-10-25 10:12:58,112.56,0xff,0xfa,0xff,0x6a,0x2b,0xf8,"ff fa ff 6a 2b f8 00 00"
2025-10-25 10:12:58,112.75,0xff,0xfa,0xff,0x6a,0x2c,0x0b,"ff fa ff 6a 2c 0b 00 00"
2025-10-25 10:12:58,112.93,0xff,0xfa,0xff,0x6a,0x2c,0x1d,"ff fa ff 6a 2c 1d 00 00"
2025-10-25 10:12:59,113.06,0xff,0xfa,0xff,0x6a,0x2c,0x2a,"ff fa ff 6a 2c 2a 00 00"
2025-10-25 10:12:59,113.31,0xff,0xfa,0xff,0x6a,0x2c,0x43,"ff fa ff 6a 2c 43 00 00"
2025-10-25 10:12:59,113.5,0xff,0xfa,0xff,0x6a,0x2c,0x56,"ff fa ff 6a 2c 56 00 00"
2025-10-25 10:12:59,113.75,0xff,0xfa,0xff,0x6a,0x2c,0x6f,"ff fa ff 6a 2c 6f 00 00"
2025-10-25 10:12:59,113.93,0xff,0xfa,0xff,0x6a,0x2c,0x81,"ff fa ff 6a 2c 81 00 00"
2025-10-25 10:12:59,114.18,0xff,0xfa,0xff,0x6a,0x2c,0x9a,"ff fa ff 6a 2c 9a 00 00"
2025-10-25 10:12:59,114.31,0xff,0xfa,0xff,0x6a,0x2c,0xa7,"ff fa ff 6a 2c a7 00 00"
2025-10-25 10:12:59,114.56,0x00,0x00,0xff,0x6a,0x2c,0xc0,"00 00 ff 6a 2c c0 00 00"
2025-10-25 10:12:59,114.75,0x00,0x00,0xff,0x6a,0x2c,0xd3,"00 00 ff 6a 2c d3 00 00"
2025-10-25 10:12:59,114.93,0x00,0x00,0xff,0x6a,0x2c,0xe5,"00 00 ff 6a 2c e5 00 00"
2025-10-25 10:12:59,115.12,0x00,0x00,0xff,0x6a,0x2c,0xf8,"00 00 ff 6a 2c f8 00 00"
2025-10-25 10:12:59,115.31,0xff,0xfa,0xff,0x6a,0x2d,0x0b,"ff fa ff 6a 2d 0b 00 00"
2025-10-25 10:12:59,115.43,0xff,0xfa,0xff,0x6a,0x2d,0x17,"ff fa ff 6a 2d 17 00 00"
2025-10-25 10:12:59,115.5,0xff,0xfa,0xff,0x6a,0x2d,0x1e,"ff fa ff 6a 2d 1e 00 00"
2025-10-25 10:12:59,115.62,0xff,0xfa,0xff,0x6a,0x2d,0x2a,"ff fa ff 6a 2d 2a 00 00"
2025-10-25 10:12:59,115.75,0xff,0xfa,0xff,0x6a,0x2d,0x37,"ff fa ff 6a 2d 37 00 00"
2025-10-25 10:12:59,115.81,0xff,0xfa,0xff,0x6a,0x2d,0x3d,"ff fa ff 6a 2d 3d 00 00"
2025-10-25 10:12:59,115.93,0xff,0xfa,0xff,0x6a,0x2d,0x49,"ff fa ff 6a 2d 49 00 00"
2025-10-25 10:12:59,116.06,0xff,0xfa,0xff,0x6a,0x2d,0x56,"ff fa ff 6a 2d 56 00 00"
2025-10-25 10:12:59,116.12,0xff,0xfa,0xff,0x6a,0x2d,0x5c,"ff fa ff 6a 2d 5c 00 00"
2025-10-25 10:12:59,116.18,0xff,0xfa,0xff,0x6a,0x2d,0x62,"ff fa ff 6a 2d 62 00 00"
2025-10-25 10:12:59,116.31,0xff,0xfa,0xff,0x6a,0x2d,0x6f,"ff fa ff 6a 2d 6f 00 00"
2025-10-25 10:12:59,116.43,0xff,0xfa,0xff,0x6a,0x2d,0x7b,"ff fa ff 6a 2d 7b 00 00"
2025-10-25 10:12:59,116.5,0xff,0xfa,0xff,0x6a,0x2d,0x82,"ff fa ff 6a 2d 82 00 00"
2025-10-25 10:12:59,116.62,0xff,0xfa,0xff,0x6a,0x2d,0x8e,"ff fa ff 6a 2d 8e 00 00"
2025-10-25 10:12:59,116.75,0xff,0xfa,0xff,0x6a,0x2d,0x9b,"ff fa ff 6a 2d 9b 00 00"
2025-10-25 10:12:59,116.87,0xff,0xfa,0xff,0x6a,0x2d,0xa7,"ff fa ff 6a 2d a7 00 00"
2025-10-25 10:12:59,116.93,0xff,0xfa,0xff,0x6a,0x2d,0xad,"ff fa ff 6a 2d ad 00 00"
2025-10-25 10:12:59,117.06,0xff,0xfa,0xff,0x6a,0x2d,0xba,"ff fa ff 6a 2d ba 00 00"
2025-10-25 10:12:59,117.18,0xff,0xfa,0xff,0x6a,0x2d,0xc6,"ff fa ff 6a 2d c6 00 00"
2025-10-25 10:12:59,117.31,0xff,0xfa,0xff,0x6a,0x2d,0xd3,"ff fa ff 6a 2d d3 00 00"
2025-10-25 10:12:59,117.43,0xff,0xfa,0xff,0x6a,0x2d,0xdf,"ff fa ff 6a 2d df 00 00"
2025-10-25 10:12:59,117.62,0xff,0xfa,0xff,0x6a,0x2d,0xf2,"ff fa ff 6a 2d f2 00 00"
2025-10-25 10:12:59,117.68,0xff,0xfa,0xff,0x6a,0x2d,0xf8,"ff fa ff 6a 2d f8 00 00"
2025-10-25 10:12:59,117.81,0xff,0xfa,0xff,0x6a,0x2e,0x05,"ff fa ff 6a 2e 05 00 00"
2025-10-25 10:13:00,117.93,0xff,0xfa,0xff,0x6a,0x2e,0x11,"ff fa ff 6a 2e 11 00 00"
2025-10-25 10:13:00,118.06,0xff,0xfa,0xff,0x6a,0x2e,0x1e,"ff fa ff 6a 2e 1e 00 00"
2025-10-25 10:13:00,118.18,0xff,0xfa,0xff,0x6a,0x2e,0x2a,"ff fa ff 6a 2e 2a 00 00"
2025-10-25 10:13:00,118.37,0xff,0xfa,0xff,0x6a,0x2e,0x3d,"ff fa ff 6a 2e 3d 00 00"
2025-10-25 10:13:00,118.43,0xff,0xfa,0xff,0x6a,0x2e,0x43,"ff fa ff 6a 2e 43 00 00"
2025-10-25 10:13:00,118.62,0xff,0xfa,0xff,0x6a,0x2e,0x56,"ff fa ff 6a 2e 56 00 00"
2025-10-25 10:13:00,118.75,0xff,0xfa,0xff,0x6a,0x2e,0x63,"ff fa ff 6a 2e 63 00 00"
2025-10-25 10:13:00,118.93,0xff,0xfa,0xff,0x6a,0x2e,0x75,"ff fa ff 6a 2e 75 00 00"
2025-10-25 10:13:00,119.06,0xff,0xfa,0xff,0x6a,0x2e,0x82,"ff fa ff 6a 2e 82 00 00"
2025-10-25 10:13:00,119.12,0xff,0xfa,0xff,0x6a,0x2e,0x88,"ff fa ff 6a 2e 88 00 00"
2025-10-25 10:13:00,119.25,0xff,0xfa,0xff,0x6a,0x2e,0x95,"ff fa ff 6a 2e 95 00 00"
2025-10-25 10:13:00,119.43,0xff,0xfa,0xff,0x6a,0x2e,0xa7,"ff fa ff 6a 2e a7 00 00"
2025-10-25 10:13:00,119.5,0x00,0x00,0xff,0x6a,0x2e,0xae,"00 00 ff 6a 2e ae 00 00"
2025-10-25 10:13:00,119.62,0x00,0x00,0xff,0x6a,0x2e,0xba,"00 00 ff 6a 2e ba 00 00"
2025-10-25 10:13:00,119.75,0x00,0x00,0xff,0x6a,0x2e,0xc7,"00 00 ff 6a 2e c7 00 00"
2025-10-25 10:13:00,119.87,0x00,0x00,0xff,0x6a,0x2e,0xd3,"00 00 ff 6a 2e d3 00 00"
2025-10-25 10:13:00,120,0x00,0x00,0xff,0x6a,0x2e,0xe0,"00 00 ff 6a 2e e0 00 00"
2025-10-25 10:13:00,120.12,0x00,0x00,0xff,0x6a,0x2e,0xec,"00 00 ff 6a 2e ec 00 00"
2025-10-25 10:13:00,120.18,0x00,0x00,0xff,0x6a,0x2e,0xf2,"00 00 ff 6a 2e f2 00 00"
2025-10-25 10:13:00,120.37,0x00,0x00,0xff,0x6a,0x2f,0x05,"00 00 ff 6a 2f 05 00 00"
2025-10-25 10:13:00,120.43,0x00,0x00,0xff,0x6a,0x2f,0x0b,"00 00 ff 6a 2f 0b 00 00"
2025-10-25 10:13:00,120.56,0x00,0x00,0xff,0x6a,0x2f,0x18,"00 00 ff 6a 2f 18 00 00"
2025-10-25 10:13:00,120.68,0x00,0x00,0xff,0x6a,0x2f,0x24,"00 00 ff 6a 2f 24 00 00"
2025-10-25 10:13:00,120.81,0x00,0x00,0xff,0x6a,0x2f,0x31,"00 00 ff 6a 2f 31 00 00"
2025-10-25 10:13:00,120.87,0x00,0x00,0xff,0x6a,0x2f,0x37,"00 00 ff 6a 2f 37 00 00"
2025-10-25 10:13:00,120.93,0x00,0x00,0xff,0x6a,0x2f,0x3d,"00 00 ff 6a 2f 3d 00 00"
2025-10-25 10:13:00,121.06,0x00,0x00,0xff,0x6a,0x2f,0x4a,"00 00 ff 6a 2f 4a 00 00"
2025-10-25 10:13:00,121.25,0x00,0x00,0xff,0x6a,0x2f,0x5d,"00 00 ff 6a 2f 5d 00 00"
2025-10-25 10:13:00,121.31,0x00,0x00,0xff,0x6a,0x2f,0x63,"00 00 ff 6a 2f 63 00 00"
2025-10-25 10:13:00,121.37,0x00,0x00,0xff,0x6a,0x2f,0x69,"00 00 ff 6a 2f 69 00 00"
2025-10-25 10:13:00,121.5,0x00,0x00,0xff,0x6a,0x2f,0x76,"00 00 ff 6a 2f 76 00 00"
2025-10-25 10:13:00,121.56,0x00,0x00,0xff,0x6a,0x2f,0x7c,"00 00 ff 6a 2f 7c 00 00"
2025-10-25 10:13:00,121.62,0x00,0x00,0xff,0x6a,0x2f,0x82,"00 00 ff 6a 2f 82 00 00"
2025-10-25 10:13:01,121.68,0x00,0x00,0xff,0x6a,0x2f,0x88,"00 00 ff 6a 2f 88 00 00"
2025-10-25 10:13:01,121.75,0x00,0x00,0xff,0x6a,0x2f,0x8f,"00 00 ff 6a 2f 8f 00 00"
2025-10-25 10:13:01,121.81,0x00,0x00,0xff,0x6a,0x2f,0x95,"00 00 ff 6a 2f 95 00 00"
2025-10-25 10:13:01,121.87,0x00,0x00,0xff,0x6a,0x2f,0x9b,"00 00 ff 6a 2f 9b 00 00"
2025-10-25 10:13:01,122,0x00,0x00,0xff,0x6a,0x2f,0xa8,"00 00 ff 6a 2f a8 00 00"
2025-10-25 10:13:01,122,0x00,0x00,0xff,0x6a,0x2f,0xa8,"00 00 ff 6a 2f a8 00 00"
2025-10-25 10:13:01,122.12,0x00,0x00,0xff,0x6a,0x2f,0xb4,"00 00 ff 6a 2f b4 00 00"
2025-10-25 10:13:01,122.18,0x00,0x00,0xff,0x6a,0x2f,0xba,"00 00 ff 6a 2f ba 00 00"
2025-10-25 10:13:01,122.25,0x00,0x00,0xff,0x6a,0x2f,0xc1,"00 00 ff 6a 2f c1 00 00"
2025-10-25 10:13:01,122.31,0x00,0x00,0xff,0x6a,0x2f,0xc7,"00 00 ff 6a 2f c7 00 00"
2025-10-25 10:13:01,122.43,0x00,0x00,0xff,0x6a,0x2f,0xd3,"00 00 ff 6a 2f d3 00 00"
2025-10-25 10:13:01,122.5,0x00,0x00,0xff,0x6a,0x2f,0xda,"00 00 ff 6a 2f da 00 00"
2025-10-25 10:13:01,122.56,0x00,0x00,0xff,0x6a,0x2f,0xe0,"00 00 ff 6a 2f e0 00 00"
2025-10-25 10:13:01,122.68,0x00,0x00,0xff,0x6a,0x2f,0xec,"00 00 ff 6a 2f ec 00 00"
2025-10-25 10:13:01,122.75,0x00,0x00,0xff,0x6a,0x2f,0xf3,"00 00 ff 6a 2f f3 00 00"
2025-10-25 10:13:01,122.81,0x00,0x00,0xff,0x6a,0x2f,0xf9,"00 00 ff 6a 2f f9 00 00"
2025-10-25 10:13:01,122.93,0x00,0x00,0xff,0x6a,0x30,0x05,"00 00 ff 6a 30 05 00 00"
2025-10-25 10:13:01,123,0x00,0x00,0xff,0x6a,0x30,0x0c,"00 00 ff 6a 30 0c 00 00"
2025-10-25 10:13:01,123.12,0x00,0x00,0xff,0x6a,0x30,0x18,"00 00 ff 6a 30 18 00 00"
2025-10-25 10:13:01,123.18,0x00,0x00,0xff,0x6a,0x30,0x1e,"00 00 ff 6a 30 1e 00 00"
2025-10-25 10:13:01,123.31,0x00,0x00,0xff,0x6a,0x30,0x2b,"00 00 ff 6a 30 2b 00 00"
2025-10-25 10:13:01,123.37,0x00,0x00,0xff,0x6a,0x30,0x31,"00 00 ff 6a 30 31 00 00"
2025-10-25 10:13:01,123.43,0x00,0x00,0xff,0x6a,0x30,0x37,"00 00 ff 6a 30 37 00 00"
2025-10-25 10:13:01,123.56,0x00,0x00,0xff,0x6a,0x30,0x44,"00 00 ff 6a 30 44 00 00"
2025-10-25 10:13:01,123.62,0x00,0x00,0xff,0x6a,0x30,0x4a,"00 00 ff 6a 30 4a 00 00"
2025-10-25 10:13:01,123.68,0x00,0x00,0xff,0x6a,0x30,0x50,"00 00 ff 6a 30 50 00 00"
2025-10-25 10:13:01,123.81,0x00,0x00,0xff,0x6a,0x30,0x5d,"00 00 ff 6a 30 5d 00 00"
2025-10-25 10:13:01,123.87,0x00,0x00,0xff,0x6a,0x30,0x63,"00 00 ff 6a 30 63 00 00"
2025-10-25 10:13:01,123.93,0x00,0x00,0xff,0x6a,0x30,0x69,"00 00 ff 6a 30 69 00 00"
2025-10-25 10:13:01,124.06,0x00,0x00,0xff,0x6a,0x30,0x76,"00 00 ff 6a 30 76 00 00"
2025-10-25 10:13:01,124.12,0x00,0x00,0xff,0x6a,0x30,0x7c,"00 00 ff 6a 30 7c 00 00"
2025-10-25 10:13:01,124.18,0x00,0x06,0xff,0x6a,0x30,0x82,"00 06 ff 6a 30 82 00 00"
2025-10-25 10:13:01,124.25,0x00,0x06,0xff,0x6a,0x30,0x89,"00 06 ff 6a 30 89 00 00"
2025-10-25 10:13:01,124.25,0x00,0x06,0xff,0x6a,0x30,0x89,"00 06 ff 6a 30 89 00 00"
2025-10-25 10:13:02,124.31,0x00,0x06,0xff,0x6a,0x30,0x8f,"00 06 ff 6a 30 8f 00 00"
2025-10-25 10:13:02,124.37,0x00,0x06,0xff,0x6a,0x30,0x95,"00 06 ff 6a 30 95 00 00"
2025-10-25 10:13:02,124.37,0x00,0x06,0xff,0x6a,0x30,0x95,"00 06 ff 6a 30 95 00 00"
2025-10-25 10:13:02,124.37,0x00,0x06,0xff,0x6a,0x30,0x95,"00 06 ff 6a 30 95 00 00"
2025-10-25 10:13:02,124.37,0x00,0x06,0xff,0x6a,0x30,0x95,"00 06 ff 6a 30 95 00 00"
2025-10-25 10:13:02,124.31,0x00,0x06,0xff,0x6a,0x30,0x8f,"00 06 ff 6a 30 8f 00 00"
2025-10-25 10:13:02,124.25,0x00,0x06,0xff,0x6a,0x30,0x89,"00 06 ff 6a 30 89 00 00"
2025-10-25 10:13:02,124.18,0x00,0x06,0xff,0x6a,0x30,0x82,"00 06 ff 6a 30 82 00 00"
2025-10-25 10:13:02,123.93,0x00,0x00,0xff,0x6a,0x30,0x69,"00 00 ff 6a 30 69 00 00"
2025-10-25 10:13:02,123.75,0x00,0x00,0xff,0x6a,0x30,0x57,"00 00 ff 6a 30 57 00 00"
2025-10-25 10:13:02,123.62,0x00,0x00,0xff,0x6a,0x30,0x4a,"00 00 ff 6a 30 4a 00 00"
2025-10-25 10:13:02,123.43,0x00,0x06,0xff,0x77,0x30,0x37,"00 06 ff 77 30 37 00 00"
2025-10-25 10:13:02,123.31,0x00,0x06,0xff,0x7d,0x30,0x2b,"00 06 ff 7d 30 2b 00 00"
2025-10-25 10:13:02,123.18,0x00,0x06,0xff,0x7d,0x30,0x1e,"00 06 ff 7d 30 1e 00 00"
2025-10-25 10:13:02,123.06,0x00,0x06,0xff,0x77,0x30,0x12,"00 06 ff 77 30 12 00 00"
2025-10-25 10:13:02,123,0x00,0x06,0xff,0x77,0x30,0x0c,"00 06 ff 77 30 0c 00 00"
2025-10-25 10:13:02,122.81,0x00,0x06,0xff,0x77,0x2f,0xf9,"00 06 ff 77 2f f9 00 00"
2025-10-25 10:13:02,122.68,0x00,0x00,0xff,0x71,0x2f,0xec,"00 00 ff 71 2f ec 00 00"
2025-10-25 10:13:02,122.56,0x00,0x00,0xff,0x71,0x2f,0xe0,"00 00 ff 71 2f e0 00 00"
2025-10-25 10:13:02,122.5,0x00,0x00,0xff,0x71,0x2f,0xda,"00 00 ff 71 2f da 00 00"
2025-10-25 10:13:02,122.37,0x00,0x00,0xff,0x71,0x2f,0xcd,"00 00 ff 71 2f cd 00 00"
2025-10-25 10:13:02,122.31,0x00,0x00,0xff,0x71,0x2f,0xc7,"00 00 ff 71 2f c7 00 00"
2025-10-25 10:13:02,122.18,0x00,0x00,0xff,0x77,0x2f,0xba,"00 00 ff 77 2f ba 00 00"
2025-10-25 10:13:02,122.12,0x00,0x00,0xff,0x77,0x2f,0xb4,"00 00 ff 77 2f b4 00 00"
2025-10-25 10:13:02,122,0x00,0x00,0xff,0x77,0x2f,0xa8,"00 00 ff 77 2f a8 00 00"
2025-10-25 10:13:02,121.87,0x00,0x00,0xff,0x71,0x2f,0x9b,"00 00 ff 71 2f 9b 00 00"
2025-10-25 10:13:02,121.75,0x00,0x00,0xff,0x71,0x2f,0x8f,"00 00 ff 71 2f 8f 00 00"
2025-10-25 10:13:02,121.68,0x00,0x00,0xff,0x71,0x2f,0x88,"00 00 ff 71 2f 88 00 00"
2025-10-25 10:13:02,121.56,0xff,0xfa,0xff,0x71,0x2f,0x7c,"ff fa ff 71 2f 7c 00 00"
2025-10-25 10:13:02,121.5,0xff,0xfa,0xff,0x71,0x2f,0x76,"ff fa ff 71 2f 76 00 00"
2025-10-25 10:13:02,121.37,0xff,0xfa,0xff,0x71,0x2f,0x69,"ff fa ff 71 2f 69 00 00"
2025-10-25 10:13:02,121.25,0xff,0xfa,0xff,0x77,0x2f,0x5d,"ff fa ff 77 2f 5d 00 00"
2025-10-25 10:13:02,121.18,0xff,0xfa,0xff,0x77,0x2f,0x56,"ff fa ff 77 2f 56 00 00"
2025-10-25 10:13:02,121.06,0xff,0xfa,0xff,0x77,0x2f,0x4a,"ff fa ff 77 2f 4a 00 00"
2025-10-25 10:13:03,121,0xff,0xfa,0xff,0x77,0x2f,0x44,"ff fa ff 77 2f 44 00 00"
2025-10-25 10:13:03,120.87,0xff,0xf4,0xff,0x77,0x2f,0x37,"ff f4 ff 77 2f 37 00 00"
2025-10-25 10:13:03,120.75,0xff,0xf4,0xff,0x77,0x2f,0x2b,"ff f4 ff 77 2f 2b 00 00"
2025-10-25 10:13:03,120.62,0xff,0xf4,0xff,0x77,0x2f,0x1e,"ff f4 ff 77 2f 1e 00 00"
2025-10-25 10:13:03,120.56,0xff,0xf4,0xff,0x77,0x2f,0x18,"ff f4 ff 77 2f 18 00 00"
2025-10-25 10:13:03,120.43,0xff,0xf4,0xff,0x77,0x2f,0x0b,"ff f4 ff 77 2f 0b 00 00"
2025-10-25 10:13:03,120.37,0xff,0xf4,0xff,0x77,0x2f,0x05,"ff f4 ff 77 2f 05 00 00"
2025-10-25 10:13:03,120.25,0xff,0xf4,0xff,0x77,0x2e,0xf9,"ff f4 ff 77 2e f9 00 00"
2025-10-25 10:13:03,120.12,0xff,0xf4,0xff,0x77,0x2e,0xec,"ff f4 ff 77 2e ec 00 00"
2025-10-25 10:13:03,120.06,0xff,0xf4,0xff,0x77,0x2e,0xe6,"ff f4 ff 77 2e e6 00 00"
2025-10-25 10:13:03,120,0xff,0xf4,0xff,0x77,0x2e,0xe0,"ff f4 ff 77 2e e0 00 00"
2025-10-25 10:13:03,119.87,0xff,0xf4,0xff,0x77,0x2e,0xd3,"ff f4 ff 77 2e d3 00 00"
2025-10-25 10:13:03,119.75,0xff,0xf4,0xff,0x77,0x2e,0xc7,"ff f4 ff 77 2e c7 00 00"
2025-10-25 10:13:03,119.62,0xff,0xf4,0xff,0x77,0x2e,0xba,"ff f4 ff 77 2e ba 00 00"
2025-10-25 10:13:03,119.56,0xff,0xf4,0xff,0x77,0x2e,0xb4,"ff f4 ff 77 2e b4 00 00"
2025-10-25 10:13:03,119.43,0xff,0xf4,0xff,0x77,0x2e,0xa7,"ff f4 ff 77 2e a7 00 00"
2025-10-25 10:13:03,119.37,0xff,0xee,0xff,0x77,0x2e,0xa1,"ff ee ff 77 2e a1 00 00"
2025-10-25 10:13:03,119.25,0xff,0xee,0xff,0x77,0x2e,0x95,"ff ee ff 77 2e 95 00 00"
2025-10-25 10:13:03,119.12,0xff,0xee,0xff,0x77,0x2e,0x88,"ff ee ff 77 2e 88 00 00"
2025-10-25 10:13:03,119.06,0xff,0xee,0xff,0x77,0x2e,0x82,"ff ee ff 77 2e 82 00 00"
2025-10-25 10:13:03,118.93,0xff,0xee,0xff,0x77,0x2e,0x75,"ff ee ff 77 2e 75 00 00"
2025-10-25 10:13:03,118.87,0xff,0xee,0xff,0x77,0x2e,0x6f,"ff ee ff 77 2e 6f 00 00"
2025-10-25 10:13:03,118.75,0xff,0xee,0xff,0x77,0x2e,0x63,"ff ee ff 77 2e 63 00 00"
2025-10-25 10:13:03,118.68,0xff,0xee,0xff,0x77,0x2e,0x5c,"ff ee ff 77 2e 5c 00 00"
2025-10-25 10:13:03,118.56,0xff,0xee,0xff,0x77,0x2e,0x50,"ff ee ff 77 2e 50 00 00"
2025-10-25 10:13:03,118.5,0xff,0xee,0xff,0x77,0x2e,0x4a,"ff ee ff 77 2e 4a 00 00"
2025-10-25 10:13:03,118.37,0xff,0xee,0xff,0x77,0x2e,0x3d,"ff ee ff 77 2e 3d 00 00"
2025-10-25 10:13:03,118.31,0xff,0xee,0xff,0x77,0x2e,0x37,"ff ee ff 77 2e 37 00 00"
2025-10-25 10:13:03,118.18,0xff,0xee,0xff,0x77,0x2e,0x2a,"ff ee ff 77 2e 2a 00 00"
2025-10-25 10:13:03,118.12,0xff,0xee,0xff,0x77,0x2e,0x24,"ff ee ff 77 2e 24 00 00"
2025-10-25 10:13:03,118,0xff,0xee,0xff,0x77,0x2e,0x18,"ff ee ff 77 2e 18 00 00"
2025-10-25 10:13:03,117.93,0xff,0xee,0xff,0x77,0x2e,0x11,"ff ee ff 77 2e 11 00 00"
2025-10-25 10:13:03,117.81,0xff,0xee,0xff,0x77,0x2e,0x05,"ff ee ff 77 2e 05 00 00"
2025-10-25 10:13:03,117.75,0xff,0xee,0xff,0x77,0x2d,0xff,"ff ee ff 77 2d ff 00 00"
2025-10-25 10:13:04,117.62,0xff,0xee,0xff,0x77,0x2d,0xf2,"ff ee ff 77 2d f2 00 00"
2025-10-25 10:13:04,117.56,0xff,0xee,0xff,0x77,0x2d,0xec,"ff ee ff 77 2d ec 00 00"
2025-10-25 10:13:04,117.43,0xff,0xee,0xff,0x77,0x2d,0xdf,"ff ee ff 77 2d df 00 00"
2025-10-25 10:13:04,117.37,0xff,0xee,0xff,0x77,0x2d,0xd9,"ff ee ff 77 2d d9 00 00"
2025-10-25 10:13:04,117.25,0xff,0xee,0xff,0x77,0x2d,0xcd,"ff ee ff 77 2d cd 00 00"
2025-10-25 10:13:04,117.18,0xff,0xe7,0xff,0x77,0x2d,0xc6,"ff e7 ff 77 2d c6 00 00"
2025-10-25 10:13:04,117.12,0xff,0xe7,0xff,0x77,0x2d,0xc0,"ff e7 ff 77 2d c0 00 00"
2025-10-25 10:13:04,117,0xff,0xe7,0xff,0x77,0x2d,0xb4,"ff e7 ff 77 2d b4 00 00"
2025-10-25 10:13:04,116.93,0xff,0xe7,0xff,0x77,0x2d,0xad,"ff e7 ff 77 2d ad 00 00"
2025-10-25 10:13:04,116.81,0xff,0xe7,0xff,0x77,0x2d,0xa1,"ff e7 ff 77 2d a1 00 00"
2025-10-25 10:13:04,116.75,0xff,0xe7,0xff,0x77,0x2d,0x9b,"ff e7 ff 77 2d 9b 00 00"
2025-10-25 10:13:04,116.62,0xff,0xe7,0xff,0x77,0x2d,0x8e,"ff e7 ff 77 2d 8e 00 00"
2025-10-25 10:13:04,116.56,0xff,0xe7,0xff,0x77,0x2d,0x88,"ff e7 ff 77 2d 88 00 00"
2025-10-25 10:13:04,116.43,0xff,0xe7,0xff,0x77,0x2d,0x7b,"ff e7 ff 77 2d 7b 00 00"
2025-10-25 10:13:04,116.37,0xff,0xe7,0xff,0x77,0x2d,0x75,"ff e7 ff 77 2d 75 00 00"
2025-10-25 10:13:04,116.31,0xff,0xe7,0xff,0x77,0x2d,0x6f,"ff e7 ff 77 2d 6f 00 00"
2025-10-25 10:13:04,116.18,0xff,0xe7,0xff,0x77,0x2d,0x62,"ff e7 ff 77 2d 62 00 00"
2025-10-25 10:13:04,116.12,0xff,0xe7,0xff,0x77,0x2d,0x5c,"ff e7 ff 77 2d 5c 00 00"
2025-10-25 10:13:04,116.06,0xff,0xe7,0xff,0x77,0x2d,0x56,"ff e7 ff 77 2d 56 00 00"
2025-10-25 10:13:04,115.93,0xff,0xe7,0xff,0x77,0x2d,0x49,"ff e7 ff 77 2d 49 00 00"
2025-10-25 10:13:04,115.87,0xff,0xe7,0xff,0x77,0x2d,0x43,"ff e7 ff 77 2d 43 00 00"
2025-10-25 10:13:04,115.81,0xff,0xe7,0xff,0x77,0x2d,0x3d,"ff e7 ff 77 2d 3d 00 00"
2025-10-25 10:13:04,115.75,0xff,0xe7,0xff,0x77,0x2d,0x37,"ff e7 ff 77 2d 37 00 00"
2025-10-25 10:13:04,115.62,0xff,0xe7,0xff,0x77,0x2d,0x2a,"ff e7 ff 77 2d 2a 00 00"
2025-10-25 10:13:04,115.56,0xff,0xe7,0xff,0x77,0x2d,0x24,"ff e7 ff 77 2d 24 00 00"
2025-10-25 10:13:04,115.5,0xff,0xe7,0xff,0x77,0x2d,0x1e,"ff e7 ff 77 2d 1e 00 00"
2025-10-25 10:13:04,115.37,0xff,0xe7,0xff,0x77,0x2d,0x11,"ff e7 ff 77 2d 11 00 00"
2025-10-25 10:13:04,115.31,0xff,0xe7,0xff,0x77,0x2d,0x0b,"ff e7 ff 77 2d 0b 00 00"
2025-10-25 10:13:04,115.18,0xff,0xe7,0xff,0x77,0x2c,0xfe,"ff e7 ff 77 2c fe 00 00"
2025-10-25 10:13:04,115.12,0xff,0xe7,0xff,0x77,0x2c,0xf8,"ff e7 ff 77 2c f8 00 00"
2025-10-25 10:13:04,115.06,0xff,0xe7,0xff,0x77,0x2c,0xf2,"ff e7 ff 77 2c f2 00 00"
2025-10-25 10:13:04,115,0xff,0xe7,0xff,0x77,0x2c,0xec,"ff e7 ff 77 2c ec 00 00"
2025-10-25 10:13:04,114.87,0xff,0xe7,0xff,0x77,0x2c,0xdf,"ff e7 ff 77 2c df 00 00"
2025-10-25 10:13:04,114.81,0xff,0xe7,0xff,0x77,0x2c,0xd9,"ff e7 ff 77 2c d9 00 00"
2025-10-25 10:13:04,114.75,0xff,0xe7,0xff,0x77,0x2c,0xd3,"ff e7 ff 77 2c d3 00 00"
2025-10-25 10:13:05,114.68,0xff,0xe7,0xff,0x77,0x2c,0xcc,"ff e7 ff 77 2c cc 00 00"
2025-10-25 10:13:05,114.62,0xff,0xe1,0xff,0x77,0x2c,0xc6,"ff e1 ff 77 2c c6 00 00"
2025-10-25 10:13:05,114.56,0xff,0xe1,0xff,0x77,0x2c,0xc0,"ff e1 ff 77 2c c0 00 00"
2025-10-25 10:13:05,114.43,0xff,0xe1,0xff,0x77,0x2c,0xb3,"ff e1 ff 77 2c b3 00 00"
2025-10-25 10:13:05,114.37,0xff,0xe1,0xff,0x77,0x2c,0xad,"ff e1 ff 77 2c ad 00 00"
2025-10-25 10:13:05,114.31,0xff,0xe1,0xff,0x77,0x2c,0xa7,"ff e1 ff 77 2c a7 00 00"
2025-10-25 10:13:05,114.25,0xff,0xe1,0xff,0x77,0x2c,0xa1,"ff e1 ff 77 2c a1 00 00"
2025-10-25 10:13:05,114.12,0xff,0xe1,0xff,0x77,0x2c,0x94,"ff e1 ff 77 2c 94 00 00"
2025-10-25 10:13:05,114.06,0xff,0xe1,0xff,0x77,0x2c,0x8e,"ff e1 ff 77 2c 8e 00 00"
2025-10-25 10:13:05,114,0xff,0xe1,0xff,0x77,0x2c,0x88,"ff e1 ff 77 2c 88 00 00"
2025-10-25 10:13:05,113.93,0xff,0xe1,0xff,0x77,0x2c,0x81,"ff e1 ff 77 2c 81 00 00"
2025-10-25 10:13:05,113.87,0xff,0xe1,0xff,0x77,0x2c,0x7b,"ff e1 ff 77 2c 7b 00 00"
2025-10-25 10:13:05,113.81,0xff,0xe1,0xff,0x77,0x2c,0x75,"ff e1 ff 77 2c 75 00 00"
2025-10-25 10:13:05,113.68,0xff,0xe1,0xff,0x77,0x2c,0x68,"ff e1 ff 77 2c 68 00 00"
2025-10-25 10:13:05,113.62,0xff,0xe1,0xff,0x77,0x2c,0x62,"ff e1 ff 77 2c 62 00 00"
2025-10-25 10:13:05,113.56,0xff,0xe1,0xff,0x77,0x2c,0x5c,"ff e1 ff 77 2c 5c 00 00"
2025-10-25 10:13:05,113.5,0xff,0xe1,0xff,0x77,0x2c,0x56,"ff e1 ff 77 2c 56 00 00"
2025-10-25 10:13:05,113.43,0xff,0xe1,0xff,0x77,0x2c,0x4f,"ff e1 ff 77 2c 4f 00 00"
2025-10-25 10:13:05,113.37,0xff,0xe1,0xff,0x77,0x2c,0x49,"ff e1 ff 77 2c 49 00 00"
2025-10-25 10:13:05,113.31,0xff,0xe1,0xff,0x77,0x2c,0x43,"ff e1 ff 77 2c 43 00 00"
2025-10-25 10:13:05,113.25,0xff,0xe1,0xff,0x77,0x2c,0x3d,"ff e1 ff 77 2c 3d 00 00"
2025-10-25 10:13:05,113.12,0xff,0xe1,0xff,0x77,0x2c,0x30,"ff e1 ff 77 2c 30 00 00"
2025-10-25 10:13:05,113.06,0xff,0xe1,0xff,0x77,0x2c,0x2a,"ff e1 ff 77 2c 2a 00 00"
2025-10-25 10:13:05,113,0xff,0xe1,0xff,0x77,0x2c,0x24,"ff e1 ff 77 2c 24 00 00"
2025-10-25 10:13:05,112.93,0xff,0xe1,0xff,0x77,0x2c,0x1d,"ff e1 ff 77 2c 1d 00 00"
2025-10-25 10:13:05,112.87,0xff,0xe1,0xff,0x77,0x2c,0x17,"ff e1 ff 77 2c 17 00 00"
2025-10-25 10:13:05,112.81,0xff,0xe1,0xff,0x77,0x2c,0x11,"ff e1 ff 77 2c 11 00 00"
2025-10-25 10:13:05,112.75,0xff,0xe1,0xff,0x77,0x2c,0x0b,"ff e1 ff 77 2c 0b 00 00"
2025-10-25 10:13:05,112.68,0xff,0xe1,0xff,0x77,0x2c,0x04,"ff e1 ff 77 2c 04 00 00"
2025-10-25 10:13:05,112.62,0xff,0xe1,0xff,0x77,0x2b,0xfe,"ff e1 ff 77 2b fe 00 00"
2025-10-25 10:13:05,112.56,0xff,0xe1,0xff,0x77,0x2b,0xf8,"ff e1 ff 77 2b f8 00 00"
2025-10-25 10:13:05,112.5,0xff,0xe1,0xff,0x77,0x2b,0xf2,"ff e1 ff 77 2b f2 00 00"
2025-10-25 10:13:05,112.43,0xff,0xe1,0xff,0x77,0x2b,0xeb,"ff e1 ff 77 2b eb 00 00"
2025-10-25 10:13:05,112.37,0xff,0xe1,0xff,0x77,0x2b,0xe5,"ff e1 ff 77 2b e5 00 00"
2025-10-25 10:13:06,112.31,0xff,0xe1,0xff,0x77,0x2b,0xdf,"ff e1 ff 77 2b df 00 00"
2025-10-25 10:13:06,112.25,0xff,0xe1,0xff,0x77,0x2b,0xd9,"ff e1 ff 77 2b d9 00 00"
2025-10-25 10:13:06,112.18,0xff,0xe1,0xff,0x77,0x2b,0xd2,"ff e1 ff 77 2b d2 00 00"
2025-10-25 10:13:06,112.12,0xff,0xe1,0xff,0x77,0x2b,0xcc,"ff e1 ff 77 2b cc 00 00"
2025-10-25 10:13:06,112.06,0xff,0xdb,0xff,0x77,0x2b,0xc6,"ff db ff 77 2b c6 00 00"
2025-10-25 10:13:06,112,0xff,0xdb,0xff,0x77,0x2b,0xc0,"ff db ff 77 2b c0 00 00"
2025-10-25 10:13:06,111.93,0xff,0xdb,0xff,0x77,0x2b,0xb9,"ff db ff 77 2b b9 00 00"
2025-10-25 10:13:06,111.87,0xff,0xdb,0xff,0x77,0x2b,0xb3,"ff db ff 77 2b b3 00 00"
2025-10-25 10:13:06,111.81,0xff,0xdb,0xff,0x77,0x2b,0xad,"ff db ff 77 2b ad 00 00"
2025-10-25 10:13:06,111.75,0xff,0xdb,0xff,0x77,0x2b,0xa7,"ff db ff 77 2b a7 00 00"
2025-10-25 10:13:06,111.68,0xff,0xdb,0xff,0x77,0x2b,0xa0,"ff db ff 77 2b a0 00 00"
2025-10-25 10:13:06,111.62,0xff,0xdb,0xff,0x77,0x2b,0x9a,"ff db ff 77 2b 9a 00 00"
2025-10-25 10:13:06,111.56,0xff,0xdb,0xff,0x77,0x2b,0x94,"ff db ff 77 2b 94 00 00"
2025-10-25 10:13:06,111.5,0xff,0xdb,0xff,0x77,0x2b,0x8e,"ff db ff 77 2b 8e 00 00"
2025-10-25 10:13:06,111.43,0xff,0xdb,0xff,0x77,0x2b,0x87,"ff db ff 77 2b 87 00 00"
2025-10-25 10:13:06,111.37,0xff,0xdb,0xff,0x77,0x2b,0x81,"ff db ff 77 2b 81 00 00"
2025-10-25 10:13:06,111.31,0xff,0xdb,0xff,0x77,0x2b,0x7b,"ff db ff 77 2b 7b 00 00"
2025-10-25 10:13:06,111.25,0xff,0xdb,0xff,0x77,0x2b,0x75,"ff db ff 77 2b 75 00 00"
2025-10-25 10:13:06,111.18,0xff,0xdb,0xff,0x77,0x2b,0x6e,"ff db ff 77 2b 6e 00 00"
2025-10-25 10:13:06,111.18,0xff,0xdb,0xff,0x77,0x2b,0x6e,"ff db ff 77 2b 6e 00 00"
2025-10-25 10:13:06,111.12,0xff,0xdb,0xff,0x77,0x2b,0x68,"ff db ff 77 2b 68 00 00"
2025-10-25 10:13:06,111.06,0xff,0xdb,0xff,0x77,0x2b,0x62,"ff db ff 77 2b 62 00 00"
2025-10-25 10:13:06,111,0xff,0xdb,0xff,0x77,0x2b,0x5c,"ff db ff 77 2b 5c 00 00"
2025-10-25 10:13:06,110.93,0xff,0xdb,0xff,0x77,0x2b,0x55,"ff db ff 77 2b 55 00 00"
2025-10-25 10:13:06,110.87,0xff,0xdb,0xff,0x77,0x2b,0x4f,"ff db ff 77 2b 4f 00 00"
2025-10-25 10:13:06,110.87,0xff,0xdb,0xff,0x77,0x2b,0x4f,"ff db ff 77 2b 4f 00 00"
2025-10-25 10:13:06,110.81,0xff,0xdb,0xff,0x77,0x2b,0x49,"ff db ff 77 2b 49 00 00"
2025-10-25 10:13:06,110.75,0xff,0xdb,0xff,0x77,0x2b,0x43,"ff db ff 77 2b 43 00 00"
2025-10-25 10:13:06,110.68,0xff,0xdb,0xff,0x77,0x2b,0x3c,"ff db ff 77 2b 3c 00 00"
2025-10-25 10:13:06,110.62,0xff,0xdb,0xff,0x77,0x2b,0x36,"ff db ff 77 2b 36 00 00"
2025-10-25 10:13:06,110.56,0xff,0xdb,0xff,0x77,0x2b,0x30,"ff db ff 77 2b 30 00 00"
2025-10-25 10:13:06,110.5,0xff,0xdb,0xff,0x7d,0x2b,0x2a,"ff db ff 7d 2b 2a 00 00"
2025-10-25 10:13:06,110.5,0xff,0xdb,0xff,0x7d,0x2b,0x2a,"ff db ff 7d 2b 2a 00 00"
2025-10-25 10:13:06,110.43,0xff,0xdb,0xff,0x7d,0x2b,0x23,"ff db ff 7d 2b 23 00 00"
2025-10-25 10:13:07,110.37,0xff,0xdb,0xff,0x7d,0x2b,0x1d,"ff db ff 7d 2b 1d 00 00"
2025-10-25 10:13:07,110.31,0xff,0xdb,0xff,0x7d,0x2b,0x17,"ff db ff 7d 2b 17 00 00"
2025-10-25 10:13:07,110.31,0xff,0xdb,0xff,0x7d,0x2b,0x17,"ff db ff 7d 2b 17 00 00"
