Timestamp,Yaw_Angle(degrees),Hex_Byte0,Hex_Byte1,Hex_Byte2,Hex_Byte3,Hex_Byte4,Hex_Byte5,Hex_All
2025-10-25 11:18:14,8.85,0xff,0x83,0xff,0x5e,0x03,0x75,"ff 83 ff 5e 03 75 00 00"
2025-10-25 11:18:14,8.82,0xff,0x83,0xff,0x5e,0x03,0x72,"ff 83 ff 5e 03 72 00 00"
2025-10-25 11:18:14,8.79,0xff,0x83,0xff,0x5e,0x03,0x6f,"ff 83 ff 5e 03 6f 00 00"
2025-10-25 11:18:14,8.77,0xff,0x83,0xff,0x64,0x03,0x6d,"ff 83 ff 64 03 6d 00 00"
2025-10-25 11:18:14,8.75,0xff,0x83,0xff,0x64,0x03,0x6b,"ff 83 ff 64 03 6b 00 00"
2025-10-25 11:18:14,8.74,0xff,0x83,0xff,0x64,0x03,0x6a,"ff 83 ff 64 03 6a 00 00"
2025-10-25 11:18:14,8.73,0xff,0x83,0xff,0x6a,0x03,0x69,"ff 83 ff 6a 03 69 00 00"
2025-10-25 11:18:14,8.72,0xff,0x83,0xff,0x71,0x03,0x68,"ff 83 ff 71 03 68 00 00"
2025-10-25 11:18:14,8.71,0xff,0x83,0xff,0x77,0x03,0x67,"ff 83 ff 77 03 67 00 00"
2025-10-25 11:18:14,8.7,0xff,0x83,0xff,0x7d,0x03,0x66,"ff 83 ff 7d 03 66 00 00"
2025-10-25 11:18:14,8.69,0xff,0x83,0xff,0x77,0x03,0x65,"ff 83 ff 77 03 65 00 00"
2025-10-25 11:18:14,8.68,0xff,0x83,0xff,0x77,0x03,0x64,"ff 83 ff 77 03 64 00 00"
2025-10-25 11:18:14,8.68,0xff,0x83,0xff,0x77,0x03,0x64,"ff 83 ff 77 03 64 00 00"
2025-10-25 11:18:14,8.67,0xff,0x83,0xff,0x77,0x03,0x63,"ff 83 ff 77 03 63 00 00"
2025-10-25 11:18:14,8.67,0xff,0x83,0xff,0x77,0x03,0x63,"ff 83 ff 77 03 63 00 00"
2025-10-25 11:18:14,8.66,0xff,0x83,0xff,0x77,0x03,0x62,"ff 83 ff 77 03 62 00 00"
2025-10-25 11:18:14,8.66,0xff,0x83,0xff,0x71,0x03,0x62,"ff 83 ff 71 03 62 00 00"
2025-10-25 11:18:14,8.65,0xff,0x83,0xff,0x71,0x03,0x61,"ff 83 ff 71 03 61 00 00"
2025-10-25 11:18:14,8.65,0xff,0x83,0xff,0x71,0x03,0x61,"ff 83 ff 71 03 61 00 00"
2025-10-25 11:18:14,8.65,0xff,0x83,0xff,0x71,0x03,0x61,"ff 83 ff 71 03 61 00 00"
2025-10-25 11:18:14,8.64,0xff,0x83,0xff,0x71,0x03,0x60,"ff 83 ff 71 03 60 00 00"
2025-10-25 11:18:14,8.64,0xff,0x83,0xff,0x71,0x03,0x60,"ff 83 ff 71 03 60 00 00"
2025-10-25 11:18:14,8.64,0xff,0x83,0xff,0x77,0x03,0x60,"ff 83 ff 77 03 60 00 00"
2025-10-25 11:18:14,8.64,0xff,0x83,0xff,0x77,0x03,0x60,"ff 83 ff 77 03 60 00 00"
2025-10-25 11:18:14,8.64,0xff,0x83,0xff,0x77,0x03,0x60,"ff 83 ff 77 03 60 00 00"
2025-10-25 11:18:14,8.63,0xff,0x83,0xff,0x77,0x03,0x5f,"ff 83 ff 77 03 5f 00 00"
2025-10-25 11:18:14,8.63,0xff,0x83,0xff,0x77,0x03,0x5f,"ff 83 ff 77 03 5f 00 00"
2025-10-25 11:18:14,8.63,0xff,0x83,0xff,0x77,0x03,0x5f,"ff 83 ff 77 03 5f 00 00"
2025-10-25 11:18:14,8.63,0xff,0x83,0xff,0x77,0x03,0x5f,"ff 83 ff 77 03 5f 00 00"
2025-10-25 11:18:14,8.63,0xff,0x83,0xff,0x77,0x03,0x5f,"ff 83 ff 77 03 5f 00 00"
2025-10-25 11:18:14,8.63,0xff,0x83,0xff,0x77,0x03,0x5f,"ff 83 ff 77 03 5f 00 00"
2025-10-25 11:18:14,8.63,0xff,0x83,0xff,0x71,0x03,0x5f,"ff 83 ff 71 03 5f 00 00"
2025-10-25 11:18:14,8.63,0xff,0x83,0xff,0x71,0x03,0x5f,"ff 83 ff 71 03 5f 00 00"
2025-10-25 11:18:14,8.63,0xff,0x83,0xff,0x71,0x03,0x5f,"ff 83 ff 71 03 5f 00 00"
2025-10-25 11:18:14,8.63,0xff,0x83,0xff,0x71,0x03,0x5f,"ff 83 ff 71 03 5f 00 00"
2025-10-25 11:18:14,8.63,0xff,0x83,0xff,0x71,0x03,0x5f,"ff 83 ff 71 03 5f 00 00"
2025-10-25 11:18:14,8.62,0xff,0x83,0xff,0x71,0x03,0x5e,"ff 83 ff 71 03 5e 00 00"
2025-10-25 11:18:15,8.62,0xff,0x83,0xff,0x77,0x03,0x5e,"ff 83 ff 77 03 5e 00 00"
2025-10-25 11:18:15,8.62,0xff,0x83,0xff,0x77,0x03,0x5e,"ff 83 ff 77 03 5e 00 00"
2025-10-25 11:18:15,8.62,0xff,0x83,0xff,0x77,0x03,0x5e,"ff 83 ff 77 03 5e 00 00"
2025-10-25 11:18:15,8.62,0xff,0x83,0xff,0x77,0x03,0x5e,"ff 83 ff 77 03 5e 00 00"
2025-10-25 11:18:15,8.62,0xff,0x83,0xff,0x77,0x03,0x5e,"ff 83 ff 77 03 5e 00 00"
2025-10-25 11:18:15,8.62,0xff,0x83,0xff,0x77,0x03,0x5e,"ff 83 ff 77 03 5e 00 00"
2025-10-25 11:18:15,8.62,0xff,0x83,0xff,0x77,0x03,0x5e,"ff 83 ff 77 03 5e 00 00"
2025-10-25 11:18:15,8.62,0xff,0x83,0xff,0x77,0x03,0x5e,"ff 83 ff 77 03 5e 00 00"
2025-10-25 11:18:15,8.62,0xff,0x83,0xff,0x77,0x03,0x5e,"ff 83 ff 77 03 5e 00 00"
2025-10-25 11:18:15,8.62,0xff,0x83,0xff,0x77,0x03,0x5e,"ff 83 ff 77 03 5e 00 00"
2025-10-25 11:18:15,8.62,0xff,0x83,0xff,0x77,0x03,0x5e,"ff 83 ff 77 03 5e 00 00"
2025-10-25 11:18:15,8.62,0xff,0x83,0xff,0x77,0x03,0x5e,"ff 83 ff 77 03 5e 00 00"
2025-10-25 11:18:15,8.62,0xff,0x83,0xff,0x77,0x03,0x5e,"ff 83 ff 77 03 5e 00 00"
2025-10-25 11:18:15,8.62,0xff,0x83,0xff,0x77,0x03,0x5e,"ff 83 ff 77 03 5e 00 00"
2025-10-25 11:18:15,8.62,0xff,0x83,0xff,0x77,0x03,0x5e,"ff 83 ff 77 03 5e 00 00"
2025-10-25 11:18:15,8.62,0xff,0x83,0xff,0x77,0x03,0x5e,"ff 83 ff 77 03 5e 00 00"
2025-10-25 11:18:15,8.62,0xff,0x83,0xff,0x77,0x03,0x5e,"ff 83 ff 77 03 5e 00 00"
2025-10-25 11:18:15,8.62,0xff,0x83,0xff,0x77,0x03,0x5e,"ff 83 ff 77 03 5e 00 00"
2025-10-25 11:18:15,8.62,0xff,0x83,0xff,0x77,0x03,0x5e,"ff 83 ff 77 03 5e 00 00"
2025-10-25 11:18:15,8.62,0xff,0x83,0xff,0x77,0x03,0x5e,"ff 83 ff 77 03 5e 00 00"
2025-10-25 11:18:15,8.62,0xff,0x83,0xff,0x77,0x03,0x5e,"ff 83 ff 77 03 5e 00 00"
2025-10-25 11:18:15,8.62,0xff,0x7d,0xff,0x77,0x03,0x5e,"ff 7d ff 77 03 5e 00 00"
2025-10-25 11:18:15,8.62,0xff,0x7d,0xff,0x77,0x03,0x5e,"ff 7d ff 77 03 5e 00 00"
2025-10-25 11:18:15,8.63,0xff,0x7d,0xff,0x77,0x03,0x5f,"ff 7d ff 77 03 5f 00 00"
2025-10-25 11:18:15,8.63,0xff,0x7d,0xff,0x77,0x03,0x5f,"ff 7d ff 77 03 5f 00 00"
2025-10-25 11:18:15,8.64,0xff,0x7d,0xff,0x71,0x03,0x60,"ff 7d ff 71 03 60 00 00"
2025-10-25 11:18:15,8.65,0xff,0x7d,0xff,0x71,0x03,0x61,"ff 7d ff 71 03 61 00 00"
2025-10-25 11:18:15,8.66,0xff,0x7d,0xff,0x77,0x03,0x62,"ff 7d ff 77 03 62 00 00"
2025-10-25 11:18:15,8.67,0xff,0x7d,0xff,0x77,0x03,0x63,"ff 7d ff 77 03 63 00 00"
2025-10-25 11:18:15,8.67,0xff,0x7d,0xff,0x77,0x03,0x63,"ff 7d ff 77 03 63 00 00"
2025-10-25 11:18:15,8.68,0xff,0x7d,0xff,0x77,0x03,0x64,"ff 7d ff 77 03 64 00 00"
2025-10-25 11:18:15,8.69,0xff,0x7d,0xff,0x77,0x03,0x65,"ff 7d ff 77 03 65 00 00"
2025-10-25 11:18:15,8.69,0xff,0x7d,0xff,0x77,0x03,0x65,"ff 7d ff 77 03 65 00 00"
2025-10-25 11:18:15,8.7,0xff,0x7d,0xff,0x77,0x03,0x66,"ff 7d ff 77 03 66 00 00"
2025-10-25 11:18:15,8.7,0xff,0x7d,0xff,0x77,0x03,0x66,"ff 7d ff 77 03 66 00 00"
2025-10-25 11:18:15,8.71,0xff,0x7d,0xff,0x77,0x03,0x67,"ff 7d ff 77 03 67 00 00"
2025-10-25 11:18:15,8.71,0xff,0x7d,0xff,0x77,0x03,0x67,"ff 7d ff 77 03 67 00 00"
2025-10-25 11:18:15,8.71,0xff,0x7d,0xff,0x77,0x03,0x67,"ff 7d ff 77 03 67 00 00"
2025-10-25 11:18:15,8.72,0xff,0x7d,0xff,0x77,0x03,0x68,"ff 7d ff 77 03 68 00 00"
2025-10-25 11:18:15,8.72,0xff,0x7d,0xff,0x77,0x03,0x68,"ff 7d ff 77 03 68 00 00"
2025-10-25 11:18:15,8.72,0xff,0x7d,0xff,0x77,0x03,0x68,"ff 7d ff 77 03 68 00 00"
2025-10-25 11:18:15,8.73,0xff,0x7d,0xff,0x77,0x03,0x69,"ff 7d ff 77 03 69 00 00"
2025-10-25 11:18:15,8.73,0xff,0x7d,0xff,0x77,0x03,0x69,"ff 7d ff 77 03 69 00 00"
2025-10-25 11:18:15,8.73,0xff,0x7d,0xff,0x77,0x03,0x69,"ff 7d ff 77 03 69 00 00"
2025-10-25 11:18:15,8.73,0xff,0x7d,0xff,0x77,0x03,0x69,"ff 7d ff 77 03 69 00 00"
2025-10-25 11:18:15,8.73,0xff,0x7d,0xff,0x77,0x03,0x69,"ff 7d ff 77 03 69 00 00"
2025-10-25 11:18:15,8.73,0xff,0x7d,0xff,0x77,0x03,0x69,"ff 7d ff 77 03 69 00 00"
2025-10-25 11:18:15,8.73,0xff,0x7d,0xff,0x77,0x03,0x69,"ff 7d ff 77 03 69 00 00"
2025-10-25 11:18:15,8.74,0xff,0x7d,0xff,0x77,0x03,0x6a,"ff 7d ff 77 03 6a 00 00"
2025-10-25 11:18:16,8.74,0xff,0x7d,0xff,0x77,0x03,0x6a,"ff 7d ff 77 03 6a 00 00"
2025-10-25 11:18:16,8.74,0xff,0x7d,0xff,0x77,0x03,0x6a,"ff 7d ff 77 03 6a 00 00"
2025-10-25 11:18:16,8.74,0xff,0x7d,0xff,0x77,0x03,0x6a,"ff 7d ff 77 03 6a 00 00"
2025-10-25 11:18:16,8.74,0xff,0x7d,0xff,0x77,0x03,0x6a,"ff 7d ff 77 03 6a 00 00"
2025-10-25 11:18:16,8.74,0xff,0x7d,0xff,0x77,0x03,0x6a,"ff 7d ff 77 03 6a 00 00"
2025-10-25 11:18:16,8.74,0xff,0x7d,0xff,0x77,0x03,0x6a,"ff 7d ff 77 03 6a 00 00"
2025-10-25 11:18:16,8.74,0xff,0x7d,0xff,0x77,0x03,0x6a,"ff 7d ff 77 03 6a 00 00"
2025-10-25 11:18:16,8.74,0xff,0x7d,0xff,0x77,0x03,0x6a,"ff 7d ff 77 03 6a 00 00"
2025-10-25 11:18:16,8.74,0xff,0x7d,0xff,0x77,0x03,0x6a,"ff 7d ff 77 03 6a 00 00"
2025-10-25 11:18:16,8.74,0xff,0x7d,0xff,0x77,0x03,0x6a,"ff 7d ff 77 03 6a 00 00"
2025-10-25 11:18:16,8.74,0xff,0x7d,0xff,0x77,0x03,0x6a,"ff 7d ff 77 03 6a 00 00"
2025-10-25 11:18:16,8.74,0xff,0x7d,0xff,0x77,0x03,0x6a,"ff 7d ff 77 03 6a 00 00"
2025-10-25 11:18:16,8.74,0xff,0x7d,0xff,0x77,0x03,0x6a,"ff 7d ff 77 03 6a 00 00"
2025-10-25 11:18:16,8.74,0xff,0x7d,0xff,0x77,0x03,0x6a,"ff 7d ff 77 03 6a 00 00"
2025-10-25 11:18:16,8.74,0xff,0x7d,0xff,0x77,0x03,0x6a,"ff 7d ff 77 03 6a 00 00"
2025-10-25 11:18:16,8.74,0xff,0x7d,0xff,0x77,0x03,0x6a,"ff 7d ff 77 03 6a 00 00"
2025-10-25 11:18:16,8.74,0xff,0x7d,0xff,0x77,0x03,0x6a,"ff 7d ff 77 03 6a 00 00"
2025-10-25 11:18:16,8.74,0xff,0x7d,0xff,0x77,0x03,0x6a,"ff 7d ff 77 03 6a 00 00"
2025-10-25 11:18:16,8.74,0xff,0x7d,0xff,0x77,0x03,0x6a,"ff 7d ff 77 03 6a 00 00"
2025-10-25 11:18:16,8.74,0xff,0x7d,0xff,0x77,0x03,0x6a,"ff 7d ff 77 03 6a 00 00"
2025-10-25 11:18:16,8.74,0xff,0x7d,0xff,0x77,0x03,0x6a,"ff 7d ff 77 03 6a 00 00"
2025-10-25 11:18:16,8.74,0xff,0x7d,0xff,0x77,0x03,0x6a,"ff 7d ff 77 03 6a 00 00"
2025-10-25 11:18:16,8.74,0xff,0x7d,0xff,0x77,0x03,0x6a,"ff 7d ff 77 03 6a 00 00"
2025-10-25 11:18:16,8.74,0xff,0x7d,0xff,0x77,0x03,0x6a,"ff 7d ff 77 03 6a 00 00"
2025-10-25 11:18:16,8.74,0xff,0x7d,0xff,0x77,0x03,0x6a,"ff 7d ff 77 03 6a 00 00"
2025-10-25 11:18:16,8.74,0xff,0x7d,0xff,0x77,0x03,0x6a,"ff 7d ff 77 03 6a 00 00"
2025-10-25 11:18:16,8.74,0xff,0x7d,0xff,0x77,0x03,0x6a,"ff 7d ff 77 03 6a 00 00"
2025-10-25 11:18:16,8.74,0xff,0x7d,0xff,0x77,0x03,0x6a,"ff 7d ff 77 03 6a 00 00"
2025-10-25 11:18:16,8.74,0xff,0x7d,0xff,0x77,0x03,0x6a,"ff 7d ff 77 03 6a 00 00"
2025-10-25 11:18:16,8.74,0xff,0x7d,0xff,0x77,0x03,0x6a,"ff 7d ff 77 03 6a 00 00"
2025-10-25 11:18:16,8.74,0xff,0x7d,0xff,0x77,0x03,0x6a,"ff 7d ff 77 03 6a 00 00"
2025-10-25 11:18:16,8.74,0xff,0x7d,0xff,0x77,0x03,0x6a,"ff 7d ff 77 03 6a 00 00"
2025-10-25 11:18:16,8.74,0xff,0x7d,0xff,0x77,0x03,0x6a,"ff 7d ff 77 03 6a 00 00"
2025-10-25 11:18:16,8.74,0xff,0x7d,0xff,0x77,0x03,0x6a,"ff 7d ff 77 03 6a 00 00"
2025-10-25 11:18:16,8.74,0xff,0x7d,0xff,0x77,0x03,0x6a,"ff 7d ff 77 03 6a 00 00"
2025-10-25 11:18:16,8.74,0xff,0x7d,0xff,0x77,0x03,0x6a,"ff 7d ff 77 03 6a 00 00"
2025-10-25 11:18:16,8.74,0xff,0x7d,0xff,0x77,0x03,0x6a,"ff 7d ff 77 03 6a 00 00"
2025-10-25 11:18:16,8.74,0xff,0x7d,0xff,0x77,0x03,0x6a,"ff 7d ff 77 03 6a 00 00"
2025-10-25 11:18:16,8.74,0xff,0x7d,0xff,0x77,0x03,0x6a,"ff 7d ff 77 03 6a 00 00"
2025-10-25 11:18:16,8.74,0xff,0x7d,0xff,0x77,0x03,0x6a,"ff 7d ff 77 03 6a 00 00"
2025-10-25 11:18:16,8.74,0xff,0x7d,0xff,0x77,0x03,0x6a,"ff 7d ff 77 03 6a 00 00"
2025-10-25 11:18:16,8.74,0xff,0x7d,0xff,0x77,0x03,0x6a,"ff 7d ff 77 03 6a 00 00"
2025-10-25 11:18:16,8.74,0xff,0x7d,0xff,0x77,0x03,0x6a,"ff 7d ff 77 03 6a 00 00"
2025-10-25 11:18:16,8.74,0xff,0x7d,0xff,0x77,0x03,0x6a,"ff 7d ff 77 03 6a 00 00"
2025-10-25 11:18:16,8.74,0xff,0x7d,0xff,0x77,0x03,0x6a,"ff 7d ff 77 03 6a 00 00"
2025-10-25 11:18:16,8.74,0xff,0x7d,0xff,0x77,0x03,0x6a,"ff 7d ff 77 03 6a 00 00"
2025-10-25 11:18:16,8.74,0xff,0x7d,0xff,0x77,0x03,0x6a,"ff 7d ff 77 03 6a 00 00"
2025-10-25 11:18:16,8.74,0xff,0x7d,0xff,0x77,0x03,0x6a,"ff 7d ff 77 03 6a 00 00"
2025-10-25 11:18:16,8.74,0xff,0x7d,0xff,0x77,0x03,0x6a,"ff 7d ff 77 03 6a 00 00"
2025-10-25 11:18:17,8.74,0xff,0x7d,0xff,0x77,0x03,0x6a,"ff 7d ff 77 03 6a 00 00"
2025-10-25 11:18:17,8.74,0xff,0x7d,0xff,0x77,0x03,0x6a,"ff 7d ff 77 03 6a 00 00"
2025-10-25 11:18:17,8.74,0xff,0x7d,0xff,0x77,0x03,0x6a,"ff 7d ff 77 03 6a 00 00"
2025-10-25 11:18:17,8.74,0xff,0x7d,0xff,0x77,0x03,0x6a,"ff 7d ff 77 03 6a 00 00"
2025-10-25 11:18:17,8.74,0xff,0x7d,0xff,0x77,0x03,0x6a,"ff 7d ff 77 03 6a 00 00"
2025-10-25 11:18:17,8.74,0xff,0x7d,0xff,0x77,0x03,0x6a,"ff 7d ff 77 03 6a 00 00"
2025-10-25 11:18:17,8.74,0xff,0x7d,0xff,0x77,0x03,0x6a,"ff 7d ff 77 03 6a 00 00"
2025-10-25 11:18:17,8.74,0xff,0x7d,0xff,0x77,0x03,0x6a,"ff 7d ff 77 03 6a 00 00"
2025-10-25 11:18:17,8.74,0xff,0x7d,0xff,0x77,0x03,0x6a,"ff 7d ff 77 03 6a 00 00"
2025-10-25 11:18:17,8.74,0xff,0x7d,0xff,0x77,0x03,0x6a,"ff 7d ff 77 03 6a 00 00"
2025-10-25 11:18:17,8.74,0xff,0x7d,0xff,0x77,0x03,0x6a,"ff 7d ff 77 03 6a 00 00"
2025-10-25 11:18:17,8.74,0xff,0x7d,0xff,0x77,0x03,0x6a,"ff 7d ff 77 03 6a 00 00"
2025-10-25 11:18:17,8.74,0xff,0x7d,0xff,0x77,0x03,0x6a,"ff 7d ff 77 03 6a 00 00"
2025-10-25 11:18:17,8.74,0xff,0x7d,0xff,0x77,0x03,0x6a,"ff 7d ff 77 03 6a 00 00"
2025-10-25 11:18:17,8.74,0xff,0x7d,0xff,0x77,0x03,0x6a,"ff 7d ff 77 03 6a 00 00"
2025-10-25 11:18:17,8.74,0xff,0x7d,0xff,0x77,0x03,0x6a,"ff 7d ff 77 03 6a 00 00"
2025-10-25 11:18:17,8.74,0xff,0x7d,0xff,0x77,0x03,0x6a,"ff 7d ff 77 03 6a 00 00"
2025-10-25 11:18:17,8.74,0xff,0x7d,0xff,0x77,0x03,0x6a,"ff 7d ff 77 03 6a 00 00"
2025-10-25 11:18:17,8.74,0xff,0x7d,0xff,0x77,0x03,0x6a,"ff 7d ff 77 03 6a 00 00"
2025-10-25 11:18:17,8.74,0xff,0x7d,0xff,0x77,0x03,0x6a,"ff 7d ff 77 03 6a 00 00"
2025-10-25 11:18:17,8.74,0xff,0x7d,0xff,0x77,0x03,0x6a,"ff 7d ff 77 03 6a 00 00"
2025-10-25 11:18:17,8.74,0xff,0x7d,0xff,0x77,0x03,0x6a,"ff 7d ff 77 03 6a 00 00"
2025-10-25 11:18:17,8.74,0xff,0x7d,0xff,0x77,0x03,0x6a,"ff 7d ff 77 03 6a 00 00"
2025-10-25 11:18:17,8.74,0xff,0x7d,0xff,0x77,0x03,0x6a,"ff 7d ff 77 03 6a 00 00"
2025-10-25 11:18:17,8.74,0xff,0x7d,0xff,0x77,0x03,0x6a,"ff 7d ff 77 03 6a 00 00"
2025-10-25 11:18:17,8.74,0xff,0x7d,0xff,0x77,0x03,0x6a,"ff 7d ff 77 03 6a 00 00"
2025-10-25 11:18:17,8.74,0xff,0x7d,0xff,0x77,0x03,0x6a,"ff 7d ff 77 03 6a 00 00"
2025-10-25 11:18:17,8.74,0xff,0x7d,0xff,0x77,0x03,0x6a,"ff 7d ff 77 03 6a 00 00"
2025-10-25 11:18:17,8.74,0xff,0x7d,0xff,0x77,0x03,0x6a,"ff 7d ff 77 03 6a 00 00"
2025-10-25 11:18:17,8.74,0xff,0x7d,0xff,0x77,0x03,0x6a,"ff 7d ff 77 03 6a 00 00"
2025-10-25 11:18:17,8.74,0xff,0x7d,0xff,0x77,0x03,0x6a,"ff 7d ff 77 03 6a 00 00"
2025-10-25 11:18:17,8.74,0xff,0x7d,0xff,0x77,0x03,0x6a,"ff 7d ff 77 03 6a 00 00"
2025-10-25 11:18:17,8.74,0xff,0x7d,0xff,0x77,0x03,0x6a,"ff 7d ff 77 03 6a 00 00"
2025-10-25 11:18:17,8.74,0xff,0x7d,0xff,0x77,0x03,0x6a,"ff 7d ff 77 03 6a 00 00"
2025-10-25 11:18:17,8.74,0xff,0x7d,0xff,0x77,0x03,0x6a,"ff 7d ff 77 03 6a 00 00"
2025-10-25 11:18:17,8.74,0xff,0x7d,0xff,0x77,0x03,0x6a,"ff 7d ff 77 03 6a 00 00"
2025-10-25 11:18:17,8.74,0xff,0x7d,0xff,0x77,0x03,0x6a,"ff 7d ff 77 03 6a 00 00"
2025-10-25 11:18:17,8.74,0xff,0x7d,0xff,0x77,0x03,0x6a,"ff 7d ff 77 03 6a 00 00"
2025-10-25 11:18:17,8.74,0xff,0x7d,0xff,0x77,0x03,0x6a,"ff 7d ff 77 03 6a 00 00"
2025-10-25 11:18:17,8.74,0xff,0x7d,0xff,0x77,0x03,0x6a,"ff 7d ff 77 03 6a 00 00"
2025-10-25 11:18:17,8.74,0xff,0x7d,0xff,0x77,0x03,0x6a,"ff 7d ff 77 03 6a 00 00"
2025-10-25 11:18:17,8.74,0xff,0x7d,0xff,0x77,0x03,0x6a,"ff 7d ff 77 03 6a 00 00"
2025-10-25 11:18:17,8.74,0xff,0x7d,0xff,0x77,0x03,0x6a,"ff 7d ff 77 03 6a 00 00"
2025-10-25 11:18:17,8.74,0xff,0x7d,0xff,0x77,0x03,0x6a,"ff 7d ff 77 03 6a 00 00"
2025-10-25 11:18:17,8.74,0xff,0x7d,0xff,0x77,0x03,0x6a,"ff 7d ff 77 03 6a 00 00"
2025-10-25 11:18:17,8.74,0xff,0x7d,0xff,0x77,0x03,0x6a,"ff 7d ff 77 03 6a 00 00"
2025-10-25 11:18:17,8.74,0xff,0x7d,0xff,0x77,0x03,0x6a,"ff 7d ff 77 03 6a 00 00"
2025-10-25 11:18:17,8.74,0xff,0x7d,0xff,0x77,0x03,0x6a,"ff 7d ff 77 03 6a 00 00"
2025-10-25 11:18:17,8.74,0xff,0x7d,0xff,0x77,0x03,0x6a,"ff 7d ff 77 03 6a 00 00"
2025-10-25 11:18:17,8.74,0xff,0x7d,0xff,0x77,0x03,0x6a,"ff 7d ff 77 03 6a 00 00"
2025-10-25 11:18:18,8.74,0xff,0x7d,0xff,0x77,0x03,0x6a,"ff 7d ff 77 03 6a 00 00"
2025-10-25 11:18:18,8.74,0xff,0x7d,0xff,0x77,0x03,0x6a,"ff 7d ff 77 03 6a 00 00"
2025-10-25 11:18:18,8.74,0xff,0x7d,0xff,0x77,0x03,0x6a,"ff 7d ff 77 03 6a 00 00"
2025-10-25 11:18:18,8.74,0xff,0x7d,0xff,0x77,0x03,0x6a,"ff 7d ff 77 03 6a 00 00"
2025-10-25 11:18:18,8.74,0xff,0x7d,0xff,0x77,0x03,0x6a,"ff 7d ff 77 03 6a 00 00"
2025-10-25 11:18:18,8.74,0xff,0x7d,0xff,0x77,0x03,0x6a,"ff 7d ff 77 03 6a 00 00"
2025-10-25 11:18:18,8.74,0xff,0x7d,0xff,0x77,0x03,0x6a,"ff 7d ff 77 03 6a 00 00"
2025-10-25 11:18:18,8.74,0xff,0x7d,0xff,0x77,0x03,0x6a,"ff 7d ff 77 03 6a 00 00"
2025-10-25 11:18:18,8.74,0xff,0x7d,0xff,0x77,0x03,0x6a,"ff 7d ff 77 03 6a 00 00"
2025-10-25 11:18:18,8.74,0xff,0x7d,0xff,0x77,0x03,0x6a,"ff 7d ff 77 03 6a 00 00"
2025-10-25 11:18:18,8.74,0xff,0x7d,0xff,0x77,0x03,0x6a,"ff 7d ff 77 03 6a 00 00"
2025-10-25 11:18:18,8.74,0xff,0x7d,0xff,0x77,0x03,0x6a,"ff 7d ff 77 03 6a 00 00"
2025-10-25 11:18:18,8.74,0xff,0x7d,0xff,0x77,0x03,0x6a,"ff 7d ff 77 03 6a 00 00"
2025-10-25 11:18:18,8.74,0xff,0x7d,0xff,0x77,0x03,0x6a,"ff 7d ff 77 03 6a 00 00"
2025-10-25 11:18:18,8.74,0xff,0x7d,0xff,0x77,0x03,0x6a,"ff 7d ff 77 03 6a 00 00"
2025-10-25 11:18:18,8.74,0xff,0x7d,0xff,0x77,0x03,0x6a,"ff 7d ff 77 03 6a 00 00"
2025-10-25 11:18:18,8.74,0xff,0x7d,0xff,0x77,0x03,0x6a,"ff 7d ff 77 03 6a 00 00"
2025-10-25 11:18:18,8.74,0xff,0x7d,0xff,0x77,0x03,0x6a,"ff 7d ff 77 03 6a 00 00"
2025-10-25 11:18:18,8.74,0xff,0x7d,0xff,0x77,0x03,0x6a,"ff 7d ff 77 03 6a 00 00"
2025-10-25 11:18:18,8.74,0xff,0x7d,0xff,0x77,0x03,0x6a,"ff 7d ff 77 03 6a 00 00"
2025-10-25 11:18:18,8.74,0xff,0x7d,0xff,0x77,0x03,0x6a,"ff 7d ff 77 03 6a 00 00"
2025-10-25 11:18:18,8.74,0xff,0x7d,0xff,0x77,0x03,0x6a,"ff 7d ff 77 03 6a 00 00"
2025-10-25 11:18:18,8.74,0xff,0x7d,0xff,0x77,0x03,0x6a,"ff 7d ff 77 03 6a 00 00"
2025-10-25 11:18:18,8.74,0xff,0x7d,0xff,0x77,0x03,0x6a,"ff 7d ff 77 03 6a 00 00"
2025-10-25 11:18:18,8.74,0xff,0x7d,0xff,0x77,0x03,0x6a,"ff 7d ff 77 03 6a 00 00"
2025-10-25 11:18:18,8.74,0xff,0x7d,0xff,0x77,0x03,0x6a,"ff 7d ff 77 03 6a 00 00"
2025-10-25 11:18:18,8.74,0xff,0x7d,0xff,0x77,0x03,0x6a,"ff 7d ff 77 03 6a 00 00"
2025-10-25 11:18:18,8.74,0xff,0x7d,0xff,0x77,0x03,0x6a,"ff 7d ff 77 03 6a 00 00"
2025-10-25 11:18:18,8.74,0xff,0x7d,0xff,0x77,0x03,0x6a,"ff 7d ff 77 03 6a 00 00"
2025-10-25 11:18:18,8.74,0xff,0x7d,0xff,0x77,0x03,0x6a,"ff 7d ff 77 03 6a 00 00"
2025-10-25 11:18:18,8.74,0xff,0x7d,0xff,0x77,0x03,0x6a,"ff 7d ff 77 03 6a 00 00"
2025-10-25 11:18:18,8.74,0xff,0x7d,0xff,0x77,0x03,0x6a,"ff 7d ff 77 03 6a 00 00"
2025-10-25 11:18:18,8.74,0xff,0x7d,0xff,0x77,0x03,0x6a,"ff 7d ff 77 03 6a 00 00"
2025-10-25 11:18:18,8.74,0xff,0x7d,0xff,0x77,0x03,0x6a,"ff 7d ff 77 03 6a 00 00"
2025-10-25 11:18:18,8.74,0xff,0x7d,0xff,0x77,0x03,0x6a,"ff 7d ff 77 03 6a 00 00"
2025-10-25 11:18:18,8.74,0xff,0x7d,0xff,0x77,0x03,0x6a,"ff 7d ff 77 03 6a 00 00"
2025-10-25 11:18:18,8.74,0xff,0x7d,0xff,0x77,0x03,0x6a,"ff 7d ff 77 03 6a 00 00"
2025-10-25 11:18:18,8.74,0xff,0x7d,0xff,0x77,0x03,0x6a,"ff 7d ff 77 03 6a 00 00"
2025-10-25 11:18:18,8.74,0xff,0x7d,0xff,0x77,0x03,0x6a,"ff 7d ff 77 03 6a 00 00"
2025-10-25 11:18:18,8.74,0xff,0x7d,0xff,0x77,0x03,0x6a,"ff 7d ff 77 03 6a 00 00"
2025-10-25 11:18:18,8.74,0xff,0x7d,0xff,0x77,0x03,0x6a,"ff 7d ff 77 03 6a 00 00"
2025-10-25 11:18:18,8.74,0xff,0x7d,0xff,0x77,0x03,0x6a,"ff 7d ff 77 03 6a 00 00"
2025-10-25 11:18:18,8.74,0xff,0x7d,0xff,0x77,0x03,0x6a,"ff 7d ff 77 03 6a 00 00"
2025-10-25 11:18:18,8.74,0xff,0x7d,0xff,0x77,0x03,0x6a,"ff 7d ff 77 03 6a 00 00"
2025-10-25 11:18:18,8.74,0xff,0x7d,0xff,0x77,0x03,0x6a,"ff 7d ff 77 03 6a 00 00"
2025-10-25 11:18:18,8.74,0xff,0x7d,0xff,0x77,0x03,0x6a,"ff 7d ff 77 03 6a 00 00"
2025-10-25 11:18:18,8.74,0xff,0x7d,0xff,0x77,0x03,0x6a,"ff 7d ff 77 03 6a 00 00"
2025-10-25 11:18:18,8.74,0xff,0x7d,0xff,0x77,0x03,0x6a,"ff 7d ff 77 03 6a 00 00"
2025-10-25 11:18:18,8.74,0xff,0x7d,0xff,0x77,0x03,0x6a,"ff 7d ff 77 03 6a 00 00"
2025-10-25 11:18:18,8.74,0xff,0x7d,0xff,0x77,0x03,0x6a,"ff 7d ff 77 03 6a 00 00"
2025-10-25 11:18:19,8.74,0xff,0x7d,0xff,0x77,0x03,0x6a,"ff 7d ff 77 03 6a 00 00"
2025-10-25 11:18:19,8.74,0xff,0x7d,0xff,0x77,0x03,0x6a,"ff 7d ff 77 03 6a 00 00"
2025-10-25 11:18:19,8.74,0xff,0x7d,0xff,0x77,0x03,0x6a,"ff 7d ff 77 03 6a 00 00"
2025-10-25 11:18:19,8.74,0xff,0x7d,0xff,0x77,0x03,0x6a,"ff 7d ff 77 03 6a 00 00"
2025-10-25 11:18:19,8.74,0xff,0x7d,0xff,0x77,0x03,0x6a,"ff 7d ff 77 03 6a 00 00"
2025-10-25 11:18:19,8.74,0xff,0x7d,0xff,0x77,0x03,0x6a,"ff 7d ff 77 03 6a 00 00"
2025-10-25 11:18:19,8.74,0xff,0x7d,0xff,0x77,0x03,0x6a,"ff 7d ff 77 03 6a 00 00"
2025-10-25 11:18:19,8.74,0xff,0x7d,0xff,0x77,0x03,0x6a,"ff 7d ff 77 03 6a 00 00"
2025-10-25 11:18:19,8.74,0xff,0x7d,0xff,0x77,0x03,0x6a,"ff 7d ff 77 03 6a 00 00"
2025-10-25 11:18:19,8.74,0xff,0x7d,0xff,0x77,0x03,0x6a,"ff 7d ff 77 03 6a 00 00"
2025-10-25 11:18:19,8.74,0xff,0x7d,0xff,0x77,0x03,0x6a,"ff 7d ff 77 03 6a 00 00"
2025-10-25 11:18:19,8.74,0xff,0x7d,0xff,0x77,0x03,0x6a,"ff 7d ff 77 03 6a 00 00"
2025-10-25 11:18:19,8.74,0xff,0x7d,0xff,0x77,0x03,0x6a,"ff 7d ff 77 03 6a 00 00"
2025-10-25 11:18:19,8.74,0xff,0x7d,0xff,0x77,0x03,0x6a,"ff 7d ff 77 03 6a 00 00"
2025-10-25 11:18:19,8.74,0xff,0x7d,0xff,0x77,0x03,0x6a,"ff 7d ff 77 03 6a 00 00"
2025-10-25 11:18:19,8.74,0xff,0x7d,0xff,0x77,0x03,0x6a,"ff 7d ff 77 03 6a 00 00"
2025-10-25 11:18:19,8.74,0xff,0x7d,0xff,0x77,0x03,0x6a,"ff 7d ff 77 03 6a 00 00"
2025-10-25 11:18:19,8.74,0xff,0x7d,0xff,0x77,0x03,0x6a,"ff 7d ff 77 03 6a 00 00"
2025-10-25 11:18:19,8.74,0xff,0x7d,0xff,0x77,0x03,0x6a,"ff 7d ff 77 03 6a 00 00"
2025-10-25 11:18:19,8.74,0xff,0x7d,0xff,0x77,0x03,0x6a,"ff 7d ff 77 03 6a 00 00"
2025-10-25 11:18:19,8.74,0xff,0x7d,0xff,0x77,0x03,0x6a,"ff 7d ff 77 03 6a 00 00"
2025-10-25 11:18:19,8.74,0xff,0x7d,0xff,0x77,0x03,0x6a,"ff 7d ff 77 03 6a 00 00"
2025-10-25 11:18:19,8.74,0xff,0x7d,0xff,0x77,0x03,0x6a,"ff 7d ff 77 03 6a 00 00"
2025-10-25 11:18:19,8.74,0xff,0x7d,0xff,0x77,0x03,0x6a,"ff 7d ff 77 03 6a 00 00"
2025-10-25 11:18:19,8.74,0xff,0x7d,0xff,0x77,0x03,0x6a,"ff 7d ff 77 03 6a 00 00"
2025-10-25 11:18:19,8.74,0xff,0x7d,0xff,0x77,0x03,0x6a,"ff 7d ff 77 03 6a 00 00"
2025-10-25 11:18:19,8.74,0xff,0x7d,0xff,0x77,0x03,0x6a,"ff 7d ff 77 03 6a 00 00"
2025-10-25 11:18:19,8.74,0xff,0x7d,0xff,0x77,0x03,0x6a,"ff 7d ff 77 03 6a 00 00"
2025-10-25 11:18:19,8.74,0xff,0x7d,0xff,0x77,0x03,0x6a,"ff 7d ff 77 03 6a 00 00"
2025-10-25 11:18:19,8.74,0xff,0x7d,0xff,0x77,0x03,0x6a,"ff 7d ff 77 03 6a 00 00"
2025-10-25 11:18:19,8.74,0xff,0x7d,0xff,0x77,0x03,0x6a,"ff 7d ff 77 03 6a 00 00"
2025-10-25 11:18:19,8.74,0xff,0x7d,0xff,0x77,0x03,0x6a,"ff 7d ff 77 03 6a 00 00"
2025-10-25 11:18:19,8.74,0xff,0x7d,0xff,0x77,0x03,0x6a,"ff 7d ff 77 03 6a 00 00"
2025-10-25 11:18:19,8.74,0xff,0x7d,0xff,0x77,0x03,0x6a,"ff 7d ff 77 03 6a 00 00"
2025-10-25 11:18:19,8.74,0xff,0x7d,0xff,0x77,0x03,0x6a,"ff 7d ff 77 03 6a 00 00"
2025-10-25 11:18:19,8.74,0xff,0x7d,0xff,0x77,0x03,0x6a,"ff 7d ff 77 03 6a 00 00"
2025-10-25 11:18:19,8.74,0xff,0x7d,0xff,0x77,0x03,0x6a,"ff 7d ff 77 03 6a 00 00"
2025-10-25 11:18:19,8.74,0xff,0x7d,0xff,0x77,0x03,0x6a,"ff 7d ff 77 03 6a 00 00"
2025-10-25 11:18:19,8.74,0xff,0x7d,0xff,0x77,0x03,0x6a,"ff 7d ff 77 03 6a 00 00"
2025-10-25 11:18:19,8.74,0xff,0x7d,0xff,0x77,0x03,0x6a,"ff 7d ff 77 03 6a 00 00"
2025-10-25 11:18:19,8.74,0xff,0x7d,0xff,0x77,0x03,0x6a,"ff 7d ff 77 03 6a 00 00"
2025-10-25 11:18:19,8.74,0xff,0x7d,0xff,0x77,0x03,0x6a,"ff 7d ff 77 03 6a 00 00"
2025-10-25 11:18:19,8.74,0xff,0x7d,0xff,0x77,0x03,0x6a,"ff 7d ff 77 03 6a 00 00"
2025-10-25 11:18:19,8.74,0xff,0x7d,0xff,0x77,0x03,0x6a,"ff 7d ff 77 03 6a 00 00"
2025-10-25 11:18:19,8.74,0xff,0x7d,0xff,0x77,0x03,0x6a,"ff 7d ff 77 03 6a 00 00"
2025-10-25 11:18:19,8.74,0xff,0x7d,0xff,0x77,0x03,0x6a,"ff 7d ff 77 03 6a 00 00"
2025-10-25 11:18:19,8.74,0xff,0x7d,0xff,0x77,0x03,0x6a,"ff 7d ff 77 03 6a 00 00"
2025-10-25 11:18:19,8.74,0xff,0x7d,0xff,0x77,0x03,0x6a,"ff 7d ff 77 03 6a 00 00"
2025-10-25 11:18:19,8.74,0xff,0x7d,0xff,0x77,0x03,0x6a,"ff 7d ff 77 03 6a 00 00"
2025-10-25 11:18:20,8.74,0xff,0x7d,0xff,0x77,0x03,0x6a,"ff 7d ff 77 03 6a 00 00"
2025-10-25 11:18:20,8.74,0xff,0x7d,0xff,0x77,0x03,0x6a,"ff 7d ff 77 03 6a 00 00"
2025-10-25 11:18:20,8.74,0xff,0x7d,0xff,0x77,0x03,0x6a,"ff 7d ff 77 03 6a 00 00"
2025-10-25 11:18:20,8.74,0xff,0x7d,0xff,0x77,0x03,0x6a,"ff 7d ff 77 03 6a 00 00"
2025-10-25 11:18:20,8.74,0xff,0x7d,0xff,0x77,0x03,0x6a,"ff 7d ff 77 03 6a 00 00"
2025-10-25 11:18:20,8.74,0xff,0x7d,0xff,0x77,0x03,0x6a,"ff 7d ff 77 03 6a 00 00"
2025-10-25 11:18:20,8.74,0xff,0x7d,0xff,0x77,0x03,0x6a,"ff 7d ff 77 03 6a 00 00"
2025-10-25 11:18:20,8.74,0xff,0x7d,0xff,0x77,0x03,0x6a,"ff 7d ff 77 03 6a 00 00"
2025-10-25 11:18:20,8.74,0xff,0x7d,0xff,0x77,0x03,0x6a,"ff 7d ff 77 03 6a 00 00"
2025-10-25 11:18:20,8.74,0xff,0x7d,0xff,0x77,0x03,0x6a,"ff 7d ff 77 03 6a 00 00"
2025-10-25 11:18:20,8.74,0xff,0x7d,0xff,0x77,0x03,0x6a,"ff 7d ff 77 03 6a 00 00"
2025-10-25 11:18:20,8.74,0xff,0x7d,0xff,0x77,0x03,0x6a,"ff 7d ff 77 03 6a 00 00"
2025-10-25 11:18:20,8.74,0xff,0x7d,0xff,0x77,0x03,0x6a,"ff 7d ff 77 03 6a 00 00"
2025-10-25 11:18:20,8.74,0xff,0x7d,0xff,0x77,0x03,0x6a,"ff 7d ff 77 03 6a 00 00"
2025-10-25 11:18:20,8.74,0xff,0x7d,0xff,0x77,0x03,0x6a,"ff 7d ff 77 03 6a 00 00"
2025-10-25 11:18:20,8.74,0xff,0x7d,0xff,0x77,0x03,0x6a,"ff 7d ff 77 03 6a 00 00"
2025-10-25 11:18:20,8.74,0xff,0x7d,0xff,0x77,0x03,0x6a,"ff 7d ff 77 03 6a 00 00"
2025-10-25 11:18:20,8.74,0xff,0x7d,0xff,0x77,0x03,0x6a,"ff 7d ff 77 03 6a 00 00"
2025-10-25 11:18:20,8.74,0xff,0x7d,0xff,0x77,0x03,0x6a,"ff 7d ff 77 03 6a 00 00"
2025-10-25 11:18:20,8.74,0xff,0x7d,0xff,0x77,0x03,0x6a,"ff 7d ff 77 03 6a 00 00"
2025-10-25 11:18:20,8.74,0xff,0x7d,0xff,0x77,0x03,0x6a,"ff 7d ff 77 03 6a 00 00"
2025-10-25 11:18:20,8.74,0xff,0x7d,0xff,0x77,0x03,0x6a,"ff 7d ff 77 03 6a 00 00"
2025-10-25 11:18:20,8.73,0xff,0x7d,0xff,0x77,0x03,0x69,"ff 7d ff 77 03 69 00 00"
2025-10-25 11:18:20,8.73,0xff,0x7d,0xff,0x77,0x03,0x69,"ff 7d ff 77 03 69 00 00"
2025-10-25 11:18:20,8.72,0xff,0x7d,0xff,0x77,0x03,0x68,"ff 7d ff 77 03 68 00 00"
2025-10-25 11:18:20,8.72,0xff,0x7d,0xff,0x77,0x03,0x68,"ff 7d ff 77 03 68 00 00"
2025-10-25 11:18:20,8.72,0xff,0x7d,0xff,0x77,0x03,0x68,"ff 7d ff 77 03 68 00 00"
2025-10-25 11:18:20,8.71,0xff,0x7d,0xff,0x77,0x03,0x67,"ff 7d ff 77 03 67 00 00"
2025-10-25 11:18:20,8.7,0xff,0x7d,0xff,0x77,0x03,0x66,"ff 7d ff 77 03 66 00 00"
2025-10-25 11:18:20,8.68,0xff,0x7d,0xff,0x77,0x03,0x64,"ff 7d ff 77 03 64 00 00"
2025-10-25 11:18:20,8.66,0xff,0x7d,0xff,0x77,0x03,0x62,"ff 7d ff 77 03 62 00 00"
2025-10-25 11:18:20,8.64,0xff,0x77,0xff,0x71,0x03,0x60,"ff 77 ff 71 03 60 00 00"
2025-10-25 11:18:20,8.6,0xff,0x77,0xff,0x77,0x03,0x5c,"ff 77 ff 77 03 5c 00 00"
2025-10-25 11:18:20,8.56,0xff,0x77,0xff,0x77,0x03,0x58,"ff 77 ff 77 03 58 00 00"
2025-10-25 11:18:20,8.52,0xff,0x77,0xff,0x7d,0x03,0x54,"ff 77 ff 7d 03 54 00 00"
2025-10-25 11:18:20,8.47,0xff,0x77,0xff,0x7d,0x03,0x4f,"ff 77 ff 7d 03 4f 00 00"
2025-10-25 11:18:20,8.42,0xff,0x77,0xff,0x7d,0x03,0x4a,"ff 77 ff 7d 03 4a 00 00"
2025-10-25 11:18:20,8.37,0xff,0x7d,0xff,0x83,0x03,0x45,"ff 7d ff 83 03 45 00 00"
2025-10-25 11:18:20,8.33,0xff,0x7d,0xff,0x8a,0x03,0x41,"ff 7d ff 8a 03 41 00 00"
2025-10-25 11:18:20,8.28,0xff,0x7d,0xff,0x8a,0x03,0x3c,"ff 7d ff 8a 03 3c 00 00"
2025-10-25 11:18:20,8.24,0xff,0x7d,0xff,0x8a,0x03,0x38,"ff 7d ff 8a 03 38 00 00"
2025-10-25 11:18:20,8.19,0xff,0x7d,0xff,0x8a,0x03,0x33,"ff 7d ff 8a 03 33 00 00"
2025-10-25 11:18:20,8.14,0xff,0x7d,0xff,0x8a,0x03,0x2e,"ff 7d ff 8a 03 2e 00 00"
2025-10-25 11:18:20,8.08,0xff,0x7d,0xff,0x8a,0x03,0x28,"ff 7d ff 8a 03 28 00 00"
2025-10-25 11:18:20,8.03,0xff,0x7d,0xff,0x8a,0x03,0x23,"ff 7d ff 8a 03 23 00 00"
2025-10-25 11:18:20,7.96,0xff,0x7d,0xff,0x8a,0x03,0x1c,"ff 7d ff 8a 03 1c 00 00"
2025-10-25 11:18:20,7.89,0xff,0x7d,0xff,0x8a,0x03,0x15,"ff 7d ff 8a 03 15 00 00"
2025-10-25 11:18:20,7.78,0xff,0x7d,0xff,0x90,0x03,0x0a,"ff 7d ff 90 03 0a 00 00"
2025-10-25 11:18:20,7.73,0xff,0x7d,0xff,0x90,0x03,0x05,"ff 7d ff 90 03 05 00 00"
2025-10-25 11:18:20,7.64,0xff,0x7d,0xff,0x90,0x02,0xfc,"ff 7d ff 90 02 fc 00 00"
2025-10-25 11:18:21,7.55,0xff,0x77,0xff,0x90,0x02,0xf3,"ff 77 ff 90 02 f3 00 00"
2025-10-25 11:18:21,7.46,0xff,0x77,0xff,0x90,0x02,0xea,"ff 77 ff 90 02 ea 00 00"
2025-10-25 11:18:21,7.37,0xff,0x77,0xff,0x90,0x02,0xe1,"ff 77 ff 90 02 e1 00 00"
2025-10-25 11:18:21,7.28,0xff,0x77,0xff,0x90,0x02,0xd8,"ff 77 ff 90 02 d8 00 00"
2025-10-25 11:18:21,7.19,0xff,0x77,0xff,0x8a,0x02,0xcf,"ff 77 ff 8a 02 cf 00 00"
2025-10-25 11:18:21,7.09,0xff,0x7d,0xff,0x8a,0x02,0xc5,"ff 7d ff 8a 02 c5 00 00"
2025-10-25 11:18:21,7,0xff,0x7d,0xff,0x8a,0x02,0xbc,"ff 7d ff 8a 02 bc 00 00"
2025-10-25 11:18:21,6.91,0xff,0x7d,0xff,0x8a,0x02,0xb3,"ff 7d ff 8a 02 b3 00 00"
2025-10-25 11:18:21,6.81,0xff,0x7d,0xff,0x8a,0x02,0xa9,"ff 7d ff 8a 02 a9 00 00"
2025-10-25 11:18:21,6.71,0xff,0x7d,0xff,0x90,0x02,0x9f,"ff 7d ff 90 02 9f 00 00"
2025-10-25 11:18:21,6.61,0xff,0x7d,0xff,0x90,0x02,0x95,"ff 7d ff 90 02 95 00 00"
2025-10-25 11:18:21,6.5,0xff,0x7d,0xff,0x90,0x02,0x8a,"ff 7d ff 90 02 8a 00 00"
2025-10-25 11:18:21,6.39,0xff,0x7d,0xff,0x96,0x02,0x7f,"ff 7d ff 96 02 7f 00 00"
2025-10-25 11:18:21,6.27,0xff,0x77,0xff,0x96,0x02,0x73,"ff 77 ff 96 02 73 00 00"
2025-10-25 11:18:21,6.16,0xff,0x77,0xff,0x96,0x02,0x68,"ff 77 ff 96 02 68 00 00"
2025-10-25 11:18:21,6.05,0xff,0x77,0xff,0x96,0x02,0x5d,"ff 77 ff 96 02 5d 00 00"
2025-10-25 11:18:21,5.93,0xff,0x77,0xff,0x9c,0x02,0x51,"ff 77 ff 9c 02 51 00 00"
2025-10-25 11:18:21,5.81,0xff,0x71,0xff,0xa3,0x02,0x45,"ff 71 ff a3 02 45 00 00"
2025-10-25 11:18:21,5.69,0xff,0x71,0xff,0xa3,0x02,0x39,"ff 71 ff a3 02 39 00 00"
2025-10-25 11:18:21,5.55,0xff,0x71,0xff,0xa3,0x02,0x2b,"ff 71 ff a3 02 2b 00 00"
2025-10-25 11:18:21,5.41,0xff,0x71,0xff,0xa3,0x02,0x1d,"ff 71 ff a3 02 1d 00 00"
2025-10-25 11:18:21,5.26,0xff,0x71,0xff,0xa3,0x02,0x0e,"ff 71 ff a3 02 0e 00 00"
2025-10-25 11:18:21,5.11,0xff,0x71,0xff,0xa3,0x01,0xff,"ff 71 ff a3 01 ff 00 00"
2025-10-25 11:18:21,4.96,0xff,0x77,0xff,0xa3,0x01,0xf0,"ff 77 ff a3 01 f0 00 00"
2025-10-25 11:18:21,4.8,0xff,0x77,0xff,0xa3,0x01,0xe0,"ff 77 ff a3 01 e0 00 00"
2025-10-25 11:18:21,4.63,0xff,0x77,0xff,0xa3,0x01,0xcf,"ff 77 ff a3 01 cf 00 00"
2025-10-25 11:18:21,4.46,0xff,0x77,0xff,0xa3,0x01,0xbe,"ff 77 ff a3 01 be 00 00"
2025-10-25 11:18:21,4.26,0xff,0x77,0xff,0xa3,0x01,0xaa,"ff 77 ff a3 01 aa 00 00"
2025-10-25 11:18:21,4.06,0xff,0x77,0xff,0xa9,0x01,0x96,"ff 77 ff a9 01 96 00 00"
2025-10-25 11:18:21,3.86,0xff,0x77,0xff,0xa9,0x01,0x82,"ff 77 ff a9 01 82 00 00"
2025-10-25 11:18:21,3.66,0xff,0x71,0xff,0xa9,0x01,0x6e,"ff 71 ff a9 01 6e 00 00"
2025-10-25 11:18:21,3.45,0xff,0x77,0xff,0xa9,0x01,0x59,"ff 77 ff a9 01 59 00 00"
2025-10-25 11:18:21,3.23,0xff,0x77,0xff,0xa9,0x01,0x43,"ff 77 ff a9 01 43 00 00"
2025-10-25 11:18:21,3.01,0xff,0x77,0xff,0xa9,0x01,0x2d,"ff 77 ff a9 01 2d 00 00"
2025-10-25 11:18:21,2.77,0xff,0x77,0xff,0xa9,0x01,0x15,"ff 77 ff a9 01 15 00 00"
2025-10-25 11:18:21,2.51,0xff,0x7d,0xff,0xa3,0x00,0xfb,"ff 7d ff a3 00 fb 00 00"
2025-10-25 11:18:21,2.27,0xff,0x7d,0xff,0xa3,0x00,0xe3,"ff 7d ff a3 00 e3 00 00"
2025-10-25 11:18:21,2.02,0xff,0x7d,0xff,0xa3,0x00,0xca,"ff 7d ff a3 00 ca 00 00"
2025-10-25 11:18:21,1.76,0xff,0x7d,0xff,0xa9,0x00,0xb0,"ff 7d ff a9 00 b0 00 00"
2025-10-25 11:18:21,1.49,0xff,0x7d,0xff,0xa9,0x00,0x95,"ff 7d ff a9 00 95 00 00"
2025-10-25 11:18:21,1.19,0xff,0x77,0xff,0xa9,0x00,0x77,"ff 77 ff a9 00 77 00 00"
2025-10-25 11:18:21,0.89,0xff,0x77,0xff,0xb5,0x00,0x59,"ff 77 ff b5 00 59 00 00"
2025-10-25 11:18:21,0.58,0xff,0x71,0xff,0xbc,0x00,0x3a,"ff 71 ff bc 00 3a 00 00"
2025-10-25 11:18:21,0.27,0xff,0x6a,0xff,0xc2,0x00,0x1b,"ff 6a ff c2 00 1b 00 00"
2025-10-25 11:18:21,-0.0400085,0xff,0x6a,0xff,0xc2,0x8c,0x9c,"ff 6a ff c2 8c 9c 00 00"
2025-10-25 11:18:21,-0.369995,0xff,0x6a,0xff,0xc2,0x8c,0x7b,"ff 6a ff c2 8c 7b 00 00"
2025-10-25 11:18:21,-0.670013,0xff,0x6a,0xff,0xc2,0x8c,0x5d,"ff 6a ff c2 8c 5d 00 00"
2025-10-25 11:18:21,-0.980011,0xff,0x6a,0xff,0xc2,0x8c,0x3e,"ff 6a ff c2 8c 3e 00 00"
2025-10-25 11:18:21,-1.29001,0xff,0x6a,0xff,0xc2,0x8c,0x1f,"ff 6a ff c2 8c 1f 00 00"
2025-10-25 11:18:21,-1.60999,0xff,0x71,0xff,0xb5,0x8b,0xff,"ff 71 ff b5 8b ff 00 00"
2025-10-25 11:18:21,-1.94,0xff,0x71,0xff,0xb5,0x8b,0xde,"ff 71 ff b5 8b de 00 00"
2025-10-25 11:18:22,-2.26999,0xff,0x71,0xff,0xb5,0x8b,0xbd,"ff 71 ff b5 8b bd 00 00"
2025-10-25 11:18:22,-2.60999,0xff,0x71,0xff,0xb5,0x8b,0x9b,"ff 71 ff b5 8b 9b 00 00"
2025-10-25 11:18:22,-2.95999,0xff,0x71,0xff,0xbc,0x8b,0x78,"ff 71 ff bc 8b 78 00 00"
2025-10-25 11:18:22,-3.31,0xff,0x71,0xff,0xbc,0x8b,0x55,"ff 71 ff bc 8b 55 00 00"
2025-10-25 11:18:22,-3.66,0xff,0x6a,0xff,0xbc,0x8b,0x32,"ff 6a ff bc 8b 32 00 00"
2025-10-25 11:18:22,-4.01001,0xff,0x6a,0xff,0xbc,0x8b,0x0f,"ff 6a ff bc 8b 0f 00 00"
2025-10-25 11:18:22,-4.35999,0xff,0x6a,0xff,0xbc,0x8a,0xec,"ff 6a ff bc 8a ec 00 00"
2025-10-25 11:18:22,-4.70999,0xff,0x6a,0xff,0xbc,0x8a,0xc9,"ff 6a ff bc 8a c9 00 00"
2025-10-25 11:18:22,-5.04999,0xff,0x6a,0xff,0xbc,0x8a,0xa7,"ff 6a ff bc 8a a7 00 00"
2025-10-25 11:18:22,-5.38,0xff,0x6a,0xff,0xbc,0x8a,0x86,"ff 6a ff bc 8a 86 00 00"
2025-10-25 11:18:22,-5.72,0xff,0x6a,0xff,0xbc,0x8a,0x64,"ff 6a ff bc 8a 64 00 00"
2025-10-25 11:18:22,-6.07001,0xff,0x6a,0xff,0xbc,0x8a,0x41,"ff 6a ff bc 8a 41 00 00"
2025-10-25 11:18:22,-6.41,0xff,0x6a,0xff,0xb5,0x8a,0x1f,"ff 6a ff b5 8a 1f 00 00"
2025-10-25 11:18:22,-6.76001,0xff,0x6a,0xff,0xb5,0x89,0xfc,"ff 6a ff b5 89 fc 00 00"
2025-10-25 11:18:22,-7.10999,0xff,0x64,0xff,0xb5,0x89,0xd9,"ff 64 ff b5 89 d9 00 00"
2025-10-25 11:18:22,-7.45999,0xff,0x64,0xff,0xb5,0x89,0xb6,"ff 64 ff b5 89 b6 00 00"
2025-10-25 11:18:22,-7.79999,0xff,0x64,0xff,0xbc,0x89,0x94,"ff 64 ff bc 89 94 00 00"
2025-10-25 11:18:22,-8.14001,0xff,0x64,0xff,0xbc,0x89,0x72,"ff 64 ff bc 89 72 00 00"
2025-10-25 11:18:22,-8.47,0xff,0x64,0xff,0xbc,0x89,0x51,"ff 64 ff bc 89 51 00 00"
2025-10-25 11:18:22,-8.81,0xff,0x64,0xff,0xc2,0x89,0x2f,"ff 64 ff c2 89 2f 00 00"
2025-10-25 11:18:22,-9.17999,0xff,0x64,0xff,0xc2,0x89,0x0a,"ff 64 ff c2 89 0a 00 00"
2025-10-25 11:18:22,-9.48001,0xff,0x64,0xff,0xc2,0x88,0xec,"ff 64 ff c2 88 ec 00 00"
2025-10-25 11:18:22,-9.81,0xff,0x64,0xff,0xc2,0x88,0xcb,"ff 64 ff c2 88 cb 00 00"
2025-10-25 11:18:22,-10.15,0xff,0x64,0xff,0xc2,0x88,0xa9,"ff 64 ff c2 88 a9 00 00"
2025-10-25 11:18:22,-10.48,0xff,0x64,0xff,0xc2,0x88,0x88,"ff 64 ff c2 88 88 00 00"
2025-10-25 11:18:22,-10.82,0xff,0x64,0xff,0xc2,0x88,0x66,"ff 64 ff c2 88 66 00 00"
2025-10-25 11:18:22,-11.15,0xff,0x64,0xff,0xc2,0x88,0x45,"ff 64 ff c2 88 45 00 00"
2025-10-25 11:18:22,-11.49,0xff,0x64,0xff,0xc2,0x88,0x23,"ff 64 ff c2 88 23 00 00"
2025-10-25 11:18:22,-11.84,0xff,0x64,0xff,0xc2,0x88,0x00,"ff 64 ff c2 88 00 00 00"
2025-10-25 11:18:22,-12.19,0xff,0x64,0xff,0xc2,0x87,0xdd,"ff 64 ff c2 87 dd 00 00"
2025-10-25 11:18:22,-12.53,0xff,0x64,0xff,0xc2,0x87,0xbb,"ff 64 ff c2 87 bb 00 00"
2025-10-25 11:18:22,-12.9,0xff,0x64,0xff,0xc8,0x87,0x96,"ff 64 ff c8 87 96 00 00"
2025-10-25 11:18:22,-13.26,0xff,0x64,0xff,0xc8,0x87,0x72,"ff 64 ff c8 87 72 00 00"
2025-10-25 11:18:22,-13.63,0xff,0x64,0xff,0xc8,0x87,0x4d,"ff 64 ff c8 87 4d 00 00"
2025-10-25 11:18:22,-13.98,0xff,0x64,0xff,0xc8,0x87,0x2a,"ff 64 ff c8 87 2a 00 00"
2025-10-25 11:18:22,-14.34,0xff,0x64,0xff,0xc8,0x87,0x06,"ff 64 ff c8 87 06 00 00"
2025-10-25 11:18:22,-14.68,0xff,0x64,0xff,0xc8,0x86,0xe4,"ff 64 ff c8 86 e4 00 00"
2025-10-25 11:18:22,-15.03,0xff,0x64,0xff,0xc2,0x86,0xc1,"ff 64 ff c2 86 c1 00 00"
2025-10-25 11:18:22,-15.38,0xff,0x64,0xff,0xc2,0x86,0x9e,"ff 64 ff c2 86 9e 00 00"
2025-10-25 11:18:22,-15.71,0xff,0x64,0xff,0xc2,0x86,0x7d,"ff 64 ff c2 86 7d 00 00"
2025-10-25 11:18:22,-16.04,0xff,0x64,0xff,0xc2,0x86,0x5c,"ff 64 ff c2 86 5c 00 00"
2025-10-25 11:18:22,-16.36,0xff,0x64,0xff,0xbc,0x86,0x3c,"ff 64 ff bc 86 3c 00 00"
2025-10-25 11:18:22,-16.7,0xff,0x64,0xff,0xbc,0x86,0x1a,"ff 64 ff bc 86 1a 00 00"
2025-10-25 11:18:22,-17.03,0xff,0x64,0xff,0xbc,0x85,0xf9,"ff 64 ff bc 85 f9 00 00"
2025-10-25 11:18:22,-17.36,0xff,0x64,0xff,0xbc,0x85,0xd8,"ff 64 ff bc 85 d8 00 00"
2025-10-25 11:18:22,-17.7,0xff,0x64,0xff,0xbc,0x85,0xb6,"ff 64 ff bc 85 b6 00 00"
2025-10-25 11:18:22,-18.03,0xff,0x64,0xff,0xc2,0x85,0x95,"ff 64 ff c2 85 95 00 00"
2025-10-25 11:18:22,-18.37,0xff,0x64,0xff,0xc2,0x85,0x73,"ff 64 ff c2 85 73 00 00"
2025-10-25 11:18:22,-18.69,0xff,0x64,0xff,0xc2,0x85,0x53,"ff 64 ff c2 85 53 00 00"
2025-10-25 11:18:22,-19.02,0xff,0x64,0xff,0xc2,0x85,0x32,"ff 64 ff c2 85 32 00 00"
2025-10-25 11:18:22,-19.34,0xff,0x64,0xff,0xc8,0x85,0x12,"ff 64 ff c8 85 12 00 00"
2025-10-25 11:18:23,-19.66,0xff,0x64,0xff,0xc8,0x84,0xf2,"ff 64 ff c8 84 f2 00 00"
2025-10-25 11:18:23,-19.97,0xff,0x64,0xff,0xc2,0x84,0xd3,"ff 64 ff c2 84 d3 00 00"
2025-10-25 11:18:23,-20.28,0xff,0x64,0xff,0xc2,0x84,0xb4,"ff 64 ff c2 84 b4 00 00"
2025-10-25 11:18:23,-20.59,0xff,0x64,0xff,0xc2,0x84,0x95,"ff 64 ff c2 84 95 00 00"
2025-10-25 11:18:23,-20.9,0xff,0x64,0xff,0xc2,0x84,0x76,"ff 64 ff c2 84 76 00 00"
2025-10-25 11:18:23,-21.21,0xff,0x64,0xff,0xc2,0x84,0x57,"ff 64 ff c2 84 57 00 00"
2025-10-25 11:18:23,-21.52,0xff,0x64,0xff,0xc2,0x84,0x38,"ff 64 ff c2 84 38 00 00"
2025-10-25 11:18:23,-21.82,0xff,0x64,0xff,0xc2,0x84,0x1a,"ff 64 ff c2 84 1a 00 00"
2025-10-25 11:18:23,-22.12,0xff,0x64,0xff,0xc2,0x83,0xfc,"ff 64 ff c2 83 fc 00 00"
2025-10-25 11:18:23,-22.4,0xff,0x64,0xff,0xc2,0x83,0xe0,"ff 64 ff c2 83 e0 00 00"
2025-10-25 11:18:23,-22.7,0xff,0x64,0xff,0xc2,0x83,0xc2,"ff 64 ff c2 83 c2 00 00"
2025-10-25 11:18:23,-22.98,0xff,0x64,0xff,0xc2,0x83,0xa6,"ff 64 ff c2 83 a6 00 00"
2025-10-25 11:18:23,-23.27,0xff,0x64,0xff,0xc8,0x83,0x89,"ff 64 ff c8 83 89 00 00"
2025-10-25 11:18:23,-23.56,0xff,0x64,0xff,0xc8,0x83,0x6c,"ff 64 ff c8 83 6c 00 00"
2025-10-25 11:18:23,-23.84,0xff,0x64,0xff,0xc8,0x83,0x50,"ff 64 ff c8 83 50 00 00"
2025-10-25 11:18:23,-24.13,0xff,0x64,0xff,0xc2,0x83,0x33,"ff 64 ff c2 83 33 00 00"
2025-10-25 11:18:23,-24.41,0xff,0x64,0xff,0xc2,0x83,0x17,"ff 64 ff c2 83 17 00 00"
2025-10-25 11:18:23,-24.69,0xff,0x64,0xff,0xc2,0x82,0xfb,"ff 64 ff c2 82 fb 00 00"
2025-10-25 11:18:23,-24.96,0xff,0x64,0xff,0xbc,0x82,0xe0,"ff 64 ff bc 82 e0 00 00"
2025-10-25 11:18:23,-25.24,0xff,0x64,0xff,0xbc,0x82,0xc4,"ff 64 ff bc 82 c4 00 00"
2025-10-25 11:18:23,-25.52,0xff,0x64,0xff,0xbc,0x82,0xa8,"ff 64 ff bc 82 a8 00 00"
2025-10-25 11:18:23,-25.8,0xff,0x64,0xff,0xbc,0x82,0x8c,"ff 64 ff bc 82 8c 00 00"
2025-10-25 11:18:23,-26.07,0xff,0x64,0xff,0xc2,0x82,0x71,"ff 64 ff c2 82 71 00 00"
2025-10-25 11:18:23,-26.35,0xff,0x64,0xff,0xc2,0x82,0x55,"ff 64 ff c2 82 55 00 00"
2025-10-25 11:18:23,-26.63,0xff,0x64,0xff,0xc2,0x82,0x39,"ff 64 ff c2 82 39 00 00"
2025-10-25 11:18:23,-26.9,0xff,0x64,0xff,0xc2,0x82,0x1e,"ff 64 ff c2 82 1e 00 00"
2025-10-25 11:18:23,-27.17,0xff,0x64,0xff,0xc2,0x82,0x03,"ff 64 ff c2 82 03 00 00"
2025-10-25 11:18:23,-27.45,0xff,0x64,0xff,0xc2,0x81,0xe7,"ff 64 ff c2 81 e7 00 00"
2025-10-25 11:18:23,-27.71,0xff,0x64,0xff,0xc2,0x81,0xcd,"ff 64 ff c2 81 cd 00 00"
2025-10-25 11:18:23,-27.99,0xff,0x64,0xff,0xc8,0x81,0xb1,"ff 64 ff c8 81 b1 00 00"
2025-10-25 11:18:23,-28.26,0xff,0x64,0xff,0xc8,0x81,0x96,"ff 64 ff c8 81 96 00 00"
2025-10-25 11:18:23,-28.53,0xff,0x64,0xff,0xc8,0x81,0x7b,"ff 64 ff c8 81 7b 00 00"
2025-10-25 11:18:23,-28.8,0xff,0x64,0xff,0xc8,0x81,0x60,"ff 64 ff c8 81 60 00 00"
2025-10-25 11:18:23,-29.08,0xff,0x64,0xff,0xc8,0x81,0x44,"ff 64 ff c8 81 44 00 00"
2025-10-25 11:18:23,-29.35,0xff,0x64,0xff,0xc8,0x81,0x29,"ff 64 ff c8 81 29 00 00"
2025-10-25 11:18:23,-29.66,0xff,0x64,0xff,0xc8,0x81,0x0a,"ff 64 ff c8 81 0a 00 00"
2025-10-25 11:18:23,-29.91,0xff,0x64,0xff,0xc8,0x80,0xf1,"ff 64 ff c8 80 f1 00 00"
2025-10-25 11:18:23,-30.2,0xff,0x6a,0xff,0xc8,0x80,0xd4,"ff 6a ff c8 80 d4 00 00"
2025-10-25 11:18:23,-30.48,0xff,0x6a,0xff,0xce,0x80,0xb8,"ff 6a ff ce 80 b8 00 00"
2025-10-25 11:18:23,-31.05,0xff,0x6a,0xff,0xce,0x80,0x7f,"ff 6a ff ce 80 7f 00 00"
2025-10-25 11:18:23,-31.35,0xff,0x6a,0xff,0xce,0x80,0x61,"ff 6a ff ce 80 61 00 00"
2025-10-25 11:18:23,-31.63,0xff,0x6a,0xff,0xce,0x80,0x45,"ff 6a ff ce 80 45 00 00"
2025-10-25 11:18:23,-31.94,0xff,0x6a,0xff,0xce,0x80,0x26,"ff 6a ff ce 80 26 00 00"
2025-10-25 11:18:23,-32.25,0xff,0x6a,0xff,0xce,0x80,0x07,"ff 6a ff ce 80 07 00 00"
2025-10-25 11:18:23,-32.55,0xff,0x6a,0xff,0xd5,0x7f,0xe9,"ff 6a ff d5 7f e9 00 00"
2025-10-25 11:18:23,-32.86,0xff,0x6a,0xff,0xce,0x7f,0xca,"ff 6a ff ce 7f ca 00 00"
2025-10-25 11:18:23,-33.18,0xff,0x6a,0xff,0xd5,0x7f,0xaa,"ff 6a ff d5 7f aa 00 00"
2025-10-25 11:18:23,-33.47,0xff,0x6a,0xff,0xd5,0x7f,0x8d,"ff 6a ff d5 7f 8d 00 00"
2025-10-25 11:18:23,-33.77,0xff,0x64,0xff,0xd5,0x7f,0x6f,"ff 64 ff d5 7f 6f 00 00"
2025-10-25 11:18:24,-34.08,0xff,0x64,0xff,0xce,0x7f,0x50,"ff 64 ff ce 7f 50 00 00"
2025-10-25 11:18:24,-34.38,0xff,0x64,0xff,0xce,0x7f,0x32,"ff 64 ff ce 7f 32 00 00"
2025-10-25 11:18:24,-34.69,0xff,0x64,0xff,0xce,0x7f,0x13,"ff 64 ff ce 7f 13 00 00"
2025-10-25 11:18:24,-34.99,0xff,0x64,0xff,0xce,0x7e,0xf5,"ff 64 ff ce 7e f5 00 00"
2025-10-25 11:18:24,-35.29,0xff,0x64,0xff,0xce,0x7e,0xd7,"ff 64 ff ce 7e d7 00 00"
2025-10-25 11:18:24,-35.59,0xff,0x64,0xff,0xce,0x7e,0xb9,"ff 64 ff ce 7e b9 00 00"
2025-10-25 11:18:24,-35.89,0xff,0x6a,0xff,0xce,0x7e,0x9b,"ff 6a ff ce 7e 9b 00 00"
2025-10-25 11:18:24,-36.19,0xff,0x6a,0xff,0xce,0x7e,0x7d,"ff 6a ff ce 7e 7d 00 00"
2025-10-25 11:18:24,-36.48,0xff,0x6a,0xff,0xce,0x7e,0x60,"ff 6a ff ce 7e 60 00 00"
2025-10-25 11:18:24,-36.78,0xff,0x6a,0xff,0xce,0x7e,0x42,"ff 6a ff ce 7e 42 00 00"
2025-10-25 11:18:24,-37.07,0xff,0x6a,0xff,0xce,0x7e,0x25,"ff 6a ff ce 7e 25 00 00"
2025-10-25 11:18:24,-37.35,0xff,0x6a,0xff,0xce,0x7e,0x09,"ff 6a ff ce 7e 09 00 00"
2025-10-25 11:18:24,-37.62,0xff,0x6a,0xff,0xce,0x7d,0xee,"ff 6a ff ce 7d ee 00 00"
2025-10-25 11:18:24,-37.89,0xff,0x6a,0xff,0xce,0x7d,0xd3,"ff 6a ff ce 7d d3 00 00"
2025-10-25 11:18:24,-38.17,0xff,0x6a,0xff,0xce,0x7d,0xb7,"ff 6a ff ce 7d b7 00 00"
2025-10-25 11:18:24,-38.45,0xff,0x6a,0xff,0xce,0x7d,0x9b,"ff 6a ff ce 7d 9b 00 00"
2025-10-25 11:18:24,-38.72,0xff,0x6a,0xff,0xce,0x7d,0x80,"ff 6a ff ce 7d 80 00 00"
2025-10-25 11:18:24,-38.99,0xff,0x6a,0xff,0xc8,0x7d,0x65,"ff 6a ff c8 7d 65 00 00"
2025-10-25 11:18:24,-39.26,0xff,0x6a,0xff,0xc8,0x7d,0x4a,"ff 6a ff c8 7d 4a 00 00"
2025-10-25 11:18:24,-39.52,0xff,0x6a,0xff,0xc8,0x7d,0x30,"ff 6a ff c8 7d 30 00 00"
2025-10-25 11:18:24,-39.78,0xff,0x6a,0xff,0xce,0x7d,0x16,"ff 6a ff ce 7d 16 00 00"
2025-10-25 11:18:24,-40.04,0xff,0x6a,0xff,0xce,0x7c,0xfc,"ff 6a ff ce 7c fc 00 00"
2025-10-25 11:18:24,-40.31,0xff,0x6a,0xff,0xce,0x7c,0xe1,"ff 6a ff ce 7c e1 00 00"
2025-10-25 11:18:24,-40.56,0xff,0x6a,0xff,0xce,0x7c,0xc8,"ff 6a ff ce 7c c8 00 00"
2025-10-25 11:18:24,-40.81,0xff,0x6a,0xff,0xce,0x7c,0xaf,"ff 6a ff ce 7c af 00 00"
2025-10-25 11:18:24,-41.06,0xff,0x6a,0xff,0xce,0x7c,0x96,"ff 6a ff ce 7c 96 00 00"
2025-10-25 11:18:24,-41.31,0xff,0x6a,0xff,0xd5,0x7c,0x7d,"ff 6a ff d5 7c 7d 00 00"
2025-10-25 11:18:24,-41.56,0xff,0x6a,0xff,0xd5,0x7c,0x64,"ff 6a ff d5 7c 64 00 00"
2025-10-25 11:18:24,-41.82,0xff,0x6a,0xff,0xd5,0x7c,0x4a,"ff 6a ff d5 7c 4a 00 00"
2025-10-25 11:18:24,-42.07,0xff,0x6a,0xff,0xd5,0x7c,0x31,"ff 6a ff d5 7c 31 00 00"
2025-10-25 11:18:24,-42.33,0xff,0x6a,0xff,0xd5,0x7c,0x17,"ff 6a ff d5 7c 17 00 00"
2025-10-25 11:18:24,-42.59,0xff,0x6a,0xff,0xd5,0x7b,0xfd,"ff 6a ff d5 7b fd 00 00"
2025-10-25 11:18:24,-42.85,0xff,0x6a,0xff,0xd5,0x7b,0xe3,"ff 6a ff d5 7b e3 00 00"
2025-10-25 11:18:24,-43.12,0xff,0x6a,0xff,0xd5,0x7b,0xc8,"ff 6a ff d5 7b c8 00 00"
2025-10-25 11:18:24,-43.38,0xff,0x71,0xff,0xd5,0x7b,0xae,"ff 71 ff d5 7b ae 00 00"
2025-10-25 11:18:24,-43.65,0xff,0x71,0xff,0xdb,0x7b,0x93,"ff 71 ff db 7b 93 00 00"
2025-10-25 11:18:24,-43.92,0xff,0x71,0xff,0xdb,0x7b,0x78,"ff 71 ff db 7b 78 00 00"
2025-10-25 11:18:24,-44.2,0xff,0x71,0xff,0xdb,0x7b,0x5c,"ff 71 ff db 7b 5c 00 00"
2025-10-25 11:18:24,-44.47,0xff,0x71,0xff,0xdb,0x7b,0x41,"ff 71 ff db 7b 41 00 00"
2025-10-25 11:18:24,-44.75,0xff,0x6a,0xff,0xdb,0x7b,0x25,"ff 6a ff db 7b 25 00 00"
2025-10-25 11:18:24,-45.03,0xff,0x6a,0xff,0xdb,0x7b,0x09,"ff 6a ff db 7b 09 00 00"
2025-10-25 11:18:24,-45.32,0xff,0x6a,0xff,0xdb,0x7a,0xec,"ff 6a ff db 7a ec 00 00"
2025-10-25 11:18:24,-45.61,0xff,0x6a,0xff,0xdb,0x7a,0xcf,"ff 6a ff db 7a cf 00 00"
2025-10-25 11:18:24,-45.9,0xff,0x6a,0xff,0xe1,0x7a,0xb2,"ff 6a ff e1 7a b2 00 00"
2025-10-25 11:18:24,-46.19,0xff,0x71,0xff,0xe1,0x7a,0x95,"ff 71 ff e1 7a 95 00 00"
2025-10-25 11:18:24,-46.48,0xff,0x71,0xff,0xe1,0x7a,0x78,"ff 71 ff e1 7a 78 00 00"
2025-10-25 11:18:24,-46.78,0xff,0x71,0xff,0xe1,0x7a,0x5a,"ff 71 ff e1 7a 5a 00 00"
2025-10-25 11:18:24,-47.08,0xff,0x71,0xff,0xe1,0x7a,0x3c,"ff 71 ff e1 7a 3c 00 00"
2025-10-25 11:18:24,-47.38,0xff,0x71,0xff,0xe1,0x7a,0x1e,"ff 71 ff e1 7a 1e 00 00"
2025-10-25 11:18:24,-47.69,0xff,0x71,0xff,0xe1,0x79,0xff,"ff 71 ff e1 79 ff 00 00"
2025-10-25 11:18:24,-47.98,0xff,0x71,0xff,0xe1,0x79,0xe2,"ff 71 ff e1 79 e2 00 00"
2025-10-25 11:18:25,-48.27,0xff,0x71,0xff,0xe1,0x79,0xc5,"ff 71 ff e1 79 c5 00 00"
2025-10-25 11:18:25,-48.56,0xff,0x71,0xff,0xe1,0x79,0xa8,"ff 71 ff e1 79 a8 00 00"
2025-10-25 11:18:25,-48.86,0xff,0x71,0xff,0xe1,0x79,0x8a,"ff 71 ff e1 79 8a 00 00"
2025-10-25 11:18:25,-49.16,0xff,0x71,0xff,0xe1,0x79,0x6c,"ff 71 ff e1 79 6c 00 00"
2025-10-25 11:18:25,-49.46,0xff,0x71,0xff,0xe7,0x79,0x4e,"ff 71 ff e7 79 4e 00 00"
2025-10-25 11:18:25,-49.79,0xff,0x71,0xff,0xe7,0x79,0x2d,"ff 71 ff e7 79 2d 00 00"
2025-10-25 11:18:25,-50.12,0xff,0x71,0xff,0xe7,0x79,0x0c,"ff 71 ff e7 79 0c 00 00"
2025-10-25 11:18:25,-50.42,0xff,0x71,0xff,0xe7,0x78,0xee,"ff 71 ff e7 78 ee 00 00"
2025-10-25 11:18:25,-50.74,0xff,0x71,0xff,0xe7,0x78,0xce,"ff 71 ff e7 78 ce 00 00"
2025-10-25 11:18:25,-51.05,0xff,0x71,0xff,0xe7,0x78,0xaf,"ff 71 ff e7 78 af 00 00"
2025-10-25 11:18:25,-51.37,0xff,0x71,0xff,0xe7,0x78,0x8f,"ff 71 ff e7 78 8f 00 00"
2025-10-25 11:18:25,-51.69,0xff,0x71,0xff,0xe7,0x78,0x6f,"ff 71 ff e7 78 6f 00 00"
2025-10-25 11:18:25,-52.01,0xff,0x71,0xff,0xe7,0x78,0x4f,"ff 71 ff e7 78 4f 00 00"
2025-10-25 11:18:25,-52.33,0xff,0x71,0xff,0xee,0x78,0x2f,"ff 71 ff ee 78 2f 00 00"
2025-10-25 11:18:25,-52.65,0xff,0x71,0xff,0xee,0x78,0x0f,"ff 71 ff ee 78 0f 00 00"
2025-10-25 11:18:25,-52.98,0xff,0x71,0xff,0xee,0x77,0xee,"ff 71 ff ee 77 ee 00 00"
2025-10-25 11:18:25,-53.3,0xff,0x71,0xff,0xee,0x77,0xce,"ff 71 ff ee 77 ce 00 00"
2025-10-25 11:18:25,-53.63,0xff,0x71,0xff,0xee,0x77,0xad,"ff 71 ff ee 77 ad 00 00"
2025-10-25 11:18:25,-53.96,0xff,0x71,0xff,0xee,0x77,0x8c,"ff 71 ff ee 77 8c 00 00"
2025-10-25 11:18:25,-54.29,0xff,0x71,0xff,0xee,0x77,0x6b,"ff 71 ff ee 77 6b 00 00"
2025-10-25 11:18:25,-54.61,0xff,0x71,0xff,0xee,0x77,0x4b,"ff 71 ff ee 77 4b 00 00"
2025-10-25 11:18:25,-54.94,0xff,0x71,0xff,0xee,0x77,0x2a,"ff 71 ff ee 77 2a 00 00"
2025-10-25 11:18:25,-55.27,0xff,0x71,0xff,0xee,0x77,0x09,"ff 71 ff ee 77 09 00 00"
2025-10-25 11:18:25,-55.59,0xff,0x71,0xff,0xee,0x76,0xe9,"ff 71 ff ee 76 e9 00 00"
2025-10-25 11:18:25,-55.9,0xff,0x71,0xff,0xee,0x76,0xca,"ff 71 ff ee 76 ca 00 00"
2025-10-25 11:18:25,-56.21,0xff,0x71,0xff,0xee,0x76,0xab,"ff 71 ff ee 76 ab 00 00"
2025-10-25 11:18:25,-56.53,0xff,0x71,0xff,0xee,0x76,0x8b,"ff 71 ff ee 76 8b 00 00"
2025-10-25 11:18:25,-56.86,0xff,0x71,0xff,0xee,0x76,0x6a,"ff 71 ff ee 76 6a 00 00"
2025-10-25 11:18:25,-57.18,0xff,0x71,0xff,0xee,0x76,0x4a,"ff 71 ff ee 76 4a 00 00"
2025-10-25 11:18:25,-57.5,0xff,0x71,0xff,0xee,0x76,0x2a,"ff 71 ff ee 76 2a 00 00"
2025-10-25 11:18:25,-57.81,0xff,0x71,0xff,0xee,0x76,0x0b,"ff 71 ff ee 76 0b 00 00"
2025-10-25 11:18:25,-58.12,0xff,0x71,0xff,0xee,0x75,0xec,"ff 71 ff ee 75 ec 00 00"
2025-10-25 11:18:25,-58.42,0xff,0x71,0xff,0xee,0x75,0xce,"ff 71 ff ee 75 ce 00 00"
2025-10-25 11:18:25,-58.73,0xff,0x71,0xff,0xee,0x75,0xaf,"ff 71 ff ee 75 af 00 00"
2025-10-25 11:18:25,-59.04,0xff,0x71,0xff,0xee,0x75,0x90,"ff 71 ff ee 75 90 00 00"
2025-10-25 11:18:25,-59.35,0xff,0x71,0xff,0xee,0x75,0x71,"ff 71 ff ee 75 71 00 00"
2025-10-25 11:18:25,-59.66,0xff,0x71,0xff,0xee,0x75,0x52,"ff 71 ff ee 75 52 00 00"
2025-10-25 11:18:25,-59.97,0xff,0x71,0xff,0xee,0x75,0x33,"ff 71 ff ee 75 33 00 00"
2025-10-25 11:18:25,-60.28,0xff,0x71,0xff,0xee,0x75,0x14,"ff 71 ff ee 75 14 00 00"
2025-10-25 11:18:25,-60.59,0xff,0x77,0xff,0xee,0x74,0xf5,"ff 77 ff ee 74 f5 00 00"
2025-10-25 11:18:25,-60.9,0xff,0x77,0xff,0xee,0x74,0xd6,"ff 77 ff ee 74 d6 00 00"
2025-10-25 11:18:25,-61.21,0xff,0x77,0xff,0xee,0x74,0xb7,"ff 77 ff ee 74 b7 00 00"
2025-10-25 11:18:25,-61.52,0xff,0x77,0xff,0xee,0x74,0x98,"ff 77 ff ee 74 98 00 00"
2025-10-25 11:18:25,-61.83,0xff,0x77,0xff,0xee,0x74,0x79,"ff 77 ff ee 74 79 00 00"
2025-10-25 11:18:25,-62.14,0xff,0x7d,0xff,0xee,0x74,0x5a,"ff 7d ff ee 74 5a 00 00"
2025-10-25 11:18:25,-62.45,0xff,0x7d,0xff,0xee,0x74,0x3b,"ff 7d ff ee 74 3b 00 00"
2025-10-25 11:18:25,-62.75,0xff,0x7d,0xff,0xee,0x74,0x1d,"ff 7d ff ee 74 1d 00 00"
2025-10-25 11:18:25,-63.06,0xff,0x7d,0xff,0xee,0x73,0xfe,"ff 7d ff ee 73 fe 00 00"
2025-10-25 11:18:25,-63.37,0xff,0x7d,0xff,0xee,0x73,0xdf,"ff 7d ff ee 73 df 00 00"
2025-10-25 11:18:25,-63.67,0xff,0x7d,0xff,0xee,0x73,0xc1,"ff 7d ff ee 73 c1 00 00"
2025-10-25 11:18:25,-63.97,0xff,0x7d,0xff,0xee,0x73,0xa3,"ff 7d ff ee 73 a3 00 00"
2025-10-25 11:18:26,-64.27,0xff,0x7d,0xff,0xee,0x73,0x85,"ff 7d ff ee 73 85 00 00"
2025-10-25 11:18:26,-64.57,0xff,0x7d,0xff,0xee,0x73,0x67,"ff 7d ff ee 73 67 00 00"
2025-10-25 11:18:26,-64.87,0xff,0x7d,0xff,0xee,0x73,0x49,"ff 7d ff ee 73 49 00 00"
2025-10-25 11:18:26,-65.17,0xff,0x7d,0xff,0xee,0x73,0x2b,"ff 7d ff ee 73 2b 00 00"
2025-10-25 11:18:26,-65.46,0xff,0x7d,0xff,0xee,0x73,0x0e,"ff 7d ff ee 73 0e 00 00"
2025-10-25 11:18:26,-65.76,0xff,0x7d,0xff,0xe7,0x72,0xf0,"ff 7d ff e7 72 f0 00 00"
2025-10-25 11:18:26,-66.05,0xff,0x7d,0xff,0xe7,0x72,0xd3,"ff 7d ff e7 72 d3 00 00"
2025-10-25 11:18:26,-66.33,0xff,0x7d,0xff,0xe7,0x72,0xb7,"ff 7d ff e7 72 b7 00 00"
2025-10-25 11:18:26,-66.61,0xff,0x7d,0xff,0xe7,0x72,0x9b,"ff 7d ff e7 72 9b 00 00"
2025-10-25 11:18:26,-66.89,0xff,0x7d,0xff,0xe7,0x72,0x7f,"ff 7d ff e7 72 7f 00 00"
2025-10-25 11:18:26,-67.17,0xff,0x7d,0xff,0xe7,0x72,0x63,"ff 7d ff e7 72 63 00 00"
2025-10-25 11:18:26,-67.45,0xff,0x7d,0xff,0xee,0x72,0x47,"ff 7d ff ee 72 47 00 00"
2025-10-25 11:18:26,-67.75,0xff,0x7d,0xff,0xee,0x72,0x29,"ff 7d ff ee 72 29 00 00"
2025-10-25 11:18:26,-68.04,0xff,0x7d,0xff,0xee,0x72,0x0c,"ff 7d ff ee 72 0c 00 00"
2025-10-25 11:18:26,-68.32,0xff,0x83,0xff,0xee,0x71,0xf0,"ff 83 ff ee 71 f0 00 00"
2025-10-25 11:18:26,-68.6,0xff,0x83,0xff,0xee,0x71,0xd4,"ff 83 ff ee 71 d4 00 00"
2025-10-25 11:18:26,-68.88,0xff,0x83,0xff,0xee,0x71,0xb8,"ff 83 ff ee 71 b8 00 00"
2025-10-25 11:18:26,-69.17,0xff,0x83,0xff,0xee,0x71,0x9b,"ff 83 ff ee 71 9b 00 00"
2025-10-25 11:18:26,-69.47,0xff,0x83,0xff,0xee,0x71,0x7d,"ff 83 ff ee 71 7d 00 00"
2025-10-25 11:18:26,-69.77,0xff,0x83,0xff,0xee,0x71,0x5f,"ff 83 ff ee 71 5f 00 00"
2025-10-25 11:18:26,-70.06,0xff,0x83,0xff,0xee,0x71,0x42,"ff 83 ff ee 71 42 00 00"
2025-10-25 11:18:26,-70.34,0xff,0x83,0xff,0xee,0x71,0x26,"ff 83 ff ee 71 26 00 00"
2025-10-25 11:18:26,-70.62,0xff,0x83,0xff,0xee,0x71,0x0a,"ff 83 ff ee 71 0a 00 00"
2025-10-25 11:18:26,-70.9,0xff,0x83,0xff,0xee,0x70,0xee,"ff 83 ff ee 70 ee 00 00"
2025-10-25 11:18:26,-71.19,0xff,0x83,0xff,0xee,0x70,0xd1,"ff 83 ff ee 70 d1 00 00"
2025-10-25 11:18:26,-71.48,0xff,0x83,0xff,0xee,0x70,0xb4,"ff 83 ff ee 70 b4 00 00"
2025-10-25 11:18:26,-71.76,0xff,0x83,0xff,0xee,0x70,0x98,"ff 83 ff ee 70 98 00 00"
2025-10-25 11:18:26,-72.05,0xff,0x83,0xff,0xee,0x70,0x7b,"ff 83 ff ee 70 7b 00 00"
2025-10-25 11:18:26,-72.34,0xff,0x8a,0xff,0xee,0x70,0x5e,"ff 8a ff ee 70 5e 00 00"
2025-10-25 11:18:26,-72.62,0xff,0x8a,0xff,0xee,0x70,0x42,"ff 8a ff ee 70 42 00 00"
2025-10-25 11:18:26,-72.91,0xff,0x8a,0xff,0xee,0x70,0x25,"ff 8a ff ee 70 25 00 00"
2025-10-25 11:18:26,-73.19,0xff,0x8a,0xff,0xee,0x70,0x09,"ff 8a ff ee 70 09 00 00"
2025-10-25 11:18:26,-73.48,0xff,0x8a,0xff,0xe7,0x6f,0xec,"ff 8a ff e7 6f ec 00 00"
2025-10-25 11:18:26,-73.77,0xff,0x8a,0xff,0xe7,0x6f,0xcf,"ff 8a ff e7 6f cf 00 00"
2025-10-25 11:18:26,-74.04,0xff,0x8a,0xff,0xe7,0x6f,0xb4,"ff 8a ff e7 6f b4 00 00"
2025-10-25 11:18:26,-74.31,0xff,0x8a,0xff,0xe7,0x6f,0x99,"ff 8a ff e7 6f 99 00 00"
2025-10-25 11:18:26,-74.59,0xff,0x8a,0xff,0xe7,0x6f,0x7d,"ff 8a ff e7 6f 7d 00 00"
2025-10-25 11:18:26,-74.88,0xff,0x8a,0xff,0xe7,0x6f,0x60,"ff 8a ff e7 6f 60 00 00"
2025-10-25 11:18:26,-75.17,0xff,0x8a,0xff,0xe7,0x6f,0x43,"ff 8a ff e7 6f 43 00 00"
2025-10-25 11:18:26,-75.46,0xff,0x8a,0xff,0xee,0x6f,0x26,"ff 8a ff ee 6f 26 00 00"
2025-10-25 11:18:26,-75.75,0xff,0x8a,0xff,0xee,0x6f,0x09,"ff 8a ff ee 6f 09 00 00"
2025-10-25 11:18:26,-76.05,0xff,0x8a,0xff,0xee,0x6e,0xeb,"ff 8a ff ee 6e eb 00 00"
2025-10-25 11:18:26,-76.34,0xff,0x8a,0xff,0xee,0x6e,0xce,"ff 8a ff ee 6e ce 00 00"
2025-10-25 11:18:26,-76.63,0xff,0x8a,0xff,0xee,0x6e,0xb1,"ff 8a ff ee 6e b1 00 00"
2025-10-25 11:18:26,-76.92,0xff,0x8a,0xff,0xee,0x6e,0x94,"ff 8a ff ee 6e 94 00 00"
2025-10-25 11:18:26,-77.22,0xff,0x8a,0xff,0xee,0x6e,0x76,"ff 8a ff ee 6e 76 00 00"
2025-10-25 11:18:26,-77.5,0xff,0x8a,0xff,0xee,0x6e,0x5a,"ff 8a ff ee 6e 5a 00 00"
2025-10-25 11:18:26,-77.78,0xff,0x90,0xff,0xee,0x6e,0x3e,"ff 90 ff ee 6e 3e 00 00"
2025-10-25 11:18:26,-78.06,0xff,0x90,0xff,0xee,0x6e,0x22,"ff 90 ff ee 6e 22 00 00"
2025-10-25 11:18:26,-78.35,0xff,0x90,0xff,0xee,0x6e,0x05,"ff 90 ff ee 6e 05 00 00"
2025-10-25 11:18:26,-78.64,0xff,0x90,0xff,0xee,0x6d,0xe8,"ff 90 ff ee 6d e8 00 00"
2025-10-25 11:18:27,-78.93,0xff,0x90,0xff,0xee,0x6d,0xcb,"ff 90 ff ee 6d cb 00 00"
2025-10-25 11:18:27,-79.23,0xff,0x90,0xff,0xee,0x6d,0xad,"ff 90 ff ee 6d ad 00 00"
2025-10-25 11:18:27,-79.53,0xff,0x90,0xff,0xee,0x6d,0x8f,"ff 90 ff ee 6d 8f 00 00"
2025-10-25 11:18:27,-79.84,0xff,0x90,0xff,0xee,0x6d,0x70,"ff 90 ff ee 6d 70 00 00"
2025-10-25 11:18:27,-80.14,0xff,0x90,0xff,0xee,0x6d,0x52,"ff 90 ff ee 6d 52 00 00"
2025-10-25 11:18:27,-80.45,0xff,0x90,0xff,0xee,0x6d,0x33,"ff 90 ff ee 6d 33 00 00"
2025-10-25 11:18:27,-80.75,0xff,0x90,0xff,0xee,0x6d,0x15,"ff 90 ff ee 6d 15 00 00"
2025-10-25 11:18:27,-81.06,0xff,0x90,0xff,0xee,0x6c,0xf6,"ff 90 ff ee 6c f6 00 00"
2025-10-25 11:18:27,-81.37,0xff,0x90,0xff,0xee,0x6c,0xd7,"ff 90 ff ee 6c d7 00 00"
2025-10-25 11:18:27,-81.67,0xff,0x96,0xff,0xee,0x6c,0xb9,"ff 96 ff ee 6c b9 00 00"
2025-10-25 11:18:27,-81.98,0xff,0x96,0xff,0xee,0x6c,0x9a,"ff 96 ff ee 6c 9a 00 00"
2025-10-25 11:18:27,-82.29,0xff,0x96,0xff,0xee,0x6c,0x7b,"ff 96 ff ee 6c 7b 00 00"
2025-10-25 11:18:27,-82.6,0xff,0x96,0xff,0xee,0x6c,0x5c,"ff 96 ff ee 6c 5c 00 00"
2025-10-25 11:18:27,-82.91,0xff,0x96,0xff,0xee,0x6c,0x3d,"ff 96 ff ee 6c 3d 00 00"
2025-10-25 11:18:27,-83.22,0xff,0x90,0xff,0xee,0x6c,0x1e,"ff 90 ff ee 6c 1e 00 00"
2025-10-25 11:18:27,-83.53,0xff,0x96,0xff,0xe7,0x6b,0xff,"ff 96 ff e7 6b ff 00 00"
2025-10-25 11:18:27,-83.84,0xff,0x96,0xff,0xe7,0x6b,0xe0,"ff 96 ff e7 6b e0 00 00"
2025-10-25 11:18:27,-84.14,0xff,0x96,0xff,0xe7,0x6b,0xc2,"ff 96 ff e7 6b c2 00 00"
2025-10-25 11:18:27,-84.45,0xff,0x96,0xff,0xe7,0x6b,0xa3,"ff 96 ff e7 6b a3 00 00"
2025-10-25 11:18:27,-84.75,0xff,0x96,0xff,0xe7,0x6b,0x85,"ff 96 ff e7 6b 85 00 00"
2025-10-25 11:18:27,-85.06,0xff,0x9c,0xff,0xe7,0x6b,0x66,"ff 9c ff e7 6b 66 00 00"
2025-10-25 11:18:27,-85.35,0xff,0x9c,0xff,0xe7,0x6b,0x49,"ff 9c ff e7 6b 49 00 00"
2025-10-25 11:18:27,-85.64,0xff,0x9c,0xff,0xe7,0x6b,0x2c,"ff 9c ff e7 6b 2c 00 00"
2025-10-25 11:18:27,-85.93,0xff,0x9c,0xff,0xe7,0x6b,0x0f,"ff 9c ff e7 6b 0f 00 00"
2025-10-25 11:18:27,-86.21,0xff,0x9c,0xff,0xe7,0x6a,0xf3,"ff 9c ff e7 6a f3 00 00"
2025-10-25 11:18:27,-86.5,0xff,0x9c,0xff,0xe7,0x6a,0xd6,"ff 9c ff e7 6a d6 00 00"
2025-10-25 11:18:27,-86.79,0xff,0x9c,0xff,0xe7,0x6a,0xb9,"ff 9c ff e7 6a b9 00 00"
2025-10-25 11:18:27,-87.08,0xff,0x9c,0xff,0xe7,0x6a,0x9c,"ff 9c ff e7 6a 9c 00 00"
2025-10-25 11:18:27,-87.36,0xff,0x9c,0xff,0xe7,0x6a,0x80,"ff 9c ff e7 6a 80 00 00"
2025-10-25 11:18:27,-87.67,0xff,0x9c,0xff,0xe7,0x6a,0x61,"ff 9c ff e7 6a 61 00 00"
2025-10-25 11:18:27,-87.97,0xff,0x9c,0xff,0xe7,0x6a,0x43,"ff 9c ff e7 6a 43 00 00"
2025-10-25 11:18:27,-88.27,0xff,0x9c,0xff,0xe7,0x6a,0x25,"ff 9c ff e7 6a 25 00 00"
2025-10-25 11:18:27,-88.58,0xff,0x9c,0xff,0xe7,0x6a,0x06,"ff 9c ff e7 6a 06 00 00"
2025-10-25 11:18:27,-88.86,0xff,0x9c,0xff,0xe7,0x69,0xea,"ff 9c ff e7 69 ea 00 00"
2025-10-25 11:18:27,-89.15,0xff,0x9c,0xff,0xe7,0x69,0xcd,"ff 9c ff e7 69 cd 00 00"
2025-10-25 11:18:27,-89.44,0xff,0x9c,0xff,0xe7,0x69,0xb0,"ff 9c ff e7 69 b0 00 00"
2025-10-25 11:18:27,-89.74,0xff,0x9c,0xff,0xe7,0x69,0x92,"ff 9c ff e7 69 92 00 00"
2025-10-25 11:18:27,-90.05,0xff,0x9c,0xff,0xe7,0x69,0x73,"ff 9c ff e7 69 73 00 00"
2025-10-25 11:18:27,-90.35,0xff,0x9c,0xff,0xe7,0x69,0x55,"ff 9c ff e7 69 55 00 00"
2025-10-25 11:18:27,-90.64,0xff,0x9c,0xff,0xe7,0x69,0x38,"ff 9c ff e7 69 38 00 00"
2025-10-25 11:18:27,-90.94,0xff,0x9c,0xff,0xe7,0x69,0x1a,"ff 9c ff e7 69 1a 00 00"
2025-10-25 11:18:27,-91.23,0xff,0xa3,0xff,0xe7,0x68,0xfd,"ff a3 ff e7 68 fd 00 00"
2025-10-25 11:18:27,-91.53,0xff,0xa3,0xff,0xe7,0x68,0xdf,"ff a3 ff e7 68 df 00 00"
2025-10-25 11:18:27,-91.82,0xff,0xa3,0xff,0xe7,0x68,0xc2,"ff a3 ff e7 68 c2 00 00"
2025-10-25 11:18:27,-92.12,0xff,0xa3,0xff,0xe7,0x68,0xa4,"ff a3 ff e7 68 a4 00 00"
2025-10-25 11:18:27,-92.41,0xff,0xa3,0xff,0xe7,0x68,0x87,"ff a3 ff e7 68 87 00 00"
2025-10-25 11:18:27,-92.7,0xff,0xa3,0xff,0xe7,0x68,0x6a,"ff a3 ff e7 68 6a 00 00"
2025-10-25 11:18:27,-92.99,0xff,0xa3,0xff,0xe7,0x68,0x4d,"ff a3 ff e7 68 4d 00 00"
2025-10-25 11:18:27,-93.28,0xff,0xa3,0xff,0xe7,0x68,0x30,"ff a3 ff e7 68 30 00 00"
2025-10-25 11:18:27,-93.56,0xff,0xa3,0xff,0xe1,0x68,0x14,"ff a3 ff e1 68 14 00 00"
2025-10-25 11:18:28,-93.86,0xff,0xa3,0xff,0xe1,0x67,0xf6,"ff a3 ff e1 67 f6 00 00"
2025-10-25 11:18:28,-94.15,0xff,0xa3,0xff,0xe1,0x67,0xd9,"ff a3 ff e1 67 d9 00 00"
2025-10-25 11:18:28,-94.43,0xff,0xa3,0xff,0xe1,0x67,0xbd,"ff a3 ff e1 67 bd 00 00"
2025-10-25 11:18:28,-94.72,0xff,0xa3,0xff,0xe1,0x67,0xa0,"ff a3 ff e1 67 a0 00 00"
2025-10-25 11:18:28,-95.01,0xff,0xa3,0xff,0xe1,0x67,0x83,"ff a3 ff e1 67 83 00 00"
2025-10-25 11:18:28,-95.31,0xff,0xa3,0xff,0xe1,0x67,0x65,"ff a3 ff e1 67 65 00 00"
2025-10-25 11:18:28,-95.6,0xff,0xa3,0xff,0xe1,0x67,0x48,"ff a3 ff e1 67 48 00 00"
2025-10-25 11:18:28,-95.91,0xff,0xa3,0xff,0xe7,0x67,0x29,"ff a3 ff e7 67 29 00 00"
2025-10-25 11:18:28,-96.21,0xff,0xa9,0xff,0xe7,0x67,0x0b,"ff a9 ff e7 67 0b 00 00"
2025-10-25 11:18:28,-96.5,0xff,0xa9,0xff,0xe7,0x66,0xee,"ff a9 ff e7 66 ee 00 00"
2025-10-25 11:18:28,-96.79,0xff,0xa9,0xff,0xe7,0x66,0xd1,"ff a9 ff e7 66 d1 00 00"
2025-10-25 11:18:28,-97.09,0xff,0xa9,0xff,0xe7,0x66,0xb3,"ff a9 ff e7 66 b3 00 00"
2025-10-25 11:18:28,-97.39,0xff,0xa9,0xff,0xe7,0x66,0x95,"ff a9 ff e7 66 95 00 00"
2025-10-25 11:18:28,-97.69,0xff,0xa9,0xff,0xe7,0x66,0x77,"ff a9 ff e7 66 77 00 00"
2025-10-25 11:18:28,-97.99,0xff,0xa9,0xff,0xe7,0x66,0x59,"ff a9 ff e7 66 59 00 00"
2025-10-25 11:18:28,-98.3,0xff,0xa9,0xff,0xe7,0x66,0x3a,"ff a9 ff e7 66 3a 00 00"
2025-10-25 11:18:28,-98.6,0xff,0xa9,0xff,0xe7,0x66,0x1c,"ff a9 ff e7 66 1c 00 00"
2025-10-25 11:18:28,-98.91,0xff,0xa9,0xff,0xe7,0x65,0xfd,"ff a9 ff e7 65 fd 00 00"
2025-10-25 11:18:28,-99.22,0xff,0xa9,0xff,0xe7,0x65,0xde,"ff a9 ff e7 65 de 00 00"
2025-10-25 11:18:28,-99.53,0xff,0xa9,0xff,0xe7,0x65,0xbf,"ff a9 ff e7 65 bf 00 00"
2025-10-25 11:18:28,-99.85,0xff,0xa9,0xff,0xe7,0x65,0x9f,"ff a9 ff e7 65 9f 00 00"
2025-10-25 11:18:28,-100.16,0xff,0xa9,0xff,0xe7,0x65,0x80,"ff a9 ff e7 65 80 00 00"
2025-10-25 11:18:28,-100.48,0xff,0xa9,0xff,0xe7,0x65,0x60,"ff a9 ff e7 65 60 00 00"
2025-10-25 11:18:28,-100.79,0xff,0xa9,0xff,0xe7,0x65,0x41,"ff a9 ff e7 65 41 00 00"
2025-10-25 11:18:28,-101.11,0xff,0xa9,0xff,0xe7,0x65,0x21,"ff a9 ff e7 65 21 00 00"
2025-10-25 11:18:28,-101.42,0xff,0xa9,0xff,0xe7,0x65,0x02,"ff a9 ff e7 65 02 00 00"
2025-10-25 11:18:28,-101.74,0xff,0xa9,0xff,0xe7,0x64,0xe2,"ff a9 ff e7 64 e2 00 00"
2025-10-25 11:18:28,-102.05,0xff,0xa9,0xff,0xe7,0x64,0xc3,"ff a9 ff e7 64 c3 00 00"
2025-10-25 11:18:28,-102.35,0xff,0xa9,0xff,0xe7,0x64,0xa5,"ff a9 ff e7 64 a5 00 00"
2025-10-25 11:18:28,-102.65,0xff,0xa9,0xff,0xe7,0x64,0x87,"ff a9 ff e7 64 87 00 00"
2025-10-25 11:18:28,-102.95,0xff,0xa9,0xff,0xe7,0x64,0x69,"ff a9 ff e7 64 69 00 00"
2025-10-25 11:18:28,-103.26,0xff,0xa9,0xff,0xe7,0x64,0x4a,"ff a9 ff e7 64 4a 00 00"
2025-10-25 11:18:28,-103.57,0xff,0xa9,0xff,0xe7,0x64,0x2b,"ff a9 ff e7 64 2b 00 00"
2025-10-25 11:18:28,-103.88,0xff,0xa9,0xff,0xe7,0x64,0x0c,"ff a9 ff e7 64 0c 00 00"
2025-10-25 11:18:28,-104.2,0xff,0xa9,0xff,0xe7,0x63,0xec,"ff a9 ff e7 63 ec 00 00"
2025-10-25 11:18:28,-104.51,0xff,0xa9,0xff,0xe7,0x63,0xcd,"ff a9 ff e7 63 cd 00 00"
2025-10-25 11:18:28,-104.83,0xff,0xa9,0xff,0xe7,0x63,0xad,"ff a9 ff e7 63 ad 00 00"
2025-10-25 11:18:28,-105.14,0xff,0xa9,0xff,0xe7,0x63,0x8e,"ff a9 ff e7 63 8e 00 00"
2025-10-25 11:18:28,-105.46,0xff,0xa9,0xff,0xe7,0x63,0x6e,"ff a9 ff e7 63 6e 00 00"
2025-10-25 11:18:28,-105.78,0xff,0xa9,0xff,0xe7,0x63,0x4e,"ff a9 ff e7 63 4e 00 00"
2025-10-25 11:18:28,-106.09,0xff,0xa9,0xff,0xe7,0x63,0x2f,"ff a9 ff e7 63 2f 00 00"
2025-10-25 11:18:28,-106.41,0xff,0xa9,0xff,0xe7,0x63,0x0f,"ff a9 ff e7 63 0f 00 00"
2025-10-25 11:18:28,-106.73,0xff,0xa9,0xff,0xe7,0x62,0xef,"ff a9 ff e7 62 ef 00 00"
2025-10-25 11:18:28,-107.04,0xff,0xa9,0xff,0xe7,0x62,0xd0,"ff a9 ff e7 62 d0 00 00"
2025-10-25 11:18:28,-107.36,0xff,0xa9,0xff,0xe1,0x62,0xb0,"ff a9 ff e1 62 b0 00 00"
2025-10-25 11:18:28,-107.67,0xff,0xa9,0xff,0xe1,0x62,0x91,"ff a9 ff e1 62 91 00 00"
2025-10-25 11:18:28,-107.97,0xff,0xa9,0xff,0xe1,0x62,0x73,"ff a9 ff e1 62 73 00 00"
2025-10-25 11:18:28,-108.28,0xff,0xa9,0xff,0xe1,0x62,0x54,"ff a9 ff e1 62 54 00 00"
2025-10-25 11:18:28,-108.59,0xff,0xa9,0xff,0xe1,0x62,0x35,"ff a9 ff e1 62 35 00 00"
2025-10-25 11:18:28,-108.9,0xff,0xa9,0xff,0xe1,0x62,0x16,"ff a9 ff e1 62 16 00 00"
2025-10-25 11:18:28,-109.21,0xff,0xa9,0xff,0xe1,0x61,0xf7,"ff a9 ff e1 61 f7 00 00"
2025-10-25 11:18:29,-109.52,0xff,0xa9,0xff,0xe1,0x61,0xd8,"ff a9 ff e1 61 d8 00 00"
2025-10-25 11:18:29,-109.8,0xff,0xa9,0xff,0xe1,0x61,0xbc,"ff a9 ff e1 61 bc 00 00"
2025-10-25 11:18:29,-110.09,0xff,0xa9,0xff,0xe1,0x61,0x9f,"ff a9 ff e1 61 9f 00 00"
2025-10-25 11:18:29,-110.38,0xff,0xa9,0xff,0xe1,0x61,0x82,"ff a9 ff e1 61 82 00 00"
2025-10-25 11:18:29,-110.68,0xff,0xa9,0xff,0xe1,0x61,0x64,"ff a9 ff e1 61 64 00 00"
2025-10-25 11:18:29,-110.97,0xff,0xa9,0xff,0xe1,0x61,0x47,"ff a9 ff e1 61 47 00 00"
2025-10-25 11:18:29,-111.25,0xff,0xa9,0xff,0xdb,0x61,0x2b,"ff a9 ff db 61 2b 00 00"
2025-10-25 11:18:29,-111.53,0xff,0xa9,0xff,0xdb,0x61,0x0f,"ff a9 ff db 61 0f 00 00"
2025-10-25 11:18:29,-111.81,0xff,0xa9,0xff,0xdb,0x60,0xf3,"ff a9 ff db 60 f3 00 00"
2025-10-25 11:18:29,-112.08,0xff,0xa9,0xff,0xd5,0x60,0xd8,"ff a9 ff d5 60 d8 00 00"
2025-10-25 11:18:29,-112.36,0xff,0xa9,0xff,0xd5,0x60,0xbc,"ff a9 ff d5 60 bc 00 00"
2025-10-25 11:18:29,-112.63,0xff,0xa9,0xff,0xd5,0x60,0xa1,"ff a9 ff d5 60 a1 00 00"
2025-10-25 11:18:29,-112.91,0xff,0xa9,0xff,0xd5,0x60,0x85,"ff a9 ff d5 60 85 00 00"
2025-10-25 11:18:29,-113.2,0xff,0xa9,0xff,0xd5,0x60,0x68,"ff a9 ff d5 60 68 00 00"
2025-10-25 11:18:29,-113.47,0xff,0xa9,0xff,0xd5,0x60,0x4d,"ff a9 ff d5 60 4d 00 00"
2025-10-25 11:18:29,-113.73,0xff,0xa9,0xff,0xd5,0x60,0x33,"ff a9 ff d5 60 33 00 00"
2025-10-25 11:18:29,-114,0xff,0xa9,0xff,0xdb,0x60,0x18,"ff a9 ff db 60 18 00 00"
2025-10-25 11:18:29,-114.25,0xff,0xa9,0xff,0xdb,0x5f,0xff,"ff a9 ff db 5f ff 00 00"
2025-10-25 11:18:29,-114.51,0xff,0xa9,0xff,0xdb,0x5f,0xe5,"ff a9 ff db 5f e5 00 00"
2025-10-25 11:18:29,-114.77,0xff,0xa9,0xff,0xd5,0x5f,0xcb,"ff a9 ff d5 5f cb 00 00"
2025-10-25 11:18:29,-115.02,0xff,0xa9,0xff,0xd5,0x5f,0xb2,"ff a9 ff d5 5f b2 00 00"
2025-10-25 11:18:29,-115.28,0xff,0xa9,0xff,0xd5,0x5f,0x98,"ff a9 ff d5 5f 98 00 00"
2025-10-25 11:18:29,-115.53,0xff,0xa9,0xff,0xd5,0x5f,0x7f,"ff a9 ff d5 5f 7f 00 00"
2025-10-25 11:18:29,-115.78,0xff,0xa9,0xff,0xd5,0x5f,0x66,"ff a9 ff d5 5f 66 00 00"
2025-10-25 11:18:29,-116.04,0xff,0xa9,0xff,0xd5,0x5f,0x4c,"ff a9 ff d5 5f 4c 00 00"
2025-10-25 11:18:29,-116.29,0xff,0xa9,0xff,0xd5,0x5f,0x33,"ff a9 ff d5 5f 33 00 00"
2025-10-25 11:18:29,-116.54,0xff,0xa9,0xff,0xd5,0x5f,0x1a,"ff a9 ff d5 5f 1a 00 00"
2025-10-25 11:18:29,-116.78,0xff,0xa9,0xff,0xd5,0x5f,0x02,"ff a9 ff d5 5f 02 00 00"
2025-10-25 11:18:29,-117.02,0xff,0xa9,0xff,0xd5,0x5e,0xea,"ff a9 ff d5 5e ea 00 00"
2025-10-25 11:18:29,-117.27,0xff,0xa9,0xff,0xd5,0x5e,0xd1,"ff a9 ff d5 5e d1 00 00"
2025-10-25 11:18:29,-117.52,0xff,0xa9,0xff,0xd5,0x5e,0xb8,"ff a9 ff d5 5e b8 00 00"
2025-10-25 11:18:29,-117.77,0xff,0xa9,0xff,0xd5,0x5e,0x9f,"ff a9 ff d5 5e 9f 00 00"
2025-10-25 11:18:29,-118.02,0xff,0xa9,0xff,0xd5,0x5e,0x86,"ff a9 ff d5 5e 86 00 00"
2025-10-25 11:18:29,-118.28,0xff,0xa9,0xff,0xd5,0x5e,0x6c,"ff a9 ff d5 5e 6c 00 00"
2025-10-25 11:18:29,-118.54,0xff,0xa9,0xff,0xd5,0x5e,0x52,"ff a9 ff d5 5e 52 00 00"
2025-10-25 11:18:29,-118.8,0xff,0xa9,0xff,0xd5,0x5e,0x38,"ff a9 ff d5 5e 38 00 00"
2025-10-25 11:18:29,-119.06,0xff,0xa9,0xff,0xd5,0x5e,0x1e,"ff a9 ff d5 5e 1e 00 00"
2025-10-25 11:18:29,-119.32,0xff,0xa9,0xff,0xce,0x5e,0x04,"ff a9 ff ce 5e 04 00 00"
2025-10-25 11:18:29,-119.59,0xff,0xa9,0xff,0xce,0x5d,0xe9,"ff a9 ff ce 5d e9 00 00"
2025-10-25 11:18:29,-119.85,0xff,0xa9,0xff,0xce,0x5d,0xcf,"ff a9 ff ce 5d cf 00 00"
2025-10-25 11:18:29,-120.12,0xff,0xa9,0xff,0xce,0x5d,0xb4,"ff a9 ff ce 5d b4 00 00"
2025-10-25 11:18:29,-120.38,0xff,0xa9,0xff,0xce,0x5d,0x9a,"ff a9 ff ce 5d 9a 00 00"
2025-10-25 11:18:29,-120.63,0xff,0xa9,0xff,0xd5,0x5d,0x81,"ff a9 ff d5 5d 81 00 00"
2025-10-25 11:18:29,-120.89,0xff,0xa9,0xff,0xd5,0x5d,0x67,"ff a9 ff d5 5d 67 00 00"
2025-10-25 11:18:29,-121.15,0xff,0xa9,0xff,0xd5,0x5d,0x4d,"ff a9 ff d5 5d 4d 00 00"
2025-10-25 11:18:29,-121.41,0xff,0xa9,0xff,0xd5,0x5d,0x33,"ff a9 ff d5 5d 33 00 00"
2025-10-25 11:18:29,-121.67,0xff,0xa9,0xff,0xd5,0x5d,0x19,"ff a9 ff d5 5d 19 00 00"
2025-10-25 11:18:29,-121.93,0xff,0xa9,0xff,0xd5,0x5c,0xff,"ff a9 ff d5 5c ff 00 00"
2025-10-25 11:18:29,-122.19,0xff,0xa9,0xff,0xd5,0x5c,0xe5,"ff a9 ff d5 5c e5 00 00"
2025-10-25 11:18:29,-122.46,0xff,0xa9,0xff,0xd5,0x5c,0xca,"ff a9 ff d5 5c ca 00 00"
2025-10-25 11:18:29,-122.72,0xff,0xa9,0xff,0xd5,0x5c,0xb0,"ff a9 ff d5 5c b0 00 00"
2025-10-25 11:18:30,-122.99,0xff,0xa9,0xff,0xd5,0x5c,0x95,"ff a9 ff d5 5c 95 00 00"
2025-10-25 11:18:30,-123.26,0xff,0xa9,0xff,0xd5,0x5c,0x7a,"ff a9 ff d5 5c 7a 00 00"
2025-10-25 11:18:30,-123.53,0xff,0xa9,0xff,0xd5,0x5c,0x5f,"ff a9 ff d5 5c 5f 00 00"
2025-10-25 11:18:30,-123.8,0xff,0xa9,0xff,0xd5,0x5c,0x44,"ff a9 ff d5 5c 44 00 00"
2025-10-25 11:18:30,-124.07,0xff,0xaf,0xff,0xd5,0x5c,0x29,"ff af ff d5 5c 29 00 00"
2025-10-25 11:18:30,-124.38,0xff,0xaf,0xff,0xd5,0x5c,0x0a,"ff af ff d5 5c 0a 00 00"
2025-10-25 11:18:30,-124.62,0xff,0xa9,0xff,0xd5,0x5b,0xf2,"ff a9 ff d5 5b f2 00 00"
2025-10-25 11:18:30,-124.91,0xff,0xa9,0xff,0xd5,0x5b,0xd5,"ff a9 ff d5 5b d5 00 00"
2025-10-25 11:18:30,-125.19,0xff,0xa9,0xff,0xd5,0x5b,0xb9,"ff a9 ff d5 5b b9 00 00"
2025-10-25 11:18:30,-125.48,0xff,0xa9,0xff,0xd5,0x5b,0x9c,"ff a9 ff d5 5b 9c 00 00"
2025-10-25 11:18:30,-125.77,0xff,0xa9,0xff,0xd5,0x5b,0x7f,"ff a9 ff d5 5b 7f 00 00"
2025-10-25 11:18:30,-126.07,0xff,0xa9,0xff,0xd5,0x5b,0x61,"ff a9 ff d5 5b 61 00 00"
2025-10-25 11:18:30,-126.37,0xff,0xa9,0xff,0xd5,0x5b,0x43,"ff a9 ff d5 5b 43 00 00"
2025-10-25 11:18:30,-126.67,0xff,0xaf,0xff,0xd5,0x5b,0x25,"ff af ff d5 5b 25 00 00"
2025-10-25 11:18:30,-126.96,0xff,0xaf,0xff,0xd5,0x5b,0x08,"ff af ff d5 5b 08 00 00"
2025-10-25 11:18:30,-127.26,0xff,0xaf,0xff,0xdb,0x5a,0xea,"ff af ff db 5a ea 00 00"
2025-10-25 11:18:30,-127.55,0xff,0xa9,0xff,0xd5,0x5a,0xcd,"ff a9 ff d5 5a cd 00 00"
2025-10-25 11:18:30,-127.84,0xff,0xa9,0xff,0xd5,0x5a,0xb0,"ff a9 ff d5 5a b0 00 00"
2025-10-25 11:18:30,-128.14,0xff,0xa9,0xff,0xd5,0x5a,0x92,"ff a9 ff d5 5a 92 00 00"
2025-10-25 11:18:30,-128.45,0xff,0xa3,0xff,0xd5,0x5a,0x73,"ff a3 ff d5 5a 73 00 00"
2025-10-25 11:18:30,-128.75,0xff,0xa3,0xff,0xd5,0x5a,0x55,"ff a3 ff d5 5a 55 00 00"
2025-10-25 11:18:30,-129.06,0xff,0xa3,0xff,0xd5,0x5a,0x36,"ff a3 ff d5 5a 36 00 00"
2025-10-25 11:18:30,-129.37,0xff,0xa3,0xff,0xce,0x5a,0x17,"ff a3 ff ce 5a 17 00 00"
2025-10-25 11:18:30,-129.69,0xff,0xa3,0xff,0xd5,0x59,0xf7,"ff a3 ff d5 59 f7 00 00"
2025-10-25 11:18:30,-130.02,0xff,0xa9,0xff,0xd5,0x59,0xd6,"ff a9 ff d5 59 d6 00 00"
2025-10-25 11:18:30,-130.35,0xff,0xa9,0xff,0xce,0x59,0xb5,"ff a9 ff ce 59 b5 00 00"
2025-10-25 11:18:30,-130.68,0xff,0xa9,0xff,0xd5,0x59,0x94,"ff a9 ff d5 59 94 00 00"
2025-10-25 11:18:30,-130.98,0xff,0xa9,0xff,0xd5,0x59,0x76,"ff a9 ff d5 59 76 00 00"
2025-10-25 11:18:30,-131.29,0xff,0xa9,0xff,0xd5,0x59,0x57,"ff a9 ff d5 59 57 00 00"
2025-10-25 11:18:30,-131.6,0xff,0xa9,0xff,0xd5,0x59,0x38,"ff a9 ff d5 59 38 00 00"
2025-10-25 11:18:30,-131.91,0xff,0xa9,0xff,0xd5,0x59,0x19,"ff a9 ff d5 59 19 00 00"
2025-10-25 11:18:30,-132.23,0xff,0xa9,0xff,0xd5,0x58,0xf9,"ff a9 ff d5 58 f9 00 00"
2025-10-25 11:18:30,-132.54,0xff,0xa9,0xff,0xd5,0x58,0xda,"ff a9 ff d5 58 da 00 00"
2025-10-25 11:18:30,-132.86,0xff,0xa9,0xff,0xce,0x58,0xba,"ff a9 ff ce 58 ba 00 00"
2025-10-25 11:18:30,-133.18,0xff,0xa9,0xff,0xce,0x58,0x9a,"ff a9 ff ce 58 9a 00 00"
2025-10-25 11:18:30,-133.5,0xff,0xa3,0xff,0xce,0x58,0x7a,"ff a3 ff ce 58 7a 00 00"
2025-10-25 11:18:30,-133.82,0xff,0xa3,0xff,0xce,0x58,0x5a,"ff a3 ff ce 58 5a 00 00"
2025-10-25 11:18:30,-134.14,0xff,0xa3,0xff,0xce,0x58,0x3a,"ff a3 ff ce 58 3a 00 00"
2025-10-25 11:18:30,-134.47,0xff,0xa3,0xff,0xce,0x58,0x19,"ff a3 ff ce 58 19 00 00"
2025-10-25 11:18:30,-134.8,0xff,0xa3,0xff,0xce,0x57,0xf8,"ff a3 ff ce 57 f8 00 00"
2025-10-25 11:18:30,-135.13,0xff,0xa3,0xff,0xd5,0x57,0xd7,"ff a3 ff d5 57 d7 00 00"
2025-10-25 11:18:30,-135.47,0xff,0xa3,0xff,0xd5,0x57,0xb5,"ff a3 ff d5 57 b5 00 00"
2025-10-25 11:18:30,-135.81,0xff,0xa3,0xff,0xd5,0x57,0x93,"ff a3 ff d5 57 93 00 00"
2025-10-25 11:18:30,-136.14,0xff,0xa3,0xff,0xd5,0x57,0x72,"ff a3 ff d5 57 72 00 00"
2025-10-25 11:18:30,-136.47,0xff,0xa3,0xff,0xd5,0x57,0x51,"ff a3 ff d5 57 51 00 00"
2025-10-25 11:18:30,-136.81,0xff,0xa3,0xff,0xd5,0x57,0x2f,"ff a3 ff d5 57 2f 00 00"
2025-10-25 11:18:30,-137.18,0xff,0xa3,0xff,0xd5,0x57,0x0a,"ff a3 ff d5 57 0a 00 00"
2025-10-25 11:18:30,-137.49,0xff,0xa3,0xff,0xd5,0x56,0xeb,"ff a3 ff d5 56 eb 00 00"
2025-10-25 11:18:30,-137.84,0xff,0xa3,0xff,0xd5,0x56,0xc8,"ff a3 ff d5 56 c8 00 00"
2025-10-25 11:18:30,-138.19,0xff,0xa3,0xff,0xd5,0x56,0xa5,"ff a3 ff d5 56 a5 00 00"
2025-10-25 11:18:30,-138.53,0xff,0xa3,0xff,0xd5,0x56,0x83,"ff a3 ff d5 56 83 00 00"
2025-10-25 11:18:31,-138.88,0xff,0xa3,0xff,0xd5,0x56,0x60,"ff a3 ff d5 56 60 00 00"
2025-10-25 11:18:31,-139.23,0xff,0xa3,0xff,0xd5,0x56,0x3d,"ff a3 ff d5 56 3d 00 00"
2025-10-25 11:18:31,-139.58,0xff,0xa3,0xff,0xd5,0x56,0x1a,"ff a3 ff d5 56 1a 00 00"
2025-10-25 11:18:31,-139.92,0xff,0xa3,0xff,0xd5,0x55,0xf8,"ff a3 ff d5 55 f8 00 00"
2025-10-25 11:18:31,-140.26,0xff,0xa3,0xff,0xd5,0x55,0xd6,"ff a3 ff d5 55 d6 00 00"
2025-10-25 11:18:31,-140.6,0xff,0xa3,0xff,0xdb,0x55,0xb4,"ff a3 ff db 55 b4 00 00"
2025-10-25 11:18:31,-140.95,0xff,0xa3,0xff,0xdb,0x55,0x91,"ff a3 ff db 55 91 00 00"
2025-10-25 11:18:31,-141.3,0xff,0xa3,0xff,0xdb,0x55,0x6e,"ff a3 ff db 55 6e 00 00"
2025-10-25 11:18:31,-141.65,0xff,0xa3,0xff,0xdb,0x55,0x4b,"ff a3 ff db 55 4b 00 00"
2025-10-25 11:18:31,-142,0xff,0xa3,0xff,0xdb,0x55,0x28,"ff a3 ff db 55 28 00 00"
2025-10-25 11:18:31,-142.35,0xff,0xa3,0xff,0xdb,0x55,0x05,"ff a3 ff db 55 05 00 00"
2025-10-25 11:18:31,-142.7,0xff,0xa3,0xff,0xdb,0x54,0xe2,"ff a3 ff db 54 e2 00 00"
2025-10-25 11:18:31,-143.05,0xff,0xa3,0xff,0xd5,0x54,0xbf,"ff a3 ff d5 54 bf 00 00"
2025-10-25 11:18:31,-143.4,0xff,0xa3,0xff,0xd5,0x54,0x9c,"ff a3 ff d5 54 9c 00 00"
2025-10-25 11:18:31,-143.75,0xff,0xa3,0xff,0xd5,0x54,0x79,"ff a3 ff d5 54 79 00 00"
2025-10-25 11:18:31,-144.47,0xff,0xa3,0xff,0xce,0x54,0x31,"ff a3 ff ce 54 31 00 00"
2025-10-25 11:18:31,-144.86,0xff,0x9c,0xff,0xce,0x54,0x0a,"ff 9c ff ce 54 0a 00 00"
2025-10-25 11:18:31,-145.17,0xff,0x9c,0xff,0xc8,0x53,0xeb,"ff 9c ff c8 53 eb 00 00"
2025-10-25 11:18:31,-145.51,0xff,0x9c,0xff,0xc8,0x53,0xc9,"ff 9c ff c8 53 c9 00 00"
2025-10-25 11:18:31,-145.85,0xff,0x9c,0xff,0xc8,0x53,0xa7,"ff 9c ff c8 53 a7 00 00"
2025-10-25 11:18:31,-146.19,0xff,0x9c,0xff,0xc8,0x53,0x85,"ff 9c ff c8 53 85 00 00"
2025-10-25 11:18:31,-146.54,0xff,0x9c,0xff,0xc8,0x53,0x62,"ff 9c ff c8 53 62 00 00"
2025-10-25 11:18:31,-146.88,0xff,0x9c,0xff,0xc8,0x53,0x40,"ff 9c ff c8 53 40 00 00"
2025-10-25 11:18:31,-147.21,0xff,0x9c,0xff,0xc8,0x53,0x1f,"ff 9c ff c8 53 1f 00 00"
2025-10-25 11:18:31,-147.55,0xff,0x9c,0xff,0xc8,0x52,0xfd,"ff 9c ff c8 52 fd 00 00"
2025-10-25 11:18:31,-147.89,0xff,0x9c,0xff,0xce,0x52,0xdb,"ff 9c ff ce 52 db 00 00"
2025-10-25 11:18:31,-148.23,0xff,0x9c,0xff,0xce,0x52,0xb9,"ff 9c ff ce 52 b9 00 00"
2025-10-25 11:18:31,-148.56,0xff,0x9c,0xff,0xce,0x52,0x98,"ff 9c ff ce 52 98 00 00"
2025-10-25 11:18:31,-148.89,0xff,0x9c,0xff,0xce,0x52,0x77,"ff 9c ff ce 52 77 00 00"
2025-10-25 11:18:31,-149.23,0xff,0x9c,0xff,0xce,0x52,0x55,"ff 9c ff ce 52 55 00 00"
2025-10-25 11:18:31,-149.54,0xff,0x9c,0xff,0xce,0x52,0x36,"ff 9c ff ce 52 36 00 00"
2025-10-25 11:18:31,-149.86,0xff,0x9c,0xff,0xc8,0x52,0x16,"ff 9c ff c8 52 16 00 00"
2025-10-25 11:18:31,-150.18,0xff,0x9c,0xff,0xce,0x51,0xf6,"ff 9c ff ce 51 f6 00 00"
2025-10-25 11:18:31,-150.5,0xff,0x9c,0xff,0xce,0x51,0xd6,"ff 9c ff ce 51 d6 00 00"
2025-10-25 11:18:31,-150.82,0xff,0x9c,0xff,0xce,0x51,0xb6,"ff 9c ff ce 51 b6 00 00"
2025-10-25 11:18:31,-151.17,0xff,0x9c,0xff,0xce,0x51,0x93,"ff 9c ff ce 51 93 00 00"
2025-10-25 11:18:31,-151.51,0xff,0x9c,0xff,0xce,0x51,0x71,"ff 9c ff ce 51 71 00 00"
2025-10-25 11:18:31,-151.85,0xff,0x9c,0xff,0xce,0x51,0x4f,"ff 9c ff ce 51 4f 00 00"
2025-10-25 11:18:31,-152.19,0xff,0x9c,0xff,0xce,0x51,0x2d,"ff 9c ff ce 51 2d 00 00"
2025-10-25 11:18:31,-152.54,0xff,0x9c,0xff,0xce,0x51,0x0a,"ff 9c ff ce 51 0a 00 00"
2025-10-25 11:18:31,-152.88,0xff,0x9c,0xff,0xce,0x50,0xe8,"ff 9c ff ce 50 e8 00 00"
2025-10-25 11:18:31,-153.23,0xff,0x9c,0xff,0xc8,0x50,0xc5,"ff 9c ff c8 50 c5 00 00"
2025-10-25 11:18:31,-153.57,0xff,0x9c,0xff,0xc8,0x50,0xa3,"ff 9c ff c8 50 a3 00 00"
2025-10-25 11:18:31,-153.9,0xff,0x9c,0xff,0xc8,0x50,0x82,"ff 9c ff c8 50 82 00 00"
2025-10-25 11:18:31,-154.23,0xff,0x9c,0xff,0xc8,0x50,0x61,"ff 9c ff c8 50 61 00 00"
2025-10-25 11:18:31,-154.57,0xff,0x9c,0xff,0xc8,0x50,0x3f,"ff 9c ff c8 50 3f 00 00"
2025-10-25 11:18:31,-154.92,0xff,0x9c,0xff,0xc8,0x50,0x1c,"ff 9c ff c8 50 1c 00 00"
2025-10-25 11:18:31,-155.27,0xff,0x9c,0xff,0xc8,0x4f,0xf9,"ff 9c ff c8 4f f9 00 00"
2025-10-25 11:18:31,-155.6,0xff,0x9c,0xff,0xce,0x4f,0xd8,"ff 9c ff ce 4f d8 00 00"
2025-10-25 11:18:31,-155.93,0xff,0x9c,0xff,0xc8,0x4f,0xb7,"ff 9c ff c8 4f b7 00 00"
2025-10-25 11:18:32,-156.26,0xff,0x9c,0xff,0xce,0x4f,0x96,"ff 9c ff ce 4f 96 00 00"
2025-10-25 11:18:32,-156.6,0xff,0x9c,0xff,0xce,0x4f,0x74,"ff 9c ff ce 4f 74 00 00"
2025-10-25 11:18:32,-156.94,0xff,0x9c,0xff,0xce,0x4f,0x52,"ff 9c ff ce 4f 52 00 00"
2025-10-25 11:18:32,-157.29,0xff,0x9c,0xff,0xce,0x4f,0x2f,"ff 9c ff ce 4f 2f 00 00"
2025-10-25 11:18:32,-157.66,0xff,0x9c,0xff,0xce,0x4f,0x0a,"ff 9c ff ce 4f 0a 00 00"
2025-10-25 11:18:32,-157.98,0xff,0x9c,0xff,0xce,0x4e,0xea,"ff 9c ff ce 4e ea 00 00"
2025-10-25 11:18:32,-158.35,0xff,0x9c,0xff,0xce,0x4e,0xc5,"ff 9c ff ce 4e c5 00 00"
2025-10-25 11:18:32,-158.71,0xff,0x9c,0xff,0xce,0x4e,0xa1,"ff 9c ff ce 4e a1 00 00"
2025-10-25 11:18:32,-159.06,0xff,0x9c,0xff,0xce,0x4e,0x7e,"ff 9c ff ce 4e 7e 00 00"
2025-10-25 11:18:32,-159.42,0xff,0x9c,0xff,0xce,0x4e,0x5a,"ff 9c ff ce 4e 5a 00 00"
2025-10-25 11:18:32,-159.78,0xff,0x9c,0xff,0xce,0x4e,0x36,"ff 9c ff ce 4e 36 00 00"
2025-10-25 11:18:32,-160.14,0xff,0x9c,0xff,0xce,0x4e,0x12,"ff 9c ff ce 4e 12 00 00"
2025-10-25 11:18:32,-160.5,0xff,0x9c,0xff,0xce,0x4d,0xee,"ff 9c ff ce 4d ee 00 00"
2025-10-25 11:18:32,-160.86,0xff,0x9c,0xff,0xce,0x4d,0xca,"ff 9c ff ce 4d ca 00 00"
2025-10-25 11:18:32,-161.23,0xff,0x9c,0xff,0xce,0x4d,0xa5,"ff 9c ff ce 4d a5 00 00"
2025-10-25 11:18:32,-161.59,0xff,0x9c,0xff,0xce,0x4d,0x81,"ff 9c ff ce 4d 81 00 00"
2025-10-25 11:18:32,-161.96,0xff,0x9c,0xff,0xce,0x4d,0x5c,"ff 9c ff ce 4d 5c 00 00"
2025-10-25 11:18:32,-162.33,0xff,0x9c,0xff,0xce,0x4d,0x37,"ff 9c ff ce 4d 37 00 00"
2025-10-25 11:18:32,-162.69,0xff,0x9c,0xff,0xce,0x4d,0x13,"ff 9c ff ce 4d 13 00 00"
2025-10-25 11:18:32,-163.06,0xff,0x9c,0xff,0xce,0x4c,0xee,"ff 9c ff ce 4c ee 00 00"
2025-10-25 11:18:32,-163.43,0xff,0x9c,0xff,0xce,0x4c,0xc9,"ff 9c ff ce 4c c9 00 00"
2025-10-25 11:18:32,-163.78,0xff,0x9c,0xff,0xce,0x4c,0xa6,"ff 9c ff ce 4c a6 00 00"
2025-10-25 11:18:32,-164.14,0xff,0x9c,0xff,0xce,0x4c,0x82,"ff 9c ff ce 4c 82 00 00"
2025-10-25 11:18:32,-164.49,0xff,0x9c,0xff,0xce,0x4c,0x5f,"ff 9c ff ce 4c 5f 00 00"
2025-10-25 11:18:32,-164.85,0xff,0x9c,0xff,0xce,0x4c,0x3b,"ff 9c ff ce 4c 3b 00 00"
2025-10-25 11:18:32,-165.21,0xff,0x9c,0xff,0xce,0x4c,0x17,"ff 9c ff ce 4c 17 00 00"
2025-10-25 11:18:32,-165.57,0xff,0x9c,0xff,0xce,0x4b,0xf3,"ff 9c ff ce 4b f3 00 00"
2025-10-25 11:18:32,-165.95,0xff,0x9c,0xff,0xce,0x4b,0xcd,"ff 9c ff ce 4b cd 00 00"
2025-10-25 11:18:32,-166.33,0xff,0x9c,0xff,0xce,0x4b,0xa7,"ff 9c ff ce 4b a7 00 00"
2025-10-25 11:18:32,-166.7,0xff,0x9c,0xff,0xce,0x4b,0x82,"ff 9c ff ce 4b 82 00 00"
2025-10-25 11:18:32,-167.06,0xff,0x9c,0xff,0xce,0x4b,0x5e,"ff 9c ff ce 4b 5e 00 00"
2025-10-25 11:18:32,-167.42,0xff,0x96,0xff,0xce,0x4b,0x3a,"ff 96 ff ce 4b 3a 00 00"
2025-10-25 11:18:32,-167.78,0xff,0x96,0xff,0xce,0x4b,0x16,"ff 96 ff ce 4b 16 00 00"
2025-10-25 11:18:32,-168.14,0xff,0x96,0xff,0xc8,0x4a,0xf2,"ff 96 ff c8 4a f2 00 00"
2025-10-25 11:18:32,-168.5,0xff,0x96,0xff,0xc8,0x4a,0xce,"ff 96 ff c8 4a ce 00 00"
2025-10-25 11:18:32,-168.86,0xff,0x96,0xff,0xc8,0x4a,0xaa,"ff 96 ff c8 4a aa 00 00"
2025-10-25 11:18:32,-169.23,0xff,0x96,0xff,0xc8,0x4a,0x85,"ff 96 ff c8 4a 85 00 00"
2025-10-25 11:18:32,-169.59,0xff,0x96,0xff,0xc8,0x4a,0x61,"ff 96 ff c8 4a 61 00 00"
2025-10-25 11:18:32,-169.96,0xff,0x96,0xff,0xc2,0x4a,0x3c,"ff 96 ff c2 4a 3c 00 00"
2025-10-25 11:18:32,-170.32,0xff,0x96,0xff,0xc8,0x4a,0x18,"ff 96 ff c8 4a 18 00 00"
2025-10-25 11:18:32,-170.69,0xff,0x90,0xff,0xc8,0x49,0xf3,"ff 90 ff c8 49 f3 00 00"
2025-10-25 11:18:32,-171.06,0xff,0x90,0xff,0xc8,0x49,0xce,"ff 90 ff c8 49 ce 00 00"
2025-10-25 11:18:32,-171.43,0xff,0x90,0xff,0xc8,0x49,0xa9,"ff 90 ff c8 49 a9 00 00"
2025-10-25 11:18:32,-171.79,0xff,0x96,0xff,0xc8,0x49,0x85,"ff 96 ff c8 49 85 00 00"
2025-10-25 11:18:32,-172.16,0xff,0x96,0xff,0xc8,0x49,0x60,"ff 96 ff c8 49 60 00 00"
2025-10-25 11:18:32,-172.53,0xff,0x96,0xff,0xc8,0x49,0x3b,"ff 96 ff c8 49 3b 00 00"
2025-10-25 11:18:32,-172.89,0xff,0x96,0xff,0xc8,0x49,0x17,"ff 96 ff c8 49 17 00 00"
2025-10-25 11:18:32,-173.25,0xff,0x90,0xff,0xc8,0x48,0xf3,"ff 90 ff c8 48 f3 00 00"
2025-10-25 11:18:32,-173.62,0xff,0x90,0xff,0xc8,0x48,0xce,"ff 90 ff c8 48 ce 00 00"
2025-10-25 11:18:32,-174,0xff,0x90,0xff,0xc2,0x48,0xa8,"ff 90 ff c2 48 a8 00 00"
2025-10-25 11:18:33,-174.37,0xff,0x90,0xff,0xc2,0x48,0x83,"ff 90 ff c2 48 83 00 00"
2025-10-25 11:18:33,-174.74,0xff,0x90,0xff,0xc2,0x48,0x5e,"ff 90 ff c2 48 5e 00 00"
2025-10-25 11:18:33,-175.11,0xff,0x90,0xff,0xc2,0x48,0x39,"ff 90 ff c2 48 39 00 00"
2025-10-25 11:18:33,-175.48,0xff,0x90,0xff,0xc2,0x48,0x14,"ff 90 ff c2 48 14 00 00"
2025-10-25 11:18:33,-175.85,0xff,0x90,0xff,0xc2,0x47,0xef,"ff 90 ff c2 47 ef 00 00"
2025-10-25 11:18:33,-176.2,0xff,0x90,0xff,0xc2,0x47,0xcc,"ff 90 ff c2 47 cc 00 00"
2025-10-25 11:18:33,-176.55,0xff,0x90,0xff,0xc2,0x47,0xa9,"ff 90 ff c2 47 a9 00 00"
2025-10-25 11:18:33,-176.9,0xff,0x90,0xff,0xc2,0x47,0x86,"ff 90 ff c2 47 86 00 00"
2025-10-25 11:18:33,-177.26,0xff,0x90,0xff,0xc8,0x47,0x62,"ff 90 ff c8 47 62 00 00"
2025-10-25 11:18:33,-177.61,0xff,0x90,0xff,0xc8,0x47,0x3f,"ff 90 ff c8 47 3f 00 00"
2025-10-25 11:18:33,-177.97,0xff,0x8a,0xff,0xc8,0x47,0x1b,"ff 8a ff c8 47 1b 00 00"
2025-10-25 11:18:33,-178.33,0xff,0x8a,0xff,0xc8,0x46,0xf7,"ff 8a ff c8 46 f7 00 00"
2025-10-25 11:18:33,-178.68,0xff,0x8a,0xff,0xc8,0x46,0xd4,"ff 8a ff c8 46 d4 00 00"
2025-10-25 11:18:33,-179.04,0xff,0x8a,0xff,0xc8,0x46,0xb0,"ff 8a ff c8 46 b0 00 00"
2025-10-25 11:18:33,-179.4,0xff,0x8a,0xff,0xc8,0x46,0x8c,"ff 8a ff c8 46 8c 00 00"
2025-10-25 11:18:33,-179.77,0xff,0x8a,0xff,0xc8,0x46,0x67,"ff 8a ff c8 46 67 00 00"
2025-10-25 11:18:33,179.86,0xff,0x8a,0xff,0xc8,0x46,0x42,"ff 8a ff c8 46 42 00 00"
2025-10-25 11:18:33,179.49,0xff,0x8a,0xff,0xc8,0x46,0x1d,"ff 8a ff c8 46 1d 00 00"
2025-10-25 11:18:33,179.13,0xff,0x8a,0xff,0xc8,0x45,0xf9,"ff 8a ff c8 45 f9 00 00"
2025-10-25 11:18:33,178.76,0xff,0x8a,0xff,0xc8,0x45,0xd4,"ff 8a ff c8 45 d4 00 00"
2025-10-25 11:18:33,178.39,0xff,0x8a,0xff,0xc8,0x45,0xaf,"ff 8a ff c8 45 af 00 00"
2025-10-25 11:18:33,178.02,0xff,0x8a,0xff,0xc8,0x45,0x8a,"ff 8a ff c8 45 8a 00 00"
2025-10-25 11:18:33,177.64,0xff,0x8a,0xff,0xc8,0x45,0x64,"ff 8a ff c8 45 64 00 00"
2025-10-25 11:18:33,177.26,0xff,0x8a,0xff,0xc8,0x45,0x3e,"ff 8a ff c8 45 3e 00 00"
2025-10-25 11:18:33,176.9,0xff,0x8a,0xff,0xc8,0x45,0x1a,"ff 8a ff c8 45 1a 00 00"
2025-10-25 11:18:33,176.54,0xff,0x8a,0xff,0xc8,0x44,0xf6,"ff 8a ff c8 44 f6 00 00"
2025-10-25 11:18:33,176.18,0xff,0x8a,0xff,0xc8,0x44,0xd2,"ff 8a ff c8 44 d2 00 00"
2025-10-25 11:18:33,175.81,0xff,0x8a,0xff,0xc8,0x44,0xad,"ff 8a ff c8 44 ad 00 00"
2025-10-25 11:18:33,175.45,0xff,0x8a,0xff,0xc8,0x44,0x89,"ff 8a ff c8 44 89 00 00"
2025-10-25 11:18:33,175.08,0xff,0x8a,0xff,0xc8,0x44,0x64,"ff 8a ff c8 44 64 00 00"
2025-10-25 11:18:33,174.7,0xff,0x8a,0xff,0xce,0x44,0x3e,"ff 8a ff ce 44 3e 00 00"
2025-10-25 11:18:33,174.32,0xff,0x8a,0xff,0xce,0x44,0x18,"ff 8a ff ce 44 18 00 00"
2025-10-25 11:18:33,173.95,0xff,0x8a,0xff,0xce,0x43,0xf3,"ff 8a ff ce 43 f3 00 00"
2025-10-25 11:18:33,173.56,0xff,0x8a,0xff,0xce,0x43,0xcc,"ff 8a ff ce 43 cc 00 00"
2025-10-25 11:18:33,173.17,0xff,0x8a,0xff,0xce,0x43,0xa5,"ff 8a ff ce 43 a5 00 00"
2025-10-25 11:18:33,172.79,0xff,0x8a,0xff,0xce,0x43,0x7f,"ff 8a ff ce 43 7f 00 00"
2025-10-25 11:18:33,172.4,0xff,0x8a,0xff,0xce,0x43,0x58,"ff 8a ff ce 43 58 00 00"
2025-10-25 11:18:33,172,0xff,0x8a,0xff,0xce,0x43,0x30,"ff 8a ff ce 43 30 00 00"
2025-10-25 11:18:33,171.6,0xff,0x8a,0xff,0xce,0x43,0x08,"ff 8a ff ce 43 08 00 00"
2025-10-25 11:18:33,171.2,0xff,0x8a,0xff,0xce,0x42,0xe0,"ff 8a ff ce 42 e0 00 00"
2025-10-25 11:18:33,170.79,0xff,0x8a,0xff,0xce,0x42,0xb7,"ff 8a ff ce 42 b7 00 00"
2025-10-25 11:18:33,170.36,0xff,0x83,0xff,0xd5,0x42,0x8c,"ff 83 ff d5 42 8c 00 00"
2025-10-25 11:18:33,169.96,0xff,0x83,0xff,0xd5,0x42,0x64,"ff 83 ff d5 42 64 00 00"
2025-10-25 11:18:33,169.55,0xff,0x83,0xff,0xd5,0x42,0x3b,"ff 83 ff d5 42 3b 00 00"
2025-10-25 11:18:33,169.13,0xff,0x83,0xff,0xd5,0x42,0x11,"ff 83 ff d5 42 11 00 00"
2025-10-25 11:18:33,168.71,0xff,0x83,0xff,0xd5,0x41,0xe7,"ff 83 ff d5 41 e7 00 00"
2025-10-25 11:18:33,168.29,0xff,0x83,0xff,0xd5,0x41,0xbd,"ff 83 ff d5 41 bd 00 00"
2025-10-25 11:18:33,167.87,0xff,0x83,0xff,0xd5,0x41,0x93,"ff 83 ff d5 41 93 00 00"
2025-10-25 11:18:33,167.45,0xff,0x83,0xff,0xd5,0x41,0x69,"ff 83 ff d5 41 69 00 00"
2025-10-25 11:18:33,167.03,0xff,0x83,0xff,0xd5,0x41,0x3f,"ff 83 ff d5 41 3f 00 00"
2025-10-25 11:18:33,166.62,0xff,0x83,0xff,0xd5,0x41,0x16,"ff 83 ff d5 41 16 00 00"
2025-10-25 11:18:34,166.2,0xff,0x7d,0xff,0xd5,0x40,0xec,"ff 7d ff d5 40 ec 00 00"
2025-10-25 11:18:34,165.78,0xff,0x7d,0xff,0xd5,0x40,0xc2,"ff 7d ff d5 40 c2 00 00"
2025-10-25 11:18:34,165.36,0xff,0x7d,0xff,0xd5,0x40,0x98,"ff 7d ff d5 40 98 00 00"
2025-10-25 11:18:34,164.94,0xff,0x7d,0xff,0xd5,0x40,0x6e,"ff 7d ff d5 40 6e 00 00"
2025-10-25 11:18:34,164.52,0xff,0x7d,0xff,0xd5,0x40,0x44,"ff 7d ff d5 40 44 00 00"
2025-10-25 11:18:34,164.11,0xff,0x7d,0xff,0xdb,0x40,0x1b,"ff 7d ff db 40 1b 00 00"
2025-10-25 11:18:34,163.69,0xff,0x83,0xff,0xdb,0x3f,0xf1,"ff 83 ff db 3f f1 00 00"
2025-10-25 11:18:34,163.3,0xff,0x83,0xff,0xd5,0x3f,0xca,"ff 83 ff d5 3f ca 00 00"
2025-10-25 11:18:34,162.9,0xff,0x83,0xff,0xd5,0x3f,0xa2,"ff 83 ff d5 3f a2 00 00"
2025-10-25 11:18:34,162.51,0xff,0x8a,0xff,0xce,0x3f,0x7b,"ff 8a ff ce 3f 7b 00 00"
2025-10-25 11:18:34,162.09,0xff,0x83,0xff,0xc8,0x3f,0x51,"ff 83 ff c8 3f 51 00 00"
2025-10-25 11:18:34,161.68,0xff,0x83,0xff,0xc8,0x3f,0x28,"ff 83 ff c8 3f 28 00 00"
2025-10-25 11:18:34,161.27,0xff,0x83,0xff,0xc8,0x3e,0xff,"ff 83 ff c8 3e ff 00 00"
2025-10-25 11:18:34,160.86,0xff,0x83,0xff,0xc8,0x3e,0xd6,"ff 83 ff c8 3e d6 00 00"
2025-10-25 11:18:34,160.47,0xff,0x83,0xff,0xc2,0x3e,0xaf,"ff 83 ff c2 3e af 00 00"
2025-10-25 11:18:34,160.08,0xff,0x7d,0xff,0xc2,0x3e,0x88,"ff 7d ff c2 3e 88 00 00"
2025-10-25 11:18:34,159.68,0xff,0x7d,0xff,0xc8,0x3e,0x60,"ff 7d ff c8 3e 60 00 00"
2025-10-25 11:18:34,159.28,0xff,0x7d,0xff,0xc8,0x3e,0x38,"ff 7d ff c8 3e 38 00 00"
2025-10-25 11:18:34,158.88,0xff,0x7d,0xff,0xc8,0x3e,0x10,"ff 7d ff c8 3e 10 00 00"
2025-10-25 11:18:34,158.48,0xff,0x7d,0xff,0xc8,0x3d,0xe8,"ff 7d ff c8 3d e8 00 00"
2025-10-25 11:18:34,158.08,0xff,0x83,0xff,0xc8,0x3d,0xc0,"ff 83 ff c8 3d c0 00 00"
2025-10-25 11:18:34,157.68,0xff,0x83,0xff,0xc8,0x3d,0x98,"ff 83 ff c8 3d 98 00 00"
2025-10-25 11:18:34,157.28,0xff,0x83,0xff,0xc8,0x3d,0x70,"ff 83 ff c8 3d 70 00 00"
2025-10-25 11:18:34,156.87,0xff,0x83,0xff,0xc8,0x3d,0x47,"ff 83 ff c8 3d 47 00 00"
2025-10-25 11:18:34,156.47,0xff,0x83,0xff,0xc8,0x3d,0x1f,"ff 83 ff c8 3d 1f 00 00"
2025-10-25 11:18:34,156.06,0xff,0x83,0xff,0xc8,0x3c,0xf6,"ff 83 ff c8 3c f6 00 00"
2025-10-25 11:18:34,155.65,0xff,0x7d,0xff,0xc2,0x3c,0xcd,"ff 7d ff c2 3c cd 00 00"
2025-10-25 11:18:34,155.24,0xff,0x7d,0xff,0xc2,0x3c,0xa4,"ff 7d ff c2 3c a4 00 00"
2025-10-25 11:18:34,154.85,0xff,0x7d,0xff,0xc2,0x3c,0x7d,"ff 7d ff c2 3c 7d 00 00"
2025-10-25 11:18:34,154.46,0xff,0x7d,0xff,0xc2,0x3c,0x56,"ff 7d ff c2 3c 56 00 00"
2025-10-25 11:18:34,154.06,0xff,0x7d,0xff,0xc2,0x3c,0x2e,"ff 7d ff c2 3c 2e 00 00"
2025-10-25 11:18:34,153.63,0xff,0x7d,0xff,0xc2,0x3c,0x03,"ff 7d ff c2 3c 03 00 00"
2025-10-25 11:18:34,153.21,0xff,0x7d,0xff,0xc8,0x3b,0xd9,"ff 7d ff c8 3b d9 00 00"
2025-10-25 11:18:34,152.79,0xff,0x7d,0xff,0xc8,0x3b,0xaf,"ff 7d ff c8 3b af 00 00"
2025-10-25 11:18:34,152.37,0xff,0x7d,0xff,0xc8,0x3b,0x85,"ff 7d ff c8 3b 85 00 00"
2025-10-25 11:18:34,151.97,0xff,0x7d,0xff,0xc8,0x3b,0x5d,"ff 7d ff c8 3b 5d 00 00"
2025-10-25 11:18:34,151.57,0xff,0x7d,0xff,0xc8,0x3b,0x35,"ff 7d ff c8 3b 35 00 00"
2025-10-25 11:18:34,151.16,0xff,0x7d,0xff,0xc8,0x3b,0x0c,"ff 7d ff c8 3b 0c 00 00"
2025-10-25 11:18:34,150.74,0xff,0x7d,0xff,0xc2,0x3a,0xe2,"ff 7d ff c2 3a e2 00 00"
2025-10-25 11:18:34,150.32,0xff,0x7d,0xff,0xc2,0x3a,0xb8,"ff 7d ff c2 3a b8 00 00"
2025-10-25 11:18:34,149.89,0xff,0x7d,0xff,0xc2,0x3a,0x8d,"ff 7d ff c2 3a 8d 00 00"
2025-10-25 11:18:34,149.46,0xff,0x7d,0xff,0xc2,0x3a,0x62,"ff 7d ff c2 3a 62 00 00"
2025-10-25 11:18:34,149.04,0xff,0x7d,0xff,0xc2,0x3a,0x38,"ff 7d ff c2 3a 38 00 00"
2025-10-25 11:18:34,148.64,0xff,0x7d,0xff,0xc2,0x3a,0x10,"ff 7d ff c2 3a 10 00 00"
2025-10-25 11:18:34,148.23,0xff,0x7d,0xff,0xc2,0x39,0xe7,"ff 7d ff c2 39 e7 00 00"
2025-10-25 11:18:34,147.82,0xff,0x7d,0xff,0xc2,0x39,0xbe,"ff 7d ff c2 39 be 00 00"
2025-10-25 11:18:34,147.42,0xff,0x7d,0xff,0xc2,0x39,0x96,"ff 7d ff c2 39 96 00 00"
2025-10-25 11:18:34,147.01,0xff,0x7d,0xff,0xc2,0x39,0x6d,"ff 7d ff c2 39 6d 00 00"
2025-10-25 11:18:34,146.59,0xff,0x7d,0xff,0xc2,0x39,0x43,"ff 7d ff c2 39 43 00 00"
2025-10-25 11:18:34,146.18,0xff,0x7d,0xff,0xc8,0x39,0x1a,"ff 7d ff c8 39 1a 00 00"
2025-10-25 11:18:34,145.76,0xff,0x7d,0xff,0xc2,0x38,0xf0,"ff 7d ff c2 38 f0 00 00"
2025-10-25 11:18:35,145.35,0xff,0x7d,0xff,0xc2,0x38,0xc7,"ff 7d ff c2 38 c7 00 00"
2025-10-25 11:18:35,144.93,0xff,0x7d,0xff,0xc2,0x38,0x9d,"ff 7d ff c2 38 9d 00 00"
2025-10-25 11:18:35,144.51,0xff,0x7d,0xff,0xc2,0x38,0x73,"ff 7d ff c2 38 73 00 00"
2025-10-25 11:18:35,144.1,0xff,0x7d,0xff,0xc2,0x38,0x4a,"ff 7d ff c2 38 4a 00 00"
2025-10-25 11:18:35,143.68,0xff,0x7d,0xff,0xc2,0x38,0x20,"ff 7d ff c2 38 20 00 00"
2025-10-25 11:18:35,143.26,0xff,0x7d,0xff,0xc2,0x37,0xf6,"ff 7d ff c2 37 f6 00 00"
2025-10-25 11:18:35,142.85,0xff,0x7d,0xff,0xc8,0x37,0xcd,"ff 7d ff c8 37 cd 00 00"
2025-10-25 11:18:35,142.43,0xff,0x7d,0xff,0xc8,0x37,0xa3,"ff 7d ff c8 37 a3 00 00"
2025-10-25 11:18:35,142.01,0xff,0x7d,0xff,0xc8,0x37,0x79,"ff 7d ff c8 37 79 00 00"
2025-10-25 11:18:35,141.18,0xff,0x77,0xff,0xc8,0x37,0x26,"ff 77 ff c8 37 26 00 00"
2025-10-25 11:18:35,140.76,0xff,0x7d,0xff,0xc8,0x36,0xfc,"ff 7d ff c8 36 fc 00 00"
2025-10-25 11:18:35,140.35,0xff,0x7d,0xff,0xc8,0x36,0xd3,"ff 7d ff c8 36 d3 00 00"
2025-10-25 11:18:35,139.93,0xff,0x7d,0xff,0xc8,0x36,0xa9,"ff 7d ff c8 36 a9 00 00"
2025-10-25 11:18:35,139.52,0xff,0x7d,0xff,0xc8,0x36,0x80,"ff 7d ff c8 36 80 00 00"
2025-10-25 11:18:35,139.11,0xff,0x7d,0xff,0xc8,0x36,0x57,"ff 7d ff c8 36 57 00 00"
2025-10-25 11:18:35,138.69,0xff,0x7d,0xff,0xc8,0x36,0x2d,"ff 7d ff c8 36 2d 00 00"
2025-10-25 11:18:35,138.28,0xff,0x7d,0xff,0xc8,0x36,0x04,"ff 7d ff c8 36 04 00 00"
2025-10-25 11:18:35,137.89,0xff,0x7d,0xff,0xc8,0x35,0xdd,"ff 7d ff c8 35 dd 00 00"
2025-10-25 11:18:35,137.5,0xff,0x83,0xff,0xc2,0x35,0xb6,"ff 83 ff c2 35 b6 00 00"
2025-10-25 11:18:35,137.11,0xff,0x7d,0xff,0xc2,0x35,0x8f,"ff 7d ff c2 35 8f 00 00"
2025-10-25 11:18:35,136.71,0xff,0x7d,0xff,0xc2,0x35,0x67,"ff 7d ff c2 35 67 00 00"
2025-10-25 11:18:35,136.3,0xff,0x7d,0xff,0xc2,0x35,0x3e,"ff 7d ff c2 35 3e 00 00"
2025-10-25 11:18:35,135.88,0xff,0x7d,0xff,0xc2,0x35,0x14,"ff 7d ff c2 35 14 00 00"
2025-10-25 11:18:35,135.47,0xff,0x7d,0xff,0xc8,0x34,0xeb,"ff 7d ff c8 34 eb 00 00"
2025-10-25 11:18:35,135.07,0xff,0x7d,0xff,0xc8,0x34,0xc3,"ff 7d ff c8 34 c3 00 00"
2025-10-25 11:18:35,134.67,0xff,0x7d,0xff,0xc8,0x34,0x9b,"ff 7d ff c8 34 9b 00 00"
2025-10-25 11:18:35,134.28,0xff,0x7d,0xff,0xc8,0x34,0x74,"ff 7d ff c8 34 74 00 00"
2025-10-25 11:18:35,133.88,0xff,0x7d,0xff,0xc8,0x34,0x4c,"ff 7d ff c8 34 4c 00 00"
2025-10-25 11:18:35,133.48,0xff,0x83,0xff,0xc8,0x34,0x24,"ff 83 ff c8 34 24 00 00"
2025-10-25 11:18:35,133.07,0xff,0x83,0xff,0xc8,0x33,0xfb,"ff 83 ff c8 33 fb 00 00"
2025-10-25 11:18:35,132.67,0xff,0x83,0xff,0xc8,0x33,0xd3,"ff 83 ff c8 33 d3 00 00"
2025-10-25 11:18:35,132.27,0xff,0x83,0xff,0xc8,0x33,0xab,"ff 83 ff c8 33 ab 00 00"
2025-10-25 11:18:35,131.87,0xff,0x83,0xff,0xc8,0x33,0x83,"ff 83 ff c8 33 83 00 00"
2025-10-25 11:18:35,131.47,0xff,0x83,0xff,0xc8,0x33,0x5b,"ff 83 ff c8 33 5b 00 00"
2025-10-25 11:18:35,131.07,0xff,0x83,0xff,0xc2,0x33,0x33,"ff 83 ff c2 33 33 00 00"
2025-10-25 11:18:35,130.67,0xff,0x83,0xff,0xc2,0x33,0x0b,"ff 83 ff c2 33 0b 00 00"
2025-10-25 11:18:35,130.27,0xff,0x83,0xff,0xc2,0x32,0xe3,"ff 83 ff c2 32 e3 00 00"
2025-10-25 11:18:35,129.88,0xff,0x83,0xff,0xc2,0x32,0xbc,"ff 83 ff c2 32 bc 00 00"
2025-10-25 11:18:35,129.48,0xff,0x83,0xff,0xc2,0x32,0x94,"ff 83 ff c2 32 94 00 00"
2025-10-25 11:18:35,129.07,0xff,0x83,0xff,0xc8,0x32,0x6b,"ff 83 ff c8 32 6b 00 00"
2025-10-25 11:18:35,128.67,0xff,0x83,0xff,0xc8,0x32,0x43,"ff 83 ff c8 32 43 00 00"
2025-10-25 11:18:35,128.26,0xff,0x83,0xff,0xc8,0x32,0x1a,"ff 83 ff c8 32 1a 00 00"
2025-10-25 11:18:35,127.84,0xff,0x83,0xff,0xc8,0x31,0xf0,"ff 83 ff c8 31 f0 00 00"
2025-10-25 11:18:35,127.42,0xff,0x83,0xff,0xc8,0x31,0xc6,"ff 83 ff c8 31 c6 00 00"
2025-10-25 11:18:35,127,0xff,0x83,0xff,0xc8,0x31,0x9c,"ff 83 ff c8 31 9c 00 00"
2025-10-25 11:18:35,126.58,0xff,0x83,0xff,0xc8,0x31,0x72,"ff 83 ff c8 31 72 00 00"
2025-10-25 11:18:35,126.16,0xff,0x83,0xff,0xc8,0x31,0x48,"ff 83 ff c8 31 48 00 00"
2025-10-25 11:18:35,125.74,0xff,0x83,0xff,0xc8,0x31,0x1e,"ff 83 ff c8 31 1e 00 00"
2025-10-25 11:18:35,125.34,0xff,0x83,0xff,0xc8,0x30,0xf6,"ff 83 ff c8 30 f6 00 00"
2025-10-25 11:18:36,124.94,0xff,0x83,0xff,0xc8,0x30,0xce,"ff 83 ff c8 30 ce 00 00"
2025-10-25 11:18:36,124.55,0xff,0x83,0xff,0xc8,0x30,0xa7,"ff 83 ff c8 30 a7 00 00"
2025-10-25 11:18:36,124.15,0xff,0x83,0xff,0xc8,0x30,0x7f,"ff 83 ff c8 30 7f 00 00"
2025-10-25 11:18:36,123.75,0xff,0x83,0xff,0xc8,0x30,0x57,"ff 83 ff c8 30 57 00 00"
2025-10-25 11:18:36,123.35,0xff,0x83,0xff,0xc8,0x30,0x2f,"ff 83 ff c8 30 2f 00 00"
2025-10-25 11:18:36,122.95,0xff,0x83,0xff,0xc8,0x30,0x07,"ff 83 ff c8 30 07 00 00"
2025-10-25 11:18:36,122.55,0xff,0x83,0xff,0xc8,0x2f,0xdf,"ff 83 ff c8 2f df 00 00"
2025-10-25 11:18:36,122.15,0xff,0x83,0xff,0xc8,0x2f,0xb7,"ff 83 ff c8 2f b7 00 00"
2025-10-25 11:18:36,121.76,0xff,0x83,0xff,0xc8,0x2f,0x90,"ff 83 ff c8 2f 90 00 00"
2025-10-25 11:18:36,121.35,0xff,0x83,0xff,0xc8,0x2f,0x67,"ff 83 ff c8 2f 67 00 00"
2025-10-25 11:18:36,120.96,0xff,0x83,0xff,0xc8,0x2f,0x40,"ff 83 ff c8 2f 40 00 00"
2025-10-25 11:18:36,120.55,0xff,0x83,0xff,0xce,0x2f,0x17,"ff 83 ff ce 2f 17 00 00"
2025-10-25 11:18:36,120.15,0xff,0x83,0xff,0xce,0x2e,0xef,"ff 83 ff ce 2e ef 00 00"
2025-10-25 11:18:36,119.77,0xff,0x83,0xff,0xce,0x2e,0xc9,"ff 83 ff ce 2e c9 00 00"
2025-10-25 11:18:36,119.36,0xff,0x83,0xff,0xce,0x2e,0xa0,"ff 83 ff ce 2e a0 00 00"
2025-10-25 11:18:36,118.95,0xff,0x83,0xff,0xce,0x2e,0x77,"ff 83 ff ce 2e 77 00 00"
2025-10-25 11:18:36,118.54,0xff,0x83,0xff,0xce,0x2e,0x4e,"ff 83 ff ce 2e 4e 00 00"
2025-10-25 11:18:36,118.13,0xff,0x83,0xff,0xce,0x2e,0x25,"ff 83 ff ce 2e 25 00 00"
2025-10-25 11:18:36,117.72,0xff,0x8a,0xff,0xce,0x2d,0xfc,"ff 8a ff ce 2d fc 00 00"
2025-10-25 11:18:36,117.3,0xff,0x8a,0xff,0xce,0x2d,0xd2,"ff 8a ff ce 2d d2 00 00"
2025-10-25 11:18:36,116.91,0xff,0x8a,0xff,0xce,0x2d,0xab,"ff 8a ff ce 2d ab 00 00"
2025-10-25 11:18:36,116.52,0xff,0x8a,0xff,0xce,0x2d,0x84,"ff 8a ff ce 2d 84 00 00"
2025-10-25 11:18:36,116.13,0xff,0x8a,0xff,0xce,0x2d,0x5d,"ff 8a ff ce 2d 5d 00 00"
2025-10-25 11:18:36,115.74,0xff,0x83,0xff,0xce,0x2d,0x36,"ff 83 ff ce 2d 36 00 00"
2025-10-25 11:18:36,115.35,0xff,0x83,0xff,0xce,0x2d,0x0f,"ff 83 ff ce 2d 0f 00 00"
2025-10-25 11:18:36,114.97,0xff,0x83,0xff,0xce,0x2c,0xe9,"ff 83 ff ce 2c e9 00 00"
2025-10-25 11:18:36,114.58,0xff,0x7d,0xff,0xc8,0x2c,0xc2,"ff 7d ff c8 2c c2 00 00"
2025-10-25 11:18:36,114.19,0xff,0x77,0xff,0xc2,0x2c,0x9b,"ff 77 ff c2 2c 9b 00 00"
2025-10-25 11:18:36,113.8,0xff,0x77,0xff,0xbc,0x2c,0x74,"ff 77 ff bc 2c 74 00 00"
2025-10-25 11:18:36,113.4,0xff,0x77,0xff,0xbc,0x2c,0x4c,"ff 77 ff bc 2c 4c 00 00"
2025-10-25 11:18:36,113,0xff,0x77,0xff,0xc2,0x2c,0x24,"ff 77 ff c2 2c 24 00 00"
2025-10-25 11:18:36,112.6,0xff,0x77,0xff,0xc2,0x2b,0xfc,"ff 77 ff c2 2b fc 00 00"
2025-10-25 11:18:36,112.2,0xff,0x77,0xff,0xc2,0x2b,0xd4,"ff 77 ff c2 2b d4 00 00"
2025-10-25 11:18:36,111.8,0xff,0x77,0xff,0xc2,0x2b,0xac,"ff 77 ff c2 2b ac 00 00"
2025-10-25 11:18:36,111.39,0xff,0x77,0xff,0xc8,0x2b,0x83,"ff 77 ff c8 2b 83 00 00"
2025-10-25 11:18:36,110.99,0xff,0x7d,0xff,0xc8,0x2b,0x5b,"ff 7d ff c8 2b 5b 00 00"
2025-10-25 11:18:36,110.59,0xff,0x7d,0xff,0xc8,0x2b,0x33,"ff 7d ff c8 2b 33 00 00"
2025-10-25 11:18:36,110.19,0xff,0x7d,0xff,0xc8,0x2b,0x0b,"ff 7d ff c8 2b 0b 00 00"
2025-10-25 11:18:36,109.8,0xff,0x7d,0xff,0xc2,0x2a,0xe4,"ff 7d ff c2 2a e4 00 00"
2025-10-25 11:18:36,109.4,0xff,0x77,0xff,0xc2,0x2a,0xbc,"ff 77 ff c2 2a bc 00 00"
2025-10-25 11:18:36,109,0xff,0x77,0xff,0xc2,0x2a,0x94,"ff 77 ff c2 2a 94 00 00"
2025-10-25 11:18:36,108.61,0xff,0x77,0xff,0xbc,0x2a,0x6d,"ff 77 ff bc 2a 6d 00 00"
2025-10-25 11:18:36,108.21,0xff,0x77,0xff,0xbc,0x2a,0x45,"ff 77 ff bc 2a 45 00 00"
2025-10-25 11:18:36,107.81,0xff,0x77,0xff,0xbc,0x2a,0x1d,"ff 77 ff bc 2a 1d 00 00"
2025-10-25 11:18:36,107.41,0xff,0x77,0xff,0xbc,0x29,0xf5,"ff 77 ff bc 29 f5 00 00"
2025-10-25 11:18:36,107.01,0xff,0x77,0xff,0xc2,0x29,0xcd,"ff 77 ff c2 29 cd 00 00"
2025-10-25 11:18:36,106.62,0xff,0x77,0xff,0xc2,0x29,0xa6,"ff 77 ff c2 29 a6 00 00"
2025-10-25 11:18:36,106.24,0xff,0x77,0xff,0xc2,0x29,0x80,"ff 77 ff c2 29 80 00 00"
2025-10-25 11:18:36,105.86,0xff,0x71,0xff,0xc2,0x29,0x5a,"ff 71 ff c2 29 5a 00 00"
2025-10-25 11:18:36,105.48,0xff,0x71,0xff,0xc2,0x29,0x34,"ff 71 ff c2 29 34 00 00"
2025-10-25 11:18:36,105.1,0xff,0x71,0xff,0xc2,0x29,0x0e,"ff 71 ff c2 29 0e 00 00"
2025-10-25 11:18:37,104.72,0xff,0x71,0xff,0xc2,0x28,0xe8,"ff 71 ff c2 28 e8 00 00"
2025-10-25 11:18:37,104.34,0xff,0x71,0xff,0xbc,0x28,0xc2,"ff 71 ff bc 28 c2 00 00"
2025-10-25 11:18:37,103.96,0xff,0x71,0xff,0xbc,0x28,0x9c,"ff 71 ff bc 28 9c 00 00"
2025-10-25 11:18:37,103.58,0xff,0x71,0xff,0xbc,0x28,0x76,"ff 71 ff bc 28 76 00 00"
2025-10-25 11:18:37,103.21,0xff,0x71,0xff,0xbc,0x28,0x51,"ff 71 ff bc 28 51 00 00"
2025-10-25 11:18:37,102.83,0xff,0x71,0xff,0xbc,0x28,0x2b,"ff 71 ff bc 28 2b 00 00"
2025-10-25 11:18:37,102.45,0xff,0x71,0xff,0xbc,0x28,0x05,"ff 71 ff bc 28 05 00 00"
2025-10-25 11:18:37,102.07,0xff,0x71,0xff,0xbc,0x27,0xdf,"ff 71 ff bc 27 df 00 00"
2025-10-25 11:18:37,101.7,0xff,0x71,0xff,0xbc,0x27,0xba,"ff 71 ff bc 27 ba 00 00"
2025-10-25 11:18:37,101.32,0xff,0x71,0xff,0xbc,0x27,0x94,"ff 71 ff bc 27 94 00 00"
2025-10-25 11:18:37,100.94,0xff,0x71,0xff,0xbc,0x27,0x6e,"ff 71 ff bc 27 6e 00 00"
2025-10-25 11:18:37,100.57,0xff,0x71,0xff,0xc2,0x27,0x49,"ff 71 ff c2 27 49 00 00"
2025-10-25 11:18:37,100.2,0xff,0x71,0xff,0xc2,0x27,0x24,"ff 71 ff c2 27 24 00 00"
2025-10-25 11:18:37,99.83,0xff,0x71,0xff,0xc2,0x26,0xff,"ff 71 ff c2 26 ff 00 00"
2025-10-25 11:18:37,99.46,0xff,0x71,0xff,0xc2,0x26,0xda,"ff 71 ff c2 26 da 00 00"
2025-10-25 11:18:37,99.09,0xff,0x71,0xff,0xbc,0x26,0xb5,"ff 71 ff bc 26 b5 00 00"
2025-10-25 11:18:37,98.72,0xff,0x71,0xff,0xbc,0x26,0x90,"ff 71 ff bc 26 90 00 00"
2025-10-25 11:18:37,98.35,0xff,0x71,0xff,0xbc,0x26,0x6b,"ff 71 ff bc 26 6b 00 00"
2025-10-25 11:18:37,97.99,0xff,0x71,0xff,0xbc,0x26,0x47,"ff 71 ff bc 26 47 00 00"
2025-10-25 11:18:37,97.64,0xff,0x6a,0xff,0xbc,0x26,0x24,"ff 6a ff bc 26 24 00 00"
2025-10-25 11:18:37,97.28,0xff,0x6a,0xff,0xbc,0x26,0x00,"ff 6a ff bc 26 00 00 00"
2025-10-25 11:18:37,96.93,0xff,0x6a,0xff,0xbc,0x25,0xdd,"ff 6a ff bc 25 dd 00 00"
2025-10-25 11:18:37,96.57,0xff,0x6a,0xff,0xbc,0x25,0xb9,"ff 6a ff bc 25 b9 00 00"
2025-10-25 11:18:37,96.22,0xff,0x6a,0xff,0xc2,0x25,0x96,"ff 6a ff c2 25 96 00 00"
2025-10-25 11:18:37,95.87,0xff,0x6a,0xff,0xc2,0x25,0x73,"ff 6a ff c2 25 73 00 00"
2025-10-25 11:18:37,95.51,0xff,0x6a,0xff,0xc2,0x25,0x4f,"ff 6a ff c2 25 4f 00 00"
2025-10-25 11:18:37,95.14,0xff,0x6a,0xff,0xc2,0x25,0x2a,"ff 6a ff c2 25 2a 00 00"
2025-10-25 11:18:37,94.77,0xff,0x6a,0xff,0xc2,0x25,0x05,"ff 6a ff c2 25 05 00 00"
2025-10-25 11:18:37,94.4,0xff,0x6a,0xff,0xc2,0x24,0xe0,"ff 6a ff c2 24 e0 00 00"
2025-10-25 11:18:37,94.03,0xff,0x6a,0xff,0xc2,0x24,0xbb,"ff 6a ff c2 24 bb 00 00"
2025-10-25 11:18:37,93.67,0xff,0x6a,0xff,0xc2,0x24,0x97,"ff 6a ff c2 24 97 00 00"
2025-10-25 11:18:37,93.31,0xff,0x6a,0xff,0xc2,0x24,0x73,"ff 6a ff c2 24 73 00 00"
2025-10-25 11:18:37,92.94,0xff,0x6a,0xff,0xbc,0x24,0x4e,"ff 6a ff bc 24 4e 00 00"
2025-10-25 11:18:37,92.59,0xff,0x6a,0xff,0xbc,0x24,0x2b,"ff 6a ff bc 24 2b 00 00"
2025-10-25 11:18:37,92.23,0xff,0x6a,0xff,0xbc,0x24,0x07,"ff 6a ff bc 24 07 00 00"
2025-10-25 11:18:37,91.89,0xff,0x6a,0xff,0xbc,0x23,0xe5,"ff 6a ff bc 23 e5 00 00"
2025-10-25 11:18:37,91.55,0xff,0x6a,0xff,0xbc,0x23,0xc3,"ff 6a ff bc 23 c3 00 00"
2025-10-25 11:18:37,91.22,0xff,0x6a,0xff,0xbc,0x23,0xa2,"ff 6a ff bc 23 a2 00 00"
2025-10-25 11:18:37,90.87,0xff,0x6a,0xff,0xbc,0x23,0x7f,"ff 6a ff bc 23 7f 00 00"
2025-10-25 11:18:37,90.54,0xff,0x6a,0xff,0xbc,0x23,0x5e,"ff 6a ff bc 23 5e 00 00"
2025-10-25 11:18:37,90.2,0xff,0x6a,0xff,0xbc,0x23,0x3c,"ff 6a ff bc 23 3c 00 00"
2025-10-25 11:18:37,89.86,0xff,0x6a,0xff,0xbc,0x23,0x1a,"ff 6a ff bc 23 1a 00 00"
2025-10-25 11:18:37,89.53,0xff,0x6a,0xff,0xbc,0x22,0xf9,"ff 6a ff bc 22 f9 00 00"
2025-10-25 11:18:37,89.19,0xff,0x6a,0xff,0xbc,0x22,0xd7,"ff 6a ff bc 22 d7 00 00"
2025-10-25 11:18:37,88.85,0xff,0x6a,0xff,0xbc,0x22,0xb5,"ff 6a ff bc 22 b5 00 00"
2025-10-25 11:18:37,88.52,0xff,0x6a,0xff,0xbc,0x22,0x94,"ff 6a ff bc 22 94 00 00"
2025-10-25 11:18:37,88.18,0xff,0x64,0xff,0xc2,0x22,0x72,"ff 64 ff c2 22 72 00 00"
2025-10-25 11:18:37,87.82,0xff,0x6a,0xff,0xc2,0x22,0x4e,"ff 6a ff c2 22 4e 00 00"
2025-10-25 11:18:37,87.47,0xff,0x6a,0xff,0xc2,0x22,0x2b,"ff 6a ff c2 22 2b 00 00"
2025-10-25 11:18:37,87.14,0xff,0x6a,0xff,0xc2,0x22,0x0a,"ff 6a ff c2 22 0a 00 00"
2025-10-25 11:18:37,86.78,0xff,0x6a,0xff,0xc2,0x21,0xe6,"ff 6a ff c2 21 e6 00 00"
2025-10-25 11:18:38,86.43,0xff,0x6a,0xff,0xc2,0x21,0xc3,"ff 6a ff c2 21 c3 00 00"
2025-10-25 11:18:38,86.08,0xff,0x6a,0xff,0xc2,0x21,0xa0,"ff 6a ff c2 21 a0 00 00"
2025-10-25 11:18:38,85.73,0xff,0x6a,0xff,0xc2,0x21,0x7d,"ff 6a ff c2 21 7d 00 00"
2025-10-25 11:18:38,85.39,0xff,0x6a,0xff,0xc2,0x21,0x5b,"ff 6a ff c2 21 5b 00 00"
2025-10-25 11:18:38,85.06,0xff,0x6a,0xff,0xc2,0x21,0x3a,"ff 6a ff c2 21 3a 00 00"
2025-10-25 11:18:38,84.73,0xff,0x6a,0xff,0xc2,0x21,0x19,"ff 6a ff c2 21 19 00 00"
2025-10-25 11:18:38,84.4,0xff,0x6a,0xff,0xc2,0x20,0xf8,"ff 6a ff c2 20 f8 00 00"
2025-10-25 11:18:38,84.06,0xff,0x6a,0xff,0xc2,0x20,0xd6,"ff 6a ff c2 20 d6 00 00"
2025-10-25 11:18:38,83.73,0xff,0x6a,0xff,0xc2,0x20,0xb5,"ff 6a ff c2 20 b5 00 00"
2025-10-25 11:18:38,83.4,0xff,0x6a,0xff,0xc2,0x20,0x94,"ff 6a ff c2 20 94 00 00"
2025-10-25 11:18:38,83.06,0xff,0x6a,0xff,0xc2,0x20,0x72,"ff 6a ff c2 20 72 00 00"
2025-10-25 11:18:38,82.72,0xff,0x6a,0xff,0xc2,0x20,0x50,"ff 6a ff c2 20 50 00 00"
2025-10-25 11:18:38,82.38,0xff,0x6a,0xff,0xc2,0x20,0x2e,"ff 6a ff c2 20 2e 00 00"
2025-10-25 11:18:38,82.04,0xff,0x6a,0xff,0xc8,0x20,0x0c,"ff 6a ff c8 20 0c 00 00"
2025-10-25 11:18:38,81.7,0xff,0x6a,0xff,0xc8,0x1f,0xea,"ff 6a ff c8 1f ea 00 00"
2025-10-25 11:18:38,81.36,0xff,0x6a,0xff,0xc8,0x1f,0xc8,"ff 6a ff c8 1f c8 00 00"
2025-10-25 11:18:38,81.01,0xff,0x6a,0xff,0xc8,0x1f,0xa5,"ff 6a ff c8 1f a5 00 00"
2025-10-25 11:18:38,80.66,0xff,0x6a,0xff,0xc8,0x1f,0x82,"ff 6a ff c8 1f 82 00 00"
2025-10-25 11:18:38,80.3,0xff,0x6a,0xff,0xc8,0x1f,0x5e,"ff 6a ff c8 1f 5e 00 00"
2025-10-25 11:18:38,79.95,0xff,0x6a,0xff,0xc8,0x1f,0x3b,"ff 6a ff c8 1f 3b 00 00"
2025-10-25 11:18:38,79.6,0xff,0x6a,0xff,0xc8,0x1f,0x18,"ff 6a ff c8 1f 18 00 00"
2025-10-25 11:18:38,79.24,0xff,0x6a,0xff,0xc8,0x1e,0xf4,"ff 6a ff c8 1e f4 00 00"
2025-10-25 11:18:38,78.89,0xff,0x6a,0xff,0xc8,0x1e,0xd1,"ff 6a ff c8 1e d1 00 00"
2025-10-25 11:18:38,78.55,0xff,0x6a,0xff,0xc8,0x1e,0xaf,"ff 6a ff c8 1e af 00 00"
2025-10-25 11:18:38,78.2,0xff,0x6a,0xff,0xce,0x1e,0x8c,"ff 6a ff ce 1e 8c 00 00"
2025-10-25 11:18:38,77.86,0xff,0x6a,0xff,0xce,0x1e,0x6a,"ff 6a ff ce 1e 6a 00 00"
2025-10-25 11:18:38,77.5,0xff,0x6a,0xff,0xce,0x1e,0x46,"ff 6a ff ce 1e 46 00 00"
2025-10-25 11:18:38,77.14,0xff,0x6a,0xff,0xce,0x1e,0x22,"ff 6a ff ce 1e 22 00 00"
2025-10-25 11:18:38,76.77,0xff,0x6a,0xff,0xce,0x1d,0xfd,"ff 6a ff ce 1d fd 00 00"
2025-10-25 11:18:38,76.43,0xff,0x6a,0xff,0xce,0x1d,0xdb,"ff 6a ff ce 1d db 00 00"
2025-10-25 11:18:38,76.08,0xff,0x6a,0xff,0xce,0x1d,0xb8,"ff 6a ff ce 1d b8 00 00"
2025-10-25 11:18:38,75.74,0xff,0x6a,0xff,0xd5,0x1d,0x96,"ff 6a ff d5 1d 96 00 00"
2025-10-25 11:18:38,75.39,0xff,0x6a,0xff,0xd5,0x1d,0x73,"ff 6a ff d5 1d 73 00 00"
2025-10-25 11:18:38,75.04,0xff,0x6a,0xff,0xd5,0x1d,0x50,"ff 6a ff d5 1d 50 00 00"
2025-10-25 11:18:38,74.68,0xff,0x6a,0xff,0xd5,0x1d,0x2c,"ff 6a ff d5 1d 2c 00 00"
2025-10-25 11:18:38,74.31,0xff,0x6a,0xff,0xd5,0x1d,0x07,"ff 6a ff d5 1d 07 00 00"
2025-10-25 11:18:38,73.95,0xff,0x71,0xff,0xd5,0x1c,0xe3,"ff 71 ff d5 1c e3 00 00"
2025-10-25 11:18:38,73.59,0xff,0x71,0xff,0xce,0x1c,0xbf,"ff 71 ff ce 1c bf 00 00"
2025-10-25 11:18:38,73.2,0xff,0x71,0xff,0xce,0x1c,0x98,"ff 71 ff ce 1c 98 00 00"
2025-10-25 11:18:38,72.81,0xff,0x71,0xff,0xce,0x1c,0x71,"ff 71 ff ce 1c 71 00 00"
2025-10-25 11:18:38,72.43,0xff,0x71,0xff,0xce,0x1c,0x4b,"ff 71 ff ce 1c 4b 00 00"
2025-10-25 11:18:38,72.04,0xff,0x71,0xff,0xce,0x1c,0x24,"ff 71 ff ce 1c 24 00 00"
2025-10-25 11:18:38,71.65,0xff,0x71,0xff,0xce,0x1b,0xfd,"ff 71 ff ce 1b fd 00 00"
2025-10-25 11:18:38,71.26,0xff,0x71,0xff,0xce,0x1b,0xd6,"ff 71 ff ce 1b d6 00 00"
2025-10-25 11:18:38,70.87,0xff,0x71,0xff,0xce,0x1b,0xaf,"ff 71 ff ce 1b af 00 00"
2025-10-25 11:18:38,70.49,0xff,0x71,0xff,0xce,0x1b,0x89,"ff 71 ff ce 1b 89 00 00"
2025-10-25 11:18:38,70.12,0xff,0x71,0xff,0xd5,0x1b,0x64,"ff 71 ff d5 1b 64 00 00"
2025-10-25 11:18:38,69.74,0xff,0x71,0xff,0xd5,0x1b,0x3e,"ff 71 ff d5 1b 3e 00 00"
2025-10-25 11:18:38,69.36,0xff,0x71,0xff,0xd5,0x1b,0x18,"ff 71 ff d5 1b 18 00 00"
2025-10-25 11:18:38,68.97,0xff,0x71,0xff,0xd5,0x1a,0xf1,"ff 71 ff d5 1a f1 00 00"
2025-10-25 11:18:39,68.58,0xff,0x71,0xff,0xd5,0x1a,0xca,"ff 71 ff d5 1a ca 00 00"
2025-10-25 11:18:39,68.18,0xff,0x71,0xff,0xd5,0x1a,0xa2,"ff 71 ff d5 1a a2 00 00"
2025-10-25 11:18:39,67.78,0xff,0x71,0xff,0xd5,0x1a,0x7a,"ff 71 ff d5 1a 7a 00 00"
2025-10-25 11:18:39,67.38,0xff,0x71,0xff,0xd5,0x1a,0x52,"ff 71 ff d5 1a 52 00 00"
2025-10-25 11:18:39,66.97,0xff,0x71,0xff,0xd5,0x1a,0x29,"ff 71 ff d5 1a 29 00 00"
2025-10-25 11:18:39,66.56,0xff,0x71,0xff,0xd5,0x1a,0x00,"ff 71 ff d5 1a 00 00 00"
2025-10-25 11:18:39,66.15,0xff,0x71,0xff,0xdb,0x19,0xd7,"ff 71 ff db 19 d7 00 00"
2025-10-25 11:18:39,65.73,0xff,0x71,0xff,0xdb,0x19,0xad,"ff 71 ff db 19 ad 00 00"
2025-10-25 11:18:39,65.32,0xff,0x77,0xff,0xdb,0x19,0x84,"ff 77 ff db 19 84 00 00"
2025-10-25 11:18:39,64.9,0xff,0x77,0xff,0xdb,0x19,0x5a,"ff 77 ff db 19 5a 00 00"
2025-10-25 11:18:39,64.48,0xff,0x71,0xff,0xdb,0x19,0x30,"ff 71 ff db 19 30 00 00"
2025-10-25 11:18:39,64.05,0xff,0x71,0xff,0xdb,0x19,0x05,"ff 71 ff db 19 05 00 00"
2025-10-25 11:18:39,63.63,0xff,0x71,0xff,0xdb,0x18,0xdb,"ff 71 ff db 18 db 00 00"
2025-10-25 11:18:39,63.2,0xff,0x71,0xff,0xdb,0x18,0xb0,"ff 71 ff db 18 b0 00 00"
2025-10-25 11:18:39,62.77,0xff,0x71,0xff,0xe1,0x18,0x85,"ff 71 ff e1 18 85 00 00"
2025-10-25 11:18:39,62.36,0xff,0x71,0xff,0xe1,0x18,0x5c,"ff 71 ff e1 18 5c 00 00"
2025-10-25 11:18:39,61.94,0xff,0x71,0xff,0xe1,0x18,0x32,"ff 71 ff e1 18 32 00 00"
2025-10-25 11:18:39,61.52,0xff,0x71,0xff,0xe1,0x18,0x08,"ff 71 ff e1 18 08 00 00"
2025-10-25 11:18:39,61.09,0xff,0x71,0xff,0xe1,0x17,0xdd,"ff 71 ff e1 17 dd 00 00"
2025-10-25 11:18:39,60.67,0xff,0x71,0xff,0xe1,0x17,0xb3,"ff 71 ff e1 17 b3 00 00"
2025-10-25 11:18:39,60.24,0xff,0x71,0xff,0xe1,0x17,0x88,"ff 71 ff e1 17 88 00 00"
2025-10-25 11:18:39,59.8,0xff,0x71,0xff,0xe1,0x17,0x5c,"ff 71 ff e1 17 5c 00 00"
2025-10-25 11:18:39,59.36,0xff,0x77,0xff,0xe1,0x17,0x30,"ff 77 ff e1 17 30 00 00"
2025-10-25 11:18:39,58.92,0xff,0x77,0xff,0xe1,0x17,0x04,"ff 77 ff e1 17 04 00 00"
2025-10-25 11:18:39,58.48,0xff,0x77,0xff,0xe1,0x16,0xd8,"ff 77 ff e1 16 d8 00 00"
2025-10-25 11:18:39,58.04,0xff,0x71,0xff,0xe1,0x16,0xac,"ff 71 ff e1 16 ac 00 00"
2025-10-25 11:18:39,57.59,0xff,0x71,0xff,0xe1,0x16,0x7f,"ff 71 ff e1 16 7f 00 00"
2025-10-25 11:18:39,57.14,0xff,0x71,0xff,0xe1,0x16,0x52,"ff 71 ff e1 16 52 00 00"
2025-10-25 11:18:39,56.7,0xff,0x71,0xff,0xe1,0x16,0x26,"ff 71 ff e1 16 26 00 00"
2025-10-25 11:18:39,56.25,0xff,0x71,0xff,0xe1,0x15,0xf9,"ff 71 ff e1 15 f9 00 00"
2025-10-25 11:18:39,55.8,0xff,0x71,0xff,0xe1,0x15,0xcc,"ff 71 ff e1 15 cc 00 00"
2025-10-25 11:18:39,55.35,0xff,0x71,0xff,0xe1,0x15,0x9f,"ff 71 ff e1 15 9f 00 00"
2025-10-25 11:18:39,54.9,0xff,0x71,0xff,0xe1,0x15,0x72,"ff 71 ff e1 15 72 00 00"
2025-10-25 11:18:39,54.46,0xff,0x71,0xff,0xe1,0x15,0x46,"ff 71 ff e1 15 46 00 00"
2025-10-25 11:18:39,54.01,0xff,0x71,0xff,0xe1,0x15,0x19,"ff 71 ff e1 15 19 00 00"
2025-10-25 11:18:39,53.56,0xff,0x71,0xff,0xe1,0x14,0xec,"ff 71 ff e1 14 ec 00 00"
2025-10-25 11:18:39,53.11,0xff,0x71,0xff,0xe1,0x14,0xbf,"ff 71 ff e1 14 bf 00 00"
2025-10-25 11:18:39,52.66,0xff,0x71,0xff,0xe1,0x14,0x92,"ff 71 ff e1 14 92 00 00"
2025-10-25 11:18:39,52.21,0xff,0x6a,0xff,0xe1,0x14,0x65,"ff 6a ff e1 14 65 00 00"
2025-10-25 11:18:39,51.77,0xff,0x6a,0xff,0xe1,0x14,0x39,"ff 6a ff e1 14 39 00 00"
2025-10-25 11:18:39,51.3,0xff,0x71,0xff,0xe1,0x14,0x0a,"ff 71 ff e1 14 0a 00 00"
2025-10-25 11:18:39,50.9,0xff,0x71,0xff,0xe1,0x13,0xe2,"ff 71 ff e1 13 e2 00 00"
2025-10-25 11:18:39,50.48,0xff,0x71,0xff,0xe1,0x13,0xb8,"ff 71 ff e1 13 b8 00 00"
2025-10-25 11:18:39,50.05,0xff,0x71,0xff,0xe1,0x13,0x8d,"ff 71 ff e1 13 8d 00 00"
2025-10-25 11:18:39,49.63,0xff,0x6a,0xff,0xe1,0x13,0x63,"ff 6a ff e1 13 63 00 00"
2025-10-25 11:18:39,49.23,0xff,0x6a,0xff,0xe1,0x13,0x3b,"ff 6a ff e1 13 3b 00 00"
2025-10-25 11:18:39,48.83,0xff,0x6a,0xff,0xdb,0x13,0x13,"ff 6a ff db 13 13 00 00"
2025-10-25 11:18:39,48.44,0xff,0x6a,0xff,0xdb,0x12,0xec,"ff 6a ff db 12 ec 00 00"
2025-10-25 11:18:39,48.05,0xff,0x6a,0xff,0xdb,0x12,0xc5,"ff 6a ff db 12 c5 00 00"
2025-10-25 11:18:39,47.66,0xff,0x6a,0xff,0xdb,0x12,0x9e,"ff 6a ff db 12 9e 00 00"
2025-10-25 11:18:39,47.28,0xff,0x64,0xff,0xd5,0x12,0x78,"ff 64 ff d5 12 78 00 00"
2025-10-25 11:18:40,46.88,0xff,0x64,0xff,0xd5,0x12,0x50,"ff 64 ff d5 12 50 00 00"
2025-10-25 11:18:40,46.49,0xff,0x64,0xff,0xd5,0x12,0x29,"ff 64 ff d5 12 29 00 00"
2025-10-25 11:18:40,46.11,0xff,0x64,0xff,0xd5,0x12,0x03,"ff 64 ff d5 12 03 00 00"
2025-10-25 11:18:40,45.74,0xff,0x64,0xff,0xd5,0x11,0xde,"ff 64 ff d5 11 de 00 00"
2025-10-25 11:18:40,45.36,0xff,0x64,0xff,0xd5,0x11,0xb8,"ff 64 ff d5 11 b8 00 00"
2025-10-25 11:18:40,44.99,0xff,0x64,0xff,0xd5,0x11,0x93,"ff 64 ff d5 11 93 00 00"
2025-10-25 11:18:40,44.61,0xff,0x64,0xff,0xdb,0x11,0x6d,"ff 64 ff db 11 6d 00 00"
2025-10-25 11:18:40,44.24,0xff,0x64,0xff,0xdb,0x11,0x48,"ff 64 ff db 11 48 00 00"
2025-10-25 11:18:40,43.87,0xff,0x64,0xff,0xdb,0x11,0x23,"ff 64 ff db 11 23 00 00"
2025-10-25 11:18:40,43.49,0xff,0x64,0xff,0xdb,0x10,0xfd,"ff 64 ff db 10 fd 00 00"
2025-10-25 11:18:40,43.12,0xff,0x64,0xff,0xdb,0x10,0xd8,"ff 64 ff db 10 d8 00 00"
2025-10-25 11:18:40,42.74,0xff,0x64,0xff,0xdb,0x10,0xb2,"ff 64 ff db 10 b2 00 00"
2025-10-25 11:18:40,42.37,0xff,0x64,0xff,0xdb,0x10,0x8d,"ff 64 ff db 10 8d 00 00"
2025-10-25 11:18:40,41.99,0xff,0x64,0xff,0xdb,0x10,0x67,"ff 64 ff db 10 67 00 00"
2025-10-25 11:18:40,41.62,0xff,0x64,0xff,0xdb,0x10,0x42,"ff 64 ff db 10 42 00 00"
2025-10-25 11:18:40,41.24,0xff,0x64,0xff,0xdb,0x10,0x1c,"ff 64 ff db 10 1c 00 00"
2025-10-25 11:18:40,40.87,0xff,0x64,0xff,0xdb,0x0f,0xf7,"ff 64 ff db 0f f7 00 00"
2025-10-25 11:18:40,40.51,0xff,0x64,0xff,0xdb,0x0f,0xd3,"ff 64 ff db 0f d3 00 00"
2025-10-25 11:18:40,40.15,0xff,0x64,0xff,0xdb,0x0f,0xaf,"ff 64 ff db 0f af 00 00"
2025-10-25 11:18:40,39.79,0xff,0x64,0xff,0xdb,0x0f,0x8b,"ff 64 ff db 0f 8b 00 00"
2025-10-25 11:18:40,39.43,0xff,0x64,0xff,0xdb,0x0f,0x67,"ff 64 ff db 0f 67 00 00"
2025-10-25 11:18:40,39.05,0xff,0x64,0xff,0xdb,0x0f,0x41,"ff 64 ff db 0f 41 00 00"
2025-10-25 11:18:40,38.66,0xff,0x64,0xff,0xdb,0x0f,0x1a,"ff 64 ff db 0f 1a 00 00"
2025-10-25 11:18:40,38.27,0xff,0x64,0xff,0xdb,0x0e,0xf3,"ff 64 ff db 0e f3 00 00"
2025-10-25 11:18:40,37.89,0xff,0x64,0xff,0xdb,0x0e,0xcd,"ff 64 ff db 0e cd 00 00"
2025-10-25 11:18:40,37.5,0xff,0x64,0xff,0xdb,0x0e,0xa6,"ff 64 ff db 0e a6 00 00"
2025-10-25 11:18:40,37.11,0xff,0x64,0xff,0xe1,0x0e,0x7f,"ff 64 ff e1 0e 7f 00 00"
2025-10-25 11:18:40,36.72,0xff,0x64,0xff,0xe1,0x0e,0x58,"ff 64 ff e1 0e 58 00 00"
2025-10-25 11:18:40,36.33,0xff,0x64,0xff,0xe1,0x0e,0x31,"ff 64 ff e1 0e 31 00 00"
2025-10-25 11:18:40,35.96,0xff,0x64,0xff,0xe1,0x0e,0x0c,"ff 64 ff e1 0e 0c 00 00"
2025-10-25 11:18:40,27.9,0xff,0x64,0xff,0xe1,0x0a,0xe6,"ff 64 ff e1 0a e6 00 00"
2025-10-25 11:18:40,27.52,0xff,0x64,0xff,0xe1,0x0a,0xc0,"ff 64 ff e1 0a c0 00 00"
2025-10-25 11:18:40,27.15,0xff,0x64,0xff,0xe1,0x0a,0x9b,"ff 64 ff e1 0a 9b 00 00"
2025-10-25 11:18:40,26.76,0xff,0x5e,0xff,0xe1,0x0a,0x74,"ff 5e ff e1 0a 74 00 00"
2025-10-25 11:18:40,26.38,0xff,0x5e,0xff,0xe1,0x0a,0x4e,"ff 5e ff e1 0a 4e 00 00"
2025-10-25 11:18:40,26,0xff,0x5e,0xff,0xe1,0x0a,0x28,"ff 5e ff e1 0a 28 00 00"
2025-10-25 11:18:40,25.61,0xff,0x5e,0xff,0xe1,0x0a,0x01,"ff 5e ff e1 0a 01 00 00"
2025-10-25 11:18:40,32.91,0xff,0x5e,0xff,0xe1,0x0c,0xdb,"ff 5e ff e1 0c db 00 00"
2025-10-25 11:18:40,32.52,0xff,0x5e,0xff,0xdb,0x0c,0xb4,"ff 5e ff db 0c b4 00 00"
2025-10-25 11:18:40,32.13,0xff,0x5e,0xff,0xdb,0x0c,0x8d,"ff 5e ff db 0c 8d 00 00"
2025-10-25 11:18:40,31.74,0xff,0x5e,0xff,0xdb,0x0c,0x66,"ff 5e ff db 0c 66 00 00"
2025-10-25 11:18:40,31.36,0xff,0x5e,0xff,0xdb,0x0c,0x40,"ff 5e ff db 0c 40 00 00"
2025-10-25 11:18:40,30.97,0xff,0x5e,0xff,0xdb,0x0c,0x19,"ff 5e ff db 0c 19 00 00"
2025-10-25 11:18:40,30.58,0xff,0x5e,0xff,0xdb,0x0b,0xf2,"ff 5e ff db 0b f2 00 00"
2025-10-25 11:18:40,30.19,0xff,0x5e,0xff,0xdb,0x0b,0xcb,"ff 5e ff db 0b cb 00 00"
2025-10-25 11:18:40,29.81,0xff,0x5e,0xff,0xdb,0x0b,0xa5,"ff 5e ff db 0b a5 00 00"
2025-10-25 11:18:40,29.42,0xff,0x5e,0xff,0xdb,0x0b,0x7e,"ff 5e ff db 0b 7e 00 00"
2025-10-25 11:18:40,29.03,0xff,0x5e,0xff,0xdb,0x0b,0x57,"ff 5e ff db 0b 57 00 00"
2025-10-25 11:18:40,28.65,0xff,0x5e,0xff,0xdb,0x0b,0x31,"ff 5e ff db 0b 31 00 00"
2025-10-25 11:18:40,28.26,0xff,0x5e,0xff,0xdb,0x0b,0x0a,"ff 5e ff db 0b 0a 00 00"
2025-10-25 11:18:40,27.88,0xff,0x5e,0xff,0xdb,0x0a,0xe4,"ff 5e ff db 0a e4 00 00"
2025-10-25 11:18:41,27.5,0xff,0x5e,0xff,0xdb,0x0a,0xbe,"ff 5e ff db 0a be 00 00"
2025-10-25 11:18:41,27.12,0xff,0x5e,0xff,0xdb,0x0a,0x98,"ff 5e ff db 0a 98 00 00"
2025-10-25 11:18:41,26.74,0xff,0x5e,0xff,0xdb,0x0a,0x72,"ff 5e ff db 0a 72 00 00"
2025-10-25 11:18:41,26.36,0xff,0x5e,0xff,0xdb,0x0a,0x4c,"ff 5e ff db 0a 4c 00 00"
2025-10-25 11:18:41,25.99,0xff,0x5e,0xff,0xdb,0x0a,0x27,"ff 5e ff db 0a 27 00 00"
2025-10-25 11:18:41,25.63,0xff,0x5e,0xff,0xdb,0x0a,0x03,"ff 5e ff db 0a 03 00 00"
2025-10-25 11:18:41,25.27,0xff,0x5e,0xff,0xdb,0x09,0xdf,"ff 5e ff db 09 df 00 00"
2025-10-25 11:18:41,24.91,0xff,0x5e,0xff,0xdb,0x09,0xbb,"ff 5e ff db 09 bb 00 00"
2025-10-25 11:18:41,24.55,0xff,0x5e,0xff,0xdb,0x09,0x97,"ff 5e ff db 09 97 00 00"
2025-10-25 11:18:41,24.19,0xff,0x5e,0xff,0xdb,0x09,0x73,"ff 5e ff db 09 73 00 00"
2025-10-25 11:18:41,23.84,0xff,0x5e,0xff,0xd5,0x09,0x50,"ff 5e ff d5 09 50 00 00"
2025-10-25 11:18:41,23.48,0xff,0x5e,0xff,0xd5,0x09,0x2c,"ff 5e ff d5 09 2c 00 00"
2025-10-25 11:18:41,23.12,0xff,0x5e,0xff,0xd5,0x09,0x08,"ff 5e ff d5 09 08 00 00"
2025-10-25 11:18:41,22.77,0xff,0x58,0xff,0xd5,0x08,0xe5,"ff 58 ff d5 08 e5 00 00"
2025-10-25 11:18:41,22.42,0xff,0x58,0xff,0xce,0x08,0xc2,"ff 58 ff ce 08 c2 00 00"
2025-10-25 11:18:41,22.07,0xff,0x58,0xff,0xce,0x08,0x9f,"ff 58 ff ce 08 9f 00 00"
2025-10-25 11:18:41,21.73,0xff,0x58,0xff,0xce,0x08,0x7d,"ff 58 ff ce 08 7d 00 00"
2025-10-25 11:18:41,21.38,0xff,0x58,0xff,0xce,0x08,0x5a,"ff 58 ff ce 08 5a 00 00"
2025-10-25 11:18:41,21.03,0xff,0x58,0xff,0xd5,0x08,0x37,"ff 58 ff d5 08 37 00 00"
2025-10-25 11:18:41,20.67,0xff,0x58,0xff,0xd5,0x08,0x13,"ff 58 ff d5 08 13 00 00"
2025-10-25 11:18:41,20.34,0xff,0x58,0xff,0xd5,0x07,0xf2,"ff 58 ff d5 07 f2 00 00"
2025-10-25 11:18:41,20,0xff,0x58,0xff,0xd5,0x07,0xd0,"ff 58 ff d5 07 d0 00 00"
2025-10-25 11:18:41,19.67,0xff,0x58,0xff,0xd5,0x07,0xaf,"ff 58 ff d5 07 af 00 00"
2025-10-25 11:18:41,19.35,0xff,0x51,0xff,0xd5,0x07,0x8f,"ff 51 ff d5 07 8f 00 00"
2025-10-25 11:18:41,19.02,0xff,0x51,0xff,0xce,0x07,0x6e,"ff 51 ff ce 07 6e 00 00"
2025-10-25 11:18:41,18.7,0xff,0x51,0xff,0xce,0x07,0x4e,"ff 51 ff ce 07 4e 00 00"
2025-10-25 11:18:41,18.38,0xff,0x51,0xff,0xce,0x07,0x2e,"ff 51 ff ce 07 2e 00 00"
2025-10-25 11:18:41,18.07,0xff,0x51,0xff,0xc8,0x07,0x0f,"ff 51 ff c8 07 0f 00 00"
2025-10-25 11:18:41,17.75,0xff,0x51,0xff,0xc8,0x06,0xef,"ff 51 ff c8 06 ef 00 00"
2025-10-25 11:18:41,17.45,0xff,0x51,0xff,0xc8,0x06,0xd1,"ff 51 ff c8 06 d1 00 00"
2025-10-25 11:18:41,17.14,0xff,0x58,0xff,0xc8,0x06,0xb2,"ff 58 ff c8 06 b2 00 00"
2025-10-25 11:18:41,16.84,0xff,0x58,0xff,0xc8,0x06,0x94,"ff 58 ff c8 06 94 00 00"
2025-10-25 11:18:41,16.55,0xff,0x58,0xff,0xc8,0x06,0x77,"ff 58 ff c8 06 77 00 00"
2025-10-25 11:18:41,16.27,0xff,0x51,0xff,0xc2,0x06,0x5b,"ff 51 ff c2 06 5b 00 00"
2025-10-25 11:18:41,16,0xff,0x51,0xff,0xc2,0x06,0x40,"ff 51 ff c2 06 40 00 00"
2025-10-25 11:18:41,15.74,0xff,0x51,0xff,0xc2,0x06,0x26,"ff 51 ff c2 06 26 00 00"
2025-10-25 11:18:41,15.46,0xff,0x51,0xff,0xc2,0x06,0x0a,"ff 51 ff c2 06 0a 00 00"
2025-10-25 11:18:41,15.02,0xff,0x3f,0xff,0xaf,0x05,0xde,"ff 3f ff af 05 de 00 00"
2025-10-25 11:18:41,14.8,0xff,0x3f,0xff,0xa9,0x05,0xc8,"ff 3f ff a9 05 c8 00 00"
2025-10-25 11:18:41,14.57,0xff,0x3f,0xff,0xa9,0x05,0xb1,"ff 3f ff a9 05 b1 00 00"
2025-10-25 11:18:41,14.35,0xff,0x3f,0xff,0xaf,0x05,0x9b,"ff 3f ff af 05 9b 00 00"
2025-10-25 11:18:41,14.14,0xff,0x3f,0xff,0xaf,0x05,0x86,"ff 3f ff af 05 86 00 00"
2025-10-25 11:18:41,13.92,0xff,0x3f,0xff,0xaf,0x05,0x70,"ff 3f ff af 05 70 00 00"
2025-10-25 11:18:41,13.71,0xff,0x38,0xff,0xaf,0x05,0x5b,"ff 38 ff af 05 5b 00 00"
2025-10-25 11:18:41,13.51,0xff,0x38,0xff,0xaf,0x05,0x47,"ff 38 ff af 05 47 00 00"
2025-10-25 11:18:41,13.31,0xff,0x3f,0xff,0xb5,0x05,0x33,"ff 3f ff b5 05 33 00 00"
2025-10-25 11:18:41,13.11,0xff,0x3f,0xff,0xb5,0x05,0x1f,"ff 3f ff b5 05 1f 00 00"
2025-10-25 11:18:41,12.9,0xff,0x3f,0xff,0xb5,0x05,0x0a,"ff 3f ff b5 05 0a 00 00"
2025-10-25 11:18:41,12.74,0xff,0x3f,0xff,0xb5,0x04,0xfa,"ff 3f ff b5 04 fa 00 00"
2025-10-25 11:18:41,12.57,0xff,0x3f,0xff,0xb5,0x04,0xe9,"ff 3f ff b5 04 e9 00 00"
2025-10-25 11:18:42,12.39,0xff,0x3f,0xff,0xb5,0x04,0xd7,"ff 3f ff b5 04 d7 00 00"
2025-10-25 11:18:42,12.22,0xff,0x38,0xff,0xaf,0x04,0xc6,"ff 38 ff af 04 c6 00 00"
2025-10-25 11:18:42,12.05,0xff,0x38,0xff,0xaf,0x04,0xb5,"ff 38 ff af 04 b5 00 00"
2025-10-25 11:18:42,11.87,0xff,0x3f,0xff,0xaf,0x04,0xa3,"ff 3f ff af 04 a3 00 00"
2025-10-25 11:18:42,11.69,0xff,0x3f,0xff,0xaf,0x04,0x91,"ff 3f ff af 04 91 00 00"
2025-10-25 11:18:42,11.51,0xff,0x3f,0xff,0xaf,0x04,0x7f,"ff 3f ff af 04 7f 00 00"
2025-10-25 11:18:42,11.34,0xff,0x45,0xff,0xa9,0x04,0x6e,"ff 45 ff a9 04 6e 00 00"
2025-10-25 11:18:42,11.17,0xff,0x45,0xff,0xa9,0x04,0x5d,"ff 45 ff a9 04 5d 00 00"
2025-10-25 11:18:42,11.01,0xff,0x4b,0xff,0xa9,0x04,0x4d,"ff 4b ff a9 04 4d 00 00"
2025-10-25 11:18:42,10.85,0xff,0x4b,0xff,0xa9,0x04,0x3d,"ff 4b ff a9 04 3d 00 00"
2025-10-25 11:18:42,10.71,0xff,0x4b,0xff,0xa9,0x04,0x2f,"ff 4b ff a9 04 2f 00 00"
2025-10-25 11:18:42,10.58,0xff,0x4b,0xff,0xa9,0x04,0x22,"ff 4b ff a9 04 22 00 00"
2025-10-25 11:18:42,10.45,0xff,0x45,0xff,0xa9,0x04,0x15,"ff 45 ff a9 04 15 00 00"
2025-10-25 11:18:42,10.33,0xff,0x45,0xff,0xa9,0x04,0x09,"ff 45 ff a9 04 09 00 00"
2025-10-25 11:18:42,10.21,0xff,0x3f,0xff,0xa3,0x03,0xfd,"ff 3f ff a3 03 fd 00 00"
2025-10-25 11:18:42,10.1,0xff,0x3f,0xff,0x9c,0x03,0xf2,"ff 3f ff 9c 03 f2 00 00"
2025-10-25 11:18:42,10,0xff,0x3f,0xff,0x9c,0x03,0xe8,"ff 3f ff 9c 03 e8 00 00"
2025-10-25 11:18:42,9.81,0xff,0x3f,0xff,0x9c,0x03,0xd5,"ff 3f ff 9c 03 d5 00 00"
2025-10-25 11:18:42,9.73,0xff,0x3f,0xff,0x96,0x03,0xcd,"ff 3f ff 96 03 cd 00 00"
2025-10-25 11:18:42,9.66,0xff,0x45,0xff,0x90,0x03,0xc6,"ff 45 ff 90 03 c6 00 00"
2025-10-25 11:18:42,9.59,0xff,0x45,0xff,0x90,0x03,0xbf,"ff 45 ff 90 03 bf 00 00"
2025-10-25 11:18:42,9.54,0xff,0x45,0xff,0x8a,0x03,0xba,"ff 45 ff 8a 03 ba 00 00"
2025-10-25 11:18:42,9.49,0xff,0x4b,0xff,0x8a,0x03,0xb5,"ff 4b ff 8a 03 b5 00 00"
2025-10-25 11:18:42,9.45,0xff,0x4b,0xff,0x83,0x03,0xb1,"ff 4b ff 83 03 b1 00 00"
2025-10-25 11:18:42,9.42,0xff,0x4b,0xff,0x83,0x03,0xae,"ff 4b ff 83 03 ae 00 00"
2025-10-25 11:18:42,9.4,0xff,0x4b,0xff,0x83,0x03,0xac,"ff 4b ff 83 03 ac 00 00"
2025-10-25 11:18:42,9.38,0xff,0x4b,0xff,0x8a,0x03,0xaa,"ff 4b ff 8a 03 aa 00 00"
2025-10-25 11:18:42,9.36,0xff,0x4b,0xff,0x8a,0x03,0xa8,"ff 4b ff 8a 03 a8 00 00"
2025-10-25 11:18:42,9.34,0xff,0x4b,0xff,0x8a,0x03,0xa6,"ff 4b ff 8a 03 a6 00 00"
2025-10-25 11:18:42,9.33,0xff,0x4b,0xff,0x8a,0x03,0xa5,"ff 4b ff 8a 03 a5 00 00"
2025-10-25 11:18:42,9.33,0xff,0x51,0xff,0x8a,0x03,0xa5,"ff 51 ff 8a 03 a5 00 00"
2025-10-25 11:18:42,9.32,0xff,0x51,0xff,0x90,0x03,0xa4,"ff 51 ff 90 03 a4 00 00"
2025-10-25 11:18:42,9.31,0xff,0x51,0xff,0x90,0x03,0xa3,"ff 51 ff 90 03 a3 00 00"
2025-10-25 11:18:42,9.3,0xff,0x51,0xff,0x8a,0x03,0xa2,"ff 51 ff 8a 03 a2 00 00"
2025-10-25 11:18:42,9.3,0xff,0x51,0xff,0x8a,0x03,0xa2,"ff 51 ff 8a 03 a2 00 00"
2025-10-25 11:18:42,9.29,0xff,0x58,0xff,0x8a,0x03,0xa1,"ff 58 ff 8a 03 a1 00 00"
2025-10-25 11:18:42,9.29,0xff,0x58,0xff,0x8a,0x03,0xa1,"ff 58 ff 8a 03 a1 00 00"
2025-10-25 11:18:42,9.28,0xff,0x58,0xff,0x83,0x03,0xa0,"ff 58 ff 83 03 a0 00 00"
2025-10-25 11:18:42,9.28,0xff,0x5e,0xff,0x83,0x03,0xa0,"ff 5e ff 83 03 a0 00 00"
2025-10-25 11:18:42,9.28,0xff,0x5e,0xff,0x83,0x03,0xa0,"ff 5e ff 83 03 a0 00 00"
2025-10-25 11:18:42,9.27,0xff,0x5e,0xff,0x83,0x03,0x9f,"ff 5e ff 83 03 9f 00 00"
2025-10-25 11:18:42,9.27,0xff,0x5e,0xff,0x83,0x03,0x9f,"ff 5e ff 83 03 9f 00 00"
2025-10-25 11:18:42,9.27,0xff,0x5e,0xff,0x83,0x03,0x9f,"ff 5e ff 83 03 9f 00 00"
2025-10-25 11:18:42,9.27,0xff,0x5e,0xff,0x83,0x03,0x9f,"ff 5e ff 83 03 9f 00 00"
2025-10-25 11:18:42,9.26,0xff,0x5e,0xff,0x83,0x03,0x9e,"ff 5e ff 83 03 9e 00 00"
2025-10-25 11:18:42,9.26,0xff,0x5e,0xff,0x83,0x03,0x9e,"ff 5e ff 83 03 9e 00 00"
2025-10-25 11:18:42,9.26,0xff,0x5e,0xff,0x83,0x03,0x9e,"ff 5e ff 83 03 9e 00 00"
2025-10-25 11:18:42,9.26,0xff,0x5e,0xff,0x83,0x03,0x9e,"ff 5e ff 83 03 9e 00 00"
2025-10-25 11:18:42,9.26,0xff,0x5e,0xff,0x83,0x03,0x9e,"ff 5e ff 83 03 9e 00 00"
2025-10-25 11:18:43,9.26,0xff,0x5e,0xff,0x83,0x03,0x9e,"ff 5e ff 83 03 9e 00 00"
2025-10-25 11:18:43,9.25,0xff,0x5e,0xff,0x83,0x03,0x9d,"ff 5e ff 83 03 9d 00 00"
2025-10-25 11:18:43,9.25,0xff,0x5e,0xff,0x7d,0x03,0x9d,"ff 5e ff 7d 03 9d 00 00"
2025-10-25 11:18:43,9.25,0xff,0x64,0xff,0x7d,0x03,0x9d,"ff 64 ff 7d 03 9d 00 00"
2025-10-25 11:18:43,9.25,0xff,0x64,0xff,0x7d,0x03,0x9d,"ff 64 ff 7d 03 9d 00 00"
2025-10-25 11:18:43,9.25,0xff,0x64,0xff,0x7d,0x03,0x9d,"ff 64 ff 7d 03 9d 00 00"
2025-10-25 11:18:43,9.25,0xff,0x64,0xff,0x7d,0x03,0x9d,"ff 64 ff 7d 03 9d 00 00"
2025-10-25 11:18:43,9.25,0xff,0x64,0xff,0x7d,0x03,0x9d,"ff 64 ff 7d 03 9d 00 00"
2025-10-25 11:18:43,9.25,0xff,0x64,0xff,0x7d,0x03,0x9d,"ff 64 ff 7d 03 9d 00 00"
2025-10-25 11:18:43,9.25,0xff,0x64,0xff,0x7d,0x03,0x9d,"ff 64 ff 7d 03 9d 00 00"
2025-10-25 11:18:43,9.25,0xff,0x64,0xff,0x7d,0x03,0x9d,"ff 64 ff 7d 03 9d 00 00"
2025-10-25 11:18:43,9.25,0xff,0x64,0xff,0x7d,0x03,0x9d,"ff 64 ff 7d 03 9d 00 00"
2025-10-25 11:18:43,9.25,0xff,0x64,0xff,0x7d,0x03,0x9d,"ff 64 ff 7d 03 9d 00 00"
2025-10-25 11:18:43,9.25,0xff,0x64,0xff,0x7d,0x03,0x9d,"ff 64 ff 7d 03 9d 00 00"
2025-10-25 11:18:43,9.25,0xff,0x64,0xff,0x7d,0x03,0x9d,"ff 64 ff 7d 03 9d 00 00"
2025-10-25 11:18:43,9.25,0xff,0x64,0xff,0x7d,0x03,0x9d,"ff 64 ff 7d 03 9d 00 00"
2025-10-25 11:18:43,9.25,0xff,0x64,0xff,0x7d,0x03,0x9d,"ff 64 ff 7d 03 9d 00 00"
2025-10-25 11:18:43,9.25,0xff,0x64,0xff,0x7d,0x03,0x9d,"ff 64 ff 7d 03 9d 00 00"
2025-10-25 11:18:43,9.25,0xff,0x64,0xff,0x7d,0x03,0x9d,"ff 64 ff 7d 03 9d 00 00"
2025-10-25 11:18:43,9.25,0xff,0x64,0xff,0x7d,0x03,0x9d,"ff 64 ff 7d 03 9d 00 00"
2025-10-25 11:18:43,9.25,0xff,0x64,0xff,0x7d,0x03,0x9d,"ff 64 ff 7d 03 9d 00 00"
2025-10-25 11:18:43,9.25,0xff,0x64,0xff,0x7d,0x03,0x9d,"ff 64 ff 7d 03 9d 00 00"
2025-10-25 11:18:43,9.25,0xff,0x64,0xff,0x7d,0x03,0x9d,"ff 64 ff 7d 03 9d 00 00"
2025-10-25 11:18:43,9.25,0xff,0x64,0xff,0x7d,0x03,0x9d,"ff 64 ff 7d 03 9d 00 00"
2025-10-25 11:18:43,9.25,0xff,0x64,0xff,0x7d,0x03,0x9d,"ff 64 ff 7d 03 9d 00 00"
2025-10-25 11:18:43,9.25,0xff,0x64,0xff,0x7d,0x03,0x9d,"ff 64 ff 7d 03 9d 00 00"
2025-10-25 11:18:43,9.25,0xff,0x64,0xff,0x7d,0x03,0x9d,"ff 64 ff 7d 03 9d 00 00"
2025-10-25 11:18:43,9.25,0xff,0x6a,0xff,0x7d,0x03,0x9d,"ff 6a ff 7d 03 9d 00 00"
2025-10-25 11:18:43,9.25,0xff,0x6a,0xff,0x7d,0x03,0x9d,"ff 6a ff 7d 03 9d 00 00"
2025-10-25 11:18:43,9.25,0xff,0x6a,0xff,0x7d,0x03,0x9d,"ff 6a ff 7d 03 9d 00 00"
2025-10-25 11:18:43,9.25,0xff,0x6a,0xff,0x7d,0x03,0x9d,"ff 6a ff 7d 03 9d 00 00"
2025-10-25 11:18:43,9.25,0xff,0x6a,0xff,0x7d,0x03,0x9d,"ff 6a ff 7d 03 9d 00 00"
2025-10-25 11:18:43,9.25,0xff,0x6a,0xff,0x7d,0x03,0x9d,"ff 6a ff 7d 03 9d 00 00"
2025-10-25 11:18:43,9.25,0xff,0x6a,0xff,0x7d,0x03,0x9d,"ff 6a ff 7d 03 9d 00 00"
2025-10-25 11:18:43,9.25,0xff,0x6a,0xff,0x7d,0x03,0x9d,"ff 6a ff 7d 03 9d 00 00"
2025-10-25 11:18:43,9.25,0xff,0x6a,0xff,0x7d,0x03,0x9d,"ff 6a ff 7d 03 9d 00 00"
2025-10-25 11:18:43,9.25,0xff,0x6a,0xff,0x7d,0x03,0x9d,"ff 6a ff 7d 03 9d 00 00"
