Timestamp,Yaw_Angle(degrees),Hex_Byte0,Hex_Byte1,Hex_Byte2,Hex_Byte3,Hex_Byte4,Hex_Byte5,Hex_All
2025-10-25 10:06:21,-0.0700073,0xff,0xd5,0xff,0x83,0x8c,0x99,"ff d5 ff 83 8c 99 00 00"
2025-10-25 10:06:21,-0.0700073,0xff,0xd5,0xff,0x83,0x8c,0x99,"ff d5 ff 83 8c 99 00 00"
2025-10-25 10:06:21,-0.0700073,0xff,0xd5,0xff,0x83,0x8c,0x99,"ff d5 ff 83 8c 99 00 00"
2025-10-25 10:06:21,-0.0700073,0xff,0xd5,0xff,0x83,0x8c,0x99,"ff d5 ff 83 8c 99 00 00"
2025-10-25 10:06:21,-0.0700073,0xff,0xd5,0xff,0x83,0x8c,0x99,"ff d5 ff 83 8c 99 00 00"
2025-10-25 10:06:21,-0.0700073,0xff,0xd5,0xff,0x83,0x8c,0x99,"ff d5 ff 83 8c 99 00 00"
2025-10-25 10:06:21,-0.0700073,0xff,0xd5,0xff,0x83,0x8c,0x99,"ff d5 ff 83 8c 99 00 00"
2025-10-25 10:06:21,-0.0700073,0xff,0xd5,0xff,0x83,0x8c,0x99,"ff d5 ff 83 8c 99 00 00"
2025-10-25 10:06:21,-0.0700073,0xff,0xd5,0xff,0x83,0x8c,0x99,"ff d5 ff 83 8c 99 00 00"
2025-10-25 10:06:21,-0.0700073,0xff,0xd5,0xff,0x83,0x8c,0x99,"ff d5 ff 83 8c 99 00 00"
2025-10-25 10:06:21,-0.0700073,0xff,0xd5,0xff,0x83,0x8c,0x99,"ff d5 ff 83 8c 99 00 00"
2025-10-25 10:06:21,-0.0700073,0xff,0xd5,0xff,0x83,0x8c,0x99,"ff d5 ff 83 8c 99 00 00"
2025-10-25 10:06:21,-0.0700073,0xff,0xd5,0xff,0x83,0x8c,0x99,"ff d5 ff 83 8c 99 00 00"
2025-10-25 10:06:21,-0.0700073,0xff,0xd5,0xff,0x83,0x8c,0x99,"ff d5 ff 83 8c 99 00 00"
2025-10-25 10:06:21,-0.0700073,0xff,0xd5,0xff,0x83,0x8c,0x99,"ff d5 ff 83 8c 99 00 00"
2025-10-25 10:06:21,-0.0700073,0xff,0xd5,0xff,0x83,0x8c,0x99,"ff d5 ff 83 8c 99 00 00"
2025-10-25 10:06:22,-0.0700073,0xff,0xd5,0xff,0x83,0x8c,0x99,"ff d5 ff 83 8c 99 00 00"
2025-10-25 10:06:22,-0.0700073,0xff,0xd5,0xff,0x83,0x8c,0x99,"ff d5 ff 83 8c 99 00 00"
2025-10-25 10:06:22,-0.0700073,0xff,0xd5,0xff,0x83,0x8c,0x99,"ff d5 ff 83 8c 99 00 00"
2025-10-25 10:06:22,-0.0700073,0xff,0xd5,0xff,0x83,0x8c,0x99,"ff d5 ff 83 8c 99 00 00"
2025-10-25 10:06:22,-0.0700073,0xff,0xd5,0xff,0x83,0x8c,0x99,"ff d5 ff 83 8c 99 00 00"
2025-10-25 10:06:22,-0.0700073,0xff,0xd5,0xff,0x83,0x8c,0x99,"ff d5 ff 83 8c 99 00 00"
2025-10-25 10:06:22,-0.0700073,0xff,0xd5,0xff,0x83,0x8c,0x99,"ff d5 ff 83 8c 99 00 00"
2025-10-25 10:06:22,-0.0700073,0xff,0xd5,0xff,0x83,0x8c,0x99,"ff d5 ff 83 8c 99 00 00"
2025-10-25 10:06:22,-0.0700073,0xff,0xd5,0xff,0x83,0x8c,0x99,"ff d5 ff 83 8c 99 00 00"
2025-10-25 10:06:22,-0.0700073,0xff,0xd5,0xff,0x83,0x8c,0x99,"ff d5 ff 83 8c 99 00 00"
2025-10-25 10:06:22,-0.0700073,0xff,0xd5,0xff,0x83,0x8c,0x99,"ff d5 ff 83 8c 99 00 00"
2025-10-25 10:06:22,-0.0700073,0xff,0xd5,0xff,0x83,0x8c,0x99,"ff d5 ff 83 8c 99 00 00"
2025-10-25 10:06:22,-0.0700073,0xff,0xd5,0xff,0x83,0x8c,0x99,"ff d5 ff 83 8c 99 00 00"
2025-10-25 10:06:22,-0.0700073,0xff,0xd5,0xff,0x83,0x8c,0x99,"ff d5 ff 83 8c 99 00 00"
2025-10-25 10:06:22,-0.0700073,0xff,0xd5,0xff,0x83,0x8c,0x99,"ff d5 ff 83 8c 99 00 00"
2025-10-25 10:06:22,-0.0700073,0xff,0xd5,0xff,0x83,0x8c,0x99,"ff d5 ff 83 8c 99 00 00"
2025-10-25 10:06:22,-0.0700073,0xff,0xd5,0xff,0x83,0x8c,0x99,"ff d5 ff 83 8c 99 00 00"
2025-10-25 10:06:22,-0.0700073,0xff,0xd5,0xff,0x83,0x8c,0x99,"ff d5 ff 83 8c 99 00 00"
2025-10-25 10:06:22,-0.0700073,0xff,0xd5,0xff,0x83,0x8c,0x99,"ff d5 ff 83 8c 99 00 00"
2025-10-25 10:06:22,-0.0700073,0xff,0xd5,0xff,0x83,0x8c,0x99,"ff d5 ff 83 8c 99 00 00"
2025-10-25 10:06:22,-0.0700073,0xff,0xd5,0xff,0x83,0x8c,0x99,"ff d5 ff 83 8c 99 00 00"
2025-10-25 10:06:22,-0.0700073,0xff,0xd5,0xff,0x83,0x8c,0x99,"ff d5 ff 83 8c 99 00 00"
2025-10-25 10:06:22,-0.0700073,0xff,0xd5,0xff,0x83,0x8c,0x99,"ff d5 ff 83 8c 99 00 00"
2025-10-25 10:06:22,-0.0700073,0xff,0xd5,0xff,0x83,0x8c,0x99,"ff d5 ff 83 8c 99 00 00"
2025-10-25 10:06:22,-0.0700073,0xff,0xd5,0xff,0x83,0x8c,0x99,"ff d5 ff 83 8c 99 00 00"
2025-10-25 10:06:22,-0.0700073,0xff,0xd5,0xff,0x83,0x8c,0x99,"ff d5 ff 83 8c 99 00 00"
2025-10-25 10:06:22,-0.0700073,0xff,0xd5,0xff,0x83,0x8c,0x99,"ff d5 ff 83 8c 99 00 00"
2025-10-25 10:06:22,-0.0700073,0xff,0xd5,0xff,0x83,0x8c,0x99,"ff d5 ff 83 8c 99 00 00"
2025-10-25 10:06:22,-0.0700073,0xff,0xd5,0xff,0x83,0x8c,0x99,"ff d5 ff 83 8c 99 00 00"
2025-10-25 10:06:22,-0.0700073,0xff,0xd5,0xff,0x83,0x8c,0x99,"ff d5 ff 83 8c 99 00 00"
2025-10-25 10:06:22,-0.0700073,0xff,0xd5,0xff,0x83,0x8c,0x99,"ff d5 ff 83 8c 99 00 00"
2025-10-25 10:06:22,-0.0700073,0xff,0xd5,0xff,0x83,0x8c,0x99,"ff d5 ff 83 8c 99 00 00"
2025-10-25 10:06:22,-0.0700073,0xff,0xd5,0xff,0x83,0x8c,0x99,"ff d5 ff 83 8c 99 00 00"
2025-10-25 10:06:22,-0.0700073,0xff,0xd5,0xff,0x83,0x8c,0x99,"ff d5 ff 83 8c 99 00 00"
2025-10-25 10:06:23,-0.0700073,0xff,0xd5,0xff,0x83,0x8c,0x99,"ff d5 ff 83 8c 99 00 00"
2025-10-25 10:06:23,-0.0700073,0xff,0xd5,0xff,0x83,0x8c,0x99,"ff d5 ff 83 8c 99 00 00"
2025-10-25 10:06:23,-0.0700073,0xff,0xd5,0xff,0x83,0x8c,0x99,"ff d5 ff 83 8c 99 00 00"
2025-10-25 10:06:23,-0.0700073,0xff,0xd5,0xff,0x83,0x8c,0x99,"ff d5 ff 83 8c 99 00 00"
2025-10-25 10:06:23,-0.0700073,0xff,0xd5,0xff,0x83,0x8c,0x99,"ff d5 ff 83 8c 99 00 00"
2025-10-25 10:06:23,-0.0700073,0xff,0xd5,0xff,0x83,0x8c,0x99,"ff d5 ff 83 8c 99 00 00"
2025-10-25 10:06:23,-0.0700073,0xff,0xd5,0xff,0x83,0x8c,0x99,"ff d5 ff 83 8c 99 00 00"
2025-10-25 10:06:23,-0.0700073,0xff,0xd5,0xff,0x83,0x8c,0x99,"ff d5 ff 83 8c 99 00 00"
2025-10-25 10:06:23,-0.0700073,0xff,0xd5,0xff,0x83,0x8c,0x99,"ff d5 ff 83 8c 99 00 00"
2025-10-25 10:06:23,-0.0700073,0xff,0xd5,0xff,0x83,0x8c,0x99,"ff d5 ff 83 8c 99 00 00"
2025-10-25 10:06:23,-0.0700073,0xff,0xd5,0xff,0x83,0x8c,0x99,"ff d5 ff 83 8c 99 00 00"
2025-10-25 10:06:23,-0.0700073,0xff,0xd5,0xff,0x83,0x8c,0x99,"ff d5 ff 83 8c 99 00 00"
2025-10-25 10:06:23,-0.0700073,0xff,0xd5,0xff,0x83,0x8c,0x99,"ff d5 ff 83 8c 99 00 00"
2025-10-25 10:06:23,-0.0700073,0xff,0xd5,0xff,0x83,0x8c,0x99,"ff d5 ff 83 8c 99 00 00"
2025-10-25 10:06:23,-0.0700073,0xff,0xd5,0xff,0x83,0x8c,0x99,"ff d5 ff 83 8c 99 00 00"
2025-10-25 10:06:23,-0.0700073,0xff,0xd5,0xff,0x83,0x8c,0x99,"ff d5 ff 83 8c 99 00 00"
2025-10-25 10:06:23,-0.0700073,0xff,0xd5,0xff,0x83,0x8c,0x99,"ff d5 ff 83 8c 99 00 00"
2025-10-25 10:06:23,-0.0700073,0xff,0xd5,0xff,0x83,0x8c,0x99,"ff d5 ff 83 8c 99 00 00"
2025-10-25 10:06:23,-0.0700073,0xff,0xd5,0xff,0x83,0x8c,0x99,"ff d5 ff 83 8c 99 00 00"
2025-10-25 10:06:23,-0.0700073,0xff,0xd5,0xff,0x83,0x8c,0x99,"ff d5 ff 83 8c 99 00 00"
2025-10-25 10:06:23,-0.0700073,0xff,0xd5,0xff,0x83,0x8c,0x99,"ff d5 ff 83 8c 99 00 00"
2025-10-25 10:06:23,-0.0700073,0xff,0xd5,0xff,0x83,0x8c,0x99,"ff d5 ff 83 8c 99 00 00"
2025-10-25 10:06:23,-0.0700073,0xff,0xd5,0xff,0x83,0x8c,0x99,"ff d5 ff 83 8c 99 00 00"
2025-10-25 10:06:23,-0.0700073,0xff,0xd5,0xff,0x83,0x8c,0x99,"ff d5 ff 83 8c 99 00 00"
2025-10-25 10:06:23,-0.0700073,0xff,0xd5,0xff,0x83,0x8c,0x99,"ff d5 ff 83 8c 99 00 00"
2025-10-25 10:06:23,-0.0700073,0xff,0xd5,0xff,0x83,0x8c,0x99,"ff d5 ff 83 8c 99 00 00"
2025-10-25 10:06:23,-0.0700073,0xff,0xd5,0xff,0x83,0x8c,0x99,"ff d5 ff 83 8c 99 00 00"
2025-10-25 10:06:23,-0.0700073,0xff,0xd5,0xff,0x83,0x8c,0x99,"ff d5 ff 83 8c 99 00 00"
2025-10-25 10:06:23,-0.0700073,0xff,0xd5,0xff,0x83,0x8c,0x99,"ff d5 ff 83 8c 99 00 00"
2025-10-25 10:06:23,-0.0700073,0xff,0xd5,0xff,0x83,0x8c,0x99,"ff d5 ff 83 8c 99 00 00"
2025-10-25 10:06:23,-0.0700073,0xff,0xd5,0xff,0x83,0x8c,0x99,"ff d5 ff 83 8c 99 00 00"
2025-10-25 10:06:23,-0.0700073,0xff,0xd5,0xff,0x83,0x8c,0x99,"ff d5 ff 83 8c 99 00 00"
2025-10-25 10:06:23,-0.0700073,0xff,0xd5,0xff,0x83,0x8c,0x99,"ff d5 ff 83 8c 99 00 00"
2025-10-25 10:06:23,-0.0700073,0xff,0xd5,0xff,0x83,0x8c,0x99,"ff d5 ff 83 8c 99 00 00"
2025-10-25 10:06:24,-0.0700073,0xff,0xd5,0xff,0x83,0x8c,0x99,"ff d5 ff 83 8c 99 00 00"
2025-10-25 10:06:24,-0.0700073,0xff,0xd5,0xff,0x83,0x8c,0x99,"ff d5 ff 83 8c 99 00 00"
2025-10-25 10:06:24,-0.0700073,0xff,0xd5,0xff,0x83,0x8c,0x99,"ff d5 ff 83 8c 99 00 00"
2025-10-25 10:06:24,-0.0700073,0xff,0xd5,0xff,0x83,0x8c,0x99,"ff d5 ff 83 8c 99 00 00"
2025-10-25 10:06:24,-0.0700073,0xff,0xd5,0xff,0x83,0x8c,0x99,"ff d5 ff 83 8c 99 00 00"
2025-10-25 10:06:24,-0.0700073,0xff,0xd5,0xff,0x83,0x8c,0x99,"ff d5 ff 83 8c 99 00 00"
2025-10-25 10:06:24,-0.0700073,0xff,0xd5,0xff,0x83,0x8c,0x99,"ff d5 ff 83 8c 99 00 00"
2025-10-25 10:06:24,-0.0700073,0xff,0xd5,0xff,0x83,0x8c,0x99,"ff d5 ff 83 8c 99 00 00"
2025-10-25 10:06:24,-0.0700073,0xff,0xd5,0xff,0x83,0x8c,0x99,"ff d5 ff 83 8c 99 00 00"
2025-10-25 10:06:24,-0.0700073,0xff,0xd5,0xff,0x83,0x8c,0x99,"ff d5 ff 83 8c 99 00 00"
2025-10-25 10:06:24,-0.0700073,0xff,0xd5,0xff,0x83,0x8c,0x99,"ff d5 ff 83 8c 99 00 00"
2025-10-25 10:06:24,-0.0700073,0xff,0xd5,0xff,0x83,0x8c,0x99,"ff d5 ff 83 8c 99 00 00"
2025-10-25 10:06:24,-0.0700073,0xff,0xd5,0xff,0x83,0x8c,0x99,"ff d5 ff 83 8c 99 00 00"
2025-10-25 10:06:24,-0.0700073,0xff,0xd5,0xff,0x83,0x8c,0x99,"ff d5 ff 83 8c 99 00 00"
2025-10-25 10:06:24,-0.0700073,0xff,0xd5,0xff,0x83,0x8c,0x99,"ff d5 ff 83 8c 99 00 00"
2025-10-25 10:06:24,-0.0700073,0xff,0xd5,0xff,0x83,0x8c,0x99,"ff d5 ff 83 8c 99 00 00"
2025-10-25 10:06:24,-0.0700073,0xff,0xd5,0xff,0x83,0x8c,0x99,"ff d5 ff 83 8c 99 00 00"
2025-10-25 10:06:24,-0.0700073,0xff,0xd5,0xff,0x83,0x8c,0x99,"ff d5 ff 83 8c 99 00 00"
2025-10-25 10:06:24,-0.0700073,0xff,0xd5,0xff,0x83,0x8c,0x99,"ff d5 ff 83 8c 99 00 00"
2025-10-25 10:06:24,-0.0700073,0xff,0xd5,0xff,0x83,0x8c,0x99,"ff d5 ff 83 8c 99 00 00"
2025-10-25 10:06:24,-0.0700073,0xff,0xd5,0xff,0x83,0x8c,0x99,"ff d5 ff 83 8c 99 00 00"
2025-10-25 10:06:24,-0.0700073,0xff,0xd5,0xff,0x83,0x8c,0x99,"ff d5 ff 83 8c 99 00 00"
2025-10-25 10:06:24,-0.0700073,0xff,0xd5,0xff,0x83,0x8c,0x99,"ff d5 ff 83 8c 99 00 00"
2025-10-25 10:06:24,-0.0700073,0xff,0xd5,0xff,0x83,0x8c,0x99,"ff d5 ff 83 8c 99 00 00"
2025-10-25 10:06:24,-0.0700073,0xff,0xd5,0xff,0x83,0x8c,0x99,"ff d5 ff 83 8c 99 00 00"
2025-10-25 10:06:24,-0.0700073,0xff,0xd5,0xff,0x83,0x8c,0x99,"ff d5 ff 83 8c 99 00 00"
2025-10-25 10:06:24,-0.0700073,0xff,0xd5,0xff,0x83,0x8c,0x99,"ff d5 ff 83 8c 99 00 00"
2025-10-25 10:06:24,-0.0700073,0xff,0xd5,0xff,0x83,0x8c,0x99,"ff d5 ff 83 8c 99 00 00"
2025-10-25 10:06:24,-0.0700073,0xff,0xd5,0xff,0x83,0x8c,0x99,"ff d5 ff 83 8c 99 00 00"
2025-10-25 10:06:24,-0.0700073,0xff,0xd5,0xff,0x83,0x8c,0x99,"ff d5 ff 83 8c 99 00 00"
2025-10-25 10:06:24,-0.0700073,0xff,0xd5,0xff,0x83,0x8c,0x99,"ff d5 ff 83 8c 99 00 00"
2025-10-25 10:06:24,-0.0700073,0xff,0xd5,0xff,0x83,0x8c,0x99,"ff d5 ff 83 8c 99 00 00"
2025-10-25 10:06:24,-0.0700073,0xff,0xd5,0xff,0x83,0x8c,0x99,"ff d5 ff 83 8c 99 00 00"
2025-10-25 10:06:25,-0.0700073,0xff,0xd5,0xff,0x83,0x8c,0x99,"ff d5 ff 83 8c 99 00 00"
2025-10-25 10:06:25,-0.0700073,0xff,0xd5,0xff,0x83,0x8c,0x99,"ff d5 ff 83 8c 99 00 00"
2025-10-25 10:06:25,-0.0700073,0xff,0xd5,0xff,0x83,0x8c,0x99,"ff d5 ff 83 8c 99 00 00"
2025-10-25 10:06:25,-0.0700073,0xff,0xd5,0xff,0x83,0x8c,0x99,"ff d5 ff 83 8c 99 00 00"
2025-10-25 10:06:25,-0.0700073,0xff,0xd5,0xff,0x83,0x8c,0x99,"ff d5 ff 83 8c 99 00 00"
2025-10-25 10:06:25,-0.0700073,0xff,0xd5,0xff,0x83,0x8c,0x99,"ff d5 ff 83 8c 99 00 00"
2025-10-25 10:06:25,-0.0700073,0xff,0xd5,0xff,0x83,0x8c,0x99,"ff d5 ff 83 8c 99 00 00"
2025-10-25 10:06:25,-0.0700073,0xff,0xd5,0xff,0x83,0x8c,0x99,"ff d5 ff 83 8c 99 00 00"
2025-10-25 10:06:25,-0.0700073,0xff,0xd5,0xff,0x83,0x8c,0x99,"ff d5 ff 83 8c 99 00 00"
2025-10-25 10:06:25,-0.0700073,0xff,0xd5,0xff,0x83,0x8c,0x99,"ff d5 ff 83 8c 99 00 00"
2025-10-25 10:06:25,-0.0700073,0xff,0xd5,0xff,0x83,0x8c,0x99,"ff d5 ff 83 8c 99 00 00"
2025-10-25 10:06:25,-0.0700073,0xff,0xd5,0xff,0x83,0x8c,0x99,"ff d5 ff 83 8c 99 00 00"
2025-10-25 10:06:25,-0.0700073,0xff,0xd5,0xff,0x83,0x8c,0x99,"ff d5 ff 83 8c 99 00 00"
2025-10-25 10:06:25,-0.0700073,0xff,0xd5,0xff,0x83,0x8c,0x99,"ff d5 ff 83 8c 99 00 00"
2025-10-25 10:06:25,-0.0700073,0xff,0xd5,0xff,0x83,0x8c,0x99,"ff d5 ff 83 8c 99 00 00"
2025-10-25 10:06:25,-0.0700073,0xff,0xd5,0xff,0x83,0x8c,0x99,"ff d5 ff 83 8c 99 00 00"
2025-10-25 10:06:25,-0.0700073,0xff,0xd5,0xff,0x83,0x8c,0x99,"ff d5 ff 83 8c 99 00 00"
2025-10-25 10:06:25,-0.0700073,0xff,0xd5,0xff,0x83,0x8c,0x99,"ff d5 ff 83 8c 99 00 00"
2025-10-25 10:06:25,-0.0700073,0xff,0xd5,0xff,0x83,0x8c,0x99,"ff d5 ff 83 8c 99 00 00"
2025-10-25 10:06:25,-0.0700073,0xff,0xd5,0xff,0x83,0x8c,0x99,"ff d5 ff 83 8c 99 00 00"
2025-10-25 10:06:25,-0.0700073,0xff,0xd5,0xff,0x83,0x8c,0x99,"ff d5 ff 83 8c 99 00 00"
2025-10-25 10:06:25,-0.0700073,0xff,0xd5,0xff,0x83,0x8c,0x99,"ff d5 ff 83 8c 99 00 00"
2025-10-25 10:06:25,-0.0700073,0xff,0xd5,0xff,0x83,0x8c,0x99,"ff d5 ff 83 8c 99 00 00"
2025-10-25 10:06:25,-0.0700073,0xff,0xd5,0xff,0x83,0x8c,0x99,"ff d5 ff 83 8c 99 00 00"
2025-10-25 10:06:25,-0.0700073,0xff,0xd5,0xff,0x83,0x8c,0x99,"ff d5 ff 83 8c 99 00 00"
2025-10-25 10:06:25,-0.0700073,0xff,0xd5,0xff,0x83,0x8c,0x99,"ff d5 ff 83 8c 99 00 00"
2025-10-25 10:06:25,-0.0700073,0xff,0xd5,0xff,0x83,0x8c,0x99,"ff d5 ff 83 8c 99 00 00"
2025-10-25 10:06:25,-0.0700073,0xff,0xd5,0xff,0x83,0x8c,0x99,"ff d5 ff 83 8c 99 00 00"
2025-10-25 10:06:25,-0.0700073,0xff,0xd5,0xff,0x83,0x8c,0x99,"ff d5 ff 83 8c 99 00 00"
2025-10-25 10:06:25,-0.0700073,0xff,0xd5,0xff,0x83,0x8c,0x99,"ff d5 ff 83 8c 99 00 00"
2025-10-25 10:06:25,-0.0700073,0xff,0xd5,0xff,0x83,0x8c,0x99,"ff d5 ff 83 8c 99 00 00"
2025-10-25 10:06:25,-0.0700073,0xff,0xd5,0xff,0x83,0x8c,0x99,"ff d5 ff 83 8c 99 00 00"
2025-10-25 10:06:25,-0.0700073,0xff,0xd5,0xff,0x83,0x8c,0x99,"ff d5 ff 83 8c 99 00 00"
2025-10-25 10:06:25,-0.0700073,0xff,0xd5,0xff,0x83,0x8c,0x99,"ff d5 ff 83 8c 99 00 00"
2025-10-25 10:06:26,-0.0700073,0xff,0xd5,0xff,0x83,0x8c,0x99,"ff d5 ff 83 8c 99 00 00"
2025-10-25 10:06:26,-0.0700073,0xff,0xd5,0xff,0x83,0x8c,0x99,"ff d5 ff 83 8c 99 00 00"
2025-10-25 10:06:26,-0.0700073,0xff,0xd5,0xff,0x83,0x8c,0x99,"ff d5 ff 83 8c 99 00 00"
2025-10-25 10:06:26,-0.0700073,0xff,0xd5,0xff,0x83,0x8c,0x99,"ff d5 ff 83 8c 99 00 00"
2025-10-25 10:06:26,-0.0700073,0xff,0xd5,0xff,0x83,0x8c,0x99,"ff d5 ff 83 8c 99 00 00"
2025-10-25 10:06:26,-0.0700073,0xff,0xd5,0xff,0x83,0x8c,0x99,"ff d5 ff 83 8c 99 00 00"
2025-10-25 10:06:26,-0.0700073,0xff,0xd5,0xff,0x83,0x8c,0x99,"ff d5 ff 83 8c 99 00 00"
2025-10-25 10:06:26,-0.0700073,0xff,0xd5,0xff,0x83,0x8c,0x99,"ff d5 ff 83 8c 99 00 00"
2025-10-25 10:06:26,-0.0700073,0xff,0xd5,0xff,0x83,0x8c,0x99,"ff d5 ff 83 8c 99 00 00"
2025-10-25 10:06:26,-0.0700073,0xff,0xd5,0xff,0x83,0x8c,0x99,"ff d5 ff 83 8c 99 00 00"
2025-10-25 10:06:26,-0.0700073,0xff,0xd5,0xff,0x83,0x8c,0x99,"ff d5 ff 83 8c 99 00 00"
2025-10-25 10:06:26,-0.0700073,0xff,0xd5,0xff,0x83,0x8c,0x99,"ff d5 ff 83 8c 99 00 00"
2025-10-25 10:06:26,-0.0700073,0xff,0xd5,0xff,0x83,0x8c,0x99,"ff d5 ff 83 8c 99 00 00"
2025-10-25 10:06:26,-0.0700073,0xff,0xd5,0xff,0x83,0x8c,0x99,"ff d5 ff 83 8c 99 00 00"
2025-10-25 10:06:26,-0.0700073,0xff,0xd5,0xff,0x83,0x8c,0x99,"ff d5 ff 83 8c 99 00 00"
2025-10-25 10:06:26,-0.0700073,0xff,0xd5,0xff,0x83,0x8c,0x99,"ff d5 ff 83 8c 99 00 00"
2025-10-25 10:06:26,-0.0700073,0xff,0xd5,0xff,0x83,0x8c,0x99,"ff d5 ff 83 8c 99 00 00"
2025-10-25 10:06:26,-0.0700073,0xff,0xd5,0xff,0x83,0x8c,0x99,"ff d5 ff 83 8c 99 00 00"
2025-10-25 10:06:26,-0.0700073,0xff,0xd5,0xff,0x83,0x8c,0x99,"ff d5 ff 83 8c 99 00 00"
2025-10-25 10:06:26,-0.0700073,0xff,0xd5,0xff,0x83,0x8c,0x99,"ff d5 ff 83 8c 99 00 00"
2025-10-25 10:06:26,-0.0700073,0xff,0xd5,0xff,0x83,0x8c,0x99,"ff d5 ff 83 8c 99 00 00"
2025-10-25 10:06:26,-0.0700073,0xff,0xd5,0xff,0x83,0x8c,0x99,"ff d5 ff 83 8c 99 00 00"
2025-10-25 10:06:26,-0.0700073,0xff,0xd5,0xff,0x83,0x8c,0x99,"ff d5 ff 83 8c 99 00 00"
2025-10-25 10:06:26,-0.0700073,0xff,0xd5,0xff,0x83,0x8c,0x99,"ff d5 ff 83 8c 99 00 00"
2025-10-25 10:06:26,-0.0700073,0xff,0xd5,0xff,0x83,0x8c,0x99,"ff d5 ff 83 8c 99 00 00"
2025-10-25 10:06:26,-0.0700073,0xff,0xd5,0xff,0x83,0x8c,0x99,"ff d5 ff 83 8c 99 00 00"
2025-10-25 10:06:26,-0.0700073,0xff,0xd5,0xff,0x83,0x8c,0x99,"ff d5 ff 83 8c 99 00 00"
2025-10-25 10:06:26,-0.0700073,0xff,0xd5,0xff,0x83,0x8c,0x99,"ff d5 ff 83 8c 99 00 00"
2025-10-25 10:06:26,-0.0700073,0xff,0xd5,0xff,0x83,0x8c,0x99,"ff d5 ff 83 8c 99 00 00"
2025-10-25 10:06:26,-0.0700073,0xff,0xd5,0xff,0x83,0x8c,0x99,"ff d5 ff 83 8c 99 00 00"
2025-10-25 10:06:26,-0.0700073,0xff,0xd5,0xff,0x83,0x8c,0x99,"ff d5 ff 83 8c 99 00 00"
2025-10-25 10:06:26,-0.0700073,0xff,0xd5,0xff,0x83,0x8c,0x99,"ff d5 ff 83 8c 99 00 00"
2025-10-25 10:06:26,-0.0700073,0xff,0xce,0xff,0x83,0x8c,0x99,"ff ce ff 83 8c 99 00 00"
2025-10-25 10:06:26,-0.0700073,0xff,0xce,0xff,0x83,0x8c,0x99,"ff ce ff 83 8c 99 00 00"
2025-10-25 10:06:27,-0.0700073,0xff,0xce,0xff,0x83,0x8c,0x99,"ff ce ff 83 8c 99 00 00"
2025-10-25 10:06:27,0,0xff,0xce,0xff,0x83,0x00,0x00,"ff ce ff 83 00 00 00 00"
2025-10-25 10:06:27,0,0xff,0xce,0xff,0x83,0x00,0x00,"ff ce ff 83 00 00 00 00"
2025-10-25 10:06:27,0.06,0xff,0xce,0xff,0x83,0x00,0x06,"ff ce ff 83 00 06 00 00"
2025-10-25 10:06:27,0.12,0xff,0xce,0xff,0x83,0x00,0x0c,"ff ce ff 83 00 0c 00 00"
2025-10-25 10:06:27,0.12,0xff,0xce,0xff,0x83,0x00,0x0c,"ff ce ff 83 00 0c 00 00"
2025-10-25 10:06:27,0.25,0xff,0xce,0xff,0x83,0x00,0x19,"ff ce ff 83 00 19 00 00"
2025-10-25 10:06:27,0.31,0xff,0xd5,0xff,0x83,0x00,0x1f,"ff d5 ff 83 00 1f 00 00"
2025-10-25 10:06:27,0.37,0xff,0xd5,0xff,0x83,0x00,0x25,"ff d5 ff 83 00 25 00 00"
2025-10-25 10:06:27,0.43,0xff,0xd5,0xff,0x83,0x00,0x2b,"ff d5 ff 83 00 2b 00 00"
2025-10-25 10:06:27,0.5,0xff,0xd5,0xff,0x83,0x00,0x32,"ff d5 ff 83 00 32 00 00"
2025-10-25 10:06:27,0.62,0xff,0xce,0xff,0x83,0x00,0x3e,"ff ce ff 83 00 3e 00 00"
2025-10-25 10:06:27,0.68,0xff,0xce,0xff,0x83,0x00,0x44,"ff ce ff 83 00 44 00 00"
2025-10-25 10:06:27,0.75,0xff,0xce,0xff,0x83,0x00,0x4b,"ff ce ff 83 00 4b 00 00"
2025-10-25 10:06:27,0.87,0xff,0xce,0xff,0x83,0x00,0x57,"ff ce ff 83 00 57 00 00"
2025-10-25 10:06:27,1.06,0xff,0xd5,0xff,0x7d,0x00,0x6a,"ff d5 ff 7d 00 6a 00 00"
2025-10-25 10:06:27,1.18,0xff,0xd5,0xff,0x7d,0x00,0x76,"ff d5 ff 7d 00 76 00 00"
2025-10-25 10:06:27,1.5,0xff,0xd5,0xff,0x7d,0x00,0x96,"ff d5 ff 7d 00 96 00 00"
2025-10-25 10:06:27,1.68,0xff,0xd5,0xff,0x7d,0x00,0xa8,"ff d5 ff 7d 00 a8 00 00"
2025-10-25 10:06:27,1.87,0xff,0xd5,0xff,0x7d,0x00,0xbb,"ff d5 ff 7d 00 bb 00 00"
2025-10-25 10:06:27,2.06,0xff,0xd5,0xff,0x7d,0x00,0xce,"ff d5 ff 7d 00 ce 00 00"
2025-10-25 10:06:27,2.18,0xff,0xd5,0xff,0x7d,0x00,0xda,"ff d5 ff 7d 00 da 00 00"
2025-10-25 10:06:27,2.31,0xff,0xd5,0xff,0x83,0x00,0xe7,"ff d5 ff 83 00 e7 00 00"
2025-10-25 10:06:27,2.37,0xff,0xdb,0xff,0x83,0x00,0xed,"ff db ff 83 00 ed 00 00"
2025-10-25 10:06:27,2.43,0xff,0xdb,0xff,0x83,0x00,0xf3,"ff db ff 83 00 f3 00 00"
2025-10-25 10:06:27,2.56,0xff,0xdb,0xff,0x83,0x01,0x00,"ff db ff 83 01 00 00 00"
2025-10-25 10:06:27,2.62,0xff,0xdb,0xff,0x83,0x01,0x06,"ff db ff 83 01 06 00 00"
2025-10-25 10:06:27,2.68,0xff,0xdb,0xff,0x83,0x01,0x0c,"ff db ff 83 01 0c 00 00"
2025-10-25 10:06:27,2.81,0xff,0xdb,0xff,0x83,0x01,0x19,"ff db ff 83 01 19 00 00"
2025-10-25 10:06:27,2.87,0xff,0xdb,0xff,0x83,0x01,0x1f,"ff db ff 83 01 1f 00 00"
2025-10-25 10:06:27,2.93,0xff,0xdb,0xff,0x83,0x01,0x25,"ff db ff 83 01 25 00 00"
2025-10-25 10:06:27,3,0xff,0xdb,0xff,0x83,0x01,0x2c,"ff db ff 83 01 2c 00 00"
2025-10-25 10:06:27,3.06,0xff,0xdb,0xff,0x83,0x01,0x32,"ff db ff 83 01 32 00 00"
2025-10-25 10:06:27,3.18,0xff,0xdb,0xff,0x83,0x01,0x3e,"ff db ff 83 01 3e 00 00"
2025-10-25 10:06:28,3.25,0xff,0xdb,0xff,0x83,0x01,0x45,"ff db ff 83 01 45 00 00"
2025-10-25 10:06:28,3.37,0xff,0xdb,0xff,0x83,0x01,0x51,"ff db ff 83 01 51 00 00"
2025-10-25 10:06:28,3.43,0xff,0xdb,0xff,0x83,0x01,0x57,"ff db ff 83 01 57 00 00"
2025-10-25 10:06:28,3.56,0xff,0xdb,0xff,0x83,0x01,0x64,"ff db ff 83 01 64 00 00"
2025-10-25 10:06:28,3.68,0xff,0xdb,0xff,0x83,0x01,0x70,"ff db ff 83 01 70 00 00"
2025-10-25 10:06:28,3.75,0xff,0xdb,0xff,0x83,0x01,0x77,"ff db ff 83 01 77 00 00"
2025-10-25 10:06:28,3.87,0xff,0xdb,0xff,0x83,0x01,0x83,"ff db ff 83 01 83 00 00"
2025-10-25 10:06:28,3.93,0xff,0xdb,0xff,0x83,0x01,0x89,"ff db ff 83 01 89 00 00"
2025-10-25 10:06:28,4.06,0xff,0xdb,0xff,0x83,0x01,0x96,"ff db ff 83 01 96 00 00"
2025-10-25 10:06:28,4.18,0xff,0xdb,0xff,0x83,0x01,0xa2,"ff db ff 83 01 a2 00 00"
2025-10-25 10:06:28,4.31,0xff,0xdb,0xff,0x83,0x01,0xaf,"ff db ff 83 01 af 00 00"
2025-10-25 10:06:28,4.37,0xff,0xe1,0xff,0x83,0x01,0xb5,"ff e1 ff 83 01 b5 00 00"
2025-10-25 10:06:28,4.5,0xff,0xe1,0xff,0x83,0x01,0xc2,"ff e1 ff 83 01 c2 00 00"
2025-10-25 10:06:28,4.56,0xff,0xe1,0xff,0x83,0x01,0xc8,"ff e1 ff 83 01 c8 00 00"
2025-10-25 10:06:28,4.75,0xff,0xe1,0xff,0x83,0x01,0xdb,"ff e1 ff 83 01 db 00 00"
2025-10-25 10:06:28,4.87,0xff,0xe1,0xff,0x83,0x01,0xe7,"ff e1 ff 83 01 e7 00 00"
2025-10-25 10:06:28,4.93,0xff,0xe1,0xff,0x83,0x01,0xed,"ff e1 ff 83 01 ed 00 00"
2025-10-25 10:06:28,5.06,0xff,0xe1,0xff,0x83,0x01,0xfa,"ff e1 ff 83 01 fa 00 00"
2025-10-25 10:06:28,5.18,0xff,0xe1,0xff,0x83,0x02,0x06,"ff e1 ff 83 02 06 00 00"
2025-10-25 10:06:28,5.31,0xff,0xe1,0xff,0x83,0x02,0x13,"ff e1 ff 83 02 13 00 00"
2025-10-25 10:06:28,5.43,0xff,0xe1,0xff,0x83,0x02,0x1f,"ff e1 ff 83 02 1f 00 00"
2025-10-25 10:06:28,5.62,0xff,0xe1,0xff,0x83,0x02,0x32,"ff e1 ff 83 02 32 00 00"
2025-10-25 10:06:28,5.75,0xff,0xe1,0xff,0x83,0x02,0x3f,"ff e1 ff 83 02 3f 00 00"
2025-10-25 10:06:28,5.87,0xff,0xe1,0xff,0x83,0x02,0x4b,"ff e1 ff 83 02 4b 00 00"
2025-10-25 10:06:28,5.93,0xff,0xe1,0xff,0x83,0x02,0x51,"ff e1 ff 83 02 51 00 00"
2025-10-25 10:06:28,6.06,0xff,0xe1,0xff,0x83,0x02,0x5e,"ff e1 ff 83 02 5e 00 00"
2025-10-25 10:06:28,6.18,0xff,0xe1,0xff,0x83,0x02,0x6a,"ff e1 ff 83 02 6a 00 00"
2025-10-25 10:06:28,6.31,0xff,0xe1,0xff,0x83,0x02,0x77,"ff e1 ff 83 02 77 00 00"
2025-10-25 10:06:28,6.37,0xff,0xe1,0xff,0x83,0x02,0x7d,"ff e1 ff 83 02 7d 00 00"
2025-10-25 10:06:28,6.5,0xff,0xe1,0xff,0x83,0x02,0x8a,"ff e1 ff 83 02 8a 00 00"
2025-10-25 10:06:28,6.62,0xff,0xe1,0xff,0x83,0x02,0x96,"ff e1 ff 83 02 96 00 00"
2025-10-25 10:06:28,6.75,0xff,0xe1,0xff,0x83,0x02,0xa3,"ff e1 ff 83 02 a3 00 00"
2025-10-25 10:06:28,6.81,0xff,0xe1,0xff,0x83,0x02,0xa9,"ff e1 ff 83 02 a9 00 00"
2025-10-25 10:06:29,6.87,0xff,0xe1,0xff,0x83,0x02,0xaf,"ff e1 ff 83 02 af 00 00"
2025-10-25 10:06:29,7,0xff,0xe1,0xff,0x83,0x02,0xbc,"ff e1 ff 83 02 bc 00 00"
2025-10-25 10:06:29,7.06,0xff,0xe1,0xff,0x83,0x02,0xc2,"ff e1 ff 83 02 c2 00 00"
2025-10-25 10:06:29,7.12,0xff,0xe7,0xff,0x83,0x02,0xc8,"ff e7 ff 83 02 c8 00 00"
2025-10-25 10:06:29,7.18,0xff,0xe7,0xff,0x83,0x02,0xce,"ff e7 ff 83 02 ce 00 00"
2025-10-25 10:06:29,7.25,0xff,0xe7,0xff,0x83,0x02,0xd5,"ff e7 ff 83 02 d5 00 00"
2025-10-25 10:06:29,7.31,0xff,0xe7,0xff,0x83,0x02,0xdb,"ff e7 ff 83 02 db 00 00"
2025-10-25 10:06:29,7.37,0xff,0xe7,0xff,0x83,0x02,0xe1,"ff e7 ff 83 02 e1 00 00"
2025-10-25 10:06:29,7.43,0xff,0xe7,0xff,0x83,0x02,0xe7,"ff e7 ff 83 02 e7 00 00"
2025-10-25 10:06:29,7.56,0xff,0xe7,0xff,0x83,0x02,0xf4,"ff e7 ff 83 02 f4 00 00"
2025-10-25 10:06:29,7.62,0xff,0xe7,0xff,0x83,0x02,0xfa,"ff e7 ff 83 02 fa 00 00"
2025-10-25 10:06:29,7.75,0xff,0xe7,0xff,0x83,0x03,0x07,"ff e7 ff 83 03 07 00 00"
2025-10-25 10:06:29,7.78,0xff,0xe7,0xff,0x83,0x03,0x0a,"ff e7 ff 83 03 0a 00 00"
2025-10-25 10:06:29,7.87,0xff,0xe7,0xff,0x83,0x03,0x13,"ff e7 ff 83 03 13 00 00"
2025-10-25 10:06:29,7.93,0xff,0xe7,0xff,0x83,0x03,0x19,"ff e7 ff 83 03 19 00 00"
2025-10-25 10:06:29,8.06,0xff,0xe7,0xff,0x83,0x03,0x26,"ff e7 ff 83 03 26 00 00"
2025-10-25 10:06:29,8.12,0xff,0xe7,0xff,0x83,0x03,0x2c,"ff e7 ff 83 03 2c 00 00"
2025-10-25 10:06:29,8.18,0xff,0xe7,0xff,0x83,0x03,0x32,"ff e7 ff 83 03 32 00 00"
2025-10-25 10:06:29,8.31,0xff,0xe7,0xff,0x83,0x03,0x3f,"ff e7 ff 83 03 3f 00 00"
2025-10-25 10:06:29,8.43,0xff,0xe7,0xff,0x83,0x03,0x4b,"ff e7 ff 83 03 4b 00 00"
2025-10-25 10:06:29,8.56,0xff,0xe7,0xff,0x7d,0x03,0x58,"ff e7 ff 7d 03 58 00 00"
2025-10-25 10:06:29,8.62,0xff,0xe7,0xff,0x7d,0x03,0x5e,"ff e7 ff 7d 03 5e 00 00"
2025-10-25 10:06:29,8.75,0xff,0xe7,0xff,0x7d,0x03,0x6b,"ff e7 ff 7d 03 6b 00 00"
2025-10-25 10:06:29,8.87,0xff,0xe7,0xff,0x7d,0x03,0x77,"ff e7 ff 7d 03 77 00 00"
2025-10-25 10:06:29,9.06,0xff,0xe7,0xff,0x7d,0x03,0x8a,"ff e7 ff 7d 03 8a 00 00"
2025-10-25 10:06:29,9.18,0xff,0xe7,0xff,0x7d,0x03,0x96,"ff e7 ff 7d 03 96 00 00"
2025-10-25 10:06:29,9.31,0xff,0xe7,0xff,0x7d,0x03,0xa3,"ff e7 ff 7d 03 a3 00 00"
2025-10-25 10:06:29,9.43,0xff,0xe7,0xff,0x7d,0x03,0xaf,"ff e7 ff 7d 03 af 00 00"
2025-10-25 10:06:29,9.56,0xff,0xe7,0xff,0x7d,0x03,0xbc,"ff e7 ff 7d 03 bc 00 00"
2025-10-25 10:06:29,9.75,0xff,0xe7,0xff,0x7d,0x03,0xcf,"ff e7 ff 7d 03 cf 00 00"
2025-10-25 10:06:29,9.87,0xff,0xe7,0xff,0x7d,0x03,0xdb,"ff e7 ff 7d 03 db 00 00"
2025-10-25 10:06:29,10.06,0xff,0xe7,0xff,0x7d,0x03,0xee,"ff e7 ff 7d 03 ee 00 00"
2025-10-25 10:06:29,10.18,0xff,0xe7,0xff,0x7d,0x03,0xfa,"ff e7 ff 7d 03 fa 00 00"
2025-10-25 10:06:29,10.31,0xff,0xe7,0xff,0x7d,0x04,0x07,"ff e7 ff 7d 04 07 00 00"
2025-10-25 10:06:30,10.43,0xff,0xe7,0xff,0x7d,0x04,0x13,"ff e7 ff 7d 04 13 00 00"
2025-10-25 10:06:30,10.62,0xff,0xe7,0xff,0x7d,0x04,0x26,"ff e7 ff 7d 04 26 00 00"
2025-10-25 10:06:30,10.75,0xff,0xe7,0xff,0x7d,0x04,0x33,"ff e7 ff 7d 04 33 00 00"
2025-10-25 10:06:30,10.93,0xff,0xe7,0xff,0x7d,0x04,0x45,"ff e7 ff 7d 04 45 00 00"
2025-10-25 10:06:30,11.12,0xff,0xe7,0xff,0x7d,0x04,0x58,"ff e7 ff 7d 04 58 00 00"
2025-10-25 10:06:30,11.25,0xff,0xe7,0xff,0x7d,0x04,0x65,"ff e7 ff 7d 04 65 00 00"
2025-10-25 10:06:30,11.43,0xff,0xe7,0xff,0x7d,0x04,0x77,"ff e7 ff 7d 04 77 00 00"
2025-10-25 10:06:30,11.62,0xff,0xe7,0xff,0x7d,0x04,0x8a,"ff e7 ff 7d 04 8a 00 00"
2025-10-25 10:06:30,11.81,0xff,0xe7,0xff,0x7d,0x04,0x9d,"ff e7 ff 7d 04 9d 00 00"
2025-10-25 10:06:30,11.93,0xff,0xe7,0xff,0x7d,0x04,0xa9,"ff e7 ff 7d 04 a9 00 00"
2025-10-25 10:06:30,12.12,0xff,0xe7,0xff,0x7d,0x04,0xbc,"ff e7 ff 7d 04 bc 00 00"
2025-10-25 10:06:30,12.31,0xff,0xe7,0xff,0x7d,0x04,0xcf,"ff e7 ff 7d 04 cf 00 00"
2025-10-25 10:06:30,12.43,0xff,0xe7,0xff,0x7d,0x04,0xdb,"ff e7 ff 7d 04 db 00 00"
2025-10-25 10:06:30,12.62,0xff,0xe7,0xff,0x7d,0x04,0xee,"ff e7 ff 7d 04 ee 00 00"
2025-10-25 10:06:30,12.81,0xff,0xe7,0xff,0x7d,0x05,0x01,"ff e7 ff 7d 05 01 00 00"
2025-10-25 10:06:30,12.87,0xff,0xe7,0xff,0x7d,0x05,0x07,"ff e7 ff 7d 05 07 00 00"
2025-10-25 10:06:30,13.06,0xff,0xe7,0xff,0x7d,0x05,0x1a,"ff e7 ff 7d 05 1a 00 00"
2025-10-25 10:06:30,13.18,0xff,0xe7,0xff,0x7d,0x05,0x26,"ff e7 ff 7d 05 26 00 00"
2025-10-25 10:06:30,13.37,0xff,0xe7,0xff,0x7d,0x05,0x39,"ff e7 ff 7d 05 39 00 00"
2025-10-25 10:06:30,13.56,0xff,0xe7,0xff,0x7d,0x05,0x4c,"ff e7 ff 7d 05 4c 00 00"
2025-10-25 10:06:30,13.68,0xff,0xe7,0xff,0x7d,0x05,0x58,"ff e7 ff 7d 05 58 00 00"
2025-10-25 10:06:30,13.81,0xff,0xee,0xff,0x7d,0x05,0x65,"ff ee ff 7d 05 65 00 00"
2025-10-25 10:06:30,14,0xff,0xee,0xff,0x7d,0x05,0x78,"ff ee ff 7d 05 78 00 00"
2025-10-25 10:06:30,14.12,0xff,0xee,0xff,0x7d,0x05,0x84,"ff ee ff 7d 05 84 00 00"
2025-10-25 10:06:30,14.31,0xff,0xee,0xff,0x7d,0x05,0x97,"ff ee ff 7d 05 97 00 00"
2025-10-25 10:06:30,14.43,0xff,0xee,0xff,0x7d,0x05,0xa3,"ff ee ff 7d 05 a3 00 00"
2025-10-25 10:06:30,14.56,0xff,0xee,0xff,0x7d,0x05,0xb0,"ff ee ff 7d 05 b0 00 00"
2025-10-25 10:06:30,14.68,0xff,0xee,0xff,0x7d,0x05,0xbc,"ff ee ff 7d 05 bc 00 00"
2025-10-25 10:06:30,14.81,0xff,0xee,0xff,0x7d,0x05,0xc9,"ff ee ff 7d 05 c9 00 00"
2025-10-25 10:06:30,15,0xff,0xee,0xff,0x7d,0x05,0xdc,"ff ee ff 7d 05 dc 00 00"
2025-10-25 10:06:30,15.18,0xff,0xee,0xff,0x7d,0x05,0xee,"ff ee ff 7d 05 ee 00 00"
2025-10-25 10:06:30,15.37,0xff,0xee,0xff,0x7d,0x06,0x01,"ff ee ff 7d 06 01 00 00"
2025-10-25 10:06:30,15.62,0xff,0xee,0xff,0x7d,0x06,0x1a,"ff ee ff 7d 06 1a 00 00"
2025-10-25 10:06:30,15.75,0xff,0xee,0xff,0x77,0x06,0x27,"ff ee ff 77 06 27 00 00"
2025-10-25 10:06:31,15.93,0xff,0xee,0xff,0x77,0x06,0x39,"ff ee ff 77 06 39 00 00"
2025-10-25 10:06:31,16.12,0xff,0xee,0xff,0x77,0x06,0x4c,"ff ee ff 77 06 4c 00 00"
2025-10-25 10:06:31,16.31,0xff,0xee,0xff,0x77,0x06,0x5f,"ff ee ff 77 06 5f 00 00"
2025-10-25 10:06:31,16.5,0xff,0xee,0xff,0x77,0x06,0x72,"ff ee ff 77 06 72 00 00"
2025-10-25 10:06:31,16.62,0xff,0xee,0xff,0x77,0x06,0x7e,"ff ee ff 77 06 7e 00 00"
2025-10-25 10:06:31,16.81,0xff,0xee,0xff,0x77,0x06,0x91,"ff ee ff 77 06 91 00 00"
2025-10-25 10:06:31,17.06,0xff,0xee,0xff,0x77,0x06,0xaa,"ff ee ff 77 06 aa 00 00"
2025-10-25 10:06:31,17.25,0xff,0xee,0xff,0x77,0x06,0xbd,"ff ee ff 77 06 bd 00 00"
2025-10-25 10:06:31,17.43,0xff,0xee,0xff,0x77,0x06,0xcf,"ff ee ff 77 06 cf 00 00"
2025-10-25 10:06:31,17.62,0xff,0xee,0xff,0x77,0x06,0xe2,"ff ee ff 77 06 e2 00 00"
2025-10-25 10:06:31,17.75,0xff,0xee,0xff,0x77,0x06,0xef,"ff ee ff 77 06 ef 00 00"
2025-10-25 10:06:31,17.93,0xff,0xee,0xff,0x77,0x07,0x01,"ff ee ff 77 07 01 00 00"
2025-10-25 10:06:31,18.06,0xff,0xee,0xff,0x77,0x07,0x0e,"ff ee ff 77 07 0e 00 00"
2025-10-25 10:06:31,18.25,0xff,0xee,0xff,0x77,0x07,0x21,"ff ee ff 77 07 21 00 00"
2025-10-25 10:06:31,18.43,0xff,0xee,0xff,0x77,0x07,0x33,"ff ee ff 77 07 33 00 00"
2025-10-25 10:06:31,18.62,0xff,0xee,0xff,0x77,0x07,0x46,"ff ee ff 77 07 46 00 00"
2025-10-25 10:06:31,18.75,0xff,0xee,0xff,0x77,0x07,0x53,"ff ee ff 77 07 53 00 00"
2025-10-25 10:06:31,18.93,0xff,0xee,0xff,0x77,0x07,0x65,"ff ee ff 77 07 65 00 00"
2025-10-25 10:06:31,19.12,0xff,0xee,0xff,0x77,0x07,0x78,"ff ee ff 77 07 78 00 00"
2025-10-25 10:06:31,19.25,0xff,0xee,0xff,0x77,0x07,0x85,"ff ee ff 77 07 85 00 00"
2025-10-25 10:06:31,19.37,0xff,0xee,0xff,0x77,0x07,0x91,"ff ee ff 77 07 91 00 00"
2025-10-25 10:06:31,19.5,0xff,0xee,0xff,0x77,0x07,0x9e,"ff ee ff 77 07 9e 00 00"
2025-10-25 10:06:31,19.68,0xff,0xee,0xff,0x77,0x07,0xb0,"ff ee ff 77 07 b0 00 00"
2025-10-25 10:06:31,19.81,0xff,0xee,0xff,0x77,0x07,0xbd,"ff ee ff 77 07 bd 00 00"
2025-10-25 10:06:31,20,0xff,0xee,0xff,0x77,0x07,0xd0,"ff ee ff 77 07 d0 00 00"
2025-10-25 10:06:31,20.12,0xff,0xee,0xff,0x77,0x07,0xdc,"ff ee ff 77 07 dc 00 00"
2025-10-25 10:06:31,20.25,0xff,0xee,0xff,0x77,0x07,0xe9,"ff ee ff 77 07 e9 00 00"
2025-10-25 10:06:31,20.37,0xff,0xee,0xff,0x77,0x07,0xf5,"ff ee ff 77 07 f5 00 00"
2025-10-25 10:06:31,20.56,0xff,0xee,0xff,0x77,0x08,0x08,"ff ee ff 77 08 08 00 00"
2025-10-25 10:06:31,20.75,0xff,0xee,0xff,0x77,0x08,0x1b,"ff ee ff 77 08 1b 00 00"
2025-10-25 10:06:31,20.87,0xff,0xee,0xff,0x77,0x08,0x27,"ff ee ff 77 08 27 00 00"
2025-10-25 10:06:31,21,0xff,0xee,0xff,0x77,0x08,0x34,"ff ee ff 77 08 34 00 00"
2025-10-25 10:06:31,21.12,0xff,0xee,0xff,0x77,0x08,0x40,"ff ee ff 77 08 40 00 00"
2025-10-25 10:06:31,21.31,0xff,0xee,0xff,0x77,0x08,0x53,"ff ee ff 77 08 53 00 00"
2025-10-25 10:06:31,21.43,0xff,0xee,0xff,0x77,0x08,0x5f,"ff ee ff 77 08 5f 00 00"
2025-10-25 10:06:32,21.62,0xff,0xee,0xff,0x77,0x08,0x72,"ff ee ff 77 08 72 00 00"
2025-10-25 10:06:32,21.75,0xff,0xee,0xff,0x77,0x08,0x7f,"ff ee ff 77 08 7f 00 00"
2025-10-25 10:06:32,21.81,0xff,0xee,0xff,0x77,0x08,0x85,"ff ee ff 77 08 85 00 00"
2025-10-25 10:06:32,22,0xff,0xee,0xff,0x77,0x08,0x98,"ff ee ff 77 08 98 00 00"
2025-10-25 10:06:32,22.12,0xff,0xee,0xff,0x77,0x08,0xa4,"ff ee ff 77 08 a4 00 00"
2025-10-25 10:06:32,22.25,0xff,0xee,0xff,0x77,0x08,0xb1,"ff ee ff 77 08 b1 00 00"
2025-10-25 10:06:32,22.37,0xff,0xee,0xff,0x77,0x08,0xbd,"ff ee ff 77 08 bd 00 00"
2025-10-25 10:06:32,22.5,0xff,0xee,0xff,0x77,0x08,0xca,"ff ee ff 77 08 ca 00 00"
2025-10-25 10:06:32,22.62,0xff,0xee,0xff,0x77,0x08,0xd6,"ff ee ff 77 08 d6 00 00"
2025-10-25 10:06:32,22.87,0xff,0xf4,0xff,0x77,0x08,0xef,"ff f4 ff 77 08 ef 00 00"
2025-10-25 10:06:32,23,0xff,0xf4,0xff,0x77,0x08,0xfc,"ff f4 ff 77 08 fc 00 00"
2025-10-25 10:06:32,23.12,0xff,0xf4,0xff,0x77,0x09,0x08,"ff f4 ff 77 09 08 00 00"
2025-10-25 10:06:32,23.25,0xff,0xf4,0xff,0x77,0x09,0x15,"ff f4 ff 77 09 15 00 00"
2025-10-25 10:06:32,23.37,0xff,0xf4,0xff,0x77,0x09,0x21,"ff f4 ff 77 09 21 00 00"
2025-10-25 10:06:32,23.5,0xff,0xf4,0xff,0x77,0x09,0x2e,"ff f4 ff 77 09 2e 00 00"
2025-10-25 10:06:32,23.68,0xff,0xf4,0xff,0x77,0x09,0x40,"ff f4 ff 77 09 40 00 00"
2025-10-25 10:06:32,23.81,0xff,0xf4,0xff,0x77,0x09,0x4d,"ff f4 ff 77 09 4d 00 00"
2025-10-25 10:06:32,23.93,0xff,0xf4,0xff,0x77,0x09,0x59,"ff f4 ff 77 09 59 00 00"
2025-10-25 10:06:32,24.12,0xff,0xf4,0xff,0x77,0x09,0x6c,"ff f4 ff 77 09 6c 00 00"
2025-10-25 10:06:32,24.25,0xff,0xf4,0xff,0x77,0x09,0x79,"ff f4 ff 77 09 79 00 00"
2025-10-25 10:06:32,24.43,0xff,0xf4,0xff,0x77,0x09,0x8b,"ff f4 ff 77 09 8b 00 00"
2025-10-25 10:06:32,24.56,0xff,0xf4,0xff,0x77,0x09,0x98,"ff f4 ff 77 09 98 00 00"
2025-10-25 10:06:32,24.75,0xff,0xf4,0xff,0x71,0x09,0xab,"ff f4 ff 71 09 ab 00 00"
2025-10-25 10:06:32,24.87,0xff,0xf4,0xff,0x71,0x09,0xb7,"ff f4 ff 71 09 b7 00 00"
2025-10-25 10:06:32,25,0xff,0xf4,0xff,0x71,0x09,0xc4,"ff f4 ff 71 09 c4 00 00"
2025-10-25 10:06:32,25.12,0xff,0xf4,0xff,0x71,0x09,0xd0,"ff f4 ff 71 09 d0 00 00"
2025-10-25 10:06:32,25.25,0xff,0xf4,0xff,0x71,0x09,0xdd,"ff f4 ff 71 09 dd 00 00"
2025-10-25 10:06:32,25.37,0xff,0xfa,0xff,0x71,0x09,0xe9,"ff fa ff 71 09 e9 00 00"
2025-10-25 10:06:32,25.5,0xff,0xfa,0xff,0x71,0x09,0xf6,"ff fa ff 71 09 f6 00 00"
2025-10-25 10:06:32,25.56,0xff,0xfa,0xff,0x71,0x09,0xfc,"ff fa ff 71 09 fc 00 00"
2025-10-25 10:06:32,25.68,0xff,0xfa,0xff,0x71,0x0a,0x08,"ff fa ff 71 0a 08 00 00"
2025-10-25 10:06:32,25.81,0xff,0xfa,0xff,0x71,0x0a,0x15,"ff fa ff 71 0a 15 00 00"
2025-10-25 10:06:32,25.93,0xff,0xfa,0xff,0x71,0x0a,0x21,"ff fa ff 71 0a 21 00 00"
2025-10-25 10:06:32,26,0xff,0xfa,0xff,0x71,0x0a,0x28,"ff fa ff 71 0a 28 00 00"
2025-10-25 10:06:33,26.12,0xff,0xfa,0xff,0x71,0x0a,0x34,"ff fa ff 71 0a 34 00 00"
2025-10-25 10:06:33,26.25,0xff,0xfa,0xff,0x71,0x0a,0x41,"ff fa ff 71 0a 41 00 00"
2025-10-25 10:06:33,26.25,0xff,0xfa,0xff,0x71,0x0a,0x41,"ff fa ff 71 0a 41 00 00"
2025-10-25 10:06:33,26.37,0xff,0xfa,0xff,0x71,0x0a,0x4d,"ff fa ff 71 0a 4d 00 00"
2025-10-25 10:06:33,26.43,0xff,0xfa,0xff,0x71,0x0a,0x53,"ff fa ff 71 0a 53 00 00"
2025-10-25 10:06:33,26.56,0xff,0xfa,0xff,0x71,0x0a,0x60,"ff fa ff 71 0a 60 00 00"
2025-10-25 10:06:33,26.62,0xff,0xfa,0xff,0x71,0x0a,0x66,"ff fa ff 71 0a 66 00 00"
2025-10-25 10:06:33,26.62,0xff,0xfa,0xff,0x71,0x0a,0x66,"ff fa ff 71 0a 66 00 00"
2025-10-25 10:06:33,26.75,0xff,0xfa,0xff,0x71,0x0a,0x73,"ff fa ff 71 0a 73 00 00"
2025-10-25 10:06:33,26.81,0xff,0xfa,0xff,0x71,0x0a,0x79,"ff fa ff 71 0a 79 00 00"
2025-10-25 10:06:33,26.87,0xff,0xfa,0xff,0x71,0x0a,0x7f,"ff fa ff 71 0a 7f 00 00"
2025-10-25 10:06:33,26.93,0xff,0xfa,0xff,0x71,0x0a,0x85,"ff fa ff 71 0a 85 00 00"
2025-10-25 10:06:33,27,0xff,0xfa,0xff,0x71,0x0a,0x8c,"ff fa ff 71 0a 8c 00 00"
2025-10-25 10:06:33,27.06,0xff,0xfa,0xff,0x71,0x0a,0x92,"ff fa ff 71 0a 92 00 00"
2025-10-25 10:06:33,27.12,0xff,0xfa,0xff,0x71,0x0a,0x98,"ff fa ff 71 0a 98 00 00"
2025-10-25 10:06:33,27.18,0xff,0xfa,0xff,0x71,0x0a,0x9e,"ff fa ff 71 0a 9e 00 00"
2025-10-25 10:06:33,27.25,0xff,0xfa,0xff,0x71,0x0a,0xa5,"ff fa ff 71 0a a5 00 00"
2025-10-25 10:06:33,27.31,0xff,0xfa,0xff,0x71,0x0a,0xab,"ff fa ff 71 0a ab 00 00"
2025-10-25 10:06:33,27.37,0xff,0xfa,0xff,0x71,0x0a,0xb1,"ff fa ff 71 0a b1 00 00"
2025-10-25 10:06:33,27.43,0xff,0xfa,0xff,0x71,0x0a,0xb7,"ff fa ff 71 0a b7 00 00"
2025-10-25 10:06:33,27.5,0xff,0xfa,0xff,0x71,0x0a,0xbe,"ff fa ff 71 0a be 00 00"
2025-10-25 10:06:33,27.62,0xff,0xf4,0xff,0x71,0x0a,0xca,"ff f4 ff 71 0a ca 00 00"
2025-10-25 10:06:33,27.68,0xff,0xf4,0xff,0x71,0x0a,0xd0,"ff f4 ff 71 0a d0 00 00"
2025-10-25 10:06:33,27.75,0xff,0xf4,0xff,0x71,0x0a,0xd7,"ff f4 ff 71 0a d7 00 00"
2025-10-25 10:06:33,27.81,0xff,0xf4,0xff,0x71,0x0a,0xdd,"ff f4 ff 71 0a dd 00 00"
2025-10-25 10:06:33,27.87,0xff,0xee,0xff,0x71,0x0a,0xe3,"ff ee ff 71 0a e3 00 00"
2025-10-25 10:06:33,27.93,0xff,0xee,0xff,0x71,0x0a,0xe9,"ff ee ff 71 0a e9 00 00"
2025-10-25 10:06:33,28,0xff,0xee,0xff,0x71,0x0a,0xf0,"ff ee ff 71 0a f0 00 00"
2025-10-25 10:06:33,28.12,0xff,0xee,0xff,0x71,0x0a,0xfc,"ff ee ff 71 0a fc 00 00"
2025-10-25 10:06:33,28.12,0xff,0xee,0xff,0x71,0x0a,0xfc,"ff ee ff 71 0a fc 00 00"
2025-10-25 10:06:33,28.25,0xff,0xee,0xff,0x71,0x0b,0x09,"ff ee ff 71 0b 09 00 00"
2025-10-25 10:06:33,28.37,0xff,0xee,0xff,0x71,0x0b,0x15,"ff ee ff 71 0b 15 00 00"
2025-10-25 10:06:33,28.5,0xff,0xee,0xff,0x71,0x0b,0x22,"ff ee ff 71 0b 22 00 00"
2025-10-25 10:06:33,28.75,0xff,0xee,0xff,0x6a,0x0b,0x3b,"ff ee ff 6a 0b 3b 00 00"
2025-10-25 10:06:34,28.81,0xff,0xee,0xff,0x64,0x0b,0x41,"ff ee ff 64 0b 41 00 00"
2025-10-25 10:06:34,29,0xff,0xee,0xff,0x64,0x0b,0x54,"ff ee ff 64 0b 54 00 00"
2025-10-25 10:06:34,29.12,0xff,0xe7,0xff,0x64,0x0b,0x60,"ff e7 ff 64 0b 60 00 00"
2025-10-25 10:06:34,29.31,0xff,0xe7,0xff,0x64,0x0b,0x73,"ff e7 ff 64 0b 73 00 00"
2025-10-25 10:06:34,29.5,0xff,0xe7,0xff,0x64,0x0b,0x86,"ff e7 ff 64 0b 86 00 00"
2025-10-25 10:06:34,29.68,0xff,0xe7,0xff,0x6a,0x0b,0x98,"ff e7 ff 6a 0b 98 00 00"
2025-10-25 10:06:34,29.87,0xff,0xe7,0xff,0x6a,0x0b,0xab,"ff e7 ff 6a 0b ab 00 00"
2025-10-25 10:06:34,30.12,0xff,0xe7,0xff,0x6a,0x0b,0xc4,"ff e7 ff 6a 0b c4 00 00"
2025-10-25 10:06:34,30.31,0xff,0xe7,0xff,0x6a,0x0b,0xd7,"ff e7 ff 6a 0b d7 00 00"
2025-10-25 10:06:34,30.43,0xff,0xe7,0xff,0x6a,0x0b,0xe3,"ff e7 ff 6a 0b e3 00 00"
2025-10-25 10:06:34,30.68,0xff,0xe7,0xff,0x64,0x0b,0xfc,"ff e7 ff 64 0b fc 00 00"
2025-10-25 10:06:34,30.87,0xff,0xe7,0xff,0x64,0x0c,0x0f,"ff e7 ff 64 0c 0f 00 00"
2025-10-25 10:06:34,31.06,0xff,0xe7,0xff,0x64,0x0c,0x22,"ff e7 ff 64 0c 22 00 00"
2025-10-25 10:06:34,31.37,0xff,0xe7,0xff,0x6a,0x0c,0x41,"ff e7 ff 6a 0c 41 00 00"
2025-10-25 10:06:34,31.56,0xff,0xee,0xff,0x6a,0x0c,0x54,"ff ee ff 6a 0c 54 00 00"
2025-10-25 10:06:34,31.75,0xff,0xee,0xff,0x6a,0x0c,0x67,"ff ee ff 6a 0c 67 00 00"
2025-10-25 10:06:34,31.87,0xff,0xe7,0xff,0x64,0x0c,0x73,"ff e7 ff 64 0c 73 00 00"
2025-10-25 10:06:34,32.06,0xff,0xe7,0xff,0x6a,0x0c,0x86,"ff e7 ff 6a 0c 86 00 00"
2025-10-25 10:06:34,32.25,0xff,0xe7,0xff,0x6a,0x0c,0x99,"ff e7 ff 6a 0c 99 00 00"
2025-10-25 10:06:34,32.43,0xff,0xe7,0xff,0x6a,0x0c,0xab,"ff e7 ff 6a 0c ab 00 00"
2025-10-25 10:06:34,32.62,0xff,0xe7,0xff,0x6a,0x0c,0xbe,"ff e7 ff 6a 0c be 00 00"
2025-10-25 10:06:34,32.81,0xff,0xe7,0xff,0x6a,0x0c,0xd1,"ff e7 ff 6a 0c d1 00 00"
2025-10-25 10:06:34,32.87,0xff,0xe7,0xff,0x6a,0x0c,0xd7,"ff e7 ff 6a 0c d7 00 00"
2025-10-25 10:06:34,33.06,0xff,0xe7,0xff,0x6a,0x0c,0xea,"ff e7 ff 6a 0c ea 00 00"
2025-10-25 10:06:34,33.18,0xff,0xe7,0xff,0x6a,0x0c,0xf6,"ff e7 ff 6a 0c f6 00 00"
2025-10-25 10:06:34,25.63,0xff,0xe7,0xff,0x6a,0x0a,0x03,"ff e7 ff 6a 0a 03 00 00"
2025-10-25 10:06:34,25.75,0xff,0xe7,0xff,0x6a,0x0a,0x0f,"ff e7 ff 6a 0a 0f 00 00"
2025-10-25 10:06:34,25.88,0xff,0xe7,0xff,0x6a,0x0a,0x1c,"ff e7 ff 6a 0a 1c 00 00"
2025-10-25 10:06:34,26.07,0xff,0xe7,0xff,0x6a,0x0a,0x2f,"ff e7 ff 6a 0a 2f 00 00"
2025-10-25 10:06:34,26.19,0xff,0xe7,0xff,0x6a,0x0a,0x3b,"ff e7 ff 6a 0a 3b 00 00"
2025-10-25 10:06:34,26.32,0xff,0xe7,0xff,0x6a,0x0a,0x48,"ff e7 ff 6a 0a 48 00 00"
2025-10-25 10:06:34,26.44,0xff,0xe7,0xff,0x6a,0x0a,0x54,"ff e7 ff 6a 0a 54 00 00"
2025-10-25 10:06:34,26.57,0xff,0xe7,0xff,0x6a,0x0a,0x61,"ff e7 ff 6a 0a 61 00 00"
2025-10-25 10:06:34,26.69,0xff,0xe7,0xff,0x6a,0x0a,0x6d,"ff e7 ff 6a 0a 6d 00 00"
2025-10-25 10:06:35,26.82,0xff,0xe7,0xff,0x6a,0x0a,0x7a,"ff e7 ff 6a 0a 7a 00 00"
2025-10-25 10:06:35,26.94,0xff,0xe7,0xff,0x71,0x0a,0x86,"ff e7 ff 71 0a 86 00 00"
2025-10-25 10:06:35,27.07,0xff,0xe7,0xff,0x71,0x0a,0x93,"ff e7 ff 71 0a 93 00 00"
2025-10-25 10:06:35,27.19,0xff,0xe7,0xff,0x71,0x0a,0x9f,"ff e7 ff 71 0a 9f 00 00"
2025-10-25 10:06:35,27.38,0xff,0xe7,0xff,0x71,0x0a,0xb2,"ff e7 ff 71 0a b2 00 00"
2025-10-25 10:06:35,27.5,0xff,0xe7,0xff,0x71,0x0a,0xbe,"ff e7 ff 71 0a be 00 00"
2025-10-25 10:06:35,27.63,0xff,0xe7,0xff,0x6a,0x0a,0xcb,"ff e7 ff 6a 0a cb 00 00"
2025-10-25 10:06:35,27.69,0xff,0xe7,0xff,0x6a,0x0a,0xd1,"ff e7 ff 6a 0a d1 00 00"
2025-10-25 10:06:35,27.82,0xff,0xe7,0xff,0x6a,0x0a,0xde,"ff e7 ff 6a 0a de 00 00"
2025-10-25 10:06:35,27.94,0xff,0xe7,0xff,0x6a,0x0a,0xea,"ff e7 ff 6a 0a ea 00 00"
2025-10-25 10:06:35,28.07,0xff,0xe7,0xff,0x71,0x0a,0xf7,"ff e7 ff 71 0a f7 00 00"
2025-10-25 10:06:35,35.87,0xff,0xe7,0xff,0x71,0x0e,0x03,"ff e7 ff 71 0e 03 00 00"
2025-10-25 10:06:35,36,0xff,0xe7,0xff,0x71,0x0e,0x10,"ff e7 ff 71 0e 10 00 00"
2025-10-25 10:06:35,36.12,0xff,0xe1,0xff,0x71,0x0e,0x1c,"ff e1 ff 71 0e 1c 00 00"
2025-10-25 10:06:35,36.25,0xff,0xe1,0xff,0x71,0x0e,0x29,"ff e1 ff 71 0e 29 00 00"
2025-10-25 10:06:35,36.31,0xff,0xe1,0xff,0x71,0x0e,0x2f,"ff e1 ff 71 0e 2f 00 00"
2025-10-25 10:06:35,36.43,0xff,0xe1,0xff,0x71,0x0e,0x3b,"ff e1 ff 71 0e 3b 00 00"
2025-10-25 10:06:35,36.5,0xff,0xe1,0xff,0x71,0x0e,0x42,"ff e1 ff 71 0e 42 00 00"
2025-10-25 10:06:35,36.56,0xff,0xe7,0xff,0x71,0x0e,0x48,"ff e7 ff 71 0e 48 00 00"
2025-10-25 10:06:35,36.68,0xff,0xe7,0xff,0x71,0x0e,0x54,"ff e7 ff 71 0e 54 00 00"
2025-10-25 10:06:35,36.75,0xff,0xe7,0xff,0x71,0x0e,0x5b,"ff e7 ff 71 0e 5b 00 00"
2025-10-25 10:06:35,36.81,0xff,0xe7,0xff,0x71,0x0e,0x61,"ff e7 ff 71 0e 61 00 00"
2025-10-25 10:06:35,36.93,0xff,0xe7,0xff,0x71,0x0e,0x6d,"ff e7 ff 71 0e 6d 00 00"
2025-10-25 10:06:35,37,0xff,0xe7,0xff,0x71,0x0e,0x74,"ff e7 ff 71 0e 74 00 00"
2025-10-25 10:06:35,37.06,0xff,0xe7,0xff,0x71,0x0e,0x7a,"ff e7 ff 71 0e 7a 00 00"
2025-10-25 10:06:35,37.12,0xff,0xe7,0xff,0x71,0x0e,0x80,"ff e7 ff 71 0e 80 00 00"
2025-10-25 10:06:35,37.18,0xff,0xe7,0xff,0x71,0x0e,0x86,"ff e7 ff 71 0e 86 00 00"
2025-10-25 10:06:35,37.18,0xff,0xe7,0xff,0x71,0x0e,0x86,"ff e7 ff 71 0e 86 00 00"
2025-10-25 10:06:35,37.25,0xff,0xe7,0xff,0x71,0x0e,0x8d,"ff e7 ff 71 0e 8d 00 00"
2025-10-25 10:06:35,37.25,0xff,0xe7,0xff,0x71,0x0e,0x8d,"ff e7 ff 71 0e 8d 00 00"
2025-10-25 10:06:35,37.25,0xff,0xe1,0xff,0x71,0x0e,0x8d,"ff e1 ff 71 0e 8d 00 00"
2025-10-25 10:06:35,37.25,0xff,0xe1,0xff,0x71,0x0e,0x8d,"ff e1 ff 71 0e 8d 00 00"
2025-10-25 10:06:35,37.25,0xff,0xe1,0xff,0x71,0x0e,0x8d,"ff e1 ff 71 0e 8d 00 00"
2025-10-25 10:06:35,37.25,0xff,0xe1,0xff,0x71,0x0e,0x8d,"ff e1 ff 71 0e 8d 00 00"
2025-10-25 10:06:35,37.25,0xff,0xe1,0xff,0x71,0x0e,0x8d,"ff e1 ff 71 0e 8d 00 00"
2025-10-25 10:06:36,37.25,0xff,0xe1,0xff,0x71,0x0e,0x8d,"ff e1 ff 71 0e 8d 00 00"
2025-10-25 10:06:36,37.25,0xff,0xe1,0xff,0x71,0x0e,0x8d,"ff e1 ff 71 0e 8d 00 00"
2025-10-25 10:06:36,37.25,0xff,0xe1,0xff,0x71,0x0e,0x8d,"ff e1 ff 71 0e 8d 00 00"
2025-10-25 10:06:36,37.25,0xff,0xe1,0xff,0x71,0x0e,0x8d,"ff e1 ff 71 0e 8d 00 00"
2025-10-25 10:06:36,37.18,0xff,0xe1,0xff,0x71,0x0e,0x86,"ff e1 ff 71 0e 86 00 00"
2025-10-25 10:06:36,37.18,0xff,0xe1,0xff,0x71,0x0e,0x86,"ff e1 ff 71 0e 86 00 00"
2025-10-25 10:06:36,37.12,0xff,0xe1,0xff,0x71,0x0e,0x80,"ff e1 ff 71 0e 80 00 00"
2025-10-25 10:06:36,37.06,0xff,0xe1,0xff,0x71,0x0e,0x7a,"ff e1 ff 71 0e 7a 00 00"
2025-10-25 10:06:36,37.06,0xff,0xe1,0xff,0x71,0x0e,0x7a,"ff e1 ff 71 0e 7a 00 00"
2025-10-25 10:06:36,37,0xff,0xe1,0xff,0x71,0x0e,0x74,"ff e1 ff 71 0e 74 00 00"
2025-10-25 10:06:36,36.93,0xff,0xe1,0xff,0x71,0x0e,0x6d,"ff e1 ff 71 0e 6d 00 00"
2025-10-25 10:06:36,36.93,0xff,0xe1,0xff,0x71,0x0e,0x6d,"ff e1 ff 71 0e 6d 00 00"
2025-10-25 10:06:36,36.87,0xff,0xe1,0xff,0x71,0x0e,0x67,"ff e1 ff 71 0e 67 00 00"
2025-10-25 10:06:36,36.81,0xff,0xe1,0xff,0x71,0x0e,0x61,"ff e1 ff 71 0e 61 00 00"
2025-10-25 10:06:36,36.81,0xff,0xe1,0xff,0x71,0x0e,0x61,"ff e1 ff 71 0e 61 00 00"
2025-10-25 10:06:36,36.75,0xff,0xe1,0xff,0x71,0x0e,0x5b,"ff e1 ff 71 0e 5b 00 00"
2025-10-25 10:06:36,36.75,0xff,0xe1,0xff,0x71,0x0e,0x5b,"ff e1 ff 71 0e 5b 00 00"
2025-10-25 10:06:36,36.68,0xff,0xe1,0xff,0x71,0x0e,0x54,"ff e1 ff 71 0e 54 00 00"
2025-10-25 10:06:36,36.62,0xff,0xe1,0xff,0x71,0x0e,0x4e,"ff e1 ff 71 0e 4e 00 00"
2025-10-25 10:06:36,36.62,0xff,0xe1,0xff,0x71,0x0e,0x4e,"ff e1 ff 71 0e 4e 00 00"
2025-10-25 10:06:36,36.56,0xff,0xe1,0xff,0x71,0x0e,0x48,"ff e1 ff 71 0e 48 00 00"
2025-10-25 10:06:36,36.56,0xff,0xe1,0xff,0x71,0x0e,0x48,"ff e1 ff 71 0e 48 00 00"
2025-10-25 10:06:36,36.5,0xff,0xe1,0xff,0x71,0x0e,0x42,"ff e1 ff 71 0e 42 00 00"
2025-10-25 10:06:36,36.5,0xff,0xe1,0xff,0x71,0x0e,0x42,"ff e1 ff 71 0e 42 00 00"
2025-10-25 10:06:36,36.43,0xff,0xe1,0xff,0x71,0x0e,0x3b,"ff e1 ff 71 0e 3b 00 00"
2025-10-25 10:06:36,36.43,0xff,0xe1,0xff,0x71,0x0e,0x3b,"ff e1 ff 71 0e 3b 00 00"
2025-10-25 10:06:36,36.43,0xff,0xe1,0xff,0x71,0x0e,0x3b,"ff e1 ff 71 0e 3b 00 00"
2025-10-25 10:06:36,36.37,0xff,0xe1,0xff,0x71,0x0e,0x35,"ff e1 ff 71 0e 35 00 00"
2025-10-25 10:06:36,36.37,0xff,0xe1,0xff,0x71,0x0e,0x35,"ff e1 ff 71 0e 35 00 00"
2025-10-25 10:06:36,36.37,0xff,0xe1,0xff,0x71,0x0e,0x35,"ff e1 ff 71 0e 35 00 00"
2025-10-25 10:06:36,36.37,0xff,0xe1,0xff,0x71,0x0e,0x35,"ff e1 ff 71 0e 35 00 00"
2025-10-25 10:06:36,36.43,0xff,0xdb,0xff,0x71,0x0e,0x3b,"ff db ff 71 0e 3b 00 00"
2025-10-25 10:06:36,36.43,0xff,0xdb,0xff,0x71,0x0e,0x3b,"ff db ff 71 0e 3b 00 00"
2025-10-25 10:06:37,36.43,0xff,0xdb,0xff,0x71,0x0e,0x3b,"ff db ff 71 0e 3b 00 00"
2025-10-25 10:06:37,36.5,0xff,0xdb,0xff,0x71,0x0e,0x42,"ff db ff 71 0e 42 00 00"
2025-10-25 10:06:37,36.56,0xff,0xdb,0xff,0x71,0x0e,0x48,"ff db ff 71 0e 48 00 00"
2025-10-25 10:06:37,36.62,0xff,0xdb,0xff,0x71,0x0e,0x4e,"ff db ff 71 0e 4e 00 00"
2025-10-25 10:06:37,36.68,0xff,0xdb,0xff,0x71,0x0e,0x54,"ff db ff 71 0e 54 00 00"
2025-10-25 10:06:37,36.81,0xff,0xdb,0xff,0x71,0x0e,0x61,"ff db ff 71 0e 61 00 00"
2025-10-25 10:06:37,36.87,0xff,0xdb,0xff,0x6a,0x0e,0x67,"ff db ff 6a 0e 67 00 00"
2025-10-25 10:06:37,37,0xff,0xd5,0xff,0x6a,0x0e,0x74,"ff d5 ff 6a 0e 74 00 00"
2025-10-25 10:06:37,37.06,0xff,0xd5,0xff,0x6a,0x0e,0x7a,"ff d5 ff 6a 0e 7a 00 00"
2025-10-25 10:06:37,37.18,0xff,0xd5,0xff,0x6a,0x0e,0x86,"ff d5 ff 6a 0e 86 00 00"
2025-10-25 10:06:37,37.37,0xff,0xd5,0xff,0x6a,0x0e,0x99,"ff d5 ff 6a 0e 99 00 00"
2025-10-25 10:06:37,37.5,0xff,0xd5,0xff,0x6a,0x0e,0xa6,"ff d5 ff 6a 0e a6 00 00"
2025-10-25 10:06:37,37.62,0xff,0xd5,0xff,0x6a,0x0e,0xb2,"ff d5 ff 6a 0e b2 00 00"
2025-10-25 10:06:37,37.75,0xff,0xd5,0xff,0x6a,0x0e,0xbf,"ff d5 ff 6a 0e bf 00 00"
2025-10-25 10:06:37,37.93,0xff,0xd5,0xff,0x6a,0x0e,0xd1,"ff d5 ff 6a 0e d1 00 00"
2025-10-25 10:06:37,38,0xff,0xd5,0xff,0x6a,0x0e,0xd8,"ff d5 ff 6a 0e d8 00 00"
2025-10-25 10:06:37,38.18,0xff,0xd5,0xff,0x6a,0x0e,0xea,"ff d5 ff 6a 0e ea 00 00"
2025-10-25 10:06:37,38.37,0xff,0xd5,0xff,0x6a,0x0e,0xfd,"ff d5 ff 6a 0e fd 00 00"
2025-10-25 10:06:37,38.5,0xff,0xd5,0xff,0x6a,0x0f,0x0a,"ff d5 ff 6a 0f 0a 00 00"
2025-10-25 10:06:37,38.68,0xff,0xd5,0xff,0x6a,0x0f,0x1c,"ff d5 ff 6a 0f 1c 00 00"
2025-10-25 10:06:37,38.87,0xff,0xd5,0xff,0x6a,0x0f,0x2f,"ff d5 ff 6a 0f 2f 00 00"
2025-10-25 10:06:37,38.93,0xff,0xd5,0xff,0x6a,0x0f,0x35,"ff d5 ff 6a 0f 35 00 00"
2025-10-25 10:06:37,39.12,0xff,0xd5,0xff,0x6a,0x0f,0x48,"ff d5 ff 6a 0f 48 00 00"
2025-10-25 10:06:37,39.31,0xff,0xd5,0xff,0x6a,0x0f,0x5b,"ff d5 ff 6a 0f 5b 00 00"
2025-10-25 10:06:37,39.56,0xff,0xd5,0xff,0x6a,0x0f,0x74,"ff d5 ff 6a 0f 74 00 00"
2025-10-25 10:06:37,39.68,0xff,0xd5,0xff,0x6a,0x0f,0x80,"ff d5 ff 6a 0f 80 00 00"
2025-10-25 10:06:37,39.81,0xff,0xd5,0xff,0x6a,0x0f,0x8d,"ff d5 ff 6a 0f 8d 00 00"
2025-10-25 10:06:37,40,0xff,0xd5,0xff,0x6a,0x0f,0xa0,"ff d5 ff 6a 0f a0 00 00"
2025-10-25 10:06:37,40.12,0xff,0xdb,0xff,0x6a,0x0f,0xac,"ff db ff 6a 0f ac 00 00"
2025-10-25 10:06:37,40.31,0xff,0xdb,0xff,0x6a,0x0f,0xbf,"ff db ff 6a 0f bf 00 00"
2025-10-25 10:06:37,40.43,0xff,0xdb,0xff,0x6a,0x0f,0xcb,"ff db ff 6a 0f cb 00 00"
2025-10-25 10:06:37,40.62,0xff,0xdb,0xff,0x6a,0x0f,0xde,"ff db ff 6a 0f de 00 00"
2025-10-25 10:06:37,40.68,0xff,0xdb,0xff,0x6a,0x0f,0xe4,"ff db ff 6a 0f e4 00 00"
2025-10-25 10:06:37,40.87,0xff,0xdb,0xff,0x6a,0x0f,0xf7,"ff db ff 6a 0f f7 00 00"
2025-10-25 10:06:38,41,0xff,0xdb,0xff,0x6a,0x10,0x04,"ff db ff 6a 10 04 00 00"
2025-10-25 10:06:38,41.12,0xff,0xd5,0xff,0x6a,0x10,0x10,"ff d5 ff 6a 10 10 00 00"
2025-10-25 10:06:38,41.25,0xff,0xd5,0xff,0x6a,0x10,0x1d,"ff d5 ff 6a 10 1d 00 00"
2025-10-25 10:06:38,41.43,0xff,0xdb,0xff,0x6a,0x10,0x2f,"ff db ff 6a 10 2f 00 00"
2025-10-25 10:06:38,41.56,0xff,0xdb,0xff,0x6a,0x10,0x3c,"ff db ff 6a 10 3c 00 00"
2025-10-25 10:06:38,41.68,0xff,0xdb,0xff,0x6a,0x10,0x48,"ff db ff 6a 10 48 00 00"
2025-10-25 10:06:38,41.81,0xff,0xdb,0xff,0x6a,0x10,0x55,"ff db ff 6a 10 55 00 00"
2025-10-25 10:06:38,41.93,0xff,0xdb,0xff,0x6a,0x10,0x61,"ff db ff 6a 10 61 00 00"
2025-10-25 10:06:38,42.06,0xff,0xdb,0xff,0x6a,0x10,0x6e,"ff db ff 6a 10 6e 00 00"
2025-10-25 10:06:38,42.12,0xff,0xdb,0xff,0x6a,0x10,0x74,"ff db ff 6a 10 74 00 00"
2025-10-25 10:06:38,42.25,0xff,0xdb,0xff,0x6a,0x10,0x81,"ff db ff 6a 10 81 00 00"
2025-10-25 10:06:38,42.31,0xff,0xdb,0xff,0x6a,0x10,0x87,"ff db ff 6a 10 87 00 00"
2025-10-25 10:06:38,42.37,0xff,0xdb,0xff,0x6a,0x10,0x8d,"ff db ff 6a 10 8d 00 00"
2025-10-25 10:06:38,42.5,0xff,0xdb,0xff,0x6a,0x10,0x9a,"ff db ff 6a 10 9a 00 00"
2025-10-25 10:06:38,42.56,0xff,0xdb,0xff,0x6a,0x10,0xa0,"ff db ff 6a 10 a0 00 00"
2025-10-25 10:06:38,42.68,0xff,0xdb,0xff,0x6a,0x10,0xac,"ff db ff 6a 10 ac 00 00"
2025-10-25 10:06:38,42.75,0xff,0xdb,0xff,0x6a,0x10,0xb3,"ff db ff 6a 10 b3 00 00"
2025-10-25 10:06:38,42.81,0xff,0xdb,0xff,0x6a,0x10,0xb9,"ff db ff 6a 10 b9 00 00"
2025-10-25 10:06:38,42.93,0xff,0xdb,0xff,0x6a,0x10,0xc5,"ff db ff 6a 10 c5 00 00"
2025-10-25 10:06:38,42.93,0xff,0xdb,0xff,0x6a,0x10,0xc5,"ff db ff 6a 10 c5 00 00"
2025-10-25 10:06:38,43.06,0xff,0xdb,0xff,0x6a,0x10,0xd2,"ff db ff 6a 10 d2 00 00"
2025-10-25 10:06:38,43.12,0xff,0xdb,0xff,0x6a,0x10,0xd8,"ff db ff 6a 10 d8 00 00"
2025-10-25 10:06:38,43.18,0xff,0xdb,0xff,0x6a,0x10,0xde,"ff db ff 6a 10 de 00 00"
2025-10-25 10:06:38,43.31,0xff,0xdb,0xff,0x6a,0x10,0xeb,"ff db ff 6a 10 eb 00 00"
2025-10-25 10:06:38,43.37,0xff,0xdb,0xff,0x6a,0x10,0xf1,"ff db ff 6a 10 f1 00 00"
2025-10-25 10:06:38,43.43,0xff,0xdb,0xff,0x6a,0x10,0xf7,"ff db ff 6a 10 f7 00 00"
2025-10-25 10:06:38,43.5,0xff,0xdb,0xff,0x6a,0x10,0xfe,"ff db ff 6a 10 fe 00 00"
2025-10-25 10:06:38,43.62,0xff,0xdb,0xff,0x6a,0x11,0x0a,"ff db ff 6a 11 0a 00 00"
2025-10-25 10:06:38,43.68,0xff,0xdb,0xff,0x6a,0x11,0x10,"ff db ff 6a 11 10 00 00"
2025-10-25 10:06:38,43.81,0xff,0xdb,0xff,0x6a,0x11,0x1d,"ff db ff 6a 11 1d 00 00"
2025-10-25 10:06:38,43.87,0xff,0xdb,0xff,0x6a,0x11,0x23,"ff db ff 6a 11 23 00 00"
2025-10-25 10:06:38,43.93,0xff,0xe1,0xff,0x6a,0x11,0x29,"ff e1 ff 6a 11 29 00 00"
2025-10-25 10:06:38,44,0xff,0xe1,0xff,0x6a,0x11,0x30,"ff e1 ff 6a 11 30 00 00"
2025-10-25 10:06:38,44.12,0xff,0xe1,0xff,0x6a,0x11,0x3c,"ff e1 ff 6a 11 3c 00 00"
2025-10-25 10:06:39,44.25,0xff,0xe1,0xff,0x6a,0x11,0x49,"ff e1 ff 6a 11 49 00 00"
2025-10-25 10:06:39,44.31,0xff,0xe1,0xff,0x6a,0x11,0x4f,"ff e1 ff 6a 11 4f 00 00"
2025-10-25 10:06:39,44.37,0xff,0xe1,0xff,0x6a,0x11,0x55,"ff e1 ff 6a 11 55 00 00"
2025-10-25 10:06:39,44.5,0xff,0xe1,0xff,0x6a,0x11,0x62,"ff e1 ff 6a 11 62 00 00"
2025-10-25 10:06:39,44.56,0xff,0xe1,0xff,0x6a,0x11,0x68,"ff e1 ff 6a 11 68 00 00"
2025-10-25 10:06:39,44.62,0xff,0xe1,0xff,0x6a,0x11,0x6e,"ff e1 ff 6a 11 6e 00 00"
2025-10-25 10:06:39,44.68,0xff,0xe1,0xff,0x6a,0x11,0x74,"ff e1 ff 6a 11 74 00 00"
2025-10-25 10:06:39,44.75,0xff,0xe1,0xff,0x6a,0x11,0x7b,"ff e1 ff 6a 11 7b 00 00"
2025-10-25 10:06:39,44.87,0xff,0xe1,0xff,0x6a,0x11,0x87,"ff e1 ff 6a 11 87 00 00"
2025-10-25 10:06:39,44.93,0xff,0xe1,0xff,0x6a,0x11,0x8d,"ff e1 ff 6a 11 8d 00 00"
2025-10-25 10:06:39,45,0xff,0xe1,0xff,0x6a,0x11,0x94,"ff e1 ff 6a 11 94 00 00"
2025-10-25 10:06:39,45.06,0xff,0xe1,0xff,0x6a,0x11,0x9a,"ff e1 ff 6a 11 9a 00 00"
2025-10-25 10:06:39,45.12,0xff,0xe1,0xff,0x6a,0x11,0xa0,"ff e1 ff 6a 11 a0 00 00"
2025-10-25 10:06:39,45.18,0xff,0xe1,0xff,0x6a,0x11,0xa6,"ff e1 ff 6a 11 a6 00 00"
2025-10-25 10:06:39,45.25,0xff,0xe1,0xff,0x6a,0x11,0xad,"ff e1 ff 6a 11 ad 00 00"
2025-10-25 10:06:39,45.31,0xff,0xe1,0xff,0x6a,0x11,0xb3,"ff e1 ff 6a 11 b3 00 00"
2025-10-25 10:06:39,45.37,0xff,0xe1,0xff,0x6a,0x11,0xb9,"ff e1 ff 6a 11 b9 00 00"
2025-10-25 10:06:39,45.43,0xff,0xe1,0xff,0x6a,0x11,0xbf,"ff e1 ff 6a 11 bf 00 00"
2025-10-25 10:06:39,45.5,0xff,0xe1,0xff,0x6a,0x11,0xc6,"ff e1 ff 6a 11 c6 00 00"
2025-10-25 10:06:39,45.5,0xff,0xe1,0xff,0x6a,0x11,0xc6,"ff e1 ff 6a 11 c6 00 00"
2025-10-25 10:06:39,45.56,0xff,0xe1,0xff,0x6a,0x11,0xcc,"ff e1 ff 6a 11 cc 00 00"
2025-10-25 10:06:39,45.62,0xff,0xe1,0xff,0x6a,0x11,0xd2,"ff e1 ff 6a 11 d2 00 00"
2025-10-25 10:06:39,45.62,0xff,0xe1,0xff,0x6a,0x11,0xd2,"ff e1 ff 6a 11 d2 00 00"
2025-10-25 10:06:39,45.68,0xff,0xe1,0xff,0x6a,0x11,0xd8,"ff e1 ff 6a 11 d8 00 00"
2025-10-25 10:06:39,45.68,0xff,0xe1,0xff,0x6a,0x11,0xd8,"ff e1 ff 6a 11 d8 00 00"
2025-10-25 10:06:39,45.75,0xff,0xe1,0xff,0x6a,0x11,0xdf,"ff e1 ff 6a 11 df 00 00"
2025-10-25 10:06:39,45.75,0xff,0xe1,0xff,0x6a,0x11,0xdf,"ff e1 ff 6a 11 df 00 00"
2025-10-25 10:06:39,45.81,0xff,0xe1,0xff,0x6a,0x11,0xe5,"ff e1 ff 6a 11 e5 00 00"
2025-10-25 10:06:39,45.81,0xff,0xe1,0xff,0x6a,0x11,0xe5,"ff e1 ff 6a 11 e5 00 00"
2025-10-25 10:06:39,45.87,0xff,0xe1,0xff,0x6a,0x11,0xeb,"ff e1 ff 6a 11 eb 00 00"
2025-10-25 10:06:39,45.87,0xff,0xe1,0xff,0x6a,0x11,0xeb,"ff e1 ff 6a 11 eb 00 00"
2025-10-25 10:06:39,45.93,0xff,0xe1,0xff,0x6a,0x11,0xf1,"ff e1 ff 6a 11 f1 00 00"
2025-10-25 10:06:39,45.93,0xff,0xe1,0xff,0x6a,0x11,0xf1,"ff e1 ff 6a 11 f1 00 00"
2025-10-25 10:06:39,46,0xff,0xe1,0xff,0x6a,0x11,0xf8,"ff e1 ff 6a 11 f8 00 00"
2025-10-25 10:06:40,46,0xff,0xe1,0xff,0x6a,0x11,0xf8,"ff e1 ff 6a 11 f8 00 00"
2025-10-25 10:06:40,46.06,0xff,0xe1,0xff,0x6a,0x11,0xfe,"ff e1 ff 6a 11 fe 00 00"
2025-10-25 10:06:40,46.06,0xff,0xe1,0xff,0x6a,0x11,0xfe,"ff e1 ff 6a 11 fe 00 00"
2025-10-25 10:06:40,46.12,0xff,0xe1,0xff,0x6a,0x12,0x04,"ff e1 ff 6a 12 04 00 00"
2025-10-25 10:06:40,46.12,0xff,0xe1,0xff,0x6a,0x12,0x04,"ff e1 ff 6a 12 04 00 00"
2025-10-25 10:06:40,46.12,0xff,0xe1,0xff,0x6a,0x12,0x04,"ff e1 ff 6a 12 04 00 00"
2025-10-25 10:06:40,46.12,0xff,0xe1,0xff,0x6a,0x12,0x04,"ff e1 ff 6a 12 04 00 00"
2025-10-25 10:06:40,46.18,0xff,0xe1,0xff,0x6a,0x12,0x0a,"ff e1 ff 6a 12 0a 00 00"
2025-10-25 10:06:40,46.18,0xff,0xe1,0xff,0x6a,0x12,0x0a,"ff e1 ff 6a 12 0a 00 00"
2025-10-25 10:06:40,46.18,0xff,0xe1,0xff,0x6a,0x12,0x0a,"ff e1 ff 6a 12 0a 00 00"
2025-10-25 10:06:40,46.18,0xff,0xe1,0xff,0x6a,0x12,0x0a,"ff e1 ff 6a 12 0a 00 00"
2025-10-25 10:06:40,46.18,0xff,0xe1,0xff,0x6a,0x12,0x0a,"ff e1 ff 6a 12 0a 00 00"
2025-10-25 10:06:40,46.18,0xff,0xe1,0xff,0x6a,0x12,0x0a,"ff e1 ff 6a 12 0a 00 00"
2025-10-25 10:06:40,46.18,0xff,0xe1,0xff,0x6a,0x12,0x0a,"ff e1 ff 6a 12 0a 00 00"
2025-10-25 10:06:40,46.18,0xff,0xe1,0xff,0x6a,0x12,0x0a,"ff e1 ff 6a 12 0a 00 00"
2025-10-25 10:06:40,46.18,0xff,0xe1,0xff,0x6a,0x12,0x0a,"ff e1 ff 6a 12 0a 00 00"
2025-10-25 10:06:40,46.18,0xff,0xe1,0xff,0x6a,0x12,0x0a,"ff e1 ff 6a 12 0a 00 00"
2025-10-25 10:06:40,46.18,0xff,0xe1,0xff,0x6a,0x12,0x0a,"ff e1 ff 6a 12 0a 00 00"
2025-10-25 10:06:40,46.18,0xff,0xe1,0xff,0x6a,0x12,0x0a,"ff e1 ff 6a 12 0a 00 00"
2025-10-25 10:06:40,46.18,0xff,0xe1,0xff,0x6a,0x12,0x0a,"ff e1 ff 6a 12 0a 00 00"
2025-10-25 10:06:40,46.18,0xff,0xe1,0xff,0x6a,0x12,0x0a,"ff e1 ff 6a 12 0a 00 00"
2025-10-25 10:06:40,46.18,0xff,0xe1,0xff,0x6a,0x12,0x0a,"ff e1 ff 6a 12 0a 00 00"
2025-10-25 10:06:40,46.18,0xff,0xe1,0xff,0x6a,0x12,0x0a,"ff e1 ff 6a 12 0a 00 00"
2025-10-25 10:06:40,46.18,0xff,0xe1,0xff,0x6a,0x12,0x0a,"ff e1 ff 6a 12 0a 00 00"
2025-10-25 10:06:40,46.18,0xff,0xe1,0xff,0x6a,0x12,0x0a,"ff e1 ff 6a 12 0a 00 00"
2025-10-25 10:06:40,46.18,0xff,0xe1,0xff,0x6a,0x12,0x0a,"ff e1 ff 6a 12 0a 00 00"
2025-10-25 10:06:40,46.18,0xff,0xe1,0xff,0x6a,0x12,0x0a,"ff e1 ff 6a 12 0a 00 00"
2025-10-25 10:06:40,46.18,0xff,0xe1,0xff,0x6a,0x12,0x0a,"ff e1 ff 6a 12 0a 00 00"
2025-10-25 10:06:40,46.12,0xff,0xe1,0xff,0x6a,0x12,0x04,"ff e1 ff 6a 12 04 00 00"
2025-10-25 10:06:40,46.12,0xff,0xe1,0xff,0x6a,0x12,0x04,"ff e1 ff 6a 12 04 00 00"
2025-10-25 10:06:40,46.06,0xff,0xe1,0xff,0x6a,0x11,0xfe,"ff e1 ff 6a 11 fe 00 00"
2025-10-25 10:06:40,46.06,0xff,0xe1,0xff,0x6a,0x11,0xfe,"ff e1 ff 6a 11 fe 00 00"
2025-10-25 10:06:40,46,0xff,0xe1,0xff,0x6a,0x11,0xf8,"ff e1 ff 6a 11 f8 00 00"
2025-10-25 10:06:40,45.93,0xff,0xe1,0xff,0x6a,0x11,0xf1,"ff e1 ff 6a 11 f1 00 00"
2025-10-25 10:06:40,45.93,0xff,0xe1,0xff,0x6a,0x11,0xf1,"ff e1 ff 6a 11 f1 00 00"
2025-10-25 10:06:41,45.87,0xff,0xe1,0xff,0x6a,0x11,0xeb,"ff e1 ff 6a 11 eb 00 00"
2025-10-25 10:06:41,45.81,0xff,0xe1,0xff,0x6a,0x11,0xe5,"ff e1 ff 6a 11 e5 00 00"
2025-10-25 10:06:41,45.75,0xff,0xe1,0xff,0x6a,0x11,0xdf,"ff e1 ff 6a 11 df 00 00"
2025-10-25 10:06:41,45.68,0xff,0xe1,0xff,0x6a,0x11,0xd8,"ff e1 ff 6a 11 d8 00 00"
2025-10-25 10:06:41,45.62,0xff,0xe1,0xff,0x6a,0x11,0xd2,"ff e1 ff 6a 11 d2 00 00"
2025-10-25 10:06:41,45.62,0xff,0xe1,0xff,0x6a,0x11,0xd2,"ff e1 ff 6a 11 d2 00 00"
2025-10-25 10:06:41,45.5,0xff,0xe1,0xff,0x6a,0x11,0xc6,"ff e1 ff 6a 11 c6 00 00"
2025-10-25 10:06:41,45.43,0xff,0xe1,0xff,0x6a,0x11,0xbf,"ff e1 ff 6a 11 bf 00 00"
2025-10-25 10:06:41,45.37,0xff,0xe1,0xff,0x6a,0x11,0xb9,"ff e1 ff 6a 11 b9 00 00"
2025-10-25 10:06:41,45.31,0xff,0xe1,0xff,0x6a,0x11,0xb3,"ff e1 ff 6a 11 b3 00 00"
2025-10-25 10:06:41,45.25,0xff,0xe1,0xff,0x6a,0x11,0xad,"ff e1 ff 6a 11 ad 00 00"
2025-10-25 10:06:41,45.18,0xff,0xe1,0xff,0x6a,0x11,0xa6,"ff e1 ff 6a 11 a6 00 00"
2025-10-25 10:06:41,45.12,0xff,0xe1,0xff,0x6a,0x11,0xa0,"ff e1 ff 6a 11 a0 00 00"
2025-10-25 10:06:41,45.06,0xff,0xe1,0xff,0x6a,0x11,0x9a,"ff e1 ff 6a 11 9a 00 00"
2025-10-25 10:06:41,45,0xff,0xe1,0xff,0x6a,0x11,0x94,"ff e1 ff 6a 11 94 00 00"
2025-10-25 10:06:41,44.93,0xff,0xe1,0xff,0x6a,0x11,0x8d,"ff e1 ff 6a 11 8d 00 00"
2025-10-25 10:06:41,44.87,0xff,0xe1,0xff,0x6a,0x11,0x87,"ff e1 ff 6a 11 87 00 00"
2025-10-25 10:06:41,44.81,0xff,0xe1,0xff,0x6a,0x11,0x81,"ff e1 ff 6a 11 81 00 00"
2025-10-25 10:06:41,44.68,0xff,0xe1,0xff,0x6a,0x11,0x74,"ff e1 ff 6a 11 74 00 00"
2025-10-25 10:06:41,44.68,0xff,0xe1,0xff,0x6a,0x11,0x74,"ff e1 ff 6a 11 74 00 00"
2025-10-25 10:06:41,44.62,0xff,0xe1,0xff,0x6a,0x11,0x6e,"ff e1 ff 6a 11 6e 00 00"
2025-10-25 10:06:41,44.56,0xff,0xe1,0xff,0x6a,0x11,0x68,"ff e1 ff 6a 11 68 00 00"
2025-10-25 10:06:41,44.5,0xff,0xe1,0xff,0x6a,0x11,0x62,"ff e1 ff 6a 11 62 00 00"
2025-10-25 10:06:41,44.43,0xff,0xe1,0xff,0x6a,0x11,0x5b,"ff e1 ff 6a 11 5b 00 00"
2025-10-25 10:06:41,44.37,0xff,0xe1,0xff,0x6a,0x11,0x55,"ff e1 ff 6a 11 55 00 00"
2025-10-25 10:06:41,44.31,0xff,0xe1,0xff,0x6a,0x11,0x4f,"ff e1 ff 6a 11 4f 00 00"
2025-10-25 10:06:41,44.25,0xff,0xe1,0xff,0x6a,0x11,0x49,"ff e1 ff 6a 11 49 00 00"
2025-10-25 10:06:41,44.18,0xff,0xe1,0xff,0x6a,0x11,0x42,"ff e1 ff 6a 11 42 00 00"
2025-10-25 10:06:41,44.12,0xff,0xe1,0xff,0x6a,0x11,0x3c,"ff e1 ff 6a 11 3c 00 00"
2025-10-25 10:06:41,44.06,0xff,0xe1,0xff,0x6a,0x11,0x36,"ff e1 ff 6a 11 36 00 00"
2025-10-25 10:06:41,44,0xff,0xe1,0xff,0x6a,0x11,0x30,"ff e1 ff 6a 11 30 00 00"
2025-10-25 10:06:41,43.93,0xff,0xe1,0xff,0x6a,0x11,0x29,"ff e1 ff 6a 11 29 00 00"
2025-10-25 10:06:41,43.93,0xff,0xdb,0xff,0x6a,0x11,0x29,"ff db ff 6a 11 29 00 00"
2025-10-25 10:06:41,43.87,0xff,0xdb,0xff,0x6a,0x11,0x23,"ff db ff 6a 11 23 00 00"
2025-10-25 10:06:42,43.81,0xff,0xdb,0xff,0x6a,0x11,0x1d,"ff db ff 6a 11 1d 00 00"
2025-10-25 10:06:42,43.81,0xff,0xdb,0xff,0x6a,0x11,0x1d,"ff db ff 6a 11 1d 00 00"
2025-10-25 10:06:42,43.75,0xff,0xdb,0xff,0x6a,0x11,0x17,"ff db ff 6a 11 17 00 00"
2025-10-25 10:06:42,43.75,0xff,0xdb,0xff,0x6a,0x11,0x17,"ff db ff 6a 11 17 00 00"
2025-10-25 10:06:42,43.68,0xff,0xdb,0xff,0x6a,0x11,0x10,"ff db ff 6a 11 10 00 00"
2025-10-25 10:06:42,43.62,0xff,0xdb,0xff,0x6a,0x11,0x0a,"ff db ff 6a 11 0a 00 00"
2025-10-25 10:06:42,43.62,0xff,0xdb,0xff,0x6a,0x11,0x0a,"ff db ff 6a 11 0a 00 00"
2025-10-25 10:06:42,43.56,0xff,0xdb,0xff,0x6a,0x11,0x04,"ff db ff 6a 11 04 00 00"
2025-10-25 10:06:42,43.5,0xff,0xdb,0xff,0x6a,0x10,0xfe,"ff db ff 6a 10 fe 00 00"
2025-10-25 10:06:42,43.43,0xff,0xdb,0xff,0x6a,0x10,0xf7,"ff db ff 6a 10 f7 00 00"
2025-10-25 10:06:42,43.37,0xff,0xdb,0xff,0x6a,0x10,0xf1,"ff db ff 6a 10 f1 00 00"
2025-10-25 10:06:42,43.37,0xff,0xdb,0xff,0x6a,0x10,0xf1,"ff db ff 6a 10 f1 00 00"
2025-10-25 10:06:42,43.31,0xff,0xdb,0xff,0x6a,0x10,0xeb,"ff db ff 6a 10 eb 00 00"
2025-10-25 10:06:42,43.31,0xff,0xdb,0xff,0x6a,0x10,0xeb,"ff db ff 6a 10 eb 00 00"
2025-10-25 10:06:42,43.25,0xff,0xdb,0xff,0x6a,0x10,0xe5,"ff db ff 6a 10 e5 00 00"
2025-10-25 10:06:42,43.18,0xff,0xdb,0xff,0x6a,0x10,0xde,"ff db ff 6a 10 de 00 00"
2025-10-25 10:06:42,43.18,0xff,0xdb,0xff,0x6a,0x10,0xde,"ff db ff 6a 10 de 00 00"
2025-10-25 10:06:42,43.12,0xff,0xdb,0xff,0x6a,0x10,0xd8,"ff db ff 6a 10 d8 00 00"
2025-10-25 10:06:42,43.06,0xff,0xdb,0xff,0x6a,0x10,0xd2,"ff db ff 6a 10 d2 00 00"
2025-10-25 10:06:42,43,0xff,0xdb,0xff,0x6a,0x10,0xcc,"ff db ff 6a 10 cc 00 00"
2025-10-25 10:06:42,43,0xff,0xdb,0xff,0x6a,0x10,0xcc,"ff db ff 6a 10 cc 00 00"
2025-10-25 10:06:42,42.93,0xff,0xdb,0xff,0x6a,0x10,0xc5,"ff db ff 6a 10 c5 00 00"
2025-10-25 10:06:42,42.87,0xff,0xdb,0xff,0x6a,0x10,0xbf,"ff db ff 6a 10 bf 00 00"
2025-10-25 10:06:42,42.81,0xff,0xdb,0xff,0x6a,0x10,0xb9,"ff db ff 6a 10 b9 00 00"
2025-10-25 10:06:42,42.75,0xff,0xdb,0xff,0x6a,0x10,0xb3,"ff db ff 6a 10 b3 00 00"
2025-10-25 10:06:42,42.75,0xff,0xdb,0xff,0x6a,0x10,0xb3,"ff db ff 6a 10 b3 00 00"
2025-10-25 10:06:42,42.68,0xff,0xdb,0xff,0x6a,0x10,0xac,"ff db ff 6a 10 ac 00 00"
2025-10-25 10:06:42,42.68,0xff,0xdb,0xff,0x6a,0x10,0xac,"ff db ff 6a 10 ac 00 00"
2025-10-25 10:06:42,42.62,0xff,0xdb,0xff,0x6a,0x10,0xa6,"ff db ff 6a 10 a6 00 00"
2025-10-25 10:06:42,42.62,0xff,0xdb,0xff,0x6a,0x10,0xa6,"ff db ff 6a 10 a6 00 00"
2025-10-25 10:06:42,42.62,0xff,0xdb,0xff,0x6a,0x10,0xa6,"ff db ff 6a 10 a6 00 00"
2025-10-25 10:06:42,42.56,0xff,0xdb,0xff,0x6a,0x10,0xa0,"ff db ff 6a 10 a0 00 00"
2025-10-25 10:06:42,42.56,0xff,0xdb,0xff,0x6a,0x10,0xa0,"ff db ff 6a 10 a0 00 00"
2025-10-25 10:06:42,42.56,0xff,0xdb,0xff,0x6a,0x10,0xa0,"ff db ff 6a 10 a0 00 00"
2025-10-25 10:06:43,42.56,0xff,0xdb,0xff,0x6a,0x10,0xa0,"ff db ff 6a 10 a0 00 00"
2025-10-25 10:06:43,42.5,0xff,0xdb,0xff,0x6a,0x10,0x9a,"ff db ff 6a 10 9a 00 00"
2025-10-25 10:06:43,42.5,0xff,0xdb,0xff,0x6a,0x10,0x9a,"ff db ff 6a 10 9a 00 00"
2025-10-25 10:06:43,42.5,0xff,0xdb,0xff,0x6a,0x10,0x9a,"ff db ff 6a 10 9a 00 00"
2025-10-25 10:06:43,42.5,0xff,0xdb,0xff,0x6a,0x10,0x9a,"ff db ff 6a 10 9a 00 00"
2025-10-25 10:06:43,42.5,0xff,0xdb,0xff,0x6a,0x10,0x9a,"ff db ff 6a 10 9a 00 00"
2025-10-25 10:06:43,42.43,0xff,0xdb,0xff,0x6a,0x10,0x93,"ff db ff 6a 10 93 00 00"
2025-10-25 10:06:43,42.43,0xff,0xdb,0xff,0x6a,0x10,0x93,"ff db ff 6a 10 93 00 00"
2025-10-25 10:06:43,42.43,0xff,0xdb,0xff,0x6a,0x10,0x93,"ff db ff 6a 10 93 00 00"
2025-10-25 10:06:43,42.43,0xff,0xdb,0xff,0x6a,0x10,0x93,"ff db ff 6a 10 93 00 00"
2025-10-25 10:06:43,42.43,0xff,0xdb,0xff,0x6a,0x10,0x93,"ff db ff 6a 10 93 00 00"
2025-10-25 10:06:43,42.43,0xff,0xdb,0xff,0x6a,0x10,0x93,"ff db ff 6a 10 93 00 00"
2025-10-25 10:06:43,42.43,0xff,0xdb,0xff,0x6a,0x10,0x93,"ff db ff 6a 10 93 00 00"
2025-10-25 10:06:43,42.43,0xff,0xdb,0xff,0x6a,0x10,0x93,"ff db ff 6a 10 93 00 00"
2025-10-25 10:06:43,42.43,0xff,0xdb,0xff,0x6a,0x10,0x93,"ff db ff 6a 10 93 00 00"
2025-10-25 10:06:43,42.43,0xff,0xdb,0xff,0x6a,0x10,0x93,"ff db ff 6a 10 93 00 00"
2025-10-25 10:06:43,42.43,0xff,0xdb,0xff,0x6a,0x10,0x93,"ff db ff 6a 10 93 00 00"
2025-10-25 10:06:43,42.43,0xff,0xdb,0xff,0x6a,0x10,0x93,"ff db ff 6a 10 93 00 00"
2025-10-25 10:06:43,42.5,0xff,0xdb,0xff,0x6a,0x10,0x9a,"ff db ff 6a 10 9a 00 00"
2025-10-25 10:06:43,42.5,0xff,0xdb,0xff,0x6a,0x10,0x9a,"ff db ff 6a 10 9a 00 00"
2025-10-25 10:06:43,42.56,0xff,0xdb,0xff,0x6a,0x10,0xa0,"ff db ff 6a 10 a0 00 00"
2025-10-25 10:06:43,42.56,0xff,0xdb,0xff,0x6a,0x10,0xa0,"ff db ff 6a 10 a0 00 00"
2025-10-25 10:06:43,42.62,0xff,0xdb,0xff,0x6a,0x10,0xa6,"ff db ff 6a 10 a6 00 00"
2025-10-25 10:06:43,42.62,0xff,0xdb,0xff,0x6a,0x10,0xa6,"ff db ff 6a 10 a6 00 00"
2025-10-25 10:06:43,42.68,0xff,0xdb,0xff,0x6a,0x10,0xac,"ff db ff 6a 10 ac 00 00"
2025-10-25 10:06:43,42.68,0xff,0xdb,0xff,0x6a,0x10,0xac,"ff db ff 6a 10 ac 00 00"
2025-10-25 10:06:43,42.75,0xff,0xdb,0xff,0x6a,0x10,0xb3,"ff db ff 6a 10 b3 00 00"
2025-10-25 10:06:43,42.75,0xff,0xdb,0xff,0x6a,0x10,0xb3,"ff db ff 6a 10 b3 00 00"
2025-10-25 10:06:43,42.81,0xff,0xdb,0xff,0x6a,0x10,0xb9,"ff db ff 6a 10 b9 00 00"
2025-10-25 10:06:43,42.87,0xff,0xdb,0xff,0x6a,0x10,0xbf,"ff db ff 6a 10 bf 00 00"
2025-10-25 10:06:43,42.87,0xff,0xdb,0xff,0x6a,0x10,0xbf,"ff db ff 6a 10 bf 00 00"
2025-10-25 10:06:43,42.93,0xff,0xdb,0xff,0x6a,0x10,0xc5,"ff db ff 6a 10 c5 00 00"
2025-10-25 10:06:43,43,0xff,0xdb,0xff,0x6a,0x10,0xcc,"ff db ff 6a 10 cc 00 00"
2025-10-25 10:06:44,43,0xff,0xdb,0xff,0x6a,0x10,0xcc,"ff db ff 6a 10 cc 00 00"
2025-10-25 10:06:44,43.06,0xff,0xdb,0xff,0x6a,0x10,0xd2,"ff db ff 6a 10 d2 00 00"
2025-10-25 10:06:44,43.06,0xff,0xdb,0xff,0x6a,0x10,0xd2,"ff db ff 6a 10 d2 00 00"
2025-10-25 10:06:44,43.12,0xff,0xdb,0xff,0x6a,0x10,0xd8,"ff db ff 6a 10 d8 00 00"
2025-10-25 10:06:44,43.18,0xff,0xdb,0xff,0x6a,0x10,0xde,"ff db ff 6a 10 de 00 00"
2025-10-25 10:06:44,43.25,0xff,0xdb,0xff,0x6a,0x10,0xe5,"ff db ff 6a 10 e5 00 00"
2025-10-25 10:06:44,43.25,0xff,0xdb,0xff,0x6a,0x10,0xe5,"ff db ff 6a 10 e5 00 00"
2025-10-25 10:06:44,43.31,0xff,0xdb,0xff,0x6a,0x10,0xeb,"ff db ff 6a 10 eb 00 00"
2025-10-25 10:06:44,43.31,0xff,0xdb,0xff,0x6a,0x10,0xeb,"ff db ff 6a 10 eb 00 00"
2025-10-25 10:06:44,43.37,0xff,0xdb,0xff,0x6a,0x10,0xf1,"ff db ff 6a 10 f1 00 00"
2025-10-25 10:06:44,43.37,0xff,0xdb,0xff,0x6a,0x10,0xf1,"ff db ff 6a 10 f1 00 00"
2025-10-25 10:06:44,43.43,0xff,0xdb,0xff,0x6a,0x10,0xf7,"ff db ff 6a 10 f7 00 00"
2025-10-25 10:06:44,43.43,0xff,0xdb,0xff,0x6a,0x10,0xf7,"ff db ff 6a 10 f7 00 00"
2025-10-25 10:06:44,43.5,0xff,0xdb,0xff,0x6a,0x10,0xfe,"ff db ff 6a 10 fe 00 00"
2025-10-25 10:06:44,43.5,0xff,0xdb,0xff,0x6a,0x10,0xfe,"ff db ff 6a 10 fe 00 00"
2025-10-25 10:06:44,43.56,0xff,0xdb,0xff,0x6a,0x11,0x04,"ff db ff 6a 11 04 00 00"
2025-10-25 10:06:44,43.62,0xff,0xdb,0xff,0x6a,0x11,0x0a,"ff db ff 6a 11 0a 00 00"
2025-10-25 10:06:44,43.62,0xff,0xdb,0xff,0x6a,0x11,0x0a,"ff db ff 6a 11 0a 00 00"
2025-10-25 10:06:44,43.68,0xff,0xdb,0xff,0x6a,0x11,0x10,"ff db ff 6a 11 10 00 00"
2025-10-25 10:06:44,43.68,0xff,0xdb,0xff,0x6a,0x11,0x10,"ff db ff 6a 11 10 00 00"
2025-10-25 10:06:44,43.75,0xff,0xdb,0xff,0x6a,0x11,0x17,"ff db ff 6a 11 17 00 00"
2025-10-25 10:06:44,43.75,0xff,0xdb,0xff,0x6a,0x11,0x17,"ff db ff 6a 11 17 00 00"
2025-10-25 10:06:44,43.75,0xff,0xdb,0xff,0x6a,0x11,0x17,"ff db ff 6a 11 17 00 00"
2025-10-25 10:06:44,43.81,0xff,0xdb,0xff,0x6a,0x11,0x1d,"ff db ff 6a 11 1d 00 00"
2025-10-25 10:06:44,43.87,0xff,0xdb,0xff,0x6a,0x11,0x23,"ff db ff 6a 11 23 00 00"
2025-10-25 10:06:44,43.87,0xff,0xdb,0xff,0x6a,0x11,0x23,"ff db ff 6a 11 23 00 00"
2025-10-25 10:06:44,43.93,0xff,0xdb,0xff,0x6a,0x11,0x29,"ff db ff 6a 11 29 00 00"
2025-10-25 10:06:44,43.93,0xff,0xe1,0xff,0x6a,0x11,0x29,"ff e1 ff 6a 11 29 00 00"
2025-10-25 10:06:44,44,0xff,0xe1,0xff,0x6a,0x11,0x30,"ff e1 ff 6a 11 30 00 00"
2025-10-25 10:06:44,44,0xff,0xe1,0xff,0x6a,0x11,0x30,"ff e1 ff 6a 11 30 00 00"
2025-10-25 10:06:44,44,0xff,0xe1,0xff,0x6a,0x11,0x30,"ff e1 ff 6a 11 30 00 00"
2025-10-25 10:06:44,44.06,0xff,0xe1,0xff,0x6a,0x11,0x36,"ff e1 ff 6a 11 36 00 00"
2025-10-25 10:06:44,44.06,0xff,0xe1,0xff,0x6a,0x11,0x36,"ff e1 ff 6a 11 36 00 00"
2025-10-25 10:06:44,44.12,0xff,0xe1,0xff,0x6a,0x11,0x3c,"ff e1 ff 6a 11 3c 00 00"
2025-10-25 10:06:45,44.12,0xff,0xe1,0xff,0x6a,0x11,0x3c,"ff e1 ff 6a 11 3c 00 00"
2025-10-25 10:06:45,44.18,0xff,0xe1,0xff,0x6a,0x11,0x42,"ff e1 ff 6a 11 42 00 00"
2025-10-25 10:06:45,44.18,0xff,0xe1,0xff,0x6a,0x11,0x42,"ff e1 ff 6a 11 42 00 00"
2025-10-25 10:06:45,44.18,0xff,0xe1,0xff,0x6a,0x11,0x42,"ff e1 ff 6a 11 42 00 00"
2025-10-25 10:06:45,44.25,0xff,0xe1,0xff,0x6a,0x11,0x49,"ff e1 ff 6a 11 49 00 00"
2025-10-25 10:06:45,44.31,0xff,0xe1,0xff,0x6a,0x11,0x4f,"ff e1 ff 6a 11 4f 00 00"
2025-10-25 10:06:45,44.37,0xff,0xe1,0xff,0x6a,0x11,0x55,"ff e1 ff 6a 11 55 00 00"
2025-10-25 10:06:45,44.37,0xff,0xe1,0xff,0x6a,0x11,0x55,"ff e1 ff 6a 11 55 00 00"
2025-10-25 10:06:45,44.43,0xff,0xe1,0xff,0x6a,0x11,0x5b,"ff e1 ff 6a 11 5b 00 00"
2025-10-25 10:06:45,44.5,0xff,0xe1,0xff,0x6a,0x11,0x62,"ff e1 ff 6a 11 62 00 00"
2025-10-25 10:06:45,44.5,0xff,0xe1,0xff,0x6a,0x11,0x62,"ff e1 ff 6a 11 62 00 00"
2025-10-25 10:06:45,44.56,0xff,0xe1,0xff,0x6a,0x11,0x68,"ff e1 ff 6a 11 68 00 00"
2025-10-25 10:06:45,44.56,0xff,0xe1,0xff,0x6a,0x11,0x68,"ff e1 ff 6a 11 68 00 00"
2025-10-25 10:06:45,44.62,0xff,0xe1,0xff,0x6a,0x11,0x6e,"ff e1 ff 6a 11 6e 00 00"
2025-10-25 10:06:45,44.62,0xff,0xe1,0xff,0x6a,0x11,0x6e,"ff e1 ff 6a 11 6e 00 00"
2025-10-25 10:06:45,44.68,0xff,0xe1,0xff,0x6a,0x11,0x74,"ff e1 ff 6a 11 74 00 00"
2025-10-25 10:06:45,44.68,0xff,0xe1,0xff,0x6a,0x11,0x74,"ff e1 ff 6a 11 74 00 00"
2025-10-25 10:06:45,44.75,0xff,0xe1,0xff,0x6a,0x11,0x7b,"ff e1 ff 6a 11 7b 00 00"
2025-10-25 10:06:45,44.75,0xff,0xe1,0xff,0x6a,0x11,0x7b,"ff e1 ff 6a 11 7b 00 00"
2025-10-25 10:06:45,44.75,0xff,0xe1,0xff,0x6a,0x11,0x7b,"ff e1 ff 6a 11 7b 00 00"
2025-10-25 10:06:45,44.81,0xff,0xe1,0xff,0x6a,0x11,0x81,"ff e1 ff 6a 11 81 00 00"
2025-10-25 10:06:45,44.81,0xff,0xe1,0xff,0x6a,0x11,0x81,"ff e1 ff 6a 11 81 00 00"
2025-10-25 10:06:45,44.87,0xff,0xe1,0xff,0x6a,0x11,0x87,"ff e1 ff 6a 11 87 00 00"
2025-10-25 10:06:45,44.87,0xff,0xe1,0xff,0x6a,0x11,0x87,"ff e1 ff 6a 11 87 00 00"
2025-10-25 10:06:45,44.93,0xff,0xe1,0xff,0x6a,0x11,0x8d,"ff e1 ff 6a 11 8d 00 00"
2025-10-25 10:06:45,45,0xff,0xe1,0xff,0x6a,0x11,0x94,"ff e1 ff 6a 11 94 00 00"
2025-10-25 10:06:45,45.06,0xff,0xe1,0xff,0x6a,0x11,0x9a,"ff e1 ff 6a 11 9a 00 00"
2025-10-25 10:06:45,45.06,0xff,0xe1,0xff,0x6a,0x11,0x9a,"ff e1 ff 6a 11 9a 00 00"
2025-10-25 10:06:45,45.12,0xff,0xe1,0xff,0x6a,0x11,0xa0,"ff e1 ff 6a 11 a0 00 00"
2025-10-25 10:06:45,45.18,0xff,0xe1,0xff,0x6a,0x11,0xa6,"ff e1 ff 6a 11 a6 00 00"
2025-10-25 10:06:45,45.25,0xff,0xe1,0xff,0x6a,0x11,0xad,"ff e1 ff 6a 11 ad 00 00"
2025-10-25 10:06:45,45.31,0xff,0xe1,0xff,0x6a,0x11,0xb3,"ff e1 ff 6a 11 b3 00 00"
2025-10-25 10:06:45,45.37,0xff,0xe1,0xff,0x6a,0x11,0xb9,"ff e1 ff 6a 11 b9 00 00"
2025-10-25 10:06:45,45.43,0xff,0xe1,0xff,0x6a,0x11,0xbf,"ff e1 ff 6a 11 bf 00 00"
2025-10-25 10:06:46,45.5,0xff,0xe1,0xff,0x6a,0x11,0xc6,"ff e1 ff 6a 11 c6 00 00"
2025-10-25 10:06:46,45.62,0xff,0xe1,0xff,0x6a,0x11,0xd2,"ff e1 ff 6a 11 d2 00 00"
2025-10-25 10:06:46,45.62,0xff,0xe1,0xff,0x6a,0x11,0xd2,"ff e1 ff 6a 11 d2 00 00"
2025-10-25 10:06:46,45.68,0xff,0xe1,0xff,0x6a,0x11,0xd8,"ff e1 ff 6a 11 d8 00 00"
2025-10-25 10:06:46,45.75,0xff,0xe1,0xff,0x6a,0x11,0xdf,"ff e1 ff 6a 11 df 00 00"
2025-10-25 10:06:46,45.87,0xff,0xe1,0xff,0x6a,0x11,0xeb,"ff e1 ff 6a 11 eb 00 00"
2025-10-25 10:06:46,45.93,0xff,0xe1,0xff,0x6a,0x11,0xf1,"ff e1 ff 6a 11 f1 00 00"
2025-10-25 10:06:46,46,0xff,0xe1,0xff,0x6a,0x11,0xf8,"ff e1 ff 6a 11 f8 00 00"
2025-10-25 10:06:46,46.06,0xff,0xe1,0xff,0x6a,0x11,0xfe,"ff e1 ff 6a 11 fe 00 00"
2025-10-25 10:06:46,46.18,0xff,0xe1,0xff,0x6a,0x12,0x0a,"ff e1 ff 6a 12 0a 00 00"
2025-10-25 10:06:46,46.25,0xff,0xe1,0xff,0x6a,0x12,0x11,"ff e1 ff 6a 12 11 00 00"
2025-10-25 10:06:46,46.31,0xff,0xe7,0xff,0x6a,0x12,0x17,"ff e7 ff 6a 12 17 00 00"
2025-10-25 10:06:46,46.43,0xff,0xe7,0xff,0x6a,0x12,0x23,"ff e7 ff 6a 12 23 00 00"
2025-10-25 10:06:46,46.56,0xff,0xe7,0xff,0x6a,0x12,0x30,"ff e7 ff 6a 12 30 00 00"
2025-10-25 10:06:46,46.62,0xff,0xe7,0xff,0x6a,0x12,0x36,"ff e7 ff 6a 12 36 00 00"
2025-10-25 10:06:46,46.75,0xff,0xe7,0xff,0x6a,0x12,0x43,"ff e7 ff 6a 12 43 00 00"
2025-10-25 10:06:46,46.87,0xff,0xe7,0xff,0x6a,0x12,0x4f,"ff e7 ff 6a 12 4f 00 00"
2025-10-25 10:06:46,47,0xff,0xe7,0xff,0x6a,0x12,0x5c,"ff e7 ff 6a 12 5c 00 00"
2025-10-25 10:06:46,47.06,0xff,0xe7,0xff,0x6a,0x12,0x62,"ff e7 ff 6a 12 62 00 00"
2025-10-25 10:06:46,47.18,0xff,0xe7,0xff,0x6a,0x12,0x6e,"ff e7 ff 6a 12 6e 00 00"
2025-10-25 10:06:46,47.31,0xff,0xe7,0xff,0x6a,0x12,0x7b,"ff e7 ff 6a 12 7b 00 00"
2025-10-25 10:06:46,47.37,0xff,0xe7,0xff,0x6a,0x12,0x81,"ff e7 ff 6a 12 81 00 00"
2025-10-25 10:06:46,47.5,0xff,0xe7,0xff,0x6a,0x12,0x8e,"ff e7 ff 6a 12 8e 00 00"
2025-10-25 10:06:46,47.56,0xff,0xe7,0xff,0x6a,0x12,0x94,"ff e7 ff 6a 12 94 00 00"
2025-10-25 10:06:46,47.68,0xff,0xe7,0xff,0x6a,0x12,0xa0,"ff e7 ff 6a 12 a0 00 00"
2025-10-25 10:06:46,47.75,0xff,0xe7,0xff,0x6a,0x12,0xa7,"ff e7 ff 6a 12 a7 00 00"
2025-10-25 10:06:46,47.81,0xff,0xe7,0xff,0x6a,0x12,0xad,"ff e7 ff 6a 12 ad 00 00"
2025-10-25 10:06:46,47.87,0xff,0xe7,0xff,0x6a,0x12,0xb3,"ff e7 ff 6a 12 b3 00 00"
2025-10-25 10:06:46,48,0xff,0xe7,0xff,0x6a,0x12,0xc0,"ff e7 ff 6a 12 c0 00 00"
2025-10-25 10:06:46,48.06,0xff,0xe7,0xff,0x6a,0x12,0xc6,"ff e7 ff 6a 12 c6 00 00"
2025-10-25 10:06:46,48.12,0xff,0xe7,0xff,0x6a,0x12,0xcc,"ff e7 ff 6a 12 cc 00 00"
2025-10-25 10:06:46,48.18,0xff,0xe7,0xff,0x6a,0x12,0xd2,"ff e7 ff 6a 12 d2 00 00"
2025-10-25 10:06:46,48.25,0xff,0xe7,0xff,0x6a,0x12,0xd9,"ff e7 ff 6a 12 d9 00 00"
2025-10-25 10:06:46,48.31,0xff,0xe7,0xff,0x6a,0x12,0xdf,"ff e7 ff 6a 12 df 00 00"
2025-10-25 10:06:47,48.37,0xff,0xe7,0xff,0x6a,0x12,0xe5,"ff e7 ff 6a 12 e5 00 00"
2025-10-25 10:06:47,48.37,0xff,0xe7,0xff,0x6a,0x12,0xe5,"ff e7 ff 6a 12 e5 00 00"
2025-10-25 10:06:47,48.43,0xff,0xe7,0xff,0x6a,0x12,0xeb,"ff e7 ff 6a 12 eb 00 00"
2025-10-25 10:06:47,48.5,0xff,0xe7,0xff,0x6a,0x12,0xf2,"ff e7 ff 6a 12 f2 00 00"
2025-10-25 10:06:47,48.56,0xff,0xee,0xff,0x64,0x12,0xf8,"ff ee ff 64 12 f8 00 00"
2025-10-25 10:06:47,48.68,0xff,0xee,0xff,0x64,0x13,0x04,"ff ee ff 64 13 04 00 00"
2025-10-25 10:06:47,48.75,0xff,0xee,0xff,0x64,0x13,0x0b,"ff ee ff 64 13 0b 00 00"
2025-10-25 10:06:47,48.81,0xff,0xee,0xff,0x64,0x13,0x11,"ff ee ff 64 13 11 00 00"
2025-10-25 10:06:47,48.87,0xff,0xee,0xff,0x64,0x13,0x17,"ff ee ff 64 13 17 00 00"
2025-10-25 10:06:47,49,0xff,0xee,0xff,0x64,0x13,0x24,"ff ee ff 64 13 24 00 00"
2025-10-25 10:06:47,49.06,0xff,0xee,0xff,0x64,0x13,0x2a,"ff ee ff 64 13 2a 00 00"
2025-10-25 10:06:47,49.18,0xff,0xee,0xff,0x64,0x13,0x36,"ff ee ff 64 13 36 00 00"
2025-10-25 10:06:47,49.31,0xff,0xee,0xff,0x64,0x13,0x43,"ff ee ff 64 13 43 00 00"
2025-10-25 10:06:47,49.37,0xff,0xee,0xff,0x64,0x13,0x49,"ff ee ff 64 13 49 00 00"
2025-10-25 10:06:47,49.43,0xff,0xee,0xff,0x64,0x13,0x4f,"ff ee ff 64 13 4f 00 00"
2025-10-25 10:06:47,49.56,0xff,0xee,0xff,0x64,0x13,0x5c,"ff ee ff 64 13 5c 00 00"
2025-10-25 10:06:47,49.62,0xff,0xee,0xff,0x64,0x13,0x62,"ff ee ff 64 13 62 00 00"
2025-10-25 10:06:47,49.68,0xff,0xee,0xff,0x64,0x13,0x68,"ff ee ff 64 13 68 00 00"
2025-10-25 10:06:47,49.75,0xff,0xee,0xff,0x64,0x13,0x6f,"ff ee ff 64 13 6f 00 00"
2025-10-25 10:06:47,49.87,0xff,0xee,0xff,0x64,0x13,0x7b,"ff ee ff 64 13 7b 00 00"
2025-10-25 10:06:47,49.87,0xff,0xee,0xff,0x64,0x13,0x7b,"ff ee ff 64 13 7b 00 00"
2025-10-25 10:06:47,50,0xff,0xee,0xff,0x64,0x13,0x88,"ff ee ff 64 13 88 00 00"
2025-10-25 10:06:47,50.06,0xff,0xee,0xff,0x64,0x13,0x8e,"ff ee ff 64 13 8e 00 00"
2025-10-25 10:06:47,50.12,0xff,0xee,0xff,0x64,0x13,0x94,"ff ee ff 64 13 94 00 00"
2025-10-25 10:06:47,50.25,0xff,0xee,0xff,0x64,0x13,0xa1,"ff ee ff 64 13 a1 00 00"
2025-10-25 10:06:47,50.37,0xff,0xee,0xff,0x64,0x13,0xad,"ff ee ff 64 13 ad 00 00"
2025-10-25 10:06:47,50.43,0xff,0xee,0xff,0x64,0x13,0xb3,"ff ee ff 64 13 b3 00 00"
2025-10-25 10:06:47,50.56,0xff,0xee,0xff,0x64,0x13,0xc0,"ff ee ff 64 13 c0 00 00"
2025-10-25 10:06:47,50.62,0xff,0xee,0xff,0x64,0x13,0xc6,"ff ee ff 64 13 c6 00 00"
2025-10-25 10:06:47,50.68,0xff,0xee,0xff,0x64,0x13,0xcc,"ff ee ff 64 13 cc 00 00"
2025-10-25 10:06:47,50.75,0xff,0xee,0xff,0x64,0x13,0xd3,"ff ee ff 64 13 d3 00 00"
2025-10-25 10:06:47,50.81,0xff,0xee,0xff,0x64,0x13,0xd9,"ff ee ff 64 13 d9 00 00"
2025-10-25 10:06:47,50.93,0xff,0xf4,0xff,0x64,0x13,0xe5,"ff f4 ff 64 13 e5 00 00"
2025-10-25 10:06:47,51,0xff,0xf4,0xff,0x64,0x13,0xec,"ff f4 ff 64 13 ec 00 00"
2025-10-25 10:06:47,51.06,0xff,0xf4,0xff,0x64,0x13,0xf2,"ff f4 ff 64 13 f2 00 00"
2025-10-25 10:06:48,51.12,0xff,0xf4,0xff,0x64,0x13,0xf8,"ff f4 ff 64 13 f8 00 00"
2025-10-25 10:06:48,51.12,0xff,0xf4,0xff,0x64,0x13,0xf8,"ff f4 ff 64 13 f8 00 00"
2025-10-25 10:06:48,51.25,0xff,0xf4,0xff,0x64,0x14,0x05,"ff f4 ff 64 14 05 00 00"
2025-10-25 10:06:48,51.25,0xff,0xf4,0xff,0x64,0x14,0x05,"ff f4 ff 64 14 05 00 00"
2025-10-25 10:06:48,51.37,0xff,0xf4,0xff,0x64,0x14,0x11,"ff f4 ff 64 14 11 00 00"
2025-10-25 10:06:48,51.37,0xff,0xf4,0xff,0x64,0x14,0x11,"ff f4 ff 64 14 11 00 00"
2025-10-25 10:06:48,51.43,0xff,0xf4,0xff,0x64,0x14,0x17,"ff f4 ff 64 14 17 00 00"
2025-10-25 10:06:48,51.43,0xff,0xf4,0xff,0x64,0x14,0x17,"ff f4 ff 64 14 17 00 00"
2025-10-25 10:06:48,51.5,0xff,0xf4,0xff,0x64,0x14,0x1e,"ff f4 ff 64 14 1e 00 00"
2025-10-25 10:06:48,51.56,0xff,0xf4,0xff,0x64,0x14,0x24,"ff f4 ff 64 14 24 00 00"
2025-10-25 10:06:48,51.56,0xff,0xf4,0xff,0x64,0x14,0x24,"ff f4 ff 64 14 24 00 00"
2025-10-25 10:06:48,51.62,0xff,0xf4,0xff,0x64,0x14,0x2a,"ff f4 ff 64 14 2a 00 00"
2025-10-25 10:06:48,51.62,0xff,0xf4,0xff,0x64,0x14,0x2a,"ff f4 ff 64 14 2a 00 00"
2025-10-25 10:06:48,51.68,0xff,0xf4,0xff,0x64,0x14,0x30,"ff f4 ff 64 14 30 00 00"
2025-10-25 10:06:48,51.75,0xff,0xf4,0xff,0x64,0x14,0x37,"ff f4 ff 64 14 37 00 00"
2025-10-25 10:06:48,51.75,0xff,0xee,0xff,0x64,0x14,0x37,"ff ee ff 64 14 37 00 00"
2025-10-25 10:06:48,51.81,0xff,0xee,0xff,0x64,0x14,0x3d,"ff ee ff 64 14 3d 00 00"
2025-10-25 10:06:48,51.87,0xff,0xee,0xff,0x64,0x14,0x43,"ff ee ff 64 14 43 00 00"
2025-10-25 10:06:48,51.87,0xff,0xee,0xff,0x64,0x14,0x43,"ff ee ff 64 14 43 00 00"
2025-10-25 10:06:48,51.93,0xff,0xee,0xff,0x64,0x14,0x49,"ff ee ff 64 14 49 00 00"
2025-10-25 10:06:48,52,0xff,0xee,0xff,0x64,0x14,0x50,"ff ee ff 64 14 50 00 00"
2025-10-25 10:06:48,52.06,0xff,0xee,0xff,0x64,0x14,0x56,"ff ee ff 64 14 56 00 00"
2025-10-25 10:06:48,52.06,0xff,0xee,0xff,0x64,0x14,0x56,"ff ee ff 64 14 56 00 00"
2025-10-25 10:06:48,52.12,0xff,0xee,0xff,0x64,0x14,0x5c,"ff ee ff 64 14 5c 00 00"
2025-10-25 10:06:48,52.18,0xff,0xee,0xff,0x64,0x14,0x62,"ff ee ff 64 14 62 00 00"
2025-10-25 10:06:48,52.18,0xff,0xe7,0xff,0x64,0x14,0x62,"ff e7 ff 64 14 62 00 00"
2025-10-25 10:06:48,52.25,0xff,0xe7,0xff,0x64,0x14,0x69,"ff e7 ff 64 14 69 00 00"
2025-10-25 10:06:48,52.25,0xff,0xe7,0xff,0x64,0x14,0x69,"ff e7 ff 64 14 69 00 00"
2025-10-25 10:06:48,52.31,0xff,0xe7,0xff,0x64,0x14,0x6f,"ff e7 ff 64 14 6f 00 00"
2025-10-25 10:06:48,52.31,0xff,0xe7,0xff,0x64,0x14,0x6f,"ff e7 ff 64 14 6f 00 00"
2025-10-25 10:06:48,52.37,0xff,0xe7,0xff,0x64,0x14,0x75,"ff e7 ff 64 14 75 00 00"
2025-10-25 10:06:48,52.43,0xff,0xe7,0xff,0x64,0x14,0x7b,"ff e7 ff 64 14 7b 00 00"
2025-10-25 10:06:48,52.43,0xff,0xe7,0xff,0x64,0x14,0x7b,"ff e7 ff 64 14 7b 00 00"
2025-10-25 10:06:48,52.5,0xff,0xe7,0xff,0x64,0x14,0x82,"ff e7 ff 64 14 82 00 00"
2025-10-25 10:06:49,52.56,0xff,0xe7,0xff,0x64,0x14,0x88,"ff e7 ff 64 14 88 00 00"
2025-10-25 10:06:49,52.56,0xff,0xe7,0xff,0x64,0x14,0x88,"ff e7 ff 64 14 88 00 00"
2025-10-25 10:06:49,52.62,0xff,0xe7,0xff,0x64,0x14,0x8e,"ff e7 ff 64 14 8e 00 00"
2025-10-25 10:06:49,52.62,0xff,0xe1,0xff,0x64,0x14,0x8e,"ff e1 ff 64 14 8e 00 00"
2025-10-25 10:06:49,52.68,0xff,0xe1,0xff,0x64,0x14,0x94,"ff e1 ff 64 14 94 00 00"
2025-10-25 10:06:49,52.68,0xff,0xe1,0xff,0x64,0x14,0x94,"ff e1 ff 64 14 94 00 00"
2025-10-25 10:06:49,52.75,0xff,0xe1,0xff,0x64,0x14,0x9b,"ff e1 ff 64 14 9b 00 00"
2025-10-25 10:06:49,52.75,0xff,0xe1,0xff,0x64,0x14,0x9b,"ff e1 ff 64 14 9b 00 00"
2025-10-25 10:06:49,52.75,0xff,0xe1,0xff,0x64,0x14,0x9b,"ff e1 ff 64 14 9b 00 00"
2025-10-25 10:06:49,52.75,0xff,0xe1,0xff,0x64,0x14,0x9b,"ff e1 ff 64 14 9b 00 00"
2025-10-25 10:06:49,52.75,0xff,0xe1,0xff,0x64,0x14,0x9b,"ff e1 ff 64 14 9b 00 00"
2025-10-25 10:06:49,52.75,0xff,0xe1,0xff,0x64,0x14,0x9b,"ff e1 ff 64 14 9b 00 00"
2025-10-25 10:06:49,52.75,0xff,0xe1,0xff,0x64,0x14,0x9b,"ff e1 ff 64 14 9b 00 00"
2025-10-25 10:06:49,52.75,0xff,0xe1,0xff,0x64,0x14,0x9b,"ff e1 ff 64 14 9b 00 00"
2025-10-25 10:06:49,52.75,0xff,0xe1,0xff,0x64,0x14,0x9b,"ff e1 ff 64 14 9b 00 00"
2025-10-25 10:06:49,52.75,0xff,0xe1,0xff,0x64,0x14,0x9b,"ff e1 ff 64 14 9b 00 00"
2025-10-25 10:06:49,52.75,0xff,0xe1,0xff,0x64,0x14,0x9b,"ff e1 ff 64 14 9b 00 00"
2025-10-25 10:06:49,52.75,0xff,0xe1,0xff,0x64,0x14,0x9b,"ff e1 ff 64 14 9b 00 00"
2025-10-25 10:06:49,52.68,0xff,0xe1,0xff,0x64,0x14,0x94,"ff e1 ff 64 14 94 00 00"
2025-10-25 10:06:49,52.68,0xff,0xe1,0xff,0x64,0x14,0x94,"ff e1 ff 64 14 94 00 00"
2025-10-25 10:06:49,52.68,0xff,0xe1,0xff,0x64,0x14,0x94,"ff e1 ff 64 14 94 00 00"
2025-10-25 10:06:49,52.68,0xff,0xe1,0xff,0x64,0x14,0x94,"ff e1 ff 64 14 94 00 00"
2025-10-25 10:06:49,52.68,0xff,0xe1,0xff,0x64,0x14,0x94,"ff e1 ff 64 14 94 00 00"
2025-10-25 10:06:49,52.68,0xff,0xe1,0xff,0x64,0x14,0x94,"ff e1 ff 64 14 94 00 00"
2025-10-25 10:06:49,52.62,0xff,0xe1,0xff,0x64,0x14,0x8e,"ff e1 ff 64 14 8e 00 00"
2025-10-25 10:06:49,52.62,0xff,0xe1,0xff,0x64,0x14,0x8e,"ff e1 ff 64 14 8e 00 00"
2025-10-25 10:06:49,52.56,0xff,0xe1,0xff,0x64,0x14,0x88,"ff e1 ff 64 14 88 00 00"
2025-10-25 10:06:49,52.56,0xff,0xe1,0xff,0x64,0x14,0x88,"ff e1 ff 64 14 88 00 00"
2025-10-25 10:06:49,52.5,0xff,0xe1,0xff,0x64,0x14,0x82,"ff e1 ff 64 14 82 00 00"
2025-10-25 10:06:49,52.5,0xff,0xe1,0xff,0x64,0x14,0x82,"ff e1 ff 64 14 82 00 00"
2025-10-25 10:06:49,52.5,0xff,0xe1,0xff,0x64,0x14,0x82,"ff e1 ff 64 14 82 00 00"
2025-10-25 10:06:49,52.5,0xff,0xe1,0xff,0x64,0x14,0x82,"ff e1 ff 64 14 82 00 00"
2025-10-25 10:06:49,52.5,0xff,0xe1,0xff,0x64,0x14,0x82,"ff e1 ff 64 14 82 00 00"
2025-10-25 10:06:49,52.43,0xff,0xe1,0xff,0x64,0x14,0x7b,"ff e1 ff 64 14 7b 00 00"
2025-10-25 10:06:50,52.37,0xff,0xe1,0xff,0x64,0x14,0x75,"ff e1 ff 64 14 75 00 00"
2025-10-25 10:06:50,52.37,0xff,0xe1,0xff,0x64,0x14,0x75,"ff e1 ff 64 14 75 00 00"
2025-10-25 10:06:50,52.31,0xff,0xe1,0xff,0x64,0x14,0x6f,"ff e1 ff 64 14 6f 00 00"
2025-10-25 10:06:50,52.25,0xff,0xdb,0xff,0x64,0x14,0x69,"ff db ff 64 14 69 00 00"
2025-10-25 10:06:50,52.25,0xff,0xdb,0xff,0x64,0x14,0x69,"ff db ff 64 14 69 00 00"
2025-10-25 10:06:50,52.18,0xff,0xdb,0xff,0x64,0x14,0x62,"ff db ff 64 14 62 00 00"
2025-10-25 10:06:50,52.12,0xff,0xdb,0xff,0x64,0x14,0x5c,"ff db ff 64 14 5c 00 00"
2025-10-25 10:06:50,52.12,0xff,0xdb,0xff,0x64,0x14,0x5c,"ff db ff 64 14 5c 00 00"
2025-10-25 10:06:50,52.06,0xff,0xdb,0xff,0x64,0x14,0x56,"ff db ff 64 14 56 00 00"
2025-10-25 10:06:50,52,0xff,0xdb,0xff,0x64,0x14,0x50,"ff db ff 64 14 50 00 00"
2025-10-25 10:06:50,51.93,0xff,0xdb,0xff,0x64,0x14,0x49,"ff db ff 64 14 49 00 00"
2025-10-25 10:06:50,51.93,0xff,0xdb,0xff,0x64,0x14,0x49,"ff db ff 64 14 49 00 00"
2025-10-25 10:06:50,51.93,0xff,0xdb,0xff,0x64,0x14,0x49,"ff db ff 64 14 49 00 00"
2025-10-25 10:06:50,51.93,0xff,0xd5,0xff,0x64,0x14,0x49,"ff d5 ff 64 14 49 00 00"
2025-10-25 10:06:50,51.93,0xff,0xd5,0xff,0x64,0x14,0x49,"ff d5 ff 64 14 49 00 00"
2025-10-25 10:06:50,51.93,0xff,0xd5,0xff,0x5e,0x14,0x49,"ff d5 ff 5e 14 49 00 00"
2025-10-25 10:06:50,51.93,0xff,0xd5,0xff,0x5e,0x14,0x49,"ff d5 ff 5e 14 49 00 00"
2025-10-25 10:06:50,51.93,0xff,0xd5,0xff,0x5e,0x14,0x49,"ff d5 ff 5e 14 49 00 00"
2025-10-25 10:06:50,51.93,0xff,0xd5,0xff,0x5e,0x14,0x49,"ff d5 ff 5e 14 49 00 00"
2025-10-25 10:06:50,51.93,0xff,0xd5,0xff,0x5e,0x14,0x49,"ff d5 ff 5e 14 49 00 00"
2025-10-25 10:06:50,52,0xff,0xd5,0xff,0x5e,0x14,0x50,"ff d5 ff 5e 14 50 00 00"
2025-10-25 10:06:50,52.06,0xff,0xd5,0xff,0x5e,0x14,0x56,"ff d5 ff 5e 14 56 00 00"
2025-10-25 10:06:50,52.06,0xff,0xd5,0xff,0x5e,0x14,0x56,"ff d5 ff 5e 14 56 00 00"
2025-10-25 10:06:50,52.12,0xff,0xd5,0xff,0x5e,0x14,0x5c,"ff d5 ff 5e 14 5c 00 00"
2025-10-25 10:06:50,52.18,0xff,0xd5,0xff,0x5e,0x14,0x62,"ff d5 ff 5e 14 62 00 00"
2025-10-25 10:06:50,52.18,0xff,0xd5,0xff,0x5e,0x14,0x62,"ff d5 ff 5e 14 62 00 00"
2025-10-25 10:06:50,52.25,0xff,0xd5,0xff,0x5e,0x14,0x69,"ff d5 ff 5e 14 69 00 00"
2025-10-25 10:06:50,52.31,0xff,0xd5,0xff,0x5e,0x14,0x6f,"ff d5 ff 5e 14 6f 00 00"
2025-10-25 10:06:50,52.31,0xff,0xd5,0xff,0x5e,0x14,0x6f,"ff d5 ff 5e 14 6f 00 00"
2025-10-25 10:06:50,52.37,0xff,0xd5,0xff,0x5e,0x14,0x75,"ff d5 ff 5e 14 75 00 00"
2025-10-25 10:06:50,52.43,0xff,0xd5,0xff,0x5e,0x14,0x7b,"ff d5 ff 5e 14 7b 00 00"
2025-10-25 10:06:50,52.43,0xff,0xd5,0xff,0x5e,0x14,0x7b,"ff d5 ff 5e 14 7b 00 00"
2025-10-25 10:06:50,52.5,0xff,0xd5,0xff,0x5e,0x14,0x82,"ff d5 ff 5e 14 82 00 00"
2025-10-25 10:06:50,52.5,0xff,0xd5,0xff,0x5e,0x14,0x82,"ff d5 ff 5e 14 82 00 00"
2025-10-25 10:06:51,52.5,0xff,0xd5,0xff,0x64,0x14,0x82,"ff d5 ff 64 14 82 00 00"
2025-10-25 10:06:51,52.5,0xff,0xd5,0xff,0x64,0x14,0x82,"ff d5 ff 64 14 82 00 00"
2025-10-25 10:06:51,52.5,0xff,0xd5,0xff,0x64,0x14,0x82,"ff d5 ff 64 14 82 00 00"
2025-10-25 10:06:51,52.5,0xff,0xd5,0xff,0x64,0x14,0x82,"ff d5 ff 64 14 82 00 00"
2025-10-25 10:06:51,52.43,0xff,0xd5,0xff,0x64,0x14,0x7b,"ff d5 ff 64 14 7b 00 00"
2025-10-25 10:06:51,52.37,0xff,0xd5,0xff,0x64,0x14,0x75,"ff d5 ff 64 14 75 00 00"
2025-10-25 10:06:51,52.37,0xff,0xce,0xff,0x64,0x14,0x75,"ff ce ff 64 14 75 00 00"
2025-10-25 10:06:51,52.31,0xff,0xce,0xff,0x64,0x14,0x6f,"ff ce ff 64 14 6f 00 00"
2025-10-25 10:06:51,52.25,0xff,0xce,0xff,0x64,0x14,0x69,"ff ce ff 64 14 69 00 00"
2025-10-25 10:06:51,52.18,0xff,0xce,0xff,0x64,0x14,0x62,"ff ce ff 64 14 62 00 00"
2025-10-25 10:06:51,52.12,0xff,0xce,0xff,0x64,0x14,0x5c,"ff ce ff 64 14 5c 00 00"
2025-10-25 10:06:51,52,0xff,0xce,0xff,0x64,0x14,0x50,"ff ce ff 64 14 50 00 00"
2025-10-25 10:06:51,51.93,0xff,0xce,0xff,0x64,0x14,0x49,"ff ce ff 64 14 49 00 00"
2025-10-25 10:06:51,51.87,0xff,0xce,0xff,0x64,0x14,0x43,"ff ce ff 64 14 43 00 00"
2025-10-25 10:06:51,51.81,0xff,0xce,0xff,0x64,0x14,0x3d,"ff ce ff 64 14 3d 00 00"
2025-10-25 10:06:51,51.75,0xff,0xce,0xff,0x64,0x14,0x37,"ff ce ff 64 14 37 00 00"
2025-10-25 10:06:51,51.68,0xff,0xce,0xff,0x64,0x14,0x30,"ff ce ff 64 14 30 00 00"
2025-10-25 10:06:51,51.62,0xff,0xce,0xff,0x64,0x14,0x2a,"ff ce ff 64 14 2a 00 00"
2025-10-25 10:06:51,51.5,0xff,0xce,0xff,0x64,0x14,0x1e,"ff ce ff 64 14 1e 00 00"
2025-10-25 10:06:51,51.5,0xff,0xce,0xff,0x64,0x14,0x1e,"ff ce ff 64 14 1e 00 00"
2025-10-25 10:06:51,51.43,0xff,0xce,0xff,0x64,0x14,0x17,"ff ce ff 64 14 17 00 00"
2025-10-25 10:06:51,51.37,0xff,0xce,0xff,0x64,0x14,0x11,"ff ce ff 64 14 11 00 00"
2025-10-25 10:06:51,51.37,0xff,0xce,0xff,0x64,0x14,0x11,"ff ce ff 64 14 11 00 00"
2025-10-25 10:06:51,51.31,0xff,0xce,0xff,0x64,0x14,0x0b,"ff ce ff 64 14 0b 00 00"
2025-10-25 10:06:51,51.31,0xff,0xce,0xff,0x64,0x14,0x0b,"ff ce ff 64 14 0b 00 00"
2025-10-25 10:06:51,51.25,0xff,0xce,0xff,0x64,0x14,0x05,"ff ce ff 64 14 05 00 00"
2025-10-25 10:06:51,51.25,0xff,0xce,0xff,0x64,0x14,0x05,"ff ce ff 64 14 05 00 00"
2025-10-25 10:06:51,51.25,0xff,0xce,0xff,0x64,0x14,0x05,"ff ce ff 64 14 05 00 00"
2025-10-25 10:06:51,51.18,0xff,0xce,0xff,0x64,0x13,0xfe,"ff ce ff 64 13 fe 00 00"
2025-10-25 10:06:51,51.18,0xff,0xce,0xff,0x64,0x13,0xfe,"ff ce ff 64 13 fe 00 00"
2025-10-25 10:06:51,51.18,0xff,0xce,0xff,0x64,0x13,0xfe,"ff ce ff 64 13 fe 00 00"
2025-10-25 10:06:51,51.18,0xff,0xce,0xff,0x64,0x13,0xfe,"ff ce ff 64 13 fe 00 00"
2025-10-25 10:06:51,51.18,0xff,0xce,0xff,0x64,0x13,0xfe,"ff ce ff 64 13 fe 00 00"
2025-10-25 10:06:51,51.18,0xff,0xce,0xff,0x64,0x13,0xfe,"ff ce ff 64 13 fe 00 00"
2025-10-25 10:06:52,51.18,0xff,0xce,0xff,0x64,0x13,0xfe,"ff ce ff 64 13 fe 00 00"
2025-10-25 10:06:52,51.18,0xff,0xce,0xff,0x64,0x13,0xfe,"ff ce ff 64 13 fe 00 00"
2025-10-25 10:06:52,51.18,0xff,0xce,0xff,0x64,0x13,0xfe,"ff ce ff 64 13 fe 00 00"
2025-10-25 10:06:52,51.18,0xff,0xce,0xff,0x64,0x13,0xfe,"ff ce ff 64 13 fe 00 00"
2025-10-25 10:06:52,51.18,0xff,0xce,0xff,0x64,0x13,0xfe,"ff ce ff 64 13 fe 00 00"
2025-10-25 10:06:52,51.18,0xff,0xce,0xff,0x64,0x13,0xfe,"ff ce ff 64 13 fe 00 00"
2025-10-25 10:06:52,51.12,0xff,0xce,0xff,0x64,0x13,0xf8,"ff ce ff 64 13 f8 00 00"
2025-10-25 10:06:52,51.12,0xff,0xce,0xff,0x64,0x13,0xf8,"ff ce ff 64 13 f8 00 00"
2025-10-25 10:06:52,51.06,0xff,0xce,0xff,0x64,0x13,0xf2,"ff ce ff 64 13 f2 00 00"
2025-10-25 10:06:52,51.06,0xff,0xce,0xff,0x64,0x13,0xf2,"ff ce ff 64 13 f2 00 00"
2025-10-25 10:06:52,51,0xff,0xce,0xff,0x64,0x13,0xec,"ff ce ff 64 13 ec 00 00"
2025-10-25 10:06:52,51,0xff,0xce,0xff,0x64,0x13,0xec,"ff ce ff 64 13 ec 00 00"
2025-10-25 10:06:52,51,0xff,0xce,0xff,0x64,0x13,0xec,"ff ce ff 64 13 ec 00 00"
2025-10-25 10:06:52,50.93,0xff,0xce,0xff,0x64,0x13,0xe5,"ff ce ff 64 13 e5 00 00"
2025-10-25 10:06:52,50.93,0xff,0xce,0xff,0x64,0x13,0xe5,"ff ce ff 64 13 e5 00 00"
2025-10-25 10:06:52,50.93,0xff,0xce,0xff,0x64,0x13,0xe5,"ff ce ff 64 13 e5 00 00"
2025-10-25 10:06:52,50.93,0xff,0xce,0xff,0x64,0x13,0xe5,"ff ce ff 64 13 e5 00 00"
2025-10-25 10:06:52,50.93,0xff,0xce,0xff,0x64,0x13,0xe5,"ff ce ff 64 13 e5 00 00"
2025-10-25 10:06:52,50.87,0xff,0xce,0xff,0x64,0x13,0xdf,"ff ce ff 64 13 df 00 00"
2025-10-25 10:06:52,50.87,0xff,0xce,0xff,0x64,0x13,0xdf,"ff ce ff 64 13 df 00 00"
2025-10-25 10:06:52,50.87,0xff,0xce,0xff,0x64,0x13,0xdf,"ff ce ff 64 13 df 00 00"
2025-10-25 10:06:52,50.87,0xff,0xce,0xff,0x64,0x13,0xdf,"ff ce ff 64 13 df 00 00"
2025-10-25 10:06:52,50.87,0xff,0xce,0xff,0x64,0x13,0xdf,"ff ce ff 64 13 df 00 00"
2025-10-25 10:06:52,50.87,0xff,0xce,0xff,0x64,0x13,0xdf,"ff ce ff 64 13 df 00 00"
2025-10-25 10:06:52,50.87,0xff,0xce,0xff,0x64,0x13,0xdf,"ff ce ff 64 13 df 00 00"
2025-10-25 10:06:52,50.87,0xff,0xce,0xff,0x64,0x13,0xdf,"ff ce ff 64 13 df 00 00"
2025-10-25 10:06:52,50.87,0xff,0xce,0xff,0x64,0x13,0xdf,"ff ce ff 64 13 df 00 00"
2025-10-25 10:06:52,50.87,0xff,0xce,0xff,0x64,0x13,0xdf,"ff ce ff 64 13 df 00 00"
2025-10-25 10:06:52,50.93,0xff,0xce,0xff,0x64,0x13,0xe5,"ff ce ff 64 13 e5 00 00"
2025-10-25 10:06:52,51,0xff,0xc8,0xff,0x5e,0x13,0xec,"ff c8 ff 5e 13 ec 00 00"
2025-10-25 10:06:52,51.06,0xff,0xc8,0xff,0x5e,0x13,0xf2,"ff c8 ff 5e 13 f2 00 00"
2025-10-25 10:06:52,51.06,0xff,0xc8,0xff,0x5e,0x13,0xf2,"ff c8 ff 5e 13 f2 00 00"
2025-10-25 10:06:52,51.12,0xff,0xc8,0xff,0x5e,0x13,0xf8,"ff c8 ff 5e 13 f8 00 00"
2025-10-25 10:06:52,51.18,0xff,0xc8,0xff,0x5e,0x13,0xfe,"ff c8 ff 5e 13 fe 00 00"
2025-10-25 10:06:53,51.25,0xff,0xc8,0xff,0x5e,0x14,0x05,"ff c8 ff 5e 14 05 00 00"
2025-10-25 10:06:53,51.31,0xff,0xc8,0xff,0x5e,0x14,0x0b,"ff c8 ff 5e 14 0b 00 00"
2025-10-25 10:06:53,51.37,0xff,0xc8,0xff,0x5e,0x14,0x11,"ff c8 ff 5e 14 11 00 00"
2025-10-25 10:06:53,51.37,0xff,0xc8,0xff,0x5e,0x14,0x11,"ff c8 ff 5e 14 11 00 00"
2025-10-25 10:06:53,51.43,0xff,0xc8,0xff,0x5e,0x14,0x17,"ff c8 ff 5e 14 17 00 00"
2025-10-25 10:06:53,51.5,0xff,0xc8,0xff,0x5e,0x14,0x1e,"ff c8 ff 5e 14 1e 00 00"
2025-10-25 10:06:53,51.56,0xff,0xc8,0xff,0x5e,0x14,0x24,"ff c8 ff 5e 14 24 00 00"
2025-10-25 10:06:53,51.68,0xff,0xc8,0xff,0x5e,0x14,0x30,"ff c8 ff 5e 14 30 00 00"
2025-10-25 10:06:53,51.81,0xff,0xc8,0xff,0x58,0x14,0x3d,"ff c8 ff 58 14 3d 00 00"
2025-10-25 10:06:53,51.87,0xff,0xc8,0xff,0x58,0x14,0x43,"ff c8 ff 58 14 43 00 00"
2025-10-25 10:06:53,52,0xff,0xc8,0xff,0x58,0x14,0x50,"ff c8 ff 58 14 50 00 00"
2025-10-25 10:06:53,52.12,0xff,0xc8,0xff,0x58,0x14,0x5c,"ff c8 ff 58 14 5c 00 00"
2025-10-25 10:06:53,52.31,0xff,0xc8,0xff,0x58,0x14,0x6f,"ff c8 ff 58 14 6f 00 00"
2025-10-25 10:06:53,52.5,0xff,0xc8,0xff,0x58,0x14,0x82,"ff c8 ff 58 14 82 00 00"
2025-10-25 10:06:53,52.62,0xff,0xc8,0xff,0x58,0x14,0x8e,"ff c8 ff 58 14 8e 00 00"
2025-10-25 10:06:53,52.81,0xff,0xc8,0xff,0x58,0x14,0xa1,"ff c8 ff 58 14 a1 00 00"
2025-10-25 10:06:53,53,0xff,0xc8,0xff,0x51,0x14,0xb4,"ff c8 ff 51 14 b4 00 00"
2025-10-25 10:06:53,53.25,0xff,0xc8,0xff,0x51,0x14,0xcd,"ff c8 ff 51 14 cd 00 00"
2025-10-25 10:06:53,53.43,0xff,0xc8,0xff,0x51,0x14,0xdf,"ff c8 ff 51 14 df 00 00"
2025-10-25 10:06:53,53.62,0xff,0xc8,0xff,0x51,0x14,0xf2,"ff c8 ff 51 14 f2 00 00"
2025-10-25 10:06:53,53.87,0xff,0xc8,0xff,0x58,0x15,0x0b,"ff c8 ff 58 15 0b 00 00"
2025-10-25 10:06:53,54,0xff,0xce,0xff,0x58,0x15,0x18,"ff ce ff 58 15 18 00 00"
2025-10-25 10:06:53,54.06,0xff,0xce,0xff,0x5e,0x15,0x1e,"ff ce ff 5e 15 1e 00 00"
2025-10-25 10:06:53,54.18,0xff,0xce,0xff,0x5e,0x15,0x2a,"ff ce ff 5e 15 2a 00 00"
2025-10-25 10:06:53,54.25,0xff,0xce,0xff,0x64,0x15,0x31,"ff ce ff 64 15 31 00 00"
2025-10-25 10:06:53,54.31,0xff,0xce,0xff,0x64,0x15,0x37,"ff ce ff 64 15 37 00 00"
2025-10-25 10:06:53,54.37,0xff,0xce,0xff,0x64,0x15,0x3d,"ff ce ff 64 15 3d 00 00"
2025-10-25 10:06:53,54.43,0xff,0xce,0xff,0x64,0x15,0x43,"ff ce ff 64 15 43 00 00"
2025-10-25 10:06:53,54.43,0xff,0xce,0xff,0x64,0x15,0x43,"ff ce ff 64 15 43 00 00"
2025-10-25 10:06:53,54.5,0xff,0xce,0xff,0x64,0x15,0x4a,"ff ce ff 64 15 4a 00 00"
2025-10-25 10:06:53,54.5,0xff,0xce,0xff,0x64,0x15,0x4a,"ff ce ff 64 15 4a 00 00"
2025-10-25 10:06:53,54.56,0xff,0xce,0xff,0x64,0x15,0x50,"ff ce ff 64 15 50 00 00"
2025-10-25 10:06:53,54.56,0xff,0xce,0xff,0x64,0x15,0x50,"ff ce ff 64 15 50 00 00"
2025-10-25 10:06:53,54.56,0xff,0xce,0xff,0x64,0x15,0x50,"ff ce ff 64 15 50 00 00"
2025-10-25 10:06:54,54.62,0xff,0xce,0xff,0x64,0x15,0x56,"ff ce ff 64 15 56 00 00"
2025-10-25 10:06:54,54.68,0xff,0xce,0xff,0x64,0x15,0x5c,"ff ce ff 64 15 5c 00 00"
2025-10-25 10:06:54,54.75,0xff,0xce,0xff,0x5e,0x15,0x63,"ff ce ff 5e 15 63 00 00"
2025-10-25 10:06:54,54.81,0xff,0xce,0xff,0x5e,0x15,0x69,"ff ce ff 5e 15 69 00 00"
2025-10-25 10:06:54,54.87,0xff,0xce,0xff,0x5e,0x15,0x6f,"ff ce ff 5e 15 6f 00 00"
2025-10-25 10:06:54,54.93,0xff,0xce,0xff,0x5e,0x15,0x75,"ff ce ff 5e 15 75 00 00"
2025-10-25 10:06:54,55.06,0xff,0xce,0xff,0x5e,0x15,0x82,"ff ce ff 5e 15 82 00 00"
2025-10-25 10:06:54,55.12,0xff,0xce,0xff,0x5e,0x15,0x88,"ff ce ff 5e 15 88 00 00"
2025-10-25 10:06:54,55.18,0xff,0xce,0xff,0x5e,0x15,0x8e,"ff ce ff 5e 15 8e 00 00"
2025-10-25 10:06:54,55.25,0xff,0xce,0xff,0x5e,0x15,0x95,"ff ce ff 5e 15 95 00 00"
2025-10-25 10:06:54,55.37,0xff,0xce,0xff,0x5e,0x15,0xa1,"ff ce ff 5e 15 a1 00 00"
2025-10-25 10:06:54,55.43,0xff,0xce,0xff,0x5e,0x15,0xa7,"ff ce ff 5e 15 a7 00 00"
2025-10-25 10:06:54,55.56,0xff,0xce,0xff,0x5e,0x15,0xb4,"ff ce ff 5e 15 b4 00 00"
2025-10-25 10:06:54,55.62,0xff,0xce,0xff,0x5e,0x15,0xba,"ff ce ff 5e 15 ba 00 00"
2025-10-25 10:06:54,55.68,0xff,0xce,0xff,0x5e,0x15,0xc0,"ff ce ff 5e 15 c0 00 00"
2025-10-25 10:06:54,55.81,0xff,0xce,0xff,0x5e,0x15,0xcd,"ff ce ff 5e 15 cd 00 00"
2025-10-25 10:06:54,55.87,0xff,0xce,0xff,0x5e,0x15,0xd3,"ff ce ff 5e 15 d3 00 00"
2025-10-25 10:06:54,55.93,0xff,0xce,0xff,0x5e,0x15,0xd9,"ff ce ff 5e 15 d9 00 00"
2025-10-25 10:06:54,56,0xff,0xce,0xff,0x5e,0x15,0xe0,"ff ce ff 5e 15 e0 00 00"
2025-10-25 10:06:54,56.06,0xff,0xce,0xff,0x5e,0x15,0xe6,"ff ce ff 5e 15 e6 00 00"
2025-10-25 10:06:54,56.12,0xff,0xce,0xff,0x5e,0x15,0xec,"ff ce ff 5e 15 ec 00 00"
2025-10-25 10:06:54,56.18,0xff,0xce,0xff,0x5e,0x15,0xf2,"ff ce ff 5e 15 f2 00 00"
2025-10-25 10:06:54,56.25,0xff,0xce,0xff,0x5e,0x15,0xf9,"ff ce ff 5e 15 f9 00 00"
2025-10-25 10:06:54,56.31,0xff,0xce,0xff,0x5e,0x15,0xff,"ff ce ff 5e 15 ff 00 00"
2025-10-25 10:06:54,56.37,0xff,0xce,0xff,0x5e,0x16,0x05,"ff ce ff 5e 16 05 00 00"
2025-10-25 10:06:54,56.37,0xff,0xce,0xff,0x5e,0x16,0x05,"ff ce ff 5e 16 05 00 00"
2025-10-25 10:06:54,56.43,0xff,0xce,0xff,0x5e,0x16,0x0b,"ff ce ff 5e 16 0b 00 00"
2025-10-25 10:06:54,56.5,0xff,0xce,0xff,0x5e,0x16,0x12,"ff ce ff 5e 16 12 00 00"
2025-10-25 10:06:54,56.56,0xff,0xce,0xff,0x5e,0x16,0x18,"ff ce ff 5e 16 18 00 00"
2025-10-25 10:06:54,56.62,0xff,0xce,0xff,0x5e,0x16,0x1e,"ff ce ff 5e 16 1e 00 00"
2025-10-25 10:06:54,56.62,0xff,0xce,0xff,0x5e,0x16,0x1e,"ff ce ff 5e 16 1e 00 00"
2025-10-25 10:06:54,56.62,0xff,0xce,0xff,0x5e,0x16,0x1e,"ff ce ff 5e 16 1e 00 00"
2025-10-25 10:06:54,56.68,0xff,0xce,0xff,0x5e,0x16,0x24,"ff ce ff 5e 16 24 00 00"
2025-10-25 10:06:54,56.68,0xff,0xce,0xff,0x5e,0x16,0x24,"ff ce ff 5e 16 24 00 00"
2025-10-25 10:06:55,56.68,0xff,0xce,0xff,0x5e,0x16,0x24,"ff ce ff 5e 16 24 00 00"
2025-10-25 10:06:55,56.68,0xff,0xce,0xff,0x5e,0x16,0x24,"ff ce ff 5e 16 24 00 00"
2025-10-25 10:06:55,56.68,0xff,0xce,0xff,0x5e,0x16,0x24,"ff ce ff 5e 16 24 00 00"
2025-10-25 10:06:55,56.68,0xff,0xce,0xff,0x5e,0x16,0x24,"ff ce ff 5e 16 24 00 00"
2025-10-25 10:06:55,56.68,0xff,0xce,0xff,0x5e,0x16,0x24,"ff ce ff 5e 16 24 00 00"
2025-10-25 10:06:55,56.68,0xff,0xce,0xff,0x5e,0x16,0x24,"ff ce ff 5e 16 24 00 00"
2025-10-25 10:06:55,56.68,0xff,0xce,0xff,0x5e,0x16,0x24,"ff ce ff 5e 16 24 00 00"
2025-10-25 10:06:55,56.62,0xff,0xce,0xff,0x5e,0x16,0x1e,"ff ce ff 5e 16 1e 00 00"
2025-10-25 10:06:55,56.62,0xff,0xce,0xff,0x5e,0x16,0x1e,"ff ce ff 5e 16 1e 00 00"
2025-10-25 10:06:55,56.56,0xff,0xce,0xff,0x5e,0x16,0x18,"ff ce ff 5e 16 18 00 00"
2025-10-25 10:06:55,56.5,0xff,0xce,0xff,0x5e,0x16,0x12,"ff ce ff 5e 16 12 00 00"
2025-10-25 10:06:55,56.43,0xff,0xce,0xff,0x5e,0x16,0x0b,"ff ce ff 5e 16 0b 00 00"
2025-10-25 10:06:55,56.37,0xff,0xce,0xff,0x5e,0x16,0x05,"ff ce ff 5e 16 05 00 00"
2025-10-25 10:06:55,56.37,0xff,0xce,0xff,0x5e,0x16,0x05,"ff ce ff 5e 16 05 00 00"
2025-10-25 10:06:55,56.25,0xff,0xce,0xff,0x5e,0x15,0xf9,"ff ce ff 5e 15 f9 00 00"
2025-10-25 10:06:55,56.18,0xff,0xce,0xff,0x5e,0x15,0xf2,"ff ce ff 5e 15 f2 00 00"
2025-10-25 10:06:55,56.12,0xff,0xce,0xff,0x5e,0x15,0xec,"ff ce ff 5e 15 ec 00 00"
2025-10-25 10:06:55,56.06,0xff,0xce,0xff,0x5e,0x15,0xe6,"ff ce ff 5e 15 e6 00 00"
2025-10-25 10:06:55,55.93,0xff,0xce,0xff,0x5e,0x15,0xd9,"ff ce ff 5e 15 d9 00 00"
2025-10-25 10:06:55,55.87,0xff,0xce,0xff,0x5e,0x15,0xd3,"ff ce ff 5e 15 d3 00 00"
2025-10-25 10:06:55,55.75,0xff,0xce,0xff,0x5e,0x15,0xc7,"ff ce ff 5e 15 c7 00 00"
2025-10-25 10:06:55,55.68,0xff,0xce,0xff,0x5e,0x15,0xc0,"ff ce ff 5e 15 c0 00 00"
2025-10-25 10:06:55,55.62,0xff,0xce,0xff,0x5e,0x15,0xba,"ff ce ff 5e 15 ba 00 00"
2025-10-25 10:06:55,55.5,0xff,0xce,0xff,0x5e,0x15,0xae,"ff ce ff 5e 15 ae 00 00"
2025-10-25 10:06:55,55.43,0xff,0xce,0xff,0x5e,0x15,0xa7,"ff ce ff 5e 15 a7 00 00"
2025-10-25 10:06:55,55.31,0xff,0xce,0xff,0x5e,0x15,0x9b,"ff ce ff 5e 15 9b 00 00"
2025-10-25 10:06:55,55.25,0xff,0xce,0xff,0x5e,0x15,0x95,"ff ce ff 5e 15 95 00 00"
2025-10-25 10:06:55,55.18,0xff,0xce,0xff,0x5e,0x15,0x8e,"ff ce ff 5e 15 8e 00 00"
2025-10-25 10:06:55,55.06,0xff,0xce,0xff,0x5e,0x15,0x82,"ff ce ff 5e 15 82 00 00"
2025-10-25 10:06:55,55,0xff,0xce,0xff,0x5e,0x15,0x7c,"ff ce ff 5e 15 7c 00 00"
2025-10-25 10:06:55,54.87,0xff,0xce,0xff,0x5e,0x15,0x6f,"ff ce ff 5e 15 6f 00 00"
2025-10-25 10:06:55,54.81,0xff,0xc8,0xff,0x5e,0x15,0x69,"ff c8 ff 5e 15 69 00 00"
2025-10-25 10:06:55,54.68,0xff,0xc8,0xff,0x5e,0x15,0x5c,"ff c8 ff 5e 15 5c 00 00"
2025-10-25 10:06:55,54.62,0xff,0xc8,0xff,0x5e,0x15,0x56,"ff c8 ff 5e 15 56 00 00"
2025-10-25 10:06:56,54.5,0xff,0xc2,0xff,0x5e,0x15,0x4a,"ff c2 ff 5e 15 4a 00 00"
2025-10-25 10:06:56,54.43,0xff,0xc2,0xff,0x5e,0x15,0x43,"ff c2 ff 5e 15 43 00 00"
2025-10-25 10:06:56,54.37,0xff,0xc2,0xff,0x5e,0x15,0x3d,"ff c2 ff 5e 15 3d 00 00"
2025-10-25 10:06:56,54.25,0xff,0xc2,0xff,0x5e,0x15,0x31,"ff c2 ff 5e 15 31 00 00"
2025-10-25 10:06:56,54.18,0xff,0xc2,0xff,0x5e,0x15,0x2a,"ff c2 ff 5e 15 2a 00 00"
2025-10-25 10:06:56,54.12,0xff,0xc2,0xff,0x5e,0x15,0x24,"ff c2 ff 5e 15 24 00 00"
2025-10-25 10:06:56,54.06,0xff,0xc2,0xff,0x5e,0x15,0x1e,"ff c2 ff 5e 15 1e 00 00"
2025-10-25 10:06:56,54,0xff,0xc2,0xff,0x5e,0x15,0x18,"ff c2 ff 5e 15 18 00 00"
2025-10-25 10:06:56,53.93,0xff,0xc2,0xff,0x5e,0x15,0x11,"ff c2 ff 5e 15 11 00 00"
2025-10-25 10:06:56,53.81,0xff,0xc2,0xff,0x5e,0x15,0x05,"ff c2 ff 5e 15 05 00 00"
2025-10-25 10:06:56,53.75,0xff,0xc2,0xff,0x5e,0x14,0xff,"ff c2 ff 5e 14 ff 00 00"
2025-10-25 10:06:56,53.68,0xff,0xc2,0xff,0x5e,0x14,0xf8,"ff c2 ff 5e 14 f8 00 00"
2025-10-25 10:06:56,53.62,0xff,0xbc,0xff,0x5e,0x14,0xf2,"ff bc ff 5e 14 f2 00 00"
2025-10-25 10:06:56,53.56,0xff,0xbc,0xff,0x5e,0x14,0xec,"ff bc ff 5e 14 ec 00 00"
2025-10-25 10:06:56,53.5,0xff,0xbc,0xff,0x5e,0x14,0xe6,"ff bc ff 5e 14 e6 00 00"
2025-10-25 10:06:56,53.43,0xff,0xbc,0xff,0x5e,0x14,0xdf,"ff bc ff 5e 14 df 00 00"
2025-10-25 10:06:56,53.43,0xff,0xbc,0xff,0x5e,0x14,0xdf,"ff bc ff 5e 14 df 00 00"
2025-10-25 10:06:56,53.37,0xff,0xc2,0xff,0x5e,0x14,0xd9,"ff c2 ff 5e 14 d9 00 00"
2025-10-25 10:06:56,53.31,0xff,0xc2,0xff,0x5e,0x14,0xd3,"ff c2 ff 5e 14 d3 00 00"
2025-10-25 10:06:56,53.31,0xff,0xc2,0xff,0x5e,0x14,0xd3,"ff c2 ff 5e 14 d3 00 00"
2025-10-25 10:06:56,53.25,0xff,0xbc,0xff,0x5e,0x14,0xcd,"ff bc ff 5e 14 cd 00 00"
2025-10-25 10:06:56,53.18,0xff,0xbc,0xff,0x5e,0x14,0xc6,"ff bc ff 5e 14 c6 00 00"
2025-10-25 10:06:56,53.18,0xff,0xbc,0xff,0x5e,0x14,0xc6,"ff bc ff 5e 14 c6 00 00"
2025-10-25 10:06:56,53.12,0xff,0xbc,0xff,0x5e,0x14,0xc0,"ff bc ff 5e 14 c0 00 00"
2025-10-25 10:06:56,53.12,0xff,0xbc,0xff,0x5e,0x14,0xc0,"ff bc ff 5e 14 c0 00 00"
2025-10-25 10:06:56,53.06,0xff,0xbc,0xff,0x5e,0x14,0xba,"ff bc ff 5e 14 ba 00 00"
2025-10-25 10:06:56,53.06,0xff,0xbc,0xff,0x58,0x14,0xba,"ff bc ff 58 14 ba 00 00"
2025-10-25 10:06:56,53.06,0xff,0xbc,0xff,0x58,0x14,0xba,"ff bc ff 58 14 ba 00 00"
2025-10-25 10:06:56,53.06,0xff,0xbc,0xff,0x58,0x14,0xba,"ff bc ff 58 14 ba 00 00"
2025-10-25 10:06:56,53.06,0xff,0xbc,0xff,0x58,0x14,0xba,"ff bc ff 58 14 ba 00 00"
2025-10-25 10:06:56,53.12,0xff,0xbc,0xff,0x58,0x14,0xc0,"ff bc ff 58 14 c0 00 00"
2025-10-25 10:06:56,53.18,0xff,0xbc,0xff,0x51,0x14,0xc6,"ff bc ff 51 14 c6 00 00"
2025-10-25 10:06:56,53.31,0xff,0xbc,0xff,0x51,0x14,0xd3,"ff bc ff 51 14 d3 00 00"
2025-10-25 10:06:56,53.37,0xff,0xbc,0xff,0x51,0x14,0xd9,"ff bc ff 51 14 d9 00 00"
2025-10-25 10:06:57,53.5,0xff,0xbc,0xff,0x4b,0x14,0xe6,"ff bc ff 4b 14 e6 00 00"
2025-10-25 10:06:57,53.62,0xff,0xbc,0xff,0x4b,0x14,0xf2,"ff bc ff 4b 14 f2 00 00"
2025-10-25 10:06:57,53.75,0xff,0xbc,0xff,0x4b,0x14,0xff,"ff bc ff 4b 14 ff 00 00"
2025-10-25 10:06:57,53.87,0xff,0xbc,0xff,0x4b,0x15,0x0b,"ff bc ff 4b 15 0b 00 00"
2025-10-25 10:06:57,54,0xff,0xbc,0xff,0x4b,0x15,0x18,"ff bc ff 4b 15 18 00 00"
2025-10-25 10:06:57,54.18,0xff,0xbc,0xff,0x4b,0x15,0x2a,"ff bc ff 4b 15 2a 00 00"
2025-10-25 10:06:57,54.31,0xff,0xbc,0xff,0x4b,0x15,0x37,"ff bc ff 4b 15 37 00 00"
2025-10-25 10:06:57,54.5,0xff,0xbc,0xff,0x4b,0x15,0x4a,"ff bc ff 4b 15 4a 00 00"
2025-10-25 10:06:57,54.62,0xff,0xbc,0xff,0x4b,0x15,0x56,"ff bc ff 4b 15 56 00 00"
2025-10-25 10:06:57,54.81,0xff,0xbc,0xff,0x4b,0x15,0x69,"ff bc ff 4b 15 69 00 00"
2025-10-25 10:06:57,54.93,0xff,0xc2,0xff,0x4b,0x15,0x75,"ff c2 ff 4b 15 75 00 00"
2025-10-25 10:06:57,55.12,0xff,0xc2,0xff,0x4b,0x15,0x88,"ff c2 ff 4b 15 88 00 00"
2025-10-25 10:06:57,55.37,0xff,0xc2,0xff,0x4b,0x15,0xa1,"ff c2 ff 4b 15 a1 00 00"
2025-10-25 10:06:57,55.5,0xff,0xc2,0xff,0x4b,0x15,0xae,"ff c2 ff 4b 15 ae 00 00"
2025-10-25 10:06:57,55.68,0xff,0xc2,0xff,0x4b,0x15,0xc0,"ff c2 ff 4b 15 c0 00 00"
2025-10-25 10:06:57,55.75,0xff,0xc2,0xff,0x4b,0x15,0xc7,"ff c2 ff 4b 15 c7 00 00"
2025-10-25 10:06:57,55.93,0xff,0xc2,0xff,0x4b,0x15,0xd9,"ff c2 ff 4b 15 d9 00 00"
2025-10-25 10:06:57,56.06,0xff,0xc2,0xff,0x4b,0x15,0xe6,"ff c2 ff 4b 15 e6 00 00"
2025-10-25 10:06:57,56.25,0xff,0xc2,0xff,0x4b,0x15,0xf9,"ff c2 ff 4b 15 f9 00 00"
2025-10-25 10:06:57,56.37,0xff,0xc2,0xff,0x4b,0x16,0x05,"ff c2 ff 4b 16 05 00 00"
2025-10-25 10:06:57,56.5,0xff,0xc2,0xff,0x4b,0x16,0x12,"ff c2 ff 4b 16 12 00 00"
2025-10-25 10:06:57,56.62,0xff,0xc2,0xff,0x4b,0x16,0x1e,"ff c2 ff 4b 16 1e 00 00"
2025-10-25 10:06:57,56.75,0xff,0xc2,0xff,0x4b,0x16,0x2b,"ff c2 ff 4b 16 2b 00 00"
2025-10-25 10:06:57,56.87,0xff,0xc8,0xff,0x4b,0x16,0x37,"ff c8 ff 4b 16 37 00 00"
2025-10-25 10:06:57,57,0xff,0xc8,0xff,0x4b,0x16,0x44,"ff c8 ff 4b 16 44 00 00"
2025-10-25 10:06:57,57.12,0xff,0xc8,0xff,0x4b,0x16,0x50,"ff c8 ff 4b 16 50 00 00"
2025-10-25 10:06:57,57.25,0xff,0xc8,0xff,0x4b,0x16,0x5d,"ff c8 ff 4b 16 5d 00 00"
2025-10-25 10:06:57,57.37,0xff,0xc8,0xff,0x4b,0x16,0x69,"ff c8 ff 4b 16 69 00 00"
2025-10-25 10:06:57,57.5,0xff,0xc8,0xff,0x4b,0x16,0x76,"ff c8 ff 4b 16 76 00 00"
2025-10-25 10:06:57,57.62,0xff,0xc8,0xff,0x4b,0x16,0x82,"ff c8 ff 4b 16 82 00 00"
2025-10-25 10:06:57,57.75,0xff,0xc8,0xff,0x4b,0x16,0x8f,"ff c8 ff 4b 16 8f 00 00"
2025-10-25 10:06:57,57.87,0xff,0xc8,0xff,0x4b,0x16,0x9b,"ff c8 ff 4b 16 9b 00 00"
2025-10-25 10:06:57,58,0xff,0xc8,0xff,0x4b,0x16,0xa8,"ff c8 ff 4b 16 a8 00 00"
2025-10-25 10:06:57,58.12,0xff,0xc8,0xff,0x4b,0x16,0xb4,"ff c8 ff 4b 16 b4 00 00"
2025-10-25 10:06:57,58.18,0xff,0xc8,0xff,0x4b,0x16,0xba,"ff c8 ff 4b 16 ba 00 00"
2025-10-25 10:06:58,58.31,0xff,0xc8,0xff,0x4b,0x16,0xc7,"ff c8 ff 4b 16 c7 00 00"
2025-10-25 10:06:58,58.43,0xff,0xc8,0xff,0x4b,0x16,0xd3,"ff c8 ff 4b 16 d3 00 00"
2025-10-25 10:06:58,58.56,0xff,0xc8,0xff,0x4b,0x16,0xe0,"ff c8 ff 4b 16 e0 00 00"
2025-10-25 10:06:58,58.68,0xff,0xc8,0xff,0x4b,0x16,0xec,"ff c8 ff 4b 16 ec 00 00"
2025-10-25 10:06:58,58.75,0xff,0xc8,0xff,0x4b,0x16,0xf3,"ff c8 ff 4b 16 f3 00 00"
2025-10-25 10:06:58,58.87,0xff,0xce,0xff,0x4b,0x16,0xff,"ff ce ff 4b 16 ff 00 00"
2025-10-25 10:06:58,59,0xff,0xce,0xff,0x4b,0x17,0x0c,"ff ce ff 4b 17 0c 00 00"
2025-10-25 10:06:58,59.06,0xff,0xce,0xff,0x4b,0x17,0x12,"ff ce ff 4b 17 12 00 00"
2025-10-25 10:06:58,59.18,0xff,0xce,0xff,0x4b,0x17,0x1e,"ff ce ff 4b 17 1e 00 00"
2025-10-25 10:06:58,59.31,0xff,0xce,0xff,0x4b,0x17,0x2b,"ff ce ff 4b 17 2b 00 00"
2025-10-25 10:06:58,59.37,0xff,0xce,0xff,0x4b,0x17,0x31,"ff ce ff 4b 17 31 00 00"
2025-10-25 10:06:58,59.5,0xff,0xce,0xff,0x4b,0x17,0x3e,"ff ce ff 4b 17 3e 00 00"
2025-10-25 10:06:58,59.62,0xff,0xce,0xff,0x4b,0x17,0x4a,"ff ce ff 4b 17 4a 00 00"
2025-10-25 10:06:58,59.68,0xff,0xce,0xff,0x4b,0x17,0x50,"ff ce ff 4b 17 50 00 00"
2025-10-25 10:06:58,59.81,0xff,0xce,0xff,0x4b,0x17,0x5d,"ff ce ff 4b 17 5d 00 00"
2025-10-25 10:06:58,59.93,0xff,0xce,0xff,0x4b,0x17,0x69,"ff ce ff 4b 17 69 00 00"
2025-10-25 10:06:58,60,0xff,0xce,0xff,0x4b,0x17,0x70,"ff ce ff 4b 17 70 00 00"
2025-10-25 10:06:58,60.12,0xff,0xce,0xff,0x4b,0x17,0x7c,"ff ce ff 4b 17 7c 00 00"
2025-10-25 10:06:58,60.25,0xff,0xce,0xff,0x4b,0x17,0x89,"ff ce ff 4b 17 89 00 00"
2025-10-25 10:06:58,60.37,0xff,0xce,0xff,0x4b,0x17,0x95,"ff ce ff 4b 17 95 00 00"
2025-10-25 10:06:58,60.43,0xff,0xce,0xff,0x4b,0x17,0x9b,"ff ce ff 4b 17 9b 00 00"
2025-10-25 10:06:58,60.56,0xff,0xce,0xff,0x4b,0x17,0xa8,"ff ce ff 4b 17 a8 00 00"
2025-10-25 10:06:58,60.62,0xff,0xce,0xff,0x4b,0x17,0xae,"ff ce ff 4b 17 ae 00 00"
2025-10-25 10:06:58,60.68,0xff,0xce,0xff,0x45,0x17,0xb4,"ff ce ff 45 17 b4 00 00"
2025-10-25 10:06:58,60.75,0xff,0xd5,0xff,0x45,0x17,0xbb,"ff d5 ff 45 17 bb 00 00"
2025-10-25 10:06:58,60.87,0xff,0xd5,0xff,0x45,0x17,0xc7,"ff d5 ff 45 17 c7 00 00"
2025-10-25 10:06:58,60.93,0xff,0xd5,0xff,0x45,0x17,0xcd,"ff d5 ff 45 17 cd 00 00"
2025-10-25 10:06:58,61,0xff,0xd5,0xff,0x45,0x17,0xd4,"ff d5 ff 45 17 d4 00 00"
2025-10-25 10:06:58,61.06,0xff,0xd5,0xff,0x45,0x17,0xda,"ff d5 ff 45 17 da 00 00"
2025-10-25 10:06:58,61.18,0xff,0xd5,0xff,0x45,0x17,0xe6,"ff d5 ff 45 17 e6 00 00"
2025-10-25 10:06:58,61.25,0xff,0xd5,0xff,0x45,0x17,0xed,"ff d5 ff 45 17 ed 00 00"
2025-10-25 10:06:58,61.31,0xff,0xd5,0xff,0x45,0x17,0xf3,"ff d5 ff 45 17 f3 00 00"
2025-10-25 10:06:58,61.43,0xff,0xd5,0xff,0x45,0x17,0xff,"ff d5 ff 45 17 ff 00 00"
2025-10-25 10:06:58,61.5,0xff,0xd5,0xff,0x45,0x18,0x06,"ff d5 ff 45 18 06 00 00"
2025-10-25 10:06:59,61.56,0xff,0xd5,0xff,0x45,0x18,0x0c,"ff d5 ff 45 18 0c 00 00"
2025-10-25 10:06:59,61.68,0xff,0xd5,0xff,0x45,0x18,0x18,"ff d5 ff 45 18 18 00 00"
2025-10-25 10:06:59,61.75,0xff,0xd5,0xff,0x45,0x18,0x1f,"ff d5 ff 45 18 1f 00 00"
2025-10-25 10:06:59,61.81,0xff,0xd5,0xff,0x45,0x18,0x25,"ff d5 ff 45 18 25 00 00"
2025-10-25 10:06:59,61.87,0xff,0xd5,0xff,0x45,0x18,0x2b,"ff d5 ff 45 18 2b 00 00"
2025-10-25 10:06:59,62,0xff,0xd5,0xff,0x45,0x18,0x38,"ff d5 ff 45 18 38 00 00"
2025-10-25 10:06:59,62.06,0xff,0xd5,0xff,0x45,0x18,0x3e,"ff d5 ff 45 18 3e 00 00"
2025-10-25 10:06:59,62.18,0xff,0xd5,0xff,0x45,0x18,0x4a,"ff d5 ff 45 18 4a 00 00"
2025-10-25 10:06:59,62.25,0xff,0xd5,0xff,0x45,0x18,0x51,"ff d5 ff 45 18 51 00 00"
2025-10-25 10:06:59,62.31,0xff,0xd5,0xff,0x45,0x18,0x57,"ff d5 ff 45 18 57 00 00"
2025-10-25 10:06:59,62.43,0xff,0xd5,0xff,0x45,0x18,0x63,"ff d5 ff 45 18 63 00 00"
2025-10-25 10:06:59,62.5,0xff,0xd5,0xff,0x45,0x18,0x6a,"ff d5 ff 45 18 6a 00 00"
2025-10-25 10:06:59,62.56,0xff,0xd5,0xff,0x45,0x18,0x70,"ff d5 ff 45 18 70 00 00"
2025-10-25 10:06:59,62.62,0xff,0xd5,0xff,0x45,0x18,0x76,"ff d5 ff 45 18 76 00 00"
2025-10-25 10:06:59,62.68,0xff,0xdb,0xff,0x45,0x18,0x7c,"ff db ff 45 18 7c 00 00"
2025-10-25 10:06:59,62.75,0xff,0xdb,0xff,0x45,0x18,0x83,"ff db ff 45 18 83 00 00"
2025-10-25 10:06:59,62.81,0xff,0xdb,0xff,0x45,0x18,0x89,"ff db ff 45 18 89 00 00"
2025-10-25 10:06:59,62.81,0xff,0xdb,0xff,0x45,0x18,0x89,"ff db ff 45 18 89 00 00"
2025-10-25 10:06:59,62.87,0xff,0xdb,0xff,0x45,0x18,0x8f,"ff db ff 45 18 8f 00 00"
2025-10-25 10:06:59,62.93,0xff,0xdb,0xff,0x45,0x18,0x95,"ff db ff 45 18 95 00 00"
2025-10-25 10:06:59,62.93,0xff,0xdb,0xff,0x45,0x18,0x95,"ff db ff 45 18 95 00 00"
2025-10-25 10:06:59,63,0xff,0xdb,0xff,0x45,0x18,0x9c,"ff db ff 45 18 9c 00 00"
2025-10-25 10:06:59,63,0xff,0xdb,0xff,0x45,0x18,0x9c,"ff db ff 45 18 9c 00 00"
2025-10-25 10:06:59,63,0xff,0xdb,0xff,0x45,0x18,0x9c,"ff db ff 45 18 9c 00 00"
2025-10-25 10:06:59,63,0xff,0xdb,0xff,0x45,0x18,0x9c,"ff db ff 45 18 9c 00 00"
2025-10-25 10:06:59,63,0xff,0xdb,0xff,0x45,0x18,0x9c,"ff db ff 45 18 9c 00 00"
2025-10-25 10:06:59,63,0xff,0xdb,0xff,0x45,0x18,0x9c,"ff db ff 45 18 9c 00 00"
2025-10-25 10:06:59,63,0xff,0xdb,0xff,0x45,0x18,0x9c,"ff db ff 45 18 9c 00 00"
2025-10-25 10:06:59,63,0xff,0xdb,0xff,0x45,0x18,0x9c,"ff db ff 45 18 9c 00 00"
2025-10-25 10:06:59,63,0xff,0xdb,0xff,0x45,0x18,0x9c,"ff db ff 45 18 9c 00 00"
2025-10-25 10:06:59,63,0xff,0xdb,0xff,0x45,0x18,0x9c,"ff db ff 45 18 9c 00 00"
2025-10-25 10:06:59,63,0xff,0xdb,0xff,0x45,0x18,0x9c,"ff db ff 45 18 9c 00 00"
2025-10-25 10:06:59,63,0xff,0xdb,0xff,0x45,0x18,0x9c,"ff db ff 45 18 9c 00 00"
2025-10-25 10:06:59,63,0xff,0xdb,0xff,0x45,0x18,0x9c,"ff db ff 45 18 9c 00 00"
2025-10-25 10:07:00,63,0xff,0xdb,0xff,0x45,0x18,0x9c,"ff db ff 45 18 9c 00 00"
2025-10-25 10:07:00,63,0xff,0xdb,0xff,0x45,0x18,0x9c,"ff db ff 45 18 9c 00 00"
2025-10-25 10:07:00,63,0xff,0xdb,0xff,0x45,0x18,0x9c,"ff db ff 45 18 9c 00 00"
2025-10-25 10:07:00,63,0xff,0xdb,0xff,0x45,0x18,0x9c,"ff db ff 45 18 9c 00 00"
2025-10-25 10:07:00,63,0xff,0xdb,0xff,0x45,0x18,0x9c,"ff db ff 45 18 9c 00 00"
2025-10-25 10:07:00,63,0xff,0xdb,0xff,0x45,0x18,0x9c,"ff db ff 45 18 9c 00 00"
2025-10-25 10:07:00,63,0xff,0xdb,0xff,0x45,0x18,0x9c,"ff db ff 45 18 9c 00 00"
2025-10-25 10:07:00,63,0xff,0xdb,0xff,0x45,0x18,0x9c,"ff db ff 45 18 9c 00 00"
2025-10-25 10:07:00,62.93,0xff,0xd5,0xff,0x45,0x18,0x95,"ff d5 ff 45 18 95 00 00"
2025-10-25 10:07:00,62.93,0xff,0xd5,0xff,0x45,0x18,0x95,"ff d5 ff 45 18 95 00 00"
2025-10-25 10:07:00,62.87,0xff,0xd5,0xff,0x45,0x18,0x8f,"ff d5 ff 45 18 8f 00 00"
2025-10-25 10:07:00,62.81,0xff,0xdb,0xff,0x4b,0x18,0x89,"ff db ff 4b 18 89 00 00"
2025-10-25 10:07:00,62.75,0xff,0xdb,0xff,0x4b,0x18,0x83,"ff db ff 4b 18 83 00 00"
2025-10-25 10:07:00,62.75,0xff,0xdb,0xff,0x4b,0x18,0x83,"ff db ff 4b 18 83 00 00"
2025-10-25 10:07:00,62.68,0xff,0xdb,0xff,0x4b,0x18,0x7c,"ff db ff 4b 18 7c 00 00"
2025-10-25 10:07:00,62.62,0xff,0xdb,0xff,0x4b,0x18,0x76,"ff db ff 4b 18 76 00 00"
2025-10-25 10:07:00,62.56,0xff,0xdb,0xff,0x4b,0x18,0x70,"ff db ff 4b 18 70 00 00"
2025-10-25 10:07:00,62.43,0xff,0xdb,0xff,0x4b,0x18,0x63,"ff db ff 4b 18 63 00 00"
2025-10-25 10:07:00,62.37,0xff,0xdb,0xff,0x4b,0x18,0x5d,"ff db ff 4b 18 5d 00 00"
2025-10-25 10:07:00,62.31,0xff,0xd5,0xff,0x4b,0x18,0x57,"ff d5 ff 4b 18 57 00 00"
2025-10-25 10:07:00,62.25,0xff,0xd5,0xff,0x4b,0x18,0x51,"ff d5 ff 4b 18 51 00 00"
2025-10-25 10:07:00,62.18,0xff,0xd5,0xff,0x4b,0x18,0x4a,"ff d5 ff 4b 18 4a 00 00"
2025-10-25 10:07:00,62.12,0xff,0xd5,0xff,0x4b,0x18,0x44,"ff d5 ff 4b 18 44 00 00"
2025-10-25 10:07:00,62.06,0xff,0xd5,0xff,0x4b,0x18,0x3e,"ff d5 ff 4b 18 3e 00 00"
2025-10-25 10:07:00,62,0xff,0xd5,0xff,0x4b,0x18,0x38,"ff d5 ff 4b 18 38 00 00"
2025-10-25 10:07:00,61.93,0xff,0xd5,0xff,0x4b,0x18,0x31,"ff d5 ff 4b 18 31 00 00"
2025-10-25 10:07:00,61.93,0xff,0xd5,0xff,0x4b,0x18,0x31,"ff d5 ff 4b 18 31 00 00"
2025-10-25 10:07:00,61.93,0xff,0xd5,0xff,0x4b,0x18,0x31,"ff d5 ff 4b 18 31 00 00"
2025-10-25 10:07:00,62,0xff,0xd5,0xff,0x45,0x18,0x38,"ff d5 ff 45 18 38 00 00"
2025-10-25 10:07:00,62.06,0xff,0xd5,0xff,0x45,0x18,0x3e,"ff d5 ff 45 18 3e 00 00"
2025-10-25 10:07:00,62.06,0xff,0xce,0xff,0x45,0x18,0x3e,"ff ce ff 45 18 3e 00 00"
2025-10-25 10:07:00,62.18,0xff,0xce,0xff,0x45,0x18,0x4a,"ff ce ff 45 18 4a 00 00"
2025-10-25 10:07:00,62.25,0xff,0xce,0xff,0x45,0x18,0x51,"ff ce ff 45 18 51 00 00"
2025-10-25 10:07:01,62.37,0xff,0xce,0xff,0x45,0x18,0x5d,"ff ce ff 45 18 5d 00 00"
2025-10-25 10:07:01,62.43,0xff,0xce,0xff,0x45,0x18,0x63,"ff ce ff 45 18 63 00 00"
2025-10-25 10:07:01,62.56,0xff,0xce,0xff,0x45,0x18,0x70,"ff ce ff 45 18 70 00 00"
2025-10-25 10:07:01,62.68,0xff,0xce,0xff,0x45,0x18,0x7c,"ff ce ff 45 18 7c 00 00"
2025-10-25 10:07:01,62.87,0xff,0xce,0xff,0x45,0x18,0x8f,"ff ce ff 45 18 8f 00 00"
2025-10-25 10:07:01,63,0xff,0xce,0xff,0x3f,0x18,0x9c,"ff ce ff 3f 18 9c 00 00"
2025-10-25 10:07:01,63.12,0xff,0xce,0xff,0x3f,0x18,0xa8,"ff ce ff 3f 18 a8 00 00"
2025-10-25 10:07:01,63.31,0xff,0xce,0xff,0x3f,0x18,0xbb,"ff ce ff 3f 18 bb 00 00"
2025-10-25 10:07:01,63.5,0xff,0xce,0xff,0x3f,0x18,0xce,"ff ce ff 3f 18 ce 00 00"
2025-10-25 10:07:01,63.68,0xff,0xce,0xff,0x3f,0x18,0xe0,"ff ce ff 3f 18 e0 00 00"
2025-10-25 10:07:01,63.93,0xff,0xd5,0xff,0x3f,0x18,0xf9,"ff d5 ff 3f 18 f9 00 00"
2025-10-25 10:07:01,64.12,0xff,0xd5,0xff,0x3f,0x19,0x0c,"ff d5 ff 3f 19 0c 00 00"
2025-10-25 10:07:01,64.31,0xff,0xd5,0xff,0x3f,0x19,0x1f,"ff d5 ff 3f 19 1f 00 00"
2025-10-25 10:07:01,64.56,0xff,0xd5,0xff,0x3f,0x19,0x38,"ff d5 ff 3f 19 38 00 00"
2025-10-25 10:07:01,64.68,0xff,0xd5,0xff,0x3f,0x19,0x44,"ff d5 ff 3f 19 44 00 00"
2025-10-25 10:07:01,64.93,0xff,0xd5,0xff,0x3f,0x19,0x5d,"ff d5 ff 3f 19 5d 00 00"
2025-10-25 10:07:01,65.25,0xff,0xd5,0xff,0x3f,0x19,0x7d,"ff d5 ff 3f 19 7d 00 00"
2025-10-25 10:07:01,65.43,0xff,0xd5,0xff,0x3f,0x19,0x8f,"ff d5 ff 3f 19 8f 00 00"
2025-10-25 10:07:01,65.62,0xff,0xd5,0xff,0x3f,0x19,0xa2,"ff d5 ff 3f 19 a2 00 00"
2025-10-25 10:07:01,65.87,0xff,0xd5,0xff,0x3f,0x19,0xbb,"ff d5 ff 3f 19 bb 00 00"
2025-10-25 10:07:01,66,0xff,0xd5,0xff,0x3f,0x19,0xc8,"ff d5 ff 3f 19 c8 00 00"
2025-10-25 10:07:01,66.18,0xff,0xd5,0xff,0x3f,0x19,0xda,"ff d5 ff 3f 19 da 00 00"
2025-10-25 10:07:01,66.43,0xff,0xd5,0xff,0x3f,0x19,0xf3,"ff d5 ff 3f 19 f3 00 00"
2025-10-25 10:07:01,66.62,0xff,0xd5,0xff,0x3f,0x1a,0x06,"ff d5 ff 3f 1a 06 00 00"
2025-10-25 10:07:01,66.81,0xff,0xdb,0xff,0x3f,0x1a,0x19,"ff db ff 3f 1a 19 00 00"
2025-10-25 10:07:01,66.93,0xff,0xdb,0xff,0x3f,0x1a,0x25,"ff db ff 3f 1a 25 00 00"
2025-10-25 10:07:01,67.12,0xff,0xdb,0xff,0x3f,0x1a,0x38,"ff db ff 3f 1a 38 00 00"
2025-10-25 10:07:01,67.31,0xff,0xdb,0xff,0x3f,0x1a,0x4b,"ff db ff 3f 1a 4b 00 00"
2025-10-25 10:07:01,67.5,0xff,0xdb,0xff,0x3f,0x1a,0x5e,"ff db ff 3f 1a 5e 00 00"
2025-10-25 10:07:01,67.68,0xff,0xdb,0xff,0x3f,0x1a,0x70,"ff db ff 3f 1a 70 00 00"
2025-10-25 10:07:01,67.81,0xff,0xdb,0xff,0x3f,0x1a,0x7d,"ff db ff 3f 1a 7d 00 00"
2025-10-25 10:07:01,68,0xff,0xdb,0xff,0x3f,0x1a,0x90,"ff db ff 3f 1a 90 00 00"
2025-10-25 10:07:01,68.18,0xff,0xdb,0xff,0x3f,0x1a,0xa2,"ff db ff 3f 1a a2 00 00"
2025-10-25 10:07:01,68.31,0xff,0xdb,0xff,0x3f,0x1a,0xaf,"ff db ff 3f 1a af 00 00"
2025-10-25 10:07:01,68.5,0xff,0xdb,0xff,0x3f,0x1a,0xc2,"ff db ff 3f 1a c2 00 00"
2025-10-25 10:07:02,68.68,0xff,0xdb,0xff,0x3f,0x1a,0xd4,"ff db ff 3f 1a d4 00 00"
2025-10-25 10:07:02,68.81,0xff,0xdb,0xff,0x3f,0x1a,0xe1,"ff db ff 3f 1a e1 00 00"
2025-10-25 10:07:02,68.93,0xff,0xdb,0xff,0x3f,0x1a,0xed,"ff db ff 3f 1a ed 00 00"
2025-10-25 10:07:02,69.12,0xff,0xdb,0xff,0x3f,0x1b,0x00,"ff db ff 3f 1b 00 00 00"
2025-10-25 10:07:02,69.18,0xff,0xe1,0xff,0x3f,0x1b,0x06,"ff e1 ff 3f 1b 06 00 00"
2025-10-25 10:07:02,69.31,0xff,0xe1,0xff,0x3f,0x1b,0x13,"ff e1 ff 3f 1b 13 00 00"
2025-10-25 10:07:02,69.5,0xff,0xe1,0xff,0x3f,0x1b,0x26,"ff e1 ff 3f 1b 26 00 00"
2025-10-25 10:07:02,69.62,0xff,0xe1,0xff,0x3f,0x1b,0x32,"ff e1 ff 3f 1b 32 00 00"
2025-10-25 10:07:02,69.75,0xff,0xe1,0xff,0x3f,0x1b,0x3f,"ff e1 ff 3f 1b 3f 00 00"
2025-10-25 10:07:02,69.87,0xff,0xe1,0xff,0x3f,0x1b,0x4b,"ff e1 ff 3f 1b 4b 00 00"
2025-10-25 10:07:02,70,0xff,0xe1,0xff,0x3f,0x1b,0x58,"ff e1 ff 3f 1b 58 00 00"
2025-10-25 10:07:02,70.12,0xff,0xe1,0xff,0x3f,0x1b,0x64,"ff e1 ff 3f 1b 64 00 00"
2025-10-25 10:07:02,70.18,0xff,0xe1,0xff,0x3f,0x1b,0x6a,"ff e1 ff 3f 1b 6a 00 00"
2025-10-25 10:07:02,70.25,0xff,0xe1,0xff,0x3f,0x1b,0x71,"ff e1 ff 3f 1b 71 00 00"
2025-10-25 10:07:02,70.37,0xff,0xe1,0xff,0x3f,0x1b,0x7d,"ff e1 ff 3f 1b 7d 00 00"
2025-10-25 10:07:02,70.43,0xff,0xe1,0xff,0x3f,0x1b,0x83,"ff e1 ff 3f 1b 83 00 00"
2025-10-25 10:07:02,70.56,0xff,0xe1,0xff,0x3f,0x1b,0x90,"ff e1 ff 3f 1b 90 00 00"
2025-10-25 10:07:02,70.62,0xff,0xe1,0xff,0x3f,0x1b,0x96,"ff e1 ff 3f 1b 96 00 00"
2025-10-25 10:07:02,70.68,0xff,0xe1,0xff,0x3f,0x1b,0x9c,"ff e1 ff 3f 1b 9c 00 00"
2025-10-25 10:07:02,70.75,0xff,0xe1,0xff,0x3f,0x1b,0xa3,"ff e1 ff 3f 1b a3 00 00"
2025-10-25 10:07:02,70.81,0xff,0xe1,0xff,0x3f,0x1b,0xa9,"ff e1 ff 3f 1b a9 00 00"
2025-10-25 10:07:02,70.93,0xff,0xe1,0xff,0x3f,0x1b,0xb5,"ff e1 ff 3f 1b b5 00 00"
2025-10-25 10:07:02,71,0xff,0xe1,0xff,0x3f,0x1b,0xbc,"ff e1 ff 3f 1b bc 00 00"
2025-10-25 10:07:02,71.06,0xff,0xe7,0xff,0x3f,0x1b,0xc2,"ff e7 ff 3f 1b c2 00 00"
2025-10-25 10:07:02,71.12,0xff,0xe7,0xff,0x3f,0x1b,0xc8,"ff e7 ff 3f 1b c8 00 00"
2025-10-25 10:07:02,71.18,0xff,0xe7,0xff,0x3f,0x1b,0xce,"ff e7 ff 3f 1b ce 00 00"
2025-10-25 10:07:02,71.25,0xff,0xe7,0xff,0x3f,0x1b,0xd5,"ff e7 ff 3f 1b d5 00 00"
2025-10-25 10:07:02,71.31,0xff,0xe7,0xff,0x3f,0x1b,0xdb,"ff e7 ff 3f 1b db 00 00"
2025-10-25 10:07:02,71.37,0xff,0xe7,0xff,0x3f,0x1b,0xe1,"ff e7 ff 3f 1b e1 00 00"
2025-10-25 10:07:02,71.37,0xff,0xe7,0xff,0x3f,0x1b,0xe1,"ff e7 ff 3f 1b e1 00 00"
2025-10-25 10:07:02,71.43,0xff,0xe7,0xff,0x3f,0x1b,0xe7,"ff e7 ff 3f 1b e7 00 00"
2025-10-25 10:07:02,71.5,0xff,0xe7,0xff,0x3f,0x1b,0xee,"ff e7 ff 3f 1b ee 00 00"
2025-10-25 10:07:02,71.5,0xff,0xe7,0xff,0x3f,0x1b,0xee,"ff e7 ff 3f 1b ee 00 00"
2025-10-25 10:07:02,71.5,0xff,0xe7,0xff,0x3f,0x1b,0xee,"ff e7 ff 3f 1b ee 00 00"
2025-10-25 10:07:03,71.5,0xff,0xe7,0xff,0x3f,0x1b,0xee,"ff e7 ff 3f 1b ee 00 00"
2025-10-25 10:07:03,71.5,0xff,0xe7,0xff,0x3f,0x1b,0xee,"ff e7 ff 3f 1b ee 00 00"
2025-10-25 10:07:03,71.5,0xff,0xe7,0xff,0x3f,0x1b,0xee,"ff e7 ff 3f 1b ee 00 00"
2025-10-25 10:07:03,71.56,0xff,0xe7,0xff,0x3f,0x1b,0xf4,"ff e7 ff 3f 1b f4 00 00"
2025-10-25 10:07:03,71.56,0xff,0xe7,0xff,0x3f,0x1b,0xf4,"ff e7 ff 3f 1b f4 00 00"
2025-10-25 10:07:03,71.56,0xff,0xe7,0xff,0x3f,0x1b,0xf4,"ff e7 ff 3f 1b f4 00 00"
2025-10-25 10:07:03,71.56,0xff,0xe7,0xff,0x3f,0x1b,0xf4,"ff e7 ff 3f 1b f4 00 00"
2025-10-25 10:07:03,71.56,0xff,0xe7,0xff,0x3f,0x1b,0xf4,"ff e7 ff 3f 1b f4 00 00"
2025-10-25 10:07:03,71.56,0xff,0xe7,0xff,0x3f,0x1b,0xf4,"ff e7 ff 3f 1b f4 00 00"
2025-10-25 10:07:03,71.56,0xff,0xe7,0xff,0x3f,0x1b,0xf4,"ff e7 ff 3f 1b f4 00 00"
2025-10-25 10:07:03,71.56,0xff,0xe7,0xff,0x3f,0x1b,0xf4,"ff e7 ff 3f 1b f4 00 00"
2025-10-25 10:07:03,71.56,0xff,0xe7,0xff,0x3f,0x1b,0xf4,"ff e7 ff 3f 1b f4 00 00"
2025-10-25 10:07:03,71.56,0xff,0xe7,0xff,0x3f,0x1b,0xf4,"ff e7 ff 3f 1b f4 00 00"
2025-10-25 10:07:03,71.56,0xff,0xe7,0xff,0x3f,0x1b,0xf4,"ff e7 ff 3f 1b f4 00 00"
2025-10-25 10:07:03,71.56,0xff,0xe7,0xff,0x3f,0x1b,0xf4,"ff e7 ff 3f 1b f4 00 00"
2025-10-25 10:07:03,71.56,0xff,0xe7,0xff,0x3f,0x1b,0xf4,"ff e7 ff 3f 1b f4 00 00"
2025-10-25 10:07:03,71.56,0xff,0xe7,0xff,0x3f,0x1b,0xf4,"ff e7 ff 3f 1b f4 00 00"
2025-10-25 10:07:03,71.56,0xff,0xe7,0xff,0x3f,0x1b,0xf4,"ff e7 ff 3f 1b f4 00 00"
2025-10-25 10:07:03,71.56,0xff,0xe7,0xff,0x3f,0x1b,0xf4,"ff e7 ff 3f 1b f4 00 00"
2025-10-25 10:07:03,71.56,0xff,0xe7,0xff,0x3f,0x1b,0xf4,"ff e7 ff 3f 1b f4 00 00"
2025-10-25 10:07:03,71.56,0xff,0xe7,0xff,0x3f,0x1b,0xf4,"ff e7 ff 3f 1b f4 00 00"
2025-10-25 10:07:03,71.56,0xff,0xe7,0xff,0x3f,0x1b,0xf4,"ff e7 ff 3f 1b f4 00 00"
2025-10-25 10:07:03,71.56,0xff,0xe7,0xff,0x3f,0x1b,0xf4,"ff e7 ff 3f 1b f4 00 00"
2025-10-25 10:07:03,71.56,0xff,0xe7,0xff,0x3f,0x1b,0xf4,"ff e7 ff 3f 1b f4 00 00"
2025-10-25 10:07:03,71.56,0xff,0xe7,0xff,0x3f,0x1b,0xf4,"ff e7 ff 3f 1b f4 00 00"
2025-10-25 10:07:03,71.56,0xff,0xe7,0xff,0x3f,0x1b,0xf4,"ff e7 ff 3f 1b f4 00 00"
2025-10-25 10:07:03,71.56,0xff,0xe7,0xff,0x3f,0x1b,0xf4,"ff e7 ff 3f 1b f4 00 00"
2025-10-25 10:07:03,71.56,0xff,0xe7,0xff,0x3f,0x1b,0xf4,"ff e7 ff 3f 1b f4 00 00"
2025-10-25 10:07:03,71.56,0xff,0xe7,0xff,0x3f,0x1b,0xf4,"ff e7 ff 3f 1b f4 00 00"
2025-10-25 10:07:03,71.56,0xff,0xe7,0xff,0x3f,0x1b,0xf4,"ff e7 ff 3f 1b f4 00 00"
2025-10-25 10:07:03,71.56,0xff,0xe7,0xff,0x3f,0x1b,0xf4,"ff e7 ff 3f 1b f4 00 00"
2025-10-25 10:07:03,71.56,0xff,0xe7,0xff,0x3f,0x1b,0xf4,"ff e7 ff 3f 1b f4 00 00"
2025-10-25 10:07:03,71.5,0xff,0xe7,0xff,0x3f,0x1b,0xee,"ff e7 ff 3f 1b ee 00 00"
2025-10-25 10:07:03,71.5,0xff,0xe7,0xff,0x3f,0x1b,0xee,"ff e7 ff 3f 1b ee 00 00"
2025-10-25 10:07:04,71.43,0xff,0xe7,0xff,0x3f,0x1b,0xe7,"ff e7 ff 3f 1b e7 00 00"
2025-10-25 10:07:04,71.37,0xff,0xe7,0xff,0x3f,0x1b,0xe1,"ff e7 ff 3f 1b e1 00 00"
2025-10-25 10:07:04,71.37,0xff,0xe7,0xff,0x3f,0x1b,0xe1,"ff e7 ff 3f 1b e1 00 00"
2025-10-25 10:07:04,71.25,0xff,0xe7,0xff,0x3f,0x1b,0xd5,"ff e7 ff 3f 1b d5 00 00"
2025-10-25 10:07:04,71.18,0xff,0xe7,0xff,0x3f,0x1b,0xce,"ff e7 ff 3f 1b ce 00 00"
2025-10-25 10:07:04,71.12,0xff,0xe7,0xff,0x3f,0x1b,0xc8,"ff e7 ff 3f 1b c8 00 00"
2025-10-25 10:07:04,71.06,0xff,0xe7,0xff,0x3f,0x1b,0xc2,"ff e7 ff 3f 1b c2 00 00"
2025-10-25 10:07:04,71,0xff,0xe1,0xff,0x3f,0x1b,0xbc,"ff e1 ff 3f 1b bc 00 00"
2025-10-25 10:07:04,70.87,0xff,0xe1,0xff,0x3f,0x1b,0xaf,"ff e1 ff 3f 1b af 00 00"
2025-10-25 10:07:04,70.81,0xff,0xe1,0xff,0x3f,0x1b,0xa9,"ff e1 ff 3f 1b a9 00 00"
2025-10-25 10:07:04,70.75,0xff,0xe1,0xff,0x3f,0x1b,0xa3,"ff e1 ff 3f 1b a3 00 00"
2025-10-25 10:07:04,70.68,0xff,0xe1,0xff,0x3f,0x1b,0x9c,"ff e1 ff 3f 1b 9c 00 00"
2025-10-25 10:07:04,70.62,0xff,0xe1,0xff,0x3f,0x1b,0x96,"ff e1 ff 3f 1b 96 00 00"
2025-10-25 10:07:04,70.56,0xff,0xe1,0xff,0x3f,0x1b,0x90,"ff e1 ff 3f 1b 90 00 00"
2025-10-25 10:07:04,70.5,0xff,0xe1,0xff,0x3f,0x1b,0x8a,"ff e1 ff 3f 1b 8a 00 00"
2025-10-25 10:07:04,70.43,0xff,0xe1,0xff,0x3f,0x1b,0x83,"ff e1 ff 3f 1b 83 00 00"
2025-10-25 10:07:04,70.37,0xff,0xe1,0xff,0x3f,0x1b,0x7d,"ff e1 ff 3f 1b 7d 00 00"
2025-10-25 10:07:04,70.31,0xff,0xe1,0xff,0x3f,0x1b,0x77,"ff e1 ff 3f 1b 77 00 00"
2025-10-25 10:07:04,70.31,0xff,0xe1,0xff,0x3f,0x1b,0x77,"ff e1 ff 3f 1b 77 00 00"
2025-10-25 10:07:04,70.25,0xff,0xe1,0xff,0x3f,0x1b,0x71,"ff e1 ff 3f 1b 71 00 00"
2025-10-25 10:07:04,70.25,0xff,0xe1,0xff,0x3f,0x1b,0x71,"ff e1 ff 3f 1b 71 00 00"
2025-10-25 10:07:04,70.18,0xff,0xe1,0xff,0x3f,0x1b,0x6a,"ff e1 ff 3f 1b 6a 00 00"
2025-10-25 10:07:04,70.18,0xff,0xe1,0xff,0x3f,0x1b,0x6a,"ff e1 ff 3f 1b 6a 00 00"
2025-10-25 10:07:04,70.18,0xff,0xe1,0xff,0x3f,0x1b,0x6a,"ff e1 ff 3f 1b 6a 00 00"
2025-10-25 10:07:04,70.18,0xff,0xe1,0xff,0x3f,0x1b,0x6a,"ff e1 ff 3f 1b 6a 00 00"
2025-10-25 10:07:04,70.18,0xff,0xe1,0xff,0x3f,0x1b,0x6a,"ff e1 ff 3f 1b 6a 00 00"
2025-10-25 10:07:04,70.18,0xff,0xe1,0xff,0x3f,0x1b,0x6a,"ff e1 ff 3f 1b 6a 00 00"
2025-10-25 10:07:04,70.18,0xff,0xe1,0xff,0x3f,0x1b,0x6a,"ff e1 ff 3f 1b 6a 00 00"
2025-10-25 10:07:04,70.18,0xff,0xe1,0xff,0x3f,0x1b,0x6a,"ff e1 ff 3f 1b 6a 00 00"
2025-10-25 10:07:04,70.18,0xff,0xe1,0xff,0x3f,0x1b,0x6a,"ff e1 ff 3f 1b 6a 00 00"
2025-10-25 10:07:04,70.18,0xff,0xe1,0xff,0x3f,0x1b,0x6a,"ff e1 ff 3f 1b 6a 00 00"
2025-10-25 10:07:04,70.18,0xff,0xe1,0xff,0x3f,0x1b,0x6a,"ff e1 ff 3f 1b 6a 00 00"
2025-10-25 10:07:04,70.25,0xff,0xe1,0xff,0x3f,0x1b,0x71,"ff e1 ff 3f 1b 71 00 00"
2025-10-25 10:07:04,70.25,0xff,0xe1,0xff,0x3f,0x1b,0x71,"ff e1 ff 3f 1b 71 00 00"
2025-10-25 10:07:05,70.31,0xff,0xe1,0xff,0x3f,0x1b,0x77,"ff e1 ff 3f 1b 77 00 00"
2025-10-25 10:07:05,70.31,0xff,0xe1,0xff,0x3f,0x1b,0x77,"ff e1 ff 3f 1b 77 00 00"
2025-10-25 10:07:05,70.37,0xff,0xe1,0xff,0x3f,0x1b,0x7d,"ff e1 ff 3f 1b 7d 00 00"
2025-10-25 10:07:05,70.37,0xff,0xe1,0xff,0x3f,0x1b,0x7d,"ff e1 ff 3f 1b 7d 00 00"
2025-10-25 10:07:05,70.37,0xff,0xe1,0xff,0x3f,0x1b,0x7d,"ff e1 ff 3f 1b 7d 00 00"
2025-10-25 10:07:05,70.37,0xff,0xe1,0xff,0x3f,0x1b,0x7d,"ff e1 ff 3f 1b 7d 00 00"
2025-10-25 10:07:05,70.31,0xff,0xe1,0xff,0x3f,0x1b,0x77,"ff e1 ff 3f 1b 77 00 00"
2025-10-25 10:07:05,70.31,0xff,0xe1,0xff,0x3f,0x1b,0x77,"ff e1 ff 3f 1b 77 00 00"
2025-10-25 10:07:05,70.25,0xff,0xe1,0xff,0x3f,0x1b,0x71,"ff e1 ff 3f 1b 71 00 00"
2025-10-25 10:07:05,70.12,0xff,0xe1,0xff,0x3f,0x1b,0x64,"ff e1 ff 3f 1b 64 00 00"
2025-10-25 10:07:05,70.06,0xff,0xe1,0xff,0x3f,0x1b,0x5e,"ff e1 ff 3f 1b 5e 00 00"
2025-10-25 10:07:05,70,0xff,0xe1,0xff,0x3f,0x1b,0x58,"ff e1 ff 3f 1b 58 00 00"
2025-10-25 10:07:05,69.87,0xff,0xe1,0xff,0x3f,0x1b,0x4b,"ff e1 ff 3f 1b 4b 00 00"
2025-10-25 10:07:05,69.81,0xff,0xe1,0xff,0x3f,0x1b,0x45,"ff e1 ff 3f 1b 45 00 00"
2025-10-25 10:07:05,69.68,0xff,0xe1,0xff,0x3f,0x1b,0x38,"ff e1 ff 3f 1b 38 00 00"
2025-10-25 10:07:05,69.62,0xff,0xe1,0xff,0x3f,0x1b,0x32,"ff e1 ff 3f 1b 32 00 00"
2025-10-25 10:07:05,69.5,0xff,0xe1,0xff,0x3f,0x1b,0x26,"ff e1 ff 3f 1b 26 00 00"
2025-10-25 10:07:05,69.37,0xff,0xe1,0xff,0x3f,0x1b,0x19,"ff e1 ff 3f 1b 19 00 00"
2025-10-25 10:07:05,69.31,0xff,0xe1,0xff,0x3f,0x1b,0x13,"ff e1 ff 3f 1b 13 00 00"
2025-10-25 10:07:05,69.22,0xff,0xe1,0xff,0x3f,0x1b,0x0a,"ff e1 ff 3f 1b 0a 00 00"
2025-10-25 10:07:05,69.12,0xff,0xdb,0xff,0x3f,0x1b,0x00,"ff db ff 3f 1b 00 00 00"
2025-10-25 10:07:05,69,0xff,0xdb,0xff,0x3f,0x1a,0xf4,"ff db ff 3f 1a f4 00 00"
2025-10-25 10:07:05,68.93,0xff,0xdb,0xff,0x3f,0x1a,0xed,"ff db ff 3f 1a ed 00 00"
2025-10-25 10:07:05,68.81,0xff,0xdb,0xff,0x3f,0x1a,0xe1,"ff db ff 3f 1a e1 00 00"
2025-10-25 10:07:05,68.75,0xff,0xdb,0xff,0x3f,0x1a,0xdb,"ff db ff 3f 1a db 00 00"
2025-10-25 10:07:05,68.62,0xff,0xdb,0xff,0x3f,0x1a,0xce,"ff db ff 3f 1a ce 00 00"
2025-10-25 10:07:05,68.5,0xff,0xdb,0xff,0x45,0x1a,0xc2,"ff db ff 45 1a c2 00 00"
2025-10-25 10:07:05,68.37,0xff,0xdb,0xff,0x45,0x1a,0xb5,"ff db ff 45 1a b5 00 00"
2025-10-25 10:07:05,68.31,0xff,0xdb,0xff,0x45,0x1a,0xaf,"ff db ff 45 1a af 00 00"
2025-10-25 10:07:05,68.25,0xff,0xd5,0xff,0x45,0x1a,0xa9,"ff d5 ff 45 1a a9 00 00"
2025-10-25 10:07:05,68.12,0xff,0xd5,0xff,0x45,0x1a,0x9c,"ff d5 ff 45 1a 9c 00 00"
2025-10-25 10:07:05,68.06,0xff,0xd5,0xff,0x45,0x1a,0x96,"ff d5 ff 45 1a 96 00 00"
2025-10-25 10:07:05,67.93,0xff,0xd5,0xff,0x45,0x1a,0x89,"ff d5 ff 45 1a 89 00 00"
2025-10-25 10:07:05,67.81,0xff,0xd5,0xff,0x45,0x1a,0x7d,"ff d5 ff 45 1a 7d 00 00"
2025-10-25 10:07:05,67.68,0xff,0xd5,0xff,0x45,0x1a,0x70,"ff d5 ff 45 1a 70 00 00"
2025-10-25 10:07:06,67.62,0xff,0xd5,0xff,0x45,0x1a,0x6a,"ff d5 ff 45 1a 6a 00 00"
2025-10-25 10:07:06,67.5,0xff,0xd5,0xff,0x45,0x1a,0x5e,"ff d5 ff 45 1a 5e 00 00"
2025-10-25 10:07:06,67.43,0xff,0xce,0xff,0x45,0x1a,0x57,"ff ce ff 45 1a 57 00 00"
2025-10-25 10:07:06,67.31,0xff,0xce,0xff,0x45,0x1a,0x4b,"ff ce ff 45 1a 4b 00 00"
2025-10-25 10:07:06,67.25,0xff,0xce,0xff,0x45,0x1a,0x45,"ff ce ff 45 1a 45 00 00"
2025-10-25 10:07:06,67.18,0xff,0xce,0xff,0x45,0x1a,0x3e,"ff ce ff 45 1a 3e 00 00"
2025-10-25 10:07:06,67.12,0xff,0xce,0xff,0x45,0x1a,0x38,"ff ce ff 45 1a 38 00 00"
2025-10-25 10:07:06,67,0xff,0xce,0xff,0x45,0x1a,0x2c,"ff ce ff 45 1a 2c 00 00"
2025-10-25 10:07:06,66.93,0xff,0xce,0xff,0x45,0x1a,0x25,"ff ce ff 45 1a 25 00 00"
2025-10-25 10:07:06,66.81,0xff,0xce,0xff,0x45,0x1a,0x19,"ff ce ff 45 1a 19 00 00"
2025-10-25 10:07:06,66.75,0xff,0xce,0xff,0x45,0x1a,0x13,"ff ce ff 45 1a 13 00 00"
2025-10-25 10:07:06,66.68,0xff,0xce,0xff,0x45,0x1a,0x0c,"ff ce ff 45 1a 0c 00 00"
2025-10-25 10:07:06,66.62,0xff,0xce,0xff,0x45,0x1a,0x06,"ff ce ff 45 1a 06 00 00"
2025-10-25 10:07:06,66.56,0xff,0xce,0xff,0x45,0x1a,0x00,"ff ce ff 45 1a 00 00 00"
2025-10-25 10:07:06,66.43,0xff,0xce,0xff,0x45,0x19,0xf3,"ff ce ff 45 19 f3 00 00"
2025-10-25 10:07:06,66.31,0xff,0xce,0xff,0x4b,0x19,0xe7,"ff ce ff 4b 19 e7 00 00"
2025-10-25 10:07:06,66.18,0xff,0xce,0xff,0x4b,0x19,0xda,"ff ce ff 4b 19 da 00 00"
2025-10-25 10:07:06,66.12,0xff,0xce,0xff,0x4b,0x19,0xd4,"ff ce ff 4b 19 d4 00 00"
2025-10-25 10:07:06,66,0xff,0xce,0xff,0x4b,0x19,0xc8,"ff ce ff 4b 19 c8 00 00"
2025-10-25 10:07:06,65.93,0xff,0xce,0xff,0x4b,0x19,0xc1,"ff ce ff 4b 19 c1 00 00"
2025-10-25 10:07:06,65.81,0xff,0xce,0xff,0x4b,0x19,0xb5,"ff ce ff 4b 19 b5 00 00"
2025-10-25 10:07:06,65.75,0xff,0xce,0xff,0x4b,0x19,0xaf,"ff ce ff 4b 19 af 00 00"
2025-10-25 10:07:06,65.62,0xff,0xce,0xff,0x4b,0x19,0xa2,"ff ce ff 4b 19 a2 00 00"
2025-10-25 10:07:06,65.5,0xff,0xce,0xff,0x4b,0x19,0x96,"ff ce ff 4b 19 96 00 00"
2025-10-25 10:07:06,65.37,0xff,0xce,0xff,0x4b,0x19,0x89,"ff ce ff 4b 19 89 00 00"
2025-10-25 10:07:06,65.25,0xff,0xc8,0xff,0x4b,0x19,0x7d,"ff c8 ff 4b 19 7d 00 00"
2025-10-25 10:07:06,65.12,0xff,0xc8,0xff,0x4b,0x19,0x70,"ff c8 ff 4b 19 70 00 00"
2025-10-25 10:07:06,65,0xff,0xc8,0xff,0x51,0x19,0x64,"ff c8 ff 51 19 64 00 00"
2025-10-25 10:07:06,64.87,0xff,0xc2,0xff,0x51,0x19,0x57,"ff c2 ff 51 19 57 00 00"
2025-10-25 10:07:06,64.81,0xff,0xc2,0xff,0x51,0x19,0x51,"ff c2 ff 51 19 51 00 00"
2025-10-25 10:07:06,64.68,0xff,0xc2,0xff,0x51,0x19,0x44,"ff c2 ff 51 19 44 00 00"
2025-10-25 10:07:06,64.56,0xff,0xc2,0xff,0x4b,0x19,0x38,"ff c2 ff 4b 19 38 00 00"
2025-10-25 10:07:06,64.43,0xff,0xc8,0xff,0x4b,0x19,0x2b,"ff c8 ff 4b 19 2b 00 00"
2025-10-25 10:07:07,64.31,0xff,0xc8,0xff,0x4b,0x19,0x1f,"ff c8 ff 4b 19 1f 00 00"
2025-10-25 10:07:07,64.25,0xff,0xc8,0xff,0x4b,0x19,0x19,"ff c8 ff 4b 19 19 00 00"
2025-10-25 10:07:07,64.12,0xff,0xc8,0xff,0x4b,0x19,0x0c,"ff c8 ff 4b 19 0c 00 00"
2025-10-25 10:07:07,64.06,0xff,0xc2,0xff,0x4b,0x19,0x06,"ff c2 ff 4b 19 06 00 00"
2025-10-25 10:07:07,63.93,0xff,0xc2,0xff,0x51,0x18,0xf9,"ff c2 ff 51 18 f9 00 00"
2025-10-25 10:07:07,63.93,0xff,0xc2,0xff,0x51,0x18,0xf9,"ff c2 ff 51 18 f9 00 00"
2025-10-25 10:07:07,63.81,0xff,0xbc,0xff,0x51,0x18,0xed,"ff bc ff 51 18 ed 00 00"
2025-10-25 10:07:07,63.75,0xff,0xbc,0xff,0x4b,0x18,0xe7,"ff bc ff 4b 18 e7 00 00"
2025-10-25 10:07:07,63.62,0xff,0xbc,0xff,0x4b,0x18,0xda,"ff bc ff 4b 18 da 00 00"
2025-10-25 10:07:07,63.56,0xff,0xbc,0xff,0x4b,0x18,0xd4,"ff bc ff 4b 18 d4 00 00"
2025-10-25 10:07:07,63.56,0xff,0xbc,0xff,0x4b,0x18,0xd4,"ff bc ff 4b 18 d4 00 00"
2025-10-25 10:07:07,63.5,0xff,0xc2,0xff,0x4b,0x18,0xce,"ff c2 ff 4b 18 ce 00 00"
2025-10-25 10:07:07,63.5,0xff,0xc2,0xff,0x4b,0x18,0xce,"ff c2 ff 4b 18 ce 00 00"
2025-10-25 10:07:07,63.5,0xff,0xbc,0xff,0x4b,0x18,0xce,"ff bc ff 4b 18 ce 00 00"
2025-10-25 10:07:07,63.5,0xff,0xbc,0xff,0x4b,0x18,0xce,"ff bc ff 4b 18 ce 00 00"
2025-10-25 10:07:07,63.5,0xff,0xbc,0xff,0x4b,0x18,0xce,"ff bc ff 4b 18 ce 00 00"
2025-10-25 10:07:07,63.5,0xff,0xbc,0xff,0x4b,0x18,0xce,"ff bc ff 4b 18 ce 00 00"
2025-10-25 10:07:07,63.5,0xff,0xbc,0xff,0x4b,0x18,0xce,"ff bc ff 4b 18 ce 00 00"
2025-10-25 10:07:07,63.5,0xff,0xbc,0xff,0x4b,0x18,0xce,"ff bc ff 4b 18 ce 00 00"
2025-10-25 10:07:07,63.5,0xff,0xbc,0xff,0x4b,0x18,0xce,"ff bc ff 4b 18 ce 00 00"
2025-10-25 10:07:07,63.5,0xff,0xbc,0xff,0x4b,0x18,0xce,"ff bc ff 4b 18 ce 00 00"
2025-10-25 10:07:07,63.5,0xff,0xbc,0xff,0x4b,0x18,0xce,"ff bc ff 4b 18 ce 00 00"
2025-10-25 10:07:07,63.5,0xff,0xbc,0xff,0x4b,0x18,0xce,"ff bc ff 4b 18 ce 00 00"
2025-10-25 10:07:07,63.5,0xff,0xbc,0xff,0x4b,0x18,0xce,"ff bc ff 4b 18 ce 00 00"
2025-10-25 10:07:07,63.5,0xff,0xbc,0xff,0x4b,0x18,0xce,"ff bc ff 4b 18 ce 00 00"
2025-10-25 10:07:07,63.5,0xff,0xbc,0xff,0x4b,0x18,0xce,"ff bc ff 4b 18 ce 00 00"
2025-10-25 10:07:07,63.5,0xff,0xbc,0xff,0x4b,0x18,0xce,"ff bc ff 4b 18 ce 00 00"
2025-10-25 10:07:07,63.56,0xff,0xbc,0xff,0x4b,0x18,0xd4,"ff bc ff 4b 18 d4 00 00"
2025-10-25 10:07:07,63.62,0xff,0xbc,0xff,0x45,0x18,0xda,"ff bc ff 45 18 da 00 00"
2025-10-25 10:07:07,63.68,0xff,0xbc,0xff,0x45,0x18,0xe0,"ff bc ff 45 18 e0 00 00"
2025-10-25 10:07:07,63.81,0xff,0xbc,0xff,0x45,0x18,0xed,"ff bc ff 45 18 ed 00 00"
2025-10-25 10:07:07,63.93,0xff,0xbc,0xff,0x45,0x18,0xf9,"ff bc ff 45 18 f9 00 00"
2025-10-25 10:07:07,64.06,0xff,0xbc,0xff,0x3f,0x19,0x06,"ff bc ff 3f 19 06 00 00"
2025-10-25 10:07:07,64.25,0xff,0xbc,0xff,0x3f,0x19,0x19,"ff bc ff 3f 19 19 00 00"
2025-10-25 10:07:08,64.43,0xff,0xbc,0xff,0x3f,0x19,0x2b,"ff bc ff 3f 19 2b 00 00"
2025-10-25 10:07:08,64.62,0xff,0xbc,0xff,0x3f,0x19,0x3e,"ff bc ff 3f 19 3e 00 00"
2025-10-25 10:07:08,64.81,0xff,0xbc,0xff,0x3f,0x19,0x51,"ff bc ff 3f 19 51 00 00"
2025-10-25 10:07:08,65,0xff,0xbc,0xff,0x3f,0x19,0x64,"ff bc ff 3f 19 64 00 00"
2025-10-25 10:07:08,65.25,0xff,0xbc,0xff,0x3f,0x19,0x7d,"ff bc ff 3f 19 7d 00 00"
2025-10-25 10:07:08,65.43,0xff,0xc2,0xff,0x3f,0x19,0x8f,"ff c2 ff 3f 19 8f 00 00"
2025-10-25 10:07:08,65.62,0xff,0xc2,0xff,0x3f,0x19,0xa2,"ff c2 ff 3f 19 a2 00 00"
2025-10-25 10:07:08,65.93,0xff,0xc2,0xff,0x3f,0x19,0xc1,"ff c2 ff 3f 19 c1 00 00"
2025-10-25 10:07:08,66.18,0xff,0xc2,0xff,0x3f,0x19,0xda,"ff c2 ff 3f 19 da 00 00"
2025-10-25 10:07:08,66.37,0xff,0xc2,0xff,0x3f,0x19,0xed,"ff c2 ff 3f 19 ed 00 00"
2025-10-25 10:07:08,66.62,0xff,0xc2,0xff,0x38,0x1a,0x06,"ff c2 ff 38 1a 06 00 00"
2025-10-25 10:07:08,66.87,0xff,0xc2,0xff,0x38,0x1a,0x1f,"ff c2 ff 38 1a 1f 00 00"
2025-10-25 10:07:08,67.06,0xff,0xc8,0xff,0x3f,0x1a,0x32,"ff c8 ff 3f 1a 32 00 00"
2025-10-25 10:07:08,67.25,0xff,0xc8,0xff,0x3f,0x1a,0x45,"ff c8 ff 3f 1a 45 00 00"
2025-10-25 10:07:08,67.5,0xff,0xc8,0xff,0x3f,0x1a,0x5e,"ff c8 ff 3f 1a 5e 00 00"
2025-10-25 10:07:08,67.75,0xff,0xc8,0xff,0x3f,0x1a,0x77,"ff c8 ff 3f 1a 77 00 00"
2025-10-25 10:07:08,68,0xff,0xc8,0xff,0x3f,0x1a,0x90,"ff c8 ff 3f 1a 90 00 00"
2025-10-25 10:07:08,68.18,0xff,0xc8,0xff,0x3f,0x1a,0xa2,"ff c8 ff 3f 1a a2 00 00"
2025-10-25 10:07:08,68.37,0xff,0xc8,0xff,0x38,0x1a,0xb5,"ff c8 ff 38 1a b5 00 00"
2025-10-25 10:07:08,68.56,0xff,0xc8,0xff,0x38,0x1a,0xc8,"ff c8 ff 38 1a c8 00 00"
2025-10-25 10:07:08,68.81,0xff,0xc8,0xff,0x38,0x1a,0xe1,"ff c8 ff 38 1a e1 00 00"
2025-10-25 10:07:08,69,0xff,0xc8,0xff,0x38,0x1a,0xf4,"ff c8 ff 38 1a f4 00 00"
2025-10-25 10:07:08,69.22,0xff,0xce,0xff,0x38,0x1b,0x0a,"ff ce ff 38 1b 0a 00 00"
2025-10-25 10:07:08,69.37,0xff,0xce,0xff,0x38,0x1b,0x19,"ff ce ff 38 1b 19 00 00"
2025-10-25 10:07:08,69.56,0xff,0xce,0xff,0x38,0x1b,0x2c,"ff ce ff 38 1b 2c 00 00"
2025-10-25 10:07:08,69.75,0xff,0xce,0xff,0x38,0x1b,0x3f,"ff ce ff 38 1b 3f 00 00"
2025-10-25 10:07:08,69.87,0xff,0xce,0xff,0x38,0x1b,0x4b,"ff ce ff 38 1b 4b 00 00"
2025-10-25 10:07:08,70.06,0xff,0xce,0xff,0x38,0x1b,0x5e,"ff ce ff 38 1b 5e 00 00"
2025-10-25 10:07:08,70.25,0xff,0xce,0xff,0x38,0x1b,0x71,"ff ce ff 38 1b 71 00 00"
2025-10-25 10:07:08,70.37,0xff,0xce,0xff,0x38,0x1b,0x7d,"ff ce ff 38 1b 7d 00 00"
2025-10-25 10:07:08,70.5,0xff,0xce,0xff,0x38,0x1b,0x8a,"ff ce ff 38 1b 8a 00 00"
2025-10-25 10:07:08,70.62,0xff,0xce,0xff,0x38,0x1b,0x96,"ff ce ff 38 1b 96 00 00"
2025-10-25 10:07:08,70.75,0xff,0xce,0xff,0x38,0x1b,0xa3,"ff ce ff 38 1b a3 00 00"
2025-10-25 10:07:08,70.87,0xff,0xce,0xff,0x38,0x1b,0xaf,"ff ce ff 38 1b af 00 00"
2025-10-25 10:07:09,71,0xff,0xd5,0xff,0x38,0x1b,0xbc,"ff d5 ff 38 1b bc 00 00"
2025-10-25 10:07:09,71.06,0xff,0xd5,0xff,0x38,0x1b,0xc2,"ff d5 ff 38 1b c2 00 00"
2025-10-25 10:07:09,71.25,0xff,0xd5,0xff,0x38,0x1b,0xd5,"ff d5 ff 38 1b d5 00 00"
2025-10-25 10:07:09,71.31,0xff,0xd5,0xff,0x38,0x1b,0xdb,"ff d5 ff 38 1b db 00 00"
2025-10-25 10:07:09,71.43,0xff,0xd5,0xff,0x38,0x1b,0xe7,"ff d5 ff 38 1b e7 00 00"
2025-10-25 10:07:09,71.5,0xff,0xd5,0xff,0x38,0x1b,0xee,"ff d5 ff 38 1b ee 00 00"
2025-10-25 10:07:09,71.62,0xff,0xd5,0xff,0x38,0x1b,0xfa,"ff d5 ff 38 1b fa 00 00"
2025-10-25 10:07:09,71.68,0xff,0xd5,0xff,0x38,0x1c,0x00,"ff d5 ff 38 1c 00 00 00"
2025-10-25 10:07:09,71.75,0xff,0xd5,0xff,0x38,0x1c,0x07,"ff d5 ff 38 1c 07 00 00"
2025-10-25 10:07:09,71.87,0xff,0xd5,0xff,0x38,0x1c,0x13,"ff d5 ff 38 1c 13 00 00"
2025-10-25 10:07:09,71.93,0xff,0xd5,0xff,0x38,0x1c,0x19,"ff d5 ff 38 1c 19 00 00"
2025-10-25 10:07:09,72,0xff,0xd5,0xff,0x38,0x1c,0x20,"ff d5 ff 38 1c 20 00 00"
2025-10-25 10:07:09,72.12,0xff,0xd5,0xff,0x38,0x1c,0x2c,"ff d5 ff 38 1c 2c 00 00"
2025-10-25 10:07:09,72.18,0xff,0xd5,0xff,0x38,0x1c,0x32,"ff d5 ff 38 1c 32 00 00"
2025-10-25 10:07:09,72.31,0xff,0xd5,0xff,0x38,0x1c,0x3f,"ff d5 ff 38 1c 3f 00 00"
2025-10-25 10:07:09,72.37,0xff,0xd5,0xff,0x38,0x1c,0x45,"ff d5 ff 38 1c 45 00 00"
2025-10-25 10:07:09,72.5,0xff,0xd5,0xff,0x38,0x1c,0x52,"ff d5 ff 38 1c 52 00 00"
2025-10-25 10:07:09,72.56,0xff,0xd5,0xff,0x38,0x1c,0x58,"ff d5 ff 38 1c 58 00 00"
2025-10-25 10:07:09,72.62,0xff,0xd5,0xff,0x38,0x1c,0x5e,"ff d5 ff 38 1c 5e 00 00"
2025-10-25 10:07:09,72.68,0xff,0xdb,0xff,0x38,0x1c,0x64,"ff db ff 38 1c 64 00 00"
2025-10-25 10:07:09,72.75,0xff,0xdb,0xff,0x38,0x1c,0x6b,"ff db ff 38 1c 6b 00 00"
2025-10-25 10:07:09,72.81,0xff,0xdb,0xff,0x38,0x1c,0x71,"ff db ff 38 1c 71 00 00"
2025-10-25 10:07:09,72.87,0xff,0xdb,0xff,0x38,0x1c,0x77,"ff db ff 38 1c 77 00 00"
2025-10-25 10:07:09,72.93,0xff,0xdb,0xff,0x38,0x1c,0x7d,"ff db ff 38 1c 7d 00 00"
2025-10-25 10:07:09,73,0xff,0xdb,0xff,0x38,0x1c,0x84,"ff db ff 38 1c 84 00 00"
2025-10-25 10:07:09,73.06,0xff,0xdb,0xff,0x38,0x1c,0x8a,"ff db ff 38 1c 8a 00 00"
2025-10-25 10:07:09,73.12,0xff,0xdb,0xff,0x38,0x1c,0x90,"ff db ff 38 1c 90 00 00"
2025-10-25 10:07:09,73.18,0xff,0xdb,0xff,0x38,0x1c,0x96,"ff db ff 38 1c 96 00 00"
2025-10-25 10:07:09,73.25,0xff,0xdb,0xff,0x38,0x1c,0x9d,"ff db ff 38 1c 9d 00 00"
2025-10-25 10:07:09,73.31,0xff,0xdb,0xff,0x38,0x1c,0xa3,"ff db ff 38 1c a3 00 00"
2025-10-25 10:07:09,73.31,0xff,0xdb,0xff,0x38,0x1c,0xa3,"ff db ff 38 1c a3 00 00"
2025-10-25 10:07:09,73.37,0xff,0xdb,0xff,0x38,0x1c,0xa9,"ff db ff 38 1c a9 00 00"
2025-10-25 10:07:09,73.43,0xff,0xdb,0xff,0x38,0x1c,0xaf,"ff db ff 38 1c af 00 00"
2025-10-25 10:07:09,73.5,0xff,0xdb,0xff,0x38,0x1c,0xb6,"ff db ff 38 1c b6 00 00"
2025-10-25 10:07:10,73.56,0xff,0xdb,0xff,0x38,0x1c,0xbc,"ff db ff 38 1c bc 00 00"
2025-10-25 10:07:10,73.62,0xff,0xdb,0xff,0x38,0x1c,0xc2,"ff db ff 38 1c c2 00 00"
2025-10-25 10:07:10,73.68,0xff,0xdb,0xff,0x38,0x1c,0xc8,"ff db ff 38 1c c8 00 00"
2025-10-25 10:07:10,73.75,0xff,0xdb,0xff,0x38,0x1c,0xcf,"ff db ff 38 1c cf 00 00"
2025-10-25 10:07:10,73.75,0xff,0xdb,0xff,0x38,0x1c,0xcf,"ff db ff 38 1c cf 00 00"
2025-10-25 10:07:10,73.81,0xff,0xdb,0xff,0x38,0x1c,0xd5,"ff db ff 38 1c d5 00 00"
2025-10-25 10:07:10,73.87,0xff,0xdb,0xff,0x38,0x1c,0xdb,"ff db ff 38 1c db 00 00"
2025-10-25 10:07:10,73.93,0xff,0xdb,0xff,0x38,0x1c,0xe1,"ff db ff 38 1c e1 00 00"
2025-10-25 10:07:10,74,0xff,0xdb,0xff,0x38,0x1c,0xe8,"ff db ff 38 1c e8 00 00"
2025-10-25 10:07:10,74.06,0xff,0xdb,0xff,0x38,0x1c,0xee,"ff db ff 38 1c ee 00 00"
2025-10-25 10:07:10,74.06,0xff,0xdb,0xff,0x38,0x1c,0xee,"ff db ff 38 1c ee 00 00"
2025-10-25 10:07:10,74.12,0xff,0xdb,0xff,0x38,0x1c,0xf4,"ff db ff 38 1c f4 00 00"
2025-10-25 10:07:10,74.18,0xff,0xdb,0xff,0x38,0x1c,0xfa,"ff db ff 38 1c fa 00 00"
2025-10-25 10:07:10,74.18,0xff,0xdb,0xff,0x38,0x1c,0xfa,"ff db ff 38 1c fa 00 00"
2025-10-25 10:07:10,74.25,0xff,0xdb,0xff,0x38,0x1d,0x01,"ff db ff 38 1d 01 00 00"
2025-10-25 10:07:10,74.25,0xff,0xdb,0xff,0x38,0x1d,0x01,"ff db ff 38 1d 01 00 00"
2025-10-25 10:07:10,74.31,0xff,0xdb,0xff,0x38,0x1d,0x07,"ff db ff 38 1d 07 00 00"
2025-10-25 10:07:10,74.31,0xff,0xdb,0xff,0x38,0x1d,0x07,"ff db ff 38 1d 07 00 00"
2025-10-25 10:07:10,74.34,0xff,0xdb,0xff,0x38,0x1d,0x0a,"ff db ff 38 1d 0a 00 00"
2025-10-25 10:07:10,74.34,0xff,0xdb,0xff,0x38,0x1d,0x0a,"ff db ff 38 1d 0a 00 00"
2025-10-25 10:07:10,74.43,0xff,0xdb,0xff,0x38,0x1d,0x13,"ff db ff 38 1d 13 00 00"
2025-10-25 10:07:10,74.43,0xff,0xe1,0xff,0x38,0x1d,0x13,"ff e1 ff 38 1d 13 00 00"
2025-10-25 10:07:10,74.5,0xff,0xe1,0xff,0x38,0x1d,0x1a,"ff e1 ff 38 1d 1a 00 00"
2025-10-25 10:07:10,74.56,0xff,0xe1,0xff,0x38,0x1d,0x20,"ff e1 ff 38 1d 20 00 00"
2025-10-25 10:07:10,74.56,0xff,0xe1,0xff,0x38,0x1d,0x20,"ff e1 ff 38 1d 20 00 00"
2025-10-25 10:07:10,74.56,0xff,0xe1,0xff,0x38,0x1d,0x20,"ff e1 ff 38 1d 20 00 00"
2025-10-25 10:07:10,74.62,0xff,0xe1,0xff,0x38,0x1d,0x26,"ff e1 ff 38 1d 26 00 00"
2025-10-25 10:07:10,74.68,0xff,0xe1,0xff,0x38,0x1d,0x2c,"ff e1 ff 38 1d 2c 00 00"
2025-10-25 10:07:10,74.68,0xff,0xe1,0xff,0x38,0x1d,0x2c,"ff e1 ff 38 1d 2c 00 00"
2025-10-25 10:07:10,74.75,0xff,0xe1,0xff,0x38,0x1d,0x33,"ff e1 ff 38 1d 33 00 00"
2025-10-25 10:07:10,74.75,0xff,0xe1,0xff,0x38,0x1d,0x33,"ff e1 ff 38 1d 33 00 00"
2025-10-25 10:07:10,74.81,0xff,0xe1,0xff,0x38,0x1d,0x39,"ff e1 ff 38 1d 39 00 00"
2025-10-25 10:07:10,74.81,0xff,0xe1,0xff,0x38,0x1d,0x39,"ff e1 ff 38 1d 39 00 00"
2025-10-25 10:07:10,74.87,0xff,0xe1,0xff,0x38,0x1d,0x3f,"ff e1 ff 38 1d 3f 00 00"
2025-10-25 10:07:10,74.93,0xff,0xe1,0xff,0x38,0x1d,0x45,"ff e1 ff 38 1d 45 00 00"
2025-10-25 10:07:11,74.93,0xff,0xe1,0xff,0x38,0x1d,0x45,"ff e1 ff 38 1d 45 00 00"
2025-10-25 10:07:11,75,0xff,0xe1,0xff,0x38,0x1d,0x4c,"ff e1 ff 38 1d 4c 00 00"
2025-10-25 10:07:11,75,0xff,0xe1,0xff,0x38,0x1d,0x4c,"ff e1 ff 38 1d 4c 00 00"
2025-10-25 10:07:11,75.06,0xff,0xe1,0xff,0x38,0x1d,0x52,"ff e1 ff 38 1d 52 00 00"
2025-10-25 10:07:11,75.12,0xff,0xe1,0xff,0x38,0x1d,0x58,"ff e1 ff 38 1d 58 00 00"
2025-10-25 10:07:11,75.12,0xff,0xe1,0xff,0x38,0x1d,0x58,"ff e1 ff 38 1d 58 00 00"
2025-10-25 10:07:11,75.18,0xff,0xe1,0xff,0x38,0x1d,0x5e,"ff e1 ff 38 1d 5e 00 00"
2025-10-25 10:07:11,75.25,0xff,0xe1,0xff,0x38,0x1d,0x65,"ff e1 ff 38 1d 65 00 00"
2025-10-25 10:07:11,75.31,0xff,0xe1,0xff,0x38,0x1d,0x6b,"ff e1 ff 38 1d 6b 00 00"
2025-10-25 10:07:11,75.31,0xff,0xe1,0xff,0x38,0x1d,0x6b,"ff e1 ff 38 1d 6b 00 00"
2025-10-25 10:07:11,75.37,0xff,0xe1,0xff,0x38,0x1d,0x71,"ff e1 ff 38 1d 71 00 00"
2025-10-25 10:07:11,75.43,0xff,0xe1,0xff,0x38,0x1d,0x77,"ff e1 ff 38 1d 77 00 00"
2025-10-25 10:07:11,75.43,0xff,0xe1,0xff,0x38,0x1d,0x77,"ff e1 ff 38 1d 77 00 00"
2025-10-25 10:07:11,75.5,0xff,0xe1,0xff,0x38,0x1d,0x7e,"ff e1 ff 38 1d 7e 00 00"
2025-10-25 10:07:11,75.56,0xff,0xe1,0xff,0x38,0x1d,0x84,"ff e1 ff 38 1d 84 00 00"
2025-10-25 10:07:11,75.62,0xff,0xe1,0xff,0x38,0x1d,0x8a,"ff e1 ff 38 1d 8a 00 00"
2025-10-25 10:07:11,75.62,0xff,0xe1,0xff,0x38,0x1d,0x8a,"ff e1 ff 38 1d 8a 00 00"
2025-10-25 10:07:11,75.68,0xff,0xe1,0xff,0x38,0x1d,0x90,"ff e1 ff 38 1d 90 00 00"
2025-10-25 10:07:11,75.75,0xff,0xe1,0xff,0x38,0x1d,0x97,"ff e1 ff 38 1d 97 00 00"
2025-10-25 10:07:11,75.81,0xff,0xe1,0xff,0x38,0x1d,0x9d,"ff e1 ff 38 1d 9d 00 00"
2025-10-25 10:07:11,75.81,0xff,0xe1,0xff,0x38,0x1d,0x9d,"ff e1 ff 38 1d 9d 00 00"
2025-10-25 10:07:11,75.87,0xff,0xe1,0xff,0x38,0x1d,0xa3,"ff e1 ff 38 1d a3 00 00"
2025-10-25 10:07:11,75.93,0xff,0xe1,0xff,0x38,0x1d,0xa9,"ff e1 ff 38 1d a9 00 00"
2025-10-25 10:07:11,75.93,0xff,0xe1,0xff,0x38,0x1d,0xa9,"ff e1 ff 38 1d a9 00 00"
2025-10-25 10:07:11,76,0xff,0xe1,0xff,0x38,0x1d,0xb0,"ff e1 ff 38 1d b0 00 00"
2025-10-25 10:07:11,76.06,0xff,0xe1,0xff,0x38,0x1d,0xb6,"ff e1 ff 38 1d b6 00 00"
2025-10-25 10:07:11,76.06,0xff,0xe1,0xff,0x38,0x1d,0xb6,"ff e1 ff 38 1d b6 00 00"
2025-10-25 10:07:11,76,0xff,0xe1,0xff,0x38,0x1d,0xb0,"ff e1 ff 38 1d b0 00 00"
2025-10-25 10:07:11,75.93,0xff,0xe1,0xff,0x3f,0x1d,0xa9,"ff e1 ff 3f 1d a9 00 00"
2025-10-25 10:07:11,75.87,0xff,0xdb,0xff,0x45,0x1d,0xa3,"ff db ff 45 1d a3 00 00"
2025-10-25 10:07:11,75.75,0xff,0xdb,0xff,0x4b,0x1d,0x97,"ff db ff 4b 1d 97 00 00"
2025-10-25 10:07:11,75.68,0xff,0xdb,0xff,0x4b,0x1d,0x90,"ff db ff 4b 1d 90 00 00"
2025-10-25 10:07:11,75.5,0xff,0xdb,0xff,0x4b,0x1d,0x7e,"ff db ff 4b 1d 7e 00 00"
2025-10-25 10:07:11,75.37,0xff,0xdb,0xff,0x4b,0x1d,0x71,"ff db ff 4b 1d 71 00 00"
2025-10-25 10:07:12,75.25,0xff,0xdb,0xff,0x4b,0x1d,0x65,"ff db ff 4b 1d 65 00 00"
2025-10-25 10:07:12,75.12,0xff,0xdb,0xff,0x4b,0x1d,0x58,"ff db ff 4b 1d 58 00 00"
2025-10-25 10:07:12,75.06,0xff,0xdb,0xff,0x4b,0x1d,0x52,"ff db ff 4b 1d 52 00 00"
2025-10-25 10:07:12,74.93,0xff,0xdb,0xff,0x4b,0x1d,0x45,"ff db ff 4b 1d 45 00 00"
2025-10-25 10:07:12,74.81,0xff,0xd5,0xff,0x4b,0x1d,0x39,"ff d5 ff 4b 1d 39 00 00"
2025-10-25 10:07:12,74.75,0xff,0xd5,0xff,0x4b,0x1d,0x33,"ff d5 ff 4b 1d 33 00 00"
2025-10-25 10:07:12,74.62,0xff,0xd5,0xff,0x4b,0x1d,0x26,"ff d5 ff 4b 1d 26 00 00"
2025-10-25 10:07:12,74.56,0xff,0xd5,0xff,0x4b,0x1d,0x20,"ff d5 ff 4b 1d 20 00 00"
2025-10-25 10:07:12,74.43,0xff,0xd5,0xff,0x4b,0x1d,0x13,"ff d5 ff 4b 1d 13 00 00"
2025-10-25 10:07:12,74.34,0xff,0xd5,0xff,0x4b,0x1d,0x0a,"ff d5 ff 4b 1d 0a 00 00"
2025-10-25 10:07:12,74.25,0xff,0xce,0xff,0x4b,0x1d,0x01,"ff ce ff 4b 1d 01 00 00"
2025-10-25 10:07:12,74.18,0xff,0xce,0xff,0x4b,0x1c,0xfa,"ff ce ff 4b 1c fa 00 00"
2025-10-25 10:07:12,74.06,0xff,0xce,0xff,0x4b,0x1c,0xee,"ff ce ff 4b 1c ee 00 00"
2025-10-25 10:07:12,73.87,0xff,0xce,0xff,0x4b,0x1c,0xdb,"ff ce ff 4b 1c db 00 00"
2025-10-25 10:07:12,73.75,0xff,0xce,0xff,0x4b,0x1c,0xcf,"ff ce ff 4b 1c cf 00 00"
2025-10-25 10:07:12,73.62,0xff,0xce,0xff,0x4b,0x1c,0xc2,"ff ce ff 4b 1c c2 00 00"
2025-10-25 10:07:12,73.56,0xff,0xce,0xff,0x4b,0x1c,0xbc,"ff ce ff 4b 1c bc 00 00"
2025-10-25 10:07:12,73.43,0xff,0xce,0xff,0x4b,0x1c,0xaf,"ff ce ff 4b 1c af 00 00"
2025-10-25 10:07:12,73.31,0xff,0xce,0xff,0x4b,0x1c,0xa3,"ff ce ff 4b 1c a3 00 00"
2025-10-25 10:07:12,73.18,0xff,0xce,0xff,0x4b,0x1c,0x96,"ff ce ff 4b 1c 96 00 00"
2025-10-25 10:07:12,73.06,0xff,0xce,0xff,0x4b,0x1c,0x8a,"ff ce ff 4b 1c 8a 00 00"
2025-10-25 10:07:12,72.93,0xff,0xce,0xff,0x4b,0x1c,0x7d,"ff ce ff 4b 1c 7d 00 00"
2025-10-25 10:07:12,72.81,0xff,0xce,0xff,0x4b,0x1c,0x71,"ff ce ff 4b 1c 71 00 00"
2025-10-25 10:07:12,72.68,0xff,0xce,0xff,0x4b,0x1c,0x64,"ff ce ff 4b 1c 64 00 00"
2025-10-25 10:07:12,72.56,0xff,0xc8,0xff,0x4b,0x1c,0x58,"ff c8 ff 4b 1c 58 00 00"
2025-10-25 10:07:12,72.43,0xff,0xc8,0xff,0x4b,0x1c,0x4b,"ff c8 ff 4b 1c 4b 00 00"
2025-10-25 10:07:12,72.31,0xff,0xc8,0xff,0x4b,0x1c,0x3f,"ff c8 ff 4b 1c 3f 00 00"
2025-10-25 10:07:12,72.18,0xff,0xc8,0xff,0x51,0x1c,0x32,"ff c8 ff 51 1c 32 00 00"
2025-10-25 10:07:12,72,0xff,0xc8,0xff,0x51,0x1c,0x20,"ff c8 ff 51 1c 20 00 00"
2025-10-25 10:07:12,71.93,0xff,0xc8,0xff,0x51,0x1c,0x19,"ff c8 ff 51 1c 19 00 00"
2025-10-25 10:07:12,71.78,0xff,0xc8,0xff,0x51,0x1c,0x0a,"ff c8 ff 51 1c 0a 00 00"
2025-10-25 10:07:12,71.68,0xff,0xc8,0xff,0x4b,0x1c,0x00,"ff c8 ff 4b 1c 00 00 00"
2025-10-25 10:07:12,71.56,0xff,0xc8,0xff,0x4b,0x1b,0xf4,"ff c8 ff 4b 1b f4 00 00"
2025-10-25 10:07:12,71.43,0xff,0xc8,0xff,0x4b,0x1b,0xe7,"ff c8 ff 4b 1b e7 00 00"
2025-10-25 10:07:13,71.31,0xff,0xc2,0xff,0x51,0x1b,0xdb,"ff c2 ff 51 1b db 00 00"
2025-10-25 10:07:13,71.18,0xff,0xc2,0xff,0x51,0x1b,0xce,"ff c2 ff 51 1b ce 00 00"
2025-10-25 10:07:13,71.06,0xff,0xc2,0xff,0x51,0x1b,0xc2,"ff c2 ff 51 1b c2 00 00"
2025-10-25 10:07:13,70.93,0xff,0xc2,0xff,0x51,0x1b,0xb5,"ff c2 ff 51 1b b5 00 00"
2025-10-25 10:07:13,70.81,0xff,0xc2,0xff,0x51,0x1b,0xa9,"ff c2 ff 51 1b a9 00 00"
2025-10-25 10:07:13,70.68,0xff,0xc2,0xff,0x51,0x1b,0x9c,"ff c2 ff 51 1b 9c 00 00"
2025-10-25 10:07:13,70.56,0xff,0xc2,0xff,0x51,0x1b,0x90,"ff c2 ff 51 1b 90 00 00"
2025-10-25 10:07:13,70.43,0xff,0xc2,0xff,0x51,0x1b,0x83,"ff c2 ff 51 1b 83 00 00"
2025-10-25 10:07:13,70.31,0xff,0xc2,0xff,0x51,0x1b,0x77,"ff c2 ff 51 1b 77 00 00"
2025-10-25 10:07:13,70.18,0xff,0xc2,0xff,0x51,0x1b,0x6a,"ff c2 ff 51 1b 6a 00 00"
2025-10-25 10:07:13,70.06,0xff,0xc2,0xff,0x51,0x1b,0x5e,"ff c2 ff 51 1b 5e 00 00"
2025-10-25 10:07:13,69.93,0xff,0xc2,0xff,0x51,0x1b,0x51,"ff c2 ff 51 1b 51 00 00"
2025-10-25 10:07:13,69.81,0xff,0xc2,0xff,0x51,0x1b,0x45,"ff c2 ff 51 1b 45 00 00"
2025-10-25 10:07:13,69.68,0xff,0xc2,0xff,0x51,0x1b,0x38,"ff c2 ff 51 1b 38 00 00"
2025-10-25 10:07:13,69.56,0xff,0xbc,0xff,0x51,0x1b,0x2c,"ff bc ff 51 1b 2c 00 00"
2025-10-25 10:07:13,69.5,0xff,0xbc,0xff,0x51,0x1b,0x26,"ff bc ff 51 1b 26 00 00"
2025-10-25 10:07:13,69.37,0xff,0xbc,0xff,0x51,0x1b,0x19,"ff bc ff 51 1b 19 00 00"
2025-10-25 10:07:13,69.22,0xff,0xbc,0xff,0x51,0x1b,0x0a,"ff bc ff 51 1b 0a 00 00"
2025-10-25 10:07:13,69.12,0xff,0xbc,0xff,0x51,0x1b,0x00,"ff bc ff 51 1b 00 00 00"
2025-10-25 10:07:13,69,0xff,0xbc,0xff,0x51,0x1a,0xf4,"ff bc ff 51 1a f4 00 00"
2025-10-25 10:07:13,68.87,0xff,0xbc,0xff,0x51,0x1a,0xe7,"ff bc ff 51 1a e7 00 00"
2025-10-25 10:07:13,68.81,0xff,0xbc,0xff,0x51,0x1a,0xe1,"ff bc ff 51 1a e1 00 00"
2025-10-25 10:07:13,68.75,0xff,0xbc,0xff,0x51,0x1a,0xdb,"ff bc ff 51 1a db 00 00"
2025-10-25 10:07:13,68.62,0xff,0xbc,0xff,0x51,0x1a,0xce,"ff bc ff 51 1a ce 00 00"
2025-10-25 10:07:13,68.43,0xff,0xbc,0xff,0x51,0x1a,0xbb,"ff bc ff 51 1a bb 00 00"
2025-10-25 10:07:13,68.31,0xff,0xbc,0xff,0x51,0x1a,0xaf,"ff bc ff 51 1a af 00 00"
2025-10-25 10:07:13,68.18,0xff,0xbc,0xff,0x51,0x1a,0xa2,"ff bc ff 51 1a a2 00 00"
2025-10-25 10:07:13,68.12,0xff,0xbc,0xff,0x51,0x1a,0x9c,"ff bc ff 51 1a 9c 00 00"
2025-10-25 10:07:13,68.06,0xff,0xbc,0xff,0x51,0x1a,0x96,"ff bc ff 51 1a 96 00 00"
2025-10-25 10:07:13,68,0xff,0xbc,0xff,0x51,0x1a,0x90,"ff bc ff 51 1a 90 00 00"
2025-10-25 10:07:13,67.93,0xff,0xbc,0xff,0x51,0x1a,0x89,"ff bc ff 51 1a 89 00 00"
2025-10-25 10:07:13,67.81,0xff,0xbc,0xff,0x51,0x1a,0x7d,"ff bc ff 51 1a 7d 00 00"
2025-10-25 10:07:13,67.68,0xff,0xbc,0xff,0x51,0x1a,0x70,"ff bc ff 51 1a 70 00 00"
2025-10-25 10:07:13,67.62,0xff,0xbc,0xff,0x51,0x1a,0x6a,"ff bc ff 51 1a 6a 00 00"
2025-10-25 10:07:14,67.5,0xff,0xb5,0xff,0x51,0x1a,0x5e,"ff b5 ff 51 1a 5e 00 00"
2025-10-25 10:07:14,67.43,0xff,0xb5,0xff,0x51,0x1a,0x57,"ff b5 ff 51 1a 57 00 00"
2025-10-25 10:07:14,67.31,0xff,0xb5,0xff,0x51,0x1a,0x4b,"ff b5 ff 51 1a 4b 00 00"
2025-10-25 10:07:14,67.25,0xff,0xb5,0xff,0x51,0x1a,0x45,"ff b5 ff 51 1a 45 00 00"
2025-10-25 10:07:14,67.12,0xff,0xb5,0xff,0x51,0x1a,0x38,"ff b5 ff 51 1a 38 00 00"
2025-10-25 10:07:14,67,0xff,0xb5,0xff,0x51,0x1a,0x2c,"ff b5 ff 51 1a 2c 00 00"
2025-10-25 10:07:14,66.93,0xff,0xb5,0xff,0x51,0x1a,0x25,"ff b5 ff 51 1a 25 00 00"
2025-10-25 10:07:14,66.87,0xff,0xb5,0xff,0x51,0x1a,0x1f,"ff b5 ff 51 1a 1f 00 00"
2025-10-25 10:07:14,66.81,0xff,0xb5,0xff,0x51,0x1a,0x19,"ff b5 ff 51 1a 19 00 00"
2025-10-25 10:07:14,66.68,0xff,0xb5,0xff,0x51,0x1a,0x0c,"ff b5 ff 51 1a 0c 00 00"
2025-10-25 10:07:14,66.62,0xff,0xb5,0xff,0x51,0x1a,0x06,"ff b5 ff 51 1a 06 00 00"
2025-10-25 10:07:14,66.5,0xff,0xb5,0xff,0x51,0x19,0xfa,"ff b5 ff 51 19 fa 00 00"
2025-10-25 10:07:14,66.37,0xff,0xb5,0xff,0x51,0x19,0xed,"ff b5 ff 51 19 ed 00 00"
2025-10-25 10:07:14,66.31,0xff,0xb5,0xff,0x51,0x19,0xe7,"ff b5 ff 51 19 e7 00 00"
2025-10-25 10:07:14,66.18,0xff,0xb5,0xff,0x51,0x19,0xda,"ff b5 ff 51 19 da 00 00"
2025-10-25 10:07:14,66.12,0xff,0xb5,0xff,0x51,0x19,0xd4,"ff b5 ff 51 19 d4 00 00"
2025-10-25 10:07:14,66.06,0xff,0xb5,0xff,0x51,0x19,0xce,"ff b5 ff 51 19 ce 00 00"
2025-10-25 10:07:14,65.93,0xff,0xb5,0xff,0x51,0x19,0xc1,"ff b5 ff 51 19 c1 00 00"
2025-10-25 10:07:14,65.87,0xff,0xb5,0xff,0x51,0x19,0xbb,"ff b5 ff 51 19 bb 00 00"
2025-10-25 10:07:14,65.75,0xff,0xb5,0xff,0x58,0x19,0xaf,"ff b5 ff 58 19 af 00 00"
2025-10-25 10:07:14,65.75,0xff,0xb5,0xff,0x58,0x19,0xaf,"ff b5 ff 58 19 af 00 00"
2025-10-25 10:07:14,65.62,0xff,0xb5,0xff,0x51,0x19,0xa2,"ff b5 ff 51 19 a2 00 00"
2025-10-25 10:07:14,65.56,0xff,0xb5,0xff,0x51,0x19,0x9c,"ff b5 ff 51 19 9c 00 00"
2025-10-25 10:07:14,65.5,0xff,0xb5,0xff,0x51,0x19,0x96,"ff b5 ff 51 19 96 00 00"
2025-10-25 10:07:14,65.5,0xff,0xaf,0xff,0x51,0x19,0x96,"ff af ff 51 19 96 00 00"
2025-10-25 10:07:14,65.5,0xff,0xaf,0xff,0x51,0x19,0x96,"ff af ff 51 19 96 00 00"
2025-10-25 10:07:14,65.5,0xff,0xb5,0xff,0x4b,0x19,0x96,"ff b5 ff 4b 19 96 00 00"
2025-10-25 10:07:14,65.56,0xff,0xb5,0xff,0x4b,0x19,0x9c,"ff b5 ff 4b 19 9c 00 00"
2025-10-25 10:07:14,65.56,0xff,0xb5,0xff,0x45,0x19,0x9c,"ff b5 ff 45 19 9c 00 00"
2025-10-25 10:07:14,65.68,0xff,0xb5,0xff,0x3f,0x19,0xa8,"ff b5 ff 3f 19 a8 00 00"
2025-10-25 10:07:14,65.75,0xff,0xaf,0xff,0x3f,0x19,0xaf,"ff af ff 3f 19 af 00 00"
2025-10-25 10:07:14,65.93,0xff,0xb5,0xff,0x3f,0x19,0xc1,"ff b5 ff 3f 19 c1 00 00"
2025-10-25 10:07:14,66.12,0xff,0xb5,0xff,0x3f,0x19,0xd4,"ff b5 ff 3f 19 d4 00 00"
2025-10-25 10:07:14,66.25,0xff,0xb5,0xff,0x3f,0x19,0xe1,"ff b5 ff 3f 19 e1 00 00"
2025-10-25 10:07:15,66.43,0xff,0xb5,0xff,0x3f,0x19,0xf3,"ff b5 ff 3f 19 f3 00 00"
2025-10-25 10:07:15,66.62,0xff,0xb5,0xff,0x3f,0x1a,0x06,"ff b5 ff 3f 1a 06 00 00"
2025-10-25 10:07:15,66.87,0xff,0xb5,0xff,0x3f,0x1a,0x1f,"ff b5 ff 3f 1a 1f 00 00"
2025-10-25 10:07:15,67.06,0xff,0xb5,0xff,0x38,0x1a,0x32,"ff b5 ff 38 1a 32 00 00"
2025-10-25 10:07:15,67.31,0xff,0xb5,0xff,0x38,0x1a,0x4b,"ff b5 ff 38 1a 4b 00 00"
2025-10-25 10:07:15,67.43,0xff,0xb5,0xff,0x38,0x1a,0x57,"ff b5 ff 38 1a 57 00 00"
2025-10-25 10:07:15,67.68,0xff,0xbc,0xff,0x38,0x1a,0x70,"ff bc ff 38 1a 70 00 00"
2025-10-25 10:07:15,67.87,0xff,0xbc,0xff,0x38,0x1a,0x83,"ff bc ff 38 1a 83 00 00"
2025-10-25 10:07:15,68.12,0xff,0xbc,0xff,0x38,0x1a,0x9c,"ff bc ff 38 1a 9c 00 00"
2025-10-25 10:07:15,68.31,0xff,0xbc,0xff,0x38,0x1a,0xaf,"ff bc ff 38 1a af 00 00"
2025-10-25 10:07:15,68.56,0xff,0xbc,0xff,0x38,0x1a,0xc8,"ff bc ff 38 1a c8 00 00"
2025-10-25 10:07:15,68.81,0xff,0xbc,0xff,0x38,0x1a,0xe1,"ff bc ff 38 1a e1 00 00"
2025-10-25 10:07:15,69.06,0xff,0xbc,0xff,0x38,0x1a,0xfa,"ff bc ff 38 1a fa 00 00"
2025-10-25 10:07:15,69.22,0xff,0xbc,0xff,0x38,0x1b,0x0a,"ff bc ff 38 1b 0a 00 00"
2025-10-25 10:07:15,69.43,0xff,0xc2,0xff,0x38,0x1b,0x1f,"ff c2 ff 38 1b 1f 00 00"
2025-10-25 10:07:15,69.62,0xff,0xc2,0xff,0x38,0x1b,0x32,"ff c2 ff 38 1b 32 00 00"
2025-10-25 10:07:15,69.87,0xff,0xc2,0xff,0x38,0x1b,0x4b,"ff c2 ff 38 1b 4b 00 00"
2025-10-25 10:07:15,70.06,0xff,0xc2,0xff,0x38,0x1b,0x5e,"ff c2 ff 38 1b 5e 00 00"
2025-10-25 10:07:15,70.25,0xff,0xc2,0xff,0x38,0x1b,0x71,"ff c2 ff 38 1b 71 00 00"
2025-10-25 10:07:15,70.43,0xff,0xc2,0xff,0x38,0x1b,0x83,"ff c2 ff 38 1b 83 00 00"
2025-10-25 10:07:15,70.62,0xff,0xc2,0xff,0x38,0x1b,0x96,"ff c2 ff 38 1b 96 00 00"
2025-10-25 10:07:15,70.81,0xff,0xc2,0xff,0x38,0x1b,0xa9,"ff c2 ff 38 1b a9 00 00"
2025-10-25 10:07:15,71,0xff,0xc2,0xff,0x38,0x1b,0xbc,"ff c2 ff 38 1b bc 00 00"
2025-10-25 10:07:15,71.18,0xff,0xc2,0xff,0x38,0x1b,0xce,"ff c2 ff 38 1b ce 00 00"
2025-10-25 10:07:15,71.37,0xff,0xc2,0xff,0x38,0x1b,0xe1,"ff c2 ff 38 1b e1 00 00"
2025-10-25 10:07:15,71.56,0xff,0xc8,0xff,0x38,0x1b,0xf4,"ff c8 ff 38 1b f4 00 00"
2025-10-25 10:07:15,71.68,0xff,0xc8,0xff,0x38,0x1c,0x00,"ff c8 ff 38 1c 00 00 00"
2025-10-25 10:07:15,71.87,0xff,0xc8,0xff,0x38,0x1c,0x13,"ff c8 ff 38 1c 13 00 00"
2025-10-25 10:07:15,72.06,0xff,0xc8,0xff,0x38,0x1c,0x26,"ff c8 ff 38 1c 26 00 00"
2025-10-25 10:07:15,72.18,0xff,0xc8,0xff,0x3f,0x1c,0x32,"ff c8 ff 3f 1c 32 00 00"
2025-10-25 10:07:15,72.37,0xff,0xc8,0xff,0x3f,0x1c,0x45,"ff c8 ff 3f 1c 45 00 00"
2025-10-25 10:07:15,72.5,0xff,0xc8,0xff,0x3f,0x1c,0x52,"ff c8 ff 3f 1c 52 00 00"
2025-10-25 10:07:15,72.68,0xff,0xc8,0xff,0x3f,0x1c,0x64,"ff c8 ff 3f 1c 64 00 00"
2025-10-25 10:07:15,72.75,0xff,0xc8,0xff,0x3f,0x1c,0x6b,"ff c8 ff 3f 1c 6b 00 00"
2025-10-25 10:07:15,72.87,0xff,0xc8,0xff,0x3f,0x1c,0x77,"ff c8 ff 3f 1c 77 00 00"
2025-10-25 10:07:16,73,0xff,0xc8,0xff,0x3f,0x1c,0x84,"ff c8 ff 3f 1c 84 00 00"
2025-10-25 10:07:16,73.06,0xff,0xc8,0xff,0x3f,0x1c,0x8a,"ff c8 ff 3f 1c 8a 00 00"
2025-10-25 10:07:16,73.12,0xff,0xc8,0xff,0x3f,0x1c,0x90,"ff c8 ff 3f 1c 90 00 00"
2025-10-25 10:07:16,73.18,0xff,0xc8,0xff,0x3f,0x1c,0x96,"ff c8 ff 3f 1c 96 00 00"
2025-10-25 10:07:16,73.25,0xff,0xc8,0xff,0x3f,0x1c,0x9d,"ff c8 ff 3f 1c 9d 00 00"
2025-10-25 10:07:16,73.31,0xff,0xc8,0xff,0x3f,0x1c,0xa3,"ff c8 ff 3f 1c a3 00 00"
2025-10-25 10:07:16,73.37,0xff,0xc8,0xff,0x3f,0x1c,0xa9,"ff c8 ff 3f 1c a9 00 00"
2025-10-25 10:07:16,73.43,0xff,0xc8,0xff,0x3f,0x1c,0xaf,"ff c8 ff 3f 1c af 00 00"
2025-10-25 10:07:16,73.43,0xff,0xc8,0xff,0x3f,0x1c,0xaf,"ff c8 ff 3f 1c af 00 00"
2025-10-25 10:07:16,73.5,0xff,0xc8,0xff,0x3f,0x1c,0xb6,"ff c8 ff 3f 1c b6 00 00"
2025-10-25 10:07:16,73.5,0xff,0xc8,0xff,0x3f,0x1c,0xb6,"ff c8 ff 3f 1c b6 00 00"
2025-10-25 10:07:16,73.5,0xff,0xc8,0xff,0x3f,0x1c,0xb6,"ff c8 ff 3f 1c b6 00 00"
2025-10-25 10:07:16,73.5,0xff,0xc8,0xff,0x3f,0x1c,0xb6,"ff c8 ff 3f 1c b6 00 00"
2025-10-25 10:07:16,73.5,0xff,0xc8,0xff,0x3f,0x1c,0xb6,"ff c8 ff 3f 1c b6 00 00"
2025-10-25 10:07:16,73.5,0xff,0xc8,0xff,0x3f,0x1c,0xb6,"ff c8 ff 3f 1c b6 00 00"
2025-10-25 10:07:16,73.56,0xff,0xc8,0xff,0x3f,0x1c,0xbc,"ff c8 ff 3f 1c bc 00 00"
2025-10-25 10:07:16,73.56,0xff,0xc8,0xff,0x3f,0x1c,0xbc,"ff c8 ff 3f 1c bc 00 00"
2025-10-25 10:07:16,73.62,0xff,0xc8,0xff,0x3f,0x1c,0xc2,"ff c8 ff 3f 1c c2 00 00"
2025-10-25 10:07:16,73.62,0xff,0xc8,0xff,0x3f,0x1c,0xc2,"ff c8 ff 3f 1c c2 00 00"
2025-10-25 10:07:16,73.68,0xff,0xc8,0xff,0x3f,0x1c,0xc8,"ff c8 ff 3f 1c c8 00 00"
2025-10-25 10:07:16,73.75,0xff,0xc8,0xff,0x3f,0x1c,0xcf,"ff c8 ff 3f 1c cf 00 00"
2025-10-25 10:07:16,73.75,0xff,0xc8,0xff,0x45,0x1c,0xcf,"ff c8 ff 45 1c cf 00 00"
2025-10-25 10:07:16,73.75,0xff,0xc8,0xff,0x45,0x1c,0xcf,"ff c8 ff 45 1c cf 00 00"
2025-10-25 10:07:16,73.75,0xff,0xc8,0xff,0x45,0x1c,0xcf,"ff c8 ff 45 1c cf 00 00"
2025-10-25 10:07:16,73.75,0xff,0xc8,0xff,0x45,0x1c,0xcf,"ff c8 ff 45 1c cf 00 00"
2025-10-25 10:07:16,73.75,0xff,0xc8,0xff,0x45,0x1c,0xcf,"ff c8 ff 45 1c cf 00 00"
2025-10-25 10:07:16,73.75,0xff,0xc8,0xff,0x45,0x1c,0xcf,"ff c8 ff 45 1c cf 00 00"
2025-10-25 10:07:16,73.75,0xff,0xc8,0xff,0x45,0x1c,0xcf,"ff c8 ff 45 1c cf 00 00"
2025-10-25 10:07:16,73.75,0xff,0xc8,0xff,0x45,0x1c,0xcf,"ff c8 ff 45 1c cf 00 00"
2025-10-25 10:07:16,73.75,0xff,0xc8,0xff,0x45,0x1c,0xcf,"ff c8 ff 45 1c cf 00 00"
2025-10-25 10:07:16,73.75,0xff,0xc8,0xff,0x45,0x1c,0xcf,"ff c8 ff 45 1c cf 00 00"
2025-10-25 10:07:16,73.68,0xff,0xc8,0xff,0x45,0x1c,0xc8,"ff c8 ff 45 1c c8 00 00"
2025-10-25 10:07:16,73.62,0xff,0xc8,0xff,0x4b,0x1c,0xc2,"ff c8 ff 4b 1c c2 00 00"
2025-10-25 10:07:17,73.56,0xff,0xc8,0xff,0x4b,0x1c,0xbc,"ff c8 ff 4b 1c bc 00 00"
2025-10-25 10:07:17,73.5,0xff,0xc8,0xff,0x4b,0x1c,0xb6,"ff c8 ff 4b 1c b6 00 00"
2025-10-25 10:07:17,73.37,0xff,0xc8,0xff,0x4b,0x1c,0xa9,"ff c8 ff 4b 1c a9 00 00"
2025-10-25 10:07:17,73.31,0xff,0xc8,0xff,0x4b,0x1c,0xa3,"ff c8 ff 4b 1c a3 00 00"
2025-10-25 10:07:17,73.18,0xff,0xc8,0xff,0x4b,0x1c,0x96,"ff c8 ff 4b 1c 96 00 00"
2025-10-25 10:07:17,73.06,0xff,0xc8,0xff,0x4b,0x1c,0x8a,"ff c8 ff 4b 1c 8a 00 00"
2025-10-25 10:07:17,72.93,0xff,0xc8,0xff,0x4b,0x1c,0x7d,"ff c8 ff 4b 1c 7d 00 00"
2025-10-25 10:07:17,72.87,0xff,0xc8,0xff,0x51,0x1c,0x77,"ff c8 ff 51 1c 77 00 00"
2025-10-25 10:07:17,72.75,0xff,0xc8,0xff,0x51,0x1c,0x6b,"ff c8 ff 51 1c 6b 00 00"
2025-10-25 10:07:17,72.62,0xff,0xc8,0xff,0x51,0x1c,0x5e,"ff c8 ff 51 1c 5e 00 00"
2025-10-25 10:07:17,72.56,0xff,0xc2,0xff,0x51,0x1c,0x58,"ff c2 ff 51 1c 58 00 00"
2025-10-25 10:07:17,72.43,0xff,0xc2,0xff,0x51,0x1c,0x4b,"ff c2 ff 51 1c 4b 00 00"
2025-10-25 10:07:17,72.31,0xff,0xc2,0xff,0x51,0x1c,0x3f,"ff c2 ff 51 1c 3f 00 00"
2025-10-25 10:07:17,72.18,0xff,0xc2,0xff,0x51,0x1c,0x32,"ff c2 ff 51 1c 32 00 00"
2025-10-25 10:07:17,72.06,0xff,0xc2,0xff,0x51,0x1c,0x26,"ff c2 ff 51 1c 26 00 00"
2025-10-25 10:07:17,71.93,0xff,0xc2,0xff,0x51,0x1c,0x19,"ff c2 ff 51 1c 19 00 00"
2025-10-25 10:07:17,71.87,0xff,0xc2,0xff,0x51,0x1c,0x13,"ff c2 ff 51 1c 13 00 00"
2025-10-25 10:07:17,71.75,0xff,0xc2,0xff,0x51,0x1c,0x07,"ff c2 ff 51 1c 07 00 00"
2025-10-25 10:07:17,71.62,0xff,0xc2,0xff,0x51,0x1b,0xfa,"ff c2 ff 51 1b fa 00 00"
2025-10-25 10:07:17,71.56,0xff,0xc2,0xff,0x51,0x1b,0xf4,"ff c2 ff 51 1b f4 00 00"
2025-10-25 10:07:17,71.43,0xff,0xc2,0xff,0x51,0x1b,0xe7,"ff c2 ff 51 1b e7 00 00"
2025-10-25 10:07:17,71.31,0xff,0xc2,0xff,0x51,0x1b,0xdb,"ff c2 ff 51 1b db 00 00"
2025-10-25 10:07:17,71.25,0xff,0xc2,0xff,0x51,0x1b,0xd5,"ff c2 ff 51 1b d5 00 00"
2025-10-25 10:07:17,71.18,0xff,0xc2,0xff,0x51,0x1b,0xce,"ff c2 ff 51 1b ce 00 00"
2025-10-25 10:07:17,71.06,0xff,0xc2,0xff,0x51,0x1b,0xc2,"ff c2 ff 51 1b c2 00 00"
2025-10-25 10:07:17,71,0xff,0xc2,0xff,0x51,0x1b,0xbc,"ff c2 ff 51 1b bc 00 00"
2025-10-25 10:07:17,70.93,0xff,0xc2,0xff,0x51,0x1b,0xb5,"ff c2 ff 51 1b b5 00 00"
2025-10-25 10:07:17,70.87,0xff,0xc2,0xff,0x51,0x1b,0xaf,"ff c2 ff 51 1b af 00 00"
2025-10-25 10:07:17,70.81,0xff,0xc2,0xff,0x51,0x1b,0xa9,"ff c2 ff 51 1b a9 00 00"
2025-10-25 10:07:17,70.75,0xff,0xc2,0xff,0x51,0x1b,0xa3,"ff c2 ff 51 1b a3 00 00"
2025-10-25 10:07:17,70.68,0xff,0xc2,0xff,0x51,0x1b,0x9c,"ff c2 ff 51 1b 9c 00 00"
2025-10-25 10:07:17,70.62,0xff,0xc2,0xff,0x51,0x1b,0x96,"ff c2 ff 51 1b 96 00 00"
2025-10-25 10:07:17,70.62,0xff,0xc2,0xff,0x51,0x1b,0x96,"ff c2 ff 51 1b 96 00 00"
2025-10-25 10:07:17,70.62,0xff,0xc2,0xff,0x51,0x1b,0x96,"ff c2 ff 51 1b 96 00 00"
2025-10-25 10:07:18,70.62,0xff,0xc2,0xff,0x51,0x1b,0x96,"ff c2 ff 51 1b 96 00 00"
2025-10-25 10:07:18,70.62,0xff,0xc2,0xff,0x51,0x1b,0x96,"ff c2 ff 51 1b 96 00 00"
2025-10-25 10:07:18,70.68,0xff,0xbc,0xff,0x4b,0x1b,0x9c,"ff bc ff 4b 1b 9c 00 00"
2025-10-25 10:07:18,70.75,0xff,0xbc,0xff,0x4b,0x1b,0xa3,"ff bc ff 4b 1b a3 00 00"
2025-10-25 10:07:18,70.81,0xff,0xbc,0xff,0x4b,0x1b,0xa9,"ff bc ff 4b 1b a9 00 00"
2025-10-25 10:07:18,70.93,0xff,0xbc,0xff,0x4b,0x1b,0xb5,"ff bc ff 4b 1b b5 00 00"
2025-10-25 10:07:18,71,0xff,0xbc,0xff,0x4b,0x1b,0xbc,"ff bc ff 4b 1b bc 00 00"
2025-10-25 10:07:18,71.18,0xff,0xbc,0xff,0x4b,0x1b,0xce,"ff bc ff 4b 1b ce 00 00"
2025-10-25 10:07:18,71.31,0xff,0xbc,0xff,0x45,0x1b,0xdb,"ff bc ff 45 1b db 00 00"
2025-10-25 10:07:18,71.56,0xff,0xc2,0xff,0x45,0x1b,0xf4,"ff c2 ff 45 1b f4 00 00"
2025-10-25 10:07:18,71.75,0xff,0xc2,0xff,0x45,0x1c,0x07,"ff c2 ff 45 1c 07 00 00"
2025-10-25 10:07:18,71.93,0xff,0xc2,0xff,0x45,0x1c,0x19,"ff c2 ff 45 1c 19 00 00"
2025-10-25 10:07:18,72.12,0xff,0xc2,0xff,0x45,0x1c,0x2c,"ff c2 ff 45 1c 2c 00 00"
2025-10-25 10:07:18,72.25,0xff,0xc2,0xff,0x45,0x1c,0x39,"ff c2 ff 45 1c 39 00 00"
2025-10-25 10:07:18,72.5,0xff,0xc2,0xff,0x45,0x1c,0x52,"ff c2 ff 45 1c 52 00 00"
2025-10-25 10:07:18,72.68,0xff,0xc2,0xff,0x45,0x1c,0x64,"ff c2 ff 45 1c 64 00 00"
2025-10-25 10:07:18,72.87,0xff,0xc2,0xff,0x45,0x1c,0x77,"ff c2 ff 45 1c 77 00 00"
2025-10-25 10:07:18,73.12,0xff,0xc2,0xff,0x45,0x1c,0x90,"ff c2 ff 45 1c 90 00 00"
2025-10-25 10:07:18,73.31,0xff,0xc2,0xff,0x45,0x1c,0xa3,"ff c2 ff 45 1c a3 00 00"
2025-10-25 10:07:18,73.5,0xff,0xc2,0xff,0x45,0x1c,0xb6,"ff c2 ff 45 1c b6 00 00"
2025-10-25 10:07:18,73.75,0xff,0xc2,0xff,0x45,0x1c,0xcf,"ff c2 ff 45 1c cf 00 00"
2025-10-25 10:07:18,73.87,0xff,0xc2,0xff,0x45,0x1c,0xdb,"ff c2 ff 45 1c db 00 00"
2025-10-25 10:07:18,74.06,0xff,0xc8,0xff,0x45,0x1c,0xee,"ff c8 ff 45 1c ee 00 00"
2025-10-25 10:07:18,74.31,0xff,0xc8,0xff,0x45,0x1d,0x07,"ff c8 ff 45 1d 07 00 00"
2025-10-25 10:07:18,74.5,0xff,0xc8,0xff,0x45,0x1d,0x1a,"ff c8 ff 45 1d 1a 00 00"
2025-10-25 10:07:18,74.68,0xff,0xc8,0xff,0x45,0x1d,0x2c,"ff c8 ff 45 1d 2c 00 00"
2025-10-25 10:07:18,74.87,0xff,0xc8,0xff,0x45,0x1d,0x3f,"ff c8 ff 45 1d 3f 00 00"
2025-10-25 10:07:18,75,0xff,0xc8,0xff,0x45,0x1d,0x4c,"ff c8 ff 45 1d 4c 00 00"
2025-10-25 10:07:18,75.18,0xff,0xc8,0xff,0x45,0x1d,0x5e,"ff c8 ff 45 1d 5e 00 00"
2025-10-25 10:07:18,75.31,0xff,0xc8,0xff,0x45,0x1d,0x6b,"ff c8 ff 45 1d 6b 00 00"
2025-10-25 10:07:18,75.5,0xff,0xc8,0xff,0x45,0x1d,0x7e,"ff c8 ff 45 1d 7e 00 00"
2025-10-25 10:07:18,75.68,0xff,0xc8,0xff,0x45,0x1d,0x90,"ff c8 ff 45 1d 90 00 00"
2025-10-25 10:07:18,75.75,0xff,0xc8,0xff,0x45,0x1d,0x97,"ff c8 ff 45 1d 97 00 00"
2025-10-25 10:07:18,75.93,0xff,0xc8,0xff,0x45,0x1d,0xa9,"ff c8 ff 45 1d a9 00 00"
2025-10-25 10:07:19,76.06,0xff,0xce,0xff,0x4b,0x1d,0xb6,"ff ce ff 4b 1d b6 00 00"
2025-10-25 10:07:19,76.18,0xff,0xce,0xff,0x4b,0x1d,0xc2,"ff ce ff 4b 1d c2 00 00"
2025-10-25 10:07:19,76.31,0xff,0xce,0xff,0x4b,0x1d,0xcf,"ff ce ff 4b 1d cf 00 00"
2025-10-25 10:07:19,76.43,0xff,0xce,0xff,0x4b,0x1d,0xdb,"ff ce ff 4b 1d db 00 00"
2025-10-25 10:07:19,76.56,0xff,0xce,0xff,0x4b,0x1d,0xe8,"ff ce ff 4b 1d e8 00 00"
2025-10-25 10:07:19,76.62,0xff,0xce,0xff,0x4b,0x1d,0xee,"ff ce ff 4b 1d ee 00 00"
2025-10-25 10:07:19,76.75,0xff,0xce,0xff,0x4b,0x1d,0xfb,"ff ce ff 4b 1d fb 00 00"
2025-10-25 10:07:19,76.81,0xff,0xce,0xff,0x4b,0x1e,0x01,"ff ce ff 4b 1e 01 00 00"
2025-10-25 10:07:19,76.87,0xff,0xce,0xff,0x4b,0x1e,0x07,"ff ce ff 4b 1e 07 00 00"
2025-10-25 10:07:19,76.87,0xff,0xce,0xff,0x51,0x1e,0x07,"ff ce ff 51 1e 07 00 00"
2025-10-25 10:07:19,76.87,0xff,0xce,0xff,0x51,0x1e,0x07,"ff ce ff 51 1e 07 00 00"
2025-10-25 10:07:19,76.87,0xff,0xce,0xff,0x51,0x1e,0x07,"ff ce ff 51 1e 07 00 00"
2025-10-25 10:07:19,76.87,0xff,0xce,0xff,0x51,0x1e,0x07,"ff ce ff 51 1e 07 00 00"
2025-10-25 10:07:19,76.81,0xff,0xce,0xff,0x58,0x1e,0x01,"ff ce ff 58 1e 01 00 00"
2025-10-25 10:07:19,76.81,0xff,0xce,0xff,0x58,0x1e,0x01,"ff ce ff 58 1e 01 00 00"
2025-10-25 10:07:19,76.75,0xff,0xce,0xff,0x58,0x1d,0xfb,"ff ce ff 58 1d fb 00 00"
2025-10-25 10:07:19,76.68,0xff,0xce,0xff,0x58,0x1d,0xf4,"ff ce ff 58 1d f4 00 00"
2025-10-25 10:07:19,76.56,0xff,0xce,0xff,0x58,0x1d,0xe8,"ff ce ff 58 1d e8 00 00"
2025-10-25 10:07:19,76.43,0xff,0xd5,0xff,0x5e,0x1d,0xdb,"ff d5 ff 5e 1d db 00 00"
2025-10-25 10:07:19,76.31,0xff,0xd5,0xff,0x5e,0x1d,0xcf,"ff d5 ff 5e 1d cf 00 00"
2025-10-25 10:07:19,76.18,0xff,0xd5,0xff,0x5e,0x1d,0xc2,"ff d5 ff 5e 1d c2 00 00"
2025-10-25 10:07:19,76.06,0xff,0xd5,0xff,0x5e,0x1d,0xb6,"ff d5 ff 5e 1d b6 00 00"
2025-10-25 10:07:19,75.93,0xff,0xd5,0xff,0x5e,0x1d,0xa9,"ff d5 ff 5e 1d a9 00 00"
2025-10-25 10:07:19,75.81,0xff,0xce,0xff,0x5e,0x1d,0x9d,"ff ce ff 5e 1d 9d 00 00"
2025-10-25 10:07:19,75.68,0xff,0xce,0xff,0x5e,0x1d,0x90,"ff ce ff 5e 1d 90 00 00"
2025-10-25 10:07:19,75.56,0xff,0xce,0xff,0x5e,0x1d,0x84,"ff ce ff 5e 1d 84 00 00"
2025-10-25 10:07:19,75.5,0xff,0xce,0xff,0x5e,0x1d,0x7e,"ff ce ff 5e 1d 7e 00 00"
2025-10-25 10:07:19,75.37,0xff,0xce,0xff,0x5e,0x1d,0x71,"ff ce ff 5e 1d 71 00 00"
2025-10-25 10:07:19,75.25,0xff,0xce,0xff,0x5e,0x1d,0x65,"ff ce ff 5e 1d 65 00 00"
2025-10-25 10:07:19,75.18,0xff,0xce,0xff,0x5e,0x1d,0x5e,"ff ce ff 5e 1d 5e 00 00"
2025-10-25 10:07:19,75.06,0xff,0xce,0xff,0x5e,0x1d,0x52,"ff ce ff 5e 1d 52 00 00"
2025-10-25 10:07:19,74.93,0xff,0xce,0xff,0x5e,0x1d,0x45,"ff ce ff 5e 1d 45 00 00"
2025-10-25 10:07:19,74.87,0xff,0xce,0xff,0x5e,0x1d,0x3f,"ff ce ff 5e 1d 3f 00 00"
2025-10-25 10:07:19,74.75,0xff,0xce,0xff,0x5e,0x1d,0x33,"ff ce ff 5e 1d 33 00 00"
2025-10-25 10:07:19,74.68,0xff,0xce,0xff,0x5e,0x1d,0x2c,"ff ce ff 5e 1d 2c 00 00"
2025-10-25 10:07:20,74.56,0xff,0xc8,0xff,0x5e,0x1d,0x20,"ff c8 ff 5e 1d 20 00 00"
2025-10-25 10:07:20,74.43,0xff,0xc8,0xff,0x5e,0x1d,0x13,"ff c8 ff 5e 1d 13 00 00"
2025-10-25 10:07:20,74.34,0xff,0xc8,0xff,0x5e,0x1d,0x0a,"ff c8 ff 5e 1d 0a 00 00"
2025-10-25 10:07:20,74.25,0xff,0xc8,0xff,0x5e,0x1d,0x01,"ff c8 ff 5e 1d 01 00 00"
2025-10-25 10:07:20,74.18,0xff,0xc8,0xff,0x5e,0x1c,0xfa,"ff c8 ff 5e 1c fa 00 00"
2025-10-25 10:07:20,74.06,0xff,0xc8,0xff,0x5e,0x1c,0xee,"ff c8 ff 5e 1c ee 00 00"
2025-10-25 10:07:20,73.93,0xff,0xc8,0xff,0x5e,0x1c,0xe1,"ff c8 ff 5e 1c e1 00 00"
2025-10-25 10:07:20,73.68,0xff,0xc2,0xff,0x58,0x1c,0xc8,"ff c2 ff 58 1c c8 00 00"
2025-10-25 10:07:20,73.56,0xff,0xc2,0xff,0x5e,0x1c,0xbc,"ff c2 ff 5e 1c bc 00 00"
2025-10-25 10:07:20,73.5,0xff,0xc2,0xff,0x5e,0x1c,0xb6,"ff c2 ff 5e 1c b6 00 00"
2025-10-25 10:07:20,73.43,0xff,0xc2,0xff,0x5e,0x1c,0xaf,"ff c2 ff 5e 1c af 00 00"
2025-10-25 10:07:20,73.31,0xff,0xc2,0xff,0x64,0x1c,0xa3,"ff c2 ff 64 1c a3 00 00"
2025-10-25 10:07:20,73.18,0xff,0xc2,0xff,0x64,0x1c,0x96,"ff c2 ff 64 1c 96 00 00"
2025-10-25 10:07:20,73.12,0xff,0xc8,0xff,0x5e,0x1c,0x90,"ff c8 ff 5e 1c 90 00 00"
2025-10-25 10:07:20,73.06,0xff,0xc8,0xff,0x5e,0x1c,0x8a,"ff c8 ff 5e 1c 8a 00 00"
2025-10-25 10:07:20,72.93,0xff,0xc8,0xff,0x58,0x1c,0x7d,"ff c8 ff 58 1c 7d 00 00"
2025-10-25 10:07:20,72.87,0xff,0xc8,0xff,0x58,0x1c,0x77,"ff c8 ff 58 1c 77 00 00"
2025-10-25 10:07:20,72.75,0xff,0xc8,0xff,0x58,0x1c,0x6b,"ff c8 ff 58 1c 6b 00 00"
2025-10-25 10:07:20,72.68,0xff,0xc8,0xff,0x5e,0x1c,0x64,"ff c8 ff 5e 1c 64 00 00"
2025-10-25 10:07:20,72.62,0xff,0xc8,0xff,0x5e,0x1c,0x5e,"ff c8 ff 5e 1c 5e 00 00"
2025-10-25 10:07:20,72.56,0xff,0xc8,0xff,0x5e,0x1c,0x58,"ff c8 ff 5e 1c 58 00 00"
2025-10-25 10:07:20,72.43,0xff,0xc8,0xff,0x5e,0x1c,0x4b,"ff c8 ff 5e 1c 4b 00 00"
2025-10-25 10:07:20,72.37,0xff,0xc8,0xff,0x5e,0x1c,0x45,"ff c8 ff 5e 1c 45 00 00"
2025-10-25 10:07:20,72.25,0xff,0xc2,0xff,0x5e,0x1c,0x39,"ff c2 ff 5e 1c 39 00 00"
2025-10-25 10:07:20,72.12,0xff,0xc2,0xff,0x5e,0x1c,0x2c,"ff c2 ff 5e 1c 2c 00 00"
2025-10-25 10:07:20,72,0xff,0xc2,0xff,0x5e,0x1c,0x20,"ff c2 ff 5e 1c 20 00 00"
2025-10-25 10:07:20,71.93,0xff,0xc2,0xff,0x5e,0x1c,0x19,"ff c2 ff 5e 1c 19 00 00"
2025-10-25 10:07:20,71.78,0xff,0xc8,0xff,0x5e,0x1c,0x0a,"ff c8 ff 5e 1c 0a 00 00"
2025-10-25 10:07:20,71.75,0xff,0xc8,0xff,0x5e,0x1c,0x07,"ff c8 ff 5e 1c 07 00 00"
2025-10-25 10:07:20,71.62,0xff,0xc8,0xff,0x5e,0x1b,0xfa,"ff c8 ff 5e 1b fa 00 00"
2025-10-25 10:07:20,71.56,0xff,0xc8,0xff,0x5e,0x1b,0xf4,"ff c8 ff 5e 1b f4 00 00"
2025-10-25 10:07:20,71.5,0xff,0xc2,0xff,0x5e,0x1b,0xee,"ff c2 ff 5e 1b ee 00 00"
2025-10-25 10:07:20,71.43,0xff,0xc2,0xff,0x5e,0x1b,0xe7,"ff c2 ff 5e 1b e7 00 00"
2025-10-25 10:07:21,71.37,0xff,0xc2,0xff,0x5e,0x1b,0xe1,"ff c2 ff 5e 1b e1 00 00"
2025-10-25 10:07:21,71.31,0xff,0xc8,0xff,0x5e,0x1b,0xdb,"ff c8 ff 5e 1b db 00 00"
2025-10-25 10:07:21,71.25,0xff,0xc2,0xff,0x5e,0x1b,0xd5,"ff c2 ff 5e 1b d5 00 00"
2025-10-25 10:07:21,71.18,0xff,0xc2,0xff,0x5e,0x1b,0xce,"ff c2 ff 5e 1b ce 00 00"
2025-10-25 10:07:21,71.18,0xff,0xc2,0xff,0x5e,0x1b,0xce,"ff c2 ff 5e 1b ce 00 00"
2025-10-25 10:07:21,71.12,0xff,0xc2,0xff,0x5e,0x1b,0xc8,"ff c2 ff 5e 1b c8 00 00"
2025-10-25 10:07:21,71.12,0xff,0xc2,0xff,0x5e,0x1b,0xc8,"ff c2 ff 5e 1b c8 00 00"
2025-10-25 10:07:21,71.12,0xff,0xc2,0xff,0x5e,0x1b,0xc8,"ff c2 ff 5e 1b c8 00 00"
2025-10-25 10:07:21,71.12,0xff,0xbc,0xff,0x58,0x1b,0xc8,"ff bc ff 58 1b c8 00 00"
2025-10-25 10:07:21,71.12,0xff,0xbc,0xff,0x58,0x1b,0xc8,"ff bc ff 58 1b c8 00 00"
2025-10-25 10:07:21,71.18,0xff,0xc2,0xff,0x58,0x1b,0xce,"ff c2 ff 58 1b ce 00 00"
2025-10-25 10:07:21,71.18,0xff,0xc2,0xff,0x58,0x1b,0xce,"ff c2 ff 58 1b ce 00 00"
2025-10-25 10:07:21,71.25,0xff,0xc2,0xff,0x58,0x1b,0xd5,"ff c2 ff 58 1b d5 00 00"
2025-10-25 10:07:21,71.31,0xff,0xc2,0xff,0x58,0x1b,0xdb,"ff c2 ff 58 1b db 00 00"
2025-10-25 10:07:21,71.37,0xff,0xc2,0xff,0x58,0x1b,0xe1,"ff c2 ff 58 1b e1 00 00"
2025-10-25 10:07:21,71.5,0xff,0xc2,0xff,0x58,0x1b,0xee,"ff c2 ff 58 1b ee 00 00"
2025-10-25 10:07:21,71.56,0xff,0xc2,0xff,0x58,0x1b,0xf4,"ff c2 ff 58 1b f4 00 00"
2025-10-25 10:07:21,71.68,0xff,0xc2,0xff,0x58,0x1c,0x00,"ff c2 ff 58 1c 00 00 00"
2025-10-25 10:07:21,71.78,0xff,0xc2,0xff,0x58,0x1c,0x0a,"ff c2 ff 58 1c 0a 00 00"
2025-10-25 10:07:21,71.87,0xff,0xc2,0xff,0x58,0x1c,0x13,"ff c2 ff 58 1c 13 00 00"
2025-10-25 10:07:21,72,0xff,0xc2,0xff,0x58,0x1c,0x20,"ff c2 ff 58 1c 20 00 00"
2025-10-25 10:07:21,72.12,0xff,0xc2,0xff,0x58,0x1c,0x2c,"ff c2 ff 58 1c 2c 00 00"
2025-10-25 10:07:21,72.25,0xff,0xc2,0xff,0x58,0x1c,0x39,"ff c2 ff 58 1c 39 00 00"
2025-10-25 10:07:21,72.31,0xff,0xc2,0xff,0x58,0x1c,0x3f,"ff c2 ff 58 1c 3f 00 00"
2025-10-25 10:07:21,72.43,0xff,0xc2,0xff,0x58,0x1c,0x4b,"ff c2 ff 58 1c 4b 00 00"
2025-10-25 10:07:21,72.56,0xff,0xc2,0xff,0x58,0x1c,0x58,"ff c2 ff 58 1c 58 00 00"
2025-10-25 10:07:21,72.62,0xff,0xc8,0xff,0x58,0x1c,0x5e,"ff c8 ff 58 1c 5e 00 00"
2025-10-25 10:07:21,72.75,0xff,0xc8,0xff,0x58,0x1c,0x6b,"ff c8 ff 58 1c 6b 00 00"
2025-10-25 10:07:21,72.87,0xff,0xc8,0xff,0x58,0x1c,0x77,"ff c8 ff 58 1c 77 00 00"
2025-10-25 10:07:21,73,0xff,0xc8,0xff,0x58,0x1c,0x84,"ff c8 ff 58 1c 84 00 00"
2025-10-25 10:07:21,73.06,0xff,0xc8,0xff,0x58,0x1c,0x8a,"ff c8 ff 58 1c 8a 00 00"
2025-10-25 10:07:21,73.18,0xff,0xc8,0xff,0x58,0x1c,0x96,"ff c8 ff 58 1c 96 00 00"
2025-10-25 10:07:21,73.25,0xff,0xc8,0xff,0x58,0x1c,0x9d,"ff c8 ff 58 1c 9d 00 00"
2025-10-25 10:07:21,73.37,0xff,0xc8,0xff,0x58,0x1c,0xa9,"ff c8 ff 58 1c a9 00 00"
2025-10-25 10:07:22,73.43,0xff,0xc8,0xff,0x58,0x1c,0xaf,"ff c8 ff 58 1c af 00 00"
2025-10-25 10:07:22,73.5,0xff,0xc8,0xff,0x58,0x1c,0xb6,"ff c8 ff 58 1c b6 00 00"
2025-10-25 10:07:22,73.56,0xff,0xc8,0xff,0x58,0x1c,0xbc,"ff c8 ff 58 1c bc 00 00"
2025-10-25 10:07:22,73.62,0xff,0xc8,0xff,0x58,0x1c,0xc2,"ff c8 ff 58 1c c2 00 00"
2025-10-25 10:07:22,73.62,0xff,0xc8,0xff,0x58,0x1c,0xc2,"ff c8 ff 58 1c c2 00 00"
2025-10-25 10:07:22,73.68,0xff,0xc8,0xff,0x58,0x1c,0xc8,"ff c8 ff 58 1c c8 00 00"
2025-10-25 10:07:22,73.68,0xff,0xc8,0xff,0x58,0x1c,0xc8,"ff c8 ff 58 1c c8 00 00"
2025-10-25 10:07:22,73.62,0xff,0xc8,0xff,0x58,0x1c,0xc2,"ff c8 ff 58 1c c2 00 00"
2025-10-25 10:07:22,73.62,0xff,0xc8,0xff,0x58,0x1c,0xc2,"ff c8 ff 58 1c c2 00 00"
2025-10-25 10:07:22,73.56,0xff,0xc8,0xff,0x58,0x1c,0xbc,"ff c8 ff 58 1c bc 00 00"
2025-10-25 10:07:22,73.5,0xff,0xc8,0xff,0x58,0x1c,0xb6,"ff c8 ff 58 1c b6 00 00"
2025-10-25 10:07:22,73.37,0xff,0xc8,0xff,0x58,0x1c,0xa9,"ff c8 ff 58 1c a9 00 00"
2025-10-25 10:07:22,73.25,0xff,0xc8,0xff,0x58,0x1c,0x9d,"ff c8 ff 58 1c 9d 00 00"
2025-10-25 10:07:22,73.12,0xff,0xc8,0xff,0x58,0x1c,0x90,"ff c8 ff 58 1c 90 00 00"
2025-10-25 10:07:22,73,0xff,0xc8,0xff,0x58,0x1c,0x84,"ff c8 ff 58 1c 84 00 00"
2025-10-25 10:07:22,72.87,0xff,0xc8,0xff,0x58,0x1c,0x77,"ff c8 ff 58 1c 77 00 00"
2025-10-25 10:07:22,72.68,0xff,0xc8,0xff,0x58,0x1c,0x64,"ff c8 ff 58 1c 64 00 00"
2025-10-25 10:07:22,72.56,0xff,0xc2,0xff,0x58,0x1c,0x58,"ff c2 ff 58 1c 58 00 00"
2025-10-25 10:07:22,72.43,0xff,0xc2,0xff,0x58,0x1c,0x4b,"ff c2 ff 58 1c 4b 00 00"
2025-10-25 10:07:22,72.31,0xff,0xc2,0xff,0x58,0x1c,0x3f,"ff c2 ff 58 1c 3f 00 00"
2025-10-25 10:07:22,72.25,0xff,0xc2,0xff,0x58,0x1c,0x39,"ff c2 ff 58 1c 39 00 00"
2025-10-25 10:07:22,72.12,0xff,0xc2,0xff,0x58,0x1c,0x2c,"ff c2 ff 58 1c 2c 00 00"
2025-10-25 10:07:22,72.06,0xff,0xc2,0xff,0x58,0x1c,0x26,"ff c2 ff 58 1c 26 00 00"
2025-10-25 10:07:22,71.93,0xff,0xc2,0xff,0x58,0x1c,0x19,"ff c2 ff 58 1c 19 00 00"
2025-10-25 10:07:22,71.78,0xff,0xc2,0xff,0x58,0x1c,0x0a,"ff c2 ff 58 1c 0a 00 00"
2025-10-25 10:07:22,71.68,0xff,0xc2,0xff,0x58,0x1c,0x00,"ff c2 ff 58 1c 00 00 00"
2025-10-25 10:07:22,71.62,0xff,0xc2,0xff,0x58,0x1b,0xfa,"ff c2 ff 58 1b fa 00 00"
2025-10-25 10:07:22,71.5,0xff,0xc2,0xff,0x58,0x1b,0xee,"ff c2 ff 58 1b ee 00 00"
2025-10-25 10:07:22,71.37,0xff,0xc2,0xff,0x58,0x1b,0xe1,"ff c2 ff 58 1b e1 00 00"
2025-10-25 10:07:22,71.25,0xff,0xc2,0xff,0x58,0x1b,0xd5,"ff c2 ff 58 1b d5 00 00"
2025-10-25 10:07:22,71.18,0xff,0xc2,0xff,0x58,0x1b,0xce,"ff c2 ff 58 1b ce 00 00"
2025-10-25 10:07:22,71.06,0xff,0xc2,0xff,0x58,0x1b,0xc2,"ff c2 ff 58 1b c2 00 00"
2025-10-25 10:07:22,70.93,0xff,0xc2,0xff,0x58,0x1b,0xb5,"ff c2 ff 58 1b b5 00 00"
2025-10-25 10:07:22,70.81,0xff,0xc2,0xff,0x58,0x1b,0xa9,"ff c2 ff 58 1b a9 00 00"
2025-10-25 10:07:23,70.75,0xff,0xc2,0xff,0x58,0x1b,0xa3,"ff c2 ff 58 1b a3 00 00"
2025-10-25 10:07:23,70.62,0xff,0xc2,0xff,0x58,0x1b,0x96,"ff c2 ff 58 1b 96 00 00"
2025-10-25 10:07:23,70.56,0xff,0xbc,0xff,0x58,0x1b,0x90,"ff bc ff 58 1b 90 00 00"
2025-10-25 10:07:23,70.5,0xff,0xbc,0xff,0x58,0x1b,0x8a,"ff bc ff 58 1b 8a 00 00"
2025-10-25 10:07:23,70.37,0xff,0xbc,0xff,0x58,0x1b,0x7d,"ff bc ff 58 1b 7d 00 00"
2025-10-25 10:07:23,70.25,0xff,0xbc,0xff,0x58,0x1b,0x71,"ff bc ff 58 1b 71 00 00"
2025-10-25 10:07:23,70.12,0xff,0xbc,0xff,0x58,0x1b,0x64,"ff bc ff 58 1b 64 00 00"
2025-10-25 10:07:23,70.06,0xff,0xbc,0xff,0x58,0x1b,0x5e,"ff bc ff 58 1b 5e 00 00"
2025-10-25 10:07:23,70,0xff,0xbc,0xff,0x58,0x1b,0x58,"ff bc ff 58 1b 58 00 00"
2025-10-25 10:07:23,69.87,0xff,0xbc,0xff,0x58,0x1b,0x4b,"ff bc ff 58 1b 4b 00 00"
2025-10-25 10:07:23,69.81,0xff,0xbc,0xff,0x58,0x1b,0x45,"ff bc ff 58 1b 45 00 00"
2025-10-25 10:07:23,69.75,0xff,0xbc,0xff,0x58,0x1b,0x3f,"ff bc ff 58 1b 3f 00 00"
2025-10-25 10:07:23,69.62,0xff,0xbc,0xff,0x58,0x1b,0x32,"ff bc ff 58 1b 32 00 00"
2025-10-25 10:07:23,69.5,0xff,0xbc,0xff,0x58,0x1b,0x26,"ff bc ff 58 1b 26 00 00"
2025-10-25 10:07:23,69.37,0xff,0xbc,0xff,0x58,0x1b,0x19,"ff bc ff 58 1b 19 00 00"
2025-10-25 10:07:23,69.31,0xff,0xbc,0xff,0x58,0x1b,0x13,"ff bc ff 58 1b 13 00 00"
2025-10-25 10:07:23,69.22,0xff,0xbc,0xff,0x58,0x1b,0x0a,"ff bc ff 58 1b 0a 00 00"
2025-10-25 10:07:23,69.12,0xff,0xbc,0xff,0x58,0x1b,0x00,"ff bc ff 58 1b 00 00 00"
2025-10-25 10:07:23,69.06,0xff,0xbc,0xff,0x58,0x1a,0xfa,"ff bc ff 58 1a fa 00 00"
2025-10-25 10:07:23,69,0xff,0xbc,0xff,0x58,0x1a,0xf4,"ff bc ff 58 1a f4 00 00"
2025-10-25 10:07:23,68.93,0xff,0xbc,0xff,0x58,0x1a,0xed,"ff bc ff 58 1a ed 00 00"
2025-10-25 10:07:23,68.87,0xff,0xbc,0xff,0x58,0x1a,0xe7,"ff bc ff 58 1a e7 00 00"
2025-10-25 10:07:23,68.81,0xff,0xbc,0xff,0x58,0x1a,0xe1,"ff bc ff 58 1a e1 00 00"
2025-10-25 10:07:23,68.75,0xff,0xbc,0xff,0x58,0x1a,0xdb,"ff bc ff 58 1a db 00 00"
2025-10-25 10:07:23,68.75,0xff,0xbc,0xff,0x58,0x1a,0xdb,"ff bc ff 58 1a db 00 00"
2025-10-25 10:07:23,68.75,0xff,0xbc,0xff,0x58,0x1a,0xdb,"ff bc ff 58 1a db 00 00"
2025-10-25 10:07:23,68.75,0xff,0xbc,0xff,0x58,0x1a,0xdb,"ff bc ff 58 1a db 00 00"
2025-10-25 10:07:23,68.81,0xff,0xbc,0xff,0x58,0x1a,0xe1,"ff bc ff 58 1a e1 00 00"
2025-10-25 10:07:23,68.87,0xff,0xbc,0xff,0x58,0x1a,0xe7,"ff bc ff 58 1a e7 00 00"
2025-10-25 10:07:23,68.93,0xff,0xbc,0xff,0x58,0x1a,0xed,"ff bc ff 58 1a ed 00 00"
2025-10-25 10:07:23,69,0xff,0xbc,0xff,0x51,0x1a,0xf4,"ff bc ff 51 1a f4 00 00"
2025-10-25 10:07:23,69.06,0xff,0xbc,0xff,0x51,0x1a,0xfa,"ff bc ff 51 1a fa 00 00"
2025-10-25 10:07:23,69.22,0xff,0xbc,0xff,0x51,0x1b,0x0a,"ff bc ff 51 1b 0a 00 00"
2025-10-25 10:07:23,69.37,0xff,0xbc,0xff,0x51,0x1b,0x19,"ff bc ff 51 1b 19 00 00"
2025-10-25 10:07:23,69.5,0xff,0xbc,0xff,0x51,0x1b,0x26,"ff bc ff 51 1b 26 00 00"
2025-10-25 10:07:24,69.68,0xff,0xbc,0xff,0x51,0x1b,0x38,"ff bc ff 51 1b 38 00 00"
2025-10-25 10:07:24,69.87,0xff,0xbc,0xff,0x51,0x1b,0x4b,"ff bc ff 51 1b 4b 00 00"
2025-10-25 10:07:24,70,0xff,0xbc,0xff,0x51,0x1b,0x58,"ff bc ff 51 1b 58 00 00"
2025-10-25 10:07:24,70.25,0xff,0xbc,0xff,0x51,0x1b,0x71,"ff bc ff 51 1b 71 00 00"
2025-10-25 10:07:24,70.43,0xff,0xbc,0xff,0x51,0x1b,0x83,"ff bc ff 51 1b 83 00 00"
2025-10-25 10:07:24,70.68,0xff,0xbc,0xff,0x51,0x1b,0x9c,"ff bc ff 51 1b 9c 00 00"
2025-10-25 10:07:24,71,0xff,0xc2,0xff,0x51,0x1b,0xbc,"ff c2 ff 51 1b bc 00 00"
2025-10-25 10:07:24,71.18,0xff,0xc2,0xff,0x51,0x1b,0xce,"ff c2 ff 51 1b ce 00 00"
2025-10-25 10:07:24,71.43,0xff,0xc2,0xff,0x51,0x1b,0xe7,"ff c2 ff 51 1b e7 00 00"
2025-10-25 10:07:24,71.68,0xff,0xc2,0xff,0x4b,0x1c,0x00,"ff c2 ff 4b 1c 00 00 00"
2025-10-25 10:07:24,71.93,0xff,0xc2,0xff,0x4b,0x1c,0x19,"ff c2 ff 4b 1c 19 00 00"
2025-10-25 10:07:24,72.25,0xff,0xc2,0xff,0x4b,0x1c,0x39,"ff c2 ff 4b 1c 39 00 00"
2025-10-25 10:07:24,72.5,0xff,0xc2,0xff,0x4b,0x1c,0x52,"ff c2 ff 4b 1c 52 00 00"
2025-10-25 10:07:24,72.75,0xff,0xc2,0xff,0x51,0x1c,0x6b,"ff c2 ff 51 1c 6b 00 00"
2025-10-25 10:07:24,73.06,0xff,0xc8,0xff,0x51,0x1c,0x8a,"ff c8 ff 51 1c 8a 00 00"
2025-10-25 10:07:24,73.31,0xff,0xc8,0xff,0x51,0x1c,0xa3,"ff c8 ff 51 1c a3 00 00"
2025-10-25 10:07:24,73.62,0xff,0xc8,0xff,0x51,0x1c,0xc2,"ff c8 ff 51 1c c2 00 00"
2025-10-25 10:07:24,73.87,0xff,0xc8,0xff,0x51,0x1c,0xdb,"ff c8 ff 51 1c db 00 00"
2025-10-25 10:07:24,74,0xff,0xc8,0xff,0x51,0x1c,0xe8,"ff c8 ff 51 1c e8 00 00"
2025-10-25 10:07:24,74.25,0xff,0xc8,0xff,0x58,0x1d,0x01,"ff c8 ff 58 1d 01 00 00"
2025-10-25 10:07:24,74.5,0xff,0xce,0xff,0x58,0x1d,0x1a,"ff ce ff 58 1d 1a 00 00"
2025-10-25 10:07:24,74.68,0xff,0xce,0xff,0x58,0x1d,0x2c,"ff ce ff 58 1d 2c 00 00"
2025-10-25 10:07:24,74.81,0xff,0xce,0xff,0x58,0x1d,0x39,"ff ce ff 58 1d 39 00 00"
2025-10-25 10:07:24,74.93,0xff,0xce,0xff,0x5e,0x1d,0x45,"ff ce ff 5e 1d 45 00 00"
2025-10-25 10:07:24,75.06,0xff,0xce,0xff,0x5e,0x1d,0x52,"ff ce ff 5e 1d 52 00 00"
2025-10-25 10:07:24,75.18,0xff,0xce,0xff,0x5e,0x1d,0x5e,"ff ce ff 5e 1d 5e 00 00"
2025-10-25 10:07:24,75.31,0xff,0xce,0xff,0x5e,0x1d,0x6b,"ff ce ff 5e 1d 6b 00 00"
2025-10-25 10:07:24,75.43,0xff,0xce,0xff,0x5e,0x1d,0x77,"ff ce ff 5e 1d 77 00 00"
2025-10-25 10:07:24,75.56,0xff,0xce,0xff,0x5e,0x1d,0x84,"ff ce ff 5e 1d 84 00 00"
2025-10-25 10:07:24,75.62,0xff,0xce,0xff,0x5e,0x1d,0x8a,"ff ce ff 5e 1d 8a 00 00"
2025-10-25 10:07:24,75.75,0xff,0xce,0xff,0x5e,0x1d,0x97,"ff ce ff 5e 1d 97 00 00"
2025-10-25 10:07:24,75.87,0xff,0xce,0xff,0x5e,0x1d,0xa3,"ff ce ff 5e 1d a3 00 00"
2025-10-25 10:07:24,75.93,0xff,0xce,0xff,0x5e,0x1d,0xa9,"ff ce ff 5e 1d a9 00 00"
2025-10-25 10:07:24,76.06,0xff,0xce,0xff,0x5e,0x1d,0xb6,"ff ce ff 5e 1d b6 00 00"
2025-10-25 10:07:25,76.18,0xff,0xce,0xff,0x5e,0x1d,0xc2,"ff ce ff 5e 1d c2 00 00"
2025-10-25 10:07:25,76.31,0xff,0xce,0xff,0x5e,0x1d,0xcf,"ff ce ff 5e 1d cf 00 00"
2025-10-25 10:07:25,76.43,0xff,0xce,0xff,0x5e,0x1d,0xdb,"ff ce ff 5e 1d db 00 00"
2025-10-25 10:07:25,76.62,0xff,0xce,0xff,0x5e,0x1d,0xee,"ff ce ff 5e 1d ee 00 00"
2025-10-25 10:07:25,76.75,0xff,0xd5,0xff,0x5e,0x1d,0xfb,"ff d5 ff 5e 1d fb 00 00"
2025-10-25 10:07:25,76.87,0xff,0xd5,0xff,0x5e,0x1e,0x07,"ff d5 ff 5e 1e 07 00 00"
2025-10-25 10:07:25,76.9,0xff,0xd5,0xff,0x5e,0x1e,0x0a,"ff d5 ff 5e 1e 0a 00 00"
2025-10-25 10:07:25,77,0xff,0xd5,0xff,0x5e,0x1e,0x14,"ff d5 ff 5e 1e 14 00 00"
2025-10-25 10:07:25,77.12,0xff,0xce,0xff,0x64,0x1e,0x20,"ff ce ff 64 1e 20 00 00"
2025-10-25 10:07:25,77.18,0xff,0xce,0xff,0x64,0x1e,0x26,"ff ce ff 64 1e 26 00 00"
2025-10-25 10:07:25,77.31,0xff,0xce,0xff,0x64,0x1e,0x33,"ff ce ff 64 1e 33 00 00"
2025-10-25 10:07:25,77.37,0xff,0xce,0xff,0x64,0x1e,0x39,"ff ce ff 64 1e 39 00 00"
2025-10-25 10:07:25,77.5,0xff,0xce,0xff,0x64,0x1e,0x46,"ff ce ff 64 1e 46 00 00"
2025-10-25 10:07:25,77.56,0xff,0xce,0xff,0x64,0x1e,0x4c,"ff ce ff 64 1e 4c 00 00"
2025-10-25 10:07:25,77.62,0xff,0xce,0xff,0x64,0x1e,0x52,"ff ce ff 64 1e 52 00 00"
2025-10-25 10:07:25,77.68,0xff,0xce,0xff,0x64,0x1e,0x58,"ff ce ff 64 1e 58 00 00"
2025-10-25 10:07:25,77.75,0xff,0xce,0xff,0x64,0x1e,0x5f,"ff ce ff 64 1e 5f 00 00"
2025-10-25 10:07:25,77.81,0xff,0xce,0xff,0x64,0x1e,0x65,"ff ce ff 64 1e 65 00 00"
2025-10-25 10:07:25,77.87,0xff,0xce,0xff,0x6a,0x1e,0x6b,"ff ce ff 6a 1e 6b 00 00"
2025-10-25 10:07:25,77.93,0xff,0xce,0xff,0x6a,0x1e,0x71,"ff ce ff 6a 1e 71 00 00"
2025-10-25 10:07:25,78,0xff,0xce,0xff,0x6a,0x1e,0x78,"ff ce ff 6a 1e 78 00 00"
2025-10-25 10:07:25,78.06,0xff,0xce,0xff,0x6a,0x1e,0x7e,"ff ce ff 6a 1e 7e 00 00"
2025-10-25 10:07:25,78.12,0xff,0xce,0xff,0x6a,0x1e,0x84,"ff ce ff 6a 1e 84 00 00"
2025-10-25 10:07:25,78.18,0xff,0xce,0xff,0x6a,0x1e,0x8a,"ff ce ff 6a 1e 8a 00 00"
2025-10-25 10:07:25,78.25,0xff,0xce,0xff,0x6a,0x1e,0x91,"ff ce ff 6a 1e 91 00 00"
2025-10-25 10:07:25,78.31,0xff,0xce,0xff,0x6a,0x1e,0x97,"ff ce ff 6a 1e 97 00 00"
2025-10-25 10:07:25,78.37,0xff,0xce,0xff,0x6a,0x1e,0x9d,"ff ce ff 6a 1e 9d 00 00"
2025-10-25 10:07:25,78.43,0xff,0xce,0xff,0x6a,0x1e,0xa3,"ff ce ff 6a 1e a3 00 00"
2025-10-25 10:07:25,78.5,0xff,0xce,0xff,0x6a,0x1e,0xaa,"ff ce ff 6a 1e aa 00 00"
2025-10-25 10:07:25,78.62,0xff,0xce,0xff,0x6a,0x1e,0xb6,"ff ce ff 6a 1e b6 00 00"
2025-10-25 10:07:25,78.75,0xff,0xce,0xff,0x6a,0x1e,0xc3,"ff ce ff 6a 1e c3 00 00"
2025-10-25 10:07:25,78.81,0xff,0xce,0xff,0x6a,0x1e,0xc9,"ff ce ff 6a 1e c9 00 00"
2025-10-25 10:07:25,78.93,0xff,0xce,0xff,0x6a,0x1e,0xd5,"ff ce ff 6a 1e d5 00 00"
2025-10-25 10:07:25,79,0xff,0xce,0xff,0x6a,0x1e,0xdc,"ff ce ff 6a 1e dc 00 00"
2025-10-25 10:07:26,79.12,0xff,0xd5,0xff,0x6a,0x1e,0xe8,"ff d5 ff 6a 1e e8 00 00"
2025-10-25 10:07:26,79.25,0xff,0xd5,0xff,0x6a,0x1e,0xf5,"ff d5 ff 6a 1e f5 00 00"
2025-10-25 10:07:26,79.37,0xff,0xd5,0xff,0x6a,0x1f,0x01,"ff d5 ff 6a 1f 01 00 00"
2025-10-25 10:07:26,79.5,0xff,0xd5,0xff,0x6a,0x1f,0x0e,"ff d5 ff 6a 1f 0e 00 00"
2025-10-25 10:07:26,79.62,0xff,0xd5,0xff,0x6a,0x1f,0x1a,"ff d5 ff 6a 1f 1a 00 00"
2025-10-25 10:07:26,79.75,0xff,0xd5,0xff,0x6a,0x1f,0x27,"ff d5 ff 6a 1f 27 00 00"
2025-10-25 10:07:26,79.87,0xff,0xd5,0xff,0x6a,0x1f,0x33,"ff d5 ff 6a 1f 33 00 00"
2025-10-25 10:07:26,80,0xff,0xd5,0xff,0x6a,0x1f,0x40,"ff d5 ff 6a 1f 40 00 00"
2025-10-25 10:07:26,80.06,0xff,0xd5,0xff,0x6a,0x1f,0x46,"ff d5 ff 6a 1f 46 00 00"
2025-10-25 10:07:26,80.18,0xff,0xd5,0xff,0x6a,0x1f,0x52,"ff d5 ff 6a 1f 52 00 00"
2025-10-25 10:07:26,80.31,0xff,0xd5,0xff,0x6a,0x1f,0x5f,"ff d5 ff 6a 1f 5f 00 00"
2025-10-25 10:07:26,80.43,0xff,0xd5,0xff,0x6a,0x1f,0x6b,"ff d5 ff 6a 1f 6b 00 00"
2025-10-25 10:07:26,80.5,0xff,0xd5,0xff,0x6a,0x1f,0x72,"ff d5 ff 6a 1f 72 00 00"
2025-10-25 10:07:26,80.56,0xff,0xd5,0xff,0x6a,0x1f,0x78,"ff d5 ff 6a 1f 78 00 00"
2025-10-25 10:07:26,80.62,0xff,0xd5,0xff,0x6a,0x1f,0x7e,"ff d5 ff 6a 1f 7e 00 00"
2025-10-25 10:07:26,80.68,0xff,0xd5,0xff,0x6a,0x1f,0x84,"ff d5 ff 6a 1f 84 00 00"
2025-10-25 10:07:26,80.75,0xff,0xd5,0xff,0x6a,0x1f,0x8b,"ff d5 ff 6a 1f 8b 00 00"
2025-10-25 10:07:26,80.81,0xff,0xd5,0xff,0x6a,0x1f,0x91,"ff d5 ff 6a 1f 91 00 00"
2025-10-25 10:07:26,80.87,0xff,0xd5,0xff,0x6a,0x1f,0x97,"ff d5 ff 6a 1f 97 00 00"
2025-10-25 10:07:26,80.93,0xff,0xd5,0xff,0x6a,0x1f,0x9d,"ff d5 ff 6a 1f 9d 00 00"
2025-10-25 10:07:26,81.06,0xff,0xd5,0xff,0x6a,0x1f,0xaa,"ff d5 ff 6a 1f aa 00 00"
2025-10-25 10:07:26,81.06,0xff,0xd5,0xff,0x6a,0x1f,0xaa,"ff d5 ff 6a 1f aa 00 00"
2025-10-25 10:07:26,81.18,0xff,0xd5,0xff,0x6a,0x1f,0xb6,"ff d5 ff 6a 1f b6 00 00"
2025-10-25 10:07:26,81.25,0xff,0xd5,0xff,0x6a,0x1f,0xbd,"ff d5 ff 6a 1f bd 00 00"
2025-10-25 10:07:26,81.31,0xff,0xd5,0xff,0x6a,0x1f,0xc3,"ff d5 ff 6a 1f c3 00 00"
2025-10-25 10:07:26,81.37,0xff,0xdb,0xff,0x6a,0x1f,0xc9,"ff db ff 6a 1f c9 00 00"
2025-10-25 10:07:26,81.43,0xff,0xdb,0xff,0x6a,0x1f,0xcf,"ff db ff 6a 1f cf 00 00"
2025-10-25 10:07:26,81.5,0xff,0xdb,0xff,0x6a,0x1f,0xd6,"ff db ff 6a 1f d6 00 00"
2025-10-25 10:07:26,81.56,0xff,0xdb,0xff,0x6a,0x1f,0xdc,"ff db ff 6a 1f dc 00 00"
2025-10-25 10:07:26,81.62,0xff,0xdb,0xff,0x64,0x1f,0xe2,"ff db ff 64 1f e2 00 00"
2025-10-25 10:07:26,81.68,0xff,0xdb,0xff,0x64,0x1f,0xe8,"ff db ff 64 1f e8 00 00"
2025-10-25 10:07:26,81.81,0xff,0xdb,0xff,0x64,0x1f,0xf5,"ff db ff 64 1f f5 00 00"
2025-10-25 10:07:26,81.87,0xff,0xdb,0xff,0x64,0x1f,0xfb,"ff db ff 64 1f fb 00 00"
2025-10-25 10:07:26,81.87,0xff,0xdb,0xff,0x64,0x1f,0xfb,"ff db ff 64 1f fb 00 00"
2025-10-25 10:07:27,81.93,0xff,0xdb,0xff,0x64,0x20,0x01,"ff db ff 64 20 01 00 00"
2025-10-25 10:07:27,82,0xff,0xdb,0xff,0x64,0x20,0x08,"ff db ff 64 20 08 00 00"
2025-10-25 10:07:27,82.06,0xff,0xdb,0xff,0x64,0x20,0x0e,"ff db ff 64 20 0e 00 00"
2025-10-25 10:07:27,82.12,0xff,0xdb,0xff,0x64,0x20,0x14,"ff db ff 64 20 14 00 00"
2025-10-25 10:07:27,82.18,0xff,0xdb,0xff,0x64,0x20,0x1a,"ff db ff 64 20 1a 00 00"
2025-10-25 10:07:27,82.25,0xff,0xdb,0xff,0x64,0x20,0x21,"ff db ff 64 20 21 00 00"
2025-10-25 10:07:27,82.31,0xff,0xdb,0xff,0x64,0x20,0x27,"ff db ff 64 20 27 00 00"
2025-10-25 10:07:27,82.31,0xff,0xdb,0xff,0x64,0x20,0x27,"ff db ff 64 20 27 00 00"
2025-10-25 10:07:27,82.37,0xff,0xdb,0xff,0x64,0x20,0x2d,"ff db ff 64 20 2d 00 00"
2025-10-25 10:07:27,82.43,0xff,0xdb,0xff,0x64,0x20,0x33,"ff db ff 64 20 33 00 00"
2025-10-25 10:07:27,82.5,0xff,0xdb,0xff,0x64,0x20,0x3a,"ff db ff 64 20 3a 00 00"
2025-10-25 10:07:27,82.5,0xff,0xdb,0xff,0x64,0x20,0x3a,"ff db ff 64 20 3a 00 00"
2025-10-25 10:07:27,82.56,0xff,0xdb,0xff,0x64,0x20,0x40,"ff db ff 64 20 40 00 00"
2025-10-25 10:07:27,82.56,0xff,0xdb,0xff,0x64,0x20,0x40,"ff db ff 64 20 40 00 00"
2025-10-25 10:07:27,82.62,0xff,0xdb,0xff,0x64,0x20,0x46,"ff db ff 64 20 46 00 00"
2025-10-25 10:07:27,82.62,0xff,0xdb,0xff,0x64,0x20,0x46,"ff db ff 64 20 46 00 00"
2025-10-25 10:07:27,82.62,0xff,0xdb,0xff,0x64,0x20,0x46,"ff db ff 64 20 46 00 00"
2025-10-25 10:07:27,82.68,0xff,0xdb,0xff,0x64,0x20,0x4c,"ff db ff 64 20 4c 00 00"
2025-10-25 10:07:27,82.75,0xff,0xdb,0xff,0x64,0x20,0x53,"ff db ff 64 20 53 00 00"
2025-10-25 10:07:27,82.75,0xff,0xdb,0xff,0x64,0x20,0x53,"ff db ff 64 20 53 00 00"
2025-10-25 10:07:27,82.81,0xff,0xdb,0xff,0x64,0x20,0x59,"ff db ff 64 20 59 00 00"
2025-10-25 10:07:27,82.87,0xff,0xdb,0xff,0x64,0x20,0x5f,"ff db ff 64 20 5f 00 00"
2025-10-25 10:07:27,82.87,0xff,0xdb,0xff,0x64,0x20,0x5f,"ff db ff 64 20 5f 00 00"
2025-10-25 10:07:27,82.93,0xff,0xdb,0xff,0x64,0x20,0x65,"ff db ff 64 20 65 00 00"
2025-10-25 10:07:27,83,0xff,0xdb,0xff,0x64,0x20,0x6c,"ff db ff 64 20 6c 00 00"
2025-10-25 10:07:27,83,0xff,0xdb,0xff,0x64,0x20,0x6c,"ff db ff 64 20 6c 00 00"
2025-10-25 10:07:27,83.06,0xff,0xdb,0xff,0x64,0x20,0x72,"ff db ff 64 20 72 00 00"
2025-10-25 10:07:27,83.12,0xff,0xdb,0xff,0x64,0x20,0x78,"ff db ff 64 20 78 00 00"
2025-10-25 10:07:27,83.18,0xff,0xdb,0xff,0x64,0x20,0x7e,"ff db ff 64 20 7e 00 00"
2025-10-25 10:07:27,83.25,0xff,0xdb,0xff,0x64,0x20,0x85,"ff db ff 64 20 85 00 00"
2025-10-25 10:07:27,83.31,0xff,0xdb,0xff,0x64,0x20,0x8b,"ff db ff 64 20 8b 00 00"
2025-10-25 10:07:27,83.37,0xff,0xdb,0xff,0x64,0x20,0x91,"ff db ff 64 20 91 00 00"
2025-10-25 10:07:27,83.43,0xff,0xdb,0xff,0x64,0x20,0x97,"ff db ff 64 20 97 00 00"
2025-10-25 10:07:27,83.5,0xff,0xdb,0xff,0x64,0x20,0x9e,"ff db ff 64 20 9e 00 00"
2025-10-25 10:07:28,83.5,0xff,0xdb,0xff,0x64,0x20,0x9e,"ff db ff 64 20 9e 00 00"
2025-10-25 10:07:28,83.56,0xff,0xdb,0xff,0x64,0x20,0xa4,"ff db ff 64 20 a4 00 00"
2025-10-25 10:07:28,83.56,0xff,0xdb,0xff,0x64,0x20,0xa4,"ff db ff 64 20 a4 00 00"
2025-10-25 10:07:28,83.62,0xff,0xdb,0xff,0x64,0x20,0xaa,"ff db ff 64 20 aa 00 00"
2025-10-25 10:07:28,83.62,0xff,0xdb,0xff,0x64,0x20,0xaa,"ff db ff 64 20 aa 00 00"
2025-10-25 10:07:28,83.62,0xff,0xdb,0xff,0x64,0x20,0xaa,"ff db ff 64 20 aa 00 00"
2025-10-25 10:07:28,83.62,0xff,0xdb,0xff,0x64,0x20,0xaa,"ff db ff 64 20 aa 00 00"
2025-10-25 10:07:28,83.62,0xff,0xdb,0xff,0x64,0x20,0xaa,"ff db ff 64 20 aa 00 00"
2025-10-25 10:07:28,83.62,0xff,0xdb,0xff,0x64,0x20,0xaa,"ff db ff 64 20 aa 00 00"
2025-10-25 10:07:28,83.62,0xff,0xdb,0xff,0x64,0x20,0xaa,"ff db ff 64 20 aa 00 00"
2025-10-25 10:07:28,83.62,0xff,0xdb,0xff,0x64,0x20,0xaa,"ff db ff 64 20 aa 00 00"
2025-10-25 10:07:28,83.62,0xff,0xdb,0xff,0x64,0x20,0xaa,"ff db ff 64 20 aa 00 00"
2025-10-25 10:07:28,83.62,0xff,0xdb,0xff,0x64,0x20,0xaa,"ff db ff 64 20 aa 00 00"
2025-10-25 10:07:28,83.56,0xff,0xdb,0xff,0x64,0x20,0xa4,"ff db ff 64 20 a4 00 00"
2025-10-25 10:07:28,83.56,0xff,0xdb,0xff,0x64,0x20,0xa4,"ff db ff 64 20 a4 00 00"
2025-10-25 10:07:28,83.5,0xff,0xdb,0xff,0x64,0x20,0x9e,"ff db ff 64 20 9e 00 00"
2025-10-25 10:07:28,83.43,0xff,0xdb,0xff,0x64,0x20,0x97,"ff db ff 64 20 97 00 00"
2025-10-25 10:07:28,83.37,0xff,0xdb,0xff,0x64,0x20,0x91,"ff db ff 64 20 91 00 00"
2025-10-25 10:07:28,83.25,0xff,0xdb,0xff,0x64,0x20,0x85,"ff db ff 64 20 85 00 00"
2025-10-25 10:07:28,83.18,0xff,0xdb,0xff,0x64,0x20,0x7e,"ff db ff 64 20 7e 00 00"
2025-10-25 10:07:28,83.06,0xff,0xdb,0xff,0x64,0x20,0x72,"ff db ff 64 20 72 00 00"
2025-10-25 10:07:28,83,0xff,0xdb,0xff,0x64,0x20,0x6c,"ff db ff 64 20 6c 00 00"
2025-10-25 10:07:28,82.87,0xff,0xdb,0xff,0x64,0x20,0x5f,"ff db ff 64 20 5f 00 00"
2025-10-25 10:07:28,82.75,0xff,0xdb,0xff,0x6a,0x20,0x53,"ff db ff 6a 20 53 00 00"
2025-10-25 10:07:28,82.62,0xff,0xdb,0xff,0x6a,0x20,0x46,"ff db ff 6a 20 46 00 00"
2025-10-25 10:07:28,82.5,0xff,0xdb,0xff,0x6a,0x20,0x3a,"ff db ff 6a 20 3a 00 00"
2025-10-25 10:07:28,82.37,0xff,0xdb,0xff,0x6a,0x20,0x2d,"ff db ff 6a 20 2d 00 00"
2025-10-25 10:07:28,82.25,0xff,0xdb,0xff,0x6a,0x20,0x21,"ff db ff 6a 20 21 00 00"
2025-10-25 10:07:28,82.06,0xff,0xd5,0xff,0x64,0x20,0x0e,"ff d5 ff 64 20 0e 00 00"
2025-10-25 10:07:28,81.93,0xff,0xd5,0xff,0x6a,0x20,0x01,"ff d5 ff 6a 20 01 00 00"
2025-10-25 10:07:28,81.87,0xff,0xd5,0xff,0x6a,0x1f,0xfb,"ff d5 ff 6a 1f fb 00 00"
2025-10-25 10:07:28,81.75,0xff,0xd5,0xff,0x6a,0x1f,0xef,"ff d5 ff 6a 1f ef 00 00"
2025-10-25 10:07:28,81.68,0xff,0xd5,0xff,0x6a,0x1f,0xe8,"ff d5 ff 6a 1f e8 00 00"
2025-10-25 10:07:28,81.56,0xff,0xd5,0xff,0x6a,0x1f,0xdc,"ff d5 ff 6a 1f dc 00 00"
2025-10-25 10:07:28,81.5,0xff,0xd5,0xff,0x6a,0x1f,0xd6,"ff d5 ff 6a 1f d6 00 00"
2025-10-25 10:07:29,81.37,0xff,0xd5,0xff,0x6a,0x1f,0xc9,"ff d5 ff 6a 1f c9 00 00"
2025-10-25 10:07:29,81.31,0xff,0xd5,0xff,0x6a,0x1f,0xc3,"ff d5 ff 6a 1f c3 00 00"
2025-10-25 10:07:29,81.18,0xff,0xd5,0xff,0x6a,0x1f,0xb6,"ff d5 ff 6a 1f b6 00 00"
2025-10-25 10:07:29,81.12,0xff,0xd5,0xff,0x6a,0x1f,0xb0,"ff d5 ff 6a 1f b0 00 00"
2025-10-25 10:07:29,81.06,0xff,0xd5,0xff,0x6a,0x1f,0xaa,"ff d5 ff 6a 1f aa 00 00"
2025-10-25 10:07:29,80.93,0xff,0xd5,0xff,0x6a,0x1f,0x9d,"ff d5 ff 6a 1f 9d 00 00"
2025-10-25 10:07:29,80.87,0xff,0xd5,0xff,0x6a,0x1f,0x97,"ff d5 ff 6a 1f 97 00 00"
2025-10-25 10:07:29,80.75,0xff,0xd5,0xff,0x6a,0x1f,0x8b,"ff d5 ff 6a 1f 8b 00 00"
2025-10-25 10:07:29,80.68,0xff,0xd5,0xff,0x6a,0x1f,0x84,"ff d5 ff 6a 1f 84 00 00"
2025-10-25 10:07:29,80.62,0xff,0xce,0xff,0x6a,0x1f,0x7e,"ff ce ff 6a 1f 7e 00 00"
2025-10-25 10:07:29,80.56,0xff,0xce,0xff,0x6a,0x1f,0x78,"ff ce ff 6a 1f 78 00 00"
2025-10-25 10:07:29,80.5,0xff,0xce,0xff,0x6a,0x1f,0x72,"ff ce ff 6a 1f 72 00 00"
2025-10-25 10:07:29,80.43,0xff,0xd5,0xff,0x6a,0x1f,0x6b,"ff d5 ff 6a 1f 6b 00 00"
2025-10-25 10:07:29,80.37,0xff,0xd5,0xff,0x6a,0x1f,0x65,"ff d5 ff 6a 1f 65 00 00"
2025-10-25 10:07:29,80.31,0xff,0xd5,0xff,0x6a,0x1f,0x5f,"ff d5 ff 6a 1f 5f 00 00"
2025-10-25 10:07:29,80.31,0xff,0xd5,0xff,0x6a,0x1f,0x5f,"ff d5 ff 6a 1f 5f 00 00"
2025-10-25 10:07:29,80.31,0xff,0xd5,0xff,0x6a,0x1f,0x5f,"ff d5 ff 6a 1f 5f 00 00"
2025-10-25 10:07:29,80.31,0xff,0xd5,0xff,0x64,0x1f,0x5f,"ff d5 ff 64 1f 5f 00 00"
2025-10-25 10:07:29,80.37,0xff,0xd5,0xff,0x64,0x1f,0x65,"ff d5 ff 64 1f 65 00 00"
2025-10-25 10:07:29,80.43,0xff,0xd5,0xff,0x64,0x1f,0x6b,"ff d5 ff 64 1f 6b 00 00"
2025-10-25 10:07:29,80.5,0xff,0xd5,0xff,0x64,0x1f,0x72,"ff d5 ff 64 1f 72 00 00"
2025-10-25 10:07:29,80.62,0xff,0xd5,0xff,0x5e,0x1f,0x7e,"ff d5 ff 5e 1f 7e 00 00"
2025-10-25 10:07:29,80.75,0xff,0xd5,0xff,0x5e,0x1f,0x8b,"ff d5 ff 5e 1f 8b 00 00"
2025-10-25 10:07:29,80.87,0xff,0xd5,0xff,0x5e,0x1f,0x97,"ff d5 ff 5e 1f 97 00 00"
2025-10-25 10:07:29,81,0xff,0xd5,0xff,0x5e,0x1f,0xa4,"ff d5 ff 5e 1f a4 00 00"
2025-10-25 10:07:29,81.12,0xff,0xd5,0xff,0x5e,0x1f,0xb0,"ff d5 ff 5e 1f b0 00 00"
2025-10-25 10:07:29,81.31,0xff,0xd5,0xff,0x5e,0x1f,0xc3,"ff d5 ff 5e 1f c3 00 00"
2025-10-25 10:07:29,81.43,0xff,0xd5,0xff,0x5e,0x1f,0xcf,"ff d5 ff 5e 1f cf 00 00"
2025-10-25 10:07:29,81.62,0xff,0xd5,0xff,0x5e,0x1f,0xe2,"ff d5 ff 5e 1f e2 00 00"
2025-10-25 10:07:29,81.81,0xff,0xd5,0xff,0x5e,0x1f,0xf5,"ff d5 ff 5e 1f f5 00 00"
2025-10-25 10:07:29,82,0xff,0xd5,0xff,0x5e,0x20,0x08,"ff d5 ff 5e 20 08 00 00"
2025-10-25 10:07:29,82.12,0xff,0xdb,0xff,0x5e,0x20,0x14,"ff db ff 5e 20 14 00 00"
2025-10-25 10:07:29,82.31,0xff,0xdb,0xff,0x5e,0x20,0x27,"ff db ff 5e 20 27 00 00"
2025-10-25 10:07:29,82.5,0xff,0xdb,0xff,0x5e,0x20,0x3a,"ff db ff 5e 20 3a 00 00"
2025-10-25 10:07:30,82.68,0xff,0xdb,0xff,0x5e,0x20,0x4c,"ff db ff 5e 20 4c 00 00"
2025-10-25 10:07:30,82.87,0xff,0xdb,0xff,0x5e,0x20,0x5f,"ff db ff 5e 20 5f 00 00"
2025-10-25 10:07:30,83.06,0xff,0xdb,0xff,0x5e,0x20,0x72,"ff db ff 5e 20 72 00 00"
2025-10-25 10:07:30,83.31,0xff,0xdb,0xff,0x5e,0x20,0x8b,"ff db ff 5e 20 8b 00 00"
2025-10-25 10:07:30,83.5,0xff,0xdb,0xff,0x5e,0x20,0x9e,"ff db ff 5e 20 9e 00 00"
2025-10-25 10:07:30,83.68,0xff,0xdb,0xff,0x5e,0x20,0xb0,"ff db ff 5e 20 b0 00 00"
2025-10-25 10:07:30,83.93,0xff,0xdb,0xff,0x5e,0x20,0xc9,"ff db ff 5e 20 c9 00 00"
2025-10-25 10:07:30,84.12,0xff,0xdb,0xff,0x5e,0x20,0xdc,"ff db ff 5e 20 dc 00 00"
2025-10-25 10:07:30,84.31,0xff,0xdb,0xff,0x5e,0x20,0xef,"ff db ff 5e 20 ef 00 00"
2025-10-25 10:07:30,84.56,0xff,0xe1,0xff,0x5e,0x21,0x08,"ff e1 ff 5e 21 08 00 00"
2025-10-25 10:07:30,84.68,0xff,0xe1,0xff,0x5e,0x21,0x14,"ff e1 ff 5e 21 14 00 00"
2025-10-25 10:07:30,84.87,0xff,0xe1,0xff,0x5e,0x21,0x27,"ff e1 ff 5e 21 27 00 00"
2025-10-25 10:07:30,85.06,0xff,0xe1,0xff,0x5e,0x21,0x3a,"ff e1 ff 5e 21 3a 00 00"
2025-10-25 10:07:30,85.25,0xff,0xe1,0xff,0x5e,0x21,0x4d,"ff e1 ff 5e 21 4d 00 00"
2025-10-25 10:07:30,85.5,0xff,0xe1,0xff,0x5e,0x21,0x66,"ff e1 ff 5e 21 66 00 00"
2025-10-25 10:07:30,85.68,0xff,0xe1,0xff,0x5e,0x21,0x78,"ff e1 ff 5e 21 78 00 00"
2025-10-25 10:07:30,85.87,0xff,0xe1,0xff,0x5e,0x21,0x8b,"ff e1 ff 5e 21 8b 00 00"
2025-10-25 10:07:30,86.06,0xff,0xe1,0xff,0x5e,0x21,0x9e,"ff e1 ff 5e 21 9e 00 00"
2025-10-25 10:07:30,86.25,0xff,0xe1,0xff,0x5e,0x21,0xb1,"ff e1 ff 5e 21 b1 00 00"
2025-10-25 10:07:30,86.43,0xff,0xe1,0xff,0x5e,0x21,0xc3,"ff e1 ff 5e 21 c3 00 00"
2025-10-25 10:07:30,86.62,0xff,0xe1,0xff,0x5e,0x21,0xd6,"ff e1 ff 5e 21 d6 00 00"
2025-10-25 10:07:30,86.81,0xff,0xe7,0xff,0x5e,0x21,0xe9,"ff e7 ff 5e 21 e9 00 00"
2025-10-25 10:07:30,86.93,0xff,0xe7,0xff,0x5e,0x21,0xf5,"ff e7 ff 5e 21 f5 00 00"
2025-10-25 10:07:30,87.12,0xff,0xe7,0xff,0x5e,0x22,0x08,"ff e7 ff 5e 22 08 00 00"
2025-10-25 10:07:30,87.25,0xff,0xe7,0xff,0x5e,0x22,0x15,"ff e7 ff 5e 22 15 00 00"
2025-10-25 10:07:30,87.37,0xff,0xe7,0xff,0x5e,0x22,0x21,"ff e7 ff 5e 22 21 00 00"
2025-10-25 10:07:30,87.5,0xff,0xe7,0xff,0x5e,0x22,0x2e,"ff e7 ff 5e 22 2e 00 00"
2025-10-25 10:07:30,87.62,0xff,0xe7,0xff,0x5e,0x22,0x3a,"ff e7 ff 5e 22 3a 00 00"
2025-10-25 10:07:30,87.75,0xff,0xe7,0xff,0x5e,0x22,0x47,"ff e7 ff 5e 22 47 00 00"
2025-10-25 10:07:30,87.87,0xff,0xe7,0xff,0x5e,0x22,0x53,"ff e7 ff 5e 22 53 00 00"
2025-10-25 10:07:30,88,0xff,0xe7,0xff,0x5e,0x22,0x60,"ff e7 ff 5e 22 60 00 00"
2025-10-25 10:07:30,88.06,0xff,0xe7,0xff,0x5e,0x22,0x66,"ff e7 ff 5e 22 66 00 00"
2025-10-25 10:07:30,88.18,0xff,0xe7,0xff,0x5e,0x22,0x72,"ff e7 ff 5e 22 72 00 00"
2025-10-25 10:07:30,88.25,0xff,0xe7,0xff,0x5e,0x22,0x79,"ff e7 ff 5e 22 79 00 00"
2025-10-25 10:07:31,88.31,0xff,0xe7,0xff,0x5e,0x22,0x7f,"ff e7 ff 5e 22 7f 00 00"
2025-10-25 10:07:31,88.37,0xff,0xe7,0xff,0x5e,0x22,0x85,"ff e7 ff 5e 22 85 00 00"
2025-10-25 10:07:31,88.43,0xff,0xe7,0xff,0x5e,0x22,0x8b,"ff e7 ff 5e 22 8b 00 00"
2025-10-25 10:07:31,88.5,0xff,0xe7,0xff,0x5e,0x22,0x92,"ff e7 ff 5e 22 92 00 00"
2025-10-25 10:07:31,88.56,0xff,0xe7,0xff,0x5e,0x22,0x98,"ff e7 ff 5e 22 98 00 00"
2025-10-25 10:07:31,88.68,0xff,0xe7,0xff,0x5e,0x22,0xa4,"ff e7 ff 5e 22 a4 00 00"
2025-10-25 10:07:31,88.75,0xff,0xe7,0xff,0x5e,0x22,0xab,"ff e7 ff 5e 22 ab 00 00"
2025-10-25 10:07:31,88.81,0xff,0xe7,0xff,0x5e,0x22,0xb1,"ff e7 ff 5e 22 b1 00 00"
2025-10-25 10:07:31,88.87,0xff,0xee,0xff,0x5e,0x22,0xb7,"ff ee ff 5e 22 b7 00 00"
2025-10-25 10:07:31,88.93,0xff,0xee,0xff,0x5e,0x22,0xbd,"ff ee ff 5e 22 bd 00 00"
2025-10-25 10:07:31,89.06,0xff,0xee,0xff,0x5e,0x22,0xca,"ff ee ff 5e 22 ca 00 00"
2025-10-25 10:07:31,89.12,0xff,0xee,0xff,0x5e,0x22,0xd0,"ff ee ff 5e 22 d0 00 00"
2025-10-25 10:07:31,89.25,0xff,0xee,0xff,0x5e,0x22,0xdd,"ff ee ff 5e 22 dd 00 00"
2025-10-25 10:07:31,89.31,0xff,0xee,0xff,0x5e,0x22,0xe3,"ff ee ff 5e 22 e3 00 00"
2025-10-25 10:07:31,89.43,0xff,0xee,0xff,0x5e,0x22,0xef,"ff ee ff 5e 22 ef 00 00"
2025-10-25 10:07:31,89.5,0xff,0xee,0xff,0x5e,0x22,0xf6,"ff ee ff 5e 22 f6 00 00"
2025-10-25 10:07:31,89.56,0xff,0xee,0xff,0x5e,0x22,0xfc,"ff ee ff 5e 22 fc 00 00"
2025-10-25 10:07:31,89.68,0xff,0xee,0xff,0x5e,0x23,0x08,"ff ee ff 5e 23 08 00 00"
2025-10-25 10:07:31,89.75,0xff,0xee,0xff,0x5e,0x23,0x0f,"ff ee ff 5e 23 0f 00 00"
2025-10-25 10:07:31,89.87,0xff,0xee,0xff,0x5e,0x23,0x1b,"ff ee ff 5e 23 1b 00 00"
2025-10-25 10:07:31,90,0xff,0xee,0xff,0x5e,0x23,0x28,"ff ee ff 5e 23 28 00 00"
2025-10-25 10:07:31,90.06,0xff,0xee,0xff,0x5e,0x23,0x2e,"ff ee ff 5e 23 2e 00 00"
2025-10-25 10:07:31,90.18,0xff,0xee,0xff,0x5e,0x23,0x3a,"ff ee ff 5e 23 3a 00 00"
2025-10-25 10:07:31,90.31,0xff,0xee,0xff,0x5e,0x23,0x47,"ff ee ff 5e 23 47 00 00"
2025-10-25 10:07:31,90.43,0xff,0xee,0xff,0x5e,0x23,0x53,"ff ee ff 5e 23 53 00 00"
2025-10-25 10:07:31,90.5,0xff,0xee,0xff,0x5e,0x23,0x5a,"ff ee ff 5e 23 5a 00 00"
2025-10-25 10:07:31,90.62,0xff,0xee,0xff,0x58,0x23,0x66,"ff ee ff 58 23 66 00 00"
2025-10-25 10:07:31,90.75,0xff,0xee,0xff,0x58,0x23,0x73,"ff ee ff 58 23 73 00 00"
2025-10-25 10:07:31,90.87,0xff,0xee,0xff,0x58,0x23,0x7f,"ff ee ff 58 23 7f 00 00"
2025-10-25 10:07:31,90.93,0xff,0xee,0xff,0x58,0x23,0x85,"ff ee ff 58 23 85 00 00"
2025-10-25 10:07:31,91.06,0xff,0xf4,0xff,0x58,0x23,0x92,"ff f4 ff 58 23 92 00 00"
2025-10-25 10:07:31,91.18,0xff,0xf4,0xff,0x58,0x23,0x9e,"ff f4 ff 58 23 9e 00 00"
2025-10-25 10:07:31,91.25,0xff,0xf4,0xff,0x58,0x23,0xa5,"ff f4 ff 58 23 a5 00 00"
2025-10-25 10:07:31,91.37,0xff,0xf4,0xff,0x58,0x23,0xb1,"ff f4 ff 58 23 b1 00 00"
2025-10-25 10:07:31,91.5,0xff,0xf4,0xff,0x58,0x23,0xbe,"ff f4 ff 58 23 be 00 00"
2025-10-25 10:07:32,91.56,0xff,0xf4,0xff,0x58,0x23,0xc4,"ff f4 ff 58 23 c4 00 00"
2025-10-25 10:07:32,91.68,0xff,0xf4,0xff,0x58,0x23,0xd0,"ff f4 ff 58 23 d0 00 00"
2025-10-25 10:07:32,91.75,0xff,0xf4,0xff,0x58,0x23,0xd7,"ff f4 ff 58 23 d7 00 00"
2025-10-25 10:07:32,91.93,0xff,0xf4,0xff,0x58,0x23,0xe9,"ff f4 ff 58 23 e9 00 00"
2025-10-25 10:07:32,92.06,0xff,0xf4,0xff,0x58,0x23,0xf6,"ff f4 ff 58 23 f6 00 00"
2025-10-25 10:07:32,92.12,0xff,0xf4,0xff,0x58,0x23,0xfc,"ff f4 ff 58 23 fc 00 00"
2025-10-25 10:07:32,92.25,0xff,0xf4,0xff,0x58,0x24,0x09,"ff f4 ff 58 24 09 00 00"
2025-10-25 10:07:32,92.31,0xff,0xf4,0xff,0x58,0x24,0x0f,"ff f4 ff 58 24 0f 00 00"
2025-10-25 10:07:32,92.43,0xff,0xf4,0xff,0x58,0x24,0x1b,"ff f4 ff 58 24 1b 00 00"
2025-10-25 10:07:32,92.56,0xff,0xf4,0xff,0x58,0x24,0x28,"ff f4 ff 58 24 28 00 00"
2025-10-25 10:07:32,92.62,0xff,0xf4,0xff,0x58,0x24,0x2e,"ff f4 ff 58 24 2e 00 00"
2025-10-25 10:07:32,92.75,0xff,0xf4,0xff,0x58,0x24,0x3b,"ff f4 ff 58 24 3b 00 00"
2025-10-25 10:07:32,92.87,0xff,0xf4,0xff,0x58,0x24,0x47,"ff f4 ff 58 24 47 00 00"
2025-10-25 10:07:32,92.93,0xff,0xf4,0xff,0x58,0x24,0x4d,"ff f4 ff 58 24 4d 00 00"
2025-10-25 10:07:32,93,0xff,0xf4,0xff,0x58,0x24,0x54,"ff f4 ff 58 24 54 00 00"
2025-10-25 10:07:32,93.06,0xff,0xf4,0xff,0x58,0x24,0x5a,"ff f4 ff 58 24 5a 00 00"
2025-10-25 10:07:32,93.12,0xff,0xfa,0xff,0x58,0x24,0x60,"ff fa ff 58 24 60 00 00"
2025-10-25 10:07:32,93.18,0xff,0xfa,0xff,0x58,0x24,0x66,"ff fa ff 58 24 66 00 00"
2025-10-25 10:07:32,93.25,0xff,0xfa,0xff,0x58,0x24,0x6d,"ff fa ff 58 24 6d 00 00"
2025-10-25 10:07:32,93.25,0xff,0xfa,0xff,0x58,0x24,0x6d,"ff fa ff 58 24 6d 00 00"
2025-10-25 10:07:32,93.31,0xff,0xfa,0xff,0x58,0x24,0x73,"ff fa ff 58 24 73 00 00"
2025-10-25 10:07:32,93.31,0xff,0xfa,0xff,0x58,0x24,0x73,"ff fa ff 58 24 73 00 00"
2025-10-25 10:07:32,93.37,0xff,0xfa,0xff,0x58,0x24,0x79,"ff fa ff 58 24 79 00 00"
2025-10-25 10:07:32,93.37,0xff,0xfa,0xff,0x58,0x24,0x79,"ff fa ff 58 24 79 00 00"
2025-10-25 10:07:32,93.37,0xff,0xfa,0xff,0x58,0x24,0x79,"ff fa ff 58 24 79 00 00"
2025-10-25 10:07:32,93.37,0xff,0xfa,0xff,0x58,0x24,0x79,"ff fa ff 58 24 79 00 00"
2025-10-25 10:07:32,93.37,0xff,0xfa,0xff,0x58,0x24,0x79,"ff fa ff 58 24 79 00 00"
2025-10-25 10:07:32,93.31,0xff,0xfa,0xff,0x58,0x24,0x73,"ff fa ff 58 24 73 00 00"
2025-10-25 10:07:32,93.31,0xff,0xfa,0xff,0x58,0x24,0x73,"ff fa ff 58 24 73 00 00"
2025-10-25 10:07:32,93.25,0xff,0xfa,0xff,0x58,0x24,0x6d,"ff fa ff 58 24 6d 00 00"
2025-10-25 10:07:32,93.18,0xff,0xfa,0xff,0x5e,0x24,0x66,"ff fa ff 5e 24 66 00 00"
2025-10-25 10:07:32,93.12,0xff,0xf4,0xff,0x5e,0x24,0x60,"ff f4 ff 5e 24 60 00 00"
2025-10-25 10:07:32,93.06,0xff,0xf4,0xff,0x5e,0x24,0x5a,"ff f4 ff 5e 24 5a 00 00"
2025-10-25 10:07:32,93,0xff,0xf4,0xff,0x5e,0x24,0x54,"ff f4 ff 5e 24 54 00 00"
2025-10-25 10:07:33,92.87,0xff,0xf4,0xff,0x5e,0x24,0x47,"ff f4 ff 5e 24 47 00 00"
2025-10-25 10:07:33,92.68,0xff,0xf4,0xff,0x5e,0x24,0x34,"ff f4 ff 5e 24 34 00 00"
2025-10-25 10:07:33,92.56,0xff,0xf4,0xff,0x5e,0x24,0x28,"ff f4 ff 5e 24 28 00 00"
2025-10-25 10:07:33,92.43,0xff,0xf4,0xff,0x5e,0x24,0x1b,"ff f4 ff 5e 24 1b 00 00"
2025-10-25 10:07:33,92.31,0xff,0xf4,0xff,0x64,0x24,0x0f,"ff f4 ff 64 24 0f 00 00"
2025-10-25 10:07:33,92.18,0xff,0xf4,0xff,0x64,0x24,0x02,"ff f4 ff 64 24 02 00 00"
2025-10-25 10:07:33,92.06,0xff,0xf4,0xff,0x64,0x23,0xf6,"ff f4 ff 64 23 f6 00 00"
2025-10-25 10:07:33,91.87,0xff,0xee,0xff,0x5e,0x23,0xe3,"ff ee ff 5e 23 e3 00 00"
2025-10-25 10:07:33,91.81,0xff,0xee,0xff,0x5e,0x23,0xdd,"ff ee ff 5e 23 dd 00 00"
2025-10-25 10:07:33,91.62,0xff,0xee,0xff,0x5e,0x23,0xca,"ff ee ff 5e 23 ca 00 00"
2025-10-25 10:07:33,91.5,0xff,0xee,0xff,0x5e,0x23,0xbe,"ff ee ff 5e 23 be 00 00"
2025-10-25 10:07:33,91.37,0xff,0xee,0xff,0x64,0x23,0xb1,"ff ee ff 64 23 b1 00 00"
2025-10-25 10:07:33,91.25,0xff,0xee,0xff,0x64,0x23,0xa5,"ff ee ff 64 23 a5 00 00"
2025-10-25 10:07:33,91.18,0xff,0xee,0xff,0x64,0x23,0x9e,"ff ee ff 64 23 9e 00 00"
2025-10-25 10:07:33,91.06,0xff,0xee,0xff,0x64,0x23,0x92,"ff ee ff 64 23 92 00 00"
2025-10-25 10:07:33,90.93,0xff,0xee,0xff,0x64,0x23,0x85,"ff ee ff 64 23 85 00 00"
2025-10-25 10:07:33,90.81,0xff,0xee,0xff,0x64,0x23,0x79,"ff ee ff 64 23 79 00 00"
2025-10-25 10:07:33,90.68,0xff,0xe7,0xff,0x64,0x23,0x6c,"ff e7 ff 64 23 6c 00 00"
2025-10-25 10:07:33,90.56,0xff,0xe7,0xff,0x64,0x23,0x60,"ff e7 ff 64 23 60 00 00"
2025-10-25 10:07:33,90.43,0xff,0xe7,0xff,0x64,0x23,0x53,"ff e7 ff 64 23 53 00 00"
2025-10-25 10:07:33,90.37,0xff,0xe7,0xff,0x64,0x23,0x4d,"ff e7 ff 64 23 4d 00 00"
2025-10-25 10:07:33,90.25,0xff,0xe7,0xff,0x64,0x23,0x41,"ff e7 ff 64 23 41 00 00"
2025-10-25 10:07:33,90.18,0xff,0xe1,0xff,0x64,0x23,0x3a,"ff e1 ff 64 23 3a 00 00"
2025-10-25 10:07:33,90.06,0xff,0xe1,0xff,0x64,0x23,0x2e,"ff e1 ff 64 23 2e 00 00"
2025-10-25 10:07:33,89.93,0xff,0xe1,0xff,0x64,0x23,0x21,"ff e1 ff 64 23 21 00 00"
2025-10-25 10:07:33,89.87,0xff,0xe1,0xff,0x64,0x23,0x1b,"ff e1 ff 64 23 1b 00 00"
2025-10-25 10:07:33,89.75,0xff,0xe1,0xff,0x64,0x23,0x0f,"ff e1 ff 64 23 0f 00 00"
2025-10-25 10:07:33,89.62,0xff,0xe1,0xff,0x64,0x23,0x02,"ff e1 ff 64 23 02 00 00"
2025-10-25 10:07:33,89.5,0xff,0xe1,0xff,0x64,0x22,0xf6,"ff e1 ff 64 22 f6 00 00"
2025-10-25 10:07:33,89.37,0xff,0xe1,0xff,0x64,0x22,0xe9,"ff e1 ff 64 22 e9 00 00"
2025-10-25 10:07:33,89.31,0xff,0xe1,0xff,0x64,0x22,0xe3,"ff e1 ff 64 22 e3 00 00"
2025-10-25 10:07:33,89.25,0xff,0xe1,0xff,0x64,0x22,0xdd,"ff e1 ff 64 22 dd 00 00"
2025-10-25 10:07:33,89.18,0xff,0xe1,0xff,0x64,0x22,0xd6,"ff e1 ff 64 22 d6 00 00"
2025-10-25 10:07:33,89.12,0xff,0xe1,0xff,0x64,0x22,0xd0,"ff e1 ff 64 22 d0 00 00"
2025-10-25 10:07:34,89.06,0xff,0xe1,0xff,0x5e,0x22,0xca,"ff e1 ff 5e 22 ca 00 00"
2025-10-25 10:07:34,89.06,0xff,0xe1,0xff,0x5e,0x22,0xca,"ff e1 ff 5e 22 ca 00 00"
2025-10-25 10:07:34,89.06,0xff,0xe1,0xff,0x5e,0x22,0xca,"ff e1 ff 5e 22 ca 00 00"
2025-10-25 10:07:34,89.06,0xff,0xe1,0xff,0x5e,0x22,0xca,"ff e1 ff 5e 22 ca 00 00"
2025-10-25 10:07:34,89.12,0xff,0xdb,0xff,0x58,0x22,0xd0,"ff db ff 58 22 d0 00 00"
2025-10-25 10:07:34,89.12,0xff,0xe1,0xff,0x58,0x22,0xd0,"ff e1 ff 58 22 d0 00 00"
2025-10-25 10:07:34,89.18,0xff,0xe1,0xff,0x58,0x22,0xd6,"ff e1 ff 58 22 d6 00 00"
2025-10-25 10:07:34,89.25,0xff,0xe1,0xff,0x58,0x22,0xdd,"ff e1 ff 58 22 dd 00 00"
2025-10-25 10:07:34,89.37,0xff,0xe1,0xff,0x58,0x22,0xe9,"ff e1 ff 58 22 e9 00 00"
2025-10-25 10:07:34,89.43,0xff,0xe1,0xff,0x58,0x22,0xef,"ff e1 ff 58 22 ef 00 00"
2025-10-25 10:07:34,89.56,0xff,0xe1,0xff,0x58,0x22,0xfc,"ff e1 ff 58 22 fc 00 00"
2025-10-25 10:07:34,89.62,0xff,0xe1,0xff,0x58,0x23,0x02,"ff e1 ff 58 23 02 00 00"
2025-10-25 10:07:34,89.75,0xff,0xe1,0xff,0x58,0x23,0x0f,"ff e1 ff 58 23 0f 00 00"
2025-10-25 10:07:34,89.81,0xff,0xe1,0xff,0x58,0x23,0x15,"ff e1 ff 58 23 15 00 00"
2025-10-25 10:07:34,89.93,0xff,0xe1,0xff,0x58,0x23,0x21,"ff e1 ff 58 23 21 00 00"
2025-10-25 10:07:34,90.06,0xff,0xe1,0xff,0x58,0x23,0x2e,"ff e1 ff 58 23 2e 00 00"
2025-10-25 10:07:34,90.12,0xff,0xe1,0xff,0x58,0x23,0x34,"ff e1 ff 58 23 34 00 00"
2025-10-25 10:07:34,90.25,0xff,0xe1,0xff,0x58,0x23,0x41,"ff e1 ff 58 23 41 00 00"
2025-10-25 10:07:34,90.31,0xff,0xe1,0xff,0x58,0x23,0x47,"ff e1 ff 58 23 47 00 00"
2025-10-25 10:07:34,90.37,0xff,0xe1,0xff,0x58,0x23,0x4d,"ff e1 ff 58 23 4d 00 00"
2025-10-25 10:07:34,90.5,0xff,0xe1,0xff,0x5e,0x23,0x5a,"ff e1 ff 5e 23 5a 00 00"
2025-10-25 10:07:34,90.62,0xff,0xe1,0xff,0x5e,0x23,0x66,"ff e1 ff 5e 23 66 00 00"
2025-10-25 10:07:34,90.68,0xff,0xe1,0xff,0x5e,0x23,0x6c,"ff e1 ff 5e 23 6c 00 00"
2025-10-25 10:07:34,90.75,0xff,0xe1,0xff,0x5e,0x23,0x73,"ff e1 ff 5e 23 73 00 00"
2025-10-25 10:07:34,90.81,0xff,0xe1,0xff,0x5e,0x23,0x79,"ff e1 ff 5e 23 79 00 00"
2025-10-25 10:07:34,90.87,0xff,0xe1,0xff,0x5e,0x23,0x7f,"ff e1 ff 5e 23 7f 00 00"
2025-10-25 10:07:34,90.93,0xff,0xe1,0xff,0x5e,0x23,0x85,"ff e1 ff 5e 23 85 00 00"
2025-10-25 10:07:34,91,0xff,0xe1,0xff,0x5e,0x23,0x8c,"ff e1 ff 5e 23 8c 00 00"
2025-10-25 10:07:34,91.06,0xff,0xe1,0xff,0x5e,0x23,0x92,"ff e1 ff 5e 23 92 00 00"
2025-10-25 10:07:34,91.12,0xff,0xe1,0xff,0x5e,0x23,0x98,"ff e1 ff 5e 23 98 00 00"
2025-10-25 10:07:34,91.18,0xff,0xe1,0xff,0x5e,0x23,0x9e,"ff e1 ff 5e 23 9e 00 00"
2025-10-25 10:07:34,91.25,0xff,0xe1,0xff,0x5e,0x23,0xa5,"ff e1 ff 5e 23 a5 00 00"
2025-10-25 10:07:34,91.25,0xff,0xe1,0xff,0x5e,0x23,0xa5,"ff e1 ff 5e 23 a5 00 00"
2025-10-25 10:07:34,91.31,0xff,0xe1,0xff,0x5e,0x23,0xab,"ff e1 ff 5e 23 ab 00 00"
2025-10-25 10:07:35,91.37,0xff,0xe1,0xff,0x5e,0x23,0xb1,"ff e1 ff 5e 23 b1 00 00"
2025-10-25 10:07:35,91.43,0xff,0xe1,0xff,0x5e,0x23,0xb7,"ff e1 ff 5e 23 b7 00 00"
2025-10-25 10:07:35,91.5,0xff,0xe1,0xff,0x5e,0x23,0xbe,"ff e1 ff 5e 23 be 00 00"
2025-10-25 10:07:35,91.56,0xff,0xe1,0xff,0x5e,0x23,0xc4,"ff e1 ff 5e 23 c4 00 00"
2025-10-25 10:07:35,91.62,0xff,0xe1,0xff,0x5e,0x23,0xca,"ff e1 ff 5e 23 ca 00 00"
2025-10-25 10:07:35,91.75,0xff,0xe1,0xff,0x5e,0x23,0xd7,"ff e1 ff 5e 23 d7 00 00"
2025-10-25 10:07:35,91.75,0xff,0xe1,0xff,0x5e,0x23,0xd7,"ff e1 ff 5e 23 d7 00 00"
2025-10-25 10:07:35,91.81,0xff,0xe1,0xff,0x5e,0x23,0xdd,"ff e1 ff 5e 23 dd 00 00"
2025-10-25 10:07:35,91.93,0xff,0xe1,0xff,0x5e,0x23,0xe9,"ff e1 ff 5e 23 e9 00 00"
2025-10-25 10:07:35,92,0xff,0xe7,0xff,0x5e,0x23,0xf0,"ff e7 ff 5e 23 f0 00 00"
2025-10-25 10:07:35,92.06,0xff,0xe7,0xff,0x5e,0x23,0xf6,"ff e7 ff 5e 23 f6 00 00"
2025-10-25 10:07:35,92.12,0xff,0xe7,0xff,0x5e,0x23,0xfc,"ff e7 ff 5e 23 fc 00 00"
2025-10-25 10:07:35,92.18,0xff,0xe7,0xff,0x5e,0x24,0x02,"ff e7 ff 5e 24 02 00 00"
2025-10-25 10:07:35,92.25,0xff,0xe7,0xff,0x5e,0x24,0x09,"ff e7 ff 5e 24 09 00 00"
2025-10-25 10:07:35,92.31,0xff,0xe7,0xff,0x5e,0x24,0x0f,"ff e7 ff 5e 24 0f 00 00"
2025-10-25 10:07:35,92.37,0xff,0xe7,0xff,0x5e,0x24,0x15,"ff e7 ff 5e 24 15 00 00"
2025-10-25 10:07:35,92.43,0xff,0xe7,0xff,0x5e,0x24,0x1b,"ff e7 ff 5e 24 1b 00 00"
2025-10-25 10:07:35,92.5,0xff,0xe7,0xff,0x5e,0x24,0x22,"ff e7 ff 5e 24 22 00 00"
2025-10-25 10:07:35,92.5,0xff,0xe7,0xff,0x5e,0x24,0x22,"ff e7 ff 5e 24 22 00 00"
2025-10-25 10:07:35,92.56,0xff,0xe7,0xff,0x5e,0x24,0x28,"ff e7 ff 5e 24 28 00 00"
2025-10-25 10:07:35,92.56,0xff,0xe7,0xff,0x5e,0x24,0x28,"ff e7 ff 5e 24 28 00 00"
2025-10-25 10:07:35,92.62,0xff,0xe7,0xff,0x5e,0x24,0x2e,"ff e7 ff 5e 24 2e 00 00"
2025-10-25 10:07:35,92.62,0xff,0xe7,0xff,0x5e,0x24,0x2e,"ff e7 ff 5e 24 2e 00 00"
2025-10-25 10:07:35,92.62,0xff,0xe7,0xff,0x5e,0x24,0x2e,"ff e7 ff 5e 24 2e 00 00"
2025-10-25 10:07:35,92.62,0xff,0xe7,0xff,0x5e,0x24,0x2e,"ff e7 ff 5e 24 2e 00 00"
2025-10-25 10:07:35,92.62,0xff,0xe7,0xff,0x5e,0x24,0x2e,"ff e7 ff 5e 24 2e 00 00"
2025-10-25 10:07:35,92.62,0xff,0xe7,0xff,0x5e,0x24,0x2e,"ff e7 ff 5e 24 2e 00 00"
2025-10-25 10:07:35,92.56,0xff,0xe7,0xff,0x5e,0x24,0x28,"ff e7 ff 5e 24 28 00 00"
2025-10-25 10:07:35,92.56,0xff,0xe7,0xff,0x5e,0x24,0x28,"ff e7 ff 5e 24 28 00 00"
2025-10-25 10:07:35,92.56,0xff,0xe7,0xff,0x5e,0x24,0x28,"ff e7 ff 5e 24 28 00 00"
2025-10-25 10:07:35,92.5,0xff,0xe7,0xff,0x5e,0x24,0x22,"ff e7 ff 5e 24 22 00 00"
2025-10-25 10:07:35,92.43,0xff,0xe7,0xff,0x5e,0x24,0x1b,"ff e7 ff 5e 24 1b 00 00"
2025-10-25 10:07:35,92.43,0xff,0xe7,0xff,0x5e,0x24,0x1b,"ff e7 ff 5e 24 1b 00 00"
2025-10-25 10:07:35,92.31,0xff,0xe7,0xff,0x5e,0x24,0x0f,"ff e7 ff 5e 24 0f 00 00"
2025-10-25 10:07:36,92.31,0xff,0xe7,0xff,0x5e,0x24,0x0f,"ff e7 ff 5e 24 0f 00 00"
2025-10-25 10:07:36,92.18,0xff,0xe7,0xff,0x5e,0x24,0x02,"ff e7 ff 5e 24 02 00 00"
2025-10-25 10:07:36,92.12,0xff,0xe7,0xff,0x5e,0x23,0xfc,"ff e7 ff 5e 23 fc 00 00"
2025-10-25 10:07:36,92,0xff,0xe7,0xff,0x5e,0x23,0xf0,"ff e7 ff 5e 23 f0 00 00"
2025-10-25 10:07:36,91.87,0xff,0xe1,0xff,0x5e,0x23,0xe3,"ff e1 ff 5e 23 e3 00 00"
2025-10-25 10:07:36,91.81,0xff,0xe1,0xff,0x5e,0x23,0xdd,"ff e1 ff 5e 23 dd 00 00"
2025-10-25 10:07:36,91.68,0xff,0xe1,0xff,0x5e,0x23,0xd0,"ff e1 ff 5e 23 d0 00 00"
2025-10-25 10:07:36,91.56,0xff,0xe1,0xff,0x5e,0x23,0xc4,"ff e1 ff 5e 23 c4 00 00"
2025-10-25 10:07:36,91.43,0xff,0xe1,0xff,0x5e,0x23,0xb7,"ff e1 ff 5e 23 b7 00 00"
2025-10-25 10:07:36,91.31,0xff,0xe1,0xff,0x5e,0x23,0xab,"ff e1 ff 5e 23 ab 00 00"
2025-10-25 10:07:36,91.12,0xff,0xe1,0xff,0x5e,0x23,0x98,"ff e1 ff 5e 23 98 00 00"
2025-10-25 10:07:36,91,0xff,0xe1,0xff,0x5e,0x23,0x8c,"ff e1 ff 5e 23 8c 00 00"
2025-10-25 10:07:36,90.87,0xff,0xe1,0xff,0x5e,0x23,0x7f,"ff e1 ff 5e 23 7f 00 00"
2025-10-25 10:07:36,90.75,0xff,0xe1,0xff,0x5e,0x23,0x73,"ff e1 ff 5e 23 73 00 00"
2025-10-25 10:07:36,90.62,0xff,0xe1,0xff,0x5e,0x23,0x66,"ff e1 ff 5e 23 66 00 00"
2025-10-25 10:07:36,90.5,0xff,0xe1,0xff,0x5e,0x23,0x5a,"ff e1 ff 5e 23 5a 00 00"
2025-10-25 10:07:36,90.37,0xff,0xe1,0xff,0x5e,0x23,0x4d,"ff e1 ff 5e 23 4d 00 00"
2025-10-25 10:07:36,90.25,0xff,0xe1,0xff,0x5e,0x23,0x41,"ff e1 ff 5e 23 41 00 00"
2025-10-25 10:07:36,90.12,0xff,0xe1,0xff,0x5e,0x23,0x34,"ff e1 ff 5e 23 34 00 00"
2025-10-25 10:07:36,90,0xff,0xe1,0xff,0x5e,0x23,0x28,"ff e1 ff 5e 23 28 00 00"
2025-10-25 10:07:36,89.87,0xff,0xe1,0xff,0x5e,0x23,0x1b,"ff e1 ff 5e 23 1b 00 00"
2025-10-25 10:07:36,89.75,0xff,0xdb,0xff,0x5e,0x23,0x0f,"ff db ff 5e 23 0f 00 00"
2025-10-25 10:07:36,89.62,0xff,0xdb,0xff,0x5e,0x23,0x02,"ff db ff 5e 23 02 00 00"
2025-10-25 10:07:36,89.5,0xff,0xdb,0xff,0x5e,0x22,0xf6,"ff db ff 5e 22 f6 00 00"
2025-10-25 10:07:36,89.43,0xff,0xdb,0xff,0x5e,0x22,0xef,"ff db ff 5e 22 ef 00 00"
2025-10-25 10:07:36,89.25,0xff,0xdb,0xff,0x5e,0x22,0xdd,"ff db ff 5e 22 dd 00 00"
2025-10-25 10:07:36,89.12,0xff,0xdb,0xff,0x5e,0x22,0xd0,"ff db ff 5e 22 d0 00 00"
2025-10-25 10:07:36,88.93,0xff,0xdb,0xff,0x5e,0x22,0xbd,"ff db ff 5e 22 bd 00 00"
2025-10-25 10:07:36,88.81,0xff,0xdb,0xff,0x5e,0x22,0xb1,"ff db ff 5e 22 b1 00 00"
2025-10-25 10:07:36,88.68,0xff,0xdb,0xff,0x5e,0x22,0xa4,"ff db ff 5e 22 a4 00 00"
2025-10-25 10:07:36,88.56,0xff,0xdb,0xff,0x5e,0x22,0x98,"ff db ff 5e 22 98 00 00"
2025-10-25 10:07:36,88.43,0xff,0xdb,0xff,0x5e,0x22,0x8b,"ff db ff 5e 22 8b 00 00"
2025-10-25 10:07:36,88.31,0xff,0xdb,0xff,0x5e,0x22,0x7f,"ff db ff 5e 22 7f 00 00"
2025-10-25 10:07:36,88.18,0xff,0xdb,0xff,0x5e,0x22,0x72,"ff db ff 5e 22 72 00 00"
2025-10-25 10:07:36,88.06,0xff,0xdb,0xff,0x5e,0x22,0x66,"ff db ff 5e 22 66 00 00"
2025-10-25 10:07:37,87.93,0xff,0xdb,0xff,0x5e,0x22,0x59,"ff db ff 5e 22 59 00 00"
2025-10-25 10:07:37,87.81,0xff,0xe1,0xff,0x5e,0x22,0x4d,"ff e1 ff 5e 22 4d 00 00"
2025-10-25 10:07:37,87.68,0xff,0xe1,0xff,0x5e,0x22,0x40,"ff e1 ff 5e 22 40 00 00"
2025-10-25 10:07:37,87.56,0xff,0xdb,0xff,0x5e,0x22,0x34,"ff db ff 5e 22 34 00 00"
2025-10-25 10:07:37,87.43,0xff,0xdb,0xff,0x5e,0x22,0x27,"ff db ff 5e 22 27 00 00"
2025-10-25 10:07:37,87.25,0xff,0xd5,0xff,0x5e,0x22,0x15,"ff d5 ff 5e 22 15 00 00"
2025-10-25 10:07:37,87.18,0xff,0xd5,0xff,0x5e,0x22,0x0e,"ff d5 ff 5e 22 0e 00 00"
2025-10-25 10:07:37,87,0xff,0xd5,0xff,0x64,0x21,0xfc,"ff d5 ff 64 21 fc 00 00"
2025-10-25 10:07:37,86.87,0xff,0xd5,0xff,0x64,0x21,0xef,"ff d5 ff 64 21 ef 00 00"
2025-10-25 10:07:37,86.75,0xff,0xd5,0xff,0x64,0x21,0xe3,"ff d5 ff 64 21 e3 00 00"
2025-10-25 10:07:37,86.62,0xff,0xd5,0xff,0x64,0x21,0xd6,"ff d5 ff 64 21 d6 00 00"
2025-10-25 10:07:37,86.56,0xff,0xd5,0xff,0x64,0x21,0xd0,"ff d5 ff 64 21 d0 00 00"
2025-10-25 10:07:37,86.5,0xff,0xd5,0xff,0x64,0x21,0xca,"ff d5 ff 64 21 ca 00 00"
2025-10-25 10:07:37,86.37,0xff,0xce,0xff,0x64,0x21,0xbd,"ff ce ff 64 21 bd 00 00"
2025-10-25 10:07:37,86.31,0xff,0xce,0xff,0x64,0x21,0xb7,"ff ce ff 64 21 b7 00 00"
2025-10-25 10:07:37,86.18,0xff,0xce,0xff,0x64,0x21,0xaa,"ff ce ff 64 21 aa 00 00"
2025-10-25 10:07:37,86,0xff,0xce,0xff,0x64,0x21,0x98,"ff ce ff 64 21 98 00 00"
2025-10-25 10:07:37,85.87,0xff,0xce,0xff,0x64,0x21,0x8b,"ff ce ff 64 21 8b 00 00"
2025-10-25 10:07:37,85.81,0xff,0xd5,0xff,0x64,0x21,0x85,"ff d5 ff 64 21 85 00 00"
2025-10-25 10:07:37,85.68,0xff,0xd5,0xff,0x64,0x21,0x78,"ff d5 ff 64 21 78 00 00"
2025-10-25 10:07:37,85.56,0xff,0xce,0xff,0x64,0x21,0x6c,"ff ce ff 64 21 6c 00 00"
2025-10-25 10:07:37,85.43,0xff,0xce,0xff,0x64,0x21,0x5f,"ff ce ff 64 21 5f 00 00"
2025-10-25 10:07:37,85.31,0xff,0xce,0xff,0x64,0x21,0x53,"ff ce ff 64 21 53 00 00"
2025-10-25 10:07:37,85.25,0xff,0xce,0xff,0x64,0x21,0x4d,"ff ce ff 64 21 4d 00 00"
2025-10-25 10:07:37,85.12,0xff,0xce,0xff,0x64,0x21,0x40,"ff ce ff 64 21 40 00 00"
2025-10-25 10:07:37,85,0xff,0xce,0xff,0x64,0x21,0x34,"ff ce ff 64 21 34 00 00"
2025-10-25 10:07:37,84.87,0xff,0xce,0xff,0x64,0x21,0x27,"ff ce ff 64 21 27 00 00"
2025-10-25 10:07:37,84.75,0xff,0xce,0xff,0x64,0x21,0x1b,"ff ce ff 64 21 1b 00 00"
2025-10-25 10:07:37,84.68,0xff,0xce,0xff,0x64,0x21,0x14,"ff ce ff 64 21 14 00 00"
2025-10-25 10:07:37,84.56,0xff,0xce,0xff,0x64,0x21,0x08,"ff ce ff 64 21 08 00 00"
2025-10-25 10:07:37,84.37,0xff,0xce,0xff,0x64,0x20,0xf5,"ff ce ff 64 20 f5 00 00"
2025-10-25 10:07:37,84.25,0xff,0xce,0xff,0x64,0x20,0xe9,"ff ce ff 64 20 e9 00 00"
2025-10-25 10:07:37,84.12,0xff,0xce,0xff,0x64,0x20,0xdc,"ff ce ff 64 20 dc 00 00"
2025-10-25 10:07:37,84,0xff,0xce,0xff,0x64,0x20,0xd0,"ff ce ff 64 20 d0 00 00"
2025-10-25 10:07:38,83.87,0xff,0xce,0xff,0x6a,0x20,0xc3,"ff ce ff 6a 20 c3 00 00"
2025-10-25 10:07:38,83.75,0xff,0xce,0xff,0x6a,0x20,0xb7,"ff ce ff 6a 20 b7 00 00"
2025-10-25 10:07:38,83.68,0xff,0xce,0xff,0x6a,0x20,0xb0,"ff ce ff 6a 20 b0 00 00"
2025-10-25 10:07:38,83.56,0xff,0xce,0xff,0x6a,0x20,0xa4,"ff ce ff 6a 20 a4 00 00"
2025-10-25 10:07:38,83.43,0xff,0xce,0xff,0x6a,0x20,0x97,"ff ce ff 6a 20 97 00 00"
2025-10-25 10:07:38,83.31,0xff,0xce,0xff,0x6a,0x20,0x8b,"ff ce ff 6a 20 8b 00 00"
2025-10-25 10:07:38,83.18,0xff,0xce,0xff,0x6a,0x20,0x7e,"ff ce ff 6a 20 7e 00 00"
2025-10-25 10:07:38,83.06,0xff,0xce,0xff,0x6a,0x20,0x72,"ff ce ff 6a 20 72 00 00"
2025-10-25 10:07:38,82.93,0xff,0xce,0xff,0x6a,0x20,0x65,"ff ce ff 6a 20 65 00 00"
2025-10-25 10:07:38,82.81,0xff,0xce,0xff,0x6a,0x20,0x59,"ff ce ff 6a 20 59 00 00"
2025-10-25 10:07:38,82.75,0xff,0xce,0xff,0x6a,0x20,0x53,"ff ce ff 6a 20 53 00 00"
2025-10-25 10:07:38,82.62,0xff,0xce,0xff,0x6a,0x20,0x46,"ff ce ff 6a 20 46 00 00"
2025-10-25 10:07:38,82.56,0xff,0xc8,0xff,0x6a,0x20,0x40,"ff c8 ff 6a 20 40 00 00"
2025-10-25 10:07:38,82.43,0xff,0xc8,0xff,0x6a,0x20,0x33,"ff c8 ff 6a 20 33 00 00"
2025-10-25 10:07:38,82.25,0xff,0xc8,0xff,0x6a,0x20,0x21,"ff c8 ff 6a 20 21 00 00"
2025-10-25 10:07:38,82.12,0xff,0xc8,0xff,0x6a,0x20,0x14,"ff c8 ff 6a 20 14 00 00"
2025-10-25 10:07:38,82.06,0xff,0xc8,0xff,0x6a,0x20,0x0e,"ff c8 ff 6a 20 0e 00 00"
2025-10-25 10:07:38,81.93,0xff,0xc8,0xff,0x6a,0x20,0x01,"ff c8 ff 6a 20 01 00 00"
2025-10-25 10:07:38,81.87,0xff,0xc8,0xff,0x6a,0x1f,0xfb,"ff c8 ff 6a 1f fb 00 00"
2025-10-25 10:07:38,81.75,0xff,0xc8,0xff,0x6a,0x1f,0xef,"ff c8 ff 6a 1f ef 00 00"
2025-10-25 10:07:38,81.62,0xff,0xc8,0xff,0x6a,0x1f,0xe2,"ff c8 ff 6a 1f e2 00 00"
2025-10-25 10:07:38,81.56,0xff,0xc8,0xff,0x6a,0x1f,0xdc,"ff c8 ff 6a 1f dc 00 00"
2025-10-25 10:07:38,81.5,0xff,0xc8,0xff,0x6a,0x1f,0xd6,"ff c8 ff 6a 1f d6 00 00"
2025-10-25 10:07:38,81.37,0xff,0xc8,0xff,0x6a,0x1f,0xc9,"ff c8 ff 6a 1f c9 00 00"
2025-10-25 10:07:38,81.31,0xff,0xc8,0xff,0x6a,0x1f,0xc3,"ff c8 ff 6a 1f c3 00 00"
2025-10-25 10:07:38,81.18,0xff,0xc8,0xff,0x6a,0x1f,0xb6,"ff c8 ff 6a 1f b6 00 00"
2025-10-25 10:07:38,81.12,0xff,0xc8,0xff,0x6a,0x1f,0xb0,"ff c8 ff 6a 1f b0 00 00"
2025-10-25 10:07:38,81,0xff,0xc8,0xff,0x6a,0x1f,0xa4,"ff c8 ff 6a 1f a4 00 00"
2025-10-25 10:07:38,80.87,0xff,0xc8,0xff,0x6a,0x1f,0x97,"ff c8 ff 6a 1f 97 00 00"
2025-10-25 10:07:38,80.81,0xff,0xc8,0xff,0x6a,0x1f,0x91,"ff c8 ff 6a 1f 91 00 00"
2025-10-25 10:07:38,80.68,0xff,0xc8,0xff,0x6a,0x1f,0x84,"ff c8 ff 6a 1f 84 00 00"
2025-10-25 10:07:38,80.62,0xff,0xc8,0xff,0x6a,0x1f,0x7e,"ff c8 ff 6a 1f 7e 00 00"
2025-10-25 10:07:38,80.56,0xff,0xc8,0xff,0x6a,0x1f,0x78,"ff c8 ff 6a 1f 78 00 00"
2025-10-25 10:07:38,80.5,0xff,0xc8,0xff,0x6a,0x1f,0x72,"ff c8 ff 6a 1f 72 00 00"
2025-10-25 10:07:39,80.43,0xff,0xc8,0xff,0x6a,0x1f,0x6b,"ff c8 ff 6a 1f 6b 00 00"
2025-10-25 10:07:39,80.37,0xff,0xc8,0xff,0x6a,0x1f,0x65,"ff c8 ff 6a 1f 65 00 00"
2025-10-25 10:07:39,80.31,0xff,0xc8,0xff,0x6a,0x1f,0x5f,"ff c8 ff 6a 1f 5f 00 00"
2025-10-25 10:07:39,80.31,0xff,0xc8,0xff,0x6a,0x1f,0x5f,"ff c8 ff 6a 1f 5f 00 00"
2025-10-25 10:07:39,80.25,0xff,0xc8,0xff,0x6a,0x1f,0x59,"ff c8 ff 6a 1f 59 00 00"
2025-10-25 10:07:39,80.25,0xff,0xc8,0xff,0x6a,0x1f,0x59,"ff c8 ff 6a 1f 59 00 00"
2025-10-25 10:07:39,80.18,0xff,0xc8,0xff,0x6a,0x1f,0x52,"ff c8 ff 6a 1f 52 00 00"
2025-10-25 10:07:39,80.18,0xff,0xc8,0xff,0x6a,0x1f,0x52,"ff c8 ff 6a 1f 52 00 00"
2025-10-25 10:07:39,80.18,0xff,0xc8,0xff,0x6a,0x1f,0x52,"ff c8 ff 6a 1f 52 00 00"
2025-10-25 10:07:39,80.18,0xff,0xc8,0xff,0x6a,0x1f,0x52,"ff c8 ff 6a 1f 52 00 00"
2025-10-25 10:07:39,80.25,0xff,0xc8,0xff,0x6a,0x1f,0x59,"ff c8 ff 6a 1f 59 00 00"
2025-10-25 10:07:39,80.25,0xff,0xc8,0xff,0x6a,0x1f,0x59,"ff c8 ff 6a 1f 59 00 00"
2025-10-25 10:07:39,80.31,0xff,0xc8,0xff,0x6a,0x1f,0x5f,"ff c8 ff 6a 1f 5f 00 00"
2025-10-25 10:07:39,80.31,0xff,0xc8,0xff,0x6a,0x1f,0x5f,"ff c8 ff 6a 1f 5f 00 00"
2025-10-25 10:07:39,80.37,0xff,0xc8,0xff,0x6a,0x1f,0x65,"ff c8 ff 6a 1f 65 00 00"
2025-10-25 10:07:39,80.5,0xff,0xc8,0xff,0x6a,0x1f,0x72,"ff c8 ff 6a 1f 72 00 00"
2025-10-25 10:07:39,80.56,0xff,0xc8,0xff,0x6a,0x1f,0x78,"ff c8 ff 6a 1f 78 00 00"
2025-10-25 10:07:39,80.62,0xff,0xc8,0xff,0x6a,0x1f,0x7e,"ff c8 ff 6a 1f 7e 00 00"
2025-10-25 10:07:39,80.75,0xff,0xc8,0xff,0x6a,0x1f,0x8b,"ff c8 ff 6a 1f 8b 00 00"
2025-10-25 10:07:39,80.81,0xff,0xc8,0xff,0x6a,0x1f,0x91,"ff c8 ff 6a 1f 91 00 00"
2025-10-25 10:07:39,80.93,0xff,0xc8,0xff,0x6a,0x1f,0x9d,"ff c8 ff 6a 1f 9d 00 00"
2025-10-25 10:07:39,81.06,0xff,0xc8,0xff,0x6a,0x1f,0xaa,"ff c8 ff 6a 1f aa 00 00"
2025-10-25 10:07:39,81.12,0xff,0xc8,0xff,0x6a,0x1f,0xb0,"ff c8 ff 6a 1f b0 00 00"
2025-10-25 10:07:39,81.25,0xff,0xc8,0xff,0x6a,0x1f,0xbd,"ff c8 ff 6a 1f bd 00 00"
2025-10-25 10:07:39,81.37,0xff,0xc8,0xff,0x6a,0x1f,0xc9,"ff c8 ff 6a 1f c9 00 00"
2025-10-25 10:07:39,81.5,0xff,0xc8,0xff,0x6a,0x1f,0xd6,"ff c8 ff 6a 1f d6 00 00"
2025-10-25 10:07:39,81.62,0xff,0xc8,0xff,0x6a,0x1f,0xe2,"ff c8 ff 6a 1f e2 00 00"
2025-10-25 10:07:39,81.75,0xff,0xc8,0xff,0x6a,0x1f,0xef,"ff c8 ff 6a 1f ef 00 00"
2025-10-25 10:07:39,81.87,0xff,0xc8,0xff,0x6a,0x1f,0xfb,"ff c8 ff 6a 1f fb 00 00"
2025-10-25 10:07:39,82,0xff,0xc8,0xff,0x6a,0x20,0x08,"ff c8 ff 6a 20 08 00 00"
2025-10-25 10:07:39,82.12,0xff,0xce,0xff,0x6a,0x20,0x14,"ff ce ff 6a 20 14 00 00"
2025-10-25 10:07:39,82.25,0xff,0xce,0xff,0x6a,0x20,0x21,"ff ce ff 6a 20 21 00 00"
2025-10-25 10:07:39,82.43,0xff,0xce,0xff,0x6a,0x20,0x33,"ff ce ff 6a 20 33 00 00"
2025-10-25 10:07:40,82.5,0xff,0xce,0xff,0x6a,0x20,0x3a,"ff ce ff 6a 20 3a 00 00"
2025-10-25 10:07:40,82.68,0xff,0xce,0xff,0x6a,0x20,0x4c,"ff ce ff 6a 20 4c 00 00"
2025-10-25 10:07:40,82.81,0xff,0xce,0xff,0x6a,0x20,0x59,"ff ce ff 6a 20 59 00 00"
2025-10-25 10:07:40,83,0xff,0xce,0xff,0x6a,0x20,0x6c,"ff ce ff 6a 20 6c 00 00"
2025-10-25 10:07:40,83.18,0xff,0xce,0xff,0x6a,0x20,0x7e,"ff ce ff 6a 20 7e 00 00"
2025-10-25 10:07:40,83.25,0xff,0xce,0xff,0x6a,0x20,0x85,"ff ce ff 6a 20 85 00 00"
2025-10-25 10:07:40,83.37,0xff,0xce,0xff,0x6a,0x20,0x91,"ff ce ff 6a 20 91 00 00"
2025-10-25 10:07:40,83.56,0xff,0xce,0xff,0x6a,0x20,0xa4,"ff ce ff 6a 20 a4 00 00"
2025-10-25 10:07:40,83.68,0xff,0xce,0xff,0x6a,0x20,0xb0,"ff ce ff 6a 20 b0 00 00"
2025-10-25 10:07:40,83.87,0xff,0xce,0xff,0x6a,0x20,0xc3,"ff ce ff 6a 20 c3 00 00"
2025-10-25 10:07:40,84,0xff,0xce,0xff,0x6a,0x20,0xd0,"ff ce ff 6a 20 d0 00 00"
2025-10-25 10:07:40,84.12,0xff,0xce,0xff,0x6a,0x20,0xdc,"ff ce ff 6a 20 dc 00 00"
2025-10-25 10:07:40,84.25,0xff,0xce,0xff,0x6a,0x20,0xe9,"ff ce ff 6a 20 e9 00 00"
2025-10-25 10:07:40,84.37,0xff,0xd5,0xff,0x6a,0x20,0xf5,"ff d5 ff 6a 20 f5 00 00"
2025-10-25 10:07:40,84.56,0xff,0xd5,0xff,0x6a,0x21,0x08,"ff d5 ff 6a 21 08 00 00"
2025-10-25 10:07:40,84.68,0xff,0xd5,0xff,0x6a,0x21,0x14,"ff d5 ff 6a 21 14 00 00"
2025-10-25 10:07:40,84.81,0xff,0xd5,0xff,0x6a,0x21,0x21,"ff d5 ff 6a 21 21 00 00"
2025-10-25 10:07:40,84.93,0xff,0xd5,0xff,0x6a,0x21,0x2d,"ff d5 ff 6a 21 2d 00 00"
2025-10-25 10:07:40,85.06,0xff,0xd5,0xff,0x64,0x21,0x3a,"ff d5 ff 64 21 3a 00 00"
2025-10-25 10:07:40,85.25,0xff,0xd5,0xff,0x64,0x21,0x4d,"ff d5 ff 64 21 4d 00 00"
2025-10-25 10:07:40,85.37,0xff,0xd5,0xff,0x64,0x21,0x59,"ff d5 ff 64 21 59 00 00"
2025-10-25 10:07:40,85.5,0xff,0xd5,0xff,0x64,0x21,0x66,"ff d5 ff 64 21 66 00 00"
2025-10-25 10:07:40,85.62,0xff,0xd5,0xff,0x64,0x21,0x72,"ff d5 ff 64 21 72 00 00"
2025-10-25 10:07:40,85.75,0xff,0xd5,0xff,0x64,0x21,0x7f,"ff d5 ff 64 21 7f 00 00"
2025-10-25 10:07:40,85.87,0xff,0xd5,0xff,0x64,0x21,0x8b,"ff d5 ff 64 21 8b 00 00"
2025-10-25 10:07:40,86,0xff,0xd5,0xff,0x64,0x21,0x98,"ff d5 ff 64 21 98 00 00"
2025-10-25 10:07:40,86.12,0xff,0xd5,0xff,0x64,0x21,0xa4,"ff d5 ff 64 21 a4 00 00"
2025-10-25 10:07:40,86.25,0xff,0xd5,0xff,0x64,0x21,0xb1,"ff d5 ff 64 21 b1 00 00"
2025-10-25 10:07:40,86.37,0xff,0xd5,0xff,0x64,0x21,0xbd,"ff d5 ff 64 21 bd 00 00"
2025-10-25 10:07:40,86.5,0xff,0xd5,0xff,0x64,0x21,0xca,"ff d5 ff 64 21 ca 00 00"
2025-10-25 10:07:40,86.62,0xff,0xd5,0xff,0x64,0x21,0xd6,"ff d5 ff 64 21 d6 00 00"
2025-10-25 10:07:40,86.75,0xff,0xdb,0xff,0x64,0x21,0xe3,"ff db ff 64 21 e3 00 00"
2025-10-25 10:07:40,86.93,0xff,0xdb,0xff,0x64,0x21,0xf5,"ff db ff 64 21 f5 00 00"
2025-10-25 10:07:40,87.06,0xff,0xdb,0xff,0x64,0x22,0x02,"ff db ff 64 22 02 00 00"
2025-10-25 10:07:41,87.12,0xff,0xdb,0xff,0x64,0x22,0x08,"ff db ff 64 22 08 00 00"
2025-10-25 10:07:41,87.25,0xff,0xdb,0xff,0x64,0x22,0x15,"ff db ff 64 22 15 00 00"
2025-10-25 10:07:41,87.37,0xff,0xdb,0xff,0x64,0x22,0x21,"ff db ff 64 22 21 00 00"
2025-10-25 10:07:41,87.43,0xff,0xdb,0xff,0x64,0x22,0x27,"ff db ff 64 22 27 00 00"
2025-10-25 10:07:41,87.56,0xff,0xdb,0xff,0x64,0x22,0x34,"ff db ff 64 22 34 00 00"
2025-10-25 10:07:41,87.68,0xff,0xdb,0xff,0x64,0x22,0x40,"ff db ff 64 22 40 00 00"
2025-10-25 10:07:41,87.75,0xff,0xdb,0xff,0x64,0x22,0x47,"ff db ff 64 22 47 00 00"
2025-10-25 10:07:41,87.87,0xff,0xdb,0xff,0x64,0x22,0x53,"ff db ff 64 22 53 00 00"
2025-10-25 10:07:41,88,0xff,0xdb,0xff,0x64,0x22,0x60,"ff db ff 64 22 60 00 00"
2025-10-25 10:07:41,88.12,0xff,0xdb,0xff,0x64,0x22,0x6c,"ff db ff 64 22 6c 00 00"
2025-10-25 10:07:41,88.25,0xff,0xdb,0xff,0x64,0x22,0x79,"ff db ff 64 22 79 00 00"
2025-10-25 10:07:41,88.31,0xff,0xdb,0xff,0x64,0x22,0x7f,"ff db ff 64 22 7f 00 00"
2025-10-25 10:07:41,88.43,0xff,0xdb,0xff,0x64,0x22,0x8b,"ff db ff 64 22 8b 00 00"
2025-10-25 10:07:41,88.56,0xff,0xdb,0xff,0x64,0x22,0x98,"ff db ff 64 22 98 00 00"
2025-10-25 10:07:41,88.75,0xff,0xdb,0xff,0x64,0x22,0xab,"ff db ff 64 22 ab 00 00"
2025-10-25 10:07:41,88.87,0xff,0xdb,0xff,0x64,0x22,0xb7,"ff db ff 64 22 b7 00 00"
2025-10-25 10:07:41,89,0xff,0xe1,0xff,0x64,0x22,0xc4,"ff e1 ff 64 22 c4 00 00"
2025-10-25 10:07:41,89.12,0xff,0xe1,0xff,0x64,0x22,0xd0,"ff e1 ff 64 22 d0 00 00"
2025-10-25 10:07:41,89.25,0xff,0xe1,0xff,0x64,0x22,0xdd,"ff e1 ff 64 22 dd 00 00"
2025-10-25 10:07:41,89.37,0xff,0xe1,0xff,0x64,0x22,0xe9,"ff e1 ff 64 22 e9 00 00"
2025-10-25 10:07:41,89.56,0xff,0xe1,0xff,0x64,0x22,0xfc,"ff e1 ff 64 22 fc 00 00"
2025-10-25 10:07:41,89.75,0xff,0xe1,0xff,0x64,0x23,0x0f,"ff e1 ff 64 23 0f 00 00"
2025-10-25 10:07:41,89.87,0xff,0xe1,0xff,0x64,0x23,0x1b,"ff e1 ff 64 23 1b 00 00"
2025-10-25 10:07:41,90,0xff,0xe1,0xff,0x64,0x23,0x28,"ff e1 ff 64 23 28 00 00"
2025-10-25 10:07:41,90.18,0xff,0xe1,0xff,0x64,0x23,0x3a,"ff e1 ff 64 23 3a 00 00"
2025-10-25 10:07:41,90.31,0xff,0xe1,0xff,0x64,0x23,0x47,"ff e1 ff 64 23 47 00 00"
2025-10-25 10:07:41,90.43,0xff,0xe1,0xff,0x64,0x23,0x53,"ff e1 ff 64 23 53 00 00"
2025-10-25 10:07:41,90.62,0xff,0xe1,0xff,0x64,0x23,0x66,"ff e1 ff 64 23 66 00 00"
2025-10-25 10:07:41,90.75,0xff,0xe1,0xff,0x6a,0x23,0x73,"ff e1 ff 6a 23 73 00 00"
2025-10-25 10:07:41,90.81,0xff,0xe1,0xff,0x6a,0x23,0x79,"ff e1 ff 6a 23 79 00 00"
2025-10-25 10:07:41,90.93,0xff,0xe1,0xff,0x6a,0x23,0x85,"ff e1 ff 6a 23 85 00 00"
2025-10-25 10:07:41,91,0xff,0xe1,0xff,0x6a,0x23,0x8c,"ff e1 ff 6a 23 8c 00 00"
2025-10-25 10:07:41,91,0xff,0xe1,0xff,0x6a,0x23,0x8c,"ff e1 ff 6a 23 8c 00 00"
2025-10-25 10:07:41,91,0xff,0xe1,0xff,0x6a,0x23,0x8c,"ff e1 ff 6a 23 8c 00 00"
2025-10-25 10:07:41,91.06,0xff,0xe1,0xff,0x6a,0x23,0x92,"ff e1 ff 6a 23 92 00 00"
2025-10-25 10:07:42,91.06,0xff,0xe1,0xff,0x6a,0x23,0x92,"ff e1 ff 6a 23 92 00 00"
2025-10-25 10:07:42,91.06,0xff,0xe1,0xff,0x6a,0x23,0x92,"ff e1 ff 6a 23 92 00 00"
2025-10-25 10:07:42,91.06,0xff,0xe1,0xff,0x6a,0x23,0x92,"ff e1 ff 6a 23 92 00 00"
2025-10-25 10:07:42,91.06,0xff,0xe1,0xff,0x6a,0x23,0x92,"ff e1 ff 6a 23 92 00 00"
2025-10-25 10:07:42,91.06,0xff,0xe1,0xff,0x6a,0x23,0x92,"ff e1 ff 6a 23 92 00 00"
2025-10-25 10:07:42,91.06,0xff,0xe1,0xff,0x6a,0x23,0x92,"ff e1 ff 6a 23 92 00 00"
2025-10-25 10:07:42,91.06,0xff,0xe1,0xff,0x6a,0x23,0x92,"ff e1 ff 6a 23 92 00 00"
2025-10-25 10:07:42,91.06,0xff,0xe1,0xff,0x6a,0x23,0x92,"ff e1 ff 6a 23 92 00 00"
2025-10-25 10:07:42,91.06,0xff,0xe1,0xff,0x6a,0x23,0x92,"ff e1 ff 6a 23 92 00 00"
2025-10-25 10:07:42,91.06,0xff,0xe1,0xff,0x6a,0x23,0x92,"ff e1 ff 6a 23 92 00 00"
2025-10-25 10:07:42,91.06,0xff,0xe1,0xff,0x6a,0x23,0x92,"ff e1 ff 6a 23 92 00 00"
2025-10-25 10:07:42,91.06,0xff,0xe1,0xff,0x6a,0x23,0x92,"ff e1 ff 6a 23 92 00 00"
2025-10-25 10:07:42,91.06,0xff,0xe1,0xff,0x6a,0x23,0x92,"ff e1 ff 6a 23 92 00 00"
2025-10-25 10:07:42,91.06,0xff,0xe1,0xff,0x6a,0x23,0x92,"ff e1 ff 6a 23 92 00 00"
2025-10-25 10:07:42,91.06,0xff,0xdb,0xff,0x6a,0x23,0x92,"ff db ff 6a 23 92 00 00"
2025-10-25 10:07:42,91.06,0xff,0xdb,0xff,0x6a,0x23,0x92,"ff db ff 6a 23 92 00 00"
2025-10-25 10:07:42,91.06,0xff,0xdb,0xff,0x6a,0x23,0x92,"ff db ff 6a 23 92 00 00"
2025-10-25 10:07:42,91.06,0xff,0xdb,0xff,0x6a,0x23,0x92,"ff db ff 6a 23 92 00 00"
2025-10-25 10:07:42,91.06,0xff,0xdb,0xff,0x6a,0x23,0x92,"ff db ff 6a 23 92 00 00"
2025-10-25 10:07:42,91.12,0xff,0xdb,0xff,0x6a,0x23,0x98,"ff db ff 6a 23 98 00 00"
2025-10-25 10:07:42,91.12,0xff,0xdb,0xff,0x6a,0x23,0x98,"ff db ff 6a 23 98 00 00"
2025-10-25 10:07:42,91.18,0xff,0xdb,0xff,0x6a,0x23,0x9e,"ff db ff 6a 23 9e 00 00"
2025-10-25 10:07:42,91.18,0xff,0xdb,0xff,0x6a,0x23,0x9e,"ff db ff 6a 23 9e 00 00"
2025-10-25 10:07:42,91.25,0xff,0xdb,0xff,0x6a,0x23,0xa5,"ff db ff 6a 23 a5 00 00"
2025-10-25 10:07:42,91.31,0xff,0xdb,0xff,0x6a,0x23,0xab,"ff db ff 6a 23 ab 00 00"
2025-10-25 10:07:42,91.37,0xff,0xdb,0xff,0x6a,0x23,0xb1,"ff db ff 6a 23 b1 00 00"
2025-10-25 10:07:42,91.37,0xff,0xdb,0xff,0x6a,0x23,0xb1,"ff db ff 6a 23 b1 00 00"
2025-10-25 10:07:42,91.43,0xff,0xdb,0xff,0x6a,0x23,0xb7,"ff db ff 6a 23 b7 00 00"
2025-10-25 10:07:42,91.5,0xff,0xdb,0xff,0x6a,0x23,0xbe,"ff db ff 6a 23 be 00 00"
2025-10-25 10:07:42,91.56,0xff,0xdb,0xff,0x6a,0x23,0xc4,"ff db ff 6a 23 c4 00 00"
2025-10-25 10:07:42,91.62,0xff,0xdb,0xff,0x6a,0x23,0xca,"ff db ff 6a 23 ca 00 00"
2025-10-25 10:07:42,91.68,0xff,0xdb,0xff,0x6a,0x23,0xd0,"ff db ff 6a 23 d0 00 00"
2025-10-25 10:07:42,91.75,0xff,0xdb,0xff,0x6a,0x23,0xd7,"ff db ff 6a 23 d7 00 00"
2025-10-25 10:07:42,91.81,0xff,0xdb,0xff,0x6a,0x23,0xdd,"ff db ff 6a 23 dd 00 00"
2025-10-25 10:07:43,91.87,0xff,0xdb,0xff,0x6a,0x23,0xe3,"ff db ff 6a 23 e3 00 00"
2025-10-25 10:07:43,91.93,0xff,0xdb,0xff,0x6a,0x23,0xe9,"ff db ff 6a 23 e9 00 00"
2025-10-25 10:07:43,92,0xff,0xdb,0xff,0x6a,0x23,0xf0,"ff db ff 6a 23 f0 00 00"
2025-10-25 10:07:43,92.12,0xff,0xdb,0xff,0x6a,0x23,0xfc,"ff db ff 6a 23 fc 00 00"
2025-10-25 10:07:43,92.12,0xff,0xdb,0xff,0x6a,0x23,0xfc,"ff db ff 6a 23 fc 00 00"
2025-10-25 10:07:43,92.25,0xff,0xdb,0xff,0x6a,0x24,0x09,"ff db ff 6a 24 09 00 00"
2025-10-25 10:07:43,92.31,0xff,0xdb,0xff,0x6a,0x24,0x0f,"ff db ff 6a 24 0f 00 00"
2025-10-25 10:07:43,92.43,0xff,0xdb,0xff,0x6a,0x24,0x1b,"ff db ff 6a 24 1b 00 00"
2025-10-25 10:07:43,92.5,0xff,0xe1,0xff,0x6a,0x24,0x22,"ff e1 ff 6a 24 22 00 00"
2025-10-25 10:07:43,92.62,0xff,0xe1,0xff,0x6a,0x24,0x2e,"ff e1 ff 6a 24 2e 00 00"
2025-10-25 10:07:43,92.75,0xff,0xe1,0xff,0x6a,0x24,0x3b,"ff e1 ff 6a 24 3b 00 00"
2025-10-25 10:07:43,92.81,0xff,0xe1,0xff,0x6a,0x24,0x41,"ff e1 ff 6a 24 41 00 00"
2025-10-25 10:07:43,92.93,0xff,0xe1,0xff,0x6a,0x24,0x4d,"ff e1 ff 6a 24 4d 00 00"
2025-10-25 10:07:43,93.06,0xff,0xe1,0xff,0x6a,0x24,0x5a,"ff e1 ff 6a 24 5a 00 00"
2025-10-25 10:07:43,93.18,0xff,0xe1,0xff,0x6a,0x24,0x66,"ff e1 ff 6a 24 66 00 00"
2025-10-25 10:07:43,93.31,0xff,0xe1,0xff,0x6a,0x24,0x73,"ff e1 ff 6a 24 73 00 00"
2025-10-25 10:07:43,93.43,0xff,0xe1,0xff,0x6a,0x24,0x7f,"ff e1 ff 6a 24 7f 00 00"
2025-10-25 10:07:43,93.56,0xff,0xe1,0xff,0x6a,0x24,0x8c,"ff e1 ff 6a 24 8c 00 00"
2025-10-25 10:07:43,93.68,0xff,0xe1,0xff,0x6a,0x24,0x98,"ff e1 ff 6a 24 98 00 00"
2025-10-25 10:07:43,93.81,0xff,0xe1,0xff,0x6a,0x24,0xa5,"ff e1 ff 6a 24 a5 00 00"
2025-10-25 10:07:43,93.93,0xff,0xe1,0xff,0x6a,0x24,0xb1,"ff e1 ff 6a 24 b1 00 00"
2025-10-25 10:07:43,94.06,0xff,0xe1,0xff,0x6a,0x24,0xbe,"ff e1 ff 6a 24 be 00 00"
2025-10-25 10:07:43,94.12,0xff,0xe1,0xff,0x6a,0x24,0xc4,"ff e1 ff 6a 24 c4 00 00"
2025-10-25 10:07:43,94.25,0xff,0xe1,0xff,0x6a,0x24,0xd1,"ff e1 ff 6a 24 d1 00 00"
2025-10-25 10:07:43,94.25,0xff,0xe1,0xff,0x6a,0x24,0xd1,"ff e1 ff 6a 24 d1 00 00"
2025-10-25 10:07:43,94.31,0xff,0xe1,0xff,0x6a,0x24,0xd7,"ff e1 ff 6a 24 d7 00 00"
2025-10-25 10:07:43,94.37,0xff,0xe1,0xff,0x71,0x24,0xdd,"ff e1 ff 71 24 dd 00 00"
2025-10-25 10:07:43,94.37,0xff,0xe1,0xff,0x71,0x24,0xdd,"ff e1 ff 71 24 dd 00 00"
2025-10-25 10:07:43,94.43,0xff,0xe1,0xff,0x71,0x24,0xe3,"ff e1 ff 71 24 e3 00 00"
2025-10-25 10:07:43,94.43,0xff,0xe1,0xff,0x71,0x24,0xe3,"ff e1 ff 71 24 e3 00 00"
2025-10-25 10:07:43,94.43,0xff,0xe1,0xff,0x71,0x24,0xe3,"ff e1 ff 71 24 e3 00 00"
2025-10-25 10:07:43,94.43,0xff,0xe1,0xff,0x71,0x24,0xe3,"ff e1 ff 71 24 e3 00 00"
2025-10-25 10:07:43,94.43,0xff,0xe1,0xff,0x71,0x24,0xe3,"ff e1 ff 71 24 e3 00 00"
2025-10-25 10:07:43,94.37,0xff,0xe1,0xff,0x71,0x24,0xdd,"ff e1 ff 71 24 dd 00 00"
2025-10-25 10:07:44,94.31,0xff,0xe1,0xff,0x71,0x24,0xd7,"ff e1 ff 71 24 d7 00 00"
2025-10-25 10:07:44,94.25,0xff,0xe1,0xff,0x71,0x24,0xd1,"ff e1 ff 71 24 d1 00 00"
2025-10-25 10:07:44,94.18,0xff,0xe1,0xff,0x71,0x24,0xca,"ff e1 ff 71 24 ca 00 00"
2025-10-25 10:07:44,94.12,0xff,0xe1,0xff,0x77,0x24,0xc4,"ff e1 ff 77 24 c4 00 00"
2025-10-25 10:07:44,94.06,0xff,0xe1,0xff,0x77,0x24,0xbe,"ff e1 ff 77 24 be 00 00"
2025-10-25 10:07:44,94,0xff,0xe1,0xff,0x77,0x24,0xb8,"ff e1 ff 77 24 b8 00 00"
2025-10-25 10:07:44,93.87,0xff,0xdb,0xff,0x77,0x24,0xab,"ff db ff 77 24 ab 00 00"
2025-10-25 10:07:44,93.75,0xff,0xdb,0xff,0x77,0x24,0x9f,"ff db ff 77 24 9f 00 00"
2025-10-25 10:07:44,93.62,0xff,0xdb,0xff,0x77,0x24,0x92,"ff db ff 77 24 92 00 00"
2025-10-25 10:07:44,93.5,0xff,0xdb,0xff,0x77,0x24,0x86,"ff db ff 77 24 86 00 00"
2025-10-25 10:07:44,93.37,0xff,0xdb,0xff,0x77,0x24,0x79,"ff db ff 77 24 79 00 00"
2025-10-25 10:07:44,93.18,0xff,0xdb,0xff,0x77,0x24,0x66,"ff db ff 77 24 66 00 00"
2025-10-25 10:07:44,93.06,0xff,0xdb,0xff,0x77,0x24,0x5a,"ff db ff 77 24 5a 00 00"
2025-10-25 10:07:44,92.93,0xff,0xdb,0xff,0x77,0x24,0x4d,"ff db ff 77 24 4d 00 00"
2025-10-25 10:07:44,92.81,0xff,0xdb,0xff,0x77,0x24,0x41,"ff db ff 77 24 41 00 00"
2025-10-25 10:07:44,92.68,0xff,0xdb,0xff,0x77,0x24,0x34,"ff db ff 77 24 34 00 00"
2025-10-25 10:07:44,92.56,0xff,0xd5,0xff,0x77,0x24,0x28,"ff d5 ff 77 24 28 00 00"
2025-10-25 10:07:44,92.43,0xff,0xd5,0xff,0x77,0x24,0x1b,"ff d5 ff 77 24 1b 00 00"
2025-10-25 10:07:44,92.31,0xff,0xce,0xff,0x77,0x24,0x0f,"ff ce ff 77 24 0f 00 00"
2025-10-25 10:07:44,92.12,0xff,0xce,0xff,0x77,0x23,0xfc,"ff ce ff 77 23 fc 00 00"
2025-10-25 10:07:44,92,0xff,0xce,0xff,0x77,0x23,0xf0,"ff ce ff 77 23 f0 00 00"
2025-10-25 10:07:44,91.87,0xff,0xd5,0xff,0x77,0x23,0xe3,"ff d5 ff 77 23 e3 00 00"
2025-10-25 10:07:44,91.75,0xff,0xd5,0xff,0x77,0x23,0xd7,"ff d5 ff 77 23 d7 00 00"
2025-10-25 10:07:44,91.56,0xff,0xce,0xff,0x77,0x23,0xc4,"ff ce ff 77 23 c4 00 00"
2025-10-25 10:07:44,91.43,0xff,0xce,0xff,0x77,0x23,0xb7,"ff ce ff 77 23 b7 00 00"
2025-10-25 10:07:44,91.31,0xff,0xce,0xff,0x77,0x23,0xab,"ff ce ff 77 23 ab 00 00"
2025-10-25 10:07:44,91.12,0xff,0xce,0xff,0x77,0x23,0x98,"ff ce ff 77 23 98 00 00"
2025-10-25 10:07:44,91,0xff,0xce,0xff,0x77,0x23,0x8c,"ff ce ff 77 23 8c 00 00"
2025-10-25 10:07:44,90.87,0xff,0xce,0xff,0x77,0x23,0x7f,"ff ce ff 77 23 7f 00 00"
2025-10-25 10:07:44,90.75,0xff,0xce,0xff,0x77,0x23,0x73,"ff ce ff 77 23 73 00 00"
2025-10-25 10:07:44,90.62,0xff,0xce,0xff,0x77,0x23,0x66,"ff ce ff 77 23 66 00 00"
2025-10-25 10:07:44,90.43,0xff,0xce,0xff,0x77,0x23,0x53,"ff ce ff 77 23 53 00 00"
2025-10-25 10:07:44,90.31,0xff,0xc8,0xff,0x77,0x23,0x47,"ff c8 ff 77 23 47 00 00"
2025-10-25 10:07:44,90.18,0xff,0xc8,0xff,0x77,0x23,0x3a,"ff c8 ff 77 23 3a 00 00"
2025-10-25 10:07:45,90.06,0xff,0xc8,0xff,0x7d,0x23,0x2e,"ff c8 ff 7d 23 2e 00 00"
2025-10-25 10:07:45,89.93,0xff,0xc8,0xff,0x7d,0x23,0x21,"ff c8 ff 7d 23 21 00 00"
2025-10-25 10:07:45,89.81,0xff,0xc8,0xff,0x7d,0x23,0x15,"ff c8 ff 7d 23 15 00 00"
2025-10-25 10:07:45,89.62,0xff,0xc8,0xff,0x7d,0x23,0x02,"ff c8 ff 7d 23 02 00 00"
2025-10-25 10:07:45,89.5,0xff,0xc8,0xff,0x7d,0x22,0xf6,"ff c8 ff 7d 22 f6 00 00"
2025-10-25 10:07:45,89.37,0xff,0xc8,0xff,0x7d,0x22,0xe9,"ff c8 ff 7d 22 e9 00 00"
2025-10-25 10:07:45,89.25,0xff,0xc8,0xff,0x7d,0x22,0xdd,"ff c8 ff 7d 22 dd 00 00"
2025-10-25 10:07:45,89.12,0xff,0xc8,0xff,0x7d,0x22,0xd0,"ff c8 ff 7d 22 d0 00 00"
2025-10-25 10:07:45,89,0xff,0xc8,0xff,0x7d,0x22,0xc4,"ff c8 ff 7d 22 c4 00 00"
2025-10-25 10:07:45,88.87,0xff,0xc8,0xff,0x7d,0x22,0xb7,"ff c8 ff 7d 22 b7 00 00"
2025-10-25 10:07:45,88.75,0xff,0xc2,0xff,0x7d,0x22,0xab,"ff c2 ff 7d 22 ab 00 00"
2025-10-25 10:07:45,88.62,0xff,0xc2,0xff,0x7d,0x22,0x9e,"ff c2 ff 7d 22 9e 00 00"
2025-10-25 10:07:45,88.56,0xff,0xc2,0xff,0x7d,0x22,0x98,"ff c2 ff 7d 22 98 00 00"
2025-10-25 10:07:45,88.43,0xff,0xc2,0xff,0x7d,0x22,0x8b,"ff c2 ff 7d 22 8b 00 00"
2025-10-25 10:07:45,88.31,0xff,0xc2,0xff,0x7d,0x22,0x7f,"ff c2 ff 7d 22 7f 00 00"
2025-10-25 10:07:45,88.18,0xff,0xc2,0xff,0x7d,0x22,0x72,"ff c2 ff 7d 22 72 00 00"
2025-10-25 10:07:45,88.12,0xff,0xbc,0xff,0x7d,0x22,0x6c,"ff bc ff 7d 22 6c 00 00"
2025-10-25 10:07:45,88,0xff,0xbc,0xff,0x7d,0x22,0x60,"ff bc ff 7d 22 60 00 00"
2025-10-25 10:07:45,87.87,0xff,0xbc,0xff,0x7d,0x22,0x53,"ff bc ff 7d 22 53 00 00"
2025-10-25 10:07:45,87.68,0xff,0xbc,0xff,0x7d,0x22,0x40,"ff bc ff 7d 22 40 00 00"
2025-10-25 10:07:45,87.62,0xff,0xbc,0xff,0x7d,0x22,0x3a,"ff bc ff 7d 22 3a 00 00"
2025-10-25 10:07:45,87.5,0xff,0xbc,0xff,0x7d,0x22,0x2e,"ff bc ff 7d 22 2e 00 00"
2025-10-25 10:07:45,87.43,0xff,0xbc,0xff,0x7d,0x22,0x27,"ff bc ff 7d 22 27 00 00"
2025-10-25 10:07:45,87.31,0xff,0xbc,0xff,0x7d,0x22,0x1b,"ff bc ff 7d 22 1b 00 00"
2025-10-25 10:07:45,87.18,0xff,0xbc,0xff,0x83,0x22,0x0e,"ff bc ff 83 22 0e 00 00"
2025-10-25 10:07:45,87.06,0xff,0xb5,0xff,0x83,0x22,0x02,"ff b5 ff 83 22 02 00 00"
2025-10-25 10:07:45,86.93,0xff,0xb5,0xff,0x83,0x21,0xf5,"ff b5 ff 83 21 f5 00 00"
2025-10-25 10:07:45,86.81,0xff,0xb5,0xff,0x83,0x21,0xe9,"ff b5 ff 83 21 e9 00 00"
2025-10-25 10:07:45,86.75,0xff,0xb5,0xff,0x83,0x21,0xe3,"ff b5 ff 83 21 e3 00 00"
2025-10-25 10:07:45,86.62,0xff,0xb5,0xff,0x83,0x21,0xd6,"ff b5 ff 83 21 d6 00 00"
2025-10-25 10:07:45,86.5,0xff,0xb5,0xff,0x83,0x21,0xca,"ff b5 ff 83 21 ca 00 00"
2025-10-25 10:07:45,86.43,0xff,0xb5,0xff,0x83,0x21,0xc3,"ff b5 ff 83 21 c3 00 00"
2025-10-25 10:07:45,86.31,0xff,0xb5,0xff,0x83,0x21,0xb7,"ff b5 ff 83 21 b7 00 00"
2025-10-25 10:07:45,86.18,0xff,0xb5,0xff,0x83,0x21,0xaa,"ff b5 ff 83 21 aa 00 00"
2025-10-25 10:07:45,86.06,0xff,0xb5,0xff,0x83,0x21,0x9e,"ff b5 ff 83 21 9e 00 00"
2025-10-25 10:07:46,85.93,0xff,0xb5,0xff,0x83,0x21,0x91,"ff b5 ff 83 21 91 00 00"
2025-10-25 10:07:46,85.93,0xff,0xb5,0xff,0x83,0x21,0x91,"ff b5 ff 83 21 91 00 00"
2025-10-25 10:07:46,85.81,0xff,0xb5,0xff,0x83,0x21,0x85,"ff b5 ff 83 21 85 00 00"
2025-10-25 10:07:46,85.75,0xff,0xb5,0xff,0x83,0x21,0x7f,"ff b5 ff 83 21 7f 00 00"
2025-10-25 10:07:46,85.62,0xff,0xb5,0xff,0x83,0x21,0x72,"ff b5 ff 83 21 72 00 00"
2025-10-25 10:07:46,85.56,0xff,0xb5,0xff,0x83,0x21,0x6c,"ff b5 ff 83 21 6c 00 00"
2025-10-25 10:07:46,85.5,0xff,0xb5,0xff,0x83,0x21,0x66,"ff b5 ff 83 21 66 00 00"
2025-10-25 10:07:46,85.43,0xff,0xb5,0xff,0x83,0x21,0x5f,"ff b5 ff 83 21 5f 00 00"
2025-10-25 10:07:46,85.37,0xff,0xb5,0xff,0x83,0x21,0x59,"ff b5 ff 83 21 59 00 00"
2025-10-25 10:07:46,85.31,0xff,0xb5,0xff,0x83,0x21,0x53,"ff b5 ff 83 21 53 00 00"
2025-10-25 10:07:46,85.31,0xff,0xb5,0xff,0x7d,0x21,0x53,"ff b5 ff 7d 21 53 00 00"
2025-10-25 10:07:46,85.31,0xff,0xb5,0xff,0x7d,0x21,0x53,"ff b5 ff 7d 21 53 00 00"
2025-10-25 10:07:46,85.31,0xff,0xb5,0xff,0x7d,0x21,0x53,"ff b5 ff 7d 21 53 00 00"
2025-10-25 10:07:46,85.31,0xff,0xb5,0xff,0x7d,0x21,0x53,"ff b5 ff 7d 21 53 00 00"
2025-10-25 10:07:46,85.31,0xff,0xb5,0xff,0x7d,0x21,0x53,"ff b5 ff 7d 21 53 00 00"
2025-10-25 10:07:46,85.31,0xff,0xaf,0xff,0x7d,0x21,0x53,"ff af ff 7d 21 53 00 00"
2025-10-25 10:07:46,85.31,0xff,0xaf,0xff,0x7d,0x21,0x53,"ff af ff 7d 21 53 00 00"
2025-10-25 10:07:46,85.37,0xff,0xaf,0xff,0x7d,0x21,0x59,"ff af ff 7d 21 59 00 00"
2025-10-25 10:07:46,85.43,0xff,0xaf,0xff,0x7d,0x21,0x5f,"ff af ff 7d 21 5f 00 00"
2025-10-25 10:07:46,85.43,0xff,0xb5,0xff,0x7d,0x21,0x5f,"ff b5 ff 7d 21 5f 00 00"
2025-10-25 10:07:46,85.5,0xff,0xb5,0xff,0x7d,0x21,0x66,"ff b5 ff 7d 21 66 00 00"
2025-10-25 10:07:46,85.56,0xff,0xb5,0xff,0x7d,0x21,0x6c,"ff b5 ff 7d 21 6c 00 00"
2025-10-25 10:07:46,85.62,0xff,0xb5,0xff,0x7d,0x21,0x72,"ff b5 ff 7d 21 72 00 00"
2025-10-25 10:07:46,85.68,0xff,0xb5,0xff,0x7d,0x21,0x78,"ff b5 ff 7d 21 78 00 00"
2025-10-25 10:07:46,85.75,0xff,0xb5,0xff,0x7d,0x21,0x7f,"ff b5 ff 7d 21 7f 00 00"
2025-10-25 10:07:46,85.81,0xff,0xb5,0xff,0x7d,0x21,0x85,"ff b5 ff 7d 21 85 00 00"
2025-10-25 10:07:46,85.87,0xff,0xb5,0xff,0x7d,0x21,0x8b,"ff b5 ff 7d 21 8b 00 00"
2025-10-25 10:07:46,86,0xff,0xb5,0xff,0x7d,0x21,0x98,"ff b5 ff 7d 21 98 00 00"
2025-10-25 10:07:46,86.06,0xff,0xb5,0xff,0x7d,0x21,0x9e,"ff b5 ff 7d 21 9e 00 00"
2025-10-25 10:07:46,86.12,0xff,0xb5,0xff,0x7d,0x21,0xa4,"ff b5 ff 7d 21 a4 00 00"
2025-10-25 10:07:46,86.18,0xff,0xb5,0xff,0x7d,0x21,0xaa,"ff b5 ff 7d 21 aa 00 00"
2025-10-25 10:07:46,86.31,0xff,0xb5,0xff,0x77,0x21,0xb7,"ff b5 ff 77 21 b7 00 00"
2025-10-25 10:07:46,86.37,0xff,0xb5,0xff,0x77,0x21,0xbd,"ff b5 ff 77 21 bd 00 00"
2025-10-25 10:07:46,86.5,0xff,0xb5,0xff,0x77,0x21,0xca,"ff b5 ff 77 21 ca 00 00"
2025-10-25 10:07:47,86.56,0xff,0xb5,0xff,0x77,0x21,0xd0,"ff b5 ff 77 21 d0 00 00"
2025-10-25 10:07:47,86.62,0xff,0xb5,0xff,0x77,0x21,0xd6,"ff b5 ff 77 21 d6 00 00"
2025-10-25 10:07:47,86.68,0xff,0xb5,0xff,0x77,0x21,0xdc,"ff b5 ff 77 21 dc 00 00"
2025-10-25 10:07:47,86.81,0xff,0xb5,0xff,0x77,0x21,0xe9,"ff b5 ff 77 21 e9 00 00"
2025-10-25 10:07:47,86.87,0xff,0xb5,0xff,0x77,0x21,0xef,"ff b5 ff 77 21 ef 00 00"
2025-10-25 10:07:47,86.93,0xff,0xb5,0xff,0x77,0x21,0xf5,"ff b5 ff 77 21 f5 00 00"
2025-10-25 10:07:47,87.06,0xff,0xb5,0xff,0x77,0x22,0x02,"ff b5 ff 77 22 02 00 00"
2025-10-25 10:07:47,87.12,0xff,0xb5,0xff,0x77,0x22,0x08,"ff b5 ff 77 22 08 00 00"
2025-10-25 10:07:47,87.18,0xff,0xb5,0xff,0x77,0x22,0x0e,"ff b5 ff 77 22 0e 00 00"
2025-10-25 10:07:47,87.31,0xff,0xb5,0xff,0x77,0x22,0x1b,"ff b5 ff 77 22 1b 00 00"
2025-10-25 10:07:47,87.37,0xff,0xb5,0xff,0x77,0x22,0x21,"ff b5 ff 77 22 21 00 00"
2025-10-25 10:07:47,87.43,0xff,0xb5,0xff,0x77,0x22,0x27,"ff b5 ff 77 22 27 00 00"
2025-10-25 10:07:47,87.5,0xff,0xb5,0xff,0x77,0x22,0x2e,"ff b5 ff 77 22 2e 00 00"
2025-10-25 10:07:47,87.56,0xff,0xb5,0xff,0x77,0x22,0x34,"ff b5 ff 77 22 34 00 00"
2025-10-25 10:07:47,87.62,0xff,0xb5,0xff,0x77,0x22,0x3a,"ff b5 ff 77 22 3a 00 00"
2025-10-25 10:07:47,87.68,0xff,0xb5,0xff,0x77,0x22,0x40,"ff b5 ff 77 22 40 00 00"
2025-10-25 10:07:47,87.75,0xff,0xb5,0xff,0x77,0x22,0x47,"ff b5 ff 77 22 47 00 00"
2025-10-25 10:07:47,87.81,0xff,0xb5,0xff,0x77,0x22,0x4d,"ff b5 ff 77 22 4d 00 00"
2025-10-25 10:07:47,87.87,0xff,0xb5,0xff,0x77,0x22,0x53,"ff b5 ff 77 22 53 00 00"
2025-10-25 10:07:47,88,0xff,0xb5,0xff,0x77,0x22,0x60,"ff b5 ff 77 22 60 00 00"
2025-10-25 10:07:47,88.06,0xff,0xbc,0xff,0x77,0x22,0x66,"ff bc ff 77 22 66 00 00"
2025-10-25 10:07:47,88.12,0xff,0xbc,0xff,0x77,0x22,0x6c,"ff bc ff 77 22 6c 00 00"
2025-10-25 10:07:47,88.18,0xff,0xbc,0xff,0x77,0x22,0x72,"ff bc ff 77 22 72 00 00"
2025-10-25 10:07:47,88.31,0xff,0xbc,0xff,0x77,0x22,0x7f,"ff bc ff 77 22 7f 00 00"
2025-10-25 10:07:47,88.37,0xff,0xbc,0xff,0x77,0x22,0x85,"ff bc ff 77 22 85 00 00"
2025-10-25 10:07:47,88.43,0xff,0xbc,0xff,0x77,0x22,0x8b,"ff bc ff 77 22 8b 00 00"
2025-10-25 10:07:47,88.5,0xff,0xbc,0xff,0x77,0x22,0x92,"ff bc ff 77 22 92 00 00"
2025-10-25 10:07:47,88.62,0xff,0xbc,0xff,0x77,0x22,0x9e,"ff bc ff 77 22 9e 00 00"
2025-10-25 10:07:47,88.75,0xff,0xbc,0xff,0x77,0x22,0xab,"ff bc ff 77 22 ab 00 00"
2025-10-25 10:07:47,88.81,0xff,0xbc,0xff,0x77,0x22,0xb1,"ff bc ff 77 22 b1 00 00"
2025-10-25 10:07:47,88.87,0xff,0xbc,0xff,0x77,0x22,0xb7,"ff bc ff 77 22 b7 00 00"
2025-10-25 10:07:47,89,0xff,0xbc,0xff,0x77,0x22,0xc4,"ff bc ff 77 22 c4 00 00"
2025-10-25 10:07:47,89.06,0xff,0xbc,0xff,0x77,0x22,0xca,"ff bc ff 77 22 ca 00 00"
2025-10-25 10:07:47,89.12,0xff,0xbc,0xff,0x77,0x22,0xd0,"ff bc ff 77 22 d0 00 00"
2025-10-25 10:07:48,89.31,0xff,0xbc,0xff,0x77,0x22,0xe3,"ff bc ff 77 22 e3 00 00"
2025-10-25 10:07:48,89.37,0xff,0xbc,0xff,0x77,0x22,0xe9,"ff bc ff 77 22 e9 00 00"
2025-10-25 10:07:48,89.5,0xff,0xbc,0xff,0x77,0x22,0xf6,"ff bc ff 77 22 f6 00 00"
2025-10-25 10:07:48,89.56,0xff,0xbc,0xff,0x77,0x22,0xfc,"ff bc ff 77 22 fc 00 00"
2025-10-25 10:07:48,89.68,0xff,0xbc,0xff,0x77,0x23,0x08,"ff bc ff 77 23 08 00 00"
2025-10-25 10:07:48,89.75,0xff,0xbc,0xff,0x77,0x23,0x0f,"ff bc ff 77 23 0f 00 00"
2025-10-25 10:07:48,89.81,0xff,0xbc,0xff,0x77,0x23,0x15,"ff bc ff 77 23 15 00 00"
2025-10-25 10:07:48,89.87,0xff,0xbc,0xff,0x77,0x23,0x1b,"ff bc ff 77 23 1b 00 00"
2025-10-25 10:07:48,90,0xff,0xbc,0xff,0x77,0x23,0x28,"ff bc ff 77 23 28 00 00"
2025-10-25 10:07:48,90.06,0xff,0xbc,0xff,0x77,0x23,0x2e,"ff bc ff 77 23 2e 00 00"
2025-10-25 10:07:48,90.12,0xff,0xbc,0xff,0x77,0x23,0x34,"ff bc ff 77 23 34 00 00"
2025-10-25 10:07:48,90.25,0xff,0xbc,0xff,0x77,0x23,0x41,"ff bc ff 77 23 41 00 00"
2025-10-25 10:07:48,90.31,0xff,0xbc,0xff,0x77,0x23,0x47,"ff bc ff 77 23 47 00 00"
2025-10-25 10:07:48,90.37,0xff,0xbc,0xff,0x77,0x23,0x4d,"ff bc ff 77 23 4d 00 00"
2025-10-25 10:07:48,90.5,0xff,0xbc,0xff,0x77,0x23,0x5a,"ff bc ff 77 23 5a 00 00"
2025-10-25 10:07:48,90.56,0xff,0xc2,0xff,0x77,0x23,0x60,"ff c2 ff 77 23 60 00 00"
2025-10-25 10:07:48,90.62,0xff,0xc2,0xff,0x77,0x23,0x66,"ff c2 ff 77 23 66 00 00"
2025-10-25 10:07:48,90.68,0xff,0xc2,0xff,0x77,0x23,0x6c,"ff c2 ff 77 23 6c 00 00"
2025-10-25 10:07:48,90.75,0xff,0xc2,0xff,0x77,0x23,0x73,"ff c2 ff 77 23 73 00 00"
2025-10-25 10:07:48,90.87,0xff,0xc2,0xff,0x77,0x23,0x7f,"ff c2 ff 77 23 7f 00 00"
2025-10-25 10:07:48,90.87,0xff,0xc2,0xff,0x77,0x23,0x7f,"ff c2 ff 77 23 7f 00 00"
2025-10-25 10:07:48,91,0xff,0xc2,0xff,0x77,0x23,0x8c,"ff c2 ff 77 23 8c 00 00"
2025-10-25 10:07:48,91.06,0xff,0xc2,0xff,0x77,0x23,0x92,"ff c2 ff 77 23 92 00 00"
2025-10-25 10:07:48,91.12,0xff,0xc2,0xff,0x77,0x23,0x98,"ff c2 ff 77 23 98 00 00"
2025-10-25 10:07:48,91.18,0xff,0xc2,0xff,0x71,0x23,0x9e,"ff c2 ff 71 23 9e 00 00"
2025-10-25 10:07:48,91.25,0xff,0xc2,0xff,0x71,0x23,0xa5,"ff c2 ff 71 23 a5 00 00"
2025-10-25 10:07:48,91.25,0xff,0xc2,0xff,0x71,0x23,0xa5,"ff c2 ff 71 23 a5 00 00"
2025-10-25 10:07:48,91.31,0xff,0xc2,0xff,0x71,0x23,0xab,"ff c2 ff 71 23 ab 00 00"
2025-10-25 10:07:48,91.37,0xff,0xc2,0xff,0x71,0x23,0xb1,"ff c2 ff 71 23 b1 00 00"
2025-10-25 10:07:48,91.37,0xff,0xc2,0xff,0x71,0x23,0xb1,"ff c2 ff 71 23 b1 00 00"
2025-10-25 10:07:48,91.37,0xff,0xc2,0xff,0x71,0x23,0xb1,"ff c2 ff 71 23 b1 00 00"
2025-10-25 10:07:48,91.37,0xff,0xc2,0xff,0x71,0x23,0xb1,"ff c2 ff 71 23 b1 00 00"
2025-10-25 10:07:48,91.37,0xff,0xc2,0xff,0x71,0x23,0xb1,"ff c2 ff 71 23 b1 00 00"
2025-10-25 10:07:48,91.37,0xff,0xc2,0xff,0x71,0x23,0xb1,"ff c2 ff 71 23 b1 00 00"
2025-10-25 10:07:49,91.37,0xff,0xc2,0xff,0x71,0x23,0xb1,"ff c2 ff 71 23 b1 00 00"
2025-10-25 10:07:49,91.31,0xff,0xc2,0xff,0x71,0x23,0xab,"ff c2 ff 71 23 ab 00 00"
2025-10-25 10:07:49,91.31,0xff,0xc2,0xff,0x71,0x23,0xab,"ff c2 ff 71 23 ab 00 00"
2025-10-25 10:07:49,91.25,0xff,0xc2,0xff,0x71,0x23,0xa5,"ff c2 ff 71 23 a5 00 00"
2025-10-25 10:07:49,91.25,0xff,0xc2,0xff,0x71,0x23,0xa5,"ff c2 ff 71 23 a5 00 00"
2025-10-25 10:07:49,91.25,0xff,0xc2,0xff,0x71,0x23,0xa5,"ff c2 ff 71 23 a5 00 00"
2025-10-25 10:07:49,91.18,0xff,0xc2,0xff,0x71,0x23,0x9e,"ff c2 ff 71 23 9e 00 00"
2025-10-25 10:07:49,91.18,0xff,0xc2,0xff,0x71,0x23,0x9e,"ff c2 ff 71 23 9e 00 00"
2025-10-25 10:07:49,91.18,0xff,0xc2,0xff,0x71,0x23,0x9e,"ff c2 ff 71 23 9e 00 00"
2025-10-25 10:07:49,91.18,0xff,0xc2,0xff,0x71,0x23,0x9e,"ff c2 ff 71 23 9e 00 00"
2025-10-25 10:07:49,91.18,0xff,0xc2,0xff,0x71,0x23,0x9e,"ff c2 ff 71 23 9e 00 00"
2025-10-25 10:07:49,91.18,0xff,0xc2,0xff,0x71,0x23,0x9e,"ff c2 ff 71 23 9e 00 00"
2025-10-25 10:07:49,91.18,0xff,0xc2,0xff,0x71,0x23,0x9e,"ff c2 ff 71 23 9e 00 00"
2025-10-25 10:07:49,91.18,0xff,0xc2,0xff,0x71,0x23,0x9e,"ff c2 ff 71 23 9e 00 00"
2025-10-25 10:07:49,91.18,0xff,0xc2,0xff,0x71,0x23,0x9e,"ff c2 ff 71 23 9e 00 00"
2025-10-25 10:07:49,91.18,0xff,0xc2,0xff,0x71,0x23,0x9e,"ff c2 ff 71 23 9e 00 00"
2025-10-25 10:07:49,91.18,0xff,0xc2,0xff,0x71,0x23,0x9e,"ff c2 ff 71 23 9e 00 00"
2025-10-25 10:07:49,91.18,0xff,0xc2,0xff,0x71,0x23,0x9e,"ff c2 ff 71 23 9e 00 00"
2025-10-25 10:07:49,91.18,0xff,0xc2,0xff,0x71,0x23,0x9e,"ff c2 ff 71 23 9e 00 00"
2025-10-25 10:07:49,91.18,0xff,0xc2,0xff,0x71,0x23,0x9e,"ff c2 ff 71 23 9e 00 00"
2025-10-25 10:07:49,91.18,0xff,0xc2,0xff,0x71,0x23,0x9e,"ff c2 ff 71 23 9e 00 00"
2025-10-25 10:07:49,91.18,0xff,0xc2,0xff,0x71,0x23,0x9e,"ff c2 ff 71 23 9e 00 00"
2025-10-25 10:07:49,91.18,0xff,0xc2,0xff,0x71,0x23,0x9e,"ff c2 ff 71 23 9e 00 00"
2025-10-25 10:07:49,91.18,0xff,0xc2,0xff,0x71,0x23,0x9e,"ff c2 ff 71 23 9e 00 00"
2025-10-25 10:07:49,91.18,0xff,0xc2,0xff,0x71,0x23,0x9e,"ff c2 ff 71 23 9e 00 00"
2025-10-25 10:07:49,91.18,0xff,0xc2,0xff,0x71,0x23,0x9e,"ff c2 ff 71 23 9e 00 00"
2025-10-25 10:07:49,91.25,0xff,0xc2,0xff,0x71,0x23,0xa5,"ff c2 ff 71 23 a5 00 00"
2025-10-25 10:07:49,91.25,0xff,0xc2,0xff,0x71,0x23,0xa5,"ff c2 ff 71 23 a5 00 00"
2025-10-25 10:07:49,91.31,0xff,0xc2,0xff,0x71,0x23,0xab,"ff c2 ff 71 23 ab 00 00"
2025-10-25 10:07:49,91.31,0xff,0xc2,0xff,0x71,0x23,0xab,"ff c2 ff 71 23 ab 00 00"
2025-10-25 10:07:49,91.37,0xff,0xc2,0xff,0x71,0x23,0xb1,"ff c2 ff 71 23 b1 00 00"
2025-10-25 10:07:49,91.37,0xff,0xc2,0xff,0x71,0x23,0xb1,"ff c2 ff 71 23 b1 00 00"
2025-10-25 10:07:49,91.43,0xff,0xc2,0xff,0x71,0x23,0xb7,"ff c2 ff 71 23 b7 00 00"
2025-10-25 10:07:49,91.5,0xff,0xc2,0xff,0x71,0x23,0xbe,"ff c2 ff 71 23 be 00 00"
2025-10-25 10:07:49,91.56,0xff,0xc2,0xff,0x71,0x23,0xc4,"ff c2 ff 71 23 c4 00 00"
2025-10-25 10:07:50,91.56,0xff,0xc2,0xff,0x71,0x23,0xc4,"ff c2 ff 71 23 c4 00 00"
2025-10-25 10:07:50,91.68,0xff,0xc2,0xff,0x71,0x23,0xd0,"ff c2 ff 71 23 d0 00 00"
2025-10-25 10:07:50,91.68,0xff,0xc2,0xff,0x71,0x23,0xd0,"ff c2 ff 71 23 d0 00 00"
2025-10-25 10:07:50,91.75,0xff,0xc2,0xff,0x71,0x23,0xd7,"ff c2 ff 71 23 d7 00 00"
2025-10-25 10:07:50,91.81,0xff,0xc2,0xff,0x71,0x23,0xdd,"ff c2 ff 71 23 dd 00 00"
2025-10-25 10:07:50,91.87,0xff,0xc2,0xff,0x71,0x23,0xe3,"ff c2 ff 71 23 e3 00 00"
2025-10-25 10:07:50,91.93,0xff,0xc2,0xff,0x71,0x23,0xe9,"ff c2 ff 71 23 e9 00 00"
2025-10-25 10:07:50,92,0xff,0xc2,0xff,0x71,0x23,0xf0,"ff c2 ff 71 23 f0 00 00"
2025-10-25 10:07:50,92.06,0xff,0xc2,0xff,0x71,0x23,0xf6,"ff c2 ff 71 23 f6 00 00"
2025-10-25 10:07:50,92.12,0xff,0xc2,0xff,0x71,0x23,0xfc,"ff c2 ff 71 23 fc 00 00"
2025-10-25 10:07:50,92.18,0xff,0xc2,0xff,0x71,0x24,0x02,"ff c2 ff 71 24 02 00 00"
2025-10-25 10:07:50,92.25,0xff,0xc2,0xff,0x71,0x24,0x09,"ff c2 ff 71 24 09 00 00"
2025-10-25 10:07:50,92.31,0xff,0xc2,0xff,0x71,0x24,0x0f,"ff c2 ff 71 24 0f 00 00"
2025-10-25 10:07:50,92.43,0xff,0xc2,0xff,0x71,0x24,0x1b,"ff c2 ff 71 24 1b 00 00"
2025-10-25 10:07:50,92.5,0xff,0xc2,0xff,0x71,0x24,0x22,"ff c2 ff 71 24 22 00 00"
2025-10-25 10:07:50,92.62,0xff,0xc2,0xff,0x71,0x24,0x2e,"ff c2 ff 71 24 2e 00 00"
2025-10-25 10:07:50,92.68,0xff,0xc2,0xff,0x71,0x24,0x34,"ff c2 ff 71 24 34 00 00"
2025-10-25 10:07:50,92.81,0xff,0xc2,0xff,0x71,0x24,0x41,"ff c2 ff 71 24 41 00 00"
2025-10-25 10:07:50,92.87,0xff,0xc2,0xff,0x71,0x24,0x47,"ff c2 ff 71 24 47 00 00"
2025-10-25 10:07:50,92.93,0xff,0xc2,0xff,0x71,0x24,0x4d,"ff c2 ff 71 24 4d 00 00"
2025-10-25 10:07:50,93.06,0xff,0xc8,0xff,0x71,0x24,0x5a,"ff c8 ff 71 24 5a 00 00"
2025-10-25 10:07:50,93.12,0xff,0xc8,0xff,0x71,0x24,0x60,"ff c8 ff 71 24 60 00 00"
2025-10-25 10:07:50,93.25,0xff,0xc8,0xff,0x71,0x24,0x6d,"ff c8 ff 71 24 6d 00 00"
2025-10-25 10:07:50,93.31,0xff,0xc8,0xff,0x71,0x24,0x73,"ff c8 ff 71 24 73 00 00"
2025-10-25 10:07:50,93.43,0xff,0xc8,0xff,0x71,0x24,0x7f,"ff c8 ff 71 24 7f 00 00"
2025-10-25 10:07:50,93.5,0xff,0xc8,0xff,0x71,0x24,0x86,"ff c8 ff 71 24 86 00 00"
2025-10-25 10:07:50,93.56,0xff,0xc8,0xff,0x71,0x24,0x8c,"ff c8 ff 71 24 8c 00 00"
2025-10-25 10:07:50,93.68,0xff,0xc8,0xff,0x71,0x24,0x98,"ff c8 ff 71 24 98 00 00"
2025-10-25 10:07:50,93.75,0xff,0xc8,0xff,0x71,0x24,0x9f,"ff c8 ff 71 24 9f 00 00"
2025-10-25 10:07:50,93.87,0xff,0xc8,0xff,0x71,0x24,0xab,"ff c8 ff 71 24 ab 00 00"
2025-10-25 10:07:50,93.93,0xff,0xc8,0xff,0x71,0x24,0xb1,"ff c8 ff 71 24 b1 00 00"
2025-10-25 10:07:50,94,0xff,0xc8,0xff,0x71,0x24,0xb8,"ff c8 ff 71 24 b8 00 00"
2025-10-25 10:07:50,94.06,0xff,0xc8,0xff,0x71,0x24,0xbe,"ff c8 ff 71 24 be 00 00"
2025-10-25 10:07:50,94.12,0xff,0xc8,0xff,0x71,0x24,0xc4,"ff c8 ff 71 24 c4 00 00"
2025-10-25 10:07:51,94.18,0xff,0xc8,0xff,0x71,0x24,0xca,"ff c8 ff 71 24 ca 00 00"
2025-10-25 10:07:51,94.25,0xff,0xc8,0xff,0x71,0x24,0xd1,"ff c8 ff 71 24 d1 00 00"
2025-10-25 10:07:51,94.31,0xff,0xc8,0xff,0x71,0x24,0xd7,"ff c8 ff 71 24 d7 00 00"
2025-10-25 10:07:51,94.37,0xff,0xc8,0xff,0x71,0x24,0xdd,"ff c8 ff 71 24 dd 00 00"
2025-10-25 10:07:51,94.43,0xff,0xc8,0xff,0x71,0x24,0xe3,"ff c8 ff 71 24 e3 00 00"
2025-10-25 10:07:51,94.43,0xff,0xc8,0xff,0x71,0x24,0xe3,"ff c8 ff 71 24 e3 00 00"
2025-10-25 10:07:51,94.5,0xff,0xc8,0xff,0x71,0x24,0xea,"ff c8 ff 71 24 ea 00 00"
2025-10-25 10:07:51,94.5,0xff,0xc8,0xff,0x71,0x24,0xea,"ff c8 ff 71 24 ea 00 00"
2025-10-25 10:07:51,94.56,0xff,0xc8,0xff,0x71,0x24,0xf0,"ff c8 ff 71 24 f0 00 00"
2025-10-25 10:07:51,94.56,0xff,0xc8,0xff,0x71,0x24,0xf0,"ff c8 ff 71 24 f0 00 00"
2025-10-25 10:07:51,94.56,0xff,0xc8,0xff,0x71,0x24,0xf0,"ff c8 ff 71 24 f0 00 00"
2025-10-25 10:07:51,94.62,0xff,0xc8,0xff,0x71,0x24,0xf6,"ff c8 ff 71 24 f6 00 00"
2025-10-25 10:07:51,94.62,0xff,0xc8,0xff,0x71,0x24,0xf6,"ff c8 ff 71 24 f6 00 00"
2025-10-25 10:07:51,94.62,0xff,0xc8,0xff,0x71,0x24,0xf6,"ff c8 ff 71 24 f6 00 00"
2025-10-25 10:07:51,94.56,0xff,0xc8,0xff,0x71,0x24,0xf0,"ff c8 ff 71 24 f0 00 00"
2025-10-25 10:07:51,94.56,0xff,0xc8,0xff,0x71,0x24,0xf0,"ff c8 ff 71 24 f0 00 00"
2025-10-25 10:07:51,94.56,0xff,0xc8,0xff,0x71,0x24,0xf0,"ff c8 ff 71 24 f0 00 00"
2025-10-25 10:07:51,94.5,0xff,0xc8,0xff,0x71,0x24,0xea,"ff c8 ff 71 24 ea 00 00"
2025-10-25 10:07:51,94.43,0xff,0xc8,0xff,0x71,0x24,0xe3,"ff c8 ff 71 24 e3 00 00"
2025-10-25 10:07:51,94.37,0xff,0xc8,0xff,0x71,0x24,0xdd,"ff c8 ff 71 24 dd 00 00"
2025-10-25 10:07:51,94.31,0xff,0xc8,0xff,0x71,0x24,0xd7,"ff c8 ff 71 24 d7 00 00"
2025-10-25 10:07:51,94.25,0xff,0xc8,0xff,0x71,0x24,0xd1,"ff c8 ff 71 24 d1 00 00"
2025-10-25 10:07:51,94.18,0xff,0xc8,0xff,0x71,0x24,0xca,"ff c8 ff 71 24 ca 00 00"
2025-10-25 10:07:51,94.12,0xff,0xc8,0xff,0x71,0x24,0xc4,"ff c8 ff 71 24 c4 00 00"
2025-10-25 10:07:51,94,0xff,0xc8,0xff,0x71,0x24,0xb8,"ff c8 ff 71 24 b8 00 00"
2025-10-25 10:07:51,93.93,0xff,0xc8,0xff,0x71,0x24,0xb1,"ff c8 ff 71 24 b1 00 00"
2025-10-25 10:07:51,93.81,0xff,0xc8,0xff,0x71,0x24,0xa5,"ff c8 ff 71 24 a5 00 00"
2025-10-25 10:07:51,93.68,0xff,0xc8,0xff,0x71,0x24,0x98,"ff c8 ff 71 24 98 00 00"
2025-10-25 10:07:51,93.5,0xff,0xc8,0xff,0x71,0x24,0x86,"ff c8 ff 71 24 86 00 00"
2025-10-25 10:07:51,93.31,0xff,0xc8,0xff,0x71,0x24,0x73,"ff c8 ff 71 24 73 00 00"
2025-10-25 10:07:51,93.18,0xff,0xc8,0xff,0x71,0x24,0x66,"ff c8 ff 71 24 66 00 00"
2025-10-25 10:07:51,93.06,0xff,0xc8,0xff,0x71,0x24,0x5a,"ff c8 ff 71 24 5a 00 00"
2025-10-25 10:07:51,92.93,0xff,0xc2,0xff,0x71,0x24,0x4d,"ff c2 ff 71 24 4d 00 00"
2025-10-25 10:07:51,92.75,0xff,0xc2,0xff,0x71,0x24,0x3b,"ff c2 ff 71 24 3b 00 00"
2025-10-25 10:07:52,92.62,0xff,0xc2,0xff,0x71,0x24,0x2e,"ff c2 ff 71 24 2e 00 00"
2025-10-25 10:07:52,92.43,0xff,0xc2,0xff,0x71,0x24,0x1b,"ff c2 ff 71 24 1b 00 00"
2025-10-25 10:07:52,92.31,0xff,0xc2,0xff,0x71,0x24,0x0f,"ff c2 ff 71 24 0f 00 00"
2025-10-25 10:07:52,92.18,0xff,0xc2,0xff,0x71,0x24,0x02,"ff c2 ff 71 24 02 00 00"
2025-10-25 10:07:52,91.93,0xff,0xc2,0xff,0x71,0x23,0xe9,"ff c2 ff 71 23 e9 00 00"
2025-10-25 10:07:52,91.81,0xff,0xc2,0xff,0x71,0x23,0xdd,"ff c2 ff 71 23 dd 00 00"
2025-10-25 10:07:52,91.68,0xff,0xc2,0xff,0x71,0x23,0xd0,"ff c2 ff 71 23 d0 00 00"
2025-10-25 10:07:52,91.5,0xff,0xc2,0xff,0x77,0x23,0xbe,"ff c2 ff 77 23 be 00 00"
2025-10-25 10:07:52,91.37,0xff,0xc2,0xff,0x77,0x23,0xb1,"ff c2 ff 77 23 b1 00 00"
2025-10-25 10:07:52,91.25,0xff,0xc2,0xff,0x77,0x23,0xa5,"ff c2 ff 77 23 a5 00 00"
2025-10-25 10:07:52,91.12,0xff,0xc2,0xff,0x77,0x23,0x98,"ff c2 ff 77 23 98 00 00"
2025-10-25 10:07:52,90.93,0xff,0xc2,0xff,0x77,0x23,0x85,"ff c2 ff 77 23 85 00 00"
2025-10-25 10:07:52,90.81,0xff,0xc2,0xff,0x77,0x23,0x79,"ff c2 ff 77 23 79 00 00"
2025-10-25 10:07:52,90.68,0xff,0xc2,0xff,0x77,0x23,0x6c,"ff c2 ff 77 23 6c 00 00"
2025-10-25 10:07:52,90.56,0xff,0xc2,0xff,0x77,0x23,0x60,"ff c2 ff 77 23 60 00 00"
2025-10-25 10:07:52,90.43,0xff,0xbc,0xff,0x77,0x23,0x53,"ff bc ff 77 23 53 00 00"
2025-10-25 10:07:52,90.31,0xff,0xbc,0xff,0x77,0x23,0x47,"ff bc ff 77 23 47 00 00"
2025-10-25 10:07:52,90.18,0xff,0xbc,0xff,0x77,0x23,0x3a,"ff bc ff 77 23 3a 00 00"
2025-10-25 10:07:52,90.06,0xff,0xbc,0xff,0x77,0x23,0x2e,"ff bc ff 77 23 2e 00 00"
2025-10-25 10:07:52,89.87,0xff,0xbc,0xff,0x77,0x23,0x1b,"ff bc ff 77 23 1b 00 00"
2025-10-25 10:07:52,89.75,0xff,0xbc,0xff,0x77,0x23,0x0f,"ff bc ff 77 23 0f 00 00"
2025-10-25 10:07:52,89.62,0xff,0xbc,0xff,0x77,0x23,0x02,"ff bc ff 77 23 02 00 00"
2025-10-25 10:07:52,89.5,0xff,0xbc,0xff,0x77,0x22,0xf6,"ff bc ff 77 22 f6 00 00"
2025-10-25 10:07:52,89.37,0xff,0xbc,0xff,0x77,0x22,0xe9,"ff bc ff 77 22 e9 00 00"
2025-10-25 10:07:52,89.31,0xff,0xbc,0xff,0x7d,0x22,0xe3,"ff bc ff 7d 22 e3 00 00"
2025-10-25 10:07:52,89.18,0xff,0xbc,0xff,0x7d,0x22,0xd6,"ff bc ff 7d 22 d6 00 00"
2025-10-25 10:07:52,89.06,0xff,0xb5,0xff,0x7d,0x22,0xca,"ff b5 ff 7d 22 ca 00 00"
2025-10-25 10:07:52,89,0xff,0xbc,0xff,0x7d,0x22,0xc4,"ff bc ff 7d 22 c4 00 00"
2025-10-25 10:07:52,88.87,0xff,0xbc,0xff,0x77,0x22,0xb7,"ff bc ff 77 22 b7 00 00"
2025-10-25 10:07:52,88.81,0xff,0xbc,0xff,0x77,0x22,0xb1,"ff bc ff 77 22 b1 00 00"
2025-10-25 10:07:52,88.81,0xff,0xbc,0xff,0x77,0x22,0xb1,"ff bc ff 77 22 b1 00 00"
2025-10-25 10:07:52,88.75,0xff,0xbc,0xff,0x77,0x22,0xab,"ff bc ff 77 22 ab 00 00"
2025-10-25 10:07:52,88.68,0xff,0xbc,0xff,0x77,0x22,0xa4,"ff bc ff 77 22 a4 00 00"
2025-10-25 10:07:52,88.68,0xff,0xbc,0xff,0x77,0x22,0xa4,"ff bc ff 77 22 a4 00 00"
2025-10-25 10:07:53,88.68,0xff,0xbc,0xff,0x77,0x22,0xa4,"ff bc ff 77 22 a4 00 00"
2025-10-25 10:07:53,88.68,0xff,0xbc,0xff,0x77,0x22,0xa4,"ff bc ff 77 22 a4 00 00"
2025-10-25 10:07:53,88.68,0xff,0xbc,0xff,0x77,0x22,0xa4,"ff bc ff 77 22 a4 00 00"
2025-10-25 10:07:53,88.75,0xff,0xbc,0xff,0x77,0x22,0xab,"ff bc ff 77 22 ab 00 00"
2025-10-25 10:07:53,88.75,0xff,0xbc,0xff,0x71,0x22,0xab,"ff bc ff 71 22 ab 00 00"
2025-10-25 10:07:53,88.81,0xff,0xbc,0xff,0x71,0x22,0xb1,"ff bc ff 71 22 b1 00 00"
2025-10-25 10:07:53,88.87,0xff,0xbc,0xff,0x71,0x22,0xb7,"ff bc ff 71 22 b7 00 00"
2025-10-25 10:07:53,88.93,0xff,0xbc,0xff,0x71,0x22,0xbd,"ff bc ff 71 22 bd 00 00"
2025-10-25 10:07:53,89,0xff,0xbc,0xff,0x71,0x22,0xc4,"ff bc ff 71 22 c4 00 00"
2025-10-25 10:07:53,89.12,0xff,0xbc,0xff,0x71,0x22,0xd0,"ff bc ff 71 22 d0 00 00"
2025-10-25 10:07:53,89.25,0xff,0xbc,0xff,0x71,0x22,0xdd,"ff bc ff 71 22 dd 00 00"
2025-10-25 10:07:53,89.31,0xff,0xbc,0xff,0x71,0x22,0xe3,"ff bc ff 71 22 e3 00 00"
2025-10-25 10:07:53,89.43,0xff,0xc2,0xff,0x71,0x22,0xef,"ff c2 ff 71 22 ef 00 00"
2025-10-25 10:07:53,89.56,0xff,0xc2,0xff,0x71,0x22,0xfc,"ff c2 ff 71 22 fc 00 00"
2025-10-25 10:07:53,89.68,0xff,0xc2,0xff,0x71,0x23,0x08,"ff c2 ff 71 23 08 00 00"
2025-10-25 10:07:53,89.81,0xff,0xc2,0xff,0x71,0x23,0x15,"ff c2 ff 71 23 15 00 00"
2025-10-25 10:07:53,89.87,0xff,0xc2,0xff,0x71,0x23,0x1b,"ff c2 ff 71 23 1b 00 00"
2025-10-25 10:07:53,90,0xff,0xc2,0xff,0x71,0x23,0x28,"ff c2 ff 71 23 28 00 00"
2025-10-25 10:07:53,90.06,0xff,0xc2,0xff,0x71,0x23,0x2e,"ff c2 ff 71 23 2e 00 00"
2025-10-25 10:07:53,90.18,0xff,0xc2,0xff,0x71,0x23,0x3a,"ff c2 ff 71 23 3a 00 00"
2025-10-25 10:07:53,90.31,0xff,0xc2,0xff,0x71,0x23,0x47,"ff c2 ff 71 23 47 00 00"
2025-10-25 10:07:53,90.43,0xff,0xc2,0xff,0x71,0x23,0x53,"ff c2 ff 71 23 53 00 00"
2025-10-25 10:07:53,90.56,0xff,0xc2,0xff,0x71,0x23,0x60,"ff c2 ff 71 23 60 00 00"
2025-10-25 10:07:53,90.68,0xff,0xc2,0xff,0x71,0x23,0x6c,"ff c2 ff 71 23 6c 00 00"
2025-10-25 10:07:53,90.81,0xff,0xc2,0xff,0x71,0x23,0x79,"ff c2 ff 71 23 79 00 00"
2025-10-25 10:07:53,90.87,0xff,0xc2,0xff,0x71,0x23,0x7f,"ff c2 ff 71 23 7f 00 00"
2025-10-25 10:07:53,91,0xff,0xc2,0xff,0x71,0x23,0x8c,"ff c2 ff 71 23 8c 00 00"
2025-10-25 10:07:53,91.18,0xff,0xc2,0xff,0x71,0x23,0x9e,"ff c2 ff 71 23 9e 00 00"
2025-10-25 10:07:53,91.37,0xff,0xc2,0xff,0x71,0x23,0xb1,"ff c2 ff 71 23 b1 00 00"
2025-10-25 10:07:53,91.5,0xff,0xc2,0xff,0x71,0x23,0xbe,"ff c2 ff 71 23 be 00 00"
2025-10-25 10:07:53,91.56,0xff,0xc2,0xff,0x71,0x23,0xc4,"ff c2 ff 71 23 c4 00 00"
2025-10-25 10:07:53,91.75,0xff,0xc2,0xff,0x71,0x23,0xd7,"ff c2 ff 71 23 d7 00 00"
2025-10-25 10:07:53,91.87,0xff,0xc8,0xff,0x71,0x23,0xe3,"ff c8 ff 71 23 e3 00 00"
2025-10-25 10:07:53,92,0xff,0xc8,0xff,0x71,0x23,0xf0,"ff c8 ff 71 23 f0 00 00"
2025-10-25 10:07:53,92.12,0xff,0xc8,0xff,0x71,0x23,0xfc,"ff c8 ff 71 23 fc 00 00"
2025-10-25 10:07:54,92.25,0xff,0xc8,0xff,0x71,0x24,0x09,"ff c8 ff 71 24 09 00 00"
2025-10-25 10:07:54,92.31,0xff,0xc8,0xff,0x71,0x24,0x0f,"ff c8 ff 71 24 0f 00 00"
2025-10-25 10:07:54,92.43,0xff,0xc8,0xff,0x71,0x24,0x1b,"ff c8 ff 71 24 1b 00 00"
2025-10-25 10:07:54,92.56,0xff,0xc8,0xff,0x71,0x24,0x28,"ff c8 ff 71 24 28 00 00"
2025-10-25 10:07:54,92.62,0xff,0xc8,0xff,0x71,0x24,0x2e,"ff c8 ff 71 24 2e 00 00"
2025-10-25 10:07:54,92.75,0xff,0xc8,0xff,0x71,0x24,0x3b,"ff c8 ff 71 24 3b 00 00"
2025-10-25 10:07:54,92.87,0xff,0xc8,0xff,0x71,0x24,0x47,"ff c8 ff 71 24 47 00 00"
2025-10-25 10:07:54,93,0xff,0xc8,0xff,0x71,0x24,0x54,"ff c8 ff 71 24 54 00 00"
2025-10-25 10:07:54,93.12,0xff,0xc8,0xff,0x71,0x24,0x60,"ff c8 ff 71 24 60 00 00"
2025-10-25 10:07:54,93.18,0xff,0xc8,0xff,0x71,0x24,0x66,"ff c8 ff 71 24 66 00 00"
2025-10-25 10:07:54,93.31,0xff,0xc8,0xff,0x71,0x24,0x73,"ff c8 ff 71 24 73 00 00"
2025-10-25 10:07:54,93.37,0xff,0xc8,0xff,0x71,0x24,0x79,"ff c8 ff 71 24 79 00 00"
2025-10-25 10:07:54,93.43,0xff,0xc8,0xff,0x71,0x24,0x7f,"ff c8 ff 71 24 7f 00 00"
2025-10-25 10:07:54,93.56,0xff,0xc8,0xff,0x71,0x24,0x8c,"ff c8 ff 71 24 8c 00 00"
2025-10-25 10:07:54,93.62,0xff,0xc8,0xff,0x71,0x24,0x92,"ff c8 ff 71 24 92 00 00"
2025-10-25 10:07:54,93.75,0xff,0xc8,0xff,0x71,0x24,0x9f,"ff c8 ff 71 24 9f 00 00"
2025-10-25 10:07:54,93.81,0xff,0xc8,0xff,0x71,0x24,0xa5,"ff c8 ff 71 24 a5 00 00"
2025-10-25 10:07:54,93.87,0xff,0xc8,0xff,0x71,0x24,0xab,"ff c8 ff 71 24 ab 00 00"
2025-10-25 10:07:54,94,0xff,0xc8,0xff,0x71,0x24,0xb8,"ff c8 ff 71 24 b8 00 00"
2025-10-25 10:07:54,94.06,0xff,0xc8,0xff,0x71,0x24,0xbe,"ff c8 ff 71 24 be 00 00"
2025-10-25 10:07:54,94.12,0xff,0xc8,0xff,0x71,0x24,0xc4,"ff c8 ff 71 24 c4 00 00"
2025-10-25 10:07:54,94.25,0xff,0xce,0xff,0x71,0x24,0xd1,"ff ce ff 71 24 d1 00 00"
2025-10-25 10:07:54,94.31,0xff,0xce,0xff,0x71,0x24,0xd7,"ff ce ff 71 24 d7 00 00"
2025-10-25 10:07:54,94.37,0xff,0xce,0xff,0x71,0x24,0xdd,"ff ce ff 71 24 dd 00 00"
2025-10-25 10:07:54,94.43,0xff,0xce,0xff,0x71,0x24,0xe3,"ff ce ff 71 24 e3 00 00"
2025-10-25 10:07:54,94.5,0xff,0xce,0xff,0x71,0x24,0xea,"ff ce ff 71 24 ea 00 00"
2025-10-25 10:07:54,94.56,0xff,0xce,0xff,0x6a,0x24,0xf0,"ff ce ff 6a 24 f0 00 00"
2025-10-25 10:07:54,94.62,0xff,0xce,0xff,0x6a,0x24,0xf6,"ff ce ff 6a 24 f6 00 00"
2025-10-25 10:07:54,94.68,0xff,0xce,0xff,0x6a,0x24,0xfc,"ff ce ff 6a 24 fc 00 00"
2025-10-25 10:07:54,94.75,0xff,0xce,0xff,0x6a,0x25,0x03,"ff ce ff 6a 25 03 00 00"
2025-10-25 10:07:54,94.81,0xff,0xce,0xff,0x6a,0x25,0x09,"ff ce ff 6a 25 09 00 00"
2025-10-25 10:07:54,94.87,0xff,0xce,0xff,0x6a,0x25,0x0f,"ff ce ff 6a 25 0f 00 00"
2025-10-25 10:07:54,95,0xff,0xce,0xff,0x6a,0x25,0x1c,"ff ce ff 6a 25 1c 00 00"
2025-10-25 10:07:54,95.06,0xff,0xce,0xff,0x6a,0x25,0x22,"ff ce ff 6a 25 22 00 00"
2025-10-25 10:07:55,95.06,0xff,0xce,0xff,0x6a,0x25,0x22,"ff ce ff 6a 25 22 00 00"
2025-10-25 10:07:55,95.12,0xff,0xce,0xff,0x6a,0x25,0x28,"ff ce ff 6a 25 28 00 00"
2025-10-25 10:07:55,95.18,0xff,0xce,0xff,0x6a,0x25,0x2e,"ff ce ff 6a 25 2e 00 00"
2025-10-25 10:07:55,95.25,0xff,0xce,0xff,0x6a,0x25,0x35,"ff ce ff 6a 25 35 00 00"
2025-10-25 10:07:55,95.31,0xff,0xce,0xff,0x6a,0x25,0x3b,"ff ce ff 6a 25 3b 00 00"
2025-10-25 10:07:55,95.31,0xff,0xce,0xff,0x6a,0x25,0x3b,"ff ce ff 6a 25 3b 00 00"
2025-10-25 10:07:55,95.37,0xff,0xce,0xff,0x6a,0x25,0x41,"ff ce ff 6a 25 41 00 00"
2025-10-25 10:07:55,95.37,0xff,0xce,0xff,0x6a,0x25,0x41,"ff ce ff 6a 25 41 00 00"
2025-10-25 10:07:55,95.43,0xff,0xce,0xff,0x6a,0x25,0x47,"ff ce ff 6a 25 47 00 00"
2025-10-25 10:07:55,95.43,0xff,0xce,0xff,0x6a,0x25,0x47,"ff ce ff 6a 25 47 00 00"
2025-10-25 10:07:55,95.5,0xff,0xce,0xff,0x6a,0x25,0x4e,"ff ce ff 6a 25 4e 00 00"
2025-10-25 10:07:55,95.5,0xff,0xce,0xff,0x6a,0x25,0x4e,"ff ce ff 6a 25 4e 00 00"
2025-10-25 10:07:55,95.5,0xff,0xce,0xff,0x6a,0x25,0x4e,"ff ce ff 6a 25 4e 00 00"
2025-10-25 10:07:55,95.5,0xff,0xce,0xff,0x6a,0x25,0x4e,"ff ce ff 6a 25 4e 00 00"
2025-10-25 10:07:55,95.56,0xff,0xce,0xff,0x6a,0x25,0x54,"ff ce ff 6a 25 54 00 00"
2025-10-25 10:07:55,95.56,0xff,0xce,0xff,0x6a,0x25,0x54,"ff ce ff 6a 25 54 00 00"
2025-10-25 10:07:55,95.62,0xff,0xce,0xff,0x6a,0x25,0x5a,"ff ce ff 6a 25 5a 00 00"
2025-10-25 10:07:55,95.62,0xff,0xce,0xff,0x6a,0x25,0x5a,"ff ce ff 6a 25 5a 00 00"
2025-10-25 10:07:55,95.62,0xff,0xce,0xff,0x6a,0x25,0x5a,"ff ce ff 6a 25 5a 00 00"
2025-10-25 10:07:55,95.68,0xff,0xce,0xff,0x6a,0x25,0x60,"ff ce ff 6a 25 60 00 00"
2025-10-25 10:07:55,95.68,0xff,0xce,0xff,0x6a,0x25,0x60,"ff ce ff 6a 25 60 00 00"
2025-10-25 10:07:55,95.75,0xff,0xce,0xff,0x6a,0x25,0x67,"ff ce ff 6a 25 67 00 00"
2025-10-25 10:07:55,95.75,0xff,0xce,0xff,0x6a,0x25,0x67,"ff ce ff 6a 25 67 00 00"
2025-10-25 10:07:55,95.75,0xff,0xce,0xff,0x6a,0x25,0x67,"ff ce ff 6a 25 67 00 00"
2025-10-25 10:07:55,95.75,0xff,0xce,0xff,0x6a,0x25,0x67,"ff ce ff 6a 25 67 00 00"
2025-10-25 10:07:55,95.75,0xff,0xce,0xff,0x6a,0x25,0x67,"ff ce ff 6a 25 67 00 00"
2025-10-25 10:07:55,95.75,0xff,0xce,0xff,0x6a,0x25,0x67,"ff ce ff 6a 25 67 00 00"
2025-10-25 10:07:55,95.75,0xff,0xce,0xff,0x6a,0x25,0x67,"ff ce ff 6a 25 67 00 00"
2025-10-25 10:07:55,95.75,0xff,0xce,0xff,0x6a,0x25,0x67,"ff ce ff 6a 25 67 00 00"
2025-10-25 10:07:55,95.75,0xff,0xce,0xff,0x6a,0x25,0x67,"ff ce ff 6a 25 67 00 00"
2025-10-25 10:07:55,95.75,0xff,0xce,0xff,0x6a,0x25,0x67,"ff ce ff 6a 25 67 00 00"
2025-10-25 10:07:55,95.75,0xff,0xce,0xff,0x6a,0x25,0x67,"ff ce ff 6a 25 67 00 00"
2025-10-25 10:07:55,95.75,0xff,0xce,0xff,0x6a,0x25,0x67,"ff ce ff 6a 25 67 00 00"
2025-10-25 10:07:55,95.75,0xff,0xce,0xff,0x6a,0x25,0x67,"ff ce ff 6a 25 67 00 00"
2025-10-25 10:07:56,95.75,0xff,0xce,0xff,0x6a,0x25,0x67,"ff ce ff 6a 25 67 00 00"
2025-10-25 10:07:56,95.75,0xff,0xce,0xff,0x6a,0x25,0x67,"ff ce ff 6a 25 67 00 00"
2025-10-25 10:07:56,95.68,0xff,0xce,0xff,0x6a,0x25,0x60,"ff ce ff 6a 25 60 00 00"
2025-10-25 10:07:56,95.62,0xff,0xce,0xff,0x6a,0x25,0x5a,"ff ce ff 6a 25 5a 00 00"
2025-10-25 10:07:56,95.56,0xff,0xce,0xff,0x6a,0x25,0x54,"ff ce ff 6a 25 54 00 00"
2025-10-25 10:07:56,95.5,0xff,0xce,0xff,0x6a,0x25,0x4e,"ff ce ff 6a 25 4e 00 00"
2025-10-25 10:07:56,95.43,0xff,0xce,0xff,0x6a,0x25,0x47,"ff ce ff 6a 25 47 00 00"
2025-10-25 10:07:56,95.37,0xff,0xce,0xff,0x71,0x25,0x41,"ff ce ff 71 25 41 00 00"
2025-10-25 10:07:56,95.25,0xff,0xce,0xff,0x71,0x25,0x35,"ff ce ff 71 25 35 00 00"
2025-10-25 10:07:56,95.12,0xff,0xce,0xff,0x77,0x25,0x28,"ff ce ff 77 25 28 00 00"
2025-10-25 10:07:56,94.87,0xff,0xce,0xff,0x77,0x25,0x0f,"ff ce ff 77 25 0f 00 00"
2025-10-25 10:07:56,94.75,0xff,0xce,0xff,0x77,0x25,0x03,"ff ce ff 77 25 03 00 00"
2025-10-25 10:07:56,94.56,0xff,0xc8,0xff,0x77,0x24,0xf0,"ff c8 ff 77 24 f0 00 00"
2025-10-25 10:07:56,94.37,0xff,0xc8,0xff,0x77,0x24,0xdd,"ff c8 ff 77 24 dd 00 00"
2025-10-25 10:07:56,94.18,0xff,0xc8,0xff,0x77,0x24,0xca,"ff c8 ff 77 24 ca 00 00"
2025-10-25 10:07:56,94,0xff,0xc2,0xff,0x77,0x24,0xb8,"ff c2 ff 77 24 b8 00 00"
2025-10-25 10:07:56,93.81,0xff,0xc2,0xff,0x77,0x24,0xa5,"ff c2 ff 77 24 a5 00 00"
2025-10-25 10:07:56,93.68,0xff,0xc2,0xff,0x77,0x24,0x98,"ff c2 ff 77 24 98 00 00"
2025-10-25 10:07:56,93.56,0xff,0xc8,0xff,0x77,0x24,0x8c,"ff c8 ff 77 24 8c 00 00"
2025-10-25 10:07:56,93.37,0xff,0xc8,0xff,0x77,0x24,0x79,"ff c8 ff 77 24 79 00 00"
2025-10-25 10:07:56,93.18,0xff,0xc8,0xff,0x77,0x24,0x66,"ff c8 ff 77 24 66 00 00"
2025-10-25 10:07:56,93,0xff,0xc8,0xff,0x77,0x24,0x54,"ff c8 ff 77 24 54 00 00"
2025-10-25 10:07:56,92.81,0xff,0xc8,0xff,0x77,0x24,0x41,"ff c8 ff 77 24 41 00 00"
2025-10-25 10:07:56,92.68,0xff,0xc8,0xff,0x77,0x24,0x34,"ff c8 ff 77 24 34 00 00"
2025-10-25 10:07:56,92.56,0xff,0xc2,0xff,0x77,0x24,0x28,"ff c2 ff 77 24 28 00 00"
2025-10-25 10:07:56,92.31,0xff,0xc2,0xff,0x77,0x24,0x0f,"ff c2 ff 77 24 0f 00 00"
2025-10-25 10:07:56,92.12,0xff,0xc2,0xff,0x77,0x23,0xfc,"ff c2 ff 77 23 fc 00 00"
2025-10-25 10:07:56,91.93,0xff,0xc2,0xff,0x7d,0x23,0xe9,"ff c2 ff 7d 23 e9 00 00"
2025-10-25 10:07:56,91.81,0xff,0xc2,0xff,0x7d,0x23,0xdd,"ff c2 ff 7d 23 dd 00 00"
2025-10-25 10:07:56,91.62,0xff,0xc2,0xff,0x7d,0x23,0xca,"ff c2 ff 7d 23 ca 00 00"
2025-10-25 10:07:56,91.43,0xff,0xc2,0xff,0x7d,0x23,0xb7,"ff c2 ff 7d 23 b7 00 00"
2025-10-25 10:07:56,91.25,0xff,0xc2,0xff,0x7d,0x23,0xa5,"ff c2 ff 7d 23 a5 00 00"
2025-10-25 10:07:56,91,0xff,0xc2,0xff,0x7d,0x23,0x8c,"ff c2 ff 7d 23 8c 00 00"
2025-10-25 10:07:56,90.75,0xff,0xc2,0xff,0x7d,0x23,0x73,"ff c2 ff 7d 23 73 00 00"
2025-10-25 10:07:57,90.62,0xff,0xc2,0xff,0x7d,0x23,0x66,"ff c2 ff 7d 23 66 00 00"
2025-10-25 10:07:57,90.37,0xff,0xc2,0xff,0x7d,0x23,0x4d,"ff c2 ff 7d 23 4d 00 00"
2025-10-25 10:07:57,90.18,0xff,0xbc,0xff,0x7d,0x23,0x3a,"ff bc ff 7d 23 3a 00 00"
2025-10-25 10:07:57,89.93,0xff,0xbc,0xff,0x7d,0x23,0x21,"ff bc ff 7d 23 21 00 00"
2025-10-25 10:07:57,89.75,0xff,0xbc,0xff,0x7d,0x23,0x0f,"ff bc ff 7d 23 0f 00 00"
2025-10-25 10:07:57,89.5,0xff,0xbc,0xff,0x7d,0x22,0xf6,"ff bc ff 7d 22 f6 00 00"
2025-10-25 10:07:57,89.25,0xff,0xbc,0xff,0x7d,0x22,0xdd,"ff bc ff 7d 22 dd 00 00"
2025-10-25 10:07:57,89.06,0xff,0xbc,0xff,0x7d,0x22,0xca,"ff bc ff 7d 22 ca 00 00"
2025-10-25 10:07:57,88.81,0xff,0xbc,0xff,0x7d,0x22,0xb1,"ff bc ff 7d 22 b1 00 00"
2025-10-25 10:07:57,88.68,0xff,0xbc,0xff,0x7d,0x22,0xa4,"ff bc ff 7d 22 a4 00 00"
2025-10-25 10:07:57,88.43,0xff,0xbc,0xff,0x7d,0x22,0x8b,"ff bc ff 7d 22 8b 00 00"
2025-10-25 10:07:57,88.25,0xff,0xbc,0xff,0x7d,0x22,0x79,"ff bc ff 7d 22 79 00 00"
2025-10-25 10:07:57,88.06,0xff,0xbc,0xff,0x7d,0x22,0x66,"ff bc ff 7d 22 66 00 00"
2025-10-25 10:07:57,87.87,0xff,0xbc,0xff,0x83,0x22,0x53,"ff bc ff 83 22 53 00 00"
2025-10-25 10:07:57,87.62,0xff,0xbc,0xff,0x83,0x22,0x3a,"ff bc ff 83 22 3a 00 00"
2025-10-25 10:07:57,87.5,0xff,0xbc,0xff,0x83,0x22,0x2e,"ff bc ff 83 22 2e 00 00"
2025-10-25 10:07:57,87.31,0xff,0xbc,0xff,0x83,0x22,0x1b,"ff bc ff 83 22 1b 00 00"
2025-10-25 10:07:57,87.12,0xff,0xbc,0xff,0x83,0x22,0x08,"ff bc ff 83 22 08 00 00"
2025-10-25 10:07:57,86.93,0xff,0xbc,0xff,0x83,0x21,0xf5,"ff bc ff 83 21 f5 00 00"
2025-10-25 10:07:57,86.75,0xff,0xbc,0xff,0x83,0x21,0xe3,"ff bc ff 83 21 e3 00 00"
2025-10-25 10:07:57,86.5,0xff,0xbc,0xff,0x83,0x21,0xca,"ff bc ff 83 21 ca 00 00"
2025-10-25 10:07:57,86.37,0xff,0xbc,0xff,0x83,0x21,0xbd,"ff bc ff 83 21 bd 00 00"
2025-10-25 10:07:57,86.18,0xff,0xbc,0xff,0x83,0x21,0xaa,"ff bc ff 83 21 aa 00 00"
2025-10-25 10:07:57,86,0xff,0xb5,0xff,0x83,0x21,0x98,"ff b5 ff 83 21 98 00 00"
2025-10-25 10:07:57,85.81,0xff,0xb5,0xff,0x83,0x21,0x85,"ff b5 ff 83 21 85 00 00"
2025-10-25 10:07:57,85.68,0xff,0xb5,0xff,0x83,0x21,0x78,"ff b5 ff 83 21 78 00 00"
2025-10-25 10:07:57,85.5,0xff,0xb5,0xff,0x83,0x21,0x66,"ff b5 ff 83 21 66 00 00"
2025-10-25 10:07:57,85.37,0xff,0xb5,0xff,0x83,0x21,0x59,"ff b5 ff 83 21 59 00 00"
2025-10-25 10:07:57,85.25,0xff,0xb5,0xff,0x83,0x21,0x4d,"ff b5 ff 83 21 4d 00 00"
2025-10-25 10:07:57,85.12,0xff,0xb5,0xff,0x83,0x21,0x40,"ff b5 ff 83 21 40 00 00"
2025-10-25 10:07:57,84.93,0xff,0xb5,0xff,0x83,0x21,0x2d,"ff b5 ff 83 21 2d 00 00"
2025-10-25 10:07:57,84.81,0xff,0xb5,0xff,0x83,0x21,0x21,"ff b5 ff 83 21 21 00 00"
2025-10-25 10:07:57,84.68,0xff,0xb5,0xff,0x83,0x21,0x14,"ff b5 ff 83 21 14 00 00"
2025-10-25 10:07:57,84.56,0xff,0xb5,0xff,0x83,0x21,0x08,"ff b5 ff 83 21 08 00 00"
2025-10-25 10:07:57,84.43,0xff,0xb5,0xff,0x83,0x20,0xfb,"ff b5 ff 83 20 fb 00 00"
2025-10-25 10:07:58,84.18,0xff,0xb5,0xff,0x83,0x20,0xe2,"ff b5 ff 83 20 e2 00 00"
2025-10-25 10:07:58,84.06,0xff,0xb5,0xff,0x83,0x20,0xd6,"ff b5 ff 83 20 d6 00 00"
2025-10-25 10:07:58,83.87,0xff,0xb5,0xff,0x83,0x20,0xc3,"ff b5 ff 83 20 c3 00 00"
2025-10-25 10:07:58,83.75,0xff,0xb5,0xff,0x83,0x20,0xb7,"ff b5 ff 83 20 b7 00 00"
2025-10-25 10:07:58,83.62,0xff,0xb5,0xff,0x83,0x20,0xaa,"ff b5 ff 83 20 aa 00 00"
2025-10-25 10:07:58,83.5,0xff,0xbc,0xff,0x83,0x20,0x9e,"ff bc ff 83 20 9e 00 00"
2025-10-25 10:07:58,83.31,0xff,0xb5,0xff,0x83,0x20,0x8b,"ff b5 ff 83 20 8b 00 00"
2025-10-25 10:07:58,83.18,0xff,0xb5,0xff,0x83,0x20,0x7e,"ff b5 ff 83 20 7e 00 00"
2025-10-25 10:07:58,83.06,0xff,0xb5,0xff,0x83,0x20,0x72,"ff b5 ff 83 20 72 00 00"
2025-10-25 10:07:58,82.93,0xff,0xb5,0xff,0x83,0x20,0x65,"ff b5 ff 83 20 65 00 00"
2025-10-25 10:07:58,82.81,0xff,0xb5,0xff,0x83,0x20,0x59,"ff b5 ff 83 20 59 00 00"
2025-10-25 10:07:58,82.68,0xff,0xaf,0xff,0x83,0x20,0x4c,"ff af ff 83 20 4c 00 00"
2025-10-25 10:07:58,82.56,0xff,0xaf,0xff,0x83,0x20,0x40,"ff af ff 83 20 40 00 00"
2025-10-25 10:07:58,82.43,0xff,0xaf,0xff,0x83,0x20,0x33,"ff af ff 83 20 33 00 00"
2025-10-25 10:07:58,82.25,0xff,0xb5,0xff,0x8a,0x20,0x21,"ff b5 ff 8a 20 21 00 00"
2025-10-25 10:07:58,82.12,0xff,0xb5,0xff,0x8a,0x20,0x14,"ff b5 ff 8a 20 14 00 00"
2025-10-25 10:07:58,81.93,0xff,0xb5,0xff,0x8a,0x20,0x01,"ff b5 ff 8a 20 01 00 00"
2025-10-25 10:07:58,81.81,0xff,0xb5,0xff,0x8a,0x1f,0xf5,"ff b5 ff 8a 1f f5 00 00"
2025-10-25 10:07:58,81.62,0xff,0xb5,0xff,0x8a,0x1f,0xe2,"ff b5 ff 8a 1f e2 00 00"
2025-10-25 10:07:58,81.43,0xff,0xb5,0xff,0x8a,0x1f,0xcf,"ff b5 ff 8a 1f cf 00 00"
2025-10-25 10:07:58,81.37,0xff,0xaf,0xff,0x8a,0x1f,0xc9,"ff af ff 8a 1f c9 00 00"
2025-10-25 10:07:58,81.18,0xff,0xaf,0xff,0x8a,0x1f,0xb6,"ff af ff 8a 1f b6 00 00"
2025-10-25 10:07:58,81.06,0xff,0xaf,0xff,0x8a,0x1f,0xaa,"ff af ff 8a 1f aa 00 00"
2025-10-25 10:07:58,80.87,0xff,0xaf,0xff,0x8a,0x1f,0x97,"ff af ff 8a 1f 97 00 00"
2025-10-25 10:07:58,80.75,0xff,0xaf,0xff,0x8a,0x1f,0x8b,"ff af ff 8a 1f 8b 00 00"
2025-10-25 10:07:58,80.56,0xff,0xaf,0xff,0x8a,0x1f,0x78,"ff af ff 8a 1f 78 00 00"
2025-10-25 10:07:58,80.43,0xff,0xaf,0xff,0x8a,0x1f,0x6b,"ff af ff 8a 1f 6b 00 00"
2025-10-25 10:07:58,80.31,0xff,0xaf,0xff,0x8a,0x1f,0x5f,"ff af ff 8a 1f 5f 00 00"
2025-10-25 10:07:58,80.12,0xff,0xaf,0xff,0x8a,0x1f,0x4c,"ff af ff 8a 1f 4c 00 00"
2025-10-25 10:07:58,79.93,0xff,0xaf,0xff,0x8a,0x1f,0x39,"ff af ff 8a 1f 39 00 00"
2025-10-25 10:07:58,79.75,0xff,0xaf,0xff,0x8a,0x1f,0x27,"ff af ff 8a 1f 27 00 00"
2025-10-25 10:07:58,79.62,0xff,0xaf,0xff,0x8a,0x1f,0x1a,"ff af ff 8a 1f 1a 00 00"
2025-10-25 10:07:58,79.5,0xff,0xaf,0xff,0x8a,0x1f,0x0e,"ff af ff 8a 1f 0e 00 00"
2025-10-25 10:07:58,79.31,0xff,0xaf,0xff,0x8a,0x1e,0xfb,"ff af ff 8a 1e fb 00 00"
2025-10-25 10:07:59,79.18,0xff,0xaf,0xff,0x8a,0x1e,0xee,"ff af ff 8a 1e ee 00 00"
2025-10-25 10:07:59,79,0xff,0xaf,0xff,0x8a,0x1e,0xdc,"ff af ff 8a 1e dc 00 00"
2025-10-25 10:07:59,78.87,0xff,0xaf,0xff,0x8a,0x1e,0xcf,"ff af ff 8a 1e cf 00 00"
2025-10-25 10:07:59,78.68,0xff,0xaf,0xff,0x8a,0x1e,0xbc,"ff af ff 8a 1e bc 00 00"
2025-10-25 10:07:59,78.5,0xff,0xaf,0xff,0x8a,0x1e,0xaa,"ff af ff 8a 1e aa 00 00"
2025-10-25 10:07:59,78.43,0xff,0xaf,0xff,0x8a,0x1e,0xa3,"ff af ff 8a 1e a3 00 00"
2025-10-25 10:07:59,78.25,0xff,0xaf,0xff,0x8a,0x1e,0x91,"ff af ff 8a 1e 91 00 00"
